ts,hour,total,census,l1,l2,l3,l4,l5,tri_coverage,arrivals,arrival_present_1h,waitBed,waitICU,D_board,resus,maxLOS_h,awt_curr_min,board_q1_min,board_q3_min,board_max_h,Na,cap_sum,cap_source,src_gap,acuity,OCCUPANCY,EDWIN,NEDOCS,READI,READI_BR,READI_PR,READI_AR,NEDOCS_t_total,NEDOCS_t_board,NEDOCS_t_resus,NEDOCS_t_longest_admit,NEDOCS_E_h
2021-08-01 00:00:00,0,11,11,1.0,4.0,5.0,1.0,0.0,1.0,3,3,5,0,5,0,11.467,203.0,194.0,216.0,9.167,3.0,6.38,roster,0,38.0,27.5,0.3619,12.96,2.5744,0.275,0.4702,3.4545,23.6,4.34,0.0,5.02,5.4
2021-08-01 01:00:00,1,14,14,2.0,4.0,7.0,1.0,0.0,1.0,4,4,5,0,5,0,12.467,263.0,254.0,276.0,10.167,3.0,6.38,roster,0,49.0,35.0,0.4667,20.79,3.4194,0.35,0.627,3.5,30.03,4.34,0.0,6.42,6.9
2021-08-01 02:00:00,2,11,11,2.0,4.0,4.0,1.0,0.0,1.0,3,2,5,1,6,1,13.467,318.5,279.0,336.0,11.167,3.0,6.38,roster,0,40.0,27.5,0.3922,30.02,2.1399,0.275,0.3135,3.6364,23.6,5.21,13.4,7.81,8.4
2021-08-01 03:00:00,3,12,12,1.0,3.0,6.0,2.0,0.0,1.0,3,3,6,0,6,0,14.467,378.5,339.0,396.0,12.167,3.0,6.38,roster,0,39.0,30.0,0.3824,20.16,2.5032,0.3,0.4702,3.25,25.74,5.21,0.0,9.21,9.9
2021-08-01 04:00:00,4,11,11,2.0,3.0,5.0,1.0,0.0,1.0,1,1,6,0,6,0,15.467,438.5,399.0,456.0,13.167,3.0,6.38,roster,0,39.0,27.5,0.3824,19.41,1.5307,0.275,0.1567,3.5455,23.6,5.21,0.0,10.6,11.4
2021-08-01 05:00:00,5,12,12,2.0,4.0,5.0,1.0,0.0,1.0,2,2,5,1,6,1,16.467,498.5,459.0,516.0,14.167,3.0,6.38,roster,0,43.0,30.0,0.4216,36.35,2.1983,0.3,0.3135,3.5833,25.74,5.21,13.4,12.0,12.9
2021-08-01 06:00:00,6,10,10,1.0,4.0,3.0,2.0,0.0,1.0,1,1,5,0,5,0,17.467,563.0,554.0,576.0,15.167,3.0,6.38,roster,0,34.0,25.0,0.3238,19.18,1.3829,0.25,0.1567,3.4,21.45,4.34,0.0,13.39,14.4
2021-08-01 07:00:00,7,14,14,1.0,4.0,8.0,1.0,0.0,1.0,6,6,5,0,5,0,18.467,623.0,614.0,636.0,16.167,3.0,6.38,roster,0,47.0,35.0,0.4476,29.16,4.3322,0.35,0.9404,3.3571,30.03,4.34,0.0,14.79,15.9
2021-08-01 08:00:00,8,16,16,0.0,4.0,11.0,1.0,0.0,1.0,6,6,6,0,6,0,19.467,678.5,639.0,696.0,17.167,3.0,6.78,roster,0,51.0,40.0,0.5,35.71,4.0958,0.4,0.885,3.1875,34.32,5.21,0.0,16.18,17.4
2021-08-01 09:00:00,9,13,13,0.0,4.0,9.0,0.0,0.0,1.0,3,3,4,0,4,0,20.467,439.0,144.0,756.0,12.6,3.0,6.78,roster,0,43.0,32.5,0.3981,28.94,2.5386,0.325,0.4425,3.3077,27.88,3.47,0.0,17.58,18.9
2021-08-01 10:00:00,10,24,24,0.0,4.0,19.0,1.0,0.0,1.0,15,14,6,0,6,0,21.467,116.5,76.0,204.0,13.6,4.0,10.12,roster,0,75.0,60.0,0.5515,41.43,6.1981,0.6,1.3834,3.125,51.48,5.21,0.0,4.74,5.1
2021-08-01 11:00:00,11,26,26,1.0,4.0,21.0,0.0,0.0,1.0,8,5,11,0,11,0,22.467,123.0,90.0,184.0,14.6,4.0,10.12,roster,0,84.0,65.0,0.7241,49.6,3.6962,0.65,0.4941,3.2308,55.77,9.55,0.0,4.28,4.6
2021-08-01 12:00:00,12,25,25,1.0,2.0,21.0,1.0,0.0,1.0,8,6,9,0,9,0,23.467,173.0,150.0,196.0,15.6,4.0,10.12,roster,0,78.0,62.5,0.629,46.0,3.7998,0.625,0.5929,3.12,53.62,7.81,0.0,4.56,4.9
2021-08-01 13:00:00,13,26,26,0.0,3.0,23.0,0.0,0.0,1.0,9,7,7,0,7,0,24.467,214.0,204.0,243.0,5.067,4.0,10.12,roster,0,81.0,65.0,0.6136,47.5,4.1799,0.65,0.6917,3.1154,55.77,6.08,0.0,5.65,6.075
2021-08-01 14:00:00,14,28,28,0.0,5.0,23.0,0.0,0.0,1.0,11,11,5,0,5,0,6.7,270.0,264.0,274.0,5.05,4.0,10.12,roster,0,89.0,70.0,0.6357,50.77,5.68,0.7,1.087,3.1786,60.06,4.34,0.0,6.37,6.85
2021-08-01 15:00:00,15,24,24,0.0,6.0,18.0,0.0,0.0,1.0,6,5,4,0,4,0,7.7,215.5,107.0,330.0,5.5,4.0,10.12,roster,0,78.0,60.0,0.5417,42.63,3.5557,0.6,0.4941,3.25,51.48,3.47,0.0,7.67,8.25
2021-08-01 16:00:00,16,21,21,0.0,5.0,16.0,0.0,0.0,1.0,5,5,3,0,3,0,6.5,167.0,158.0,390.0,6.5,4.0,10.12,roster,0,68.0,52.5,0.4595,36.72,3.2998,0.525,0.4941,3.2381,45.04,2.6,0.0,9.07,9.75
2021-08-01 17:00:00,17,17,17,0.0,3.0,14.0,0.0,0.0,1.0,4,4,3,0,3,0,7.5,227.0,218.0,450.0,7.5,4.0,10.12,roster,0,54.0,42.5,0.3649,29.53,2.6055,0.425,0.3953,3.1765,36.46,2.6,0.0,10.46,11.25
2021-08-01 18:00:00,18,20,20,1.0,4.0,15.0,0.0,0.0,1.0,7,7,3,0,3,0,8.5,287.0,278.0,510.0,8.5,4.0,10.12,roster,0,66.0,50.0,0.4459,37.36,3.9326,0.5,0.6917,3.3,42.9,2.6,0.0,11.86,12.75
2021-08-01 19:00:00,19,16,16,0.0,2.0,14.0,0.0,0.0,1.0,6,6,1,0,1,0,8.767,338.0,338.0,338.0,5.633,4.0,10.12,roster,0,50.0,40.0,0.3205,23.05,3.1028,0.4,0.5929,3.125,34.32,0.87,0.0,7.86,8.45
2021-08-01 20:00:00,20,19,19,0.0,4.0,14.0,1.0,0.0,1.0,12,12,1,1,2,1,7.233,254.0,110.0,398.0,6.633,4.0,11.4,roster,0,60.0,47.5,0.3947,45.15,4.8241,0.475,1.0526,3.1579,40.75,1.74,13.4,9.25,9.95
2021-08-01 21:00:00,21,22,22,0.0,5.0,16.0,1.0,0.0,1.0,11,10,3,1,4,1,8.233,90.5,68.0,170.0,2.833,4.0,11.4,roster,0,70.0,55.0,0.4861,48.02,4.5411,0.55,0.8772,3.1818,47.19,3.47,13.4,3.95,4.25
2021-08-01 22:00:00,22,21,21,0.0,4.0,17.0,0.0,0.0,1.0,9,6,6,1,7,1,8.133,117.0,98.0,128.0,3.833,3.0,8.06,roster,0,67.0,52.5,0.6768,47.5,4.05,0.525,0.7444,3.1905,45.04,6.08,13.4,2.98,3.2
2021-08-01 23:00:00,23,17,17,0.0,2.0,15.0,0.0,0.0,1.0,4,3,6,0,6,0,9.133,164.0,123.0,177.0,3.133,3.0,8.06,roster,0,53.0,42.5,0.5196,25.79,2.4854,0.425,0.3722,3.1176,36.46,5.21,0.0,4.12,4.425
2021-08-02 00:00:00,0,20,20,0.0,4.0,16.0,0.0,0.0,1.0,8,7,7,0,7,0,10.133,218.0,172.0,237.0,4.133,3.0,8.06,roster,0,64.0,50.0,0.6465,34.49,4.3792,0.5,0.8685,3.2,42.9,6.08,0.0,5.51,5.925
2021-08-02 01:00:00,1,24,24,0.0,4.0,20.0,0.0,0.0,1.0,7,7,8,1,9,1,11.133,243.0,146.0,290.0,5.133,3.0,8.06,roster,0,76.0,60.0,0.8172,59.44,4.6502,0.6,0.8685,3.1667,51.48,7.81,13.4,6.74,7.25
2021-08-02 02:00:00,2,19,19,0.0,4.0,14.0,1.0,0.0,1.0,2,2,8,1,9,1,12.133,303.0,206.0,350.0,6.133,3.0,8.06,roster,0,60.0,47.5,0.6452,50.11,2.2836,0.475,0.2481,3.1579,40.75,7.81,13.4,8.14,8.75
2021-08-02 03:00:00,3,16,16,0.0,2.0,13.0,1.0,0.0,1.0,1,1,8,0,8,0,13.133,380.5,352.0,417.0,7.133,3.0,8.06,roster,0,49.0,40.0,0.5104,30.96,1.605,0.4,0.1241,3.0625,34.32,6.95,0.0,9.7,10.425
2021-08-02 04:00:00,4,18,18,0.0,2.0,15.0,1.0,0.0,1.0,4,4,8,0,8,0,14.133,440.5,412.0,477.0,8.133,3.0,8.06,roster,0,55.0,45.0,0.5729,36.65,2.8914,0.45,0.4963,3.0556,38.61,6.95,0.0,11.09,11.925
2021-08-02 05:00:00,5,16,16,0.0,2.0,14.0,0.0,0.0,1.0,0,0,9,0,9,0,15.133,483.0,386.0,530.0,9.133,3.0,8.06,roster,0,50.0,40.0,0.5376,34.46,1.25,0.4,0.0,3.125,34.32,7.81,0.0,12.32,13.25
2021-08-02 06:00:00,6,17,17,0.0,2.0,15.0,0.0,0.0,1.0,1,1,9,0,9,0,16.133,543.0,446.0,590.0,10.133,3.0,8.06,roster,0,53.0,42.5,0.5699,38.0,1.7118,0.425,0.1241,3.1176,36.46,7.81,0.0,13.72,14.75
2021-08-02 07:00:00,7,19,19,0.0,2.0,17.0,0.0,0.0,1.0,2,2,9,0,9,0,17.133,603.0,506.0,650.0,11.133,3.0,8.06,roster,0,59.0,47.5,0.6344,43.68,2.2455,0.475,0.2481,3.1053,40.75,7.81,0.0,15.11,16.25
2021-08-02 08:00:00,8,17,17,0.0,2.0,15.0,0.0,0.0,1.0,5,2,9,0,9,0,18.133,663.0,566.0,710.0,12.133,3.0,6.4,roster,0,53.0,42.5,0.5699,40.79,2.2993,0.425,0.3125,3.1176,36.46,7.81,0.0,16.51,17.75
2021-08-02 09:00:00,9,21,21,1.0,2.0,18.0,0.0,0.0,1.0,8,8,5,0,5,0,19.133,712.0,626.0,758.0,12.95,3.0,6.4,roster,0,67.0,52.5,0.6381,47.01,5.6631,0.525,1.25,3.1905,45.04,4.34,0.0,17.62,18.95
2021-08-02 10:00:00,10,30,30,1.0,3.0,24.0,1.0,1.0,1.0,15,15,5,1,6,1,20.133,543.0,106.0,772.0,13.95,4.0,9.65,roster,0,92.0,75.0,0.6765,80.91,7.0668,0.75,1.5544,3.0667,64.35,5.21,13.4,17.95,19.3
2021-08-02 11:00:00,11,29,29,1.0,3.0,23.0,2.0,0.0,1.0,4,4,10,1,11,1,14.95,162.0,88.0,746.0,14.95,4.0,9.65,roster,0,90.0,72.5,0.7759,82.5,3.5364,0.725,0.4145,3.1034,62.2,9.55,13.4,17.34,18.65
2021-08-02 12:00:00,12,32,32,1.0,4.0,26.0,1.0,0.0,1.0,7,7,9,2,11,2,15.95,161.0,142.0,806.0,15.95,4.0,9.65,roster,0,101.0,80.0,0.8707,103.73,4.8145,0.8,0.7254,3.1562,68.64,9.55,26.8,18.74,20.15
2021-08-02 13:00:00,13,35,35,2.0,5.0,27.0,1.0,0.0,1.0,7,8,9,3,12,3,16.95,211.0,200.0,866.0,16.95,4.0,9.65,roster,0,113.0,87.5,1.0089,125.83,5.5015,0.875,0.829,3.2286,75.08,10.42,40.2,20.13,21.65
2021-08-02 14:00:00,14,26,26,3.0,5.0,18.0,0.0,0.0,1.0,2,1,8,3,11,3,17.95,260.0,159.0,346.0,17.95,4.0,9.65,roster,0,89.0,65.0,0.7672,93.57,2.5797,0.65,0.1036,3.4231,55.77,9.55,40.2,8.04,8.65
2021-08-02 15:00:00,15,20,20,2.0,8.0,10.0,0.0,0.0,1.0,5,4,6,2,8,2,18.95,222.5,153.0,986.0,18.95,4.0,9.65,roster,0,72.0,50.0,0.5625,79.57,3.2922,0.5,0.4145,3.6,42.9,6.95,26.8,22.92,24.65
2021-08-02 16:00:00,16,21,21,2.0,9.0,10.0,0.0,0.0,1.0,4,5,6,1,7,1,19.95,213.0,135.0,321.0,19.95,4.0,9.65,roster,0,76.0,52.5,0.5758,51.99,3.7752,0.525,0.5181,3.619,45.04,6.08,13.4,7.46,8.025
2021-08-02 17:00:00,17,21,21,2.0,8.0,11.0,0.0,0.0,1.0,5,5,8,1,9,1,20.95,195.0,95.0,273.0,20.95,4.0,9.65,roster,0,75.0,52.5,0.6048,52.61,3.7255,0.525,0.5181,3.5714,45.04,7.81,13.4,6.35,6.825
2021-08-02 18:00:00,18,18,18,2.0,5.0,11.0,0.0,0.0,1.0,5,4,6,1,7,1,7.35,233.0,147.0,326.0,7.35,4.0,9.65,roster,0,63.0,45.0,0.4773,45.67,3.0258,0.45,0.4145,3.5,38.61,6.08,13.4,7.58,8.15
2021-08-02 19:00:00,19,17,17,0.0,3.0,14.0,0.0,0.0,1.0,5,5,3,0,3,0,6.817,201.0,91.0,207.0,3.45,4.0,9.65,roster,0,54.0,42.5,0.3649,23.88,2.9958,0.425,0.5181,3.1765,36.46,2.6,0.0,4.81,5.175
2021-08-02 20:00:00,20,18,18,0.0,3.0,15.0,0.0,0.0,1.0,8,7,2,0,2,0,5.233,176.0,91.0,261.0,4.35,4.0,9.55,roster,0,57.0,45.0,0.375,26.41,3.7461,0.45,0.733,3.1667,38.61,1.74,0.0,6.07,6.525
2021-08-02 21:00:00,21,24,24,0.0,4.0,19.0,1.0,0.0,1.0,12,11,3,0,3,0,6.233,151.0,77.0,321.0,5.35,4.0,9.55,roster,0,75.0,60.0,0.5068,41.55,5.4745,0.6,1.1518,3.125,51.48,2.6,0.0,7.46,8.025
2021-08-02 22:00:00,22,28,28,0.0,4.0,22.0,2.0,0.0,1.0,11,9,3,1,4,1,7.233,110.5,84.0,211.0,3.517,3.0,6.3,roster,0,86.0,70.0,0.7963,61.84,6.5378,0.7,1.4286,3.0714,60.06,3.47,13.4,4.91,5.275
2021-08-02 23:00:00,23,27,27,0.0,4.0,21.0,1.0,1.0,1.0,7,6,4,1,5,1,6.267,144.0,124.0,197.0,4.517,3.0,6.3,roster,0,82.0,67.5,0.781,60.24,4.9424,0.675,0.9524,3.037,57.92,4.34,13.4,4.58,4.925
2021-08-03 00:00:00,0,20,20,0.0,2.0,16.0,1.0,1.0,1.0,4,3,7,0,7,0,7.267,137.0,92.0,257.0,5.517,3.0,6.3,roster,0,59.0,50.0,0.596,34.95,2.8798,0.5,0.4762,2.95,42.9,6.08,0.0,5.98,6.425
2021-08-03 01:00:00,1,17,17,0.0,2.0,15.0,0.0,0.0,1.0,2,2,8,0,8,0,6.517,178.5,152.0,317.0,6.517,3.0,6.3,roster,0,53.0,42.5,0.5521,30.78,2.3147,0.425,0.3175,3.1176,36.46,6.95,0.0,7.37,7.925
2021-08-03 02:00:00,2,14,14,0.0,2.0,11.0,1.0,0.0,1.0,4,3,8,0,8,0,7.517,238.5,212.0,377.0,7.517,3.0,6.3,roster,0,43.0,35.0,0.4479,25.74,2.5376,0.35,0.4762,3.0714,30.03,6.95,0.0,8.77,9.425
2021-08-03 03:00:00,3,15,15,1.0,2.0,12.0,0.0,0.0,1.0,3,3,8,0,8,0,8.517,298.5,272.0,437.0,8.517,3.0,6.3,roster,0,49.0,37.5,0.5104,29.28,2.7806,0.375,0.4762,3.2667,32.17,6.95,0.0,10.16,10.925
2021-08-03 04:00:00,4,16,16,1.0,2.0,13.0,0.0,0.0,1.0,2,2,9,0,9,0,9.517,340.0,323.0,424.0,9.517,3.0,6.3,roster,0,52.0,40.0,0.5591,31.99,2.3317,0.4,0.3175,3.25,34.32,7.81,0.0,9.86,10.6
2021-08-03 05:00:00,5,15,15,1.0,2.0,12.0,0.0,0.0,1.0,2,1,9,0,9,0,10.517,400.0,383.0,484.0,10.517,3.0,6.3,roster,0,49.0,37.5,0.5269,31.24,1.7435,0.375,0.1587,3.2667,32.17,7.81,0.0,11.25,12.1
2021-08-03 06:00:00,6,18,18,1.0,2.0,14.0,1.0,0.0,1.0,4,4,9,0,9,0,11.517,460.0,443.0,544.0,11.517,3.0,6.3,roster,0,57.0,45.0,0.6129,39.07,3.4356,0.45,0.6349,3.1667,38.61,7.81,0.0,12.65,13.6
2021-08-03 07:00:00,7,21,21,1.0,2.0,16.0,2.0,0.0,1.0,4,4,10,0,10,0,12.517,516.0,478.0,604.0,12.517,3.0,6.3,roster,0,65.0,52.5,0.7222,47.77,3.5902,0.525,0.6349,3.0952,45.04,8.68,0.0,14.04,15.1
2021-08-03 08:00:00,8,20,20,1.0,2.0,17.0,0.0,0.0,1.0,2,2,11,0,11,0,13.517,572.0,316.0,664.0,13.517,3.0,7.29,roster,0,64.0,50.0,0.7356,47.89,2.4779,0.5,0.2743,3.2,42.9,9.55,0.0,15.44,16.6
2021-08-03 09:00:00,9,22,22,1.0,3.0,17.0,0.0,1.0,1.0,7,7,9,0,9,0,14.517,632.0,376.0,677.0,14.517,3.0,7.29,roster,0,69.0,55.0,0.7419,50.75,4.7366,0.55,0.9602,3.1364,47.19,7.81,0.0,15.74,16.925
2021-08-03 10:00:00,10,23,23,1.0,5.0,17.0,0.0,0.0,1.0,8,7,9,0,9,0,15.517,692.0,156.0,737.0,15.517,4.0,10.63,roster,0,76.0,57.5,0.6129,54.29,4.076,0.575,0.6585,3.3043,49.33,7.81,0.0,17.14,18.425
2021-08-03 11:00:00,11,25,25,2.0,8.0,15.0,0.0,0.0,1.0,6,6,10,0,10,0,16.517,624.0,170.0,797.0,16.517,4.0,10.63,roster,0,87.0,62.5,0.725,60.84,4.1393,0.625,0.5644,3.48,53.62,8.68,0.0,18.53,19.925
2021-08-03 12:00:00,12,29,29,1.0,9.0,19.0,0.0,0.0,1.0,9,8,9,1,10,1,17.517,253.0,176.0,857.0,17.517,4.0,10.63,roster,0,98.0,72.5,0.8167,84.21,4.9932,0.725,0.7526,3.3793,62.2,8.68,13.4,19.93,21.425
2021-08-03 13:00:00,13,28,28,1.0,9.0,18.0,0.0,0.0,1.0,6,5,10,1,11,1,18.517,236.0,117.0,872.0,18.517,4.0,10.63,roster,0,95.0,70.0,0.819,83.29,3.9709,0.7,0.4704,3.3929,60.06,9.55,13.4,20.27,21.8
2021-08-03 14:00:00,14,24,24,2.0,8.0,14.0,0.0,0.0,1.0,6,6,6,2,8,2,17.067,229.5,177.0,932.0,17.067,4.0,10.63,roster,0,84.0,60.0,0.6562,86.9,4.0755,0.6,0.5644,3.5,51.48,6.95,26.8,21.67,23.3
2021-08-03 15:00:00,15,23,23,1.0,10.0,11.0,0.0,1.0,1.0,5,5,7,1,8,1,18.067,190.0,108.0,410.0,18.067,4.0,10.63,roster,0,79.0,57.5,0.6172,59.21,3.5906,0.575,0.4704,3.4348,49.33,6.95,13.4,9.53,10.25
2021-08-03 16:00:00,16,20,20,0.0,12.0,8.0,0.0,0.0,1.0,5,5,5,1,6,1,12.4,185.5,153.0,297.0,7.833,4.0,10.63,roster,0,72.0,50.0,0.5294,48.42,3.4933,0.5,0.4704,3.6,42.9,5.21,13.4,6.91,7.425
2021-08-03 17:00:00,17,19,19,1.0,11.0,7.0,0.0,0.0,1.0,7,6,4,2,6,2,13.4,171.0,85.0,263.0,5.95,4.0,10.63,roster,0,70.0,47.5,0.5147,58.88,3.8295,0.475,0.5644,3.6842,40.75,5.21,26.8,6.11,6.575
2021-08-03 18:00:00,18,18,18,1.0,9.0,7.0,1.0,0.0,1.0,4,4,6,2,8,2,8.567,167.0,122.0,323.0,6.95,4.0,10.63,roster,0,64.0,45.0,0.5,59.87,2.9379,0.45,0.3763,3.5556,38.61,6.95,26.8,7.51,8.075
2021-08-03 19:00:00,19,16,16,1.0,8.0,6.0,1.0,0.0,1.0,5,6,3,1,4,1,9.567,215.5,182.0,333.0,5.55,4.0,10.63,roster,0,57.0,40.0,0.3958,38.94,3.4358,0.4,0.5644,3.5625,34.32,3.47,13.4,7.74,8.325
2021-08-03 20:00:00,20,16,16,1.0,8.0,6.0,1.0,0.0,1.0,5,5,4,2,6,2,10.567,190.0,69.0,309.0,6.55,4.0,9.94,roster,0,57.0,40.0,0.4191,53.51,3.217,0.4,0.503,3.5625,34.32,5.21,26.8,7.18,7.725
2021-08-03 21:00:00,21,19,19,0.0,9.0,9.0,0.0,1.0,1.0,8,6,6,2,8,2,11.567,163.5,120.0,369.0,7.55,4.0,9.94,roster,0,64.0,47.5,0.5,63.08,3.6333,0.475,0.6036,3.3684,40.75,6.95,26.8,8.58,9.225
2021-08-03 22:00:00,22,14,14,0.0,7.0,5.0,1.0,1.0,1.0,3,3,6,1,7,1,12.567,134.0,89.0,362.0,8.55,3.0,6.6,roster,0,46.0,35.0,0.4646,37.92,2.6435,0.35,0.4545,3.2857,30.03,6.08,13.4,8.42,9.05
2021-08-03 23:00:00,23,13,13,0.0,3.0,5.0,3.0,2.0,1.0,7,7,3,1,4,1,13.567,153.0,149.0,422.0,7.033,3.0,6.6,roster,0,35.0,32.5,0.3241,34.57,3.7305,0.325,1.0606,2.6923,27.88,3.47,13.4,9.81,10.55
2021-08-04 00:00:00,0,11,11,0.0,3.0,5.0,1.0,2.0,1.0,3,4,3,0,3,0,14.567,209.0,200.0,217.0,3.617,3.0,6.6,roster,0,31.0,27.5,0.2793,11.25,2.483,0.275,0.6061,2.8182,23.6,2.6,0.0,5.05,5.425
2021-08-04 01:00:00,1,9,9,0.0,3.0,4.0,1.0,1.0,1.0,1,1,3,0,3,0,15.567,269.0,260.0,277.0,4.617,3.0,6.6,roster,0,27.0,22.5,0.2432,8.35,1.1295,0.225,0.1515,3.0,19.3,2.6,0.0,6.44,6.925
2021-08-04 02:00:00,2,12,12,0.0,3.0,7.0,1.0,1.0,1.0,3,3,4,0,4,0,16.567,324.5,320.0,337.0,5.617,3.0,6.6,roster,0,36.0,30.0,0.3333,17.05,2.2636,0.3,0.4545,3.0,25.74,3.47,0.0,7.84,8.425
2021-08-04 03:00:00,3,10,10,0.0,3.0,6.0,0.0,1.0,1.0,1,0,5,0,5,0,17.567,380.0,154.0,389.0,6.617,3.0,6.6,roster,0,31.0,25.0,0.2952,14.84,0.775,0.25,0.0,3.1,21.45,4.34,0.0,9.04,9.725
2021-08-04 04:00:00,4,11,11,0.0,3.0,7.0,0.0,1.0,1.0,1,1,5,0,5,0,18.567,440.0,214.0,449.0,7.617,3.0,6.6,roster,0,34.0,27.5,0.3238,18.38,1.3183,0.275,0.1515,3.0909,23.6,4.34,0.0,10.44,11.225
2021-08-04 05:00:00,5,9,9,0.0,3.0,5.0,0.0,1.0,1.0,0,0,4,0,4,0,19.567,504.5,500.0,517.0,8.617,3.0,6.6,roster,0,28.0,22.5,0.2593,14.8,0.7,0.225,0.0,3.1111,19.3,3.47,0.0,12.02,12.925
2021-08-04 06:00:00,6,9,9,0.0,3.0,5.0,0.0,1.0,1.0,0,0,4,0,4,0,20.567,564.5,560.0,577.0,9.617,3.0,6.6,roster,0,28.0,22.5,0.2593,16.19,0.7,0.225,0.0,3.1111,19.3,3.47,0.0,13.42,14.425
2021-08-04 07:00:00,7,9,9,0.0,3.0,5.0,0.0,1.0,1.0,0,0,4,0,4,0,21.567,624.5,620.0,637.0,10.617,3.0,6.6,roster,0,28.0,22.5,0.2593,17.59,0.7,0.225,0.0,3.1111,19.3,3.47,0.0,14.81,15.925
2021-08-04 08:00:00,8,12,12,0.0,3.0,8.0,0.0,1.0,1.0,3,3,4,0,4,0,22.567,684.5,680.0,697.0,11.617,3.0,7.76,roster,0,37.0,30.0,0.3426,25.42,2.117,0.3,0.3866,3.0833,25.74,3.47,0.0,16.21,17.425
2021-08-04 09:00:00,9,14,14,0.0,2.0,11.0,0.0,1.0,1.0,5,5,2,1,3,1,23.567,116.0,76.0,749.0,12.483,3.0,7.76,roster,0,42.0,35.0,0.3784,43.45,2.983,0.35,0.6443,3.0,30.03,2.6,13.4,17.41,18.725
2021-08-04 10:00:00,10,21,21,1.0,2.0,16.0,0.0,2.0,1.0,9,8,5,1,6,1,24.567,109.5,72.0,176.0,13.483,4.0,11.46,roster,0,63.0,52.5,0.4632,47.75,3.6692,0.525,0.6981,3.0,45.04,5.21,13.4,4.09,4.4
2021-08-04 11:00:00,11,23,23,1.0,3.0,18.0,1.0,0.0,1.0,10,8,5,2,7,2,25.567,143.0,83.0,236.0,14.483,4.0,11.46,roster,0,73.0,57.5,0.553,67.7,4.0406,0.575,0.6981,3.1739,49.33,6.08,26.8,5.49,5.9
2021-08-04 12:00:00,12,20,20,2.0,3.0,14.0,1.0,0.0,1.0,7,8,6,2,8,2,26.567,118.0,76.0,203.0,4.267,4.0,11.46,roster,0,66.0,50.0,0.5156,61.37,3.9537,0.5,0.6981,3.3,42.9,6.95,26.8,4.72,5.075
2021-08-04 13:00:00,13,23,23,1.0,5.0,16.0,1.0,0.0,1.0,5,4,8,2,10,2,27.567,133.5,90.0,203.0,5.267,4.0,11.46,roster,0,75.0,57.5,0.625,69.54,3.0132,0.575,0.349,3.2609,49.33,8.68,26.8,4.72,5.075
2021-08-04 14:00:00,14,23,23,1.0,5.0,16.0,1.0,0.0,1.0,6,6,6,2,8,2,14.767,166.5,143.0,224.0,6.267,4.0,11.46,roster,0,75.0,57.5,0.5859,68.29,3.5823,0.575,0.5236,3.2609,49.33,6.95,26.8,5.21,5.6
2021-08-04 15:00:00,15,22,22,0.0,3.0,17.0,1.0,1.0,1.0,8,8,6,2,8,2,13.783,203.5,105.0,251.0,7.267,4.0,11.46,roster,0,66.0,55.0,0.5156,66.77,3.7442,0.55,0.6981,3.0,47.19,6.95,26.8,5.84,6.275
2021-08-04 16:00:00,16,19,19,0.0,3.0,15.0,1.0,0.0,1.0,3,2,6,2,8,2,8.267,211.0,162.0,311.0,8.267,4.0,11.46,roster,0,59.0,47.5,0.4609,61.73,2.0169,0.475,0.1745,3.1053,40.75,6.95,26.8,7.23,7.775
2021-08-04 17:00:00,17,19,19,0.0,3.0,15.0,1.0,0.0,1.0,3,3,6,2,8,2,9.267,271.0,214.0,371.0,9.267,4.0,11.46,roster,0,59.0,47.5,0.4609,63.13,2.2879,0.475,0.2618,3.1053,40.75,6.95,26.8,8.63,9.275
2021-08-04 18:00:00,18,19,19,0.0,2.0,15.0,2.0,0.0,1.0,4,4,5,2,7,2,10.267,377.0,188.0,431.0,10.267,4.0,11.46,roster,0,57.0,47.5,0.4318,63.65,2.4721,0.475,0.349,3.0,40.75,6.08,26.8,10.02,10.775
2021-08-04 19:00:00,19,16,16,0.0,2.0,13.0,1.0,0.0,1.0,3,3,4,3,7,3,11.267,437.0,237.0,491.0,11.267,4.0,11.46,roster,0,49.0,40.0,0.3712,72.01,2.0267,0.4,0.2618,3.0625,34.32,6.08,40.2,11.42,12.275
2021-08-04 20:00:00,20,17,17,0.0,1.0,15.0,1.0,0.0,1.0,7,4,5,1,6,1,12.267,420.0,114.0,551.0,12.267,4.0,10.5,roster,0,51.0,42.5,0.375,47.89,2.4179,0.425,0.381,3.0,36.46,5.21,13.4,12.81,13.775
2021-08-04 21:00:00,21,18,18,1.0,1.0,15.0,1.0,0.0,1.0,7,5,4,1,5,1,13.267,174.0,144.0,603.0,13.267,4.0,10.5,roster,0,56.0,45.0,0.4,50.37,2.8815,0.45,0.4762,3.1111,38.61,4.34,13.4,14.02,15.075
2021-08-04 22:00:00,22,13,13,1.0,1.0,11.0,0.0,0.0,1.0,7,5,3,1,4,1,14.267,219.0,204.0,856.0,14.267,3.0,6.8,roster,0,42.0,32.5,0.3889,44.66,3.4256,0.325,0.7353,3.2308,27.88,3.47,13.4,19.9,21.4
2021-08-04 23:00:00,23,13,13,0.0,3.0,10.0,0.0,0.0,1.0,4,3,2,1,3,1,15.267,294.0,264.0,916.0,15.267,3.0,6.8,roster,0,42.0,32.5,0.3784,45.19,2.4753,0.325,0.4412,3.2308,27.88,2.6,13.4,21.3,22.9
2021-08-05 00:00:00,0,11,11,0.0,1.0,10.0,0.0,0.0,1.0,2,2,3,1,4,1,16.267,339.0,324.0,976.0,16.267,3.0,6.8,roster,0,34.0,27.5,0.3148,43.16,1.7591,0.275,0.2941,3.0909,23.6,3.47,13.4,22.69,24.4
2021-08-05 01:00:00,1,11,11,0.0,1.0,10.0,0.0,0.0,1.0,2,1,3,1,4,1,17.267,399.0,384.0,1036.0,17.267,3.0,6.8,roster,0,34.0,27.5,0.3148,44.56,1.3045,0.275,0.1471,3.0909,23.6,3.47,13.4,24.09,25.9
2021-08-05 02:00:00,2,11,11,0.0,1.0,10.0,0.0,0.0,1.0,1,1,3,1,4,1,18.267,459.0,444.0,1096.0,18.267,3.0,6.8,roster,0,34.0,27.5,0.3148,45.95,1.3045,0.275,0.1471,3.0909,23.6,3.47,13.4,25.48,27.4
2021-08-05 03:00:00,3,14,14,0.0,1.0,13.0,0.0,0.0,1.0,4,4,3,1,4,1,19.267,519.0,504.0,1156.0,19.267,3.0,6.8,roster,0,43.0,35.0,0.3981,53.78,2.8817,0.35,0.5882,3.0714,30.03,3.47,13.4,26.88,28.9
2021-08-05 04:00:00,4,15,15,0.0,1.0,14.0,0.0,0.0,1.0,1,1,6,1,7,1,20.267,323.0,79.0,594.0,20.267,3.0,6.8,roster,0,46.0,37.5,0.4646,45.46,1.601,0.375,0.1471,3.0667,32.17,6.08,13.4,13.81,14.85
2021-08-05 05:00:00,5,14,14,0.0,1.0,13.0,0.0,0.0,1.0,1,1,6,0,6,0,17.983,271.5,139.0,624.0,10.9,3.0,6.8,roster,0,43.0,35.0,0.4216,29.75,1.5267,0.35,0.1471,3.0714,30.03,5.21,0.0,14.51,15.6
2021-08-05 06:00:00,6,11,11,0.0,1.0,10.0,0.0,0.0,1.0,0,0,6,0,6,0,18.983,331.5,199.0,684.0,11.9,3.0,6.8,roster,0,34.0,27.5,0.3333,24.71,0.85,0.275,0.0,3.0909,23.6,5.21,0.0,15.9,17.1
2021-08-05 07:00:00,7,13,13,0.0,2.0,11.0,0.0,0.0,1.0,3,3,6,0,6,0,19.983,391.5,259.0,744.0,12.9,3.0,6.8,roster,0,41.0,32.5,0.402,30.39,2.4164,0.325,0.4412,3.1538,27.88,5.21,0.0,17.3,18.6
2021-08-05 08:00:00,8,14,14,0.0,2.0,12.0,0.0,0.0,1.0,3,3,6,0,6,0,20.983,451.5,319.0,804.0,13.9,3.0,6.43,roster,0,44.0,35.0,0.4314,33.93,2.5663,0.35,0.4666,3.1429,30.03,5.21,0.0,18.69,20.1
2021-08-05 09:00:00,9,20,20,0.0,1.0,18.0,1.0,0.0,1.0,7,7,8,0,8,0,21.983,389.5,366.0,864.0,14.9,3.0,6.43,roster,0,60.0,50.0,0.625,49.93,4.7659,0.5,1.0886,3.0,42.9,6.95,0.0,20.09,21.6
2021-08-05 10:00:00,10,25,25,0.0,1.0,23.0,1.0,0.0,1.0,6,7,9,0,9,0,22.983,426.0,124.0,460.0,15.9,4.0,9.68,roster,0,75.0,62.5,0.6048,52.13,4.0444,0.625,0.7231,3.0,53.62,7.81,0.0,10.7,11.5
2021-08-05 11:00:00,11,27,27,0.0,2.0,25.0,0.0,0.0,1.0,6,4,11,0,11,0,23.983,205.0,120.0,520.0,16.9,4.0,9.68,roster,0,83.0,67.5,0.7155,59.56,3.3453,0.675,0.4132,3.0741,57.92,9.55,0.0,12.09,13.0
2021-08-05 12:00:00,12,22,22,0.0,2.0,20.0,0.0,0.0,1.0,4,5,7,0,7,0,24.983,228.0,126.0,546.0,9.667,4.0,9.68,roster,0,68.0,55.0,0.5152,45.96,3.2965,0.55,0.5165,3.0909,47.19,6.08,0.0,12.69,13.65
2021-08-05 13:00:00,13,19,19,0.0,2.0,17.0,0.0,0.0,1.0,1,1,7,0,7,0,25.983,288.0,186.0,606.0,10.667,4.0,9.68,roster,0,59.0,47.5,0.447,40.92,1.7958,0.475,0.1033,3.1053,40.75,6.08,0.0,14.09,15.15
2021-08-05 14:00:00,14,21,21,0.0,4.0,17.0,0.0,0.0,1.0,6,6,6,0,6,0,19.333,356.0,246.0,666.0,11.667,4.0,9.68,roster,0,67.0,52.5,0.4926,45.74,3.6526,0.525,0.6198,3.1905,45.04,5.21,0.0,15.48,16.65
2021-08-05 15:00:00,15,20,20,0.0,4.0,15.0,1.0,0.0,1.0,6,6,8,0,8,0,20.333,280.5,114.0,424.0,12.1,4.0,9.68,roster,0,63.0,50.0,0.4922,39.7,3.5275,0.5,0.6198,3.15,42.9,6.95,0.0,9.86,10.6
2021-08-05 16:00:00,16,23,23,1.0,7.0,13.0,2.0,0.0,1.0,9,9,9,0,9,0,21.333,174.0,126.0,468.0,13.1,4.0,9.68,roster,0,76.0,57.5,0.6129,48.03,4.9722,0.575,0.9298,3.3043,49.33,7.81,0.0,10.88,11.7
2021-08-05 17:00:00,17,17,17,1.0,6.0,8.0,2.0,0.0,1.0,1,1,11,0,11,0,22.333,136.0,87.0,234.0,8.8,4.0,9.68,roster,0,57.0,42.5,0.4914,31.46,1.7714,0.425,0.1033,3.3529,36.46,9.55,0.0,5.44,5.85
2021-08-05 18:00:00,18,15,15,0.0,6.0,8.0,1.0,0.0,1.0,4,3,9,0,9,0,23.333,196.0,159.0,261.0,9.8,4.0,9.68,roster,0,50.0,37.5,0.4032,26.06,2.2831,0.375,0.3099,3.3333,32.17,7.81,0.0,6.07,6.525
2021-08-05 19:00:00,19,13,13,0.0,5.0,8.0,0.0,0.0,1.0,3,4,7,0,7,0,24.333,256.0,198.0,546.0,10.8,4.0,9.68,roster,0,44.0,32.5,0.3333,26.66,2.4986,0.325,0.4132,3.3846,27.88,6.08,0.0,12.69,13.65
2021-08-05 20:00:00,20,11,11,0.0,3.0,7.0,1.0,0.0,1.0,4,3,4,0,4,0,25.333,383.5,161.0,708.0,11.8,4.0,9.6,roster,0,35.0,27.5,0.2431,23.53,1.8693,0.275,0.3125,3.1818,23.6,3.47,0.0,16.46,17.7
2021-08-05 21:00:00,21,14,14,0.0,2.0,11.0,1.0,0.0,1.0,6,6,5,0,5,0,26.333,137.0,92.0,666.0,12.8,4.0,9.6,roster,0,43.0,35.0,0.3071,29.86,2.9946,0.35,0.625,3.0714,30.03,4.34,0.0,15.48,16.65
2021-08-05 22:00:00,22,13,13,0.0,1.0,11.0,1.0,0.0,1.0,4,2,8,0,8,0,27.333,138.0,119.0,726.0,13.8,3.0,6.35,roster,0,39.0,32.5,0.4062,31.71,1.9199,0.325,0.315,3.0,27.88,6.95,0.0,16.88,18.15
2021-08-05 23:00:00,23,14,14,0.0,1.0,11.0,2.0,0.0,1.0,5,4,5,1,6,1,28.333,181.5,149.0,212.0,4.283,3.0,6.35,roster,0,41.0,35.0,0.402,33.57,2.8698,0.35,0.6299,2.9286,30.03,5.21,13.4,4.93,5.3
2021-08-06 00:00:00,0,13,13,0.0,1.0,11.0,1.0,0.0,1.0,4,4,4,1,5,1,29.333,244.0,239.0,272.0,5.283,3.0,6.35,roster,0,39.0,32.5,0.3714,31.95,2.8648,0.325,0.6299,3.0,27.88,4.34,13.4,6.32,6.8
2021-08-06 01:00:00,1,15,15,0.0,0.0,13.0,2.0,0.0,1.0,4,3,5,1,6,1,30.333,301.5,227.0,332.0,6.283,3.0,6.35,roster,0,43.0,37.5,0.4216,38.5,2.4293,0.375,0.4724,2.8667,32.17,5.21,13.4,7.72,8.3
2021-08-06 02:00:00,2,10,10,0.0,0.0,9.0,1.0,0.0,1.0,2,0,5,0,5,0,31.333,364.0,359.0,392.0,7.283,3.0,6.35,roster,0,29.0,25.0,0.2762,14.91,0.725,0.25,0.0,2.9,21.45,4.34,0.0,9.11,9.8
2021-08-06 03:00:00,3,10,10,0.0,0.0,9.0,1.0,0.0,1.0,1,1,5,0,5,0,32.333,424.0,419.0,452.0,8.283,3.0,6.35,roster,0,29.0,25.0,0.2762,16.3,1.1817,0.25,0.1575,2.9,21.45,4.34,0.0,10.51,11.3
2021-08-06 04:00:00,4,10,10,0.0,1.0,8.0,1.0,0.0,1.0,1,1,5,0,5,0,33.333,484.0,479.0,512.0,9.283,3.0,6.35,roster,0,30.0,25.0,0.2857,17.7,1.2224,0.25,0.1575,3.0,21.45,4.34,0.0,11.9,12.8
2021-08-06 05:00:00,5,10,10,0.0,1.0,8.0,1.0,0.0,1.0,1,1,6,0,6,0,34.333,541.5,330.0,572.0,10.283,3.0,6.35,roster,0,30.0,25.0,0.2941,19.96,1.2224,0.25,0.1575,3.0,21.45,5.21,0.0,13.3,14.3
2021-08-06 06:00:00,6,14,14,0.0,1.0,12.0,1.0,0.0,1.0,4,4,6,0,6,0,35.333,601.5,390.0,632.0,11.283,3.0,6.35,roster,0,42.0,35.0,0.4118,29.93,2.9398,0.35,0.6299,3.0,30.03,5.21,0.0,14.69,15.8
2021-08-06 07:00:00,7,13,13,0.0,1.0,11.0,1.0,0.0,1.0,0,0,6,1,7,1,36.333,659.0,187.0,692.0,12.283,3.0,6.35,roster,0,39.0,32.5,0.3939,43.45,0.975,0.325,0.0,3.0,27.88,6.08,13.4,16.09,17.3
2021-08-06 08:00:00,8,14,14,0.0,1.0,12.0,1.0,0.0,1.0,4,4,6,0,6,0,37.333,721.5,510.0,752.0,13.283,3.0,7.31,roster,0,42.0,35.0,0.4118,32.72,2.6916,0.35,0.5472,3.0,30.03,5.21,0.0,17.48,18.8
2021-08-06 09:00:00,9,20,20,0.0,2.0,17.0,1.0,0.0,1.0,8,8,4,1,5,1,38.333,570.0,307.0,784.0,14.283,3.0,7.31,roster,0,61.0,50.0,0.581,58.87,4.8629,0.5,1.0944,3.05,42.9,4.34,13.4,18.23,19.6
2021-08-06 10:00:00,10,17,17,0.0,5.0,11.0,1.0,0.0,1.0,6,5,6,0,6,0,14.067,234.5,87.0,630.0,14.067,4.0,11.01,roster,0,55.0,42.5,0.4044,36.32,2.8443,0.425,0.4541,3.2353,36.46,5.21,0.0,14.65,15.75
2021-08-06 11:00:00,11,19,19,1.0,4.0,14.0,0.0,0.0,1.0,5,5,6,0,6,0,13.833,154.5,127.0,427.0,11.5,4.0,11.01,roster,0,63.0,47.5,0.4632,35.89,3.0808,0.475,0.4541,3.3158,40.75,5.21,0.0,9.93,10.675
2021-08-06 12:00:00,12,16,16,1.0,3.0,12.0,0.0,0.0,1.0,3,2,6,0,6,0,12.5,214.5,114.0,487.0,12.5,4.0,11.01,roster,0,53.0,40.0,0.3897,30.85,1.9267,0.4,0.1817,3.3125,34.32,5.21,0.0,11.32,12.175
2021-08-06 13:00:00,13,19,19,1.0,1.0,17.0,0.0,0.0,1.0,8,7,4,0,4,0,9.117,228.0,174.0,547.0,9.117,4.0,11.01,roster,0,60.0,47.5,0.4167,36.95,3.5077,0.475,0.6358,3.1579,40.75,3.47,0.0,12.72,13.675
2021-08-06 14:00:00,14,18,18,1.0,4.0,13.0,0.0,0.0,1.0,10,8,3,0,3,0,10.117,234.0,84.0,607.0,10.117,4.0,11.01,roster,0,60.0,45.0,0.4054,35.33,3.922,0.45,0.7266,3.3333,38.61,2.6,0.0,14.11,15.175
2021-08-06 15:00:00,15,20,20,1.0,6.0,13.0,0.0,0.0,1.0,4,5,6,0,6,0,11.117,110.0,103.0,294.0,11.117,4.0,11.01,roster,0,68.0,50.0,0.5,34.95,3.2441,0.5,0.4541,3.4,42.9,5.21,0.0,6.84,7.35
2021-08-06 16:00:00,16,21,21,1.0,6.0,14.0,0.0,0.0,1.0,7,7,7,0,7,0,12.117,168.0,139.0,354.0,12.117,4.0,11.01,roster,0,71.0,52.5,0.5379,39.35,3.9246,0.525,0.6358,3.381,45.04,6.08,0.0,8.23,8.85
2021-08-06 17:00:00,17,17,17,1.0,6.0,10.0,0.0,0.0,1.0,3,3,8,0,8,0,13.117,213.5,152.0,414.0,13.117,4.0,11.01,roster,0,59.0,42.5,0.4609,33.04,2.4207,0.425,0.2725,3.4706,36.46,6.95,0.0,9.63,10.35
2021-08-06 18:00:00,18,18,18,1.0,5.0,11.0,1.0,0.0,1.0,3,2,9,0,9,0,14.117,259.0,174.0,292.0,14.117,4.0,11.01,roster,0,60.0,45.0,0.4839,33.21,2.1055,0.45,0.1817,3.3333,38.61,7.81,0.0,6.79,7.3
2021-08-06 19:00:00,19,10,10,1.0,3.0,6.0,0.0,0.0,1.0,2,1,4,0,4,0,8.9,335.5,319.0,534.0,8.9,4.0,11.01,roster,0,35.0,25.0,0.2431,17.34,1.1929,0.25,0.0908,3.5,21.45,3.47,0.0,12.42,13.35
2021-08-06 20:00:00,20,14,14,1.0,3.0,10.0,0.0,0.0,1.0,7,7,3,0,3,0,9.9,412.0,83.0,594.0,9.9,4.0,10.5,roster,0,47.0,35.0,0.3176,26.45,3.4131,0.35,0.6667,3.3571,30.03,2.6,0.0,13.81,14.85
2021-08-06 21:00:00,21,14,14,1.0,4.0,9.0,0.0,0.0,1.0,3,3,5,1,6,1,10.9,94.5,77.0,143.0,10.9,4.0,10.5,roster,0,48.0,35.0,0.3529,31.96,2.1796,0.35,0.2857,3.4286,30.03,5.21,13.4,3.32,3.575
2021-08-06 22:00:00,22,11,11,1.0,2.0,8.0,0.0,0.0,1.0,3,3,3,2,5,2,11.9,137.0,125.0,146.0,11.9,3.0,6.8,roster,0,37.0,27.5,0.3524,38.13,2.409,0.275,0.4412,3.3636,23.6,4.34,26.8,3.39,3.65
2021-08-06 23:00:00,23,14,14,1.0,3.0,10.0,0.0,0.0,1.0,6,7,4,2,6,2,12.9,191.0,144.0,206.0,12.9,3.0,6.8,roster,0,47.0,35.0,0.4608,46.83,4.6309,0.35,1.0294,3.3571,30.03,5.21,26.8,4.79,5.15
2021-08-07 00:00:00,0,15,15,1.0,3.0,11.0,0.0,0.0,1.0,4,3,4,2,6,2,13.9,251.0,204.0,266.0,13.9,3.0,6.8,roster,0,50.0,37.5,0.4902,50.37,2.7206,0.375,0.4412,3.3333,32.17,5.21,26.8,6.18,6.65
2021-08-07 01:00:00,1,13,13,2.0,2.0,9.0,0.0,0.0,1.0,2,1,4,2,6,2,14.9,311.0,264.0,326.0,14.9,3.0,6.8,roster,0,45.0,32.5,0.4412,47.47,1.634,0.325,0.1471,3.4615,27.88,5.21,26.8,7.58,8.15
2021-08-07 02:00:00,2,11,11,1.0,1.0,8.0,1.0,0.0,1.0,2,2,4,1,5,1,15.9,377.0,365.0,386.0,15.9,3.0,6.8,roster,0,35.0,27.5,0.3333,30.31,1.8108,0.275,0.2941,3.1818,23.6,4.34,13.4,8.97,9.65
2021-08-07 03:00:00,3,10,10,1.0,0.0,9.0,0.0,0.0,1.0,2,2,4,1,5,1,16.9,437.0,425.0,446.0,16.9,3.0,6.8,roster,0,32.0,25.0,0.3048,29.56,1.7412,0.25,0.2941,3.2,21.45,4.34,13.4,10.37,11.15
2021-08-07 04:00:00,4,10,10,1.0,0.0,9.0,0.0,0.0,1.0,0,0,4,1,5,1,17.9,497.0,485.0,506.0,17.9,3.0,6.8,roster,0,32.0,25.0,0.3048,30.96,0.8,0.25,0.0,3.2,21.45,4.34,13.4,11.76,12.65
2021-08-07 05:00:00,5,8,8,1.0,0.0,7.0,0.0,0.0,1.0,1,1,4,1,5,1,18.9,557.0,545.0,566.0,18.9,3.0,6.8,roster,0,26.0,20.0,0.2476,28.06,1.1279,0.2,0.1471,3.25,17.16,4.34,13.4,13.16,14.15
2021-08-07 06:00:00,6,8,8,1.0,0.0,7.0,0.0,0.0,1.0,1,1,4,1,5,1,19.9,617.0,605.0,626.0,19.9,3.0,6.8,roster,0,26.0,20.0,0.2476,29.46,1.1279,0.2,0.1471,3.25,17.16,4.34,13.4,14.55,15.65
2021-08-07 07:00:00,7,9,9,1.0,1.0,7.0,0.0,0.0,1.0,3,3,4,1,5,1,20.9,677.0,665.0,686.0,20.9,3.0,6.8,roster,0,30.0,22.5,0.2857,33.0,2.2206,0.225,0.4412,3.3333,19.3,4.34,13.4,15.95,17.15
2021-08-07 08:00:00,8,9,9,1.0,1.0,7.0,0.0,0.0,1.0,2,1,6,1,7,1,21.9,725.0,72.0,746.0,21.9,3.0,7.51,roster,0,30.0,22.5,0.303,36.13,1.1939,0.225,0.1332,3.3333,19.3,6.08,13.4,17.34,18.65
2021-08-07 09:00:00,9,7,7,1.0,1.0,5.0,0.0,0.0,1.0,1,1,3,1,4,1,22.9,722.5,660.0,1374.0,22.9,3.0,7.51,roster,0,24.0,17.5,0.2222,43.83,1.0565,0.175,0.1332,3.4286,15.01,3.47,13.4,31.95,34.35
2021-08-07 10:00:00,10,12,12,1.0,1.0,10.0,0.0,0.0,1.0,7,6,3,1,4,1,23.9,782.5,720.0,1434.0,23.9,4.0,11.21,roster,0,39.0,30.0,0.2708,55.95,2.7145,0.3,0.5352,3.25,25.74,3.47,13.4,33.34,35.85
2021-08-07 11:00:00,11,11,11,0.0,2.0,9.0,0.0,0.0,1.0,5,5,3,0,3,0,3.217,98.0,77.0,175.0,2.917,4.0,11.21,roster,0,35.0,27.5,0.2365,10.27,2.2942,0.275,0.446,3.1818,23.6,2.6,0.0,4.07,4.375
2021-08-07 12:00:00,12,15,15,1.0,2.0,12.0,0.0,0.0,1.0,7,6,5,0,5,0,4.217,137.0,84.0,158.0,3.917,4.0,11.21,roster,0,49.0,37.5,0.35,20.19,2.9734,0.375,0.5352,3.2667,32.17,4.34,0.0,3.67,3.95
2021-08-07 13:00:00,13,13,13,1.0,3.0,9.0,0.0,0.0,1.0,5,4,6,0,6,0,4.917,170.5,139.0,218.0,4.917,4.0,11.21,roster,0,44.0,32.5,0.3235,18.16,2.3077,0.325,0.3568,3.3846,27.88,5.21,0.0,5.07,5.45
2021-08-07 14:00:00,14,17,17,1.0,4.0,12.0,0.0,0.0,1.0,7,5,8,0,8,0,5.917,163.0,91.0,278.0,5.917,4.0,11.21,roster,0,57.0,42.5,0.4453,29.87,2.9205,0.425,0.446,3.3529,36.46,6.95,0.0,6.46,6.95
2021-08-07 15:00:00,15,18,18,1.0,3.0,14.0,0.0,0.0,1.0,3,3,9,0,9,0,6.917,187.0,146.0,264.0,6.917,4.0,11.21,roster,0,59.0,45.0,0.4758,32.56,2.3522,0.45,0.2676,3.2778,38.61,7.81,0.0,6.14,6.6
2021-08-07 16:00:00,16,17,17,1.0,3.0,13.0,0.0,0.0,1.0,3,3,7,0,7,0,7.917,247.0,206.0,324.0,7.917,4.0,11.21,roster,0,56.0,42.5,0.4242,30.08,2.2816,0.425,0.2676,3.2941,36.46,6.08,0.0,7.53,8.1
2021-08-07 17:00:00,17,16,16,0.0,3.0,13.0,0.0,0.0,1.0,5,4,4,0,4,0,8.917,381.5,379.0,535.0,8.917,4.0,11.21,roster,0,51.0,40.0,0.3542,30.23,2.4124,0.4,0.3568,3.1875,34.32,3.47,0.0,12.44,13.375
2021-08-07 18:00:00,18,15,15,0.0,3.0,11.0,1.0,0.0,1.0,6,5,6,0,6,0,9.917,403.0,99.0,444.0,9.917,4.0,11.21,roster,0,47.0,37.5,0.3456,27.71,2.5726,0.375,0.446,3.1333,32.17,5.21,0.0,10.32,11.1
2021-08-07 19:00:00,19,14,14,0.0,1.0,12.0,1.0,0.0,1.0,4,6,5,0,5,0,7.117,134.0,115.0,159.0,7.117,4.0,11.21,roster,0,42.0,35.0,0.3,18.07,2.6557,0.35,0.5352,3.0,30.03,4.34,0.0,3.7,3.975
2021-08-07 20:00:00,20,16,16,1.0,2.0,13.0,0.0,0.0,1.0,7,7,6,0,6,0,8.117,112.0,101.0,194.0,8.117,4.0,10.38,roster,0,52.0,40.0,0.3824,24.04,3.4917,0.4,0.6744,3.25,34.32,5.21,0.0,4.51,4.85
2021-08-07 21:00:00,21,28,28,1.0,6.0,18.0,2.0,1.0,1.0,14,14,6,1,7,1,9.117,161.0,102.0,180.0,9.117,4.0,10.38,roster,0,88.0,70.0,0.6667,63.72,6.4389,0.7,1.3487,3.1429,60.06,6.08,13.4,4.19,4.5
2021-08-07 22:00:00,22,20,20,0.0,6.0,13.0,0.0,1.0,1.0,9,6,6,1,7,1,4.0,102.0,81.0,218.0,4.0,3.0,6.68,roster,0,64.0,50.0,0.6465,47.45,4.4743,0.5,0.8982,3.2,42.9,6.08,13.4,5.07,5.45
2021-08-07 23:00:00,23,18,18,0.0,6.0,9.0,1.0,2.0,1.0,4,3,6,1,7,1,4.633,145.0,128.0,197.0,4.633,3.0,6.68,roster,0,55.0,45.0,0.5556,42.67,2.7473,0.45,0.4491,3.0556,38.61,6.08,13.4,4.58,4.925
2021-08-08 00:00:00,0,12,12,0.0,4.0,7.0,0.0,1.0,1.0,2,1,5,1,6,1,5.633,213.5,201.0,257.0,5.633,3.0,6.68,roster,0,38.0,30.0,0.3725,30.33,1.4241,0.3,0.1497,3.1667,25.74,5.21,13.4,5.98,6.425
2021-08-08 01:00:00,1,17,17,0.0,3.0,12.0,1.0,1.0,1.0,7,7,5,0,5,0,6.633,282.0,265.0,317.0,6.633,3.0,6.68,roster,0,51.0,42.5,0.4857,28.18,4.4187,0.425,1.0479,3.0,36.46,4.34,0.0,7.37,7.925
2021-08-08 02:00:00,2,17,17,0.0,3.0,13.0,0.0,1.0,1.0,2,1,6,1,7,1,7.633,325.0,113.0,377.0,7.633,3.0,6.68,roster,0,52.0,42.5,0.5253,44.71,1.7579,0.425,0.1497,3.0588,36.46,6.08,13.4,8.77,9.425
2021-08-08 03:00:00,3,18,18,0.0,4.0,13.0,0.0,1.0,1.0,2,2,6,1,7,1,8.633,385.0,173.0,437.0,8.633,3.0,6.68,roster,0,56.0,45.0,0.5657,48.25,2.3315,0.45,0.2994,3.1111,38.61,6.08,13.4,10.16,10.925
2021-08-08 04:00:00,4,19,19,0.0,4.0,14.0,0.0,1.0,1.0,2,2,7,2,9,2,9.633,401.0,206.0,462.0,9.633,3.0,6.68,roster,0,59.0,47.5,0.6344,66.11,2.4047,0.475,0.2994,3.1053,40.75,7.81,26.8,10.74,11.55
2021-08-08 05:00:00,5,18,18,0.0,4.0,13.0,0.0,1.0,1.0,2,2,7,1,8,1,10.633,483.0,293.0,557.0,10.633,3.0,6.68,roster,0,56.0,45.0,0.5833,51.91,2.3315,0.45,0.2994,3.1111,38.61,6.95,13.4,12.95,13.925
2021-08-08 06:00:00,6,14,14,0.0,4.0,9.0,0.0,1.0,1.0,0,0,7,1,8,1,11.633,543.0,353.0,617.0,11.633,3.0,6.68,roster,0,44.0,35.0,0.4583,44.72,1.1,0.35,0.0,3.1429,30.03,6.95,13.4,14.35,15.425
2021-08-08 07:00:00,7,16,16,0.0,4.0,10.0,0.0,2.0,1.0,2,2,7,1,8,1,12.633,603.0,413.0,677.0,12.633,3.0,6.68,roster,0,48.0,40.0,0.5,50.41,2.0982,0.4,0.2994,3.0,34.32,6.95,13.4,15.74,16.925
2021-08-08 08:00:00,8,18,18,0.0,4.0,13.0,0.0,1.0,1.0,5,5,7,0,7,0,13.633,685.0,446.0,737.0,13.633,3.0,7.31,roster,0,56.0,45.0,0.5657,41.82,3.528,0.45,0.684,3.1111,38.61,6.08,0.0,17.14,18.425
2021-08-08 09:00:00,9,18,18,0.0,2.0,15.0,0.0,1.0,1.0,4,4,5,0,5,0,14.633,745.0,701.0,797.0,14.633,3.0,7.31,roster,0,54.0,45.0,0.5143,41.48,2.9916,0.45,0.5472,3.0,38.61,4.34,0.0,18.53,19.925
2021-08-08 10:00:00,10,23,23,0.0,3.0,20.0,0.0,0.0,1.0,9,9,5,0,5,0,15.633,805.0,141.0,857.0,15.633,4.0,10.63,roster,0,72.0,57.5,0.5143,53.6,4.4504,0.575,0.8467,3.1304,49.33,4.34,0.0,19.93,21.425
2021-08-08 11:00:00,11,22,22,0.0,3.0,19.0,0.0,0.0,1.0,7,8,7,0,7,0,16.633,115.0,82.0,865.0,16.633,4.0,10.63,roster,0,69.0,55.0,0.5227,53.38,4.0854,0.55,0.7526,3.1364,47.19,6.08,0.0,20.11,21.625
2021-08-08 12:00:00,12,27,27,1.0,5.0,20.0,1.0,0.0,1.0,9,9,7,0,7,0,17.633,171.0,125.0,925.0,17.633,4.0,10.63,roster,0,87.0,67.5,0.6591,65.5,4.9031,0.675,0.8467,3.2222,57.92,6.08,0.0,21.51,23.125
2021-08-08 13:00:00,13,32,32,1.0,4.0,26.0,1.0,0.0,1.0,12,11,7,1,8,1,18.633,193.5,154.0,985.0,18.633,4.0,10.63,roster,0,101.0,80.0,0.7891,91.89,5.7911,0.8,1.0348,3.1562,68.64,6.95,13.4,22.9,24.625
2021-08-08 14:00:00,14,23,23,1.0,2.0,20.0,0.0,0.0,1.0,7,6,5,1,6,1,18.35,238.0,158.0,291.0,17.417,4.0,10.63,roster,0,73.0,57.5,0.5368,54.71,3.6165,0.575,0.5644,3.1739,49.33,5.21,13.4,6.77,7.275
2021-08-08 15:00:00,15,22,22,1.0,3.0,18.0,0.0,0.0,1.0,8,7,4,1,5,1,19.35,218.0,216.0,274.0,18.417,4.0,10.63,roster,0,71.0,55.0,0.5071,51.3,3.9002,0.55,0.6585,3.2273,47.19,4.34,13.4,6.37,6.85
2021-08-08 16:00:00,16,23,23,1.0,3.0,19.0,0.0,0.0,1.0,9,9,6,1,7,1,20.35,160.0,105.0,278.0,19.417,4.0,10.63,roster,0,74.0,57.5,0.5606,55.28,4.574,0.575,0.8467,3.2174,49.33,6.08,13.4,6.46,6.95
2021-08-08 17:00:00,17,26,26,1.0,3.0,21.0,1.0,0.0,1.0,7,5,9,1,10,1,21.35,169.5,108.0,336.0,20.417,4.0,10.63,roster,0,82.0,65.0,0.6833,65.67,3.5335,0.65,0.4704,3.1538,55.77,8.68,13.4,7.81,8.4
2021-08-08 18:00:00,18,27,27,1.0,3.0,23.0,0.0,0.0,1.0,9,8,7,1,8,1,22.35,223.5,168.0,396.0,6.633,4.0,10.63,roster,0,86.0,67.5,0.6719,67.47,4.5471,0.675,0.7526,3.1852,57.92,6.95,13.4,9.21,9.9
2021-08-08 19:00:00,19,21,21,0.0,3.0,18.0,0.0,0.0,1.0,7,6,4,0,4,0,23.35,152.0,119.0,228.0,3.8,4.0,10.63,roster,0,66.0,52.5,0.4583,33.82,3.424,0.525,0.5644,3.1429,45.04,3.47,0.0,5.3,5.7
2021-08-08 20:00:00,20,26,26,0.0,6.0,16.0,3.0,1.0,1.0,14,13,2,0,2,0,24.35,266.5,245.0,288.0,4.8,4.0,11.38,roster,0,79.0,65.0,0.5197,44.2,5.446,0.65,1.1424,3.0385,55.77,1.74,0.0,6.7,7.2
2021-08-08 21:00:00,21,27,27,0.0,7.0,18.0,2.0,0.0,1.0,7,7,6,0,6,0,25.35,102.5,85.0,305.0,5.8,4.0,11.38,roster,0,86.0,67.5,0.6324,50.22,4.1093,0.675,0.6151,3.1852,57.92,5.21,0.0,7.09,7.625
2021-08-08 22:00:00,22,31,31,1.0,8.0,20.0,2.0,0.0,1.0,9,7,7,1,8,1,26.35,146.5,128.0,365.0,6.8,3.0,8.06,roster,0,101.0,77.5,1.0521,75.33,5.3546,0.775,0.8685,3.2581,66.5,6.95,13.4,8.49,9.125
2021-08-08 23:00:00,23,31,31,1.0,8.0,18.0,3.0,1.0,1.0,10,9,7,0,7,0,27.35,205.0,170.0,237.0,7.083,3.0,8.06,roster,0,98.0,77.5,0.9899,58.08,5.98,0.775,1.1166,3.1613,66.5,6.08,0.0,5.51,5.925
2021-08-09 00:00:00,0,31,31,1.0,7.0,20.0,3.0,0.0,1.0,4,5,7,0,7,0,28.35,265.0,230.0,297.0,8.083,3.0,8.06,roster,0,99.0,77.5,1.0,59.48,4.4561,0.775,0.6203,3.1935,66.5,6.08,0.0,6.91,7.425
2021-08-09 01:00:00,1,27,27,1.0,7.0,17.0,2.0,0.0,1.0,3,2,7,1,8,1,29.35,316.5,290.0,357.0,9.083,3.0,8.06,roster,0,88.0,67.5,0.9167,66.56,3.0087,0.675,0.2481,3.2593,57.92,6.95,13.4,8.3,8.925
2021-08-09 02:00:00,2,22,22,1.0,7.0,12.0,2.0,0.0,1.0,5,4,7,1,8,1,30.35,376.5,350.0,417.0,10.083,3.0,8.06,roster,0,73.0,55.0,0.7604,57.23,3.4717,0.55,0.4963,3.3182,47.19,6.95,13.4,9.7,10.425
2021-08-09 03:00:00,3,20,20,1.0,6.0,12.0,1.0,0.0,1.0,4,3,7,0,7,0,31.35,445.0,410.0,477.0,11.083,3.0,8.06,roster,0,67.0,50.0,0.6768,40.07,2.9219,0.5,0.3722,3.35,42.9,6.08,0.0,11.09,11.925
2021-08-09 04:00:00,4,20,20,1.0,6.0,12.0,1.0,0.0,1.0,2,2,8,0,8,0,32.35,496.5,470.0,537.0,12.083,3.0,8.06,roster,0,67.0,50.0,0.6979,42.33,2.5063,0.5,0.2481,3.35,42.9,6.95,0.0,12.49,13.425
2021-08-09 05:00:00,5,19,19,1.0,6.0,11.0,1.0,0.0,1.0,0,0,9,0,9,0,33.35,548.0,422.0,568.0,13.083,3.0,8.06,roster,0,64.0,47.5,0.6882,41.78,1.6,0.475,0.0,3.3684,40.75,7.81,0.0,13.21,14.2
2021-08-09 06:00:00,6,19,19,1.0,7.0,10.0,1.0,0.0,1.0,2,2,8,0,8,0,34.35,616.5,590.0,657.0,14.083,3.0,8.06,roster,0,65.0,47.5,0.6771,42.98,2.4739,0.475,0.2481,3.4211,40.75,6.95,0.0,15.28,16.425
2021-08-09 07:00:00,7,18,18,1.0,7.0,8.0,2.0,0.0,1.0,2,1,9,0,9,0,35.35,668.0,542.0,688.0,15.083,3.0,8.06,roster,0,61.0,45.0,0.6559,42.42,1.9455,0.45,0.1241,3.3889,38.61,7.81,0.0,16.0,17.2
2021-08-09 08:00:00,8,22,22,1.0,7.0,11.0,3.0,0.0,1.0,5,4,9,0,9,0,36.35,728.0,602.0,748.0,16.083,3.0,6.35,roster,0,72.0,55.0,0.7742,52.4,3.8616,0.55,0.6299,3.2727,47.19,7.81,0.0,17.39,18.7
2021-08-09 09:00:00,9,23,23,1.0,5.0,14.0,3.0,0.0,1.0,8,8,4,0,4,0,37.35,434.0,206.0,770.0,12.833,3.0,6.35,roster,0,73.0,57.5,0.6759,50.71,5.8236,0.575,1.2598,3.1739,49.33,3.47,0.0,17.9,19.25
2021-08-09 10:00:00,10,29,29,1.0,6.0,19.0,3.0,0.0,1.0,8,8,6,0,6,0,38.35,215.0,111.0,722.0,13.833,4.0,10.05,roster,0,92.0,72.5,0.6765,64.2,4.8253,0.725,0.796,3.1724,62.2,5.21,0.0,16.79,18.05
2021-08-09 11:00:00,11,36,36,1.0,7.0,25.0,3.0,0.0,1.0,10,9,7,1,8,1,39.35,197.5,147.0,782.0,14.833,4.0,10.05,roster,0,114.0,90.0,0.8906,95.75,5.6858,0.9,0.8955,3.1667,77.22,6.95,13.4,18.18,19.55
2021-08-09 12:00:00,12,36,36,0.0,10.0,24.0,2.0,0.0,1.0,9,9,8,1,9,1,40.35,207.0,133.0,284.0,15.833,4.0,10.05,roster,0,116.0,90.0,0.9355,85.04,5.7856,0.9,0.8955,3.2222,77.22,7.81,13.4,6.6,7.1
2021-08-09 13:00:00,13,36,36,0.0,12.0,23.0,1.0,0.0,1.0,10,9,10,1,11,1,41.35,193.0,110.0,291.0,16.833,4.0,10.05,roster,0,119.0,90.0,1.0259,86.94,5.9352,0.9,0.8955,3.3056,77.22,9.55,13.4,6.77,7.275
2021-08-09 14:00:00,14,37,37,0.0,15.0,21.0,1.0,0.0,1.0,8,7,12,1,13,1,42.35,170.0,111.0,299.0,17.833,4.0,10.05,roster,0,125.0,92.5,1.1574,91.0,5.4781,0.925,0.6965,3.3784,79.36,11.29,13.4,6.95,7.475
2021-08-09 15:00:00,15,33,33,0.0,14.0,19.0,0.0,0.0,1.0,11,8,9,1,10,1,43.35,175.0,108.0,230.0,18.833,4.0,10.05,roster,0,113.0,82.5,0.9417,78.22,5.5508,0.825,0.796,3.4242,70.78,8.68,13.4,5.35,5.75
2021-08-09 16:00:00,16,34,34,0.0,13.0,21.0,0.0,0.0,1.0,9,9,9,1,10,1,44.35,209.0,135.0,290.0,19.833,4.0,10.05,roster,0,115.0,85.0,0.9583,81.76,5.904,0.85,0.8955,3.3824,72.93,8.68,13.4,6.74,7.25
2021-08-09 17:00:00,17,42,42,0.0,17.0,23.0,2.0,0.0,1.0,13,13,12,1,13,1,45.35,216.0,130.0,330.0,20.833,4.0,10.05,roster,0,141.0,105.0,1.3056,102.45,7.8676,1.05,1.2935,3.3571,90.09,11.29,13.4,7.67,8.25
2021-08-09 18:00:00,18,38,38,0.0,13.0,23.0,2.0,0.0,1.0,5,5,17,0,17,0,46.35,172.0,113.0,276.0,21.833,4.0,10.05,roster,0,125.0,95.0,1.3587,82.69,4.7616,0.95,0.4975,3.2895,81.51,14.76,0.0,6.42,6.9
2021-08-09 19:00:00,19,37,37,0.0,12.0,24.0,1.0,0.0,1.0,7,6,16,0,16,0,47.35,222.0,173.0,336.0,7.833,4.0,10.05,roster,0,122.0,92.5,1.2708,81.07,5.0185,0.925,0.597,3.2973,79.36,13.89,0.0,7.81,8.4
2021-08-09 20:00:00,20,31,31,0.0,8.0,23.0,0.0,0.0,1.0,7,7,13,0,13,0,48.35,233.0,189.0,272.0,6.6,4.0,10.08,roster,0,101.0,77.5,0.9352,64.11,4.7875,0.775,0.6944,3.2581,66.5,11.29,0.0,6.32,6.8
2021-08-09 21:00:00,21,24,24,0.0,7.0,14.0,2.0,1.0,1.0,5,5,8,0,8,0,49.35,299.0,276.0,435.0,7.6,4.0,10.08,roster,0,75.0,60.0,0.5859,48.54,3.4251,0.6,0.496,3.125,51.48,6.95,0.0,10.11,10.875
2021-08-09 22:00:00,22,20,20,0.0,6.0,12.0,1.0,1.0,1.0,4,3,7,0,7,0,50.35,365.0,324.0,495.0,8.6,3.0,6.38,roster,0,63.0,50.0,0.6364,40.49,3.0562,0.5,0.4702,3.15,42.9,6.08,0.0,11.51,12.375
2021-08-09 23:00:00,23,18,18,0.0,5.0,12.0,0.0,1.0,1.0,3,3,7,0,7,0,51.35,425.0,384.0,555.0,9.6,3.0,6.38,roster,0,57.0,45.0,0.5758,37.59,2.914,0.45,0.4702,3.1667,38.61,6.08,0.0,12.9,13.875
2021-08-10 00:00:00,0,19,19,0.0,5.0,13.0,0.0,1.0,1.0,5,4,7,0,7,0,52.35,485.0,444.0,615.0,10.6,3.0,6.38,roster,0,60.0,47.5,0.6061,41.13,3.4799,0.475,0.627,3.1579,40.75,6.08,0.0,14.3,15.375
2021-08-10 01:00:00,1,23,23,0.0,5.0,17.0,0.0,1.0,1.0,6,6,8,0,8,0,53.35,539.0,504.0,675.0,11.6,3.0,6.38,roster,0,72.0,57.5,0.75,51.98,4.744,0.575,0.9404,3.1304,49.33,6.95,0.0,15.69,16.875
2021-08-10 02:00:00,2,24,24,0.0,5.0,16.0,2.0,1.0,1.0,4,5,9,0,9,0,54.35,593.0,438.0,632.0,12.6,3.0,6.38,roster,0,73.0,60.0,0.7849,53.99,4.2088,0.6,0.7837,3.0417,51.48,7.81,0.0,14.69,15.8
2021-08-10 03:00:00,3,22,22,0.0,5.0,15.0,1.0,1.0,1.0,4,4,9,0,9,0,55.35,653.0,498.0,692.0,13.6,3.0,6.38,roster,0,68.0,55.0,0.7312,51.09,3.6379,0.55,0.627,3.0909,47.19,7.81,0.0,16.09,17.3
2021-08-10 04:00:00,4,18,18,0.0,5.0,12.0,0.0,1.0,1.0,0,0,10,0,10,0,56.35,698.5,297.0,752.0,14.6,3.0,6.38,roster,0,57.0,45.0,0.6333,44.78,1.425,0.45,0.0,3.1667,38.61,8.68,0.0,17.48,18.8
2021-08-10 05:00:00,5,20,20,0.0,5.0,14.0,0.0,1.0,1.0,2,2,10,0,10,0,57.35,758.5,357.0,812.0,15.6,3.0,6.38,roster,0,63.0,50.0,0.7,50.46,2.5625,0.5,0.3135,3.15,42.9,8.68,0.0,18.88,20.3
2021-08-10 06:00:00,6,19,19,0.0,5.0,13.0,0.0,1.0,1.0,1,1,10,0,10,0,58.35,818.5,417.0,872.0,16.6,3.0,6.38,roster,0,60.0,47.5,0.6667,49.71,1.995,0.475,0.1567,3.1579,40.75,8.68,0.0,20.27,21.8
2021-08-10 07:00:00,7,16,16,0.0,5.0,10.0,0.0,1.0,1.0,2,1,10,0,10,0,59.35,878.5,477.0,932.0,17.6,3.0,6.38,roster,0,51.0,40.0,0.5667,44.67,1.7746,0.4,0.1567,3.1875,34.32,8.68,0.0,21.67,23.3
2021-08-10 08:00:00,8,16,16,0.0,5.0,10.0,0.0,1.0,1.0,1,1,10,0,10,0,60.35,938.5,537.0,992.0,18.6,3.0,7.28,roster,0,51.0,40.0,0.5667,46.07,1.7128,0.4,0.1374,3.1875,34.32,8.68,0.0,23.06,24.8
2021-08-10 09:00:00,9,21,21,0.0,8.0,11.0,1.0,1.0,1.0,7,7,8,0,8,0,61.35,1019.0,984.0,1155.0,19.6,3.0,7.28,roster,0,68.0,52.5,0.7083,58.85,4.8136,0.525,0.9615,3.2381,45.04,6.95,0.0,26.85,28.875
2021-08-10 10:00:00,10,22,22,0.0,8.0,12.0,1.0,1.0,1.0,6,5,11,0,11,0,62.35,1044.0,104.0,1112.0,20.6,4.0,10.53,roster,0,71.0,55.0,0.6121,62.6,3.3074,0.55,0.4748,3.2273,47.19,9.55,0.0,25.85,27.8
2021-08-10 11:00:00,11,25,25,1.0,10.0,13.0,1.0,0.0,1.0,6,5,11,0,11,0,63.35,1104.0,164.0,1172.0,21.6,4.0,10.53,roster,0,86.0,62.5,0.7414,70.43,3.7834,0.625,0.4748,3.44,53.62,9.55,0.0,27.25,29.3
2021-08-10 12:00:00,12,33,33,1.0,12.0,19.0,1.0,0.0,1.0,12,11,13,0,13,0,64.35,660.0,197.0,1205.0,22.6,4.0,10.53,roster,0,112.0,82.5,1.037,90.09,6.3454,0.825,1.0446,3.3939,70.78,11.29,0.0,28.02,30.125
2021-08-10 13:00:00,13,28,28,1.0,11.0,15.0,1.0,0.0,1.0,2,2,18,0,18,0,65.35,207.5,98.0,720.0,23.6,4.0,10.53,roster,0,96.0,70.0,1.0909,72.43,3.0512,0.7,0.1899,3.4286,60.06,15.63,0.0,16.74,18.0
2021-08-10 14:00:00,14,29,29,1.0,9.0,18.0,1.0,0.0,1.0,8,8,14,0,14,0,66.35,178.5,149.0,344.0,24.25,4.0,10.53,roster,0,97.0,72.5,0.9327,62.36,4.9662,0.725,0.7597,3.3448,62.2,12.16,0.0,8.0,8.6
2021-08-10 15:00:00,15,28,28,1.0,7.0,20.0,0.0,0.0,1.0,8,8,12,0,12,0,25.25,223.0,199.0,840.0,25.25,4.0,10.53,roster,0,93.0,70.0,0.8304,70.01,4.8484,0.7,0.7597,3.3214,60.06,10.42,0.0,19.53,21.0
2021-08-10 16:00:00,16,23,23,1.0,5.0,17.0,0.0,0.0,1.0,4,4,12,0,12,0,18.433,248.0,115.0,288.0,7.733,4.0,10.53,roster,0,76.0,57.5,0.6786,46.45,3.1552,0.575,0.3799,3.3043,49.33,10.42,0.0,6.7,7.2
2021-08-10 17:00:00,17,23,23,1.0,5.0,15.0,2.0,0.0,1.0,4,4,10,0,10,0,19.433,308.0,162.0,348.0,8.733,4.0,10.53,roster,0,74.0,57.5,0.6167,46.11,3.0722,0.575,0.3799,3.2174,49.33,8.68,0.0,8.09,8.7
2021-08-10 18:00:00,18,18,18,1.0,5.0,11.0,1.0,0.0,1.0,2,2,9,0,9,0,20.433,363.0,222.0,408.0,9.733,4.0,10.53,roster,0,60.0,45.0,0.4839,35.91,2.1331,0.45,0.1899,3.3333,38.61,7.81,0.0,9.49,10.2
2021-08-10 19:00:00,19,12,12,1.0,2.0,8.0,1.0,0.0,1.0,3,2,5,0,5,0,21.433,423.0,295.0,433.0,7.8,4.0,10.53,roster,0,39.0,30.0,0.2786,20.15,1.5923,0.3,0.1899,3.25,25.74,4.34,0.0,10.07,10.825
2021-08-10 20:00:00,20,7,7,0.0,1.0,6.0,0.0,0.0,1.0,3,3,1,0,1,0,22.433,334.0,334.0,334.0,5.567,4.0,11.13,roster,0,22.0,17.5,0.141,3.65,1.3971,0.175,0.2695,3.1429,15.01,0.87,0.0,7.77,8.35
2021-08-10 21:00:00,21,10,10,0.0,1.0,8.0,1.0,0.0,1.0,7,5,1,0,1,0,23.433,394.0,394.0,394.0,6.567,4.0,11.13,roster,0,30.0,25.0,0.1923,11.48,2.0977,0.25,0.4492,3.0,21.45,0.87,0.0,9.16,9.85
2021-08-10 22:00:00,22,13,13,1.0,1.0,11.0,0.0,0.0,1.0,4,4,3,0,3,0,24.433,118.0,98.0,454.0,7.567,3.0,7.88,roster,0,42.0,32.5,0.3784,21.05,2.69,0.325,0.5076,3.2308,27.88,2.6,0.0,10.56,11.35
2021-08-10 23:00:00,23,15,15,1.0,1.0,12.0,1.0,0.0,1.0,5,4,6,0,6,0,25.433,128.0,87.0,178.0,8.567,3.0,7.88,roster,0,47.0,37.5,0.4608,21.52,2.7655,0.375,0.5076,3.1333,32.17,5.21,0.0,4.14,4.45
2021-08-11 00:00:00,0,19,19,1.0,0.0,16.0,2.0,0.0,1.0,9,9,6,0,6,0,26.433,188.0,147.0,238.0,9.567,3.0,7.88,roster,0,57.0,47.5,0.5588,31.5,4.8514,0.475,1.1421,3.0,40.75,5.21,0.0,5.53,5.95
2021-08-11 01:00:00,1,13,13,1.0,1.0,10.0,1.0,0.0,1.0,2,2,6,0,6,0,27.433,248.0,207.0,298.0,10.567,3.0,7.88,roster,0,41.0,32.5,0.402,20.02,1.8255,0.325,0.2538,3.1538,27.88,5.21,0.0,6.93,7.45
2021-08-11 02:00:00,2,17,17,1.0,1.0,13.0,2.0,0.0,1.0,4,4,7,0,7,0,28.433,278.0,241.0,358.0,11.567,3.0,7.88,roster,0,52.0,42.5,0.5253,30.87,2.8527,0.425,0.5076,3.0588,36.46,6.08,0.0,8.32,8.95
2021-08-11 03:00:00,3,15,15,1.0,1.0,13.0,0.0,0.0,1.0,1,1,9,0,9,0,29.433,327.0,177.0,398.0,12.567,3.0,7.88,roster,0,48.0,37.5,0.5161,29.24,1.6061,0.375,0.1269,3.2,32.17,7.81,0.0,9.25,9.95
2021-08-11 04:00:00,4,16,16,1.0,1.0,14.0,0.0,0.0,1.0,3,3,9,0,9,0,30.433,387.0,237.0,458.0,13.567,3.0,7.88,roster,0,51.0,40.0,0.5484,32.78,2.4885,0.4,0.3807,3.1875,34.32,7.81,0.0,10.65,11.45
2021-08-11 05:00:00,5,15,15,1.0,1.0,13.0,0.0,0.0,1.0,1,1,9,0,9,0,31.433,447.0,297.0,518.0,14.567,3.0,7.88,roster,0,48.0,37.5,0.5161,32.03,1.6061,0.375,0.1269,3.2,32.17,7.81,0.0,12.04,12.95
2021-08-11 06:00:00,6,17,17,2.0,1.0,14.0,0.0,0.0,1.0,2,2,9,0,9,0,32.433,507.0,357.0,578.0,15.567,3.0,7.88,roster,0,56.0,42.5,0.6022,37.72,2.2361,0.425,0.2538,3.2941,36.46,7.81,0.0,13.44,14.45
2021-08-11 07:00:00,7,18,18,2.0,1.0,15.0,0.0,0.0,1.0,2,2,9,0,9,0,33.433,567.0,417.0,638.0,16.567,3.0,7.88,roster,0,59.0,45.0,0.6344,41.26,2.3069,0.45,0.2538,3.2778,38.61,7.81,0.0,14.83,15.95
2021-08-11 08:00:00,8,16,16,2.0,1.0,12.0,1.0,0.0,1.0,4,3,10,0,10,0,34.433,614.0,384.0,698.0,17.567,3.0,6.58,roster,0,52.0,40.0,0.5778,39.23,2.7818,0.4,0.4559,3.25,34.32,8.68,0.0,16.23,17.45
2021-08-11 09:00:00,9,17,17,2.0,1.0,13.0,1.0,0.0,1.0,4,4,8,0,8,0,35.433,599.0,444.0,758.0,12.967,3.0,6.58,roster,0,55.0,42.5,0.5729,41.03,3.3417,0.425,0.6079,3.2353,36.46,6.95,0.0,17.62,18.95
2021-08-11 10:00:00,10,25,25,2.0,1.0,21.0,1.0,0.0,1.0,8,8,8,0,8,0,36.433,659.0,504.0,818.0,13.967,4.0,10.28,roster,0,79.0,62.5,0.6172,59.59,4.4341,0.625,0.7782,3.16,53.62,6.95,0.0,19.02,20.45
2021-08-11 11:00:00,11,24,24,2.0,1.0,20.0,1.0,0.0,1.0,4,4,10,0,10,0,37.433,610.5,240.0,818.0,14.967,4.0,10.28,roster,0,76.0,60.0,0.6333,59.18,3.1322,0.6,0.3891,3.1667,51.48,8.68,0.0,19.02,20.45
2021-08-11 12:00:00,12,24,24,2.0,2.0,20.0,0.0,0.0,1.0,6,5,8,0,8,0,38.433,667.5,300.0,878.0,15.967,4.0,10.28,roster,0,78.0,60.0,0.6094,58.84,3.5307,0.6,0.4864,3.25,51.48,6.95,0.0,20.41,21.95
2021-08-11 13:00:00,13,27,27,2.0,4.0,21.0,0.0,0.0,1.0,7,7,10,0,10,0,39.433,453.5,89.0,901.0,16.967,4.0,10.28,roster,0,89.0,67.5,0.7417,67.55,4.4696,0.675,0.6809,3.2963,57.92,8.68,0.0,20.95,22.525
2021-08-11 14:00:00,14,27,27,2.0,4.0,21.0,0.0,0.0,1.0,8,5,10,0,10,0,40.433,209.5,122.0,961.0,17.967,4.0,10.28,roster,0,89.0,67.5,0.7417,68.94,3.8283,0.675,0.4864,3.2963,57.92,8.68,0.0,22.34,24.025
2021-08-11 15:00:00,15,22,22,1.0,4.0,17.0,0.0,0.0,1.0,3,2,10,1,11,1,41.433,182.0,100.0,330.0,17.633,4.0,10.28,roster,0,72.0,55.0,0.6207,57.81,2.4367,0.55,0.1946,3.2727,47.19,9.55,13.4,7.67,8.25
2021-08-11 16:00:00,16,19,19,1.0,1.0,17.0,0.0,0.0,1.0,3,2,8,0,8,0,18.633,259.0,183.0,858.0,18.633,4.0,10.28,roster,0,60.0,47.5,0.4688,47.65,2.1144,0.475,0.1946,3.1579,40.75,6.95,0.0,19.95,21.45
2021-08-11 17:00:00,17,22,22,1.0,2.0,19.0,0.0,0.0,1.0,7,6,8,0,8,0,19.633,319.0,243.0,918.0,19.633,4.0,10.28,roster,0,70.0,55.0,0.5469,55.48,3.6071,0.55,0.5837,3.1818,47.19,6.95,0.0,21.34,22.95
2021-08-11 18:00:00,18,18,18,0.0,3.0,15.0,0.0,0.0,1.0,3,3,8,0,8,0,20.633,379.0,303.0,978.0,20.633,4.0,10.28,roster,0,57.0,45.0,0.4453,48.29,2.3491,0.45,0.2918,3.1667,38.61,6.95,0.0,22.74,24.45
2021-08-11 19:00:00,19,17,17,0.0,3.0,14.0,0.0,0.0,1.0,3,2,9,0,9,0,21.633,429.0,305.0,570.0,21.633,4.0,10.28,roster,0,54.0,42.5,0.4355,37.53,1.968,0.425,0.1946,3.1765,36.46,7.81,0.0,13.25,14.25
2021-08-11 20:00:00,20,18,18,0.0,2.0,15.0,1.0,0.0,1.0,6,6,6,0,6,0,22.633,559.5,423.0,1098.0,22.633,4.0,10.08,roster,0,55.0,45.0,0.4044,49.35,3.1938,0.45,0.5952,3.0556,38.61,5.21,0.0,25.53,27.45
2021-08-11 21:00:00,21,18,18,1.0,2.0,13.0,2.0,0.0,1.0,8,6,4,0,4,0,19.3,353.5,224.0,1158.0,19.3,4.0,10.08,roster,0,56.0,45.0,0.3889,49.01,3.2519,0.45,0.5952,3.1111,38.61,3.47,0.0,26.92,28.95
2021-08-11 22:00:00,22,15,15,2.0,1.0,10.0,2.0,0.0,1.0,6,5,3,0,3,0,12.2,153.0,89.0,284.0,4.733,3.0,6.38,roster,0,48.0,37.5,0.4324,21.38,3.7078,0.375,0.7837,3.2,32.17,2.6,0.0,6.6,7.1
2021-08-11 23:00:00,23,13,13,2.0,1.0,9.0,1.0,0.0,1.0,3,3,2,1,3,1,13.2,149.0,106.0,344.0,5.733,3.0,6.38,roster,0,43.0,32.5,0.3874,31.89,2.6303,0.325,0.4702,3.3077,27.88,2.6,13.4,8.0,8.6
2021-08-12 00:00:00,0,15,15,2.0,2.0,10.0,1.0,0.0,1.0,6,6,2,1,3,1,14.2,209.0,166.0,404.0,6.733,3.0,6.38,roster,0,50.0,37.5,0.4505,37.57,4.3848,0.375,0.9404,3.3333,32.17,2.6,13.4,9.39,10.1
2021-08-12 01:00:00,1,14,14,1.0,3.0,9.0,1.0,0.0,1.0,6,4,3,0,3,0,15.2,269.0,64.0,464.0,7.733,3.0,6.38,roster,0,46.0,35.0,0.4144,23.42,3.21,0.35,0.627,3.2857,30.03,2.6,0.0,10.79,11.6
2021-08-12 02:00:00,2,13,13,1.0,3.0,7.0,1.0,1.0,1.0,2,1,5,0,5,0,16.2,124.0,115.0,329.0,8.733,3.0,6.38,roster,0,41.0,32.5,0.3905,19.88,1.5193,0.325,0.1567,3.1538,27.88,4.34,0.0,7.65,8.225
2021-08-12 03:00:00,3,10,10,1.0,3.0,5.0,1.0,0.0,1.0,0,0,5,0,5,0,17.2,184.0,175.0,389.0,9.733,3.0,6.38,roster,0,34.0,25.0,0.3238,14.84,0.85,0.25,0.0,3.4,21.45,4.34,0.0,9.04,9.725
2021-08-12 04:00:00,4,10,10,1.0,3.0,4.0,1.0,1.0,1.0,2,2,5,0,5,0,18.2,244.0,235.0,449.0,10.733,3.0,6.38,roster,0,32.0,25.0,0.3048,16.23,1.8031,0.25,0.3135,3.2,21.45,4.34,0.0,10.44,11.225
2021-08-12 05:00:00,5,9,9,1.0,3.0,3.0,1.0,1.0,1.0,0,0,5,0,5,0,19.2,304.0,295.0,509.0,11.733,3.0,6.38,roster,0,29.0,22.5,0.2762,15.48,0.725,0.225,0.0,3.2222,19.3,4.34,0.0,11.83,12.725
2021-08-12 06:00:00,6,10,10,1.0,4.0,3.0,1.0,1.0,1.0,2,1,5,0,5,0,20.2,364.0,355.0,569.0,12.733,3.0,6.38,roster,0,33.0,25.0,0.3143,19.02,1.3422,0.25,0.1567,3.3,21.45,4.34,0.0,13.23,14.225
2021-08-12 07:00:00,7,13,13,1.0,4.0,5.0,2.0,1.0,1.0,3,3,6,0,6,0,21.2,419.5,386.0,629.0,13.733,3.0,6.38,roster,0,41.0,32.5,0.402,27.72,2.508,0.325,0.4702,3.1538,27.88,5.21,0.0,14.62,15.725
2021-08-12 08:00:00,8,13,13,2.0,4.0,5.0,1.0,1.0,1.0,2,3,6,0,6,0,22.2,479.5,446.0,689.0,14.733,3.0,6.43,roster,0,44.0,32.5,0.4314,29.11,2.6791,0.325,0.4666,3.3846,27.88,5.21,0.0,16.02,17.225
2021-08-12 09:00:00,9,19,19,1.0,4.0,12.0,1.0,1.0,1.0,8,8,5,1,6,1,23.2,352.0,79.0,535.0,15.733,3.0,6.43,roster,0,60.0,47.5,0.5882,51.8,5.429,0.475,1.2442,3.1579,40.75,5.21,13.4,12.44,13.375
2021-08-12 10:00:00,10,28,28,2.0,5.0,19.0,1.0,1.0,1.0,11,11,6,1,7,1,16.733,258.0,125.0,595.0,16.733,4.0,9.68,roster,0,90.0,70.0,0.6818,73.37,5.9026,0.7,1.1364,3.2143,60.06,6.08,13.4,13.83,14.875
2021-08-12 11:00:00,11,32,32,2.0,5.0,23.0,1.0,1.0,1.0,6,6,11,1,12,1,17.733,165.0,108.0,626.0,17.733,4.0,9.68,roster,0,102.0,80.0,0.9107,87.01,4.5257,0.8,0.6198,3.1875,68.64,10.42,13.4,14.55,15.65
2021-08-12 12:00:00,12,22,22,0.0,3.0,18.0,0.0,1.0,1.0,3,3,7,0,7,0,8.25,166.0,121.0,205.0,6.3,4.0,9.68,roster,0,67.0,55.0,0.5076,38.03,2.6188,0.55,0.3099,3.0455,47.19,6.08,0.0,4.77,5.125
2021-08-12 13:00:00,13,24,24,0.0,4.0,19.0,0.0,1.0,1.0,7,7,7,0,7,0,9.25,181.0,102.0,265.0,7.3,4.0,9.68,roster,0,74.0,60.0,0.5606,43.72,4.0797,0.6,0.7231,3.0833,51.48,6.08,0.0,6.16,6.625
2021-08-12 14:00:00,14,26,26,1.0,5.0,19.0,0.0,1.0,1.0,5,5,6,1,7,1,10.25,207.0,144.0,286.0,8.3,4.0,9.68,roster,0,83.0,65.0,0.6288,61.9,3.7239,0.65,0.5165,3.1923,55.77,6.08,13.4,6.65,7.15
2021-08-12 15:00:00,15,22,22,1.0,5.0,15.0,0.0,1.0,1.0,5,4,6,2,8,2,9.3,205.5,94.0,346.0,9.3,4.0,9.68,roster,0,71.0,55.0,0.5547,68.98,3.1086,0.55,0.4132,3.2273,47.19,6.95,26.8,8.04,8.65
2021-08-12 16:00:00,16,24,24,1.0,6.0,17.0,0.0,0.0,1.0,6,6,5,2,7,2,10.3,204.0,129.0,361.0,10.3,4.0,9.68,roster,0,80.0,60.0,0.6061,72.75,4.0661,0.6,0.6198,3.3333,51.48,6.08,26.8,8.39,9.025
2021-08-12 17:00:00,17,24,24,0.0,7.0,17.0,0.0,0.0,1.0,7,6,4,2,6,2,11.3,239.0,189.0,387.0,11.3,4.0,9.68,roster,0,79.0,60.0,0.5809,72.49,4.0153,0.6,0.6198,3.2917,51.48,5.21,26.8,9.0,9.675
2021-08-12 18:00:00,18,27,27,0.0,8.0,19.0,0.0,0.0,1.0,7,7,4,2,6,2,12.3,299.0,249.0,447.0,12.3,4.0,9.68,roster,0,89.0,67.5,0.6544,80.32,4.6087,0.675,0.7231,3.2963,57.92,5.21,26.8,10.39,11.175
2021-08-12 19:00:00,19,25,25,1.0,8.0,16.0,0.0,0.0,1.0,7,7,5,1,6,1,13.3,162.0,90.0,334.0,13.3,4.0,9.68,roster,0,85.0,62.5,0.625,60.0,4.5837,0.625,0.7231,3.4,53.62,5.21,13.4,7.77,8.35
2021-08-12 20:00:00,20,24,24,2.0,4.0,17.0,1.0,0.0,1.0,10,9,5,0,5,0,11.85,141.0,87.0,156.0,4.8,4.0,11.01,roster,0,79.0,60.0,0.5643,39.45,4.6657,0.6,0.8174,3.2917,51.48,4.34,0.0,3.63,3.9
2021-08-12 21:00:00,21,27,27,0.0,3.0,22.0,2.0,0.0,1.0,9,9,7,0,7,0,8.767,142.0,75.0,201.0,3.6,4.0,11.01,roster,0,82.0,67.5,0.6212,48.67,4.5326,0.675,0.8174,3.037,57.92,6.08,0.0,4.67,5.025
2021-08-12 22:00:00,22,22,22,0.0,3.0,19.0,0.0,0.0,1.0,8,7,6,0,6,0,9.767,156.5,133.0,202.0,3.45,3.0,7.76,roster,0,69.0,55.0,0.6765,37.1,4.5542,0.55,0.9021,3.1364,47.19,5.21,0.0,4.7,5.05
2021-08-12 23:00:00,23,26,26,0.0,3.0,23.0,0.0,0.0,1.0,7,7,8,0,8,0,10.767,194.0,176.0,262.0,4.45,3.0,7.76,roster,0,81.0,65.0,0.8438,48.81,4.8353,0.65,0.9021,3.1154,55.77,6.95,0.0,6.09,6.55
2021-08-13 00:00:00,0,23,23,0.0,2.0,21.0,0.0,0.0,1.0,6,4,8,0,8,0,6.45,254.0,236.0,322.0,5.45,3.0,7.76,roster,0,71.0,57.5,0.7396,43.77,3.3662,0.575,0.5155,3.087,49.33,6.95,0.0,7.49,8.05
2021-08-13 01:00:00,1,26,26,0.0,3.0,23.0,0.0,0.0,1.0,3,3,8,0,8,0,7.45,314.0,296.0,382.0,6.45,3.0,7.76,roster,0,81.0,65.0,0.8438,51.6,3.2294,0.65,0.3866,3.1154,55.77,6.95,0.0,8.88,9.55
2021-08-13 02:00:00,2,28,28,0.0,4.0,24.0,0.0,0.0,1.0,6,6,9,1,10,1,8.45,364.5,242.0,418.0,7.45,3.0,7.76,roster,0,88.0,70.0,0.9778,71.86,4.63,0.7,0.7732,3.1429,60.06,8.68,13.4,9.72,10.45
2021-08-13 03:00:00,3,24,24,0.0,4.0,20.0,0.0,0.0,1.0,2,2,10,1,11,1,9.45,416.0,160.0,478.0,8.45,3.0,7.76,roster,0,76.0,60.0,0.8736,65.54,2.7162,0.6,0.2577,3.1667,51.48,9.55,13.4,11.11,11.95
2021-08-13 04:00:00,4,22,22,0.0,3.0,18.0,1.0,0.0,1.0,2,2,10,0,10,0,10.45,484.5,362.0,538.0,9.45,3.0,7.76,roster,0,68.0,55.0,0.7556,48.38,2.4966,0.55,0.2577,3.0909,47.19,8.68,0.0,12.51,13.45
2021-08-13 05:00:00,5,22,22,0.0,3.0,18.0,1.0,0.0,1.0,1,1,10,0,10,0,11.45,544.5,422.0,598.0,10.45,3.0,7.76,roster,0,68.0,55.0,0.7556,49.78,2.0983,0.55,0.1289,3.0909,47.19,8.68,0.0,13.9,14.95
2021-08-13 06:00:00,6,25,25,0.0,3.0,21.0,1.0,0.0,1.0,3,3,10,0,10,0,12.45,604.5,482.0,658.0,11.45,3.0,7.76,roster,0,77.0,62.5,0.8556,57.61,3.1157,0.625,0.3866,3.08,53.62,8.68,0.0,15.3,16.45
2021-08-13 07:00:00,7,24,24,0.0,3.0,21.0,0.0,0.0,1.0,1,1,11,0,11,0,13.45,656.0,361.0,718.0,12.45,3.0,7.76,roster,0,75.0,60.0,0.8621,57.72,2.2777,0.6,0.1289,3.125,51.48,9.55,0.0,16.69,17.95
2021-08-13 08:00:00,8,24,24,0.0,3.0,21.0,0.0,0.0,1.0,2,2,12,0,12,0,14.45,686.0,421.0,778.0,13.45,3.0,7.28,roster,0,75.0,60.0,0.8929,59.99,2.7335,0.6,0.2747,3.125,51.48,10.42,0.0,18.09,19.45
2021-08-13 09:00:00,9,26,26,2.0,4.0,20.0,0.0,0.0,1.0,8,8,8,0,8,0,15.05,719.0,481.0,862.0,14.45,3.0,7.28,roster,0,86.0,65.0,0.8958,62.76,5.7848,0.65,1.0989,3.3077,55.77,6.95,0.0,20.04,21.55
2021-08-13 10:00:00,10,31,31,2.0,5.0,24.0,0.0,0.0,1.0,9,9,8,2,10,2,16.05,238.0,77.0,722.0,15.367,4.0,10.6,roster,0,102.0,77.5,0.85,98.76,5.3437,0.775,0.8491,3.2903,66.5,8.68,26.8,16.79,18.05
2021-08-13 11:00:00,11,26,26,0.0,7.0,19.0,0.0,0.0,1.0,4,4,10,1,11,1,16.367,179.0,113.0,782.0,16.367,4.0,10.6,roster,0,85.0,65.0,0.7328,76.9,3.3587,0.65,0.3774,3.2692,55.77,9.55,13.4,18.18,19.55
2021-08-13 12:00:00,12,24,24,0.0,8.0,16.0,0.0,0.0,1.0,3,4,11,2,13,2,17.367,197.0,169.0,661.0,17.367,4.0,10.6,roster,0,80.0,60.0,0.7407,84.94,3.2579,0.6,0.3774,3.3333,51.48,11.29,26.8,15.37,16.525
2021-08-13 13:00:00,13,27,27,0.0,11.0,16.0,0.0,0.0,1.0,12,10,10,2,12,2,18.367,252.5,229.0,721.0,18.367,4.0,10.6,roster,0,92.0,67.5,0.8214,91.9,5.5145,0.675,0.9434,3.4074,57.92,10.42,26.8,16.76,18.025
2021-08-13 14:00:00,14,27,27,0.0,10.0,17.0,0.0,0.0,1.0,7,8,10,1,11,1,16.033,289.0,86.0,443.0,16.033,4.0,10.6,roster,0,91.0,67.5,0.7845,71.17,4.8187,0.675,0.7547,3.3704,57.92,9.55,13.4,10.3,11.075
2021-08-13 15:00:00,15,28,28,0.0,10.0,18.0,0.0,0.0,1.0,5,4,12,1,13,1,17.033,240.0,120.0,368.0,17.033,4.0,10.6,roster,0,94.0,70.0,0.8704,73.3,3.6168,0.7,0.3774,3.3571,60.06,11.29,13.4,8.56,9.2
2021-08-13 16:00:00,16,24,24,0.0,9.0,15.0,0.0,0.0,1.0,3,3,11,1,12,1,17.05,204.0,175.0,409.0,15.017,4.0,10.6,roster,0,81.0,60.0,0.7232,64.81,2.9802,0.6,0.283,3.375,51.48,10.42,13.4,9.51,10.225
2021-08-13 17:00:00,17,23,23,0.0,8.0,12.0,2.0,1.0,1.0,4,4,11,1,12,1,18.05,251.0,217.0,469.0,16.017,4.0,10.6,roster,0,73.0,57.5,0.6518,64.06,3.0227,0.575,0.3774,3.1739,49.33,10.42,13.4,10.9,11.725
2021-08-13 18:00:00,18,16,16,1.0,7.0,8.0,0.0,0.0,1.0,3,2,9,1,10,1,19.05,311.0,266.0,420.0,17.017,4.0,10.6,roster,0,57.0,40.0,0.475,46.17,2.0972,0.4,0.1887,3.5625,34.32,8.68,13.4,9.76,10.5
2021-08-13 19:00:00,19,16,16,1.0,5.0,9.0,1.0,0.0,1.0,6,5,7,1,8,1,9.817,331.5,273.0,480.0,9.817,4.0,10.6,roster,0,54.0,40.0,0.4219,45.83,2.942,0.4,0.4717,3.375,34.32,6.95,13.4,11.16,12.0
2021-08-13 20:00:00,20,19,19,1.0,2.0,15.0,1.0,0.0,1.0,10,8,4,0,4,0,9.917,327.0,257.0,540.0,9.0,4.0,9.7,roster,0,60.0,47.5,0.4167,36.78,4.1044,0.475,0.8247,3.1579,40.75,3.47,0.0,12.56,13.5
2021-08-13 21:00:00,21,22,22,2.0,2.0,17.0,1.0,0.0,1.0,9,9,6,0,6,0,7.617,161.0,86.0,317.0,7.617,4.0,9.7,roster,0,71.0,55.0,0.5221,39.77,4.7694,0.55,0.9278,3.2273,47.19,5.21,0.0,7.37,7.925
2021-08-13 22:00:00,22,17,17,0.0,1.0,15.0,1.0,0.0,1.0,3,3,4,0,4,0,6.283,160.0,146.0,377.0,6.283,3.0,6.38,roster,0,51.0,42.5,0.4722,28.7,2.6857,0.425,0.4702,3.0,36.46,3.47,0.0,8.77,9.425
2021-08-13 23:00:00,23,19,19,0.0,1.0,17.0,1.0,0.0,1.0,8,7,4,0,4,0,7.283,220.0,206.0,437.0,7.283,3.0,6.38,roster,0,57.0,47.5,0.5278,34.39,4.7165,0.475,1.0972,3.0,40.75,3.47,0.0,10.16,10.925
2021-08-14 00:00:00,0,19,19,0.0,1.0,17.0,1.0,0.0,1.0,6,6,5,0,5,0,8.283,266.0,245.0,294.0,8.283,3.0,6.38,roster,0,57.0,47.5,0.5429,31.93,4.2463,0.475,0.9404,3.0,40.75,4.34,0.0,6.84,7.35
2021-08-14 01:00:00,1,16,16,0.0,1.0,14.0,1.0,0.0,1.0,2,2,6,0,6,0,9.283,315.5,146.0,354.0,9.283,3.0,6.38,roster,0,48.0,40.0,0.4706,27.76,2.1404,0.4,0.3135,3.0,34.32,5.21,0.0,8.23,8.85
2021-08-14 02:00:00,2,19,19,0.0,2.0,16.0,1.0,0.0,1.0,6,6,6,0,6,0,10.283,375.5,206.0,414.0,10.283,3.0,6.38,roster,0,58.0,47.5,0.5686,35.59,4.3208,0.475,0.9404,3.0526,40.75,5.21,0.0,9.63,10.35
2021-08-14 03:00:00,3,18,18,0.0,2.0,15.0,1.0,0.0,1.0,4,4,8,0,8,0,11.283,345.5,234.0,474.0,11.283,3.0,6.38,roster,0,55.0,45.0,0.5729,36.58,3.2907,0.45,0.627,3.0556,38.61,6.95,0.0,11.02,11.85
2021-08-14 04:00:00,4,17,17,0.0,2.0,14.0,1.0,0.0,1.0,2,2,8,0,8,0,12.283,405.5,294.0,534.0,12.283,3.0,6.38,roster,0,52.0,42.5,0.5417,35.83,2.2589,0.425,0.3135,3.0588,36.46,6.95,0.0,12.42,13.35
2021-08-14 05:00:00,5,19,19,0.0,2.0,15.0,2.0,0.0,1.0,5,5,10,0,10,0,13.283,370.0,181.0,566.0,13.283,3.0,6.38,roster,0,57.0,47.5,0.6333,42.6,3.7761,0.475,0.7837,3.0,40.75,8.68,0.0,13.16,14.15
2021-08-14 06:00:00,6,19,19,0.0,2.0,16.0,1.0,0.0,1.0,2,2,10,0,10,0,14.283,430.0,241.0,626.0,14.283,3.0,6.38,roster,0,58.0,47.5,0.6444,43.99,2.4069,0.475,0.3135,3.0526,40.75,8.68,0.0,14.55,15.65
2021-08-14 07:00:00,7,21,21,0.0,2.0,18.0,1.0,0.0,1.0,6,5,11,0,11,0,15.283,474.0,228.0,686.0,15.283,3.0,6.38,roster,0,64.0,52.5,0.7356,50.55,3.9884,0.525,0.7837,3.0476,45.04,9.55,0.0,15.95,17.15
2021-08-14 08:00:00,8,20,20,0.0,2.0,16.0,2.0,0.0,1.0,4,4,12,0,12,0,16.283,469.0,288.0,746.0,16.283,3.0,6.4,roster,0,60.0,50.0,0.7143,50.66,3.375,0.5,0.625,3.0,42.9,10.42,0.0,17.34,18.65
2021-08-14 09:00:00,9,21,21,0.0,2.0,17.0,2.0,0.0,1.0,6,7,10,0,10,0,17.283,384.5,193.0,626.0,17.283,3.0,6.4,roster,0,63.0,52.5,0.7,48.28,4.8562,0.525,1.0938,3.0,45.04,8.68,0.0,14.55,15.65
2021-08-14 10:00:00,10,23,23,0.0,2.0,19.0,2.0,0.0,1.0,7,7,9,0,9,0,18.283,253.0,120.0,481.0,18.283,4.0,10.1,roster,0,69.0,57.5,0.5565,48.33,3.8042,0.575,0.6931,3.0,49.33,7.81,0.0,11.18,12.025
2021-08-14 11:00:00,11,19,19,0.0,2.0,16.0,1.0,0.0,1.0,1,1,12,0,12,0,19.283,221.0,149.0,541.0,19.283,4.0,10.1,roster,0,58.0,47.5,0.5179,43.75,1.7522,0.475,0.099,3.0526,40.75,10.42,0.0,12.58,13.525
2021-08-14 12:00:00,12,16,16,1.0,3.0,12.0,0.0,0.0,1.0,7,7,6,0,6,0,10.617,291.0,178.0,528.0,10.017,4.0,10.1,roster,0,53.0,40.0,0.3897,31.81,3.6208,0.4,0.6931,3.3125,34.32,5.21,0.0,12.28,13.2
2021-08-14 13:00:00,13,21,21,1.0,3.0,16.0,1.0,0.0,1.0,8,7,8,1,9,1,11.617,207.0,101.0,269.0,9.8,4.0,10.1,roster,0,67.0,52.5,0.5403,52.51,3.8862,0.525,0.6931,3.1905,45.04,7.81,13.4,6.25,6.725
2021-08-14 14:00:00,14,19,19,0.0,2.0,16.0,0.0,1.0,1.0,6,6,6,0,6,0,12.617,164.5,145.0,329.0,8.217,4.0,10.1,roster,0,57.0,47.5,0.4191,33.61,3.2072,0.475,0.5941,3.0,40.75,5.21,0.0,7.65,8.225
2021-08-14 15:00:00,15,18,18,0.0,2.0,16.0,0.0,0.0,1.0,8,8,3,0,3,0,5.767,205.0,140.0,218.0,3.633,4.0,10.1,roster,0,56.0,45.0,0.3784,26.28,3.8642,0.45,0.7921,3.1111,38.61,2.6,0.0,5.07,5.45
2021-08-14 16:00:00,16,23,23,0.0,2.0,18.0,3.0,0.0,1.0,13,13,3,0,3,0,6.767,88.0,83.0,200.0,3.333,4.0,10.1,roster,0,68.0,57.5,0.4595,36.59,5.5054,0.575,1.2871,2.9565,49.33,2.6,0.0,4.65,5.0
2021-08-14 17:00:00,17,23,23,0.0,3.0,15.0,4.0,1.0,1.0,5,5,6,1,7,1,7.767,105.0,95.0,148.0,4.333,4.0,10.1,roster,0,66.0,57.5,0.5,52.25,3.0706,0.575,0.495,2.8696,49.33,6.08,13.4,3.44,3.7
2021-08-14 18:00:00,18,19,19,0.0,3.0,14.0,2.0,0.0,1.0,5,5,6,1,7,1,8.767,160.0,128.0,203.0,5.333,4.0,10.1,roster,0,58.0,47.5,0.4394,44.95,2.9612,0.475,0.495,3.0526,40.75,6.08,13.4,4.72,5.075
2021-08-14 19:00:00,19,23,23,0.0,3.0,19.0,1.0,0.0,1.0,12,11,4,0,4,0,9.767,162.5,137.0,380.0,6.333,4.0,10.1,roster,0,71.0,57.5,0.4931,41.64,5.137,0.575,1.0891,3.087,49.33,3.47,0.0,8.84,9.5
2021-08-14 20:00:00,20,15,15,0.0,1.0,14.0,0.0,0.0,1.0,3,4,4,0,4,0,4.817,145.5,94.0,248.0,4.133,4.0,11.46,roster,0,46.0,37.5,0.3194,21.41,2.2204,0.375,0.349,3.0667,32.17,3.47,0.0,5.77,6.2
2021-08-14 21:00:00,21,24,24,0.0,2.0,22.0,0.0,0.0,1.0,13,12,5,0,5,0,5.133,154.0,151.0,257.0,5.133,4.0,11.46,roster,0,74.0,60.0,0.5286,41.8,5.0786,0.6,1.0471,3.0833,51.48,4.34,0.0,5.98,6.425
2021-08-14 22:00:00,22,21,21,0.0,5.0,16.0,0.0,0.0,1.0,7,7,3,0,3,0,5.283,211.0,144.0,317.0,5.283,3.0,7.76,roster,0,68.0,52.5,0.6126,35.02,4.621,0.525,0.9021,3.2381,45.04,2.6,0.0,7.37,7.925
2021-08-14 23:00:00,23,29,29,0.0,7.0,22.0,0.0,0.0,1.0,11,10,6,1,7,1,6.283,117.0,101.0,271.0,6.283,3.0,7.76,roster,0,94.0,72.5,0.9495,67.98,6.527,0.725,1.2887,3.2414,62.2,6.08,13.4,6.3,6.775
2021-08-15 00:00:00,0,30,30,0.0,8.0,21.0,1.0,0.0,1.0,11,10,5,1,6,1,6.367,174.0,161.0,264.0,5.517,3.0,7.76,roster,0,97.0,75.0,0.951,69.1,6.5917,0.75,1.2887,3.2333,64.35,5.21,13.4,6.14,6.6
2021-08-15 01:00:00,1,22,22,0.0,7.0,14.0,1.0,0.0,1.0,4,4,4,1,5,1,6.517,231.0,221.0,237.0,6.517,3.0,7.76,roster,0,72.0,55.0,0.6857,50.44,3.487,0.55,0.5155,3.2727,47.19,4.34,13.4,5.51,5.925
2021-08-15 02:00:00,2,16,16,0.0,6.0,10.0,0.0,0.0,1.0,2,2,4,0,4,0,7.517,286.0,281.0,451.0,7.517,3.0,7.76,roster,0,54.0,40.0,0.5,28.28,2.2198,0.4,0.2577,3.375,34.32,3.47,0.0,10.49,11.275
2021-08-15 03:00:00,3,13,13,0.0,6.0,7.0,0.0,0.0,1.0,2,0,5,0,5,0,8.517,341.0,317.0,351.0,8.517,3.0,7.76,roster,0,45.0,32.5,0.4286,20.39,1.125,0.325,0.0,3.4615,27.88,4.34,0.0,8.16,8.775
2021-08-15 04:00:00,4,14,14,0.0,5.0,9.0,0.0,0.0,1.0,2,2,5,0,5,0,9.517,401.0,377.0,411.0,9.517,3.0,7.76,roster,0,47.0,35.0,0.4476,23.93,2.0402,0.35,0.2577,3.3571,30.03,4.34,0.0,9.56,10.275
2021-08-15 05:00:00,5,15,15,0.0,5.0,10.0,0.0,0.0,1.0,1,1,5,0,5,0,10.517,461.0,437.0,471.0,10.517,3.0,7.76,roster,0,50.0,37.5,0.4762,27.47,1.6796,0.375,0.1289,3.3333,32.17,4.34,0.0,10.95,11.775
2021-08-15 06:00:00,6,13,13,0.0,5.0,8.0,0.0,0.0,1.0,2,2,5,0,5,0,11.517,521.0,497.0,531.0,11.517,3.0,7.76,roster,0,44.0,32.5,0.419,24.57,1.9723,0.325,0.2577,3.3846,27.88,4.34,0.0,12.35,13.275
2021-08-15 07:00:00,7,18,18,1.0,5.0,12.0,0.0,0.0,1.0,6,6,6,1,7,1,12.517,557.0,105.0,591.0,12.517,3.0,7.76,roster,0,61.0,45.0,0.6162,51.83,4.1453,0.45,0.7732,3.3889,38.61,6.08,13.4,13.74,14.775
2021-08-15 08:00:00,8,21,21,1.0,5.0,15.0,0.0,0.0,1.0,7,7,7,2,9,2,13.517,409.0,160.0,641.0,13.517,3.0,7.22,roster,0,70.0,52.5,0.7527,74.56,4.9818,0.525,0.9695,3.3333,45.04,7.81,26.8,14.9,16.025
2021-08-15 09:00:00,9,22,22,2.0,4.0,16.0,0.0,0.0,1.0,4,4,7,1,8,1,13.867,200.0,133.0,677.0,11.85,3.0,7.22,roster,0,74.0,55.0,0.7708,63.28,3.7135,0.55,0.554,3.3636,47.19,6.95,13.4,15.74,16.925
2021-08-15 10:00:00,10,22,22,2.0,3.0,15.0,2.0,0.0,1.0,6,7,6,2,8,2,14.867,214.0,161.0,529.0,12.283,4.0,10.68,roster,0,71.0,55.0,0.5547,73.24,3.8903,0.55,0.6554,3.2273,47.19,6.95,26.8,12.3,13.225
2021-08-15 11:00:00,11,24,24,2.0,4.0,14.0,2.0,2.0,1.0,6,6,7,2,9,2,15.867,253.0,131.0,345.0,13.283,4.0,10.68,roster,0,74.0,60.0,0.5968,74.12,3.5822,0.6,0.5618,3.0833,51.48,7.81,26.8,8.02,8.625
2021-08-15 12:00:00,12,25,25,2.0,5.0,13.0,4.0,1.0,1.0,8,8,4,4,8,4,16.867,236.0,180.0,405.0,14.283,4.0,10.68,roster,0,78.0,62.5,0.6094,103.59,4.2871,0.625,0.7491,3.12,53.62,6.95,53.6,9.42,10.125
2021-08-15 13:00:00,13,19,19,2.0,4.0,13.0,0.0,0.0,1.0,5,5,3,4,7,4,15.283,240.0,164.0,373.0,15.283,4.0,10.68,roster,0,65.0,47.5,0.4924,89.11,3.2266,0.475,0.4682,3.4211,40.75,6.08,53.6,8.67,9.325
2021-08-15 14:00:00,14,25,25,1.0,5.0,19.0,0.0,0.0,1.0,10,10,5,4,9,4,14.467,179.0,68.0,237.0,7.217,4.0,10.68,roster,0,82.0,62.5,0.6613,100.55,5.1212,0.625,0.9363,3.28,53.62,7.81,53.6,5.51,5.925
2021-08-15 15:00:00,15,25,25,0.0,4.0,21.0,0.0,0.0,1.0,8,7,7,3,10,3,15.467,141.0,120.0,284.0,6.0,4.0,10.68,roster,0,79.0,62.5,0.6583,89.11,4.0462,0.625,0.6554,3.16,53.62,8.68,40.2,6.6,7.1
2021-08-15 16:00:00,16,25,25,0.0,3.0,20.0,2.0,0.0,1.0,6,6,5,2,7,2,16.467,188.0,171.0,357.0,7.0,4.0,10.68,roster,0,76.0,62.5,0.5758,74.8,3.6079,0.625,0.5618,3.04,53.62,6.08,26.8,8.3,8.925
2021-08-15 17:00:00,17,24,24,1.0,4.0,18.0,1.0,0.0,1.0,5,5,5,1,6,1,17.467,246.0,220.0,274.0,8.0,4.0,10.68,roster,0,77.0,60.0,0.5662,56.46,3.427,0.6,0.4682,3.2083,51.48,5.21,13.4,6.37,6.85
2021-08-15 18:00:00,18,16,16,0.0,4.0,12.0,0.0,0.0,1.0,3,2,6,0,6,0,18.467,213.5,104.0,304.0,9.0,4.0,10.68,roster,0,52.0,40.0,0.3824,26.6,1.9086,0.4,0.1873,3.25,34.32,5.21,0.0,7.07,7.6
2021-08-15 19:00:00,19,19,19,0.0,3.0,16.0,0.0,0.0,1.0,6,6,4,0,4,0,19.467,185.5,164.0,600.0,10.0,4.0,10.68,roster,0,60.0,47.5,0.4167,38.18,3.2741,0.475,0.5618,3.1579,40.75,3.47,0.0,13.95,15.0
2021-08-15 20:00:00,20,21,21,0.0,5.0,14.0,2.0,0.0,1.0,11,10,2,0,2,0,20.467,442.0,224.0,660.0,11.0,4.0,9.84,roster,0,66.0,52.5,0.4342,42.13,4.844,0.525,1.0163,3.1429,45.04,1.74,0.0,15.34,16.5
2021-08-15 21:00:00,21,23,23,0.0,5.0,15.0,2.0,1.0,1.0,9,8,2,1,3,1,21.467,76.0,63.0,720.0,12.0,4.0,9.84,roster,0,70.0,57.5,0.473,62.08,4.2244,0.575,0.813,3.0435,49.33,2.6,13.4,16.74,18.0
2021-08-15 22:00:00,22,19,19,0.0,4.0,13.0,1.0,1.0,1.0,4,4,5,0,5,0,22.467,113.0,88.0,136.0,13.0,3.0,6.38,roster,0,58.0,47.5,0.5524,28.26,3.3639,0.475,0.627,3.0526,40.75,4.34,0.0,3.16,3.4
2021-08-15 23:00:00,23,21,21,0.0,6.0,14.0,0.0,1.0,1.0,8,7,6,0,6,0,23.467,160.5,124.0,196.0,14.0,3.0,6.38,roster,0,67.0,52.5,0.6569,34.81,5.1755,0.525,1.0972,3.1905,45.04,5.21,0.0,4.56,4.9
2021-08-16 00:00:00,0,22,22,0.0,7.0,13.0,1.0,1.0,1.0,6,6,7,0,7,0,24.467,208.0,152.0,256.0,15.0,3.0,6.38,roster,0,70.0,55.0,0.7071,39.22,4.7423,0.55,0.9404,3.1818,47.19,6.08,0.0,5.95,6.4
2021-08-16 01:00:00,1,21,21,0.0,5.0,13.0,2.0,1.0,1.0,5,5,8,0,8,0,25.467,228.0,135.0,293.0,5.267,3.0,6.38,roster,0,64.0,52.5,0.6667,38.8,3.9884,0.525,0.7837,3.0476,45.04,6.95,0.0,6.81,7.325
2021-08-16 02:00:00,2,16,16,0.0,4.0,11.0,0.0,1.0,1.0,1,1,8,0,8,0,26.467,288.0,195.0,353.0,6.267,3.0,6.38,roster,0,50.0,40.0,0.5208,29.47,1.7398,0.4,0.1567,3.125,34.32,6.95,0.0,8.21,8.825
2021-08-16 03:00:00,3,19,19,0.0,6.0,11.0,1.0,1.0,1.0,5,5,8,0,8,0,27.467,348.0,255.0,413.0,7.267,3.0,6.38,roster,0,60.0,47.5,0.625,37.3,3.9748,0.475,0.7837,3.1579,40.75,6.95,0.0,9.6,10.325
2021-08-16 04:00:00,4,18,18,1.0,6.0,10.0,0.0,1.0,1.0,3,3,10,1,11,1,28.467,315.0,115.0,448.0,8.267,3.0,6.38,roster,0,60.0,45.0,0.6897,51.98,3.0674,0.45,0.4702,3.3333,38.61,9.55,13.4,10.42,11.2
2021-08-16 05:00:00,5,19,19,1.0,5.0,12.0,0.0,1.0,1.0,3,3,11,0,11,0,29.467,375.0,175.0,508.0,9.267,3.0,6.38,roster,0,62.0,47.5,0.7126,42.12,3.0844,0.475,0.4702,3.2632,40.75,9.55,0.0,11.81,12.7
2021-08-16 06:00:00,6,19,19,1.0,6.0,11.0,0.0,1.0,1.0,2,2,12,0,12,0,30.467,422.5,235.0,568.0,10.267,3.0,6.38,roster,0,63.0,47.5,0.75,44.38,2.6144,0.475,0.3135,3.3158,40.75,10.42,0.0,13.21,14.2
2021-08-16 07:00:00,7,22,22,1.0,7.0,13.0,0.0,1.0,1.0,3,3,12,0,12,0,31.467,482.5,295.0,628.0,11.267,3.0,6.38,roster,0,73.0,55.0,0.869,52.21,3.3853,0.55,0.4702,3.3182,47.19,10.42,0.0,14.6,15.7
2021-08-16 08:00:00,8,22,22,1.0,6.0,14.0,0.0,1.0,1.0,4,4,12,0,12,0,32.467,506.5,305.0,688.0,12.267,3.0,6.43,roster,0,72.0,55.0,0.8571,53.61,3.8359,0.55,0.6221,3.2727,47.19,10.42,0.0,16.0,17.2
2021-08-16 09:00:00,9,22,22,0.0,4.0,17.0,0.0,1.0,1.0,6,6,7,0,7,0,33.467,692.0,151.0,773.0,13.267,3.0,6.43,roster,0,68.0,55.0,0.6869,51.24,4.5842,0.55,0.9331,3.0909,47.19,6.08,0.0,17.97,19.325
2021-08-16 10:00:00,10,23,23,0.0,4.0,19.0,0.0,0.0,1.0,7,7,5,0,5,0,14.867,315.0,211.0,752.0,13.883,4.0,10.13,roster,0,73.0,57.5,0.5214,51.16,4.0182,0.575,0.691,3.1739,49.33,4.34,0.0,17.48,18.8
2021-08-16 11:00:00,11,24,24,1.0,5.0,17.0,1.0,0.0,1.0,10,10,6,0,6,0,15.867,154.0,97.0,271.0,14.883,4.0,10.13,roster,0,78.0,60.0,0.5735,42.99,5.1583,0.6,0.9872,3.25,51.48,5.21,0.0,6.3,6.775
2021-08-16 12:00:00,12,30,30,1.0,7.0,20.0,2.0,0.0,1.0,7,7,7,0,7,0,16.867,173.0,90.0,331.0,15.883,4.0,10.13,roster,0,97.0,75.0,0.7348,58.12,4.6593,0.75,0.691,3.2333,64.35,6.08,0.0,7.7,8.275
2021-08-16 13:00:00,13,32,32,1.0,8.0,23.0,0.0,0.0,1.0,7,6,8,1,9,1,17.867,193.0,132.0,315.0,16.883,4.0,10.13,roster,0,106.0,80.0,0.8548,77.18,4.612,0.8,0.5923,3.3125,68.64,7.81,13.4,7.32,7.875
2021-08-16 14:00:00,14,26,26,0.0,4.0,22.0,0.0,0.0,1.0,8,6,6,0,6,0,18.867,201.0,139.0,253.0,6.25,4.0,10.13,roster,0,82.0,65.0,0.6029,46.86,3.918,0.65,0.5923,3.1538,55.77,5.21,0.0,5.88,6.325
2021-08-16 15:00:00,15,27,27,1.0,4.0,22.0,0.0,0.0,1.0,8,8,5,0,5,0,19.867,252.0,199.0,270.0,7.25,4.0,10.13,roster,0,87.0,67.5,0.6214,48.53,4.7197,0.675,0.7897,3.2222,57.92,4.34,0.0,6.28,6.75
2021-08-16 16:00:00,16,24,24,1.0,3.0,20.0,0.0,0.0,1.0,6,6,2,1,3,1,8.25,186.0,110.0,495.0,8.25,4.0,10.13,roster,0,77.0,60.0,0.5203,58.99,3.8253,0.6,0.5923,3.2083,51.48,2.6,13.4,11.51,12.375
2021-08-16 17:00:00,17,21,21,0.0,4.0,17.0,0.0,0.0,1.0,5,5,4,0,4,0,6.367,94.0,90.0,246.0,4.1,4.0,10.13,roster,0,67.0,52.5,0.4653,34.24,3.2498,0.525,0.4936,3.1905,45.04,3.47,0.0,5.72,6.15
2021-08-16 18:00:00,18,21,21,0.0,5.0,15.0,1.0,0.0,1.0,7,6,6,0,6,0,6.867,118.5,94.0,150.0,5.1,4.0,10.13,roster,0,67.0,52.5,0.4926,33.74,3.5647,0.525,0.5923,3.1905,45.04,5.21,0.0,3.49,3.75
2021-08-16 19:00:00,19,17,17,0.0,5.0,10.0,2.0,0.0,1.0,6,5,5,0,5,0,7.867,170.0,154.0,187.0,3.5,4.0,10.13,roster,0,54.0,42.5,0.3857,25.15,2.9179,0.425,0.4936,3.1765,36.46,4.34,0.0,4.35,4.675
2021-08-16 20:00:00,20,15,15,0.0,5.0,8.0,2.0,0.0,1.0,4,3,5,1,6,1,5.283,222.0,189.0,247.0,4.5,4.0,11.46,roster,0,48.0,37.5,0.3529,36.53,2.0377,0.375,0.2618,3.2,32.17,5.21,13.4,5.74,6.175
2021-08-16 21:00:00,21,15,15,1.0,3.0,10.0,1.0,0.0,1.0,6,6,4,2,6,2,5.5,269.5,162.0,307.0,5.5,4.0,11.46,roster,0,49.0,37.5,0.3603,51.32,2.9353,0.375,0.5236,3.2667,32.17,5.21,26.8,7.14,7.675
2021-08-16 22:00:00,22,21,21,1.0,3.0,14.0,3.0,0.0,1.0,9,9,6,2,8,2,6.5,224.0,118.0,367.0,6.5,3.0,7.76,roster,0,65.0,52.5,0.6771,67.32,5.2148,0.525,1.1598,3.0952,45.04,6.95,26.8,8.53,9.175
2021-08-16 23:00:00,23,18,18,0.0,3.0,13.0,2.0,0.0,1.0,7,5,3,1,4,1,6.15,119.0,97.0,369.0,6.15,3.0,7.76,roster,0,55.0,45.0,0.5093,44.06,3.3438,0.45,0.6443,3.0556,38.61,3.47,13.4,8.58,9.225
2021-08-17 00:00:00,0,20,20,0.0,5.0,14.0,1.0,0.0,1.0,6,5,6,1,7,1,7.15,150.0,80.0,201.0,7.15,3.0,7.76,roster,0,64.0,50.0,0.6465,47.05,3.6619,0.5,0.6443,3.2,42.9,6.08,13.4,4.67,5.025
2021-08-17 01:00:00,1,17,17,0.0,5.0,12.0,0.0,0.0,1.0,2,2,6,1,7,1,8.15,210.0,137.0,261.0,8.15,3.0,7.76,roster,0,56.0,42.5,0.5657,42.01,2.249,0.425,0.2577,3.2941,36.46,6.08,13.4,6.07,6.525
2021-08-17 02:00:00,2,17,17,0.0,5.0,12.0,0.0,0.0,1.0,2,2,6,1,7,1,5.35,200.0,162.0,277.0,5.35,3.0,7.76,roster,0,56.0,42.5,0.5657,42.38,2.249,0.425,0.2577,3.2941,36.46,6.08,13.4,6.44,6.925
2021-08-17 03:00:00,3,16,16,1.0,5.0,10.0,0.0,0.0,1.0,3,2,7,1,8,1,6.35,258.5,222.0,337.0,6.35,3.0,7.76,roster,0,55.0,40.0,0.5729,42.5,2.261,0.4,0.2577,3.4375,34.32,6.95,13.4,7.84,8.425
2021-08-17 04:00:00,4,11,11,0.0,4.0,7.0,0.0,0.0,1.0,1,1,6,1,7,1,7.35,320.0,282.0,397.0,7.35,3.0,7.76,roster,0,37.0,27.5,0.3737,32.3,1.3585,0.275,0.1289,3.3636,23.6,6.08,13.4,9.23,9.925
2021-08-17 05:00:00,5,10,10,0.0,4.0,6.0,0.0,0.0,1.0,0,0,5,1,6,1,8.35,415.0,377.0,457.0,8.35,3.0,7.76,roster,0,34.0,25.0,0.3333,30.69,0.85,0.25,0.0,3.4,21.45,5.21,13.4,10.63,11.425
2021-08-17 06:00:00,6,13,13,0.0,5.0,7.0,1.0,0.0,1.0,4,4,5,1,6,1,9.35,475.0,437.0,517.0,9.35,3.0,7.76,roster,0,43.0,32.5,0.4216,38.52,2.78,0.325,0.5155,3.3077,27.88,5.21,13.4,12.02,12.925
2021-08-17 07:00:00,7,13,13,0.0,5.0,7.0,1.0,0.0,1.0,2,2,6,1,7,1,10.35,500.0,462.0,577.0,10.35,3.0,7.76,roster,0,43.0,32.5,0.4343,40.78,1.9275,0.325,0.2577,3.3077,27.88,6.08,13.4,13.42,14.425
2021-08-17 08:00:00,8,14,14,0.0,5.0,8.0,1.0,0.0,1.0,1,1,6,1,7,1,11.35,560.0,522.0,637.0,11.35,3.0,7.28,roster,0,46.0,35.0,0.4646,44.32,1.6013,0.35,0.1374,3.2857,30.03,6.08,13.4,14.81,15.925
2021-08-17 09:00:00,9,15,15,0.0,5.0,9.0,1.0,0.0,1.0,8,6,4,1,5,1,12.083,620.0,617.0,690.0,11.617,3.0,7.28,roster,0,49.0,37.5,0.4667,45.96,3.9173,0.375,0.8242,3.2667,32.17,4.34,13.4,16.04,17.25
2021-08-17 10:00:00,10,14,14,0.0,4.0,10.0,0.0,0.0,1.0,6,4,2,1,3,1,13.083,680.0,677.0,757.0,12.617,4.0,10.53,roster,0,46.0,35.0,0.3108,43.64,2.3981,0.35,0.3799,3.2857,30.03,2.6,13.4,17.6,18.925
2021-08-17 11:00:00,11,16,16,0.0,4.0,12.0,0.0,0.0,1.0,5,5,2,1,3,1,14.083,740.0,737.0,817.0,13.617,4.0,10.53,roster,0,52.0,40.0,0.3514,49.32,2.8432,0.4,0.4748,3.25,34.32,2.6,13.4,19.0,20.425
2021-08-17 12:00:00,12,17,17,0.0,3.0,14.0,0.0,0.0,1.0,5,5,5,1,6,1,15.083,454.5,76.0,800.0,14.617,4.0,10.53,roster,0,54.0,42.5,0.3971,53.67,2.8583,0.425,0.4748,3.1765,36.46,5.21,13.4,18.6,20.0
2021-08-17 13:00:00,13,19,19,1.0,6.0,12.0,0.0,0.0,1.0,8,7,5,1,6,1,16.083,154.0,127.0,857.0,15.617,4.0,10.53,roster,0,65.0,47.5,0.4779,59.29,3.8992,0.475,0.6648,3.4211,40.75,5.21,13.4,19.93,21.425
2021-08-17 14:00:00,14,25,25,1.0,7.0,17.0,0.0,0.0,1.0,7,7,8,1,9,1,17.083,187.0,111.0,232.0,16.617,4.0,10.53,roster,0,84.0,62.5,0.6774,60.23,4.3336,0.625,0.6648,3.36,53.62,7.81,13.4,5.39,5.8
2021-08-17 15:00:00,15,29,29,1.0,8.0,20.0,0.0,0.0,1.0,9,9,7,1,8,1,18.083,251.5,171.0,977.0,17.617,4.0,10.53,roster,0,97.0,72.5,0.7578,85.27,5.2838,0.725,0.8547,3.3448,62.2,6.95,13.4,22.72,24.425
2021-08-17 16:00:00,16,30,30,1.0,9.0,20.0,0.0,0.0,1.0,9,8,8,1,9,1,19.083,307.0,140.0,352.0,18.617,4.0,10.53,roster,0,101.0,75.0,0.8145,73.75,5.0828,0.75,0.7597,3.3667,64.35,7.81,13.4,8.18,8.8
2021-08-17 17:00:00,17,31,31,1.0,7.0,23.0,0.0,0.0,1.0,9,8,11,1,12,1,20.083,226.5,130.0,412.0,19.617,4.0,10.53,roster,0,102.0,77.5,0.9107,79.89,5.0498,0.775,0.7597,3.2903,66.5,10.42,13.4,9.58,10.3
2021-08-17 18:00:00,18,31,31,0.0,8.0,23.0,0.0,0.0,1.0,6,6,11,1,12,1,21.083,201.5,149.0,472.0,20.617,4.0,10.53,roster,0,101.0,77.5,0.9018,81.29,4.3814,0.775,0.5698,3.2581,66.5,10.42,13.4,10.97,11.8
2021-08-17 19:00:00,19,22,22,0.0,7.0,15.0,0.0,0.0,1.0,2,2,10,0,10,0,22.083,229.5,166.0,320.0,20.283,4.0,10.53,roster,0,73.0,55.0,0.6083,43.31,2.4552,0.55,0.1899,3.3182,47.19,8.68,0.0,7.44,8.0
2021-08-17 20:00:00,20,25,25,0.0,7.0,18.0,0.0,0.0,1.0,10,10,9,0,9,0,23.083,265.0,205.0,333.0,9.267,4.0,11.13,roster,0,82.0,62.5,0.6613,49.18,4.997,0.625,0.8985,3.28,53.62,7.81,0.0,7.74,8.325
2021-08-17 21:00:00,21,25,25,0.0,6.0,18.0,0.0,1.0,1.0,5,5,9,0,9,0,24.083,265.0,126.0,329.0,10.267,4.0,11.13,roster,0,79.0,62.5,0.6371,49.09,3.3946,0.625,0.4492,3.16,53.62,7.81,0.0,7.65,8.225
2021-08-17 22:00:00,22,24,24,0.0,7.0,16.0,0.0,1.0,1.0,6,6,9,0,9,0,24.55,274.0,174.0,389.0,11.267,3.0,7.88,roster,0,77.0,60.0,0.828,48.34,4.3679,0.6,0.7614,3.2083,51.48,7.81,0.0,9.04,9.725
2021-08-17 23:00:00,23,23,23,0.0,5.0,17.0,0.0,1.0,1.0,6,6,8,1,9,1,25.55,198.0,87.0,246.0,7.483,3.0,7.88,roster,0,72.0,57.5,0.7742,56.27,4.1836,0.575,0.7614,3.1304,49.33,7.81,13.4,5.72,6.15
2021-08-18 00:00:00,0,24,24,0.0,6.0,17.0,0.0,1.0,1.0,5,6,10,1,11,1,26.55,198.0,132.0,306.0,8.483,3.0,7.88,roster,0,76.0,60.0,0.8736,61.55,4.3112,0.6,0.7614,3.1667,51.48,9.55,13.4,7.11,7.65
2021-08-18 01:00:00,1,23,23,0.0,8.0,14.0,0.0,1.0,1.0,3,3,11,1,12,1,27.55,232.5,192.0,366.0,9.483,3.0,7.88,roster,0,75.0,57.5,0.8929,61.66,3.1164,0.575,0.3807,3.2609,49.33,10.42,13.4,8.51,9.15
2021-08-18 02:00:00,2,21,21,0.0,7.0,13.0,0.0,1.0,1.0,2,2,12,1,13,1,28.55,267.0,221.0,414.0,10.483,3.0,7.88,roster,0,68.0,52.5,0.8395,59.36,2.5219,0.525,0.2538,3.2381,45.04,11.29,13.4,9.63,10.35
2021-08-18 03:00:00,3,21,21,0.0,7.0,13.0,0.0,1.0,1.0,1,1,11,1,12,1,29.55,347.5,281.0,486.0,11.483,3.0,7.88,roster,0,68.0,52.5,0.8095,60.16,2.1109,0.525,0.1269,3.2381,45.04,10.42,13.4,11.3,12.15
2021-08-18 04:00:00,4,23,23,0.0,7.0,15.0,0.0,1.0,1.0,4,3,11,1,12,1,30.55,407.5,341.0,546.0,12.483,3.0,7.88,roster,0,74.0,57.5,0.881,65.85,3.0749,0.575,0.3807,3.2174,49.33,10.42,13.4,12.69,13.65
2021-08-18 05:00:00,5,25,25,0.0,7.0,16.0,1.0,1.0,1.0,3,3,11,1,12,1,31.55,467.5,401.0,606.0,13.483,3.0,7.88,roster,0,79.0,62.5,0.9405,71.53,3.178,0.625,0.3807,3.16,53.62,10.42,13.4,14.09,15.15
2021-08-18 06:00:00,6,24,24,0.0,7.0,16.0,0.0,1.0,1.0,1,1,11,1,12,1,32.55,527.5,461.0,666.0,14.483,3.0,7.88,roster,0,77.0,60.0,0.9167,70.78,2.3321,0.6,0.1269,3.2083,51.48,10.42,13.4,15.48,16.65
2021-08-18 07:00:00,7,23,23,0.0,7.0,15.0,0.0,1.0,1.0,1,1,12,1,13,1,33.55,557.0,480.0,714.0,15.483,3.0,7.88,roster,0,74.0,57.5,0.9136,70.62,2.2583,0.575,0.1269,3.2174,49.33,11.29,13.4,16.6,17.85
2021-08-18 08:00:00,8,23,23,0.0,7.0,15.0,0.0,1.0,1.0,2,2,12,1,13,1,34.55,617.0,540.0,774.0,16.483,3.0,6.6,roster,0,74.0,57.5,0.9136,72.02,2.825,0.575,0.303,3.2174,49.33,11.29,13.4,18.0,19.35
2021-08-18 09:00:00,9,26,26,0.0,8.0,17.0,0.0,1.0,1.0,4,4,12,1,13,1,17.483,677.0,600.0,834.0,17.483,3.0,6.6,roster,0,84.0,65.0,1.037,79.85,4.058,0.65,0.6061,3.2308,55.77,11.29,13.4,19.39,20.85
2021-08-18 10:00:00,10,31,31,1.0,10.0,19.0,0.0,1.0,1.0,7,7,14,1,15,1,18.483,701.0,292.0,858.0,18.483,4.0,10.3,roster,0,103.0,77.5,1.03,92.87,4.8331,0.775,0.6796,3.3226,66.5,13.02,13.4,19.95,21.45
2021-08-18 11:00:00,11,33,33,1.0,12.0,18.0,1.0,1.0,1.0,6,6,17,1,18,1,19.483,672.5,121.0,797.0,19.483,4.0,10.3,roster,0,110.0,82.5,1.25,98.34,4.6917,0.825,0.5825,3.3333,70.78,15.63,13.4,18.53,19.925
2021-08-18 12:00:00,12,33,33,2.0,10.0,20.0,1.0,0.0,1.0,7,8,16,1,17,1,18.4,208.0,141.0,852.0,17.1,4.0,10.3,roster,0,112.0,82.5,1.2174,98.76,5.4361,0.825,0.7767,3.3939,70.78,14.76,13.4,19.81,21.3
2021-08-18 13:00:00,13,37,37,3.0,9.0,24.0,1.0,0.0,1.0,8,9,17,1,18,1,19.4,204.0,120.0,912.0,18.1,4.0,10.3,roster,0,125.0,92.5,1.4205,109.6,6.077,0.925,0.8738,3.3784,79.36,15.63,13.4,21.2,22.8
2021-08-18 14:00:00,14,42,42,3.0,9.0,28.0,2.0,0.0,1.0,9,9,15,2,17,2,20.4,253.0,138.0,328.0,19.1,4.0,10.3,roster,0,139.0,105.0,1.5109,119.28,6.3668,1.05,0.8738,3.3095,90.09,14.76,26.8,7.63,8.2
2021-08-18 15:00:00,15,34,34,3.0,5.0,24.0,2.0,0.0,1.0,4,3,13,2,15,2,21.4,273.0,180.0,388.0,19.3,4.0,10.3,roster,0,111.0,85.0,1.11,101.78,3.7259,0.85,0.2913,3.2647,72.93,13.02,26.8,9.02,9.7
2021-08-18 16:00:00,16,29,29,2.0,5.0,21.0,1.0,0.0,1.0,5,5,9,2,11,2,22.4,387.0,240.0,1020.0,20.3,4.0,10.3,roster,0,95.0,72.5,0.819,102.27,3.9652,0.725,0.4854,3.2759,62.2,9.55,26.8,23.72,25.5
2021-08-18 17:00:00,17,29,29,1.0,5.0,22.0,1.0,0.0,1.0,5,5,11,1,12,1,21.45,440.0,300.0,1080.0,21.3,4.0,10.3,roster,0,93.0,72.5,0.8304,91.13,3.8817,0.725,0.4854,3.2069,62.2,10.42,13.4,25.11,27.0
2021-08-18 18:00:00,18,27,27,1.0,4.0,21.0,1.0,0.0,1.0,5,3,12,1,13,1,22.45,493.0,290.0,568.0,22.3,4.0,10.3,roster,0,86.0,67.5,0.7963,75.81,3.0777,0.675,0.2913,3.1852,57.92,11.29,13.4,13.21,14.2
2021-08-18 19:00:00,19,23,23,0.0,2.0,20.0,1.0,0.0,1.0,6,6,9,0,9,0,23.45,513.0,215.0,628.0,23.3,4.0,10.3,roster,0,70.0,57.5,0.5645,51.75,3.5229,0.575,0.5825,3.0435,49.33,7.81,0.0,14.6,15.7
2021-08-18 20:00:00,20,25,25,0.0,3.0,21.0,1.0,0.0,1.0,9,9,9,0,9,0,24.45,275.0,129.0,573.0,24.3,4.0,10.25,roster,0,77.0,62.5,0.621,54.76,4.6294,0.625,0.878,3.08,53.62,7.81,0.0,13.32,14.325
2021-08-18 21:00:00,21,19,19,0.0,3.0,15.0,1.0,0.0,1.0,1,1,10,0,10,0,25.45,153.0,102.0,228.0,25.3,4.0,10.25,roster,0,59.0,47.5,0.4917,34.74,1.778,0.475,0.0976,3.1053,40.75,8.68,0.0,5.3,5.7
2021-08-18 22:00:00,22,17,17,0.0,4.0,11.0,2.0,0.0,1.0,3,3,8,0,8,0,26.45,208.0,162.0,693.0,26.3,3.0,6.55,roster,0,53.0,42.5,0.5521,39.52,2.7529,0.425,0.458,3.1176,36.46,6.95,0.0,16.11,17.325
2021-08-18 23:00:00,23,19,19,0.0,5.0,12.0,2.0,0.0,1.0,8,6,7,1,8,1,27.45,268.0,222.0,753.0,27.3,3.0,6.55,roster,0,60.0,47.5,0.625,58.61,4.3927,0.475,0.916,3.1579,40.75,6.95,13.4,17.51,18.825
2021-08-19 00:00:00,0,14,14,0.0,5.0,8.0,1.0,0.0,1.0,1,1,8,1,9,1,28.45,287.0,276.0,408.0,28.3,3.0,6.55,roster,0,46.0,35.0,0.4946,40.73,1.6516,0.35,0.1527,3.2857,30.03,7.81,13.4,9.49,10.2
2021-08-19 01:00:00,1,16,16,0.0,5.0,10.0,1.0,0.0,1.0,5,4,9,1,10,1,29.45,344.5,190.0,468.0,29.3,3.0,6.55,roster,0,52.0,40.0,0.5778,47.28,3.2847,0.4,0.6107,3.25,34.32,8.68,13.4,10.88,11.7
2021-08-19 02:00:00,2,15,15,0.0,5.0,9.0,1.0,0.0,1.0,1,1,10,1,11,1,30.45,402.0,190.0,528.0,30.3,3.0,6.55,roster,0,49.0,37.5,0.5632,47.4,1.7237,0.375,0.1527,3.2667,32.17,9.55,13.4,12.28,13.2
2021-08-19 03:00:00,3,16,16,0.0,6.0,9.0,1.0,0.0,1.0,1,1,10,1,11,1,31.45,462.0,250.0,588.0,31.3,3.0,6.55,roster,0,53.0,40.0,0.6092,50.94,1.8307,0.4,0.1527,3.3125,34.32,9.55,13.4,13.67,14.7
2021-08-19 04:00:00,4,18,18,0.0,6.0,11.0,1.0,0.0,1.0,3,3,10,1,11,1,32.45,522.0,310.0,648.0,32.3,3.0,6.55,roster,0,59.0,45.0,0.6782,56.63,2.9763,0.45,0.458,3.2778,38.61,9.55,13.4,15.07,16.2
2021-08-19 05:00:00,5,17,17,0.0,6.0,10.0,1.0,0.0,1.0,2,2,10,1,11,1,33.45,582.0,370.0,708.0,33.3,3.0,6.55,roster,0,56.0,42.5,0.6437,55.88,2.4058,0.425,0.3053,3.2941,36.46,9.55,13.4,16.46,17.7
2021-08-19 06:00:00,6,17,17,0.0,6.0,10.0,1.0,0.0,1.0,1,1,10,1,11,1,34.45,642.0,430.0,768.0,34.3,3.0,6.55,roster,0,56.0,42.5,0.6437,57.27,1.9029,0.425,0.1527,3.2941,36.46,9.55,13.4,17.86,19.2
2021-08-19 07:00:00,7,21,21,0.0,7.0,12.0,1.0,1.0,1.0,4,4,11,1,12,1,35.45,699.0,490.0,828.0,35.3,3.0,6.55,roster,0,67.0,52.5,0.7976,68.12,3.6234,0.525,0.6107,3.1905,45.04,10.42,13.4,19.25,20.7
2021-08-19 08:00:00,8,18,18,0.0,7.0,10.0,1.0,0.0,1.0,2,2,12,1,13,1,36.45,756.0,519.0,849.0,36.3,3.0,6.3,roster,0,60.0,45.0,0.7407,63.04,2.5582,0.45,0.3175,3.3333,38.61,11.29,13.4,19.74,21.225
2021-08-19 09:00:00,9,18,18,0.0,9.0,8.0,1.0,0.0,1.0,4,4,9,1,10,1,37.45,743.0,579.0,909.0,22.55,3.0,6.3,roster,0,62.0,45.0,0.6889,61.83,3.7369,0.45,0.6349,3.4444,38.61,8.68,13.4,21.13,22.725
2021-08-19 10:00:00,10,22,22,0.0,7.0,13.0,2.0,0.0,1.0,9,9,6,1,7,1,38.45,882.0,670.0,1008.0,23.55,4.0,9.55,roster,0,71.0,55.0,0.5379,70.1,4.8164,0.55,0.9424,3.2273,47.19,6.08,13.4,23.44,25.2
2021-08-19 11:00:00,11,23,23,0.0,5.0,15.0,2.0,1.0,1.0,9,10,6,1,7,1,39.45,790.0,99.0,1029.0,17.8,4.0,9.55,roster,0,70.0,57.5,0.5303,72.74,4.9369,0.575,1.0471,3.0435,49.33,6.08,13.4,23.92,25.725
2021-08-19 12:00:00,12,20,20,0.0,4.0,14.0,2.0,0.0,1.0,4,4,8,1,9,1,40.45,120.0,86.0,220.0,18.8,4.0,9.55,roster,0,62.0,50.0,0.5,49.23,2.8484,0.5,0.4188,3.1,42.9,7.81,13.4,5.12,5.5
2021-08-19 13:00:00,13,23,23,0.0,6.0,15.0,2.0,0.0,1.0,6,6,8,1,9,1,41.45,180.0,146.0,280.0,19.8,4.0,9.55,roster,0,73.0,57.5,0.5887,57.06,3.8191,0.575,0.6283,3.1739,49.33,7.81,13.4,6.51,7.0
2021-08-19 14:00:00,14,26,26,0.0,4.0,20.0,2.0,0.0,1.0,7,7,8,1,9,1,16.167,206.0,182.0,279.0,16.167,4.0,9.55,roster,0,80.0,65.0,0.6452,63.47,4.2553,0.65,0.733,3.0769,55.77,7.81,13.4,6.49,6.975
2021-08-19 15:00:00,15,24,24,0.0,5.0,17.0,2.0,0.0,1.0,5,4,9,1,10,1,17.167,260.5,145.0,339.0,17.167,4.0,9.55,roster,0,75.0,60.0,0.625,61.44,3.1839,0.6,0.4188,3.125,51.48,8.68,13.4,7.88,8.475
2021-08-19 16:00:00,16,26,26,1.0,4.0,19.0,2.0,0.0,1.0,7,7,9,1,10,1,7.667,253.5,173.0,326.0,7.667,4.0,9.55,roster,0,82.0,65.0,0.6833,65.43,4.3617,0.65,0.733,3.1538,55.77,8.68,13.4,7.58,8.15
2021-08-19 17:00:00,17,24,24,1.0,4.0,17.0,2.0,0.0,1.0,6,6,11,1,12,1,8.667,254.5,151.0,386.0,8.667,4.0,9.55,roster,0,76.0,60.0,0.6786,64.27,3.8895,0.6,0.6283,3.1667,51.48,10.42,13.4,8.97,9.65
2021-08-19 18:00:00,18,18,18,1.0,3.0,12.0,2.0,0.0,1.0,2,2,11,1,12,1,9.667,257.5,171.0,446.0,9.667,4.0,9.55,roster,0,57.0,45.0,0.5089,52.8,2.0882,0.45,0.2094,3.1667,38.61,10.42,13.4,10.37,11.15
2021-08-19 19:00:00,19,18,18,0.0,2.0,15.0,1.0,0.0,1.0,7,7,9,0,9,0,9.0,271.0,168.0,385.0,9.0,4.0,9.55,roster,0,55.0,45.0,0.4435,35.38,3.6147,0.45,0.733,3.0556,38.61,7.81,0.0,8.95,9.625
2021-08-19 20:00:00,20,20,20,1.0,1.0,17.0,1.0,0.0,1.0,8,7,11,0,11,0,10.0,228.0,106.0,445.0,10.0,4.0,9.68,roster,0,62.0,50.0,0.5345,42.8,3.7917,0.5,0.7231,3.1,42.9,9.55,0.0,10.35,11.125
2021-08-19 21:00:00,21,21,21,1.0,2.0,16.0,2.0,0.0,1.0,6,5,9,1,10,1,11.0,188.0,108.0,505.0,11.0,4.0,9.68,roster,0,65.0,52.5,0.5417,58.87,3.2238,0.525,0.5165,3.0952,45.04,8.68,13.4,11.74,12.625
2021-08-19 22:00:00,22,24,24,2.0,5.0,14.0,3.0,0.0,1.0,10,8,8,1,9,1,12.0,226.0,163.0,565.0,12.0,3.0,6.43,roster,0,78.0,60.0,0.8387,65.83,5.9935,0.6,1.2442,3.25,51.48,7.81,13.4,13.14,14.125
2021-08-19 23:00:00,23,21,21,1.0,5.0,13.0,2.0,0.0,1.0,3,3,9,1,10,1,13.0,183.5,92.0,286.0,13.0,3.0,6.43,roster,0,68.0,52.5,0.7556,53.78,3.2108,0.525,0.4666,3.2381,45.04,8.68,13.4,6.65,7.15
2021-08-20 00:00:00,0,23,23,1.0,6.0,12.0,4.0,0.0,1.0,7,5,10,1,11,1,14.0,228.0,126.0,346.0,14.0,3.0,6.43,roster,0,73.0,57.5,0.8391,60.33,4.2931,0.575,0.7776,3.1739,49.33,9.55,13.4,8.04,8.65
2021-08-20 01:00:00,1,22,22,1.0,5.0,12.0,4.0,0.0,1.0,2,2,10,1,11,1,15.0,238.0,178.0,406.0,15.0,3.0,6.43,roster,0,69.0,55.0,0.7931,59.58,2.7005,0.55,0.311,3.1364,47.19,9.55,13.4,9.44,10.15
2021-08-20 02:00:00,2,23,23,1.0,6.0,13.0,3.0,0.0,1.0,2,2,10,1,11,1,16.0,298.0,238.0,466.0,16.0,3.0,6.43,roster,0,74.0,57.5,0.8506,63.12,2.8507,0.575,0.311,3.2174,49.33,9.55,13.4,10.83,11.65
2021-08-20 03:00:00,3,23,23,1.0,6.0,13.0,3.0,0.0,1.0,3,3,10,1,11,1,17.0,358.0,298.0,526.0,17.0,3.0,6.43,roster,0,74.0,57.5,0.8506,64.52,3.3511,0.575,0.4666,3.2174,49.33,9.55,13.4,12.23,13.15
2021-08-20 04:00:00,4,21,21,1.0,6.0,11.0,3.0,0.0,1.0,1,1,10,1,11,1,18.0,418.0,358.0,586.0,18.0,3.0,6.43,roster,0,68.0,52.5,0.7816,61.62,2.2036,0.525,0.1555,3.2381,45.04,9.55,13.4,13.62,14.65
2021-08-20 05:00:00,5,24,24,1.0,6.0,14.0,3.0,0.0,1.0,4,4,10,1,11,1,19.0,478.0,418.0,646.0,19.0,3.0,6.43,roster,0,77.0,60.0,0.8851,69.45,3.9209,0.6,0.6221,3.2083,51.48,9.55,13.4,15.02,16.15
2021-08-20 06:00:00,6,26,26,1.0,8.0,14.0,3.0,0.0,1.0,4,5,10,1,11,1,20.0,538.0,478.0,706.0,20.0,3.0,6.43,roster,0,85.0,65.0,0.977,75.14,4.6672,0.65,0.7776,3.2692,55.77,9.55,13.4,16.41,17.65
2021-08-20 07:00:00,7,27,27,1.0,8.0,15.0,3.0,0.0,1.0,3,3,11,1,12,1,21.0,572.0,538.0,766.0,21.0,3.0,6.43,roster,0,88.0,67.5,1.0476,79.54,3.7206,0.675,0.4666,3.2593,57.92,10.42,13.4,17.81,19.15
2021-08-20 08:00:00,8,30,30,1.0,8.0,18.0,3.0,0.0,1.0,4,4,11,2,13,2,22.0,606.0,509.0,768.0,22.0,3.0,6.38,roster,0,97.0,75.0,1.1975,100.29,4.4522,0.75,0.627,3.2333,64.35,11.29,26.8,17.86,19.2
2021-08-20 09:00:00,9,21,21,0.0,4.0,15.0,2.0,0.0,1.0,1,1,7,2,9,2,23.0,768.0,189.0,886.0,23.0,3.0,6.38,roster,0,65.0,52.5,0.6989,80.26,2.1101,0.525,0.1567,3.0952,45.04,7.81,26.8,20.6,22.15
2021-08-20 10:00:00,10,22,22,1.0,6.0,14.0,1.0,0.0,1.0,7,6,6,2,8,2,24.0,538.5,182.0,946.0,24.0,4.0,9.63,roster,0,73.0,55.0,0.5703,82.93,3.8924,0.55,0.6231,3.3182,47.19,6.95,26.8,21.99,23.65
2021-08-20 11:00:00,11,30,30,1.0,4.0,24.0,1.0,0.0,1.0,15,14,7,3,10,3,25.0,227.5,109.0,948.0,25.0,4.0,9.63,roster,0,95.0,75.0,0.7917,115.27,6.9787,0.75,1.4538,3.1667,64.35,8.68,40.2,22.04,23.7
2021-08-20 12:00:00,12,39,39,1.0,7.0,31.0,0.0,0.0,1.0,13,13,9,3,12,3,26.0,175.0,136.0,948.0,26.0,4.0,9.63,roster,0,126.0,97.5,1.125,136.32,7.5114,0.975,1.3499,3.2308,83.66,10.42,40.2,22.04,23.7
2021-08-20 13:00:00,13,37,37,1.0,8.0,28.0,0.0,0.0,1.0,4,4,11,4,15,4,27.0,220.0,125.0,362.0,27.0,4.0,9.63,roster,0,121.0,92.5,1.21,134.41,4.3834,0.925,0.4154,3.2703,79.36,13.02,53.6,8.42,9.05
2021-08-20 14:00:00,14,34,34,0.0,8.0,26.0,0.0,0.0,1.0,4,4,10,3,13,3,28.0,231.0,156.0,422.0,28.0,4.0,9.63,roster,0,110.0,85.0,1.0185,114.23,4.0938,0.85,0.4154,3.2353,72.93,11.29,40.2,9.81,10.55
2021-08-20 15:00:00,15,25,25,0.0,4.0,21.0,0.0,0.0,1.0,3,3,7,2,9,2,29.0,291.0,216.0,482.0,29.0,4.0,9.63,roster,0,79.0,62.5,0.6371,79.45,2.9594,0.625,0.3115,3.16,53.62,7.81,26.8,11.21,12.05
2021-08-20 16:00:00,16,25,25,1.0,4.0,20.0,0.0,0.0,1.0,5,5,7,1,8,1,30.0,328.0,239.0,1248.0,30.0,4.0,9.63,roster,0,81.0,62.5,0.6328,82.99,3.7072,0.625,0.5192,3.24,53.62,6.95,13.4,29.02,31.2
2021-08-20 17:00:00,17,26,26,1.0,5.0,20.0,0.0,0.0,1.0,6,6,5,3,8,3,31.0,286.5,105.0,1308.0,31.0,4.0,9.63,roster,0,85.0,65.0,0.6641,113.33,4.1619,0.65,0.6231,3.2692,55.77,6.95,40.2,30.41,32.7
2021-08-20 18:00:00,18,24,24,1.0,5.0,17.0,1.0,0.0,1.0,3,3,7,4,11,4,32.0,165.0,87.0,496.0,32.0,4.0,9.63,roster,0,78.0,60.0,0.6724,106.16,2.9625,0.6,0.3115,3.25,51.48,9.55,53.6,11.53,12.4
2021-08-20 19:00:00,19,24,24,0.0,6.0,17.0,1.0,0.0,1.0,7,7,7,3,10,3,33.0,200.0,141.0,556.0,33.0,4.0,9.63,roster,0,77.0,60.0,0.6417,93.29,4.2571,0.6,0.7269,3.2083,51.48,8.68,40.2,12.93,13.9
2021-08-20 20:00:00,20,21,21,0.0,6.0,13.0,2.0,0.0,1.0,4,4,7,3,10,3,34.0,193.5,118.0,277.0,34.0,4.0,10.54,roster,0,67.0,52.5,0.5583,80.37,2.8858,0.525,0.3795,3.1905,45.04,8.68,40.2,6.44,6.925
2021-08-20 21:00:00,21,19,19,0.0,7.0,11.0,1.0,0.0,1.0,6,6,6,3,9,3,25.8,186.0,149.0,303.0,25.8,4.0,10.54,roster,0,63.0,47.5,0.5081,75.81,3.4625,0.475,0.5693,3.3158,40.75,7.81,40.2,7.04,7.575
2021-08-20 22:00:00,22,18,18,0.0,6.0,12.0,0.0,0.0,1.0,4,3,8,3,11,3,26.8,238.0,138.0,363.0,26.8,3.0,7.29,roster,0,60.0,45.0,0.6897,76.8,2.8717,0.45,0.4115,3.3333,38.61,9.55,40.2,8.44,9.075
2021-08-20 23:00:00,23,21,21,0.0,5.0,16.0,0.0,0.0,1.0,6,6,7,3,10,3,27.8,283.5,147.0,423.0,27.8,3.0,7.29,roster,0,68.0,52.5,0.7556,83.76,4.3651,0.525,0.823,3.2381,45.04,8.68,40.2,9.83,10.575
2021-08-21 00:00:00,0,20,20,0.0,4.0,16.0,0.0,0.0,1.0,1,1,10,2,12,2,28.8,262.0,138.0,441.0,28.8,3.0,7.29,roster,0,64.0,50.0,0.7619,70.37,2.039,0.5,0.1372,3.2,42.9,10.42,26.8,10.25,11.025
2021-08-21 01:00:00,1,20,20,0.0,5.0,15.0,0.0,0.0,1.0,4,4,9,2,11,2,29.8,267.0,163.0,418.0,29.8,3.0,7.29,roster,0,65.0,50.0,0.7471,68.97,3.4083,0.5,0.5487,3.25,42.9,9.55,26.8,9.72,10.45
2021-08-21 02:00:00,2,19,19,0.0,4.0,15.0,0.0,0.0,1.0,4,2,9,1,10,1,30.8,317.0,223.0,449.0,30.8,3.0,7.29,roster,0,61.0,47.5,0.6778,53.28,2.4058,0.475,0.2743,3.2105,40.75,8.68,13.4,10.44,11.225
2021-08-21 03:00:00,3,20,20,0.0,3.0,16.0,1.0,0.0,1.0,3,3,9,0,9,0,10.617,367.0,283.0,497.0,8.967,3.0,7.29,roster,0,62.0,50.0,0.6667,42.27,2.8257,0.5,0.4115,3.1,42.9,7.81,0.0,11.56,12.425
2021-08-21 04:00:00,4,15,15,1.0,3.0,11.0,0.0,0.0,1.0,2,1,9,0,9,0,11.617,427.0,343.0,557.0,9.967,3.0,7.29,roster,0,50.0,37.5,0.5376,32.94,1.7072,0.375,0.1372,3.3333,32.17,7.81,0.0,12.95,13.925
2021-08-21 05:00:00,5,14,14,0.0,3.0,11.0,0.0,0.0,1.0,0,0,9,0,9,0,12.617,487.0,403.0,617.0,10.967,3.0,7.29,roster,0,45.0,35.0,0.4839,32.19,1.125,0.35,0.0,3.2143,30.03,7.81,0.0,14.35,15.425
2021-08-21 06:00:00,6,17,17,0.0,4.0,13.0,0.0,0.0,1.0,4,3,9,0,9,0,13.617,547.0,463.0,677.0,11.967,3.0,7.29,roster,0,55.0,42.5,0.5914,40.02,2.7064,0.425,0.4115,3.2353,36.46,7.81,0.0,15.74,16.925
2021-08-21 07:00:00,7,17,17,0.0,3.0,14.0,0.0,0.0,1.0,1,1,10,1,11,1,14.617,558.0,486.0,737.0,12.967,3.0,7.29,roster,0,54.0,42.5,0.6207,56.55,1.7857,0.425,0.1372,3.1765,36.46,9.55,13.4,17.14,18.425
2021-08-21 08:00:00,8,19,19,0.0,2.0,17.0,0.0,0.0,1.0,6,5,10,0,10,0,13.967,642.5,560.0,797.0,13.967,3.0,6.6,roster,0,59.0,47.5,0.6556,47.97,3.8275,0.475,0.7576,3.1053,40.75,8.68,0.0,18.53,19.925
2021-08-21 09:00:00,9,18,18,0.0,4.0,12.0,2.0,0.0,1.0,7,7,5,0,5,0,14.283,643.0,238.0,727.0,14.283,3.0,6.6,roster,0,56.0,45.0,0.5333,39.85,4.6997,0.45,1.0606,3.1111,38.61,4.34,0.0,16.9,18.175
2021-08-21 10:00:00,10,19,19,0.0,5.0,12.0,2.0,0.0,1.0,5,5,7,0,7,0,15.283,298.0,118.0,787.0,15.283,4.0,10.3,roster,0,60.0,47.5,0.4545,45.13,3.033,0.475,0.4854,3.1579,40.75,6.08,0.0,18.3,19.675
2021-08-21 11:00:00,11,24,24,0.0,7.0,15.0,2.0,0.0,1.0,8,8,8,0,8,0,16.283,268.0,173.0,847.0,16.283,4.0,10.3,roster,0,77.0,60.0,0.6016,58.12,4.4169,0.6,0.7767,3.2083,51.48,6.95,0.0,19.69,21.175
2021-08-21 12:00:00,12,26,26,0.0,7.0,16.0,3.0,0.0,1.0,9,8,9,0,9,0,17.283,162.0,106.0,238.0,17.283,4.0,10.3,roster,0,82.0,65.0,0.6613,49.12,4.4996,0.65,0.7767,3.1538,55.77,7.81,0.0,5.53,5.95
2021-08-21 13:00:00,13,25,25,0.0,6.0,16.0,3.0,0.0,1.0,6,5,10,0,10,0,14.717,181.5,101.0,293.0,14.717,4.0,10.3,roster,0,78.0,62.5,0.65,49.12,3.4646,0.625,0.4854,3.12,53.62,8.68,0.0,6.81,7.325
2021-08-21 14:00:00,14,27,27,0.0,6.0,19.0,2.0,0.0,1.0,12,11,6,0,6,0,15.717,279.0,207.0,353.0,15.717,4.0,10.3,roster,0,85.0,67.5,0.625,51.33,5.4871,0.675,1.068,3.1481,57.92,5.21,0.0,8.21,8.825
2021-08-21 15:00:00,15,22,22,0.0,4.0,18.0,0.0,0.0,1.0,4,4,8,0,8,0,16.717,157.0,82.0,342.0,16.717,4.0,10.3,roster,0,70.0,55.0,0.5469,42.09,2.9857,0.55,0.3883,3.1818,47.19,6.95,0.0,7.95,8.55
2021-08-21 16:00:00,16,25,25,0.0,5.0,20.0,0.0,0.0,1.0,11,10,6,0,6,0,17.717,234.5,135.0,402.0,17.717,4.0,10.3,roster,0,80.0,62.5,0.5882,48.18,5.1068,0.625,0.9709,3.2,53.62,5.21,0.0,9.35,10.05
2021-08-21 17:00:00,17,19,19,0.0,4.0,14.0,1.0,0.0,1.0,4,5,7,0,7,0,18.717,195.0,107.0,462.0,18.717,4.0,10.3,roster,0,60.0,47.5,0.4545,37.57,3.033,0.475,0.4854,3.1579,40.75,6.08,0.0,10.74,11.55
2021-08-21 18:00:00,18,14,14,0.0,5.0,9.0,0.0,0.0,1.0,6,3,5,0,5,0,19.717,262.0,255.0,522.0,19.717,4.0,10.3,roster,0,47.0,35.0,0.3357,26.51,2.1528,0.35,0.2913,3.3571,30.03,4.34,0.0,12.14,13.05
2021-08-21 19:00:00,19,14,14,0.0,6.0,6.0,2.0,0.0,1.0,5,5,5,0,5,0,20.717,322.0,315.0,582.0,20.717,4.0,10.3,roster,0,46.0,35.0,0.3286,27.9,2.745,0.35,0.4854,3.2857,30.03,4.34,0.0,13.53,14.55
2021-08-21 20:00:00,20,18,18,0.0,6.0,12.0,0.0,0.0,1.0,11,10,4,0,4,0,6.367,194.0,104.0,382.0,6.367,4.0,11.01,roster,0,60.0,45.0,0.4167,30.96,4.5276,0.45,0.9083,3.3333,38.61,3.47,0.0,8.88,9.55
2021-08-21 21:00:00,21,21,21,0.0,7.0,12.0,2.0,0.0,1.0,10,10,2,0,2,0,4.05,128.5,117.0,140.0,2.333,4.0,11.01,roster,0,68.0,52.5,0.4474,30.04,4.641,0.525,0.9083,3.2381,45.04,1.74,0.0,3.26,3.5
2021-08-21 22:00:00,22,14,14,0.0,8.0,5.0,1.0,0.0,1.0,3,3,3,0,3,0,4.2,177.0,99.0,200.0,3.333,3.0,7.31,roster,0,49.0,35.0,0.4414,17.28,2.6614,0.35,0.4104,3.5,30.03,2.6,0.0,4.65,5.0
2021-08-21 23:00:00,23,16,16,0.0,8.0,7.0,1.0,0.0,1.0,6,5,3,0,3,0,5.2,237.0,159.0,260.0,4.333,3.0,7.31,roster,0,55.0,40.0,0.4955,22.97,3.7262,0.4,0.684,3.4375,34.32,2.6,0.0,6.04,6.5
2021-08-22 00:00:00,0,16,16,0.0,7.0,8.0,1.0,0.0,1.0,4,3,4,0,4,0,6.2,258.0,219.0,320.0,5.333,3.0,7.31,roster,0,54.0,40.0,0.5,25.23,2.7351,0.4,0.4104,3.375,34.32,3.47,0.0,7.44,8.0
2021-08-22 01:00:00,1,15,15,0.0,8.0,6.0,1.0,0.0,1.0,5,3,4,0,4,0,7.2,318.0,279.0,380.0,6.333,3.0,7.31,roster,0,52.0,37.5,0.4815,24.48,2.7227,0.375,0.4104,3.4667,32.17,3.47,0.0,8.84,9.5
2021-08-22 02:00:00,2,13,13,0.0,7.0,5.0,1.0,0.0,1.0,1,1,4,0,4,0,8.2,378.0,339.0,440.0,7.333,3.0,7.31,roster,0,45.0,32.5,0.4167,21.59,1.5985,0.325,0.1368,3.4615,27.88,3.47,0.0,10.23,11.0
2021-08-22 03:00:00,3,16,16,0.0,8.0,7.0,1.0,0.0,1.0,6,6,3,0,3,0,9.2,477.0,399.0,500.0,8.333,3.0,7.31,roster,0,55.0,40.0,0.4955,28.55,4.1965,0.4,0.8208,3.4375,34.32,2.6,0.0,11.62,12.5
2021-08-22 04:00:00,4,17,17,0.0,8.0,8.0,1.0,0.0,1.0,2,2,3,1,4,1,10.2,498.0,459.0,560.0,9.333,3.0,7.31,roster,0,58.0,42.5,0.537,46.36,2.3835,0.425,0.2736,3.4118,36.46,3.47,13.4,13.02,14.0
2021-08-22 05:00:00,5,17,17,0.0,8.0,8.0,1.0,0.0,1.0,2,2,4,1,5,1,11.2,519.0,148.0,597.0,10.333,3.0,7.31,roster,0,58.0,42.5,0.5524,48.09,2.3835,0.425,0.2736,3.4118,36.46,4.34,13.4,13.88,14.925
2021-08-22 06:00:00,6,15,15,0.0,6.0,8.0,1.0,0.0,1.0,2,1,5,0,5,0,12.2,579.0,171.0,657.0,11.333,3.0,7.31,roster,0,50.0,37.5,0.4762,31.79,1.706,0.375,0.1368,3.3333,32.17,4.34,0.0,15.28,16.425
2021-08-22 07:00:00,7,17,17,0.0,6.0,9.0,2.0,0.0,1.0,4,3,5,0,5,0,13.2,639.0,231.0,717.0,12.333,3.0,7.31,roster,0,55.0,42.5,0.5238,37.48,2.7028,0.425,0.4104,3.2353,36.46,4.34,0.0,16.67,17.925
2021-08-22 08:00:00,8,15,15,0.0,6.0,8.0,1.0,0.0,1.0,2,2,5,0,5,0,13.333,699.0,291.0,777.0,13.333,3.0,7.76,roster,0,50.0,37.5,0.4762,34.58,2.1091,0.375,0.2577,3.3333,32.17,4.34,0.0,18.07,19.425
2021-08-22 09:00:00,9,14,14,0.0,5.0,8.0,1.0,0.0,1.0,6,5,1,0,1,0,12.867,759.0,759.0,759.0,12.65,3.0,7.76,roster,0,46.0,35.0,0.3932,28.55,3.2671,0.35,0.6443,3.2857,30.03,0.87,0.0,17.65,18.975
2021-08-22 10:00:00,10,11,11,0.0,6.0,5.0,0.0,0.0,1.0,6,4,2,0,2,0,13.65,453.0,87.0,819.0,13.65,4.0,11.01,roster,0,39.0,27.5,0.2566,24.37,2.2631,0.275,0.3633,3.5455,23.6,1.74,0.0,19.04,20.475
2021-08-22 11:00:00,11,18,18,1.0,6.0,11.0,0.0,0.0,1.0,11,11,4,0,4,0,14.65,111.0,75.0,879.0,14.65,4.0,11.01,roster,0,62.0,45.0,0.4306,42.52,4.9913,0.45,0.9991,3.4444,38.61,3.47,0.0,20.44,21.975
2021-08-22 12:00:00,12,20,20,1.0,4.0,13.0,2.0,0.0,1.0,8,8,8,1,9,1,15.65,103.0,95.0,132.0,15.65,4.0,11.01,roster,0,64.0,50.0,0.5161,47.18,3.9252,0.5,0.7266,3.2,42.9,7.81,13.4,3.07,3.3
2021-08-22 13:00:00,13,20,20,1.0,3.0,14.0,2.0,0.0,1.0,6,6,9,0,9,0,5.2,155.0,129.0,163.0,4.45,4.0,11.01,roster,0,63.0,50.0,0.5081,34.5,3.2916,0.5,0.545,3.15,42.9,7.81,0.0,3.79,4.075
2021-08-22 14:00:00,14,17,17,0.0,1.0,13.0,1.0,2.0,1.0,6,6,4,0,4,0,4.2,213.5,204.0,252.0,4.2,4.0,11.01,roster,0,47.0,42.5,0.3264,25.8,2.6817,0.425,0.545,2.7647,36.46,3.47,0.0,5.86,6.3
2021-08-22 15:00:00,15,13,13,0.0,0.0,13.0,0.0,0.0,1.0,6,4,2,0,2,0,4.717,273.5,264.0,283.0,4.717,4.0,11.01,roster,0,39.0,32.5,0.2566,16.2,2.0649,0.325,0.3633,3.0,27.88,1.74,0.0,6.58,7.075
2021-08-22 16:00:00,16,17,17,1.0,0.0,16.0,0.0,0.0,1.0,11,10,2,0,2,0,5.717,333.5,324.0,343.0,5.717,4.0,11.01,roster,0,53.0,42.5,0.3487,26.18,4.1567,0.425,0.9083,3.1176,36.46,1.74,0.0,7.97,8.575
2021-08-22 17:00:00,17,10,10,1.0,0.0,9.0,0.0,0.0,1.0,2,2,3,0,3,0,6.4,90.0,85.0,384.0,6.4,4.0,11.01,roster,0,32.0,25.0,0.2162,12.98,1.3813,0.25,0.1817,3.2,21.45,2.6,0.0,8.93,9.6
2021-08-22 18:00:00,18,13,13,1.0,1.0,11.0,0.0,0.0,1.0,5,5,3,0,3,0,7.4,150.0,145.0,444.0,7.4,4.0,11.01,roster,0,42.0,32.5,0.2838,20.81,2.5172,0.325,0.4541,3.2308,27.88,2.6,0.0,10.32,11.1
2021-08-22 19:00:00,19,15,15,0.0,3.0,11.0,1.0,0.0,1.0,7,6,3,0,3,0,6.133,85.0,70.0,210.0,3.5,4.0,11.01,roster,0,47.0,37.5,0.3176,19.66,2.8825,0.375,0.545,3.1333,32.17,2.6,0.0,4.88,5.25
2021-08-22 20:00:00,20,14,14,0.0,4.0,8.0,2.0,0.0,1.0,4,3,5,1,6,1,4.5,116.5,85.0,145.0,4.5,4.0,11.31,roster,0,44.0,35.0,0.3235,32.01,1.9336,0.35,0.2653,3.1429,30.03,5.21,13.4,3.37,3.625
2021-08-22 21:00:00,21,21,21,0.0,3.0,17.0,1.0,0.0,1.0,11,11,5,1,6,1,5.5,161.0,134.0,205.0,5.5,4.0,11.31,roster,0,65.0,52.5,0.4779,48.42,4.6354,0.525,0.9726,3.0952,45.04,5.21,13.4,4.77,5.125
2021-08-22 22:00:00,22,17,17,0.0,2.0,14.0,1.0,0.0,1.0,3,3,6,1,7,1,6.5,144.0,90.0,265.0,6.5,3.0,8.06,roster,0,52.0,42.5,0.5253,42.1,2.4385,0.425,0.3722,3.0588,36.46,6.08,13.4,6.16,6.625
2021-08-22 23:00:00,23,16,16,0.0,1.0,12.0,3.0,0.0,1.0,4,4,4,1,5,1,7.5,152.0,150.0,297.0,7.5,3.0,8.06,roster,0,46.0,40.0,0.4381,38.97,2.5768,0.4,0.4963,2.875,34.32,4.34,13.4,6.91,7.425
2021-08-23 00:00:00,0,13,13,0.0,2.0,9.0,2.0,0.0,1.0,5,4,4,0,4,0,8.5,211.0,210.0,510.0,8.5,3.0,8.06,roster,0,39.0,32.5,0.3611,23.22,2.4638,0.325,0.4963,3.0,27.88,3.47,0.0,11.86,12.75
2021-08-23 01:00:00,1,10,10,0.0,1.0,8.0,1.0,0.0,1.0,4,3,3,0,3,0,4.533,270.0,102.0,272.0,4.533,3.0,8.06,roster,0,30.0,25.0,0.2703,10.38,1.8666,0.25,0.3722,3.0,21.45,2.6,0.0,6.32,6.8
2021-08-23 02:00:00,2,11,11,0.0,1.0,10.0,0.0,0.0,1.0,4,3,3,0,3,0,5.533,330.0,162.0,332.0,5.533,3.0,8.06,roster,0,34.0,27.5,0.3063,13.92,2.0005,0.275,0.3722,3.0909,23.6,2.6,0.0,7.72,8.3
2021-08-23 03:00:00,3,9,9,0.0,1.0,8.0,0.0,0.0,1.0,2,1,4,0,4,0,6.533,306.0,222.0,392.0,6.533,3.0,8.06,roster,0,28.0,22.5,0.2593,11.89,1.086,0.225,0.1241,3.1111,19.3,3.47,0.0,9.11,9.8
2021-08-23 04:00:00,4,7,7,0.0,1.0,6.0,0.0,0.0,1.0,1,1,4,0,4,0,7.533,366.0,282.0,452.0,7.533,3.0,8.06,roster,0,22.0,17.5,0.2037,9.0,0.9399,0.175,0.1241,3.1429,15.01,3.47,0.0,10.51,11.3
2021-08-23 05:00:00,5,10,10,1.0,1.0,7.0,1.0,0.0,1.0,4,4,5,0,5,0,8.533,342.0,223.0,510.0,8.533,3.0,8.06,roster,0,32.0,25.0,0.3048,17.65,2.3881,0.25,0.4963,3.2,21.45,4.34,0.0,11.86,12.75
2021-08-23 06:00:00,6,11,11,1.0,1.0,8.0,1.0,0.0,1.0,1,1,5,0,5,0,9.533,402.0,283.0,570.0,9.533,3.0,8.06,roster,0,35.0,27.5,0.3333,21.19,1.2698,0.275,0.1241,3.1818,23.6,4.34,0.0,13.25,14.25
2021-08-23 07:00:00,7,11,11,1.0,1.0,9.0,0.0,0.0,1.0,2,2,5,0,5,0,10.533,462.0,343.0,630.0,10.533,3.0,8.06,roster,0,36.0,27.5,0.3429,22.58,1.7121,0.275,0.2481,3.2727,23.6,4.34,0.0,14.65,15.75
2021-08-23 08:00:00,8,15,15,1.0,2.0,12.0,0.0,0.0,1.0,5,5,6,0,6,0,11.533,462.5,256.0,690.0,11.533,3.0,7.76,roster,0,49.0,37.5,0.4804,33.43,3.3298,0.375,0.6443,3.2667,32.17,5.21,0.0,16.04,17.25
2021-08-23 09:00:00,9,15,15,1.0,1.0,13.0,0.0,0.0,1.0,4,4,5,0,5,0,12.533,463.0,316.0,750.0,12.533,3.0,7.76,roster,0,48.0,37.5,0.4571,33.95,2.8495,0.375,0.5155,3.2,32.17,4.34,0.0,17.44,18.75
2021-08-23 10:00:00,10,17,17,1.0,2.0,14.0,0.0,0.0,1.0,5,5,4,0,4,0,13.5,449.5,376.0,810.0,13.5,4.0,11.1,roster,0,55.0,42.5,0.3819,38.77,2.8323,0.425,0.4505,3.2353,36.46,3.47,0.0,18.83,20.25
2021-08-23 11:00:00,11,21,21,1.0,3.0,16.0,1.0,0.0,1.0,7,7,5,1,6,1,14.5,338.0,105.0,583.0,14.5,4.0,11.1,roster,0,67.0,52.5,0.4926,57.21,3.687,0.525,0.6306,3.1905,45.04,5.21,13.4,13.55,14.575
2021-08-23 12:00:00,12,27,27,0.0,5.0,22.0,0.0,0.0,1.0,8,8,6,1,7,1,15.5,300.0,153.0,643.0,15.5,4.0,11.1,roster,0,86.0,67.5,0.6515,72.34,4.4456,0.675,0.7207,3.1852,57.92,6.08,13.4,14.95,16.075
2021-08-23 13:00:00,13,27,27,0.0,3.0,23.0,1.0,0.0,1.0,7,7,7,1,8,1,16.5,292.5,213.0,703.0,16.5,4.0,11.1,roster,0,83.0,67.5,0.6484,74.61,4.0136,0.675,0.6306,3.0741,57.92,6.95,13.4,16.34,17.575
2021-08-23 14:00:00,14,22,22,0.0,2.0,18.0,2.0,0.0,1.0,8,7,4,1,5,1,12.717,273.0,187.0,616.0,12.717,4.0,11.1,roster,0,66.0,55.0,0.4714,59.25,3.5419,0.55,0.6306,3.0,47.19,4.34,13.4,14.32,15.4
2021-08-23 15:00:00,15,16,16,0.0,1.0,12.0,3.0,0.0,1.0,3,4,3,0,3,0,13.717,172.0,109.0,823.0,13.717,4.0,11.1,roster,0,46.0,40.0,0.3108,36.06,2.186,0.4,0.3604,2.875,34.32,2.6,0.0,19.13,20.575
2021-08-23 16:00:00,16,14,14,0.0,1.0,12.0,1.0,0.0,1.0,5,5,2,0,2,0,14.717,526.0,169.0,883.0,14.717,4.0,11.1,roster,0,42.0,35.0,0.2763,32.3,2.4014,0.35,0.4505,3.0,30.03,1.74,0.0,20.53,22.075
2021-08-23 17:00:00,17,15,15,1.0,1.0,12.0,1.0,0.0,1.0,5,4,3,0,3,0,15.717,229.0,61.0,943.0,15.717,4.0,11.1,roster,0,47.0,37.5,0.3176,36.7,2.3041,0.375,0.3604,3.1333,32.17,2.6,0.0,21.92,23.575
2021-08-23 18:00:00,18,17,17,1.0,2.0,13.0,1.0,0.0,1.0,7,7,5,0,5,0,16.717,111.0,108.0,121.0,16.717,4.0,11.1,roster,0,54.0,42.5,0.3857,23.62,3.3532,0.425,0.6306,3.1765,36.46,4.34,0.0,2.81,3.025
2021-08-23 19:00:00,19,13,13,1.0,2.0,9.0,1.0,0.0,1.0,3,3,7,0,7,0,17.717,168.0,115.0,181.0,17.717,4.0,11.1,roster,0,42.0,32.5,0.3182,18.17,1.9232,0.325,0.2703,3.2308,27.88,6.08,0.0,4.21,4.525
2021-08-23 20:00:00,20,16,16,0.0,2.0,11.0,3.0,0.0,1.0,7,7,4,0,4,0,18.717,203.0,175.0,1123.0,18.717,4.0,9.77,roster,0,47.0,40.0,0.3264,43.9,3.2797,0.4,0.7165,2.9375,34.32,3.47,0.0,26.11,28.075
2021-08-23 21:00:00,21,16,16,0.0,1.0,13.0,1.0,1.0,1.0,8,8,3,0,3,0,19.717,235.0,214.0,1183.0,19.717,4.0,9.77,roster,0,46.0,40.0,0.3108,44.43,3.5041,0.4,0.8188,2.875,34.32,2.6,0.0,27.5,29.575
2021-08-23 22:00:00,22,17,17,1.0,2.0,12.0,1.0,1.0,1.0,9,8,4,0,4,0,4.917,96.5,79.0,295.0,4.917,3.0,6.43,roster,0,52.0,42.5,0.4815,26.8,5.1057,0.425,1.2442,3.0588,36.46,3.47,0.0,6.86,7.375
2021-08-23 23:00:00,23,28,28,1.0,2.0,21.0,3.0,1.0,1.0,14,14,6,0,6,0,5.917,131.5,102.0,174.0,5.917,3.0,6.43,roster,0,83.0,70.0,0.8137,49.32,8.5291,0.7,2.1773,2.9643,60.06,5.21,0.0,4.05,4.35
2021-08-24 00:00:00,0,22,22,1.0,4.0,15.0,1.0,1.0,1.0,3,3,7,0,7,0,6.917,162.0,106.0,234.0,6.917,3.0,6.43,roster,0,69.0,55.0,0.697,38.71,3.1883,0.55,0.4666,3.1364,47.19,6.08,0.0,5.44,5.85
2021-08-24 01:00:00,1,24,24,0.0,4.0,17.0,2.0,1.0,1.0,7,7,8,0,8,0,7.917,194.0,130.0,294.0,7.917,3.0,6.43,roster,0,72.0,60.0,0.75,45.26,5.0659,0.6,1.0886,3.0,51.48,6.95,0.0,6.84,7.35
2021-08-24 02:00:00,2,24,24,0.0,4.0,17.0,2.0,1.0,1.0,5,5,9,0,9,0,8.917,226.0,144.0,304.0,8.917,3.0,6.43,roster,0,72.0,60.0,0.7742,46.36,4.1328,0.6,0.7776,3.0,51.48,7.81,0.0,7.07,7.6
2021-08-24 03:00:00,3,21,21,0.0,4.0,14.0,2.0,1.0,1.0,0,0,9,0,9,0,9.917,286.0,204.0,364.0,9.917,3.0,6.43,roster,0,63.0,52.5,0.6774,41.32,1.575,0.525,0.0,3.0,45.04,7.81,0.0,8.46,9.1
2021-08-24 04:00:00,4,19,19,0.0,4.0,13.0,1.0,1.0,1.0,1,1,9,0,9,0,10.917,346.0,264.0,424.0,10.917,3.0,6.43,roster,0,58.0,47.5,0.6237,38.43,1.9247,0.475,0.1555,3.0526,40.75,7.81,0.0,9.86,10.6
2021-08-24 05:00:00,5,18,18,0.0,4.0,12.0,1.0,1.0,1.0,0,0,9,0,9,0,11.917,406.0,324.0,484.0,11.917,3.0,6.43,roster,0,55.0,45.0,0.5914,37.68,1.375,0.45,0.0,3.0556,38.61,7.81,0.0,11.25,12.1
2021-08-24 06:00:00,6,18,18,1.0,4.0,11.0,1.0,1.0,1.0,2,2,9,0,9,0,12.917,466.0,384.0,544.0,12.917,3.0,6.43,roster,0,57.0,45.0,0.6129,39.07,2.41,0.45,0.311,3.1667,38.61,7.81,0.0,12.65,13.6
2021-08-24 07:00:00,7,19,19,1.0,4.0,12.0,1.0,1.0,1.0,3,2,9,0,9,0,13.917,526.0,444.0,604.0,13.917,3.0,6.43,roster,0,60.0,47.5,0.6452,42.61,2.4822,0.475,0.311,3.1579,40.75,7.81,0.0,14.04,15.1
2021-08-24 08:00:00,8,20,20,1.0,4.0,13.0,1.0,1.0,1.0,2,2,10,0,10,0,14.917,568.0,482.0,664.0,14.917,3.0,6.57,roster,0,63.0,50.0,0.7,47.02,2.5339,0.5,0.3044,3.15,42.9,8.68,0.0,15.44,16.6
2021-08-24 09:00:00,9,23,23,1.0,4.0,13.0,4.0,1.0,1.0,7,6,8,0,8,0,15.917,587.0,542.0,702.0,15.917,3.0,6.57,roster,0,69.0,57.5,0.7188,52.6,4.4647,0.575,0.9132,3.0,49.33,6.95,0.0,16.32,17.55
2021-08-24 10:00:00,10,26,26,2.0,2.0,15.0,6.0,1.0,1.0,8,9,7,0,7,0,16.917,670.0,192.0,762.0,16.917,4.0,9.91,roster,0,76.0,65.0,0.5758,59.56,4.5547,0.65,0.9082,2.9231,55.77,6.08,0.0,17.72,19.05
2021-08-24 11:00:00,11,24,24,1.0,1.0,18.0,4.0,0.0,1.0,7,7,9,0,9,0,17.917,331.0,159.0,766.0,17.917,4.0,9.91,roster,0,71.0,60.0,0.5726,57.1,3.8646,0.6,0.7064,2.9583,51.48,7.81,0.0,17.81,19.15
2021-08-24 12:00:00,12,23,23,2.0,1.0,17.0,3.0,0.0,1.0,4,4,8,0,8,0,14.7,238.5,137.0,826.0,14.7,4.0,9.91,roster,0,71.0,57.5,0.5547,55.49,3.021,0.575,0.4036,3.087,49.33,6.95,0.0,19.2,20.65
2021-08-24 13:00:00,13,25,25,2.0,1.0,19.0,3.0,0.0,1.0,8,8,8,0,8,0,15.7,284.5,164.0,886.0,15.7,4.0,9.91,roster,0,77.0,62.5,0.6016,61.17,4.4114,0.625,0.8073,3.08,53.62,6.95,0.0,20.6,22.15
2021-08-24 14:00:00,14,15,15,1.0,1.0,12.0,1.0,0.0,1.0,3,2,9,0,9,0,15.767,137.0,117.0,257.0,15.767,4.0,9.91,roster,0,47.0,37.5,0.379,25.97,1.8074,0.375,0.2018,3.1333,32.17,7.81,0.0,5.98,6.425
2021-08-24 15:00:00,15,12,12,1.0,1.0,9.0,1.0,0.0,1.0,2,2,7,0,7,0,8.2,187.0,129.0,284.0,8.2,4.0,9.91,roster,0,38.0,30.0,0.2879,18.42,1.5891,0.3,0.2018,3.1667,25.74,6.08,0.0,6.6,7.1
2021-08-24 16:00:00,16,12,12,0.0,1.0,9.0,2.0,0.0,1.0,5,5,4,0,4,0,9.2,186.0,135.0,552.0,9.2,4.0,9.91,roster,0,35.0,30.0,0.2431,22.05,2.3466,0.3,0.5045,2.9167,25.74,3.47,0.0,12.83,13.8
2021-08-24 17:00:00,17,12,12,1.0,0.0,10.0,1.0,0.0,1.0,5,5,6,0,6,0,10.2,158.0,117.0,297.0,10.2,4.0,9.91,roster,0,37.0,30.0,0.2721,17.86,2.4807,0.3,0.5045,3.0833,25.74,5.21,0.0,6.91,7.425
2021-08-24 18:00:00,18,16,16,0.0,1.0,14.0,1.0,0.0,1.0,7,7,6,0,6,0,11.2,218.0,177.0,357.0,11.2,4.0,9.91,roster,0,48.0,40.0,0.3529,27.83,3.3191,0.4,0.7064,3.0,34.32,5.21,0.0,8.3,8.925
2021-08-24 19:00:00,19,22,22,0.0,2.0,19.0,0.0,1.0,1.0,10,9,7,0,7,0,12.2,234.0,68.0,315.0,12.2,4.0,9.91,roster,0,66.0,55.0,0.5,40.59,4.3745,0.55,0.9082,3.0,47.19,6.08,0.0,7.32,7.875
2021-08-24 20:00:00,20,26,26,0.0,3.0,23.0,0.0,0.0,1.0,8,8,8,0,8,0,13.2,222.5,126.0,375.0,13.2,4.0,10.57,roster,0,81.0,65.0,0.6328,51.44,4.3829,0.65,0.7569,3.1154,55.77,6.95,0.0,8.72,9.375
2021-08-24 21:00:00,21,25,25,0.0,5.0,20.0,0.0,0.0,1.0,7,7,9,0,9,0,7.25,171.0,111.0,354.0,7.25,4.0,10.57,roster,0,80.0,62.5,0.6452,49.67,4.1192,0.625,0.6623,3.2,53.62,7.81,0.0,8.23,8.85
2021-08-24 22:00:00,22,24,24,0.0,5.0,19.0,0.0,0.0,1.0,7,6,7,1,8,1,8.25,162.0,138.0,417.0,8.25,3.0,7.23,roster,0,77.0,60.0,0.8021,61.52,4.5875,0.6,0.8299,3.2083,51.48,6.95,13.4,9.7,10.425
2021-08-24 23:00:00,23,26,26,0.0,6.0,20.0,0.0,0.0,1.0,8,9,9,0,9,0,9.25,213.0,150.0,474.0,9.25,3.0,7.23,roster,0,84.0,65.0,0.9032,54.61,6.1217,0.65,1.2448,3.2308,55.77,7.81,0.0,11.02,11.85
2021-08-25 00:00:00,0,30,30,1.0,8.0,21.0,0.0,0.0,1.0,8,6,10,0,10,0,10.25,265.5,123.0,534.0,10.25,3.0,7.23,roster,0,100.0,75.0,1.1111,65.45,5.2663,0.75,0.8299,3.3333,64.35,8.68,0.0,12.42,13.35
2021-08-25 01:00:00,1,31,31,1.0,8.0,21.0,1.0,0.0,1.0,6,5,11,0,11,0,11.25,318.0,180.0,594.0,11.25,3.0,7.23,roster,0,102.0,77.5,1.1724,69.86,4.8255,0.775,0.6916,3.2903,66.5,9.55,0.0,13.81,14.85
2021-08-25 02:00:00,2,27,27,1.0,8.0,17.0,1.0,0.0,1.0,5,4,11,0,11,0,12.25,330.0,237.0,411.0,12.25,3.0,7.23,roster,0,90.0,67.5,1.0345,57.02,4.0942,0.675,0.5533,3.3333,57.92,9.55,0.0,9.56,10.275
2021-08-25 03:00:00,3,25,25,1.0,8.0,16.0,0.0,0.0,1.0,2,2,11,0,11,0,13.25,390.0,297.0,471.0,13.25,3.0,7.23,roster,0,85.0,62.5,0.977,54.13,3.0655,0.625,0.2766,3.4,53.62,9.55,0.0,10.95,11.775
2021-08-25 04:00:00,4,25,25,1.0,9.0,15.0,0.0,0.0,1.0,3,3,12,0,12,0,14.25,406.5,357.0,531.0,14.25,3.0,7.23,roster,0,86.0,62.5,1.0238,56.39,3.5774,0.625,0.4149,3.44,53.62,10.42,0.0,12.35,13.275
2021-08-25 05:00:00,5,26,26,2.0,9.0,15.0,0.0,0.0,1.0,4,4,13,0,13,0,15.25,423.0,304.0,573.0,15.25,3.0,7.23,roster,0,91.0,65.0,1.1235,60.38,4.2114,0.65,0.5533,3.5,55.77,11.29,0.0,13.32,14.325
2021-08-25 06:00:00,6,26,26,2.0,9.0,15.0,0.0,0.0,1.0,1,1,14,1,15,1,16.25,480.0,193.0,633.0,16.25,3.0,7.23,roster,0,91.0,65.0,1.2133,76.91,2.7591,0.65,0.1383,3.5,55.77,13.02,13.4,14.72,15.825
2021-08-25 07:00:00,7,31,31,1.0,10.0,20.0,0.0,0.0,1.0,6,6,14,0,14,0,17.25,541.5,366.0,693.0,17.25,3.0,7.23,roster,0,105.0,77.5,1.3462,74.76,5.4359,0.775,0.8299,3.3871,66.5,12.16,0.0,16.11,17.325
2021-08-25 08:00:00,8,28,28,1.0,10.0,16.0,1.0,0.0,1.0,4,4,15,0,15,0,18.25,600.0,313.0,753.0,18.25,3.0,7.73,roster,0,95.0,70.0,1.2667,70.59,4.1307,0.7,0.5175,3.3929,60.06,13.02,0.0,17.51,18.825
2021-08-25 09:00:00,9,24,24,1.0,6.0,16.0,1.0,0.0,1.0,4,5,13,0,13,0,19.25,544.0,352.0,813.0,19.25,3.0,7.73,roster,0,79.0,60.0,0.9753,61.67,4.1042,0.6,0.6468,3.2917,51.48,11.29,0.0,18.9,20.325
2021-08-25 10:00:00,10,28,28,0.0,7.0,21.0,0.0,0.0,1.0,7,7,12,0,12,0,20.25,631.5,412.0,891.0,20.25,4.0,11.05,roster,0,91.0,70.0,0.8125,71.2,4.3338,0.7,0.6335,3.25,60.06,10.42,0.0,20.72,22.275
2021-08-25 11:00:00,11,28,28,0.0,5.0,21.0,2.0,0.0,1.0,6,6,13,0,13,0,21.25,606.0,272.0,933.0,21.25,4.0,11.05,roster,0,87.0,70.0,0.8056,73.04,3.8621,0.7,0.543,3.1071,60.06,11.29,0.0,21.69,23.325
2021-08-25 12:00:00,12,26,26,0.0,5.0,19.0,2.0,0.0,1.0,7,7,12,0,12,0,22.25,599.0,332.0,1011.0,22.25,4.0,11.05,roster,0,81.0,65.0,0.7232,69.7,3.9985,0.65,0.6335,3.1154,55.77,10.42,0.0,23.51,25.275
2021-08-25 13:00:00,13,24,24,0.0,4.0,19.0,1.0,0.0,1.0,1,1,11,0,11,0,23.25,726.0,302.0,1071.0,23.25,4.0,11.05,roster,0,75.0,60.0,0.6466,65.93,2.1578,0.6,0.0905,3.125,51.48,9.55,0.0,24.9,26.775
2021-08-25 14:00:00,14,25,25,0.0,5.0,18.0,2.0,0.0,1.0,8,8,7,0,7,0,18.85,786.0,452.0,960.0,18.85,4.0,11.05,roster,0,78.0,62.5,0.5909,62.02,4.2088,0.625,0.724,3.12,53.62,6.08,0.0,22.32,24.0
2021-08-25 15:00:00,15,25,25,0.0,6.0,18.0,1.0,0.0,1.0,10,9,6,1,7,1,19.85,328.0,105.0,1017.0,19.85,4.0,11.05,roster,0,80.0,62.5,0.6061,76.75,4.6063,0.625,0.8145,3.2,53.62,6.08,13.4,23.65,25.425
2021-08-25 16:00:00,16,25,25,0.0,5.0,19.0,1.0,0.0,1.0,7,7,8,2,10,2,17.95,133.0,101.0,388.0,17.95,4.0,11.05,roster,0,79.0,62.5,0.6583,78.13,3.9768,0.625,0.6335,3.16,53.62,8.68,26.8,9.02,9.7
2021-08-25 17:00:00,17,25,25,0.0,6.0,19.0,0.0,0.0,1.0,5,5,7,2,9,2,18.95,217.0,151.0,448.0,18.95,4.0,11.05,roster,0,81.0,62.5,0.6532,78.66,3.4911,0.625,0.4525,3.24,53.62,7.81,26.8,10.42,11.2
2021-08-25 18:00:00,18,26,26,0.0,6.0,19.0,0.0,1.0,1.0,8,7,7,3,10,3,19.95,244.0,83.0,508.0,19.95,4.0,11.05,roster,0,82.0,65.0,0.6833,96.46,4.0479,0.65,0.6335,3.1538,55.77,8.68,40.2,11.81,12.7
2021-08-25 19:00:00,19,19,19,0.0,4.0,14.0,0.0,1.0,1.0,4,4,4,2,6,2,20.95,304.0,258.0,568.0,20.95,4.0,11.05,roster,0,59.0,47.5,0.4338,65.97,2.5991,0.475,0.362,3.1053,40.75,5.21,26.8,13.21,14.2
2021-08-25 20:00:00,20,15,15,0.0,3.0,12.0,0.0,0.0,1.0,6,6,3,1,4,1,21.95,357.5,318.0,1317.0,21.95,4.0,9.75,roster,0,48.0,37.5,0.3333,59.67,3.1692,0.375,0.6154,3.2,32.17,3.47,13.4,30.62,32.925
2021-08-25 21:00:00,21,21,21,0.0,3.0,17.0,0.0,1.0,1.0,9,9,5,1,6,1,22.95,319.0,110.0,457.0,22.95,4.0,9.75,roster,0,64.0,52.5,0.4706,54.28,4.4132,0.525,0.9231,3.0476,45.04,5.21,13.4,10.63,11.425
2021-08-25 22:00:00,22,22,22,0.0,3.0,18.0,0.0,1.0,1.0,7,7,4,0,4,0,23.95,205.0,90.0,1437.0,23.95,3.0,6.43,roster,0,67.0,55.0,0.6204,64.07,4.9904,0.55,1.0886,3.0455,47.19,3.47,0.0,33.41,35.925
2021-08-25 23:00:00,23,25,25,0.0,3.0,19.0,2.0,1.0,1.0,8,7,5,0,5,0,24.95,130.0,107.0,380.0,24.95,3.0,6.43,roster,0,74.0,62.5,0.7048,46.8,5.0724,0.625,1.0886,2.96,53.62,4.34,0.0,8.84,9.5
2021-08-26 00:00:00,0,22,22,0.0,3.0,17.0,1.0,1.0,1.0,1,1,5,0,5,0,25.95,190.0,167.0,440.0,25.95,3.0,6.43,roster,0,66.0,55.0,0.6286,41.76,2.1166,0.55,0.1555,3.0,47.19,4.34,0.0,10.23,11.0
2021-08-26 01:00:00,1,24,24,0.0,3.0,18.0,2.0,1.0,1.0,4,3,5,0,5,0,26.95,250.0,227.0,500.0,26.95,3.0,6.43,roster,0,71.0,60.0,0.6762,47.45,3.1552,0.6,0.4666,2.9583,51.48,4.34,0.0,11.62,12.5
2021-08-26 02:00:00,2,21,21,0.0,3.0,16.0,1.0,1.0,1.0,4,4,5,0,5,0,27.95,310.0,287.0,560.0,27.95,3.0,6.43,roster,0,63.0,52.5,0.6,42.41,3.4413,0.525,0.6221,3.0,45.04,4.34,0.0,13.02,14.0
2021-08-26 03:00:00,3,21,21,0.0,2.0,17.0,1.0,1.0,1.0,4,5,5,0,5,0,28.95,370.0,347.0,620.0,28.95,3.0,6.43,roster,0,62.0,52.5,0.5905,43.8,3.8458,0.525,0.7776,2.9524,45.04,4.34,0.0,14.42,15.5
2021-08-26 04:00:00,4,22,22,1.0,2.0,17.0,1.0,1.0,1.0,3,3,6,0,6,0,29.95,418.5,366.0,680.0,29.95,3.0,6.43,roster,0,67.0,55.0,0.6569,48.21,3.0959,0.55,0.4666,3.0455,47.19,5.21,0.0,15.81,17.0
2021-08-26 05:00:00,5,20,20,1.0,2.0,16.0,0.0,1.0,1.0,1,1,6,0,6,0,30.95,478.5,426.0,740.0,30.95,3.0,6.43,roster,0,62.0,50.0,0.6078,45.31,2.0321,0.5,0.1555,3.1,42.9,5.21,0.0,17.21,18.5
2021-08-26 06:00:00,6,20,20,1.0,3.0,15.0,0.0,1.0,1.0,3,2,7,0,7,0,31.95,527.0,219.0,800.0,31.95,3.0,6.43,roster,0,63.0,50.0,0.6364,47.58,2.5548,0.5,0.311,3.15,42.9,6.08,0.0,18.6,20.0
2021-08-26 07:00:00,7,24,24,1.0,2.0,20.0,0.0,1.0,1.0,7,6,7,0,7,0,32.95,587.0,279.0,860.0,32.95,3.0,6.43,roster,0,74.0,60.0,0.7475,57.55,4.7271,0.6,0.9331,3.0833,51.48,6.08,0.0,20.0,21.5
2021-08-26 08:00:00,8,27,27,1.0,3.0,20.0,2.0,1.0,1.0,6,6,9,0,9,0,33.95,606.0,208.0,670.0,33.95,3.0,6.5,roster,0,82.0,67.5,0.8817,61.31,4.8534,0.675,0.9231,3.037,57.92,7.81,0.0,15.58,16.75
2021-08-26 09:00:00,9,22,22,1.0,3.0,16.0,1.0,1.0,1.0,3,3,6,1,7,1,34.95,268.0,81.0,730.0,34.95,3.0,6.5,roster,0,68.0,55.0,0.6869,63.64,3.1266,0.55,0.4615,3.0909,47.19,6.08,13.4,16.97,18.25
2021-08-26 10:00:00,10,23,23,1.0,3.0,18.0,1.0,0.0,1.0,9,9,6,0,6,0,17.717,229.5,94.0,767.0,13.167,4.0,11.22,roster,0,73.0,57.5,0.5368,52.38,4.3709,0.575,0.8021,3.1739,49.33,5.21,0.0,17.83,19.175
2021-08-26 11:00:00,11,31,31,2.0,4.0,23.0,2.0,0.0,1.0,12,10,8,0,8,0,18.717,172.5,120.0,827.0,14.167,4.0,11.22,roster,0,99.0,77.5,0.7734,72.67,5.3213,0.775,0.8913,3.1935,66.5,6.95,0.0,19.23,20.675
2021-08-26 12:00:00,12,36,36,2.0,5.0,28.0,1.0,0.0,1.0,14,14,10,0,10,0,19.717,197.0,137.0,448.0,15.167,4.0,11.22,roster,0,116.0,90.0,0.9667,76.32,6.9206,0.9,1.2478,3.2222,77.22,8.68,0.0,10.42,11.2
2021-08-26 13:00:00,13,34,34,1.0,7.0,25.0,1.0,0.0,1.0,8,8,17,0,17,0,20.717,130.0,99.0,240.0,16.167,4.0,11.22,roster,0,110.0,85.0,1.1957,73.27,5.0568,0.85,0.713,3.2353,72.93,14.76,0.0,5.58,6.0
2021-08-26 14:00:00,14,29,29,0.0,4.0,24.0,1.0,0.0,1.0,4,4,15,2,17,2,21.717,148.0,115.0,270.0,17.167,4.0,11.22,roster,0,90.0,72.5,0.9783,90.04,3.3564,0.725,0.3565,3.1034,62.2,14.76,26.8,6.28,6.75
2021-08-26 15:00:00,15,24,24,1.0,4.0,18.0,1.0,0.0,1.0,6,6,12,1,13,1,18.167,219.0,175.0,330.0,18.167,4.0,11.22,roster,0,77.0,60.0,0.713,63.84,3.6407,0.6,0.5348,3.2083,51.48,11.29,13.4,7.67,8.25
2021-08-26 16:00:00,16,20,20,1.0,3.0,15.0,1.0,0.0,1.0,3,4,13,0,13,0,19.167,220.0,111.0,285.0,19.167,4.0,11.22,roster,0,64.0,50.0,0.5926,40.81,2.7408,0.5,0.3565,3.2,42.9,11.29,0.0,6.63,7.125
2021-08-26 17:00:00,17,23,23,1.0,4.0,17.0,1.0,0.0,1.0,6,6,11,0,11,0,9.183,280.0,149.0,345.0,9.183,4.0,11.22,roster,0,74.0,57.5,0.6379,46.91,3.5705,0.575,0.5348,3.2174,49.33,9.55,0.0,8.02,8.625
2021-08-26 18:00:00,18,24,24,2.0,4.0,17.0,1.0,0.0,1.0,7,7,12,0,12,0,10.183,220.0,180.0,399.0,10.183,4.0,11.22,roster,0,79.0,60.0,0.7054,51.18,4.0286,0.6,0.6239,3.2917,51.48,10.42,0.0,9.28,9.975
2021-08-26 19:00:00,19,24,24,1.0,3.0,19.0,1.0,0.0,1.0,7,7,9,1,10,1,11.183,216.0,110.0,400.0,11.183,4.0,11.22,roster,0,76.0,60.0,0.6333,62.86,3.8756,0.6,0.6239,3.1667,51.48,8.68,13.4,9.3,10.0
2021-08-26 20:00:00,20,27,27,0.0,4.0,22.0,1.0,0.0,1.0,11,11,9,0,9,0,10.5,206.0,133.0,319.0,10.5,4.0,12.03,roster,0,84.0,67.5,0.6774,53.15,4.9447,0.675,0.9144,3.1111,57.92,7.81,0.0,7.42,7.975
2021-08-26 21:00:00,21,27,27,0.0,3.0,23.0,1.0,0.0,1.0,6,6,9,2,11,2,10.75,160.0,95.0,293.0,7.533,4.0,12.03,roster,0,83.0,67.5,0.7155,81.08,3.6082,0.675,0.4988,3.0741,57.92,9.55,26.8,6.81,7.325
2021-08-26 22:00:00,22,27,27,0.0,4.0,21.0,2.0,0.0,1.0,4,4,8,3,11,3,11.75,220.0,142.0,353.0,8.533,3.0,7.31,roster,0,83.0,67.5,0.954,95.87,3.7571,0.675,0.5472,3.0741,57.92,9.55,40.2,8.21,8.825
2021-08-26 23:00:00,23,28,28,0.0,3.0,22.0,3.0,0.0,1.0,9,8,8,3,11,3,12.75,239.0,181.0,413.0,9.533,3.0,7.31,roster,0,84.0,70.0,0.9655,99.41,5.3832,0.7,1.0944,3.0,60.06,9.55,40.2,9.6,10.325
2021-08-27 00:00:00,0,25,25,0.0,3.0,18.0,4.0,0.0,1.0,6,6,10,4,14,4,13.75,268.5,132.0,373.0,10.533,3.0,7.31,roster,0,74.0,62.5,0.9487,108.05,4.2795,0.625,0.8208,2.96,53.62,12.16,53.6,8.67,9.325
2021-08-27 01:00:00,1,25,25,0.0,3.0,19.0,3.0,0.0,1.0,5,5,10,3,13,3,14.75,322.0,192.0,433.0,11.533,3.0,7.31,roster,0,75.0,62.5,0.9259,95.18,3.927,0.625,0.684,3.0,53.62,11.29,40.2,10.07,10.825
2021-08-27 02:00:00,2,18,18,0.0,3.0,13.0,2.0,0.0,1.0,0,0,11,2,13,2,15.75,382.0,252.0,493.0,12.533,3.0,7.31,roster,0,55.0,45.0,0.679,68.16,1.375,0.45,0.0,3.0556,38.61,11.29,26.8,11.46,12.325
2021-08-27 03:00:00,3,18,18,0.0,3.0,12.0,3.0,0.0,1.0,1,1,11,2,13,2,16.75,442.0,312.0,553.0,13.533,3.0,7.31,roster,0,54.0,45.0,0.6667,69.56,1.7604,0.45,0.1368,3.0,38.61,11.29,26.8,12.86,13.825
2021-08-27 04:00:00,4,19,19,0.0,4.0,13.0,2.0,0.0,1.0,2,2,11,2,13,2,17.75,502.0,372.0,613.0,14.533,3.0,7.31,roster,0,59.0,47.5,0.7284,73.1,2.3246,0.475,0.2736,3.1053,40.75,11.29,26.8,14.25,15.325
2021-08-27 05:00:00,5,19,19,0.0,4.0,13.0,2.0,0.0,1.0,1,1,11,2,13,2,18.75,562.0,432.0,673.0,15.533,3.0,7.31,roster,0,59.0,47.5,0.7284,74.49,1.8998,0.475,0.1368,3.1053,40.75,11.29,26.8,15.65,16.825
2021-08-27 06:00:00,6,22,22,0.0,6.0,14.0,2.0,0.0,1.0,3,3,12,2,14,2,19.75,611.5,463.0,733.0,16.533,3.0,7.31,roster,0,70.0,55.0,0.8974,83.19,3.0558,0.55,0.4104,3.1818,47.19,12.16,26.8,17.04,18.325
2021-08-27 07:00:00,7,22,22,0.0,6.0,14.0,2.0,0.0,1.0,1,1,13,2,15,2,20.75,661.0,504.0,793.0,17.533,3.0,7.31,roster,0,70.0,55.0,0.9333,85.45,2.1853,0.55,0.1368,3.1818,47.19,13.02,26.8,18.44,19.825
2021-08-27 08:00:00,8,22,22,0.0,6.0,14.0,2.0,0.0,1.0,1,1,14,1,15,1,21.75,721.0,427.0,853.0,18.533,3.0,6.78,roster,0,70.0,55.0,0.9333,73.45,2.2193,0.55,0.1475,3.1818,47.19,13.02,13.4,19.83,21.325
2021-08-27 09:00:00,9,22,22,0.0,6.0,13.0,3.0,0.0,1.0,6,5,10,1,11,1,22.75,815.0,624.0,1013.0,19.533,3.0,6.78,roster,0,69.0,55.0,0.7931,73.69,4.038,0.55,0.7375,3.1364,47.19,9.55,13.4,23.55,25.325
2021-08-27 10:00:00,10,28,28,0.0,5.0,17.0,6.0,0.0,1.0,11,11,10,0,10,0,23.75,789.0,547.0,1073.0,20.533,4.0,11.5,roster,0,83.0,70.0,0.6917,73.69,4.9104,0.7,0.9565,2.9643,60.06,8.68,0.0,24.95,26.825
2021-08-27 11:00:00,11,24,24,0.0,3.0,17.0,4.0,0.0,1.0,6,4,11,1,12,1,21.533,675.5,117.0,1033.0,21.533,4.0,11.5,roster,0,71.0,60.0,0.6339,79.32,2.804,0.6,0.3478,2.9583,51.48,10.42,13.4,24.02,25.825
2021-08-27 12:00:00,12,27,27,0.0,5.0,20.0,2.0,0.0,1.0,7,7,11,1,12,1,22.533,735.5,177.0,1093.0,22.533,4.0,11.5,roster,0,84.0,67.5,0.75,87.15,3.9937,0.675,0.6087,3.1111,57.92,10.42,13.4,25.41,27.325
2021-08-27 13:00:00,13,24,24,0.0,4.0,19.0,1.0,0.0,1.0,6,6,12,1,13,1,23.533,225.0,115.0,883.0,23.533,4.0,11.5,roster,0,75.0,60.0,0.6944,76.7,3.5054,0.6,0.5217,3.125,51.48,11.29,13.4,20.53,22.075
2021-08-27 14:00:00,14,21,21,0.0,3.0,17.0,1.0,0.0,1.0,5,5,11,1,12,1,24.533,215.0,141.0,943.0,24.533,4.0,11.5,roster,0,65.0,52.5,0.5804,70.79,2.9708,0.525,0.4348,3.0952,45.04,10.42,13.4,21.92,23.575
2021-08-27 15:00:00,15,27,27,0.0,4.0,22.0,1.0,0.0,1.0,11,11,9,0,9,0,25.533,235.0,182.0,1003.0,25.533,4.0,11.5,roster,0,84.0,67.5,0.6774,69.05,5.0758,0.675,0.9565,3.1111,57.92,7.81,0.0,23.32,25.075
2021-08-27 16:00:00,16,25,25,0.0,5.0,18.0,2.0,0.0,1.0,8,9,9,1,10,1,17.717,160.0,89.0,242.0,17.717,4.0,11.5,roster,0,78.0,62.5,0.65,61.33,4.3917,0.625,0.7826,3.12,53.62,8.68,13.4,5.63,6.05
2021-08-27 17:00:00,17,28,28,3.0,5.0,18.0,2.0,0.0,1.0,8,8,9,0,9,0,18.717,274.0,162.0,302.0,18.717,4.0,11.5,roster,0,93.0,70.0,0.75,54.9,4.6356,0.7,0.6957,3.3214,60.06,7.81,0.0,7.02,7.55
2021-08-27 18:00:00,18,32,32,2.0,6.0,22.0,2.0,0.0,1.0,8,8,9,1,10,1,19.717,224.0,161.0,353.0,19.717,4.0,11.5,roster,0,104.0,80.0,0.8667,78.93,4.8609,0.8,0.6957,3.25,68.64,8.68,13.4,8.21,8.825
2021-08-27 19:00:00,19,31,31,2.0,6.0,22.0,1.0,0.0,1.0,5,5,10,1,11,1,20.717,264.0,119.0,413.0,20.717,4.0,11.5,roster,0,102.0,77.5,0.8793,79.05,3.9806,0.775,0.4348,3.2903,66.5,9.55,13.4,9.6,10.325
2021-08-27 20:00:00,20,31,31,1.0,5.0,24.0,1.0,0.0,1.0,9,8,9,1,10,1,8.417,185.0,144.0,324.0,8.417,4.0,11.95,roster,0,99.0,77.5,0.825,76.11,4.6129,0.775,0.6695,3.1935,66.5,8.68,13.4,7.53,8.1
2021-08-27 21:00:00,21,28,28,1.0,5.0,21.0,1.0,0.0,1.0,6,5,7,0,7,0,9.417,231.0,140.0,341.0,9.417,4.0,11.95,roster,0,90.0,70.0,0.6818,54.07,3.5949,0.7,0.4184,3.2143,60.06,6.08,0.0,7.93,8.525
2021-08-27 22:00:00,22,23,23,1.0,4.0,18.0,0.0,0.0,1.0,6,5,4,0,4,0,10.417,332.5,264.0,625.0,10.417,3.0,7.23,roster,0,75.0,57.5,0.6944,47.34,4.1301,0.575,0.6916,3.2609,49.33,3.47,0.0,14.53,15.625
2021-08-27 23:00:00,23,20,20,1.0,3.0,16.0,0.0,0.0,1.0,5,5,4,0,4,0,11.417,156.0,105.0,685.0,11.417,3.0,7.23,roster,0,65.0,50.0,0.6019,42.3,3.8726,0.5,0.6916,3.25,42.9,3.47,0.0,15.93,17.125
2021-08-28 00:00:00,0,19,19,0.0,1.0,18.0,0.0,0.0,1.0,4,4,7,0,7,0,12.417,136.0,114.0,267.0,12.417,3.0,7.23,roster,0,58.0,47.5,0.5859,33.04,3.1389,0.475,0.5533,3.0526,40.75,6.08,0.0,6.21,6.675
2021-08-28 01:00:00,1,20,20,0.0,2.0,18.0,0.0,0.0,1.0,7,6,8,0,8,0,13.417,187.5,174.0,327.0,13.417,3.0,7.23,roster,0,62.0,50.0,0.6458,37.45,4.1226,0.5,0.8299,3.1,42.9,6.95,0.0,7.6,8.175
2021-08-28 02:00:00,2,21,21,0.0,2.0,19.0,0.0,0.0,1.0,3,3,8,0,8,0,14.417,247.5,234.0,387.0,14.417,3.0,7.23,roster,0,65.0,52.5,0.6771,40.99,2.9093,0.525,0.4149,3.0952,45.04,6.95,0.0,9.0,9.675
2021-08-28 03:00:00,3,18,18,0.0,2.0,16.0,0.0,0.0,1.0,1,0,10,0,10,0,15.417,296.5,186.0,345.0,15.417,3.0,7.23,roster,0,56.0,45.0,0.6222,35.31,1.4,0.45,0.0,3.1111,38.61,8.68,0.0,8.02,8.625
2021-08-28 04:00:00,4,21,21,0.0,2.0,19.0,0.0,0.0,1.0,3,3,10,0,10,0,16.417,356.5,246.0,405.0,16.417,3.0,7.23,roster,0,65.0,52.5,0.7222,43.14,2.9093,0.525,0.4149,3.0952,45.04,8.68,0.0,9.42,10.125
2021-08-28 05:00:00,5,22,22,0.0,3.0,18.0,1.0,0.0,1.0,3,3,10,0,10,0,17.417,416.5,306.0,465.0,17.417,3.0,7.23,roster,0,68.0,55.0,0.7556,46.68,2.9825,0.55,0.4149,3.0909,47.19,8.68,0.0,10.81,11.625
2021-08-28 06:00:00,6,21,21,0.0,3.0,17.0,1.0,0.0,1.0,1,1,11,0,11,0,18.417,474.0,251.0,525.0,18.417,3.0,7.23,roster,0,65.0,52.5,0.7471,46.8,2.0531,0.525,0.1383,3.0952,45.04,9.55,0.0,12.21,13.125
2021-08-28 07:00:00,7,23,23,0.0,3.0,20.0,0.0,0.0,1.0,5,4,11,0,11,0,19.417,534.0,311.0,585.0,19.417,3.0,7.23,roster,0,72.0,57.5,0.8276,52.49,3.5319,0.575,0.5533,3.1304,49.33,9.55,0.0,13.6,14.625
2021-08-28 08:00:00,8,25,25,0.0,3.0,22.0,0.0,0.0,1.0,3,3,11,0,11,0,20.417,594.0,371.0,645.0,20.417,3.0,6.38,roster,0,78.0,62.5,0.8966,58.17,3.4171,0.625,0.4702,3.12,53.62,9.55,0.0,15.0,16.125
2021-08-28 09:00:00,9,21,21,0.0,2.0,19.0,0.0,0.0,1.0,4,3,7,0,7,0,21.417,621.0,426.0,705.0,21.417,3.0,6.38,roster,0,65.0,52.5,0.6566,47.51,3.0804,0.525,0.4702,3.0952,45.04,6.08,0.0,16.39,17.625
2021-08-28 10:00:00,10,23,23,0.0,3.0,19.0,1.0,0.0,1.0,7,6,7,0,7,0,22.417,486.0,116.0,681.0,22.417,4.0,10.08,roster,0,71.0,57.5,0.5379,51.25,3.6125,0.575,0.5952,3.087,49.33,6.08,0.0,15.83,17.025
2021-08-28 11:00:00,11,22,22,0.0,2.0,20.0,0.0,0.0,1.0,11,10,5,0,5,0,15.35,176.0,154.0,369.0,9.1,4.0,10.08,roster,0,68.0,55.0,0.4857,40.11,4.7664,0.55,0.9921,3.0909,47.19,4.34,0.0,8.58,9.225
2021-08-28 12:00:00,12,17,17,0.0,2.0,15.0,0.0,0.0,1.0,6,6,4,0,4,0,16.35,130.0,110.0,429.0,7.15,4.0,10.08,roster,0,53.0,42.5,0.3681,29.91,3.1807,0.425,0.5952,3.1176,36.46,3.47,0.0,9.97,10.725
2021-08-28 13:00:00,13,17,17,0.0,4.0,13.0,0.0,0.0,1.0,6,4,6,0,6,0,16.2,162.5,103.0,210.0,8.15,4.0,10.08,roster,0,55.0,42.5,0.4044,26.56,2.6588,0.425,0.3968,3.2353,36.46,5.21,0.0,4.88,5.25
2021-08-28 14:00:00,14,25,25,0.0,7.0,16.0,2.0,0.0,1.0,15,14,8,0,8,0,17.2,189.0,145.0,270.0,9.15,4.0,10.08,roster,0,80.0,62.5,0.625,46.85,6.4444,0.625,1.3889,3.2,53.62,6.95,0.0,6.28,6.75
2021-08-28 15:00:00,15,22,22,1.0,6.0,15.0,0.0,0.0,1.0,9,9,10,0,10,0,5.5,182.0,82.0,275.0,5.5,4.0,10.08,roster,0,74.0,55.0,0.6167,42.27,4.8532,0.55,0.8929,3.3636,47.19,8.68,0.0,6.39,6.875
2021-08-28 16:00:00,16,21,21,2.0,7.0,12.0,0.0,0.0,1.0,5,5,8,2,10,2,6.5,157.0,123.0,335.0,6.5,4.0,10.08,roster,0,74.0,52.5,0.6167,68.32,3.5979,0.525,0.496,3.5238,45.04,8.68,26.8,7.79,8.375
2021-08-28 17:00:00,17,20,20,3.0,8.0,9.0,0.0,0.0,1.0,4,3,11,2,13,2,7.5,195.0,156.0,279.0,7.5,4.0,10.08,roster,0,74.0,50.0,0.6852,67.47,2.9512,0.5,0.2976,3.7,42.9,11.29,26.8,6.49,6.975
2021-08-28 18:00:00,18,22,22,1.0,7.0,14.0,0.0,0.0,1.0,10,9,9,0,9,0,8.5,255.0,150.0,455.0,8.5,4.0,10.08,roster,0,75.0,55.0,0.6048,45.58,4.9188,0.55,0.8929,3.4091,47.19,7.81,0.0,10.58,11.375
2021-08-28 19:00:00,19,21,21,1.0,6.0,13.0,1.0,0.0,1.0,7,6,8,2,10,2,9.5,106.5,89.0,352.0,9.5,4.0,10.08,roster,0,70.0,52.5,0.5833,68.71,3.7341,0.525,0.5952,3.3333,45.04,8.68,26.8,8.18,8.8
2021-08-28 20:00:00,20,24,24,1.0,3.0,17.0,3.0,0.0,1.0,15,12,6,1,7,1,10.5,165.0,127.0,270.0,10.5,4.0,10.1,roster,0,74.0,60.0,0.5606,57.24,5.5134,0.6,1.1881,3.0833,51.48,6.08,13.4,6.28,6.75
2021-08-28 21:00:00,21,30,30,1.0,2.0,24.0,2.0,1.0,1.0,13,12,7,1,8,1,5.5,198.0,164.0,228.0,5.5,4.0,10.1,roster,0,90.0,75.0,0.7031,70.0,5.8144,0.75,1.1881,3.0,64.35,6.95,13.4,5.3,5.7
2021-08-28 22:00:00,22,31,31,2.0,2.0,23.0,3.0,1.0,1.0,10,10,10,1,11,1,6.5,130.0,83.0,285.0,6.5,3.0,6.4,roster,0,94.0,77.5,1.0805,76.07,7.0879,0.775,1.5625,3.0323,66.5,9.55,13.4,6.63,7.125
2021-08-28 23:00:00,23,27,27,2.0,2.0,21.0,1.0,1.0,1.0,4,5,9,1,10,1,7.5,182.5,140.0,345.0,7.5,3.0,6.4,roster,0,84.0,67.5,0.9333,68.02,4.5306,0.675,0.7812,3.1111,57.92,8.68,13.4,8.02,8.625
2021-08-29 00:00:00,0,25,25,2.0,3.0,18.0,1.0,1.0,1.0,6,6,9,1,10,1,8.5,242.5,138.0,405.0,8.5,3.0,6.4,roster,0,79.0,62.5,0.8778,65.12,4.9375,0.625,0.9375,3.16,53.62,8.68,13.4,9.42,10.125
2021-08-29 01:00:00,1,21,21,1.0,4.0,13.0,2.0,1.0,1.0,3,3,10,0,10,0,9.5,302.5,192.0,465.0,9.5,3.0,6.4,roster,0,65.0,52.5,0.7222,44.54,3.0759,0.525,0.4688,3.0952,45.04,8.68,0.0,10.81,11.625
2021-08-29 02:00:00,2,20,20,1.0,4.0,13.0,1.0,1.0,1.0,1,0,11,0,11,0,10.5,355.0,182.0,525.0,10.5,3.0,6.4,roster,0,63.0,50.0,0.7241,44.66,1.575,0.5,0.0,3.15,42.9,9.55,0.0,12.21,13.125
2021-08-29 03:00:00,3,22,22,1.0,4.0,15.0,1.0,1.0,1.0,5,5,11,0,11,0,11.5,415.0,242.0,585.0,11.5,3.0,6.4,roster,0,69.0,55.0,0.7931,50.34,4.1753,0.55,0.7812,3.1364,47.19,9.55,0.0,13.6,14.625
2021-08-29 04:00:00,4,23,23,1.0,5.0,15.0,1.0,1.0,1.0,2,1,11,0,11,0,12.5,475.0,302.0,645.0,12.5,3.0,6.4,roster,0,73.0,57.5,0.8391,53.88,2.3209,0.575,0.1562,3.1739,49.33,9.55,0.0,15.0,16.125
2021-08-29 05:00:00,5,22,22,1.0,6.0,12.0,2.0,1.0,1.0,2,2,11,0,11,0,13.5,535.0,362.0,705.0,13.5,3.0,6.4,roster,0,70.0,55.0,0.8046,53.13,2.7443,0.55,0.3125,3.1818,47.19,9.55,0.0,16.39,17.625
2021-08-29 06:00:00,6,24,24,1.0,6.0,15.0,1.0,1.0,1.0,3,3,12,0,12,0,14.5,577.5,422.0,765.0,14.5,3.0,6.4,roster,0,77.0,60.0,0.9167,59.69,3.4289,0.6,0.4688,3.2083,51.48,10.42,0.0,17.79,19.125
2021-08-29 07:00:00,7,22,22,0.0,6.0,14.0,1.0,1.0,1.0,2,2,12,0,12,0,15.5,637.5,482.0,825.0,15.5,3.0,6.4,roster,0,69.0,55.0,0.8214,56.79,2.7051,0.55,0.3125,3.1364,47.19,10.42,0.0,19.18,20.625
2021-08-29 08:00:00,8,24,24,0.0,8.0,14.0,1.0,1.0,1.0,4,4,13,0,13,0,16.5,680.0,535.0,824.0,16.5,3.0,6.38,roster,0,77.0,60.0,0.9506,61.93,3.9365,0.6,0.627,3.2083,51.48,11.29,0.0,19.16,20.6
2021-08-29 09:00:00,9,23,23,0.0,7.0,15.0,0.0,1.0,1.0,5,5,9,0,9,0,14.733,672.0,531.0,775.0,14.733,3.0,6.38,roster,0,74.0,57.5,0.7957,55.17,4.3715,0.575,0.7837,3.2174,49.33,7.81,0.0,18.02,19.375
2021-08-29 10:00:00,10,19,19,0.0,3.0,15.0,0.0,1.0,1.0,4,4,5,0,5,0,13.917,732.0,655.0,800.0,13.917,4.0,9.63,roster,0,58.0,47.5,0.4143,43.7,2.718,0.475,0.4154,3.0526,40.75,4.34,0.0,18.6,20.0
2021-08-29 11:00:00,11,17,17,0.0,3.0,14.0,0.0,0.0,1.0,6,6,3,0,3,0,14.333,792.0,73.0,860.0,14.333,4.0,9.63,roster,0,54.0,42.5,0.3649,39.06,3.3291,0.425,0.6231,3.1765,36.46,2.6,0.0,20.0,21.5
2021-08-29 12:00:00,12,20,20,0.0,5.0,15.0,0.0,0.0,1.0,6,6,4,0,4,0,14.2,117.0,101.0,852.0,14.2,4.0,9.63,roster,0,65.0,50.0,0.4514,46.18,3.6499,0.5,0.6231,3.25,42.9,3.47,0.0,19.81,21.3
2021-08-29 13:00:00,13,24,24,0.0,5.0,19.0,0.0,0.0,1.0,10,7,3,1,4,1,15.2,142.5,124.0,912.0,15.2,4.0,9.63,roster,0,77.0,60.0,0.5347,69.56,4.2571,0.6,0.7269,3.2083,51.48,3.47,13.4,21.2,22.8
2021-08-29 14:00:00,14,22,22,0.0,7.0,15.0,0.0,0.0,1.0,9,9,1,0,1,0,6.833,221.0,221.0,221.0,3.683,4.0,9.63,roster,0,73.0,55.0,0.4679,33.2,4.9261,0.55,0.9346,3.3182,47.19,0.87,0.0,5.14,5.525
2021-08-29 15:00:00,15,23,23,0.0,5.0,18.0,0.0,0.0,1.0,9,7,2,0,2,0,7.833,199.5,118.0,281.0,4.683,4.0,9.63,roster,0,74.0,57.5,0.4868,37.6,4.1887,0.575,0.7269,3.2174,49.33,1.74,0.0,6.53,7.025
2021-08-29 16:00:00,16,25,25,0.0,7.0,18.0,0.0,0.0,1.0,11,11,2,0,2,0,8.833,124.5,71.0,178.0,2.967,4.0,9.63,roster,0,82.0,62.5,0.5395,39.5,5.7966,0.625,1.1423,3.28,53.62,1.74,0.0,4.14,4.45
2021-08-29 17:00:00,17,28,28,0.0,8.0,20.0,0.0,0.0,1.0,12,11,3,0,3,0,9.833,68.0,61.0,131.0,2.183,4.0,9.63,roster,0,92.0,70.0,0.6216,45.71,6.0532,0.7,1.1423,3.2857,60.06,2.6,0.0,3.05,3.275
2021-08-29 18:00:00,18,25,25,0.0,7.0,18.0,0.0,0.0,1.0,8,7,5,0,5,0,10.833,112.0,106.0,121.0,2.133,4.0,9.63,roster,0,82.0,62.5,0.5857,40.78,4.4342,0.625,0.7269,3.28,53.62,4.34,0.0,2.81,3.025
2021-08-29 19:00:00,19,20,20,0.0,3.0,16.0,1.0,0.0,1.0,7,5,4,0,4,0,11.833,173.5,166.0,188.0,3.133,4.0,9.63,roster,0,62.0,50.0,0.4306,30.74,3.1596,0.5,0.5192,3.1,42.9,3.47,0.0,4.37,4.7
2021-08-29 20:00:00,20,23,23,0.0,1.0,20.0,2.0,0.0,1.0,14,12,4,0,4,0,12.833,105.5,97.0,241.0,4.017,4.0,10.53,roster,0,68.0,57.5,0.4722,38.41,5.0693,0.575,1.1396,2.9565,49.33,3.47,0.0,5.6,6.025
2021-08-29 21:00:00,21,27,27,1.0,2.0,20.0,4.0,0.0,1.0,8,8,7,0,7,0,13.833,133.0,113.0,174.0,5.017,4.0,10.53,roster,0,81.0,67.5,0.6136,48.04,4.3042,0.675,0.7597,3.0,57.92,6.08,0.0,4.05,4.35
2021-08-29 22:00:00,22,28,28,1.0,4.0,19.0,4.0,0.0,1.0,9,9,9,1,10,1,14.833,175.5,90.0,217.0,6.017,3.0,7.28,roster,0,86.0,70.0,0.9556,67.19,5.9471,0.7,1.2363,3.0714,60.06,8.68,13.4,5.05,5.425
2021-08-29 23:00:00,23,22,22,0.0,2.0,15.0,5.0,0.0,1.0,4,4,6,0,6,0,15.833,162.5,122.0,233.0,4.217,3.0,7.28,roster,0,63.0,55.0,0.6176,37.82,3.1484,0.55,0.5495,2.8636,47.19,5.21,0.0,5.42,5.825
2021-08-30 00:00:00,0,20,20,0.0,2.0,14.0,4.0,0.0,1.0,4,3,7,0,7,0,16.833,197.0,169.0,293.0,5.217,3.0,7.28,roster,0,58.0,50.0,0.5859,35.79,2.6451,0.5,0.4121,2.9,42.9,6.08,0.0,6.81,7.325
2021-08-30 01:00:00,1,21,21,0.0,1.0,15.0,5.0,0.0,1.0,6,3,8,0,8,0,17.833,249.5,229.0,353.0,6.217,3.0,7.28,roster,0,59.0,52.5,0.6146,40.2,2.6328,0.525,0.4121,2.8095,45.04,6.95,0.0,8.21,8.825
2021-08-30 02:00:00,2,22,22,0.0,1.0,16.0,5.0,0.0,1.0,5,4,8,0,8,0,18.833,309.5,289.0,413.0,7.217,3.0,7.28,roster,0,62.0,55.0,0.6458,43.74,3.0985,0.55,0.5495,2.8182,47.19,6.95,0.0,9.6,10.325
2021-08-30 03:00:00,3,26,26,0.0,1.0,19.0,6.0,0.0,1.0,7,6,8,1,9,1,19.833,362.0,259.0,428.0,8.217,3.0,7.28,roster,0,73.0,65.0,0.7849,66.94,4.139,0.65,0.8242,2.8077,55.77,7.81,13.4,9.95,10.7
2021-08-30 04:00:00,4,23,23,0.0,1.0,17.0,5.0,0.0,1.0,1,1,8,1,9,1,20.833,422.0,319.0,488.0,9.217,3.0,7.28,roster,0,65.0,57.5,0.6989,61.9,2.0132,0.575,0.1374,2.8261,49.33,7.81,13.4,11.35,12.2
2021-08-30 05:00:00,5,22,22,0.0,1.0,17.0,4.0,0.0,1.0,2,2,8,1,9,1,21.833,482.0,379.0,548.0,10.217,3.0,7.28,roster,0,63.0,55.0,0.6774,61.15,2.3617,0.55,0.2747,2.8636,47.19,7.81,13.4,12.74,13.7
2021-08-30 06:00:00,6,22,22,0.0,1.0,17.0,4.0,0.0,1.0,1,1,8,1,9,1,22.833,542.0,439.0,608.0,11.217,3.0,7.28,roster,0,63.0,55.0,0.6774,62.54,1.9684,0.55,0.1374,2.8636,47.19,7.81,13.4,14.14,15.2
2021-08-30 07:00:00,7,25,25,1.0,1.0,19.0,4.0,0.0,1.0,4,4,8,1,9,1,23.833,602.0,499.0,668.0,12.217,3.0,7.28,roster,0,74.0,62.5,0.7957,70.37,3.4764,0.625,0.5495,2.96,53.62,7.81,13.4,15.53,16.7
2021-08-30 08:00:00,8,29,29,1.0,2.0,22.0,4.0,0.0,1.0,8,8,9,1,10,1,24.833,655.5,507.0,728.0,13.217,3.0,6.8,roster,0,87.0,72.5,0.9667,81.21,5.7044,0.725,1.1765,3.0,62.2,8.68,13.4,16.93,18.2
2021-08-30 09:00:00,9,32,32,0.0,2.0,26.0,4.0,0.0,1.0,9,9,9,1,10,1,25.833,664.0,437.0,737.0,13.883,3.0,6.8,roster,0,94.0,80.0,1.0444,87.86,6.2379,0.8,1.3235,2.9375,68.64,8.68,13.4,17.14,18.425
2021-08-30 10:00:00,10,40,40,0.0,2.0,31.0,4.0,3.0,1.0,15,15,10,0,10,0,26.833,653.0,133.0,797.0,14.883,4.0,10.05,roster,0,112.0,100.0,0.9333,93.01,6.9791,1.0,1.4925,2.8,85.8,8.68,0.0,18.53,19.925
2021-08-30 11:00:00,11,29,29,0.0,1.0,24.0,4.0,0.0,1.0,6,5,10,0,10,0,27.833,713.0,193.0,857.0,15.883,4.0,10.05,roster,0,84.0,72.5,0.7,70.81,3.5411,0.725,0.4975,2.8966,62.2,8.68,0.0,19.93,21.425
2021-08-30 12:00:00,12,24,24,1.0,1.0,20.0,2.0,0.0,1.0,4,4,9,0,9,0,28.833,747.0,187.0,917.0,16.883,4.0,10.05,roster,0,73.0,60.0,0.5887,60.62,3.0356,0.6,0.398,3.0417,51.48,7.81,0.0,21.32,22.925
2021-08-30 13:00:00,13,26,26,1.0,1.0,22.0,2.0,0.0,1.0,5,5,10,0,10,0,29.833,280.0,166.0,977.0,17.883,4.0,10.05,roster,0,79.0,65.0,0.6583,67.17,3.4867,0.65,0.4975,3.0385,55.77,8.68,0.0,22.72,24.425
2021-08-30 14:00:00,14,24,24,1.0,1.0,21.0,1.0,0.0,1.0,3,3,10,0,10,0,18.133,240.5,158.0,867.0,18.133,4.0,10.05,roster,0,74.0,60.0,0.6167,60.32,2.7704,0.6,0.2985,3.0833,51.48,8.68,0.0,20.16,21.675
2021-08-30 15:00:00,15,25,25,0.0,1.0,23.0,1.0,0.0,1.0,5,5,8,0,8,0,19.133,300.5,228.0,1097.0,19.133,4.0,10.05,roster,0,75.0,62.5,0.5859,66.08,3.3675,0.625,0.4975,3.0,53.62,6.95,0.0,25.51,27.425
2021-08-30 16:00:00,16,30,30,2.0,2.0,25.0,1.0,0.0,1.0,12,12,5,0,5,0,19.283,288.0,216.0,346.0,19.283,4.0,10.05,roster,0,95.0,75.0,0.6786,56.74,6.1561,0.75,1.194,3.1667,64.35,4.34,0.0,8.04,8.65
2021-08-30 17:00:00,17,32,32,2.0,2.0,27.0,1.0,0.0,1.0,10,9,7,2,9,2,20.283,253.0,96.0,348.0,20.283,4.0,10.05,roster,0,101.0,80.0,0.8145,91.35,5.3515,0.8,0.8955,3.1562,68.64,7.81,26.8,8.09,8.7
2021-08-30 18:00:00,18,24,24,1.0,3.0,19.0,1.0,0.0,1.0,2,2,11,1,12,1,21.283,146.0,103.0,408.0,21.283,4.0,10.05,roster,0,76.0,60.0,0.6786,64.79,2.5302,0.6,0.199,3.1667,51.48,10.42,13.4,9.49,10.2
2021-08-30 19:00:00,19,27,27,0.0,1.0,25.0,1.0,0.0,1.0,12,11,10,0,10,0,22.283,179.5,154.0,468.0,22.283,4.0,10.05,roster,0,81.0,67.5,0.675,57.48,5.3086,0.675,1.0945,3.0,57.92,8.68,0.0,10.88,11.7
2021-08-30 20:00:00,20,29,29,0.0,3.0,25.0,1.0,0.0,1.0,9,9,13,0,13,0,9.767,185.0,83.0,223.0,9.767,4.0,10.93,roster,0,89.0,72.5,0.8241,58.68,4.7521,0.725,0.8234,3.069,62.2,11.29,0.0,5.18,5.575
2021-08-30 21:00:00,21,32,32,0.0,5.0,27.0,0.0,0.0,1.0,9,9,14,0,14,0,10.767,146.5,122.0,283.0,10.767,4.0,10.93,roster,0,101.0,80.0,0.9712,67.38,5.1239,0.8,0.8234,3.1562,68.64,12.16,0.0,6.58,7.075
2021-08-30 22:00:00,22,31,31,0.0,5.0,25.0,1.0,0.0,1.0,3,3,14,0,14,0,11.767,201.5,144.0,343.0,11.767,3.0,7.68,roster,0,97.0,77.5,1.2436,66.63,3.6473,0.775,0.3906,3.129,66.5,12.16,0.0,7.97,8.575
2021-08-30 23:00:00,23,30,30,0.0,5.0,24.0,1.0,0.0,1.0,10,9,13,0,13,0,12.767,263.0,233.0,403.0,12.767,3.0,7.68,roster,0,94.0,75.0,1.1605,65.01,6.0219,0.75,1.1719,3.1333,64.35,11.29,0.0,9.37,10.075
2021-08-31 00:00:00,0,27,27,0.0,5.0,22.0,0.0,0.0,1.0,7,5,14,0,14,0,12.8,319.0,226.0,454.0,12.8,3.0,7.68,roster,0,86.0,67.5,1.1026,60.63,4.2237,0.675,0.651,3.1852,57.92,12.16,0.0,10.56,11.35
2021-08-31 01:00:00,1,22,22,0.0,4.0,18.0,0.0,0.0,1.0,0,0,16,0,16,0,13.8,365.5,279.0,514.0,13.8,3.0,7.68,roster,0,70.0,55.0,0.9722,53.03,1.75,0.55,0.0,3.1818,47.19,13.89,0.0,11.95,12.85
2021-08-31 02:00:00,2,22,22,0.0,4.0,18.0,0.0,0.0,1.0,1,0,16,0,16,0,14.8,425.5,339.0,574.0,14.8,3.0,7.68,roster,0,70.0,55.0,0.9722,54.43,1.75,0.55,0.0,3.1818,47.19,13.89,0.0,13.35,14.35
2021-08-31 03:00:00,3,24,24,0.0,4.0,19.0,1.0,0.0,1.0,3,3,16,0,16,0,15.8,485.5,399.0,634.0,15.8,3.0,7.68,roster,0,75.0,60.0,1.0417,60.11,3.0957,0.6,0.3906,3.125,51.48,13.89,0.0,14.74,15.85
2021-08-31 04:00:00,4,25,25,0.0,4.0,20.0,1.0,0.0,1.0,1,1,16,0,16,0,16.8,545.5,459.0,694.0,16.8,3.0,7.68,roster,0,78.0,62.5,1.0833,63.65,2.3562,0.625,0.1302,3.12,53.62,13.89,0.0,16.14,17.35
2021-08-31 05:00:00,5,27,27,0.0,4.0,22.0,1.0,0.0,1.0,2,2,17,0,17,0,17.8,593.0,419.0,630.0,17.8,3.0,7.68,roster,0,84.0,67.5,1.2174,67.32,2.9102,0.675,0.2604,3.1111,57.92,14.76,0.0,14.65,15.75
2021-08-31 06:00:00,6,25,25,0.0,4.0,20.0,1.0,0.0,1.0,0,0,17,0,17,0,18.8,653.0,479.0,690.0,18.8,3.0,7.68,roster,0,78.0,62.5,1.1304,64.43,1.95,0.625,0.0,3.12,53.62,14.76,0.0,16.04,17.25
2021-08-31 07:00:00,7,31,31,0.0,4.0,26.0,1.0,0.0,1.0,6,6,17,0,17,0,19.8,713.0,539.0,750.0,19.8,3.0,7.68,roster,0,96.0,77.5,1.3913,78.69,4.8194,0.775,0.7812,3.0968,66.5,14.76,0.0,17.44,18.75
2021-08-31 08:00:00,8,36,36,0.0,4.0,31.0,1.0,0.0,1.0,5,6,21,0,21,0,20.8,706.0,506.0,803.0,20.8,3.0,6.65,roster,0,111.0,90.0,1.9474,94.12,5.557,0.9,0.9023,3.0833,77.22,18.23,0.0,18.67,20.075
2021-08-31 09:00:00,9,35,35,1.0,4.0,28.0,2.0,0.0,1.0,8,8,15,0,15,0,17.267,572.0,141.0,870.0,17.267,3.0,6.65,roster,0,109.0,87.5,1.4533,88.33,6.4715,0.875,1.203,3.1143,75.08,13.02,0.0,20.23,21.75
2021-08-31 10:00:00,10,35,35,1.0,5.0,28.0,1.0,0.0,1.0,5,5,15,0,15,0,17.717,626.0,174.0,864.0,17.717,4.0,9.97,roster,0,111.0,87.5,1.11,88.19,4.3655,0.875,0.5015,3.1714,75.08,13.02,0.0,20.09,21.6
2021-08-31 11:00:00,11,34,34,1.0,4.0,28.0,1.0,0.0,1.0,6,5,17,0,17,0,18.717,279.0,167.0,886.0,18.717,4.0,9.97,roster,0,107.0,85.0,1.163,88.29,4.2533,0.85,0.5015,3.1471,72.93,14.76,0.0,20.6,22.15
2021-08-31 12:00:00,12,33,33,1.0,4.0,27.0,1.0,0.0,1.0,6,6,16,0,16,0,17.117,218.0,133.0,746.0,16.4,4.0,9.97,roster,0,104.0,82.5,1.0833,82.02,4.4966,0.825,0.6018,3.1515,70.78,13.89,0.0,17.34,18.65
2021-08-31 13:00:00,13,28,28,2.0,4.0,20.0,2.0,0.0,1.0,3,3,17,0,17,0,18.117,234.0,128.0,381.0,17.4,4.0,9.97,roster,0,90.0,70.0,0.9783,63.68,3.2172,0.7,0.3009,3.2143,60.06,14.76,0.0,8.86,9.525
2021-08-31 14:00:00,14,30,30,2.0,7.0,20.0,1.0,0.0,1.0,6,6,17,0,17,0,18.4,226.0,149.0,347.0,18.4,4.0,9.97,roster,0,100.0,75.0,1.087,67.18,4.506,0.75,0.6018,3.3333,64.35,14.76,0.0,8.07,8.675
2021-08-31 15:00:00,15,32,32,2.0,8.0,21.0,1.0,0.0,1.0,11,10,14,1,15,1,19.4,271.0,173.0,926.0,19.4,4.0,9.97,roster,0,107.0,80.0,1.07,96.59,6.0288,0.8,1.003,3.3438,68.64,13.02,13.4,21.53,23.15
2021-08-31 16:00:00,16,36,36,2.0,9.0,24.0,1.0,0.0,1.0,7,6,14,3,17,3,20.4,308.0,136.0,430.0,20.4,4.0,9.97,roster,0,120.0,90.0,1.3043,122.18,5.006,0.9,0.6018,3.3333,77.22,14.76,40.2,10.0,10.75
2021-08-31 17:00:00,17,41,41,1.0,10.0,28.0,2.0,0.0,1.0,11,10,16,2,18,2,21.4,350.5,175.0,490.0,21.4,4.0,9.97,roster,0,133.0,102.5,1.5114,121.77,6.5787,1.025,1.003,3.2439,87.94,15.63,26.8,11.39,12.25
2021-08-31 18:00:00,18,40,40,2.0,11.0,27.0,0.0,0.0,1.0,7,7,16,2,18,2,22.4,373.0,198.0,534.0,22.4,4.0,9.97,roster,0,135.0,100.0,1.5341,120.65,5.7446,1.0,0.7021,3.375,85.8,15.63,26.8,12.42,13.35
2021-08-31 19:00:00,19,37,37,2.0,7.0,26.0,2.0,0.0,1.0,7,7,17,0,17,0,23.4,453.0,173.0,594.0,23.4,4.0,9.97,roster,0,120.0,92.5,1.3043,87.94,5.2771,0.925,0.7021,3.2432,79.36,14.76,0.0,13.81,14.85
2021-08-31 20:00:00,20,34,34,2.0,5.0,25.0,2.0,0.0,1.0,6,7,17,0,17,0,24.4,233.0,151.0,571.0,24.4,4.0,9.87,roster,0,109.0,85.0,1.1848,80.97,4.9987,0.85,0.7092,3.2059,72.93,14.76,0.0,13.28,14.275
2021-08-31 21:00:00,21,33,33,2.0,4.0,26.0,1.0,0.0,1.0,6,7,16,0,16,0,22.867,221.0,137.0,608.0,22.867,4.0,9.87,roster,0,106.0,82.5,1.1042,78.81,4.9281,0.825,0.7092,3.2121,70.78,13.89,0.0,14.14,15.2
2021-08-31 22:00:00,22,30,30,1.0,4.0,23.0,2.0,0.0,1.0,9,9,13,1,14,1,23.867,203.5,132.0,593.0,23.867,3.0,6.55,roster,0,94.0,75.0,1.2051,83.69,6.6553,0.75,1.374,3.1333,64.35,12.16,13.4,13.79,14.825
2021-08-31 23:00:00,23,28,28,1.0,4.0,20.0,3.0,0.0,1.0,7,6,12,2,14,2,24.867,238.5,178.0,413.0,24.867,3.0,6.55,roster,0,87.0,70.0,1.1154,88.62,5.0212,0.7,0.916,3.1071,60.06,12.16,26.8,9.6,10.325
