ts,hour,total,census,l1,l2,l3,l4,l5,tri_coverage,arrivals,arrival_present_1h,waitBed,waitICU,D_board,resus,maxLOS_h,awt_curr_min,board_q1_min,board_q3_min,board_max_h,Na,cap_sum,cap_source,src_gap,acuity,OCCUPANCY,EDWIN,NEDOCS,READI,READI_BR,READI_PR,READI_AR,NEDOCS_t_total,NEDOCS_t_board,NEDOCS_t_resus,NEDOCS_t_longest_admit,NEDOCS_E_h
2025-04-01 00:00:00,0,34,34,2.0,8.0,24.0,0.0,0.0,1.0,5,5,18,3,21,3,25.667,749.0,461.0,832.0,25.667,3.0,7.78,roster,0,114.0,85.0,2.0,130.71,5.0048,0.85,0.6427,3.3529,72.93,18.23,40.2,19.34,20.8
2025-04-01 01:00:00,1,36,36,3.0,8.0,25.0,0.0,0.0,1.0,7,7,19,3,22,3,26.667,798.5,518.0,892.0,26.667,3.0,7.78,roster,0,122.0,90.0,2.2593,137.26,6.0991,0.9,0.8997,3.3889,77.22,19.1,40.2,20.74,22.3
2025-04-01 02:00:00,2,34,34,3.0,8.0,23.0,0.0,0.0,1.0,1,1,21,3,24,3,27.667,724.5,475.0,952.0,27.667,3.0,7.78,roster,0,116.0,85.0,2.4167,136.1,3.3385,0.85,0.1285,3.4118,72.93,20.84,40.2,22.13,23.8
2025-04-01 03:00:00,3,36,36,3.0,7.0,24.0,2.0,0.0,1.0,3,3,21,2,23,2,28.667,661.0,461.0,1009.0,28.667,3.0,7.78,roster,0,119.0,90.0,2.3333,127.45,4.2496,0.9,0.3856,3.3056,77.22,19.97,26.8,23.46,25.225
2025-04-01 04:00:00,4,36,36,3.0,7.0,24.0,2.0,0.0,1.0,5,5,21,2,23,2,29.667,721.0,521.0,1069.0,29.667,3.0,7.78,roster,0,119.0,90.0,2.3333,128.85,5.0994,0.9,0.6427,3.3056,77.22,19.97,26.8,24.85,26.725
2025-04-01 05:00:00,5,34,34,3.0,7.0,23.0,1.0,0.0,1.0,3,2,22,2,24,2,30.667,774.5,581.0,1129.0,30.667,3.0,7.78,roster,0,114.0,85.0,2.375,126.82,3.7119,0.85,0.2571,3.3529,72.93,20.84,26.8,26.25,28.225
2025-04-01 06:00:00,6,33,33,3.0,7.0,22.0,1.0,0.0,1.0,4,2,21,2,23,2,31.667,828.0,604.0,1189.0,31.667,3.0,7.78,roster,0,111.0,82.5,2.1765,125.2,3.6397,0.825,0.2571,3.3636,70.78,19.97,26.8,27.64,29.725
2025-04-01 07:00:00,7,32,32,3.0,7.0,21.0,1.0,0.0,1.0,3,3,21,2,23,2,32.667,888.0,664.0,1249.0,32.667,3.0,7.78,roster,0,108.0,80.0,2.1176,124.45,4.0014,0.8,0.3856,3.375,68.64,19.97,26.8,29.04,31.225
2025-04-01 08:00:00,8,34,34,3.0,7.0,24.0,0.0,0.0,1.0,4,4,21,2,23,2,33.667,948.0,724.0,1309.0,33.667,3.0,6.59,roster,0,115.0,85.0,2.2549,130.14,4.928,0.85,0.607,3.3824,72.93,19.97,26.8,30.43,32.725
2025-04-01 09:00:00,9,34,34,2.0,8.0,24.0,0.0,0.0,1.0,4,4,22,2,24,2,34.667,1006.5,784.0,1369.0,34.667,3.0,6.59,roster,0,114.0,85.0,2.375,132.4,4.8852,0.85,0.607,3.3529,72.93,20.84,26.8,31.83,34.225
2025-04-01 10:00:00,10,31,31,1.0,7.0,22.0,1.0,0.0,1.0,3,2,22,2,24,2,34.65,1063.0,614.0,1411.0,34.65,4.0,9.84,roster,0,101.0,77.5,1.5781,126.94,3.1872,0.775,0.2033,3.2581,66.5,20.84,26.8,32.81,35.275
2025-04-01 11:00:00,11,29,29,1.0,6.0,20.0,2.0,0.0,1.0,5,5,17,2,19,2,35.65,1121.0,620.0,1417.0,35.65,4.0,9.84,roster,0,93.0,72.5,1.1071,118.45,3.9545,0.725,0.5081,3.2069,62.2,16.5,26.8,32.95,35.425
2025-04-01 12:00:00,12,30,30,3.0,6.0,19.0,2.0,0.0,1.0,7,7,14,2,16,2,36.65,969.5,680.0,1493.0,36.65,4.0,9.84,roster,0,100.0,75.0,1.0417,119.76,4.8713,0.75,0.7114,3.3333,64.35,13.89,26.8,34.71,37.325
2025-04-01 13:00:00,13,35,35,3.0,6.0,23.0,3.0,0.0,1.0,10,9,18,2,20,2,37.55,744.0,108.0,1529.0,37.55,4.0,9.84,roster,0,114.0,87.5,1.425,134.79,5.8291,0.875,0.9146,3.2571,75.08,17.37,26.8,35.55,38.225
2025-04-01 14:00:00,14,30,30,3.0,4.0,21.0,2.0,0.0,1.0,6,6,13,3,16,3,28.7,163.5,149.0,1195.0,28.7,4.0,9.84,roster,0,98.0,75.0,1.0208,126.23,4.4419,0.75,0.6098,3.2667,64.35,13.89,40.2,27.78,29.875
2025-04-01 15:00:00,15,27,27,2.0,5.0,19.0,1.0,0.0,1.0,5,5,12,1,13,1,27.883,219.0,181.0,860.0,27.883,4.0,9.84,roster,0,89.0,67.5,0.8241,82.6,3.8999,0.675,0.5081,3.2963,57.92,11.29,13.4,20.0,21.5
2025-04-01 16:00:00,16,28,28,2.0,5.0,20.0,1.0,0.0,1.0,7,7,11,0,11,0,21.917,269.0,192.0,497.0,21.917,4.0,9.84,roster,0,92.0,70.0,0.7931,61.17,4.6374,0.7,0.7114,3.2857,60.06,9.55,0.0,11.56,12.425
2025-04-01 17:00:00,17,31,31,2.0,4.0,24.0,1.0,0.0,1.0,7,7,14,2,16,2,22.917,269.0,112.0,339.0,22.917,4.0,9.84,roster,0,100.0,77.5,1.0417,95.07,4.7948,0.775,0.7114,3.2258,66.5,13.89,26.8,7.88,8.475
2025-04-01 18:00:00,18,29,29,3.0,5.0,20.0,1.0,0.0,1.0,5,4,16,3,19,3,23.917,296.0,131.0,392.0,23.917,4.0,9.84,roster,0,97.0,72.5,1.1548,108.02,3.7847,0.725,0.4065,3.3448,62.2,16.5,40.2,9.11,9.8
2025-04-01 19:00:00,19,27,27,3.0,4.0,19.0,1.0,0.0,1.0,5,5,16,3,19,3,18.333,232.0,172.0,421.0,18.333,4.0,9.84,roster,0,90.0,67.5,1.0714,104.4,3.9438,0.675,0.5081,3.3333,57.92,16.5,40.2,9.79,10.525
2025-04-01 20:00:00,20,30,30,4.0,3.0,21.0,2.0,0.0,1.0,7,6,16,3,19,3,19.333,292.0,232.0,481.0,19.333,4.0,9.6,roster,0,99.0,75.0,1.1786,112.23,4.5375,0.75,0.625,3.3,64.35,16.5,40.2,11.18,12.025
2025-04-01 21:00:00,21,38,38,5.0,4.0,27.0,2.0,0.0,1.0,10,10,16,3,19,3,20.333,352.0,292.0,541.0,20.333,4.0,9.6,roster,0,126.0,95.0,1.5,130.79,6.6039,0.95,1.0417,3.3158,81.51,16.5,40.2,12.58,13.525
2025-04-01 22:00:00,22,30,30,4.0,4.0,20.0,2.0,0.0,1.0,4,3,17,2,19,2,10.65,383.0,310.0,586.0,10.65,3.0,6.35,roster,0,100.0,75.0,1.5873,101.27,4.0748,0.75,0.4724,3.3333,64.35,16.5,26.8,13.62,14.65
2025-04-01 23:00:00,23,30,30,4.0,4.0,19.0,3.0,0.0,1.0,5,5,17,2,19,2,11.65,443.0,370.0,646.0,11.65,3.0,6.35,roster,0,99.0,75.0,1.5714,102.67,5.0734,0.75,0.7874,3.3,64.35,16.5,26.8,15.02,16.15
2025-04-02 00:00:00,0,29,29,4.0,4.0,19.0,2.0,0.0,1.0,4,4,18,1,19,1,12.65,495.0,364.0,706.0,12.65,3.0,6.35,roster,0,97.0,72.5,1.5397,88.52,4.532,0.725,0.6299,3.3448,62.2,16.5,13.4,16.41,17.65
2025-04-02 01:00:00,1,28,28,4.0,3.0,20.0,1.0,0.0,1.0,5,4,19,1,20,1,13.65,553.0,424.0,766.0,13.65,3.0,6.35,roster,0,94.0,70.0,1.5667,88.64,4.4647,0.7,0.6299,3.3571,60.06,17.37,13.4,17.81,19.15
2025-04-02 02:00:00,2,23,23,4.0,3.0,16.0,0.0,0.0,1.0,0,0,19,1,20,1,14.65,613.0,484.0,826.0,14.65,3.0,6.35,roster,0,80.0,57.5,1.3333,79.31,2.0,0.575,0.0,3.4783,49.33,17.37,13.4,19.2,20.65
2025-04-02 03:00:00,3,24,24,4.0,3.0,17.0,0.0,0.0,1.0,3,2,19,1,20,1,15.65,673.0,544.0,886.0,15.65,3.0,6.35,roster,0,83.0,60.0,1.3833,82.85,3.1642,0.6,0.315,3.4583,51.48,17.37,13.4,20.6,22.15
2025-04-02 04:00:00,4,25,25,4.0,4.0,17.0,0.0,0.0,1.0,1,1,20,1,21,1,16.65,731.0,481.0,912.0,16.65,3.0,6.35,roster,0,87.0,62.5,1.5263,86.46,2.723,0.625,0.1575,3.48,53.62,18.23,13.4,21.2,22.8
2025-04-02 05:00:00,5,26,26,4.0,4.0,18.0,0.0,0.0,1.0,2,2,20,1,21,1,17.65,791.0,541.0,972.0,17.65,3.0,6.35,roster,0,90.0,65.0,1.5789,90.0,3.3402,0.65,0.315,3.4615,55.77,18.23,13.4,22.6,24.3
2025-04-02 06:00:00,6,28,28,4.0,3.0,21.0,0.0,0.0,1.0,4,5,21,1,22,1,18.65,847.5,590.0,1032.0,18.65,3.0,6.35,roster,0,95.0,70.0,1.7593,96.56,5.0465,0.7,0.7874,3.3929,60.06,19.1,13.4,23.99,25.8
2025-04-02 07:00:00,7,26,26,4.0,3.0,19.0,0.0,0.0,1.0,1,1,21,1,22,1,19.65,907.5,650.0,1092.0,19.65,3.0,6.35,roster,0,89.0,65.0,1.6481,93.66,2.7641,0.65,0.1575,3.4231,55.77,19.1,13.4,25.39,27.3
2025-04-02 08:00:00,8,26,26,3.0,3.0,20.0,0.0,0.0,1.0,3,2,20,1,21,1,20.65,971.0,721.0,1152.0,20.65,3.0,6.78,roster,0,87.0,65.0,1.5263,94.19,3.1621,0.65,0.295,3.3462,55.77,18.23,13.4,26.78,28.8
2025-04-02 09:00:00,9,31,31,5.0,3.0,22.0,1.0,0.0,1.0,7,7,18,1,19,1,21.65,1031.0,770.0,1212.0,21.65,3.0,6.78,roster,0,105.0,77.5,1.6667,104.57,6.122,0.775,1.0324,3.3871,66.5,16.5,13.4,28.18,30.3
2025-04-02 10:00:00,10,29,29,6.0,3.0,19.0,1.0,0.0,1.0,3,3,19,2,21,2,22.65,1084.0,703.0,1256.0,22.65,4.0,10.03,roster,0,101.0,72.5,1.3289,116.44,3.5667,0.725,0.2991,3.4828,62.2,18.23,26.8,29.2,31.4
2025-04-02 11:00:00,11,30,30,5.0,5.0,20.0,0.0,0.0,1.0,8,8,16,2,18,2,23.65,1087.5,158.0,1316.0,23.65,4.0,10.03,roster,0,105.0,75.0,1.1932,117.38,5.4166,0.75,0.7976,3.5,64.35,15.63,26.8,30.6,32.9
2025-04-02 12:00:00,12,29,29,3.0,6.0,20.0,0.0,0.0,1.0,9,8,16,1,17,1,24.533,208.0,111.0,1215.0,24.533,4.0,10.03,roster,0,99.0,72.5,1.0761,98.61,5.1979,0.725,0.7976,3.4138,62.2,14.76,13.4,28.25,30.375
2025-04-02 13:00:00,13,29,29,3.0,8.0,18.0,0.0,0.0,1.0,4,4,17,1,18,1,25.533,261.0,144.0,1275.0,25.533,4.0,10.03,roster,0,101.0,72.5,1.1477,100.88,3.9139,0.725,0.3988,3.4828,62.2,15.63,13.4,29.64,31.875
2025-04-02 14:00:00,14,21,21,3.0,9.0,9.0,0.0,0.0,1.0,4,3,13,0,13,0,26.533,328.0,204.0,1426.0,26.533,4.0,10.03,roster,0,78.0,52.5,0.7222,69.49,3.061,0.525,0.2991,3.7143,45.04,11.29,0.0,33.15,35.65
2025-04-02 15:00:00,15,19,19,0.0,7.0,12.0,0.0,0.0,1.0,7,7,7,0,7,0,27.483,291.0,245.0,1486.0,27.483,4.0,10.03,roster,0,64.0,47.5,0.4848,61.38,3.9508,0.475,0.6979,3.3684,40.75,6.08,0.0,34.55,37.15
2025-04-02 16:00:00,16,18,18,0.0,5.0,13.0,0.0,0.0,1.0,4,4,6,0,6,0,28.483,776.0,324.0,1546.0,28.483,4.0,10.03,roster,0,59.0,45.0,0.4338,59.76,2.7822,0.45,0.3988,3.2778,38.61,5.21,0.0,35.94,38.65
2025-04-02 17:00:00,17,20,20,1.0,6.0,13.0,0.0,0.0,1.0,7,6,8,0,8,0,29.483,397.5,160.0,1606.0,29.483,4.0,10.03,roster,0,68.0,50.0,0.5312,67.19,3.7339,0.5,0.5982,3.4,42.9,6.95,0.0,37.34,40.15
2025-04-02 18:00:00,18,22,22,1.0,6.0,15.0,0.0,0.0,1.0,6,6,10,1,11,1,30.483,137.0,113.0,471.0,30.483,4.0,10.03,roster,0,74.0,55.0,0.6379,61.09,3.8621,0.55,0.5982,3.3636,47.19,9.55,13.4,10.95,11.775
2025-04-02 19:00:00,19,22,22,1.0,5.0,15.0,1.0,0.0,1.0,6,4,11,1,12,1,31.483,185.0,140.0,504.0,31.483,4.0,10.03,roster,0,72.0,55.0,0.6429,62.73,3.1052,0.55,0.3988,3.2727,47.19,10.42,13.4,11.72,12.6
2025-04-02 20:00:00,20,21,21,1.0,6.0,13.0,1.0,0.0,1.0,4,4,10,1,11,1,32.483,238.0,191.0,564.0,32.483,4.0,11.03,roster,0,70.0,52.5,0.6034,61.11,2.9588,0.525,0.3626,3.3333,45.04,9.55,13.4,13.11,14.1
2025-04-02 21:00:00,21,19,19,1.0,5.0,12.0,1.0,0.0,1.0,7,4,9,1,10,1,33.483,276.5,183.0,317.0,33.483,4.0,11.03,roster,0,63.0,47.5,0.525,50.21,2.7775,0.475,0.3626,3.3158,40.75,8.68,13.4,7.37,7.925
2025-04-02 22:00:00,22,19,19,1.0,6.0,12.0,0.0,0.0,1.0,6,5,8,1,9,1,34.483,320.0,243.0,358.0,34.483,3.0,7.78,roster,0,65.0,47.5,0.6989,50.29,3.8236,0.475,0.6427,3.4211,40.75,7.81,13.4,8.32,8.95
2025-04-02 23:00:00,23,23,23,1.0,5.0,17.0,0.0,0.0,1.0,10,9,9,0,9,0,35.483,371.0,288.0,413.0,35.483,3.0,7.78,roster,0,76.0,57.5,0.8172,46.75,5.7225,0.575,1.1568,3.3043,49.33,7.81,0.0,9.6,10.325
2025-04-03 00:00:00,0,18,18,2.0,4.0,12.0,0.0,0.0,1.0,6,5,9,0,9,0,36.483,431.0,348.0,473.0,36.483,3.0,7.78,roster,0,62.0,45.0,0.6667,37.42,3.7637,0.45,0.6427,3.4444,38.61,7.81,0.0,11.0,11.825
2025-04-03 01:00:00,1,16,16,2.0,4.0,10.0,0.0,0.0,1.0,3,4,8,1,9,1,37.483,423.0,330.0,500.0,37.483,3.0,7.78,roster,0,56.0,40.0,0.6022,47.16,3.1995,0.4,0.5141,3.5,34.32,7.81,13.4,11.62,12.5
2025-04-03 02:00:00,2,16,16,2.0,4.0,9.0,1.0,0.0,1.0,5,4,8,1,9,1,38.483,483.0,390.0,560.0,38.483,3.0,7.78,roster,0,55.0,40.0,0.5914,48.55,3.1424,0.4,0.5141,3.4375,34.32,7.81,13.4,13.02,14.0
2025-04-03 03:00:00,3,14,14,0.0,4.0,9.0,1.0,0.0,1.0,1,1,7,0,7,0,39.483,543.0,450.0,653.0,39.483,3.0,7.78,roster,0,45.0,35.0,0.4545,31.29,1.5381,0.35,0.1285,3.2143,30.03,6.08,0.0,15.18,16.325
2025-04-03 04:00:00,4,12,12,0.0,4.0,8.0,0.0,0.0,1.0,1,1,7,0,7,0,40.483,603.0,510.0,713.0,40.483,3.0,7.78,roster,0,40.0,30.0,0.404,28.4,1.4284,0.3,0.1285,3.3333,25.74,6.08,0.0,16.58,17.825
2025-04-03 05:00:00,5,14,14,0.0,4.0,9.0,0.0,1.0,1.0,2,2,7,0,7,0,41.483,663.0,570.0,773.0,41.483,3.0,7.78,roster,0,44.0,35.0,0.4444,34.08,1.9079,0.35,0.2571,3.1429,30.03,6.08,0.0,17.97,19.325
2025-04-03 06:00:00,6,13,13,0.0,4.0,9.0,0.0,0.0,1.0,2,2,7,0,7,0,42.483,723.0,630.0,833.0,42.483,3.0,7.78,roster,0,43.0,32.5,0.4343,33.33,1.9253,0.325,0.2571,3.3077,27.88,6.08,0.0,19.37,20.825
2025-04-03 07:00:00,7,17,17,0.0,5.0,11.0,1.0,0.0,1.0,5,5,8,0,8,0,43.483,775.5,690.0,893.0,43.483,3.0,7.78,roster,0,55.0,42.5,0.5729,44.17,3.4542,0.425,0.6427,3.2353,36.46,6.95,0.0,20.76,22.325
2025-04-03 08:00:00,8,20,20,0.0,5.0,14.0,1.0,0.0,1.0,6,6,8,0,8,0,44.483,835.5,750.0,953.0,44.483,3.0,6.5,roster,0,64.0,50.0,0.6667,52.0,4.5538,0.5,0.9231,3.2,42.9,6.95,0.0,22.16,23.825
2025-04-03 09:00:00,9,18,18,0.0,4.0,14.0,0.0,0.0,1.0,6,6,9,0,9,0,45.483,888.0,219.0,971.0,45.483,3.0,6.5,roster,0,58.0,45.0,0.6237,49.0,4.4244,0.45,0.9231,3.2222,38.61,7.81,0.0,22.58,24.275
2025-04-03 10:00:00,10,21,21,2.0,5.0,14.0,0.0,0.0,1.0,8,8,8,0,8,0,46.483,955.5,870.0,1073.0,46.483,4.0,9.82,roster,0,72.0,52.5,0.5625,56.94,4.5931,0.525,0.8147,3.4286,45.04,6.95,0.0,24.95,26.825
2025-04-03 11:00:00,11,27,27,2.0,6.0,17.0,2.0,0.0,1.0,14,13,9,1,10,1,47.483,212.0,78.0,1008.0,47.483,4.0,9.82,roster,0,89.0,67.5,0.7417,83.43,6.5887,0.675,1.3238,3.2963,57.92,8.68,13.4,23.44,25.2
2025-04-03 12:00:00,12,21,21,2.0,6.0,12.0,1.0,0.0,1.0,6,5,8,0,8,0,19.883,133.5,107.0,1068.0,19.883,4.0,9.82,roster,0,72.0,52.5,0.5625,56.82,3.5457,0.525,0.5092,3.4286,45.04,6.95,0.0,24.83,26.7
2025-04-03 13:00:00,13,24,24,3.0,10.0,10.0,1.0,0.0,1.0,10,10,7,1,8,1,20.883,161.5,135.0,202.0,20.883,4.0,9.82,roster,0,87.0,60.0,0.6797,56.52,5.8664,0.6,1.0183,3.625,51.48,6.95,13.4,4.7,5.05
2025-04-03 14:00:00,14,22,22,3.0,7.0,11.0,1.0,0.0,1.0,11,8,6,1,7,1,4.5,130.0,96.0,249.0,4.367,4.0,9.82,roster,0,78.0,55.0,0.5909,52.46,4.8384,0.55,0.8147,3.5455,47.19,6.08,13.4,5.79,6.225
2025-04-03 15:00:00,15,24,24,6.0,1.0,15.0,2.0,0.0,1.0,10,10,3,3,6,3,5.367,160.5,100.0,309.0,5.367,4.0,9.82,roster,0,83.0,60.0,0.6103,84.07,5.5967,0.6,1.0183,3.4583,51.48,5.21,40.2,7.18,7.725
2025-04-03 16:00:00,16,22,22,6.0,1.0,12.0,3.0,0.0,1.0,6,5,6,4,10,4,6.367,145.0,84.0,250.0,6.367,4.0,9.82,roster,0,76.0,55.0,0.6333,95.29,3.6589,0.55,0.5092,3.4545,47.19,8.68,53.6,5.81,6.25
2025-04-03 17:00:00,17,22,22,6.0,1.0,14.0,1.0,0.0,1.0,7,6,6,4,10,4,7.367,205.0,144.0,310.0,7.367,4.0,9.82,roster,0,78.0,55.0,0.65,96.68,4.1163,0.55,0.611,3.5455,47.19,8.68,53.6,7.21,7.75
2025-04-03 18:00:00,18,22,22,4.0,2.0,16.0,0.0,0.0,1.0,9,8,5,3,8,3,8.15,265.0,220.0,370.0,8.15,4.0,9.82,roster,0,76.0,55.0,0.5938,82.94,4.7143,0.55,0.8147,3.4545,47.19,6.95,40.2,8.6,9.25
2025-04-03 19:00:00,19,15,15,2.0,4.0,9.0,0.0,0.0,1.0,5,5,4,2,6,2,9.15,276.0,98.0,340.0,9.15,4.0,9.82,roster,0,53.0,37.5,0.3897,52.09,3.124,0.375,0.5092,3.5333,32.17,5.21,26.8,7.9,8.5
2025-04-03 20:00:00,20,17,17,2.0,2.0,13.0,0.0,0.0,1.0,7,6,4,2,6,2,10.15,336.0,81.0,400.0,10.15,4.0,11.0,roster,0,57.0,42.5,0.4191,57.77,3.2539,0.425,0.5455,3.3529,36.46,5.21,26.8,9.3,10.0
2025-04-03 21:00:00,21,15,15,1.0,2.0,10.0,2.0,0.0,1.0,7,7,2,2,4,2,10.667,276.5,123.0,460.0,7.667,4.0,11.0,roster,0,47.0,37.5,0.3264,53.14,3.1689,0.375,0.6364,3.1333,32.17,3.47,26.8,10.7,11.5
2025-04-03 22:00:00,22,20,20,2.0,2.0,14.0,2.0,0.0,1.0,11,10,4,1,5,1,8.667,120.0,95.0,183.0,8.667,3.0,7.68,roster,0,64.0,50.0,0.6095,44.9,5.7667,0.5,1.3021,3.2,42.9,4.34,13.4,4.25,4.575
2025-04-03 23:00:00,23,16,16,2.0,1.0,13.0,0.0,0.0,1.0,4,4,6,1,7,1,9.667,143.0,98.0,243.0,9.667,3.0,7.68,roster,0,53.0,40.0,0.5354,39.45,3.0503,0.4,0.5208,3.3125,34.32,6.08,13.4,5.65,6.075
2025-04-04 00:00:00,0,15,15,2.0,2.0,11.0,0.0,0.0,1.0,4,4,6,1,7,1,10.667,203.0,158.0,303.0,10.667,3.0,7.68,roster,0,51.0,37.5,0.5152,38.7,3.0458,0.375,0.5208,3.4,32.17,6.08,13.4,7.04,7.575
2025-04-04 01:00:00,1,15,15,2.0,2.0,10.0,1.0,0.0,1.0,6,6,7,1,8,1,11.667,248.0,218.0,363.0,11.667,3.0,7.68,roster,0,50.0,37.5,0.5208,40.96,3.8542,0.375,0.7812,3.3333,32.17,6.95,13.4,8.44,9.075
2025-04-04 02:00:00,2,15,15,2.0,2.0,11.0,0.0,0.0,1.0,3,2,7,1,8,1,12.667,308.0,278.0,423.0,12.667,3.0,7.68,roster,0,51.0,37.5,0.5312,42.36,2.1604,0.375,0.2604,3.4,32.17,6.95,13.4,9.83,10.575
2025-04-04 03:00:00,3,13,13,2.0,2.0,9.0,0.0,0.0,1.0,2,2,7,0,7,0,8.05,353.0,304.0,395.0,8.05,3.0,7.68,roster,0,45.0,32.5,0.4545,23.15,2.0264,0.325,0.2604,3.4615,27.88,6.08,0.0,9.18,9.875
2025-04-04 04:00:00,4,19,19,2.0,2.0,14.0,1.0,0.0,1.0,7,6,7,0,7,0,9.05,413.0,364.0,455.0,9.05,3.0,7.68,roster,0,62.0,47.5,0.6263,37.41,4.0993,0.475,0.7812,3.2632,40.75,6.08,0.0,10.58,11.375
2025-04-04 05:00:00,5,16,16,2.0,2.0,11.0,1.0,0.0,1.0,3,3,7,0,7,0,10.05,473.0,424.0,515.0,10.05,3.0,7.68,roster,0,53.0,40.0,0.5354,32.37,2.6189,0.4,0.3906,3.3125,34.32,6.08,0.0,11.97,12.875
2025-04-04 06:00:00,6,14,14,2.0,2.0,9.0,1.0,0.0,1.0,0,0,8,0,8,0,11.05,525.5,484.0,575.0,11.05,3.0,7.68,roster,0,47.0,35.0,0.4896,30.35,1.175,0.35,0.0,3.3571,30.03,6.95,0.0,13.37,14.375
2025-04-04 07:00:00,7,17,17,2.0,2.0,12.0,1.0,0.0,1.0,4,3,8,0,8,0,12.05,585.5,544.0,635.0,12.05,3.0,7.68,roster,0,56.0,42.5,0.5833,38.18,2.6868,0.425,0.3906,3.2941,36.46,6.95,0.0,14.76,15.875
2025-04-04 08:00:00,8,14,14,2.0,2.0,10.0,0.0,0.0,1.0,3,3,9,0,9,0,13.05,638.0,522.0,683.0,13.05,3.0,6.66,roster,0,48.0,35.0,0.5161,33.72,2.7444,0.35,0.4505,3.4286,30.03,7.81,0.0,15.88,17.075
2025-04-04 09:00:00,9,18,18,2.0,1.0,13.0,2.0,0.0,1.0,9,8,9,0,9,0,14.05,664.0,266.0,713.0,14.05,3.0,6.66,roster,0,57.0,45.0,0.6129,43.0,5.2288,0.45,1.2012,3.1667,38.61,7.81,0.0,16.58,17.825
2025-04-04 10:00:00,10,14,14,0.0,0.0,11.0,3.0,0.0,1.0,6,7,2,1,3,1,15.05,326.0,76.0,903.0,15.05,4.0,10.12,roster,0,39.0,35.0,0.2635,47.03,2.9019,0.35,0.6917,2.7857,30.03,2.6,13.4,20.99,22.575
2025-04-04 11:00:00,11,16,16,0.0,2.0,12.0,2.0,0.0,1.0,8,8,2,1,3,1,6.433,136.0,117.0,386.0,6.433,4.0,10.12,roster,0,48.0,40.0,0.3243,39.3,3.5715,0.4,0.7905,3.0,34.32,2.6,13.4,8.97,9.65
2025-04-04 12:00:00,12,20,20,0.0,2.0,16.0,2.0,0.0,1.0,11,11,2,1,3,1,7.433,196.0,177.0,446.0,7.433,4.0,10.12,roster,0,60.0,50.0,0.4054,49.27,4.7609,0.5,1.087,3.0,42.9,2.6,13.4,10.37,11.15
2025-04-04 13:00:00,13,20,20,0.0,2.0,17.0,1.0,0.0,1.0,8,8,5,1,6,1,4.267,89.0,80.0,237.0,4.267,4.0,10.12,roster,0,61.0,50.0,0.4485,47.02,3.9361,0.5,0.7905,3.05,42.9,5.21,13.4,5.51,5.925
2025-04-04 14:00:00,14,14,14,0.0,2.0,10.0,2.0,0.0,1.0,3,3,5,0,5,0,3.667,134.0,116.0,140.0,2.517,4.0,10.12,roster,0,42.0,35.0,0.3,17.63,1.9393,0.35,0.2964,3.0,30.03,4.34,0.0,3.26,3.5
2025-04-04 15:00:00,15,15,15,0.0,1.0,10.0,4.0,0.0,1.0,10,9,2,0,2,0,4.667,188.0,176.0,200.0,3.333,4.0,10.12,roster,0,42.0,37.5,0.2763,18.56,3.5401,0.375,0.8893,2.8,32.17,1.74,0.0,4.65,5.0
2025-04-04 16:00:00,16,19,19,0.0,1.0,12.0,6.0,0.0,1.0,9,9,4,0,4,0,4.333,177.5,119.0,260.0,4.333,4.0,10.12,roster,0,52.0,47.5,0.3611,30.27,3.734,0.475,0.8893,2.7368,40.75,3.47,0.0,6.04,6.5
2025-04-04 17:00:00,17,14,14,0.0,1.0,11.0,2.0,0.0,1.0,5,4,4,0,4,0,5.333,237.5,179.0,320.0,5.333,4.0,10.12,roster,0,41.0,35.0,0.2847,20.94,2.1825,0.35,0.3953,2.9286,30.03,3.47,0.0,7.44,8.0
2025-04-04 18:00:00,18,17,17,0.0,1.0,11.0,5.0,0.0,1.0,11,9,3,0,3,0,6.333,356.0,187.0,380.0,6.333,4.0,10.12,roster,0,47.0,42.5,0.3176,27.9,3.6337,0.425,0.8893,2.7647,36.46,2.6,0.0,8.84,9.5
2025-04-04 19:00:00,19,12,12,0.0,0.0,6.0,5.0,1.0,1.0,5,5,2,0,2,0,6.15,108.5,105.0,112.0,1.867,4.0,10.12,roster,0,29.0,30.0,0.1908,10.08,1.919,0.3,0.4941,2.4167,25.74,1.74,0.0,2.6,2.8
2025-04-04 20:00:00,20,13,13,0.0,1.0,6.0,6.0,0.0,1.0,5,5,2,0,2,0,7.15,168.5,165.0,172.0,2.867,4.0,11.79,roster,0,34.0,32.5,0.2237,13.62,1.9592,0.325,0.4241,2.6154,27.88,1.74,0.0,4.0,4.3
2025-04-04 21:00:00,21,12,12,1.0,1.0,7.0,3.0,0.0,1.0,6,5,2,0,2,0,8.15,155.0,85.0,225.0,3.75,4.0,11.79,roster,0,36.0,30.0,0.2368,12.71,2.1723,0.3,0.4241,3.0,25.74,1.74,0.0,5.23,5.625
2025-04-04 22:00:00,22,13,13,1.0,0.0,11.0,1.0,0.0,1.0,7,7,2,0,2,0,4.45,129.0,113.0,145.0,2.417,3.0,8.33,roster,0,40.0,32.5,0.3509,12.99,3.5856,0.325,0.8403,3.0769,27.88,1.74,0.0,3.37,3.625
2025-04-04 23:00:00,23,13,13,0.0,0.0,12.0,1.0,0.0,1.0,8,6,4,0,4,0,5.45,141.5,110.0,205.0,3.417,3.0,8.33,roster,0,38.0,32.5,0.3519,16.12,3.0555,0.325,0.7203,2.9231,27.88,3.47,0.0,4.77,5.125
2025-04-05 00:00:00,0,17,17,1.0,0.0,11.0,5.0,0.0,1.0,10,11,4,0,4,0,6.45,201.5,170.0,265.0,4.417,3.0,8.33,roster,0,48.0,42.5,0.4444,26.1,4.9286,0.425,1.3205,2.8235,36.46,3.47,0.0,6.16,6.625
2025-04-05 01:00:00,1,16,16,1.0,1.0,12.0,2.0,0.0,1.0,7,5,5,1,6,1,5.417,207.0,115.0,293.0,5.417,3.0,8.33,roster,0,49.0,40.0,0.4804,39.74,3.0632,0.4,0.6002,3.0625,34.32,5.21,13.4,6.81,7.325
2025-04-05 02:00:00,2,18,18,1.0,1.0,15.0,1.0,0.0,1.0,7,5,6,1,7,1,6.417,244.0,123.0,353.0,6.417,3.0,8.33,roster,0,56.0,45.0,0.5657,46.3,3.2674,0.45,0.6002,3.1111,38.61,6.08,13.4,8.21,8.825
2025-04-05 03:00:00,3,20,20,1.0,3.0,14.0,2.0,0.0,1.0,6,5,6,1,7,1,7.417,304.0,183.0,413.0,7.417,3.0,8.33,roster,0,63.0,50.0,0.6364,51.98,3.4658,0.5,0.6002,3.15,42.9,6.08,13.4,9.6,10.325
2025-04-05 04:00:00,4,21,21,1.0,3.0,16.0,1.0,0.0,1.0,4,4,7,2,9,2,8.417,295.0,192.0,410.0,8.417,3.0,8.33,roster,0,67.0,52.5,0.7204,69.19,3.207,0.525,0.4802,3.1905,45.04,7.81,26.8,9.53,10.25
2025-04-05 05:00:00,5,15,15,0.0,3.0,11.0,1.0,0.0,1.0,2,2,7,1,8,1,9.417,389.5,252.0,533.0,9.417,3.0,8.33,roster,0,47.0,37.5,0.4896,44.91,1.9273,0.375,0.2401,3.1333,32.17,6.95,13.4,12.39,13.325
2025-04-05 06:00:00,6,17,17,1.0,2.0,12.0,2.0,0.0,1.0,3,3,7,0,7,0,10.417,484.0,312.0,593.0,10.417,3.0,8.33,roster,0,53.0,42.5,0.5354,36.33,2.4478,0.425,0.3601,3.1176,36.46,6.08,0.0,13.79,14.825
2025-04-05 07:00:00,7,14,14,1.0,2.0,9.0,2.0,0.0,1.0,1,1,7,1,8,1,11.417,509.5,372.0,653.0,11.417,3.0,8.33,roster,0,44.0,35.0,0.4583,45.56,1.4773,0.35,0.12,3.1429,30.03,6.95,13.4,15.18,16.325
2025-04-05 08:00:00,8,16,16,1.0,2.0,12.0,1.0,0.0,1.0,5,4,7,1,8,1,12.417,569.5,432.0,713.0,12.417,3.0,6.68,roster,0,51.0,40.0,0.5312,51.24,3.1837,0.4,0.5988,3.1875,34.32,6.95,13.4,16.58,17.825
2025-04-05 09:00:00,9,26,26,1.0,6.0,17.0,2.0,0.0,1.0,14,15,6,1,7,1,13.417,595.0,388.0,773.0,13.417,3.0,6.68,roster,0,84.0,65.0,0.8485,73.22,9.3547,0.65,2.2455,3.2308,55.77,6.08,13.4,17.97,19.325
2025-04-05 10:00:00,10,25,25,0.0,6.0,17.0,2.0,0.0,1.0,8,8,7,0,7,0,14.417,552.0,112.0,833.0,14.417,4.0,9.93,roster,0,79.0,62.5,0.5985,59.07,4.5208,0.625,0.8056,3.16,53.62,6.08,0.0,19.37,20.825
2025-04-05 11:00:00,11,20,20,0.0,4.0,15.0,1.0,0.0,1.0,5,6,7,0,7,0,15.417,612.0,159.0,893.0,15.417,4.0,9.93,roster,0,63.0,50.0,0.4773,49.74,3.4783,0.5,0.6042,3.15,42.9,6.08,0.0,20.76,22.325
2025-04-05 12:00:00,12,16,16,0.0,2.0,14.0,0.0,0.0,1.0,6,4,5,1,6,1,15.883,225.5,130.0,775.0,15.883,4.0,9.93,roster,0,50.0,40.0,0.3676,50.95,2.5088,0.4,0.4028,3.125,34.32,5.21,13.4,18.02,19.375
2025-04-05 13:00:00,13,27,27,0.0,2.0,22.0,3.0,0.0,1.0,12,11,5,1,6,1,16.883,285.5,190.0,835.0,16.883,4.0,9.93,roster,0,80.0,67.5,0.5882,75.94,5.2822,0.675,1.1078,2.963,57.92,5.21,13.4,19.41,20.875
2025-04-05 14:00:00,14,25,25,1.0,1.0,19.0,4.0,0.0,1.0,8,9,4,1,5,1,17.883,183.0,111.0,339.0,17.883,4.0,9.93,roster,0,74.0,62.5,0.5286,59.25,4.5328,0.625,0.9063,2.96,53.62,4.34,13.4,7.88,8.475
2025-04-05 15:00:00,15,26,26,1.0,2.0,20.0,3.0,0.0,1.0,13,10,4,1,5,1,18.883,171.0,120.0,243.0,18.883,4.0,9.93,roster,0,79.0,65.0,0.5643,59.16,5.0349,0.65,1.007,3.0385,55.77,4.34,13.4,5.65,6.075
2025-04-05 16:00:00,16,22,22,1.0,2.0,18.0,1.0,0.0,1.0,4,4,5,0,5,0,19.883,180.0,176.0,231.0,19.883,4.0,9.93,roster,0,69.0,55.0,0.4929,36.9,2.9884,0.55,0.4028,3.1364,47.19,4.34,0.0,5.37,5.775
2025-04-05 17:00:00,17,21,21,1.0,2.0,16.0,2.0,0.0,1.0,7,4,4,0,4,0,8.2,238.0,236.0,291.0,4.85,4.0,9.93,roster,0,65.0,52.5,0.4514,35.28,2.8718,0.525,0.4028,3.0952,45.04,3.47,0.0,6.77,7.275
2025-04-05 18:00:00,18,20,20,2.0,3.0,14.0,1.0,0.0,1.0,6,5,5,0,5,0,5.85,296.0,202.0,300.0,5.85,4.0,9.93,roster,0,66.0,50.0,0.4714,34.22,3.3116,0.5,0.5035,3.3,42.9,4.34,0.0,6.98,7.5
2025-04-05 19:00:00,19,17,17,1.0,3.0,13.0,0.0,0.0,1.0,4,2,5,0,5,0,6.85,356.0,262.0,360.0,6.85,4.0,9.93,roster,0,56.0,42.5,0.4,29.18,2.0635,0.425,0.2014,3.2941,36.46,4.34,0.0,8.37,9.0
2025-04-05 20:00:00,20,16,16,1.0,3.0,11.0,0.0,1.0,1.0,7,6,2,0,2,0,6.933,320.0,224.0,416.0,6.933,4.0,11.58,roster,0,51.0,40.0,0.3355,25.73,2.9266,0.4,0.5181,3.1875,34.32,1.74,0.0,9.67,10.4
2025-04-05 21:00:00,21,18,18,0.0,2.0,14.0,1.0,1.0,1.0,11,10,1,0,1,0,6.883,102.0,102.0,102.0,1.7,4.0,11.58,roster,0,53.0,45.0,0.3397,21.85,3.8677,0.45,0.8636,2.9444,38.61,0.87,0.0,2.37,2.55
2025-04-05 22:00:00,22,17,17,0.0,2.0,14.0,1.0,0.0,1.0,9,6,3,0,3,0,6.967,116.0,95.0,162.0,2.7,3.0,8.33,roster,0,52.0,42.5,0.4685,22.84,3.5032,0.425,0.7203,3.0588,36.46,2.6,0.0,3.77,4.05
2025-04-05 23:00:00,23,24,24,0.0,2.0,19.0,3.0,0.0,1.0,11,11,4,0,4,0,7.967,165.5,155.0,222.0,3.7,3.0,8.33,roster,0,71.0,60.0,0.6574,40.11,5.6816,0.6,1.3205,2.9583,51.48,3.47,0.0,5.16,5.55
2025-04-06 00:00:00,0,23,23,0.0,2.0,19.0,2.0,0.0,1.0,8,8,3,0,3,0,8.967,236.0,215.0,282.0,4.7,3.0,8.33,roster,0,69.0,57.5,0.6216,38.5,4.6062,0.575,0.9604,3.0,49.33,2.6,0.0,6.56,7.05
2025-04-06 01:00:00,1,24,24,0.0,3.0,18.0,3.0,0.0,1.0,10,7,3,0,3,0,9.967,296.0,275.0,342.0,5.7,3.0,8.33,roster,0,72.0,60.0,0.6486,42.04,4.321,0.6,0.8403,3.0,51.48,2.6,0.0,7.95,8.55
2025-04-06 02:00:00,2,15,15,0.0,3.0,12.0,0.0,0.0,1.0,4,4,3,0,3,0,10.967,356.0,335.0,402.0,6.7,3.0,8.33,roster,0,48.0,37.5,0.4324,24.13,2.7366,0.375,0.4802,3.2,32.17,2.6,0.0,9.35,10.05
2025-04-06 03:00:00,3,17,17,0.0,3.0,14.0,0.0,0.0,1.0,4,4,4,0,4,0,11.967,405.5,395.0,462.0,7.7,3.0,8.33,roster,0,54.0,42.5,0.5,30.68,2.8753,0.425,0.4802,3.1765,36.46,3.47,0.0,10.74,11.55
2025-04-06 04:00:00,4,17,17,0.0,5.0,11.0,1.0,0.0,1.0,4,5,5,0,5,0,12.967,455.0,178.0,476.0,8.7,3.0,8.33,roster,0,55.0,42.5,0.5238,31.87,3.317,0.425,0.6002,3.2353,36.46,4.34,0.0,11.07,11.9
2025-04-06 05:00:00,5,14,14,0.0,4.0,10.0,0.0,0.0,1.0,2,2,6,0,6,0,13.967,376.5,140.0,536.0,9.7,3.0,8.33,roster,0,46.0,35.0,0.451,27.7,1.9389,0.35,0.2401,3.2857,30.03,5.21,0.0,12.46,13.4
2025-04-06 06:00:00,6,16,16,0.0,4.0,11.0,1.0,0.0,1.0,3,2,7,0,7,0,14.967,298.0,177.0,596.0,10.7,3.0,8.33,roster,0,51.0,40.0,0.5152,34.26,2.0403,0.4,0.2401,3.1875,34.32,6.08,0.0,13.86,14.9
2025-04-06 07:00:00,7,15,15,0.0,3.0,12.0,0.0,0.0,1.0,2,2,7,0,7,0,15.967,358.0,237.0,656.0,11.7,3.0,8.33,roster,0,48.0,37.5,0.4848,33.51,1.9683,0.375,0.2401,3.2,32.17,6.08,0.0,15.25,16.4
2025-04-06 08:00:00,8,16,16,0.0,3.0,12.0,1.0,0.0,1.0,5,4,8,0,8,0,16.967,369.0,297.0,716.0,12.7,3.0,7.04,roster,0,50.0,40.0,0.5208,37.91,3.0256,0.4,0.5682,3.125,34.32,6.95,0.0,16.65,17.9
2025-04-06 09:00:00,9,24,24,0.0,5.0,16.0,3.0,0.0,1.0,10,9,9,0,9,0,17.967,380.0,251.0,755.0,13.7,3.0,7.04,roster,0,74.0,60.0,0.7957,56.85,5.7918,0.6,1.2784,3.0833,51.48,7.81,0.0,17.55,18.875
2025-04-06 10:00:00,10,24,24,1.0,5.0,16.0,2.0,0.0,1.0,8,8,9,0,9,0,18.967,417.0,195.0,815.0,14.7,4.0,10.29,roster,0,77.0,60.0,0.621,58.24,4.4193,0.6,0.7775,3.2083,51.48,7.81,0.0,18.95,20.375
2025-04-06 11:00:00,11,25,25,1.0,5.0,17.0,2.0,0.0,1.0,11,10,8,0,8,0,19.967,181.0,97.0,875.0,15.7,4.0,10.29,roster,0,80.0,62.5,0.625,60.92,5.1098,0.625,0.9718,3.2,53.62,6.95,0.0,20.34,21.875
2025-04-06 12:00:00,12,30,30,1.0,6.0,19.0,4.0,0.0,1.0,11,12,10,0,10,0,20.967,146.5,83.0,537.0,16.7,4.0,10.29,roster,0,94.0,75.0,0.7833,65.52,6.004,0.75,1.1662,3.1333,64.35,8.68,0.0,12.49,13.425
2025-04-06 13:00:00,13,31,31,0.0,5.0,16.0,10.0,0.0,1.0,11,11,9,1,10,1,21.967,131.5,107.0,597.0,17.7,4.0,10.29,roster,0,88.0,77.5,0.7333,82.46,5.2346,0.775,1.069,2.8387,66.5,8.68,13.4,13.88,14.925
2025-04-06 14:00:00,14,28,28,0.0,4.0,18.0,5.0,1.0,1.0,15,12,8,0,8,0,22.967,307.5,167.0,1055.0,18.7,4.0,10.29,roster,0,81.0,70.0,0.6328,71.54,5.3986,0.7,1.1662,2.8929,60.06,6.95,0.0,24.53,26.375
2025-04-06 15:00:00,15,25,25,0.0,3.0,15.0,7.0,0.0,1.0,10,10,4,0,4,0,23.967,633.0,151.0,1182.0,19.7,4.0,10.29,roster,0,71.0,62.5,0.4931,64.58,4.535,0.625,0.9718,2.84,53.62,3.47,0.0,27.48,29.55
2025-04-06 16:00:00,16,23,23,0.0,4.0,14.0,5.0,0.0,1.0,7,8,5,0,5,0,24.967,211.0,123.0,1175.0,20.7,4.0,10.29,roster,0,68.0,57.5,0.4857,61.0,3.9986,0.575,0.7775,2.9565,49.33,4.34,0.0,27.32,29.375
2025-04-06 17:00:00,17,21,21,1.0,3.0,15.0,2.0,0.0,1.0,6,5,8,0,8,0,25.967,179.0,114.0,1235.0,21.7,4.0,10.29,roster,0,66.0,52.5,0.5156,60.71,3.1771,0.525,0.4859,3.1429,45.04,6.95,0.0,28.71,30.875
2025-04-06 18:00:00,18,26,26,1.0,5.0,18.0,2.0,0.0,1.0,9,8,9,1,10,1,26.967,204.5,149.0,331.0,22.7,4.0,10.29,roster,0,83.0,65.0,0.6917,65.55,4.5569,0.65,0.7775,3.1923,55.77,8.68,13.4,7.7,8.275
2025-04-06 19:00:00,19,25,25,1.0,3.0,19.0,2.0,0.0,1.0,10,9,8,0,8,0,27.967,263.0,209.0,1355.0,23.7,4.0,10.29,roster,0,78.0,62.5,0.6094,72.08,4.6789,0.625,0.8746,3.12,53.62,6.95,0.0,31.5,33.875
2025-04-06 20:00:00,20,26,26,1.0,4.0,19.0,2.0,0.0,1.0,9,9,8,0,8,0,28.967,323.0,156.0,1415.0,24.7,4.0,12.2,roster,0,82.0,65.0,0.6406,75.62,4.3766,0.65,0.7377,3.1538,55.77,6.95,0.0,32.9,35.375
2025-04-06 21:00:00,21,30,30,1.0,6.0,22.0,1.0,0.0,1.0,13,10,7,0,7,0,29.967,415.0,216.0,1475.0,25.7,4.0,12.2,roster,0,97.0,75.0,0.7348,84.72,5.0753,0.75,0.8197,3.2333,64.35,6.08,0.0,34.29,36.875
2025-04-06 22:00:00,22,29,29,2.0,6.0,20.0,1.0,0.0,1.0,10,9,7,2,9,2,30.967,411.0,234.0,571.0,26.7,3.0,8.95,roster,0,96.0,72.5,1.0323,90.1,5.7288,0.725,1.0056,3.3103,62.2,7.81,26.8,13.28,14.275
2025-04-06 23:00:00,23,27,27,2.0,6.0,18.0,1.0,0.0,1.0,7,7,8,3,11,3,31.967,294.0,115.0,535.0,27.7,3.0,8.95,roster,0,90.0,67.5,1.0345,100.11,4.8571,0.675,0.7821,3.3333,57.92,9.55,40.2,12.44,13.375
2025-04-07 00:00:00,0,28,28,2.0,7.0,18.0,1.0,0.0,1.0,13,9,9,2,11,2,32.967,354.0,170.0,595.0,28.7,3.0,8.95,roster,0,94.0,70.0,1.0805,90.25,5.7259,0.7,1.0056,3.3571,60.06,9.55,26.8,13.83,14.875
2025-04-07 01:00:00,1,26,26,2.0,7.0,16.0,1.0,0.0,1.0,6,5,12,2,14,2,29.7,249.5,159.0,591.0,29.7,3.0,8.95,roster,0,88.0,65.0,1.1282,88.47,4.0908,0.65,0.5587,3.3846,55.77,12.16,26.8,13.74,14.775
2025-04-07 02:00:00,2,22,22,1.0,6.0,14.0,1.0,0.0,1.0,1,1,12,1,13,1,30.7,324.0,219.0,651.0,30.7,3.0,8.95,roster,0,73.0,55.0,0.9012,67.01,2.1957,0.55,0.1117,3.3182,47.19,11.29,13.4,15.14,16.275
2025-04-07 03:00:00,3,25,25,1.0,6.0,17.0,1.0,0.0,1.0,6,6,12,1,13,1,31.7,384.0,279.0,711.0,31.7,3.0,8.95,roster,0,82.0,62.5,1.0123,74.84,4.2489,0.625,0.6704,3.28,53.62,11.29,13.4,16.53,17.775
2025-04-07 04:00:00,4,25,25,1.0,6.0,17.0,1.0,0.0,1.0,2,2,12,1,13,1,32.7,444.0,339.0,771.0,32.7,3.0,8.95,roster,0,82.0,62.5,1.0123,76.24,2.783,0.625,0.2235,3.28,53.62,11.29,13.4,17.93,19.275
2025-04-07 05:00:00,5,25,25,1.0,6.0,17.0,1.0,0.0,1.0,3,3,12,1,13,1,33.7,504.0,399.0,831.0,33.7,3.0,8.95,roster,0,82.0,62.5,1.0123,77.63,3.1494,0.625,0.3352,3.28,53.62,11.29,13.4,19.32,20.775
2025-04-07 06:00:00,6,23,23,1.0,6.0,15.0,1.0,0.0,1.0,0,0,13,1,14,1,34.7,547.0,398.0,891.0,34.7,3.0,8.95,roster,0,76.0,57.5,0.9744,75.61,1.9,0.575,0.0,3.3043,49.33,12.16,13.4,20.72,22.275
2025-04-07 07:00:00,7,21,21,1.0,6.0,13.0,1.0,0.0,1.0,0,0,12,1,13,1,35.7,624.0,519.0,951.0,35.7,3.0,8.95,roster,0,70.0,52.5,0.8642,71.84,1.75,0.525,0.0,3.3333,45.04,11.29,13.4,22.11,23.775
2025-04-07 08:00:00,8,19,19,1.0,5.0,12.0,1.0,0.0,1.0,1,1,12,1,13,1,36.7,684.0,579.0,1011.0,36.7,3.0,6.58,roster,0,63.0,47.5,0.7778,68.95,2.0789,0.475,0.152,3.3158,40.75,11.29,13.4,23.51,25.275
2025-04-07 09:00:00,9,20,20,1.0,4.0,14.0,1.0,0.0,1.0,4,4,12,1,13,1,37.7,744.0,578.0,1071.0,37.7,3.0,6.58,roster,0,65.0,50.0,0.8025,72.49,3.6007,0.5,0.6079,3.25,42.9,11.29,13.4,24.9,26.775
2025-04-07 10:00:00,10,33,33,1.0,5.0,26.0,1.0,0.0,1.0,16,16,11,1,12,1,38.7,879.0,638.0,1195.0,38.7,4.0,10.28,roster,0,105.0,82.5,0.9375,102.39,7.5772,0.825,1.5564,3.1818,70.78,10.42,13.4,27.78,29.875
2025-04-07 11:00:00,11,40,40,2.0,5.0,31.0,2.0,0.0,1.0,16,14,14,2,16,2,39.7,432.0,92.0,1191.0,39.7,4.0,10.28,roster,0,127.0,100.0,1.3229,134.18,7.4989,1.0,1.3619,3.175,85.8,13.89,26.8,27.69,29.775
2025-04-07 12:00:00,12,40,40,2.0,8.0,29.0,1.0,0.0,1.0,11,11,17,2,19,2,40.7,174.0,108.0,1116.0,40.7,4.0,10.28,roster,0,131.0,100.0,1.5595,135.04,6.7794,1.0,1.07,3.275,85.8,16.5,26.8,25.95,27.9
2025-04-07 13:00:00,13,35,35,3.0,8.0,24.0,0.0,0.0,1.0,5,4,17,2,19,2,41.7,212.0,148.0,1134.0,41.7,4.0,10.28,roster,0,119.0,87.5,1.4167,124.74,4.298,0.875,0.3891,3.4,75.08,16.5,26.8,26.37,28.35
2025-04-07 14:00:00,14,33,33,3.0,7.0,21.0,2.0,0.0,1.0,7,6,14,4,18,4,42.7,248.0,206.0,1044.0,42.7,4.0,10.28,roster,0,110.0,82.5,1.25,144.29,4.6955,0.825,0.5837,3.3333,70.78,15.63,53.6,24.27,26.1
2025-04-07 15:00:00,15,31,31,3.0,7.0,20.0,1.0,0.0,1.0,6,6,10,4,14,4,43.7,293.0,246.0,938.0,43.7,4.0,10.28,roster,0,105.0,77.5,1.0096,134.06,4.6019,0.775,0.5837,3.3871,66.5,12.16,53.6,21.81,23.45
2025-04-07 16:00:00,16,25,25,2.0,4.0,19.0,0.0,0.0,1.0,11,10,7,3,10,3,24.85,275.5,103.0,375.0,24.85,4.0,10.28,roster,0,83.0,62.5,0.6917,91.23,5.3046,0.625,0.9728,3.32,53.62,8.68,40.2,8.72,9.375
2025-04-07 17:00:00,17,23,23,2.0,6.0,15.0,0.0,0.0,1.0,3,3,12,3,15,3,25.85,163.0,115.0,421.0,25.85,4.0,10.28,roster,0,79.0,57.5,0.79,92.35,2.9774,0.575,0.2918,3.4348,49.33,13.02,40.2,9.79,10.525
2025-04-07 18:00:00,18,27,27,2.0,7.0,16.0,2.0,0.0,1.0,7,7,14,3,17,3,26.85,219.0,168.0,448.0,26.85,4.0,10.28,roster,0,90.0,67.5,0.9783,103.29,4.5198,0.675,0.6809,3.3333,57.92,14.76,40.2,10.42,11.2
2025-04-07 19:00:00,19,27,27,1.0,7.0,18.0,1.0,0.0,1.0,5,5,14,3,17,3,27.85,239.0,150.0,508.0,27.85,4.0,10.28,roster,0,89.0,67.5,0.9674,104.69,3.8283,0.675,0.4864,3.2963,57.92,14.76,40.2,11.81,12.7
2025-04-07 20:00:00,20,32,32,1.0,8.0,20.0,3.0,0.0,1.0,10,10,15,3,18,3,28.85,271.5,161.0,463.0,28.85,4.0,11.99,roster,0,103.0,80.0,1.1705,115.23,5.2595,0.8,0.834,3.2188,68.64,15.63,40.2,10.76,11.575
2025-04-07 21:00:00,21,42,42,1.0,10.0,26.0,3.0,2.0,1.0,15,14,16,3,19,3,29.85,270.0,147.0,403.0,29.85,4.0,11.99,roster,0,131.0,105.0,1.5595,136.16,6.9169,1.05,1.1676,3.119,90.09,16.5,40.2,9.37,10.075
2025-04-07 22:00:00,22,39,39,1.0,11.0,25.0,2.0,0.0,1.0,7,5,19,3,22,3,30.85,279.0,168.0,419.0,30.85,3.0,8.29,roster,0,128.0,97.5,2.3704,132.7,5.1795,0.975,0.6031,3.2821,83.66,19.1,40.2,9.74,10.475
2025-04-07 23:00:00,23,32,32,2.0,10.0,19.0,1.0,0.0,1.0,3,3,16,3,19,3,31.85,374.0,221.0,523.0,31.85,3.0,8.29,roster,0,109.0,80.0,1.7302,117.5,3.9577,0.8,0.3619,3.4062,68.64,16.5,40.2,12.16,13.075
2025-04-08 00:00:00,0,32,32,1.0,12.0,19.0,0.0,0.0,1.0,7,6,18,2,20,2,32.85,388.0,222.0,539.0,32.85,3.0,8.29,roster,0,110.0,80.0,1.8333,105.34,5.2379,0.8,0.7238,3.4375,68.64,17.37,26.8,12.53,13.475
2025-04-08 01:00:00,1,33,33,1.0,11.0,20.0,1.0,0.0,1.0,4,4,19,2,21,2,33.85,417.0,265.0,588.0,33.85,3.0,8.29,roster,0,111.0,82.5,1.9474,109.49,4.398,0.825,0.4825,3.3636,70.78,18.23,26.8,13.67,14.7
2025-04-08 02:00:00,2,33,33,1.0,9.0,19.0,4.0,0.0,1.0,5,5,20,2,22,2,34.85,462.0,317.0,648.0,34.85,3.0,8.29,roster,0,106.0,82.5,1.963,111.75,4.5873,0.825,0.6031,3.2121,70.78,19.1,26.8,15.07,16.2
2025-04-08 03:00:00,3,35,35,1.0,9.0,21.0,4.0,0.0,1.0,5,5,21,2,23,2,35.85,507.0,374.0,708.0,35.85,3.0,8.29,roster,0,112.0,87.5,2.1961,118.31,4.73,0.875,0.6031,3.2,75.08,19.97,26.8,16.46,17.7
2025-04-08 04:00:00,4,31,31,1.0,9.0,18.0,3.0,0.0,1.0,0,0,21,2,23,2,36.85,567.0,434.0,768.0,36.85,3.0,8.29,roster,0,101.0,77.5,1.9804,111.12,2.525,0.775,0.0,3.2581,66.5,19.97,26.8,17.86,19.2
2025-04-08 05:00:00,5,32,32,1.0,9.0,20.0,2.0,0.0,1.0,3,3,21,2,23,2,37.85,627.0,494.0,828.0,37.85,3.0,8.29,roster,0,105.0,80.0,2.0588,114.66,3.8124,0.8,0.3619,3.2812,68.64,19.97,26.8,19.25,20.7
2025-04-08 06:00:00,6,33,33,1.0,9.0,21.0,2.0,0.0,1.0,4,4,23,2,25,2,38.85,684.0,459.0,855.0,38.85,3.0,8.29,roster,0,108.0,82.5,2.4,119.17,4.2791,0.825,0.4825,3.2727,70.78,21.71,26.8,19.88,21.375
2025-04-08 07:00:00,7,36,36,1.0,10.0,21.0,4.0,0.0,1.0,5,5,23,2,25,2,39.85,744.0,519.0,915.0,39.85,3.0,8.29,roster,0,116.0,90.0,2.5778,127.0,4.8434,0.9,0.6031,3.2222,77.22,21.71,26.8,21.27,22.875
2025-04-08 08:00:00,8,33,33,1.0,10.0,20.0,2.0,0.0,1.0,3,2,24,2,26,2,40.85,782.5,553.0,975.0,40.85,3.0,6.91,roster,0,109.0,82.5,2.5952,122.83,3.681,0.825,0.2894,3.303,70.78,22.58,26.8,22.67,24.375
2025-04-08 09:00:00,9,36,36,1.0,10.0,24.0,1.0,0.0,1.0,7,6,24,3,27,3,41.85,821.0,533.0,1035.0,41.85,3.0,6.91,roster,0,119.0,90.0,3.0513,144.93,5.8452,0.9,0.8683,3.3056,77.22,23.44,40.2,24.06,25.875
2025-04-08 10:00:00,10,41,41,1.0,10.0,29.0,1.0,0.0,1.0,12,13,20,3,23,3,24.9,797.0,253.0,1019.0,24.9,4.0,10.25,roster,0,134.0,102.5,1.9706,151.81,7.4952,1.025,1.2683,3.2683,87.94,19.97,40.2,23.69,25.475
2025-04-08 11:00:00,11,43,43,2.0,8.0,32.0,1.0,0.0,1.0,10,9,22,4,26,4,25.9,609.5,120.0,984.0,25.9,4.0,10.25,roster,0,140.0,107.5,2.5,171.29,6.3588,1.075,0.878,3.2558,92.24,22.58,53.6,22.88,24.6
2025-04-08 12:00:00,12,43,43,2.0,10.0,31.0,0.0,0.0,1.0,8,9,24,4,28,4,26.9,345.0,132.0,1044.0,26.9,4.0,10.25,roster,0,143.0,107.5,2.9792,174.42,6.495,1.075,0.878,3.3256,92.24,24.31,53.6,24.27,26.1
2025-04-08 13:00:00,13,48,48,2.0,9.0,34.0,3.0,0.0,1.0,15,14,23,4,27,4,27.9,316.0,157.0,1061.0,27.9,4.0,10.25,roster,0,154.0,120.0,2.9615,184.67,8.2321,1.2,1.3659,3.2083,102.96,23.44,53.6,24.67,26.525
2025-04-08 14:00:00,14,45,45,3.0,8.0,31.0,3.0,0.0,1.0,4,4,24,5,29,5,28.9,273.0,197.0,833.0,28.9,4.0,10.25,roster,0,146.0,112.5,3.3182,188.07,4.9161,1.125,0.3902,3.2444,96.52,25.18,67.0,19.37,20.825
2025-04-08 15:00:00,15,40,40,3.0,7.0,29.0,1.0,0.0,1.0,5,5,25,4,29,4,29.9,312.0,254.0,607.0,29.9,4.0,10.25,roster,0,132.0,100.0,3.0,158.69,4.9098,1.0,0.4878,3.3,85.8,25.18,53.6,14.11,15.175
2025-04-08 16:00:00,16,40,40,3.0,9.0,26.0,2.0,0.0,1.0,10,10,21,3,24,3,24.25,382.5,314.0,667.0,24.25,4.0,10.25,roster,0,133.0,100.0,2.0781,142.35,6.5689,1.0,0.9756,3.325,85.8,20.84,40.2,15.51,16.675
2025-04-08 17:00:00,17,34,34,3.0,9.0,19.0,3.0,0.0,1.0,3,4,21,4,25,4,25.25,432.0,331.0,673.0,25.25,4.0,10.25,roster,0,114.0,85.0,1.9,143.88,4.1585,0.85,0.3902,3.3529,72.93,21.71,53.6,15.65,16.825
2025-04-08 18:00:00,18,35,35,4.0,10.0,20.0,1.0,0.0,1.0,9,6,21,4,25,4,26.25,492.0,338.0,733.0,26.25,4.0,10.25,roster,0,122.0,87.5,2.0333,147.42,5.0904,0.875,0.5854,3.4857,75.08,21.71,53.6,17.04,18.325
2025-04-08 19:00:00,19,33,33,5.0,8.0,19.0,1.0,0.0,1.0,2,3,21,5,26,5,27.25,550.0,381.0,793.0,27.25,4.0,10.25,roster,0,116.0,82.5,2.0714,158.8,3.9288,0.825,0.2927,3.5152,70.78,22.58,67.0,18.44,19.825
2025-04-08 20:00:00,20,34,34,5.0,9.0,19.0,1.0,0.0,1.0,5,4,20,5,25,5,28.25,608.0,441.0,853.0,28.25,4.0,11.67,roster,0,120.0,85.0,2.0,161.47,4.2097,0.85,0.3428,3.5294,72.93,21.71,67.0,19.83,21.325
2025-04-08 21:00:00,21,37,37,6.0,8.0,22.0,1.0,0.0,1.0,7,7,20,5,25,5,29.25,668.0,501.0,913.0,29.25,4.0,11.67,roster,0,130.0,92.5,2.1667,169.3,5.3575,0.925,0.5998,3.5135,79.36,21.71,67.0,21.23,22.825
2025-04-08 22:00:00,22,49,49,7.0,8.0,33.0,1.0,0.0,1.0,15,15,21,5,26,5,30.25,710.5,539.0,973.0,30.25,3.0,8.33,roster,0,168.0,122.5,4.0,197.3,10.3739,1.225,1.8007,3.4286,105.1,22.58,67.0,22.62,24.325
2025-04-08 23:00:00,23,52,52,7.0,10.0,34.0,1.0,0.0,1.0,10,10,23,5,28,5,31.25,745.0,548.0,1033.0,31.25,3.0,8.33,roster,0,179.0,130.0,4.9722,206.87,8.6074,1.3,1.2005,3.4423,111.54,24.31,67.0,24.02,25.825
2025-04-09 00:00:00,0,47,47,7.0,11.0,28.0,1.0,0.0,1.0,6,6,24,5,29,5,32.25,797.0,489.0,976.0,32.25,3.0,8.33,roster,0,165.0,117.5,5.0,195.69,6.6537,1.175,0.7203,3.5106,100.82,25.18,67.0,22.69,24.4
2025-04-09 01:00:00,1,41,41,7.0,11.0,22.0,1.0,0.0,1.0,2,2,25,5,30,5,33.25,855.5,530.0,1036.0,33.25,3.0,8.33,roster,0,147.0,102.5,4.9,185.08,4.5358,1.025,0.2401,3.5854,87.94,26.05,67.0,24.09,25.9
2025-04-09 02:00:00,2,40,40,7.0,10.0,22.0,1.0,0.0,1.0,6,3,26,5,31,5,34.25,914.0,480.0,1096.0,34.25,3.0,8.33,roster,0,143.0,100.0,5.2963,185.2,4.8625,1.0,0.3601,3.575,85.8,26.92,67.0,25.48,27.4
2025-04-09 03:00:00,3,42,42,7.0,10.0,24.0,1.0,0.0,1.0,4,3,26,5,31,5,35.25,974.0,540.0,1156.0,35.25,3.0,8.33,roster,0,149.0,105.0,5.5185,190.88,5.0027,1.05,0.3601,3.5476,90.09,26.92,67.0,26.88,28.9
2025-04-09 04:00:00,4,41,41,7.0,10.0,23.0,1.0,0.0,1.0,1,1,25,5,30,5,36.25,1035.5,710.0,1216.0,36.25,3.0,8.33,roster,0,146.0,102.5,4.8667,189.27,4.0775,1.025,0.12,3.561,87.94,26.05,67.0,28.27,30.4
2025-04-09 05:00:00,5,42,42,7.0,10.0,23.0,2.0,0.0,1.0,3,3,26,5,31,5,37.25,1094.0,660.0,1276.0,37.25,3.0,8.33,roster,0,148.0,105.0,5.4815,193.67,4.9691,1.05,0.3601,3.5238,90.09,26.92,67.0,29.67,31.9
2025-04-09 06:00:00,6,45,45,7.0,9.0,27.0,2.0,0.0,1.0,6,6,26,4,30,4,38.25,1155.5,720.0,1336.0,38.25,3.0,8.33,roster,0,156.0,112.5,5.2,187.24,6.397,1.125,0.7203,3.4667,96.52,26.05,53.6,31.06,33.4
2025-04-09 07:00:00,7,45,45,7.0,9.0,27.0,2.0,0.0,1.0,3,2,26,4,30,4,39.25,1215.5,780.0,1396.0,39.25,3.0,8.33,roster,0,156.0,112.5,5.2,188.63,4.7323,1.125,0.2401,3.4667,96.52,26.05,53.6,32.46,34.9
2025-04-09 08:00:00,8,43,43,7.0,9.0,25.0,2.0,0.0,1.0,1,1,26,4,30,4,40.25,1275.5,840.0,1456.0,40.25,3.0,6.91,roster,0,150.0,107.5,5.0,185.74,4.2548,1.075,0.1447,3.4884,92.24,26.05,53.6,33.85,36.4
2025-04-09 09:00:00,9,43,43,7.0,8.0,26.0,2.0,0.0,1.0,4,4,25,4,29,4,41.25,1337.0,900.0,1516.0,41.25,3.0,6.91,roster,0,149.0,107.5,4.5152,186.26,5.7309,1.075,0.5789,3.4651,92.24,25.18,53.6,35.25,37.9
2025-04-09 10:00:00,10,37,37,7.0,8.0,20.0,2.0,0.0,1.0,2,2,24,4,28,4,42.25,1395.5,960.0,1576.0,42.25,4.0,10.16,roster,0,131.0,92.5,2.7292,173.92,3.972,0.925,0.1969,3.5405,79.36,24.31,53.6,36.64,39.4
2025-04-09 11:00:00,11,39,39,7.0,8.0,22.0,2.0,0.0,1.0,7,7,20,4,24,4,43.25,1406.0,990.0,1560.0,43.25,4.0,10.16,roster,0,137.0,97.5,2.1406,174.36,5.8453,0.975,0.689,3.5128,83.66,20.84,53.6,36.27,39.0
2025-04-09 12:00:00,12,38,38,7.0,8.0,21.0,2.0,0.0,1.0,5,4,24,4,28,4,44.25,1390.0,838.0,1606.0,44.25,4.0,10.16,roster,0,134.0,95.0,2.7917,176.76,4.7383,0.95,0.3937,3.5263,81.51,24.31,53.6,37.34,40.15
2025-04-09 13:00:00,13,37,37,4.0,7.0,25.0,1.0,0.0,1.0,8,7,18,3,21,3,45.25,1461.0,801.0,1632.0,45.25,4.0,10.16,roster,0,125.0,92.5,1.6447,155.74,5.4526,0.925,0.689,3.3784,79.36,18.23,40.2,37.94,40.8
2025-04-09 14:00:00,14,40,40,4.0,8.0,27.0,1.0,0.0,1.0,9,8,16,3,19,3,46.25,1005.0,183.0,1692.0,46.25,4.0,10.16,roster,0,135.0,100.0,1.6071,161.84,6.0325,1.0,0.7874,3.375,85.8,16.5,40.2,39.34,42.3
2025-04-09 15:00:00,15,36,36,4.0,6.0,25.0,1.0,0.0,1.0,2,2,16,4,20,4,47.25,995.0,174.0,1713.0,47.25,4.0,10.16,roster,0,121.0,90.0,1.5125,168.01,3.6866,0.9,0.1969,3.3611,77.22,17.37,53.6,39.83,42.825
2025-04-09 16:00:00,16,27,27,3.0,5.0,18.0,1.0,0.0,1.0,5,4,11,3,14,3,39.883,666.5,145.0,1757.0,39.883,4.0,10.16,roster,0,91.0,67.5,0.875,131.12,3.6019,0.675,0.3937,3.3704,57.92,12.16,40.2,40.85,43.925
2025-04-09 17:00:00,17,31,31,3.0,6.0,21.0,1.0,0.0,1.0,7,7,12,3,15,3,40.883,361.0,200.0,1817.0,40.883,4.0,10.16,roster,0,104.0,77.5,1.04,141.96,4.9114,0.775,0.689,3.3548,66.5,13.02,40.2,42.25,45.425
2025-04-09 18:00:00,18,36,36,4.0,7.0,24.0,1.0,0.0,1.0,7,7,14,3,17,3,41.883,307.0,245.0,1778.0,41.883,4.0,10.16,roster,0,122.0,90.0,1.3261,153.52,5.3849,0.9,0.689,3.3889,77.22,14.76,40.2,41.34,44.45
2025-04-09 19:00:00,19,34,34,3.0,8.0,22.0,1.0,0.0,1.0,7,7,16,3,19,3,42.883,331.0,230.0,1838.0,42.883,4.0,10.16,roster,0,115.0,85.0,1.369,152.36,5.2054,0.85,0.689,3.3824,72.93,16.5,40.2,42.73,45.95
2025-04-09 20:00:00,20,36,36,3.0,9.0,22.0,2.0,0.0,1.0,10,9,19,4,23,4,43.883,380.0,172.0,1881.0,43.883,4.0,12.0,roster,0,121.0,90.0,1.7794,174.52,5.5458,0.9,0.75,3.3611,77.22,19.97,53.6,43.73,47.025
2025-04-09 21:00:00,21,40,40,2.0,9.0,28.0,1.0,0.0,1.0,12,12,19,2,21,2,44.883,440.0,232.0,1332.0,44.883,4.0,12.0,roster,0,132.0,100.0,1.7368,141.8,6.6,1.0,1.0,3.3,85.8,18.23,26.8,30.97,33.3
2025-04-09 22:00:00,22,44,44,2.0,9.0,29.0,3.0,1.0,1.0,13,13,19,2,21,2,45.883,500.0,292.0,1392.0,45.883,3.0,8.75,roster,0,140.0,110.0,2.4561,151.78,8.2273,1.1,1.4857,3.1818,94.38,18.23,26.8,32.36,34.8
2025-04-09 23:00:00,23,34,34,2.0,8.0,24.0,0.0,0.0,1.0,5,6,20,2,22,2,46.883,526.0,267.0,1452.0,46.883,3.0,8.75,roster,0,114.0,85.0,2.1111,132.59,5.1492,0.85,0.6857,3.3529,72.93,19.1,26.8,33.76,36.3
2025-04-10 00:00:00,0,31,31,2.0,7.0,20.0,2.0,0.0,1.0,5,4,22,2,24,2,47.883,541.0,317.0,1512.0,47.883,3.0,8.75,roster,0,102.0,77.5,2.125,129.29,4.0541,0.775,0.4571,3.2903,66.5,20.84,26.8,35.15,37.8
2025-04-10 01:00:00,1,35,35,2.0,8.0,24.0,1.0,0.0,1.0,7,7,22,2,24,2,48.883,601.0,377.0,1572.0,48.883,3.0,8.75,roster,0,116.0,87.5,2.4167,139.26,5.5514,0.875,0.8,3.3143,75.08,20.84,26.8,36.55,39.3
2025-04-10 02:00:00,2,33,33,2.0,8.0,22.0,1.0,0.0,1.0,3,2,23,3,26,3,49.883,617.5,301.0,901.0,49.883,3.0,8.75,roster,0,110.0,82.5,2.619,134.51,3.5119,0.825,0.2286,3.3333,70.78,22.58,40.2,20.95,22.525
2025-04-10 03:00:00,3,32,32,2.0,8.0,22.0,0.0,0.0,1.0,3,3,24,3,27,3,50.883,645.0,331.0,961.0,50.883,3.0,8.75,roster,0,108.0,80.0,2.7692,134.63,3.8571,0.8,0.3429,3.375,68.64,23.44,40.2,22.34,24.025
2025-04-10 04:00:00,4,35,35,2.0,9.0,24.0,0.0,0.0,1.0,5,5,23,3,26,3,51.883,737.5,421.0,1021.0,51.883,3.0,8.75,roster,0,118.0,87.5,2.8095,141.59,4.8765,0.875,0.5714,3.3714,75.08,22.58,40.2,23.74,25.525
2025-04-10 05:00:00,5,36,36,2.0,9.0,25.0,0.0,0.0,1.0,3,3,25,3,28,3,52.883,748.0,451.0,1081.0,52.883,3.0,8.75,roster,0,121.0,90.0,3.3611,146.87,4.1774,0.9,0.3429,3.3611,77.22,24.31,40.2,25.13,27.025
2025-04-10 06:00:00,6,37,37,2.0,9.0,26.0,0.0,0.0,1.0,3,3,25,3,28,3,53.883,808.0,511.0,1141.0,53.883,3.0,8.75,roster,0,124.0,92.5,3.4444,150.41,4.249,0.925,0.3429,3.3514,79.36,24.31,40.2,26.53,28.525
2025-04-10 07:00:00,7,34,34,2.0,9.0,23.0,0.0,0.0,1.0,1,1,26,3,29,3,54.883,851.0,562.0,1087.0,54.883,3.0,8.75,roster,0,115.0,85.0,3.4848,143.58,3.2616,0.85,0.1143,3.3824,72.93,25.18,40.2,25.27,27.175
2025-04-10 08:00:00,8,34,34,2.0,9.0,23.0,0.0,0.0,1.0,2,2,27,3,30,3,55.883,890.0,583.0,1147.0,55.883,3.0,7.98,roster,0,115.0,85.0,3.8333,145.85,3.7227,0.85,0.2506,3.3824,72.93,26.05,40.2,26.67,28.675
2025-04-10 09:00:00,9,38,38,2.0,9.0,27.0,0.0,0.0,1.0,7,6,27,2,29,2,56.883,971.0,643.0,1207.0,56.883,3.0,7.98,roster,0,127.0,95.0,3.8485,141.55,5.6879,0.95,0.7519,3.3421,81.51,25.18,26.8,28.06,30.175
2025-04-10 10:00:00,10,44,44,2.0,12.0,30.0,0.0,0.0,1.0,11,11,27,2,29,2,57.883,989.0,672.0,1267.0,57.883,4.0,11.07,roster,0,148.0,110.0,3.3636,155.82,7.0424,1.1,0.9937,3.3636,94.38,25.18,26.8,29.46,31.675
2025-04-10 11:00:00,11,46,46,1.0,13.0,32.0,0.0,0.0,1.0,9,9,26,3,29,3,58.883,841.0,467.0,1212.0,58.883,4.0,11.07,roster,0,153.0,115.0,3.4773,172.23,6.5291,1.15,0.813,3.3261,98.67,25.18,40.2,28.18,30.3
2025-04-10 12:00:00,12,54,54,1.0,13.0,40.0,0.0,0.0,1.0,13,14,30,3,33,3,59.883,862.0,323.0,1250.0,59.883,4.0,11.07,roster,0,177.0,135.0,6.3214,193.75,8.5703,1.35,1.2647,3.2778,115.83,28.65,40.2,29.06,31.25
2025-04-10 13:00:00,13,53,53,1.0,12.0,39.0,1.0,0.0,1.0,7,7,33,2,35,2,60.883,852.0,189.0,1245.0,60.883,4.0,11.07,roster,0,172.0,132.5,8.6,179.82,6.3521,1.325,0.6323,3.2453,113.68,30.39,26.8,28.95,31.125
2025-04-10 14:00:00,14,53,53,1.0,10.0,42.0,0.0,0.0,1.0,8,8,31,2,33,2,61.883,647.0,214.0,1167.0,61.883,4.0,11.07,roster,0,171.0,132.5,6.1071,176.27,6.6066,1.325,0.7227,3.2264,113.68,28.65,26.8,27.13,29.175
2025-04-10 15:00:00,15,50,50,1.0,9.0,40.0,0.0,0.0,1.0,7,7,31,2,33,2,62.883,323.0,195.0,1042.0,62.883,4.0,11.07,roster,0,161.0,125.0,5.75,166.93,6.0611,1.25,0.6323,3.22,107.25,28.65,26.8,24.23,26.05
2025-04-10 16:00:00,16,45,45,2.0,8.0,34.0,1.0,0.0,1.0,6,6,27,1,28,1,63.883,354.0,231.0,1032.0,63.883,4.0,11.07,roster,0,146.0,112.5,3.0417,138.23,5.4085,1.125,0.542,3.2444,96.52,24.31,13.4,23.99,25.8
2025-04-10 17:00:00,17,43,43,2.0,7.0,34.0,0.0,0.0,1.0,4,4,28,1,29,1,64.883,399.0,239.0,944.0,64.883,4.0,11.07,roster,0,140.0,107.5,3.1818,132.76,4.6764,1.075,0.3613,3.2558,92.24,25.18,13.4,21.95,23.6
2025-04-10 18:00:00,18,42,42,2.0,7.0,33.0,0.0,0.0,1.0,5,5,27,1,28,1,65.883,474.0,323.0,1152.0,65.883,4.0,11.07,roster,0,137.0,105.0,2.8542,134.59,4.8983,1.05,0.4517,3.2619,90.09,24.31,13.4,26.78,28.8
2025-04-10 19:00:00,19,43,43,2.0,10.0,31.0,0.0,0.0,1.0,10,9,26,1,27,1,66.883,549.0,359.0,1212.0,66.883,4.0,11.07,roster,0,143.0,107.5,2.75,137.26,6.2787,1.075,0.813,3.3256,92.24,23.44,13.4,28.18,30.3
2025-04-10 20:00:00,20,48,48,4.0,10.0,34.0,0.0,0.0,1.0,14,14,24,1,25,1,57.55,579.0,388.0,1124.0,57.55,4.0,10.83,roster,0,162.0,120.0,2.7,144.2,8.4129,1.2,1.2927,3.375,102.96,21.71,13.4,26.13,28.1
2025-04-10 21:00:00,21,47,47,3.0,10.0,34.0,0.0,0.0,1.0,8,6,27,1,28,1,58.55,553.0,388.0,1184.0,58.55,4.0,10.83,roster,0,157.0,117.5,3.2708,146.06,5.7757,1.175,0.554,3.3404,100.82,24.31,13.4,27.53,29.6
2025-04-10 22:00:00,22,42,42,2.0,10.0,30.0,0.0,0.0,1.0,7,7,25,1,26,1,59.55,565.0,289.0,1016.0,59.55,3.0,7.74,roster,0,140.0,105.0,3.3333,129.69,6.5146,1.05,0.9044,3.3333,90.09,22.58,13.4,23.62,25.4
2025-04-10 23:00:00,23,39,39,2.0,8.0,29.0,0.0,0.0,1.0,3,3,25,2,27,2,60.55,599.0,257.0,1076.0,60.55,3.0,7.74,roster,0,129.0,97.5,3.3077,138.92,4.5071,0.975,0.3876,3.3077,83.66,23.44,26.8,25.02,26.9
2025-04-11 00:00:00,0,34,34,2.0,10.0,22.0,0.0,0.0,1.0,5,4,25,2,27,2,61.55,659.0,317.0,1136.0,61.55,3.0,7.74,roster,0,116.0,85.0,2.9744,129.59,4.6632,0.85,0.5168,3.4118,72.93,23.44,26.8,26.41,28.4
2025-04-11 01:00:00,1,37,37,2.0,10.0,25.0,0.0,0.0,1.0,6,5,25,1,26,1,62.55,745.0,469.0,1196.0,62.55,3.0,7.74,roster,0,125.0,92.5,2.9762,123.15,5.3074,0.925,0.646,3.3784,79.36,22.58,13.4,27.81,29.9
2025-04-11 02:00:00,2,38,38,2.0,10.0,24.0,2.0,0.0,1.0,4,4,26,1,27,1,63.55,779.0,437.0,1256.0,63.55,3.0,7.74,roster,0,126.0,95.0,3.2308,127.56,4.8636,0.95,0.5168,3.3158,81.51,23.44,13.4,29.2,31.4
2025-04-11 03:00:00,3,34,34,2.0,9.0,21.0,2.0,0.0,1.0,1,1,26,1,27,1,64.55,839.0,497.0,1316.0,64.55,3.0,7.74,roster,0,113.0,85.0,2.8974,120.37,3.2544,0.85,0.1292,3.3235,72.93,23.44,13.4,30.6,32.9
2025-04-11 04:00:00,4,29,29,2.0,8.0,19.0,0.0,0.0,1.0,1,1,26,1,27,1,65.55,899.0,557.0,1376.0,65.55,3.0,7.74,roster,0,99.0,72.5,2.5385,111.04,2.9161,0.725,0.1292,3.4138,62.2,23.44,13.4,31.99,34.4
2025-04-11 05:00:00,5,30,30,2.0,8.0,19.0,1.0,0.0,1.0,2,2,26,1,27,1,66.55,959.0,617.0,1436.0,66.55,3.0,7.74,roster,0,101.0,75.0,2.5897,114.58,3.3949,0.75,0.2584,3.3667,64.35,23.44,13.4,33.39,35.9
2025-04-11 06:00:00,6,29,29,2.0,8.0,18.0,1.0,0.0,1.0,1,1,26,1,27,1,67.55,1019.0,677.0,1496.0,67.55,3.0,7.74,roster,0,98.0,72.5,2.5128,113.83,2.8866,0.725,0.1292,3.3793,62.2,23.44,13.4,34.78,37.4
2025-04-11 07:00:00,7,32,32,2.0,8.0,22.0,0.0,0.0,1.0,4,4,26,1,27,1,68.55,1079.0,737.0,1556.0,68.55,3.0,7.74,roster,0,108.0,80.0,2.7692,121.66,4.4442,0.8,0.5168,3.375,68.64,23.44,13.4,36.18,38.9
2025-04-11 08:00:00,8,35,35,2.0,8.0,25.0,0.0,0.0,1.0,4,4,26,1,27,1,69.55,1139.0,797.0,1616.0,69.55,3.0,6.68,roster,0,117.0,87.5,3.0,129.49,4.9267,0.875,0.5988,3.3429,75.08,23.44,13.4,37.57,40.4
2025-04-11 09:00:00,9,41,41,2.0,8.0,28.0,3.0,0.0,1.0,8,7,27,1,28,1,70.55,1183.5,851.0,1676.0,70.55,3.0,6.68,roster,0,132.0,102.5,3.6667,144.62,6.6737,1.025,1.0479,3.2195,87.94,24.31,13.4,38.97,41.9
2025-04-11 10:00:00,10,43,43,2.0,11.0,28.0,2.0,0.0,1.0,10,10,27,1,28,1,71.55,1220.5,878.0,1643.0,71.55,4.0,10.38,roster,0,142.0,107.5,2.9583,148.15,6.7314,1.075,0.9634,3.3023,92.24,24.31,13.4,38.2,41.075
2025-04-11 11:00:00,11,41,41,1.0,10.0,28.0,2.0,0.0,1.0,8,9,26,1,27,1,37.367,1228.0,818.0,1521.0,37.367,4.0,10.38,roster,0,133.0,102.5,2.5577,140.15,6.1376,1.025,0.8671,3.2439,87.94,23.44,13.4,35.36,38.025
2025-04-11 12:00:00,12,37,37,1.0,9.0,27.0,0.0,0.0,1.0,5,4,26,1,27,1,38.367,1129.0,704.0,1581.0,38.367,4.0,10.38,roster,0,122.0,92.5,2.3462,132.97,4.3206,0.925,0.3854,3.2973,79.36,23.44,13.4,36.76,39.525
2025-04-11 13:00:00,13,41,41,0.0,9.0,30.0,2.0,0.0,1.0,9,9,24,2,26,2,39.367,1143.0,318.0,1641.0,39.367,4.0,10.38,roster,0,130.0,102.5,2.3214,155.47,5.9992,1.025,0.8671,3.1707,87.94,22.58,26.8,38.15,41.025
2025-04-11 14:00:00,14,33,33,1.0,7.0,24.0,1.0,0.0,1.0,5,5,15,3,18,3,34.783,601.0,222.0,1249.0,34.783,4.0,10.38,roster,0,107.0,82.5,1.2159,135.65,4.2369,0.825,0.4817,3.2424,70.78,15.63,40.2,29.04,31.225
2025-04-11 15:00:00,15,36,36,1.0,7.0,27.0,1.0,0.0,1.0,13,12,12,3,15,3,29.15,332.0,172.0,1309.0,29.15,4.0,10.38,roster,0,116.0,90.0,1.16,140.88,6.6251,0.9,1.1561,3.2222,77.22,13.02,40.2,30.43,32.725
2025-04-11 16:00:00,16,37,37,1.0,8.0,23.0,4.0,1.0,1.0,10,10,11,2,13,2,29.65,193.0,87.0,392.0,29.65,4.0,10.38,roster,0,115.0,92.5,1.0648,106.57,5.8693,0.925,0.9634,3.1081,79.36,11.29,26.8,9.11,9.8
2025-04-11 17:00:00,17,31,31,1.0,9.0,17.0,3.0,1.0,1.0,4,4,14,2,16,2,30.65,201.0,132.0,452.0,30.65,4.0,10.38,roster,0,99.0,77.5,1.0312,97.7,3.7057,0.775,0.3854,3.1935,66.5,13.89,26.8,10.51,11.3
2025-04-11 18:00:00,18,33,33,1.0,12.0,17.0,2.0,1.0,1.0,12,11,16,1,17,1,31.65,207.0,162.0,509.0,31.65,4.0,10.38,roster,0,109.0,82.5,1.1848,90.78,6.2253,0.825,1.0597,3.303,70.78,14.76,13.4,11.83,12.725
2025-04-11 19:00:00,19,33,33,1.0,12.0,16.0,2.0,2.0,1.0,9,9,18,1,19,1,32.65,249.0,118.0,569.0,32.65,4.0,10.38,roster,0,107.0,82.5,1.2738,93.91,5.4864,0.825,0.8671,3.2424,70.78,16.5,13.4,13.23,14.225
2025-04-11 20:00:00,20,32,32,2.0,10.0,18.0,1.0,1.0,1.0,7,7,13,1,14,1,33.65,273.5,155.0,632.0,33.65,4.0,11.0,roster,0,107.0,80.0,1.0288,88.89,4.8028,0.8,0.6364,3.3438,68.64,12.16,13.4,14.69,15.8
2025-04-11 21:00:00,21,27,27,1.0,9.0,15.0,1.0,1.0,1.0,3,3,15,0,15,0,34.65,244.0,187.0,692.0,34.65,4.0,11.0,roster,0,89.0,67.5,0.89,67.03,3.124,0.675,0.2727,3.2963,57.92,13.02,0.0,16.09,17.3
2025-04-11 22:00:00,22,30,30,1.0,9.0,17.0,2.0,1.0,1.0,7,7,14,1,15,1,35.65,304.0,174.0,752.0,35.65,3.0,7.3,roster,0,97.0,75.0,1.2933,88.26,5.5255,0.75,0.9589,3.2333,64.35,13.02,13.4,17.48,18.8
2025-04-11 23:00:00,23,30,30,1.0,8.0,18.0,2.0,1.0,1.0,8,7,13,1,14,1,35.05,349.5,216.0,755.0,22.733,3.0,7.3,roster,0,96.0,75.0,1.2308,87.46,5.4685,0.75,0.9589,3.2,64.35,12.16,13.4,17.55,18.875
2025-04-12 00:00:00,0,31,31,1.0,8.0,22.0,0.0,0.0,1.0,10,9,14,1,15,1,36.05,373.0,189.0,591.0,16.183,3.0,7.3,roster,0,103.0,77.5,1.3733,86.66,6.6713,0.775,1.2329,3.3226,66.5,13.02,13.4,13.74,14.775
2025-04-12 01:00:00,1,31,31,1.0,8.0,22.0,0.0,0.0,1.0,5,5,16,1,17,1,37.05,354.0,213.0,496.0,17.183,3.0,7.3,roster,0,103.0,77.5,1.4928,86.19,4.8507,0.775,0.6849,3.3226,66.5,14.76,13.4,11.53,12.4
2025-04-12 02:00:00,2,30,30,1.0,8.0,21.0,0.0,0.0,1.0,3,2,16,2,18,2,38.05,405.0,204.0,556.0,18.183,3.0,7.3,roster,0,100.0,75.0,1.5152,99.71,3.4132,0.75,0.274,3.3333,64.35,15.63,26.8,12.93,13.9
2025-04-12 03:00:00,3,25,25,1.0,7.0,17.0,0.0,0.0,1.0,2,2,16,2,18,2,39.05,465.0,264.0,616.0,19.183,3.0,7.3,roster,0,84.0,62.5,1.2727,90.38,3.0205,0.625,0.274,3.36,53.62,15.63,26.8,14.32,15.4
2025-04-12 04:00:00,4,28,28,1.0,6.0,21.0,0.0,0.0,1.0,4,4,16,2,18,2,40.05,525.0,324.0,676.0,20.183,3.0,7.3,roster,0,92.0,70.0,1.3939,98.21,4.1004,0.7,0.5479,3.2857,60.06,15.63,26.8,15.72,16.9
2025-04-12 05:00:00,5,29,29,1.0,6.0,22.0,0.0,0.0,1.0,3,2,17,2,19,2,41.05,576.0,363.0,736.0,21.183,3.0,7.3,roster,0,95.0,72.5,1.5079,102.61,3.2725,0.725,0.274,3.2759,62.2,16.5,26.8,17.11,18.4
2025-04-12 06:00:00,6,28,28,1.0,7.0,20.0,0.0,0.0,1.0,1,1,17,2,19,2,42.05,636.0,423.0,796.0,22.183,3.0,7.3,roster,0,93.0,70.0,1.4762,101.86,2.78,0.7,0.137,3.3214,60.06,16.5,26.8,18.51,19.9
2025-04-12 07:00:00,7,27,27,1.0,7.0,19.0,0.0,0.0,1.0,4,4,17,2,19,2,43.05,696.0,483.0,856.0,23.183,3.0,7.3,roster,0,90.0,67.5,1.4286,101.11,4.0765,0.675,0.5479,3.3333,57.92,16.5,26.8,19.9,21.4
2025-04-12 08:00:00,8,21,21,1.0,5.0,15.0,0.0,0.0,1.0,2,1,17,1,18,1,44.05,765.0,543.0,916.0,24.183,3.0,6.55,roster,0,70.0,52.5,1.0606,75.37,2.2589,0.525,0.1527,3.3333,45.04,15.63,13.4,21.3,22.9
2025-04-12 09:00:00,9,23,23,3.0,4.0,16.0,0.0,0.0,1.0,6,6,13,1,14,1,45.05,811.5,603.0,935.0,18.85,3.0,6.55,roster,0,79.0,57.5,1.0128,76.63,5.1214,0.575,0.916,3.4348,49.33,12.16,13.4,21.74,23.375
2025-04-12 10:00:00,10,24,24,2.0,4.0,17.0,1.0,0.0,1.0,9,7,13,1,14,1,46.05,810.0,626.0,973.0,17.267,4.0,10.25,roster,0,79.0,60.0,0.7596,79.66,4.223,0.6,0.6829,3.2917,51.48,12.16,13.4,22.62,24.325
2025-04-12 11:00:00,11,26,26,2.0,7.0,15.0,2.0,0.0,1.0,9,9,11,1,12,1,47.05,768.0,644.0,1033.0,18.267,4.0,10.25,roster,0,87.0,65.0,0.7768,83.61,5.1131,0.65,0.878,3.3462,55.77,10.42,13.4,24.02,25.825
2025-04-12 12:00:00,12,27,27,2.0,6.0,15.0,4.0,0.0,1.0,9,8,11,2,13,2,48.05,704.0,143.0,1014.0,19.267,4.0,10.25,roster,0,87.0,67.5,0.8056,99.58,4.6899,0.675,0.7805,3.2222,57.92,11.29,26.8,23.58,25.35
2025-04-12 13:00:00,13,29,29,2.0,10.0,13.0,4.0,0.0,1.0,8,8,8,4,12,4,49.05,220.5,157.0,806.0,20.267,4.0,10.25,roster,0,97.0,72.5,0.8661,124.96,5.0356,0.725,0.7805,3.3448,62.2,10.42,53.6,18.74,20.15
2025-04-12 14:00:00,14,30,30,3.0,7.0,17.0,3.0,0.0,1.0,14,14,4,4,8,4,50.05,111.5,82.0,169.0,13.733,4.0,10.25,roster,0,100.0,75.0,0.7812,108.83,7.0528,0.75,1.3659,3.3333,64.35,6.95,53.6,3.93,4.225
2025-04-12 15:00:00,15,24,24,3.0,6.0,13.0,1.0,1.0,1.0,5,4,8,2,10,2,51.05,111.5,85.0,135.0,3.817,4.0,10.25,roster,0,81.0,60.0,0.675,70.1,3.3421,0.6,0.3902,3.375,51.48,8.68,26.8,3.14,3.375
2025-04-12 16:00:00,16,19,19,3.0,5.0,10.0,1.0,0.0,1.0,7,6,6,2,8,2,52.05,157.5,142.0,195.0,4.817,4.0,10.25,roster,0,67.0,47.5,0.5234,59.04,3.7392,0.475,0.5854,3.5263,40.75,6.95,26.8,4.53,4.875
2025-04-12 17:00:00,17,22,22,4.0,4.0,12.0,2.0,0.0,1.0,6,5,7,2,9,2,53.05,205.0,181.0,233.0,5.817,4.0,10.25,roster,0,76.0,55.0,0.6129,67.22,3.5851,0.55,0.4878,3.4545,47.19,7.81,26.8,5.42,5.825
2025-04-12 18:00:00,18,21,21,4.0,5.0,11.0,1.0,0.0,1.0,8,6,7,2,9,2,54.05,265.0,241.0,293.0,6.817,4.0,10.25,roster,0,75.0,52.5,0.6048,66.47,3.9656,0.525,0.5854,3.5714,45.04,7.81,26.8,6.81,7.325
2025-04-12 19:00:00,19,18,18,4.0,5.0,9.0,0.0,0.0,1.0,4,4,7,2,9,2,55.05,140.0,118.0,353.0,7.817,4.0,10.25,roster,0,67.0,45.0,0.5403,61.43,3.1276,0.45,0.3902,3.7222,38.61,7.81,26.8,8.21,8.825
2025-04-12 20:00:00,20,22,22,3.0,4.0,15.0,0.0,0.0,1.0,9,7,6,3,9,3,56.05,183.0,157.0,413.0,8.817,4.0,10.91,roster,0,76.0,55.0,0.6129,84.81,4.1165,0.55,0.6416,3.4545,47.19,7.81,40.2,9.6,10.325
2025-04-12 21:00:00,21,27,27,3.0,5.0,18.0,1.0,0.0,1.0,10,7,7,3,10,3,57.05,240.5,140.0,473.0,9.817,4.0,10.91,roster,0,91.0,67.5,0.7583,97.8,4.4375,0.675,0.6416,3.3704,57.92,8.68,40.2,11.0,11.825
2025-04-12 22:00:00,22,28,28,2.0,4.0,20.0,2.0,0.0,1.0,9,9,5,3,8,3,58.05,274.5,200.0,481.0,10.817,3.0,7.21,roster,0,90.0,70.0,0.9375,98.39,6.2623,0.7,1.2483,3.2143,60.06,6.95,40.2,11.18,12.025
2025-04-12 23:00:00,23,26,26,2.0,6.0,18.0,0.0,0.0,1.0,8,8,7,2,9,2,59.05,260.0,194.0,358.0,9.017,3.0,7.21,roster,0,88.0,65.0,0.9462,78.71,5.9555,0.65,1.1096,3.3846,55.77,7.81,26.8,8.32,8.95
2025-04-13 00:00:00,0,18,18,1.0,5.0,10.0,2.0,0.0,1.0,4,3,7,0,7,0,60.05,281.0,157.0,418.0,10.017,3.0,7.21,roster,0,59.0,45.0,0.596,34.41,2.8388,0.45,0.4161,3.2778,38.61,6.08,0.0,9.72,10.45
2025-04-13 01:00:00,1,15,15,1.0,5.0,8.0,1.0,0.0,1.0,4,3,7,0,7,0,61.05,341.0,217.0,478.0,11.017,3.0,7.21,roster,0,51.0,37.5,0.5152,29.37,2.6897,0.375,0.4161,3.4,32.17,6.08,0.0,11.11,11.95
2025-04-13 02:00:00,2,11,11,1.0,4.0,6.0,0.0,0.0,1.0,2,1,7,0,7,0,62.05,401.0,277.0,538.0,12.017,3.0,7.21,roster,0,39.0,27.5,0.3939,22.18,1.4667,0.275,0.1387,3.5455,23.6,6.08,0.0,12.51,13.45
2025-04-13 03:00:00,3,13,13,1.0,5.0,7.0,0.0,0.0,1.0,3,3,7,0,7,0,63.05,461.0,337.0,598.0,13.017,3.0,7.21,roster,0,46.0,32.5,0.4646,27.87,2.6223,0.325,0.4161,3.5385,27.88,6.08,0.0,13.9,14.95
2025-04-13 04:00:00,4,13,13,1.0,5.0,7.0,0.0,0.0,1.0,3,3,7,1,8,1,64.05,507.5,397.0,658.0,14.017,3.0,7.21,roster,0,46.0,32.5,0.4792,43.53,2.6223,0.325,0.4161,3.5385,27.88,6.95,13.4,15.3,16.45
2025-04-13 05:00:00,5,13,13,1.0,3.0,9.0,0.0,0.0,1.0,3,3,8,0,8,0,65.05,567.5,457.0,718.0,15.017,3.0,7.21,roster,0,44.0,32.5,0.4583,31.52,2.5083,0.325,0.4161,3.3846,27.88,6.95,0.0,16.69,17.95
2025-04-13 06:00:00,6,16,16,1.0,3.0,12.0,0.0,0.0,1.0,4,4,8,0,8,0,66.05,627.5,517.0,778.0,16.017,3.0,7.21,roster,0,53.0,40.0,0.5521,39.35,3.1627,0.4,0.5548,3.3125,34.32,6.95,0.0,18.09,19.45
2025-04-13 07:00:00,7,19,19,1.0,3.0,15.0,0.0,0.0,1.0,6,6,8,0,8,0,67.05,687.5,577.0,838.0,17.017,3.0,7.21,roster,0,62.0,47.5,0.6458,47.18,4.2655,0.475,0.8322,3.2632,40.75,6.95,0.0,19.48,20.95
2025-04-13 08:00:00,8,21,21,1.0,4.0,16.0,0.0,0.0,1.0,5,5,8,0,8,0,68.05,747.5,637.0,898.0,18.017,3.0,7.74,roster,0,69.0,52.5,0.7188,52.87,3.8476,0.525,0.646,3.2857,45.04,6.95,0.0,20.88,22.45
2025-04-13 09:00:00,9,28,28,1.0,6.0,20.0,1.0,0.0,1.0,10,9,9,1,10,1,69.05,745.5,320.0,911.0,19.017,3.0,7.74,roster,0,91.0,70.0,1.0111,83.32,6.0541,0.7,1.1628,3.25,60.06,8.68,13.4,21.18,22.775
2025-04-13 10:00:00,10,33,33,1.0,6.0,26.0,0.0,0.0,1.0,13,11,11,1,12,1,70.05,689.5,163.0,971.0,20.017,4.0,10.83,roster,0,107.0,82.5,0.9554,97.18,5.9683,0.825,1.0157,3.2424,70.78,10.42,13.4,22.58,24.275
2025-04-13 11:00:00,11,32,32,1.0,6.0,24.0,1.0,0.0,1.0,11,11,10,0,10,0,71.05,865.5,223.0,1031.0,21.017,4.0,10.83,roster,0,103.0,80.0,0.8583,81.29,5.8443,0.8,1.0157,3.2188,68.64,8.68,0.0,23.97,25.775
2025-04-13 12:00:00,12,41,41,4.0,7.0,28.0,2.0,0.0,1.0,14,14,11,0,11,0,72.05,500.0,189.0,1091.0,22.017,4.0,10.83,roster,0,136.0,102.5,1.1724,102.86,7.688,1.025,1.2927,3.3171,87.94,9.55,0.0,25.37,27.275
2025-04-13 13:00:00,13,40,40,4.0,10.0,24.0,2.0,0.0,1.0,9,9,12,1,13,1,73.05,343.0,160.0,1034.0,23.017,4.0,10.83,roster,0,136.0,100.0,1.2593,114.53,6.2255,1.0,0.831,3.4,85.8,11.29,13.4,24.04,25.85
2025-04-13 14:00:00,14,33,33,2.0,8.0,23.0,0.0,0.0,1.0,10,10,12,2,14,2,74.05,264.5,133.0,997.0,24.017,4.0,10.83,roster,0,111.0,82.5,1.0673,112.92,5.8809,0.825,0.9234,3.3636,70.78,12.16,26.8,23.18,24.925
2025-04-13 15:00:00,15,34,34,2.0,10.0,21.0,1.0,0.0,1.0,9,8,13,2,15,2,75.05,280.0,151.0,1057.0,25.017,4.0,10.83,roster,0,115.0,85.0,1.15,117.33,5.3735,0.85,0.7387,3.3824,72.93,13.02,26.8,24.58,26.425
2025-04-13 16:00:00,16,29,29,2.0,8.0,18.0,1.0,0.0,1.0,11,9,9,3,12,3,76.05,281.0,211.0,740.0,26.017,4.0,10.83,roster,0,98.0,72.5,0.875,110.03,5.2583,0.725,0.831,3.3793,62.2,10.42,40.2,17.21,18.5
2025-04-13 17:00:00,17,28,28,2.0,5.0,18.0,3.0,0.0,1.0,8,8,10,3,13,3,77.05,318.0,211.0,583.0,27.017,4.0,10.83,roster,0,90.0,70.0,0.8333,105.1,4.6244,0.7,0.7387,3.2143,60.06,11.29,40.2,13.55,14.575
2025-04-13 18:00:00,18,34,34,2.0,8.0,22.0,2.0,0.0,1.0,13,11,10,3,13,3,78.05,378.0,248.0,643.0,28.017,4.0,10.83,roster,0,112.0,85.0,1.037,119.37,6.1458,0.85,1.0157,3.2941,72.93,11.29,40.2,14.95,16.075
2025-04-13 19:00:00,19,39,39,1.0,7.0,30.0,1.0,0.0,1.0,16,14,13,1,14,1,79.05,401.5,161.0,703.0,29.017,4.0,10.83,roster,0,125.0,97.5,1.2019,105.56,7.2683,0.975,1.2927,3.2051,83.66,12.16,13.4,16.34,17.575
2025-04-13 20:00:00,20,41,41,2.0,7.0,29.0,3.0,0.0,1.0,12,12,14,1,15,1,80.05,451.0,137.0,763.0,30.017,4.0,10.4,roster,0,131.0,102.5,1.31,112.11,6.9617,1.025,1.1538,3.1951,87.94,13.02,13.4,17.74,19.075
2025-04-13 21:00:00,21,42,42,2.0,8.0,30.0,2.0,0.0,1.0,11,11,19,2,21,2,81.05,281.0,117.0,604.0,31.017,4.0,10.4,roster,0,136.0,105.0,1.7895,129.17,6.8249,1.05,1.0577,3.2381,90.09,18.23,26.8,14.04,15.1
2025-04-13 22:00:00,22,40,40,2.0,7.0,29.0,2.0,0.0,1.0,5,5,20,2,22,2,82.05,299.0,173.0,664.0,32.017,3.0,7.31,roster,0,129.0,100.0,2.3889,127.14,5.4309,1.0,0.684,3.225,85.8,19.1,26.8,15.44,16.6
2025-04-13 23:00:00,23,30,30,1.0,7.0,22.0,0.0,0.0,1.0,5,5,18,1,19,1,83.05,478.0,237.0,760.0,33.017,3.0,7.31,roster,0,99.0,75.0,1.5714,91.92,4.7322,0.75,0.684,3.3,64.35,16.5,13.4,17.67,19.0
2025-04-14 00:00:00,0,34,34,1.0,6.0,27.0,0.0,0.0,1.0,9,9,19,1,20,1,84.05,499.5,297.0,820.0,34.017,3.0,7.31,roster,0,110.0,85.0,1.8333,102.76,6.7333,0.85,1.2312,3.2353,72.93,17.37,13.4,19.07,20.5
2025-04-14 01:00:00,1,33,33,1.0,6.0,26.0,0.0,0.0,1.0,5,5,20,1,21,1,85.05,521.0,328.0,844.0,35.017,3.0,7.31,roster,0,107.0,82.5,1.8772,102.04,4.8928,0.825,0.684,3.2424,70.78,18.23,13.4,19.62,21.1
2025-04-14 02:00:00,2,29,29,1.0,5.0,23.0,0.0,0.0,1.0,3,3,20,0,20,0,86.05,539.0,388.0,940.0,36.017,3.0,7.31,roster,0,94.0,72.5,1.5667,81.43,3.6803,0.725,0.4104,3.2414,62.2,17.37,0.0,21.86,23.5
2025-04-14 03:00:00,3,24,24,2.0,5.0,16.0,1.0,0.0,1.0,3,2,20,0,20,0,87.05,599.0,448.0,1000.0,37.017,3.0,7.31,roster,0,80.0,60.0,1.3333,72.1,2.912,0.6,0.2736,3.3333,51.48,17.37,0.0,23.25,25.0
2025-04-14 04:00:00,4,26,26,2.0,5.0,19.0,0.0,0.0,1.0,6,4,21,0,21,0,88.05,617.0,503.0,1024.0,38.017,3.0,7.31,roster,0,87.0,65.0,1.5263,77.81,4.006,0.65,0.5472,3.3462,55.77,18.23,0.0,23.81,25.6
2025-04-14 05:00:00,5,28,28,2.0,5.0,21.0,0.0,0.0,1.0,2,2,21,0,21,0,89.05,677.0,563.0,1084.0,39.017,3.0,7.31,roster,0,93.0,70.0,1.6316,83.5,3.2337,0.7,0.2736,3.3214,60.06,18.23,0.0,25.2,27.1
2025-04-14 06:00:00,6,26,26,3.0,5.0,18.0,0.0,0.0,1.0,3,3,21,0,21,0,90.05,737.0,623.0,1144.0,40.017,3.0,7.31,roster,0,89.0,65.0,1.5614,80.6,3.6298,0.65,0.4104,3.4231,55.77,18.23,0.0,26.6,28.6
2025-04-14 07:00:00,7,30,30,3.0,5.0,22.0,0.0,0.0,1.0,6,6,22,1,23,1,91.05,780.0,649.0,1204.0,41.017,3.0,7.31,roster,0,101.0,75.0,1.9804,105.71,5.2883,0.75,0.8208,3.3667,64.35,19.97,13.4,27.99,30.1
2025-04-14 08:00:00,8,35,35,3.0,5.0,26.0,1.0,0.0,1.0,7,7,24,1,25,1,92.05,791.0,534.0,1192.0,42.017,3.0,6.5,roster,0,115.0,87.5,2.5556,117.9,6.4135,0.875,1.0769,3.2857,75.08,21.71,13.4,27.71,29.8
2025-04-14 09:00:00,9,38,38,3.0,7.0,27.0,1.0,0.0,1.0,7,8,22,2,24,2,93.05,844.0,435.0,1252.0,43.017,3.0,6.5,roster,0,126.0,95.0,2.625,138.26,7.231,0.95,1.2308,3.3158,81.51,20.84,26.8,29.11,31.3
2025-04-14 10:00:00,10,43,43,3.0,9.0,31.0,0.0,0.0,1.0,10,10,23,3,26,3,94.05,882.5,240.0,1208.0,44.017,4.0,9.82,roster,0,144.0,107.5,2.5714,163.1,7.0102,1.075,1.0183,3.3488,92.24,22.58,40.2,28.09,30.2
2025-04-14 11:00:00,11,47,47,2.0,12.0,33.0,0.0,0.0,1.0,11,12,25,3,28,3,95.05,899.5,217.0,1121.0,45.017,4.0,9.82,roster,0,157.0,117.5,3.2708,171.39,8.007,1.175,1.222,3.3404,100.82,24.31,40.2,26.06,28.025
2025-04-14 12:00:00,12,47,47,3.0,11.0,33.0,0.0,0.0,1.0,9,10,24,4,28,4,96.05,348.5,179.0,1080.0,46.017,4.0,9.82,roster,0,158.0,117.5,3.2917,183.84,7.3733,1.175,1.0183,3.3617,100.82,24.31,53.6,25.11,27.0
2025-04-14 13:00:00,13,49,49,2.0,12.0,34.0,1.0,0.0,1.0,10,10,21,4,25,4,97.05,337.0,180.0,1048.0,26.067,4.0,9.82,roster,0,162.0,122.5,2.7,184.78,7.4167,1.225,1.0183,3.3061,105.1,21.71,53.6,24.37,26.2
2025-04-14 14:00:00,14,47,47,2.0,13.0,32.0,0.0,0.0,1.0,8,8,19,4,23,4,98.05,379.0,215.0,1108.0,27.067,4.0,9.82,roster,0,158.0,117.5,2.3235,180.15,6.6887,1.175,0.8147,3.3617,100.82,19.97,53.6,25.76,27.7
2025-04-14 15:00:00,15,46,46,1.0,14.0,31.0,0.0,0.0,1.0,9,9,19,2,21,2,99.05,376.0,265.0,795.0,28.067,4.0,9.82,roster,0,154.0,115.0,2.0263,142.19,6.9183,1.15,0.9165,3.3478,98.67,18.23,26.8,18.48,19.875
2025-04-14 16:00:00,16,47,47,1.0,15.0,31.0,0.0,0.0,1.0,6,6,23,2,25,2,29.067,360.0,249.0,577.0,29.067,4.0,9.82,roster,0,158.0,117.5,2.6333,142.74,6.004,1.175,0.611,3.3617,100.82,21.71,26.8,13.42,14.425
2025-04-14 17:00:00,17,45,45,1.0,15.0,28.0,1.0,0.0,1.0,5,5,25,2,27,2,30.067,414.0,186.0,637.0,30.067,4.0,9.82,roster,0,151.0,112.5,2.9038,141.58,5.4835,1.125,0.5092,3.3556,96.52,23.44,26.8,14.81,15.925
2025-04-14 18:00:00,18,48,48,1.0,13.0,34.0,0.0,0.0,1.0,10,10,24,3,27,3,31.067,474.0,216.0,697.0,31.067,4.0,9.82,roster,0,159.0,120.0,3.0577,162.81,7.3482,1.2,1.0183,3.3125,102.96,23.44,40.2,16.21,17.425
2025-04-14 19:00:00,19,41,41,1.0,12.0,28.0,0.0,0.0,1.0,2,3,25,3,28,3,32.067,456.0,247.0,757.0,32.067,4.0,9.82,roster,0,137.0,102.5,2.8542,150.06,4.4458,1.025,0.3055,3.3415,87.94,24.31,40.2,17.6,18.925
2025-04-14 20:00:00,20,46,46,1.0,13.0,32.0,0.0,0.0,1.0,12,11,25,2,27,2,33.067,492.0,297.0,817.0,33.067,4.0,11.0,roster,0,153.0,115.0,2.9423,147.91,7.1511,1.15,1.0,3.3261,98.67,23.44,26.8,19.0,20.425
2025-04-14 21:00:00,21,50,50,0.0,14.0,35.0,1.0,0.0,1.0,14,13,24,1,25,1,34.067,600.0,364.0,877.0,34.067,4.0,11.0,roster,0,163.0,125.0,2.7167,142.75,7.9277,1.25,1.1818,3.26,107.25,21.71,13.4,20.39,21.925
2025-04-14 22:00:00,22,46,46,0.0,12.0,34.0,0.0,0.0,1.0,5,5,24,1,25,1,35.067,612.0,417.0,859.0,35.067,3.0,7.68,roster,0,150.0,115.0,3.3333,133.75,5.873,1.15,0.651,3.2609,98.67,21.71,13.4,19.97,21.475
2025-04-14 23:00:00,23,42,42,0.0,12.0,30.0,0.0,0.0,1.0,8,6,24,1,25,1,36.067,672.0,477.0,919.0,36.067,3.0,7.68,roster,0,138.0,105.0,3.0667,126.56,6.017,1.05,0.7812,3.2857,90.09,21.71,13.4,21.37,22.975
2025-04-15 00:00:00,0,48,48,0.0,13.0,35.0,0.0,0.0,1.0,12,9,27,1,28,1,37.067,642.0,404.0,979.0,37.067,3.0,7.68,roster,0,157.0,120.0,4.3611,143.43,7.758,1.2,1.1719,3.2708,102.96,24.31,13.4,22.76,24.475
2025-04-15 01:00:00,1,47,47,1.0,14.0,30.0,2.0,0.0,1.0,7,7,26,1,27,1,38.067,768.0,438.0,1039.0,38.067,3.0,7.68,roster,0,155.0,117.5,3.9744,141.82,6.8809,1.175,0.9115,3.2979,100.82,23.44,13.4,24.16,25.975
2025-04-15 02:00:00,2,43,43,0.0,14.0,27.0,2.0,0.0,1.0,4,4,27,0,27,0,39.067,828.0,482.0,1099.0,39.067,3.0,7.68,roster,0,141.0,107.5,3.6154,121.23,5.2328,1.075,0.5208,3.2791,92.24,23.44,0.0,25.55,27.475
2025-04-15 03:00:00,3,44,44,0.0,14.0,29.0,1.0,0.0,1.0,4,3,28,0,28,0,40.067,822.0,542.0,1159.0,40.067,3.0,7.68,roster,0,145.0,110.0,4.0278,125.64,4.9123,1.1,0.3906,3.2955,94.38,24.31,0.0,26.95,28.975
2025-04-15 04:00:00,4,44,44,0.0,15.0,29.0,0.0,0.0,1.0,4,4,29,0,29,0,41.067,816.0,443.0,1156.0,41.067,3.0,7.68,roster,0,147.0,110.0,4.4545,126.44,5.4151,1.1,0.5208,3.3409,94.38,25.18,0.0,26.88,28.9
2025-04-15 05:00:00,5,40,40,0.0,11.0,29.0,0.0,0.0,1.0,2,2,28,0,28,0,42.067,942.0,662.0,1279.0,42.067,3.0,7.68,roster,0,131.0,100.0,3.6389,119.85,4.1279,1.0,0.2604,3.275,85.8,24.31,0.0,29.74,31.975
2025-04-15 06:00:00,6,38,38,0.0,11.0,27.0,0.0,0.0,1.0,1,1,28,0,28,0,43.067,1002.0,722.0,1339.0,43.067,3.0,7.68,roster,0,125.0,95.0,3.4722,116.95,3.5533,0.95,0.1302,3.2895,81.51,24.31,0.0,31.13,33.475
2025-04-15 07:00:00,7,40,40,0.0,13.0,27.0,0.0,0.0,1.0,4,3,28,0,28,0,44.067,1062.0,782.0,1399.0,44.067,3.0,7.68,roster,0,133.0,100.0,3.6944,122.64,4.6238,1.0,0.3906,3.325,85.8,24.31,0.0,32.53,34.975
2025-04-15 08:00:00,8,43,43,0.0,13.0,30.0,0.0,0.0,1.0,4,4,28,2,30,2,45.067,1053.5,573.0,1396.0,45.067,3.0,7.68,roster,0,142.0,107.5,4.7333,157.54,5.27,1.075,0.5208,3.3023,92.24,26.05,26.8,32.46,34.9
2025-04-15 09:00:00,9,42,42,0.0,12.0,30.0,0.0,0.0,1.0,4,4,28,2,30,2,46.067,1099.0,470.0,1456.0,46.067,3.0,7.68,roster,0,138.0,105.0,4.6,156.79,5.1613,1.05,0.5208,3.2857,90.09,26.05,26.8,33.85,36.4
2025-04-15 10:00:00,10,45,45,0.0,14.0,30.0,1.0,0.0,1.0,9,9,24,3,27,3,40.283,1144.0,425.0,1467.0,40.283,4.0,10.93,roster,0,148.0,112.5,2.8462,174.28,6.4081,1.125,0.8234,3.2889,96.52,23.44,40.2,34.11,36.675
2025-04-15 11:00:00,11,49,49,0.0,12.0,35.0,2.0,0.0,1.0,11,11,23,3,26,3,41.283,1134.0,291.0,1527.0,41.283,4.0,10.93,roster,0,157.0,122.5,2.8036,183.38,7.1496,1.225,1.0064,3.2041,105.1,22.58,40.2,35.5,38.175
2025-04-15 12:00:00,12,51,51,0.0,13.0,37.0,1.0,0.0,1.0,9,9,26,3,29,3,42.283,650.0,242.0,1554.0,42.283,4.0,10.93,roster,0,165.0,127.5,3.75,190.91,6.789,1.275,0.8234,3.2353,109.39,25.18,40.2,36.13,38.85
2025-04-15 13:00:00,13,49,49,1.0,10.0,36.0,2.0,0.0,1.0,9,9,26,4,30,4,43.0,408.5,157.0,1356.0,43.0,4.0,10.93,roster,0,157.0,122.5,3.925,196.28,6.5633,1.225,0.8234,3.2041,105.1,26.05,53.6,31.53,33.9
2025-04-15 14:00:00,14,51,51,1.0,11.0,37.0,2.0,0.0,1.0,10,10,25,5,30,5,44.0,417.5,178.0,1416.0,44.0,4.0,10.93,roster,0,164.0,127.5,4.1,215.37,7.0421,1.275,0.9149,3.2157,109.39,26.05,67.0,32.92,35.4
2025-04-15 15:00:00,15,55,55,1.0,11.0,41.0,2.0,0.0,1.0,11,11,23,4,27,4,45.0,386.0,191.0,1476.0,45.0,4.0,10.93,roster,0,176.0,137.5,3.3846,209.34,7.6205,1.375,1.0064,3.2,117.98,23.44,53.6,34.32,36.9
2025-04-15 16:00:00,16,47,47,1.0,9.0,35.0,2.0,0.0,1.0,10,11,21,2,23,2,46.0,305.0,210.0,1740.0,46.0,4.0,10.93,roster,0,150.0,117.5,2.2059,168.04,6.9619,1.175,1.0064,3.1915,100.82,19.97,26.8,40.46,43.5
2025-04-15 17:00:00,17,51,51,1.0,11.0,37.0,2.0,0.0,1.0,7,7,25,2,27,2,47.0,311.0,163.0,1596.0,47.0,4.0,10.93,roster,0,164.0,127.5,3.1538,176.75,6.1595,1.275,0.6404,3.2157,109.39,23.44,26.8,37.11,39.9
2025-04-15 18:00:00,18,53,53,1.0,13.0,38.0,1.0,0.0,1.0,8,8,24,2,26,2,48.0,394.5,223.0,1656.0,48.0,4.0,10.93,roster,0,173.0,132.5,3.0893,181.56,6.7141,1.325,0.7319,3.2642,113.68,22.58,26.8,38.5,41.4
2025-04-15 19:00:00,19,42,42,2.0,9.0,31.0,0.0,0.0,1.0,4,3,23,1,24,1,36.617,454.5,240.0,1716.0,36.617,4.0,10.93,roster,0,139.0,105.0,2.1719,144.23,4.3834,1.05,0.2745,3.3095,90.09,20.84,13.4,39.9,42.9
2025-04-15 20:00:00,20,41,41,2.0,8.0,31.0,0.0,0.0,1.0,8,7,22,1,23,1,37.617,491.0,260.0,1776.0,37.617,4.0,10.89,roster,0,135.0,102.5,1.9853,142.61,5.4915,1.025,0.6428,3.2927,87.94,19.97,13.4,41.29,44.4
2025-04-15 21:00:00,21,47,47,2.0,6.0,38.0,1.0,0.0,1.0,11,11,23,1,24,1,38.617,540.0,320.0,1836.0,38.617,4.0,10.89,roster,0,150.0,117.5,2.3438,157.74,6.9737,1.175,1.0101,3.1915,100.82,20.84,13.4,42.69,45.9
2025-04-15 22:00:00,22,46,46,2.0,7.0,36.0,1.0,0.0,1.0,7,7,26,1,27,1,39.617,532.0,289.0,1864.0,39.617,3.0,7.64,roster,0,148.0,115.0,3.7949,158.85,6.6479,1.15,0.9162,3.2174,98.67,23.44,13.4,43.34,46.6
2025-04-15 23:00:00,23,47,47,3.0,8.0,35.0,1.0,0.0,1.0,7,7,27,1,28,1,40.617,550.0,349.0,1924.0,40.617,3.0,7.64,roster,0,154.0,117.5,4.2778,163.26,6.8521,1.175,0.9162,3.2766,100.82,24.31,13.4,44.73,48.1
2025-04-16 00:00:00,0,43,43,3.0,8.0,32.0,0.0,0.0,1.0,5,4,27,3,30,3,41.617,554.0,291.0,1370.0,41.617,3.0,7.64,roster,0,143.0,107.5,4.7667,170.34,5.3161,1.075,0.5236,3.3256,92.24,26.05,40.2,31.85,34.25
2025-04-16 01:00:00,1,40,40,3.0,7.0,30.0,0.0,0.0,1.0,4,3,26,3,29,3,42.617,628.0,351.0,1430.0,42.617,3.0,7.64,roster,0,133.0,100.0,4.0303,164.43,4.6306,1.0,0.3927,3.325,85.8,25.18,40.2,33.25,35.75
2025-04-16 02:00:00,2,38,38,3.0,7.0,28.0,0.0,0.0,1.0,2,2,25,3,28,3,43.617,730.0,473.0,2104.0,43.617,3.0,7.64,roster,0,127.0,95.0,3.5278,174.94,4.0499,0.95,0.2618,3.3421,81.51,24.31,40.2,48.92,52.6
2025-04-16 03:00:00,3,37,37,3.0,7.0,27.0,0.0,0.0,1.0,2,2,25,3,28,3,44.617,790.0,533.0,2164.0,44.617,3.0,7.64,roster,0,124.0,92.5,3.4444,174.19,3.9773,0.925,0.2618,3.3514,79.36,24.31,40.2,50.31,54.1
2025-04-16 04:00:00,4,37,37,3.0,7.0,26.0,1.0,0.0,1.0,4,2,25,3,28,3,45.617,850.0,593.0,2224.0,45.617,3.0,7.64,roster,0,123.0,92.5,3.4167,175.59,3.9452,0.925,0.2618,3.3243,79.36,24.31,40.2,51.71,55.6
2025-04-16 05:00:00,5,36,36,3.0,7.0,26.0,0.0,0.0,1.0,2,2,25,3,28,3,46.617,910.0,653.0,2284.0,46.617,3.0,7.64,roster,0,121.0,90.0,3.3611,174.84,3.9049,0.9,0.2618,3.3611,77.22,24.31,40.2,53.1,57.1
2025-04-16 06:00:00,6,38,38,3.0,8.0,27.0,0.0,0.0,1.0,3,3,25,3,28,3,47.617,970.0,713.0,2344.0,47.617,3.0,7.64,roster,0,128.0,95.0,3.5556,180.52,4.5227,0.95,0.3927,3.3684,81.51,24.31,40.2,54.5,58.6
2025-04-16 07:00:00,7,38,38,3.0,7.0,27.0,1.0,0.0,1.0,4,3,26,2,28,2,48.617,1030.0,711.0,2404.0,48.617,3.0,7.64,roster,0,126.0,95.0,3.5,168.52,4.452,0.95,0.3927,3.3158,81.51,24.31,26.8,55.89,60.1
2025-04-16 08:00:00,8,37,37,3.0,7.0,26.0,1.0,0.0,1.0,3,3,26,2,28,2,49.617,1090.0,771.0,2464.0,49.617,3.0,6.8,roster,0,123.0,92.5,3.4167,167.77,4.5416,0.925,0.4412,3.3243,79.36,24.31,26.8,57.29,61.6
2025-04-16 09:00:00,9,42,42,3.0,7.0,29.0,3.0,0.0,1.0,9,9,25,2,27,2,50.617,1192.0,780.0,2524.0,50.617,3.0,6.8,roster,0,136.0,105.0,3.4872,179.02,7.6857,1.05,1.3235,3.2381,90.09,23.44,26.8,58.68,63.1
2025-04-16 10:00:00,10,44,44,3.0,8.0,29.0,4.0,0.0,1.0,9,9,25,2,27,2,49.267,1100.0,712.0,1970.0,49.267,4.0,10.5,roster,0,142.0,110.0,2.7308,170.43,6.3162,1.1,0.8571,3.2273,94.38,23.44,26.8,45.8,49.25
2025-04-16 11:00:00,11,48,48,3.0,9.0,31.0,5.0,0.0,1.0,9,9,24,2,26,2,50.267,1116.0,177.0,2030.0,50.267,4.0,10.5,roster,0,154.0,120.0,2.75,179.53,6.6,1.2,0.8571,3.2083,102.96,22.58,26.8,47.2,50.75
2025-04-16 12:00:00,12,44,44,2.0,7.0,31.0,4.0,0.0,1.0,6,7,23,1,24,1,51.267,826.0,171.0,2090.0,51.267,4.0,10.5,roster,0,139.0,110.0,2.1719,157.21,5.5811,1.1,0.6667,3.1591,94.38,20.84,13.4,48.59,52.25
2025-04-16 13:00:00,13,38,38,2.0,7.0,26.0,3.0,0.0,1.0,5,3,21,1,22,1,51.45,886.0,231.0,1742.0,51.45,4.0,10.5,roster,0,122.0,95.0,1.6944,134.51,3.9673,0.95,0.2857,3.2105,81.51,19.1,13.4,40.5,43.55
2025-04-16 14:00:00,14,38,38,2.0,6.0,26.0,4.0,0.0,1.0,7,6,21,1,22,1,52.45,699.5,287.0,1802.0,52.45,4.0,10.5,roster,0,120.0,95.0,1.6667,135.91,4.8045,0.95,0.5714,3.1579,81.51,19.1,13.4,41.9,45.05
2025-04-16 15:00:00,15,40,40,2.0,6.0,29.0,3.0,0.0,1.0,9,9,19,1,20,1,52.9,379.0,274.0,1678.0,52.9,4.0,10.5,roster,0,127.0,100.0,1.5875,135.58,5.8964,1.0,0.8571,3.175,85.8,17.37,13.4,39.01,41.95
2025-04-16 16:00:00,16,38,38,2.0,5.0,27.0,4.0,0.0,1.0,5,6,17,1,18,1,53.9,421.0,328.0,1738.0,53.9,4.0,10.5,roster,0,119.0,95.0,1.3523,130.95,4.7645,0.95,0.5714,3.1316,81.51,15.63,13.4,40.41,43.45
2025-04-16 17:00:00,17,33,33,2.0,5.0,24.0,2.0,0.0,1.0,4,4,18,2,20,2,54.9,469.0,291.0,1798.0,54.9,4.0,10.5,roster,0,106.0,82.5,1.325,136.75,3.8737,0.825,0.381,3.2121,70.78,17.37,26.8,41.8,44.95
2025-04-16 18:00:00,18,37,37,2.0,6.0,25.0,4.0,0.0,1.0,5,5,19,2,21,2,55.9,527.0,293.0,1433.0,55.9,4.0,10.5,roster,0,117.0,92.5,1.5395,137.72,4.4308,0.925,0.4762,3.1622,79.36,18.23,26.8,33.32,35.825
2025-04-16 19:00:00,19,39,39,2.0,5.0,29.0,3.0,0.0,1.0,9,9,17,2,19,2,56.9,591.0,309.0,1918.0,56.9,4.0,10.5,roster,0,123.0,97.5,1.4643,151.55,5.7783,0.975,0.8571,3.1538,83.66,16.5,26.8,44.59,47.95
2025-04-16 20:00:00,20,41,41,2.0,6.0,30.0,3.0,0.0,1.0,9,9,16,2,18,2,57.9,627.5,298.0,1978.0,57.9,4.0,10.06,roster,0,130.0,102.5,1.4773,156.36,6.0866,1.025,0.8946,3.1707,87.94,15.63,26.8,45.99,49.45
2025-04-16 21:00:00,21,39,39,2.0,7.0,28.0,2.0,0.0,1.0,7,7,18,2,20,2,58.9,629.5,288.0,2038.0,58.9,4.0,10.06,roster,0,126.0,97.5,1.575,155.2,5.3981,0.975,0.6958,3.2308,83.66,17.37,26.8,47.38,50.95
2025-04-16 22:00:00,22,36,36,1.0,7.0,26.0,2.0,0.0,1.0,2,2,20,1,21,1,59.9,591.0,190.0,807.0,59.9,3.0,6.36,roster,0,115.0,90.0,2.0175,107.62,3.8795,0.9,0.3145,3.1944,77.22,18.23,13.4,18.76,20.175
2025-04-16 23:00:00,23,38,38,1.0,6.0,30.0,1.0,0.0,1.0,8,8,20,0,20,0,60.9,699.5,250.0,2158.0,60.9,3.0,6.36,roster,0,121.0,95.0,2.0167,129.05,7.0303,0.95,1.2579,3.1842,81.51,17.37,0.0,50.17,53.95
2025-04-17 00:00:00,0,35,35,1.0,5.0,26.0,3.0,0.0,1.0,6,5,20,0,20,0,61.9,624.5,284.0,2218.0,61.9,3.0,6.36,roster,0,109.0,87.5,1.8167,124.01,5.1733,0.875,0.7862,3.1143,75.08,17.37,0.0,51.57,55.45
2025-04-17 01:00:00,1,28,28,1.0,5.0,20.0,2.0,0.0,1.0,1,1,20,0,20,0,62.9,684.5,344.0,2278.0,62.9,3.0,6.36,roster,0,89.0,70.0,1.4833,110.39,2.7248,0.7,0.1572,3.1786,60.06,17.37,0.0,52.96,56.95
2025-04-17 02:00:00,2,29,29,1.0,5.0,22.0,1.0,0.0,1.0,3,2,20,0,20,0,63.9,744.5,404.0,2338.0,63.9,3.0,6.36,roster,0,93.0,72.5,1.55,113.93,3.3335,0.725,0.3145,3.2069,62.2,17.37,0.0,54.36,58.45
2025-04-17 03:00:00,3,31,31,1.0,5.0,24.0,1.0,0.0,1.0,3,3,20,0,20,0,64.9,804.5,464.0,2398.0,64.9,3.0,6.36,roster,0,99.0,77.5,1.65,119.61,3.9814,0.775,0.4717,3.1935,66.5,17.37,0.0,55.75,59.95
2025-04-17 04:00:00,4,32,32,1.0,5.0,25.0,1.0,0.0,1.0,4,2,21,0,21,0,65.9,778.0,519.0,1167.0,65.9,3.0,6.36,roster,0,102.0,80.0,1.7895,94.01,3.5524,0.8,0.3145,3.1875,68.64,18.23,0.0,27.13,29.175
2025-04-17 05:00:00,5,33,33,1.0,6.0,25.0,1.0,0.0,1.0,3,3,21,0,21,0,66.9,838.0,579.0,1227.0,66.9,3.0,6.36,roster,0,106.0,82.5,1.8596,97.55,4.1652,0.825,0.4717,3.2121,70.78,18.23,0.0,28.53,30.675
2025-04-17 06:00:00,6,32,32,1.0,6.0,24.0,1.0,0.0,1.0,2,2,22,0,22,0,67.9,863.0,625.0,1287.0,67.9,3.0,6.36,roster,0,103.0,80.0,1.9074,97.67,3.5872,0.8,0.3145,3.2188,68.64,19.1,0.0,29.92,32.175
2025-04-17 07:00:00,7,32,32,2.0,6.0,23.0,1.0,0.0,1.0,2,2,22,0,22,0,68.9,923.0,685.0,1347.0,68.9,3.0,6.36,roster,0,105.0,80.0,1.9444,99.06,3.6568,0.8,0.3145,3.2812,68.64,19.1,0.0,31.32,33.675
2025-04-17 08:00:00,8,33,33,2.0,7.0,22.0,2.0,0.0,1.0,5,5,21,0,21,0,69.9,1018.0,745.0,1407.0,69.9,3.0,6.59,roster,0,108.0,82.5,1.8947,101.73,5.1831,0.825,0.7587,3.2727,70.78,18.23,0.0,32.71,35.175
2025-04-17 09:00:00,9,45,45,2.0,7.0,27.0,9.0,0.0,1.0,12,12,22,0,22,0,70.9,1043.0,760.0,1467.0,70.9,3.0,6.59,roster,0,137.0,112.5,2.537,129.74,8.9688,1.125,1.8209,3.0444,96.52,19.1,0.0,34.11,36.675
2025-04-17 10:00:00,10,48,48,1.0,8.0,31.0,8.0,0.0,1.0,10,10,23,1,24,1,71.9,881.5,464.0,1491.0,71.9,4.0,9.93,roster,0,146.0,120.0,2.2812,151.87,6.7131,1.2,1.007,3.0417,102.96,20.84,13.4,34.67,37.275
2025-04-17 11:00:00,11,43,43,1.0,9.0,31.0,2.0,0.0,1.0,6,6,23,1,24,1,72.9,932.0,413.0,1551.0,72.9,4.0,9.93,roster,0,138.0,107.5,2.1562,142.54,5.3892,1.075,0.6042,3.2093,92.24,20.84,13.4,36.06,38.775
2025-04-17 12:00:00,12,37,37,1.0,6.0,29.0,1.0,0.0,1.0,4,4,19,2,21,2,73.9,917.0,205.0,1188.0,73.9,4.0,9.93,roster,0,118.0,92.5,1.5526,132.02,4.2347,0.925,0.4028,3.1892,79.36,18.23,26.8,27.62,29.7
2025-04-17 13:00:00,13,39,39,0.0,8.0,30.0,1.0,0.0,1.0,8,8,18,2,20,2,74.9,424.0,180.0,1248.0,74.9,4.0,9.93,roster,0,124.0,97.5,1.55,136.84,5.6615,0.975,0.8056,3.1795,83.66,17.37,26.8,29.02,31.2
2025-04-17 14:00:00,14,40,40,0.0,7.0,32.0,1.0,0.0,1.0,8,9,16,1,17,1,75.9,331.0,211.0,1060.0,75.9,4.0,9.93,roster,0,126.0,100.0,1.3696,118.61,6.005,1.0,0.9063,3.15,85.8,14.76,13.4,24.64,26.5
2025-04-17 15:00:00,15,36,36,0.0,6.0,29.0,1.0,0.0,1.0,6,5,17,1,18,1,76.9,388.0,211.0,1120.0,76.9,4.0,9.93,roster,0,113.0,90.0,1.2841,112.29,4.4055,0.9,0.5035,3.1389,77.22,15.63,13.4,26.04,28.0
2025-04-17 16:00:00,16,36,36,1.0,7.0,27.0,1.0,0.0,1.0,8,9,18,1,19,1,73.6,360.0,198.0,713.0,73.6,4.0,9.93,roster,0,116.0,90.0,1.381,103.7,5.8204,0.9,0.9063,3.2222,77.22,16.5,13.4,16.58,17.825
2025-04-17 17:00:00,17,44,44,1.0,8.0,34.0,1.0,0.0,1.0,11,10,20,2,22,2,74.6,361.0,150.0,555.0,74.6,4.0,9.93,roster,0,141.0,110.0,1.9583,133.19,6.7521,1.1,1.007,3.2045,94.38,19.1,26.8,12.9,13.875
2025-04-17 18:00:00,18,47,47,1.0,7.0,37.0,2.0,0.0,1.0,7,7,21,2,23,2,75.6,391.0,198.0,615.0,75.6,4.0,9.93,roster,0,148.0,117.5,2.1765,141.88,5.9198,1.175,0.7049,3.1489,100.82,19.97,26.8,14.3,15.375
2025-04-17 19:00:00,19,45,45,1.0,6.0,37.0,1.0,0.0,1.0,4,4,22,2,24,2,76.6,442.5,258.0,675.0,76.6,4.0,9.93,roster,0,142.0,112.5,2.2188,139.86,4.8211,1.125,0.4028,3.1556,96.52,20.84,26.8,15.69,16.875
2025-04-17 20:00:00,20,38,38,1.0,7.0,29.0,1.0,0.0,1.0,5,4,21,2,23,2,77.6,511.0,271.0,735.0,77.6,4.0,10.53,roster,0,122.0,95.0,1.7941,125.37,4.2696,0.95,0.3799,3.2105,81.51,19.97,26.8,17.09,18.375
2025-04-17 21:00:00,21,31,31,1.0,9.0,21.0,0.0,0.0,1.0,4,4,20,2,22,2,78.6,562.5,331.0,795.0,78.6,4.0,10.53,roster,0,104.0,77.5,1.4444,110.88,3.8744,0.775,0.3799,3.3548,66.5,19.1,26.8,18.48,19.875
2025-04-17 22:00:00,22,32,32,1.0,8.0,22.0,1.0,0.0,1.0,6,5,21,1,22,1,79.6,586.0,367.0,855.0,79.6,3.0,7.19,roster,0,105.0,80.0,1.9444,101.02,4.9068,0.8,0.6954,3.2812,68.64,19.1,13.4,19.88,21.375
2025-04-17 23:00:00,23,32,32,1.0,7.0,24.0,0.0,0.0,1.0,9,7,19,0,19,0,80.6,674.0,451.0,915.0,80.6,3.0,7.19,roster,0,105.0,80.0,1.6667,86.41,5.8195,0.8,0.9736,3.2812,68.64,16.5,0.0,21.27,22.875
2025-04-18 00:00:00,0,35,35,1.0,9.0,25.0,0.0,0.0,1.0,7,7,21,0,21,0,81.6,678.0,487.0,925.0,81.6,3.0,7.19,roster,0,116.0,87.5,2.0351,94.82,6.1267,0.875,0.9736,3.3143,75.08,18.23,0.0,21.51,23.125
2025-04-18 01:00:00,1,35,35,1.0,9.0,22.0,3.0,0.0,1.0,8,6,21,1,22,1,82.6,684.0,447.0,985.0,82.6,3.0,7.19,roster,0,113.0,87.5,2.0926,110.48,5.5192,0.875,0.8345,3.2286,75.08,19.1,13.4,22.9,24.625
2025-04-18 02:00:00,2,27,27,1.0,9.0,16.0,1.0,0.0,1.0,1,1,21,1,22,1,83.6,744.0,507.0,1045.0,83.6,3.0,7.19,roster,0,91.0,67.5,1.6852,94.71,2.7438,0.675,0.1391,3.3704,57.92,19.1,13.4,24.3,26.125
2025-04-18 03:00:00,3,27,27,1.0,8.0,17.0,1.0,0.0,1.0,2,2,21,0,21,0,84.6,858.0,667.0,1105.0,84.6,3.0,7.19,roster,0,90.0,67.5,1.5789,81.84,3.1772,0.675,0.2782,3.3333,57.92,18.23,0.0,25.69,27.625
2025-04-18 04:00:00,4,26,26,1.0,8.0,17.0,0.0,0.0,1.0,1,1,21,0,21,0,85.6,918.0,727.0,1165.0,85.6,3.0,7.19,roster,0,88.0,65.0,1.5439,81.09,2.6707,0.65,0.1391,3.3846,55.77,18.23,0.0,27.09,29.125
2025-04-18 05:00:00,5,28,28,1.0,8.0,19.0,0.0,0.0,1.0,2,2,21,0,21,0,86.6,978.0,787.0,1225.0,86.6,3.0,7.19,roster,0,94.0,70.0,1.6491,86.78,3.2838,0.7,0.2782,3.3571,60.06,18.23,0.0,28.48,30.625
2025-04-18 06:00:00,6,27,27,1.0,8.0,18.0,0.0,0.0,1.0,0,0,21,0,21,0,87.6,1038.0,847.0,1285.0,87.6,3.0,7.19,roster,0,91.0,67.5,1.5965,86.03,2.275,0.675,0.0,3.3704,57.92,18.23,0.0,29.88,32.125
2025-04-18 07:00:00,7,28,28,1.0,7.0,19.0,1.0,0.0,1.0,3,3,21,0,21,0,88.6,1098.0,907.0,1345.0,88.6,3.0,7.19,roster,0,92.0,70.0,1.614,89.57,3.671,0.7,0.4172,3.2857,60.06,18.23,0.0,31.27,33.625
2025-04-18 08:00:00,8,32,32,2.0,9.0,19.0,2.0,0.0,1.0,4,5,21,0,21,0,89.6,1158.0,967.0,1405.0,89.6,3.0,6.3,roster,0,107.0,80.0,1.8772,99.54,5.3288,0.8,0.7937,3.3438,68.64,18.23,0.0,32.67,35.125
2025-04-18 09:00:00,9,31,31,2.0,9.0,18.0,2.0,0.0,1.0,4,5,21,1,22,1,90.6,1104.0,831.0,1380.0,90.6,3.0,6.3,roster,0,104.0,77.5,1.9259,111.08,5.2626,0.775,0.7937,3.3548,66.5,19.1,13.4,32.08,34.5
2025-04-18 10:00:00,10,36,36,3.0,12.0,20.0,1.0,0.0,1.0,13,13,16,1,17,1,91.6,1111.0,817.0,1411.0,91.6,4.0,10.0,roster,0,125.0,90.0,1.3587,118.19,7.6389,0.9,1.3,3.4722,77.22,14.76,13.4,32.81,35.275
2025-04-18 11:00:00,11,36,36,3.0,13.0,20.0,0.0,0.0,1.0,8,8,14,4,18,4,92.6,822.5,110.0,1411.0,92.6,4.0,10.0,roster,0,127.0,90.0,1.4432,159.26,5.9972,0.9,0.8,3.5278,77.22,15.63,53.6,32.81,35.275
2025-04-18 12:00:00,12,36,36,2.0,14.0,18.0,2.0,0.0,1.0,9,9,15,4,19,4,93.6,170.0,108.0,1011.0,93.6,4.0,10.0,roster,0,124.0,90.0,1.4762,150.82,6.2,0.9,0.9,3.4444,77.22,16.5,53.6,23.51,25.275
2025-04-18 13:00:00,13,40,40,2.0,12.0,22.0,4.0,0.0,1.0,11,10,15,4,19,4,94.6,197.0,147.0,888.0,94.6,4.0,10.0,roster,0,132.0,100.0,1.5714,156.54,6.6,1.0,1.0,3.3,85.8,16.5,53.6,20.65,22.2
2025-04-18 14:00:00,14,32,32,1.0,9.0,20.0,2.0,0.0,1.0,5,4,13,3,16,3,29.35,237.0,202.0,381.0,20.45,4.0,10.0,roster,0,105.0,80.0,1.0938,111.59,3.9375,0.8,0.4,3.2812,68.64,13.89,40.2,8.86,9.525
2025-04-18 15:00:00,15,29,29,0.0,6.0,22.0,1.0,0.0,1.0,8,7,11,1,12,1,30.35,264.5,234.0,332.0,21.45,4.0,10.0,roster,0,92.0,72.5,0.8214,73.74,4.5207,0.725,0.7,3.1724,62.2,10.42,13.4,7.72,8.3
2025-04-18 16:00:00,16,26,26,1.0,5.0,18.0,2.0,0.0,1.0,6,6,9,1,10,1,31.35,324.5,214.0,392.0,22.45,4.0,10.0,roster,0,83.0,65.0,0.6917,66.97,3.9904,0.65,0.6,3.1923,55.77,8.68,13.4,9.11,9.8
2025-04-18 17:00:00,17,29,29,1.0,6.0,20.0,2.0,0.0,1.0,6,6,9,2,11,2,32.35,342.0,128.0,437.0,23.45,4.0,10.0,roster,0,93.0,72.5,0.8017,88.72,4.2491,0.725,0.6,3.2069,62.2,9.55,26.8,10.16,10.925
2025-04-18 18:00:00,18,26,26,2.0,6.0,16.0,2.0,0.0,1.0,2,2,10,2,12,2,33.35,368.0,188.0,497.0,24.45,4.0,10.0,roster,0,86.0,65.0,0.7679,84.54,2.8115,0.65,0.2,3.3077,55.77,10.42,26.8,11.56,12.425
2025-04-18 19:00:00,19,31,31,2.0,7.0,21.0,1.0,0.0,1.0,9,9,11,2,13,2,34.35,394.0,228.0,507.0,25.45,4.0,10.0,roster,0,103.0,77.5,0.9537,96.37,5.5653,0.775,0.9,3.3226,66.5,11.29,26.8,11.79,12.675
2025-04-18 20:00:00,20,33,33,2.0,6.0,24.0,1.0,0.0,1.0,9,9,9,2,11,2,35.35,308.0,222.0,562.0,10.283,4.0,11.03,roster,0,108.0,82.5,0.931,100.2,5.3704,0.825,0.816,3.2727,70.78,9.55,26.8,13.07,14.05
2025-04-18 21:00:00,21,23,23,1.0,4.0,18.0,0.0,0.0,1.0,7,8,8,1,9,1,11.283,348.0,194.0,429.0,11.283,4.0,11.03,roster,0,75.0,57.5,0.6048,60.52,4.2401,0.575,0.7253,3.2609,49.33,7.81,13.4,9.97,10.725
2025-04-18 22:00:00,22,18,18,1.0,5.0,12.0,0.0,0.0,1.0,6,6,8,1,9,1,11.45,162.0,94.0,342.0,11.45,3.0,7.33,roster,0,61.0,45.0,0.6559,47.78,4.299,0.45,0.8186,3.3889,38.61,7.81,13.4,7.95,8.55
2025-04-18 23:00:00,23,14,14,1.0,3.0,10.0,0.0,0.0,1.0,6,5,9,0,9,0,12.45,222.0,154.0,402.0,12.45,3.0,7.33,roster,0,47.0,35.0,0.5054,27.19,3.465,0.35,0.6821,3.3571,30.03,7.81,0.0,9.35,10.05
2025-04-19 00:00:00,0,15,15,1.0,3.0,11.0,0.0,0.0,1.0,6,5,9,0,9,0,13.45,282.0,214.0,462.0,13.45,3.0,7.33,roster,0,50.0,37.5,0.5376,30.73,3.5238,0.375,0.6821,3.3333,32.17,7.81,0.0,10.74,11.55
2025-04-19 01:00:00,1,16,16,1.0,3.0,11.0,1.0,0.0,1.0,4,4,9,0,9,0,14.45,342.0,274.0,522.0,14.45,3.0,7.33,roster,0,52.0,40.0,0.5591,34.27,3.0735,0.4,0.5457,3.25,34.32,7.81,0.0,12.14,13.05
2025-04-19 02:00:00,2,19,19,2.0,6.0,9.0,2.0,0.0,1.0,8,7,9,0,9,0,15.45,402.0,334.0,582.0,15.45,3.0,7.33,roster,0,65.0,47.5,0.6989,42.1,4.892,0.475,0.955,3.4211,40.75,7.81,0.0,13.53,14.55
2025-04-19 03:00:00,3,21,21,2.0,5.0,12.0,2.0,0.0,1.0,6,5,11,0,11,0,16.45,397.0,325.0,642.0,16.45,3.0,7.33,roster,0,70.0,52.5,0.8046,49.52,4.0238,0.525,0.6821,3.3333,45.04,9.55,0.0,14.93,16.05
2025-04-19 04:00:00,4,22,22,2.0,6.0,12.0,2.0,0.0,1.0,4,4,12,0,12,0,17.45,455.5,385.0,702.0,17.45,3.0,7.33,roster,0,74.0,55.0,0.881,53.93,3.6855,0.55,0.5457,3.3636,47.19,10.42,0.0,16.32,17.55
2025-04-19 05:00:00,5,21,21,2.0,6.0,11.0,2.0,0.0,1.0,1,1,12,0,12,0,18.45,515.5,445.0,762.0,18.45,3.0,7.33,roster,0,71.0,52.5,0.8452,53.18,2.2362,0.525,0.1364,3.381,45.04,10.42,0.0,17.72,19.05
2025-04-19 06:00:00,6,19,19,2.0,7.0,9.0,1.0,0.0,1.0,4,3,11,0,11,0,19.45,574.0,299.0,822.0,19.45,3.0,7.33,roster,0,67.0,47.5,0.7701,49.42,3.1182,0.475,0.4093,3.5263,40.75,9.55,0.0,19.11,20.55
2025-04-19 07:00:00,7,20,20,2.0,6.0,11.0,1.0,0.0,1.0,3,2,11,0,11,0,20.45,634.0,359.0,882.0,20.45,3.0,7.33,roster,0,69.0,50.0,0.7931,52.96,2.6663,0.5,0.2729,3.45,42.9,9.55,0.0,20.51,22.05
2025-04-19 08:00:00,8,21,21,2.0,5.0,13.0,1.0,0.0,1.0,4,3,11,0,11,0,21.45,694.0,419.0,942.0,21.45,3.0,6.38,roster,0,71.0,52.5,0.8161,56.5,3.3648,0.525,0.4702,3.381,45.04,9.55,0.0,21.9,23.55
2025-04-19 09:00:00,9,26,26,2.0,5.0,18.0,1.0,0.0,1.0,8,8,12,0,12,0,22.45,752.5,479.0,1002.0,22.45,3.0,6.38,roster,0,86.0,65.0,1.0238,69.49,6.2976,0.65,1.2539,3.3077,55.77,10.42,0.0,23.3,25.05
2025-04-19 10:00:00,10,26,26,2.0,5.0,18.0,1.0,0.0,1.0,8,8,11,0,11,0,23.45,814.0,539.0,1062.0,23.45,4.0,9.63,roster,0,86.0,65.0,0.7414,70.01,4.8978,0.65,0.8307,3.3077,55.77,9.55,0.0,24.69,26.55
2025-04-19 11:00:00,11,27,27,0.0,5.0,20.0,2.0,0.0,1.0,11,12,10,0,10,0,19.8,312.5,70.0,874.0,19.8,4.0,9.63,roster,0,84.0,67.5,0.7,66.92,5.9768,0.675,1.2461,3.1111,57.92,8.68,0.0,20.32,21.85
2025-04-19 12:00:00,12,35,35,0.0,8.0,26.0,1.0,0.0,1.0,13,13,12,0,12,0,20.8,138.0,120.0,934.0,20.8,4.0,9.63,roster,0,112.0,87.5,1.0,87.21,7.1198,0.875,1.3499,3.2,75.08,10.42,0.0,21.72,23.35
2025-04-19 13:00:00,13,32,32,0.0,6.0,24.0,2.0,0.0,1.0,6,6,16,0,16,0,21.8,181.5,92.0,633.0,21.8,4.0,9.63,roster,0,100.0,80.0,1.0417,77.25,4.447,0.8,0.6231,3.125,68.64,13.89,0.0,14.72,15.825
2025-04-19 14:00:00,14,35,35,0.0,5.0,26.0,3.0,1.0,1.0,11,11,13,0,13,0,21.7,152.0,136.0,266.0,21.7,4.0,9.63,roster,0,105.0,87.5,0.9722,72.55,6.0518,0.875,1.1423,3.0,75.08,11.29,0.0,6.18,6.65
2025-04-19 15:00:00,15,37,37,0.0,5.0,27.0,5.0,0.0,1.0,9,9,13,0,13,0,22.7,208.0,172.0,326.0,22.7,4.0,9.63,roster,0,111.0,92.5,1.0278,78.23,5.5787,0.925,0.9346,3.0,79.36,11.29,0.0,7.58,8.15
2025-04-19 16:00:00,16,29,29,0.0,4.0,23.0,2.0,0.0,1.0,6,5,12,0,12,0,23.7,244.0,135.0,813.0,23.7,4.0,9.63,roster,0,89.0,72.5,0.7946,71.53,3.8184,0.725,0.5192,3.069,62.2,10.42,0.0,18.9,20.325
2025-04-19 17:00:00,17,33,33,0.0,4.0,27.0,2.0,0.0,1.0,9,8,13,0,13,0,24.7,292.0,166.0,446.0,24.7,4.0,9.63,roster,0,101.0,82.5,0.9352,72.44,5.0676,0.825,0.8307,3.0606,70.78,11.29,0.0,10.37,11.15
2025-04-19 18:00:00,18,34,34,0.0,4.0,27.0,3.0,0.0,1.0,9,9,12,0,12,0,25.7,345.0,213.0,933.0,25.7,4.0,9.63,roster,0,103.0,85.0,0.9196,85.04,5.4062,0.85,0.9346,3.0294,72.93,10.42,0.0,21.69,23.325
2025-04-19 19:00:00,19,29,29,0.0,3.0,25.0,1.0,0.0,1.0,5,5,14,0,14,0,26.7,356.5,124.0,566.0,26.7,4.0,9.63,roster,0,89.0,72.5,0.8558,67.52,3.8184,0.725,0.5192,3.069,62.2,12.16,0.0,13.16,14.15
2025-04-19 20:00:00,20,33,33,0.0,3.0,27.0,3.0,0.0,1.0,12,11,11,0,11,0,27.7,375.0,168.0,1053.0,27.7,4.0,10.03,roster,0,99.0,82.5,0.8534,84.82,5.7651,0.825,1.0967,3.0,70.78,9.55,0.0,24.48,26.325
2025-04-19 21:00:00,21,37,37,1.0,4.0,29.0,3.0,0.0,1.0,11,11,12,0,12,0,28.7,339.5,174.0,1113.0,28.7,4.0,10.03,roster,0,114.0,92.5,1.0179,95.66,6.2291,0.925,1.0967,3.0811,79.36,10.42,0.0,25.88,27.825
2025-04-19 22:00:00,22,35,35,0.0,6.0,28.0,1.0,0.0,1.0,11,10,14,0,14,0,29.7,296.0,127.0,746.0,29.7,3.0,6.78,roster,0,110.0,87.5,1.4103,84.58,7.3855,0.875,1.4749,3.1429,75.08,12.16,0.0,17.34,18.65
2025-04-19 23:00:00,23,34,34,0.0,5.0,28.0,1.0,0.0,1.0,9,6,17,0,17,0,30.7,294.0,152.0,676.0,30.7,3.0,6.78,roster,0,106.0,85.0,1.5362,83.41,5.409,0.85,0.885,3.1176,72.93,14.76,0.0,15.72,16.9
2025-04-20 00:00:00,0,32,32,0.0,5.0,25.0,2.0,0.0,1.0,5,5,17,0,17,0,31.7,354.0,212.0,736.0,31.7,3.0,6.78,roster,0,99.0,80.0,1.4348,80.51,4.7565,0.8,0.7375,3.0938,68.64,14.76,0.0,17.11,18.4
2025-04-20 01:00:00,1,28,28,0.0,5.0,22.0,1.0,0.0,1.0,2,2,17,0,17,0,32.7,414.0,272.0,796.0,32.7,3.0,6.78,roster,0,88.0,70.0,1.2754,73.33,3.1271,0.7,0.295,3.1429,60.06,14.76,0.0,18.51,19.9
2025-04-20 02:00:00,2,30,30,0.0,6.0,23.0,1.0,0.0,1.0,3,3,17,0,17,0,33.7,474.0,332.0,856.0,33.7,3.0,6.78,roster,0,95.0,75.0,1.3768,79.01,3.7762,0.75,0.4425,3.1667,64.35,14.76,0.0,19.9,21.4
2025-04-20 03:00:00,3,30,30,0.0,6.0,23.0,1.0,0.0,1.0,3,2,17,0,17,0,34.7,534.0,392.0,916.0,34.7,3.0,6.78,roster,0,95.0,75.0,1.3768,80.41,3.3091,0.75,0.295,3.1667,64.35,14.76,0.0,21.3,22.9
2025-04-20 04:00:00,4,32,32,0.0,6.0,25.0,1.0,0.0,1.0,7,5,17,0,17,0,35.7,594.0,452.0,976.0,35.7,3.0,6.78,roster,0,101.0,80.0,1.4638,86.09,4.8526,0.8,0.7375,3.1562,68.64,14.76,0.0,22.69,24.4
2025-04-20 05:00:00,5,36,36,0.0,6.0,29.0,1.0,0.0,1.0,6,5,18,1,19,1,36.7,563.0,474.0,1036.0,36.7,3.0,6.78,roster,0,113.0,90.0,1.7937,111.2,5.1398,0.9,0.7375,3.1389,77.22,16.5,13.4,24.09,25.9
2025-04-20 06:00:00,6,32,32,0.0,6.0,25.0,1.0,0.0,1.0,3,3,18,0,18,0,37.7,668.5,552.0,1096.0,37.7,3.0,6.78,roster,0,101.0,80.0,1.5303,89.75,3.9216,0.8,0.4425,3.1562,68.64,15.63,0.0,25.48,27.4
2025-04-20 07:00:00,7,34,34,0.0,6.0,27.0,1.0,0.0,1.0,5,5,18,0,18,0,38.7,728.5,612.0,1156.0,38.7,3.0,6.78,roster,0,107.0,85.0,1.6212,95.44,4.9958,0.85,0.7375,3.1471,72.93,15.63,0.0,26.88,28.9
2025-04-20 08:00:00,8,33,33,1.0,6.0,25.0,1.0,0.0,1.0,5,5,17,0,17,0,39.7,834.0,692.0,1216.0,39.7,3.0,7.76,roster,0,106.0,82.5,1.5362,93.82,4.7197,0.825,0.6443,3.2121,70.78,14.76,0.0,28.27,30.4
2025-04-20 09:00:00,9,34,34,1.0,7.0,22.0,4.0,0.0,1.0,6,4,19,0,19,0,40.7,803.0,714.0,1276.0,40.7,3.0,7.76,roster,0,107.0,85.0,1.6984,99.09,4.2972,0.85,0.5155,3.1471,72.93,16.5,0.0,29.67,31.9
2025-04-20 10:00:00,10,38,38,3.0,6.0,26.0,3.0,0.0,1.0,10,9,20,0,20,0,41.7,855.0,774.0,1336.0,41.7,4.0,11.01,roster,0,123.0,95.0,1.5375,109.94,5.7209,0.95,0.8174,3.2368,81.51,17.37,0.0,31.06,33.4
2025-04-20 11:00:00,11,45,45,5.0,6.0,28.0,5.0,1.0,1.0,11,11,21,1,22,1,42.7,862.0,182.0,1275.0,42.7,4.0,11.01,roster,0,144.0,112.5,2.0,138.67,6.7971,1.125,0.9991,3.2,96.52,19.1,13.4,29.64,31.875
2025-04-20 12:00:00,12,49,49,3.0,7.0,29.0,10.0,0.0,1.0,15,14,23,1,24,1,43.7,903.0,179.0,1335.0,43.7,4.0,11.01,roster,0,150.0,122.5,2.3438,150.38,7.6426,1.225,1.2716,3.0612,105.1,20.84,13.4,31.04,33.375
2025-04-20 13:00:00,13,55,55,3.0,7.0,34.0,11.0,0.0,1.0,11,10,24,1,25,1,44.7,939.0,220.0,1134.0,44.7,4.0,11.01,roster,0,167.0,137.5,2.7833,159.45,6.9328,1.375,0.9083,3.0364,117.98,21.71,13.4,26.37,28.35
2025-04-20 14:00:00,14,57,57,3.0,6.0,40.0,8.0,0.0,1.0,13,13,26,1,27,1,45.7,299.0,169.0,1103.0,45.7,4.0,11.01,roster,0,175.0,142.5,3.3654,164.75,8.0001,1.425,1.1807,3.0702,122.26,23.44,13.4,25.64,27.575
2025-04-20 15:00:00,15,62,62,3.0,8.0,42.0,9.0,0.0,1.0,12,12,27,1,28,1,46.7,355.0,210.0,1163.0,46.7,4.0,11.01,roster,0,191.0,155.0,3.9792,177.74,8.1327,1.55,1.0899,3.0806,132.99,24.31,13.4,27.04,29.075
2025-04-20 16:00:00,16,55,55,2.0,8.0,36.0,9.0,0.0,1.0,8,7,28,0,28,0,43.567,397.5,228.0,1207.0,43.567,4.0,11.01,roster,0,168.0,137.5,3.5,150.35,6.142,1.375,0.6358,3.0545,117.98,24.31,0.0,28.06,30.175
2025-04-20 17:00:00,17,56,56,2.0,8.0,33.0,13.0,0.0,1.0,8,8,28,0,28,0,44.567,457.5,288.0,1267.0,44.567,4.0,11.01,roster,0,167.0,140.0,3.4792,153.89,6.3419,1.4,0.7266,2.9821,120.12,24.31,0.0,29.46,31.675
2025-04-20 18:00:00,18,55,55,2.0,9.0,35.0,9.0,0.0,1.0,9,8,30,0,30,0,45.567,486.0,320.0,1292.0,45.567,4.0,11.01,roster,0,169.0,137.5,4.225,154.06,6.4577,1.375,0.7266,3.0727,117.98,26.05,0.0,30.04,32.3
2025-04-20 19:00:00,19,56,56,2.0,9.0,37.0,8.0,0.0,1.0,4,4,33,0,33,0,46.567,495.0,344.0,1332.0,46.567,4.0,11.01,roster,0,173.0,140.0,6.1786,159.74,5.4474,1.4,0.3633,3.0893,120.12,28.65,0.0,30.97,33.3
2025-04-20 20:00:00,20,53,53,2.0,8.0,37.0,6.0,0.0,1.0,3,3,35,0,35,0,47.567,529.0,345.0,1392.0,47.567,4.0,9.63,roster,0,165.0,132.5,8.25,156.44,5.0948,1.325,0.3115,3.1132,113.68,30.39,0.0,32.36,34.8
2025-04-20 21:00:00,21,59,59,3.0,9.0,41.0,6.0,0.0,1.0,10,10,34,0,34,0,48.567,602.0,430.0,1452.0,48.567,4.0,9.63,roster,0,186.0,147.5,7.75,169.84,7.9237,1.475,1.0384,3.1525,126.56,29.52,0.0,33.76,36.3
2025-04-20 22:00:00,22,59,59,3.0,9.0,42.0,5.0,0.0,1.0,11,10,34,1,35,1,49.567,630.0,437.0,1512.0,49.567,3.0,6.38,roster,0,187.0,147.5,12.4667,185.5,9.6429,1.475,1.5674,3.1695,126.56,30.39,13.4,35.15,37.8
2025-04-20 23:00:00,23,57,57,2.0,10.0,40.0,4.0,1.0,1.0,7,7,32,0,32,0,50.567,722.0,550.0,1592.0,50.567,3.0,6.38,roster,0,179.0,142.5,7.4583,167.06,7.9205,1.425,1.0972,3.1404,122.26,27.79,0.0,37.01,39.8
2025-04-21 00:00:00,0,61,61,3.0,10.0,43.0,4.0,1.0,1.0,11,10,34,1,35,1,51.567,750.0,434.0,1632.0,51.567,3.0,6.38,roster,0,193.0,152.5,12.8667,192.58,9.7841,1.525,1.5674,3.1639,130.84,30.39,13.4,37.94,40.8
2025-04-21 01:00:00,1,55,55,3.0,11.0,35.0,6.0,0.0,1.0,6,6,35,1,36,1,52.567,789.0,494.0,1692.0,52.567,3.0,6.38,roster,0,176.0,137.5,14.6667,181.97,7.4094,1.375,0.9404,3.2,117.98,31.26,13.4,39.34,42.3
2025-04-21 02:00:00,2,47,47,3.0,10.0,30.0,4.0,0.0,1.0,2,2,36,0,36,0,53.567,849.0,554.0,1752.0,53.567,3.0,6.38,roster,0,153.0,117.5,12.75,152.81,4.8455,1.175,0.3135,3.2553,100.82,31.26,0.0,40.73,43.8
2025-04-21 03:00:00,3,44,44,3.0,10.0,29.0,2.0,0.0,1.0,1,1,36,0,36,0,54.567,909.0,614.0,1812.0,54.567,3.0,6.38,roster,0,146.0,110.0,12.1667,147.77,4.1701,1.1,0.1567,3.3182,94.38,31.26,0.0,42.13,45.3
2025-04-21 04:00:00,4,46,46,3.0,10.0,31.0,2.0,0.0,1.0,3,3,36,0,36,0,55.567,969.0,674.0,1872.0,55.567,3.0,6.38,roster,0,152.0,115.0,12.6667,153.45,5.3538,1.15,0.4702,3.3043,98.67,31.26,0.0,43.52,46.8
2025-04-21 05:00:00,5,45,45,3.0,10.0,30.0,2.0,0.0,1.0,3,2,36,0,36,0,56.567,1029.0,734.0,1932.0,56.567,3.0,6.38,roster,0,149.0,112.5,12.4167,152.7,4.763,1.125,0.3135,3.3111,96.52,31.26,0.0,44.92,48.3
2025-04-21 06:00:00,6,45,45,3.0,9.0,31.0,2.0,0.0,1.0,2,2,36,0,36,0,57.567,1089.0,794.0,1992.0,57.567,3.0,6.38,roster,0,148.0,112.5,12.3333,154.1,4.731,1.125,0.3135,3.2889,96.52,31.26,0.0,46.31,49.8
2025-04-21 07:00:00,7,48,48,3.0,9.0,34.0,2.0,0.0,1.0,4,4,36,0,36,0,58.567,1149.0,854.0,2052.0,58.567,3.0,6.38,roster,0,157.0,120.0,13.0833,161.93,5.9757,1.2,0.627,3.2708,102.96,31.26,0.0,47.71,51.3
2025-04-21 08:00:00,8,44,44,3.0,8.0,31.0,2.0,0.0,1.0,3,2,37,0,37,0,59.567,1188.0,904.0,1687.0,59.567,3.0,7.68,roster,0,144.0,110.0,16.0,145.73,4.4523,1.1,0.2604,3.2727,94.38,32.13,0.0,39.22,42.175
2025-04-21 09:00:00,9,50,50,4.0,10.0,34.0,2.0,0.0,1.0,7,7,36,0,36,0,60.567,1238.5,964.0,1747.0,60.567,3.0,7.68,roster,0,166.0,125.0,13.8333,159.13,7.176,1.25,0.9115,3.32,107.25,31.26,0.0,40.62,43.675
2025-04-21 10:00:00,10,57,57,4.0,13.0,38.0,2.0,0.0,1.0,9,9,36,1,37,1,61.567,1289.0,1010.0,1562.0,61.567,4.0,11.0,roster,0,190.0,142.5,15.8333,184.11,7.4773,1.425,0.8182,3.3333,122.26,32.13,13.4,36.32,39.05
2025-04-21 11:00:00,11,58,58,4.0,13.0,38.0,3.0,0.0,1.0,13,13,34,1,35,1,62.567,1340.0,972.0,1867.0,62.567,4.0,11.0,roster,0,192.0,145.0,9.6,191.61,8.7122,1.45,1.1818,3.3103,124.41,30.39,13.4,43.41,46.675
2025-04-21 12:00:00,12,62,62,4.0,15.0,39.0,4.0,0.0,1.0,7,7,36,2,38,2,63.567,1317.5,801.0,1611.0,63.567,4.0,11.0,roster,0,205.0,155.0,25.625,210.24,7.2291,1.55,0.6364,3.3065,132.99,33.0,26.8,37.46,40.275
2025-04-21 13:00:00,13,71,71,5.0,14.0,48.0,4.0,0.0,1.0,13,12,37,2,39,2,64.567,1337.0,737.0,1597.0,64.567,4.0,11.0,roster,0,233.0,177.5,58.25,230.09,9.405,1.775,1.0909,3.2817,152.29,33.86,26.8,37.13,39.925
2025-04-21 14:00:00,14,75,75,5.0,15.0,51.0,4.0,0.0,1.0,12,12,38,3,41,3,65.567,1264.0,240.0,1609.0,65.567,4.0,11.0,roster,0,246.0,187.5,61.5,254.08,9.7282,1.875,1.0909,3.28,160.88,35.6,40.2,37.41,40.225
2025-04-21 15:00:00,15,66,66,4.0,14.0,45.0,3.0,0.0,1.0,6,6,40,2,42,2,66.567,1261.0,289.0,1650.0,66.567,4.0,11.0,roster,0,217.0,165.0,54.25,223.2,7.2184,1.65,0.5455,3.2879,141.57,36.47,26.8,38.36,41.25
2025-04-21 16:00:00,16,73,73,5.0,17.0,48.0,3.0,0.0,1.0,13,13,41,2,43,2,44.117,1261.0,331.0,1649.0,44.117,4.0,11.0,roster,0,243.0,182.5,60.75,239.06,10.009,1.825,1.1818,3.3288,156.58,37.34,26.8,38.34,41.225
2025-04-21 17:00:00,17,80,80,5.0,19.0,54.0,2.0,0.0,1.0,11,11,45,2,47,2,45.117,1113.0,290.0,1700.0,45.117,4.0,11.0,roster,0,267.0,200.0,66.75,258.74,10.0125,2.0,1.0,3.3375,171.6,40.81,26.8,39.52,42.5
2025-04-21 18:00:00,18,75,75,5.0,19.0,49.0,2.0,0.0,1.0,7,7,50,2,52,2,46.117,811.0,249.0,1724.0,46.117,4.0,11.0,roster,0,252.0,187.5,63.0,252.91,8.4382,1.875,0.6364,3.36,160.88,45.15,26.8,40.08,43.1
2025-04-21 19:00:00,19,72,72,4.0,17.0,49.0,2.0,0.0,1.0,6,6,46,2,48,2,47.117,592.5,244.0,1725.0,47.117,4.0,11.0,roster,0,239.0,180.0,59.75,243.02,7.7856,1.8,0.5455,3.3194,154.44,41.68,26.8,40.11,43.125
2025-04-21 20:00:00,20,78,78,4.0,19.0,52.0,3.0,0.0,1.0,16,16,43,2,45,2,48.117,600.0,270.0,1634.0,48.117,4.0,10.75,roster,0,258.0,195.0,64.5,251.17,11.3731,1.95,1.4884,3.3077,167.31,39.07,26.8,37.99,40.85
2025-04-21 21:00:00,21,76,76,3.0,19.0,51.0,3.0,0.0,1.0,13,13,41,1,42,1,49.117,938.5,330.0,1817.0,49.117,4.0,10.75,roster,0,250.0,190.0,62.5,235.13,10.228,1.9,1.2093,3.2895,163.02,36.47,13.4,42.25,45.425
2025-04-21 22:00:00,22,72,72,4.0,17.0,48.0,3.0,0.0,1.0,10,8,42,2,44,2,50.117,712.0,324.0,1754.0,50.117,3.0,7.43,roster,0,238.0,180.0,79.3333,240.23,9.5091,1.8,1.0767,3.3056,154.44,38.21,26.8,40.78,43.85
2025-04-21 23:00:00,23,65,65,4.0,15.0,44.0,2.0,0.0,1.0,9,6,41,2,43,2,51.117,769.0,368.0,1804.0,51.117,3.0,7.43,roster,0,216.0,162.5,72.0,225.51,8.0835,1.625,0.8075,3.3231,139.42,37.34,26.8,41.94,45.1
2025-04-22 00:00:00,0,64,64,3.0,17.0,42.0,2.0,0.0,1.0,8,8,41,1,42,1,52.117,832.0,444.0,1864.0,52.117,3.0,7.43,roster,0,213.0,160.0,71.0,210.49,8.9084,1.6,1.0767,3.3281,137.28,36.47,13.4,43.34,46.6
2025-04-22 01:00:00,1,63,63,3.0,15.0,41.0,4.0,0.0,1.0,6,6,42,2,44,2,53.117,884.0,488.0,1924.0,53.117,3.0,7.43,roster,0,206.0,157.5,68.6667,224.87,7.7905,1.575,0.8075,3.2698,135.14,38.21,26.8,44.73,48.1
2025-04-22 02:00:00,2,63,63,3.0,16.0,40.0,4.0,0.0,1.0,6,6,44,1,45,1,54.117,939.0,541.0,1970.0,54.117,3.0,7.43,roster,0,207.0,157.5,69.0,213.41,7.8283,1.575,0.8075,3.2857,135.14,39.07,13.4,45.8,49.25
2025-04-22 03:00:00,3,60,60,3.0,14.0,38.0,5.0,0.0,1.0,2,2,44,1,45,1,55.117,999.0,601.0,2030.0,55.117,3.0,7.43,roster,0,195.0,150.0,65.0,208.37,5.7498,1.5,0.2692,3.25,128.7,39.07,13.4,47.2,50.75
2025-04-22 04:00:00,4,63,63,3.0,13.0,41.0,6.0,0.0,1.0,7,6,43,1,44,1,56.117,1064.0,661.0,2104.0,56.117,3.0,7.43,roster,0,202.0,157.5,67.3333,215.66,7.6392,1.575,0.8075,3.2063,135.14,38.21,13.4,48.92,52.6
2025-04-22 05:00:00,5,60,60,3.0,13.0,36.0,8.0,0.0,1.0,4,3,44,1,45,1,57.117,1119.0,689.0,2150.0,57.117,3.0,7.43,roster,0,191.0,150.0,63.6667,211.16,6.0603,1.5,0.4038,3.1833,128.7,39.07,13.4,49.99,53.75
2025-04-22 06:00:00,6,58,58,3.0,14.0,36.0,5.0,0.0,1.0,3,3,43,1,44,1,58.117,1184.0,749.0,2224.0,58.117,3.0,7.43,roster,0,189.0,145.0,63.0,207.72,6.0407,1.45,0.4038,3.2586,124.41,38.21,13.4,51.71,55.6
2025-04-22 07:00:00,7,56,56,3.0,14.0,36.0,3.0,0.0,1.0,2,2,43,1,44,1,59.117,1244.0,809.0,2284.0,59.117,3.0,7.43,roster,0,185.0,140.0,61.6667,204.83,5.5143,1.4,0.2692,3.3036,120.12,38.21,13.4,53.1,57.1
2025-04-22 08:00:00,8,60,60,3.0,14.0,40.0,3.0,0.0,1.0,8,8,44,1,45,1,60.117,1299.0,861.0,2330.0,60.117,3.0,7.01,roster,0,197.0,150.0,65.6667,215.35,8.672,1.5,1.1412,3.2833,128.7,39.07,13.4,54.17,58.25
2025-04-22 09:00:00,9,58,58,3.0,14.0,40.0,1.0,0.0,1.0,5,4,42,1,43,1,61.117,1336.0,853.0,2292.0,61.117,3.0,7.01,roster,0,193.0,145.0,64.3333,208.44,6.7238,1.45,0.5706,3.3276,124.41,37.34,13.4,53.29,57.3
2025-04-22 10:00:00,10,64,64,4.0,14.0,43.0,3.0,0.0,1.0,9,9,43,1,44,1,62.117,1302.5,913.0,2352.0,62.117,4.0,10.33,roster,0,211.0,160.0,52.75,223.57,8.1474,1.6,0.8712,3.2969,137.28,38.21,13.4,54.68,58.8
2025-04-22 11:00:00,11,64,64,4.0,15.0,38.0,7.0,0.0,1.0,7,7,42,2,44,2,63.117,1187.0,888.0,2303.0,63.117,4.0,10.33,roster,0,208.0,160.0,52.0,235.83,7.4023,1.6,0.6776,3.25,137.28,38.21,26.8,53.54,57.575
2025-04-22 12:00:00,12,67,67,6.0,16.0,39.0,6.0,0.0,1.0,8,8,44,3,47,3,64.117,1204.0,527.0,2241.0,64.117,4.0,10.33,roster,0,223.0,167.5,55.75,256.83,8.1526,1.675,0.7744,3.3284,143.72,40.81,40.2,52.1,56.025
2025-04-22 13:00:00,13,74,74,6.0,16.0,43.0,9.0,0.0,1.0,10,10,48,3,51,3,52.117,1201.0,225.0,2177.0,52.117,4.0,10.33,roster,0,241.0,185.0,60.25,273.83,9.1777,1.85,0.9681,3.2568,158.73,44.28,40.2,50.62,54.425
2025-04-22 14:00:00,14,67,67,6.0,14.0,41.0,6.0,0.0,1.0,4,3,45,2,47,2,47.283,1261.0,268.0,1680.0,47.283,4.0,10.33,roster,0,221.0,167.5,55.25,230.39,6.4829,1.675,0.2904,3.2985,143.72,40.81,26.8,39.06,42.0
2025-04-22 15:00:00,15,69,69,6.0,16.0,42.0,5.0,0.0,1.0,7,7,46,2,48,2,48.283,1305.0,328.0,1740.0,48.283,4.0,10.33,roster,0,230.0,172.5,57.5,236.94,8.0088,1.725,0.6776,3.3333,148.0,41.68,26.8,40.46,43.5
2025-04-22 16:00:00,16,73,73,6.0,17.0,42.0,8.0,0.0,1.0,12,11,48,2,50,2,49.283,1345.0,341.0,1795.0,49.283,4.0,10.33,roster,0,240.0,182.5,60.0,248.53,9.5009,1.825,1.0649,3.2877,156.58,43.42,26.8,41.73,44.875
2025-04-22 17:00:00,17,77,77,6.0,18.0,47.0,6.0,0.0,1.0,9,9,52,3,55,3,50.283,1259.0,356.0,1849.0,50.283,4.0,10.33,roster,0,255.0,192.5,63.75,276.11,9.2603,1.925,0.8712,3.3117,165.16,47.76,40.2,42.99,46.225
2025-04-22 18:00:00,18,73,73,6.0,17.0,44.0,6.0,0.0,1.0,2,2,51,3,54,3,51.283,1201.5,416.0,1899.0,51.283,4.0,10.33,roster,0,242.0,182.5,60.5,267.83,6.6918,1.825,0.1936,3.3151,156.58,46.89,40.2,44.15,47.475
2025-04-22 19:00:00,19,72,72,6.0,18.0,41.0,7.0,0.0,1.0,9,9,49,2,51,2,52.283,1379.0,498.0,1959.0,52.283,4.0,10.33,roster,0,239.0,180.0,59.75,251.07,8.8671,1.8,0.8712,3.3194,154.44,44.28,26.8,45.55,48.975
2025-04-22 20:00:00,20,75,75,6.0,20.0,43.0,6.0,0.0,1.0,10,11,47,2,49,2,53.283,1204.0,558.0,1809.0,53.283,4.0,9.82,roster,0,251.0,187.5,62.75,252.28,10.0238,1.875,1.1202,3.3467,160.88,42.55,26.8,42.06,45.225
2025-04-22 21:00:00,21,75,75,7.0,18.0,44.0,6.0,0.0,1.0,10,10,47,2,49,2,54.283,1264.0,618.0,1869.0,54.283,4.0,9.82,roster,0,251.0,187.5,62.75,253.68,9.683,1.875,1.0183,3.3467,160.88,42.55,26.8,43.45,46.725
2025-04-22 22:00:00,22,72,72,6.0,17.0,45.0,4.0,0.0,1.0,3,3,47,2,49,2,55.283,1237.0,656.0,1864.0,55.283,3.0,6.5,roster,0,241.0,180.0,80.3333,247.13,7.5699,1.8,0.4615,3.3472,154.44,42.55,26.8,43.34,46.6
2025-04-22 23:00:00,23,71,71,6.0,19.0,42.0,4.0,0.0,1.0,6,6,45,2,47,2,56.283,1384.0,738.0,1989.0,56.283,3.0,6.5,roster,0,240.0,177.5,80.0,246.15,9.1203,1.775,0.9231,3.3803,152.29,40.81,26.8,46.24,49.725
2025-04-23 00:00:00,0,62,62,6.0,18.0,34.0,4.0,0.0,1.0,4,4,46,2,48,2,57.283,1400.5,798.0,2049.0,57.283,3.0,6.5,roster,0,212.0,155.0,70.6667,229.11,7.4042,1.55,0.6154,3.4194,132.99,41.68,26.8,47.64,51.225
2025-04-23 01:00:00,1,63,63,6.0,17.0,36.0,4.0,0.0,1.0,8,6,46,2,48,2,58.283,1460.5,858.0,2109.0,58.283,3.0,6.5,roster,0,214.0,157.5,71.3333,232.65,8.4855,1.575,0.9231,3.3968,135.14,41.68,26.8,49.03,52.725
2025-04-23 02:00:00,2,65,65,6.0,17.0,38.0,4.0,0.0,1.0,7,6,46,2,48,2,59.283,1520.5,918.0,2169.0,59.283,3.0,6.5,roster,0,220.0,162.5,73.3333,238.33,8.6243,1.625,0.9231,3.3846,139.42,41.68,26.8,50.43,54.225
2025-04-23 03:00:00,3,63,63,7.0,17.0,35.0,4.0,0.0,1.0,3,3,47,2,49,2,60.283,1537.0,956.0,2164.0,60.283,3.0,6.5,roster,0,216.0,157.5,72.0,234.8,6.9824,1.575,0.4615,3.4286,135.14,42.55,26.8,50.31,54.1
2025-04-23 04:00:00,4,62,62,7.0,16.0,34.0,5.0,0.0,1.0,2,2,47,2,49,2,61.283,1597.0,1016.0,2224.0,61.283,3.0,6.5,roster,0,211.0,155.0,70.3333,234.05,6.3221,1.55,0.3077,3.4032,132.99,42.55,26.8,51.71,55.6
2025-04-23 05:00:00,5,62,62,6.0,17.0,35.0,4.0,0.0,1.0,2,2,47,2,49,2,62.283,1657.0,1076.0,2284.0,62.283,3.0,6.5,roster,0,211.0,155.0,70.3333,235.44,6.3221,1.55,0.3077,3.4032,132.99,42.55,26.8,53.1,57.1
2025-04-23 06:00:00,6,60,60,6.0,17.0,33.0,4.0,0.0,1.0,2,1,47,2,49,2,63.283,1717.0,1136.0,2344.0,63.283,3.0,6.5,roster,0,205.0,150.0,68.3333,232.55,5.6506,1.5,0.1538,3.4167,128.7,42.55,26.8,54.5,58.6
2025-04-23 07:00:00,7,59,59,6.0,16.0,33.0,4.0,0.0,1.0,0,0,47,2,49,2,64.283,1777.0,1196.0,2404.0,64.283,3.0,6.5,roster,0,201.0,147.5,67.0,231.8,5.025,1.475,0.0,3.4068,126.56,42.55,26.8,55.89,60.1
2025-04-23 08:00:00,8,65,65,6.0,14.0,41.0,4.0,0.0,1.0,8,8,46,2,48,2,65.283,1880.5,1256.0,2529.0,65.283,3.0,8.75,roster,0,217.0,162.5,72.3333,246.7,8.4773,1.625,0.9143,3.3385,139.42,41.68,26.8,58.8,63.225
2025-04-23 09:00:00,9,69,69,6.0,16.0,43.0,4.0,0.0,1.0,6,6,47,2,49,2,66.283,1897.0,1315.0,2524.0,66.283,3.0,8.75,roster,0,231.0,172.5,77.0,256.04,8.0707,1.725,0.6857,3.3478,148.0,42.55,26.8,58.68,63.1
2025-04-23 10:00:00,10,65,65,5.0,16.0,38.0,6.0,0.0,1.0,4,4,43,2,45,2,67.283,1847.0,1363.0,2550.0,67.283,4.0,12.45,roster,0,215.0,162.5,53.75,244.59,6.4377,1.625,0.3213,3.3077,139.42,39.07,26.8,59.29,63.75
2025-04-23 11:00:00,11,65,65,6.0,15.0,40.0,4.0,0.0,1.0,7,7,41,2,43,2,68.283,1644.0,1377.0,2602.0,68.283,4.0,12.45,roster,0,218.0,162.5,54.5,244.06,7.3357,1.625,0.5622,3.3538,139.42,37.34,26.8,60.5,65.05
2025-04-23 12:00:00,12,61,61,6.0,12.0,39.0,4.0,0.0,1.0,6,6,39,2,41,2,69.283,1588.0,1316.0,2541.0,69.283,4.0,12.45,roster,0,203.0,152.5,50.75,232.32,6.6788,1.525,0.4819,3.3279,130.84,35.6,26.8,59.08,63.525
2025-04-23 13:00:00,13,53,53,4.0,13.0,32.0,4.0,0.0,1.0,4,4,36,1,37,1,70.283,1594.0,1104.0,2137.0,70.283,4.0,12.45,roster,0,176.0,132.5,14.6667,188.9,5.4669,1.325,0.3213,3.3208,113.68,32.13,13.4,49.69,53.425
2025-04-23 14:00:00,14,47,47,4.0,14.0,26.0,3.0,0.0,1.0,6,5,35,1,36,1,71.283,1615.5,1112.0,2087.0,71.283,4.0,12.45,roster,0,160.0,117.5,10.0,174.0,5.3672,1.175,0.4016,3.4043,100.82,31.26,13.4,48.52,52.175
2025-04-23 15:00:00,15,43,43,4.0,14.0,21.0,4.0,0.0,1.0,6,7,27,3,30,3,46.017,1587.5,281.0,1785.0,46.017,4.0,12.45,roster,0,147.0,107.5,3.675,179.99,5.5971,1.075,0.5622,3.4186,92.24,26.05,40.2,41.5,44.625
2025-04-23 16:00:00,16,43,43,4.0,13.0,23.0,3.0,0.0,1.0,8,6,26,3,29,3,46.35,1618.0,341.0,1828.0,46.35,4.0,12.45,roster,0,147.0,107.5,3.3409,180.12,5.3225,1.075,0.4819,3.4186,92.24,25.18,40.2,42.5,45.7
2025-04-23 17:00:00,17,47,47,5.0,10.0,26.0,6.0,0.0,1.0,8,9,27,3,30,3,47.35,1647.0,387.0,1888.0,47.35,4.0,12.45,roster,0,155.0,117.5,3.875,190.96,6.259,1.175,0.7229,3.2979,100.82,26.05,40.2,43.9,47.2
2025-04-23 18:00:00,18,46,46,5.0,10.0,28.0,3.0,0.0,1.0,6,6,27,3,30,3,48.35,1707.0,447.0,1948.0,48.35,4.0,12.45,roster,0,155.0,115.0,3.875,190.21,5.4989,1.15,0.4819,3.3696,98.67,26.05,40.2,45.29,48.7
2025-04-23 19:00:00,19,52,52,4.0,13.0,32.0,3.0,0.0,1.0,12,12,27,2,29,2,49.35,1798.0,521.0,2008.0,49.35,4.0,12.45,roster,0,174.0,130.0,3.9545,190.21,7.5752,1.3,0.9639,3.3462,111.54,25.18,26.8,46.69,50.2
2025-04-23 20:00:00,20,62,62,4.0,10.0,43.0,5.0,0.0,1.0,17,17,32,2,34,2,50.35,1420.0,303.0,2021.0,50.35,4.0,11.43,roster,0,199.0,155.0,8.2917,216.3,9.7488,1.55,1.4873,3.2097,132.99,29.52,26.8,46.99,50.525
2025-04-23 21:00:00,21,63,63,4.0,9.0,40.0,10.0,0.0,1.0,9,7,37,1,38,1,51.35,733.5,165.0,2074.0,51.35,4.0,11.43,roster,0,196.0,157.5,24.5,209.75,6.8053,1.575,0.6124,3.1111,135.14,33.0,13.4,48.22,51.85
2025-04-23 22:00:00,22,61,61,4.0,10.0,37.0,10.0,0.0,1.0,6,6,37,1,38,1,52.35,793.5,225.0,2134.0,52.35,3.0,7.73,roster,0,191.0,152.5,31.8333,206.86,7.2054,1.525,0.7762,3.1311,130.84,33.0,13.4,49.62,53.35
2025-04-23 23:00:00,23,53,53,4.0,9.0,35.0,5.0,0.0,1.0,3,3,37,1,38,1,53.35,853.5,285.0,2194.0,53.35,3.0,7.73,roster,0,171.0,132.5,28.5,191.09,5.5272,1.325,0.3881,3.2264,113.68,33.0,13.4,51.01,54.85
2025-04-24 00:00:00,0,55,55,4.0,9.0,36.0,5.0,1.0,1.0,7,6,37,1,38,1,54.35,913.5,345.0,2254.0,54.35,3.0,7.73,roster,0,175.0,137.5,29.1667,196.78,6.8447,1.375,0.7762,3.1818,117.98,33.0,13.4,52.41,56.35
2025-04-24 01:00:00,1,53,53,4.0,8.0,36.0,5.0,0.0,1.0,2,2,37,1,38,1,55.35,973.5,405.0,2314.0,55.35,3.0,7.73,roster,0,170.0,132.5,28.3333,193.88,5.0799,1.325,0.2587,3.2075,113.68,33.0,13.4,53.8,57.85
2025-04-24 02:00:00,2,51,51,4.0,10.0,35.0,2.0,0.0,1.0,2,2,37,1,38,1,56.35,1033.5,465.0,2374.0,56.35,3.0,7.73,roster,0,169.0,127.5,28.1667,190.99,5.0824,1.275,0.2587,3.3137,109.39,33.0,13.4,55.2,59.35
2025-04-24 03:00:00,3,52,52,5.0,11.0,34.0,2.0,0.0,1.0,4,4,37,1,38,1,57.35,1093.5,525.0,2434.0,57.35,3.0,7.73,roster,0,175.0,130.0,29.1667,194.53,6.1165,1.3,0.5175,3.3654,111.54,33.0,13.4,56.59,60.85
2025-04-24 04:00:00,4,53,53,5.0,11.0,35.0,2.0,0.0,1.0,4,3,38,1,39,1,58.35,1088.0,570.0,2494.0,58.35,3.0,7.73,roster,0,178.0,132.5,59.3333,198.93,5.7534,1.325,0.3881,3.3585,113.68,33.86,13.4,57.99,62.35
2025-04-24 05:00:00,5,54,54,4.0,11.0,38.0,1.0,0.0,1.0,3,3,39,0,39,0,59.35,1121.0,621.0,2516.0,59.35,3.0,7.73,roster,0,180.0,135.0,60.0,188.19,5.7937,1.35,0.3881,3.3333,115.83,33.86,0.0,58.5,62.9
2025-04-24 06:00:00,6,53,53,4.0,10.0,38.0,1.0,0.0,1.0,3,3,39,0,39,0,60.35,1181.0,681.0,2576.0,60.35,3.0,7.73,roster,0,176.0,132.5,58.6667,187.44,5.6888,1.325,0.3881,3.3208,113.68,33.86,0.0,59.89,64.4
2025-04-24 07:00:00,7,52,52,4.0,10.0,37.0,1.0,0.0,1.0,4,4,39,0,39,0,61.35,1241.0,741.0,2636.0,61.35,3.0,7.73,roster,0,173.0,130.0,57.6667,186.69,6.0466,1.3,0.5175,3.3269,111.54,33.86,0.0,61.29,65.9
2025-04-24 08:00:00,8,52,52,4.0,11.0,36.0,1.0,0.0,1.0,3,3,38,1,39,1,62.35,1301.0,801.0,2696.0,62.35,3.0,7.2,roster,0,174.0,130.0,58.0,201.49,5.7442,1.3,0.4167,3.3462,111.54,33.86,13.4,62.68,67.4
2025-04-24 09:00:00,9,52,52,4.0,8.0,39.0,1.0,0.0,1.0,7,7,37,0,37,0,63.35,1361.0,870.0,2756.0,63.35,3.0,7.2,roster,0,171.0,130.0,19.0,187.74,7.4721,1.3,0.9722,3.2885,111.54,32.13,0.0,64.08,68.9
2025-04-24 10:00:00,10,60,60,4.0,11.0,44.0,1.0,0.0,1.0,13,14,35,0,35,0,64.35,1407.0,921.0,2816.0,64.35,4.0,12.18,roster,0,198.0,150.0,9.9,204.56,8.7431,1.5,1.1494,3.3,128.7,30.39,0.0,65.47,70.4
2025-04-24 11:00:00,11,53,53,3.0,12.0,37.0,1.0,0.0,1.0,8,6,32,0,32,0,64.217,1371.5,977.0,2758.0,64.217,4.0,12.18,roster,0,176.0,132.5,5.5,185.59,6.0358,1.325,0.4926,3.3208,113.68,27.79,0.0,64.12,68.95
2025-04-24 12:00:00,12,47,47,3.0,11.0,31.0,2.0,0.0,1.0,9,8,26,0,26,0,50.75,1244.5,990.0,2674.0,50.75,4.0,12.18,roster,0,156.0,117.5,2.7857,165.56,6.0801,1.175,0.6568,3.3191,100.82,22.58,0.0,62.17,66.85
2025-04-24 13:00:00,13,45,45,4.0,9.0,30.0,2.0,0.0,1.0,7,6,27,0,27,0,51.75,1136.0,624.0,1759.0,51.75,4.0,12.18,roster,0,150.0,112.5,2.8846,140.87,5.392,1.125,0.4926,3.3333,96.52,23.44,0.0,40.9,43.975
2025-04-24 14:00:00,14,36,36,3.0,7.0,24.0,2.0,0.0,1.0,3,3,24,0,24,0,52.75,1190.5,684.0,1819.0,52.75,4.0,12.18,roster,0,119.0,90.0,1.8594,120.35,3.7892,0.9,0.2463,3.3056,77.22,20.84,0.0,42.29,45.475
2025-04-24 15:00:00,15,26,26,2.0,7.0,16.0,1.0,0.0,1.0,3,3,18,0,18,0,28.683,1162.5,322.0,1256.0,28.683,4.0,12.18,roster,0,88.0,65.0,1.0,80.6,3.0336,0.65,0.2463,3.3846,55.77,15.63,0.0,29.2,31.4
2025-04-24 16:00:00,16,28,28,2.0,7.0,18.0,1.0,0.0,1.0,9,9,16,0,16,0,29.683,802.5,273.0,1316.0,29.683,4.0,12.18,roster,0,94.0,70.0,0.9792,84.55,4.8306,0.7,0.7389,3.3571,60.06,13.89,0.0,30.6,32.9
2025-04-24 17:00:00,17,35,35,2.0,9.0,23.0,1.0,0.0,1.0,9,9,19,0,19,0,30.683,442.0,166.0,1365.0,30.683,4.0,12.18,roster,0,117.0,87.5,1.3929,103.31,5.3951,0.875,0.7389,3.3429,75.08,16.5,0.0,31.74,34.125
2025-04-24 18:00:00,18,30,30,2.0,8.0,19.0,1.0,0.0,1.0,5,5,20,0,20,0,31.683,490.5,226.0,1425.0,31.683,4.0,12.18,roster,0,101.0,75.0,1.2625,94.85,3.907,0.75,0.4105,3.3667,64.35,17.37,0.0,33.13,35.625
2025-04-24 19:00:00,19,28,28,2.0,8.0,17.0,1.0,0.0,1.0,3,3,20,0,20,0,32.683,550.5,286.0,1485.0,32.683,4.0,12.18,roster,0,95.0,70.0,1.1875,91.95,3.2107,0.7,0.2463,3.3929,60.06,17.37,0.0,34.53,37.125
2025-04-24 20:00:00,20,32,32,1.0,11.0,19.0,1.0,0.0,1.0,11,10,19,0,19,0,33.45,599.0,305.0,1517.0,33.45,4.0,12.86,roster,0,108.0,80.0,1.2857,100.41,5.3244,0.8,0.7776,3.375,68.64,16.5,0.0,35.27,37.925
2025-04-24 21:00:00,21,34,34,1.0,9.0,23.0,1.0,0.0,1.0,8,8,20,0,20,0,34.45,616.0,365.0,1577.0,34.45,4.0,12.86,roster,0,112.0,85.0,1.4,106.96,4.8492,0.85,0.6221,3.2941,72.93,17.37,0.0,36.67,39.425
2025-04-24 22:00:00,22,35,35,2.0,10.0,22.0,1.0,0.0,1.0,10,10,21,0,21,0,30.433,603.0,405.0,1575.0,30.433,3.0,7.88,roster,0,118.0,87.5,2.0702,109.93,7.2285,0.875,1.269,3.3714,75.08,18.23,0.0,36.62,39.375
2025-04-24 23:00:00,23,37,37,3.0,10.0,23.0,1.0,0.0,1.0,10,9,21,1,22,1,31.433,612.0,410.0,1635.0,31.433,3.0,7.88,roster,0,126.0,92.5,2.3333,129.88,7.0394,0.925,1.1421,3.4054,79.36,19.1,13.4,38.01,40.875
2025-04-25 00:00:00,0,41,41,3.0,13.0,24.0,1.0,0.0,1.0,9,9,23,1,24,1,32.433,603.5,277.0,1695.0,32.433,3.0,7.88,roster,0,141.0,102.5,2.9375,141.59,7.4528,1.025,1.1421,3.439,87.94,20.84,13.4,39.41,42.375
2025-04-25 01:00:00,1,38,38,2.0,12.0,23.0,1.0,0.0,1.0,4,4,23,1,24,1,33.433,663.5,337.0,1755.0,33.433,3.0,7.88,roster,0,129.0,95.0,2.6875,136.55,4.9482,0.95,0.5076,3.3947,81.51,20.84,13.4,40.8,43.875
2025-04-25 02:00:00,2,39,39,2.0,12.0,24.0,1.0,0.0,1.0,9,9,24,0,24,0,34.433,723.5,397.0,1815.0,34.433,3.0,7.88,roster,0,132.0,97.5,2.75,126.69,7.1657,0.975,1.1421,3.3846,83.66,20.84,0.0,42.2,45.375
2025-04-25 03:00:00,3,42,42,2.0,12.0,27.0,1.0,0.0,1.0,3,3,26,0,26,0,35.433,745.5,407.0,1050.0,35.433,3.0,7.88,roster,0,141.0,105.0,3.3571,117.08,4.8031,1.05,0.3807,3.3571,90.09,22.58,0.0,24.41,26.25
2025-04-25 04:00:00,4,43,43,2.0,11.0,29.0,1.0,0.0,1.0,5,5,26,0,26,0,36.433,805.5,467.0,1110.0,36.433,3.0,7.88,roster,0,143.0,107.5,3.4048,120.62,5.6851,1.075,0.6345,3.3256,92.24,22.58,0.0,25.81,27.75
2025-04-25 05:00:00,5,42,42,2.0,11.0,28.0,1.0,0.0,1.0,2,2,26,0,26,0,37.433,865.5,527.0,1170.0,37.433,3.0,7.88,roster,0,140.0,105.0,3.3333,119.87,4.346,1.05,0.2538,3.3333,90.09,22.58,0.0,27.2,29.25
2025-04-25 06:00:00,6,43,43,2.0,12.0,28.0,1.0,0.0,1.0,3,3,27,0,27,0,38.433,905.0,475.0,1230.0,38.433,3.0,7.88,roster,0,144.0,107.5,3.6923,124.28,4.8749,1.075,0.3807,3.3488,92.24,23.44,0.0,28.6,30.75
2025-04-25 07:00:00,7,39,39,2.0,11.0,25.0,1.0,0.0,1.0,0,0,28,0,28,0,39.433,959.0,535.0,1290.0,39.433,3.0,7.88,roster,0,131.0,97.5,3.6389,117.96,3.275,0.975,0.0,3.359,83.66,24.31,0.0,29.99,32.25
2025-04-25 08:00:00,8,39,39,2.0,11.0,25.0,1.0,0.0,1.0,3,3,28,0,28,0,40.433,1019.0,595.0,1350.0,40.433,3.0,6.43,roster,0,131.0,97.5,3.6389,119.36,4.8422,0.975,0.4666,3.359,83.66,24.31,0.0,31.39,33.75
2025-04-25 09:00:00,9,41,41,2.0,10.0,28.0,1.0,0.0,1.0,4,4,30,0,30,0,41.433,1069.0,539.0,1402.0,41.433,3.0,6.43,roster,0,136.0,102.5,4.5333,126.59,5.4635,1.025,0.6221,3.3171,87.94,26.05,0.0,32.6,35.05
2025-04-25 10:00:00,10,37,37,2.0,9.0,25.0,1.0,0.0,1.0,4,4,27,0,27,0,39.933,1125.0,576.0,1439.0,39.933,4.0,10.3,roster,0,123.0,92.5,2.3654,116.27,4.366,0.925,0.3883,3.3243,79.36,23.44,0.0,33.46,35.975
2025-04-25 11:00:00,11,40,40,2.0,11.0,26.0,1.0,0.0,1.0,10,10,23,0,23,0,40.933,1130.0,636.0,1383.0,40.933,4.0,10.3,roster,0,134.0,100.0,1.9706,117.93,6.6024,1.0,0.9709,3.35,85.8,19.97,0.0,32.15,34.575
2025-04-25 12:00:00,12,36,36,2.0,13.0,19.0,2.0,0.0,1.0,7,7,19,1,20,1,41.283,916.0,659.0,1341.0,41.283,4.0,10.3,roster,0,123.0,90.0,1.5375,119.16,5.397,0.9,0.6796,3.4167,77.22,17.37,13.4,31.18,33.525
2025-04-25 13:00:00,13,35,35,1.0,10.0,22.0,2.0,0.0,1.0,9,7,16,1,17,1,41.25,895.0,691.0,1325.0,41.25,4.0,10.3,roster,0,115.0,87.5,1.25,114.04,5.108,0.875,0.6796,3.2857,75.08,14.76,13.4,30.81,33.125
2025-04-25 14:00:00,14,32,32,0.0,9.0,22.0,1.0,0.0,1.0,8,7,13,1,14,1,42.25,827.5,502.0,1365.0,42.25,4.0,10.3,roster,0,104.0,80.0,1.0,105.93,4.8087,0.8,0.6796,3.25,68.64,12.16,13.4,31.74,34.125
2025-04-25 15:00:00,15,29,29,0.0,8.0,20.0,1.0,0.0,1.0,4,3,13,1,14,1,43.25,825.0,457.0,1425.0,43.25,4.0,10.3,roster,0,94.0,72.5,0.9038,100.89,3.2941,0.725,0.2913,3.2414,62.2,12.16,13.4,33.13,35.625
2025-04-25 16:00:00,16,37,37,0.0,9.0,25.0,3.0,0.0,1.0,13,13,12,2,14,2,28.05,574.5,136.0,936.0,28.05,4.0,10.3,roster,0,117.0,92.5,1.125,120.08,6.9161,0.925,1.2621,3.1622,79.36,12.16,26.8,21.76,23.4
2025-04-25 17:00:00,17,33,33,0.0,7.0,25.0,1.0,0.0,1.0,7,7,11,1,12,1,16.983,408.0,185.0,931.0,16.983,4.0,10.3,roster,0,105.0,82.5,0.9375,96.25,4.7874,0.825,0.6796,3.1818,70.78,10.42,13.4,21.65,23.275
2025-04-25 18:00:00,18,33,33,1.0,8.0,23.0,1.0,0.0,1.0,5,6,15,1,16,1,17.983,250.5,125.0,742.0,17.983,4.0,10.3,roster,0,108.0,82.5,1.125,95.33,4.6064,0.825,0.5825,3.2727,70.78,13.89,13.4,17.25,18.55
2025-04-25 19:00:00,19,38,38,1.0,7.0,29.0,1.0,0.0,1.0,11,8,17,1,18,1,18.983,276.5,161.0,707.0,18.983,4.0,10.3,roster,0,122.0,95.0,1.3864,106.98,5.5436,0.95,0.7767,3.2105,81.51,15.63,13.4,16.44,17.675
2025-04-25 20:00:00,20,37,37,2.0,8.0,26.0,1.0,0.0,1.0,6,6,15,2,17,2,19.983,365.0,221.0,767.0,19.983,4.0,12.16,roster,0,122.0,92.5,1.3261,118.76,4.677,0.925,0.4934,3.2973,79.36,14.76,26.8,17.83,19.175
2025-04-25 21:00:00,21,40,40,2.0,11.0,27.0,0.0,0.0,1.0,11,10,17,3,20,3,20.6,311.0,183.0,817.0,20.6,4.0,12.16,roster,0,135.0,100.0,1.6875,142.36,6.1505,1.0,0.8224,3.375,85.8,17.37,40.2,19.0,20.425
2025-04-25 22:00:00,22,28,28,1.0,10.0,17.0,0.0,0.0,1.0,4,3,13,2,15,2,21.6,346.0,165.0,877.0,21.6,3.0,8.29,roster,0,96.0,70.0,1.28,100.27,3.6407,0.7,0.3619,3.4286,60.06,13.02,26.8,20.39,21.925
2025-04-25 23:00:00,23,25,25,1.0,8.0,16.0,0.0,0.0,1.0,5,4,13,1,14,1,22.6,447.0,225.0,937.0,22.6,3.0,8.29,roster,0,85.0,62.5,1.0897,80.97,3.7655,0.625,0.4825,3.4,53.62,12.16,13.4,21.79,23.425
2025-04-26 00:00:00,0,22,22,1.0,6.0,15.0,0.0,0.0,1.0,5,4,13,1,14,1,23.6,507.0,285.0,997.0,23.6,3.0,8.29,roster,0,74.0,55.0,0.9487,75.93,3.473,0.55,0.4825,3.3636,47.19,12.16,13.4,23.18,24.925
2025-04-26 01:00:00,1,29,29,1.0,7.0,18.0,3.0,0.0,1.0,8,8,13,1,14,1,24.6,567.0,345.0,1057.0,24.6,3.0,8.29,roster,0,93.0,72.5,1.1923,92.34,5.4197,0.725,0.965,3.2069,62.2,12.16,13.4,24.58,26.425
2025-04-26 02:00:00,2,27,27,1.0,8.0,17.0,1.0,0.0,1.0,5,4,13,2,15,2,25.6,586.0,369.0,1117.0,25.6,3.0,8.29,roster,0,90.0,67.5,1.2,103.71,3.8584,0.675,0.4825,3.3333,57.92,13.02,26.8,25.97,27.925
2025-04-26 03:00:00,3,27,27,1.0,8.0,18.0,0.0,0.0,1.0,2,2,13,3,16,3,26.6,643.5,429.0,1177.0,26.6,3.0,8.29,roster,0,91.0,67.5,1.2639,119.37,3.0881,0.675,0.2413,3.3704,57.92,13.89,40.2,27.37,29.425
2025-04-26 04:00:00,4,26,26,1.0,6.0,18.0,1.0,0.0,1.0,2,2,14,1,15,1,27.6,706.0,489.0,1237.0,27.6,3.0,8.29,roster,0,85.0,65.0,1.1333,90.95,2.9137,0.65,0.2413,3.2692,55.77,13.02,13.4,28.76,30.925
2025-04-26 05:00:00,5,28,28,1.0,7.0,20.0,0.0,0.0,1.0,3,3,15,1,16,1,28.6,763.5,549.0,1297.0,28.6,3.0,8.29,roster,0,93.0,70.0,1.2917,97.51,3.527,0.7,0.3619,3.3214,60.06,13.89,13.4,30.16,32.425
2025-04-26 06:00:00,6,25,25,1.0,7.0,17.0,0.0,0.0,1.0,0,0,16,1,17,1,29.6,821.0,570.0,1019.0,29.6,3.0,8.29,roster,0,84.0,62.5,1.2174,85.48,2.1,0.625,0.0,3.36,53.62,14.76,13.4,23.69,25.475
2025-04-26 07:00:00,7,27,27,0.0,8.0,17.0,2.0,0.0,1.0,4,4,16,0,16,0,30.6,883.5,630.0,1417.0,30.6,3.0,8.29,roster,0,87.0,67.5,1.2083,84.75,3.7298,0.675,0.4825,3.2222,57.92,13.89,0.0,32.95,35.425
2025-04-26 08:00:00,8,26,26,0.0,7.0,17.0,2.0,0.0,1.0,3,3,17,0,17,0,31.6,941.0,622.0,1139.0,31.6,3.0,6.81,roster,0,83.0,65.0,1.2029,77.01,3.4813,0.65,0.4405,3.1923,55.77,14.76,0.0,26.48,28.475
2025-04-26 09:00:00,9,28,28,1.0,6.0,16.0,5.0,0.0,1.0,5,5,17,1,18,1,32.6,895.5,343.0,1199.0,32.6,3.0,6.81,roster,0,87.0,70.0,1.3182,96.97,4.4563,0.7,0.7342,3.1071,60.06,15.63,13.4,27.88,29.975
2025-04-26 10:00:00,10,26,26,2.0,5.0,17.0,2.0,0.0,1.0,6,5,16,1,17,1,33.6,810.0,210.0,1259.0,33.6,4.0,10.14,roster,0,85.0,65.0,0.9239,93.2,3.737,0.65,0.4931,3.2692,55.77,14.76,13.4,29.27,31.475
2025-04-26 11:00:00,11,24,24,1.0,5.0,15.0,3.0,0.0,1.0,6,6,12,1,13,1,34.6,802.0,200.0,1319.0,34.6,4.0,10.14,roster,0,76.0,60.0,0.7037,86.83,3.7738,0.6,0.5917,3.1667,51.48,11.29,13.4,30.67,32.975
2025-04-26 12:00:00,12,21,21,1.0,4.0,14.0,2.0,0.0,1.0,5,5,11,1,12,1,28.783,295.0,125.0,1379.0,28.783,4.0,10.14,roster,0,67.0,52.5,0.5982,80.93,3.2482,0.525,0.4931,3.1905,45.04,10.42,13.4,32.06,34.475
2025-04-26 13:00:00,13,18,18,1.0,3.0,14.0,0.0,0.0,1.0,7,6,8,1,9,1,29.783,320.0,159.0,583.0,29.783,4.0,10.14,roster,0,59.0,45.0,0.4758,53.38,3.4145,0.45,0.5917,3.2778,38.61,7.81,13.4,13.55,14.575
2025-04-26 14:00:00,14,18,18,1.0,3.0,13.0,1.0,0.0,1.0,6,5,6,2,8,2,30.783,223.5,137.0,643.0,30.783,4.0,10.14,roster,0,58.0,45.0,0.4531,67.31,3.0389,0.45,0.4931,3.2222,38.61,6.95,26.8,14.95,16.075
2025-04-26 15:00:00,15,12,12,0.0,3.0,9.0,0.0,0.0,1.0,4,2,8,0,8,0,31.783,226.0,171.0,703.0,31.783,4.0,10.14,roster,0,39.0,30.0,0.3047,29.03,1.616,0.3,0.1972,3.25,25.74,6.95,0.0,16.34,17.575
2025-04-26 16:00:00,16,12,12,0.0,2.0,9.0,0.0,1.0,1.0,5,4,6,0,6,0,32.783,286.0,231.0,372.0,32.783,4.0,10.14,roster,0,36.0,30.0,0.2647,19.6,2.0834,0.3,0.3945,3.0,25.74,5.21,0.0,8.65,9.3
2025-04-26 17:00:00,17,14,14,1.0,2.0,10.0,0.0,1.0,1.0,4,3,6,0,6,0,20.867,304.0,125.0,375.0,7.2,4.0,10.14,roster,0,44.0,35.0,0.3235,23.96,2.0298,0.35,0.2959,3.1429,30.03,5.21,0.0,8.72,9.375
2025-04-26 18:00:00,18,15,15,1.0,2.0,9.0,2.0,1.0,1.0,7,6,5,0,5,0,21.867,377.0,351.0,435.0,8.2,4.0,10.14,roster,0,45.0,37.5,0.3214,26.63,2.9001,0.375,0.5917,3.0,32.17,4.34,0.0,10.11,10.875
2025-04-26 19:00:00,19,18,18,0.0,3.0,13.0,1.0,1.0,1.0,12,10,5,0,5,0,22.867,437.0,411.0,495.0,9.2,4.0,10.14,roster,0,54.0,45.0,0.3857,34.46,4.3086,0.45,0.9862,3.0,38.61,4.34,0.0,11.51,12.375
2025-04-26 20:00:00,20,15,15,0.0,4.0,10.0,0.0,1.0,1.0,5,3,5,1,6,1,23.867,324.0,114.0,555.0,10.2,4.0,11.06,roster,0,47.0,37.5,0.3456,43.69,2.0249,0.375,0.2712,3.1333,32.17,5.21,13.4,12.9,13.875
2025-04-26 21:00:00,21,18,18,1.0,2.0,12.0,2.0,1.0,1.0,7,7,6,0,6,0,24.867,192.5,115.0,557.0,11.2,4.0,11.06,roster,0,54.0,45.0,0.3971,36.77,3.2487,0.45,0.6329,3.0,38.61,5.21,0.0,12.95,13.925
2025-04-26 22:00:00,22,25,25,2.0,5.0,15.0,2.0,1.0,1.0,12,11,6,1,7,1,25.867,130.0,77.0,617.0,12.2,3.0,7.73,roster,0,80.0,62.5,0.8081,67.45,6.5537,0.625,1.423,3.2,53.62,6.08,13.4,14.35,15.425
2025-04-26 23:00:00,23,20,20,2.0,7.0,10.0,0.0,1.0,1.0,5,4,8,1,9,1,26.867,137.0,107.0,294.0,13.2,3.0,7.73,roster,0,69.0,50.0,0.7419,50.95,3.5103,0.5,0.5175,3.45,42.9,7.81,13.4,6.84,7.35
2025-04-27 00:00:00,0,22,22,3.0,6.0,12.0,0.0,1.0,1.0,7,6,8,1,9,1,27.867,187.0,138.0,250.0,14.2,3.0,7.73,roster,0,76.0,55.0,0.8172,54.22,4.5814,0.55,0.7762,3.4545,47.19,7.81,13.4,5.81,6.25
2025-04-27 01:00:00,1,18,18,3.0,5.0,9.0,0.0,1.0,1.0,1,0,9,1,10,1,28.867,237.0,193.0,310.0,15.2,3.0,7.73,roster,0,63.0,45.0,0.7,47.9,1.575,0.45,0.0,3.5,38.61,8.68,13.4,7.21,7.75
2025-04-27 02:00:00,2,16,16,3.0,3.0,9.0,0.0,1.0,1.0,2,2,8,1,9,1,29.867,287.0,253.0,317.0,16.2,3.0,7.73,roster,0,55.0,40.0,0.5914,42.91,2.2644,0.4,0.2587,3.4375,34.32,7.81,13.4,7.37,7.925
2025-04-27 03:00:00,3,14,14,3.0,3.0,7.0,0.0,1.0,1.0,1,1,8,1,9,1,30.867,347.0,313.0,377.0,17.2,3.0,7.73,roster,0,49.0,35.0,0.5269,40.01,1.6778,0.35,0.1294,3.5,30.03,7.81,13.4,8.77,9.425
2025-04-27 04:00:00,4,15,15,3.0,3.0,7.0,1.0,1.0,1.0,3,2,8,1,9,1,31.867,407.0,373.0,437.0,18.2,3.0,7.73,roster,0,51.0,37.5,0.5484,43.55,2.1547,0.375,0.2587,3.4,32.17,7.81,13.4,10.16,10.925
2025-04-27 05:00:00,5,15,15,3.0,3.0,6.0,2.0,1.0,1.0,2,2,8,1,9,1,32.867,467.0,433.0,497.0,19.2,3.0,7.73,roster,0,50.0,37.5,0.5376,44.95,2.1124,0.375,0.2587,3.3333,32.17,7.81,13.4,11.56,12.425
2025-04-27 06:00:00,6,15,15,3.0,4.0,7.0,0.0,1.0,1.0,2,2,8,1,9,1,33.867,527.0,493.0,557.0,20.2,3.0,7.73,roster,0,53.0,37.5,0.5699,46.34,2.2392,0.375,0.2587,3.5333,32.17,7.81,13.4,12.95,13.925
2025-04-27 07:00:00,7,15,15,2.0,5.0,7.0,0.0,1.0,1.0,1,1,9,0,9,0,34.867,587.0,482.0,617.0,21.2,3.0,7.73,roster,0,52.0,37.5,0.5591,34.34,1.7485,0.375,0.1294,3.4667,32.17,7.81,0.0,14.35,15.425
2025-04-27 08:00:00,8,15,15,2.0,5.0,7.0,0.0,1.0,1.0,3,2,10,0,10,0,22.2,632.5,510.0,677.0,22.2,3.0,7.09,roster,0,52.0,37.5,0.5778,36.6,2.2779,0.375,0.2821,3.4667,32.17,8.68,0.0,15.74,16.925
2025-04-27 09:00:00,9,18,18,2.0,5.0,8.0,2.0,1.0,1.0,4,4,10,0,10,0,23.2,692.5,570.0,737.0,23.2,3.0,7.09,roster,0,59.0,45.0,0.6556,44.43,3.3242,0.45,0.5642,3.2778,38.61,8.68,0.0,17.14,18.425
2025-04-27 10:00:00,10,22,22,1.0,4.0,14.0,2.0,1.0,1.0,13,11,8,0,8,0,24.2,777.0,738.0,850.0,24.2,4.0,10.34,roster,0,68.0,55.0,0.5312,53.9,4.9882,0.55,1.0638,3.0909,47.19,6.95,0.0,19.76,21.25
2025-04-27 11:00:00,11,26,26,1.0,4.0,18.0,2.0,1.0,1.0,11,8,10,0,10,0,25.2,812.5,274.0,857.0,25.2,4.0,10.34,roster,0,80.0,65.0,0.6667,64.38,4.3806,0.65,0.7737,3.0769,55.77,8.68,0.0,19.93,21.425
2025-04-27 12:00:00,12,27,27,0.0,4.0,19.0,3.0,1.0,1.0,10,10,10,0,10,0,26.2,254.5,104.0,907.0,26.2,4.0,10.34,roster,0,80.0,67.5,0.6667,67.69,4.8655,0.675,0.9671,2.963,57.92,8.68,0.0,21.09,22.675
2025-04-27 13:00:00,13,24,24,0.0,4.0,18.0,1.0,1.0,1.0,9,8,12,0,12,0,27.2,177.0,131.0,967.0,27.2,4.0,10.34,roster,0,73.0,60.0,0.6518,64.38,4.1783,0.6,0.7737,3.0417,51.48,10.42,0.0,22.48,24.175
2025-04-27 14:00:00,14,25,25,0.0,6.0,18.0,0.0,1.0,1.0,10,10,12,0,12,0,28.2,237.0,161.0,1027.0,28.2,4.0,10.34,roster,0,79.0,62.5,0.7054,67.92,5.0311,0.625,0.9671,3.16,53.62,10.42,0.0,23.88,25.675
2025-04-27 15:00:00,15,26,26,0.0,7.0,16.0,2.0,1.0,1.0,10,8,13,0,13,0,29.2,258.0,212.0,1067.0,29.2,4.0,10.34,roster,0,81.0,65.0,0.75,71.87,4.4354,0.65,0.7737,3.1154,55.77,11.29,0.0,24.81,26.675
2025-04-27 16:00:00,16,23,23,0.0,6.0,15.0,1.0,1.0,1.0,7,6,13,0,13,0,30.2,318.0,272.0,1127.0,30.2,4.0,10.34,roster,0,72.0,57.5,0.6667,66.83,3.6165,0.575,0.5803,3.1304,49.33,11.29,0.0,26.2,28.175
2025-04-27 17:00:00,17,24,24,0.0,6.0,17.0,0.0,1.0,1.0,6,6,16,0,16,0,31.2,340.0,199.0,1187.0,31.2,4.0,10.34,roster,0,76.0,60.0,0.7917,72.97,3.7375,0.6,0.5803,3.1667,51.48,13.89,0.0,27.6,29.675
2025-04-27 18:00:00,18,34,34,0.0,9.0,24.0,0.0,1.0,1.0,15,15,16,0,16,0,32.2,400.0,259.0,1247.0,32.2,4.0,10.34,roster,0,109.0,85.0,1.1354,95.82,7.3757,0.85,1.4507,3.2059,72.93,13.89,0.0,28.99,31.175
2025-04-27 19:00:00,19,37,37,0.0,9.0,27.0,0.0,1.0,1.0,13,14,16,0,16,0,33.2,455.5,252.0,1307.0,33.2,4.0,10.34,roster,0,118.0,92.5,1.2292,103.65,7.2681,0.925,1.354,3.1892,79.36,13.89,0.0,30.39,32.675
2025-04-27 20:00:00,20,43,43,0.0,12.0,30.0,0.0,1.0,1.0,16,16,18,0,18,0,34.2,449.0,242.0,814.0,34.2,4.0,9.63,roster,0,139.0,107.5,1.5795,106.79,8.8458,1.075,1.6615,3.2326,92.24,15.63,0.0,18.93,20.35
2025-04-27 21:00:00,21,49,49,1.0,14.0,33.0,0.0,1.0,1.0,15,15,19,1,20,1,35.2,442.5,219.0,874.0,35.2,4.0,9.63,roster,0,161.0,122.5,2.0125,136.19,9.1429,1.225,1.5576,3.2857,105.1,17.37,13.4,20.32,21.85
2025-04-27 22:00:00,22,45,45,1.0,13.0,30.0,0.0,1.0,1.0,10,8,22,1,23,1,36.2,432.0,147.0,678.0,36.2,3.0,6.38,roster,0,148.0,112.5,2.902,125.66,7.824,1.125,1.2539,3.2889,96.52,19.97,13.4,15.76,16.95
2025-04-27 23:00:00,23,41,41,0.0,15.0,25.0,0.0,1.0,1.0,7,7,23,1,24,1,37.2,460.0,207.0,738.0,37.2,3.0,6.38,roster,0,136.0,102.5,2.8333,119.34,7.0394,1.025,1.0972,3.3171,87.94,20.84,13.4,17.16,18.45
2025-04-28 00:00:00,0,42,42,1.0,18.0,22.0,0.0,1.0,1.0,11,10,23,1,24,1,38.2,520.0,267.0,798.0,38.2,3.0,6.38,roster,0,144.0,105.0,3.0,122.88,8.9739,1.05,1.5674,3.4286,90.09,20.84,13.4,18.55,19.95
2025-04-28 01:00:00,1,47,47,2.0,17.0,28.0,0.0,0.0,1.0,13,13,25,1,26,1,39.2,482.0,278.0,821.0,39.2,3.0,6.38,roster,0,162.0,117.5,3.8571,135.88,11.0733,1.175,2.0376,3.4468,100.82,22.58,13.4,19.09,20.525
2025-04-28 02:00:00,2,51,51,2.0,16.0,31.0,2.0,0.0,1.0,7,7,27,2,29,2,40.2,438.0,234.0,872.0,40.2,3.0,6.38,roster,0,171.0,127.5,5.1818,161.65,7.9538,1.275,1.0972,3.3529,109.39,25.18,26.8,20.27,21.8
2025-04-28 03:00:00,3,48,48,2.0,14.0,31.0,1.0,0.0,1.0,4,2,26,2,28,2,41.2,520.0,338.0,941.0,41.2,3.0,6.38,roster,0,161.0,120.0,4.4722,155.95,5.0765,1.2,0.3135,3.3542,102.96,24.31,26.8,21.88,23.525
2025-04-28 04:00:00,4,43,43,2.0,14.0,27.0,0.0,0.0,1.0,1,1,26,2,28,2,42.2,580.0,398.0,1001.0,42.2,3.0,6.38,roster,0,147.0,107.5,4.0833,146.62,4.2108,1.075,0.1567,3.4186,92.24,24.31,26.8,23.27,25.025
2025-04-28 05:00:00,5,36,36,1.0,12.0,23.0,0.0,0.0,1.0,2,1,26,0,26,0,43.2,722.0,512.0,1061.0,43.2,3.0,6.38,roster,0,122.0,90.0,2.9048,104.46,3.5812,0.9,0.1567,3.3889,77.22,22.58,0.0,24.67,26.525
2025-04-28 06:00:00,6,36,36,1.0,12.0,23.0,0.0,0.0,1.0,1,1,26,0,26,0,44.2,782.0,572.0,1121.0,44.2,3.0,6.38,roster,0,122.0,90.0,2.9048,105.86,3.5812,0.9,0.1567,3.3889,77.22,22.58,0.0,26.06,28.025
2025-04-28 07:00:00,7,36,36,1.0,11.0,24.0,0.0,0.0,1.0,2,1,27,0,27,0,45.2,782.0,578.0,1181.0,45.2,3.0,6.38,roster,0,121.0,90.0,3.1026,108.12,3.5518,0.9,0.1567,3.3611,77.22,23.44,0.0,27.46,29.525
2025-04-28 08:00:00,8,45,45,1.0,12.0,32.0,0.0,0.0,1.0,10,10,28,0,28,0,46.2,820.0,638.0,1241.0,46.2,3.0,7.03,roster,0,149.0,112.5,4.1389,129.69,8.435,1.125,1.4225,3.3111,96.52,24.31,0.0,28.85,31.025
2025-04-28 09:00:00,9,41,41,1.0,10.0,30.0,0.0,0.0,1.0,2,3,27,0,27,0,37.167,852.0,555.0,1166.0,37.167,3.0,7.03,roster,0,135.0,102.5,3.4615,118.5,4.7801,1.025,0.4267,3.2927,87.94,23.44,0.0,27.11,29.15
2025-04-28 10:00:00,10,48,48,3.0,10.0,34.0,1.0,0.0,1.0,10,10,25,0,25,0,38.167,918.0,639.0,1226.0,38.167,4.0,12.01,roster,0,159.0,120.0,2.65,133.17,6.7331,1.2,0.8326,3.3125,102.96,21.71,0.0,28.5,30.65
2025-04-28 11:00:00,11,47,47,3.0,9.0,35.0,0.0,0.0,1.0,14,14,21,2,23,2,39.167,878.0,259.0,1148.0,39.167,4.0,12.01,roster,0,156.0,117.5,2.2941,154.28,7.7691,1.175,1.1657,3.3191,100.82,19.97,26.8,26.69,28.7
2025-04-28 12:00:00,12,43,43,1.0,9.0,33.0,0.0,0.0,1.0,4,5,23,1,24,1,40.167,935.0,156.0,1208.0,40.167,4.0,12.01,roster,0,140.0,107.5,2.1875,134.56,4.8555,1.075,0.4163,3.2558,92.24,20.84,13.4,28.09,30.2
2025-04-28 13:00:00,13,40,40,1.0,10.0,29.0,0.0,0.0,1.0,6,5,21,1,22,1,30.567,893.5,176.0,1142.0,30.567,4.0,12.01,roster,0,132.0,100.0,1.8333,124.85,4.6739,1.0,0.4163,3.3,85.8,19.1,13.4,26.55,28.55
2025-04-28 14:00:00,14,39,39,1.0,10.0,27.0,1.0,0.0,1.0,8,8,18,2,20,2,31.567,359.0,199.0,1322.0,31.567,4.0,12.01,roster,0,128.0,97.5,1.6,138.56,5.3862,0.975,0.6661,3.2821,83.66,17.37,26.8,30.74,33.05
2025-04-28 15:00:00,15,36,36,1.0,10.0,24.0,1.0,0.0,1.0,4,4,20,3,23,3,32.567,296.0,147.0,1212.0,32.567,4.0,12.01,roster,0,119.0,90.0,1.75,145.57,4.0759,0.9,0.3331,3.3056,77.22,19.97,40.2,28.18,30.3
2025-04-28 16:00:00,16,34,34,1.0,10.0,23.0,0.0,0.0,1.0,7,6,18,2,20,2,33.567,337.5,207.0,1322.0,33.567,4.0,12.01,roster,0,114.0,85.0,1.425,127.83,4.5251,0.85,0.4996,3.3529,72.93,17.37,26.8,30.74,33.05
2025-04-28 17:00:00,17,32,32,0.0,10.0,22.0,0.0,0.0,1.0,4,4,19,2,21,2,34.567,379.0,263.0,1332.0,34.567,4.0,12.01,roster,0,106.0,80.0,1.3947,124.64,3.7532,0.8,0.3331,3.3125,68.64,18.23,26.8,30.97,33.3
2025-04-28 18:00:00,18,32,32,0.0,8.0,24.0,0.0,0.0,1.0,6,5,22,1,23,1,35.567,369.0,267.0,1392.0,35.567,4.0,12.01,roster,0,104.0,80.0,1.5294,114.38,3.953,0.8,0.4163,3.25,68.64,19.97,13.4,32.36,34.8
2025-04-28 19:00:00,19,35,35,0.0,9.0,26.0,0.0,0.0,1.0,7,6,22,1,23,1,36.567,429.0,327.0,1452.0,36.567,4.0,12.01,roster,0,114.0,87.5,1.6765,122.21,4.4772,0.875,0.4996,3.2571,75.08,19.97,13.4,33.76,36.3
2025-04-28 20:00:00,20,44,44,0.0,11.0,33.0,0.0,0.0,1.0,14,14,22,1,23,1,37.567,489.0,387.0,1512.0,37.567,4.0,12.74,roster,0,143.0,110.0,2.1029,142.91,7.1464,1.1,1.0989,3.25,94.38,19.97,13.4,35.15,37.8
2025-04-28 21:00:00,21,39,39,1.0,9.0,29.0,0.0,0.0,1.0,3,1,25,1,26,1,31.433,512.5,257.0,1275.0,31.433,4.0,12.74,roster,0,128.0,97.5,2.2857,129.27,3.4576,0.975,0.0785,3.2821,83.66,22.58,13.4,29.64,31.875
2025-04-28 22:00:00,22,33,33,2.0,7.0,24.0,0.0,0.0,1.0,6,5,22,1,23,1,32.433,578.0,311.0,1335.0,32.433,3.0,7.76,roster,0,110.0,82.5,2.1569,115.19,4.8978,0.825,0.6443,3.3333,70.78,19.97,13.4,31.04,33.375
2025-04-28 23:00:00,23,33,33,2.0,6.0,25.0,0.0,0.0,1.0,7,6,21,0,21,0,33.433,627.0,255.0,942.0,33.433,3.0,7.76,roster,0,109.0,82.5,1.9123,90.92,5.2789,0.825,0.7732,3.303,70.78,18.23,0.0,21.9,23.55
2025-04-29 00:00:00,0,37,37,2.0,8.0,27.0,0.0,0.0,1.0,5,5,22,0,22,0,34.433,672.0,280.0,1002.0,34.433,3.0,7.76,roster,0,123.0,92.5,2.2778,101.76,5.217,0.925,0.6443,3.3243,79.36,19.1,0.0,23.3,25.05
2025-04-29 01:00:00,1,32,32,2.0,8.0,22.0,0.0,0.0,1.0,4,3,22,1,23,1,35.433,717.0,329.0,1062.0,35.433,3.0,7.76,roster,0,108.0,80.0,2.1176,106.7,4.0048,0.8,0.3866,3.375,68.64,19.97,13.4,24.69,26.55
2025-04-29 02:00:00,2,28,28,2.0,8.0,18.0,0.0,0.0,1.0,4,3,22,0,22,0,36.433,792.0,400.0,1122.0,36.433,3.0,7.76,roster,0,96.0,70.0,1.7778,85.25,3.7255,0.7,0.3866,3.4286,60.06,19.1,0.0,26.09,28.05
2025-04-29 03:00:00,3,32,32,2.0,9.0,21.0,0.0,0.0,1.0,6,5,22,0,22,0,37.433,852.0,460.0,1182.0,37.433,3.0,7.76,roster,0,109.0,80.0,2.0185,95.22,4.9197,0.8,0.6443,3.4062,68.64,19.1,0.0,27.48,29.55
2025-04-29 04:00:00,4,30,30,3.0,9.0,18.0,0.0,0.0,1.0,1,1,24,0,24,0,38.433,882.0,509.0,1242.0,38.433,3.0,7.76,roster,0,105.0,75.0,2.1875,94.07,3.076,0.75,0.1289,3.5,64.35,20.84,0.0,28.88,31.05
2025-04-29 05:00:00,5,34,34,3.0,8.0,23.0,0.0,0.0,1.0,5,5,25,0,25,0,39.433,927.0,542.0,1136.0,39.433,3.0,7.76,roster,0,116.0,85.0,2.5778,101.05,5.0983,0.85,0.6443,3.4118,72.93,21.71,0.0,26.41,28.4
2025-04-29 06:00:00,6,39,39,3.0,9.0,27.0,0.0,0.0,1.0,5,5,25,0,25,0,40.433,987.0,602.0,1196.0,40.433,3.0,7.76,roster,0,132.0,97.5,2.9333,113.17,5.4808,0.975,0.6443,3.3846,83.66,21.71,0.0,27.81,29.9
2025-04-29 07:00:00,7,38,38,3.0,10.0,25.0,0.0,0.0,1.0,2,2,26,0,26,0,41.433,1037.5,640.0,1256.0,41.433,3.0,7.76,roster,0,130.0,95.0,3.0952,113.29,4.1317,0.95,0.2577,3.4211,81.51,22.58,0.0,29.2,31.4
2025-04-29 08:00:00,8,37,37,3.0,10.0,23.0,1.0,0.0,1.0,5,4,27,0,27,0,42.433,1088.0,638.0,1316.0,42.433,3.0,6.35,roster,0,126.0,92.5,3.2308,113.41,5.2951,0.925,0.6299,3.4054,79.36,23.44,0.0,30.6,32.9
2025-04-29 09:00:00,9,47,47,3.0,14.0,27.0,3.0,0.0,1.0,12,12,26,0,26,0,43.433,1059.5,698.0,1339.0,43.433,3.0,6.35,roster,0,158.0,117.5,3.7619,134.52,10.3028,1.175,1.8898,3.3617,100.82,22.58,0.0,31.13,33.475
2025-04-29 10:00:00,10,47,47,3.0,13.0,28.0,3.0,0.0,1.0,7,7,28,1,29,1,44.433,880.0,415.0,1298.0,44.433,4.0,9.81,roster,0,157.0,117.5,3.5682,149.57,6.3086,1.175,0.7136,3.3404,100.82,25.18,13.4,30.18,32.45
2025-04-29 11:00:00,11,48,48,3.0,11.0,30.0,4.0,0.0,1.0,11,10,23,2,25,2,45.433,880.0,290.0,1287.0,45.433,4.0,9.81,roster,0,157.0,120.0,2.6167,161.39,7.2592,1.2,1.0194,3.2708,102.96,21.71,26.8,29.92,32.175
2025-04-29 12:00:00,12,49,49,3.0,11.0,32.0,3.0,0.0,1.0,8,8,25,2,27,2,46.433,749.0,227.0,1328.0,46.433,4.0,9.81,roster,0,161.0,122.5,3.0962,166.23,6.7045,1.225,0.8155,3.2857,105.1,23.44,26.8,30.88,33.2
2025-04-29 13:00:00,13,43,43,3.0,8.0,28.0,4.0,0.0,1.0,7,7,24,1,25,1,47.433,629.0,287.0,1095.0,47.433,4.0,9.81,roster,0,139.0,107.5,2.3167,132.8,5.7816,1.075,0.7136,3.2326,92.24,21.71,13.4,25.46,27.375
2025-04-29 14:00:00,14,51,51,3.0,8.0,36.0,4.0,0.0,1.0,13,11,25,2,27,2,48.433,655.0,235.0,1155.0,48.433,4.0,9.81,roster,0,163.0,127.5,3.1346,166.49,7.6588,1.275,1.1213,3.1961,109.39,23.44,26.8,26.85,28.875
2025-04-29 15:00:00,15,45,45,3.0,5.0,35.0,2.0,0.0,1.0,5,5,24,1,25,1,49.433,715.0,290.0,1180.0,49.433,4.0,9.81,roster,0,144.0,112.5,2.4,139.07,5.231,1.125,0.5097,3.2,96.52,21.71,13.4,27.44,29.5
2025-04-29 16:00:00,16,40,40,3.0,7.0,28.0,2.0,0.0,1.0,6,6,20,1,21,1,30.267,519.0,227.0,1118.0,27.783,4.0,9.81,roster,0,131.0,100.0,1.7237,123.43,5.2781,1.0,0.6116,3.275,85.8,18.23,13.4,25.99,27.95
2025-04-29 17:00:00,17,34,34,3.0,8.0,22.0,1.0,0.0,1.0,6,6,21,1,22,1,31.267,540.5,233.0,1178.0,28.783,4.0,9.81,roster,0,115.0,85.0,1.5972,112.82,4.9437,0.85,0.6116,3.3824,72.93,19.1,13.4,27.39,29.45
2025-04-29 18:00:00,18,41,41,3.0,9.0,27.0,2.0,0.0,1.0,8,8,24,1,25,1,32.267,475.0,215.0,1109.0,29.783,4.0,9.81,roster,0,136.0,102.5,2.2667,128.84,6.1051,1.025,0.8155,3.3171,87.94,21.71,13.4,25.78,27.725
2025-04-29 19:00:00,19,49,49,3.0,11.0,32.0,3.0,0.0,1.0,12,12,25,1,26,1,33.267,532.5,253.0,1169.0,30.783,4.0,9.81,roster,0,161.0,122.5,2.875,148.26,8.0442,1.225,1.2232,3.2857,105.1,22.58,13.4,27.18,29.225
2025-04-29 20:00:00,20,45,45,3.0,11.0,29.0,2.0,0.0,1.0,7,7,28,1,29,1,34.267,511.0,239.0,1049.0,31.783,4.0,10.75,roster,0,150.0,112.5,3.4091,139.5,5.9205,1.125,0.6512,3.3333,96.52,25.18,13.4,24.39,26.225
2025-04-29 21:00:00,21,45,45,3.0,9.0,32.0,1.0,0.0,1.0,7,7,28,2,30,2,35.267,549.0,248.0,1109.0,32.783,4.0,10.75,roster,0,149.0,112.5,3.725,155.16,5.8811,1.125,0.6512,3.3111,96.52,26.05,26.8,25.78,27.725
2025-04-29 22:00:00,22,39,39,3.0,8.0,27.0,1.0,0.0,1.0,6,6,26,0,26,0,36.267,648.5,359.0,1349.0,33.783,3.0,7.29,roster,0,130.0,97.5,3.0952,117.6,5.9935,0.975,0.823,3.3333,83.66,22.58,0.0,31.36,33.725
2025-04-29 23:00:00,23,39,39,4.0,8.0,25.0,2.0,0.0,1.0,5,5,26,0,26,0,37.267,708.5,419.0,1409.0,34.783,3.0,7.29,roster,0,131.0,97.5,3.119,118.99,5.5788,0.975,0.6859,3.359,83.66,22.58,0.0,32.76,35.225
2025-04-30 00:00:00,0,39,39,4.0,9.0,25.0,1.0,0.0,1.0,9,7,26,1,27,1,35.783,707.0,428.0,1469.0,35.783,3.0,7.29,roster,0,133.0,97.5,3.4103,134.65,6.5996,0.975,0.9602,3.4103,83.66,23.44,13.4,34.15,36.725
2025-04-30 01:00:00,1,42,42,4.0,10.0,27.0,1.0,0.0,1.0,5,5,28,1,29,1,36.783,713.0,485.0,1349.0,36.783,3.0,7.29,roster,0,143.0,105.0,4.3333,140.04,5.9102,1.05,0.6859,3.4048,90.09,25.18,13.4,31.36,33.725
2025-04-30 02:00:00,2,37,37,3.0,11.0,22.0,1.0,0.0,1.0,2,2,29,0,29,0,37.783,773.0,545.0,1409.0,37.783,3.0,7.29,roster,0,127.0,92.5,3.8485,117.31,4.1167,0.925,0.2743,3.4324,79.36,25.18,0.0,32.76,35.225
2025-04-30 03:00:00,3,38,38,3.0,12.0,22.0,1.0,0.0,1.0,4,4,30,0,30,0,38.783,794.0,584.0,1469.0,38.783,3.0,7.29,roster,0,131.0,95.0,4.3667,121.71,5.1666,0.95,0.5487,3.4474,81.51,26.05,0.0,34.15,36.725
2025-04-30 04:00:00,4,35,35,3.0,12.0,20.0,0.0,0.0,1.0,0,0,31,0,31,0,39.783,815.0,586.0,1529.0,39.783,3.0,7.29,roster,0,123.0,87.5,4.5556,117.54,3.075,0.875,0.0,3.5143,75.08,26.92,0.0,35.55,38.225
2025-04-30 05:00:00,5,36,36,3.0,13.0,20.0,0.0,0.0,1.0,1,1,31,0,31,0,40.783,875.0,646.0,1589.0,40.783,3.0,7.29,roster,0,127.0,90.0,4.7037,121.08,3.6589,0.9,0.1372,3.5278,77.22,26.92,0.0,36.94,39.725
2025-04-30 06:00:00,6,35,35,3.0,12.0,20.0,0.0,0.0,1.0,0,0,31,0,31,0,41.783,935.0,706.0,1649.0,41.783,3.0,7.29,roster,0,123.0,87.5,4.5556,120.33,3.075,0.875,0.0,3.5143,75.08,26.92,0.0,38.34,41.225
2025-04-30 07:00:00,7,37,37,3.0,11.0,23.0,0.0,0.0,1.0,3,3,31,0,31,0,42.783,995.0,766.0,1709.0,42.783,3.0,7.29,roster,0,128.0,92.5,4.7407,126.02,4.6236,0.925,0.4115,3.4595,79.36,26.92,0.0,39.73,42.725
2025-04-30 08:00:00,8,40,40,3.0,13.0,23.0,1.0,0.0,1.0,6,6,31,0,31,0,43.783,1055.0,826.0,1769.0,43.783,3.0,7.75,roster,0,138.0,100.0,5.1111,133.85,6.121,1.0,0.7742,3.45,85.8,26.92,0.0,41.13,44.225
2025-04-30 09:00:00,9,40,40,2.0,12.0,25.0,1.0,0.0,1.0,5,4,29,0,29,0,43.45,1093.0,886.0,1627.0,43.45,3.0,7.75,roster,0,135.0,100.0,4.0909,128.81,5.1169,1.0,0.5161,3.375,85.8,25.18,0.0,37.83,40.675
2025-04-30 10:00:00,10,36,36,2.0,11.0,21.0,2.0,0.0,1.0,4,4,26,0,26,0,38.667,1133.0,884.0,1522.0,38.667,4.0,11.45,roster,0,121.0,90.0,2.1607,115.18,4.1992,0.9,0.3493,3.3611,77.22,22.58,0.0,35.39,38.05
2025-04-30 11:00:00,11,33,33,1.0,12.0,20.0,0.0,0.0,1.0,7,7,21,0,21,0,39.667,1178.0,983.0,1495.0,39.667,4.0,11.45,roster,0,113.0,82.5,1.4868,103.78,4.9184,0.825,0.6114,3.4242,70.78,18.23,0.0,34.76,37.375
2025-04-30 12:00:00,12,27,27,1.0,8.0,18.0,0.0,0.0,1.0,7,5,19,0,19,0,39.667,1145.0,276.0,1273.0,39.667,4.0,11.45,roster,0,91.0,67.5,1.0833,84.01,3.7468,0.675,0.4367,3.3704,57.92,16.5,0.0,29.6,31.825
2025-04-30 13:00:00,13,28,28,1.0,6.0,20.0,1.0,0.0,1.0,10,9,15,1,16,1,40.667,1114.5,152.0,1298.0,40.667,4.0,11.45,roster,0,91.0,70.0,0.9479,97.53,4.8296,0.7,0.786,3.25,60.06,13.89,13.4,30.18,32.45
2025-04-30 14:00:00,14,20,20,1.0,3.0,15.0,1.0,0.0,1.0,1,1,11,2,13,2,41.667,185.0,130.0,666.0,41.667,4.0,11.45,roster,0,64.0,50.0,0.5926,76.47,1.8795,0.5,0.0873,3.2,42.9,11.29,26.8,15.48,16.65
2025-04-30 15:00:00,15,17,17,1.0,1.0,13.0,2.0,0.0,1.0,6,6,6,1,7,1,42.667,245.0,159.0,726.0,42.667,4.0,11.45,roster,0,52.0,42.5,0.3939,52.82,2.9029,0.425,0.524,3.0588,36.46,6.08,13.4,16.88,18.15
2025-04-30 16:00:00,16,16,16,0.0,2.0,13.0,1.0,0.0,1.0,6,6,5,1,6,1,13.1,260.0,83.0,305.0,13.1,4.0,11.45,roster,0,49.0,40.0,0.3603,40.02,2.8298,0.4,0.524,3.0625,34.32,5.21,13.4,7.09,7.625
2025-04-30 17:00:00,17,20,20,0.0,2.0,17.0,1.0,0.0,1.0,6,6,5,1,6,1,14.1,320.0,143.0,365.0,14.1,4.0,11.45,roster,0,61.0,50.0,0.4485,50.0,3.1233,0.5,0.524,3.05,42.9,5.21,13.4,8.49,9.125
2025-04-30 18:00:00,18,22,22,0.0,3.0,19.0,0.0,0.0,1.0,7,7,7,1,8,1,15.1,271.0,182.0,425.0,15.1,4.0,11.45,roster,0,69.0,55.0,0.5391,57.42,3.6424,0.55,0.6114,3.1364,47.19,6.95,13.4,9.88,10.625
2025-04-30 19:00:00,19,27,27,0.0,3.0,24.0,0.0,0.0,1.0,8,8,8,1,9,1,16.1,263.0,141.0,481.0,16.1,4.0,11.45,roster,0,84.0,67.5,0.6774,70.31,4.2737,0.675,0.6987,3.1111,57.92,7.81,13.4,11.18,12.025
2025-04-30 20:00:00,20,23,23,0.0,2.0,21.0,0.0,0.0,1.0,6,6,10,1,11,1,17.1,201.0,80.0,459.0,17.1,4.0,12.0,roster,0,71.0,57.5,0.6121,62.96,3.3185,0.575,0.5,3.087,49.33,9.55,13.4,10.67,11.475
2025-04-30 21:00:00,21,30,30,0.0,5.0,24.0,1.0,0.0,1.0,14,13,10,1,11,1,18.1,230.0,138.0,519.0,18.1,4.0,12.0,roster,0,94.0,75.0,0.8103,79.37,5.7444,0.75,1.0833,3.1333,64.35,9.55,13.4,12.07,12.975
2025-04-30 22:00:00,22,31,31,0.0,7.0,24.0,0.0,0.0,1.0,8,7,12,1,13,1,19.1,258.0,193.0,422.0,19.1,3.0,8.3,roster,0,100.0,77.5,1.2346,80.99,5.2206,0.775,0.8434,3.2258,66.5,11.29,13.4,9.81,10.55
2025-04-30 23:00:00,23,28,28,0.0,10.0,18.0,0.0,0.0,1.0,6,5,12,1,13,1,20.1,258.0,162.0,381.0,20.1,3.0,8.3,roster,0,94.0,70.0,1.1605,73.61,4.3724,0.7,0.6024,3.3571,60.06,11.29,13.4,8.86,9.525
