ts,hour,total,census,l1,l2,l3,l4,l5,tri_coverage,arrivals,arrival_present_1h,waitBed,waitICU,D_board,resus,maxLOS_h,awt_curr_min,board_q1_min,board_q3_min,board_max_h,Na,cap_sum,cap_source,src_gap,acuity,OCCUPANCY,EDWIN,NEDOCS,READI,READI_BR,READI_PR,READI_AR,NEDOCS_t_total,NEDOCS_t_board,NEDOCS_t_resus,NEDOCS_t_longest_admit,NEDOCS_E_h
2025-03-01 00:00:00,0,14,14,1.0,1.0,8.0,3.0,1.0,1.0,8,7,0,3,3,3,18.117,152.0,128.0,1087.0,18.117,3.0,7.25,roster,0,40.0,35.0,0.3604,78.11,3.7586,0.35,0.9655,2.8571,30.03,2.6,40.2,25.27,27.175
2025-03-01 01:00:00,1,12,12,1.0,3.0,6.0,1.0,1.0,1.0,4,4,0,3,3,3,19.117,212.0,188.0,1147.0,19.117,3.0,7.25,roster,0,38.0,30.0,0.3423,75.21,2.6971,0.3,0.5517,3.1667,25.74,2.6,40.2,26.67,28.675
2025-03-01 02:00:00,2,11,11,1.0,2.0,7.0,1.0,0.0,1.0,2,2,2,1,3,1,20.117,113.0,101.0,1207.0,20.117,3.0,7.25,roster,0,36.0,27.5,0.3243,47.66,1.8028,0.275,0.2759,3.2727,23.6,2.6,13.4,28.06,30.175
2025-03-01 03:00:00,3,12,12,1.0,2.0,9.0,0.0,0.0,1.0,7,5,2,1,3,1,21.117,173.0,161.0,1267.0,21.117,3.0,7.25,roster,0,40.0,30.0,0.3604,51.2,3.2989,0.3,0.6897,3.3333,25.74,2.6,13.4,29.46,31.675
2025-03-01 04:00:00,4,10,10,1.0,2.0,7.0,0.0,0.0,1.0,1,1,2,1,3,1,22.117,233.0,221.0,1327.0,22.117,3.0,7.25,roster,0,34.0,25.0,0.3063,48.31,1.319,0.25,0.1379,3.4,21.45,2.6,13.4,30.85,33.175
2025-03-01 05:00:00,5,9,9,1.0,2.0,6.0,0.0,0.0,1.0,1,1,3,1,4,1,23.117,287.0,281.0,1387.0,23.117,3.0,7.25,roster,0,31.0,22.5,0.287,48.43,1.2501,0.225,0.1379,3.4444,19.3,3.47,13.4,32.25,34.675
2025-03-01 06:00:00,6,9,9,1.0,3.0,5.0,0.0,0.0,1.0,2,2,3,1,4,1,24.117,347.0,341.0,1447.0,24.117,3.0,7.25,roster,0,32.0,22.5,0.2963,49.82,1.7808,0.225,0.2759,3.5556,19.3,3.47,13.4,33.64,36.175
2025-03-01 07:00:00,7,9,9,1.0,3.0,5.0,0.0,0.0,1.0,1,1,4,1,5,1,25.117,401.0,213.0,413.0,25.117,3.0,7.25,roster,0,32.0,22.5,0.3048,26.65,1.2904,0.225,0.1379,3.5556,19.3,4.34,13.4,9.6,10.325
2025-03-01 08:00:00,8,14,14,1.0,3.0,10.0,0.0,0.0,1.0,6,6,5,1,6,1,26.117,367.0,123.0,473.0,26.117,3.0,7.02,roster,0,47.0,35.0,0.4608,39.64,4.0444,0.35,0.8547,3.3571,30.03,5.21,13.4,11.0,11.825
2025-03-01 09:00:00,9,17,17,1.0,3.0,11.0,2.0,0.0,1.0,4,4,7,1,8,1,27.117,258.0,145.0,533.0,27.117,3.0,7.02,roster,0,54.0,42.5,0.5625,49.2,3.16,0.425,0.5698,3.1765,36.46,6.95,13.4,12.39,13.325
2025-03-01 10:00:00,10,19,19,1.0,3.0,14.0,1.0,0.0,1.0,9,8,6,1,7,1,28.117,205.0,133.0,593.0,28.117,4.0,10.27,roster,0,61.0,47.5,0.4621,54.02,4.0259,0.475,0.779,3.2105,40.75,6.08,13.4,13.79,14.825
2025-03-01 11:00:00,11,20,20,2.0,5.0,11.0,2.0,0.0,1.0,9,9,6,1,7,1,29.117,235.0,122.0,453.0,29.117,4.0,10.27,roster,0,67.0,50.0,0.5076,52.91,4.6107,0.5,0.8763,3.35,42.9,6.08,13.4,10.53,11.325
2025-03-01 12:00:00,12,24,24,2.0,7.0,13.0,2.0,0.0,1.0,12,11,6,1,7,1,30.117,176.0,98.0,295.0,30.117,4.0,10.27,roster,0,81.0,60.0,0.6136,57.82,5.6399,0.6,1.0711,3.375,51.48,6.08,13.4,6.86,7.375
2025-03-01 13:00:00,13,29,29,2.0,7.0,19.0,1.0,0.0,1.0,12,10,7,2,9,2,31.117,158.0,107.0,236.0,31.117,4.0,10.27,roster,0,97.0,72.5,0.7823,82.31,5.6819,0.725,0.9737,3.3448,62.2,7.81,26.8,5.49,5.9
2025-03-01 14:00:00,14,26,26,1.0,5.0,18.0,2.0,0.0,1.0,9,7,6,1,7,1,4.433,167.0,126.0,218.0,3.95,4.0,10.27,roster,0,83.0,65.0,0.6288,60.32,4.2509,0.65,0.6816,3.1923,55.77,6.08,13.4,5.07,5.45
2025-03-01 15:00:00,15,28,28,1.0,7.0,17.0,3.0,0.0,1.0,13,9,8,1,9,1,4.633,186.0,119.0,227.0,4.633,4.0,10.27,roster,0,90.0,70.0,0.7258,66.55,5.0668,0.7,0.8763,3.2143,60.06,7.81,13.4,5.28,5.675
2025-03-01 16:00:00,16,25,25,1.0,5.0,17.0,2.0,0.0,1.0,11,9,7,1,8,1,5.633,168.0,121.0,287.0,5.633,4.0,10.27,roster,0,80.0,62.5,0.625,60.64,4.8043,0.625,0.8763,3.2,53.62,6.95,13.4,6.67,7.175
2025-03-01 17:00:00,17,37,37,2.0,5.0,20.0,9.0,1.0,1.0,16,16,10,1,11,1,6.633,166.0,89.0,318.0,6.633,4.0,10.27,roster,0,109.0,92.5,0.9397,89.71,7.3146,0.925,1.5579,2.9459,79.36,9.55,13.4,7.39,7.95
2025-03-01 18:00:00,18,35,35,2.0,4.0,20.0,8.0,1.0,1.0,12,11,10,2,12,2,7.633,170.0,141.0,299.0,7.633,4.0,10.27,roster,0,103.0,87.5,0.9196,99.25,5.727,0.875,1.0711,2.9429,75.08,10.42,26.8,6.95,7.475
2025-03-01 19:00:00,19,32,32,2.0,2.0,18.0,9.0,1.0,1.0,9,10,8,2,10,2,8.633,203.0,121.0,301.0,8.633,4.0,10.27,roster,0,91.0,80.0,0.7583,91.12,5.044,0.8,0.9737,2.8438,68.64,8.68,26.8,7.0,7.525
2025-03-01 20:00:00,20,29,29,0.0,3.0,14.0,11.0,1.0,1.0,15,13,6,1,7,1,5.767,227.0,125.0,277.0,5.767,4.0,9.95,roster,0,77.0,72.5,0.5833,68.12,5.3941,0.725,1.3065,2.6552,62.2,6.08,13.4,6.44,6.925
2025-03-01 21:00:00,21,24,24,0.0,3.0,13.0,8.0,0.0,1.0,6,6,6,1,7,1,6.767,185.0,97.0,309.0,6.767,4.0,9.95,roster,0,67.0,60.0,0.5076,58.14,3.3584,0.6,0.603,2.7917,51.48,6.08,13.4,7.18,7.725
2025-03-01 22:00:00,22,21,21,0.0,1.0,14.0,6.0,0.0,1.0,12,10,4,0,4,0,6.15,187.5,130.0,369.0,6.15,3.0,6.7,roster,0,58.0,52.5,0.537,37.1,5.5722,0.525,1.4925,2.7619,45.04,3.47,0.0,8.58,9.225
2025-03-01 23:00:00,23,18,18,0.0,1.0,11.0,6.0,0.0,1.0,9,8,3,0,3,0,7.15,305.0,190.0,429.0,7.15,3.0,6.7,roster,0,49.0,45.0,0.4414,31.19,4.4754,0.45,1.194,2.7222,38.61,2.6,0.0,9.97,10.725
2025-03-02 00:00:00,0,18,18,0.0,1.0,10.0,7.0,0.0,1.0,10,8,3,0,3,0,8.15,365.0,250.0,489.0,8.15,3.0,6.7,roster,0,48.0,45.0,0.4324,32.58,4.3841,0.45,1.194,2.6667,38.61,2.6,0.0,11.37,12.225
2025-03-02 01:00:00,1,17,17,0.0,1.0,10.0,6.0,0.0,1.0,8,5,4,0,4,0,9.15,367.5,310.0,549.0,9.15,3.0,6.7,roster,0,46.0,42.5,0.4259,32.7,3.1693,0.425,0.7463,2.7059,36.46,3.47,0.0,12.76,13.725
2025-03-02 02:00:00,2,18,18,0.0,1.0,9.0,8.0,0.0,1.0,6,5,4,0,4,0,10.15,427.5,370.0,609.0,10.15,3.0,6.7,roster,0,47.0,45.0,0.4352,36.24,3.1236,0.45,0.7463,2.6111,38.61,3.47,0.0,14.16,15.225
2025-03-02 03:00:00,3,22,22,0.0,1.0,10.0,11.0,0.0,1.0,7,6,4,0,4,0,11.15,487.5,430.0,669.0,11.15,3.0,6.7,roster,0,56.0,55.0,0.5185,46.22,3.6795,0.55,0.8955,2.5455,47.19,3.47,0.0,15.55,16.725
2025-03-02 04:00:00,4,16,16,0.0,1.0,9.0,6.0,0.0,1.0,2,1,4,0,4,0,12.15,547.5,490.0,729.0,12.15,3.0,6.7,roster,0,43.0,40.0,0.3981,34.74,1.4761,0.4,0.1493,2.6875,34.32,3.47,0.0,16.95,18.225
2025-03-02 05:00:00,5,16,16,0.0,1.0,8.0,7.0,0.0,1.0,3,2,5,0,5,0,13.15,550.0,311.0,665.0,13.15,3.0,6.7,roster,0,42.0,40.0,0.4,34.12,1.8336,0.4,0.2985,2.625,34.32,4.34,0.0,15.46,16.625
2025-03-02 06:00:00,6,18,18,0.0,1.0,9.0,8.0,0.0,1.0,4,4,5,0,5,0,14.15,610.0,371.0,725.0,14.15,3.0,6.7,roster,0,47.0,45.0,0.4476,39.81,2.7339,0.45,0.597,2.6111,38.61,4.34,0.0,16.86,18.125
2025-03-02 07:00:00,7,20,20,0.0,1.0,13.0,6.0,0.0,1.0,6,6,6,0,6,0,15.15,550.5,207.0,785.0,15.15,3.0,6.7,roster,0,55.0,50.0,0.5392,46.36,3.8377,0.5,0.8955,2.75,42.9,5.21,0.0,18.25,19.625
2025-03-02 08:00:00,8,19,19,0.0,1.0,13.0,5.0,0.0,1.0,5,4,6,0,6,0,16.15,610.5,267.0,845.0,16.15,3.0,7.19,roster,0,53.0,47.5,0.5196,45.61,2.8769,0.475,0.5563,2.7895,40.75,5.21,0.0,19.65,21.125
2025-03-02 09:00:00,9,21,21,0.0,1.0,15.0,5.0,0.0,1.0,4,4,6,0,6,0,17.15,670.5,327.0,905.0,17.15,3.0,7.19,roster,0,59.0,52.5,0.5784,51.3,3.038,0.525,0.5563,2.8095,45.04,5.21,0.0,21.04,22.625
2025-03-02 10:00:00,10,22,22,1.0,1.0,15.0,5.0,0.0,1.0,9,8,4,0,4,0,18.15,907.5,850.0,1089.0,18.15,4.0,10.44,roster,0,64.0,55.0,0.4444,55.98,3.8292,0.55,0.7663,2.9091,47.19,3.47,0.0,25.32,27.225
2025-03-02 11:00:00,11,29,29,1.0,1.0,20.0,7.0,0.0,1.0,14,14,5,0,5,0,19.15,119.0,105.0,910.0,19.15,4.0,10.44,roster,0,83.0,72.5,0.5929,67.7,5.913,0.725,1.341,2.8621,62.2,4.34,0.0,21.16,22.75
2025-03-02 12:00:00,12,30,30,1.0,2.0,21.0,6.0,0.0,1.0,12,10,7,0,7,0,20.083,96.0,90.0,123.0,2.983,4.0,10.44,roster,0,88.0,75.0,0.6667,53.29,5.0097,0.75,0.9579,2.9333,64.35,6.08,0.0,2.86,3.075
2025-03-02 13:00:00,13,25,25,0.0,3.0,18.0,4.0,0.0,1.0,5,4,8,0,8,0,21.083,143.0,108.0,178.0,3.05,4.0,10.44,roster,0,74.0,62.5,0.5781,44.71,2.9841,0.625,0.3831,2.96,53.62,6.95,0.0,4.14,4.45
2025-03-02 14:00:00,14,28,28,0.0,2.0,21.0,5.0,0.0,1.0,8,7,7,0,7,0,22.083,210.0,168.0,238.0,4.05,4.0,10.44,roster,0,81.0,70.0,0.6136,51.67,3.9647,0.7,0.6705,2.8929,60.06,6.08,0.0,5.53,5.95
2025-03-02 15:00:00,15,23,23,0.0,3.0,18.0,2.0,0.0,1.0,8,7,6,0,6,0,23.083,204.5,108.0,256.0,4.5,4.0,10.44,roster,0,70.0,57.5,0.5147,40.5,3.7906,0.575,0.6705,3.0435,49.33,5.21,0.0,5.95,6.4
2025-03-02 16:00:00,16,28,28,0.0,3.0,23.0,2.0,0.0,1.0,13,12,5,0,5,0,24.083,288.0,241.0,316.0,5.5,4.0,10.44,roster,0,85.0,70.0,0.6071,51.75,5.6143,0.7,1.1494,3.0357,60.06,4.34,0.0,7.35,7.9
2025-03-02 17:00:00,17,32,32,1.0,3.0,22.0,6.0,0.0,1.0,12,12,5,0,5,0,23.517,301.0,122.0,348.0,6.267,4.0,10.44,roster,0,95.0,80.0,0.6786,61.07,5.7874,0.8,1.1494,2.9688,68.64,4.34,0.0,8.09,8.7
2025-03-02 18:00:00,18,38,38,1.0,4.0,27.0,6.0,0.0,1.0,14,13,6,1,7,1,24.517,182.0,66.0,408.0,7.267,4.0,10.44,roster,0,114.0,95.0,0.8636,90.47,6.5856,0.95,1.2452,3.0,81.51,6.08,13.4,9.49,10.2
2025-03-02 19:00:00,19,34,34,2.0,4.0,20.0,8.0,0.0,1.0,13,12,8,1,9,1,25.517,210.0,122.0,421.0,8.267,4.0,10.44,roster,0,102.0,85.0,0.8226,83.93,5.9983,0.85,1.1494,3.0,72.93,7.81,13.4,9.79,10.525
2025-03-02 20:00:00,20,28,28,3.0,4.0,14.0,7.0,0.0,1.0,8,7,7,1,8,1,26.517,244.0,182.0,528.0,9.267,4.0,10.54,roster,0,87.0,70.0,0.6797,72.68,4.2386,0.7,0.6641,3.1071,60.06,6.95,13.4,12.28,13.2
2025-03-02 21:00:00,21,35,35,2.0,5.0,14.0,14.0,0.0,1.0,16,15,7,1,8,1,27.517,304.0,242.0,588.0,10.267,4.0,10.54,roster,0,100.0,87.5,0.7812,89.09,6.5661,0.875,1.4231,2.8571,75.08,6.95,13.4,13.67,14.7
2025-03-02 22:00:00,22,31,31,2.0,5.0,16.0,7.0,1.0,1.0,16,16,7,1,8,1,28.517,364.0,302.0,648.0,11.267,3.0,7.29,roster,0,93.0,77.5,0.9688,81.91,8.9094,0.775,2.1948,3.0,66.5,6.95,13.4,15.07,16.2
2025-03-02 23:00:00,23,34,34,2.0,8.0,20.0,4.0,0.0,1.0,12,9,9,2,11,2,29.517,362.0,95.0,661.0,12.267,3.0,7.29,roster,0,110.0,85.0,1.2644,104.65,6.7442,0.85,1.2346,3.2353,72.93,9.55,26.8,15.37,16.525
2025-03-03 00:00:00,0,32,32,2.0,9.0,16.0,5.0,0.0,1.0,10,9,11,2,13,2,30.517,407.0,145.0,542.0,13.267,3.0,7.29,roster,0,104.0,80.0,1.284,99.33,6.6123,0.8,1.2346,3.25,68.64,11.29,26.8,12.6,13.55
2025-03-03 01:00:00,1,26,26,3.0,8.0,13.0,2.0,0.0,1.0,5,4,12,2,14,2,14.267,396.5,171.0,602.0,14.267,3.0,7.29,roster,0,90.0,65.0,1.1538,88.72,4.1493,0.65,0.5487,3.4615,55.77,12.16,26.8,14.0,15.05
2025-03-03 02:00:00,2,24,24,3.0,8.0,12.0,1.0,0.0,1.0,3,2,13,2,15,2,15.267,386.0,189.0,662.0,15.267,3.0,7.29,roster,0,85.0,60.0,1.1333,86.7,3.0967,0.6,0.2743,3.5417,51.48,13.02,26.8,15.39,16.55
2025-03-03 03:00:00,3,27,27,3.0,7.0,16.0,1.0,0.0,1.0,9,6,13,2,15,2,16.267,446.0,249.0,722.0,16.267,3.0,7.29,roster,0,93.0,67.5,1.24,94.53,5.1599,0.675,0.823,3.4444,57.92,13.02,26.8,16.79,18.05
2025-03-03 04:00:00,4,26,26,3.0,7.0,15.0,1.0,0.0,1.0,3,3,14,2,16,2,17.267,450.5,309.0,782.0,17.267,3.0,7.29,roster,0,90.0,65.0,1.25,94.64,3.6745,0.65,0.4115,3.4615,55.77,13.89,26.8,18.18,19.55
2025-03-03 05:00:00,5,24,24,3.0,8.0,12.0,1.0,0.0,1.0,2,1,14,2,16,2,18.267,510.5,369.0,842.0,18.267,3.0,7.29,roster,0,85.0,60.0,1.1806,91.75,2.6108,0.6,0.1372,3.5417,51.48,13.89,26.8,19.58,21.05
2025-03-03 06:00:00,6,22,22,3.0,9.0,9.0,1.0,0.0,1.0,1,1,14,2,16,2,19.267,570.5,429.0,902.0,19.267,3.0,7.29,roster,0,80.0,55.0,1.1111,88.85,2.4988,0.55,0.1372,3.6364,47.19,13.89,26.8,20.97,22.55
2025-03-03 07:00:00,7,22,22,3.0,8.0,10.0,1.0,0.0,1.0,2,2,15,2,17,2,20.267,575.0,432.0,846.0,20.267,3.0,7.29,roster,0,79.0,55.0,1.1449,88.42,2.9602,0.55,0.2743,3.5909,47.19,14.76,26.8,19.67,21.15
2025-03-03 08:00:00,8,24,24,3.0,8.0,12.0,1.0,0.0,1.0,3,3,15,2,17,2,21.267,635.0,492.0,906.0,21.267,3.0,7.76,roster,0,85.0,60.0,1.2319,94.11,3.4942,0.6,0.3866,3.5417,51.48,14.76,26.8,21.06,22.65
2025-03-03 09:00:00,9,36,36,4.0,9.0,22.0,1.0,0.0,1.0,13,13,15,2,17,2,22.267,695.0,552.0,966.0,22.267,3.0,7.76,roster,0,124.0,90.0,1.7971,121.24,8.8703,0.9,1.6753,3.4444,77.22,14.76,26.8,22.46,24.15
2025-03-03 10:00:00,10,37,37,4.0,11.0,22.0,0.0,0.0,1.0,7,6,16,4,20,4,23.267,690.0,452.0,1026.0,23.267,4.0,11.08,roster,0,130.0,92.5,1.625,154.19,5.1526,0.925,0.5415,3.5135,79.36,17.37,53.6,23.85,25.65
2025-03-03 11:00:00,11,36,36,4.0,13.0,17.0,2.0,0.0,1.0,8,8,15,4,19,4,24.267,672.0,154.0,1086.0,24.267,4.0,11.08,roster,0,127.0,90.0,1.5119,152.57,5.7221,0.9,0.722,3.5278,77.22,16.5,53.6,25.25,27.15
2025-03-03 12:00:00,12,37,37,3.0,12.0,20.0,2.0,0.0,1.0,12,11,14,4,18,4,25.267,689.0,211.0,1142.0,25.267,4.0,11.08,roster,0,127.0,92.5,1.4432,155.15,6.5826,0.925,0.9928,3.4324,79.36,15.63,53.6,26.55,28.55
2025-03-03 13:00:00,13,40,40,3.0,13.0,21.0,3.0,0.0,1.0,9,10,14,4,18,4,26.267,367.5,209.0,1202.0,26.267,4.0,11.08,roster,0,136.0,100.0,1.5455,162.98,6.4686,1.0,0.9025,3.4,85.8,15.63,53.6,27.95,30.05
2025-03-03 14:00:00,14,40,40,3.0,12.0,21.0,4.0,0.0,1.0,5,5,13,4,17,4,26.8,334.0,269.0,971.0,26.8,4.0,11.08,roster,0,134.0,100.0,1.4565,156.74,4.8617,1.0,0.4513,3.35,85.8,14.76,53.6,22.58,24.275
2025-03-03 15:00:00,15,40,40,2.0,11.0,24.0,3.0,0.0,1.0,9,9,14,3,17,3,27.8,391.0,199.0,1031.0,27.8,4.0,11.08,roster,0,132.0,100.0,1.4348,144.73,5.9805,1.0,0.8123,3.3,85.8,14.76,40.2,23.97,25.775
2025-03-03 16:00:00,16,37,37,1.0,10.0,23.0,3.0,0.0,1.0,10,10,12,2,14,2,28.8,356.5,167.0,1091.0,28.8,4.0,11.08,roster,0,120.0,92.5,1.1538,123.69,5.9271,0.925,0.9025,3.2432,79.36,12.16,26.8,25.37,27.275
2025-03-03 17:00:00,17,42,42,1.0,10.0,25.0,6.0,0.0,1.0,12,12,15,2,17,2,29.8,293.0,151.0,872.0,29.8,4.0,11.08,roster,0,132.0,105.0,1.4348,131.93,6.7038,1.05,1.083,3.1429,90.09,14.76,26.8,20.27,21.8
2025-03-03 18:00:00,18,47,47,1.0,12.0,27.0,7.0,0.0,1.0,9,9,18,2,20,2,30.8,260.0,137.0,932.0,30.8,4.0,11.08,roster,0,148.0,117.5,1.85,146.65,6.2578,1.175,0.8123,3.1489,100.82,17.37,26.8,21.67,23.3
2025-03-03 19:00:00,19,43,43,1.0,10.0,21.0,11.0,0.0,1.0,7,7,19,3,22,3,31.8,282.0,170.0,821.0,31.8,4.0,11.08,roster,0,130.0,107.5,1.8056,150.63,5.16,1.075,0.6318,3.0233,92.24,19.1,40.2,19.09,20.525
2025-03-03 20:00:00,20,30,30,1.0,9.0,12.0,8.0,0.0,1.0,3,2,19,3,22,3,32.8,342.0,226.0,881.0,32.8,4.0,11.2,roster,0,93.0,75.0,1.2917,124.14,2.8786,0.75,0.1786,3.1,64.35,19.1,40.2,20.48,22.025
2025-03-03 21:00:00,21,33,33,1.0,9.0,13.0,10.0,0.0,1.0,9,7,19,3,22,3,33.8,402.0,286.0,941.0,33.8,4.0,11.2,roster,0,100.0,82.5,1.3889,131.97,4.3939,0.825,0.625,3.0303,70.78,19.1,40.2,21.88,23.525
2025-03-03 22:00:00,22,39,39,1.0,9.0,19.0,10.0,0.0,1.0,12,12,20,3,23,3,34.8,451.0,310.0,1001.0,34.8,3.0,7.88,roster,0,118.0,97.5,2.3137,147.1,7.5576,0.975,1.5228,3.0256,83.66,19.97,40.2,23.27,25.025
2025-03-03 23:00:00,23,39,39,1.0,9.0,17.0,12.0,0.0,1.0,11,10,21,2,23,2,35.8,492.0,355.0,874.0,35.8,3.0,7.88,roster,0,116.0,97.5,2.2745,130.75,6.6746,0.975,1.269,2.9744,83.66,19.97,26.8,20.32,21.85
2025-03-04 00:00:00,0,47,47,0.0,12.0,21.0,14.0,0.0,1.0,14,13,23,2,25,2,36.8,485.0,377.0,713.0,36.8,3.0,7.88,roster,0,139.0,117.5,3.0889,145.9,8.354,1.175,1.6497,2.9574,100.82,21.71,26.8,16.58,17.825
2025-03-04 01:00:00,1,47,47,0.0,14.0,22.0,11.0,0.0,1.0,7,7,26,2,28,2,37.8,532.0,294.0,773.0,37.8,3.0,7.88,roster,0,144.0,117.5,4.0,149.9,6.3217,1.175,0.8883,3.0638,100.82,24.31,26.8,17.97,19.325
2025-03-04 02:00:00,2,42,42,0.0,11.0,20.0,11.0,0.0,1.0,5,4,27,1,28,1,38.8,592.0,326.0,833.0,38.8,3.0,7.88,roster,0,126.0,105.0,3.5,127.17,4.6728,1.05,0.5076,3.0,90.09,24.31,13.4,19.37,20.825
2025-03-04 03:00:00,3,41,41,0.0,10.0,21.0,10.0,0.0,1.0,2,2,27,0,27,0,39.8,650.0,335.0,893.0,39.8,3.0,7.88,roster,0,123.0,102.5,3.1538,112.15,3.8364,1.025,0.2538,3.0,87.94,23.44,0.0,20.76,22.325
2025-03-04 04:00:00,4,43,43,0.0,10.0,23.0,10.0,0.0,1.0,6,4,27,0,27,0,40.8,710.0,395.0,953.0,40.8,3.0,7.88,roster,0,129.0,107.5,3.3077,117.84,4.7478,1.075,0.5076,3.0,92.24,23.44,0.0,22.16,23.825
2025-03-04 05:00:00,5,40,40,0.0,10.0,18.0,12.0,0.0,1.0,2,2,28,0,28,0,41.8,768.0,455.0,1013.0,41.8,3.0,7.88,roster,0,118.0,100.0,3.2778,113.66,3.6987,1.0,0.2538,2.95,85.8,24.31,0.0,23.55,25.325
2025-03-04 06:00:00,6,40,40,0.0,10.0,18.0,12.0,0.0,1.0,4,3,28,0,28,0,42.8,828.0,515.0,1073.0,42.8,3.0,7.88,roster,0,118.0,100.0,3.2778,115.06,4.0731,1.0,0.3807,2.95,85.8,24.31,0.0,24.95,26.825
2025-03-04 07:00:00,7,40,40,0.0,11.0,20.0,9.0,0.0,1.0,4,4,27,0,27,0,43.8,890.0,575.0,1133.0,43.8,3.0,7.88,roster,0,122.0,100.0,3.1282,115.59,4.5982,1.0,0.5076,3.05,85.8,23.44,0.0,26.34,28.325
2025-03-04 08:00:00,8,40,40,0.0,10.0,22.0,8.0,0.0,1.0,6,4,29,0,29,0,44.8,946.0,570.0,1138.0,44.8,3.0,6.59,roster,0,122.0,100.0,3.697,117.44,4.9013,1.0,0.607,3.05,85.8,25.18,0.0,26.46,28.45
2025-03-04 09:00:00,9,43,43,0.0,10.0,26.0,7.0,0.0,1.0,8,7,27,0,27,0,45.8,1010.0,630.0,1253.0,45.8,3.0,6.59,roster,0,132.0,107.5,3.3846,124.81,6.5608,1.075,1.0622,3.0698,92.24,23.44,0.0,29.13,31.325
2025-03-04 10:00:00,10,52,52,0.0,12.0,32.0,8.0,0.0,1.0,14,14,25,0,25,0,46.8,1074.0,806.0,1313.0,46.8,4.0,9.93,roster,0,160.0,130.0,2.6667,143.77,8.3381,1.3,1.4099,3.0769,111.54,21.71,0.0,30.53,32.825
2025-03-04 11:00:00,11,51,51,0.0,15.0,29.0,7.0,0.0,1.0,12,12,23,0,23,0,47.8,1090.0,643.0,1318.0,47.8,4.0,9.93,roster,0,161.0,127.5,2.3676,140.01,7.8399,1.275,1.2085,3.1569,109.39,19.97,0.0,30.64,32.95
2025-03-04 12:00:00,12,51,51,1.0,14.0,30.0,6.0,0.0,1.0,9,9,22,2,24,2,48.8,596.0,117.0,1367.0,48.8,4.0,9.93,roster,0,163.0,127.5,2.5469,168.82,6.9717,1.275,0.9063,3.1961,109.39,20.84,26.8,31.78,34.175
2025-03-04 13:00:00,13,55,55,1.0,15.0,31.0,8.0,0.0,1.0,8,8,23,3,26,3,49.8,303.0,139.0,1254.0,49.8,4.0,9.93,roster,0,174.0,137.5,3.1071,189.91,6.8988,1.375,0.8056,3.1636,117.98,22.58,40.2,29.16,31.35
2025-03-04 14:00:00,14,54,54,1.0,13.0,33.0,7.0,0.0,1.0,9,9,21,4,25,4,47.033,246.0,182.0,1310.0,47.033,4.0,9.93,roster,0,170.0,135.0,2.8333,201.6,7.1033,1.35,0.9063,3.1481,115.83,21.71,53.6,30.46,32.75
2025-03-04 15:00:00,15,49,49,2.0,14.0,27.0,6.0,0.0,1.0,10,10,18,3,21,3,48.033,323.0,242.0,1374.0,48.033,4.0,9.93,roster,0,159.0,122.5,2.0921,175.48,7.2428,1.225,1.007,3.2449,105.1,18.23,40.2,31.95,34.35
2025-03-04 16:00:00,16,32,32,2.0,10.0,19.0,1.0,0.0,1.0,3,3,18,2,20,2,49.033,349.0,143.0,1430.0,49.033,4.0,9.93,roster,0,109.0,80.0,1.3625,126.05,3.7541,0.8,0.3021,3.4062,68.64,17.37,26.8,33.25,35.75
2025-03-04 17:00:00,17,42,42,3.0,11.0,24.0,4.0,0.0,1.0,14,14,17,2,19,2,50.033,362.0,165.0,1066.0,50.033,4.0,9.93,roster,0,139.0,105.0,1.6548,138.17,8.141,1.05,1.4099,3.3095,90.09,16.5,26.8,24.78,26.65
2025-03-04 18:00:00,18,41,41,3.0,10.0,24.0,4.0,0.0,1.0,6,6,19,1,20,1,51.033,398.5,220.0,1126.0,51.033,4.0,9.93,roster,0,135.0,102.5,1.6875,124.89,5.3645,1.025,0.6042,3.2927,87.94,17.37,13.4,26.18,28.15
2025-03-04 19:00:00,19,30,30,3.0,8.0,16.0,3.0,0.0,1.0,2,2,18,1,19,1,52.033,435.0,190.0,1123.0,52.033,4.0,9.93,roster,0,101.0,75.0,1.2024,100.36,3.2031,0.75,0.2014,3.3667,64.35,16.5,13.4,26.11,28.075
2025-03-04 20:00:00,20,30,30,3.0,7.0,16.0,4.0,0.0,1.0,6,4,18,0,18,0,53.033,423.0,250.0,1183.0,53.033,4.0,9.84,roster,0,99.0,75.0,1.125,87.48,3.8165,0.75,0.4065,3.3,64.35,15.63,0.0,27.5,29.575
2025-03-04 21:00:00,21,30,30,3.0,7.0,17.0,3.0,0.0,1.0,8,6,20,0,20,0,54.033,408.0,284.0,1243.0,54.033,4.0,9.84,roster,0,100.0,75.0,1.25,90.62,4.5325,0.75,0.6098,3.3333,64.35,17.37,0.0,28.9,31.075
2025-03-04 22:00:00,22,30,30,4.0,7.0,16.0,3.0,0.0,1.0,8,6,21,0,21,0,55.033,465.0,315.0,743.0,55.033,3.0,6.5,roster,0,102.0,75.0,1.7895,79.86,5.6885,0.75,0.9231,3.4,64.35,18.23,0.0,17.27,18.575
2025-03-04 23:00:00,23,36,36,4.0,6.0,20.0,6.0,0.0,1.0,10,9,21,1,22,1,56.033,519.5,327.0,803.0,56.033,3.0,6.5,roster,0,116.0,90.0,2.1481,108.39,7.3615,0.9,1.3846,3.2222,77.22,19.1,13.4,18.67,20.075
2025-03-05 00:00:00,0,32,32,4.0,6.0,19.0,3.0,0.0,1.0,9,5,21,1,22,1,57.033,579.5,387.0,863.0,57.033,3.0,6.5,roster,0,107.0,80.0,1.9815,101.21,5.2471,0.8,0.7692,3.3438,68.64,19.1,13.4,20.06,21.575
2025-03-05 01:00:00,1,28,28,4.0,6.0,17.0,1.0,0.0,1.0,2,1,21,1,22,1,58.033,639.5,447.0,923.0,58.033,3.0,6.5,roster,0,97.0,70.0,1.7963,94.02,2.958,0.7,0.1538,3.4643,60.06,19.1,13.4,21.46,23.075
2025-03-05 02:00:00,2,28,28,3.0,6.0,18.0,1.0,0.0,1.0,2,2,22,0,22,0,59.033,699.5,507.0,983.0,59.033,3.0,6.5,roster,0,95.0,70.0,1.7593,82.02,3.419,0.7,0.3077,3.3929,60.06,19.1,0.0,22.85,24.575
2025-03-05 03:00:00,3,31,31,3.0,7.0,20.0,1.0,0.0,1.0,4,4,23,0,23,0,60.033,754.0,457.0,1043.0,60.033,3.0,6.5,roster,0,105.0,77.5,2.0588,90.72,4.7094,0.775,0.6154,3.3871,66.5,19.97,0.0,24.25,26.075
2025-03-05 04:00:00,4,29,29,3.0,7.0,18.0,1.0,0.0,1.0,0,0,24,0,24,0,61.033,798.5,517.0,1103.0,61.033,3.0,6.5,roster,0,99.0,72.5,2.0625,88.69,2.475,0.725,0.0,3.4138,62.2,20.84,0.0,25.64,27.575
2025-03-05 05:00:00,5,31,31,3.0,7.0,20.0,1.0,0.0,1.0,3,3,24,0,24,0,62.033,858.5,577.0,1163.0,62.033,3.0,6.5,roster,0,105.0,77.5,2.1875,94.37,4.1883,0.775,0.4615,3.3871,66.5,20.84,0.0,27.04,29.075
2025-03-05 06:00:00,6,31,31,3.0,7.0,20.0,1.0,0.0,1.0,2,2,25,0,25,0,63.033,903.0,593.0,1181.0,63.033,3.0,6.5,roster,0,105.0,77.5,2.3333,95.66,3.6672,0.775,0.3077,3.3871,66.5,21.71,0.0,27.46,29.525
2025-03-05 07:00:00,7,32,32,3.0,8.0,20.0,1.0,0.0,1.0,4,4,25,0,25,0,64.033,963.0,653.0,1241.0,64.033,3.0,6.5,roster,0,109.0,80.0,2.4222,99.2,4.8212,0.8,0.6154,3.4062,68.64,21.71,0.0,28.85,31.025
2025-03-05 08:00:00,8,35,35,3.0,9.0,22.0,1.0,0.0,1.0,4,4,26,0,26,0,65.033,996.5,667.0,1301.0,65.033,3.0,7.08,roster,0,119.0,87.5,2.8333,107.9,4.8959,0.875,0.565,3.4,75.08,22.58,0.0,30.25,32.525
2025-03-05 09:00:00,9,34,34,3.0,8.0,21.0,2.0,0.0,1.0,4,4,25,0,25,0,66.033,1004.0,666.0,1275.0,66.033,3.0,7.08,roster,0,114.0,85.0,2.5333,104.28,4.7443,0.85,0.565,3.3529,72.93,21.71,0.0,29.64,31.875
2025-03-05 10:00:00,10,37,37,3.0,10.0,21.0,3.0,0.0,1.0,9,8,24,0,24,0,67.033,1049.5,726.0,1382.0,67.033,4.0,10.44,roster,0,124.0,92.5,1.9375,112.34,5.6681,0.925,0.7663,3.3514,79.36,20.84,0.0,32.13,34.55
2025-03-05 11:00:00,11,39,39,3.0,9.0,25.0,2.0,0.0,1.0,8,7,24,0,24,0,42.833,1071.0,587.0,1395.0,42.833,4.0,10.44,roster,0,130.0,97.5,2.0312,116.93,5.485,0.975,0.6705,3.3333,83.66,20.84,0.0,32.43,34.875
2025-03-05 12:00:00,12,41,41,3.0,9.0,28.0,1.0,0.0,1.0,8,8,24,0,24,0,43.833,952.0,421.0,1311.0,43.833,4.0,10.44,roster,0,137.0,102.5,2.1406,119.27,5.9855,1.025,0.7663,3.3415,87.94,20.84,0.0,30.48,32.775
2025-03-05 13:00:00,13,44,44,2.0,8.0,30.0,3.0,1.0,1.0,11,11,22,0,22,0,44.833,936.5,388.0,1354.0,44.833,4.0,10.44,roster,0,139.0,110.0,1.9306,124.96,6.8035,1.1,1.0536,3.1591,94.38,19.1,0.0,31.48,33.85
2025-03-05 14:00:00,14,43,43,2.0,7.0,33.0,1.0,0.0,1.0,10,10,23,0,23,0,45.833,703.0,134.0,1275.0,45.833,4.0,10.44,roster,0,139.0,107.5,2.0441,121.85,6.5713,1.075,0.9579,3.2326,92.24,19.97,0.0,29.64,31.875
2025-03-05 15:00:00,15,40,40,1.0,9.0,29.0,1.0,0.0,1.0,4,3,20,0,20,0,29.817,479.5,168.0,1087.0,28.683,4.0,10.44,roster,0,130.0,100.0,1.625,108.44,4.1839,1.0,0.2874,3.25,85.8,17.37,0.0,25.27,27.175
2025-03-05 16:00:00,16,38,38,1.0,9.0,27.0,1.0,0.0,1.0,7,7,20,0,20,0,30.817,539.5,228.0,1147.0,29.683,4.0,10.44,roster,0,124.0,95.0,1.55,105.54,5.2879,0.95,0.6705,3.2632,81.51,17.37,0.0,26.67,28.675
2025-03-05 17:00:00,17,38,38,1.0,10.0,26.0,1.0,0.0,1.0,4,4,22,0,22,0,31.817,488.0,265.0,1146.0,30.683,4.0,10.44,roster,0,125.0,95.0,1.7361,107.26,4.3853,0.95,0.3831,3.2895,81.51,19.1,0.0,26.64,28.65
2025-03-05 18:00:00,18,40,40,1.0,10.0,28.0,1.0,0.0,1.0,7,7,24,0,24,0,32.817,453.0,305.0,1206.0,31.683,4.0,10.44,roster,0,131.0,100.0,2.0469,114.68,5.4709,1.0,0.6705,3.275,85.8,20.84,0.0,28.04,30.15
2025-03-05 19:00:00,19,42,42,0.0,10.0,30.0,2.0,0.0,1.0,8,8,25,0,25,0,32.683,408.0,238.0,1003.0,32.683,4.0,10.44,roster,0,134.0,105.0,2.2333,115.12,5.7948,1.05,0.7663,3.1905,90.09,21.71,0.0,23.32,25.075
2025-03-05 20:00:00,20,41,41,0.0,10.0,29.0,2.0,0.0,1.0,5,5,25,0,25,0,29.567,464.0,293.0,901.0,29.567,4.0,10.27,roster,0,131.0,102.5,2.1833,110.6,4.8306,1.025,0.4869,3.1951,87.94,21.71,0.0,20.95,22.525
2025-03-05 21:00:00,21,39,39,0.0,11.0,27.0,1.0,0.0,1.0,6,6,25,0,25,0,30.567,524.0,353.0,961.0,30.567,4.0,10.27,roster,0,127.0,97.5,2.1167,107.71,5.0775,0.975,0.5842,3.2564,83.66,21.71,0.0,22.34,24.025
2025-03-05 22:00:00,22,34,34,0.0,10.0,24.0,0.0,0.0,1.0,5,4,23,0,23,0,31.567,584.0,333.0,1021.0,31.567,3.0,6.91,roster,0,112.0,85.0,2.1961,96.64,4.7069,0.85,0.5789,3.2941,72.93,19.97,0.0,23.74,25.525
2025-03-05 23:00:00,23,36,36,0.0,9.0,27.0,0.0,0.0,1.0,8,8,22,0,22,0,32.567,646.0,473.0,1081.0,32.567,3.0,6.91,roster,0,117.0,90.0,2.1667,101.46,6.6877,0.9,1.1577,3.25,77.22,19.1,0.0,25.13,27.025
2025-03-06 00:00:00,0,41,41,1.0,12.0,28.0,0.0,0.0,1.0,10,10,22,0,22,0,33.567,706.0,533.0,1141.0,33.567,3.0,6.91,roster,0,137.0,102.5,2.537,113.58,8.2607,1.025,1.4472,3.3415,87.94,19.1,0.0,26.53,28.525
2025-03-06 01:00:00,1,47,47,1.0,14.0,32.0,0.0,0.0,1.0,9,8,26,0,26,0,34.567,735.0,429.0,1108.0,34.567,3.0,6.91,roster,0,157.0,117.5,3.7381,129.15,7.7924,1.175,1.1577,3.3404,100.82,22.58,0.0,25.76,27.7
2025-03-06 02:00:00,2,41,41,1.0,14.0,26.0,0.0,0.0,1.0,3,3,27,1,28,1,35.567,746.5,475.0,1168.0,35.567,3.0,6.91,roster,0,139.0,102.5,3.8611,132.81,4.9469,1.025,0.4342,3.3902,87.94,24.31,13.4,27.16,29.2
2025-03-06 03:00:00,3,39,39,1.0,13.0,23.0,2.0,0.0,1.0,4,4,25,1,26,1,36.567,855.0,549.0,1228.0,36.567,3.0,6.91,roster,0,130.0,97.5,3.0952,128.18,5.1796,0.975,0.5789,3.3333,83.66,22.58,13.4,28.55,30.7
2025-03-06 04:00:00,4,39,39,1.0,13.0,25.0,0.0,0.0,1.0,4,4,25,1,26,1,37.567,915.0,609.0,1288.0,37.567,3.0,6.91,roster,0,132.0,97.5,3.1429,129.58,5.2593,0.975,0.5789,3.3846,83.66,22.58,13.4,29.95,32.2
2025-03-06 05:00:00,5,37,37,1.0,13.0,23.0,0.0,0.0,1.0,1,1,25,0,25,0,38.567,985.0,695.0,1348.0,38.567,3.0,6.91,roster,0,126.0,92.5,2.8,112.41,3.6428,0.925,0.1447,3.4054,79.36,21.71,0.0,31.34,33.7
2025-03-06 06:00:00,6,38,38,2.0,13.0,23.0,0.0,0.0,1.0,2,2,25,0,25,0,39.567,1045.0,755.0,1408.0,39.567,3.0,6.91,roster,0,131.0,95.0,2.9111,115.95,4.2728,0.95,0.2894,3.4474,81.51,21.71,0.0,32.74,35.2
2025-03-06 07:00:00,7,37,37,2.0,13.0,21.0,0.0,1.0,1.0,2,2,25,1,26,1,40.567,1095.0,789.0,1468.0,40.567,3.0,6.91,roster,0,126.0,92.5,3.0,129.47,4.1356,0.925,0.2894,3.4054,79.36,22.58,13.4,34.13,36.7
2025-03-06 08:00:00,8,39,39,3.0,13.0,23.0,0.0,0.0,1.0,4,4,25,1,26,1,41.567,1155.0,849.0,1528.0,41.567,3.0,8.04,roster,0,136.0,97.5,3.2381,135.16,5.1349,0.975,0.4975,3.4872,83.66,22.58,13.4,35.53,38.2
2025-03-06 09:00:00,9,39,39,2.0,13.0,23.0,1.0,0.0,1.0,5,5,25,1,26,1,42.567,1166.5,895.0,1531.0,42.567,3.0,8.04,roster,0,133.0,97.5,3.1667,135.23,5.4458,0.975,0.6219,3.4103,83.66,22.58,13.4,35.6,38.275
2025-03-06 10:00:00,10,36,36,2.0,13.0,21.0,0.0,0.0,1.0,4,3,24,1,25,1,40.45,1138.0,880.0,1425.0,40.45,4.0,11.4,roster,0,125.0,90.0,2.0833,125.46,4.0387,0.9,0.2632,3.4722,77.22,21.71,13.4,33.13,35.625
2025-03-06 11:00:00,11,34,34,2.0,12.0,20.0,0.0,0.0,1.0,6,5,21,1,22,1,41.45,1084.0,682.0,1461.0,41.45,4.0,11.4,roster,0,118.0,85.0,1.6389,119.4,4.4722,0.85,0.4386,3.4706,72.93,19.1,13.4,33.97,36.525
2025-03-06 12:00:00,12,39,39,1.0,12.0,24.0,2.0,0.0,1.0,9,9,19,0,19,0,42.45,1173.0,761.0,1521.0,42.45,4.0,11.4,roster,0,129.0,97.5,1.5357,115.52,5.8363,0.975,0.7895,3.3077,83.66,16.5,0.0,35.36,38.025
2025-03-06 13:00:00,13,43,43,1.0,11.0,27.0,4.0,0.0,1.0,8,8,21,1,22,1,43.45,1142.0,308.0,1484.0,43.45,4.0,11.4,roster,0,138.0,107.5,1.9167,139.24,5.7021,1.075,0.7018,3.2093,92.24,19.1,13.4,34.5,37.1
2025-03-06 14:00:00,14,50,50,1.0,13.0,32.0,4.0,0.0,1.0,12,11,24,1,25,1,44.45,881.0,163.0,1428.0,44.45,4.0,11.4,roster,0,161.0,125.0,2.6833,155.56,7.132,1.25,0.9649,3.22,107.25,21.71,13.4,33.2,35.7
2025-03-06 15:00:00,15,52,52,0.0,14.0,34.0,4.0,0.0,1.0,7,7,22,1,23,1,45.45,868.0,190.0,1433.0,45.45,4.0,11.4,roster,0,166.0,130.0,2.4412,158.23,6.1102,1.3,0.614,3.1923,111.54,19.97,13.4,33.32,35.825
2025-03-06 16:00:00,16,55,55,0.0,15.0,36.0,3.0,1.0,1.0,9,8,24,1,25,1,46.45,488.0,234.0,1413.0,46.45,4.0,11.4,roster,0,175.0,137.5,2.9167,165.93,6.6079,1.375,0.7018,3.1818,117.98,21.71,13.4,32.85,35.325
2025-03-06 17:00:00,17,54,54,1.0,13.0,36.0,3.0,1.0,1.0,6,5,23,1,24,1,47.45,768.0,310.0,1553.0,47.45,4.0,11.4,roster,0,172.0,135.0,2.6875,166.18,5.697,1.35,0.4386,3.1852,115.83,20.84,13.4,36.11,38.825
2025-03-06 18:00:00,18,45,45,1.0,12.0,27.0,5.0,0.0,1.0,5,5,24,1,25,1,48.45,608.0,354.0,1533.0,48.45,4.0,11.4,roster,0,144.0,112.5,2.4,147.27,5.0035,1.125,0.4386,3.2,96.52,21.71,13.4,35.64,38.325
2025-03-06 19:00:00,19,47,47,1.0,13.0,28.0,5.0,0.0,1.0,12,12,22,1,23,1,49.45,668.0,395.0,1673.0,49.45,4.0,11.4,roster,0,151.0,117.5,2.2206,153.08,7.1569,1.175,1.0526,3.2128,100.82,19.97,13.4,38.9,41.825
2025-03-06 20:00:00,20,44,44,1.0,12.0,24.0,6.0,1.0,1.0,12,12,22,2,24,2,50.45,588.0,436.0,1733.0,50.45,4.0,10.66,roster,0,138.0,110.0,2.1562,162.31,6.9806,1.1,1.1257,3.1364,94.38,20.84,26.8,40.29,43.325
2025-03-06 21:00:00,21,50,50,2.0,13.0,25.0,8.0,2.0,1.0,11,10,24,2,26,2,51.45,589.5,368.0,1655.0,51.45,4.0,10.66,roster,0,155.0,125.0,2.7679,175.1,6.7831,1.25,0.9381,3.1,107.25,22.58,26.8,38.48,41.375
2025-03-06 22:00:00,22,48,48,2.0,12.0,29.0,5.0,0.0,1.0,9,9,26,2,28,2,52.45,635.0,422.0,1715.0,52.45,3.0,7.3,roster,0,155.0,120.0,4.3056,173.95,7.8562,1.2,1.2329,3.2292,102.96,24.31,26.8,39.87,42.875
2025-03-06 23:00:00,23,39,39,2.0,12.0,22.0,3.0,0.0,1.0,5,5,27,2,29,2,53.45,687.0,409.0,1749.0,53.45,3.0,7.3,roster,0,130.0,97.5,3.9394,156.3,5.5331,0.975,0.6849,3.3333,83.66,25.18,26.8,40.66,43.725
2025-03-07 00:00:00,0,40,40,2.0,10.0,22.0,6.0,0.0,1.0,7,7,26,1,27,1,54.45,763.0,542.0,1835.0,54.45,3.0,7.3,roster,0,128.0,100.0,3.2821,145.31,6.2685,1.0,0.9589,3.2,85.8,23.44,13.4,42.66,45.875
2025-03-07 01:00:00,1,40,40,2.0,11.0,25.0,2.0,0.0,1.0,6,6,26,1,27,1,55.45,823.0,602.0,1895.0,55.45,3.0,7.3,roster,0,133.0,100.0,3.4103,146.7,6.0579,1.0,0.8219,3.325,85.8,23.44,13.4,44.06,47.375
2025-03-07 02:00:00,2,36,36,2.0,12.0,21.0,1.0,0.0,1.0,1,2,26,1,27,1,56.45,883.0,662.0,1955.0,56.45,3.0,7.3,roster,0,123.0,90.0,3.1538,139.52,4.0111,0.9,0.274,3.4167,77.22,23.44,13.4,45.45,48.875
2025-03-07 03:00:00,3,38,38,2.0,12.0,23.0,1.0,0.0,1.0,5,3,26,1,27,1,57.45,927.0,649.0,2015.0,57.45,3.0,7.3,roster,0,129.0,95.0,3.3077,145.2,4.6201,0.95,0.411,3.3947,81.51,23.44,13.4,46.85,50.375
2025-03-07 04:00:00,4,39,39,2.0,12.0,24.0,1.0,0.0,1.0,3,3,25,2,27,2,58.45,987.0,582.0,2075.0,58.45,3.0,7.3,roster,0,132.0,97.5,3.3846,162.14,4.6909,0.975,0.411,3.3846,83.66,23.44,26.8,48.24,51.875
2025-03-07 05:00:00,5,37,37,2.0,10.0,23.0,2.0,0.0,1.0,3,3,25,2,27,2,59.45,1047.0,642.0,2135.0,59.45,3.0,7.3,roster,0,123.0,92.5,3.1538,159.25,4.4412,0.925,0.411,3.3243,79.36,23.44,26.8,49.64,53.375
2025-03-07 06:00:00,6,36,36,1.0,9.0,23.0,3.0,0.0,1.0,2,2,26,0,26,0,60.45,1115.0,902.0,2195.0,60.45,3.0,7.3,roster,0,116.0,90.0,2.7619,130.83,3.7828,0.9,0.274,3.2222,77.22,22.58,0.0,51.03,54.875
2025-03-07 07:00:00,7,33,33,1.0,10.0,21.0,1.0,0.0,1.0,2,2,26,0,26,0,61.45,1175.0,962.0,2255.0,61.45,3.0,7.3,roster,0,110.0,82.5,2.619,125.79,3.6632,0.825,0.274,3.3333,70.78,22.58,0.0,52.43,56.375
2025-03-07 08:00:00,8,36,36,3.0,11.0,21.0,1.0,0.0,1.0,5,5,26,1,27,1,62.45,1227.0,822.0,2315.0,62.45,3.0,7.03,roster,0,124.0,90.0,3.1795,147.89,5.5498,0.9,0.7112,3.4444,77.22,23.44,13.4,53.82,57.875
2025-03-07 09:00:00,9,46,46,3.0,14.0,26.0,3.0,0.0,1.0,10,10,26,1,27,1,63.45,1287.0,882.0,2375.0,63.45,3.0,7.03,roster,0,155.0,115.0,3.9744,170.73,8.6681,1.15,1.4225,3.3696,98.67,23.44,13.4,55.22,59.375
2025-03-07 10:00:00,10,48,48,3.0,13.0,29.0,3.0,0.0,1.0,8,8,27,2,29,2,64.45,1276.0,781.0,2081.0,64.45,4.0,10.28,roster,0,160.0,120.0,3.6364,183.32,6.594,1.2,0.7782,3.3333,102.96,25.18,26.8,48.38,52.025
2025-03-07 11:00:00,11,47,47,3.0,13.0,27.0,4.0,0.0,1.0,8,7,25,3,28,3,52.467,1205.0,257.0,2068.0,52.467,4.0,10.28,roster,0,156.0,117.5,3.25,193.41,6.1601,1.175,0.6809,3.3191,100.82,24.31,40.2,48.08,51.7
2025-03-07 12:00:00,12,46,46,3.0,14.0,26.0,3.0,0.0,1.0,7,6,24,3,27,3,53.467,1062.0,212.0,1600.0,53.467,4.0,10.28,roster,0,155.0,115.0,2.9808,179.51,5.8417,1.15,0.5837,3.3696,98.67,23.44,40.2,37.2,40.0
2025-03-07 13:00:00,13,38,38,4.0,9.0,21.0,4.0,0.0,1.0,7,6,16,2,18,2,50.35,932.5,252.0,1430.0,50.35,4.0,10.28,roster,0,127.0,95.0,1.4432,137.19,5.1256,0.95,0.5837,3.3421,81.51,15.63,26.8,33.25,35.75
2025-03-07 14:00:00,14,36,36,3.0,7.0,23.0,3.0,0.0,1.0,7,7,13,2,15,2,51.35,437.0,277.0,1125.0,51.35,4.0,10.28,roster,0,118.0,90.0,1.18,123.2,5.1819,0.9,0.6809,3.2778,77.22,13.02,26.8,26.16,28.125
2025-03-07 15:00:00,15,36,36,3.0,7.0,25.0,1.0,0.0,1.0,10,9,12,2,14,2,52.35,491.5,311.0,1185.0,52.35,4.0,10.28,roster,0,120.0,90.0,1.1538,123.73,5.9183,0.9,0.8755,3.3333,77.22,12.16,26.8,27.55,29.625
2025-03-07 16:00:00,16,45,45,3.0,8.0,31.0,2.0,1.0,1.0,12,12,13,3,16,3,53.35,496.0,250.0,1245.0,53.35,4.0,10.28,roster,0,145.0,112.5,1.5104,159.56,7.3863,1.125,1.1673,3.2222,96.52,13.89,40.2,28.95,31.125
2025-03-07 17:00:00,17,46,46,3.0,8.0,31.0,3.0,1.0,1.0,6,6,18,3,21,3,54.35,423.0,109.0,1144.0,54.35,4.0,10.28,roster,0,147.0,115.0,1.9342,163.7,5.5402,1.15,0.5837,3.1957,98.67,18.23,40.2,26.6,28.6
2025-03-07 18:00:00,18,48,48,3.0,8.0,32.0,5.0,0.0,1.0,7,7,20,3,23,3,55.35,370.0,149.0,1204.0,55.35,4.0,10.28,roster,0,153.0,120.0,2.25,171.12,5.9955,1.2,0.6809,3.1875,102.96,19.97,40.2,27.99,30.1
2025-03-07 19:00:00,19,49,49,3.0,9.0,33.0,4.0,0.0,1.0,9,8,20,4,24,4,56.35,359.5,209.0,1264.0,56.35,4.0,10.28,roster,0,158.0,122.5,2.4688,188.93,6.4593,1.225,0.7782,3.2245,105.1,20.84,53.6,29.39,31.6
2025-03-07 20:00:00,20,39,39,2.0,9.0,27.0,1.0,0.0,1.0,2,3,17,2,19,2,57.35,611.0,269.0,1381.0,57.35,4.0,11.09,roster,0,129.0,97.5,1.5357,139.06,4.1198,0.975,0.2705,3.3077,83.66,16.5,26.8,32.11,34.525
2025-03-07 21:00:00,21,37,37,2.0,6.0,25.0,4.0,0.0,1.0,9,9,15,2,17,2,58.35,671.0,340.0,1441.0,58.35,4.0,11.09,roster,0,117.0,92.5,1.2717,134.43,5.4912,0.925,0.8115,3.1622,79.36,14.76,26.8,33.5,36.025
2025-03-07 22:00:00,22,34,34,2.0,7.0,23.0,2.0,0.0,1.0,9,6,17,2,19,2,59.35,723.0,357.0,1501.0,59.35,3.0,7.84,roster,0,111.0,85.0,1.7619,131.13,5.2735,0.85,0.7653,3.2647,72.93,16.5,26.8,34.9,37.525
2025-03-07 23:00:00,23,35,35,1.0,7.0,22.0,5.0,0.0,1.0,10,8,18,1,19,1,60.35,469.0,172.0,977.0,60.35,3.0,7.84,roster,0,109.0,87.5,1.7302,107.69,5.9028,0.875,1.0204,3.1143,75.08,16.5,13.4,22.72,24.425
2025-03-08 00:00:00,0,31,31,1.0,6.0,18.0,6.0,0.0,1.0,7,6,17,1,18,1,61.35,539.0,232.0,1037.0,61.35,3.0,7.84,roster,0,95.0,77.5,1.4394,99.63,4.7203,0.775,0.7653,3.0645,66.5,15.63,13.4,24.11,25.925
2025-03-08 01:00:00,1,27,27,1.0,6.0,19.0,1.0,0.0,1.0,2,2,18,1,19,1,62.35,589.0,274.0,1097.0,62.35,3.0,7.84,roster,0,88.0,67.5,1.3968,93.32,3.0314,0.675,0.2551,3.2593,57.92,16.5,13.4,25.51,27.425
2025-03-08 02:00:00,2,28,28,1.0,6.0,20.0,1.0,0.0,1.0,4,4,18,0,18,0,63.35,644.5,334.0,1146.0,63.35,3.0,7.84,roster,0,91.0,70.0,1.3788,82.33,3.9332,0.7,0.5102,3.25,60.06,15.63,0.0,26.64,28.65
2025-03-08 03:00:00,3,30,30,1.0,7.0,21.0,1.0,0.0,1.0,5,4,20,0,20,0,64.35,678.5,366.0,1206.0,64.35,3.0,7.84,roster,0,98.0,75.0,1.6333,89.76,4.1167,0.75,0.5102,3.2667,64.35,17.37,0.0,28.04,30.15
2025-03-08 04:00:00,4,32,32,1.0,7.0,23.0,1.0,0.0,1.0,4,3,20,0,20,0,65.35,738.5,426.0,1266.0,65.35,3.0,7.84,roster,0,104.0,80.0,1.7333,95.44,3.8436,0.8,0.3827,3.25,68.64,17.37,0.0,29.43,31.65
2025-03-08 05:00:00,5,31,31,1.0,8.0,21.0,1.0,0.0,1.0,3,3,19,0,19,0,66.35,820.0,486.0,1326.0,66.35,3.0,7.84,roster,0,102.0,77.5,1.619,93.82,3.8091,0.775,0.3827,3.2903,66.5,16.5,0.0,30.83,33.15
2025-03-08 06:00:00,6,31,31,1.0,9.0,19.0,2.0,0.0,1.0,4,4,19,0,19,0,67.35,880.0,546.0,1386.0,67.35,3.0,7.84,roster,0,102.0,77.5,1.619,95.22,4.2287,0.775,0.5102,3.2903,66.5,16.5,0.0,32.22,34.65
2025-03-08 07:00:00,7,28,28,1.0,8.0,17.0,2.0,0.0,1.0,1,1,19,0,19,0,68.35,940.0,606.0,1446.0,68.35,3.0,7.84,roster,0,92.0,70.0,1.4603,90.18,2.7191,0.7,0.1276,3.2857,60.06,16.5,0.0,33.62,36.15
2025-03-08 08:00:00,8,29,29,1.0,8.0,19.0,1.0,0.0,1.0,6,6,20,0,20,0,69.35,978.5,666.0,1506.0,69.35,3.0,6.8,roster,0,96.0,72.5,1.6,94.59,5.3209,0.725,0.8824,3.3103,62.2,17.37,0.0,35.01,37.65
2025-03-08 09:00:00,9,30,30,1.0,8.0,19.0,2.0,0.0,1.0,3,2,19,0,19,0,70.35,1017.0,711.0,1466.0,70.35,3.0,6.8,roster,0,98.0,75.0,1.5556,94.93,3.4108,0.75,0.2941,3.2667,64.35,16.5,0.0,34.08,36.65
2025-03-08 10:00:00,10,23,23,1.0,6.0,16.0,0.0,0.0,1.0,3,3,15,0,15,0,71.35,832.0,764.0,1626.0,71.35,4.0,10.5,roster,0,77.0,57.5,0.77,80.16,2.8815,0.575,0.2857,3.3478,49.33,13.02,0.0,37.8,40.65
2025-03-08 11:00:00,11,28,28,3.0,6.0,19.0,0.0,0.0,1.0,13,12,11,0,11,0,72.35,874.0,565.0,2442.0,72.35,4.0,10.5,roster,0,96.0,70.0,0.8276,106.39,6.3184,0.7,1.1429,3.4286,60.06,9.55,0.0,56.78,61.05
2025-03-08 12:00:00,12,31,31,3.0,7.0,19.0,2.0,0.0,1.0,8,8,14,0,14,0,73.35,758.0,105.0,1249.0,73.35,4.0,10.5,roster,0,104.0,77.5,1.0,87.69,5.1561,0.775,0.7619,3.3548,66.5,12.16,0.0,29.04,31.225
2025-03-08 13:00:00,13,39,39,3.0,6.0,27.0,3.0,0.0,1.0,15,15,12,0,12,0,74.35,818.0,160.0,1309.0,74.35,4.0,10.5,roster,0,126.0,97.5,1.125,104.51,7.7654,0.975,1.4286,3.2308,83.66,10.42,0.0,30.43,32.725
2025-03-08 14:00:00,14,31,31,1.0,5.0,24.0,1.0,0.0,1.0,7,7,8,0,8,0,27.3,206.0,98.0,1011.0,17.567,4.0,10.5,roster,0,99.0,77.5,0.7734,76.95,4.604,0.775,0.6667,3.1935,66.5,6.95,0.0,23.51,25.275
2025-03-08 15:00:00,15,32,32,1.0,4.0,26.0,1.0,0.0,1.0,6,6,9,0,9,0,28.3,158.0,137.0,280.0,18.567,4.0,10.5,roster,0,101.0,80.0,0.8145,62.96,4.3286,0.8,0.5714,3.1562,68.64,7.81,0.0,6.51,7.0
2025-03-08 16:00:00,16,35,35,2.0,3.0,29.0,1.0,0.0,1.0,8,8,11,1,12,1,29.3,203.5,114.0,340.0,19.567,4.0,10.5,roster,0,111.0,87.5,0.9911,86.8,5.1913,0.875,0.7619,3.1714,75.08,10.42,13.4,7.9,8.5
2025-03-08 17:00:00,17,33,33,2.0,2.0,23.0,4.0,2.0,1.0,11,9,11,2,13,2,20.567,185.0,138.0,278.0,20.567,4.0,10.5,roster,0,97.0,82.5,0.8981,95.34,4.9445,0.825,0.8571,2.9394,70.78,11.29,26.8,6.46,6.95
2025-03-08 18:00:00,18,31,31,3.0,1.0,22.0,4.0,1.0,1.0,5,5,11,3,14,3,21.567,221.0,173.0,338.0,21.567,4.0,10.5,roster,0,94.0,77.5,0.9038,106.71,3.7939,0.775,0.4762,3.0323,66.5,12.16,40.2,7.86,8.45
2025-03-08 19:00:00,19,29,29,2.0,2.0,24.0,0.0,1.0,1.0,11,10,6,3,9,3,22.567,294.0,185.0,520.0,22.567,4.0,10.5,roster,0,91.0,72.5,0.7339,102.31,5.2635,0.725,0.9524,3.1379,62.2,7.81,40.2,12.09,13.0
2025-03-08 20:00:00,20,30,30,2.0,3.0,24.0,0.0,1.0,1.0,10,11,6,2,8,2,18.417,336.0,245.0,580.0,18.417,4.0,11.44,roster,0,95.0,75.0,0.7422,91.58,5.4199,0.75,0.9615,3.1667,64.35,6.95,26.8,13.49,14.5
2025-03-08 21:00:00,21,23,23,1.0,3.0,17.0,0.0,2.0,1.0,3,3,6,1,7,1,11.617,305.0,111.0,497.0,10.667,4.0,11.44,roster,0,70.0,57.5,0.5303,60.37,2.5481,0.575,0.2622,3.0435,49.33,6.08,13.4,11.56,12.425
2025-03-08 22:00:00,22,28,28,1.0,2.0,22.0,2.0,1.0,1.0,11,11,5,1,6,1,12.617,274.5,171.0,438.0,9.283,3.0,7.74,roster,0,84.0,70.0,0.8235,68.85,6.3636,0.7,1.4212,3.0,60.06,5.21,13.4,10.18,10.95
2025-03-08 23:00:00,23,29,29,1.0,2.0,25.0,0.0,1.0,1.0,6,6,6,1,7,1,13.617,244.0,211.0,498.0,10.283,3.0,7.74,roster,0,89.0,72.5,0.899,73.26,4.604,0.725,0.7752,3.069,62.2,6.08,13.4,11.58,12.45
2025-03-09 00:00:00,0,25,25,1.0,1.0,20.0,2.0,1.0,1.0,8,6,8,1,9,1,14.617,291.0,135.0,485.0,11.283,3.0,7.74,roster,0,74.0,62.5,0.7957,66.12,4.1446,0.625,0.7752,2.96,53.62,7.81,13.4,11.28,12.125
2025-03-09 01:00:00,1,22,22,1.0,2.0,16.0,2.0,1.0,1.0,5,4,9,1,10,1,15.617,341.0,176.0,545.0,12.283,3.0,7.74,roster,0,66.0,55.0,0.7333,61.94,3.2004,0.55,0.5168,3.0,47.19,8.68,13.4,12.67,13.625
2025-03-09 02:00:00,2,18,18,1.0,1.0,14.0,1.0,1.0,1.0,2,1,9,1,10,1,16.617,401.0,236.0,605.0,13.283,3.0,7.74,roster,0,54.0,45.0,0.6,54.76,1.7376,0.45,0.1292,3.0,38.61,8.68,13.4,14.07,15.125
2025-03-09 03:00:00,3,20,20,1.0,1.0,16.0,1.0,1.0,1.0,2,2,9,1,10,1,17.617,461.0,296.0,665.0,14.283,3.0,7.74,roster,0,60.0,50.0,0.6667,60.44,2.2752,0.5,0.2584,3.0,42.9,8.68,13.4,15.46,16.625
2025-03-09 04:00:00,4,23,23,1.0,1.0,17.0,3.0,1.0,1.0,4,4,9,1,10,1,18.617,521.0,356.0,725.0,15.283,3.0,7.74,roster,0,67.0,57.5,0.7444,68.27,3.1804,0.575,0.5168,2.913,49.33,8.68,13.4,16.86,18.125
2025-03-09 05:00:00,5,22,22,1.0,1.0,16.0,3.0,1.0,1.0,4,3,10,1,11,1,19.617,571.0,387.0,785.0,16.283,3.0,7.74,roster,0,64.0,55.0,0.7356,68.39,2.7276,0.55,0.3876,2.9091,47.19,9.55,13.4,18.25,19.625
2025-03-09 06:00:00,6,20,20,1.0,1.0,15.0,2.0,1.0,1.0,2,1,9,1,10,1,20.617,641.0,476.0,845.0,17.283,3.0,7.74,roster,0,59.0,50.0,0.6556,64.63,1.8561,0.5,0.1292,2.95,42.9,8.68,13.4,19.65,21.125
2025-03-09 07:00:00,7,16,16,1.0,0.0,13.0,2.0,0.0,1.0,1,1,8,1,9,1,21.617,691.0,536.0,905.0,18.283,3.0,7.74,roster,0,48.0,40.0,0.5161,56.58,1.5876,0.4,0.1292,3.0,34.32,7.81,13.4,21.04,22.625
2025-03-09 08:00:00,8,15,15,0.0,0.0,13.0,2.0,0.0,1.0,2,2,8,1,9,1,22.617,751.0,596.0,965.0,19.283,3.0,7.23,roster,0,43.0,37.5,0.4624,55.83,1.868,0.375,0.2766,2.8667,32.17,7.81,13.4,22.44,24.125
2025-03-09 09:00:00,9,17,17,0.0,1.0,12.0,4.0,0.0,1.0,10,7,7,1,8,1,23.617,827.5,656.0,1098.0,20.283,3.0,7.23,roster,0,48.0,42.5,0.5,62.34,3.9337,0.425,0.9682,2.8235,36.46,6.95,13.4,25.53,27.45
2025-03-09 10:00:00,10,22,22,0.0,3.0,18.0,1.0,0.0,1.0,14,12,6,0,6,0,24.617,887.5,716.0,1085.0,21.283,4.0,10.69,roster,0,68.0,55.0,0.5,57.63,5.1697,0.55,1.1225,3.0909,47.19,5.21,0.0,25.23,27.125
2025-03-09 11:00:00,11,19,19,0.0,4.0,14.0,1.0,0.0,1.0,11,8,5,0,5,0,25.617,115.0,103.0,184.0,16.067,4.0,10.69,roster,0,60.0,47.5,0.4286,29.37,3.8633,0.475,0.7484,3.1579,40.75,4.34,0.0,4.28,4.6
2025-03-09 12:00:00,12,22,22,0.0,7.0,12.0,3.0,0.0,1.0,14,10,6,0,6,0,26.617,157.5,96.0,175.0,4.067,4.0,10.69,roster,0,70.0,55.0,0.5147,36.47,4.7264,0.55,0.9355,3.1818,47.19,5.21,0.0,4.07,4.375
2025-03-09 13:00:00,13,29,29,0.0,8.0,19.0,2.0,0.0,1.0,14,13,7,0,7,0,27.617,212.0,122.0,235.0,5.067,4.0,10.69,roster,0,93.0,72.5,0.7045,53.75,6.2249,0.725,1.2161,3.2069,62.2,6.08,0.0,5.46,5.875
2025-03-09 14:00:00,14,34,34,0.0,11.0,21.0,2.0,0.0,1.0,16,14,9,0,9,0,28.617,216.0,166.0,283.0,6.067,4.0,10.69,roster,0,111.0,85.0,0.8952,67.32,7.0506,0.85,1.3096,3.2647,72.93,7.81,0.0,6.58,7.075
2025-03-09 15:00:00,15,41,41,0.0,14.0,26.0,1.0,0.0,1.0,15,15,9,0,9,0,29.617,276.0,226.0,343.0,7.067,4.0,10.69,roster,0,136.0,102.5,1.0968,83.73,8.0545,1.025,1.4032,3.3171,87.94,7.81,0.0,7.97,8.575
2025-03-09 16:00:00,16,31,31,0.0,13.0,17.0,1.0,0.0,1.0,10,7,9,1,10,1,30.617,254.0,106.0,336.0,8.067,4.0,10.69,roster,0,105.0,77.5,0.875,76.39,4.8429,0.775,0.6548,3.3871,66.5,8.68,13.4,7.81,8.4
2025-03-09 17:00:00,17,31,31,0.0,12.0,18.0,1.0,0.0,1.0,6,5,8,1,9,1,31.617,282.0,166.0,362.0,9.067,4.0,10.69,roster,0,104.0,77.5,0.8387,76.13,4.1691,0.775,0.4677,3.3548,66.5,7.81,13.4,8.42,9.05
2025-03-09 18:00:00,18,28,28,0.0,12.0,15.0,1.0,0.0,1.0,5,4,9,1,10,1,32.617,337.0,207.0,422.0,10.067,4.0,10.69,roster,0,95.0,70.0,0.7917,71.95,3.6445,0.7,0.3742,3.3929,60.06,8.68,13.4,9.81,10.55
2025-03-09 19:00:00,19,32,32,1.0,12.0,17.0,1.0,1.0,1.0,9,8,11,1,12,1,33.617,339.0,253.0,482.0,11.067,4.0,10.69,roster,0,107.0,80.0,0.9554,83.67,5.1773,0.8,0.7484,3.3438,68.64,10.42,13.4,11.21,12.05
2025-03-09 20:00:00,20,37,37,2.0,10.0,22.0,2.0,1.0,1.0,13,12,12,2,14,2,34.617,320.0,136.0,526.0,12.067,4.0,11.22,roster,0,121.0,92.5,1.1635,110.55,6.5226,0.925,1.0695,3.2703,79.36,12.16,26.8,12.23,13.15
2025-03-09 21:00:00,21,38,38,2.0,8.0,19.0,8.0,1.0,1.0,11,9,12,2,14,2,35.617,333.5,158.0,586.0,13.067,4.0,11.22,roster,0,116.0,95.0,1.1154,114.09,5.3486,0.95,0.8021,3.0526,81.51,12.16,26.8,13.62,14.65
2025-03-09 22:00:00,22,35,35,2.0,9.0,20.0,4.0,0.0,1.0,10,9,11,2,13,2,36.617,433.0,256.0,646.0,14.067,3.0,7.76,roster,0,114.0,87.5,1.4074,108.18,6.6276,0.875,1.1598,3.2571,75.08,11.29,26.8,15.02,16.15
2025-03-09 23:00:00,23,34,34,2.0,7.0,23.0,2.0,0.0,1.0,9,9,13,2,15,2,37.617,345.0,108.0,706.0,15.067,3.0,7.76,roster,0,111.0,85.0,1.48,109.17,6.5614,0.85,1.1598,3.2647,72.93,13.02,26.8,16.41,17.65
2025-03-10 00:00:00,0,26,26,2.0,6.0,16.0,2.0,0.0,1.0,4,4,13,2,15,2,38.617,405.0,168.0,766.0,16.067,3.0,7.76,roster,0,86.0,65.0,1.1467,93.4,3.855,0.65,0.5155,3.3077,55.77,13.02,26.8,17.81,19.15
2025-03-10 01:00:00,1,24,24,2.0,6.0,16.0,0.0,0.0,1.0,3,3,13,2,15,2,39.617,465.0,228.0,826.0,17.067,3.0,7.76,roster,0,82.0,60.0,1.0933,90.51,3.3709,0.6,0.3866,3.4167,51.48,13.02,26.8,19.2,20.65
2025-03-10 02:00:00,2,27,27,2.0,7.0,16.0,2.0,0.0,1.0,3,3,13,2,15,2,40.617,525.0,288.0,886.0,18.067,3.0,7.76,roster,0,90.0,67.5,1.2,98.34,3.5387,0.675,0.3866,3.3333,57.92,13.02,26.8,20.6,22.15
2025-03-10 03:00:00,3,24,24,2.0,7.0,13.0,2.0,0.0,1.0,1,1,13,1,14,1,41.617,570.5,348.0,946.0,19.067,3.0,7.76,roster,0,81.0,60.0,1.0385,79.03,2.4599,0.6,0.1289,3.375,51.48,12.16,13.4,21.99,23.65
2025-03-10 04:00:00,4,22,22,2.0,6.0,13.0,1.0,0.0,1.0,2,2,13,1,14,1,42.617,630.5,408.0,1006.0,20.067,3.0,7.76,roster,0,75.0,55.0,0.9615,76.14,2.7536,0.55,0.2577,3.4091,47.19,12.16,13.4,23.39,25.15
2025-03-10 05:00:00,5,25,25,2.0,6.0,16.0,1.0,0.0,1.0,3,3,13,1,14,1,43.617,690.5,468.0,1066.0,21.067,3.0,7.76,roster,0,84.0,62.5,1.0769,83.97,3.399,0.625,0.3866,3.36,53.62,12.16,13.4,24.78,26.65
2025-03-10 06:00:00,6,22,22,2.0,5.0,15.0,0.0,0.0,1.0,2,1,14,1,15,1,44.617,736.0,522.0,1126.0,22.067,3.0,7.76,roster,0,75.0,55.0,1.0,79.79,2.3143,0.55,0.1289,3.4091,47.19,13.02,13.4,26.18,28.15
2025-03-10 07:00:00,7,22,22,2.0,5.0,15.0,0.0,0.0,1.0,3,2,14,1,15,1,45.617,796.0,582.0,1186.0,23.067,3.0,7.76,roster,0,75.0,55.0,1.0,81.19,2.7536,0.55,0.2577,3.4091,47.19,13.02,13.4,27.57,29.65
2025-03-10 08:00:00,8,27,27,2.0,5.0,18.0,2.0,0.0,1.0,7,7,14,1,15,1,46.617,856.0,642.0,1246.0,24.067,3.0,6.43,roster,0,88.0,67.5,1.1733,93.31,5.7482,0.675,1.0886,3.2593,57.92,13.02,13.4,28.97,31.15
2025-03-10 09:00:00,9,31,31,2.0,5.0,21.0,3.0,0.0,1.0,8,7,14,1,15,1,47.617,864.0,670.0,1232.0,22.6,3.0,6.43,roster,0,99.0,77.5,1.32,101.56,5.9516,0.775,1.0886,3.1935,66.5,13.02,13.4,28.64,30.8
2025-03-10 10:00:00,10,33,33,2.0,6.0,22.0,3.0,0.0,1.0,6,6,15,1,16,1,48.617,892.5,730.0,1292.0,23.6,4.0,10.13,roster,0,106.0,82.5,1.1042,108.12,4.5525,0.825,0.5923,3.2121,70.78,13.89,13.4,30.04,32.3
2025-03-10 11:00:00,11,36,36,2.0,6.0,26.0,2.0,0.0,1.0,10,10,15,1,16,1,49.617,825.0,380.0,1065.0,24.6,4.0,10.13,roster,0,116.0,90.0,1.2083,109.27,6.0809,0.9,0.9872,3.2222,77.22,13.89,13.4,24.76,26.625
2025-03-10 12:00:00,12,37,37,2.0,7.0,25.0,3.0,0.0,1.0,6,5,16,2,18,2,50.617,866.0,197.0,1096.0,25.6,4.0,10.13,roster,0,119.0,92.5,1.3523,127.28,4.5625,0.925,0.4936,3.2162,79.36,15.63,26.8,25.48,27.4
2025-03-10 13:00:00,13,37,37,2.0,6.0,26.0,3.0,0.0,1.0,5,5,15,3,18,3,51.617,907.5,224.0,1104.0,26.6,4.0,10.13,roster,0,118.0,92.5,1.3409,140.86,4.5241,0.925,0.4936,3.1892,79.36,15.63,40.2,25.67,27.6
2025-03-10 14:00:00,14,38,38,2.0,6.0,26.0,4.0,0.0,1.0,7,7,14,3,17,3,52.617,560.0,239.0,1008.0,23.217,4.0,10.13,roster,0,120.0,95.0,1.3043,139.91,5.1822,0.95,0.691,3.1579,81.51,14.76,40.2,23.44,25.2
2025-03-10 15:00:00,15,38,38,3.0,7.0,24.0,4.0,0.0,1.0,9,9,14,3,17,3,53.617,302.0,133.0,1030.0,21.75,4.0,10.13,roster,0,123.0,95.0,1.337,140.42,5.9508,0.95,0.8885,3.2368,81.51,14.76,40.2,23.95,25.75
2025-03-10 16:00:00,16,40,40,3.0,6.0,27.0,4.0,0.0,1.0,10,9,17,4,21,4,29.117,193.0,118.0,509.0,22.267,4.0,10.13,roster,0,128.0,100.0,1.6842,149.47,6.043,1.0,0.8885,3.2,85.8,18.23,53.6,11.83,12.725
2025-03-10 17:00:00,17,44,44,2.0,8.0,30.0,4.0,0.0,1.0,12,11,19,3,22,3,30.117,235.5,145.0,422.0,23.267,4.0,10.13,roster,0,140.0,110.0,1.9444,143.49,6.9551,1.1,1.0859,3.1818,94.38,19.1,40.2,9.81,10.55
2025-03-10 18:00:00,18,41,41,2.0,7.0,30.0,2.0,0.0,1.0,7,7,21,2,23,2,31.117,289.0,183.0,482.0,24.267,4.0,10.13,roster,0,132.0,102.5,1.9412,125.92,5.5247,1.025,0.691,3.2195,87.94,19.97,26.8,11.21,12.05
2025-03-10 19:00:00,19,41,41,2.0,6.0,31.0,2.0,0.0,1.0,11,10,18,2,20,2,32.117,336.5,249.0,689.0,25.267,4.0,10.13,roster,0,131.0,102.5,1.6375,128.13,6.4291,1.025,0.9872,3.1951,87.94,17.37,26.8,16.02,17.225
2025-03-10 20:00:00,20,41,41,2.0,7.0,32.0,0.0,0.0,1.0,10,9,17,2,19,2,33.117,358.0,284.0,602.0,24.35,4.0,11.58,roster,0,134.0,102.5,1.5952,125.24,5.8901,1.025,0.7772,3.2683,87.94,16.5,26.8,14.0,15.05
2025-03-10 21:00:00,21,45,45,3.0,8.0,34.0,0.0,0.0,1.0,6,6,20,2,22,2,34.117,396.5,283.0,554.0,25.35,4.0,11.58,roster,0,149.0,112.5,2.0694,135.31,5.4406,1.125,0.5181,3.3111,96.52,19.1,26.8,12.88,13.85
2025-03-10 22:00:00,22,48,48,3.0,8.0,34.0,3.0,0.0,1.0,12,11,19,2,21,2,35.117,429.0,334.0,614.0,26.35,3.0,7.88,roster,0,155.0,120.0,2.7193,142.27,8.3827,1.2,1.3959,3.2292,102.96,18.23,26.8,14.28,15.35
2025-03-10 23:00:00,23,50,50,3.0,7.0,35.0,5.0,0.0,1.0,10,9,20,2,22,2,36.117,486.0,263.0,674.0,27.35,3.0,7.88,roster,0,158.0,125.0,2.9259,148.82,7.5591,1.25,1.1421,3.16,107.25,19.1,26.8,15.67,16.85
2025-03-11 00:00:00,0,45,45,3.0,6.0,33.0,3.0,0.0,1.0,8,7,21,1,22,1,28.35,533.5,297.0,692.0,28.35,3.0,7.88,roster,0,144.0,112.5,2.6667,125.12,6.4426,1.125,0.8883,3.2,96.52,19.1,13.4,16.09,17.3
2025-03-11 01:00:00,1,44,44,4.0,6.0,31.0,3.0,0.0,1.0,5,5,21,1,22,1,29.35,593.5,357.0,752.0,29.35,3.0,7.88,roster,0,143.0,110.0,2.6481,124.37,5.6372,1.1,0.6345,3.25,94.38,19.1,13.4,17.48,18.8
2025-03-11 02:00:00,2,40,40,4.0,5.0,26.0,5.0,0.0,1.0,6,6,21,1,22,1,30.35,625.0,415.0,812.0,30.35,3.0,7.88,roster,0,128.0,100.0,2.3704,117.18,5.6365,1.0,0.7614,3.2,85.8,19.1,13.4,18.88,20.3
2025-03-11 03:00:00,3,41,41,3.0,5.0,27.0,6.0,0.0,1.0,8,8,21,1,22,1,31.35,685.0,475.0,872.0,31.35,3.0,7.88,roster,0,128.0,102.5,2.3704,120.72,6.3695,1.025,1.0152,3.122,87.94,19.1,13.4,20.27,21.8
2025-03-11 04:00:00,4,35,35,3.0,5.0,26.0,1.0,0.0,1.0,1,1,21,1,22,1,32.35,745.0,535.0,932.0,32.35,3.0,7.88,roster,0,115.0,87.5,2.1296,109.25,3.292,0.875,0.1269,3.2857,75.08,19.1,13.4,21.67,23.3
2025-03-11 05:00:00,5,37,37,3.0,5.0,27.0,2.0,0.0,1.0,4,4,21,1,22,1,33.35,774.5,577.0,992.0,33.35,3.0,7.88,roster,0,120.0,92.5,2.2222,114.93,4.6463,0.925,0.5076,3.2432,79.36,19.1,13.4,23.06,24.8
2025-03-11 06:00:00,6,35,35,4.0,5.0,24.0,2.0,0.0,1.0,2,2,21,1,22,1,34.35,834.5,637.0,1052.0,34.35,3.0,7.88,roster,0,116.0,87.5,2.1481,112.04,3.7412,0.875,0.2538,3.3143,75.08,19.1,13.4,24.46,26.3
2025-03-11 07:00:00,7,32,32,4.0,3.0,23.0,2.0,0.0,1.0,1,1,21,1,22,1,35.35,878.5,621.0,1112.0,35.35,3.0,7.88,roster,0,105.0,80.0,1.9444,107.0,3.0414,0.8,0.1269,3.2812,68.64,19.1,13.4,25.85,27.8
2025-03-11 08:00:00,8,30,30,4.0,3.0,21.0,2.0,0.0,1.0,0,0,21,1,22,1,36.35,938.5,681.0,1172.0,36.35,3.0,7.51,roster,0,99.0,75.0,1.8333,104.1,2.475,0.75,0.0,3.3,64.35,19.1,13.4,27.25,29.3
2025-03-11 09:00:00,9,31,31,4.0,3.0,22.0,2.0,0.0,1.0,4,4,20,1,21,1,37.35,994.0,741.0,1105.0,37.35,3.0,7.51,roster,0,102.0,77.5,1.7895,103.82,4.3025,0.775,0.5326,3.2903,66.5,18.23,13.4,25.69,27.625
2025-03-11 10:00:00,10,34,34,4.0,3.0,25.0,2.0,0.0,1.0,5,5,20,1,21,1,38.35,923.0,750.0,1165.0,38.35,4.0,10.83,roster,0,111.0,85.0,1.4605,111.65,4.2823,0.85,0.4617,3.2647,72.93,18.23,13.4,27.09,29.125
2025-03-11 11:00:00,11,31,31,3.0,3.0,23.0,2.0,0.0,1.0,4,4,16,2,18,2,39.35,946.0,633.0,1225.0,39.35,4.0,10.83,roster,0,100.0,77.5,1.1364,117.41,3.6914,0.775,0.3693,3.2258,66.5,15.63,26.8,28.48,30.625
2025-03-11 12:00:00,12,33,33,3.0,5.0,24.0,1.0,0.0,1.0,10,10,17,2,19,2,40.35,997.0,425.0,1285.0,40.35,4.0,10.83,roster,0,109.0,82.5,1.2976,123.96,5.7749,0.825,0.9234,3.303,70.78,16.5,26.8,29.88,32.125
2025-03-11 13:00:00,13,36,36,2.0,5.0,29.0,0.0,0.0,1.0,8,8,19,3,22,3,41.35,955.5,220.0,1304.0,41.35,4.0,10.83,roster,0,117.0,90.0,1.625,146.84,5.3257,0.9,0.7387,3.25,77.22,19.1,40.2,30.32,32.6
2025-03-11 14:00:00,14,35,35,2.0,5.0,27.0,1.0,0.0,1.0,5,5,19,2,21,2,42.35,990.0,171.0,1364.0,42.35,4.0,10.83,roster,0,113.0,87.5,1.4868,131.82,4.3156,0.875,0.4617,3.2286,75.08,18.23,26.8,31.71,34.1
2025-03-11 15:00:00,15,35,35,3.0,6.0,24.0,2.0,0.0,1.0,7,6,19,2,21,2,43.35,1050.0,219.0,1424.0,43.35,4.0,10.83,roster,0,115.0,87.5,1.5132,133.22,4.6953,0.875,0.554,3.2857,75.08,18.23,26.8,33.11,35.6
2025-03-11 16:00:00,16,35,35,3.0,9.0,22.0,1.0,0.0,1.0,10,9,16,2,18,2,44.35,990.0,251.0,1446.0,44.35,4.0,10.83,roster,0,119.0,87.5,1.3523,131.12,5.8005,0.875,0.831,3.4,75.08,15.63,26.8,33.62,36.15
2025-03-11 17:00:00,17,33,33,3.0,7.0,22.0,1.0,0.0,1.0,6,5,20,2,22,2,45.35,433.0,209.0,1297.0,45.35,4.0,10.83,roster,0,111.0,82.5,1.5417,126.84,4.3279,0.825,0.4617,3.3636,70.78,19.1,26.8,30.16,32.425
2025-03-11 18:00:00,18,32,32,3.0,7.0,22.0,0.0,0.0,1.0,3,3,21,2,23,2,46.35,411.0,220.0,1357.0,46.35,4.0,10.83,roster,0,109.0,80.0,1.6029,126.96,3.6686,0.8,0.277,3.4062,68.64,19.97,26.8,31.55,33.925
2025-03-11 19:00:00,19,39,39,4.0,9.0,26.0,0.0,0.0,1.0,9,9,23,1,24,1,47.35,463.0,228.0,1417.0,47.35,4.0,10.83,roster,0,134.0,97.5,2.0938,130.84,6.2053,0.975,0.831,3.4359,83.66,20.84,13.4,32.95,35.425
2025-03-11 20:00:00,20,46,46,3.0,10.0,32.0,1.0,0.0,1.0,10,10,27,2,29,2,48.35,426.0,179.0,1350.0,48.35,4.0,9.68,roster,0,153.0,115.0,3.4773,162.04,7.261,1.15,1.0331,3.3261,98.67,25.18,26.8,31.39,33.75
2025-03-11 21:00:00,21,54,54,3.0,12.0,36.0,3.0,0.0,1.0,11,9,29,2,31,2,49.35,449.0,176.0,1410.0,49.35,4.0,9.68,roster,0,177.0,135.0,4.9167,182.33,7.4725,1.35,0.9298,3.2778,115.83,26.92,26.8,32.78,35.25
2025-03-11 22:00:00,22,52,52,3.0,11.0,36.0,2.0,0.0,1.0,6,7,31,2,33,2,50.35,408.0,231.0,1407.0,50.35,3.0,6.36,roster,0,171.0,130.0,8.1429,179.71,7.8944,1.3,1.1006,3.2885,111.54,28.65,26.8,32.71,35.175
2025-03-11 23:00:00,23,50,50,2.0,9.0,36.0,3.0,0.0,1.0,10,9,31,1,32,1,51.35,518.5,296.0,1530.0,51.35,3.0,6.36,roster,0,160.0,125.0,6.6667,164.01,8.5283,1.25,1.4151,3.2,107.25,27.79,13.4,35.57,38.25
2025-03-12 00:00:00,0,51,51,2.0,9.0,37.0,3.0,0.0,1.0,7,5,33,1,34,1,52.35,523.5,336.0,1527.0,52.35,3.0,6.36,roster,0,163.0,127.5,9.0556,167.82,6.5876,1.275,0.7862,3.1961,109.39,29.52,13.4,35.5,38.175
2025-03-12 01:00:00,1,53,53,2.0,11.0,37.0,3.0,0.0,1.0,9,8,33,1,34,1,53.35,583.5,396.0,1587.0,53.35,3.0,6.36,roster,0,171.0,132.5,9.5,173.51,8.3334,1.325,1.2579,3.2264,113.68,29.52,13.4,36.9,39.675
2025-03-12 02:00:00,2,48,48,2.0,11.0,34.0,1.0,0.0,1.0,5,5,35,1,36,1,54.35,627.5,452.0,1647.0,54.35,3.0,6.36,roster,0,158.0,120.0,13.1667,165.91,6.5378,1.2,0.7862,3.2917,102.96,31.26,13.4,38.29,41.175
2025-03-12 03:00:00,3,48,48,2.0,12.0,33.0,1.0,0.0,1.0,5,4,37,2,39,2,55.35,668.0,467.0,1593.0,55.35,3.0,6.36,roster,0,159.0,120.0,53.0,180.66,6.0583,1.2,0.6289,3.3125,102.96,33.86,26.8,37.04,39.825
2025-03-12 04:00:00,4,49,49,2.0,14.0,32.0,1.0,0.0,1.0,3,3,37,2,39,2,56.35,728.0,527.0,1653.0,56.35,3.0,6.36,roster,0,164.0,122.5,54.6667,184.2,5.6787,1.225,0.4717,3.3469,105.1,33.86,26.8,38.43,41.325
2025-03-12 05:00:00,5,48,48,2.0,14.0,31.0,1.0,0.0,1.0,3,2,37,2,39,2,57.35,788.0,587.0,1713.0,57.35,3.0,6.36,roster,0,161.0,120.0,53.6667,183.45,5.0798,1.2,0.3145,3.3542,102.96,33.86,26.8,39.83,42.825
2025-03-12 06:00:00,6,49,49,2.0,13.0,33.0,1.0,0.0,1.0,4,5,37,1,38,1,58.35,852.0,656.0,1773.0,58.35,3.0,6.36,roster,0,163.0,122.5,27.1667,172.72,6.6902,1.225,0.7862,3.3265,105.1,33.0,13.4,41.22,44.325
2025-03-12 07:00:00,7,48,48,2.0,13.0,32.0,1.0,0.0,1.0,1,1,37,1,38,1,59.35,912.0,716.0,1833.0,59.35,3.0,6.36,roster,0,160.0,120.0,26.6667,171.97,4.5241,1.2,0.1572,3.3333,102.96,33.0,13.4,42.62,45.825
2025-03-12 08:00:00,8,46,46,2.0,12.0,31.0,1.0,0.0,1.0,2,2,37,1,38,1,60.35,972.0,776.0,1893.0,60.35,3.0,6.8,roster,0,153.0,115.0,25.5,169.08,4.8033,1.15,0.2941,3.3261,98.67,33.0,13.4,44.01,47.325
2025-03-12 09:00:00,9,45,45,2.0,12.0,30.0,1.0,0.0,1.0,2,3,36,1,37,1,61.35,1028.0,836.0,1953.0,61.35,3.0,6.8,roster,0,150.0,112.5,16.6667,167.46,5.2206,1.125,0.4412,3.3333,96.52,32.13,13.4,45.41,48.825
2025-03-12 10:00:00,10,52,52,2.0,12.0,35.0,2.0,1.0,1.0,9,9,35,1,36,1,62.35,1055.0,896.0,2127.0,62.35,4.0,10.67,roster,0,168.0,130.0,10.5,185.65,6.9251,1.3,0.8435,3.2308,111.54,31.26,13.4,49.45,53.175
2025-03-12 11:00:00,11,50,50,3.0,11.0,33.0,2.0,1.0,1.0,9,8,33,1,34,1,61.167,1080.5,659.0,1595.0,61.167,4.0,10.67,roster,0,163.0,125.0,6.7917,167.26,6.5192,1.25,0.7498,3.26,107.25,29.52,13.4,37.08,39.875
2025-03-12 12:00:00,12,47,47,4.0,10.0,31.0,2.0,0.0,1.0,5,5,34,1,35,1,62.167,1052.0,240.0,1475.0,62.167,4.0,10.67,roster,0,157.0,117.5,7.85,158.9,5.4903,1.175,0.4686,3.3404,100.82,30.39,13.4,34.29,36.875
2025-03-12 13:00:00,13,45,45,5.0,8.0,30.0,2.0,0.0,1.0,4,4,33,1,34,1,45.1,1071.5,213.0,1308.0,45.1,4.0,10.67,roster,0,151.0,112.5,6.2917,149.86,5.0329,1.125,0.3749,3.3556,96.52,29.52,13.4,30.41,32.7
2025-03-12 14:00:00,14,49,49,6.0,10.0,30.0,3.0,0.0,1.0,9,9,30,2,32,2,46.1,881.5,238.0,1336.0,46.1,4.0,10.67,roster,0,166.0,122.5,5.1875,170.75,7.0075,1.225,0.8435,3.3878,105.1,27.79,26.8,31.06,33.4
2025-03-12 15:00:00,15,53,53,5.0,10.0,35.0,3.0,0.0,1.0,12,12,27,4,31,4,47.1,899.0,232.0,1319.0,47.1,4.0,10.67,roster,0,176.0,132.5,4.8889,204.87,8.1347,1.325,1.1246,3.3208,113.68,26.92,53.6,30.67,32.975
2025-03-12 16:00:00,16,44,44,3.0,9.0,29.0,3.0,0.0,1.0,5,5,25,2,27,2,48.1,1044.0,351.0,1379.0,48.1,4.0,10.67,roster,0,144.0,110.0,2.7692,156.69,5.1336,1.1,0.4686,3.2727,94.38,23.44,26.8,32.06,34.475
2025-03-12 17:00:00,17,41,41,3.0,9.0,28.0,1.0,0.0,1.0,7,6,23,3,26,3,49.1,1205.5,411.0,1439.0,49.1,4.0,10.67,roster,0,137.0,102.5,2.4464,164.18,5.304,1.025,0.5623,3.3415,87.94,22.58,40.2,33.46,35.975
2025-03-12 18:00:00,18,40,40,3.0,9.0,27.0,1.0,0.0,1.0,6,5,25,3,28,3,50.1,1121.5,412.0,1499.0,50.1,4.0,10.67,roster,0,134.0,100.0,2.7917,165.16,4.9198,1.0,0.4686,3.35,85.8,24.31,40.2,34.85,37.475
2025-03-12 19:00:00,19,35,35,4.0,7.0,23.0,1.0,0.0,1.0,6,6,22,2,24,2,45.5,1181.5,472.0,1559.0,45.5,4.0,10.67,roster,0,119.0,87.5,1.8594,138.96,4.8869,0.875,0.5623,3.4,75.08,20.84,26.8,36.25,38.975
2025-03-12 20:00:00,20,37,37,4.0,7.0,20.0,6.0,0.0,1.0,11,9,21,3,24,3,46.5,639.5,284.0,1540.0,46.5,4.0,10.96,roster,0,120.0,92.5,1.875,156.21,5.6632,0.925,0.8212,3.2432,79.36,20.84,40.2,35.8,38.5
2025-03-12 21:00:00,21,39,39,3.0,8.0,26.0,2.0,0.0,1.0,12,11,22,2,24,2,47.5,667.5,294.0,1592.0,47.5,4.0,10.96,roster,0,129.0,97.5,2.0156,148.31,6.5448,0.975,1.0036,3.3077,83.66,20.84,26.8,37.01,39.8
2025-03-12 22:00:00,22,39,39,3.0,9.0,25.0,2.0,0.0,1.0,8,6,26,2,28,2,48.5,632.5,231.0,1620.0,48.5,3.0,7.09,roster,0,130.0,97.5,3.6111,152.43,6.0709,0.975,0.8463,3.3333,83.66,24.31,26.8,37.66,40.5
2025-03-12 23:00:00,23,41,41,3.0,10.0,26.0,2.0,0.0,1.0,10,10,25,1,26,1,49.5,741.5,291.0,1680.0,49.5,3.0,7.09,roster,0,137.0,102.5,3.2619,142.98,8.1379,1.025,1.4104,3.3415,87.94,22.58,13.4,39.06,42.0
2025-03-13 00:00:00,0,40,40,4.0,9.0,25.0,2.0,0.0,1.0,5,6,26,0,26,0,50.5,801.5,351.0,1740.0,50.5,3.0,7.09,roster,0,135.0,100.0,3.2143,128.83,6.2311,1.0,0.8463,3.375,85.8,22.58,0.0,40.46,43.5
2025-03-13 01:00:00,1,39,39,5.0,9.0,22.0,3.0,0.0,1.0,5,5,28,0,28,0,51.5,812.5,304.0,1800.0,51.5,3.0,7.09,roster,0,133.0,97.5,3.6944,129.82,5.73,0.975,0.7052,3.4103,83.66,24.31,0.0,41.85,45.0
2025-03-13 02:00:00,2,36,36,5.0,8.0,20.0,3.0,0.0,1.0,3,2,29,0,29,0,52.5,853.0,330.0,1856.0,52.5,3.0,7.09,roster,0,123.0,90.0,3.7273,125.55,4.0388,0.9,0.2821,3.4167,77.22,25.18,0.0,43.15,46.4
2025-03-13 03:00:00,3,36,36,5.0,9.0,20.0,2.0,0.0,1.0,1,1,29,0,29,0,53.5,913.0,390.0,1916.0,53.5,3.0,7.09,roster,0,125.0,90.0,3.7879,126.95,3.6147,0.9,0.141,3.4722,77.22,25.18,0.0,44.55,47.9
2025-03-13 04:00:00,4,37,37,5.0,9.0,20.0,3.0,0.0,1.0,2,2,29,0,29,0,54.5,973.0,450.0,1976.0,54.5,3.0,7.09,roster,0,127.0,92.5,3.8485,130.49,4.1432,0.925,0.2821,3.4324,79.36,25.18,0.0,45.94,49.4
2025-03-13 05:00:00,5,39,39,6.0,9.0,22.0,2.0,0.0,1.0,4,4,29,0,29,0,55.5,1033.0,510.0,2036.0,55.5,3.0,7.09,roster,0,136.0,97.5,4.1212,136.17,5.3674,0.975,0.5642,3.4872,83.66,25.18,0.0,47.34,50.9
2025-03-13 06:00:00,6,40,40,6.0,9.0,23.0,2.0,0.0,1.0,4,4,31,0,31,0,56.5,920.0,562.0,2096.0,56.5,3.0,7.09,roster,0,139.0,100.0,5.1481,141.45,5.4355,1.0,0.5642,3.475,85.8,26.92,0.0,48.73,52.4
2025-03-13 07:00:00,7,39,39,6.0,9.0,23.0,1.0,0.0,1.0,3,2,31,0,31,0,57.5,980.0,622.0,2156.0,57.5,3.0,7.09,roster,0,137.0,97.5,5.0741,140.7,4.4159,0.975,0.2821,3.5128,83.66,26.92,0.0,50.13,53.9
2025-03-13 08:00:00,8,41,41,7.0,9.0,23.0,2.0,0.0,1.0,4,4,31,0,31,0,58.5,1040.0,682.0,2216.0,58.5,3.0,6.8,roster,0,144.0,102.5,5.3333,146.38,5.666,1.025,0.5882,3.5122,87.94,26.92,0.0,51.52,55.4
2025-03-13 09:00:00,9,44,44,7.0,10.0,24.0,3.0,0.0,1.0,8,8,30,0,30,0,59.5,998.5,731.0,1979.0,59.5,3.0,6.8,roster,0,153.0,110.0,5.1,146.44,7.9159,1.1,1.1765,3.4773,94.38,26.05,0.0,46.01,49.475
2025-03-13 10:00:00,10,50,50,6.0,10.0,29.0,5.0,0.0,1.0,8,8,31,2,33,2,60.5,951.0,594.0,1935.0,60.5,4.0,10.05,roster,0,167.0,125.0,5.9643,187.69,6.8337,1.25,0.796,3.34,107.25,28.65,26.8,44.99,48.375
2025-03-13 11:00:00,11,52,52,7.0,11.0,31.0,3.0,0.0,1.0,14,12,32,2,34,2,61.5,864.5,234.0,1524.0,61.5,4.0,10.05,roster,0,178.0,130.0,7.4167,183.3,8.5373,1.3,1.194,3.4231,111.54,29.52,26.8,35.43,38.1
2025-03-13 12:00:00,12,45,45,6.0,9.0,26.0,4.0,0.0,1.0,3,3,27,2,29,2,62.5,922.0,213.0,1584.0,62.5,4.0,10.05,roster,0,152.0,112.5,3.4545,165.33,4.8083,1.125,0.2985,3.3778,96.52,25.18,26.8,36.83,39.6
2025-03-13 13:00:00,13,48,48,7.0,9.0,30.0,2.0,0.0,1.0,7,7,27,1,28,1,63.5,984.5,295.0,2115.0,63.5,4.0,10.05,roster,0,165.0,120.0,3.4375,169.85,6.5193,1.2,0.6965,3.4375,102.96,24.31,13.4,49.17,52.875
2025-03-13 14:00:00,14,47,47,8.0,8.0,30.0,1.0,0.0,1.0,12,12,21,0,21,0,47.883,667.0,314.0,1283.0,43.0,4.0,10.05,roster,0,164.0,117.5,2.1579,128.88,8.2664,1.175,1.194,3.4894,100.82,18.23,0.0,29.83,32.075
2025-03-13 15:00:00,15,49,49,8.0,8.0,31.0,2.0,0.0,1.0,9,9,23,0,23,0,48.883,622.0,149.0,1343.0,44.0,4.0,10.05,roster,0,169.0,122.5,2.4853,136.3,7.3136,1.225,0.8955,3.449,105.1,19.97,0.0,31.22,33.575
2025-03-13 16:00:00,16,45,45,9.0,9.0,26.0,1.0,0.0,1.0,8,7,23,0,23,0,49.883,660.0,195.0,1311.0,38.25,4.0,10.05,roster,0,161.0,112.5,2.3676,126.98,6.517,1.125,0.6965,3.5778,96.52,19.97,0.0,30.48,32.775
2025-03-13 17:00:00,17,42,42,9.0,8.0,24.0,1.0,0.0,1.0,3,3,26,0,26,0,50.883,544.0,231.0,1230.0,39.25,4.0,10.05,roster,0,151.0,105.0,2.6964,121.26,4.8482,1.05,0.2985,3.5952,90.09,22.58,0.0,28.6,30.75
2025-03-13 18:00:00,18,43,43,9.0,7.0,24.0,2.0,1.0,1.0,6,6,26,0,26,0,40.25,604.0,291.0,1290.0,40.25,4.0,10.05,roster,0,150.0,107.5,2.6786,124.8,5.8326,1.075,0.597,3.4884,92.24,22.58,0.0,29.99,32.25
2025-03-13 19:00:00,19,41,41,9.0,7.0,22.0,3.0,0.0,1.0,2,2,26,0,26,0,41.25,664.0,351.0,1350.0,41.25,4.0,10.05,roster,0,145.0,102.5,2.5893,121.91,4.3288,1.025,0.199,3.5366,87.94,22.58,0.0,31.39,33.75
2025-03-13 20:00:00,20,40,40,10.0,6.0,20.0,3.0,1.0,1.0,5,5,23,0,23,0,34.4,774.0,411.0,1410.0,34.4,4.0,10.99,roster,0,141.0,100.0,2.0735,118.55,5.1287,1.0,0.455,3.525,85.8,19.97,0.0,32.78,35.25
2025-03-13 21:00:00,21,42,42,10.0,6.0,21.0,5.0,0.0,1.0,6,6,23,1,24,1,35.4,784.0,471.0,1470.0,35.4,4.0,10.99,roster,0,147.0,105.0,2.2969,138.51,5.5858,1.05,0.546,3.5,90.09,20.84,13.4,34.18,36.75
2025-03-13 22:00:00,22,46,46,10.0,6.0,24.0,6.0,0.0,1.0,10,8,23,1,24,1,36.4,844.0,531.0,1530.0,36.4,3.0,7.74,roster,0,158.0,115.0,3.2917,148.48,7.5002,1.15,1.0336,3.4348,98.67,20.84,13.4,35.57,38.25
2025-03-13 23:00:00,23,41,41,10.0,6.0,21.0,4.0,0.0,1.0,6,5,24,2,26,2,37.4,790.5,460.0,1587.0,37.4,3.0,7.74,roster,0,145.0,102.5,3.4524,154.22,5.9096,1.025,0.646,3.5366,87.94,22.58,26.8,36.9,39.675
2025-03-14 00:00:00,0,39,39,8.0,6.0,24.0,1.0,0.0,1.0,9,7,24,1,25,1,38.4,914.0,611.0,1647.0,38.4,3.0,7.74,roster,0,138.0,97.5,3.0667,137.06,6.6502,0.975,0.9044,3.5385,83.66,21.71,13.4,38.29,41.175
2025-03-14 01:00:00,1,40,40,8.0,6.0,25.0,1.0,0.0,1.0,4,4,27,1,28,1,39.4,821.0,557.0,1707.0,39.4,3.0,7.74,roster,0,141.0,100.0,3.9167,143.2,5.3467,1.0,0.5168,3.525,85.8,24.31,13.4,39.69,42.675
2025-03-14 02:00:00,2,43,43,8.0,8.0,26.0,1.0,0.0,1.0,7,6,27,0,27,0,40.4,907.0,617.0,1767.0,40.4,3.0,7.74,roster,0,152.0,107.5,3.8974,136.76,6.5402,1.075,0.7752,3.5349,92.24,23.44,0.0,41.08,44.175
2025-03-14 03:00:00,3,40,40,9.0,6.0,24.0,1.0,0.0,1.0,7,4,26,0,26,0,41.4,1030.5,700.0,1827.0,41.4,3.0,7.74,roster,0,143.0,100.0,3.4048,130.85,5.4225,1.0,0.5168,3.575,85.8,22.58,0.0,42.48,45.675
2025-03-14 04:00:00,4,38,38,9.0,6.0,22.0,1.0,0.0,1.0,3,3,27,0,27,0,42.4,1027.0,737.0,1887.0,42.4,3.0,7.74,roster,0,137.0,95.0,3.5128,128.83,4.8224,0.95,0.3876,3.6053,81.51,23.44,0.0,43.87,47.175
2025-03-14 05:00:00,5,40,40,9.0,5.0,25.0,1.0,0.0,1.0,5,6,27,0,27,0,43.4,1087.0,797.0,1947.0,43.4,3.0,7.74,roster,0,142.0,100.0,3.641,134.51,6.3019,1.0,0.7752,3.55,85.8,23.44,0.0,45.27,48.675
2025-03-14 06:00:00,6,35,35,9.0,5.0,21.0,0.0,0.0,1.0,1,1,27,0,27,0,44.4,1147.0,857.0,2007.0,44.4,3.0,7.74,roster,0,128.0,87.5,3.2821,125.18,3.6725,0.875,0.1292,3.6571,75.08,23.44,0.0,46.66,50.175
2025-03-14 07:00:00,7,42,42,10.0,7.0,25.0,0.0,0.0,1.0,7,7,27,0,27,0,45.4,1207.0,917.0,2067.0,45.4,3.0,7.74,roster,0,153.0,105.0,3.9231,141.59,7.1196,1.05,0.9044,3.6429,90.09,23.44,0.0,48.06,51.675
2025-03-14 08:00:00,8,44,44,10.0,7.0,26.0,1.0,0.0,1.0,5,5,31,0,31,0,46.4,1169.0,633.0,1973.0,46.4,3.0,6.59,roster,0,158.0,110.0,5.8519,147.17,6.6745,1.1,0.7587,3.5909,94.38,26.92,0.0,45.87,49.325
2025-03-14 09:00:00,9,42,42,10.0,8.0,24.0,0.0,0.0,1.0,1,2,31,0,31,0,47.4,1195.0,586.0,2033.0,47.4,3.0,6.59,roster,0,154.0,105.0,5.7037,144.27,4.9628,1.05,0.3035,3.6667,90.09,26.92,0.0,47.27,50.825
2025-03-14 10:00:00,10,42,42,9.0,8.0,25.0,0.0,0.0,1.0,3,3,29,0,29,0,48.4,1255.0,753.0,1867.0,48.4,4.0,9.84,roster,0,152.0,105.0,3.4545,138.68,4.9034,1.05,0.3049,3.619,90.09,25.18,0.0,43.41,46.675
2025-03-14 11:00:00,11,42,42,8.0,10.0,24.0,0.0,0.0,1.0,9,9,26,0,26,0,42.9,1291.0,699.0,1674.0,42.9,4.0,9.84,roster,0,152.0,105.0,2.7143,131.59,7.1101,1.05,0.9146,3.619,90.09,22.58,0.0,38.92,41.85
2025-03-14 12:00:00,12,46,46,7.0,12.0,27.0,0.0,0.0,1.0,9,9,28,0,28,0,39.5,995.0,308.0,1455.0,39.5,4.0,9.84,roster,0,164.0,115.0,3.4167,136.81,7.3609,1.15,0.9146,3.5652,98.67,24.31,0.0,33.83,36.375
2025-03-14 13:00:00,13,52,52,7.0,12.0,33.0,0.0,0.0,1.0,11,11,30,0,30,0,40.5,822.5,176.0,1435.0,40.5,4.0,9.84,roster,0,182.0,130.0,4.55,150.95,8.4626,1.3,1.1179,3.5,111.54,26.05,0.0,33.36,35.875
2025-03-14 14:00:00,14,47,47,7.0,11.0,29.0,0.0,0.0,1.0,1,1,31,0,31,0,41.45,447.0,213.0,1451.0,41.45,4.0,9.84,roster,0,166.0,117.5,4.6111,141.47,4.5089,1.175,0.1016,3.5319,100.82,26.92,0.0,33.74,36.275
2025-03-14 15:00:00,15,43,43,5.0,12.0,25.0,1.0,0.0,1.0,7,7,25,0,25,0,25.85,353.0,236.0,946.0,25.85,4.0,9.84,roster,0,150.0,107.5,2.5,115.94,6.2316,1.075,0.7114,3.4884,92.24,21.71,0.0,21.99,23.65
2025-03-14 16:00:00,16,43,43,4.0,14.0,24.0,1.0,0.0,1.0,7,6,25,0,25,0,26.85,343.0,243.0,811.0,26.85,4.0,9.84,roster,0,150.0,107.5,2.5,112.8,5.8771,1.075,0.6098,3.4884,92.24,21.71,0.0,18.86,20.275
2025-03-14 17:00:00,17,41,41,3.0,14.0,24.0,0.0,0.0,1.0,7,7,24,1,25,1,27.85,397.0,298.0,627.0,27.85,4.0,9.84,roster,0,143.0,102.5,2.3833,117.63,6.0562,1.025,0.7114,3.4878,87.94,21.71,13.4,14.58,15.675
2025-03-14 18:00:00,18,43,43,3.0,14.0,25.0,1.0,0.0,1.0,7,6,25,2,27,2,28.85,453.0,294.0,687.0,28.85,4.0,9.84,roster,0,148.0,107.5,2.8462,138.45,5.7987,1.075,0.6098,3.4419,92.24,23.44,26.8,15.97,17.175
2025-03-14 19:00:00,19,41,41,2.0,14.0,24.0,1.0,0.0,1.0,4,2,24,2,26,2,29.85,504.5,272.0,728.0,29.85,4.0,9.84,roster,0,140.0,102.5,2.5,134.25,4.194,1.025,0.2033,3.4146,87.94,22.58,26.8,16.93,18.2
2025-03-14 20:00:00,20,37,37,2.0,14.0,21.0,0.0,0.0,1.0,2,2,24,2,26,2,30.85,564.5,332.0,788.0,30.85,4.0,10.99,roster,0,129.0,92.5,2.3036,127.06,3.8595,0.925,0.182,3.4865,79.36,22.58,26.8,18.32,19.7
2025-03-14 21:00:00,21,42,42,2.0,15.0,23.0,2.0,0.0,1.0,8,7,24,1,25,1,31.85,633.0,474.0,848.0,31.85,4.0,10.99,roster,0,143.0,105.0,2.3833,124.91,5.7436,1.05,0.6369,3.4048,90.09,21.71,13.4,19.72,21.2
2025-03-14 22:00:00,22,35,35,2.0,12.0,19.0,2.0,0.0,1.0,4,4,23,3,26,3,32.85,684.5,437.0,908.0,32.85,3.0,7.74,roster,0,119.0,87.5,2.8333,138.96,4.7321,0.875,0.5168,3.4,75.08,22.58,40.2,21.11,22.7
2025-03-14 23:00:00,23,41,41,2.0,12.0,23.0,4.0,0.0,1.0,11,11,23,2,25,2,33.85,753.0,594.0,968.0,33.85,3.0,7.74,roster,0,135.0,102.5,3.0,138.96,8.0545,1.025,1.4212,3.2927,87.94,21.71,26.8,22.51,24.2
2025-03-15 00:00:00,0,45,45,2.0,13.0,26.0,4.0,0.0,1.0,12,11,23,2,25,2,34.85,813.0,654.0,1028.0,34.85,3.0,7.74,roster,0,148.0,112.5,3.2889,148.93,8.3741,1.125,1.4212,3.2889,96.52,21.71,26.8,23.9,25.7
2025-03-15 01:00:00,1,39,39,2.0,12.0,22.0,3.0,0.0,1.0,6,6,25,2,27,2,35.85,856.0,524.0,1088.0,35.85,3.0,7.74,roster,0,130.0,97.5,3.3333,139.2,5.834,0.975,0.7752,3.3333,83.66,23.44,26.8,25.3,27.2
2025-03-15 02:00:00,2,38,38,2.0,12.0,23.0,1.0,0.0,1.0,10,6,25,2,27,2,36.85,916.0,584.0,1148.0,36.85,3.0,7.74,roster,0,129.0,95.0,3.3077,138.45,5.8566,0.95,0.7752,3.3947,81.51,23.44,26.8,26.69,28.7
2025-03-15 03:00:00,3,32,32,2.0,10.0,20.0,0.0,0.0,1.0,3,1,27,0,27,0,37.85,976.0,644.0,1208.0,37.85,3.0,7.74,roster,0,110.0,80.0,2.8205,100.17,3.1941,0.8,0.1292,3.4375,68.64,23.44,0.0,28.09,30.2
2025-03-15 04:00:00,4,35,35,2.0,11.0,22.0,0.0,0.0,1.0,5,4,27,0,27,0,38.85,1036.0,704.0,1268.0,38.85,3.0,7.74,roster,0,120.0,87.5,3.0769,108.0,4.7719,0.875,0.5168,3.4286,75.08,23.44,0.0,29.48,31.7
2025-03-15 05:00:00,5,31,31,2.0,11.0,18.0,0.0,0.0,1.0,0,0,28,0,28,0,39.85,1086.0,764.0,1328.0,39.85,3.0,7.74,roster,0,108.0,77.5,3.0,101.68,2.7,0.775,0.0,3.4839,66.5,24.31,0.0,30.88,33.2
2025-03-15 06:00:00,6,31,31,2.0,11.0,18.0,0.0,0.0,1.0,1,0,28,0,28,0,40.85,1146.0,824.0,1388.0,40.85,3.0,7.74,roster,0,108.0,77.5,3.0,103.08,2.7,0.775,0.0,3.4839,66.5,24.31,0.0,32.27,34.7
2025-03-15 07:00:00,7,34,34,3.0,11.0,20.0,0.0,0.0,1.0,3,3,28,0,28,0,41.85,1206.0,884.0,1448.0,41.85,3.0,7.74,roster,0,119.0,85.0,3.3056,110.91,4.3316,0.85,0.3876,3.5,72.93,24.31,0.0,33.67,36.2
2025-03-15 08:00:00,8,35,35,4.0,11.0,20.0,0.0,0.0,1.0,3,3,28,0,28,0,42.85,1266.0,944.0,1508.0,42.85,3.0,6.35,roster,0,124.0,87.5,3.4444,114.45,4.7738,0.875,0.4724,3.5429,75.08,24.31,0.0,35.06,37.7
2025-03-15 09:00:00,9,35,35,4.0,12.0,19.0,0.0,0.0,1.0,2,2,29,1,30,1,43.85,1294.5,859.0,1541.0,43.85,3.0,6.35,roster,0,125.0,87.5,4.1667,130.35,4.2499,0.875,0.315,3.5714,75.08,26.05,13.4,35.83,38.525
2025-03-15 10:00:00,10,35,35,3.0,12.0,20.0,0.0,0.0,1.0,4,4,27,1,28,1,44.85,1328.0,633.0,1601.0,44.85,4.0,9.69,roster,0,123.0,87.5,2.5625,130.01,4.5257,0.875,0.4128,3.5143,75.08,24.31,13.4,37.22,40.025
2025-03-15 11:00:00,11,31,31,2.0,8.0,21.0,0.0,0.0,1.0,8,8,17,0,17,0,45.85,1217.0,584.0,1496.0,45.85,4.0,9.69,roster,0,105.0,77.5,1.1413,96.04,5.4214,0.775,0.8256,3.3871,66.5,14.76,0.0,34.78,37.4
2025-03-15 12:00:00,12,33,33,2.0,5.0,25.0,1.0,0.0,1.0,13,13,12,0,12,0,29.133,896.0,604.0,1374.0,29.133,4.0,9.69,roster,0,107.0,82.5,0.9554,93.15,7.025,0.825,1.3416,3.2424,70.78,10.42,0.0,31.95,34.35
2025-03-15 13:00:00,13,25,25,1.0,4.0,20.0,0.0,0.0,1.0,4,4,10,0,10,0,23.9,211.0,107.0,813.0,23.9,4.0,9.69,roster,0,81.0,62.5,0.675,61.21,3.3625,0.625,0.4128,3.24,53.62,8.68,0.0,18.9,20.325
2025-03-15 14:00:00,14,20,20,1.0,3.0,15.0,1.0,0.0,1.0,6,5,4,0,4,0,14.55,189.5,159.0,873.0,14.55,4.0,9.69,roster,0,64.0,50.0,0.4444,46.67,3.2512,0.5,0.516,3.2,42.9,3.47,0.0,20.3,21.825
2025-03-15 15:00:00,15,18,18,1.0,3.0,13.0,1.0,0.0,1.0,7,6,4,0,4,0,8.1,204.0,189.0,280.0,4.667,4.0,9.69,roster,0,58.0,45.0,0.4028,28.59,3.4452,0.45,0.6192,3.2222,38.61,3.47,0.0,6.51,7.0
2025-03-15 16:00:00,16,17,17,0.0,4.0,12.0,1.0,0.0,1.0,6,6,4,0,4,0,5.667,264.0,249.0,340.0,5.667,4.0,9.69,roster,0,54.0,42.5,0.375,27.84,3.3169,0.425,0.6192,3.1765,36.46,3.47,0.0,7.9,8.5
2025-03-15 17:00:00,17,21,21,0.0,4.0,17.0,0.0,0.0,1.0,8,7,8,0,8,0,6.667,136.5,106.0,339.0,6.667,4.0,9.69,roster,0,67.0,52.5,0.5234,39.87,3.9798,0.525,0.7224,3.1905,45.04,6.95,0.0,7.88,8.475
2025-03-15 18:00:00,18,20,20,0.0,3.0,15.0,2.0,0.0,1.0,6,5,7,0,7,0,6.65,159.0,108.0,223.0,6.65,4.0,9.69,roster,0,61.0,50.0,0.4621,34.16,3.0988,0.5,0.516,3.05,42.9,6.08,0.0,5.18,5.575
2025-03-15 19:00:00,19,29,29,2.0,3.0,19.0,5.0,0.0,1.0,13,13,6,0,6,0,7.65,224.5,168.0,283.0,7.65,4.0,9.69,roster,0,89.0,72.5,0.6544,53.99,6.3423,0.725,1.3416,3.069,62.2,5.21,0.0,6.58,7.075
2025-03-15 20:00:00,20,23,23,2.0,2.0,17.0,2.0,0.0,1.0,6,6,9,1,10,1,8.65,217.5,99.0,290.0,8.65,4.0,11.41,roster,0,73.0,57.5,0.6083,58.16,3.494,0.575,0.5259,3.1739,49.33,8.68,13.4,6.74,7.25
2025-03-15 21:00:00,21,28,28,2.0,2.0,24.0,0.0,0.0,1.0,10,9,10,1,11,1,9.65,163.0,133.0,350.0,9.65,4.0,11.41,roster,0,90.0,70.0,0.7759,71.15,4.7854,0.7,0.7888,3.2143,60.06,9.55,13.4,8.14,8.75
2025-03-15 22:00:00,22,23,23,1.0,1.0,21.0,0.0,0.0,1.0,5,5,12,1,13,1,10.65,210.0,121.0,399.0,10.65,3.0,8.07,roster,0,72.0,57.5,0.8889,63.3,3.7396,0.575,0.6196,3.1304,49.33,11.29,13.4,9.28,9.975
2025-03-15 23:00:00,23,22,22,1.0,2.0,16.0,3.0,0.0,1.0,6,6,12,1,13,1,11.65,270.0,181.0,459.0,11.65,3.0,8.07,roster,0,67.0,55.0,0.8272,62.55,3.9393,0.55,0.7435,3.0455,47.19,11.29,13.4,10.67,11.475
2025-03-16 00:00:00,0,23,23,2.0,3.0,16.0,2.0,0.0,1.0,10,9,11,1,12,1,12.65,326.0,241.0,530.0,12.65,3.0,8.07,roster,0,74.0,57.5,0.881,65.48,5.4382,0.575,1.1152,3.2174,49.33,10.42,13.4,12.32,13.25
2025-03-16 01:00:00,1,24,24,2.0,4.0,16.0,2.0,0.0,1.0,7,6,12,2,14,2,13.65,362.5,240.0,579.0,13.65,3.0,8.07,roster,0,78.0,60.0,1.0,83.9,4.3664,0.6,0.7435,3.25,51.48,12.16,26.8,13.46,14.475
2025-03-16 02:00:00,2,27,27,2.0,3.0,20.0,2.0,0.0,1.0,5,5,13,2,15,2,14.65,412.0,217.0,639.0,14.65,3.0,8.07,roster,0,86.0,67.5,1.1467,92.6,4.1235,0.675,0.6196,3.1852,57.92,13.02,26.8,14.86,15.975
2025-03-16 03:00:00,3,24,24,2.0,3.0,17.0,2.0,0.0,1.0,3,3,13,2,15,2,15.65,472.0,277.0,699.0,15.65,3.0,8.07,roster,0,77.0,60.0,1.0267,87.56,3.1177,0.6,0.3717,3.2083,51.48,13.02,26.8,16.25,17.475
2025-03-16 04:00:00,4,26,26,1.0,3.0,20.0,2.0,0.0,1.0,7,7,12,2,14,2,16.65,542.5,420.0,759.0,16.65,3.0,8.07,roster,0,81.0,65.0,1.0385,92.37,4.7273,0.65,0.8674,3.1154,55.77,12.16,26.8,17.65,18.975
2025-03-16 05:00:00,5,24,24,1.0,3.0,19.0,1.0,0.0,1.0,3,3,14,2,16,2,17.65,566.5,397.0,819.0,17.65,3.0,8.07,roster,0,76.0,60.0,1.0556,91.21,3.0772,0.6,0.3717,3.1667,51.48,13.89,26.8,19.04,20.475
2025-03-16 06:00:00,6,22,22,1.0,3.0,17.0,1.0,0.0,1.0,3,2,15,0,15,0,18.65,652.0,379.0,879.0,18.65,3.0,8.07,roster,0,70.0,55.0,0.9333,60.65,2.5386,0.55,0.2478,3.1818,47.19,13.02,0.0,20.44,21.975
2025-03-16 07:00:00,7,22,22,1.0,3.0,17.0,1.0,0.0,1.0,2,2,15,0,15,0,19.65,712.0,439.0,939.0,19.65,3.0,8.07,roster,0,70.0,55.0,0.9333,62.05,2.5386,0.55,0.2478,3.1818,47.19,13.02,0.0,21.83,23.475
2025-03-16 08:00:00,8,23,23,1.0,3.0,19.0,0.0,0.0,1.0,5,4,15,0,15,0,20.65,772.0,499.0,999.0,20.65,3.0,8.12,roster,0,74.0,57.5,0.9867,65.59,3.4349,0.575,0.4926,3.2174,49.33,13.02,0.0,23.23,24.975
2025-03-16 09:00:00,9,24,24,1.0,3.0,20.0,0.0,0.0,1.0,4,3,15,0,15,0,21.65,781.0,291.0,1008.0,21.65,3.0,8.12,roster,0,77.0,60.0,1.0267,67.94,3.1103,0.6,0.3695,3.2083,51.48,13.02,0.0,23.44,25.2
2025-03-16 10:00:00,10,27,27,1.0,3.0,23.0,0.0,0.0,1.0,8,8,14,0,14,0,19.717,810.5,351.0,939.0,19.717,4.0,11.45,roster,0,86.0,67.5,0.8269,71.9,4.3755,0.675,0.6987,3.1852,57.92,12.16,0.0,21.83,23.475
2025-03-16 11:00:00,11,28,28,1.0,4.0,21.0,2.0,0.0,1.0,9,9,11,0,11,0,20.717,840.0,198.0,999.0,20.717,4.0,11.45,roster,0,88.0,70.0,0.7586,72.84,4.6704,0.7,0.786,3.1429,60.06,9.55,0.0,23.23,24.975
2025-03-16 12:00:00,12,29,29,0.0,4.0,19.0,5.0,1.0,1.0,10,8,10,0,10,0,21.717,387.0,174.0,1012.0,21.717,4.0,11.45,roster,0,84.0,72.5,0.7,74.42,4.1238,0.725,0.6987,2.8966,62.2,8.68,0.0,23.53,25.3
2025-03-16 13:00:00,13,31,31,1.0,4.0,19.0,5.0,2.0,1.0,10,10,10,0,10,0,22.717,447.0,234.0,1072.0,22.717,4.0,11.45,roster,0,90.0,77.5,0.75,80.1,4.7856,0.775,0.8734,2.9032,66.5,8.68,0.0,24.92,26.8
2025-03-16 14:00:00,14,31,31,1.0,3.0,19.0,7.0,1.0,1.0,11,10,10,2,12,2,21.8,207.5,104.0,636.0,21.8,4.0,11.45,roster,0,89.0,77.5,0.7946,98.5,4.7324,0.775,0.8734,2.871,66.5,10.42,26.8,14.79,15.9
2025-03-16 15:00:00,15,32,32,1.0,1.0,23.0,6.0,1.0,1.0,11,10,9,1,10,1,22.8,323.5,164.0,696.0,22.8,4.0,11.45,roster,0,91.0,80.0,0.7583,86.91,4.7586,0.8,0.8734,2.8438,68.64,8.68,13.4,16.18,17.4
2025-03-16 16:00:00,16,34,34,1.0,1.0,25.0,6.0,1.0,1.0,10,9,9,2,11,2,23.8,353.0,199.0,756.0,23.8,4.0,11.45,roster,0,97.0,85.0,0.8362,106.86,4.6675,0.85,0.786,2.8529,72.93,9.55,26.8,17.58,18.9
2025-03-16 17:00:00,17,35,35,1.0,1.0,26.0,5.0,2.0,1.0,9,10,9,2,11,2,24.8,413.0,259.0,816.0,24.8,4.0,11.45,roster,0,99.0,87.5,0.8534,110.4,4.9454,0.875,0.8734,2.8286,75.08,9.55,26.8,18.97,20.4
2025-03-16 18:00:00,18,39,39,1.0,1.0,26.0,7.0,4.0,1.0,13,13,10,3,13,3,25.8,352.0,219.0,618.0,25.8,4.0,11.45,roster,0,105.0,97.5,0.9722,129.51,5.6818,0.975,1.1354,2.6923,83.66,11.29,40.2,14.37,15.45
2025-03-16 19:00:00,19,34,34,1.0,1.0,25.0,5.0,2.0,1.0,10,10,10,2,12,2,26.8,391.5,275.0,936.0,26.8,4.0,11.45,roster,0,96.0,85.0,0.8571,111.91,4.866,0.85,0.8734,2.8235,72.93,10.42,26.8,21.76,23.4
2025-03-16 20:00:00,20,36,36,1.0,1.0,28.0,5.0,1.0,1.0,11,11,11,2,13,2,27.8,439.0,193.0,738.0,27.8,4.0,10.13,roster,0,104.0,90.0,0.963,112.47,5.737,0.9,1.0859,2.8889,77.22,11.29,26.8,17.16,18.45
2025-03-16 21:00:00,21,39,39,0.0,1.0,33.0,4.0,1.0,1.0,13,10,12,2,14,2,28.8,449.0,203.0,798.0,28.8,4.0,10.13,roster,0,112.0,97.5,1.0769,121.16,5.6349,0.975,0.9872,2.8718,83.66,12.16,26.8,18.55,19.95
2025-03-16 22:00:00,22,29,29,0.0,2.0,25.0,2.0,0.0,1.0,7,4,12,2,14,2,29.8,509.0,263.0,858.0,29.8,3.0,6.8,roster,0,87.0,72.5,1.1154,101.11,3.9397,0.725,0.5882,3.0,62.2,12.16,26.8,19.95,21.45
2025-03-16 23:00:00,23,33,33,0.0,1.0,26.0,5.0,1.0,1.0,10,10,13,2,15,2,30.8,519.0,295.0,918.0,30.8,3.0,6.8,roster,0,93.0,82.5,1.24,111.95,6.4694,0.825,1.4706,2.8182,70.78,13.02,26.8,21.34,22.95
2025-03-17 00:00:00,0,33,33,0.0,2.0,25.0,4.0,2.0,1.0,10,8,13,2,15,2,31.8,579.0,355.0,978.0,31.8,3.0,6.8,roster,0,93.0,82.5,1.24,113.35,5.6405,0.825,1.1765,2.8182,70.78,13.02,26.8,22.74,24.45
2025-03-17 01:00:00,1,30,30,0.0,2.0,26.0,1.0,1.0,1.0,4,4,14,2,16,2,32.8,576.5,415.0,1038.0,32.8,3.0,6.8,roster,0,89.0,75.0,1.2361,109.18,3.9701,0.75,0.5882,2.9667,64.35,13.89,26.8,24.13,25.95
2025-03-17 02:00:00,2,31,31,1.0,2.0,27.0,1.0,0.0,1.0,4,3,14,2,16,2,33.8,636.5,475.0,1098.0,33.8,3.0,6.8,roster,0,96.0,77.5,1.3333,112.72,3.7662,0.775,0.4412,3.0968,66.5,13.89,26.8,25.53,27.45
2025-03-17 03:00:00,3,31,31,2.0,1.0,25.0,3.0,0.0,1.0,6,6,15,2,17,2,34.8,634.0,500.0,1013.0,34.8,3.0,6.8,roster,0,95.0,77.5,1.3768,111.61,5.079,0.775,0.8824,3.0645,66.5,14.76,26.8,23.55,25.325
2025-03-17 04:00:00,4,31,31,1.0,1.0,25.0,4.0,0.0,1.0,3,3,15,2,17,2,35.8,694.0,560.0,1073.0,35.8,3.0,6.8,roster,0,92.0,77.5,1.3333,113.0,3.6093,0.775,0.4412,2.9677,66.5,14.76,26.8,24.95,26.825
2025-03-17 05:00:00,5,30,30,1.0,1.0,24.0,4.0,0.0,1.0,1,1,15,2,17,2,36.8,754.0,620.0,1133.0,36.8,3.0,6.8,roster,0,89.0,75.0,1.2899,112.25,2.6613,0.75,0.1471,2.9667,64.35,14.76,26.8,26.34,28.325
2025-03-17 06:00:00,6,30,30,1.0,2.0,24.0,3.0,0.0,1.0,2,2,15,2,17,2,37.8,814.0,680.0,1193.0,37.8,3.0,6.8,roster,0,91.0,75.0,1.3188,113.65,3.1672,0.75,0.2941,3.0333,64.35,14.76,26.8,27.74,29.825
2025-03-17 07:00:00,7,30,30,2.0,3.0,22.0,3.0,0.0,1.0,2,2,15,2,17,2,38.8,874.0,740.0,1253.0,38.8,3.0,6.8,roster,0,94.0,75.0,1.3623,115.04,3.2716,0.75,0.2941,3.1333,64.35,14.76,26.8,29.13,31.325
2025-03-17 08:00:00,8,32,32,2.0,3.0,24.0,3.0,0.0,1.0,3,3,15,4,19,4,39.8,913.0,619.0,1313.0,39.8,3.0,7.76,roster,0,100.0,80.0,1.5873,149.27,3.7081,0.8,0.3866,3.125,68.64,16.5,53.6,30.53,32.825
2025-03-17 09:00:00,9,36,36,2.0,3.0,28.0,3.0,0.0,1.0,8,8,14,4,18,4,40.8,983.5,599.0,1373.0,40.8,3.0,7.76,roster,0,112.0,90.0,1.697,158.37,6.0073,0.9,1.0309,3.1111,77.22,15.63,53.6,31.92,34.325
2025-03-17 10:00:00,10,40,40,2.0,2.0,32.0,4.0,0.0,1.0,11,11,17,4,21,4,41.8,983.0,185.0,1304.0,41.8,4.0,11.01,roster,0,122.0,100.0,1.6053,167.95,6.0972,1.0,0.9991,3.05,85.8,18.23,53.6,30.32,32.6
2025-03-17 11:00:00,11,38,38,2.0,5.0,27.0,4.0,0.0,1.0,7,7,15,4,19,4,42.8,719.0,164.0,1339.0,42.8,4.0,11.01,roster,0,119.0,95.0,1.4167,162.74,4.966,0.95,0.6358,3.1316,81.51,16.5,53.6,31.13,33.475
2025-03-17 12:00:00,12,38,38,2.0,5.0,27.0,4.0,0.0,1.0,9,9,18,4,22,4,43.8,494.5,196.0,1299.0,43.8,4.0,11.01,roster,0,119.0,95.0,1.6528,164.41,5.5349,0.95,0.8174,3.1316,81.51,19.1,53.6,30.2,32.475
2025-03-17 13:00:00,13,36,36,3.0,5.0,25.0,3.0,0.0,1.0,4,4,17,3,20,3,44.8,554.5,256.0,1459.0,44.8,4.0,11.01,roster,0,116.0,90.0,1.45,148.71,4.0707,0.9,0.3633,3.2222,77.22,17.37,40.2,33.92,36.475
2025-03-17 14:00:00,14,36,36,3.0,6.0,25.0,2.0,0.0,1.0,8,7,15,3,18,3,45.8,614.5,316.0,1294.0,45.8,4.0,11.01,roster,0,118.0,90.0,1.3409,143.14,5.034,0.9,0.6358,3.2778,77.22,15.63,40.2,30.09,32.35
2025-03-17 15:00:00,15,32,32,1.0,5.0,25.0,1.0,0.0,1.0,3,3,14,1,15,1,35.6,404.0,253.0,1150.0,35.6,4.0,11.01,roster,0,102.0,80.0,1.02,101.8,3.4185,0.8,0.2725,3.1875,68.64,13.02,13.4,26.74,28.75
2025-03-17 16:00:00,16,29,29,0.0,5.0,23.0,1.0,0.0,1.0,5,4,12,1,13,1,36.6,464.0,391.0,1210.0,36.6,4.0,11.01,roster,0,91.0,72.5,0.8426,95.03,3.415,0.725,0.3633,3.1379,62.2,11.29,13.4,28.13,30.25
2025-03-17 17:00:00,17,31,31,0.0,5.0,26.0,0.0,0.0,1.0,5,5,14,1,15,1,37.6,500.0,217.0,1270.0,37.6,4.0,11.01,roster,0,98.0,77.5,0.98,102.45,3.8856,0.775,0.4541,3.1613,66.5,13.02,13.4,29.53,31.75
2025-03-17 18:00:00,18,27,27,0.0,4.0,22.0,1.0,0.0,1.0,8,7,15,1,16,1,38.6,558.0,277.0,1330.0,38.6,4.0,11.01,roster,0,84.0,67.5,0.875,96.13,4.078,0.675,0.6358,3.1111,57.92,13.89,13.4,30.92,33.25
2025-03-17 19:00:00,19,20,20,0.0,2.0,17.0,1.0,0.0,1.0,5,3,13,0,13,0,39.6,493.0,223.0,644.0,39.6,4.0,11.01,roster,0,61.0,50.0,0.5648,49.16,2.3561,0.5,0.2725,3.05,42.9,11.29,0.0,14.97,16.1
2025-03-17 20:00:00,20,20,20,0.0,2.0,16.0,2.0,0.0,1.0,7,7,10,1,11,1,40.6,553.0,144.0,1259.0,40.6,4.0,10.56,roster,0,60.0,50.0,0.5172,75.12,3.4886,0.5,0.6629,3.0,42.9,9.55,13.4,29.27,31.475
2025-03-17 21:00:00,21,31,31,0.0,5.0,22.0,4.0,0.0,1.0,13,13,11,1,12,1,41.6,478.0,204.0,1319.0,41.6,4.0,10.56,roster,0,94.0,77.5,0.8393,100.98,6.0829,0.775,1.2311,3.0323,66.5,10.42,13.4,30.67,32.975
2025-03-17 22:00:00,22,25,25,0.0,5.0,18.0,2.0,0.0,1.0,8,7,12,1,13,1,42.6,323.0,187.0,751.0,42.6,3.0,7.31,roster,0,78.0,62.5,0.963,75.77,4.9377,0.625,0.9576,3.12,53.62,11.29,13.4,17.46,18.775
2025-03-17 23:00:00,23,24,24,0.0,4.0,18.0,2.0,0.0,1.0,8,6,12,1,13,1,43.6,383.0,247.0,811.0,43.6,3.0,7.31,roster,0,74.0,60.0,0.9136,75.02,4.3808,0.6,0.8208,3.0833,51.48,11.29,13.4,18.86,20.275
2025-03-18 00:00:00,0,20,20,1.0,2.0,15.0,2.0,0.0,1.0,4,3,12,1,13,1,44.6,443.0,307.0,871.0,44.6,3.0,7.31,roster,0,62.0,50.0,0.7654,67.84,2.8222,0.5,0.4104,3.1,42.9,11.29,13.4,20.25,21.775
2025-03-18 01:00:00,1,26,26,1.0,2.0,20.0,3.0,0.0,1.0,8,8,13,1,14,1,45.6,473.5,305.0,931.0,45.6,3.0,7.31,roster,0,79.0,65.0,1.0128,82.97,5.3003,0.65,1.0944,3.0385,55.77,12.16,13.4,21.65,23.275
2025-03-18 02:00:00,2,23,23,1.0,2.0,16.0,4.0,0.0,1.0,2,2,14,1,15,1,46.6,504.0,349.0,991.0,46.6,3.0,7.31,roster,0,69.0,57.5,0.92,78.8,2.5458,0.575,0.2736,3.0,49.33,13.02,13.4,23.04,24.775
2025-03-18 03:00:00,3,22,22,1.0,2.0,15.0,4.0,0.0,1.0,4,4,14,1,15,1,47.6,564.0,409.0,1051.0,47.6,3.0,7.31,roster,0,66.0,55.0,0.88,78.05,3.2916,0.55,0.5472,3.0,47.19,13.02,13.4,24.44,26.275
2025-03-18 04:00:00,4,24,24,1.0,2.0,17.0,4.0,0.0,1.0,6,5,14,1,15,1,48.6,624.0,469.0,1111.0,48.6,3.0,7.31,roster,0,72.0,60.0,0.96,83.74,3.852,0.6,0.684,3.0,51.48,13.02,13.4,25.83,27.775
2025-03-18 05:00:00,5,24,24,1.0,2.0,17.0,4.0,0.0,1.0,3,3,14,1,15,1,49.6,684.0,529.0,1171.0,49.6,3.0,7.31,roster,0,72.0,60.0,0.96,85.13,3.0312,0.6,0.4104,3.0,51.48,13.02,13.4,27.23,29.275
2025-03-18 06:00:00,6,26,26,1.0,3.0,18.0,4.0,0.0,1.0,3,3,15,1,16,1,50.6,734.5,589.0,1231.0,50.6,3.0,7.31,roster,0,79.0,65.0,1.0972,91.68,3.222,0.65,0.4104,3.0385,55.77,13.89,13.4,28.62,30.775
2025-03-18 07:00:00,7,25,25,1.0,3.0,18.0,3.0,0.0,1.0,2,2,15,1,16,1,51.6,794.5,649.0,1291.0,51.6,3.0,7.31,roster,0,77.0,62.5,1.0694,90.93,2.7677,0.625,0.2736,3.08,53.62,13.89,13.4,30.02,32.275
2025-03-18 08:00:00,8,23,23,1.0,3.0,17.0,2.0,0.0,1.0,2,1,15,1,16,1,52.6,854.5,709.0,1351.0,52.6,3.0,6.58,roster,0,72.0,57.5,1.0,88.04,2.2757,0.575,0.152,3.1304,49.33,13.89,13.4,31.41,33.775
2025-03-18 09:00:00,9,23,23,1.0,5.0,15.0,2.0,0.0,1.0,3,3,13,1,14,1,53.6,953.5,785.0,1411.0,53.6,3.0,6.58,roster,0,74.0,57.5,0.9487,87.7,3.3169,0.575,0.4559,3.2174,49.33,12.16,13.4,32.81,35.275
2025-03-18 10:00:00,10,24,24,1.0,5.0,18.0,0.0,0.0,1.0,6,6,11,1,12,1,54.6,974.5,792.0,1393.0,54.6,4.0,10.28,roster,0,79.0,60.0,0.7054,87.69,3.8962,0.6,0.5837,3.2917,51.48,10.42,13.4,32.39,34.825
2025-03-18 11:00:00,11,28,28,1.0,4.0,22.0,1.0,0.0,1.0,11,10,8,1,9,1,55.6,967.0,405.0,1453.0,55.6,4.0,10.28,roster,0,89.0,70.0,0.7177,95.06,5.317,0.7,0.9728,3.1786,60.06,7.81,13.4,33.78,36.325
2025-03-18 12:00:00,12,34,34,2.0,5.0,25.0,2.0,0.0,1.0,8,8,11,1,12,1,56.6,346.5,109.0,1085.0,56.6,4.0,10.28,roster,0,109.0,85.0,0.9732,101.98,5.2199,0.85,0.7782,3.2059,72.93,10.42,13.4,25.23,27.125
2025-03-18 13:00:00,13,40,40,2.0,7.0,28.0,3.0,0.0,1.0,10,10,12,2,14,2,57.6,228.5,121.0,1087.0,57.6,4.0,10.28,roster,0,128.0,100.0,1.2308,130.03,6.3128,1.0,0.9728,3.2,85.8,12.16,26.8,25.27,27.175
2025-03-18 14:00:00,14,31,31,2.0,8.0,20.0,1.0,0.0,1.0,4,4,12,3,15,3,58.6,187.0,107.0,795.0,58.6,4.0,10.28,roster,0,104.0,77.5,1.04,118.2,3.9054,0.775,0.3891,3.3548,66.5,13.02,40.2,18.48,19.875
2025-03-18 15:00:00,15,27,27,2.0,8.0,17.0,0.0,0.0,1.0,4,4,10,3,13,3,28.217,247.0,167.0,408.0,28.217,4.0,10.28,roster,0,93.0,67.5,0.8611,98.89,3.6653,0.675,0.3891,3.4444,57.92,11.29,40.2,9.49,10.2
2025-03-18 16:00:00,16,25,25,1.0,11.0,12.0,1.0,0.0,1.0,5,5,7,2,9,2,29.217,196.0,167.0,349.0,29.217,4.0,10.28,roster,0,87.0,62.5,0.7016,76.35,3.8676,0.625,0.4864,3.48,53.62,7.81,26.8,8.11,8.725
2025-03-18 17:00:00,17,22,22,0.0,10.0,11.0,1.0,0.0,1.0,6,6,7,4,11,4,30.217,227.0,109.0,302.0,30.217,4.0,10.28,roster,0,75.0,55.0,0.6466,97.36,3.8647,0.55,0.5837,3.4091,47.19,9.55,53.6,7.02,7.55
2025-03-18 18:00:00,18,16,16,0.0,8.0,7.0,1.0,0.0,1.0,1,1,8,4,12,4,31.217,200.5,149.0,362.0,31.217,4.0,10.28,roster,0,55.0,40.0,0.4911,86.76,1.7094,0.4,0.0973,3.4375,34.32,10.42,53.6,8.42,9.05
2025-03-18 19:00:00,19,22,22,0.0,7.0,14.0,1.0,0.0,1.0,10,9,8,3,11,3,32.217,292.0,147.0,422.0,32.217,4.0,10.28,roster,0,72.0,55.0,0.6207,86.75,4.6652,0.55,0.8755,3.2727,47.19,9.55,40.2,9.81,10.55
2025-03-18 20:00:00,20,28,28,0.0,6.0,19.0,2.0,1.0,1.0,13,12,11,3,14,3,33.217,278.0,183.0,436.0,33.217,4.0,10.2,roster,0,86.0,70.0,0.8269,102.55,5.7634,0.7,1.1765,3.0714,60.06,12.16,40.2,10.14,10.9
2025-03-18 21:00:00,21,31,31,0.0,7.0,21.0,3.0,0.0,1.0,10,9,13,2,15,2,34.217,267.0,154.0,496.0,34.217,4.0,10.2,roster,0,97.0,77.5,0.97,97.85,5.1859,0.775,0.8824,3.129,66.5,13.02,26.8,11.53,12.4
2025-03-18 22:00:00,22,31,31,0.0,6.0,23.0,2.0,0.0,1.0,10,11,15,0,15,0,35.217,303.0,134.0,472.0,35.217,3.0,6.5,roster,0,97.0,77.5,1.2933,70.49,7.7203,0.775,1.6923,3.129,66.5,13.02,0.0,10.97,11.8
2025-03-18 23:00:00,23,33,33,1.0,4.0,26.0,2.0,0.0,1.0,12,12,15,0,15,0,36.217,281.0,186.0,449.0,36.217,3.0,6.5,roster,0,103.0,82.5,1.3733,74.25,8.3372,0.825,1.8462,3.1212,70.78,13.02,0.0,10.44,11.225
2025-03-19 00:00:00,0,31,31,1.0,5.0,22.0,3.0,0.0,1.0,7,5,17,1,18,1,37.217,299.5,226.0,447.0,37.217,3.0,6.5,roster,0,97.0,77.5,1.4697,85.92,4.8319,0.775,0.7692,3.129,66.5,15.63,13.4,10.39,11.175
2025-03-19 01:00:00,1,29,29,1.0,6.0,20.0,2.0,0.0,1.0,3,3,17,2,19,2,38.217,325.0,230.0,507.0,38.217,3.0,6.5,roster,0,93.0,72.5,1.4762,97.29,3.8051,0.725,0.4615,3.2069,62.2,16.5,26.8,11.79,12.675
2025-03-19 02:00:00,2,28,28,0.0,6.0,17.0,5.0,0.0,1.0,6,6,18,1,19,1,39.217,385.0,290.0,567.0,39.217,3.0,6.5,roster,0,85.0,70.0,1.3492,83.14,4.9272,0.7,0.9231,3.0357,60.06,16.5,13.4,13.18,14.175
2025-03-19 03:00:00,3,23,23,0.0,4.0,16.0,3.0,0.0,1.0,2,2,18,0,18,0,40.217,479.5,406.0,627.0,40.217,3.0,6.5,roster,0,70.0,57.5,1.0606,59.54,2.6865,0.575,0.3077,3.0435,49.33,15.63,0.0,14.58,15.675
2025-03-19 04:00:00,4,23,23,0.0,5.0,16.0,2.0,0.0,1.0,2,2,17,0,17,0,41.217,574.0,468.0,687.0,41.217,3.0,6.5,roster,0,72.0,57.5,1.0435,60.07,2.7632,0.575,0.3077,3.1304,49.33,14.76,0.0,15.97,17.175
2025-03-19 05:00:00,5,25,25,0.0,7.0,17.0,1.0,0.0,1.0,5,4,17,0,17,0,42.217,634.0,528.0,747.0,42.217,3.0,6.5,roster,0,81.0,62.5,1.1739,65.75,4.0188,0.625,0.6154,3.24,53.62,14.76,0.0,17.37,18.675
2025-03-19 06:00:00,6,25,25,0.0,8.0,16.0,1.0,0.0,1.0,5,4,19,0,19,0,43.217,625.0,530.0,807.0,43.217,3.0,6.5,roster,0,82.0,62.5,1.3016,68.89,4.0685,0.625,0.6154,3.28,53.62,16.5,0.0,18.76,20.175
2025-03-19 07:00:00,7,27,27,0.0,8.0,17.0,2.0,0.0,1.0,4,4,20,0,20,0,44.217,679.5,590.0,867.0,44.217,3.0,6.5,roster,0,87.0,67.5,1.45,75.44,4.1579,0.675,0.6154,3.2222,57.92,17.37,0.0,20.16,21.675
2025-03-19 08:00:00,8,28,28,0.0,8.0,17.0,3.0,0.0,1.0,2,2,20,1,21,1,45.217,734.0,577.0,922.0,45.217,3.0,7.78,roster,0,89.0,70.0,1.5614,93.13,3.0421,0.7,0.2571,3.1786,60.06,18.23,13.4,21.44,23.05
2025-03-19 09:00:00,9,29,29,0.0,8.0,19.0,2.0,0.0,1.0,5,5,19,1,20,1,46.217,777.0,453.0,982.0,46.217,3.0,7.78,roster,0,93.0,72.5,1.55,95.8,4.386,0.725,0.6427,3.2069,62.2,17.37,13.4,22.83,24.55
2025-03-19 10:00:00,10,29,29,0.0,8.0,18.0,3.0,0.0,1.0,6,4,19,1,20,1,47.217,837.0,343.0,1042.0,47.217,4.0,11.1,roster,0,92.0,72.5,1.15,97.2,3.4432,0.725,0.3604,3.1724,62.2,17.37,13.4,24.23,26.05
2025-03-19 11:00:00,11,31,31,0.0,6.0,22.0,3.0,0.0,1.0,9,9,17,1,18,1,48.217,793.5,317.0,1001.0,48.217,4.0,11.1,roster,0,96.0,77.5,1.0909,98.8,4.9109,0.775,0.8108,3.0968,66.5,15.63,13.4,23.27,25.025
2025-03-19 12:00:00,12,30,30,0.0,6.0,19.0,5.0,0.0,1.0,6,7,13,2,15,2,49.217,377.0,148.0,966.0,49.217,4.0,11.1,roster,0,91.0,75.0,0.91,106.63,4.1879,0.75,0.6306,3.0333,64.35,13.02,26.8,22.46,24.15
2025-03-19 13:00:00,13,28,28,0.0,7.0,18.0,3.0,0.0,1.0,8,8,12,2,14,2,50.217,401.5,174.0,877.0,50.217,4.0,11.1,roster,0,88.0,70.0,0.8462,99.41,4.4651,0.7,0.7207,3.1429,60.06,12.16,26.8,20.39,21.925
2025-03-19 14:00:00,14,36,36,2.0,7.0,23.0,4.0,0.0,1.0,13,12,13,2,15,2,51.217,426.0,196.0,937.0,51.217,4.0,11.1,roster,0,115.0,90.0,1.15,118.83,6.3285,0.9,1.0811,3.1944,77.22,13.02,26.8,21.79,23.425
2025-03-19 15:00:00,15,33,33,2.0,7.0,19.0,5.0,0.0,1.0,6,5,16,2,18,2,52.217,275.0,118.0,643.0,52.217,4.0,11.1,roster,0,105.0,82.5,1.1932,108.16,4.0583,0.825,0.4505,3.1818,70.78,15.63,26.8,14.95,16.075
2025-03-19 16:00:00,16,28,28,2.0,6.0,17.0,3.0,0.0,1.0,5,5,14,2,16,2,53.217,408.0,165.0,1057.0,53.217,4.0,11.1,roster,0,91.0,70.0,0.9479,105.33,3.739,0.7,0.4505,3.25,60.06,13.89,26.8,24.58,26.425
2025-03-19 17:00:00,17,33,33,2.0,7.0,21.0,3.0,0.0,1.0,9,9,14,2,16,2,54.217,468.0,225.0,1117.0,54.217,4.0,11.1,roster,0,107.0,82.5,1.1146,117.45,5.304,0.825,0.8108,3.2424,70.78,13.89,26.8,25.97,27.925
2025-03-19 18:00:00,18,34,34,2.0,6.0,23.0,3.0,0.0,1.0,9,7,17,2,19,2,55.217,298.0,140.0,823.0,55.217,4.0,11.1,roster,0,109.0,85.0,1.2976,115.36,4.7467,0.85,0.6306,3.2059,72.93,16.5,26.8,19.13,20.575
2025-03-19 19:00:00,19,33,33,2.0,7.0,22.0,2.0,0.0,1.0,7,7,16,2,18,2,56.217,392.0,178.0,883.0,56.217,4.0,11.1,roster,0,108.0,82.5,1.2273,113.74,4.7639,0.825,0.6306,3.2727,70.78,15.63,26.8,20.53,22.075
2025-03-19 20:00:00,20,29,29,2.0,5.0,19.0,3.0,0.0,1.0,10,9,11,1,12,1,57.217,343.0,167.0,1297.0,57.217,4.0,11.1,roster,0,93.0,72.5,0.8304,96.18,4.9252,0.725,0.8108,3.2069,62.2,10.42,13.4,30.16,32.425
2025-03-19 21:00:00,21,35,35,2.0,5.0,25.0,3.0,0.0,1.0,11,10,13,1,14,1,58.217,343.0,179.0,1003.0,58.217,4.0,11.1,roster,0,111.0,87.5,1.0673,103.95,5.6321,0.875,0.9009,3.1714,75.08,12.16,13.4,23.32,25.075
2025-03-19 22:00:00,22,26,26,1.0,3.0,21.0,1.0,0.0,1.0,6,6,14,1,15,1,59.217,287.0,116.0,1063.0,59.217,3.0,7.78,roster,0,82.0,65.0,1.0933,86.91,4.4823,0.65,0.7712,3.1538,55.77,13.02,13.4,24.71,26.575
2025-03-19 23:00:00,23,29,29,1.0,3.0,24.0,1.0,0.0,1.0,8,9,14,1,15,1,60.217,347.0,176.0,1123.0,60.217,3.0,7.78,roster,0,91.0,72.5,1.2133,94.74,5.905,0.725,1.1568,3.1379,62.2,13.02,13.4,26.11,28.075
2025-03-20 00:00:00,0,22,22,1.0,3.0,18.0,0.0,0.0,1.0,5,4,13,0,13,0,61.217,546.0,265.0,1183.0,61.217,3.0,7.78,roster,0,71.0,55.0,0.8765,65.98,3.4343,0.55,0.5141,3.2273,47.19,11.29,0.0,27.5,29.575
2025-03-20 01:00:00,1,22,22,1.0,3.0,18.0,0.0,0.0,1.0,5,3,13,0,13,0,62.217,606.0,325.0,1243.0,62.217,3.0,7.78,roster,0,71.0,55.0,0.8765,67.38,3.0194,0.55,0.3856,3.2273,47.19,11.29,0.0,28.9,31.075
2025-03-20 02:00:00,2,21,21,2.0,3.0,16.0,0.0,0.0,1.0,3,4,13,0,13,0,63.217,666.0,385.0,1303.0,63.217,3.0,7.78,roster,0,70.0,52.5,0.8642,66.63,3.4638,0.525,0.5141,3.3333,45.04,11.29,0.0,30.29,32.575
2025-03-20 03:00:00,3,21,21,1.0,3.0,16.0,1.0,0.0,1.0,3,3,13,0,13,0,64.217,726.0,445.0,1363.0,64.217,3.0,7.78,roster,0,67.0,52.5,0.8272,68.02,2.9053,0.525,0.3856,3.1905,45.04,11.29,0.0,31.69,34.075
2025-03-20 04:00:00,4,22,22,1.0,3.0,17.0,1.0,0.0,1.0,4,4,13,0,13,0,65.217,786.0,505.0,1423.0,65.217,3.0,7.78,roster,0,70.0,55.0,0.8642,71.56,3.3859,0.55,0.5141,3.1818,47.19,11.29,0.0,33.08,35.575
2025-03-20 05:00:00,5,20,20,1.0,3.0,16.0,0.0,0.0,1.0,1,1,14,0,14,0,66.217,776.5,539.0,1483.0,66.217,3.0,7.78,roster,0,65.0,50.0,0.8333,69.54,2.0427,0.5,0.1285,3.25,42.9,12.16,0.0,34.48,37.075
2025-03-20 06:00:00,6,20,20,1.0,4.0,15.0,0.0,0.0,1.0,3,2,13,0,13,0,67.217,767.0,599.0,1543.0,67.217,3.0,7.78,roster,0,66.0,50.0,0.8148,70.06,2.4983,0.5,0.2571,3.3,42.9,11.29,0.0,35.87,38.575
2025-03-20 07:00:00,7,23,23,1.0,5.0,17.0,0.0,0.0,1.0,4,4,14,0,14,0,68.217,771.0,652.0,1603.0,68.217,3.0,7.78,roster,0,76.0,57.5,0.9744,78.76,3.5989,0.575,0.5141,3.3043,49.33,12.16,0.0,37.27,40.075
2025-03-20 08:00:00,8,25,25,1.0,6.0,17.0,1.0,0.0,1.0,6,5,14,0,14,0,69.217,831.0,712.0,1663.0,69.217,3.0,6.62,roster,0,82.0,62.5,1.0513,84.45,4.5273,0.625,0.7553,3.28,53.62,12.16,0.0,38.66,41.575
2025-03-20 09:00:00,9,28,28,2.0,6.0,18.0,2.0,0.0,1.0,9,9,12,0,12,0,70.217,891.0,772.0,2077.0,70.217,3.0,6.62,roster,0,92.0,70.0,1.0952,98.77,6.767,0.7,1.3595,3.2857,60.06,10.42,0.0,48.29,51.925
2025-03-20 10:00:00,10,24,24,1.0,7.0,15.0,1.0,0.0,1.0,5,6,11,1,12,1,71.217,835.5,282.0,1783.0,71.217,4.0,9.66,roster,0,80.0,60.0,0.7143,96.75,4.0704,0.6,0.6211,3.3333,51.48,10.42,13.4,41.45,44.575
2025-03-20 11:00:00,11,24,24,1.0,2.0,19.0,2.0,0.0,1.0,9,7,10,1,11,1,72.217,450.0,142.0,955.0,72.217,4.0,9.66,roster,0,74.0,60.0,0.6379,76.64,4.0843,0.6,0.7246,3.0833,51.48,9.55,13.4,22.2,23.875
2025-03-20 12:00:00,12,23,23,1.0,4.0,18.0,0.0,0.0,1.0,6,6,12,1,13,1,73.217,402.0,164.0,959.0,73.217,4.0,9.66,roster,0,75.0,57.5,0.6944,76.32,3.9004,0.575,0.6211,3.2609,49.33,11.29,13.4,22.3,23.975
2025-03-20 13:00:00,13,29,29,1.0,5.0,23.0,0.0,0.0,1.0,10,10,12,3,15,3,74.217,272.0,170.0,1019.0,74.217,4.0,9.66,roster,0,94.0,72.5,0.94,119.12,5.7055,0.725,1.0352,3.2414,62.2,13.02,40.2,23.69,25.475
2025-03-20 14:00:00,14,27,27,2.0,5.0,20.0,0.0,0.0,1.0,5,5,11,3,14,3,75.217,303.0,132.0,630.0,75.217,4.0,9.66,roster,0,90.0,67.5,0.8654,104.92,3.9753,0.675,0.5176,3.3333,57.92,12.16,40.2,14.65,15.75
2025-03-20 15:00:00,15,21,21,2.0,5.0,14.0,0.0,0.0,1.0,4,4,9,2,11,2,76.217,250.0,115.0,382.0,76.217,4.0,9.66,roster,0,72.0,52.5,0.6207,70.28,3.2197,0.525,0.4141,3.4286,45.04,9.55,26.8,8.88,9.55
2025-03-20 16:00:00,16,25,25,2.0,4.0,17.0,2.0,0.0,1.0,15,14,5,1,6,1,12.5,213.5,169.0,350.0,12.5,4.0,9.66,roster,0,81.0,62.5,0.5956,60.37,6.7207,0.625,1.4493,3.24,53.62,5.21,13.4,8.14,8.75
2025-03-20 17:00:00,17,27,27,2.0,5.0,16.0,4.0,0.0,1.0,7,8,8,2,10,2,13.5,168.0,105.0,235.0,13.5,4.0,9.66,roster,0,86.0,67.5,0.7167,78.86,4.7878,0.675,0.8282,3.1852,57.92,8.68,26.8,5.46,5.875
2025-03-20 18:00:00,18,32,32,2.0,5.0,21.0,4.0,0.0,1.0,11,11,10,2,12,2,14.5,170.0,130.0,295.0,14.5,4.0,9.66,roster,0,101.0,80.0,0.9018,92.72,6.1191,0.8,1.1387,3.1562,68.64,10.42,26.8,6.86,7.375
2025-03-20 19:00:00,19,34,34,3.0,5.0,22.0,4.0,0.0,1.0,7,7,12,3,15,3,15.5,190.0,106.0,344.0,15.5,4.0,9.66,roster,0,109.0,85.0,1.09,114.15,5.0481,0.85,0.7246,3.2059,72.93,13.02,40.2,8.0,8.6
2025-03-20 20:00:00,20,35,35,3.0,5.0,21.0,6.0,0.0,1.0,9,9,12,3,15,3,6.817,220.0,128.0,285.0,6.817,4.0,10.28,roster,0,110.0,87.5,1.1,114.93,5.5015,0.875,0.8755,3.1429,75.08,13.02,40.2,6.63,7.125
2025-03-20 21:00:00,21,42,42,3.0,6.0,28.0,5.0,0.0,1.0,12,13,12,4,16,4,7.817,253.0,188.0,345.0,7.817,4.0,10.28,roster,0,133.0,105.0,1.3854,145.6,7.3295,1.05,1.2646,3.1667,90.09,13.89,53.6,8.02,8.625
2025-03-20 22:00:00,22,38,38,2.0,4.0,28.0,4.0,0.0,1.0,11,11,13,3,16,3,8.817,313.0,248.0,405.0,8.817,3.0,7.24,roster,0,118.0,95.0,1.6389,125.02,7.6679,0.95,1.5193,3.1053,81.51,13.89,40.2,9.42,10.125
2025-03-20 23:00:00,23,36,36,2.0,5.0,26.0,3.0,0.0,1.0,8,8,13,3,16,3,9.817,373.0,308.0,465.0,9.817,3.0,7.24,roster,0,114.0,90.0,1.5833,122.12,6.3491,0.9,1.105,3.1667,77.22,13.89,40.2,10.81,11.625
2025-03-21 00:00:00,0,36,36,2.0,5.0,27.0,2.0,0.0,1.0,7,7,14,2,16,2,10.817,433.0,368.0,525.0,10.817,3.0,7.24,roster,0,115.0,90.0,1.5972,110.12,5.9636,0.9,0.9669,3.1944,77.22,13.89,26.8,12.21,13.125
2025-03-21 01:00:00,1,33,33,2.0,5.0,22.0,4.0,0.0,1.0,7,7,15,2,17,2,11.817,466.0,322.0,550.0,11.817,3.0,7.24,roster,0,104.0,82.5,1.5072,105.13,5.647,0.825,0.9669,3.1515,70.78,14.76,26.8,12.79,13.75
2025-03-21 02:00:00,2,30,30,2.0,5.0,21.0,2.0,0.0,1.0,4,4,18,2,20,2,12.817,504.0,270.0,610.0,12.817,3.0,7.24,roster,0,97.0,75.0,1.6167,102.7,4.2114,0.75,0.5525,3.2333,64.35,17.37,26.8,14.18,15.25
2025-03-21 03:00:00,3,27,27,3.0,4.0,18.0,2.0,0.0,1.0,4,2,17,2,19,2,13.817,569.0,330.0,670.0,13.817,3.0,7.24,roster,0,89.0,67.5,1.4127,96.79,3.1356,0.675,0.2762,3.2963,57.92,16.5,26.8,15.58,16.75
2025-03-21 04:00:00,4,32,32,3.0,5.0,21.0,3.0,0.0,1.0,6,6,17,3,20,3,14.817,624.0,390.0,730.0,14.817,3.0,7.24,roster,0,104.0,80.0,1.7333,123.18,5.2934,0.8,0.8287,3.25,68.64,17.37,40.2,16.97,18.25
2025-03-21 05:00:00,5,30,30,3.0,5.0,20.0,2.0,0.0,1.0,2,2,18,3,21,3,15.817,679.0,365.0,786.0,15.817,3.0,7.24,roster,0,99.0,75.0,1.7368,121.06,3.3866,0.75,0.2762,3.3,64.35,18.23,40.2,18.27,19.65
2025-03-21 06:00:00,6,30,30,3.0,5.0,20.0,2.0,0.0,1.0,1,1,19,3,22,3,16.817,733.5,373.0,846.0,16.817,3.0,7.24,roster,0,99.0,75.0,1.8333,123.32,2.9308,0.75,0.1381,3.3,64.35,19.1,40.2,19.67,21.15
2025-03-21 07:00:00,7,31,31,3.0,5.0,21.0,2.0,0.0,1.0,3,3,19,3,22,3,17.817,793.5,433.0,906.0,17.817,3.0,7.24,roster,0,102.0,77.5,1.8889,126.86,3.9134,0.775,0.4144,3.2903,66.5,19.1,40.2,21.06,22.65
2025-03-21 08:00:00,8,29,29,2.0,5.0,20.0,2.0,0.0,1.0,2,1,19,3,22,3,18.817,853.5,493.0,966.0,18.817,3.0,7.98,roster,0,94.0,72.5,1.7407,123.97,2.7562,0.725,0.1253,3.2414,62.2,19.1,40.2,22.46,24.15
2025-03-21 09:00:00,9,33,33,2.0,4.0,25.0,2.0,0.0,1.0,6,6,18,3,21,3,19.817,919.0,605.0,1026.0,19.817,3.0,7.98,roster,0,105.0,82.5,1.8421,133.07,5.0173,0.825,0.7519,3.1818,70.78,18.23,40.2,23.85,25.65
2025-03-21 10:00:00,10,29,29,1.0,3.0,24.0,1.0,0.0,1.0,8,6,14,2,16,2,20.817,973.5,665.0,1125.0,20.817,4.0,11.68,roster,0,91.0,72.5,0.9479,109.05,3.887,0.725,0.5137,3.1379,62.2,13.89,26.8,26.16,28.125
2025-03-21 11:00:00,11,27,27,1.0,4.0,21.0,1.0,0.0,1.0,9,10,9,2,11,2,21.733,1028.0,617.0,1146.0,21.733,4.0,11.68,roster,0,86.0,67.5,0.7414,100.91,4.877,0.675,0.8562,3.1852,57.92,9.55,26.8,26.64,28.65
2025-03-21 12:00:00,12,24,24,0.0,3.0,19.0,2.0,0.0,1.0,6,5,10,1,11,1,20.1,456.0,90.0,1088.0,20.1,4.0,11.68,roster,0,73.0,60.0,0.6293,79.73,3.1271,0.6,0.4281,3.0417,51.48,9.55,13.4,25.3,27.2
2025-03-21 13:00:00,13,28,28,1.0,4.0,22.0,1.0,0.0,1.0,8,8,8,1,9,1,21.1,516.0,160.0,930.0,21.1,4.0,11.68,roster,0,89.0,70.0,0.7177,82.9,4.4021,0.7,0.6849,3.1786,60.06,7.81,13.4,21.62,23.25
2025-03-21 14:00:00,14,22,22,1.0,6.0,15.0,0.0,0.0,1.0,2,2,8,2,10,2,22.1,219.0,114.0,905.0,22.1,4.0,11.68,roster,0,74.0,55.0,0.6167,83.71,2.426,0.55,0.1712,3.3636,47.19,8.68,26.8,21.04,22.625
2025-03-21 15:00:00,15,24,24,2.0,6.0,15.0,1.0,0.0,1.0,7,7,5,2,7,2,23.1,636.0,156.0,1279.0,23.1,4.0,11.68,roster,0,81.0,60.0,0.6136,94.09,4.0477,0.6,0.5993,3.375,51.48,6.08,26.8,29.74,31.975
2025-03-21 16:00:00,16,26,26,0.0,8.0,16.0,2.0,0.0,1.0,9,8,1,2,3,2,24.1,181.0,103.0,1446.0,24.1,4.0,11.68,roster,0,84.0,65.0,0.5676,98.79,4.3129,0.65,0.6849,3.2308,55.77,2.6,26.8,33.62,36.15
2025-03-21 17:00:00,17,23,23,0.0,8.0,13.0,2.0,0.0,1.0,4,4,3,1,4,1,25.1,176.5,112.0,1506.0,25.1,4.0,11.68,roster,0,75.0,57.5,0.5208,81.22,2.9917,0.575,0.3425,3.2609,49.33,3.47,13.4,35.01,37.65
2025-03-21 18:00:00,18,19,19,0.0,6.0,11.0,2.0,0.0,1.0,4,4,4,1,5,1,6.367,162.0,118.0,172.0,5.017,4.0,11.68,roster,0,61.0,47.5,0.4357,42.5,2.6245,0.475,0.3425,3.2105,40.75,4.34,13.4,4.0,4.3
2025-03-21 19:00:00,19,18,18,0.0,5.0,10.0,3.0,0.0,1.0,3,3,5,1,6,1,6.733,200.0,136.0,232.0,6.017,4.0,11.68,roster,0,56.0,45.0,0.4118,42.61,2.1991,0.45,0.2568,3.1111,38.61,5.21,13.4,5.39,5.8
2025-03-21 20:00:00,20,23,23,1.0,3.0,16.0,3.0,0.0,1.0,16,12,3,1,4,1,7.733,178.0,160.0,421.0,7.017,4.0,10.33,roster,0,71.0,57.5,0.4931,56.0,5.361,0.575,1.1617,3.087,49.33,3.47,13.4,9.79,10.525
2025-03-21 21:00:00,21,32,32,1.0,4.0,24.0,3.0,0.0,1.0,11,11,6,1,7,1,8.733,139.0,76.0,256.0,8.017,4.0,10.33,roster,0,99.0,80.0,0.75,74.07,5.7694,0.8,1.0649,3.0938,68.64,6.08,13.4,5.95,6.4
2025-03-21 22:00:00,22,24,24,1.0,4.0,15.0,4.0,0.0,1.0,6,5,7,0,7,0,7.383,136.0,104.0,280.0,5.267,3.0,6.63,roster,0,74.0,60.0,0.7475,44.07,4.1753,0.6,0.7541,3.0833,51.48,6.08,0.0,6.51,7.0
2025-03-21 23:00:00,23,23,23,1.0,4.0,15.0,3.0,0.0,1.0,5,4,8,1,9,1,8.383,164.0,111.0,196.0,6.267,3.0,6.63,roster,0,72.0,57.5,0.7742,55.11,3.6886,0.575,0.6033,3.1304,49.33,7.81,13.4,4.56,4.9
2025-03-22 00:00:00,0,23,23,1.0,4.0,16.0,2.0,0.0,1.0,7,5,7,0,7,0,8.967,252.0,203.0,400.0,7.267,3.0,6.63,roster,0,73.0,57.5,0.7374,44.71,4.2186,0.575,0.7541,3.1739,49.33,6.08,0.0,9.3,10.0
2025-03-22 01:00:00,1,23,23,1.0,4.0,15.0,3.0,0.0,1.0,6,6,8,1,9,1,9.967,284.0,222.0,316.0,8.267,3.0,6.63,roster,0,72.0,57.5,0.7742,57.9,4.633,0.575,0.905,3.1304,49.33,7.81,13.4,7.35,7.9
2025-03-22 02:00:00,2,18,18,1.0,4.0,13.0,0.0,0.0,1.0,3,3,8,0,8,0,10.967,358.0,323.0,520.0,9.267,3.0,6.63,roster,0,60.0,45.0,0.625,37.65,3.0083,0.45,0.4525,3.3333,38.61,6.95,0.0,12.09,13.0
2025-03-22 03:00:00,3,20,20,2.0,3.0,15.0,0.0,0.0,1.0,6,6,8,0,8,0,11.967,418.0,383.0,580.0,10.267,3.0,6.63,roster,0,67.0,50.0,0.6979,43.33,4.7067,0.5,0.905,3.35,42.9,6.95,0.0,13.49,14.5
2025-03-22 04:00:00,4,20,20,2.0,5.0,13.0,0.0,0.0,1.0,4,4,9,0,9,0,12.967,464.0,402.0,496.0,11.267,3.0,6.63,roster,0,69.0,50.0,0.7419,42.25,3.8064,0.5,0.6033,3.45,42.9,7.81,0.0,11.53,12.4
2025-03-22 05:00:00,5,19,19,3.0,5.0,11.0,0.0,0.0,1.0,3,2,10,0,10,0,13.967,513.5,301.0,556.0,12.267,3.0,6.63,roster,0,68.0,47.5,0.7556,42.37,2.7796,0.475,0.3017,3.5789,40.75,8.68,0.0,12.93,13.9
2025-03-22 06:00:00,6,20,20,3.0,5.0,12.0,0.0,0.0,1.0,3,3,10,0,10,0,14.967,542.5,236.0,612.0,13.267,3.0,6.63,roster,0,71.0,50.0,0.7889,45.81,3.3813,0.5,0.4525,3.55,42.9,8.68,0.0,14.23,15.3
2025-03-22 07:00:00,7,19,19,3.0,6.0,9.0,1.0,0.0,1.0,3,3,10,0,10,0,15.967,602.5,296.0,672.0,14.267,3.0,6.63,roster,0,68.0,47.5,0.7556,45.06,3.3194,0.475,0.4525,3.5789,40.75,8.68,0.0,15.62,16.8
2025-03-22 08:00:00,8,24,24,3.0,6.0,13.0,1.0,1.0,1.0,8,8,11,0,11,0,16.967,642.0,273.0,732.0,15.267,3.0,6.41,roster,0,81.0,60.0,0.931,58.05,6.2372,0.6,1.248,3.375,51.48,9.55,0.0,17.02,18.3
2025-03-22 09:00:00,9,27,27,3.0,6.0,15.0,3.0,0.0,1.0,6,6,12,0,12,0,17.967,621.5,333.0,792.0,16.267,3.0,6.41,roster,0,90.0,67.5,1.0714,66.75,5.3701,0.675,0.936,3.3333,57.92,10.42,0.0,18.41,19.8
2025-03-22 10:00:00,10,28,28,3.0,5.0,17.0,3.0,0.0,1.0,7,7,9,0,9,0,18.967,476.0,187.0,803.0,14.267,4.0,9.87,roster,0,92.0,70.0,0.7419,66.54,4.6303,0.7,0.7092,3.2857,60.06,7.81,0.0,18.67,20.075
2025-03-22 11:00:00,11,28,28,3.0,6.0,16.0,3.0,0.0,1.0,10,10,8,0,8,0,15.267,326.5,190.0,884.0,15.267,4.0,9.87,roster,0,93.0,70.0,0.7266,67.56,5.6902,0.7,1.0132,3.3214,60.06,6.95,0.0,20.55,22.1
2025-03-22 12:00:00,12,30,30,3.0,7.0,16.0,4.0,0.0,1.0,12,12,8,1,9,1,16.267,250.0,139.0,466.0,16.267,4.0,9.87,roster,0,99.0,75.0,0.7984,76.4,6.4872,0.75,1.2158,3.3,64.35,7.81,13.4,10.83,11.65
2025-03-22 13:00:00,13,34,34,2.0,3.0,22.0,7.0,0.0,1.0,13,13,8,1,9,1,17.267,179.0,114.0,310.0,17.267,4.0,9.87,roster,0,102.0,85.0,0.8226,81.35,6.5014,0.85,1.3171,3.0,72.93,7.81,13.4,7.21,7.75
2025-03-22 14:00:00,14,27,27,0.0,3.0,17.0,7.0,0.0,1.0,5,4,7,0,7,0,18.017,126.0,82.0,174.0,4.317,4.0,9.87,roster,0,77.0,67.5,0.5833,48.04,3.0808,0.675,0.4053,2.8519,57.92,6.08,0.0,4.05,4.35
2025-03-22 15:00:00,15,24,24,0.0,4.0,17.0,3.0,0.0,1.0,11,9,6,0,6,0,19.017,160.5,124.0,234.0,5.317,4.0,9.87,roster,0,73.0,60.0,0.5368,42.13,4.5986,0.6,0.9119,3.0417,51.48,5.21,0.0,5.44,5.85
2025-03-22 16:00:00,16,19,19,0.0,5.0,14.0,0.0,0.0,1.0,7,7,5,0,5,0,20.017,106.0,92.0,168.0,6.317,4.0,9.87,roster,0,62.0,47.5,0.4429,29.0,3.8643,0.475,0.7092,3.2632,40.75,4.34,0.0,3.91,4.2
2025-03-22 17:00:00,17,26,26,1.0,5.0,16.0,3.0,1.0,1.0,11,10,8,0,8,0,21.017,150.5,92.0,228.0,7.317,4.0,9.87,roster,0,80.0,65.0,0.625,48.02,5.1174,0.65,1.0132,3.0769,55.77,6.95,0.0,5.3,5.7
2025-03-22 18:00:00,18,22,22,0.0,5.0,13.0,3.0,1.0,1.0,4,5,5,0,5,0,22.017,226.0,152.0,288.0,8.317,4.0,9.87,roster,0,66.0,55.0,0.4714,38.23,3.1698,0.55,0.5066,3.0,47.19,4.34,0.0,6.7,7.2
2025-03-22 19:00:00,19,19,19,0.0,5.0,9.0,3.0,2.0,1.0,7,7,4,0,4,0,23.017,280.0,212.0,559.0,9.317,4.0,9.87,roster,0,55.0,47.5,0.3819,37.22,3.428,0.475,0.7092,2.8947,40.75,3.47,0.0,13.0,13.975
2025-03-22 20:00:00,20,26,26,0.0,3.0,13.0,9.0,1.0,1.0,12,12,4,0,4,0,24.017,138.0,116.0,619.0,10.317,4.0,11.75,roster,0,70.0,65.0,0.4861,53.63,4.4996,0.65,1.0213,2.6923,55.77,3.47,0.0,14.39,15.475
2025-03-22 21:00:00,21,23,23,1.0,2.0,13.0,6.0,1.0,1.0,11,9,4,0,4,0,25.017,110.0,105.0,127.0,2.117,4.0,11.75,roster,0,65.0,57.5,0.4514,35.76,3.7897,0.575,0.766,2.8261,49.33,3.47,0.0,2.95,3.175
2025-03-22 22:00:00,22,29,29,1.0,0.0,21.0,6.0,1.0,1.0,16,16,5,1,6,1,5.267,130.0,79.0,165.0,2.917,3.0,8.29,roster,0,81.0,72.5,0.7941,64.65,7.4158,0.725,1.93,2.7931,62.2,5.21,13.4,3.84,4.125
2025-03-22 23:00:00,23,26,26,1.0,0.0,20.0,4.0,1.0,1.0,11,11,4,1,5,1,6.267,162.0,139.0,218.0,3.75,3.0,8.29,roster,0,74.0,65.0,0.7048,58.58,5.6266,0.65,1.3269,2.8462,55.77,4.34,13.4,5.07,5.45
2025-03-23 00:00:00,0,20,20,0.0,2.0,17.0,0.0,1.0,1.0,7,7,5,0,5,0,7.267,199.0,194.0,278.0,4.75,3.0,8.29,roster,0,60.0,50.0,0.5714,33.71,4.0332,0.5,0.8444,3.0,42.9,4.34,0.0,6.46,6.95
2025-03-23 01:00:00,1,19,19,0.0,1.0,16.0,1.0,1.0,1.0,6,4,5,0,5,0,8.267,259.0,254.0,338.0,5.75,3.0,8.29,roster,0,55.0,47.5,0.5238,32.96,2.7717,0.475,0.4825,2.8947,40.75,4.34,0.0,7.86,8.45
2025-03-23 02:00:00,2,14,14,0.0,0.0,12.0,1.0,1.0,1.0,2,2,5,0,5,0,9.267,319.0,314.0,398.0,6.75,3.0,8.29,roster,0,39.0,35.0,0.3714,23.63,1.6471,0.35,0.2413,2.7857,30.03,4.34,0.0,9.25,9.95
2025-03-23 03:00:00,3,13,13,0.0,0.0,11.0,1.0,1.0,1.0,1,1,5,0,5,0,10.267,379.0,374.0,458.0,7.75,3.0,8.29,roster,0,36.0,32.5,0.3429,22.88,1.234,0.325,0.1206,2.7692,27.88,4.34,0.0,10.65,11.45
2025-03-23 04:00:00,4,12,12,0.0,0.0,10.0,1.0,1.0,1.0,3,1,5,0,5,0,11.267,439.0,434.0,518.0,8.75,3.0,8.29,roster,0,33.0,30.0,0.3143,22.13,1.1567,0.3,0.1206,2.75,25.74,4.34,0.0,12.04,12.95
2025-03-23 05:00:00,5,13,13,0.0,0.0,12.0,0.0,1.0,1.0,2,2,5,0,5,0,12.267,499.0,494.0,578.0,9.75,3.0,8.29,roster,0,37.0,32.5,0.3524,25.67,1.6116,0.325,0.2413,2.8462,27.88,4.34,0.0,13.44,14.45
2025-03-23 06:00:00,6,11,11,0.0,0.0,10.0,0.0,1.0,1.0,0,0,5,0,5,0,13.267,559.0,554.0,638.0,10.75,3.0,8.29,roster,0,31.0,27.5,0.2952,22.77,0.775,0.275,0.0,2.8182,23.6,4.34,0.0,14.83,15.95
2025-03-23 07:00:00,7,10,10,0.0,1.0,8.0,0.0,1.0,1.0,2,2,5,0,5,0,14.267,619.0,614.0,698.0,11.75,3.0,8.29,roster,0,29.0,25.0,0.2762,22.02,1.4246,0.25,0.2413,2.9,21.45,4.34,0.0,16.23,17.45
2025-03-23 08:00:00,8,13,13,0.0,1.0,11.0,0.0,1.0,1.0,5,5,5,0,5,0,15.267,679.0,674.0,758.0,12.75,3.0,6.7,roster,0,38.0,32.5,0.3619,29.85,3.1314,0.325,0.7463,2.9231,27.88,4.34,0.0,17.62,18.95
2025-03-23 09:00:00,9,17,17,0.0,1.0,15.0,0.0,1.0,1.0,8,7,5,0,5,0,16.267,739.0,734.0,818.0,13.75,3.0,6.7,roster,0,50.0,42.5,0.4762,39.83,4.3229,0.425,1.0448,2.9412,36.46,4.34,0.0,19.02,20.45
2025-03-23 10:00:00,10,21,21,1.0,3.0,15.0,1.0,1.0,1.0,9,9,4,0,4,0,17.267,796.5,794.0,878.0,14.633,4.0,10.02,roster,0,65.0,52.5,0.4514,48.93,4.4052,0.525,0.8982,3.0952,45.04,3.47,0.0,20.41,21.95
2025-03-23 11:00:00,11,22,22,1.0,3.0,15.0,2.0,1.0,1.0,8,9,5,1,6,1,18.267,419.0,85.0,854.0,15.633,4.0,10.02,roster,0,67.0,55.0,0.4926,65.66,4.4104,0.55,0.8982,3.0455,47.19,5.21,13.4,19.86,21.35
2025-03-23 12:00:00,12,23,23,1.0,2.0,19.0,0.0,1.0,1.0,11,11,3,1,4,1,19.267,479.0,152.0,914.0,15.233,4.0,10.02,roster,0,71.0,57.5,0.4931,67.46,5.1639,0.575,1.0978,3.087,49.33,3.47,13.4,21.25,22.85
2025-03-23 13:00:00,13,22,22,1.0,2.0,18.0,0.0,1.0,1.0,7,7,4,2,6,2,20.267,151.0,97.0,212.0,16.233,4.0,10.02,roster,0,68.0,55.0,0.5,64.13,3.8593,0.55,0.6986,3.0909,47.19,5.21,26.8,4.93,5.3
2025-03-23 14:00:00,14,31,31,1.0,7.0,22.0,0.0,1.0,1.0,18,17,2,2,4,2,21.267,201.0,157.0,272.0,4.533,4.0,10.02,roster,0,100.0,77.5,0.6944,83.09,7.9729,0.775,1.6966,3.2258,66.5,3.47,26.8,6.32,6.8
2025-03-23 15:00:00,15,25,25,0.0,6.0,18.0,0.0,1.0,1.0,9,9,2,0,2,0,22.267,209.5,87.0,332.0,5.533,4.0,10.02,roster,0,79.0,62.5,0.5197,43.08,4.8133,0.625,0.8982,3.16,53.62,1.74,0.0,7.72,8.3
2025-03-23 16:00:00,16,28,28,0.0,6.0,21.0,0.0,1.0,1.0,14,13,2,0,2,0,23.267,269.5,147.0,392.0,6.533,4.0,10.02,roster,0,88.0,70.0,0.5789,50.91,6.2776,0.7,1.2974,3.1429,60.06,1.74,0.0,9.11,9.8
2025-03-23 17:00:00,17,36,36,0.0,4.0,29.0,2.0,1.0,1.0,16,16,4,0,4,0,24.267,101.5,100.0,207.0,3.45,4.0,10.02,roster,0,108.0,90.0,0.75,65.51,7.4904,0.9,1.5968,3.0,77.22,3.47,0.0,4.81,5.175
2025-03-23 18:00:00,18,34,34,2.0,2.0,26.0,3.0,1.0,1.0,13,12,5,0,5,0,25.267,149.0,119.0,160.0,2.717,4.0,10.02,roster,0,103.0,85.0,0.7357,60.99,6.203,0.85,1.1976,3.0294,72.93,4.34,0.0,3.72,4.0
2025-03-23 19:00:00,19,24,24,2.0,0.0,18.0,2.0,2.0,1.0,8,8,5,2,7,2,26.267,113.0,83.0,179.0,3.483,4.0,10.02,roster,0,70.0,60.0,0.5303,68.52,4.0787,0.6,0.7984,2.9167,51.48,6.08,26.8,4.16,4.475
2025-03-23 20:00:00,20,19,19,0.0,0.0,16.0,1.0,2.0,1.0,9,6,5,0,5,0,27.267,121.0,117.0,170.0,3.983,4.0,9.98,roster,0,52.0,47.5,0.3714,29.05,2.9454,0.475,0.6012,2.7368,40.75,4.34,0.0,3.95,4.25
2025-03-23 21:00:00,21,22,22,0.0,1.0,20.0,0.0,1.0,1.0,11,10,7,0,7,0,28.267,123.0,105.0,230.0,4.983,4.0,9.98,roster,0,65.0,55.0,0.4924,38.62,4.5855,0.55,1.002,2.9545,47.19,6.08,0.0,5.35,5.75
2025-03-23 22:00:00,22,22,22,0.0,1.0,20.0,0.0,1.0,1.0,10,9,6,0,6,0,29.267,155.0,81.0,241.0,5.983,3.0,6.66,roster,0,65.0,55.0,0.6373,38.0,5.6176,0.55,1.3514,2.9545,47.19,5.21,0.0,5.6,6.025
2025-03-23 23:00:00,23,22,22,1.0,2.0,16.0,2.0,1.0,1.0,13,13,4,0,4,0,30.267,221.0,141.0,419.0,6.983,3.0,6.66,roster,0,66.0,55.0,0.6111,40.4,7.5059,0.55,1.952,3.0,47.19,3.47,0.0,9.74,10.475
2025-03-24 00:00:00,0,23,23,1.0,5.0,15.0,1.0,1.0,1.0,9,7,5,2,7,2,31.267,183.0,81.0,361.0,7.983,3.0,6.66,roster,0,73.0,57.5,0.7374,70.61,5.1609,0.575,1.0511,3.1739,49.33,6.08,26.8,8.39,9.025
2025-03-24 01:00:00,1,19,19,1.0,3.0,14.0,1.0,0.0,1.0,5,4,6,2,8,2,32.117,193.5,141.0,421.0,8.983,3.0,6.66,roster,0,61.0,47.5,0.6354,64.29,3.4532,0.475,0.6006,3.2105,40.75,6.95,26.8,9.79,10.525
2025-03-24 02:00:00,2,21,21,1.0,3.0,13.0,4.0,0.0,1.0,6,5,6,2,8,2,33.117,253.5,201.0,481.0,9.983,3.0,6.66,roster,0,64.0,52.5,0.6667,69.97,3.888,0.525,0.7508,3.0476,45.04,6.95,26.8,11.18,12.025
2025-03-24 03:00:00,3,23,23,1.0,2.0,17.0,3.0,0.0,1.0,7,6,6,2,8,2,34.117,313.5,261.0,541.0,10.983,3.0,6.66,roster,0,70.0,57.5,0.7292,75.66,4.4919,0.575,0.9009,3.0435,49.33,6.95,26.8,12.58,13.525
2025-03-24 04:00:00,4,21,21,1.0,3.0,16.0,1.0,0.0,1.0,3,3,7,2,9,2,35.117,324.0,312.0,441.0,11.983,3.0,6.66,roster,0,67.0,52.5,0.7204,69.91,3.1122,0.525,0.4505,3.1905,45.04,7.81,26.8,10.25,11.025
2025-03-24 05:00:00,5,18,18,1.0,3.0,14.0,0.0,0.0,1.0,2,1,7,2,9,2,36.117,384.0,372.0,501.0,12.983,3.0,6.66,roster,0,59.0,45.0,0.6344,64.87,1.9672,0.45,0.1502,3.2778,38.61,7.81,26.8,11.65,12.525
2025-03-24 06:00:00,6,17,17,1.0,3.0,13.0,0.0,0.0,1.0,1,1,7,2,9,2,37.117,444.0,432.0,561.0,13.983,3.0,6.66,roster,0,56.0,42.5,0.6022,64.12,1.8946,0.425,0.1502,3.2941,36.46,7.81,26.8,13.04,14.025
2025-03-24 07:00:00,7,18,18,1.0,4.0,13.0,0.0,0.0,1.0,4,4,6,2,8,2,38.117,502.5,492.0,781.0,14.983,3.0,6.66,roster,0,60.0,45.0,0.625,70.51,3.502,0.45,0.6006,3.3333,38.61,6.95,26.8,18.16,19.525
2025-03-24 08:00:00,8,21,21,1.0,5.0,13.0,2.0,0.0,1.0,5,5,6,2,8,2,39.117,562.5,552.0,841.0,15.983,3.0,6.67,roster,0,68.0,52.5,0.7083,78.34,4.1274,0.525,0.7496,3.2381,45.04,6.95,26.8,19.55,21.025
2025-03-24 09:00:00,9,25,25,2.0,8.0,12.0,2.0,1.0,1.0,7,7,7,3,10,3,40.117,578.5,101.0,723.0,16.983,3.0,6.67,roster,0,83.0,62.5,0.9222,99.32,5.5593,0.625,1.0495,3.32,53.62,8.68,40.2,16.81,18.075
2025-03-24 10:00:00,10,33,33,2.0,8.0,15.0,5.0,3.0,1.0,13,13,8,4,12,4,17.983,314.0,134.0,684.0,17.983,4.0,9.99,roster,0,100.0,82.5,0.8929,130.71,6.4433,0.825,1.3013,3.0303,70.78,10.42,53.6,15.9,17.1
2025-03-24 11:00:00,11,38,38,2.0,10.0,19.0,5.0,2.0,1.0,10,10,8,4,12,4,18.983,215.5,139.0,732.0,18.983,4.0,9.99,roster,0,119.0,95.0,1.0625,142.55,6.1097,0.95,1.001,3.1316,81.51,10.42,53.6,17.02,18.3
2025-03-24 12:00:00,12,39,39,2.0,9.0,22.0,5.0,1.0,1.0,15,15,9,5,14,5,19.983,234.5,145.0,725.0,19.983,4.0,9.99,roster,0,123.0,97.5,1.1827,159.67,7.8105,0.975,1.5015,3.1538,83.66,12.16,67.0,16.86,18.125
2025-03-24 13:00:00,13,40,40,2.0,8.0,25.0,5.0,0.0,1.0,8,9,12,6,18,6,20.983,235.0,130.0,647.0,20.983,4.0,9.99,roster,0,127.0,100.0,1.4432,176.87,6.0354,1.0,0.9009,3.175,85.8,15.63,80.4,15.04,16.175
2025-03-24 14:00:00,14,37,37,2.0,8.0,25.0,2.0,0.0,1.0,6,6,15,6,21,6,21.983,265.0,153.0,401.0,21.983,4.0,9.99,roster,0,121.0,92.5,1.5921,167.32,4.9891,0.925,0.6006,3.2703,79.36,18.23,80.4,9.32,10.025
2025-03-24 15:00:00,15,33,33,2.0,8.0,21.0,2.0,0.0,1.0,4,4,14,5,19,5,22.983,283.0,209.0,461.0,22.983,4.0,9.99,roster,0,109.0,82.5,1.2976,145.0,4.0475,0.825,0.4004,3.303,70.78,16.5,67.0,10.72,11.525
2025-03-24 16:00:00,16,29,29,1.0,7.0,21.0,0.0,0.0,1.0,7,7,12,4,16,4,16.083,314.5,215.0,429.0,16.083,4.0,9.99,roster,0,96.0,72.5,1.0,119.67,4.7196,0.725,0.7007,3.3103,62.2,13.89,53.6,9.97,10.725
2025-03-24 17:00:00,17,35,35,1.0,9.0,24.0,1.0,0.0,1.0,8,8,14,4,18,4,17.083,360.0,242.0,461.0,17.083,4.0,9.99,roster,0,115.0,87.5,1.3068,135.02,5.5062,0.875,0.8008,3.2857,75.08,15.63,53.6,10.72,11.525
2025-03-24 18:00:00,18,36,36,2.0,9.0,24.0,1.0,0.0,1.0,9,9,16,3,19,3,18.083,389.0,206.0,521.0,18.083,4.0,9.99,roster,0,120.0,90.0,1.4286,126.03,6.003,0.9,0.9009,3.3333,77.22,16.5,40.2,12.11,13.025
2025-03-24 19:00:00,19,41,41,1.0,7.0,32.0,1.0,0.0,1.0,13,10,18,2,20,2,10.317,340.5,164.0,523.0,10.317,4.0,9.99,roster,0,131.0,102.5,1.6375,124.27,6.4733,1.025,1.001,3.1951,87.94,17.37,26.8,12.16,13.075
2025-03-24 20:00:00,20,41,41,1.0,8.0,30.0,2.0,0.0,1.0,10,10,19,2,21,2,11.317,249.0,164.0,530.0,11.317,4.0,11.51,roster,0,131.0,102.5,1.7237,125.3,6.051,1.025,0.8688,3.1951,87.94,18.23,26.8,12.32,13.25
2025-03-24 21:00:00,21,36,36,0.0,8.0,26.0,1.0,1.0,1.0,11,10,17,1,18,1,12.317,298.0,211.0,500.0,12.317,4.0,11.51,roster,0,113.0,90.0,1.2841,97.87,5.5521,0.9,0.8688,3.1389,77.22,15.63,13.4,11.62,12.5
2025-03-24 22:00:00,22,39,39,0.0,8.0,29.0,2.0,0.0,1.0,14,13,16,1,17,1,12.683,296.0,184.0,369.0,12.683,3.0,8.19,roster,0,123.0,97.5,1.7826,100.4,8.0811,0.975,1.5873,3.1538,83.66,14.76,13.4,8.58,9.225
2025-03-24 23:00:00,23,30,30,0.0,7.0,22.0,1.0,0.0,1.0,6,4,17,0,17,0,13.683,356.0,244.0,429.0,13.683,3.0,8.19,roster,0,96.0,75.0,1.3913,69.09,3.9629,0.75,0.4884,3.2,64.35,14.76,0.0,9.97,10.725
2025-03-25 00:00:00,0,32,32,0.0,5.0,27.0,0.0,0.0,1.0,10,7,18,0,18,0,14.683,410.0,302.0,489.0,14.683,3.0,8.19,roster,0,101.0,80.0,1.5303,75.64,5.2226,0.8,0.8547,3.1562,68.64,15.63,0.0,11.37,12.225
2025-03-25 01:00:00,1,34,34,0.0,5.0,28.0,1.0,0.0,1.0,7,7,18,0,18,0,15.683,470.0,362.0,549.0,15.683,3.0,8.19,roster,0,106.0,85.0,1.6061,81.32,5.3147,0.85,0.8547,3.1176,72.93,15.63,0.0,12.76,13.725
2025-03-25 02:00:00,2,31,31,0.0,4.0,27.0,0.0,0.0,1.0,6,6,19,0,19,0,16.683,524.0,372.0,609.0,16.683,3.0,8.19,roster,0,97.0,77.5,1.5397,77.15,4.7173,0.775,0.7326,3.129,66.5,16.5,0.0,14.16,15.225
2025-03-25 03:00:00,3,29,29,1.0,5.0,23.0,0.0,0.0,1.0,7,5,19,0,19,0,17.683,584.0,432.0,669.0,17.683,3.0,8.19,roster,0,94.0,72.5,1.4921,74.26,4.3289,0.725,0.6105,3.2414,62.2,16.5,0.0,15.55,16.725
2025-03-25 04:00:00,4,25,25,1.0,5.0,19.0,0.0,0.0,1.0,1,1,21,1,22,1,18.683,624.5,372.0,725.0,18.683,3.0,8.19,roster,0,82.0,62.5,1.5185,82.98,2.4505,0.625,0.1221,3.28,53.62,19.1,13.4,16.86,18.125
2025-03-25 05:00:00,5,25,25,1.0,4.0,19.0,1.0,0.0,1.0,3,3,21,0,21,0,19.683,691.0,505.0,785.0,19.683,3.0,8.19,roster,0,80.0,62.5,1.4035,70.11,3.1722,0.625,0.3663,3.2,53.62,18.23,0.0,18.25,19.625
2025-03-25 06:00:00,6,27,27,1.0,4.0,21.0,1.0,0.0,1.0,2,2,21,0,21,0,20.683,751.0,565.0,845.0,20.683,3.0,8.19,roster,0,86.0,67.5,1.5088,75.8,2.9278,0.675,0.2442,3.1852,57.92,18.23,0.0,19.65,21.125
2025-03-25 07:00:00,7,30,30,1.0,4.0,24.0,1.0,0.0,1.0,4,4,21,1,22,1,21.683,804.5,552.0,905.0,21.683,3.0,8.19,roster,0,95.0,75.0,1.7593,97.89,3.9216,0.75,0.4884,3.1667,64.35,19.1,13.4,21.04,22.625
2025-03-25 08:00:00,8,30,30,1.0,4.0,24.0,1.0,0.0,1.0,5,4,22,1,23,1,22.683,858.0,574.0,965.0,22.683,3.0,6.36,roster,0,95.0,75.0,1.8627,100.16,4.3666,0.75,0.6289,3.1667,64.35,19.97,13.4,22.44,24.125
2025-03-25 09:00:00,9,32,32,1.0,4.0,25.0,2.0,0.0,1.0,4,4,23,1,24,1,23.683,881.0,634.0,1025.0,23.683,3.0,6.36,roster,0,100.0,80.0,2.0833,106.71,4.4654,0.8,0.6289,3.125,68.64,20.84,13.4,23.83,25.625
2025-03-25 10:00:00,10,36,36,1.0,4.0,27.0,4.0,0.0,1.0,13,13,18,1,19,1,24.683,902.0,476.0,1064.0,24.683,4.0,9.61,roster,0,110.0,90.0,1.3095,111.86,6.8834,0.9,1.3528,3.0556,77.22,16.5,13.4,24.74,26.6
2025-03-25 11:00:00,11,46,46,2.0,6.0,32.0,6.0,0.0,1.0,16,16,21,1,22,1,25.683,773.0,280.0,1076.0,25.683,4.0,9.61,roster,0,142.0,115.0,1.9722,136.19,8.6896,1.15,1.6649,3.087,98.67,19.1,13.4,25.02,26.9
2025-03-25 12:00:00,12,48,48,2.0,8.0,31.0,7.0,0.0,1.0,10,11,26,2,28,2,23.033,339.0,107.0,1024.0,23.033,4.0,9.61,roster,0,149.0,120.0,3.1042,157.88,7.2782,1.2,1.1446,3.1042,102.96,24.31,26.8,23.81,25.6
2025-03-25 13:00:00,13,56,56,2.0,10.0,37.0,7.0,0.0,1.0,12,12,27,3,30,3,24.033,215.0,145.0,912.0,24.033,4.0,9.61,roster,0,175.0,140.0,4.375,187.57,8.2772,1.4,1.2487,3.125,120.12,26.05,40.2,21.2,22.8
2025-03-25 14:00:00,14,63,63,2.0,10.0,44.0,7.0,0.0,1.0,11,11,28,3,31,3,25.033,256.0,191.0,934.0,25.033,4.0,9.61,roster,0,196.0,157.5,5.4444,203.97,8.4611,1.575,1.1446,3.1111,135.14,26.92,40.2,21.72,23.35
2025-03-25 15:00:00,15,60,60,1.0,8.0,42.0,9.0,0.0,1.0,8,8,26,2,28,2,22.85,289.5,242.0,760.0,22.85,4.0,9.61,roster,0,181.0,150.0,3.7708,177.48,7.0363,1.5,0.8325,3.0167,128.7,24.31,26.8,17.67,19.0
2025-03-25 16:00:00,16,56,56,1.0,7.0,40.0,8.0,0.0,1.0,6,6,22,2,24,2,22.3,323.5,281.0,619.0,22.3,4.0,9.61,roster,0,169.0,140.0,2.6406,162.15,6.1092,1.4,0.6243,3.0179,120.12,20.84,26.8,14.39,15.475
2025-03-25 17:00:00,17,53,53,1.0,8.0,40.0,4.0,0.0,1.0,7,7,24,2,26,2,23.3,376.5,276.0,468.0,23.3,4.0,9.61,roster,0,165.0,132.5,2.9464,153.94,6.3927,1.325,0.7284,3.1132,113.68,22.58,26.8,10.88,11.7
2025-03-25 18:00:00,18,54,54,2.0,7.0,42.0,3.0,0.0,1.0,8,8,26,2,28,2,24.3,428.0,277.0,528.0,24.3,4.0,9.61,roster,0,170.0,135.0,3.5417,159.22,6.8707,1.35,0.8325,3.1481,115.83,24.31,26.8,12.28,13.2
2025-03-25 19:00:00,19,54,54,2.0,8.0,39.0,5.0,0.0,1.0,7,7,26,2,28,2,25.3,483.5,266.0,556.0,25.3,4.0,9.61,roster,0,169.0,135.0,3.5208,159.87,6.5046,1.35,0.7284,3.1296,115.83,24.31,26.8,12.93,13.9
2025-03-25 20:00:00,20,59,59,3.0,9.0,41.0,6.0,0.0,1.0,9,9,27,2,29,2,26.3,542.0,291.0,601.0,26.3,4.0,11.03,roster,0,186.0,147.5,4.2273,172.51,7.2223,1.475,0.816,3.1525,126.56,25.18,26.8,13.97,15.025
2025-03-25 21:00:00,21,55,55,3.0,10.0,35.0,7.0,0.0,1.0,4,4,28,2,30,2,27.3,598.5,339.0,661.0,27.3,4.0,11.03,roster,0,174.0,137.5,4.35,166.19,5.4973,1.375,0.3626,3.1636,117.98,26.05,26.8,15.37,16.525
2025-03-25 22:00:00,22,49,49,2.0,10.0,31.0,5.0,1.0,1.0,7,6,26,2,28,2,28.3,648.0,399.0,736.0,28.3,3.0,7.78,roster,0,154.0,122.5,4.2778,153.33,6.2738,1.225,0.7712,3.1429,105.1,24.31,26.8,17.11,18.4
2025-03-25 23:00:00,23,47,47,3.0,11.0,30.0,3.0,0.0,1.0,7,6,27,2,29,2,29.3,701.0,373.0,781.0,29.3,3.0,7.78,roster,0,155.0,117.5,4.697,150.95,6.4183,1.175,0.7712,3.2979,100.82,25.18,26.8,18.16,19.525
2025-03-26 00:00:00,0,40,40,3.0,9.0,26.0,2.0,0.0,1.0,0,0,26,2,28,2,30.3,768.0,519.0,856.0,30.3,3.0,7.78,roster,0,133.0,100.0,3.6944,136.81,3.325,1.0,0.0,3.325,85.8,24.31,26.8,19.9,21.4
2025-03-26 01:00:00,1,43,43,3.0,9.0,29.0,2.0,0.0,1.0,7,6,26,2,28,2,31.3,828.0,579.0,916.0,31.3,3.0,7.78,roster,0,142.0,107.5,3.9444,144.64,6.0968,1.075,0.7712,3.3023,92.24,24.31,26.8,21.3,22.9
2025-03-26 02:00:00,2,42,42,3.0,9.0,28.0,2.0,0.0,1.0,4,4,26,2,28,2,32.3,888.0,639.0,976.0,32.3,3.0,7.78,roster,0,139.0,105.0,3.8611,143.89,5.1766,1.05,0.5141,3.3095,90.09,24.31,26.8,22.69,24.4
2025-03-26 03:00:00,3,39,39,2.0,10.0,26.0,1.0,0.0,1.0,4,3,26,2,28,2,33.3,948.0,699.0,1036.0,33.3,3.0,7.78,roster,0,130.0,97.5,3.6111,138.85,4.5353,0.975,0.3856,3.3333,83.66,24.31,26.8,24.09,25.9
2025-03-26 04:00:00,4,39,39,2.0,10.0,27.0,0.0,0.0,1.0,2,3,28,3,31,3,34.3,969.0,655.0,1081.0,34.3,3.0,7.78,roster,0,131.0,97.5,4.8519,155.91,4.5702,0.975,0.3856,3.359,83.66,26.92,40.2,25.13,27.025
2025-03-26 05:00:00,5,42,42,2.0,11.0,28.0,1.0,0.0,1.0,3,3,29,3,32,3,35.3,1012.5,715.0,1141.0,35.3,3.0,7.78,roster,0,140.0,105.0,5.8333,164.6,4.7853,1.05,0.3856,3.3333,90.09,27.79,40.2,26.53,28.525
2025-03-26 06:00:00,6,43,43,2.0,11.0,30.0,0.0,0.0,1.0,3,3,29,4,33,4,36.3,1056.0,757.0,1192.0,36.3,3.0,7.78,roster,0,144.0,107.5,6.8571,182.2,4.8913,1.075,0.3856,3.3488,92.24,28.65,53.6,27.71,29.8
2025-03-26 07:00:00,7,46,46,2.0,11.0,33.0,0.0,0.0,1.0,3,3,30,4,34,4,37.3,1073.5,779.0,1252.0,37.3,3.0,7.78,roster,0,153.0,115.0,8.5,190.9,5.1076,1.15,0.3856,3.3261,98.67,29.52,53.6,29.11,31.3
2025-03-26 08:00:00,8,46,46,2.0,11.0,33.0,0.0,0.0,1.0,6,3,31,4,35,4,38.3,1091.0,766.0,1312.0,38.3,3.0,6.36,roster,0,153.0,115.0,10.2,193.16,5.3939,1.15,0.4717,3.3261,98.67,30.39,53.6,30.5,32.8
2025-03-26 09:00:00,9,49,49,2.0,10.0,35.0,2.0,0.0,1.0,8,7,31,4,35,4,39.3,1106.0,699.0,1372.0,39.3,3.0,6.36,roster,0,159.0,122.5,10.6,200.99,7.5464,1.225,1.1006,3.2449,105.1,30.39,53.6,31.9,34.3
2025-03-26 10:00:00,10,55,55,2.0,14.0,37.0,2.0,0.0,1.0,10,9,33,4,37,4,40.3,1119.0,453.0,1402.0,40.3,4.0,10.06,roster,0,181.0,137.5,15.0833,216.3,7.4692,1.375,0.8946,3.2909,117.98,32.13,53.6,32.6,35.05
2025-03-26 11:00:00,11,58,58,3.0,13.0,39.0,3.0,0.0,1.0,12,11,32,4,36,4,41.3,1081.5,476.0,1462.0,41.3,4.0,10.06,roster,0,190.0,145.0,11.875,223.26,8.332,1.45,1.0934,3.2759,124.41,31.26,53.6,33.99,36.55
2025-03-26 12:00:00,12,56,56,3.0,14.0,34.0,5.0,0.0,1.0,10,10,31,4,35,4,41.067,1079.0,223.0,1502.0,41.067,4.0,10.06,roster,0,183.0,140.0,9.15,219.03,7.8234,1.4,0.994,3.2679,120.12,30.39,53.6,34.92,37.55
2025-03-26 13:00:00,13,53,53,2.0,15.0,32.0,4.0,0.0,1.0,4,4,32,4,36,4,39.883,795.0,209.0,1476.0,31.317,4.0,10.06,roster,0,174.0,132.5,10.875,212.86,5.6554,1.325,0.3976,3.283,113.68,31.26,53.6,34.32,36.9
2025-03-26 14:00:00,14,53,53,2.0,15.0,34.0,2.0,0.0,1.0,10,10,29,4,33,4,40.883,693.0,263.0,1371.0,32.317,4.0,10.06,roster,0,176.0,132.5,6.2857,207.81,7.7009,1.325,0.994,3.3208,113.68,28.65,53.6,31.88,34.275
2025-03-26 15:00:00,15,46,46,2.0,14.0,26.0,4.0,0.0,1.0,6,7,24,3,27,3,41.883,637.0,307.0,1328.0,33.317,4.0,10.06,roster,0,152.0,115.0,2.9231,173.19,6.0992,1.15,0.6958,3.3043,98.67,23.44,40.2,30.88,33.2
2025-03-26 16:00:00,16,45,45,2.0,13.0,29.0,1.0,0.0,1.0,9,9,24,2,26,2,42.883,453.0,318.0,1357.0,34.317,4.0,10.06,roster,0,151.0,112.5,2.6964,157.45,6.777,1.125,0.8946,3.3556,96.52,22.58,26.8,31.55,33.925
2025-03-26 17:00:00,17,46,46,4.0,12.0,29.0,1.0,0.0,1.0,7,7,26,2,28,2,35.317,472.5,350.0,1417.0,35.317,4.0,10.06,roster,0,157.0,115.0,3.2708,162.73,6.2999,1.15,0.6958,3.413,98.67,24.31,26.8,32.95,35.425
2025-03-26 18:00:00,18,50,50,3.0,14.0,32.0,1.0,0.0,1.0,7,6,28,2,30,2,36.317,506.0,370.0,1439.0,36.317,4.0,10.06,roster,0,169.0,125.0,4.225,173.56,6.2409,1.25,0.5964,3.38,107.25,26.05,26.8,33.46,35.975
2025-03-26 19:00:00,19,54,54,3.0,13.0,38.0,0.0,0.0,1.0,10,10,27,2,29,2,37.317,547.0,285.0,1426.0,37.317,4.0,10.06,roster,0,181.0,135.0,4.1136,180.97,7.8569,1.35,0.994,3.3519,115.83,25.18,26.8,33.15,35.65
2025-03-26 20:00:00,20,59,59,4.0,14.0,41.0,0.0,0.0,1.0,12,11,26,2,28,2,38.317,592.0,303.0,1559.0,38.317,4.0,12.59,roster,0,199.0,147.5,4.1458,193.91,7.9219,1.475,0.8737,3.3729,126.56,24.31,26.8,36.25,38.975
2025-03-26 21:00:00,21,56,56,5.0,13.0,38.0,0.0,0.0,1.0,9,8,28,2,30,2,39.317,604.0,284.0,1419.0,39.317,4.0,12.59,roster,0,191.0,140.0,4.775,185.96,6.9423,1.4,0.6354,3.4107,120.12,26.05,26.8,32.99,35.475
2025-03-26 22:00:00,22,53,53,5.0,12.0,36.0,0.0,0.0,1.0,7,6,27,2,29,2,40.317,678.0,344.0,1479.0,40.317,3.0,8.89,roster,0,181.0,132.5,5.4848,180.05,6.8299,1.325,0.6749,3.4151,113.68,25.18,26.8,34.39,36.975
2025-03-26 23:00:00,23,51,51,5.0,12.0,34.0,0.0,0.0,1.0,9,9,28,1,29,1,37.8,670.0,380.0,1251.0,37.8,3.0,8.89,roster,0,175.0,127.5,5.303,157.06,7.8488,1.275,1.0124,3.4314,109.39,25.18,13.4,29.09,31.275
2025-03-27 00:00:00,0,53,53,5.0,13.0,35.0,0.0,0.0,1.0,10,10,28,1,29,1,38.8,730.0,440.0,1311.0,38.8,3.0,8.89,roster,0,182.0,132.5,5.5152,162.75,8.4127,1.325,1.1249,3.434,113.68,25.18,13.4,30.48,32.775
2025-03-27 01:00:00,1,52,52,4.0,13.0,31.0,4.0,0.0,1.0,7,7,31,1,32,1,39.8,660.0,386.0,1371.0,39.8,3.0,8.89,roster,0,173.0,130.0,7.2083,164.6,6.9446,1.3,0.7874,3.3269,111.54,27.79,13.4,31.88,34.275
2025-03-27 02:00:00,2,46,46,4.0,11.0,28.0,3.0,0.0,1.0,4,3,31,1,32,1,40.8,720.0,446.0,1431.0,40.8,3.0,8.89,roster,0,154.0,115.0,6.4167,153.13,4.9798,1.15,0.3375,3.3478,98.67,27.79,13.4,33.27,35.775
2025-03-27 03:00:00,3,44,44,4.0,10.0,28.0,2.0,0.0,1.0,4,3,32,1,33,1,41.8,765.0,466.0,1210.0,41.8,3.0,8.89,roster,0,148.0,110.0,7.0476,144.57,4.8351,1.1,0.3375,3.3636,94.38,28.65,13.4,28.13,30.25
2025-03-27 04:00:00,4,43,43,4.0,10.0,28.0,1.0,0.0,1.0,3,2,32,1,33,1,42.8,825.0,526.0,1270.0,42.8,3.0,8.89,roster,0,146.0,107.5,6.9524,143.82,4.4139,1.075,0.225,3.3953,92.24,28.65,13.4,29.53,31.75
2025-03-27 05:00:00,5,44,44,4.0,10.0,30.0,0.0,0.0,1.0,3,3,33,1,34,1,43.8,864.0,507.0,1330.0,43.8,3.0,8.89,roster,0,150.0,110.0,8.3333,148.22,4.9004,1.1,0.3375,3.4091,94.38,29.52,13.4,30.92,33.25
2025-03-27 06:00:00,6,46,46,4.0,10.0,30.0,2.0,0.0,1.0,5,5,34,1,35,1,44.8,903.0,492.0,1390.0,44.8,3.0,8.89,roster,0,154.0,115.0,10.2667,154.78,5.7329,1.15,0.5624,3.3478,98.67,30.39,13.4,32.32,34.75
2025-03-27 07:00:00,7,55,55,4.0,11.0,37.0,3.0,0.0,1.0,9,9,34,1,35,1,45.8,963.0,552.0,1450.0,45.8,3.0,8.89,roster,0,181.0,137.5,12.0667,175.48,7.8566,1.375,1.0124,3.2909,117.98,30.39,13.4,33.71,36.25
2025-03-27 08:00:00,8,48,48,4.0,10.0,34.0,0.0,0.0,1.0,3,3,36,1,37,1,46.8,1017.0,601.0,1349.0,46.8,3.0,7.03,roster,0,162.0,120.0,18.0,159.85,5.4903,1.2,0.4267,3.375,102.96,32.13,13.4,31.36,33.725
2025-03-27 09:00:00,9,48,48,4.0,10.0,34.0,0.0,0.0,1.0,2,2,35,1,36,1,47.8,1068.0,661.0,1570.0,47.8,3.0,7.03,roster,0,162.0,120.0,13.5,164.12,5.0102,1.2,0.2845,3.375,102.96,31.26,13.4,36.5,39.25
2025-03-27 10:00:00,10,54,54,4.0,12.0,38.0,0.0,0.0,1.0,15,13,32,1,33,1,48.8,1113.0,681.0,1463.0,48.8,4.0,10.49,roster,0,182.0,135.0,6.5,171.9,8.7268,1.35,1.2393,3.3704,115.83,28.65,13.4,34.01,36.575
2025-03-27 11:00:00,11,62,62,5.0,14.0,43.0,0.0,0.0,1.0,16,17,32,2,34,2,49.8,1064.5,438.0,1517.0,49.8,4.0,10.49,roster,0,210.0,155.0,8.75,204.58,10.7391,1.55,1.6206,3.3871,132.99,29.52,26.8,35.27,37.925
2025-03-27 12:00:00,12,61,61,5.0,15.0,40.0,1.0,0.0,1.0,8,7,34,2,36,2,50.8,966.5,314.0,1577.0,50.8,4.0,10.49,roster,0,207.0,152.5,12.9375,205.57,7.4395,1.525,0.6673,3.3934,130.84,31.26,26.8,36.67,39.425
2025-03-27 13:00:00,13,57,57,5.0,15.0,35.0,2.0,0.0,1.0,7,8,30,2,32,2,49.917,1026.5,366.0,1578.0,49.917,4.0,10.49,roster,0,194.0,142.5,6.0625,193.54,7.4456,1.425,0.7626,3.4035,122.26,27.79,26.8,36.69,39.45
2025-03-27 14:00:00,14,53,53,5.0,16.0,31.0,1.0,0.0,1.0,6,5,28,1,29,1,47.033,1047.0,296.0,1455.0,42.767,4.0,10.49,roster,0,184.0,132.5,4.1818,166.09,6.2548,1.325,0.4766,3.4717,113.68,25.18,13.4,33.83,36.375
2025-03-27 15:00:00,15,46,46,5.0,12.0,28.0,1.0,0.0,1.0,6,6,23,1,24,1,48.033,974.5,311.0,1515.0,32.167,4.0,10.49,roster,0,159.0,115.0,2.4844,148.13,5.952,1.15,0.572,3.4565,98.67,20.84,13.4,35.22,37.875
2025-03-27 16:00:00,16,40,40,5.0,8.0,26.0,1.0,0.0,1.0,4,4,24,1,25,1,49.033,738.0,345.0,1424.0,30.483,4.0,10.49,roster,0,137.0,100.0,2.2833,134.02,4.731,1.0,0.3813,3.425,85.8,21.71,13.4,33.11,35.6
2025-03-27 17:00:00,17,37,37,4.0,8.0,23.0,2.0,0.0,1.0,7,5,23,1,24,1,50.033,706.0,405.0,1484.0,31.383,4.0,10.49,roster,0,125.0,92.5,1.9531,128.11,4.7353,0.925,0.4766,3.3784,79.36,20.84,13.4,34.5,37.1
2025-03-27 18:00:00,18,43,43,4.0,9.0,26.0,3.0,1.0,1.0,12,11,25,1,26,1,32.383,670.0,442.0,1449.0,32.383,4.0,10.49,roster,0,141.0,107.5,2.5179,141.9,6.9635,1.075,1.0486,3.2791,92.24,22.58,13.4,33.69,36.225
2025-03-27 19:00:00,19,40,40,4.0,9.0,24.0,3.0,0.0,1.0,5,4,28,1,29,1,33.383,564.0,301.0,1426.0,33.383,4.0,10.49,roster,0,134.0,100.0,3.0455,137.54,4.6274,1.0,0.3813,3.35,85.8,25.18,13.4,33.15,35.65
2025-03-27 20:00:00,20,40,40,4.0,8.0,27.0,1.0,0.0,1.0,10,9,27,1,28,1,34.383,705.0,361.0,1569.0,34.383,4.0,11.34,roster,0,135.0,100.0,2.8125,139.99,6.0536,1.0,0.7937,3.375,85.8,24.31,13.4,36.48,39.225
2025-03-27 21:00:00,21,41,41,4.0,9.0,26.0,2.0,0.0,1.0,9,7,27,1,28,1,35.383,658.0,357.0,1467.0,35.383,4.0,11.34,roster,0,138.0,102.5,2.875,139.77,5.5277,1.025,0.6173,3.3659,87.94,24.31,13.4,34.11,36.675
2025-03-27 22:00:00,22,37,37,4.0,7.0,24.0,2.0,0.0,1.0,5,5,25,1,26,1,36.383,703.5,359.0,1527.0,36.383,3.0,7.88,roster,0,124.0,92.5,2.9524,130.84,5.2265,0.925,0.6345,3.3514,79.36,22.58,13.4,35.5,38.175
2025-03-27 23:00:00,23,40,40,4.0,6.0,27.0,3.0,0.0,1.0,7,7,24,1,25,1,37.383,765.0,419.0,1587.0,37.383,3.0,7.88,roster,0,131.0,100.0,2.9111,137.81,6.1843,1.0,0.8883,3.275,85.8,21.71,13.4,36.9,39.675
2025-03-28 00:00:00,0,39,39,4.0,8.0,25.0,2.0,0.0,1.0,7,6,24,0,24,0,38.383,925.5,537.0,1726.0,38.383,3.0,7.88,roster,0,131.0,97.5,2.7292,124.62,5.8326,0.975,0.7614,3.359,83.66,20.84,0.0,40.13,43.15
2025-03-28 01:00:00,1,33,33,4.0,7.0,22.0,0.0,0.0,1.0,3,2,27,0,27,0,39.383,882.0,452.0,1707.0,39.383,3.0,7.88,roster,0,114.0,82.5,2.9231,113.92,3.7268,0.825,0.2538,3.4545,70.78,23.44,0.0,39.69,42.675
2025-03-28 02:00:00,2,32,32,5.0,7.0,19.0,1.0,0.0,1.0,3,3,27,0,27,0,40.383,942.0,512.0,1767.0,40.383,3.0,7.88,roster,0,112.0,80.0,2.8718,113.17,4.1325,0.8,0.3807,3.5,68.64,23.44,0.0,41.08,44.175
2025-03-28 03:00:00,3,34,34,5.0,9.0,20.0,0.0,0.0,1.0,4,4,28,0,28,0,41.383,992.0,572.0,1827.0,41.383,3.0,7.88,roster,0,121.0,85.0,3.3611,119.72,4.8315,0.85,0.5076,3.5588,72.93,24.31,0.0,42.48,45.675
2025-03-28 04:00:00,4,34,34,5.0,10.0,19.0,0.0,0.0,1.0,3,4,29,0,29,0,42.383,1042.0,624.0,1812.0,42.383,3.0,7.88,roster,0,122.0,85.0,3.697,120.24,4.8714,0.85,0.5076,3.5882,72.93,25.18,0.0,42.13,45.3
2025-03-28 05:00:00,5,34,34,5.0,10.0,19.0,0.0,0.0,1.0,1,1,30,0,30,0,43.383,1024.0,586.0,1872.0,43.383,3.0,7.88,roster,0,122.0,85.0,4.0667,122.5,3.5054,0.85,0.1269,3.5882,72.93,26.05,0.0,43.52,46.8
2025-03-28 06:00:00,6,35,35,5.0,10.0,20.0,0.0,0.0,1.0,3,3,30,0,30,0,44.383,1084.0,646.0,1932.0,44.383,3.0,7.88,roster,0,125.0,87.5,4.1667,126.04,4.4847,0.875,0.3807,3.5714,75.08,26.05,0.0,44.92,48.3
2025-03-28 07:00:00,7,35,35,5.0,11.0,19.0,0.0,0.0,1.0,2,2,31,0,31,0,45.383,1066.0,668.0,1992.0,45.383,3.0,7.88,roster,0,126.0,87.5,4.6667,128.31,4.0637,0.875,0.2538,3.6,75.08,26.92,0.0,46.31,49.8
2025-03-28 08:00:00,8,39,39,5.0,11.0,23.0,0.0,0.0,1.0,7,6,30,0,30,0,46.383,1204.0,728.0,2052.0,46.383,3.0,6.81,roster,0,138.0,97.5,4.6,137.41,6.5676,0.975,0.8811,3.5385,83.66,26.05,0.0,47.71,51.3
2025-03-28 09:00:00,9,41,41,5.0,11.0,25.0,0.0,0.0,1.0,8,7,30,0,30,0,46.3,1161.0,549.0,1997.0,46.3,3.0,6.81,roster,0,144.0,102.5,4.8,140.42,7.2102,1.025,1.0279,3.5122,87.94,26.05,0.0,46.43,49.925
2025-03-28 10:00:00,10,45,45,4.0,10.0,30.0,1.0,0.0,1.0,10,9,29,0,29,0,43.05,1196.0,609.0,1818.0,43.05,4.0,10.51,roster,0,152.0,112.5,3.4545,143.97,6.6925,1.125,0.8563,3.3778,96.52,25.18,0.0,42.27,45.45
2025-03-28 11:00:00,11,41,41,4.0,8.0,28.0,0.0,1.0,1.0,9,8,28,0,28,0,42.733,1131.5,664.0,1878.0,42.733,4.0,10.51,roster,0,137.0,102.5,2.8542,135.92,5.9685,1.025,0.7612,3.3415,87.94,24.31,0.0,43.66,46.95
2025-03-28 12:00:00,12,42,42,4.0,7.0,29.0,1.0,1.0,1.0,10,10,26,0,26,0,43.733,1055.0,540.0,1746.0,43.733,4.0,10.51,roster,0,138.0,105.0,2.4643,133.26,6.5763,1.05,0.9515,3.2857,90.09,22.58,0.0,40.59,43.65
2025-03-28 13:00:00,13,42,42,4.0,11.0,25.0,1.0,1.0,1.0,8,8,26,1,27,1,44.733,758.0,163.0,1582.0,44.733,4.0,10.51,roster,0,142.0,105.0,2.7308,143.72,6.1235,1.05,0.7612,3.381,90.09,23.44,13.4,36.78,39.55
2025-03-28 14:00:00,14,40,40,3.0,10.0,26.0,0.0,1.0,1.0,7,7,25,2,27,2,44.15,660.0,160.0,1486.0,44.15,4.0,10.51,roster,0,134.0,100.0,2.5769,150.59,5.5812,1.0,0.666,3.35,85.8,23.44,26.8,34.55,37.15
2025-03-28 15:00:00,15,35,35,3.0,8.0,23.0,1.0,0.0,1.0,8,8,21,1,22,1,28.7,247.5,147.0,720.0,28.7,4.0,10.51,roster,0,118.0,87.5,1.6389,104.32,5.5163,0.875,0.7612,3.3714,75.08,19.1,13.4,16.74,18.0
2025-03-28 16:00:00,16,30,30,2.0,5.0,23.0,0.0,0.0,1.0,6,6,15,2,17,2,16.1,225.0,155.0,361.0,16.067,4.0,10.51,roster,0,99.0,75.0,1.0761,94.3,4.3589,0.75,0.5709,3.3,64.35,14.76,26.8,8.39,9.025
2025-03-28 17:00:00,17,31,31,2.0,5.0,24.0,0.0,0.0,1.0,4,5,16,2,18,2,17.1,262.5,204.0,421.0,17.067,4.0,10.51,roster,0,102.0,77.5,1.1591,98.71,4.1153,0.775,0.4757,3.2903,66.5,15.63,26.8,9.79,10.525
2025-03-28 18:00:00,18,26,26,2.0,4.0,20.0,0.0,0.0,1.0,0,0,17,2,19,2,18.067,280.0,224.0,481.0,18.067,4.0,10.51,roster,0,86.0,65.0,1.0238,90.25,2.15,0.65,0.0,3.3077,55.77,16.5,26.8,11.18,12.025
2025-03-28 19:00:00,19,31,31,3.0,5.0,21.0,2.0,0.0,1.0,10,10,16,2,18,2,19.067,350.0,284.0,541.0,19.067,4.0,10.51,roster,0,102.0,77.5,1.1591,101.5,5.6807,0.775,0.9515,3.2903,66.5,15.63,26.8,12.58,13.525
2025-03-28 20:00:00,20,34,34,3.0,6.0,24.0,1.0,0.0,1.0,13,11,17,3,20,3,20.067,375.0,216.0,520.0,20.067,4.0,11.48,roster,0,113.0,85.0,1.4125,122.59,6.0096,0.85,0.9582,3.3235,72.93,17.37,40.2,12.09,13.0
2025-03-28 21:00:00,21,35,35,2.0,6.0,24.0,3.0,0.0,1.0,9,7,19,2,21,2,21.067,369.0,168.0,578.0,21.067,4.0,11.48,roster,0,112.0,87.5,1.4737,113.55,4.7512,0.875,0.6098,3.2,75.08,18.23,26.8,13.44,14.45
2025-03-28 22:00:00,22,36,36,4.0,4.0,24.0,4.0,0.0,1.0,9,8,17,2,19,2,22.067,387.0,193.0,540.0,22.067,3.0,7.78,roster,0,116.0,90.0,1.8413,113.07,6.2133,0.9,1.0283,3.2222,77.22,16.5,26.8,12.56,13.5
2025-03-28 23:00:00,23,29,29,4.0,3.0,21.0,1.0,0.0,1.0,6,5,17,1,18,1,23.067,367.5,192.0,600.0,23.067,3.0,7.78,roster,0,97.0,72.5,1.4697,85.18,4.5746,0.725,0.6427,3.3448,62.2,15.63,13.4,13.95,15.0
2025-03-29 00:00:00,0,31,31,4.0,4.0,22.0,1.0,0.0,1.0,9,6,17,1,18,1,24.067,427.5,252.0,660.0,24.067,3.0,7.78,roster,0,104.0,77.5,1.5758,90.87,5.1873,0.775,0.7712,3.3548,66.5,15.63,13.4,15.34,16.5
2025-03-29 01:00:00,1,29,29,4.0,4.0,20.0,1.0,0.0,1.0,4,3,18,1,19,1,25.067,408.0,305.0,720.0,25.067,3.0,7.78,roster,0,98.0,72.5,1.5556,88.84,3.7531,0.725,0.3856,3.3793,62.2,16.5,13.4,16.74,18.0
2025-03-29 02:00:00,2,34,34,5.0,4.0,23.0,2.0,0.0,1.0,5,5,19,1,20,1,26.067,467.0,365.0,780.0,26.067,3.0,7.78,roster,0,114.0,85.0,1.9,101.83,5.0048,0.85,0.6427,3.3529,72.93,17.37,13.4,18.14,19.5
2025-03-29 03:00:00,3,33,33,5.0,4.0,23.0,1.0,0.0,1.0,3,2,21,1,22,1,27.067,509.5,313.0,815.0,27.067,3.0,7.78,roster,0,112.0,82.5,2.0741,102.24,3.6725,0.825,0.2571,3.3939,70.78,19.1,13.4,18.95,20.375
2025-03-29 04:00:00,4,37,37,5.0,4.0,27.0,1.0,0.0,1.0,5,5,21,1,22,1,28.067,569.5,373.0,875.0,28.067,3.0,7.78,roster,0,124.0,92.5,2.2963,112.21,5.2538,0.925,0.6427,3.3514,79.36,19.1,13.4,20.34,21.875
2025-03-29 05:00:00,5,35,35,5.0,4.0,24.0,2.0,0.0,1.0,1,1,21,1,22,1,29.067,629.5,433.0,935.0,29.067,3.0,7.78,roster,0,117.0,87.5,2.1667,109.32,3.3547,0.875,0.1285,3.3429,75.08,19.1,13.4,21.74,23.375
2025-03-29 06:00:00,6,35,35,5.0,5.0,23.0,2.0,0.0,1.0,3,2,21,1,22,1,30.067,689.5,493.0,995.0,30.067,3.0,7.78,roster,0,118.0,87.5,2.1852,110.71,3.8167,0.875,0.2571,3.3714,75.08,19.1,13.4,23.13,24.875
2025-03-29 07:00:00,7,33,33,5.0,4.0,23.0,1.0,0.0,1.0,1,1,21,1,22,1,31.067,749.5,553.0,1055.0,31.067,3.0,7.78,roster,0,112.0,82.5,2.0741,107.82,3.2362,0.825,0.1285,3.3939,70.78,19.1,13.4,24.53,26.375
2025-03-29 08:00:00,8,34,34,6.0,4.0,23.0,1.0,0.0,1.0,5,4,21,1,22,1,32.067,809.5,613.0,1115.0,32.067,3.0,6.5,roster,0,117.0,85.0,2.1667,111.36,5.0426,0.85,0.6154,3.4412,72.93,19.1,13.4,25.92,27.875
2025-03-29 09:00:00,9,33,33,7.0,4.0,20.0,2.0,0.0,1.0,7,7,18,2,20,2,23.25,847.0,669.0,1175.0,23.25,3.0,6.5,roster,0,115.0,82.5,1.9167,122.27,6.6279,0.825,1.0769,3.4848,70.78,17.37,26.8,27.32,29.375
2025-03-29 10:00:00,10,34,34,8.0,4.0,19.0,3.0,0.0,1.0,8,8,18,2,20,2,24.25,856.5,574.0,1235.0,24.25,4.0,9.75,roster,0,119.0,85.0,1.4875,125.81,5.8468,0.85,0.8205,3.5,72.93,17.37,26.8,28.71,30.875
2025-03-29 11:00:00,11,37,37,6.0,6.0,20.0,5.0,0.0,1.0,12,12,17,3,20,3,25.25,754.5,147.0,1244.0,25.25,4.0,9.75,roster,0,124.0,92.5,1.55,145.85,7.2247,0.925,1.2308,3.3514,79.36,17.37,40.2,28.92,31.1
2025-03-29 12:00:00,12,31,31,5.0,4.0,17.0,5.0,0.0,1.0,6,6,16,3,19,3,26.017,168.0,111.0,694.0,26.017,4.0,9.75,roster,0,102.0,77.5,1.2143,119.33,4.5748,0.775,0.6154,3.2903,66.5,16.5,40.2,16.14,17.35
2025-03-29 13:00:00,13,31,31,4.0,6.0,14.0,7.0,0.0,1.0,7,6,13,4,17,4,24.0,178.0,145.0,267.0,24.0,4.0,9.75,roster,0,100.0,77.5,1.087,121.06,4.4851,0.775,0.6154,3.2258,66.5,14.76,53.6,6.21,6.675
2025-03-29 14:00:00,14,34,34,3.0,4.0,18.0,9.0,0.0,1.0,11,11,11,4,15,4,25.0,221.0,132.0,271.0,25.0,4.0,9.75,roster,0,103.0,85.0,1.03,125.86,5.9928,0.85,1.1282,3.0294,72.93,13.02,53.6,6.3,6.775
2025-03-29 15:00:00,15,30,30,1.0,5.0,15.0,9.0,0.0,1.0,7,6,8,3,11,3,26.0,265.0,192.0,302.0,26.0,4.0,9.75,roster,0,88.0,75.0,0.7586,101.12,4.0051,0.75,0.6154,2.9333,64.35,9.55,40.2,7.02,7.55
2025-03-29 16:00:00,16,24,24,1.0,5.0,12.0,5.0,1.0,1.0,4,3,6,3,9,3,27.0,292.0,217.0,351.0,27.0,4.0,9.75,roster,0,72.0,60.0,0.5806,87.66,2.7231,0.6,0.3077,3.0,51.48,7.81,40.2,8.16,8.775
2025-03-29 17:00:00,17,21,21,2.0,6.0,7.0,5.0,1.0,1.0,9,8,4,3,7,3,28.0,352.0,248.0,422.0,28.0,4.0,9.75,roster,0,66.0,52.5,0.5,81.13,4.2288,0.525,0.8205,3.1429,45.04,6.08,40.2,9.81,10.55
2025-03-29 18:00:00,18,24,24,2.0,6.0,9.0,6.0,1.0,1.0,9,7,7,3,10,3,29.0,322.5,118.0,471.0,29.0,4.0,9.75,roster,0,74.0,60.0,0.6167,91.31,4.0637,0.6,0.7179,3.0833,51.48,8.68,40.2,10.95,11.775
2025-03-29 19:00:00,19,20,20,2.0,6.0,8.0,3.0,1.0,1.0,6,5,6,3,9,3,30.0,368.0,178.0,472.0,30.0,4.0,9.75,roster,0,65.0,50.0,0.5242,81.89,3.2917,0.5,0.5128,3.25,42.9,7.81,40.2,10.97,11.8
2025-03-29 20:00:00,20,24,24,1.0,6.0,12.0,4.0,1.0,1.0,11,11,4,3,7,3,31.0,457.0,238.0,602.0,31.0,4.0,9.9,roster,0,74.0,60.0,0.5606,91.75,5.2759,0.6,1.1111,3.0833,51.48,6.08,40.2,14.0,15.05
2025-03-29 21:00:00,21,28,28,1.0,6.0,14.0,6.0,1.0,1.0,8,8,9,3,12,3,32.0,213.5,92.0,592.0,32.0,4.0,9.9,roster,0,84.0,70.0,0.75,104.44,4.5242,0.7,0.8081,3.0,60.06,10.42,40.2,13.76,14.8
2025-03-29 22:00:00,22,28,28,2.0,6.0,13.0,6.0,1.0,1.0,6,6,10,3,13,3,33.0,189.0,141.0,577.0,33.0,3.0,6.65,roster,0,86.0,70.0,1.0617,104.96,4.9212,0.7,0.9023,3.0714,60.06,11.29,40.2,13.42,14.425
2025-03-29 23:00:00,23,34,34,2.0,7.0,16.0,8.0,1.0,1.0,12,9,11,3,14,3,34.0,233.0,185.0,637.0,34.0,3.0,6.65,roster,0,103.0,85.0,1.3205,120.1,6.675,0.85,1.3534,3.0294,72.93,12.16,40.2,14.81,15.925
2025-03-30 00:00:00,0,31,31,3.0,5.0,16.0,6.0,1.0,1.0,6,6,10,3,13,3,35.0,309.0,245.0,697.0,35.0,3.0,6.65,roster,0,96.0,77.5,1.1852,114.19,5.1941,0.775,0.9023,3.0968,66.5,11.29,40.2,16.21,17.425
2025-03-30 01:00:00,1,30,30,3.0,4.0,16.0,5.0,2.0,1.0,5,5,12,3,15,3,36.0,321.0,195.0,642.0,36.0,3.0,6.65,roster,0,91.0,75.0,1.2133,112.5,4.5557,0.75,0.7519,3.0333,64.35,13.02,40.2,14.93,16.05
2025-03-30 02:00:00,2,24,24,3.0,4.0,13.0,3.0,1.0,1.0,1,1,13,2,15,2,37.0,365.0,178.0,598.0,37.0,3.0,6.65,roster,0,77.0,60.0,1.0267,85.21,2.4075,0.6,0.1504,3.2083,51.48,13.02,26.8,13.9,14.95
2025-03-30 03:00:00,3,26,26,3.0,4.0,14.0,4.0,1.0,1.0,4,3,12,2,14,2,38.0,424.0,238.0,658.0,38.0,3.0,6.65,roster,0,82.0,65.0,1.0513,90.02,3.4728,0.65,0.4511,3.1538,55.77,12.16,26.8,15.3,16.45
2025-03-30 04:00:00,4,26,26,3.0,4.0,13.0,5.0,1.0,1.0,2,2,13,2,15,2,39.0,483.0,250.0,718.0,39.0,3.0,6.65,roster,0,81.0,65.0,1.08,92.29,2.962,0.65,0.3008,3.1154,55.77,13.02,26.8,16.69,17.95
2025-03-30 05:00:00,5,25,25,4.0,4.0,13.0,3.0,1.0,1.0,2,2,13,2,15,2,40.0,508.0,302.0,778.0,40.0,3.0,6.65,roster,0,82.0,62.5,1.0933,91.54,3.0365,0.625,0.3008,3.28,53.62,13.02,26.8,18.09,19.45
2025-03-30 06:00:00,6,26,26,4.0,4.0,14.0,3.0,1.0,1.0,2,2,13,3,16,3,41.0,531.5,362.0,838.0,41.0,3.0,6.65,roster,0,85.0,65.0,1.1806,109.35,3.1082,0.65,0.3008,3.2692,55.77,13.89,40.2,19.48,20.95
2025-03-30 07:00:00,7,27,27,4.0,4.0,15.0,3.0,1.0,1.0,4,3,14,2,16,2,34.25,516.5,415.0,692.0,21.033,3.0,6.65,roster,0,88.0,67.5,1.2222,94.7,3.6703,0.675,0.4511,3.2593,57.92,13.89,26.8,16.09,17.3
2025-03-30 08:00:00,8,24,24,3.0,3.0,14.0,3.0,1.0,1.0,3,3,14,2,16,2,35.25,514.0,345.0,725.0,22.033,3.0,6.67,roster,0,76.0,60.0,1.0556,89.03,3.3243,0.6,0.4498,3.1667,51.48,13.89,26.8,16.86,18.125
2025-03-30 09:00:00,9,29,29,3.0,3.0,13.0,8.0,2.0,1.0,6,6,14,2,16,2,36.25,574.0,405.0,785.0,23.033,3.0,6.67,roster,0,84.0,72.5,1.1667,101.15,4.7056,0.725,0.8996,2.8966,62.2,13.89,26.8,18.25,19.625
2025-03-30 10:00:00,10,29,29,3.0,3.0,14.0,7.0,2.0,1.0,5,5,14,2,16,2,37.25,634.0,465.0,845.0,24.033,4.0,9.92,roster,0,85.0,72.5,0.8854,102.54,3.6023,0.725,0.504,2.931,62.2,13.89,26.8,19.65,21.125
2025-03-30 11:00:00,11,24,24,4.0,2.0,12.0,5.0,1.0,1.0,9,9,10,2,12,2,38.25,666.0,466.0,905.0,25.033,4.0,9.92,roster,0,75.0,60.0,0.6696,89.74,4.7102,0.6,0.9073,3.125,51.48,10.42,26.8,21.04,22.625
2025-03-30 12:00:00,12,31,31,4.0,2.0,17.0,7.0,1.0,1.0,12,12,11,3,14,3,39.25,718.5,415.0,928.0,26.033,4.0,9.92,roster,0,94.0,77.5,0.9038,120.43,6.0181,0.775,1.2097,3.0323,66.5,12.16,40.2,21.58,23.2
2025-03-30 13:00:00,13,30,30,4.0,2.0,18.0,5.0,1.0,1.0,7,4,12,3,15,3,40.25,586.0,167.0,915.0,27.033,4.0,9.92,roster,0,93.0,75.0,0.93,118.85,3.575,0.75,0.4032,3.1,64.35,13.02,40.2,21.27,22.875
2025-03-30 14:00:00,14,35,35,3.0,3.0,22.0,6.0,1.0,1.0,10,9,13,3,16,3,28.033,548.5,188.0,975.0,28.033,4.0,9.92,roster,0,106.0,87.5,1.1042,131.84,5.3977,0.875,0.9073,3.0286,75.08,13.89,40.2,22.67,24.375
2025-03-30 15:00:00,15,28,28,3.0,2.0,18.0,4.0,1.0,1.0,6,5,13,3,16,3,29.033,608.5,248.0,1035.0,29.033,4.0,9.92,roster,0,86.0,70.0,0.8958,118.22,3.6981,0.7,0.504,3.0714,60.06,13.89,40.2,24.06,25.875
2025-03-30 16:00:00,16,30,30,3.0,2.0,18.0,6.0,1.0,1.0,8,8,13,3,16,3,30.033,605.0,293.0,1095.0,30.033,4.0,9.92,roster,0,90.0,75.0,0.9375,123.9,4.6694,0.75,0.8065,3.0,64.35,13.89,40.2,25.46,27.375
2025-03-30 17:00:00,17,37,37,4.0,3.0,25.0,4.0,1.0,1.0,12,12,13,3,16,3,31.033,665.0,353.0,1155.0,31.033,4.0,9.92,roster,0,116.0,92.5,1.2083,140.31,6.6925,0.925,1.2097,3.1351,79.36,13.89,40.2,26.85,28.875
2025-03-30 18:00:00,18,37,37,4.0,5.0,24.0,3.0,1.0,1.0,13,10,13,3,16,3,32.033,725.0,413.0,1215.0,32.033,4.0,9.92,roster,0,119.0,92.5,1.2396,141.71,6.2172,0.925,1.0081,3.2162,79.36,13.89,40.2,28.25,30.375
2025-03-30 19:00:00,19,34,34,3.0,7.0,22.0,1.0,1.0,1.0,6,5,14,3,17,3,33.033,735.0,296.0,1135.0,33.033,4.0,9.92,roster,0,112.0,85.0,1.2174,134.28,4.4603,0.85,0.504,3.2941,72.93,14.76,40.2,26.39,28.375
2025-03-30 20:00:00,20,28,28,3.0,5.0,18.0,1.0,1.0,1.0,6,5,14,3,17,3,34.033,795.0,356.0,1195.0,34.033,4.0,10.56,roster,0,92.0,70.0,1.0,122.8,3.8557,0.7,0.4735,3.2857,60.06,14.76,40.2,27.78,29.875
2025-03-30 21:00:00,21,31,31,3.0,4.0,21.0,1.0,2.0,1.0,10,7,15,3,18,3,35.033,731.5,240.0,1255.0,35.033,4.0,10.56,roster,0,98.0,77.5,1.1136,131.5,4.5456,0.775,0.6629,3.1613,66.5,15.63,40.2,29.18,31.375
2025-03-30 22:00:00,22,34,34,3.0,7.0,22.0,1.0,1.0,1.0,9,9,17,3,20,3,36.033,660.5,284.0,1315.0,36.033,3.0,7.31,roster,0,112.0,85.0,1.8667,141.07,6.8557,0.85,1.2312,3.2941,72.93,17.37,40.2,30.57,32.875
2025-03-30 23:00:00,23,39,39,3.0,8.0,26.0,1.0,1.0,1.0,12,10,17,4,21,4,37.033,713.0,317.0,1186.0,37.033,3.0,7.31,roster,0,128.0,97.5,2.2456,163.06,7.6898,0.975,1.368,3.2821,83.66,18.23,53.6,27.57,29.65
2025-03-31 00:00:00,0,36,36,3.0,7.0,24.0,1.0,1.0,1.0,8,6,20,4,24,4,38.033,636.0,254.0,1246.0,38.033,3.0,7.31,roster,0,118.0,90.0,2.4583,160.63,5.6404,0.9,0.8208,3.2778,77.22,20.84,53.6,28.97,31.15
2025-03-31 01:00:00,1,36,36,3.0,9.0,22.0,1.0,1.0,1.0,7,6,22,4,26,4,39.033,568.0,256.0,1222.0,39.033,3.0,7.31,roster,0,120.0,90.0,2.8571,161.81,5.736,0.9,0.8208,3.3333,77.22,22.58,53.6,28.41,30.55
2025-03-31 02:00:00,2,32,32,3.0,9.0,18.0,2.0,0.0,1.0,2,2,23,4,27,4,40.033,540.0,241.0,1282.0,40.033,3.0,7.31,roster,0,109.0,80.0,2.7949,155.49,3.6569,0.8,0.2736,3.4062,68.64,23.44,53.6,29.81,32.05
2025-03-31 03:00:00,3,30,30,3.0,9.0,17.0,1.0,0.0,1.0,1,1,23,4,27,4,41.033,600.0,301.0,1342.0,41.033,3.0,7.31,roster,0,104.0,75.0,2.6667,152.6,3.0742,0.75,0.1368,3.4667,64.35,23.44,53.6,31.2,33.55
2025-03-31 04:00:00,4,29,29,3.0,8.0,17.0,1.0,0.0,1.0,0,0,23,4,27,4,42.033,660.0,361.0,1402.0,42.033,3.0,7.31,roster,0,100.0,72.5,2.5641,151.85,2.5,0.725,0.0,3.4483,62.2,23.44,53.6,32.6,35.05
2025-03-31 05:00:00,5,30,30,3.0,9.0,17.0,1.0,0.0,1.0,3,2,23,4,27,4,43.033,720.0,421.0,1462.0,43.033,3.0,7.31,roster,0,104.0,75.0,2.6667,155.39,3.5485,0.75,0.2736,3.4667,64.35,23.44,53.6,33.99,36.55
2025-03-31 06:00:00,6,31,31,3.0,9.0,18.0,1.0,0.0,1.0,1,1,23,4,27,4,44.033,780.0,481.0,1522.0,44.033,3.0,7.31,roster,0,107.0,77.5,2.7436,158.93,3.1472,0.775,0.1368,3.4516,66.5,23.44,53.6,35.39,38.05
2025-03-31 07:00:00,7,33,33,3.0,10.0,19.0,1.0,0.0,1.0,3,3,23,4,27,4,45.033,840.0,541.0,1582.0,45.033,3.0,7.31,roster,0,114.0,82.5,2.9231,164.61,4.2677,0.825,0.4104,3.4545,70.78,23.44,53.6,36.78,39.55
2025-03-31 08:00:00,8,33,33,3.0,9.0,20.0,1.0,0.0,1.0,2,2,23,4,27,4,46.033,900.0,601.0,1642.0,46.033,3.0,6.57,roster,0,113.0,82.5,2.8974,166.01,3.8674,0.825,0.3044,3.4242,70.78,23.44,53.6,38.18,41.05
2025-03-31 09:00:00,9,34,34,3.0,9.0,21.0,1.0,0.0,1.0,3,2,22,4,26,4,47.033,952.0,661.0,1702.0,47.033,3.0,6.57,roster,0,116.0,85.0,2.7619,168.68,3.9386,0.85,0.3044,3.4118,72.93,22.58,53.6,39.57,42.55
2025-03-31 10:00:00,10,41,41,4.0,9.0,27.0,1.0,0.0,1.0,12,11,20,4,24,4,48.033,1012.0,796.0,1762.0,48.033,4.0,10.27,roster,0,139.0,102.5,2.1719,183.35,7.1062,1.025,1.0711,3.3902,87.94,20.84,53.6,40.97,44.05
2025-03-31 11:00:00,11,43,43,3.0,11.0,28.0,1.0,0.0,1.0,8,8,19,5,24,5,49.033,1035.5,749.0,1695.0,49.033,4.0,10.27,roster,0,145.0,107.5,2.2656,199.48,6.2518,1.075,0.779,3.3721,92.24,20.84,67.0,39.41,42.375
2025-03-31 12:00:00,12,45,45,3.0,13.0,28.0,1.0,0.0,1.0,13,13,19,6,25,6,50.033,916.0,693.0,1493.0,50.033,4.0,10.27,roster,0,153.0,112.5,2.55,213.34,8.1288,1.125,1.2658,3.4,96.52,21.71,80.4,34.71,37.325
2025-03-31 13:00:00,13,49,49,4.0,15.0,29.0,1.0,0.0,1.0,7,8,24,7,31,7,51.033,869.0,151.0,1456.0,51.033,4.0,10.27,roster,0,169.0,122.5,4.6944,239.67,6.9116,1.225,0.779,3.449,105.1,26.92,93.8,33.85,36.4
2025-03-31 14:00:00,14,52,52,4.0,15.0,32.0,1.0,0.0,1.0,7,7,22,8,30,8,52.033,843.0,157.0,1244.0,52.033,4.0,10.27,roster,0,178.0,130.0,4.45,253.71,6.7832,1.3,0.6816,3.4231,111.54,26.05,107.2,28.92,31.1
2025-03-31 15:00:00,15,51,51,4.0,14.0,33.0,0.0,0.0,1.0,7,6,20,8,28,8,53.033,326.0,209.0,1096.0,53.033,4.0,10.27,roster,0,175.0,127.5,3.6458,246.39,6.3797,1.275,0.5842,3.4314,109.39,24.31,107.2,25.48,27.4
2025-03-31 16:00:00,16,44,44,3.0,8.0,32.0,1.0,0.0,1.0,5,5,18,6,24,6,35.367,361.0,269.0,1081.0,35.367,4.0,10.27,roster,0,145.0,110.0,2.2656,200.75,5.2294,1.1,0.4869,3.2955,94.38,20.84,80.4,25.13,27.025
2025-03-31 17:00:00,17,43,43,3.0,9.0,30.0,1.0,0.0,1.0,10,9,19,6,25,6,36.367,409.0,308.0,1109.0,36.367,4.0,10.27,roster,0,143.0,107.5,2.3833,200.13,6.4893,1.075,0.8763,3.3256,92.24,21.71,80.4,25.78,27.725
2025-03-31 18:00:00,18,44,44,3.0,11.0,30.0,0.0,0.0,1.0,7,8,24,6,30,6,37.367,405.0,133.0,1119.0,37.367,4.0,10.27,roster,0,149.0,110.0,3.725,206.85,6.3629,1.1,0.779,3.3864,94.38,26.05,80.4,26.02,27.975
2025-03-31 19:00:00,19,42,42,2.0,13.0,27.0,0.0,0.0,1.0,3,4,24,5,29,5,31.883,457.0,193.0,1173.0,31.883,4.0,10.27,roster,0,143.0,105.0,3.25,189.54,4.9011,1.05,0.3895,3.4048,90.09,25.18,67.0,27.27,29.325
2025-03-31 20:00:00,20,42,42,3.0,11.0,28.0,0.0,0.0,1.0,8,8,19,5,24,5,22.017,513.0,241.0,642.0,22.017,4.0,11.48,roster,0,143.0,105.0,2.2344,172.86,5.9477,1.05,0.6969,3.4048,90.09,20.84,67.0,14.93,16.05
2025-03-31 21:00:00,21,41,41,3.0,9.0,29.0,0.0,0.0,1.0,9,8,19,5,24,5,23.017,558.5,285.0,670.0,23.017,4.0,11.48,roster,0,138.0,102.5,2.1562,171.36,5.7955,1.025,0.6969,3.3659,87.94,20.84,67.0,15.58,16.75
2025-03-31 22:00:00,22,33,33,3.0,10.0,20.0,0.0,0.0,1.0,3,3,17,5,22,5,24.017,633.0,345.0,730.0,24.017,3.0,7.78,roster,0,115.0,82.5,2.1296,153.86,4.2188,0.825,0.3856,3.4848,70.78,19.1,67.0,16.97,18.25
2025-03-31 23:00:00,23,37,37,3.0,13.0,21.0,0.0,0.0,1.0,8,7,18,5,23,5,25.017,689.0,401.0,790.0,25.017,3.0,7.78,roster,0,130.0,92.5,2.549,164.7,6.4113,0.925,0.8997,3.5135,79.36,19.97,67.0,18.37,19.75
