ts,hour,total,census,l1,l2,l3,l4,l5,tri_coverage,arrivals,arrival_present_1h,waitBed,waitICU,D_board,resus,maxLOS_h,awt_curr_min,board_q1_min,board_q3_min,board_max_h,Na,cap_sum,cap_source,src_gap,acuity,OCCUPANCY,EDWIN,NEDOCS,READI,READI_BR,READI_PR,READI_AR,NEDOCS_t_total,NEDOCS_t_board,NEDOCS_t_resus,NEDOCS_t_longest_admit,NEDOCS_E_h
2023-05-01 00:00:00,0,37,37,1.0,6.0,30.0,0.0,0.0,1.0,15,11,8,0,8,0,20.583,349.0,287.0,508.0,8.65,3.0,7.21,roster,0,119.0,92.5,1.2396,78.12,7.8818,0.925,1.5257,3.2162,79.36,6.95,0.0,11.81,12.7
2023-05-01 01:00:00,1,35,35,1.0,6.0,25.0,3.0,0.0,1.0,6,7,10,1,11,1,21.583,347.0,105.0,517.0,9.65,3.0,7.21,roster,0,110.0,87.5,1.2644,90.05,5.8013,0.875,0.9709,3.1429,75.08,9.55,13.4,12.02,12.925
2023-05-01 02:00:00,2,27,27,1.0,5.0,19.0,2.0,0.0,1.0,4,4,10,1,11,1,22.583,407.0,128.0,577.0,10.65,3.0,7.21,roster,0,86.0,67.5,0.9885,74.28,3.9171,0.675,0.5548,3.1852,57.92,9.55,13.4,13.42,14.425
2023-05-01 03:00:00,3,26,26,1.0,4.0,20.0,1.0,0.0,1.0,6,3,10,0,10,0,23.583,470.5,225.0,637.0,11.65,3.0,7.21,roster,0,83.0,65.0,0.9222,59.26,3.4033,0.65,0.4161,3.1923,55.77,8.68,0.0,14.81,15.925
2023-05-01 04:00:00,4,26,26,1.0,4.0,20.0,1.0,0.0,1.0,2,2,10,0,10,0,24.583,530.5,285.0,697.0,12.65,3.0,7.21,roster,0,83.0,65.0,0.9222,60.66,2.9605,0.65,0.2774,3.1923,55.77,8.68,0.0,16.21,17.425
2023-05-01 05:00:00,5,25,25,1.0,4.0,20.0,0.0,0.0,1.0,1,1,11,0,11,0,25.583,587.0,302.0,757.0,13.65,3.0,7.21,roster,0,81.0,62.5,0.931,60.78,2.4744,0.625,0.1387,3.24,53.62,9.55,0.0,17.6,18.925
2023-05-01 06:00:00,6,26,26,1.0,4.0,21.0,0.0,0.0,1.0,2,2,12,0,12,0,26.583,608.0,362.0,817.0,14.65,3.0,7.21,roster,0,84.0,65.0,1.0,65.18,2.9962,0.65,0.2774,3.2308,55.77,10.42,0.0,19.0,20.425
2023-05-01 07:00:00,7,22,22,1.0,4.0,16.0,0.0,1.0,1.0,3,3,12,0,12,0,27.583,668.0,422.0,877.0,15.65,3.0,7.21,roster,0,70.0,55.0,0.8333,58.0,3.0739,0.55,0.4161,3.1818,47.19,10.42,0.0,20.39,21.925
2023-05-01 08:00:00,8,29,29,1.0,6.0,20.0,2.0,0.0,1.0,9,8,12,0,12,0,28.583,728.0,482.0,937.0,16.65,3.0,6.35,roster,0,93.0,72.5,1.1071,74.41,6.3652,0.725,1.2598,3.2069,62.2,10.42,0.0,21.79,23.425
2023-05-01 09:00:00,9,32,32,2.0,6.0,23.0,1.0,0.0,1.0,11,9,15,0,15,0,29.583,542.0,115.0,834.0,17.65,3.0,6.35,roster,0,105.0,80.0,1.4,81.06,7.2756,0.8,1.4173,3.2812,68.64,13.02,0.0,19.39,20.85
2023-05-01 10:00:00,10,38,38,2.0,6.0,26.0,3.0,1.0,1.0,19,15,14,0,14,0,30.583,287.5,139.0,809.0,17.617,4.0,9.71,roster,0,119.0,95.0,1.1442,92.48,7.8127,0.95,1.5448,3.1316,81.51,12.16,0.0,18.81,20.225
2023-05-01 11:00:00,11,31,31,1.0,5.0,22.0,2.0,1.0,1.0,10,7,14,0,14,0,31.583,272.0,135.0,705.0,18.617,4.0,9.71,roster,0,96.0,77.5,0.9231,75.04,4.6325,0.775,0.7209,3.0968,66.5,12.16,0.0,16.39,17.625
2023-05-01 12:00:00,12,28,28,2.0,4.0,21.0,1.0,0.0,1.0,9,8,9,0,9,0,32.583,279.0,195.0,709.0,16.783,4.0,9.71,roster,0,91.0,70.0,0.7339,64.36,4.9527,0.7,0.8239,3.25,60.06,7.81,0.0,16.48,17.725
2023-05-01 13:00:00,13,24,24,2.0,3.0,18.0,1.0,0.0,1.0,7,7,9,1,10,1,25.7,325.5,233.0,769.0,17.783,4.0,9.71,roster,0,78.0,60.0,0.65,71.44,4.2929,0.6,0.7209,3.25,51.48,8.68,13.4,17.88,19.225
2023-05-01 14:00:00,14,30,30,2.0,4.0,22.0,2.0,0.0,1.0,13,12,7,1,8,1,26.7,482.5,315.0,885.0,18.783,4.0,9.71,roster,0,96.0,75.0,0.75,85.27,6.3547,0.75,1.2358,3.2,64.35,6.95,13.4,20.58,22.125
2023-05-01 15:00:00,15,29,29,2.0,5.0,21.0,1.0,0.0,1.0,10,9,7,1,8,1,27.7,417.0,353.0,889.0,15.75,4.0,9.71,roster,0,95.0,72.5,0.7422,83.22,5.4113,0.725,0.9269,3.2759,62.2,6.95,13.4,20.67,22.225
2023-05-01 16:00:00,16,31,31,2.0,6.0,21.0,1.0,1.0,1.0,10,10,8,1,9,1,28.7,435.0,286.0,686.0,16.75,4.0,9.71,roster,0,100.0,77.5,0.8065,83.66,5.8221,0.775,1.0299,3.2258,66.5,7.81,13.4,15.95,17.15
2023-05-01 17:00:00,17,30,30,1.0,7.0,21.0,1.0,0.0,1.0,11,8,10,1,11,1,29.7,473.0,139.0,746.0,17.75,4.0,9.71,roster,0,98.0,75.0,0.8448,84.65,5.1414,0.75,0.8239,3.2667,64.35,9.55,13.4,17.34,18.65
2023-05-01 18:00:00,18,32,32,1.0,6.0,24.0,1.0,0.0,1.0,12,11,9,3,12,3,18.75,469.5,199.0,806.0,18.75,4.0,9.71,roster,0,103.0,80.0,0.9196,118.0,6.2214,0.8,1.1329,3.2188,68.64,10.42,40.2,18.74,20.15
2023-05-01 19:00:00,19,30,30,0.0,6.0,23.0,1.0,0.0,1.0,10,9,11,2,13,2,19.75,358.0,145.0,699.0,19.75,4.0,9.71,roster,0,95.0,75.0,0.8796,98.69,5.3101,0.75,0.9269,3.1667,64.35,11.29,26.8,16.25,17.475
2023-05-01 20:00:00,20,27,27,0.0,7.0,20.0,0.0,0.0,1.0,8,7,12,2,14,2,20.75,368.5,194.0,759.0,20.75,4.0,10.27,roster,0,88.0,67.5,0.8462,94.52,4.4215,0.675,0.6816,3.2593,57.92,12.16,26.8,17.65,18.975
2023-05-01 21:00:00,21,22,22,0.0,6.0,15.0,1.0,0.0,1.0,3,2,12,1,13,1,21.75,478.0,254.0,819.0,21.75,4.0,10.27,roster,0,71.0,55.0,0.6574,70.92,2.4035,0.55,0.1947,3.2273,47.19,11.29,13.4,19.04,20.475
2023-05-01 22:00:00,22,26,26,0.0,7.0,18.0,1.0,0.0,1.0,10,8,12,0,12,0,22.75,655.5,403.0,1046.0,22.75,3.0,6.91,roster,0,84.0,65.0,1.0,70.51,5.8404,0.65,1.1577,3.2308,55.77,10.42,0.0,24.32,26.15
2023-05-01 23:00:00,23,28,28,0.0,6.0,21.0,1.0,0.0,1.0,10,8,12,0,12,0,23.75,715.5,463.0,1106.0,23.75,3.0,6.91,roster,0,89.0,70.0,1.0595,76.19,5.905,0.7,1.1577,3.1786,60.06,10.42,0.0,25.71,27.65
2023-05-02 00:00:00,0,33,33,0.0,8.0,24.0,1.0,0.0,1.0,9,8,13,1,14,1,24.75,608.5,367.0,999.0,24.75,3.0,6.91,roster,0,106.0,82.5,1.359,99.57,6.3688,0.825,1.1577,3.2121,70.78,12.16,13.4,23.23,24.975
2023-05-02 01:00:00,1,35,35,0.0,7.0,25.0,3.0,0.0,1.0,6,6,14,1,15,1,25.75,619.0,333.0,1059.0,25.75,3.0,6.91,roster,0,109.0,87.5,1.4533,106.12,5.4292,0.875,0.8683,3.1143,75.08,13.02,13.4,24.62,26.475
2023-05-02 02:00:00,2,27,27,0.0,7.0,18.0,2.0,0.0,1.0,3,2,14,0,14,0,26.75,728.5,487.0,1119.0,26.75,3.0,6.91,roster,0,86.0,67.5,1.1026,76.09,3.0719,0.675,0.2894,3.1852,57.92,12.16,0.0,26.02,27.975
2023-05-02 03:00:00,3,29,29,0.0,7.0,21.0,1.0,0.0,1.0,7,6,14,0,14,0,27.75,788.5,547.0,1179.0,27.75,3.0,6.91,roster,0,93.0,72.5,1.1923,81.77,5.1096,0.725,0.8683,3.2069,62.2,12.16,0.0,27.41,29.475
2023-05-02 04:00:00,4,30,30,0.0,7.0,20.0,3.0,0.0,1.0,6,5,16,0,16,0,28.75,781.0,513.0,1239.0,28.75,3.0,6.91,roster,0,94.0,75.0,1.3056,87.05,4.6172,0.75,0.7236,3.1333,64.35,13.89,0.0,28.81,30.975
2023-05-02 05:00:00,5,24,24,0.0,7.0,16.0,1.0,0.0,1.0,0,0,14,0,14,0,29.75,908.5,667.0,1299.0,29.75,3.0,6.91,roster,0,78.0,60.0,1.0,73.84,1.95,0.6,0.0,3.25,51.48,12.16,0.0,30.2,32.475
2023-05-02 06:00:00,6,25,25,0.0,7.0,17.0,1.0,0.0,1.0,1,1,14,0,14,0,30.75,968.5,727.0,1359.0,30.75,3.0,6.91,roster,0,81.0,62.5,1.0385,77.38,2.4939,0.625,0.1447,3.24,53.62,12.16,0.0,31.6,33.975
2023-05-02 07:00:00,7,29,29,0.0,8.0,20.0,1.0,0.0,1.0,6,5,14,0,14,0,31.75,1028.5,787.0,1419.0,31.75,3.0,6.91,roster,0,94.0,72.5,1.2051,87.35,4.6954,0.725,0.7236,3.2414,62.2,12.16,0.0,32.99,35.475
2023-05-02 08:00:00,8,33,33,0.0,9.0,22.0,2.0,0.0,1.0,7,6,17,0,17,0,32.75,1003.0,591.0,1395.0,32.75,3.0,7.01,roster,0,106.0,82.5,1.5362,97.98,5.3993,0.825,0.8559,3.2121,70.78,14.76,0.0,32.43,34.875
2023-05-02 09:00:00,9,40,40,0.0,9.0,27.0,4.0,0.0,1.0,13,10,17,1,18,1,33.75,1003.5,584.0,1455.0,33.75,3.0,7.01,roster,0,125.0,100.0,1.8939,128.66,7.5829,1.0,1.4265,3.125,85.8,15.63,13.4,33.83,36.375
2023-05-02 10:00:00,10,49,49,1.0,11.0,33.0,4.0,0.0,1.0,14,15,17,1,18,1,34.75,1063.5,644.0,1515.0,34.75,4.0,10.26,roster,0,156.0,122.5,1.7727,149.36,8.5545,1.225,1.462,3.1837,105.1,15.63,13.4,35.22,37.875
2023-05-02 11:00:00,11,55,55,2.0,12.0,34.0,7.0,0.0,1.0,16,16,15,3,18,3,30.433,899.0,185.0,1318.0,30.433,4.0,10.26,roster,0,174.0,137.5,1.9773,184.45,9.2835,1.375,1.5595,3.1636,117.98,15.63,40.2,30.64,32.95
2023-05-02 12:00:00,12,51,51,2.0,11.0,33.0,5.0,0.0,1.0,11,11,16,4,20,4,31.433,209.5,113.0,1087.0,31.433,4.0,10.26,roster,0,163.0,127.5,2.0375,185.63,7.5016,1.275,1.0721,3.1961,109.39,17.37,53.6,25.27,27.175
2023-05-02 13:00:00,13,54,54,2.0,10.0,36.0,6.0,0.0,1.0,15,14,20,4,24,4,32.433,180.5,134.0,824.0,32.433,4.0,10.26,roster,0,170.0,135.0,2.6562,189.43,8.5457,1.35,1.3645,3.1481,115.83,20.84,53.6,19.16,20.6
2023-05-02 14:00:00,14,46,46,3.0,10.0,27.0,6.0,0.0,1.0,7,7,19,4,23,4,33.433,233.0,137.0,455.0,33.433,4.0,10.26,roster,0,148.0,115.0,2.1765,162.82,5.8951,1.15,0.6823,3.2174,98.67,19.97,53.6,10.58,11.375
2023-05-02 15:00:00,15,55,55,4.0,9.0,36.0,6.0,0.0,1.0,13,13,20,5,25,5,34.433,244.0,160.0,354.0,34.433,4.0,10.26,roster,0,176.0,137.5,2.9333,194.91,8.4546,1.375,1.2671,3.2,117.98,21.71,67.0,8.23,8.85
2023-05-02 16:00:00,16,55,55,4.0,7.0,37.0,7.0,0.0,1.0,9,10,22,4,26,4,35.433,254.0,135.0,358.0,35.433,4.0,10.26,roster,0,173.0,137.5,3.0893,182.47,7.3907,1.375,0.9747,3.1455,117.98,22.58,53.6,8.32,8.95
2023-05-02 17:00:00,17,61,61,3.0,7.0,45.0,6.0,0.0,1.0,13,13,23,4,27,4,36.433,280.0,147.0,406.0,36.433,4.0,10.26,roster,0,190.0,152.5,3.6538,197.33,8.6966,1.525,1.2671,3.1148,130.84,23.44,53.6,9.44,10.15
2023-05-02 18:00:00,18,61,61,3.0,6.0,48.0,4.0,0.0,1.0,8,8,25,4,29,4,37.433,337.0,203.0,434.0,37.433,4.0,10.26,roster,0,191.0,152.5,4.3409,199.72,7.2164,1.525,0.7797,3.1311,130.84,25.18,53.6,10.09,10.85
2023-05-02 19:00:00,19,57,57,2.0,6.0,42.0,7.0,0.0,1.0,12,12,23,4,27,4,38.433,323.0,240.0,526.0,38.433,4.0,10.26,roster,0,174.0,142.5,3.3462,191.54,7.9203,1.425,1.1696,3.0526,122.26,23.44,53.6,12.23,13.15
2023-05-02 20:00:00,20,60,60,2.0,7.0,44.0,7.0,0.0,1.0,8,8,24,4,28,4,39.433,379.0,300.0,586.0,39.433,4.0,11.64,roster,0,184.0,150.0,3.8333,200.24,6.7077,1.5,0.6873,3.0667,128.7,24.31,53.6,13.62,14.65
2023-05-02 21:00:00,21,59,59,2.0,6.0,46.0,5.0,0.0,1.0,8,8,25,4,29,4,40.433,435.0,338.0,614.0,40.433,4.0,11.64,roster,0,182.0,147.5,4.1364,199.61,6.6701,1.475,0.6873,3.0847,126.56,25.18,53.6,14.28,15.35
2023-05-02 22:00:00,22,56,56,1.0,6.0,44.0,5.0,0.0,1.0,10,10,27,2,29,2,41.433,495.0,362.0,674.0,41.433,3.0,8.39,roster,0,171.0,140.0,5.1818,167.77,7.9145,1.4,1.1919,3.0536,120.12,25.18,26.8,15.67,16.85
2023-05-02 23:00:00,23,50,50,1.0,6.0,39.0,4.0,0.0,1.0,7,6,29,2,31,2,42.433,545.0,376.0,734.0,42.433,3.0,8.39,roster,0,154.0,125.0,5.7037,158.03,6.0526,1.25,0.7151,3.08,107.25,26.92,26.8,17.07,18.35
2023-05-03 00:00:00,0,51,51,1.0,7.0,39.0,4.0,0.0,1.0,9,5,29,2,31,2,43.433,605.0,436.0,794.0,43.433,3.0,8.39,roster,0,158.0,127.5,5.8519,161.57,5.7963,1.275,0.5959,3.098,109.39,26.92,26.8,18.46,19.85
2023-05-03 01:00:00,1,46,46,1.0,9.0,33.0,3.0,0.0,1.0,3,3,29,3,32,3,44.433,646.0,496.0,854.0,44.433,3.0,8.39,roster,0,146.0,115.0,6.0833,166.51,4.7849,1.15,0.3576,3.1739,98.67,27.79,40.2,19.86,21.35
2023-05-03 02:00:00,2,47,47,1.0,9.0,34.0,3.0,0.0,1.0,5,3,29,3,32,3,45.433,706.0,556.0,914.0,45.433,3.0,8.39,roster,0,149.0,117.5,6.2083,170.05,4.8586,1.175,0.3576,3.1702,100.82,27.79,40.2,21.25,22.85
2023-05-03 03:00:00,3,40,40,1.0,8.0,28.0,3.0,0.0,1.0,1,0,28,3,31,3,46.433,785.0,616.0,974.0,46.433,3.0,8.39,roster,0,127.0,100.0,4.7037,155.56,3.175,1.0,0.0,3.175,85.8,26.92,40.2,22.65,24.35
2023-05-03 04:00:00,4,42,42,1.0,9.0,29.0,3.0,0.0,1.0,4,3,28,3,31,3,47.433,845.0,676.0,1034.0,47.433,3.0,8.39,roster,0,134.0,105.0,4.963,161.25,4.4908,1.05,0.3576,3.1905,90.09,26.92,40.2,24.04,25.85
2023-05-03 05:00:00,5,45,45,1.0,9.0,32.0,3.0,0.0,1.0,4,4,29,3,32,3,48.433,886.0,736.0,1094.0,48.433,3.0,8.39,roster,0,143.0,112.5,5.9583,169.95,5.09,1.125,0.4768,3.1778,96.52,27.79,40.2,25.44,27.35
2023-05-03 06:00:00,6,44,44,2.0,8.0,31.0,3.0,0.0,1.0,2,2,29,3,32,3,49.433,946.0,796.0,1154.0,49.433,3.0,8.39,roster,0,141.0,110.0,5.875,169.2,4.2889,1.1,0.2384,3.2045,94.38,27.79,40.2,26.83,28.85
2023-05-03 07:00:00,7,47,47,2.0,7.0,35.0,3.0,0.0,1.0,7,6,31,3,34,3,50.433,985.0,774.0,1167.0,50.433,3.0,8.39,roster,0,149.0,117.5,8.2778,177.67,5.9921,1.175,0.7151,3.1702,100.82,29.52,40.2,27.13,29.175
2023-05-03 08:00:00,8,48,48,2.0,7.0,36.0,3.0,0.0,1.0,4,3,33,3,36,3,51.433,1039.5,737.0,1227.0,51.433,3.0,6.35,roster,0,152.0,120.0,12.6667,182.95,5.2961,1.2,0.4724,3.1667,102.96,31.26,40.2,28.53,30.675
2023-05-03 09:00:00,9,47,47,2.0,5.0,37.0,3.0,0.0,1.0,4,4,30,3,33,3,52.433,1096.0,797.0,1281.0,52.433,3.0,6.35,roster,0,147.0,117.5,7.0,179.45,5.6452,1.175,0.6299,3.1277,100.82,28.65,40.2,29.78,32.025
2023-05-03 10:00:00,10,43,43,1.0,4.0,35.0,3.0,0.0,1.0,7,7,26,3,29,3,53.433,1140.0,790.0,1300.0,53.433,4.0,9.6,roster,0,132.0,107.5,3.0,167.84,5.5384,1.075,0.7292,3.0698,92.24,25.18,40.2,30.22,32.5
2023-05-03 11:00:00,11,40,40,1.0,2.0,35.0,2.0,0.0,1.0,8,9,22,4,26,4,54.433,1068.5,357.0,1357.0,54.433,4.0,9.6,roster,0,122.0,100.0,2.1786,173.53,5.9094,1.0,0.9375,3.05,85.8,22.58,53.6,31.55,33.925
2023-05-03 12:00:00,12,45,45,1.0,4.0,36.0,3.0,1.0,1.0,10,10,23,4,27,4,55.433,977.0,339.0,1287.0,55.433,4.0,9.6,roster,0,136.0,112.5,2.6154,183.49,6.5481,1.125,1.0417,3.0222,96.52,23.44,53.6,29.92,32.175
2023-05-03 13:00:00,13,49,49,2.0,6.0,38.0,2.0,1.0,1.0,8,8,27,5,32,5,56.433,707.0,160.0,1343.0,56.433,4.0,9.6,roster,0,153.0,122.5,4.7812,211.12,6.427,1.225,0.8333,3.1224,105.1,27.79,67.0,31.22,33.575
2023-05-03 14:00:00,14,50,50,2.0,5.0,40.0,3.0,0.0,1.0,8,8,28,5,33,5,57.433,537.0,172.0,1322.0,57.433,4.0,9.6,roster,0,156.0,125.0,5.5714,213.64,6.5,1.25,0.8333,3.12,107.25,28.65,67.0,30.74,33.05
2023-05-03 15:00:00,15,54,54,3.0,4.0,41.0,6.0,0.0,1.0,11,11,29,3,32,3,58.433,423.0,212.0,1371.0,58.433,4.0,9.6,roster,0,166.0,135.0,5.1875,195.69,7.6724,1.35,1.1458,3.0741,115.83,27.79,40.2,31.88,34.275
2023-05-03 16:00:00,16,58,58,3.0,3.0,47.0,5.0,0.0,1.0,11,12,27,2,29,2,33.583,383.0,269.0,1396.0,33.583,4.0,9.6,roster,0,178.0,145.0,4.0455,188.85,8.2862,1.45,1.25,3.069,124.41,25.18,26.8,32.46,34.9
2023-05-03 17:00:00,17,58,58,4.0,3.0,46.0,5.0,0.0,1.0,9,7,30,2,32,2,34.583,433.5,310.0,1456.0,34.583,4.0,9.6,roster,0,180.0,145.0,5.625,192.85,6.7629,1.45,0.7292,3.1034,124.41,27.79,26.8,33.85,36.4
2023-05-03 18:00:00,18,58,58,3.0,3.0,49.0,3.0,0.0,1.0,7,7,31,2,33,2,35.583,488.0,364.0,1461.0,35.583,4.0,9.6,roster,0,180.0,145.0,6.4286,193.83,6.7629,1.45,0.7292,3.1034,124.41,28.65,26.8,33.97,36.525
2023-05-03 19:00:00,19,59,59,3.0,3.0,49.0,3.0,1.0,1.0,9,9,31,2,33,2,36.583,498.0,377.0,1330.0,36.583,4.0,9.6,roster,0,181.0,147.5,6.4643,192.93,7.4011,1.475,0.9375,3.0678,126.56,28.65,26.8,30.92,33.25
2023-05-03 20:00:00,20,55,55,2.0,4.0,47.0,2.0,0.0,1.0,7,7,32,2,34,2,37.583,556.5,300.0,1390.0,37.583,4.0,11.01,roster,0,171.0,137.5,7.125,186.61,6.2517,1.375,0.6358,3.1091,117.98,29.52,26.8,32.32,34.75
2023-05-03 21:00:00,21,57,57,2.0,4.0,49.0,2.0,0.0,1.0,11,7,31,2,33,2,38.583,618.0,466.0,1450.0,38.583,4.0,11.01,roster,0,177.0,142.5,6.3214,191.43,6.3993,1.425,0.6358,3.1053,122.26,28.65,26.8,33.71,36.25
2023-05-03 22:00:00,22,59,59,2.0,4.0,51.0,2.0,0.0,1.0,10,9,31,2,33,2,39.583,678.0,526.0,1510.0,39.583,3.0,7.76,roster,0,183.0,147.5,8.7143,197.12,8.1723,1.475,1.1598,3.1017,126.56,28.65,26.8,35.11,37.75
2023-05-03 23:00:00,23,54,54,3.0,4.0,46.0,1.0,0.0,1.0,6,6,30,0,30,0,40.583,749.0,428.0,1637.0,40.583,3.0,7.76,roster,0,171.0,135.0,5.7,159.94,6.7235,1.35,0.7732,3.1667,115.83,26.05,0.0,38.06,40.925
2023-05-04 00:00:00,0,50,50,3.0,3.0,42.0,1.0,1.0,1.0,4,4,30,2,32,2,41.583,796.5,485.0,1697.0,41.583,3.0,7.76,roster,0,156.0,125.0,6.5,181.29,5.5082,1.25,0.5155,3.12,107.25,27.79,26.8,39.46,42.425
2023-05-04 01:00:00,1,51,51,3.0,3.0,44.0,1.0,0.0,1.0,7,6,30,2,32,2,42.583,856.5,545.0,1757.0,42.583,3.0,7.76,roster,0,161.0,127.5,6.7083,184.83,6.4659,1.275,0.7732,3.1569,109.39,27.79,26.8,40.85,43.925
2023-05-04 02:00:00,2,52,52,3.0,3.0,41.0,5.0,0.0,1.0,4,4,32,2,34,2,43.583,903.5,513.0,1750.0,43.583,3.0,7.76,roster,0,160.0,130.0,8.8889,188.55,5.586,1.3,0.5155,3.0769,111.54,29.52,26.8,40.69,43.75
2023-05-04 03:00:00,3,50,50,2.0,4.0,40.0,4.0,0.0,1.0,4,4,32,1,33,1,44.583,975.0,622.0,1810.0,44.583,3.0,7.76,roster,0,154.0,125.0,7.3333,171.39,5.4376,1.25,0.5155,3.08,107.25,28.65,13.4,42.08,45.25
2023-05-04 04:00:00,4,49,49,2.0,4.0,40.0,3.0,0.0,1.0,4,4,32,1,33,1,45.583,1035.0,682.0,1870.0,45.583,3.0,7.76,roster,0,152.0,122.5,7.2381,170.64,5.399,1.225,0.5155,3.102,105.1,28.65,13.4,43.48,46.75
2023-05-04 05:00:00,5,49,49,2.0,4.0,39.0,3.0,1.0,1.0,3,3,33,1,34,1,46.583,1083.5,693.0,1930.0,46.583,3.0,7.76,roster,0,150.0,122.5,8.3333,172.9,4.9335,1.225,0.3866,3.0612,105.1,29.52,13.4,44.87,48.25
2023-05-04 06:00:00,6,48,48,2.0,3.0,40.0,3.0,0.0,1.0,2,2,33,1,34,1,47.583,1143.5,753.0,1990.0,47.583,3.0,7.76,roster,0,148.0,120.0,8.2222,172.15,4.4947,1.2,0.2577,3.0833,102.96,29.52,13.4,46.27,49.75
2023-05-04 07:00:00,7,50,50,2.0,3.0,41.0,4.0,0.0,1.0,6,5,34,1,35,1,48.583,1192.0,786.0,2050.0,48.583,3.0,7.76,roster,0,153.0,125.0,10.2,178.7,5.7966,1.25,0.6443,3.06,107.25,30.39,13.4,47.66,51.25
2023-05-04 08:00:00,8,51,51,2.0,4.0,41.0,4.0,0.0,1.0,6,6,34,1,35,1,49.583,1252.0,846.0,2110.0,49.583,3.0,7.31,roster,0,157.0,127.5,10.4667,182.24,6.4518,1.275,0.8208,3.0784,109.39,30.39,13.4,49.06,52.75
2023-05-04 09:00:00,9,45,45,2.0,5.0,36.0,2.0,0.0,1.0,1,1,32,1,33,1,50.583,1289.0,906.0,1677.0,50.583,3.0,7.31,roster,0,142.0,112.5,6.7619,157.57,3.9817,1.125,0.1368,3.1556,96.52,28.65,13.4,38.99,41.925
2023-05-04 10:00:00,10,49,49,2.0,5.0,41.0,1.0,0.0,1.0,13,11,30,1,31,1,51.583,1336.0,924.0,1737.0,51.583,4.0,11.01,roster,0,155.0,122.5,4.3056,165.81,7.0354,1.225,0.9991,3.1633,105.1,26.92,13.4,40.39,43.425
2023-05-04 11:00:00,11,46,46,3.0,4.0,35.0,3.0,1.0,1.0,12,10,25,1,26,1,52.583,1374.0,750.0,1523.0,52.583,4.0,11.01,roster,0,143.0,115.0,2.5536,150.06,6.3985,1.15,0.9083,3.1087,98.67,22.58,13.4,35.41,38.075
2023-05-04 12:00:00,12,58,58,5.0,5.0,43.0,4.0,1.0,1.0,16,16,26,1,27,1,53.583,1397.0,664.0,1583.0,53.583,4.0,11.01,roster,0,183.0,145.0,3.5192,178.06,9.1602,1.45,1.4532,3.1552,124.41,23.44,13.4,36.8,39.575
2023-05-04 13:00:00,13,56,56,5.0,5.0,42.0,4.0,0.0,1.0,9,10,27,2,29,2,54.583,1222.0,214.0,1600.0,54.583,4.0,11.01,roster,0,179.0,140.0,4.0682,189.3,7.3782,1.4,0.9083,3.1964,120.12,25.18,26.8,37.2,40.0
2023-05-04 14:00:00,14,54,54,6.0,5.0,40.0,3.0,0.0,1.0,11,9,25,1,26,1,55.583,583.0,179.0,1532.0,55.583,4.0,11.01,roster,0,176.0,135.0,3.1429,167.42,7.0642,1.35,0.8174,3.2593,115.83,22.58,13.4,35.62,38.3
2023-05-04 15:00:00,15,52,52,5.0,5.0,39.0,3.0,0.0,1.0,11,11,25,1,26,1,56.583,419.5,214.0,1577.0,56.583,4.0,11.01,roster,0,168.0,130.0,3.0,164.18,7.4278,1.3,0.9991,3.2308,111.54,22.58,13.4,36.67,39.425
2023-05-04 16:00:00,16,48,48,4.0,6.0,33.0,4.0,1.0,1.0,7,7,25,0,25,0,34.95,457.0,236.0,1448.0,34.95,4.0,11.01,roster,0,152.0,120.0,2.5333,138.33,5.8133,1.2,0.6358,3.1667,102.96,21.71,0.0,33.67,36.2
2023-05-04 17:00:00,17,47,47,4.0,6.0,32.0,4.0,1.0,1.0,6,5,28,0,28,0,35.95,419.5,237.0,1508.0,35.95,4.0,11.01,roster,0,149.0,117.5,3.1042,140.19,5.1647,1.175,0.4541,3.1702,100.82,24.31,0.0,35.06,37.7
2023-05-04 18:00:00,18,50,50,5.0,7.0,36.0,2.0,0.0,1.0,10,10,30,0,30,0,36.95,409.0,226.0,1522.0,36.95,4.0,11.01,roster,0,165.0,125.0,4.125,148.69,7.1223,1.25,0.9083,3.3,107.25,26.05,0.0,35.39,38.05
2023-05-04 19:00:00,19,52,52,4.0,10.0,33.0,5.0,0.0,1.0,10,8,31,0,31,0,37.95,454.0,207.0,1582.0,37.95,4.0,11.01,roster,0,169.0,130.0,4.6944,155.24,6.5865,1.3,0.7266,3.25,111.54,26.92,0.0,36.78,39.55
2023-05-04 20:00:00,20,52,52,4.0,12.0,30.0,6.0,0.0,1.0,9,8,30,0,30,0,38.95,495.0,267.0,1642.0,38.95,4.0,10.48,roster,0,170.0,130.0,4.25,155.77,6.7456,1.3,0.7634,3.2692,111.54,26.05,0.0,38.18,41.05
2023-05-04 21:00:00,21,56,56,4.0,11.0,35.0,4.0,2.0,1.0,13,12,31,0,31,0,39.95,536.0,308.0,1702.0,39.95,4.0,10.48,roster,0,179.0,140.0,4.9722,166.61,8.135,1.4,1.145,3.1964,120.12,26.92,0.0,39.57,42.55
2023-05-04 22:00:00,22,53,53,4.0,9.0,36.0,4.0,0.0,1.0,11,9,32,0,32,0,40.95,575.5,368.0,1762.0,40.95,3.0,6.78,roster,0,172.0,132.5,7.1667,162.44,8.6079,1.325,1.3274,3.2453,113.68,27.79,0.0,40.97,44.05
2023-05-04 23:00:00,23,54,54,4.0,9.0,36.0,5.0,0.0,1.0,6,6,34,0,34,0,41.95,606.0,410.0,1746.0,41.95,3.0,6.78,roster,0,174.0,135.0,9.6667,165.95,7.2015,1.35,0.885,3.2222,115.83,29.52,0.0,40.59,43.65
2023-05-05 00:00:00,0,57,57,5.0,11.0,38.0,3.0,0.0,1.0,13,11,35,0,35,0,42.95,657.0,372.0,1806.0,42.95,3.0,6.78,roster,0,189.0,142.5,12.6,174.65,10.1046,1.425,1.6224,3.3158,122.26,30.39,0.0,41.99,45.15
2023-05-05 01:00:00,1,59,59,5.0,9.0,36.0,8.0,1.0,1.0,10,7,35,1,36,1,43.95,714.5,432.0,1866.0,43.95,3.0,6.78,roster,0,186.0,147.5,15.5,194.6,7.9048,1.475,1.0324,3.1525,126.56,31.26,13.4,43.38,46.65
2023-05-05 02:00:00,2,50,50,5.0,10.0,31.0,4.0,0.0,1.0,2,2,35,1,36,1,44.95,774.5,492.0,1926.0,44.95,3.0,6.78,roster,0,166.0,125.0,13.8333,176.69,5.1294,1.25,0.295,3.32,107.25,31.26,13.4,44.78,48.15
2023-05-05 03:00:00,3,47,47,4.0,9.0,32.0,2.0,0.0,1.0,2,2,35,0,35,0,45.95,837.0,552.0,1986.0,45.95,3.0,6.78,roster,0,156.0,117.5,10.4,157.38,4.8791,1.175,0.295,3.3191,100.82,30.39,0.0,46.17,49.65
2023-05-05 04:00:00,4,48,48,4.0,9.0,31.0,4.0,0.0,1.0,3,3,35,0,35,0,46.95,897.0,612.0,2046.0,46.95,3.0,6.78,roster,0,157.0,120.0,10.4667,160.92,5.3723,1.2,0.4425,3.2708,102.96,30.39,0.0,47.57,51.15
2023-05-05 05:00:00,5,47,47,4.0,10.0,30.0,3.0,0.0,1.0,1,1,36,0,36,0,47.95,954.5,672.0,2106.0,47.95,3.0,6.78,roster,0,156.0,117.5,13.0,161.04,4.3895,1.175,0.1475,3.3191,100.82,31.26,0.0,48.96,52.65
2023-05-05 06:00:00,6,49,49,4.0,10.0,32.0,3.0,0.0,1.0,5,4,37,0,37,0,48.95,1012.0,722.0,1744.0,48.95,3.0,6.78,roster,0,162.0,122.5,18.0,157.78,6.0005,1.225,0.59,3.3061,105.1,32.13,0.0,40.55,43.6
2023-05-05 07:00:00,7,50,50,4.0,10.0,33.0,3.0,0.0,1.0,3,2,40,0,40,0,49.95,1009.0,766.0,1804.0,49.95,3.0,6.78,roster,0,165.0,125.0,55.0,163.93,5.0985,1.25,0.295,3.3,107.25,34.73,0.0,41.94,45.1
2023-05-05 08:00:00,8,52,52,4.0,10.0,33.0,5.0,0.0,1.0,6,5,41,0,41,0,50.95,1066.0,722.0,1462.0,50.95,3.0,7.76,roster,0,169.0,130.0,56.3333,161.13,6.3191,1.3,0.6443,3.25,111.54,35.6,0.0,33.99,36.55
2023-05-05 09:00:00,9,50,50,3.0,9.0,35.0,3.0,0.0,1.0,6,6,38,0,38,0,51.95,1037.5,661.0,1319.0,51.95,3.0,7.76,roster,0,162.0,125.0,27.0,150.91,6.5552,1.25,0.7732,3.24,107.25,33.0,0.0,30.67,32.975
2023-05-05 10:00:00,10,54,54,3.0,10.0,38.0,3.0,0.0,1.0,7,7,39,0,39,0,52.95,1070.0,418.0,1379.0,52.95,4.0,11.01,roster,0,175.0,135.0,43.75,161.76,6.4354,1.35,0.6358,3.2407,115.83,33.86,0.0,32.06,34.475
2023-05-05 11:00:00,11,61,61,3.0,8.0,48.0,2.0,0.0,1.0,18,16,39,0,39,0,53.95,1012.0,341.0,1376.0,53.95,4.0,11.01,roster,0,195.0,152.5,48.75,176.7,9.5206,1.525,1.4532,3.1967,130.84,33.86,0.0,31.99,34.4
2023-05-05 12:00:00,12,61,61,2.0,11.0,46.0,2.0,0.0,1.0,6,6,41,0,41,0,54.95,956.0,246.0,1377.0,54.95,4.0,11.01,roster,0,196.0,152.5,49.0,178.46,6.651,1.525,0.545,3.2131,130.84,35.6,0.0,32.02,34.425
2023-05-05 13:00:00,13,63,63,2.0,10.0,48.0,3.0,0.0,1.0,10,10,39,0,39,0,55.95,869.0,232.0,1372.0,55.95,4.0,11.01,roster,0,200.0,157.5,50.0,180.9,7.8834,1.575,0.9083,3.1746,135.14,33.86,0.0,31.9,34.3
2023-05-05 14:00:00,14,51,51,2.0,10.0,38.0,1.0,0.0,1.0,10,10,30,0,30,0,51.25,524.5,242.0,1310.0,51.25,4.0,11.01,roster,0,166.0,127.5,4.15,145.9,7.1063,1.275,0.9083,3.2549,109.39,26.05,0.0,30.46,32.75
2023-05-05 15:00:00,15,51,51,2.0,12.0,36.0,1.0,0.0,1.0,8,8,29,0,29,0,52.25,493.0,246.0,1142.0,52.25,4.0,11.01,roster,0,168.0,127.5,3.8182,141.13,6.5935,1.275,0.7266,3.2941,109.39,25.18,0.0,26.55,28.55
2023-05-05 16:00:00,16,50,50,2.0,11.0,34.0,3.0,0.0,1.0,11,11,25,0,25,0,51.283,355.0,203.0,1049.0,51.283,4.0,11.01,roster,0,162.0,125.0,2.7,133.35,7.2871,1.25,0.9991,3.24,107.25,21.71,0.0,24.39,26.225
2023-05-05 17:00:00,17,51,51,2.0,13.0,36.0,0.0,0.0,1.0,10,10,27,1,28,1,52.283,392.5,212.0,1109.0,52.283,4.0,11.01,roster,0,170.0,127.5,3.5417,152.89,7.2776,1.275,0.9083,3.3333,109.39,24.31,13.4,25.78,27.725
2023-05-05 18:00:00,18,46,46,1.0,11.0,34.0,0.0,0.0,1.0,8,7,23,1,24,1,53.283,430.5,258.0,673.0,53.283,4.0,11.01,roster,0,151.0,115.0,2.3594,128.56,5.862,1.15,0.6358,3.2826,98.67,20.84,13.4,15.65,16.825
2023-05-05 19:00:00,19,49,49,1.0,11.0,37.0,0.0,0.0,1.0,10,8,22,2,24,2,54.283,441.0,279.0,733.0,54.283,4.0,11.01,roster,0,160.0,122.5,2.5,149.79,6.3726,1.225,0.7266,3.2653,105.1,20.84,26.8,17.04,18.325
2023-05-05 20:00:00,20,43,43,1.0,11.0,30.0,1.0,0.0,1.0,6,6,20,2,22,2,55.283,449.5,322.0,652.0,55.283,4.0,10.48,roster,0,141.0,107.5,1.9583,133.3,5.4023,1.075,0.5725,3.2791,92.24,19.1,26.8,15.16,16.3
2023-05-05 21:00:00,21,44,44,1.0,9.0,33.0,1.0,0.0,1.0,9,8,19,1,20,1,28.833,509.5,382.0,712.0,28.833,4.0,10.48,roster,0,142.0,110.0,1.775,121.7,6.0136,1.1,0.7634,3.2273,94.38,17.37,13.4,16.55,17.8
2023-05-05 22:00:00,22,35,35,1.0,7.0,27.0,0.0,0.0,1.0,10,8,18,1,19,1,29.833,498.0,255.0,675.0,29.833,3.0,7.23,roster,0,114.0,87.5,1.8095,100.67,6.454,0.875,1.1065,3.2571,75.08,16.5,13.4,15.69,16.875
2023-05-05 23:00:00,23,38,38,1.0,7.0,30.0,0.0,0.0,1.0,14,12,16,1,17,1,13.867,558.0,335.0,726.0,13.867,3.0,7.23,roster,0,123.0,95.0,1.7826,106.55,8.4474,0.95,1.6598,3.2368,81.51,14.76,13.4,16.88,18.15
2023-05-06 00:00:00,0,42,42,1.0,8.0,33.0,0.0,0.0,1.0,14,13,19,1,20,1,14.867,585.0,237.0,786.0,14.867,3.0,7.23,roster,0,136.0,105.0,2.2667,119.13,9.2223,1.05,1.7981,3.2381,90.09,17.37,13.4,18.27,19.65
2023-05-06 01:00:00,1,40,40,1.0,8.0,29.0,2.0,0.0,1.0,6,3,20,1,21,1,15.867,622.0,293.0,756.0,15.867,3.0,7.23,roster,0,128.0,100.0,2.2456,115.01,4.5278,1.0,0.4149,3.2,85.8,18.23,13.4,17.58,18.9
2023-05-06 02:00:00,2,36,36,1.0,8.0,27.0,0.0,0.0,1.0,4,3,20,1,21,1,16.867,682.0,353.0,816.0,16.867,3.0,7.23,roster,0,118.0,90.0,2.0702,107.83,4.3101,0.9,0.4149,3.2778,77.22,18.23,13.4,18.97,20.4
2023-05-06 03:00:00,3,33,33,1.0,8.0,24.0,0.0,0.0,1.0,2,1,19,1,20,1,17.867,765.0,417.0,966.0,17.867,3.0,7.23,roster,0,109.0,82.5,1.8167,104.01,3.1819,0.825,0.1383,3.303,70.78,17.37,13.4,22.46,24.15
2023-05-06 04:00:00,4,32,32,1.0,8.0,23.0,0.0,0.0,1.0,1,1,19,1,20,1,18.867,825.0,477.0,1026.0,18.867,3.0,7.23,roster,0,106.0,80.0,1.7667,103.26,3.1082,0.8,0.1383,3.3125,68.64,17.37,13.4,23.85,25.65
2023-05-06 05:00:00,5,37,37,1.0,9.0,25.0,1.0,1.0,1.0,6,6,19,1,20,1,19.867,885.0,537.0,1086.0,19.867,3.0,7.23,roster,0,119.0,92.5,1.9833,115.38,5.6441,0.925,0.8299,3.2162,79.36,17.37,13.4,25.25,27.15
2023-05-06 06:00:00,6,34,34,1.0,9.0,23.0,0.0,1.0,1.0,2,2,19,1,20,1,20.867,945.0,597.0,1146.0,20.867,3.0,7.23,roster,0,111.0,85.0,1.85,110.34,3.6781,0.85,0.2766,3.2647,72.93,17.37,13.4,26.64,28.65
2023-05-06 07:00:00,7,31,31,1.0,7.0,21.0,1.0,1.0,1.0,4,4,19,1,20,1,21.867,1005.0,657.0,1206.0,21.867,3.0,7.23,roster,0,99.0,77.5,1.65,105.3,4.2418,0.775,0.5533,3.1935,66.5,17.37,13.4,28.04,30.15
2023-05-06 08:00:00,8,30,30,1.0,8.0,21.0,0.0,0.0,1.0,3,2,20,2,22,2,22.867,1023.0,636.0,1176.0,22.867,3.0,7.76,roster,0,100.0,75.0,1.8519,117.59,3.3591,0.75,0.2577,3.3333,64.35,19.1,26.8,27.34,29.4
2023-05-06 09:00:00,9,33,33,1.0,6.0,26.0,0.0,0.0,1.0,6,6,17,3,20,3,23.867,864.5,656.0,1223.0,23.867,3.0,7.76,roster,0,107.0,82.5,1.7833,136.79,5.182,0.825,0.7732,3.2424,70.78,17.37,40.2,28.43,30.575
2023-05-06 10:00:00,10,42,42,2.0,6.0,32.0,2.0,0.0,1.0,9,9,20,3,23,3,24.867,837.0,199.0,1218.0,24.867,4.0,11.46,roster,0,134.0,105.0,1.9706,158.58,5.8556,1.05,0.7853,3.1905,90.09,19.97,40.2,28.32,30.45
2023-05-06 11:00:00,11,47,47,2.0,6.0,37.0,2.0,0.0,1.0,12,12,17,4,21,4,24.833,744.0,172.0,1184.0,24.833,4.0,11.46,roster,0,149.0,117.5,1.9605,180.18,7.0446,1.175,1.0471,3.1702,100.82,18.23,53.6,27.53,29.6
2023-05-06 12:00:00,12,52,52,2.0,7.0,40.0,3.0,0.0,1.0,16,15,20,4,24,4,25.833,272.5,164.0,1244.0,25.833,4.0,11.46,roster,0,164.0,130.0,2.5625,194.9,8.2281,1.3,1.3089,3.1538,111.54,20.84,53.6,28.92,31.1
2023-05-06 13:00:00,13,50,50,2.0,8.0,37.0,3.0,0.0,1.0,10,8,20,3,23,3,26.833,292.0,178.0,1304.0,26.833,4.0,11.46,roster,0,159.0,125.0,2.3382,177.74,6.1949,1.25,0.6981,3.18,107.25,19.97,40.2,30.32,32.6
2023-05-06 14:00:00,14,43,43,2.0,7.0,30.0,4.0,0.0,1.0,9,8,21,3,24,3,25.6,309.0,203.0,1235.0,25.6,4.0,11.46,roster,0,136.0,107.5,2.125,161.99,5.6079,1.075,0.6981,3.1628,92.24,20.84,40.2,28.71,30.875
2023-05-06 15:00:00,15,38,38,1.0,6.0,28.0,3.0,0.0,1.0,8,7,16,2,18,2,26.383,369.0,255.0,1133.0,26.383,4.0,11.46,roster,0,119.0,95.0,1.3523,130.28,4.8878,0.95,0.6108,3.1316,81.51,15.63,26.8,26.34,28.325
2023-05-06 16:00:00,16,34,34,1.0,5.0,25.0,3.0,0.0,1.0,11,8,12,1,13,1,18.35,323.0,226.0,417.0,17.183,4.0,11.46,roster,0,106.0,85.0,0.9815,87.31,4.8264,0.85,0.6981,3.1176,72.93,11.29,13.4,9.7,10.425
2023-05-06 17:00:00,17,32,32,2.0,5.0,23.0,2.0,0.0,1.0,7,5,13,1,14,1,19.35,325.0,126.0,414.0,10.317,4.0,11.46,roster,0,103.0,80.0,0.9904,83.82,3.9793,0.8,0.4363,3.2188,68.64,12.16,13.4,9.63,10.35
2023-05-06 18:00:00,18,33,33,2.0,4.0,25.0,2.0,0.0,1.0,11,9,14,1,15,1,11.317,340.0,139.0,474.0,11.317,4.0,11.46,roster,0,105.0,82.5,1.05,88.23,5.1238,0.825,0.7853,3.1818,70.78,13.02,13.4,11.02,11.85
2023-05-06 19:00:00,19,37,37,3.0,3.0,23.0,7.0,1.0,1.0,14,13,12,1,13,1,10.4,400.0,238.0,503.0,10.4,4.0,11.46,roster,0,111.0,92.5,1.0278,95.75,6.1781,0.925,1.1344,3.0,79.36,11.29,13.4,11.69,12.575
2023-05-06 20:00:00,20,30,30,3.0,2.0,20.0,5.0,0.0,1.0,8,7,11,1,12,1,9.9,302.0,229.0,555.0,9.9,4.0,10.15,roster,0,93.0,75.0,0.8304,81.07,4.4629,0.75,0.6897,3.1,64.35,10.42,13.4,12.9,13.875
2023-05-06 21:00:00,21,30,30,4.0,1.0,21.0,3.0,1.0,1.0,11,10,9,0,9,0,10.383,314.0,210.0,366.0,10.383,4.0,10.15,roster,0,94.0,75.0,0.7581,60.67,5.437,0.75,0.9852,3.1333,64.35,7.81,0.0,8.51,9.15
2023-05-06 22:00:00,22,35,35,5.0,2.0,21.0,6.0,1.0,1.0,16,14,10,0,10,0,11.383,228.5,78.0,374.0,11.383,3.0,6.45,roster,0,109.0,87.5,1.2111,72.45,9.4847,0.875,2.1705,3.1143,75.08,8.68,0.0,8.7,9.35
2023-05-06 23:00:00,23,34,34,4.0,2.0,19.0,7.0,2.0,1.0,11,10,11,0,11,0,12.383,152.0,122.0,409.0,12.383,3.0,6.45,roster,0,101.0,85.0,1.1609,71.99,7.1306,0.85,1.5504,2.9706,72.93,9.55,0.0,9.51,10.225
2023-05-07 00:00:00,0,26,26,4.0,2.0,16.0,3.0,1.0,1.0,5,5,11,0,11,0,13.383,212.0,182.0,469.0,13.383,3.0,6.45,roster,0,83.0,65.0,0.954,56.23,4.5497,0.65,0.7752,3.1923,55.77,9.55,0.0,10.9,11.725
2023-05-07 01:00:00,1,24,24,4.0,3.0,15.0,2.0,0.0,1.0,6,5,11,0,11,0,14.383,272.0,242.0,529.0,14.383,3.0,6.45,roster,0,81.0,60.0,0.931,53.33,4.6413,0.6,0.7752,3.375,51.48,9.55,0.0,12.3,13.225
2023-05-07 02:00:00,2,23,23,4.0,4.0,13.0,2.0,0.0,1.0,3,3,12,0,12,0,15.383,325.0,302.0,589.0,15.383,3.0,6.45,roster,0,79.0,57.5,0.9405,53.45,3.5726,0.575,0.4651,3.4348,49.33,10.42,0.0,13.69,14.725
2023-05-07 03:00:00,3,28,28,4.0,5.0,17.0,2.0,0.0,1.0,7,6,12,0,12,0,16.383,385.0,333.0,649.0,16.383,3.0,6.45,roster,0,95.0,70.0,1.131,65.57,5.5311,0.7,0.9302,3.3929,60.06,10.42,0.0,15.09,16.225
2023-05-07 04:00:00,4,31,31,4.0,6.0,19.0,2.0,0.0,1.0,5,5,13,0,13,0,17.383,436.0,218.0,583.0,17.383,3.0,6.45,roster,0,105.0,77.5,1.2963,71.34,5.2507,0.775,0.7752,3.3871,66.5,11.29,0.0,13.55,14.575
2023-05-07 05:00:00,5,28,28,4.0,6.0,16.0,2.0,0.0,1.0,3,3,13,0,13,0,18.383,496.0,278.0,643.0,18.383,3.0,6.45,roster,0,96.0,70.0,1.1852,66.3,3.9947,0.7,0.4651,3.4286,60.06,11.29,0.0,14.95,16.075
2023-05-07 06:00:00,6,32,32,4.0,6.0,20.0,2.0,0.0,1.0,7,5,14,0,14,0,19.383,534.5,247.0,703.0,19.383,3.0,6.45,roster,0,108.0,80.0,1.3846,77.14,5.3163,0.8,0.7752,3.375,68.64,12.16,0.0,16.34,17.575
2023-05-07 07:00:00,7,33,33,4.0,7.0,20.0,2.0,0.0,1.0,6,4,14,0,14,0,20.383,594.5,307.0,763.0,20.383,3.0,6.45,roster,0,112.0,82.5,1.4359,80.68,4.9048,0.825,0.6202,3.3939,70.78,12.16,0.0,17.74,19.075
2023-05-07 08:00:00,8,30,30,4.0,7.0,18.0,1.0,0.0,1.0,7,7,14,0,14,0,21.383,654.5,367.0,823.0,21.383,3.0,8.3,roster,0,104.0,75.0,1.3333,75.64,5.5237,0.75,0.8434,3.4667,64.35,12.16,0.0,19.13,20.575
2023-05-07 09:00:00,9,40,40,5.0,8.0,22.0,5.0,0.0,1.0,15,14,15,0,15,0,22.383,693.0,399.0,883.0,22.383,3.0,8.3,roster,0,133.0,100.0,1.7733,99.35,8.9334,1.0,1.6867,3.325,85.8,13.02,0.0,20.53,22.075
2023-05-07 10:00:00,10,43,43,4.0,9.0,24.0,6.0,0.0,1.0,12,11,15,0,15,0,22.917,578.0,133.0,798.0,15.9,4.0,11.55,roster,0,140.0,107.5,1.4,103.81,6.6008,1.075,0.9524,3.2558,92.24,13.02,0.0,18.55,19.95
2023-05-07 11:00:00,11,46,46,4.0,9.0,26.0,7.0,0.0,1.0,17,15,15,0,15,0,23.917,519.0,138.0,813.0,14.533,4.0,11.55,roster,0,148.0,115.0,1.48,110.6,7.8784,1.15,1.2987,3.2174,98.67,13.02,0.0,18.9,20.325
2023-05-07 12:00:00,12,43,43,4.0,11.0,25.0,3.0,0.0,1.0,10,9,20,0,20,0,24.917,243.5,142.0,865.0,15.533,4.0,11.55,roster,0,145.0,107.5,1.8125,109.71,6.2526,1.075,0.7792,3.3721,92.24,17.37,0.0,20.11,21.625
2023-05-07 13:00:00,13,46,46,4.0,10.0,30.0,1.0,1.0,1.0,15,13,20,1,21,1,25.917,242.0,142.0,639.0,16.267,4.0,11.55,roster,0,153.0,115.0,2.0132,125.16,7.5686,1.15,1.1255,3.3261,98.67,18.23,13.4,14.86,15.975
2023-05-07 14:00:00,14,46,46,4.0,9.0,26.0,6.0,1.0,1.0,12,12,17,2,19,2,26.917,302.0,185.0,727.0,17.267,4.0,11.55,roster,0,147.0,115.0,1.75,138.87,6.9952,1.15,1.039,3.1957,98.67,16.5,26.8,16.9,18.175
2023-05-07 15:00:00,15,43,43,5.0,9.0,23.0,6.0,0.0,1.0,11,9,18,2,20,2,27.917,353.0,206.0,787.0,18.267,4.0,11.55,roster,0,142.0,107.5,1.775,134.7,6.1232,1.075,0.7792,3.3023,92.24,17.37,26.8,18.3,19.675
2023-05-07 16:00:00,16,42,42,4.0,10.0,19.0,9.0,0.0,1.0,11,10,19,2,21,2,28.917,404.0,262.0,819.0,19.267,4.0,11.55,roster,0,135.0,105.0,1.7763,134.17,6.1579,1.05,0.8658,3.2143,90.09,18.23,26.8,19.04,20.475
2023-05-07 17:00:00,17,40,40,4.0,9.0,24.0,3.0,0.0,1.0,12,9,18,2,20,2,29.917,473.0,322.0,907.0,20.267,4.0,11.55,roster,0,134.0,100.0,1.675,131.05,5.9604,1.0,0.7792,3.35,85.8,17.37,26.8,21.09,22.675
2023-05-07 18:00:00,18,45,45,4.0,10.0,29.0,2.0,0.0,1.0,16,14,19,2,21,2,30.917,524.0,256.0,939.0,21.267,4.0,11.55,roster,0,151.0,112.5,1.9868,143.39,7.8423,1.125,1.2121,3.3556,96.52,18.23,26.8,21.83,23.475
2023-05-07 19:00:00,19,41,41,3.0,10.0,27.0,1.0,0.0,1.0,9,8,22,1,23,1,31.917,496.0,272.0,999.0,22.267,4.0,11.55,roster,0,138.0,102.5,2.0294,124.54,5.7813,1.025,0.6926,3.3659,87.94,19.97,13.4,23.23,24.975
2023-05-07 20:00:00,20,41,41,3.0,13.0,24.0,1.0,0.0,1.0,12,9,21,1,22,1,32.917,600.0,363.0,1059.0,23.267,4.0,9.68,roster,0,141.0,102.5,1.9583,125.07,6.7224,1.025,0.9298,3.439,87.94,19.1,13.4,24.62,26.475
2023-05-07 21:00:00,21,50,50,3.0,15.0,30.0,2.0,0.0,1.0,13,13,22,1,23,1,33.917,616.0,392.0,1119.0,24.267,4.0,9.68,roster,0,169.0,125.0,2.4853,146.64,8.7643,1.25,1.343,3.38,107.25,19.97,13.4,26.02,27.975
2023-05-07 22:00:00,22,47,47,3.0,14.0,30.0,0.0,0.0,1.0,11,10,24,0,24,0,34.917,649.0,307.0,1179.0,25.267,3.0,6.43,roster,0,161.0,117.5,3.3542,129.07,9.3524,1.175,1.5552,3.4255,100.82,20.84,0.0,27.41,29.475
2023-05-07 23:00:00,23,51,51,3.0,13.0,33.0,2.0,0.0,1.0,17,13,27,0,27,0,35.917,556.0,266.0,1213.0,26.267,3.0,6.43,roster,0,170.0,127.5,4.359,141.04,10.9892,1.275,2.0218,3.3333,109.39,23.44,0.0,28.2,30.325
2023-05-08 00:00:00,0,48,48,3.0,15.0,28.0,2.0,0.0,1.0,6,4,27,0,27,0,36.917,616.0,326.0,1273.0,27.267,3.0,6.43,roster,0,163.0,120.0,4.1795,136.0,6.1875,1.2,0.6221,3.3958,102.96,23.44,0.0,29.6,31.825
2023-05-08 01:00:00,1,48,48,3.0,15.0,30.0,0.0,0.0,1.0,6,5,27,0,27,0,37.917,676.0,386.0,1333.0,28.267,3.0,6.43,roster,0,165.0,120.0,4.2308,137.4,6.798,1.2,0.7776,3.4375,102.96,23.44,0.0,30.99,33.325
2023-05-08 02:00:00,2,46,46,3.0,16.0,26.0,1.0,0.0,1.0,7,4,28,0,28,0,38.917,733.0,446.0,1393.0,29.267,3.0,6.43,roster,0,159.0,115.0,4.4167,135.37,6.1252,1.15,0.6221,3.4565,98.67,24.31,0.0,32.39,34.825
2023-05-08 03:00:00,3,41,41,3.0,16.0,22.0,0.0,0.0,1.0,4,4,28,0,28,0,39.917,793.0,506.0,1453.0,30.267,3.0,6.43,roster,0,145.0,102.5,4.0278,126.04,5.8251,1.025,0.6221,3.5366,87.94,24.31,0.0,33.78,36.325
2023-05-08 04:00:00,4,44,44,3.0,16.0,25.0,0.0,0.0,1.0,6,5,29,0,29,0,40.917,850.0,487.0,1194.0,31.267,3.0,6.43,roster,0,154.0,110.0,4.6667,127.32,6.5716,1.1,0.7776,3.5,94.38,25.18,0.0,27.76,29.85
2023-05-08 05:00:00,5,41,41,3.0,16.0,22.0,0.0,0.0,1.0,2,1,30,0,30,0,41.917,906.5,509.0,1254.0,32.267,3.0,6.43,roster,0,145.0,102.5,4.8333,123.15,4.175,1.025,0.1555,3.5366,87.94,26.05,0.0,29.16,31.35
2023-05-08 06:00:00,6,42,42,3.0,16.0,23.0,0.0,0.0,1.0,4,2,30,0,30,0,42.917,966.5,569.0,1314.0,33.267,3.0,6.43,roster,0,148.0,105.0,4.9333,126.69,4.7961,1.05,0.311,3.5238,90.09,26.05,0.0,30.55,32.85
2023-05-08 07:00:00,7,42,42,3.0,15.0,24.0,0.0,0.0,1.0,4,4,30,0,30,0,43.917,1026.5,629.0,1374.0,34.267,3.0,6.43,roster,0,147.0,105.0,4.9,128.08,5.8523,1.05,0.6221,3.5,90.09,26.05,0.0,31.95,34.35
2023-05-08 08:00:00,8,39,39,3.0,14.0,22.0,0.0,0.0,1.0,2,2,31,0,31,0,35.267,1083.0,672.0,1434.0,35.267,3.0,7.01,roster,0,137.0,97.5,5.0741,123.91,4.4272,0.975,0.2853,3.5128,83.66,26.92,0.0,33.34,35.85
2023-05-08 09:00:00,9,42,42,2.0,13.0,24.0,3.0,0.0,1.0,10,10,27,0,27,0,36.267,1143.0,732.0,1494.0,36.267,3.0,7.01,roster,0,140.0,105.0,3.5897,128.27,8.2551,1.05,1.4265,3.3333,90.09,23.44,0.0,34.74,37.35
2023-05-08 10:00:00,10,40,40,2.0,10.0,25.0,3.0,0.0,1.0,9,9,24,0,24,0,37.267,1279.0,847.0,1873.0,37.267,4.0,10.26,roster,0,131.0,100.0,2.0469,130.19,6.1478,1.0,0.8772,3.275,85.8,20.84,0.0,43.55,46.825
2023-05-08 11:00:00,11,47,47,1.0,7.0,37.0,2.0,0.0,1.0,19,19,19,0,19,0,38.267,1276.0,795.0,1614.0,38.267,4.0,10.26,roster,0,148.0,117.5,1.7619,134.84,9.5314,1.175,1.8519,3.1489,100.82,16.5,0.0,37.53,40.35
2023-05-08 12:00:00,12,45,45,1.0,7.0,34.0,3.0,0.0,1.0,11,8,19,0,19,0,39.267,967.0,179.0,1638.0,39.267,4.0,10.26,roster,0,141.0,112.5,1.6786,131.11,5.9681,1.125,0.7797,3.1333,96.52,16.5,0.0,38.08,40.95
2023-05-08 13:00:00,13,44,44,1.0,8.0,34.0,1.0,0.0,1.0,9,9,23,0,23,0,40.267,915.0,164.0,1682.0,40.267,4.0,10.26,roster,0,141.0,110.0,2.0735,133.46,6.336,1.1,0.8772,3.2045,94.38,19.97,0.0,39.11,42.05
2023-05-08 14:00:00,14,45,45,3.0,7.0,34.0,1.0,0.0,1.0,10,9,21,0,21,0,41.267,299.0,178.0,1456.0,41.267,4.0,10.26,roster,0,147.0,112.5,1.9342,128.61,6.5405,1.125,0.8772,3.2667,96.52,18.23,0.0,33.85,36.4
2023-05-08 15:00:00,15,40,40,2.0,8.0,29.0,1.0,0.0,1.0,9,8,17,1,18,1,41.55,285.0,195.0,1147.0,41.55,4.0,10.26,roster,0,131.0,100.0,1.4886,121.5,5.8286,1.0,0.7797,3.275,85.8,15.63,13.4,26.67,28.675
2023-05-08 16:00:00,16,42,42,2.0,8.0,30.0,2.0,0.0,1.0,9,9,19,2,21,2,42.55,339.0,217.0,1169.0,42.55,4.0,10.26,roster,0,136.0,105.0,1.7895,142.3,6.2404,1.05,0.8772,3.2381,90.09,18.23,26.8,27.18,29.225
2023-05-08 17:00:00,17,48,48,3.0,8.0,34.0,3.0,0.0,1.0,12,11,22,2,24,2,43.55,333.0,156.0,1155.0,43.55,4.0,10.26,roster,0,155.0,120.0,2.4219,157.45,7.3371,1.2,1.0721,3.2292,102.96,20.84,26.8,26.85,28.875
2023-05-08 18:00:00,18,51,51,4.0,8.0,37.0,2.0,0.0,1.0,10,10,24,2,26,2,44.55,371.5,199.0,539.0,44.55,4.0,10.26,roster,0,167.0,127.5,2.9821,151.3,7.3665,1.275,0.9747,3.2745,109.39,22.58,26.8,12.53,13.475
2023-05-08 19:00:00,19,56,56,3.0,9.0,40.0,3.0,1.0,1.0,12,10,27,2,29,2,45.55,397.0,207.0,526.0,45.55,4.0,10.26,roster,0,178.0,140.0,4.0455,164.33,7.548,1.4,0.9747,3.1786,120.12,25.18,26.8,12.23,13.15
2023-05-08 20:00:00,20,54,54,3.0,10.0,38.0,2.0,1.0,1.0,7,8,27,2,29,2,46.55,449.0,214.0,586.0,46.55,4.0,11.03,roster,0,174.0,135.0,3.9545,161.44,6.6871,1.35,0.7253,3.2222,115.83,25.18,26.8,13.62,14.65
2023-05-08 21:00:00,21,57,57,3.0,11.0,40.0,2.0,1.0,1.0,13,12,27,1,28,1,47.55,528.5,274.0,719.0,47.55,4.0,11.03,roster,0,184.0,142.5,3.8333,156.69,8.112,1.425,1.0879,3.2281,122.26,24.31,13.4,16.72,17.975
2023-05-08 22:00:00,22,55,55,4.0,9.0,38.0,3.0,1.0,1.0,11,10,25,1,26,1,48.55,611.5,310.0,779.0,48.55,3.0,7.78,roster,0,177.0,137.5,4.2143,152.06,8.5615,1.375,1.2853,3.2182,117.98,22.58,13.4,18.11,19.475
2023-05-08 23:00:00,23,51,51,3.0,8.0,36.0,3.0,1.0,1.0,9,8,27,0,27,0,49.55,668.0,351.0,839.0,49.55,3.0,7.78,roster,0,162.0,127.5,4.1538,132.35,7.3163,1.275,1.0283,3.1765,109.39,23.44,0.0,19.51,20.975
2023-05-09 00:00:00,0,42,42,3.0,8.0,27.0,3.0,1.0,1.0,4,3,27,0,27,0,50.55,728.0,411.0,899.0,50.55,3.0,7.78,roster,0,135.0,105.0,3.4615,114.44,4.6144,1.05,0.3856,3.2143,90.09,23.44,0.0,20.9,22.475
2023-05-09 01:00:00,1,43,43,3.0,9.0,25.0,5.0,1.0,1.0,10,7,27,0,27,0,51.55,788.0,471.0,959.0,51.55,3.0,7.78,roster,0,137.0,107.5,3.5128,117.98,6.2916,1.075,0.8997,3.186,92.24,23.44,0.0,22.3,23.975
2023-05-09 02:00:00,2,44,44,3.0,9.0,26.0,5.0,1.0,1.0,4,4,27,0,27,0,52.55,848.0,531.0,1019.0,52.55,3.0,7.78,roster,0,140.0,110.0,3.5897,121.52,5.1359,1.1,0.5141,3.1818,94.38,23.44,0.0,23.69,25.475
2023-05-09 03:00:00,3,45,45,3.0,8.0,27.0,6.0,1.0,1.0,6,6,27,0,27,0,53.55,908.0,591.0,1079.0,53.55,3.0,7.78,roster,0,141.0,112.5,3.6154,125.06,5.9415,1.125,0.7712,3.1333,96.52,23.44,0.0,25.09,26.975
2023-05-09 04:00:00,4,39,39,3.0,8.0,23.0,4.0,1.0,1.0,1,1,28,0,28,0,54.55,948.5,651.0,1139.0,54.55,3.0,7.78,roster,0,125.0,97.5,3.4722,114.45,3.537,0.975,0.1285,3.2051,83.66,24.31,0.0,26.48,28.475
2023-05-09 05:00:00,5,39,39,4.0,8.0,23.0,2.0,2.0,1.0,3,3,28,0,28,0,55.55,1008.5,711.0,1199.0,55.55,3.0,7.78,roster,0,127.0,97.5,3.5278,115.84,4.4307,0.975,0.3856,3.2564,83.66,24.31,0.0,27.88,29.975
2023-05-09 06:00:00,6,37,37,4.0,8.0,22.0,2.0,1.0,1.0,1,1,28,1,29,1,56.55,1049.0,769.0,1186.0,56.55,3.0,7.78,roster,0,123.0,92.5,3.7273,125.52,3.5023,0.925,0.1285,3.3243,79.36,25.18,13.4,27.57,29.65
2023-05-09 07:00:00,7,40,40,3.0,10.0,24.0,2.0,1.0,1.0,5,4,28,0,28,0,57.55,1128.5,831.0,1319.0,57.55,3.0,7.78,roster,0,132.0,100.0,3.6667,120.78,4.9967,1.0,0.5141,3.3,85.8,24.31,0.0,30.67,32.975
2023-05-09 08:00:00,8,42,42,3.0,12.0,23.0,3.0,1.0,1.0,9,7,28,0,28,0,58.55,1188.5,891.0,1379.0,58.55,3.0,7.57,roster,0,139.0,105.0,3.8611,126.46,6.5353,1.05,0.9247,3.3095,90.09,24.31,0.0,32.06,34.475
2023-05-09 09:00:00,9,45,45,3.0,13.0,26.0,2.0,1.0,1.0,10,10,24,0,24,0,59.55,1183.5,949.0,1439.0,59.55,3.0,7.57,roster,0,150.0,112.5,3.125,130.82,8.1533,1.125,1.321,3.3333,96.52,20.84,0.0,33.46,35.975
2023-05-09 10:00:00,10,39,39,2.0,14.0,21.0,2.0,0.0,1.0,11,10,18,0,18,0,60.55,1145.0,867.0,2175.0,60.55,4.0,10.89,roster,0,133.0,97.5,1.5114,129.85,6.4565,0.975,0.9183,3.4103,83.66,15.63,0.0,50.57,54.375
2023-05-09 11:00:00,11,44,44,3.0,16.0,21.0,4.0,0.0,1.0,13,14,21,0,21,0,61.55,1069.0,144.0,1431.0,61.55,4.0,10.89,roster,0,150.0,110.0,1.9737,125.89,8.1327,1.1,1.2856,3.4091,94.38,18.23,0.0,33.27,35.775
2023-05-09 12:00:00,12,37,37,3.0,14.0,17.0,3.0,0.0,1.0,6,5,22,0,22,0,62.55,549.5,129.0,1448.0,62.55,4.0,10.89,roster,0,128.0,92.5,1.7778,112.13,4.7884,0.925,0.4591,3.4595,79.36,19.1,0.0,33.67,36.2
2023-05-09 13:00:00,13,39,39,3.0,14.0,21.0,1.0,0.0,1.0,8,8,23,0,23,0,63.55,264.0,173.0,1311.0,63.55,4.0,10.89,roster,0,136.0,97.5,2.0,114.11,5.9617,0.975,0.7346,3.4872,83.66,19.97,0.0,30.48,32.775
2023-05-09 14:00:00,14,36,36,3.0,12.0,21.0,0.0,0.0,1.0,4,4,23,1,24,1,48.267,252.5,188.0,1107.0,48.267,4.0,10.89,roster,0,126.0,90.0,1.9688,117.2,4.4356,0.9,0.3673,3.5,77.22,20.84,13.4,25.74,27.675
2023-05-09 15:00:00,15,30,30,3.0,10.0,17.0,0.0,0.0,1.0,2,1,21,1,22,1,49.267,304.5,185.0,428.0,49.267,4.0,10.89,roster,0,106.0,75.0,1.4722,86.8,2.9745,0.75,0.0918,3.5333,64.35,19.1,13.4,9.95,10.7
2023-05-09 16:00:00,16,37,37,5.0,11.0,21.0,0.0,0.0,1.0,9,9,19,1,20,1,50.267,364.5,279.0,488.0,50.267,4.0,10.89,roster,0,132.0,92.5,1.65,101.48,6.2484,0.925,0.8264,3.5676,79.36,17.37,13.4,11.35,12.2
2023-05-09 17:00:00,17,43,43,6.0,12.0,24.0,1.0,0.0,1.0,10,10,23,1,24,1,51.267,390.0,279.0,504.0,51.267,4.0,10.89,roster,0,152.0,107.5,2.375,118.19,7.046,1.075,0.9183,3.5349,92.24,20.84,13.4,11.72,12.6
2023-05-09 18:00:00,18,43,43,4.0,12.0,25.0,1.0,1.0,1.0,9,9,25,0,25,0,52.267,428.0,134.0,510.0,52.267,4.0,10.89,roster,0,146.0,107.5,2.4333,105.8,6.4561,1.075,0.8264,3.3953,92.24,21.71,0.0,11.86,12.75
2023-05-09 19:00:00,19,40,40,4.0,13.0,23.0,0.0,0.0,1.0,5,3,27,0,27,0,53.267,459.0,183.0,570.0,53.267,4.0,10.89,roster,0,141.0,100.0,2.7115,102.5,4.4961,1.0,0.2755,3.525,85.8,23.44,0.0,13.25,14.25
2023-05-09 20:00:00,20,43,43,3.0,14.0,23.0,3.0,0.0,1.0,11,10,28,1,29,1,54.267,473.0,241.0,616.0,54.267,4.0,11.1,roster,0,146.0,107.5,3.3182,125.14,6.7089,1.075,0.9009,3.3953,92.24,25.18,13.4,14.32,15.4
2023-05-09 21:00:00,21,45,45,6.0,14.0,22.0,3.0,0.0,1.0,10,9,28,1,29,1,55.267,533.0,301.0,676.0,55.267,4.0,11.1,roster,0,158.0,112.5,3.5909,130.82,6.7968,1.125,0.8108,3.5111,96.52,25.18,13.4,15.72,16.9
2023-05-09 22:00:00,22,50,50,6.0,14.0,27.0,3.0,0.0,1.0,13,9,30,1,31,1,56.267,588.0,328.0,736.0,56.267,3.0,7.78,roster,0,173.0,125.0,6.4074,144.68,8.3276,1.25,1.1568,3.46,107.25,26.92,13.4,17.11,18.4
2023-05-09 23:00:00,23,47,47,6.0,15.0,25.0,1.0,0.0,1.0,6,3,32,1,33,1,57.267,625.0,382.0,789.0,57.267,3.0,7.78,roster,0,167.0,117.5,7.9524,141.21,5.5451,1.175,0.3856,3.5532,100.82,28.65,13.4,18.34,19.725
2023-05-10 00:00:00,0,47,47,6.0,14.0,26.0,1.0,0.0,1.0,5,5,33,0,33,0,58.267,685.0,442.0,849.0,58.267,3.0,7.78,roster,0,166.0,117.5,7.9048,129.21,6.4199,1.175,0.6427,3.5319,100.82,28.65,0.0,19.74,21.225
2023-05-10 01:00:00,1,43,43,6.0,13.0,22.0,2.0,0.0,1.0,4,2,34,0,34,0,59.267,718.5,477.0,909.0,59.267,3.0,7.78,roster,0,152.0,107.5,8.4444,122.89,4.7087,1.075,0.2571,3.5349,92.24,29.52,0.0,21.13,22.725
2023-05-10 02:00:00,2,43,43,6.0,13.0,21.0,3.0,0.0,1.0,3,2,33,0,33,0,60.267,805.0,562.0,969.0,60.267,3.0,7.78,roster,0,151.0,107.5,7.1905,123.42,4.6777,1.075,0.2571,3.5116,92.24,28.65,0.0,22.53,24.225
2023-05-10 03:00:00,3,46,46,6.0,14.0,23.0,3.0,0.0,1.0,4,4,33,0,33,0,61.267,865.0,622.0,1029.0,61.267,3.0,7.78,roster,0,161.0,115.0,7.6667,131.25,5.8245,1.15,0.5141,3.5,98.67,28.65,0.0,23.92,25.725
2023-05-10 04:00:00,4,47,47,7.0,15.0,24.0,1.0,0.0,1.0,3,3,35,1,36,1,62.267,803.0,625.0,1089.0,62.267,3.0,7.78,roster,0,169.0,117.5,14.0833,150.79,5.6115,1.175,0.3856,3.5957,100.82,31.26,13.4,25.32,27.225
2023-05-10 05:00:00,5,47,47,6.0,15.0,25.0,1.0,0.0,1.0,2,2,35,1,36,1,63.267,863.0,685.0,1149.0,63.267,3.0,7.78,roster,0,167.0,117.5,13.9167,152.19,5.0884,1.175,0.2571,3.5532,100.82,31.26,13.4,26.71,28.725
2023-05-10 06:00:00,6,46,46,6.0,15.0,23.0,2.0,0.0,1.0,3,3,35,1,36,1,64.267,923.0,745.0,1209.0,64.267,3.0,7.78,roster,0,163.0,115.0,13.5833,151.44,5.4414,1.15,0.3856,3.5435,98.67,31.26,13.4,28.11,30.225
2023-05-10 07:00:00,7,48,48,5.0,16.0,24.0,3.0,0.0,1.0,5,4,36,1,37,1,65.267,914.0,726.0,1260.0,65.267,3.0,7.78,roster,0,167.0,120.0,18.5556,157.78,5.9638,1.2,0.5141,3.4792,102.96,32.13,13.4,29.3,31.5
2023-05-10 08:00:00,8,46,46,5.0,16.0,24.0,1.0,0.0,1.0,2,2,37,1,38,1,66.267,972.0,711.0,1320.0,66.267,3.0,6.96,roster,0,163.0,115.0,27.1667,155.76,5.0932,1.15,0.2874,3.5435,98.67,33.0,13.4,30.69,33.0
2023-05-10 09:00:00,9,47,47,4.0,15.0,27.0,1.0,0.0,1.0,6,5,36,1,37,1,67.267,1034.0,771.0,1380.0,67.267,3.0,6.96,roster,0,163.0,117.5,18.1111,158.43,6.5664,1.175,0.7184,3.4681,100.82,32.13,13.4,32.08,34.5
2023-05-10 10:00:00,10,44,44,4.0,13.0,27.0,0.0,0.0,1.0,8,8,31,1,32,1,68.267,1092.0,772.0,1449.0,68.267,4.0,10.21,roster,0,153.0,110.0,4.7812,149.26,6.5496,1.1,0.7835,3.4773,94.38,27.79,13.4,33.69,36.225
2023-05-10 11:00:00,11,44,44,4.0,9.0,31.0,0.0,0.0,1.0,9,9,26,1,27,1,42.167,1141.0,525.0,1373.0,42.167,4.0,10.21,roster,0,149.0,110.0,2.8654,143.15,6.71,1.1,0.8815,3.3864,94.38,23.44,13.4,31.92,34.325
2023-05-10 12:00:00,12,47,47,3.0,8.0,34.0,1.0,1.0,1.0,12,12,25,1,26,1,26.783,912.5,388.0,1214.0,26.783,4.0,10.21,roster,0,152.0,117.5,2.7143,145.02,7.601,1.175,1.1753,3.234,100.82,22.58,13.4,28.23,30.35
2023-05-10 13:00:00,13,55,55,4.0,9.0,40.0,1.0,1.0,1.0,13,14,28,0,28,0,27.783,944.5,271.0,1274.0,27.783,4.0,10.21,roster,0,179.0,137.5,3.7292,151.91,8.9376,1.375,1.3712,3.2545,117.98,24.31,0.0,29.62,31.85
2023-05-10 14:00:00,14,61,61,6.0,13.0,42.0,0.0,0.0,1.0,12,12,32,1,33,1,28.783,705.0,181.0,1323.0,28.783,4.0,10.21,roster,0,208.0,152.5,7.4286,183.66,9.2076,1.525,1.1753,3.4098,130.84,28.65,13.4,30.76,33.075
2023-05-10 15:00:00,15,67,67,7.0,13.0,47.0,0.0,0.0,1.0,13,13,32,2,34,2,29.783,763.0,226.0,1383.0,29.783,4.0,10.21,roster,0,228.0,167.5,9.5,212.19,10.0329,1.675,1.2733,3.403,143.72,29.52,26.8,32.15,34.575
2023-05-10 16:00:00,16,68,68,5.0,14.0,46.0,2.0,1.0,1.0,13,13,34,1,35,1,30.783,628.0,227.0,1441.0,30.783,4.0,10.21,roster,0,224.0,170.0,11.2,203.15,9.7943,1.7,1.2733,3.2941,145.86,30.39,13.4,33.5,36.025
2023-05-10 17:00:00,17,66,66,5.0,13.0,46.0,2.0,0.0,1.0,5,5,34,1,35,1,31.783,688.0,287.0,1501.0,31.783,4.0,10.21,roster,0,219.0,165.0,10.95,200.26,7.1,1.65,0.4897,3.3182,141.57,30.39,13.4,34.9,37.525
2023-05-10 18:00:00,18,60,60,5.0,11.0,42.0,2.0,0.0,1.0,6,6,34,1,35,1,32.783,748.0,341.0,1561.0,32.783,4.0,10.21,roster,0,199.0,150.0,9.95,188.78,6.9241,1.5,0.5877,3.3167,128.7,30.39,13.4,36.29,39.025
2023-05-10 19:00:00,19,56,56,5.0,11.0,40.0,0.0,0.0,1.0,7,7,32,1,33,1,33.783,808.0,401.0,1591.0,33.783,4.0,10.21,roster,0,189.0,140.0,6.75,179.16,7.0389,1.4,0.6856,3.375,120.12,28.65,13.4,36.99,39.775
2023-05-10 20:00:00,20,57,57,5.0,12.0,39.0,1.0,0.0,1.0,10,9,32,1,33,1,34.783,868.0,461.0,1651.0,34.783,4.0,9.6,roster,0,192.0,142.5,6.8571,182.7,7.9579,1.425,0.9375,3.3684,122.26,28.65,13.4,38.39,41.275
2023-05-10 21:00:00,21,60,60,5.0,13.0,41.0,1.0,0.0,1.0,10,10,33,1,34,1,35.783,825.0,481.0,1708.0,35.783,4.0,9.6,roster,0,202.0,150.0,8.4167,191.33,8.5569,1.5,1.0417,3.3667,128.7,29.52,13.4,39.71,42.7
2023-05-10 22:00:00,22,65,65,7.0,14.0,43.0,1.0,0.0,1.0,13,12,33,1,34,1,36.783,885.0,541.0,1768.0,36.783,3.0,6.35,roster,0,222.0,162.5,12.3333,203.45,12.0043,1.625,1.8898,3.4154,139.42,29.52,13.4,41.11,44.2
2023-05-10 23:00:00,23,64,64,7.0,15.0,42.0,0.0,0.0,1.0,11,8,36,0,36,0,37.783,802.0,500.0,1828.0,37.783,3.0,6.35,roster,0,221.0,160.0,18.4167,191.04,9.8754,1.6,1.2598,3.4531,137.28,31.26,0.0,42.5,45.7
2023-05-11 00:00:00,0,62,62,6.0,15.0,41.0,0.0,0.0,1.0,7,6,35,0,35,0,38.783,931.0,555.0,1888.0,38.783,3.0,6.35,roster,0,213.0,155.0,14.2,187.28,8.5711,1.55,0.9449,3.4355,132.99,30.39,0.0,43.9,47.2
2023-05-11 01:00:00,1,55,55,6.0,15.0,34.0,0.0,0.0,1.0,1,1,37,0,37,0,39.783,853.0,605.0,1713.0,39.783,3.0,6.35,roster,0,192.0,137.5,21.3333,169.93,5.3497,1.375,0.1575,3.4909,117.98,32.13,0.0,39.83,42.825
2023-05-11 02:00:00,2,52,52,6.0,14.0,29.0,3.0,0.0,1.0,4,3,37,0,37,0,40.783,913.0,665.0,1773.0,40.783,3.0,6.35,roster,0,179.0,130.0,19.8889,164.89,6.1013,1.3,0.4724,3.4423,111.54,32.13,0.0,41.22,44.325
2023-05-11 03:00:00,3,56,56,7.0,14.0,29.0,6.0,0.0,1.0,7,7,37,0,37,0,41.783,973.0,725.0,1833.0,41.783,3.0,6.35,roster,0,190.0,140.0,21.1111,174.86,8.4902,1.4,1.1024,3.3929,120.12,32.13,0.0,42.62,45.825
2023-05-11 04:00:00,4,55,55,7.0,14.0,28.0,6.0,0.0,1.0,2,2,37,0,37,0,42.783,1033.0,785.0,1893.0,42.783,3.0,6.35,roster,0,187.0,137.5,20.7778,174.11,5.7459,1.375,0.315,3.4,117.98,32.13,0.0,44.01,47.325
2023-05-11 05:00:00,5,58,58,8.0,14.0,32.0,4.0,0.0,1.0,5,5,37,0,37,0,43.783,1093.0,845.0,1953.0,43.783,3.0,6.35,roster,0,200.0,145.0,22.2222,181.94,7.7152,1.45,0.7874,3.4483,124.41,32.13,0.0,45.41,48.825
2023-05-11 06:00:00,6,55,55,8.0,15.0,30.0,2.0,0.0,1.0,2,2,38,0,38,0,44.783,1147.0,629.0,2013.0,44.783,3.0,6.35,roster,0,194.0,137.5,32.3333,177.77,5.961,1.375,0.315,3.5273,117.98,33.0,0.0,46.8,50.325
2023-05-11 07:00:00,7,56,56,8.0,15.0,29.0,4.0,0.0,1.0,4,3,39,0,39,0,45.783,1201.0,687.0,2073.0,45.783,3.0,6.35,roster,0,195.0,140.0,65.0,182.18,6.5201,1.4,0.4724,3.4821,120.12,33.86,0.0,48.2,51.825
2023-05-11 08:00:00,8,53,53,8.0,12.0,28.0,4.0,1.0,1.0,3,3,39,0,39,0,46.783,1261.0,747.0,2133.0,46.783,3.0,7.33,roster,0,181.0,132.5,60.3333,177.14,5.9227,1.325,0.4093,3.4151,113.68,33.86,0.0,49.59,53.325
2023-05-11 09:00:00,9,55,55,5.0,14.0,32.0,3.0,1.0,1.0,9,9,35,0,35,0,47.783,1252.0,766.0,2152.0,47.783,3.0,7.33,roster,0,184.0,137.5,12.2667,178.4,8.7077,1.375,1.2278,3.3455,117.98,30.39,0.0,50.03,53.8
2023-05-11 10:00:00,10,56,56,5.0,15.0,33.0,3.0,0.0,1.0,12,11,32,0,32,0,42.233,1157.5,736.0,1901.0,42.233,4.0,10.65,roster,0,190.0,140.0,5.9375,172.1,8.2544,1.4,1.0329,3.3929,120.12,27.79,0.0,44.2,47.525
2023-05-11 11:00:00,11,57,57,4.0,17.0,32.0,4.0,0.0,1.0,14,12,25,0,25,0,38.55,927.0,699.0,1321.0,38.55,4.0,10.65,roster,0,192.0,142.5,3.2,154.69,8.5954,1.425,1.1268,3.3684,122.26,21.71,0.0,30.71,33.025
2023-05-11 12:00:00,12,56,56,3.0,16.0,34.0,3.0,0.0,1.0,10,10,27,0,27,0,29.983,886.0,236.0,1280.0,29.983,4.0,10.65,roster,0,187.0,140.0,3.5962,153.32,7.8105,1.4,0.939,3.3393,120.12,23.44,0.0,29.76,32.0
2023-05-11 13:00:00,13,63,63,3.0,15.0,41.0,4.0,0.0,1.0,10,10,29,1,30,1,26.217,866.5,169.0,1325.0,26.217,4.0,10.65,roster,0,206.0,157.5,5.15,185.39,8.2203,1.575,0.939,3.2698,135.14,26.05,13.4,30.81,33.125
2023-05-11 14:00:00,14,66,66,3.0,12.0,46.0,5.0,0.0,1.0,13,12,29,1,30,1,27.217,675.5,209.0,1107.0,27.217,4.0,10.65,roster,0,211.0,165.0,5.275,186.76,8.8772,1.65,1.1268,3.197,141.57,26.05,13.4,25.74,27.675
2023-05-11 15:00:00,15,65,65,3.0,12.0,46.0,4.0,0.0,1.0,8,7,30,1,31,1,28.217,475.0,235.0,1126.0,28.217,4.0,10.65,roster,0,209.0,162.5,5.8056,185.92,7.3384,1.625,0.6573,3.2154,139.42,26.92,13.4,26.18,28.15
2023-05-11 16:00:00,16,68,68,4.0,12.0,47.0,4.0,1.0,1.0,14,14,32,1,33,1,29.217,476.0,291.0,1139.0,29.217,4.0,10.65,roster,0,218.0,170.0,7.7857,194.4,9.6643,1.7,1.3146,3.2059,145.86,28.65,13.4,26.48,28.475
2023-05-11 17:00:00,17,66,66,5.0,13.0,44.0,4.0,0.0,1.0,10,9,34,2,36,2,30.217,499.0,338.0,1199.0,30.217,4.0,10.65,roster,0,217.0,165.0,13.5625,207.51,8.2035,1.65,0.8451,3.2879,141.57,31.26,26.8,27.88,29.975
2023-05-11 18:00:00,18,63,63,5.0,12.0,44.0,2.0,0.0,1.0,6,5,32,3,35,3,31.217,575.0,276.0,1259.0,31.217,4.0,10.65,roster,0,209.0,157.5,10.45,215.0,6.7825,1.575,0.4695,3.3175,135.14,30.39,40.2,29.27,31.475
2023-05-11 19:00:00,19,61,61,6.0,11.0,41.0,3.0,0.0,1.0,4,4,34,3,37,3,32.217,603.0,293.0,1306.0,32.217,4.0,10.65,roster,0,203.0,152.5,16.9167,213.54,6.3249,1.525,0.3756,3.3279,130.84,32.13,40.2,30.36,32.65
2023-05-11 20:00:00,20,58,58,6.0,8.0,40.0,4.0,0.0,1.0,9,8,32,3,35,3,33.217,589.0,293.0,1379.0,33.217,4.0,10.12,roster,0,190.0,145.0,9.5,207.06,7.3396,1.45,0.7905,3.2759,124.41,30.39,40.2,32.06,34.475
2023-05-11 21:00:00,21,66,66,6.0,10.0,46.0,4.0,0.0,1.0,12,11,31,3,34,3,34.217,686.0,353.0,1439.0,34.217,4.0,10.12,roster,0,216.0,165.0,9.0,224.75,8.9573,1.65,1.087,3.2727,141.57,29.52,40.2,33.46,35.975
2023-05-11 22:00:00,22,59,59,5.0,8.0,41.0,5.0,0.0,1.0,9,8,33,2,35,2,35.217,709.0,362.0,1499.0,35.217,3.0,6.8,roster,0,190.0,147.5,12.6667,198.6,8.5386,1.475,1.1765,3.2203,126.56,30.39,26.8,34.85,37.475
2023-05-11 23:00:00,23,56,56,6.0,8.0,38.0,4.0,0.0,1.0,11,8,33,2,35,2,36.217,769.0,422.0,1559.0,36.217,3.0,6.8,roster,0,184.0,140.0,12.2667,193.56,8.4655,1.4,1.1765,3.2857,120.12,30.39,26.8,36.25,38.975
2023-05-12 00:00:00,0,50,50,6.0,7.0,36.0,1.0,0.0,1.0,3,2,33,2,35,2,37.217,829.0,482.0,1619.0,37.217,3.0,6.8,roster,0,168.0,125.0,11.2,182.08,5.1882,1.25,0.2941,3.36,107.25,30.39,26.8,37.64,40.475
2023-05-12 01:00:00,1,45,45,6.0,7.0,31.0,1.0,0.0,1.0,1,1,33,2,35,2,38.217,889.0,542.0,1679.0,38.217,3.0,6.8,roster,0,153.0,112.5,10.2,172.75,4.325,1.125,0.1471,3.4,96.52,30.39,26.8,39.04,41.975
2023-05-12 02:00:00,2,44,44,6.0,8.0,29.0,1.0,0.0,1.0,4,3,33,1,34,1,39.217,986.0,653.0,1739.0,39.217,3.0,6.8,roster,0,151.0,110.0,8.3889,157.73,5.289,1.1,0.4412,3.4318,94.38,29.52,13.4,40.43,43.475
2023-05-12 03:00:00,3,47,47,6.0,8.0,32.0,1.0,0.0,1.0,4,4,33,1,34,1,40.217,1046.0,713.0,1799.0,40.217,3.0,6.8,roster,0,160.0,117.5,8.8889,165.56,6.0025,1.175,0.5882,3.4043,100.82,29.52,13.4,41.83,44.975
2023-05-12 04:00:00,4,44,44,6.0,8.0,29.0,1.0,0.0,1.0,2,1,33,1,34,1,41.217,1106.0,773.0,1859.0,41.217,3.0,6.8,roster,0,151.0,110.0,8.3889,160.52,4.2797,1.1,0.1471,3.4318,94.38,29.52,13.4,43.22,46.475
2023-05-12 05:00:00,5,44,44,6.0,9.0,28.0,1.0,0.0,1.0,2,2,33,1,34,1,42.217,1166.0,833.0,1919.0,42.217,3.0,6.8,roster,0,152.0,110.0,8.4444,161.92,4.816,1.1,0.2941,3.4545,94.38,29.52,13.4,44.62,47.975
2023-05-12 06:00:00,6,43,43,6.0,8.0,28.0,1.0,0.0,1.0,4,1,34,1,35,1,43.217,1189.0,842.0,1979.0,43.217,3.0,6.8,roster,0,148.0,107.5,9.8667,162.04,4.2062,1.075,0.1471,3.4419,92.24,30.39,13.4,46.01,49.475
2023-05-12 07:00:00,7,44,44,6.0,8.0,29.0,1.0,0.0,1.0,2,1,34,1,35,1,44.217,1249.0,902.0,2039.0,44.217,3.0,6.8,roster,0,151.0,110.0,10.0667,165.58,4.2797,1.1,0.1471,3.4318,94.38,30.39,13.4,47.41,50.975
2023-05-12 08:00:00,8,52,52,6.0,10.0,35.0,1.0,0.0,1.0,12,10,34,1,35,1,45.217,1309.0,962.0,2099.0,45.217,3.0,6.7,roster,0,177.0,130.0,11.8,184.13,9.5054,1.3,1.4925,3.4038,111.54,30.39,13.4,48.8,52.475
2023-05-12 09:00:00,9,54,54,6.0,9.0,33.0,6.0,0.0,1.0,8,9,34,1,35,1,46.217,1337.0,935.0,2146.0,46.217,3.0,6.7,roster,0,177.0,135.0,11.8,189.52,8.828,1.35,1.3433,3.2778,115.83,30.39,13.4,49.89,53.65
2023-05-12 10:00:00,10,54,54,5.0,11.0,30.0,8.0,0.0,1.0,12,11,29,1,30,1,47.017,1413.0,995.0,2206.0,47.017,4.0,9.79,roster,0,175.0,135.0,4.375,186.57,8.0163,1.35,1.1236,3.2407,115.83,26.05,13.4,51.29,55.15
2023-05-12 11:00:00,11,61,61,5.0,12.0,35.0,9.0,0.0,1.0,14,14,28,1,29,1,44.25,1431.0,845.0,2139.0,44.25,4.0,9.79,roster,0,196.0,152.5,4.4545,199.16,9.4949,1.525,1.43,3.2131,130.84,25.18,13.4,49.73,53.475
2023-05-12 12:00:00,12,45,45,5.0,11.0,25.0,4.0,0.0,1.0,3,3,29,1,30,1,45.25,1155.5,250.0,1676.0,45.25,4.0,9.79,roster,0,152.0,112.5,3.8,154.94,4.8351,1.125,0.3064,3.3778,96.52,26.05,13.4,38.97,41.9
2023-05-12 13:00:00,13,39,39,4.0,10.0,22.0,3.0,0.0,1.0,5,4,24,2,26,2,46.083,1048.0,239.0,1551.0,46.083,4.0,9.79,roster,0,132.0,97.5,2.3571,149.09,4.6829,0.975,0.4086,3.3846,83.66,22.58,26.8,36.06,38.775
2023-05-12 14:00:00,14,39,39,4.0,11.0,20.0,4.0,0.0,1.0,11,9,19,2,21,2,47.083,1025.0,299.0,1317.0,47.083,4.0,9.79,roster,0,132.0,97.5,1.7368,139.31,6.4115,0.975,0.9193,3.3846,83.66,18.23,26.8,30.62,32.925
2023-05-12 15:00:00,15,39,39,4.0,10.0,18.0,7.0,0.0,1.0,10,10,17,2,19,2,41.333,267.0,111.0,1369.0,41.267,4.0,9.79,roster,0,128.0,97.5,1.5238,138.78,6.5525,0.975,1.0215,3.2821,83.66,16.5,26.8,31.83,34.225
2023-05-12 16:00:00,16,37,37,3.0,9.0,21.0,4.0,0.0,1.0,12,12,12,2,14,2,42.333,277.5,141.0,679.0,29.283,4.0,9.79,roster,0,122.0,92.5,1.1731,114.11,7.0916,0.925,1.2257,3.2973,79.36,12.16,26.8,15.79,16.975
2023-05-12 17:00:00,17,32,32,2.0,10.0,18.0,2.0,0.0,1.0,5,4,14,2,16,2,30.283,279.5,199.0,739.0,30.283,4.0,9.79,roster,0,108.0,80.0,1.125,106.51,4.079,0.8,0.4086,3.375,68.64,13.89,26.8,17.18,18.475
2023-05-12 18:00:00,18,33,33,2.0,10.0,20.0,1.0,0.0,1.0,8,8,15,2,17,2,31.283,311.0,252.0,539.0,31.283,4.0,9.79,roster,0,112.0,82.5,1.2174,104.88,5.5734,0.825,0.8172,3.3939,70.78,14.76,26.8,12.53,13.475
2023-05-12 19:00:00,19,33,33,2.0,8.0,20.0,1.0,2.0,1.0,12,11,15,2,17,2,32.283,371.0,312.0,599.0,32.283,4.0,9.79,roster,0,106.0,82.5,1.1522,106.27,6.2591,0.825,1.1236,3.2121,70.78,14.76,26.8,13.93,14.975
2023-05-12 20:00:00,20,40,40,2.0,10.0,24.0,1.0,3.0,1.0,14,13,17,2,19,2,33.283,397.0,238.0,659.0,33.283,4.0,10.82,roster,0,127.0,100.0,1.5119,124.42,6.9897,1.0,1.2015,3.175,85.8,16.5,26.8,15.32,16.475
2023-05-12 21:00:00,21,47,47,3.0,10.0,28.0,3.0,3.0,1.0,15,15,18,2,20,2,34.283,435.5,177.0,719.0,34.283,4.0,10.82,roster,0,148.0,117.5,1.85,141.7,8.0654,1.175,1.3863,3.1489,100.82,17.37,26.8,16.72,17.975
2023-05-12 22:00:00,22,50,50,2.0,10.0,31.0,4.0,3.0,1.0,13,13,18,2,20,2,35.283,460.0,173.0,779.0,35.283,3.0,7.73,roster,0,154.0,125.0,2.5667,149.53,9.0298,1.25,1.6818,3.08,107.25,17.37,26.8,18.11,19.475
2023-05-12 23:00:00,23,43,43,2.0,6.0,26.0,5.0,4.0,1.0,6,6,18,3,21,3,30.95,233.0,157.0,552.0,30.95,3.0,7.73,roster,0,126.0,107.5,2.2105,143.5,5.4244,1.075,0.7762,2.9302,92.24,18.23,40.2,12.83,13.8
2023-05-13 00:00:00,0,40,40,2.0,6.0,25.0,3.0,4.0,1.0,6,4,18,3,21,3,31.95,293.0,217.0,612.0,31.95,3.0,7.73,roster,0,119.0,100.0,2.0877,138.46,4.5145,1.0,0.5175,2.975,85.8,18.23,40.2,14.23,15.3
2023-05-13 01:00:00,1,34,34,2.0,8.0,20.0,1.0,3.0,1.0,5,5,18,3,21,3,32.95,353.0,277.0,672.0,32.95,3.0,7.73,roster,0,107.0,85.0,1.8772,126.99,4.7106,0.85,0.6468,3.1471,72.93,18.23,40.2,15.62,16.8
2023-05-13 02:00:00,2,34,34,2.0,7.0,21.0,2.0,2.0,1.0,8,6,18,3,21,3,33.95,413.0,337.0,732.0,33.95,3.0,7.73,roster,0,107.0,85.0,1.8772,128.38,5.1177,0.85,0.7762,3.1471,72.93,18.23,40.2,17.02,18.3
2023-05-13 03:00:00,3,31,31,2.0,6.0,20.0,1.0,2.0,1.0,2,1,21,3,24,3,34.95,426.5,334.0,792.0,34.95,3.0,7.73,roster,0,98.0,77.5,2.0417,125.95,2.859,0.775,0.1294,3.1613,66.5,20.84,40.2,18.41,19.8
2023-05-13 04:00:00,4,31,31,2.0,6.0,20.0,1.0,2.0,1.0,2,2,21,3,24,3,35.95,486.5,394.0,852.0,35.95,3.0,7.73,roster,0,98.0,77.5,2.0417,127.34,3.2679,0.775,0.2587,3.1613,66.5,20.84,40.2,19.81,21.3
2023-05-13 05:00:00,5,31,31,2.0,7.0,19.0,1.0,2.0,1.0,2,1,21,3,24,3,36.95,546.5,454.0,912.0,36.95,3.0,7.73,roster,0,99.0,77.5,2.0625,128.74,2.8881,0.775,0.1294,3.1935,66.5,20.84,40.2,21.2,22.8
2023-05-13 06:00:00,6,32,32,2.0,7.0,20.0,1.0,2.0,1.0,1,1,21,3,24,3,37.95,606.5,514.0,972.0,37.95,3.0,7.73,roster,0,102.0,80.0,2.125,132.28,2.9624,0.8,0.1294,3.1875,68.64,20.84,40.2,22.6,24.3
2023-05-13 07:00:00,7,32,32,2.0,7.0,20.0,1.0,2.0,1.0,4,3,21,3,24,3,38.95,666.5,574.0,1032.0,38.95,3.0,7.73,roster,0,102.0,80.0,2.125,133.67,3.7871,0.8,0.3881,3.1875,68.64,20.84,40.2,23.99,25.8
2023-05-13 08:00:00,8,30,30,2.0,7.0,18.0,1.0,2.0,1.0,3,2,20,3,23,3,39.95,733.0,634.0,1092.0,39.95,3.0,7.84,roster,0,96.0,75.0,1.8824,129.91,3.2163,0.75,0.2551,3.2,64.35,19.97,40.2,25.39,27.3
2023-05-13 09:00:00,9,31,31,2.0,7.0,18.0,2.0,2.0,1.0,4,4,19,3,22,3,40.95,813.0,718.0,1152.0,40.95,3.0,7.84,roster,0,98.0,77.5,1.8148,132.58,4.0629,0.775,0.5102,3.1613,66.5,19.1,40.2,26.78,28.8
2023-05-13 10:00:00,10,29,29,2.0,7.0,19.0,1.0,0.0,1.0,8,7,17,2,19,2,41.95,853.0,754.0,1148.0,41.95,4.0,11.16,roster,0,97.0,72.5,1.1548,112.19,4.523,0.725,0.6272,3.3448,62.2,16.5,26.8,26.69,28.7
2023-05-13 11:00:00,11,30,30,2.0,6.0,21.0,1.0,0.0,1.0,11,9,13,3,16,3,42.95,963.0,784.0,1272.0,42.95,4.0,11.16,roster,0,99.0,75.0,1.0312,128.02,5.1363,0.75,0.8065,3.3,64.35,13.89,40.2,29.57,31.8
2023-05-13 12:00:00,12,27,27,2.0,4.0,21.0,0.0,0.0,1.0,10,10,8,3,11,3,43.95,874.0,213.0,1391.0,43.95,4.0,11.16,roster,0,89.0,67.5,0.7672,120.01,5.1787,0.675,0.8961,3.2963,57.92,9.55,40.2,32.34,34.775
2023-05-13 13:00:00,13,30,30,2.0,6.0,22.0,0.0,0.0,1.0,12,12,7,3,10,3,44.817,919.0,187.0,1276.0,44.817,4.0,11.16,roster,0,100.0,75.0,0.8333,122.9,6.0842,0.75,1.0753,3.3333,64.35,8.68,40.2,29.67,31.9
2023-05-13 14:00:00,14,30,30,1.0,6.0,23.0,0.0,0.0,1.0,8,6,10,2,12,2,45.817,552.5,94.0,1336.0,45.817,4.0,11.16,roster,0,98.0,75.0,0.875,112.63,4.2063,0.75,0.5376,3.2667,64.35,10.42,26.8,31.06,33.4
2023-05-13 15:00:00,15,23,23,1.0,6.0,15.0,1.0,0.0,1.0,9,7,7,2,9,2,46.817,201.0,135.0,1269.0,46.817,4.0,11.16,roster,0,76.0,57.5,0.6129,93.45,3.9726,0.575,0.6272,3.3043,49.33,7.81,26.8,29.5,31.725
2023-05-13 16:00:00,16,30,30,2.0,8.0,18.0,2.0,0.0,1.0,12,11,8,2,10,2,47.817,228.0,114.0,1329.0,47.817,4.0,11.16,roster,0,100.0,75.0,0.8333,110.73,5.7855,0.75,0.9857,3.3333,64.35,8.68,26.8,30.9,33.225
2023-05-13 17:00:00,17,33,33,2.0,11.0,16.0,4.0,0.0,1.0,10,9,10,2,12,2,48.817,160.0,116.0,1389.0,48.817,4.0,11.16,roster,0,110.0,82.5,0.9821,120.3,5.4382,0.825,0.8065,3.3333,70.78,10.42,26.8,32.29,34.725
2023-05-13 18:00:00,18,34,34,2.0,15.0,16.0,1.0,0.0,1.0,10,9,12,2,14,2,49.817,195.5,142.0,381.0,49.817,4.0,11.16,roster,0,120.0,85.0,1.1538,100.74,5.8463,0.85,0.8065,3.5294,72.93,12.16,26.8,8.86,9.525
2023-05-13 19:00:00,19,36,36,1.0,12.0,19.0,4.0,0.0,1.0,12,11,10,2,12,2,50.817,269.5,202.0,1509.0,50.817,4.0,11.16,roster,0,118.0,90.0,1.0536,129.52,6.1808,0.9,0.9857,3.2778,77.22,10.42,26.8,35.08,37.725
2023-05-13 20:00:00,20,28,28,1.0,6.0,21.0,0.0,0.0,1.0,12,10,5,1,6,1,51.817,1035.0,296.0,1696.0,51.817,4.0,12.72,roster,0,92.0,70.0,0.6765,98.1,4.8831,0.7,0.7862,3.2857,60.06,5.21,13.4,39.43,42.4
2023-05-13 21:00:00,21,28,28,1.0,5.0,20.0,2.0,0.0,1.0,12,11,6,1,7,1,52.817,356.0,77.0,1756.0,52.817,4.0,12.72,roster,0,89.0,70.0,0.6742,100.37,4.9738,0.7,0.8648,3.1786,60.06,6.08,13.4,40.83,43.9
2023-05-13 22:00:00,22,27,27,1.0,6.0,19.0,1.0,0.0,1.0,11,9,5,1,6,1,53.817,453.5,137.0,1816.0,53.817,3.0,9.4,roster,0,88.0,67.5,0.8627,98.75,5.3206,0.675,0.9574,3.2593,57.92,5.21,13.4,42.22,45.4
2023-05-13 23:00:00,23,24,24,1.0,4.0,15.0,3.0,1.0,1.0,8,8,6,1,7,1,54.817,346.0,180.0,1876.0,54.817,3.0,9.4,roster,0,73.0,60.0,0.7374,94.58,4.4137,0.6,0.8511,3.0417,51.48,6.08,13.4,43.62,46.9
2023-05-14 00:00:00,0,21,21,1.0,5.0,13.0,2.0,0.0,1.0,9,7,6,2,8,2,55.817,331.5,240.0,1936.0,55.817,3.0,9.4,roster,0,68.0,52.5,0.7083,103.8,4.1113,0.525,0.7447,3.2381,45.04,6.95,26.8,45.01,48.4
2023-05-14 01:00:00,1,19,19,1.0,5.0,13.0,0.0,0.0,1.0,7,5,7,2,9,2,56.817,317.0,225.0,801.0,56.817,3.0,9.4,roster,0,64.0,47.5,0.6882,73.99,3.3917,0.475,0.5319,3.3684,40.75,7.81,26.8,18.62,20.025
2023-05-14 02:00:00,2,18,18,1.0,3.0,13.0,1.0,0.0,1.0,9,8,7,1,8,1,57.817,451.5,360.0,2056.0,57.817,3.0,9.4,roster,0,58.0,45.0,0.6042,86.76,4.1923,0.45,0.8511,3.2222,38.61,6.95,13.4,47.8,51.4
2023-05-14 03:00:00,3,20,20,1.0,3.0,13.0,3.0,0.0,1.0,8,8,8,1,9,1,58.817,437.0,345.0,921.0,58.817,3.0,9.4,roster,0,62.0,50.0,0.6667,65.53,4.1883,0.5,0.8511,3.1,42.9,7.81,13.4,21.41,23.025
2023-05-14 04:00:00,4,18,18,1.0,3.0,13.0,1.0,0.0,1.0,3,3,8,2,10,2,59.817,488.5,258.0,981.0,59.817,3.0,9.4,roster,0,58.0,45.0,0.6444,76.9,2.4784,0.45,0.3191,3.2222,38.61,8.68,26.8,22.81,24.525
2023-05-14 05:00:00,5,17,17,1.0,5.0,10.0,1.0,0.0,1.0,3,2,9,1,10,1,60.817,548.5,318.0,1041.0,60.817,3.0,9.4,roster,0,57.0,42.5,0.6333,62.75,2.1384,0.425,0.2128,3.3529,36.46,8.68,13.4,24.2,26.025
2023-05-14 06:00:00,6,18,18,1.0,5.0,12.0,0.0,0.0,1.0,3,3,10,1,11,1,61.817,600.0,277.0,1101.0,61.817,3.0,9.4,roster,0,61.0,45.0,0.7011,67.16,2.6066,0.45,0.3191,3.3889,38.61,9.55,13.4,25.6,27.525
2023-05-14 07:00:00,7,22,22,1.0,7.0,14.0,0.0,0.0,1.0,6,6,10,1,11,1,62.817,660.0,337.0,1161.0,62.817,3.0,9.4,roster,0,75.0,55.0,0.8621,77.13,4.051,0.55,0.6383,3.4091,47.19,9.55,13.4,26.99,29.025
2023-05-14 08:00:00,8,29,29,1.0,8.0,19.0,0.0,1.0,1.0,10,8,12,1,13,1,63.817,645.0,269.0,886.0,63.817,3.0,7.28,roster,0,95.0,72.5,1.1728,87.49,5.9748,0.725,1.0989,3.2759,62.2,11.29,13.4,20.6,22.15
2023-05-14 09:00:00,9,28,28,1.0,9.0,15.0,2.0,1.0,1.0,9,7,13,1,14,1,64.817,507.5,144.0,946.0,64.817,3.0,7.28,roster,0,91.0,70.0,1.1667,87.61,5.4,0.7,0.9615,3.25,60.06,12.16,13.4,21.99,23.65
2023-05-14 10:00:00,10,29,29,1.0,6.0,16.0,5.0,1.0,1.0,19,16,6,1,7,1,65.817,618.0,204.0,2536.0,65.817,4.0,11.15,roster,0,88.0,72.5,0.6667,120.65,6.5544,0.725,1.435,3.0345,62.2,6.08,13.4,58.96,63.4
2023-05-14 11:00:00,11,29,29,1.0,9.0,17.0,2.0,0.0,1.0,14,13,6,1,7,1,66.817,264.0,111.0,2596.0,66.817,4.0,11.15,roster,0,96.0,72.5,0.7273,122.04,6.2596,0.725,1.1659,3.3103,62.2,6.08,13.4,60.36,64.9
2023-05-14 12:00:00,12,36,36,1.0,10.0,20.0,5.0,0.0,1.0,17,15,8,1,9,1,67.817,245.0,169.0,450.0,67.817,4.0,11.15,roster,0,115.0,90.0,0.9274,88.9,7.1725,0.9,1.3453,3.1944,77.22,7.81,13.4,10.46,11.25
2023-05-14 13:00:00,13,32,32,0.0,11.0,17.0,4.0,0.0,1.0,11,12,12,0,12,0,45.267,183.0,119.0,384.0,45.267,4.0,11.15,roster,0,103.0,80.0,0.9196,67.99,6.0391,0.8,1.0762,3.2188,68.64,10.42,0.0,8.93,9.6
2023-05-14 14:00:00,14,42,42,1.0,12.0,22.0,6.0,1.0,1.0,15,15,13,0,13,0,46.267,191.0,134.0,291.0,46.267,4.0,11.15,roster,0,132.0,105.0,1.2222,88.14,7.5281,1.05,1.3453,3.1429,90.09,11.29,0.0,6.77,7.275
2023-05-14 15:00:00,15,45,45,1.0,13.0,20.0,10.0,1.0,1.0,15,12,15,1,16,1,47.267,195.5,164.0,351.0,47.267,4.0,11.15,roster,0,138.0,112.5,1.4375,111.98,6.7504,1.125,1.0762,3.0667,96.52,13.89,13.4,8.16,8.775
2023-05-14 16:00:00,16,41,41,1.0,13.0,22.0,5.0,0.0,1.0,13,11,16,1,17,1,48.267,254.0,171.0,317.0,48.267,4.0,11.15,roster,0,133.0,102.5,1.4457,103.48,6.5253,1.025,0.9865,3.2439,87.94,14.76,13.4,7.37,7.925
2023-05-14 17:00:00,17,31,31,1.0,12.0,14.0,4.0,0.0,1.0,6,5,17,1,18,1,49.267,311.5,218.0,377.0,49.267,4.0,11.15,roster,0,103.0,77.5,1.1705,84.29,4.0649,0.775,0.4484,3.3226,66.5,15.63,13.4,8.77,9.425
2023-05-14 18:00:00,18,37,37,1.0,11.0,20.0,4.0,1.0,1.0,16,13,16,1,17,1,50.267,374.0,278.0,437.0,50.267,4.0,11.15,roster,0,118.0,92.5,1.2826,97.69,6.6683,0.925,1.1659,3.1892,79.36,14.76,13.4,10.16,10.925
2023-05-14 19:00:00,19,30,30,2.0,12.0,12.0,3.0,1.0,1.0,10,8,16,1,17,1,51.267,434.0,338.0,497.0,51.267,4.0,11.15,roster,0,101.0,75.0,1.0978,84.07,4.9405,0.75,0.7175,3.3667,64.35,14.76,13.4,11.56,12.425
2023-05-14 20:00:00,20,40,40,2.0,11.0,24.0,2.0,1.0,1.0,18,17,17,1,18,1,52.267,482.5,390.0,557.0,52.267,4.0,10.25,roster,0,131.0,100.0,1.4886,107.78,8.7067,1.0,1.6585,3.275,85.8,15.63,13.4,12.95,13.925
2023-05-14 21:00:00,21,43,43,2.0,13.0,23.0,4.0,1.0,1.0,17,16,17,1,18,1,53.267,527.5,384.0,611.0,53.267,4.0,10.25,roster,0,140.0,107.5,1.5909,115.47,8.5822,1.075,1.561,3.2558,92.24,15.63,13.4,14.21,15.275
2023-05-14 22:00:00,22,42,42,2.0,12.0,25.0,2.0,1.0,1.0,10,8,19,1,20,1,54.267,557.5,336.0,671.0,54.267,3.0,6.38,roster,0,138.0,105.0,2.3,116.46,7.57,1.05,1.2539,3.2857,90.09,17.37,13.4,15.6,16.775
2023-05-14 23:00:00,23,40,40,2.0,12.0,23.0,2.0,1.0,1.0,8,8,19,1,20,1,55.267,617.5,396.0,731.0,55.267,3.0,6.38,roster,0,132.0,100.0,2.2,113.56,7.4379,1.0,1.2539,3.3,85.8,17.37,13.4,17.0,18.275
2023-05-15 00:00:00,0,31,31,2.0,12.0,14.0,2.0,1.0,1.0,3,3,19,1,20,1,56.267,677.5,456.0,791.0,56.267,3.0,6.38,roster,0,105.0,77.5,1.75,95.65,4.2177,0.775,0.4702,3.3871,66.5,17.37,13.4,18.39,19.775
2023-05-15 01:00:00,1,30,30,2.0,12.0,14.0,1.0,1.0,1.0,2,2,19,1,20,1,57.267,737.5,516.0,851.0,57.267,3.0,6.38,roster,0,103.0,75.0,1.7167,94.9,3.6513,0.75,0.3135,3.4333,64.35,17.37,13.4,19.79,21.275
2023-05-15 02:00:00,2,29,29,2.0,13.0,12.0,1.0,1.0,1.0,2,1,19,1,20,1,58.267,797.5,576.0,911.0,58.267,3.0,6.38,roster,0,101.0,72.5,1.6833,94.15,3.0709,0.725,0.1567,3.4828,62.2,17.37,13.4,21.18,22.775
2023-05-15 03:00:00,3,29,29,2.0,14.0,10.0,2.0,1.0,1.0,3,3,20,1,21,1,59.267,831.0,508.0,959.0,59.267,3.0,6.38,roster,0,101.0,72.5,1.7719,96.14,4.1627,0.725,0.4702,3.4828,62.2,18.23,13.4,22.3,23.975
2023-05-15 04:00:00,4,29,29,2.0,13.0,12.0,1.0,1.0,1.0,4,2,21,1,22,1,60.267,884.5,504.0,1019.0,60.267,3.0,6.38,roster,0,101.0,72.5,1.8704,98.4,3.6168,0.725,0.3135,3.4828,62.2,19.1,13.4,23.69,25.475
2023-05-15 05:00:00,5,28,28,2.0,13.0,10.0,2.0,1.0,1.0,2,2,21,1,22,1,61.267,944.5,564.0,1079.0,61.267,3.0,6.38,roster,0,97.0,70.0,1.7963,97.65,3.511,0.7,0.3135,3.4643,60.06,19.1,13.4,25.09,26.975
2023-05-15 06:00:00,6,32,32,2.0,13.0,14.0,2.0,1.0,1.0,7,5,21,1,22,1,62.267,1004.5,624.0,1139.0,62.267,3.0,6.38,roster,0,109.0,80.0,2.0185,107.62,5.3945,0.8,0.7837,3.4062,68.64,19.1,13.4,26.48,28.475
2023-05-15 07:00:00,7,33,33,2.0,13.0,16.0,1.0,1.0,1.0,3,3,22,1,23,1,63.267,1058.0,657.0,1199.0,63.267,3.0,6.38,roster,0,113.0,82.5,2.2157,112.03,4.4351,0.825,0.4702,3.4242,70.78,19.97,13.4,27.88,29.975
2023-05-15 08:00:00,8,35,35,2.0,13.0,16.0,3.0,1.0,1.0,4,3,22,1,23,1,64.267,1118.0,717.0,1259.0,64.267,3.0,6.4,roster,0,117.0,87.5,2.2941,117.72,4.492,0.875,0.4688,3.3429,75.08,19.97,13.4,29.27,31.475
2023-05-15 09:00:00,9,41,41,2.0,15.0,22.0,2.0,0.0,1.0,10,8,22,1,23,1,65.267,1178.0,777.0,1319.0,65.267,3.0,6.4,roster,0,140.0,102.5,2.7451,131.98,7.7683,1.025,1.25,3.4146,87.94,19.97,13.4,30.67,32.975
2023-05-15 10:00:00,10,51,51,2.0,15.0,31.0,3.0,0.0,1.0,16,17,21,3,24,3,66.267,1197.0,711.0,1379.0,66.267,4.0,10.1,roster,0,169.0,127.5,2.6406,182.5,9.8026,1.275,1.6832,3.3137,109.39,20.84,40.2,32.06,34.475
2023-05-15 11:00:00,11,51,51,2.0,14.0,34.0,1.0,0.0,1.0,12,12,24,3,27,3,67.267,924.0,99.0,1394.0,67.267,4.0,10.1,roster,0,170.0,127.5,3.2692,185.45,8.2104,1.275,1.1881,3.3333,109.39,23.44,40.2,32.41,34.85
2023-05-15 12:00:00,12,57,57,2.0,14.0,39.0,2.0,0.0,1.0,12,12,29,4,33,4,68.267,213.0,124.0,1358.0,68.267,4.0,10.1,roster,0,187.0,142.5,6.6786,216.09,8.5729,1.425,1.1881,3.2807,122.26,28.65,53.6,31.57,33.95
2023-05-15 13:00:00,13,58,58,2.0,13.0,40.0,3.0,0.0,1.0,12,12,27,5,32,5,69.267,201.5,159.0,1236.0,69.267,4.0,10.1,roster,0,188.0,145.0,5.875,227.93,8.5511,1.45,1.1881,3.2414,124.41,27.79,67.0,28.74,30.9
2023-05-15 14:00:00,14,60,60,1.0,13.0,44.0,2.0,0.0,1.0,12,11,28,3,31,3,70.267,247.0,187.0,1168.0,70.267,4.0,10.1,roster,0,193.0,150.0,5.3611,202.97,8.3283,1.5,1.0891,3.2167,128.7,26.92,40.2,27.16,29.2
2023-05-15 15:00:00,15,53,53,1.0,10.0,40.0,2.0,0.0,1.0,9,8,25,2,27,2,71.267,307.0,236.0,1228.0,71.267,4.0,10.1,roster,0,169.0,132.5,3.25,172.48,6.7507,1.325,0.7921,3.1887,113.68,23.44,26.8,28.55,30.7
2023-05-15 16:00:00,16,51,51,1.0,12.0,36.0,1.0,1.0,1.0,9,7,21,2,23,2,72.267,357.0,296.0,630.0,72.267,4.0,10.1,roster,0,164.0,127.5,2.4118,150.81,6.3287,1.275,0.6931,3.2157,109.39,19.97,26.8,14.65,15.75
2023-05-15 17:00:00,17,52,52,1.0,12.0,37.0,2.0,0.0,1.0,8,8,23,2,25,2,73.267,412.0,313.0,530.0,73.267,4.0,10.1,roster,0,168.0,130.0,2.8,152.37,6.759,1.3,0.7921,3.2308,111.54,21.71,26.8,12.32,13.25
2023-05-15 18:00:00,18,53,53,2.0,12.0,37.0,2.0,0.0,1.0,10,10,24,1,25,1,74.267,472.0,370.0,590.0,74.267,4.0,10.1,roster,0,173.0,132.5,2.8833,142.51,7.5568,1.325,0.9901,3.2642,113.68,21.71,13.4,13.72,14.75
2023-05-15 19:00:00,19,51,51,1.0,12.0,34.0,4.0,0.0,1.0,12,11,27,1,28,1,75.267,485.5,189.0,579.0,75.267,4.0,10.1,roster,0,163.0,127.5,3.3958,140.57,7.5559,1.275,1.0891,3.1961,109.39,24.31,13.4,13.46,14.475
2023-05-15 20:00:00,20,55,55,1.0,12.0,35.0,7.0,0.0,1.0,14,14,23,0,23,0,76.267,490.0,218.0,610.0,76.267,4.0,10.06,roster,0,172.0,137.5,2.5294,132.13,8.6521,1.375,1.3917,3.1273,117.98,19.97,0.0,14.18,15.25
2023-05-15 21:00:00,21,64,64,1.0,15.0,41.0,7.0,0.0,1.0,17,16,24,0,24,0,77.267,476.5,238.0,657.0,77.267,4.0,10.06,roster,0,202.0,160.0,3.1562,153.39,10.0699,1.6,1.5905,3.1562,137.28,20.84,0.0,15.28,16.425
2023-05-15 22:00:00,22,60,60,1.0,17.0,36.0,5.0,1.0,1.0,10,10,27,0,27,0,78.267,409.0,241.0,712.0,78.267,3.0,6.36,roster,0,192.0,150.0,4.9231,148.7,9.8314,1.5,1.5723,3.2,128.7,23.44,0.0,16.55,17.8
2023-05-15 23:00:00,23,55,55,1.0,17.0,33.0,2.0,2.0,1.0,8,7,29,0,29,0,79.267,429.0,238.0,735.0,79.267,3.0,6.36,roster,0,178.0,137.5,5.3939,140.24,8.012,1.375,1.1006,3.2364,117.98,25.18,0.0,17.09,18.375
2023-05-16 00:00:00,0,51,51,1.0,16.0,32.0,2.0,0.0,1.0,7,7,29,1,30,1,80.267,478.0,283.0,795.0,80.267,3.0,6.36,roster,0,169.0,127.5,5.6333,147.33,7.8722,1.275,1.1006,3.3137,109.39,26.05,13.4,18.48,19.875
2023-05-16 01:00:00,1,49,49,2.0,15.0,31.0,1.0,0.0,1.0,6,5,29,1,30,1,81.267,538.0,343.0,855.0,81.267,3.0,6.36,roster,0,165.0,122.5,5.5,144.43,6.7723,1.225,0.7862,3.3673,105.1,26.05,13.4,19.88,21.375
2023-05-16 02:00:00,2,48,48,2.0,14.0,32.0,0.0,0.0,1.0,4,4,31,0,31,0,82.267,587.0,358.0,915.0,82.267,3.0,6.36,roster,0,162.0,120.0,6.0,131.15,6.1726,1.2,0.6289,3.375,102.96,26.92,0.0,21.27,22.875
2023-05-16 03:00:00,3,45,45,3.0,14.0,28.0,0.0,0.0,1.0,4,4,31,0,31,0,83.267,647.0,418.0,975.0,83.267,3.0,6.36,roster,0,155.0,112.5,5.7407,126.11,6.0413,1.125,0.6289,3.4444,96.52,26.92,0.0,22.67,24.375
2023-05-16 04:00:00,4,46,46,3.0,15.0,28.0,0.0,0.0,1.0,6,5,31,0,31,0,84.267,707.0,478.0,1035.0,84.267,3.0,6.36,roster,0,159.0,115.0,5.8889,129.65,6.6924,1.15,0.7862,3.4565,98.67,26.92,0.0,24.06,25.875
2023-05-16 05:00:00,5,45,45,3.0,15.0,26.0,1.0,0.0,1.0,4,3,32,0,32,0,85.267,762.5,538.0,1095.0,85.267,3.0,6.36,roster,0,155.0,112.5,6.4583,129.77,5.4997,1.125,0.4717,3.4444,96.52,27.79,0.0,25.46,27.375
2023-05-16 06:00:00,6,45,45,2.0,15.0,27.0,1.0,0.0,1.0,2,2,33,0,33,0,86.267,818.0,588.0,1147.0,86.267,3.0,6.36,roster,0,153.0,112.5,7.2857,131.85,4.8942,1.125,0.3145,3.4,96.52,28.65,0.0,26.67,28.675
2023-05-16 07:00:00,7,45,45,2.0,15.0,27.0,1.0,0.0,1.0,4,3,33,0,33,0,87.267,878.0,648.0,1207.0,87.267,3.0,6.36,roster,0,153.0,112.5,7.2857,133.24,5.4288,1.125,0.4717,3.4,96.52,28.65,0.0,28.06,30.175
2023-05-16 08:00:00,8,46,46,2.0,15.0,28.0,1.0,0.0,1.0,4,4,33,0,33,0,88.267,938.0,708.0,1267.0,88.267,3.0,7.33,roster,0,156.0,115.0,7.4286,136.78,5.7506,1.15,0.5457,3.3913,98.67,28.65,0.0,29.46,31.675
2023-05-16 09:00:00,9,47,47,3.0,20.0,24.0,0.0,0.0,1.0,10,11,29,0,29,0,89.267,915.0,729.0,1335.0,89.267,3.0,7.33,roster,0,167.0,117.5,5.0606,137.03,9.5072,1.175,1.5007,3.5532,100.82,25.18,0.0,31.04,33.375
2023-05-16 10:00:00,10,50,50,3.0,21.0,26.0,0.0,0.0,1.0,13,13,28,0,28,0,47.283,929.5,769.0,1387.0,47.283,4.0,11.2,roster,0,177.0,125.0,3.6875,143.81,8.5339,1.25,1.1607,3.54,107.25,24.31,0.0,32.25,34.675
2023-05-16 11:00:00,11,51,51,3.0,21.0,27.0,0.0,0.0,1.0,9,9,29,0,29,0,48.283,943.0,602.0,1189.0,48.283,4.0,11.2,roster,0,180.0,127.5,4.0909,142.22,7.3361,1.275,0.8036,3.5294,109.39,25.18,0.0,27.64,29.725
2023-05-16 12:00:00,12,60,60,5.0,23.0,32.0,0.0,0.0,1.0,15,14,29,0,29,0,49.283,958.0,466.0,1209.0,49.283,4.0,11.2,roster,0,213.0,150.0,4.8409,161.99,9.7625,1.5,1.25,3.55,128.7,25.18,0.0,28.11,30.225
2023-05-16 13:00:00,13,57,57,6.0,22.0,29.0,0.0,0.0,1.0,9,10,32,0,32,0,50.283,944.5,215.0,1198.0,50.283,4.0,11.2,roster,0,205.0,142.5,6.4062,157.9,8.3362,1.425,0.8929,3.5965,122.26,27.79,0.0,27.85,29.95
2023-05-16 14:00:00,14,54,54,6.0,21.0,27.0,0.0,0.0,1.0,7,7,31,0,31,0,51.283,803.0,252.0,1255.0,51.283,4.0,11.2,roster,0,195.0,135.0,5.4167,151.93,7.1319,1.35,0.625,3.6111,115.83,26.92,0.0,29.18,31.375
2023-05-16 15:00:00,15,52,52,6.0,19.0,27.0,0.0,0.0,1.0,7,7,30,0,30,0,52.283,401.5,218.0,1198.0,52.283,4.0,11.2,roster,0,187.0,130.0,4.675,145.44,6.9226,1.3,0.625,3.5962,111.54,26.05,0.0,27.85,29.95
2023-05-16 16:00:00,16,59,59,6.0,23.0,30.0,0.0,0.0,1.0,15,15,33,0,33,0,53.283,401.0,269.0,1198.0,53.283,4.0,11.2,roster,0,212.0,147.5,7.5714,163.06,10.1123,1.475,1.3393,3.5932,126.56,28.65,0.0,27.85,29.95
2023-05-16 17:00:00,17,60,60,6.0,24.0,30.0,0.0,0.0,1.0,5,5,39,0,39,0,54.283,432.0,183.0,1226.0,54.283,4.0,11.2,roster,0,216.0,150.0,54.0,171.07,7.0071,1.5,0.4464,3.6,128.7,33.86,0.0,28.5,30.65
2023-05-16 18:00:00,18,59,59,5.0,22.0,32.0,0.0,0.0,1.0,11,9,39,0,39,0,55.283,492.0,237.0,1286.0,55.283,4.0,11.2,roster,0,209.0,147.5,52.25,170.32,8.0715,1.475,0.8036,3.5424,126.56,33.86,0.0,29.9,32.15
2023-05-16 19:00:00,19,60,60,5.0,21.0,34.0,0.0,0.0,1.0,10,10,41,0,41,0,56.283,514.0,267.0,1309.0,56.283,4.0,11.2,roster,0,211.0,150.0,52.75,174.73,8.4149,1.5,0.8929,3.5167,128.7,35.6,0.0,30.43,32.725
2023-05-16 20:00:00,20,63,63,5.0,20.0,37.0,1.0,0.0,1.0,9,9,40,0,40,0,57.283,546.0,327.0,1369.0,57.283,4.0,10.45,roster,0,218.0,157.5,54.5,181.7,8.4302,1.575,0.8612,3.4603,135.14,34.73,0.0,31.83,34.225
2023-05-16 21:00:00,21,67,67,5.0,20.0,40.0,2.0,0.0,1.0,13,11,40,0,40,0,58.283,606.0,387.0,1429.0,58.283,4.0,10.45,roster,0,229.0,167.5,57.25,191.67,9.3228,1.675,1.0526,3.4179,143.72,34.73,0.0,33.22,35.725
2023-05-16 22:00:00,22,57,57,5.0,22.0,29.0,1.0,0.0,1.0,6,6,40,0,40,0,59.283,666.0,447.0,1489.0,59.283,3.0,6.58,roster,0,202.0,142.5,67.3333,171.62,8.2815,1.425,0.9119,3.5439,122.26,34.73,0.0,34.62,37.225
2023-05-16 23:00:00,23,57,57,5.0,24.0,27.0,1.0,0.0,1.0,7,5,43,0,43,0,60.283,693.0,463.0,1343.0,60.283,3.0,6.58,roster,0,204.0,142.5,68.0,170.83,7.8196,1.425,0.7599,3.5789,122.26,37.34,0.0,31.22,33.575
2023-05-17 00:00:00,0,67,67,6.0,25.0,35.0,1.0,0.0,1.0,12,12,45,0,45,0,61.283,749.0,515.0,1382.0,61.283,3.0,6.58,roster,0,237.0,167.5,79.0,194.92,12.376,1.675,1.8237,3.5373,143.72,39.07,0.0,32.13,34.55
2023-05-17 01:00:00,1,63,63,6.0,26.0,28.0,3.0,0.0,1.0,4,4,45,1,46,1,62.283,806.5,563.0,1442.0,62.283,3.0,6.58,roster,0,224.0,157.5,74.6667,202.0,7.7614,1.575,0.6079,3.5556,135.14,39.94,13.4,33.53,36.05
2023-05-17 02:00:00,2,61,61,6.0,24.0,25.0,6.0,0.0,1.0,3,3,46,1,47,1,63.283,864.0,616.0,1502.0,63.283,3.0,6.58,roster,0,213.0,152.5,71.0,199.98,6.917,1.525,0.4559,3.4918,130.84,40.81,13.4,34.92,37.55
2023-05-17 03:00:00,3,62,62,6.0,23.0,26.0,7.0,0.0,1.0,3,3,47,1,48,1,64.283,892.0,676.0,1562.0,64.283,3.0,6.58,roster,0,214.0,155.0,71.3333,204.39,6.9237,1.55,0.4559,3.4516,132.99,41.68,13.4,36.32,39.05
2023-05-17 04:00:00,4,59,59,6.0,23.0,25.0,5.0,0.0,1.0,1,1,47,1,48,1,65.283,952.0,736.0,1622.0,65.283,3.0,6.58,roster,0,207.0,147.5,69.0,199.35,5.7082,1.475,0.152,3.5085,126.56,41.68,13.4,37.71,40.55
2023-05-17 05:00:00,5,58,58,6.0,23.0,24.0,5.0,0.0,1.0,1,1,47,1,48,1,66.283,1012.0,796.0,1682.0,66.283,3.0,6.58,roster,0,204.0,145.0,68.0,198.6,5.6345,1.45,0.152,3.5172,124.41,41.68,13.4,39.11,42.05
2023-05-17 06:00:00,6,60,60,6.0,23.0,25.0,6.0,0.0,1.0,4,3,47,1,48,1,67.283,1072.0,856.0,1742.0,67.283,3.0,6.58,roster,0,209.0,150.0,69.6667,204.28,6.8131,1.5,0.4559,3.4833,128.7,41.68,13.4,40.5,43.55
2023-05-17 07:00:00,7,59,59,6.0,23.0,23.0,7.0,0.0,1.0,1,1,46,1,47,1,68.283,1100.0,896.0,1802.0,68.283,3.0,6.58,roster,0,205.0,147.5,68.3333,202.66,5.6531,1.475,0.152,3.4746,126.56,40.81,13.4,41.9,45.05
2023-05-17 08:00:00,8,62,62,6.0,23.0,28.0,5.0,0.0,1.0,7,6,46,1,47,1,69.283,1160.0,956.0,1862.0,69.283,3.0,6.4,roster,0,216.0,155.0,72.0,210.49,8.6661,1.55,0.9375,3.4839,132.99,40.81,13.4,43.29,46.55
2023-05-17 09:00:00,9,61,61,6.0,22.0,29.0,4.0,0.0,1.0,6,5,46,1,47,1,70.283,1155.0,909.0,1500.0,70.283,3.0,6.4,roster,0,213.0,152.5,71.0,199.93,8.053,1.525,0.7812,3.4918,130.84,40.81,13.4,34.88,37.5
2023-05-17 10:00:00,10,62,62,6.0,20.0,30.0,5.0,1.0,1.0,9,9,43,1,44,1,71.283,1158.0,761.0,1461.0,71.283,4.0,10.1,roster,0,211.0,155.0,52.75,198.56,8.3076,1.55,0.8911,3.4032,132.99,38.21,13.4,33.97,36.525
2023-05-17 11:00:00,11,66,66,7.0,21.0,28.0,10.0,0.0,1.0,15,15,42,1,43,1,72.283,1209.0,790.0,1521.0,72.283,4.0,10.1,roster,0,223.0,165.0,55.75,207.67,10.593,1.65,1.4851,3.3788,141.57,37.34,13.4,35.36,38.025
2023-05-17 12:00:00,12,67,67,8.0,23.0,31.0,5.0,0.0,1.0,12,9,44,3,47,3,73.283,1243.0,763.0,1534.0,73.283,4.0,10.1,roster,0,235.0,167.5,58.75,240.39,9.0005,1.675,0.8911,3.5075,143.72,40.81,40.2,35.67,38.35
2023-05-17 13:00:00,13,64,64,8.0,23.0,28.0,5.0,0.0,1.0,8,8,44,2,46,2,74.283,1299.0,705.0,1538.0,74.283,4.0,10.1,roster,0,226.0,160.0,56.5,219.78,8.447,1.6,0.7921,3.5312,137.28,39.94,26.8,35.76,38.45
2023-05-17 14:00:00,14,59,59,7.0,22.0,26.0,4.0,0.0,1.0,7,6,40,2,42,2,75.283,1349.0,371.0,1584.0,75.283,4.0,10.1,roster,0,209.0,147.5,52.25,206.65,7.3294,1.475,0.5941,3.5424,126.56,36.47,26.8,36.83,39.6
2023-05-17 15:00:00,15,62,62,5.0,23.0,27.0,7.0,0.0,1.0,12,10,39,2,41,2,76.283,1396.0,428.0,1524.0,76.283,4.0,10.1,roster,0,212.0,155.0,53.0,210.82,8.6855,1.55,0.9901,3.4194,132.99,35.6,26.8,35.43,38.1
2023-05-17 16:00:00,16,68,68,4.0,21.0,37.0,5.0,1.0,1.0,15,15,39,1,40,1,77.283,1408.0,488.0,1584.0,77.283,4.0,10.1,roster,0,226.0,170.0,56.5,210.82,10.5859,1.7,1.4851,3.3235,145.86,34.73,13.4,36.83,39.6
2023-05-17 17:00:00,17,66,66,4.0,21.0,37.0,3.0,1.0,1.0,7,7,42,1,43,1,78.283,1389.0,358.0,1635.0,78.283,4.0,10.1,roster,0,222.0,165.0,55.5,210.32,7.8812,1.65,0.6931,3.3636,141.57,37.34,13.4,38.01,40.875
2023-05-17 18:00:00,18,65,65,3.0,20.0,39.0,3.0,0.0,1.0,6,5,43,1,44,1,79.283,1359.5,418.0,1695.0,79.283,4.0,10.1,roster,0,218.0,162.5,54.5,210.44,7.1103,1.625,0.495,3.3538,139.42,38.21,13.4,39.41,42.375
2023-05-17 19:00:00,19,61,61,3.0,19.0,35.0,4.0,0.0,1.0,7,6,43,0,43,0,80.283,1509.0,478.0,1755.0,80.283,4.0,10.1,roster,0,204.0,152.5,51.0,188.99,7.0867,1.525,0.5941,3.3443,130.84,37.34,0.0,40.8,43.875
2023-05-17 20:00:00,20,62,62,3.0,17.0,38.0,3.0,1.0,1.0,15,11,42,1,43,1,81.283,1390.0,501.0,1815.0,81.283,4.0,10.42,roster,0,204.0,155.0,51.0,205.93,8.5735,1.55,1.0557,3.2903,132.99,37.34,13.4,42.2,45.375
2023-05-17 21:00:00,21,59,59,3.0,17.0,35.0,4.0,0.0,1.0,7,5,42,1,43,1,82.283,1376.0,541.0,1863.0,82.283,4.0,10.42,roster,0,196.0,147.5,49.0,200.61,6.4941,1.475,0.4798,3.322,126.56,37.34,13.4,43.31,46.575
2023-05-17 22:00:00,22,63,63,3.0,18.0,36.0,5.0,1.0,1.0,14,11,42,1,43,1,83.283,1392.0,497.0,1923.0,83.283,3.0,6.72,roster,0,206.0,157.5,68.6667,210.58,10.5024,1.575,1.6369,3.2698,135.14,37.34,13.4,44.71,48.075
2023-05-17 23:00:00,23,60,60,3.0,18.0,34.0,5.0,0.0,1.0,8,9,43,1,44,1,84.283,1387.0,557.0,1983.0,84.283,3.0,6.72,roster,0,199.0,150.0,66.3333,206.41,9.417,1.5,1.3393,3.3167,128.7,38.21,13.4,46.1,49.575
2023-05-18 00:00:00,0,63,63,3.0,19.0,36.0,5.0,0.0,1.0,10,10,45,1,46,1,85.283,1373.5,519.0,2037.0,85.283,3.0,6.72,roster,0,209.0,157.5,69.6667,215.84,10.1617,1.575,1.4881,3.3175,135.14,39.94,13.4,47.36,50.925
2023-05-18 01:00:00,1,58,58,3.0,19.0,33.0,3.0,0.0,1.0,3,3,46,1,47,1,86.283,1425.0,572.0,2097.0,86.283,3.0,6.72,roster,0,196.0,145.0,65.3333,207.38,6.4086,1.45,0.4464,3.3793,124.41,40.81,13.4,48.76,52.425
2023-05-18 02:00:00,2,56,56,3.0,19.0,32.0,2.0,0.0,1.0,2,2,47,1,48,1,87.283,1286.5,632.0,2157.0,87.283,3.0,6.72,roster,0,191.0,140.0,63.6667,205.35,5.7901,1.4,0.2976,3.4107,120.12,41.68,13.4,50.15,53.925
2023-05-18 03:00:00,3,57,57,3.0,19.0,32.0,3.0,0.0,1.0,3,3,47,1,48,1,88.283,1346.5,692.0,2217.0,88.283,3.0,6.72,roster,0,193.0,142.5,64.3333,208.89,6.3366,1.425,0.4464,3.386,122.26,41.68,13.4,51.55,55.425
2023-05-18 04:00:00,4,59,59,3.0,20.0,31.0,4.0,1.0,1.0,3,3,47,1,48,1,89.283,1406.5,752.0,2277.0,89.283,3.0,6.72,roster,0,197.0,147.5,65.6667,214.57,6.4156,1.475,0.4464,3.339,126.56,41.68,13.4,52.94,56.925
2023-05-18 05:00:00,5,58,58,3.0,20.0,31.0,4.0,0.0,1.0,3,2,48,1,49,1,90.283,1268.0,810.0,2307.0,90.283,3.0,6.72,roster,0,196.0,145.0,65.3333,213.99,5.9057,1.45,0.2976,3.3793,124.41,42.55,13.4,53.64,57.675
2023-05-18 06:00:00,6,58,58,3.0,20.0,30.0,5.0,0.0,1.0,4,2,48,1,49,1,91.283,1328.0,870.0,2367.0,91.283,3.0,6.72,roster,0,195.0,145.0,65.0,215.39,5.8756,1.45,0.2976,3.3621,124.41,42.55,13.4,55.03,59.175
2023-05-18 07:00:00,7,60,60,3.0,21.0,33.0,3.0,0.0,1.0,7,6,48,1,49,1,92.283,1388.0,930.0,2427.0,92.283,3.0,6.72,roster,0,204.0,150.0,68.0,221.07,8.1357,1.5,0.8929,3.4,128.7,42.55,13.4,56.43,60.675
2023-05-18 08:00:00,8,69,69,3.0,22.0,40.0,4.0,0.0,1.0,11,10,51,1,52,1,93.283,1340.0,782.0,2487.0,93.283,3.0,7.76,roster,0,231.0,172.5,77.0,244.38,10.0892,1.725,1.2887,3.3478,148.0,45.15,13.4,57.82,62.175
2023-05-18 09:00:00,9,76,76,3.0,23.0,48.0,2.0,0.0,1.0,10,10,53,1,54,1,94.283,1340.5,819.0,2529.0,94.283,3.0,7.76,roster,0,255.0,190.0,85.0,262.11,10.6988,1.9,1.2887,3.3553,163.02,46.89,13.4,58.8,63.225
2023-05-18 10:00:00,10,72,72,1.0,21.0,48.0,2.0,0.0,1.0,5,5,51,1,52,1,95.283,1331.0,709.0,2536.0,95.283,4.0,11.08,roster,0,237.0,180.0,59.25,251.95,7.4104,1.8,0.4513,3.2917,154.44,45.15,13.4,58.96,63.4
2023-05-18 11:00:00,11,69,69,1.0,18.0,47.0,3.0,0.0,1.0,6,6,47,1,48,1,96.283,1329.0,749.0,2290.0,96.283,4.0,11.08,roster,0,224.0,172.5,56.0,236.33,7.358,1.725,0.5415,3.2464,148.0,41.68,13.4,53.24,57.25
2023-05-18 12:00:00,12,65,65,1.0,15.0,44.0,5.0,0.0,1.0,8,8,42,1,43,1,97.283,1232.0,661.0,2232.0,97.283,4.0,11.08,roster,0,207.0,162.5,51.75,222.06,7.4744,1.625,0.722,3.1846,139.42,37.34,13.4,51.89,55.8
2023-05-18 13:00:00,13,64,64,0.0,16.0,42.0,6.0,0.0,1.0,9,9,40,1,41,1,98.283,1059.0,328.0,1558.0,98.283,4.0,11.08,roster,0,202.0,160.0,50.5,202.5,7.6137,1.6,0.8123,3.1562,137.28,35.6,13.4,36.22,38.95
2023-05-18 14:00:00,14,58,58,0.0,15.0,36.0,7.0,0.0,1.0,6,5,38,1,39,1,99.283,969.0,357.0,1618.0,99.283,4.0,11.08,roster,0,182.0,145.0,45.5,189.29,5.966,1.45,0.4513,3.1379,124.41,33.86,13.4,37.62,40.45
2023-05-18 15:00:00,15,55,55,1.0,10.0,37.0,7.0,0.0,1.0,11,9,34,1,35,1,69.25,952.0,379.0,1517.0,69.25,4.0,11.08,roster,0,170.0,137.5,8.5,177.04,6.7607,1.375,0.8123,3.0909,117.98,30.39,13.4,35.27,37.925
2023-05-18 16:00:00,16,54,54,0.0,10.0,36.0,8.0,0.0,1.0,10,10,32,1,33,1,50.25,541.0,289.0,1262.0,50.25,4.0,11.08,roster,0,164.0,135.0,5.8571,167.23,6.841,1.35,0.9025,3.037,115.83,28.65,13.4,29.34,31.55
2023-05-18 17:00:00,17,60,60,0.0,10.0,41.0,9.0,0.0,1.0,11,11,34,1,35,1,51.25,547.0,318.0,1313.0,51.25,4.0,11.08,roster,0,181.0,150.0,9.05,183.02,7.5199,1.5,0.9928,3.0167,128.7,30.39,13.4,30.53,32.825
2023-05-18 18:00:00,18,64,64,0.0,10.0,45.0,9.0,0.0,1.0,12,13,35,1,36,1,52.25,587.5,267.0,1373.0,52.25,4.0,11.08,roster,0,193.0,160.0,12.0625,193.86,8.3632,1.6,1.1733,3.0156,137.28,31.26,13.4,31.92,34.325
2023-05-18 19:00:00,19,61,61,0.0,10.0,43.0,8.0,0.0,1.0,9,9,39,1,40,1,53.25,608.5,278.0,1269.0,53.25,4.0,11.08,roster,0,185.0,152.5,46.25,188.48,7.0885,1.525,0.8123,3.0328,130.84,34.73,13.4,29.5,31.725
2023-05-18 20:00:00,20,67,67,0.0,14.0,42.0,11.0,0.0,1.0,17,15,40,1,41,1,54.25,520.0,263.0,1252.0,54.25,4.0,10.5,roster,0,204.0,167.5,51.0,201.82,9.4497,1.675,1.4286,3.0448,143.72,35.6,13.4,29.11,31.3
2023-05-18 21:00:00,21,64,64,0.0,15.0,42.0,7.0,0.0,1.0,10,8,41,1,42,1,46.933,546.5,210.0,1201.0,46.933,4.0,10.5,roster,0,200.0,160.0,50.0,195.07,7.381,1.6,0.7619,3.125,137.28,36.47,13.4,27.92,30.025
2023-05-18 22:00:00,22,71,71,1.0,15.0,48.0,7.0,0.0,1.0,18,17,38,1,39,1,35.483,595.0,255.0,1084.0,35.483,3.0,7.18,roster,0,223.0,177.5,74.3333,204.76,13.0115,1.775,2.3677,3.1408,152.29,33.86,13.4,25.2,27.1
2023-05-18 23:00:00,23,70,70,2.0,15.0,45.0,8.0,0.0,1.0,8,8,40,2,42,2,36.483,552.0,296.0,996.0,36.483,3.0,7.18,roster,0,221.0,175.0,73.6667,216.58,9.0427,1.75,1.1142,3.1571,150.15,36.47,26.8,23.16,24.9
2023-05-19 00:00:00,0,64,64,2.0,15.0,40.0,7.0,0.0,1.0,3,3,40,3,43,3,37.483,597.0,329.0,1056.0,37.483,3.0,7.18,roster,0,204.0,160.0,68.0,219.37,6.4318,1.6,0.4178,3.1875,137.28,37.34,40.2,24.55,26.4
2023-05-19 01:00:00,1,66,66,2.0,15.0,41.0,8.0,0.0,1.0,5,5,40,3,43,3,38.483,657.0,389.0,1116.0,38.483,3.0,7.18,roster,0,209.0,165.0,69.6667,225.05,7.4302,1.65,0.6964,3.1667,141.57,37.34,40.2,25.95,27.9
2023-05-19 02:00:00,2,54,54,1.0,14.0,33.0,6.0,0.0,1.0,1,1,41,3,44,3,39.483,709.0,449.0,1176.0,39.483,3.0,7.18,roster,0,172.0,135.0,57.3333,201.58,4.7436,1.35,0.1393,3.1852,115.83,38.21,40.2,27.34,29.4
2023-05-19 03:00:00,3,51,51,0.0,12.0,34.0,5.0,0.0,1.0,4,3,42,1,43,1,40.483,777.0,509.0,1236.0,40.483,3.0,7.18,roster,0,160.0,127.5,53.3333,168.87,5.3108,1.275,0.4178,3.1373,109.39,37.34,13.4,28.74,30.9
2023-05-19 04:00:00,4,48,48,0.0,12.0,31.0,5.0,0.0,1.0,0,0,42,1,43,1,41.483,837.0,569.0,1296.0,41.483,3.0,7.18,roster,0,151.0,120.0,50.3333,163.83,3.775,1.2,0.0,3.1458,102.96,37.34,13.4,30.13,32.4
2023-05-19 05:00:00,5,47,47,0.0,12.0,30.0,5.0,0.0,1.0,4,1,42,1,43,1,42.483,897.0,629.0,1356.0,42.483,3.0,7.18,roster,0,148.0,117.5,49.3333,163.08,4.1386,1.175,0.1393,3.1489,100.82,37.34,13.4,31.53,33.9
2023-05-19 06:00:00,6,47,47,0.0,11.0,32.0,4.0,0.0,1.0,3,2,42,1,43,1,43.483,957.0,689.0,1416.0,43.483,3.0,7.18,roster,0,148.0,117.5,49.3333,164.47,4.5771,1.175,0.2786,3.1489,100.82,37.34,13.4,32.92,35.4
2023-05-19 07:00:00,7,47,47,0.0,11.0,31.0,5.0,0.0,1.0,1,1,43,1,44,1,44.483,1009.0,749.0,1476.0,44.483,3.0,7.18,roster,0,147.0,117.5,49.0,166.74,4.1106,1.175,0.1393,3.1277,100.82,38.21,13.4,34.32,36.9
2023-05-19 08:00:00,8,48,48,0.0,11.0,32.0,5.0,0.0,1.0,2,1,43,1,44,1,45.483,1069.0,809.0,1536.0,45.483,3.0,8.02,roster,0,150.0,120.0,50.0,170.28,4.1397,1.2,0.1247,3.125,102.96,38.21,13.4,35.71,38.4
2023-05-19 09:00:00,9,45,45,0.0,10.0,30.0,5.0,0.0,1.0,3,2,38,1,39,1,46.483,1046.0,808.0,1528.0,46.483,3.0,8.02,roster,0,140.0,112.5,46.6667,159.31,4.2758,1.125,0.2494,3.1111,96.52,33.86,13.4,35.53,38.2
2023-05-19 10:00:00,10,47,47,0.0,10.0,33.0,4.0,0.0,1.0,11,9,33,2,35,2,46.35,990.0,855.0,1588.0,46.35,4.0,11.72,roster,0,147.0,117.5,7.35,174.93,6.0768,1.175,0.7679,3.1277,100.82,30.39,26.8,36.92,39.7
2023-05-19 11:00:00,11,43,43,0.0,11.0,28.0,4.0,0.0,1.0,11,10,29,2,31,2,40.033,1031.0,783.0,1558.0,40.033,4.0,11.72,roster,0,136.0,107.5,3.7778,162.18,6.0986,1.075,0.8532,3.1628,92.24,26.92,26.8,36.22,38.95
2023-05-19 12:00:00,12,44,44,0.0,10.0,30.0,4.0,0.0,1.0,7,7,31,3,34,3,41.033,1006.5,201.0,1242.0,41.033,4.0,11.72,roster,0,138.0,110.0,5.75,172.98,5.3233,1.1,0.5973,3.1364,94.38,29.52,40.2,28.88,31.05
2023-05-19 13:00:00,13,36,36,0.0,11.0,22.0,3.0,0.0,1.0,5,5,27,3,30,3,42.033,908.0,194.0,1302.0,42.033,4.0,11.72,roster,0,116.0,90.0,2.9,153.74,4.2747,0.9,0.4266,3.2222,77.22,26.05,40.2,30.27,32.55
2023-05-19 14:00:00,14,38,38,0.0,10.0,26.0,2.0,0.0,1.0,9,8,26,3,29,3,43.033,963.0,232.0,1362.0,43.033,4.0,11.72,roster,0,122.0,95.0,2.7727,158.56,5.2415,0.95,0.6826,3.2105,81.51,25.18,40.2,31.67,34.05
2023-05-19 15:00:00,15,43,43,0.0,10.0,29.0,4.0,0.0,1.0,12,11,26,3,29,3,44.033,599.0,266.0,1266.0,44.033,4.0,11.72,roster,0,135.0,107.5,3.0682,167.05,6.3217,1.075,0.9386,3.1395,92.24,25.18,40.2,29.43,31.65
2023-05-19 16:00:00,16,41,41,0.0,7.0,29.0,5.0,0.0,1.0,14,13,17,1,18,1,32.467,374.5,221.0,1289.0,32.467,4.0,11.72,roster,0,125.0,102.5,1.4205,126.94,6.5068,1.025,1.1092,3.0488,87.94,15.63,13.4,29.97,32.225
2023-05-19 17:00:00,17,39,39,0.0,8.0,27.0,4.0,0.0,1.0,7,7,18,1,19,1,33.467,393.0,265.0,1349.0,33.467,4.0,11.72,roster,0,121.0,97.5,1.4405,124.92,4.8781,0.975,0.5973,3.1026,83.66,16.5,13.4,31.36,33.725
2023-05-19 18:00:00,18,39,39,0.0,9.0,27.0,3.0,0.0,1.0,6,6,22,1,23,1,34.467,441.0,171.0,1203.0,34.467,4.0,11.72,roster,0,123.0,97.5,1.8088,125.0,4.6896,0.975,0.5119,3.1538,83.66,19.97,13.4,27.97,30.075
2023-05-19 19:00:00,19,44,44,1.0,10.0,30.0,3.0,0.0,1.0,11,11,22,1,23,1,35.467,420.0,228.0,1129.0,35.467,4.0,11.72,roster,0,141.0,110.0,2.0735,134.0,6.5327,1.1,0.9386,3.2045,94.38,19.97,13.4,26.25,28.225
2023-05-19 20:00:00,20,41,41,1.0,10.0,28.0,2.0,0.0,1.0,4,4,25,2,27,2,36.467,353.0,126.0,656.0,36.467,4.0,11.03,roster,0,133.0,102.5,2.5577,133.44,4.5014,1.025,0.3626,3.2439,87.94,23.44,26.8,15.25,16.4
2023-05-19 21:00:00,21,41,41,1.0,10.0,28.0,2.0,0.0,1.0,11,10,23,1,24,1,36.633,320.0,165.0,633.0,36.633,4.0,11.03,roster,0,133.0,102.5,2.0781,116.9,6.266,1.025,0.9066,3.2439,87.94,20.84,13.4,14.72,15.825
2023-05-19 22:00:00,22,41,41,1.0,9.0,29.0,2.0,0.0,1.0,10,7,23,1,24,1,28.1,343.0,204.0,600.0,28.1,3.0,7.33,roster,0,132.0,102.5,2.75,116.13,6.3746,1.025,0.955,3.2195,87.94,20.84,13.4,13.95,15.0
2023-05-19 23:00:00,23,42,42,1.0,8.0,32.0,0.0,1.0,1.0,11,9,23,1,24,1,29.1,385.5,250.0,625.0,29.1,3.0,7.33,roster,0,134.0,105.0,2.7917,118.86,7.2674,1.05,1.2278,3.1905,90.09,20.84,13.4,14.53,15.625
2023-05-20 00:00:00,0,37,37,1.0,8.0,28.0,0.0,0.0,1.0,10,7,24,0,24,0,30.1,400.0,302.0,601.0,30.1,3.0,7.33,roster,0,121.0,92.5,2.5208,94.18,6.148,0.925,0.955,3.2703,79.36,20.84,0.0,13.97,15.025
2023-05-20 01:00:00,1,37,37,1.0,8.0,26.0,2.0,0.0,1.0,5,5,27,0,27,0,31.1,405.0,278.0,653.0,31.1,3.0,7.33,roster,0,119.0,92.5,3.0513,97.99,5.1689,0.925,0.6821,3.2162,79.36,23.44,0.0,15.18,16.325
2023-05-20 02:00:00,2,40,40,1.0,8.0,30.0,1.0,0.0,1.0,7,6,28,0,28,0,32.1,462.5,338.0,713.0,32.1,3.0,7.33,roster,0,129.0,100.0,3.5833,106.69,5.8648,1.0,0.8186,3.225,85.8,24.31,0.0,16.58,17.825
2023-05-20 03:00:00,3,37,37,1.0,7.0,28.0,1.0,0.0,1.0,1,1,29,0,29,0,33.1,520.0,393.0,708.0,33.1,3.0,7.33,roster,0,119.0,92.5,3.6061,101.01,3.4138,0.925,0.1364,3.2162,79.36,25.18,0.0,16.46,17.7
2023-05-20 04:00:00,4,36,36,1.0,8.0,27.0,0.0,0.0,1.0,3,3,30,0,30,0,34.1,572.0,369.0,768.0,34.1,3.0,7.33,roster,0,118.0,90.0,3.9333,101.13,4.2915,0.9,0.4093,3.2778,77.22,26.05,0.0,17.86,19.2
2023-05-20 05:00:00,5,37,37,1.0,8.0,27.0,1.0,0.0,1.0,4,3,30,0,30,0,35.1,632.0,429.0,828.0,35.1,3.0,7.33,roster,0,120.0,92.5,4.0,104.67,4.3274,0.925,0.4093,3.2432,79.36,26.05,0.0,19.25,20.7
2023-05-20 06:00:00,6,36,36,1.0,8.0,27.0,0.0,0.0,1.0,2,2,30,0,30,0,36.1,692.0,489.0,888.0,36.1,3.0,7.33,roster,0,118.0,90.0,3.9333,103.92,3.8443,0.9,0.2729,3.2778,77.22,26.05,0.0,20.65,22.2
2023-05-20 07:00:00,7,42,42,1.0,9.0,28.0,4.0,0.0,1.0,6,6,30,0,30,0,37.1,752.0,549.0,948.0,37.1,3.0,7.33,roster,0,133.0,105.0,4.4333,118.18,5.9171,1.05,0.8186,3.1667,90.09,26.05,0.0,22.04,23.7
2023-05-20 08:00:00,8,45,45,2.0,9.0,29.0,5.0,0.0,1.0,6,4,30,0,30,0,38.1,812.0,609.0,1008.0,38.1,3.0,7.88,roster,0,143.0,112.5,4.7667,126.01,5.1881,1.125,0.5076,3.1778,96.52,26.05,0.0,23.44,25.2
2023-05-20 09:00:00,9,38,38,2.0,7.0,25.0,4.0,0.0,1.0,6,5,22,1,23,1,39.1,864.0,585.0,1133.0,39.1,3.0,7.88,roster,0,121.0,95.0,2.3725,121.22,5.0454,0.95,0.6345,3.1842,81.51,19.97,13.4,26.34,28.325
2023-05-20 10:00:00,10,43,43,3.0,6.0,31.0,3.0,0.0,1.0,12,12,23,1,24,1,40.1,860.0,628.0,1128.0,40.1,4.0,11.13,roster,0,138.0,107.5,2.1562,132.7,6.9102,1.075,1.0782,3.2093,92.24,20.84,13.4,26.23,28.2
2023-05-20 11:00:00,11,33,33,3.0,5.0,22.0,3.0,0.0,1.0,7,6,16,1,17,1,41.1,873.0,169.0,1094.0,41.1,4.0,11.13,roster,0,107.0,82.5,1.163,104.38,4.4229,0.825,0.5391,3.2424,70.78,14.76,13.4,25.44,27.35
2023-05-20 12:00:00,12,30,30,3.0,5.0,20.0,2.0,0.0,1.0,9,8,10,1,11,1,42.1,748.0,209.0,1154.0,42.1,4.0,11.13,roster,0,99.0,75.0,0.8534,94.13,4.847,0.75,0.7188,3.3,64.35,9.55,13.4,26.83,28.85
2023-05-20 13:00:00,13,39,39,3.0,7.0,24.0,5.0,0.0,1.0,12,12,12,1,13,1,26.433,289.0,181.0,819.0,26.433,4.0,11.13,roster,0,125.0,97.5,1.1574,107.38,6.5807,0.975,1.0782,3.2051,83.66,11.29,13.4,19.04,20.475
2023-05-20 14:00:00,14,41,41,4.0,7.0,28.0,2.0,0.0,1.0,14,13,16,2,18,2,27.433,233.0,105.0,868.0,27.433,4.0,11.13,roster,0,136.0,102.5,1.5455,130.56,7.2744,1.025,1.168,3.3171,87.94,15.63,26.8,20.18,21.7
2023-05-20 15:00:00,15,40,40,4.0,6.0,27.0,3.0,0.0,1.0,11,10,15,2,17,2,28.433,362.0,151.0,928.0,28.433,4.0,11.13,roster,0,131.0,100.0,1.4239,128.94,6.2175,1.0,0.8985,3.275,85.8,14.76,26.8,21.58,23.2
2023-05-20 16:00:00,16,45,45,3.0,5.0,33.0,4.0,0.0,1.0,13,11,16,1,17,1,29.433,234.0,140.0,469.0,29.433,4.0,11.13,roster,0,142.0,112.5,1.5435,115.59,6.6687,1.125,0.9883,3.1556,96.52,14.76,13.4,10.9,11.725
2023-05-20 17:00:00,17,50,50,3.0,7.0,37.0,3.0,0.0,1.0,11,9,18,1,19,1,30.433,279.0,170.0,529.0,30.433,4.0,11.13,roster,0,160.0,125.0,1.9048,129.45,6.5876,1.25,0.8086,3.2,107.25,16.5,13.4,12.3,13.225
2023-05-20 18:00:00,18,43,43,3.0,7.0,29.0,4.0,0.0,1.0,4,4,17,1,18,1,31.433,346.5,255.0,589.0,31.433,4.0,11.13,roster,0,138.0,107.5,1.5682,114.96,4.6034,1.075,0.3594,3.2093,92.24,15.63,13.4,13.69,14.725
2023-05-20 19:00:00,19,40,40,2.0,6.0,28.0,4.0,0.0,1.0,11,11,15,1,16,1,32.433,406.5,320.0,649.0,32.433,4.0,11.13,roster,0,126.0,100.0,1.3125,108.18,6.2632,1.0,0.9883,3.15,85.8,13.89,13.4,15.09,16.225
2023-05-20 20:00:00,20,43,43,2.0,6.0,31.0,3.0,1.0,1.0,12,11,17,1,18,1,33.433,425.5,275.0,662.0,33.433,4.0,10.58,roster,0,134.0,107.5,1.5227,116.66,6.59,1.075,1.0397,3.1163,92.24,15.63,13.4,15.39,16.55
2023-05-20 21:00:00,21,50,50,2.0,7.0,33.0,7.0,1.0,1.0,17,17,17,1,18,1,34.433,485.5,335.0,722.0,34.433,4.0,10.58,roster,0,152.0,125.0,1.7273,133.07,8.6847,1.25,1.6068,3.04,107.25,15.63,13.4,16.79,18.05
2023-05-20 22:00:00,22,54,54,1.0,9.0,36.0,8.0,0.0,1.0,20,21,17,1,18,1,35.433,545.5,395.0,782.0,35.433,3.0,7.33,roster,0,165.0,135.0,2.5,143.04,12.879,1.35,2.8649,3.0556,115.83,15.63,13.4,18.18,19.55
2023-05-20 23:00:00,23,44,44,1.0,10.0,26.0,6.0,1.0,1.0,8,8,19,1,20,1,36.433,570.0,274.0,842.0,36.433,3.0,7.33,roster,0,136.0,110.0,2.2667,124.72,6.7734,1.1,1.0914,3.0909,94.38,17.37,13.4,19.58,21.05
2023-05-21 00:00:00,0,38,38,1.0,7.0,27.0,3.0,0.0,1.0,11,10,21,1,22,1,37.433,617.5,245.0,764.0,37.433,3.0,7.33,roster,0,120.0,95.0,2.2222,111.78,7.3082,0.95,1.3643,3.1579,81.51,19.1,13.4,17.76,19.1
2023-05-21 01:00:00,1,39,39,1.0,7.0,28.0,3.0,0.0,1.0,7,6,22,1,23,1,38.433,675.0,296.0,824.0,38.433,3.0,7.33,roster,0,123.0,97.5,2.4118,116.18,5.6566,0.975,0.8186,3.1538,83.66,19.97,13.4,19.16,20.6
2023-05-21 02:00:00,2,38,38,1.0,7.0,28.0,2.0,0.0,1.0,4,4,23,1,24,1,39.433,700.5,356.0,884.0,39.433,3.0,7.33,roster,0,121.0,95.0,2.5208,116.3,4.7626,0.95,0.5457,3.1842,81.51,20.84,13.4,20.55,22.1
2023-05-21 03:00:00,3,32,32,1.0,7.0,22.0,2.0,0.0,1.0,4,1,22,1,23,1,40.433,795.0,416.0,944.0,40.433,3.0,7.33,roster,0,103.0,80.0,2.0196,103.96,3.0141,0.8,0.1364,3.2188,68.64,19.97,13.4,21.95,23.6
2023-05-21 04:00:00,4,34,34,1.0,7.0,24.0,2.0,0.0,1.0,5,4,22,1,23,1,41.433,855.0,476.0,1004.0,41.433,3.0,7.33,roster,0,109.0,85.0,2.1373,109.64,4.4745,0.85,0.5457,3.2059,72.93,19.97,13.4,23.34,25.1
2023-05-21 05:00:00,5,31,31,1.0,7.0,21.0,2.0,0.0,1.0,1,0,23,1,24,1,42.433,880.5,536.0,1064.0,42.433,3.0,7.33,roster,0,100.0,77.5,2.0833,105.47,2.5,0.775,0.0,3.2258,66.5,20.84,13.4,24.74,26.6
2023-05-21 06:00:00,6,33,33,1.0,7.0,23.0,2.0,0.0,1.0,3,3,23,1,24,1,43.433,940.5,596.0,1124.0,43.433,3.0,7.33,roster,0,106.0,82.5,2.2083,111.16,3.9646,0.825,0.4093,3.2121,70.78,20.84,13.4,26.13,28.1
2023-05-21 07:00:00,7,35,35,1.0,9.0,23.0,2.0,0.0,1.0,4,4,24,1,25,1,44.433,966.0,598.0,1134.0,44.433,3.0,7.33,roster,0,114.0,87.5,2.5333,116.55,4.6274,0.875,0.5457,3.2571,75.08,21.71,13.4,26.37,28.35
2023-05-21 08:00:00,8,33,33,1.0,7.0,23.0,2.0,0.0,1.0,6,2,25,1,26,1,45.433,1010.5,566.0,1194.0,45.433,3.0,7.76,roster,0,106.0,82.5,2.5238,114.52,3.4779,0.825,0.2577,3.2121,70.78,22.58,13.4,27.76,29.85
2023-05-21 09:00:00,9,40,40,1.0,8.0,29.0,2.0,0.0,1.0,11,9,24,1,25,1,46.433,1055.0,626.0,1254.0,46.433,3.0,7.76,roster,0,128.0,100.0,2.8444,130.06,6.9113,1.0,1.1598,3.2,85.8,21.71,13.4,29.16,31.35
2023-05-21 10:00:00,10,41,41,1.0,9.0,29.0,2.0,0.0,1.0,13,10,23,1,24,1,47.433,1130.5,660.0,1364.0,47.433,4.0,11.46,roster,0,132.0,102.5,2.0625,133.9,6.1093,1.025,0.8726,3.2195,87.94,20.84,13.4,31.71,34.1
2023-05-21 11:00:00,11,44,44,1.0,9.0,31.0,3.0,0.0,1.0,18,13,21,1,22,1,48.433,1084.5,460.0,1424.0,48.433,4.0,11.46,roster,0,140.0,110.0,1.9444,139.99,7.1094,1.1,1.1344,3.1818,94.38,19.1,13.4,33.11,35.6
2023-05-21 12:00:00,12,42,42,1.0,9.0,30.0,2.0,0.0,1.0,16,11,19,1,20,1,49.433,1144.5,520.0,1622.0,49.433,4.0,11.46,roster,0,135.0,105.0,1.6875,138.57,6.4603,1.05,0.9599,3.2143,90.09,17.37,13.4,37.71,40.55
2023-05-21 13:00:00,13,39,39,1.0,8.0,29.0,1.0,0.0,1.0,9,8,19,1,20,1,50.433,1204.5,580.0,1682.0,50.433,4.0,11.46,roster,0,126.0,97.5,1.575,133.53,5.4053,0.975,0.6981,3.2308,83.66,17.37,13.4,39.11,42.05
2023-05-21 14:00:00,14,42,42,2.0,11.0,29.0,0.0,0.0,1.0,15,10,19,1,20,1,51.433,1264.5,640.0,1742.0,51.433,4.0,11.46,roster,0,141.0,105.0,1.7625,141.36,6.4544,1.05,0.8726,3.3571,90.09,17.37,13.4,40.5,43.55
2023-05-21 15:00:00,15,47,47,2.0,11.0,33.0,1.0,0.0,1.0,18,15,23,1,24,1,52.433,1048.0,158.0,1664.0,52.433,4.0,11.46,roster,0,155.0,117.5,2.4219,153.74,8.1916,1.175,1.3089,3.2979,100.82,20.84,13.4,38.69,41.6
2023-05-21 16:00:00,16,38,38,2.0,8.0,28.0,0.0,0.0,1.0,8,5,22,1,23,1,53.433,1196.0,145.0,1724.0,53.433,4.0,11.46,roster,0,126.0,95.0,1.8529,134.96,4.5967,0.95,0.4363,3.3158,81.51,19.97,13.4,40.08,43.1
2023-05-21 17:00:00,17,42,42,2.0,9.0,28.0,3.0,0.0,1.0,7,7,22,1,23,1,54.433,1256.0,205.0,1784.0,54.433,4.0,11.46,roster,0,136.0,105.0,2.0,144.94,5.3779,1.05,0.6108,3.2381,90.09,19.97,13.4,41.48,44.6
2023-05-21 18:00:00,18,42,42,2.0,9.0,30.0,1.0,0.0,1.0,13,9,22,2,24,2,55.433,1228.0,265.0,1844.0,55.433,4.0,11.46,roster,0,138.0,105.0,2.1562,160.6,6.0304,1.05,0.7853,3.2857,90.09,20.84,26.8,42.87,46.1
2023-05-21 19:00:00,19,53,53,2.0,10.0,39.0,2.0,0.0,1.0,23,19,22,2,24,2,56.433,1288.0,325.0,1904.0,56.433,4.0,11.46,roster,0,171.0,132.5,2.6719,185.59,9.6242,1.325,1.6579,3.2264,113.68,20.84,26.8,44.27,47.6
2023-05-21 20:00:00,20,59,59,2.0,11.0,41.0,5.0,0.0,1.0,24,21,23,2,25,2,57.433,1260.0,377.0,1914.0,57.433,4.0,11.03,roster,0,187.0,147.5,3.1167,199.56,10.7094,1.475,1.9039,3.1695,126.56,21.71,26.8,44.5,47.85
2023-05-21 21:00:00,21,58,58,2.0,10.0,44.0,2.0,0.0,1.0,15,15,25,1,26,1,58.433,1190.0,430.0,1974.0,58.433,4.0,11.03,roster,0,186.0,145.0,3.3214,186.28,9.0111,1.45,1.3599,3.2069,124.41,22.58,13.4,45.9,49.35
2023-05-21 22:00:00,22,53,53,2.0,9.0,37.0,5.0,0.0,1.0,11,10,28,1,29,1,59.433,1009.0,480.0,2019.0,59.433,3.0,7.33,roster,0,167.0,132.5,5.0606,179.21,8.4737,1.325,1.3643,3.1509,113.68,25.18,13.4,46.94,50.475
2023-05-21 23:00:00,23,49,49,2.0,9.0,34.0,4.0,0.0,1.0,14,14,27,1,28,1,60.433,1124.5,544.0,2094.0,60.433,3.0,7.33,roster,0,156.0,122.5,4.3333,171.5,9.9807,1.225,1.91,3.1837,105.1,24.31,13.4,48.69,52.35
2023-05-22 00:00:00,0,48,48,2.0,8.0,36.0,2.0,0.0,1.0,8,7,27,1,28,1,61.433,1184.5,604.0,2154.0,61.433,3.0,7.33,roster,0,154.0,120.0,4.2778,170.75,6.9139,1.2,0.955,3.2083,102.96,24.31,13.4,50.08,53.85
2023-05-22 01:00:00,1,47,47,2.0,8.0,35.0,2.0,0.0,1.0,6,6,27,2,29,2,62.433,1189.0,660.0,2199.0,62.433,3.0,7.33,roster,0,151.0,117.5,4.5758,183.92,6.4048,1.175,0.8186,3.2128,100.82,25.18,26.8,51.13,54.975
2023-05-22 02:00:00,2,45,45,2.0,8.0,33.0,2.0,0.0,1.0,5,4,28,2,30,2,63.433,1126.0,678.0,2259.0,63.433,3.0,7.33,roster,0,145.0,112.5,4.8333,181.9,5.3834,1.125,0.5457,3.2222,96.52,26.05,26.8,52.52,56.475
2023-05-22 03:00:00,3,46,46,2.0,8.0,35.0,1.0,0.0,1.0,5,5,29,2,31,2,64.433,1063.0,497.0,2319.0,64.433,3.0,7.33,roster,0,149.0,115.0,5.5185,186.3,5.9345,1.15,0.6821,3.2391,98.67,26.92,26.8,53.92,57.975
2023-05-22 04:00:00,4,44,44,2.0,8.0,33.0,1.0,0.0,1.0,2,3,31,2,33,2,65.433,938.0,539.0,2300.0,65.433,3.0,7.33,roster,0,143.0,110.0,6.8095,183.31,4.9052,1.1,0.4093,3.25,94.38,28.65,26.8,53.48,57.5
2023-05-22 05:00:00,5,43,43,2.0,8.0,32.0,1.0,0.0,1.0,2,2,31,2,33,2,66.433,998.0,599.0,2360.0,66.433,3.0,7.33,roster,0,140.0,107.5,6.6667,182.56,4.3884,1.075,0.2729,3.2558,92.24,28.65,26.8,54.87,59.0
2023-05-22 06:00:00,6,45,45,2.0,8.0,34.0,1.0,0.0,1.0,4,2,31,2,33,2,67.433,1058.0,659.0,2420.0,67.433,3.0,7.33,roster,0,146.0,112.5,6.9524,188.24,4.5353,1.125,0.2729,3.2444,96.52,28.65,26.8,56.26,60.5
2023-05-22 07:00:00,7,51,51,2.0,9.0,38.0,2.0,0.0,1.0,7,7,31,2,33,2,68.433,1118.0,719.0,2480.0,68.433,3.0,7.33,roster,0,164.0,127.5,7.8095,202.51,7.1709,1.275,0.955,3.2157,109.39,28.65,26.8,57.66,62.0
2023-05-22 08:00:00,8,46,46,2.0,9.0,34.0,1.0,0.0,1.0,5,3,32,2,34,2,69.433,1141.5,777.0,2540.0,69.433,3.0,6.51,roster,0,150.0,115.0,8.3333,194.05,5.2527,1.15,0.4608,3.2609,98.67,29.52,26.8,59.06,63.5
2023-05-22 09:00:00,9,46,46,2.0,12.0,31.0,1.0,0.0,1.0,6,6,29,2,31,2,70.433,1157.0,679.0,2679.0,70.433,3.0,6.51,roster,0,153.0,115.0,5.6667,194.67,6.8905,1.15,0.9217,3.3261,98.67,26.92,26.8,62.29,66.975
2023-05-22 10:00:00,10,51,51,2.0,14.0,34.0,1.0,0.0,1.0,9,8,30,3,33,3,71.433,1200.0,561.0,2660.0,71.433,4.0,9.97,roster,0,170.0,127.5,6.0714,220.09,6.9247,1.275,0.8024,3.3333,109.39,28.65,40.2,61.85,66.5
2023-05-22 11:00:00,11,53,53,3.0,16.0,34.0,0.0,0.0,1.0,13,11,27,4,31,4,62.55,977.0,480.0,2720.0,62.55,4.0,9.97,roster,0,181.0,132.5,5.0278,237.44,8.2929,1.325,1.1033,3.4151,113.68,26.92,53.6,63.24,68.0
2023-05-22 12:00:00,12,53,53,3.0,14.0,36.0,0.0,0.0,1.0,9,8,28,4,32,4,63.55,796.0,197.0,2780.0,63.55,4.0,9.97,roster,0,179.0,132.5,5.5938,239.71,7.185,1.325,0.8024,3.3774,113.68,27.79,53.6,64.64,69.5
2023-05-22 13:00:00,13,50,50,3.0,16.0,31.0,0.0,0.0,1.0,8,8,25,4,29,4,64.55,793.0,205.0,2735.0,64.55,4.0,9.97,roster,0,172.0,125.0,3.9091,229.62,7.0603,1.25,0.8024,3.44,107.25,25.18,53.6,63.59,68.375
2023-05-22 14:00:00,14,55,55,3.0,16.0,36.0,0.0,0.0,1.0,10,10,28,3,31,3,65.55,773.0,221.0,1465.0,65.55,4.0,9.97,roster,0,187.0,137.5,5.1944,199.15,8.0852,1.375,1.003,3.4,117.98,26.92,40.2,34.06,36.625
2023-05-22 15:00:00,15,56,56,4.0,17.0,35.0,0.0,0.0,1.0,12,11,29,2,31,2,66.55,720.0,265.0,1517.0,66.55,4.0,9.97,roster,0,193.0,140.0,5.3611,189.11,8.6275,1.4,1.1033,3.4464,120.12,26.92,26.8,35.27,37.925
2023-05-22 16:00:00,16,63,63,4.0,17.0,41.0,1.0,0.0,1.0,14,14,32,0,32,0,67.55,371.0,236.0,1564.0,67.55,4.0,9.97,roster,0,213.0,157.5,6.6562,179.28,10.0726,1.575,1.4042,3.381,135.14,27.79,0.0,36.36,39.1
2023-05-22 17:00:00,17,57,57,3.0,14.0,39.0,1.0,0.0,1.0,14,11,31,1,32,1,65.467,403.0,242.0,1220.0,65.467,4.0,9.97,roster,0,190.0,142.5,5.9375,171.82,8.4277,1.425,1.1033,3.3333,122.26,27.79,13.4,28.36,30.5
2023-05-22 18:00:00,18,50,50,3.0,14.0,32.0,1.0,0.0,1.0,3,3,34,1,35,1,66.467,450.0,188.0,1219.0,66.467,4.0,9.97,roster,0,169.0,125.0,8.45,159.38,5.2421,1.25,0.3009,3.38,107.25,30.39,13.4,28.34,30.475
2023-05-22 19:00:00,19,54,54,3.0,16.0,30.0,3.0,2.0,1.0,11,11,32,1,33,1,67.467,510.0,272.0,1279.0,67.467,4.0,9.97,roster,0,177.0,135.0,6.3214,167.62,8.0414,1.35,1.1033,3.2778,115.83,28.65,13.4,29.74,31.975
2023-05-22 20:00:00,20,51,51,3.0,16.0,28.0,2.0,2.0,1.0,7,6,31,1,32,1,68.467,567.5,332.0,1339.0,68.467,4.0,10.37,roster,0,169.0,127.5,5.2812,161.71,6.1423,1.275,0.5786,3.3137,109.39,27.79,13.4,31.13,33.475
2023-05-22 21:00:00,21,57,57,4.0,15.0,32.0,5.0,1.0,1.0,14,12,31,1,32,1,69.467,627.5,392.0,1399.0,69.467,4.0,10.37,roster,0,187.0,142.5,5.8438,175.98,8.4714,1.425,1.1572,3.2807,122.26,27.79,13.4,32.53,34.975
2023-05-22 22:00:00,22,56,56,4.0,15.0,31.0,5.0,1.0,1.0,10,7,33,1,34,1,70.467,679.0,422.0,1253.0,70.467,3.0,6.91,roster,0,184.0,140.0,10.2222,172.17,7.9285,1.4,1.013,3.2857,120.12,29.52,13.4,29.13,31.325
2023-05-22 23:00:00,23,58,58,4.0,16.0,32.0,5.0,1.0,1.0,10,8,34,1,35,1,71.467,733.0,444.0,1313.0,71.467,3.0,6.91,roster,0,191.0,145.0,12.7333,178.73,8.5876,1.45,1.1577,3.2931,124.41,30.39,13.4,30.53,32.825
2023-05-23 00:00:00,0,54,54,4.0,16.0,30.0,3.0,1.0,1.0,7,6,37,1,38,1,72.467,703.5,476.0,1260.0,72.467,3.0,6.91,roster,0,181.0,135.0,30.1667,171.52,7.4354,1.35,0.8683,3.3519,115.83,33.0,13.4,29.3,31.5
2023-05-23 01:00:00,1,55,55,4.0,16.0,26.0,8.0,1.0,1.0,6,6,37,1,38,1,73.467,763.5,536.0,1320.0,73.467,3.0,6.91,roster,0,179.0,137.5,29.8333,175.06,7.3009,1.375,0.8683,3.2545,117.98,33.0,13.4,30.69,33.0
2023-05-23 02:00:00,2,51,51,4.0,16.0,23.0,7.0,1.0,1.0,3,2,38,1,39,1,74.467,811.0,550.0,1380.0,74.467,3.0,6.91,roster,0,168.0,127.5,56.0,168.74,5.1534,1.275,0.2894,3.2941,109.39,33.86,13.4,32.08,34.5
2023-05-23 03:00:00,3,51,51,4.0,16.0,24.0,6.0,1.0,1.0,4,3,38,1,39,1,75.467,871.0,610.0,1440.0,75.467,3.0,6.91,roster,0,169.0,127.5,56.3333,170.14,5.6637,1.275,0.4342,3.3137,109.39,33.86,13.4,33.48,36.0
2023-05-23 04:00:00,4,49,49,4.0,16.0,22.0,6.0,1.0,1.0,1,1,38,1,39,1,76.467,931.0,670.0,1500.0,76.467,3.0,6.91,roster,0,163.0,122.5,54.3333,167.24,4.5564,1.225,0.1447,3.3265,105.1,33.86,13.4,34.88,37.5
2023-05-23 05:00:00,5,48,48,4.0,16.0,22.0,5.0,1.0,1.0,1,1,38,1,39,1,77.467,991.0,730.0,1560.0,77.467,3.0,6.91,roster,0,161.0,120.0,53.6667,166.49,4.5104,1.2,0.1447,3.3542,102.96,33.86,13.4,36.27,39.0
2023-05-23 06:00:00,6,46,46,4.0,16.0,22.0,3.0,1.0,1.0,0,0,38,1,39,1,78.467,1051.0,790.0,1620.0,78.467,3.0,6.91,roster,0,157.0,115.0,52.3333,163.6,3.925,1.15,0.0,3.413,98.67,33.86,13.4,37.66,40.5
2023-05-23 07:00:00,7,49,49,4.0,16.0,25.0,3.0,1.0,1.0,3,3,38,1,39,1,79.467,1111.0,850.0,1680.0,79.467,3.0,6.91,roster,0,166.0,122.5,55.3333,171.43,5.6208,1.225,0.4342,3.3878,105.1,33.86,13.4,39.06,42.0
2023-05-23 08:00:00,8,51,51,4.0,17.0,26.0,3.0,1.0,1.0,2,2,38,1,39,1,80.467,1171.0,910.0,1740.0,80.467,3.0,6.96,roster,0,173.0,127.5,57.6667,177.11,5.2998,1.275,0.2874,3.3922,109.39,33.86,13.4,40.46,43.5
2023-05-23 09:00:00,9,45,45,3.0,13.0,27.0,2.0,0.0,1.0,2,2,35,1,36,1,81.467,1216.5,897.0,1515.0,81.467,3.0,6.96,roster,0,152.0,112.5,12.6667,156.41,4.7706,1.125,0.2874,3.3778,96.52,31.26,13.4,35.22,37.875
2023-05-23 10:00:00,10,47,47,2.0,13.0,29.0,3.0,0.0,1.0,9,9,32,0,32,0,70.733,1257.0,782.0,1465.0,70.733,4.0,10.21,roster,0,155.0,117.5,4.8438,142.66,6.782,1.175,0.8815,3.2979,100.82,27.79,0.0,34.06,36.625
2023-05-23 11:00:00,11,50,50,2.0,11.0,33.0,3.0,1.0,1.0,9,10,32,0,32,0,71.733,1272.0,791.0,1497.0,71.733,4.0,10.21,roster,0,160.0,125.0,5.0,149.84,7.1342,1.25,0.9794,3.2,107.25,27.79,0.0,34.81,37.425
2023-05-23 12:00:00,12,49,49,2.0,11.0,34.0,2.0,0.0,1.0,8,8,32,0,32,0,72.733,1332.0,792.0,1557.0,72.733,4.0,10.21,roster,0,160.0,122.5,5.0,149.09,6.5585,1.225,0.7835,3.2653,105.1,27.79,0.0,36.2,38.925
2023-05-23 13:00:00,13,48,48,2.0,10.0,33.0,3.0,0.0,1.0,7,6,34,0,34,0,73.733,1060.5,307.0,1601.0,73.733,4.0,10.21,roster,0,155.0,120.0,6.4583,149.71,5.7726,1.2,0.5877,3.2292,102.96,29.52,0.0,37.22,40.025
2023-05-23 14:00:00,14,48,48,2.0,10.0,34.0,2.0,0.0,1.0,9,10,32,0,32,0,74.733,1120.5,280.0,1661.0,74.733,4.0,10.21,roster,0,156.0,120.0,4.875,149.36,7.0832,1.2,0.9794,3.25,102.96,27.79,0.0,38.62,41.525
2023-05-23 15:00:00,15,49,49,2.0,11.0,34.0,2.0,0.0,1.0,10,9,33,0,33,0,75.733,1034.0,199.0,1705.0,75.733,4.0,10.21,roster,0,160.0,122.5,5.7143,153.4,6.8783,1.225,0.8815,3.2653,105.1,28.65,0.0,39.64,42.625
2023-05-23 16:00:00,16,56,56,2.0,12.0,39.0,3.0,0.0,1.0,12,11,34,0,34,0,75.9,601.5,217.0,1622.0,75.9,4.0,10.21,roster,0,181.0,140.0,7.5417,167.35,8.0072,1.4,1.0774,3.2321,120.12,29.52,0.0,37.71,40.55
2023-05-23 17:00:00,17,65,65,2.0,14.0,43.0,6.0,0.0,1.0,14,14,38,0,38,0,76.9,440.0,209.0,1672.0,76.9,4.0,10.21,roster,0,207.0,162.5,25.875,191.29,9.5418,1.625,1.3712,3.1846,139.42,33.0,0.0,38.87,41.8
2023-05-23 18:00:00,18,64,64,2.0,13.0,44.0,5.0,0.0,1.0,5,6,39,1,40,1,77.9,441.5,240.0,1732.0,77.9,4.0,10.21,roster,0,204.0,160.0,51.0,205.68,6.9732,1.6,0.5877,3.1875,137.28,34.73,13.4,40.27,43.3
2023-05-23 19:00:00,19,70,70,2.0,9.0,52.0,7.0,0.0,1.0,16,15,36,2,38,2,78.9,501.5,300.0,1712.0,78.9,4.0,10.21,roster,0,216.0,175.0,27.0,229.75,9.9334,1.75,1.4691,3.0857,150.15,33.0,26.8,39.8,42.8
2023-05-23 20:00:00,20,73,73,3.0,10.0,54.0,6.0,0.0,1.0,12,12,38,2,40,2,79.9,505.5,312.0,1748.0,79.9,4.0,9.65,roster,0,229.0,182.5,57.25,238.76,9.6259,1.825,1.2435,3.137,156.58,34.73,26.8,40.64,43.7
2023-05-23 21:00:00,21,75,75,3.0,10.0,56.0,6.0,0.0,1.0,12,10,39,3,42,3,80.9,551.5,338.0,1617.0,80.9,4.0,9.65,roster,0,235.0,187.5,58.75,255.14,9.122,1.875,1.0363,3.1333,160.88,36.47,40.2,37.6,40.425
2023-05-23 22:00:00,22,74,74,3.0,8.0,58.0,5.0,0.0,1.0,9,9,39,2,41,2,81.9,619.0,429.0,1677.0,81.9,3.0,6.4,roster,0,231.0,185.0,77.0,240.12,10.1648,1.85,1.4062,3.1216,158.73,35.6,26.8,38.99,41.925
2023-05-23 23:00:00,23,68,68,3.0,10.0,48.0,7.0,0.0,1.0,7,6,39,3,42,3,82.9,671.5,458.0,1737.0,82.9,3.0,6.4,roster,0,213.0,170.0,71.0,242.91,8.2616,1.7,0.9375,3.1324,145.86,36.47,40.2,40.39,43.425
2023-05-24 00:00:00,0,65,65,3.0,12.0,44.0,6.0,0.0,1.0,5,5,40,4,44,4,83.9,713.5,512.0,1797.0,83.9,3.0,6.4,roster,0,207.0,162.5,69.0,253.01,7.663,1.625,0.7812,3.1846,139.42,38.21,53.6,41.78,44.925
2023-05-24 01:00:00,1,67,67,3.0,13.0,47.0,4.0,0.0,1.0,10,10,40,2,42,2,84.9,791.5,578.0,1857.0,84.9,3.0,6.4,roster,0,216.0,167.5,72.0,230.16,10.4373,1.675,1.5625,3.2239,143.72,36.47,26.8,43.18,46.425
2023-05-24 02:00:00,2,63,63,3.0,13.0,44.0,3.0,0.0,1.0,4,4,40,2,42,2,85.9,851.5,638.0,1917.0,85.9,3.0,6.4,roster,0,205.0,157.5,68.3333,222.97,7.1587,1.575,0.625,3.254,135.14,36.47,26.8,44.57,47.925
2023-05-24 03:00:00,3,59,59,3.0,11.0,43.0,2.0,0.0,1.0,3,3,41,1,42,1,86.9,911.5,698.0,1977.0,86.9,3.0,6.4,roster,0,192.0,147.5,64.0,202.39,6.3254,1.475,0.4688,3.2542,126.56,36.47,13.4,45.97,49.425
2023-05-24 04:00:00,4,61,61,3.0,10.0,46.0,2.0,0.0,1.0,3,3,41,1,42,1,87.9,971.5,758.0,2037.0,87.9,3.0,6.4,roster,0,197.0,152.5,65.6667,208.07,6.4388,1.525,0.4688,3.2295,130.84,36.47,13.4,47.36,50.925
2023-05-24 05:00:00,5,64,64,3.0,11.0,47.0,3.0,0.0,1.0,4,4,42,1,43,1,88.9,1024.0,812.0,2097.0,88.9,3.0,6.4,roster,0,206.0,160.0,68.6667,216.77,7.1617,1.6,0.625,3.2188,137.28,37.34,13.4,48.76,52.425
2023-05-24 06:00:00,6,57,57,3.0,11.0,41.0,2.0,0.0,1.0,0,0,43,1,44,1,89.9,1073.5,872.0,2157.0,89.9,3.0,6.4,roster,0,186.0,142.5,62.0,204.02,4.65,1.425,0.0,3.2632,122.26,38.21,13.4,50.15,53.925
2023-05-24 07:00:00,7,57,57,4.0,11.0,40.0,2.0,0.0,1.0,1,1,43,1,44,1,90.9,1133.5,932.0,2217.0,90.9,3.0,6.4,roster,0,188.0,142.5,62.6667,205.42,5.2154,1.425,0.1562,3.2982,122.26,38.21,13.4,51.55,55.425
2023-05-24 08:00:00,8,60,60,5.0,8.0,45.0,2.0,0.0,1.0,6,6,43,1,44,1,91.9,1193.5,992.0,2277.0,91.9,3.0,6.62,roster,0,196.0,150.0,65.3333,213.25,7.8607,1.5,0.9063,3.2667,128.7,38.21,13.4,52.94,56.925
2023-05-24 09:00:00,9,66,66,5.0,9.0,47.0,4.0,1.0,1.0,10,10,44,1,45,1,92.9,1174.0,880.0,2114.0,92.9,3.0,6.62,roster,0,211.0,165.0,70.3333,223.19,10.1043,1.65,1.5106,3.197,141.57,39.07,13.4,49.15,52.85
2023-05-24 10:00:00,10,63,63,5.0,9.0,43.0,5.0,1.0,1.0,5,5,42,1,43,1,93.9,1229.0,938.0,2244.0,93.9,4.0,9.66,roster,0,201.0,157.5,50.25,218.05,6.6764,1.575,0.5176,3.1905,135.14,37.34,13.4,52.17,56.1
2023-05-24 11:00:00,11,60,60,5.0,8.0,43.0,3.0,1.0,1.0,10,9,34,1,35,1,94.9,1238.0,961.0,2172.0,94.9,4.0,9.66,roster,0,193.0,150.0,9.65,202.99,7.8219,1.5,0.9317,3.2167,128.7,30.39,13.4,50.5,54.3
2023-05-24 12:00:00,12,63,63,5.0,7.0,45.0,5.0,1.0,1.0,12,11,33,1,34,1,95.9,1235.0,658.0,1483.0,95.9,4.0,9.66,roster,0,199.0,157.5,8.2917,192.54,8.5719,1.575,1.1387,3.1587,135.14,29.52,13.4,34.48,37.075
2023-05-24 13:00:00,13,57,57,5.0,7.0,40.0,5.0,0.0,1.0,7,7,32,1,33,1,96.9,1118.0,338.0,1414.0,96.9,4.0,9.66,roster,0,183.0,142.5,6.5357,177.19,6.9015,1.425,0.7246,3.2105,122.26,28.65,13.4,32.88,35.35
2023-05-24 14:00:00,14,50,50,4.0,7.0,34.0,5.0,0.0,1.0,5,5,26,1,27,1,97.9,1141.0,238.0,1720.0,97.9,4.0,9.66,roster,0,160.0,125.0,3.0769,164.08,5.6563,1.25,0.5176,3.2,107.25,23.44,13.4,39.99,43.0
2023-05-24 15:00:00,15,47,47,3.0,6.0,35.0,3.0,0.0,1.0,11,10,22,1,23,1,98.9,663.0,244.0,1500.0,98.9,4.0,9.66,roster,0,150.0,117.5,2.2059,149.06,7.0538,1.175,1.0352,3.1915,100.82,19.97,13.4,34.88,37.5
2023-05-24 16:00:00,16,45,45,3.0,4.0,35.0,3.0,0.0,1.0,9,7,20,1,21,1,74.283,482.0,269.0,1068.0,74.283,4.0,9.66,roster,0,142.0,112.5,1.8684,132.99,5.8366,1.125,0.7246,3.1556,96.52,18.23,13.4,24.83,26.7
2023-05-24 17:00:00,17,45,45,3.0,5.0,35.0,2.0,0.0,1.0,8,8,20,1,21,1,75.283,542.0,329.0,1128.0,75.283,4.0,9.66,roster,0,144.0,112.5,1.8947,134.39,6.2501,1.125,0.8282,3.2,96.52,18.23,13.4,26.23,28.2
2023-05-24 18:00:00,18,37,37,3.0,4.0,28.0,2.0,0.0,1.0,2,2,20,1,21,1,76.283,602.0,389.0,1188.0,76.283,4.0,9.66,roster,0,119.0,92.5,1.5658,118.62,3.6409,0.925,0.207,3.2162,79.36,18.23,13.4,27.62,29.7
2023-05-24 19:00:00,19,39,39,3.0,3.0,30.0,3.0,0.0,1.0,10,8,20,1,21,1,77.283,662.0,449.0,1248.0,77.283,4.0,9.66,roster,0,123.0,97.5,1.6184,124.31,5.6869,0.975,0.8282,3.1538,83.66,18.23,13.4,29.02,31.2
2023-05-24 20:00:00,20,53,53,3.0,4.0,41.0,5.0,0.0,1.0,18,18,20,1,21,1,78.283,722.0,509.0,1308.0,78.283,4.0,9.44,roster,0,164.0,132.5,2.1579,155.73,10.0002,1.325,1.9068,3.0943,113.68,18.23,13.4,30.41,32.7
2023-05-24 21:00:00,21,54,54,4.0,6.0,40.0,4.0,0.0,1.0,10,11,24,1,25,1,79.283,653.0,366.0,1198.0,79.283,4.0,9.44,roster,0,172.0,135.0,2.8667,158.79,8.0116,1.35,1.1653,3.1852,115.83,21.71,13.4,27.85,29.95
2023-05-24 22:00:00,22,58,58,3.0,7.0,43.0,5.0,0.0,1.0,11,11,26,1,27,1,80.283,664.0,176.0,1258.0,80.283,3.0,6.4,roster,0,182.0,145.0,4.6667,170.5,9.9433,1.45,1.7188,3.1379,124.41,23.44,13.4,29.25,31.45
2023-05-24 23:00:00,23,62,62,3.0,8.0,47.0,4.0,0.0,1.0,9,8,27,1,28,1,81.283,712.5,236.0,1318.0,81.283,3.0,6.4,roster,0,196.0,155.0,5.4444,181.35,8.8516,1.55,1.25,3.1613,132.99,24.31,13.4,30.64,32.95
2023-05-25 00:00:00,0,59,59,3.0,7.0,45.0,4.0,0.0,1.0,6,5,28,1,29,1,82.283,761.0,290.0,1203.0,82.283,3.0,6.4,roster,0,186.0,147.5,5.6364,173.11,7.1129,1.475,0.7812,3.1525,126.56,25.18,13.4,27.97,30.075
2023-05-25 01:00:00,1,59,59,3.0,7.0,42.0,7.0,0.0,1.0,7,7,28,1,29,1,83.283,821.0,350.0,1263.0,83.283,3.0,6.4,roster,0,183.0,147.5,5.5455,174.5,7.9675,1.475,1.0938,3.1017,126.56,25.18,13.4,29.36,31.575
2023-05-25 02:00:00,2,52,52,3.0,7.0,38.0,4.0,0.0,1.0,0,0,29,1,30,1,84.283,875.0,408.0,1323.0,84.283,3.0,6.4,roster,0,165.0,130.0,5.5,161.75,4.125,1.3,0.0,3.1731,111.54,26.05,13.4,30.76,33.075
2023-05-25 03:00:00,3,50,50,3.0,7.0,34.0,5.0,1.0,1.0,4,4,29,1,30,1,85.283,935.0,468.0,1383.0,85.283,3.0,6.4,roster,0,156.0,125.0,5.2,158.85,5.85,1.25,0.625,3.12,107.25,26.05,13.4,32.15,34.575
2023-05-25 04:00:00,4,48,48,3.0,7.0,33.0,5.0,0.0,1.0,2,1,29,1,30,1,86.283,995.0,528.0,1443.0,86.283,3.0,6.4,roster,0,152.0,120.0,5.0667,155.96,4.2948,1.2,0.1562,3.1667,102.96,26.05,13.4,33.55,36.075
2023-05-25 05:00:00,5,50,50,3.0,8.0,34.0,5.0,0.0,1.0,3,3,29,1,30,1,87.283,1055.0,588.0,1503.0,87.283,3.0,6.4,roster,0,159.0,125.0,5.3,161.64,5.4656,1.25,0.4688,3.18,107.25,26.05,13.4,34.94,37.575
2023-05-25 06:00:00,6,50,50,3.0,9.0,33.0,5.0,0.0,1.0,3,3,29,2,31,2,88.283,1109.0,645.0,1563.0,88.283,3.0,6.4,roster,0,160.0,125.0,5.9259,177.31,5.5,1.25,0.4688,3.2,107.25,26.92,26.8,36.34,39.075
2023-05-25 07:00:00,7,52,52,3.0,9.0,36.0,4.0,0.0,1.0,3,3,29,2,31,2,89.283,1169.0,705.0,1623.0,89.283,3.0,6.4,roster,0,167.0,130.0,6.1852,182.99,5.6804,1.3,0.4688,3.2115,111.54,26.92,26.8,37.73,40.575
2023-05-25 08:00:00,8,55,55,3.0,9.0,37.0,5.0,1.0,1.0,8,6,30,2,32,2,90.283,1224.0,765.0,1683.0,90.283,3.0,7.31,roster,0,173.0,137.5,7.2083,191.69,6.9068,1.375,0.8208,3.1455,117.98,27.79,26.8,39.13,42.075
2023-05-25 09:00:00,9,52,52,3.0,8.0,38.0,2.0,1.0,1.0,7,6,28,1,29,1,91.283,1269.0,752.0,1743.0,91.283,3.0,7.31,roster,0,166.0,130.0,5.0303,170.65,6.7702,1.3,0.8208,3.1923,111.54,25.18,13.4,40.52,43.575
2023-05-25 10:00:00,10,59,59,3.0,9.0,41.0,5.0,1.0,1.0,11,10,28,1,29,1,92.283,1329.0,812.0,1803.0,92.283,4.0,10.67,roster,0,185.0,147.5,4.2045,187.06,7.5637,1.475,0.9372,3.1356,126.56,25.18,13.4,41.92,45.075
2023-05-25 11:00:00,11,58,58,3.0,9.0,40.0,5.0,1.0,1.0,12,12,26,1,27,1,93.283,950.0,636.0,1658.0,93.283,4.0,10.67,roster,0,182.0,145.0,3.5,179.8,8.0791,1.45,1.1246,3.1379,124.41,23.44,13.4,38.55,41.45
2023-05-25 12:00:00,12,58,58,1.0,8.0,40.0,9.0,0.0,1.0,12,12,26,1,27,1,94.283,932.0,168.0,1682.0,94.283,4.0,10.67,roster,0,175.0,145.0,3.3654,180.36,7.7683,1.45,1.1246,3.0172,124.41,23.44,13.4,39.11,42.05
2023-05-25 13:00:00,13,54,54,1.0,8.0,40.0,5.0,0.0,1.0,10,9,27,1,28,1,95.283,980.5,228.0,1742.0,95.283,4.0,10.67,roster,0,167.0,135.0,3.4792,174.04,6.7836,1.35,0.8435,3.0926,115.83,24.31,13.4,40.5,43.55
2023-05-25 14:00:00,14,46,46,1.0,6.0,35.0,4.0,0.0,1.0,7,6,21,1,22,1,96.283,922.5,267.0,1838.0,96.283,4.0,10.67,roster,0,142.0,115.0,1.9722,153.91,5.2859,1.15,0.5623,3.087,98.67,19.1,13.4,42.73,45.95
2023-05-25 15:00:00,15,45,45,1.0,7.0,33.0,4.0,0.0,1.0,13,13,19,1,20,1,97.283,469.5,299.0,1898.0,97.283,4.0,10.67,roster,0,140.0,112.5,1.75,151.42,7.2905,1.125,1.2184,3.1111,96.52,17.37,13.4,44.13,47.45
2023-05-25 16:00:00,16,43,43,1.0,7.0,32.0,3.0,0.0,1.0,7,6,23,1,24,1,98.283,399.5,285.0,1250.0,98.283,4.0,10.67,roster,0,135.0,107.5,2.1094,135.54,5.1404,1.075,0.5623,3.1395,92.24,20.84,13.4,29.06,31.25
2023-05-25 17:00:00,17,53,53,1.0,9.0,39.0,3.0,1.0,1.0,13,12,24,1,25,1,99.283,451.0,225.0,1308.0,99.283,4.0,10.67,roster,0,165.0,132.5,2.75,159.2,7.6263,1.325,1.1246,3.1132,113.68,21.71,13.4,30.41,32.7
2023-05-25 18:00:00,18,50,50,2.0,9.0,39.0,0.0,0.0,1.0,7,7,24,3,27,3,100.283,479.0,229.0,1368.0,100.283,4.0,10.67,roster,0,163.0,125.0,3.1346,182.7,6.2137,1.25,0.656,3.26,107.25,23.44,40.2,31.81,34.2
2023-05-25 19:00:00,19,58,58,2.0,10.0,45.0,1.0,0.0,1.0,15,15,24,4,28,4,101.283,520.5,255.0,1428.0,101.283,4.0,10.67,roster,0,187.0,145.0,3.8958,215.52,9.2075,1.45,1.4058,3.2241,124.41,24.31,53.6,33.2,35.7
2023-05-25 20:00:00,20,57,57,3.0,11.0,42.0,1.0,0.0,1.0,11,10,27,4,31,4,102.283,541.0,224.0,1389.0,102.283,4.0,10.69,roster,0,187.0,142.5,5.1944,215.08,7.7439,1.425,0.9355,3.2807,122.26,26.92,53.6,32.29,34.725
2023-05-25 21:00:00,21,55,55,2.0,9.0,44.0,0.0,0.0,1.0,10,9,29,3,32,3,103.283,593.0,284.0,1449.0,103.283,4.0,10.69,roster,0,178.0,137.5,5.5625,199.65,7.1747,1.375,0.8419,3.2364,117.98,27.79,40.2,33.69,36.225
2023-05-25 22:00:00,22,54,54,2.0,9.0,43.0,0.0,0.0,1.0,10,10,30,3,33,3,104.283,645.0,339.0,1296.0,104.283,3.0,7.33,roster,0,175.0,135.0,8.3333,194.82,8.7962,1.35,1.3643,3.2407,115.83,28.65,40.2,30.13,32.4
2023-05-25 23:00:00,23,48,48,1.0,9.0,38.0,0.0,0.0,1.0,4,4,31,2,33,2,105.283,705.0,392.0,1356.0,105.283,3.0,7.33,roster,0,155.0,120.0,7.381,169.94,5.6372,1.2,0.5457,3.2292,102.96,28.65,26.8,31.53,33.9
2023-05-26 00:00:00,0,51,51,1.0,10.0,38.0,2.0,0.0,1.0,12,8,32,2,34,2,106.283,705.0,414.0,1416.0,106.283,3.0,7.33,roster,0,163.0,127.5,9.0556,178.64,7.5632,1.275,1.0914,3.1961,109.39,29.52,26.8,32.92,35.4
2023-05-26 01:00:00,1,46,46,1.0,10.0,34.0,1.0,0.0,1.0,1,1,32,2,34,2,107.283,765.0,474.0,1476.0,107.283,3.0,7.33,roster,0,149.0,115.0,8.2778,169.31,4.1669,1.15,0.1364,3.2391,98.67,29.52,26.8,34.32,36.9
2023-05-26 02:00:00,2,44,44,1.0,9.0,33.0,1.0,0.0,1.0,2,2,32,2,34,2,108.283,825.0,534.0,1536.0,108.283,3.0,7.33,roster,0,142.0,110.0,7.8889,166.41,4.4306,1.1,0.2729,3.2273,94.38,29.52,26.8,35.71,38.4
2023-05-26 03:00:00,3,44,44,1.0,9.0,33.0,1.0,0.0,1.0,2,1,32,2,34,2,109.283,885.0,594.0,1596.0,109.283,3.0,7.33,roster,0,142.0,110.0,7.8889,167.81,3.9903,1.1,0.1364,3.2273,94.38,29.52,26.8,37.11,39.9
2023-05-26 04:00:00,4,44,44,1.0,9.0,34.0,0.0,0.0,1.0,2,2,32,2,34,2,110.283,945.0,654.0,1656.0,110.283,3.0,7.33,roster,0,143.0,110.0,7.9444,169.2,4.4618,1.1,0.2729,3.25,94.38,29.52,26.8,38.5,41.4
2023-05-26 05:00:00,5,47,47,1.0,9.0,37.0,0.0,0.0,1.0,4,4,32,2,34,2,111.283,1005.0,714.0,1716.0,111.283,3.0,7.33,roster,0,152.0,117.5,8.4444,177.03,5.5648,1.175,0.5457,3.234,100.82,29.52,26.8,39.9,42.9
2023-05-26 06:00:00,6,47,47,1.0,10.0,36.0,0.0,0.0,1.0,4,4,33,1,34,1,112.283,1065.0,718.0,1776.0,112.283,3.0,7.33,roster,0,153.0,117.5,8.5,165.03,5.6014,1.175,0.5457,3.2553,100.82,29.52,13.4,41.29,44.4
2023-05-26 07:00:00,7,50,50,1.0,10.0,37.0,1.0,1.0,1.0,6,6,33,1,34,1,113.283,1125.0,778.0,1836.0,113.283,3.0,7.33,roster,0,159.0,125.0,8.8333,172.86,6.578,1.25,0.8186,3.18,107.25,29.52,13.4,42.69,45.9
2023-05-26 08:00:00,8,46,46,1.0,10.0,34.0,1.0,0.0,1.0,1,0,33,1,34,1,114.283,1185.0,838.0,1896.0,114.283,3.0,8.32,roster,0,149.0,115.0,8.2778,165.67,3.725,1.15,0.0,3.2391,98.67,29.52,13.4,44.08,47.4
2023-05-26 09:00:00,9,48,48,1.0,6.0,40.0,1.0,0.0,1.0,12,11,26,1,27,1,115.283,1185.0,880.0,1588.0,115.283,3.0,8.32,roster,0,151.0,120.0,3.8718,156.73,7.9342,1.2,1.3221,3.1458,102.96,23.44,13.4,36.92,39.7
2023-05-26 10:00:00,10,45,45,1.0,5.0,37.0,2.0,0.0,1.0,9,9,22,1,23,1,116.283,1245.0,859.0,2016.0,116.283,4.0,12.02,roster,0,140.0,112.5,2.0588,156.77,5.8295,1.125,0.7488,3.1111,96.52,19.97,13.4,46.87,50.4
2023-05-26 11:00:00,11,44,44,0.0,9.0,33.0,2.0,0.0,1.0,15,14,18,0,18,0,117.283,1093.0,794.0,1462.0,117.283,4.0,12.02,roster,0,139.0,110.0,1.5795,124.0,7.1545,1.1,1.1647,3.1591,94.38,15.63,0.0,33.99,36.55
2023-05-26 12:00:00,12,47,47,0.0,9.0,35.0,3.0,0.0,1.0,10,10,17,0,17,0,118.283,1028.0,132.0,1522.0,118.283,4.0,12.02,roster,0,147.0,117.5,1.5978,130.96,6.277,1.175,0.8319,3.1277,100.82,14.76,0.0,35.39,38.05
2023-05-26 13:00:00,13,41,41,0.0,8.0,32.0,1.0,0.0,1.0,7,7,15,0,15,0,119.283,192.0,136.0,1582.0,119.283,4.0,12.02,roster,0,130.0,102.5,1.3,117.75,5.0965,1.025,0.5824,3.1707,87.94,13.02,0.0,36.78,39.55
2023-05-26 14:00:00,14,41,41,0.0,8.0,32.0,1.0,0.0,1.0,11,8,15,0,15,0,120.283,229.0,148.0,1642.0,120.283,4.0,12.02,roster,0,130.0,102.5,1.3,119.15,5.3603,1.025,0.6656,3.1707,87.94,13.02,0.0,38.18,41.05
2023-05-26 15:00:00,15,36,36,0.0,5.0,30.0,1.0,0.0,1.0,11,8,14,0,14,0,121.283,281.5,194.0,393.0,121.283,4.0,12.02,roster,0,112.0,90.0,1.0769,78.51,4.8706,0.9,0.6656,3.1111,77.22,12.16,0.0,9.14,9.825
2023-05-26 16:00:00,16,39,39,1.0,6.0,31.0,1.0,0.0,1.0,6,7,16,0,16,0,122.283,325.0,225.0,453.0,122.283,4.0,12.02,roster,0,124.0,97.5,1.2917,88.08,4.9516,0.975,0.5824,3.1795,83.66,13.89,0.0,10.53,11.325
2023-05-26 17:00:00,17,38,38,1.0,6.0,30.0,1.0,0.0,1.0,5,5,18,1,19,1,123.283,328.0,127.0,436.0,123.283,4.0,12.02,roster,0,121.0,95.0,1.4405,101.54,4.3495,0.95,0.416,3.1842,81.51,16.5,13.4,10.14,10.9
2023-05-26 18:00:00,18,38,38,1.0,8.0,27.0,1.0,1.0,1.0,6,6,17,1,18,1,124.283,412.0,187.0,496.0,124.283,4.0,12.02,roster,0,121.0,95.0,1.375,102.07,4.6145,0.95,0.4992,3.1842,81.51,15.63,13.4,11.53,12.4
2023-05-26 19:00:00,19,39,39,2.0,8.0,26.0,3.0,0.0,1.0,10,9,17,1,18,1,125.283,441.0,240.0,552.0,125.283,4.0,12.02,roster,0,126.0,97.5,1.4318,105.52,5.569,0.975,0.7488,3.2308,83.66,15.63,13.4,12.83,13.8
2023-05-26 20:00:00,20,45,45,2.0,9.0,30.0,4.0,0.0,1.0,12,11,17,2,19,2,126.283,465.0,244.0,612.0,126.283,4.0,10.61,roster,0,144.0,112.5,1.7143,134.05,6.9176,1.125,1.0368,3.2,96.52,16.5,26.8,14.23,15.3
2023-05-26 21:00:00,21,52,52,2.0,12.0,32.0,5.0,1.0,1.0,15,12,18,2,20,2,127.283,486.5,304.0,672.0,127.283,4.0,10.61,roster,0,165.0,130.0,2.0625,151.33,7.7138,1.3,1.131,3.1731,111.54,17.37,26.8,15.62,16.8
2023-05-26 22:00:00,22,49,49,1.0,10.0,28.0,8.0,2.0,1.0,9,8,20,1,21,1,84.667,427.0,205.0,694.0,84.667,3.0,6.91,roster,0,147.0,122.5,2.5789,132.87,7.1482,1.225,1.1577,3.0,105.1,18.23,13.4,16.14,17.35
2023-05-26 23:00:00,23,49,49,2.0,9.0,32.0,5.0,1.0,1.0,13,11,19,1,20,1,85.667,527.5,265.0,769.0,85.667,3.0,6.91,roster,0,153.0,122.5,2.55,133.75,8.7956,1.225,1.5919,3.1224,105.1,17.37,13.4,17.88,19.225
2023-05-27 00:00:00,0,46,46,2.0,9.0,29.0,6.0,0.0,1.0,8,8,20,2,22,2,86.667,543.5,222.0,814.0,86.667,3.0,6.91,roster,0,145.0,115.0,2.6852,143.5,7.2744,1.15,1.1577,3.1522,98.67,19.1,26.8,18.93,20.35
2023-05-27 01:00:00,1,43,43,2.0,9.0,24.0,8.0,0.0,1.0,4,4,20,2,22,2,87.667,603.5,282.0,874.0,87.667,3.0,6.91,roster,0,134.0,107.5,2.4815,138.46,5.1539,1.075,0.5789,3.1163,92.24,19.1,26.8,20.32,21.85
2023-05-27 02:00:00,2,45,45,2.0,9.0,25.0,9.0,0.0,1.0,5,5,20,2,22,2,88.667,663.5,342.0,934.0,88.667,3.0,6.91,roster,0,139.0,112.5,2.5741,144.14,5.7101,1.125,0.7236,3.0889,96.52,19.1,26.8,21.72,23.35
2023-05-27 03:00:00,3,41,41,2.0,9.0,24.0,6.0,0.0,1.0,4,3,21,2,23,2,89.667,720.0,379.0,994.0,89.667,3.0,6.91,roster,0,130.0,102.5,2.549,137.83,4.6266,1.025,0.4342,3.1707,87.94,19.97,26.8,23.11,24.85
2023-05-27 04:00:00,4,40,40,2.0,9.0,24.0,5.0,0.0,1.0,6,4,21,2,23,2,90.667,780.0,439.0,1054.0,90.667,3.0,6.91,roster,0,128.0,100.0,2.5098,137.08,5.0524,1.0,0.5789,3.2,85.8,19.97,26.8,24.51,26.35
2023-05-27 05:00:00,5,40,40,1.0,9.0,23.0,7.0,0.0,1.0,2,2,23,1,24,1,91.667,831.5,499.0,1114.0,91.667,3.0,6.91,roster,0,124.0,100.0,2.5833,125.94,3.9973,1.0,0.2894,3.1,85.8,20.84,13.4,25.9,27.85
2023-05-27 06:00:00,6,40,40,1.0,9.0,24.0,6.0,0.0,1.0,1,1,23,1,24,1,92.667,891.5,559.0,1174.0,92.667,3.0,6.91,roster,0,125.0,100.0,2.6042,127.33,3.5772,1.0,0.1447,3.125,85.8,20.84,13.4,27.3,29.35
2023-05-27 07:00:00,7,43,43,1.0,9.0,24.0,9.0,0.0,1.0,4,3,24,1,25,1,93.667,943.0,615.0,1216.0,93.667,3.0,6.91,roster,0,131.0,107.5,2.9111,135.61,4.5977,1.075,0.4342,3.0465,92.24,21.71,13.4,28.27,30.4
2023-05-27 08:00:00,8,44,44,1.0,9.0,25.0,9.0,0.0,1.0,10,8,24,1,25,1,94.667,1003.0,675.0,1276.0,94.667,3.0,6.65,roster,0,134.0,110.0,2.9778,139.15,7.0137,1.1,1.203,3.0455,94.38,21.71,13.4,29.67,31.9
2023-05-27 09:00:00,9,36,36,1.0,10.0,21.0,4.0,0.0,1.0,4,4,19,1,20,1,95.667,878.0,600.0,1336.0,95.667,3.0,6.65,roster,0,116.0,90.0,1.9333,119.05,4.8382,0.9,0.6015,3.2222,77.22,17.37,13.4,31.06,33.4
2023-05-27 10:00:00,10,39,39,2.0,9.0,26.0,2.0,0.0,1.0,8,7,18,1,19,1,96.667,891.0,384.0,1396.0,96.667,4.0,10.35,roster,0,128.0,97.5,1.5238,126.01,5.4197,0.975,0.6763,3.2821,83.66,16.5,13.4,32.46,34.9
2023-05-27 11:00:00,11,46,46,3.0,10.0,31.0,2.0,0.0,1.0,13,11,18,2,20,2,97.667,789.5,307.0,1365.0,97.667,4.0,10.35,roster,0,152.0,115.0,1.9,154.57,7.3119,1.15,1.0628,3.3043,98.67,17.37,26.8,31.74,34.125
2023-05-27 12:00:00,12,46,46,3.0,10.0,31.0,2.0,0.0,1.0,8,7,20,2,22,2,98.667,579.5,144.0,1348.0,98.667,4.0,10.35,roster,0,152.0,115.0,2.1111,155.91,6.0348,1.15,0.6763,3.3043,98.67,19.1,26.8,31.34,33.7
2023-05-27 13:00:00,13,49,49,5.0,8.0,33.0,2.0,1.0,1.0,12,12,19,2,21,2,99.667,215.0,148.0,840.0,99.667,4.0,10.35,roster,0,161.0,122.5,2.1184,149.67,7.8345,1.225,1.1594,3.2857,105.1,18.23,26.8,19.53,21.0
2023-05-27 14:00:00,14,46,46,3.0,6.0,35.0,2.0,0.0,1.0,11,9,18,3,21,3,100.667,244.0,166.0,775.0,100.667,4.0,10.35,roster,0,148.0,115.0,1.9474,155.12,6.4977,1.15,0.8696,3.2174,98.67,18.23,40.2,18.02,19.375
2023-05-27 15:00:00,15,39,39,3.0,4.0,28.0,4.0,0.0,1.0,7,7,17,3,20,3,101.667,295.0,188.0,960.0,101.667,4.0,10.35,roster,0,123.0,97.5,1.5375,143.54,5.208,0.975,0.6763,3.1538,83.66,17.37,40.2,22.32,24.0
2023-05-27 16:00:00,16,40,40,2.0,2.0,32.0,4.0,0.0,1.0,14,14,14,1,15,1,102.667,384.0,325.0,1020.0,102.667,4.0,10.35,roster,0,122.0,100.0,1.22,115.94,7.1756,1.0,1.3527,3.05,85.8,13.02,13.4,23.72,25.5
2023-05-27 17:00:00,17,37,37,2.0,2.0,30.0,3.0,0.0,1.0,8,7,17,1,18,1,103.667,415.0,187.0,955.0,103.667,4.0,10.35,roster,0,114.0,92.5,1.2955,110.6,4.9338,0.925,0.6763,3.0811,79.36,15.63,13.4,22.2,23.875
2023-05-27 18:00:00,18,37,37,2.0,1.0,28.0,6.0,0.0,1.0,9,9,17,1,18,1,104.667,475.0,146.0,1015.0,104.667,4.0,10.35,roster,0,110.0,92.5,1.25,111.99,5.3352,0.925,0.8696,2.973,79.36,15.63,13.4,23.6,25.375
2023-05-27 19:00:00,19,41,41,2.0,1.0,33.0,5.0,0.0,1.0,14,13,16,1,17,1,105.667,544.0,341.0,1075.0,105.667,4.0,10.35,roster,0,123.0,102.5,1.337,121.1,6.8431,1.025,1.256,3.0,87.94,14.76,13.4,24.99,26.875
2023-05-27 20:00:00,20,40,40,2.0,1.0,35.0,2.0,0.0,1.0,10,10,14,2,16,2,106.667,577.0,266.0,635.0,106.667,4.0,10.61,roster,0,123.0,100.0,1.2812,121.26,5.9732,1.0,0.9425,3.075,85.8,13.89,26.8,14.76,15.875
2023-05-27 21:00:00,21,41,41,2.0,2.0,30.0,7.0,0.0,1.0,17,13,17,2,19,2,107.667,625.0,276.0,689.0,107.667,4.0,10.61,roster,0,122.0,102.5,1.4524,127.26,6.6959,1.025,1.2253,2.9756,87.94,16.5,26.8,16.02,17.225
2023-05-27 22:00:00,22,41,41,2.0,3.0,31.0,5.0,0.0,1.0,15,12,18,2,20,2,108.667,603.0,336.0,749.0,108.667,3.0,6.91,roster,0,125.0,102.5,2.0833,129.53,8.4196,1.025,1.7366,3.0488,87.94,17.37,26.8,17.41,18.725
2023-05-27 23:00:00,23,42,42,2.0,3.0,30.0,7.0,0.0,1.0,15,12,18,2,20,2,109.667,663.0,396.0,809.0,109.667,3.0,6.91,roster,0,126.0,105.0,2.1,133.07,8.3598,1.05,1.7366,3.0,90.09,17.37,26.8,18.81,20.225
2023-05-28 00:00:00,0,41,41,2.0,3.0,34.0,2.0,0.0,1.0,10,10,19,2,21,2,110.667,641.0,313.0,864.0,110.667,3.0,6.91,roster,0,128.0,102.5,2.2456,133.07,7.718,1.025,1.4472,3.122,87.94,18.23,26.8,20.09,21.6
2023-05-28 01:00:00,1,36,36,2.0,3.0,30.0,1.0,0.0,1.0,7,4,19,2,21,2,111.667,701.0,373.0,924.0,111.667,3.0,6.91,roster,0,114.0,90.0,2.0,123.74,4.6831,0.9,0.5789,3.1667,77.22,18.23,26.8,21.48,23.1
2023-05-28 02:00:00,2,38,38,2.0,3.0,32.0,1.0,0.0,1.0,7,5,19,2,21,2,112.667,761.0,405.0,984.0,112.667,3.0,6.91,roster,0,120.0,95.0,2.1053,129.42,5.285,0.95,0.7236,3.1579,81.51,18.23,26.8,22.88,24.6
2023-05-28 03:00:00,3,34,34,2.0,2.0,28.0,2.0,0.0,1.0,5,3,20,3,23,3,113.667,686.0,382.0,1044.0,113.667,3.0,6.91,roster,0,106.0,85.0,2.0784,137.37,4.0035,0.85,0.4342,3.1176,72.93,19.97,40.2,24.27,26.1
2023-05-28 04:00:00,4,33,33,2.0,3.0,26.0,2.0,0.0,1.0,3,3,20,3,23,3,114.667,746.0,442.0,1104.0,114.667,3.0,6.91,roster,0,104.0,82.5,2.0392,136.62,3.9682,0.825,0.4342,3.1515,70.78,19.97,40.2,25.67,27.6
2023-05-28 05:00:00,5,30,30,2.0,2.0,25.0,1.0,0.0,1.0,3,2,20,3,23,3,115.667,806.0,469.0,1164.0,115.667,3.0,6.91,roster,0,95.0,75.0,1.8627,131.58,3.2915,0.75,0.2894,3.1667,64.35,19.97,40.2,27.06,29.1
2023-05-28 06:00:00,6,34,34,2.0,4.0,27.0,1.0,0.0,1.0,4,5,21,3,24,3,116.667,856.5,529.0,1224.0,116.667,3.0,6.91,roster,0,109.0,85.0,2.2708,142.43,5.0447,0.85,0.7236,3.2059,72.93,20.84,40.2,28.46,30.6
2023-05-28 07:00:00,7,35,35,2.0,2.0,30.0,1.0,0.0,1.0,7,6,20,3,23,3,117.667,926.0,589.0,1284.0,117.667,3.0,6.91,roster,0,110.0,87.5,2.1569,145.1,5.479,0.875,0.8683,3.1429,75.08,19.97,40.2,29.85,32.1
2023-05-28 08:00:00,8,39,39,3.0,3.0,32.0,1.0,0.0,1.0,8,7,20,3,23,3,118.667,986.0,649.0,1344.0,118.667,3.0,8.29,roster,0,125.0,97.5,2.451,155.07,5.8314,0.975,0.8444,3.2051,83.66,19.97,40.2,31.25,33.6
2023-05-28 09:00:00,9,34,34,4.0,3.0,26.0,1.0,0.0,1.0,5,4,21,3,24,3,119.667,1036.5,709.0,1404.0,119.667,3.0,8.29,roster,0,112.0,85.0,2.3333,146.61,4.3894,0.85,0.4825,3.2941,72.93,20.84,40.2,32.64,35.1
2023-05-28 10:00:00,10,44,44,5.0,4.0,30.0,5.0,0.0,1.0,15,13,20,3,23,3,120.667,1106.0,676.0,1464.0,120.667,4.0,11.54,roster,0,141.0,110.0,2.0735,168.59,7.135,1.1,1.1265,3.2045,94.38,19.97,40.2,34.04,36.6
2023-05-28 11:00:00,11,56,56,5.0,5.0,39.0,7.0,0.0,1.0,20,20,19,4,23,4,121.667,973.0,237.0,1504.0,121.667,4.0,11.54,roster,0,176.0,140.0,2.5882,208.66,9.8469,1.4,1.7331,3.1429,120.12,19.97,53.6,34.97,37.6
2023-05-28 12:00:00,12,56,56,5.0,7.0,39.0,5.0,0.0,1.0,18,12,21,4,25,4,122.667,796.0,178.0,1361.0,122.667,4.0,11.54,roster,0,180.0,140.0,3.0,207.07,7.8424,1.4,1.0399,3.2143,120.12,21.71,53.6,31.64,34.025
2023-05-28 13:00:00,13,66,66,5.0,9.0,46.0,4.0,2.0,1.0,19,17,21,4,25,4,123.667,856.0,238.0,1421.0,123.667,4.0,11.54,roster,0,209.0,165.0,3.4833,229.92,9.8899,1.65,1.4731,3.1667,141.57,21.71,53.6,33.04,35.525
2023-05-28 14:00:00,14,64,64,5.0,9.0,44.0,5.0,1.0,1.0,14,13,21,4,25,4,124.667,916.0,268.0,1481.0,124.667,4.0,11.54,roster,0,204.0,160.0,3.4,227.02,8.6908,1.6,1.1265,3.1875,137.28,21.71,53.6,34.43,37.025
2023-05-28 15:00:00,15,77,77,5.0,10.0,55.0,7.0,0.0,1.0,21,20,23,4,27,4,125.667,894.0,286.0,1541.0,125.667,4.0,11.54,roster,0,244.0,192.5,4.6923,258.04,11.5919,1.925,1.7331,3.1688,165.16,23.44,53.6,35.83,38.525
2023-05-28 16:00:00,16,71,71,5.0,8.0,50.0,8.0,0.0,1.0,8,8,26,4,30,4,126.667,634.0,253.0,1466.0,126.667,4.0,11.54,roster,0,223.0,177.5,5.575,246.03,7.7524,1.775,0.6932,3.1408,152.29,26.05,53.6,34.08,36.65
2023-05-28 17:00:00,17,64,64,5.0,7.0,46.0,6.0,0.0,1.0,8,5,28,4,32,4,127.667,581.0,264.0,1526.0,127.667,4.0,11.54,roster,0,203.0,160.0,6.3438,234.15,6.4493,1.6,0.4333,3.1719,137.28,27.79,53.6,35.48,38.15
2023-05-28 18:00:00,18,60,60,5.0,7.0,44.0,4.0,0.0,1.0,16,11,28,4,32,4,128.667,641.0,324.0,1586.0,128.667,4.0,11.54,roster,0,193.0,150.0,6.0312,226.96,7.8911,1.5,0.9532,3.2167,128.7,27.79,53.6,36.87,39.65
2023-05-28 19:00:00,19,64,64,4.0,6.0,45.0,9.0,0.0,1.0,18,16,28,3,31,3,129.667,717.0,334.0,1646.0,129.667,4.0,11.54,roster,0,197.0,160.0,5.4722,222.67,9.1928,1.6,1.3865,3.0781,137.28,26.92,40.2,38.27,41.15
2023-05-28 20:00:00,20,58,58,4.0,6.0,42.0,6.0,0.0,1.0,7,8,26,3,29,3,130.667,971.0,493.0,1706.0,130.667,4.0,9.68,roster,0,182.0,145.0,4.1364,209.46,7.1433,1.45,0.8264,3.1379,124.41,25.18,40.2,39.66,42.65
2023-05-28 21:00:00,21,64,64,4.0,7.0,45.0,8.0,0.0,1.0,18,15,26,3,29,3,131.667,1031.0,553.0,1766.0,131.667,4.0,9.68,roster,0,199.0,160.0,4.5227,223.72,9.7932,1.6,1.5496,3.1094,137.28,25.18,40.2,41.06,44.15
2023-05-28 22:00:00,22,68,68,4.0,9.0,49.0,6.0,0.0,1.0,14,14,28,3,31,3,132.667,897.0,482.0,1826.0,132.667,3.0,6.43,roster,0,215.0,170.0,7.963,235.43,12.2591,1.7,2.1773,3.1618,145.86,26.92,40.2,42.45,45.65
2023-05-28 23:00:00,23,69,69,4.0,10.0,45.0,10.0,0.0,1.0,16,15,27,3,30,3,133.667,1054.0,574.0,1886.0,133.667,3.0,6.43,roster,0,215.0,172.5,7.1667,238.1,12.6439,1.725,2.3328,3.1159,148.0,26.05,40.2,43.85,47.15
2023-05-29 00:00:00,0,60,60,4.0,9.0,40.0,7.0,0.0,1.0,9,8,27,2,29,2,134.667,1017.0,634.0,1946.0,134.667,3.0,6.43,roster,0,190.0,150.0,5.7576,205.93,8.6899,1.5,1.2442,3.1667,128.7,25.18,26.8,45.24,48.65
2023-05-29 01:00:00,1,53,53,4.0,9.0,36.0,4.0,0.0,1.0,5,4,28,2,30,2,135.667,1061.0,662.0,2006.0,135.667,3.0,6.43,roster,0,172.0,132.5,5.7333,193.17,6.3188,1.325,0.6221,3.2453,113.68,26.05,26.8,46.64,50.15
2023-05-29 02:00:00,2,53,53,4.0,9.0,37.0,3.0,0.0,1.0,5,4,28,2,30,2,136.667,1121.0,722.0,2066.0,136.667,3.0,6.43,roster,0,173.0,132.5,5.7667,194.57,6.3556,1.325,0.6221,3.2642,113.68,26.05,26.8,48.03,51.65
2023-05-29 03:00:00,3,48,48,4.0,9.0,33.0,2.0,0.0,1.0,4,3,29,2,31,2,137.667,1165.0,764.0,2126.0,137.667,3.0,6.43,roster,0,159.0,120.0,5.8889,186.11,5.5205,1.2,0.4666,3.3125,102.96,26.92,26.8,49.43,53.15
2023-05-29 04:00:00,4,49,49,4.0,9.0,34.0,2.0,0.0,1.0,4,3,29,2,31,2,138.667,1225.0,824.0,2186.0,138.667,3.0,6.43,roster,0,162.0,122.5,6.0,189.65,5.5925,1.225,0.4666,3.3061,105.1,26.92,26.8,50.82,54.65
2023-05-29 05:00:00,5,46,46,4.0,9.0,31.0,2.0,0.0,1.0,1,1,30,1,31,1,139.667,1198.0,863.0,2227.0,139.667,3.0,6.43,roster,0,153.0,115.0,5.6667,170.77,4.3423,1.15,0.1555,3.3261,98.67,26.92,13.4,51.78,55.675
2023-05-29 06:00:00,6,48,48,4.0,9.0,33.0,2.0,0.0,1.0,2,2,30,1,31,1,140.667,1258.0,923.0,2287.0,140.667,3.0,6.43,roster,0,159.0,120.0,5.8889,176.45,5.0053,1.2,0.311,3.3125,102.96,26.92,13.4,53.17,57.175
2023-05-29 07:00:00,7,54,54,5.0,10.0,37.0,2.0,0.0,1.0,8,8,30,1,31,1,141.667,1318.0,983.0,2347.0,141.667,3.0,6.43,roster,0,180.0,135.0,6.6667,190.72,8.6472,1.35,1.2442,3.3333,115.83,26.92,13.4,54.57,58.675
2023-05-29 08:00:00,8,56,56,6.0,10.0,37.0,3.0,0.0,1.0,6,6,32,1,33,1,142.667,1316.0,997.0,2122.0,142.667,3.0,6.5,roster,0,187.0,140.0,8.9048,191.51,7.7574,1.4,0.9231,3.3393,120.12,28.65,13.4,49.34,53.05
2023-05-29 09:00:00,9,56,56,6.0,10.0,38.0,2.0,0.0,1.0,8,8,29,3,32,3,143.667,1358.0,745.0,2149.0,143.667,3.0,6.5,roster,0,188.0,140.0,7.8333,218.07,8.8319,1.4,1.2308,3.3571,120.12,27.79,40.2,49.96,53.725
2023-05-29 10:00:00,10,58,58,6.0,9.0,42.0,1.0,0.0,1.0,14,12,28,4,32,4,144.667,1218.0,495.0,2116.0,144.667,4.0,9.84,roster,0,194.0,145.0,6.0625,234.99,8.9291,1.45,1.2195,3.3448,124.41,27.79,53.6,49.2,52.9
2023-05-29 11:00:00,11,62,62,5.0,8.0,47.0,1.0,1.0,1.0,15,13,28,3,31,3,145.667,1262.0,294.0,2176.0,145.667,4.0,9.84,roster,0,201.0,155.0,5.5833,230.7,9.308,1.55,1.3211,3.2419,132.99,26.92,40.2,50.59,54.4
2023-05-29 12:00:00,12,49,49,5.0,9.0,34.0,1.0,0.0,1.0,4,3,27,2,29,2,146.667,1322.0,354.0,2154.0,146.667,4.0,9.84,roster,0,165.0,122.5,3.75,187.17,5.1516,1.225,0.3049,3.3673,105.1,25.18,26.8,50.08,53.85
2023-05-29 13:00:00,13,47,47,5.0,9.0,32.0,1.0,0.0,1.0,8,7,25,2,27,2,147.667,1414.0,407.0,2296.0,147.667,4.0,9.84,roster,0,159.0,117.5,3.0577,184.44,6.3816,1.175,0.7114,3.383,100.82,23.44,26.8,53.38,57.4
2023-05-29 14:00:00,14,50,50,5.0,11.0,33.0,1.0,0.0,1.0,15,14,24,2,26,2,148.667,1449.0,467.0,2274.0,148.667,4.0,9.84,roster,0,170.0,125.0,3.0357,189.5,9.0874,1.25,1.4228,3.4,107.25,22.58,26.8,52.87,56.85
2023-05-29 15:00:00,15,52,52,5.0,8.0,37.0,2.0,0.0,1.0,10,10,23,2,25,2,149.667,1417.0,396.0,2334.0,149.667,4.0,9.84,roster,0,172.0,130.0,2.8667,194.31,7.6615,1.3,1.0163,3.3077,111.54,21.71,26.8,54.27,58.35
2023-05-29 16:00:00,16,52,52,5.0,9.0,37.0,1.0,0.0,1.0,10,9,24,2,26,2,69.917,997.5,346.0,1977.0,54.067,4.0,9.84,roster,0,174.0,130.0,3.1071,186.88,7.4105,1.3,0.9146,3.3462,111.54,22.58,26.8,45.97,49.425
2023-05-29 17:00:00,17,54,54,5.0,10.0,38.0,1.0,0.0,1.0,9,7,26,3,29,3,70.917,647.0,206.0,1856.0,55.067,4.0,9.84,roster,0,181.0,135.0,4.1136,204.36,6.9094,1.35,0.7114,3.3519,115.83,25.18,40.2,43.15,46.4
2023-05-29 18:00:00,18,57,57,6.0,13.0,37.0,1.0,0.0,1.0,9,9,27,3,30,3,71.917,657.5,245.0,1916.0,56.067,4.0,9.84,roster,0,195.0,142.5,4.875,213.06,8.004,1.425,0.9146,3.4211,122.26,26.05,40.2,44.55,47.9
2023-05-29 19:00:00,19,52,52,6.0,14.0,31.0,1.0,0.0,1.0,6,5,32,3,35,3,72.917,636.0,195.0,1966.0,57.067,4.0,9.84,roster,0,181.0,130.0,9.05,207.84,6.2937,1.3,0.5081,3.4808,111.54,30.39,40.2,45.71,49.15
2023-05-29 20:00:00,20,58,58,7.0,14.0,35.0,2.0,0.0,1.0,15,14,30,3,33,3,73.917,702.0,328.0,2026.0,58.067,4.0,11.58,roster,0,200.0,145.0,7.1429,220.37,9.1689,1.45,1.209,3.4483,124.41,28.65,40.2,47.1,50.65
2023-05-29 21:00:00,21,57,57,7.0,15.0,34.0,1.0,0.0,1.0,11,9,33,3,36,3,74.917,742.0,265.0,2086.0,59.067,4.0,11.58,roster,0,199.0,142.5,12.4375,222.22,7.6884,1.425,0.7772,3.4912,122.26,31.26,40.2,48.5,52.15
2023-05-29 22:00:00,22,62,62,7.0,15.0,38.0,1.0,1.0,1.0,12,11,32,3,35,3,75.917,816.0,299.0,2146.0,60.067,3.0,8.24,roster,0,212.0,155.0,14.1333,233.48,9.8647,1.55,1.335,3.4194,132.99,30.39,40.2,49.89,53.65
2023-05-29 23:00:00,23,60,60,7.0,15.0,37.0,1.0,0.0,1.0,6,5,35,3,38,3,76.917,807.0,323.0,2113.0,61.067,3.0,8.24,roster,0,208.0,150.0,34.6667,231.02,7.3036,1.5,0.6068,3.4667,128.7,33.0,40.2,49.13,52.825
2023-05-30 00:00:00,0,58,58,7.0,13.0,37.0,1.0,0.0,1.0,5,4,35,3,38,3,77.917,867.0,383.0,2173.0,62.067,3.0,8.24,roster,0,200.0,145.0,33.3333,228.13,6.6739,1.45,0.4854,3.4483,124.41,33.0,40.2,50.52,54.325
2023-05-30 01:00:00,1,56,56,7.0,13.0,33.0,3.0,0.0,1.0,5,5,33,3,36,3,78.917,982.0,479.0,2326.0,63.067,3.0,8.24,roster,0,192.0,140.0,16.0,225.66,6.8804,1.4,0.6068,3.4286,120.12,31.26,40.2,54.08,58.15
2023-05-30 02:00:00,2,58,58,7.0,13.0,34.0,4.0,0.0,1.0,5,5,33,3,36,3,79.917,1042.0,539.0,2386.0,64.067,3.0,8.24,roster,0,197.0,145.0,16.4167,231.34,6.986,1.45,0.6068,3.3966,124.41,31.26,40.2,55.47,59.65
2023-05-30 03:00:00,3,53,53,7.0,13.0,32.0,1.0,0.0,1.0,3,3,33,3,36,3,80.917,1102.0,599.0,2446.0,65.067,3.0,8.24,roster,0,185.0,132.5,15.4167,222.01,5.8958,1.325,0.3641,3.4906,113.68,31.26,40.2,56.87,61.15
2023-05-30 04:00:00,4,46,46,7.0,12.0,26.0,1.0,0.0,1.0,2,1,34,3,37,3,81.917,1148.0,637.0,2413.0,66.067,3.0,8.24,roster,0,163.0,115.0,18.1111,207.1,4.505,1.15,0.1214,3.5435,98.67,32.13,40.2,56.1,60.325
2023-05-30 05:00:00,5,48,48,7.0,13.0,27.0,1.0,0.0,1.0,3,2,35,3,38,3,82.917,1167.0,683.0,2473.0,67.067,3.0,8.24,roster,0,170.0,120.0,28.3333,213.65,5.1096,1.2,0.2427,3.5417,102.96,33.0,40.2,57.5,61.825
2023-05-30 06:00:00,6,53,53,7.0,13.0,32.0,1.0,0.0,1.0,5,5,35,3,38,3,83.917,1227.0,743.0,2533.0,68.067,3.0,8.24,roster,0,185.0,132.5,30.8333,225.77,6.7431,1.325,0.6068,3.4906,113.68,33.0,40.2,58.89,63.325
2023-05-30 07:00:00,7,50,50,7.0,12.0,30.0,1.0,0.0,1.0,1,1,35,3,38,3,84.917,1287.0,791.0,2593.0,69.067,3.0,8.24,roster,0,175.0,125.0,29.1667,220.73,4.7998,1.25,0.1214,3.5,107.25,33.0,40.2,60.29,64.825
2023-05-30 08:00:00,8,53,53,7.0,12.0,32.0,2.0,0.0,1.0,4,4,35,3,38,3,85.917,1347.0,851.0,2653.0,70.067,3.0,6.56,roster,0,183.0,132.5,30.5,228.56,6.6804,1.325,0.6098,3.4528,113.68,33.0,40.2,61.68,66.325
2023-05-30 09:00:00,9,52,52,5.0,12.0,32.0,3.0,0.0,1.0,7,7,30,3,33,3,86.917,1145.0,817.0,2713.0,71.067,3.0,6.56,roster,0,175.0,130.0,8.3333,223.47,7.9661,1.3,1.0671,3.3654,111.54,28.65,40.2,63.08,67.825
2023-05-30 10:00:00,10,50,50,5.0,11.0,30.0,3.0,1.0,1.0,6,6,28,3,31,3,87.917,997.0,685.0,2624.0,72.067,4.0,9.65,roster,0,166.0,125.0,4.6111,215.38,6.2142,1.25,0.6218,3.32,107.25,26.92,40.2,61.01,65.6
2023-05-30 11:00:00,11,47,47,5.0,10.0,30.0,2.0,0.0,1.0,12,10,23,3,26,3,88.917,1068.0,745.0,2936.0,73.067,4.0,9.65,roster,0,159.0,117.5,2.8393,211.85,7.4807,1.175,1.0363,3.383,100.82,22.58,40.2,68.26,73.4
2023-05-30 12:00:00,12,48,48,6.0,11.0,28.0,3.0,0.0,1.0,12,12,19,3,22,3,89.917,1128.0,987.0,3177.0,74.067,4.0,9.65,roster,0,164.0,120.0,2.2778,216.13,8.3487,1.2,1.2435,3.4167,102.96,19.1,40.2,73.87,79.425
2023-05-30 13:00:00,13,47,47,5.0,12.0,27.0,2.0,1.0,1.0,9,9,22,3,25,3,74.467,1151.0,278.0,2804.0,74.467,4.0,9.65,roster,0,159.0,117.5,2.65,207.92,7.1301,1.175,0.9326,3.383,100.82,21.71,40.2,65.19,70.1
2023-05-30 14:00:00,14,43,43,5.0,10.0,24.0,3.0,1.0,1.0,5,5,24,3,27,3,75.467,717.0,129.0,2864.0,75.467,4.0,9.65,roster,0,144.0,107.5,2.7692,202.47,5.3351,1.075,0.5181,3.3488,92.24,23.44,40.2,66.59,71.6
2023-05-30 15:00:00,15,44,44,3.0,8.0,28.0,4.0,1.0,1.0,10,10,19,2,21,2,76.467,398.0,185.0,2924.0,76.467,4.0,9.65,roster,0,140.0,110.0,1.8421,187.4,6.7972,1.1,1.0363,3.1818,94.38,18.23,26.8,67.98,73.1
2023-05-30 16:00:00,16,49,49,4.0,6.0,35.0,4.0,0.0,1.0,13,12,17,3,20,3,77.467,365.5,230.0,3236.0,77.467,4.0,9.65,roster,0,157.0,122.5,1.9625,217.91,7.9094,1.225,1.2435,3.2041,105.1,17.37,40.2,75.24,80.9
2023-05-30 17:00:00,17,52,52,5.0,9.0,35.0,3.0,0.0,1.0,10,10,21,3,24,3,78.467,313.0,246.0,3044.0,78.467,4.0,9.65,roster,0,172.0,130.0,2.6875,223.35,7.7277,1.3,1.0363,3.3077,111.54,20.84,40.2,70.77,76.1
2023-05-30 18:00:00,18,55,55,5.0,9.0,37.0,3.0,1.0,1.0,8,8,24,3,27,3,79.467,365.0,179.0,2022.0,79.467,4.0,9.65,roster,0,179.0,137.5,3.4423,208.63,7.1731,1.375,0.829,3.2545,117.98,23.44,40.2,47.01,50.55
2023-05-30 19:00:00,19,50,50,6.0,10.0,31.0,3.0,0.0,1.0,8,8,24,2,26,2,80.467,419.5,227.0,2082.0,80.467,4.0,9.65,roster,0,169.0,125.0,3.0179,185.03,7.0271,1.25,0.829,3.38,107.25,22.58,26.8,48.41,52.05
2023-05-30 20:00:00,20,47,47,6.0,9.0,30.0,2.0,0.0,1.0,4,3,27,3,30,3,81.467,428.0,214.0,707.0,81.467,4.0,10.32,roster,0,160.0,117.5,4.0,163.5,4.9896,1.175,0.2907,3.4043,100.82,26.05,40.2,16.44,17.675
2023-05-30 21:00:00,21,44,44,4.0,8.0,29.0,3.0,0.0,1.0,6,6,25,3,28,3,68.9,424.5,274.0,767.0,68.9,4.0,10.32,roster,0,145.0,110.0,3.0208,156.73,5.541,1.1,0.5814,3.2955,94.38,24.31,40.2,17.83,19.175
2023-05-30 22:00:00,22,37,37,4.0,5.0,24.0,3.0,1.0,1.0,7,6,24,2,26,2,69.9,484.5,334.0,827.0,69.9,3.0,7.23,roster,0,119.0,92.5,2.8333,127.97,5.6441,0.925,0.8299,3.2162,79.36,22.58,26.8,19.23,20.675
2023-05-30 23:00:00,23,44,44,4.0,6.0,30.0,4.0,0.0,1.0,13,12,26,2,28,2,70.9,475.0,347.0,887.0,70.9,3.0,7.23,roster,0,142.0,110.0,3.9444,146.12,8.9065,1.1,1.6598,3.2273,94.38,24.31,26.8,20.62,22.175
2023-05-31 00:00:00,0,48,48,5.0,6.0,35.0,2.0,0.0,1.0,11,10,27,3,30,3,64.95,509.5,340.0,753.0,64.95,3.0,7.23,roster,0,158.0,120.0,5.2667,166.72,8.5028,1.2,1.3831,3.2917,102.96,26.05,40.2,17.51,18.825
2023-05-31 01:00:00,1,42,42,5.0,7.0,29.0,1.0,0.0,1.0,2,2,30,3,33,3,65.95,523.0,255.0,797.0,65.95,3.0,7.23,roster,0,142.0,105.0,6.7619,157.47,4.4853,1.05,0.2766,3.381,90.09,28.65,40.2,18.53,19.925
2023-05-31 02:00:00,2,43,43,5.0,7.0,28.0,3.0,0.0,1.0,5,4,30,2,32,2,63.933,581.5,315.0,857.0,63.933,3.0,7.23,roster,0,143.0,107.5,5.9583,146.75,5.4149,1.075,0.5533,3.3256,92.24,27.79,26.8,19.93,21.425
2023-05-31 03:00:00,3,43,43,5.0,7.0,28.0,3.0,0.0,1.0,1,1,30,3,33,3,64.933,640.0,347.0,909.0,64.933,3.0,7.23,roster,0,143.0,107.5,6.8095,162.22,4.035,1.075,0.1383,3.3256,92.24,28.65,40.2,21.13,22.725
2023-05-31 04:00:00,4,45,45,5.0,8.0,27.0,5.0,0.0,1.0,5,5,30,2,32,2,65.933,701.5,435.0,977.0,65.933,3.0,7.23,roster,0,148.0,112.5,6.1667,153.83,5.9745,1.125,0.6916,3.2889,96.52,27.79,26.8,22.72,24.425
2023-05-31 05:00:00,5,37,37,5.0,6.0,24.0,2.0,0.0,1.0,2,2,30,1,31,1,66.933,763.0,495.0,1037.0,66.933,3.0,7.23,roster,0,125.0,92.5,4.6296,123.79,4.0595,0.925,0.2766,3.3784,79.36,26.92,13.4,24.11,25.925
2023-05-31 06:00:00,6,38,38,5.0,6.0,25.0,2.0,0.0,1.0,3,3,30,1,31,1,67.933,823.0,555.0,1097.0,67.933,3.0,7.23,roster,0,128.0,95.0,4.7407,127.33,4.5977,0.95,0.4149,3.3684,81.51,26.92,13.4,25.51,27.425
2023-05-31 07:00:00,7,36,36,5.0,5.0,23.0,3.0,0.0,1.0,2,2,30,1,31,1,68.933,883.0,615.0,1157.0,68.933,3.0,7.23,roster,0,120.0,90.0,4.4444,124.44,3.9221,0.9,0.2766,3.3333,77.22,26.92,13.4,26.9,28.925
2023-05-31 08:00:00,8,35,35,5.0,5.0,22.0,3.0,0.0,1.0,1,1,30,1,31,1,69.933,943.0,675.0,1217.0,69.933,3.0,6.35,roster,0,117.0,87.5,4.3333,123.69,3.4514,0.875,0.1575,3.3429,75.08,26.92,13.4,28.3,30.425
2023-05-31 09:00:00,9,38,38,4.0,5.0,25.0,3.0,1.0,1.0,11,11,24,1,25,1,70.933,1000.0,735.0,1210.0,70.933,3.0,6.35,roster,0,122.0,95.0,2.7111,124.75,8.6115,0.95,1.7323,3.2105,81.51,21.71,13.4,28.13,30.25
2023-05-31 10:00:00,10,42,42,4.0,8.0,27.0,2.0,1.0,1.0,10,9,25,1,26,1,71.933,1057.0,730.0,1270.0,71.933,4.0,9.81,roster,0,138.0,105.0,2.4643,135.59,6.4644,1.05,0.9174,3.2857,90.09,22.58,13.4,29.53,31.75
2023-05-31 11:00:00,11,46,46,6.0,8.0,28.0,4.0,0.0,1.0,13,13,20,2,22,2,72.933,1027.5,685.0,1199.0,72.933,4.0,9.81,roster,0,154.0,115.0,2.1389,152.45,8.2865,1.15,1.3252,3.3478,98.67,19.1,26.8,27.88,29.975
2023-05-31 12:00:00,12,49,49,7.0,8.0,33.0,1.0,0.0,1.0,10,10,22,3,25,3,73.933,850.0,145.0,1212.0,73.933,4.0,9.81,roster,0,168.0,122.5,2.8,175.19,7.695,1.225,1.0194,3.4286,105.1,21.71,40.2,28.18,30.3
2023-05-31 13:00:00,13,46,46,6.0,7.0,28.0,4.0,1.0,1.0,8,7,22,3,25,3,74.933,910.0,160.0,1272.0,74.933,4.0,9.81,roster,0,151.0,115.0,2.5167,170.15,6.1173,1.15,0.7136,3.2826,98.67,21.71,40.2,29.57,31.8
2023-05-31 14:00:00,14,47,47,7.0,8.0,29.0,2.0,1.0,1.0,12,11,21,3,24,3,75.933,917.5,212.0,1367.0,75.933,4.0,9.81,roster,0,159.0,117.5,2.4844,173.64,7.7684,1.175,1.1213,3.383,100.82,20.84,40.2,31.78,34.175
2023-05-31 15:00:00,15,45,45,6.0,6.0,29.0,2.0,2.0,1.0,10,9,18,2,20,2,76.933,340.5,252.0,1392.0,76.933,4.0,9.81,roster,0,147.0,112.5,1.8375,153.06,6.6719,1.125,0.9174,3.2667,96.52,17.37,26.8,32.36,34.8
2023-05-31 16:00:00,16,38,38,6.0,5.0,24.0,2.0,1.0,1.0,9,7,16,1,17,1,77.933,428.0,312.0,1278.0,77.933,4.0,9.81,roster,0,127.0,95.0,1.3804,119.38,5.5598,0.95,0.7136,3.3421,81.51,14.76,13.4,29.71,31.95
2023-05-31 17:00:00,17,40,40,7.0,7.0,21.0,4.0,1.0,1.0,10,9,14,2,16,2,78.933,722.5,372.0,1512.0,78.933,4.0,9.81,roster,0,135.0,100.0,1.4062,141.65,6.4713,1.0,0.9174,3.375,85.8,13.89,26.8,35.15,37.8
2023-05-31 18:00:00,18,36,36,6.0,6.0,20.0,3.0,1.0,1.0,8,7,18,2,20,2,79.933,444.0,259.0,1398.0,79.933,4.0,9.81,roster,0,121.0,90.0,1.5125,133.89,5.4233,0.9,0.7136,3.3611,77.22,17.37,26.8,32.5,34.95
2023-05-31 19:00:00,19,39,39,6.0,8.0,23.0,1.0,1.0,1.0,10,10,19,1,20,1,80.933,504.0,319.0,1458.0,80.933,4.0,9.81,roster,0,134.0,97.5,1.675,128.32,6.8524,0.975,1.0194,3.4359,83.66,17.37,13.4,33.9,36.45
2023-05-31 20:00:00,20,49,49,7.0,8.0,27.0,5.0,2.0,1.0,13,13,22,0,22,0,81.933,547.5,196.0,1367.0,81.933,4.0,11.7,roster,0,160.0,122.5,2.2222,135.99,7.6281,1.225,1.1111,3.2653,105.1,19.1,0.0,31.78,34.175
2023-05-31 21:00:00,21,52,52,6.0,9.0,30.0,5.0,2.0,1.0,14,13,25,0,25,0,82.933,439.0,149.0,1390.0,82.933,4.0,11.7,roster,0,168.0,130.0,2.8,145.57,7.7897,1.3,1.1111,3.2308,111.54,21.71,0.0,32.32,34.75
2023-05-31 22:00:00,22,42,42,6.0,8.0,23.0,4.0,1.0,1.0,2,2,26,0,26,0,83.933,419.0,203.0,1450.0,83.933,3.0,8.24,roster,0,140.0,105.0,3.3333,126.38,4.3091,1.05,0.2427,3.3333,90.09,22.58,0.0,33.71,36.25
2023-05-31 23:00:00,23,38,38,6.0,10.0,19.0,2.0,1.0,1.0,8,3,26,0,26,0,84.933,479.0,263.0,1510.0,84.933,3.0,8.24,roster,0,132.0,95.0,3.1429,119.19,4.5647,0.95,0.3641,3.4737,81.51,22.58,0.0,35.11,37.75
