ts,hour,total,census,l1,l2,l3,l4,l5,tri_coverage,arrivals,arrival_present_1h,waitBed,waitICU,D_board,resus,maxLOS_h,awt_curr_min,board_q1_min,board_q3_min,board_max_h,Na,cap_sum,cap_source,src_gap,acuity,OCCUPANCY,EDWIN,NEDOCS,READI,READI_BR,READI_PR,READI_AR,NEDOCS_t_total,NEDOCS_t_board,NEDOCS_t_resus,NEDOCS_t_longest_admit,NEDOCS_E_h
2025-10-01 00:00:00,0,43,43,2.0,8.0,30.0,3.0,0.0,1.0,8,7,25,2,27,2,28.767,559.0,338.0,741.0,28.767,3.0,6.36,roster,0,138.0,107.5,3.5385,139.71,6.9823,1.075,1.1006,3.2093,92.24,23.44,26.8,17.23,18.525
2025-10-01 01:00:00,1,41,41,2.0,8.0,30.0,1.0,0.0,1.0,4,4,28,2,30,2,29.767,598.0,377.0,797.0,29.767,3.0,6.36,roster,0,134.0,102.5,4.4667,139.32,5.4055,1.025,0.6289,3.2683,87.94,26.05,26.8,18.53,19.925
2025-10-01 02:00:00,2,41,41,2.0,7.0,31.0,1.0,0.0,1.0,5,5,27,1,28,1,30.767,669.5,452.0,861.0,30.767,3.0,6.36,roster,0,133.0,102.5,3.6944,125.68,5.8752,1.025,0.7862,3.2439,87.94,24.31,13.4,20.02,21.525
2025-10-01 03:00:00,3,36,36,2.0,6.0,27.0,1.0,0.0,1.0,1,1,27,1,28,1,31.767,729.5,512.0,921.0,31.767,3.0,6.36,roster,0,117.0,90.0,3.25,116.35,3.436,0.9,0.1572,3.25,77.22,24.31,13.4,21.41,23.025
2025-10-01 04:00:00,4,34,34,2.0,6.0,26.0,0.0,0.0,1.0,0,0,27,1,28,1,32.767,789.5,572.0,981.0,32.767,3.0,6.36,roster,0,112.0,85.0,3.1111,113.45,2.8,0.85,0.0,3.2941,72.93,24.31,13.4,22.81,24.525
2025-10-01 05:00:00,5,36,36,2.0,7.0,27.0,0.0,0.0,1.0,6,4,27,1,28,1,33.767,849.5,632.0,1041.0,33.767,3.0,6.36,roster,0,119.0,90.0,3.3056,119.14,5.054,0.9,0.6289,3.3056,77.22,24.31,13.4,24.2,26.025
2025-10-01 06:00:00,6,38,38,2.0,8.0,28.0,0.0,0.0,1.0,2,2,27,1,28,1,34.767,909.5,692.0,1101.0,34.767,3.0,6.36,roster,0,126.0,95.0,3.5,124.82,4.1927,0.95,0.3145,3.3158,81.51,24.31,13.4,25.6,27.525
2025-10-01 07:00:00,7,38,38,2.0,8.0,26.0,2.0,0.0,1.0,5,4,28,2,30,2,35.767,918.5,731.0,1157.0,35.767,3.0,6.36,roster,0,124.0,95.0,4.1333,141.26,5.1523,0.95,0.6289,3.2632,81.51,26.05,26.8,26.9,28.925
2025-10-01 08:00:00,8,41,41,2.0,8.0,28.0,3.0,0.0,1.0,4,4,28,2,30,2,36.767,978.5,791.0,1217.0,36.767,3.0,7.21,roster,0,132.0,102.5,4.4,149.09,5.0861,1.025,0.5548,3.2195,87.94,26.05,26.8,28.3,30.425
2025-10-01 09:00:00,9,44,44,2.0,7.0,34.0,1.0,0.0,1.0,10,9,28,1,29,1,37.767,1080.0,857.0,1277.0,37.767,3.0,7.21,roster,0,142.0,110.0,4.303,142.65,7.5785,1.1,1.2483,3.2273,94.38,25.18,13.4,29.69,31.925
2025-10-01 10:00:00,10,43,43,3.0,7.0,33.0,0.0,0.0,1.0,8,8,27,1,28,1,38.767,1149.5,917.0,1341.0,38.767,4.0,10.46,roster,0,142.0,107.5,2.9583,141.13,6.0757,1.075,0.7648,3.3023,92.24,24.31,13.4,31.18,33.525
2025-10-01 11:00:00,11,42,42,1.0,7.0,34.0,0.0,0.0,1.0,11,11,22,1,23,1,38.767,1034.0,768.0,1371.0,38.767,4.0,10.46,roster,0,135.0,105.0,1.9853,135.34,6.7552,1.05,1.0516,3.2143,90.09,19.97,13.4,31.88,34.275
2025-10-01 12:00:00,12,37,37,0.0,5.0,32.0,0.0,0.0,1.0,7,7,21,0,21,0,39.767,1037.0,364.0,1177.0,39.767,4.0,10.46,roster,0,116.0,92.5,1.5263,104.96,4.9981,0.925,0.6692,3.1351,79.36,18.23,0.0,27.37,29.425
2025-10-01 13:00:00,13,37,37,1.0,5.0,31.0,0.0,0.0,1.0,7,7,23,0,23,0,40.767,888.0,147.0,1237.0,40.767,4.0,10.46,roster,0,118.0,92.5,1.7353,108.1,5.0843,0.925,0.6692,3.1892,79.36,19.97,0.0,28.76,30.925
2025-10-01 14:00:00,14,40,40,3.0,7.0,30.0,0.0,0.0,1.0,11,11,20,1,21,1,41.767,326.0,151.0,1157.0,41.767,4.0,10.46,roster,0,133.0,100.0,1.75,124.33,6.8217,1.0,1.0516,3.325,85.8,18.23,13.4,26.9,28.925
2025-10-01 15:00:00,15,43,43,3.0,8.0,32.0,0.0,0.0,1.0,11,10,21,2,23,2,42.767,221.0,122.0,956.0,42.767,4.0,10.46,roster,0,143.0,107.5,2.1029,141.23,6.7543,1.075,0.956,3.3256,92.24,19.97,26.8,22.23,23.9
2025-10-01 16:00:00,16,44,44,2.0,9.0,33.0,0.0,0.0,1.0,9,10,21,1,22,1,43.767,299.0,167.0,1016.0,43.767,4.0,10.46,roster,0,145.0,110.0,2.0139,130.5,6.7755,1.1,0.956,3.2955,94.38,19.1,13.4,23.62,25.4
2025-10-01 17:00:00,17,47,47,2.0,10.0,35.0,0.0,0.0,1.0,12,12,23,1,24,1,44.767,323.0,223.0,1076.0,44.767,4.0,10.46,roster,0,155.0,117.5,2.4219,140.07,7.6584,1.175,1.1472,3.2979,100.82,20.84,13.4,25.02,26.9
2025-10-01 18:00:00,18,45,45,2.0,12.0,31.0,0.0,0.0,1.0,4,4,27,1,28,1,45.767,334.0,203.0,1127.0,45.767,4.0,10.46,roster,0,151.0,112.5,3.1458,140.44,5.0582,1.125,0.3824,3.3556,96.52,24.31,13.4,26.2,28.175
2025-10-01 19:00:00,19,48,48,1.0,12.0,33.0,2.0,0.0,1.0,10,10,29,0,29,0,46.767,365.0,195.0,626.0,46.767,4.0,10.46,roster,0,156.0,120.0,3.5455,122.7,7.0071,1.2,0.956,3.25,102.96,25.18,0.0,14.55,15.65
2025-10-01 20:00:00,20,48,48,1.0,13.0,32.0,2.0,0.0,1.0,8,7,30,1,31,1,26.583,403.0,183.0,567.0,26.583,4.0,10.26,roster,0,157.0,120.0,4.3611,136.46,6.1566,1.2,0.6823,3.2708,102.96,26.92,13.4,13.18,14.175
2025-10-01 21:00:00,21,46,46,1.0,11.0,32.0,2.0,0.0,1.0,4,4,30,2,32,2,27.583,421.5,241.0,627.0,27.583,4.0,10.26,roster,0,149.0,115.0,4.6562,147.83,4.9878,1.15,0.3899,3.2391,98.67,27.79,26.8,14.58,15.675
2025-10-01 22:00:00,22,50,50,1.0,11.0,35.0,3.0,0.0,1.0,8,7,30,2,32,2,28.583,481.5,301.0,687.0,28.583,3.0,7.01,roster,0,160.0,125.0,6.6667,157.81,7.1954,1.25,0.9986,3.2,107.25,27.79,26.8,15.97,17.175
2025-10-01 23:00:00,23,50,50,1.0,11.0,36.0,2.0,0.0,1.0,8,7,30,1,31,1,29.583,503.0,352.0,701.0,29.583,3.0,7.01,roster,0,161.0,125.0,5.963,143.87,7.2404,1.25,0.9986,3.22,107.25,26.92,13.4,16.3,17.525
2025-10-02 00:00:00,0,46,46,1.0,10.0,33.0,2.0,0.0,1.0,5,4,30,1,31,1,30.583,563.0,412.0,761.0,30.583,3.0,7.01,roster,0,148.0,115.0,5.4815,136.68,5.5359,1.15,0.5706,3.2174,98.67,26.92,13.4,17.69,19.025
2025-10-02 01:00:00,1,50,50,1.0,11.0,33.0,5.0,0.0,1.0,8,8,30,1,31,1,31.583,623.0,472.0,821.0,31.583,3.0,7.01,roster,0,158.0,125.0,5.8519,146.66,7.5563,1.25,1.1412,3.16,107.25,26.92,13.4,19.09,20.525
2025-10-02 02:00:00,2,43,43,1.0,9.0,28.0,5.0,0.0,1.0,3,2,30,0,30,0,32.583,721.5,541.0,881.0,32.583,3.0,7.01,roster,0,135.0,107.5,4.5,118.77,4.2707,1.075,0.2853,3.1395,92.24,26.05,0.0,20.48,22.025
2025-10-02 03:00:00,3,39,39,1.0,8.0,26.0,4.0,0.0,1.0,0,0,30,0,30,0,33.583,781.5,601.0,941.0,33.583,3.0,7.01,roster,0,123.0,97.5,4.1,111.58,3.075,0.975,0.0,3.1538,83.66,26.05,0.0,21.88,23.525
2025-10-02 04:00:00,4,39,39,1.0,8.0,27.0,3.0,0.0,1.0,3,2,30,0,30,0,34.583,841.5,661.0,1001.0,34.583,3.0,7.01,roster,0,124.0,97.5,4.1333,112.98,4.0071,0.975,0.2853,3.1795,83.66,26.05,0.0,23.27,25.025
2025-10-02 05:00:00,5,38,38,1.0,8.0,26.0,3.0,0.0,1.0,0,0,30,0,30,0,35.583,901.5,721.0,1061.0,35.583,3.0,7.01,roster,0,121.0,95.0,4.0333,112.23,3.025,0.95,0.0,3.1842,81.51,26.05,0.0,24.67,26.525
2025-10-02 06:00:00,6,39,39,1.0,8.0,26.0,4.0,0.0,1.0,2,2,30,0,30,0,36.583,961.5,781.0,1121.0,36.583,3.0,7.01,roster,0,123.0,97.5,4.1,115.77,3.9748,0.975,0.2853,3.1538,83.66,26.05,0.0,26.06,28.025
2025-10-02 07:00:00,7,40,40,1.0,8.0,28.0,3.0,0.0,1.0,4,4,30,0,30,0,37.583,1021.5,841.0,1181.0,37.583,3.0,7.01,roster,0,127.0,100.0,4.2333,119.31,4.9867,1.0,0.5706,3.175,85.8,26.05,0.0,27.46,29.525
2025-10-02 08:00:00,8,41,41,1.0,8.0,29.0,3.0,0.0,1.0,5,4,30,0,30,0,38.583,1081.5,901.0,1241.0,38.583,3.0,7.75,roster,0,130.0,102.5,4.3333,122.85,4.8865,1.025,0.5161,3.1707,87.94,26.05,0.0,28.85,31.025
2025-10-02 09:00:00,9,44,44,1.0,8.0,32.0,3.0,0.0,1.0,5,4,30,0,30,0,39.583,1141.5,961.0,1301.0,39.583,3.0,7.75,roster,0,139.0,110.0,4.6333,130.68,5.1055,1.1,0.5161,3.1591,94.38,26.05,0.0,30.25,32.525
2025-10-02 10:00:00,10,52,52,2.0,9.0,35.0,6.0,0.0,1.0,13,12,31,0,31,0,40.583,1157.0,948.0,1325.0,40.583,4.0,11.09,roster,0,163.0,130.0,4.5278,149.26,7.4668,1.3,1.0821,3.1346,111.54,26.92,0.0,30.81,33.125
2025-10-02 11:00:00,11,53,53,2.0,12.0,35.0,4.0,0.0,1.0,11,11,34,0,34,0,41.583,1124.0,858.0,1314.0,41.583,4.0,11.09,roster,0,171.0,132.5,7.125,153.76,7.4752,1.325,0.9919,3.2264,113.68,29.52,0.0,30.55,32.85
2025-10-02 12:00:00,12,55,55,2.0,13.0,35.0,5.0,0.0,1.0,9,9,32,0,32,0,41.633,1136.5,227.0,1363.0,41.633,4.0,11.09,roster,0,177.0,137.5,5.5312,157.45,7.0367,1.375,0.8115,3.2182,117.98,27.79,0.0,31.69,34.075
2025-10-02 13:00:00,13,61,61,2.0,11.0,44.0,4.0,0.0,1.0,12,12,30,0,30,0,42.633,1107.0,200.0,1273.0,42.633,4.0,11.09,roster,0,194.0,152.5,4.85,166.49,8.2913,1.525,1.0821,3.1803,130.84,26.05,0.0,29.6,31.825
2025-10-02 14:00:00,14,64,64,3.0,11.0,47.0,3.0,0.0,1.0,12,11,27,1,28,1,29.433,1073.0,249.0,1316.0,29.433,4.0,11.09,roster,0,206.0,160.0,4.2917,185.59,8.3426,1.6,0.9919,3.2188,137.28,24.31,13.4,30.6,32.9
2025-10-02 15:00:00,15,56,56,3.0,11.0,39.0,3.0,0.0,1.0,4,4,29,2,31,2,30.433,414.0,275.0,1323.0,30.433,4.0,11.09,roster,0,182.0,140.0,5.0556,184.6,5.7222,1.4,0.3607,3.25,120.12,26.92,26.8,30.76,33.075
2025-10-02 16:00:00,16,59,59,3.0,10.0,42.0,4.0,0.0,1.0,10,10,31,1,32,1,31.433,470.5,335.0,1383.0,31.433,4.0,11.09,roster,0,189.0,147.5,5.9062,179.9,7.6135,1.475,0.9017,3.2034,126.56,27.79,13.4,32.15,34.575
2025-10-02 17:00:00,17,59,59,4.0,13.0,38.0,4.0,0.0,1.0,7,6,31,2,33,2,32.433,527.0,316.0,1441.0,32.433,4.0,11.09,roster,0,194.0,147.5,6.9286,195.51,6.629,1.475,0.541,3.2881,126.56,28.65,26.8,33.5,36.025
2025-10-02 18:00:00,18,56,56,4.0,13.0,37.0,2.0,0.0,1.0,7,6,33,3,36,3,33.433,508.5,331.0,1501.0,33.433,4.0,11.09,roster,0,187.0,140.0,11.6875,206.48,6.4816,1.4,0.541,3.3393,120.12,31.26,40.2,34.9,37.525
2025-10-02 19:00:00,19,52,52,3.0,13.0,34.0,2.0,0.0,1.0,6,6,34,2,36,2,34.433,568.5,391.0,1561.0,34.433,4.0,11.09,roster,0,173.0,130.0,10.8125,185.89,6.125,1.3,0.541,3.3269,111.54,31.26,26.8,36.29,39.025
2025-10-02 20:00:00,20,50,50,2.0,15.0,30.0,3.0,0.0,1.0,8,7,33,1,34,1,35.433,628.5,447.0,1621.0,35.433,4.0,10.35,roster,0,166.0,125.0,6.9167,167.86,6.3954,1.25,0.6763,3.32,107.25,29.52,13.4,37.69,40.525
2025-10-02 21:00:00,21,55,55,1.0,18.0,32.0,4.0,0.0,1.0,9,9,32,2,34,2,36.433,677.5,479.0,1672.0,36.433,4.0,10.35,roster,0,181.0,137.5,7.5417,193.17,7.3867,1.375,0.8696,3.2909,117.98,29.52,26.8,38.87,41.8
2025-10-02 22:00:00,22,51,51,1.0,15.0,33.0,2.0,0.0,1.0,7,7,31,2,33,2,37.433,729.0,522.0,1668.0,37.433,3.0,7.01,roster,0,168.0,127.5,8.0,183.63,7.4894,1.275,0.9986,3.2941,109.39,28.65,26.8,38.78,41.7
2025-10-02 23:00:00,23,52,52,1.0,16.0,33.0,2.0,0.0,1.0,10,9,30,2,32,2,38.433,779.5,582.0,1792.0,38.433,3.0,7.01,roster,0,172.0,130.0,7.1667,187.79,8.5467,1.3,1.2839,3.3077,111.54,27.79,26.8,41.66,44.8
2025-10-03 00:00:00,0,53,53,1.0,18.0,32.0,2.0,0.0,1.0,8,8,30,2,32,2,39.433,839.5,642.0,1852.0,39.433,3.0,7.01,roster,0,177.0,132.5,7.375,191.33,8.2363,1.325,1.1412,3.3396,113.68,27.79,26.8,43.06,46.3
2025-10-03 01:00:00,1,49,49,1.0,16.0,29.0,3.0,0.0,1.0,6,7,30,1,31,1,40.433,909.0,702.0,1912.0,40.433,3.0,7.01,roster,0,162.0,122.5,6.0,169.88,7.3514,1.225,0.9986,3.3061,105.1,26.92,13.4,44.45,47.8
2025-10-03 02:00:00,2,48,48,1.0,14.0,29.0,4.0,0.0,1.0,3,3,30,1,31,1,41.433,969.0,762.0,1972.0,41.433,3.0,7.01,roster,0,156.0,120.0,5.7778,169.13,5.2909,1.2,0.428,3.25,102.96,26.92,13.4,45.85,49.3
2025-10-03 03:00:00,3,38,38,1.0,13.0,23.0,1.0,0.0,1.0,0,0,30,1,31,1,42.433,1029.0,822.0,2032.0,42.433,3.0,7.01,roster,0,128.0,95.0,4.7407,149.07,3.2,0.95,0.0,3.3684,81.51,26.92,13.4,47.24,50.8
2025-10-03 04:00:00,4,40,40,1.0,13.0,25.0,1.0,0.0,1.0,3,3,30,1,31,1,43.433,1089.0,882.0,2092.0,43.433,3.0,7.01,roster,0,134.0,100.0,4.963,154.76,4.7837,1.0,0.428,3.35,85.8,26.92,13.4,48.64,52.3
2025-10-03 05:00:00,5,39,39,1.0,12.0,25.0,1.0,0.0,1.0,2,2,31,1,32,1,44.433,1139.5,942.0,2152.0,44.433,3.0,7.01,roster,0,130.0,97.5,5.4167,154.87,4.201,0.975,0.2853,3.3333,83.66,27.79,13.4,50.03,53.8
2025-10-03 06:00:00,6,38,38,1.0,12.0,23.0,2.0,0.0,1.0,1,1,31,1,32,1,45.433,1199.5,1002.0,2212.0,45.433,3.0,7.01,roster,0,126.0,95.0,5.25,154.12,3.623,0.95,0.1427,3.3158,81.51,27.79,13.4,51.43,55.3
2025-10-03 07:00:00,7,42,42,1.0,13.0,26.0,2.0,0.0,1.0,4,4,31,1,32,1,46.433,1259.5,1062.0,2272.0,46.433,3.0,7.01,roster,0,139.0,105.0,5.7917,164.1,5.3635,1.05,0.5706,3.3095,90.09,27.79,13.4,52.82,56.8
2025-10-03 08:00:00,8,43,43,1.0,13.0,27.0,2.0,0.0,1.0,4,4,32,2,34,2,47.433,1305.5,973.0,2268.0,47.433,3.0,6.72,roster,0,142.0,107.5,7.8889,181.29,5.5157,1.075,0.5952,3.3023,92.24,29.52,26.8,52.73,56.7
2025-10-03 09:00:00,9,38,38,1.0,12.0,23.0,2.0,0.0,1.0,2,2,31,1,32,1,48.433,1318.5,1033.0,2313.0,48.433,3.0,6.72,roster,0,126.0,95.0,5.25,156.47,4.1368,0.95,0.2976,3.3158,81.51,27.79,13.4,53.78,57.825
2025-10-03 10:00:00,10,42,42,2.0,12.0,26.0,2.0,0.0,1.0,5,5,31,1,32,1,49.433,1378.5,1093.0,2373.0,49.433,4.0,10.42,roster,0,140.0,105.0,4.375,166.45,5.0995,1.05,0.4798,3.3333,90.09,27.79,13.4,55.17,59.325
2025-10-03 11:00:00,11,47,47,2.0,12.0,32.0,1.0,0.0,1.0,12,12,27,1,28,1,44.283,1349.0,1099.0,1537.0,44.283,4.0,10.42,roster,0,156.0,117.5,3.25,154.26,7.7224,1.175,1.1516,3.3191,100.82,24.31,13.4,35.74,38.425
2025-10-03 12:00:00,12,44,44,2.0,13.0,29.0,0.0,0.0,1.0,7,7,26,0,26,0,43.05,1165.5,249.0,1456.0,43.05,4.0,10.42,roster,0,149.0,110.0,2.6607,130.81,5.9999,1.1,0.6718,3.3864,94.38,22.58,0.0,33.85,36.4
2025-10-03 13:00:00,13,40,40,1.0,14.0,25.0,0.0,0.0,1.0,2,2,25,0,25,0,44.05,1172.0,190.0,1509.0,44.05,4.0,10.42,roster,0,136.0,100.0,2.2667,122.59,4.0526,1.0,0.1919,3.4,85.8,21.71,0.0,35.08,37.725
2025-10-03 14:00:00,14,38,38,1.0,13.0,23.0,1.0,0.0,1.0,8,7,22,0,22,0,28.617,1147.0,250.0,1569.0,28.617,4.0,10.42,roster,0,128.0,95.0,1.7778,117.09,5.4629,0.95,0.6718,3.3684,81.51,19.1,0.0,36.48,39.225
2025-10-03 15:00:00,15,40,40,1.0,13.0,26.0,0.0,0.0,1.0,9,10,19,0,19,0,29.617,1122.0,262.0,1636.0,29.617,4.0,10.42,roster,0,135.0,100.0,1.6071,120.33,6.614,1.0,0.9597,3.375,85.8,16.5,0.0,38.04,40.9
2025-10-03 16:00:00,16,31,31,1.0,9.0,21.0,0.0,0.0,1.0,8,8,10,1,11,1,30.617,322.0,111.0,1412.0,30.617,4.0,10.42,roster,0,104.0,77.5,0.8966,102.28,5.1757,0.775,0.7678,3.3548,66.5,9.55,13.4,32.83,35.3
2025-10-03 17:00:00,17,32,32,1.0,9.0,21.0,1.0,0.0,1.0,11,11,13,1,14,1,31.617,277.0,147.0,1242.0,31.617,4.0,10.42,roster,0,106.0,80.0,1.0192,103.07,6.1469,0.8,1.0557,3.3125,68.64,12.16,13.4,28.88,31.05
2025-10-03 18:00:00,18,34,34,1.0,9.0,21.0,3.0,0.0,1.0,7,8,15,2,17,2,32.617,231.0,152.0,886.0,32.617,4.0,10.42,roster,0,110.0,85.0,1.1957,115.09,5.2339,0.85,0.7678,3.2353,72.93,14.76,26.8,20.6,22.15
2025-10-03 19:00:00,19,35,35,2.0,10.0,19.0,4.0,0.0,1.0,8,8,15,3,18,3,33.617,279.0,154.0,946.0,33.617,4.0,10.42,roster,0,115.0,87.5,1.3068,132.9,5.3976,0.875,0.7678,3.2857,75.08,15.63,40.2,21.99,23.65
2025-10-03 20:00:00,20,31,31,2.0,11.0,17.0,1.0,0.0,1.0,5,6,15,3,18,3,34.617,305.0,171.0,562.0,34.617,4.0,10.78,roster,0,107.0,77.5,1.2159,115.39,4.5961,0.775,0.5566,3.4516,66.5,15.63,40.2,13.07,14.05
2025-10-03 21:00:00,21,34,34,2.0,12.0,19.0,1.0,0.0,1.0,9,9,16,3,19,3,35.617,301.0,185.0,610.0,35.617,4.0,10.78,roster,0,117.0,85.0,1.3929,123.81,5.798,0.85,0.8349,3.4412,72.93,16.5,40.2,14.18,15.25
2025-10-03 22:00:00,22,41,41,2.0,15.0,23.0,1.0,0.0,1.0,12,13,19,3,22,3,36.617,323.5,183.0,484.0,36.617,3.0,7.08,roster,0,141.0,102.5,2.6111,138.5,9.8396,1.025,1.8362,3.439,87.94,19.1,40.2,11.25,12.1
2025-10-03 23:00:00,23,39,39,2.0,12.0,24.0,1.0,0.0,1.0,5,4,21,2,23,2,37.617,351.0,203.0,544.0,37.617,3.0,7.08,roster,0,132.0,97.5,2.5882,123.07,5.2122,0.975,0.565,3.3846,83.66,19.97,26.8,12.65,13.6
2025-10-04 00:00:00,0,44,44,2.0,13.0,28.0,1.0,0.0,1.0,12,11,21,2,23,2,38.617,411.0,263.0,604.0,38.617,3.0,7.08,roster,0,148.0,110.0,2.902,135.19,8.926,1.1,1.5537,3.3636,94.38,19.97,26.8,14.04,15.1
2025-10-04 01:00:00,1,43,43,2.0,11.0,26.0,4.0,0.0,1.0,6,5,22,2,24,2,39.617,469.5,323.0,664.0,39.617,3.0,7.08,roster,0,140.0,107.5,2.9167,135.31,5.7993,1.075,0.7062,3.2558,92.24,20.84,26.8,15.44,16.6
2025-10-04 02:00:00,2,41,41,2.0,11.0,25.0,3.0,0.0,1.0,5,5,21,2,23,2,40.617,528.0,353.0,724.0,40.617,3.0,7.08,roster,0,135.0,102.5,2.6471,131.55,5.7003,1.025,0.7062,3.2927,87.94,19.97,26.8,16.83,18.1
2025-10-04 03:00:00,3,36,36,2.0,10.0,22.0,2.0,0.0,1.0,4,3,20,1,21,1,41.617,588.0,443.0,784.0,41.617,3.0,7.08,roster,0,120.0,90.0,2.1053,107.08,4.4124,0.9,0.4237,3.3333,77.22,18.23,13.4,18.23,19.6
2025-10-04 04:00:00,4,32,32,2.0,10.0,17.0,3.0,0.0,1.0,2,2,20,1,21,1,42.617,648.0,503.0,844.0,42.617,3.0,7.08,roster,0,107.0,80.0,1.8772,99.9,3.6196,0.8,0.2825,3.3438,68.64,18.23,13.4,19.62,21.1
2025-10-04 05:00:00,5,30,30,2.0,10.0,16.0,2.0,0.0,1.0,1,1,20,1,21,1,43.617,708.0,563.0,904.0,43.617,3.0,7.08,roster,0,102.0,75.0,1.7895,97.0,3.0302,0.75,0.1412,3.4,64.35,18.23,13.4,21.02,22.6
2025-10-04 06:00:00,6,28,28,2.0,11.0,13.0,2.0,0.0,1.0,1,1,20,1,21,1,44.617,768.0,623.0,964.0,44.617,3.0,7.08,roster,0,97.0,70.0,1.7018,94.11,2.9143,0.7,0.1412,3.4643,60.06,18.23,13.4,22.41,24.1
2025-10-04 07:00:00,7,33,33,2.0,11.0,17.0,3.0,0.0,1.0,7,6,21,1,22,1,45.617,806.5,653.0,1024.0,45.617,3.0,7.08,roster,0,111.0,82.5,2.0556,107.1,5.6255,0.825,0.8475,3.3636,70.78,19.1,13.4,23.81,25.6
2025-10-04 08:00:00,8,31,31,2.0,11.0,16.0,2.0,0.0,1.0,4,4,23,1,24,1,46.617,816.5,681.0,1084.0,46.617,3.0,8.34,roster,0,106.0,77.5,2.2083,105.94,4.29,0.775,0.4796,3.4194,66.5,20.84,13.4,25.2,27.1
2025-10-04 09:00:00,9,34,34,2.0,13.0,16.0,3.0,0.0,1.0,8,7,22,1,23,1,47.617,905.0,737.0,1144.0,47.617,3.0,8.34,roster,0,116.0,85.0,2.2745,112.9,5.7636,0.85,0.8393,3.4118,72.93,19.97,13.4,26.6,28.6
2025-10-04 10:00:00,10,38,38,2.0,13.0,20.0,3.0,0.0,1.0,10,8,25,1,26,1,48.617,889.5,630.0,1123.0,48.617,4.0,11.59,roster,0,128.0,95.0,2.2857,123.6,5.5251,0.95,0.6903,3.3684,81.51,22.58,13.4,26.11,28.075
2025-10-04 11:00:00,11,33,33,2.0,10.0,19.0,2.0,0.0,1.0,10,10,19,1,20,1,42.533,892.0,337.0,1141.0,42.533,4.0,11.59,roster,0,111.0,82.5,1.3875,108.08,5.6772,0.825,0.8628,3.3636,70.78,17.37,13.4,26.53,28.525
2025-10-04 12:00:00,12,30,30,2.0,8.0,20.0,0.0,0.0,1.0,11,10,17,1,18,1,25.167,371.0,105.0,983.0,25.167,4.0,11.59,roster,0,102.0,75.0,1.1591,96.23,5.4836,0.75,0.8628,3.4,64.35,15.63,13.4,22.85,24.575
2025-10-04 13:00:00,13,30,30,2.0,9.0,17.0,2.0,0.0,1.0,8,5,19,1,20,1,26.167,267.0,126.0,981.0,26.167,4.0,11.59,roster,0,101.0,75.0,1.2625,97.92,3.9774,0.75,0.4314,3.3667,64.35,17.37,13.4,22.81,24.525
2025-10-04 14:00:00,14,24,24,0.0,4.0,19.0,1.0,0.0,1.0,8,8,10,1,11,1,20.85,183.0,136.0,225.0,20.85,4.0,11.59,roster,0,75.0,60.0,0.6466,59.66,4.032,0.6,0.6903,3.125,51.48,9.55,13.4,5.23,5.625
2025-10-04 15:00:00,15,25,25,1.0,4.0,18.0,2.0,0.0,1.0,8,9,7,1,8,1,21.85,244.5,224.0,525.0,21.85,4.0,11.59,roster,0,79.0,62.5,0.6172,66.18,4.4288,0.625,0.7765,3.16,53.62,6.95,13.4,12.21,13.125
2025-10-04 16:00:00,16,24,24,1.0,3.0,19.0,1.0,0.0,1.0,11,10,4,1,5,1,22.85,249.0,99.0,303.0,22.85,4.0,11.59,roster,0,76.0,60.0,0.5429,56.27,4.6322,0.6,0.8628,3.1667,51.48,4.34,13.4,7.04,7.575
2025-10-04 17:00:00,17,31,31,2.0,5.0,23.0,1.0,0.0,1.0,14,15,5,0,5,0,6.183,159.0,130.0,309.0,6.05,4.0,11.59,roster,0,101.0,77.5,0.7214,58.02,6.7416,0.775,1.2942,3.2581,66.5,4.34,0.0,7.18,7.725
2025-10-04 18:00:00,18,33,33,3.0,8.0,21.0,0.0,1.0,1.0,13,13,11,0,11,0,7.183,112.0,98.0,219.0,7.05,4.0,11.59,roster,0,111.0,82.5,0.9569,65.43,6.5478,0.825,1.1217,3.3636,70.78,9.55,0.0,5.09,5.475
2025-10-04 19:00:00,19,38,38,2.0,8.0,21.0,6.0,1.0,1.0,11,11,10,0,10,0,8.183,198.5,133.0,279.0,8.05,4.0,11.59,roster,0,118.0,95.0,0.9833,76.68,5.8972,0.95,0.9491,3.1053,81.51,8.68,0.0,6.49,6.975
2025-10-04 20:00:00,20,30,30,1.0,6.0,18.0,4.0,1.0,1.0,9,8,8,0,8,0,9.183,176.5,154.0,232.0,4.75,4.0,10.48,roster,0,92.0,75.0,0.7188,56.69,4.641,0.75,0.7634,3.0667,64.35,6.95,0.0,5.39,5.8
2025-10-04 21:00:00,21,32,32,1.0,3.0,24.0,3.0,1.0,1.0,8,8,7,0,7,0,10.183,220.0,140.0,278.0,5.75,4.0,10.48,roster,0,96.0,80.0,0.7273,61.18,4.6901,0.8,0.7634,3.0,68.64,6.08,0.0,6.46,6.95
2025-10-04 22:00:00,22,25,25,0.0,2.0,19.0,3.0,1.0,1.0,5,4,7,0,7,0,11.183,274.0,169.0,338.0,6.75,3.0,7.23,roster,0,72.0,62.5,0.7273,47.56,3.3934,0.625,0.5533,2.88,53.62,6.08,0.0,7.86,8.45
2025-10-04 23:00:00,23,25,25,0.0,4.0,16.0,4.0,1.0,1.0,8,8,7,0,7,0,12.183,334.0,229.0,398.0,7.75,3.0,7.23,roster,0,73.0,62.5,0.7374,48.96,5.056,0.625,1.1065,2.92,53.62,6.08,0.0,9.25,9.95
2025-10-05 00:00:00,0,27,27,0.0,4.0,19.0,3.0,1.0,1.0,10,10,8,0,8,0,13.183,357.0,289.0,458.0,8.75,3.0,7.23,roster,0,80.0,67.5,0.8333,55.51,6.0982,0.675,1.3831,2.963,57.92,6.95,0.0,10.65,11.45
2025-10-05 01:00:00,1,24,24,0.0,4.0,18.0,1.0,1.0,1.0,3,3,10,0,10,0,14.183,364.5,141.0,460.0,9.75,3.0,7.23,roster,0,73.0,60.0,0.8111,50.86,3.0871,0.6,0.4149,3.0417,51.48,8.68,0.0,10.7,11.5
2025-10-05 02:00:00,2,23,23,0.0,4.0,16.0,2.0,1.0,1.0,8,6,11,0,11,0,15.183,409.0,176.0,520.0,10.75,3.0,7.23,roster,0,69.0,57.5,0.7931,50.98,4.2146,0.575,0.8299,3.0,49.33,9.55,0.0,12.09,13.0
2025-10-05 03:00:00,3,20,20,0.0,4.0,14.0,1.0,1.0,1.0,2,2,13,0,13,0,16.183,366.0,223.0,574.0,11.75,3.0,7.23,roster,0,61.0,50.0,0.7531,47.53,2.3687,0.5,0.2766,3.05,42.9,11.29,0.0,13.35,14.35
2025-10-05 04:00:00,4,27,27,0.0,5.0,18.0,3.0,1.0,1.0,8,7,13,0,13,0,17.183,426.0,283.0,634.0,12.75,3.0,7.23,roster,0,81.0,67.5,1.0,63.94,4.9296,0.675,0.9682,3.0,57.92,11.29,0.0,14.74,15.85
2025-10-05 05:00:00,5,26,26,0.0,5.0,17.0,3.0,1.0,1.0,4,3,16,0,16,0,18.183,368.5,236.0,694.0,13.75,3.0,7.23,roster,0,78.0,65.0,1.0833,65.8,3.1948,0.65,0.4149,3.0,55.77,13.89,0.0,16.14,17.35
2025-10-05 06:00:00,6,25,25,0.0,5.0,16.0,3.0,1.0,1.0,4,2,15,0,15,0,19.183,416.0,285.0,680.0,13.633,3.0,7.23,roster,0,75.0,62.5,1.0,62.46,2.7049,0.625,0.2766,3.0,53.62,13.02,0.0,15.81,17.0
2025-10-05 07:00:00,7,27,27,0.0,5.0,17.0,4.0,1.0,1.0,6,5,15,0,15,0,20.183,476.0,345.0,740.0,14.633,3.0,7.23,roster,0,80.0,67.5,1.0667,68.14,4.0491,0.675,0.6916,2.963,57.92,13.02,0.0,17.21,18.5
2025-10-05 08:00:00,8,31,31,1.0,6.0,18.0,5.0,1.0,1.0,8,8,14,0,14,0,21.183,529.5,405.0,769.0,14.667,3.0,8.68,roster,0,94.0,77.5,1.2051,76.53,5.1447,0.775,0.9217,3.0323,66.5,12.16,0.0,17.88,19.225
2025-10-05 09:00:00,9,34,34,1.0,6.0,22.0,4.0,1.0,1.0,7,8,13,1,14,1,22.183,480.5,308.0,829.0,15.667,3.0,8.68,roster,0,104.0,85.0,1.3333,97.76,5.4192,0.85,0.9217,3.0588,72.93,12.16,13.4,19.27,20.725
2025-10-05 10:00:00,10,31,31,1.0,2.0,24.0,3.0,1.0,1.0,12,11,10,1,11,1,23.183,545.0,368.0,920.0,16.667,4.0,12.04,roster,0,92.0,77.5,0.7931,90.84,5.0114,0.775,0.9136,2.9677,66.5,9.55,13.4,21.39,23.0
2025-10-05 11:00:00,11,30,30,2.0,3.0,18.0,6.0,1.0,1.0,11,11,8,1,9,1,17.933,445.0,213.0,605.0,17.667,4.0,12.04,roster,0,89.0,75.0,0.7177,79.63,4.9354,0.75,0.9136,2.9667,64.35,7.81,13.4,14.07,15.125
2025-10-05 12:00:00,12,21,21,3.0,2.0,10.0,5.0,1.0,1.0,9,7,5,1,6,1,18.933,163.5,82.0,488.0,10.75,4.0,12.04,roster,0,64.0,52.5,0.4706,55.0,3.3719,0.525,0.5814,3.0476,45.04,5.21,13.4,11.35,12.2
2025-10-05 13:00:00,13,25,25,2.0,3.0,16.0,3.0,1.0,1.0,14,12,1,2,3,2,19.933,134.0,81.0,245.0,4.083,4.0,12.04,roster,0,77.0,62.5,0.5203,68.73,4.9948,0.625,0.9967,3.08,53.62,2.6,26.8,5.7,6.125
2025-10-05 14:00:00,14,26,26,2.0,4.0,15.0,4.0,1.0,1.0,11,11,2,2,4,2,20.933,167.5,141.0,305.0,5.083,4.0,12.04,roster,0,80.0,65.0,0.5556,73.13,4.8111,0.65,0.9136,3.0769,55.77,3.47,26.8,7.09,7.625
2025-10-05 15:00:00,15,28,28,2.0,5.0,14.0,6.0,1.0,1.0,11,10,2,3,5,3,21.933,201.0,127.0,254.0,6.083,4.0,12.04,roster,0,85.0,70.0,0.6071,90.51,4.6464,0.7,0.8306,3.0357,60.06,4.34,40.2,5.91,6.35
2025-10-05 16:00:00,16,23,23,3.0,4.0,11.0,5.0,0.0,1.0,7,7,4,2,6,2,6.65,168.5,82.0,261.0,5.233,4.0,12.04,roster,0,74.0,57.5,0.5441,67.41,3.7206,0.575,0.5814,3.2174,49.33,5.21,26.8,6.07,6.525
2025-10-05 17:00:00,17,26,26,3.0,7.0,13.0,3.0,0.0,1.0,13,12,5,2,7,2,7.65,210.0,128.0,321.0,6.233,4.0,12.04,roster,0,88.0,65.0,0.6667,76.11,5.5734,0.65,0.9967,3.3846,55.77,6.08,26.8,7.46,8.025
2025-10-05 18:00:00,18,30,30,3.0,7.0,17.0,3.0,0.0,1.0,13,13,8,2,10,2,8.65,171.5,101.0,307.0,7.233,4.0,12.04,roster,0,100.0,75.0,0.8333,86.97,6.0991,0.75,1.0797,3.3333,64.35,8.68,26.8,7.14,7.675
2025-10-05 19:00:00,19,31,31,4.0,8.0,16.0,3.0,0.0,1.0,10,10,9,2,11,2,9.65,215.0,156.0,367.0,8.233,4.0,12.04,roster,0,106.0,77.5,0.9138,91.38,5.49,0.775,0.8306,3.4194,66.5,9.55,26.8,8.53,9.175
2025-10-05 20:00:00,20,31,31,3.0,9.0,16.0,3.0,0.0,1.0,12,12,7,2,9,2,10.65,221.0,165.0,322.0,9.233,4.0,11.04,roster,0,105.0,77.5,0.8468,88.6,6.3066,0.775,1.087,3.3871,66.5,7.81,26.8,7.49,8.05
2025-10-05 21:00:00,21,34,34,2.0,8.0,19.0,5.0,0.0,1.0,13,11,10,1,11,1,11.65,157.0,92.0,281.0,10.233,4.0,11.04,roster,0,109.0,85.0,0.9397,82.41,5.9193,0.85,0.9964,3.2059,72.93,9.55,13.4,6.53,7.025
2025-10-05 22:00:00,22,32,32,1.0,7.0,17.0,7.0,0.0,1.0,10,10,8,2,10,2,12.65,186.5,141.0,285.0,7.367,3.0,7.68,roster,0,98.0,80.0,1.0889,90.75,6.4376,0.8,1.3021,3.0625,68.64,8.68,26.8,6.63,7.125
2025-10-05 23:00:00,23,34,34,1.0,5.0,23.0,5.0,0.0,1.0,11,11,8,2,10,2,13.65,246.5,182.0,345.0,8.367,3.0,7.68,roster,0,104.0,85.0,1.1556,96.43,6.9811,0.85,1.4323,3.0588,72.93,8.68,26.8,8.02,8.625
2025-10-06 00:00:00,0,25,25,1.0,2.0,19.0,3.0,0.0,1.0,7,7,11,1,12,1,14.65,257.0,121.0,337.0,9.367,3.0,7.68,roster,0,76.0,62.5,0.9048,65.28,4.6708,0.625,0.9115,3.04,53.62,10.42,13.4,7.84,8.425
2025-10-06 01:00:00,1,24,24,1.0,2.0,19.0,2.0,0.0,1.0,6,4,10,1,11,1,15.65,302.0,178.0,387.0,10.367,3.0,7.68,roster,0,74.0,60.0,0.8506,63.43,3.4559,0.6,0.5208,3.0833,51.48,9.55,13.4,9.0,9.675
2025-10-06 02:00:00,2,26,26,1.0,3.0,20.0,2.0,0.0,1.0,6,6,10,1,11,1,16.65,362.0,238.0,447.0,11.367,3.0,7.68,roster,0,81.0,65.0,0.931,69.11,4.4589,0.65,0.7812,3.1154,55.77,9.55,13.4,10.39,11.175
2025-10-06 03:00:00,3,17,17,1.0,3.0,11.0,2.0,0.0,1.0,3,2,9,1,10,1,17.65,437.0,301.0,507.0,12.367,3.0,7.68,roster,0,54.0,42.5,0.6,50.34,2.1772,0.425,0.2604,3.1765,36.46,8.68,13.4,11.79,12.675
2025-10-06 04:00:00,4,20,20,1.0,4.0,13.0,2.0,0.0,1.0,4,4,9,1,10,1,18.65,497.0,361.0,567.0,13.367,3.0,7.68,roster,0,64.0,50.0,0.7111,58.17,3.2667,0.5,0.5208,3.2,42.9,8.68,13.4,13.18,14.175
2025-10-06 05:00:00,5,21,21,1.0,4.0,14.0,2.0,0.0,1.0,2,2,12,1,13,1,19.65,444.0,381.0,586.0,14.367,3.0,7.68,roster,0,67.0,52.5,0.8272,63.36,2.5059,0.525,0.2604,3.1905,45.04,11.29,13.4,13.62,14.65
2025-10-06 06:00:00,6,21,21,1.0,4.0,15.0,1.0,0.0,1.0,6,5,12,0,12,0,15.45,541.5,441.0,687.0,15.367,3.0,7.68,roster,0,68.0,52.5,0.8095,51.44,3.8081,0.525,0.651,3.2381,45.04,10.42,0.0,15.97,17.175
2025-10-06 07:00:00,7,22,22,1.0,4.0,15.0,2.0,0.0,1.0,4,4,12,0,12,0,16.367,601.5,501.0,747.0,16.367,3.0,7.68,roster,0,70.0,55.0,0.8333,54.98,3.4072,0.55,0.5208,3.1818,47.19,10.42,0.0,17.37,18.675
2025-10-06 08:00:00,8,23,23,1.0,5.0,15.0,2.0,0.0,1.0,7,6,12,0,12,0,17.367,661.5,561.0,807.0,17.367,3.0,7.88,roster,0,74.0,57.5,0.881,58.52,4.2998,0.575,0.7614,3.2174,49.33,10.42,0.0,18.76,20.175
2025-10-06 09:00:00,9,35,35,1.0,7.0,25.0,2.0,0.0,1.0,15,15,11,0,11,0,18.367,782.0,621.0,867.0,18.367,3.0,7.88,roster,0,112.0,87.5,1.2874,84.78,8.8914,0.875,1.9036,3.2,75.08,9.55,0.0,20.16,21.675
2025-10-06 10:00:00,10,36,36,1.0,7.0,25.0,3.0,0.0,1.0,7,6,14,0,14,0,19.367,699.5,113.0,886.0,19.367,4.0,11.13,roster,0,114.0,90.0,1.0962,89.98,4.5571,0.9,0.5391,3.1667,77.22,12.16,0.0,20.6,22.15
2025-10-06 11:00:00,11,47,47,2.0,8.0,36.0,1.0,0.0,1.0,18,18,13,1,14,1,20.367,759.5,169.0,946.0,20.367,4.0,11.13,roster,0,152.0,117.5,1.4615,128.37,9.0303,1.175,1.6173,3.234,100.82,12.16,13.4,21.99,23.65
2025-10-06 12:00:00,12,44,44,3.0,7.0,32.0,2.0,0.0,1.0,11,11,13,1,14,1,17.45,227.5,119.0,801.0,17.45,4.0,11.13,roster,0,143.0,110.0,1.375,118.56,6.787,1.1,0.9883,3.25,94.38,12.16,13.4,18.62,20.025
2025-10-06 13:00:00,13,39,39,2.0,8.0,28.0,1.0,0.0,1.0,5,5,14,0,14,0,18.45,277.0,144.0,861.0,18.45,4.0,11.13,roster,0,128.0,97.5,1.2308,95.83,4.6744,0.975,0.4492,3.2821,83.66,12.16,0.0,20.02,21.525
2025-10-06 14:00:00,14,35,35,2.0,6.0,25.0,2.0,0.0,1.0,12,12,11,0,11,0,19.45,239.0,197.0,921.0,19.45,4.0,11.13,roster,0,113.0,87.5,0.9741,86.04,6.3059,0.875,1.0782,3.2286,75.08,9.55,0.0,21.41,23.025
2025-10-06 15:00:00,15,39,39,2.0,4.0,31.0,2.0,0.0,1.0,9,8,13,0,13,0,20.45,274.0,114.0,692.0,20.45,4.0,11.13,roster,0,123.0,97.5,1.1389,91.03,5.3419,0.975,0.7188,3.1538,83.66,11.29,0.0,16.09,17.3
2025-10-06 16:00:00,16,40,40,2.0,5.0,31.0,2.0,0.0,1.0,18,17,13,0,13,0,21.45,334.0,174.0,752.0,21.45,4.0,11.13,roster,0,127.0,100.0,1.1759,94.57,8.0245,1.0,1.5274,3.175,85.8,11.29,0.0,17.48,18.8
2025-10-06 17:00:00,17,41,41,2.0,6.0,32.0,1.0,0.0,1.0,11,9,16,0,16,0,22.45,361.5,203.0,812.0,22.45,4.0,11.13,roster,0,132.0,102.5,1.375,100.72,5.9034,1.025,0.8086,3.2195,87.94,13.89,0.0,18.88,20.3
2025-10-06 18:00:00,18,32,32,2.0,5.0,24.0,1.0,0.0,1.0,8,7,15,0,15,0,23.45,437.0,255.0,872.0,23.45,4.0,11.13,roster,0,104.0,80.0,1.04,81.94,4.644,0.8,0.6289,3.25,68.64,13.02,0.0,20.27,21.8
2025-10-06 19:00:00,19,34,34,4.0,7.0,23.0,0.0,0.0,1.0,11,10,17,1,18,1,24.45,398.5,207.0,628.0,24.45,4.0,11.13,roster,0,117.0,85.0,1.3295,96.56,6.0168,0.85,0.8985,3.4412,72.93,15.63,13.4,14.6,15.7
2025-10-06 20:00:00,20,41,41,4.0,6.0,31.0,0.0,0.0,1.0,16,16,15,1,16,1,25.45,387.0,153.0,688.0,25.45,4.0,10.06,roster,0,137.0,102.5,1.4271,111.23,8.7395,1.025,1.5905,3.3415,87.94,13.89,13.4,16.0,17.2
2025-10-06 21:00:00,21,42,42,4.0,6.0,31.0,1.0,0.0,1.0,11,12,17,0,17,0,26.45,443.0,186.0,634.0,26.45,4.0,10.06,roster,0,139.0,105.0,1.5109,99.59,7.4227,1.05,1.1928,3.3095,90.09,14.76,0.0,14.74,15.85
2025-10-06 22:00:00,22,45,45,4.0,9.0,31.0,1.0,0.0,1.0,14,13,19,0,19,0,27.45,495.0,206.0,694.0,27.45,3.0,6.81,roster,0,151.0,112.5,2.3968,109.16,10.1806,1.125,1.909,3.3556,96.52,16.5,0.0,16.14,17.35
2025-10-06 23:00:00,23,44,44,4.0,9.0,31.0,0.0,0.0,1.0,10,8,22,1,23,1,28.45,333.0,166.0,737.0,28.45,3.0,6.81,roster,0,149.0,110.0,2.9216,124.89,7.7031,1.1,1.1747,3.3864,94.38,19.97,13.4,17.14,18.425
2025-10-07 00:00:00,0,39,39,5.0,9.0,25.0,0.0,0.0,1.0,8,7,23,1,24,1,29.45,379.5,226.0,797.0,29.45,3.0,6.81,roster,0,136.0,97.5,2.8333,116.42,6.9845,0.975,1.0279,3.4872,83.66,20.84,13.4,18.53,19.925
2025-10-07 01:00:00,1,34,34,4.0,9.0,19.0,2.0,0.0,1.0,4,4,24,0,24,0,30.45,439.5,286.0,857.0,30.45,3.0,6.81,roster,0,117.0,85.0,2.4375,93.69,4.9462,0.85,0.5874,3.4412,72.93,20.84,0.0,19.93,21.425
2025-10-07 02:00:00,2,31,31,4.0,10.0,16.0,1.0,0.0,1.0,3,3,24,0,24,0,31.45,499.5,346.0,917.0,31.45,3.0,6.81,roster,0,110.0,77.5,2.2917,88.65,4.3132,0.775,0.4405,3.5484,66.5,20.84,0.0,21.32,22.925
2025-10-07 03:00:00,3,33,33,4.0,11.0,17.0,1.0,0.0,1.0,5,3,25,0,25,0,32.45,546.0,362.0,946.0,32.45,3.0,6.81,roster,0,117.0,82.5,2.6,94.49,4.4869,0.825,0.4405,3.5455,70.78,21.71,0.0,21.99,23.65
2025-10-07 04:00:00,4,36,36,4.0,12.0,19.0,1.0,0.0,1.0,4,4,25,0,25,0,33.45,606.0,422.0,1006.0,33.45,3.0,6.81,roster,0,127.0,90.0,2.8222,102.32,5.2471,0.9,0.5874,3.5278,77.22,21.71,0.0,23.39,25.15
2025-10-07 05:00:00,5,33,33,4.0,12.0,16.0,1.0,0.0,1.0,1,1,25,1,26,1,34.45,652.5,471.0,1066.0,34.45,3.0,6.81,roster,0,118.0,82.5,2.8095,111.55,3.4751,0.825,0.1468,3.5758,70.78,22.58,13.4,24.78,26.65
2025-10-07 06:00:00,6,33,33,4.0,12.0,16.0,1.0,0.0,1.0,2,2,25,1,26,1,35.45,712.5,531.0,1126.0,35.45,3.0,6.81,roster,0,118.0,82.5,2.8095,112.94,4.0001,0.825,0.2937,3.5758,70.78,22.58,13.4,26.18,28.15
2025-10-07 07:00:00,7,32,32,4.0,9.0,17.0,2.0,0.0,1.0,4,3,25,0,25,0,36.45,786.0,602.0,1186.0,36.45,3.0,6.81,roster,0,111.0,80.0,2.4667,97.92,4.3031,0.8,0.4405,3.4688,68.64,21.71,0.0,27.57,29.65
2025-10-07 08:00:00,8,31,31,3.0,10.0,17.0,1.0,0.0,1.0,3,3,26,0,26,0,37.45,832.5,651.0,1246.0,37.45,3.0,6.58,roster,0,108.0,77.5,2.5714,98.04,4.2884,0.775,0.4559,3.4839,66.5,22.58,0.0,28.97,31.15
2025-10-07 09:00:00,9,38,38,3.0,11.0,23.0,1.0,0.0,1.0,9,9,24,1,25,1,38.45,879.0,692.0,1306.0,38.45,3.0,6.58,roster,0,130.0,95.0,2.8889,126.98,7.9293,0.95,1.3678,3.4211,81.51,21.71,13.4,30.36,32.65
2025-10-07 10:00:00,10,39,39,1.0,12.0,25.0,1.0,0.0,1.0,6,6,22,2,24,2,38.033,878.5,627.0,1223.0,38.033,4.0,9.83,roster,0,130.0,97.5,2.0312,139.73,5.2846,0.975,0.6104,3.3333,83.66,20.84,26.8,28.43,30.575
2025-10-07 11:00:00,11,44,44,2.0,12.0,30.0,0.0,0.0,1.0,12,11,23,3,26,3,39.033,904.0,247.0,1148.0,39.033,4.0,9.83,roster,0,148.0,110.0,2.6429,163.85,7.464,1.1,1.119,3.3636,94.38,22.58,40.2,26.69,28.7
2025-10-07 12:00:00,12,51,51,2.0,12.0,33.0,3.0,1.0,1.0,14,13,27,2,29,2,40.033,872.0,176.0,1113.0,40.033,4.0,9.83,roster,0,164.0,127.5,3.7273,167.25,8.3527,1.275,1.3225,3.2157,109.39,25.18,26.8,25.88,27.825
2025-10-07 13:00:00,13,50,50,3.0,11.0,34.0,2.0,0.0,1.0,8,8,25,2,27,2,41.033,932.0,214.0,1268.0,41.033,4.0,9.83,roster,0,165.0,125.0,3.1731,166.98,6.8107,1.25,0.8138,3.3,107.25,23.44,26.8,29.48,31.7
2025-10-07 14:00:00,14,48,48,2.0,13.0,32.0,1.0,0.0,1.0,9,8,25,3,28,3,42.033,807.5,230.0,1233.0,42.033,4.0,9.83,roster,0,160.0,120.0,3.3333,176.14,6.7128,1.2,0.8138,3.3333,102.96,24.31,40.2,28.67,30.825
2025-10-07 15:00:00,15,49,49,3.0,10.0,32.0,4.0,0.0,1.0,11,11,21,3,24,3,43.033,915.0,278.0,1388.0,43.033,4.0,9.83,roster,0,159.0,122.5,2.4844,178.42,7.6061,1.225,1.119,3.2449,105.1,20.84,40.2,32.27,34.7
2025-10-07 16:00:00,16,41,41,3.0,7.0,28.0,3.0,0.0,1.0,10,10,20,3,23,3,44.033,350.0,190.0,1131.0,44.033,4.0,9.83,roster,0,133.0,102.5,1.9559,154.41,6.625,1.025,1.0173,3.2439,87.94,19.97,40.2,26.3,28.275
2025-10-07 17:00:00,17,42,42,3.0,8.0,29.0,2.0,0.0,1.0,5,5,22,3,25,3,45.033,398.0,223.0,1172.0,45.033,4.0,9.83,roster,0,138.0,105.0,2.3,159.25,5.1213,1.05,0.5086,3.2857,90.09,21.71,40.2,27.25,29.3
2025-10-07 18:00:00,18,51,51,3.0,10.0,36.0,2.0,0.0,1.0,11,11,21,3,24,3,46.033,464.0,283.0,1251.0,46.033,4.0,9.83,roster,0,167.0,127.5,2.6094,179.52,7.8393,1.275,1.119,3.2745,109.39,20.84,40.2,29.09,31.275
2025-10-07 19:00:00,19,45,45,2.0,11.0,31.0,1.0,0.0,1.0,4,4,21,1,22,1,32.283,514.5,258.0,1292.0,32.283,4.0,9.83,roster,0,149.0,112.5,2.0694,139.07,5.0723,1.125,0.4069,3.3111,96.52,19.1,13.4,30.04,32.3
2025-10-07 20:00:00,20,40,40,1.0,11.0,28.0,0.0,0.0,1.0,5,6,18,1,19,1,33.283,590.0,318.0,1371.0,33.283,4.0,10.53,roster,0,133.0,100.0,1.5833,127.57,5.2196,1.0,0.5698,3.325,85.8,16.5,13.4,31.88,34.275
2025-10-07 21:00:00,21,39,39,1.0,10.0,28.0,0.0,0.0,1.0,11,10,19,0,19,0,34.283,532.0,320.0,1431.0,34.283,4.0,10.53,roster,0,129.0,97.5,1.5357,113.42,6.3662,0.975,0.9497,3.3077,83.66,16.5,0.0,33.27,35.775
2025-10-07 22:00:00,22,43,43,1.0,10.0,31.0,1.0,0.0,1.0,9,9,19,0,19,0,35.283,592.0,380.0,1491.0,35.283,3.0,7.28,roster,0,140.0,107.5,2.2222,123.4,7.525,1.075,1.2363,3.2558,92.24,16.5,0.0,34.67,37.275
2025-10-07 23:00:00,23,39,39,1.0,10.0,28.0,0.0,0.0,1.0,8,6,20,0,20,0,36.283,617.5,440.0,1551.0,36.283,3.0,7.28,roster,0,129.0,97.5,2.15,117.08,5.9511,0.975,0.8242,3.3077,83.66,17.37,0.0,36.06,38.775
2025-10-08 00:00:00,0,44,44,2.0,10.0,32.0,0.0,0.0,1.0,12,12,20,0,20,0,37.283,677.5,500.0,1611.0,37.283,3.0,7.28,roster,0,146.0,110.0,2.4333,129.2,9.1195,1.1,1.6484,3.3182,94.38,17.37,0.0,37.46,40.275
2025-10-08 01:00:00,1,39,39,2.0,9.0,26.0,2.0,0.0,1.0,4,4,22,1,23,1,38.283,623.0,304.0,1622.0,38.283,3.0,7.28,roster,0,128.0,97.5,2.5098,134.74,5.0033,0.975,0.5495,3.2821,83.66,19.97,13.4,37.71,40.55
2025-10-08 02:00:00,2,35,35,2.0,9.0,23.0,1.0,0.0,1.0,3,3,22,1,23,1,39.283,683.0,364.0,1682.0,39.283,3.0,7.28,roster,0,117.0,87.5,2.2941,127.55,4.3026,0.875,0.4121,3.3429,75.08,19.97,13.4,39.11,42.05
2025-10-08 03:00:00,3,34,34,2.0,10.0,21.0,1.0,0.0,1.0,1,1,22,1,23,1,40.283,743.0,424.0,1742.0,40.283,3.0,7.28,roster,0,115.0,85.0,2.2549,126.8,3.3396,0.85,0.1374,3.3824,72.93,19.97,13.4,40.5,43.55
2025-10-08 04:00:00,4,36,36,2.0,11.0,23.0,0.0,0.0,1.0,4,4,23,1,24,1,41.283,800.5,484.0,1802.0,41.283,3.0,7.28,roster,0,123.0,90.0,2.5625,133.36,4.9523,0.9,0.5495,3.4167,77.22,20.84,13.4,41.9,45.05
2025-10-08 05:00:00,5,37,37,2.0,11.0,24.0,0.0,0.0,1.0,4,4,25,1,26,1,42.283,830.5,411.0,1255.0,42.283,3.0,7.28,roster,0,126.0,92.5,3.0,124.52,5.0211,0.925,0.5495,3.4054,79.36,22.58,13.4,29.18,31.375
2025-10-08 06:00:00,6,36,36,2.0,11.0,23.0,0.0,0.0,1.0,1,1,25,1,26,1,43.283,890.5,471.0,1315.0,43.283,3.0,7.28,roster,0,123.0,90.0,2.9286,123.77,3.5443,0.9,0.1374,3.4167,77.22,22.58,13.4,30.57,32.875
2025-10-08 07:00:00,7,39,39,2.0,11.0,24.0,1.0,1.0,1.0,7,7,24,1,25,1,44.283,978.0,542.0,1375.0,44.283,3.0,7.28,roster,0,129.0,97.5,2.8667,130.73,6.4055,0.975,0.9615,3.3077,83.66,21.71,13.4,31.97,34.375
2025-10-08 08:00:00,8,38,38,2.0,10.0,26.0,0.0,0.0,1.0,2,2,24,1,25,1,45.283,1038.0,602.0,1435.0,45.283,3.0,6.37,roster,0,128.0,95.0,2.8444,129.98,4.2576,0.95,0.314,3.3684,81.51,21.71,13.4,33.36,35.875
2025-10-08 09:00:00,9,37,37,2.0,9.0,25.0,1.0,0.0,1.0,6,6,20,1,21,1,46.283,1043.0,662.0,1370.0,46.283,3.0,6.37,roster,0,123.0,92.5,2.1579,122.85,6.2062,0.925,0.9419,3.3243,79.36,18.23,13.4,31.85,34.25
2025-10-08 10:00:00,10,33,33,2.0,11.0,19.0,1.0,0.0,1.0,4,4,20,1,21,1,47.283,1100.0,613.0,1411.0,47.283,4.0,10.07,roster,0,113.0,82.5,1.4868,115.23,4.1852,0.825,0.3972,3.4242,70.78,18.23,13.4,32.81,35.275
2025-10-08 11:00:00,11,35,35,1.0,11.0,22.0,1.0,0.0,1.0,9,9,18,1,19,1,48.283,957.0,484.0,1372.0,48.283,4.0,10.07,roster,0,117.0,87.5,1.3929,116.87,5.9127,0.875,0.8937,3.3429,75.08,16.5,13.4,31.9,34.3
2025-10-08 12:00:00,12,37,37,0.0,13.0,23.0,1.0,0.0,1.0,4,4,21,1,22,1,49.283,787.5,184.0,1363.0,49.283,4.0,10.07,roster,0,123.0,92.5,1.7083,123.56,4.3955,0.925,0.3972,3.3243,79.36,19.1,13.4,31.69,34.075
2025-10-08 13:00:00,13,33,33,0.0,13.0,19.0,1.0,0.0,1.0,5,4,20,2,22,2,50.283,783.0,191.0,1283.0,50.283,4.0,10.07,roster,0,111.0,82.5,1.5417,126.52,4.1111,0.825,0.3972,3.3636,70.78,19.1,26.8,29.83,32.075
2025-10-08 14:00:00,14,32,32,0.0,13.0,18.0,1.0,0.0,1.0,5,5,18,2,20,2,51.283,752.5,234.0,1343.0,51.283,4.0,10.07,roster,0,108.0,80.0,1.35,124.03,4.3758,0.8,0.4965,3.375,68.64,17.37,26.8,31.22,33.575
2025-10-08 15:00:00,15,32,32,0.0,12.0,19.0,1.0,0.0,1.0,4,4,20,3,23,3,52.283,711.0,147.0,1275.0,52.283,4.0,10.07,roster,0,107.0,80.0,1.5735,138.45,4.0032,0.8,0.3972,3.3438,68.64,19.97,40.2,29.64,31.875
2025-10-08 16:00:00,16,34,34,0.0,10.0,23.0,1.0,0.0,1.0,5,5,20,3,23,3,53.283,424.0,203.0,1335.0,53.283,4.0,10.07,roster,0,111.0,85.0,1.6324,144.14,4.396,0.85,0.4965,3.2647,72.93,19.97,40.2,31.04,33.375
2025-10-08 17:00:00,17,37,37,0.0,10.0,25.0,2.0,0.0,1.0,8,8,23,3,26,3,54.283,422.5,236.0,1142.0,54.283,4.0,10.07,roster,0,119.0,92.5,2.125,148.69,5.5301,0.925,0.7944,3.2162,79.36,22.58,40.2,26.55,28.55
2025-10-08 18:00:00,18,37,37,0.0,10.0,25.0,2.0,0.0,1.0,4,4,26,2,28,2,55.283,429.0,282.0,1202.0,55.283,4.0,10.07,roster,0,119.0,92.5,2.4792,138.42,4.2525,0.925,0.3972,3.2162,79.36,24.31,26.8,27.95,30.05
2025-10-08 19:00:00,19,43,43,0.0,11.0,30.0,2.0,0.0,1.0,9,9,27,2,29,2,56.283,444.0,263.0,1153.0,56.283,4.0,10.07,roster,0,138.0,107.5,3.1364,151.02,6.3183,1.075,0.8937,3.2093,92.24,25.18,26.8,26.81,28.825
2025-10-08 20:00:00,20,47,47,0.0,13.0,33.0,1.0,0.0,1.0,10,8,30,2,32,2,57.283,445.0,288.0,1213.0,57.283,4.0,10.99,roster,0,153.0,117.5,4.7812,163.6,6.1947,1.175,0.7279,3.2553,100.82,27.79,26.8,28.2,30.325
2025-10-08 21:00:00,21,47,47,0.0,15.0,31.0,1.0,0.0,1.0,6,5,31,1,32,1,58.283,505.0,332.0,1273.0,58.283,4.0,10.99,roster,0,155.0,117.5,4.8438,151.6,5.3754,1.175,0.455,3.2979,100.82,27.79,13.4,29.6,31.825
2025-10-08 22:00:00,22,43,43,0.0,13.0,29.0,1.0,0.0,1.0,8,6,29,1,30,1,37.917,565.0,348.0,1325.0,37.917,3.0,7.29,roster,0,141.0,107.5,4.7,142.49,6.2238,1.075,0.823,3.2791,92.24,26.05,13.4,30.81,33.125
2025-10-08 23:00:00,23,41,41,1.0,13.0,24.0,3.0,0.0,1.0,8,6,29,1,30,1,38.917,625.0,408.0,1385.0,38.917,3.0,7.29,roster,0,135.0,102.5,4.5,139.6,6.085,1.025,0.823,3.2927,87.94,26.05,13.4,32.2,34.625
2025-10-09 00:00:00,0,45,45,2.0,14.0,27.0,2.0,0.0,1.0,10,9,30,1,31,1,39.917,683.0,461.0,1445.0,39.917,3.0,7.29,roster,0,151.0,112.5,5.5926,150.44,7.9177,1.125,1.2346,3.3556,96.52,26.92,13.4,33.6,36.125
2025-10-09 01:00:00,1,42,42,1.0,15.0,26.0,0.0,0.0,1.0,5,5,30,2,32,2,40.917,718.5,506.0,1505.0,40.917,3.0,7.29,roster,0,143.0,105.0,5.9583,159.67,5.9102,1.05,0.6859,3.4048,90.09,27.79,26.8,34.99,37.625
2025-10-09 02:00:00,2,39,39,1.0,14.0,24.0,0.0,0.0,1.0,4,4,30,2,32,2,41.917,778.5,566.0,1565.0,41.917,3.0,7.29,roster,0,133.0,97.5,5.5417,154.63,5.1962,0.975,0.5487,3.4103,83.66,27.79,26.8,36.39,39.125
2025-10-09 03:00:00,3,38,38,1.0,14.0,23.0,0.0,0.0,1.0,2,1,29,2,31,2,42.917,847.0,626.0,1625.0,42.917,3.0,7.29,roster,0,130.0,95.0,4.8148,153.01,3.7193,0.95,0.1372,3.4211,81.51,26.92,26.8,37.78,40.625
2025-10-09 04:00:00,4,39,39,1.0,14.0,23.0,1.0,0.0,1.0,2,2,29,2,31,2,43.917,907.0,686.0,1685.0,43.917,3.0,7.29,roster,0,132.0,97.5,4.8889,156.55,4.2286,0.975,0.2743,3.3846,83.66,26.92,26.8,39.18,42.125
2025-10-09 05:00:00,5,41,41,1.0,14.0,25.0,1.0,0.0,1.0,4,4,29,2,31,2,44.917,967.0,746.0,1745.0,44.917,3.0,7.29,roster,0,138.0,102.5,5.1111,162.23,5.2968,1.025,0.5487,3.3659,87.94,26.92,26.8,40.57,43.625
2025-10-09 06:00:00,6,40,40,1.0,15.0,23.0,1.0,0.0,1.0,3,3,30,1,31,1,45.917,1027.0,806.0,1805.0,45.917,3.0,7.29,roster,0,136.0,100.0,5.037,148.08,4.7992,1.0,0.4115,3.4,85.8,26.92,13.4,41.97,45.125
2025-10-09 07:00:00,7,37,37,1.0,14.0,22.0,0.0,0.0,1.0,0,0,29,2,31,2,46.917,1070.0,828.0,1861.0,46.917,3.0,7.29,roster,0,127.0,92.5,4.7037,156.35,3.175,0.925,0.0,3.4324,79.36,26.92,26.8,43.27,46.525
2025-10-09 08:00:00,8,38,38,0.0,15.0,23.0,0.0,0.0,1.0,3,3,29,1,30,1,47.917,1138.5,926.0,1921.0,47.917,3.0,7.13,roster,0,129.0,95.0,4.3,145.62,4.6534,0.95,0.4208,3.3947,81.51,26.05,13.4,44.66,48.025
2025-10-09 09:00:00,9,41,41,0.0,12.0,29.0,0.0,0.0,1.0,8,8,24,1,25,1,48.917,1207.0,986.0,1981.0,48.917,3.0,7.13,roster,0,135.0,102.5,3.0,149.11,7.0695,1.025,1.122,3.2927,87.94,21.71,13.4,46.06,49.525
2025-10-09 10:00:00,10,43,43,0.0,12.0,30.0,1.0,0.0,1.0,8,7,24,1,25,1,49.917,1242.0,1008.0,1504.0,49.917,4.0,10.46,roster,0,140.0,107.5,2.3333,142.31,5.6788,1.075,0.6692,3.2558,92.24,21.71,13.4,34.97,37.6
2025-10-09 11:00:00,11,43,43,0.0,10.0,31.0,2.0,0.0,1.0,6,6,25,1,26,1,50.917,1180.0,668.0,1564.0,50.917,4.0,10.46,roster,0,137.0,107.5,2.4464,144.57,5.2526,1.075,0.5736,3.186,92.24,22.58,13.4,36.36,39.1
2025-10-09 12:00:00,12,42,42,0.0,7.0,32.0,3.0,0.0,1.0,7,7,21,0,21,0,49.833,1181.0,183.0,1554.0,49.833,4.0,10.46,roster,0,130.0,105.0,1.7105,124.45,5.3214,1.05,0.6692,3.0952,90.09,18.23,0.0,36.13,38.85
2025-10-09 13:00:00,13,42,42,0.0,8.0,31.0,3.0,0.0,1.0,6,6,18,0,18,0,50.833,1024.5,239.0,1463.0,50.833,4.0,10.46,roster,0,131.0,105.0,1.4886,119.73,5.0641,1.05,0.5736,3.119,90.09,15.63,0.0,34.01,36.575
2025-10-09 14:00:00,14,36,36,1.0,5.0,28.0,2.0,0.0,1.0,6,6,17,0,17,0,51.833,303.0,271.0,1352.0,51.833,4.0,10.46,roster,0,113.0,90.0,1.2283,103.42,4.6255,0.9,0.5736,3.1389,77.22,14.76,0.0,31.43,33.8
2025-10-09 15:00:00,15,35,35,2.0,6.0,26.0,1.0,0.0,1.0,8,7,13,1,14,1,52.833,287.0,141.0,1308.0,52.833,4.0,10.46,roster,0,114.0,87.5,1.0962,111.04,5.0297,0.875,0.6692,3.2571,75.08,12.16,13.4,30.41,32.7
2025-10-09 16:00:00,16,36,36,2.0,5.0,27.0,2.0,0.0,1.0,12,12,7,2,9,2,23.8,303.0,223.0,403.0,23.8,4.0,10.46,roster,0,115.0,90.0,0.9274,101.2,6.5398,0.9,1.1472,3.1944,77.22,7.81,26.8,9.37,10.075
2025-10-09 17:00:00,17,41,41,2.0,9.0,29.0,1.0,0.0,1.0,7,7,8,2,10,2,24.8,325.0,197.0,463.0,24.8,4.0,10.46,roster,0,135.0,102.5,1.125,114.19,5.5785,1.025,0.6692,3.2927,87.94,8.68,26.8,10.76,11.575
2025-10-09 18:00:00,18,36,36,1.0,9.0,25.0,1.0,0.0,1.0,6,5,8,2,10,2,25.8,345.0,183.0,523.0,25.8,4.0,10.46,roster,0,118.0,90.0,0.9833,104.86,4.5168,0.9,0.478,3.2778,77.22,8.68,26.8,12.16,13.075
2025-10-09 19:00:00,19,30,30,0.0,9.0,21.0,0.0,0.0,1.0,6,6,6,1,7,1,26.8,407.0,213.0,603.0,26.8,4.0,10.46,roster,0,99.0,75.0,0.75,77.85,4.3679,0.75,0.5736,3.3,64.35,6.08,13.4,14.02,15.075
2025-10-09 20:00:00,20,20,20,0.0,7.0,13.0,0.0,0.0,1.0,3,3,3,1,4,1,12.7,288.0,273.0,631.0,10.517,4.0,10.61,roster,0,67.0,50.0,0.4653,54.44,2.6222,0.5,0.2828,3.35,42.9,3.47,13.4,14.67,15.775
2025-10-09 21:00:00,21,18,18,0.0,4.0,14.0,0.0,0.0,1.0,6,6,3,1,4,1,9.617,247.5,162.0,363.0,6.05,4.0,10.61,roster,0,58.0,45.0,0.4028,43.92,3.2722,0.45,0.5655,3.2222,38.61,3.47,13.4,8.44,9.075
2025-10-09 22:00:00,22,18,18,0.0,3.0,15.0,0.0,0.0,1.0,9,6,2,1,3,1,9.05,393.0,63.0,423.0,7.05,3.0,7.28,roster,0,57.0,45.0,0.5135,44.45,4.0349,0.45,0.8242,3.1667,38.61,2.6,13.4,9.83,10.575
2025-10-09 23:00:00,23,23,23,0.0,6.0,17.0,0.0,0.0,1.0,13,11,2,1,3,1,10.05,123.0,112.0,483.0,8.05,3.0,7.28,roster,0,75.0,57.5,0.6757,56.57,6.8021,0.575,1.511,3.2609,49.33,2.6,13.4,11.23,12.075
2025-10-10 00:00:00,0,25,25,0.0,6.0,19.0,0.0,0.0,1.0,9,9,2,2,4,2,11.05,177.5,172.0,543.0,9.05,3.0,7.28,roster,0,81.0,62.5,0.75,76.52,6.0305,0.625,1.2363,3.24,53.62,3.47,26.8,12.62,13.575
2025-10-10 01:00:00,1,16,16,0.0,5.0,11.0,0.0,0.0,1.0,4,3,3,2,5,2,12.05,232.0,137.0,243.0,10.05,3.0,7.28,roster,0,53.0,40.0,0.5048,51.11,2.69,0.4,0.4121,3.3125,34.32,4.34,26.8,5.65,6.075
2025-10-10 02:00:00,2,14,14,0.0,4.0,10.0,0.0,0.0,1.0,2,1,3,2,5,2,13.05,292.0,197.0,303.0,11.05,3.0,7.28,roster,0,46.0,35.0,0.4381,48.22,1.6013,0.35,0.1374,3.2857,30.03,4.34,26.8,7.04,7.575
2025-10-10 03:00:00,3,14,14,1.0,3.0,10.0,0.0,0.0,1.0,2,2,3,2,5,2,14.05,352.0,257.0,363.0,12.05,3.0,7.28,roster,0,47.0,35.0,0.4476,49.61,2.0973,0.35,0.2747,3.3571,30.03,4.34,26.8,8.44,9.075
2025-10-10 04:00:00,4,17,17,1.0,4.0,12.0,0.0,0.0,1.0,5,4,5,2,7,2,15.05,317.0,97.0,423.0,13.05,3.0,7.28,roster,0,57.0,42.5,0.5758,59.18,3.2673,0.425,0.5495,3.3529,36.46,6.08,26.8,9.83,10.575
2025-10-10 05:00:00,5,18,18,1.0,4.0,12.0,1.0,0.0,1.0,2,2,5,3,8,3,16.05,364.0,157.0,483.0,14.05,3.0,7.28,roster,0,59.0,45.0,0.6146,76.99,2.3755,0.45,0.2747,3.2778,38.61,6.95,40.2,11.23,12.075
2025-10-10 06:00:00,6,20,20,1.0,4.0,14.0,1.0,0.0,1.0,5,5,5,3,8,3,17.05,424.0,217.0,543.0,15.05,3.0,7.28,roster,0,65.0,50.0,0.6771,82.67,3.8571,0.5,0.6868,3.25,42.9,6.95,40.2,12.62,13.575
2025-10-10 07:00:00,7,17,17,1.0,3.0,13.0,0.0,0.0,1.0,2,2,5,2,7,2,18.05,497.0,271.0,603.0,16.05,3.0,7.28,roster,0,56.0,42.5,0.5657,63.36,2.305,0.425,0.2747,3.2941,36.46,6.08,26.8,14.02,15.075
2025-10-10 08:00:00,8,15,15,1.0,1.0,12.0,1.0,0.0,1.0,3,2,5,2,7,2,17.05,557.0,331.0,663.0,17.05,3.0,6.8,roster,0,47.0,37.5,0.4747,60.47,2.0966,0.375,0.2941,3.1333,32.17,6.08,26.8,15.41,16.575
2025-10-10 09:00:00,9,16,16,1.0,2.0,13.0,0.0,0.0,1.0,6,6,3,2,5,2,18.05,617.0,391.0,712.0,18.05,3.0,6.8,roster,0,52.0,40.0,0.4952,62.02,4.1676,0.4,0.8824,3.25,34.32,4.34,26.8,16.55,17.8
2025-10-10 10:00:00,10,18,18,1.0,2.0,15.0,0.0,0.0,1.0,6,6,4,2,6,2,19.05,564.0,268.0,772.0,19.05,4.0,10.05,roster,0,58.0,45.0,0.4265,68.57,3.3737,0.45,0.597,3.2222,38.61,5.21,26.8,17.95,19.3
2025-10-10 11:00:00,11,16,16,1.0,2.0,13.0,0.0,0.0,1.0,6,5,3,1,4,1,12.283,419.5,328.0,737.0,12.283,4.0,10.05,roster,0,52.0,40.0,0.3611,48.33,2.9169,0.4,0.4975,3.25,34.32,3.47,13.4,17.14,18.425
2025-10-10 12:00:00,12,23,23,1.0,2.0,19.0,0.0,1.0,1.0,12,10,4,1,5,1,13.283,388.0,234.0,571.0,13.283,4.0,10.05,roster,0,71.0,57.5,0.5071,60.35,4.8466,0.575,0.995,3.087,49.33,4.34,13.4,13.28,14.275
2025-10-10 13:00:00,13,22,22,1.0,4.0,16.0,1.0,0.0,1.0,8,7,6,1,7,1,14.283,143.0,97.0,631.0,14.283,4.0,10.05,roster,0,71.0,55.0,0.5379,61.34,4.0229,0.55,0.6965,3.2273,47.19,6.08,13.4,14.67,15.775
2025-10-10 14:00:00,14,23,23,1.0,5.0,16.0,1.0,0.0,1.0,9,9,6,1,7,1,15.283,157.0,112.0,691.0,15.283,4.0,10.05,roster,0,75.0,57.5,0.5682,64.88,4.7952,0.575,0.8955,3.2609,49.33,6.08,13.4,16.07,17.275
2025-10-10 15:00:00,15,21,21,1.0,5.0,13.0,2.0,0.0,1.0,4,3,8,2,10,2,16.283,187.5,69.0,229.0,16.283,4.0,10.05,roster,0,68.0,52.5,0.5667,65.85,2.6666,0.525,0.2985,3.2381,45.04,8.68,26.8,5.32,5.725
2025-10-10 16:00:00,16,22,22,1.0,5.0,14.0,2.0,0.0,1.0,9,8,6,1,7,1,13.517,157.0,127.0,277.0,13.517,4.0,10.05,roster,0,71.0,55.0,0.5379,53.11,4.344,0.55,0.796,3.2273,47.19,6.08,13.4,6.44,6.925
2025-10-10 17:00:00,17,25,25,2.0,4.0,17.0,2.0,0.0,1.0,8,9,7,0,7,0,14.517,189.0,182.0,337.0,14.517,4.0,10.05,roster,0,81.0,62.5,0.6136,47.54,4.9265,0.625,0.8955,3.24,53.62,6.08,0.0,7.84,8.425
2025-10-10 18:00:00,18,20,20,1.0,5.0,14.0,0.0,0.0,1.0,5,5,8,0,8,0,15.517,248.0,242.0,397.0,15.517,4.0,10.05,roster,0,67.0,50.0,0.5234,39.08,3.3417,0.5,0.4975,3.35,42.9,6.95,0.0,9.23,9.925
2025-10-10 19:00:00,19,22,22,1.0,6.0,14.0,1.0,0.0,1.0,6,6,6,0,6,0,16.517,243.5,109.0,448.0,16.517,4.0,10.05,roster,0,73.0,55.0,0.5368,42.82,3.806,0.55,0.597,3.3182,47.19,5.21,0.0,10.42,11.2
2025-10-10 20:00:00,20,23,23,1.0,5.0,17.0,0.0,0.0,1.0,10,9,4,0,4,0,17.517,268.0,169.0,1051.0,17.517,4.0,11.58,roster,0,76.0,57.5,0.5278,57.24,4.4681,0.575,0.7772,3.3043,49.33,3.47,0.0,24.44,26.275
2025-10-10 21:00:00,21,27,27,1.0,4.0,22.0,0.0,0.0,1.0,16,13,4,0,4,0,18.517,328.0,229.0,1111.0,18.517,4.0,11.58,roster,0,87.0,67.5,0.6042,67.22,5.7923,0.675,1.1226,3.2222,57.92,3.47,0.0,25.83,27.775
2025-10-10 22:00:00,22,25,25,1.0,4.0,19.0,1.0,0.0,1.0,8,8,6,0,6,0,19.517,118.5,87.0,289.0,19.517,3.0,8.33,roster,0,80.0,62.5,0.7843,45.55,5.0732,0.625,0.9604,3.2,53.62,5.21,0.0,6.72,7.225
2025-10-10 23:00:00,23,21,21,1.0,5.0,15.0,0.0,0.0,1.0,8,7,6,0,6,0,20.517,178.5,147.0,349.0,20.517,3.0,8.33,roster,0,70.0,52.5,0.6863,38.37,4.5511,0.525,0.8403,3.3333,45.04,5.21,0.0,8.11,8.725
2025-10-11 00:00:00,0,22,22,1.0,4.0,16.0,1.0,0.0,1.0,8,8,7,0,7,0,21.517,218.0,192.0,409.0,21.517,3.0,8.33,roster,0,71.0,55.0,0.7172,42.78,4.8744,0.55,0.9604,3.2273,47.19,6.08,0.0,9.51,10.225
2025-10-11 01:00:00,1,19,19,1.0,3.0,15.0,0.0,0.0,1.0,6,6,7,0,7,0,22.517,278.0,252.0,469.0,22.517,3.0,8.33,roster,0,62.0,47.5,0.6263,37.74,3.9004,0.475,0.7203,3.2632,40.75,6.08,0.0,10.9,11.725
2025-10-11 02:00:00,2,18,18,1.0,3.0,14.0,0.0,0.0,1.0,3,3,7,0,7,0,23.517,338.0,312.0,529.0,23.517,3.0,8.33,roster,0,59.0,45.0,0.596,36.99,2.6555,0.45,0.3601,3.2778,38.61,6.08,0.0,12.3,13.225
2025-10-11 03:00:00,3,20,20,1.0,3.0,15.0,1.0,0.0,1.0,5,5,7,0,7,0,24.517,398.0,372.0,589.0,24.517,3.0,8.33,roster,0,64.0,50.0,0.6465,42.67,3.5208,0.5,0.6002,3.2,42.9,6.08,0.0,13.69,14.725
2025-10-11 04:00:00,4,21,21,2.0,4.0,14.0,1.0,0.0,1.0,4,4,7,0,7,0,25.517,458.0,432.0,649.0,25.517,3.0,8.33,roster,0,70.0,52.5,0.7071,46.21,3.3506,0.525,0.4802,3.3333,45.04,6.08,0.0,15.09,16.225
2025-10-11 05:00:00,5,20,20,2.0,4.0,14.0,0.0,0.0,1.0,3,3,7,1,8,1,26.517,512.5,492.0,709.0,26.517,3.0,8.33,roster,0,68.0,50.0,0.7083,59.73,2.9245,0.5,0.3601,3.4,42.9,6.95,13.4,16.48,17.725
2025-10-11 06:00:00,6,18,18,1.0,4.0,13.0,0.0,0.0,1.0,4,4,7,0,7,0,27.517,578.0,552.0,769.0,27.517,3.0,8.33,roster,0,60.0,45.0,0.6061,42.57,3.1006,0.45,0.4802,3.3333,38.61,6.08,0.0,17.88,19.225
2025-10-11 07:00:00,7,21,21,1.0,4.0,16.0,0.0,0.0,1.0,4,4,7,0,7,0,28.517,638.0,612.0,829.0,28.517,3.0,8.33,roster,0,69.0,52.5,0.697,50.4,3.3028,0.525,0.4802,3.2857,45.04,6.08,0.0,19.27,20.725
2025-10-11 08:00:00,8,17,17,2.0,4.0,10.0,1.0,0.0,1.0,4,4,8,0,8,0,29.517,692.5,672.0,889.0,29.517,3.0,6.38,roster,0,58.0,42.5,0.6042,44.08,3.589,0.425,0.627,3.4118,36.46,6.95,0.0,20.67,22.225
2025-10-11 09:00:00,9,20,20,2.0,4.0,12.0,1.0,1.0,1.0,5,5,8,0,8,0,30.517,752.5,650.0,949.0,30.517,3.0,6.38,roster,0,65.0,50.0,0.6771,51.91,4.172,0.5,0.7837,3.25,42.9,6.95,0.0,22.06,23.725
2025-10-11 10:00:00,10,17,17,1.0,4.0,11.0,1.0,0.0,1.0,9,7,8,0,8,0,31.517,446.0,147.0,1009.0,31.517,4.0,10.08,roster,0,56.0,42.5,0.4375,46.87,3.6876,0.425,0.6944,3.2941,36.46,6.95,0.0,23.46,25.225
2025-10-11 11:00:00,11,19,19,1.0,5.0,12.0,1.0,0.0,1.0,6,6,7,1,8,1,32.517,145.0,103.0,919.0,32.517,4.0,10.08,roster,0,63.0,47.5,0.4922,62.47,3.5487,0.475,0.5952,3.3158,40.75,6.95,13.4,21.37,22.975
2025-10-11 12:00:00,12,19,19,0.0,6.0,11.0,2.0,0.0,1.0,9,7,3,3,6,3,16.317,133.5,75.0,267.0,16.317,4.0,10.08,roster,0,61.0,47.5,0.4485,72.37,3.7545,0.475,0.6944,3.2105,40.75,5.21,40.2,6.21,6.675
2025-10-11 13:00:00,13,22,22,0.0,7.0,13.0,2.0,0.0,1.0,6,6,5,3,8,3,17.317,161.5,122.0,327.0,17.317,4.0,10.08,roster,0,71.0,55.0,0.5547,81.94,3.696,0.55,0.5952,3.2273,47.19,6.95,40.2,7.6,8.175
2025-10-11 14:00:00,14,17,17,0.0,5.0,12.0,0.0,0.0,1.0,4,4,2,3,5,3,4.367,182.0,175.0,195.0,4.317,4.0,10.08,roster,0,56.0,42.5,0.4,65.54,2.7072,0.425,0.3968,3.2941,36.46,4.34,40.2,4.53,4.875
2025-10-11 15:00:00,15,17,17,0.0,4.0,13.0,0.0,0.0,1.0,10,10,1,1,2,1,5.317,277.0,235.0,319.0,5.317,4.0,10.08,roster,0,55.0,42.5,0.3618,39.02,4.5846,0.425,0.9921,3.2353,36.46,1.74,13.4,7.42,7.975
2025-10-11 16:00:00,16,17,17,0.0,4.0,13.0,0.0,0.0,1.0,7,7,2,0,2,0,4.917,203.0,111.0,295.0,4.917,4.0,10.08,roster,0,55.0,42.5,0.3618,25.06,3.6217,0.425,0.6944,3.2353,36.46,1.74,0.0,6.86,7.375
2025-10-11 17:00:00,17,19,19,0.0,6.0,12.0,1.0,0.0,1.0,10,10,1,0,1,0,3.717,171.0,171.0,171.0,2.85,4.0,10.08,roster,0,62.0,47.5,0.3974,25.6,4.7873,0.475,0.9921,3.2632,40.75,0.87,0.0,3.98,4.275
2025-10-11 18:00:00,18,20,20,0.0,7.0,12.0,1.0,0.0,1.0,7,7,2,1,3,1,3.85,98.0,69.0,231.0,3.85,4.0,10.08,roster,0,66.0,50.0,0.4459,44.28,3.9417,0.5,0.6944,3.3,42.9,2.6,13.4,5.37,5.775
2025-10-11 19:00:00,19,25,25,0.0,6.0,18.0,1.0,0.0,1.0,11,11,3,1,4,1,4.85,143.5,129.0,291.0,4.85,4.0,10.08,roster,0,80.0,62.5,0.5556,57.26,5.4921,0.625,1.0913,3.2,53.62,3.47,13.4,6.77,7.275
2025-10-11 20:00:00,20,19,19,0.0,5.0,12.0,2.0,0.0,1.0,9,7,3,1,4,1,5.767,77.5,73.0,218.0,3.633,4.0,11.43,roster,0,60.0,47.5,0.4167,42.7,3.434,0.475,0.6124,3.1579,40.75,3.47,13.4,5.07,5.45
2025-10-11 21:00:00,21,23,23,0.0,4.0,17.0,2.0,0.0,1.0,15,10,2,0,2,0,6.767,137.5,133.0,142.0,2.367,4.0,11.43,roster,0,71.0,57.5,0.4671,34.37,4.4757,0.575,0.8749,3.087,49.33,1.74,0.0,3.3,3.55
2025-10-11 22:00:00,22,29,29,0.0,6.0,21.0,1.0,1.0,1.0,17,17,5,0,5,0,7.767,79.0,65.0,82.0,3.367,3.0,7.73,roster,0,90.0,72.5,0.8571,48.45,9.0752,0.725,2.1992,3.1034,62.2,4.34,0.0,1.91,2.05
2025-10-11 23:00:00,23,23,23,0.0,5.0,16.0,2.0,0.0,1.0,7,6,7,1,8,1,8.767,120.0,114.0,139.0,4.367,3.0,7.73,roster,0,72.0,57.5,0.75,52.91,4.2298,0.575,0.7762,3.1304,49.33,6.95,13.4,3.23,3.475
2025-10-12 00:00:00,0,30,30,0.0,5.0,23.0,2.0,0.0,1.0,13,13,7,1,8,1,9.767,178.0,171.0,199.0,5.367,3.0,7.73,roster,0,93.0,75.0,0.9688,69.32,7.5385,0.75,1.6818,3.1,64.35,6.95,13.4,4.63,4.975
2025-10-12 01:00:00,1,25,25,0.0,5.0,17.0,3.0,0.0,1.0,6,6,9,1,10,1,10.767,232.5,151.0,245.0,6.367,3.0,7.73,roster,0,77.0,62.5,0.8556,61.4,4.3157,0.625,0.7762,3.08,53.62,8.68,13.4,5.7,6.125
2025-10-12 02:00:00,2,22,22,0.0,6.0,15.0,1.0,0.0,1.0,5,4,9,1,10,1,11.767,292.5,211.0,305.0,7.367,3.0,7.73,roster,0,71.0,55.0,0.7889,56.36,3.445,0.55,0.5175,3.2273,47.19,8.68,13.4,7.09,7.625
2025-10-12 03:00:00,3,24,24,0.0,6.0,15.0,3.0,0.0,1.0,5,4,9,2,11,2,12.767,351.0,224.0,365.0,8.367,3.0,7.73,roster,0,75.0,60.0,0.8621,76.32,3.4921,0.6,0.5175,3.125,51.48,9.55,26.8,8.49,9.125
2025-10-12 04:00:00,4,23,23,0.0,6.0,13.0,4.0,0.0,1.0,3,2,10,2,12,2,13.767,407.5,284.0,425.0,9.367,3.0,7.73,roster,0,71.0,57.5,0.8452,76.44,2.5737,0.575,0.2587,3.087,49.33,10.42,26.8,9.88,10.625
2025-10-12 05:00:00,5,22,22,0.0,6.0,13.0,3.0,0.0,1.0,2,1,10,2,12,2,14.767,467.5,344.0,485.0,10.367,3.0,7.73,roster,0,69.0,55.0,0.8214,75.69,2.1307,0.55,0.1294,3.1364,47.19,10.42,26.8,11.28,12.125
2025-10-12 06:00:00,6,22,22,0.0,5.0,14.0,3.0,0.0,1.0,3,1,10,1,11,1,15.767,531.0,404.0,545.0,11.367,3.0,7.73,roster,0,68.0,55.0,0.7816,62.81,2.0999,0.55,0.1294,3.0909,47.19,9.55,13.4,12.67,13.625
2025-10-12 07:00:00,7,22,22,0.0,5.0,15.0,2.0,0.0,1.0,3,3,11,1,12,1,16.767,587.5,464.0,605.0,12.367,3.0,7.73,roster,0,69.0,55.0,0.8214,65.08,2.9422,0.55,0.3881,3.1364,47.19,10.42,13.4,14.07,15.125
2025-10-12 08:00:00,8,24,24,0.0,5.0,18.0,1.0,0.0,1.0,12,11,10,1,11,1,13.367,651.0,516.0,665.0,13.367,3.0,6.79,roster,0,76.0,60.0,0.8736,69.89,7.0301,0.6,1.62,3.1667,51.48,9.55,13.4,15.46,16.625
2025-10-12 09:00:00,9,34,34,0.0,6.0,27.0,1.0,0.0,1.0,17,18,9,1,10,1,14.367,644.0,225.0,714.0,14.367,3.0,6.79,roster,0,107.0,85.0,1.1889,91.61,11.0177,0.85,2.651,3.1471,72.93,8.68,13.4,16.6,17.85
2025-10-12 10:00:00,10,38,38,0.0,6.0,32.0,0.0,0.0,1.0,13,14,9,1,10,1,15.367,621.0,160.0,774.0,15.367,4.0,10.04,roster,0,120.0,95.0,1.0,101.59,7.4034,0.95,1.3944,3.1579,81.51,8.68,13.4,18.0,19.35
2025-10-12 11:00:00,11,37,37,0.0,6.0,27.0,4.0,0.0,1.0,17,17,8,1,9,1,14.083,127.0,111.0,831.0,14.083,4.0,10.04,roster,0,113.0,92.5,0.9113,99.9,7.9962,0.925,1.6932,3.0541,79.36,7.81,13.4,19.32,20.775
2025-10-12 12:00:00,12,40,40,1.0,5.0,28.0,6.0,0.0,1.0,16,16,6,0,6,0,3.783,169.5,125.0,184.0,3.117,4.0,10.04,roster,0,121.0,100.0,0.8897,75.29,7.8457,1.0,1.5936,3.025,85.8,5.21,0.0,4.28,4.6
2025-10-12 13:00:00,13,45,45,2.0,6.0,30.0,7.0,0.0,1.0,13,13,9,0,9,0,4.667,185.0,116.0,231.0,4.117,4.0,10.04,roster,0,138.0,112.5,1.1129,89.71,7.4208,1.125,1.2948,3.0667,96.52,7.81,0.0,5.37,5.775
2025-10-12 14:00:00,14,43,43,2.0,6.0,30.0,5.0,0.0,1.0,11,12,10,0,10,0,5.667,173.5,94.0,288.0,5.067,4.0,10.04,roster,0,134.0,107.5,1.1167,87.61,7.0746,1.075,1.1952,3.1163,92.24,8.68,0.0,6.7,7.2
2025-10-12 15:00:00,15,46,46,3.0,9.0,31.0,3.0,0.0,1.0,18,17,9,0,9,0,6.667,133.0,109.0,231.0,5.85,4.0,10.04,roster,0,150.0,115.0,1.2097,91.86,9.2714,1.15,1.6932,3.2609,98.67,7.81,0.0,5.37,5.775
2025-10-12 16:00:00,16,53,53,3.0,12.0,33.0,4.0,1.0,1.0,16,16,11,1,12,1,6.85,178.5,141.0,291.0,6.85,4.0,10.04,roster,0,171.0,132.5,1.5268,124.27,9.4167,1.325,1.5936,3.2264,113.68,10.42,13.4,6.77,7.275
2025-10-12 17:00:00,17,58,58,2.0,13.0,38.0,4.0,1.0,1.0,16,15,13,2,15,2,7.85,223.0,138.0,274.0,7.85,4.0,10.04,roster,0,185.0,145.0,1.85,150.61,9.3904,1.45,1.494,3.1897,124.41,13.02,26.8,6.37,6.85
2025-10-12 18:00:00,18,56,56,2.0,12.0,36.0,5.0,1.0,1.0,11,11,16,2,18,2,8.5,235.0,159.0,308.0,6.933,4.0,10.04,roster,0,177.0,140.0,2.0114,149.71,7.8879,1.4,1.0956,3.1607,120.12,15.63,26.8,7.16,7.7
2025-10-12 19:00:00,19,56,56,2.0,9.0,38.0,5.0,2.0,1.0,11,11,15,2,17,2,9.5,292.0,171.0,349.0,7.933,4.0,10.04,roster,0,172.0,140.0,1.8696,149.8,7.6651,1.4,1.0956,3.0714,120.12,14.76,26.8,8.11,8.725
2025-10-12 20:00:00,20,48,48,0.0,6.0,38.0,3.0,1.0,1.0,7,7,11,1,12,1,10.5,282.5,221.0,409.0,8.85,4.0,10.47,roster,0,145.0,120.0,1.2946,116.29,5.6447,1.2,0.6686,3.0208,102.96,10.42,13.4,9.51,10.225
2025-10-12 21:00:00,21,51,51,0.0,6.0,42.0,3.0,0.0,1.0,14,12,12,1,13,1,9.85,339.0,243.0,463.0,9.85,4.0,10.47,roster,0,156.0,127.5,1.4444,124.85,7.4058,1.275,1.1461,3.0588,109.39,11.29,13.4,10.76,11.575
2025-10-12 22:00:00,22,35,35,0.0,5.0,28.0,2.0,0.0,1.0,8,8,12,1,13,1,10.85,351.0,252.0,501.0,10.85,3.0,7.22,roster,0,108.0,87.5,1.3333,91.41,6.1191,0.875,1.108,3.0857,75.08,11.29,13.4,11.65,12.525
2025-10-12 23:00:00,23,37,37,0.0,5.0,30.0,2.0,0.0,1.0,12,10,11,1,12,1,11.85,435.0,312.0,583.0,11.85,3.0,7.22,roster,0,114.0,92.5,1.3571,96.74,7.1174,0.925,1.385,3.0811,79.36,10.42,13.4,13.55,14.575
2025-10-13 00:00:00,0,36,36,1.0,5.0,29.0,0.0,1.0,1.0,13,10,14,1,15,1,12.85,423.0,190.0,621.0,12.85,3.0,7.22,roster,0,113.0,90.0,1.5067,98.08,7.1725,0.9,1.385,3.1389,77.22,13.02,13.4,14.44,15.525
2025-10-13 01:00:00,1,33,33,1.0,4.0,27.0,0.0,1.0,1.0,7,5,16,0,16,0,13.85,385.5,173.0,681.0,13.85,3.0,7.22,roster,0,103.0,82.5,1.4306,80.51,4.7365,0.825,0.6925,3.1212,70.78,13.89,0.0,15.83,17.025
2025-10-13 02:00:00,2,33,33,1.0,5.0,26.0,1.0,0.0,1.0,6,6,16,0,16,0,14.85,445.5,233.0,741.0,14.85,3.0,7.22,roster,0,105.0,82.5,1.4583,81.91,5.2692,0.825,0.831,3.1818,70.78,13.89,0.0,17.23,18.525
2025-10-13 03:00:00,3,32,32,1.0,5.0,25.0,1.0,0.0,1.0,4,5,18,0,18,0,15.85,431.0,242.0,699.0,15.85,3.0,7.22,roster,0,102.0,80.0,1.5455,80.52,4.7574,0.8,0.6925,3.1875,68.64,15.63,0.0,16.25,17.475
2025-10-13 04:00:00,4,30,30,1.0,5.0,22.0,2.0,0.0,1.0,3,3,18,0,18,0,16.85,491.0,302.0,759.0,16.85,3.0,7.22,roster,0,95.0,75.0,1.4394,77.63,3.6908,0.75,0.4155,3.1667,64.35,15.63,0.0,17.65,18.975
2025-10-13 05:00:00,5,31,31,1.0,5.0,25.0,0.0,0.0,1.0,5,5,18,0,18,0,17.85,551.0,362.0,819.0,17.85,3.0,7.22,roster,0,100.0,77.5,1.5152,81.17,4.7339,0.775,0.6925,3.2258,66.5,15.63,0.0,19.04,20.475
2025-10-13 06:00:00,6,38,38,1.0,6.0,29.0,2.0,0.0,1.0,10,10,20,0,20,0,18.85,566.5,396.0,879.0,18.85,3.0,7.22,roster,0,120.0,95.0,2.0,99.31,7.3738,0.95,1.385,3.1579,81.51,17.37,0.0,20.44,21.975
2025-10-13 07:00:00,7,38,38,1.0,6.0,28.0,3.0,0.0,1.0,5,6,20,2,22,2,19.85,528.0,300.0,891.0,19.85,3.0,7.22,roster,0,119.0,95.0,2.2037,128.13,5.5774,0.95,0.831,3.1316,81.51,19.1,26.8,20.72,22.275
2025-10-13 08:00:00,8,37,37,1.0,6.0,28.0,2.0,0.0,1.0,3,3,20,2,22,2,20.85,588.0,360.0,951.0,20.85,3.0,6.58,roster,0,117.0,92.5,2.1667,127.38,4.3667,0.925,0.4559,3.1622,79.36,19.1,26.8,22.11,23.775
2025-10-13 09:00:00,9,41,41,2.0,7.0,31.0,1.0,0.0,1.0,6,6,21,2,23,2,21.85,602.0,239.0,963.0,21.85,3.0,6.58,roster,0,133.0,102.5,2.6078,137.11,6.283,1.025,0.9119,3.2439,87.94,19.97,26.8,22.39,24.075
2025-10-13 10:00:00,10,52,52,2.0,7.0,39.0,4.0,0.0,1.0,13,13,22,3,25,3,22.85,636.0,295.0,879.0,22.85,4.0,9.92,roster,0,163.0,130.0,2.7167,173.88,8.1829,1.3,1.3105,3.1346,111.54,21.71,40.2,20.44,21.975
2025-10-13 11:00:00,11,43,43,2.0,5.0,32.0,4.0,0.0,1.0,8,8,15,4,19,4,23.85,359.0,195.0,773.0,23.85,4.0,9.92,roster,0,134.0,107.5,1.5952,160.31,5.8631,1.075,0.8065,3.1163,92.24,16.5,53.6,17.97,19.325
2025-10-13 12:00:00,12,39,39,3.0,8.0,24.0,4.0,0.0,1.0,8,8,16,4,20,4,24.85,367.0,182.0,823.0,24.85,4.0,9.92,roster,0,127.0,97.5,1.5875,153.76,5.8011,0.975,0.8065,3.2564,83.66,17.37,53.6,19.13,20.575
2025-10-13 13:00:00,13,36,36,3.0,9.0,20.0,4.0,0.0,1.0,7,7,15,5,20,5,25.85,219.5,150.0,434.0,25.85,4.0,9.92,roster,0,119.0,90.0,1.4875,151.68,5.3075,0.9,0.7056,3.3056,77.22,17.37,67.0,10.09,10.85
2025-10-13 14:00:00,14,39,39,3.0,10.0,22.0,4.0,0.0,1.0,9,8,14,5,19,5,26.85,251.0,157.0,494.0,26.85,4.0,9.92,roster,0,129.0,97.5,1.5357,158.64,5.8925,0.975,0.8065,3.3077,83.66,16.5,67.0,11.49,12.35
2025-10-13 15:00:00,15,34,34,1.0,9.0,22.0,2.0,0.0,1.0,3,3,13,5,18,5,27.85,300.5,212.0,554.0,27.85,4.0,9.92,roster,0,111.0,85.0,1.2614,148.44,3.7623,0.85,0.3024,3.2647,72.93,15.63,67.0,12.88,13.85
2025-10-13 16:00:00,16,38,38,1.0,9.0,24.0,4.0,0.0,1.0,14,13,13,3,16,3,28.85,343.5,272.0,614.0,28.85,4.0,9.92,roster,0,121.0,95.0,1.2604,129.88,7.1979,0.95,1.3105,3.1842,81.51,13.89,40.2,14.28,15.35
2025-10-13 17:00:00,17,45,45,1.0,10.0,30.0,4.0,0.0,1.0,10,9,15,4,19,4,29.85,350.0,216.0,660.0,29.85,4.0,9.92,roster,0,143.0,112.5,1.7024,161.97,6.4581,1.125,0.9073,3.1778,96.52,16.5,53.6,15.34,16.5
2025-10-13 18:00:00,18,39,39,1.0,11.0,25.0,2.0,0.0,1.0,4,4,18,4,22,4,30.85,394.5,154.0,550.0,30.85,4.0,9.92,roster,0,128.0,97.5,1.7778,149.15,4.5234,0.975,0.4032,3.2821,83.66,19.1,53.6,12.79,13.75
2025-10-13 19:00:00,19,41,41,1.0,13.0,26.0,1.0,0.0,1.0,7,7,19,4,23,4,31.85,452.0,200.0,610.0,31.85,4.0,9.92,roster,0,137.0,102.5,2.0147,155.7,5.7829,1.025,0.7056,3.3415,87.94,19.97,53.6,14.18,15.25
2025-10-13 20:00:00,20,44,44,1.0,13.0,29.0,1.0,0.0,1.0,9,9,18,4,22,4,28.65,452.0,214.0,590.0,28.65,4.0,11.73,roster,0,146.0,110.0,2.0278,160.8,6.1959,1.1,0.7673,3.3182,94.38,19.1,53.6,13.72,14.75
2025-10-13 21:00:00,21,40,40,0.0,11.0,28.0,1.0,0.0,1.0,5,5,19,3,22,3,29.65,419.5,234.0,650.0,29.65,4.0,11.73,roster,0,130.0,100.0,1.8056,140.22,4.6353,1.0,0.4263,3.25,85.8,19.1,40.2,15.11,16.25
2025-10-13 22:00:00,22,40,40,0.0,12.0,27.0,1.0,0.0,1.0,10,10,16,3,19,3,30.65,414.0,290.0,710.0,30.65,3.0,8.39,roster,0,131.0,100.0,2.0794,139.01,7.1785,1.0,1.1919,3.275,85.8,16.5,40.2,16.51,17.75
2025-10-13 23:00:00,23,40,40,0.0,9.0,31.0,0.0,0.0,1.0,14,12,13,2,15,2,31.65,605.0,394.0,770.0,31.65,3.0,8.39,roster,0,129.0,100.0,1.72,123.53,7.8376,1.0,1.4303,3.225,85.8,13.02,26.8,17.9,19.25
2025-10-14 00:00:00,0,38,38,0.0,10.0,28.0,0.0,0.0,1.0,12,10,14,2,16,2,32.65,599.5,454.0,830.0,32.65,3.0,8.39,roster,0,124.0,95.0,1.7222,121.5,6.9893,0.95,1.1919,3.2632,81.51,13.89,26.8,19.3,20.75
2025-10-14 01:00:00,1,35,35,0.0,11.0,24.0,0.0,0.0,1.0,5,5,15,2,17,2,33.65,594.0,495.0,877.0,33.65,3.0,8.39,roster,0,116.0,87.5,1.6812,117.03,4.8751,0.875,0.5959,3.3143,75.08,14.76,26.8,20.39,21.925
2025-10-14 02:00:00,2,38,38,0.0,11.0,27.0,0.0,0.0,1.0,6,6,16,3,19,3,34.65,626.0,351.0,937.0,34.65,3.0,8.39,roster,0,125.0,95.0,1.9841,139.99,5.4774,0.95,0.7151,3.2895,81.51,16.5,40.2,21.79,23.425
2025-10-14 03:00:00,3,36,36,0.0,11.0,25.0,0.0,0.0,1.0,4,4,16,2,18,2,35.65,683.0,411.0,997.0,35.65,3.0,8.39,roster,0,119.0,90.0,1.803,122.83,4.551,0.9,0.4768,3.3056,77.22,15.63,26.8,23.18,24.925
2025-10-14 04:00:00,4,36,36,1.0,10.0,25.0,0.0,0.0,1.0,6,6,16,1,17,1,36.65,746.0,650.0,1057.0,36.65,3.0,8.39,roster,0,120.0,90.0,1.7391,109.96,5.3838,0.9,0.7151,3.3333,77.22,14.76,13.4,24.58,26.425
2025-10-14 05:00:00,5,33,33,1.0,9.0,23.0,0.0,0.0,1.0,3,3,17,1,18,1,37.65,803.0,531.0,1117.0,37.65,3.0,8.39,roster,0,110.0,82.5,1.6667,105.78,3.9419,0.825,0.3576,3.3333,70.78,15.63,13.4,25.97,27.925
2025-10-14 06:00:00,6,30,30,1.0,8.0,21.0,0.0,0.0,1.0,3,3,18,1,19,1,38.65,860.0,436.0,1177.0,38.65,3.0,8.39,roster,0,100.0,75.0,1.5873,101.61,3.6919,0.75,0.3576,3.3333,64.35,16.5,13.4,27.37,29.425
2025-10-14 07:00:00,7,29,29,1.0,7.0,21.0,0.0,0.0,1.0,1,1,18,1,19,1,39.65,920.0,496.0,1237.0,39.65,3.0,8.39,roster,0,96.0,72.5,1.5238,100.86,2.7946,0.725,0.1192,3.3103,62.2,16.5,13.4,28.76,30.925
2025-10-14 08:00:00,8,31,31,1.0,7.0,23.0,0.0,0.0,1.0,4,3,19,1,20,1,40.65,957.0,556.0,1297.0,40.65,3.0,6.5,roster,0,102.0,77.5,1.7,107.42,4.0686,0.775,0.4615,3.2903,66.5,17.37,13.4,30.16,32.425
2025-10-14 09:00:00,9,37,37,1.0,7.0,29.0,0.0,0.0,1.0,8,7,21,1,22,1,41.65,984.5,520.0,1297.0,41.65,3.0,6.5,roster,0,120.0,92.5,2.2222,122.02,6.4927,0.925,1.0769,3.2432,79.36,19.1,13.4,30.16,32.425
2025-10-14 10:00:00,10,41,41,1.0,9.0,31.0,0.0,0.0,1.0,8,9,22,1,23,1,42.65,1010.0,330.0,1319.0,42.65,4.0,9.82,roster,0,134.0,102.5,1.9706,131.98,6.3454,1.025,0.9165,3.2683,87.94,19.97,13.4,30.67,32.975
2025-10-14 11:00:00,11,45,45,1.0,11.0,33.0,0.0,0.0,1.0,9,9,23,1,24,1,43.65,980.5,278.0,1379.0,43.65,4.0,9.82,roster,0,148.0,112.5,2.3125,142.83,6.7143,1.125,0.9165,3.2889,96.52,20.84,13.4,32.06,34.475
2025-10-14 12:00:00,12,47,47,1.0,13.0,33.0,0.0,0.0,1.0,12,12,25,1,26,1,44.65,773.5,215.0,1226.0,44.65,4.0,9.82,roster,0,156.0,117.5,2.7857,145.3,7.956,1.175,1.222,3.3191,100.82,22.58,13.4,28.5,30.65
2025-10-14 13:00:00,13,41,41,0.0,12.0,29.0,0.0,0.0,1.0,4,4,25,1,26,1,45.65,660.5,211.0,1286.0,45.65,4.0,9.82,roster,0,135.0,102.5,2.4107,133.82,4.7162,1.025,0.4073,3.2927,87.94,22.58,13.4,29.9,32.15
2025-10-14 14:00:00,14,37,37,0.0,12.0,25.0,0.0,0.0,1.0,6,6,21,1,22,1,46.65,427.5,200.0,1275.0,46.65,4.0,9.82,roster,0,123.0,92.5,1.7083,121.51,5.1062,0.925,0.611,3.3243,79.36,19.1,13.4,29.64,31.875
2025-10-14 15:00:00,15,37,37,0.0,10.0,27.0,0.0,0.0,1.0,11,10,19,2,21,2,47.65,518.0,272.0,1335.0,47.65,4.0,9.82,roster,0,121.0,92.5,1.5921,135.44,6.3552,0.925,1.0183,3.2703,79.36,18.23,26.8,31.04,33.375
2025-10-14 16:00:00,16,32,32,0.0,6.0,26.0,0.0,0.0,1.0,9,9,19,0,19,0,48.65,332.0,99.0,991.0,48.65,4.0,9.82,roster,0,102.0,80.0,1.2143,88.18,5.4713,0.8,0.9165,3.1875,68.64,16.5,0.0,23.04,24.775
2025-10-14 17:00:00,17,36,36,0.0,6.0,29.0,1.0,0.0,1.0,7,7,22,1,23,1,49.65,247.0,125.0,750.0,49.65,4.0,9.82,roster,0,113.0,90.0,1.6618,108.03,5.0625,0.9,0.7128,3.1389,77.22,19.97,13.4,17.44,18.75
2025-10-14 18:00:00,18,49,49,0.0,6.0,42.0,1.0,0.0,1.0,14,14,24,1,25,1,50.65,230.0,171.0,698.0,50.65,4.0,9.82,roster,0,152.0,122.5,2.5333,136.44,8.2225,1.225,1.4257,3.102,105.1,21.71,13.4,16.23,17.45
2025-10-14 19:00:00,19,46,46,0.0,7.0,38.0,1.0,0.0,1.0,5,6,22,1,23,1,51.65,290.0,228.0,870.0,51.65,4.0,9.82,roster,0,144.0,115.0,2.1176,132.27,5.5127,1.15,0.611,3.1304,98.67,19.97,13.4,20.23,21.75
2025-10-14 20:00:00,20,47,47,0.0,10.0,36.0,1.0,0.0,1.0,8,8,22,2,24,2,52.65,335.5,275.0,930.0,52.65,4.0,12.46,roster,0,150.0,117.5,2.3438,150.08,5.7991,1.175,0.6421,3.1915,100.82,20.84,26.8,21.62,23.25
2025-10-14 21:00:00,21,55,55,0.0,11.0,42.0,2.0,0.0,1.0,12,12,26,2,28,2,53.65,376.0,296.0,878.0,53.65,4.0,12.46,roster,0,174.0,137.5,3.625,169.5,7.3968,1.375,0.9631,3.1636,117.98,24.31,26.8,20.41,21.95
2025-10-14 22:00:00,22,55,55,0.0,9.0,45.0,1.0,0.0,1.0,10,9,29,1,30,1,54.65,409.5,154.0,780.0,54.65,3.0,9.14,roster,0,173.0,137.5,5.7667,155.56,7.4223,1.375,0.9847,3.1455,117.98,26.05,13.4,18.14,19.5
2025-10-14 23:00:00,23,52,52,0.0,10.0,40.0,2.0,0.0,1.0,8,8,26,1,27,1,55.65,468.0,214.0,998.0,55.65,3.0,9.14,roster,0,164.0,130.0,4.2051,151.59,6.8605,1.3,0.8753,3.1538,111.54,23.44,13.4,23.2,24.95
2025-10-15 00:00:00,0,51,51,0.0,10.0,40.0,1.0,0.0,1.0,11,8,27,1,28,1,56.65,521.5,274.0,1058.0,56.65,3.0,9.14,roster,0,162.0,127.5,4.5,151.71,6.8303,1.275,0.8753,3.1765,109.39,24.31,13.4,24.6,26.45
2025-10-15 01:00:00,1,46,46,0.0,10.0,36.0,0.0,0.0,1.0,6,5,29,1,30,1,57.65,573.5,303.0,960.0,57.65,3.0,9.14,roster,0,148.0,115.0,4.9333,140.44,5.4601,1.15,0.547,3.2174,98.67,26.05,13.4,22.32,24.0
2025-10-15 02:00:00,2,43,43,0.0,10.0,33.0,0.0,0.0,1.0,2,2,29,1,30,1,58.65,633.5,363.0,1020.0,58.65,3.0,9.14,roster,0,139.0,107.5,4.6333,135.4,4.1823,1.075,0.2188,3.2326,92.24,26.05,13.4,23.72,25.5
2025-10-15 03:00:00,3,42,42,0.0,11.0,31.0,0.0,0.0,1.0,3,4,29,1,30,1,59.65,693.5,423.0,1080.0,59.65,3.0,9.14,roster,0,137.0,105.0,4.5667,134.65,4.8525,1.05,0.4376,3.2619,90.09,26.05,13.4,25.11,27.0
2025-10-15 04:00:00,4,46,46,1.0,11.0,33.0,1.0,0.0,1.0,5,5,29,1,30,1,60.65,753.5,483.0,1140.0,60.65,3.0,9.14,roster,0,150.0,115.0,5.0,144.62,5.5338,1.15,0.547,3.2609,98.67,26.05,13.4,26.51,28.5
2025-10-15 05:00:00,5,47,47,1.0,11.0,34.0,1.0,0.0,1.0,5,5,31,2,33,2,61.65,791.0,526.0,1053.0,61.65,3.0,9.14,roster,0,153.0,117.5,7.2857,160.75,5.6058,1.175,0.547,3.2553,100.82,28.65,26.8,24.48,26.325
2025-10-15 06:00:00,6,42,42,0.0,10.0,31.0,1.0,0.0,1.0,2,2,31,1,32,1,62.65,861.5,597.0,1260.0,62.65,3.0,9.14,roster,0,135.0,105.0,5.625,140.57,4.0783,1.05,0.2188,3.2143,90.09,27.79,13.4,29.3,31.5
2025-10-15 07:00:00,7,46,46,0.0,10.0,33.0,3.0,0.0,1.0,5,5,33,1,34,1,63.65,903.5,629.0,1173.0,63.65,3.0,9.14,roster,0,145.0,115.0,8.0556,148.86,5.3494,1.15,0.547,3.1522,98.67,29.52,13.4,27.27,29.325
2025-10-15 08:00:00,8,44,44,0.0,10.0,33.0,1.0,0.0,1.0,5,5,33,1,34,1,64.65,963.5,689.0,1233.0,64.65,3.0,7.04,roster,0,141.0,110.0,7.8333,145.97,5.801,1.1,0.7102,3.2045,94.38,29.52,13.4,28.67,30.825
2025-10-15 09:00:00,9,49,49,0.0,10.0,35.0,4.0,0.0,1.0,10,9,32,1,33,1,65.65,968.0,732.0,1112.0,65.65,3.0,7.04,roster,0,153.0,122.5,7.2857,153.01,7.8168,1.225,1.2784,3.1224,105.1,28.65,13.4,25.85,27.8
2025-10-15 10:00:00,10,47,47,0.0,11.0,33.0,3.0,0.0,1.0,8,8,30,1,31,1,66.65,898.0,634.0,1500.0,66.65,4.0,10.5,roster,0,149.0,117.5,4.1389,156.01,6.1404,1.175,0.7619,3.1702,100.82,26.92,13.4,34.88,37.5
2025-10-15 11:00:00,11,45,45,0.0,8.0,32.0,5.0,0.0,1.0,8,8,27,1,28,1,42.25,901.0,436.0,1227.0,42.25,4.0,10.5,roster,0,138.0,112.5,2.875,142.77,5.7865,1.125,0.7619,3.0667,96.52,24.31,13.4,28.53,30.675
2025-10-15 12:00:00,12,40,40,0.0,7.0,30.0,3.0,0.0,1.0,4,4,25,1,26,1,43.25,937.5,393.0,1235.0,43.25,4.0,10.5,roster,0,124.0,100.0,2.2143,130.49,4.281,1.0,0.381,3.1,85.8,22.58,13.4,28.71,30.875
2025-10-15 13:00:00,13,46,46,1.0,8.0,32.0,5.0,0.0,1.0,10,10,27,1,28,1,44.25,914.0,309.0,1295.0,44.25,4.0,10.5,roster,0,143.0,115.0,2.9792,146.49,6.5357,1.15,0.9524,3.1087,98.67,24.31,13.4,30.11,32.375
2025-10-15 14:00:00,14,49,49,1.0,9.0,33.0,6.0,0.0,1.0,11,11,23,2,25,2,45.25,608.0,147.0,1077.0,45.25,4.0,10.5,roster,0,152.0,122.5,2.5333,158.65,7.0498,1.225,1.0476,3.102,105.1,21.71,26.8,25.04,26.925
2025-10-15 15:00:00,15,54,54,2.0,8.0,40.0,4.0,0.0,1.0,11,11,24,2,26,2,46.25,381.5,182.0,1137.0,46.25,4.0,10.5,roster,0,170.0,135.0,3.0357,171.64,7.5481,1.35,1.0476,3.1481,115.83,22.58,26.8,26.44,28.425
2025-10-15 16:00:00,16,46,46,3.0,7.0,33.0,3.0,0.0,1.0,6,6,19,3,22,3,40.517,289.0,196.0,1036.0,40.517,4.0,10.5,roster,0,148.0,115.0,2.0556,162.06,5.5385,1.15,0.5714,3.2174,98.67,19.1,40.2,24.09,25.9
2025-10-15 17:00:00,17,38,38,3.0,8.0,26.0,1.0,0.0,1.0,6,6,21,3,24,3,41.517,319.5,217.0,1096.0,41.517,4.0,10.5,roster,0,127.0,95.0,1.9844,148.03,5.0848,0.95,0.5714,3.3421,81.51,20.84,40.2,25.48,27.4
2025-10-15 18:00:00,18,39,39,2.0,8.0,27.0,2.0,0.0,1.0,6,6,23,2,25,2,42.517,372.0,250.0,732.0,42.517,4.0,10.5,roster,0,127.0,97.5,2.1167,129.18,5.0358,0.975,0.5714,3.2564,83.66,21.71,26.8,17.02,18.3
2025-10-15 19:00:00,19,46,46,2.0,12.0,31.0,1.0,0.0,1.0,11,11,23,2,25,2,43.517,432.0,310.0,792.0,43.517,4.0,10.5,roster,0,153.0,115.0,2.55,145.59,7.3095,1.15,1.0476,3.3261,98.67,21.71,26.8,18.41,19.8
2025-10-15 20:00:00,20,46,46,3.0,11.0,32.0,0.0,0.0,1.0,10,10,23,2,25,2,44.517,477.0,292.0,729.0,44.517,4.0,10.47,roster,0,155.0,115.0,2.5833,144.13,7.0933,1.15,0.9551,3.3696,98.67,21.71,26.8,16.95,18.225
2025-10-15 21:00:00,21,45,45,3.0,9.0,32.0,1.0,0.0,1.0,9,9,22,3,25,3,45.517,457.0,288.0,789.0,45.517,4.0,10.47,roster,0,149.0,112.5,2.4833,156.78,6.5712,1.125,0.8596,3.3111,96.52,21.71,40.2,18.34,19.725
2025-10-15 22:00:00,22,45,45,3.0,9.0,30.0,3.0,0.0,1.0,11,11,19,3,22,3,30.183,492.5,321.0,849.0,30.183,3.0,7.01,roster,0,147.0,112.5,2.7222,155.57,8.801,1.125,1.5692,3.2667,96.52,19.1,40.2,19.74,21.225
2025-10-15 23:00:00,23,39,39,2.0,8.0,27.0,2.0,0.0,1.0,6,6,21,2,23,2,31.183,550.0,311.0,909.0,31.183,3.0,7.01,roster,0,127.0,97.5,2.4902,131.56,5.9622,0.975,0.8559,3.2564,83.66,19.97,26.8,21.13,22.725
2025-10-16 00:00:00,0,35,35,2.0,8.0,23.0,2.0,0.0,1.0,4,4,21,2,23,2,32.183,610.0,371.0,969.0,32.183,3.0,7.01,roster,0,115.0,87.5,2.2549,124.38,4.7499,0.875,0.5706,3.2857,75.08,19.97,26.8,22.53,24.225
2025-10-16 01:00:00,1,36,36,2.0,8.0,26.0,0.0,0.0,1.0,6,6,21,2,23,2,33.183,670.0,431.0,1029.0,33.183,3.0,7.01,roster,0,120.0,90.0,2.3529,127.92,5.8531,0.9,0.8559,3.3333,77.22,19.97,26.8,23.92,25.725
2025-10-16 02:00:00,2,32,32,2.0,8.0,22.0,0.0,0.0,1.0,4,4,21,2,23,2,34.183,730.0,491.0,1089.0,34.183,3.0,7.01,roster,0,108.0,80.0,2.1176,120.73,4.6258,0.8,0.5706,3.375,68.64,19.97,26.8,25.32,27.225
2025-10-16 03:00:00,3,36,36,2.0,9.0,25.0,0.0,0.0,1.0,5,5,22,2,24,2,35.183,784.5,551.0,1149.0,35.183,3.0,7.01,roster,0,121.0,90.0,2.5208,131.57,5.4224,0.9,0.7133,3.3611,77.22,20.84,26.8,26.71,28.725
2025-10-16 04:00:00,4,33,33,2.0,9.0,22.0,0.0,0.0,1.0,1,1,23,2,25,2,36.183,839.0,573.0,1037.0,36.183,3.0,7.01,roster,0,112.0,82.5,2.4889,123.4,3.2842,0.825,0.1427,3.3939,70.78,21.71,26.8,24.11,25.925
2025-10-16 05:00:00,5,31,31,2.0,10.0,19.0,0.0,0.0,1.0,2,2,23,2,25,2,37.183,899.0,633.0,1097.0,37.183,3.0,7.01,roster,0,107.0,77.5,2.3778,120.51,3.6598,0.775,0.2853,3.4516,66.5,21.71,26.8,25.51,27.425
2025-10-16 06:00:00,6,31,31,2.0,8.0,21.0,0.0,0.0,1.0,3,3,23,2,25,2,38.183,959.0,693.0,1157.0,38.183,3.0,7.01,roster,0,105.0,77.5,2.3333,121.9,4.0745,0.775,0.428,3.3871,66.5,21.71,26.8,26.9,28.925
2025-10-16 07:00:00,7,33,33,2.0,9.0,22.0,0.0,0.0,1.0,2,2,23,2,25,2,39.183,1019.0,753.0,1217.0,39.183,3.0,7.01,roster,0,112.0,82.5,2.4889,127.59,3.7683,0.825,0.2853,3.3939,70.78,21.71,26.8,28.3,30.425
2025-10-16 08:00:00,8,34,34,2.0,11.0,21.0,0.0,0.0,1.0,4,4,23,2,25,2,40.183,1079.0,813.0,1277.0,40.183,3.0,7.03,roster,0,117.0,85.0,2.6,131.13,4.883,0.85,0.569,3.4412,72.93,21.71,26.8,29.69,31.925
2025-10-16 09:00:00,9,36,36,2.0,12.0,22.0,0.0,0.0,1.0,5,5,24,2,26,2,41.183,1073.5,850.0,1287.0,41.183,3.0,7.03,roster,0,124.0,90.0,2.9524,136.52,5.5498,0.9,0.7112,3.4444,77.22,22.58,26.8,29.92,32.175
2025-10-16 10:00:00,10,44,44,2.0,11.0,31.0,0.0,0.0,1.0,10,10,24,2,26,2,42.183,1100.0,739.0,1347.0,42.183,4.0,10.35,roster,0,147.0,110.0,2.625,155.07,6.9029,1.1,0.9662,3.3409,94.38,22.58,26.8,31.32,33.675
2025-10-16 11:00:00,11,51,51,2.0,13.0,36.0,0.0,0.0,1.0,10,10,24,2,26,2,43.183,1114.5,582.0,1407.0,43.183,4.0,10.35,roster,0,170.0,127.5,3.0357,171.48,7.4706,1.275,0.9662,3.3333,109.39,22.58,26.8,32.71,35.175
2025-10-16 12:00:00,12,46,46,0.0,13.0,33.0,0.0,0.0,1.0,4,3,25,1,26,1,44.183,1033.5,241.0,1467.0,44.183,4.0,10.35,roster,0,151.0,115.0,2.6964,148.75,4.7265,1.15,0.2899,3.2826,98.67,22.58,13.4,34.11,36.675
2025-10-16 13:00:00,13,50,50,0.0,14.0,35.0,1.0,0.0,1.0,13,13,24,0,24,0,40.95,911.5,269.0,1390.0,40.95,4.0,10.35,roster,0,163.0,125.0,2.5469,140.41,8.1697,1.25,1.256,3.26,107.25,20.84,0.0,32.32,34.75
2025-10-16 14:00:00,14,50,50,1.0,13.0,35.0,1.0,0.0,1.0,8,8,23,0,23,0,41.95,367.0,216.0,1281.0,41.95,4.0,10.35,roster,0,164.0,125.0,2.4118,137.0,6.6353,1.25,0.7729,3.28,107.25,19.97,0.0,29.78,32.025
2025-10-16 15:00:00,15,55,55,1.0,12.0,39.0,3.0,0.0,1.0,16,16,18,0,18,0,27.45,349.0,245.0,1217.0,27.45,4.0,10.35,roster,0,176.0,137.5,2.0,141.9,9.3469,1.375,1.5459,3.2,117.98,15.63,0.0,28.3,30.425
2025-10-16 16:00:00,16,46,46,2.0,11.0,30.0,3.0,0.0,1.0,7,6,19,0,19,0,28.117,258.0,104.0,487.0,28.117,4.0,10.35,roster,0,150.0,115.0,1.7857,106.49,5.6404,1.15,0.5797,3.2609,98.67,16.5,0.0,11.32,12.175
2025-10-16 17:00:00,17,48,48,2.0,11.0,32.0,3.0,0.0,1.0,7,7,19,1,20,1,29.117,306.5,164.0,547.0,29.117,4.0,10.35,roster,0,156.0,120.0,1.95,126.44,6.0981,1.2,0.6763,3.25,102.96,17.37,13.4,12.72,13.675
2025-10-16 18:00:00,18,48,48,2.0,11.0,33.0,2.0,0.0,1.0,8,9,21,1,22,1,30.117,324.0,194.0,481.0,30.117,4.0,10.35,roster,0,157.0,120.0,2.1806,126.65,6.7692,1.2,0.8696,3.2708,102.96,19.1,13.4,11.18,12.025
2025-10-16 19:00:00,19,34,34,1.0,11.0,19.0,2.0,1.0,1.0,4,4,17,2,19,2,21.067,391.0,254.0,541.0,21.067,4.0,10.35,roster,0,111.0,85.0,1.3214,108.81,4.0367,0.85,0.3865,3.2647,72.93,16.5,26.8,12.58,13.525
2025-10-16 20:00:00,20,37,37,1.0,11.0,23.0,2.0,0.0,1.0,8,7,17,2,19,2,22.067,451.0,305.0,601.0,22.067,4.0,9.67,roster,0,122.0,92.5,1.4524,116.64,5.4369,0.925,0.7239,3.2973,79.36,16.5,26.8,13.97,15.025
2025-10-16 21:00:00,21,37,37,0.0,8.0,25.0,4.0,0.0,1.0,8,8,17,0,17,0,18.017,511.0,374.0,636.0,18.017,4.0,9.67,roster,0,115.0,92.5,1.25,88.91,5.4463,0.925,0.8273,3.1081,79.36,14.76,0.0,14.79,15.9
2025-10-16 22:00:00,22,37,37,0.0,8.0,27.0,2.0,0.0,1.0,8,6,19,0,19,0,19.017,479.0,332.0,696.0,19.017,3.0,6.35,roster,0,117.0,92.5,1.8571,92.04,5.9129,0.925,0.9449,3.1622,79.36,16.5,0.0,16.18,17.4
2025-10-16 23:00:00,23,38,38,0.0,9.0,28.0,1.0,0.0,1.0,11,10,17,0,17,0,15.117,524.0,392.0,678.0,15.117,3.0,6.35,roster,0,122.0,95.0,1.7681,92.03,8.1059,0.95,1.5748,3.2105,81.51,14.76,0.0,15.76,16.95
2025-10-17 00:00:00,0,38,38,0.0,8.0,29.0,1.0,0.0,1.0,6,5,17,1,18,1,15.483,564.5,250.0,715.0,15.483,3.0,6.35,roster,0,121.0,95.0,1.8333,107.16,5.5323,0.95,0.7874,3.1842,81.51,15.63,13.4,16.62,17.875
2025-10-17 01:00:00,1,43,43,1.0,9.0,26.0,7.0,0.0,1.0,13,13,19,1,20,1,16.483,609.5,299.0,775.0,16.483,3.0,6.35,roster,0,133.0,107.5,2.2167,121.02,9.6572,1.075,2.0472,3.093,92.24,17.37,13.4,18.02,19.375
2025-10-17 02:00:00,2,35,35,1.0,8.0,23.0,3.0,0.0,1.0,2,3,20,1,21,1,17.483,665.0,313.0,811.0,17.483,3.0,6.35,roster,0,112.0,87.5,1.9649,105.57,4.3118,0.875,0.4724,3.2,75.08,18.23,13.4,18.86,20.275
2025-10-17 03:00:00,3,34,34,0.0,9.0,22.0,3.0,0.0,1.0,7,6,19,1,20,1,18.483,729.5,373.0,895.0,18.483,3.0,6.35,roster,0,108.0,85.0,1.8,104.5,5.7014,0.85,0.9449,3.1765,72.93,17.37,13.4,20.81,22.375
2025-10-17 04:00:00,4,28,28,0.0,9.0,19.0,0.0,0.0,1.0,0,0,20,1,21,1,19.483,785.0,337.0,931.0,19.483,3.0,6.35,roster,0,93.0,70.0,1.6316,93.34,2.325,0.7,0.0,3.3214,60.06,18.23,13.4,21.65,23.275
2025-10-17 05:00:00,5,28,28,0.0,9.0,18.0,1.0,0.0,1.0,1,1,20,1,21,1,20.483,845.0,397.0,991.0,20.483,3.0,6.35,roster,0,92.0,70.0,1.614,94.74,2.8174,0.7,0.1575,3.2857,60.06,18.23,13.4,23.04,24.775
2025-10-17 06:00:00,6,27,27,0.0,10.0,17.0,0.0,0.0,1.0,1,1,20,1,21,1,21.483,905.0,457.0,1051.0,21.483,3.0,6.35,roster,0,91.0,67.5,1.5965,93.99,2.8058,0.675,0.1575,3.3704,57.92,18.23,13.4,24.44,26.275
2025-10-17 07:00:00,7,27,27,0.0,10.0,17.0,0.0,0.0,1.0,1,1,20,2,22,2,22.483,918.5,479.0,1111.0,22.483,3.0,6.35,roster,0,91.0,67.5,1.6852,109.65,2.8058,0.675,0.1575,3.3704,57.92,19.1,26.8,25.83,27.775
2025-10-17 08:00:00,8,30,30,0.0,10.0,20.0,0.0,0.0,1.0,6,5,19,2,21,2,23.483,1025.0,577.0,1171.0,23.483,3.0,7.21,roster,0,100.0,75.0,1.7544,116.61,4.8116,0.75,0.6935,3.3333,64.35,18.23,26.8,27.23,29.275
2025-10-17 09:00:00,9,30,30,1.0,9.0,20.0,0.0,0.0,1.0,8,7,17,1,18,1,24.483,1038.5,637.0,1255.0,24.483,3.0,7.21,roster,0,101.0,75.0,1.5303,102.56,5.7936,0.75,0.9709,3.3667,64.35,15.63,13.4,29.18,31.375
2025-10-17 10:00:00,10,35,35,1.0,9.0,22.0,3.0,0.0,1.0,9,10,15,2,17,2,25.483,1052.0,697.0,1199.0,25.483,4.0,10.46,roster,0,113.0,87.5,1.2283,124.51,5.9116,0.875,0.956,3.2286,75.08,14.76,26.8,27.88,29.975
2025-10-17 11:00:00,11,35,35,1.0,8.0,25.0,1.0,0.0,1.0,10,10,12,2,14,2,26.483,1005.5,607.0,1259.0,26.483,4.0,10.46,roster,0,114.0,87.5,1.0962,123.3,5.9639,0.875,0.956,3.2571,75.08,12.16,26.8,29.27,31.475
2025-10-17 12:00:00,12,39,39,1.0,8.0,26.0,4.0,0.0,1.0,11,12,13,2,15,2,27.483,817.0,172.0,1304.0,27.483,4.0,10.46,roster,0,123.0,97.5,1.23,133.8,6.6932,0.975,1.1472,3.1538,83.66,13.02,26.8,30.32,32.6
2025-10-17 13:00:00,13,37,37,0.0,7.0,24.0,4.0,2.0,1.0,7,8,12,1,13,1,25.3,839.0,137.0,1232.0,25.3,4.0,10.46,roster,0,110.0,92.5,1.0185,112.7,5.0238,0.925,0.7648,2.973,79.36,11.29,13.4,28.64,30.8
2025-10-17 14:00:00,14,29,29,0.0,7.0,19.0,1.0,2.0,1.0,4,4,9,1,10,1,24.983,511.0,191.0,937.0,21.533,4.0,10.46,roster,0,89.0,72.5,0.7417,86.07,3.3986,0.725,0.3824,3.069,62.2,8.68,13.4,21.79,23.425
2025-10-17 15:00:00,15,21,21,0.0,6.0,12.0,1.0,2.0,1.0,3,3,7,2,9,2,25.983,251.0,214.0,295.0,16.617,4.0,10.46,roster,0,64.0,52.5,0.5161,66.52,2.4741,0.525,0.2868,3.0476,45.04,7.81,26.8,6.86,7.375
2025-10-17 16:00:00,16,22,22,0.0,4.0,16.0,1.0,1.0,1.0,8,8,3,1,4,1,26.983,333.0,311.0,907.0,15.117,4.0,10.46,roster,0,67.0,55.0,0.4653,65.15,4.0042,0.55,0.7648,3.0455,47.19,3.47,13.4,21.09,22.675
2025-10-17 17:00:00,17,29,29,0.0,7.0,19.0,2.0,1.0,1.0,14,14,6,1,7,1,16.117,194.0,71.0,415.0,16.117,4.0,10.46,roster,0,90.0,72.5,0.6818,71.33,6.4038,0.725,1.3384,3.1034,62.2,6.08,13.4,9.65,10.375
2025-10-17 18:00:00,18,30,30,0.0,9.0,18.0,2.0,1.0,1.0,8,8,7,1,8,1,17.117,148.5,120.0,475.0,17.117,4.0,10.46,roster,0,95.0,75.0,0.7422,75.74,4.7969,0.75,0.7648,3.1667,64.35,6.95,13.4,11.04,11.875
2025-10-17 19:00:00,19,31,31,0.0,11.0,17.0,2.0,1.0,1.0,8,7,8,1,9,1,18.117,180.0,125.0,226.0,18.117,4.0,10.46,roster,0,100.0,77.5,0.8065,72.96,4.6588,0.775,0.6692,3.2258,66.5,7.81,13.4,5.25,5.65
2025-10-17 20:00:00,20,30,30,0.0,10.0,18.0,1.0,1.0,1.0,9,8,7,1,8,1,9.817,205.0,174.0,251.0,9.183,4.0,12.65,roster,0,97.0,75.0,0.7578,70.53,4.4698,0.75,0.6324,3.2333,64.35,6.95,13.4,5.84,6.275
2025-10-17 21:00:00,21,31,31,0.0,8.0,20.0,2.0,1.0,1.0,9,8,7,1,8,1,10.817,239.5,228.0,300.0,5.183,4.0,12.65,roster,0,97.0,77.5,0.7578,73.82,4.4038,0.775,0.6324,3.129,66.5,6.95,13.4,6.98,7.5
2025-10-17 22:00:00,22,25,25,0.0,7.0,15.0,2.0,1.0,1.0,6,5,6,1,7,1,11.817,288.0,137.0,305.0,6.0,3.0,9.4,roster,0,78.0,62.5,0.7879,60.19,3.6096,0.625,0.5319,3.12,53.62,6.08,13.4,7.09,7.625
2025-10-17 23:00:00,23,23,23,0.0,2.0,20.0,1.0,0.0,1.0,8,8,4,1,5,1,12.817,348.0,251.0,354.0,7.0,3.0,9.4,roster,0,70.0,57.5,0.6667,55.31,4.3402,0.575,0.8511,3.0435,49.33,4.34,13.4,8.23,8.85
2025-10-18 00:00:00,0,23,23,0.0,2.0,21.0,0.0,0.0,1.0,11,11,4,0,4,0,8.0,411.0,408.0,480.0,8.0,3.0,9.4,roster,0,71.0,57.5,0.6574,43.97,5.3874,0.575,1.1702,3.087,49.33,3.47,0.0,11.16,12.0
2025-10-18 01:00:00,1,16,16,0.0,3.0,13.0,0.0,0.0,1.0,5,4,5,0,5,0,9.0,468.0,317.0,474.0,9.0,3.0,9.4,roster,0,51.0,40.0,0.4857,29.68,2.6314,0.4,0.4255,3.1875,34.32,4.34,0.0,11.02,11.85
2025-10-18 02:00:00,2,17,17,0.0,3.0,14.0,0.0,0.0,1.0,7,6,5,0,5,0,10.0,528.0,377.0,534.0,10.0,3.0,9.4,roster,0,54.0,42.5,0.5143,33.22,3.3775,0.425,0.6383,3.1765,36.46,4.34,0.0,12.42,13.35
2025-10-18 03:00:00,3,14,14,0.0,3.0,11.0,0.0,0.0,1.0,2,2,6,0,6,0,11.0,512.5,189.0,594.0,11.0,3.0,9.4,roster,0,45.0,35.0,0.4412,29.05,1.8089,0.35,0.2128,3.2143,30.03,5.21,0.0,13.81,14.85
2025-10-18 04:00:00,4,10,10,0.0,2.0,8.0,0.0,0.0,1.0,2,2,6,0,6,0,12.0,572.5,249.0,654.0,12.0,3.0,9.4,roster,0,32.0,25.0,0.3137,21.87,1.4809,0.25,0.2128,3.2,21.45,5.21,0.0,15.21,16.35
2025-10-18 05:00:00,5,10,10,0.0,2.0,8.0,0.0,0.0,1.0,1,0,6,0,6,0,13.0,632.5,309.0,714.0,13.0,3.0,9.4,roster,0,32.0,25.0,0.3137,23.26,0.8,0.25,0.0,3.2,21.45,5.21,0.0,16.6,17.85
2025-10-18 06:00:00,6,12,12,0.0,2.0,10.0,0.0,0.0,1.0,5,4,5,0,5,0,14.0,768.0,617.0,774.0,14.0,3.0,9.4,roster,0,38.0,30.0,0.3619,28.08,2.2975,0.3,0.4255,3.1667,25.74,4.34,0.0,18.0,19.35
2025-10-18 07:00:00,7,10,10,0.0,3.0,7.0,0.0,0.0,1.0,1,1,5,0,5,0,15.0,828.0,677.0,834.0,15.0,3.0,9.4,roster,0,33.0,25.0,0.3143,25.18,1.1761,0.25,0.1064,3.3,21.45,4.34,0.0,19.39,20.85
2025-10-18 08:00:00,8,12,12,0.0,2.0,9.0,0.0,1.0,1.0,5,5,5,0,5,0,16.0,888.0,737.0,894.0,16.0,3.0,7.64,roster,0,36.0,30.0,0.3429,30.87,2.8634,0.3,0.6545,3.0,25.74,4.34,0.0,20.79,22.35
2025-10-18 09:00:00,9,16,16,0.0,5.0,10.0,1.0,0.0,1.0,8,8,4,0,4,0,17.0,951.0,948.0,1020.0,17.0,3.0,7.64,roster,0,52.0,40.0,0.4815,41.51,4.7031,0.4,1.0471,3.25,34.32,3.47,0.0,23.72,25.5
2025-10-18 10:00:00,10,22,22,0.0,7.0,14.0,1.0,0.0,1.0,9,9,5,0,5,0,18.0,1008.0,143.0,1014.0,18.0,4.0,11.34,roster,0,72.0,55.0,0.5143,55.11,4.3974,0.55,0.7937,3.2727,47.19,4.34,0.0,23.58,25.35
2025-10-18 11:00:00,11,22,22,0.0,8.0,13.0,1.0,0.0,1.0,9,8,8,0,8,0,19.0,135.0,115.0,1068.0,19.0,4.0,11.34,roster,0,73.0,55.0,0.5703,58.97,4.1659,0.55,0.7055,3.3182,47.19,6.95,0.0,24.83,26.7
2025-10-18 12:00:00,12,18,18,1.0,7.0,9.0,1.0,0.0,1.0,9,7,5,0,5,0,18.8,141.0,138.0,212.0,18.8,4.0,11.34,roster,0,62.0,45.0,0.4429,27.88,3.6762,0.45,0.6173,3.4444,38.61,4.34,0.0,4.93,5.3
2025-10-18 13:00:00,13,16,16,1.0,5.0,9.0,1.0,0.0,1.0,6,5,5,0,5,0,19.8,201.0,122.0,272.0,19.8,4.0,11.34,roster,0,54.0,40.0,0.3857,24.99,2.8381,0.4,0.4409,3.375,34.32,4.34,0.0,6.32,6.8
2025-10-18 14:00:00,14,13,13,0.0,4.0,8.0,1.0,0.0,1.0,6,5,3,0,3,0,5.6,98.0,71.0,261.0,4.35,4.0,11.34,roster,0,42.0,32.5,0.2838,16.56,2.4745,0.325,0.4409,3.2308,27.88,2.6,0.0,6.07,6.525
2025-10-18 15:00:00,15,10,10,0.0,2.0,7.0,1.0,0.0,1.0,8,5,1,0,1,0,6.6,77.0,77.0,77.0,1.283,4.0,11.34,roster,0,31.0,25.0,0.1987,4.11,2.1418,0.25,0.4409,3.1,21.45,0.87,0.0,1.79,1.925
2025-10-18 16:00:00,16,12,12,0.0,3.0,9.0,0.0,0.0,1.0,4,4,2,0,2,0,2.483,123.5,110.0,137.0,2.283,4.0,11.34,roster,0,39.0,30.0,0.2566,10.66,2.1214,0.3,0.3527,3.25,25.74,1.74,0.0,3.19,3.425
2025-10-18 17:00:00,17,16,16,0.0,4.0,10.0,2.0,0.0,1.0,10,9,2,0,2,0,3.483,183.5,170.0,197.0,3.283,4.0,11.34,roster,0,50.0,40.0,0.3289,20.64,3.7302,0.4,0.7937,3.125,34.32,1.74,0.0,4.58,4.925
2025-10-18 18:00:00,18,20,20,1.0,4.0,12.0,3.0,0.0,1.0,11,9,5,0,5,0,4.283,112.0,79.0,230.0,4.283,4.0,11.34,roster,0,63.0,50.0,0.45,32.59,4.075,0.5,0.7937,3.15,42.9,4.34,0.0,5.35,5.75
2025-10-18 19:00:00,19,24,24,1.0,5.0,14.0,4.0,0.0,1.0,8,7,7,0,7,0,5.283,139.0,115.0,290.0,5.283,4.0,11.34,roster,0,75.0,60.0,0.5682,44.3,3.804,0.6,0.6173,3.125,51.48,6.08,0.0,6.74,7.25
2025-10-18 20:00:00,20,26,26,1.0,6.0,16.0,3.0,0.0,1.0,9,9,6,0,6,0,6.283,215.5,181.0,350.0,6.283,4.0,12.14,roster,0,83.0,65.0,0.6103,49.12,4.4416,0.65,0.7414,3.1923,55.77,5.21,0.0,8.14,8.75
2025-10-18 21:00:00,21,29,29,1.0,6.0,21.0,1.0,0.0,1.0,11,9,11,0,11,0,7.283,201.0,103.0,292.0,7.283,4.0,12.14,roster,0,94.0,72.5,0.8103,58.55,4.753,0.725,0.7414,3.2414,62.2,9.55,0.0,6.79,7.3
2025-10-18 22:00:00,22,30,30,1.0,3.0,24.0,2.0,0.0,1.0,16,14,6,0,6,0,7.733,213.5,149.0,319.0,5.867,3.0,8.44,roster,0,93.0,75.0,0.9118,56.98,7.4672,0.75,1.6588,3.1,64.35,5.21,0.0,7.42,7.975
2025-10-18 23:00:00,23,18,18,0.0,2.0,14.0,2.0,0.0,1.0,6,4,2,0,2,0,7.633,217.5,209.0,226.0,3.767,3.0,8.44,roster,0,54.0,45.0,0.4737,25.6,2.7718,0.45,0.4739,3.0,38.61,1.74,0.0,5.25,5.65
2025-10-19 00:00:00,0,24,24,0.0,2.0,20.0,2.0,0.0,1.0,11,11,4,0,4,0,8.633,192.5,116.0,286.0,4.767,3.0,8.44,roster,0,72.0,60.0,0.6667,41.6,5.71,0.6,1.3033,3.0,51.48,3.47,0.0,6.65,7.15
2025-10-19 01:00:00,1,24,24,0.0,2.0,20.0,2.0,0.0,1.0,6,5,7,0,7,0,9.633,124.0,74.0,329.0,5.767,3.0,8.44,roster,0,72.0,60.0,0.7273,45.21,3.5773,0.6,0.5924,3.0,51.48,6.08,0.0,7.65,8.225
2025-10-19 02:00:00,2,24,24,0.0,2.0,20.0,2.0,0.0,1.0,6,6,7,0,7,0,10.633,184.0,134.0,389.0,6.767,3.0,8.44,roster,0,72.0,60.0,0.7273,46.6,3.9327,0.6,0.7109,3.0,51.48,6.08,0.0,9.04,9.725
2025-10-19 03:00:00,3,20,20,0.0,3.0,15.0,2.0,0.0,1.0,2,2,7,0,7,0,11.633,244.0,194.0,449.0,7.767,3.0,8.44,roster,0,61.0,50.0,0.6162,39.42,2.2477,0.5,0.237,3.05,42.9,6.08,0.0,10.44,11.225
2025-10-19 04:00:00,4,18,18,0.0,3.0,14.0,1.0,0.0,1.0,1,1,7,0,7,0,12.633,304.0,254.0,509.0,8.767,3.0,8.44,roster,0,56.0,45.0,0.5657,36.52,1.7686,0.45,0.1185,3.1111,38.61,6.08,0.0,11.83,12.725
2025-10-19 05:00:00,5,17,17,0.0,3.0,12.0,2.0,0.0,1.0,1,1,7,0,7,0,13.633,364.0,314.0,569.0,9.767,3.0,8.44,roster,0,52.0,42.5,0.5253,35.77,1.6624,0.425,0.1185,3.0588,36.46,6.08,0.0,13.23,14.225
2025-10-19 06:00:00,6,21,21,0.0,3.0,15.0,3.0,0.0,1.0,4,4,7,0,7,0,14.633,424.0,374.0,629.0,10.767,3.0,8.44,roster,0,63.0,52.5,0.6364,45.75,2.9968,0.525,0.4739,3.0,45.04,6.08,0.0,14.62,15.725
2025-10-19 07:00:00,7,22,22,0.0,3.0,18.0,1.0,0.0,1.0,5,5,7,0,7,0,15.633,484.0,434.0,689.0,11.767,3.0,8.44,roster,0,68.0,55.0,0.6869,49.29,3.5311,0.55,0.5924,3.0909,47.19,6.08,0.0,16.02,17.225
2025-10-19 08:00:00,8,18,18,0.0,3.0,14.0,1.0,0.0,1.0,3,4,7,0,7,0,16.633,544.0,494.0,749.0,12.767,3.0,7.1,roster,0,56.0,45.0,0.5657,42.1,3.1527,0.45,0.5634,3.1111,38.61,6.08,0.0,17.41,18.725
2025-10-19 09:00:00,9,19,19,0.0,3.0,15.0,1.0,0.0,1.0,6,4,8,0,8,0,16.917,599.5,554.0,809.0,13.767,3.0,7.1,roster,0,59.0,47.5,0.6146,46.51,3.2244,0.475,0.5634,3.1053,40.75,6.95,0.0,18.81,20.225
2025-10-19 10:00:00,10,19,19,0.0,2.0,16.0,1.0,0.0,1.0,6,5,7,0,7,0,16.05,614.0,172.0,869.0,14.767,4.0,10.97,roster,0,58.0,47.5,0.4394,47.04,2.8414,0.475,0.4558,3.0526,40.75,6.08,0.0,20.2,21.725
2025-10-19 11:00:00,11,26,26,0.0,3.0,22.0,1.0,0.0,1.0,11,10,8,0,8,0,17.05,672.0,168.0,929.0,15.767,4.0,10.97,roster,0,80.0,65.0,0.625,64.32,4.8049,0.65,0.9116,3.0769,55.77,6.95,0.0,21.6,23.225
2025-10-19 12:00:00,12,22,22,0.0,2.0,19.0,1.0,0.0,1.0,8,8,5,0,5,0,18.05,228.0,129.0,734.0,16.767,4.0,10.97,roster,0,67.0,55.0,0.4786,48.6,3.8959,0.55,0.7293,3.0455,47.19,4.34,0.0,17.07,18.35
2025-10-19 13:00:00,13,25,25,0.0,3.0,21.0,1.0,0.0,1.0,7,7,8,0,8,0,19.05,179.5,105.0,794.0,17.767,4.0,10.97,roster,0,77.0,62.5,0.6016,59.03,3.8904,0.625,0.6381,3.08,53.62,6.95,0.0,18.46,19.85
2025-10-19 14:00:00,14,28,28,0.0,4.0,19.0,5.0,0.0,1.0,16,15,4,0,4,0,20.05,195.5,142.0,854.0,14.233,4.0,10.97,roster,0,83.0,70.0,0.5764,63.39,6.1283,0.7,1.3674,2.9643,60.06,3.47,0.0,19.86,21.35
2025-10-19 15:00:00,15,32,32,1.0,7.0,19.0,5.0,0.0,1.0,17,16,3,0,3,0,21.05,173.0,111.0,914.0,15.233,4.0,10.97,roster,0,100.0,80.0,0.6757,72.5,7.0579,0.8,1.4585,3.125,68.64,2.6,0.0,21.25,22.85
2025-10-19 16:00:00,16,31,31,1.0,7.0,22.0,1.0,0.0,1.0,14,12,3,0,3,0,22.05,233.0,91.0,974.0,16.233,4.0,10.97,roster,0,101.0,77.5,0.6824,71.75,6.089,0.775,1.0939,3.2581,66.5,2.6,0.0,22.65,24.35
2025-10-19 17:00:00,17,24,24,0.0,6.0,14.0,4.0,0.0,1.0,5,4,4,0,4,0,23.05,222.0,151.0,1034.0,17.233,4.0,10.97,roster,0,74.0,60.0,0.5139,58.99,2.9743,0.6,0.3646,3.0833,51.48,3.47,0.0,24.04,25.85
2025-10-19 18:00:00,18,24,24,0.0,5.0,15.0,4.0,0.0,1.0,10,11,4,0,4,0,24.05,282.0,211.0,1094.0,18.233,4.0,10.97,roster,0,73.0,60.0,0.5069,60.39,4.875,0.6,1.0027,3.0417,51.48,3.47,0.0,25.44,27.35
2025-10-19 19:00:00,19,23,23,0.0,7.0,14.0,2.0,0.0,1.0,10,9,3,0,3,0,25.05,413.0,271.0,1154.0,19.233,4.0,10.97,roster,0,74.0,57.5,0.5,58.77,4.4896,0.575,0.8204,3.2174,49.33,2.6,0.0,26.83,28.85
2025-10-19 20:00:00,20,17,17,0.0,6.0,10.0,1.0,0.0,1.0,9,6,3,1,4,1,26.05,402.0,331.0,1214.0,20.233,4.0,11.1,roster,0,56.0,42.5,0.3889,61.56,3.1806,0.425,0.5405,3.2941,36.46,3.47,13.4,28.23,30.35
2025-10-19 21:00:00,21,24,24,0.0,9.0,13.0,2.0,0.0,1.0,14,13,4,0,4,0,27.05,462.0,391.0,1274.0,21.233,4.0,11.1,roster,0,79.0,60.0,0.5486,64.57,5.8301,0.6,1.1712,3.2917,51.48,3.47,0.0,29.62,31.85
2025-10-19 22:00:00,22,23,23,0.0,7.0,14.0,2.0,0.0,1.0,9,8,7,0,7,0,28.05,120.0,81.0,593.0,22.233,3.0,7.23,roster,0,74.0,57.5,0.7475,49.2,5.41,0.575,1.1065,3.2174,49.33,6.08,0.0,13.79,14.825
2025-10-19 23:00:00,23,21,21,0.0,8.0,12.0,1.0,0.0,1.0,5,4,8,0,8,0,29.05,162.0,130.0,653.0,23.233,3.0,7.23,roster,0,70.0,52.5,0.7292,47.17,3.5942,0.525,0.5533,3.3333,45.04,6.95,0.0,15.18,16.325
2025-10-20 00:00:00,0,19,19,0.0,6.0,10.0,3.0,0.0,1.0,9,6,8,0,8,0,30.05,222.0,190.0,713.0,24.233,3.0,7.23,roster,0,60.0,47.5,0.625,44.28,4.1207,0.475,0.8299,3.1579,40.75,6.95,0.0,16.58,17.825
2025-10-20 01:00:00,1,19,19,0.0,6.0,11.0,2.0,0.0,1.0,6,5,8,0,8,0,31.05,282.0,250.0,773.0,25.233,3.0,7.23,roster,0,61.0,47.5,0.6354,45.67,3.7453,0.475,0.6916,3.2105,40.75,6.95,0.0,17.97,19.325
2025-10-20 02:00:00,2,13,13,0.0,5.0,6.0,2.0,0.0,1.0,2,0,8,0,8,0,32.05,342.0,310.0,833.0,26.233,3.0,7.23,roster,0,42.0,32.5,0.4375,34.2,1.05,0.325,0.0,3.2308,27.88,6.95,0.0,19.37,20.825
2025-10-20 03:00:00,3,13,13,0.0,5.0,7.0,1.0,0.0,1.0,1,1,8,0,8,0,33.05,402.0,370.0,893.0,27.233,3.0,7.23,roster,0,43.0,32.5,0.4479,35.59,1.5325,0.325,0.1383,3.3077,27.88,6.95,0.0,20.76,22.325
2025-10-20 04:00:00,4,15,15,0.0,5.0,9.0,1.0,0.0,1.0,2,2,9,0,9,0,34.05,444.0,377.0,811.0,28.233,3.0,7.23,roster,0,49.0,37.5,0.5269,38.85,2.1286,0.375,0.2766,3.2667,32.17,7.81,0.0,18.86,20.275
2025-10-20 05:00:00,5,15,15,0.0,5.0,9.0,1.0,0.0,1.0,1,0,9,0,9,0,35.05,504.0,437.0,871.0,29.233,3.0,7.23,roster,0,49.0,37.5,0.5269,40.24,1.225,0.375,0.0,3.2667,32.17,7.81,0.0,20.25,21.775
2025-10-20 06:00:00,6,17,17,1.0,5.0,9.0,2.0,0.0,1.0,4,4,8,0,8,0,36.05,582.0,550.0,1073.0,30.233,3.0,7.23,roster,0,56.0,42.5,0.5833,48.36,3.2225,0.425,0.5533,3.2941,36.46,6.95,0.0,24.95,26.825
2025-10-20 07:00:00,7,15,15,1.0,4.0,9.0,1.0,0.0,1.0,1,1,8,1,9,1,37.05,624.0,557.0,991.0,31.233,3.0,7.23,roster,0,50.0,37.5,0.5376,56.43,1.711,0.375,0.1383,3.3333,32.17,7.81,13.4,23.04,24.775
2025-10-20 08:00:00,8,21,21,1.0,5.0,14.0,1.0,0.0,1.0,8,8,8,1,9,1,38.05,684.0,617.0,1051.0,32.233,3.0,6.59,roster,0,69.0,52.5,0.7419,70.7,5.7137,0.525,1.214,3.2857,45.04,7.81,13.4,24.44,26.275
2025-10-20 09:00:00,9,24,24,0.0,6.0,17.0,1.0,0.0,1.0,6,5,9,0,9,0,39.05,744.0,677.0,1111.0,33.233,3.0,6.59,roster,0,77.0,60.0,0.828,65.13,4.3592,0.6,0.7587,3.2083,51.48,7.81,0.0,25.83,27.775
2025-10-20 10:00:00,10,24,24,0.0,6.0,17.0,1.0,0.0,1.0,7,7,9,1,10,1,40.05,763.5,124.0,840.0,34.233,4.0,10.29,roster,0,77.0,60.0,0.6417,73.09,4.1075,0.6,0.6803,3.2083,51.48,8.68,13.4,19.53,21.0
2025-10-20 11:00:00,11,27,27,1.0,7.0,18.0,1.0,0.0,1.0,10,9,9,1,10,1,41.05,793.0,158.0,864.0,35.233,4.0,10.29,roster,0,89.0,67.5,0.7417,80.09,5.1081,0.675,0.8746,3.2963,57.92,8.68,13.4,20.09,21.6
2025-10-20 12:00:00,12,26,26,1.0,6.0,18.0,1.0,0.0,1.0,9,7,8,1,9,1,42.05,201.0,103.0,244.0,36.233,4.0,10.29,roster,0,85.0,65.0,0.6855,62.66,4.349,0.65,0.6803,3.2692,55.77,7.81,13.4,5.67,6.1
2025-10-20 13:00:00,13,27,27,1.0,6.0,19.0,1.0,0.0,1.0,6,6,8,1,9,1,43.05,261.0,158.0,304.0,37.233,4.0,10.29,roster,0,88.0,67.5,0.7097,66.2,4.1004,0.675,0.5831,3.2593,57.92,7.81,13.4,7.07,7.6
2025-10-20 14:00:00,14,25,25,1.0,4.0,18.0,2.0,0.0,1.0,11,10,8,1,9,1,44.05,130.0,87.0,218.0,5.633,4.0,10.29,roster,0,79.0,62.5,0.6371,59.91,5.0459,0.625,0.9718,3.16,53.62,7.81,13.4,5.07,5.45
2025-10-20 15:00:00,15,27,27,1.0,3.0,20.0,3.0,0.0,1.0,6,6,9,1,10,1,45.05,157.0,121.0,278.0,6.633,4.0,10.29,roster,0,83.0,67.5,0.6917,66.46,3.8675,0.675,0.5831,3.0741,57.92,8.68,13.4,6.46,6.95
2025-10-20 16:00:00,16,27,27,0.0,1.0,23.0,3.0,0.0,1.0,8,8,8,1,9,1,46.05,185.0,124.0,227.0,7.633,4.0,10.29,roster,0,79.0,67.5,0.6371,64.41,4.2498,0.675,0.7775,2.9259,57.92,7.81,13.4,5.28,5.675
2025-10-20 17:00:00,17,29,29,1.0,2.0,23.0,3.0,0.0,1.0,8,6,12,1,13,1,47.05,184.0,111.0,267.0,8.633,4.0,10.29,roster,0,88.0,72.5,0.8148,73.1,3.9694,0.725,0.5831,3.0345,62.2,11.29,13.4,6.21,6.675
2025-10-20 18:00:00,18,22,22,1.0,1.0,16.0,4.0,0.0,1.0,3,3,12,1,13,1,48.05,192.0,128.0,305.0,9.633,4.0,10.29,roster,0,65.0,55.0,0.6019,58.97,2.4864,0.55,0.2915,2.9545,47.19,11.29,13.4,7.09,7.625
2025-10-20 19:00:00,19,21,21,1.0,1.0,17.0,2.0,0.0,1.0,5,5,10,0,10,0,49.05,238.5,147.0,315.0,6.783,4.0,10.29,roster,0,64.0,52.5,0.5333,41.05,3.0809,0.525,0.4859,3.0476,45.04,8.68,0.0,7.32,7.875
2025-10-20 20:00:00,20,16,16,0.0,1.0,14.0,1.0,0.0,1.0,3,3,10,0,10,0,50.05,298.5,192.0,375.0,7.783,4.0,11.58,roster,0,48.0,40.0,0.4,31.72,1.9772,0.4,0.2591,3.0,34.32,8.68,0.0,8.72,9.375
2025-10-20 21:00:00,21,14,14,0.0,1.0,11.0,2.0,0.0,1.0,4,2,9,0,9,0,51.05,322.0,249.0,372.0,8.083,4.0,11.58,roster,0,41.0,35.0,0.3306,26.49,1.5308,0.35,0.1727,2.9286,30.03,7.81,0.0,8.65,9.3
2025-10-20 22:00:00,22,16,16,0.0,2.0,12.0,2.0,0.0,1.0,7,7,8,0,8,0,52.05,393.5,312.0,484.0,9.083,3.0,7.88,roster,0,48.0,40.0,0.5,32.52,3.865,0.4,0.8883,3.0,34.32,6.95,0.0,11.25,12.1
2025-10-20 23:00:00,23,25,25,1.0,7.0,16.0,1.0,0.0,1.0,14,13,8,0,8,0,53.05,453.5,372.0,544.0,10.083,3.0,7.88,roster,0,83.0,62.5,0.8646,53.22,7.5522,0.625,1.6497,3.32,53.62,6.95,0.0,12.65,13.6
2025-10-21 00:00:00,0,28,28,1.0,6.0,20.0,1.0,0.0,1.0,10,9,10,0,10,0,54.05,467.0,327.0,552.0,11.083,3.0,7.88,roster,0,91.0,70.0,1.0111,61.58,5.9869,0.7,1.1421,3.25,60.06,8.68,0.0,12.83,13.8
2025-10-21 01:00:00,1,25,25,1.0,3.0,19.0,2.0,0.0,1.0,7,6,9,0,9,0,55.05,492.0,387.0,585.0,11.067,3.0,7.88,roster,0,78.0,62.5,0.8387,55.04,4.3256,0.625,0.7614,3.12,53.62,7.81,0.0,13.6,14.625
2025-10-21 02:00:00,2,17,17,0.0,3.0,14.0,0.0,0.0,1.0,5,3,9,0,9,0,12.067,552.0,447.0,645.0,12.067,3.0,7.88,roster,0,54.0,42.5,0.5806,39.28,2.5593,0.425,0.3807,3.1765,36.46,7.81,0.0,15.0,16.125
2025-10-21 03:00:00,3,17,17,0.0,2.0,15.0,0.0,0.0,1.0,3,4,10,0,10,0,13.067,610.5,283.0,705.0,13.067,3.0,7.88,roster,0,53.0,42.5,0.5889,41.54,2.9076,0.425,0.5076,3.1176,36.46,8.68,0.0,16.39,17.625
2025-10-21 04:00:00,4,19,19,0.0,2.0,15.0,2.0,0.0,1.0,4,3,12,0,12,0,14.067,618.0,321.0,765.0,14.067,3.0,7.88,roster,0,57.0,47.5,0.6786,48.96,2.5671,0.475,0.3807,3.0,40.75,10.42,0.0,17.79,19.125
2025-10-21 05:00:00,5,18,18,0.0,2.0,16.0,0.0,0.0,1.0,3,3,11,0,11,0,14.2,627.0,234.0,802.0,14.2,3.0,7.88,roster,0,56.0,45.0,0.6437,46.81,2.5844,0.45,0.3807,3.1111,38.61,9.55,0.0,18.65,20.05
2025-10-21 06:00:00,6,20,20,0.0,2.0,17.0,1.0,0.0,1.0,3,3,12,0,12,0,15.2,575.0,294.0,862.0,15.2,3.0,7.88,roster,0,61.0,50.0,0.7262,53.36,2.6862,0.5,0.3807,3.05,42.9,10.42,0.0,20.04,21.55
2025-10-21 07:00:00,7,20,20,0.0,2.0,18.0,0.0,0.0,1.0,2,2,13,0,13,0,16.2,523.0,292.0,852.0,16.2,3.0,7.88,roster,0,62.0,50.0,0.7654,54.0,2.3368,0.5,0.2538,3.1,42.9,11.29,0.0,19.81,21.3
2025-10-21 08:00:00,8,20,20,0.0,3.0,17.0,0.0,0.0,1.0,4,4,13,0,13,0,17.2,583.0,352.0,912.0,17.2,3.0,7.68,roster,0,63.0,50.0,0.7778,55.39,3.2156,0.5,0.5208,3.15,42.9,11.29,0.0,21.2,22.8
2025-10-21 09:00:00,9,23,23,0.0,3.0,20.0,0.0,0.0,1.0,7,6,12,0,12,0,18.2,632.0,412.0,972.0,18.2,3.0,7.68,roster,0,72.0,57.5,0.8571,62.35,4.2457,0.575,0.7812,3.1304,49.33,10.42,0.0,22.6,24.3
2025-10-21 10:00:00,10,29,29,1.0,2.0,25.0,1.0,0.0,1.0,13,12,10,0,10,0,19.2,607.5,339.0,1032.0,19.2,4.0,11.0,roster,0,90.0,72.5,0.75,74.88,5.6356,0.725,1.0909,3.1034,62.2,8.68,0.0,23.99,25.8
2025-10-21 11:00:00,11,29,29,2.0,3.0,24.0,0.0,0.0,1.0,8,8,12,0,12,0,20.2,465.5,144.0,763.0,20.2,4.0,11.0,roster,0,94.0,72.5,0.8393,70.36,4.7074,0.725,0.7273,3.2414,62.2,10.42,0.0,17.74,19.075
2025-10-21 12:00:00,12,32,32,2.0,4.0,24.0,2.0,0.0,1.0,9,9,13,1,14,1,21.2,188.0,119.0,654.0,21.2,4.0,11.0,roster,0,102.0,80.0,0.9808,89.4,5.158,0.8,0.8182,3.1875,68.64,12.16,13.4,15.21,16.35
2025-10-21 13:00:00,13,33,33,2.0,5.0,23.0,3.0,0.0,1.0,6,6,15,1,16,1,22.2,230.0,161.0,714.0,22.2,4.0,11.0,roster,0,105.0,82.5,1.0938,94.68,4.3605,0.825,0.5455,3.1818,70.78,13.89,13.4,16.6,17.85
2025-10-21 14:00:00,14,35,35,4.0,4.0,23.0,4.0,0.0,1.0,10,10,12,1,13,1,16.033,252.0,168.0,579.0,15.717,4.0,11.0,roster,0,113.0,87.5,1.0463,93.22,5.7601,0.875,0.9091,3.2286,75.08,11.29,13.4,13.46,14.475
2025-10-21 15:00:00,15,28,28,2.0,3.0,20.0,3.0,0.0,1.0,8,8,12,0,12,0,17.033,147.5,81.0,348.0,16.717,4.0,11.0,roster,0,88.0,70.0,0.7857,58.57,4.4857,0.7,0.7273,3.1429,60.06,10.42,0.0,8.09,8.7
2025-10-21 16:00:00,16,31,31,1.0,4.0,21.0,5.0,0.0,1.0,10,9,12,0,12,0,18.033,150.0,124.0,408.0,17.717,4.0,11.0,roster,0,94.0,77.5,0.8393,66.4,4.8309,0.775,0.8182,3.0323,66.5,10.42,0.0,9.49,10.2
2025-10-21 17:00:00,17,32,32,1.0,4.0,25.0,2.0,0.0,1.0,7,6,11,0,11,0,19.033,224.0,161.0,468.0,18.717,4.0,11.0,roster,0,100.0,80.0,0.8621,69.07,4.2045,0.8,0.5455,3.125,68.64,9.55,0.0,10.88,11.7
2025-10-21 18:00:00,18,24,24,1.0,6.0,17.0,0.0,0.0,1.0,5,4,11,0,11,0,19.717,244.0,148.0,492.0,19.717,4.0,11.0,roster,0,80.0,60.0,0.6897,52.47,3.2121,0.6,0.3636,3.3333,51.48,9.55,0.0,11.44,12.3
2025-10-21 19:00:00,19,25,25,2.0,6.0,17.0,0.0,0.0,1.0,6,6,12,0,12,0,14.65,277.0,151.0,457.0,14.65,4.0,11.0,roster,0,85.0,62.5,0.7589,54.67,3.9795,0.625,0.5455,3.4,53.62,10.42,0.0,10.63,11.425
2025-10-21 20:00:00,20,34,34,3.0,6.0,23.0,2.0,0.0,1.0,15,16,12,0,12,0,10.2,300.5,185.0,404.0,10.2,4.0,10.55,roster,0,112.0,85.0,1.0,72.74,7.7958,0.85,1.5166,3.2941,72.93,10.42,0.0,9.39,10.1
2025-10-21 21:00:00,21,40,40,1.0,8.0,28.0,3.0,0.0,1.0,16,16,13,0,13,0,11.2,271.0,137.0,401.0,11.2,4.0,10.55,roster,0,127.0,100.0,1.1759,86.41,7.9902,1.0,1.5166,3.175,85.8,11.29,0.0,9.32,10.025
2025-10-21 22:00:00,22,41,41,1.0,12.0,27.0,1.0,0.0,1.0,13,12,14,0,14,0,12.2,226.5,127.0,388.0,12.2,3.0,7.23,roster,0,136.0,102.5,1.7436,89.12,8.9055,1.025,1.6598,3.3171,87.94,12.16,0.0,9.02,9.7
2025-10-21 23:00:00,23,38,38,1.0,13.0,23.0,1.0,0.0,1.0,8,8,18,0,18,0,13.2,189.0,113.0,357.0,13.2,3.0,7.23,roster,0,128.0,95.0,1.9394,85.44,6.9272,0.95,1.1065,3.3684,81.51,15.63,0.0,8.3,8.925
2025-10-22 00:00:00,0,37,37,1.0,14.0,21.0,1.0,0.0,1.0,4,4,21,0,21,0,14.2,239.0,160.0,376.0,14.2,3.0,7.23,roster,0,126.0,92.5,2.2105,86.34,5.034,0.925,0.5533,3.4054,79.36,18.23,0.0,8.74,9.4
2025-10-22 01:00:00,1,30,30,1.0,11.0,18.0,0.0,0.0,1.0,2,1,21,0,21,0,15.2,299.0,220.0,436.0,15.2,3.0,7.23,roster,0,103.0,75.0,1.807,72.72,3.0499,0.75,0.1383,3.4333,64.35,18.23,0.0,10.14,10.9
2025-10-22 02:00:00,2,30,30,1.0,12.0,17.0,0.0,0.0,1.0,3,3,20,0,20,0,16.2,363.0,282.0,537.0,16.2,3.0,7.23,roster,0,104.0,75.0,1.7333,74.2,4.0385,0.75,0.4149,3.4667,64.35,17.37,0.0,12.49,13.425
2025-10-22 03:00:00,3,30,30,1.0,12.0,17.0,0.0,0.0,1.0,0,0,20,0,20,0,17.2,423.0,342.0,597.0,17.2,3.0,7.23,roster,0,104.0,75.0,1.7333,75.6,2.6,0.75,0.0,3.4667,64.35,17.37,0.0,13.88,14.925
2025-10-22 04:00:00,4,29,29,2.0,12.0,15.0,0.0,0.0,1.0,1,1,20,0,20,0,18.2,483.0,402.0,657.0,18.2,3.0,7.23,roster,0,103.0,72.5,1.7167,74.85,3.0662,0.725,0.1383,3.5517,62.2,17.37,0.0,15.28,16.425
2025-10-22 05:00:00,5,29,29,1.0,12.0,16.0,0.0,0.0,1.0,3,1,20,0,20,0,19.2,543.0,462.0,717.0,19.2,3.0,7.23,roster,0,101.0,72.5,1.6833,76.24,3.0067,0.725,0.1383,3.4828,62.2,17.37,0.0,16.67,17.925
2025-10-22 06:00:00,6,32,32,1.0,13.0,18.0,0.0,0.0,1.0,4,4,20,0,20,0,20.2,603.0,522.0,777.0,20.2,3.0,7.23,roster,0,111.0,80.0,1.85,84.07,4.6941,0.8,0.5533,3.4688,68.64,17.37,0.0,18.07,19.425
2025-10-22 07:00:00,7,32,32,1.0,13.0,18.0,0.0,0.0,1.0,2,2,20,1,21,1,21.2,659.0,580.0,796.0,21.2,3.0,7.23,roster,0,111.0,80.0,1.9474,98.78,3.7345,0.8,0.2766,3.4688,68.64,18.23,13.4,18.51,19.9
2025-10-22 08:00:00,8,30,30,1.0,13.0,16.0,0.0,0.0,1.0,2,2,20,1,21,1,22.2,719.0,640.0,856.0,22.2,3.0,6.8,roster,0,105.0,75.0,1.8421,95.89,3.6544,0.75,0.2941,3.5,64.35,18.23,13.4,19.9,21.4
2025-10-22 09:00:00,9,39,39,2.0,13.0,24.0,0.0,0.0,1.0,11,10,21,1,22,1,23.2,769.0,695.0,916.0,23.2,3.0,6.8,roster,0,134.0,97.5,2.4815,117.45,8.4028,0.975,1.4706,3.4359,83.66,19.1,13.4,21.3,22.9
2025-10-22 10:00:00,10,40,40,2.0,12.0,26.0,0.0,0.0,1.0,11,11,21,1,22,1,24.2,803.5,687.0,976.0,24.2,4.0,10.05,roster,0,136.0,100.0,1.8889,120.99,7.1214,1.0,1.0945,3.4,85.8,19.1,13.4,22.69,24.4
2025-10-22 11:00:00,11,36,36,1.0,10.0,25.0,0.0,0.0,1.0,6,6,18,1,19,1,21.067,822.0,130.0,977.0,21.067,4.0,10.05,roster,0,120.0,90.0,1.4286,109.83,4.99,0.9,0.597,3.3333,77.22,16.5,13.4,22.72,24.425
2025-10-22 12:00:00,12,37,37,1.0,11.0,23.0,2.0,0.0,1.0,13,14,14,1,15,1,20.933,210.0,165.0,882.0,20.467,4.0,10.05,roster,0,122.0,92.5,1.22,106.3,7.6432,0.925,1.393,3.2973,79.36,13.02,13.4,20.51,22.05
2025-10-22 13:00:00,13,41,41,1.0,10.0,28.0,2.0,0.0,1.0,10,11,17,1,18,1,21.933,234.0,113.0,359.0,16.983,4.0,10.05,roster,0,133.0,102.5,1.5114,105.32,6.8755,1.025,1.0945,3.2439,87.94,15.63,13.4,8.35,8.975
2025-10-22 14:00:00,14,36,36,1.0,9.0,24.0,2.0,0.0,1.0,5,5,17,1,18,1,17.983,224.5,158.0,310.0,17.983,4.0,10.05,roster,0,117.0,90.0,1.3295,93.46,4.5419,0.9,0.4975,3.25,77.22,15.63,13.4,7.21,7.75
2025-10-22 15:00:00,15,30,30,1.0,8.0,20.0,1.0,0.0,1.0,4,4,16,1,17,1,18.983,268.0,148.0,368.0,18.983,4.0,10.05,roster,0,99.0,75.0,1.0761,81.07,3.7884,0.75,0.398,3.3,64.35,14.76,13.4,8.56,9.2
2025-10-22 16:00:00,16,19,19,0.0,4.0,15.0,0.0,0.0,1.0,2,2,12,1,13,1,19.983,278.0,161.0,430.0,19.983,4.0,10.05,roster,0,61.0,47.5,0.5648,55.44,2.1639,0.475,0.199,3.2105,40.75,11.29,13.4,10.0,10.75
2025-10-22 17:00:00,17,24,24,0.0,5.0,19.0,0.0,0.0,1.0,9,8,13,1,14,1,20.983,304.5,217.0,490.0,20.983,4.0,10.05,roster,0,77.0,60.0,0.7404,68.43,4.4789,0.6,0.796,3.2083,51.48,12.16,13.4,11.39,12.25
2025-10-22 18:00:00,18,28,28,0.0,5.0,23.0,0.0,0.0,1.0,6,6,16,1,17,1,21.983,318.0,209.0,548.0,21.983,4.0,10.05,roster,0,89.0,70.0,0.9674,80.96,4.1227,0.7,0.597,3.1786,60.06,14.76,13.4,12.74,13.7
2025-10-22 19:00:00,19,27,27,0.0,4.0,23.0,0.0,0.0,1.0,7,7,14,0,14,0,22.983,306.5,135.0,391.0,22.983,4.0,10.05,roster,0,85.0,67.5,0.8173,59.16,4.3177,0.675,0.6965,3.1481,57.92,12.16,0.0,9.09,9.775
2025-10-22 20:00:00,20,25,25,0.0,5.0,19.0,1.0,0.0,1.0,6,6,12,0,12,0,23.983,366.5,195.0,451.0,23.983,4.0,10.48,roster,0,79.0,62.5,0.7054,54.53,3.7842,0.625,0.5725,3.16,53.62,10.42,0.0,10.49,11.275
2025-10-22 21:00:00,21,21,21,0.0,6.0,15.0,0.0,0.0,1.0,5,6,13,0,13,0,24.983,268.0,194.0,498.0,24.983,4.0,10.48,roster,0,69.0,52.5,0.6389,47.91,3.6061,0.525,0.5725,3.2857,45.04,11.29,0.0,11.58,12.45
2025-10-22 22:00:00,22,24,24,0.0,6.0,18.0,0.0,0.0,1.0,11,10,11,1,12,1,13.133,274.0,139.0,517.0,13.133,3.0,7.23,roster,0,78.0,60.0,0.9286,67.32,6.4452,0.6,1.3831,3.25,51.48,10.42,13.4,12.02,12.925
2025-10-22 23:00:00,23,25,25,1.0,6.0,18.0,0.0,0.0,1.0,7,7,12,1,13,1,14.133,314.0,180.0,516.0,14.133,3.0,7.23,roster,0,83.0,62.5,1.0247,70.31,5.2894,0.625,0.9682,3.32,53.62,11.29,13.4,12.0,12.9
2025-10-23 00:00:00,0,23,23,1.0,4.0,18.0,0.0,0.0,1.0,6,7,14,1,15,1,15.133,271.0,221.0,576.0,15.133,3.0,7.23,roster,0,75.0,57.5,1.0,69.15,5.0321,0.575,0.9682,3.2609,49.33,13.02,13.4,13.39,14.4
2025-10-23 01:00:00,1,24,24,1.0,4.0,19.0,0.0,0.0,1.0,4,4,15,1,16,1,16.133,325.0,281.0,636.0,16.133,3.0,7.23,roster,0,78.0,60.0,1.0833,73.56,3.7481,0.6,0.5533,3.25,51.48,13.89,13.4,14.79,15.9
2025-10-23 02:00:00,2,23,23,1.0,4.0,18.0,0.0,0.0,1.0,3,3,15,1,16,1,17.133,385.0,341.0,696.0,17.133,3.0,7.23,roster,0,75.0,57.5,1.0417,72.81,3.2281,0.575,0.4149,3.2609,49.33,13.89,13.4,16.18,17.4
2025-10-23 03:00:00,3,24,24,1.0,5.0,18.0,0.0,0.0,1.0,4,4,15,0,15,0,18.133,451.0,303.0,756.0,18.133,3.0,7.23,roster,0,79.0,60.0,1.0533,62.08,3.7961,0.6,0.5533,3.2917,51.48,13.02,0.0,17.58,18.9
2025-10-23 04:00:00,4,22,22,1.0,6.0,15.0,0.0,0.0,1.0,3,3,16,0,16,0,19.133,505.0,363.0,816.0,19.133,3.0,7.23,roster,0,74.0,55.0,1.0278,60.05,3.2457,0.55,0.4149,3.3636,47.19,13.89,0.0,18.97,20.4
2025-10-23 05:00:00,5,22,22,1.0,7.0,14.0,0.0,0.0,1.0,1,1,17,0,17,0,20.133,559.0,418.0,727.0,20.133,3.0,7.23,roster,0,75.0,55.0,1.087,58.85,2.3465,0.55,0.1383,3.4091,47.19,14.76,0.0,16.9,18.175
2025-10-23 06:00:00,6,23,23,2.0,7.0,14.0,0.0,0.0,1.0,1,1,17,0,17,0,21.133,619.0,478.0,787.0,21.133,3.0,7.23,roster,0,80.0,57.5,1.1594,62.39,2.4811,0.575,0.1383,3.4783,49.33,14.76,0.0,18.3,19.675
2025-10-23 07:00:00,7,24,24,2.0,7.0,15.0,0.0,0.0,1.0,3,3,18,0,18,0,22.133,669.5,501.0,847.0,22.133,3.0,7.23,roster,0,83.0,60.0,1.2576,66.8,3.51,0.6,0.4149,3.4583,51.48,15.63,0.0,19.69,21.175
2025-10-23 08:00:00,8,27,27,2.0,6.0,19.0,0.0,0.0,1.0,4,4,20,0,20,0,23.133,710.5,481.0,907.0,23.133,3.0,8.24,roster,0,91.0,67.5,1.5167,76.37,3.9111,0.675,0.4854,3.3704,57.92,17.37,0.0,21.09,22.675
2025-10-23 09:00:00,9,34,34,2.0,7.0,25.0,0.0,0.0,1.0,7,7,20,0,20,0,24.133,770.5,541.0,967.0,24.133,3.0,8.24,roster,0,113.0,85.0,1.8833,92.78,5.6484,0.85,0.8495,3.3235,72.93,17.37,0.0,22.48,24.175
2025-10-23 10:00:00,10,29,29,2.0,6.0,21.0,0.0,0.0,1.0,6,5,19,0,19,0,25.133,718.0,203.0,1027.0,25.133,4.0,12.11,roster,0,97.0,72.5,1.1548,82.58,3.806,0.725,0.4129,3.3448,62.2,16.5,0.0,23.88,25.675
2025-10-23 11:00:00,11,33,33,1.0,7.0,25.0,0.0,0.0,1.0,9,8,19,0,19,0,22.517,661.0,173.0,1074.0,22.517,4.0,12.11,roster,0,108.0,82.5,1.2857,92.25,4.862,0.825,0.6606,3.2727,70.78,16.5,0.0,24.97,26.85
2025-10-23 12:00:00,12,27,27,1.0,5.0,20.0,1.0,0.0,1.0,4,4,18,0,18,0,23.517,458.0,156.0,1134.0,23.517,4.0,12.11,roster,0,87.0,67.5,0.9886,79.91,3.2393,0.675,0.3303,3.2222,57.92,15.63,0.0,26.37,28.35
2025-10-23 13:00:00,13,28,28,1.0,8.0,19.0,0.0,0.0,1.0,7,8,15,0,15,0,24.517,574.0,216.0,1194.0,24.517,4.0,12.11,roster,0,94.0,70.0,0.94,80.85,4.5678,0.7,0.6606,3.3571,60.06,13.02,0.0,27.76,29.85
2025-10-23 14:00:00,14,24,24,1.0,7.0,16.0,0.0,0.0,1.0,3,3,12,0,12,0,25.517,399.0,236.0,1254.0,25.517,4.0,12.11,roster,0,81.0,60.0,0.7232,71.06,2.8611,0.6,0.2477,3.375,51.48,10.42,0.0,29.16,31.35
2025-10-23 15:00:00,15,22,22,0.0,7.0,15.0,0.0,0.0,1.0,6,6,6,0,6,0,22.117,305.0,265.0,336.0,22.117,4.0,12.11,roster,0,73.0,55.0,0.5368,40.21,3.469,0.55,0.4955,3.3182,47.19,5.21,0.0,7.81,8.4
2025-10-23 16:00:00,16,29,29,0.0,8.0,21.0,0.0,0.0,1.0,13,12,8,0,8,0,23.117,271.5,105.0,396.0,23.117,4.0,12.11,roster,0,95.0,72.5,0.7422,58.36,5.6211,0.725,0.9909,3.2759,62.2,6.95,0.0,9.21,9.9
2025-10-23 17:00:00,17,26,26,0.0,6.0,20.0,0.0,0.0,1.0,5,5,9,1,10,1,24.117,221.5,113.0,416.0,24.117,4.0,12.11,roster,0,84.0,65.0,0.7,67.53,3.4339,0.65,0.4129,3.2308,55.77,8.68,13.4,9.67,10.4
2025-10-23 18:00:00,18,24,24,0.0,5.0,19.0,0.0,0.0,1.0,5,5,8,1,9,1,25.117,225.0,173.0,476.0,25.117,4.0,12.11,roster,0,77.0,60.0,0.621,63.76,3.2497,0.6,0.4129,3.2083,51.48,7.81,13.4,11.07,11.9
2025-10-23 19:00:00,19,27,27,0.0,5.0,21.0,1.0,0.0,1.0,5,5,8,1,9,1,26.117,285.0,233.0,536.0,26.117,4.0,12.11,roster,0,85.0,67.5,0.6855,71.59,3.4248,0.675,0.4129,3.1481,57.92,7.81,13.4,12.46,13.4
2025-10-23 20:00:00,20,27,27,0.0,3.0,23.0,1.0,0.0,1.0,8,7,11,1,12,1,27.117,300.0,261.0,596.0,27.117,4.0,11.75,roster,0,83.0,67.5,0.7411,75.59,3.9064,0.675,0.5957,3.0741,57.92,10.42,13.4,13.86,14.9
2025-10-23 21:00:00,21,29,29,0.0,6.0,22.0,1.0,0.0,1.0,10,10,8,1,9,1,28.117,367.0,334.0,518.0,28.117,4.0,11.75,roster,0,92.0,72.5,0.7419,75.46,4.9999,0.725,0.8511,3.1724,62.2,7.81,13.4,12.04,12.95
2025-10-23 22:00:00,22,26,26,0.0,6.0,20.0,0.0,0.0,1.0,7,7,12,2,14,2,29.117,307.5,106.0,465.0,29.117,3.0,7.88,roster,0,84.0,65.0,1.0769,85.54,4.97,0.65,0.8883,3.2308,55.77,12.16,26.8,10.81,11.625
2025-10-23 23:00:00,23,30,30,0.0,7.0,22.0,0.0,1.0,1.0,13,12,12,1,13,1,30.117,251.0,154.0,525.0,30.117,3.0,7.88,roster,0,95.0,75.0,1.1728,81.24,7.1973,0.75,1.5228,3.1667,64.35,11.29,13.4,12.21,13.125
2025-10-24 00:00:00,0,20,20,0.0,6.0,14.0,0.0,0.0,1.0,1,1,10,1,11,1,14.533,226.0,140.0,533.0,13.933,3.0,7.88,roster,0,66.0,50.0,0.7586,58.24,2.0688,0.5,0.1269,3.3,42.9,9.55,13.4,12.39,13.325
2025-10-24 01:00:00,1,19,19,1.0,6.0,12.0,0.0,0.0,1.0,4,3,10,1,11,1,15.533,286.0,200.0,593.0,14.933,3.0,7.88,roster,0,65.0,47.5,0.7471,57.49,2.9274,0.475,0.3807,3.4211,40.75,9.55,13.4,13.79,14.825
2025-10-24 02:00:00,2,17,17,1.0,6.0,10.0,0.0,0.0,1.0,4,3,9,0,9,0,16.533,352.0,324.0,653.0,15.933,3.0,7.88,roster,0,59.0,42.5,0.6344,39.46,2.7963,0.425,0.3807,3.4706,36.46,7.81,0.0,15.18,16.325
2025-10-24 03:00:00,3,20,20,1.0,6.0,13.0,0.0,0.0,1.0,5,4,9,0,9,0,17.533,412.0,384.0,713.0,16.933,3.0,7.88,roster,0,68.0,50.0,0.7312,47.29,3.4259,0.5,0.5076,3.4,42.9,7.81,0.0,16.58,17.825
2025-10-24 04:00:00,4,20,20,1.0,6.0,13.0,0.0,0.0,1.0,2,1,9,0,9,0,18.533,472.0,444.0,773.0,17.933,3.0,7.88,roster,0,68.0,50.0,0.7312,48.69,2.1315,0.5,0.1269,3.4,42.9,7.81,0.0,17.97,19.325
2025-10-24 05:00:00,5,23,23,1.0,6.0,15.0,1.0,0.0,1.0,3,3,9,0,9,0,19.533,532.0,504.0,833.0,18.933,3.0,7.88,roster,0,76.0,57.5,0.8172,56.52,3.158,0.575,0.3807,3.3043,49.33,7.81,0.0,19.37,20.825
2025-10-24 06:00:00,6,25,25,1.0,7.0,16.0,1.0,0.0,1.0,7,6,9,0,9,0,20.533,592.0,564.0,893.0,19.933,3.0,7.88,roster,0,83.0,62.5,0.8925,62.2,4.6029,0.625,0.7614,3.32,53.62,7.81,0.0,20.76,22.325
2025-10-24 07:00:00,7,22,22,1.0,7.0,13.0,1.0,0.0,1.0,1,1,10,0,10,0,21.533,649.0,560.0,953.0,20.933,3.0,7.88,roster,0,74.0,55.0,0.8222,58.03,2.2769,0.55,0.1269,3.3636,47.19,8.68,0.0,22.16,23.825
2025-10-24 08:00:00,8,26,26,3.0,6.0,16.0,1.0,0.0,1.0,10,10,11,0,11,0,21.933,706.0,544.0,1013.0,21.933,3.0,7.02,roster,0,89.0,65.0,1.023,68.87,7.1012,0.65,1.4245,3.4231,55.77,9.55,0.0,23.55,25.325
2025-10-24 09:00:00,9,31,31,3.0,7.0,20.0,1.0,0.0,1.0,5,6,14,2,16,2,22.933,642.0,116.0,851.0,22.933,3.0,7.02,roster,0,105.0,77.5,1.4583,106.97,5.52,0.775,0.8547,3.3871,66.5,13.89,26.8,19.79,21.275
2025-10-24 10:00:00,10,29,29,1.0,7.0,20.0,1.0,0.0,1.0,4,4,14,2,16,2,23.933,702.0,176.0,911.0,23.933,4.0,10.48,roster,0,95.0,72.5,0.9896,104.08,3.6253,0.725,0.3817,3.2759,62.2,13.89,26.8,21.18,22.775
2025-10-24 11:00:00,11,26,26,0.0,4.0,22.0,0.0,0.0,1.0,7,7,11,0,11,0,24.933,724.0,217.0,971.0,24.933,4.0,10.48,roster,0,82.0,65.0,0.7069,67.9,4.1566,0.65,0.6679,3.1538,55.77,9.55,0.0,22.58,24.275
2025-10-24 12:00:00,12,27,27,1.0,4.0,22.0,0.0,0.0,1.0,11,11,7,0,7,0,17.183,296.0,92.0,924.0,17.183,4.0,10.48,roster,0,87.0,67.5,0.6591,65.48,5.5571,0.675,1.0496,3.2222,57.92,6.08,0.0,21.48,23.1
2025-10-24 13:00:00,13,32,32,1.0,4.0,27.0,0.0,0.0,1.0,8,8,8,1,9,1,18.183,152.0,110.0,356.0,18.183,4.0,10.48,roster,0,102.0,80.0,0.8226,78.13,4.9832,0.8,0.7634,3.1875,68.64,7.81,13.4,8.28,8.9
2025-10-24 14:00:00,14,30,30,1.0,4.0,25.0,0.0,0.0,1.0,9,8,7,1,8,1,19.183,166.5,131.0,416.0,19.183,4.0,10.48,roster,0,96.0,75.0,0.75,74.37,4.8427,0.75,0.7634,3.2,64.35,6.95,13.4,9.67,10.4
2025-10-24 15:00:00,15,34,34,2.0,5.0,26.0,1.0,0.0,1.0,12,12,5,1,6,1,4.767,180.5,158.0,223.0,3.833,4.0,10.48,roster,0,110.0,85.0,0.8088,76.72,6.4545,0.85,1.145,3.2353,72.93,5.21,13.4,5.18,5.575
2025-10-24 16:00:00,16,26,26,2.0,6.0,17.0,1.0,0.0,1.0,6,7,5,1,6,1,5.767,186.0,94.0,251.0,4.717,4.0,10.48,roster,0,87.0,65.0,0.6397,60.22,4.41,0.65,0.6679,3.3462,55.77,5.21,13.4,5.84,6.275
2025-10-24 17:00:00,17,23,23,2.0,6.0,14.0,1.0,0.0,1.0,6,5,6,1,7,1,5.717,214.0,143.0,311.0,5.717,4.0,10.48,roster,0,78.0,57.5,0.5909,56.04,3.568,0.575,0.4771,3.3913,49.33,6.08,13.4,7.23,7.775
2025-10-24 18:00:00,18,20,20,1.0,6.0,13.0,0.0,0.0,1.0,4,4,8,0,8,0,6.583,208.5,160.0,338.0,6.183,4.0,10.48,roster,0,68.0,50.0,0.5312,37.7,2.9977,0.5,0.3817,3.4,42.9,6.95,0.0,7.86,8.45
2025-10-24 19:00:00,19,20,20,2.0,4.0,13.0,0.0,1.0,1.0,9,9,5,0,5,0,7.183,274.0,156.0,398.0,7.183,4.0,10.48,roster,0,66.0,50.0,0.4714,36.5,4.484,0.5,0.8588,3.3,42.9,4.34,0.0,9.25,9.95
2025-10-24 20:00:00,20,20,20,1.0,5.0,10.0,3.0,1.0,1.0,8,7,3,0,3,0,6.183,124.0,75.0,216.0,3.6,4.0,10.66,roster,0,62.0,50.0,0.4189,30.53,3.5856,0.5,0.6567,3.1,42.9,2.6,0.0,5.02,5.4
2025-10-24 21:00:00,21,16,16,1.0,4.0,8.0,2.0,1.0,1.0,5,5,3,0,3,0,7.183,135.0,92.0,184.0,3.067,4.0,10.66,roster,0,50.0,40.0,0.3378,21.2,2.7158,0.4,0.469,3.125,34.32,2.6,0.0,4.28,4.6
2025-10-24 22:00:00,22,14,14,0.0,5.0,8.0,0.0,1.0,1.0,7,7,1,0,1,0,8.183,152.0,152.0,152.0,2.533,3.0,7.2,roster,0,45.0,35.0,0.3846,14.43,4.25,0.35,0.9722,3.2143,30.03,0.87,0.0,3.53,3.8
2025-10-24 23:00:00,23,20,20,0.0,2.0,15.0,2.0,1.0,1.0,10,10,1,0,1,0,6.733,212.0,212.0,212.0,3.533,3.0,7.2,roster,0,58.0,50.0,0.4957,28.7,5.4778,0.5,1.3889,2.9,42.9,0.87,0.0,4.93,5.3
2025-10-25 00:00:00,0,12,12,0.0,1.0,9.0,1.0,1.0,1.0,5,4,1,0,1,0,7.733,272.0,272.0,272.0,4.533,3.0,7.2,roster,0,34.0,30.0,0.2906,12.93,2.4241,0.3,0.5556,2.8333,25.74,0.87,0.0,6.32,6.8
2025-10-25 01:00:00,1,10,10,0.0,2.0,5.0,2.0,1.0,1.0,4,3,1,0,1,0,8.733,332.0,332.0,332.0,5.533,3.0,7.2,roster,0,28.0,25.0,0.2393,10.04,1.8667,0.25,0.4167,2.8,21.45,0.87,0.0,7.72,8.3
2025-10-25 02:00:00,2,10,10,0.0,2.0,6.0,1.0,1.0,1.0,3,2,3,0,3,0,9.733,100.0,91.0,392.0,6.533,3.0,7.2,roster,0,29.0,25.0,0.2613,13.17,1.5306,0.25,0.2778,2.9,21.45,2.6,0.0,9.11,9.8
2025-10-25 03:00:00,3,8,8,0.0,2.0,5.0,0.0,1.0,1.0,3,1,3,0,3,0,10.733,160.0,151.0,452.0,7.533,3.0,7.2,roster,0,24.0,20.0,0.2162,10.27,1.0167,0.2,0.1389,3.0,17.16,2.6,0.0,10.51,11.3
2025-10-25 04:00:00,4,9,9,0.0,2.0,5.0,1.0,1.0,1.0,3,2,3,0,3,0,11.733,220.0,211.0,512.0,8.533,3.0,7.2,roster,0,26.0,22.5,0.2342,13.81,1.4525,0.225,0.2778,2.8889,19.3,2.6,0.0,11.9,12.8
2025-10-25 05:00:00,5,7,7,0.0,2.0,4.0,0.0,1.0,1.0,1,1,3,0,3,0,10.083,280.0,271.0,572.0,9.533,3.0,7.2,roster,0,21.0,17.5,0.1892,10.92,0.9417,0.175,0.1389,3.0,15.01,2.6,0.0,13.3,14.3
2025-10-25 06:00:00,6,8,8,0.0,2.0,4.0,1.0,1.0,1.0,2,2,3,0,3,0,11.083,340.0,331.0,632.0,10.533,3.0,7.2,roster,0,23.0,20.0,0.2072,14.46,1.3736,0.2,0.2778,2.875,17.16,2.6,0.0,14.69,15.8
2025-10-25 07:00:00,7,7,7,0.0,2.0,4.0,1.0,0.0,1.0,1,1,3,0,3,0,11.533,400.0,391.0,692.0,11.533,3.0,7.2,roster,0,22.0,17.5,0.1982,13.71,0.9865,0.175,0.1389,3.1429,15.01,2.6,0.0,16.09,17.3
2025-10-25 08:00:00,8,7,7,0.0,1.0,6.0,0.0,0.0,1.0,2,2,4,0,4,0,12.533,455.5,451.0,752.0,12.533,3.0,7.74,roster,0,22.0,17.5,0.2037,15.97,1.3621,0.175,0.2584,3.1429,15.01,3.47,0.0,17.48,18.8
2025-10-25 09:00:00,9,14,14,0.0,2.0,10.0,2.0,0.0,1.0,9,9,2,0,2,0,8.517,333.5,156.0,511.0,8.517,3.0,7.74,roster,0,42.0,35.0,0.3684,23.65,4.5384,0.35,1.1628,3.0,30.03,1.74,0.0,11.88,12.775
2025-10-25 10:00:00,10,9,9,0.0,1.0,7.0,1.0,0.0,1.0,2,2,2,1,3,1,3.6,84.0,80.0,216.0,3.6,4.0,11.44,roster,0,27.0,22.5,0.1824,20.33,1.1995,0.225,0.1748,3.0,19.3,2.6,13.4,5.02,5.4
2025-10-25 11:00:00,11,19,19,0.0,3.0,14.0,2.0,0.0,1.0,12,12,2,1,3,1,4.6,144.0,140.0,276.0,4.6,4.0,11.44,roster,0,58.0,47.5,0.3919,43.18,4.6521,0.475,1.049,3.0526,40.75,2.6,13.4,6.42,6.9
2025-10-25 12:00:00,12,28,28,0.0,3.0,22.0,3.0,0.0,1.0,16,16,4,1,5,1,5.6,104.0,89.0,200.0,5.6,4.0,11.44,roster,0,84.0,70.0,0.6,62.45,6.2958,0.7,1.3986,3.0,60.06,4.34,13.4,4.65,5.0
2025-10-25 13:00:00,13,29,29,0.0,3.0,25.0,1.0,0.0,1.0,8,8,8,1,9,1,6.6,137.0,86.0,164.0,6.6,4.0,11.44,roster,0,89.0,72.5,0.7177,67.23,4.3711,0.725,0.6993,3.069,62.2,7.81,13.4,3.81,4.1
2025-10-25 14:00:00,14,31,31,0.0,0.0,30.0,1.0,0.0,1.0,13,11,5,0,5,0,7.6,146.0,133.0,152.0,7.6,4.0,11.44,roster,0,92.0,77.5,0.6571,54.37,5.1536,0.775,0.9615,2.9677,66.5,4.34,0.0,3.53,3.8
2025-10-25 15:00:00,15,24,24,0.0,0.0,23.0,1.0,0.0,1.0,9,10,2,0,2,0,3.733,199.5,193.0,206.0,3.433,4.0,11.44,roster,0,71.0,60.0,0.4671,38.01,4.361,0.6,0.8741,2.9583,51.48,1.74,0.0,4.79,5.15
2025-10-25 16:00:00,16,18,18,0.0,1.0,16.0,1.0,0.0,1.0,8,7,2,0,2,0,4.733,160.0,67.0,253.0,4.217,4.0,11.44,roster,0,54.0,45.0,0.3553,26.23,3.1857,0.45,0.6119,3.0,38.61,1.74,0.0,5.88,6.325
2025-10-25 17:00:00,17,22,22,0.0,3.0,19.0,0.0,0.0,1.0,12,10,4,0,4,0,5.733,104.5,82.0,313.0,5.217,4.0,11.44,roster,0,69.0,55.0,0.4792,37.94,4.4666,0.55,0.8741,3.1364,47.19,3.47,0.0,7.28,7.825
2025-10-25 18:00:00,18,28,28,0.0,3.0,23.0,2.0,0.0,1.0,13,12,5,0,5,0,6.733,142.0,121.0,187.0,6.217,4.0,11.44,roster,0,85.0,70.0,0.6071,48.75,5.3093,0.7,1.049,3.0357,60.06,4.34,0.0,4.35,4.675
2025-10-25 19:00:00,19,28,28,0.0,4.0,23.0,1.0,0.0,1.0,11,10,4,0,4,0,7.217,224.5,202.0,433.0,7.217,4.0,11.44,roster,0,87.0,70.0,0.6042,53.6,4.891,0.7,0.8741,3.1071,60.06,3.47,0.0,10.07,10.825
2025-10-25 20:00:00,20,18,18,0.0,4.0,14.0,0.0,0.0,1.0,10,10,0,0,0,0,3.8,0.0,,,,4.0,12.02,roster,0,58.0,45.0,0.3625,18.61,4.1307,0.45,0.8319,3.2222,38.61,0.0,0.0,0.0,0.0
2025-10-25 21:00:00,21,16,16,0.0,5.0,11.0,0.0,0.0,1.0,4,4,2,0,2,0,4.8,92.5,78.0,107.0,1.783,4.0,12.02,roster,0,53.0,40.0,0.3487,18.54,2.4273,0.4,0.3328,3.3125,34.32,1.74,0.0,2.49,2.675
2025-10-25 22:00:00,22,13,13,0.0,3.0,10.0,0.0,0.0,1.0,6,6,2,1,3,1,5.8,138.0,84.0,167.0,2.783,3.0,8.32,roster,0,42.0,32.5,0.3784,27.77,3.3799,0.325,0.7212,3.2308,27.88,2.6,13.4,3.88,4.175
2025-10-25 23:00:00,23,13,13,0.0,2.0,10.0,1.0,0.0,1.0,9,7,2,1,3,1,6.317,144.0,73.0,198.0,3.3,3.0,8.32,roster,0,40.0,32.5,0.3604,28.49,3.5888,0.325,0.8413,3.0769,27.88,2.6,13.4,4.6,4.95
2025-10-26 00:00:00,0,11,11,0.0,1.0,10.0,0.0,0.0,1.0,6,4,3,0,3,0,7.317,133.0,86.0,258.0,4.3,3.0,8.32,roster,0,34.0,27.5,0.3063,12.2,2.336,0.275,0.4808,3.0909,23.6,2.6,0.0,6.0,6.45
2025-10-26 01:00:00,1,12,12,0.0,2.0,10.0,0.0,0.0,1.0,7,6,3,0,3,0,8.317,193.0,146.0,318.0,5.3,3.0,8.32,roster,0,38.0,30.0,0.3423,15.74,3.2337,0.3,0.7212,3.1667,25.74,2.6,0.0,7.39,7.95
2025-10-26 02:00:00,2,11,11,0.0,2.0,9.0,0.0,0.0,1.0,2,1,4,0,4,0,9.317,229.5,206.0,378.0,6.3,3.0,8.32,roster,0,35.0,27.5,0.3241,15.86,1.2574,0.275,0.1202,3.1818,23.6,3.47,0.0,8.79,9.45
2025-10-26 03:00:00,3,13,13,0.0,2.0,10.0,1.0,0.0,1.0,5,4,4,0,4,0,10.317,289.5,266.0,438.0,7.3,3.0,8.32,roster,0,40.0,32.5,0.3704,21.54,2.4793,0.325,0.4808,3.0769,27.88,3.47,0.0,10.18,10.95
2025-10-26 04:00:00,4,14,14,0.0,2.0,10.0,2.0,0.0,1.0,5,5,4,0,4,0,11.317,349.5,326.0,498.0,8.3,3.0,8.32,roster,0,42.0,35.0,0.3889,25.08,2.8529,0.35,0.601,3.0,30.03,3.47,0.0,11.58,12.45
2025-10-26 05:00:00,5,12,12,0.0,2.0,10.0,0.0,0.0,1.0,1,1,4,0,4,0,12.317,409.5,386.0,558.0,9.3,3.0,8.32,roster,0,38.0,30.0,0.3519,22.19,1.3306,0.3,0.1202,3.1667,25.74,3.47,0.0,12.97,13.95
2025-10-26 06:00:00,6,11,11,0.0,2.0,9.0,0.0,0.0,1.0,1,1,4,0,4,0,13.317,469.5,446.0,618.0,10.3,3.0,8.32,roster,0,35.0,27.5,0.3241,21.44,1.2574,0.275,0.1202,3.1818,23.6,3.47,0.0,14.37,15.45
2025-10-26 07:00:00,7,13,13,0.0,2.0,11.0,0.0,0.0,1.0,3,3,4,0,4,0,13.533,529.5,506.0,678.0,11.3,3.0,8.32,roster,0,41.0,32.5,0.3796,27.12,2.1622,0.325,0.3606,3.1538,27.88,3.47,0.0,15.76,16.95
2025-10-26 08:00:00,8,11,11,0.0,3.0,8.0,0.0,0.0,1.0,5,3,4,0,4,0,12.3,589.5,566.0,738.0,12.3,3.0,7.74,roster,0,36.0,27.5,0.3333,24.23,2.1685,0.275,0.3876,3.2727,23.6,3.47,0.0,17.16,18.45
2025-10-26 09:00:00,9,19,19,1.0,4.0,12.0,2.0,0.0,1.0,8,8,5,0,5,0,13.3,626.0,517.0,673.0,13.3,3.0,7.74,roster,0,61.0,47.5,0.581,40.74,4.8434,0.475,1.0336,3.2105,40.75,4.34,0.0,15.65,16.825
2025-10-26 10:00:00,10,25,25,1.0,3.0,18.0,3.0,0.0,1.0,10,10,5,0,5,0,14.3,577.0,137.0,686.0,14.3,4.0,10.99,roster,0,77.0,62.5,0.55,53.92,4.7275,0.625,0.9099,3.08,53.62,4.34,0.0,15.95,17.15
2025-10-26 11:00:00,11,26,26,1.0,3.0,21.0,1.0,0.0,1.0,11,11,5,0,5,0,10.767,140.0,70.0,197.0,10.617,4.0,10.99,roster,0,82.0,65.0,0.5857,44.69,5.2067,0.65,1.0009,3.1538,55.77,4.34,0.0,4.58,4.925
2025-10-26 12:00:00,12,30,30,1.0,2.0,23.0,3.0,1.0,1.0,18,17,5,1,6,1,11.767,128.0,77.0,200.0,4.283,4.0,10.99,roster,0,89.0,75.0,0.6544,67.61,6.814,0.75,1.5469,2.9667,64.35,5.21,13.4,4.65,5.0
2025-10-26 13:00:00,13,26,26,2.0,3.0,17.0,3.0,1.0,1.0,8,7,8,1,9,1,5.283,137.0,102.0,190.0,5.283,4.0,10.99,roster,0,80.0,65.0,0.6452,61.4,3.9598,0.65,0.6369,3.0769,55.77,7.81,13.4,4.42,4.75
2025-10-26 14:00:00,14,17,17,1.0,2.0,13.0,1.0,0.0,1.0,6,5,7,1,8,1,6.283,194.0,144.0,250.0,6.283,4.0,10.99,roster,0,54.0,42.5,0.4219,42.62,2.7952,0.425,0.455,3.1765,36.46,6.95,13.4,5.81,6.25
2025-10-26 15:00:00,15,29,29,1.0,3.0,20.0,5.0,0.0,1.0,14,14,7,1,8,1,7.283,254.0,204.0,310.0,7.283,4.0,10.99,roster,0,87.0,72.5,0.6797,69.76,5.9967,0.725,1.2739,3.0,62.2,6.95,13.4,7.21,7.75
2025-10-26 16:00:00,16,36,36,0.0,4.0,24.0,8.0,0.0,1.0,16,16,8,1,9,1,8.283,203.0,82.0,311.0,8.283,4.0,10.99,roster,0,104.0,90.0,0.8387,85.67,6.8058,0.9,1.4559,2.8889,77.22,7.81,13.4,7.23,7.775
2025-10-26 17:00:00,17,35,35,0.0,5.0,27.0,3.0,0.0,1.0,11,11,12,1,13,1,9.283,142.0,118.0,324.0,9.283,4.0,10.99,roster,0,107.0,87.5,0.9907,87.3,5.7349,0.875,1.0009,3.0571,75.08,11.29,13.4,7.53,8.1
2025-10-26 18:00:00,18,31,31,0.0,4.0,26.0,1.0,0.0,1.0,11,11,12,1,13,1,10.283,197.0,133.0,384.0,10.283,4.0,10.99,roster,0,96.0,77.5,0.8889,80.11,5.4996,0.775,1.0009,3.0968,66.5,11.29,13.4,8.93,9.6
2025-10-26 19:00:00,19,31,31,0.0,4.0,26.0,1.0,0.0,1.0,12,10,12,0,12,0,11.283,209.5,160.0,444.0,11.283,4.0,10.99,roster,0,96.0,77.5,0.8571,67.24,5.2178,0.775,0.9099,3.0968,66.5,10.42,0.0,10.32,11.1
2025-10-26 20:00:00,20,35,35,0.0,5.0,29.0,1.0,0.0,1.0,16,13,12,0,12,0,12.283,269.5,204.0,504.0,12.283,4.0,9.63,roster,0,109.0,87.5,0.9732,77.21,6.9291,0.875,1.3499,3.1143,75.08,10.42,0.0,11.72,12.6
2025-10-26 21:00:00,21,40,40,0.0,5.0,32.0,3.0,0.0,1.0,9,9,15,0,15,0,13.283,283.0,174.0,503.0,13.283,4.0,9.63,roster,0,122.0,100.0,1.22,90.52,5.9005,1.0,0.9346,3.05,85.8,13.02,0.0,11.69,12.575
2025-10-26 22:00:00,22,33,33,0.0,5.0,26.0,2.0,0.0,1.0,5,5,15,1,16,1,14.283,333.5,158.0,563.0,14.283,3.0,6.38,roster,0,102.0,82.5,1.4167,91.17,4.9723,0.825,0.7837,3.0909,70.78,13.89,13.4,13.09,14.075
2025-10-26 23:00:00,23,34,34,0.0,6.0,26.0,2.0,0.0,1.0,9,9,14,0,14,0,15.283,418.0,204.0,623.0,15.283,3.0,6.38,roster,0,106.0,85.0,1.359,79.57,7.0479,0.85,1.4107,3.1176,72.93,12.16,0.0,14.48,15.575
2025-10-27 00:00:00,0,34,34,0.0,5.0,25.0,4.0,0.0,1.0,10,9,15,0,15,0,16.283,463.0,220.0,683.0,16.283,3.0,6.38,roster,0,103.0,85.0,1.3733,81.83,6.8485,0.85,1.4107,3.0294,72.93,13.02,0.0,15.88,17.075
2025-10-27 01:00:00,1,29,29,0.0,4.0,22.0,3.0,0.0,1.0,3,3,16,0,16,0,17.283,513.5,280.0,743.0,17.283,3.0,6.38,roster,0,88.0,72.5,1.2222,73.37,3.6269,0.725,0.4702,3.0345,62.2,13.89,0.0,17.27,18.575
2025-10-27 02:00:00,2,31,31,0.0,6.0,21.0,4.0,0.0,1.0,4,4,17,0,17,0,18.283,564.0,337.0,677.0,18.283,3.0,6.38,roster,0,95.0,77.5,1.3768,77.0,4.2963,0.775,0.627,3.0645,66.5,14.76,0.0,15.74,16.925
2025-10-27 03:00:00,3,28,28,0.0,6.0,21.0,1.0,0.0,1.0,2,2,17,0,17,0,19.283,624.0,397.0,737.0,19.283,3.0,6.38,roster,0,89.0,70.0,1.2899,71.96,3.2214,0.7,0.3135,3.1786,60.06,14.76,0.0,17.14,18.425
2025-10-27 04:00:00,4,29,29,0.0,5.0,23.0,1.0,0.0,1.0,3,2,17,0,17,0,20.283,684.0,457.0,797.0,20.283,3.0,6.38,roster,0,91.0,72.5,1.3188,75.5,3.2587,0.725,0.3135,3.1379,62.2,14.76,0.0,18.53,19.925
2025-10-27 05:00:00,5,25,25,0.0,5.0,19.0,1.0,0.0,1.0,2,0,17,0,17,0,21.283,744.0,517.0,857.0,21.283,3.0,6.38,roster,0,79.0,62.5,1.1449,68.31,1.975,0.625,0.0,3.16,53.62,14.76,0.0,19.93,21.425
2025-10-27 06:00:00,6,24,24,0.0,5.0,18.0,1.0,0.0,1.0,0,0,17,0,17,0,22.283,804.0,577.0,917.0,22.283,3.0,6.38,roster,0,76.0,60.0,1.1014,67.56,1.9,0.6,0.0,3.1667,51.48,14.76,0.0,21.32,22.925
2025-10-27 07:00:00,7,28,28,0.0,5.0,22.0,1.0,0.0,1.0,4,4,17,0,17,0,23.283,864.0,637.0,977.0,23.283,3.0,6.38,roster,0,88.0,70.0,1.2754,77.54,4.1704,0.7,0.627,3.1429,60.06,14.76,0.0,22.72,24.425
2025-10-27 08:00:00,8,27,27,0.0,6.0,20.0,1.0,0.0,1.0,3,3,17,0,17,0,24.283,924.0,697.0,1037.0,24.283,3.0,6.96,roster,0,86.0,67.5,1.2464,76.79,3.5229,0.675,0.431,3.1852,57.92,14.76,0.0,24.11,25.925
2025-10-27 09:00:00,9,33,33,0.0,7.0,26.0,0.0,0.0,1.0,8,7,17,1,18,1,25.283,849.0,647.0,1097.0,25.283,3.0,6.96,roster,0,106.0,82.5,1.6061,105.32,5.8806,0.825,1.0057,3.2121,70.78,15.63,13.4,25.51,27.425
2025-10-27 10:00:00,10,43,43,1.0,8.0,32.0,2.0,0.0,1.0,13,13,17,3,20,3,26.283,842.0,504.0,1157.0,26.283,4.0,10.21,roster,0,137.0,107.5,1.7125,156.7,7.4817,1.075,1.2733,3.186,92.24,17.37,40.2,26.9,28.925
2025-10-27 11:00:00,11,44,44,1.0,10.0,32.0,1.0,0.0,1.0,8,7,21,3,24,3,24.183,665.5,140.0,1123.0,24.183,4.0,10.21,roster,0,143.0,110.0,2.2344,161.53,5.8032,1.1,0.6856,3.25,94.38,20.84,40.2,26.11,28.075
2025-10-27 12:00:00,12,44,44,2.0,10.0,32.0,0.0,0.0,1.0,8,9,22,3,25,3,23.383,228.0,145.0,984.0,23.383,4.0,10.21,roster,0,146.0,110.0,2.4333,159.17,6.5749,1.1,0.8815,3.3182,94.38,21.71,40.2,22.88,24.6
2025-10-27 13:00:00,13,50,50,2.0,8.0,40.0,0.0,0.0,1.0,13,13,21,4,25,4,22.283,225.0,132.0,308.0,22.283,4.0,10.21,roster,0,162.0,125.0,2.7,169.72,8.1754,1.25,1.2733,3.24,107.25,21.71,53.6,7.16,7.7
2025-10-27 14:00:00,14,50,50,2.0,8.0,40.0,0.0,0.0,1.0,5,5,22,4,26,4,23.283,256.0,143.0,368.0,23.283,4.0,10.21,roster,0,162.0,125.0,2.8929,171.98,5.6367,1.25,0.4897,3.24,107.25,22.58,53.6,8.56,9.2
2025-10-27 15:00:00,15,41,41,2.0,8.0,30.0,1.0,0.0,1.0,6,5,20,3,23,3,24.283,252.0,174.0,421.0,24.283,4.0,10.21,roster,0,134.0,102.5,1.9706,137.9,4.9505,1.025,0.4897,3.2683,87.94,19.97,40.2,9.79,10.525
2025-10-27 16:00:00,16,39,39,1.0,8.0,27.0,3.0,0.0,1.0,13,13,13,1,14,1,25.283,292.0,225.0,488.0,25.283,4.0,10.21,roster,0,124.0,97.5,1.1923,100.56,7.1483,0.975,1.2733,3.1795,83.66,12.16,13.4,11.35,12.2
2025-10-27 17:00:00,17,43,43,1.0,8.0,31.0,3.0,0.0,1.0,10,10,18,1,19,1,26.283,290.0,118.0,378.0,26.283,4.0,10.21,roster,0,136.0,107.5,1.619,110.92,6.4977,1.075,0.9794,3.1628,92.24,16.5,13.4,8.79,9.45
2025-10-27 18:00:00,18,43,43,1.0,5.0,35.0,2.0,0.0,1.0,9,9,19,1,20,1,27.283,347.5,145.0,438.0,27.283,4.0,10.21,roster,0,134.0,107.5,1.675,113.18,6.097,1.075,0.8815,3.1163,92.24,17.37,13.4,10.18,10.95
2025-10-27 19:00:00,19,35,35,0.0,6.0,28.0,1.0,0.0,1.0,6,6,17,1,18,1,24.9,359.5,170.0,487.0,24.9,4.0,10.21,roster,0,110.0,87.5,1.25,95.43,4.5969,0.875,0.5877,3.1429,75.08,15.63,13.4,11.32,12.175
2025-10-27 20:00:00,20,44,44,0.0,9.0,34.0,1.0,0.0,1.0,12,12,17,1,18,1,25.9,323.5,178.0,547.0,25.9,4.0,11.54,roster,0,140.0,110.0,1.5909,116.13,6.8086,1.1,1.0399,3.1818,94.38,15.63,13.4,12.72,13.675
2025-10-27 21:00:00,21,37,37,0.0,6.0,30.0,1.0,0.0,1.0,12,11,14,1,15,1,26.9,198.0,117.0,325.0,26.9,4.0,11.54,roster,0,116.0,92.5,1.16,93.35,5.8884,0.925,0.9532,3.1351,79.36,13.02,13.4,7.56,8.125
2025-10-27 22:00:00,22,33,33,0.0,6.0,26.0,1.0,0.0,1.0,6,6,13,1,14,1,27.9,272.5,167.0,385.0,27.9,3.0,8.29,roster,0,104.0,82.5,1.3333,85.29,4.881,0.825,0.7238,3.1515,70.78,12.16,13.4,8.95,9.625
2025-10-27 23:00:00,23,27,27,0.0,6.0,20.0,1.0,0.0,1.0,3,4,11,1,12,1,28.9,332.5,237.0,637.0,28.9,3.0,8.29,roster,0,86.0,67.5,1.0238,76.54,3.6869,0.675,0.4825,3.1852,57.92,10.42,13.4,14.81,15.925
2025-10-28 00:00:00,0,22,22,1.0,5.0,15.0,1.0,0.0,1.0,6,6,10,0,10,0,15.567,392.5,297.0,505.0,13.117,3.0,8.29,roster,0,72.0,55.0,0.8,47.61,4.1687,0.55,0.7238,3.2727,47.19,8.68,0.0,11.74,12.625
2025-10-28 01:00:00,1,23,23,1.0,6.0,15.0,1.0,0.0,1.0,5,4,10,0,10,0,16.567,452.5,357.0,565.0,14.117,3.0,8.29,roster,0,76.0,57.5,0.8444,51.15,3.4944,0.575,0.4825,3.3043,49.33,8.68,0.0,13.14,14.125
2025-10-28 02:00:00,2,22,22,0.0,7.0,14.0,1.0,0.0,1.0,5,4,12,0,12,0,17.567,454.5,390.0,625.0,15.117,3.0,8.29,roster,0,72.0,55.0,0.8571,52.14,3.3791,0.55,0.4825,3.2727,47.19,10.42,0.0,14.53,15.625
2025-10-28 03:00:00,3,20,20,0.0,7.0,13.0,0.0,0.0,1.0,0,0,13,0,13,0,18.567,501.0,270.0,650.0,16.117,3.0,8.29,roster,0,67.0,50.0,0.8272,49.3,1.675,0.5,0.0,3.35,42.9,11.29,0.0,15.11,16.25
2025-10-28 04:00:00,4,20,20,0.0,7.0,13.0,0.0,0.0,1.0,0,0,13,0,13,0,19.567,561.0,330.0,710.0,17.117,3.0,8.29,roster,0,67.0,50.0,0.8272,50.7,1.675,0.5,0.0,3.35,42.9,11.29,0.0,16.51,17.75
2025-10-28 05:00:00,5,21,21,0.0,8.0,13.0,0.0,0.0,1.0,2,2,13,0,13,0,20.567,621.0,390.0,770.0,18.117,3.0,8.29,roster,0,71.0,52.5,0.8765,54.24,2.5907,0.525,0.2413,3.381,45.04,11.29,0.0,17.9,19.25
2025-10-28 06:00:00,6,26,26,0.0,8.0,18.0,0.0,0.0,1.0,5,5,13,0,13,0,21.567,681.0,450.0,830.0,19.117,3.0,8.29,roster,0,86.0,65.0,1.0617,66.36,4.145,0.65,0.6031,3.3077,55.77,11.29,0.0,19.3,20.75
2025-10-28 07:00:00,7,25,25,0.0,8.0,17.0,0.0,0.0,1.0,2,3,13,0,13,0,22.567,741.0,510.0,890.0,20.117,3.0,8.29,roster,0,83.0,62.5,1.0247,65.61,3.2764,0.625,0.3619,3.32,53.62,11.29,0.0,20.69,22.25
2025-10-28 08:00:00,8,31,31,0.0,7.0,23.0,1.0,0.0,1.0,10,10,13,0,13,0,23.567,801.0,570.0,950.0,21.117,3.0,6.57,roster,0,99.0,77.5,1.2222,79.87,7.3358,0.775,1.5221,3.1935,66.5,11.29,0.0,22.09,23.75
2025-10-28 09:00:00,9,28,28,0.0,6.0,21.0,1.0,0.0,1.0,3,3,14,1,15,1,24.567,630.0,118.0,977.0,22.117,3.0,6.57,roster,0,89.0,70.0,1.1867,89.2,3.6764,0.7,0.4566,3.1786,60.06,13.02,13.4,22.72,24.425
2025-10-28 10:00:00,10,31,31,0.0,8.0,22.0,1.0,0.0,1.0,9,9,13,1,14,1,25.567,780.0,509.0,1037.0,23.117,4.0,11.29,roster,0,100.0,77.5,0.9615,96.16,5.0715,0.775,0.7972,3.2258,66.5,12.16,13.4,24.11,25.925
2025-10-28 11:00:00,11,30,30,0.0,11.0,18.0,1.0,0.0,1.0,10,9,14,1,15,1,26.567,569.0,108.0,930.0,24.117,4.0,11.29,roster,0,100.0,75.0,1.0,92.4,5.1572,0.75,0.7972,3.3333,64.35,13.02,13.4,21.62,23.25
2025-10-28 12:00:00,12,37,37,0.0,13.0,23.0,1.0,0.0,1.0,10,9,15,1,16,1,27.567,258.0,151.0,666.0,17.35,4.0,11.29,roster,0,123.0,92.5,1.2812,102.14,5.725,0.925,0.7972,3.3243,79.36,13.89,13.4,15.48,16.65
2025-10-28 13:00:00,13,40,40,0.0,15.0,24.0,1.0,0.0,1.0,8,7,16,2,18,2,28.567,215.5,129.0,689.0,18.35,4.0,11.29,roster,0,134.0,100.0,1.5227,124.25,5.4271,1.0,0.62,3.35,85.8,15.63,26.8,16.02,17.225
2025-10-28 14:00:00,14,38,38,0.0,14.0,23.0,1.0,0.0,1.0,7,7,16,3,19,3,29.567,189.0,116.0,375.0,18.5,4.0,11.29,roster,0,127.0,95.0,1.5119,126.93,5.2472,0.95,0.62,3.3421,81.51,16.5,40.2,8.72,9.375
2025-10-28 15:00:00,15,36,36,0.0,13.0,23.0,0.0,0.0,1.0,7,6,14,2,16,2,30.567,236.5,176.0,478.0,19.5,4.0,11.29,roster,0,121.0,90.0,1.2604,109.03,4.8112,0.9,0.5314,3.3611,77.22,13.89,26.8,11.11,11.95
2025-10-28 16:00:00,16,29,29,0.0,11.0,18.0,0.0,0.0,1.0,5,5,13,1,14,1,17.5,296.5,211.0,400.0,17.5,4.0,11.29,roster,0,98.0,72.5,0.9423,77.06,3.9466,0.725,0.4429,3.3793,62.2,12.16,13.4,9.3,10.0
2025-10-28 17:00:00,17,33,33,0.0,11.0,21.0,1.0,0.0,1.0,8,8,14,1,15,1,18.5,323.0,188.0,460.0,18.5,4.0,11.29,roster,0,109.0,82.5,1.09,87.9,5.0655,0.825,0.7086,3.303,70.78,13.02,13.4,10.7,11.5
2025-10-28 18:00:00,18,30,30,0.0,11.0,18.0,1.0,0.0,1.0,3,3,15,1,16,1,19.5,367.0,198.0,520.0,19.5,4.0,11.29,roster,0,100.0,75.0,1.0417,83.73,3.3857,0.75,0.2657,3.3333,64.35,13.89,13.4,12.09,13.0
2025-10-28 19:00:00,19,27,27,0.0,11.0,14.0,2.0,0.0,1.0,5,5,15,1,16,1,20.5,349.5,165.0,580.0,20.5,4.0,11.29,roster,0,90.0,67.5,0.9375,78.69,3.7262,0.675,0.4429,3.3333,57.92,13.89,13.4,13.49,14.5
2025-10-28 20:00:00,20,24,24,0.0,6.0,16.0,2.0,0.0,1.0,8,6,14,0,14,0,21.5,343.0,189.0,576.0,21.5,4.0,11.22,roster,0,76.0,60.0,0.7308,57.03,3.5934,0.6,0.5348,3.1667,51.48,12.16,0.0,13.39,14.4
2025-10-28 21:00:00,21,27,27,1.0,6.0,18.0,2.0,0.0,1.0,6,6,13,0,13,0,22.5,378.0,249.0,636.0,22.5,4.0,11.22,roster,0,87.0,67.5,0.8056,63.99,3.8981,0.675,0.5348,3.2222,57.92,11.29,0.0,14.79,15.9
2025-10-28 22:00:00,22,36,36,1.0,7.0,26.0,2.0,0.0,1.0,14,14,14,0,14,0,23.5,405.5,305.0,696.0,23.5,3.0,6.5,roster,0,115.0,90.0,1.4744,85.56,9.7553,0.9,2.1538,3.1944,77.22,12.16,0.0,16.18,17.4
2025-10-28 23:00:00,23,36,36,1.0,7.0,26.0,2.0,0.0,1.0,9,7,18,1,19,1,24.5,369.0,103.0,631.0,24.5,3.0,6.5,roster,0,115.0,90.0,1.8254,101.79,6.3152,0.9,1.0769,3.1944,77.22,16.5,13.4,14.67,15.775
2025-10-29 00:00:00,0,31,31,1.0,7.0,21.0,2.0,0.0,1.0,2,2,20,0,20,0,25.5,427.0,163.0,691.0,25.5,3.0,6.5,roster,0,100.0,77.5,1.6667,79.93,3.4926,0.775,0.3077,3.2258,66.5,17.37,0.0,16.07,17.275
2025-10-29 01:00:00,1,28,28,1.0,6.0,18.0,3.0,0.0,1.0,5,5,21,0,21,0,26.5,485.0,213.0,668.0,26.5,3.0,6.5,roster,0,89.0,70.0,1.5614,73.83,4.6701,0.7,0.7692,3.1786,60.06,18.23,0.0,15.53,16.7
2025-10-29 02:00:00,2,30,30,1.0,6.0,19.0,4.0,0.0,1.0,5,5,22,1,23,1,27.5,517.0,252.0,728.0,27.5,3.0,6.5,roster,0,94.0,75.0,1.8431,94.65,4.7603,0.75,0.7692,3.1333,64.35,19.97,13.4,16.93,18.2
2025-10-29 03:00:00,3,34,34,1.0,7.0,23.0,3.0,0.0,1.0,6,6,23,1,24,1,28.5,496.5,312.0,788.0,28.5,3.0,6.5,roster,0,108.0,85.0,2.25,105.49,5.6321,0.85,0.9231,3.1765,72.93,20.84,13.4,18.32,19.7
2025-10-29 04:00:00,4,27,27,1.0,6.0,17.0,3.0,0.0,1.0,0,0,22,1,23,1,29.5,637.0,372.0,848.0,29.5,3.0,6.5,roster,0,86.0,67.5,1.6863,91.0,2.15,0.675,0.0,3.1852,57.92,19.97,13.4,19.72,21.2
2025-10-29 05:00:00,5,28,28,1.0,6.0,19.0,2.0,0.0,1.0,3,3,22,1,23,1,30.5,697.0,432.0,908.0,30.5,3.0,6.5,roster,0,90.0,70.0,1.7647,94.54,3.7335,0.7,0.4615,3.2143,60.06,19.97,13.4,21.11,22.7
2025-10-29 06:00:00,6,31,31,1.0,6.0,23.0,1.0,0.0,1.0,4,4,22,2,24,2,31.5,676.5,492.0,968.0,31.5,3.0,6.5,roster,0,100.0,77.5,2.0833,116.64,4.4851,0.775,0.6154,3.2258,66.5,20.84,26.8,22.51,24.2
2025-10-29 07:00:00,7,30,30,1.0,6.0,22.0,1.0,0.0,1.0,1,2,22,1,23,1,32.5,817.0,552.0,1028.0,32.5,3.0,6.5,roster,0,97.0,75.0,1.902,101.62,3.4199,0.75,0.3077,3.2333,64.35,19.97,13.4,23.9,25.7
2025-10-29 08:00:00,8,34,34,1.0,6.0,26.0,1.0,0.0,1.0,6,6,22,1,23,1,33.5,877.0,612.0,1088.0,33.5,3.0,6.67,roster,0,109.0,85.0,2.1373,111.6,5.6089,0.85,0.8996,3.2059,72.93,19.97,13.4,25.3,27.2
2025-10-29 09:00:00,9,37,37,2.0,8.0,26.0,1.0,0.0,1.0,9,9,22,1,23,1,34.5,769.0,499.0,1098.0,34.5,3.0,6.67,roster,0,122.0,92.5,2.3922,118.26,7.4991,0.925,1.3493,3.2973,79.36,19.97,13.4,25.53,27.45
2025-10-29 10:00:00,10,38,38,2.0,8.0,24.0,4.0,0.0,1.0,6,6,23,2,25,2,35.5,732.0,156.0,1093.0,35.5,4.0,10.37,roster,0,122.0,95.0,2.0333,135.43,4.9076,0.95,0.5786,3.2105,81.51,21.71,26.8,25.41,27.325
2025-10-29 11:00:00,11,45,45,2.0,9.0,28.0,6.0,0.0,1.0,11,11,23,2,25,2,36.5,747.0,210.0,1125.0,36.5,4.0,10.37,roster,0,142.0,112.5,2.3667,151.19,6.8973,1.125,1.0608,3.1556,96.52,21.71,26.8,26.16,28.125
2025-10-29 12:00:00,12,38,38,2.0,8.0,23.0,5.0,0.0,1.0,6,6,19,1,20,1,37.5,743.0,209.0,1213.0,37.5,4.0,10.37,roster,0,121.0,95.0,1.5125,120.48,4.8674,0.95,0.5786,3.1842,81.51,17.37,13.4,28.2,30.325
2025-10-29 13:00:00,13,34,34,2.0,6.0,22.0,4.0,0.0,1.0,6,6,22,1,23,1,38.5,336.0,193.0,1177.0,38.5,4.0,10.37,roster,0,108.0,85.0,1.5882,113.67,4.5379,0.85,0.5786,3.1765,72.93,19.97,13.4,27.37,29.425
2025-10-29 14:00:00,14,32,32,2.0,6.0,20.0,4.0,0.0,1.0,9,8,20,1,21,1,39.5,323.0,177.0,1069.0,39.5,4.0,10.37,roster,0,102.0,80.0,1.3421,105.13,5.009,0.8,0.7715,3.1875,68.64,18.23,13.4,24.85,26.725
2025-10-29 15:00:00,15,30,30,2.0,5.0,20.0,3.0,0.0,1.0,10,10,15,1,16,1,40.5,386.0,237.0,1129.0,40.5,4.0,10.37,roster,0,96.0,75.0,1.0,97.89,5.4858,0.75,0.9643,3.2,64.35,13.89,13.4,26.25,28.225
2025-10-29 16:00:00,16,31,31,2.0,6.0,22.0,1.0,0.0,1.0,6,7,14,1,15,1,41.5,449.0,191.0,1189.0,41.5,4.0,10.37,roster,0,102.0,77.5,1.02,100.56,4.771,0.775,0.675,3.2903,66.5,13.02,13.4,27.64,29.725
2025-10-29 17:00:00,17,31,31,3.0,5.0,22.0,1.0,0.0,1.0,7,7,15,2,17,2,42.5,503.0,237.0,1152.0,42.5,4.0,10.37,roster,0,103.0,77.5,1.1196,114.84,4.8178,0.775,0.675,3.3226,66.5,14.76,26.8,26.78,28.8
2025-10-29 18:00:00,18,34,34,3.0,7.0,22.0,2.0,0.0,1.0,8,8,17,2,19,2,43.5,493.0,230.0,1212.0,43.5,4.0,10.37,roster,0,113.0,85.0,1.3452,124.41,5.389,0.85,0.7715,3.3235,72.93,16.5,26.8,28.18,30.3
2025-10-29 19:00:00,19,32,32,2.0,5.0,21.0,4.0,0.0,1.0,7,7,16,2,18,2,44.5,515.0,220.0,1272.0,44.5,4.0,10.37,roster,0,101.0,80.0,1.1477,120.64,4.6555,0.8,0.675,3.1562,68.64,15.63,26.8,29.57,31.8
2025-10-29 20:00:00,20,35,35,2.0,7.0,24.0,1.0,1.0,1.0,13,12,15,1,16,1,45.5,648.0,219.0,1429.0,45.5,4.0,10.71,roster,0,113.0,87.5,1.1771,115.59,6.4424,0.875,1.1204,3.2286,75.08,13.89,13.4,33.22,35.725
2025-10-29 21:00:00,21,34,34,3.0,8.0,22.0,1.0,0.0,1.0,8,8,15,1,16,1,46.5,617.0,242.0,1489.0,46.5,4.0,10.71,roster,0,115.0,85.0,1.1979,114.84,5.4015,0.85,0.747,3.3824,72.93,13.89,13.4,34.62,37.225
2025-10-29 22:00:00,22,33,33,3.0,7.0,20.0,3.0,0.0,1.0,9,8,17,1,18,1,47.5,544.0,227.0,1452.0,47.5,3.0,7.01,roster,0,109.0,82.5,1.6515,113.57,6.4945,0.825,1.1412,3.303,70.78,15.63,13.4,33.76,36.3
2025-10-29 23:00:00,23,33,33,3.0,5.0,22.0,3.0,0.0,1.0,6,6,17,1,18,1,48.5,604.0,287.0,1512.0,48.5,3.0,7.01,roster,0,107.0,82.5,1.6212,114.97,5.4503,0.825,0.8559,3.2424,70.78,15.63,13.4,35.15,37.8
2025-10-30 00:00:00,0,32,32,3.0,5.0,23.0,1.0,0.0,1.0,5,5,17,1,18,1,49.5,664.0,347.0,1572.0,49.5,3.0,7.01,roster,0,106.0,80.0,1.6061,114.22,5.0127,0.8,0.7133,3.3125,68.64,15.63,13.4,36.55,39.3
2025-10-30 01:00:00,1,27,27,3.0,6.0,17.0,1.0,0.0,1.0,3,2,17,1,18,1,50.5,724.0,407.0,1632.0,50.5,3.0,7.01,roster,0,92.0,67.5,1.3939,104.89,3.2722,0.675,0.2853,3.4074,57.92,15.63,13.4,37.94,40.8
2025-10-30 02:00:00,2,28,28,4.0,5.0,18.0,1.0,0.0,1.0,2,2,17,1,18,1,51.5,784.0,467.0,1692.0,51.5,3.0,7.01,roster,0,96.0,70.0,1.4545,108.43,3.3782,0.7,0.2853,3.4286,60.06,15.63,13.4,39.34,42.3
2025-10-30 03:00:00,3,28,28,4.0,4.0,19.0,1.0,0.0,1.0,4,4,18,0,18,0,52.5,738.0,471.0,1752.0,52.5,3.0,7.01,roster,0,95.0,70.0,1.4394,96.42,4.311,0.7,0.5706,3.3929,60.06,15.63,0.0,40.73,43.8
2025-10-30 04:00:00,4,29,29,3.0,4.0,21.0,1.0,0.0,1.0,6,5,18,0,18,0,53.5,798.0,531.0,1812.0,53.5,3.0,7.01,roster,0,96.0,72.5,1.4545,99.96,4.7612,0.725,0.7133,3.3103,62.2,15.63,0.0,42.13,45.3
2025-10-30 05:00:00,5,30,30,4.0,4.0,21.0,1.0,0.0,1.0,5,5,19,0,19,0,54.5,759.0,538.0,1872.0,54.5,3.0,7.01,roster,0,101.0,75.0,1.6032,104.37,4.9263,0.75,0.7133,3.3667,64.35,16.5,0.0,43.52,46.8
2025-10-30 06:00:00,6,29,29,4.0,4.0,19.0,2.0,0.0,1.0,2,2,20,0,20,0,55.5,800.5,598.0,1932.0,55.5,3.0,7.01,roster,0,97.0,72.5,1.6167,104.49,3.3793,0.725,0.2853,3.3448,62.2,17.37,0.0,44.92,48.3
2025-10-30 07:00:00,7,26,26,4.0,4.0,17.0,1.0,0.0,1.0,0,0,21,0,21,0,56.5,842.0,634.0,1416.0,56.5,3.0,7.01,roster,0,89.0,65.0,1.5614,86.93,2.225,0.65,0.0,3.4231,55.77,18.23,0.0,32.92,35.4
2025-10-30 08:00:00,8,29,29,5.0,4.0,18.0,2.0,0.0,1.0,5,3,21,0,21,0,57.5,902.0,694.0,1476.0,57.5,3.0,7.68,roster,0,99.0,72.5,1.7368,94.76,3.8085,0.725,0.3906,3.4138,62.2,18.23,0.0,34.32,36.9
2025-10-30 09:00:00,9,32,32,5.0,4.0,20.0,3.0,0.0,1.0,7,7,20,0,20,0,58.5,921.0,448.0,2112.0,58.5,3.0,7.68,roster,0,107.0,80.0,1.7833,115.11,5.7227,0.8,0.9115,3.3438,68.64,17.37,0.0,49.1,52.8
2025-10-30 10:00:00,10,39,39,5.0,4.0,25.0,5.0,0.0,1.0,9,9,19,0,19,0,59.5,947.0,365.0,2172.0,59.5,4.0,11.0,roster,0,126.0,97.5,1.5,130.65,5.7934,0.975,0.8182,3.2308,83.66,16.5,0.0,50.5,54.3
2025-10-30 11:00:00,11,38,38,5.0,4.0,25.0,4.0,0.0,1.0,8,8,18,0,18,0,60.5,952.5,425.0,2232.0,60.5,4.0,11.0,roster,0,124.0,95.0,1.4091,129.03,5.4732,0.95,0.7273,3.2632,81.51,15.63,0.0,51.89,55.8
2025-10-30 12:00:00,12,43,43,5.0,6.0,30.0,2.0,0.0,1.0,11,11,19,0,19,0,61.5,958.0,454.0,2292.0,61.5,4.0,11.0,roster,0,143.0,107.5,1.7024,142.02,6.9006,1.075,1.0,3.3256,92.24,16.5,0.0,53.29,57.3
2025-10-30 13:00:00,13,49,49,4.0,8.0,36.0,1.0,0.0,1.0,13,13,20,0,20,0,62.5,841.0,317.0,1451.0,62.5,4.0,11.0,roster,0,162.0,122.5,2.025,136.21,7.9572,1.225,1.1818,3.3061,105.1,17.37,0.0,33.74,36.275
2025-10-30 14:00:00,14,42,42,4.0,6.0,30.0,2.0,0.0,1.0,8,9,15,0,15,0,52.667,574.0,140.0,1262.0,52.667,4.0,11.0,roster,0,138.0,105.0,1.38,112.46,6.1383,1.05,0.8182,3.2857,90.09,13.02,0.0,29.34,31.55
2025-10-30 15:00:00,15,34,34,3.0,4.0,26.0,1.0,0.0,1.0,4,4,16,0,16,0,53.667,215.5,127.0,1322.0,53.667,4.0,11.0,roster,0,111.0,85.0,1.1562,97.56,3.9622,0.85,0.3636,3.2647,72.93,13.89,0.0,30.74,33.05
2025-10-30 16:00:00,16,26,26,1.0,3.0,22.0,0.0,0.0,1.0,4,4,12,1,13,1,54.667,233.0,164.0,291.0,54.667,4.0,11.0,roster,0,83.0,65.0,0.7685,67.22,3.2358,0.65,0.3636,3.1923,55.77,11.29,13.4,6.77,7.275
2025-10-30 17:00:00,17,30,30,1.0,5.0,24.0,0.0,0.0,1.0,6,5,13,1,14,1,55.667,270.0,200.0,351.0,55.667,4.0,11.0,roster,0,97.0,75.0,0.9327,78.07,3.8947,0.75,0.4545,3.2333,64.35,12.16,13.4,8.16,8.775
2025-10-30 18:00:00,18,33,33,1.0,5.0,27.0,0.0,0.0,1.0,9,8,16,1,17,1,56.667,288.0,193.0,380.0,56.667,4.0,11.0,roster,0,106.0,82.5,1.1522,87.78,4.9861,0.825,0.7273,3.2121,70.78,14.76,13.4,8.84,9.5
2025-10-30 19:00:00,19,38,38,1.0,6.0,30.0,1.0,0.0,1.0,11,9,17,1,18,1,23.533,332.0,171.0,433.0,22.967,4.0,11.0,roster,0,121.0,95.0,1.375,100.61,5.6303,0.95,0.8182,3.1842,81.51,15.63,13.4,10.07,10.825
2025-10-30 20:00:00,20,39,39,1.0,6.0,31.0,1.0,0.0,1.0,9,8,18,3,21,3,24.533,313.0,146.0,427.0,23.967,4.0,11.2,roster,0,124.0,97.5,1.6316,132.02,5.3711,0.975,0.7143,3.1795,83.66,18.23,40.2,9.93,10.675
2025-10-30 21:00:00,21,40,40,1.0,8.0,31.0,0.0,0.0,1.0,7,7,19,3,22,3,25.533,342.0,191.0,487.0,24.967,4.0,11.2,roster,0,130.0,100.0,1.8056,136.43,5.2812,1.0,0.625,3.25,85.8,19.1,40.2,11.32,12.175
2025-10-30 22:00:00,22,40,40,1.0,7.0,32.0,0.0,0.0,1.0,5,5,20,2,22,2,26.533,402.0,251.0,547.0,25.967,3.0,7.88,roster,0,129.0,100.0,2.3889,124.42,5.2713,1.0,0.6345,3.225,85.8,19.1,26.8,12.72,13.675
2025-10-30 23:00:00,23,41,41,1.0,6.0,34.0,0.0,0.0,1.0,9,8,20,1,21,1,27.533,493.0,326.0,607.0,26.967,3.0,7.88,roster,0,131.0,102.5,2.2982,113.69,6.5188,1.025,1.0152,3.1951,87.94,18.23,13.4,14.11,15.175
2025-10-31 00:00:00,0,38,38,1.0,6.0,31.0,0.0,0.0,1.0,8,7,21,1,22,1,28.533,522.0,371.0,667.0,27.967,3.0,7.88,roster,0,122.0,95.0,2.2593,109.52,5.902,0.95,0.8883,3.2105,81.51,19.1,13.4,15.51,16.675
2025-10-31 01:00:00,1,35,35,1.0,6.0,28.0,0.0,0.0,1.0,4,4,21,1,22,1,29.533,582.0,431.0,727.0,28.967,3.0,7.88,roster,0,113.0,87.5,2.0926,104.48,4.4639,0.875,0.5076,3.2286,75.08,19.1,13.4,16.9,18.175
2025-10-31 02:00:00,2,33,33,1.0,6.0,26.0,0.0,0.0,1.0,2,2,21,0,21,0,30.533,611.0,491.0,787.0,29.967,3.0,7.88,roster,0,107.0,82.5,1.8772,87.32,3.498,0.825,0.2538,3.2424,70.78,18.23,0.0,18.3,19.675
2025-10-31 03:00:00,3,32,32,1.0,4.0,27.0,0.0,0.0,1.0,2,2,21,0,21,0,31.533,671.0,551.0,847.0,30.967,3.0,7.88,roster,0,102.0,80.0,1.7895,86.57,3.359,0.8,0.2538,3.1875,68.64,18.23,0.0,19.69,21.175
2025-10-31 04:00:00,4,29,29,1.0,4.0,24.0,0.0,0.0,1.0,2,1,21,0,21,0,32.533,731.0,611.0,907.0,31.967,3.0,7.88,roster,0,93.0,72.5,1.6316,81.53,2.732,0.725,0.1269,3.2069,62.2,18.23,0.0,21.09,22.675
2025-10-31 05:00:00,5,31,31,1.0,4.0,25.0,1.0,0.0,1.0,2,2,21,0,21,0,33.533,791.0,671.0,967.0,32.967,3.0,7.88,roster,0,98.0,77.5,1.7193,87.21,3.2524,0.775,0.2538,3.1613,66.5,18.23,0.0,22.48,24.175
2025-10-31 06:00:00,6,30,30,1.0,4.0,25.0,0.0,0.0,1.0,1,1,21,0,21,0,34.533,851.0,731.0,1027.0,33.967,3.0,7.88,roster,0,96.0,75.0,1.6842,86.46,2.8061,0.75,0.1269,3.2,64.35,18.23,0.0,23.88,25.675
2025-10-31 07:00:00,7,28,28,1.0,4.0,23.0,0.0,0.0,1.0,1,0,21,0,21,0,35.533,911.0,791.0,1087.0,34.967,3.0,7.88,roster,0,90.0,70.0,1.5789,83.57,2.25,0.7,0.0,3.2143,60.06,18.23,0.0,25.27,27.175
2025-10-31 08:00:00,8,34,34,1.0,5.0,27.0,1.0,0.0,1.0,7,6,21,0,21,0,36.533,971.0,851.0,1147.0,35.967,3.0,6.64,roster,0,108.0,85.0,1.8947,97.83,5.5703,0.85,0.9036,3.1765,72.93,18.23,0.0,26.67,28.675
2025-10-31 09:00:00,9,37,37,1.0,6.0,29.0,1.0,0.0,1.0,6,6,21,0,21,0,37.533,1011.0,885.0,1188.0,36.967,3.0,6.64,roster,0,118.0,92.5,2.0702,105.22,5.8318,0.925,0.9036,3.1892,79.36,18.23,0.0,27.62,29.7
2025-10-31 10:00:00,10,39,39,2.0,7.0,29.0,1.0,0.0,1.0,10,10,20,0,20,0,37.967,1081.0,971.0,1267.0,37.967,4.0,10.34,roster,0,127.0,97.5,1.5875,110.48,6.3243,0.975,0.9671,3.2564,83.66,17.37,0.0,29.46,31.675
2025-10-31 11:00:00,11,38,38,3.0,7.0,27.0,1.0,0.0,1.0,8,8,17,1,18,1,38.967,1018.0,205.0,1308.0,38.967,4.0,10.34,roster,0,126.0,95.0,1.4318,120.95,5.7154,0.95,0.7737,3.3158,81.51,15.63,13.4,30.41,32.7
2025-10-31 12:00:00,12,36,36,2.0,9.0,24.0,1.0,0.0,1.0,7,7,16,2,18,2,37.767,877.5,147.0,1140.0,24.85,4.0,10.34,roster,0,120.0,90.0,1.3636,126.15,5.2566,0.9,0.677,3.3333,77.22,15.63,26.8,26.51,28.5
2025-10-31 13:00:00,13,41,41,2.0,13.0,25.0,1.0,0.0,1.0,9,9,17,2,19,2,38.767,325.0,172.0,1151.0,25.85,4.0,10.34,roster,0,139.0,102.5,1.6548,138.0,6.4259,1.025,0.8704,3.3902,87.94,16.5,26.8,26.76,28.775
2025-10-31 14:00:00,14,41,41,1.0,16.0,22.0,1.0,1.0,1.0,6,6,17,2,19,2,39.767,267.0,149.0,1185.0,24.333,4.0,10.34,roster,0,138.0,102.5,1.6429,138.79,5.4031,1.025,0.5803,3.3659,87.94,16.5,26.8,27.55,29.625
2025-10-31 15:00:00,15,41,41,1.0,16.0,23.0,1.0,0.0,1.0,12,12,11,3,14,3,40.767,312.5,189.0,1121.0,25.333,4.0,10.34,roster,0,140.0,102.5,1.3462,146.36,7.4628,1.025,1.1605,3.4146,87.94,12.16,40.2,26.06,28.025
2025-10-31 16:00:00,16,39,39,3.0,15.0,20.0,1.0,0.0,1.0,6,6,10,3,13,3,41.767,352.0,230.0,395.0,23.85,4.0,10.34,roster,0,137.0,97.5,1.2685,124.33,5.4634,0.975,0.5803,3.5128,83.66,11.29,40.2,9.18,9.875
2025-10-31 17:00:00,17,40,40,3.0,11.0,23.0,3.0,0.0,1.0,7,7,9,4,13,4,42.767,329.0,236.0,455.0,24.85,4.0,10.34,roster,0,134.0,100.0,1.2407,141.27,5.6179,1.0,0.677,3.35,85.8,11.29,53.6,10.58,11.375
2025-10-31 18:00:00,18,32,32,2.0,7.0,20.0,3.0,0.0,1.0,6,6,11,3,14,3,43.767,359.5,162.0,478.0,25.85,4.0,10.34,roster,0,104.0,80.0,1.0,112.11,4.4859,0.8,0.5803,3.25,68.64,12.16,40.2,11.11,11.95
2025-10-31 19:00:00,19,25,25,2.0,6.0,15.0,2.0,0.0,1.0,3,3,8,3,11,3,44.767,271.0,122.0,538.0,26.85,4.0,10.34,roster,0,83.0,62.5,0.7155,95.88,3.0382,0.625,0.2901,3.32,53.62,9.55,40.2,12.51,13.45
2025-10-31 20:00:00,20,17,17,1.0,3.0,12.0,1.0,0.0,1.0,4,4,6,1,7,1,45.767,470.0,182.0,598.0,27.85,4.0,10.06,roster,0,55.0,42.5,0.4167,49.85,2.6614,0.425,0.3976,3.2353,36.46,6.08,13.4,13.9,14.95
2025-10-31 21:00:00,21,21,21,1.0,3.0,15.0,2.0,0.0,1.0,12,10,4,1,5,1,46.767,530.0,245.0,549.0,10.967,4.0,10.06,roster,0,66.0,52.5,0.4714,55.55,4.7741,0.525,0.994,3.1429,45.04,4.34,13.4,12.76,13.725
2025-10-31 22:00:00,22,21,21,1.0,3.0,16.0,1.0,0.0,1.0,8,6,5,2,7,2,47.767,302.0,107.0,609.0,11.967,3.0,6.36,roster,0,67.0,52.5,0.6768,72.08,4.6849,0.525,0.9434,3.1905,45.04,6.08,26.8,14.16,15.225
2025-10-31 23:00:00,23,24,24,1.0,4.0,18.0,1.0,0.0,1.0,11,10,5,1,6,1,48.767,172.5,121.0,669.0,12.967,3.0,6.36,roster,0,77.0,60.0,0.7549,65.64,6.9695,0.6,1.5723,3.2083,51.48,5.21,13.4,15.55,16.725
