ts,hour,total,census,l1,l2,l3,l4,l5,tri_coverage,arrivals,arrival_present_1h,waitBed,waitICU,D_board,resus,maxLOS_h,awt_curr_min,board_q1_min,board_q3_min,board_max_h,Na,cap_sum,cap_source,src_gap,acuity,OCCUPANCY,EDWIN,NEDOCS,READI,READI_BR,READI_PR,READI_AR,NEDOCS_t_total,NEDOCS_t_board,NEDOCS_t_resus,NEDOCS_t_longest_admit,NEDOCS_E_h
2024-01-01 00:00:00,0,28,28,2.0,5.0,18.0,3.0,0.0,1.0,8,6,6,2,8,2,19.683,460.5,261.0,832.0,14.0,3.0,7.76,roster,0,90.0,70.0,0.9375,93.15,4.7353,0.7,0.7732,3.2143,60.06,6.95,26.8,19.34,20.8
2024-01-01 01:00:00,1,27,27,2.0,5.0,19.0,1.0,0.0,1.0,8,8,8,2,10,2,20.683,403.5,261.0,860.0,15.0,3.0,7.76,roster,0,89.0,67.5,0.9889,93.39,5.6232,0.675,1.0309,3.2963,57.92,8.68,26.8,20.0,21.5
2024-01-01 02:00:00,2,35,35,2.0,5.0,26.0,2.0,0.0,1.0,13,12,8,2,10,2,21.683,463.5,321.0,920.0,16.0,3.0,7.76,roster,0,112.0,87.5,1.2444,111.95,7.7485,0.875,1.5464,3.2,75.08,8.68,26.8,21.39,23.0
2024-01-01 03:00:00,3,31,31,2.0,4.0,23.0,2.0,0.0,1.0,7,4,8,2,10,2,22.683,523.5,381.0,980.0,17.0,3.0,7.76,roster,0,99.0,77.5,1.1,104.76,4.1212,0.775,0.5155,3.1935,66.5,8.68,26.8,22.78,24.5
2024-01-01 04:00:00,4,28,28,1.0,4.0,21.0,2.0,0.0,1.0,4,4,8,2,10,2,23.683,583.5,441.0,1040.0,18.0,3.0,7.76,roster,0,88.0,70.0,0.9778,99.72,3.82,0.7,0.5155,3.1429,60.06,8.68,26.8,24.18,26.0
2024-01-01 05:00:00,5,23,23,1.0,4.0,16.0,2.0,0.0,1.0,2,1,8,2,10,2,24.683,643.5,501.0,1100.0,19.0,3.0,7.76,roster,0,73.0,57.5,0.8111,90.39,2.234,0.575,0.1289,3.1739,49.33,8.68,26.8,25.58,27.5
2024-01-01 06:00:00,6,24,24,1.0,4.0,15.0,4.0,0.0,1.0,4,4,8,2,10,2,25.683,703.5,561.0,1160.0,20.0,3.0,7.76,roster,0,74.0,60.0,0.8222,93.93,3.4393,0.6,0.5155,3.0833,51.48,8.68,26.8,26.97,29.0
2024-01-01 07:00:00,7,25,25,1.0,6.0,14.0,4.0,0.0,1.0,5,5,8,2,10,2,26.683,763.5,621.0,1220.0,21.0,3.0,7.76,roster,0,79.0,62.5,0.8778,97.47,4.0111,0.625,0.6443,3.16,53.62,8.68,26.8,28.36,30.5
2024-01-01 08:00:00,8,26,26,1.0,6.0,17.0,2.0,0.0,1.0,11,8,10,2,12,2,27.683,736.0,527.0,1280.0,22.0,3.0,7.27,roster,0,84.0,65.0,1.0,102.75,5.6552,0.65,1.1004,3.2308,55.77,10.42,26.8,29.76,32.0
2024-01-01 09:00:00,9,31,31,1.0,6.0,22.0,2.0,0.0,1.0,11,10,10,2,12,2,28.683,766.0,568.0,1340.0,23.0,3.0,7.27,roster,0,99.0,77.5,1.1786,114.87,6.8678,0.775,1.3755,3.1935,66.5,10.42,26.8,31.16,33.5
2024-01-01 10:00:00,10,41,41,3.0,7.0,29.0,2.0,0.0,1.0,17,16,13,2,15,2,29.683,647.0,133.0,1026.0,24.0,4.0,10.59,roster,0,134.0,102.5,1.34,131.62,8.2879,1.025,1.5109,3.2683,87.94,13.02,26.8,23.85,25.65
2024-01-01 11:00:00,11,50,50,2.0,9.0,33.0,6.0,0.0,1.0,21,20,14,3,17,3,30.683,289.0,152.0,921.0,25.0,4.0,10.59,roster,0,157.0,125.0,1.7065,163.62,9.8551,1.25,1.8886,3.14,107.25,14.76,40.2,21.41,23.025
2024-01-01 12:00:00,12,45,45,2.0,9.0,31.0,3.0,0.0,1.0,13,10,13,3,16,3,26.0,291.0,160.0,1146.0,26.0,4.0,10.59,roster,0,145.0,112.5,1.5104,157.26,6.6677,1.125,0.9443,3.2222,96.52,13.89,40.2,26.64,28.65
2024-01-01 13:00:00,13,43,43,2.0,7.0,34.0,0.0,0.0,1.0,14,14,13,3,16,3,27.0,351.0,220.0,1206.0,27.0,4.0,10.59,roster,0,140.0,107.5,1.4583,154.37,7.8042,1.075,1.322,3.2558,92.24,13.89,40.2,28.04,30.15
2024-01-01 14:00:00,14,41,41,2.0,7.0,31.0,1.0,0.0,1.0,10,8,11,3,14,3,28.0,357.0,277.0,1101.0,28.0,4.0,10.59,roster,0,133.0,102.5,1.2788,145.9,5.7755,1.025,0.7554,3.2439,87.94,12.16,40.2,25.6,27.525
2024-01-01 15:00:00,15,38,38,2.0,7.0,29.0,0.0,0.0,1.0,12,10,12,3,15,3,29.0,345.0,246.0,1161.0,29.0,4.0,10.59,roster,0,125.0,95.0,1.25,141.73,6.2312,0.95,0.9443,3.2895,81.51,13.02,40.2,26.99,29.025
2024-01-01 16:00:00,16,36,36,2.0,9.0,25.0,0.0,0.0,1.0,16,11,10,3,13,3,30.0,461.0,306.0,1221.0,30.0,4.0,10.59,roster,0,121.0,90.0,1.1204,137.1,6.5162,0.9,1.0387,3.3611,77.22,11.29,40.2,28.39,30.525
2024-01-01 17:00:00,17,37,37,2.0,9.0,20.0,6.0,0.0,1.0,16,13,10,3,13,3,31.0,521.0,366.0,1281.0,31.0,4.0,10.59,roster,0,118.0,92.5,1.0926,140.64,6.865,0.925,1.2276,3.1892,79.36,11.29,40.2,29.78,32.025
2024-01-01 18:00:00,18,38,38,2.0,8.0,20.0,8.0,0.0,1.0,13,11,11,3,14,3,32.0,553.0,248.0,1341.0,32.0,4.0,10.59,roster,0,118.0,95.0,1.1346,145.04,6.1755,0.95,1.0387,3.1053,81.51,12.16,40.2,31.18,33.525
2024-01-01 19:00:00,19,30,30,2.0,9.0,13.0,6.0,0.0,1.0,10,9,10,3,13,3,33.0,585.0,308.0,1401.0,33.0,4.0,10.59,roster,0,97.0,75.0,0.8981,128.41,5.1729,0.75,0.8499,3.2333,64.35,11.29,40.2,32.57,35.025
2024-01-01 20:00:00,20,25,25,2.0,8.0,12.0,2.0,1.0,1.0,10,6,10,3,13,3,34.0,645.0,224.0,1461.0,34.0,4.0,11.08,roster,0,83.0,62.5,0.7685,119.08,3.8728,0.625,0.5415,3.32,53.62,11.29,40.2,33.97,36.525
2024-01-01 21:00:00,21,29,29,2.0,8.0,17.0,2.0,0.0,1.0,10,9,9,3,12,3,35.0,797.0,428.0,1686.0,35.0,4.0,11.08,roster,0,97.0,72.5,0.8661,132.02,5.1419,0.725,0.8123,3.3448,62.2,10.42,40.2,39.2,42.15
2024-01-01 22:00:00,22,27,27,2.0,6.0,16.0,3.0,0.0,1.0,7,5,10,4,14,4,36.0,762.5,193.0,1581.0,36.0,3.0,7.76,roster,0,88.0,67.5,1.1282,140.43,4.3,0.675,0.6443,3.2593,57.92,12.16,53.6,36.76,39.525
2024-01-01 23:00:00,23,27,27,2.0,6.0,15.0,4.0,0.0,1.0,11,8,9,4,13,4,37.0,820.0,253.0,1581.0,37.0,3.0,7.76,roster,0,87.0,67.5,1.0741,139.56,5.4969,0.675,1.0309,3.2222,57.92,11.29,53.6,36.76,39.525
2024-01-02 00:00:00,0,30,30,2.0,7.0,17.0,3.0,1.0,1.0,10,7,10,4,14,4,38.0,744.0,224.0,1641.0,38.0,3.0,7.76,roster,0,96.0,75.0,1.2308,148.26,5.2866,0.75,0.9021,3.2,64.35,12.16,53.6,38.15,41.025
2024-01-02 01:00:00,1,25,25,2.0,7.0,13.0,3.0,0.0,1.0,2,2,10,4,14,4,39.0,804.0,284.0,1701.0,39.0,3.0,7.76,roster,0,83.0,62.5,1.0641,138.93,2.9307,0.625,0.2577,3.32,53.62,12.16,53.6,39.55,42.525
2024-01-02 02:00:00,2,26,26,2.0,6.0,14.0,4.0,0.0,1.0,7,5,10,4,14,4,40.0,864.0,344.0,1761.0,40.0,3.0,7.76,roster,0,84.0,65.0,1.0769,142.47,4.1817,0.65,0.6443,3.2308,55.77,12.16,53.6,40.94,44.025
2024-01-02 03:00:00,3,27,27,2.0,7.0,16.0,2.0,0.0,1.0,7,5,10,4,14,4,41.0,924.0,404.0,1821.0,41.0,3.0,7.76,roster,0,90.0,67.5,1.1538,146.01,4.3978,0.675,0.6443,3.3333,57.92,12.16,53.6,42.34,45.525
2024-01-02 04:00:00,4,26,26,2.0,6.0,16.0,2.0,0.0,1.0,0,0,12,4,16,4,42.0,770.5,441.0,1881.0,42.0,3.0,7.76,roster,0,86.0,65.0,1.1944,147.0,2.15,0.65,0.0,3.3077,55.77,13.89,53.6,43.73,47.025
2024-01-02 05:00:00,5,32,32,2.0,7.0,21.0,2.0,0.0,1.0,7,7,12,4,16,4,43.0,830.5,501.0,1941.0,43.0,3.0,7.76,roster,0,105.0,80.0,1.4583,161.26,5.5849,0.8,0.9021,3.2812,68.64,13.89,53.6,45.13,48.525
2024-01-02 06:00:00,6,33,33,2.0,7.0,22.0,2.0,0.0,1.0,4,4,14,4,18,4,44.0,743.0,442.0,1429.0,44.0,3.0,7.76,roster,0,108.0,82.5,1.6364,153.24,4.387,0.825,0.5155,3.2727,70.78,15.63,53.6,33.22,35.725
2024-01-02 07:00:00,7,29,29,3.0,6.0,19.0,1.0,0.0,1.0,2,2,14,4,18,4,45.0,803.0,502.0,1489.0,45.0,3.0,7.76,roster,0,98.0,72.5,1.4848,146.05,3.321,0.725,0.2577,3.3793,62.2,15.63,53.6,34.62,37.225
2024-01-02 08:00:00,8,34,34,3.0,6.0,22.0,3.0,0.0,1.0,8,7,14,5,19,5,46.0,793.0,348.0,1549.0,46.0,3.0,6.96,roster,0,111.0,85.0,1.7619,172.44,6.0585,0.85,1.0057,3.2647,72.93,16.5,67.0,36.01,38.725
2024-01-02 09:00:00,9,37,37,3.0,8.0,23.0,3.0,0.0,1.0,9,7,14,5,19,5,47.0,853.0,408.0,1609.0,47.0,3.0,6.96,roster,0,122.0,92.5,1.9365,180.27,6.3662,0.925,1.0057,3.2973,79.36,16.5,67.0,37.41,40.225
2024-01-02 10:00:00,10,37,37,4.0,6.0,26.0,1.0,0.0,1.0,10,10,14,5,19,5,48.0,801.0,345.0,1669.0,48.0,4.0,10.28,roster,0,124.0,92.5,1.4762,181.67,6.3601,0.925,0.9728,3.3514,79.36,16.5,67.0,38.8,41.725
2024-01-02 11:00:00,11,37,37,3.0,6.0,26.0,2.0,0.0,1.0,6,6,15,5,20,5,49.0,797.5,243.0,1729.0,49.0,4.0,10.28,roster,0,121.0,92.5,1.5125,183.93,4.9337,0.925,0.5837,3.2703,79.36,17.37,67.0,40.2,43.225
2024-01-02 12:00:00,12,41,41,3.0,6.0,30.0,2.0,0.0,1.0,10,10,16,5,21,5,50.0,588.0,186.0,1605.0,50.0,4.0,10.28,roster,0,133.0,102.5,1.75,190.5,6.4805,1.025,0.9728,3.2439,87.94,18.23,67.0,37.32,40.125
2024-01-02 13:00:00,13,45,45,3.0,10.0,30.0,2.0,0.0,1.0,13,12,18,5,23,5,51.0,525.0,213.0,1665.0,51.0,4.0,10.28,roster,0,149.0,112.5,2.1912,202.21,7.5901,1.125,1.1673,3.3111,96.52,19.97,67.0,38.71,41.625
2024-01-02 14:00:00,14,45,45,3.0,11.0,30.0,1.0,0.0,1.0,9,9,18,5,23,5,52.0,306.0,144.0,1725.0,52.0,4.0,10.28,roster,0,151.0,112.5,2.2206,203.6,6.7127,1.125,0.8755,3.3556,96.52,19.97,67.0,40.11,43.125
2024-01-02 15:00:00,15,40,40,2.0,9.0,27.0,2.0,0.0,1.0,10,10,17,2,19,2,52.867,333.0,189.0,645.0,52.867,4.0,10.28,roster,0,131.0,100.0,1.5595,124.09,6.4608,1.0,0.9728,3.275,85.8,16.5,26.8,15.0,16.125
2024-01-02 16:00:00,16,44,44,1.0,9.0,32.0,2.0,0.0,1.0,14,14,19,1,20,1,53.867,292.5,205.0,426.0,53.867,4.0,10.28,roster,0,141.0,110.0,1.7625,115.05,7.8892,1.1,1.3619,3.2045,94.38,17.37,13.4,9.9,10.65
2024-01-02 17:00:00,17,47,47,1.0,9.0,28.0,9.0,0.0,1.0,9,9,22,1,23,1,54.867,318.0,160.0,480.0,54.867,4.0,10.28,roster,0,143.0,117.5,2.1029,125.35,6.2387,1.175,0.8755,3.0426,100.82,19.97,13.4,11.16,12.0
2024-01-02 18:00:00,18,32,32,1.0,9.0,20.0,2.0,0.0,1.0,2,3,21,0,21,0,55.867,378.0,273.0,540.0,55.867,4.0,10.28,roster,0,105.0,80.0,1.3816,79.43,3.5826,0.8,0.2918,3.2812,68.64,18.23,0.0,12.56,13.5
2024-01-02 19:00:00,19,35,35,1.0,8.0,20.0,4.0,2.0,1.0,12,10,19,0,19,0,56.867,438.0,246.0,600.0,56.867,4.0,10.28,roster,0,107.0,87.5,1.2738,85.52,5.6489,0.875,0.9728,3.0571,75.08,16.5,0.0,13.95,15.0
2024-01-02 20:00:00,20,38,38,1.0,9.0,22.0,5.0,1.0,1.0,16,15,17,0,17,0,15.75,498.0,340.0,637.0,15.75,4.0,9.82,roster,0,118.0,95.0,1.2826,91.08,7.6933,0.95,1.5275,3.1053,81.51,14.76,0.0,14.81,15.925
2024-01-02 21:00:00,21,50,50,3.0,10.0,25.0,10.0,2.0,1.0,23,22,17,0,17,0,16.75,528.0,366.0,697.0,16.75,4.0,9.82,roster,0,152.0,125.0,1.6522,118.22,10.6106,1.25,2.2403,3.04,107.25,14.76,0.0,16.21,17.425
2024-01-02 22:00:00,22,42,42,3.0,10.0,18.0,10.0,1.0,1.0,11,10,18,0,18,0,14.6,486.5,277.0,681.0,14.6,3.0,6.5,roster,0,130.0,105.0,1.9697,101.55,8.0119,1.05,1.5385,3.0952,90.09,15.63,0.0,15.83,17.025
2024-01-02 23:00:00,23,44,44,3.0,10.0,17.0,13.0,1.0,1.0,13,10,20,0,20,0,15.6,455.5,176.0,741.0,15.6,3.0,6.5,roster,0,133.0,110.0,2.2167,108.97,7.9753,1.1,1.5385,3.0227,94.38,17.37,0.0,17.23,18.525
2024-01-03 00:00:00,0,34,34,2.0,9.0,15.0,7.0,1.0,1.0,3,2,19,1,20,1,16.6,515.5,194.0,801.0,16.6,3.0,6.5,roster,0,106.0,85.0,1.7667,102.32,3.6093,0.85,0.3077,3.1176,72.93,17.37,13.4,18.62,20.025
2024-01-03 01:00:00,1,35,35,2.0,9.0,17.0,6.0,1.0,1.0,7,6,19,1,20,1,17.6,575.5,254.0,861.0,17.6,3.0,6.5,roster,0,110.0,87.5,1.8333,105.86,5.6511,0.875,0.9231,3.1429,75.08,17.37,13.4,20.02,21.525
2024-01-03 02:00:00,2,37,37,2.0,10.0,18.0,6.0,1.0,1.0,7,6,19,1,20,1,18.6,635.5,314.0,921.0,18.6,3.0,6.5,roster,0,117.0,92.5,1.95,111.54,5.8439,0.925,0.9231,3.1622,79.36,17.37,13.4,21.41,23.025
2024-01-03 03:00:00,3,35,35,2.0,9.0,17.0,6.0,1.0,1.0,5,4,19,1,20,1,19.6,695.5,374.0,981.0,19.6,3.0,6.5,roster,0,110.0,87.5,1.8333,108.65,4.6841,0.875,0.6154,3.1429,75.08,17.37,13.4,22.81,24.525
2024-01-03 04:00:00,4,36,36,2.0,9.0,19.0,5.0,1.0,1.0,5,4,20,1,21,1,20.6,725.0,395.0,978.0,20.6,3.0,6.5,roster,0,114.0,90.0,2.0,111.59,4.7987,0.9,0.6154,3.1667,77.22,18.23,13.4,22.74,24.45
2024-01-03 05:00:00,5,36,36,1.0,9.0,20.0,5.0,1.0,1.0,3,3,20,1,21,1,21.6,785.0,455.0,1038.0,21.6,3.0,6.5,roster,0,112.0,90.0,1.9649,112.99,4.2359,0.9,0.4615,3.1111,77.22,18.23,13.4,24.13,25.95
2024-01-03 06:00:00,6,35,35,1.0,9.0,20.0,4.0,1.0,1.0,1,1,20,1,21,1,22.6,845.0,515.0,1098.0,22.6,3.0,6.5,roster,0,110.0,87.5,1.9298,112.24,3.2335,0.875,0.1538,3.1429,75.08,18.23,13.4,25.53,27.45
2024-01-03 07:00:00,7,35,35,1.0,9.0,20.0,4.0,1.0,1.0,3,2,20,1,21,1,23.6,905.0,575.0,1158.0,23.6,3.0,6.5,roster,0,110.0,87.5,1.9298,113.63,3.717,0.875,0.3077,3.1429,75.08,18.23,13.4,26.92,28.95
2024-01-03 08:00:00,8,38,38,1.0,10.0,22.0,4.0,1.0,1.0,6,6,20,1,21,1,24.6,965.0,635.0,1218.0,24.6,3.0,6.58,roster,0,120.0,95.0,2.1053,121.46,5.8795,0.95,0.9119,3.1579,81.51,18.23,13.4,28.32,30.45
2024-01-03 09:00:00,9,40,40,1.0,9.0,26.0,4.0,0.0,1.0,8,8,19,1,20,1,25.6,1023.0,687.0,1341.0,25.6,3.0,6.58,roster,0,127.0,100.0,2.1167,127.74,7.0352,1.0,1.2158,3.175,85.8,17.37,13.4,31.18,33.525
2024-01-03 10:00:00,10,36,36,1.0,7.0,26.0,2.0,0.0,1.0,7,6,15,2,17,2,25.1,843.0,333.0,1285.0,25.1,4.0,10.28,roster,0,115.0,90.0,1.25,128.66,4.7395,0.9,0.5837,3.1944,77.22,14.76,26.8,29.88,32.125
2024-01-03 11:00:00,11,37,37,1.0,6.0,28.0,2.0,0.0,1.0,9,8,18,2,20,2,26.1,762.5,167.0,1240.0,26.1,4.0,10.28,roster,0,117.0,92.5,1.4625,132.36,5.3858,0.925,0.7782,3.1622,79.36,17.37,26.8,28.83,31.0
2024-01-03 12:00:00,12,41,41,1.0,8.0,30.0,2.0,0.0,1.0,12,12,16,2,18,2,27.1,621.5,223.0,1117.0,27.1,4.0,10.28,roster,0,131.0,102.5,1.4886,136.34,7.0047,1.025,1.1673,3.1951,87.94,15.63,26.8,25.97,27.925
2024-01-03 13:00:00,13,46,46,1.0,7.0,35.0,3.0,0.0,1.0,17,15,20,1,21,1,28.1,306.0,192.0,1023.0,28.1,4.0,10.28,roster,0,144.0,115.0,1.8947,134.09,8.1678,1.15,1.4591,3.1304,98.67,18.23,13.4,23.78,25.575
2024-01-03 14:00:00,14,39,39,1.0,7.0,29.0,2.0,0.0,1.0,7,7,20,0,20,0,29.1,364.0,249.0,1237.0,29.1,4.0,10.28,roster,0,124.0,97.5,1.55,109.78,5.265,0.975,0.6809,3.1795,83.66,17.37,0.0,28.76,30.925
2024-01-03 15:00:00,15,33,33,1.0,6.0,23.0,3.0,0.0,1.0,6,6,17,1,18,1,24.667,323.0,185.0,1035.0,24.667,4.0,10.28,roster,0,104.0,82.5,1.1818,103.88,4.4394,0.825,0.5837,3.1515,70.78,15.63,13.4,24.06,25.875
2024-01-03 16:00:00,16,36,36,1.0,8.0,26.0,1.0,0.0,1.0,9,8,18,1,19,1,25.667,369.0,219.0,1095.0,25.667,4.0,10.28,roster,0,117.0,90.0,1.3929,112.58,5.4542,0.9,0.7782,3.25,77.22,16.5,13.4,25.46,27.375
2024-01-03 17:00:00,17,35,35,1.0,7.0,27.0,0.0,0.0,1.0,10,7,19,1,20,1,26.667,390.5,279.0,1155.0,26.667,4.0,10.28,roster,0,114.0,87.5,1.425,112.69,5.0679,0.875,0.6809,3.2571,75.08,17.37,13.4,26.85,28.875
2024-01-03 18:00:00,18,32,32,2.0,7.0,23.0,0.0,0.0,1.0,4,4,21,1,22,1,27.667,404.0,241.0,606.0,27.667,4.0,10.28,roster,0,107.0,80.0,1.4861,95.23,3.9761,0.8,0.3891,3.3438,68.64,19.1,13.4,14.09,15.15
2024-01-03 19:00:00,19,34,34,2.0,8.0,24.0,0.0,0.0,1.0,7,6,21,1,22,1,28.667,464.0,269.0,666.0,28.667,4.0,10.28,roster,0,114.0,85.0,1.5833,100.92,4.807,0.85,0.5837,3.3529,72.93,19.1,13.4,15.48,16.65
2024-01-03 20:00:00,20,36,36,2.0,8.0,25.0,1.0,0.0,1.0,8,7,21,1,22,1,29.667,524.0,251.0,726.0,29.667,4.0,10.65,roster,0,119.0,90.0,1.6528,106.6,5.1477,0.9,0.6573,3.3056,77.22,19.1,13.4,16.88,18.15
2024-01-03 21:00:00,21,36,36,1.0,5.0,30.0,0.0,0.0,1.0,7,7,21,0,21,0,30.667,592.0,348.0,786.0,30.667,4.0,10.65,roster,0,115.0,90.0,1.5132,93.73,4.9746,0.9,0.6573,3.1944,77.22,18.23,0.0,18.27,19.65
2024-01-03 22:00:00,22,40,40,1.0,4.0,35.0,0.0,0.0,1.0,12,12,20,0,20,0,28.617,644.0,408.0,846.0,28.617,3.0,6.95,roster,0,126.0,100.0,2.1,102.84,8.5888,1.0,1.7266,3.15,85.8,17.37,0.0,19.67,21.15
2024-01-03 23:00:00,23,39,39,1.0,5.0,33.0,0.0,0.0,1.0,10,7,23,0,23,0,29.617,667.0,394.0,902.0,29.617,3.0,6.95,roster,0,124.0,97.5,2.4314,104.6,6.3024,0.975,1.0072,3.1795,83.66,19.97,0.0,20.97,22.55
2024-01-04 00:00:00,0,36,36,1.0,7.0,27.0,1.0,0.0,1.0,9,7,24,0,24,0,30.617,726.0,454.0,962.0,30.617,3.0,6.95,roster,0,116.0,90.0,2.4167,100.43,6.1454,0.9,1.0072,3.2222,77.22,20.84,0.0,22.37,24.05
2024-01-04 01:00:00,1,36,36,1.0,7.0,27.0,1.0,0.0,1.0,5,5,25,0,25,0,31.617,785.0,411.0,1003.0,31.617,3.0,6.95,roster,0,116.0,90.0,2.5778,102.25,5.2181,0.9,0.7194,3.2222,77.22,21.71,0.0,23.32,25.075
2024-01-04 02:00:00,2,37,37,2.0,7.0,27.0,1.0,0.0,1.0,6,6,25,0,25,0,32.617,845.0,471.0,1063.0,32.617,3.0,6.95,roster,0,121.0,92.5,2.6889,105.79,5.8483,0.925,0.8633,3.2703,79.36,21.71,0.0,24.71,26.575
2024-01-04 03:00:00,3,37,37,2.0,7.0,27.0,1.0,0.0,1.0,3,3,27,1,28,1,33.617,728.5,356.0,1123.0,33.617,3.0,6.95,roster,0,121.0,92.5,3.3611,123.19,4.4366,0.925,0.4317,3.2703,79.36,24.31,13.4,26.11,28.075
2024-01-04 04:00:00,4,36,36,2.0,7.0,26.0,1.0,0.0,1.0,3,2,28,1,29,1,34.617,768.0,413.0,1117.0,34.617,3.0,6.95,roster,0,118.0,90.0,3.5758,121.77,3.8932,0.9,0.2878,3.2778,77.22,25.18,13.4,25.97,27.925
2024-01-04 05:00:00,5,37,37,2.0,7.0,27.0,1.0,0.0,1.0,2,2,28,1,29,1,35.617,828.0,473.0,1177.0,35.617,3.0,6.95,roster,0,121.0,92.5,3.6667,125.31,3.9661,0.925,0.2878,3.2703,79.36,25.18,13.4,27.37,29.425
2024-01-04 06:00:00,6,36,36,2.0,7.0,26.0,1.0,0.0,1.0,3,2,28,1,29,1,36.617,888.0,533.0,1237.0,36.617,3.0,6.95,roster,0,118.0,90.0,3.5758,124.56,3.8932,0.9,0.2878,3.2778,77.22,25.18,13.4,28.76,30.925
2024-01-04 07:00:00,7,36,36,2.0,7.0,26.0,1.0,0.0,1.0,2,1,28,1,29,1,37.617,948.0,593.0,1297.0,37.617,3.0,6.95,roster,0,118.0,90.0,3.5758,125.96,3.4216,0.9,0.1439,3.2778,77.22,25.18,13.4,30.16,32.425
2024-01-04 08:00:00,8,42,42,2.0,7.0,32.0,1.0,0.0,1.0,9,8,28,1,29,1,38.617,1008.0,653.0,1357.0,38.617,3.0,7.68,roster,0,136.0,105.0,4.1212,140.22,6.773,1.05,1.0417,3.2381,90.09,25.18,13.4,31.55,33.925
2024-01-04 09:00:00,9,45,45,2.0,8.0,34.0,1.0,0.0,1.0,11,11,25,1,26,1,39.617,1049.5,713.0,1389.0,39.617,3.0,7.68,roster,0,146.0,112.5,3.4762,144.8,8.297,1.125,1.4323,3.2444,96.52,22.58,13.4,32.29,34.725
2024-01-04 10:00:00,10,45,45,2.0,8.0,32.0,3.0,0.0,1.0,6,6,25,2,27,2,40.617,951.0,510.0,1356.0,40.617,4.0,10.77,roster,0,144.0,112.5,2.7692,158.3,5.3827,1.125,0.5571,3.2,96.52,23.44,26.8,31.53,33.9
2024-01-04 11:00:00,11,51,51,3.0,8.0,36.0,4.0,0.0,1.0,15,12,20,2,22,2,41.617,918.0,570.0,1385.0,41.617,4.0,10.77,roster,0,163.0,127.5,2.2639,167.5,7.6361,1.275,1.1142,3.1961,109.39,19.1,26.8,32.2,34.625
2024-01-04 12:00:00,12,47,47,3.0,7.0,33.0,4.0,0.0,1.0,8,8,20,3,23,3,42.617,860.0,217.0,1445.0,42.617,4.0,10.77,roster,0,150.0,117.5,2.2059,174.58,6.1207,1.175,0.7428,3.1915,100.82,19.97,40.2,33.6,36.125
2024-01-04 13:00:00,13,49,49,3.0,8.0,36.0,2.0,0.0,1.0,11,11,19,3,22,3,43.617,936.5,264.0,1505.0,43.617,4.0,10.77,roster,0,159.0,122.5,2.2083,179.4,7.2892,1.225,1.0214,3.2449,105.1,19.1,40.2,34.99,37.625
2024-01-04 14:00:00,14,38,38,2.0,8.0,27.0,1.0,0.0,1.0,5,5,18,2,20,2,44.617,1014.5,307.0,1596.0,44.617,4.0,10.77,roster,0,125.0,95.0,1.5625,142.78,4.6521,0.95,0.4643,3.2895,81.51,17.37,26.8,37.11,39.9
2024-01-04 15:00:00,15,45,45,2.0,7.0,33.0,3.0,0.0,1.0,14,15,18,1,19,1,39.833,1073.0,297.0,1625.0,31.1,4.0,10.77,roster,0,143.0,112.5,1.7024,144.2,8.0009,1.125,1.3928,3.1778,96.52,16.5,13.4,37.78,40.625
2024-01-04 16:00:00,16,47,47,1.0,8.0,37.0,1.0,0.0,1.0,13,12,18,2,20,2,40.833,1001.5,302.0,1685.0,32.1,4.0,10.77,roster,0,150.0,117.5,1.875,164.16,7.306,1.175,1.1142,3.1915,100.82,17.37,26.8,39.18,42.125
2024-01-04 17:00:00,17,47,47,2.0,9.0,35.0,1.0,0.0,1.0,10,9,22,2,24,2,41.833,495.5,218.0,1548.0,33.1,4.0,10.77,roster,0,153.0,117.5,2.3906,164.45,6.5453,1.175,0.8357,3.2553,100.82,20.84,26.8,35.99,38.7
2024-01-04 18:00:00,18,46,46,2.0,6.0,37.0,1.0,0.0,1.0,9,8,25,3,28,3,42.833,449.5,165.0,1556.0,34.1,4.0,10.77,roster,0,147.0,115.0,3.0625,179.36,6.0487,1.15,0.7428,3.1957,98.67,24.31,40.2,36.18,38.9
2024-01-04 19:00:00,19,48,48,4.0,9.0,33.0,1.0,1.0,1.0,12,11,25,4,29,4,43.833,482.0,223.0,1594.0,35.1,4.0,10.77,roster,0,158.0,120.0,3.5909,198.8,7.312,1.2,1.0214,3.2917,102.96,25.18,53.6,37.06,39.85
2024-01-04 20:00:00,20,54,54,4.0,13.0,30.0,6.0,1.0,1.0,14,12,27,4,31,4,44.833,515.0,230.0,1654.0,36.1,4.0,10.97,roster,0,175.0,135.0,4.8611,214.8,7.92,1.35,1.0939,3.2407,115.83,26.92,53.6,38.46,41.35
2024-01-04 21:00:00,21,54,54,5.0,13.0,33.0,2.0,1.0,1.0,9,9,28,2,30,2,45.833,588.5,305.0,1714.0,37.1,4.0,10.97,roster,0,181.0,135.0,4.525,188.53,7.2749,1.35,0.8204,3.3519,115.83,26.05,26.8,39.85,42.85
2024-01-04 22:00:00,22,47,47,4.0,13.0,27.0,2.0,1.0,1.0,8,7,26,2,28,2,36.617,616.0,365.0,1774.0,36.617,3.0,7.88,roster,0,158.0,117.5,4.3889,173.17,6.9363,1.175,0.8883,3.3617,100.82,24.31,26.8,41.25,44.35
2024-01-04 23:00:00,23,50,50,5.0,14.0,28.0,2.0,1.0,1.0,13,11,25,1,26,1,37.617,708.5,425.0,1834.0,37.617,3.0,7.88,roster,0,170.0,125.0,4.0476,165.87,8.9962,1.25,1.3959,3.4,107.25,22.58,13.4,42.64,45.85
2024-01-05 00:00:00,0,50,50,6.0,14.0,28.0,1.0,1.0,1.0,8,8,26,2,28,2,38.617,736.0,470.0,1894.0,38.617,3.0,7.88,roster,0,173.0,125.0,4.8056,182.4,7.8377,1.25,1.0152,3.46,107.25,24.31,26.8,44.04,47.35
2024-01-05 01:00:00,1,48,48,6.0,12.0,29.0,0.0,1.0,1.0,4,3,29,2,31,2,39.617,698.0,396.0,1676.0,39.617,3.0,7.88,roster,0,166.0,120.0,6.1481,175.64,5.4666,1.2,0.3807,3.4583,102.96,26.92,26.8,38.97,41.9
2024-01-05 02:00:00,2,42,42,6.0,10.0,25.0,0.0,1.0,1.0,3,2,28,2,30,2,40.617,797.5,456.0,1736.0,40.617,3.0,7.88,roster,0,146.0,105.0,4.8667,163.3,4.5323,1.05,0.2538,3.4762,90.09,26.05,26.8,40.36,43.4
2024-01-05 03:00:00,3,39,39,5.0,9.0,24.0,0.0,1.0,1.0,2,1,29,1,30,1,41.617,857.5,516.0,1796.0,41.617,3.0,7.88,roster,0,134.0,97.5,4.4667,144.86,3.786,0.975,0.1269,3.4359,83.66,26.05,13.4,41.76,44.9
2024-01-05 04:00:00,4,42,42,5.0,9.0,27.0,0.0,1.0,1.0,4,4,29,1,30,1,42.617,917.5,576.0,1856.0,42.617,3.0,7.88,roster,0,143.0,105.0,4.7667,152.69,5.3033,1.05,0.5076,3.4048,90.09,26.05,13.4,43.15,46.4
2024-01-05 05:00:00,5,41,41,5.0,9.0,26.0,0.0,1.0,1.0,2,2,30,1,31,1,43.617,938.0,616.0,1916.0,43.617,3.0,7.88,roster,0,140.0,102.5,5.1852,152.81,4.3667,1.025,0.2538,3.4146,87.94,26.92,13.4,44.55,47.9
2024-01-05 06:00:00,6,41,41,5.0,9.0,26.0,0.0,1.0,1.0,1,1,30,1,31,1,44.617,998.0,676.0,1976.0,44.617,3.0,7.88,roster,0,140.0,102.5,5.1852,154.2,3.9333,1.025,0.1269,3.4146,87.94,26.92,13.4,45.94,49.4
2024-01-05 07:00:00,7,38,38,5.0,9.0,23.0,0.0,1.0,1.0,2,2,30,1,31,1,45.617,1058.0,736.0,2036.0,45.617,3.0,7.88,roster,0,131.0,95.0,4.8519,149.16,4.15,0.95,0.2538,3.4474,81.51,26.92,13.4,47.34,50.9
2024-01-05 08:00:00,8,41,41,5.0,9.0,26.0,0.0,1.0,1.0,5,5,30,1,31,1,46.617,1118.0,796.0,2096.0,46.617,3.0,6.69,roster,0,140.0,102.5,5.1852,156.99,6.052,1.025,0.7474,3.4146,87.94,26.92,13.4,48.73,52.4
2024-01-05 09:00:00,9,38,38,4.0,9.0,24.0,1.0,0.0,1.0,4,3,29,1,30,1,47.617,1087.5,790.0,1890.0,47.617,3.0,6.69,roster,0,130.0,95.0,4.3333,144.9,4.7841,0.95,0.4484,3.4211,81.51,26.05,13.4,43.94,47.25
2024-01-05 10:00:00,10,33,33,3.0,8.0,22.0,0.0,0.0,1.0,8,7,23,1,24,1,48.617,1128.5,850.0,2216.0,48.617,4.0,10.39,roster,0,113.0,82.5,1.7656,136.55,5.132,0.825,0.6737,3.4242,70.78,20.84,13.4,51.52,55.4
2024-01-05 11:00:00,11,36,36,3.0,8.0,25.0,0.0,0.0,1.0,9,8,21,1,22,1,47.867,1136.0,675.0,2273.0,47.867,4.0,10.39,roster,0,122.0,90.0,1.6944,142.57,5.6593,0.9,0.77,3.3889,77.22,19.1,13.4,52.85,56.825
2024-01-05 12:00:00,12,30,30,2.0,9.0,19.0,0.0,0.0,1.0,8,8,13,1,14,1,48.867,1046.0,636.0,2333.0,48.867,4.0,10.39,roster,0,103.0,75.0,0.9904,124.15,5.2186,0.75,0.77,3.4333,64.35,12.16,13.4,54.24,58.325
2024-01-05 13:00:00,13,30,30,3.0,9.0,18.0,0.0,0.0,1.0,8,8,13,1,14,1,39.883,619.0,101.0,1116.0,39.883,4.0,10.39,roster,0,105.0,75.0,1.0096,95.85,5.3199,0.75,0.77,3.5,64.35,12.16,13.4,25.95,27.9
2024-01-05 14:00:00,14,33,33,4.0,10.0,19.0,0.0,0.0,1.0,14,12,11,1,12,1,40.883,805.5,148.0,1412.0,40.883,4.0,10.39,roster,0,117.0,82.5,1.0446,107.43,7.0198,0.825,1.155,3.5455,70.78,10.42,13.4,32.83,35.3
2024-01-05 15:00:00,15,35,35,3.0,10.0,21.0,1.0,0.0,1.0,8,8,14,2,16,2,41.883,240.5,150.0,1236.0,41.883,4.0,10.39,roster,0,120.0,87.5,1.25,124.5,5.6399,0.875,0.77,3.4286,75.08,13.89,26.8,28.74,30.9
2024-01-05 16:00:00,16,28,28,2.0,7.0,18.0,1.0,0.0,1.0,6,4,10,1,11,1,25.533,231.0,143.0,333.0,25.533,4.0,10.39,roster,0,94.0,70.0,0.8103,70.75,3.6425,0.7,0.385,3.3571,60.06,9.55,13.4,7.74,8.325
2024-01-05 17:00:00,17,30,30,2.0,4.0,22.0,2.0,0.0,1.0,7,7,11,1,12,1,26.533,280.5,203.0,393.0,26.533,4.0,10.39,roster,0,96.0,75.0,0.8571,77.31,4.5559,0.75,0.6737,3.2,64.35,10.42,13.4,9.14,9.825
2024-01-05 18:00:00,18,35,35,2.0,4.0,26.0,3.0,0.0,1.0,9,8,12,2,14,2,27.533,311.5,153.0,388.0,27.533,4.0,10.39,roster,0,110.0,87.5,1.0577,103.05,5.1699,0.875,0.77,3.1429,75.08,12.16,26.8,9.02,9.7
2024-01-05 19:00:00,19,29,29,2.0,3.0,20.0,4.0,0.0,1.0,6,6,12,1,13,1,24.6,277.0,133.0,390.0,24.6,4.0,10.39,roster,0,90.0,72.5,0.8333,75.96,4.0422,0.725,0.5775,3.1034,62.2,11.29,13.4,9.07,9.75
2024-01-05 20:00:00,20,32,32,3.0,3.0,23.0,3.0,0.0,1.0,9,9,11,1,12,1,25.6,288.0,193.0,450.0,25.6,4.0,10.89,roster,0,102.0,80.0,0.9107,82.92,5.1843,0.8,0.8264,3.1875,68.64,10.42,13.4,10.46,11.25
2024-01-05 21:00:00,21,41,41,4.0,5.0,30.0,2.0,0.0,1.0,17,17,12,2,14,2,26.6,282.0,117.0,473.0,26.6,4.0,10.89,roster,0,134.0,102.5,1.2885,117.9,8.452,1.025,1.5611,3.2683,87.94,12.16,26.8,11.0,11.825
2024-01-05 22:00:00,22,40,40,3.0,6.0,24.0,7.0,0.0,1.0,8,8,14,1,15,1,27.6,241.0,115.0,533.0,27.6,3.0,7.19,roster,0,125.0,100.0,1.6667,104.62,6.6021,1.0,1.1127,3.125,85.8,13.02,13.4,12.39,13.325
2024-01-05 23:00:00,23,35,35,4.0,6.0,16.0,9.0,0.0,1.0,9,9,12,1,13,1,26.983,237.0,162.0,555.0,11.383,3.0,7.19,roster,0,110.0,87.5,1.358,92.67,6.684,0.875,1.2517,3.1429,75.08,11.29,13.4,12.9,13.875
2024-01-06 00:00:00,0,31,31,6.0,6.0,14.0,5.0,0.0,1.0,12,10,13,1,14,1,14.683,282.0,218.0,615.0,12.383,3.0,7.19,roster,0,106.0,77.5,1.359,86.35,7.4057,0.775,1.3908,3.4194,66.5,12.16,13.4,14.3,15.375
2024-01-06 01:00:00,1,33,33,5.0,7.0,18.0,3.0,0.0,1.0,10,9,13,3,16,3,15.683,311.0,262.0,675.0,13.383,3.0,7.19,roster,0,113.0,82.5,1.5694,120.57,7.1113,0.825,1.2517,3.4242,70.78,13.89,40.2,15.69,16.875
2024-01-06 02:00:00,2,31,31,5.0,7.0,17.0,2.0,0.0,1.0,8,8,15,2,17,2,16.683,355.0,180.0,697.0,14.383,3.0,7.19,roster,0,108.0,77.5,1.5652,104.26,6.5764,0.775,1.1127,3.4839,66.5,14.76,26.8,16.21,17.425
2024-01-06 03:00:00,3,30,30,4.0,7.0,18.0,1.0,0.0,1.0,5,5,16,1,17,1,17.683,415.0,240.0,757.0,15.383,3.0,7.19,roster,0,104.0,75.0,1.5072,90.11,5.0108,0.75,0.6954,3.4667,64.35,14.76,13.4,17.6,18.925
2024-01-06 04:00:00,4,27,27,3.0,6.0,16.0,2.0,0.0,1.0,3,3,17,0,17,0,18.683,475.0,300.0,817.0,16.383,3.0,7.19,roster,0,91.0,67.5,1.3188,71.67,3.6813,0.675,0.4172,3.3704,57.92,14.76,0.0,19.0,20.425
2024-01-06 05:00:00,5,27,27,3.0,6.0,17.0,1.0,0.0,1.0,3,3,17,0,17,0,19.683,535.0,360.0,877.0,17.383,3.0,7.19,roster,0,92.0,67.5,1.3333,73.07,3.7217,0.675,0.4172,3.4074,57.92,14.76,0.0,20.39,21.925
2024-01-06 06:00:00,6,27,27,3.0,6.0,17.0,1.0,0.0,1.0,4,2,17,0,17,0,20.683,595.0,420.0,937.0,18.383,3.0,7.19,roster,0,92.0,67.5,1.3333,74.46,3.2478,0.675,0.2782,3.4074,57.92,14.76,0.0,21.79,23.425
2024-01-06 07:00:00,7,27,27,3.0,6.0,17.0,1.0,0.0,1.0,1,1,17,0,17,0,21.683,655.0,480.0,997.0,19.383,3.0,7.19,roster,0,92.0,67.5,1.3333,75.86,2.7739,0.675,0.1391,3.4074,57.92,14.76,0.0,23.18,24.925
2024-01-06 08:00:00,8,28,28,3.0,6.0,18.0,1.0,0.0,1.0,4,3,17,0,17,0,22.683,715.0,540.0,1057.0,20.383,3.0,7.51,roster,0,95.0,70.0,1.3768,79.4,3.7303,0.7,0.3995,3.3929,60.06,14.76,0.0,24.58,26.425
2024-01-06 09:00:00,9,29,29,3.0,5.0,18.0,3.0,0.0,1.0,5,5,16,0,16,0,23.683,791.0,718.0,1155.0,21.383,3.0,7.51,roster,0,95.0,72.5,1.3194,82.95,4.556,0.725,0.6658,3.2759,62.2,13.89,0.0,26.85,28.875
2024-01-06 10:00:00,10,29,29,2.0,6.0,18.0,3.0,0.0,1.0,9,7,13,0,13,0,24.683,822.0,564.0,961.0,22.383,4.0,10.97,roster,0,94.0,72.5,0.8704,75.84,4.4183,0.725,0.6381,3.2414,62.2,11.29,0.0,22.34,24.025
2024-01-06 11:00:00,11,37,37,3.0,6.0,23.0,5.0,0.0,1.0,11,12,13,0,13,0,25.683,838.0,501.0,957.0,22.5,4.0,10.97,roster,0,118.0,92.5,1.0926,92.9,6.4386,0.925,1.0939,3.1892,79.36,11.29,0.0,22.25,23.925
2024-01-06 12:00:00,12,30,30,4.0,2.0,21.0,3.0,0.0,1.0,7,7,11,0,11,0,26.683,156.0,106.0,955.0,18.017,4.0,10.97,roster,0,97.0,75.0,0.8362,76.11,4.4882,0.75,0.6381,3.2333,64.35,9.55,0.0,22.2,23.875
2024-01-06 13:00:00,13,31,31,4.0,2.0,22.0,3.0,0.0,1.0,9,7,10,2,12,2,27.683,190.0,133.0,682.0,17.95,4.0,10.97,roster,0,100.0,77.5,0.8929,99.57,4.5584,0.775,0.6381,3.2258,66.5,10.42,26.8,15.86,17.05
2024-01-06 14:00:00,14,29,29,3.0,2.0,21.0,3.0,0.0,1.0,9,9,8,2,10,2,28.683,209.5,140.0,276.0,18.95,4.0,10.97,roster,0,92.0,72.5,0.7667,84.11,4.9027,0.725,0.8204,3.1724,62.2,8.68,26.8,6.42,6.9
2024-01-06 15:00:00,15,22,22,3.0,2.0,15.0,2.0,0.0,1.0,10,9,7,1,8,1,29.683,163.0,113.0,253.0,4.767,4.0,10.97,roster,0,72.0,55.0,0.5625,53.42,4.485,0.55,0.8204,3.2727,47.19,6.95,13.4,5.88,6.325
2024-01-06 16:00:00,16,29,29,2.0,4.0,20.0,3.0,0.0,1.0,13,12,7,0,7,0,30.683,120.0,111.0,313.0,5.767,4.0,10.97,roster,0,92.0,72.5,0.697,55.56,5.7703,0.725,1.0939,3.1724,62.2,6.08,0.0,7.28,7.825
2024-01-06 17:00:00,17,25,25,2.0,5.0,15.0,3.0,0.0,1.0,5,5,10,0,10,0,31.683,173.0,105.0,233.0,6.767,4.0,10.97,roster,0,81.0,62.5,0.675,47.73,3.5018,0.625,0.4558,3.24,53.62,8.68,0.0,5.42,5.825
2024-01-06 18:00:00,18,22,22,2.0,2.0,14.0,4.0,0.0,1.0,7,6,10,0,10,0,32.683,233.0,165.0,293.0,7.767,4.0,10.97,roster,0,68.0,55.0,0.5667,42.69,3.3906,0.55,0.5469,3.0909,47.19,8.68,0.0,6.81,7.325
2024-01-06 19:00:00,19,26,26,2.0,3.0,15.0,6.0,0.0,1.0,12,10,11,0,11,0,33.683,291.0,217.0,353.0,8.767,4.0,10.97,roster,0,79.0,65.0,0.681,53.53,4.7448,0.65,0.9116,3.0385,55.77,9.55,0.0,8.21,8.825
2024-01-06 20:00:00,20,37,37,2.0,3.0,22.0,10.0,0.0,1.0,18,19,10,0,10,0,34.683,320.0,142.0,413.0,9.767,4.0,11.24,roster,0,108.0,92.5,0.9,77.65,7.6341,0.925,1.6904,2.9189,79.36,8.68,0.0,9.6,10.325
2024-01-06 21:00:00,21,41,41,2.0,2.0,25.0,12.0,0.0,1.0,16,12,11,1,12,1,35.683,324.0,162.0,473.0,10.767,4.0,11.24,roster,0,117.0,102.5,1.0446,102.76,5.9716,1.025,1.0676,2.8537,87.94,10.42,13.4,11.0,11.825
2024-01-06 22:00:00,22,38,38,3.0,3.0,18.0,14.0,0.0,1.0,9,8,13,1,14,1,36.683,312.5,175.0,480.0,11.767,3.0,7.78,roster,0,109.0,95.0,1.3974,98.23,5.6745,0.95,1.0283,2.8684,81.51,12.16,13.4,11.16,12.0
2024-01-06 23:00:00,23,28,28,2.0,4.0,14.0,8.0,0.0,1.0,8,8,13,1,14,1,37.683,372.5,235.0,540.0,12.767,3.0,7.78,roster,0,84.0,70.0,1.0769,78.17,5.1848,0.7,1.0283,3.0,60.06,12.16,13.4,12.56,13.5
2024-01-07 00:00:00,0,32,32,2.0,3.0,19.0,8.0,0.0,1.0,10,8,13,1,14,1,38.683,432.5,295.0,600.0,13.767,3.0,7.78,roster,0,95.0,80.0,1.2179,88.15,5.4277,0.8,1.0283,2.9688,68.64,12.16,13.4,13.95,15.0
2024-01-07 01:00:00,1,31,31,2.0,3.0,17.0,9.0,0.0,1.0,8,5,15,1,16,1,39.683,422.0,320.0,660.0,14.767,3.0,7.78,roster,0,91.0,77.5,1.2639,89.13,4.1616,0.775,0.6427,2.9355,66.5,13.89,13.4,15.34,16.5
2024-01-07 02:00:00,2,35,35,2.0,4.0,23.0,6.0,0.0,1.0,8,8,15,1,16,1,40.683,482.0,380.0,720.0,15.767,3.0,7.78,roster,0,107.0,87.5,1.4861,99.11,5.8186,0.875,1.0283,3.0571,75.08,13.89,13.4,16.74,18.0
2024-01-07 03:00:00,3,30,30,2.0,4.0,19.0,5.0,0.0,1.0,3,2,16,1,17,1,41.683,522.0,415.0,775.0,16.767,3.0,7.78,roster,0,93.0,75.0,1.3478,90.53,3.1219,0.75,0.2571,3.1,64.35,14.76,13.4,18.02,19.375
2024-01-07 04:00:00,4,26,26,2.0,4.0,17.0,3.0,0.0,1.0,0,0,16,1,17,1,42.683,582.0,475.0,835.0,17.767,3.0,7.78,roster,0,83.0,65.0,1.2029,83.34,2.075,0.65,0.0,3.1923,55.77,14.76,13.4,19.41,20.875
2024-01-07 05:00:00,5,26,26,2.0,4.0,17.0,3.0,0.0,1.0,1,1,16,1,17,1,43.683,642.0,535.0,895.0,18.767,3.0,7.78,roster,0,83.0,65.0,1.2029,84.74,2.4853,0.65,0.1285,3.1923,55.77,14.76,13.4,20.81,22.375
2024-01-07 06:00:00,6,30,30,2.0,5.0,19.0,3.0,1.0,1.0,5,5,17,1,18,1,44.683,689.5,544.0,955.0,19.767,3.0,7.78,roster,0,94.0,75.0,1.4242,95.58,4.3637,0.75,0.6427,3.1333,64.35,15.63,13.4,22.2,23.875
2024-01-07 07:00:00,7,33,33,2.0,6.0,21.0,3.0,1.0,1.0,4,5,17,1,18,1,45.683,749.5,604.0,1015.0,20.767,3.0,7.78,roster,0,104.0,82.5,1.5758,103.41,4.6254,0.825,0.6427,3.1515,70.78,15.63,13.4,23.6,25.375
2024-01-07 08:00:00,8,30,30,2.0,6.0,19.0,3.0,0.0,1.0,3,4,17,1,18,1,46.683,809.5,664.0,1075.0,21.767,3.0,6.64,roster,0,97.0,75.0,1.4697,98.37,4.3728,0.75,0.6024,3.2333,64.35,15.63,13.4,24.99,26.875
2024-01-07 09:00:00,9,28,28,2.0,6.0,16.0,4.0,0.0,1.0,6,4,17,1,18,1,47.683,846.0,593.0,1065.0,22.767,3.0,6.64,roster,0,90.0,70.0,1.3636,93.85,4.1863,0.7,0.6024,3.2143,60.06,15.63,13.4,24.76,26.625
2024-01-07 10:00:00,10,26,26,2.0,3.0,18.0,3.0,0.0,1.0,10,8,14,1,15,1,48.683,895.0,617.0,1083.0,23.767,4.0,11.62,roster,0,82.0,65.0,0.82,87.37,4.2213,0.65,0.6885,3.1538,55.77,13.02,13.4,25.18,27.075
2024-01-07 11:00:00,11,34,34,2.0,4.0,25.0,3.0,0.0,1.0,17,15,12,1,13,1,49.683,955.0,844.0,1042.0,24.767,4.0,11.62,roster,0,107.0,85.0,0.9907,101.84,6.7375,0.85,1.2909,3.1471,72.93,11.29,13.4,24.23,26.05
2024-01-07 12:00:00,12,38,38,2.0,3.0,30.0,3.0,0.0,1.0,19,17,10,0,10,0,50.683,1026.0,106.0,1102.0,25.767,4.0,11.62,roster,0,118.0,95.0,0.9833,95.81,7.493,0.95,1.463,3.1053,81.51,8.68,0.0,25.62,27.55
2024-01-07 13:00:00,13,32,32,2.0,3.0,25.0,2.0,0.0,1.0,12,10,12,0,12,0,51.683,620.5,141.0,1162.0,26.767,4.0,11.62,roster,0,101.0,80.0,0.9018,86.08,5.2412,0.8,0.8606,3.1562,68.64,10.42,0.0,27.02,29.05
2024-01-07 14:00:00,14,34,34,2.0,2.0,28.0,2.0,0.0,1.0,16,10,11,0,11,0,52.683,1135.0,156.0,1222.0,27.767,4.0,11.62,roster,0,106.0,85.0,0.9138,90.89,5.333,0.85,0.8606,3.1176,72.93,9.55,0.0,28.41,30.55
2024-01-07 15:00:00,15,31,31,2.0,4.0,24.0,1.0,0.0,1.0,8,7,13,0,13,0,53.683,239.0,135.0,1242.0,28.767,4.0,11.62,roster,0,100.0,77.5,0.9259,86.66,4.4433,0.775,0.6024,3.2258,66.5,11.29,0.0,28.88,31.05
2024-01-07 16:00:00,16,38,38,2.0,7.0,27.0,2.0,0.0,1.0,18,13,13,0,13,0,54.683,299.0,150.0,1302.0,29.767,4.0,11.62,roster,0,123.0,95.0,1.1389,103.07,6.6963,0.95,1.1188,3.2368,81.51,11.29,0.0,30.27,32.55
2024-01-07 17:00:00,17,40,40,2.0,8.0,26.0,4.0,0.0,1.0,13,12,15,0,15,0,55.683,336.0,190.0,1362.0,30.767,4.0,11.62,roster,0,128.0,100.0,1.28,110.49,6.5046,1.0,1.0327,3.2,85.8,13.02,0.0,31.67,34.05
2024-01-07 18:00:00,18,39,39,2.0,6.0,27.0,4.0,0.0,1.0,14,11,15,1,16,1,56.683,386.5,233.0,1422.0,31.767,4.0,11.62,roster,0,123.0,97.5,1.2812,124.01,6.0606,0.975,0.9466,3.1538,83.66,13.89,13.4,33.06,35.55
2024-01-07 19:00:00,19,46,46,3.0,6.0,29.0,8.0,0.0,1.0,15,14,16,2,18,2,57.683,383.5,163.0,1457.0,32.767,4.0,11.62,roster,0,142.0,115.0,1.6136,154.97,7.2692,1.15,1.2048,3.087,98.67,15.63,26.8,33.88,36.425
2024-01-07 20:00:00,20,51,51,3.0,6.0,30.0,12.0,0.0,1.0,13,11,18,2,20,2,58.683,386.0,194.0,1517.0,33.767,4.0,11.99,roster,0,153.0,127.5,1.9125,168.83,6.5773,1.275,0.9174,3.0,109.39,17.37,26.8,35.27,37.925
2024-01-07 21:00:00,21,56,56,3.0,5.0,29.0,19.0,0.0,1.0,19,16,18,2,20,2,59.683,446.0,254.0,1577.0,34.767,4.0,11.99,roster,0,160.0,140.0,2.0,180.95,7.8127,1.4,1.3344,2.8571,120.12,17.37,26.8,36.67,39.425
2024-01-07 22:00:00,22,52,52,3.0,5.0,32.0,12.0,0.0,1.0,13,13,18,1,19,1,60.683,510.0,314.0,1637.0,35.767,3.0,7.01,roster,0,155.0,130.0,2.4603,159.5,9.4028,1.3,1.8545,2.9808,111.54,16.5,13.4,38.06,40.925
2024-01-07 23:00:00,23,39,39,2.0,5.0,25.0,7.0,0.0,1.0,6,5,21,1,22,1,61.683,505.5,331.0,741.0,36.767,3.0,7.01,roster,0,119.0,97.5,2.2037,113.39,5.1514,0.975,0.7133,3.0513,83.66,19.1,13.4,17.23,18.525
2024-01-08 00:00:00,0,40,40,2.0,5.0,26.0,7.0,0.0,1.0,9,7,21,1,22,1,62.683,565.5,391.0,801.0,37.767,3.0,7.01,roster,0,122.0,100.0,2.2593,116.93,6.0956,1.0,0.9986,3.05,85.8,19.1,13.4,18.62,20.025
2024-01-08 01:00:00,1,39,39,3.0,5.0,27.0,4.0,0.0,1.0,6,6,22,1,23,1,63.683,569.0,392.0,861.0,38.767,3.0,7.01,roster,0,124.0,97.5,2.4314,117.04,5.8214,0.975,0.8559,3.1795,83.66,19.97,13.4,20.02,21.525
2024-01-08 02:00:00,2,36,36,4.0,5.0,25.0,2.0,0.0,1.0,6,5,22,1,23,1,64.683,629.0,452.0,921.0,39.767,3.0,7.01,roster,0,119.0,90.0,2.3333,112.0,5.3327,0.9,0.7133,3.3056,77.22,19.97,13.4,21.41,23.025
2024-01-08 03:00:00,3,39,39,5.0,6.0,27.0,1.0,0.0,1.0,7,5,23,1,24,1,65.683,678.5,512.0,981.0,40.767,3.0,7.01,roster,0,132.0,97.5,2.75,120.7,5.7141,0.975,0.7133,3.3846,83.66,20.84,13.4,22.81,24.525
2024-01-08 04:00:00,4,37,37,5.0,5.0,26.0,1.0,0.0,1.0,1,1,24,1,25,1,66.683,728.0,544.0,1019.0,41.767,3.0,7.01,roster,0,125.0,92.5,2.7778,118.16,3.6069,0.925,0.1427,3.3784,79.36,21.71,13.4,23.69,25.475
2024-01-08 05:00:00,5,38,38,5.0,6.0,26.0,1.0,0.0,1.0,4,4,25,1,26,1,67.683,775.5,458.0,1079.0,42.767,3.0,7.01,roster,0,129.0,95.0,3.0714,122.57,5.1621,0.95,0.5706,3.3947,81.51,22.58,13.4,25.09,26.975
2024-01-08 06:00:00,6,40,40,6.0,5.0,28.0,1.0,0.0,1.0,4,4,25,1,26,1,68.683,835.5,518.0,1139.0,43.767,3.0,7.01,roster,0,136.0,100.0,3.2381,128.26,5.3401,1.0,0.5706,3.4,85.8,22.58,13.4,26.48,28.475
2024-01-08 07:00:00,7,42,42,6.0,8.0,26.0,2.0,0.0,1.0,6,6,25,2,27,2,69.683,883.0,575.0,1199.0,44.767,3.0,7.01,roster,0,144.0,105.0,3.6923,148.21,6.5346,1.05,0.8559,3.4286,90.09,23.44,26.8,27.88,29.975
2024-01-08 08:00:00,8,40,40,5.0,8.0,25.0,2.0,0.0,1.0,3,3,26,1,27,1,70.683,943.0,635.0,1259.0,45.767,3.0,6.72,roster,0,136.0,100.0,3.4872,131.92,4.9179,1.0,0.4464,3.4,85.8,23.44,13.4,29.27,31.475
2024-01-08 09:00:00,9,46,46,5.0,7.0,31.0,3.0,0.0,1.0,9,9,25,1,26,1,71.683,959.0,678.0,1319.0,46.767,3.0,6.72,roster,0,152.0,115.0,3.619,145.31,8.2255,1.15,1.3393,3.3043,98.67,22.58,13.4,30.67,32.975
2024-01-08 10:00:00,10,52,52,5.0,11.0,31.0,5.0,0.0,1.0,14,14,24,1,25,1,72.683,1034.0,651.0,1379.0,47.767,4.0,10.06,roster,0,172.0,130.0,2.8667,158.71,8.9032,1.3,1.3917,3.3077,111.54,21.71,13.4,32.06,34.475
2024-01-08 11:00:00,11,58,58,8.0,11.0,33.0,6.0,0.0,1.0,16,15,23,1,24,1,73.683,903.5,440.0,1290.0,48.767,4.0,10.06,roster,0,195.0,145.0,3.0469,168.64,9.888,1.45,1.4911,3.3621,124.41,20.84,13.4,29.99,32.25
2024-01-08 12:00:00,12,57,57,8.0,8.0,36.0,5.0,0.0,1.0,13,12,24,2,26,2,74.683,588.0,153.0,1183.0,49.767,4.0,10.06,roster,0,190.0,142.5,3.3929,179.15,8.7261,1.425,1.1928,3.3333,122.26,22.58,26.8,27.5,29.575
2024-01-08 13:00:00,13,49,49,8.0,10.0,29.0,2.0,0.0,1.0,12,11,22,3,25,3,75.683,308.0,145.0,1112.0,50.767,4.0,10.06,roster,0,171.0,122.5,2.85,172.87,8.0909,1.225,1.0934,3.4898,105.1,21.71,40.2,25.85,27.8
2024-01-08 14:00:00,14,46,46,8.0,10.0,26.0,2.0,0.0,1.0,8,8,21,3,24,3,76.683,280.5,194.0,995.0,51.767,4.0,10.06,roster,0,162.0,115.0,2.5312,162.84,6.8506,1.15,0.7952,3.5217,98.67,20.84,40.2,23.13,24.875
2024-01-08 15:00:00,15,44,44,7.0,11.0,25.0,1.0,0.0,1.0,10,10,21,2,23,2,77.683,277.0,187.0,1055.0,52.767,4.0,10.06,roster,0,156.0,110.0,2.2941,145.68,7.4243,1.1,0.994,3.5455,94.38,19.97,26.8,24.53,26.375
2024-01-08 16:00:00,16,39,39,6.0,9.0,23.0,1.0,0.0,1.0,8,8,19,1,20,1,53.767,309.0,235.0,788.0,53.767,4.0,10.06,roster,0,137.0,97.5,1.7125,112.74,6.2185,0.975,0.7952,3.5128,83.66,17.37,13.4,18.32,19.7
2024-01-08 17:00:00,17,54,54,6.0,11.0,32.0,5.0,0.0,1.0,19,19,21,1,22,1,54.767,345.5,221.0,800.0,54.767,4.0,10.06,roster,0,180.0,135.0,2.5,146.93,10.7956,1.35,1.8887,3.3333,115.83,19.1,13.4,18.6,20.0
2024-01-08 18:00:00,18,50,50,7.0,10.0,30.0,3.0,0.0,1.0,12,12,24,1,25,1,55.767,384.0,196.0,517.0,55.767,4.0,10.06,roster,0,171.0,125.0,2.85,134.38,8.3545,1.25,1.1928,3.42,107.25,21.71,13.4,12.02,12.925
2024-01-08 19:00:00,19,50,50,9.0,9.0,29.0,2.0,1.0,1.0,12,12,25,0,25,0,56.767,427.0,161.0,577.0,56.767,4.0,10.06,roster,0,173.0,125.0,2.8833,122.37,8.4522,1.25,1.1928,3.46,107.25,21.71,0.0,13.42,14.425
2024-01-08 20:00:00,20,50,50,9.0,11.0,26.0,3.0,1.0,1.0,12,12,27,1,28,1,57.767,395.0,193.0,637.0,57.767,4.0,11.63,roster,0,174.0,125.0,3.625,139.77,7.9407,1.25,1.0318,3.48,107.25,24.31,13.4,14.81,15.925
2024-01-08 21:00:00,21,63,63,10.0,12.0,33.0,7.0,1.0,1.0,17,17,31,1,32,1,58.767,378.5,181.0,637.0,58.767,4.0,11.63,roster,0,212.0,157.5,6.625,171.13,10.2189,1.575,1.4617,3.3651,135.14,27.79,13.4,14.81,15.925
2024-01-08 22:00:00,22,68,68,9.0,15.0,33.0,10.0,1.0,1.0,15,15,30,0,30,0,59.767,495.5,250.0,697.0,59.767,3.0,8.29,roster,0,225.0,170.0,7.5,168.11,11.612,1.7,1.8094,3.3088,145.86,26.05,0.0,16.21,17.425
2024-01-08 23:00:00,23,59,59,9.0,14.0,30.0,5.0,1.0,1.0,9,8,31,0,31,0,60.767,455.0,232.0,757.0,60.767,3.0,8.29,roster,0,202.0,147.5,7.4815,151.07,8.354,1.475,0.965,3.4237,126.56,26.92,0.0,17.6,18.925
2024-01-09 00:00:00,0,57,57,9.0,14.0,28.0,5.0,1.0,1.0,8,8,32,0,32,0,61.767,507.5,292.0,817.0,61.767,3.0,8.29,roster,0,196.0,142.5,8.1667,149.05,8.2183,1.425,0.965,3.4386,122.26,27.79,0.0,19.0,20.425
2024-01-09 01:00:00,1,56,56,9.0,14.0,28.0,4.0,1.0,1.0,3,3,32,1,33,1,62.767,560.0,320.0,858.0,62.767,3.0,8.29,roster,0,194.0,140.0,9.2381,162.12,6.1037,1.4,0.3619,3.4643,120.12,28.65,13.4,19.95,21.45
2024-01-09 02:00:00,2,48,48,9.0,14.0,20.0,4.0,1.0,1.0,1,0,33,0,33,0,63.767,620.0,380.0,918.0,63.767,3.0,8.29,roster,0,170.0,120.0,8.0952,132.96,4.25,1.2,0.0,3.5417,102.96,28.65,0.0,21.34,22.95
2024-01-09 03:00:00,3,47,47,9.0,15.0,19.0,3.0,1.0,1.0,3,2,33,0,33,0,64.767,680.0,440.0,978.0,64.767,3.0,8.29,roster,0,169.0,117.5,8.0476,132.21,5.0925,1.175,0.2413,3.5957,100.82,28.65,0.0,22.74,24.45
2024-01-09 04:00:00,4,50,50,9.0,16.0,19.0,5.0,1.0,1.0,5,5,33,0,33,0,65.767,740.0,500.0,1038.0,65.767,3.0,8.29,roster,0,177.0,125.0,8.4286,140.04,6.5601,1.25,0.6031,3.54,107.25,28.65,0.0,24.13,25.95
2024-01-09 05:00:00,5,47,47,9.0,16.0,17.0,4.0,1.0,1.0,1,0,34,0,34,0,66.767,780.5,544.0,1098.0,66.767,3.0,8.29,roster,0,169.0,117.5,9.3889,135.87,4.225,1.175,0.0,3.5957,100.82,29.52,0.0,25.53,27.45
2024-01-09 06:00:00,6,47,47,9.0,16.0,18.0,3.0,1.0,1.0,1,1,34,0,34,0,67.767,840.5,604.0,1158.0,67.767,3.0,8.29,roster,0,170.0,117.5,9.4444,137.26,4.6863,1.175,0.1206,3.617,100.82,29.52,0.0,26.92,28.95
2024-01-09 07:00:00,7,47,47,8.0,16.0,19.0,3.0,1.0,1.0,4,4,33,0,33,0,68.767,920.0,680.0,1218.0,68.767,3.0,8.29,roster,0,168.0,117.5,8.0,137.79,5.9247,1.175,0.4825,3.5745,100.82,28.65,0.0,28.32,30.45
2024-01-09 08:00:00,8,48,48,8.0,16.0,17.0,6.0,1.0,1.0,4,4,33,0,33,0,69.767,980.0,740.0,1278.0,69.767,3.0,7.17,roster,0,168.0,120.0,8.0,141.33,6.1526,1.2,0.5579,3.5,102.96,28.65,0.0,29.71,31.95
2024-01-09 09:00:00,9,46,46,8.0,15.0,19.0,4.0,0.0,1.0,4,4,30,0,30,0,70.767,1047.5,832.0,1357.0,70.767,3.0,7.17,roster,0,165.0,115.0,5.5,136.27,6.1261,1.15,0.5579,3.587,98.67,26.05,0.0,31.55,33.925
2024-01-09 10:00:00,10,50,50,9.0,14.0,23.0,4.0,0.0,1.0,8,8,29,0,29,0,71.767,1061.0,860.0,1417.0,71.767,4.0,10.49,roster,0,178.0,125.0,4.0455,145.38,7.165,1.25,0.7626,3.56,107.25,25.18,0.0,32.95,35.425
2024-01-09 11:00:00,11,50,50,7.0,13.0,26.0,4.0,0.0,1.0,10,9,26,0,26,0,72.767,987.5,819.0,1458.0,72.767,4.0,10.49,roster,0,173.0,125.0,3.0893,143.72,7.2935,1.25,0.858,3.46,107.25,22.58,0.0,33.9,36.45
2024-01-09 12:00:00,12,44,44,7.0,10.0,24.0,3.0,0.0,1.0,6,5,24,1,25,1,73.767,980.0,529.0,1181.0,73.767,4.0,10.49,roster,0,153.0,110.0,2.55,136.95,5.4824,1.1,0.4766,3.4773,94.38,21.71,13.4,27.46,29.525
2024-01-09 13:00:00,13,47,47,7.0,9.0,29.0,2.0,0.0,1.0,12,12,25,1,26,1,74.767,1032.0,224.0,1241.0,74.767,4.0,10.49,roster,0,162.0,117.5,2.8929,145.64,7.993,1.175,1.1439,3.4468,100.82,22.58,13.4,28.85,31.025
2024-01-09 14:00:00,14,51,51,8.0,9.0,32.0,2.0,0.0,1.0,15,15,23,1,24,1,75.767,1046.5,275.0,1273.0,75.767,4.0,10.49,roster,0,176.0,127.5,2.75,153.23,9.3347,1.275,1.4299,3.451,109.39,20.84,13.4,29.6,31.825
2024-01-09 15:00:00,15,58,58,8.0,10.0,36.0,4.0,0.0,1.0,15,15,26,1,27,1,76.767,1059.0,195.0,1270.0,76.767,4.0,10.49,roster,0,196.0,145.0,3.7692,170.78,9.7322,1.45,1.4299,3.3793,124.41,23.44,13.4,29.53,31.75
2024-01-09 16:00:00,16,48,48,6.0,6.0,33.0,3.0,0.0,1.0,6,5,24,1,25,1,77.767,315.0,167.0,1252.0,77.767,4.0,10.49,roster,0,159.0,120.0,2.65,147.18,5.5539,1.2,0.4766,3.3125,102.96,21.71,13.4,29.11,31.3
2024-01-09 17:00:00,17,53,53,6.0,7.0,35.0,5.0,0.0,1.0,9,9,26,1,27,1,78.767,368.0,200.0,1312.0,78.767,4.0,10.49,roster,0,173.0,132.5,3.3269,161.03,7.1255,1.325,0.858,3.2642,113.68,23.44,13.4,30.5,32.8
2024-01-09 18:00:00,18,49,49,6.0,8.0,29.0,5.0,1.0,1.0,9,8,26,2,28,2,79.767,380.0,250.0,1372.0,79.767,4.0,10.49,roster,0,160.0,122.5,3.3333,168.12,6.4902,1.225,0.7626,3.2653,105.1,24.31,26.8,31.9,34.3
2024-01-09 19:00:00,19,45,45,7.0,9.0,23.0,6.0,0.0,1.0,9,9,26,2,28,2,80.767,440.0,310.0,1432.0,80.767,4.0,10.49,roster,0,152.0,112.5,3.1667,160.93,6.698,1.125,0.858,3.3778,96.52,24.31,26.8,33.29,35.8
2024-01-09 20:00:00,20,48,48,7.0,9.0,26.0,6.0,0.0,1.0,10,11,27,1,28,1,46.583,486.5,356.0,1460.0,46.583,4.0,11.05,roster,0,161.0,120.0,3.3542,154.62,7.364,1.2,0.9955,3.3542,102.96,24.31,13.4,33.94,36.5
2024-01-09 21:00:00,21,41,41,6.0,7.0,25.0,3.0,0.0,1.0,6,4,26,3,29,3,47.583,538.0,382.0,1429.0,47.583,4.0,11.05,roster,0,139.0,102.5,3.1591,166.55,4.7022,1.025,0.362,3.3902,87.94,25.18,40.2,33.22,35.725
2024-01-09 22:00:00,22,42,42,5.0,6.0,24.0,7.0,0.0,1.0,5,5,25,2,27,2,48.583,615.0,442.0,1580.0,48.583,3.0,7.73,roster,0,135.0,105.0,3.4615,157.07,5.4541,1.05,0.6468,3.2143,90.09,23.44,26.8,36.74,39.5
2024-01-09 23:00:00,23,48,48,5.0,7.0,24.0,12.0,0.0,1.0,16,12,27,2,29,2,49.583,658.0,478.0,1549.0,49.583,3.0,7.73,roster,0,149.0,120.0,4.5152,170.96,8.5439,1.2,1.5524,3.1042,102.96,25.18,26.8,36.01,38.725
2024-01-10 00:00:00,0,41,41,5.0,6.0,24.0,6.0,0.0,1.0,5,3,27,3,30,3,50.583,682.5,520.0,1609.0,50.583,3.0,7.73,roster,0,133.0,102.5,4.4333,171.6,4.584,1.025,0.3881,3.2439,87.94,26.05,40.2,37.41,40.225
2024-01-10 01:00:00,1,38,38,5.0,5.0,24.0,4.0,0.0,1.0,3,2,27,3,30,3,51.583,742.5,580.0,1669.0,51.583,3.0,7.73,roster,0,125.0,95.0,4.1667,166.56,3.9761,0.95,0.2587,3.2895,81.51,26.05,40.2,38.8,41.725
2024-01-10 02:00:00,2,37,37,5.0,5.0,24.0,3.0,0.0,1.0,2,2,26,3,29,3,52.583,838.0,658.0,1729.0,52.583,3.0,7.73,roster,0,123.0,92.5,3.7273,164.95,3.9351,0.925,0.2587,3.3243,79.36,25.18,40.2,40.2,43.225
2024-01-10 03:00:00,3,39,39,5.0,6.0,27.0,1.0,0.0,1.0,6,6,25,2,27,2,53.583,915.0,742.0,1880.0,53.583,3.0,7.73,roster,0,132.0,97.5,3.3846,157.61,5.9271,0.975,0.7762,3.3846,83.66,23.44,26.8,43.71,47.0
2024-01-10 04:00:00,4,38,38,5.0,7.0,25.0,1.0,0.0,1.0,4,3,26,2,28,2,54.583,966.5,802.0,1940.0,54.583,3.0,7.73,roster,0,130.0,95.0,3.6111,157.73,4.5777,0.95,0.3881,3.4211,81.51,24.31,26.8,45.1,48.5
2024-01-10 05:00:00,5,38,38,5.0,7.0,25.0,1.0,0.0,1.0,1,2,27,3,30,3,55.583,982.5,820.0,1909.0,55.583,3.0,7.73,roster,0,130.0,95.0,4.3333,172.14,4.1351,0.95,0.2587,3.4211,81.51,26.05,40.2,44.38,47.725
2024-01-10 06:00:00,6,38,38,5.0,8.0,24.0,1.0,0.0,1.0,4,4,27,3,30,3,56.583,1042.5,880.0,1969.0,56.583,3.0,7.73,roster,0,131.0,95.0,4.3667,173.54,5.0589,0.95,0.5175,3.4474,81.51,26.05,40.2,45.78,49.225
2024-01-10 07:00:00,7,41,41,5.0,8.0,27.0,1.0,0.0,1.0,3,3,30,3,33,3,57.583,1053.0,684.0,1948.0,57.583,3.0,7.73,roster,0,140.0,102.5,6.6667,182.09,4.8252,1.025,0.3881,3.4146,87.94,28.65,40.2,45.29,48.7
2024-01-10 08:00:00,8,39,39,5.0,8.0,25.0,1.0,0.0,1.0,3,2,29,3,32,3,58.583,1106.5,744.0,2089.0,58.583,3.0,8.05,roster,0,134.0,97.5,5.5833,180.21,4.2036,0.975,0.2484,3.4359,83.66,27.79,40.2,48.57,52.225
2024-01-10 09:00:00,9,46,46,5.0,10.0,29.0,2.0,0.0,1.0,10,10,29,3,32,3,59.583,1155.0,664.0,2149.0,59.583,3.0,8.05,roster,0,156.0,115.0,6.5,196.62,8.1128,1.15,1.2422,3.3913,98.67,27.79,40.2,49.96,53.725
2024-01-10 10:00:00,10,60,60,5.0,11.0,39.0,5.0,0.0,1.0,15,15,30,3,33,3,60.583,1210.0,467.0,2128.0,60.583,4.0,11.3,roster,0,196.0,150.0,7.0,227.03,9.2363,1.5,1.3274,3.2667,128.7,28.65,40.2,49.48,53.2
2024-01-10 11:00:00,11,63,63,5.0,12.0,42.0,4.0,0.0,1.0,14,14,30,3,33,3,61.583,1256.0,420.0,1535.0,61.583,4.0,11.3,roster,0,207.0,157.5,7.3929,219.68,9.2458,1.575,1.2389,3.2857,135.14,28.65,40.2,35.69,38.375
2024-01-10 12:00:00,12,65,65,6.0,13.0,41.0,5.0,0.0,1.0,12,11,29,3,32,3,42.167,914.0,289.0,1465.0,42.167,4.0,11.3,roster,0,215.0,162.5,6.7188,221.47,8.5949,1.625,0.9735,3.3077,139.42,27.79,40.2,34.06,36.625
2024-01-10 13:00:00,13,69,69,5.0,13.0,45.0,5.0,1.0,1.0,10,10,31,4,35,4,42.05,457.0,150.0,1400.0,42.05,4.0,11.3,roster,0,223.0,172.5,11.15,244.55,8.4351,1.725,0.885,3.2319,148.0,30.39,53.6,32.55,35.0
2024-01-10 14:00:00,14,58,58,5.0,11.0,38.0,4.0,0.0,1.0,5,5,26,4,30,4,43.05,552.0,210.0,1460.0,43.05,4.0,11.3,roster,0,191.0,145.0,4.775,218.0,6.2321,1.45,0.4425,3.2931,124.41,26.05,53.6,33.94,36.5
2024-01-10 15:00:00,15,54,54,5.0,8.0,37.0,4.0,0.0,1.0,5,5,27,3,30,3,44.05,516.5,231.0,1510.0,44.05,4.0,11.3,roster,0,176.0,135.0,4.4,197.19,5.8422,1.35,0.4425,3.2593,115.83,26.05,40.2,35.11,37.75
2024-01-10 16:00:00,16,53,53,4.0,7.0,39.0,3.0,0.0,1.0,8,8,25,3,28,3,45.05,514.0,265.0,1570.0,45.05,4.0,11.3,roster,0,171.0,132.5,3.5625,194.7,6.5592,1.325,0.708,3.2264,113.68,24.31,40.2,36.5,39.25
2024-01-10 17:00:00,17,48,48,4.0,6.0,35.0,3.0,0.0,1.0,4,4,27,3,30,3,46.05,495.0,201.0,1616.0,46.05,4.0,11.3,roster,0,155.0,120.0,3.875,186.78,5.0181,1.2,0.354,3.2292,102.96,26.05,40.2,37.57,40.4
2024-01-10 18:00:00,18,44,44,4.0,6.0,31.0,3.0,0.0,1.0,6,5,25,2,27,2,47.05,491.0,261.0,1676.0,47.05,4.0,11.3,roster,0,143.0,110.0,2.75,163.59,5.0131,1.1,0.4425,3.25,94.38,23.44,26.8,38.97,41.9
2024-01-10 19:00:00,19,44,44,3.0,5.0,33.0,3.0,0.0,1.0,9,9,24,2,26,2,48.05,545.5,319.0,1404.0,48.05,4.0,11.3,roster,0,140.0,110.0,2.5,156.4,6.0342,1.1,0.7965,3.1818,94.38,22.58,26.8,32.64,35.1
2024-01-10 20:00:00,20,45,45,2.0,5.0,35.0,3.0,0.0,1.0,8,7,24,2,26,2,49.05,605.5,379.0,1464.0,49.05,4.0,10.53,roster,0,141.0,112.5,2.5179,159.94,5.6079,1.125,0.6648,3.1333,96.52,22.58,26.8,34.04,36.6
2024-01-10 21:00:00,21,49,49,2.0,5.0,38.0,4.0,0.0,1.0,16,15,23,2,25,2,50.05,660.0,428.0,1524.0,50.05,4.0,10.53,roster,0,152.0,122.5,2.5333,169.05,8.2189,1.225,1.4245,3.102,105.1,21.71,26.8,35.43,38.1
2024-01-10 22:00:00,22,50,50,2.0,5.0,39.0,4.0,0.0,1.0,7,7,27,2,29,2,51.05,631.0,290.0,1187.0,51.05,3.0,7.28,roster,0,155.0,125.0,4.697,166.83,6.8558,1.25,0.9615,3.1,107.25,25.18,26.8,27.6,29.675
2024-01-10 23:00:00,23,49,49,2.0,7.0,36.0,4.0,0.0,1.0,9,10,27,2,29,2,52.05,691.0,350.0,1247.0,52.05,3.0,7.28,roster,0,154.0,122.5,4.6667,166.08,8.1671,1.225,1.3736,3.1429,105.1,25.18,26.8,28.99,31.175
2024-01-11 00:00:00,0,48,48,2.0,7.0,35.0,4.0,0.0,1.0,7,6,28,2,30,2,53.05,748.0,369.0,1307.0,53.05,3.0,7.28,roster,0,151.0,120.0,5.0333,166.2,6.3677,1.2,0.8242,3.1458,102.96,26.05,26.8,30.39,32.675
2024-01-11 01:00:00,1,45,45,2.0,6.0,33.0,4.0,0.0,1.0,1,1,29,2,31,2,54.05,805.0,381.0,1367.0,54.05,3.0,7.28,roster,0,141.0,112.5,5.2222,162.03,3.9554,1.125,0.1374,3.1333,96.52,26.92,26.8,31.78,34.175
2024-01-11 02:00:00,2,42,42,2.0,6.0,30.0,4.0,0.0,1.0,1,0,29,2,31,2,55.05,865.0,441.0,1427.0,55.05,3.0,7.28,roster,0,132.0,105.0,4.8889,156.99,3.3,1.05,0.0,3.1429,90.09,26.92,26.8,33.18,35.675
2024-01-11 03:00:00,3,40,40,2.0,6.0,28.0,4.0,0.0,1.0,3,2,29,2,31,2,56.05,925.0,501.0,1487.0,56.05,3.0,7.28,roster,0,126.0,100.0,4.6667,154.09,4.0154,1.0,0.2747,3.15,85.8,26.92,26.8,34.57,37.175
2024-01-11 04:00:00,4,41,41,2.0,6.0,29.0,4.0,0.0,1.0,2,2,29,2,31,2,57.05,985.0,561.0,1547.0,57.05,3.0,7.28,roster,0,129.0,102.5,4.7778,157.63,4.0894,1.025,0.2747,3.1463,87.94,26.92,26.8,35.97,38.675
2024-01-11 05:00:00,5,42,42,2.0,6.0,30.0,4.0,0.0,1.0,3,3,29,2,31,2,58.05,1045.0,621.0,1607.0,58.05,3.0,7.28,roster,0,132.0,105.0,4.8889,161.17,4.5951,1.05,0.4121,3.1429,90.09,26.92,26.8,37.36,40.175
2024-01-11 06:00:00,6,43,43,2.0,6.0,31.0,4.0,0.0,1.0,1,1,30,2,32,2,59.05,1101.5,681.0,1667.0,59.05,3.0,7.28,roster,0,135.0,107.5,5.625,165.58,3.8063,1.075,0.1374,3.1395,92.24,27.79,26.8,38.76,41.675
2024-01-11 07:00:00,7,41,41,2.0,6.0,29.0,4.0,0.0,1.0,3,2,30,2,32,2,60.05,1161.5,741.0,1727.0,60.05,3.0,7.28,roster,0,129.0,102.5,5.375,162.68,4.0894,1.025,0.2747,3.1463,87.94,27.79,26.8,40.15,43.175
2024-01-11 08:00:00,8,46,46,2.0,6.0,34.0,4.0,0.0,1.0,8,7,30,1,31,1,61.05,1218.0,774.0,1787.0,61.05,3.0,6.3,roster,0,144.0,115.0,5.3333,160.54,7.0783,1.15,1.1111,3.1304,98.67,26.92,13.4,41.55,44.675
2024-01-11 09:00:00,9,46,46,2.0,6.0,35.0,3.0,0.0,1.0,6,6,29,1,30,1,62.05,1281.5,834.0,1847.0,62.05,3.0,6.3,roster,0,145.0,115.0,4.8333,161.06,6.6271,1.15,0.9524,3.1522,98.67,26.05,13.4,42.94,46.175
2024-01-11 10:00:00,10,44,44,2.0,5.0,35.0,2.0,0.0,1.0,9,8,26,1,27,1,63.05,1219.0,702.0,1907.0,63.05,4.0,10.17,roster,0,139.0,110.0,2.6731,155.56,5.96,1.1,0.7866,3.1591,94.38,23.44,13.4,44.34,47.675
2024-01-11 11:00:00,11,51,51,2.0,6.0,41.0,2.0,0.0,1.0,12,11,27,1,28,1,64.05,1263.5,215.0,1764.0,64.05,4.0,10.17,roster,0,161.0,127.5,3.3542,168.12,7.4395,1.275,1.0816,3.1569,109.39,24.31,13.4,41.01,44.1
2024-01-11 12:00:00,12,50,50,2.0,5.0,42.0,1.0,0.0,1.0,5,5,26,1,27,1,65.05,1041.0,194.0,1824.0,65.05,4.0,10.17,roster,0,158.0,125.0,3.0385,166.5,5.5036,1.25,0.4916,3.16,107.25,23.44,13.4,42.41,45.6
2024-01-11 13:00:00,13,41,41,2.0,3.0,35.0,1.0,0.0,1.0,3,3,23,1,24,1,66.05,1175.0,293.0,2087.0,66.05,4.0,10.17,roster,0,129.0,102.5,2.0156,150.71,4.1531,1.025,0.295,3.1463,87.94,20.84,13.4,48.52,52.175
2024-01-11 14:00:00,14,38,38,2.0,1.0,34.0,1.0,0.0,1.0,6,4,19,1,20,1,67.05,986.5,353.0,1691.0,67.05,4.0,10.17,roster,0,118.0,95.0,1.475,131.59,4.1713,0.95,0.3933,3.1053,81.51,17.37,13.4,39.32,42.275
2024-01-11 15:00:00,15,38,38,1.0,3.0,33.0,1.0,0.0,1.0,12,12,15,1,16,1,49.333,968.0,311.0,1740.0,49.333,4.0,10.17,roster,0,118.0,95.0,1.2292,129.26,6.614,0.95,1.1799,3.1053,81.51,13.89,13.4,40.46,43.5
2024-01-11 16:00:00,16,41,41,1.0,5.0,34.0,1.0,0.0,1.0,8,8,20,1,21,1,50.333,371.0,116.0,1559.0,50.333,4.0,10.17,roster,0,129.0,102.5,1.6974,135.83,5.7,1.025,0.7866,3.1463,87.94,18.23,13.4,36.25,38.975
2024-01-11 17:00:00,17,34,34,1.0,4.0,27.0,2.0,0.0,1.0,4,4,19,2,21,2,51.333,431.0,176.0,1619.0,51.333,4.0,10.17,roster,0,106.0,85.0,1.3947,135.61,3.8762,0.85,0.3933,3.1176,72.93,18.23,26.8,37.64,40.475
2024-01-11 18:00:00,18,39,39,1.0,5.0,29.0,4.0,0.0,1.0,10,10,20,2,22,2,52.333,480.0,212.0,1679.0,52.333,4.0,10.17,roster,0,120.0,97.5,1.6667,148.59,6.0255,0.975,0.9833,3.0769,83.66,19.1,26.8,39.04,41.975
2024-01-11 19:00:00,19,35,35,1.0,5.0,24.0,5.0,0.0,1.0,1,1,23,3,26,3,53.333,485.0,211.0,1242.0,53.333,4.0,10.17,roster,0,107.0,87.5,1.9107,146.73,2.9756,0.875,0.0983,3.0571,75.08,22.58,40.2,28.88,31.05
2024-01-11 20:00:00,20,35,35,1.0,5.0,25.0,4.0,0.0,1.0,12,10,19,3,22,3,54.333,568.0,316.0,1799.0,54.333,4.0,10.65,roster,0,108.0,87.5,1.5,156.2,5.5974,0.875,0.939,3.0857,75.08,19.1,40.2,41.83,44.975
2024-01-11 21:00:00,21,39,39,2.0,6.0,24.0,7.0,0.0,1.0,11,8,21,3,24,3,55.333,515.0,331.0,1859.0,55.333,4.0,10.65,roster,0,120.0,97.5,1.875,167.92,5.3113,0.975,0.7512,3.0769,83.66,20.84,40.2,43.22,46.475
2024-01-11 22:00:00,22,33,33,2.0,6.0,19.0,6.0,0.0,1.0,5,4,21,3,24,3,56.333,575.0,274.0,1919.0,56.333,3.0,6.78,roster,0,103.0,82.5,2.1458,156.44,4.4164,0.825,0.59,3.1212,70.78,20.84,40.2,44.62,47.975
2024-01-11 23:00:00,23,30,30,1.0,6.0,17.0,6.0,0.0,1.0,8,5,20,2,22,2,57.333,746.0,488.0,1979.0,57.333,3.0,6.78,roster,0,92.0,75.0,1.7037,136.26,4.5616,0.75,0.7375,3.0667,64.35,19.1,26.8,46.01,49.475
2024-01-12 00:00:00,0,32,32,1.0,6.0,21.0,4.0,0.0,1.0,5,5,20,2,22,2,58.333,806.0,548.0,2039.0,58.333,3.0,6.78,roster,0,100.0,80.0,1.8519,141.95,4.8046,0.8,0.7375,3.125,68.64,19.1,26.8,47.41,50.975
2024-01-12 01:00:00,1,30,30,1.0,7.0,20.0,2.0,0.0,1.0,6,5,20,2,22,2,59.333,866.0,608.0,2099.0,59.333,3.0,6.78,roster,0,97.0,75.0,1.7963,139.05,4.8095,0.75,0.7375,3.2333,64.35,19.1,26.8,48.8,52.475
2024-01-12 02:00:00,2,35,35,1.0,7.0,25.0,2.0,0.0,1.0,5,5,21,2,23,2,60.333,903.0,514.0,2159.0,60.333,3.0,6.78,roster,0,112.0,87.5,2.1961,152.04,5.1599,0.875,0.7375,3.2,75.08,19.97,26.8,50.2,53.975
2024-01-12 03:00:00,3,36,36,1.0,7.0,26.0,2.0,0.0,1.0,6,6,22,2,24,2,61.333,875.0,574.0,2219.0,61.333,3.0,6.78,roster,0,115.0,90.0,2.3958,156.45,5.7019,0.9,0.885,3.1944,77.22,20.84,26.8,51.59,55.475
2024-01-12 04:00:00,4,41,41,1.0,10.0,28.0,2.0,0.0,1.0,7,7,23,2,25,2,62.333,847.0,626.0,1782.0,62.333,3.0,6.78,roster,0,133.0,102.5,2.9556,157.88,6.6742,1.025,1.0324,3.2439,87.94,21.71,26.8,41.43,44.55
2024-01-12 05:00:00,5,42,42,1.0,10.0,29.0,2.0,0.0,1.0,3,3,26,2,28,2,63.333,884.0,568.0,1842.0,63.333,3.0,6.78,roster,0,136.0,105.0,3.7778,164.03,4.8328,1.05,0.4425,3.2381,90.09,24.31,26.8,42.83,46.05
2024-01-12 06:00:00,6,41,41,1.0,9.0,28.0,3.0,0.0,1.0,2,2,28,2,30,2,64.333,924.0,283.0,1834.0,64.333,3.0,6.78,roster,0,131.0,102.5,4.3667,163.43,4.2175,1.025,0.295,3.1951,87.94,26.05,26.8,42.64,45.85
2024-01-12 07:00:00,7,39,39,1.0,7.0,29.0,2.0,0.0,1.0,1,1,27,2,29,2,65.333,992.0,604.0,1894.0,65.333,3.0,6.78,roster,0,124.0,97.5,3.7576,159.67,3.569,0.975,0.1475,3.1795,83.66,25.18,26.8,44.04,47.35
2024-01-12 08:00:00,8,42,42,1.0,6.0,33.0,2.0,0.0,1.0,7,6,28,2,30,2,66.333,1044.0,403.0,1954.0,66.333,3.0,7.04,roster,0,132.0,105.0,4.4,168.37,5.9786,1.05,0.8523,3.1429,90.09,26.05,26.8,45.43,48.85
2024-01-12 09:00:00,9,45,45,1.0,6.0,34.0,4.0,0.0,1.0,7,7,26,2,28,2,67.333,1104.0,463.0,2082.0,67.333,3.0,7.04,roster,0,139.0,112.5,3.8611,176.04,6.5463,1.125,0.9943,3.0889,96.52,24.31,26.8,48.41,52.05
2024-01-12 10:00:00,10,41,41,1.0,5.0,32.0,3.0,0.0,1.0,8,7,21,2,23,2,68.333,1156.0,523.0,2639.0,68.333,4.0,10.38,roster,0,127.0,102.5,1.8676,176.07,5.2639,1.025,0.6744,3.0976,87.94,19.97,26.8,61.36,65.975
2024-01-12 11:00:00,11,33,33,1.0,5.0,25.0,1.0,1.0,1.0,5,5,17,2,19,2,69.333,1046.0,257.0,1640.0,69.333,4.0,10.38,roster,0,103.0,82.5,1.2262,132.21,4.0785,0.825,0.4817,3.1212,70.78,16.5,26.8,38.13,41.0
2024-01-12 12:00:00,12,36,36,1.0,4.0,28.0,1.0,2.0,1.0,9,9,18,2,20,2,70.333,535.5,147.0,1700.0,70.333,4.0,10.38,roster,0,109.0,90.0,1.3625,140.91,5.3502,0.9,0.8671,3.0278,77.22,17.37,26.8,39.52,42.5
2024-01-12 13:00:00,13,37,37,1.0,5.0,29.0,0.0,2.0,1.0,9,10,18,2,20,2,71.333,429.0,187.0,1609.0,71.333,4.0,10.38,roster,0,114.0,92.5,1.425,140.94,5.8183,0.925,0.9634,3.0811,79.36,17.37,26.8,37.41,40.225
2024-01-12 14:00:00,14,36,36,0.0,5.0,29.0,0.0,2.0,1.0,9,10,17,2,19,2,66.4,267.0,200.0,1226.0,66.4,4.0,10.38,roster,0,109.0,90.0,1.2976,129.02,5.6419,0.9,0.9634,3.0278,77.22,16.5,26.8,28.5,30.65
2024-01-12 15:00:00,15,41,41,1.0,3.0,36.0,0.0,1.0,1.0,13,13,16,2,18,2,67.4,311.5,202.0,721.0,67.4,4.0,10.38,roster,0,126.0,102.5,1.4318,127.14,6.9989,1.025,1.2524,3.0732,87.94,15.63,26.8,16.76,18.025
2024-01-12 16:00:00,16,43,43,0.0,3.0,39.0,1.0,0.0,1.0,11,11,13,2,15,2,68.4,325.0,201.0,781.0,68.4,4.0,10.38,roster,0,131.0,107.5,1.31,130.22,6.5035,1.075,1.0597,3.0465,92.24,13.02,26.8,18.16,19.525
2024-01-12 17:00:00,17,40,40,2.0,3.0,33.0,2.0,0.0,1.0,6,6,13,2,15,2,69.4,358.0,235.0,841.0,69.4,4.0,10.38,roster,0,125.0,100.0,1.25,125.18,4.9314,1.0,0.578,3.125,85.8,13.02,26.8,19.55,21.025
2024-01-12 18:00:00,18,42,42,1.0,3.0,31.0,7.0,0.0,1.0,11,10,13,3,16,3,70.4,379.5,287.0,901.0,70.4,4.0,10.38,roster,0,124.0,105.0,1.2917,145.13,5.9443,1.05,0.9634,2.9524,90.09,13.89,40.2,20.95,22.525
2024-01-12 19:00:00,19,37,37,1.0,4.0,25.0,5.0,2.0,1.0,10,9,11,4,15,4,71.4,355.0,161.0,547.0,71.4,4.0,10.38,roster,0,108.0,92.5,1.08,138.71,5.2309,0.925,0.8671,2.9189,79.36,13.02,53.6,12.72,13.675
2024-01-12 20:00:00,20,34,34,1.0,4.0,25.0,2.0,2.0,1.0,12,11,11,2,13,2,26.433,334.0,182.0,565.0,26.433,4.0,10.11,roster,0,102.0,85.0,0.9444,104.15,5.8141,0.85,1.088,3.0,72.93,11.29,26.8,13.14,14.125
2024-01-12 21:00:00,21,31,31,0.0,4.0,21.0,5.0,1.0,1.0,10,8,12,1,13,1,27.433,335.0,169.0,598.0,27.433,4.0,10.11,roster,0,90.0,77.5,0.8333,85.09,4.5473,0.775,0.7913,2.9032,66.5,11.29,13.4,13.9,14.95
2024-01-12 22:00:00,22,25,25,0.0,4.0,16.0,4.0,1.0,1.0,7,5,10,1,11,1,28.433,395.0,188.0,658.0,28.433,3.0,6.77,roster,0,73.0,62.5,0.8391,71.87,3.9816,0.625,0.7386,2.92,53.62,9.55,13.4,15.3,16.45
2024-01-12 23:00:00,23,29,29,0.0,4.0,18.0,6.0,1.0,1.0,14,10,11,1,12,1,29.433,428.0,248.0,718.0,29.433,3.0,6.77,roster,0,83.0,72.5,0.9881,82.72,6.3026,0.725,1.4771,2.8621,62.2,10.42,13.4,16.69,17.95
2024-01-13 00:00:00,0,27,27,0.0,4.0,19.0,3.0,1.0,1.0,6,4,11,1,12,1,30.433,488.0,308.0,778.0,30.433,3.0,6.77,roster,0,80.0,67.5,0.9524,79.82,3.7506,0.675,0.5908,2.963,57.92,10.42,13.4,18.09,19.45
2024-01-13 01:00:00,1,26,26,0.0,6.0,18.0,1.0,1.0,1.0,4,3,13,1,14,1,31.433,465.0,325.0,707.0,31.433,3.0,6.77,roster,0,81.0,65.0,1.0385,77.76,3.4055,0.65,0.4431,3.1154,55.77,12.16,13.4,16.44,17.675
2024-01-13 02:00:00,2,28,28,0.0,6.0,19.0,2.0,1.0,1.0,5,5,15,0,15,0,16.117,428.0,171.0,694.0,16.117,3.0,6.77,roster,0,86.0,70.0,1.1467,69.22,4.4184,0.7,0.7386,3.0714,60.06,13.02,0.0,16.14,17.35
2024-01-13 03:00:00,3,25,25,0.0,6.0,17.0,1.0,1.0,1.0,3,1,14,0,14,0,17.117,508.5,354.0,754.0,17.117,3.0,6.77,roster,0,78.0,62.5,1.0,63.31,2.4109,0.625,0.1477,3.12,53.62,12.16,0.0,17.53,18.85
2024-01-13 04:00:00,4,26,26,0.0,6.0,18.0,1.0,1.0,1.0,2,2,15,0,15,0,18.117,548.0,250.0,814.0,18.117,3.0,6.77,roster,0,81.0,65.0,1.08,67.72,2.9453,0.65,0.2954,3.1154,55.77,13.02,0.0,18.93,20.35
2024-01-13 05:00:00,5,26,26,0.0,6.0,18.0,1.0,1.0,1.0,0,0,15,0,15,0,19.117,608.0,310.0,874.0,19.117,3.0,6.77,roster,0,81.0,65.0,1.08,69.12,2.025,0.65,0.0,3.1154,55.77,13.02,0.0,20.32,21.85
2024-01-13 06:00:00,6,28,28,0.0,6.0,20.0,1.0,1.0,1.0,2,2,15,0,15,0,20.117,668.0,370.0,934.0,20.117,3.0,6.77,roster,0,87.0,70.0,1.16,74.8,3.0929,0.7,0.2954,3.1071,60.06,13.02,0.0,21.72,23.35
2024-01-13 07:00:00,7,26,26,0.0,5.0,18.0,2.0,1.0,1.0,1,1,15,0,15,0,21.117,728.0,430.0,994.0,21.117,3.0,6.77,roster,0,79.0,65.0,1.0533,71.91,2.4238,0.65,0.1477,3.0385,55.77,13.02,0.0,23.11,24.85
2024-01-13 08:00:00,8,29,29,0.0,5.0,20.0,3.0,1.0,1.0,7,7,15,0,15,0,22.117,788.0,490.0,1054.0,22.117,3.0,6.13,roster,0,87.0,72.5,1.16,79.74,5.6008,0.725,1.1419,3.0,62.2,13.02,0.0,24.51,26.35
2024-01-13 09:00:00,9,25,25,0.0,5.0,20.0,0.0,0.0,1.0,4,4,15,0,15,0,23.117,848.0,516.0,1114.0,23.117,3.0,6.13,roster,0,80.0,62.5,1.0667,72.55,4.0881,0.625,0.6525,3.2,53.62,13.02,0.0,25.9,27.85
2024-01-13 10:00:00,10,33,33,1.0,6.0,25.0,1.0,0.0,1.0,13,13,15,0,15,0,24.117,908.0,475.0,1174.0,24.117,4.0,9.83,roster,0,106.0,82.5,1.06,91.11,6.898,0.825,1.3225,3.2121,70.78,13.02,0.0,27.3,29.35
2024-01-13 11:00:00,11,33,33,1.0,7.0,21.0,4.0,0.0,1.0,11,11,14,1,15,1,25.117,636.0,105.0,1175.0,25.117,4.0,9.83,roster,0,104.0,82.5,1.04,104.53,6.1266,0.825,1.119,3.1515,70.78,13.02,13.4,27.32,29.375
2024-01-13 12:00:00,12,28,28,0.0,3.0,23.0,2.0,0.0,1.0,7,7,9,0,9,0,26.117,671.0,209.0,1235.0,26.117,4.0,9.83,roster,0,85.0,70.0,0.6855,76.59,4.2867,0.7,0.7121,3.0357,60.06,7.81,0.0,28.71,30.875
2024-01-13 13:00:00,13,23,23,0.0,3.0,18.0,2.0,0.0,1.0,10,10,5,0,5,0,21.583,184.0,86.0,220.0,21.583,4.0,9.83,roster,0,70.0,57.5,0.5,38.79,4.8461,0.575,1.0173,3.0435,49.33,4.34,0.0,5.12,5.5
2024-01-13 14:00:00,14,30,30,0.0,3.0,26.0,1.0,0.0,1.0,12,12,7,0,7,0,22.583,146.0,84.0,280.0,22.583,4.0,9.83,roster,0,92.0,75.0,0.697,56.94,6.0436,0.75,1.2208,3.0667,64.35,6.08,0.0,6.51,7.0
2024-01-13 15:00:00,15,30,30,0.0,3.0,25.0,2.0,0.0,1.0,7,8,11,0,11,0,23.583,144.0,72.0,304.0,23.583,4.0,9.83,roster,0,91.0,75.0,0.7845,60.97,4.7436,0.75,0.8138,3.0333,64.35,9.55,0.0,7.07,7.6
2024-01-13 16:00:00,16,27,27,0.0,0.0,22.0,5.0,0.0,1.0,10,10,11,0,11,0,24.583,204.0,130.0,364.0,24.583,4.0,9.83,roster,0,76.0,67.5,0.6552,55.93,4.7635,0.675,1.0173,2.8148,57.92,9.55,0.0,8.46,9.1
2024-01-13 17:00:00,17,34,34,0.0,1.0,25.0,7.0,1.0,1.0,15,14,12,0,12,0,25.583,250.0,190.0,424.0,25.583,4.0,9.83,roster,0,94.0,85.0,0.8393,73.21,6.2875,0.85,1.4242,2.7647,72.93,10.42,0.0,9.86,10.6
2024-01-13 18:00:00,18,35,35,0.0,2.0,29.0,3.0,1.0,1.0,12,11,14,0,14,0,26.583,274.0,198.0,386.0,26.583,4.0,9.83,roster,0,102.0,87.5,0.9808,76.21,5.8112,0.875,1.119,2.9143,75.08,12.16,0.0,8.97,9.65
2024-01-13 19:00:00,19,34,34,0.0,3.0,25.0,5.0,1.0,1.0,11,10,14,1,15,1,27.583,300.0,105.0,434.0,27.583,4.0,9.83,roster,0,98.0,85.0,0.98,89.45,5.3822,0.85,1.0173,2.8824,72.93,13.02,13.4,10.09,10.85
2024-01-13 20:00:00,20,35,35,0.0,2.0,26.0,7.0,0.0,1.0,11,10,13,1,14,1,28.583,339.0,143.0,494.0,28.583,4.0,11.44,roster,0,100.0,87.5,0.9615,92.12,4.9975,0.875,0.8741,2.8571,75.08,12.16,13.4,11.49,12.35
2024-01-13 21:00:00,21,32,32,0.0,2.0,24.0,6.0,0.0,1.0,6,5,15,0,15,0,29.583,262.0,159.0,504.0,29.583,4.0,11.44,roster,0,92.0,80.0,0.92,73.38,3.5566,0.8,0.4371,2.875,68.64,13.02,0.0,11.72,12.6
2024-01-13 22:00:00,22,37,37,0.0,2.0,25.0,10.0,0.0,1.0,15,15,13,0,13,0,30.583,285.0,219.0,492.0,30.583,3.0,7.74,roster,0,103.0,92.5,1.2716,82.09,7.9699,0.925,1.938,2.7838,79.36,11.29,0.0,11.44,12.3
2024-01-13 23:00:00,23,31,31,0.0,3.0,21.0,7.0,0.0,1.0,10,9,14,0,14,0,24.8,315.0,194.0,540.0,13.667,3.0,7.74,roster,0,89.0,77.5,1.141,71.21,5.5633,0.775,1.1628,2.871,66.5,12.16,0.0,12.56,13.5
2024-01-14 00:00:00,0,35,35,0.0,4.0,23.0,8.0,0.0,1.0,10,10,16,0,16,0,25.8,353.0,174.0,600.0,14.667,3.0,7.74,roster,0,101.0,87.5,1.4028,82.92,6.2533,0.875,1.292,2.8857,75.08,13.89,0.0,13.95,15.0
2024-01-14 01:00:00,1,35,35,0.0,4.0,26.0,5.0,0.0,1.0,7,7,17,0,17,0,26.8,399.0,208.0,618.0,15.667,3.0,7.74,roster,0,104.0,87.5,1.5072,84.2,5.2873,0.875,0.9044,2.9714,75.08,14.76,0.0,14.37,15.45
2024-01-14 02:00:00,2,32,32,0.0,5.0,25.0,2.0,0.0,1.0,5,4,17,0,17,0,27.8,459.0,268.0,678.0,16.667,3.0,7.74,roster,0,99.0,80.0,1.4348,79.16,4.0738,0.8,0.5168,3.0938,68.64,14.76,0.0,15.76,16.95
2024-01-14 03:00:00,3,28,28,0.0,4.0,22.0,2.0,0.0,1.0,2,2,17,0,17,0,28.8,519.0,328.0,738.0,17.667,3.0,7.74,roster,0,86.0,70.0,1.2464,71.98,2.9437,0.7,0.2584,3.0714,60.06,14.76,0.0,17.16,18.45
2024-01-14 04:00:00,4,29,29,0.0,5.0,22.0,2.0,0.0,1.0,4,4,17,0,17,0,29.8,579.0,388.0,798.0,18.667,3.0,7.74,roster,0,90.0,72.5,1.3043,75.52,3.8538,0.725,0.5168,3.1034,62.2,14.76,0.0,18.55,19.95
2024-01-14 05:00:00,5,31,31,1.0,5.0,23.0,2.0,0.0,1.0,4,4,17,0,17,0,30.8,639.0,448.0,858.0,19.667,3.0,7.74,roster,0,98.0,77.5,1.4203,81.2,4.0837,0.775,0.5168,3.1613,66.5,14.76,0.0,19.95,21.45
2024-01-14 06:00:00,6,30,30,1.0,5.0,22.0,2.0,0.0,1.0,3,3,17,1,18,1,31.8,658.0,482.0,918.0,20.667,3.0,7.74,roster,0,95.0,75.0,1.4394,94.72,3.6024,0.75,0.3876,3.1667,64.35,15.63,13.4,21.34,22.95
2024-01-14 07:00:00,7,29,29,2.0,4.0,21.0,2.0,0.0,1.0,2,2,18,2,20,2,32.8,675.5,528.0,978.0,21.667,3.0,7.74,roster,0,93.0,72.5,1.55,109.11,3.1537,0.725,0.2584,3.2069,62.2,17.37,26.8,22.74,24.45
2024-01-14 08:00:00,8,30,30,1.0,4.0,23.0,2.0,0.0,1.0,3,3,18,2,20,2,33.8,735.5,588.0,1038.0,22.667,3.0,6.35,roster,0,94.0,75.0,1.5667,112.65,3.8303,0.75,0.4724,3.1333,64.35,17.37,26.8,24.13,25.95
2024-01-14 09:00:00,9,36,36,1.0,4.0,24.0,7.0,0.0,1.0,11,10,18,1,19,1,34.8,797.0,606.0,1098.0,23.667,3.0,6.35,roster,0,107.0,90.0,1.6984,112.65,7.3557,0.9,1.5748,2.9722,77.22,16.5,13.4,25.53,27.45
2024-01-14 10:00:00,10,44,44,1.0,3.0,31.0,9.0,0.0,1.0,16,16,18,1,19,1,35.8,774.0,199.0,1158.0,24.667,4.0,9.6,roster,0,128.0,110.0,1.5238,131.2,8.0485,1.1,1.6667,2.9091,94.38,16.5,13.4,26.92,28.95
2024-01-14 11:00:00,11,36,36,1.0,3.0,27.0,5.0,0.0,1.0,7,8,17,1,18,1,36.8,713.5,164.0,1027.0,25.667,4.0,9.6,roster,0,108.0,90.0,1.2273,110.13,5.2,0.9,0.8333,3.0,77.22,15.63,13.4,23.88,25.675
2024-01-14 12:00:00,12,33,33,0.0,3.0,26.0,4.0,0.0,1.0,11,10,17,0,17,0,37.8,369.0,135.0,894.0,26.667,4.0,9.6,roster,0,98.0,82.5,1.0652,86.33,5.5434,0.825,1.0417,2.9697,70.78,14.76,0.0,20.79,22.35
2024-01-14 13:00:00,13,35,35,1.0,4.0,26.0,4.0,0.0,1.0,8,8,19,0,19,0,38.8,302.0,183.0,954.0,27.667,4.0,9.6,roster,0,107.0,87.5,1.2738,93.75,5.2226,0.875,0.8333,3.0571,75.08,16.5,0.0,22.18,23.85
2024-01-14 14:00:00,14,44,44,1.0,4.0,34.0,4.0,1.0,1.0,13,12,19,1,20,1,39.8,353.0,243.0,1014.0,28.667,4.0,9.6,roster,0,132.0,110.0,1.65,128.72,7.05,1.1,1.25,3.0,94.38,17.37,13.4,23.58,25.35
2024-01-14 15:00:00,15,53,53,1.0,4.0,41.0,7.0,0.0,1.0,21,19,20,1,21,1,40.8,360.0,282.0,1008.0,29.667,4.0,9.6,roster,0,158.0,132.5,2.0789,148.76,9.8502,1.325,1.9792,2.9811,113.68,18.23,13.4,23.44,25.2
2024-01-14 16:00:00,16,54,54,1.0,4.0,43.0,6.0,0.0,1.0,15,15,22,1,23,1,41.8,375.0,258.0,1068.0,30.667,4.0,9.6,roster,0,162.0,135.0,2.3824,154.03,8.7375,1.35,1.5625,3.0,115.83,19.97,13.4,24.83,26.7
2024-01-14 17:00:00,17,61,61,1.0,3.0,52.0,5.0,0.0,1.0,18,18,23,1,24,1,42.8,430.5,282.0,1128.0,31.667,4.0,9.6,roster,0,183.0,152.5,2.8594,171.31,10.2,1.525,1.875,3.0,130.84,20.84,13.4,26.23,28.2
2024-01-14 18:00:00,18,56,56,1.0,4.0,46.0,5.0,0.0,1.0,15,15,24,1,25,1,43.8,483.0,279.0,1146.0,32.667,4.0,9.6,roster,0,169.0,140.0,2.8167,161.87,8.9404,1.4,1.5625,3.0179,120.12,21.71,13.4,26.64,28.65
2024-01-14 19:00:00,19,57,57,1.0,4.0,46.0,6.0,0.0,1.0,13,11,26,1,27,1,44.8,528.0,277.0,1206.0,33.667,4.0,9.6,roster,0,171.0,142.5,3.2885,167.15,7.7125,1.425,1.1458,3.0,122.26,23.44,13.4,28.04,30.15
2024-01-14 20:00:00,20,57,57,1.0,4.0,42.0,10.0,0.0,1.0,13,12,24,1,25,1,45.8,603.0,344.0,1266.0,34.667,4.0,10.56,roster,0,167.0,142.5,2.7833,166.81,7.5043,1.425,1.1364,2.9298,122.26,21.71,13.4,29.43,31.65
2024-01-14 21:00:00,21,62,62,1.0,5.0,46.0,10.0,0.0,1.0,22,22,25,1,26,1,46.8,655.5,324.0,1326.0,35.667,4.0,10.56,roster,0,183.0,155.0,3.2679,179.8,10.7242,1.55,2.0833,2.9516,132.99,22.58,13.4,30.83,33.15
2024-01-14 22:00:00,22,63,63,1.0,6.0,51.0,5.0,0.0,1.0,24,22,22,2,24,2,47.8,645.0,364.0,1386.0,36.667,3.0,7.31,roster,0,192.0,157.5,4.0,195.0,13.972,1.575,3.0096,3.0476,135.14,20.84,26.8,32.22,34.65
2024-01-14 23:00:00,23,53,53,1.0,7.0,43.0,2.0,0.0,1.0,10,11,21,4,25,4,48.8,589.0,325.0,1421.0,37.667,3.0,7.31,roster,0,166.0,132.5,3.6889,202.03,8.8631,1.325,1.5048,3.1321,113.68,21.71,53.6,33.04,35.525
2024-01-15 00:00:00,0,48,48,1.0,6.0,39.0,2.0,0.0,1.0,6,6,21,4,25,4,49.8,649.0,249.0,1481.0,38.667,3.0,7.31,roster,0,150.0,120.0,3.3333,192.7,6.315,1.2,0.8208,3.125,102.96,21.71,53.6,34.43,37.025
2024-01-15 01:00:00,1,43,43,2.0,7.0,29.0,5.0,0.0,1.0,8,8,21,4,25,4,50.8,709.0,309.0,1541.0,39.667,3.0,7.31,roster,0,135.0,107.5,3.0,183.37,6.8109,1.075,1.0944,3.1395,92.24,21.71,53.6,35.83,38.525
2024-01-15 02:00:00,2,45,45,3.0,7.0,30.0,5.0,0.0,1.0,9,8,22,4,26,4,51.8,736.5,340.0,1601.0,40.667,3.0,7.31,roster,0,143.0,112.5,3.4048,189.92,7.0527,1.125,1.0944,3.1778,96.52,22.58,53.6,37.22,40.025
2024-01-15 03:00:00,3,37,37,3.0,6.0,24.0,3.0,1.0,1.0,3,4,24,3,27,3,52.8,764.0,360.0,1661.0,41.667,3.0,7.31,roster,0,118.0,92.5,3.0256,161.63,4.6951,0.925,0.5472,3.1892,79.36,23.44,40.2,38.62,41.525
2024-01-15 04:00:00,4,42,42,3.0,7.0,27.0,4.0,1.0,1.0,5,5,24,3,27,3,53.8,824.0,420.0,1721.0,42.667,3.0,7.31,roster,0,133.0,105.0,3.4103,173.75,5.491,1.05,0.684,3.1667,90.09,23.44,40.2,40.01,43.025
2024-01-15 05:00:00,5,38,38,3.0,7.0,23.0,5.0,0.0,1.0,3,2,25,3,28,3,54.8,834.0,480.0,1781.0,43.667,3.0,7.31,roster,0,122.0,95.0,3.3889,167.43,3.9284,0.95,0.2736,3.2105,81.51,24.31,40.2,41.41,44.525
2024-01-15 06:00:00,6,40,40,3.0,7.0,24.0,6.0,0.0,1.0,3,3,25,3,28,3,55.8,894.0,540.0,1841.0,44.667,3.0,7.31,roster,0,127.0,100.0,3.5278,173.12,4.478,1.0,0.4104,3.175,85.8,24.31,40.2,42.8,46.025
2024-01-15 07:00:00,7,39,39,3.0,7.0,24.0,5.0,0.0,1.0,3,2,25,3,28,3,56.8,954.0,600.0,1901.0,45.667,3.0,7.31,roster,0,125.0,97.5,3.4722,172.37,4.0019,0.975,0.2736,3.2051,83.66,24.31,40.2,44.2,47.525
2024-01-15 08:00:00,8,37,37,3.0,6.0,25.0,3.0,0.0,1.0,4,3,25,2,27,2,57.8,1064.0,660.0,1961.0,46.667,3.0,6.82,roster,0,120.0,92.5,3.0769,155.2,4.4266,0.925,0.4399,3.2432,79.36,23.44,26.8,45.59,49.025
2024-01-15 09:00:00,9,46,46,3.0,7.0,33.0,3.0,0.0,1.0,12,12,23,2,25,2,58.8,1024.0,720.0,1386.0,39.117,3.0,6.82,roster,0,148.0,115.0,3.2889,159.4,9.3611,1.15,1.7595,3.2174,98.67,21.71,26.8,32.22,34.65
2024-01-15 10:00:00,10,54,54,4.0,9.0,39.0,2.0,0.0,1.0,16,16,25,2,27,2,59.8,985.0,536.0,1428.0,40.117,4.0,10.07,roster,0,177.0,135.0,3.4038,179.28,9.633,1.35,1.5889,3.2778,115.83,23.44,26.8,33.2,35.7
2024-01-15 11:00:00,11,61,61,4.0,10.0,44.0,3.0,0.0,1.0,14,14,29,3,32,3,60.8,821.0,166.0,1309.0,41.117,4.0,10.07,roster,0,198.0,152.5,6.1875,209.27,9.4627,1.525,1.3903,3.2459,130.84,27.79,40.2,30.43,32.725
2024-01-15 12:00:00,12,56,56,4.0,9.0,39.0,4.0,0.0,1.0,9,9,31,3,34,3,42.117,660.5,153.0,1204.0,42.117,4.0,10.07,roster,0,181.0,140.0,7.5417,197.84,7.4137,1.4,0.8937,3.2321,120.12,29.52,40.2,27.99,30.1
2024-01-15 13:00:00,13,56,56,4.0,8.0,41.0,3.0,0.0,1.0,9,7,31,3,34,3,38.8,638.0,209.0,1243.0,38.8,4.0,10.07,roster,0,181.0,140.0,7.5417,198.74,6.7718,1.4,0.6951,3.2321,120.12,29.52,40.2,28.9,31.075
2024-01-15 14:00:00,14,54,54,3.0,8.0,40.0,3.0,0.0,1.0,7,6,28,3,31,3,39.8,620.0,269.0,1303.0,39.8,4.0,10.07,roster,0,173.0,135.0,4.8056,193.24,6.2339,1.35,0.5958,3.2037,115.83,26.92,40.2,30.29,32.575
2024-01-15 15:00:00,15,41,41,3.0,6.0,29.0,3.0,0.0,1.0,5,5,25,2,27,2,39.683,416.0,318.0,1285.0,39.683,4.0,10.07,roster,0,132.0,102.5,2.5385,148.07,4.8986,1.025,0.4965,3.2195,87.94,23.44,26.8,29.88,32.125
2024-01-15 16:00:00,16,48,48,3.0,7.0,35.0,3.0,0.0,1.0,11,11,25,2,27,2,40.683,437.0,348.0,1209.0,40.683,4.0,10.07,roster,0,154.0,120.0,2.9615,161.31,7.3546,1.2,1.0924,3.2083,102.96,23.44,26.8,28.11,30.225
2024-01-15 17:00:00,17,55,55,4.0,10.0,35.0,6.0,0.0,1.0,12,11,28,2,30,2,41.683,459.0,376.0,1200.0,41.683,4.0,10.07,roster,0,177.0,137.5,4.425,178.72,7.9404,1.375,1.0924,3.2182,117.98,26.05,26.8,27.9,30.0
2024-01-15 18:00:00,18,51,51,4.0,10.0,32.0,5.0,0.0,1.0,4,4,30,2,32,2,42.683,511.0,390.0,1260.0,42.683,4.0,10.07,roster,0,166.0,127.5,5.1875,173.28,5.4429,1.275,0.3972,3.2549,109.39,27.79,26.8,29.3,31.5
2024-01-15 19:00:00,19,49,49,4.0,10.0,29.0,5.0,1.0,1.0,7,6,30,2,32,2,43.683,571.0,285.0,1320.0,43.683,4.0,10.07,roster,0,158.0,122.5,4.9375,170.38,5.8712,1.225,0.5958,3.2245,105.1,27.79,26.8,30.69,33.0
2024-01-15 20:00:00,20,59,59,4.0,11.0,35.0,9.0,0.0,1.0,14,14,31,2,33,2,44.683,629.0,342.0,1342.0,44.683,4.0,11.0,roster,0,187.0,147.5,6.6786,193.21,8.7089,1.475,1.2727,3.1695,126.56,28.65,26.8,31.2,33.55
2024-01-15 21:00:00,21,56,56,4.0,10.0,30.0,12.0,0.0,1.0,8,6,31,2,33,2,45.683,689.0,402.0,1402.0,45.683,4.0,11.0,roster,0,174.0,140.0,6.2143,188.17,6.0448,1.4,0.5455,3.1071,120.12,28.65,26.8,32.6,35.05
2024-01-15 22:00:00,22,53,53,6.0,9.0,32.0,6.0,0.0,1.0,10,10,30,2,32,2,46.683,751.0,465.0,1500.0,46.683,3.0,7.75,roster,0,174.0,132.5,7.25,183.15,8.5862,1.325,1.2903,3.283,113.68,27.79,26.8,34.88,37.5
2024-01-15 23:00:00,23,51,51,5.0,9.0,30.0,7.0,0.0,1.0,8,8,31,2,33,2,47.683,809.0,522.0,1522.0,47.683,3.0,7.75,roster,0,165.0,127.5,7.8571,180.24,7.4647,1.275,1.0323,3.2353,109.39,28.65,26.8,35.39,38.05
2024-01-16 00:00:00,0,48,48,4.0,9.0,31.0,4.0,0.0,1.0,6,4,31,2,33,2,48.683,869.0,582.0,1582.0,48.683,3.0,7.75,roster,0,157.0,120.0,7.4762,175.2,5.6132,1.2,0.5161,3.2708,102.96,28.65,26.8,36.78,39.55
2024-01-16 01:00:00,1,42,42,4.0,8.0,25.0,5.0,0.0,1.0,3,2,31,2,33,2,49.683,929.0,642.0,1642.0,49.683,3.0,7.75,roster,0,137.0,105.0,6.5238,163.72,4.2668,1.05,0.2581,3.2619,90.09,28.65,26.8,38.18,41.05
2024-01-16 02:00:00,2,43,43,4.0,8.0,27.0,4.0,0.0,1.0,6,5,31,2,33,2,50.683,989.0,702.0,1702.0,50.683,3.0,7.75,roster,0,141.0,107.5,6.7143,167.26,5.6405,1.075,0.6452,3.2791,92.24,28.65,26.8,39.57,42.55
2024-01-16 03:00:00,3,41,41,4.0,8.0,25.0,4.0,0.0,1.0,2,2,32,2,34,2,51.683,1043.5,683.0,1762.0,51.683,3.0,7.75,roster,0,135.0,102.5,7.5,165.23,4.2247,1.025,0.2581,3.2927,87.94,29.52,26.8,40.97,44.05
2024-01-16 04:00:00,4,42,42,4.0,8.0,25.0,5.0,0.0,1.0,4,4,32,2,34,2,52.683,1103.5,743.0,1822.0,52.683,3.0,7.75,roster,0,137.0,105.0,7.6111,168.77,5.1086,1.05,0.5161,3.2619,90.09,29.52,26.8,42.36,45.55
2024-01-16 05:00:00,5,38,38,4.0,8.0,21.0,5.0,0.0,1.0,1,1,32,2,34,2,53.683,1163.5,803.0,1882.0,53.683,3.0,7.75,roster,0,125.0,95.0,6.9444,161.59,3.5494,0.95,0.129,3.2895,81.51,29.52,26.8,43.76,47.05
2024-01-16 06:00:00,6,39,39,4.0,9.0,21.0,5.0,0.0,1.0,1,1,32,2,34,2,54.683,1223.5,863.0,1942.0,54.683,3.0,7.75,roster,0,129.0,97.5,7.1667,165.13,3.6518,0.975,0.129,3.3077,83.66,29.52,26.8,45.15,48.55
2024-01-16 07:00:00,7,45,45,4.0,9.0,26.0,6.0,0.0,1.0,6,6,33,2,35,2,55.683,1278.0,914.0,2002.0,55.683,3.0,7.75,roster,0,146.0,112.5,9.7333,180.26,6.1618,1.125,0.7742,3.2444,96.52,30.39,26.8,46.55,50.05
2024-01-16 08:00:00,8,45,45,4.0,9.0,27.0,5.0,0.0,1.0,5,4,33,2,35,2,56.683,1338.0,974.0,2062.0,56.683,3.0,6.7,roster,0,147.0,112.5,9.8,181.66,5.6252,1.125,0.597,3.2667,96.52,30.39,26.8,47.94,51.55
2024-01-16 09:00:00,9,53,53,4.0,9.0,34.0,6.0,0.0,1.0,11,11,31,2,33,2,47.25,1368.0,1034.0,1925.0,47.25,3.0,6.7,roster,0,170.0,132.5,8.0952,193.9,9.5161,1.325,1.6418,3.2075,113.68,28.65,26.8,44.76,48.125
2024-01-16 10:00:00,10,52,52,4.0,11.0,32.0,5.0,0.0,1.0,11,9,28,2,30,2,48.25,1414.0,1057.0,1820.0,48.25,4.0,10.02,roster,0,170.0,130.0,4.25,186.7,7.1864,1.3,0.8982,3.2692,111.54,26.05,26.8,42.32,45.5
2024-01-16 11:00:00,11,54,54,6.0,12.0,31.0,5.0,0.0,1.0,12,11,27,3,30,3,49.25,1474.0,1112.0,1880.0,49.25,4.0,10.02,roster,0,181.0,135.0,4.525,205.79,8.2047,1.35,1.0978,3.3519,115.83,26.05,40.2,43.71,47.0
2024-01-16 12:00:00,12,51,51,4.0,11.0,31.0,5.0,0.0,1.0,10,10,25,4,29,4,50.25,1177.0,408.0,1548.0,50.25,4.0,10.02,roster,0,167.0,127.5,3.7955,204.17,7.443,1.275,0.998,3.2745,109.39,25.18,53.6,35.99,38.7
2024-01-16 13:00:00,13,50,50,4.0,11.0,30.0,5.0,0.0,1.0,5,5,30,4,34,4,51.25,960.5,132.0,1530.0,51.25,4.0,10.02,roster,0,164.0,125.0,6.8333,205.94,5.7367,1.25,0.499,3.28,107.25,29.52,53.6,35.57,38.25
2024-01-16 14:00:00,14,41,41,3.0,7.0,28.0,3.0,0.0,1.0,8,6,25,2,27,2,49.7,724.0,172.0,1425.0,49.7,4.0,10.02,roster,0,133.0,102.5,2.5577,151.32,5.2675,1.025,0.5988,3.2439,87.94,23.44,26.8,33.13,35.625
2024-01-16 15:00:00,15,48,48,4.0,7.0,34.0,3.0,0.0,1.0,10,10,25,3,28,3,50.7,301.0,228.0,1403.0,50.7,4.0,10.02,roster,0,156.0,120.0,3.25,180.09,7.1435,1.2,0.998,3.25,102.96,24.31,40.2,32.62,35.075
2024-01-16 16:00:00,16,53,53,6.0,7.0,36.0,4.0,0.0,1.0,12,11,30,2,32,2,51.7,323.0,248.0,1417.0,51.7,4.0,10.02,roster,0,174.0,132.5,5.4375,181.22,7.9541,1.325,1.0978,3.283,113.68,27.79,26.8,32.95,35.425
2024-01-16 17:00:00,17,55,55,6.0,7.0,38.0,4.0,0.0,1.0,8,8,32,2,34,2,52.7,376.0,211.0,1472.0,52.7,4.0,10.02,roster,0,180.0,137.5,7.5,188.52,7.113,1.375,0.7984,3.2727,117.98,29.52,26.8,34.22,36.8
2024-01-16 18:00:00,18,50,50,6.0,6.0,29.0,8.0,1.0,1.0,9,5,32,1,33,1,53.7,440.0,224.0,1532.0,53.7,4.0,10.02,roster,0,158.0,125.0,5.6429,164.92,5.5268,1.25,0.499,3.16,107.25,28.65,13.4,35.62,38.3
2024-01-16 19:00:00,19,48,48,5.0,6.0,27.0,8.0,2.0,1.0,6,6,32,1,33,1,54.7,500.0,284.0,1592.0,54.7,4.0,10.02,roster,0,148.0,120.0,5.2857,162.03,5.5463,1.2,0.5988,3.0833,102.96,28.65,13.4,37.01,39.8
2024-01-16 20:00:00,20,50,50,5.0,6.0,32.0,6.0,1.0,1.0,8,8,32,1,33,1,55.7,560.0,344.0,1652.0,55.7,4.0,10.62,roster,0,158.0,125.0,5.6429,167.71,6.3304,1.25,0.7533,3.16,107.25,28.65,13.4,38.41,41.3
2024-01-16 21:00:00,21,57,57,5.0,6.0,35.0,9.0,2.0,1.0,12,11,33,1,34,1,56.7,606.0,378.0,1712.0,56.7,4.0,10.62,roster,0,174.0,142.5,7.25,184.99,7.5119,1.425,1.0358,3.0526,122.26,29.52,13.4,39.8,42.8
2024-01-16 22:00:00,22,54,54,5.0,6.0,32.0,10.0,1.0,1.0,8,8,33,2,35,2,57.7,652.0,432.0,1772.0,57.7,3.0,7.3,roster,0,166.0,135.0,11.0667,194.22,7.5188,1.35,1.0959,3.0741,115.83,30.39,26.8,41.2,44.3
2024-01-16 23:00:00,23,57,57,5.0,6.0,34.0,11.0,1.0,1.0,8,7,34,2,36,2,58.7,710.0,492.0,1832.0,58.7,3.0,7.3,roster,0,174.0,142.5,14.5,202.92,7.2772,1.425,0.9589,3.0526,122.26,31.26,26.8,42.59,45.8
2024-01-17 00:00:00,0,50,50,4.0,7.0,32.0,6.0,1.0,1.0,4,4,34,2,36,2,59.7,770.0,552.0,1892.0,59.7,3.0,7.3,roster,0,157.0,125.0,13.0833,189.3,5.6455,1.25,0.5479,3.14,107.25,31.26,26.8,43.99,47.3
2024-01-17 01:00:00,1,49,49,5.0,7.0,31.0,5.0,1.0,1.0,5,5,34,2,36,2,60.7,830.0,612.0,1952.0,60.7,3.0,7.3,roster,0,157.0,122.5,13.0833,188.55,6.1196,1.225,0.6849,3.2041,105.1,31.26,26.8,45.38,48.8
2024-01-17 02:00:00,2,50,50,5.0,7.0,32.0,5.0,1.0,1.0,3,2,38,2,40,2,61.7,873.5,657.0,1965.0,61.7,3.0,7.3,roster,0,160.0,125.0,53.3333,194.47,4.8767,1.25,0.274,3.2,107.25,34.73,26.8,45.69,49.125
2024-01-17 03:00:00,3,50,50,5.0,6.0,32.0,6.0,1.0,1.0,3,3,38,2,40,2,62.7,933.5,717.0,2025.0,62.7,3.0,7.3,roster,0,158.0,125.0,52.6667,195.86,5.2486,1.25,0.411,3.16,107.25,34.73,26.8,47.08,50.625
2024-01-17 04:00:00,4,49,49,5.0,7.0,31.0,5.0,1.0,1.0,2,2,38,2,40,2,63.7,993.5,777.0,2085.0,63.7,3.0,7.3,roster,0,157.0,122.5,52.3333,195.11,4.8028,1.225,0.274,3.2041,105.1,34.73,26.8,48.48,52.125
2024-01-17 05:00:00,5,54,54,5.0,7.0,36.0,5.0,1.0,1.0,5,5,38,3,41,3,64.7,1044.0,815.0,1978.0,64.7,3.0,7.3,roster,0,172.0,135.0,57.3333,217.62,6.4816,1.35,0.6849,3.1852,115.83,35.6,40.2,45.99,49.45
2024-01-17 06:00:00,6,53,53,5.0,7.0,36.0,4.0,1.0,1.0,1,1,40,3,43,3,65.7,1088.0,817.0,2038.0,65.7,3.0,7.3,roster,0,170.0,132.5,56.6667,218.61,4.6894,1.325,0.137,3.2075,113.68,37.34,40.2,47.38,50.95
2024-01-17 07:00:00,7,55,55,5.0,7.0,36.0,6.0,1.0,1.0,5,5,40,3,43,3,66.7,1148.0,877.0,2098.0,66.7,3.0,7.3,roster,0,174.0,137.5,58.0,224.29,6.5169,1.375,0.6849,3.1636,117.98,37.34,40.2,48.78,52.45
2024-01-17 08:00:00,8,56,56,5.0,8.0,36.0,6.0,1.0,1.0,5,5,40,2,42,2,67.7,1216.0,951.0,2158.0,67.7,3.0,6.6,roster,0,178.0,140.0,59.3333,213.56,6.858,1.4,0.7576,3.1786,120.12,36.47,26.8,50.17,53.95
2024-01-17 09:00:00,9,56,56,5.0,7.0,40.0,4.0,0.0,1.0,6,6,39,2,41,2,68.7,1268.0,1011.0,2218.0,68.7,3.0,6.6,roster,0,181.0,140.0,60.3333,214.09,7.4633,1.4,0.9091,3.2321,120.12,35.6,26.8,51.57,55.45
2024-01-17 10:00:00,10,55,55,5.0,7.0,40.0,3.0,0.0,1.0,9,9,33,2,35,2,69.7,1158.0,568.0,1406.0,69.7,4.0,10.3,roster,0,179.0,137.5,8.95,187.86,7.3188,1.375,0.8738,3.2545,117.98,30.39,26.8,32.69,35.15
2024-01-17 11:00:00,11,56,56,6.0,9.0,39.0,2.0,0.0,1.0,15,13,31,2,33,2,70.7,1202.0,566.0,1432.0,70.7,4.0,10.3,roster,0,187.0,140.0,6.6786,188.87,8.8896,1.4,1.2621,3.3393,120.12,28.65,26.8,33.29,35.8
2024-01-17 12:00:00,12,59,59,6.0,9.0,42.0,2.0,0.0,1.0,7,7,34,2,36,2,71.7,1084.0,367.0,1488.0,71.7,4.0,10.3,roster,0,196.0,147.5,12.25,199.21,7.1577,1.475,0.6796,3.322,126.56,31.26,26.8,34.6,37.2
2024-01-17 13:00:00,13,56,56,6.0,10.0,39.0,1.0,0.0,1.0,8,7,33,2,35,2,72.7,1037.0,328.0,1524.0,72.7,4.0,10.3,roster,0,189.0,140.0,9.45,192.74,7.0187,1.4,0.6796,3.375,120.12,30.39,26.8,35.43,38.1
2024-01-17 14:00:00,14,61,61,6.0,11.0,41.0,3.0,0.0,1.0,10,10,36,2,38,2,73.7,811.0,272.0,1568.0,73.7,4.0,10.3,roster,0,203.0,152.5,25.375,207.1,8.3059,1.525,0.9709,3.3279,130.84,33.0,26.8,36.46,39.2
2024-01-17 15:00:00,15,55,55,5.0,10.0,38.0,2.0,0.0,1.0,9,9,33,2,35,2,74.7,806.0,287.0,1452.0,74.7,4.0,10.3,roster,0,183.0,137.5,9.15,188.92,7.4823,1.375,0.8738,3.3273,117.98,30.39,26.8,33.76,36.3
2024-01-17 16:00:00,16,55,55,5.0,10.0,40.0,0.0,0.0,1.0,12,12,33,1,34,1,75.7,689.5,303.0,1497.0,75.7,4.0,10.3,roster,0,185.0,137.5,7.7083,175.7,8.5438,1.375,1.165,3.3636,117.98,29.52,13.4,34.81,37.425
2024-01-17 17:00:00,17,58,58,5.0,10.0,35.0,8.0,0.0,1.0,13,11,36,1,37,1,76.7,667.0,273.0,1535.0,76.7,4.0,10.3,roster,0,186.0,145.0,15.5,185.63,8.0748,1.45,1.068,3.2069,124.41,32.13,13.4,35.69,38.375
2024-01-17 18:00:00,18,54,54,5.0,10.0,32.0,7.0,0.0,1.0,3,3,37,1,38,1,77.7,677.5,310.0,1595.0,77.7,4.0,10.3,roster,0,175.0,135.0,21.875,179.31,5.3189,1.35,0.2913,3.2407,115.83,33.0,13.4,37.08,39.875
2024-01-17 19:00:00,19,53,53,5.0,9.0,33.0,6.0,0.0,1.0,10,9,39,1,40,1,78.7,630.0,341.0,1655.0,78.7,4.0,10.3,roster,0,172.0,132.5,43.0,180.3,7.1357,1.325,0.8738,3.2453,113.68,34.73,13.4,38.48,41.375
2024-01-17 20:00:00,20,48,48,5.0,9.0,30.0,4.0,0.0,1.0,8,6,37,1,38,1,79.7,614.0,344.0,1457.0,79.7,4.0,13.1,roster,0,159.0,120.0,19.875,163.23,5.4922,1.2,0.458,3.3125,102.96,33.0,13.4,33.88,36.425
2024-01-17 21:00:00,21,46,46,4.0,9.0,29.0,4.0,0.0,1.0,4,3,38,0,38,0,33.8,651.5,397.0,1234.0,33.8,4.0,13.1,roster,0,151.0,115.0,18.875,140.36,4.5267,1.15,0.229,3.2826,98.67,33.0,0.0,28.69,30.85
2024-01-17 22:00:00,22,51,51,5.0,10.0,31.0,5.0,0.0,1.0,10,10,38,0,38,0,34.8,711.5,457.0,1294.0,34.8,3.0,9.4,roster,0,168.0,127.5,28.0,152.48,7.7044,1.275,1.0638,3.2941,109.39,33.0,0.0,30.09,32.35
2024-01-17 23:00:00,23,52,52,5.0,10.0,32.0,5.0,0.0,1.0,8,6,41,1,42,1,35.8,743.5,453.0,1348.0,35.8,3.0,9.4,roster,0,171.0,130.0,57.0,172.75,6.374,1.3,0.6383,3.2885,111.54,36.47,13.4,31.34,33.7
2024-01-18 00:00:00,0,51,51,5.0,10.0,33.0,3.0,0.0,1.0,5,5,42,0,42,0,36.8,803.5,513.0,1408.0,36.8,3.0,9.4,roster,0,170.0,127.5,56.6667,158.6,6.023,1.275,0.5319,3.3333,109.39,36.47,0.0,32.74,35.2
2024-01-18 01:00:00,1,58,58,6.0,12.0,34.0,5.0,1.0,1.0,10,9,42,0,42,0,37.8,863.5,573.0,1468.0,37.8,3.0,9.4,roster,0,191.0,145.0,63.6667,175.01,7.928,1.45,0.9574,3.2931,124.41,36.47,0.0,34.13,36.7
2024-01-18 02:00:00,2,57,57,5.0,11.0,33.0,8.0,0.0,1.0,7,7,43,1,44,1,38.8,868.5,581.0,1528.0,38.8,3.0,9.4,roster,0,184.0,142.5,61.3333,189.4,7.0039,1.425,0.7447,3.2281,122.26,38.21,13.4,35.53,38.2
2024-01-18 03:00:00,3,54,54,5.0,10.0,34.0,5.0,0.0,1.0,4,4,43,1,44,1,39.8,928.5,641.0,1588.0,39.8,3.0,9.4,roster,0,177.0,135.0,59.0,184.36,5.8198,1.35,0.4255,3.2778,115.83,38.21,13.4,36.92,39.7
2024-01-18 04:00:00,4,51,51,5.0,10.0,32.0,4.0,0.0,1.0,2,0,43,1,44,1,40.8,988.5,701.0,1648.0,40.8,3.0,9.4,roster,0,169.0,127.5,56.3333,179.32,4.225,1.275,0.0,3.3137,109.39,38.21,13.4,38.32,41.2
2024-01-18 05:00:00,5,47,47,4.0,10.0,30.0,3.0,0.0,1.0,1,1,43,0,43,0,41.8,1083.0,761.0,1708.0,41.8,3.0,9.4,roster,0,156.0,117.5,52.0,157.86,4.2531,1.175,0.1064,3.3191,100.82,37.34,0.0,39.71,42.7
2024-01-18 06:00:00,6,48,48,4.0,9.0,31.0,4.0,0.0,1.0,2,2,43,0,43,0,42.8,1143.0,821.0,1768.0,42.8,3.0,9.4,roster,0,157.0,120.0,52.3333,161.4,4.6209,1.2,0.2128,3.2708,102.96,37.34,0.0,41.11,44.2
2024-01-18 07:00:00,7,48,48,4.0,9.0,32.0,3.0,0.0,1.0,2,1,43,0,43,0,43.8,1203.0,881.0,1828.0,43.8,3.0,9.4,roster,0,158.0,120.0,52.6667,162.8,4.3002,1.2,0.1064,3.2917,102.96,37.34,0.0,42.5,45.7
2024-01-18 08:00:00,8,50,50,5.0,9.0,33.0,3.0,0.0,1.0,3,3,43,0,43,0,44.8,1263.0,941.0,1888.0,44.8,3.0,7.29,roster,0,166.0,125.0,55.3333,168.48,5.5163,1.25,0.4115,3.32,107.25,37.34,0.0,43.9,47.2
2024-01-18 09:00:00,9,49,49,4.0,9.0,33.0,3.0,0.0,1.0,3,2,41,0,41,0,45.8,1233.0,954.0,1722.0,45.8,3.0,7.29,roster,0,161.0,122.5,53.6667,160.74,4.9264,1.225,0.2743,3.2857,105.1,35.6,0.0,40.04,43.05
2024-01-18 10:00:00,10,48,48,4.0,10.0,31.0,3.0,0.0,1.0,10,9,33,0,33,0,43.3,1293.0,1014.0,1782.0,43.3,4.0,10.54,roster,0,159.0,120.0,5.6786,153.05,6.8035,1.2,0.8539,3.3125,102.96,28.65,0.0,41.43,44.55
2024-01-18 11:00:00,11,50,50,4.0,8.0,33.0,5.0,0.0,1.0,16,14,29,0,29,0,44.3,1237.0,983.0,1747.0,44.3,4.0,10.54,roster,0,161.0,125.0,3.6591,153.05,8.302,1.25,1.3283,3.22,107.25,25.18,0.0,40.62,43.675
2024-01-18 12:00:00,12,49,49,5.0,5.0,32.0,7.0,0.0,1.0,9,10,29,0,29,0,45.3,1181.0,262.0,1708.0,45.3,4.0,10.54,roster,0,155.0,122.5,3.5227,150.0,6.8762,1.225,0.9488,3.1633,105.1,25.18,0.0,39.71,42.7
2024-01-18 13:00:00,13,48,48,5.0,6.0,31.0,6.0,0.0,1.0,8,8,26,0,26,0,46.3,1110.5,169.0,1421.0,46.3,4.0,10.54,roster,0,154.0,120.0,2.75,138.57,6.2852,1.2,0.759,3.2083,102.96,22.58,0.0,33.04,35.525
2024-01-18 14:00:00,14,47,47,6.0,7.0,28.0,6.0,0.0,1.0,4,4,28,0,28,0,47.3,1009.5,207.0,1463.0,47.3,4.0,10.54,roster,0,154.0,117.5,3.2083,139.14,5.0935,1.175,0.3795,3.2766,100.82,24.31,0.0,34.01,36.575
2024-01-18 15:00:00,15,43,43,5.0,7.0,25.0,6.0,0.0,1.0,6,6,27,0,27,0,48.3,348.0,227.0,1413.0,48.3,4.0,10.54,roster,0,140.0,107.5,2.6923,128.53,5.3534,1.075,0.5693,3.2558,92.24,23.44,0.0,32.85,35.325
2024-01-18 16:00:00,16,42,42,5.0,8.0,24.0,5.0,0.0,1.0,8,8,26,0,26,0,49.3,362.0,214.0,1298.0,49.3,4.0,10.54,roster,0,139.0,105.0,2.4821,122.84,5.987,1.05,0.759,3.3095,90.09,22.58,0.0,30.18,32.45
2024-01-18 17:00:00,17,44,44,6.0,8.0,26.0,4.0,0.0,1.0,6,6,29,0,29,0,50.3,397.0,243.0,1343.0,50.3,4.0,10.54,roster,0,148.0,110.0,3.3636,130.79,5.6148,1.1,0.5693,3.3636,94.38,25.18,0.0,31.22,33.575
2024-01-18 18:00:00,18,47,47,7.0,9.0,28.0,3.0,0.0,1.0,7,7,29,0,29,0,51.3,457.0,276.0,1403.0,51.3,4.0,10.54,roster,0,161.0,117.5,3.6591,138.62,6.3,1.175,0.6641,3.4255,100.82,25.18,0.0,32.62,35.075
2024-01-18 19:00:00,19,50,50,6.0,8.0,30.0,5.0,1.0,1.0,9,7,30,1,31,1,52.3,488.0,225.0,1395.0,52.3,4.0,10.54,roster,0,163.0,125.0,4.5278,160.0,6.2401,1.25,0.6641,3.26,107.25,26.92,13.4,32.43,34.875
2024-01-18 20:00:00,20,49,49,3.0,9.0,30.0,5.0,2.0,1.0,9,6,27,0,27,0,48.283,540.0,285.0,742.0,48.283,4.0,11.69,roster,0,153.0,122.5,2.9423,125.8,5.4276,1.225,0.5133,3.1224,105.1,23.44,0.0,17.25,18.55
2024-01-18 21:00:00,21,47,47,3.0,9.0,28.0,6.0,1.0,1.0,8,8,28,0,28,0,49.283,593.5,345.0,802.0,49.283,4.0,11.69,roster,0,148.0,117.5,3.0833,123.77,5.855,1.175,0.6843,3.1489,100.82,24.31,0.0,18.65,20.05
2024-01-18 22:00:00,22,51,51,3.0,9.0,31.0,7.0,1.0,1.0,11,9,29,0,29,0,50.283,647.0,378.0,768.0,50.283,3.0,8.44,roster,0,159.0,127.5,4.8182,132.43,7.2995,1.275,1.0664,3.1176,109.39,25.18,0.0,17.86,19.2
2024-01-18 23:00:00,23,54,54,3.0,10.0,32.0,7.0,2.0,1.0,9,9,29,0,29,0,51.283,629.0,434.0,795.0,51.283,3.0,8.44,roster,0,167.0,135.0,5.0606,139.49,7.4728,1.35,1.0664,3.0926,115.83,25.18,0.0,18.48,19.875
2024-01-19 00:00:00,0,54,54,4.0,11.0,33.0,5.0,1.0,1.0,11,10,30,1,31,1,52.283,663.0,433.0,855.0,52.283,3.0,8.44,roster,0,174.0,135.0,6.4444,156.03,8.1678,1.35,1.1848,3.2222,115.83,26.92,13.4,19.88,21.375
2024-01-19 01:00:00,1,50,50,4.0,11.0,29.0,5.0,1.0,1.0,4,4,33,2,35,2,53.283,678.0,329.0,889.0,53.283,3.0,8.44,roster,0,162.0,125.0,10.8,165.11,5.5855,1.25,0.4739,3.24,107.25,30.39,26.8,20.67,22.225
2024-01-19 02:00:00,2,49,49,5.0,11.0,28.0,4.0,1.0,1.0,5,5,33,2,35,2,54.283,738.0,389.0,949.0,54.283,3.0,8.44,roster,0,162.0,122.5,10.8,164.36,6.0086,1.225,0.5924,3.3061,105.1,30.39,26.8,22.06,23.725
2024-01-19 03:00:00,3,45,45,3.0,10.0,28.0,3.0,1.0,1.0,5,5,33,1,34,1,55.283,807.0,542.0,1009.0,55.283,3.0,8.44,roster,0,146.0,112.5,8.1111,142.91,5.5721,1.125,0.5924,3.2444,96.52,29.52,13.4,23.46,25.225
2024-01-19 04:00:00,4,41,41,4.0,11.0,23.0,2.0,1.0,1.0,3,3,33,1,34,1,56.283,867.0,602.0,1069.0,56.283,3.0,8.44,roster,0,138.0,102.5,7.6667,135.72,4.6464,1.025,0.3555,3.3659,87.94,29.52,13.4,24.85,26.725
2024-01-19 05:00:00,5,42,42,3.0,13.0,23.0,2.0,1.0,1.0,3,2,34,1,35,1,57.283,918.0,569.0,1129.0,57.283,3.0,8.44,roster,0,141.0,105.0,9.4,140.13,4.3205,1.05,0.237,3.3571,90.09,30.39,13.4,26.25,28.225
2024-01-19 06:00:00,6,44,44,3.0,12.0,26.0,2.0,1.0,1.0,4,4,34,1,35,1,58.283,978.0,629.0,1189.0,58.283,3.0,8.44,roster,0,146.0,110.0,9.7333,145.81,5.2226,1.1,0.4739,3.3182,94.38,30.39,13.4,27.64,29.725
2024-01-19 07:00:00,7,42,42,3.0,11.0,24.0,3.0,1.0,1.0,2,2,37,1,38,1,59.283,974.0,539.0,1237.0,59.283,3.0,8.44,roster,0,138.0,105.0,23.0,145.25,4.2286,1.05,0.237,3.2857,90.09,33.0,13.4,28.76,30.925
2024-01-19 08:00:00,8,45,45,2.0,12.0,26.0,4.0,1.0,1.0,5,5,36,0,36,0,60.283,1080.5,749.0,1309.0,60.283,3.0,7.88,roster,0,145.0,112.5,12.0833,138.22,5.6696,1.125,0.6345,3.2222,96.52,31.26,0.0,30.43,32.725
2024-01-19 09:00:00,9,44,44,2.0,11.0,27.0,4.0,0.0,1.0,6,5,34,1,35,1,61.283,1123.0,659.0,1369.0,61.283,3.0,7.88,roster,0,143.0,110.0,9.5333,150.0,5.6372,1.1,0.6345,3.25,94.38,30.39,13.4,31.83,34.225
2024-01-19 10:00:00,10,50,50,4.0,12.0,29.0,5.0,0.0,1.0,13,13,32,1,33,1,62.283,1183.0,676.0,1429.0,62.283,4.0,10.97,roster,0,165.0,125.0,5.8929,162.53,8.0357,1.25,1.1851,3.3,107.25,28.65,13.4,33.22,35.725
2024-01-19 11:00:00,11,55,55,2.0,14.0,34.0,5.0,0.0,1.0,14,13,29,2,31,2,63.283,1022.0,337.0,1477.0,63.283,4.0,10.97,roster,0,178.0,137.5,4.9444,186.03,8.2853,1.375,1.1851,3.2364,117.98,26.92,26.8,34.34,36.925
2024-01-19 12:00:00,12,52,52,1.0,12.0,33.0,6.0,0.0,1.0,13,13,26,3,29,3,26.8,397.0,121.0,989.0,26.8,4.0,10.97,roster,0,164.0,130.0,3.7273,179.92,7.8375,1.3,1.1851,3.1538,111.54,25.18,40.2,22.99,24.725
2024-01-19 13:00:00,13,53,53,1.0,12.0,34.0,6.0,0.0,1.0,10,11,23,3,26,3,27.8,372.5,165.0,899.0,27.8,4.0,10.97,roster,0,167.0,132.5,2.9821,177.36,7.3346,1.325,1.0027,3.1509,113.68,22.58,40.2,20.9,22.475
2024-01-19 14:00:00,14,52,52,1.0,12.0,35.0,4.0,0.0,1.0,11,11,24,3,27,3,28.8,365.0,223.0,959.0,28.8,4.0,10.97,roster,0,166.0,130.0,3.1923,177.48,7.351,1.3,1.0027,3.1923,111.54,23.44,40.2,22.3,23.975
2024-01-19 15:00:00,15,50,50,1.0,10.0,37.0,2.0,0.0,1.0,12,12,20,2,22,2,26.05,345.0,267.0,916.0,26.05,4.0,10.97,roster,0,160.0,125.0,2.2222,154.45,7.5005,1.25,1.0939,3.2,107.25,19.1,26.8,21.3,22.9
2024-01-19 16:00:00,16,46,46,1.0,8.0,35.0,2.0,0.0,1.0,10,9,22,2,24,2,27.05,366.0,311.0,967.0,27.05,4.0,10.97,roster,0,146.0,115.0,2.2812,148.79,6.2539,1.15,0.8204,3.1739,98.67,20.84,26.8,22.48,24.175
2024-01-19 17:00:00,17,49,49,1.0,7.0,33.0,7.0,1.0,1.0,12,12,26,1,27,1,28.05,397.0,168.0,755.0,28.05,4.0,10.97,roster,0,147.0,122.5,2.8269,139.5,6.9567,1.225,1.0939,3.0,105.1,23.44,13.4,17.55,18.875
2024-01-19 18:00:00,18,45,45,2.0,6.0,28.0,8.0,1.0,1.0,8,8,28,0,28,0,29.05,448.5,225.0,815.0,29.05,4.0,10.97,roster,0,135.0,112.5,2.8125,119.79,5.5628,1.125,0.7293,3.0,96.52,24.31,0.0,18.95,20.375
2024-01-19 19:00:00,19,43,43,2.0,6.0,26.0,9.0,0.0,1.0,8,7,27,1,28,1,30.05,508.5,248.0,875.0,30.05,4.0,10.97,roster,0,130.0,107.5,2.7083,130.29,5.1792,1.075,0.6381,3.0233,92.24,24.31,13.4,20.34,21.875
2024-01-19 20:00:00,20,46,46,2.0,6.0,28.0,10.0,0.0,1.0,13,12,26,1,27,1,31.05,560.0,273.0,896.0,31.05,4.0,9.59,roster,0,138.0,115.0,2.6538,136.35,7.2039,1.15,1.2513,3.0,98.67,23.44,13.4,20.83,22.4
2024-01-19 21:00:00,21,44,44,2.0,7.0,28.0,7.0,0.0,1.0,8,8,24,1,25,1,32.05,620.0,337.0,937.0,32.05,4.0,9.59,roster,0,136.0,110.0,2.2667,131.27,5.9784,1.1,0.8342,3.0909,94.38,21.71,13.4,21.79,23.425
2024-01-19 22:00:00,22,44,44,3.0,8.0,26.0,7.0,0.0,1.0,14,12,21,1,22,1,33.05,675.5,346.0,997.0,33.05,3.0,6.5,roster,0,139.0,110.0,2.5741,130.06,9.3072,1.1,1.8462,3.1591,94.38,19.1,13.4,23.18,24.925
2024-01-19 23:00:00,23,42,42,4.0,9.0,22.0,6.0,1.0,1.0,12,11,20,3,23,3,34.05,528.0,265.0,791.0,34.05,3.0,6.5,roster,0,135.0,105.0,2.6471,148.65,8.8146,1.05,1.6923,3.2143,90.09,19.97,40.2,18.39,19.775
2024-01-20 00:00:00,0,40,40,4.0,4.0,27.0,4.0,1.0,1.0,9,8,21,2,23,2,19.583,548.0,186.0,817.0,19.583,3.0,6.5,roster,0,126.0,100.0,2.4706,131.57,7.0269,1.0,1.2308,3.15,85.8,19.97,26.8,19.0,20.425
2024-01-20 01:00:00,1,35,35,4.0,5.0,23.0,2.0,1.0,1.0,8,6,21,2,23,2,20.583,608.0,246.0,877.0,20.583,3.0,6.5,roster,0,114.0,87.5,2.2353,122.24,5.8566,0.875,0.9231,3.2571,75.08,19.97,26.8,20.39,21.925
2024-01-20 02:00:00,2,32,32,4.0,5.0,19.0,2.0,2.0,1.0,5,4,21,3,24,3,21.583,627.0,306.0,937.0,21.583,3.0,6.5,roster,0,103.0,80.0,2.1458,131.46,4.5558,0.8,0.6154,3.2188,68.64,20.84,40.2,21.79,23.425
2024-01-20 03:00:00,3,33,33,4.0,5.0,22.0,1.0,1.0,1.0,4,4,22,3,25,3,22.583,646.0,325.0,980.0,22.583,3.0,6.5,roster,0,109.0,82.5,2.4222,135.48,4.7576,0.825,0.6154,3.303,70.78,21.71,40.2,22.78,24.5
2024-01-20 04:00:00,4,33,33,3.0,5.0,23.0,1.0,1.0,1.0,3,3,22,2,24,2,23.583,747.0,426.0,1057.0,23.583,3.0,6.5,roster,0,107.0,82.5,2.2292,123.0,4.1715,0.825,0.4615,3.2424,70.78,20.84,26.8,24.58,26.425
2024-01-20 05:00:00,5,32,32,4.0,6.0,20.0,1.0,1.0,1.0,2,2,23,2,25,2,24.583,766.0,435.0,1100.0,24.583,3.0,6.5,roster,0,107.0,80.0,2.3778,122.72,3.7038,0.8,0.3077,3.3438,68.64,21.71,26.8,25.58,27.5
2024-01-20 06:00:00,6,30,30,4.0,6.0,18.0,1.0,1.0,1.0,0,0,23,3,26,3,25.583,792.5,456.0,1160.0,25.583,3.0,6.5,roster,0,101.0,75.0,2.4048,134.1,2.525,0.75,0.0,3.3667,64.35,22.58,40.2,26.97,29.0
2024-01-20 07:00:00,7,30,30,3.0,6.0,19.0,1.0,1.0,1.0,1,1,23,2,25,2,26.583,886.0,555.0,1220.0,26.583,3.0,6.5,roster,0,99.0,75.0,2.2,121.22,2.9827,0.75,0.1538,3.3,64.35,21.71,26.8,28.36,30.5
2024-01-20 08:00:00,8,35,35,4.0,6.0,23.0,1.0,1.0,1.0,6,6,23,2,25,2,27.583,946.0,615.0,1280.0,27.583,3.0,6.57,roster,0,116.0,87.5,2.5778,133.34,5.9267,0.875,0.9132,3.3143,75.08,21.71,26.8,29.76,32.0
2024-01-20 09:00:00,9,47,47,4.0,7.0,33.0,2.0,1.0,1.0,13,14,23,2,25,2,28.583,1006.0,675.0,1340.0,28.583,3.0,6.57,roster,0,152.0,117.5,3.3778,160.48,10.6914,1.175,2.1309,3.234,100.82,21.71,26.8,31.16,33.5
2024-01-20 10:00:00,10,42,42,3.0,6.0,29.0,3.0,1.0,1.0,11,10,19,2,21,2,28.933,1066.0,696.0,1391.0,28.933,4.0,10.27,roster,0,133.0,105.0,1.75,147.47,6.4084,1.05,0.9737,3.1667,90.09,18.23,26.8,32.34,34.775
2024-01-20 11:00:00,11,46,46,3.0,3.0,36.0,4.0,0.0,1.0,15,15,15,2,17,2,29.933,1059.0,566.0,1357.0,29.933,4.0,10.27,roster,0,143.0,115.0,1.5543,151.78,8.1155,1.15,1.4606,3.1087,98.67,14.76,26.8,31.55,33.925
2024-01-20 12:00:00,12,40,40,4.0,6.0,29.0,1.0,0.0,1.0,11,9,14,2,16,2,26.267,369.0,106.0,1308.0,26.267,4.0,10.27,roster,0,133.0,100.0,1.3854,136.9,6.2388,1.0,0.8763,3.325,85.8,13.89,26.8,30.41,32.7
2024-01-20 13:00:00,13,35,35,3.0,10.0,22.0,0.0,0.0,1.0,9,8,12,2,14,2,24.617,247.5,152.0,1179.0,24.617,4.0,10.27,roster,0,121.0,87.5,1.1635,121.44,5.718,0.875,0.779,3.4571,75.08,12.16,26.8,27.41,29.475
2024-01-20 14:00:00,14,38,38,3.0,7.0,27.0,1.0,0.0,1.0,13,13,13,1,14,1,25.617,214.5,152.0,1239.0,25.617,4.0,10.27,roster,0,126.0,95.0,1.2115,115.87,7.3472,0.95,1.2658,3.3158,81.51,12.16,13.4,28.81,30.975
2024-01-20 15:00:00,15,42,42,2.0,7.0,31.0,2.0,0.0,1.0,11,11,11,1,12,1,21.65,233.5,146.0,277.0,21.65,4.0,10.27,roster,0,135.0,105.0,1.2054,100.35,6.8178,1.05,1.0711,3.2143,90.09,10.42,13.4,6.44,6.925
2024-01-20 16:00:00,16,41,41,1.0,6.0,32.0,2.0,0.0,1.0,9,8,10,1,11,1,22.65,217.0,161.0,317.0,22.65,4.0,10.27,roster,0,129.0,102.5,1.1121,98.27,5.6759,1.025,0.779,3.1463,87.94,9.55,13.4,7.37,7.925
2024-01-20 17:00:00,17,45,45,2.0,5.0,35.0,3.0,0.0,1.0,13,13,11,1,12,1,23.65,271.5,221.0,377.0,23.65,4.0,10.27,roster,0,141.0,112.5,1.2589,109.11,7.4912,1.125,1.2658,3.1333,96.52,10.42,13.4,8.77,9.425
2024-01-20 18:00:00,18,40,40,2.0,5.0,30.0,3.0,0.0,1.0,5,5,13,1,14,1,24.65,321.5,229.0,435.0,24.65,4.0,10.27,roster,0,126.0,100.0,1.2115,101.47,4.6836,1.0,0.4869,3.15,85.8,12.16,13.4,10.11,10.875
2024-01-20 19:00:00,19,30,30,2.0,4.0,22.0,2.0,0.0,1.0,4,4,14,1,15,1,25.65,377.0,206.0,495.0,25.65,4.0,10.27,roster,0,96.0,75.0,0.96,82.28,3.6463,0.75,0.3895,3.2,64.35,13.02,13.4,11.51,12.375
2024-01-20 20:00:00,20,33,33,4.0,5.0,21.0,3.0,0.0,1.0,9,8,13,1,14,1,26.65,419.0,266.0,512.0,26.65,4.0,10.91,roster,0,109.0,82.5,1.0481,88.25,5.147,0.825,0.7333,3.303,70.78,12.16,13.4,11.9,12.8
2024-01-20 21:00:00,21,40,40,4.0,7.0,27.0,2.0,0.0,1.0,11,11,14,2,16,2,10.283,367.5,222.0,517.0,10.283,4.0,10.91,roster,0,133.0,100.0,1.3854,118.51,6.6774,1.0,1.0082,3.325,85.8,13.89,26.8,12.02,12.925
2024-01-20 22:00:00,22,48,48,3.0,7.0,34.0,3.0,1.0,1.0,14,15,17,2,19,2,11.283,353.0,95.0,566.0,11.283,3.0,7.21,roster,0,152.0,120.0,2.4127,139.42,10.3881,1.2,2.0804,3.1667,102.96,16.5,26.8,13.16,14.15
2024-01-20 23:00:00,23,47,47,2.0,7.0,33.0,4.0,1.0,1.0,11,11,17,1,18,1,12.283,395.5,155.0,626.0,12.283,3.0,7.21,roster,0,146.0,117.5,2.2121,124.4,8.3893,1.175,1.5257,3.1064,100.82,15.63,13.4,14.55,15.65
2024-01-21 00:00:00,0,48,48,1.0,9.0,35.0,3.0,0.0,1.0,9,9,19,0,19,0,13.283,438.0,143.0,686.0,13.283,3.0,7.21,roster,0,152.0,120.0,2.4127,115.41,7.7528,1.2,1.2483,3.1667,102.96,16.5,0.0,15.95,17.15
2024-01-21 01:00:00,1,46,46,1.0,9.0,35.0,1.0,0.0,1.0,9,7,21,0,21,0,14.283,462.0,191.0,737.0,14.283,3.0,7.21,roster,0,148.0,115.0,2.5965,114.04,6.8237,1.15,0.9709,3.2174,98.67,18.23,0.0,17.14,18.425
2024-01-21 02:00:00,2,45,45,1.0,8.0,35.0,1.0,0.0,1.0,6,6,21,0,21,0,15.283,522.0,251.0,797.0,15.283,3.0,7.21,roster,0,144.0,112.5,2.5263,113.29,6.263,1.125,0.8322,3.2,96.52,18.23,0.0,18.53,19.925
2024-01-21 03:00:00,3,41,41,1.0,9.0,30.0,1.0,0.0,1.0,4,4,21,0,21,0,16.283,582.0,311.0,857.0,16.283,3.0,7.21,roster,0,133.0,102.5,2.3333,106.1,5.1247,1.025,0.5548,3.2439,87.94,18.23,0.0,19.93,21.425
2024-01-21 04:00:00,4,35,35,1.0,7.0,26.0,1.0,0.0,1.0,1,1,21,0,21,0,17.283,642.0,371.0,917.0,17.283,3.0,7.21,roster,0,113.0,87.5,1.9825,94.63,3.2728,0.875,0.1387,3.2286,75.08,18.23,0.0,21.32,22.925
2024-01-21 05:00:00,5,36,36,1.0,7.0,27.0,1.0,0.0,1.0,3,3,21,0,21,0,18.283,702.0,431.0,977.0,18.283,3.0,7.21,roster,0,116.0,90.0,2.0351,98.17,4.2407,0.9,0.4161,3.2222,77.22,18.23,0.0,22.72,24.425
2024-01-21 06:00:00,6,34,34,1.0,7.0,25.0,1.0,0.0,1.0,0,0,21,0,21,0,19.283,762.0,491.0,1037.0,19.283,3.0,7.21,roster,0,110.0,85.0,1.9298,95.27,2.75,0.85,0.0,3.2353,72.93,18.23,0.0,24.11,25.925
2024-01-21 07:00:00,7,40,40,1.0,7.0,31.0,1.0,0.0,1.0,11,9,21,0,21,0,20.283,822.0,551.0,1097.0,20.283,3.0,7.21,roster,0,128.0,100.0,2.2456,109.54,7.1945,1.0,1.2483,3.2,85.8,18.23,0.0,25.51,27.425
2024-01-21 08:00:00,8,31,31,1.0,5.0,25.0,0.0,0.0,1.0,3,3,23,0,23,0,21.283,770.0,591.0,1157.0,21.283,3.0,8.29,roster,0,100.0,77.5,1.9608,93.37,3.6674,0.775,0.3619,3.2258,66.5,19.97,0.0,26.9,28.925
2024-01-21 09:00:00,9,33,33,1.0,5.0,26.0,1.0,0.0,1.0,11,11,17,0,17,0,22.283,683.0,608.0,1217.0,22.283,3.0,8.29,roster,0,105.0,82.5,1.5217,93.84,6.847,0.825,1.3269,3.1818,70.78,14.76,0.0,28.3,30.425
2024-01-21 10:00:00,10,41,41,1.0,7.0,28.0,5.0,0.0,1.0,13,12,19,0,19,0,23.283,731.0,619.0,1277.0,23.283,4.0,11.54,roster,0,127.0,102.5,1.5119,114.13,6.396,1.025,1.0399,3.0976,87.94,16.5,0.0,29.69,31.925
2024-01-21 11:00:00,11,42,42,0.0,7.0,33.0,2.0,0.0,1.0,13,12,18,0,18,0,24.283,712.5,158.0,803.0,24.283,4.0,11.54,roster,0,131.0,105.0,1.4886,104.39,6.5184,1.05,1.0399,3.119,90.09,15.63,0.0,18.67,20.075
2024-01-21 12:00:00,12,43,43,1.0,8.0,28.0,6.0,0.0,1.0,13,14,16,1,17,1,25.25,306.0,139.0,847.0,25.25,4.0,11.54,roster,0,133.0,107.5,1.4457,120.09,7.0774,1.075,1.2132,3.093,92.24,14.76,13.4,19.69,21.175
2024-01-21 13:00:00,13,38,38,2.0,9.0,24.0,3.0,0.0,1.0,13,13,15,1,16,1,26.25,324.0,189.0,911.0,26.25,4.0,11.54,roster,0,124.0,95.0,1.2917,109.98,6.776,0.95,1.1265,3.2632,81.51,13.89,13.4,21.18,22.775
2024-01-21 14:00:00,14,43,43,2.0,8.0,27.0,6.0,0.0,1.0,16,14,15,2,17,2,22.433,338.0,238.0,877.0,22.433,4.0,11.54,roster,0,135.0,107.5,1.4674,134.19,7.1838,1.075,1.2132,3.1395,92.24,14.76,26.8,20.39,21.925
2024-01-21 15:00:00,15,37,37,3.0,7.0,21.0,6.0,0.0,1.0,8,7,16,1,17,1,23.433,398.0,298.0,937.0,23.433,4.0,11.54,roster,0,118.0,92.5,1.2826,109.31,4.8845,0.925,0.6066,3.1892,79.36,14.76,13.4,21.79,23.425
2024-01-21 16:00:00,16,33,33,3.0,7.0,17.0,6.0,0.0,1.0,10,6,16,2,18,2,24.433,418.5,243.0,997.0,24.433,4.0,11.54,roster,0,106.0,82.5,1.2045,116.39,4.3201,0.825,0.5199,3.2121,70.78,15.63,26.8,23.18,24.925
2024-01-21 17:00:00,17,39,39,3.0,7.0,21.0,8.0,0.0,1.0,17,15,16,2,18,2,25.433,478.5,303.0,1057.0,25.433,4.0,11.54,roster,0,122.0,97.5,1.3864,130.66,7.1161,0.975,1.2998,3.1282,83.66,15.63,26.8,24.58,26.425
2024-01-21 18:00:00,18,43,43,3.0,7.0,25.0,8.0,0.0,1.0,11,10,17,2,19,2,26.433,499.0,346.0,1117.0,26.433,4.0,11.54,roster,0,134.0,107.5,1.5952,141.5,6.0504,1.075,0.8666,3.1163,92.24,16.5,26.8,25.97,27.925
2024-01-21 19:00:00,19,41,41,2.0,8.0,21.0,10.0,0.0,1.0,12,8,18,1,19,1,27.433,559.0,406.0,1177.0,27.433,4.0,11.54,roster,0,125.0,102.5,1.4881,125.21,5.2385,1.025,0.6932,3.0488,87.94,16.5,13.4,27.37,29.425
2024-01-21 20:00:00,20,39,39,2.0,8.0,20.0,9.0,0.0,1.0,11,9,18,1,19,1,28.433,619.0,466.0,1237.0,28.433,4.0,10.46,roster,0,120.0,97.5,1.4286,122.31,5.6474,0.975,0.8604,3.0769,83.66,16.5,13.4,28.76,30.925
2024-01-21 21:00:00,21,50,50,3.0,9.0,27.0,10.0,1.0,1.0,21,18,18,1,19,1,29.433,679.0,526.0,1297.0,29.433,4.0,10.46,roster,0,153.0,125.0,1.8214,147.3,9.0908,1.25,1.7208,3.06,107.25,16.5,13.4,30.16,32.425
2024-01-21 22:00:00,22,58,58,4.0,9.0,31.0,14.0,0.0,1.0,17,16,22,2,24,2,30.433,719.5,350.0,1339.0,30.433,3.0,7.21,roster,0,177.0,145.0,3.6875,183.18,11.1972,1.45,2.2191,3.0517,124.41,20.84,26.8,31.13,33.475
2024-01-21 23:00:00,23,59,59,4.0,11.0,34.0,10.0,0.0,1.0,16,15,23,2,25,2,31.433,778.0,174.0,966.0,31.433,3.0,7.21,roster,0,186.0,147.5,4.1333,177.52,11.2087,1.475,2.0804,3.1525,126.56,21.71,26.8,22.46,24.15
2024-01-22 00:00:00,0,50,50,4.0,10.0,29.0,7.0,0.0,1.0,6,4,24,3,27,3,32.433,723.0,225.0,1026.0,32.433,3.0,7.21,roster,0,161.0,125.0,4.1282,174.75,5.8114,1.25,0.5548,3.22,107.25,23.44,40.2,23.85,25.65
2024-01-22 01:00:00,1,48,48,6.0,11.0,27.0,4.0,0.0,1.0,5,5,24,3,27,3,33.433,783.0,285.0,1086.0,33.433,3.0,7.21,roster,0,163.0,120.0,4.1795,171.85,6.4299,1.2,0.6935,3.3958,102.96,23.44,40.2,25.25,27.15
2024-01-22 02:00:00,2,45,45,6.0,11.0,23.0,5.0,0.0,1.0,3,2,25,4,29,4,34.433,826.0,342.0,1062.0,34.433,3.0,7.21,roster,0,153.0,112.5,4.6364,180.0,4.7681,1.125,0.2774,3.4,96.52,25.18,53.6,24.69,26.55
2024-01-22 03:00:00,3,43,43,5.0,10.0,24.0,4.0,0.0,1.0,4,2,25,3,28,3,35.433,894.5,405.0,1206.0,35.433,3.0,7.21,roster,0,145.0,107.5,4.0278,164.79,4.5604,1.075,0.2774,3.3721,92.24,24.31,40.2,28.04,30.15
2024-01-22 04:00:00,4,44,44,5.0,10.0,25.0,4.0,0.0,1.0,4,3,26,3,29,3,36.433,946.0,462.0,1182.0,36.433,3.0,7.21,roster,0,148.0,110.0,4.4848,167.24,5.0996,1.1,0.4161,3.3636,94.38,25.18,40.2,27.48,29.55
2024-01-22 05:00:00,5,45,45,5.0,10.0,26.0,4.0,0.0,1.0,2,1,27,3,30,3,37.433,991.0,518.0,1242.0,37.433,3.0,7.21,roster,0,151.0,112.5,5.0333,171.65,4.2404,1.125,0.1387,3.3556,96.52,26.05,40.2,28.88,31.05
2024-01-22 06:00:00,6,46,46,6.0,10.0,26.0,4.0,0.0,1.0,2,2,27,3,30,3,38.433,1051.0,578.0,1302.0,38.433,3.0,7.21,roster,0,156.0,115.0,5.2,175.19,4.8407,1.15,0.2774,3.3913,98.67,26.05,40.2,30.27,32.55
2024-01-22 07:00:00,7,48,48,6.0,10.0,27.0,5.0,0.0,1.0,4,3,26,3,29,3,39.433,1126.0,642.0,1362.0,39.433,3.0,7.21,roster,0,161.0,120.0,4.8788,180.01,5.4206,1.2,0.4161,3.3542,102.96,25.18,40.2,31.67,34.05
2024-01-22 08:00:00,8,43,43,5.0,10.0,24.0,4.0,0.0,1.0,2,2,26,3,29,3,40.433,1186.0,702.0,1422.0,40.433,3.0,7.51,roster,0,145.0,107.5,4.3939,170.68,4.523,1.075,0.2663,3.3721,92.24,25.18,40.2,33.06,35.55
2024-01-22 09:00:00,9,42,42,5.0,9.0,23.0,5.0,0.0,1.0,4,3,24,3,27,3,35.383,1151.0,690.0,1399.0,35.383,3.0,7.51,roster,0,140.0,105.0,3.5897,166.26,4.8316,1.05,0.3995,3.3333,90.09,23.44,40.2,32.53,34.975
2024-01-22 10:00:00,10,44,44,5.0,10.0,25.0,4.0,0.0,1.0,7,7,25,2,27,2,36.383,1211.0,750.0,1459.0,36.383,4.0,11.21,roster,0,148.0,110.0,2.8462,158.55,5.8004,1.1,0.6244,3.3636,94.38,23.44,26.8,33.92,36.475
2024-01-22 11:00:00,11,43,43,5.0,10.0,26.0,2.0,0.0,1.0,5,5,25,2,27,2,36.85,894.0,763.0,1501.0,36.85,4.0,11.21,roster,0,147.0,107.5,2.8269,157.38,5.1998,1.075,0.446,3.4186,92.24,23.44,26.8,34.9,37.525
2024-01-22 12:00:00,12,42,42,5.0,10.0,23.0,4.0,0.0,1.0,5,3,26,2,28,2,37.85,947.5,691.0,1558.0,37.85,4.0,11.21,roster,0,142.0,105.0,2.9583,157.43,4.4548,1.05,0.2676,3.381,90.09,24.31,26.8,36.22,38.95
2024-01-22 13:00:00,13,48,48,5.0,11.0,27.0,5.0,0.0,1.0,10,10,27,2,29,2,38.85,1005.0,608.0,1503.0,38.85,4.0,11.21,roster,0,160.0,120.0,3.6364,169.89,6.9735,1.2,0.8921,3.3333,102.96,25.18,26.8,34.94,37.575
2024-01-22 14:00:00,14,44,44,4.0,11.0,24.0,5.0,0.0,1.0,6,7,27,1,28,1,39.85,979.5,273.0,1516.0,39.85,4.0,11.21,roster,0,146.0,110.0,3.0417,147.34,5.722,1.1,0.6244,3.3182,94.38,24.31,13.4,35.25,37.9
2024-01-22 15:00:00,15,40,40,4.0,8.0,24.0,4.0,0.0,1.0,8,8,21,1,22,1,28.967,937.0,244.0,1130.0,28.967,4.0,11.21,roster,0,132.0,100.0,1.8333,124.58,5.655,1.0,0.7136,3.3,85.8,19.1,13.4,26.27,28.25
2024-01-22 16:00:00,16,50,50,4.0,12.0,32.0,2.0,0.0,1.0,17,17,20,1,21,1,27.767,931.0,243.0,1182.0,27.767,4.0,11.21,roster,0,168.0,125.0,2.2105,146.37,9.2955,1.25,1.5165,3.36,107.25,18.23,13.4,27.48,29.55
2024-01-22 17:00:00,17,50,50,4.0,11.0,32.0,2.0,1.0,1.0,9,9,24,1,25,1,28.767,453.0,246.0,1238.0,28.767,4.0,11.21,roster,0,165.0,125.0,2.75,151.14,6.7744,1.25,0.8029,3.3,107.25,21.71,13.4,28.78,30.95
2024-01-22 18:00:00,18,41,41,4.0,8.0,27.0,2.0,0.0,1.0,6,4,26,1,27,1,29.367,424.0,171.0,1230.0,28.183,4.0,11.21,roster,0,137.0,102.5,2.6346,133.39,4.6173,1.025,0.3568,3.3415,87.94,23.44,13.4,28.6,30.75
2024-01-22 19:00:00,19,38,38,5.0,7.0,24.0,2.0,0.0,1.0,7,6,27,1,28,1,30.367,453.5,231.0,1290.0,29.183,4.0,11.21,roster,0,129.0,95.0,2.6875,129.22,5.042,0.95,0.5352,3.3947,81.51,24.31,13.4,29.99,32.25
2024-01-22 20:00:00,20,45,45,5.0,8.0,29.0,3.0,0.0,1.0,10,9,27,1,28,1,31.367,513.5,291.0,1350.0,30.183,4.0,10.93,roster,0,150.0,112.5,3.125,145.63,6.4947,1.125,0.8234,3.3333,96.52,24.31,13.4,31.39,33.75
2024-01-22 21:00:00,21,50,50,5.0,7.0,34.0,4.0,0.0,1.0,15,15,24,2,26,2,32.367,615.5,334.0,1410.0,31.183,4.0,10.93,roster,0,163.0,125.0,2.9107,169.41,8.5489,1.25,1.3724,3.26,107.25,22.58,26.8,32.78,35.25
2024-01-22 22:00:00,22,46,46,5.0,7.0,32.0,2.0,0.0,1.0,8,6,27,2,29,2,33.367,560.0,321.0,1449.0,32.183,3.0,7.23,roster,0,153.0,115.0,4.6364,164.34,6.5852,1.15,0.8299,3.3261,98.67,25.18,26.8,33.69,36.225
2024-01-22 23:00:00,23,52,52,6.0,7.0,35.0,2.0,2.0,1.0,14,13,27,2,29,2,34.367,620.0,381.0,1509.0,33.183,3.0,7.23,roster,0,169.0,130.0,5.1212,178.61,10.0687,1.3,1.7981,3.25,111.54,25.18,26.8,35.08,37.725
2024-01-23 00:00:00,0,46,46,7.0,8.0,28.0,2.0,1.0,1.0,7,6,29,1,30,1,35.367,673.0,430.0,1569.0,34.183,3.0,7.23,roster,0,156.0,115.0,5.2,154.6,6.7144,1.15,0.8299,3.3913,98.67,26.05,13.4,36.48,39.225
2024-01-23 01:00:00,1,45,45,7.0,8.0,27.0,2.0,1.0,1.0,6,2,30,1,31,1,36.367,726.0,482.0,1629.0,35.183,3.0,7.23,roster,0,153.0,112.5,5.6667,154.72,4.7655,1.125,0.2766,3.4,96.52,26.92,13.4,37.87,40.725
2024-01-23 02:00:00,2,45,45,7.0,7.0,30.0,1.0,0.0,1.0,6,6,30,1,31,1,37.367,786.0,542.0,1689.0,36.183,3.0,7.23,roster,0,155.0,112.5,5.7407,156.11,6.7335,1.125,0.8299,3.4444,96.52,26.92,13.4,39.27,42.225
2024-01-23 03:00:00,3,43,43,7.0,7.0,28.0,1.0,0.0,1.0,2,2,31,1,32,1,38.367,843.0,602.0,1749.0,37.183,3.0,7.23,roster,0,149.0,107.5,6.2083,154.09,4.6835,1.075,0.2766,3.4651,92.24,27.79,13.4,40.66,43.725
2024-01-23 04:00:00,4,44,44,7.0,8.0,28.0,1.0,0.0,1.0,2,2,32,1,33,1,39.367,900.0,600.0,1783.0,38.183,3.0,7.23,roster,0,153.0,110.0,7.2857,157.89,4.7869,1.1,0.2766,3.4773,94.38,28.65,13.4,41.45,44.575
2024-01-23 05:00:00,5,42,42,7.0,7.0,27.0,1.0,0.0,1.0,0,0,32,1,33,1,40.367,960.0,660.0,1843.0,39.183,3.0,7.23,roster,0,146.0,105.0,6.9524,154.99,3.65,1.05,0.0,3.4762,90.09,28.65,13.4,42.85,46.075
2024-01-23 06:00:00,6,42,42,7.0,8.0,26.0,1.0,0.0,1.0,1,1,32,1,33,1,41.367,1020.0,720.0,1903.0,40.183,3.0,7.23,roster,0,147.0,105.0,7.0,156.39,4.1591,1.05,0.1383,3.5,90.09,28.65,13.4,44.24,47.575
2024-01-23 07:00:00,7,43,43,7.0,7.0,28.0,1.0,0.0,1.0,2,2,32,1,33,1,42.367,1080.0,780.0,1963.0,41.183,3.0,7.23,roster,0,149.0,107.5,7.0952,159.93,4.6835,1.075,0.2766,3.4651,92.24,28.65,13.4,45.64,49.075
2024-01-23 08:00:00,8,46,46,7.0,8.0,30.0,1.0,0.0,1.0,4,4,32,1,33,1,43.367,1140.0,840.0,2023.0,42.183,3.0,6.67,roster,0,159.0,115.0,7.5714,167.76,6.0479,1.15,0.5997,3.4565,98.67,28.65,13.4,47.03,50.575
2024-01-23 09:00:00,9,49,49,7.0,8.0,33.0,1.0,0.0,1.0,5,6,30,1,31,1,44.367,1129.0,778.0,2083.0,43.183,3.0,6.67,roster,0,168.0,122.5,6.2222,173.85,7.2842,1.225,0.8996,3.4286,105.1,26.92,13.4,48.43,52.075
2024-01-23 10:00:00,10,50,50,5.0,11.0,33.0,1.0,0.0,1.0,11,11,27,1,28,1,44.183,1122.5,838.0,1488.0,44.183,4.0,10.54,roster,0,170.0,125.0,3.5417,159.56,7.7984,1.25,1.0436,3.4,107.25,24.31,13.4,34.6,37.2
2024-01-23 11:00:00,11,42,42,6.0,7.0,28.0,1.0,0.0,1.0,8,8,22,1,23,1,45.183,1082.0,545.0,1326.0,45.183,4.0,10.54,roster,0,144.0,105.0,2.1176,134.29,6.2023,1.05,0.759,3.4286,90.09,19.97,13.4,30.83,33.15
2024-01-23 12:00:00,12,39,39,6.0,5.0,27.0,1.0,0.0,1.0,9,7,22,2,24,2,46.183,1111.0,605.0,1386.0,46.183,4.0,10.54,roster,0,133.0,97.5,2.0781,143.52,5.5899,0.975,0.6641,3.4103,83.66,20.84,26.8,32.22,34.65
2024-01-23 13:00:00,13,37,37,3.0,4.0,28.0,2.0,0.0,1.0,5,5,22,2,24,2,27.8,931.0,224.0,1267.0,27.8,4.0,10.54,roster,0,119.0,92.5,1.8594,136.46,4.5007,0.925,0.4744,3.2162,79.36,20.84,26.8,29.46,31.675
2024-01-23 14:00:00,14,41,41,2.0,5.0,30.0,4.0,0.0,1.0,11,9,22,2,24,2,28.8,991.0,284.0,1327.0,28.8,4.0,10.54,roster,0,128.0,102.5,2.0,146.44,5.8658,1.025,0.8539,3.122,87.94,20.84,26.8,30.85,33.175
2024-01-23 15:00:00,15,42,42,2.0,5.0,32.0,3.0,0.0,1.0,9,7,22,3,25,3,29.8,1008.0,328.0,1341.0,29.8,4.0,10.54,roster,0,132.0,105.0,2.2,163.18,5.3873,1.05,0.6641,3.1429,90.09,21.71,40.2,31.18,33.525
2024-01-23 16:00:00,16,44,44,2.0,7.0,32.0,3.0,0.0,1.0,6,6,25,3,28,3,30.8,920.5,298.0,1401.0,30.8,4.0,10.54,roster,0,140.0,110.0,2.9167,171.47,5.3113,1.1,0.5693,3.1818,94.38,24.31,40.2,32.57,35.025
2024-01-23 17:00:00,17,45,45,2.0,7.0,32.0,4.0,0.0,1.0,6,6,26,3,29,3,31.8,905.0,340.0,1450.0,31.8,4.0,10.54,roster,0,142.0,112.5,3.2273,175.62,5.3463,1.125,0.5693,3.1556,96.52,25.18,40.2,33.71,36.25
2024-01-23 18:00:00,18,44,44,2.0,6.0,33.0,3.0,0.0,1.0,5,4,26,3,29,3,32.8,965.0,384.0,1510.0,32.8,4.0,10.54,roster,0,139.0,110.0,3.1591,174.87,4.6739,1.1,0.3795,3.1591,94.38,25.18,40.2,35.11,37.75
2024-01-23 19:00:00,19,42,42,1.0,6.0,31.0,4.0,0.0,1.0,3,3,27,2,29,2,33.8,983.0,377.0,1562.0,33.8,4.0,10.54,roster,0,130.0,105.0,2.9545,158.39,4.131,1.05,0.2846,3.0952,90.09,25.18,26.8,36.32,39.05
2024-01-23 20:00:00,20,41,41,1.0,6.0,31.0,3.0,0.0,1.0,5,3,26,2,28,2,34.8,1064.0,437.0,1641.0,34.8,4.0,12.17,roster,0,128.0,102.5,2.6667,157.21,3.9696,1.025,0.2465,3.122,87.94,24.31,26.8,38.15,41.025
2024-01-23 21:00:00,21,44,44,1.0,6.0,33.0,4.0,0.0,1.0,9,7,26,2,28,2,35.8,1124.0,497.0,1701.0,35.8,4.0,12.17,roster,0,136.0,110.0,2.8333,165.04,5.1778,1.1,0.5752,3.0909,94.38,24.31,26.8,39.55,42.525
2024-01-23 22:00:00,22,41,41,2.0,6.0,30.0,3.0,0.0,1.0,5,4,29,2,31,2,36.8,764.0,470.0,1742.0,36.8,3.0,8.3,roster,0,130.0,102.5,4.8148,162.16,4.7781,1.025,0.4819,3.1707,87.94,26.92,26.8,40.5,43.55
2024-01-23 23:00:00,23,47,47,2.0,7.0,33.0,5.0,0.0,1.0,10,9,30,2,32,2,37.8,816.0,530.0,1802.0,37.8,3.0,8.3,roster,0,147.0,117.5,6.125,177.3,7.0664,1.175,1.0843,3.1277,100.82,27.79,26.8,41.9,45.05
2024-01-24 00:00:00,0,47,47,2.0,6.0,33.0,6.0,0.0,1.0,7,6,31,2,33,2,38.8,868.0,559.0,1800.0,38.8,3.0,8.3,roster,0,145.0,117.5,6.9048,178.12,5.8552,1.175,0.7229,3.0851,100.82,28.65,26.8,41.85,45.0
2024-01-24 01:00:00,1,47,47,2.0,6.0,36.0,3.0,0.0,1.0,4,4,33,2,35,2,39.8,838.0,428.0,1860.0,39.8,3.0,8.3,roster,0,148.0,117.5,9.8667,181.25,5.2176,1.175,0.4819,3.1489,100.82,30.39,26.8,43.24,46.5
2024-01-24 02:00:00,2,44,44,2.0,5.0,34.0,3.0,0.0,1.0,2,2,33,2,35,2,40.8,898.0,488.0,1920.0,40.8,3.0,8.3,roster,0,138.0,110.0,9.2,176.21,4.2058,1.1,0.241,3.1364,94.38,30.39,26.8,44.64,48.0
2024-01-24 03:00:00,3,42,42,2.0,5.0,33.0,2.0,0.0,1.0,3,2,33,2,35,2,41.8,958.0,548.0,1980.0,41.8,3.0,8.3,roster,0,133.0,105.0,8.8667,173.32,4.0881,1.05,0.241,3.1667,90.09,30.39,26.8,46.04,49.5
2024-01-24 04:00:00,4,43,43,2.0,5.0,34.0,2.0,0.0,1.0,5,3,33,2,35,2,42.8,1018.0,608.0,2040.0,42.8,3.0,8.3,roster,0,136.0,107.5,9.0667,176.86,4.5432,1.075,0.3614,3.1628,92.24,30.39,26.8,47.43,51.0
2024-01-24 05:00:00,5,41,41,2.0,5.0,31.0,3.0,0.0,1.0,1,1,33,2,35,2,43.8,1078.0,668.0,2100.0,43.8,3.0,8.3,roster,0,129.0,102.5,8.6,173.96,3.6041,1.025,0.1205,3.1463,87.94,30.39,26.8,48.82,52.5
2024-01-24 06:00:00,6,42,42,2.0,5.0,32.0,3.0,0.0,1.0,3,3,33,2,35,2,44.8,1138.0,728.0,2160.0,44.8,3.0,8.3,roster,0,132.0,105.0,8.8,177.5,4.436,1.05,0.3614,3.1429,90.09,30.39,26.8,50.22,54.0
2024-01-24 07:00:00,7,40,40,2.0,5.0,31.0,2.0,0.0,1.0,0,0,33,2,35,2,45.8,1198.0,788.0,2220.0,45.8,3.0,8.3,roster,0,127.0,100.0,8.4667,174.61,3.175,1.0,0.0,3.175,85.8,30.39,26.8,51.62,55.5
2024-01-24 08:00:00,8,42,42,2.0,7.0,30.0,3.0,0.0,1.0,3,3,32,2,34,2,46.8,1303.0,848.0,2280.0,46.8,3.0,6.8,roster,0,134.0,105.0,7.4444,179.42,4.7576,1.05,0.4412,3.1905,90.09,29.52,26.8,53.01,57.0
2024-01-24 09:00:00,9,42,42,1.0,7.0,32.0,2.0,0.0,1.0,6,6,30,2,32,2,47.8,1250.5,727.0,2402.0,47.8,3.0,6.8,roster,0,133.0,105.0,5.5417,180.52,6.1191,1.05,0.8824,3.1667,90.09,27.79,26.8,55.85,60.05
2024-01-24 10:00:00,10,45,45,1.0,7.0,35.0,2.0,0.0,1.0,11,9,27,1,28,1,48.8,1237.5,763.0,2462.0,48.8,4.0,10.5,roster,0,142.0,112.5,2.9583,171.48,6.2548,1.125,0.8571,3.1556,96.52,24.31,13.4,57.24,61.55
2024-01-24 11:00:00,11,40,40,1.0,6.0,31.0,2.0,0.0,1.0,9,10,24,1,25,1,49.8,847.0,213.0,1438.0,49.8,4.0,10.5,roster,0,126.0,100.0,2.1,134.34,6.15,1.0,0.9524,3.15,85.8,21.71,13.4,33.43,35.95
2024-01-24 12:00:00,12,32,32,2.0,7.0,23.0,0.0,0.0,1.0,6,6,20,1,21,1,47.1,769.0,168.0,1088.0,47.1,4.0,10.5,roster,0,107.0,80.0,1.4079,105.57,4.5857,0.8,0.5714,3.3438,68.64,18.23,13.4,25.3,27.2
2024-01-24 13:00:00,13,29,29,2.0,6.0,20.0,1.0,0.0,1.0,2,2,20,1,21,1,48.1,796.0,216.0,1010.0,48.1,4.0,10.5,roster,0,96.0,72.5,1.2632,97.32,3.0305,0.725,0.1905,3.3103,62.2,18.23,13.4,23.48,25.25
2024-01-24 14:00:00,14,29,29,2.0,6.0,20.0,1.0,0.0,1.0,8,7,17,1,18,1,26.967,294.5,222.0,955.0,26.967,4.0,10.5,roster,0,96.0,72.5,1.0909,93.44,4.6069,0.725,0.6667,3.3103,62.2,15.63,13.4,22.2,23.875
2024-01-24 15:00:00,15,29,29,3.0,6.0,19.0,1.0,0.0,1.0,6,7,14,2,16,2,27.967,318.0,188.0,949.0,27.967,4.0,10.5,roster,0,98.0,72.5,1.0208,104.96,4.7029,0.725,0.6667,3.3793,62.2,13.89,26.8,22.06,23.725
2024-01-24 16:00:00,16,33,33,3.0,5.0,25.0,0.0,0.0,1.0,10,10,15,2,17,2,28.967,263.0,151.0,421.0,28.967,4.0,10.5,roster,0,110.0,82.5,1.1957,102.13,5.9246,0.825,0.9524,3.3333,70.78,14.76,26.8,9.79,10.525
2024-01-24 17:00:00,17,33,33,3.0,4.0,26.0,0.0,0.0,1.0,4,4,18,2,20,2,29.967,278.0,174.0,481.0,29.967,4.0,10.5,roster,0,109.0,82.5,1.3625,106.13,3.9833,0.825,0.381,3.303,70.78,17.37,26.8,11.18,12.025
2024-01-24 18:00:00,18,36,36,3.0,4.0,28.0,1.0,0.0,1.0,6,6,19,2,21,2,30.967,308.0,222.0,528.0,30.967,4.0,10.5,roster,0,117.0,90.0,1.5395,114.53,4.7821,0.9,0.5714,3.25,77.22,18.23,26.8,12.28,13.2
2024-01-24 19:00:00,19,33,33,3.0,6.0,23.0,1.0,0.0,1.0,7,6,21,1,22,1,31.967,353.5,237.0,588.0,31.967,4.0,10.5,roster,0,110.0,82.5,1.5278,96.96,4.6548,0.825,0.5714,3.3333,70.78,19.1,13.4,13.67,14.7
2024-01-24 20:00:00,20,31,31,3.0,5.0,21.0,2.0,0.0,1.0,4,4,23,1,24,1,32.967,395.0,272.0,648.0,32.967,4.0,10.1,roster,0,102.0,77.5,1.5938,95.8,3.8531,0.775,0.396,3.2903,66.5,20.84,13.4,15.07,16.2
2024-01-24 21:00:00,21,34,34,3.0,4.0,26.0,1.0,0.0,1.0,8,8,23,1,24,1,33.967,432.5,220.0,696.0,33.967,4.0,10.1,roster,0,111.0,85.0,1.7344,103.35,5.3609,0.85,0.7921,3.2647,72.93,20.84,13.4,16.18,17.4
2024-01-24 22:00:00,22,36,36,3.0,5.0,27.0,1.0,0.0,1.0,7,5,25,1,26,1,34.967,468.0,234.0,667.0,34.967,3.0,6.4,roster,0,118.0,90.0,2.8095,108.7,5.5108,0.9,0.7812,3.2778,77.22,22.58,13.4,15.51,16.675
2024-01-24 23:00:00,23,35,35,3.0,5.0,26.0,1.0,0.0,1.0,6,5,25,1,26,1,35.967,528.0,294.0,727.0,35.967,3.0,6.4,roster,0,115.0,87.5,2.7381,107.95,5.442,0.875,0.7812,3.2857,75.08,22.58,13.4,16.9,18.175
2024-01-25 00:00:00,0,40,40,3.0,5.0,31.0,1.0,0.0,1.0,9,9,25,1,26,1,36.967,588.0,354.0,787.0,36.967,3.0,6.4,roster,0,130.0,100.0,3.0952,120.07,7.8203,1.0,1.4062,3.25,85.8,22.58,13.4,18.3,19.675
2024-01-25 01:00:00,1,38,38,3.0,5.0,27.0,3.0,0.0,1.0,6,6,26,1,27,1,37.967,642.0,387.0,847.0,37.967,3.0,6.4,roster,0,122.0,95.0,3.1282,118.05,6.0599,0.95,0.9375,3.2105,81.51,23.44,13.4,19.69,21.175
2024-01-25 02:00:00,2,36,36,3.0,6.0,25.0,2.0,0.0,1.0,4,3,26,1,27,1,38.967,702.0,447.0,907.0,38.967,3.0,6.4,roster,0,118.0,90.0,3.0256,115.15,4.4865,0.9,0.4688,3.2778,77.22,23.44,13.4,21.09,22.675
2024-01-25 03:00:00,3,32,32,3.0,6.0,22.0,1.0,0.0,1.0,2,2,27,0,27,0,39.967,717.0,494.0,923.0,39.967,3.0,6.4,roster,0,107.0,80.0,2.7436,93.54,3.7199,0.8,0.3125,3.3438,68.64,23.44,0.0,21.46,23.075
2024-01-25 04:00:00,4,35,35,3.0,6.0,24.0,2.0,0.0,1.0,4,4,27,0,27,0,40.967,777.0,554.0,983.0,40.967,3.0,6.4,roster,0,115.0,87.5,2.9487,101.37,4.9286,0.875,0.625,3.2857,75.08,23.44,0.0,22.85,24.575
2024-01-25 05:00:00,5,30,30,3.0,6.0,19.0,2.0,0.0,1.0,0,0,27,0,27,0,41.967,837.0,614.0,1043.0,41.967,3.0,6.4,roster,0,100.0,75.0,2.5641,92.04,2.5,0.75,0.0,3.3333,64.35,23.44,0.0,24.25,26.075
2024-01-25 06:00:00,6,29,29,3.0,6.0,19.0,1.0,0.0,1.0,1,1,27,0,27,0,42.967,897.0,674.0,1103.0,42.967,3.0,6.4,roster,0,98.0,72.5,2.5128,91.29,2.978,0.725,0.1562,3.3793,62.2,23.44,0.0,25.64,27.575
2024-01-25 07:00:00,7,29,29,3.0,6.0,19.0,1.0,0.0,1.0,1,1,27,0,27,0,43.967,957.0,734.0,1163.0,43.967,3.0,6.4,roster,0,98.0,72.5,2.5128,92.69,2.978,0.725,0.1562,3.3793,62.2,23.44,0.0,27.04,29.075
2024-01-25 08:00:00,8,31,31,3.0,6.0,19.0,3.0,0.0,1.0,5,3,27,0,27,0,44.967,1017.0,794.0,1223.0,44.967,3.0,7.21,roster,0,102.0,77.5,2.6154,98.37,3.9191,0.775,0.4161,3.2903,66.5,23.44,0.0,28.43,30.575
2024-01-25 09:00:00,9,36,36,3.0,6.0,25.0,2.0,0.0,1.0,8,9,25,0,25,0,45.967,1077.0,854.0,1268.0,45.967,3.0,7.21,roster,0,118.0,90.0,2.6222,108.41,7.0415,0.9,1.2483,3.2778,77.22,21.71,0.0,29.48,31.7
2024-01-25 10:00:00,10,32,32,3.0,7.0,21.0,1.0,0.0,1.0,7,7,20,0,20,0,46.967,1102.5,914.0,1343.0,46.967,4.0,10.53,roster,0,108.0,80.0,1.35,97.23,4.9436,0.8,0.6648,3.375,68.64,17.37,0.0,31.22,33.575
2024-01-25 11:00:00,11,29,29,3.0,5.0,20.0,1.0,0.0,1.0,8,6,17,1,18,1,47.967,1023.5,829.0,1291.0,47.967,4.0,10.53,roster,0,97.0,72.5,1.1023,101.25,4.3309,0.725,0.5698,3.3448,62.2,15.63,13.4,30.02,32.275
2024-01-25 12:00:00,12,25,25,1.0,6.0,17.0,1.0,0.0,1.0,6,5,12,1,13,1,48.967,941.0,176.0,1047.0,48.967,4.0,10.53,roster,0,82.0,62.5,0.7593,82.66,3.6075,0.625,0.4748,3.28,53.62,11.29,13.4,24.34,26.175
2024-01-25 13:00:00,13,23,23,1.0,5.0,16.0,1.0,0.0,1.0,4,2,11,1,12,1,49.967,822.5,225.0,1094.0,49.967,4.0,10.53,roster,0,75.0,57.5,0.6696,78.59,2.4943,0.575,0.1899,3.2609,49.33,10.42,13.4,25.44,27.35
2024-01-25 14:00:00,14,26,26,1.0,6.0,17.0,2.0,0.0,1.0,9,7,10,1,11,1,50.967,756.0,246.0,1154.0,50.967,4.0,10.53,roster,0,84.0,65.0,0.7241,85.55,4.2477,0.65,0.6648,3.2308,55.77,9.55,13.4,26.83,28.85
2024-01-25 15:00:00,15,26,26,0.0,5.0,19.0,2.0,0.0,1.0,5,4,12,1,13,1,51.967,306.0,96.0,1069.0,51.967,4.0,10.53,roster,0,81.0,65.0,0.75,85.31,3.2084,0.65,0.3799,3.1154,55.77,11.29,13.4,24.85,26.725
2024-01-25 16:00:00,16,25,25,0.0,6.0,19.0,0.0,0.0,1.0,7,7,10,1,11,1,52.967,338.0,151.0,876.0,52.967,4.0,10.53,roster,0,81.0,62.5,0.6983,76.94,4.1788,0.625,0.6648,3.24,53.62,9.55,13.4,20.37,21.9
2024-01-25 17:00:00,17,26,26,0.0,6.0,19.0,1.0,0.0,1.0,11,7,14,1,15,1,53.967,216.0,118.0,465.0,53.967,4.0,10.53,roster,0,83.0,65.0,0.83,73.01,4.1971,0.65,0.6648,3.1923,55.77,13.02,13.4,10.81,11.625
2024-01-25 18:00:00,18,28,28,0.0,6.0,20.0,2.0,0.0,1.0,5,4,17,1,18,1,54.967,268.5,148.0,486.0,54.967,4.0,10.53,roster,0,88.0,70.0,1.0,80.39,3.3939,0.7,0.3799,3.1429,60.06,15.63,13.4,11.3,12.15
2024-01-25 19:00:00,19,30,30,0.0,5.0,22.0,3.0,0.0,1.0,7,6,18,1,19,1,55.967,326.0,174.0,546.0,55.967,4.0,10.53,roster,0,92.0,75.0,1.0952,86.94,4.0474,0.75,0.5698,3.0667,64.35,16.5,13.4,12.69,13.65
2024-01-25 20:00:00,20,34,34,0.0,6.0,25.0,3.0,0.0,1.0,11,9,18,1,19,1,56.967,386.0,234.0,606.0,56.967,4.0,11.34,roster,0,105.0,85.0,1.25,96.92,5.076,0.85,0.7937,3.0882,72.93,16.5,13.4,14.09,15.15
2024-01-25 21:00:00,21,36,36,0.0,6.0,26.0,4.0,0.0,1.0,6,5,21,2,23,2,57.967,355.0,215.0,638.0,57.967,4.0,11.34,roster,0,110.0,90.0,1.6176,118.82,4.0972,0.9,0.4409,3.0556,77.22,19.97,26.8,14.83,15.95
2024-01-25 22:00:00,22,32,32,0.0,5.0,26.0,1.0,0.0,1.0,6,5,21,1,22,1,58.967,401.5,275.0,606.0,58.967,3.0,8.02,roster,0,100.0,80.0,1.8519,95.23,4.4483,0.8,0.6234,3.125,68.64,19.1,13.4,14.09,15.15
2024-01-25 23:00:00,23,32,32,0.0,5.0,25.0,1.0,1.0,1.0,9,6,22,1,23,1,59.967,448.0,312.0,666.0,59.967,3.0,8.02,roster,0,98.0,80.0,1.9216,97.5,4.7411,0.8,0.7481,3.0625,68.64,19.97,13.4,15.48,16.65
2024-01-26 00:00:00,0,29,29,0.0,5.0,23.0,1.0,0.0,1.0,4,3,23,1,24,1,60.967,506.0,372.0,726.0,60.967,3.0,8.02,roster,0,91.0,72.5,1.8958,93.32,3.4488,0.725,0.3741,3.1379,62.2,20.84,13.4,16.88,18.15
2024-01-26 01:00:00,1,30,30,0.0,6.0,24.0,0.0,0.0,1.0,2,2,23,1,24,1,61.967,566.0,432.0,786.0,61.967,3.0,8.02,roster,0,96.0,75.0,2.0,96.86,3.198,0.75,0.2494,3.2,64.35,20.84,13.4,18.27,19.65
2024-01-26 02:00:00,2,31,31,0.0,6.0,24.0,1.0,0.0,1.0,4,2,22,1,23,1,62.967,624.0,411.0,846.0,62.967,3.0,8.02,roster,0,98.0,77.5,1.9216,99.54,3.2384,0.775,0.2494,3.1613,66.5,19.97,13.4,19.67,21.15
2024-01-26 03:00:00,3,29,29,0.0,5.0,24.0,0.0,0.0,1.0,3,3,21,1,22,1,63.967,669.0,471.0,906.0,63.967,3.0,8.02,roster,0,92.0,72.5,1.7037,95.77,3.4867,0.725,0.3741,3.1724,62.2,19.1,13.4,21.06,22.65
2024-01-26 04:00:00,4,30,30,0.0,4.0,25.0,1.0,0.0,1.0,2,2,24,0,24,0,64.967,710.5,497.0,966.0,64.967,3.0,8.02,roster,0,93.0,75.0,1.9375,87.65,3.0981,0.75,0.2494,3.1,64.35,20.84,0.0,22.46,24.15
2024-01-26 05:00:00,5,30,30,0.0,4.0,26.0,0.0,0.0,1.0,2,1,25,0,25,0,65.967,767.0,554.0,936.0,65.967,3.0,8.02,roster,0,94.0,75.0,2.0889,87.82,2.7407,0.75,0.1247,3.1333,64.35,21.71,0.0,21.76,23.4
2024-01-26 06:00:00,6,36,36,0.0,5.0,30.0,1.0,0.0,1.0,6,6,25,0,25,0,66.967,827.0,614.0,996.0,66.967,3.0,8.02,roster,0,112.0,90.0,2.4889,102.08,5.1275,0.9,0.7481,3.1111,77.22,21.71,0.0,23.16,24.9
2024-01-26 07:00:00,7,36,36,0.0,5.0,30.0,1.0,0.0,1.0,2,2,26,0,26,0,67.967,878.5,546.0,1056.0,67.967,3.0,8.02,roster,0,112.0,90.0,2.6667,104.35,3.5758,0.9,0.2494,3.1111,77.22,22.58,0.0,24.55,26.4
2024-01-26 08:00:00,8,36,36,0.0,6.0,29.0,1.0,0.0,1.0,3,3,26,0,26,0,68.967,938.5,606.0,1116.0,68.967,3.0,6.8,roster,0,113.0,90.0,2.6905,105.74,4.2098,0.9,0.4412,3.1389,77.22,22.58,0.0,25.95,27.9
2024-01-26 09:00:00,9,33,33,0.0,8.0,24.0,1.0,0.0,1.0,3,3,24,0,24,0,69.967,998.5,666.0,1176.0,69.967,3.0,6.8,roster,0,106.0,82.5,2.2083,98.97,4.0671,0.825,0.4412,3.2121,70.78,20.84,0.0,27.34,29.4
2024-01-26 10:00:00,10,26,26,1.0,9.0,16.0,0.0,0.0,1.0,10,8,16,0,16,0,70.967,888.0,422.0,1418.0,70.967,4.0,10.05,roster,0,89.0,65.0,0.9271,82.63,4.9498,0.65,0.796,3.4231,55.77,13.89,0.0,32.97,35.45
2024-01-26 11:00:00,11,30,30,1.0,12.0,17.0,0.0,0.0,1.0,12,12,11,1,12,1,24.633,630.5,359.0,1219.0,24.633,4.0,10.05,roster,0,104.0,75.0,0.9286,96.51,6.7393,0.75,1.194,3.4667,64.35,10.42,13.4,28.34,30.475
2024-01-26 12:00:00,12,32,32,1.0,13.0,18.0,0.0,0.0,1.0,10,10,10,1,11,1,19.5,248.0,106.0,542.0,19.5,4.0,10.05,roster,0,111.0,80.0,0.9569,84.19,6.2265,0.8,0.995,3.4688,68.64,9.55,13.4,12.6,13.55
2024-01-26 13:00:00,13,30,30,1.0,11.0,18.0,0.0,0.0,1.0,10,10,10,1,11,1,14.983,166.0,90.0,308.0,14.983,4.0,10.05,roster,0,103.0,75.0,0.8879,74.46,5.9913,0.75,0.995,3.4333,64.35,9.55,13.4,7.16,7.7
2024-01-26 14:00:00,14,32,32,1.0,7.0,23.0,1.0,0.0,1.0,13,13,9,2,11,2,10.783,145.0,98.0,226.0,10.783,4.0,10.05,roster,0,104.0,80.0,0.8966,90.25,6.804,0.8,1.2935,3.25,68.64,9.55,26.8,5.25,5.65
2024-01-26 15:00:00,15,35,35,1.0,10.0,22.0,2.0,0.0,1.0,14,14,6,2,8,2,5.933,163.5,144.0,210.0,5.933,4.0,10.05,roster,0,115.0,87.5,0.8984,93.7,7.4521,0.875,1.393,3.2857,75.08,6.95,26.8,4.88,5.25
2024-01-26 16:00:00,16,38,38,0.0,10.0,26.0,2.0,0.0,1.0,13,11,9,2,11,2,5.433,117.0,91.0,218.0,4.15,4.0,10.05,roster,0,122.0,95.0,1.0517,102.93,6.564,0.95,1.0945,3.2105,81.51,9.55,26.8,5.07,5.45
2024-01-26 17:00:00,17,30,30,0.0,9.0,20.0,1.0,0.0,1.0,5,5,9,4,13,4,6.433,167.0,149.0,264.0,5.15,4.0,10.05,roster,0,98.0,75.0,0.9074,115.38,4.0752,0.75,0.4975,3.2667,64.35,11.29,53.6,6.14,6.6
2024-01-26 18:00:00,18,29,29,0.0,8.0,21.0,0.0,0.0,1.0,6,6,11,3,14,3,7.433,215.5,178.0,258.0,5.817,4.0,10.05,roster,0,95.0,72.5,0.9135,100.56,4.3307,0.725,0.597,3.2759,62.2,12.16,40.2,6.0,6.45
2024-01-26 19:00:00,19,27,27,0.0,6.0,17.0,3.0,1.0,1.0,8,7,10,4,14,4,8.433,265.5,167.0,287.0,6.817,4.0,10.05,roster,0,82.0,67.5,0.7885,110.34,4.1653,0.675,0.6965,3.037,57.92,12.16,53.6,6.67,7.175
2024-01-26 20:00:00,20,32,32,0.0,5.0,21.0,5.0,1.0,1.0,13,10,8,4,12,4,9.433,326.5,227.0,357.0,7.817,4.0,9.9,roster,0,94.0,80.0,0.8393,120.96,5.3172,0.8,1.0101,2.9375,68.64,10.42,53.6,8.3,8.925
2024-01-26 21:00:00,21,38,38,0.0,6.0,23.0,8.0,1.0,1.0,14,14,7,4,11,4,10.433,358.0,217.0,407.0,8.4,4.0,9.9,roster,0,110.0,95.0,0.9483,134.12,6.8436,0.95,1.4141,2.8947,81.51,9.55,53.6,9.46,10.175
2024-01-26 22:00:00,22,27,27,0.0,4.0,14.0,8.0,1.0,1.0,6,7,6,3,9,3,11.433,347.0,264.0,442.0,9.4,3.0,6.65,roster,0,75.0,67.5,0.8065,96.21,4.799,0.675,1.0526,2.7778,57.92,7.81,40.2,10.28,11.05
2024-01-26 23:00:00,23,30,30,0.0,2.0,18.0,9.0,1.0,1.0,14,14,5,2,7,2,12.433,324.0,127.0,478.0,8.367,3.0,6.65,roster,0,81.0,75.0,0.8182,88.34,7.7092,0.75,2.1053,2.7,64.35,6.08,26.8,11.11,11.95
2024-01-27 00:00:00,0,29,29,0.0,2.0,21.0,5.0,1.0,1.0,7,7,6,2,8,2,13.433,318.5,187.0,538.0,9.367,3.0,6.65,roster,0,82.0,72.5,0.8542,88.46,5.0264,0.725,1.0526,2.8276,62.2,6.95,26.8,12.51,13.45
2024-01-27 01:00:00,1,20,20,0.0,2.0,14.0,3.0,1.0,1.0,4,3,7,2,9,2,14.433,313.0,208.0,457.0,10.367,3.0,6.65,roster,0,57.0,50.0,0.6129,68.14,2.7107,0.5,0.4511,2.85,42.9,7.81,26.8,10.63,11.425
2024-01-27 02:00:00,2,16,16,0.0,2.0,12.0,1.0,1.0,1.0,2,2,7,1,8,1,15.433,340.0,268.0,517.0,11.367,3.0,6.65,roster,0,47.0,40.0,0.4896,46.69,2.0585,0.4,0.3008,2.9375,34.32,6.95,13.4,12.02,12.925
2024-01-27 03:00:00,3,16,16,0.0,2.0,12.0,1.0,1.0,1.0,2,2,7,0,7,0,16.433,367.0,250.0,564.0,12.367,3.0,6.65,roster,0,47.0,40.0,0.4747,33.51,2.0585,0.4,0.3008,2.9375,34.32,6.08,0.0,13.11,14.1
2024-01-27 04:00:00,4,14,14,0.0,2.0,10.0,1.0,1.0,1.0,2,1,8,0,8,0,17.433,407.5,310.0,624.0,13.367,3.0,6.65,roster,0,41.0,35.0,0.4271,31.48,1.4654,0.35,0.1504,2.9286,30.03,6.95,0.0,14.51,15.6
2024-01-27 05:00:00,5,14,14,0.0,2.0,10.0,1.0,1.0,1.0,1,1,8,0,8,0,18.433,467.5,370.0,684.0,14.367,3.0,6.65,roster,0,41.0,35.0,0.4271,32.88,1.4654,0.35,0.1504,2.9286,30.03,6.95,0.0,15.9,17.1
2024-01-27 06:00:00,6,17,17,0.0,2.0,12.0,2.0,1.0,1.0,4,5,9,0,9,0,19.433,508.0,389.0,613.0,15.367,3.0,6.65,roster,0,49.0,42.5,0.5269,38.53,3.3922,0.425,0.7519,2.8824,36.46,7.81,0.0,14.25,15.325
2024-01-27 07:00:00,7,19,19,0.0,3.0,14.0,1.0,1.0,1.0,6,6,9,0,9,0,20.433,568.0,449.0,673.0,16.367,3.0,6.65,roster,0,57.0,47.5,0.6129,44.22,4.1318,0.475,0.9023,3.0,40.75,7.81,0.0,15.65,16.825
2024-01-27 08:00:00,8,17,17,0.0,4.0,12.0,1.0,0.0,1.0,3,2,12,0,12,0,21.433,529.5,180.0,733.0,17.367,3.0,7.13,roster,0,54.0,42.5,0.6429,43.93,2.241,0.425,0.2805,3.1765,36.46,10.42,0.0,17.04,18.325
2024-01-27 09:00:00,9,21,21,0.0,4.0,13.0,4.0,0.0,1.0,7,7,11,0,11,0,22.433,610.0,161.0,793.0,18.367,3.0,7.13,roster,0,63.0,52.5,0.7241,53.03,4.5203,0.525,0.9818,3.0,45.04,9.55,0.0,18.44,19.825
2024-01-27 10:00:00,10,27,27,0.0,6.0,13.0,8.0,0.0,1.0,11,11,10,0,10,0,23.433,564.5,221.0,787.0,19.367,4.0,10.59,roster,0,79.0,67.5,0.6583,64.9,5.0142,0.675,1.0387,2.9259,57.92,8.68,0.0,18.3,19.675
2024-01-27 11:00:00,11,24,24,0.0,5.0,14.0,4.0,1.0,1.0,8,8,8,0,8,0,24.433,116.5,112.0,247.0,20.367,4.0,10.59,roster,0,71.0,60.0,0.5547,44.17,4.0098,0.6,0.7554,2.9583,51.48,6.95,0.0,5.74,6.175
2024-01-27 12:00:00,12,24,24,0.0,6.0,15.0,3.0,0.0,1.0,9,8,5,1,6,1,25.433,150.5,107.0,175.0,2.967,4.0,10.59,roster,0,75.0,60.0,0.5515,54.16,4.2357,0.6,0.7554,3.125,51.48,5.21,13.4,4.07,4.375
2024-01-27 13:00:00,13,22,22,0.0,7.0,10.0,5.0,0.0,1.0,6,6,6,1,7,1,26.433,189.0,127.0,235.0,3.967,4.0,10.59,roster,0,68.0,55.0,0.5152,52.13,3.4512,0.55,0.5666,3.0909,47.19,6.08,13.4,5.46,5.875
2024-01-27 14:00:00,14,17,17,0.0,6.0,8.0,3.0,0.0,1.0,7,7,4,0,4,0,27.433,126.0,89.0,249.0,4.15,4.0,10.59,roster,0,54.0,42.5,0.375,25.73,3.4497,0.425,0.661,3.1765,36.46,3.47,0.0,5.79,6.225
2024-01-27 15:00:00,15,20,20,0.0,8.0,6.0,6.0,0.0,1.0,8,7,5,0,5,0,28.433,149.0,143.0,223.0,5.15,4.0,10.59,roster,0,62.0,50.0,0.4429,32.43,3.5991,0.5,0.661,3.1,42.9,4.34,0.0,5.18,5.575
2024-01-27 16:00:00,16,19,19,0.0,7.0,7.0,5.0,0.0,1.0,11,11,2,0,2,0,29.433,233.0,97.0,369.0,6.15,4.0,10.59,roster,0,59.0,47.5,0.3882,31.07,4.7005,0.475,1.0387,3.1053,40.75,1.74,0.0,8.58,9.225
2024-01-27 17:00:00,17,21,21,0.0,7.0,10.0,4.0,0.0,1.0,7,7,2,0,2,0,30.433,293.0,157.0,429.0,7.15,4.0,10.59,roster,0,66.0,52.5,0.4342,36.76,3.7274,0.525,0.661,3.1429,45.04,1.74,0.0,9.97,10.725
2024-01-27 18:00:00,18,22,22,0.0,8.0,13.0,1.0,0.0,1.0,6,5,3,0,3,0,31.433,217.0,113.0,489.0,8.15,4.0,10.59,roster,0,73.0,55.0,0.4932,41.16,3.3917,0.55,0.4721,3.3182,47.19,2.6,0.0,11.37,12.225
2024-01-27 19:00:00,19,26,26,0.0,6.0,16.0,4.0,0.0,1.0,14,12,4,1,5,1,32.433,173.0,87.0,277.0,9.15,4.0,10.59,roster,0,80.0,65.0,0.5714,59.95,5.4866,0.65,1.1331,3.0769,55.77,4.34,13.4,6.44,6.925
2024-01-27 20:00:00,20,32,32,0.0,6.0,21.0,5.0,0.0,1.0,18,17,5,1,6,1,33.433,96.0,66.0,147.0,10.15,4.0,10.12,roster,0,97.0,80.0,0.7132,70.67,7.517,0.8,1.6798,3.0312,68.64,5.21,13.4,3.42,3.675
2024-01-27 21:00:00,21,32,32,1.0,7.0,20.0,4.0,0.0,1.0,12,12,8,0,8,0,34.433,123.5,92.0,180.0,11.15,4.0,10.12,roster,0,101.0,80.0,0.7891,59.77,6.2676,0.8,1.1858,3.1562,68.64,6.95,0.0,4.19,4.5
2024-01-27 22:00:00,22,27,27,1.0,6.0,19.0,1.0,0.0,1.0,7,6,9,2,11,2,35.433,152.0,119.0,192.0,12.15,3.0,6.66,roster,0,88.0,67.5,1.0115,78.73,5.1363,0.675,0.9009,3.2593,57.92,9.55,26.8,4.46,4.8
2024-01-27 23:00:00,23,27,27,1.0,5.0,20.0,1.0,0.0,1.0,7,6,10,2,12,2,36.433,204.0,179.0,252.0,13.15,3.0,6.66,roster,0,87.0,67.5,1.0357,80.99,5.0779,0.675,0.9009,3.2222,57.92,10.42,26.8,5.86,6.3
2024-01-28 00:00:00,0,28,28,1.0,4.0,21.0,2.0,0.0,1.0,8,7,14,1,15,1,37.433,248.0,115.0,306.0,14.15,3.0,6.66,roster,0,88.0,70.0,1.1733,73.6,5.5033,0.7,1.0511,3.1429,60.06,13.02,13.4,7.11,7.65
2024-01-28 01:00:00,1,26,26,1.0,4.0,21.0,0.0,0.0,1.0,4,3,14,1,15,1,38.433,308.0,175.0,366.0,15.15,3.0,6.66,roster,0,84.0,65.0,1.12,70.7,3.5553,0.65,0.4505,3.2308,55.77,13.02,13.4,8.51,9.15
2024-01-28 02:00:00,2,25,25,1.0,4.0,20.0,0.0,0.0,1.0,1,1,15,1,16,1,39.433,357.0,235.0,426.0,16.15,3.0,6.66,roster,0,81.0,62.5,1.125,70.82,2.5115,0.625,0.1502,3.24,53.62,13.89,13.4,9.9,10.65
2024-01-28 03:00:00,3,28,28,1.0,4.0,23.0,0.0,0.0,1.0,5,5,15,1,16,1,40.433,417.0,295.0,486.0,17.15,3.0,6.66,roster,0,90.0,70.0,1.25,78.65,4.6631,0.7,0.7508,3.2143,60.06,13.89,13.4,11.3,12.15
2024-01-28 04:00:00,4,27,27,1.0,4.0,21.0,1.0,0.0,1.0,5,4,15,1,16,1,41.433,477.0,355.0,546.0,18.15,3.0,6.66,roster,0,86.0,67.5,1.1944,77.9,4.063,0.675,0.6006,3.1852,57.92,13.89,13.4,12.69,13.65
2024-01-28 05:00:00,5,26,26,1.0,4.0,20.0,1.0,0.0,1.0,2,1,16,1,17,1,42.433,526.0,412.0,601.0,19.15,3.0,6.66,roster,0,83.0,65.0,1.2029,77.9,2.5543,0.65,0.1502,3.1923,55.77,14.76,13.4,13.97,15.025
2024-01-28 06:00:00,6,24,24,1.0,5.0,18.0,0.0,0.0,1.0,3,3,16,1,17,1,43.433,586.0,472.0,661.0,20.15,3.0,6.66,roster,0,79.0,60.0,1.1449,75.01,3.4577,0.6,0.4505,3.2917,51.48,14.76,13.4,15.37,16.525
2024-01-28 07:00:00,7,26,26,1.0,5.0,20.0,0.0,0.0,1.0,2,2,18,1,19,1,44.433,608.0,511.0,721.0,21.15,3.0,6.66,roster,0,85.0,65.0,1.3492,82.43,3.1068,0.65,0.3003,3.2692,55.77,16.5,13.4,16.76,18.025
2024-01-28 08:00:00,8,32,32,2.0,5.0,24.0,1.0,0.0,1.0,7,7,19,1,20,1,45.433,661.5,571.0,781.0,22.15,3.0,6.41,roster,0,104.0,80.0,1.7333,97.56,6.1491,0.8,1.092,3.25,68.64,17.37,13.4,18.16,19.525
2024-01-28 09:00:00,9,26,26,1.0,5.0,20.0,0.0,0.0,1.0,6,4,17,1,18,1,46.433,685.0,318.0,812.0,23.15,3.0,6.41,roster,0,85.0,65.0,1.2879,83.68,4.1651,0.65,0.624,3.2692,55.77,15.63,13.4,18.88,20.3
2024-01-28 10:00:00,10,24,24,1.0,6.0,16.0,1.0,0.0,1.0,11,7,14,1,15,1,47.433,775.0,284.0,872.0,24.15,4.0,11.39,roster,0,79.0,60.0,0.79,78.18,3.998,0.6,0.6146,3.2917,51.48,13.02,13.4,20.27,21.8
2024-01-28 11:00:00,11,23,23,1.0,4.0,17.0,1.0,0.0,1.0,13,12,7,1,8,1,48.433,802.0,344.0,932.0,16.017,4.0,11.39,roster,0,74.0,57.5,0.5781,71.35,5.2397,0.575,1.0536,3.2174,49.33,6.95,13.4,21.67,23.3
2024-01-28 12:00:00,12,23,23,2.0,6.0,15.0,0.0,0.0,1.0,13,11,6,1,7,1,49.433,404.0,131.0,946.0,17.017,4.0,11.39,roster,0,79.0,57.5,0.5985,70.81,5.2922,0.575,0.9658,3.4348,49.33,6.08,13.4,21.99,23.65
2024-01-28 13:00:00,13,27,27,2.0,7.0,14.0,4.0,0.0,1.0,16,14,4,2,6,2,50.433,399.0,159.0,955.0,16.767,4.0,11.39,roster,0,88.0,67.5,0.6471,92.13,6.2061,0.675,1.2291,3.2593,57.92,5.21,26.8,22.2,23.875
2024-01-28 14:00:00,14,42,42,3.0,8.0,27.0,4.0,0.0,1.0,20,21,8,2,10,2,51.433,174.0,105.0,524.0,17.767,4.0,11.39,roster,0,136.0,105.0,1.1333,117.76,9.3701,1.05,1.8437,3.2381,90.09,8.68,26.8,12.18,13.1
2024-01-28 15:00:00,15,46,46,4.0,11.0,29.0,2.0,0.0,1.0,14,12,9,2,11,2,52.433,189.0,152.0,584.0,18.767,4.0,11.39,roster,0,155.0,115.0,1.3362,128.6,7.425,1.15,1.0536,3.3696,98.67,9.55,26.8,13.58,14.6
2024-01-28 16:00:00,16,44,44,4.0,9.0,31.0,0.0,0.0,1.0,15,13,11,2,13,2,53.433,222.0,126.0,514.0,19.767,4.0,11.39,roster,0,149.0,110.0,1.3796,124.42,7.59,1.1,1.1414,3.3864,94.38,11.29,26.8,11.95,12.85
2024-01-28 17:00:00,17,44,44,4.0,8.0,32.0,0.0,0.0,1.0,14,14,13,2,15,2,54.433,209.0,144.0,399.0,20.767,4.0,11.39,roster,0,148.0,110.0,1.48,123.48,7.8344,1.1,1.2291,3.3636,94.38,13.02,26.8,9.28,9.975
2024-01-28 18:00:00,18,51,51,4.0,11.0,36.0,0.0,0.0,1.0,16,17,17,2,19,2,55.433,224.0,128.0,357.0,21.767,4.0,11.39,roster,0,172.0,127.5,2.0476,140.99,9.3337,1.275,1.4925,3.3725,109.39,16.5,26.8,8.3,8.925
2024-01-28 19:00:00,19,54,54,4.0,10.0,39.0,1.0,0.0,1.0,15,14,18,2,20,2,56.433,276.5,188.0,417.0,22.767,4.0,11.39,roster,0,179.0,135.0,2.2375,149.69,8.5494,1.35,1.2291,3.3148,115.83,17.37,26.8,9.7,10.425
2024-01-28 20:00:00,20,48,48,4.0,11.0,30.0,3.0,0.0,1.0,14,14,19,2,21,2,57.433,329.0,227.0,462.0,23.767,4.0,12.28,roster,0,160.0,120.0,2.1053,138.74,7.8002,1.2,1.1401,3.3333,102.96,18.23,26.8,10.74,11.55
2024-01-28 21:00:00,21,52,52,4.0,12.0,34.0,2.0,0.0,1.0,13,10,22,3,25,3,58.433,356.0,245.0,512.0,24.767,4.0,12.28,roster,0,174.0,130.0,2.9,165.35,7.0749,1.3,0.8143,3.3462,111.54,21.71,40.2,11.9,12.8
2024-01-28 22:00:00,22,47,47,4.0,10.0,31.0,2.0,0.0,1.0,8,8,21,2,23,2,59.433,444.0,285.0,582.0,25.767,3.0,7.3,roster,0,157.0,117.5,3.0784,141.12,7.5857,1.175,1.0959,3.3404,100.82,19.97,26.8,13.53,14.55
2024-01-28 23:00:00,23,48,48,4.0,10.0,32.0,2.0,0.0,1.0,9,8,21,2,23,2,60.433,504.0,345.0,642.0,26.767,3.0,7.3,roster,0,160.0,120.0,3.1373,144.66,7.653,1.2,1.0959,3.3333,102.96,19.97,26.8,14.93,16.05
2024-01-29 00:00:00,0,52,52,4.0,13.0,33.0,2.0,0.0,1.0,10,10,22,2,24,2,61.433,537.5,405.0,702.0,27.767,3.0,7.3,roster,0,175.0,130.0,3.6458,155.5,8.9851,1.3,1.3699,3.3654,111.54,20.84,26.8,16.32,17.55
2024-01-29 01:00:00,1,43,43,4.0,13.0,24.0,2.0,0.0,1.0,4,3,22,3,25,3,62.433,571.0,383.0,752.0,28.767,3.0,7.3,roster,0,148.0,107.5,3.2889,151.63,5.1145,1.075,0.411,3.4419,92.24,21.71,40.2,17.48,18.8
2024-01-29 02:00:00,2,43,43,4.0,13.0,24.0,2.0,0.0,1.0,3,4,23,3,26,3,63.433,609.0,388.0,812.0,29.767,3.0,7.3,roster,0,148.0,107.5,3.5238,153.89,5.586,1.075,0.5479,3.4419,92.24,22.58,40.2,18.88,20.3
2024-01-29 03:00:00,3,40,40,4.0,13.0,21.0,2.0,0.0,1.0,3,1,23,3,26,3,64.433,669.0,448.0,872.0,30.767,3.0,7.3,roster,0,139.0,100.0,3.3095,148.85,3.951,1.0,0.137,3.475,85.8,22.58,40.2,20.27,21.8
2024-01-29 04:00:00,4,38,38,4.0,12.0,20.0,2.0,0.0,1.0,2,2,22,3,25,3,65.433,751.0,563.0,932.0,31.767,3.0,7.3,roster,0,132.0,95.0,2.9333,145.09,4.2517,0.95,0.274,3.4737,81.51,21.71,40.2,21.67,23.3
2024-01-29 05:00:00,5,39,39,4.0,12.0,21.0,2.0,0.0,1.0,4,3,23,2,25,2,66.433,767.0,568.0,992.0,32.767,3.0,7.3,roster,0,135.0,97.5,3.0,135.23,4.7976,0.975,0.411,3.4615,83.66,21.71,26.8,23.06,24.8
2024-01-29 06:00:00,6,41,41,4.0,12.0,23.0,2.0,0.0,1.0,3,3,24,2,26,2,67.433,809.0,622.0,1052.0,33.767,3.0,7.3,roster,0,141.0,102.5,3.3571,141.78,4.9383,1.025,0.411,3.439,87.94,22.58,26.8,24.46,26.3
2024-01-29 07:00:00,7,46,46,4.0,12.0,28.0,2.0,0.0,1.0,10,7,24,2,26,2,68.433,869.0,682.0,1112.0,34.767,3.0,7.3,roster,0,156.0,115.0,3.7143,153.9,7.1519,1.15,0.9589,3.3913,98.67,22.58,26.8,25.85,27.8
2024-01-29 08:00:00,8,47,47,5.0,13.0,27.0,2.0,0.0,1.0,4,4,24,2,26,2,69.433,929.0,742.0,1172.0,35.767,3.0,7.51,roster,0,162.0,117.5,3.8571,157.44,5.8859,1.175,0.5326,3.4468,100.82,22.58,26.8,27.25,29.3
2024-01-29 09:00:00,9,49,49,5.0,14.0,29.0,1.0,0.0,1.0,6,5,24,3,27,3,70.433,968.0,743.0,1169.0,36.767,3.0,7.51,roster,0,170.0,122.5,4.359,175.93,6.5598,1.225,0.6658,3.4694,105.1,23.44,40.2,27.18,29.225
2024-01-29 10:00:00,10,54,54,4.0,13.0,35.0,2.0,0.0,1.0,11,10,24,3,27,3,71.433,1025.0,672.0,1206.0,37.767,4.0,11.21,roster,0,181.0,135.0,3.4808,187.51,7.5151,1.35,0.8921,3.3519,115.83,23.44,40.2,28.04,30.15
2024-01-29 11:00:00,11,56,56,3.0,12.0,35.0,6.0,0.0,1.0,13,13,22,2,24,2,72.433,996.5,438.0,1266.0,38.767,4.0,11.21,roster,0,180.0,140.0,2.8125,177.19,8.2275,1.4,1.1597,3.2143,120.12,20.84,26.8,29.43,31.65
2024-01-29 12:00:00,12,50,50,3.0,9.0,33.0,5.0,0.0,1.0,9,9,21,2,23,2,73.433,963.0,156.0,1326.0,39.767,4.0,11.21,roster,0,160.0,125.0,2.3529,164.85,6.5691,1.25,0.8029,3.2,107.25,19.97,26.8,30.83,33.15
2024-01-29 13:00:00,13,46,46,2.0,11.0,30.0,3.0,0.0,1.0,8,6,21,2,23,2,74.433,558.0,184.0,1291.0,40.767,4.0,11.21,roster,0,150.0,115.0,2.2059,155.46,5.4953,1.15,0.5352,3.2609,98.67,19.97,26.8,30.02,32.275
2024-01-29 14:00:00,14,44,44,2.0,9.0,27.0,6.0,0.0,1.0,9,7,18,2,20,2,75.433,594.5,256.0,1351.0,41.767,4.0,11.21,roster,0,139.0,110.0,1.7375,149.96,5.4477,1.1,0.6244,3.1591,94.38,17.37,26.8,31.41,33.775
2024-01-29 15:00:00,15,38,38,2.0,6.0,26.0,4.0,0.0,1.0,6,6,17,3,20,3,76.433,435.5,289.0,1168.0,42.767,4.0,11.21,roster,0,120.0,95.0,1.5,146.23,4.6902,0.95,0.5352,3.1579,81.51,17.37,40.2,27.16,29.2
2024-01-29 16:00:00,16,42,42,2.0,9.0,28.0,3.0,0.0,1.0,10,10,17,3,20,3,77.433,386.0,292.0,1222.0,43.767,4.0,11.21,roster,0,136.0,105.0,1.7,156.07,6.2886,1.05,0.8921,3.2381,90.09,17.37,40.2,28.41,30.55
2024-01-29 17:00:00,17,43,43,2.0,11.0,27.0,3.0,0.0,1.0,7,8,20,4,24,4,78.433,389.5,135.0,751.0,44.767,4.0,11.21,roster,0,141.0,107.5,2.2031,164.14,5.8651,1.075,0.7136,3.2791,92.24,20.84,53.6,17.46,18.775
2024-01-29 18:00:00,18,44,44,2.0,11.0,26.0,5.0,0.0,1.0,8,8,19,5,24,5,79.433,449.5,177.0,811.0,45.767,4.0,11.21,roster,0,142.0,110.0,2.2188,181.08,5.8531,1.1,0.7136,3.2273,94.38,20.84,67.0,18.86,20.275
2024-01-29 19:00:00,19,38,38,2.0,10.0,22.0,4.0,0.0,1.0,6,5,17,4,21,4,80.433,356.0,207.0,871.0,46.767,4.0,11.21,roster,0,124.0,95.0,1.6316,153.6,4.5555,0.95,0.446,3.2632,81.51,18.23,53.6,20.25,21.775
2024-01-29 20:00:00,20,34,34,2.0,9.0,19.0,4.0,0.0,1.0,11,8,16,4,20,4,47.767,414.5,267.0,978.0,47.767,4.0,10.37,roster,0,111.0,85.0,1.3875,146.63,5.2936,0.85,0.7715,3.2647,72.93,17.37,53.6,22.74,24.45
2024-01-29 21:00:00,21,28,28,2.0,8.0,13.0,5.0,0.0,1.0,9,6,11,4,15,4,48.767,357.0,304.0,765.0,48.767,4.0,10.37,roster,0,91.0,70.0,0.91,124.47,4.1554,0.7,0.5786,3.25,60.06,13.02,53.6,17.79,19.125
2024-01-29 22:00:00,22,36,36,2.0,7.0,17.0,10.0,0.0,1.0,17,15,13,3,16,3,49.767,400.0,343.0,825.0,49.767,3.0,6.67,roster,0,109.0,90.0,1.5139,130.49,9.5341,0.9,2.2489,3.0278,77.22,13.89,40.2,19.18,20.625
2024-01-29 23:00:00,23,33,33,2.0,6.0,16.0,9.0,0.0,1.0,10,10,10,3,13,3,50.767,442.0,311.0,477.0,50.767,3.0,6.67,roster,0,100.0,82.5,1.2346,113.36,7.0432,0.825,1.4993,3.0303,70.78,11.29,40.2,11.09,11.925
2024-01-30 00:00:00,0,27,27,1.0,5.0,18.0,3.0,0.0,1.0,6,4,11,2,13,2,51.767,484.0,196.0,537.0,51.767,3.0,6.67,roster,0,85.0,67.5,1.0494,88.49,4.0129,0.675,0.5997,3.1481,57.92,11.29,26.8,12.49,13.425
2024-01-30 01:00:00,1,30,30,1.0,4.0,23.0,2.0,0.0,1.0,8,7,12,2,14,2,52.767,533.5,248.0,597.0,52.767,3.0,6.67,roster,0,94.0,75.0,1.2051,97.19,5.6384,0.75,1.0495,3.1333,64.35,12.16,26.8,13.88,14.925
2024-01-30 02:00:00,2,30,30,2.0,3.0,23.0,2.0,0.0,1.0,6,5,12,2,14,2,53.767,593.5,308.0,657.0,53.767,3.0,6.67,roster,0,95.0,75.0,1.2179,98.58,4.7488,0.75,0.7496,3.1667,64.35,12.16,26.8,15.28,16.425
2024-01-30 03:00:00,3,29,29,1.0,2.0,24.0,2.0,0.0,1.0,3,3,13,1,14,1,18.75,463.5,246.0,713.0,18.75,3.0,6.67,roster,0,89.0,72.5,1.141,84.34,3.6053,0.725,0.4498,3.069,62.2,12.16,13.4,16.58,17.825
2024-01-30 04:00:00,4,27,27,1.0,1.0,23.0,2.0,0.0,1.0,5,5,13,0,13,0,19.75,611.0,420.0,773.0,19.75,3.0,6.67,roster,0,82.0,67.5,1.0123,67.18,4.3266,0.675,0.7496,3.037,57.92,11.29,0.0,17.97,19.325
2024-01-30 05:00:00,5,25,25,1.0,1.0,21.0,2.0,0.0,1.0,1,0,14,0,14,0,20.75,583.5,366.0,833.0,20.75,3.0,6.67,roster,0,76.0,62.5,0.9744,65.15,1.9,0.625,0.0,3.04,53.62,12.16,0.0,19.37,20.825
2024-01-30 06:00:00,6,28,28,1.0,2.0,23.0,2.0,0.0,1.0,6,5,14,0,14,0,21.75,643.5,426.0,893.0,21.75,3.0,6.67,roster,0,86.0,70.0,1.1026,72.98,4.4524,0.7,0.7496,3.0714,60.06,12.16,0.0,20.76,22.325
2024-01-30 07:00:00,7,28,28,1.0,2.0,24.0,1.0,0.0,1.0,1,1,15,0,15,0,22.75,616.0,439.0,953.0,22.75,3.0,6.67,roster,0,87.0,70.0,1.16,75.24,2.6408,0.7,0.1499,3.1071,60.06,13.02,0.0,22.16,23.825
2024-01-30 08:00:00,8,26,26,1.0,1.0,22.0,2.0,0.0,1.0,8,4,14,0,14,0,23.75,763.5,499.0,1013.0,23.75,3.0,7.23,roster,0,79.0,65.0,1.0128,71.48,3.656,0.65,0.5533,3.0385,55.77,12.16,0.0,23.55,25.325
2024-01-30 09:00:00,9,26,26,0.0,1.0,24.0,1.0,0.0,1.0,5,5,13,0,13,0,24.75,736.0,559.0,1073.0,24.75,3.0,7.23,roster,0,78.0,65.0,0.963,72.01,4.0247,0.65,0.6916,3.0,55.77,11.29,0.0,24.95,26.825
2024-01-30 10:00:00,10,29,29,0.0,3.0,26.0,0.0,0.0,1.0,8,7,15,0,15,0,25.75,788.0,279.0,1133.0,25.75,4.0,10.27,roster,0,90.0,72.5,0.9,81.57,4.3653,0.725,0.6816,3.1034,62.2,13.02,0.0,26.34,28.325
2024-01-30 11:00:00,11,35,35,0.0,4.0,30.0,1.0,0.0,1.0,9,10,18,0,18,0,26.75,565.0,125.0,1167.0,26.75,4.0,10.27,roster,0,108.0,87.5,1.2273,97.84,5.7046,0.875,0.9737,3.0857,75.08,15.63,0.0,27.13,29.175
2024-01-30 12:00:00,12,45,45,0.0,4.0,38.0,3.0,0.0,1.0,13,14,18,2,20,2,27.75,231.0,156.0,1091.0,27.75,4.0,10.27,roster,0,136.0,112.5,1.7,146.06,7.5199,1.125,1.3632,3.0222,96.52,17.37,26.8,25.37,27.275
2024-01-30 13:00:00,13,43,43,0.0,4.0,36.0,3.0,0.0,1.0,7,7,21,2,23,2,28.75,245.0,167.0,976.0,28.75,4.0,10.27,roster,0,130.0,107.5,1.9118,141.7,5.3106,1.075,0.6816,3.0233,92.24,19.97,26.8,22.69,24.4
2024-01-30 14:00:00,14,49,49,0.0,4.0,41.0,4.0,0.0,1.0,12,11,20,2,22,2,29.75,278.0,180.0,1020.0,29.75,4.0,10.27,roster,0,147.0,122.5,2.0417,154.72,6.8882,1.225,1.0711,3.0,105.1,19.1,26.8,23.72,25.5
2024-01-30 15:00:00,15,42,42,2.0,3.0,36.0,1.0,0.0,1.0,9,8,18,1,19,1,30.75,296.0,185.0,579.0,30.75,4.0,10.27,roster,0,132.0,105.0,1.5714,113.45,5.7482,1.05,0.779,3.1429,90.09,16.5,13.4,13.46,14.475
2024-01-30 16:00:00,16,36,36,2.0,4.0,29.0,1.0,0.0,1.0,2,3,18,2,20,2,24.883,330.0,237.0,435.0,24.883,4.0,10.27,roster,0,115.0,90.0,1.4375,111.5,3.8081,0.9,0.2921,3.1944,77.22,17.37,26.8,10.11,10.875
2024-01-30 17:00:00,17,38,38,2.0,5.0,29.0,2.0,0.0,1.0,7,7,17,2,19,2,25.883,407.0,248.0,495.0,25.883,4.0,10.27,roster,0,121.0,95.0,1.4405,116.32,5.1953,0.95,0.6816,3.1842,81.51,16.5,26.8,11.51,12.375
2024-01-30 18:00:00,18,39,39,2.0,6.0,29.0,2.0,0.0,1.0,9,7,20,2,22,2,26.883,416.5,259.0,523.0,26.883,4.0,10.27,roster,0,125.0,97.5,1.7361,121.72,5.3096,0.975,0.6816,3.2051,83.66,19.1,26.8,12.16,13.075
2024-01-30 19:00:00,19,38,38,2.0,6.0,25.0,5.0,0.0,1.0,8,8,21,2,23,2,27.883,341.0,153.0,540.0,27.883,4.0,10.27,roster,0,119.0,95.0,1.75,120.84,5.4144,0.95,0.779,3.1316,81.51,19.97,26.8,12.56,13.5
2024-01-30 20:00:00,20,45,45,1.0,7.0,30.0,7.0,0.0,1.0,14,14,21,1,22,1,28.883,414.5,213.0,600.0,28.883,4.0,9.72,roster,0,137.0,112.5,1.9028,122.98,7.81,1.125,1.4403,3.0444,96.52,19.1,13.4,13.95,15.0
2024-01-30 21:00:00,21,53,53,1.0,9.0,32.0,11.0,0.0,1.0,19,16,22,2,24,2,29.883,450.0,224.0,660.0,29.883,4.0,9.72,roster,0,159.0,132.5,2.4844,156.67,8.9133,1.325,1.6461,3.0,113.68,20.84,26.8,15.34,16.5
2024-01-30 22:00:00,22,53,53,1.0,10.0,34.0,8.0,0.0,1.0,12,10,26,2,28,2,30.883,388.0,231.0,707.0,30.883,3.0,6.68,roster,0,163.0,132.5,4.5278,161.24,8.679,1.325,1.497,3.0755,113.68,24.31,26.8,16.44,17.675
2024-01-30 23:00:00,23,43,43,1.0,9.0,27.0,6.0,0.0,1.0,6,4,25,2,27,2,31.883,412.0,233.0,700.0,31.883,3.0,6.68,roster,0,134.0,107.5,3.4359,138.75,5.216,1.075,0.5988,3.1163,92.24,23.44,26.8,16.28,17.5
2024-01-31 00:00:00,0,41,41,1.0,10.0,24.0,6.0,0.0,1.0,6,6,26,2,28,2,32.883,467.0,293.0,760.0,32.883,3.0,6.68,roster,0,129.0,102.5,3.5833,136.73,6.0511,1.025,0.8982,3.1463,87.94,24.31,26.8,17.67,19.0
2024-01-31 01:00:00,1,38,38,1.0,8.0,22.0,7.0,0.0,1.0,4,3,26,2,28,2,33.883,527.0,353.0,820.0,33.883,3.0,6.68,roster,0,117.0,95.0,3.25,131.69,4.3078,0.95,0.4491,3.0789,81.51,24.31,26.8,19.07,20.5
2024-01-31 02:00:00,2,35,35,1.0,8.0,22.0,4.0,0.0,1.0,2,2,26,2,28,2,34.883,587.0,413.0,880.0,34.883,3.0,6.68,roster,0,111.0,87.5,3.0833,126.65,3.7245,0.875,0.2994,3.1714,75.08,24.31,26.8,20.46,22.0
2024-01-31 03:00:00,3,34,34,1.0,8.0,20.0,5.0,0.0,1.0,2,2,27,2,29,2,35.883,642.0,446.0,905.0,35.883,3.0,6.68,roster,0,107.0,85.0,3.2424,125.95,3.6172,0.85,0.2994,3.1471,72.93,25.18,26.8,21.04,22.625
2024-01-31 04:00:00,4,36,36,1.0,8.0,23.0,4.0,0.0,1.0,3,3,27,2,29,2,36.883,702.0,506.0,965.0,36.883,3.0,6.68,roster,0,114.0,90.0,3.4545,131.64,4.2722,0.9,0.4491,3.1667,77.22,25.18,26.8,22.44,24.125
2024-01-31 05:00:00,5,35,35,1.0,8.0,22.0,4.0,0.0,1.0,0,0,27,2,29,2,37.883,762.0,566.0,1025.0,37.883,3.0,6.68,roster,0,111.0,87.5,3.3636,130.89,2.775,0.875,0.0,3.1714,75.08,25.18,26.8,23.83,25.625
2024-01-31 06:00:00,6,36,36,1.0,8.0,23.0,4.0,0.0,1.0,1,1,27,2,29,2,38.883,822.0,626.0,1085.0,38.883,3.0,6.68,roster,0,114.0,90.0,3.4545,134.43,3.3241,0.9,0.1497,3.1667,77.22,25.18,26.8,25.23,27.125
2024-01-31 07:00:00,7,38,38,1.0,8.0,25.0,4.0,0.0,1.0,2,2,27,2,29,2,39.883,882.0,686.0,1145.0,39.883,3.0,6.68,roster,0,120.0,95.0,3.6364,140.11,3.9455,0.95,0.2994,3.1579,81.51,25.18,26.8,26.62,28.625
2024-01-31 08:00:00,8,40,40,1.0,7.0,28.0,4.0,0.0,1.0,4,4,28,1,29,1,40.883,942.0,735.0,1205.0,40.883,3.0,8.39,roster,0,125.0,100.0,3.7879,132.4,4.6149,1.0,0.4768,3.125,85.8,25.18,13.4,28.02,30.125
2024-01-31 09:00:00,9,38,38,1.0,7.0,28.0,2.0,0.0,1.0,5,5,27,1,28,1,41.883,997.5,795.0,1300.0,41.883,3.0,8.39,roster,0,121.0,95.0,3.3611,129.45,4.9226,0.95,0.5959,3.1842,81.51,24.31,13.4,30.22,32.5
2024-01-31 10:00:00,10,47,47,0.0,7.0,39.0,1.0,0.0,1.0,16,16,26,1,27,1,42.883,987.0,794.0,1325.0,42.883,4.0,11.64,roster,0,147.0,117.5,2.8269,148.47,7.9742,1.175,1.3746,3.1277,100.82,23.44,13.4,30.81,33.125
2024-01-31 11:00:00,11,53,53,1.0,9.0,42.0,1.0,0.0,1.0,11,11,27,2,29,2,43.883,926.0,236.0,1301.0,43.883,4.0,11.64,roster,0,169.0,132.5,3.8409,175.91,7.2384,1.325,0.945,3.1887,113.68,25.18,26.8,30.25,32.525
2024-01-31 12:00:00,12,52,52,1.0,8.0,40.0,2.0,1.0,1.0,13,14,25,2,27,2,44.883,600.0,152.0,1182.0,44.883,4.0,11.64,roster,0,162.0,130.0,3.1154,169.27,7.797,1.3,1.2027,3.1154,111.54,23.44,26.8,27.48,29.55
2024-01-31 13:00:00,13,41,41,3.0,7.0,29.0,1.0,1.0,1.0,3,4,22,2,24,2,45.883,322.0,199.0,1167.0,45.883,4.0,11.64,roster,0,133.0,102.5,2.0781,142.72,4.4397,1.025,0.3436,3.2439,87.94,20.84,26.8,27.13,29.175
2024-01-31 14:00:00,14,38,38,3.0,9.0,24.0,1.0,1.0,1.0,6,6,19,2,21,2,46.883,300.0,230.0,1227.0,46.883,4.0,11.64,roster,0,126.0,95.0,1.6579,135.07,4.8592,0.95,0.5155,3.3158,81.51,18.23,26.8,28.53,30.675
2024-01-31 15:00:00,15,37,37,2.0,10.0,23.0,1.0,1.0,1.0,11,10,13,2,15,2,22.7,350.0,183.0,1193.0,22.7,4.0,11.64,roster,0,122.0,92.5,1.22,126.93,5.8827,0.925,0.8591,3.2973,79.36,13.02,26.8,27.74,29.825
2024-01-31 16:00:00,16,36,36,2.0,9.0,22.0,3.0,0.0,1.0,11,11,9,2,11,2,23.7,233.0,99.0,1253.0,23.7,4.0,11.64,roster,0,118.0,90.0,1.0172,122.7,6.0476,0.9,0.945,3.2778,77.22,9.55,26.8,29.13,31.325
2024-01-31 17:00:00,17,33,33,1.0,9.0,20.0,3.0,0.0,1.0,6,6,11,2,13,2,24.7,264.0,155.0,470.0,24.7,4.0,11.64,roster,0,107.0,82.5,0.9907,99.8,4.3464,0.825,0.5155,3.2424,70.78,11.29,26.8,10.93,11.75
2024-01-31 18:00:00,18,27,27,1.0,8.0,16.0,2.0,0.0,1.0,4,4,12,1,13,1,25.7,219.0,146.0,353.0,25.7,4.0,11.64,roster,0,89.0,67.5,0.8241,70.81,3.3577,0.675,0.3436,3.2963,57.92,11.29,13.4,8.21,8.825
2024-01-31 19:00:00,19,34,34,1.0,7.0,19.0,6.0,1.0,1.0,11,11,13,1,14,1,26.7,277.0,192.0,413.0,26.7,4.0,11.64,roster,0,103.0,85.0,0.9904,88.09,5.4378,0.85,0.945,3.0294,72.93,12.16,13.4,9.6,10.325
2024-01-31 20:00:00,20,27,27,1.0,6.0,16.0,4.0,0.0,1.0,6,5,17,1,18,1,27.7,259.0,105.0,444.0,27.7,4.0,9.92,roster,0,85.0,67.5,0.9659,77.27,3.7118,0.675,0.504,3.1481,57.92,15.63,13.4,10.32,11.1
2024-01-31 21:00:00,21,31,31,1.0,5.0,20.0,5.0,0.0,1.0,9,9,15,1,16,1,28.7,291.5,165.0,504.0,28.7,4.0,9.92,roster,0,95.0,77.5,0.9896,85.51,5.1553,0.775,0.9073,3.0645,66.5,13.89,13.4,11.72,12.6
2024-01-31 22:00:00,22,33,33,1.0,5.0,20.0,7.0,0.0,1.0,13,9,16,1,17,1,29.7,331.0,217.0,508.0,29.7,3.0,6.67,roster,0,99.0,82.5,1.4348,90.76,6.523,0.825,1.3493,3.0,70.78,14.76,13.4,11.81,12.7
2024-01-31 23:00:00,23,38,38,1.0,5.0,25.0,6.0,1.0,1.0,14,11,17,1,18,1,30.7,346.5,260.0,486.0,30.7,3.0,6.67,roster,0,113.0,95.0,1.7121,101.84,7.7291,0.95,1.6492,2.9737,81.51,15.63,13.4,11.3,12.15
