ts,hour,total,census,l1,l2,l3,l4,l5,tri_coverage,arrivals,arrival_present_1h,waitBed,waitICU,D_board,resus,maxLOS_h,awt_curr_min,board_q1_min,board_q3_min,board_max_h,Na,cap_sum,cap_source,src_gap,acuity,OCCUPANCY,EDWIN,NEDOCS,READI,READI_BR,READI_PR,READI_AR,NEDOCS_t_total,NEDOCS_t_board,NEDOCS_t_resus,NEDOCS_t_longest_admit,NEDOCS_E_h
2024-11-01 00:00:00,0,28,28,0.0,3.0,19.0,6.0,0.0,1.0,8,7,15,1,16,1,82.833,808.0,625.0,1508.0,82.833,3.0,8.02,roster,0,81.0,70.0,1.125,102.41,4.5499,0.7,0.8728,2.8929,60.06,13.89,13.4,35.06,37.7
2024-11-01 01:00:00,1,33,33,1.0,3.0,24.0,5.0,0.0,1.0,9,9,15,1,16,1,83.833,868.0,685.0,1568.0,83.833,3.0,8.02,roster,0,99.0,82.5,1.375,114.53,5.8416,0.825,1.1222,3.0,70.78,13.89,13.4,36.46,39.2
2024-11-01 02:00:00,2,28,28,1.0,5.0,18.0,4.0,0.0,1.0,6,5,15,2,17,2,84.833,922.0,333.0,1019.0,84.833,3.0,8.02,roster,0,87.0,70.0,1.2609,105.31,4.1121,0.7,0.6234,3.1071,60.06,14.76,26.8,23.69,25.475
2024-11-01 03:00:00,3,27,27,0.0,4.0,18.0,5.0,0.0,1.0,5,5,17,0,17,0,85.833,982.0,393.0,1079.0,85.833,3.0,8.02,roster,0,80.0,67.5,1.1594,77.76,3.8472,0.675,0.6234,2.963,57.92,14.76,0.0,25.09,26.975
2024-11-01 04:00:00,4,26,26,0.0,4.0,16.0,6.0,0.0,1.0,2,2,16,0,16,0,86.833,1005.0,453.0,1748.0,86.833,3.0,8.02,roster,0,76.0,65.0,1.0556,90.3,2.6289,0.65,0.2494,2.9231,55.77,13.89,0.0,40.64,43.7
2024-11-01 05:00:00,5,25,25,0.0,5.0,15.0,5.0,0.0,1.0,3,3,16,0,16,0,87.833,1065.0,513.0,1808.0,87.833,3.0,8.02,roster,0,75.0,62.5,1.0417,89.55,2.9972,0.625,0.3741,3.0,53.62,13.89,0.0,42.04,45.2
2024-11-01 06:00:00,6,29,29,1.0,5.0,17.0,6.0,0.0,1.0,4,4,17,0,17,0,88.833,1088.0,423.0,1240.0,88.833,3.0,8.02,roster,0,88.0,72.5,1.2754,85.8,3.7135,0.725,0.4988,3.0345,62.2,14.76,0.0,28.83,31.0
2024-11-01 07:00:00,7,30,30,1.0,5.0,21.0,3.0,0.0,1.0,6,6,17,1,18,1,89.833,1140.0,407.0,1300.0,89.833,3.0,8.02,roster,0,94.0,75.0,1.4242,103.6,4.6941,0.75,0.7481,3.1333,64.35,15.63,13.4,30.22,32.5
2024-11-01 08:00:00,8,35,35,0.0,6.0,21.0,8.0,0.0,1.0,10,10,18,0,18,0,90.833,1200.0,404.0,1360.0,90.833,3.0,7.68,roster,0,103.0,87.5,1.5606,102.32,6.4068,0.875,1.3021,2.9429,75.08,15.63,0.0,31.62,34.0
2024-11-01 09:00:00,9,36,36,1.0,5.0,23.0,7.0,0.0,1.0,5,5,18,0,18,0,91.833,1002.5,262.0,1367.0,91.833,3.0,7.68,roster,0,108.0,90.0,1.6364,104.63,4.6531,0.9,0.651,3.0,77.22,15.63,0.0,31.78,34.175
2024-11-01 10:00:00,10,44,44,1.0,5.0,31.0,7.0,0.0,1.0,13,11,19,0,19,0,92.833,813.0,203.0,1427.0,92.833,4.0,11.04,roster,0,132.0,110.0,1.5714,124.06,6.2891,1.1,0.9964,3.0,94.38,16.5,0.0,33.18,35.675
2024-11-01 11:00:00,11,44,44,1.0,5.0,31.0,7.0,0.0,1.0,9,8,19,0,19,0,93.833,584.0,187.0,1474.0,93.833,4.0,11.04,roster,0,132.0,110.0,1.5714,125.15,5.4739,1.1,0.7246,3.0,94.38,16.5,0.0,34.27,36.85
2024-11-01 12:00:00,12,42,42,2.0,4.0,30.0,6.0,0.0,1.0,11,9,17,1,18,1,94.833,483.5,161.0,1448.0,94.833,4.0,11.04,roster,0,128.0,105.0,1.4545,132.79,5.6845,1.05,0.8152,3.0476,90.09,15.63,13.4,33.67,36.2
2024-11-01 13:00:00,13,42,42,2.0,3.0,30.0,7.0,0.0,1.0,9,8,17,2,19,2,95.833,307.0,168.0,1508.0,95.833,4.0,11.04,roster,0,126.0,105.0,1.5,148.45,5.3239,1.05,0.7246,3.0,90.09,16.5,26.8,35.06,37.7
2024-11-01 14:00:00,14,37,37,2.0,2.0,24.0,9.0,0.0,1.0,6,6,16,3,19,3,96.833,239.0,131.0,430.0,96.833,4.0,11.04,roster,0,108.0,92.5,1.2857,126.06,4.2864,0.925,0.5435,2.9189,79.36,16.5,40.2,10.0,10.75
2024-11-01 15:00:00,15,37,37,1.0,4.0,26.0,6.0,0.0,1.0,11,11,14,2,16,2,97.833,293.5,172.0,490.0,97.833,4.0,11.04,roster,0,111.0,92.5,1.1562,111.45,5.7641,0.925,0.9964,3.0,79.36,13.89,26.8,11.39,12.25
2024-11-01 16:00:00,16,28,28,1.0,4.0,19.0,4.0,0.0,1.0,6,6,14,2,16,2,98.833,319.0,196.0,550.0,98.833,4.0,11.04,roster,0,86.0,70.0,0.8958,93.54,3.8193,0.7,0.5435,3.0714,60.06,13.89,26.8,12.79,13.75
2024-11-01 17:00:00,17,29,29,1.0,4.0,20.0,4.0,0.0,1.0,5,5,16,2,18,2,33.233,278.5,130.0,461.0,18.05,4.0,11.04,roster,0,89.0,72.5,1.0114,95.35,3.6149,0.725,0.4529,3.069,62.2,15.63,26.8,10.72,11.525
2024-11-01 18:00:00,18,33,33,1.0,4.0,25.0,3.0,0.0,1.0,12,11,16,2,18,2,19.05,320.5,176.0,479.0,19.05,4.0,11.04,roster,0,102.0,82.5,1.1591,104.35,5.6297,0.825,0.9964,3.0909,70.78,15.63,26.8,11.14,11.975
2024-11-01 19:00:00,19,34,34,2.0,4.0,26.0,2.0,0.0,1.0,9,8,17,3,20,3,12.383,265.5,196.0,528.0,12.383,4.0,11.04,roster,0,108.0,85.0,1.35,122.77,5.0018,0.85,0.7246,3.1765,72.93,17.37,40.2,12.28,13.2
2024-11-01 20:00:00,20,34,34,2.0,4.0,24.0,4.0,0.0,1.0,10,10,17,3,20,3,13.167,299.0,208.0,530.0,13.167,4.0,11.38,roster,0,106.0,85.0,1.325,122.82,5.3896,0.85,0.8787,3.1176,72.93,17.37,40.2,12.32,13.25
2024-11-01 21:00:00,21,35,35,3.0,5.0,24.0,3.0,0.0,1.0,7,6,19,3,22,3,14.167,340.0,194.0,505.0,14.167,4.0,11.38,roster,0,113.0,87.5,1.5694,126.12,4.5272,0.875,0.5272,3.2286,75.08,19.1,40.2,11.74,12.625
2024-11-01 22:00:00,22,37,37,4.0,7.0,23.0,3.0,0.0,1.0,13,10,19,2,21,2,15.167,376.0,204.0,556.0,15.167,3.0,8.02,roster,0,123.0,92.5,2.1579,117.33,7.22,0.925,1.2469,3.3243,79.36,18.23,26.8,12.93,13.9
2024-11-01 23:00:00,23,40,40,4.0,7.0,22.0,7.0,0.0,1.0,9,9,22,1,23,1,16.167,402.0,149.0,616.0,16.167,3.0,8.02,roster,0,128.0,100.0,2.5098,113.49,6.791,1.0,1.1222,3.2,85.8,19.97,13.4,14.32,15.4
2024-11-02 00:00:00,0,40,40,4.0,6.0,22.0,8.0,0.0,1.0,12,11,22,1,23,1,17.167,462.0,209.0,676.0,17.167,3.0,8.02,roster,0,126.0,100.0,2.4706,114.89,7.4704,1.0,1.3716,3.15,85.8,19.97,13.4,15.72,16.9
2024-11-02 01:00:00,1,40,40,4.0,6.0,23.0,7.0,0.0,1.0,5,5,23,1,24,1,18.167,515.0,269.0,736.0,18.167,3.0,8.02,roster,0,127.0,100.0,2.6458,117.15,5.1544,1.0,0.6234,3.175,85.8,20.84,13.4,17.11,18.4
2024-11-02 02:00:00,2,34,34,3.0,5.0,22.0,4.0,0.0,1.0,4,2,23,0,23,0,19.167,582.0,306.0,796.0,19.167,3.0,8.02,roster,0,109.0,85.0,2.1373,91.41,3.5245,0.85,0.2494,3.2059,72.93,19.97,0.0,18.51,19.9
2024-11-02 03:00:00,3,34,34,3.0,5.0,22.0,4.0,0.0,1.0,3,3,23,0,23,0,20.167,642.0,366.0,856.0,20.167,3.0,8.02,roster,0,109.0,85.0,2.1373,92.8,3.9242,0.85,0.3741,3.2059,72.93,19.97,0.0,19.9,21.4
2024-11-02 04:00:00,4,33,33,3.0,7.0,20.0,3.0,0.0,1.0,2,2,23,0,23,0,21.167,702.0,426.0,916.0,21.167,3.0,8.02,roster,0,109.0,82.5,2.1373,92.05,3.5487,0.825,0.2494,3.303,70.78,19.97,0.0,21.3,22.9
2024-11-02 05:00:00,5,35,35,3.0,6.0,23.0,3.0,0.0,1.0,5,5,24,0,24,0,22.167,755.0,486.0,976.0,22.167,3.0,8.02,roster,0,114.0,87.5,2.375,98.61,4.8806,0.875,0.6234,3.2571,75.08,20.84,0.0,22.69,24.4
2024-11-02 06:00:00,6,37,37,4.0,6.0,25.0,2.0,0.0,1.0,3,3,24,0,24,0,23.167,815.0,546.0,1036.0,23.167,3.0,8.02,roster,0,123.0,92.5,2.5625,104.29,4.3185,0.925,0.3741,3.3243,79.36,20.84,0.0,24.09,25.9
2024-11-02 07:00:00,7,34,34,3.0,6.0,23.0,2.0,0.0,1.0,3,3,24,0,24,0,24.167,875.0,606.0,1096.0,24.167,3.0,8.02,roster,0,112.0,85.0,2.3333,99.25,4.0322,0.85,0.3741,3.2941,72.93,20.84,0.0,25.48,27.4
2024-11-02 08:00:00,8,30,30,3.0,6.0,19.0,2.0,0.0,1.0,2,2,24,0,24,0,25.167,935.0,666.0,1156.0,25.167,3.0,6.8,roster,0,100.0,75.0,2.0833,92.07,3.4804,0.75,0.2941,3.3333,64.35,20.84,0.0,26.88,28.9
2024-11-02 09:00:00,9,33,33,3.0,8.0,18.0,4.0,0.0,1.0,6,6,23,0,23,0,26.167,1002.0,710.0,1216.0,26.167,3.0,6.8,roster,0,109.0,82.5,2.1373,99.03,5.6394,0.825,0.8824,3.303,70.78,19.97,0.0,28.27,30.4
2024-11-02 10:00:00,10,31,31,3.0,6.0,18.0,4.0,0.0,1.0,4,4,20,1,21,1,27.167,884.0,744.0,1276.0,27.167,4.0,10.5,roster,0,101.0,77.5,1.3289,107.8,3.7662,0.775,0.381,3.2581,66.5,18.23,13.4,29.67,31.9
2024-11-02 11:00:00,11,33,33,3.0,5.0,20.0,5.0,0.0,1.0,16,13,13,1,14,1,28.167,857.5,737.0,1336.0,28.167,4.0,10.5,roster,0,105.0,82.5,1.0096,107.4,6.5644,0.825,1.2381,3.1818,70.78,12.16,13.4,31.06,33.4
2024-11-02 12:00:00,12,31,31,2.0,2.0,23.0,4.0,0.0,1.0,15,13,8,1,9,1,20.4,797.0,184.0,906.0,20.4,4.0,10.5,roster,0,95.0,77.5,0.7661,88.77,6.1692,0.775,1.2381,3.0645,66.5,7.81,13.4,21.06,22.65
2024-11-02 13:00:00,13,32,32,2.0,3.0,21.0,6.0,0.0,1.0,11,11,9,2,11,2,21.4,136.0,99.0,926.0,21.4,4.0,10.5,roster,0,97.0,80.0,0.8362,106.52,5.6006,0.8,1.0476,3.0312,68.64,9.55,26.8,21.53,23.15
2024-11-02 14:00:00,14,28,28,0.0,1.0,20.0,7.0,0.0,1.0,9,9,6,1,7,1,22.4,159.0,129.0,898.0,22.4,4.0,10.5,roster,0,78.0,70.0,0.5909,80.42,4.3378,0.7,0.8571,2.7857,60.06,6.08,13.4,20.88,22.45
2024-11-02 15:00:00,15,22,22,0.0,1.0,16.0,5.0,0.0,1.0,7,7,5,0,5,0,23.4,214.0,189.0,252.0,23.4,4.0,10.5,roster,0,62.0,55.0,0.4429,37.39,3.4288,0.55,0.6667,2.8182,47.19,4.34,0.0,5.86,6.3
2024-11-02 16:00:00,16,18,18,0.0,2.0,14.0,2.0,0.0,1.0,5,3,7,0,7,0,24.4,249.0,102.0,312.0,24.4,4.0,10.5,roster,0,54.0,45.0,0.4091,31.94,2.2071,0.45,0.2857,3.0,38.61,6.08,0.0,7.25,7.8
2024-11-02 17:00:00,17,20,20,0.0,2.0,14.0,4.0,0.0,1.0,8,6,7,0,7,0,25.4,309.0,162.0,372.0,25.4,4.0,10.5,roster,0,58.0,50.0,0.4394,37.63,3.1071,0.5,0.5714,2.9,42.9,6.08,0.0,8.65,9.3
2024-11-02 18:00:00,18,23,23,0.0,3.0,18.0,1.0,1.0,1.0,12,9,8,0,8,0,26.4,324.0,206.0,432.0,26.4,4.0,10.5,roster,0,69.0,57.5,0.5391,46.33,4.2964,0.575,0.8571,3.0,49.33,6.95,0.0,10.04,10.8
2024-11-02 19:00:00,19,27,27,0.0,5.0,21.0,1.0,0.0,1.0,11,10,8,0,8,0,8.2,252.5,129.0,454.0,8.2,4.0,10.5,roster,0,85.0,67.5,0.6641,55.42,5.1232,0.675,0.9524,3.1481,57.92,6.95,0.0,10.56,11.35
2024-11-02 20:00:00,20,29,29,1.0,3.0,19.0,5.0,1.0,1.0,12,10,9,0,9,0,9.2,226.0,178.0,489.0,9.2,4.0,10.88,roster,0,85.0,72.5,0.6855,61.39,4.819,0.725,0.9191,2.931,62.2,7.81,0.0,11.37,12.225
2024-11-02 21:00:00,21,19,19,1.0,4.0,13.0,1.0,0.0,1.0,6,4,8,0,8,0,9.567,267.5,238.0,549.0,9.567,4.0,10.88,roster,0,62.0,47.5,0.4844,40.47,2.7497,0.475,0.3676,3.2632,40.75,6.95,0.0,12.76,13.725
2024-11-02 22:00:00,22,27,27,0.0,6.0,15.0,6.0,0.0,1.0,14,12,9,0,9,0,10.567,298.0,185.0,346.0,10.567,3.0,7.18,roster,0,81.0,67.5,0.871,53.77,7.0389,0.675,1.6713,3.0,57.92,7.81,0.0,8.04,8.65
2024-11-02 23:00:00,23,28,28,0.0,8.0,13.0,7.0,0.0,1.0,8,9,9,0,9,0,11.567,358.0,169.0,406.0,11.567,3.0,7.18,roster,0,85.0,70.0,0.914,57.31,5.9302,0.7,1.2535,3.0357,60.06,7.81,0.0,9.44,10.15
2024-11-03 00:00:00,0,20,20,0.0,7.0,13.0,0.0,0.0,1.0,7,4,10,0,10,0,12.567,405.5,141.0,466.0,12.567,3.0,7.18,roster,0,67.0,50.0,0.7444,42.42,3.5413,0.5,0.5571,3.35,42.9,8.68,0.0,10.83,11.65
2024-11-03 01:00:00,1,23,23,1.0,8.0,14.0,0.0,0.0,1.0,6,5,11,0,11,0,13.567,453.0,188.0,526.0,13.567,3.0,7.18,roster,0,79.0,57.5,0.908,51.12,4.3669,0.575,0.6964,3.4348,49.33,9.55,0.0,12.23,13.15
2024-11-03 02:00:00,2,23,23,0.0,9.0,13.0,1.0,0.0,1.0,4,4,11,0,11,0,14.567,513.0,248.0,586.0,14.567,3.0,7.18,roster,0,77.0,57.5,0.8851,52.51,3.7901,0.575,0.5571,3.3478,49.33,9.55,0.0,13.62,14.65
2024-11-03 03:00:00,3,19,19,0.0,8.0,11.0,0.0,0.0,1.0,4,2,12,0,12,0,15.567,491.0,308.0,646.0,15.567,3.0,7.18,roster,0,65.0,47.5,0.7738,46.19,2.5779,0.475,0.2786,3.4211,40.75,10.42,0.0,15.02,16.15
2024-11-03 04:00:00,4,18,18,0.0,6.0,12.0,0.0,0.0,1.0,1,1,12,0,12,0,16.567,551.0,368.0,706.0,16.567,3.0,7.18,roster,0,60.0,45.0,0.7143,45.44,1.9643,0.45,0.1393,3.3333,38.61,10.42,0.0,16.41,17.65
2024-11-03 05:00:00,5,25,25,0.0,7.0,17.0,1.0,0.0,1.0,8,7,12,0,12,0,17.567,611.0,428.0,766.0,17.567,3.0,7.18,roster,0,81.0,62.5,0.9643,61.85,5.1838,0.625,0.9749,3.24,53.62,10.42,0.0,17.81,19.15
2024-11-03 06:00:00,6,26,26,0.0,7.0,16.0,3.0,0.0,1.0,4,4,12,0,12,0,18.567,671.0,488.0,826.0,18.567,3.0,7.18,roster,0,82.0,65.0,0.9762,65.39,3.807,0.65,0.5571,3.1538,55.77,10.42,0.0,19.2,20.65
2024-11-03 07:00:00,7,21,21,0.0,6.0,15.0,0.0,0.0,1.0,1,1,12,0,12,0,19.567,731.0,548.0,886.0,19.567,3.0,7.18,roster,0,69.0,52.5,0.8214,56.06,2.1826,0.525,0.1393,3.2857,45.04,10.42,0.0,20.6,22.15
2024-11-03 08:00:00,8,19,19,0.0,6.0,13.0,0.0,0.0,1.0,1,1,12,0,12,0,20.567,791.0,608.0,946.0,20.567,3.0,6.82,roster,0,63.0,47.5,0.75,53.17,2.0612,0.475,0.1466,3.3158,40.75,10.42,0.0,21.99,23.65
2024-11-03 09:00:00,9,18,18,0.0,6.0,11.0,1.0,0.0,1.0,7,4,8,0,8,0,21.567,807.0,634.0,969.0,21.567,3.0,6.82,roster,0,59.0,45.0,0.6146,48.09,3.3975,0.45,0.5865,3.2778,38.61,6.95,0.0,22.53,24.225
2024-11-03 10:00:00,10,27,27,1.0,10.0,14.0,2.0,0.0,1.0,14,13,7,0,7,0,22.567,993.0,650.0,1029.0,22.567,4.0,10.07,roster,0,91.0,67.5,0.6894,67.92,6.626,0.675,1.291,3.3704,57.92,6.08,0.0,23.92,25.725
2024-11-03 11:00:00,11,27,27,1.0,9.0,14.0,3.0,0.0,1.0,10,10,8,1,9,1,23.567,710.0,97.0,1053.0,23.567,4.0,10.07,roster,0,89.0,67.5,0.7177,83.61,5.4984,0.675,0.993,3.2963,57.92,7.81,13.4,24.48,26.325
2024-11-03 12:00:00,12,25,25,1.0,10.0,11.0,3.0,0.0,1.0,9,5,9,0,9,0,24.567,157.0,114.0,770.0,24.567,4.0,10.07,roster,0,84.0,62.5,0.6774,59.34,3.7683,0.625,0.4965,3.36,53.62,7.81,0.0,17.9,19.25
2024-11-03 13:00:00,13,25,25,1.0,9.0,11.0,4.0,0.0,1.0,9,8,6,0,6,0,16.583,212.0,174.0,675.0,13.833,4.0,10.07,roster,0,82.0,62.5,0.6029,54.53,4.6558,0.625,0.7944,3.28,53.62,5.21,0.0,15.69,16.875
2024-11-03 14:00:00,14,24,24,1.0,6.0,12.0,5.0,0.0,1.0,10,9,6,1,7,1,14.833,267.0,109.0,735.0,14.833,4.0,10.07,roster,0,75.0,60.0,0.5682,68.05,4.6679,0.6,0.8937,3.125,51.48,6.08,13.4,17.09,18.375
2024-11-03 15:00:00,15,23,23,1.0,6.0,11.0,5.0,0.0,1.0,11,9,5,1,6,1,15.833,300.0,169.0,337.0,15.833,4.0,10.07,roster,0,72.0,57.5,0.5294,55.78,4.5978,0.575,0.8937,3.1304,49.33,5.21,13.4,7.84,8.425
2024-11-03 16:00:00,16,29,29,1.0,7.0,12.0,7.0,2.0,1.0,16,14,5,1,6,1,16.833,360.0,98.0,397.0,16.833,4.0,10.07,roster,0,85.0,72.5,0.625,70.05,6.1999,0.725,1.3903,2.931,62.2,5.21,13.4,9.23,9.925
2024-11-03 17:00:00,17,28,28,1.0,7.0,16.0,4.0,0.0,1.0,10,9,8,1,9,1,17.833,158.0,96.0,447.0,17.833,4.0,10.07,roster,0,89.0,70.0,0.7177,71.67,5.0658,0.7,0.8937,3.1786,60.06,7.81,13.4,10.39,11.175
2024-11-03 18:00:00,18,35,35,1.0,6.0,21.0,7.0,0.0,1.0,16,14,9,1,10,1,18.833,208.0,146.0,507.0,18.833,4.0,10.07,roster,0,106.0,87.5,0.8833,88.95,6.8605,0.875,1.3903,3.0286,75.08,8.68,13.4,11.79,12.675
2024-11-03 19:00:00,19,29,29,0.0,5.0,20.0,4.0,0.0,1.0,11,8,9,1,10,1,19.833,208.0,99.0,567.0,19.833,4.0,10.07,roster,0,88.0,72.5,0.7333,77.47,4.6107,0.725,0.7944,3.0345,62.2,8.68,13.4,13.18,14.175
2024-11-03 20:00:00,20,38,38,0.0,6.0,27.0,5.0,0.0,1.0,13,13,10,2,12,2,10.617,191.5,127.0,573.0,10.617,4.0,9.6,roster,0,115.0,95.0,1.0268,112.05,6.9731,0.95,1.3542,3.0263,81.51,10.42,26.8,13.32,14.325
2024-11-03 21:00:00,21,35,35,0.0,7.0,23.0,5.0,0.0,1.0,10,9,12,1,13,1,11.617,219.0,178.0,336.0,11.617,4.0,9.6,roster,0,107.0,87.5,0.9907,87.57,5.5411,0.875,0.9375,3.0571,75.08,11.29,13.4,7.81,8.4
2024-11-03 22:00:00,22,34,34,1.0,7.0,19.0,7.0,0.0,1.0,9,8,12,1,13,1,12.617,279.0,186.0,396.0,12.617,3.0,6.35,roster,0,104.0,85.0,1.284,86.82,6.4536,0.85,1.2598,3.0588,72.93,11.29,13.4,9.21,9.9
2024-11-03 23:00:00,23,34,34,1.0,5.0,21.0,7.0,0.0,1.0,11,10,13,2,15,2,13.617,327.0,208.0,456.0,13.617,3.0,6.35,roster,0,102.0,85.0,1.36,103.36,7.2744,0.85,1.5748,3.0,72.93,13.02,26.8,10.6,11.4
2024-11-04 00:00:00,0,30,30,0.0,6.0,18.0,6.0,0.0,1.0,7,4,14,1,15,1,14.617,387.0,268.0,516.0,14.617,3.0,6.35,roster,0,90.0,75.0,1.2,82.77,4.1398,0.75,0.6299,3.0,64.35,13.02,13.4,12.0,12.9
2024-11-04 01:00:00,1,27,27,0.0,6.0,19.0,2.0,0.0,1.0,4,4,14,1,15,1,15.617,447.0,328.0,576.0,15.617,3.0,6.35,roster,0,85.0,67.5,1.1333,77.73,4.1081,0.675,0.6299,3.1481,57.92,13.02,13.4,13.39,14.4
2024-11-04 02:00:00,2,25,25,0.0,6.0,17.0,2.0,0.0,1.0,7,4,15,1,16,1,16.617,497.0,388.0,636.0,16.617,3.0,6.35,roster,0,79.0,62.5,1.0972,75.7,3.9656,0.625,0.6299,3.16,53.62,13.89,13.4,14.79,15.9
2024-11-04 03:00:00,3,26,26,0.0,7.0,17.0,2.0,0.0,1.0,4,4,15,1,16,1,17.617,557.0,448.0,696.0,17.617,3.0,6.35,roster,0,83.0,65.0,1.1528,79.24,4.0859,0.65,0.6299,3.1923,55.77,13.89,13.4,16.18,17.4
2024-11-04 04:00:00,4,24,24,0.0,7.0,15.0,2.0,0.0,1.0,4,2,16,1,17,1,18.617,607.0,479.0,740.0,18.617,3.0,6.35,roster,0,77.0,60.0,1.1159,76.85,2.9355,0.6,0.315,3.2083,51.48,14.76,13.4,17.21,18.5
2024-11-04 05:00:00,5,30,30,0.0,9.0,18.0,3.0,0.0,1.0,6,6,17,2,19,2,19.617,606.0,400.0,800.0,19.617,3.0,6.35,roster,0,96.0,75.0,1.5238,106.25,5.4236,0.75,0.9449,3.2,64.35,16.5,26.8,18.6,20.0
2024-11-04 06:00:00,6,31,31,0.0,8.0,21.0,2.0,0.0,1.0,4,4,18,2,20,2,20.617,654.5,460.0,860.0,20.617,3.0,6.35,roster,0,99.0,77.5,1.65,110.66,4.4867,0.775,0.6299,3.1935,66.5,17.37,26.8,20.0,21.5
2024-11-04 07:00:00,7,30,30,0.0,8.0,20.0,2.0,0.0,1.0,4,4,19,2,21,2,21.617,703.0,408.0,884.0,21.617,3.0,6.35,roster,0,96.0,75.0,1.6842,109.94,4.4157,0.75,0.6299,3.2,64.35,18.23,26.8,20.55,22.1
2024-11-04 08:00:00,8,33,33,1.0,8.0,22.0,2.0,0.0,1.0,5,5,20,4,24,4,22.617,733.5,245.0,944.0,22.617,3.0,6.6,roster,0,107.0,82.5,2.2292,147.17,5.1314,0.825,0.7576,3.2424,70.78,20.84,53.6,21.95,23.6
2024-11-04 09:00:00,9,37,37,1.0,7.0,26.0,3.0,0.0,1.0,9,9,18,3,21,3,23.45,671.0,297.0,939.0,23.45,3.0,6.6,roster,0,117.0,92.5,2.0526,139.63,7.237,0.925,1.3636,3.1622,79.36,18.23,40.2,21.83,23.475
2024-11-04 10:00:00,10,40,40,0.0,7.0,30.0,3.0,0.0,1.0,9,10,17,2,19,2,24.45,731.0,257.0,999.0,24.45,4.0,9.94,roster,0,124.0,100.0,1.4762,132.32,6.2187,1.0,1.006,3.1,85.8,16.5,26.8,23.23,24.975
2024-11-04 11:00:00,11,42,42,1.0,7.0,30.0,3.0,1.0,1.0,10,9,19,2,21,2,25.45,648.0,241.0,1047.0,25.45,4.0,9.94,roster,0,130.0,105.0,1.7105,139.47,6.0525,1.05,0.9054,3.0952,90.09,18.23,26.8,24.34,26.175
2024-11-04 12:00:00,12,45,45,1.0,6.0,33.0,4.0,1.0,1.0,6,6,20,3,23,3,26.45,593.0,219.0,1107.0,26.45,4.0,9.94,roster,0,137.0,112.5,2.0147,162.43,5.2627,1.125,0.6036,3.0444,96.52,19.97,40.2,25.74,27.675
2024-11-04 13:00:00,13,48,48,1.0,6.0,33.0,7.0,1.0,1.0,9,8,18,4,22,4,27.45,487.0,216.0,1063.0,27.45,4.0,9.94,roster,0,143.0,120.0,1.9861,180.38,5.9727,1.2,0.8048,2.9792,102.96,19.1,53.6,24.71,26.575
2024-11-04 14:00:00,14,45,45,1.0,7.0,30.0,7.0,0.0,1.0,8,7,14,4,18,4,22.6,480.5,276.0,1123.0,22.6,4.0,9.94,roster,0,137.0,112.5,1.5568,171.86,5.569,1.125,0.7042,3.0444,96.52,15.63,53.6,26.11,28.075
2024-11-04 15:00:00,15,36,36,1.0,5.0,24.0,6.0,0.0,1.0,3,3,13,5,18,5,23.6,454.5,281.0,773.0,23.6,4.0,9.94,roster,0,109.0,90.0,1.2386,157.82,3.6388,0.9,0.3018,3.0278,77.22,15.63,67.0,17.97,19.325
2024-11-04 16:00:00,16,30,30,1.0,5.0,22.0,2.0,0.0,1.0,4,4,10,5,15,5,24.6,541.0,326.0,1228.0,24.6,4.0,9.94,roster,0,95.0,75.0,0.95,152.93,3.6493,0.75,0.4024,3.1667,64.35,13.02,67.0,28.55,30.7
2024-11-04 17:00:00,17,29,29,2.0,7.0,19.0,1.0,0.0,1.0,7,6,11,5,16,5,25.6,560.0,386.0,1288.0,25.6,4.0,9.94,roster,0,97.0,72.5,1.0104,153.04,4.444,0.725,0.6036,3.3448,62.2,13.89,67.0,29.95,32.2
2024-11-04 18:00:00,18,25,25,2.0,8.0,15.0,0.0,0.0,1.0,3,3,15,5,20,5,26.6,486.5,258.0,953.0,26.6,4.0,9.94,roster,0,87.0,62.5,1.0875,140.15,3.2253,0.625,0.3018,3.48,53.62,17.37,67.0,22.16,23.825
2024-11-04 19:00:00,19,34,34,2.0,7.0,23.0,2.0,0.0,1.0,13,12,13,5,18,5,27.6,513.5,186.0,1013.0,27.6,4.0,9.94,roster,0,111.0,85.0,1.2614,159.11,6.7163,0.85,1.2072,3.2647,72.93,15.63,67.0,23.55,25.325
2024-11-04 20:00:00,20,32,32,2.0,7.0,21.0,2.0,0.0,1.0,9,9,10,4,14,4,28.6,440.0,191.0,781.0,28.6,4.0,11.73,roster,0,105.0,80.0,1.0096,132.55,5.1426,0.8,0.7673,3.2812,68.64,12.16,53.6,18.16,19.525
2024-11-04 21:00:00,21,34,34,2.0,7.0,21.0,4.0,0.0,1.0,11,9,11,5,16,5,29.6,445.5,171.0,841.0,29.6,4.0,11.73,roster,0,109.0,85.0,1.1354,153.38,5.1848,0.85,0.7673,3.2059,72.93,13.89,67.0,19.55,21.025
2024-11-04 22:00:00,22,35,35,3.0,7.0,21.0,4.0,0.0,1.0,9,7,12,5,17,5,30.6,337.0,169.0,686.0,30.6,3.0,8.39,roster,0,114.0,87.5,1.6522,152.79,5.5675,0.875,0.8343,3.2571,75.08,14.76,67.0,15.95,17.15
2024-11-04 23:00:00,23,37,37,3.0,6.0,22.0,6.0,0.0,1.0,9,8,11,5,16,5,31.6,477.5,265.0,761.0,31.6,3.0,8.39,roster,0,117.0,92.5,1.625,157.95,5.9402,0.925,0.9535,3.1622,79.36,13.89,67.0,17.69,19.025
2024-11-05 00:00:00,0,34,34,2.0,7.0,20.0,5.0,0.0,1.0,5,5,13,4,17,4,32.6,431.0,266.0,727.0,32.6,3.0,8.39,roster,0,108.0,85.0,1.5652,138.19,4.593,0.85,0.5959,3.1765,72.93,14.76,53.6,16.9,18.175
2024-11-05 01:00:00,1,29,29,2.0,8.0,17.0,2.0,0.0,1.0,4,4,14,4,18,4,33.6,451.0,306.0,787.0,33.6,3.0,8.39,roster,0,97.0,72.5,1.4697,129.73,4.0197,0.725,0.4768,3.3448,62.2,15.63,53.6,18.3,19.675
2024-11-05 02:00:00,2,27,27,2.0,7.0,16.0,2.0,0.0,1.0,2,2,14,4,18,4,34.6,511.0,366.0,847.0,34.6,3.0,8.39,roster,0,90.0,67.5,1.3636,126.84,3.0446,0.675,0.2384,3.3333,57.92,15.63,53.6,19.69,21.175
2024-11-05 03:00:00,3,24,24,2.0,6.0,14.0,2.0,0.0,1.0,2,1,14,4,18,4,35.6,571.0,426.0,907.0,35.6,3.0,8.39,roster,0,80.0,60.0,1.2121,121.8,2.3973,0.6,0.1192,3.3333,51.48,15.63,53.6,21.09,22.675
2024-11-05 04:00:00,4,27,27,2.0,6.0,17.0,2.0,0.0,1.0,5,5,14,4,18,4,36.6,631.0,486.0,967.0,36.6,3.0,8.39,roster,0,89.0,67.5,1.3485,129.63,4.1894,0.675,0.5959,3.2963,57.92,15.63,53.6,22.48,24.175
2024-11-05 05:00:00,5,27,27,2.0,6.0,17.0,2.0,0.0,1.0,2,1,14,4,18,4,37.6,691.0,546.0,1027.0,37.6,3.0,8.39,roster,0,89.0,67.5,1.3485,131.02,2.6179,0.675,0.1192,3.2963,57.92,15.63,53.6,23.88,25.675
2024-11-05 06:00:00,6,25,25,2.0,7.0,14.0,2.0,0.0,1.0,2,2,14,4,18,4,38.6,751.0,606.0,1087.0,38.6,3.0,8.39,roster,0,84.0,62.5,1.2727,128.13,2.901,0.625,0.2384,3.36,53.62,15.63,53.6,25.27,27.175
2024-11-05 07:00:00,7,27,27,2.0,9.0,14.0,2.0,0.0,1.0,4,4,13,4,17,4,39.6,851.0,686.0,1147.0,39.6,3.0,8.39,roster,0,92.0,67.5,1.3333,132.94,3.9245,0.675,0.4768,3.4074,57.92,14.76,53.6,26.67,28.675
2024-11-05 08:00:00,8,30,30,1.0,10.0,17.0,2.0,0.0,1.0,4,4,13,4,17,4,40.6,911.0,746.0,1207.0,40.6,3.0,6.65,roster,0,100.0,75.0,1.4493,140.77,4.505,0.75,0.6015,3.3333,64.35,14.76,53.6,28.06,30.175
2024-11-05 09:00:00,9,36,36,1.0,12.0,20.0,3.0,0.0,1.0,8,8,14,4,18,4,41.6,931.0,786.0,1267.0,41.6,3.0,6.65,roster,0,119.0,90.0,1.803,155.91,6.9516,0.9,1.203,3.3056,77.22,15.63,53.6,29.46,31.675
2024-11-05 10:00:00,10,41,41,4.0,13.0,22.0,2.0,0.0,1.0,9,9,12,6,18,6,31.883,938.0,688.0,1233.0,31.883,4.0,9.9,roster,0,142.0,102.5,1.6136,192.64,6.6986,1.025,0.9091,3.4634,87.94,15.63,80.4,28.67,30.825
2024-11-05 11:00:00,11,47,47,4.0,14.0,26.0,3.0,0.0,1.0,11,11,16,7,23,7,32.883,906.0,135.0,1278.0,32.883,4.0,9.9,roster,0,160.0,117.5,2.3529,224.3,7.7825,1.175,1.1111,3.4043,100.82,19.97,93.8,29.71,31.95
2024-11-05 12:00:00,12,48,48,4.0,12.0,28.0,4.0,0.0,1.0,9,9,17,7,24,7,29.017,549.0,170.0,1151.0,29.017,4.0,9.9,roster,0,160.0,120.0,2.5,224.36,7.0303,1.2,0.9091,3.3333,102.96,20.84,93.8,26.76,28.775
2024-11-05 13:00:00,13,49,49,4.0,11.0,29.0,5.0,0.0,1.0,6,6,19,8,27,8,30.017,299.0,165.0,1131.0,30.017,4.0,9.9,roster,0,161.0,122.5,3.0962,242.05,6.0163,1.225,0.6061,3.2857,105.1,23.44,107.2,26.3,28.275
2024-11-05 14:00:00,14,54,54,4.0,11.0,31.0,8.0,0.0,1.0,10,11,22,8,30,8,31.017,307.0,219.0,1165.0,31.017,4.0,9.9,roster,0,173.0,135.0,4.325,256.17,7.8847,1.35,1.1111,3.2037,115.83,26.05,107.2,27.09,29.125
2024-11-05 15:00:00,15,52,52,3.0,10.0,30.0,9.0,0.0,1.0,7,6,24,4,28,4,28.683,339.5,207.0,1189.0,28.683,4.0,9.9,roster,0,163.0,130.0,3.3958,197.1,5.9748,1.3,0.6061,3.1346,111.54,24.31,53.6,27.64,29.725
2024-11-05 16:00:00,16,48,48,4.0,9.0,27.0,8.0,0.0,1.0,6,6,26,4,30,4,29.683,340.5,180.0,1048.0,29.683,4.0,9.9,roster,0,153.0,120.0,3.825,186.98,5.7568,1.2,0.6061,3.1875,102.96,26.05,53.6,24.37,26.2
2024-11-05 17:00:00,17,46,46,4.0,8.0,30.0,4.0,0.0,1.0,6,5,27,4,31,4,30.683,399.0,228.0,1108.0,30.683,4.0,9.9,roster,0,150.0,115.0,4.1667,184.95,5.3969,1.15,0.5051,3.2609,98.67,26.92,53.6,25.76,27.7
2024-11-05 18:00:00,18,41,41,3.0,9.0,25.0,4.0,0.0,1.0,5,3,28,2,30,2,31.683,449.5,282.0,1160.0,31.683,4.0,9.9,roster,0,134.0,102.5,3.35,147.76,4.3404,1.025,0.303,3.2683,87.94,26.05,26.8,26.97,29.0
2024-11-05 19:00:00,19,42,42,3.0,9.0,25.0,5.0,0.0,1.0,8,8,27,2,29,2,32.683,500.0,302.0,1220.0,32.683,4.0,9.9,roster,0,136.0,105.0,3.0909,150.44,6.0166,1.05,0.8081,3.2381,90.09,25.18,26.8,28.36,30.5
2024-11-05 20:00:00,20,39,39,3.0,8.0,23.0,5.0,0.0,1.0,10,8,24,1,25,1,33.683,560.0,354.0,1280.0,33.683,4.0,10.58,roster,0,126.0,97.5,2.1,128.52,5.5929,0.975,0.7561,3.2308,83.66,21.71,13.4,29.76,32.0
2024-11-05 21:00:00,21,37,37,2.0,8.0,21.0,6.0,0.0,1.0,5,5,23,0,23,0,34.683,620.0,396.0,1340.0,34.683,4.0,10.58,roster,0,117.0,92.5,1.7206,110.49,4.4194,0.925,0.4726,3.1622,79.36,19.97,0.0,31.16,33.5
2024-11-05 22:00:00,22,35,35,2.0,7.0,23.0,3.0,0.0,1.0,8,7,21,0,21,0,35.683,680.0,456.0,898.0,35.683,3.0,7.33,roster,0,113.0,87.5,1.9825,94.19,5.9082,0.875,0.955,3.2286,75.08,18.23,0.0,20.88,22.45
2024-11-05 23:00:00,23,31,31,2.0,8.0,19.0,2.0,0.0,1.0,5,4,20,0,20,0,30.617,646.0,495.0,839.0,30.617,3.0,7.33,roster,0,103.0,77.5,1.7167,83.37,4.3881,0.775,0.5457,3.3226,66.5,17.37,0.0,19.51,20.975
2024-11-06 00:00:00,0,29,29,2.0,8.0,17.0,2.0,0.0,1.0,7,6,19,0,19,0,31.617,747.0,555.0,899.0,31.617,3.0,7.33,roster,0,97.0,72.5,1.5397,79.6,5.1629,0.725,0.8186,3.3448,62.2,16.5,0.0,20.9,22.475
2024-11-06 01:00:00,1,29,29,2.0,8.0,18.0,1.0,0.0,1.0,4,3,21,0,21,0,32.617,725.0,608.0,944.0,32.617,3.0,7.33,roster,0,98.0,72.5,1.7193,82.39,3.8331,0.725,0.4093,3.3793,62.2,18.23,0.0,21.95,23.6
2024-11-06 02:00:00,2,30,30,2.0,9.0,18.0,1.0,0.0,1.0,2,2,23,1,24,1,33.617,718.0,558.0,1004.0,33.617,3.0,7.33,roster,0,102.0,75.0,2.125,101.93,3.4777,0.75,0.2729,3.4,64.35,20.84,13.4,23.34,25.1
2024-11-06 03:00:00,3,30,30,2.0,8.0,18.0,2.0,0.0,1.0,4,4,22,0,22,0,34.617,813.5,667.0,1064.0,34.617,3.0,7.33,roster,0,100.0,75.0,1.8519,88.19,4.319,0.75,0.5457,3.3333,64.35,19.1,0.0,24.74,26.6
2024-11-06 04:00:00,4,27,27,2.0,8.0,16.0,1.0,0.0,1.0,1,0,22,1,23,1,35.617,842.0,678.0,1124.0,35.617,3.0,7.33,roster,0,92.0,67.5,1.8039,97.42,2.3,0.675,0.0,3.4074,57.92,19.97,13.4,26.13,28.1
2024-11-06 05:00:00,5,28,28,2.0,7.0,18.0,1.0,0.0,1.0,2,2,22,1,23,1,36.617,902.0,738.0,1184.0,36.617,3.0,7.33,roster,0,94.0,70.0,1.8431,100.96,3.266,0.7,0.2729,3.3571,60.06,19.97,13.4,27.53,29.6
2024-11-06 06:00:00,6,31,31,2.0,7.0,21.0,1.0,0.0,1.0,3,3,23,1,24,1,37.617,958.0,798.0,1244.0,37.617,3.0,7.33,roster,0,103.0,77.5,2.1458,109.66,3.9349,0.775,0.4093,3.3226,66.5,20.84,13.4,28.92,31.1
2024-11-06 07:00:00,7,32,32,2.0,8.0,21.0,1.0,0.0,1.0,3,3,23,1,24,1,38.617,1018.0,858.0,1304.0,38.617,3.0,7.33,roster,0,107.0,80.0,2.2292,113.2,4.0435,0.8,0.4093,3.3438,68.64,20.84,13.4,30.32,32.6
2024-11-06 08:00:00,8,31,31,2.0,8.0,20.0,1.0,0.0,1.0,3,3,23,2,25,2,39.617,1074.0,828.0,1355.0,39.617,3.0,6.43,roster,0,104.0,77.5,2.3111,126.51,4.1652,0.775,0.4666,3.3548,66.5,21.71,26.8,31.5,33.875
2024-11-06 09:00:00,9,31,31,2.0,8.0,20.0,1.0,0.0,1.0,2,2,23,2,25,2,40.617,1116.0,543.0,1359.0,40.617,3.0,6.43,roster,0,104.0,77.5,2.3111,126.6,3.6435,0.775,0.311,3.3548,66.5,21.71,26.8,31.6,33.975
2024-11-06 10:00:00,10,35,35,2.0,7.0,26.0,0.0,0.0,1.0,10,9,21,2,23,2,41.617,1155.0,577.0,1419.0,41.617,4.0,9.68,roster,0,116.0,87.5,1.7059,134.84,5.9815,0.875,0.9298,3.3143,75.08,19.97,26.8,32.99,35.475
2024-11-06 11:00:00,11,34,34,2.0,6.0,25.0,1.0,0.0,1.0,3,3,21,2,23,2,25.983,1147.0,408.0,1407.0,25.983,4.0,9.68,roster,0,111.0,85.0,1.6324,132.41,3.7868,0.85,0.3099,3.2647,72.93,19.97,26.8,32.71,35.175
2024-11-06 12:00:00,12,32,32,2.0,7.0,23.0,0.0,0.0,1.0,5,5,16,2,18,2,26.983,965.0,468.0,1314.0,26.983,4.0,9.68,roster,0,107.0,80.0,1.2159,121.62,4.4021,0.8,0.5165,3.3438,68.64,15.63,26.8,30.55,32.85
2024-11-06 13:00:00,13,29,29,2.0,8.0,18.0,1.0,0.0,1.0,6,6,13,2,15,2,27.983,783.0,212.0,1356.0,27.983,4.0,9.68,roster,0,98.0,72.5,0.98,113.56,4.5446,0.725,0.6198,3.3793,62.2,13.02,26.8,31.53,33.9
2024-11-06 14:00:00,14,26,26,2.0,7.0,17.0,0.0,0.0,1.0,5,4,13,1,14,1,28.983,830.0,145.0,1416.0,28.983,4.0,9.68,roster,0,89.0,65.0,0.8558,94.25,3.6395,0.65,0.4132,3.4231,55.77,12.16,13.4,32.92,35.4
2024-11-06 15:00:00,15,19,19,1.0,6.0,12.0,0.0,0.0,1.0,4,4,11,1,12,1,28.65,694.0,200.0,1455.0,28.65,4.0,9.68,roster,0,65.0,47.5,0.5804,78.4,3.0387,0.475,0.4132,3.4211,40.75,10.42,13.4,33.83,36.375
2024-11-06 16:00:00,16,21,21,1.0,3.0,15.0,2.0,0.0,1.0,6,6,10,0,10,0,25.9,601.0,196.0,1447.0,25.9,4.0,9.68,roster,0,66.0,52.5,0.55,67.37,3.5981,0.525,0.6198,3.1429,45.04,8.68,0.0,33.64,36.175
2024-11-06 17:00:00,17,21,21,1.0,6.0,14.0,0.0,0.0,1.0,6,5,11,0,11,0,26.9,325.0,198.0,1507.0,26.9,4.0,9.68,roster,0,71.0,52.5,0.6121,69.63,3.5214,0.525,0.5165,3.381,45.04,9.55,0.0,35.04,37.675
2024-11-06 18:00:00,18,21,21,1.0,9.0,11.0,0.0,0.0,1.0,6,5,13,0,13,0,27.9,380.0,188.0,1083.0,27.9,4.0,9.68,roster,0,74.0,52.5,0.6852,61.51,3.6701,0.525,0.5165,3.5238,45.04,11.29,0.0,25.18,27.075
2024-11-06 19:00:00,19,27,27,2.0,9.0,16.0,0.0,0.0,1.0,11,10,13,1,14,1,28.9,312.0,121.0,1143.0,28.9,4.0,9.68,roster,0,94.0,67.5,0.9038,90.05,5.9466,0.675,1.0331,3.4815,57.92,12.16,13.4,26.57,28.575
2024-11-06 20:00:00,20,28,28,2.0,8.0,17.0,1.0,0.0,1.0,6,6,12,3,15,3,29.9,184.0,112.0,505.0,29.9,4.0,9.61,roster,0,95.0,70.0,0.95,105.03,4.4933,0.7,0.6243,3.3929,60.06,13.02,40.2,11.74,12.625
2024-11-06 21:00:00,21,29,29,2.0,8.0,18.0,1.0,0.0,1.0,8,8,12,3,15,3,30.9,244.0,169.0,565.0,30.9,4.0,9.61,roster,0,98.0,72.5,0.98,108.57,5.2632,0.725,0.8325,3.3793,62.2,13.02,40.2,13.14,14.125
2024-11-06 22:00:00,22,35,35,1.0,8.0,25.0,1.0,0.0,1.0,12,11,12,2,14,2,31.9,350.5,248.0,625.0,31.9,3.0,6.36,roster,0,114.0,87.5,1.4615,108.56,8.4834,0.875,1.7296,3.2571,75.08,12.16,26.8,14.53,15.625
2024-11-06 23:00:00,23,41,41,1.0,10.0,29.0,1.0,0.0,1.0,12,11,14,2,16,2,32.9,362.5,289.0,685.0,32.9,3.0,6.36,roster,0,134.0,102.5,1.8611,124.56,9.0027,1.025,1.7296,3.2683,87.94,13.89,26.8,15.93,17.125
2024-11-07 00:00:00,0,35,35,1.0,7.0,26.0,1.0,0.0,1.0,7,7,13,0,13,0,33.9,517.0,374.0,745.0,33.9,3.0,6.36,roster,0,113.0,87.5,1.3951,83.68,6.3785,0.875,1.1006,3.2286,75.08,11.29,0.0,17.32,18.625
2024-11-07 01:00:00,1,34,34,1.0,8.0,25.0,0.0,0.0,1.0,6,6,13,0,13,0,34.9,577.0,434.0,805.0,34.9,3.0,6.36,roster,0,112.0,85.0,1.3827,82.93,5.9077,0.85,0.9434,3.2941,72.93,11.29,0.0,18.72,20.125
2024-11-07 02:00:00,2,31,31,1.0,8.0,21.0,1.0,0.0,1.0,4,5,13,0,13,0,35.9,637.0,494.0,865.0,35.9,3.0,6.36,roster,0,102.0,77.5,1.2593,77.89,5.1367,0.775,0.7862,3.2903,66.5,11.29,0.0,20.11,21.625
2024-11-07 03:00:00,3,29,29,1.0,8.0,19.0,1.0,0.0,1.0,3,3,14,0,14,0,36.9,650.5,529.0,925.0,36.9,3.0,6.36,roster,0,96.0,72.5,1.2308,75.87,3.9615,0.725,0.4717,3.3103,62.2,12.16,0.0,21.51,23.125
2024-11-07 04:00:00,4,31,31,1.0,8.0,21.0,1.0,0.0,1.0,4,4,15,0,15,0,37.9,664.0,533.0,985.0,37.9,3.0,6.36,roster,0,102.0,77.5,1.36,82.42,4.6194,0.775,0.6289,3.2903,66.5,13.02,0.0,22.9,24.625
2024-11-07 05:00:00,5,26,26,1.0,6.0,18.0,1.0,0.0,1.0,0,0,15,0,15,0,38.9,724.0,593.0,1045.0,38.9,3.0,6.36,roster,0,85.0,65.0,1.1333,73.09,2.125,0.65,0.0,3.2692,55.77,13.02,0.0,24.3,26.125
2024-11-07 06:00:00,6,25,25,1.0,6.0,17.0,1.0,0.0,1.0,1,1,14,0,14,0,39.9,830.5,709.0,1105.0,39.9,3.0,6.36,roster,0,82.0,62.5,1.0513,71.47,2.5657,0.625,0.1572,3.28,53.62,12.16,0.0,25.69,27.625
2024-11-07 07:00:00,7,29,29,1.0,6.0,20.0,2.0,0.0,1.0,5,4,14,0,14,0,40.9,890.5,769.0,1165.0,40.9,3.0,6.36,roster,0,93.0,72.5,1.1923,81.45,4.3419,0.725,0.6289,3.2069,62.2,12.16,0.0,27.09,29.125
2024-11-07 08:00:00,8,28,28,1.0,7.0,16.0,4.0,0.0,1.0,6,5,14,0,14,0,41.9,950.5,829.0,1225.0,41.9,3.0,6.55,roster,0,89.0,70.0,1.141,80.7,4.6514,0.7,0.7634,3.1786,60.06,12.16,0.0,28.48,30.625
2024-11-07 09:00:00,9,28,28,1.0,8.0,18.0,1.0,0.0,1.0,4,4,16,0,16,0,42.9,962.5,833.0,1285.0,42.9,3.0,6.55,roster,0,93.0,70.0,1.2917,83.83,4.3534,0.7,0.6107,3.3214,60.06,13.89,0.0,29.88,32.125
2024-11-07 10:00:00,10,28,28,1.0,9.0,17.0,1.0,0.0,1.0,5,5,16,1,17,1,43.9,1021.0,462.0,1340.0,43.9,4.0,9.87,roster,0,94.0,70.0,1.0217,99.38,4.0507,0.7,0.5066,3.3571,60.06,14.76,13.4,31.16,33.5
2024-11-07 11:00:00,11,29,29,1.0,9.0,18.0,1.0,0.0,1.0,4,4,15,1,16,1,44.25,1057.5,522.0,1400.0,44.25,4.0,9.87,roster,0,97.0,72.5,1.0104,102.05,3.7806,0.725,0.4053,3.3448,62.2,13.89,13.4,32.55,35.0
2024-11-07 12:00:00,12,29,29,1.0,9.0,18.0,1.0,0.0,1.0,9,8,13,1,14,1,45.25,1117.5,582.0,1460.0,45.25,4.0,9.87,roster,0,97.0,72.5,0.9327,101.71,5.1361,0.725,0.8105,3.3448,62.2,12.16,13.4,33.94,36.5
2024-11-07 13:00:00,13,33,33,1.0,11.0,20.0,1.0,0.0,1.0,7,7,12,1,13,1,46.25,1154.0,642.0,1456.0,46.25,4.0,9.87,roster,0,111.0,82.5,1.0278,109.32,5.1606,0.825,0.7092,3.3636,70.78,11.29,13.4,33.85,36.4
2024-11-07 14:00:00,14,28,28,1.0,10.0,17.0,0.0,0.0,1.0,5,4,13,2,15,2,47.25,1133.0,341.0,1516.0,47.25,4.0,9.87,roster,0,96.0,70.0,0.96,115.13,3.7895,0.7,0.4053,3.4286,60.06,13.02,26.8,35.25,37.9
2024-11-07 15:00:00,15,29,29,1.0,10.0,18.0,0.0,0.0,1.0,6,6,12,2,14,2,48.25,1233.5,401.0,1576.0,48.25,4.0,9.87,roster,0,99.0,72.5,0.9519,117.8,4.5503,0.725,0.6079,3.4138,62.2,12.16,26.8,36.64,39.4
2024-11-07 16:00:00,16,27,27,1.0,9.0,16.0,1.0,0.0,1.0,7,7,11,1,12,1,49.25,1293.5,461.0,1636.0,49.25,4.0,9.87,roster,0,91.0,67.5,0.8125,99.77,4.6653,0.675,0.7092,3.3704,57.92,10.42,13.4,38.04,40.9
2024-11-07 17:00:00,17,23,23,1.0,9.0,13.0,0.0,0.0,1.0,3,3,11,1,12,1,50.25,1353.5,521.0,1696.0,50.25,4.0,9.87,roster,0,80.0,57.5,0.7143,92.59,3.0572,0.575,0.304,3.4783,49.33,10.42,13.4,39.43,42.4
2024-11-07 18:00:00,18,30,30,1.0,9.0,17.0,3.0,0.0,1.0,8,8,14,1,15,1,51.25,1252.0,133.0,1597.0,51.25,4.0,9.87,roster,0,98.0,75.0,0.98,107.9,5.0978,0.75,0.8105,3.2667,64.35,13.02,13.4,37.13,39.925
2024-11-07 19:00:00,19,33,33,1.0,8.0,21.0,3.0,0.0,1.0,12,10,14,0,14,0,52.25,1372.5,163.0,1657.0,52.25,4.0,9.87,roster,0,106.0,82.5,1.0192,101.47,5.9044,0.825,1.0132,3.2121,70.78,12.16,0.0,38.53,41.425
2024-11-07 20:00:00,20,39,39,1.0,8.0,28.0,2.0,0.0,1.0,13,12,14,2,16,2,53.25,947.5,218.0,1717.0,53.25,4.0,10.33,roster,0,125.0,97.5,1.3021,144.27,6.8483,0.975,1.1617,3.2051,83.66,13.89,26.8,39.92,42.925
2024-11-07 21:00:00,21,34,34,1.0,8.0,22.0,3.0,0.0,1.0,7,7,12,2,14,2,53.117,448.0,268.0,1634.0,53.117,4.0,10.33,roster,0,109.0,85.0,1.0481,129.88,4.8974,0.85,0.6776,3.2059,72.93,12.16,26.8,37.99,40.85
2024-11-07 22:00:00,22,32,32,1.0,6.0,20.0,5.0,0.0,1.0,9,8,11,1,12,1,54.117,508.0,338.0,1837.0,54.117,3.0,7.01,roster,0,99.0,80.0,1.1786,115.17,6.0057,0.8,1.1412,3.0938,68.64,10.42,13.4,42.71,45.925
2024-11-07 23:00:00,23,26,26,1.0,5.0,18.0,2.0,0.0,1.0,5,4,11,1,12,1,55.117,568.0,398.0,1897.0,55.117,3.0,7.01,roster,0,83.0,65.0,0.9881,103.69,3.8966,0.65,0.5706,3.1923,55.77,10.42,13.4,44.11,47.425
2024-11-08 00:00:00,0,27,27,2.0,4.0,16.0,5.0,0.0,1.0,5,5,12,1,13,1,56.117,493.0,448.0,1733.0,56.117,3.0,7.01,roster,0,84.0,67.5,1.037,102.9,4.3191,0.675,0.7133,3.1111,57.92,11.29,13.4,40.29,43.325
2024-11-08 01:00:00,1,27,27,1.0,4.0,18.0,4.0,0.0,1.0,5,4,12,1,13,1,57.117,553.0,508.0,1793.0,57.117,3.0,7.01,roster,0,83.0,67.5,1.0247,104.29,3.8291,0.675,0.5706,3.0741,57.92,11.29,13.4,41.69,44.825
2024-11-08 02:00:00,2,25,25,1.0,3.0,19.0,2.0,0.0,1.0,4,2,12,1,13,1,58.117,613.0,568.0,1853.0,58.117,3.0,7.01,roster,0,78.0,62.5,0.963,101.4,2.8402,0.625,0.2853,3.12,53.62,11.29,13.4,43.08,46.325
2024-11-08 03:00:00,3,24,24,1.0,4.0,17.0,2.0,0.0,1.0,2,2,11,1,12,1,59.117,808.0,638.0,2137.0,59.117,3.0,7.01,roster,0,76.0,60.0,0.9048,104.98,2.8035,0.6,0.2853,3.1667,51.48,10.42,13.4,49.69,53.425
2024-11-08 04:00:00,4,25,25,1.0,5.0,17.0,2.0,0.0,1.0,2,2,12,1,13,1,60.117,733.0,688.0,1973.0,60.117,3.0,7.01,roster,0,80.0,62.5,0.9877,104.19,2.913,0.625,0.2853,3.2,53.62,11.29,13.4,45.87,49.325
2024-11-08 05:00:00,5,26,26,1.0,5.0,18.0,2.0,0.0,1.0,1,1,12,2,14,2,61.117,778.0,688.0,2033.0,61.117,3.0,7.01,roster,0,83.0,65.0,1.0641,121.99,2.5304,0.65,0.1427,3.1923,55.77,12.16,26.8,47.27,50.825
2024-11-08 06:00:00,6,24,24,1.0,4.0,17.0,2.0,0.0,1.0,2,2,13,1,14,1,62.117,838.0,748.0,2093.0,62.117,3.0,7.01,roster,0,76.0,60.0,0.9744,105.7,2.8035,0.6,0.2853,3.1667,51.48,12.16,13.4,48.66,52.325
2024-11-08 07:00:00,7,21,21,1.0,4.0,15.0,1.0,0.0,1.0,2,2,13,1,14,1,63.117,898.0,808.0,2153.0,63.117,3.0,7.01,roster,0,68.0,52.5,0.8718,100.66,2.6239,0.525,0.2853,3.2381,45.04,12.16,13.4,50.06,53.825
2024-11-08 08:00:00,8,23,23,1.0,4.0,17.0,1.0,0.0,1.0,4,4,14,1,15,1,64.117,943.0,664.0,2213.0,64.117,3.0,6.96,roster,0,74.0,57.5,0.9867,107.21,3.6991,0.575,0.5747,3.2174,49.33,13.02,13.4,51.45,55.325
2024-11-08 09:00:00,9,24,24,1.0,4.0,18.0,1.0,0.0,1.0,6,5,13,1,14,1,65.117,1000.5,400.0,2152.0,65.117,3.0,6.96,roster,0,77.0,60.0,0.9872,107.07,4.2298,0.6,0.7184,3.2083,51.48,12.16,13.4,50.03,53.8
2024-11-08 10:00:00,10,26,26,1.0,3.0,20.0,2.0,0.0,1.0,7,7,14,1,15,1,66.117,988.0,173.0,1363.0,66.117,4.0,10.42,roster,0,81.0,65.0,0.81,93.88,4.1179,0.65,0.6718,3.1154,55.77,13.02,13.4,31.69,34.075
2024-11-08 11:00:00,11,27,27,1.0,4.0,19.0,3.0,0.0,1.0,6,6,12,1,13,1,46.267,520.0,157.0,1118.0,46.267,4.0,10.42,roster,0,84.0,67.5,0.7778,88.6,3.8914,0.675,0.5758,3.1111,57.92,11.29,13.4,25.99,27.95
2024-11-08 12:00:00,12,28,28,1.0,3.0,20.0,4.0,0.0,1.0,6,6,10,1,11,1,47.267,217.0,133.0,1108.0,47.267,4.0,10.42,roster,0,85.0,70.0,0.7328,88.77,3.873,0.7,0.5758,3.0357,60.06,9.55,13.4,25.76,27.7
2024-11-08 13:00:00,13,28,28,2.0,3.0,19.0,4.0,0.0,1.0,8,8,8,2,10,2,48.267,220.5,123.0,277.0,48.267,4.0,10.42,roster,0,87.0,70.0,0.725,81.98,4.5605,0.7,0.7678,3.1071,60.06,8.68,26.8,6.44,6.925
2024-11-08 14:00:00,14,19,19,1.0,1.0,15.0,2.0,0.0,1.0,5,4,6,0,6,0,17.017,118.0,105.0,308.0,5.3,4.0,10.42,roster,0,58.0,47.5,0.4265,33.13,2.6218,0.475,0.3839,3.0526,40.75,5.21,0.0,7.16,7.7
2024-11-08 15:00:00,15,19,19,1.0,1.0,16.0,1.0,0.0,1.0,4,4,8,0,8,0,18.017,151.0,118.0,184.0,6.3,4.0,10.42,roster,0,59.0,47.5,0.4609,31.98,2.667,0.475,0.3839,3.1053,40.75,6.95,0.0,4.28,4.6
2024-11-08 16:00:00,16,16,16,0.0,1.0,14.0,1.0,0.0,1.0,5,6,4,0,4,0,19.017,173.5,122.0,232.0,3.867,4.0,10.42,roster,0,48.0,40.0,0.3333,23.19,2.9274,0.4,0.5758,3.0,34.32,3.47,0.0,5.39,5.8
2024-11-08 17:00:00,17,17,17,1.0,0.0,14.0,2.0,0.0,1.0,5,5,4,0,4,0,20.017,211.5,138.0,292.0,4.867,4.0,10.42,roster,0,51.0,42.5,0.3542,26.73,2.7145,0.425,0.4798,3.0,36.46,3.47,0.0,6.79,7.3
2024-11-08 18:00:00,18,20,20,1.0,1.0,13.0,5.0,0.0,1.0,10,10,5,0,5,0,21.017,198.0,152.0,345.0,5.867,4.0,10.42,roster,0,58.0,50.0,0.4143,35.26,4.2331,0.5,0.9597,2.9,42.9,4.34,0.0,8.02,8.625
2024-11-08 19:00:00,19,18,18,1.0,2.0,11.0,4.0,0.0,1.0,8,7,6,0,6,0,22.017,146.0,106.0,405.0,6.867,4.0,10.42,roster,0,54.0,45.0,0.3971,33.24,3.3654,0.45,0.6718,3.0,38.61,5.21,0.0,9.42,10.125
2024-11-08 20:00:00,20,20,20,0.0,3.0,17.0,0.0,0.0,1.0,8,8,6,0,6,0,23.017,153.5,71.0,465.0,7.867,4.0,12.86,roster,0,63.0,50.0,0.4632,38.92,3.5346,0.5,0.6221,3.15,42.9,5.21,0.0,10.81,11.625
2024-11-08 21:00:00,21,24,24,0.0,4.0,18.0,2.0,0.0,1.0,11,10,8,0,8,0,24.017,166.0,128.0,525.0,8.867,4.0,12.86,roster,0,74.0,60.0,0.5781,50.63,4.2476,0.6,0.7776,3.0833,51.48,6.95,0.0,12.21,13.125
2024-11-08 22:00:00,22,22,22,1.0,3.0,16.0,2.0,0.0,1.0,6,5,11,0,11,0,9.867,157.0,106.0,261.0,9.867,3.0,9.4,roster,0,69.0,55.0,0.7931,42.81,3.3933,0.55,0.5319,3.1364,47.19,9.55,0.0,6.07,6.525
2024-11-08 23:00:00,23,19,19,0.0,2.0,12.0,5.0,0.0,1.0,7,6,8,0,8,0,10.867,169.0,139.0,321.0,10.867,3.0,9.4,roster,0,54.0,47.5,0.5625,35.16,3.1641,0.475,0.6383,2.8421,40.75,6.95,0.0,7.46,8.025
2024-11-09 00:00:00,0,24,24,0.0,2.0,13.0,9.0,0.0,1.0,10,10,9,0,9,0,11.867,226.0,185.0,308.0,11.867,3.0,9.4,roster,0,65.0,60.0,0.6989,46.46,4.5062,0.6,1.0638,2.7083,51.48,7.81,0.0,7.16,7.7
2024-11-09 01:00:00,1,20,20,0.0,2.0,9.0,9.0,0.0,1.0,2,2,9,0,9,0,12.867,286.0,245.0,368.0,12.867,3.0,9.4,roster,0,53.0,50.0,0.5699,39.27,1.8888,0.5,0.2128,2.65,42.9,7.81,0.0,8.56,9.2
2024-11-09 02:00:00,2,18,18,0.0,2.0,9.0,7.0,0.0,1.0,5,5,9,0,9,0,13.867,346.0,305.0,428.0,13.867,3.0,9.4,roster,0,49.0,45.0,0.5269,36.38,2.673,0.45,0.5319,2.7222,38.61,7.81,0.0,9.95,10.7
2024-11-09 03:00:00,3,19,19,0.0,2.0,9.0,8.0,0.0,1.0,7,6,10,0,10,0,14.867,392.5,323.0,488.0,14.867,3.0,9.4,roster,0,51.0,47.5,0.5667,40.78,2.9883,0.475,0.6383,2.6842,40.75,8.68,0.0,11.35,12.2
2024-11-09 04:00:00,4,15,15,0.0,2.0,7.0,6.0,0.0,1.0,1,1,11,0,11,0,15.867,439.0,346.0,548.0,15.867,3.0,9.4,roster,0,41.0,37.5,0.4713,34.47,1.3158,0.375,0.1064,2.7333,32.17,9.55,0.0,12.74,13.7
2024-11-09 05:00:00,5,15,15,0.0,2.0,8.0,5.0,0.0,1.0,5,4,10,0,10,0,11.35,492.0,406.0,532.0,11.35,3.0,9.4,roster,0,42.0,37.5,0.4667,33.23,2.2415,0.375,0.4255,2.8,32.17,8.68,0.0,12.37,13.3
2024-11-09 06:00:00,6,15,15,0.0,3.0,9.0,3.0,0.0,1.0,2,2,10,0,10,0,12.35,552.0,466.0,592.0,12.35,3.0,9.4,roster,0,45.0,37.5,0.5,34.62,1.7633,0.375,0.2128,3.0,32.17,8.68,0.0,13.76,14.8
2024-11-09 07:00:00,7,19,19,0.0,5.0,10.0,4.0,0.0,1.0,5,5,11,0,11,0,13.35,605.0,334.0,652.0,13.35,3.0,9.4,roster,0,58.0,47.5,0.6667,45.47,3.0737,0.475,0.5319,3.0526,40.75,9.55,0.0,15.16,16.3
2024-11-09 08:00:00,8,21,21,1.0,5.0,10.0,5.0,0.0,1.0,3,3,12,1,13,1,14.35,623.0,344.0,706.0,14.35,3.0,7.11,roster,0,65.0,52.5,0.8025,66.15,2.931,0.525,0.4219,3.0952,45.04,11.29,13.4,16.41,17.65
2024-11-09 09:00:00,9,19,19,1.0,5.0,11.0,2.0,0.0,1.0,4,4,12,0,12,0,15.35,664.5,211.0,766.0,15.35,3.0,7.11,roster,0,62.0,47.5,0.7381,48.98,3.3858,0.475,0.5626,3.2632,40.75,10.42,0.0,17.81,19.15
2024-11-09 10:00:00,10,22,22,1.0,4.0,15.0,2.0,0.0,1.0,5,6,10,0,10,0,16.35,628.5,208.0,826.0,16.35,4.0,10.98,roster,0,70.0,55.0,0.5833,55.08,3.4887,0.55,0.5464,3.1818,47.19,8.68,0.0,19.2,20.65
2024-11-09 11:00:00,11,19,19,0.0,3.0,13.0,3.0,0.0,1.0,9,9,6,0,6,0,17.35,872.5,268.0,892.0,17.35,4.0,10.98,roster,0,57.0,47.5,0.4191,46.7,3.884,0.475,0.8197,3.0,40.75,5.21,0.0,20.74,22.3
2024-11-09 12:00:00,12,29,29,0.0,5.0,17.0,7.0,0.0,1.0,15,13,9,0,9,0,18.35,328.0,113.0,946.0,18.35,4.0,10.98,roster,0,85.0,72.5,0.6855,72.01,5.5953,0.725,1.184,2.931,62.2,7.81,0.0,21.99,23.65
2024-11-09 13:00:00,13,35,35,0.0,6.0,23.0,6.0,0.0,1.0,14,12,11,0,11,0,19.35,224.0,122.0,1006.0,19.35,4.0,10.98,roster,0,105.0,87.5,0.9052,88.02,5.9037,0.875,1.0929,3.0,75.08,9.55,0.0,23.39,25.15
2024-11-09 14:00:00,14,25,25,0.0,6.0,15.0,4.0,0.0,1.0,2,3,9,0,9,0,20.35,233.0,144.0,448.0,20.35,4.0,10.98,roster,0,77.0,62.5,0.621,51.86,2.7665,0.625,0.2732,3.08,53.62,7.81,0.0,10.42,11.2
2024-11-09 15:00:00,15,22,22,0.0,5.0,12.0,5.0,0.0,1.0,6,5,7,0,7,0,18.867,255.0,117.0,344.0,18.867,4.0,10.98,roster,0,66.0,55.0,0.5,41.27,3.0161,0.55,0.4554,3.0,47.19,6.08,0.0,8.0,8.6
2024-11-09 16:00:00,16,20,20,1.0,4.0,13.0,2.0,0.0,1.0,8,8,6,0,6,0,19.867,247.5,177.0,404.0,19.867,4.0,10.98,roster,0,64.0,50.0,0.4706,37.5,3.9315,0.5,0.7286,3.2,42.9,5.21,0.0,9.39,10.1
2024-11-09 17:00:00,17,21,21,0.0,4.0,11.0,6.0,0.0,1.0,12,9,7,0,7,0,20.867,240.0,99.0,464.0,20.867,4.0,10.98,roster,0,61.0,52.5,0.4621,41.91,3.906,0.525,0.8197,2.9048,45.04,6.08,0.0,10.79,11.6
2024-11-09 18:00:00,18,17,17,0.0,4.0,10.0,3.0,0.0,1.0,3,3,7,0,7,0,21.867,235.0,136.0,524.0,21.867,4.0,10.98,roster,0,52.0,42.5,0.3939,34.73,2.1357,0.425,0.2732,3.0588,36.46,6.08,0.0,12.18,13.1
2024-11-09 19:00:00,19,16,16,0.0,3.0,6.0,7.0,0.0,1.0,8,7,5,1,6,1,12.017,223.5,107.0,360.0,9.733,4.0,10.98,roster,0,44.0,40.0,0.3235,41.3,2.8532,0.4,0.6375,2.75,34.32,5.21,13.4,8.37,9.0
2024-11-09 20:00:00,20,12,12,0.0,3.0,7.0,2.0,0.0,1.0,5,5,3,1,4,1,13.017,144.0,121.0,212.0,3.533,4.0,11.65,roster,0,37.0,30.0,0.2569,27.54,2.2483,0.3,0.4292,3.0833,25.74,3.47,13.4,4.93,5.3
2024-11-09 21:00:00,21,10,10,0.0,3.0,6.0,1.0,0.0,1.0,6,4,2,1,3,1,14.017,122.0,118.0,181.0,3.017,4.0,11.65,roster,0,32.0,25.0,0.2162,21.66,1.8987,0.25,0.3433,3.2,21.45,2.6,13.4,4.21,4.525
2024-11-09 22:00:00,22,11,11,0.0,4.0,6.0,1.0,0.0,1.0,4,4,1,1,2,1,15.017,209.5,178.0,241.0,4.017,3.0,7.78,roster,0,36.0,27.5,0.3158,24.33,2.5826,0.275,0.5141,3.2727,23.6,1.74,13.4,5.6,6.025
2024-11-09 23:00:00,23,10,10,0.0,3.0,6.0,1.0,0.0,1.0,6,5,0,2,2,2,16.017,203.0,105.0,301.0,5.017,3.0,7.78,roster,0,32.0,25.0,0.2807,36.98,2.8566,0.25,0.6427,3.2,21.45,1.74,26.8,7.0,7.525
2024-11-10 00:00:00,0,11,11,0.0,3.0,5.0,3.0,0.0,1.0,6,5,1,2,3,2,17.017,165.0,68.0,361.0,6.017,3.0,7.78,roster,0,33.0,27.5,0.2973,41.39,2.753,0.275,0.6427,3.0,23.6,2.6,26.8,8.39,9.025
2024-11-10 01:00:00,1,14,14,0.0,3.0,8.0,3.0,0.0,1.0,8,6,3,2,5,2,18.017,128.0,107.0,225.0,7.017,3.0,7.78,roster,0,42.0,35.0,0.4,46.4,3.3636,0.35,0.7712,3.0,30.03,4.34,26.8,5.23,5.625
2024-11-10 02:00:00,2,13,13,0.0,3.0,8.0,2.0,0.0,1.0,3,4,5,1,6,1,19.017,165.5,102.0,188.0,4.75,3.0,7.78,roster,0,40.0,32.5,0.3922,30.87,2.582,0.325,0.5141,3.0769,27.88,5.21,13.4,4.37,4.7
2024-11-10 03:00:00,3,11,11,0.0,3.0,6.0,2.0,0.0,1.0,2,2,5,1,6,1,20.017,225.5,162.0,248.0,5.75,3.0,7.78,roster,0,34.0,27.5,0.3333,27.97,1.6446,0.275,0.2571,3.0909,23.6,5.21,13.4,5.77,6.2
2024-11-10 04:00:00,4,11,11,0.0,4.0,6.0,1.0,0.0,1.0,2,2,4,1,5,1,21.017,284.0,222.0,308.0,6.75,3.0,7.78,roster,0,36.0,27.5,0.3429,28.5,1.7413,0.275,0.2571,3.2727,23.6,4.34,13.4,7.16,7.7
2024-11-10 05:00:00,5,15,15,0.0,4.0,10.0,1.0,0.0,1.0,4,4,5,1,6,1,22.017,313.0,240.0,368.0,7.75,3.0,7.78,roster,0,48.0,37.5,0.4706,39.34,2.8452,0.375,0.5141,3.2,32.17,5.21,13.4,8.56,9.2
2024-11-10 06:00:00,6,10,10,0.0,3.0,6.0,1.0,0.0,1.0,1,1,4,1,5,1,23.017,342.0,300.0,428.0,8.75,3.0,7.78,roster,0,32.0,25.0,0.3048,29.14,1.2113,0.25,0.1285,3.2,21.45,4.34,13.4,9.95,10.7
2024-11-10 07:00:00,7,12,12,0.0,3.0,7.0,2.0,0.0,1.0,2,2,4,1,5,1,24.017,402.0,360.0,488.0,9.75,3.0,7.78,roster,0,37.0,30.0,0.3524,34.83,1.7176,0.3,0.2571,3.0833,25.74,4.34,13.4,11.35,12.2
2024-11-10 08:00:00,8,15,15,0.0,4.0,9.0,2.0,0.0,1.0,9,9,4,1,5,1,25.017,462.0,420.0,548.0,10.75,3.0,7.11,roster,0,47.0,37.5,0.4476,42.66,5.1412,0.375,1.2658,3.1333,32.17,4.34,13.4,12.74,13.7
2024-11-10 09:00:00,9,16,16,1.0,4.0,9.0,2.0,0.0,1.0,3,3,8,1,9,1,26.017,355.0,104.0,522.0,11.75,3.0,7.11,roster,0,52.0,40.0,0.5591,47.67,2.6713,0.4,0.4219,3.25,34.32,7.81,13.4,12.14,13.05
2024-11-10 10:00:00,10,21,21,0.0,4.0,15.0,2.0,0.0,1.0,11,10,7,0,7,0,11.133,415.0,159.0,582.0,11.133,4.0,10.36,roster,0,65.0,52.5,0.4924,44.65,4.6127,0.525,0.9653,3.0952,45.04,6.08,0.0,13.53,14.55
2024-11-10 11:00:00,11,27,27,0.0,4.0,22.0,1.0,0.0,1.0,14,12,8,1,9,1,12.133,224.0,184.0,600.0,12.133,4.0,10.36,roster,0,84.0,67.5,0.6774,73.08,5.7036,0.675,1.1583,3.1111,57.92,7.81,13.4,13.95,15.0
2024-11-10 12:00:00,12,29,29,1.0,4.0,23.0,1.0,0.0,1.0,12,10,7,1,8,1,13.133,264.0,178.0,702.0,13.133,4.0,10.36,roster,0,92.0,72.5,0.7188,78.87,5.3622,0.725,0.9653,3.1724,62.2,6.95,13.4,16.32,17.55
2024-11-10 13:00:00,13,30,30,2.0,4.0,23.0,1.0,0.0,1.0,11,9,5,3,8,3,12.7,271.0,218.0,595.0,12.7,4.0,10.36,roster,0,97.0,75.0,0.7578,105.33,5.2339,0.75,0.8687,3.2333,64.35,6.95,40.2,13.83,14.875
2024-11-10 14:00:00,14,30,30,2.0,3.0,24.0,1.0,0.0,1.0,9,8,5,4,9,4,13.7,278.0,166.0,404.0,13.7,4.0,10.36,roster,0,96.0,75.0,0.7742,115.16,4.871,0.75,0.7722,3.2,64.35,7.81,53.6,9.39,10.1
2024-11-10 15:00:00,15,33,33,1.0,6.0,25.0,1.0,0.0,1.0,12,11,7,3,10,3,14.7,284.0,172.0,464.0,14.7,4.0,10.36,roster,0,106.0,82.5,0.8833,110.46,6.0606,0.825,1.0618,3.2121,70.78,8.68,40.2,10.79,11.6
2024-11-10 16:00:00,16,36,36,0.0,9.0,23.0,4.0,0.0,1.0,15,12,9,2,11,2,15.7,286.0,121.0,524.0,15.7,4.0,10.36,roster,0,113.0,90.0,0.9741,105.75,6.4608,0.9,1.1583,3.1389,77.22,9.55,26.8,12.18,13.1
2024-11-10 17:00:00,17,33,33,0.0,9.0,21.0,3.0,0.0,1.0,6,7,11,2,13,2,16.7,292.0,156.0,478.0,16.7,4.0,10.36,roster,0,105.0,82.5,0.9722,99.99,4.7749,0.825,0.6757,3.1818,70.78,11.29,26.8,11.11,11.95
2024-11-10 18:00:00,18,26,26,0.0,7.0,19.0,0.0,0.0,1.0,7,7,11,1,12,1,17.7,303.5,216.0,644.0,17.7,4.0,10.36,roster,0,85.0,65.0,0.7589,74.56,4.3339,0.65,0.6757,3.2692,55.77,10.42,13.4,14.97,16.1
2024-11-10 19:00:00,19,26,26,0.0,6.0,20.0,0.0,0.0,1.0,5,5,11,0,11,0,18.7,315.0,239.0,704.0,18.7,4.0,10.36,roster,0,84.0,65.0,0.7241,61.69,3.6593,0.65,0.4826,3.2308,55.77,9.55,0.0,16.37,17.6
2024-11-10 20:00:00,20,24,24,0.0,4.0,19.0,1.0,0.0,1.0,14,10,9,0,9,0,19.7,472.0,336.0,764.0,19.7,4.0,11.03,roster,0,75.0,60.0,0.6048,57.06,4.7082,0.6,0.9066,3.125,51.48,7.81,0.0,17.76,19.1
2024-11-10 21:00:00,21,24,24,0.0,3.0,19.0,2.0,0.0,1.0,14,12,9,0,9,0,17.917,396.0,192.0,698.0,17.917,4.0,11.03,roster,0,73.0,60.0,0.5887,55.52,5.1342,0.6,1.0879,3.0417,51.48,7.81,0.0,16.23,17.45
2024-11-10 22:00:00,22,20,20,0.0,3.0,17.0,0.0,0.0,1.0,6,6,11,1,12,1,18.917,334.0,135.0,758.0,18.917,3.0,7.78,roster,0,63.0,50.0,0.75,64.34,4.0043,0.5,0.7712,3.15,42.9,10.42,13.4,17.62,18.95
2024-11-10 23:00:00,23,25,25,1.0,4.0,19.0,1.0,0.0,1.0,9,9,11,1,12,1,19.917,394.0,170.0,818.0,19.917,3.0,7.78,roster,0,80.0,62.5,0.9524,76.46,5.7018,0.625,1.1568,3.2,53.62,10.42,13.4,19.02,20.45
2024-11-11 00:00:00,0,21,21,1.0,4.0,15.0,1.0,0.0,1.0,6,3,13,0,13,0,20.917,372.0,168.0,712.0,20.917,3.0,7.78,roster,0,68.0,52.5,0.8395,52.89,2.9486,0.525,0.3856,3.2381,45.04,11.29,0.0,16.55,17.8
2024-11-11 01:00:00,1,18,18,1.0,4.0,13.0,0.0,0.0,1.0,2,1,15,0,15,0,21.917,315.0,175.0,772.0,21.917,3.0,7.78,roster,0,60.0,45.0,0.8,49.58,1.9284,0.45,0.1285,3.3333,38.61,13.02,0.0,17.95,19.3
2024-11-11 02:00:00,2,22,22,1.0,5.0,16.0,0.0,0.0,1.0,6,5,15,1,16,1,22.917,360.5,235.0,832.0,22.917,3.0,7.78,roster,0,73.0,55.0,1.0139,73.83,3.9575,0.55,0.6427,3.3182,47.19,13.89,13.4,19.34,20.8
2024-11-11 03:00:00,3,24,24,1.0,5.0,18.0,0.0,0.0,1.0,2,2,16,1,17,1,23.917,406.0,264.0,756.0,23.917,3.0,7.78,roster,0,79.0,60.0,1.1449,77.22,2.8212,0.6,0.2571,3.2917,51.48,14.76,13.4,17.58,18.9
2024-11-11 04:00:00,4,20,20,0.0,5.0,15.0,0.0,0.0,1.0,1,1,16,0,16,0,24.917,480.5,355.0,952.0,24.917,3.0,7.78,roster,0,65.0,50.0,0.9028,58.93,2.0427,0.5,0.1285,3.25,42.9,13.89,0.0,22.13,23.8
2024-11-11 05:00:00,5,20,20,0.0,4.0,15.0,1.0,0.0,1.0,3,2,16,0,16,0,25.917,540.5,415.0,1012.0,25.917,3.0,7.78,roster,0,63.0,50.0,0.875,60.32,2.3848,0.5,0.2571,3.15,42.9,13.89,0.0,23.53,25.3
2024-11-11 06:00:00,6,19,19,0.0,4.0,13.0,2.0,0.0,1.0,2,2,16,0,16,0,26.917,600.5,475.0,1072.0,26.917,3.0,7.78,roster,0,59.0,47.5,0.8194,59.57,2.2733,0.475,0.2571,3.1053,40.75,13.89,0.0,24.92,26.8
2024-11-11 07:00:00,7,20,20,0.0,4.0,14.0,2.0,0.0,1.0,5,3,16,0,16,0,27.917,660.5,535.0,1132.0,27.917,3.0,7.78,roster,0,62.0,50.0,0.8611,63.11,2.7454,0.5,0.3856,3.1,42.9,13.89,0.0,26.32,28.3
2024-11-11 08:00:00,8,25,25,0.0,6.0,18.0,1.0,0.0,1.0,6,6,17,0,17,0,28.917,706.0,564.0,1056.0,28.917,3.0,7.13,roster,0,80.0,62.5,1.1594,72.94,4.6928,0.625,0.8415,3.2,53.62,14.76,0.0,24.55,26.4
2024-11-11 09:00:00,9,33,33,0.0,7.0,25.0,1.0,0.0,1.0,9,10,19,0,19,0,29.917,708.0,551.0,1116.0,29.917,3.0,7.13,roster,0,105.0,82.5,1.6667,93.23,7.0876,0.825,1.4025,3.1818,70.78,16.5,0.0,25.95,27.9
2024-11-11 10:00:00,10,35,35,0.0,8.0,24.0,3.0,0.0,1.0,10,8,19,1,20,1,30.917,747.0,611.0,1176.0,30.917,4.0,10.83,roster,0,110.0,87.5,1.375,113.18,5.0716,0.875,0.7387,3.1429,75.08,17.37,13.4,27.34,29.4
2024-11-11 11:00:00,11,36,36,4.0,8.0,21.0,3.0,0.0,1.0,10,10,17,1,18,1,31.917,807.0,268.0,1196.0,31.917,4.0,10.83,roster,0,121.0,90.0,1.375,114.06,6.1285,0.9,0.9234,3.3611,77.22,15.63,13.4,27.81,29.9
2024-11-11 12:00:00,12,33,33,4.0,6.0,21.0,2.0,0.0,1.0,5,5,19,1,20,1,26.633,694.0,152.0,975.0,26.633,4.0,10.83,roster,0,111.0,82.5,1.3875,104.22,4.3279,0.825,0.4617,3.3636,70.78,17.37,13.4,22.67,24.375
2024-11-11 13:00:00,13,35,35,4.0,7.0,23.0,1.0,0.0,1.0,7,7,20,1,21,1,27.633,349.0,155.0,948.0,27.633,4.0,10.83,roster,0,119.0,87.5,1.5658,108.75,5.1726,0.875,0.6464,3.4,75.08,18.23,13.4,22.04,23.7
2024-11-11 14:00:00,14,34,34,4.0,6.0,23.0,1.0,0.0,1.0,6,5,21,1,22,1,28.633,352.5,181.0,966.0,28.633,4.0,10.83,roster,0,115.0,85.0,1.5972,107.89,4.4366,0.85,0.4617,3.3824,72.93,19.1,13.4,22.46,24.15
2024-11-11 15:00:00,15,28,28,3.0,3.0,21.0,1.0,0.0,1.0,4,4,15,1,16,1,29.633,263.5,225.0,917.0,29.633,4.0,10.83,roster,0,92.0,70.0,0.9583,88.67,3.5136,0.7,0.3693,3.2857,60.06,13.89,13.4,21.32,22.925
2024-11-11 16:00:00,16,26,26,2.0,5.0,17.0,2.0,0.0,1.0,7,7,11,1,12,1,30.633,296.0,182.0,529.0,30.633,4.0,10.83,roster,0,85.0,65.0,0.7589,71.89,4.2381,0.65,0.6464,3.2692,55.77,10.42,13.4,12.3,13.225
2024-11-11 17:00:00,17,30,30,2.0,7.0,19.0,2.0,0.0,1.0,6,6,12,3,15,3,31.633,249.0,150.0,452.0,31.633,4.0,10.83,roster,0,99.0,75.0,0.99,108.08,4.3033,0.75,0.554,3.3,64.35,13.02,40.2,10.51,11.3
2024-11-11 18:00:00,18,34,34,2.0,7.0,23.0,2.0,0.0,1.0,7,8,15,2,17,2,32.633,302.0,177.0,448.0,32.633,4.0,10.83,roster,0,111.0,85.0,1.2065,104.91,5.1866,0.85,0.7387,3.2647,72.93,14.76,26.8,10.42,11.2
2024-11-11 19:00:00,19,36,36,3.0,6.0,24.0,3.0,0.0,1.0,11,11,16,2,18,2,33.633,338.5,163.0,508.0,33.633,4.0,10.83,roster,0,117.0,90.0,1.3295,111.46,6.226,0.9,1.0157,3.25,77.22,15.63,26.8,11.81,12.7
2024-11-11 20:00:00,20,44,44,3.0,6.0,27.0,8.0,0.0,1.0,12,12,23,2,25,2,34.633,271.0,107.0,531.0,34.633,4.0,10.48,roster,0,136.0,110.0,2.2667,135.23,6.9392,1.1,1.145,3.0909,94.38,21.71,26.8,12.35,13.275
2024-11-11 21:00:00,21,46,46,3.0,6.0,27.0,10.0,0.0,1.0,7,7,25,1,26,1,35.633,278.0,150.0,591.0,35.633,4.0,10.48,roster,0,140.0,115.0,2.5,128.39,5.5329,1.15,0.6679,3.0435,98.67,22.58,13.4,13.74,14.775
2024-11-11 22:00:00,22,43,43,3.0,6.0,29.0,5.0,0.0,1.0,13,12,22,1,23,1,36.633,417.0,227.0,661.0,36.633,3.0,6.78,roster,0,136.0,107.5,2.6667,120.97,8.9979,1.075,1.7699,3.1628,92.24,19.97,13.4,15.37,16.525
2024-11-11 23:00:00,23,41,41,3.0,6.0,27.0,5.0,0.0,1.0,9,7,24,0,24,0,37.633,398.0,270.0,721.0,37.633,3.0,6.78,roster,0,130.0,102.5,2.7083,105.55,6.5236,1.025,1.0324,3.1707,87.94,20.84,0.0,16.76,18.025
2024-11-12 00:00:00,0,44,44,3.0,6.0,30.0,5.0,0.0,1.0,12,10,24,0,24,0,38.633,458.0,330.0,781.0,38.633,3.0,6.78,roster,0,139.0,110.0,2.8958,113.38,8.1344,1.1,1.4749,3.1591,94.38,20.84,0.0,18.16,19.525
2024-11-12 01:00:00,1,37,37,3.0,7.0,23.0,4.0,0.0,1.0,3,3,25,0,25,0,39.633,513.0,380.0,831.0,39.633,3.0,6.78,roster,0,120.0,92.5,2.6667,100.39,4.4351,0.925,0.4425,3.2432,79.36,21.71,0.0,19.32,20.775
2024-11-12 02:00:00,2,40,40,3.0,7.0,26.0,4.0,0.0,1.0,5,4,25,1,26,1,40.633,556.5,433.0,891.0,40.633,3.0,6.78,roster,0,129.0,100.0,3.0714,122.49,5.1277,1.0,0.59,3.225,85.8,22.58,13.4,20.72,22.275
2024-11-12 03:00:00,3,40,40,3.0,7.0,25.0,5.0,0.0,1.0,6,4,25,1,26,1,41.633,616.5,493.0,951.0,41.633,3.0,6.78,roster,0,128.0,100.0,3.0476,123.89,5.0879,1.0,0.59,3.2,85.8,22.58,13.4,22.11,23.775
2024-11-12 04:00:00,4,44,44,3.0,9.0,28.0,4.0,0.0,1.0,7,7,25,1,26,1,42.633,676.5,553.0,1011.0,42.633,3.0,6.78,roster,0,143.0,110.0,3.4048,133.86,6.9305,1.1,1.0324,3.25,94.38,22.58,13.4,23.51,25.275
2024-11-12 05:00:00,5,38,38,3.0,9.0,23.0,3.0,0.0,1.0,0,0,27,1,28,1,43.633,718.5,603.0,1071.0,43.633,3.0,6.78,roster,0,126.0,95.0,3.5,124.12,3.15,0.95,0.0,3.3158,81.51,24.31,13.4,24.9,26.775
2024-11-12 06:00:00,6,43,43,3.0,8.0,29.0,3.0,0.0,1.0,6,6,27,1,28,1,44.633,778.5,663.0,1131.0,44.633,3.0,6.78,roster,0,140.0,107.5,3.8889,136.24,6.3813,1.075,0.885,3.2558,92.24,24.31,13.4,26.3,28.275
2024-11-12 07:00:00,7,41,41,3.0,8.0,27.0,3.0,0.0,1.0,3,3,27,1,28,1,45.633,838.5,723.0,1191.0,45.633,3.0,6.78,roster,0,134.0,102.5,3.7222,133.35,4.7961,1.025,0.4425,3.2683,87.94,24.31,13.4,27.69,29.775
2024-11-12 08:00:00,8,40,40,3.0,8.0,26.0,3.0,0.0,1.0,1,1,28,1,29,1,46.633,897.0,727.0,1149.0,46.633,3.0,6.68,roster,0,131.0,100.0,3.9697,131.1,3.7653,1.0,0.1497,3.275,85.8,25.18,13.4,26.71,28.725
2024-11-12 09:00:00,9,38,38,3.0,7.0,26.0,2.0,0.0,1.0,3,3,27,1,28,1,47.633,948.0,787.0,1311.0,47.633,3.0,6.68,roster,0,125.0,95.0,3.4722,129.7,4.6023,0.95,0.4491,3.2895,81.51,24.31,13.4,30.48,32.775
2024-11-12 10:00:00,10,45,45,3.0,9.0,30.0,3.0,0.0,1.0,12,12,26,1,27,1,48.633,930.0,629.0,1262.0,48.633,4.0,9.93,roster,0,147.0,112.5,2.8269,142.71,7.6226,1.125,1.2085,3.2667,96.52,23.44,13.4,29.34,31.55
2024-11-12 11:00:00,11,54,54,3.0,11.0,35.0,5.0,0.0,1.0,11,11,30,1,31,1,49.633,973.0,278.0,1275.0,49.633,4.0,9.93,roster,0,174.0,135.0,4.8333,165.79,7.9194,1.35,1.1078,3.2222,115.83,26.92,13.4,29.64,31.875
2024-11-12 12:00:00,12,54,54,5.0,12.0,32.0,5.0,0.0,1.0,9,9,30,1,31,1,28.817,781.0,171.0,1137.0,28.817,4.0,9.93,roster,0,179.0,135.0,4.9722,162.58,7.4794,1.35,0.9063,3.3148,115.83,26.92,13.4,26.44,28.425
2024-11-12 13:00:00,13,61,61,6.0,12.0,39.0,4.0,0.0,1.0,13,13,31,2,33,2,27.533,398.0,174.0,1100.0,27.533,4.0,9.93,roster,0,203.0,152.5,7.25,191.87,9.4317,1.525,1.3092,3.3279,130.84,28.65,26.8,25.58,27.5
2024-11-12 14:00:00,14,53,53,4.0,12.0,33.0,4.0,0.0,1.0,5,6,28,5,33,5,22.95,261.0,136.0,806.0,22.95,4.0,9.93,roster,0,175.0,132.5,6.25,208.08,6.3701,1.325,0.6042,3.3019,113.68,28.65,67.0,18.74,20.15
2024-11-12 15:00:00,15,53,53,2.0,11.0,37.0,3.0,0.0,1.0,7,6,27,2,29,2,23.95,321.0,196.0,961.0,23.95,4.0,9.93,roster,0,171.0,132.5,3.8864,168.01,6.2245,1.325,0.6042,3.2264,113.68,25.18,26.8,22.34,24.025
2024-11-12 16:00:00,16,46,46,2.0,9.0,32.0,3.0,0.0,1.0,4,4,26,2,28,2,24.95,344.5,229.0,778.0,24.95,4.0,9.93,roster,0,148.0,115.0,3.0833,147.87,4.996,1.15,0.4028,3.2174,98.67,24.31,26.8,18.09,19.45
2024-11-12 17:00:00,17,47,47,1.0,9.0,34.0,3.0,0.0,1.0,5,5,26,2,28,2,25.95,394.0,285.0,501.0,25.95,4.0,9.93,roster,0,149.0,117.5,3.1042,143.58,5.3213,1.175,0.5035,3.1702,100.82,24.31,26.8,11.65,12.525
2024-11-12 18:00:00,18,54,54,0.0,10.0,39.0,5.0,0.0,1.0,13,12,25,2,27,2,26.95,453.0,337.0,536.0,26.95,4.0,9.93,roster,0,167.0,135.0,3.2115,158.54,7.9123,1.35,1.2085,3.0926,115.83,23.44,26.8,12.46,13.4
2024-11-12 19:00:00,19,56,56,0.0,8.0,43.0,5.0,0.0,1.0,9,9,27,2,29,2,27.95,460.0,297.0,591.0,27.95,4.0,9.93,roster,0,171.0,140.0,3.8864,165.84,7.0426,1.4,0.9063,3.0536,120.12,25.18,26.8,13.74,14.775
2024-11-12 20:00:00,20,57,57,0.0,10.0,42.0,5.0,0.0,1.0,12,13,28,1,29,1,28.95,496.0,312.0,643.0,28.95,4.0,11.0,roster,0,176.0,142.5,4.0,155.8,8.0491,1.425,1.1818,3.0877,122.26,25.18,13.4,14.95,16.075
2024-11-12 21:00:00,21,55,55,0.0,10.0,41.0,4.0,0.0,1.0,9,8,30,1,31,1,29.95,543.0,267.0,703.0,29.95,4.0,11.0,roster,0,171.0,137.5,4.75,154.64,6.5362,1.375,0.7273,3.1091,117.98,26.92,13.4,16.34,17.575
2024-11-12 22:00:00,22,52,52,0.0,9.0,38.0,5.0,0.0,1.0,8,8,32,1,33,1,30.95,589.0,277.0,741.0,30.95,3.0,7.75,roster,0,160.0,130.0,7.619,150.82,7.1762,1.3,1.0323,3.0769,111.54,28.65,13.4,17.23,18.525
2024-11-12 23:00:00,23,51,51,0.0,9.0,39.0,3.0,0.0,1.0,7,6,32,1,33,1,31.95,649.0,337.0,801.0,31.95,3.0,7.75,roster,0,159.0,127.5,7.5714,150.07,6.3887,1.275,0.7742,3.1176,109.39,28.65,13.4,18.62,20.025
2024-11-13 00:00:00,0,47,47,0.0,8.0,36.0,3.0,0.0,1.0,3,3,33,1,34,1,32.95,707.0,390.0,861.0,32.95,3.0,7.75,roster,0,146.0,117.5,8.1111,143.76,4.8525,1.175,0.3871,3.1064,100.82,29.52,13.4,20.02,21.525
2024-11-13 01:00:00,1,45,45,1.0,9.0,32.0,3.0,0.0,1.0,7,6,31,1,32,1,33.95,776.0,507.0,943.0,33.95,3.0,7.75,roster,0,143.0,112.5,5.9583,139.64,6.0352,1.125,0.7742,3.1778,96.52,27.79,13.4,21.92,23.575
2024-11-13 02:00:00,2,43,43,2.0,9.0,29.0,3.0,0.0,1.0,5,4,32,1,33,1,34.95,829.0,517.0,981.0,34.95,3.0,7.75,roster,0,139.0,107.5,6.619,137.1,5.1434,1.075,0.5161,3.2326,92.24,28.65,13.4,22.81,24.525
2024-11-13 03:00:00,3,46,46,2.0,9.0,30.0,5.0,0.0,1.0,5,5,32,1,33,1,35.95,889.0,577.0,1041.0,35.95,3.0,7.75,roster,0,146.0,115.0,6.9524,144.93,5.6977,1.15,0.6452,3.1739,98.67,28.65,13.4,24.2,26.025
2024-11-13 04:00:00,4,45,45,1.0,9.0,31.0,4.0,0.0,1.0,4,4,33,1,34,1,36.95,947.0,630.0,1101.0,36.95,3.0,7.75,roster,0,142.0,112.5,7.8889,145.05,5.1787,1.125,0.5161,3.1556,96.52,29.52,13.4,25.6,27.525
2024-11-13 05:00:00,5,43,43,1.0,10.0,29.0,3.0,0.0,1.0,2,1,34,1,35,1,37.95,1005.0,666.0,1161.0,37.95,3.0,7.75,roster,0,138.0,107.5,9.2,143.02,3.8641,1.075,0.129,3.2093,92.24,30.39,13.4,26.99,29.025
2024-11-13 06:00:00,6,43,43,1.0,9.0,30.0,3.0,0.0,1.0,2,2,34,1,35,1,38.95,1065.0,726.0,1221.0,38.95,3.0,7.75,roster,0,137.0,107.5,9.1333,144.41,4.2472,1.075,0.2581,3.186,92.24,30.39,13.4,28.39,30.525
2024-11-13 07:00:00,7,44,44,1.0,9.0,31.0,3.0,0.0,1.0,2,2,34,1,35,1,39.95,1125.0,786.0,1281.0,39.95,3.0,7.75,roster,0,140.0,110.0,9.3333,147.95,4.3211,1.1,0.2581,3.1818,94.38,30.39,13.4,29.78,32.025
2024-11-13 08:00:00,8,45,45,1.0,8.0,31.0,5.0,0.0,1.0,6,3,35,0,35,0,40.95,1185.0,805.0,1341.0,40.95,3.0,6.4,roster,0,140.0,112.5,9.3333,138.09,4.9583,1.125,0.4688,3.1111,96.52,30.39,0.0,31.18,33.525
2024-11-13 09:00:00,9,55,55,1.0,9.0,39.0,6.0,0.0,1.0,12,12,36,0,36,0,41.95,1241.0,865.0,1401.0,41.95,3.0,6.4,roster,0,170.0,137.5,14.1667,161.81,10.0455,1.375,1.875,3.0909,117.98,31.26,0.0,32.57,35.025
2024-11-13 10:00:00,10,53,53,2.0,8.0,39.0,4.0,0.0,1.0,5,5,35,0,35,0,42.95,1152.0,874.0,1434.0,42.95,4.0,9.72,roster,0,167.0,132.5,8.35,157.42,5.7959,1.325,0.5144,3.1509,113.68,30.39,0.0,33.34,35.85
2024-11-13 11:00:00,11,48,48,2.0,7.0,36.0,3.0,0.0,1.0,5,5,35,0,35,0,43.95,1107.0,643.0,1473.0,43.95,4.0,9.72,roster,0,152.0,120.0,7.6,147.6,5.4289,1.2,0.5144,3.1667,102.96,30.39,0.0,34.25,36.825
2024-11-13 12:00:00,12,44,44,2.0,5.0,34.0,3.0,0.0,1.0,6,6,29,0,29,0,44.95,1110.0,703.0,1480.0,44.95,4.0,9.72,roster,0,138.0,110.0,3.1364,133.97,5.386,1.1,0.6173,3.1364,94.38,25.18,0.0,34.41,37.0
2024-11-13 13:00:00,13,37,37,2.0,5.0,28.0,2.0,0.0,1.0,1,1,28,0,28,0,45.95,1173.5,763.0,1593.0,45.95,4.0,9.72,roster,0,118.0,92.5,2.4583,120.71,3.2781,0.925,0.1029,3.1892,79.36,24.31,0.0,37.04,39.825
2024-11-13 14:00:00,14,39,39,2.0,4.0,31.0,2.0,0.0,1.0,9,8,25,0,25,0,46.95,1206.0,717.0,1600.0,46.95,4.0,9.72,roster,0,123.0,97.5,2.05,122.56,5.6708,0.975,0.823,3.1538,83.66,21.71,0.0,37.2,40.0
2024-11-13 15:00:00,15,37,37,2.0,3.0,26.0,5.0,1.0,1.0,7,7,22,0,22,0,41.55,1218.0,504.0,1397.0,41.55,4.0,9.72,roster,0,111.0,92.5,1.5417,110.95,4.9355,0.925,0.7202,3.0,79.36,19.1,0.0,32.48,34.925
2024-11-13 16:00:00,16,39,39,2.0,3.0,29.0,5.0,0.0,1.0,6,5,24,1,25,1,42.55,1241.0,375.0,1407.0,42.55,4.0,9.72,roster,0,119.0,97.5,1.9833,131.48,4.5446,0.975,0.5144,3.0513,83.66,21.71,13.4,32.71,35.175
2024-11-13 17:00:00,17,41,41,2.0,5.0,28.0,6.0,0.0,1.0,9,9,24,1,25,1,30.9,1228.0,422.0,1417.0,30.9,4.0,9.72,roster,0,126.0,102.5,2.1,136.0,5.9955,1.025,0.9259,3.0732,87.94,21.71,13.4,32.95,35.425
2024-11-13 18:00:00,18,40,40,2.0,6.0,28.0,4.0,0.0,1.0,9,10,24,1,25,1,31.9,1063.0,316.0,1470.0,31.9,4.0,9.72,roster,0,126.0,100.0,2.1,135.09,6.3907,1.0,1.0288,3.15,85.8,21.71,13.4,34.18,36.75
2024-11-13 19:00:00,19,37,37,3.0,5.0,25.0,4.0,0.0,1.0,6,7,23,1,24,1,32.9,1235.5,542.0,1537.0,32.9,4.0,9.72,roster,0,118.0,92.5,1.8438,129.34,5.2467,0.925,0.7202,3.1892,79.36,20.84,13.4,35.74,38.425
2024-11-13 20:00:00,20,42,42,3.0,6.0,30.0,3.0,0.0,1.0,9,8,23,3,26,3,33.9,1095.0,279.0,1590.0,33.9,4.0,10.42,roster,0,135.0,105.0,2.4107,169.83,5.8428,1.05,0.7678,3.2143,90.09,22.58,40.2,36.97,39.75
2024-11-13 21:00:00,21,44,44,3.0,7.0,33.0,1.0,0.0,1.0,8,7,23,3,26,3,34.9,1155.0,339.0,1650.0,34.9,4.0,10.42,roster,0,144.0,110.0,2.5714,175.52,5.7986,1.1,0.6718,3.2727,94.38,22.58,40.2,38.36,41.25
2024-11-13 22:00:00,22,40,40,3.0,7.0,29.0,1.0,0.0,1.0,6,4,24,3,27,3,35.9,1127.0,324.0,1710.0,35.9,3.0,7.1,roster,0,132.0,100.0,3.3846,169.2,5.1592,1.0,0.5634,3.3,85.8,23.44,40.2,39.76,42.75
2024-11-13 23:00:00,23,45,45,2.0,8.0,33.0,2.0,0.0,1.0,10,7,24,2,26,2,36.9,1275.0,459.0,1770.0,36.9,3.0,7.1,roster,0,145.0,112.5,3.4524,167.05,6.8018,1.125,0.9859,3.2222,96.52,22.58,26.8,41.15,44.25
2024-11-14 00:00:00,0,38,38,2.0,8.0,26.0,2.0,0.0,1.0,5,3,23,2,25,2,37.9,1423.0,519.0,1830.0,37.9,3.0,7.1,roster,0,124.0,95.0,2.7556,152.57,4.4788,0.95,0.4225,3.2632,81.51,21.71,26.8,42.55,45.75
2024-11-14 01:00:00,1,39,39,2.0,7.0,28.0,2.0,0.0,1.0,3,2,23,2,25,2,38.9,1483.0,579.0,1890.0,38.9,3.0,7.1,roster,0,126.0,97.5,2.8,156.11,4.0601,0.975,0.2817,3.2308,83.66,21.71,26.8,43.94,47.25
2024-11-14 02:00:00,2,38,38,2.0,7.0,26.0,3.0,0.0,1.0,7,6,23,2,25,2,39.9,1543.0,639.0,1950.0,39.9,3.0,7.1,roster,0,122.0,95.0,2.7111,155.36,5.7631,0.95,0.8451,3.2105,81.51,21.71,26.8,45.34,48.75
2024-11-14 03:00:00,3,41,41,2.0,9.0,27.0,3.0,0.0,1.0,6,5,24,2,26,2,40.9,1515.0,624.0,2010.0,40.9,3.0,7.1,roster,0,133.0,102.5,3.1667,164.05,5.6094,1.025,0.7042,3.2439,87.94,22.58,26.8,46.73,50.25
2024-11-14 04:00:00,4,36,36,3.0,7.0,25.0,1.0,0.0,1.0,2,2,24,1,25,1,41.9,1663.0,759.0,2070.0,41.9,3.0,7.1,roster,0,120.0,90.0,2.6667,140.46,3.939,0.9,0.2817,3.3333,77.22,21.71,13.4,48.13,51.75
2024-11-14 05:00:00,5,34,34,3.0,5.0,25.0,1.0,0.0,1.0,2,2,25,0,25,0,42.9,1723.0,819.0,2130.0,42.9,3.0,7.1,roster,0,112.0,85.0,2.4889,124.16,3.7279,0.85,0.2817,3.2941,72.93,21.71,0.0,49.52,53.25
2024-11-14 06:00:00,6,34,34,3.0,5.0,25.0,1.0,0.0,1.0,1,1,26,0,26,0,43.9,1695.0,804.0,2190.0,43.9,3.0,7.1,roster,0,112.0,85.0,2.6667,126.42,3.264,0.85,0.1408,3.2941,72.93,22.58,0.0,50.92,54.75
2024-11-14 07:00:00,7,32,32,3.0,5.0,24.0,0.0,0.0,1.0,1,0,26,0,26,0,44.9,1755.0,864.0,2250.0,44.9,3.0,7.1,roster,0,107.0,80.0,2.5476,123.53,2.675,0.8,0.0,3.3438,68.64,22.58,0.0,52.31,56.25
2024-11-14 08:00:00,8,37,37,4.0,5.0,25.0,2.0,1.0,1.0,6,6,26,0,26,0,45.9,1815.0,924.0,2310.0,45.9,3.0,8.69,roster,0,120.0,92.5,2.8571,135.65,5.2393,0.925,0.6904,3.2432,79.36,22.58,0.0,53.71,57.75
2024-11-14 09:00:00,9,45,45,3.0,7.0,28.0,7.0,0.0,1.0,12,11,25,0,25,0,46.9,1787.0,984.0,2370.0,46.9,3.0,8.69,roster,0,141.0,112.5,3.1333,153.34,7.4912,1.125,1.2658,3.1333,96.52,21.71,0.0,55.1,59.25
2024-11-14 10:00:00,10,45,45,2.0,7.0,30.0,6.0,0.0,1.0,8,9,25,0,25,0,47.9,1538.0,927.0,2406.0,47.9,4.0,12.01,roster,0,140.0,112.5,2.3333,154.17,5.8314,1.125,0.7494,3.1111,96.52,21.71,0.0,55.94,60.15
2024-11-14 11:00:00,11,44,44,2.0,7.0,30.0,5.0,0.0,1.0,8,8,25,0,25,0,48.9,1515.0,861.0,2466.0,48.9,4.0,12.01,roster,0,138.0,110.0,2.3,153.42,5.5392,1.1,0.6661,3.1364,94.38,21.71,0.0,57.33,61.65
2024-11-14 12:00:00,12,50,50,3.0,8.0,30.0,9.0,0.0,1.0,14,14,25,0,25,0,49.9,1562.0,450.0,2485.0,49.9,4.0,12.01,roster,0,155.0,125.0,2.5833,166.73,7.4887,1.25,1.1657,3.1,107.25,21.71,0.0,57.78,62.125
2024-11-14 13:00:00,13,51,51,3.0,8.0,32.0,7.0,1.0,1.0,10,10,27,0,27,0,50.9,1107.0,173.0,2428.0,50.9,4.0,12.01,roster,0,158.0,127.5,3.0385,169.29,6.5295,1.275,0.8326,3.098,109.39,23.44,0.0,56.45,60.7
2024-11-14 14:00:00,14,48,48,4.0,9.0,29.0,6.0,0.0,1.0,11,10,21,0,21,0,49.75,272.0,157.0,1695.0,49.75,4.0,12.01,roster,0,155.0,120.0,2.0395,140.6,6.5637,1.2,0.8326,3.2292,102.96,18.23,0.0,39.41,42.375
2024-11-14 15:00:00,15,42,42,5.0,8.0,26.0,3.0,0.0,1.0,7,6,20,1,21,1,46.45,293.0,182.0,1344.0,46.45,4.0,12.01,roster,0,141.0,105.0,1.8553,132.97,5.2022,1.05,0.4996,3.3571,90.09,18.23,13.4,31.25,33.6
2024-11-14 16:00:00,16,34,34,4.0,8.0,20.0,2.0,0.0,1.0,4,3,19,1,20,1,46.1,323.5,224.0,1404.0,46.1,4.0,12.01,roster,0,116.0,85.0,1.45,116.34,3.7522,0.85,0.2498,3.4118,72.93,17.37,13.4,32.64,35.1
2024-11-14 17:00:00,17,35,35,5.0,7.0,21.0,2.0,0.0,1.0,6,6,20,1,21,1,47.1,354.0,267.0,1221.0,47.1,4.0,12.01,roster,0,120.0,87.5,1.5789,115.1,4.7129,0.875,0.4996,3.4286,75.08,18.23,13.4,28.39,30.525
2024-11-14 18:00:00,18,35,35,5.0,7.0,20.0,3.0,0.0,1.0,7,6,22,0,22,0,48.1,398.5,280.0,1281.0,48.1,4.0,12.01,roster,0,119.0,87.5,1.6528,103.96,4.6736,0.875,0.4996,3.4,75.08,19.1,0.0,29.78,32.025
2024-11-14 19:00:00,19,35,35,4.0,6.0,20.0,5.0,0.0,1.0,9,7,21,0,21,0,49.1,443.0,340.0,901.0,49.1,4.0,12.01,roster,0,114.0,87.5,1.5,94.26,4.7484,0.875,0.5828,3.2571,75.08,18.23,0.0,20.95,22.525
2024-11-14 20:00:00,20,37,37,4.0,6.0,25.0,2.0,0.0,1.0,8,8,22,1,23,1,50.1,485.0,317.0,961.0,50.1,4.0,10.69,roster,0,123.0,92.5,1.8088,115.08,5.5628,0.925,0.7484,3.3243,79.36,19.97,13.4,22.34,24.025
2024-11-14 21:00:00,21,40,40,4.0,7.0,27.0,2.0,0.0,1.0,10,8,25,1,26,1,51.1,524.5,224.0,692.0,51.1,4.0,10.69,roster,0,133.0,100.0,2.375,117.86,5.8133,1.0,0.7484,3.325,85.8,22.58,13.4,16.09,17.3
2024-11-14 22:00:00,22,42,42,4.0,7.0,29.0,2.0,0.0,1.0,10,10,25,1,26,1,49.467,543.5,227.0,744.0,49.467,3.0,7.37,roster,0,139.0,105.0,3.3095,123.36,7.9655,1.05,1.3569,3.3095,90.09,22.58,13.4,17.3,18.6
2024-11-14 23:00:00,23,48,48,4.0,6.0,33.0,5.0,0.0,1.0,12,11,24,2,26,2,50.467,485.5,214.0,804.0,50.467,3.0,7.37,roster,0,153.0,120.0,3.6429,151.03,8.5825,1.2,1.4925,3.1875,102.96,22.58,26.8,18.69,20.1
2024-11-15 00:00:00,0,43,43,4.0,5.0,31.0,3.0,0.0,1.0,7,6,26,2,28,2,51.467,486.0,271.0,864.0,51.467,3.0,7.37,roster,0,139.0,107.5,3.8611,143.44,6.1067,1.075,0.8141,3.2326,92.24,24.31,26.8,20.09,21.6
2024-11-15 01:00:00,1,43,43,4.0,5.0,31.0,3.0,0.0,1.0,6,5,26,2,28,2,52.467,546.0,331.0,924.0,52.467,3.0,7.37,roster,0,139.0,107.5,3.8611,144.83,5.6681,1.075,0.6784,3.2326,92.24,24.31,26.8,21.48,23.1
2024-11-15 02:00:00,2,44,44,5.0,5.0,30.0,4.0,0.0,1.0,7,6,26,1,27,1,53.467,654.0,388.0,984.0,53.467,3.0,7.37,roster,0,143.0,110.0,3.6667,134.1,6.2209,1.1,0.8141,3.25,94.38,23.44,13.4,22.88,24.6
2024-11-15 03:00:00,3,44,44,5.0,6.0,30.0,3.0,0.0,1.0,4,5,26,1,27,1,54.467,714.0,448.0,1044.0,54.467,3.0,7.37,roster,0,145.0,110.0,3.7179,135.5,5.8607,1.1,0.6784,3.2955,94.38,23.44,13.4,24.27,26.1
2024-11-15 04:00:00,4,42,42,5.0,6.0,29.0,2.0,0.0,1.0,4,4,26,1,27,1,55.467,774.0,508.0,1104.0,55.467,3.0,7.37,roster,0,140.0,105.0,3.5897,132.6,5.3091,1.05,0.5427,3.3333,90.09,23.44,13.4,25.67,27.6
2024-11-15 05:00:00,5,41,41,4.0,6.0,29.0,2.0,0.0,1.0,1,1,26,0,26,0,56.467,845.5,571.0,1164.0,56.467,3.0,7.37,roster,0,135.0,102.5,3.2143,117.58,3.8218,1.025,0.1357,3.2927,87.94,22.58,0.0,27.06,29.1
2024-11-15 06:00:00,6,38,38,4.0,7.0,25.0,2.0,0.0,1.0,3,3,27,0,27,0,57.467,894.0,628.0,1224.0,57.467,3.0,7.37,roster,0,127.0,95.0,3.2564,113.41,4.5354,0.95,0.4071,3.3421,81.51,23.44,0.0,28.46,30.6
2024-11-15 07:00:00,7,39,39,4.0,6.0,25.0,4.0,0.0,1.0,3,3,28,0,28,0,58.467,906.0,688.0,1284.0,58.467,3.0,7.37,roster,0,127.0,97.5,3.5278,117.82,4.5005,0.975,0.4071,3.2564,83.66,24.31,0.0,29.85,32.1
2024-11-15 08:00:00,8,37,37,3.0,6.0,24.0,4.0,0.0,1.0,2,2,27,0,27,0,59.467,1014.0,748.0,1344.0,59.467,3.0,7.21,roster,0,119.0,92.5,3.0513,114.06,3.8672,0.925,0.2774,3.2162,79.36,23.44,0.0,31.25,33.6
2024-11-15 09:00:00,9,41,41,3.0,7.0,27.0,4.0,0.0,1.0,6,7,26,0,26,0,60.467,1026.0,808.0,1404.0,60.467,3.0,7.21,roster,0,132.0,102.5,3.1429,123.16,6.4257,1.025,0.9709,3.2195,87.94,22.58,0.0,32.64,35.1
2024-11-15 10:00:00,10,41,41,4.0,6.0,28.0,3.0,0.0,1.0,8,8,25,0,25,0,61.467,1038.0,868.0,1433.0,61.467,4.0,10.91,roster,0,134.0,102.5,2.2333,122.97,5.7465,1.025,0.7333,3.2683,87.94,21.71,0.0,33.32,35.825
2024-11-15 11:00:00,11,40,40,2.0,8.0,28.0,2.0,0.0,1.0,11,9,21,0,21,0,62.467,939.0,762.0,1434.0,62.467,4.0,10.91,roster,0,130.0,100.0,1.7105,117.37,5.931,1.0,0.8249,3.25,85.8,18.23,0.0,33.34,35.85
2024-11-15 12:00:00,12,37,37,2.0,9.0,23.0,3.0,0.0,1.0,9,8,18,1,19,1,63.467,988.0,380.0,1553.0,63.467,4.0,10.91,roster,0,121.0,92.5,1.4405,125.37,5.423,0.925,0.7333,3.2703,79.36,16.5,13.4,36.11,38.825
2024-11-15 13:00:00,13,40,40,3.0,10.0,24.0,3.0,0.0,1.0,10,10,18,1,19,1,64.467,1048.0,228.0,1613.0,64.467,4.0,10.91,roster,0,133.0,100.0,1.5833,133.2,6.3727,1.0,0.9166,3.325,85.8,16.5,13.4,37.5,40.325
2024-11-15 14:00:00,14,39,39,2.0,9.0,23.0,4.0,1.0,1.0,10,7,19,1,20,1,28.4,259.0,107.0,1111.0,28.4,4.0,10.91,roster,0,124.0,97.5,1.55,120.25,5.14,0.975,0.6416,3.1795,83.66,17.37,13.4,25.83,27.775
2024-11-15 15:00:00,15,32,32,1.0,10.0,19.0,2.0,0.0,1.0,9,6,16,1,17,1,29.4,240.0,140.0,653.0,29.4,4.0,10.91,roster,0,106.0,80.0,1.1522,91.98,4.4717,0.8,0.55,3.3125,68.64,14.76,13.4,15.18,16.325
2024-11-15 16:00:00,16,35,35,1.0,7.0,25.0,2.0,0.0,1.0,7,8,17,0,17,0,30.4,260.0,189.0,620.0,30.4,4.0,10.91,roster,0,112.0,87.5,1.2174,84.25,5.1465,0.875,0.7333,3.2,75.08,14.76,0.0,14.42,15.5
2024-11-15 17:00:00,17,38,38,1.0,8.0,27.0,2.0,0.0,1.0,8,8,20,0,20,0,31.4,273.5,141.0,680.0,31.4,4.0,10.91,roster,0,122.0,95.0,1.525,94.69,5.4042,0.95,0.7333,3.2105,81.51,17.37,0.0,15.81,17.0
2024-11-15 18:00:00,18,46,46,1.0,9.0,34.0,2.0,0.0,1.0,10,10,21,0,21,0,32.4,320.0,189.0,528.0,32.4,4.0,10.91,roster,0,147.0,115.0,1.9342,109.18,6.6041,1.15,0.9166,3.1957,98.67,18.23,0.0,12.28,13.2
2024-11-15 19:00:00,19,43,43,0.0,9.0,32.0,2.0,0.0,1.0,6,6,23,0,23,0,33.4,377.0,226.0,588.0,33.4,4.0,10.91,roster,0,136.0,107.5,2.0,105.88,5.1394,1.075,0.55,3.1628,92.24,19.97,0.0,13.67,14.7
2024-11-15 20:00:00,20,42,42,0.0,9.0,30.0,3.0,0.0,1.0,11,11,20,0,20,0,34.4,433.0,286.0,540.0,34.4,4.0,10.06,roster,0,132.0,105.0,1.65,100.01,6.7365,1.05,1.0934,3.1429,90.09,17.37,0.0,12.56,13.5
2024-11-15 21:00:00,21,52,52,1.0,10.0,38.0,3.0,0.0,1.0,18,18,18,0,18,0,25.467,439.0,337.0,571.0,25.467,4.0,10.06,roster,0,165.0,130.0,1.875,120.45,9.8025,1.3,1.7893,3.1731,111.54,15.63,0.0,13.28,14.275
2024-11-15 22:00:00,22,48,48,1.0,10.0,35.0,2.0,0.0,1.0,8,7,19,0,19,0,26.467,441.0,389.0,631.0,26.467,3.0,6.36,roster,0,154.0,120.0,2.4444,114.13,7.3812,1.2,1.1006,3.2083,102.96,16.5,0.0,14.67,15.775
2024-11-15 23:00:00,23,57,57,2.0,11.0,42.0,2.0,0.0,1.0,14,13,20,0,20,0,27.467,495.0,449.0,691.0,27.467,3.0,6.36,roster,0,184.0,142.5,3.0667,135.7,11.1983,1.425,2.044,3.2281,122.26,17.37,0.0,16.07,17.275
2024-11-16 00:00:00,0,55,55,2.0,10.0,41.0,2.0,0.0,1.0,5,5,21,0,21,0,28.467,549.0,469.0,740.0,28.467,3.0,6.36,roster,0,177.0,137.5,3.1053,133.41,6.955,1.375,0.7862,3.2182,117.98,18.23,0.0,17.21,18.5
2024-11-16 01:00:00,1,48,48,2.0,10.0,33.0,3.0,0.0,1.0,6,5,23,0,23,0,29.467,600.0,407.0,800.0,29.467,3.0,6.36,roster,0,155.0,120.0,3.0392,121.53,6.4137,1.2,0.7862,3.2292,102.96,19.97,0.0,18.6,20.0
2024-11-16 02:00:00,2,38,38,1.0,10.0,25.0,2.0,0.0,1.0,1,1,24,1,25,1,30.467,646.0,352.0,827.0,30.467,3.0,6.36,roster,0,124.0,95.0,2.7556,115.85,3.6131,0.95,0.1572,3.2632,81.51,21.71,13.4,19.23,20.675
2024-11-16 03:00:00,3,36,36,1.0,9.0,24.0,2.0,0.0,1.0,3,2,24,1,25,1,31.467,706.0,412.0,887.0,31.467,3.0,6.36,roster,0,117.0,90.0,2.6,112.95,3.947,0.9,0.3145,3.25,77.22,21.71,13.4,20.62,22.175
2024-11-16 04:00:00,4,36,36,1.0,8.0,24.0,3.0,0.0,1.0,3,3,23,1,24,1,32.467,773.0,587.0,980.0,32.467,3.0,6.36,roster,0,115.0,90.0,2.3958,114.24,4.3818,0.9,0.4717,3.1944,77.22,20.84,13.4,22.78,24.5
2024-11-16 05:00:00,5,32,32,1.0,8.0,22.0,1.0,0.0,1.0,2,1,23,1,24,1,33.467,833.0,647.0,1040.0,33.467,3.0,6.36,roster,0,105.0,80.0,2.1875,107.06,3.1409,0.8,0.1572,3.2812,68.64,20.84,13.4,24.18,26.0
2024-11-16 06:00:00,6,31,31,1.0,8.0,21.0,1.0,0.0,1.0,2,2,23,1,24,1,34.467,893.0,707.0,1100.0,34.467,3.0,6.36,roster,0,102.0,77.5,2.125,106.31,3.5847,0.775,0.3145,3.2903,66.5,20.84,13.4,25.58,27.5
2024-11-16 07:00:00,7,34,34,1.0,8.0,24.0,1.0,0.0,1.0,4,4,25,1,26,1,35.467,941.5,575.0,1127.0,35.467,3.0,6.36,roster,0,111.0,85.0,2.6429,115.11,4.8283,0.85,0.6289,3.2647,72.93,22.58,13.4,26.2,28.175
2024-11-16 08:00:00,8,33,33,1.0,7.0,24.0,1.0,0.0,1.0,4,4,25,0,25,0,36.467,1006.0,712.0,1187.0,36.467,3.0,6.6,roster,0,107.0,82.5,2.3778,100.09,4.6401,0.825,0.6061,3.2424,70.78,21.71,0.0,27.6,29.675
2024-11-16 09:00:00,9,35,35,2.0,7.0,25.0,1.0,0.0,1.0,3,3,25,1,26,1,37.467,1053.0,606.0,1247.0,37.467,3.0,6.6,roster,0,115.0,87.5,2.7381,120.04,4.3685,0.875,0.4545,3.2857,75.08,22.58,13.4,28.99,31.175
2024-11-16 10:00:00,10,40,40,2.0,10.0,26.0,2.0,0.0,1.0,10,10,23,1,24,1,38.467,1054.0,620.0,1307.0,38.467,4.0,10.47,roster,0,132.0,100.0,2.0625,130.43,6.4519,1.0,0.9551,3.3,85.8,20.84,13.4,30.39,32.675
2024-11-16 11:00:00,11,35,35,1.0,9.0,25.0,0.0,0.0,1.0,8,7,20,1,21,1,39.467,892.0,347.0,1186.0,39.467,4.0,10.47,roster,0,116.0,87.5,1.5263,114.28,5.1159,0.875,0.6686,3.3143,75.08,18.23,13.4,27.57,29.65
2024-11-16 12:00:00,12,31,31,1.0,6.0,24.0,0.0,0.0,1.0,7,7,19,1,20,1,40.467,555.0,173.0,1067.0,40.467,4.0,10.47,roster,0,101.0,77.5,1.2625,102.07,4.7033,0.775,0.6686,3.2581,66.5,17.37,13.4,24.81,26.675
2024-11-16 13:00:00,13,29,29,2.0,4.0,23.0,0.0,0.0,1.0,8,7,15,1,16,1,41.467,316.0,175.0,1012.0,41.467,4.0,10.47,roster,0,95.0,72.5,0.9896,93.03,4.5652,0.725,0.6686,3.2759,62.2,13.89,13.4,23.53,25.3
2024-11-16 14:00:00,14,26,26,1.0,2.0,22.0,1.0,0.0,1.0,9,9,8,1,9,1,13.717,228.0,175.0,367.0,13.717,4.0,10.47,roster,0,81.0,65.0,0.6532,65.52,4.703,0.65,0.8596,3.1154,55.77,7.81,13.4,8.53,9.175
2024-11-16 15:00:00,15,30,30,0.0,5.0,25.0,0.0,0.0,1.0,12,12,8,0,8,0,6.7,204.0,129.0,288.0,5.883,4.0,10.47,roster,0,95.0,75.0,0.7422,57.99,6.0044,0.75,1.1461,3.1667,64.35,6.95,0.0,6.7,7.2
2024-11-16 16:00:00,16,28,28,1.0,6.0,21.0,0.0,0.0,1.0,6,6,10,0,10,0,7.7,183.5,104.0,295.0,5.8,4.0,10.47,roster,0,92.0,70.0,0.7667,55.6,4.1829,0.7,0.5731,3.2857,60.06,8.68,0.0,6.86,7.375
2024-11-16 17:00:00,17,29,29,1.0,6.0,21.0,1.0,0.0,1.0,7,7,9,1,10,1,8.7,235.5,131.0,293.0,6.0,4.0,10.47,roster,0,94.0,72.5,0.7833,71.1,4.5171,0.725,0.6686,3.2414,62.2,8.68,13.4,6.81,7.325
2024-11-16 18:00:00,18,27,27,1.0,5.0,20.0,1.0,0.0,1.0,5,4,7,2,9,2,9.7,224.0,180.0,353.0,7.0,4.0,10.47,roster,0,87.0,67.5,0.7016,80.74,3.406,0.675,0.382,3.2222,57.92,7.81,26.8,8.21,8.825
2024-11-16 19:00:00,19,24,24,0.0,5.0,19.0,0.0,0.0,1.0,9,9,6,1,7,1,10.7,251.0,155.0,475.0,8.0,4.0,10.47,roster,0,77.0,60.0,0.5833,62.0,4.6829,0.6,0.8596,3.2083,51.48,6.08,13.4,11.04,11.875
2024-11-16 20:00:00,20,25,25,1.0,4.0,20.0,0.0,0.0,1.0,8,7,8,0,8,0,11.7,210.0,74.0,413.0,9.0,4.0,11.55,roster,0,81.0,62.5,0.6328,50.17,3.9886,0.625,0.6061,3.24,53.62,6.95,0.0,9.6,10.325
2024-11-16 21:00:00,21,24,24,2.0,3.0,19.0,0.0,0.0,1.0,9,7,10,0,10,0,12.7,131.5,87.0,371.0,10.0,4.0,11.55,roster,0,79.0,60.0,0.6583,48.79,3.9699,0.6,0.6061,3.2917,51.48,8.68,0.0,8.63,9.275
2024-11-16 22:00:00,22,21,21,2.0,2.0,17.0,0.0,0.0,1.0,6,4,10,0,10,0,13.7,166.0,122.0,431.0,11.0,3.0,7.68,roster,0,69.0,52.5,0.7667,43.75,3.4363,0.525,0.5208,3.2857,45.04,8.68,0.0,10.02,10.775
2024-11-16 23:00:00,23,21,21,2.0,2.0,17.0,0.0,0.0,1.0,5,3,10,1,11,1,14.7,207.0,167.0,491.0,12.0,3.0,7.68,roster,0,69.0,52.5,0.7931,59.41,3.0085,0.525,0.3906,3.2857,45.04,9.55,13.4,11.42,12.275
2024-11-17 00:00:00,0,19,19,2.0,3.0,14.0,0.0,0.0,1.0,7,5,10,1,11,1,13.0,250.0,223.0,314.0,13.0,3.0,7.68,roster,0,64.0,47.5,0.7356,51.01,3.793,0.475,0.651,3.3684,40.75,9.55,13.4,7.3,7.85
2024-11-17 01:00:00,1,20,20,2.0,3.0,14.0,1.0,0.0,1.0,5,3,10,1,11,1,14.0,310.0,283.0,374.0,14.0,3.0,7.68,roster,0,66.0,50.0,0.7586,54.55,2.9391,0.5,0.3906,3.3,42.9,9.55,13.4,8.7,9.35
2024-11-17 02:00:00,2,24,24,2.0,4.0,16.0,2.0,0.0,1.0,6,6,10,1,11,1,15.0,370.0,343.0,434.0,15.0,3.0,7.68,roster,0,78.0,60.0,0.8966,64.52,4.4891,0.6,0.7812,3.25,51.48,9.55,13.4,10.09,10.85
2024-11-17 03:00:00,3,23,23,2.0,4.0,14.0,3.0,0.0,1.0,4,4,10,1,11,1,16.0,430.0,403.0,494.0,16.0,3.0,7.68,roster,0,74.0,57.5,0.8506,63.77,3.5257,0.575,0.5208,3.2174,49.33,9.55,13.4,11.49,12.35
2024-11-17 04:00:00,4,22,22,2.0,4.0,15.0,1.0,0.0,1.0,4,3,10,1,11,1,17.0,490.0,463.0,554.0,17.0,3.0,7.68,roster,0,73.0,55.0,0.8391,63.02,3.1212,0.55,0.3906,3.3182,47.19,9.55,13.4,12.88,13.85
2024-11-17 05:00:00,5,19,19,2.0,3.0,14.0,0.0,0.0,1.0,0,0,10,1,11,1,18.0,550.0,523.0,614.0,18.0,3.0,7.68,roster,0,64.0,47.5,0.7356,57.98,1.6,0.475,0.0,3.3684,40.75,9.55,13.4,14.28,15.35
2024-11-17 06:00:00,6,22,22,2.0,3.0,17.0,0.0,0.0,1.0,4,3,10,1,11,1,19.0,610.0,583.0,674.0,19.0,3.0,7.68,roster,0,73.0,55.0,0.8391,65.81,3.1212,0.55,0.3906,3.3182,47.19,9.55,13.4,15.67,16.85
2024-11-17 07:00:00,7,21,21,2.0,4.0,15.0,0.0,0.0,1.0,2,2,10,1,11,1,20.0,670.0,643.0,734.0,20.0,3.0,7.68,roster,0,71.0,52.5,0.8161,65.06,2.6555,0.525,0.2604,3.381,45.04,9.55,13.4,17.07,18.35
2024-11-17 08:00:00,8,21,21,2.0,4.0,15.0,0.0,0.0,1.0,3,3,12,1,13,1,21.0,722.0,649.0,785.0,21.0,3.0,7.73,roster,0,71.0,52.5,0.8765,67.98,3.0871,0.525,0.3881,3.381,45.04,11.29,13.4,18.25,19.625
2024-11-17 09:00:00,9,25,25,2.0,5.0,15.0,3.0,0.0,1.0,7,6,11,1,12,1,22.0,774.5,709.0,854.0,22.0,3.0,7.73,roster,0,81.0,62.5,0.9643,77.3,4.5399,0.625,0.7762,3.24,53.62,10.42,13.4,19.86,21.35
2024-11-17 10:00:00,10,31,31,2.0,4.0,21.0,4.0,0.0,1.0,13,11,11,1,12,1,23.0,825.0,533.0,914.0,23.0,4.0,10.98,roster,0,97.0,77.5,0.8661,91.57,5.5597,0.775,1.0018,3.129,66.5,10.42,13.4,21.25,22.85
2024-11-17 11:00:00,11,33,33,3.0,4.0,16.0,10.0,0.0,1.0,16,15,8,1,9,1,20.183,887.0,829.0,927.0,20.183,4.0,10.98,roster,0,99.0,82.5,0.7984,93.55,6.5734,0.825,1.3661,3.0,70.78,7.81,13.4,21.55,23.175
2024-11-17 12:00:00,12,30,30,2.0,3.0,19.0,6.0,0.0,1.0,10,10,9,0,9,0,19.817,653.0,95.0,947.0,17.233,4.0,10.98,roster,0,91.0,75.0,0.7339,74.18,5.0376,0.75,0.9107,3.0333,64.35,7.81,0.0,22.02,23.675
2024-11-17 13:00:00,13,31,31,2.0,2.0,22.0,5.0,0.0,1.0,11,11,12,0,12,0,20.817,148.0,104.0,1007.0,18.233,4.0,10.98,roster,0,94.0,77.5,0.8393,80.33,5.3878,0.775,1.0018,3.0323,66.5,10.42,0.0,23.41,25.175
2024-11-17 14:00:00,14,31,31,2.0,2.0,20.0,7.0,0.0,1.0,6,6,15,0,15,0,21.817,192.0,103.0,1063.0,19.233,4.0,10.98,roster,0,92.0,77.5,0.92,84.23,3.9217,0.775,0.5464,2.9677,66.5,13.02,0.0,24.71,26.575
2024-11-17 15:00:00,15,29,29,2.0,3.0,18.0,5.0,1.0,1.0,10,8,15,0,15,0,22.817,189.0,128.0,275.0,19.45,4.0,10.98,roster,0,87.0,72.5,0.87,61.62,4.3608,0.725,0.7286,3.0,62.2,13.02,0.0,6.39,6.875
2024-11-17 16:00:00,16,29,29,2.0,5.0,18.0,3.0,1.0,1.0,6,5,17,0,17,0,23.817,245.0,167.0,321.0,20.45,4.0,10.98,roster,0,91.0,72.5,0.9891,64.43,3.7039,0.725,0.4554,3.1379,62.2,14.76,0.0,7.46,8.025
2024-11-17 17:00:00,17,31,31,2.0,5.0,22.0,2.0,0.0,1.0,8,7,18,0,18,0,24.817,294.0,206.0,381.0,21.45,4.0,10.98,roster,0,100.0,77.5,1.1364,70.98,4.5565,0.775,0.6375,3.2258,66.5,15.63,0.0,8.86,9.525
2024-11-17 18:00:00,18,32,32,2.0,7.0,22.0,1.0,0.0,1.0,10,8,17,0,17,0,25.817,365.0,266.0,441.0,22.45,4.0,10.98,roster,0,106.0,80.0,1.1522,73.65,5.0635,0.8,0.7286,3.3125,68.64,14.76,0.0,10.25,11.025
2024-11-17 19:00:00,19,39,39,2.0,7.0,28.0,2.0,0.0,1.0,14,12,19,0,19,0,26.817,403.0,267.0,501.0,23.45,4.0,10.98,roster,0,126.0,97.5,1.5,91.8,6.6809,0.975,1.0929,3.2308,83.66,16.5,0.0,11.65,12.525
2024-11-17 20:00:00,20,45,45,2.0,9.0,33.0,1.0,0.0,1.0,9,10,24,0,24,0,27.817,396.5,179.0,552.0,24.45,4.0,10.26,roster,0,147.0,112.5,2.2969,110.2,6.8589,1.125,0.9747,3.2667,96.52,20.84,0.0,12.83,13.8
2024-11-17 21:00:00,21,45,45,2.0,10.0,28.0,4.0,1.0,1.0,8,8,24,0,24,0,28.817,456.5,229.0,612.0,25.45,4.0,10.26,roster,0,143.0,112.5,2.2344,111.59,6.0528,1.125,0.7797,3.1778,96.52,20.84,0.0,14.23,15.3
2024-11-17 22:00:00,22,40,40,3.0,10.0,25.0,2.0,0.0,1.0,9,8,25,1,26,1,29.817,485.0,212.0,611.0,26.45,3.0,7.01,roster,0,134.0,100.0,3.1905,115.98,7.1731,1.0,1.1412,3.35,85.8,22.58,13.4,14.21,15.275
2024-11-17 23:00:00,23,34,34,3.0,8.0,21.0,2.0,0.0,1.0,6,6,24,1,25,1,30.817,566.0,272.0,671.0,27.45,3.0,7.01,roster,0,114.0,85.0,2.5333,103.64,5.7198,0.85,0.8559,3.3529,72.93,21.71,13.4,15.6,16.775
2024-11-18 00:00:00,0,35,35,3.0,7.0,23.0,2.0,0.0,1.0,9,7,24,0,24,0,31.817,636.5,409.0,792.0,28.45,3.0,7.01,roster,0,116.0,87.5,2.4167,94.33,6.2096,0.875,0.9986,3.3143,75.08,20.84,0.0,18.41,19.8
2024-11-18 01:00:00,1,34,34,3.0,7.0,21.0,3.0,0.0,1.0,3,3,26,0,26,0,29.45,665.0,388.0,791.0,29.45,3.0,7.01,roster,0,112.0,85.0,2.6667,93.9,4.2098,0.85,0.428,3.2941,72.93,22.58,0.0,18.39,19.775
2024-11-18 02:00:00,2,35,35,3.0,7.0,22.0,3.0,0.0,1.0,4,4,26,0,26,0,30.45,725.0,448.0,851.0,30.45,3.0,7.01,roster,0,115.0,87.5,2.7381,97.44,4.7499,0.875,0.5706,3.2857,75.08,22.58,0.0,19.79,21.275
2024-11-18 03:00:00,3,32,32,3.0,7.0,20.0,2.0,0.0,1.0,1,1,26,0,26,0,31.45,785.0,508.0,911.0,31.45,3.0,7.01,roster,0,107.0,80.0,2.5476,92.4,3.152,0.8,0.1427,3.3438,68.64,22.58,0.0,21.18,22.775
2024-11-18 04:00:00,4,33,33,3.0,7.0,22.0,1.0,0.0,1.0,2,2,26,0,26,0,32.45,845.0,568.0,971.0,32.45,3.0,7.01,roster,0,111.0,82.5,2.6429,95.94,3.7347,0.825,0.2853,3.3636,70.78,22.58,0.0,22.58,24.275
2024-11-18 05:00:00,5,34,34,3.0,7.0,23.0,1.0,0.0,1.0,2,2,26,0,26,0,33.45,905.0,628.0,1031.0,33.45,3.0,7.01,roster,0,114.0,85.0,2.7143,99.48,3.8066,0.85,0.2853,3.3529,72.93,22.58,0.0,23.97,25.775
2024-11-18 06:00:00,6,38,38,3.0,8.0,26.0,1.0,0.0,1.0,5,5,26,0,26,0,34.45,965.0,688.0,1091.0,34.45,3.0,7.01,roster,0,127.0,95.0,3.0238,109.45,5.5588,0.95,0.7133,3.3421,81.51,22.58,0.0,25.37,27.275
2024-11-18 07:00:00,7,39,39,3.0,7.0,28.0,1.0,0.0,1.0,6,5,26,0,26,0,35.45,1025.0,748.0,1151.0,35.45,3.0,7.01,roster,0,129.0,97.5,3.0714,112.99,5.5843,0.975,0.7133,3.3077,83.66,22.58,0.0,26.76,28.775
2024-11-18 08:00:00,8,45,45,3.0,7.0,34.0,1.0,0.0,1.0,8,8,27,0,27,0,36.45,1064.0,795.0,1211.0,36.45,3.0,6.6,roster,0,147.0,112.5,3.7692,128.13,7.6346,1.125,1.2121,3.2667,96.52,23.44,0.0,28.16,30.275
2024-11-18 09:00:00,9,46,46,3.0,7.0,31.0,5.0,0.0,1.0,7,6,26,0,26,0,37.45,1089.5,803.0,1269.0,37.45,3.0,6.6,roster,0,146.0,115.0,3.4762,130.75,6.5354,1.15,0.9091,3.1739,98.67,22.58,0.0,29.5,31.725
2024-11-18 10:00:00,10,54,54,3.0,8.0,36.0,7.0,0.0,1.0,15,14,26,0,26,0,38.45,1149.5,863.0,1329.0,38.45,4.0,9.69,roster,0,169.0,135.0,3.0179,149.31,8.7467,1.35,1.4448,3.1296,115.83,22.58,0.0,30.9,33.225
2024-11-18 11:00:00,11,53,53,3.0,7.0,39.0,4.0,0.0,1.0,13,12,24,0,24,0,39.45,1092.0,837.0,1389.0,39.45,4.0,9.69,roster,0,168.0,132.5,2.625,146.82,8.1255,1.325,1.2384,3.1698,113.68,20.84,0.0,32.29,34.725
2024-11-18 12:00:00,12,43,43,4.0,6.0,30.0,3.0,0.0,1.0,7,7,26,0,26,0,40.45,1041.5,124.0,1445.0,40.45,4.0,9.69,roster,0,140.0,107.5,2.5,128.41,5.852,1.075,0.7224,3.2558,92.24,22.58,0.0,33.6,36.125
2024-11-18 13:00:00,13,43,43,3.0,6.0,33.0,1.0,0.0,1.0,4,4,26,0,26,0,41.45,1069.0,177.0,1483.0,41.45,4.0,9.69,roster,0,140.0,107.5,2.5,129.29,4.844,1.075,0.4128,3.2558,92.24,22.58,0.0,34.48,37.075
2024-11-18 14:00:00,14,41,41,3.0,5.0,32.0,1.0,0.0,1.0,9,9,20,0,20,0,27.583,668.5,220.0,1407.0,27.583,4.0,9.69,roster,0,133.0,102.5,1.6625,118.02,6.3379,1.025,0.9288,3.2439,87.94,17.37,0.0,32.71,35.175
2024-11-18 15:00:00,15,43,43,3.0,6.0,33.0,1.0,0.0,1.0,6,6,23,1,24,1,28.583,300.5,242.0,1228.0,28.583,4.0,9.69,roster,0,140.0,107.5,2.1875,135.03,5.516,1.075,0.6192,3.2558,92.24,20.84,13.4,28.55,30.7
2024-11-18 16:00:00,16,42,42,2.0,6.0,34.0,0.0,0.0,1.0,11,10,21,0,21,0,28.15,332.0,176.0,571.0,28.15,4.0,9.69,roster,0,136.0,105.0,1.7895,101.6,6.7417,1.05,1.032,3.2381,90.09,18.23,0.0,13.28,14.275
2024-11-18 17:00:00,17,43,43,2.0,7.0,34.0,0.0,0.0,1.0,6,6,23,0,23,0,29.15,368.0,156.0,631.0,29.15,4.0,9.69,roster,0,140.0,107.5,2.0588,106.88,5.516,1.075,0.6192,3.2558,92.24,19.97,0.0,14.67,15.775
2024-11-18 18:00:00,18,41,41,1.0,8.0,32.0,0.0,0.0,1.0,8,6,26,1,27,1,30.15,419.0,179.0,484.0,30.15,4.0,9.69,roster,0,133.0,102.5,2.5577,116.04,5.3336,1.025,0.6192,3.2439,87.94,23.44,13.4,11.25,12.1
2024-11-18 19:00:00,19,44,44,2.0,9.0,33.0,0.0,0.0,1.0,8,8,27,1,28,1,31.15,417.5,217.0,544.0,31.15,4.0,9.69,roster,0,145.0,110.0,3.0208,124.74,6.3457,1.1,0.8256,3.2955,94.38,24.31,13.4,12.65,13.6
2024-11-18 20:00:00,20,46,46,2.0,11.0,33.0,0.0,0.0,1.0,9,8,30,2,32,2,29.45,361.0,195.0,580.0,29.45,4.0,10.77,roster,0,153.0,115.0,4.7812,146.74,6.2956,1.15,0.7428,3.3261,98.67,27.79,26.8,13.49,14.5
2024-11-18 21:00:00,21,45,45,1.0,10.0,34.0,0.0,0.0,1.0,5,5,32,1,33,1,30.45,396.0,252.0,632.0,30.45,4.0,10.77,roster,0,147.0,112.5,5.25,133.27,5.1916,1.125,0.4643,3.2667,96.52,28.65,13.4,14.69,15.8
2024-11-18 22:00:00,22,45,45,1.0,10.0,34.0,0.0,0.0,1.0,5,5,32,1,33,1,31.45,456.0,271.0,692.0,31.45,3.0,7.68,roster,0,147.0,112.5,7.0,134.67,5.8017,1.125,0.651,3.2667,96.52,28.65,13.4,16.09,17.3
2024-11-18 23:00:00,23,50,50,1.0,10.0,38.0,1.0,0.0,1.0,10,10,32,1,33,1,32.45,516.0,331.0,752.0,32.45,3.0,7.68,roster,0,161.0,125.0,7.6667,146.79,8.2177,1.25,1.3021,3.22,107.25,28.65,13.4,17.48,18.8
2024-11-19 00:00:00,0,50,50,1.0,10.0,39.0,0.0,0.0,1.0,5,3,34,1,35,1,33.45,573.0,348.0,812.0,33.45,3.0,7.68,roster,0,162.0,125.0,10.8,149.92,5.3156,1.25,0.3906,3.24,107.25,30.39,13.4,18.88,20.3
2024-11-19 01:00:00,1,45,45,1.0,8.0,32.0,4.0,0.0,1.0,6,5,34,1,35,1,34.45,633.0,408.0,872.0,34.45,3.0,7.68,roster,0,141.0,112.5,9.4,140.59,5.5649,1.125,0.651,3.1333,96.52,30.39,13.4,20.27,21.8
2024-11-19 02:00:00,2,44,44,1.0,8.0,33.0,1.0,1.0,1.0,8,5,34,1,35,1,35.45,693.0,468.0,932.0,35.45,3.0,7.68,roster,0,139.0,110.0,9.2667,139.84,5.5317,1.1,0.651,3.1591,94.38,30.39,13.4,21.67,23.3
2024-11-19 03:00:00,3,42,42,1.0,8.0,32.0,1.0,0.0,1.0,1,1,36,1,37,1,36.45,723.0,516.0,976.0,36.45,3.0,7.68,roster,0,135.0,105.0,15.0,138.31,3.7935,1.05,0.1302,3.2143,90.09,32.13,13.4,22.69,24.4
2024-11-19 04:00:00,4,45,45,1.0,8.0,34.0,2.0,0.0,1.0,3,3,36,1,37,1,37.45,783.0,576.0,1036.0,37.45,3.0,7.68,roster,0,143.0,112.5,15.8889,146.14,4.8163,1.125,0.3906,3.1778,96.52,32.13,13.4,24.09,25.9
2024-11-19 05:00:00,5,45,45,1.0,8.0,34.0,2.0,0.0,1.0,2,2,36,1,37,1,38.45,843.0,636.0,1096.0,38.45,3.0,7.68,roster,0,143.0,112.5,15.8889,147.53,4.4025,1.125,0.2604,3.1778,96.52,32.13,13.4,25.48,27.4
2024-11-19 06:00:00,6,45,45,1.0,8.0,34.0,2.0,0.0,1.0,1,1,37,1,38,1,39.45,877.0,694.0,1156.0,39.45,3.0,7.68,roster,0,143.0,112.5,23.8333,149.8,3.9888,1.125,0.1302,3.1778,96.52,33.0,13.4,26.88,28.9
2024-11-19 07:00:00,7,46,46,1.0,8.0,37.0,0.0,0.0,1.0,3,3,37,1,38,1,40.45,937.0,754.0,1216.0,40.45,3.0,7.68,roster,0,148.0,115.0,24.6667,153.34,4.9568,1.15,0.3906,3.2174,98.67,33.0,13.4,28.27,30.4
2024-11-19 08:00:00,8,46,46,2.0,8.0,36.0,0.0,0.0,1.0,2,1,38,1,39,1,41.45,971.0,749.0,1276.0,41.45,3.0,6.62,roster,0,150.0,115.0,50.0,155.6,4.2426,1.15,0.1511,3.2609,98.67,33.86,13.4,29.67,31.9
2024-11-19 09:00:00,9,48,48,1.0,8.0,37.0,2.0,0.0,1.0,6,6,36,1,37,1,42.45,1017.0,809.0,1322.0,42.45,3.0,6.62,roster,0,152.0,120.0,16.8889,159.22,6.6701,1.2,0.9063,3.1667,102.96,32.13,13.4,30.74,33.05
2024-11-19 10:00:00,10,45,45,1.0,7.0,36.0,1.0,0.0,1.0,5,3,33,1,34,1,43.45,1052.0,792.0,1379.0,43.45,4.0,9.96,roster,0,143.0,112.5,5.9583,151.51,4.5322,1.125,0.3012,3.1778,96.52,29.52,13.4,32.06,34.475
2024-11-19 11:00:00,11,47,47,0.0,6.0,39.0,2.0,0.0,1.0,12,12,28,1,29,1,40.467,1095.0,852.0,1316.0,40.467,4.0,9.96,roster,0,145.0,117.5,3.2955,149.99,7.342,1.175,1.2048,3.0851,100.82,25.18,13.4,30.6,32.9
2024-11-19 12:00:00,12,42,42,0.0,5.0,35.0,2.0,0.0,1.0,9,9,25,0,25,0,41.467,1111.0,882.0,1357.0,41.467,4.0,9.96,roster,0,129.0,105.0,2.15,123.35,6.0004,1.05,0.9036,3.0714,90.09,21.71,0.0,31.55,33.925
2024-11-19 13:00:00,13,43,43,1.0,6.0,32.0,4.0,0.0,1.0,11,11,26,0,26,0,42.467,1010.5,296.0,1353.0,42.467,4.0,9.96,roster,0,133.0,107.5,2.375,126.27,6.741,1.075,1.1044,3.093,92.24,22.58,0.0,31.46,33.825
2024-11-19 14:00:00,14,37,37,1.0,5.0,27.0,4.0,0.0,1.0,7,7,21,0,21,0,26.983,773.0,137.0,1231.0,26.983,4.0,9.96,roster,0,114.0,92.5,1.5,106.22,5.0154,0.925,0.7028,3.0811,79.36,18.23,0.0,28.62,30.775
2024-11-19 15:00:00,15,36,36,1.0,5.0,27.0,3.0,0.0,1.0,9,9,15,0,15,0,27.983,833.0,186.0,1236.0,27.983,4.0,9.96,roster,0,112.0,90.0,1.12,98.98,5.6112,0.9,0.9036,3.1111,77.22,13.02,0.0,28.74,30.9
2024-11-19 16:00:00,16,37,37,2.0,2.0,27.0,6.0,0.0,1.0,10,10,14,0,14,0,26.817,297.5,225.0,1122.0,22.517,4.0,9.96,roster,0,111.0,92.5,1.0673,97.61,5.787,0.925,1.004,3.0,79.36,12.16,0.0,26.09,28.05
2024-11-19 17:00:00,17,30,30,2.0,3.0,23.0,2.0,0.0,1.0,5,5,13,0,13,0,27.817,320.0,276.0,1182.0,23.517,4.0,9.96,roster,0,95.0,75.0,0.8796,83.12,3.9647,0.75,0.502,3.1667,64.35,11.29,0.0,27.48,29.55
2024-11-19 18:00:00,18,35,35,2.0,5.0,25.0,3.0,0.0,1.0,8,9,14,1,15,1,24.517,366.0,194.0,1242.0,24.517,4.0,9.96,roster,0,111.0,87.5,1.11,110.38,5.6407,0.875,0.9036,3.1714,75.08,13.02,13.4,28.88,31.05
2024-11-19 19:00:00,19,26,26,2.0,3.0,21.0,0.0,0.0,1.0,4,4,16,1,17,1,25.517,405.0,239.0,1073.0,25.517,4.0,9.96,roster,0,85.0,65.0,0.9239,88.88,3.4379,0.65,0.4016,3.2692,55.77,14.76,13.4,24.95,26.825
2024-11-19 20:00:00,20,31,31,2.0,5.0,24.0,0.0,0.0,1.0,7,6,17,1,18,1,26.517,460.5,203.0,1133.0,26.517,4.0,10.29,roster,0,102.0,77.5,1.1591,101.87,4.4686,0.775,0.5831,3.2903,66.5,15.63,13.4,26.34,28.325
2024-11-19 21:00:00,21,35,35,2.0,5.0,28.0,0.0,0.0,1.0,11,9,20,1,21,1,27.517,511.0,216.0,635.0,27.517,4.0,10.29,roster,0,114.0,87.5,1.5,101.47,5.6988,0.875,0.8746,3.2571,75.08,18.23,13.4,14.76,15.875
2024-11-19 22:00:00,22,36,36,3.0,4.0,27.0,2.0,0.0,1.0,8,7,20,1,21,1,28.517,571.0,276.0,695.0,28.517,3.0,6.95,roster,0,116.0,90.0,2.0351,105.01,6.1454,0.9,1.0072,3.2222,77.22,18.23,13.4,16.16,17.375
2024-11-19 23:00:00,23,32,32,2.0,4.0,26.0,0.0,0.0,1.0,3,3,22,1,23,1,29.517,494.0,221.0,755.0,29.517,3.0,6.95,roster,0,104.0,80.0,2.0392,99.56,4.0029,0.8,0.4317,3.25,68.64,19.97,13.4,17.55,18.875
2024-11-20 00:00:00,0,32,32,2.0,3.0,27.0,0.0,0.0,1.0,4,3,24,0,24,0,30.517,546.5,268.0,815.0,30.517,3.0,6.95,roster,0,103.0,80.0,2.1458,88.43,3.9644,0.8,0.4317,3.2188,68.64,20.84,0.0,18.95,20.375
2024-11-20 01:00:00,1,32,32,2.0,3.0,26.0,1.0,0.0,1.0,7,5,23,0,23,0,31.517,614.0,328.0,875.0,31.517,3.0,6.95,roster,0,102.0,80.0,2.0,88.95,4.8432,0.8,0.7194,3.1875,68.64,19.97,0.0,20.34,21.875
2024-11-20 02:00:00,2,31,31,2.0,3.0,24.0,2.0,0.0,1.0,3,3,24,0,24,0,32.517,666.5,388.0,935.0,32.517,3.0,6.95,roster,0,98.0,77.5,2.0417,89.07,3.8146,0.775,0.4317,3.1613,66.5,20.84,0.0,21.74,23.375
2024-11-20 03:00:00,3,31,31,2.0,6.0,22.0,1.0,0.0,1.0,3,3,23,0,23,0,33.517,734.0,448.0,995.0,33.517,3.0,6.95,roster,0,102.0,77.5,2.0,89.6,3.9703,0.775,0.4317,3.2903,66.5,19.97,0.0,23.13,24.875
2024-11-20 04:00:00,4,30,30,2.0,6.0,22.0,0.0,0.0,1.0,3,3,25,0,25,0,34.517,779.0,472.0,980.0,34.517,3.0,6.95,roster,0,100.0,75.0,2.2222,88.84,3.9388,0.75,0.4317,3.3333,64.35,21.71,0.0,22.78,24.5
2024-11-20 05:00:00,5,30,30,2.0,6.0,22.0,0.0,0.0,1.0,1,1,25,0,25,0,35.517,839.0,532.0,1040.0,35.517,3.0,6.95,roster,0,100.0,75.0,2.2222,90.24,2.9796,0.75,0.1439,3.3333,64.35,21.71,0.0,24.18,26.0
2024-11-20 06:00:00,6,28,28,2.0,6.0,20.0,0.0,0.0,1.0,0,0,25,0,25,0,36.517,899.0,592.0,1100.0,36.517,3.0,6.95,roster,0,94.0,70.0,2.0889,87.34,2.35,0.7,0.0,3.3571,60.06,21.71,0.0,25.58,27.5
2024-11-20 07:00:00,7,28,28,2.0,6.0,19.0,1.0,0.0,1.0,2,2,25,0,25,0,37.517,959.0,652.0,1160.0,37.517,3.0,6.95,roster,0,93.0,70.0,2.0667,88.74,3.2808,0.7,0.2878,3.3214,60.06,21.71,0.0,26.97,29.0
2024-11-20 08:00:00,8,29,29,2.0,5.0,20.0,2.0,0.0,1.0,2,2,25,0,25,0,38.517,1019.0,712.0,1220.0,38.517,3.0,6.96,roster,0,94.0,72.5,2.0889,92.28,3.2814,0.725,0.2874,3.2414,62.2,21.71,0.0,28.36,30.5
2024-11-20 09:00:00,9,30,30,2.0,5.0,22.0,1.0,0.0,1.0,5,5,23,0,23,0,39.517,983.0,715.0,1266.0,39.517,3.0,6.96,roster,0,98.0,75.0,1.9216,93.76,4.7967,0.75,0.7184,3.2667,64.35,19.97,0.0,29.43,31.65
2024-11-20 10:00:00,10,37,37,2.0,8.0,25.0,2.0,0.0,1.0,10,10,23,0,23,0,40.517,1043.0,757.0,1326.0,40.517,4.0,10.66,roster,0,121.0,92.5,1.7794,110.17,6.0928,0.925,0.9381,3.2703,79.36,19.97,0.0,30.83,33.15
2024-11-20 11:00:00,11,37,37,3.0,8.0,24.0,2.0,0.0,1.0,9,9,18,0,18,0,37.7,946.5,728.0,1356.0,37.7,4.0,10.66,roster,0,123.0,92.5,1.3977,106.52,5.8817,0.925,0.8443,3.3243,79.36,15.63,0.0,31.53,33.9
2024-11-20 12:00:00,12,34,34,2.0,7.0,24.0,1.0,0.0,1.0,5,5,19,0,19,0,38.7,877.0,193.0,1416.0,38.7,4.0,10.66,roster,0,112.0,85.0,1.3333,102.35,4.3451,0.85,0.469,3.2941,72.93,16.5,0.0,32.92,35.4
2024-11-20 13:00:00,13,35,35,2.0,9.0,21.0,3.0,0.0,1.0,10,9,15,0,15,0,39.7,627.0,177.0,1476.0,39.7,4.0,10.66,roster,0,115.0,87.5,1.15,102.42,5.6491,0.875,0.8443,3.2857,75.08,13.02,0.0,34.32,36.9
2024-11-20 14:00:00,14,31,31,1.0,5.0,23.0,2.0,0.0,1.0,10,9,9,2,11,2,25.75,237.0,117.0,674.0,25.75,4.0,10.66,roster,0,98.0,77.5,0.8448,98.52,5.119,0.775,0.8443,3.1613,66.5,9.55,26.8,15.67,16.85
2024-11-20 15:00:00,15,25,25,0.0,5.0,18.0,2.0,0.0,1.0,6,6,9,1,10,1,19.683,175.5,113.0,339.0,19.683,4.0,10.66,roster,0,78.0,62.5,0.65,63.59,3.7061,0.625,0.5629,3.12,53.62,8.68,13.4,7.88,8.475
2024-11-20 16:00:00,16,22,22,0.0,3.0,18.0,1.0,0.0,1.0,6,5,7,1,8,1,20.683,225.5,173.0,433.0,20.683,4.0,10.66,roster,0,68.0,55.0,0.5312,57.6,3.1498,0.55,0.469,3.0909,47.19,6.95,13.4,10.07,10.825
2024-11-20 17:00:00,17,28,28,1.0,3.0,19.0,5.0,0.0,1.0,12,10,7,1,8,1,21.683,247.0,215.0,417.0,21.683,4.0,10.66,roster,0,84.0,70.0,0.6562,70.1,4.9143,0.7,0.9381,3.0,60.06,6.95,13.4,9.7,10.425
2024-11-20 18:00:00,18,24,24,1.0,4.0,17.0,2.0,0.0,1.0,5,4,6,2,8,2,22.683,307.0,206.0,477.0,22.683,4.0,10.66,roster,0,76.0,60.0,0.5938,76.32,3.0882,0.6,0.3752,3.1667,51.48,6.95,26.8,11.09,11.925
2024-11-20 19:00:00,19,18,18,1.0,2.0,14.0,1.0,0.0,1.0,5,4,6,2,8,2,23.683,367.0,266.0,537.0,23.683,4.0,10.66,roster,0,57.0,45.0,0.4453,64.84,2.6132,0.45,0.3752,3.1667,38.61,6.95,26.8,12.49,13.425
2024-11-20 20:00:00,20,15,15,1.0,0.0,11.0,3.0,0.0,1.0,6,3,4,1,5,1,24.683,413.0,326.0,597.0,24.683,4.0,10.65,roster,0,44.0,37.5,0.3143,43.8,1.9263,0.375,0.2817,2.9333,32.17,4.34,13.4,13.88,14.925
2024-11-20 21:00:00,21,17,17,1.0,0.0,12.0,3.0,1.0,1.0,10,9,3,1,4,1,11.533,339.5,293.0,473.0,7.883,4.0,10.65,roster,0,48.0,42.5,0.3333,44.34,3.5861,0.425,0.8451,2.8235,36.46,3.47,13.4,11.0,11.825
2024-11-20 22:00:00,22,17,17,2.0,0.0,13.0,2.0,0.0,1.0,6,5,3,1,4,1,9.517,399.5,353.0,533.0,8.883,3.0,6.95,roster,0,53.0,42.5,0.4907,45.73,3.5679,0.425,0.7194,3.1176,36.46,3.47,13.4,12.39,13.325
2024-11-20 23:00:00,23,10,10,1.0,0.0,7.0,2.0,0.0,1.0,6,4,2,0,2,0,10.517,319.0,132.0,506.0,8.433,3.0,6.95,roster,0,30.0,25.0,0.2632,14.95,2.4766,0.25,0.5755,3.0,21.45,1.74,0.0,11.76,12.65
2024-11-21 00:00:00,0,15,15,2.0,1.0,10.0,2.0,0.0,1.0,10,10,2,0,2,0,9.433,379.0,192.0,566.0,9.433,3.0,6.95,roster,0,48.0,37.5,0.4211,27.07,5.8043,0.375,1.4388,3.2,32.17,1.74,0.0,13.16,14.15
2024-11-21 01:00:00,1,16,16,2.0,2.0,12.0,0.0,0.0,1.0,7,5,4,0,4,0,10.433,169.5,87.0,626.0,10.433,3.0,6.95,roster,0,54.0,40.0,0.5,32.35,3.7781,0.4,0.7194,3.375,34.32,3.47,0.0,14.55,15.65
2024-11-21 02:00:00,2,14,14,2.0,3.0,9.0,0.0,0.0,1.0,5,4,5,0,5,0,11.433,147.0,124.0,312.0,11.433,3.0,6.95,roster,0,49.0,35.0,0.4667,21.63,3.2394,0.35,0.5755,3.5,30.03,4.34,0.0,7.25,7.8
2024-11-21 03:00:00,3,12,12,2.0,3.0,7.0,0.0,0.0,1.0,3,2,7,0,7,0,12.433,184.0,66.0,372.0,12.433,3.0,6.95,roster,0,43.0,30.0,0.4343,20.47,2.1062,0.3,0.2878,3.5833,25.74,6.08,0.0,8.65,9.3
2024-11-21 04:00:00,4,14,14,1.0,4.0,9.0,0.0,0.0,1.0,3,3,7,0,7,0,13.433,244.0,126.0,432.0,13.433,3.0,6.95,roster,0,48.0,35.0,0.4848,26.15,2.68,0.35,0.4317,3.4286,30.03,6.08,0.0,10.04,10.8
2024-11-21 05:00:00,5,13,13,1.0,4.0,8.0,0.0,0.0,1.0,2,1,8,0,8,0,14.433,297.5,186.0,492.0,14.433,3.0,6.95,roster,0,45.0,32.5,0.4688,26.27,1.6231,0.325,0.1439,3.4615,27.88,6.95,0.0,11.44,12.3
2024-11-21 06:00:00,6,15,15,1.0,4.0,10.0,0.0,0.0,1.0,2,2,8,0,8,0,15.433,357.5,246.0,552.0,15.433,3.0,6.95,roster,0,51.0,37.5,0.5312,31.96,2.2534,0.375,0.2878,3.4,32.17,6.95,0.0,12.83,13.8
2024-11-21 07:00:00,7,16,16,1.0,4.0,11.0,0.0,0.0,1.0,3,2,9,0,9,0,16.433,411.0,301.0,447.0,16.433,3.0,6.95,roster,0,54.0,40.0,0.5806,32.53,2.3212,0.4,0.2878,3.375,34.32,7.81,0.0,10.39,11.175
2024-11-21 08:00:00,8,19,19,1.0,4.0,14.0,0.0,0.0,1.0,6,5,9,0,9,0,17.433,471.0,361.0,507.0,17.433,3.0,8.39,roster,0,63.0,47.5,0.6774,40.36,3.551,0.475,0.5959,3.3158,40.75,7.81,0.0,11.79,12.675
2024-11-21 09:00:00,9,21,21,0.0,3.0,17.0,1.0,0.0,1.0,8,7,9,0,9,0,18.433,426.0,310.0,567.0,18.433,3.0,8.39,roster,0,65.0,52.5,0.6989,46.04,4.2074,0.525,0.8343,3.0952,45.04,7.81,0.0,13.18,14.175
2024-11-21 10:00:00,10,27,27,0.0,3.0,22.0,2.0,0.0,1.0,9,9,9,0,9,0,19.433,486.0,370.0,627.0,19.433,4.0,11.64,roster,0,82.0,67.5,0.6613,60.31,4.3982,0.675,0.7732,3.037,57.92,7.81,0.0,14.58,15.675
2024-11-21 11:00:00,11,23,23,0.0,2.0,19.0,2.0,0.0,1.0,7,7,4,0,4,0,11.333,366.0,191.0,546.0,9.1,4.0,11.64,roster,0,69.0,57.5,0.4792,45.5,3.5291,0.575,0.6014,3.0,49.33,3.47,0.0,12.69,13.65
2024-11-21 12:00:00,12,21,21,1.0,3.0,13.0,3.0,1.0,1.0,10,10,0,0,0,0,12.333,0.0,,,,4.0,11.64,roster,0,63.0,52.5,0.3938,25.04,4.1523,0.525,0.8591,3.0,45.04,0.0,0.0,0.0,0.0
2024-11-21 13:00:00,13,26,26,2.0,3.0,16.0,4.0,1.0,1.0,10,9,6,0,6,0,13.333,82.5,72.0,92.0,1.733,4.0,11.64,roster,0,79.0,65.0,0.5809,43.12,4.3243,0.65,0.7732,3.0385,55.77,5.21,0.0,2.14,2.3
2024-11-21 14:00:00,14,26,26,2.0,5.0,14.0,4.0,1.0,1.0,10,8,8,1,9,1,14.333,132.0,110.0,146.0,2.733,4.0,11.64,roster,0,81.0,65.0,0.6532,60.38,4.1662,0.65,0.6873,3.1154,55.77,7.81,13.4,3.39,3.65
2024-11-21 15:00:00,15,18,18,0.0,2.0,11.0,5.0,0.0,1.0,1,1,7,0,7,0,15.333,170.0,109.0,192.0,3.533,4.0,11.64,roster,0,51.0,45.0,0.3864,29.15,1.5184,0.45,0.0859,2.8333,38.61,6.08,0.0,4.46,4.8
2024-11-21 16:00:00,16,21,21,0.0,2.0,13.0,4.0,2.0,1.0,9,9,4,0,4,0,5.6,178.0,169.0,244.0,4.067,4.0,11.64,roster,0,57.0,52.5,0.3958,34.19,3.5237,0.525,0.7732,2.7143,45.04,3.47,0.0,5.67,6.1
2024-11-21 17:00:00,17,22,22,0.0,3.0,14.0,4.0,1.0,1.0,4,4,10,0,10,0,6.6,107.5,93.0,229.0,5.067,4.0,11.64,roster,0,63.0,55.0,0.525,41.2,2.5591,0.55,0.3436,2.8636,47.19,8.68,0.0,5.32,5.725
2024-11-21 18:00:00,18,27,27,0.0,4.0,20.0,2.0,1.0,1.0,11,10,9,0,9,0,7.6,165.0,153.0,284.0,6.067,4.0,11.64,roster,0,81.0,67.5,0.6532,52.33,4.6023,0.675,0.8591,3.0,57.92,7.81,0.0,6.6,7.1
2024-11-21 19:00:00,19,28,28,0.0,7.0,18.0,2.0,1.0,1.0,5,5,9,1,10,1,8.6,215.5,183.0,230.0,5.817,4.0,11.64,roster,0,87.0,70.0,0.725,67.49,3.5097,0.7,0.4296,3.1071,60.06,8.68,13.4,5.35,5.75
2024-11-21 20:00:00,20,19,19,0.0,4.0,13.0,1.0,1.0,1.0,8,4,3,1,4,1,9.6,275.5,273.0,290.0,4.833,4.0,9.67,roster,0,58.0,47.5,0.4028,44.37,2.7127,0.475,0.4137,3.0526,40.75,3.47,13.4,6.74,7.25
2024-11-21 21:00:00,21,22,22,1.0,6.0,13.0,1.0,1.0,1.0,6,6,4,1,5,1,10.6,197.0,84.0,333.0,5.833,4.0,9.67,roster,0,71.0,55.0,0.5071,52.67,3.7774,0.55,0.6205,3.2273,47.19,4.34,13.4,7.74,8.325
2024-11-21 22:00:00,22,19,19,1.0,4.0,12.0,0.0,2.0,1.0,6,5,4,1,5,1,11.6,257.0,144.0,393.0,6.833,3.0,6.42,roster,0,59.0,47.5,0.5619,47.63,3.8934,0.475,0.7788,3.1053,40.75,4.34,13.4,9.14,9.825
2024-11-21 23:00:00,23,18,18,1.0,5.0,9.0,1.0,2.0,1.0,6,5,5,1,6,1,12.6,260.5,189.0,453.0,7.833,3.0,6.42,roster,0,56.0,45.0,0.549,47.75,3.823,0.45,0.7788,3.1111,38.61,5.21,13.4,10.53,11.325
2024-11-22 00:00:00,0,21,21,1.0,4.0,14.0,1.0,1.0,1.0,8,7,5,3,8,3,13.6,256.5,116.0,513.0,8.833,3.0,6.42,roster,0,66.0,52.5,0.6875,84.12,5.0768,0.525,1.0903,3.1429,45.04,6.95,40.2,11.93,12.825
2024-11-22 01:00:00,1,17,17,1.0,4.0,10.0,1.0,1.0,1.0,3,3,6,3,9,3,14.6,309.0,133.0,437.0,9.833,3.0,6.42,roster,0,54.0,42.5,0.5806,74.64,2.8343,0.425,0.4673,3.1765,36.46,7.81,40.2,10.16,10.925
2024-11-22 02:00:00,2,21,21,1.0,4.0,15.0,0.0,1.0,1.0,9,9,6,2,8,2,15.6,376.5,182.0,633.0,10.833,3.0,6.42,roster,0,67.0,52.5,0.6979,73.51,6.1476,0.525,1.4019,3.1905,45.04,6.95,26.8,14.72,15.825
2024-11-22 03:00:00,3,19,19,1.0,3.0,14.0,0.0,1.0,1.0,2,2,7,1,8,1,16.6,436.5,213.0,693.0,11.833,3.0,6.42,roster,0,60.0,47.5,0.625,57.21,2.4838,0.475,0.3115,3.1579,40.75,6.95,13.4,16.11,17.325
2024-11-22 04:00:00,4,18,18,1.0,3.0,12.0,1.0,1.0,1.0,2,1,7,1,8,1,17.6,496.5,273.0,753.0,12.833,3.0,6.42,roster,0,56.0,45.0,0.5833,56.46,1.8846,0.45,0.1558,3.1111,38.61,6.95,13.4,17.51,18.825
2024-11-22 05:00:00,5,18,18,1.0,3.0,10.0,3.0,1.0,1.0,3,3,7,1,8,1,18.6,556.5,333.0,813.0,13.833,3.0,6.42,roster,0,54.0,45.0,0.5625,57.86,2.7519,0.45,0.4673,3.0,38.61,6.95,13.4,18.9,20.325
2024-11-22 06:00:00,6,16,16,1.0,2.0,11.0,1.0,1.0,1.0,1,1,7,1,8,1,19.6,616.5,393.0,873.0,14.833,3.0,6.42,roster,0,49.0,40.0,0.5104,54.96,1.702,0.4,0.1558,3.0625,34.32,6.95,13.4,20.3,21.825
2024-11-22 07:00:00,7,18,18,1.0,2.0,11.0,3.0,1.0,1.0,6,5,7,1,8,1,20.6,676.5,453.0,933.0,15.833,3.0,6.42,roster,0,53.0,45.0,0.5521,60.65,3.6182,0.45,0.7788,2.9444,38.61,6.95,13.4,21.69,23.325
2024-11-22 08:00:00,8,13,13,1.0,0.0,9.0,2.0,1.0,1.0,3,2,8,1,9,1,16.833,729.0,423.0,857.0,16.833,3.0,8.19,roster,0,37.0,32.5,0.3978,49.03,1.62,0.325,0.2442,2.8462,27.88,7.81,13.4,19.93,21.425
2024-11-22 09:00:00,9,16,16,1.0,1.0,13.0,0.0,1.0,1.0,5,5,8,1,9,1,17.833,789.0,483.0,917.0,17.833,3.0,8.19,roster,0,49.0,40.0,0.5269,56.86,3.0947,0.4,0.6105,3.0625,34.32,7.81,13.4,21.32,22.925
2024-11-22 10:00:00,10,18,18,1.0,2.0,14.0,0.0,1.0,1.0,5,4,9,1,10,1,18.833,741.0,520.0,977.0,18.833,4.0,11.89,roster,0,56.0,45.0,0.4667,63.41,2.4466,0.45,0.3364,3.1111,38.61,8.68,13.4,22.72,24.425
2024-11-22 11:00:00,11,24,24,0.0,5.0,18.0,0.0,1.0,1.0,11,11,9,1,10,1,19.833,591.5,134.0,924.0,19.833,4.0,11.89,roster,0,75.0,60.0,0.625,75.05,4.7661,0.6,0.9251,3.125,51.48,8.68,13.4,21.48,23.1
2024-11-22 12:00:00,12,25,25,0.0,6.0,17.0,1.0,1.0,1.0,9,7,11,1,12,1,20.833,200.0,164.0,969.0,20.833,4.0,11.89,roster,0,78.0,62.5,0.6964,79.97,3.7868,0.625,0.5887,3.12,53.62,10.42,13.4,22.53,24.225
2024-11-22 13:00:00,13,24,24,0.0,6.0,17.0,1.0,0.0,1.0,4,4,12,1,13,1,19.283,160.0,102.0,254.0,19.283,4.0,11.89,roster,0,77.0,60.0,0.713,62.07,3.0043,0.6,0.3364,3.2083,51.48,11.29,13.4,5.91,6.35
2024-11-22 14:00:00,14,27,27,1.0,6.0,17.0,3.0,0.0,1.0,7,7,12,1,13,1,20.283,220.0,154.0,314.0,20.283,4.0,11.89,roster,0,86.0,67.5,0.7963,69.9,4.0252,0.675,0.5887,3.1852,57.92,11.29,13.4,7.3,7.85
2024-11-22 15:00:00,15,25,25,1.0,7.0,14.0,3.0,0.0,1.0,6,6,10,1,11,1,21.283,219.0,95.0,386.0,21.283,4.0,11.89,roster,0,81.0,62.5,0.6983,65.55,3.66,0.625,0.5046,3.24,53.62,9.55,13.4,8.97,9.65
2024-11-22 16:00:00,16,22,22,1.0,5.0,16.0,0.0,0.0,1.0,8,7,9,0,9,0,14.667,274.0,132.0,434.0,14.667,4.0,11.89,roster,0,73.0,55.0,0.5887,45.1,3.7785,0.55,0.5887,3.3182,47.19,7.81,0.0,10.09,10.85
2024-11-22 17:00:00,17,17,17,0.0,5.0,12.0,0.0,0.0,1.0,6,5,9,0,9,0,10.983,215.0,165.0,470.0,8.433,4.0,11.89,roster,0,56.0,42.5,0.4516,35.21,2.7852,0.425,0.4205,3.2941,36.46,7.81,0.0,10.93,11.75
2024-11-22 18:00:00,18,17,17,0.0,4.0,13.0,0.0,0.0,1.0,10,6,7,0,7,0,11.983,275.0,217.0,530.0,9.433,4.0,11.89,roster,0,55.0,42.5,0.4167,34.87,3.0076,0.425,0.5046,3.2353,36.46,6.08,0.0,12.32,13.25
2024-11-22 19:00:00,19,16,16,0.0,4.0,12.0,0.0,0.0,1.0,5,3,9,0,9,0,10.433,277.0,119.0,454.0,10.433,4.0,11.89,roster,0,52.0,40.0,0.4194,32.69,2.12,0.4,0.2523,3.25,34.32,7.81,0.0,10.56,11.35
2024-11-22 20:00:00,20,11,11,0.0,1.0,10.0,0.0,0.0,1.0,4,4,5,0,5,0,10.833,276.0,165.0,514.0,10.833,4.0,11.99,roster,0,34.0,27.5,0.2429,19.89,1.8812,0.275,0.3336,3.0909,23.6,4.34,0.0,11.95,12.85
2024-11-22 21:00:00,21,13,13,0.0,1.0,12.0,0.0,0.0,1.0,9,6,5,0,5,0,11.833,336.0,225.0,574.0,11.833,4.0,11.99,roster,0,40.0,32.5,0.2857,25.57,2.5397,0.325,0.5004,3.0769,27.88,4.34,0.0,13.35,14.35
2024-11-22 22:00:00,22,16,16,0.0,1.0,14.0,1.0,0.0,1.0,11,9,2,0,2,0,4.75,184.5,84.0,285.0,4.75,3.0,8.29,roster,0,48.0,40.0,0.4211,22.68,4.4569,0.4,1.0856,3.0,34.32,1.74,0.0,6.63,7.125
2024-11-22 23:00:00,23,13,13,0.0,1.0,10.0,2.0,0.0,1.0,7,7,2,0,2,0,2.4,105.0,66.0,144.0,2.4,3.0,8.29,roster,0,38.0,32.5,0.3333,12.97,3.4182,0.325,0.8444,2.9231,27.88,1.74,0.0,3.35,3.6
2024-11-23 00:00:00,0,12,12,0.0,0.0,9.0,3.0,0.0,1.0,5,3,3,0,3,0,3.4,126.0,66.0,204.0,3.4,3.0,8.29,roster,0,33.0,30.0,0.2973,13.09,1.8202,0.3,0.3619,2.75,25.74,2.6,0.0,4.74,5.1
2024-11-23 01:00:00,1,12,12,0.0,1.0,9.0,2.0,0.0,1.0,7,5,3,0,3,0,4.4,186.0,126.0,264.0,4.4,3.0,8.29,roster,0,35.0,30.0,0.3153,14.48,2.6341,0.3,0.6031,2.9167,25.74,2.6,0.0,6.14,6.6
2024-11-23 02:00:00,2,11,11,0.0,2.0,8.0,1.0,0.0,1.0,4,3,4,0,4,0,5.4,216.0,186.0,324.0,5.4,3.0,8.29,roster,0,34.0,27.5,0.3148,14.6,1.9685,0.275,0.3619,3.0909,23.6,3.47,0.0,7.53,8.1
2024-11-23 03:00:00,3,11,11,0.0,3.0,6.0,2.0,0.0,1.0,2,2,4,0,4,0,6.4,276.0,246.0,384.0,6.4,3.0,8.29,roster,0,34.0,27.5,0.3148,16.0,1.5957,0.275,0.2413,3.0909,23.6,3.47,0.0,8.93,9.6
2024-11-23 04:00:00,4,10,10,0.0,2.0,5.0,3.0,0.0,1.0,2,1,4,0,4,0,7.4,336.0,306.0,444.0,7.4,3.0,8.29,roster,0,29.0,25.0,0.2685,15.25,1.0748,0.25,0.1206,2.9,21.45,3.47,0.0,10.32,11.1
2024-11-23 05:00:00,5,9,9,0.0,1.0,6.0,2.0,0.0,1.0,3,2,4,0,4,0,8.4,396.0,366.0,504.0,8.4,3.0,8.29,roster,0,26.0,22.5,0.2407,14.5,1.347,0.225,0.2413,2.8889,19.3,3.47,0.0,11.72,12.6
2024-11-23 06:00:00,6,9,9,0.0,1.0,7.0,1.0,0.0,1.0,1,1,5,0,5,0,9.4,426.0,265.0,486.0,9.4,3.0,8.29,roster,0,27.0,22.5,0.2571,14.95,1.0369,0.225,0.1206,3.0,19.3,4.34,0.0,11.3,12.15
2024-11-23 07:00:00,7,10,10,0.0,1.0,8.0,1.0,0.0,1.0,4,3,5,0,5,0,10.4,486.0,325.0,546.0,10.4,3.0,8.29,roster,0,30.0,25.0,0.2857,18.49,1.8356,0.25,0.3619,3.0,21.45,4.34,0.0,12.69,13.65
2024-11-23 08:00:00,8,11,11,0.0,1.0,10.0,0.0,0.0,1.0,3,2,5,0,5,0,11.4,546.0,385.0,606.0,11.4,3.0,6.86,roster,0,34.0,27.5,0.3238,22.03,1.7511,0.275,0.2915,3.0909,23.6,4.34,0.0,14.09,15.15
2024-11-23 09:00:00,9,10,10,0.0,2.0,7.0,1.0,0.0,1.0,5,4,4,0,4,0,12.4,636.0,606.0,744.0,12.4,3.0,6.86,roster,0,31.0,25.0,0.287,22.22,2.5826,0.25,0.5831,3.1,21.45,3.47,0.0,17.3,18.6
2024-11-23 10:00:00,10,10,10,1.0,2.0,7.0,0.0,0.0,1.0,2,2,6,0,6,0,13.4,585.5,90.0,726.0,13.4,4.0,10.56,roster,0,34.0,25.0,0.25,23.54,1.4939,0.25,0.1894,3.4,21.45,5.21,0.0,16.88,18.15
2024-11-23 11:00:00,11,15,15,0.0,2.0,11.0,2.0,0.0,1.0,11,11,4,0,4,0,14.4,357.5,150.0,864.0,14.4,4.0,10.56,roster,0,45.0,37.5,0.3125,35.74,4.25,0.375,1.0417,3.0,32.17,3.47,0.0,20.09,21.6
2024-11-23 12:00:00,12,22,22,0.0,4.0,15.0,3.0,0.0,1.0,12,12,4,0,4,0,3.5,97.0,86.0,210.0,3.5,4.0,10.56,roster,0,67.0,55.0,0.4653,35.55,5.1357,0.55,1.1364,3.0455,47.19,3.47,0.0,4.88,5.25
2024-11-23 13:00:00,13,26,26,0.0,4.0,17.0,5.0,0.0,1.0,9,8,7,0,7,0,4.5,104.0,73.0,146.0,4.5,4.0,10.56,roster,0,77.0,65.0,0.5833,45.24,4.1686,0.65,0.7576,2.9615,55.77,6.08,0.0,3.39,3.65
2024-11-23 14:00:00,14,22,22,0.0,3.0,14.0,5.0,0.0,1.0,9,8,4,0,4,0,5.5,169.5,133.0,330.0,5.5,4.0,10.56,roster,0,64.0,55.0,0.4444,38.34,3.8039,0.55,0.7576,2.9091,47.19,3.47,0.0,7.67,8.25
2024-11-23 15:00:00,15,17,17,0.0,2.0,12.0,3.0,0.0,1.0,10,8,1,0,1,0,4.983,188.0,188.0,188.0,3.133,4.0,10.56,roster,0,50.0,42.5,0.3205,21.7,3.4782,0.425,0.7576,2.9412,36.46,0.87,0.0,4.37,4.7
2024-11-23 16:00:00,16,16,16,0.0,2.0,11.0,3.0,0.0,1.0,5,4,3,0,3,0,5.983,115.0,62.0,248.0,4.133,4.0,10.56,roster,0,47.0,40.0,0.3176,22.69,2.2877,0.4,0.3788,2.9375,34.32,2.6,0.0,5.77,6.2
2024-11-23 17:00:00,17,19,19,0.0,3.0,14.0,2.0,0.0,1.0,9,8,6,0,6,0,6.717,116.5,103.0,175.0,5.133,4.0,10.56,roster,0,58.0,47.5,0.4265,30.03,3.7626,0.475,0.7576,3.0526,40.75,5.21,0.0,4.07,4.375
2024-11-23 18:00:00,18,19,19,0.0,2.0,14.0,3.0,0.0,1.0,7,8,5,1,6,1,5.667,151.5,103.0,171.0,3.917,4.0,10.56,roster,0,56.0,47.5,0.4118,43.34,3.6329,0.475,0.7576,2.9474,40.75,5.21,13.4,3.98,4.275
2024-11-23 19:00:00,19,15,15,0.0,3.0,9.0,3.0,0.0,1.0,6,6,3,1,4,1,6.617,181.5,163.0,223.0,3.717,4.0,10.56,roster,0,45.0,37.5,0.3125,34.23,2.8295,0.375,0.5682,3.0,32.17,3.47,13.4,5.18,5.575
2024-11-23 20:00:00,20,13,13,0.0,1.0,9.0,3.0,0.0,1.0,8,7,2,1,3,1,7.617,116.0,100.0,223.0,3.717,4.0,10.36,roster,0,37.0,32.5,0.25,29.07,2.8481,0.325,0.6757,2.8462,27.88,2.6,13.4,5.18,5.575
2024-11-23 21:00:00,21,18,18,0.0,2.0,13.0,3.0,0.0,1.0,11,11,2,1,3,1,8.617,176.0,160.0,283.0,4.717,4.0,10.36,roster,0,53.0,45.0,0.3581,41.19,4.4513,0.45,1.0618,2.9444,38.61,2.6,13.4,6.58,7.075
2024-11-23 22:00:00,22,20,20,0.0,3.0,15.0,2.0,0.0,1.0,9,8,5,2,7,2,9.617,117.0,85.0,236.0,5.717,3.0,6.66,roster,0,61.0,50.0,0.6162,61.27,5.1887,0.5,1.2012,3.05,42.9,6.08,26.8,5.49,5.9
2024-11-23 23:00:00,23,20,20,0.0,3.0,15.0,2.0,0.0,1.0,10,9,3,2,5,2,10.617,177.0,157.0,280.0,4.933,3.0,6.66,roster,0,61.0,50.0,0.581,60.55,5.6466,0.5,1.3514,3.05,42.9,4.34,26.8,6.51,7.0
2024-11-24 00:00:00,0,21,21,0.0,3.0,17.0,1.0,0.0,1.0,12,8,4,2,6,2,8.083,227.0,191.0,340.0,5.933,3.0,6.66,roster,0,65.0,52.5,0.6373,64.96,5.343,0.525,1.2012,3.0952,45.04,5.21,26.8,7.9,8.5
2024-11-24 01:00:00,1,20,20,0.0,3.0,14.0,3.0,0.0,1.0,7,7,4,2,6,2,9.083,287.0,251.0,400.0,6.933,3.0,6.66,roster,0,60.0,50.0,0.5882,64.21,4.6532,0.5,1.0511,3.0,42.9,5.21,26.8,9.3,10.0
2024-11-24 02:00:00,2,16,16,0.0,2.0,12.0,2.0,0.0,1.0,1,2,5,1,6,1,10.083,324.0,220.0,357.0,7.667,3.0,6.66,roster,0,48.0,40.0,0.4706,41.23,2.1009,0.4,0.3003,3.0,34.32,5.21,13.4,8.3,8.925
2024-11-24 03:00:00,3,16,16,0.0,0.0,14.0,2.0,0.0,1.0,3,3,5,0,5,0,11.083,371.0,280.0,417.0,8.667,3.0,6.66,roster,0,46.0,40.0,0.4381,28.36,2.445,0.4,0.4505,2.875,34.32,4.34,0.0,9.7,10.425
2024-11-24 04:00:00,4,16,16,0.0,0.0,14.0,2.0,0.0,1.0,3,3,6,0,6,0,12.083,385.5,195.0,477.0,9.667,3.0,6.66,roster,0,46.0,40.0,0.451,30.62,2.445,0.4,0.4505,2.875,34.32,5.21,0.0,11.09,11.925
2024-11-24 05:00:00,5,14,14,0.0,0.0,12.0,2.0,0.0,1.0,2,1,5,0,5,0,13.083,491.0,400.0,537.0,10.667,3.0,6.66,roster,0,40.0,35.0,0.381,26.86,1.429,0.35,0.1502,2.8571,30.03,4.34,0.0,12.49,13.425
2024-11-24 06:00:00,6,14,14,1.0,0.0,12.0,1.0,0.0,1.0,2,2,5,0,5,0,14.083,551.0,460.0,597.0,11.667,3.0,6.66,roster,0,43.0,35.0,0.4095,28.25,1.9974,0.35,0.3003,3.0714,30.03,4.34,0.0,13.88,14.925
2024-11-24 07:00:00,7,14,14,0.0,1.0,12.0,1.0,0.0,1.0,4,3,5,0,5,0,15.083,611.0,520.0,657.0,12.667,3.0,6.66,roster,0,42.0,35.0,0.4,29.65,2.4014,0.35,0.4505,3.0,30.03,4.34,0.0,15.28,16.425
2024-11-24 08:00:00,8,13,13,0.0,1.0,11.0,1.0,0.0,1.0,1,1,7,0,7,0,16.083,580.0,81.0,717.0,13.667,3.0,7.11,roster,0,39.0,32.5,0.3939,30.63,1.3969,0.325,0.1406,3.0,27.88,6.08,0.0,16.67,17.925
2024-11-24 09:00:00,9,16,16,0.0,2.0,12.0,2.0,0.0,1.0,6,5,5,0,5,0,17.083,495.0,141.0,731.0,14.667,3.0,7.11,roster,0,48.0,40.0,0.4571,35.66,3.3097,0.4,0.7032,3.0,34.32,4.34,0.0,17.0,18.275
2024-11-24 10:00:00,10,20,20,0.0,2.0,17.0,1.0,0.0,1.0,13,11,6,0,6,0,18.083,378.0,66.0,791.0,15.667,4.0,10.57,roster,0,61.0,50.0,0.4485,46.5,4.6991,0.5,1.0407,3.05,42.9,5.21,0.0,18.39,19.775
2024-11-24 11:00:00,11,19,19,0.0,2.0,13.0,4.0,0.0,1.0,8,8,6,1,7,1,19.083,120.0,96.0,615.0,14.183,4.0,10.57,roster,0,55.0,47.5,0.4167,54.53,3.5659,0.475,0.7569,2.8947,40.75,6.08,13.4,14.3,15.375
2024-11-24 12:00:00,12,22,22,0.0,2.0,19.0,1.0,0.0,1.0,15,10,7,1,8,1,20.083,177.5,156.0,675.0,15.183,4.0,10.57,roster,0,67.0,55.0,0.5234,63.23,4.5562,0.55,0.9461,3.0455,47.19,6.95,13.4,15.69,16.875
2024-11-24 13:00:00,13,29,29,0.0,2.0,24.0,3.0,0.0,1.0,13,12,7,1,8,1,21.083,225.5,204.0,246.0,12.25,4.0,10.57,roster,0,86.0,72.5,0.6719,68.27,5.5167,0.725,1.1353,2.9655,62.2,6.95,13.4,5.72,6.15
2024-11-24 14:00:00,14,28,28,0.0,3.0,22.0,3.0,0.0,1.0,10,10,7,1,8,1,22.083,279.5,180.0,306.0,13.25,4.0,10.57,roster,0,84.0,70.0,0.6562,67.52,4.9382,0.7,0.9461,3.0,60.06,6.95,13.4,7.11,7.65
2024-11-24 15:00:00,15,19,19,0.0,3.0,13.0,3.0,0.0,1.0,5,5,6,1,7,1,23.083,324.0,83.0,360.0,14.25,4.0,10.57,roster,0,57.0,47.5,0.4318,48.6,2.8441,0.475,0.473,3.0,40.75,6.08,13.4,8.37,9.0
2024-11-24 16:00:00,16,16,16,0.0,3.0,12.0,1.0,0.0,1.0,6,6,4,1,5,1,24.083,126.0,117.0,384.0,7.0,4.0,10.57,roster,0,50.0,40.0,0.3571,40.99,3.0239,0.4,0.5676,3.125,34.32,4.34,13.4,8.93,9.6
2024-11-24 17:00:00,17,25,25,0.0,5.0,18.0,2.0,0.0,1.0,16,16,4,2,6,2,25.083,181.5,124.0,444.0,8.0,4.0,10.57,roster,0,78.0,62.5,0.5735,75.96,6.6728,0.625,1.5137,3.12,53.62,5.21,26.8,10.32,11.1
2024-11-24 18:00:00,18,20,20,0.0,4.0,14.0,2.0,0.0,1.0,10,6,5,1,6,1,26.083,210.5,99.0,504.0,9.0,4.0,10.57,roster,0,62.0,50.0,0.4559,53.23,3.3097,0.5,0.5676,3.1,42.9,5.21,13.4,11.72,12.6
2024-11-24 19:00:00,19,20,20,0.0,4.0,12.0,4.0,0.0,1.0,12,10,6,0,6,0,27.083,201.5,66.0,564.0,10.0,4.0,10.57,roster,0,60.0,50.0,0.4412,41.22,4.3382,0.5,0.9461,3.0,42.9,5.21,0.0,13.11,14.1
2024-11-24 20:00:00,20,26,26,1.0,6.0,15.0,4.0,0.0,1.0,10,10,9,0,9,0,28.083,126.0,105.0,304.0,11.0,4.0,10.12,roster,0,82.0,65.0,0.6613,50.65,5.1664,0.65,0.9881,3.1538,55.77,7.81,0.0,7.07,7.6
2024-11-24 21:00:00,21,23,23,1.0,6.0,15.0,1.0,0.0,1.0,11,7,9,0,9,0,29.083,186.0,165.0,364.0,12.0,4.0,10.12,roster,0,76.0,57.5,0.6129,45.61,4.1856,0.575,0.6917,3.3043,49.33,7.81,0.0,8.46,9.1
2024-11-24 22:00:00,22,35,35,1.0,6.0,24.0,4.0,0.0,1.0,19,17,7,1,8,1,30.083,290.0,225.0,744.0,13.0,3.0,6.66,roster,0,109.0,87.5,1.1354,92.72,10.6744,0.875,2.5526,3.1143,75.08,6.95,13.4,17.3,18.6
2024-11-24 23:00:00,23,37,37,1.0,5.0,26.0,5.0,0.0,1.0,14,12,10,1,11,1,31.083,285.0,110.0,484.0,14.0,3.0,6.66,roster,0,113.0,92.5,1.2989,93.57,8.3278,0.925,1.8018,3.0541,79.36,9.55,13.4,11.25,12.1
2024-11-25 00:00:00,0,29,29,1.0,5.0,20.0,3.0,0.0,1.0,4,3,13,1,14,1,32.083,244.5,119.0,459.0,15.0,3.0,6.66,roster,0,91.0,72.5,1.1667,78.43,3.6885,0.725,0.4505,3.1379,62.2,12.16,13.4,10.67,11.475
2024-11-25 01:00:00,1,26,26,1.0,5.0,16.0,4.0,0.0,1.0,5,4,13,1,14,1,16.0,304.5,179.0,519.0,16.0,3.0,6.66,roster,0,81.0,65.0,1.0385,73.39,3.8961,0.65,0.6006,3.1154,55.77,12.16,13.4,12.07,12.975
2024-11-25 02:00:00,2,21,21,1.0,4.0,14.0,2.0,0.0,1.0,3,3,14,1,15,1,17.0,312.0,232.0,579.0,17.0,3.0,6.66,roster,0,67.0,52.5,0.8933,64.93,3.1122,0.525,0.4505,3.1905,45.04,13.02,13.4,13.46,14.475
2024-11-25 03:00:00,3,20,20,1.0,3.0,14.0,2.0,0.0,1.0,3,3,13,0,13,0,18.0,477.0,292.0,639.0,18.0,3.0,6.66,roster,0,63.0,50.0,0.7778,49.04,2.9939,0.5,0.4505,3.15,42.9,11.29,0.0,14.86,15.975
2024-11-25 04:00:00,4,21,21,1.0,2.0,16.0,2.0,0.0,1.0,2,2,13,0,13,0,19.0,537.0,352.0,699.0,19.0,3.0,6.66,roster,0,65.0,52.5,0.8025,52.58,2.5545,0.525,0.3003,3.0952,45.04,11.29,0.0,16.25,17.475
2024-11-25 05:00:00,5,20,20,1.0,2.0,15.0,2.0,0.0,1.0,1,1,13,0,13,0,20.0,597.0,412.0,759.0,20.0,3.0,6.66,roster,0,62.0,50.0,0.7654,51.83,2.0155,0.5,0.1502,3.1,42.9,11.29,0.0,17.65,18.975
2024-11-25 06:00:00,6,21,21,1.0,2.0,16.0,2.0,0.0,1.0,2,2,13,0,13,0,21.0,657.0,472.0,819.0,21.0,3.0,6.66,roster,0,65.0,52.5,0.8025,55.37,2.5545,0.525,0.3003,3.0952,45.04,11.29,0.0,19.04,20.475
2024-11-25 07:00:00,7,25,25,1.0,3.0,18.0,3.0,0.0,1.0,5,5,14,0,14,0,22.0,653.5,528.0,879.0,22.0,3.0,6.66,roster,0,77.0,62.5,0.9872,66.22,4.2373,0.625,0.7508,3.08,53.62,12.16,0.0,20.44,21.975
2024-11-25 08:00:00,8,28,28,1.0,4.0,21.0,2.0,0.0,1.0,4,4,15,0,15,0,23.0,650.0,564.0,939.0,23.0,3.0,6.64,roster,0,88.0,70.0,1.1733,74.92,4.0933,0.7,0.6024,3.1429,60.06,13.02,0.0,21.83,23.475
2024-11-25 09:00:00,9,27,27,1.0,3.0,21.0,2.0,0.0,1.0,4,4,14,0,14,0,24.0,689.0,624.0,901.0,24.0,3.0,6.64,roster,0,84.0,67.5,1.0769,71.02,3.9742,0.675,0.6024,3.1111,57.92,12.16,0.0,20.95,22.525
2024-11-25 10:00:00,10,36,36,1.0,4.0,29.0,2.0,0.0,1.0,10,10,13,0,13,0,25.0,728.0,684.0,945.0,25.0,4.0,9.68,roster,0,112.0,90.0,1.037,90.48,6.014,0.9,1.0331,3.1111,77.22,11.29,0.0,21.97,23.625
2024-11-25 11:00:00,11,36,36,1.0,7.0,27.0,1.0,0.0,1.0,7,7,13,1,14,1,26.0,525.5,87.0,957.0,26.0,4.0,9.68,roster,0,116.0,90.0,1.1154,105.03,5.2301,0.9,0.7231,3.2222,77.22,12.16,13.4,22.25,23.925
2024-11-25 12:00:00,12,34,34,2.0,8.0,24.0,0.0,0.0,1.0,6,6,13,1,14,1,26.4,208.0,125.0,828.0,26.4,4.0,9.68,roster,0,114.0,85.0,1.0962,97.74,4.9283,0.85,0.6198,3.3529,72.93,12.16,13.4,19.25,20.7
2024-11-25 13:00:00,13,33,33,2.0,8.0,23.0,0.0,0.0,1.0,7,7,12,2,14,2,27.4,195.5,158.0,864.0,27.4,4.0,9.68,roster,0,111.0,82.5,1.0673,109.83,5.2074,0.825,0.7231,3.3636,70.78,12.16,26.8,20.09,21.6
2024-11-25 14:00:00,14,39,39,3.0,8.0,27.0,1.0,0.0,1.0,12,12,10,2,12,2,19.833,248.5,218.0,487.0,15.8,4.0,9.68,roster,0,130.0,97.5,1.1607,112.2,7.3822,0.975,1.2397,3.3333,83.66,10.42,26.8,11.32,12.175
2024-11-25 15:00:00,15,38,38,4.0,9.0,24.0,1.0,0.0,1.0,5,5,10,2,12,2,20.833,286.0,200.0,319.0,16.8,4.0,9.68,roster,0,130.0,95.0,1.1607,106.15,5.0171,0.95,0.5165,3.4211,81.51,10.42,26.8,7.42,7.975
2024-11-25 16:00:00,16,31,31,4.0,9.0,18.0,0.0,0.0,1.0,5,5,14,1,15,1,21.833,260.0,116.0,365.0,17.8,4.0,9.68,roster,0,110.0,77.5,1.1,81.41,4.5828,0.775,0.5165,3.5484,66.5,13.02,13.4,8.49,9.125
2024-11-25 17:00:00,17,33,33,3.0,10.0,19.0,1.0,0.0,1.0,6,6,16,1,17,1,22.833,212.0,139.0,414.0,18.8,4.0,9.68,roster,0,114.0,82.5,1.2391,88.57,4.9912,0.825,0.6198,3.4545,70.78,14.76,13.4,9.63,10.35
2024-11-25 18:00:00,18,34,34,3.0,10.0,20.0,1.0,0.0,1.0,7,6,17,1,18,1,23.833,264.5,191.0,474.0,19.8,4.0,9.68,roster,0,117.0,85.0,1.3295,92.98,5.058,0.85,0.6198,3.4412,72.93,15.63,13.4,11.02,11.85
2024-11-25 19:00:00,19,34,34,0.0,10.0,24.0,0.0,0.0,1.0,11,11,14,1,15,1,24.833,317.0,222.0,534.0,9.317,4.0,9.68,roster,0,112.0,85.0,1.12,91.77,6.5433,0.85,1.1364,3.2941,72.93,13.02,13.4,12.42,13.35
2024-11-25 20:00:00,20,35,35,0.0,10.0,25.0,0.0,0.0,1.0,9,7,13,1,14,1,25.833,375.0,282.0,594.0,10.317,4.0,10.47,roster,0,115.0,87.5,1.1058,94.44,5.0718,0.875,0.6686,3.2857,75.08,12.16,13.4,13.81,14.85
2024-11-25 21:00:00,21,33,33,0.0,12.0,21.0,0.0,0.0,1.0,8,7,15,1,16,1,26.833,406.0,305.0,654.0,11.317,4.0,10.47,roster,0,111.0,82.5,1.1562,93.28,5.0238,0.825,0.6686,3.3636,70.78,13.89,13.4,15.21,16.35
2024-11-25 22:00:00,22,41,41,0.0,14.0,27.0,0.0,0.0,1.0,12,12,16,1,17,1,27.833,439.0,301.0,649.0,12.317,3.0,7.43,roster,0,137.0,102.5,1.9855,111.2,8.8217,1.025,1.6151,3.3415,87.94,14.76,13.4,15.09,16.225
2024-11-25 23:00:00,23,33,33,0.0,13.0,20.0,0.0,0.0,1.0,8,6,18,1,19,1,28.067,491.0,181.0,709.0,13.317,3.0,7.43,roster,0,112.0,82.5,1.7778,97.17,5.5407,0.825,0.8075,3.3939,70.78,16.5,13.4,16.48,17.725
2024-11-26 00:00:00,0,36,36,0.0,12.0,24.0,0.0,0.0,1.0,9,6,20,2,22,2,29.067,503.5,179.0,632.0,14.317,3.0,7.43,roster,0,120.0,90.0,2.2222,117.82,5.6918,0.9,0.8075,3.3333,77.22,19.1,26.8,14.69,15.8
2024-11-26 01:00:00,1,38,38,0.0,12.0,26.0,0.0,0.0,1.0,8,5,21,2,23,2,30.067,481.0,215.0,677.0,15.317,3.0,7.43,roster,0,126.0,95.0,2.4706,124.02,5.3814,0.95,0.6729,3.3158,81.51,19.97,26.8,15.74,16.925
2024-11-26 02:00:00,2,36,36,0.0,13.0,22.0,1.0,0.0,1.0,3,2,21,2,23,2,31.067,541.0,275.0,737.0,16.317,3.0,7.43,roster,0,120.0,90.0,2.3529,121.13,3.8973,0.9,0.2692,3.3333,77.22,19.97,26.8,17.14,18.425
2024-11-26 03:00:00,3,35,35,0.0,13.0,21.0,1.0,0.0,1.0,2,1,21,1,22,1,32.067,633.0,335.0,797.0,17.317,3.0,7.43,roster,0,117.0,87.5,2.1667,106.11,3.3749,0.875,0.1346,3.3429,75.08,19.1,13.4,18.53,19.925
2024-11-26 04:00:00,4,38,38,0.0,13.0,22.0,3.0,0.0,1.0,4,4,22,0,22,0,33.067,693.0,395.0,857.0,18.317,3.0,7.43,roster,0,124.0,95.0,2.2963,100.54,4.8567,0.95,0.5384,3.2632,81.51,19.1,0.0,19.93,21.425
2024-11-26 05:00:00,5,37,37,0.0,13.0,22.0,2.0,0.0,1.0,1,1,23,0,23,0,34.067,721.0,395.0,917.0,19.317,3.0,7.43,roster,0,122.0,92.5,2.3922,100.66,3.4938,0.925,0.1346,3.2973,79.36,19.97,0.0,21.32,22.925
2024-11-26 06:00:00,6,40,40,0.0,13.0,21.0,6.0,0.0,1.0,5,5,22,0,22,0,35.067,691.0,455.0,973.0,20.317,3.0,7.43,roster,0,127.0,100.0,2.3519,107.52,5.3116,1.0,0.6729,3.175,85.8,19.1,0.0,22.62,24.325
2024-11-26 07:00:00,7,41,41,0.0,13.0,24.0,4.0,0.0,1.0,4,4,22,0,22,0,36.067,751.0,515.0,1033.0,21.317,3.0,7.43,roster,0,132.0,102.5,2.4444,111.06,5.0333,1.025,0.5384,3.2195,87.94,19.1,0.0,24.02,25.825
2024-11-26 08:00:00,8,43,43,0.0,12.0,27.0,4.0,0.0,1.0,7,6,23,0,23,0,37.067,721.0,525.0,1093.0,22.317,3.0,6.67,roster,0,137.0,107.5,2.6863,117.62,6.291,1.075,0.8996,3.186,92.24,19.97,0.0,25.41,27.325
2024-11-26 09:00:00,9,41,41,0.0,13.0,24.0,4.0,0.0,1.0,3,3,22,0,22,0,38.067,871.0,552.0,1153.0,23.317,3.0,6.67,roster,0,132.0,102.5,2.4444,113.85,4.7481,1.025,0.4498,3.2195,87.94,19.1,0.0,26.81,28.825
2024-11-26 10:00:00,10,49,49,0.0,16.0,28.0,5.0,0.0,1.0,12,12,21,0,21,0,39.067,841.0,612.0,1159.0,24.2,4.0,9.92,roster,0,158.0,122.5,2.0789,130.29,7.8506,1.225,1.2097,3.2245,105.1,18.23,0.0,26.95,28.975
2024-11-26 11:00:00,11,46,46,0.0,13.0,29.0,4.0,0.0,1.0,5,5,21,1,22,1,40.067,663.0,118.0,1145.0,24.9,4.0,9.92,roster,0,147.0,115.0,2.0417,137.79,5.2857,1.15,0.504,3.1957,98.67,19.1,13.4,26.62,28.625
2024-11-26 12:00:00,12,40,40,0.0,11.0,27.0,2.0,0.0,1.0,3,3,21,1,22,1,41.067,649.5,162.0,1205.0,25.9,4.0,9.92,roster,0,129.0,100.0,1.7917,126.32,4.2003,1.0,0.3024,3.225,85.8,19.1,13.4,28.02,30.125
2024-11-26 13:00:00,13,43,43,0.0,8.0,32.0,3.0,0.0,1.0,7,7,20,1,21,1,42.067,574.0,181.0,1021.0,22.317,4.0,9.92,roster,0,134.0,107.5,1.7632,127.61,5.549,1.075,0.7056,3.1163,92.24,18.23,13.4,23.74,25.525
2024-11-26 14:00:00,14,38,38,0.0,7.0,29.0,2.0,0.0,1.0,3,3,18,2,20,2,43.067,466.0,206.0,1081.0,23.317,4.0,9.92,roster,0,119.0,95.0,1.4875,130.81,3.9221,0.95,0.3024,3.1316,81.51,17.37,26.8,25.13,27.025
2024-11-26 15:00:00,15,32,32,0.0,7.0,24.0,1.0,0.0,1.0,3,3,17,2,19,2,44.067,342.0,245.0,1132.0,23.7,4.0,9.92,roster,0,102.0,80.0,1.2143,118.26,3.514,0.8,0.3024,3.1875,68.64,16.5,26.8,26.32,28.3
2024-11-26 16:00:00,16,30,30,0.0,5.0,24.0,1.0,0.0,1.0,6,6,14,2,16,2,27.883,357.5,251.0,972.0,24.7,4.0,9.92,roster,0,94.0,75.0,0.9792,107.64,4.2452,0.75,0.6048,3.1333,64.35,13.89,26.8,22.6,24.3
2024-11-26 17:00:00,17,27,27,0.0,5.0,21.0,1.0,0.0,1.0,1,1,15,2,17,2,28.883,386.0,267.0,1014.0,25.7,4.0,9.92,roster,0,85.0,67.5,0.9239,103.05,2.4424,0.675,0.1008,3.1481,57.92,14.76,26.8,23.58,25.35
2024-11-26 18:00:00,18,30,30,0.0,4.0,22.0,4.0,0.0,1.0,7,6,15,2,17,2,29.883,446.0,327.0,1074.0,26.7,4.0,9.92,roster,0,90.0,75.0,0.9783,110.88,4.0645,0.75,0.6048,3.0,64.35,14.76,26.8,24.97,26.85
2024-11-26 19:00:00,19,32,32,1.0,5.0,22.0,4.0,0.0,1.0,7,6,17,2,19,2,30.883,485.0,242.0,1134.0,27.7,4.0,9.92,roster,0,99.0,80.0,1.1786,118.3,4.3462,0.8,0.6048,3.0938,68.64,16.5,26.8,26.37,28.35
2024-11-26 20:00:00,20,37,37,0.0,7.0,24.0,5.0,1.0,1.0,11,12,18,2,20,2,28.7,518.0,302.0,1194.0,28.7,4.0,10.2,roster,0,111.0,92.5,1.3875,131.29,6.3044,0.925,1.1765,3.0,79.36,17.37,26.8,27.76,29.85
2024-11-26 21:00:00,21,39,39,0.0,7.0,29.0,3.0,0.0,1.0,11,11,17,1,18,1,29.7,529.0,328.0,661.0,29.7,4.0,10.2,roster,0,121.0,97.5,1.375,108.05,6.3709,0.975,1.0784,3.1026,83.66,15.63,13.4,15.37,16.525
2024-11-26 22:00:00,22,31,31,0.0,7.0,23.0,1.0,0.0,1.0,3,2,18,0,18,0,30.7,546.0,261.0,714.0,30.7,3.0,6.95,roster,0,99.0,77.5,1.5,78.73,3.394,0.775,0.2878,3.1935,66.5,15.63,0.0,16.6,17.85
2024-11-26 23:00:00,23,33,33,0.0,7.0,24.0,2.0,0.0,1.0,6,4,20,0,20,0,31.7,533.5,307.0,774.0,31.7,3.0,6.95,roster,0,104.0,82.5,1.7333,86.15,4.4138,0.825,0.5755,3.1515,70.78,17.37,0.0,18.0,19.35
2024-11-27 00:00:00,0,30,30,0.0,7.0,21.0,2.0,0.0,1.0,3,3,21,0,21,0,32.7,542.0,265.0,806.0,32.7,3.0,6.95,roster,0,95.0,75.0,1.6667,81.32,3.7419,0.75,0.4317,3.1667,64.35,18.23,0.0,18.74,20.15
2024-11-27 01:00:00,1,32,32,0.0,8.0,21.0,3.0,0.0,1.0,5,5,21,0,21,0,33.7,602.0,325.0,866.0,33.7,3.0,6.95,roster,0,101.0,80.0,1.7719,87.01,4.7957,0.8,0.7194,3.1562,68.64,18.23,0.0,20.13,21.65
2024-11-27 02:00:00,2,34,34,0.0,8.0,24.0,2.0,0.0,1.0,5,5,22,0,22,0,34.7,654.0,318.0,926.0,34.7,3.0,6.95,roster,0,108.0,85.0,2.0,93.56,4.9852,0.85,0.7194,3.1765,72.93,19.1,0.0,21.53,23.15
2024-11-27 03:00:00,3,31,31,0.0,8.0,23.0,0.0,0.0,1.0,1,2,23,0,23,0,35.7,706.0,373.0,986.0,35.7,3.0,6.95,roster,0,101.0,77.5,1.9804,89.39,3.4626,0.775,0.2878,3.2581,66.5,19.97,0.0,22.92,24.65
2024-11-27 04:00:00,4,31,31,0.0,8.0,23.0,0.0,0.0,1.0,2,1,23,0,23,0,36.7,766.0,433.0,1046.0,36.7,3.0,6.95,roster,0,101.0,77.5,1.9804,90.79,2.9938,0.775,0.1439,3.2581,66.5,19.97,0.0,24.32,26.15
2024-11-27 05:00:00,5,31,31,0.0,8.0,22.0,1.0,0.0,1.0,2,2,23,0,23,0,37.7,826.0,493.0,1106.0,37.7,3.0,6.95,roster,0,100.0,77.5,1.9608,92.18,3.4283,0.775,0.2878,3.2258,66.5,19.97,0.0,25.71,27.65
2024-11-27 06:00:00,6,31,31,0.0,8.0,23.0,0.0,0.0,1.0,1,1,23,0,23,0,38.7,886.0,553.0,1166.0,38.7,3.0,6.95,roster,0,101.0,77.5,1.9804,93.58,2.9938,0.775,0.1439,3.2581,66.5,19.97,0.0,27.11,29.15
2024-11-27 07:00:00,7,34,34,1.0,8.0,23.0,2.0,0.0,1.0,4,4,24,0,24,0,39.7,937.0,613.0,1226.0,39.7,3.0,6.95,roster,0,110.0,85.0,2.2917,102.27,4.612,0.85,0.5755,3.2353,72.93,20.84,0.0,28.5,30.65
2024-11-27 08:00:00,8,36,36,1.0,8.0,25.0,2.0,0.0,1.0,4,4,25,1,26,1,40.7,924.5,603.0,1265.0,40.7,3.0,6.43,roster,0,116.0,90.0,2.7619,122.61,4.9045,0.9,0.6221,3.2222,77.22,22.58,13.4,29.41,31.625
2024-11-27 09:00:00,9,35,35,1.0,7.0,26.0,1.0,0.0,1.0,3,3,25,1,26,1,41.7,914.0,628.0,1271.0,41.7,3.0,6.43,roster,0,113.0,87.5,2.6905,120.6,4.3313,0.875,0.4666,3.2286,75.08,22.58,13.4,29.55,31.775
2024-11-27 10:00:00,10,38,38,0.0,9.0,28.0,1.0,0.0,1.0,6,6,24,0,24,0,42.7,1044.5,737.0,1385.0,42.7,4.0,9.68,roster,0,122.0,95.0,1.9062,114.55,5.04,0.95,0.6198,3.2105,81.51,20.84,0.0,32.2,34.625
2024-11-27 11:00:00,11,40,40,0.0,6.0,31.0,3.0,0.0,1.0,8,8,21,1,22,1,39.017,942.5,652.0,1391.0,39.017,4.0,9.68,roster,0,123.0,100.0,1.7083,130.64,5.6163,1.0,0.8264,3.075,85.8,19.1,13.4,32.34,34.775
2024-11-27 12:00:00,12,46,46,1.0,6.0,34.0,5.0,0.0,1.0,12,11,22,1,23,1,35.983,857.0,162.0,1365.0,35.9,4.0,9.68,roster,0,141.0,115.0,2.0735,143.78,7.0082,1.15,1.1364,3.0652,98.67,19.97,13.4,31.74,34.125
2024-11-27 13:00:00,13,45,45,3.0,6.0,33.0,3.0,0.0,1.0,6,6,24,2,26,2,36.983,820.0,169.0,1322.0,36.9,4.0,9.68,roster,0,144.0,112.5,2.5714,156.64,5.5835,1.125,0.6198,3.2,96.52,22.58,26.8,30.74,33.05
2024-11-27 14:00:00,14,42,42,3.0,6.0,30.0,3.0,0.0,1.0,6,7,22,4,26,4,37.9,450.0,177.0,1221.0,37.9,4.0,9.68,roster,0,135.0,105.0,2.4107,174.65,5.6994,1.05,0.7231,3.2143,90.09,22.58,53.6,28.39,30.525
2024-11-27 15:00:00,15,40,40,3.0,8.0,26.0,3.0,0.0,1.0,4,4,21,5,26,5,38.9,321.5,189.0,1037.0,38.9,4.0,9.68,roster,0,131.0,100.0,2.3393,179.49,4.6283,1.0,0.4132,3.275,85.8,22.58,67.0,24.11,25.925
2024-11-27 16:00:00,16,40,40,2.0,8.0,24.0,6.0,0.0,1.0,10,10,18,3,21,3,39.9,402.0,249.0,1097.0,39.9,4.0,9.68,roster,0,126.0,100.0,1.6579,149.74,6.4041,1.0,1.0331,3.15,85.8,18.23,40.2,25.51,27.425
2024-11-27 17:00:00,17,36,36,2.0,7.0,23.0,4.0,0.0,1.0,4,4,17,3,20,3,40.9,435.5,309.0,1157.0,40.9,4.0,9.68,roster,0,115.0,90.0,1.4375,141.69,4.195,0.9,0.4132,3.1944,77.22,17.37,40.2,26.9,28.925
2024-11-27 18:00:00,18,27,27,2.0,4.0,17.0,4.0,0.0,1.0,4,5,16,2,18,2,41.9,588.0,369.0,1217.0,41.9,4.0,9.68,roster,0,85.0,67.5,0.9659,108.64,3.7511,0.675,0.5165,3.1481,57.92,15.63,26.8,28.3,30.425
2024-11-27 19:00:00,19,34,34,3.0,5.0,19.0,7.0,0.0,1.0,11,11,16,3,19,3,42.9,582.0,411.0,1277.0,42.9,4.0,9.68,roster,0,106.0,85.0,1.2619,139.32,6.1928,0.85,1.1364,3.1176,72.93,16.5,40.2,29.69,31.925
2024-11-27 20:00:00,20,36,36,3.0,6.0,19.0,8.0,0.0,1.0,11,10,18,3,21,3,33.9,529.0,291.0,1192.0,33.9,4.0,11.44,roster,0,112.0,90.0,1.4737,143.37,5.5195,0.9,0.8741,3.1111,77.22,18.23,40.2,27.71,29.8
2024-11-27 21:00:00,21,44,44,4.0,7.0,26.0,7.0,0.0,1.0,11,12,18,3,21,3,34.9,589.0,215.0,1252.0,34.9,4.0,11.44,roster,0,140.0,110.0,1.8421,161.92,6.8376,1.1,1.049,3.1818,94.38,18.23,40.2,29.11,31.3
2024-11-27 22:00:00,22,43,43,3.0,8.0,25.0,7.0,0.0,1.0,12,12,15,3,18,3,35.9,663.0,275.0,1312.0,35.9,3.0,8.19,roster,0,136.0,107.5,2.0606,158.57,8.0341,1.075,1.4652,3.1628,92.24,15.63,40.2,30.5,32.8
2024-11-27 23:00:00,23,37,37,2.0,7.0,23.0,5.0,0.0,1.0,9,8,17,3,20,3,36.9,667.0,194.0,1372.0,36.9,3.0,8.19,roster,0,117.0,92.5,1.95,148.83,6.0138,0.925,0.9768,3.1622,79.36,17.37,40.2,31.9,34.3
2024-11-28 00:00:00,0,33,33,1.0,7.0,22.0,3.0,0.0,1.0,10,9,17,2,19,2,37.9,743.0,186.0,1432.0,37.9,3.0,8.19,roster,0,105.0,82.5,1.6667,127.38,6.1215,0.825,1.0989,3.1818,70.78,16.5,26.8,33.29,35.8
2024-11-28 01:00:00,1,32,32,1.0,8.0,20.0,3.0,0.0,1.0,6,7,20,2,22,2,38.9,716.5,218.0,1146.0,38.9,3.0,8.19,roster,0,103.0,80.0,1.9074,121.19,5.3261,0.8,0.8547,3.2188,68.64,19.1,26.8,26.64,28.65
2024-11-28 02:00:00,2,28,28,2.0,7.0,17.0,2.0,0.0,1.0,3,3,20,1,21,1,39.9,831.0,278.0,1206.0,39.9,3.0,8.19,roster,0,93.0,70.0,1.6316,99.73,3.5416,0.7,0.3663,3.3214,60.06,18.23,13.4,28.04,30.15
2024-11-28 03:00:00,3,26,26,2.0,7.0,15.0,2.0,0.0,1.0,0,0,20,2,22,2,40.9,836.5,263.0,1266.0,40.9,3.0,8.19,roster,0,87.0,65.0,1.6111,111.11,2.175,0.65,0.0,3.3462,55.77,19.1,26.8,29.43,31.65
2024-11-28 04:00:00,4,29,29,3.0,7.0,16.0,3.0,0.0,1.0,3,3,20,2,22,2,41.9,896.5,323.0,1326.0,41.9,3.0,8.19,roster,0,97.0,72.5,1.7963,118.94,3.6502,0.725,0.3663,3.3448,62.2,19.1,26.8,30.83,33.15
2024-11-28 05:00:00,5,28,28,3.0,6.0,17.0,2.0,0.0,1.0,1,1,19,3,22,3,42.9,956.5,336.0,1386.0,42.9,3.0,8.19,roster,0,94.0,70.0,1.7407,131.59,2.7599,0.7,0.1221,3.3571,60.06,19.1,40.2,32.22,34.65
2024-11-28 06:00:00,6,30,30,3.0,6.0,19.0,2.0,0.0,1.0,4,3,19,2,21,2,43.9,1071.0,396.0,1446.0,43.9,3.0,8.19,roster,0,100.0,75.0,1.7544,123.0,3.721,0.75,0.3663,3.3333,64.35,18.23,26.8,33.62,36.15
2024-11-28 07:00:00,7,29,29,2.0,7.0,18.0,2.0,0.0,1.0,1,1,19,1,20,1,44.9,1147.0,533.0,1852.0,44.9,3.0,8.19,roster,0,96.0,72.5,1.6,116.03,2.8042,0.725,0.1221,3.3103,62.2,17.37,13.4,43.06,46.3
2024-11-28 08:00:00,8,35,35,2.0,7.0,24.0,2.0,0.0,1.0,9,9,20,1,21,1,45.9,1191.0,516.0,1566.0,45.9,3.0,6.59,roster,0,114.0,87.5,2.0,123.12,7.2983,0.875,1.3657,3.2571,75.08,18.23,13.4,36.41,39.15
2024-11-28 09:00:00,9,38,38,2.0,7.0,25.0,4.0,0.0,1.0,8,8,23,1,24,1,44.45,746.0,462.0,1554.0,44.45,3.0,6.59,roster,0,121.0,95.0,2.5208,131.88,6.8905,0.95,1.214,3.1842,81.51,20.84,13.4,36.13,38.85
2024-11-28 10:00:00,10,43,43,1.0,9.0,32.0,1.0,0.0,1.0,15,15,21,0,21,0,45.45,912.0,600.0,1614.0,45.45,4.0,9.68,roster,0,139.0,107.5,1.8289,127.99,8.4841,1.075,1.5496,3.2326,92.24,18.23,0.0,37.53,40.35
2024-11-28 11:00:00,11,43,43,1.0,8.0,32.0,2.0,0.0,1.0,9,9,22,0,22,0,46.45,734.5,191.0,1542.0,46.45,4.0,9.68,roster,0,137.0,107.5,1.9028,127.19,6.3872,1.075,0.9298,3.186,92.24,19.1,0.0,35.85,38.55
2024-11-28 12:00:00,12,42,42,1.0,9.0,31.0,1.0,0.0,1.0,7,7,22,0,22,0,47.45,514.0,148.0,1463.0,47.45,4.0,9.68,roster,0,136.0,105.0,1.8889,123.21,5.7416,1.05,0.7231,3.2381,90.09,19.1,0.0,34.01,36.575
2024-11-28 13:00:00,13,40,40,1.0,9.0,28.0,2.0,0.0,1.0,8,8,21,0,21,0,48.45,346.0,208.0,1092.0,48.45,4.0,9.68,roster,0,129.0,100.0,1.6974,109.42,5.8903,1.0,0.8264,3.225,85.8,18.23,0.0,25.39,27.3
2024-11-28 14:00:00,14,36,36,1.0,6.0,28.0,1.0,0.0,1.0,5,5,20,0,20,0,30.9,385.0,248.0,1094.0,30.9,4.0,9.68,roster,0,115.0,90.0,1.4375,100.02,4.525,0.9,0.5165,3.1944,77.22,17.37,0.0,25.44,27.35
2024-11-28 15:00:00,15,37,37,1.0,7.0,28.0,1.0,0.0,1.0,8,8,16,0,16,0,30.617,410.0,308.0,1013.0,29.7,4.0,9.68,roster,0,119.0,92.5,1.2396,96.81,5.633,0.925,0.8264,3.2162,79.36,13.89,0.0,23.55,25.325
2024-11-28 16:00:00,16,36,36,2.0,4.0,29.0,1.0,0.0,1.0,7,7,15,0,15,0,31.617,421.0,329.0,996.0,28.383,4.0,9.68,roster,0,115.0,90.0,1.15,93.4,5.185,0.9,0.7231,3.1944,77.22,13.02,0.0,23.16,24.9
2024-11-28 17:00:00,17,33,33,1.0,4.0,26.0,2.0,0.0,1.0,8,8,16,0,16,0,29.383,464.5,389.0,1056.0,29.383,4.0,9.68,roster,0,103.0,82.5,1.0729,89.23,5.1545,0.825,0.8264,3.1212,70.78,13.89,0.0,24.55,26.4
2024-11-28 18:00:00,18,31,31,1.0,4.0,21.0,5.0,0.0,1.0,8,7,14,0,14,0,30.383,524.5,429.0,1116.0,30.383,4.0,9.68,roster,0,94.0,77.5,0.9038,84.6,4.5427,0.775,0.7231,3.0323,66.5,12.16,0.0,25.95,27.9
2024-11-28 19:00:00,19,26,26,2.0,4.0,19.0,1.0,0.0,1.0,5,4,14,0,14,0,31.383,584.5,489.0,1176.0,31.383,4.0,9.68,roster,0,85.0,65.0,0.8173,75.27,3.4759,0.65,0.4132,3.2692,55.77,12.16,0.0,27.34,29.4
2024-11-28 20:00:00,20,31,31,2.0,6.0,22.0,1.0,0.0,1.0,12,11,14,0,14,0,32.383,618.0,464.0,766.0,32.383,4.0,9.87,roster,0,102.0,77.5,0.9808,76.46,6.217,0.775,1.1145,3.2903,66.5,12.16,0.0,17.81,19.15
2024-11-28 21:00:00,21,27,27,2.0,6.0,19.0,0.0,0.0,1.0,5,3,14,0,14,0,26.2,648.5,415.0,819.0,26.2,4.0,9.87,roster,0,91.0,67.5,0.875,69.11,3.2994,0.675,0.304,3.3704,57.92,12.16,0.0,19.04,20.475
2024-11-28 22:00:00,22,27,27,2.0,6.0,17.0,2.0,0.0,1.0,8,6,14,0,14,0,27.2,708.5,475.0,879.0,27.2,3.0,6.78,roster,0,89.0,67.5,1.141,70.51,5.1421,0.675,0.885,3.2963,57.92,12.16,0.0,20.44,21.975
2024-11-28 23:00:00,23,30,30,2.0,5.0,20.0,3.0,0.0,1.0,9,8,15,0,15,0,28.2,749.0,269.0,939.0,28.2,3.0,6.78,roster,0,96.0,75.0,1.28,79.21,6.1758,0.75,1.1799,3.2,64.35,13.02,0.0,21.83,23.475
2024-11-29 00:00:00,0,28,28,2.0,4.0,21.0,1.0,0.0,1.0,7,6,15,0,15,0,29.2,809.0,329.0,999.0,29.2,3.0,6.78,roster,0,91.0,70.0,1.2133,76.31,5.1511,0.7,0.885,3.25,60.06,13.02,0.0,23.23,24.975
2024-11-29 01:00:00,1,23,23,2.0,4.0,17.0,0.0,0.0,1.0,1,1,16,0,16,0,30.2,859.0,389.0,1059.0,30.2,3.0,6.78,roster,0,77.0,57.5,1.0694,67.85,2.4188,0.575,0.1475,3.3478,49.33,13.89,0.0,24.62,26.475
2024-11-29 02:00:00,2,26,26,2.0,5.0,19.0,0.0,0.0,1.0,3,3,16,0,16,0,31.2,919.0,449.0,1119.0,31.2,3.0,6.78,roster,0,87.0,65.0,1.2083,75.68,3.6556,0.65,0.4425,3.3462,55.77,13.89,0.0,26.02,27.975
2024-11-29 03:00:00,3,27,27,2.0,6.0,19.0,0.0,0.0,1.0,3,3,16,0,16,0,32.2,979.0,509.0,1179.0,32.2,3.0,6.78,roster,0,91.0,67.5,1.2639,79.22,3.7663,0.675,0.4425,3.3704,57.92,13.89,0.0,27.41,29.475
2024-11-29 04:00:00,4,29,29,2.0,6.0,20.0,1.0,0.0,1.0,4,4,17,0,17,0,33.2,1029.0,513.0,1141.0,33.2,3.0,6.78,roster,0,96.0,72.5,1.3913,83.49,4.353,0.725,0.59,3.3103,62.2,14.76,0.0,26.53,28.525
2024-11-29 05:00:00,5,24,24,2.0,6.0,16.0,0.0,0.0,1.0,0,0,17,0,17,0,34.2,1089.0,573.0,1201.0,34.2,3.0,6.78,roster,0,82.0,60.0,1.1884,74.16,2.05,0.6,0.0,3.4167,51.48,14.76,0.0,27.92,30.025
2024-11-29 06:00:00,6,25,25,2.0,6.0,17.0,0.0,0.0,1.0,1,1,17,0,17,0,35.2,1149.0,633.0,1261.0,35.2,3.0,6.78,roster,0,85.0,62.5,1.2319,77.7,2.6265,0.625,0.1475,3.4,53.62,14.76,0.0,29.32,31.525
2024-11-29 07:00:00,7,27,27,2.0,6.0,19.0,0.0,0.0,1.0,4,3,17,0,17,0,36.2,1209.0,693.0,1321.0,36.2,3.0,6.78,roster,0,91.0,67.5,1.3188,83.39,3.7663,0.675,0.4425,3.3704,57.92,14.76,0.0,30.71,33.025
2024-11-29 08:00:00,8,26,26,1.0,6.0,19.0,0.0,0.0,1.0,2,3,17,0,17,0,37.2,1269.0,753.0,1381.0,37.2,3.0,6.62,roster,0,86.0,65.0,1.2464,82.64,3.649,0.65,0.4532,3.3077,55.77,14.76,0.0,32.11,34.525
2024-11-29 09:00:00,9,29,29,2.0,6.0,21.0,0.0,0.0,1.0,7,7,17,0,17,0,38.2,1329.0,813.0,1441.0,38.2,3.0,6.62,roster,0,97.0,72.5,1.4058,90.47,5.9618,0.725,1.0574,3.3448,62.2,14.76,0.0,33.5,36.025
2024-11-29 10:00:00,10,33,33,4.0,8.0,21.0,0.0,0.0,1.0,7,7,18,0,18,0,39.2,1346.5,865.0,1501.0,39.2,4.0,10.32,roster,0,115.0,82.5,1.3068,101.31,5.2388,0.825,0.6783,3.4848,70.78,15.63,0.0,34.9,37.525
2024-11-29 11:00:00,11,40,40,4.0,9.0,27.0,0.0,0.0,1.0,10,10,22,0,22,0,40.2,1122.0,131.0,1528.0,40.2,4.0,10.32,roster,0,137.0,100.0,1.9028,120.43,6.7438,1.0,0.969,3.425,85.8,19.1,0.0,35.53,38.2
2024-11-29 12:00:00,12,28,28,4.0,7.0,17.0,0.0,0.0,1.0,2,1,19,1,20,1,41.2,180.0,116.0,1315.0,41.2,4.0,10.32,roster,0,99.0,70.0,1.2375,101.4,2.8176,0.7,0.0969,3.5357,60.06,17.37,13.4,30.57,32.875
2024-11-29 13:00:00,13,27,27,2.0,6.0,19.0,0.0,0.0,1.0,5,5,15,1,16,1,42.2,221.0,171.0,1375.0,42.2,4.0,10.32,roster,0,91.0,67.5,0.9479,97.18,3.9079,0.675,0.4845,3.3704,57.92,13.89,13.4,31.97,34.375
2024-11-29 14:00:00,14,28,28,1.0,6.0,21.0,0.0,0.0,1.0,10,9,11,0,11,0,43.2,712.0,225.0,1629.0,43.2,4.0,10.32,roster,0,92.0,70.0,0.7931,87.49,5.1654,0.7,0.8721,3.2857,60.06,9.55,0.0,37.87,40.725
2024-11-29 15:00:00,15,21,21,0.0,2.0,18.0,1.0,0.0,1.0,5,4,10,0,10,0,28.15,288.0,88.0,1165.0,28.15,4.0,10.32,roster,0,64.0,52.5,0.5333,60.81,2.7812,0.525,0.3876,3.0476,45.04,8.68,0.0,27.09,29.125
2024-11-29 16:00:00,16,17,17,0.0,2.0,15.0,0.0,0.0,1.0,1,1,11,0,11,0,29.15,321.0,123.0,375.0,29.15,4.0,10.32,roster,0,53.0,42.5,0.4569,34.74,1.6271,0.425,0.0969,3.1176,36.46,9.55,0.0,8.72,9.375
2024-11-29 17:00:00,17,20,20,0.0,3.0,17.0,0.0,0.0,1.0,6,5,11,0,11,0,30.15,381.0,183.0,435.0,30.15,4.0,10.32,roster,0,63.0,50.0,0.5431,42.57,3.1012,0.5,0.4845,3.15,42.9,9.55,0.0,10.11,10.875
2024-11-29 18:00:00,18,23,23,0.0,4.0,19.0,0.0,0.0,1.0,6,6,14,0,14,0,31.15,258.5,179.0,471.0,31.15,4.0,10.32,roster,0,73.0,57.5,0.7019,52.44,3.6703,0.575,0.5814,3.1739,49.33,12.16,0.0,10.95,11.775
2024-11-29 19:00:00,19,25,25,0.0,4.0,21.0,0.0,0.0,1.0,7,7,13,0,13,0,32.15,303.0,162.0,531.0,32.15,4.0,10.32,roster,0,79.0,62.5,0.7315,57.26,4.1184,0.625,0.6783,3.16,53.62,11.29,0.0,12.35,13.275
2024-11-29 20:00:00,20,26,26,0.0,3.0,23.0,0.0,0.0,1.0,9,9,9,0,9,0,33.15,369.0,197.0,591.0,33.15,4.0,10.89,roster,0,81.0,65.0,0.6532,57.33,4.5997,0.65,0.8264,3.1154,55.77,7.81,0.0,13.74,14.775
2024-11-29 21:00:00,21,34,34,0.0,3.0,31.0,0.0,0.0,1.0,14,14,9,1,10,1,34.15,394.0,252.0,651.0,34.15,4.0,10.89,roster,0,105.0,85.0,0.875,90.15,6.5952,0.85,1.2856,3.0882,72.93,8.68,13.4,15.14,16.275
2024-11-29 22:00:00,22,28,28,0.0,2.0,25.0,1.0,0.0,1.0,13,12,7,0,7,0,26.733,317.0,64.0,681.0,11.85,3.0,7.19,roster,0,85.0,70.0,0.8586,61.97,7.1916,0.7,1.669,3.0357,60.06,6.08,0.0,15.83,17.025
2024-11-29 23:00:00,23,27,27,0.0,1.0,25.0,1.0,0.0,1.0,11,10,7,0,7,0,27.733,377.0,124.0,741.0,12.85,3.0,7.19,roster,0,81.0,67.5,0.8182,61.22,6.1975,0.675,1.3908,3.0,57.92,6.08,0.0,17.23,18.525
2024-11-30 00:00:00,0,28,28,1.0,3.0,23.0,1.0,0.0,1.0,9,8,8,0,8,0,28.733,420.5,184.0,801.0,13.85,3.0,7.19,roster,0,88.0,70.0,0.9167,65.63,5.6969,0.7,1.1127,3.1429,60.06,6.95,0.0,18.62,20.025
2024-11-30 01:00:00,1,25,25,1.0,3.0,21.0,0.0,0.0,1.0,4,4,10,0,10,0,29.733,354.0,170.0,599.0,14.85,3.0,7.19,roster,0,80.0,62.5,0.8889,56.23,3.7803,0.625,0.5563,3.2,53.62,8.68,0.0,13.93,14.975
2024-11-30 02:00:00,2,20,20,1.0,2.0,17.0,0.0,0.0,1.0,2,2,10,0,10,0,30.733,414.0,230.0,659.0,15.85,3.0,7.19,roster,0,64.0,50.0,0.7111,46.9,2.4901,0.5,0.2782,3.2,42.9,8.68,0.0,15.32,16.475
2024-11-30 03:00:00,3,20,20,1.0,2.0,17.0,0.0,0.0,1.0,4,4,10,0,10,0,31.733,474.0,290.0,719.0,16.85,3.0,7.19,roster,0,64.0,50.0,0.7111,48.3,3.3803,0.5,0.5563,3.2,42.9,8.68,0.0,16.72,17.975
2024-11-30 04:00:00,4,18,18,1.0,2.0,15.0,0.0,0.0,1.0,1,1,12,0,12,0,32.733,422.5,287.0,779.0,17.85,3.0,7.19,roster,0,58.0,45.0,0.6905,47.14,1.8982,0.45,0.1391,3.2222,38.61,10.42,0.0,18.11,19.475
2024-11-30 05:00:00,5,20,20,1.0,2.0,16.0,1.0,0.0,1.0,3,3,12,0,12,0,33.733,482.5,347.0,839.0,18.85,3.0,7.19,roster,0,63.0,50.0,0.75,52.83,2.8893,0.5,0.4172,3.15,42.9,10.42,0.0,19.51,20.975
2024-11-30 06:00:00,6,20,20,1.0,3.0,16.0,0.0,0.0,1.0,2,2,12,0,12,0,34.733,542.5,407.0,899.0,19.85,3.0,7.19,roster,0,65.0,50.0,0.7738,54.22,2.529,0.5,0.2782,3.25,42.9,10.42,0.0,20.9,22.475
2024-11-30 07:00:00,7,21,21,1.0,3.0,17.0,0.0,0.0,1.0,2,2,12,0,12,0,35.733,602.5,467.0,959.0,20.85,3.0,7.19,roster,0,68.0,52.5,0.8095,57.76,2.6007,0.525,0.2782,3.2381,45.04,10.42,0.0,22.3,23.975
2024-11-30 08:00:00,8,23,23,1.0,4.0,18.0,0.0,0.0,1.0,4,3,12,0,12,0,36.733,662.5,527.0,1019.0,21.85,3.0,7.78,roster,0,75.0,57.5,0.8929,63.45,3.1324,0.575,0.3856,3.2609,49.33,10.42,0.0,23.69,25.475
2024-11-30 09:00:00,9,27,27,2.0,4.0,20.0,1.0,0.0,1.0,8,7,10,0,10,0,37.733,834.0,587.0,1079.0,22.85,3.0,7.78,roster,0,88.0,67.5,0.9778,71.68,5.1325,0.675,0.8997,3.2593,57.92,8.68,0.0,25.09,26.975
2024-11-30 10:00:00,10,22,22,2.0,3.0,15.0,2.0,0.0,1.0,3,3,10,0,10,0,23.85,539.0,108.0,1004.0,23.85,4.0,11.48,roster,0,71.0,55.0,0.5917,59.22,2.6184,0.55,0.2613,3.2273,47.19,8.68,0.0,23.34,25.1
2024-11-30 11:00:00,11,18,18,2.0,2.0,12.0,2.0,0.0,1.0,5,5,7,1,8,1,18.283,324.5,148.0,1064.0,18.283,4.0,11.48,roster,0,58.0,45.0,0.4531,63.69,2.8534,0.45,0.4355,3.2222,38.61,6.95,13.4,24.74,26.6
2024-11-30 12:00:00,12,22,22,1.0,3.0,13.0,5.0,0.0,1.0,10,9,9,1,10,1,19.283,175.0,102.0,541.0,19.283,4.0,11.48,roster,0,66.0,55.0,0.55,61.85,4.0019,0.55,0.784,3.0,47.19,8.68,13.4,12.58,13.525
2024-11-30 13:00:00,13,28,28,1.0,5.0,17.0,5.0,0.0,1.0,12,10,8,2,10,2,20.283,186.0,141.0,601.0,20.283,4.0,11.48,roster,0,86.0,70.0,0.7167,89.52,4.8255,0.7,0.8711,3.0714,60.06,8.68,26.8,13.97,15.025
2024-11-30 14:00:00,14,28,28,0.0,5.0,17.0,6.0,0.0,1.0,12,11,7,2,9,2,8.533,150.0,92.0,230.0,5.467,4.0,11.48,roster,0,83.0,70.0,0.6694,80.02,4.9153,0.7,0.9582,2.9643,60.06,7.81,26.8,5.35,5.75
2024-11-30 15:00:00,15,20,20,0.0,4.0,13.0,3.0,0.0,1.0,3,3,3,2,5,2,9.533,152.0,146.0,210.0,6.467,4.0,11.48,roster,0,61.0,50.0,0.4357,58.92,2.322,0.5,0.2613,3.05,42.9,4.34,26.8,4.88,5.25
2024-11-30 16:00:00,16,19,19,0.0,4.0,12.0,3.0,0.0,1.0,8,7,2,1,3,1,10.533,206.0,90.0,270.0,4.5,4.0,11.48,roster,0,58.0,47.5,0.3919,43.04,3.3114,0.475,0.6098,3.0526,40.75,2.6,13.4,6.28,6.75
2024-11-30 17:00:00,17,21,21,1.0,3.0,14.0,3.0,0.0,1.0,6,6,4,2,6,2,11.533,127.0,97.0,266.0,5.5,4.0,11.48,roster,0,65.0,52.5,0.4779,63.24,3.2427,0.525,0.5226,3.0952,45.04,5.21,26.8,6.18,6.65
2024-11-30 18:00:00,18,21,21,2.0,3.0,14.0,2.0,0.0,1.0,11,9,3,2,5,2,12.533,210.0,157.0,326.0,6.5,4.0,11.48,roster,0,68.0,52.5,0.4857,63.77,4.2386,0.525,0.784,3.2381,45.04,4.34,26.8,7.58,8.15
2024-11-30 19:00:00,19,21,21,1.0,4.0,14.0,2.0,0.0,1.0,9,9,5,1,6,1,13.533,240.5,66.0,386.0,7.5,4.0,11.48,roster,0,67.0,52.5,0.4926,52.63,4.1762,0.525,0.784,3.1905,45.04,5.21,13.4,8.97,9.65
2024-11-30 20:00:00,20,23,23,2.0,4.0,14.0,3.0,0.0,1.0,14,12,5,1,6,1,14.533,195.5,109.0,330.0,8.5,4.0,11.03,roster,0,74.0,57.5,0.5441,55.62,5.3503,0.575,1.0879,3.2174,49.33,5.21,13.4,7.67,8.25
2024-11-30 21:00:00,21,25,25,2.0,3.0,14.0,6.0,0.0,1.0,10,10,8,2,10,2,15.533,110.5,78.0,169.0,9.5,4.0,11.03,roster,0,76.0,62.5,0.6333,73.04,4.6561,0.625,0.9066,3.04,53.62,8.68,26.8,3.93,4.225
2024-11-30 22:00:00,22,25,25,2.0,3.0,17.0,3.0,0.0,1.0,14,12,9,0,9,0,16.533,122.0,80.0,138.0,4.0,3.0,7.33,roster,0,79.0,62.5,0.8495,44.65,7.1483,0.625,1.6371,3.16,53.62,7.81,0.0,3.21,3.45
2024-11-30 23:00:00,23,22,22,1.0,3.0,13.0,5.0,0.0,1.0,10,10,7,2,9,2,17.533,136.0,92.0,182.0,4.267,3.0,7.33,roster,0,66.0,55.0,0.7097,66.04,5.7428,0.55,1.3643,3.0,47.19,7.81,26.8,4.23,4.55
