ts,hour,total,census,l1,l2,l3,l4,l5,tri_coverage,arrivals,arrival_present_1h,waitBed,waitICU,D_board,resus,maxLOS_h,awt_curr_min,board_q1_min,board_q3_min,board_max_h,Na,cap_sum,cap_source,src_gap,acuity,OCCUPANCY,EDWIN,NEDOCS,READI,READI_BR,READI_PR,READI_AR,NEDOCS_t_total,NEDOCS_t_board,NEDOCS_t_resus,NEDOCS_t_longest_admit,NEDOCS_E_h
2021-09-01 00:00:00,0,24,24,1.0,4.0,19.0,0.0,0.0,1.0,4,3,12,2,14,2,25.867,298.5,238.0,473.0,25.867,3.0,6.55,roster,0,78.0,60.0,1.0,81.43,3.4385,0.6,0.458,3.25,51.48,12.16,26.8,11.0,11.825
2021-09-01 01:00:00,1,21,21,1.0,4.0,15.0,1.0,0.0,1.0,3,3,12,2,14,2,26.867,358.5,298.0,533.0,26.867,3.0,6.55,roster,0,68.0,52.5,0.8718,76.39,3.1831,0.525,0.458,3.2381,45.04,12.16,26.8,12.39,13.325
2021-09-01 02:00:00,2,25,25,1.0,5.0,17.0,2.0,0.0,1.0,5,5,13,2,15,2,27.867,405.0,318.0,593.0,27.867,3.0,6.55,roster,0,80.0,62.5,1.0667,87.24,4.4427,0.625,0.7634,3.2,53.62,13.02,26.8,13.79,14.825
2021-09-01 03:00:00,3,22,22,1.0,5.0,16.0,0.0,0.0,1.0,1,1,13,1,14,1,28.867,478.5,418.0,653.0,28.867,3.0,6.55,roster,0,73.0,55.0,0.9359,67.93,2.3316,0.55,0.1527,3.3182,47.19,12.16,13.4,15.18,16.325
2021-09-01 04:00:00,4,21,21,1.0,4.0,16.0,0.0,0.0,1.0,2,1,13,0,13,0,29.867,552.0,480.0,713.0,29.867,3.0,6.55,roster,0,69.0,52.5,0.8519,52.91,2.2266,0.525,0.1527,3.2857,45.04,11.29,0.0,16.58,17.825
2021-09-01 05:00:00,5,21,21,1.0,4.0,16.0,0.0,0.0,1.0,2,2,14,0,14,0,30.867,598.5,498.0,773.0,30.867,3.0,6.55,roster,0,69.0,52.5,0.8846,55.17,2.7283,0.525,0.3053,3.2857,45.04,12.16,0.0,17.97,19.325
2021-09-01 06:00:00,6,22,22,1.0,4.0,17.0,0.0,0.0,1.0,1,1,14,0,14,0,31.867,658.5,558.0,833.0,31.867,3.0,6.55,roster,0,72.0,55.0,0.9231,58.71,2.2997,0.55,0.1527,3.2727,47.19,12.16,0.0,19.37,20.825
2021-09-01 07:00:00,7,22,22,1.0,4.0,17.0,0.0,0.0,1.0,1,1,14,0,14,0,32.867,718.5,618.0,893.0,32.867,3.0,6.55,roster,0,72.0,55.0,0.9231,60.11,2.2997,0.55,0.1527,3.2727,47.19,12.16,0.0,20.76,22.325
2021-09-01 08:00:00,8,24,24,1.0,3.0,20.0,0.0,0.0,1.0,5,5,14,0,14,0,33.867,778.5,678.0,953.0,33.867,3.0,7.31,roster,0,77.0,60.0,0.9872,65.79,4.1195,0.6,0.684,3.2083,51.48,12.16,0.0,22.16,23.825
2021-09-01 09:00:00,9,26,26,1.0,4.0,20.0,1.0,0.0,1.0,6,6,13,0,13,0,34.867,825.0,673.0,1013.0,34.867,3.0,7.31,roster,0,83.0,65.0,1.0247,70.61,4.6952,0.65,0.8208,3.1923,55.77,11.29,0.0,23.55,25.325
2021-09-01 10:00:00,10,27,27,1.0,5.0,21.0,0.0,0.0,1.0,6,6,13,0,13,0,35.867,840.0,384.0,1073.0,35.867,4.0,11.01,roster,0,88.0,67.5,0.8148,74.15,3.9762,0.675,0.545,3.2593,57.92,11.29,0.0,24.95,26.825
2021-09-01 11:00:00,11,34,34,1.0,5.0,28.0,0.0,0.0,1.0,11,11,13,0,13,0,36.867,858.0,207.0,1133.0,36.867,4.0,11.01,roster,0,109.0,85.0,1.0093,90.56,5.928,0.85,0.9991,3.2059,72.93,11.29,0.0,26.34,28.325
2021-09-01 12:00:00,12,36,36,1.0,6.0,29.0,0.0,0.0,1.0,6,6,14,0,14,0,37.867,678.5,179.0,1037.0,37.867,4.0,11.01,roster,0,116.0,90.0,1.1154,93.49,4.656,0.9,0.545,3.2222,77.22,12.16,0.0,24.11,25.925
2021-09-01 13:00:00,13,34,34,2.0,5.0,26.0,1.0,0.0,1.0,5,5,15,1,16,1,38.867,280.0,154.0,978.0,38.867,4.0,11.01,roster,0,110.0,85.0,1.1458,102.96,4.2193,0.85,0.4541,3.2353,72.93,13.89,13.4,22.74,24.45
2021-09-01 14:00:00,14,24,24,2.0,2.0,18.0,2.0,0.0,1.0,2,3,8,0,8,0,25.883,384.0,214.0,1038.0,25.883,4.0,11.01,roster,0,76.0,60.0,0.5938,62.56,2.7629,0.6,0.2725,3.1667,51.48,6.95,0.0,24.13,25.95
2021-09-01 15:00:00,15,25,25,3.0,3.0,17.0,2.0,0.0,1.0,12,12,4,0,4,0,26.883,479.0,274.0,1613.0,26.883,4.0,11.01,roster,0,82.0,62.5,0.5694,74.6,5.6249,0.625,1.0899,3.28,53.62,3.47,0.0,37.5,40.325
2021-09-01 16:00:00,16,25,25,3.0,5.0,15.0,2.0,0.0,1.0,9,9,6,1,7,1,12.4,104.0,79.0,334.0,12.4,4.0,11.01,roster,0,84.0,62.5,0.6364,60.87,4.8466,0.625,0.8174,3.36,53.62,6.08,13.4,7.77,8.35
2021-09-01 17:00:00,17,28,28,3.0,5.0,18.0,2.0,0.0,1.0,6,6,8,1,9,1,13.4,139.0,100.0,294.0,13.4,4.0,11.01,roster,0,93.0,70.0,0.75,68.11,4.135,0.7,0.545,3.3214,60.06,7.81,13.4,6.84,7.35
2021-09-01 18:00:00,18,21,21,2.0,4.0,14.0,1.0,0.0,1.0,2,2,9,1,10,1,14.4,149.5,118.0,207.0,14.4,4.0,11.01,roster,0,70.0,52.5,0.5833,51.94,2.3555,0.525,0.1817,3.3333,45.04,8.68,13.4,4.81,5.175
2021-09-01 19:00:00,19,24,24,3.0,6.0,14.0,1.0,0.0,1.0,7,7,8,1,9,1,15.4,199.0,178.0,267.0,15.4,4.0,11.01,roster,0,83.0,60.0,0.6694,58.9,4.2738,0.6,0.6358,3.4583,51.48,7.81,13.4,6.21,6.675
2021-09-01 20:00:00,20,27,27,3.0,7.0,14.0,2.0,1.0,1.0,8,7,8,2,10,2,16.4,229.5,96.0,319.0,16.4,4.0,10.2,roster,0,90.0,67.5,0.75,80.81,4.5376,0.675,0.6863,3.3333,57.92,8.68,26.8,7.42,7.975
2021-09-01 21:00:00,21,17,17,0.0,4.0,10.0,2.0,1.0,1.0,7,7,5,0,5,0,7.817,98.0,79.0,144.0,2.433,4.0,10.2,roster,0,51.0,42.5,0.3643,24.15,3.3338,0.425,0.6863,3.0,36.46,4.34,0.0,3.35,3.6
2021-09-01 22:00:00,22,19,19,0.0,4.0,11.0,3.0,1.0,1.0,10,7,5,0,5,0,8.817,129.0,93.0,139.0,2.633,3.0,6.5,roster,0,56.0,47.5,0.5333,28.33,4.5741,0.475,1.0769,2.9474,40.75,4.34,0.0,3.23,3.475
2021-09-01 23:00:00,23,23,23,0.0,8.0,11.0,3.0,1.0,1.0,7,7,9,0,9,0,9.817,146.0,88.0,189.0,3.633,3.0,6.5,roster,0,72.0,57.5,0.7742,41.54,5.1712,0.575,1.0769,3.1304,49.33,7.81,0.0,4.39,4.725
2021-09-02 00:00:00,0,23,23,0.0,9.0,11.0,2.0,1.0,1.0,6,4,10,0,10,0,10.817,150.0,124.0,213.0,4.317,3.0,6.5,roster,0,74.0,57.5,0.8222,42.97,3.8299,0.575,0.6154,3.2174,49.33,8.68,0.0,4.95,5.325
2021-09-02 01:00:00,1,24,24,0.0,9.0,12.0,2.0,1.0,1.0,4,4,12,0,12,0,11.817,198.5,155.0,273.0,5.317,3.0,6.5,roster,0,77.0,60.0,0.9167,48.25,3.8994,0.6,0.6154,3.2083,51.48,10.42,0.0,6.35,6.825
2021-09-02 02:00:00,2,28,28,0.0,11.0,14.0,2.0,1.0,1.0,5,5,12,0,12,0,12.817,258.5,215.0,333.0,6.317,3.0,6.5,roster,0,91.0,70.0,1.0833,58.22,4.775,0.7,0.7692,3.25,60.06,10.42,0.0,7.74,8.325
2021-09-02 03:00:00,3,22,22,0.0,11.0,8.0,2.0,1.0,1.0,0,0,13,1,14,1,13.817,306.5,223.0,386.0,7.317,3.0,6.5,roster,0,73.0,55.0,0.9359,61.72,1.825,0.55,0.0,3.3182,47.19,12.16,13.4,8.97,9.65
2021-09-02 04:00:00,4,21,21,0.0,10.0,8.0,2.0,1.0,1.0,0,0,13,0,13,0,14.817,369.0,313.0,446.0,8.317,3.0,6.5,roster,0,69.0,52.5,0.8519,46.7,1.725,0.525,0.0,3.2857,45.04,11.29,0.0,10.37,11.15
2021-09-02 05:00:00,5,22,22,0.0,10.0,9.0,2.0,1.0,1.0,1,1,13,0,13,0,15.817,429.0,373.0,506.0,9.317,3.0,6.5,roster,0,72.0,55.0,0.8889,50.24,2.3035,0.55,0.1538,3.2727,47.19,11.29,0.0,11.76,12.65
2021-09-02 06:00:00,6,23,23,0.0,10.0,10.0,2.0,1.0,1.0,1,1,13,0,13,0,16.817,489.0,433.0,566.0,10.317,3.0,6.5,roster,0,75.0,57.5,0.9259,53.78,2.3767,0.575,0.1538,3.2609,49.33,11.29,0.0,13.16,14.15
2021-09-02 07:00:00,7,18,18,0.0,7.0,8.0,2.0,1.0,1.0,1,1,13,0,13,0,17.817,549.0,493.0,626.0,11.317,3.0,6.5,roster,0,57.0,45.0,0.7037,44.45,1.9122,0.45,0.1538,3.1667,38.61,11.29,0.0,14.55,15.65
2021-09-02 08:00:00,8,20,20,0.0,7.0,10.0,2.0,1.0,1.0,3,2,13,0,13,0,18.817,609.0,553.0,686.0,12.317,3.0,6.63,roster,0,63.0,50.0,0.7778,50.14,2.5252,0.5,0.3017,3.15,42.9,11.29,0.0,15.95,17.15
2021-09-02 09:00:00,9,26,26,0.0,6.0,14.0,5.0,1.0,1.0,10,9,10,0,10,0,19.817,676.0,613.0,753.0,13.317,3.0,6.63,roster,0,77.0,65.0,0.8556,61.96,5.9452,0.65,1.3575,2.9615,55.77,8.68,0.0,17.51,18.825
2021-09-02 10:00:00,10,27,27,0.0,5.0,18.0,4.0,0.0,1.0,6,5,14,0,14,0,20.817,684.0,108.0,752.0,14.317,4.0,9.88,roster,0,82.0,67.5,0.7885,67.56,3.587,0.675,0.5061,3.037,57.92,12.16,0.0,17.48,18.8
2021-09-02 11:00:00,11,30,30,0.0,5.0,22.0,3.0,0.0,1.0,6,6,14,0,14,0,21.817,744.0,168.0,812.0,15.317,4.0,9.88,roster,0,92.0,75.0,0.8846,75.39,4.1623,0.75,0.6073,3.0667,64.35,12.16,0.0,18.88,20.3
2021-09-02 12:00:00,12,35,35,0.0,6.0,25.0,4.0,0.0,1.0,9,8,16,1,17,1,22.817,602.0,201.0,868.0,16.317,4.0,9.88,roster,0,107.0,87.5,1.163,103.42,5.1504,0.875,0.8097,3.0571,75.08,14.76,13.4,20.18,21.7
2021-09-02 13:00:00,13,28,28,0.0,4.0,20.0,4.0,0.0,1.0,3,3,15,1,16,1,23.817,278.0,175.0,904.0,17.15,4.0,9.88,roster,0,84.0,70.0,0.875,88.37,3.0109,0.7,0.3036,3.0,60.06,13.89,13.4,21.02,22.6
2021-09-02 14:00:00,14,24,24,0.0,3.0,17.0,4.0,0.0,1.0,5,4,9,0,9,0,18.15,348.0,193.0,913.0,18.15,4.0,9.88,roster,0,71.0,60.0,0.5726,60.52,2.9727,0.6,0.4049,2.9583,51.48,7.81,0.0,21.23,22.825
2021-09-02 15:00:00,15,24,24,2.0,3.0,15.0,4.0,0.0,1.0,4,3,8,0,8,0,19.15,396.5,253.0,1113.0,19.15,4.0,9.88,roster,0,75.0,60.0,0.5859,64.3,2.8239,0.6,0.3036,3.125,51.48,6.95,0.0,25.88,27.825
2021-09-02 16:00:00,16,20,20,2.0,1.0,15.0,2.0,0.0,1.0,6,4,5,1,6,1,8.883,248.5,69.0,313.0,7.8,4.0,9.88,roster,0,63.0,50.0,0.4632,48.79,2.8503,0.5,0.4049,3.15,42.9,5.21,13.4,7.28,7.825
2021-09-02 17:00:00,17,23,23,1.0,1.0,19.0,2.0,0.0,1.0,6,6,5,0,5,0,9.883,306.0,125.0,311.0,8.8,4.0,9.88,roster,0,70.0,57.5,0.5,40.91,3.5983,0.575,0.6073,3.0435,49.33,4.34,0.0,7.23,7.775
2021-09-02 18:00:00,18,28,28,1.0,1.0,24.0,2.0,0.0,1.0,8,8,6,0,6,0,10.883,275.5,130.0,371.0,9.8,4.0,9.88,roster,0,85.0,70.0,0.625,53.9,4.5831,0.7,0.8097,3.0357,60.06,5.21,0.0,8.63,9.275
2021-09-02 19:00:00,19,27,27,1.0,2.0,21.0,3.0,0.0,1.0,5,5,10,0,10,0,10.8,139.5,104.0,245.0,10.8,4.0,9.88,roster,0,82.0,67.5,0.6833,52.29,3.587,0.675,0.5061,3.037,57.92,8.68,0.0,5.7,6.125
2021-09-02 20:00:00,20,24,24,1.0,2.0,19.0,2.0,0.0,1.0,6,6,9,0,9,0,11.8,179.0,164.0,305.0,11.8,4.0,9.63,roster,0,74.0,60.0,0.5968,46.39,3.7711,0.6,0.6231,3.0833,51.48,7.81,0.0,7.09,7.625
2021-09-02 21:00:00,21,24,24,1.0,3.0,17.0,3.0,0.0,1.0,6,6,8,0,8,0,12.8,233.0,224.0,365.0,12.8,4.0,9.63,roster,0,74.0,60.0,0.5781,46.91,3.7711,0.6,0.6231,3.0833,51.48,6.95,0.0,8.49,9.125
2021-09-02 22:00:00,22,24,24,1.0,2.0,19.0,2.0,0.0,1.0,8,7,7,0,7,0,13.8,287.0,152.0,425.0,13.8,3.0,6.38,roster,0,74.0,60.0,0.7475,47.44,5.233,0.6,1.0972,3.0833,51.48,6.08,0.0,9.88,10.625
2021-09-02 23:00:00,23,25,25,1.0,5.0,19.0,0.0,0.0,1.0,10,9,7,0,7,0,14.8,212.0,97.0,485.0,14.8,3.0,6.38,roster,0,82.0,62.5,0.8283,50.98,6.677,0.625,1.4107,3.28,53.62,6.08,0.0,11.28,12.125
2021-09-03 00:00:00,0,24,24,1.0,6.0,17.0,0.0,0.0,1.0,4,4,10,0,10,0,15.8,144.0,94.0,272.0,15.8,3.0,6.38,roster,0,80.0,60.0,0.8889,46.49,4.0899,0.6,0.627,3.3333,51.48,8.68,0.0,6.32,6.8
2021-09-03 01:00:00,1,29,29,1.0,6.0,22.0,0.0,0.0,1.0,5,5,11,0,11,0,16.8,191.0,139.0,332.0,16.8,3.0,6.38,roster,0,95.0,72.5,1.092,59.48,4.9423,0.725,0.7837,3.2759,62.2,9.55,0.0,7.72,8.3
2021-09-03 02:00:00,2,25,25,1.0,5.0,18.0,1.0,0.0,1.0,4,4,10,0,10,0,17.8,264.0,214.0,392.0,17.8,3.0,6.38,roster,0,81.0,62.5,0.9,51.42,4.0563,0.625,0.627,3.24,53.62,8.68,0.0,9.11,9.8
2021-09-03 03:00:00,3,17,17,1.0,5.0,11.0,0.0,0.0,1.0,0,0,9,0,9,0,13.433,311.0,274.0,408.0,12.083,3.0,6.38,roster,0,58.0,42.5,0.6237,33.77,1.45,0.425,0.0,3.4118,36.46,7.81,0.0,9.49,10.2
2021-09-03 04:00:00,4,17,17,1.0,5.0,11.0,0.0,0.0,1.0,0,0,9,0,9,0,14.433,371.0,334.0,468.0,13.083,3.0,6.38,roster,0,58.0,42.5,0.6237,35.16,1.45,0.425,0.0,3.4118,36.46,7.81,0.0,10.88,11.7
2021-09-03 05:00:00,5,19,19,1.0,5.0,13.0,0.0,0.0,1.0,3,2,9,0,9,0,15.433,431.0,394.0,528.0,14.083,3.0,6.38,roster,0,64.0,47.5,0.6882,40.85,2.6559,0.475,0.3135,3.3684,40.75,7.81,0.0,12.28,13.2
2021-09-03 06:00:00,6,19,19,1.0,4.0,13.0,1.0,0.0,1.0,2,2,9,0,9,0,16.433,491.0,454.0,588.0,15.083,3.0,6.38,roster,0,62.0,47.5,0.6667,42.24,2.5729,0.475,0.3135,3.2632,40.75,7.81,0.0,13.67,14.7
2021-09-03 07:00:00,7,19,19,1.0,6.0,12.0,0.0,0.0,1.0,4,4,9,0,9,0,16.083,551.0,514.0,648.0,16.083,3.0,6.38,roster,0,65.0,47.5,0.6989,43.64,3.7699,0.475,0.627,3.4211,40.75,7.81,0.0,15.07,16.2
2021-09-03 08:00:00,8,22,22,1.0,6.0,15.0,0.0,0.0,1.0,4,4,10,2,12,2,17.083,585.0,542.0,708.0,17.083,3.0,6.63,roster,0,74.0,55.0,0.881,80.87,3.8793,0.55,0.6033,3.3636,47.19,10.42,26.8,16.46,17.7
2021-09-03 09:00:00,9,22,22,1.0,7.0,14.0,0.0,0.0,1.0,8,6,8,2,10,2,18.083,626.5,170.0,671.0,18.083,3.0,6.63,roster,0,75.0,55.0,0.8333,78.27,4.9602,0.55,0.905,3.4091,47.19,8.68,26.8,15.6,16.775
2021-09-03 10:00:00,10,27,27,1.0,8.0,18.0,0.0,0.0,1.0,10,9,10,2,12,2,19.083,234.5,178.0,731.0,19.083,4.0,9.88,roster,0,91.0,67.5,0.8125,92.13,5.3452,0.675,0.9109,3.3704,57.92,10.42,26.8,17.0,18.275
2021-09-03 11:00:00,11,35,35,2.0,12.0,21.0,0.0,0.0,1.0,13,12,8,2,10,2,20.083,294.5,167.0,791.0,20.083,4.0,9.88,roster,0,121.0,87.5,1.0083,108.95,7.224,0.875,1.2146,3.4571,75.08,8.68,26.8,18.39,19.775
2021-09-03 12:00:00,12,37,37,3.0,11.0,23.0,0.0,0.0,1.0,7,7,11,3,14,3,21.083,207.0,106.0,814.0,21.083,4.0,9.88,roster,0,128.0,92.5,1.2308,130.65,5.651,0.925,0.7085,3.4595,79.36,12.16,40.2,18.93,20.35
2021-09-03 13:00:00,13,40,40,3.0,10.0,27.0,0.0,0.0,1.0,7,7,10,3,13,3,22.083,287.0,174.0,874.0,22.083,4.0,9.88,roster,0,136.0,100.0,1.2593,137.61,5.8089,1.0,0.7085,3.4,85.8,11.29,40.2,20.32,21.85
2021-09-03 14:00:00,14,42,42,3.0,10.0,27.0,1.0,1.0,1.0,8,8,12,2,14,2,23.083,327.0,205.0,934.0,23.083,4.0,9.88,roster,0,139.0,105.0,1.3365,130.76,6.1548,1.05,0.8097,3.3095,90.09,12.16,26.8,21.72,23.35
2021-09-03 15:00:00,15,44,44,4.0,9.0,28.0,1.0,2.0,1.0,9,9,14,3,17,3,24.083,283.0,142.0,488.0,24.083,4.0,9.88,roster,0,144.0,110.0,1.5652,140.69,6.5812,1.1,0.9109,3.2727,94.38,14.76,40.2,11.35,12.2
2021-09-03 16:00:00,16,48,48,4.0,10.0,33.0,0.0,1.0,1.0,14,13,16,3,19,3,25.083,239.0,126.0,548.0,25.083,4.0,9.88,roster,0,160.0,120.0,1.9048,152.4,8.386,1.2,1.3158,3.3333,102.96,16.5,40.2,12.74,13.7
2021-09-03 17:00:00,17,50,50,3.0,9.0,37.0,1.0,0.0,1.0,10,10,18,1,19,1,26.083,225.0,139.0,487.0,26.083,4.0,9.88,roster,0,164.0,125.0,1.9524,128.47,7.4198,1.25,1.0121,3.28,107.25,16.5,13.4,11.32,12.175
2021-09-03 18:00:00,18,39,39,2.0,8.0,29.0,0.0,0.0,1.0,2,1,18,2,20,2,27.083,272.5,177.0,547.0,27.083,4.0,9.88,roster,0,129.0,97.5,1.6125,120.54,3.5598,0.975,0.1012,3.3077,83.66,17.37,26.8,12.72,13.675
2021-09-03 19:00:00,19,42,42,2.0,8.0,32.0,0.0,0.0,1.0,7,7,16,2,18,2,28.083,332.5,229.0,607.0,28.083,4.0,9.88,roster,0,138.0,105.0,1.5682,126.63,5.7779,1.05,0.7085,3.2857,90.09,15.63,26.8,14.11,15.175
2021-09-03 20:00:00,20,28,28,0.0,5.0,23.0,0.0,0.0,1.0,5,5,9,1,10,1,11.117,274.5,104.0,442.0,11.117,4.0,10.76,roster,0,89.0,70.0,0.7417,72.42,3.702,0.7,0.4647,3.1786,60.06,8.68,13.4,10.28,11.05
2021-09-03 21:00:00,21,26,26,0.0,4.0,22.0,0.0,0.0,1.0,5,5,11,1,12,1,12.117,242.0,156.0,502.0,12.117,4.0,10.76,roster,0,82.0,65.0,0.7321,71.26,3.5155,0.65,0.4647,3.1538,55.77,10.42,13.4,11.67,12.55
2021-09-03 22:00:00,22,24,24,0.0,5.0,18.0,1.0,0.0,1.0,5,4,9,1,10,1,13.117,302.0,174.0,500.0,13.117,3.0,7.51,roster,0,76.0,60.0,0.8444,65.19,3.5866,0.6,0.5326,3.1667,51.48,8.68,13.4,11.62,12.5
2021-09-03 23:00:00,23,22,22,0.0,3.0,18.0,1.0,0.0,1.0,7,5,8,0,8,0,14.117,362.0,234.0,560.0,14.117,3.0,7.51,roster,0,68.0,55.0,0.7083,47.16,3.7579,0.55,0.6658,3.0909,47.19,6.95,0.0,13.02,14.0
2021-09-04 00:00:00,0,26,26,0.0,5.0,20.0,1.0,0.0,1.0,9,9,10,0,10,0,15.117,319.0,147.0,529.0,15.117,3.0,7.51,roster,0,82.0,65.0,0.9111,56.75,5.8296,0.65,1.1984,3.1538,55.77,8.68,0.0,12.3,13.225
2021-09-04 01:00:00,1,23,23,0.0,6.0,15.0,2.0,0.0,1.0,4,4,11,0,11,0,16.117,307.0,124.0,589.0,16.117,3.0,7.51,roster,0,73.0,57.5,0.8391,52.58,3.5155,0.575,0.5326,3.1739,49.33,9.55,0.0,13.69,14.725
2021-09-04 02:00:00,2,22,22,0.0,5.0,14.0,3.0,0.0,1.0,4,3,10,0,10,0,17.117,317.0,184.0,649.0,17.117,3.0,7.51,roster,0,68.0,55.0,0.7556,50.96,2.9347,0.55,0.3995,3.0909,47.19,8.68,0.0,15.09,16.225
2021-09-04 03:00:00,3,20,20,0.0,6.0,11.0,3.0,0.0,1.0,2,2,9,0,9,0,18.117,427.0,252.0,709.0,18.117,3.0,7.51,roster,0,63.0,50.0,0.6774,47.2,2.4139,0.5,0.2663,3.15,42.9,7.81,0.0,16.48,17.725
2021-09-04 04:00:00,4,18,18,0.0,5.0,10.0,3.0,0.0,1.0,0,0,8,0,8,0,14.333,437.0,312.0,769.0,14.333,3.0,7.51,roster,0,56.0,45.0,0.5833,43.44,1.4,0.45,0.0,3.1111,38.61,6.95,0.0,17.88,19.225
2021-09-04 05:00:00,5,19,19,0.0,5.0,11.0,3.0,0.0,1.0,1,1,8,0,8,0,15.333,497.0,372.0,829.0,15.333,3.0,7.51,roster,0,59.0,47.5,0.6146,46.98,1.8885,0.475,0.1332,3.1053,40.75,6.95,0.0,19.27,20.725
2021-09-04 06:00:00,6,21,21,0.0,5.0,13.0,3.0,0.0,1.0,3,3,8,0,8,0,16.333,557.0,432.0,889.0,16.333,3.0,7.51,roster,0,65.0,52.5,0.6771,52.66,2.8614,0.525,0.3995,3.0952,45.04,6.95,0.0,20.67,22.225
2021-09-04 07:00:00,7,19,19,0.0,5.0,11.0,3.0,0.0,1.0,1,1,9,0,9,0,17.333,567.0,477.0,714.0,17.333,3.0,7.51,roster,0,59.0,47.5,0.6344,45.17,1.8885,0.475,0.1332,3.1053,40.75,7.81,0.0,16.6,17.85
2021-09-04 08:00:00,8,19,19,0.0,5.0,12.0,2.0,0.0,1.0,4,4,9,0,9,0,18.333,627.0,537.0,774.0,18.333,3.0,6.8,roster,0,60.0,47.5,0.6452,46.57,3.3576,0.475,0.5882,3.1579,40.75,7.81,0.0,18.0,19.35
2021-09-04 09:00:00,9,23,23,0.0,4.0,16.0,3.0,0.0,1.0,6,6,8,0,8,0,19.333,737.0,612.0,1069.0,19.333,3.0,6.8,roster,0,70.0,57.5,0.7292,61.14,4.4354,0.575,0.8824,3.0435,49.33,6.95,0.0,24.85,26.725
2021-09-04 10:00:00,10,29,29,0.0,5.0,22.0,2.0,0.0,1.0,10,10,9,0,9,0,20.333,747.0,649.0,894.0,20.333,4.0,10.5,roster,0,90.0,72.5,0.7258,70.81,5.2057,0.725,0.9524,3.1034,62.2,7.81,0.0,20.79,22.35
2021-09-04 11:00:00,11,27,27,0.0,5.0,21.0,1.0,0.0,1.0,4,5,13,0,13,0,21.333,318.0,115.0,907.0,21.333,4.0,10.5,roster,0,85.0,67.5,0.787,70.29,3.6241,0.675,0.4762,3.1481,57.92,11.29,0.0,21.09,22.675
2021-09-04 12:00:00,12,26,26,0.0,5.0,20.0,1.0,0.0,1.0,11,8,8,0,8,0,20.817,176.5,156.0,867.0,20.817,4.0,10.5,roster,0,82.0,65.0,0.6406,62.87,4.4529,0.65,0.7619,3.1538,55.77,6.95,0.0,20.16,21.675
2021-09-04 13:00:00,13,26,26,0.0,5.0,18.0,3.0,0.0,1.0,8,8,8,0,8,0,15.45,203.5,100.0,238.0,15.45,4.0,10.5,roster,0,80.0,65.0,0.625,48.25,4.3443,0.65,0.7619,3.0769,55.77,6.95,0.0,5.53,5.95
2021-09-04 14:00:00,14,23,23,0.0,4.0,19.0,0.0,0.0,1.0,5,4,8,0,8,0,13.533,150.0,126.0,295.0,4.967,4.0,10.5,roster,0,73.0,57.5,0.5703,43.14,3.0341,0.575,0.381,3.1739,49.33,6.95,0.0,6.86,7.375
2021-09-04 15:00:00,15,23,23,0.0,4.0,19.0,0.0,0.0,1.0,9,8,7,0,7,0,14.533,200.0,145.0,311.0,5.967,4.0,10.5,roster,0,73.0,57.5,0.553,42.64,4.2432,0.575,0.7619,3.1739,49.33,6.08,0.0,7.23,7.775
2021-09-04 16:00:00,16,22,22,1.0,3.0,17.0,1.0,0.0,1.0,7,7,7,0,7,0,6.967,260.0,145.0,371.0,6.967,4.0,10.5,roster,0,70.0,55.0,0.5303,41.89,3.8712,0.55,0.6667,3.1818,47.19,6.08,0.0,8.63,9.275
2021-09-04 17:00:00,17,21,21,1.0,2.0,16.0,2.0,0.0,1.0,3,3,8,1,9,1,7.967,306.0,133.0,340.0,7.967,4.0,10.5,roster,0,65.0,52.5,0.5242,54.16,2.5094,0.525,0.2857,3.0952,45.04,7.81,13.4,7.9,8.5
2021-09-04 18:00:00,18,25,25,1.0,2.0,21.0,1.0,0.0,1.0,11,9,8,1,9,1,8.967,265.0,144.0,400.0,8.967,4.0,10.5,roster,0,78.0,62.5,0.629,64.14,4.6243,0.625,0.8571,3.12,53.62,7.81,13.4,9.3,10.0
2021-09-04 19:00:00,19,23,23,0.0,2.0,20.0,0.0,1.0,1.0,10,10,4,0,4,0,7.883,174.5,158.0,460.0,7.667,4.0,10.5,roster,0,69.0,57.5,0.4792,43.5,4.5821,0.575,0.9524,3.0,49.33,3.47,0.0,10.7,11.5
2021-09-04 20:00:00,20,16,16,0.0,2.0,14.0,0.0,0.0,1.0,8,4,4,0,4,0,8.883,234.5,218.0,520.0,8.667,4.0,12.84,roster,0,50.0,40.0,0.3472,29.88,2.2235,0.4,0.3115,3.125,34.32,3.47,0.0,12.09,13.0
2021-09-04 21:00:00,21,18,18,0.0,3.0,14.0,1.0,0.0,1.0,9,6,4,0,4,0,9.667,247.0,216.0,580.0,9.667,4.0,12.84,roster,0,56.0,45.0,0.3889,35.57,2.8538,0.45,0.4673,3.1111,38.61,3.47,0.0,13.49,14.5
2021-09-04 22:00:00,22,16,16,1.0,3.0,11.0,1.0,0.0,1.0,8,7,2,0,2,0,10.667,489.0,338.0,640.0,10.667,3.0,9.14,roster,0,52.0,40.0,0.4561,30.94,3.7891,0.4,0.7659,3.25,34.32,1.74,0.0,14.88,16.0
2021-09-04 23:00:00,23,12,12,0.0,2.0,9.0,1.0,0.0,1.0,5,5,1,0,1,0,11.667,700.0,700.0,700.0,11.667,3.0,9.14,roster,0,37.0,30.0,0.3162,22.88,2.6117,0.3,0.547,3.0833,25.74,0.87,0.0,16.28,17.5
2021-09-05 00:00:00,0,14,14,0.0,2.0,11.0,1.0,0.0,1.0,5,5,2,0,2,0,12.667,422.5,85.0,760.0,12.667,3.0,9.14,roster,0,43.0,35.0,0.3772,29.44,2.7552,0.35,0.547,3.0714,30.03,1.74,0.0,17.67,19.0
2021-09-05 01:00:00,1,16,16,0.0,2.0,13.0,1.0,0.0,1.0,4,4,4,1,5,1,13.667,116.0,113.0,145.0,13.667,3.0,9.14,roster,0,49.0,40.0,0.4667,35.43,2.5653,0.4,0.4376,3.0625,34.32,4.34,13.4,3.37,3.625
2021-09-05 02:00:00,2,12,12,0.0,2.0,8.0,2.0,0.0,1.0,1,1,6,0,6,0,14.667,159.5,74.0,205.0,14.667,3.0,9.14,roster,0,36.0,30.0,0.3529,15.72,1.2282,0.3,0.1094,3.0,25.74,5.21,0.0,4.77,5.125
2021-09-05 03:00:00,3,15,15,0.0,1.0,12.0,2.0,0.0,1.0,5,5,5,0,5,0,15.667,236.0,134.0,265.0,15.667,3.0,9.14,roster,0,44.0,37.5,0.419,22.68,2.7047,0.375,0.547,2.9333,32.17,4.34,0.0,6.16,6.625
2021-09-05 04:00:00,4,14,14,0.0,2.0,11.0,1.0,0.0,1.0,5,4,5,0,5,0,16.667,296.0,194.0,325.0,16.667,3.0,9.14,roster,0,43.0,35.0,0.4095,21.93,2.4192,0.35,0.4376,3.0714,30.03,4.34,0.0,7.56,8.125
2021-09-05 05:00:00,5,13,13,0.0,1.0,11.0,1.0,0.0,1.0,2,2,6,0,6,0,17.667,305.0,242.0,385.0,17.667,3.0,9.14,roster,0,39.0,32.5,0.3824,22.05,1.6315,0.325,0.2188,3.0,27.88,5.21,0.0,8.95,9.625
2021-09-05 06:00:00,6,14,14,0.0,2.0,11.0,1.0,0.0,1.0,4,2,6,0,6,0,18.667,365.0,302.0,445.0,18.667,3.0,9.14,roster,0,43.0,35.0,0.4216,25.59,1.7471,0.35,0.2188,3.0714,30.03,5.21,0.0,10.35,11.125
2021-09-05 07:00:00,7,15,15,0.0,2.0,12.0,1.0,0.0,1.0,2,2,7,0,7,0,19.667,374.0,221.0,505.0,19.667,3.0,9.14,roster,0,46.0,37.5,0.4646,29.99,1.821,0.375,0.2188,3.0667,32.17,6.08,0.0,11.74,12.625
2021-09-05 08:00:00,8,16,16,0.0,3.0,12.0,1.0,0.0,1.0,4,3,8,0,8,0,20.667,428.0,281.0,565.0,20.667,3.0,6.8,roster,0,50.0,40.0,0.5208,34.4,2.6287,0.4,0.4412,3.125,34.32,6.95,0.0,13.14,14.125
2021-09-05 09:00:00,9,19,19,0.0,3.0,12.0,4.0,0.0,1.0,6,5,9,0,9,0,21.667,341.0,168.0,494.0,21.667,3.0,6.8,roster,0,56.0,47.5,0.6022,40.06,3.5672,0.475,0.7353,2.9474,40.75,7.81,0.0,11.49,12.35
2021-09-05 10:00:00,10,19,19,2.0,1.0,14.0,2.0,0.0,1.0,7,7,6,0,6,0,22.667,471.5,228.0,656.0,22.667,4.0,10.14,roster,0,60.0,47.5,0.4412,41.22,3.68,0.475,0.6903,3.1579,40.75,5.21,0.0,15.25,16.4
2021-09-05 11:00:00,11,20,20,2.0,2.0,14.0,2.0,0.0,1.0,6,6,7,1,8,1,23.667,260.5,110.0,716.0,23.667,4.0,10.14,roster,0,64.0,50.0,0.5,59.89,3.4935,0.5,0.5917,3.2,42.9,6.95,13.4,16.65,17.9
2021-09-05 12:00:00,12,17,17,1.0,4.0,10.0,2.0,0.0,1.0,8,6,4,0,4,0,13.117,140.5,125.0,776.0,12.933,4.0,10.14,roster,0,55.0,42.5,0.3819,37.98,3.2894,0.425,0.5917,3.2353,36.46,3.47,0.0,18.04,19.4
2021-09-05 13:00:00,13,19,19,1.0,3.0,12.0,3.0,0.0,1.0,11,9,5,0,5,0,3.783,139.0,79.0,185.0,3.6,4.0,10.14,roster,0,59.0,47.5,0.4214,29.4,4.2312,0.475,0.8876,3.1053,40.75,4.34,0.0,4.3,4.625
2021-09-05 14:00:00,14,20,20,1.0,4.0,10.0,4.0,1.0,1.0,7,7,4,1,5,1,4.783,139.0,125.0,199.0,4.083,4.0,10.14,roster,0,60.0,50.0,0.4286,45.27,3.571,0.5,0.6903,3.0,42.9,4.34,13.4,4.63,4.975
2021-09-05 15:00:00,15,16,16,1.0,3.0,9.0,3.0,0.0,1.0,7,6,4,1,5,1,5.083,138.0,113.0,185.0,5.083,4.0,10.14,roster,0,50.0,40.0,0.3571,36.36,3.0991,0.4,0.5917,3.125,34.32,4.34,13.4,4.3,4.625
2021-09-05 16:00:00,16,14,14,1.0,2.0,9.0,2.0,0.0,1.0,6,6,4,1,5,1,5.383,110.0,99.0,173.0,3.3,4.0,10.14,roster,0,44.0,35.0,0.3143,31.79,2.9597,0.35,0.5917,3.1429,30.03,4.34,13.4,4.02,4.325
2021-09-05 17:00:00,17,17,17,2.0,1.0,13.0,1.0,0.0,1.0,9,7,7,0,7,0,6.383,140.0,78.0,170.0,3.883,4.0,10.14,roster,0,55.0,42.5,0.4167,26.5,3.6084,0.425,0.6903,3.2353,36.46,6.08,0.0,3.95,4.25
2021-09-05 18:00:00,18,16,16,1.0,1.0,12.0,2.0,0.0,1.0,6,5,6,1,7,1,7.383,138.0,106.0,200.0,3.833,4.0,10.14,roster,0,49.0,40.0,0.3712,38.45,2.7351,0.4,0.4931,3.0625,34.32,6.08,13.4,4.65,5.0
2021-09-05 19:00:00,19,12,12,0.0,1.0,10.0,1.0,0.0,1.0,4,4,6,0,6,0,4.833,218.0,185.0,260.0,4.833,4.0,10.14,roster,0,36.0,30.0,0.2647,16.99,2.0834,0.3,0.3945,3.0,25.74,5.21,0.0,6.04,6.5
2021-09-05 20:00:00,20,14,14,0.0,1.0,11.0,2.0,0.0,1.0,5,6,6,0,6,0,5.833,251.5,203.0,298.0,5.833,4.0,9.69,roster,0,41.0,35.0,0.3015,22.17,2.8384,0.35,0.6192,2.9286,30.03,5.21,0.0,6.93,7.45
2021-09-05 21:00:00,21,21,21,0.0,2.0,16.0,3.0,0.0,1.0,12,12,5,0,5,0,6.833,318.0,263.0,358.0,6.833,4.0,9.69,roster,0,62.0,52.5,0.4429,37.71,5.2062,0.525,1.2384,2.9524,45.04,4.34,0.0,8.32,8.95
2021-09-05 22:00:00,22,19,19,0.0,2.0,15.0,2.0,0.0,1.0,8,7,4,0,4,0,6.967,218.5,114.0,418.0,6.967,3.0,6.35,roster,0,57.0,47.5,0.5278,33.95,4.7321,0.475,1.1024,3.0,40.75,3.47,0.0,9.72,10.45
2021-09-05 23:00:00,23,21,21,0.0,2.0,16.0,3.0,0.0,1.0,7,7,4,0,4,0,7.967,255.5,128.0,478.0,7.967,3.0,6.35,roster,0,62.0,52.5,0.5741,39.63,4.8046,0.525,1.1024,2.9524,45.04,3.47,0.0,11.11,11.95
2021-09-06 00:00:00,0,23,23,1.0,3.0,17.0,2.0,0.0,1.0,6,6,6,0,6,0,8.967,183.5,100.0,443.0,8.967,3.0,6.35,roster,0,72.0,57.5,0.7059,44.84,4.7579,0.575,0.9449,3.1304,49.33,5.21,0.0,10.3,11.075
2021-09-06 01:00:00,1,24,24,1.0,4.0,15.0,4.0,0.0,1.0,3,3,7,0,7,0,9.967,239.0,136.0,503.0,9.967,3.0,6.35,roster,0,74.0,60.0,0.7475,49.25,3.3067,0.6,0.4724,3.0833,51.48,6.08,0.0,11.69,12.575
2021-09-06 02:00:00,2,21,21,1.0,3.0,14.0,3.0,0.0,1.0,2,2,7,0,7,0,10.967,299.0,196.0,563.0,10.967,3.0,6.35,roster,0,65.0,52.5,0.6566,44.21,2.5999,0.525,0.315,3.0952,45.04,6.08,0.0,13.09,14.075
2021-09-06 03:00:00,3,19,19,1.0,3.0,13.0,2.0,0.0,1.0,1,1,8,0,8,0,11.967,319.5,256.0,623.0,11.967,3.0,6.35,roster,0,60.0,47.5,0.625,42.19,1.9973,0.475,0.1575,3.1579,40.75,6.95,0.0,14.48,15.575
2021-09-06 04:00:00,4,17,17,1.0,3.0,11.0,2.0,0.0,1.0,1,1,8,0,8,0,12.967,379.5,316.0,683.0,12.967,3.0,6.35,roster,0,54.0,42.5,0.5625,39.29,1.8502,0.425,0.1575,3.1765,36.46,6.95,0.0,15.88,17.075
2021-09-06 05:00:00,5,18,18,2.0,3.0,11.0,2.0,0.0,1.0,3,3,8,0,8,0,13.967,439.5,376.0,743.0,13.967,3.0,6.35,roster,0,59.0,45.0,0.6146,42.83,3.0236,0.45,0.4724,3.2778,38.61,6.95,0.0,17.27,18.575
2021-09-06 06:00:00,6,19,19,2.0,4.0,11.0,2.0,0.0,1.0,2,2,11,0,11,0,14.967,436.0,111.0,548.0,14.967,3.0,6.35,roster,0,63.0,47.5,0.7241,43.05,2.6193,0.475,0.315,3.3158,40.75,9.55,0.0,12.74,13.7
2021-09-06 07:00:00,7,18,18,2.0,4.0,10.0,2.0,0.0,1.0,1,1,12,0,12,0,15.967,483.0,171.0,608.0,15.967,3.0,6.35,roster,0,60.0,45.0,0.7143,43.17,2.0249,0.45,0.1575,3.3333,38.61,10.42,0.0,14.14,15.2
2021-09-06 08:00:00,8,20,20,2.0,4.0,11.0,3.0,0.0,1.0,3,3,13,0,13,0,16.967,530.0,218.0,659.0,16.967,3.0,7.31,roster,0,65.0,50.0,0.8025,49.51,2.9588,0.5,0.4104,3.25,42.9,11.29,0.0,15.32,16.475
2021-09-06 09:00:00,9,16,16,1.0,3.0,10.0,2.0,0.0,1.0,2,1,10,0,10,0,17.967,603.0,278.0,728.0,17.967,3.0,7.31,roster,0,51.0,40.0,0.5667,39.93,1.711,0.4,0.1368,3.1875,34.32,8.68,0.0,16.93,18.2
2021-09-06 10:00:00,10,20,20,2.0,4.0,13.0,1.0,0.0,1.0,9,6,10,0,10,0,18.967,663.0,331.0,788.0,18.967,4.0,11.01,roster,0,67.0,50.0,0.5583,49.9,3.5006,0.5,0.545,3.35,42.9,8.68,0.0,18.32,19.7
2021-09-06 11:00:00,11,24,24,3.0,3.0,16.0,2.0,0.0,1.0,9,7,11,1,12,1,19.967,646.0,153.0,848.0,19.967,4.0,11.01,roster,0,79.0,60.0,0.7054,75.02,4.0678,0.6,0.6358,3.2917,51.48,10.42,13.4,19.72,21.2
2021-09-06 12:00:00,12,27,27,3.0,3.0,20.0,1.0,0.0,1.0,9,7,12,1,13,1,20.967,311.0,138.0,796.0,20.967,4.0,11.01,roster,0,89.0,67.5,0.8241,81.11,4.3207,0.675,0.6358,3.2963,57.92,11.29,13.4,18.51,19.9
2021-09-06 13:00:00,13,28,28,3.0,3.0,21.0,1.0,0.0,1.0,4,4,15,1,16,1,21.967,200.0,129.0,856.0,21.967,4.0,11.01,roster,0,92.0,70.0,0.9583,87.25,3.4937,0.7,0.3633,3.2857,60.06,13.89,13.4,19.9,21.4
2021-09-06 14:00:00,14,33,33,3.0,3.0,25.0,1.0,1.0,1.0,11,11,15,0,15,0,22.967,201.0,165.0,890.0,22.967,4.0,11.01,roster,0,105.0,82.5,1.05,84.5,5.8039,0.825,0.9991,3.1818,70.78,13.02,0.0,20.69,22.25
2021-09-06 15:00:00,15,33,33,3.0,3.0,25.0,2.0,0.0,1.0,5,3,14,2,16,2,23.967,237.0,131.0,950.0,23.967,4.0,11.01,roster,0,106.0,82.5,1.1042,113.57,3.5252,0.825,0.2725,3.2121,70.78,13.89,26.8,22.09,23.75
2021-09-06 16:00:00,16,23,23,1.0,3.0,17.0,2.0,0.0,1.0,6,6,9,2,11,2,24.967,281.0,136.0,378.0,24.967,4.0,11.01,roster,0,72.0,57.5,0.6207,74.47,3.506,0.575,0.545,3.1304,49.33,9.55,26.8,8.79,9.45
2021-09-06 17:00:00,17,22,22,2.0,3.0,16.0,1.0,0.0,1.0,4,4,9,1,10,1,25.967,343.0,142.0,438.0,25.967,4.0,11.01,roster,0,72.0,55.0,0.6,59.46,2.989,0.55,0.3633,3.2727,47.19,8.68,13.4,10.18,10.95
2021-09-06 18:00:00,18,21,21,3.0,3.0,14.0,1.0,0.0,1.0,5,4,10,1,11,1,26.967,401.0,135.0,498.0,26.967,4.0,11.01,roster,0,71.0,52.5,0.6121,59.57,3.0033,0.525,0.3633,3.381,45.04,9.55,13.4,11.58,12.45
2021-09-06 19:00:00,19,18,18,2.0,0.0,15.0,1.0,0.0,1.0,6,6,7,1,8,1,27.967,257.5,172.0,479.0,27.967,4.0,11.01,roster,0,57.0,45.0,0.4453,50.09,3.1507,0.45,0.545,3.1667,38.61,6.95,13.4,11.14,11.975
2021-09-06 20:00:00,20,19,19,1.0,1.0,14.0,3.0,0.0,1.0,7,6,6,1,7,1,28.967,232.0,174.0,322.0,28.967,4.0,10.36,roster,0,57.0,47.5,0.4318,47.72,3.1625,0.475,0.5792,3.0,40.75,6.08,13.4,7.49,8.05
2021-09-06 21:00:00,21,24,24,1.0,2.0,17.0,4.0,0.0,1.0,11,11,6,2,8,2,29.967,254.5,136.0,382.0,29.967,4.0,10.36,roster,0,72.0,60.0,0.5625,74.11,4.9853,0.6,1.0618,3.0,51.48,6.95,26.8,8.88,9.55
2021-09-06 22:00:00,22,25,25,1.0,4.0,15.0,4.0,1.0,1.0,13,9,7,2,9,2,30.967,162.0,104.0,335.0,30.967,3.0,6.66,roster,0,75.0,62.5,0.8065,76.03,5.9291,0.625,1.3514,3.0,53.62,7.81,26.8,7.79,8.375
2021-09-06 23:00:00,23,23,23,2.0,4.0,16.0,1.0,0.0,1.0,4,4,8,2,10,2,31.967,196.5,139.0,395.0,31.967,3.0,6.66,roster,0,76.0,57.5,0.8444,74.0,3.8846,0.575,0.6006,3.3043,49.33,8.68,26.8,9.18,9.875
2021-09-07 00:00:00,0,23,23,2.0,4.0,16.0,1.0,0.0,1.0,3,2,10,2,12,2,32.967,227.5,189.0,455.0,32.967,3.0,6.66,roster,0,76.0,57.5,0.9048,77.13,2.8923,0.575,0.3003,3.3043,49.33,10.42,26.8,10.58,11.375
2021-09-07 01:00:00,1,22,22,2.0,4.0,16.0,0.0,0.0,1.0,2,2,10,1,11,1,33.967,284.0,212.0,515.0,33.967,3.0,6.66,roster,0,74.0,55.0,0.8506,62.12,2.8601,0.55,0.3003,3.3636,47.19,9.55,13.4,11.97,12.875
2021-09-07 02:00:00,2,23,23,2.0,4.0,16.0,1.0,0.0,1.0,3,3,10,1,11,1,34.967,344.0,272.0,575.0,34.967,3.0,6.66,roster,0,76.0,57.5,0.8736,65.66,3.3884,0.575,0.4505,3.3043,49.33,9.55,13.4,13.37,14.375
2021-09-07 03:00:00,3,20,20,2.0,3.0,15.0,0.0,0.0,1.0,2,2,10,0,10,0,35.967,391.5,332.0,635.0,35.967,3.0,6.66,roster,0,67.0,50.0,0.7444,46.35,2.681,0.5,0.3003,3.35,42.9,8.68,0.0,14.76,15.875
2021-09-07 04:00:00,4,20,20,2.0,2.0,15.0,1.0,0.0,1.0,3,3,10,0,10,0,36.967,451.5,392.0,695.0,36.967,3.0,6.66,roster,0,65.0,50.0,0.7222,47.74,3.089,0.5,0.4505,3.25,42.9,8.68,0.0,16.16,17.375
2021-09-07 05:00:00,5,17,17,2.0,3.0,12.0,0.0,0.0,1.0,3,2,10,0,10,0,37.967,511.5,452.0,755.0,37.967,3.0,6.66,roster,0,58.0,42.5,0.6444,42.7,2.4746,0.425,0.3003,3.4118,36.46,8.68,0.0,17.55,18.875
2021-09-07 06:00:00,6,20,20,2.0,3.0,14.0,1.0,0.0,1.0,3,3,11,0,11,0,38.967,559.0,448.0,815.0,38.967,3.0,6.66,roster,0,66.0,50.0,0.7586,51.4,3.1365,0.5,0.4505,3.3,42.9,9.55,0.0,18.95,20.375
2021-09-07 07:00:00,7,18,18,3.0,3.0,11.0,1.0,0.0,1.0,1,1,13,0,13,0,39.967,609.0,499.0,702.0,39.967,3.0,6.66,roster,0,62.0,45.0,0.7654,46.22,2.0672,0.45,0.1502,3.4444,38.61,11.29,0.0,16.32,17.55
2021-09-07 08:00:00,8,15,15,1.0,2.0,12.0,0.0,0.0,1.0,1,1,11,0,11,0,40.967,679.0,559.0,935.0,40.967,3.0,7.28,roster,0,49.0,37.5,0.5632,43.47,1.6737,0.375,0.1374,3.2667,32.17,9.55,0.0,21.74,23.375
2021-09-07 09:00:00,9,16,16,0.0,4.0,12.0,0.0,0.0,1.0,7,7,7,0,7,0,41.967,764.0,234.0,995.0,41.967,3.0,7.28,roster,0,52.0,40.0,0.5253,43.53,4.425,0.4,0.9615,3.25,34.32,6.08,0.0,23.13,24.875
2021-09-07 10:00:00,10,20,20,0.0,6.0,14.0,0.0,0.0,1.0,8,8,8,0,8,0,42.967,474.5,89.0,1055.0,42.967,4.0,10.62,roster,0,66.0,50.0,0.5156,54.38,4.1359,0.5,0.7533,3.3,42.9,6.95,0.0,24.53,26.375
2021-09-07 11:00:00,11,23,23,0.0,3.0,20.0,0.0,0.0,1.0,10,7,8,0,8,0,43.967,156.0,124.0,1115.0,43.967,4.0,10.62,roster,0,72.0,57.5,0.5625,62.21,3.8634,0.575,0.6591,3.1304,49.33,6.95,0.0,25.92,27.875
2021-09-07 12:00:00,12,22,22,0.0,2.0,20.0,0.0,0.0,1.0,5,5,6,0,6,0,24.8,185.5,147.0,245.0,19.583,4.0,10.62,roster,0,68.0,55.0,0.5,38.1,3.1552,0.55,0.4708,3.0909,47.19,5.21,0.0,5.7,6.125
2021-09-07 13:00:00,13,27,27,0.0,2.0,24.0,1.0,0.0,1.0,7,7,6,0,6,0,25.8,227.0,171.0,305.0,20.583,4.0,10.62,roster,0,82.0,67.5,0.6029,50.22,4.0518,0.675,0.6591,3.037,57.92,5.21,0.0,7.09,7.625
2021-09-07 14:00:00,14,24,24,0.0,1.0,19.0,3.0,1.0,1.0,7,7,6,0,6,0,26.8,287.0,138.0,365.0,21.583,4.0,10.62,roster,0,68.0,60.0,0.5,45.18,3.5675,0.6,0.6591,2.8333,51.48,5.21,0.0,8.49,9.125
2021-09-07 15:00:00,15,22,22,0.0,1.0,20.0,1.0,0.0,1.0,7,7,8,0,8,0,22.583,262.5,120.0,425.0,22.583,4.0,10.62,roster,0,66.0,55.0,0.5156,44.02,3.6274,0.55,0.6591,3.0,47.19,6.95,0.0,9.88,10.625
2021-09-07 16:00:00,16,19,19,0.0,0.0,18.0,1.0,0.0,1.0,4,4,7,0,7,0,23.583,258.0,141.0,427.0,23.583,4.0,10.62,roster,0,56.0,47.5,0.4242,36.76,2.5101,0.475,0.3766,2.9474,40.75,6.08,0.0,9.93,10.675
2021-09-07 17:00:00,17,28,28,0.0,1.0,22.0,1.0,4.0,1.0,11,11,8,0,8,0,24.583,279.0,201.0,487.0,24.583,4.0,10.62,roster,0,76.0,70.0,0.5938,58.33,4.7114,0.7,1.0358,2.7143,60.06,6.95,0.0,11.32,12.175
2021-09-07 18:00:00,18,24,24,1.0,2.0,20.0,1.0,0.0,1.0,8,6,9,0,9,0,25.583,300.0,249.0,507.0,25.583,4.0,10.62,roster,0,75.0,60.0,0.6048,51.08,3.6405,0.6,0.565,3.125,51.48,7.81,0.0,11.79,12.675
2021-09-07 19:00:00,19,27,27,1.0,2.0,23.0,1.0,0.0,1.0,8,7,10,1,11,1,26.583,321.0,169.0,567.0,26.583,4.0,10.62,roster,0,84.0,67.5,0.7241,74.05,4.1506,0.675,0.6591,3.1111,57.92,9.55,13.4,13.18,14.175
2021-09-07 20:00:00,20,29,29,1.0,5.0,22.0,1.0,0.0,1.0,8,8,8,1,9,1,11.117,246.0,156.0,420.0,11.117,4.0,10.85,roster,0,93.0,72.5,0.75,73.18,4.6895,0.725,0.7373,3.2069,62.2,7.81,13.4,9.76,10.5
2021-09-07 21:00:00,21,29,29,0.0,5.0,21.0,3.0,0.0,1.0,7,7,9,0,9,0,12.117,306.0,216.0,480.0,12.117,4.0,10.85,roster,0,89.0,72.5,0.7177,61.18,4.205,0.725,0.6452,3.069,62.2,7.81,0.0,11.16,12.0
2021-09-07 22:00:00,22,32,32,0.0,7.0,22.0,3.0,0.0,1.0,8,8,8,0,8,0,13.117,312.5,202.0,489.0,13.117,3.0,7.51,roster,0,100.0,80.0,1.0417,66.96,5.8289,0.8,1.0652,3.125,68.64,6.95,0.0,11.37,12.225
2021-09-07 23:00:00,23,28,28,0.0,5.0,22.0,1.0,0.0,1.0,7,5,6,1,7,1,14.117,336.0,97.0,549.0,14.117,3.0,7.51,roster,0,88.0,70.0,0.8889,72.3,4.2924,0.7,0.6658,3.1429,60.06,6.08,13.4,12.76,13.725
2021-09-08 00:00:00,0,24,24,0.0,5.0,18.0,1.0,0.0,1.0,4,4,6,1,7,1,15.117,396.0,157.0,609.0,15.117,3.0,7.51,roster,0,76.0,60.0,0.7677,65.12,3.5866,0.6,0.5326,3.1667,51.48,6.08,13.4,14.16,15.225
2021-09-08 01:00:00,1,27,27,0.0,6.0,20.0,1.0,0.0,1.0,5,4,7,1,8,1,16.117,419.0,217.0,669.0,16.117,3.0,7.51,roster,0,86.0,67.5,0.8958,73.82,3.8465,0.675,0.5326,3.1852,57.92,6.95,13.4,15.55,16.725
2021-09-08 02:00:00,2,28,28,0.0,6.0,21.0,1.0,0.0,1.0,6,7,8,1,9,1,17.117,442.0,261.0,606.0,17.117,3.0,7.51,roster,0,89.0,70.0,0.957,75.36,5.1877,0.7,0.9321,3.1786,60.06,7.81,13.4,14.09,15.15
2021-09-08 03:00:00,3,25,25,0.0,5.0,19.0,1.0,0.0,1.0,0,0,9,0,9,0,18.117,502.0,183.0,666.0,18.117,3.0,7.51,roster,0,79.0,62.5,0.8495,56.92,1.975,0.625,0.0,3.16,53.62,7.81,0.0,15.48,16.65
2021-09-08 04:00:00,4,29,29,0.0,6.0,22.0,1.0,0.0,1.0,5,5,8,0,8,0,19.117,599.0,397.0,849.0,19.117,3.0,7.51,roster,0,92.0,72.5,0.9583,68.89,4.4121,0.725,0.6658,3.1724,62.2,6.95,0.0,19.74,21.225
2021-09-08 05:00:00,5,30,30,0.0,6.0,23.0,1.0,0.0,1.0,3,3,9,0,9,0,20.117,622.0,303.0,786.0,20.117,3.0,7.51,roster,0,95.0,75.0,1.0215,70.44,3.64,0.75,0.3995,3.1667,64.35,7.81,0.0,18.27,19.65
2021-09-08 06:00:00,6,26,26,0.0,6.0,19.0,1.0,0.0,1.0,1,1,9,0,9,0,21.117,682.0,363.0,846.0,21.117,3.0,7.51,roster,0,83.0,65.0,0.8925,63.25,2.5001,0.65,0.1332,3.1923,55.77,7.81,0.0,19.67,21.15
2021-09-08 07:00:00,7,26,26,0.0,6.0,19.0,1.0,0.0,1.0,1,1,9,0,9,0,22.117,742.0,423.0,906.0,22.117,3.0,7.51,roster,0,83.0,65.0,0.8925,64.65,2.5001,0.65,0.1332,3.1923,55.77,7.81,0.0,21.06,22.65
2021-09-08 08:00:00,8,26,26,0.0,6.0,19.0,1.0,0.0,1.0,4,4,9,0,9,0,23.117,802.0,483.0,966.0,23.117,3.0,6.6,roster,0,83.0,65.0,0.8925,66.04,4.0097,0.65,0.6061,3.1923,55.77,7.81,0.0,22.46,24.15
2021-09-08 09:00:00,9,30,30,0.0,5.0,23.0,2.0,0.0,1.0,8,8,8,0,8,0,24.117,739.5,529.0,1149.0,24.117,3.0,6.6,roster,0,93.0,75.0,0.9688,78.01,6.0826,0.75,1.2121,3.1,64.35,6.95,0.0,26.71,28.725
2021-09-08 10:00:00,10,32,32,1.0,7.0,23.0,1.0,0.0,1.0,8,8,10,0,10,0,25.117,502.5,68.0,1086.0,25.117,4.0,9.85,roster,0,104.0,80.0,0.8667,82.57,5.2396,0.8,0.8122,3.25,68.64,8.68,0.0,25.25,27.15
2021-09-08 11:00:00,11,37,37,1.0,8.0,27.0,1.0,0.0,1.0,11,11,12,2,14,2,26.117,160.0,116.0,1056.0,26.117,4.0,9.85,roster,0,120.0,92.5,1.1538,122.87,6.6219,0.925,1.1168,3.2432,79.36,12.16,26.8,24.55,26.4
2021-09-08 12:00:00,12,35,35,0.0,10.0,24.0,1.0,0.0,1.0,7,5,14,1,15,1,27.117,188.0,120.0,1116.0,27.117,4.0,9.85,roster,0,114.0,87.5,1.14,107.45,4.5034,0.875,0.5076,3.2571,75.08,13.02,13.4,25.95,27.9
2021-09-08 13:00:00,13,32,32,0.0,9.0,23.0,0.0,0.0,1.0,7,7,12,1,13,1,28.117,236.0,176.0,312.0,28.117,4.0,9.85,roster,0,105.0,80.0,0.9722,80.58,4.9569,0.8,0.7107,3.2812,68.64,11.29,13.4,7.25,7.8
2021-09-08 14:00:00,14,36,36,0.0,7.0,28.0,1.0,0.0,1.0,10,10,11,2,13,2,24.15,240.0,153.0,305.0,24.15,4.0,9.85,roster,0,114.0,90.0,1.0556,102.4,6.0649,0.9,1.0152,3.1667,77.22,11.29,26.8,7.09,7.625
2021-09-08 15:00:00,15,39,39,1.0,6.0,29.0,3.0,0.0,1.0,11,11,11,2,13,2,25.15,256.0,141.0,356.0,25.15,4.0,9.85,roster,0,122.0,97.5,1.1296,110.02,6.5434,0.975,1.1168,3.1282,83.66,11.29,26.8,8.28,8.9
2021-09-08 16:00:00,16,24,24,0.0,3.0,21.0,0.0,0.0,1.0,7,6,7,1,8,1,6.0,193.0,136.0,356.0,6.0,4.0,9.85,roster,0,75.0,60.0,0.5859,60.1,3.7786,0.6,0.6091,3.125,51.48,6.95,13.4,8.28,8.9
2021-09-08 17:00:00,17,22,22,1.0,3.0,16.0,0.0,2.0,1.0,5,5,7,1,8,1,7.0,220.5,193.0,416.0,7.0,4.0,9.85,roster,0,67.0,55.0,0.5234,57.21,3.2209,0.55,0.5076,3.0455,47.19,6.95,13.4,9.67,10.4
2021-09-08 18:00:00,18,18,18,1.0,2.0,14.0,1.0,0.0,1.0,6,5,4,1,5,1,8.0,305.0,256.0,476.0,8.0,4.0,9.85,roster,0,57.0,45.0,0.4071,47.42,3.0324,0.45,0.5076,3.1667,38.61,4.34,13.4,11.07,11.9
2021-09-08 19:00:00,19,19,19,1.0,1.0,16.0,1.0,0.0,1.0,8,7,3,0,3,0,8.933,365.0,196.0,536.0,8.933,4.0,9.85,roster,0,59.0,47.5,0.3986,35.82,3.6818,0.475,0.7107,3.1053,40.75,2.6,0.0,12.46,13.4
2021-09-08 20:00:00,20,19,19,1.0,1.0,17.0,0.0,0.0,1.0,5,5,4,0,4,0,9.933,340.5,256.0,596.0,9.933,4.0,9.75,roster,0,60.0,47.5,0.4167,38.09,3.1194,0.475,0.5128,3.1579,40.75,3.47,0.0,13.86,14.9
2021-09-08 21:00:00,21,24,24,1.0,2.0,20.0,1.0,0.0,1.0,11,11,2,1,3,1,8.083,143.0,67.0,485.0,8.083,4.0,9.75,roster,0,75.0,60.0,0.5068,58.76,5.4006,0.6,1.1282,3.125,51.48,2.6,13.4,11.28,12.125
2021-09-08 22:00:00,22,19,19,1.0,3.0,13.0,2.0,0.0,1.0,5,6,2,1,3,1,9.083,127.0,110.0,545.0,9.083,3.0,6.5,roster,0,60.0,47.5,0.5405,49.43,4.415,0.475,0.9231,3.1579,40.75,2.6,13.4,12.67,13.625
2021-09-08 23:00:00,23,17,17,0.0,4.0,12.0,1.0,0.0,1.0,6,4,3,0,3,0,10.083,97.0,76.0,605.0,10.083,3.0,6.5,roster,0,54.0,42.5,0.4865,33.14,3.3048,0.425,0.6154,3.1765,36.46,2.6,0.0,14.07,15.125
2021-09-09 00:00:00,0,17,17,0.0,3.0,12.0,2.0,0.0,1.0,5,5,4,0,4,0,11.083,146.5,136.0,665.0,11.083,3.0,6.5,roster,0,52.0,42.5,0.4815,35.4,3.6529,0.425,0.7692,3.0588,36.46,3.47,0.0,15.46,16.625
2021-09-09 01:00:00,1,20,20,0.0,3.0,14.0,3.0,0.0,1.0,7,7,4,0,4,0,12.083,206.5,196.0,725.0,12.083,3.0,6.5,roster,0,60.0,50.0,0.5556,43.23,4.7308,0.5,1.0769,3.0,42.9,3.47,0.0,16.86,18.125
2021-09-09 02:00:00,2,13,13,0.0,2.0,9.0,2.0,0.0,1.0,2,1,4,0,4,0,13.083,266.5,256.0,785.0,13.083,3.0,6.5,roster,0,39.0,32.5,0.3611,29.61,1.4365,0.325,0.1538,3.0,27.88,3.47,0.0,18.25,19.625
2021-09-09 03:00:00,3,13,13,0.0,2.0,8.0,3.0,0.0,1.0,3,3,4,0,4,0,14.083,326.5,316.0,845.0,14.083,3.0,6.5,roster,0,38.0,32.5,0.3519,31.0,2.2991,0.325,0.4615,2.9231,27.88,3.47,0.0,19.65,21.125
2021-09-09 04:00:00,4,12,12,0.0,2.0,8.0,2.0,0.0,1.0,2,2,5,0,5,0,15.083,376.0,308.0,397.0,15.083,3.0,6.5,roster,0,36.0,30.0,0.3429,19.31,1.8231,0.3,0.3077,3.0,25.74,4.34,0.0,9.23,9.925
2021-09-09 05:00:00,5,11,11,0.0,2.0,8.0,1.0,0.0,1.0,1,1,6,0,6,0,16.083,402.0,166.0,457.0,16.083,3.0,6.5,roster,0,34.0,27.5,0.3333,19.43,1.3255,0.275,0.1538,3.0909,23.6,5.21,0.0,10.63,11.425
2021-09-09 06:00:00,6,11,11,0.0,2.0,8.0,1.0,0.0,1.0,0,0,7,0,7,0,17.083,428.0,140.0,517.0,17.083,3.0,6.5,roster,0,34.0,27.5,0.3434,21.69,0.85,0.275,0.0,3.0909,23.6,6.08,0.0,12.02,12.925
2021-09-09 07:00:00,7,14,14,0.0,2.0,11.0,1.0,0.0,1.0,3,3,7,0,7,0,18.083,488.0,200.0,577.0,18.083,3.0,6.5,roster,0,43.0,35.0,0.4343,29.52,2.4926,0.35,0.4615,3.0714,30.03,6.08,0.0,13.42,14.425
2021-09-09 08:00:00,8,14,14,0.0,3.0,11.0,0.0,0.0,1.0,4,3,7,0,7,0,19.083,548.0,260.0,637.0,19.083,3.0,6.68,roster,0,45.0,35.0,0.4545,30.92,2.5685,0.35,0.4491,3.2143,30.03,6.08,0.0,14.81,15.925
2021-09-09 09:00:00,9,17,17,0.0,4.0,13.0,0.0,0.0,1.0,7,7,5,1,6,1,20.083,507.0,320.0,676.0,20.083,3.0,6.68,roster,0,55.0,42.5,0.5392,50.79,4.7653,0.425,1.0479,3.2353,36.46,5.21,13.4,15.72,16.9
2021-09-09 10:00:00,10,25,25,1.0,4.0,18.0,2.0,0.0,1.0,8,8,7,2,9,2,21.083,380.0,99.0,668.0,21.083,4.0,9.93,roster,0,79.0,62.5,0.6371,83.77,4.5208,0.625,0.8056,3.16,53.62,7.81,26.8,15.53,16.7
2021-09-09 11:00:00,11,28,28,0.0,4.0,23.0,1.0,0.0,1.0,7,7,8,2,10,2,22.083,322.0,155.0,728.0,22.083,4.0,9.93,roster,0,87.0,70.0,0.725,92.47,4.3653,0.7,0.7049,3.1071,60.06,8.68,26.8,16.93,18.2
2021-09-09 12:00:00,12,27,27,0.0,2.0,24.0,1.0,0.0,1.0,4,4,10,1,11,1,23.083,215.0,111.0,586.0,23.083,4.0,9.93,roster,0,82.0,67.5,0.7069,74.49,3.2734,0.675,0.4028,3.037,57.92,9.55,13.4,13.62,14.65
2021-09-09 13:00:00,13,33,33,0.0,3.0,29.0,1.0,0.0,1.0,8,8,10,2,12,2,24.083,273.5,171.0,646.0,24.083,4.0,9.93,roster,0,101.0,82.5,0.9018,103.02,4.9907,0.825,0.8056,3.0606,70.78,10.42,26.8,15.02,16.15
2021-09-09 14:00:00,14,33,33,0.0,2.0,31.0,0.0,0.0,1.0,5,5,13,2,15,2,25.083,244.0,162.0,620.0,25.083,4.0,9.93,roster,0,101.0,82.5,1.01,105.02,4.0661,0.825,0.5035,3.0606,70.78,13.02,26.8,14.42,15.5
2021-09-09 15:00:00,15,34,34,1.0,2.0,29.0,1.0,1.0,1.0,10,9,12,1,13,1,20.9,287.0,165.0,392.0,16.133,4.0,9.93,roster,0,103.0,85.0,0.9537,86.73,5.3207,0.85,0.9063,3.0294,72.93,11.29,13.4,9.11,9.8
2021-09-09 16:00:00,16,35,35,2.0,3.0,29.0,0.0,1.0,1.0,6,6,13,2,15,2,21.9,234.0,126.0,452.0,17.133,4.0,9.93,roster,0,110.0,87.5,1.1,105.41,4.649,0.875,0.6042,3.1429,75.08,13.02,26.8,10.51,11.3
2021-09-09 17:00:00,17,32,32,1.0,5.0,25.0,0.0,1.0,1.0,5,4,12,3,15,3,22.9,285.0,175.0,424.0,18.133,4.0,9.93,roster,0,101.0,80.0,1.01,111.72,3.7964,0.8,0.4028,3.1562,68.64,13.02,40.2,9.86,10.6
2021-09-09 18:00:00,18,31,31,1.0,5.0,25.0,0.0,0.0,1.0,9,7,11,3,14,3,23.9,251.5,157.0,354.0,14.333,4.0,9.93,roster,0,100.0,77.5,0.9615,107.08,4.774,0.775,0.7049,3.2258,66.5,12.16,40.2,8.23,8.85
2021-09-09 19:00:00,19,26,26,1.0,7.0,18.0,0.0,0.0,1.0,6,6,9,2,11,2,24.9,217.0,110.0,306.0,8.783,4.0,9.93,roster,0,87.0,65.0,0.75,79.24,4.1968,0.65,0.6042,3.3462,55.77,9.55,26.8,7.11,7.65
2021-09-09 20:00:00,20,30,30,2.0,6.0,21.0,1.0,0.0,1.0,9,9,9,3,12,3,25.9,245.0,170.0,366.0,9.783,4.0,9.68,roster,0,99.0,75.0,0.8839,103.48,5.5432,0.75,0.9298,3.3,64.35,10.42,40.2,8.51,9.15
2021-09-09 21:00:00,21,27,27,1.0,4.0,20.0,2.0,0.0,1.0,10,8,9,2,11,2,26.9,273.0,114.0,426.0,10.783,4.0,9.68,roster,0,85.0,67.5,0.7328,84.17,4.7268,0.675,0.8264,3.1481,57.92,9.55,26.8,9.9,10.65
2021-09-09 22:00:00,22,18,18,1.0,2.0,13.0,2.0,0.0,1.0,6,5,5,2,7,2,8.1,174.0,148.0,397.0,8.1,3.0,6.43,roster,0,56.0,45.0,0.5657,60.72,3.8192,0.45,0.7776,3.1111,38.61,6.08,26.8,9.23,9.925
2021-09-09 23:00:00,23,20,20,1.0,1.0,14.0,4.0,0.0,1.0,13,11,4,2,6,2,9.1,313.5,164.0,457.0,9.1,3.0,6.43,roster,0,59.0,50.0,0.5784,65.54,6.5217,0.5,1.7107,2.95,42.9,5.21,26.8,10.63,11.425
2021-09-10 00:00:00,0,24,24,1.0,2.0,18.0,3.0,0.0,1.0,8,8,6,2,8,2,10.1,259.0,174.0,517.0,10.1,3.0,6.43,roster,0,73.0,60.0,0.7604,77.25,5.6093,0.6,1.2442,3.0417,51.48,6.95,26.8,12.02,12.925
2021-09-10 01:00:00,1,23,23,1.0,2.0,19.0,1.0,0.0,1.0,7,4,7,3,10,3,11.1,259.0,150.0,513.0,11.1,3.0,6.43,roster,0,72.0,57.5,0.8,90.15,3.7474,0.575,0.6221,3.1304,49.33,8.68,40.2,11.93,12.825
2021-09-10 02:00:00,2,18,18,1.0,2.0,14.0,1.0,0.0,1.0,1,1,7,3,10,3,12.1,319.0,210.0,573.0,12.1,3.0,6.43,roster,0,57.0,45.0,0.6333,80.82,1.9175,0.45,0.1555,3.1667,38.61,8.68,40.2,13.32,14.325
2021-09-10 03:00:00,3,20,20,1.0,3.0,14.0,2.0,0.0,1.0,5,4,7,2,9,2,13.1,404.0,290.0,633.0,13.1,3.0,6.43,roster,0,63.0,50.0,0.6774,72.23,3.5346,0.5,0.6221,3.15,42.9,7.81,26.8,14.72,15.825
2021-09-10 04:00:00,4,18,18,1.0,2.0,13.0,2.0,0.0,1.0,1,1,7,2,9,2,14.1,464.0,350.0,693.0,14.1,3.0,6.43,roster,0,56.0,45.0,0.6022,69.34,1.8838,0.45,0.1555,3.1111,38.61,7.81,26.8,16.11,17.325
2021-09-10 05:00:00,5,19,19,1.0,3.0,14.0,1.0,0.0,1.0,3,3,7,2,9,2,15.1,524.0,410.0,753.0,15.1,3.0,6.43,roster,0,61.0,47.5,0.6559,72.88,3.0229,0.475,0.4666,3.2105,40.75,7.81,26.8,17.51,18.825
2021-09-10 06:00:00,6,16,16,1.0,2.0,12.0,1.0,0.0,1.0,1,1,7,2,9,2,16.1,584.0,470.0,813.0,16.1,3.0,6.43,roster,0,51.0,40.0,0.5484,67.84,1.7707,0.4,0.1555,3.1875,34.32,7.81,26.8,18.9,20.325
2021-09-10 07:00:00,7,16,16,1.0,2.0,12.0,1.0,0.0,1.0,2,1,7,2,9,2,17.1,644.0,530.0,873.0,17.1,3.0,6.43,roster,0,51.0,40.0,0.5484,69.23,1.7707,0.4,0.1555,3.1875,34.32,7.81,26.8,20.3,21.825
2021-09-10 08:00:00,8,19,19,1.0,1.0,16.0,1.0,0.0,1.0,5,5,7,2,9,2,18.1,704.0,590.0,933.0,18.1,3.0,7.31,roster,0,59.0,47.5,0.6344,77.06,3.599,0.475,0.684,3.1053,40.75,7.81,26.8,21.69,23.325
2021-09-10 09:00:00,9,19,19,1.0,4.0,12.0,1.0,1.0,1.0,6,6,6,2,8,2,17.617,739.0,630.0,993.0,17.617,3.0,7.31,roster,0,60.0,47.5,0.625,77.59,4.092,0.475,0.8208,3.1579,40.75,6.95,26.8,23.09,24.825
2021-09-10 10:00:00,10,33,33,1.0,6.0,25.0,1.0,0.0,1.0,17,17,8,2,10,2,18.617,467.5,95.0,894.0,18.617,4.0,11.01,roster,0,106.0,82.5,0.8833,107.05,7.6097,0.825,1.5441,3.2121,70.78,8.68,26.8,20.79,22.35
2021-09-10 11:00:00,11,30,30,1.0,7.0,22.0,0.0,0.0,1.0,6,5,8,2,10,2,19.617,517.5,139.0,954.0,19.617,4.0,11.01,roster,0,99.0,75.0,0.825,102.01,3.9736,0.75,0.4541,3.3,64.35,8.68,26.8,22.18,23.85
2021-09-10 12:00:00,12,29,29,1.0,9.0,19.0,0.0,0.0,1.0,10,10,8,3,11,3,20.617,215.0,134.0,1014.0,20.617,4.0,11.01,roster,0,98.0,72.5,0.8448,115.53,5.5193,0.725,0.9083,3.3793,62.2,9.55,40.2,23.58,25.35
2021-09-10 13:00:00,13,30,30,1.0,11.0,18.0,0.0,0.0,1.0,5,4,9,3,12,3,21.617,251.0,147.0,1074.0,21.617,4.0,11.01,roster,0,103.0,75.0,0.9196,119.94,3.8224,0.75,0.3633,3.4333,64.35,10.42,40.2,24.97,26.85
2021-09-10 14:00:00,14,28,28,1.0,10.0,16.0,1.0,0.0,1.0,8,8,9,3,12,3,22.617,278.5,183.0,1134.0,22.617,4.0,11.01,roster,0,95.0,70.0,0.8482,117.05,4.8403,0.7,0.7266,3.3929,60.06,10.42,40.2,26.37,28.35
2021-09-10 15:00:00,15,29,29,1.0,9.0,18.0,1.0,0.0,1.0,7,7,8,2,10,2,23.617,331.0,183.0,1194.0,23.617,4.0,11.01,roster,0,97.0,72.5,0.8083,105.45,4.5516,0.725,0.6358,3.3448,62.2,8.68,26.8,27.76,29.85
2021-09-10 16:00:00,16,22,22,1.0,10.0,11.0,0.0,0.0,1.0,5,6,5,2,7,2,24.617,298.0,125.0,1413.0,24.617,4.0,11.01,roster,0,78.0,55.0,0.5909,92.92,3.8821,0.55,0.545,3.5455,47.19,6.08,26.8,32.85,35.325
2021-09-10 17:00:00,17,24,24,2.0,12.0,9.0,1.0,0.0,1.0,7,7,6,2,8,2,25.617,330.5,185.0,1473.0,25.617,4.0,11.01,roster,0,87.0,60.0,0.6797,99.47,4.4797,0.6,0.6358,3.625,51.48,6.95,26.8,34.25,36.825
2021-09-10 18:00:00,18,25,25,1.0,11.0,12.0,1.0,0.0,1.0,8,7,7,1,8,1,26.617,304.0,213.0,575.0,26.617,4.0,11.01,roster,0,87.0,62.5,0.6797,67.34,4.3875,0.625,0.6358,3.48,53.62,6.95,13.4,13.37,14.375
2021-09-10 19:00:00,19,24,24,0.0,11.0,12.0,1.0,0.0,1.0,7,7,6,0,6,0,9.65,255.0,153.0,423.0,7.967,4.0,11.01,roster,0,82.0,60.0,0.6029,46.52,4.2223,0.6,0.6358,3.4167,51.48,5.21,0.0,9.83,10.575
2021-09-10 20:00:00,20,25,25,0.0,8.0,17.0,0.0,0.0,1.0,8,8,5,0,5,0,10.65,213.0,153.0,365.0,8.05,4.0,10.42,roster,0,83.0,62.5,0.5929,46.45,4.6239,0.625,0.7678,3.32,53.62,4.34,0.0,8.49,9.125
2021-09-10 21:00:00,21,25,25,0.0,8.0,15.0,2.0,0.0,1.0,8,8,6,0,6,0,11.65,168.5,90.0,273.0,7.083,4.0,10.42,roster,0,81.0,62.5,0.5956,45.18,4.5125,0.625,0.7678,3.24,53.62,5.21,0.0,6.35,6.825
2021-09-10 22:00:00,22,28,28,0.0,7.0,20.0,1.0,0.0,1.0,10,10,6,0,6,0,12.65,228.5,150.0,333.0,8.083,3.0,6.72,roster,0,90.0,70.0,0.8824,53.01,7.0332,0.7,1.4881,3.2143,60.06,5.21,0.0,7.74,8.325
2021-09-10 23:00:00,23,21,21,0.0,5.0,16.0,0.0,0.0,1.0,7,6,6,0,6,0,13.65,221.5,111.0,333.0,6.55,3.0,6.72,roster,0,68.0,52.5,0.6667,38.0,4.5912,0.525,0.8929,3.2381,45.04,5.21,0.0,7.74,8.325
2021-09-11 00:00:00,0,17,17,0.0,7.0,10.0,0.0,0.0,1.0,5,4,6,1,7,1,14.65,259.0,148.0,393.0,7.55,3.0,6.72,roster,0,58.0,42.5,0.5859,45.08,3.4808,0.425,0.5952,3.4118,36.46,6.08,13.4,9.14,9.825
2021-09-11 01:00:00,1,19,19,0.0,8.0,9.0,2.0,0.0,1.0,5,5,6,2,8,2,15.65,219.5,161.0,453.0,8.55,3.0,6.72,roster,0,63.0,47.5,0.6562,65.03,4.0421,0.475,0.744,3.3158,40.75,6.95,26.8,10.53,11.325
2021-09-11 02:00:00,2,18,18,0.0,8.0,9.0,1.0,0.0,1.0,3,3,5,1,6,1,16.65,357.5,268.0,513.0,9.55,3.0,6.72,roster,0,61.0,45.0,0.598,49.15,3.0379,0.45,0.4464,3.3889,38.61,5.21,13.4,11.93,12.825
2021-09-11 03:00:00,3,18,18,0.0,8.0,10.0,0.0,0.0,1.0,1,1,5,1,6,1,17.65,417.5,328.0,573.0,10.55,3.0,6.72,roster,0,62.0,45.0,0.6078,50.54,2.0626,0.45,0.1488,3.4444,38.61,5.21,13.4,13.32,14.325
2021-09-11 04:00:00,4,21,21,0.0,10.0,11.0,0.0,0.0,1.0,5,5,6,1,7,1,18.65,411.0,341.0,633.0,11.55,3.0,6.72,roster,0,73.0,52.5,0.7374,59.24,4.4115,0.525,0.744,3.4762,45.04,6.08,13.4,14.72,15.825
2021-09-11 05:00:00,5,21,21,0.0,10.0,10.0,1.0,0.0,1.0,1,1,6,1,7,1,19.65,471.0,401.0,693.0,12.55,3.0,6.72,roster,0,72.0,52.5,0.7273,60.64,2.3102,0.525,0.1488,3.4286,45.04,6.08,13.4,16.11,17.325
2021-09-11 06:00:00,6,17,17,0.0,9.0,8.0,0.0,0.0,1.0,1,0,6,1,7,1,20.65,531.0,461.0,753.0,13.55,3.0,6.72,roster,0,60.0,42.5,0.6061,53.45,1.5,0.425,0.0,3.5294,36.46,6.08,13.4,17.51,18.825
2021-09-11 07:00:00,7,18,18,0.0,9.0,8.0,1.0,0.0,1.0,2,2,6,1,7,1,21.65,591.0,521.0,813.0,14.55,3.0,6.72,roster,0,62.0,45.0,0.6263,56.99,2.5751,0.45,0.2976,3.4444,38.61,6.08,13.4,18.9,20.325
2021-09-11 08:00:00,8,18,18,0.0,6.0,12.0,0.0,0.0,1.0,5,5,6,1,7,1,22.65,651.0,581.0,873.0,15.55,3.0,6.35,roster,0,60.0,45.0,0.6061,58.39,4.1247,0.45,0.7874,3.3333,38.61,6.08,13.4,20.3,21.825
2021-09-11 09:00:00,9,21,21,0.0,5.0,16.0,0.0,0.0,1.0,6,6,5,2,7,2,23.65,711.0,641.0,933.0,16.55,3.0,6.35,roster,0,68.0,52.5,0.6869,79.62,4.7596,0.525,0.9449,3.2381,45.04,6.08,26.8,21.69,23.325
2021-09-11 10:00:00,10,29,29,0.0,4.0,21.0,4.0,0.0,1.0,14,14,4,2,6,2,24.65,736.0,133.0,904.0,16.55,4.0,9.67,roster,0,87.0,72.5,0.6397,95.23,6.5183,0.725,1.4478,3.0,62.2,5.21,26.8,21.02,22.6
2021-09-11 11:00:00,11,35,35,0.0,6.0,22.0,7.0,0.0,1.0,12,12,7,2,9,2,25.65,193.0,108.0,831.0,17.55,4.0,9.67,roster,0,104.0,87.5,0.8387,109.01,6.2874,0.875,1.241,2.9714,75.08,7.81,26.8,19.32,20.775
2021-09-11 12:00:00,12,36,36,0.0,7.0,23.0,6.0,0.0,1.0,12,13,7,4,11,4,26.65,137.0,94.0,253.0,17.067,4.0,9.67,roster,0,109.0,90.0,0.9397,126.25,6.7954,0.9,1.3444,3.0278,77.22,9.55,53.6,5.88,6.325
2021-09-11 13:00:00,13,40,40,0.0,8.0,26.0,6.0,0.0,1.0,11,11,9,4,13,4,27.65,167.0,120.0,216.0,18.067,4.0,9.67,roster,0,122.0,100.0,1.1296,135.71,6.5195,1.0,1.1375,3.05,85.8,11.29,53.6,5.02,5.4
2021-09-11 14:00:00,14,38,38,1.0,11.0,21.0,5.0,0.0,1.0,10,10,10,4,14,4,28.65,187.0,124.0,237.0,19.067,4.0,9.67,roster,0,122.0,95.0,1.1731,132.78,6.3701,0.95,1.0341,3.2105,81.51,12.16,53.6,5.51,5.925
2021-09-11 15:00:00,15,36,36,2.0,9.0,21.0,4.0,0.0,1.0,10,11,7,4,11,4,29.65,184.0,113.0,240.0,16.683,4.0,9.67,roster,0,117.0,90.0,1.0086,125.95,6.622,0.9,1.1375,3.25,77.22,9.55,53.6,5.58,6.0
2021-09-11 16:00:00,16,36,36,3.0,9.0,21.0,3.0,0.0,1.0,9,9,6,4,10,4,7.183,184.5,139.0,244.0,5.0,4.0,9.67,roster,0,120.0,90.0,1.0,125.18,6.1024,0.9,0.9307,3.3333,77.22,8.68,53.6,5.67,6.1
2021-09-11 17:00:00,17,33,33,3.0,7.0,20.0,3.0,0.0,1.0,9,6,8,3,11,3,7.217,219.0,135.0,304.0,6.0,4.0,9.67,roster,0,109.0,82.5,0.9397,107.6,4.7745,0.825,0.6205,3.303,70.78,9.55,40.2,7.07,7.6
2021-09-11 18:00:00,18,28,28,2.0,6.0,17.0,2.0,1.0,1.0,4,5,10,2,12,2,8.217,215.5,140.0,323.0,7.0,4.0,9.67,roster,0,90.0,70.0,0.8036,84.79,3.912,0.7,0.5171,3.2143,60.06,10.42,26.8,7.51,8.075
2021-09-11 19:00:00,19,25,25,2.0,4.0,14.0,4.0,1.0,1.0,9,9,6,2,8,2,8.0,244.0,200.0,424.0,8.0,4.0,9.67,roster,0,77.0,62.5,0.6016,77.23,4.7916,0.625,0.9307,3.08,53.62,6.95,26.8,9.86,10.6
2021-09-11 20:00:00,20,30,30,1.0,4.0,16.0,8.0,1.0,1.0,15,15,4,2,6,2,9.0,255.0,89.0,356.0,9.0,4.0,9.92,roster,0,86.0,75.0,0.6324,84.64,6.4847,0.75,1.5121,2.8667,64.35,5.21,26.8,8.28,8.9
2021-09-11 21:00:00,21,28,28,0.0,4.0,17.0,6.0,1.0,1.0,15,10,6,1,7,1,10.0,143.0,98.0,416.0,10.0,4.0,9.92,roster,0,80.0,70.0,0.6061,69.21,4.8802,0.7,1.0081,2.8571,60.06,6.08,13.4,9.67,10.4
2021-09-11 22:00:00,22,29,29,0.0,3.0,21.0,4.0,1.0,1.0,8,7,4,1,5,1,11.0,166.0,155.0,476.0,11.0,3.0,6.6,roster,0,84.0,72.5,0.8,71.01,5.1721,0.725,1.0606,2.8966,62.2,4.34,13.4,11.07,11.9
2021-09-11 23:00:00,23,23,23,0.0,3.0,15.0,4.0,1.0,1.0,3,2,4,1,5,1,12.0,81.0,68.0,171.0,12.0,3.0,6.6,roster,0,66.0,57.5,0.6286,51.05,2.5196,0.575,0.303,2.8696,49.33,4.34,13.4,3.98,4.275
2021-09-12 00:00:00,0,20,20,0.0,1.0,14.0,4.0,1.0,1.0,6,4,4,1,5,1,13.0,141.0,128.0,231.0,13.0,3.0,6.6,roster,0,55.0,50.0,0.5238,46.01,3.0417,0.5,0.6061,2.75,42.9,4.34,13.4,5.37,5.775
2021-09-12 01:00:00,1,20,20,0.0,1.0,13.0,5.0,1.0,1.0,7,7,4,1,5,1,14.0,201.0,188.0,291.0,14.0,3.0,6.6,roster,0,54.0,50.0,0.5143,47.41,4.2136,0.5,1.0606,2.7,42.9,4.34,13.4,6.77,7.275
2021-09-12 02:00:00,2,22,22,1.0,1.0,16.0,3.0,1.0,1.0,4,4,5,1,6,1,15.0,254.5,242.0,351.0,15.0,3.0,6.6,roster,0,64.0,55.0,0.6275,53.96,3.3631,0.55,0.6061,2.9091,47.19,5.21,13.4,8.16,8.775
2021-09-12 03:00:00,3,19,19,1.0,1.0,13.0,3.0,1.0,1.0,2,2,5,1,6,1,16.0,314.5,302.0,411.0,16.0,3.0,6.6,roster,0,55.0,47.5,0.5392,48.92,2.2522,0.475,0.303,2.8947,40.75,5.21,13.4,9.56,10.275
2021-09-12 04:00:00,4,17,17,1.0,1.0,12.0,2.0,1.0,1.0,1,1,5,1,6,1,17.0,374.5,362.0,471.0,17.0,3.0,6.6,roster,0,50.0,42.5,0.4902,46.03,1.6956,0.425,0.1515,2.9412,36.46,5.21,13.4,10.95,11.775
2021-09-12 05:00:00,5,17,17,1.0,0.0,13.0,2.0,1.0,1.0,1,1,6,1,7,1,18.0,428.0,269.0,531.0,18.0,3.0,6.6,roster,0,49.0,42.5,0.4949,48.29,1.6617,0.425,0.1515,2.8824,36.46,6.08,13.4,12.35,13.275
2021-09-12 06:00:00,6,18,18,0.0,0.0,13.0,4.0,1.0,1.0,3,3,6,1,7,1,19.0,488.0,329.0,591.0,19.0,3.0,6.6,roster,0,48.0,45.0,0.4848,51.83,2.4121,0.45,0.4545,2.6667,38.61,6.08,13.4,13.74,14.775
2021-09-12 07:00:00,7,18,18,0.0,1.0,12.0,4.0,1.0,1.0,4,4,6,1,7,1,20.0,548.0,389.0,651.0,20.0,3.0,6.6,roster,0,49.0,45.0,0.4949,53.22,2.8748,0.45,0.6061,2.7222,38.61,6.08,13.4,15.14,16.275
2021-09-12 08:00:00,8,18,18,0.0,1.0,13.0,3.0,1.0,1.0,4,5,7,2,9,2,21.0,602.0,264.0,621.0,21.0,3.0,8.39,roster,0,50.0,45.0,0.5376,67.66,2.9054,0.45,0.5959,2.7778,38.61,7.81,26.8,14.44,15.525
2021-09-12 09:00:00,9,21,21,0.0,1.0,16.0,3.0,1.0,1.0,8,8,4,2,6,2,22.0,493.0,146.0,771.0,22.0,3.0,8.39,roster,0,59.0,52.5,0.5784,74.98,4.1539,0.525,0.9535,2.8095,45.04,5.21,26.8,17.93,19.275
2021-09-12 10:00:00,10,20,20,0.0,0.0,17.0,3.0,0.0,1.0,14,8,5,1,6,1,23.0,412.5,78.0,831.0,23.0,4.0,11.71,roster,0,57.0,50.0,0.4191,60.83,3.3721,0.5,0.6832,2.85,42.9,5.21,13.4,19.32,20.775
2021-09-12 11:00:00,11,25,25,0.0,1.0,20.0,4.0,0.0,1.0,9,8,8,0,8,0,22.133,112.0,98.0,782.0,14.85,4.0,11.71,roster,0,72.0,62.5,0.5625,58.75,3.7675,0.625,0.6832,2.88,53.62,6.95,0.0,18.18,19.55
2021-09-12 12:00:00,12,30,30,0.0,2.0,25.0,3.0,0.0,1.0,9,9,6,1,7,1,23.133,158.0,121.0,198.0,14.033,4.0,11.71,roster,0,89.0,75.0,0.6742,68.43,4.5051,0.75,0.7686,2.9667,64.35,6.08,13.4,4.6,4.95
2021-09-12 13:00:00,13,25,25,0.0,2.0,20.0,3.0,0.0,1.0,4,4,11,1,12,1,24.133,136.0,95.0,218.0,15.033,4.0,11.71,roster,0,74.0,62.5,0.6607,62.51,2.8611,0.625,0.3416,2.96,53.62,10.42,13.4,5.07,5.45
2021-09-12 14:00:00,14,24,24,0.0,3.0,20.0,1.0,0.0,1.0,6,6,11,0,11,0,25.133,158.0,125.0,278.0,16.033,4.0,11.71,roster,0,74.0,60.0,0.6379,47.49,3.4298,0.6,0.5124,3.0833,51.48,9.55,0.0,6.46,6.95
2021-09-12 15:00:00,15,21,21,0.0,2.0,18.0,1.0,0.0,1.0,4,4,9,1,10,1,26.133,216.5,185.0,308.0,17.033,4.0,11.71,roster,0,64.0,52.5,0.5333,54.29,2.641,0.525,0.3416,3.0476,45.04,8.68,13.4,7.16,7.7
2021-09-12 16:00:00,16,16,16,0.0,2.0,13.0,1.0,0.0,1.0,5,5,4,1,5,1,27.133,278.0,275.0,288.0,6.717,4.0,11.71,roster,0,49.0,40.0,0.35,38.76,2.5326,0.4,0.427,3.0625,34.32,4.34,13.4,6.7,7.2
2021-09-12 17:00:00,17,18,18,1.0,3.0,13.0,1.0,0.0,1.0,7,7,4,1,5,1,28.133,338.0,201.0,348.0,7.717,4.0,11.71,roster,0,58.0,45.0,0.4143,44.44,3.3762,0.45,0.5978,3.2222,38.61,4.34,13.4,8.09,8.7
2021-09-12 18:00:00,18,19,19,1.0,2.0,14.0,2.0,0.0,1.0,7,4,4,2,6,2,29.133,329.5,142.0,408.0,8.717,4.0,11.71,roster,0,59.0,47.5,0.4338,62.25,2.5357,0.475,0.3416,3.1053,40.75,5.21,26.8,9.49,10.2
2021-09-12 19:00:00,19,18,18,0.0,1.0,14.0,3.0,0.0,1.0,7,6,4,1,5,1,30.133,202.0,164.0,458.0,7.8,4.0,11.71,roster,0,52.0,45.0,0.3714,47.0,2.7802,0.45,0.5124,2.8889,38.61,4.34,13.4,10.65,11.45
2021-09-12 20:00:00,20,26,26,0.0,1.0,21.0,4.0,0.0,1.0,11,10,5,1,6,1,31.133,243.0,156.0,518.0,8.8,4.0,11.38,roster,0,75.0,65.0,0.5515,66.42,4.4098,0.65,0.8787,2.8846,55.77,5.21,13.4,12.04,12.95
2021-09-12 21:00:00,21,27,27,0.0,1.0,23.0,3.0,0.0,1.0,10,7,5,1,6,1,32.133,250.0,138.0,322.0,9.633,4.0,11.38,roster,0,79.0,67.5,0.5809,64.01,3.7748,0.675,0.6151,2.9259,57.92,5.21,13.4,7.49,8.05
2021-09-12 22:00:00,22,23,23,0.0,1.0,20.0,2.0,0.0,1.0,2,2,5,2,7,2,33.133,198.0,113.0,382.0,10.633,3.0,8.06,roster,0,68.0,57.5,0.6869,71.09,2.4336,0.575,0.2481,2.9565,49.33,6.08,26.8,8.88,9.55
2021-09-12 23:00:00,23,19,19,0.0,1.0,16.0,2.0,0.0,1.0,5,2,4,1,5,1,34.133,258.0,205.0,404.0,7.367,3.0,8.06,roster,0,56.0,47.5,0.5333,47.89,2.1314,0.475,0.2481,2.9474,40.75,4.34,13.4,9.39,10.1
2021-09-13 00:00:00,0,16,16,0.0,0.0,15.0,1.0,0.0,1.0,2,2,3,0,3,0,35.133,318.0,265.0,502.0,8.367,3.0,8.06,roster,0,47.0,40.0,0.4234,28.6,1.9039,0.4,0.2481,2.9375,34.32,2.6,0.0,11.67,12.55
2021-09-13 01:00:00,1,14,14,0.0,0.0,13.0,1.0,0.0,1.0,2,0,3,0,3,0,36.133,378.0,325.0,562.0,9.367,3.0,8.06,roster,0,41.0,35.0,0.3694,25.7,1.025,0.35,0.0,2.9286,30.03,2.6,0.0,13.07,14.05
2021-09-13 02:00:00,2,13,13,0.0,0.0,12.0,1.0,0.0,1.0,2,2,3,0,3,0,37.133,438.0,385.0,622.0,10.367,3.0,8.06,roster,0,38.0,32.5,0.3423,24.95,1.6753,0.325,0.2481,2.9231,27.88,2.6,0.0,14.46,15.55
2021-09-13 03:00:00,3,12,12,0.0,1.0,10.0,1.0,0.0,1.0,1,1,4,0,4,0,38.133,471.5,445.0,682.0,11.367,3.0,8.06,roster,0,36.0,30.0,0.3333,25.07,1.2722,0.3,0.1241,3.0,25.74,3.47,0.0,15.86,17.05
2021-09-13 04:00:00,4,17,17,0.0,1.0,14.0,2.0,0.0,1.0,5,5,4,0,4,0,39.133,531.5,505.0,742.0,12.367,3.0,8.06,roster,0,50.0,42.5,0.463,37.19,3.0746,0.425,0.6203,2.9412,36.46,3.47,0.0,17.25,18.55
2021-09-13 05:00:00,5,15,15,0.0,1.0,13.0,1.0,0.0,1.0,1,1,4,0,4,0,40.133,591.5,565.0,802.0,13.367,3.0,8.06,roster,0,45.0,37.5,0.4167,34.29,1.4972,0.375,0.1241,3.0,32.17,3.47,0.0,18.65,20.05
2021-09-13 06:00:00,6,13,13,0.0,1.0,11.0,1.0,0.0,1.0,1,1,4,0,4,0,41.133,651.5,625.0,862.0,14.367,3.0,8.06,roster,0,39.0,32.5,0.3611,31.4,1.3472,0.325,0.1241,3.0,27.88,3.47,0.0,20.04,21.55
2021-09-13 07:00:00,7,18,18,0.0,1.0,16.0,1.0,0.0,1.0,5,5,4,0,4,0,42.133,711.5,685.0,922.0,15.367,3.0,8.06,roster,0,54.0,45.0,0.5,43.52,3.211,0.45,0.6203,3.0,38.61,3.47,0.0,21.44,23.05
2021-09-13 08:00:00,8,15,15,0.0,0.0,14.0,1.0,0.0,1.0,1,1,5,0,5,0,43.133,745.0,393.0,798.0,16.367,3.0,6.55,roster,0,44.0,37.5,0.419,35.07,1.5478,0.375,0.1527,2.9333,32.17,4.34,0.0,18.55,19.95
2021-09-13 09:00:00,9,13,13,0.0,0.0,11.0,2.0,0.0,1.0,5,4,1,0,1,0,44.133,167.0,167.0,167.0,2.783,3.0,6.55,roster,0,37.0,32.5,0.3162,12.64,2.6631,0.325,0.6107,2.8462,27.88,0.87,0.0,3.88,4.175
2021-09-13 10:00:00,10,21,21,0.0,3.0,17.0,1.0,0.0,1.0,13,13,3,0,3,0,17.083,119.0,76.0,227.0,3.783,4.0,9.8,roster,0,65.0,52.5,0.4392,32.93,5.7309,0.525,1.3265,3.0952,45.04,2.6,0.0,5.28,5.675
2021-09-13 11:00:00,11,28,28,0.0,4.0,23.0,1.0,0.0,1.0,12,9,4,2,6,2,18.083,122.0,70.0,179.0,4.783,4.0,9.8,roster,0,87.0,70.0,0.6397,76.23,5.0285,0.7,0.9184,3.1071,60.06,5.21,26.8,4.16,4.475
2021-09-13 12:00:00,12,30,30,2.0,3.0,23.0,2.0,0.0,1.0,10,9,7,2,9,2,15.6,130.0,105.0,196.0,5.783,4.0,9.8,roster,0,95.0,75.0,0.7661,83.52,5.2832,0.75,0.9184,3.1667,64.35,7.81,26.8,4.56,4.9
2021-09-13 13:00:00,13,30,30,2.0,3.0,24.0,1.0,0.0,1.0,5,5,10,2,12,2,6.783,173.5,121.0,256.0,6.783,4.0,9.8,roster,0,96.0,75.0,0.8571,87.52,4.0327,0.75,0.5102,3.2,64.35,10.42,26.8,5.95,6.4
2021-09-13 14:00:00,14,27,27,2.0,3.0,21.0,1.0,0.0,1.0,6,6,6,1,7,1,7.783,225.0,147.0,316.0,7.783,4.0,9.8,roster,0,87.0,67.5,0.6591,64.74,4.1478,0.675,0.6122,3.2222,57.92,6.08,13.4,7.35,7.9
2021-09-13 15:00:00,15,31,31,2.0,2.0,27.0,0.0,0.0,1.0,11,11,8,0,8,0,8.783,239.0,198.0,376.0,8.783,4.0,9.8,roster,0,99.0,77.5,0.7734,62.18,6.0596,0.775,1.1224,3.1935,66.5,6.95,0.0,8.74,9.4
2021-09-13 16:00:00,16,31,31,1.0,2.0,28.0,0.0,0.0,1.0,6,6,10,1,11,1,9.783,159.0,101.0,345.0,9.783,4.0,9.8,roster,0,97.0,77.5,0.8362,77.47,4.3407,0.775,0.6122,3.129,66.5,9.55,13.4,8.02,8.625
2021-09-13 17:00:00,17,30,30,1.0,3.0,24.0,2.0,0.0,1.0,7,7,12,1,13,1,10.783,170.0,152.0,391.0,10.783,4.0,9.8,roster,0,93.0,75.0,0.8611,78.13,4.5393,0.75,0.7143,3.1,64.35,11.29,13.4,9.09,9.775
2021-09-13 18:00:00,18,31,31,2.0,4.0,22.0,3.0,0.0,1.0,7,6,12,1,13,1,9.267,212.0,155.0,230.0,9.267,4.0,9.8,roster,0,98.0,77.5,0.9074,76.53,4.3855,0.775,0.6122,3.1613,66.5,11.29,13.4,5.35,5.75
2021-09-13 19:00:00,19,35,35,2.0,7.0,20.0,2.0,4.0,1.0,13,13,8,1,9,1,8.817,222.0,171.0,290.0,7.45,4.0,9.8,roster,0,106.0,87.5,0.8548,83.03,6.6675,0.875,1.3265,3.0286,75.08,7.81,13.4,6.74,7.25
2021-09-13 20:00:00,20,32,32,1.0,8.0,20.0,2.0,1.0,1.0,8,9,11,1,12,1,9.817,110.0,101.0,231.0,6.333,4.0,10.56,roster,0,102.0,80.0,0.9107,77.83,5.2666,0.8,0.8523,3.1875,68.64,10.42,13.4,5.37,5.775
2021-09-13 21:00:00,21,37,37,0.0,10.0,23.0,1.0,3.0,1.0,9,9,12,0,12,0,10.817,167.0,140.0,291.0,7.333,4.0,10.56,roster,0,114.0,92.5,1.0179,76.55,5.4759,0.925,0.8523,3.0811,79.36,10.42,0.0,6.77,7.275
2021-09-13 22:00:00,22,28,28,0.0,8.0,16.0,1.0,3.0,1.0,3,3,11,0,11,0,9.75,225.0,123.0,328.0,8.333,3.0,7.31,roster,0,85.0,70.0,0.977,57.24,3.3708,0.7,0.4104,3.0357,60.06,9.55,0.0,7.63,8.2
2021-09-13 23:00:00,23,29,29,0.0,8.0,15.0,4.0,2.0,1.0,8,7,10,0,10,0,10.75,287.0,183.0,388.0,9.333,3.0,7.31,roster,0,87.0,72.5,0.9667,59.91,5.0478,0.725,0.9576,3.0,62.2,8.68,0.0,9.02,9.7
2021-09-14 00:00:00,0,27,27,0.0,9.0,12.0,4.0,2.0,1.0,5,3,10,0,10,0,11.75,347.0,232.0,448.0,10.333,3.0,7.31,roster,0,82.0,67.5,0.9111,57.01,3.2964,0.675,0.4104,3.037,57.92,8.68,0.0,10.42,11.2
2021-09-14 01:00:00,1,27,27,1.0,9.0,12.0,3.0,2.0,1.0,7,7,9,1,10,1,12.75,407.0,292.0,508.0,11.333,3.0,7.31,roster,0,85.0,67.5,0.9444,71.81,5.1396,0.675,0.9576,3.1481,57.92,8.68,13.4,11.81,12.7
2021-09-14 02:00:00,2,25,25,2.0,5.0,13.0,3.0,2.0,1.0,3,3,11,0,11,0,13.75,465.0,246.0,568.0,12.333,3.0,7.31,roster,0,77.0,62.5,0.8851,56.38,3.189,0.625,0.4104,3.08,53.62,9.55,0.0,13.21,14.2
2021-09-14 03:00:00,3,28,28,3.0,6.0,14.0,3.0,2.0,1.0,6,5,11,0,11,0,13.333,525.0,306.0,628.0,13.333,3.0,7.31,roster,0,89.0,70.0,1.023,64.21,4.3991,0.7,0.684,3.1786,60.06,9.55,0.0,14.6,15.7
2021-09-14 04:00:00,4,25,25,1.0,6.0,12.0,4.0,2.0,1.0,2,2,11,1,12,1,14.333,534.0,366.0,688.0,14.333,3.0,7.31,roster,0,75.0,62.5,0.8929,73.44,2.6958,0.625,0.2736,3.0,53.62,10.42,13.4,16.0,17.2
2021-09-14 05:00:00,5,26,26,1.0,6.0,14.0,3.0,2.0,1.0,2,2,11,1,12,1,15.333,594.0,426.0,748.0,15.333,3.0,7.31,roster,0,79.0,65.0,0.9405,76.98,2.8063,0.65,0.2736,3.0385,55.77,10.42,13.4,17.39,18.7
2021-09-14 06:00:00,6,26,26,1.0,6.0,14.0,3.0,2.0,1.0,1,1,12,1,13,1,16.333,603.0,319.0,711.0,16.333,3.0,7.31,roster,0,79.0,65.0,0.9753,76.99,2.3907,0.65,0.1368,3.0385,55.77,11.29,13.4,16.53,17.775
2021-09-14 07:00:00,7,24,24,1.0,6.0,12.0,3.0,2.0,1.0,2,1,12,1,13,1,17.333,663.0,379.0,771.0,17.333,3.0,7.31,roster,0,73.0,60.0,0.9012,74.09,2.2411,0.6,0.1368,3.0417,51.48,11.29,13.4,17.93,19.275
2021-09-14 08:00:00,8,23,23,1.0,6.0,12.0,2.0,2.0,1.0,2,2,13,1,14,1,18.333,717.5,421.0,831.0,18.333,3.0,6.35,roster,0,71.0,57.5,0.9103,74.21,2.7473,0.575,0.315,3.087,49.33,12.16,13.4,19.32,20.775
2021-09-14 09:00:00,9,24,24,1.0,5.0,15.0,2.0,1.0,1.0,6,6,11,1,12,1,19.333,719.0,481.0,988.0,19.333,3.0,6.35,roster,0,75.0,60.0,0.8929,78.27,4.8278,0.6,0.9449,3.125,51.48,10.42,13.4,22.97,24.7
2021-09-14 10:00:00,10,29,29,1.0,6.0,21.0,1.0,0.0,1.0,11,11,11,1,12,1,20.333,550.0,345.0,1048.0,20.333,4.0,9.81,roster,0,94.0,72.5,0.8393,90.39,5.9846,0.725,1.1213,3.2414,62.2,10.42,13.4,24.37,26.2
2021-09-14 11:00:00,11,31,31,1.0,4.0,24.0,1.0,1.0,1.0,6,6,13,2,15,2,21.333,295.0,76.0,892.0,21.333,4.0,9.81,roster,0,96.0,77.5,0.96,107.06,4.2941,0.775,0.6116,3.0968,66.5,13.02,26.8,20.74,22.3
2021-09-14 12:00:00,12,33,33,1.0,4.0,28.0,0.0,0.0,1.0,8,7,11,2,13,2,22.333,236.0,136.0,560.0,22.333,4.0,9.81,roster,0,105.0,82.5,0.9722,101.89,4.8954,0.825,0.7136,3.1818,70.78,11.29,26.8,13.02,14.0
2021-09-14 13:00:00,13,35,35,1.0,3.0,30.0,1.0,0.0,1.0,6,6,15,1,16,1,23.333,232.0,184.0,620.0,23.333,4.0,9.81,roster,0,109.0,87.5,1.1354,96.78,4.6298,0.875,0.6116,3.1143,75.08,13.89,13.4,14.42,15.5
2021-09-14 14:00:00,14,30,30,1.0,3.0,25.0,1.0,0.0,1.0,4,4,13,1,14,1,24.333,337.5,244.0,680.0,24.333,4.0,9.81,roster,0,94.0,75.0,0.9038,85.72,3.6276,0.75,0.4077,3.1333,64.35,12.16,13.4,15.81,17.0
2021-09-14 15:00:00,15,32,32,3.0,5.0,22.0,1.0,1.0,1.0,8,8,14,2,16,2,25.333,319.0,223.0,740.0,25.333,4.0,9.81,roster,0,104.0,80.0,1.0833,106.54,5.2504,0.8,0.8155,3.25,68.64,13.89,26.8,17.21,18.5
2021-09-14 16:00:00,16,33,33,2.0,5.0,24.0,2.0,0.0,1.0,10,10,12,2,14,2,26.333,326.0,131.0,705.0,26.333,4.0,9.81,roster,0,106.0,82.5,1.0192,106.13,5.9243,0.825,1.0194,3.2121,70.78,12.16,26.8,16.39,17.625
2021-09-14 17:00:00,17,31,31,2.0,5.0,23.0,1.0,0.0,1.0,6,5,14,2,16,2,27.333,345.5,147.0,765.0,27.333,4.0,9.81,roster,0,101.0,77.5,1.0521,104.97,4.1856,0.775,0.5097,3.2581,66.5,13.89,26.8,17.79,19.125
2021-09-14 18:00:00,18,24,24,2.0,4.0,17.0,1.0,0.0,1.0,4,3,10,1,11,1,28.333,484.0,147.0,920.0,28.333,4.0,9.81,roster,0,79.0,60.0,0.681,75.82,2.9816,0.6,0.3058,3.2917,51.48,9.55,13.4,21.39,23.0
2021-09-14 19:00:00,19,26,26,1.0,5.0,19.0,1.0,0.0,1.0,9,9,6,1,7,1,29.333,885.0,207.0,1611.0,29.333,4.0,9.81,roster,0,84.0,65.0,0.6364,92.7,5.064,0.65,0.9174,3.2308,55.77,6.08,13.4,37.46,40.275
2021-09-14 20:00:00,20,29,29,2.0,7.0,20.0,0.0,0.0,1.0,12,13,7,1,8,1,18.6,119.5,90.0,945.0,17.333,4.0,10.11,roster,0,98.0,72.5,0.7656,84.52,6.7953,0.725,1.2859,3.3793,62.2,6.95,13.4,21.97,23.625
2021-09-14 21:00:00,21,34,34,1.0,8.0,25.0,0.0,0.0,1.0,11,9,9,3,12,3,18.333,143.0,113.0,327.0,18.333,4.0,10.11,roster,0,112.0,85.0,1.0,111.15,5.7324,0.85,0.8902,3.2941,72.93,10.42,40.2,7.6,8.175
2021-09-14 22:00:00,22,29,29,0.0,10.0,19.0,0.0,0.0,1.0,10,7,7,3,10,3,19.333,176.5,140.0,244.0,19.333,3.0,6.65,roster,0,97.0,72.5,1.0778,96.76,5.9459,0.725,1.0526,3.3448,62.2,8.68,40.2,5.67,6.1
2021-09-14 23:00:00,23,23,23,0.0,8.0,15.0,0.0,0.0,1.0,4,4,7,0,7,0,18.75,233.0,173.0,304.0,18.75,3.0,6.65,roster,0,77.0,57.5,0.7778,42.48,3.9387,0.575,0.6015,3.3478,49.33,6.08,0.0,7.07,7.6
2021-09-15 00:00:00,0,22,22,0.0,5.0,15.0,2.0,0.0,1.0,6,6,7,0,7,0,19.75,293.0,233.0,364.0,19.75,3.0,6.65,roster,0,69.0,55.0,0.697,41.73,4.5548,0.55,0.9023,3.1364,47.19,6.08,0.0,8.46,9.1
2021-09-15 01:00:00,1,25,25,0.0,5.0,17.0,2.0,1.0,1.0,6,5,10,0,10,0,20.75,306.5,112.0,376.0,20.75,3.0,6.65,roster,0,76.0,62.5,0.8444,51.05,4.1857,0.625,0.7519,3.04,53.62,8.68,0.0,8.74,9.4
2021-09-15 02:00:00,2,20,20,0.0,4.0,14.0,2.0,0.0,1.0,0,0,9,0,9,0,21.75,380.0,240.0,436.0,21.75,3.0,6.65,roster,0,62.0,50.0,0.6667,40.85,1.55,0.5,0.0,3.1,42.9,7.81,0.0,10.14,10.9
2021-09-15 03:00:00,3,18,18,0.0,4.0,12.0,2.0,0.0,1.0,0,0,9,0,9,0,22.75,440.0,300.0,496.0,22.75,3.0,6.65,roster,0,56.0,45.0,0.6022,37.96,1.4,0.45,0.0,3.1111,38.61,7.81,0.0,11.53,12.4
2021-09-15 04:00:00,4,19,19,0.0,4.0,13.0,2.0,0.0,1.0,1,1,9,0,9,0,23.75,500.0,360.0,556.0,23.75,3.0,6.65,roster,0,59.0,47.5,0.6344,41.5,1.942,0.475,0.1504,3.1053,40.75,7.81,0.0,12.93,13.9
2021-09-15 05:00:00,5,22,22,0.0,4.0,15.0,3.0,0.0,1.0,5,4,9,0,9,0,24.75,560.0,420.0,616.0,24.75,3.0,6.65,roster,0,67.0,55.0,0.7204,49.33,3.5069,0.55,0.6015,3.0455,47.19,7.81,0.0,14.32,15.4
2021-09-15 06:00:00,6,18,18,0.0,3.0,13.0,2.0,0.0,1.0,1,1,9,0,9,0,25.75,620.0,480.0,676.0,25.75,3.0,6.65,roster,0,55.0,45.0,0.5914,42.14,1.8345,0.45,0.1504,3.0556,38.61,7.81,0.0,15.72,16.9
2021-09-15 07:00:00,7,19,19,1.0,3.0,13.0,2.0,0.0,1.0,3,3,9,0,9,0,26.75,680.0,540.0,736.0,26.75,3.0,6.65,roster,0,60.0,47.5,0.6452,45.68,2.9246,0.475,0.4511,3.1579,40.75,7.81,0.0,17.11,18.4
2021-09-15 08:00:00,8,24,24,1.0,3.0,18.0,2.0,0.0,1.0,5,5,11,0,11,0,27.75,713.0,503.0,796.0,27.75,3.0,7.76,roster,0,75.0,60.0,0.8621,59.54,3.8885,0.6,0.6443,3.125,51.48,9.55,0.0,18.51,19.9
2021-09-15 09:00:00,9,22,22,2.0,3.0,15.0,2.0,0.0,1.0,3,3,8,0,8,0,18.0,786.5,660.0,856.0,15.067,3.0,7.76,roster,0,71.0,55.0,0.7396,54.04,3.0227,0.55,0.3866,3.2273,47.19,6.95,0.0,19.9,21.4
2021-09-15 10:00:00,10,20,20,2.0,2.0,13.0,3.0,0.0,1.0,5,5,6,1,7,1,17.083,226.0,105.0,833.0,14.883,4.0,11.46,roster,0,63.0,50.0,0.4773,61.75,2.9493,0.5,0.4363,3.15,42.9,6.08,13.4,19.37,20.825
2021-09-15 11:00:00,11,20,20,1.0,2.0,15.0,2.0,0.0,1.0,5,5,8,0,8,0,16.35,243.0,165.0,893.0,15.883,4.0,11.46,roster,0,62.0,50.0,0.4844,50.61,2.9025,0.5,0.4363,3.1,42.9,6.95,0.0,20.76,22.325
2021-09-15 12:00:00,12,27,27,1.0,3.0,23.0,0.0,0.0,1.0,11,11,9,0,9,0,17.35,260.0,166.0,840.0,16.883,4.0,11.46,roster,0,86.0,67.5,0.6935,65.26,5.2073,0.675,0.9599,3.1852,57.92,7.81,0.0,19.53,21.0
2021-09-15 13:00:00,13,25,25,0.0,5.0,19.0,1.0,0.0,1.0,5,5,11,1,12,1,18.35,213.5,110.0,900.0,17.883,4.0,11.46,roster,0,79.0,62.5,0.7054,78.37,3.3537,0.625,0.4363,3.16,53.62,10.42,13.4,20.92,22.5
2021-09-15 14:00:00,14,23,23,0.0,3.0,20.0,0.0,0.0,1.0,7,7,7,1,8,1,19.35,273.5,199.0,380.0,16.0,4.0,11.46,roster,0,72.0,57.5,0.5625,58.52,3.7121,0.575,0.6108,3.1304,49.33,6.95,13.4,8.84,9.5
2021-09-15 15:00:00,15,19,19,1.0,2.0,15.0,1.0,0.0,1.0,7,6,3,1,4,1,20.35,238.0,217.0,321.0,5.35,4.0,11.46,roster,0,60.0,47.5,0.4167,45.09,3.1533,0.475,0.5236,3.1579,40.75,3.47,13.4,7.46,8.025
2021-09-15 16:00:00,16,16,16,1.0,3.0,10.0,2.0,0.0,1.0,5,5,3,1,4,1,21.35,115.5,101.0,277.0,4.617,4.0,11.46,roster,0,51.0,40.0,0.3542,37.63,2.6657,0.4,0.4363,3.1875,34.32,3.47,13.4,6.44,6.925
2021-09-15 17:00:00,17,18,18,1.0,3.0,13.0,1.0,0.0,1.0,8,8,4,0,4,0,5.55,153.0,145.0,190.0,3.167,4.0,11.46,roster,0,58.0,45.0,0.4028,26.5,3.6994,0.45,0.6981,3.2222,38.61,3.47,0.0,4.42,4.75
2021-09-15 18:00:00,18,14,14,1.0,2.0,11.0,0.0,0.0,1.0,2,1,7,0,7,0,6.55,147.0,82.0,221.0,4.167,4.0,11.46,roster,0,46.0,35.0,0.3485,21.25,1.4367,0.35,0.0873,3.2857,30.03,6.08,0.0,5.14,5.525
2021-09-15 19:00:00,19,13,13,2.0,2.0,9.0,0.0,0.0,1.0,3,3,7,0,7,0,6.55,207.0,142.0,281.0,5.167,4.0,11.46,roster,0,45.0,32.5,0.3409,20.5,2.0312,0.325,0.2618,3.4615,27.88,6.08,0.0,6.53,7.025
2021-09-15 20:00:00,20,16,16,1.0,5.0,10.0,0.0,0.0,1.0,9,8,4,0,4,0,7.55,214.0,202.0,370.0,6.167,4.0,11.01,roster,0,55.0,40.0,0.3819,26.4,3.8727,0.4,0.7266,3.4375,34.32,3.47,0.0,8.6,9.25
2021-09-15 21:00:00,21,20,20,1.0,7.0,11.0,1.0,0.0,1.0,8,8,3,1,4,1,8.55,134.0,104.0,286.0,4.767,4.0,11.01,roster,0,68.0,50.0,0.4722,46.42,4.1705,0.5,0.7266,3.4,42.9,3.47,13.4,6.65,7.15
2021-09-15 22:00:00,22,19,19,0.0,8.0,10.0,1.0,0.0,1.0,5,6,3,1,4,1,9.55,147.0,130.0,346.0,5.767,3.0,7.31,roster,0,64.0,47.5,0.5926,45.67,4.3648,0.475,0.8208,3.3684,40.75,3.47,13.4,8.04,8.65
2021-09-15 23:00:00,23,23,23,0.0,8.0,13.0,2.0,0.0,1.0,8,8,4,1,5,1,10.55,190.0,167.0,224.0,6.767,3.0,7.31,roster,0,75.0,57.5,0.7143,52.28,5.4437,0.575,1.0944,3.2609,49.33,4.34,13.4,5.21,5.6
2021-09-16 00:00:00,0,21,21,0.0,9.0,10.0,2.0,0.0,1.0,4,4,6,1,7,1,7.767,227.0,96.0,284.0,7.767,3.0,7.31,roster,0,70.0,52.5,0.7071,51.13,3.574,0.525,0.5472,3.3333,45.04,6.08,13.4,6.6,7.1
2021-09-16 01:00:00,1,22,22,1.0,8.0,12.0,1.0,0.0,1.0,5,5,7,1,8,1,8.767,225.0,156.0,344.0,8.767,3.0,7.31,roster,0,75.0,55.0,0.7812,55.53,4.2068,0.55,0.684,3.4091,47.19,6.95,13.4,8.0,8.6
2021-09-16 02:00:00,2,22,22,1.0,7.0,13.0,1.0,0.0,1.0,4,4,8,1,9,1,9.767,223.0,190.0,370.0,9.767,3.0,7.31,roster,0,74.0,55.0,0.7957,57.01,3.6906,0.55,0.5472,3.3636,47.19,7.81,13.4,8.6,9.25
2021-09-16 03:00:00,3,19,19,1.0,6.0,11.0,1.0,0.0,1.0,1,1,9,1,10,1,10.767,279.5,237.0,430.0,10.767,3.0,7.31,roster,0,64.0,47.5,0.7111,52.84,2.0608,0.475,0.1368,3.3684,40.75,8.68,13.4,10.0,10.75
2021-09-16 04:00:00,4,21,21,1.0,8.0,11.0,1.0,0.0,1.0,3,3,9,1,10,1,11.767,339.5,297.0,490.0,11.767,3.0,7.31,roster,0,72.0,52.5,0.8,58.52,3.2071,0.525,0.4104,3.4286,45.04,8.68,13.4,11.39,12.25
2021-09-16 05:00:00,5,21,21,1.0,9.0,10.0,1.0,0.0,1.0,1,2,12,1,13,1,12.767,370.0,227.0,527.0,12.767,3.0,7.31,roster,0,73.0,52.5,0.9012,61.99,2.7761,0.525,0.2736,3.4762,45.04,11.29,13.4,12.25,13.175
2021-09-16 06:00:00,6,24,24,1.0,9.0,13.0,1.0,0.0,1.0,3,3,12,2,14,2,13.767,423.5,162.0,587.0,13.767,3.0,7.31,roster,0,82.0,60.0,1.0513,84.08,3.4522,0.6,0.4104,3.4167,51.48,12.16,26.8,13.65,14.675
2021-09-16 07:00:00,7,25,25,1.0,9.0,14.0,1.0,0.0,1.0,2,2,13,1,14,1,14.767,483.5,222.0,647.0,14.767,3.0,7.31,roster,0,85.0,62.5,1.0897,74.22,3.0552,0.625,0.2736,3.4,53.62,12.16,13.4,15.04,16.175
2021-09-16 08:00:00,8,27,27,1.0,8.0,16.0,2.0,0.0,1.0,5,5,14,1,15,1,15.767,537.0,245.0,707.0,15.767,3.0,7.68,roster,0,89.0,67.5,1.1867,80.78,4.371,0.675,0.651,3.2963,57.92,13.02,13.4,16.44,17.675
2021-09-16 09:00:00,9,26,26,1.0,9.0,15.0,1.0,0.0,1.0,5,4,13,1,14,1,16.767,532.0,300.0,767.0,16.767,3.0,7.68,roster,0,88.0,65.0,1.1282,79.16,3.9628,0.65,0.5208,3.3846,55.77,12.16,13.4,17.83,19.175
2021-09-16 10:00:00,10,25,25,1.0,7.0,16.0,1.0,0.0,1.0,10,8,9,0,9,0,17.767,295.0,140.0,827.0,17.767,4.0,11.0,roster,0,83.0,62.5,0.6694,60.67,4.4895,0.625,0.7273,3.32,53.62,7.81,0.0,19.23,20.675
2021-09-16 11:00:00,11,26,26,1.0,7.0,17.0,1.0,0.0,1.0,9,9,7,1,8,1,15.3,228.5,171.0,425.0,14.783,4.0,11.0,roster,0,86.0,65.0,0.6719,66.0,4.8563,0.65,0.8182,3.3077,55.77,6.95,13.4,9.88,10.625
2021-09-16 12:00:00,12,26,26,2.0,7.0,16.0,1.0,0.0,1.0,4,4,8,2,10,2,16.3,245.5,173.0,415.0,15.783,4.0,11.0,roster,0,88.0,65.0,0.7333,80.9,3.4308,0.65,0.3636,3.3846,55.77,8.68,26.8,9.65,10.375
2021-09-16 13:00:00,13,28,28,2.0,8.0,15.0,3.0,0.0,1.0,9,10,6,3,9,3,17.3,250.0,164.0,377.0,16.783,4.0,11.0,roster,0,93.0,70.0,0.75,96.84,5.3445,0.7,0.9091,3.3214,60.06,7.81,40.2,8.77,9.425
2021-09-16 14:00:00,14,24,24,2.0,6.0,14.0,2.0,0.0,1.0,5,4,3,3,6,3,18.3,211.5,120.0,293.0,7.283,4.0,11.0,roster,0,80.0,60.0,0.5882,83.7,3.2121,0.6,0.3636,3.3333,51.48,5.21,40.2,6.81,7.325
2021-09-16 15:00:00,15,15,15,1.0,0.0,13.0,1.0,0.0,1.0,4,4,3,1,4,1,5.633,120.5,105.0,259.0,4.317,4.0,11.0,roster,0,46.0,37.5,0.3194,35.07,2.2652,0.375,0.3636,3.0667,32.17,3.47,13.4,6.02,6.475
2021-09-16 16:00:00,16,16,16,1.0,0.0,14.0,1.0,0.0,1.0,4,4,4,1,5,1,6.417,165.0,159.0,196.0,5.317,4.0,11.0,roster,0,49.0,40.0,0.35,36.62,2.3386,0.4,0.3636,3.0625,34.32,4.34,13.4,4.56,4.9
2021-09-16 17:00:00,17,14,14,0.0,1.0,11.0,2.0,0.0,1.0,5,5,6,0,6,0,6.317,189.5,107.0,256.0,6.317,4.0,11.0,roster,0,41.0,35.0,0.3015,21.19,2.3562,0.35,0.4545,2.9286,30.03,5.21,0.0,5.95,6.4
2021-09-16 18:00:00,18,11,11,0.0,2.0,7.0,2.0,0.0,1.0,4,3,4,0,4,0,7.317,241.5,167.0,439.0,7.317,4.0,11.0,roster,0,33.0,27.5,0.2292,17.27,1.6432,0.275,0.2727,3.0,23.6,3.47,0.0,10.21,10.975
2021-09-16 19:00:00,19,10,10,0.0,3.0,6.0,1.0,0.0,1.0,4,4,3,0,3,0,6.267,224.0,66.0,376.0,6.267,4.0,11.0,roster,0,32.0,25.0,0.2162,12.8,1.9636,0.25,0.3636,3.2,21.45,2.6,0.0,8.74,9.4
2021-09-16 20:00:00,20,16,16,0.0,4.0,10.0,2.0,0.0,1.0,8,7,6,0,6,0,7.267,100.0,67.0,284.0,7.267,4.0,11.5,roster,0,50.0,40.0,0.3676,26.13,3.1522,0.4,0.6087,3.125,34.32,5.21,0.0,6.6,7.1
2021-09-16 21:00:00,21,18,18,0.0,2.0,13.0,3.0,0.0,1.0,7,7,7,0,7,0,8.267,120.0,85.0,134.0,8.267,4.0,11.5,roster,0,53.0,45.0,0.4015,27.8,3.1173,0.45,0.6087,2.9444,38.61,6.08,0.0,3.12,3.35
2021-09-16 22:00:00,22,18,18,0.0,3.0,12.0,3.0,0.0,1.0,9,8,6,0,6,0,9.267,165.0,139.0,194.0,9.267,3.0,8.18,roster,0,54.0,45.0,0.5294,28.33,4.284,0.45,0.978,3.0,38.61,5.21,0.0,4.51,4.85
2021-09-16 23:00:00,23,20,20,0.0,3.0,15.0,2.0,0.0,1.0,8,9,6,1,7,1,10.267,98.0,65.0,199.0,10.267,3.0,8.18,roster,0,61.0,50.0,0.6162,47.0,4.8807,0.5,1.1002,3.05,42.9,6.08,13.4,4.63,4.975
2021-09-17 00:00:00,0,21,21,0.0,3.0,16.0,2.0,0.0,1.0,7,7,9,1,10,1,11.267,138.5,94.0,197.0,11.267,3.0,8.18,roster,0,64.0,52.5,0.7111,51.71,4.208,0.525,0.8557,3.0476,45.04,8.68,13.4,4.58,4.925
2021-09-17 01:00:00,1,19,19,0.0,3.0,14.0,2.0,0.0,1.0,1,0,11,1,12,1,12.267,184.0,148.0,257.0,12.267,3.0,8.18,roster,0,58.0,47.5,0.6905,50.55,1.45,0.475,0.0,3.0526,40.75,10.42,13.4,5.98,6.425
2021-09-17 02:00:00,2,18,18,0.0,3.0,13.0,2.0,0.0,1.0,1,1,10,1,11,1,13.267,245.0,208.0,317.0,13.267,3.0,8.18,roster,0,55.0,45.0,0.6322,48.93,1.7485,0.45,0.1222,3.0556,38.61,9.55,13.4,7.37,7.925
2021-09-17 03:00:00,3,20,20,0.0,4.0,13.0,3.0,0.0,1.0,3,3,9,1,10,1,14.267,304.0,268.0,377.0,14.267,3.0,8.18,roster,0,61.0,50.0,0.6778,53.75,2.6436,0.5,0.3667,3.05,42.9,8.68,13.4,8.77,9.425
2021-09-17 04:00:00,4,22,22,0.0,4.0,14.0,4.0,0.0,1.0,4,3,9,1,10,1,15.267,364.0,328.0,437.0,15.267,3.0,8.18,roster,0,66.0,55.0,0.7333,59.43,2.7502,0.55,0.3667,3.0,47.19,8.68,13.4,10.16,10.925
2021-09-17 05:00:00,5,20,20,0.0,4.0,12.0,4.0,0.0,1.0,0,0,10,1,11,1,16.267,423.0,358.0,497.0,16.267,3.0,8.18,roster,0,60.0,50.0,0.6897,57.41,1.5,0.5,0.0,3.0,42.9,9.55,13.4,11.56,12.425
2021-09-17 06:00:00,6,18,18,0.0,3.0,11.0,4.0,0.0,1.0,3,3,10,0,10,0,17.267,469.5,418.0,557.0,17.267,3.0,8.18,roster,0,53.0,45.0,0.5889,40.24,2.4049,0.45,0.3667,2.9444,38.61,8.68,0.0,12.95,13.925
2021-09-17 07:00:00,7,17,17,0.0,2.0,12.0,3.0,0.0,1.0,1,1,10,0,10,0,18.267,529.5,478.0,617.0,18.267,3.0,8.18,roster,0,50.0,42.5,0.5556,39.49,1.6096,0.425,0.1222,2.9412,36.46,8.68,0.0,14.35,15.425
2021-09-17 08:00:00,8,17,17,0.0,2.0,13.0,2.0,0.0,1.0,2,2,10,0,10,0,19.267,589.5,538.0,677.0,19.267,3.0,6.13,roster,0,51.0,42.5,0.5667,40.89,2.2538,0.425,0.3263,3.0,36.46,8.68,0.0,15.74,16.925
2021-09-17 09:00:00,9,20,20,0.0,1.0,17.0,2.0,0.0,1.0,7,7,7,0,7,0,20.267,628.0,320.0,799.0,20.267,3.0,6.13,roster,0,59.0,50.0,0.596,47.55,4.8437,0.5,1.1419,2.95,42.9,6.08,0.0,18.58,19.975
2021-09-17 10:00:00,10,23,23,0.0,1.0,21.0,1.0,0.0,1.0,8,7,7,0,7,0,21.267,688.0,380.0,859.0,21.267,4.0,9.38,roster,0,69.0,57.5,0.5227,55.38,3.9638,0.575,0.7463,3.0,49.33,6.08,0.0,19.97,21.475
2021-09-17 11:00:00,11,25,25,0.0,3.0,21.0,1.0,0.0,1.0,7,7,9,0,9,0,22.267,718.0,222.0,857.0,22.267,4.0,9.38,roster,0,77.0,62.5,0.621,61.37,4.2235,0.625,0.7463,3.08,53.62,7.81,0.0,19.93,21.425
2021-09-17 12:00:00,12,33,33,0.0,8.0,23.0,2.0,0.0,1.0,10,10,10,1,11,1,23.267,282.0,100.0,808.0,23.267,4.0,9.38,roster,0,105.0,82.5,0.9052,92.52,6.0171,0.825,1.0661,3.1818,70.78,9.55,13.4,18.79,20.2
2021-09-17 13:00:00,13,36,36,1.0,8.0,26.0,1.0,0.0,1.0,13,14,11,1,12,1,17.317,155.5,112.0,342.0,17.317,4.0,9.38,roster,0,117.0,90.0,1.0446,88.99,7.7757,0.9,1.4925,3.25,77.22,10.42,13.4,7.95,8.55
2021-09-17 14:00:00,14,34,34,2.0,8.0,24.0,0.0,0.0,1.0,6,6,12,1,13,1,18.317,172.0,120.0,265.0,18.317,4.0,9.38,roster,0,114.0,85.0,1.0556,83.78,4.9947,0.85,0.6397,3.3529,72.93,11.29,13.4,6.16,6.625
2021-09-17 15:00:00,15,28,28,3.0,7.0,18.0,0.0,0.0,1.0,2,2,12,2,14,2,19.317,184.0,131.0,280.0,19.317,4.0,9.38,roster,0,97.0,70.0,0.9327,85.53,3.1637,0.7,0.2132,3.4643,60.06,12.16,26.8,6.51,7.0
2021-09-17 16:00:00,16,23,23,3.0,6.0,14.0,0.0,0.0,1.0,4,3,10,2,12,2,8.7,207.0,149.0,331.0,8.7,4.0,9.38,roster,0,81.0,57.5,0.7232,74.25,3.1514,0.575,0.3198,3.5217,49.33,10.42,26.8,7.7,8.275
2021-09-17 17:00:00,17,20,20,3.0,5.0,12.0,0.0,0.0,1.0,5,5,9,1,10,1,9.7,267.0,209.0,308.0,9.7,4.0,9.38,roster,0,71.0,50.0,0.5917,52.14,3.6673,0.5,0.533,3.55,42.9,8.68,13.4,7.16,7.7
2021-09-17 18:00:00,18,19,19,3.0,4.0,11.0,1.0,0.0,1.0,3,3,11,0,11,0,10.7,311.0,106.0,368.0,10.7,4.0,9.38,roster,0,66.0,47.5,0.569,38.86,2.761,0.475,0.3198,3.4737,40.75,9.55,0.0,8.56,9.2
2021-09-17 19:00:00,19,20,20,3.0,3.0,13.0,1.0,0.0,1.0,10,10,6,0,6,0,6.183,158.5,127.0,246.0,6.183,4.0,9.38,roster,0,68.0,50.0,0.5,33.83,5.3247,0.5,1.0661,3.4,42.9,5.21,0.0,5.72,6.15
2021-09-17 20:00:00,20,23,23,2.0,3.0,15.0,2.0,1.0,1.0,10,7,10,0,10,0,6.967,125.0,85.0,198.0,5.1,4.0,10.48,roster,0,72.0,57.5,0.6,42.62,3.8909,0.575,0.6679,3.1304,49.33,8.68,0.0,4.6,4.95
2021-09-17 21:00:00,21,22,22,0.0,4.0,16.0,1.0,1.0,1.0,7,7,9,0,9,0,7.967,145.0,124.0,247.0,6.1,4.0,10.48,roster,0,67.0,55.0,0.5403,40.75,3.7092,0.55,0.6679,3.0455,47.19,7.81,0.0,5.74,6.175
2021-09-17 22:00:00,22,24,24,1.0,4.0,13.0,4.0,2.0,1.0,8,8,11,0,11,0,8.967,184.0,119.0,307.0,7.1,3.0,7.23,roster,0,70.0,60.0,0.8046,48.17,4.9773,0.6,1.1065,2.9167,51.48,9.55,0.0,7.14,7.675
2021-09-17 23:00:00,23,28,28,1.0,3.0,19.0,3.0,2.0,1.0,8,8,9,1,10,1,8.1,196.5,177.0,367.0,8.1,3.0,7.23,roster,0,82.0,70.0,0.9111,70.68,5.2905,0.7,1.1065,2.9286,60.06,8.68,13.4,8.53,9.175
2021-09-18 00:00:00,0,22,22,0.0,3.0,16.0,1.0,2.0,1.0,4,5,8,0,8,0,7.983,256.5,239.0,427.0,7.983,3.0,7.23,roster,0,64.0,55.0,0.6667,44.06,3.6118,0.55,0.6916,2.9091,47.19,6.95,0.0,9.93,10.675
2021-09-18 01:00:00,1,21,21,0.0,4.0,15.0,1.0,1.0,1.0,5,5,8,0,8,0,8.983,316.5,299.0,487.0,8.983,3.0,7.23,roster,0,64.0,52.5,0.6667,43.31,3.7076,0.525,0.6916,3.0476,45.04,6.95,0.0,11.32,12.175
2021-09-18 02:00:00,2,18,18,0.0,4.0,12.0,1.0,1.0,1.0,1,1,11,0,11,0,9.983,359.0,103.0,452.0,9.983,3.0,7.23,roster,0,55.0,45.0,0.6322,38.67,1.7976,0.45,0.1383,3.0556,38.61,9.55,0.0,10.51,11.3
2021-09-18 03:00:00,3,18,18,1.0,4.0,11.0,1.0,1.0,1.0,3,3,10,0,10,0,10.983,418.0,163.0,442.0,10.983,3.0,7.23,roster,0,57.0,45.0,0.6333,37.57,2.739,0.45,0.4149,3.1667,38.61,8.68,0.0,10.28,11.05
2021-09-18 04:00:00,4,21,21,1.0,4.0,14.0,1.0,1.0,1.0,3,3,11,0,11,0,11.983,477.0,218.0,502.0,11.983,3.0,7.23,roster,0,66.0,52.5,0.7586,46.27,2.9541,0.525,0.4149,3.1429,45.04,9.55,0.0,11.67,12.55
2021-09-18 05:00:00,5,20,20,0.0,4.0,14.0,1.0,1.0,1.0,0,0,12,0,12,0,12.983,520.0,278.0,562.0,12.983,3.0,7.23,roster,0,61.0,50.0,0.7262,46.39,1.525,0.5,0.0,3.05,42.9,10.42,0.0,13.07,14.05
2021-09-18 06:00:00,6,21,21,0.0,4.0,14.0,2.0,1.0,1.0,4,4,12,0,12,0,13.983,580.0,338.0,622.0,13.983,3.0,7.23,roster,0,63.0,52.5,0.75,49.93,3.2348,0.525,0.5533,3.0,45.04,10.42,0.0,14.46,15.55
2021-09-18 07:00:00,7,22,22,0.0,4.0,16.0,1.0,1.0,1.0,3,3,13,0,13,0,14.983,623.0,378.0,671.0,14.983,3.0,7.23,roster,0,67.0,55.0,0.8272,54.08,2.9387,0.55,0.4149,3.0455,47.19,11.29,0.0,15.6,16.775
2021-09-18 08:00:00,8,23,23,0.0,4.0,17.0,1.0,1.0,1.0,3,3,14,0,14,0,15.983,573.0,302.0,731.0,15.983,3.0,6.43,roster,0,70.0,57.5,0.8974,58.49,3.17,0.575,0.4666,3.0435,49.33,12.16,0.0,17.0,18.275
2021-09-18 09:00:00,9,18,18,0.0,3.0,14.0,0.0,1.0,1.0,7,7,5,0,5,0,16.983,743.0,523.0,777.0,16.983,3.0,6.43,roster,0,55.0,45.0,0.5238,41.02,4.7014,0.45,1.0886,3.0556,38.61,4.34,0.0,18.07,19.425
2021-09-18 10:00:00,10,23,23,1.0,5.0,16.0,0.0,1.0,1.0,8,7,7,0,7,0,17.983,583.0,95.0,837.0,17.983,4.0,10.13,roster,0,74.0,57.5,0.5606,54.87,4.0733,0.575,0.691,3.2174,49.33,6.08,0.0,19.46,20.925
2021-09-18 11:00:00,11,22,22,1.0,4.0,17.0,0.0,0.0,1.0,5,5,7,0,7,0,18.983,279.0,126.0,863.0,18.983,4.0,10.13,roster,0,72.0,55.0,0.5455,53.33,3.4154,0.55,0.4936,3.2727,47.19,6.08,0.0,20.06,21.575
2021-09-18 12:00:00,12,17,17,1.0,3.0,13.0,0.0,0.0,1.0,2,1,7,0,7,0,19.983,215.0,90.0,923.0,19.983,4.0,10.13,roster,0,56.0,42.5,0.4242,44.0,1.7252,0.425,0.0987,3.2941,36.46,6.08,0.0,21.46,23.075
2021-09-18 13:00:00,13,19,19,1.0,2.0,15.0,1.0,0.0,1.0,7,7,5,0,5,0,6.65,188.0,150.0,275.0,6.65,4.0,10.13,roster,0,60.0,47.5,0.4286,31.49,3.6822,0.475,0.691,3.1579,40.75,4.34,0.0,6.39,6.875
2021-09-18 14:00:00,14,14,14,1.0,2.0,10.0,1.0,0.0,1.0,2,2,6,1,7,1,7.65,105.0,76.0,335.0,7.65,4.0,10.13,roster,0,45.0,35.0,0.3409,37.3,1.7596,0.35,0.1974,3.2143,30.03,6.08,13.4,7.79,8.375
2021-09-18 15:00:00,15,22,22,1.0,9.0,11.0,1.0,0.0,1.0,11,10,4,1,5,1,8.65,165.0,140.0,243.0,8.65,4.0,10.13,roster,0,76.0,55.0,0.5429,50.58,5.3102,0.55,0.9872,3.4545,47.19,4.34,13.4,5.65,6.075
2021-09-18 16:00:00,16,29,29,0.0,11.0,18.0,0.0,0.0,1.0,12,10,6,1,7,1,9.65,196.0,77.0,303.0,9.65,4.0,10.13,roster,0,98.0,72.5,0.7424,68.73,5.7859,0.725,0.9872,3.3793,62.2,6.08,13.4,7.04,7.575
2021-09-18 17:00:00,17,27,27,0.0,10.0,16.0,1.0,0.0,1.0,14,12,5,0,5,0,7.367,127.0,114.0,137.0,4.267,4.0,10.13,roster,0,90.0,67.5,0.6429,45.44,6.1987,0.675,1.1846,3.3333,57.92,4.34,0.0,3.19,3.425
2021-09-18 18:00:00,18,22,22,0.0,9.0,13.0,0.0,0.0,1.0,4,4,6,1,7,1,8.367,174.0,110.0,197.0,5.267,4.0,10.13,roster,0,75.0,55.0,0.5682,51.25,3.2211,0.55,0.3949,3.4091,47.19,6.08,13.4,4.58,4.925
2021-09-18 19:00:00,19,12,12,0.0,3.0,9.0,0.0,0.0,1.0,6,3,4,0,4,0,4.767,195.5,157.0,247.0,4.117,4.0,10.13,roster,0,39.0,30.0,0.2708,14.96,1.9375,0.3,0.2962,3.25,25.74,3.47,0.0,5.74,6.175
2021-09-18 20:00:00,20,14,14,0.0,1.0,13.0,0.0,0.0,1.0,8,7,4,0,4,0,5.767,169.0,121.0,294.0,4.9,4.0,11.01,roster,0,43.0,35.0,0.2986,20.34,3.0278,0.35,0.6358,3.0714,30.03,3.47,0.0,6.84,7.35
2021-09-18 21:00:00,21,15,15,0.0,1.0,13.0,1.0,0.0,1.0,10,8,6,0,6,0,6.767,105.0,86.0,181.0,4.617,4.0,11.01,roster,0,45.0,37.5,0.3309,21.59,3.3048,0.375,0.7266,3.0,32.17,5.21,0.0,4.21,4.525
2021-09-18 22:00:00,22,16,16,0.0,1.0,15.0,0.0,0.0,1.0,8,6,7,0,7,0,7.767,146.0,83.0,170.0,4.017,3.0,7.31,roster,0,49.0,40.0,0.4949,24.35,3.7387,0.4,0.8208,3.0625,34.32,6.08,0.0,3.95,4.25
2021-09-18 23:00:00,23,13,13,0.0,2.0,10.0,1.0,0.0,1.0,10,8,5,0,5,0,3.667,143.0,137.0,206.0,3.667,3.0,7.31,roster,0,40.0,32.5,0.381,17.02,4.3674,0.325,1.0944,3.0769,27.88,4.34,0.0,4.79,5.15
2021-09-19 00:00:00,0,16,16,1.0,2.0,11.0,2.0,0.0,1.0,5,5,6,0,6,0,4.667,200.0,178.0,266.0,4.667,3.0,7.31,roster,0,50.0,40.0,0.4902,25.71,3.3875,0.4,0.684,3.125,34.32,5.21,0.0,6.18,6.65
2021-09-19 01:00:00,1,18,18,1.0,3.0,12.0,2.0,0.0,1.0,4,4,7,0,7,0,5.667,257.0,178.0,326.0,5.667,3.0,7.31,roster,0,57.0,45.0,0.5758,32.27,3.1578,0.45,0.5472,3.1667,38.61,6.08,0.0,7.58,8.15
2021-09-19 02:00:00,2,21,21,1.0,3.0,15.0,2.0,0.0,1.0,7,7,9,0,9,0,6.667,298.0,130.0,323.0,6.667,3.0,7.31,roster,0,66.0,52.5,0.7097,40.37,4.6596,0.525,0.9576,3.1429,45.04,7.81,0.0,7.51,8.075
2021-09-19 03:00:00,3,22,22,1.0,4.0,16.0,1.0,0.0,1.0,4,4,11,0,11,0,7.667,298.0,132.0,383.0,7.667,3.0,7.31,roster,0,71.0,55.0,0.8161,45.65,3.5409,0.55,0.5472,3.2273,47.19,9.55,0.0,8.9,9.575
2021-09-19 04:00:00,4,25,25,1.0,6.0,16.0,2.0,0.0,1.0,6,5,12,0,12,0,8.667,304.0,192.0,443.0,8.667,3.0,7.31,roster,0,81.0,62.5,0.9643,54.34,4.2411,0.625,0.684,3.24,53.62,10.42,0.0,10.3,11.075
2021-09-19 05:00:00,5,24,24,1.0,6.0,16.0,1.0,0.0,1.0,1,1,13,0,13,0,9.667,310.0,199.0,497.0,9.667,3.0,7.31,roster,0,79.0,60.0,0.9753,54.32,2.4253,0.6,0.1368,3.2917,51.48,11.29,0.0,11.56,12.425
2021-09-19 06:00:00,6,26,26,1.0,5.0,19.0,1.0,0.0,1.0,3,3,13,0,13,0,10.667,370.0,259.0,557.0,10.667,3.0,7.31,roster,0,84.0,65.0,1.037,60.01,3.4259,0.65,0.4104,3.2308,55.77,11.29,0.0,12.95,13.925
2021-09-19 07:00:00,7,27,27,1.0,5.0,19.0,2.0,0.0,1.0,3,3,13,0,13,0,11.667,430.0,319.0,617.0,11.667,3.0,7.31,roster,0,86.0,67.5,1.0617,63.55,3.4572,0.675,0.4104,3.1852,57.92,11.29,0.0,14.35,15.425
2021-09-19 08:00:00,8,24,24,1.0,5.0,17.0,1.0,0.0,1.0,4,3,14,0,14,0,12.667,480.5,376.0,677.0,12.667,3.0,7.88,roster,0,78.0,60.0,1.0,59.38,3.1873,0.6,0.3807,3.25,51.48,12.16,0.0,15.74,16.925
2021-09-19 09:00:00,9,22,22,1.0,4.0,16.0,1.0,0.0,1.0,4,4,10,0,10,0,13.667,472.5,147.0,743.0,13.667,3.0,7.88,roster,0,71.0,55.0,0.7889,53.15,3.4132,0.55,0.5076,3.2273,47.19,8.68,0.0,17.27,18.575
2021-09-19 10:00:00,10,26,26,1.0,5.0,18.0,2.0,0.0,1.0,9,8,10,0,10,0,14.667,532.5,137.0,803.0,14.667,4.0,11.2,roster,0,83.0,65.0,0.6917,63.12,4.3552,0.65,0.7143,3.1923,55.77,8.68,0.0,18.67,20.075
2021-09-19 11:00:00,11,21,21,1.0,5.0,13.0,2.0,0.0,1.0,7,5,10,0,10,0,15.667,592.5,163.0,863.0,15.667,4.0,11.2,roster,0,68.0,52.5,0.5667,53.79,3.1456,0.525,0.4464,3.2381,45.04,8.68,0.0,20.06,21.575
2021-09-19 12:00:00,12,24,24,1.0,8.0,15.0,0.0,0.0,1.0,12,10,12,0,12,0,16.667,361.0,127.0,730.0,16.667,4.0,11.2,roster,0,82.0,60.0,0.7321,58.87,5.1006,0.6,0.8929,3.4167,51.48,10.42,0.0,16.97,18.25
2021-09-19 13:00:00,13,15,15,1.0,5.0,9.0,0.0,0.0,1.0,3,2,10,0,10,0,17.433,140.0,106.0,559.0,17.433,4.0,11.2,roster,0,52.0,37.5,0.4333,33.85,1.919,0.375,0.1786,3.4667,32.17,8.68,0.0,13.0,13.975
2021-09-19 14:00:00,14,21,21,1.0,6.0,13.0,1.0,0.0,1.0,12,10,10,0,10,0,18.433,200.0,166.0,619.0,18.433,4.0,11.2,roster,0,70.0,52.5,0.5833,48.12,4.7262,0.525,0.8929,3.3333,45.04,8.68,0.0,14.39,15.475
2021-09-19 15:00:00,15,20,20,0.0,4.0,16.0,0.0,0.0,1.0,7,7,10,0,10,0,19.433,219.0,104.0,337.0,19.433,4.0,11.2,roster,0,64.0,50.0,0.5333,39.42,3.6,0.5,0.625,3.2,42.9,8.68,0.0,7.84,8.425
2021-09-19 16:00:00,16,19,19,0.0,5.0,14.0,0.0,0.0,1.0,6,6,8,0,8,0,20.433,279.0,177.0,739.0,20.433,4.0,11.2,roster,0,62.0,47.5,0.4844,44.88,3.2981,0.475,0.5357,3.2632,40.75,6.95,0.0,17.18,18.475
2021-09-19 17:00:00,17,24,24,0.0,5.0,16.0,3.0,0.0,1.0,12,11,8,0,8,0,21.433,296.5,224.0,799.0,21.433,4.0,11.2,roster,0,74.0,60.0,0.5781,57.0,4.8783,0.6,0.9821,3.0833,51.48,6.95,0.0,18.58,19.975
2021-09-19 18:00:00,18,29,29,0.0,6.0,22.0,1.0,0.0,1.0,10,10,11,0,11,0,22.433,284.0,117.0,456.0,22.433,4.0,11.2,roster,0,92.0,72.5,0.7931,62.36,5.1325,0.725,0.8929,3.1724,62.2,9.55,0.0,10.6,11.4
2021-09-19 19:00:00,19,23,23,0.0,4.0,18.0,1.0,0.0,1.0,4,3,9,0,9,0,23.433,344.0,177.0,476.0,23.433,4.0,11.2,roster,0,72.0,57.5,0.5806,48.22,2.6385,0.575,0.2679,3.1304,49.33,7.81,0.0,11.07,11.9
2021-09-19 20:00:00,20,26,26,1.0,6.0,18.0,1.0,0.0,1.0,14,10,7,0,7,0,24.433,404.0,137.0,979.0,24.433,4.0,11.38,roster,0,85.0,65.0,0.6439,64.61,4.9978,0.65,0.8787,3.2692,55.77,6.08,0.0,22.76,24.475
2021-09-19 21:00:00,21,28,28,0.0,6.0,19.0,3.0,0.0,1.0,8,8,8,0,8,0,25.433,330.5,98.0,1039.0,25.433,4.0,11.38,roster,0,87.0,70.0,0.6797,71.16,4.3593,0.7,0.703,3.1071,60.06,6.95,0.0,24.16,25.975
2021-09-19 22:00:00,22,19,19,0.0,3.0,13.0,3.0,0.0,1.0,1,1,7,0,7,0,26.433,257.0,125.0,1099.0,26.433,3.0,8.06,roster,0,57.0,47.5,0.5758,52.38,1.7972,0.475,0.1241,3.0,40.75,6.08,0.0,25.55,27.475
2021-09-19 23:00:00,23,13,13,0.0,4.0,7.0,2.0,0.0,1.0,3,3,6,0,6,0,27.433,516.5,185.0,1159.0,27.433,3.0,8.06,roster,0,41.0,32.5,0.402,40.04,2.1989,0.325,0.3722,3.1538,27.88,5.21,0.0,26.95,28.975
2021-09-20 00:00:00,0,14,14,0.0,4.0,8.0,2.0,0.0,1.0,3,3,6,0,6,0,28.433,576.5,210.0,1219.0,28.433,3.0,8.06,roster,0,44.0,35.0,0.4314,43.58,2.2698,0.35,0.3722,3.1429,30.03,5.21,0.0,28.34,30.475
2021-09-20 01:00:00,1,15,15,0.0,4.0,9.0,2.0,0.0,1.0,3,2,6,0,6,0,29.433,636.5,270.0,1279.0,29.433,3.0,8.06,roster,0,47.0,37.5,0.4608,47.12,1.9525,0.375,0.2481,3.1333,32.17,5.21,0.0,29.74,31.975
2021-09-20 02:00:00,2,16,16,0.0,4.0,8.0,4.0,0.0,1.0,4,3,5,0,5,0,30.433,896.0,497.0,1339.0,30.433,3.0,8.06,roster,0,48.0,40.0,0.4571,49.79,2.3166,0.4,0.3722,3.0,34.32,4.34,0.0,31.13,33.475
2021-09-20 03:00:00,3,18,18,0.0,4.0,12.0,2.0,0.0,1.0,6,6,6,0,6,0,31.433,756.5,299.0,1399.0,31.433,3.0,8.06,roster,0,56.0,45.0,0.549,56.35,3.716,0.45,0.7444,3.1111,38.61,5.21,0.0,32.53,34.975
2021-09-20 04:00:00,4,22,22,0.0,4.0,16.0,2.0,0.0,1.0,5,5,7,0,7,0,32.433,617.0,120.0,1459.0,32.433,3.0,8.06,roster,0,68.0,55.0,0.6869,67.19,3.6174,0.55,0.6203,3.0909,47.19,6.08,0.0,33.92,36.475
2021-09-20 05:00:00,5,18,18,0.0,5.0,11.0,2.0,0.0,1.0,1,1,7,0,7,0,33.433,677.0,180.0,1519.0,33.433,3.0,8.06,roster,0,57.0,45.0,0.5758,60.0,1.8179,0.45,0.1241,3.1667,38.61,6.08,0.0,35.32,37.975
2021-09-20 06:00:00,6,22,22,0.0,5.0,14.0,3.0,0.0,1.0,4,4,7,0,7,0,34.433,737.0,240.0,1579.0,34.433,3.0,8.06,roster,0,68.0,55.0,0.6869,69.98,3.2339,0.55,0.4963,3.0909,47.19,6.08,0.0,36.71,39.475
2021-09-20 07:00:00,7,23,23,0.0,7.0,14.0,2.0,0.0,1.0,2,2,7,0,7,0,35.433,797.0,300.0,1639.0,35.433,3.0,8.06,roster,0,74.0,57.5,0.7475,73.52,2.6484,0.575,0.2481,3.2174,49.33,6.08,0.0,38.11,40.975
2021-09-20 08:00:00,8,22,22,0.0,6.0,14.0,2.0,0.0,1.0,2,2,8,1,9,1,36.433,599.0,326.0,1256.0,36.433,3.0,6.13,roster,0,70.0,55.0,0.7527,77.61,2.7881,0.55,0.3263,3.1818,47.19,7.81,13.4,29.2,31.4
2021-09-20 09:00:00,9,26,26,0.0,6.0,16.0,4.0,0.0,1.0,7,7,6,1,7,1,37.433,420.0,122.0,1759.0,37.433,3.0,6.13,roster,0,80.0,65.0,0.8081,96.14,5.5136,0.65,1.1419,3.0769,55.77,6.08,13.4,40.9,43.975
2021-09-20 10:00:00,10,23,23,0.0,5.0,15.0,3.0,0.0,1.0,5,5,6,0,6,0,38.433,928.0,124.0,1819.0,38.433,4.0,9.83,roster,0,71.0,57.5,0.5221,76.84,3.3452,0.575,0.5086,3.087,49.33,5.21,0.0,42.29,45.475
2021-09-20 11:00:00,11,23,23,0.0,8.0,12.0,3.0,0.0,1.0,7,7,7,0,7,0,39.433,540.0,122.0,1879.0,39.433,4.0,9.83,roster,0,74.0,57.5,0.5606,79.1,4.1411,0.575,0.7121,3.2174,49.33,6.08,0.0,43.69,46.975
2021-09-20 12:00:00,12,29,29,0.0,8.0,19.0,2.0,0.0,1.0,10,10,10,0,10,0,40.433,213.0,97.0,1496.0,40.433,4.0,9.83,roster,0,93.0,72.5,0.775,85.67,5.5874,0.725,1.0173,3.2069,62.2,8.68,0.0,34.78,37.4
2021-09-20 13:00:00,13,36,36,0.0,8.0,26.0,2.0,0.0,1.0,9,8,14,0,14,0,41.433,187.5,103.0,660.0,41.433,4.0,9.83,roster,0,114.0,90.0,1.0962,84.72,5.4271,0.9,0.8138,3.1667,77.22,12.16,0.0,15.34,16.5
2021-09-20 14:00:00,14,30,30,1.0,7.0,18.0,4.0,0.0,1.0,5,5,10,0,10,0,42.433,247.5,163.0,1616.0,42.433,4.0,9.83,roster,0,95.0,75.0,0.7917,90.61,3.9857,0.75,0.5086,3.1667,64.35,8.68,0.0,37.57,40.4
2021-09-20 15:00:00,15,23,23,1.0,4.0,14.0,4.0,0.0,1.0,7,6,5,0,5,0,27.933,223.0,213.0,346.0,27.933,4.0,9.83,roster,0,71.0,57.5,0.5071,41.72,3.6592,0.575,0.6104,3.087,49.33,4.34,0.0,8.04,8.65
2021-09-20 16:00:00,16,24,24,1.0,6.0,13.0,4.0,0.0,1.0,7,7,5,1,6,1,28.933,195.5,100.0,406.0,28.933,4.0,9.83,roster,0,76.0,60.0,0.5588,59.53,4.155,0.6,0.7121,3.1667,51.48,5.21,13.4,9.44,10.15
2021-09-20 17:00:00,17,22,22,0.0,6.0,13.0,3.0,0.0,1.0,4,4,7,1,8,1,29.933,128.5,94.0,466.0,29.933,4.0,9.83,roster,0,69.0,55.0,0.5391,58.37,3.0012,0.55,0.4069,3.1364,47.19,6.95,13.4,10.83,11.65
2021-09-20 18:00:00,18,21,21,0.0,5.0,15.0,1.0,0.0,1.0,6,6,8,1,9,1,30.933,154.0,130.0,220.0,30.933,4.0,9.83,roster,0,67.0,52.5,0.5403,51.37,3.6224,0.525,0.6104,3.1905,45.04,7.81,13.4,5.12,5.5
2021-09-20 19:00:00,19,18,18,1.0,6.0,10.0,1.0,0.0,1.0,6,6,8,0,8,0,31.933,211.5,169.0,586.0,31.933,4.0,9.83,roster,0,61.0,45.0,0.4766,39.18,3.5935,0.45,0.6104,3.3889,38.61,6.95,0.0,13.62,14.65
2021-09-20 20:00:00,20,16,16,1.0,5.0,9.0,1.0,0.0,1.0,7,5,5,1,6,1,32.933,224.0,155.0,274.0,32.933,4.0,10.35,roster,0,54.0,40.0,0.3971,39.3,2.9804,0.4,0.4831,3.375,34.32,5.21,13.4,6.37,6.85
2021-09-20 21:00:00,21,19,19,1.0,4.0,12.0,2.0,0.0,1.0,10,8,6,1,7,1,33.933,279.0,132.0,334.0,33.933,4.0,10.35,roster,0,61.0,47.5,0.4621,48.0,4.0066,0.475,0.7729,3.2105,40.75,6.08,13.4,7.77,8.35
2021-09-20 22:00:00,22,22,22,0.0,5.0,16.0,1.0,0.0,1.0,9,7,8,0,8,0,34.933,213.0,113.0,394.0,34.933,3.0,6.65,roster,0,70.0,55.0,0.7292,43.3,5.0993,0.55,1.0526,3.1818,47.19,6.95,0.0,9.16,9.85
2021-09-20 23:00:00,23,20,20,0.0,4.0,15.0,1.0,0.0,1.0,5,4,8,0,8,0,35.933,273.0,173.0,454.0,35.933,3.0,6.65,roster,0,63.0,50.0,0.6562,40.4,3.4697,0.5,0.6015,3.15,42.9,6.95,0.0,10.56,11.35
2021-09-21 00:00:00,0,20,20,0.0,4.0,15.0,1.0,0.0,1.0,5,6,8,0,8,0,36.933,252.0,228.0,459.0,36.933,3.0,6.65,roster,0,63.0,50.0,0.6562,40.52,4.4171,0.5,0.9023,3.15,42.9,6.95,0.0,10.67,11.475
2021-09-21 01:00:00,1,23,23,0.0,6.0,16.0,1.0,0.0,1.0,10,9,9,0,9,0,37.933,293.0,260.0,455.0,37.933,3.0,6.65,roster,0,74.0,57.5,0.7957,47.73,6.2044,0.575,1.3534,3.2174,49.33,7.81,0.0,10.58,11.375
2021-09-21 02:00:00,2,21,21,1.0,7.0,12.0,1.0,0.0,1.0,3,3,11,0,11,0,38.933,348.0,142.0,515.0,38.933,3.0,6.65,roster,0,71.0,52.5,0.8161,46.57,3.3002,0.525,0.4511,3.381,45.04,9.55,0.0,11.97,12.875
2021-09-21 03:00:00,3,22,22,1.0,5.0,15.0,1.0,0.0,1.0,4,4,11,0,11,0,39.933,408.0,202.0,575.0,39.933,3.0,6.65,roster,0,72.0,55.0,0.8276,50.11,3.7686,0.55,0.6015,3.2727,47.19,9.55,0.0,13.37,14.375
2021-09-21 04:00:00,4,22,22,1.0,8.0,12.0,1.0,0.0,1.0,5,5,10,0,10,0,40.933,470.5,352.0,635.0,40.933,3.0,6.65,roster,0,75.0,55.0,0.8333,50.64,4.4382,0.55,0.7519,3.4091,47.19,8.68,0.0,14.76,15.875
2021-09-21 05:00:00,5,23,23,1.0,8.0,13.0,1.0,0.0,1.0,2,2,11,0,11,0,41.933,528.0,322.0,695.0,41.933,3.0,6.65,roster,0,78.0,57.5,0.8966,55.05,2.9699,0.575,0.3008,3.3913,49.33,9.55,0.0,16.16,17.375
2021-09-21 06:00:00,6,25,25,1.0,7.0,16.0,1.0,0.0,1.0,5,5,11,0,11,0,42.933,588.0,382.0,755.0,42.933,3.0,6.65,roster,0,83.0,62.5,0.954,60.73,4.5712,0.625,0.7519,3.32,53.62,9.55,0.0,17.55,18.875
2021-09-21 07:00:00,7,27,27,1.0,7.0,18.0,1.0,0.0,1.0,3,3,12,0,12,0,43.933,634.0,442.0,815.0,43.933,3.0,6.65,roster,0,89.0,67.5,1.0595,67.28,3.7121,0.675,0.4511,3.2963,57.92,10.42,0.0,18.95,20.375
2021-09-21 08:00:00,8,30,30,2.0,7.0,20.0,1.0,0.0,1.0,4,4,13,0,13,0,44.933,680.0,473.0,751.0,44.933,3.0,7.51,roster,0,100.0,75.0,1.2346,73.1,4.2754,0.75,0.5326,3.3333,64.35,11.29,0.0,17.46,18.775
2021-09-21 09:00:00,9,29,29,2.0,6.0,19.0,2.0,0.0,1.0,5,5,12,0,12,0,45.933,607.0,196.0,935.0,45.933,3.0,7.51,roster,0,95.0,72.5,1.131,74.36,4.556,0.725,0.6658,3.2759,62.2,10.42,0.0,21.74,23.375
2021-09-21 10:00:00,10,26,26,2.0,3.0,19.0,2.0,0.0,1.0,8,6,9,0,9,0,20.6,256.0,128.0,712.0,17.65,4.0,10.76,roster,0,83.0,65.0,0.6694,60.14,3.8551,0.65,0.5576,3.1923,55.77,7.81,0.0,16.55,17.8
2021-09-21 11:00:00,11,32,32,1.0,4.0,25.0,2.0,0.0,1.0,10,9,12,0,12,0,21.6,234.5,157.0,772.0,18.65,4.0,10.76,roster,0,100.0,80.0,0.8929,77.01,5.1138,0.8,0.8364,3.125,68.64,10.42,0.0,17.95,19.3
2021-09-21 12:00:00,12,36,36,0.0,3.0,31.0,2.0,0.0,1.0,12,11,10,1,11,1,22.6,217.0,94.0,505.0,19.65,4.0,10.76,roster,0,109.0,90.0,0.9397,91.91,5.8203,0.9,1.0223,3.0278,77.22,9.55,13.4,11.74,12.625
2021-09-21 13:00:00,13,33,33,0.0,4.0,28.0,1.0,0.0,1.0,7,5,10,2,12,2,23.6,180.5,133.0,401.0,19.583,4.0,10.76,roster,0,102.0,82.5,0.9107,97.33,3.9863,0.825,0.4647,3.0909,70.78,10.42,26.8,9.32,10.025
2021-09-21 14:00:00,14,41,41,1.0,7.0,32.0,1.0,0.0,1.0,13,13,11,3,14,3,20.583,169.5,119.0,295.0,20.583,4.0,10.76,roster,0,131.0,102.5,1.2596,127.16,7.1353,1.025,1.2082,3.1951,87.94,12.16,40.2,6.86,7.375
2021-09-21 15:00:00,15,48,48,1.0,8.0,37.0,2.0,0.0,1.0,14,15,11,4,15,4,21.583,179.0,91.0,274.0,21.583,4.0,10.76,roster,0,152.0,120.0,1.52,155.96,8.2145,1.2,1.3941,3.1667,102.96,13.02,53.6,6.37,6.85
2021-09-21 16:00:00,16,42,42,1.0,7.0,32.0,2.0,0.0,1.0,8,8,12,3,15,3,22.583,236.0,145.0,313.0,22.583,4.0,10.76,roster,0,133.0,105.0,1.33,130.59,5.6794,1.05,0.7435,3.1667,90.09,13.02,40.2,7.28,7.825
2021-09-21 17:00:00,17,36,36,0.0,6.0,25.0,5.0,0.0,1.0,7,7,11,2,13,2,23.583,296.0,211.0,326.0,23.583,4.0,10.76,roster,0,109.0,90.0,1.0093,102.89,4.6947,0.9,0.6506,3.0278,77.22,11.29,26.8,7.58,8.15
2021-09-21 18:00:00,18,31,31,0.0,4.0,25.0,2.0,0.0,1.0,5,4,12,2,14,2,24.583,327.5,207.0,378.0,24.583,4.0,10.76,roster,0,95.0,77.5,0.9135,94.24,3.5142,0.775,0.3717,3.0645,66.5,12.16,26.8,8.79,9.45
2021-09-21 19:00:00,19,26,26,0.0,6.0,18.0,2.0,0.0,1.0,5,6,8,1,9,1,25.583,373.0,135.0,446.0,25.583,4.0,10.76,roster,0,82.0,65.0,0.6613,67.35,3.8087,0.65,0.5576,3.1538,55.77,7.81,13.4,10.37,11.15
2021-09-21 20:00:00,20,22,22,0.0,6.0,15.0,1.0,0.0,1.0,4,4,9,2,11,2,26.583,139.0,107.0,206.0,26.583,4.0,11.28,roster,0,71.0,55.0,0.6121,68.33,2.9194,0.55,0.3546,3.2273,47.19,9.55,26.8,4.79,5.15
2021-09-21 21:00:00,21,25,25,1.0,4.0,18.0,1.0,1.0,1.0,10,8,8,1,9,1,17.367,167.0,127.0,199.0,4.433,4.0,11.28,roster,0,78.0,62.5,0.629,59.47,4.1628,0.625,0.7092,3.12,53.62,7.81,13.4,4.63,4.975
2021-09-21 22:00:00,22,24,24,1.0,2.0,17.0,3.0,1.0,1.0,8,7,6,2,8,2,18.367,194.0,126.0,259.0,5.15,3.0,8.03,roster,0,71.0,60.0,0.7396,71.25,4.3539,0.6,0.8717,2.9583,51.48,6.95,26.8,6.02,6.475
2021-09-21 23:00:00,23,18,18,1.0,3.0,12.0,1.0,1.0,1.0,6,6,3,1,4,1,19.367,158.0,155.0,319.0,5.317,3.0,8.03,roster,0,56.0,45.0,0.5185,42.9,3.7246,0.45,0.7472,3.1111,38.61,3.47,13.4,7.42,7.975
2021-09-22 00:00:00,0,22,22,1.0,3.0,17.0,0.0,1.0,1.0,6,5,4,2,6,2,20.367,185.0,84.0,221.0,6.317,3.0,8.03,roster,0,69.0,55.0,0.6765,64.34,3.6779,0.55,0.6227,3.1364,47.19,5.21,26.8,5.14,5.525
2021-09-22 01:00:00,1,24,24,1.0,3.0,19.0,0.0,1.0,1.0,2,2,7,2,9,2,21.367,144.0,117.0,275.0,7.317,3.0,8.03,roster,0,75.0,60.0,0.8065,72.49,2.6533,0.6,0.2491,3.125,51.48,7.81,26.8,6.39,6.875
2021-09-22 02:00:00,2,23,23,0.0,2.0,20.0,0.0,1.0,1.0,3,3,7,1,8,1,22.367,198.0,177.0,335.0,8.317,3.0,8.03,roster,0,69.0,57.5,0.7188,57.47,2.8458,0.575,0.3736,3.0,49.33,6.95,13.4,7.79,8.375
2021-09-22 03:00:00,3,23,23,0.0,2.0,20.0,0.0,1.0,1.0,1,1,7,1,8,1,23.367,258.0,237.0,395.0,9.317,3.0,8.03,roster,0,69.0,57.5,0.7188,58.87,2.0986,0.575,0.1245,3.0,49.33,6.95,13.4,9.18,9.875
2021-09-22 04:00:00,4,25,25,0.0,1.0,22.0,1.0,1.0,1.0,6,6,7,0,7,0,24.367,324.0,291.0,455.0,10.317,3.0,8.03,roster,0,73.0,62.5,0.7374,50.28,4.0068,0.625,0.7472,2.92,53.62,6.08,0.0,10.58,11.375
2021-09-22 05:00:00,5,28,28,0.0,2.0,23.0,1.0,2.0,1.0,5,5,8,0,8,0,25.367,367.5,331.0,515.0,11.317,3.0,8.03,roster,0,81.0,70.0,0.8438,58.98,3.8263,0.7,0.6227,2.8929,60.06,6.95,0.0,11.97,12.875
2021-09-22 06:00:00,6,29,29,0.0,2.0,24.0,2.0,1.0,1.0,4,4,9,0,9,0,26.367,411.0,177.0,515.0,12.317,3.0,8.03,roster,0,85.0,72.5,0.914,61.99,3.585,0.725,0.4981,2.931,62.2,7.81,0.0,11.97,12.875
2021-09-22 07:00:00,7,29,29,0.0,2.0,24.0,2.0,1.0,1.0,3,4,10,1,11,1,27.367,451.0,124.0,575.0,13.317,3.0,8.03,roster,0,85.0,72.5,0.977,78.53,3.585,0.725,0.4981,2.931,62.2,9.55,13.4,13.37,14.375
2021-09-22 08:00:00,8,28,28,1.0,1.0,24.0,1.0,1.0,1.0,4,3,10,1,11,1,28.367,511.0,184.0,635.0,14.317,3.0,7.76,roster,0,84.0,70.0,0.9655,77.78,3.2598,0.7,0.3866,3.0,60.06,9.55,13.4,14.76,15.875
2021-09-22 09:00:00,9,29,29,2.0,1.0,25.0,0.0,1.0,1.0,4,4,9,1,10,1,29.367,336.0,193.0,591.0,15.317,3.0,7.76,roster,0,90.0,72.5,1.0,78.03,3.8497,0.725,0.5155,3.1034,62.2,8.68,13.4,13.74,14.775
2021-09-22 10:00:00,10,29,29,1.0,2.0,26.0,0.0,0.0,1.0,8,6,8,1,9,1,30.367,375.0,253.0,631.0,13.583,4.0,11.46,roster,0,91.0,72.5,0.7339,78.09,3.9179,0.725,0.5236,3.1379,62.2,7.81,13.4,14.67,15.775
2021-09-22 11:00:00,11,25,25,1.0,3.0,21.0,0.0,0.0,1.0,7,6,11,0,11,0,26.017,313.0,73.0,691.0,14.583,4.0,11.46,roster,0,80.0,62.5,0.6897,59.24,3.6754,0.625,0.5236,3.2,53.62,9.55,0.0,16.07,17.275
2021-09-22 12:00:00,12,25,25,1.0,4.0,19.0,0.0,1.0,1.0,8,8,8,0,8,0,27.017,149.5,125.0,771.0,15.583,4.0,11.46,roster,0,79.0,62.5,0.6172,58.5,4.1809,0.625,0.6981,3.16,53.62,6.95,0.0,17.93,19.275
2021-09-22 13:00:00,13,23,23,1.0,4.0,17.0,0.0,1.0,1.0,3,3,11,0,11,0,28.017,181.0,91.0,226.0,13.85,4.0,11.46,roster,0,73.0,57.5,0.6293,44.14,2.6559,0.575,0.2618,3.1739,49.33,9.55,0.0,5.25,5.65
2021-09-22 14:00:00,14,20,20,1.0,3.0,15.0,0.0,1.0,1.0,6,4,10,0,10,0,29.017,206.5,136.0,286.0,14.85,4.0,11.46,roster,0,63.0,50.0,0.525,38.23,2.6745,0.5,0.349,3.15,42.9,8.68,0.0,6.65,7.15
2021-09-22 15:00:00,15,21,21,0.0,5.0,16.0,0.0,0.0,1.0,7,6,7,0,7,0,30.017,211.0,128.0,346.0,15.85,4.0,11.46,roster,0,68.0,52.5,0.5152,39.17,3.3953,0.525,0.5236,3.2381,45.04,6.08,0.0,8.04,8.65
2021-09-22 16:00:00,16,27,27,1.0,7.0,18.0,1.0,0.0,1.0,11,10,9,1,10,1,16.85,141.0,94.0,373.0,16.85,4.0,11.46,roster,0,89.0,67.5,0.7417,68.67,5.1013,0.675,0.8726,3.2963,57.92,8.68,13.4,8.67,9.325
2021-09-22 17:00:00,17,31,31,1.0,8.0,22.0,0.0,0.0,1.0,8,9,10,3,13,3,17.85,159.0,127.0,316.0,17.85,4.0,11.46,roster,0,103.0,77.5,0.9537,105.33,5.1844,0.775,0.7853,3.3226,66.5,11.29,40.2,7.35,7.9
2021-09-22 18:00:00,18,30,30,1.0,8.0,20.0,1.0,0.0,1.0,7,6,14,2,16,2,18.85,190.0,116.0,376.0,18.85,4.0,11.46,roster,0,99.0,75.0,1.0312,93.78,4.2027,0.75,0.5236,3.3,64.35,13.89,26.8,8.74,9.4
2021-09-22 19:00:00,19,31,31,0.0,7.0,23.0,1.0,0.0,1.0,9,9,12,1,13,1,19.85,253.0,172.0,352.0,19.85,4.0,11.46,roster,0,99.0,77.5,0.9167,79.37,4.983,0.775,0.7853,3.1935,66.5,11.29,13.4,8.18,8.8
2021-09-22 20:00:00,20,24,24,0.0,6.0,15.0,3.0,0.0,1.0,4,3,8,1,9,1,20.85,232.0,188.0,350.0,20.85,4.0,10.5,roster,0,75.0,60.0,0.6048,60.83,2.7679,0.6,0.2857,3.125,51.48,7.81,13.4,8.14,8.75
2021-09-22 21:00:00,21,17,17,0.0,5.0,12.0,0.0,0.0,1.0,6,4,7,0,7,0,21.85,292.0,204.0,706.0,21.85,4.0,10.5,roster,0,56.0,42.5,0.4242,38.96,2.6549,0.425,0.381,3.2941,36.46,6.08,0.0,16.41,17.65
2021-09-22 22:00:00,22,17,17,0.0,4.0,12.0,1.0,0.0,1.0,8,7,6,0,6,0,22.85,310.0,229.0,766.0,22.85,3.0,6.8,roster,0,54.0,42.5,0.5294,39.48,4.6199,0.425,1.0294,3.1765,36.46,5.21,0.0,17.81,19.15
2021-09-22 23:00:00,23,24,24,0.0,4.0,17.0,3.0,0.0,1.0,12,10,7,0,7,0,13.767,122.0,87.0,416.0,13.767,3.0,6.8,roster,0,73.0,60.0,0.7374,47.23,6.298,0.6,1.4706,3.0417,51.48,6.08,0.0,9.67,10.4
2021-09-23 00:00:00,0,21,21,0.0,4.0,17.0,0.0,0.0,1.0,6,5,9,0,9,0,14.767,170.0,127.0,349.0,14.767,3.0,6.8,roster,0,67.0,52.5,0.7204,40.97,4.0209,0.525,0.7353,3.1905,45.04,7.81,0.0,8.11,8.725
2021-09-23 01:00:00,1,21,21,0.0,4.0,17.0,0.0,0.0,1.0,3,3,8,0,8,0,15.767,236.0,207.0,536.0,15.767,3.0,6.8,roster,0,67.0,52.5,0.6979,44.45,3.0826,0.525,0.4412,3.1905,45.04,6.95,0.0,12.46,13.4
2021-09-23 02:00:00,2,17,17,0.0,4.0,13.0,0.0,0.0,1.0,2,2,8,0,8,0,16.767,296.0,267.0,596.0,16.767,3.0,6.8,roster,0,55.0,42.5,0.5729,37.27,2.3266,0.425,0.2941,3.2353,36.46,6.95,0.0,13.86,14.9
2021-09-23 03:00:00,3,14,14,0.0,4.0,10.0,0.0,0.0,1.0,0,0,8,0,8,0,17.767,356.0,327.0,656.0,17.767,3.0,6.8,roster,0,46.0,35.0,0.4792,32.23,1.15,0.35,0.0,3.2857,30.03,6.95,0.0,15.25,16.4
2021-09-23 04:00:00,4,14,14,0.0,4.0,10.0,0.0,0.0,1.0,0,0,8,0,8,0,18.767,416.0,387.0,716.0,18.767,3.0,6.8,roster,0,46.0,35.0,0.4792,33.62,1.15,0.35,0.0,3.2857,30.03,6.95,0.0,16.65,17.9
2021-09-23 05:00:00,5,16,16,0.0,4.0,12.0,0.0,0.0,1.0,2,2,8,0,8,0,19.767,476.0,447.0,776.0,19.767,3.0,6.8,roster,0,52.0,40.0,0.5417,39.31,2.2559,0.4,0.2941,3.25,34.32,6.95,0.0,18.04,19.4
2021-09-23 06:00:00,6,18,18,0.0,6.0,12.0,0.0,0.0,1.0,3,3,9,0,9,0,20.767,530.0,458.0,709.0,20.767,3.0,6.8,roster,0,60.0,45.0,0.6452,42.91,2.9706,0.45,0.4412,3.3333,38.61,7.81,0.0,16.48,17.725
2021-09-23 07:00:00,7,17,17,0.0,6.0,11.0,0.0,0.0,1.0,1,1,10,0,10,0,21.767,578.5,494.0,769.0,21.767,3.0,6.8,roster,0,57.0,42.5,0.6333,43.03,1.9181,0.425,0.1471,3.3529,36.46,8.68,0.0,17.88,19.225
2021-09-23 08:00:00,8,15,15,0.0,5.0,9.0,0.0,1.0,1.0,1,1,9,0,9,0,22.767,650.0,554.0,829.0,22.767,3.0,6.35,roster,0,48.0,37.5,0.5161,39.26,1.7039,0.375,0.1575,3.2,32.17,7.81,0.0,19.27,20.725
2021-09-23 09:00:00,9,15,15,0.0,5.0,10.0,0.0,0.0,1.0,6,6,6,0,6,0,23.767,805.5,255.0,1016.0,23.767,3.0,6.35,roster,0,50.0,37.5,0.4902,41.01,4.3996,0.375,0.9449,3.3333,32.17,5.21,0.0,23.62,25.4
2021-09-23 10:00:00,10,22,22,0.0,6.0,16.0,0.0,0.0,1.0,10,9,7,1,8,1,22.717,287.0,104.0,949.0,17.933,4.0,9.6,roster,0,72.0,55.0,0.5625,69.6,4.8682,0.55,0.9375,3.2727,47.19,6.95,13.4,22.06,23.725
2021-09-23 11:00:00,11,32,32,0.0,9.0,23.0,0.0,0.0,1.0,13,12,10,1,11,1,23.717,164.0,89.0,842.0,18.933,4.0,9.6,roster,0,105.0,80.0,0.9052,91.17,6.7266,0.8,1.25,3.2812,68.64,9.55,13.4,19.58,21.05
2021-09-23 12:00:00,12,30,30,0.0,8.0,22.0,0.0,0.0,1.0,10,10,9,0,9,0,19.933,139.0,105.0,902.0,19.933,4.0,9.6,roster,0,98.0,75.0,0.7903,73.14,5.8528,0.75,1.0417,3.2667,64.35,7.81,0.0,20.97,22.55
2021-09-23 13:00:00,13,27,27,1.0,7.0,19.0,0.0,0.0,1.0,2,2,9,0,9,0,20.933,165.0,120.0,209.0,20.933,4.0,9.6,roster,0,90.0,67.5,0.7258,50.59,2.9444,0.675,0.2083,3.3333,57.92,7.81,0.0,4.86,5.225
2021-09-23 14:00:00,14,28,28,1.0,7.0,20.0,0.0,0.0,1.0,9,8,10,0,10,0,21.933,213.5,175.0,269.0,21.933,4.0,9.6,roster,0,93.0,70.0,0.775,55.0,5.0929,0.7,0.8333,3.3214,60.06,8.68,0.0,6.25,6.725
2021-09-23 15:00:00,15,26,26,2.0,7.0,17.0,0.0,0.0,1.0,9,7,10,0,10,0,20.817,232.5,119.0,262.0,20.817,4.0,9.6,roster,0,89.0,65.0,0.7417,50.54,4.721,0.65,0.7292,3.4231,55.77,8.68,0.0,6.09,6.55
2021-09-23 16:00:00,16,28,28,3.0,6.0,19.0,0.0,0.0,1.0,7,7,9,1,10,1,14.417,189.5,126.0,295.0,5.75,4.0,9.6,roster,0,96.0,70.0,0.8,69.0,4.9,0.7,0.7292,3.4286,60.06,8.68,13.4,6.86,7.375
2021-09-23 17:00:00,17,26,26,2.0,6.0,18.0,0.0,0.0,1.0,7,5,10,1,11,1,7.083,239.0,147.0,355.0,6.75,4.0,9.6,roster,0,88.0,65.0,0.7586,66.98,3.9628,0.65,0.5208,3.3846,55.77,9.55,13.4,8.25,8.875
2021-09-23 18:00:00,18,36,36,3.0,8.0,25.0,0.0,0.0,1.0,11,11,12,1,13,1,8.083,281.0,200.0,410.0,7.75,4.0,9.6,roster,0,122.0,90.0,1.1296,91.44,6.9331,0.9,1.1458,3.3889,77.22,11.29,13.4,9.53,10.25
2021-09-23 19:00:00,19,28,28,1.0,6.0,20.0,1.0,0.0,1.0,7,6,10,1,11,1,9.083,267.0,117.0,380.0,8.75,4.0,9.6,roster,0,91.0,70.0,0.7845,71.85,4.3062,0.7,0.625,3.25,60.06,9.55,13.4,8.84,9.5
2021-09-23 20:00:00,20,30,30,2.0,6.0,21.0,1.0,0.0,1.0,9,9,7,1,8,1,10.083,167.0,136.0,440.0,8.917,4.0,9.63,roster,0,99.0,75.0,0.7734,74.93,5.5591,0.75,0.9346,3.3,64.35,6.95,13.4,10.23,11.0
2021-09-23 21:00:00,21,28,28,1.0,5.0,20.0,2.0,0.0,1.0,5,6,9,1,10,1,11.083,112.0,87.0,196.0,9.917,4.0,9.63,roster,0,89.0,70.0,0.7417,66.7,4.2054,0.7,0.6231,3.1786,60.06,8.68,13.4,4.56,4.9
2021-09-23 22:00:00,22,33,33,0.0,4.0,27.0,2.0,0.0,1.0,12,11,9,0,9,0,10.917,187.0,147.0,256.0,10.917,3.0,6.38,roster,0,101.0,82.5,1.086,64.55,7.8019,0.825,1.7241,3.0606,70.78,7.81,0.0,5.95,6.4
2021-09-23 23:00:00,23,28,28,0.0,3.0,24.0,1.0,0.0,1.0,6,5,12,0,12,0,11.917,195.0,110.0,316.0,11.917,3.0,6.38,roster,0,86.0,70.0,1.0238,57.83,4.5571,0.7,0.7837,3.0714,60.06,10.42,0.0,7.35,7.9
2021-09-24 00:00:00,0,25,25,0.0,4.0,20.0,1.0,0.0,1.0,4,3,12,1,13,1,12.917,243.0,150.0,336.0,12.917,3.0,6.38,roster,0,78.0,62.5,0.963,66.12,3.4171,0.625,0.4702,3.12,53.62,11.29,13.4,7.81,8.4
2021-09-24 01:00:00,1,30,30,0.0,6.0,20.0,4.0,0.0,1.0,6,6,14,1,15,1,13.917,252.0,200.0,396.0,13.917,3.0,6.38,roster,0,92.0,75.0,1.2267,79.98,5.184,0.75,0.9404,3.0667,64.35,13.02,13.4,9.21,9.9
2021-09-24 02:00:00,2,29,29,0.0,5.0,21.0,3.0,0.0,1.0,6,5,14,0,14,0,14.917,337.5,263.0,456.0,14.917,3.0,6.38,roster,0,89.0,72.5,1.141,64.96,4.6301,0.725,0.7837,3.069,62.2,12.16,0.0,10.6,11.4
2021-09-24 03:00:00,3,31,31,1.0,4.0,22.0,4.0,0.0,1.0,5,5,14,0,14,0,15.917,397.5,323.0,516.0,15.917,3.0,6.38,roster,0,95.0,77.5,1.2179,70.65,4.7767,0.775,0.7837,3.0645,66.5,12.16,0.0,12.0,12.9
2021-09-24 04:00:00,4,29,29,1.0,4.0,21.0,3.0,0.0,1.0,0,0,14,1,15,1,16.917,432.0,380.0,576.0,16.917,3.0,6.38,roster,0,90.0,72.5,1.2,82.02,2.25,0.725,0.0,3.1034,62.2,13.02,13.4,13.39,14.4
2021-09-24 05:00:00,5,23,23,0.0,3.0,18.0,2.0,0.0,1.0,1,0,14,0,14,0,17.917,517.5,443.0,636.0,17.917,3.0,6.38,roster,0,70.0,57.5,0.8974,56.28,1.75,0.575,0.0,3.0435,49.33,12.16,0.0,14.79,15.9
2021-09-24 06:00:00,6,23,23,0.0,3.0,19.0,1.0,0.0,1.0,2,2,14,0,14,0,18.917,577.5,503.0,696.0,18.917,3.0,6.38,roster,0,71.0,57.5,0.9103,57.67,2.7427,0.575,0.3135,3.087,49.33,12.16,0.0,16.18,17.4
2021-09-24 07:00:00,7,22,22,0.0,3.0,18.0,1.0,0.0,1.0,0,0,14,0,14,0,19.917,637.5,563.0,756.0,19.917,3.0,6.38,roster,0,68.0,55.0,0.8718,56.92,1.7,0.55,0.0,3.0909,47.19,12.16,0.0,17.58,18.9
2021-09-24 08:00:00,8,22,22,0.0,3.0,18.0,1.0,0.0,1.0,1,1,14,0,14,0,20.917,697.5,623.0,816.0,20.917,3.0,7.28,roster,0,68.0,55.0,0.8718,58.32,2.1246,0.55,0.1374,3.0909,47.19,12.16,0.0,18.97,20.4
2021-09-24 09:00:00,9,20,20,0.0,1.0,18.0,1.0,0.0,1.0,2,2,12,0,12,0,21.917,746.5,683.0,916.0,21.917,3.0,7.28,roster,0,60.0,50.0,0.7143,54.62,2.3242,0.5,0.2747,3.0,42.9,10.42,0.0,21.3,22.9
2021-09-24 10:00:00,10,21,21,0.0,4.0,16.0,1.0,0.0,1.0,5,5,11,0,11,0,22.917,750.0,614.0,936.0,22.917,4.0,10.53,roster,0,66.0,52.5,0.569,56.36,3.1423,0.525,0.4748,3.1429,45.04,9.55,0.0,21.76,23.4
2021-09-24 11:00:00,11,24,24,0.0,3.0,20.0,1.0,0.0,1.0,9,9,10,0,10,0,23.917,820.0,800.0,996.0,23.917,4.0,10.53,roster,0,74.0,60.0,0.6167,63.32,4.4853,0.6,0.8547,3.0833,51.48,8.68,0.0,23.16,24.9
2021-09-24 12:00:00,12,23,23,0.0,3.0,18.0,2.0,0.0,1.0,8,7,9,0,9,0,18.95,863.0,114.0,963.0,18.95,4.0,10.53,roster,0,70.0,57.5,0.5645,59.54,3.7732,0.575,0.6648,3.0435,49.33,7.81,0.0,22.39,24.075
2021-09-24 13:00:00,13,23,23,0.0,3.0,18.0,2.0,0.0,1.0,4,4,9,0,9,0,19.95,923.0,162.0,1023.0,19.95,4.0,10.53,roster,0,70.0,57.5,0.5645,60.93,2.9061,0.575,0.3799,3.0435,49.33,7.81,0.0,23.78,25.575
2021-09-24 14:00:00,14,26,26,0.0,3.0,22.0,1.0,0.0,1.0,7,7,9,0,9,0,20.95,234.0,154.0,1083.0,20.95,4.0,10.53,roster,0,80.0,65.0,0.6452,68.76,4.0454,0.65,0.6648,3.0769,55.77,7.81,0.0,25.18,27.075
2021-09-24 15:00:00,15,31,31,0.0,5.0,25.0,1.0,0.0,1.0,16,13,9,0,9,0,20.6,282.0,138.0,1043.0,20.6,4.0,10.53,roster,0,97.0,77.5,0.7823,78.56,6.288,0.775,1.2346,3.129,66.5,7.81,0.0,24.25,26.075
2021-09-24 16:00:00,16,23,23,0.0,5.0,18.0,0.0,0.0,1.0,4,4,10,1,11,1,21.6,190.0,107.0,1103.0,21.6,4.0,10.53,roster,0,74.0,57.5,0.6379,77.93,3.0722,0.575,0.3799,3.2174,49.33,9.55,13.4,25.64,27.575
2021-09-24 17:00:00,17,27,27,0.0,6.0,21.0,0.0,0.0,1.0,7,7,11,2,13,2,22.6,177.0,157.0,402.0,22.6,4.0,10.53,roster,0,87.0,67.5,0.8056,85.35,4.317,0.675,0.6648,3.2222,57.92,11.29,26.8,9.35,10.05
2021-09-24 18:00:00,18,23,23,0.0,5.0,18.0,0.0,0.0,1.0,3,3,9,1,10,1,22.05,201.5,134.0,310.0,22.05,4.0,10.53,roster,0,74.0,57.5,0.6167,58.63,2.7666,0.575,0.2849,3.2174,49.33,8.68,13.4,7.21,7.75
2021-09-24 19:00:00,19,27,27,0.0,4.0,20.0,3.0,0.0,1.0,9,8,7,1,8,1,23.05,238.5,194.0,1283.0,23.05,4.0,10.53,roster,0,82.0,67.5,0.6406,88.09,4.3573,0.675,0.7597,3.037,57.92,6.95,13.4,29.83,32.075
2021-09-24 20:00:00,20,28,28,0.0,3.0,20.0,5.0,0.0,1.0,9,8,6,1,7,1,24.05,254.0,85.0,430.0,24.05,4.0,9.91,roster,0,82.0,70.0,0.6212,69.54,4.4141,0.7,0.8073,2.9286,60.06,6.08,13.4,10.0,10.75
2021-09-24 21:00:00,21,32,32,0.0,7.0,20.0,5.0,0.0,1.0,12,12,5,1,6,1,11.5,211.5,70.0,314.0,5.85,4.0,9.91,roster,0,98.0,80.0,0.7206,74.55,6.1584,0.8,1.2109,3.0625,68.64,5.21,13.4,7.3,7.85
2021-09-24 22:00:00,22,28,28,0.0,6.0,17.0,5.0,0.0,1.0,8,8,6,2,8,2,6.85,126.0,112.0,357.0,6.85,3.0,6.66,roster,0,85.0,70.0,0.8854,82.11,5.7715,0.7,1.2012,3.0357,60.06,6.95,26.8,8.3,8.925
2021-09-24 23:00:00,23,36,36,0.0,6.0,28.0,2.0,0.0,1.0,13,13,7,2,9,2,7.85,182.0,157.0,246.0,7.85,3.0,6.66,roster,0,112.0,90.0,1.2043,97.55,8.8727,0.9,1.952,3.1111,77.22,7.81,26.8,5.72,6.15
2021-09-25 00:00:00,0,33,33,0.0,4.0,27.0,2.0,0.0,1.0,8,8,11,1,12,1,8.85,217.5,96.0,306.0,8.85,3.0,6.66,roster,0,101.0,82.5,1.2024,81.72,6.2014,0.825,1.2012,3.0606,70.78,10.42,13.4,7.11,7.65
2021-09-25 01:00:00,1,29,29,0.0,3.0,22.0,3.0,1.0,1.0,4,4,13,1,14,1,9.85,237.5,138.0,310.0,9.85,3.0,6.66,roster,0,85.0,72.5,1.0897,74.97,3.8854,0.725,0.6006,2.931,62.2,12.16,13.4,7.21,7.75
2021-09-25 02:00:00,2,24,24,0.0,3.0,18.0,3.0,0.0,1.0,1,1,13,1,14,1,10.85,297.5,198.0,370.0,10.85,3.0,6.66,roster,0,72.0,60.0,0.9231,65.64,2.2505,0.6,0.1502,3.0,51.48,12.16,13.4,8.6,9.25
2021-09-25 03:00:00,3,27,27,0.0,5.0,19.0,3.0,0.0,1.0,6,6,13,1,14,1,11.85,357.5,258.0,430.0,11.85,3.0,6.66,roster,0,83.0,67.5,1.0641,73.47,4.8444,0.675,0.9009,3.0741,57.92,12.16,13.4,10.0,10.75
2021-09-25 04:00:00,4,26,26,0.0,5.0,18.0,3.0,0.0,1.0,1,1,13,2,15,2,12.85,392.0,310.0,490.0,12.85,3.0,6.66,roster,0,80.0,65.0,1.0667,86.99,2.462,0.65,0.1502,3.0769,55.77,13.02,26.8,11.39,12.25
2021-09-25 05:00:00,5,26,26,0.0,5.0,18.0,3.0,0.0,1.0,3,2,13,1,14,1,13.85,477.5,378.0,550.0,13.85,3.0,6.66,roster,0,80.0,65.0,1.0256,74.11,2.924,0.65,0.3003,3.0769,55.77,12.16,13.4,12.79,13.75
2021-09-25 06:00:00,6,26,26,0.0,6.0,17.0,3.0,0.0,1.0,3,3,13,1,14,1,14.85,537.5,438.0,610.0,14.85,3.0,6.66,roster,0,81.0,65.0,1.0385,75.51,3.4283,0.65,0.4505,3.1154,55.77,12.16,13.4,14.18,15.25
2021-09-25 07:00:00,7,28,28,0.0,6.0,19.0,3.0,0.0,1.0,4,4,15,1,16,1,15.85,544.0,490.0,670.0,15.85,3.0,6.66,roster,0,87.0,70.0,1.2083,82.93,4.0412,0.7,0.6006,3.1071,60.06,13.89,13.4,15.58,16.75
2021-09-25 08:00:00,8,25,25,0.0,5.0,17.0,3.0,0.0,1.0,2,2,16,1,17,1,16.85,576.0,533.0,722.0,16.85,3.0,6.38,roster,0,77.0,62.5,1.1159,78.57,2.8905,0.625,0.3135,3.08,53.62,14.76,13.4,16.79,18.05
2021-09-25 09:00:00,9,19,19,0.0,5.0,13.0,1.0,0.0,1.0,6,6,10,1,11,1,17.85,618.0,154.0,772.0,17.85,3.0,6.38,roster,0,61.0,47.5,0.7011,61.66,4.5443,0.475,0.9404,3.2105,40.75,9.55,13.4,17.95,19.3
2021-09-25 10:00:00,10,25,25,1.0,5.0,17.0,2.0,0.0,1.0,11,9,9,1,10,1,18.85,684.5,214.0,832.0,18.85,4.0,10.08,roster,0,80.0,62.5,0.6667,75.05,4.8571,0.625,0.8929,3.2,53.62,8.68,13.4,19.34,20.8
2021-09-25 11:00:00,11,29,29,1.0,5.0,22.0,1.0,0.0,1.0,11,11,12,1,13,1,19.85,190.0,111.0,751.0,19.85,4.0,10.08,roster,0,93.0,72.5,0.8611,84.35,5.8246,0.725,1.0913,3.2069,62.2,11.29,13.4,17.46,18.775
2021-09-25 12:00:00,12,29,29,1.0,2.0,25.0,1.0,0.0,1.0,9,10,13,0,13,0,15.867,171.0,140.0,334.0,15.867,4.0,10.08,roster,0,90.0,72.5,0.8333,61.26,5.3288,0.725,0.9921,3.1034,62.2,11.29,0.0,7.77,8.35
2021-09-25 13:00:00,13,27,27,1.0,3.0,22.0,1.0,0.0,1.0,4,4,12,0,12,0,16.867,223.5,157.0,394.0,16.867,4.0,10.08,roster,0,85.0,67.5,0.7589,57.5,3.3743,0.675,0.3968,3.1481,57.92,10.42,0.0,9.16,9.85
2021-09-25 14:00:00,14,19,19,1.0,2.0,14.0,2.0,0.0,1.0,6,6,7,0,7,0,7.567,277.0,217.0,370.0,7.567,4.0,10.08,roster,0,59.0,47.5,0.447,35.44,3.3234,0.475,0.5952,3.1053,40.75,6.08,0.0,8.6,9.25
2021-09-25 15:00:00,15,28,28,1.0,3.0,23.0,1.0,0.0,1.0,14,14,9,1,10,1,8.567,298.5,109.0,351.0,8.567,4.0,10.08,roster,0,88.0,70.0,0.7333,70.3,6.5651,0.7,1.3889,3.1429,60.06,8.68,13.4,8.16,8.775
2021-09-25 16:00:00,16,28,28,1.0,4.0,23.0,0.0,0.0,1.0,9,6,11,1,12,1,8.167,156.0,116.0,397.0,8.167,4.0,10.08,roster,0,90.0,70.0,0.8036,73.11,4.1633,0.7,0.5952,3.2143,60.06,10.42,13.4,9.23,9.925
2021-09-25 17:00:00,17,34,34,1.0,5.0,28.0,0.0,0.0,1.0,10,10,12,1,13,1,9.167,203.0,157.0,397.0,9.167,4.0,10.08,roster,0,109.0,85.0,1.0093,86.85,5.9054,0.85,0.9921,3.2059,72.93,11.29,13.4,9.23,9.925
2021-09-25 18:00:00,18,30,30,1.0,5.0,23.0,1.0,0.0,1.0,8,8,13,0,13,0,10.167,217.0,134.0,263.0,10.167,4.0,10.08,roster,0,96.0,75.0,0.8889,61.75,4.9397,0.75,0.7937,3.2,64.35,11.29,0.0,6.11,6.575
2021-09-25 19:00:00,19,30,30,1.0,5.0,24.0,0.0,0.0,1.0,9,8,13,0,13,0,11.167,194.0,132.0,319.0,11.167,4.0,10.08,roster,0,97.0,75.0,0.8981,63.05,4.9911,0.75,0.7937,3.2333,64.35,11.29,0.0,7.42,7.975
2021-09-25 20:00:00,20,32,32,0.0,3.0,28.0,1.0,0.0,1.0,11,11,10,0,10,0,7.367,174.5,130.0,254.0,6.317,4.0,11.01,roster,0,98.0,80.0,0.8167,63.23,5.5097,0.8,0.9991,3.0625,68.64,8.68,0.0,5.91,6.35
2021-09-25 21:00:00,21,35,35,0.0,3.0,30.0,2.0,0.0,1.0,14,12,11,0,11,0,8.367,190.0,115.0,252.0,7.317,4.0,11.01,roster,0,106.0,87.5,0.9138,70.49,5.9509,0.875,1.0899,3.0286,75.08,9.55,0.0,5.86,6.3
2021-09-25 22:00:00,22,32,32,0.0,3.0,27.0,2.0,0.0,1.0,8,8,7,0,7,0,9.367,193.0,137.0,277.0,5.2,3.0,7.31,roster,0,97.0,80.0,0.9798,61.16,5.7424,0.8,1.0944,3.0312,68.64,6.08,0.0,6.44,6.925
2021-09-25 23:00:00,23,34,34,0.0,3.0,30.0,1.0,0.0,1.0,12,12,6,0,6,0,10.367,225.0,194.0,258.0,6.2,3.0,7.31,roster,0,104.0,85.0,1.0196,64.14,7.6213,0.85,1.6416,3.0588,72.93,5.21,0.0,6.0,6.45
2021-09-26 00:00:00,0,31,31,0.0,4.0,25.0,2.0,0.0,1.0,9,7,8,0,8,0,11.367,255.5,126.0,318.0,7.2,3.0,7.31,roster,0,95.0,77.5,0.9896,60.83,5.3096,0.775,0.9576,3.0645,66.5,6.95,0.0,7.39,7.95
2021-09-26 01:00:00,1,25,25,0.0,4.0,19.0,2.0,0.0,1.0,2,2,9,1,10,1,12.367,250.0,147.0,373.0,8.2,3.0,7.31,roster,0,77.0,62.5,0.8556,64.38,2.7677,0.625,0.2736,3.08,53.62,8.68,13.4,8.67,9.325
2021-09-26 02:00:00,2,21,21,0.0,4.0,15.0,2.0,0.0,1.0,4,4,9,0,9,0,13.367,374.0,232.0,433.0,9.2,3.0,7.31,roster,0,65.0,52.5,0.6989,42.93,3.3187,0.525,0.5472,3.0952,45.04,7.81,0.0,10.07,10.825
2021-09-26 03:00:00,3,17,17,0.0,4.0,12.0,1.0,0.0,1.0,1,1,8,0,8,0,14.367,370.0,292.0,498.0,10.2,3.0,7.31,roster,0,54.0,42.5,0.5625,34.99,1.7845,0.425,0.1368,3.1765,36.46,6.95,0.0,11.58,12.45
2021-09-26 04:00:00,4,17,17,0.0,4.0,11.0,2.0,0.0,1.0,1,2,8,0,8,0,15.367,430.0,352.0,558.0,11.2,3.0,7.31,roster,0,53.0,42.5,0.5521,36.38,2.178,0.425,0.2736,3.1176,36.46,6.95,0.0,12.97,13.95
2021-09-26 05:00:00,5,20,20,0.0,4.0,14.0,2.0,0.0,1.0,4,4,8,0,8,0,16.367,490.0,412.0,618.0,12.2,3.0,7.31,roster,0,62.0,50.0,0.6458,44.21,3.2463,0.5,0.5472,3.1,42.9,6.95,0.0,14.37,15.45
2021-09-26 06:00:00,6,20,20,0.0,4.0,15.0,1.0,0.0,1.0,2,2,9,0,9,0,17.367,486.0,447.0,617.0,13.2,3.0,7.31,roster,0,63.0,50.0,0.6774,45.06,2.4368,0.5,0.2736,3.15,42.9,7.81,0.0,14.35,15.425
2021-09-26 07:00:00,7,22,22,0.0,4.0,16.0,2.0,0.0,1.0,3,3,9,0,9,0,18.367,546.0,507.0,677.0,14.2,3.0,7.31,roster,0,68.0,55.0,0.7312,50.75,2.9685,0.55,0.4104,3.0909,47.19,7.81,0.0,15.74,16.925
2021-09-26 08:00:00,8,21,21,0.0,4.0,15.0,2.0,0.0,1.0,5,5,9,0,9,0,19.367,606.0,567.0,737.0,15.2,3.0,6.68,roster,0,65.0,52.5,0.6989,50.0,3.9418,0.525,0.7485,3.0952,45.04,7.81,0.0,17.14,18.425
2021-09-26 09:00:00,9,24,24,0.0,4.0,18.0,2.0,0.0,1.0,10,10,6,0,6,0,16.2,623.0,264.0,797.0,16.2,3.0,6.68,roster,0,74.0,60.0,0.7255,55.22,6.4658,0.6,1.497,3.0833,51.48,5.21,0.0,18.53,19.925
2021-09-26 10:00:00,10,32,32,0.0,5.0,27.0,0.0,0.0,1.0,15,13,11,1,12,1,17.2,127.0,71.0,726.0,17.2,4.0,9.72,roster,0,101.0,80.0,0.9018,89.34,6.7463,0.8,1.3374,3.1562,68.64,10.42,13.4,16.88,18.15
2021-09-26 11:00:00,11,31,31,0.0,4.0,26.0,0.0,1.0,1.0,10,7,11,1,12,1,14.583,129.5,122.0,215.0,11.667,4.0,9.72,roster,0,95.0,77.5,0.8482,75.31,4.582,0.775,0.7202,3.0645,66.5,10.42,13.4,5.0,5.375
2021-09-26 12:00:00,12,28,28,0.0,6.0,21.0,0.0,1.0,1.0,9,8,9,1,10,1,15.583,186.5,144.0,219.0,12.667,4.0,9.72,roster,0,88.0,70.0,0.7333,67.23,4.7867,0.7,0.823,3.1429,60.06,8.68,13.4,5.09,5.475
2021-09-26 13:00:00,13,23,23,0.0,6.0,16.0,0.0,1.0,1.0,3,3,8,3,11,3,16.583,182.0,104.0,276.0,5.583,4.0,9.72,roster,0,73.0,57.5,0.6293,85.5,2.8046,0.575,0.3086,3.1739,49.33,9.55,40.2,6.42,6.9
2021-09-26 14:00:00,14,26,26,0.0,6.0,18.0,1.0,1.0,1.0,8,7,7,3,10,3,17.583,213.0,157.0,336.0,6.583,4.0,9.72,roster,0,81.0,65.0,0.675,92.47,4.2686,0.65,0.7202,3.1154,55.77,8.68,40.2,7.81,8.4
2021-09-26 15:00:00,15,31,31,0.0,3.0,28.0,0.0,0.0,1.0,15,15,6,2,8,2,18.583,237.5,187.0,362.0,6.6,4.0,9.72,roster,0,96.0,77.5,0.75,88.66,7.179,0.775,1.5432,3.0968,66.5,6.95,26.8,8.42,9.05
2021-09-26 16:00:00,16,20,20,0.0,3.0,17.0,0.0,0.0,1.0,10,8,4,0,4,0,8.767,223.5,143.0,362.0,6.033,4.0,9.72,roster,0,63.0,50.0,0.4375,34.79,4.1676,0.5,0.823,3.15,42.9,3.47,0.0,8.42,9.05
2021-09-26 17:00:00,17,25,25,0.0,4.0,20.0,1.0,0.0,1.0,12,12,5,0,5,0,9.767,164.0,115.0,203.0,6.067,4.0,9.72,roster,0,78.0,62.5,0.5571,42.69,5.8019,0.625,1.2346,3.12,53.62,4.34,0.0,4.72,5.075
2021-09-26 18:00:00,18,23,23,0.0,3.0,16.0,3.0,1.0,1.0,9,7,7,0,7,0,10.767,103.0,89.0,175.0,7.067,4.0,9.72,roster,0,67.0,57.5,0.5076,39.48,3.7729,0.575,0.7202,2.913,49.33,6.08,0.0,4.07,4.375
2021-09-26 19:00:00,19,23,23,0.0,3.0,17.0,3.0,0.0,1.0,8,7,9,0,9,0,10.717,153.0,119.0,211.0,8.067,4.0,9.72,roster,0,69.0,57.5,0.5565,42.06,3.8855,0.575,0.7202,3.0,49.33,7.81,0.0,4.91,5.275
2021-09-26 20:00:00,20,19,19,0.0,3.0,14.0,2.0,0.0,1.0,7,5,7,0,7,0,11.717,179.0,112.0,295.0,9.067,4.0,10.35,roster,0,58.0,47.5,0.4394,33.69,2.9247,0.475,0.4831,3.0526,40.75,6.08,0.0,6.86,7.375
2021-09-26 21:00:00,21,25,25,0.0,3.0,18.0,3.0,1.0,1.0,14,12,5,0,5,0,12.717,204.0,172.0,239.0,5.517,4.0,10.35,roster,0,73.0,62.5,0.5214,43.52,5.2105,0.625,1.1594,2.92,53.62,4.34,0.0,5.56,5.975
2021-09-26 22:00:00,22,24,24,0.0,2.0,18.0,4.0,0.0,1.0,11,10,5,0,5,0,10.167,161.0,116.0,264.0,6.517,3.0,7.31,roster,0,70.0,60.0,0.6667,41.96,5.74,0.6,1.368,2.9167,51.48,4.34,0.0,6.14,6.6
2021-09-26 23:00:00,23,23,23,0.0,2.0,17.0,4.0,0.0,1.0,7,6,5,1,6,1,11.167,198.5,137.0,324.0,7.517,3.0,7.31,roster,0,67.0,57.5,0.6569,55.48,4.066,0.575,0.8208,2.913,49.33,5.21,13.4,7.53,8.1
2021-09-27 00:00:00,0,21,21,0.0,2.0,15.0,4.0,0.0,1.0,7,7,6,1,7,1,12.167,236.0,139.0,384.0,8.517,3.0,7.31,roster,0,61.0,52.5,0.6162,53.45,4.3066,0.525,0.9576,2.9048,45.04,6.08,13.4,8.93,9.6
2021-09-27 01:00:00,1,17,17,0.0,1.0,13.0,3.0,0.0,1.0,5,2,5,1,6,1,13.167,276.5,147.0,444.0,9.517,3.0,7.31,roster,0,49.0,42.5,0.4804,45.4,2.0136,0.425,0.2736,2.8824,36.46,5.21,13.4,10.32,11.1
2021-09-27 02:00:00,2,17,17,0.0,2.0,13.0,2.0,0.0,1.0,6,5,6,1,7,1,14.167,317.0,150.0,504.0,10.517,3.0,7.31,roster,0,51.0,42.5,0.5152,47.66,3.327,0.425,0.684,3.0,36.46,6.08,13.4,11.72,12.6
2021-09-27 03:00:00,3,17,17,0.0,2.0,13.0,2.0,0.0,1.0,2,2,6,1,7,1,15.167,377.0,210.0,564.0,11.517,3.0,7.31,roster,0,51.0,42.5,0.5152,49.06,2.0958,0.425,0.2736,3.0,36.46,6.08,13.4,13.11,14.1
2021-09-27 04:00:00,4,14,14,0.0,2.0,10.0,2.0,0.0,1.0,2,2,7,1,8,1,16.167,382.0,270.0,624.0,12.517,3.0,7.31,roster,0,42.0,35.0,0.4375,44.88,1.8708,0.35,0.2736,3.0,30.03,6.95,13.4,14.51,15.6
2021-09-27 05:00:00,5,15,15,0.0,3.0,10.0,2.0,0.0,1.0,2,2,6,1,7,1,17.167,497.0,243.0,684.0,13.517,3.0,7.31,roster,0,46.0,37.5,0.4646,47.56,1.989,0.375,0.2736,3.0667,32.17,6.08,13.4,15.9,17.1
2021-09-27 06:00:00,6,13,13,0.0,2.0,9.0,2.0,0.0,1.0,1,1,7,1,8,1,18.167,473.5,303.0,744.0,14.517,3.0,7.31,roster,0,39.0,32.5,0.4062,45.53,1.3854,0.325,0.1368,3.0,27.88,6.95,13.4,17.3,18.6
2021-09-27 07:00:00,7,15,15,0.0,2.0,11.0,2.0,0.0,1.0,2,2,7,1,8,1,19.167,533.5,363.0,804.0,15.517,3.0,7.31,roster,0,45.0,37.5,0.4688,51.21,1.9458,0.375,0.2736,3.0,32.17,6.95,13.4,18.69,20.1
2021-09-27 08:00:00,8,19,19,0.0,1.0,16.0,2.0,0.0,1.0,7,7,8,1,9,1,16.517,510.0,322.0,716.0,16.517,3.0,6.66,roster,0,56.0,47.5,0.6022,58.62,4.4978,0.475,1.0511,2.9474,40.75,7.81,13.4,16.65,17.9
2021-09-27 09:00:00,9,19,19,0.0,1.0,16.0,2.0,0.0,1.0,5,6,8,1,9,1,15.4,483.0,265.0,737.0,15.4,3.0,6.66,roster,0,56.0,47.5,0.6022,59.11,4.0553,0.475,0.9009,2.9474,40.75,7.81,13.4,17.14,18.425
2021-09-27 10:00:00,10,25,25,0.0,3.0,20.0,2.0,0.0,1.0,12,12,8,1,9,1,16.4,442.0,167.0,797.0,16.4,4.0,9.91,roster,0,76.0,62.5,0.6129,73.37,5.5811,0.625,1.2109,3.04,53.62,7.81,13.4,18.53,19.925
2021-09-27 11:00:00,11,28,28,0.0,5.0,21.0,2.0,0.0,1.0,8,7,12,1,13,1,17.4,227.0,104.0,690.0,17.4,4.0,9.91,roster,0,87.0,70.0,0.8056,80.79,4.3698,0.7,0.7064,3.1071,60.06,11.29,13.4,16.04,17.25
2021-09-27 12:00:00,12,31,31,0.0,7.0,23.0,1.0,0.0,1.0,11,9,11,1,12,1,15.933,280.0,151.0,750.0,15.933,4.0,9.91,roster,0,99.0,77.5,0.8839,87.75,5.3753,0.775,0.9082,3.1935,66.5,10.42,13.4,17.44,18.75
2021-09-27 13:00:00,13,32,32,1.0,9.0,21.0,1.0,0.0,1.0,6,6,12,3,15,3,16.933,211.0,119.0,622.0,16.933,4.0,9.91,roster,0,106.0,80.0,1.06,116.33,4.6555,0.8,0.6054,3.3125,68.64,13.02,40.2,14.46,15.55
2021-09-27 14:00:00,14,32,32,1.0,8.0,22.0,1.0,0.0,1.0,5,6,12,2,14,2,17.933,296.5,179.0,682.0,17.933,4.0,9.91,roster,0,105.0,80.0,1.0096,103.45,4.6116,0.8,0.6054,3.2812,68.64,12.16,26.8,15.86,17.05
2021-09-27 15:00:00,15,31,31,2.0,8.0,21.0,0.0,0.0,1.0,9,7,6,1,7,1,18.283,313.0,201.0,467.0,18.283,4.0,9.91,roster,0,105.0,77.5,0.7955,76.83,5.0175,0.775,0.7064,3.3871,66.5,6.08,13.4,10.86,11.675
2021-09-27 16:00:00,16,21,21,1.0,7.0,13.0,0.0,0.0,1.0,3,3,4,1,5,1,6.6,108.0,105.0,250.0,4.35,4.0,9.91,roster,0,72.0,52.5,0.5143,48.6,2.8379,0.525,0.3027,3.4286,45.04,4.34,13.4,5.81,6.25
2021-09-27 17:00:00,17,24,24,1.0,6.0,15.0,1.0,1.0,1.0,8,7,4,1,5,1,7.6,168.0,165.0,310.0,5.35,4.0,9.91,roster,0,77.0,60.0,0.55,56.43,4.1912,0.6,0.7064,3.2083,51.48,4.34,13.4,7.21,7.75
2021-09-27 18:00:00,18,25,25,0.0,4.0,19.0,1.0,1.0,1.0,9,9,3,0,3,0,8.6,370.0,228.0,381.0,6.35,4.0,9.91,roster,0,76.0,62.5,0.5135,45.09,4.6608,0.625,0.9082,3.04,53.62,2.6,0.0,8.86,9.525
2021-09-27 19:00:00,19,21,21,0.0,3.0,17.0,1.0,0.0,1.0,5,3,4,0,4,0,9.6,98.5,82.0,288.0,4.8,4.0,9.91,roster,0,65.0,52.5,0.4514,35.21,2.562,0.525,0.3027,3.0952,45.04,3.47,0.0,6.7,7.2
2021-09-27 20:00:00,20,20,20,0.0,3.0,14.0,3.0,0.0,1.0,6,4,5,0,5,0,10.6,136.0,116.0,175.0,5.8,4.0,11.01,roster,0,60.0,50.0,0.4286,31.31,2.5899,0.5,0.3633,3.0,42.9,4.34,0.0,4.07,4.375
2021-09-27 21:00:00,21,24,24,0.0,3.0,15.0,6.0,0.0,1.0,13,12,2,0,2,0,11.3,292.0,176.0,408.0,6.8,4.0,11.01,roster,0,69.0,60.0,0.4539,42.7,4.8585,0.6,1.0899,2.875,51.48,1.74,0.0,9.49,10.2
2021-09-27 22:00:00,22,26,26,0.0,3.0,17.0,6.0,0.0,1.0,13,12,2,1,3,1,12.3,78.0,76.0,236.0,3.933,3.0,7.76,roster,0,75.0,65.0,0.6757,57.26,6.3357,0.65,1.5464,2.8846,55.77,2.6,13.4,5.49,5.9
2021-09-27 23:00:00,23,21,21,0.0,3.0,13.0,5.0,0.0,1.0,8,6,3,2,5,2,6.117,136.0,112.0,138.0,4.933,3.0,7.76,roster,0,61.0,52.5,0.581,59.4,3.7709,0.525,0.7732,2.9048,45.04,4.34,26.8,3.21,3.45
2021-09-28 00:00:00,0,23,23,0.0,3.0,16.0,4.0,0.0,1.0,5,5,4,2,6,2,7.117,184.0,137.0,198.0,5.933,3.0,7.76,roster,0,68.0,57.5,0.6667,65.95,3.605,0.575,0.6443,2.9565,49.33,5.21,26.8,4.6,4.95
2021-09-28 01:00:00,1,18,18,0.0,3.0,12.0,3.0,0.0,1.0,2,1,4,2,6,2,8.117,244.0,197.0,258.0,6.933,3.0,7.76,roster,0,54.0,45.0,0.5294,56.62,1.7366,0.45,0.1289,3.0,38.61,5.21,26.8,6.0,6.45
2021-09-28 02:00:00,2,19,19,0.0,3.0,13.0,3.0,0.0,1.0,5,4,5,1,6,1,7.933,274.5,186.0,318.0,7.933,3.0,7.76,roster,0,57.0,47.5,0.5588,46.76,2.9714,0.475,0.5155,3.0,40.75,5.21,13.4,7.39,7.95
2021-09-28 03:00:00,3,20,20,0.0,5.0,12.0,3.0,0.0,1.0,2,2,7,1,8,1,8.933,281.5,136.0,378.0,8.933,3.0,7.76,roster,0,62.0,50.0,0.6458,52.03,2.349,0.5,0.2577,3.1,42.9,6.95,13.4,8.79,9.45
2021-09-28 04:00:00,4,18,18,0.0,4.0,11.0,3.0,0.0,1.0,1,1,7,1,8,1,9.933,341.5,196.0,438.0,9.933,3.0,7.76,roster,0,55.0,45.0,0.5729,49.14,1.7688,0.45,0.1289,3.0556,38.61,6.95,13.4,10.18,10.95
2021-09-28 05:00:00,5,21,21,0.0,5.0,13.0,3.0,0.0,1.0,4,4,6,1,7,1,10.933,437.0,256.0,498.0,10.933,3.0,7.76,roster,0,65.0,52.5,0.6566,56.1,3.2205,0.525,0.5155,3.0952,45.04,6.08,13.4,11.58,12.45
2021-09-28 06:00:00,6,23,23,0.0,5.0,15.0,3.0,0.0,1.0,3,4,6,1,7,1,11.933,497.0,316.0,558.0,11.933,3.0,7.76,roster,0,71.0,57.5,0.7172,61.79,3.3662,0.575,0.5155,3.087,49.33,6.08,13.4,12.97,13.95
2021-09-28 07:00:00,7,24,24,0.0,5.0,16.0,3.0,0.0,1.0,3,4,6,1,7,1,12.933,557.0,376.0,618.0,12.933,3.0,7.76,roster,0,74.0,60.0,0.7475,65.33,3.4393,0.6,0.5155,3.0833,51.48,6.08,13.4,14.37,15.45
2021-09-28 08:00:00,8,22,22,0.0,5.0,15.0,2.0,0.0,1.0,2,2,7,1,8,1,13.933,581.5,436.0,678.0,13.933,3.0,6.66,roster,0,69.0,55.0,0.7188,63.3,2.6669,0.55,0.3003,3.1364,47.19,6.95,13.4,15.76,16.95
2021-09-28 09:00:00,9,25,25,1.0,4.0,18.0,2.0,0.0,1.0,6,6,7,1,8,1,14.933,641.5,471.0,738.0,14.933,3.0,6.66,roster,0,79.0,62.5,0.8229,71.13,4.8218,0.625,0.9009,3.16,53.62,6.95,13.4,17.16,18.45
2021-09-28 10:00:00,10,25,25,1.0,7.0,16.0,1.0,0.0,1.0,8,6,7,1,8,1,14.133,370.0,124.0,737.0,13.3,4.0,10.36,roster,0,83.0,62.5,0.6484,71.11,3.9978,0.625,0.5792,3.32,53.62,6.95,13.4,17.14,18.425
2021-09-28 11:00:00,11,28,28,1.0,7.0,19.0,1.0,0.0,1.0,6,7,10,1,11,1,15.133,184.0,118.0,726.0,14.3,4.0,10.36,roster,0,92.0,70.0,0.7931,79.89,4.5201,0.7,0.6757,3.2857,60.06,9.55,13.4,16.88,18.15
2021-09-28 12:00:00,12,31,31,0.0,6.0,24.0,1.0,0.0,1.0,6,6,10,1,11,1,16.133,244.0,169.0,786.0,15.3,4.0,10.36,roster,0,98.0,77.5,0.8448,87.72,4.2809,0.775,0.5792,3.1613,66.5,9.55,13.4,18.27,19.65
2021-09-28 13:00:00,13,31,31,0.0,6.0,25.0,0.0,0.0,1.0,9,8,13,1,14,1,17.133,256.0,161.0,711.0,16.3,4.0,10.36,roster,0,99.0,77.5,0.9519,88.58,4.9411,0.775,0.7722,3.1935,66.5,12.16,13.4,16.53,17.775
2021-09-28 14:00:00,14,33,33,1.0,6.0,26.0,0.0,0.0,1.0,10,9,14,1,15,1,18.133,289.0,172.0,449.0,17.3,4.0,10.36,roster,0,107.0,82.5,1.07,87.65,5.4918,0.825,0.8687,3.2424,70.78,13.02,13.4,10.44,11.225
2021-09-28 15:00:00,15,32,32,1.0,4.0,27.0,0.0,0.0,1.0,8,8,9,3,12,3,19.133,234.5,139.0,394.0,13.85,4.0,10.36,roster,0,102.0,80.0,0.9107,108.42,5.0114,0.8,0.7722,3.1875,68.64,10.42,40.2,9.16,9.85
2021-09-28 16:00:00,16,33,33,1.0,3.0,29.0,0.0,0.0,1.0,12,9,7,1,8,1,20.133,225.0,127.0,360.0,7.567,4.0,10.36,roster,0,104.0,82.5,0.8125,79.5,5.3378,0.825,0.8687,3.1515,70.78,6.95,13.4,8.37,9.0
2021-09-28 17:00:00,17,35,35,0.0,4.0,28.0,1.0,2.0,1.0,10,10,8,1,9,1,19.367,187.0,139.0,311.0,7.0,4.0,10.36,roster,0,104.0,87.5,0.8387,83.52,5.4682,0.875,0.9653,2.9714,75.08,7.81,13.4,7.23,7.775
2021-09-28 18:00:00,18,40,40,0.0,4.0,31.0,3.0,2.0,1.0,15,11,9,3,12,3,20.367,140.0,103.0,319.0,8.0,4.0,10.36,roster,0,117.0,100.0,1.0446,123.84,6.0307,1.0,1.0618,2.925,85.8,10.42,40.2,7.42,7.975
2021-09-28 19:00:00,19,31,31,0.0,2.0,25.0,4.0,0.0,1.0,6,6,8,2,10,2,21.367,200.0,143.0,307.0,7.183,4.0,10.36,roster,0,91.0,77.5,0.7583,89.12,3.9751,0.775,0.5792,2.9355,66.5,8.68,26.8,7.14,7.675
2021-09-28 20:00:00,20,33,33,0.0,2.0,26.0,5.0,0.0,1.0,10,9,8,1,9,1,22.367,203.0,127.0,353.0,8.183,4.0,11.43,roster,0,96.0,82.5,0.7742,80.21,4.6906,0.825,0.7874,2.9091,70.78,7.81,13.4,8.21,8.825
2021-09-28 21:00:00,21,33,33,0.0,1.0,27.0,4.0,1.0,1.0,10,8,12,1,13,1,23.367,187.0,111.0,270.0,9.183,4.0,11.43,roster,0,94.0,82.5,0.8704,81.75,4.3437,0.825,0.6999,2.8485,70.78,11.29,13.4,6.28,6.75
2021-09-28 22:00:00,22,22,22,0.0,1.0,18.0,2.0,1.0,1.0,5,5,7,1,8,1,24.367,179.5,166.0,330.0,9.317,3.0,7.73,roster,0,63.0,55.0,0.6562,55.21,3.4273,0.55,0.6468,2.8636,47.19,6.95,13.4,7.67,8.25
2021-09-28 23:00:00,23,23,23,0.0,2.0,16.0,4.0,1.0,1.0,7,6,8,1,9,1,25.367,231.0,168.0,383.0,10.317,3.0,7.73,roster,0,65.0,57.5,0.6989,59.45,3.8186,0.575,0.7762,2.8261,49.33,7.81,13.4,8.9,9.575
2021-09-29 00:00:00,0,20,20,0.0,3.0,14.0,3.0,0.0,1.0,4,3,8,1,9,1,26.367,291.0,228.0,443.0,11.317,3.0,7.73,roster,0,60.0,50.0,0.6452,54.41,2.6643,0.5,0.3881,3.0,42.9,7.81,13.4,10.3,11.075
2021-09-29 01:00:00,1,17,17,0.0,3.0,12.0,2.0,0.0,1.0,3,2,8,1,9,1,27.367,351.0,288.0,503.0,12.317,3.0,7.73,roster,0,52.0,42.5,0.5591,49.37,2.0914,0.425,0.2587,3.0588,36.46,7.81,13.4,11.69,12.575
2021-09-29 02:00:00,2,17,17,0.0,2.0,13.0,2.0,0.0,1.0,2,2,8,0,8,0,28.367,408.5,348.0,570.0,13.317,3.0,7.73,roster,0,51.0,42.5,0.5312,36.66,2.0512,0.425,0.2587,3.0,36.46,6.95,0.0,13.25,14.25
2021-09-29 03:00:00,3,20,20,0.0,3.0,15.0,2.0,0.0,1.0,4,4,8,0,8,0,29.367,468.5,408.0,630.0,14.317,3.0,7.73,roster,0,61.0,50.0,0.6354,44.49,3.1033,0.5,0.5175,3.05,42.9,6.95,0.0,14.65,15.75
2021-09-29 04:00:00,4,17,17,0.0,2.0,13.0,2.0,0.0,1.0,1,0,10,0,10,0,30.367,497.0,392.0,548.0,15.317,3.0,7.73,roster,0,51.0,42.5,0.5667,37.89,1.275,0.425,0.0,3.0,36.46,8.68,0.0,12.74,13.7
2021-09-29 05:00:00,5,17,17,0.0,2.0,13.0,2.0,0.0,1.0,1,1,10,0,10,0,31.367,557.0,452.0,608.0,16.317,3.0,7.73,roster,0,51.0,42.5,0.5667,39.28,1.6631,0.425,0.1294,3.0,36.46,8.68,0.0,14.14,15.2
2021-09-29 06:00:00,6,17,17,0.0,2.0,13.0,2.0,0.0,1.0,1,1,11,0,11,0,32.367,588.0,199.0,668.0,17.317,3.0,7.73,roster,0,51.0,42.5,0.5862,41.55,1.6631,0.425,0.1294,3.0,36.46,9.55,0.0,15.53,16.7
2021-09-29 07:00:00,7,16,16,0.0,2.0,12.0,2.0,0.0,1.0,1,0,11,0,11,0,33.367,648.0,259.0,728.0,18.317,3.0,7.73,roster,0,48.0,40.0,0.5517,40.8,1.2,0.4,0.0,3.0,34.32,9.55,0.0,16.93,18.2
2021-09-29 08:00:00,8,16,16,0.0,2.0,12.0,2.0,0.0,1.0,1,0,11,0,11,0,34.367,708.0,319.0,788.0,19.317,3.0,6.8,roster,0,48.0,40.0,0.5517,42.19,1.2,0.4,0.0,3.0,34.32,9.55,0.0,18.32,19.7
2021-09-29 09:00:00,9,19,19,0.0,2.0,15.0,2.0,0.0,1.0,6,6,9,0,9,0,20.317,768.0,692.0,848.0,20.317,3.0,6.8,roster,0,57.0,47.5,0.6129,48.29,4.0721,0.475,0.8824,3.0,40.75,7.81,0.0,19.72,21.2
2021-09-29 10:00:00,10,31,31,0.0,4.0,20.0,7.0,0.0,1.0,14,14,10,0,10,0,21.317,756.0,334.0,886.0,21.317,4.0,10.14,roster,0,90.0,77.5,0.75,75.78,6.2584,0.775,1.3807,2.9032,66.5,8.68,0.0,20.6,22.15
2021-09-29 11:00:00,11,39,39,0.0,6.0,24.0,9.0,0.0,1.0,14,12,14,0,14,0,22.317,446.5,107.0,888.0,22.317,4.0,10.14,roster,0,114.0,97.5,1.0962,96.46,6.3093,0.975,1.1834,2.9231,83.66,12.16,0.0,20.65,22.2
2021-09-29 12:00:00,12,32,32,0.0,4.0,25.0,3.0,0.0,1.0,5,5,15,0,15,0,23.317,454.0,158.0,948.0,23.317,4.0,10.14,roster,0,97.0,80.0,0.97,83.71,3.9197,0.8,0.4931,3.0312,68.64,13.02,0.0,22.04,23.7
2021-09-29 13:00:00,13,23,23,0.0,4.0,19.0,0.0,0.0,1.0,4,4,11,0,11,0,24.317,514.0,218.0,1008.0,24.317,4.0,10.14,roster,0,73.0,57.5,0.6293,62.32,3.077,0.575,0.3945,3.1739,49.33,9.55,0.0,23.44,25.2
2021-09-29 14:00:00,14,16,16,0.0,3.0,13.0,0.0,0.0,1.0,1,1,11,0,11,0,25.317,574.0,122.0,1068.0,25.317,4.0,10.14,roster,0,51.0,40.0,0.4397,48.7,1.5893,0.4,0.0986,3.1875,34.32,9.55,0.0,24.83,26.7
2021-09-29 15:00:00,15,17,17,1.0,1.0,13.0,1.0,1.0,1.0,7,6,7,0,7,0,26.317,338.0,136.0,1186.0,26.317,4.0,10.14,roster,0,51.0,42.5,0.3864,50.12,3.0501,0.425,0.5917,3.0,36.46,6.08,0.0,27.57,29.65
2021-09-29 16:00:00,16,20,20,3.0,2.0,13.0,2.0,0.0,1.0,8,8,6,0,6,0,27.317,179.0,115.0,398.0,27.317,4.0,10.14,roster,0,66.0,50.0,0.4853,37.36,4.2536,0.5,0.789,3.3,42.9,5.21,0.0,9.25,9.95
2021-09-29 17:00:00,17,18,18,1.0,3.0,12.0,2.0,0.0,1.0,4,4,6,0,6,0,28.317,239.0,175.0,458.0,28.317,4.0,10.14,roster,0,57.0,45.0,0.4191,34.47,2.6742,0.45,0.3945,3.1667,38.61,5.21,0.0,10.65,11.45
2021-09-29 18:00:00,18,16,16,0.0,2.0,12.0,2.0,0.0,1.0,4,4,7,0,7,0,29.317,235.0,111.0,316.0,29.317,4.0,10.14,roster,0,48.0,40.0,0.3636,27.75,2.3834,0.4,0.3945,3.0,34.32,6.08,0.0,7.35,7.9
2021-09-29 19:00:00,19,14,14,0.0,1.0,13.0,0.0,0.0,1.0,5,4,7,0,7,0,30.317,295.0,119.0,376.0,30.317,4.0,10.14,roster,0,43.0,35.0,0.3258,24.85,2.2866,0.35,0.3945,3.0714,30.03,6.08,0.0,8.74,9.4
2021-09-29 20:00:00,20,15,15,1.0,2.0,12.0,0.0,0.0,1.0,10,8,4,0,4,0,5.5,158.0,137.0,301.0,5.017,4.0,9.47,roster,0,49.0,37.5,0.3403,22.65,3.9846,0.375,0.8448,3.2667,32.17,3.47,0.0,7.0,7.525
2021-09-29 21:00:00,21,15,15,1.0,1.0,11.0,1.0,1.0,1.0,10,9,0,2,2,2,6.5,91.0,85.0,97.0,1.617,4.0,9.47,roster,0,45.0,37.5,0.2961,42.97,3.9761,0.375,0.9504,3.0,32.17,1.74,26.8,2.26,2.425
2021-09-29 22:00:00,22,16,16,1.0,2.0,12.0,0.0,1.0,1.0,8,7,0,2,2,2,7.5,151.0,145.0,157.0,2.617,3.0,6.13,roster,0,50.0,40.0,0.4386,46.51,4.8185,0.4,1.1419,3.125,34.32,1.74,26.8,3.65,3.925
2021-09-29 23:00:00,23,18,18,1.0,5.0,11.0,0.0,1.0,1.0,10,10,1,1,2,1,8.5,151.0,97.0,205.0,3.417,3.0,6.13,roster,0,59.0,45.0,0.5175,38.51,6.8221,0.45,1.6313,3.2778,38.61,1.74,13.4,4.77,5.125
2021-09-30 00:00:00,0,16,16,0.0,4.0,10.0,1.0,1.0,1.0,5,4,2,1,3,1,9.5,101.0,80.0,157.0,2.617,3.0,6.13,roster,0,49.0,40.0,0.4414,33.98,3.2234,0.4,0.6525,3.0625,34.32,2.6,13.4,3.65,3.925
2021-09-30 01:00:00,1,15,15,0.0,4.0,9.0,1.0,1.0,1.0,2,2,3,1,4,1,10.5,150.5,140.0,217.0,3.617,3.0,6.13,roster,0,46.0,37.5,0.4259,34.09,2.1505,0.375,0.3263,3.0667,32.17,3.47,13.4,5.05,5.425
2021-09-30 02:00:00,2,13,13,0.0,3.0,7.0,2.0,1.0,1.0,4,3,3,0,3,0,11.5,221.0,167.0,277.0,4.617,3.0,6.13,roster,0,38.0,32.5,0.3423,16.93,2.3805,0.325,0.4894,2.9231,27.88,2.6,0.0,6.44,6.925
2021-09-30 03:00:00,3,11,11,0.0,3.0,4.0,3.0,1.0,1.0,2,2,3,0,3,0,12.5,281.0,227.0,337.0,5.617,3.0,6.13,roster,0,31.0,27.5,0.2793,14.04,1.6945,0.275,0.3263,2.8182,23.6,2.6,0.0,7.84,8.425
2021-09-30 04:00:00,4,12,12,0.0,3.0,6.0,2.0,1.0,1.0,3,2,3,0,3,0,13.5,341.0,287.0,397.0,6.617,3.0,6.13,roster,0,35.0,30.0,0.3153,17.58,1.8266,0.3,0.3263,2.9167,25.74,2.6,0.0,9.23,9.925
2021-09-30 05:00:00,5,13,13,0.0,3.0,7.0,2.0,1.0,1.0,2,2,4,0,4,0,14.5,374.0,347.0,457.0,7.617,3.0,6.13,roster,0,38.0,32.5,0.3519,21.98,1.9037,0.325,0.3263,2.9231,27.88,3.47,0.0,10.63,11.425
2021-09-30 06:00:00,6,12,12,0.0,3.0,7.0,1.0,1.0,1.0,1,1,4,0,4,0,15.5,434.0,407.0,517.0,8.617,3.0,6.13,roster,0,36.0,30.0,0.3333,21.23,1.3894,0.3,0.1631,3.0,25.74,3.47,0.0,12.02,12.925
2021-09-30 07:00:00,7,10,10,0.0,3.0,5.0,1.0,1.0,1.0,2,1,4,0,4,0,16.5,494.0,467.0,577.0,9.617,3.0,6.13,roster,0,30.0,25.0,0.2778,18.34,1.2394,0.25,0.1631,3.0,21.45,3.47,0.0,13.42,14.425
2021-09-30 08:00:00,8,13,13,0.0,3.0,8.0,1.0,1.0,1.0,5,5,4,0,4,0,17.5,554.0,527.0,637.0,10.617,3.0,7.23,roster,0,39.0,32.5,0.3611,26.17,3.0497,0.325,0.6916,3.0,27.88,3.47,0.0,14.81,15.925
2021-09-30 09:00:00,9,16,16,0.0,1.0,12.0,2.0,1.0,1.0,8,7,3,0,3,0,18.5,119.0,104.0,326.0,5.433,3.0,7.23,roster,0,45.0,40.0,0.4054,24.5,3.848,0.4,0.9682,2.8125,34.32,2.6,0.0,7.58,8.15
2021-09-30 10:00:00,10,19,19,0.0,1.0,15.0,2.0,1.0,1.0,6,6,4,0,4,0,19.5,171.5,164.0,386.0,6.433,4.0,10.57,roster,0,54.0,47.5,0.375,33.2,2.9633,0.475,0.5676,2.8421,40.75,3.47,0.0,8.97,9.65
2021-09-30 11:00:00,11,23,23,0.0,1.0,22.0,0.0,0.0,1.0,11,11,6,0,6,0,20.5,174.0,102.0,239.0,7.433,4.0,10.57,roster,0,70.0,57.5,0.5147,40.1,4.9173,0.575,1.0407,3.0435,49.33,5.21,0.0,5.56,5.975
2021-09-30 12:00:00,12,27,27,0.0,1.0,26.0,0.0,0.0,1.0,5,6,8,0,8,0,21.5,173.0,122.0,299.0,8.433,4.0,10.57,roster,0,82.0,67.5,0.6406,51.81,3.774,0.675,0.5676,3.037,57.92,6.95,0.0,6.95,7.475
2021-09-30 13:00:00,13,27,27,0.0,2.0,25.0,0.0,0.0,1.0,5,5,8,0,8,0,22.5,233.0,182.0,359.0,9.433,4.0,10.57,roster,0,83.0,67.5,0.6484,53.21,3.5292,0.675,0.473,3.0741,57.92,6.95,0.0,8.35,8.975
2021-09-30 14:00:00,14,32,32,0.0,3.0,29.0,0.0,0.0,1.0,11,10,7,1,8,1,23.5,262.0,222.0,404.0,6.983,4.0,10.57,roster,0,99.0,80.0,0.7734,78.38,5.4019,0.8,0.9461,3.0938,68.64,6.95,13.4,9.39,10.1
2021-09-30 15:00:00,15,31,31,1.0,1.0,28.0,1.0,0.0,1.0,6,5,7,2,9,2,24.5,282.0,109.0,364.0,7.983,4.0,10.57,roster,0,95.0,77.5,0.7661,89.57,3.8246,0.775,0.473,3.0645,66.5,7.81,26.8,8.46,9.1
2021-09-30 16:00:00,16,35,35,1.0,3.0,30.0,1.0,0.0,1.0,14,12,6,3,9,3,25.5,169.0,133.0,342.0,8.733,4.0,10.57,roster,0,109.0,87.5,0.879,111.04,6.2606,0.875,1.1353,3.1143,75.08,7.81,40.2,7.95,8.55
2021-09-30 17:00:00,17,38,38,0.0,6.0,29.0,3.0,0.0,1.0,12,12,9,2,11,2,9.733,134.0,88.0,229.0,9.733,4.0,10.57,roster,0,117.0,95.0,1.0086,103.19,6.4205,0.95,1.1353,3.0789,81.51,9.55,26.8,5.32,5.725
2021-09-30 18:00:00,18,33,33,0.0,8.0,21.0,3.0,1.0,1.0,7,7,8,4,12,4,10.733,152.5,124.0,264.0,10.733,4.0,10.57,roster,0,102.0,82.5,0.9107,120.94,4.597,0.825,0.6623,3.0909,70.78,10.42,53.6,6.14,6.6
2021-09-30 19:00:00,19,32,32,1.0,6.0,21.0,4.0,0.0,1.0,9,9,6,4,10,4,11.633,193.5,163.0,217.0,5.4,4.0,10.57,roster,0,100.0,80.0,0.8333,115.97,5.1608,0.8,0.8515,3.125,68.64,8.68,53.6,5.05,5.425
2021-09-30 20:00:00,20,29,29,1.0,5.0,23.0,0.0,0.0,1.0,8,8,5,4,9,4,12.633,233.0,139.0,263.0,5.233,4.0,9.47,roster,0,94.0,72.5,0.7581,109.73,5.0882,0.725,0.8448,3.2414,62.2,7.81,53.6,6.11,6.575
2021-09-30 21:00:00,21,25,25,1.0,3.0,21.0,0.0,0.0,1.0,4,3,7,3,10,3,13.633,246.0,130.0,323.0,6.233,4.0,9.47,roster,0,80.0,62.5,0.6667,90.02,3.0137,0.625,0.3168,3.2,53.62,8.68,40.2,7.51,8.075
2021-09-30 22:00:00,22,25,25,1.0,2.0,21.0,1.0,0.0,1.0,9,9,4,2,6,2,14.633,238.0,190.0,353.0,6.067,3.0,6.13,roster,0,78.0,62.5,0.7647,73.84,6.5308,0.625,1.4682,3.12,53.62,5.21,26.8,8.21,8.825
2021-09-30 23:00:00,23,26,26,1.0,1.0,21.0,3.0,0.0,1.0,8,8,4,1,5,1,15.633,319.0,250.0,413.0,7.067,3.0,6.13,roster,0,78.0,65.0,0.7429,63.11,5.8652,0.65,1.3051,3.0,55.77,4.34,13.4,9.6,10.325
