ts,hour,total,census,l1,l2,l3,l4,l5,tri_coverage,arrivals,arrival_present_1h,waitBed,waitICU,D_board,resus,maxLOS_h,awt_curr_min,board_q1_min,board_q3_min,board_max_h,Na,cap_sum,cap_source,src_gap,acuity,OCCUPANCY,EDWIN,NEDOCS,READI,READI_BR,READI_PR,READI_AR,NEDOCS_t_total,NEDOCS_t_board,NEDOCS_t_resus,NEDOCS_t_longest_admit,NEDOCS_E_h
2022-06-01 00:00:00,0,26,26,1.0,2.0,20.0,2.0,1.0,1.0,12,8,7,0,7,0,24.35,265.0,78.0,362.0,6.233,3.0,7.21,roster,0,78.0,65.0,0.7879,50.26,5.2787,0.65,1.1096,3.0,55.77,6.08,0.0,8.42,9.05
2022-06-01 01:00:00,1,21,21,0.0,2.0,16.0,2.0,1.0,1.0,2,1,7,0,7,0,25.35,325.0,138.0,422.0,7.233,3.0,7.21,roster,0,61.0,52.5,0.6162,40.93,1.9279,0.525,0.1387,2.9048,45.04,6.08,0.0,9.81,10.55
2022-06-01 02:00:00,2,16,16,0.0,2.0,11.0,2.0,1.0,1.0,4,4,4,0,4,0,26.35,323.0,261.0,494.0,8.233,3.0,7.21,roster,0,46.0,40.0,0.4259,29.28,2.745,0.4,0.5548,2.875,34.32,3.47,0.0,11.49,12.35
2022-06-01 03:00:00,3,14,14,0.0,2.0,9.0,2.0,1.0,1.0,3,1,4,0,4,0,27.35,383.0,321.0,554.0,9.233,3.0,7.21,roster,0,40.0,35.0,0.3704,26.38,1.3963,0.35,0.1387,2.8571,30.03,3.47,0.0,12.88,13.85
2022-06-01 04:00:00,4,14,14,0.0,2.0,9.0,2.0,1.0,1.0,4,2,4,0,4,0,28.35,443.0,381.0,614.0,10.233,3.0,7.21,roster,0,40.0,35.0,0.3704,27.78,1.7926,0.35,0.2774,2.8571,30.03,3.47,0.0,14.28,15.35
2022-06-01 05:00:00,5,15,15,0.0,2.0,8.0,3.0,2.0,1.0,4,4,4,0,4,0,29.35,503.0,441.0,674.0,11.233,3.0,7.21,roster,0,40.0,37.5,0.3704,31.32,2.4794,0.375,0.5548,2.6667,32.17,3.47,0.0,15.67,16.85
2022-06-01 06:00:00,6,13,13,0.0,3.0,6.0,3.0,1.0,1.0,2,1,5,0,5,0,30.35,501.0,438.0,625.0,12.233,3.0,7.21,roster,0,37.0,32.5,0.3524,26.76,1.3198,0.325,0.1387,2.8462,27.88,4.34,0.0,14.53,15.625
2022-06-01 07:00:00,7,15,15,0.0,3.0,7.0,4.0,1.0,1.0,3,2,5,0,5,0,31.35,561.0,498.0,685.0,13.233,3.0,7.21,roster,0,42.0,37.5,0.4,32.44,1.8267,0.375,0.2774,2.8,32.17,4.34,0.0,15.93,17.125
2022-06-01 08:00:00,8,14,14,0.0,2.0,8.0,4.0,0.0,1.0,3,3,5,0,5,0,32.35,621.0,558.0,745.0,14.233,3.0,6.65,roster,0,40.0,35.0,0.381,31.69,2.2889,0.35,0.4511,2.8571,30.03,4.34,0.0,17.32,18.625
2022-06-01 09:00:00,9,13,13,1.0,2.0,8.0,2.0,0.0,1.0,8,5,2,0,2,0,33.35,859.5,805.0,914.0,15.233,3.0,6.65,roster,0,41.0,32.5,0.3596,30.87,3.3963,0.325,0.7519,3.1538,27.88,1.74,0.0,21.25,22.85
2022-06-01 10:00:00,10,17,17,1.0,4.0,10.0,2.0,0.0,1.0,10,5,3,0,3,0,34.35,116.0,67.0,974.0,16.233,4.0,9.97,roster,0,55.0,42.5,0.3716,41.72,2.9975,0.425,0.5015,3.2353,36.46,2.6,0.0,22.65,24.35
2022-06-01 11:00:00,11,24,24,2.0,7.0,14.0,1.0,0.0,1.0,13,12,4,0,4,0,35.35,151.5,127.0,1034.0,17.233,4.0,9.97,roster,0,82.0,60.0,0.5694,58.99,6.1623,0.6,1.2036,3.4167,51.48,3.47,0.0,24.04,25.85
2022-06-01 12:00:00,12,25,25,3.0,5.0,17.0,0.0,0.0,1.0,12,9,9,1,10,1,36.35,88.0,71.0,187.0,18.233,4.0,9.97,roster,0,86.0,62.5,0.7167,60.06,5.2553,0.625,0.9027,3.44,53.62,8.68,13.4,4.35,4.675
2022-06-01 13:00:00,13,34,34,3.0,5.0,25.0,0.0,1.0,1.0,16,15,10,3,13,3,37.35,126.0,85.0,145.0,19.233,4.0,9.97,roster,0,111.0,85.0,1.0278,107.79,7.6868,0.85,1.5045,3.2647,72.93,11.29,40.2,3.37,3.625
2022-06-01 14:00:00,14,34,34,2.0,5.0,26.0,1.0,0.0,1.0,8,7,12,3,15,3,38.35,168.0,132.0,199.0,20.233,4.0,9.97,roster,0,110.0,85.0,1.1,110.78,5.0215,0.85,0.7021,3.2353,72.93,13.02,40.2,4.63,4.975
2022-06-01 15:00:00,15,27,27,2.0,6.0,18.0,1.0,0.0,1.0,6,6,12,3,15,3,21.233,205.0,137.0,251.0,21.233,4.0,9.97,roster,0,90.0,67.5,0.9,96.98,4.256,0.675,0.6018,3.3333,57.92,13.02,40.2,5.84,6.275
2022-06-01 16:00:00,16,31,31,1.0,6.0,23.0,1.0,0.0,1.0,11,11,10,2,12,2,22.233,263.0,215.0,302.0,22.233,4.0,9.97,roster,0,100.0,77.5,0.8929,90.74,6.0591,0.775,1.1033,3.2258,66.5,10.42,26.8,7.02,7.55
2022-06-01 17:00:00,17,30,30,1.0,5.0,23.0,1.0,0.0,1.0,6,6,12,2,14,2,23.233,293.5,108.0,348.0,23.233,4.0,9.97,roster,0,96.0,75.0,0.9231,91.4,4.3258,0.75,0.6018,3.2,64.35,12.16,26.8,8.09,8.7
2022-06-01 18:00:00,18,26,26,1.0,6.0,18.0,0.0,1.0,1.0,8,7,10,2,12,2,24.233,321.5,158.0,408.0,24.233,4.0,9.97,roster,0,84.0,65.0,0.75,82.48,4.3683,0.65,0.7021,3.2308,55.77,10.42,26.8,9.49,10.2
2022-06-01 19:00:00,19,27,27,2.0,5.0,19.0,0.0,1.0,1.0,9,7,10,1,11,1,25.233,228.0,140.0,468.0,25.233,4.0,9.97,roster,0,88.0,67.5,0.7586,71.75,4.4883,0.675,0.7021,3.2593,57.92,9.55,13.4,10.88,11.7
2022-06-01 20:00:00,20,28,28,2.0,5.0,21.0,0.0,0.0,1.0,10,9,9,0,9,0,26.233,246.0,122.0,288.0,26.233,4.0,11.91,roster,0,93.0,70.0,0.75,54.57,4.8349,0.7,0.7557,3.3214,60.06,7.81,0.0,6.7,7.2
2022-06-01 21:00:00,21,33,33,2.0,5.0,25.0,1.0,0.0,1.0,12,12,8,1,9,1,27.233,182.0,123.0,348.0,27.233,4.0,11.91,roster,0,107.0,82.5,0.8629,80.09,5.9419,0.825,1.0076,3.2424,70.78,7.81,13.4,8.09,8.7
2022-06-01 22:00:00,22,29,29,2.0,4.0,22.0,1.0,0.0,1.0,4,3,8,2,10,2,28.233,178.0,105.0,398.0,28.233,3.0,8.59,roster,0,94.0,72.5,1.0444,86.94,3.482,0.725,0.3492,3.2414,62.2,8.68,26.8,9.25,9.95
2022-06-01 23:00:00,23,27,27,1.0,5.0,21.0,0.0,0.0,1.0,6,4,7,2,9,2,29.233,201.0,160.0,258.0,29.233,3.0,8.59,roster,0,88.0,67.5,0.9462,78.53,3.7177,0.675,0.4657,3.2593,57.92,7.81,26.8,6.0,6.45
2022-06-02 00:00:00,0,29,29,1.0,4.0,24.0,0.0,0.0,1.0,12,11,7,2,9,2,30.233,261.0,220.0,318.0,30.233,3.0,8.59,roster,0,93.0,72.5,1.0,84.21,6.4316,0.725,1.2806,3.2069,62.2,7.81,26.8,7.39,7.95
2022-06-02 01:00:00,1,24,24,1.0,4.0,16.0,1.0,2.0,1.0,4,4,9,3,12,3,31.233,278.0,84.0,378.0,31.233,3.0,8.59,roster,0,73.0,60.0,0.869,90.89,3.2414,0.6,0.4657,3.0417,51.48,10.42,40.2,8.79,9.45
2022-06-02 02:00:00,2,22,22,2.0,4.0,14.0,0.0,2.0,1.0,6,5,8,2,10,2,32.233,338.0,144.0,438.0,32.233,3.0,8.59,roster,0,70.0,55.0,0.7778,72.86,3.602,0.55,0.5821,3.1818,47.19,8.68,26.8,10.18,10.95
2022-06-02 03:00:00,3,24,24,2.0,4.0,14.0,3.0,1.0,1.0,5,5,9,2,11,2,33.233,396.0,197.0,498.0,33.233,3.0,8.59,roster,0,75.0,60.0,0.8621,79.41,3.694,0.6,0.5821,3.125,51.48,9.55,26.8,11.58,12.45
2022-06-02 04:00:00,4,22,22,2.0,4.0,11.0,4.0,1.0,1.0,2,2,9,2,11,2,34.233,456.0,257.0,558.0,34.233,3.0,8.59,roster,0,68.0,55.0,0.7816,76.51,2.4197,0.55,0.2328,3.0909,47.19,9.55,26.8,12.97,13.95
2022-06-02 05:00:00,5,19,19,2.0,4.0,10.0,2.0,1.0,1.0,2,1,9,2,11,2,35.233,516.0,317.0,618.0,35.233,3.0,8.59,roster,0,61.0,47.5,0.7011,71.47,1.8988,0.475,0.1164,3.2105,40.75,9.55,26.8,14.37,15.45
2022-06-02 06:00:00,6,22,22,3.0,4.0,11.0,1.0,3.0,1.0,4,4,9,2,11,2,36.233,576.0,377.0,678.0,36.233,3.0,8.59,roster,0,69.0,55.0,0.7931,79.3,3.1855,0.55,0.4657,3.1364,47.19,9.55,26.8,15.76,16.95
2022-06-02 07:00:00,7,19,19,2.0,3.0,10.0,1.0,3.0,1.0,2,2,10,1,11,1,37.233,636.0,426.0,738.0,37.233,3.0,8.59,roster,0,57.0,47.5,0.6552,60.86,2.1235,0.475,0.2328,3.0,40.75,9.55,13.4,17.16,18.45
2022-06-02 08:00:00,8,24,24,1.0,3.0,17.0,1.0,2.0,1.0,9,8,10,1,11,1,38.233,696.0,486.0,798.0,38.233,3.0,7.68,roster,0,72.0,60.0,0.8276,72.98,4.925,0.6,1.0417,3.0,51.48,9.55,13.4,18.55,19.95
2022-06-02 09:00:00,9,26,26,2.0,1.0,19.0,2.0,2.0,1.0,8,8,11,1,12,1,39.233,618.5,449.0,858.0,39.233,3.0,7.68,roster,0,77.0,65.0,0.9167,79.54,5.0099,0.65,1.0417,2.9615,55.77,10.42,13.4,19.95,21.45
2022-06-02 10:00:00,10,27,27,2.0,3.0,17.0,2.0,3.0,1.0,9,8,10,2,12,2,40.233,673.0,128.0,918.0,40.233,4.0,10.93,roster,0,80.0,67.5,0.7143,96.48,4.1687,0.675,0.7319,2.963,57.92,10.42,26.8,21.34,22.95
2022-06-02 11:00:00,11,26,26,2.0,6.0,13.0,2.0,3.0,1.0,9,9,11,2,13,2,41.233,666.0,160.0,880.0,41.233,4.0,10.93,roster,0,80.0,65.0,0.7407,94.32,4.5336,0.65,0.8234,3.0769,55.77,11.29,26.8,20.46,22.0
2022-06-02 12:00:00,12,31,31,3.0,5.0,18.0,4.0,1.0,1.0,10,9,11,2,13,2,42.233,726.0,162.0,940.0,42.233,4.0,10.93,roster,0,98.0,77.5,0.9074,106.44,5.0531,0.775,0.8234,3.1613,66.5,11.29,26.8,21.86,23.5
2022-06-02 13:00:00,13,36,36,2.0,8.0,23.0,2.0,1.0,1.0,11,12,9,2,11,2,43.233,297.0,162.0,996.0,43.233,4.0,10.93,roster,0,116.0,90.0,1.0,116.73,6.4377,0.9,1.0979,3.2222,77.22,9.55,26.8,23.16,24.9
2022-06-02 14:00:00,14,35,35,2.0,9.0,23.0,1.0,0.0,1.0,13,10,10,3,13,3,44.233,188.0,111.0,357.0,44.233,4.0,10.93,roster,0,117.0,87.5,1.0833,114.86,5.9834,0.875,0.9149,3.3429,75.08,11.29,40.2,8.3,8.925
2022-06-02 15:00:00,15,32,32,2.0,7.0,23.0,0.0,0.0,1.0,9,8,15,1,16,1,45.233,168.5,99.0,342.0,45.233,4.0,10.93,roster,0,107.0,80.0,1.1146,83.88,5.1224,0.8,0.7319,3.3438,68.64,13.89,13.4,7.95,8.55
2022-06-02 16:00:00,16,32,32,2.0,7.0,23.0,0.0,0.0,1.0,5,5,16,1,17,1,46.233,226.0,135.0,308.0,46.233,4.0,10.93,roster,0,107.0,80.0,1.163,83.96,4.2046,0.8,0.4575,3.3438,68.64,14.76,13.4,7.16,7.7
2022-06-02 17:00:00,17,33,33,2.0,7.0,22.0,1.0,1.0,1.0,7,6,17,1,18,1,47.233,279.5,186.0,368.0,47.233,4.0,10.93,roster,0,107.0,82.5,1.2159,88.37,4.4549,0.825,0.5489,3.2424,70.78,15.63,13.4,8.56,9.2
2022-06-02 18:00:00,18,36,36,1.0,8.0,24.0,2.0,1.0,1.0,9,8,17,0,17,0,48.233,279.0,242.0,355.0,48.233,4.0,10.93,roster,0,114.0,90.0,1.2391,80.23,5.1678,0.9,0.7319,3.1667,77.22,14.76,0.0,8.25,8.875
2022-06-02 19:00:00,19,26,26,1.0,5.0,18.0,1.0,0.0,0.962,9,5,13,0,13,0,49.233,302.0,141.0,406.0,49.233,4.0,10.93,roster,0,81.0,65.0,0.75,56.5,3.4502,0.65,0.4575,3.1154,55.77,11.29,0.0,9.44,10.15
2022-06-02 20:00:00,20,31,31,0.0,7.0,18.0,4.0,1.0,0.968,16,13,13,0,13,0,50.233,316.0,164.0,399.0,50.233,4.0,9.75,roster,0,91.0,77.5,0.8426,67.06,6.189,0.775,1.3333,2.9355,66.5,11.29,0.0,9.28,9.975
2022-06-02 21:00:00,21,37,37,0.0,6.0,21.0,9.0,1.0,1.0,16,13,13,0,13,0,51.233,376.0,224.0,459.0,51.233,4.0,9.75,roster,0,106.0,92.5,0.9815,81.32,6.4698,0.925,1.3333,2.8649,79.36,11.29,0.0,10.67,11.475
2022-06-02 22:00:00,22,28,28,0.0,7.0,18.0,3.0,0.0,1.0,11,10,8,0,8,0,8.65,274.0,168.0,482.0,8.65,3.0,6.5,roster,0,88.0,70.0,0.9167,58.21,7.0352,0.7,1.5385,3.1429,60.06,6.95,0.0,11.21,12.05
2022-06-02 23:00:00,23,24,24,0.0,6.0,16.0,2.0,0.0,1.0,10,5,8,0,8,0,9.65,193.5,131.0,542.0,9.65,3.0,6.5,roster,0,76.0,60.0,0.7917,51.03,4.3359,0.6,0.7692,3.1667,51.48,6.95,0.0,12.6,13.55
2022-06-03 00:00:00,0,24,24,0.0,7.0,15.0,1.0,1.0,1.0,7,5,8,0,8,0,10.65,253.5,191.0,602.0,10.65,3.0,6.5,roster,0,76.0,60.0,0.7917,52.42,4.3359,0.6,0.7692,3.1667,51.48,6.95,0.0,14.0,15.05
2022-06-03 01:00:00,1,26,26,0.0,6.0,16.0,3.0,1.0,1.0,10,8,9,0,9,0,11.65,279.0,202.0,501.0,11.65,3.0,6.5,roster,0,79.0,65.0,0.8495,55.23,5.7146,0.65,1.2308,3.0385,55.77,7.81,0.0,11.65,12.525
2022-06-03 02:00:00,2,26,26,0.0,6.0,16.0,3.0,1.0,1.0,3,4,11,0,11,0,12.65,311.0,134.0,561.0,12.65,3.0,6.5,roster,0,79.0,65.0,0.908,58.36,3.8448,0.65,0.6154,3.0385,55.77,9.55,0.0,13.04,14.025
2022-06-03 03:00:00,3,28,28,0.0,7.0,17.0,3.0,1.0,1.0,4,4,12,0,12,0,13.65,346.5,194.0,621.0,13.65,3.0,6.5,roster,0,86.0,70.0,1.0238,64.92,4.0401,0.7,0.6154,3.0714,60.06,10.42,0.0,14.44,15.525
2022-06-03 04:00:00,4,30,30,1.0,6.0,19.0,3.0,1.0,1.0,4,5,12,0,12,0,14.65,406.5,254.0,681.0,14.65,3.0,6.5,roster,0,93.0,75.0,1.1071,70.6,4.7096,0.75,0.7692,3.1,64.35,10.42,0.0,15.83,17.025
2022-06-03 05:00:00,5,28,28,1.0,5.0,18.0,3.0,1.0,1.0,5,4,12,0,12,0,15.65,466.5,314.0,741.0,15.65,3.0,6.5,roster,0,86.0,70.0,1.0238,67.71,4.0401,0.7,0.6154,3.0714,60.06,10.42,0.0,17.23,18.525
2022-06-03 06:00:00,6,25,25,0.0,5.0,16.0,3.0,1.0,1.0,4,4,12,0,12,0,16.65,526.5,374.0,801.0,16.65,3.0,6.5,roster,0,75.0,62.5,0.8929,62.67,3.7212,0.625,0.6154,3.0,53.62,10.42,0.0,18.62,20.025
2022-06-03 07:00:00,7,25,25,0.0,4.0,18.0,2.0,1.0,1.0,6,4,11,0,11,0,17.65,562.0,395.0,861.0,17.65,3.0,6.5,roster,0,75.0,62.5,0.8621,63.19,3.7212,0.625,0.6154,3.0,53.62,9.55,0.0,20.02,21.525
2022-06-03 08:00:00,8,29,29,0.0,5.0,19.0,3.0,2.0,1.0,7,7,11,0,11,0,18.65,622.0,455.0,921.0,18.65,3.0,7.06,roster,0,85.0,72.5,0.977,73.17,5.0311,0.725,0.9915,2.931,62.2,9.55,0.0,21.41,23.025
2022-06-03 09:00:00,9,23,23,2.0,5.0,16.0,0.0,0.0,1.0,9,6,8,0,8,0,19.65,598.5,463.0,1142.0,19.65,3.0,7.06,roster,0,78.0,57.5,0.8125,62.83,4.8321,0.575,0.8499,3.3913,49.33,6.95,0.0,26.55,28.55
2022-06-03 10:00:00,10,29,29,2.0,6.0,19.0,2.0,0.0,1.0,12,10,11,0,11,0,20.65,132.0,99.0,819.0,20.65,4.0,10.76,roster,0,95.0,72.5,0.819,70.8,5.4195,0.725,0.9294,3.2759,62.2,9.55,0.0,19.04,20.475
2022-06-03 11:00:00,11,28,28,2.0,4.0,18.0,4.0,0.0,1.0,9,7,11,0,11,0,21.65,176.0,126.0,802.0,21.65,4.0,10.76,roster,0,88.0,70.0,0.7586,68.26,4.2446,0.7,0.6506,3.1429,60.06,9.55,0.0,18.65,20.05
2022-06-03 12:00:00,12,26,26,1.0,5.0,19.0,1.0,0.0,1.0,6,5,11,0,11,0,22.65,236.0,137.0,862.0,22.65,4.0,10.76,roster,0,84.0,65.0,0.7241,65.36,3.6013,0.65,0.4647,3.2308,55.77,9.55,0.0,20.04,21.55
2022-06-03 13:00:00,13,31,31,1.0,6.0,23.0,1.0,0.0,1.0,12,12,9,0,9,0,23.65,279.0,189.0,306.0,23.65,4.0,10.76,roster,0,100.0,77.5,0.8065,61.42,6.0976,0.775,1.1152,3.2258,66.5,7.81,0.0,7.11,7.65
2022-06-03 14:00:00,14,36,36,1.0,6.0,25.0,3.0,1.0,1.0,17,12,9,0,9,0,18.733,249.0,122.0,339.0,6.1,4.0,10.76,roster,0,111.0,90.0,0.8952,72.92,6.2137,0.9,1.1152,3.0833,77.22,7.81,0.0,7.88,8.475
2022-06-03 15:00:00,15,33,33,1.0,4.0,25.0,3.0,0.0,1.0,9,6,9,1,10,1,19.733,293.0,105.0,399.0,7.1,4.0,10.76,roster,0,102.0,82.5,0.85,82.14,4.2736,0.825,0.5576,3.0909,70.78,8.68,13.4,9.28,9.975
2022-06-03 16:00:00,16,30,30,2.0,5.0,21.0,2.0,0.0,1.0,10,8,10,1,11,1,20.733,337.0,128.0,459.0,8.1,4.0,10.76,roster,0,97.0,75.0,0.8362,77.97,4.829,0.75,0.7435,3.2333,64.35,9.55,13.4,10.67,11.475
2022-06-03 17:00:00,17,32,32,2.0,5.0,24.0,1.0,0.0,1.0,11,11,12,1,13,1,21.733,289.0,126.0,486.0,9.1,4.0,10.76,roster,0,104.0,80.0,0.963,84.63,5.9225,0.8,1.0223,3.25,68.64,11.29,13.4,11.3,12.15
2022-06-03 18:00:00,18,30,30,2.0,4.0,22.0,2.0,0.0,1.0,12,8,12,1,13,1,22.733,349.0,186.0,546.0,10.1,4.0,10.76,roster,0,96.0,75.0,0.8889,81.73,4.7792,0.75,0.7435,3.2,64.35,11.29,13.4,12.69,13.65
2022-06-03 19:00:00,19,25,25,2.0,4.0,17.0,2.0,0.0,1.0,11,9,10,0,10,0,23.733,273.5,119.0,549.0,11.1,4.0,10.76,roster,0,81.0,62.5,0.675,55.07,4.735,0.625,0.8364,3.24,53.62,8.68,0.0,12.76,13.725
2022-06-03 20:00:00,20,28,28,2.0,5.0,20.0,1.0,0.0,1.0,11,10,11,1,12,1,24.733,142.0,79.0,577.0,12.1,4.0,11.03,roster,0,92.0,70.0,0.8214,77.29,5.2789,0.7,0.9066,3.2857,60.06,10.42,13.4,13.42,14.425
2022-06-03 21:00:00,21,23,23,2.0,6.0,14.0,1.0,0.0,1.0,6,6,12,0,12,0,13.1,202.0,135.0,637.0,13.1,4.0,11.03,roster,0,78.0,57.5,0.6964,54.56,3.7948,0.575,0.544,3.3913,49.33,10.42,0.0,14.81,15.925
2022-06-03 22:00:00,22,22,22,3.0,6.0,13.0,0.0,0.0,1.0,7,6,9,0,9,0,14.1,263.0,142.0,419.0,14.1,3.0,7.33,roster,0,78.0,55.0,0.8387,44.75,4.8521,0.55,0.8186,3.5455,47.19,7.81,0.0,9.74,10.475
2022-06-03 23:00:00,23,24,24,4.0,5.0,15.0,0.0,0.0,1.0,11,9,8,1,9,1,15.1,202.0,175.0,479.0,15.1,3.0,7.33,roster,0,85.0,60.0,0.914,63.83,6.4736,0.6,1.2278,3.5417,51.48,7.81,13.4,11.14,11.975
2022-06-04 00:00:00,0,29,29,3.0,5.0,20.0,1.0,0.0,1.0,8,8,10,1,11,1,16.1,259.0,82.0,539.0,16.1,3.0,7.33,roster,0,97.0,72.5,1.1149,77.69,6.0756,0.725,1.0914,3.3448,62.2,9.55,13.4,12.53,13.475
2022-06-04 01:00:00,1,26,26,3.0,5.0,16.0,2.0,0.0,1.0,3,2,11,1,12,1,17.1,307.0,142.0,599.0,17.1,3.0,7.33,roster,0,87.0,65.0,1.0357,73.52,3.088,0.65,0.2729,3.3462,55.77,10.42,13.4,13.93,14.975
2022-06-04 02:00:00,2,22,22,3.0,6.0,12.0,1.0,0.0,1.0,2,2,11,0,11,0,18.1,379.0,202.0,659.0,18.1,3.0,7.33,roster,0,77.0,55.0,0.8851,52.06,2.88,0.55,0.2729,3.5,47.19,9.55,0.0,15.32,16.475
2022-06-04 03:00:00,3,24,24,3.0,6.0,14.0,1.0,0.0,1.0,5,5,11,0,11,0,19.1,439.0,262.0,719.0,19.1,3.0,7.33,roster,0,83.0,60.0,0.954,57.75,4.434,0.6,0.6821,3.4583,51.48,9.55,0.0,16.72,17.975
2022-06-04 04:00:00,4,20,20,3.0,6.0,11.0,0.0,0.0,1.0,1,1,11,0,11,0,20.1,499.0,322.0,779.0,20.1,3.0,7.33,roster,0,72.0,50.0,0.8276,50.56,2.2911,0.5,0.1364,3.6,42.9,9.55,0.0,18.11,19.475
2022-06-04 05:00:00,5,24,24,3.0,7.0,13.0,1.0,0.0,1.0,4,4,11,0,11,0,21.1,559.0,382.0,839.0,21.1,3.0,7.33,roster,0,84.0,60.0,0.9655,60.54,4.01,0.6,0.5457,3.5,51.48,9.55,0.0,19.51,20.975
2022-06-04 06:00:00,6,22,22,4.0,6.0,12.0,0.0,0.0,1.0,3,2,11,0,11,0,22.1,619.0,442.0,899.0,22.1,3.0,7.33,roster,0,80.0,55.0,0.9195,57.64,2.9922,0.55,0.2729,3.6364,47.19,9.55,0.0,20.9,22.475
2022-06-04 07:00:00,7,23,23,4.0,5.0,13.0,1.0,0.0,1.0,3,3,12,0,12,0,23.1,667.0,502.0,959.0,23.1,3.0,7.33,roster,0,81.0,57.5,0.9643,62.05,3.4664,0.575,0.4093,3.5217,49.33,10.42,0.0,22.3,23.975
2022-06-04 08:00:00,8,21,21,3.0,5.0,12.0,1.0,0.0,1.0,10,5,13,0,13,0,24.1,715.0,540.0,910.0,24.1,3.0,7.51,roster,0,73.0,52.5,0.9012,57.49,4.1394,0.525,0.6658,3.4762,45.04,11.29,0.0,21.16,22.75
2022-06-04 09:00:00,9,25,25,3.0,6.0,15.0,1.0,0.0,1.0,7,6,14,0,14,0,25.1,724.0,599.0,970.0,25.1,3.0,7.51,roster,0,86.0,62.5,1.1026,68.33,4.8983,0.625,0.7989,3.44,53.62,12.16,0.0,22.55,24.25
2022-06-04 10:00:00,10,30,30,4.0,7.0,18.0,1.0,0.0,1.0,11,8,15,1,16,1,26.1,707.5,243.0,1030.0,26.1,4.0,10.76,roster,0,104.0,75.0,1.0833,95.59,5.1774,0.75,0.7435,3.4667,64.35,13.89,13.4,23.95,25.75
2022-06-04 11:00:00,11,30,30,4.0,7.0,19.0,0.0,0.0,1.0,17,10,11,2,13,2,26.933,720.0,162.0,919.0,26.933,4.0,10.76,roster,0,105.0,75.0,0.9722,103.8,5.8778,0.75,0.9294,3.5,64.35,11.29,26.8,21.37,22.975
2022-06-04 12:00:00,12,24,24,5.0,4.0,15.0,0.0,0.0,1.0,7,3,14,2,16,2,27.933,292.5,128.0,955.0,27.933,4.0,10.76,roster,0,86.0,60.0,0.8958,94.38,3.1491,0.6,0.2788,3.5833,51.48,13.89,26.8,22.2,23.875
2022-06-04 13:00:00,13,31,31,7.0,6.0,16.0,1.0,1.0,1.0,15,9,15,2,17,2,28.933,282.0,165.0,862.0,28.933,4.0,10.76,roster,0,110.0,77.5,1.1957,108.1,5.718,0.775,0.8364,3.5484,66.5,14.76,26.8,20.04,21.55
2022-06-04 14:00:00,14,32,32,7.0,3.0,22.0,0.0,0.0,1.0,13,12,13,2,15,2,29.933,301.0,140.0,900.0,29.933,4.0,10.76,roster,0,113.0,80.0,1.13,109.39,6.7632,0.8,1.1152,3.5312,68.64,13.02,26.8,20.92,22.5
2022-06-04 15:00:00,15,31,31,7.0,4.0,20.0,0.0,0.0,1.0,8,6,13,2,15,2,30.933,344.0,159.0,959.0,30.933,4.0,10.76,roster,0,111.0,77.5,1.11,108.62,4.7716,0.775,0.5576,3.5806,66.5,13.02,26.8,22.3,23.975
2022-06-04 16:00:00,16,32,32,7.0,4.0,21.0,0.0,0.0,1.0,9,8,16,1,17,1,31.933,306.0,180.0,603.0,31.933,4.0,10.76,roster,0,114.0,80.0,1.2391,90.82,5.4987,0.8,0.7435,3.5625,68.64,14.76,13.4,14.02,15.075
2022-06-04 17:00:00,17,36,36,7.0,7.0,20.0,0.0,2.0,1.0,7,7,19,1,20,1,32.933,299.5,173.0,663.0,32.933,4.0,10.76,roster,0,125.0,90.0,1.5625,103.4,5.3839,0.9,0.6506,3.4722,77.22,17.37,13.4,15.41,16.575
2022-06-04 18:00:00,18,31,31,5.0,6.0,18.0,0.0,2.0,1.0,8,6,20,1,21,1,33.933,339.0,143.0,541.0,33.933,4.0,10.76,roster,0,105.0,77.5,1.3816,90.71,4.5137,0.775,0.5576,3.3871,66.5,18.23,13.4,12.58,13.525
2022-06-04 19:00:00,19,26,26,2.0,7.0,15.0,2.0,0.0,1.0,11,9,12,0,12,0,8.75,200.5,139.0,399.0,8.75,4.0,10.76,roster,0,87.0,65.0,0.7768,55.47,4.9738,0.65,0.8364,3.3462,55.77,10.42,0.0,9.28,9.975
2022-06-04 20:00:00,20,18,18,1.0,4.0,13.0,0.0,0.0,1.0,6,6,9,0,9,0,7.067,199.0,136.0,258.0,7.067,4.0,10.46,roster,0,60.0,45.0,0.4839,32.42,3.412,0.45,0.5736,3.3333,38.61,7.81,0.0,6.0,6.45
2022-06-04 21:00:00,21,18,18,1.0,4.0,12.0,0.0,1.0,1.0,8,6,8,0,8,0,8.067,227.5,148.0,318.0,8.067,4.0,10.46,roster,0,58.0,45.0,0.4531,32.95,3.2983,0.45,0.5736,3.2222,38.61,6.95,0.0,7.39,7.95
2022-06-04 22:00:00,22,23,23,1.0,6.0,14.0,0.0,2.0,1.0,11,11,9,0,9,0,9.067,256.0,141.0,350.0,9.067,3.0,7.21,roster,0,73.0,57.5,0.7849,45.29,6.6673,0.575,1.5257,3.1739,49.33,7.81,0.0,8.14,8.75
2022-06-04 23:00:00,23,23,23,0.0,4.0,17.0,0.0,2.0,1.0,12,10,8,0,8,0,7.3,153.0,110.0,268.0,7.3,3.0,7.21,roster,0,69.0,57.5,0.7188,42.51,5.8859,0.575,1.387,3.0,49.33,6.95,0.0,6.23,6.7
2022-06-05 00:00:00,0,27,27,0.0,5.0,19.0,0.0,3.0,1.0,9,8,8,0,8,0,8.3,213.0,170.0,328.0,8.3,3.0,7.21,roster,0,80.0,67.5,0.8333,52.49,5.2876,0.675,1.1096,2.963,57.92,6.95,0.0,7.63,8.2
2022-06-05 01:00:00,1,30,30,0.0,4.0,23.0,2.0,1.0,1.0,8,8,9,0,9,0,6.467,201.0,115.0,295.0,6.467,3.0,7.21,roster,0,90.0,75.0,0.9677,59.02,5.5787,0.75,1.1096,3.0,64.35,7.81,0.0,6.86,7.375
2022-06-05 02:00:00,2,32,32,0.0,4.0,25.0,2.0,1.0,1.0,10,8,9,0,9,0,7.467,261.0,175.0,355.0,7.467,3.0,7.21,roster,0,96.0,80.0,1.0323,64.71,5.7287,0.8,1.1096,3.0,68.64,7.81,0.0,8.25,8.875
2022-06-05 03:00:00,3,27,27,0.0,4.0,21.0,1.0,1.0,1.0,4,4,8,0,8,0,8.467,335.5,305.0,441.0,8.467,3.0,7.21,roster,0,82.0,67.5,0.8542,55.11,3.7349,0.675,0.5548,3.037,57.92,6.95,0.0,10.25,11.025
2022-06-05 04:00:00,4,23,23,0.0,4.0,19.0,0.0,0.0,1.0,4,4,7,0,7,0,9.467,410.0,365.0,501.0,9.467,3.0,7.21,roster,0,73.0,57.5,0.7374,47.06,3.5858,0.575,0.5548,3.1739,49.33,6.08,0.0,11.65,12.525
2022-06-05 05:00:00,5,19,19,0.0,3.0,15.0,0.0,1.0,1.0,2,1,7,0,7,0,10.467,470.0,425.0,561.0,10.467,3.0,7.21,roster,0,58.0,47.5,0.5859,39.88,1.8734,0.475,0.1387,3.0526,40.75,6.08,0.0,13.04,14.025
2022-06-05 06:00:00,6,19,19,0.0,3.0,15.0,1.0,0.0,1.0,8,5,7,0,7,0,11.467,530.0,485.0,621.0,11.467,3.0,7.21,roster,0,59.0,47.5,0.596,41.27,3.6284,0.475,0.6935,3.1053,40.75,6.08,0.0,14.44,15.525
2022-06-05 07:00:00,7,18,18,0.0,3.0,15.0,0.0,0.0,1.0,3,2,8,0,8,0,12.467,575.5,545.0,681.0,12.467,3.0,7.21,roster,0,57.0,45.0,0.5938,41.39,2.3034,0.45,0.2774,3.1667,38.61,6.95,0.0,15.83,17.025
2022-06-05 08:00:00,8,17,17,0.0,3.0,14.0,0.0,0.0,1.0,2,2,8,0,8,0,13.467,635.5,605.0,741.0,13.467,3.0,6.36,roster,0,54.0,42.5,0.5625,40.64,2.3489,0.425,0.3145,3.1765,36.46,6.95,0.0,17.23,18.525
2022-06-05 09:00:00,9,13,13,0.0,3.0,10.0,0.0,0.0,1.0,7,5,4,0,4,0,13.35,720.0,665.0,801.0,13.35,3.0,6.36,roster,0,42.0,32.5,0.3889,29.98,3.5899,0.325,0.7862,3.2308,27.88,3.47,0.0,18.62,20.025
2022-06-05 10:00:00,10,20,20,0.0,4.0,14.0,1.0,1.0,1.0,16,11,5,0,5,0,14.35,725.0,125.0,835.0,14.35,4.0,10.33,roster,0,61.0,50.0,0.4357,46.66,4.7728,0.5,1.0649,3.05,42.9,4.34,0.0,19.41,20.875
2022-06-05 11:00:00,11,21,21,0.0,4.0,12.0,3.0,2.0,1.0,15,12,7,0,7,0,15.35,185.0,90.0,895.0,15.35,4.0,10.33,roster,0,60.0,52.5,0.4545,51.93,4.819,0.525,1.1617,2.8571,45.04,6.08,0.0,20.81,22.375
2022-06-05 12:00:00,12,25,25,0.0,7.0,15.0,1.0,2.0,1.0,18,14,9,0,9,0,16.35,237.0,131.0,845.0,16.35,4.0,10.33,roster,0,77.0,62.5,0.621,61.09,6.0992,0.625,1.3553,3.08,53.62,7.81,0.0,19.65,21.125
2022-06-05 13:00:00,13,30,30,0.0,8.0,20.0,1.0,1.0,1.0,11,9,13,0,13,0,17.35,191.0,118.0,305.0,17.35,4.0,10.33,roster,0,95.0,75.0,0.8796,62.73,5.134,0.75,0.8712,3.1667,64.35,11.29,0.0,7.09,7.625
2022-06-05 14:00:00,14,28,28,1.0,8.0,18.0,1.0,0.0,1.0,14,12,13,0,13,0,17.917,178.0,130.0,357.0,17.917,4.0,10.33,roster,0,93.0,70.0,0.8611,59.65,6.1834,0.7,1.1617,3.3214,60.06,11.29,0.0,8.3,8.925
2022-06-05 15:00:00,15,29,29,2.0,7.0,18.0,2.0,0.0,1.0,17,11,12,1,13,1,18.917,197.0,136.0,250.0,18.917,4.0,10.33,roster,0,96.0,72.5,0.8889,72.71,5.9251,0.725,1.0649,3.3103,62.2,11.29,13.4,5.81,6.25
2022-06-05 16:00:00,16,23,23,2.0,5.0,15.0,1.0,0.0,1.0,12,8,10,1,11,1,19.917,196.0,143.0,310.0,19.917,4.0,10.33,roster,0,77.0,57.5,0.6638,59.49,4.5177,0.575,0.7744,3.3478,49.33,9.55,13.4,7.21,7.75
2022-06-05 17:00:00,17,27,27,0.0,3.0,23.0,1.0,0.0,1.0,14,9,11,0,11,0,20.917,256.0,134.0,370.0,20.917,4.0,10.33,roster,0,83.0,67.5,0.7155,56.07,4.7533,0.675,0.8712,3.0741,57.92,9.55,0.0,8.6,9.25
2022-06-05 18:00:00,18,23,23,0.0,2.0,20.0,1.0,0.0,1.0,8,5,10,0,10,0,21.917,296.0,194.0,430.0,21.917,4.0,10.33,roster,0,70.0,57.5,0.5833,48.02,3.2231,0.575,0.484,3.0435,49.33,8.68,0.0,10.0,10.75
2022-06-05 19:00:00,19,23,23,0.0,2.0,20.0,1.0,0.0,1.0,16,10,8,0,8,0,22.917,349.5,254.0,665.0,22.917,4.0,10.33,roster,0,70.0,57.5,0.5469,51.74,4.6963,0.575,0.9681,3.0435,49.33,6.95,0.0,15.46,16.625
2022-06-05 20:00:00,20,23,23,0.0,2.0,20.0,1.0,0.0,1.0,11,8,7,0,7,0,23.917,383.0,97.0,725.0,23.917,4.0,12.03,roster,0,70.0,57.5,0.5303,52.27,3.7739,0.575,0.665,3.0435,49.33,6.08,0.0,16.86,18.125
2022-06-05 21:00:00,21,30,30,0.0,3.0,25.0,2.0,0.0,1.0,16,15,7,0,7,0,24.917,157.0,82.0,785.0,24.917,4.0,12.03,roster,0,91.0,75.0,0.6894,68.68,6.0572,0.75,1.2469,3.0333,64.35,6.08,0.0,18.25,19.625
2022-06-05 22:00:00,22,26,26,0.0,4.0,21.0,1.0,0.0,1.0,11,12,5,0,5,0,25.917,556.0,142.0,845.0,25.917,3.0,8.06,roster,0,81.0,65.0,0.7714,59.76,6.6633,0.65,1.4888,3.1154,55.77,4.34,0.0,19.65,21.125
2022-06-05 23:00:00,23,19,19,0.0,5.0,14.0,0.0,0.0,1.0,13,8,7,0,7,0,26.917,202.0,99.0,905.0,26.917,3.0,8.06,roster,0,62.0,47.5,0.6263,47.87,4.7889,0.475,0.9926,3.2632,40.75,6.08,0.0,21.04,22.625
2022-06-06 00:00:00,0,19,19,0.0,6.0,11.0,0.0,2.0,1.0,7,5,9,0,9,0,27.917,224.0,115.0,676.0,27.917,3.0,8.06,roster,0,59.0,47.5,0.6344,44.29,3.4013,0.475,0.6203,3.1053,40.75,7.81,0.0,15.72,16.9
2022-06-06 01:00:00,1,20,20,0.0,6.0,10.0,2.0,2.0,1.0,8,8,10,0,10,0,28.917,251.5,146.0,736.0,28.917,3.0,8.06,roster,0,60.0,50.0,0.6667,48.7,4.4777,0.5,0.9926,3.0,42.9,8.68,0.0,17.11,18.4
2022-06-06 02:00:00,2,14,14,0.0,6.0,8.0,0.0,0.0,1.0,2,2,9,0,9,0,29.917,344.0,235.0,796.0,29.917,3.0,8.06,roster,0,48.0,35.0,0.5161,36.35,2.0508,0.35,0.2481,3.4286,30.03,7.81,0.0,18.51,19.9
2022-06-06 03:00:00,3,16,16,1.0,6.0,9.0,0.0,0.0,1.0,4,3,9,0,9,0,30.917,404.0,254.0,856.0,30.917,3.0,8.06,roster,0,56.0,40.0,0.6022,42.04,2.7027,0.4,0.3722,3.5,34.32,7.81,0.0,19.9,21.4
2022-06-06 04:00:00,4,16,16,1.0,6.0,9.0,0.0,0.0,1.0,3,2,10,0,10,0,31.917,431.5,271.0,916.0,31.917,3.0,8.06,roster,0,56.0,40.0,0.6222,44.3,2.2685,0.4,0.2481,3.5,34.32,8.68,0.0,21.3,22.9
2022-06-06 05:00:00,5,17,17,1.0,6.0,10.0,0.0,0.0,1.0,1,1,11,0,11,0,32.917,459.0,183.0,976.0,32.917,3.0,8.06,roster,0,59.0,42.5,0.6782,48.71,1.9056,0.425,0.1241,3.4706,36.46,9.55,0.0,22.69,24.4
2022-06-06 06:00:00,6,18,18,1.0,7.0,10.0,0.0,0.0,1.0,2,1,11,0,11,0,33.917,519.0,243.0,1036.0,33.917,3.0,8.06,roster,0,63.0,45.0,0.7241,52.25,2.0092,0.45,0.1241,3.5,38.61,9.55,0.0,24.09,25.9
2022-06-06 07:00:00,7,20,20,1.0,7.0,11.0,1.0,0.0,1.0,4,4,11,1,12,1,34.917,536.5,303.0,1096.0,34.917,3.0,8.06,roster,0,68.0,50.0,0.8095,72.2,3.3873,0.5,0.4963,3.4,42.9,10.42,13.4,25.48,27.4
2022-06-06 08:00:00,8,20,20,1.0,7.0,11.0,1.0,0.0,1.0,3,3,12,1,13,1,35.917,554.0,323.0,742.0,35.917,3.0,6.3,roster,0,68.0,50.0,0.8395,64.84,3.319,0.5,0.4762,3.4,42.9,11.29,13.4,17.25,18.55
2022-06-06 09:00:00,9,26,26,4.0,7.0,10.0,4.0,1.0,1.0,12,11,10,1,11,1,36.917,423.0,197.0,802.0,36.917,3.0,6.3,roster,0,87.0,65.0,1.0,77.37,8.0175,0.65,1.746,3.3462,55.77,9.55,13.4,18.65,20.05
2022-06-06 10:00:00,10,29,29,3.0,7.0,15.0,2.0,2.0,1.0,17,11,11,2,13,2,37.917,443.0,128.0,824.0,37.917,4.0,9.39,roster,0,94.0,72.5,0.8704,99.45,6.1471,0.725,1.1715,3.2414,62.2,11.29,26.8,19.16,20.6
2022-06-06 11:00:00,11,30,30,3.0,8.0,16.0,3.0,0.0,1.0,10,8,12,1,13,1,38.917,503.0,188.0,884.0,38.917,4.0,9.39,roster,0,101.0,75.0,0.9352,89.59,5.3933,0.75,0.852,3.3667,64.35,11.29,13.4,20.55,22.1
2022-06-06 12:00:00,12,32,32,3.0,9.0,17.0,3.0,0.0,1.0,15,9,11,2,13,2,39.917,485.0,229.0,944.0,39.917,4.0,9.39,roster,0,108.0,80.0,1.0,108.68,5.9348,0.8,0.9585,3.375,68.64,11.29,26.8,21.95,23.6
2022-06-06 13:00:00,13,35,35,3.0,10.0,17.0,5.0,0.0,1.0,14,10,11,2,13,2,40.917,308.0,160.0,623.0,40.917,4.0,9.39,roster,0,116.0,87.5,1.0741,107.65,6.4296,0.875,1.065,3.3143,75.08,11.29,26.8,14.48,15.575
2022-06-06 14:00:00,14,40,40,4.0,10.0,21.0,5.0,0.0,1.0,12,11,12,2,14,2,41.917,235.5,144.0,605.0,41.917,4.0,9.39,roster,0,133.0,100.0,1.2788,118.82,7.2201,1.0,1.1715,3.325,85.8,12.16,26.8,14.07,15.125
2022-06-06 15:00:00,15,42,42,4.0,10.0,23.0,4.0,1.0,1.0,15,10,17,2,19,2,42.917,204.0,94.0,517.0,42.917,4.0,9.39,roster,0,138.0,105.0,1.6429,125.41,6.9492,1.05,1.065,3.2857,90.09,16.5,26.8,12.02,12.925
2022-06-06 16:00:00,16,32,32,6.0,8.0,14.0,3.0,1.0,1.0,8,7,12,2,14,2,43.917,268.0,146.0,577.0,43.917,4.0,9.39,roster,0,111.0,80.0,1.0673,101.01,5.3609,0.8,0.7455,3.4688,68.64,12.16,26.8,13.42,14.425
2022-06-06 17:00:00,17,34,34,6.0,7.0,14.0,7.0,0.0,1.0,11,10,13,2,15,2,44.917,296.0,173.0,637.0,44.917,4.0,9.39,roster,0,114.0,85.0,1.14,107.56,6.4208,0.85,1.065,3.3529,72.93,13.02,26.8,14.81,15.925
2022-06-06 18:00:00,18,29,29,6.0,6.0,12.0,5.0,0.0,1.0,8,6,12,2,14,2,45.917,311.0,233.0,697.0,45.917,4.0,9.39,roster,0,100.0,72.5,0.9615,97.37,4.7034,0.725,0.639,3.4483,62.2,12.16,26.8,16.21,17.425
2022-06-06 19:00:00,19,27,27,6.0,6.0,10.0,5.0,0.0,1.0,5,5,12,2,14,2,46.917,303.5,121.0,757.0,46.917,4.0,9.39,roster,0,94.0,67.5,0.9038,94.47,4.2038,0.675,0.5325,3.4815,57.92,12.16,26.8,17.6,18.925
2022-06-06 20:00:00,20,27,27,5.0,5.0,11.0,6.0,0.0,1.0,8,8,11,1,12,1,31.267,271.5,175.0,817.0,31.267,4.0,10.42,roster,0,90.0,67.5,0.8036,80.73,4.8092,0.675,0.7678,3.3333,57.92,10.42,13.4,19.0,20.425
2022-06-06 21:00:00,21,29,29,4.0,7.0,12.0,6.0,0.0,1.0,9,5,15,1,16,1,32.267,227.5,119.0,769.0,32.267,4.0,10.42,roster,0,96.0,72.5,1.0,87.38,3.9885,0.725,0.4798,3.3103,62.2,13.89,13.4,17.88,19.225
2022-06-06 22:00:00,22,30,30,3.0,4.0,18.0,5.0,0.0,1.0,9,8,15,1,16,1,33.267,201.5,145.0,394.0,33.267,3.0,7.33,roster,0,95.0,75.0,1.3194,80.8,5.8311,0.75,1.0914,3.1667,64.35,13.89,13.4,9.16,9.85
2022-06-06 23:00:00,23,30,30,4.0,4.0,17.0,5.0,0.0,1.0,9,9,14,1,15,1,30.383,207.0,124.0,449.0,16.617,3.0,7.33,roster,0,97.0,75.0,1.2933,81.21,6.395,0.75,1.2278,3.2333,64.35,13.02,13.4,10.44,11.225
2022-06-07 00:00:00,0,28,28,3.0,4.0,17.0,4.0,0.0,1.0,7,4,13,1,14,1,31.383,296.5,244.0,509.0,17.617,3.0,7.33,roster,0,90.0,70.0,1.1538,77.45,4.004,0.7,0.5457,3.2143,60.06,12.16,13.4,11.83,12.725
2022-06-07 01:00:00,1,25,25,3.0,4.0,14.0,4.0,0.0,1.0,4,4,12,1,13,1,32.383,386.0,322.0,569.0,18.617,3.0,7.33,roster,0,81.0,62.5,1.0,71.54,3.7931,0.625,0.5457,3.24,53.62,11.29,13.4,13.23,14.225
2022-06-07 02:00:00,2,26,26,4.0,5.0,13.0,4.0,0.0,1.0,2,2,13,1,14,1,33.383,416.5,364.0,629.0,19.617,3.0,7.33,roster,0,87.0,65.0,1.1154,75.95,3.088,0.65,0.2729,3.3462,55.77,12.16,13.4,14.62,15.725
2022-06-07 03:00:00,3,23,23,4.0,4.0,11.0,4.0,0.0,1.0,2,2,14,1,15,1,34.383,447.0,364.0,689.0,20.617,3.0,7.33,roster,0,77.0,57.5,1.0267,71.78,2.8385,0.575,0.2729,3.3478,49.33,13.02,13.4,16.02,17.225
2022-06-07 04:00:00,4,25,25,4.0,4.0,13.0,4.0,0.0,1.0,2,2,14,1,15,1,35.383,507.0,424.0,749.0,21.617,3.0,7.33,roster,0,83.0,62.5,1.1067,77.46,2.9809,0.625,0.2729,3.32,53.62,13.02,13.4,17.41,18.725
2022-06-07 05:00:00,5,28,28,4.0,4.0,16.0,4.0,0.0,1.0,4,4,14,1,15,1,36.383,567.0,484.0,809.0,22.617,3.0,7.33,roster,0,92.0,70.0,1.2267,85.29,4.093,0.7,0.5457,3.2857,60.06,13.02,13.4,18.81,20.225
2022-06-07 06:00:00,6,28,28,4.0,5.0,15.0,4.0,0.0,1.0,3,3,15,1,16,1,37.383,626.0,544.0,869.0,23.617,3.0,7.33,roster,0,93.0,70.0,1.2917,87.56,3.6844,0.7,0.4093,3.3214,60.06,13.89,13.4,20.2,21.725
2022-06-07 07:00:00,7,31,31,4.0,6.0,17.0,4.0,0.0,1.0,3,3,15,1,16,1,38.383,686.0,604.0,929.0,24.617,3.0,7.33,roster,0,103.0,77.5,1.4306,95.39,3.9349,0.775,0.4093,3.3226,66.5,13.89,13.4,21.6,23.225
2022-06-07 08:00:00,8,31,31,4.0,6.0,17.0,4.0,0.0,1.0,5,5,15,1,16,1,39.383,746.0,664.0,989.0,25.617,3.0,7.23,roster,0,103.0,77.5,1.4306,96.78,4.8728,0.775,0.6916,3.3226,66.5,13.89,13.4,22.99,24.725
2022-06-07 09:00:00,9,34,34,4.0,6.0,17.0,5.0,2.0,1.0,11,7,17,1,18,1,40.383,793.0,260.0,955.0,26.617,3.0,7.23,roster,0,107.0,85.0,1.6212,104.16,5.7219,0.85,0.9682,3.1471,72.93,15.63,13.4,22.2,23.875
2022-06-07 10:00:00,10,34,34,4.0,5.0,17.0,6.0,2.0,1.0,10,9,15,2,17,2,41.383,506.0,128.0,926.0,27.617,4.0,10.93,roster,0,105.0,85.0,1.1413,116.02,5.1679,0.85,0.8234,3.0882,72.93,14.76,26.8,21.53,23.15
2022-06-07 11:00:00,11,32,32,4.0,6.0,17.0,4.0,1.0,1.0,10,9,12,3,15,3,28.617,238.0,150.0,1060.0,28.617,4.0,10.93,roster,0,104.0,80.0,1.04,126.51,5.2761,0.8,0.8234,3.25,68.64,13.02,40.2,24.64,26.5
2022-06-07 12:00:00,12,35,35,4.0,5.0,19.0,6.0,1.0,1.0,11,9,13,2,15,2,29.617,226.0,118.0,1120.0,29.617,4.0,10.93,roster,0,110.0,87.5,1.1,120.94,5.3379,0.875,0.8234,3.1429,75.08,13.02,26.8,26.04,28.0
2022-06-07 13:00:00,13,32,32,6.0,7.0,16.0,2.0,1.0,1.0,13,9,12,2,14,2,28.817,174.0,99.0,358.0,28.817,4.0,10.93,roster,0,111.0,80.0,1.0673,95.92,5.6312,0.8,0.8234,3.4688,68.64,12.16,26.8,8.32,8.95
2022-06-07 14:00:00,14,29,29,6.0,7.0,12.0,4.0,0.0,1.0,5,4,14,1,15,1,22.567,223.0,132.0,330.0,22.567,4.0,10.93,roster,0,102.0,72.5,1.02,76.3,3.8372,0.725,0.366,3.5172,62.2,13.02,13.4,7.67,8.25
2022-06-07 15:00:00,15,29,29,4.0,6.0,13.0,6.0,0.0,1.0,9,9,13,0,13,0,23.567,204.0,124.0,288.0,23.567,4.0,10.93,roster,0,95.0,72.5,0.8796,60.19,5.0724,0.725,0.8234,3.2759,62.2,11.29,0.0,6.7,7.2
2022-06-07 16:00:00,16,34,34,3.0,5.0,16.0,8.0,2.0,1.0,12,10,12,0,12,0,24.567,246.0,145.0,427.0,24.567,4.0,10.93,roster,0,101.0,85.0,0.9018,73.28,5.2428,0.85,0.9149,2.9706,72.93,10.42,0.0,9.93,10.675
2022-06-07 17:00:00,17,31,31,3.0,5.0,17.0,5.0,1.0,1.0,5,5,14,1,15,1,25.567,244.0,104.0,408.0,25.567,4.0,10.93,roster,0,97.0,77.5,0.97,82.41,3.8564,0.775,0.4575,3.129,66.5,13.02,13.4,9.49,10.2
2022-06-07 18:00:00,18,35,35,4.0,5.0,21.0,4.0,1.0,1.0,7,7,17,1,18,1,26.567,263.0,146.0,386.0,26.567,4.0,10.93,roster,0,112.0,87.5,1.2727,93.08,4.8494,0.875,0.6404,3.2,75.08,15.63,13.4,8.97,9.65
2022-06-07 19:00:00,19,34,34,3.0,4.0,23.0,3.0,1.0,1.0,5,5,19,1,20,1,27.567,287.0,203.0,446.0,27.567,4.0,10.93,roster,0,107.0,85.0,1.3375,94.07,4.1146,0.85,0.4575,3.1471,72.93,17.37,13.4,10.37,11.15
2022-06-07 20:00:00,20,30,30,1.0,4.0,23.0,2.0,0.0,1.0,9,9,12,1,13,1,28.567,280.0,235.0,588.0,28.567,4.0,11.43,roster,0,94.0,75.0,0.8704,82.71,4.8172,0.75,0.7874,3.1333,64.35,11.29,13.4,13.67,14.7
2022-06-07 21:00:00,21,37,37,1.0,7.0,24.0,5.0,0.0,1.0,18,12,13,2,15,2,29.567,323.0,198.0,528.0,29.567,4.0,11.43,roster,0,115.0,92.5,1.15,111.47,6.1381,0.925,1.0499,3.1081,79.36,13.02,26.8,12.28,13.2
2022-06-07 22:00:00,22,35,35,0.0,8.0,25.0,2.0,0.0,1.0,9,9,14,3,17,3,30.0,352.0,129.0,400.0,14.967,3.0,7.73,roster,0,111.0,87.5,1.6087,119.34,6.4675,0.875,1.1643,3.1714,75.08,14.76,40.2,9.3,10.0
2022-06-07 23:00:00,23,38,38,0.0,9.0,27.0,2.0,0.0,1.0,13,10,13,4,17,4,31.0,318.0,165.0,460.0,15.967,3.0,7.73,roster,0,121.0,95.0,1.7536,140.57,7.1443,0.95,1.2937,3.1842,81.51,14.76,53.6,10.7,11.5
2022-06-08 00:00:00,0,29,29,0.0,7.0,20.0,2.0,0.0,1.0,3,3,14,4,18,4,32.0,331.5,220.0,520.0,16.967,3.0,7.73,roster,0,92.0,72.5,1.3939,123.52,3.5312,0.725,0.3881,3.1724,62.2,15.63,53.6,12.09,13.0
2022-06-08 01:00:00,1,32,32,0.0,9.0,21.0,2.0,0.0,1.0,4,4,13,4,17,4,33.0,438.0,285.0,580.0,17.967,3.0,7.73,roster,0,103.0,80.0,1.4928,130.49,4.2406,0.8,0.5175,3.2188,68.64,14.76,53.6,13.49,14.5
2022-06-08 02:00:00,2,28,28,0.0,7.0,20.0,1.0,0.0,1.0,5,3,14,4,18,4,18.967,451.5,311.0,640.0,18.967,3.0,7.73,roster,0,90.0,70.0,1.3636,124.17,3.4975,0.7,0.3881,3.2143,60.06,15.63,53.6,14.88,16.0
2022-06-08 03:00:00,3,25,25,0.0,6.0,18.0,1.0,0.0,1.0,0,0,15,3,18,3,19.967,511.5,371.0,700.0,19.967,3.0,7.73,roster,0,80.0,62.5,1.2121,105.73,2.0,0.625,0.0,3.2,53.62,15.63,40.2,16.28,17.5
2022-06-08 04:00:00,4,24,24,0.0,6.0,16.0,2.0,0.0,1.0,5,3,14,3,17,3,20.967,618.0,460.0,760.0,20.967,3.0,7.73,roster,0,76.0,60.0,1.1014,104.11,3.129,0.6,0.3881,3.1667,51.48,14.76,40.2,17.67,19.0
2022-06-08 05:00:00,5,24,24,0.0,5.0,18.0,1.0,0.0,1.0,2,2,14,2,16,2,21.967,725.0,549.0,925.0,21.967,3.0,7.73,roster,0,76.0,60.0,1.0556,93.68,2.7193,0.6,0.2587,3.1667,51.48,13.89,26.8,21.51,23.125
2022-06-08 06:00:00,6,26,26,0.0,5.0,19.0,2.0,0.0,1.0,2,2,15,2,17,2,22.967,738.0,580.0,880.0,22.967,3.0,7.73,roster,0,81.0,65.0,1.1739,97.79,2.8311,0.65,0.2587,3.1154,55.77,14.76,26.8,20.46,22.0
2022-06-08 07:00:00,7,24,24,1.0,5.0,17.0,1.0,0.0,1.0,1,1,16,2,18,2,23.967,751.5,611.0,940.0,23.967,3.0,7.73,roster,0,78.0,60.0,1.1818,95.76,2.3704,0.6,0.1294,3.25,51.48,15.63,26.8,21.86,23.5
2022-06-08 08:00:00,8,24,24,0.0,4.0,18.0,2.0,0.0,1.0,4,3,16,2,18,2,24.967,811.5,671.0,1000.0,24.967,3.0,6.13,roster,0,74.0,60.0,1.1212,97.16,3.359,0.6,0.4894,3.0833,51.48,15.63,26.8,23.25,25.0
2022-06-08 09:00:00,9,25,25,0.0,3.0,19.0,2.0,1.0,1.0,7,7,12,2,14,2,20.8,871.5,647.0,1046.0,20.8,3.0,6.13,roster,0,74.0,62.5,0.9487,96.9,5.2301,0.625,1.1419,2.96,53.62,12.16,26.8,24.32,26.15
2022-06-08 10:00:00,10,29,29,1.0,6.0,20.0,2.0,0.0,1.0,8,8,13,2,15,2,21.8,885.0,518.0,1106.0,21.8,4.0,9.83,roster,0,93.0,72.5,0.93,107.74,4.9349,0.725,0.8138,3.2069,62.2,13.02,26.8,25.71,27.65
2022-06-08 11:00:00,11,37,37,1.0,9.0,25.0,2.0,0.0,1.0,13,13,16,2,18,2,22.8,838.0,147.0,1163.0,22.8,4.0,9.83,roster,0,120.0,92.5,1.3636,128.83,7.2891,0.925,1.3225,3.2432,79.36,15.63,26.8,27.04,29.075
2022-06-08 12:00:00,12,38,38,1.0,8.0,28.0,1.0,0.0,1.0,7,6,16,2,18,2,23.8,539.5,133.0,1223.0,23.8,4.0,9.83,roster,0,123.0,95.0,1.3977,132.37,5.0507,0.95,0.6104,3.2368,81.51,15.63,26.8,28.43,30.575
2022-06-08 13:00:00,13,30,30,1.0,6.0,22.0,1.0,0.0,1.0,5,5,15,2,17,2,24.8,308.0,191.0,1033.0,24.8,4.0,9.83,roster,0,97.0,75.0,1.0543,109.93,4.0696,0.75,0.5086,3.2333,64.35,14.76,26.8,24.02,25.825
2022-06-08 14:00:00,14,29,29,1.0,7.0,20.0,1.0,0.0,1.0,11,9,11,1,12,1,24.417,271.0,248.0,1312.0,24.417,4.0,9.83,roster,0,95.0,72.5,0.8482,96.53,5.3743,0.725,0.9156,3.2759,62.2,10.42,13.4,30.5,32.8
2022-06-08 15:00:00,15,27,27,0.0,7.0,19.0,1.0,0.0,1.0,7,6,12,0,12,0,13.733,119.0,96.0,308.0,5.817,4.0,9.83,roster,0,87.0,67.5,0.7768,55.5,4.1418,0.675,0.6104,3.2222,57.92,10.42,0.0,7.16,7.7
2022-06-08 16:00:00,16,33,33,1.0,7.0,23.0,2.0,0.0,1.0,9,9,13,0,13,0,6.817,156.0,129.0,313.0,6.817,4.0,9.83,roster,0,106.0,82.5,0.9815,69.35,5.5909,0.825,0.9156,3.2121,70.78,11.29,0.0,7.28,7.825
2022-06-08 17:00:00,17,34,34,1.0,8.0,23.0,2.0,0.0,1.0,9,7,15,1,16,1,7.817,203.0,135.0,373.0,7.817,4.0,9.83,roster,0,110.0,85.0,1.1458,88.9,5.0539,0.85,0.7121,3.2353,72.93,13.89,13.4,8.67,9.325
2022-06-08 18:00:00,18,33,33,1.0,9.0,18.0,5.0,0.0,1.0,10,9,15,1,16,1,8.817,240.5,163.0,306.0,8.817,4.0,9.83,roster,0,105.0,82.5,1.0938,85.19,5.5382,0.825,0.9156,3.1818,70.78,13.89,13.4,7.11,7.65
2022-06-08 19:00:00,19,25,25,1.0,4.0,18.0,2.0,0.0,1.0,5,6,12,1,13,1,9.817,309.0,179.0,366.0,9.817,4.0,9.83,roster,0,79.0,62.5,0.7315,66.82,3.9038,0.625,0.6104,3.16,53.62,11.29,13.4,8.51,9.15
2022-06-08 20:00:00,20,15,15,0.0,2.0,11.0,2.0,0.0,1.0,5,4,9,0,9,0,10.217,244.0,150.0,388.0,10.217,4.0,10.89,roster,0,45.0,37.5,0.3629,29.01,2.2269,0.375,0.3673,3.0,32.17,7.81,0.0,9.02,9.7
2022-06-08 21:00:00,21,18,18,1.0,1.0,14.0,2.0,0.0,1.0,10,9,5,0,5,0,10.7,258.0,163.0,448.0,10.217,4.0,10.89,roster,0,55.0,45.0,0.3929,33.37,3.9003,0.45,0.8264,3.0556,38.61,4.34,0.0,10.42,11.2
2022-06-08 22:00:00,22,20,20,2.0,2.0,15.0,1.0,0.0,1.0,8,7,7,1,8,1,11.7,146.0,99.0,508.0,11.217,3.0,7.19,roster,0,65.0,50.0,0.6771,55.06,4.7891,0.5,0.9736,3.25,42.9,6.95,13.4,11.81,12.7
2022-06-08 23:00:00,23,18,18,2.0,1.0,13.0,2.0,0.0,1.0,6,4,6,0,6,0,12.7,264.5,159.0,568.0,12.217,3.0,7.19,roster,0,57.0,45.0,0.5588,37.03,3.1867,0.45,0.5563,3.1667,38.61,5.21,0.0,13.21,14.2
2022-06-09 00:00:00,0,17,17,3.0,0.0,11.0,3.0,0.0,1.0,9,5,7,0,7,0,13.217,306.0,210.0,628.0,13.217,3.0,7.19,roster,0,54.0,42.5,0.5455,37.14,3.559,0.425,0.6954,3.1765,36.46,6.08,0.0,14.6,15.7
2022-06-09 01:00:00,1,14,14,3.0,0.0,10.0,1.0,0.0,1.0,3,3,7,1,8,1,14.217,322.5,270.0,688.0,14.217,3.0,7.19,roster,0,47.0,35.0,0.4896,46.37,2.5758,0.35,0.4172,3.3571,30.03,6.95,13.4,16.0,17.2
2022-06-09 02:00:00,2,17,17,1.0,0.0,11.0,5.0,0.0,1.0,5,5,7,0,7,0,15.217,426.0,330.0,748.0,15.217,3.0,7.19,roster,0,48.0,42.5,0.4848,39.93,3.1635,0.425,0.6954,2.8235,36.46,6.08,0.0,17.39,18.7
2022-06-09 03:00:00,3,15,15,1.0,1.0,11.0,2.0,0.0,1.0,5,4,7,0,7,0,16.217,486.0,390.0,808.0,16.217,3.0,7.19,roster,0,46.0,37.5,0.4646,37.04,2.8561,0.375,0.5563,3.0667,32.17,6.08,0.0,18.79,20.2
2022-06-09 04:00:00,4,14,14,1.0,0.0,11.0,2.0,0.0,1.0,4,4,7,0,7,0,17.217,546.0,450.0,868.0,17.217,3.0,7.19,roster,0,42.0,35.0,0.4242,36.29,2.719,0.35,0.5563,3.0,30.03,6.08,0.0,20.18,21.7
2022-06-09 05:00:00,5,14,14,1.0,1.0,10.0,2.0,0.0,1.0,1,1,8,0,8,0,18.217,562.5,510.0,928.0,18.217,3.0,7.19,roster,0,43.0,35.0,0.4479,38.55,1.5022,0.35,0.1391,3.0714,30.03,6.95,0.0,21.58,23.2
2022-06-09 06:00:00,6,14,14,1.0,2.0,9.0,2.0,0.0,1.0,1,1,8,0,8,0,19.217,622.5,570.0,988.0,19.217,3.0,7.19,roster,0,44.0,35.0,0.4583,39.95,1.5371,0.35,0.1391,3.1429,30.03,6.95,0.0,22.97,24.7
2022-06-09 07:00:00,7,17,17,2.0,3.0,10.0,2.0,0.0,1.0,4,4,8,1,9,1,20.217,639.0,531.0,763.0,20.217,3.0,7.19,roster,0,56.0,42.5,0.6022,55.42,3.2326,0.425,0.5563,3.2941,36.46,7.81,13.4,17.74,19.075
2022-06-09 08:00:00,8,22,22,3.0,2.0,14.0,3.0,0.0,1.0,8,8,8,2,10,2,21.217,694.5,247.0,823.0,21.217,3.0,7.06,roster,0,71.0,55.0,0.7889,81.81,5.432,0.55,1.1331,3.2273,47.19,8.68,26.8,19.13,20.575
2022-06-09 09:00:00,9,20,20,3.0,2.0,14.0,1.0,0.0,1.0,5,4,9,2,11,2,19.467,651.0,96.0,846.0,19.467,3.0,7.06,roster,0,67.0,50.0,0.7701,78.92,3.573,0.5,0.5666,3.35,42.9,9.55,26.8,19.67,21.15
2022-06-09 10:00:00,10,24,24,3.0,3.0,17.0,1.0,0.0,1.0,9,8,8,2,10,2,20.467,536.5,156.0,906.0,20.467,4.0,10.31,roster,0,80.0,60.0,0.6667,88.03,4.5865,0.6,0.7759,3.3333,51.48,8.68,26.8,21.06,22.65
2022-06-09 11:00:00,11,23,23,2.0,2.0,19.0,0.0,0.0,1.0,8,6,11,0,11,0,21.467,216.0,108.0,966.0,21.467,4.0,10.31,roster,0,75.0,57.5,0.6466,61.35,3.7727,0.575,0.582,3.2609,49.33,9.55,0.0,22.46,24.15
2022-06-09 12:00:00,12,25,25,2.0,2.0,20.0,1.0,0.0,1.0,10,7,9,0,9,0,17.717,243.0,129.0,930.0,17.717,4.0,10.31,roster,0,80.0,62.5,0.6452,63.06,4.1726,0.625,0.679,3.2,53.62,7.81,0.0,21.62,23.25
2022-06-09 13:00:00,13,19,19,2.0,0.0,16.0,1.0,0.0,1.0,3,2,8,0,8,0,18.1,208.5,187.0,336.0,18.1,4.0,10.31,roster,0,60.0,47.5,0.4688,35.51,2.1126,0.475,0.194,3.1579,40.75,6.95,0.0,7.81,8.4
2022-06-09 14:00:00,14,23,23,2.0,2.0,17.0,2.0,0.0,1.0,14,14,6,0,6,0,19.1,268.5,247.0,396.0,19.1,4.0,10.31,roster,0,73.0,57.5,0.5368,43.75,6.1349,0.575,1.3579,3.1739,49.33,5.21,0.0,9.21,9.9
2022-06-09 15:00:00,15,21,21,2.0,3.0,16.0,0.0,0.0,1.0,7,5,8,0,8,0,18.217,171.0,79.0,348.0,7.6,4.0,10.31,roster,0,70.0,52.5,0.5469,40.08,3.3666,0.525,0.485,3.3333,45.04,6.95,0.0,8.09,8.7
2022-06-09 16:00:00,16,17,17,2.0,2.0,11.0,1.0,1.0,1.0,11,8,5,0,5,0,19.217,124.0,121.0,293.0,8.6,4.0,10.31,roster,0,54.0,42.5,0.3857,27.62,3.8148,0.425,0.7759,3.1765,36.46,4.34,0.0,6.81,7.325
2022-06-09 17:00:00,17,14,14,1.0,2.0,10.0,1.0,0.0,1.0,4,3,6,0,6,0,9.6,182.5,125.0,353.0,9.6,4.0,10.31,roster,0,45.0,35.0,0.3309,23.45,2.0603,0.35,0.291,3.2143,30.03,5.21,0.0,8.21,8.825
2022-06-09 18:00:00,18,19,19,2.0,3.0,12.0,2.0,0.0,1.0,9,8,6,0,6,0,10.6,242.5,185.0,413.0,10.6,4.0,10.31,roster,0,62.0,47.5,0.4559,35.57,4.082,0.475,0.7759,3.2632,40.75,5.21,0.0,9.6,10.325
2022-06-09 19:00:00,19,20,20,3.0,1.0,13.0,3.0,0.0,1.0,11,9,7,1,8,1,11.6,86.0,78.0,473.0,11.6,4.0,10.31,roster,0,64.0,50.0,0.5,54.24,4.3934,0.5,0.8729,3.2,42.9,6.95,13.4,11.0,11.825
2022-06-09 20:00:00,20,22,22,2.0,1.0,17.0,2.0,0.0,1.0,14,8,6,1,7,1,6.017,134.0,103.0,150.0,6.017,4.0,9.9,roster,0,69.0,55.0,0.5227,50.16,4.2594,0.55,0.8081,3.1364,47.19,6.08,13.4,3.49,3.75
2022-06-09 21:00:00,21,25,25,2.0,1.0,19.0,3.0,0.0,1.0,9,8,6,0,6,0,7.017,172.0,160.0,198.0,7.017,4.0,9.9,roster,0,77.0,62.5,0.5662,43.44,4.4139,0.625,0.8081,3.08,53.62,5.21,0.0,4.6,4.95
2022-06-09 22:00:00,22,21,21,1.0,2.0,16.0,2.0,0.0,1.0,9,6,7,0,7,0,8.017,223.0,106.0,258.0,8.017,3.0,6.65,roster,0,65.0,52.5,0.6566,37.12,4.4177,0.525,0.9023,3.0952,45.04,6.08,0.0,6.0,6.45
2022-06-09 23:00:00,23,24,24,0.0,4.0,19.0,1.0,0.0,1.0,12,9,7,0,7,0,9.017,191.0,90.0,318.0,9.017,3.0,6.65,roster,0,75.0,60.0,0.7576,44.95,6.1043,0.6,1.3534,3.125,51.48,6.08,0.0,7.39,7.95
2022-06-10 00:00:00,0,24,24,0.0,4.0,19.0,1.0,0.0,1.0,5,4,9,0,9,0,10.017,226.0,140.0,361.0,10.017,3.0,6.65,roster,0,75.0,60.0,0.8065,47.69,3.7547,0.6,0.6015,3.125,51.48,7.81,0.0,8.39,9.025
2022-06-10 01:00:00,1,32,32,0.0,4.0,23.0,3.0,2.0,1.0,10,10,12,0,12,0,11.017,205.0,163.0,421.0,11.017,3.0,6.65,roster,0,93.0,80.0,1.1071,68.85,6.6953,0.8,1.5038,2.9062,68.64,10.42,0.0,9.79,10.525
2022-06-10 02:00:00,2,28,28,0.0,4.0,21.0,2.0,1.0,1.0,4,4,10,0,10,0,12.017,308.0,233.0,481.0,12.017,3.0,6.65,roster,0,84.0,70.0,0.9333,59.93,3.9045,0.7,0.6015,3.0,60.06,8.68,0.0,11.18,12.025
2022-06-10 03:00:00,3,29,29,0.0,5.0,21.0,2.0,1.0,1.0,2,2,10,0,10,0,13.017,368.0,293.0,541.0,13.017,3.0,6.65,roster,0,88.0,72.5,0.9778,63.47,3.1126,0.725,0.3008,3.0345,62.2,8.68,0.0,12.58,13.525
2022-06-10 04:00:00,4,26,26,0.0,3.0,20.0,2.0,1.0,1.0,3,2,11,0,11,0,14.017,390.0,280.0,601.0,14.017,3.0,6.65,roster,0,77.0,65.0,0.8851,59.29,2.8157,0.65,0.3008,2.9615,55.77,9.55,0.0,13.97,15.025
2022-06-10 05:00:00,5,22,22,0.0,3.0,15.0,3.0,1.0,1.0,3,3,10,0,10,0,15.017,488.0,413.0,661.0,15.017,3.0,6.65,roster,0,64.0,55.0,0.7111,51.24,2.9124,0.55,0.4511,2.9091,47.19,8.68,0.0,15.37,16.525
2022-06-10 06:00:00,6,20,20,0.0,3.0,14.0,2.0,1.0,1.0,1,1,11,0,11,0,16.017,510.0,400.0,721.0,16.017,3.0,6.65,roster,0,59.0,50.0,0.6782,49.21,1.9186,0.5,0.1504,2.95,42.9,9.55,0.0,16.76,18.025
2022-06-10 07:00:00,7,22,22,0.0,3.0,16.0,2.0,1.0,1.0,2,2,11,0,11,0,17.017,570.0,460.0,781.0,17.017,3.0,6.65,roster,0,65.0,55.0,0.7471,54.9,2.5136,0.55,0.3008,2.9545,47.19,9.55,0.0,18.16,19.525
2022-06-10 08:00:00,8,23,23,0.0,3.0,17.0,2.0,1.0,1.0,3,3,11,0,11,0,18.017,630.0,520.0,841.0,18.017,3.0,6.38,roster,0,68.0,57.5,0.7816,58.44,3.0902,0.575,0.4702,2.9565,49.33,9.55,0.0,19.55,21.025
2022-06-10 09:00:00,9,22,22,0.0,2.0,16.0,3.0,1.0,1.0,7,5,9,0,9,0,19.017,766.0,680.0,901.0,19.017,3.0,6.38,roster,0,63.0,55.0,0.6774,55.95,3.8192,0.55,0.7837,2.8636,47.19,7.81,0.0,20.95,22.525
2022-06-10 10:00:00,10,23,23,0.0,2.0,16.0,4.0,1.0,1.0,6,5,11,0,11,0,20.017,750.0,469.0,961.0,20.017,4.0,9.63,roster,0,65.0,57.5,0.5603,61.23,3.0923,0.575,0.5192,2.8261,49.33,9.55,0.0,22.34,24.025
2022-06-10 11:00:00,11,29,29,1.0,3.0,20.0,4.0,1.0,1.0,10,9,13,0,13,0,21.017,800.0,150.0,911.0,21.017,4.0,9.63,roster,0,86.0,72.5,0.7963,74.67,4.9215,0.725,0.9346,2.9655,62.2,11.29,0.0,21.18,22.775
2022-06-10 12:00:00,12,27,27,2.0,4.0,16.0,4.0,1.0,1.0,12,7,12,2,14,2,22.017,674.5,150.0,946.0,22.017,4.0,9.63,roster,0,83.0,67.5,0.7981,98.87,4.3095,0.675,0.7269,3.0741,57.92,12.16,26.8,21.99,23.65
2022-06-10 13:00:00,13,26,26,1.0,4.0,18.0,3.0,0.0,1.0,6,6,13,1,14,1,23.017,212.5,87.0,930.0,23.017,4.0,9.63,roster,0,81.0,65.0,0.7788,82.95,3.966,0.65,0.6231,3.1154,55.77,12.16,13.4,21.62,23.25
2022-06-10 14:00:00,14,22,22,2.0,3.0,12.0,4.0,1.0,1.0,8,6,9,2,11,2,24.017,270.0,139.0,990.0,24.017,4.0,9.63,roster,0,67.0,55.0,0.5776,86.56,3.5725,0.55,0.6231,3.0455,47.19,9.55,26.8,23.02,24.75
2022-06-10 15:00:00,15,25,25,1.0,3.0,18.0,2.0,1.0,1.0,15,14,7,1,8,1,25.017,264.5,107.0,377.0,25.017,4.0,9.63,roster,0,76.0,62.5,0.5938,62.74,6.3195,0.625,1.4538,3.04,53.62,6.95,13.4,8.77,9.425
2022-06-10 16:00:00,16,27,27,2.0,5.0,20.0,0.0,0.0,1.0,11,10,6,2,8,2,26.017,153.5,135.0,395.0,26.017,4.0,9.63,roster,0,90.0,67.5,0.7031,80.85,5.7114,0.675,1.0384,3.3333,57.92,6.95,26.8,9.18,9.875
2022-06-10 17:00:00,17,30,30,2.0,3.0,23.0,2.0,0.0,1.0,12,9,11,1,12,1,27.017,150.5,97.0,450.0,27.017,4.0,9.63,roster,0,95.0,75.0,0.8482,78.63,5.3345,0.75,0.9346,3.1667,64.35,10.42,13.4,10.46,11.25
2022-06-10 18:00:00,18,30,30,3.0,3.0,23.0,1.0,0.0,1.0,14,11,10,1,11,1,28.017,205.0,144.0,260.0,28.017,4.0,9.63,roster,0,98.0,75.0,0.8448,73.35,6.1814,0.75,1.1423,3.2667,64.35,9.55,13.4,6.04,6.5
2022-06-10 19:00:00,19,29,29,2.0,2.0,23.0,2.0,0.0,1.0,8,8,10,1,11,1,5.333,217.0,105.0,276.0,5.333,4.0,9.63,roster,0,91.0,72.5,0.7845,71.57,4.8818,0.725,0.8307,3.1379,62.2,9.55,13.4,6.42,6.9
2022-06-10 20:00:00,20,30,30,3.0,1.0,22.0,4.0,0.0,1.0,10,9,8,0,8,0,6.25,270.5,167.0,325.0,6.25,4.0,10.93,roster,0,93.0,75.0,0.7266,58.85,4.8776,0.75,0.8234,3.1,64.35,6.95,0.0,7.56,8.125
2022-06-10 21:00:00,21,28,28,1.0,2.0,22.0,3.0,0.0,1.0,5,4,6,3,9,3,5.983,184.0,110.0,324.0,5.983,4.0,10.93,roster,0,85.0,70.0,0.6855,95.61,3.236,0.7,0.366,3.0357,60.06,7.81,40.2,7.53,8.1
2022-06-10 22:00:00,22,28,28,1.0,2.0,22.0,3.0,0.0,1.0,11,6,6,3,9,3,6.767,170.0,160.0,244.0,6.617,3.0,7.68,roster,0,85.0,70.0,0.914,93.75,4.4967,0.7,0.7812,3.0357,60.06,7.81,40.2,5.67,6.1
2022-06-10 23:00:00,23,20,20,1.0,2.0,16.0,1.0,0.0,1.0,5,4,6,2,8,2,7.617,221.5,167.0,347.0,7.617,3.0,7.68,roster,0,63.0,50.0,0.6562,64.71,3.2156,0.5,0.5208,3.15,42.9,6.95,26.8,8.07,8.675
2022-06-11 00:00:00,0,16,16,1.0,1.0,13.0,1.0,0.0,1.0,3,1,4,2,6,2,7.95,281.5,216.0,290.0,6.783,3.0,7.68,roster,0,50.0,40.0,0.4902,53.07,1.6569,0.4,0.1302,3.125,34.32,5.21,26.8,6.74,7.25
2022-06-11 01:00:00,1,16,16,0.0,2.0,13.0,1.0,0.0,1.0,4,4,4,1,5,1,7.783,340.0,276.0,343.0,7.783,3.0,7.68,roster,0,49.0,40.0,0.4667,40.04,2.8201,0.4,0.5208,3.0625,34.32,4.34,13.4,7.97,8.575
2022-06-11 02:00:00,2,17,17,1.0,2.0,13.0,1.0,0.0,1.0,4,3,4,1,5,1,8.783,400.0,336.0,403.0,8.783,3.0,7.68,roster,0,54.0,42.5,0.5143,43.58,2.5908,0.425,0.3906,3.1765,36.46,4.34,13.4,9.37,10.075
2022-06-11 03:00:00,3,16,16,1.0,2.0,11.0,1.0,1.0,1.0,4,2,5,1,6,1,9.783,428.0,268.0,463.0,9.783,3.0,7.68,roster,0,49.0,40.0,0.4804,43.69,2.0225,0.4,0.2604,3.0625,34.32,5.21,13.4,10.76,11.575
2022-06-11 04:00:00,4,15,15,1.0,3.0,10.0,1.0,0.0,1.0,4,3,5,0,5,0,10.783,456.0,328.0,523.0,10.783,3.0,7.68,roster,0,49.0,37.5,0.4667,28.68,2.501,0.375,0.3906,3.2667,32.17,4.34,0.0,12.16,13.075
2022-06-11 05:00:00,5,16,16,0.0,3.0,11.0,2.0,0.0,1.0,3,2,5,0,5,0,11.783,516.0,388.0,583.0,11.783,3.0,7.68,roster,0,49.0,40.0,0.4667,32.22,2.0225,0.4,0.2604,3.0625,34.32,4.34,0.0,13.55,14.575
2022-06-11 06:00:00,6,19,19,0.0,6.0,11.0,2.0,0.0,1.0,5,5,5,0,5,0,12.783,576.0,448.0,643.0,12.783,3.0,7.68,roster,0,61.0,47.5,0.581,40.05,3.6152,0.475,0.651,3.2105,40.75,4.34,0.0,14.95,16.075
2022-06-11 07:00:00,7,18,18,0.0,5.0,12.0,1.0,0.0,1.0,4,4,6,1,7,1,13.783,508.0,108.0,703.0,13.783,3.0,7.68,roster,0,58.0,45.0,0.5859,54.43,3.1282,0.45,0.5208,3.2222,38.61,6.08,13.4,16.34,17.575
2022-06-11 08:00:00,8,18,18,0.0,4.0,12.0,2.0,0.0,1.0,5,3,8,1,9,1,14.783,373.0,153.0,696.0,14.783,3.0,6.78,roster,0,56.0,45.0,0.6022,56.01,2.7766,0.45,0.4425,3.1111,38.61,7.81,13.4,16.18,17.4
2022-06-11 09:00:00,9,19,19,1.0,4.0,12.0,2.0,0.0,1.0,5,4,7,1,8,1,15.783,428.0,213.0,823.0,15.783,3.0,6.78,roster,0,61.0,47.5,0.6354,60.24,3.4191,0.475,0.59,3.2105,40.75,6.95,13.4,19.13,20.575
2022-06-11 10:00:00,10,20,20,1.0,3.0,15.0,1.0,0.0,1.0,6,4,7,0,7,0,16.783,288.0,183.0,816.0,16.783,4.0,10.48,roster,0,64.0,50.0,0.4848,47.95,2.8214,0.5,0.3817,3.2,42.9,6.08,0.0,18.97,20.4
2022-06-11 11:00:00,11,27,27,1.0,3.0,19.0,4.0,0.0,1.0,9,9,6,1,7,1,17.783,348.0,150.0,876.0,17.783,4.0,10.48,roster,0,82.0,67.5,0.6212,77.76,4.6581,0.675,0.8588,3.037,57.92,6.08,13.4,20.37,21.9
2022-06-11 12:00:00,12,24,24,0.0,2.0,19.0,1.0,2.0,1.0,7,7,7,1,8,1,18.783,275.0,94.0,936.0,18.783,4.0,10.48,roster,0,69.0,60.0,0.5391,73.59,3.6453,0.6,0.6679,2.875,51.48,6.95,13.4,21.76,23.4
2022-06-11 13:00:00,13,25,25,1.0,2.0,19.0,2.0,1.0,1.0,11,9,9,1,10,1,19.783,178.0,141.0,868.0,19.783,4.0,10.48,roster,0,75.0,62.5,0.625,75.89,4.4513,0.625,0.8588,3.0,53.62,8.68,13.4,20.18,21.7
2022-06-11 14:00:00,14,26,26,1.0,3.0,19.0,3.0,0.0,1.0,8,7,11,1,12,1,20.783,203.5,121.0,528.0,20.783,4.0,10.48,roster,0,80.0,65.0,0.7143,71.87,4.0552,0.65,0.6679,3.0769,55.77,10.42,13.4,12.28,13.2
2022-06-11 15:00:00,15,31,31,2.0,3.0,20.0,3.0,3.0,1.0,16,16,10,1,11,1,21.783,176.0,102.0,322.0,21.783,4.0,10.48,roster,0,91.0,77.5,0.7845,76.93,6.7567,0.775,1.5267,2.9355,66.5,9.55,13.4,7.49,8.05
2022-06-11 16:00:00,16,27,27,2.0,3.0,19.0,2.0,1.0,1.0,12,6,12,1,13,1,22.783,165.0,126.0,326.0,22.783,4.0,10.48,roster,0,84.0,67.5,0.7778,70.18,3.8812,0.675,0.5725,3.1111,57.92,11.29,13.4,7.58,8.15
2022-06-11 17:00:00,17,25,25,3.0,2.0,19.0,1.0,0.0,1.0,8,7,13,2,15,2,23.783,212.0,127.0,296.0,23.783,4.0,10.48,roster,0,82.0,62.5,0.82,80.33,4.2408,0.625,0.6679,3.28,53.62,13.02,26.8,6.88,7.4
2022-06-11 18:00:00,18,26,26,3.0,2.0,20.0,1.0,0.0,1.0,7,8,14,2,16,2,24.783,237.0,140.0,356.0,24.783,4.0,10.48,roster,0,85.0,65.0,0.8854,84.74,4.6206,0.65,0.7634,3.2692,55.77,13.89,26.8,8.28,8.9
2022-06-11 19:00:00,19,20,20,1.0,0.0,18.0,1.0,0.0,1.0,8,6,5,2,7,2,25.783,247.0,191.0,562.0,25.783,4.0,10.48,roster,0,61.0,50.0,0.4621,68.84,3.2712,0.5,0.5725,3.05,42.9,6.08,26.8,13.07,14.05
2022-06-11 20:00:00,20,22,22,1.0,1.0,18.0,2.0,0.0,1.0,12,8,3,1,4,1,10.367,354.5,307.0,622.0,10.367,4.0,11.68,roster,0,67.0,55.0,0.4653,58.52,3.7609,0.55,0.6849,3.0455,47.19,3.47,13.4,14.46,15.55
2022-06-11 21:00:00,21,24,24,0.0,2.0,17.0,3.0,2.0,1.0,13,12,3,2,5,2,11.367,169.0,85.0,462.0,11.367,4.0,11.68,roster,0,67.0,60.0,0.4786,73.36,4.5432,0.6,1.0274,2.7917,51.48,4.34,26.8,10.74,11.55
2022-06-11 22:00:00,22,19,19,0.0,3.0,14.0,2.0,0.0,1.0,6,4,5,2,7,2,12.367,145.0,115.0,522.0,12.367,3.0,7.98,roster,0,58.0,47.5,0.5859,65.77,2.9801,0.475,0.5013,3.0526,40.75,6.08,26.8,12.14,13.05
2022-06-11 23:00:00,23,20,20,1.0,4.0,14.0,1.0,0.0,1.0,9,8,3,1,4,1,13.367,232.0,175.0,802.0,13.367,3.0,7.98,roster,0,65.0,50.0,0.6019,58.42,4.8831,0.5,1.0025,3.25,42.9,3.47,13.4,18.65,20.05
2022-06-12 00:00:00,0,21,21,0.0,5.0,15.0,0.0,1.0,1.0,10,7,5,1,6,1,14.367,209.0,89.0,349.0,14.367,3.0,7.98,roster,0,66.0,52.5,0.6471,51.77,4.4069,0.525,0.8772,3.1429,45.04,5.21,13.4,8.11,8.725
2022-06-12 01:00:00,1,21,21,0.0,5.0,15.0,0.0,1.0,1.0,5,4,6,2,8,2,15.367,196.0,129.0,409.0,15.367,3.0,7.98,roster,0,66.0,52.5,0.6875,68.3,3.2254,0.525,0.5013,3.1429,45.04,6.95,26.8,9.51,10.225
2022-06-12 02:00:00,2,17,17,0.0,6.0,11.0,0.0,0.0,1.0,1,1,7,2,9,2,16.367,209.0,134.0,355.0,16.367,3.0,7.98,roster,0,57.0,42.5,0.6129,59.33,1.8452,0.425,0.1253,3.3529,36.46,7.81,26.8,8.25,8.875
2022-06-12 03:00:00,3,17,17,0.0,6.0,11.0,0.0,0.0,1.0,1,1,7,2,9,2,17.367,269.0,184.0,415.0,17.367,3.0,7.98,roster,0,57.0,42.5,0.6129,60.73,1.8452,0.425,0.1253,3.3529,36.46,7.81,26.8,9.65,10.375
2022-06-12 04:00:00,4,18,18,0.0,7.0,11.0,0.0,0.0,1.0,3,3,6,2,8,2,18.367,376.0,254.0,589.0,18.367,3.0,7.98,roster,0,61.0,45.0,0.6354,66.05,2.799,0.45,0.3759,3.3889,38.61,6.95,26.8,13.69,14.725
2022-06-12 05:00:00,5,16,16,0.0,6.0,10.0,0.0,0.0,1.0,2,1,6,2,8,2,19.367,436.0,314.0,649.0,19.367,3.0,7.98,roster,0,54.0,40.0,0.5625,63.16,1.7729,0.4,0.1253,3.375,34.32,6.95,26.8,15.09,16.225
2022-06-12 06:00:00,6,18,18,0.0,6.0,10.0,2.0,0.0,1.0,3,3,6,2,8,2,20.367,496.0,374.0,709.0,20.367,3.0,7.98,roster,0,58.0,45.0,0.6042,68.84,2.6614,0.45,0.3759,3.2222,38.61,6.95,26.8,16.48,17.725
2022-06-12 07:00:00,7,15,15,0.0,5.0,10.0,0.0,0.0,1.0,1,1,7,2,9,2,21.367,509.0,424.0,655.0,21.367,3.0,7.98,roster,0,50.0,37.5,0.5376,62.02,1.6677,0.375,0.1253,3.3333,32.17,7.81,26.8,15.23,16.375
2022-06-12 08:00:00,8,18,18,0.0,5.0,12.0,1.0,0.0,1.0,3,3,7,2,9,2,22.367,569.0,484.0,715.0,22.367,3.0,6.68,roster,0,58.0,45.0,0.6237,69.85,2.8971,0.45,0.4491,3.2222,38.61,7.81,26.8,16.62,17.875
2022-06-12 09:00:00,9,15,15,0.0,4.0,11.0,0.0,0.0,1.0,3,3,4,2,6,2,23.367,511.5,220.0,629.0,23.367,3.0,6.68,roster,0,49.0,37.5,0.4804,58.81,2.6921,0.375,0.4491,3.2667,32.17,5.21,26.8,14.62,15.725
2022-06-12 10:00:00,10,12,12,1.0,1.0,10.0,0.0,0.0,1.0,3,3,2,2,4,2,24.367,646.5,604.0,1462.0,24.367,4.0,10.0,roster,0,39.0,30.0,0.2708,70.0,1.95,0.3,0.3,3.25,25.74,3.47,26.8,33.99,36.55
2022-06-12 11:00:00,11,15,15,2.0,3.0,10.0,0.0,0.0,1.0,10,9,3,2,5,2,12.483,182.0,98.0,664.0,12.483,4.0,10.0,roster,0,52.0,37.5,0.3714,58.75,4.42,0.375,0.9,3.4667,32.17,4.34,26.8,15.44,16.6
2022-06-12 12:00:00,12,20,20,1.0,4.0,13.0,0.0,2.0,1.0,17,11,4,2,6,2,12.067,133.0,87.0,242.0,12.067,4.0,10.0,roster,0,62.0,50.0,0.4559,60.54,4.96,0.5,1.1,3.1,42.9,5.21,26.8,5.63,6.05
2022-06-12 13:00:00,13,19,19,1.0,4.0,14.0,0.0,0.0,1.0,8,5,4,2,6,2,13.067,157.5,132.0,302.0,13.067,4.0,10.0,roster,0,63.0,47.5,0.4632,59.79,3.2329,0.475,0.5,3.3158,40.75,5.21,26.8,7.02,7.55
2022-06-12 14:00:00,14,25,25,1.0,4.0,18.0,2.0,0.0,1.0,12,10,6,2,8,2,14.067,168.0,109.0,362.0,14.067,4.0,10.0,roster,0,79.0,62.5,0.6172,75.79,5.135,0.625,1.0,3.16,53.62,6.95,26.8,8.42,9.05
2022-06-12 15:00:00,15,21,21,1.0,7.0,13.0,0.0,0.0,1.0,13,9,5,2,7,2,15.067,169.0,104.0,267.0,15.067,4.0,10.0,roster,0,72.0,52.5,0.5455,64.13,4.8857,0.525,0.9,3.4286,45.04,6.08,26.8,6.21,6.675
2022-06-12 16:00:00,16,26,26,1.0,8.0,17.0,0.0,0.0,1.0,14,12,6,2,8,2,5.45,145.0,91.0,249.0,5.45,4.0,10.0,roster,0,88.0,65.0,0.6875,75.31,6.2615,0.65,1.2,3.3846,55.77,6.95,26.8,5.79,6.225
2022-06-12 17:00:00,17,22,22,3.0,4.0,13.0,0.0,2.0,1.0,14,9,6,1,7,1,6.45,151.0,100.0,289.0,6.45,4.0,10.0,roster,0,72.0,55.0,0.5455,53.39,4.7455,0.55,0.9,3.2727,47.19,6.08,13.4,6.72,7.225
2022-06-12 18:00:00,18,26,26,3.0,5.0,13.0,1.0,4.0,1.0,12,9,8,2,10,2,7.45,172.0,117.0,284.0,7.45,4.0,10.0,roster,0,80.0,65.0,0.6667,77.86,4.7692,0.65,0.9,3.0769,55.77,8.68,26.8,6.6,7.1
2022-06-12 19:00:00,19,25,25,4.0,4.0,15.0,0.0,2.0,1.0,13,10,7,3,10,3,8.45,174.0,106.0,244.0,8.45,4.0,10.0,roster,0,83.0,62.5,0.6917,88.18,5.395,0.625,1.0,3.32,53.62,8.68,40.2,5.67,6.1
2022-06-12 20:00:00,20,25,25,4.0,3.0,13.0,1.0,4.0,1.0,10,9,8,3,11,3,9.45,198.0,143.0,248.0,9.45,4.0,11.71,roster,0,77.0,62.5,0.6638,89.14,4.2922,0.625,0.7686,3.08,53.62,9.55,40.2,5.77,6.2
2022-06-12 21:00:00,21,24,24,4.0,5.0,12.0,1.0,2.0,1.0,7,6,8,3,11,3,10.45,225.0,135.0,308.0,10.45,4.0,11.71,roster,0,80.0,60.0,0.6897,88.39,3.7079,0.6,0.5124,3.3333,51.48,9.55,40.2,7.16,7.7
2022-06-12 22:00:00,22,27,27,3.0,5.0,13.0,3.0,3.0,1.0,8,8,8,3,11,3,11.45,263.0,114.0,357.0,11.45,3.0,8.39,roster,0,83.0,67.5,0.954,95.97,5.0062,0.675,0.9535,3.0741,57.92,9.55,40.2,8.3,8.925
2022-06-12 23:00:00,23,23,23,2.0,6.0,12.0,2.0,1.0,1.0,8,7,5,3,8,3,12.45,258.5,174.0,484.0,12.45,3.0,8.39,roster,0,75.0,57.5,0.7812,87.73,4.5956,0.575,0.8343,3.2609,49.33,6.95,40.2,11.25,12.1
2022-06-13 00:00:00,0,25,25,1.0,6.0,16.0,1.0,1.0,1.0,7,7,6,2,8,2,13.45,244.0,185.0,544.0,13.45,3.0,8.39,roster,0,80.0,62.5,0.8333,80.02,4.6698,0.625,0.8343,3.2,53.62,6.95,26.8,12.65,13.6
2022-06-13 01:00:00,1,23,23,1.0,6.0,14.0,1.0,1.0,1.0,3,3,6,2,8,2,14.45,304.0,245.0,604.0,14.45,3.0,8.39,roster,0,74.0,57.5,0.7708,77.12,3.0004,0.575,0.3576,3.2174,49.33,6.95,26.8,14.04,15.1
2022-06-13 02:00:00,2,19,19,1.0,7.0,9.0,1.0,1.0,1.0,2,2,6,2,8,2,15.45,329.5,246.0,664.0,15.45,3.0,8.39,roster,0,63.0,47.5,0.6562,69.94,2.3654,0.475,0.2384,3.3158,40.75,6.95,26.8,15.44,16.6
2022-06-13 03:00:00,3,21,21,1.0,7.0,10.0,1.0,2.0,1.0,4,3,7,2,9,2,16.45,365.0,296.0,563.0,16.45,3.0,8.39,roster,0,67.0,52.5,0.7204,72.75,2.8158,0.525,0.3576,3.1905,45.04,7.81,26.8,13.09,14.075
2022-06-13 04:00:00,4,22,22,1.0,7.0,12.0,1.0,1.0,1.0,4,3,8,2,10,2,17.45,395.5,191.0,623.0,17.45,3.0,8.39,roster,0,72.0,55.0,0.8,77.16,2.9702,0.55,0.3576,3.2727,47.19,8.68,26.8,14.48,15.575
2022-06-13 05:00:00,5,21,21,1.0,7.0,11.0,1.0,1.0,1.0,3,2,8,2,10,2,18.45,455.5,251.0,683.0,18.45,3.0,8.39,roster,0,69.0,52.5,0.7667,76.41,2.5082,0.525,0.2384,3.2857,45.04,8.68,26.8,15.88,17.075
2022-06-13 06:00:00,6,21,21,1.0,8.0,11.0,0.0,1.0,1.0,3,3,8,2,10,2,19.45,515.5,311.0,743.0,19.45,3.0,8.39,roster,0,71.0,52.5,0.7889,77.8,2.9839,0.525,0.3576,3.381,45.04,8.68,26.8,17.27,18.575
2022-06-13 07:00:00,7,23,23,1.0,9.0,12.0,0.0,1.0,1.0,5,4,9,2,11,2,20.45,546.0,308.0,803.0,20.45,3.0,8.39,roster,0,78.0,57.5,0.8966,84.36,3.5668,0.575,0.4768,3.3913,49.33,9.55,26.8,18.67,20.075
2022-06-13 08:00:00,8,22,22,1.0,9.0,10.0,1.0,1.0,1.0,4,4,9,2,11,2,21.45,606.0,368.0,863.0,21.45,3.0,7.21,roster,0,74.0,55.0,0.8506,83.61,3.7161,0.55,0.5548,3.3636,47.19,9.55,26.8,20.06,21.575
2022-06-13 09:00:00,9,25,25,2.0,9.0,11.0,2.0,1.0,1.0,9,9,6,2,8,2,22.45,720.0,491.0,1084.0,22.45,3.0,7.21,roster,0,84.0,62.5,0.875,92.57,6.2942,0.625,1.2483,3.36,53.62,6.95,26.8,25.2,27.1
2022-06-13 10:00:00,10,24,24,2.0,10.0,11.0,1.0,0.0,1.0,8,6,7,3,10,3,23.45,638.5,104.0,983.0,23.45,4.0,10.25,roster,0,85.0,60.0,0.7083,103.22,4.1982,0.6,0.5854,3.5417,51.48,8.68,40.2,22.85,24.575
2022-06-13 11:00:00,11,27,27,2.0,10.0,15.0,0.0,0.0,1.0,14,8,9,3,12,3,24.45,387.5,151.0,1043.0,24.45,4.0,10.25,roster,0,95.0,67.5,0.8482,112.78,5.1212,0.675,0.7805,3.5185,57.92,10.42,40.2,24.25,26.075
2022-06-13 12:00:00,12,30,30,2.0,10.0,18.0,0.0,0.0,1.0,11,9,11,3,14,3,25.45,214.5,125.0,846.0,25.45,4.0,10.25,roster,0,104.0,75.0,1.0,116.38,5.6439,0.75,0.878,3.4667,64.35,12.16,40.2,19.67,21.15
2022-06-13 13:00:00,13,34,34,2.0,11.0,21.0,0.0,0.0,1.0,9,9,14,3,17,3,26.45,191.0,154.0,731.0,26.45,4.0,10.25,roster,0,117.0,85.0,1.2717,124.89,5.9465,0.85,0.878,3.4412,72.93,14.76,40.2,17.0,18.275
2022-06-13 14:00:00,14,39,39,2.0,11.0,25.0,1.0,0.0,1.0,11,12,13,4,17,4,27.45,245.0,160.0,344.0,27.45,4.0,10.25,roster,0,131.0,97.5,1.4239,140.01,7.2075,0.975,1.1707,3.359,83.66,14.76,53.6,8.0,8.6
2022-06-13 15:00:00,15,39,39,3.0,9.0,26.0,1.0,0.0,1.0,13,13,10,3,13,3,28.45,278.0,217.0,851.0,28.45,4.0,10.25,roster,0,131.0,97.5,1.213,134.93,7.5352,0.975,1.2683,3.359,83.66,11.29,40.2,19.79,21.275
2022-06-13 16:00:00,16,43,43,2.0,9.0,32.0,0.0,0.0,1.0,11,12,14,2,16,2,29.45,278.5,108.0,911.0,29.45,4.0,10.25,roster,0,142.0,107.5,1.4792,134.11,7.4161,1.075,1.1707,3.3023,92.24,13.89,26.8,21.18,22.775
2022-06-13 17:00:00,17,44,44,3.0,10.0,29.0,2.0,0.0,1.0,14,14,16,2,18,2,30.45,190.0,136.0,524.0,30.45,4.0,10.25,roster,0,146.0,110.0,1.6591,128.99,8.1822,1.1,1.3659,3.3182,94.38,15.63,26.8,12.18,13.1
2022-06-13 18:00:00,18,40,40,3.0,5.0,30.0,2.0,0.0,1.0,8,8,21,2,23,2,31.45,217.0,137.0,454.0,31.45,4.0,10.25,roster,0,129.0,100.0,1.8971,123.13,5.7421,1.0,0.7805,3.225,85.8,19.97,26.8,10.56,11.35
2022-06-13 19:00:00,19,37,37,2.0,4.0,27.0,4.0,0.0,1.0,11,10,21,0,21,0,21.1,197.0,123.0,259.0,21.1,4.0,10.25,roster,0,115.0,92.5,1.5132,83.62,5.9073,0.925,0.9756,3.1081,79.36,18.23,0.0,6.02,6.475
2022-06-13 20:00:00,20,31,31,1.0,4.0,22.0,4.0,0.0,1.0,9,8,16,0,16,0,8.617,218.0,164.0,288.0,8.617,4.0,10.32,roster,0,95.0,77.5,0.9896,67.08,4.7506,0.775,0.7752,3.0645,66.5,13.89,0.0,6.7,7.2
2022-06-13 21:00:00,21,33,33,1.0,6.0,22.0,4.0,0.0,1.0,8,8,15,0,15,0,9.617,233.0,188.0,317.0,9.617,4.0,10.32,roster,0,103.0,82.5,1.03,71.18,4.9945,0.825,0.7752,3.1212,70.78,13.02,0.0,7.37,7.925
2022-06-13 22:00:00,22,26,26,1.0,4.0,19.0,2.0,0.0,1.0,12,6,12,1,13,1,10.617,250.0,118.0,344.0,10.617,3.0,7.28,roster,0,82.0,65.0,1.0123,68.46,4.6493,0.65,0.8242,3.1538,55.77,11.29,13.4,8.0,8.6
2022-06-13 23:00:00,23,27,27,0.0,5.0,21.0,1.0,0.0,1.0,9,8,10,1,11,1,11.617,253.0,172.0,392.0,11.617,3.0,7.28,roster,0,85.0,67.5,0.977,69.98,5.5845,0.675,1.0989,3.1481,57.92,9.55,13.4,9.11,9.8
2022-06-14 00:00:00,0,30,30,0.0,5.0,23.0,2.0,0.0,1.0,9,8,10,2,12,2,12.617,282.5,232.0,452.0,12.617,3.0,7.28,roster,0,93.0,75.0,1.1071,92.08,5.7316,0.75,1.0989,3.1,64.35,10.42,26.8,10.51,11.3
2022-06-14 01:00:00,1,29,29,0.0,7.0,21.0,1.0,0.0,1.0,7,6,11,2,13,2,13.617,312.0,283.0,483.0,13.617,3.0,7.28,roster,0,93.0,72.5,1.1481,91.52,4.968,0.725,0.8242,3.2069,62.2,11.29,26.8,11.23,12.075
2022-06-14 02:00:00,2,30,30,0.0,6.0,23.0,1.0,0.0,1.0,3,3,11,2,13,2,14.617,372.0,343.0,543.0,14.617,3.0,7.28,roster,0,95.0,75.0,1.1728,95.06,3.6799,0.75,0.4121,3.1667,64.35,11.29,26.8,12.62,13.575
2022-06-14 03:00:00,3,28,28,0.0,4.0,23.0,1.0,0.0,1.0,5,4,11,2,13,2,15.617,432.0,403.0,603.0,15.617,3.0,7.28,roster,0,87.0,70.0,1.0741,92.17,3.8822,0.7,0.5495,3.1071,60.06,11.29,26.8,14.02,15.075
2022-06-14 04:00:00,4,26,26,0.0,5.0,20.0,1.0,0.0,1.0,2,2,11,1,12,1,16.617,522.5,472.0,692.0,16.617,3.0,7.28,roster,0,82.0,65.0,0.9762,75.68,2.9164,0.65,0.2747,3.1538,55.77,10.42,13.4,16.09,17.3
2022-06-14 05:00:00,5,27,27,1.0,5.0,20.0,1.0,0.0,1.0,3,2,11,1,12,1,17.617,582.5,532.0,752.0,17.617,3.0,7.28,roster,0,87.0,67.5,1.0357,79.22,3.0602,0.675,0.2747,3.2222,57.92,10.42,13.4,17.48,18.8
2022-06-14 06:00:00,6,24,24,1.0,4.0,19.0,0.0,0.0,1.0,1,1,11,1,12,1,18.617,642.5,592.0,812.0,18.617,3.0,7.28,roster,0,78.0,60.0,0.9286,74.18,2.3964,0.6,0.1374,3.25,51.48,10.42,13.4,18.88,20.3
2022-06-14 07:00:00,7,25,25,1.0,3.0,21.0,0.0,0.0,1.0,3,3,11,1,12,1,19.617,702.5,652.0,872.0,19.617,3.0,7.28,roster,0,80.0,62.5,0.9524,77.72,3.3187,0.625,0.4121,3.2,53.62,10.42,13.4,20.27,21.8
2022-06-14 08:00:00,8,25,25,1.0,4.0,20.0,0.0,0.0,1.0,7,6,11,1,12,1,20.617,762.5,712.0,932.0,20.617,3.0,6.6,roster,0,81.0,62.5,0.9643,79.11,4.9705,0.625,0.9091,3.24,53.62,10.42,13.4,21.67,23.3
2022-06-14 09:00:00,9,22,22,1.0,4.0,17.0,0.0,0.0,1.0,5,4,10,1,11,1,21.617,853.0,763.0,992.0,21.617,3.0,6.6,roster,0,72.0,55.0,0.8276,73.21,3.7835,0.55,0.6061,3.2727,47.19,9.55,13.4,23.06,24.8
2022-06-14 10:00:00,10,28,28,1.0,3.0,23.0,1.0,0.0,1.0,16,13,7,1,8,1,22.617,830.5,332.0,1023.0,22.617,4.0,10.06,roster,0,88.0,70.0,0.6875,84.19,6.2613,0.7,1.2922,3.1429,60.06,6.95,13.4,23.78,25.575
2022-06-14 11:00:00,11,29,29,2.0,3.0,24.0,0.0,0.0,1.0,10,8,12,1,13,1,23.617,134.0,90.0,898.0,23.617,4.0,10.06,roster,0,94.0,72.5,0.8704,87.77,4.9276,0.725,0.7952,3.2414,62.2,11.29,13.4,20.88,22.45
2022-06-14 12:00:00,12,36,36,2.0,2.0,32.0,0.0,0.0,1.0,13,11,13,2,15,2,24.617,150.0,115.0,958.0,24.617,4.0,10.06,roster,0,114.0,90.0,1.14,119.32,6.3126,0.9,1.0934,3.1667,77.22,13.02,26.8,22.27,23.95
2022-06-14 13:00:00,13,33,33,2.0,4.0,26.0,0.0,1.0,1.0,10,8,15,2,17,2,25.617,191.0,132.0,254.0,25.617,4.0,10.06,roster,0,105.0,82.5,1.1413,98.25,5.1553,0.825,0.7952,3.1818,70.78,14.76,26.8,5.91,6.35
2022-06-14 14:00:00,14,30,30,2.0,4.0,24.0,0.0,0.0,1.0,7,6,14,2,16,2,26.617,241.0,172.0,279.0,26.617,4.0,10.06,roster,0,98.0,75.0,1.0208,91.53,4.3983,0.75,0.5964,3.2667,64.35,13.89,26.8,6.49,6.975
2022-06-14 15:00:00,15,33,33,1.0,6.0,26.0,0.0,0.0,1.0,9,9,14,2,16,2,27.617,242.0,196.0,326.0,27.617,4.0,10.06,roster,0,107.0,82.5,1.1146,99.06,5.5758,0.825,0.8946,3.2424,70.78,13.89,26.8,7.58,8.15
2022-06-14 16:00:00,16,41,41,1.0,8.0,32.0,0.0,0.0,1.0,13,11,16,2,18,2,28.617,271.5,163.0,367.0,28.617,4.0,10.06,roster,0,133.0,102.5,1.5114,118.91,6.872,1.025,1.0934,3.2439,87.94,15.63,26.8,8.53,9.175
2022-06-14 17:00:00,17,39,39,1.0,9.0,25.0,1.0,3.0,1.0,10,10,15,3,18,3,22.217,237.0,162.0,409.0,22.217,4.0,10.06,roster,0,121.0,97.5,1.375,128.99,6.1091,0.975,0.994,3.1026,83.66,15.63,40.2,9.51,10.225
2022-06-14 18:00:00,18,38,38,1.0,9.0,26.0,1.0,1.0,1.0,9,8,15,2,17,2,23.217,307.0,230.0,469.0,23.217,4.0,10.06,roster,0,122.0,95.0,1.3261,113.98,5.6031,0.95,0.7952,3.2105,81.51,14.76,26.8,10.9,11.725
2022-06-14 19:00:00,19,35,35,1.0,10.0,22.0,2.0,0.0,1.0,9,9,17,3,20,3,24.217,345.0,234.0,529.0,24.217,4.0,10.06,roster,0,115.0,87.5,1.4375,124.94,5.8145,0.875,0.8946,3.2857,75.08,17.37,40.2,12.3,13.225
2022-06-14 20:00:00,20,41,41,1.0,9.0,26.0,3.0,2.0,1.0,16,13,18,3,21,3,11.2,359.0,223.0,523.0,10.433,4.0,11.52,roster,0,127.0,102.5,1.6711,138.54,6.6705,1.025,1.1285,3.0976,87.94,18.23,40.2,12.16,13.075
2022-06-14 21:00:00,21,35,35,1.0,9.0,20.0,5.0,0.0,1.0,12,9,17,2,19,2,12.2,365.0,204.0,560.0,11.117,4.0,11.52,roster,0,111.0,87.5,1.3214,111.39,5.2527,0.875,0.7812,3.1714,75.08,16.5,26.8,13.02,14.0
2022-06-14 22:00:00,22,31,31,0.0,10.0,19.0,2.0,0.0,1.0,14,11,13,2,15,2,13.2,414.0,200.0,527.0,12.117,3.0,8.06,roster,0,101.0,77.5,1.3467,98.57,6.9715,0.775,1.3648,3.2581,66.5,13.02,26.8,12.25,13.175
2022-06-14 23:00:00,23,25,25,1.0,10.0,13.0,1.0,0.0,1.0,5,5,12,2,14,2,14.2,371.0,248.0,530.0,10.117,3.0,8.06,roster,0,86.0,62.5,1.1026,84.9,4.284,0.625,0.6203,3.44,53.62,12.16,26.8,12.32,13.25
2022-06-15 00:00:00,0,29,29,1.0,10.0,15.0,2.0,1.0,1.0,6,7,17,2,19,2,15.2,320.0,106.0,545.0,11.117,3.0,8.06,roster,0,95.0,72.5,1.5079,98.17,5.22,0.725,0.8685,3.2759,62.2,16.5,26.8,12.67,13.625
2022-06-15 01:00:00,1,32,32,1.0,11.0,18.0,2.0,0.0,1.0,11,8,16,2,18,2,16.2,374.0,166.0,594.0,12.117,3.0,8.06,roster,0,107.0,80.0,1.6212,104.88,5.9939,0.8,0.9926,3.3438,68.64,15.63,26.8,13.81,14.85
2022-06-15 02:00:00,2,25,25,0.0,10.0,13.0,2.0,0.0,1.0,1,1,15,2,17,2,17.2,440.0,251.0,654.0,13.117,3.0,8.06,roster,0,83.0,62.5,1.2029,90.39,2.4869,0.625,0.1241,3.32,53.62,14.76,26.8,15.21,16.35
2022-06-15 03:00:00,3,23,23,0.0,10.0,12.0,1.0,0.0,1.0,2,1,14,2,16,2,18.2,505.5,328.0,725.0,14.117,3.0,8.06,roster,0,78.0,57.5,1.0833,86.88,2.3708,0.575,0.1241,3.3913,49.33,13.89,26.8,16.86,18.125
2022-06-15 04:00:00,4,21,21,0.0,9.0,11.0,1.0,0.0,1.0,1,1,13,2,15,2,19.2,571.0,388.0,785.0,15.117,3.0,8.06,roster,0,71.0,52.5,0.9467,83.12,2.1945,0.525,0.1241,3.381,45.04,13.02,26.8,18.25,19.625
2022-06-15 05:00:00,5,21,21,0.0,9.0,11.0,1.0,0.0,1.0,1,0,13,2,15,2,20.2,631.0,448.0,845.0,16.117,3.0,8.06,roster,0,71.0,52.5,0.9467,84.52,1.775,0.525,0.0,3.381,45.04,13.02,26.8,19.65,21.125
2022-06-15 06:00:00,6,23,23,0.0,9.0,13.0,1.0,0.0,1.0,2,2,13,2,15,2,21.2,691.0,508.0,905.0,17.117,3.0,8.06,roster,0,77.0,57.5,1.0267,90.2,2.7557,0.575,0.2481,3.3478,49.33,13.02,26.8,21.04,22.625
2022-06-15 07:00:00,7,22,22,0.0,8.0,11.0,3.0,0.0,1.0,4,3,13,2,15,2,22.2,751.0,568.0,965.0,18.117,3.0,8.06,roster,0,71.0,55.0,0.9467,89.45,2.9762,0.55,0.3722,3.2273,47.19,13.02,26.8,22.44,24.125
2022-06-15 08:00:00,8,23,23,0.0,8.0,13.0,2.0,0.0,1.0,5,5,12,2,14,2,23.2,845.0,765.0,1025.0,19.117,3.0,6.96,roster,0,75.0,57.5,0.9615,92.12,4.2176,0.575,0.7184,3.2609,49.33,12.16,26.8,23.83,25.625
2022-06-15 09:00:00,9,26,26,0.0,9.0,15.0,2.0,0.0,1.0,3,3,14,2,16,2,24.2,865.5,688.0,1085.0,20.117,3.0,6.96,roster,0,85.0,65.0,1.1806,101.69,3.5342,0.65,0.431,3.2692,55.77,13.89,26.8,25.23,27.125
2022-06-15 10:00:00,10,32,32,0.0,9.0,22.0,1.0,0.0,1.0,8,8,16,2,18,2,25.2,914.0,677.0,1134.0,21.117,4.0,10.66,roster,0,104.0,80.0,1.1818,117.44,5.039,0.8,0.7505,3.25,68.64,15.63,26.8,26.37,28.35
2022-06-15 11:00:00,11,29,29,0.0,9.0,19.0,1.0,0.0,1.0,3,3,18,2,20,2,26.2,876.5,203.0,1123.0,22.117,4.0,10.66,roster,0,95.0,72.5,1.1875,112.48,3.2969,0.725,0.2814,3.2759,62.2,17.37,26.8,26.11,28.075
2022-06-15 12:00:00,12,32,32,0.0,10.0,21.0,1.0,0.0,1.0,9,7,16,2,18,2,27.2,936.5,263.0,1183.0,23.117,4.0,10.66,roster,0,105.0,80.0,1.1932,118.57,4.7797,0.8,0.6567,3.2812,68.64,15.63,26.8,27.5,29.575
2022-06-15 13:00:00,13,29,29,0.0,8.0,20.0,1.0,0.0,1.0,5,5,14,2,16,2,28.2,1076.5,254.0,1314.0,24.117,4.0,10.66,roster,0,94.0,72.5,0.9792,113.45,3.8703,0.725,0.469,3.2414,62.2,13.89,26.8,30.55,32.85
2022-06-15 14:00:00,14,29,29,1.0,6.0,19.0,3.0,0.0,1.0,8,8,10,2,12,2,29.2,650.0,254.0,1171.0,24.783,4.0,10.66,roster,0,92.0,72.5,0.8214,106.65,4.6808,0.725,0.7505,3.1724,62.2,10.42,26.8,27.23,29.275
2022-06-15 15:00:00,15,19,19,0.0,4.0,14.0,1.0,0.0,1.0,5,3,7,0,7,0,30.2,443.0,234.0,1231.0,23.9,4.0,10.66,roster,0,60.0,47.5,0.4545,55.45,2.3887,0.475,0.2814,3.1579,40.75,6.08,0.0,28.62,30.775
2022-06-15 16:00:00,16,17,17,1.0,2.0,14.0,0.0,0.0,1.0,8,8,4,0,4,0,31.2,438.5,374.0,1291.0,21.517,4.0,10.66,roster,0,55.0,42.5,0.3819,49.95,3.803,0.425,0.7505,3.2353,36.46,3.47,0.0,30.02,32.275
2022-06-15 17:00:00,17,12,12,1.0,1.0,9.0,1.0,0.0,1.0,6,4,4,0,4,0,32.2,252.5,71.0,563.0,9.383,4.0,10.66,roster,0,38.0,30.0,0.2639,22.3,2.1382,0.3,0.3752,3.1667,25.74,3.47,0.0,13.09,14.075
2022-06-15 18:00:00,18,16,16,1.0,1.0,11.0,3.0,0.0,1.0,7,6,5,0,5,0,33.2,131.0,129.0,494.0,10.383,4.0,10.66,roster,0,48.0,40.0,0.3429,30.15,2.8886,0.4,0.5629,3.0,34.32,4.34,0.0,11.49,12.35
2022-06-15 19:00:00,19,19,19,2.0,2.0,11.0,2.0,2.0,1.0,10,9,5,0,5,0,34.2,191.0,189.0,554.0,11.383,4.0,10.66,roster,0,57.0,47.5,0.4071,37.98,3.9578,0.475,0.8443,3.0,40.75,4.34,0.0,12.88,13.85
2022-06-15 20:00:00,20,18,18,0.0,1.0,15.0,1.0,1.0,1.0,8,6,5,0,5,0,35.2,171.0,98.0,249.0,12.383,4.0,11.44,roster,0,52.0,45.0,0.3714,28.74,2.8152,0.45,0.5245,2.8889,38.61,4.34,0.0,5.79,6.225
2022-06-15 21:00:00,21,19,19,1.0,4.0,13.0,1.0,0.0,1.0,9,8,4,0,4,0,13.383,194.5,158.0,803.0,13.383,4.0,11.44,roster,0,62.0,47.5,0.4306,42.9,3.8319,0.475,0.6993,3.2632,40.75,3.47,0.0,18.67,20.075
2022-06-15 22:00:00,22,18,18,3.0,3.0,12.0,0.0,0.0,1.0,10,8,5,1,6,1,14.383,109.0,86.0,218.0,14.383,3.0,7.74,roster,0,63.0,45.0,0.6176,42.29,5.1926,0.45,1.0336,3.5,38.61,5.21,13.4,5.07,5.45
2022-06-15 23:00:00,23,18,18,3.0,1.0,13.0,1.0,0.0,1.0,6,6,4,3,7,3,10.483,102.0,94.0,146.0,2.717,3.0,7.74,roster,0,60.0,45.0,0.6061,68.28,4.084,0.45,0.7752,3.3333,38.61,6.08,40.2,3.39,3.65
2022-06-16 00:00:00,0,25,25,4.0,1.0,16.0,2.0,2.0,1.0,12,10,5,3,8,3,11.483,155.5,127.0,206.0,3.717,3.0,7.74,roster,0,78.0,62.5,0.8125,85.56,5.981,0.625,1.292,3.12,53.62,6.95,40.2,4.79,5.15
2022-06-16 01:00:00,1,21,21,3.0,1.0,15.0,2.0,0.0,1.0,6,4,5,2,7,2,12.483,187.0,127.0,248.0,4.433,3.0,7.74,roster,0,68.0,52.5,0.6869,63.69,3.3734,0.525,0.5168,3.2381,45.04,6.08,26.8,5.77,6.2
2022-06-16 02:00:00,2,17,17,2.0,1.0,12.0,2.0,0.0,1.0,2,2,5,1,6,1,13.483,227.5,187.0,274.0,5.433,3.0,7.74,roster,0,54.0,42.5,0.5294,41.45,2.1708,0.425,0.2584,3.1765,36.46,5.21,13.4,6.37,6.85
2022-06-16 03:00:00,3,15,15,2.0,1.0,10.0,2.0,0.0,1.0,2,2,5,1,6,1,14.483,287.5,247.0,334.0,6.433,3.0,7.74,roster,0,48.0,37.5,0.4706,38.55,2.0269,0.375,0.2584,3.2,32.17,5.21,13.4,7.77,8.35
2022-06-16 04:00:00,4,17,17,2.0,1.0,13.0,1.0,0.0,1.0,5,5,5,1,6,1,8.9,347.5,307.0,394.0,7.433,3.0,7.74,roster,0,55.0,42.5,0.5392,44.24,3.465,0.425,0.646,3.2353,36.46,5.21,13.4,9.16,9.85
2022-06-16 05:00:00,5,15,15,2.0,2.0,10.0,1.0,0.0,1.0,2,2,6,1,7,1,9.9,388.0,343.0,454.0,8.433,3.0,7.74,roster,0,50.0,37.5,0.5051,42.21,2.1113,0.375,0.2584,3.3333,32.17,6.08,13.4,10.56,11.35
2022-06-16 06:00:00,6,13,13,2.0,1.0,9.0,1.0,0.0,1.0,1,1,6,1,7,1,10.9,448.0,403.0,514.0,9.433,3.0,7.74,roster,0,43.0,32.5,0.4343,39.31,1.5024,0.325,0.1292,3.3077,27.88,6.08,13.4,11.95,12.85
2022-06-16 07:00:00,7,15,15,2.0,1.0,11.0,1.0,0.0,1.0,2,2,7,1,8,1,11.9,497.5,463.0,574.0,10.433,3.0,7.74,roster,0,49.0,37.5,0.5104,45.87,2.0691,0.375,0.2584,3.2667,32.17,6.95,13.4,13.35,14.35
2022-06-16 08:00:00,8,15,15,2.0,1.0,12.0,0.0,0.0,1.0,3,3,7,1,8,1,12.9,557.5,523.0,634.0,11.433,3.0,6.43,roster,0,50.0,37.5,0.5208,47.26,2.8052,0.375,0.4666,3.3333,32.17,6.95,13.4,14.74,15.85
2022-06-16 09:00:00,9,15,15,2.0,0.0,13.0,0.0,0.0,1.0,4,4,5,1,6,1,13.9,617.5,583.0,667.0,11.567,3.0,6.43,roster,0,49.0,37.5,0.4804,46.29,3.2571,0.375,0.6221,3.2667,32.17,5.21,13.4,15.51,16.675
2022-06-16 10:00:00,10,20,20,3.0,1.0,16.0,0.0,0.0,1.0,6,6,8,1,9,1,14.9,643.0,105.0,688.0,12.567,4.0,10.3,roster,0,67.0,50.0,0.5403,60.11,3.6265,0.5,0.5825,3.35,42.9,7.81,13.4,16.0,17.2
2022-06-16 11:00:00,11,28,28,4.0,3.0,20.0,0.0,1.0,1.0,13,10,10,1,11,1,15.9,165.0,103.0,748.0,13.567,4.0,10.3,roster,0,93.0,70.0,0.8017,80.4,5.5497,0.7,0.9709,3.3214,60.06,9.55,13.4,17.39,18.7
2022-06-16 12:00:00,12,31,31,4.0,3.0,24.0,0.0,0.0,1.0,9,7,13,3,16,3,16.9,160.0,102.0,763.0,14.117,4.0,10.3,roster,0,104.0,77.5,1.0833,118.33,4.88,0.775,0.6796,3.3548,66.5,13.89,40.2,17.74,19.075
2022-06-16 13:00:00,13,31,31,4.0,4.0,22.0,1.0,0.0,1.0,6,5,14,3,17,3,15.117,174.0,137.0,243.0,15.117,4.0,10.3,roster,0,104.0,77.5,1.1304,107.11,4.2286,0.775,0.4854,3.3548,66.5,14.76,40.2,5.65,6.075
2022-06-16 14:00:00,14,30,30,5.0,6.0,18.0,1.0,0.0,1.0,9,7,14,3,17,3,16.117,222.0,188.0,283.0,16.117,4.0,10.3,roster,0,105.0,75.0,1.1413,105.89,5.0036,0.75,0.6796,3.5,64.35,14.76,40.2,6.58,7.075
2022-06-16 15:00:00,15,34,34,5.0,8.0,19.0,2.0,0.0,1.0,9,7,18,4,22,4,17.117,252.5,115.0,327.0,17.117,4.0,10.3,roster,0,118.0,85.0,1.6389,133.24,5.3087,0.85,0.6796,3.4706,72.93,19.1,53.6,7.6,8.175
2022-06-16 16:00:00,16,28,28,3.0,8.0,16.0,1.0,0.0,1.0,6,5,15,3,18,3,18.117,230.0,122.0,324.0,18.117,4.0,10.3,roster,0,97.0,70.0,1.1023,103.42,4.1067,0.7,0.4854,3.4643,60.06,15.63,40.2,7.53,8.1
2022-06-16 17:00:00,17,28,28,3.0,9.0,15.0,1.0,0.0,1.0,9,9,12,4,16,4,19.117,196.0,159.0,447.0,19.117,4.0,10.3,roster,0,98.0,70.0,1.0208,117.95,5.5083,0.7,0.8738,3.5,60.06,13.89,53.6,10.39,11.175
2022-06-16 18:00:00,18,28,28,5.0,5.0,17.0,1.0,0.0,1.0,5,5,12,4,16,4,20.117,245.0,192.0,507.0,20.117,4.0,10.3,roster,0,98.0,70.0,1.0208,119.34,4.149,0.7,0.4854,3.5,60.06,13.89,53.6,11.79,12.675
2022-06-16 19:00:00,19,24,24,6.0,6.0,11.0,1.0,0.0,1.0,5,5,11,2,13,2,20.117,252.0,155.0,367.0,20.117,4.0,10.3,roster,0,89.0,60.0,0.8241,78.1,4.0252,0.6,0.4854,3.7083,51.48,11.29,26.8,8.53,9.175
2022-06-16 20:00:00,20,31,31,6.0,8.0,14.0,2.0,1.0,1.0,16,13,10,2,12,2,20.25,179.0,113.0,349.0,7.117,4.0,10.52,roster,0,109.0,77.5,0.9732,91.83,7.07,0.775,1.2357,3.5161,66.5,10.42,26.8,8.11,8.725
2022-06-16 21:00:00,21,36,36,6.0,10.0,17.0,3.0,0.0,1.0,12,11,13,3,16,3,21.25,169.0,94.0,372.0,8.117,4.0,10.52,roster,0,127.0,90.0,1.3229,119.96,6.8637,0.9,1.0456,3.5278,77.22,13.89,40.2,8.65,9.3
2022-06-16 22:00:00,22,37,37,5.0,10.0,21.0,1.0,0.0,1.0,13,11,11,3,14,3,22.25,199.5,145.0,395.0,9.117,3.0,6.65,roster,0,130.0,92.5,1.6667,120.91,9.0618,0.925,1.6541,3.5135,79.36,12.16,40.2,9.18,9.875
2022-06-16 23:00:00,23,33,33,6.0,10.0,16.0,1.0,0.0,1.0,8,7,10,4,14,4,23.25,211.0,191.0,293.0,9.033,3.0,6.65,roster,0,120.0,82.5,1.5385,123.35,6.8278,0.825,1.0526,3.6364,70.78,12.16,53.6,6.81,7.325
2022-06-17 00:00:00,0,35,35,7.0,11.0,17.0,0.0,0.0,1.0,10,9,11,4,15,4,24.25,265.0,131.0,345.0,10.033,3.0,6.65,roster,0,130.0,87.5,1.7333,129.72,8.2769,0.875,1.3534,3.7143,75.08,13.02,53.6,8.02,8.625
2022-06-17 01:00:00,1,31,31,7.0,10.0,14.0,0.0,0.0,1.0,2,2,14,4,18,4,25.25,293.0,125.0,376.0,11.033,3.0,6.65,roster,0,117.0,77.5,1.7727,124.47,4.0601,0.775,0.3008,3.7742,66.5,15.63,53.6,8.74,9.4
2022-06-17 02:00:00,2,31,31,7.0,10.0,14.0,0.0,0.0,1.0,3,3,14,4,18,4,26.25,353.0,185.0,436.0,12.033,3.0,6.65,roster,0,117.0,77.5,1.7727,125.86,4.6276,0.775,0.4511,3.7742,66.5,15.63,53.6,10.14,10.9
2022-06-17 03:00:00,3,32,32,7.0,10.0,15.0,0.0,0.0,1.0,2,2,15,4,19,4,27.25,395.0,236.0,496.0,13.033,3.0,6.65,roster,0,120.0,80.0,1.9048,130.27,4.1278,0.8,0.3008,3.75,68.64,16.5,53.6,11.53,12.4
2022-06-17 04:00:00,4,32,32,7.0,9.0,16.0,0.0,0.0,1.0,5,5,14,4,18,4,28.25,473.0,305.0,556.0,14.033,3.0,6.65,roster,0,119.0,80.0,1.803,130.8,5.7711,0.8,0.7519,3.7188,68.64,15.63,53.6,12.93,13.9
2022-06-17 05:00:00,5,30,30,7.0,9.0,14.0,0.0,0.0,1.0,3,3,13,4,17,4,29.25,551.0,377.0,616.0,15.033,3.0,6.65,roster,0,113.0,75.0,1.6377,127.03,4.5242,0.75,0.4511,3.7667,64.35,14.76,53.6,14.32,15.4
2022-06-17 06:00:00,6,30,30,7.0,9.0,14.0,0.0,0.0,1.0,2,3,13,4,17,4,30.25,611.0,437.0,676.0,16.033,3.0,6.65,roster,0,113.0,75.0,1.6377,128.43,4.5242,0.75,0.4511,3.7667,64.35,14.76,53.6,15.72,16.9
2022-06-17 07:00:00,7,28,28,7.0,9.0,12.0,0.0,0.0,1.0,1,1,14,4,18,4,31.25,653.0,485.0,736.0,17.033,3.0,6.65,roster,0,107.0,70.0,1.6212,126.4,3.2497,0.7,0.1504,3.8214,60.06,15.63,53.6,17.11,18.4
2022-06-17 08:00:00,8,29,29,7.0,9.0,13.0,0.0,0.0,1.0,2,2,15,4,19,4,32.25,695.0,536.0,796.0,18.033,3.0,7.43,roster,0,110.0,72.5,1.746,130.81,3.771,0.725,0.2692,3.7931,62.2,16.5,53.6,18.51,19.9
2022-06-17 09:00:00,9,28,28,7.0,9.0,12.0,0.0,0.0,1.0,3,2,14,4,18,4,33.25,666.0,583.0,856.0,19.033,3.0,7.43,roster,0,107.0,70.0,1.6212,129.19,3.7036,0.7,0.2692,3.8214,60.06,15.63,53.6,19.9,21.4
2022-06-17 10:00:00,10,30,30,6.0,10.0,14.0,0.0,0.0,1.0,9,5,12,4,16,4,34.25,699.0,643.0,916.0,20.033,4.0,10.68,roster,0,112.0,75.0,1.1667,133.14,4.5478,0.75,0.4682,3.7333,64.35,13.89,53.6,21.3,22.9
2022-06-17 11:00:00,11,26,26,5.0,9.0,12.0,0.0,0.0,1.0,7,4,10,3,13,3,35.25,737.0,686.0,911.0,19.583,4.0,10.68,roster,0,97.0,65.0,0.8981,108.44,3.8223,0.65,0.3745,3.7308,55.77,11.29,40.2,21.18,22.775
2022-06-17 12:00:00,12,25,25,5.0,10.0,9.0,1.0,0.0,1.0,4,4,11,2,13,2,36.25,785.0,372.0,851.0,17.75,4.0,10.68,roster,0,94.0,62.5,0.8704,91.5,3.7582,0.625,0.3745,3.76,53.62,11.29,26.8,19.79,21.275
2022-06-17 13:00:00,13,27,27,5.0,9.0,13.0,0.0,0.0,1.0,6,5,11,2,13,2,37.25,823.0,204.0,901.0,18.267,4.0,10.68,roster,0,100.0,67.5,0.9259,96.95,4.2339,0.675,0.4682,3.7037,57.92,11.29,26.8,20.95,22.525
2022-06-17 14:00:00,14,23,23,4.0,8.0,10.0,1.0,0.0,1.0,3,4,9,1,10,1,38.25,874.5,172.0,971.0,19.267,4.0,10.68,roster,0,84.0,57.5,0.7,73.99,3.4679,0.575,0.3745,3.6522,49.33,8.68,13.4,22.58,24.275
2022-06-17 15:00:00,15,15,15,3.0,5.0,6.0,1.0,0.0,1.0,3,3,4,1,5,1,39.25,232.0,214.0,943.0,20.267,4.0,10.68,roster,0,55.0,37.5,0.3929,51.84,2.405,0.375,0.2809,3.6667,32.17,4.34,13.4,21.92,23.575
2022-06-17 16:00:00,16,20,20,3.0,7.0,10.0,0.0,0.0,1.0,10,10,3,1,4,1,40.25,647.5,292.0,1276.0,21.267,4.0,10.68,roster,0,73.0,50.0,0.5069,69.44,5.2426,0.5,0.9363,3.65,42.9,3.47,13.4,29.67,31.9
2022-06-17 17:00:00,17,23,23,3.0,7.0,10.0,0.0,3.0,1.0,10,7,4,2,6,2,41.25,275.0,116.0,1063.0,22.267,4.0,10.68,roster,0,76.0,57.5,0.5588,86.06,4.0658,0.575,0.6554,3.3043,49.33,5.21,26.8,24.71,26.575
2022-06-17 18:00:00,18,24,24,3.0,7.0,12.0,0.0,2.0,1.0,9,7,7,2,9,2,42.25,176.0,108.0,412.0,23.267,4.0,10.68,roster,0,81.0,60.0,0.6532,75.67,4.2371,0.6,0.6554,3.375,51.48,7.81,26.8,9.58,10.3
2022-06-17 19:00:00,19,18,18,3.0,5.0,10.0,0.0,0.0,1.0,3,1,8,2,10,2,43.25,176.0,155.0,472.0,24.267,4.0,10.68,roster,0,65.0,45.0,0.5417,65.07,1.9631,0.45,0.0936,3.6111,38.61,8.68,26.8,10.97,11.8
2022-06-17 20:00:00,20,23,23,3.0,5.0,14.0,1.0,0.0,1.0,10,10,6,1,7,1,44.25,228.0,168.0,532.0,25.267,4.0,9.55,roster,0,79.0,57.5,0.5985,61.18,5.5716,0.575,1.0471,3.4348,49.33,6.08,13.4,12.37,13.3
2022-06-17 21:00:00,21,27,27,3.0,5.0,18.0,0.0,1.0,1.0,8,8,8,0,8,0,45.25,223.0,103.0,592.0,26.267,4.0,9.55,roster,0,90.0,67.5,0.7031,58.63,5.0423,0.675,0.8377,3.3333,57.92,6.95,0.0,13.76,14.8
2022-06-17 22:00:00,22,24,24,2.0,5.0,15.0,1.0,1.0,1.0,9,5,7,0,7,0,46.25,163.0,137.0,348.0,10.867,3.0,6.3,roster,0,78.0,60.0,0.7879,45.65,4.5294,0.6,0.7937,3.25,51.48,6.08,0.0,8.09,8.7
2022-06-17 23:00:00,23,20,20,1.0,4.0,14.0,1.0,0.0,1.0,4,4,5,0,5,0,47.25,205.0,197.0,223.0,6.8,3.0,6.3,roster,0,65.0,50.0,0.619,32.43,3.6885,0.5,0.6349,3.25,42.9,4.34,0.0,5.18,5.575
2022-06-18 00:00:00,0,19,19,1.0,2.0,16.0,0.0,0.0,1.0,11,7,4,0,4,0,48.25,261.0,257.0,283.0,4.717,3.0,6.3,roster,0,61.0,47.5,0.5648,30.81,5.0923,0.475,1.1111,3.2105,40.75,3.47,0.0,6.58,7.075
2022-06-18 01:00:00,1,17,17,1.0,2.0,14.0,0.0,0.0,1.0,6,6,4,0,4,0,49.25,321.0,317.0,343.0,5.717,3.0,6.3,roster,0,55.0,42.5,0.5093,27.91,4.4562,0.425,0.9524,3.2353,36.46,3.47,0.0,7.97,8.575
2022-06-18 02:00:00,2,15,15,1.0,2.0,12.0,0.0,0.0,1.0,3,3,5,1,6,1,50.25,344.0,85.0,385.0,6.717,3.0,6.3,roster,0,49.0,37.5,0.4804,39.74,2.7806,0.375,0.4762,3.2667,32.17,5.21,13.4,8.95,9.625
2022-06-18 03:00:00,3,16,16,1.0,2.0,13.0,0.0,0.0,1.0,3,3,6,1,7,1,51.25,371.0,138.0,445.0,7.717,3.0,6.3,roster,0,52.0,40.0,0.5253,44.14,2.8476,0.4,0.4762,3.25,34.32,6.08,13.4,10.35,11.125
2022-06-18 04:00:00,4,16,16,1.0,2.0,13.0,0.0,0.0,1.0,2,2,6,1,7,1,52.25,431.0,198.0,505.0,8.717,3.0,6.3,roster,0,52.0,40.0,0.5253,45.54,2.3317,0.4,0.3175,3.25,34.32,6.08,13.4,11.74,12.625
2022-06-18 05:00:00,5,15,15,1.0,2.0,12.0,0.0,0.0,1.0,2,1,5,1,6,1,53.25,524.0,258.0,565.0,9.717,3.0,6.3,roster,0,49.0,37.5,0.4804,43.92,1.7435,0.375,0.1587,3.2667,32.17,5.21,13.4,13.14,14.125
2022-06-18 06:00:00,6,18,18,2.0,3.0,13.0,0.0,0.0,1.0,5,4,4,1,5,1,54.25,551.0,318.0,625.0,10.717,3.0,6.3,roster,0,61.0,45.0,0.581,50.88,3.6767,0.45,0.6349,3.3889,38.61,4.34,13.4,14.53,15.625
2022-06-18 07:00:00,7,20,20,2.0,3.0,15.0,0.0,0.0,1.0,3,3,5,3,8,3,55.25,354.5,109.0,685.0,11.717,3.0,6.3,roster,0,67.0,50.0,0.6979,85.97,3.2702,0.5,0.4762,3.35,42.9,6.95,40.2,15.93,17.125
2022-06-18 08:00:00,8,21,21,2.0,3.0,16.0,0.0,0.0,1.0,6,5,6,3,9,3,56.25,391.0,163.0,671.0,12.717,3.0,7.06,roster,0,70.0,52.5,0.7527,88.66,4.1107,0.525,0.7082,3.3333,45.04,7.81,40.2,15.6,16.775
2022-06-18 09:00:00,9,21,21,2.0,4.0,15.0,0.0,0.0,1.0,4,4,4,3,7,3,57.25,498.0,223.0,805.0,13.717,3.0,7.06,roster,0,71.0,52.5,0.7172,90.04,3.6906,0.525,0.5666,3.381,45.04,6.08,40.2,18.72,20.125
2022-06-18 10:00:00,10,20,20,1.0,6.0,12.0,1.0,0.0,1.0,7,6,5,2,7,2,58.25,558.0,263.0,865.0,14.717,4.0,10.76,roster,0,67.0,50.0,0.5076,75.89,3.543,0.5,0.5576,3.35,42.9,6.08,26.8,20.11,21.625
2022-06-18 11:00:00,11,16,16,1.0,6.0,8.0,1.0,0.0,1.0,7,1,5,3,8,3,59.25,447.0,167.0,851.0,15.717,4.0,10.76,roster,0,55.0,40.0,0.4297,81.25,1.6945,0.4,0.0929,3.4375,34.32,6.95,40.2,19.79,21.275
2022-06-18 12:00:00,12,19,19,1.0,5.0,10.0,2.0,1.0,1.0,8,5,4,2,6,2,60.25,305.0,168.0,631.0,16.717,4.0,10.76,roster,0,60.0,47.5,0.4412,67.44,2.9674,0.475,0.4647,3.1579,40.75,5.21,26.8,14.67,15.775
2022-06-18 13:00:00,13,20,20,1.0,4.0,12.0,3.0,0.0,1.0,7,7,3,2,5,2,61.25,287.0,228.0,443.0,11.517,4.0,10.76,roster,0,63.0,50.0,0.45,64.34,3.6243,0.5,0.6506,3.15,42.9,4.34,26.8,10.3,11.075
2022-06-18 14:00:00,14,21,21,1.0,4.0,12.0,4.0,0.0,1.0,10,10,0,2,2,2,62.25,376.5,250.0,503.0,8.383,4.0,10.76,roster,0,65.0,52.5,0.4276,65.28,4.5016,0.525,0.9294,3.0952,45.04,1.74,26.8,11.69,12.575
2022-06-18 15:00:00,15,15,15,0.0,3.0,11.0,1.0,0.0,1.0,4,4,3,2,5,2,9.383,116.0,110.0,310.0,9.383,4.0,10.76,roster,0,47.0,37.5,0.3357,50.52,2.3398,0.375,0.3717,3.1333,32.17,4.34,26.8,7.21,7.75
2022-06-18 16:00:00,16,15,15,0.0,3.0,12.0,0.0,0.0,1.0,4,4,3,2,5,2,10.383,176.0,170.0,370.0,10.383,4.0,10.76,roster,0,48.0,37.5,0.3429,51.92,2.3896,0.375,0.3717,3.2,32.17,4.34,26.8,8.6,9.25
2022-06-18 17:00:00,17,17,17,0.0,3.0,13.0,1.0,0.0,1.0,8,8,4,2,6,2,11.383,231.0,113.0,430.0,11.383,4.0,10.76,roster,0,53.0,42.5,0.3897,58.47,3.643,0.425,0.7435,3.1176,36.46,5.21,26.8,10.0,10.75
2022-06-18 18:00:00,18,22,22,0.0,3.0,17.0,2.0,0.0,1.0,17,11,5,1,6,1,8.167,157.5,112.0,296.0,8.167,4.0,10.76,roster,0,67.0,55.0,0.4926,52.68,4.7884,0.55,1.0223,3.0455,47.19,5.21,13.4,6.88,7.4
2022-06-18 19:00:00,19,20,20,0.0,2.0,16.0,1.0,1.0,1.0,12,8,6,1,7,1,9.167,96.0,70.0,356.0,9.167,4.0,10.76,roster,0,59.0,50.0,0.447,50.66,3.6683,0.5,0.7435,2.95,42.9,6.08,13.4,8.28,8.9
2022-06-18 20:00:00,20,18,18,0.0,1.0,14.0,3.0,0.0,1.0,6,5,8,0,8,0,6.933,133.0,124.0,262.0,6.933,4.0,10.0,roster,0,52.0,45.0,0.4062,31.65,2.7444,0.45,0.5,2.8889,38.61,6.95,0.0,6.09,6.55
2022-06-18 21:00:00,21,15,15,1.0,1.0,12.0,1.0,0.0,1.0,9,4,3,0,3,0,7.933,190.0,175.0,476.0,7.933,4.0,10.0,roster,0,47.0,37.5,0.3176,25.85,2.4283,0.375,0.4,3.1333,32.17,2.6,0.0,11.07,11.9
2022-06-18 22:00:00,22,15,15,1.0,1.0,10.0,3.0,0.0,1.0,6,4,3,1,4,1,5.517,91.5,71.0,250.0,4.167,3.0,6.3,roster,0,45.0,37.5,0.4167,34.86,3.0298,0.375,0.6349,3.0,32.17,3.47,13.4,5.81,6.25
2022-06-18 23:00:00,23,19,19,1.0,0.0,15.0,3.0,0.0,1.0,7,7,3,0,3,0,6.217,131.0,125.0,310.0,5.167,3.0,6.3,roster,0,56.0,47.5,0.5045,30.57,4.6749,0.475,1.1111,2.9474,40.75,2.6,0.0,7.21,7.75
2022-06-19 00:00:00,0,14,14,1.0,0.0,12.0,1.0,0.0,1.0,5,3,3,0,3,0,7.217,191.0,185.0,370.0,6.167,3.0,6.3,roster,0,43.0,35.0,0.3874,21.24,2.5376,0.35,0.4762,3.0714,30.03,2.6,0.0,8.6,9.25
2022-06-19 01:00:00,1,14,14,1.0,1.0,11.0,1.0,0.0,1.0,8,5,2,0,2,0,8.217,337.5,245.0,430.0,7.167,3.0,6.3,roster,0,44.0,35.0,0.386,21.76,3.5943,0.35,0.7937,3.1429,30.03,1.74,0.0,10.0,10.75
2022-06-19 02:00:00,2,13,13,1.0,1.0,10.0,1.0,0.0,1.0,3,3,2,1,3,1,9.217,305.0,104.0,490.0,8.167,3.0,6.3,roster,0,41.0,32.5,0.3694,35.28,2.5268,0.325,0.4762,3.1538,27.88,2.6,13.4,11.39,12.25
2022-06-19 03:00:00,3,15,15,2.0,1.0,10.0,2.0,0.0,1.0,5,5,2,1,3,1,10.217,365.0,164.0,550.0,9.167,3.0,6.3,roster,0,48.0,37.5,0.4324,40.97,3.7397,0.375,0.7937,3.2,32.17,2.6,13.4,12.79,13.75
2022-06-19 04:00:00,4,16,16,3.0,1.0,11.0,1.0,0.0,1.0,4,4,3,1,4,1,11.217,324.5,224.0,610.0,10.167,3.0,6.3,roster,0,54.0,40.0,0.5,45.38,3.4929,0.4,0.6349,3.375,34.32,3.47,13.4,14.18,15.25
2022-06-19 05:00:00,5,18,18,3.0,2.0,11.0,2.0,0.0,1.0,2,2,4,1,5,1,12.217,284.0,121.0,485.0,11.167,3.0,6.3,roster,0,60.0,45.0,0.5714,47.63,2.5582,0.45,0.3175,3.3333,38.61,4.34,13.4,11.28,12.125
2022-06-19 06:00:00,6,18,18,4.0,3.0,10.0,1.0,0.0,1.0,6,3,4,1,5,1,13.217,344.0,181.0,545.0,12.167,3.0,6.3,roster,0,64.0,45.0,0.6095,49.02,3.2931,0.45,0.4762,3.5556,38.61,4.34,13.4,12.67,13.625
2022-06-19 07:00:00,7,21,21,4.0,3.0,12.0,2.0,0.0,1.0,6,4,5,1,6,1,14.217,322.5,198.0,605.0,13.167,3.0,6.3,roster,0,72.0,52.5,0.7059,57.72,3.9769,0.525,0.6349,3.4286,45.04,5.21,13.4,14.07,15.125
2022-06-19 08:00:00,8,19,19,4.0,3.0,10.0,2.0,0.0,1.0,5,4,5,1,6,1,15.217,382.5,258.0,665.0,14.167,3.0,6.55,roster,0,66.0,47.5,0.6471,54.83,3.7713,0.475,0.6107,3.4737,40.75,5.21,13.4,15.46,16.625
2022-06-19 09:00:00,9,20,20,3.0,3.0,13.0,0.0,1.0,1.0,7,7,5,1,6,1,16.217,442.5,318.0,725.0,15.167,3.0,6.55,roster,0,67.0,50.0,0.6569,58.37,5.2552,0.5,1.0687,3.35,42.9,5.21,13.4,16.86,18.125
2022-06-19 10:00:00,10,18,18,3.0,3.0,11.0,0.0,1.0,1.0,14,8,4,1,5,1,17.217,421.0,378.0,584.0,16.167,4.0,9.89,roster,0,61.0,45.0,0.4357,49.93,4.2663,0.45,0.8089,3.3889,38.61,4.34,13.4,13.58,14.6
2022-06-19 11:00:00,11,16,16,3.0,3.0,10.0,0.0,0.0,1.0,7,4,5,2,7,2,17.167,438.0,96.0,644.0,17.167,4.0,9.89,roster,0,57.0,40.0,0.4318,62.17,2.8658,0.4,0.4044,3.5625,34.32,6.08,26.8,14.97,16.1
2022-06-19 12:00:00,12,23,23,3.0,4.0,14.0,0.0,2.0,1.0,13,11,5,2,7,2,18.167,498.0,156.0,704.0,18.167,4.0,9.89,roster,0,75.0,57.5,0.5682,78.58,5.5019,0.575,1.1122,3.2609,49.33,6.08,26.8,16.37,17.6
2022-06-19 13:00:00,13,18,18,3.0,4.0,11.0,0.0,0.0,1.0,8,7,3,2,5,2,15.533,216.0,201.0,558.0,12.733,4.0,9.89,roster,0,64.0,45.0,0.4571,62.73,4.1166,0.45,0.7078,3.5556,38.61,4.34,26.8,12.97,13.95
2022-06-19 14:00:00,14,17,17,3.0,3.0,10.0,0.0,1.0,1.0,7,6,4,2,6,2,13.733,135.0,88.0,618.0,13.733,4.0,9.89,roster,0,58.0,42.5,0.4265,62.84,3.5198,0.425,0.6067,3.4118,36.46,5.21,26.8,14.37,15.45
2022-06-19 15:00:00,15,12,12,2.0,3.0,6.0,1.0,0.0,1.0,10,5,3,1,4,1,11.3,195.0,169.0,678.0,11.3,4.0,9.89,roster,0,42.0,30.0,0.2917,38.38,2.8195,0.3,0.5056,3.5,25.74,3.47,13.4,15.76,16.95
2022-06-19 16:00:00,16,13,13,1.0,3.0,8.0,0.0,1.0,1.0,11,7,1,1,2,1,4.683,238.5,196.0,281.0,4.683,4.0,9.89,roster,0,42.0,32.5,0.2763,29.55,3.3367,0.325,0.7078,3.2308,27.88,1.74,13.4,6.53,7.025
2022-06-19 17:00:00,17,12,12,1.0,3.0,8.0,0.0,0.0,1.0,8,7,1,1,2,1,5.683,298.5,256.0,341.0,5.683,4.0,9.89,roster,0,41.0,30.0,0.2697,28.8,3.4433,0.3,0.7078,3.4167,25.74,1.74,13.4,7.93,8.525
2022-06-19 18:00:00,18,17,17,0.0,4.0,11.0,2.0,0.0,1.0,10,8,2,1,3,1,6.683,88.0,80.0,401.0,6.683,4.0,9.89,roster,0,53.0,42.5,0.3581,41.79,3.8469,0.425,0.8089,3.1176,36.46,2.6,13.4,9.32,10.025
2022-06-19 19:00:00,19,14,14,0.0,3.0,10.0,1.0,0.0,1.0,8,7,2,1,3,1,7.683,148.0,140.0,461.0,7.683,4.0,9.89,roster,0,44.0,35.0,0.2973,36.75,3.3245,0.35,0.7078,3.1429,30.03,2.6,13.4,10.72,11.525
2022-06-19 20:00:00,20,11,11,0.0,3.0,7.0,1.0,0.0,1.0,7,6,1,1,2,1,8.683,360.5,200.0,521.0,8.683,4.0,9.69,roster,0,35.0,27.5,0.2303,30.84,2.8452,0.275,0.6192,3.1818,23.6,1.74,13.4,12.11,13.025
2022-06-19 21:00:00,21,18,18,0.0,3.0,14.0,1.0,0.0,1.0,13,10,3,1,4,1,9.683,171.5,83.0,581.0,9.683,4.0,9.69,roster,0,56.0,45.0,0.3889,48.99,4.6106,0.45,1.032,3.1111,38.61,3.47,13.4,13.51,14.525
2022-06-19 22:00:00,22,20,20,0.0,3.0,16.0,1.0,0.0,1.0,8,7,2,1,3,1,5.883,143.0,80.0,320.0,5.333,3.0,6.35,roster,0,62.0,50.0,0.5586,46.34,4.9673,0.5,1.1024,3.1,42.9,2.6,13.4,7.44,8.0
2022-06-19 23:00:00,23,23,23,0.0,4.0,17.0,1.0,1.0,1.0,14,11,4,1,5,1,6.883,140.0,89.0,203.0,6.333,3.0,6.35,roster,0,70.0,57.5,0.6667,51.8,7.0222,0.575,1.7323,3.0435,49.33,4.34,13.4,4.72,5.075
2022-06-20 00:00:00,0,21,21,0.0,5.0,16.0,0.0,0.0,1.0,7,7,5,1,6,1,7.333,174.5,130.0,263.0,7.333,3.0,6.35,roster,0,68.0,52.5,0.6667,49.77,5.2696,0.525,1.1024,3.2381,45.04,5.21,13.4,6.11,6.575
2022-06-20 01:00:00,1,26,26,1.0,6.0,18.0,1.0,0.0,1.0,8,8,8,1,9,1,8.333,190.0,115.0,260.0,8.333,3.0,6.35,roster,0,85.0,65.0,0.914,63.03,6.2437,0.65,1.2598,3.2692,55.77,7.81,13.4,6.04,6.5
2022-06-20 02:00:00,2,24,24,2.0,6.0,15.0,1.0,0.0,1.0,3,3,10,1,11,1,9.333,180.0,137.0,320.0,9.333,3.0,6.35,roster,0,81.0,60.0,0.931,61.87,3.6195,0.6,0.4724,3.375,51.48,9.55,13.4,7.44,8.0
2022-06-20 03:00:00,3,19,19,2.0,4.0,13.0,0.0,0.0,1.0,1,1,9,1,10,1,9.7,237.5,197.0,329.0,7.383,3.0,6.35,roster,0,65.0,47.5,0.7222,50.49,2.1637,0.475,0.1575,3.4211,40.75,8.68,13.4,7.65,8.225
2022-06-20 04:00:00,4,19,19,2.0,4.0,13.0,0.0,0.0,1.0,4,4,9,1,10,1,10.7,297.5,257.0,389.0,8.383,3.0,6.35,roster,0,65.0,47.5,0.7222,51.88,3.78,0.475,0.6299,3.4211,40.75,8.68,13.4,9.04,9.725
2022-06-20 05:00:00,5,17,17,2.0,3.0,12.0,0.0,0.0,1.0,1,1,9,1,10,1,11.7,357.5,317.0,449.0,9.383,3.0,6.35,roster,0,58.0,42.5,0.6444,48.99,1.9873,0.425,0.1575,3.4118,36.46,8.68,13.4,10.44,11.225
2022-06-20 06:00:00,6,19,19,2.0,4.0,13.0,0.0,0.0,1.0,4,4,9,1,10,1,12.7,417.5,377.0,509.0,10.383,3.0,6.35,roster,0,65.0,47.5,0.7222,54.67,3.78,0.475,0.6299,3.4211,40.75,8.68,13.4,11.83,12.725
2022-06-20 07:00:00,7,20,20,2.0,6.0,12.0,0.0,0.0,1.0,4,4,10,1,11,1,13.7,475.0,409.0,569.0,11.383,3.0,6.35,roster,0,70.0,50.0,0.8046,59.08,3.9547,0.5,0.6299,3.5,42.9,9.55,13.4,13.23,14.225
2022-06-20 08:00:00,8,18,18,1.0,6.0,11.0,0.0,0.0,1.0,2,2,13,0,13,0,12.383,503.0,149.0,610.0,12.383,3.0,7.22,roster,0,62.0,45.0,0.7654,44.08,2.5041,0.45,0.277,3.4444,38.61,11.29,0.0,14.18,15.25
2022-06-20 09:00:00,9,22,22,1.0,6.0,15.0,0.0,0.0,1.0,8,7,10,0,10,0,13.383,576.0,161.0,689.0,13.383,3.0,7.22,roster,0,74.0,55.0,0.8222,51.89,5.1111,0.55,0.9695,3.3636,47.19,8.68,0.0,16.02,17.225
2022-06-20 10:00:00,10,28,28,1.0,5.0,22.0,0.0,0.0,1.0,15,9,11,0,11,0,14.383,617.0,190.0,749.0,14.383,4.0,10.56,roster,0,91.0,70.0,0.7845,67.03,5.0449,0.7,0.8523,3.25,60.06,9.55,0.0,17.41,18.725
2022-06-20 11:00:00,11,28,28,1.0,5.0,22.0,0.0,0.0,1.0,10,7,12,0,12,0,15.383,263.0,132.0,790.0,15.383,4.0,10.56,roster,0,91.0,70.0,0.8125,68.85,4.4294,0.7,0.6629,3.25,60.06,10.42,0.0,18.37,19.75
2022-06-20 12:00:00,12,38,38,1.0,7.0,30.0,0.0,0.0,1.0,12,12,14,0,14,0,16.383,272.0,161.0,737.0,16.383,4.0,10.56,roster,0,123.0,95.0,1.1827,90.8,6.7532,0.95,1.1364,3.2368,81.51,12.16,0.0,17.14,18.425
2022-06-20 13:00:00,13,39,39,1.0,5.0,33.0,0.0,0.0,1.0,6,6,18,1,19,1,17.383,221.0,109.0,401.0,17.383,4.0,10.56,roster,0,124.0,97.5,1.4762,102.88,4.9065,0.975,0.5682,3.1795,83.66,16.5,13.4,9.32,10.025
2022-06-20 14:00:00,14,35,35,1.0,5.0,29.0,0.0,0.0,1.0,3,3,19,1,20,1,18.383,269.0,169.0,461.0,18.383,4.0,10.56,roster,0,112.0,87.5,1.4,96.56,3.7091,0.875,0.2841,3.2,75.08,17.37,13.4,10.72,11.525
2022-06-20 15:00:00,15,35,35,1.0,4.0,30.0,0.0,0.0,1.0,10,9,16,1,17,1,19.383,295.0,202.0,490.0,19.383,4.0,10.56,roster,0,111.0,87.5,1.2065,94.63,5.4779,0.875,0.8523,3.1714,75.08,14.76,13.4,11.39,12.25
2022-06-20 16:00:00,16,35,35,2.0,4.0,28.0,1.0,0.0,1.0,8,8,15,1,16,1,20.383,291.0,182.0,581.0,20.383,4.0,10.56,roster,0,112.0,87.5,1.1667,95.88,5.2242,0.875,0.7576,3.2,75.08,13.89,13.4,13.51,14.525
2022-06-20 17:00:00,17,33,33,2.0,4.0,26.0,1.0,0.0,1.0,9,7,14,2,16,2,21.383,351.0,209.0,641.0,21.383,4.0,10.56,roster,0,106.0,82.5,1.1042,106.38,4.7792,0.825,0.6629,3.2121,70.78,13.89,26.8,14.9,16.025
2022-06-20 18:00:00,18,35,35,2.0,3.0,28.0,2.0,0.0,1.0,9,8,13,2,15,2,22.383,409.0,192.0,670.0,22.383,4.0,10.56,roster,0,110.0,87.5,1.1,110.48,5.131,0.875,0.7576,3.1429,75.08,13.02,26.8,15.58,16.75
2022-06-20 19:00:00,19,31,31,2.0,3.0,24.0,2.0,0.0,1.0,8,5,14,1,15,1,23.383,362.0,139.0,557.0,23.383,4.0,10.56,roster,0,98.0,77.5,0.98,85.87,3.9468,0.775,0.4735,3.1613,66.5,13.02,13.4,12.95,13.925
2022-06-20 20:00:00,20,28,28,2.0,3.0,22.0,1.0,0.0,1.0,11,10,11,1,12,1,24.383,297.5,178.0,790.0,24.383,4.0,11.22,roster,0,90.0,70.0,0.8036,82.25,5.1148,0.7,0.8913,3.2143,60.06,10.42,13.4,18.37,19.75
2022-06-20 21:00:00,21,28,28,2.0,3.0,23.0,0.0,0.0,1.0,7,7,12,1,13,1,25.383,184.0,117.0,482.0,25.383,4.0,11.22,roster,0,91.0,70.0,0.8426,75.95,4.3026,0.7,0.6239,3.25,60.06,11.29,13.4,11.21,12.05
2022-06-20 22:00:00,22,28,28,2.0,1.0,22.0,3.0,0.0,1.0,12,10,13,1,14,1,26.383,219.0,157.0,542.0,26.383,3.0,7.88,roster,0,86.0,70.0,1.1026,78.22,6.0478,0.7,1.269,3.0714,60.06,12.16,13.4,12.6,13.55
2022-06-20 23:00:00,23,24,24,2.0,3.0,17.0,2.0,0.0,1.0,6,6,11,1,12,1,27.383,260.5,210.0,797.0,27.383,3.0,7.88,roster,0,77.0,60.0,0.9167,73.83,4.3679,0.6,0.7614,3.2083,51.48,10.42,13.4,18.53,19.925
2022-06-21 00:00:00,0,25,25,2.0,3.0,20.0,0.0,0.0,1.0,8,5,11,2,13,2,28.383,297.0,201.0,418.0,28.383,3.0,7.88,roster,0,82.0,62.5,1.0123,81.43,4.1312,0.625,0.6345,3.28,53.62,11.29,26.8,9.72,10.45
2022-06-21 01:00:00,1,27,27,2.0,3.0,22.0,0.0,0.0,1.0,6,6,13,1,14,1,29.383,347.0,140.0,478.0,29.383,3.0,7.88,roster,0,88.0,67.5,1.1282,74.58,4.6817,0.675,0.7614,3.2593,57.92,12.16,13.4,11.11,11.95
2022-06-21 02:00:00,2,27,27,2.0,2.0,23.0,0.0,0.0,1.0,4,3,12,1,13,1,30.383,417.0,284.0,538.0,30.383,3.0,7.88,roster,0,87.0,67.5,1.0741,75.11,3.4017,0.675,0.3807,3.2222,57.92,11.29,13.4,12.51,13.45
2022-06-21 03:00:00,3,24,24,2.0,2.0,19.0,1.0,0.0,1.0,3,2,12,1,13,1,31.383,477.0,344.0,598.0,31.383,3.0,7.88,roster,0,77.0,60.0,0.9506,70.07,2.7393,0.6,0.2538,3.2083,51.48,11.29,13.4,13.9,14.95
2022-06-21 04:00:00,4,23,23,2.0,2.0,18.0,1.0,0.0,1.0,1,1,12,1,13,1,32.383,537.0,404.0,658.0,32.383,3.0,7.88,roster,0,74.0,57.5,0.9136,69.32,2.2583,0.575,0.1269,3.2174,49.33,11.29,13.4,15.3,16.45
2022-06-21 05:00:00,5,24,24,2.0,2.0,19.0,1.0,0.0,1.0,2,2,12,1,13,1,33.383,597.0,464.0,718.0,33.383,3.0,7.88,roster,0,77.0,60.0,0.9506,72.86,2.7393,0.6,0.2538,3.2083,51.48,11.29,13.4,16.69,17.95
2022-06-21 06:00:00,6,27,27,2.0,4.0,20.0,1.0,0.0,1.0,6,4,12,1,13,1,34.383,657.0,524.0,778.0,34.383,3.0,7.88,roster,0,88.0,67.5,1.0864,80.69,3.8544,0.675,0.5076,3.2593,57.92,11.29,13.4,18.09,19.45
2022-06-21 07:00:00,7,30,30,2.0,4.0,22.0,2.0,0.0,1.0,5,4,14,1,15,1,35.383,697.0,469.0,838.0,35.383,3.0,7.88,roster,0,96.0,75.0,1.28,90.26,4.0244,0.75,0.5076,3.2,64.35,13.02,13.4,19.48,20.95
2022-06-21 08:00:00,8,28,28,1.0,4.0,20.0,3.0,0.0,1.0,4,4,15,1,16,1,36.383,724.0,529.0,898.0,36.383,3.0,7.21,roster,0,87.0,70.0,1.2083,88.23,3.8988,0.7,0.5548,3.1071,60.06,13.89,13.4,20.88,22.45
2022-06-21 09:00:00,9,29,29,1.0,5.0,21.0,2.0,0.0,1.0,7,6,15,1,16,1,37.383,727.5,552.0,958.0,37.383,3.0,7.21,roster,0,92.0,72.5,1.2778,91.77,4.94,0.725,0.8322,3.1724,62.2,13.89,13.4,22.27,23.95
2022-06-21 10:00:00,10,24,24,1.0,4.0,18.0,1.0,0.0,1.0,5,3,15,1,16,1,38.383,787.5,612.0,1018.0,38.383,4.0,10.46,roster,0,77.0,60.0,0.8021,82.44,2.8452,0.6,0.2868,3.2083,51.48,13.89,13.4,23.67,25.45
2022-06-21 11:00:00,11,32,32,2.0,5.0,24.0,1.0,0.0,1.0,13,12,14,1,15,1,28.167,740.0,280.0,1024.0,28.167,4.0,10.46,roster,0,104.0,80.0,1.04,98.87,6.3285,0.8,1.1472,3.25,68.64,13.02,13.4,23.81,25.6
2022-06-21 12:00:00,12,39,39,2.0,6.0,29.0,2.0,0.0,1.0,13,12,17,1,18,1,29.167,536.0,112.0,1017.0,29.167,4.0,10.46,roster,0,125.0,97.5,1.4205,116.33,6.802,0.975,1.1472,3.2051,83.66,15.63,13.4,23.65,25.425
2022-06-21 13:00:00,13,40,40,2.0,6.0,30.0,2.0,0.0,1.0,7,5,22,1,23,1,30.167,252.0,124.0,1057.0,30.167,4.0,10.46,roster,0,128.0,100.0,1.8824,123.75,4.7296,1.0,0.478,3.2,85.8,19.97,13.4,24.58,26.425
2022-06-21 14:00:00,14,39,39,2.0,7.0,29.0,1.0,0.0,1.0,7,7,19,1,20,1,28.283,252.0,184.0,1117.0,28.283,4.0,10.46,roster,0,127.0,97.5,1.5875,120.39,5.3542,0.975,0.6692,3.2564,83.66,17.37,13.4,25.97,27.925
2022-06-21 15:00:00,15,39,39,1.0,8.0,28.0,2.0,0.0,1.0,9,9,18,0,18,0,29.283,254.0,197.0,520.0,29.283,4.0,10.46,roster,0,125.0,97.5,1.4205,91.37,5.8828,0.975,0.8604,3.2051,83.66,15.63,0.0,12.09,13.0
2022-06-21 16:00:00,16,36,36,1.0,9.0,24.0,2.0,0.0,1.0,7,7,17,0,17,0,30.283,285.0,177.0,392.0,30.283,4.0,10.46,roster,0,117.0,90.0,1.2717,81.1,5.1,0.9,0.6692,3.25,77.22,14.76,0.0,9.11,9.8
2022-06-21 17:00:00,17,41,41,1.0,9.0,28.0,3.0,0.0,1.0,7,7,20,0,20,0,31.283,323.5,200.0,452.0,31.283,4.0,10.46,roster,0,131.0,102.5,1.6375,95.82,5.4132,1.025,0.6692,3.1951,87.94,17.37,0.0,10.51,11.3
2022-06-21 18:00:00,18,39,39,0.0,6.0,31.0,2.0,0.0,1.0,8,8,18,0,18,0,32.283,383.5,221.0,512.0,32.283,4.0,10.46,roster,0,121.0,97.5,1.375,91.19,5.3979,0.975,0.7648,3.1026,83.66,15.63,0.0,11.9,12.8
2022-06-21 19:00:00,19,34,34,0.0,5.0,28.0,1.0,0.0,1.0,6,6,16,0,16,0,25.967,338.5,223.0,478.0,25.967,4.0,10.46,roster,0,106.0,85.0,1.1042,77.94,4.4383,0.85,0.5736,3.1176,72.93,13.89,0.0,11.11,11.95
2022-06-21 20:00:00,20,35,35,0.0,7.0,27.0,1.0,0.0,1.0,8,8,17,1,18,1,20.2,327.5,143.0,510.0,20.2,4.0,11.01,roster,0,111.0,87.5,1.2614,95.96,5.0794,0.875,0.7266,3.1714,75.08,15.63,13.4,11.86,12.75
2022-06-21 21:00:00,21,44,44,0.0,8.0,34.0,2.0,0.0,1.0,14,13,15,2,17,2,14.667,343.0,162.0,477.0,14.667,4.0,11.01,roster,0,138.0,110.0,1.5,127.03,7.1532,1.1,1.1807,3.1364,94.38,14.76,26.8,11.09,11.925
2022-06-21 22:00:00,22,39,39,1.0,8.0,28.0,2.0,0.0,1.0,9,6,18,2,20,2,15.667,268.5,181.0,500.0,15.667,3.0,7.76,roster,0,125.0,97.5,2.0833,119.45,5.6032,0.975,0.7732,3.2051,83.66,17.37,26.8,11.62,12.5
2022-06-21 23:00:00,23,36,36,1.0,8.0,25.0,2.0,0.0,1.0,8,7,17,2,19,2,11.967,282.0,162.0,494.0,11.967,3.0,7.76,roster,0,116.0,90.0,1.8413,112.0,5.8066,0.9,0.9021,3.2222,77.22,16.5,26.8,11.49,12.35
2022-06-22 00:00:00,0,34,34,0.0,5.0,26.0,3.0,0.0,1.0,9,7,17,0,17,0,12.333,315.0,222.0,523.0,10.95,3.0,7.76,roster,0,104.0,85.0,1.5072,79.85,5.3592,0.85,0.9021,3.0588,72.93,14.76,0.0,12.16,13.075
2022-06-22 01:00:00,1,27,27,0.0,6.0,21.0,0.0,0.0,1.0,3,2,17,0,17,0,13.333,375.0,282.0,583.0,11.95,3.0,7.76,roster,0,87.0,67.5,1.2609,66.23,3.0055,0.675,0.2577,3.2222,57.92,14.76,0.0,13.55,14.575
2022-06-22 02:00:00,2,25,25,0.0,5.0,20.0,0.0,0.0,1.0,1,1,16,0,16,0,14.333,469.0,345.0,674.0,12.95,3.0,7.76,roster,0,80.0,62.5,1.1111,63.19,2.4124,0.625,0.1289,3.2,53.62,13.89,0.0,15.67,16.85
2022-06-22 03:00:00,3,26,26,1.0,5.0,20.0,0.0,0.0,1.0,5,4,15,0,15,0,15.333,563.0,405.0,734.0,13.95,3.0,7.76,roster,0,85.0,65.0,1.1333,65.86,3.8102,0.65,0.5155,3.2692,55.77,13.02,0.0,17.07,18.35
2022-06-22 04:00:00,4,27,27,1.0,5.0,20.0,1.0,0.0,1.0,2,2,16,0,16,0,16.333,589.0,465.0,794.0,14.95,3.0,7.76,roster,0,87.0,67.5,1.2083,70.27,3.0055,0.675,0.2577,3.2222,57.92,13.89,0.0,18.46,19.85
2022-06-22 05:00:00,5,27,27,1.0,5.0,21.0,0.0,0.0,1.0,2,1,16,0,16,0,17.333,649.0,525.0,854.0,15.95,3.0,7.76,roster,0,88.0,67.5,1.2222,71.66,2.62,0.675,0.1289,3.2593,57.92,13.89,0.0,19.86,21.35
2022-06-22 06:00:00,6,25,25,1.0,5.0,19.0,0.0,0.0,1.0,2,2,16,0,16,0,18.333,709.0,585.0,914.0,16.95,3.0,7.76,roster,0,82.0,62.5,1.1389,68.77,2.8954,0.625,0.2577,3.28,53.62,13.89,0.0,21.25,22.85
2022-06-22 07:00:00,7,22,22,0.0,5.0,17.0,0.0,0.0,1.0,3,1,16,0,16,0,19.333,769.0,645.0,974.0,17.95,3.0,7.76,roster,0,71.0,55.0,0.9861,63.73,2.1909,0.55,0.1289,3.2273,47.19,13.89,0.0,22.65,24.35
2022-06-22 08:00:00,8,27,27,0.0,5.0,22.0,0.0,0.0,1.0,6,5,17,0,17,0,20.333,795.0,697.0,1003.0,18.95,3.0,6.57,roster,0,86.0,67.5,1.2464,76.0,4.574,0.675,0.761,3.1852,57.92,14.76,0.0,23.32,25.075
2022-06-22 09:00:00,9,30,30,0.0,5.0,25.0,0.0,0.0,1.0,5,5,18,0,18,0,21.333,853.5,702.0,1063.0,19.95,3.0,6.57,roster,0,95.0,75.0,1.4394,84.69,4.7849,0.75,0.761,3.1667,64.35,15.63,0.0,24.71,26.575
2022-06-22 10:00:00,10,33,33,1.0,5.0,26.0,1.0,0.0,1.0,8,8,18,0,18,0,22.333,906.5,463.0,1091.0,20.95,4.0,9.66,roster,0,105.0,82.5,1.1932,91.78,5.26,0.825,0.8282,3.1818,70.78,15.63,0.0,25.37,27.275
2022-06-22 11:00:00,11,37,37,2.0,5.0,30.0,0.0,0.0,1.0,10,9,19,0,19,0,23.333,961.0,200.0,1151.0,21.95,4.0,9.66,roster,0,120.0,92.5,1.4286,102.62,6.0217,0.925,0.9317,3.2432,79.36,16.5,0.0,26.76,28.775
2022-06-22 12:00:00,12,37,37,3.0,6.0,28.0,0.0,0.0,1.0,9,7,24,0,24,0,24.333,421.5,115.0,1103.0,22.95,4.0,9.66,roster,0,123.0,92.5,1.9219,105.85,5.4839,0.925,0.7246,3.3243,79.36,20.84,0.0,25.64,27.575
2022-06-22 13:00:00,13,37,37,3.0,6.0,27.0,1.0,0.0,1.0,4,4,26,1,27,1,25.333,249.0,136.0,1095.0,23.95,4.0,9.66,roster,0,122.0,92.5,2.3462,121.67,4.4153,0.925,0.4141,3.2973,79.36,23.44,13.4,25.46,27.375
2022-06-22 14:00:00,14,40,40,1.0,7.0,29.0,2.0,1.0,1.0,8,8,26,0,26,0,26.333,254.0,192.0,1152.0,24.95,4.0,9.66,roster,0,125.0,100.0,2.2321,115.16,5.713,1.0,0.8282,3.125,85.8,22.58,0.0,26.78,28.8
2022-06-22 15:00:00,15,29,29,1.0,6.0,21.0,1.0,0.0,1.0,9,6,17,0,17,0,27.333,256.0,185.0,308.0,23.183,4.0,9.66,roster,0,94.0,72.5,1.0217,64.13,4.3633,0.725,0.6211,3.2414,62.2,14.76,0.0,7.16,7.7
2022-06-22 16:00:00,16,31,31,1.0,9.0,20.0,1.0,0.0,1.0,11,9,17,0,17,0,24.183,280.0,167.0,340.0,24.183,4.0,9.66,roster,0,103.0,77.5,1.1196,69.16,5.6706,0.775,0.9317,3.3226,66.5,14.76,0.0,7.9,8.5
2022-06-22 17:00:00,17,33,33,1.0,10.0,21.0,1.0,0.0,1.0,4,4,20,1,21,1,25.183,227.0,109.0,376.0,25.183,4.0,9.66,roster,0,110.0,82.5,1.4474,91.16,4.1303,0.825,0.4141,3.3333,70.78,18.23,13.4,8.74,9.4
2022-06-22 18:00:00,18,35,35,1.0,10.0,22.0,2.0,0.0,1.0,7,6,22,1,23,1,26.183,268.0,131.0,436.0,26.183,4.0,9.66,roster,0,115.0,87.5,1.6912,98.58,4.9158,0.875,0.6211,3.2857,75.08,19.97,13.4,10.14,10.9
2022-06-22 19:00:00,19,41,41,1.0,9.0,29.0,2.0,0.0,1.0,11,11,21,1,22,1,27.183,337.5,191.0,496.0,27.183,4.0,9.66,roster,0,132.0,102.5,1.8333,111.98,6.9661,1.025,1.1387,3.2195,87.94,19.1,13.4,11.53,12.4
2022-06-22 20:00:00,20,44,44,3.0,10.0,27.0,4.0,0.0,1.0,13,13,20,1,21,1,28.183,373.0,189.0,552.0,28.183,4.0,9.59,roster,0,144.0,110.0,1.8947,118.85,8.0364,1.1,1.3556,3.2727,94.38,18.23,13.4,12.83,13.8
2022-06-22 21:00:00,21,41,41,2.0,9.0,26.0,2.0,2.0,1.0,13,12,18,2,20,2,29.183,348.5,236.0,545.0,29.183,4.0,9.59,roster,0,130.0,102.5,1.625,124.78,7.2175,1.025,1.2513,3.1707,87.94,17.37,26.8,12.67,13.625
2022-06-22 22:00:00,22,38,38,3.0,10.0,24.0,0.0,1.0,1.0,8,7,21,2,23,2,30.183,368.0,148.0,583.0,30.183,3.0,6.5,roster,0,128.0,95.0,2.5098,121.84,6.8275,0.95,1.0769,3.3684,81.51,19.97,26.8,13.55,14.575
2022-06-22 23:00:00,23,36,36,3.0,10.0,20.0,2.0,1.0,1.0,12,7,17,2,19,2,28.2,428.0,280.0,643.0,28.2,3.0,6.5,roster,0,120.0,90.0,1.9048,115.47,6.5897,0.9,1.0769,3.3333,77.22,16.5,26.8,14.95,16.075
2022-06-23 00:00:00,0,32,32,3.0,10.0,18.0,0.0,1.0,1.0,6,4,15,2,17,2,29.2,429.0,340.0,613.0,29.2,3.0,6.5,roster,0,110.0,80.0,1.5942,104.45,4.8654,0.8,0.6154,3.4375,68.64,14.76,26.8,14.25,15.325
2022-06-23 01:00:00,1,31,31,3.0,11.0,15.0,1.0,1.0,1.0,3,3,17,2,19,2,30.2,484.0,300.0,673.0,30.2,3.0,6.5,roster,0,107.0,77.5,1.6984,105.44,4.2681,0.775,0.4615,3.4516,66.5,16.5,26.8,15.65,16.825
2022-06-23 02:00:00,2,30,30,3.0,10.0,15.0,1.0,1.0,1.0,7,4,17,1,18,1,31.2,540.0,360.0,733.0,31.2,3.0,6.5,roster,0,103.0,75.0,1.5606,90.42,4.6878,0.75,0.6154,3.4333,64.35,15.63,13.4,17.04,18.325
2022-06-23 03:00:00,3,30,30,3.0,10.0,16.0,0.0,1.0,1.0,3,3,17,1,18,1,32.2,600.0,420.0,793.0,32.2,3.0,6.5,roster,0,104.0,75.0,1.5758,91.82,4.2,0.75,0.4615,3.4667,64.35,15.63,13.4,18.44,19.825
2022-06-23 04:00:00,4,31,31,3.0,9.0,17.0,0.0,2.0,1.0,4,4,17,1,18,1,33.2,660.0,480.0,853.0,33.2,3.0,6.5,roster,0,104.0,77.5,1.5758,95.36,4.6645,0.775,0.6154,3.3548,66.5,15.63,13.4,19.83,21.325
2022-06-23 05:00:00,5,26,26,3.0,9.0,12.0,0.0,2.0,1.0,1,1,17,2,19,2,34.2,716.0,462.0,913.0,34.2,3.0,6.5,roster,0,89.0,65.0,1.4127,100.3,2.7516,0.65,0.1538,3.4231,55.77,16.5,26.8,21.23,22.825
2022-06-23 06:00:00,6,28,28,4.0,10.0,11.0,2.0,1.0,1.0,5,5,17,2,19,2,35.2,776.0,522.0,973.0,35.2,3.0,6.5,roster,0,98.0,70.0,1.5556,105.98,5.1423,0.7,0.7692,3.5,60.06,16.5,26.8,22.62,24.325
2022-06-23 07:00:00,7,33,33,4.0,10.0,16.0,2.0,1.0,1.0,5,5,19,2,21,2,36.2,829.0,566.0,990.0,36.2,3.0,6.5,roster,0,113.0,82.5,1.9825,118.84,5.459,0.825,0.7692,3.4242,70.78,18.23,26.8,23.02,24.75
2022-06-23 08:00:00,8,32,32,4.0,9.0,17.0,1.0,1.0,1.0,6,4,20,2,22,2,37.2,854.5,513.0,1050.0,37.2,3.0,6.6,roster,0,110.0,80.0,2.037,118.96,4.8333,0.8,0.6061,3.4375,68.64,19.1,26.8,24.41,26.25
2022-06-23 09:00:00,9,36,36,3.0,10.0,19.0,4.0,0.0,1.0,10,10,18,2,20,2,38.2,952.5,702.0,1153.0,38.2,3.0,6.6,roster,0,120.0,90.0,2.0,128.19,8.0505,0.9,1.5152,3.3333,77.22,17.37,26.8,26.81,28.825
2022-06-23 10:00:00,10,37,37,3.0,11.0,22.0,1.0,0.0,1.0,9,6,19,2,21,2,39.2,1009.0,746.0,1170.0,39.2,4.0,10.47,roster,0,127.0,92.5,1.6711,131.6,5.142,0.925,0.5731,3.4324,79.36,18.23,26.8,27.2,29.25
2022-06-23 11:00:00,11,41,41,3.0,12.0,24.0,2.0,0.0,1.0,9,9,19,3,22,3,40.2,955.0,252.0,1226.0,40.2,4.0,10.47,roster,0,139.0,102.5,1.9306,155.75,6.3892,1.025,0.8596,3.3902,87.94,19.1,40.2,28.5,30.65
2022-06-23 12:00:00,12,36,36,3.0,12.0,19.0,2.0,0.0,1.0,5,4,18,3,21,3,41.2,960.0,209.0,1149.0,41.2,4.0,10.47,roster,0,124.0,90.0,1.6316,142.37,4.4159,0.9,0.382,3.4444,77.22,18.23,40.2,26.71,28.725
2022-06-23 13:00:00,13,37,37,3.0,11.0,22.0,1.0,0.0,1.0,8,7,18,2,20,2,42.2,1025.0,269.0,1346.0,42.2,4.0,10.47,roster,0,127.0,92.5,1.5875,134.83,5.4698,0.925,0.6686,3.4324,79.36,17.37,26.8,31.29,33.65
2022-06-23 14:00:00,14,37,37,3.0,11.0,23.0,0.0,0.0,1.0,8,7,18,2,20,2,43.2,994.0,305.0,1269.0,43.2,4.0,10.47,roster,0,128.0,92.5,1.6,133.04,5.5129,0.925,0.6686,3.4595,79.36,17.37,26.8,29.5,31.725
2022-06-23 15:00:00,15,37,37,3.0,10.0,23.0,1.0,0.0,1.0,7,7,14,2,16,2,27.667,777.0,307.0,1324.0,27.667,4.0,10.47,roster,0,126.0,92.5,1.3125,130.84,5.4268,0.925,0.6686,3.4054,79.36,13.89,26.8,30.78,33.1
2022-06-23 16:00:00,16,31,31,3.0,9.0,19.0,0.0,0.0,1.0,5,5,10,1,11,1,28.667,321.0,215.0,1122.0,28.667,4.0,10.47,roster,0,108.0,77.5,0.931,95.53,4.3637,0.775,0.4776,3.4839,66.5,9.55,13.4,26.09,28.05
2022-06-23 17:00:00,17,35,35,3.0,9.0,22.0,0.0,1.0,1.0,11,10,12,1,13,1,29.667,289.0,129.0,612.0,29.667,4.0,10.47,roster,0,118.0,87.5,1.0926,93.99,6.1701,0.875,0.9551,3.3714,75.08,11.29,13.4,14.23,15.3
2022-06-23 18:00:00,18,36,36,2.0,12.0,22.0,0.0,0.0,1.0,8,7,15,1,16,1,30.667,172.5,110.0,548.0,30.667,4.0,10.47,roster,0,124.0,90.0,1.2917,97.25,5.4029,0.9,0.6686,3.4444,77.22,13.89,13.4,12.74,13.7
2022-06-23 19:00:00,19,36,36,2.0,11.0,23.0,0.0,0.0,1.0,9,9,15,1,16,1,31.667,192.5,127.0,608.0,31.667,4.0,10.47,roster,0,123.0,90.0,1.2812,98.65,6.012,0.9,0.8596,3.4167,77.22,13.89,13.4,14.14,15.2
2022-06-23 20:00:00,20,31,31,2.0,7.0,21.0,1.0,0.0,1.0,9,8,15,1,16,1,22.7,209.5,178.0,309.0,22.7,4.0,11.18,roster,0,103.0,77.5,1.0729,80.97,4.9525,0.775,0.7156,3.3226,66.5,13.89,13.4,7.18,7.725
2022-06-23 21:00:00,21,29,29,2.0,9.0,16.0,2.0,0.0,1.0,7,5,16,1,17,1,23.7,252.0,178.0,336.0,23.7,4.0,11.18,roster,0,98.0,72.5,1.0652,78.18,3.9613,0.725,0.4472,3.3793,62.2,14.76,13.4,7.81,8.4
2022-06-23 22:00:00,22,27,27,2.0,9.0,13.0,3.0,0.0,1.0,4,4,14,2,16,2,24.7,305.0,224.0,396.0,24.7,3.0,7.31,roster,0,91.0,67.5,1.2639,87.81,4.1193,0.675,0.5472,3.3704,57.92,13.89,26.8,9.21,9.9
2022-06-23 23:00:00,23,24,24,2.0,8.0,12.0,2.0,0.0,1.0,4,3,14,1,15,1,25.7,372.0,284.0,456.0,25.7,3.0,7.31,roster,0,82.0,60.0,1.0933,68.51,3.4522,0.6,0.4104,3.4167,51.48,13.02,13.4,10.6,11.4
2022-06-24 00:00:00,0,20,20,2.0,8.0,10.0,0.0,0.0,1.0,3,1,13,1,14,1,26.7,449.5,358.0,516.0,26.7,3.0,7.31,roster,0,72.0,50.0,0.9231,60.45,2.2925,0.5,0.1368,3.6,42.9,12.16,13.4,12.0,12.9
2022-06-24 01:00:00,1,18,18,2.0,8.0,8.0,0.0,0.0,1.0,2,1,13,1,14,1,27.7,509.5,418.0,576.0,27.7,3.0,7.31,roster,0,66.0,45.0,0.8462,57.56,2.1516,0.45,0.1368,3.6667,38.61,12.16,13.4,13.39,14.4
2022-06-24 02:00:00,2,19,19,2.0,8.0,8.0,1.0,0.0,1.0,2,2,13,1,14,1,28.7,569.5,478.0,636.0,28.7,3.0,7.31,roster,0,68.0,47.5,0.8718,61.1,2.6792,0.475,0.2736,3.5789,40.75,12.16,13.4,14.79,15.9
2022-06-24 03:00:00,3,17,17,2.0,7.0,8.0,0.0,0.0,1.0,1,1,13,1,14,1,29.7,629.5,538.0,696.0,29.7,3.0,7.31,roster,0,62.0,42.5,0.7949,58.2,2.0489,0.425,0.1368,3.6471,36.46,12.16,13.4,16.18,17.4
2022-06-24 04:00:00,4,19,19,2.0,7.0,9.0,1.0,0.0,1.0,2,2,13,2,15,2,30.7,672.0,558.0,756.0,30.7,3.0,7.31,roster,0,67.0,47.5,0.8933,78.16,2.6398,0.475,0.2736,3.5263,40.75,13.02,26.8,17.58,18.9
2022-06-24 05:00:00,5,20,20,2.0,7.0,10.0,0.0,1.0,1.0,2,2,13,2,15,2,31.7,732.0,618.0,816.0,31.7,3.0,7.31,roster,0,69.0,50.0,0.92,81.7,2.6689,0.5,0.2736,3.45,42.9,13.02,26.8,18.97,20.4
2022-06-24 06:00:00,6,19,19,2.0,7.0,10.0,0.0,0.0,1.0,1,0,14,2,16,2,32.7,785.0,678.0,876.0,32.7,3.0,7.31,roster,0,68.0,47.5,0.9444,81.81,1.7,0.475,0.0,3.5789,40.75,13.89,26.8,20.37,21.9
2022-06-24 07:00:00,7,21,21,2.0,8.0,11.0,0.0,0.0,1.0,3,2,14,2,16,2,33.7,845.0,738.0,936.0,33.7,3.0,7.31,roster,0,75.0,52.5,1.0417,87.5,2.8521,0.525,0.2736,3.5714,45.04,13.89,26.8,21.76,23.4
2022-06-24 08:00:00,8,23,23,2.0,8.0,13.0,0.0,0.0,1.0,3,3,14,2,16,2,34.7,905.0,798.0,996.0,34.7,3.0,6.4,roster,0,81.0,57.5,1.125,93.18,3.6758,0.575,0.4688,3.5217,49.33,13.89,26.8,23.16,24.9
2022-06-24 09:00:00,9,26,26,2.0,9.0,15.0,0.0,0.0,1.0,6,4,16,2,18,2,35.7,955.5,489.0,1041.0,35.7,3.0,6.4,roster,0,91.0,65.0,1.3788,102.4,4.4625,0.65,0.625,3.5,55.77,15.63,26.8,24.2,26.025
2022-06-24 10:00:00,10,30,30,2.0,9.0,19.0,0.0,0.0,1.0,7,4,17,2,19,2,36.7,1013.0,434.0,1101.0,36.7,4.0,9.72,roster,0,103.0,75.0,1.2262,113.25,3.9879,0.75,0.4115,3.4333,64.35,16.5,26.8,25.6,27.525
2022-06-24 11:00:00,11,30,30,2.0,10.0,18.0,0.0,0.0,1.0,6,6,17,2,19,2,37.7,1073.0,494.0,1161.0,37.7,4.0,9.72,roster,0,104.0,75.0,1.2381,114.64,4.7399,0.75,0.6173,3.4667,64.35,16.5,26.8,26.99,29.025
2022-06-24 12:00:00,12,37,37,2.0,8.0,27.0,0.0,0.0,1.0,11,10,18,3,21,3,38.7,1038.0,270.0,1204.0,38.7,4.0,9.72,roster,0,123.0,92.5,1.6184,145.79,6.4951,0.925,1.0288,3.3243,79.36,18.23,40.2,27.99,30.1
2022-06-24 13:00:00,13,36,36,0.0,7.0,27.0,2.0,0.0,1.0,9,9,15,3,18,3,30.2,829.0,140.0,1247.0,30.2,4.0,9.72,roster,0,113.0,90.0,1.2841,142.04,5.7314,0.9,0.9259,3.1389,77.22,15.63,40.2,28.99,31.175
2022-06-24 14:00:00,14,37,37,0.0,7.0,28.0,2.0,0.0,1.0,14,15,13,2,15,2,23.15,384.0,140.0,1253.0,23.15,4.0,9.72,roster,0,116.0,92.5,1.16,128.32,7.7382,0.925,1.5432,3.1351,79.36,13.02,26.8,29.13,31.325
2022-06-24 15:00:00,15,32,32,0.0,6.0,24.0,2.0,0.0,1.0,5,5,14,2,16,2,24.15,213.5,127.0,656.0,24.15,4.0,9.72,roster,0,100.0,80.0,1.0417,104.58,4.1075,0.8,0.5144,3.125,68.64,13.89,26.8,15.25,16.4
2022-06-24 16:00:00,16,31,31,0.0,7.0,21.0,3.0,0.0,1.0,10,9,12,2,14,2,25.15,207.0,140.0,302.0,25.15,4.0,9.72,roster,0,97.0,77.5,0.9327,92.47,5.3223,0.775,0.9259,3.129,66.5,12.16,26.8,7.02,7.55
2022-06-24 17:00:00,17,30,30,1.0,7.0,18.0,4.0,0.0,1.0,7,5,15,2,17,2,26.15,234.0,138.0,320.0,26.15,4.0,9.72,roster,0,95.0,75.0,1.0326,93.35,4.0039,0.75,0.5144,3.1667,64.35,14.76,26.8,7.44,8.0
2022-06-24 18:00:00,18,29,29,1.0,5.0,19.0,4.0,0.0,1.0,6,5,14,1,15,1,27.15,281.0,147.0,356.0,27.15,4.0,9.72,roster,0,90.0,72.5,0.9,76.91,3.8464,0.725,0.5144,3.1034,62.2,13.02,13.4,8.28,8.9
2022-06-24 19:00:00,19,27,27,1.0,4.0,17.0,5.0,0.0,1.0,8,6,9,1,10,1,23.4,283.0,201.0,407.0,23.4,4.0,9.72,roster,0,82.0,67.5,0.6833,69.46,3.9247,0.675,0.6173,3.037,57.92,8.68,13.4,9.46,10.175
2022-06-24 20:00:00,20,27,27,0.0,4.0,17.0,4.0,2.0,1.0,11,9,8,0,8,0,24.4,286.5,261.0,542.0,24.4,4.0,10.33,roster,0,77.0,67.5,0.6016,57.46,4.4097,0.675,0.8712,2.8519,57.92,6.95,0.0,12.6,13.55
2022-06-24 21:00:00,21,23,23,0.0,4.0,17.0,2.0,0.0,1.0,5,4,10,0,10,0,25.4,297.5,118.0,366.0,25.4,4.0,10.33,roster,0,71.0,57.5,0.5917,46.53,2.9703,0.575,0.3872,3.087,49.33,8.68,0.0,8.51,9.15
2022-06-24 22:00:00,22,21,21,1.0,4.0,12.0,4.0,0.0,1.0,9,8,8,0,8,0,26.4,256.0,170.0,662.0,26.4,3.0,7.01,roster,0,65.0,52.5,0.6771,47.38,5.1574,0.525,1.1412,3.0952,45.04,6.95,0.0,15.39,16.55
2022-06-24 23:00:00,23,19,19,1.0,4.0,10.0,3.0,1.0,1.0,6,6,6,1,7,1,12.033,238.0,204.0,441.0,12.033,3.0,7.01,roster,0,58.0,47.5,0.5859,50.49,4.0628,0.475,0.8559,3.0526,40.75,6.08,13.4,10.25,11.025
2022-06-25 00:00:00,0,17,17,1.0,5.0,9.0,2.0,0.0,1.0,8,7,6,1,7,1,13.033,298.0,264.0,501.0,13.033,3.0,7.01,roster,0,56.0,42.5,0.5657,47.59,4.6894,0.425,0.9986,3.2941,36.46,6.08,13.4,11.65,12.525
2022-06-25 01:00:00,1,15,15,1.0,5.0,8.0,1.0,0.0,1.0,4,2,7,2,9,2,14.033,350.0,235.0,514.0,14.033,3.0,7.01,roster,0,51.0,37.5,0.5484,58.74,2.245,0.375,0.2853,3.4,32.17,7.81,26.8,11.95,12.85
2022-06-25 02:00:00,2,16,16,1.0,5.0,9.0,1.0,0.0,1.0,4,3,7,1,8,1,15.033,414.0,384.0,621.0,15.033,3.0,7.01,roster,0,54.0,40.0,0.5625,49.1,2.7944,0.4,0.428,3.375,34.32,6.95,13.4,14.44,15.525
2022-06-25 03:00:00,3,15,15,1.0,5.0,8.0,1.0,0.0,1.0,4,3,7,1,8,1,16.033,474.0,444.0,681.0,16.033,3.0,7.01,roster,0,51.0,37.5,0.5312,48.35,2.7301,0.375,0.428,3.4,32.17,6.95,13.4,15.83,17.025
2022-06-25 04:00:00,4,13,13,1.0,4.0,7.0,1.0,0.0,1.0,1,1,9,1,10,1,17.033,517.0,178.0,694.0,17.033,3.0,7.01,roster,0,44.0,32.5,0.4889,46.1,1.5828,0.325,0.1427,3.3846,27.88,8.68,13.4,16.14,17.35
2022-06-25 05:00:00,5,13,13,1.0,4.0,6.0,2.0,0.0,1.0,1,1,9,1,10,1,18.033,577.0,238.0,754.0,18.033,3.0,7.01,roster,0,43.0,32.5,0.4778,47.5,1.5469,0.325,0.1427,3.3077,27.88,8.68,13.4,17.53,18.85
2022-06-25 06:00:00,6,14,14,1.0,4.0,7.0,2.0,0.0,1.0,3,1,9,1,10,1,19.033,637.0,298.0,814.0,19.033,3.0,7.01,roster,0,46.0,35.0,0.5111,51.04,1.6187,0.35,0.1427,3.2857,30.03,8.68,13.4,18.93,20.35
2022-06-25 07:00:00,7,12,12,1.0,4.0,6.0,1.0,0.0,1.0,1,1,9,1,10,1,20.033,697.0,358.0,874.0,20.033,3.0,7.01,roster,0,41.0,30.0,0.4556,48.14,1.5124,0.3,0.1427,3.4167,25.74,8.68,13.4,20.32,21.85
2022-06-25 08:00:00,8,16,16,1.0,4.0,10.0,1.0,0.0,1.0,4,4,9,1,10,1,21.033,757.0,418.0,934.0,21.033,3.0,8.29,roster,0,53.0,40.0,0.5889,58.12,2.9233,0.4,0.4825,3.3125,34.32,8.68,13.4,21.72,23.35
2022-06-25 09:00:00,9,14,14,1.0,3.0,10.0,0.0,0.0,1.0,6,5,5,1,6,1,22.033,817.0,715.0,994.0,22.033,3.0,8.29,roster,0,47.0,35.0,0.4608,51.75,3.1998,0.35,0.6031,3.3571,30.03,5.21,13.4,23.11,24.85
2022-06-25 10:00:00,10,17,17,1.0,3.0,11.0,1.0,1.0,1.0,8,7,6,1,7,1,23.033,775.0,110.0,1054.0,23.033,4.0,11.99,roster,0,53.0,42.5,0.4015,60.45,3.1451,0.425,0.5838,3.1176,36.46,6.08,13.4,24.51,26.35
2022-06-25 11:00:00,11,22,22,1.0,3.0,16.0,1.0,1.0,1.0,10,9,7,1,8,1,24.033,677.5,170.0,1114.0,24.033,4.0,11.99,roster,0,68.0,55.0,0.5312,73.44,4.0201,0.55,0.7506,3.0909,47.19,6.95,13.4,25.9,27.85
2022-06-25 12:00:00,12,24,24,1.0,4.0,16.0,2.0,1.0,1.0,6,6,10,1,11,1,25.033,213.0,99.0,895.0,25.033,4.0,11.99,roster,0,74.0,60.0,0.6379,75.24,3.393,0.6,0.5004,3.0833,51.48,9.55,13.4,20.81,22.375
2022-06-25 13:00:00,13,21,21,1.0,3.0,15.0,2.0,0.0,1.0,8,7,6,1,7,1,17.833,273.0,162.0,955.0,17.833,4.0,11.99,roster,0,66.0,52.5,0.5,66.73,3.4849,0.525,0.5838,3.1429,45.04,6.08,13.4,22.2,23.875
2022-06-25 14:00:00,14,17,17,1.0,4.0,11.0,1.0,0.0,1.0,6,3,5,1,6,1,18.833,290.0,203.0,1015.0,18.833,4.0,11.99,roster,0,56.0,42.5,0.4118,58.67,2.2242,0.425,0.2502,3.2941,36.46,5.21,13.4,23.6,25.375
2022-06-25 15:00:00,15,17,17,0.0,5.0,11.0,1.0,0.0,1.0,6,4,6,0,6,0,19.833,285.0,168.0,393.0,19.833,4.0,11.99,roster,0,55.0,42.5,0.4044,30.81,2.4543,0.425,0.3336,3.2353,36.46,5.21,0.0,9.14,9.825
2022-06-25 16:00:00,16,15,15,0.0,2.0,12.0,1.0,0.0,1.0,7,6,5,0,5,0,20.833,367.0,174.0,453.0,20.833,4.0,11.99,roster,0,46.0,37.5,0.3286,27.05,2.6846,0.375,0.5004,3.0667,32.17,4.34,0.0,10.53,11.325
2022-06-25 17:00:00,17,17,17,0.0,3.0,13.0,1.0,0.0,1.0,10,9,4,0,4,0,21.833,373.5,234.0,1310.0,21.833,4.0,11.99,roster,0,53.0,42.5,0.3681,50.4,3.6652,0.425,0.7506,3.1176,36.46,3.47,0.0,30.46,32.75
2022-06-25 18:00:00,18,14,14,1.0,2.0,11.0,0.0,0.0,1.0,6,6,3,0,3,0,9.55,294.0,202.0,573.0,9.55,4.0,11.99,roster,0,46.0,35.0,0.3108,25.96,2.7942,0.35,0.5004,3.2857,30.03,2.6,0.0,13.32,14.325
2022-06-25 19:00:00,19,22,22,1.0,0.0,21.0,0.0,0.0,1.0,13,12,4,0,4,0,10.55,110.0,108.0,633.0,10.55,4.0,11.99,roster,0,68.0,55.0,0.4722,45.38,4.7935,0.55,1.0008,3.0909,47.19,3.47,0.0,14.72,15.825
2022-06-25 20:00:00,20,21,21,0.0,1.0,19.0,0.0,1.0,1.0,10,8,5,0,5,0,11.55,159.0,75.0,168.0,11.55,4.0,11.13,roster,0,62.0,52.5,0.4429,33.29,3.6721,0.525,0.7188,2.9524,45.04,4.34,0.0,3.91,4.2
2022-06-25 21:00:00,21,19,19,0.0,3.0,16.0,0.0,0.0,1.0,9,8,6,0,6,0,12.55,132.5,99.0,219.0,12.55,4.0,11.13,roster,0,60.0,47.5,0.4412,31.06,3.7698,0.475,0.7188,3.1579,40.75,5.21,0.0,5.09,5.475
2022-06-25 22:00:00,22,17,17,0.0,2.0,12.0,1.0,2.0,1.0,9,7,3,1,4,1,13.55,115.5,105.0,813.0,13.55,3.0,7.43,roster,0,48.0,42.5,0.4444,52.24,3.8601,0.425,0.9421,2.8235,36.46,3.47,13.4,18.9,20.325
2022-06-25 23:00:00,23,20,20,0.0,1.0,17.0,0.0,2.0,1.0,9,9,1,1,2,1,14.55,506.0,139.0,873.0,14.55,3.0,7.43,roster,0,57.0,50.0,0.5,58.33,4.8772,0.5,1.2113,2.85,42.9,1.74,13.4,20.3,21.825
2022-06-26 00:00:00,0,16,16,0.0,1.0,14.0,0.0,1.0,1.0,7,5,1,1,2,1,15.55,566.0,199.0,933.0,15.55,3.0,7.43,roster,0,47.0,40.0,0.4123,51.15,3.1518,0.4,0.6729,2.9375,34.32,1.74,13.4,21.69,23.325
2022-06-26 01:00:00,1,14,14,0.0,2.0,12.0,0.0,0.0,1.0,4,4,2,1,3,1,16.55,259.0,73.0,993.0,16.55,3.0,7.43,roster,0,44.0,35.0,0.3964,49.12,2.792,0.35,0.5384,3.1429,30.03,2.6,13.4,23.09,24.825
2022-06-26 02:00:00,2,15,15,1.0,0.0,14.0,0.0,0.0,1.0,6,6,2,0,2,0,17.55,593.0,133.0,1053.0,17.55,3.0,7.43,roster,0,47.0,37.5,0.4123,38.39,3.7053,0.375,0.8075,3.1333,32.17,1.74,0.0,24.48,26.325
2022-06-26 03:00:00,3,19,19,2.0,2.0,14.0,1.0,0.0,1.0,7,7,3,0,3,0,18.55,193.0,102.0,1113.0,18.55,3.0,7.43,roster,0,62.0,47.5,0.5586,49.24,4.6243,0.475,0.9421,3.2632,40.75,2.6,0.0,25.88,27.825
2022-06-26 04:00:00,4,17,17,3.0,1.0,11.0,2.0,0.0,1.0,2,2,4,0,4,0,19.55,207.5,162.0,1173.0,19.55,3.0,7.43,roster,0,56.0,42.5,0.5185,47.21,2.2867,0.425,0.2692,3.2941,36.46,3.47,0.0,27.27,29.325
2022-06-26 05:00:00,5,17,17,2.0,1.0,13.0,1.0,0.0,1.0,3,3,5,0,5,0,20.55,222.0,132.0,313.0,20.55,3.0,7.43,roster,0,55.0,42.5,0.5238,28.08,2.6813,0.425,0.4038,3.2353,36.46,4.34,0.0,7.28,7.825
2022-06-26 06:00:00,6,17,17,2.0,1.0,13.0,1.0,0.0,1.0,0,0,6,0,6,0,21.55,237.0,158.0,373.0,21.55,3.0,7.43,roster,0,55.0,42.5,0.5392,30.35,1.375,0.425,0.0,3.2353,36.46,5.21,0.0,8.67,9.325
2022-06-26 07:00:00,7,16,16,2.0,0.0,14.0,0.0,0.0,1.0,4,3,6,0,6,0,22.55,297.0,218.0,433.0,22.55,3.0,7.43,roster,0,52.0,40.0,0.5098,29.6,2.6122,0.4,0.4038,3.25,34.32,5.21,0.0,10.07,10.825
2022-06-26 08:00:00,8,20,20,1.0,0.0,18.0,1.0,0.0,1.0,10,9,7,0,7,0,21.833,278.0,94.0,402.0,8.217,3.0,6.91,roster,0,61.0,50.0,0.6162,38.32,5.4975,0.5,1.3025,3.05,42.9,6.08,0.0,9.35,10.05
2022-06-26 09:00:00,9,17,17,2.0,0.0,14.0,1.0,0.0,1.0,9,6,9,0,9,0,9.217,261.0,148.0,372.0,9.217,3.0,6.91,roster,0,54.0,42.5,0.5806,32.93,4.1082,0.425,0.8683,3.1765,36.46,7.81,0.0,8.65,9.3
2022-06-26 10:00:00,10,18,18,2.0,1.0,15.0,0.0,0.0,1.0,11,7,7,0,7,0,10.217,398.0,165.0,522.0,10.217,4.0,10.16,roster,0,59.0,45.0,0.447,36.82,3.7333,0.45,0.689,3.2778,38.61,6.08,0.0,12.14,13.05
2022-06-26 11:00:00,11,15,15,1.0,2.0,12.0,0.0,0.0,1.0,6,4,6,0,6,0,11.217,305.5,113.0,582.0,11.217,4.0,10.16,roster,0,49.0,37.5,0.3603,30.92,2.5111,0.375,0.3937,3.2667,32.17,5.21,0.0,13.53,14.55
2022-06-26 12:00:00,12,22,22,1.0,3.0,14.0,3.0,1.0,1.0,14,12,5,0,5,0,9.2,173.0,122.0,179.0,9.2,4.0,10.16,roster,0,66.0,55.0,0.4714,35.69,5.1933,0.55,1.1811,3.0,47.19,4.34,0.0,4.16,4.475
2022-06-26 13:00:00,13,18,18,1.0,4.0,13.0,0.0,0.0,1.0,3,2,7,0,7,0,10.2,169.0,65.0,239.0,10.2,4.0,10.16,roster,0,60.0,45.0,0.4545,30.24,2.1562,0.45,0.1969,3.3333,38.61,6.08,0.0,5.56,5.975
2022-06-26 14:00:00,14,22,22,3.0,3.0,16.0,0.0,0.0,1.0,9,9,6,1,7,1,11.2,159.0,120.0,299.0,11.2,4.0,10.16,roster,0,75.0,55.0,0.5682,53.62,4.8949,0.55,0.8858,3.4091,47.19,6.08,13.4,6.95,7.475
2022-06-26 15:00:00,15,18,18,0.0,2.0,15.0,1.0,0.0,1.0,9,8,4,1,5,1,12.2,289.0,180.0,359.0,12.2,4.0,10.16,roster,0,55.0,45.0,0.3929,44.7,3.7809,0.45,0.7874,3.0556,38.61,4.34,13.4,8.35,8.975
2022-06-26 16:00:00,16,19,19,0.0,1.0,17.0,1.0,0.0,1.0,12,9,7,0,7,0,13.2,240.0,85.0,419.0,13.2,4.0,10.16,roster,0,57.0,47.5,0.4318,36.57,4.0825,0.475,0.8858,3.0,40.75,6.08,0.0,9.74,10.475
2022-06-26 17:00:00,17,22,22,0.0,1.0,20.0,1.0,0.0,1.0,10,8,10,0,10,0,14.2,156.5,119.0,409.0,14.2,4.0,10.16,roster,0,66.0,55.0,0.55,45.38,4.0122,0.55,0.7874,3.0,47.19,8.68,0.0,9.51,10.225
2022-06-26 18:00:00,18,19,19,0.0,1.0,17.0,1.0,0.0,1.0,9,5,9,0,9,0,15.2,188.0,176.0,360.0,15.2,4.0,10.16,roster,0,57.0,47.5,0.4597,36.94,2.9014,0.475,0.4921,3.0,40.75,7.81,0.0,8.37,9.0
2022-06-26 19:00:00,19,22,22,0.0,2.0,19.0,1.0,0.0,1.0,11,10,7,0,7,0,16.2,239.0,136.0,529.0,16.2,4.0,10.16,roster,0,67.0,55.0,0.5076,45.57,4.6725,0.55,0.9843,3.0455,47.19,6.08,0.0,12.3,13.225
2022-06-26 20:00:00,20,19,19,0.0,1.0,17.0,1.0,0.0,1.0,11,9,3,0,3,0,17.2,196.0,82.0,1032.0,17.2,4.0,11.31,roster,0,57.0,47.5,0.3851,47.35,3.8123,0.475,0.7958,3.0,40.75,2.6,0.0,23.99,25.8
2022-06-26 21:00:00,21,24,24,0.0,2.0,21.0,1.0,0.0,1.0,11,11,4,0,4,0,4.267,122.0,102.0,256.0,4.267,4.0,11.31,roster,0,73.0,60.0,0.5069,40.91,4.7833,0.6,0.9726,3.0417,51.48,3.47,0.0,5.95,6.4
2022-06-26 22:00:00,22,28,28,0.0,4.0,23.0,1.0,0.0,1.0,12,9,5,0,5,0,5.267,162.0,120.0,202.0,5.267,3.0,8.06,roster,0,87.0,70.0,0.8286,49.1,5.6445,0.7,1.1166,3.1071,60.06,4.34,0.0,4.7,5.05
2022-06-26 23:00:00,23,28,28,0.0,4.0,23.0,1.0,0.0,1.0,8,7,8,1,9,1,6.267,144.0,93.0,222.0,6.267,3.0,8.06,roster,0,87.0,70.0,0.9355,66.44,4.8735,0.7,0.8685,3.1071,60.06,7.81,13.4,5.16,5.55
2022-06-27 00:00:00,0,23,23,0.0,4.0,18.0,1.0,0.0,1.0,3,2,8,0,8,0,7.267,222.0,167.0,322.0,7.267,3.0,8.06,roster,0,72.0,57.5,0.75,43.77,2.5768,0.575,0.2481,3.1304,49.33,6.95,0.0,7.49,8.05
2022-06-27 01:00:00,1,20,20,0.0,4.0,15.0,1.0,0.0,1.0,7,3,8,0,8,0,8.267,282.0,227.0,382.0,8.267,3.0,8.06,roster,0,63.0,50.0,0.6562,38.73,2.7475,0.5,0.3722,3.15,42.9,6.95,0.0,8.88,9.55
2022-06-27 02:00:00,2,19,19,0.0,4.0,13.0,2.0,0.0,1.0,2,2,9,0,9,0,9.267,324.0,266.0,402.0,9.267,3.0,8.06,roster,0,59.0,47.5,0.6344,37.92,2.2455,0.475,0.2481,3.1053,40.75,7.81,0.0,9.35,10.05
2022-06-27 03:00:00,3,19,19,0.0,3.0,14.0,2.0,0.0,1.0,5,4,9,0,9,0,10.267,384.0,326.0,462.0,10.267,3.0,8.06,roster,0,58.0,47.5,0.6237,39.31,2.965,0.475,0.4963,3.0526,40.75,7.81,0.0,10.74,11.55
2022-06-27 04:00:00,4,15,15,0.0,2.0,11.0,2.0,0.0,1.0,3,0,8,0,8,0,11.267,462.0,407.0,562.0,11.267,3.0,8.06,roster,0,45.0,37.5,0.4688,32.19,1.125,0.375,0.0,3.0,32.17,6.95,0.0,13.07,14.05
2022-06-27 05:00:00,5,14,14,0.0,2.0,11.0,1.0,0.0,1.0,2,2,8,0,8,0,12.267,522.0,467.0,622.0,12.267,3.0,8.06,roster,0,43.0,35.0,0.4479,31.44,1.8371,0.35,0.2481,3.0714,30.03,6.95,0.0,14.46,15.55
2022-06-27 06:00:00,6,21,21,0.0,3.0,15.0,3.0,0.0,1.0,8,7,9,0,9,0,13.267,564.0,506.0,642.0,13.267,3.0,8.06,roster,0,63.0,52.5,0.6774,47.79,4.1805,0.525,0.8685,3.0,45.04,7.81,0.0,14.93,16.05
2022-06-27 07:00:00,7,22,22,1.0,3.0,15.0,3.0,0.0,1.0,2,2,11,0,11,0,14.267,587.0,131.0,702.0,14.267,3.0,8.06,roster,0,68.0,55.0,0.7816,53.06,2.467,0.55,0.2481,3.0909,47.19,9.55,0.0,16.32,17.55
2022-06-27 08:00:00,8,27,27,1.0,5.0,18.0,3.0,0.0,1.0,6,6,12,0,12,0,15.267,636.5,191.0,762.0,15.267,3.0,7.74,roster,0,85.0,67.5,1.0119,66.05,4.5654,0.675,0.7752,3.1481,57.92,10.42,0.0,17.72,19.05
2022-06-27 09:00:00,9,32,32,1.0,7.0,22.0,2.0,0.0,1.0,7,8,13,0,13,0,16.267,686.0,186.0,780.0,16.267,3.0,7.74,roster,0,103.0,80.0,1.2716,78.06,5.9019,0.8,1.0336,3.2188,68.64,11.29,0.0,18.14,19.5
2022-06-27 10:00:00,10,34,34,2.0,7.0,24.0,1.0,0.0,1.0,13,11,14,0,14,0,17.267,223.0,117.0,767.0,17.267,4.0,11.44,roster,0,112.0,85.0,1.0769,82.92,5.9674,0.85,0.9615,3.2941,72.93,12.16,0.0,17.83,19.175
2022-06-27 11:00:00,11,38,38,3.0,8.0,26.0,1.0,0.0,1.0,11,9,20,0,20,0,18.267,181.5,112.0,371.0,18.267,4.0,11.44,roster,0,127.0,95.0,1.5875,87.5,5.8043,0.95,0.7867,3.3421,81.51,17.37,0.0,8.63,9.275
2022-06-27 12:00:00,12,44,44,3.0,8.0,31.0,2.0,0.0,1.0,11,9,23,0,23,0,19.267,197.0,137.0,369.0,19.267,4.0,11.44,roster,0,144.0,110.0,2.1176,102.93,6.1747,1.1,0.7867,3.2727,94.38,19.97,0.0,8.58,9.225
2022-06-27 13:00:00,13,41,41,4.0,10.0,27.0,0.0,0.0,1.0,9,8,23,0,23,0,20.267,232.0,175.0,380.0,20.267,4.0,11.44,roster,0,141.0,102.5,2.0735,96.75,5.9299,1.025,0.6993,3.439,87.94,19.97,0.0,8.84,9.5
2022-06-27 14:00:00,14,36,36,4.0,9.0,23.0,0.0,0.0,1.0,4,3,21,1,22,1,21.267,286.0,222.0,405.0,21.267,4.0,11.44,roster,0,125.0,90.0,1.7361,99.14,4.0355,0.9,0.2622,3.4722,77.22,19.1,13.4,9.42,10.125
2022-06-27 15:00:00,15,32,32,2.0,8.0,22.0,0.0,0.0,1.0,7,5,19,0,19,0,22.267,352.0,295.0,465.0,22.267,4.0,11.44,roster,0,108.0,80.0,1.2857,75.95,4.1751,0.8,0.4371,3.375,68.64,16.5,0.0,10.81,11.625
2022-06-27 16:00:00,16,26,26,1.0,5.0,20.0,0.0,0.0,1.0,7,5,18,0,18,0,21.367,372.0,179.0,433.0,21.367,4.0,11.44,roster,0,85.0,65.0,0.9659,61.47,3.5539,0.65,0.4371,3.2692,55.77,15.63,0.0,10.07,10.825
2022-06-27 17:00:00,17,29,29,1.0,7.0,21.0,0.0,0.0,1.0,6,5,18,0,18,0,22.367,432.0,149.0,493.0,22.367,4.0,11.44,roster,0,96.0,72.5,1.0909,69.3,3.8468,0.725,0.4371,3.3103,62.2,15.63,0.0,11.46,12.325
2022-06-27 18:00:00,18,34,34,1.0,6.0,27.0,0.0,0.0,1.0,7,7,19,0,19,0,23.367,462.0,191.0,532.0,23.367,4.0,11.44,roster,0,110.0,85.0,1.3095,81.8,4.7296,0.85,0.6119,3.2353,72.93,16.5,0.0,12.37,13.3
2022-06-27 19:00:00,19,31,31,1.0,4.0,25.0,1.0,0.0,1.0,6,4,18,0,18,0,23.0,438.0,223.0,580.0,23.0,4.0,11.44,roster,0,98.0,77.5,1.1136,75.61,3.5553,0.775,0.3497,3.1613,66.5,15.63,0.0,13.49,14.5
2022-06-27 20:00:00,20,31,31,1.0,4.0,25.0,1.0,0.0,1.0,10,9,15,0,15,0,24.0,324.0,181.0,640.0,24.0,4.0,10.76,roster,0,98.0,77.5,0.98,74.4,5.0942,0.775,0.8364,3.1613,66.5,13.02,0.0,14.88,16.0
2022-06-27 21:00:00,21,34,34,1.0,7.0,25.0,1.0,0.0,1.0,11,9,16,0,16,0,13.1,243.0,122.0,677.0,13.1,4.0,10.76,roster,0,110.0,85.0,1.1458,82.56,5.4561,0.85,0.8364,3.2353,72.93,13.89,0.0,15.74,16.925
2022-06-27 22:00:00,22,29,29,0.0,5.0,23.0,1.0,0.0,1.0,7,5,16,0,16,0,14.1,178.5,144.0,539.0,14.1,3.0,7.06,roster,0,91.0,72.5,1.2639,68.63,4.4973,0.725,0.7082,3.1379,62.2,13.89,0.0,12.53,13.475
2022-06-27 23:00:00,23,35,35,0.0,5.0,29.0,1.0,0.0,1.0,11,11,15,0,15,0,15.1,235.0,145.0,599.0,15.1,3.0,7.06,roster,0,109.0,87.5,1.4533,82.03,7.5773,0.875,1.5581,3.1143,75.08,13.02,0.0,13.93,14.975
2022-06-28 00:00:00,0,23,23,0.0,4.0,18.0,1.0,0.0,1.0,2,1,15,0,15,0,16.1,293.0,185.0,564.0,16.1,3.0,7.06,roster,0,72.0,57.5,0.96,55.47,2.2434,0.575,0.1416,3.1304,49.33,13.02,0.0,13.11,14.1
2022-06-28 01:00:00,1,25,25,0.0,4.0,20.0,1.0,0.0,1.0,6,5,14,0,14,0,17.1,354.0,254.0,624.0,17.1,3.0,7.06,roster,0,78.0,62.5,1.0,60.29,4.1596,0.625,0.7082,3.12,53.62,12.16,0.0,14.51,15.6
2022-06-28 02:00:00,2,25,25,0.0,5.0,18.0,1.0,1.0,1.0,6,5,13,0,13,0,18.1,413.0,314.0,684.0,18.1,3.0,7.06,roster,0,77.0,62.5,0.9506,60.82,4.1063,0.625,0.7082,3.08,53.62,11.29,0.0,15.9,17.1
2022-06-28 03:00:00,3,26,26,0.0,5.0,19.0,2.0,0.0,1.0,5,4,15,0,15,0,19.1,419.0,264.0,744.0,19.1,3.0,7.06,roster,0,81.0,65.0,1.08,66.09,3.7901,0.65,0.5666,3.1154,55.77,13.02,0.0,17.3,18.6
2022-06-28 04:00:00,4,22,22,0.0,5.0,16.0,1.0,0.0,1.0,0,0,15,0,15,0,20.1,479.0,324.0,804.0,20.1,3.0,7.06,roster,0,70.0,55.0,0.9333,58.91,1.75,0.55,0.0,3.1818,47.19,13.02,0.0,18.69,20.1
2022-06-28 05:00:00,5,20,20,0.0,5.0,14.0,1.0,0.0,1.0,0,0,15,0,15,0,21.1,539.0,384.0,864.0,21.1,3.0,7.06,roster,0,64.0,50.0,0.8533,56.01,1.6,0.5,0.0,3.2,42.9,13.02,0.0,20.09,21.6
2022-06-28 06:00:00,6,21,21,0.0,5.0,15.0,1.0,0.0,1.0,2,1,15,0,15,0,22.1,599.0,444.0,924.0,22.1,3.0,7.06,roster,0,67.0,52.5,0.8933,59.55,2.1269,0.525,0.1416,3.1905,45.04,13.02,0.0,21.48,23.1
2022-06-28 07:00:00,7,24,24,0.0,5.0,18.0,1.0,0.0,1.0,5,3,15,0,15,0,23.1,659.0,504.0,984.0,23.1,3.0,7.06,roster,0,76.0,60.0,1.0133,67.38,3.2456,0.6,0.4249,3.1667,51.48,13.02,0.0,22.88,24.6
2022-06-28 08:00:00,8,27,27,0.0,6.0,19.0,2.0,0.0,1.0,6,6,16,0,16,0,24.1,702.0,564.0,1044.0,24.1,3.0,6.29,roster,0,85.0,67.5,1.1806,76.08,5.128,0.675,0.9539,3.1481,57.92,13.89,0.0,24.27,26.1
2022-06-28 09:00:00,9,26,26,0.0,6.0,19.0,1.0,0.0,1.0,7,6,16,0,16,0,25.1,735.0,428.0,961.0,25.1,3.0,6.29,roster,0,83.0,65.0,1.1528,72.01,5.1201,0.65,0.9539,3.1923,55.77,13.89,0.0,22.34,24.025
2022-06-28 10:00:00,10,33,33,1.0,6.0,25.0,1.0,0.0,1.0,9,10,15,1,16,1,26.1,734.5,185.0,1021.0,26.1,4.0,9.61,roster,0,106.0,82.5,1.1042,101.82,5.9925,0.825,1.0406,3.2121,70.78,13.89,13.4,23.74,25.525
2022-06-28 11:00:00,11,37,37,1.0,6.0,28.0,2.0,0.0,1.0,10,9,16,2,18,2,27.1,641.5,172.0,953.0,27.1,4.0,9.61,roster,0,117.0,92.5,1.3295,123.95,5.8864,0.925,0.9365,3.1622,79.36,15.63,26.8,22.16,23.825
2022-06-28 12:00:00,12,45,45,0.0,6.0,36.0,2.0,1.0,1.0,18,15,15,2,17,2,28.1,305.0,204.0,1013.0,28.1,4.0,9.61,roster,0,137.0,112.5,1.4891,141.64,8.177,1.125,1.5609,3.0444,96.52,14.76,26.8,23.55,25.325
2022-06-28 13:00:00,13,38,38,0.0,7.0,30.0,1.0,0.0,1.0,4,4,17,1,18,1,29.1,193.5,86.0,1073.0,29.1,4.0,9.61,roster,0,120.0,95.0,1.3636,115.49,4.3144,0.95,0.4162,3.1579,81.51,15.63,13.4,24.95,26.825
2022-06-28 14:00:00,14,40,40,0.0,5.0,33.0,2.0,0.0,1.0,12,12,15,1,16,1,30.1,160.0,134.0,1261.0,30.1,4.0,9.61,roster,0,123.0,100.0,1.2812,122.41,6.9148,1.0,1.2487,3.075,85.8,13.89,13.4,29.32,31.525
2022-06-28 15:00:00,15,40,40,0.0,4.0,35.0,1.0,0.0,1.0,11,11,11,1,12,1,31.1,207.5,194.0,434.0,31.1,4.0,9.61,roster,0,123.0,100.0,1.0982,99.71,6.5948,1.0,1.1446,3.075,85.8,10.42,13.4,10.09,10.85
2022-06-28 16:00:00,16,43,43,1.0,5.0,37.0,0.0,0.0,1.0,15,13,13,2,15,2,32.1,258.0,119.0,402.0,32.1,4.0,9.61,roster,0,136.0,107.5,1.36,121.41,7.6785,1.075,1.3528,3.1628,92.24,13.02,26.8,9.35,10.05
2022-06-28 17:00:00,17,43,43,2.0,5.0,35.0,1.0,0.0,1.0,6,6,15,2,17,2,33.1,275.0,152.0,351.0,33.1,4.0,9.61,roster,0,137.0,107.5,1.4891,121.96,5.4142,1.075,0.6243,3.186,92.24,14.76,26.8,8.16,8.775
2022-06-28 18:00:00,18,43,43,2.0,4.0,31.0,4.0,2.0,1.0,12,11,13,3,16,3,34.1,287.0,167.0,522.0,34.1,4.0,9.61,roster,0,129.0,107.5,1.3438,138.46,6.6589,1.075,1.1446,3.0,92.24,13.89,40.2,12.14,13.05
2022-06-28 19:00:00,19,36,36,2.0,2.0,26.0,4.0,2.0,1.0,12,12,12,2,14,2,35.1,335.5,151.0,582.0,35.1,4.0,9.61,roster,0,106.0,90.0,1.0192,109.71,6.3267,0.9,1.2487,2.9444,77.22,12.16,26.8,13.53,14.55
2022-06-28 20:00:00,20,31,31,2.0,3.0,22.0,3.0,1.0,1.0,8,6,12,2,14,2,34.667,202.0,89.0,484.0,34.667,4.0,11.61,roster,0,95.0,77.5,0.9135,96.7,3.9587,0.775,0.5168,3.0645,66.5,12.16,26.8,11.25,12.1
2022-06-28 21:00:00,21,31,31,3.0,3.0,21.0,3.0,1.0,1.0,6,5,13,2,15,2,14.567,196.0,130.0,515.0,13.233,4.0,11.61,roster,0,97.0,77.5,0.97,98.29,3.7726,0.775,0.4307,3.129,66.5,13.02,26.8,11.97,12.875
2022-06-28 22:00:00,22,43,43,3.0,4.0,27.0,6.0,3.0,1.0,15,14,14,2,16,2,15.567,235.0,184.0,575.0,14.233,3.0,8.29,roster,0,127.0,107.5,1.7639,126.3,8.1628,1.075,1.6888,2.9535,92.24,13.89,26.8,13.37,14.375
2022-06-28 23:00:00,23,38,38,2.0,3.0,25.0,6.0,2.0,1.0,7,7,13,2,15,2,13.7,269.0,163.0,516.0,13.7,3.0,8.29,roster,0,111.0,95.0,1.48,113.33,5.2415,0.95,0.8444,2.9211,81.51,13.02,26.8,12.0,12.9
2022-06-29 00:00:00,0,35,35,2.0,3.0,23.0,5.0,2.0,1.0,8,7,14,3,17,3,14.7,289.0,155.0,433.0,14.7,3.0,8.29,roster,0,103.0,87.5,1.4928,120.1,5.0599,0.875,0.8444,2.9429,75.08,14.76,40.2,10.07,10.825
2022-06-29 01:00:00,1,34,34,1.0,2.0,27.0,2.0,2.0,1.0,5,5,13,1,14,1,15.7,376.5,283.0,636.0,15.7,3.0,8.29,roster,0,100.0,85.0,1.2821,93.27,4.2739,0.85,0.6031,2.9412,72.93,12.16,13.4,14.79,15.9
2022-06-29 02:00:00,2,26,26,1.0,1.0,20.0,2.0,2.0,1.0,4,1,12,1,13,1,16.7,449.0,343.0,696.0,16.7,3.0,8.29,roster,0,75.0,65.0,0.9259,76.64,2.223,0.65,0.1206,2.8846,55.77,11.29,13.4,16.18,17.4
2022-06-29 03:00:00,3,27,27,1.0,1.0,20.0,3.0,2.0,1.0,3,2,12,1,13,1,17.7,509.0,403.0,756.0,17.7,3.0,8.29,roster,0,77.0,67.5,0.9506,80.18,2.613,0.675,0.2413,2.8519,57.92,11.29,13.4,17.58,18.9
2022-06-29 04:00:00,4,29,29,1.0,1.0,23.0,2.0,2.0,1.0,6,5,12,1,13,1,18.7,569.0,463.0,816.0,18.7,3.0,8.29,roster,0,84.0,72.5,1.037,85.86,3.847,0.725,0.6031,2.8966,62.2,11.29,13.4,18.97,20.4
2022-06-29 05:00:00,5,26,26,1.0,1.0,21.0,2.0,1.0,1.0,2,1,13,1,14,1,19.7,616.5,455.0,876.0,19.7,3.0,8.29,roster,0,77.0,65.0,0.9872,81.69,2.2822,0.65,0.1206,2.9615,55.77,12.16,13.4,20.37,21.9
2022-06-29 06:00:00,6,25,25,1.0,2.0,20.0,1.0,1.0,1.0,4,4,13,1,14,1,20.7,676.5,515.0,936.0,20.7,3.0,8.29,roster,0,76.0,62.5,0.9744,80.94,3.3668,0.625,0.4825,3.04,53.62,12.16,13.4,21.76,23.4
2022-06-29 07:00:00,7,22,22,1.0,2.0,17.0,1.0,1.0,1.0,1,1,13,1,14,1,21.7,736.5,575.0,996.0,21.7,3.0,8.29,roster,0,67.0,55.0,0.859,75.9,2.0424,0.55,0.1206,3.0455,47.19,12.16,13.4,23.16,24.9
2022-06-29 08:00:00,8,25,25,1.0,2.0,19.0,2.0,1.0,1.0,6,6,13,1,14,1,22.7,796.5,635.0,1056.0,22.7,3.0,7.16,roster,0,75.0,62.5,0.9615,83.73,4.389,0.625,0.838,3.0,53.62,12.16,13.4,24.55,26.4
2022-06-29 09:00:00,9,29,29,3.0,3.0,22.0,0.0,1.0,1.0,9,9,12,2,14,2,23.7,849.0,652.0,1116.0,23.7,3.0,7.16,roster,0,94.0,72.5,1.2051,107.11,6.4244,0.725,1.257,3.2414,62.2,12.16,26.8,25.95,27.9
2022-06-29 10:00:00,10,29,29,1.0,3.0,23.0,1.0,1.0,1.0,9,7,12,1,13,1,24.7,929.0,755.0,1176.0,24.7,4.0,10.41,roster,0,89.0,72.5,0.8241,94.23,4.2887,0.725,0.6724,3.069,62.2,11.29,13.4,27.34,29.4
2022-06-29 11:00:00,11,28,28,0.0,3.0,23.0,2.0,0.0,1.0,7,6,13,1,14,1,25.7,849.0,186.0,994.0,25.7,4.0,10.41,roster,0,85.0,70.0,0.8173,88.73,3.8747,0.7,0.5764,3.0357,60.06,12.16,13.4,23.11,24.85
2022-06-29 12:00:00,12,28,28,0.0,4.0,23.0,1.0,0.0,1.0,5,5,12,1,13,1,26.7,875.0,246.0,1049.0,26.7,4.0,10.41,roster,0,87.0,70.0,0.8056,89.14,3.6674,0.7,0.4803,3.1071,60.06,11.29,13.4,24.39,26.225
2022-06-29 13:00:00,13,30,30,0.0,4.0,24.0,1.0,1.0,1.0,8,8,12,1,13,1,27.7,892.0,209.0,1109.0,27.7,4.0,10.41,roster,0,91.0,75.0,0.8426,94.82,4.6061,0.75,0.7685,3.0333,64.35,11.29,13.4,25.78,27.725
2022-06-29 14:00:00,14,32,32,0.0,4.0,26.0,2.0,0.0,1.0,10,10,10,1,11,1,28.7,269.0,123.0,1174.0,28.7,4.0,10.41,roster,0,98.0,80.0,0.8448,98.89,5.3919,0.8,0.9606,3.0625,68.64,9.55,13.4,27.3,29.35
2022-06-29 15:00:00,15,35,35,0.0,4.0,29.0,2.0,0.0,1.0,11,11,9,1,10,1,29.7,295.5,146.0,690.0,29.7,4.0,10.41,roster,0,107.0,87.5,0.8917,93.2,5.9054,0.875,1.0567,3.0571,75.08,8.68,13.4,16.04,17.25
2022-06-29 16:00:00,16,39,39,0.0,4.0,34.0,1.0,0.0,1.0,14,14,7,0,7,0,21.633,206.0,174.0,389.0,21.567,4.0,10.41,roster,0,120.0,97.5,0.9091,78.78,7.138,0.975,1.3449,3.0769,83.66,6.08,0.0,9.04,9.725
2022-06-29 17:00:00,17,34,34,0.0,4.0,29.0,1.0,0.0,1.0,12,9,8,0,8,0,22.633,263.5,234.0,449.0,22.567,4.0,10.41,roster,0,105.0,85.0,0.8203,70.32,5.2949,0.85,0.8646,3.0882,72.93,6.95,0.0,10.44,11.225
2022-06-29 18:00:00,18,29,29,0.0,2.0,25.0,2.0,0.0,1.0,3,4,10,0,10,0,23.633,195.0,95.0,326.0,23.567,4.0,10.41,roster,0,87.0,72.5,0.725,58.47,3.3277,0.725,0.3842,3.0,62.2,8.68,0.0,7.58,8.15
2022-06-29 19:00:00,19,36,36,0.0,2.0,29.0,4.0,1.0,1.0,14,13,7,0,7,0,24.633,161.0,128.0,292.0,7.05,4.0,10.41,roster,0,104.0,90.0,0.7879,70.09,6.2076,0.9,1.2488,2.8889,77.22,6.08,0.0,6.79,7.3
2022-06-29 20:00:00,20,37,37,0.0,2.0,29.0,4.0,2.0,1.0,12,11,8,0,8,0,25.633,218.0,188.0,352.0,8.05,4.0,10.21,roster,0,105.0,92.5,0.8203,74.5,5.6824,0.925,1.0774,2.8378,79.36,6.95,0.0,8.18,8.8
2022-06-29 21:00:00,21,34,34,0.0,2.0,27.0,4.0,1.0,1.0,9,6,12,0,12,0,26.633,197.0,105.0,338.0,9.05,4.0,10.21,roster,0,98.0,85.0,0.875,71.21,4.1438,0.85,0.5877,2.8824,72.93,10.42,0.0,7.86,8.45
2022-06-29 22:00:00,22,31,31,0.0,3.0,24.0,3.0,1.0,1.0,7,6,11,0,11,0,27.633,300.0,165.0,398.0,10.05,3.0,6.96,roster,0,91.0,77.5,1.046,65.3,4.8056,0.775,0.8621,2.9355,66.5,9.55,0.0,9.25,9.95
2022-06-29 23:00:00,23,32,32,0.0,3.0,27.0,2.0,0.0,1.0,9,7,10,0,10,0,28.633,364.0,236.0,458.0,11.05,3.0,6.96,roster,0,97.0,80.0,1.0778,67.97,5.4737,0.8,1.0057,3.0312,68.64,8.68,0.0,10.65,11.45
2022-06-30 00:00:00,0,29,29,0.0,2.0,26.0,1.0,0.0,1.0,4,4,10,0,10,0,29.633,377.0,232.0,518.0,12.05,3.0,6.96,roster,0,88.0,72.5,0.9778,62.93,3.944,0.725,0.5747,3.0345,62.2,8.68,0.0,12.04,12.95
2022-06-30 01:00:00,1,22,22,0.0,2.0,20.0,0.0,0.0,1.0,3,3,10,0,10,0,30.633,437.0,292.0,578.0,13.05,3.0,6.96,roster,0,68.0,55.0,0.7556,49.31,3.0323,0.55,0.431,3.0909,47.19,8.68,0.0,13.44,14.45
2022-06-30 02:00:00,2,22,22,0.0,2.0,20.0,0.0,0.0,1.0,3,1,10,0,10,0,31.633,497.0,352.0,638.0,14.05,3.0,6.96,roster,0,68.0,55.0,0.7556,50.71,2.1441,0.55,0.1437,3.0909,47.19,8.68,0.0,14.83,15.95
2022-06-30 03:00:00,3,24,24,0.0,2.0,22.0,0.0,0.0,1.0,6,4,9,0,9,0,32.633,600.0,476.0,698.0,15.05,3.0,6.96,roster,0,74.0,60.0,0.7957,55.52,3.622,0.6,0.5747,3.0833,51.48,7.81,0.0,16.23,17.45
2022-06-30 04:00:00,4,24,24,0.0,2.0,22.0,0.0,0.0,1.0,1,1,10,0,10,0,33.633,617.0,472.0,758.0,16.05,3.0,6.96,roster,0,74.0,60.0,0.8222,57.79,2.293,0.6,0.1437,3.0833,51.48,8.68,0.0,17.62,18.95
2022-06-30 05:00:00,5,21,21,0.0,2.0,19.0,0.0,0.0,1.0,0,0,10,0,10,0,34.633,677.0,532.0,818.0,17.05,3.0,6.96,roster,0,65.0,52.5,0.7222,52.75,1.625,0.525,0.0,3.0952,45.04,8.68,0.0,19.02,20.45
2022-06-30 06:00:00,6,25,25,1.0,2.0,21.0,1.0,0.0,1.0,6,5,10,0,10,0,35.633,737.0,592.0,878.0,18.05,3.0,6.96,roster,0,78.0,62.5,0.8667,62.72,4.1914,0.625,0.7184,3.12,53.62,8.68,0.0,20.41,21.95
2022-06-30 07:00:00,7,22,22,1.0,2.0,19.0,0.0,0.0,1.0,0,0,11,0,11,0,36.633,754.0,584.0,938.0,19.05,3.0,6.96,roster,0,70.0,55.0,0.8046,58.55,1.75,0.55,0.0,3.1818,47.19,9.55,0.0,21.81,23.45
2022-06-30 08:00:00,8,20,20,1.0,3.0,16.0,0.0,0.0,1.0,2,1,11,0,11,0,37.633,814.0,644.0,998.0,20.05,3.0,7.76,roster,0,65.0,50.0,0.7471,55.65,2.0438,0.5,0.1289,3.25,42.9,9.55,0.0,23.2,24.95
2022-06-30 09:00:00,9,19,19,0.0,3.0,16.0,0.0,0.0,1.0,1,1,10,0,10,0,38.633,917.0,772.0,1058.0,21.05,3.0,7.76,roster,0,60.0,47.5,0.6667,54.04,1.9069,0.475,0.1289,3.1579,40.75,8.68,0.0,24.6,26.45
2022-06-30 10:00:00,10,18,18,0.0,3.0,15.0,0.0,0.0,1.0,4,4,7,0,7,0,39.633,934.0,764.0,1118.0,19.867,4.0,11.22,roster,0,57.0,45.0,0.4318,50.68,2.5539,0.45,0.3565,3.1667,38.61,6.08,0.0,25.99,27.95
2022-06-30 11:00:00,11,20,20,1.0,2.0,17.0,0.0,0.0,1.0,8,8,7,0,7,0,20.867,994.0,824.0,1178.0,20.867,4.0,11.22,roster,0,64.0,50.0,0.4848,56.37,3.8816,0.5,0.713,3.2,42.9,6.08,0.0,27.39,29.45
2022-06-30 12:00:00,12,26,26,1.0,5.0,20.0,0.0,0.0,1.0,12,11,8,0,8,0,21.867,1035.0,884.0,1238.0,21.867,4.0,11.22,roster,0,85.0,65.0,0.6641,71.5,5.3301,0.65,0.9804,3.2692,55.77,6.95,0.0,28.78,30.95
2022-06-30 13:00:00,13,26,26,2.0,5.0,19.0,0.0,0.0,1.0,9,5,11,0,11,0,22.867,640.0,116.0,1235.0,22.867,4.0,11.22,roster,0,87.0,65.0,0.75,74.04,3.6662,0.65,0.4456,3.3462,55.77,9.55,0.0,28.71,30.875
2022-06-30 14:00:00,14,24,24,2.0,5.0,17.0,0.0,0.0,1.0,4,3,11,1,12,1,23.867,177.5,171.0,1004.0,23.867,4.0,11.22,roster,0,81.0,60.0,0.7232,78.64,2.9274,0.6,0.2674,3.375,51.48,10.42,13.4,23.34,25.1
2022-06-30 15:00:00,15,17,17,2.0,4.0,11.0,0.0,0.0,1.0,4,2,6,1,7,1,24.867,235.0,145.0,263.0,24.867,4.0,11.22,roster,0,59.0,42.5,0.447,42.06,2.0936,0.425,0.1783,3.4706,36.46,6.08,13.4,6.11,6.575
2022-06-30 16:00:00,16,18,18,2.0,3.0,13.0,0.0,0.0,1.0,5,4,5,1,6,1,8.25,248.0,184.0,299.0,5.383,4.0,11.22,roster,0,61.0,45.0,0.4485,44.17,2.7332,0.45,0.3565,3.3889,38.61,5.21,13.4,6.95,7.475
2022-06-30 17:00:00,17,17,17,1.0,3.0,13.0,0.0,0.0,1.0,5,5,3,0,3,0,9.25,351.0,84.0,383.0,6.383,4.0,11.22,roster,0,56.0,42.5,0.3784,27.97,2.868,0.425,0.4456,3.2941,36.46,2.6,0.0,8.9,9.575
2022-06-30 18:00:00,18,21,21,2.0,2.0,17.0,0.0,0.0,1.0,9,9,7,0,7,0,7.483,111.0,89.0,411.0,7.383,4.0,11.22,roster,0,69.0,52.5,0.5227,40.68,4.3606,0.525,0.8021,3.2857,45.04,6.08,0.0,9.56,10.275
2022-06-30 19:00:00,19,21,21,1.0,2.0,18.0,0.0,0.0,1.0,10,8,5,2,7,2,8.483,134.0,74.0,204.0,7.85,4.0,11.22,roster,0,67.0,52.5,0.5076,62.67,3.9498,0.525,0.713,3.1905,45.04,6.08,26.8,4.74,5.1
2022-06-30 20:00:00,20,24,24,1.0,2.0,20.0,1.0,0.0,1.0,7,8,6,2,8,2,9.483,147.5,103.0,264.0,8.85,4.0,10.14,roster,0,75.0,60.0,0.5859,71.36,4.3405,0.6,0.789,3.125,51.48,6.95,26.8,6.14,6.6
2022-06-30 21:00:00,21,25,25,0.0,4.0,19.0,2.0,0.0,1.0,11,11,7,1,8,1,9.85,171.5,120.0,324.0,9.85,4.0,10.14,roster,0,77.0,62.5,0.6016,61.5,5.2662,0.625,1.0848,3.08,53.62,6.95,13.4,7.53,8.1
2022-06-30 22:00:00,22,21,21,0.0,2.0,17.0,2.0,0.0,1.0,8,6,6,0,6,0,5.233,140.5,97.0,209.0,5.233,3.0,6.68,roster,0,63.0,52.5,0.6176,35.11,4.2696,0.525,0.8982,3.0,45.04,5.21,0.0,4.86,5.225
2022-06-30 23:00:00,23,17,17,0.0,2.0,15.0,0.0,0.0,1.0,8,5,4,0,4,0,3.5,141.0,125.0,177.0,2.95,3.0,6.68,roster,0,53.0,42.5,0.4907,24.05,3.6586,0.425,0.7485,3.1176,36.46,3.47,0.0,4.12,4.425
