ts,hour,total,census,l1,l2,l3,l4,l5,tri_coverage,arrivals,arrival_present_1h,waitBed,waitICU,D_board,resus,maxLOS_h,awt_curr_min,board_q1_min,board_q3_min,board_max_h,Na,cap_sum,cap_source,src_gap,acuity,OCCUPANCY,EDWIN,NEDOCS,READI,READI_BR,READI_PR,READI_AR,NEDOCS_t_total,NEDOCS_t_board,NEDOCS_t_resus,NEDOCS_t_longest_admit,NEDOCS_E_h
2024-04-01 00:00:00,0,43,43,1.0,7.0,26.0,5.0,4.0,1.0,12,11,23,1,24,1,38.733,553.5,309.0,819.0,38.733,3.0,6.35,roster,0,125.0,107.5,2.6042,125.52,8.1607,1.075,1.7323,2.907,92.24,20.84,13.4,19.04,20.475
2024-04-01 01:00:00,1,40,40,1.0,7.0,27.0,4.0,1.0,1.0,9,9,25,1,26,1,39.733,600.5,270.0,846.0,39.733,3.0,6.35,roster,0,123.0,100.0,2.9286,121.45,7.4333,1.0,1.4173,3.075,85.8,22.58,13.4,19.67,21.15
2024-04-01 02:00:00,2,38,38,2.0,7.0,24.0,4.0,1.0,1.0,5,5,25,1,26,1,40.733,660.5,330.0,906.0,40.733,3.0,6.35,roster,0,119.0,95.0,2.8333,118.55,5.4408,0.95,0.7874,3.1316,81.51,22.58,13.4,21.06,22.65
2024-04-01 03:00:00,3,39,39,2.0,8.0,26.0,2.0,1.0,1.0,4,4,27,1,28,1,41.733,713.5,376.0,966.0,41.733,3.0,6.35,roster,0,125.0,97.5,3.4722,123.83,5.144,0.975,0.6299,3.2051,83.66,24.31,13.4,22.46,24.15
2024-04-01 04:00:00,4,38,38,2.0,8.0,26.0,1.0,1.0,1.0,3,3,27,1,28,1,42.733,773.5,436.0,1026.0,42.733,3.0,6.35,roster,0,123.0,95.0,3.4167,123.08,4.6042,0.95,0.4724,3.2368,81.51,24.31,13.4,23.85,25.65
2024-04-01 05:00:00,5,32,32,2.0,8.0,20.0,1.0,1.0,1.0,1,1,27,0,27,0,43.733,835.0,453.0,1086.0,43.733,3.0,6.35,roster,0,105.0,80.0,2.6923,97.33,3.1417,0.8,0.1575,3.2812,68.64,23.44,0.0,25.25,27.15
2024-04-01 06:00:00,6,34,34,2.0,7.0,22.0,2.0,1.0,1.0,4,4,27,0,27,0,44.733,895.0,513.0,1146.0,44.733,3.0,6.35,roster,0,109.0,85.0,2.7949,103.02,4.7445,0.85,0.6299,3.2059,72.93,23.44,0.0,26.64,28.65
2024-04-01 07:00:00,7,32,32,2.0,7.0,21.0,1.0,1.0,1.0,3,2,27,0,27,0,45.733,955.0,573.0,1206.0,45.733,3.0,6.35,roster,0,104.0,80.0,2.6667,100.12,3.6236,0.8,0.315,3.25,68.64,23.44,0.0,28.04,30.15
2024-04-01 08:00:00,8,33,33,2.0,7.0,22.0,1.0,1.0,1.0,2,2,27,0,27,0,46.733,1015.0,633.0,1266.0,46.733,3.0,7.61,roster,0,107.0,82.5,2.7436,103.66,3.5271,0.825,0.2628,3.2424,70.78,23.44,0.0,29.43,31.65
2024-04-01 09:00:00,9,35,35,2.0,9.0,22.0,1.0,1.0,1.0,3,3,26,1,27,1,47.733,1072.0,675.0,1221.0,47.733,3.0,7.61,roster,0,115.0,87.5,2.9487,120.31,4.1703,0.875,0.3942,3.2857,75.08,23.44,13.4,28.39,30.525
2024-04-01 10:00:00,10,41,41,2.0,13.0,24.0,1.0,1.0,1.0,9,9,24,2,26,2,48.733,1127.0,735.0,1249.0,48.733,4.0,10.95,roster,0,137.0,102.5,2.4464,146.36,6.1714,1.025,0.8219,3.3415,87.94,22.58,26.8,29.04,31.225
2024-04-01 11:00:00,11,54,54,2.0,17.0,32.0,2.0,1.0,1.0,16,15,25,2,27,2,49.733,995.0,712.0,1284.0,49.733,4.0,10.95,roster,0,179.0,135.0,3.4423,175.93,9.0158,1.35,1.3699,3.3148,115.83,23.44,26.8,29.85,32.1
2024-04-01 12:00:00,12,48,48,2.0,13.0,31.0,2.0,0.0,1.0,6,5,28,2,30,2,50.733,829.0,110.0,1281.0,50.733,4.0,10.95,roster,0,159.0,120.0,3.975,165.59,5.4876,1.2,0.4566,3.3125,102.96,26.05,26.8,29.78,32.025
2024-04-01 13:00:00,13,53,53,2.0,14.0,34.0,3.0,0.0,1.0,9,10,28,2,30,2,51.733,847.5,163.0,1341.0,51.733,4.0,10.95,roster,0,174.0,132.5,4.35,177.71,7.3482,1.325,0.9132,3.283,113.68,26.05,26.8,31.18,33.525
2024-04-01 14:00:00,14,51,51,3.0,12.0,32.0,4.0,0.0,1.0,6,5,29,2,31,2,52.733,721.0,207.0,1372.0,52.733,4.0,10.95,roster,0,167.0,127.5,4.6389,175.01,5.6702,1.275,0.4566,3.2745,109.39,26.92,26.8,31.9,34.3
2024-04-01 15:00:00,15,40,40,3.0,8.0,25.0,4.0,0.0,1.0,8,7,16,2,18,2,40.2,272.5,185.0,781.0,40.2,4.0,10.95,roster,0,130.0,100.0,1.4773,126.39,5.3276,1.0,0.6393,3.25,85.8,15.63,26.8,18.16,19.525
2024-04-01 16:00:00,16,37,37,4.0,8.0,24.0,1.0,0.0,1.0,10,10,17,2,19,2,41.2,325.0,189.0,512.0,41.2,4.0,10.95,roster,0,126.0,92.5,1.5,114.57,6.26,0.925,0.9132,3.4054,79.36,16.5,26.8,11.9,12.8
2024-04-01 17:00:00,17,40,40,4.0,10.0,24.0,2.0,0.0,1.0,8,8,18,4,22,4,42.2,343.0,166.0,401.0,42.2,4.0,10.95,roster,0,136.0,100.0,1.8889,147.83,5.884,1.0,0.7306,3.4,85.8,19.1,53.6,9.32,10.025
2024-04-01 18:00:00,18,45,45,3.0,10.0,22.0,10.0,0.0,1.0,11,12,19,4,23,4,43.2,365.0,199.0,461.0,43.2,4.0,10.95,roster,0,141.0,112.5,2.0735,160.81,6.9588,1.125,1.0959,3.1333,96.52,19.97,53.6,10.72,11.525
2024-04-01 19:00:00,19,39,39,2.0,11.0,19.0,7.0,0.0,1.0,8,8,20,3,23,3,44.2,386.0,212.0,515.0,44.2,4.0,10.95,roster,0,125.0,97.5,1.8382,135.8,5.4666,0.975,0.7306,3.2051,83.66,19.97,40.2,11.97,12.875
2024-04-01 20:00:00,20,48,48,2.0,9.0,25.0,12.0,0.0,1.0,14,14,21,2,23,2,45.2,429.0,261.0,570.0,45.2,4.0,10.13,roster,0,145.0,120.0,2.1324,142.98,7.7999,1.2,1.382,3.0208,102.96,19.97,26.8,13.25,14.25
2024-04-01 21:00:00,21,42,42,3.0,5.0,26.0,8.0,0.0,1.0,11,10,19,1,20,1,46.2,497.5,321.0,630.0,46.2,4.0,10.13,roster,0,129.0,105.0,1.6125,115.5,6.257,1.05,0.9872,3.0714,90.09,17.37,13.4,14.65,15.75
2024-04-01 22:00:00,22,37,37,3.0,5.0,23.0,6.0,0.0,1.0,7,6,19,3,22,3,47.2,514.0,264.0,687.0,47.2,3.0,6.79,roster,0,116.0,92.5,2.1481,134.64,5.6704,0.925,0.8837,3.1351,79.36,19.1,40.2,15.97,17.175
2024-04-01 23:00:00,23,39,39,3.0,7.0,24.0,5.0,0.0,1.0,9,10,19,3,22,3,48.2,574.0,324.0,747.0,48.2,3.0,6.79,roster,0,125.0,97.5,2.3148,140.33,7.8454,0.975,1.4728,3.2051,83.66,19.1,40.2,17.37,18.675
2024-04-02 00:00:00,0,39,39,3.0,6.0,24.0,5.0,1.0,1.0,9,7,23,4,27,4,49.2,512.0,136.0,805.0,49.2,3.0,6.79,roster,0,122.0,97.5,3.1282,159.42,6.275,0.975,1.0309,3.1282,83.66,23.44,53.6,18.72,20.125
2024-04-02 01:00:00,1,35,35,3.0,6.0,21.0,5.0,0.0,1.0,8,3,23,4,27,4,50.2,572.0,196.0,865.0,50.2,3.0,6.79,roster,0,112.0,87.5,2.8718,152.23,4.2138,0.875,0.4418,3.2,75.08,23.44,53.6,20.11,21.625
2024-04-02 02:00:00,2,35,35,3.0,8.0,21.0,3.0,0.0,1.0,5,5,23,3,26,3,51.2,669.0,303.0,925.0,51.2,3.0,6.79,roster,0,116.0,87.5,2.7619,139.36,5.3406,0.875,0.7364,3.3143,75.08,22.58,40.2,21.51,23.125
2024-04-02 03:00:00,3,35,35,3.0,9.0,19.0,4.0,0.0,1.0,2,2,23,3,26,3,52.2,729.0,363.0,985.0,52.2,3.0,6.79,roster,0,116.0,87.5,2.7619,140.75,3.8762,0.875,0.2946,3.3143,75.08,22.58,40.2,22.9,24.625
2024-04-02 04:00:00,4,36,36,3.0,8.0,22.0,3.0,0.0,1.0,7,5,24,3,27,3,53.2,752.0,376.0,1045.0,53.2,3.0,6.79,roster,0,119.0,90.0,3.0513,145.16,5.4091,0.9,0.7364,3.3056,77.22,23.44,40.2,24.3,26.125
2024-04-02 05:00:00,5,37,37,3.0,8.0,23.0,3.0,0.0,1.0,3,3,25,3,28,3,54.2,806.5,436.0,1105.0,54.2,3.0,6.79,roster,0,122.0,92.5,3.3889,149.57,4.5068,0.925,0.4418,3.2973,79.36,24.31,40.2,25.69,27.625
2024-04-02 06:00:00,6,35,35,3.0,8.0,21.0,3.0,0.0,1.0,1,1,26,3,29,3,55.2,861.0,474.0,1161.0,55.2,3.0,6.79,roster,0,116.0,87.5,3.5152,147.45,3.3881,0.875,0.1473,3.3143,75.08,25.18,40.2,26.99,29.025
2024-04-02 07:00:00,7,39,39,4.0,8.0,22.0,5.0,0.0,1.0,5,5,26,3,29,3,56.2,921.0,534.0,1221.0,56.2,3.0,6.79,roster,0,128.0,97.5,3.8788,157.42,5.6168,0.975,0.7364,3.2821,83.66,25.18,40.2,28.39,30.525
2024-04-02 08:00:00,8,39,39,4.0,9.0,21.0,5.0,0.0,1.0,4,4,26,4,30,4,57.2,938.0,584.0,1281.0,57.2,3.0,6.35,roster,0,129.0,97.5,4.3,173.09,5.3086,0.975,0.6299,3.3077,83.66,26.05,53.6,29.78,32.025
2024-04-02 09:00:00,9,41,41,2.0,7.0,27.0,5.0,0.0,1.0,7,7,25,3,28,3,58.2,939.5,644.0,1341.0,58.2,3.0,6.35,roster,0,129.0,102.5,3.5833,163.64,6.6934,1.025,1.1024,3.1463,87.94,24.31,40.2,31.18,33.525
2024-04-02 10:00:00,10,41,41,2.0,8.0,25.0,6.0,0.0,1.0,7,7,23,2,25,2,59.2,984.0,684.0,1401.0,59.2,4.0,9.67,roster,0,129.0,102.5,2.15,149.03,5.5026,1.025,0.7239,3.1463,87.94,21.71,26.8,32.57,35.025
2024-04-02 11:00:00,11,43,43,2.0,7.0,27.0,7.0,0.0,1.0,9,8,22,2,24,2,60.2,911.0,738.0,1461.0,60.2,4.0,9.67,roster,0,133.0,107.5,2.0781,153.84,5.8839,1.075,0.8273,3.093,92.24,20.84,26.8,33.97,36.525
2024-04-02 12:00:00,12,35,35,1.0,5.0,25.0,4.0,0.0,1.0,8,8,17,2,19,2,61.2,1039.0,502.0,1521.0,61.2,4.0,9.67,roster,0,108.0,87.5,1.2857,133.74,5.2528,0.875,0.8273,3.0857,75.08,16.5,26.8,35.36,38.025
2024-04-02 13:00:00,13,30,30,1.0,2.0,23.0,4.0,0.0,1.0,6,5,15,1,16,1,26.583,750.5,160.0,1581.0,26.583,4.0,9.67,roster,0,90.0,75.0,0.9375,108.4,3.8012,0.75,0.5171,3.0,64.35,13.89,13.4,36.76,39.525
2024-04-02 14:00:00,14,29,29,1.0,3.0,21.0,4.0,0.0,1.0,7,5,13,1,14,1,27.5,810.5,209.0,1352.0,27.5,4.0,9.67,roster,0,88.0,72.5,0.8462,99.2,3.769,0.725,0.5171,3.0345,62.2,12.16,13.4,31.43,33.8
2024-04-02 15:00:00,15,31,31,1.0,3.0,23.0,4.0,0.0,1.0,8,7,13,1,14,1,28.5,607.0,235.0,1284.0,28.5,4.0,9.67,roster,0,94.0,77.5,0.9038,101.9,4.545,0.775,0.7239,3.0323,66.5,12.16,13.4,29.85,32.1
2024-04-02 16:00:00,16,29,29,1.0,4.0,19.0,5.0,0.0,1.0,9,8,14,1,15,1,29.5,295.0,117.0,1044.0,29.5,4.0,9.67,roster,0,88.0,72.5,0.88,92.9,4.7104,0.725,0.8273,3.0345,62.2,13.02,13.4,24.27,26.1
2024-04-02 17:00:00,17,29,29,2.0,3.0,19.0,5.0,0.0,1.0,7,7,16,1,17,1,30.5,327.0,159.0,1098.0,30.5,4.0,9.67,roster,0,89.0,72.5,0.9674,95.89,4.4466,0.725,0.7239,3.069,62.2,14.76,13.4,25.53,27.45
2024-04-02 18:00:00,18,29,29,2.0,4.0,16.0,6.0,1.0,1.0,10,8,16,0,16,0,31.5,330.5,200.0,1164.0,31.5,4.0,9.67,roster,0,87.0,72.5,0.9062,83.16,4.6569,0.725,0.8273,3.0,62.2,13.89,0.0,27.06,29.1
2024-04-02 19:00:00,19,28,28,1.0,3.0,17.0,6.0,1.0,1.0,7,6,14,0,14,0,32.5,367.0,226.0,1003.0,32.5,4.0,9.67,roster,0,81.0,70.0,0.7788,75.54,3.8199,0.7,0.6205,2.8929,60.06,12.16,0.0,23.32,25.075
2024-04-02 20:00:00,20,33,33,1.0,4.0,19.0,8.0,1.0,1.0,8,8,15,0,15,0,33.5,357.0,280.0,1063.0,33.5,4.0,10.11,roster,0,95.0,82.5,0.95,88.52,4.653,0.825,0.7913,2.8788,70.78,13.02,0.0,24.71,26.575
2024-04-02 21:00:00,21,37,37,1.0,5.0,23.0,8.0,0.0,1.0,10,10,16,0,16,0,34.5,408.0,340.0,1123.0,34.5,4.0,10.11,roster,0,110.0,92.5,1.1458,99.37,5.6906,0.925,0.9891,2.973,79.36,13.89,0.0,26.11,28.075
2024-04-02 22:00:00,22,35,35,2.0,5.0,22.0,6.0,0.0,1.0,7,5,17,0,17,0,35.417,440.0,318.0,627.0,35.417,3.0,6.79,roster,0,108.0,87.5,1.5652,84.41,4.9722,0.875,0.7364,3.0857,75.08,14.76,0.0,14.58,15.675
2024-04-02 23:00:00,23,39,39,2.0,4.0,23.0,9.0,1.0,1.0,12,10,17,0,17,0,36.417,500.0,378.0,687.0,36.417,3.0,6.79,roster,0,114.0,97.5,1.6522,94.39,7.155,0.975,1.4728,2.9231,83.66,14.76,0.0,15.97,17.175
2024-04-03 00:00:00,0,30,30,1.0,4.0,17.0,8.0,0.0,1.0,7,5,18,0,18,0,37.417,543.0,357.0,747.0,37.417,3.0,6.79,roster,0,88.0,75.0,1.3333,77.35,4.36,0.75,0.7364,2.9333,64.35,15.63,0.0,17.37,18.675
2024-04-03 01:00:00,1,28,28,1.0,4.0,17.0,6.0,0.0,1.0,2,2,18,0,18,0,38.417,603.0,417.0,807.0,38.417,3.0,6.79,roster,0,84.0,70.0,1.2727,74.45,2.9837,0.7,0.2946,3.0,60.06,15.63,0.0,18.76,20.175
2024-04-03 02:00:00,2,27,27,1.0,4.0,18.0,4.0,0.0,1.0,3,2,18,0,18,0,39.417,663.0,477.0,867.0,39.417,3.0,6.79,roster,0,83.0,67.5,1.2576,73.7,2.9805,0.675,0.2946,3.0741,57.92,15.63,0.0,20.16,21.675
2024-04-03 03:00:00,3,34,34,1.0,6.0,23.0,4.0,0.0,1.0,10,10,18,0,18,0,40.417,723.0,537.0,927.0,40.417,3.0,6.79,roster,0,106.0,85.0,1.6061,90.11,7.2415,0.85,1.4728,3.1176,72.93,15.63,0.0,21.55,23.175
2024-04-03 04:00:00,4,33,33,2.0,6.0,21.0,4.0,0.0,1.0,1,1,19,1,20,1,41.417,763.0,511.0,987.0,41.417,3.0,6.79,roster,0,105.0,82.5,1.75,104.5,3.0936,0.825,0.1473,3.1818,70.78,17.37,13.4,22.95,24.675
2024-04-03 05:00:00,5,37,37,1.0,6.0,26.0,4.0,0.0,1.0,6,6,19,1,20,1,42.417,823.0,571.0,1047.0,42.417,3.0,6.79,roster,0,115.0,92.5,1.9167,114.47,5.6215,0.925,0.8837,3.1081,79.36,17.37,13.4,24.34,26.175
2024-04-03 06:00:00,6,33,33,1.0,7.0,21.0,4.0,0.0,1.0,2,2,19,1,20,1,43.417,883.0,631.0,1107.0,43.417,3.0,6.79,roster,0,104.0,82.5,1.7333,107.29,3.5283,0.825,0.2946,3.1515,70.78,17.37,13.4,25.74,27.675
2024-04-03 07:00:00,7,37,37,1.0,7.0,25.0,4.0,0.0,1.0,6,6,20,1,21,1,44.417,940.0,621.0,1157.0,44.417,3.0,6.79,roster,0,116.0,92.5,2.0351,117.9,5.6704,0.925,0.8837,3.1351,79.36,18.23,13.4,26.9,28.925
2024-04-03 08:00:00,8,40,40,2.0,7.0,27.0,4.0,0.0,1.0,6,6,20,1,21,1,45.417,1000.0,681.0,1217.0,45.417,3.0,7.21,roster,0,127.0,100.0,2.2281,125.73,5.8172,1.0,0.8322,3.175,85.8,18.23,13.4,28.3,30.425
2024-04-03 09:00:00,9,45,45,1.0,5.0,36.0,3.0,0.0,1.0,10,10,18,1,19,1,46.417,1060.0,707.0,1277.0,46.417,3.0,7.21,roster,0,139.0,112.5,2.2063,136.11,7.7592,1.125,1.387,3.0889,96.52,16.5,13.4,29.69,31.925
2024-04-03 10:00:00,10,42,42,1.0,5.0,33.0,3.0,0.0,1.0,8,8,17,1,18,1,47.417,1098.0,698.0,1337.0,47.417,4.0,10.46,roster,0,130.0,105.0,1.4773,130.2,5.6173,1.05,0.7648,3.0952,90.09,15.63,13.4,31.09,33.425
2024-04-03 11:00:00,11,46,46,1.0,6.0,36.0,3.0,0.0,1.0,12,13,18,1,19,1,48.417,1098.0,199.0,1239.0,48.417,4.0,10.46,roster,0,143.0,115.0,1.7024,137.37,7.4386,1.15,1.2428,3.1087,98.67,16.5,13.4,28.81,30.975
2024-04-03 12:00:00,12,41,41,0.0,6.0,32.0,3.0,0.0,1.0,13,13,13,1,14,1,24.45,380.0,112.0,1246.0,24.45,4.0,10.46,roster,0,126.0,102.5,1.2115,122.47,6.9694,1.025,1.2428,3.0732,87.94,12.16,13.4,28.97,31.15
2024-04-03 13:00:00,13,38,38,0.0,8.0,28.0,2.0,0.0,1.0,11,10,12,1,13,1,25.45,172.0,137.0,947.0,25.45,4.0,10.46,roster,0,120.0,95.0,1.1111,108.22,6.019,0.95,0.956,3.1579,81.51,11.29,13.4,22.02,23.675
2024-04-03 14:00:00,14,36,36,0.0,8.0,26.0,2.0,0.0,1.0,11,11,9,0,9,0,17.733,197.0,139.0,227.0,16.783,4.0,10.46,roster,0,114.0,90.0,0.9194,70.31,6.1801,0.9,1.0516,3.1667,77.22,7.81,0.0,5.28,5.675
2024-04-03 15:00:00,15,38,38,0.0,10.0,26.0,2.0,0.0,1.0,12,11,8,0,8,0,18.733,179.5,114.0,295.0,17.783,4.0,10.46,roster,0,122.0,95.0,0.9531,75.32,6.4263,0.95,1.0516,3.2105,81.51,6.95,0.0,6.86,7.375
2024-04-03 16:00:00,16,37,37,0.0,11.0,24.0,2.0,0.0,1.0,8,8,8,0,8,0,18.783,197.0,164.0,355.0,18.783,4.0,10.46,roster,0,120.0,92.5,0.9375,74.57,5.4805,0.925,0.7648,3.2432,79.36,6.95,0.0,8.25,8.875
2024-04-03 17:00:00,17,27,27,0.0,10.0,14.0,2.0,1.0,1.0,3,3,9,0,9,0,7.417,224.0,136.0,280.0,6.917,4.0,10.46,roster,0,87.0,67.5,0.7016,52.24,3.0992,0.675,0.2868,3.2222,57.92,7.81,0.0,6.51,7.0
2024-04-03 18:00:00,18,26,26,0.0,7.0,16.0,2.0,1.0,1.0,8,7,8,0,8,0,7.917,289.0,271.0,379.0,7.917,4.0,10.46,roster,0,81.0,65.0,0.6328,51.53,4.1099,0.65,0.6692,3.1154,55.77,6.95,0.0,8.81,9.475
2024-04-03 19:00:00,19,24,24,0.0,3.0,19.0,2.0,0.0,1.0,13,12,4,0,4,0,8.6,137.0,72.0,439.0,7.317,4.0,10.46,roster,0,73.0,60.0,0.5069,45.16,5.3145,0.6,1.1472,3.0417,51.48,3.47,0.0,10.21,10.975
2024-04-03 20:00:00,20,29,29,1.0,1.0,26.0,1.0,0.0,1.0,15,14,5,0,5,0,8.317,107.0,104.0,120.0,8.317,4.0,10.02,roster,0,89.0,72.5,0.6357,49.34,6.513,0.725,1.3972,3.069,62.2,4.34,0.0,2.79,3.0
2024-04-03 21:00:00,21,25,25,1.0,2.0,22.0,0.0,0.0,1.0,11,11,4,1,5,1,6.667,95.0,74.0,127.0,2.733,4.0,10.02,roster,0,79.0,62.5,0.5643,54.32,5.4441,0.625,1.0978,3.16,53.62,4.34,13.4,2.95,3.175
2024-04-03 22:00:00,22,23,23,0.0,3.0,20.0,0.0,0.0,1.0,11,9,5,0,5,0,3.733,130.0,97.0,134.0,3.733,3.0,6.77,roster,0,72.0,57.5,0.6857,36.79,5.9616,0.575,1.3294,3.1304,49.33,4.34,0.0,3.12,3.35
2024-04-03 23:00:00,23,25,25,0.0,4.0,20.0,1.0,0.0,1.0,8,9,4,0,4,0,4.583,140.5,124.0,190.0,3.167,3.0,6.77,roster,0,78.0,62.5,0.7222,41.52,6.0977,0.625,1.3294,3.12,53.62,3.47,0.0,4.42,4.75
2024-04-04 00:00:00,0,22,22,0.0,4.0,18.0,0.0,0.0,1.0,8,8,6,0,6,0,5.583,139.0,82.0,217.0,4.167,3.0,6.77,roster,0,70.0,55.0,0.6863,37.45,5.5099,0.55,1.1817,3.1818,47.19,5.21,0.0,5.05,5.425
2024-04-04 01:00:00,1,20,20,0.0,3.0,16.0,1.0,0.0,1.0,5,5,6,0,6,0,6.583,199.0,142.0,277.0,5.167,3.0,6.77,roster,0,62.0,50.0,0.6078,34.55,3.8395,0.5,0.7386,3.1,42.9,5.21,0.0,6.44,6.925
2024-04-04 02:00:00,2,15,15,0.0,3.0,12.0,0.0,0.0,1.0,0,0,6,1,7,1,7.583,236.0,90.0,337.0,6.167,3.0,6.77,roster,0,48.0,37.5,0.4848,39.49,1.2,0.375,0.0,3.2,32.17,6.08,13.4,7.84,8.425
2024-04-04 03:00:00,3,18,18,0.0,5.0,12.0,1.0,0.0,1.0,5,4,6,0,6,0,8.583,319.0,262.0,397.0,7.167,3.0,6.77,roster,0,58.0,45.0,0.5686,33.05,3.3538,0.45,0.5908,3.2222,38.61,5.21,0.0,9.23,9.925
2024-04-04 04:00:00,4,21,21,0.0,5.0,16.0,0.0,0.0,1.0,6,6,7,0,7,0,9.583,356.0,185.0,457.0,8.167,3.0,6.77,roster,0,68.0,52.5,0.6869,41.75,4.5698,0.525,0.8863,3.2381,45.04,6.08,0.0,10.63,11.425
2024-04-04 05:00:00,5,22,22,0.0,6.0,16.0,0.0,0.0,1.0,2,2,9,0,9,0,10.583,382.0,121.0,462.0,9.167,3.0,6.77,roster,0,72.0,55.0,0.7742,45.75,2.7668,0.55,0.2954,3.2727,47.19,7.81,0.0,10.74,11.55
2024-04-04 06:00:00,6,21,21,0.0,6.0,15.0,0.0,0.0,1.0,0,0,9,0,9,0,11.583,442.0,181.0,522.0,10.167,3.0,6.77,roster,0,69.0,52.5,0.7419,45.0,1.725,0.525,0.0,3.2857,45.04,7.81,0.0,12.14,13.05
2024-04-04 07:00:00,7,20,20,0.0,6.0,14.0,0.0,0.0,1.0,4,4,8,0,8,0,11.983,519.0,365.0,637.0,11.167,3.0,6.77,roster,0,66.0,50.0,0.6875,44.66,3.5998,0.5,0.5908,3.3,42.9,6.95,0.0,14.81,15.925
2024-04-04 08:00:00,8,23,23,0.0,6.0,17.0,0.0,0.0,1.0,5,5,8,0,8,0,12.983,579.0,425.0,697.0,12.167,3.0,7.78,roster,0,75.0,57.5,0.7812,52.49,3.9707,0.575,0.6427,3.2609,49.33,6.95,0.0,16.21,17.425
2024-04-04 09:00:00,9,22,22,0.0,5.0,17.0,0.0,0.0,1.0,7,6,6,0,6,0,13.983,639.0,485.0,702.0,13.167,3.0,7.78,roster,0,71.0,55.0,0.6961,48.72,4.2639,0.55,0.7712,3.2273,47.19,5.21,0.0,16.32,17.55
2024-04-04 10:00:00,10,25,25,1.0,3.0,21.0,0.0,0.0,1.0,13,11,6,0,6,0,14.983,630.5,406.0,762.0,14.167,4.0,11.12,roster,0,80.0,62.5,0.5882,56.55,5.1655,0.625,0.9892,3.2,53.62,5.21,0.0,17.72,19.05
2024-04-04 11:00:00,11,27,27,2.0,6.0,19.0,0.0,0.0,1.0,14,13,6,1,7,1,14.517,114.0,77.0,605.0,13.7,4.0,11.12,roster,0,91.0,67.5,0.6894,71.46,6.2152,0.675,1.1691,3.3704,57.92,6.08,13.4,14.07,15.125
2024-04-04 12:00:00,12,24,24,1.0,5.0,18.0,0.0,0.0,1.0,8,6,8,1,9,1,15.517,137.0,119.0,174.0,11.083,4.0,11.12,roster,0,79.0,60.0,0.6371,56.74,3.7511,0.6,0.5396,3.2917,51.48,7.81,13.4,4.05,4.35
2024-04-04 13:00:00,13,18,18,1.0,7.0,10.0,0.0,0.0,1.0,6,5,7,1,8,1,12.083,190.5,179.0,234.0,12.083,4.0,11.12,roster,0,63.0,45.0,0.4922,44.4,3.1487,0.45,0.4496,3.5,38.61,6.95,13.4,5.44,5.85
2024-04-04 14:00:00,14,16,16,1.0,5.0,10.0,0.0,0.0,1.0,11,7,5,0,5,0,13.083,264.0,222.0,294.0,13.083,4.0,11.12,roster,0,55.0,40.0,0.3929,25.5,3.5389,0.4,0.6295,3.4375,34.32,4.34,0.0,6.84,7.35
2024-04-04 15:00:00,15,15,15,1.0,3.0,11.0,0.0,0.0,1.0,4,3,4,0,4,0,14.083,339.0,324.0,845.0,14.083,4.0,11.12,roster,0,50.0,37.5,0.3472,35.29,2.1493,0.375,0.2698,3.3333,32.17,3.47,0.0,19.65,21.125
2024-04-04 16:00:00,16,9,9,1.0,3.0,5.0,0.0,0.0,1.0,8,1,4,0,4,0,15.083,321.0,228.0,905.0,15.083,4.0,11.12,roster,0,32.0,22.5,0.2222,23.82,1.1197,0.225,0.0899,3.5556,19.3,3.47,0.0,21.04,22.625
2024-04-04 17:00:00,17,15,15,1.0,3.0,11.0,0.0,0.0,1.0,7,6,4,0,4,0,16.083,381.0,288.0,965.0,16.083,4.0,11.12,roster,0,50.0,37.5,0.3472,38.08,3.0486,0.375,0.5396,3.3333,32.17,3.47,0.0,22.44,24.125
2024-04-04 18:00:00,18,18,18,1.0,4.0,12.0,0.0,1.0,1.0,13,10,4,0,4,0,17.083,273.0,198.0,1025.0,17.083,4.0,11.12,roster,0,58.0,45.0,0.4028,45.91,4.3477,0.45,0.8993,3.2222,38.61,3.47,0.0,23.83,25.625
2024-04-04 19:00:00,19,22,22,1.0,4.0,16.0,0.0,1.0,1.0,11,8,6,0,6,0,18.083,128.0,90.0,408.0,18.083,4.0,11.12,roster,0,70.0,55.0,0.5147,41.89,4.0391,0.55,0.7194,3.1818,47.19,5.21,0.0,9.49,10.2
2024-04-04 20:00:00,20,19,19,1.0,2.0,14.0,2.0,0.0,1.0,8,6,3,0,3,0,19.083,212.0,164.0,1145.0,19.083,4.0,10.25,roster,0,59.0,47.5,0.3986,49.98,3.2927,0.475,0.5854,3.1053,40.75,2.6,0.0,26.62,28.625
2024-04-04 21:00:00,21,19,19,1.0,2.0,12.0,4.0,0.0,1.0,11,9,2,0,2,0,20.083,714.5,224.0,1205.0,20.083,4.0,10.25,roster,0,57.0,47.5,0.375,50.51,4.0591,0.475,0.878,3.0,40.75,1.74,0.0,28.02,30.125
2024-04-04 22:00:00,22,19,19,1.0,2.0,12.0,3.0,1.0,1.0,9,8,2,0,2,0,21.083,774.5,284.0,1265.0,21.083,3.0,6.91,roster,0,56.0,47.5,0.4912,51.9,4.8123,0.475,1.1577,2.9474,40.75,1.74,0.0,29.41,31.625
2024-04-04 23:00:00,23,14,14,1.0,2.0,11.0,0.0,0.0,1.0,5,4,1,0,1,0,22.083,1325.0,1325.0,1325.0,22.083,3.0,6.91,roster,0,46.0,35.0,0.3932,41.7,3.052,0.35,0.5789,3.2857,30.03,0.87,0.0,30.81,33.125
2024-04-05 00:00:00,0,15,15,1.0,2.0,11.0,1.0,0.0,1.0,4,3,2,0,2,0,23.083,735.5,86.0,1385.0,23.083,3.0,6.91,roster,0,48.0,37.5,0.4211,46.11,2.5893,0.375,0.4342,3.2,32.17,1.74,0.0,32.2,34.625
2024-04-05 01:00:00,1,12,12,1.0,2.0,9.0,0.0,0.0,1.0,2,2,2,0,2,0,24.083,795.5,146.0,1445.0,24.083,3.0,6.91,roster,0,40.0,30.0,0.3509,41.07,1.9648,0.3,0.2894,3.3333,25.74,1.74,0.0,33.6,36.125
2024-04-05 02:00:00,2,13,13,1.0,2.0,10.0,0.0,0.0,1.0,2,2,2,0,2,0,25.083,855.5,206.0,1505.0,25.083,3.0,6.91,roster,0,43.0,32.5,0.3772,44.61,2.0324,0.325,0.2894,3.3077,27.88,1.74,0.0,34.99,37.625
2024-04-05 03:00:00,3,13,13,1.0,2.0,10.0,0.0,0.0,1.0,5,2,2,0,2,0,26.083,915.5,266.0,1565.0,26.083,3.0,6.91,roster,0,43.0,32.5,0.3772,46.01,2.0324,0.325,0.2894,3.3077,27.88,1.74,0.0,36.39,39.125
2024-04-05 04:00:00,4,13,13,1.0,2.0,8.0,2.0,0.0,1.0,2,2,2,0,2,0,27.083,975.5,326.0,1625.0,27.083,3.0,6.91,roster,0,41.0,32.5,0.3596,47.4,1.9378,0.325,0.2894,3.1538,27.88,1.74,0.0,37.78,40.625
2024-04-05 05:00:00,5,15,15,1.0,2.0,11.0,1.0,0.0,1.0,3,3,2,0,2,0,28.083,1035.5,386.0,1685.0,28.083,3.0,6.91,roster,0,48.0,37.5,0.4211,53.09,2.5893,0.375,0.4342,3.2,32.17,1.74,0.0,39.18,42.125
2024-04-05 06:00:00,6,14,14,1.0,2.0,10.0,1.0,0.0,1.0,1,0,2,0,2,0,29.083,1095.5,446.0,1745.0,29.083,3.0,6.91,roster,0,45.0,35.0,0.3947,52.34,1.125,0.35,0.0,3.2143,30.03,1.74,0.0,40.57,43.625
2024-04-05 07:00:00,7,14,14,0.0,1.0,11.0,2.0,0.0,1.0,6,4,2,0,2,0,30.083,1155.5,506.0,1805.0,30.083,3.0,6.91,roster,0,41.0,35.0,0.3596,53.73,2.7203,0.35,0.5789,2.9286,30.03,1.74,0.0,41.97,45.125
2024-04-05 08:00:00,8,19,19,0.0,1.0,16.0,2.0,0.0,1.0,7,7,3,0,3,0,31.083,566.0,72.0,1865.0,31.083,3.0,6.78,roster,0,56.0,47.5,0.5045,66.72,4.443,0.475,1.0324,2.9474,40.75,2.6,0.0,43.36,46.625
2024-04-05 09:00:00,9,31,31,0.0,3.0,26.0,2.0,0.0,1.0,15,15,6,0,6,0,32.083,112.0,77.0,626.0,32.083,3.0,6.78,roster,0,94.0,77.5,0.9216,66.26,9.0585,0.775,2.2124,3.0323,66.5,5.21,0.0,14.55,15.65
2024-04-05 10:00:00,10,38,38,0.0,4.0,32.0,2.0,0.0,1.0,13,12,10,0,10,0,33.083,134.0,76.0,192.0,33.083,4.0,10.48,roster,0,116.0,95.0,0.9667,74.66,6.3954,0.95,1.145,3.0526,81.51,8.68,0.0,4.46,4.8
2024-04-05 11:00:00,11,30,30,0.0,2.0,26.0,2.0,0.0,1.0,8,5,8,1,9,1,34.083,128.0,108.0,197.0,34.083,4.0,10.48,roster,0,90.0,75.0,0.7258,70.15,3.6813,0.75,0.4771,3.0,64.35,7.81,13.4,4.58,4.925
2024-04-05 12:00:00,12,31,31,0.0,3.0,27.0,1.0,0.0,1.0,13,10,8,1,9,1,18.8,168.0,139.0,188.0,4.283,4.0,10.48,roster,0,95.0,77.5,0.7661,72.08,5.2992,0.775,0.9542,3.0645,66.5,7.81,13.4,4.37,4.7
2024-04-05 13:00:00,13,29,29,0.0,5.0,23.0,1.0,0.0,1.0,10,10,4,1,5,1,19.8,129.0,91.0,218.0,3.8,4.0,10.48,roster,0,91.0,72.5,0.65,65.02,5.2692,0.725,0.9542,3.1379,62.2,4.34,13.4,5.07,5.45
2024-04-05 14:00:00,14,32,32,0.0,6.0,25.0,1.0,0.0,1.0,11,9,6,1,7,1,20.8,100.0,84.0,189.0,4.633,4.0,10.48,roster,0,101.0,80.0,0.7652,72.51,5.2355,0.8,0.8588,3.1562,68.64,6.08,13.4,4.39,4.725
2024-04-05 15:00:00,15,35,35,0.0,7.0,27.0,1.0,0.0,1.0,12,9,8,3,11,3,21.8,144.0,70.0,207.0,5.633,4.0,10.48,roster,0,111.0,87.5,0.9569,109.64,5.4986,0.875,0.8588,3.1714,75.08,9.55,40.2,4.81,5.175
2024-04-05 16:00:00,16,33,33,0.0,7.0,25.0,1.0,0.0,1.0,10,11,7,2,9,2,22.8,183.0,125.0,220.0,5.15,4.0,10.48,roster,0,105.0,82.5,0.8468,90.51,5.9647,0.825,1.0496,3.1818,70.78,7.81,26.8,5.12,5.5
2024-04-05 17:00:00,17,30,30,1.0,7.0,18.0,2.0,2.0,1.0,12,9,7,2,9,2,23.8,243.0,120.0,280.0,6.15,4.0,10.48,roster,0,93.0,75.0,0.75,85.47,4.9872,0.75,0.8588,3.1,64.35,7.81,26.8,6.51,7.0
2024-04-05 18:00:00,18,25,25,1.0,5.0,14.0,4.0,1.0,1.0,8,7,8,3,11,3,24.8,180.0,106.0,324.0,6.45,4.0,10.48,roster,0,76.0,62.5,0.6552,90.91,3.9305,0.625,0.6679,3.04,53.62,9.55,40.2,7.53,8.1
2024-04-05 19:00:00,19,20,20,1.0,3.0,11.0,5.0,0.0,1.0,11,9,3,1,4,1,25.8,179.5,152.0,240.0,4.0,4.0,10.48,roster,0,60.0,50.0,0.4167,45.35,4.0763,0.5,0.8588,3.0,42.9,3.47,13.4,5.58,6.0
2024-04-05 20:00:00,20,16,16,1.0,1.0,10.0,4.0,0.0,1.0,6,3,2,1,3,1,26.8,212.0,71.0,267.0,4.45,4.0,10.61,roster,0,47.0,40.0,0.3176,36.53,2.0056,0.4,0.2828,2.9375,34.32,2.6,13.4,6.21,6.675
2024-04-05 21:00:00,21,13,13,1.0,0.0,10.0,2.0,0.0,1.0,6,3,2,0,2,0,27.8,201.5,131.0,272.0,4.533,4.0,10.61,roster,0,39.0,32.5,0.2566,15.95,1.8233,0.325,0.2828,3.0,27.88,1.74,0.0,6.32,6.8
2024-04-05 22:00:00,22,19,19,0.0,1.0,15.0,1.0,2.0,1.0,11,10,1,0,1,0,28.8,332.0,332.0,332.0,5.533,3.0,6.91,roster,0,53.0,47.5,0.453,29.34,5.3619,0.475,1.4472,2.7895,40.75,0.87,0.0,7.72,8.3
2024-04-05 23:00:00,23,18,18,0.0,1.0,14.0,3.0,0.0,1.0,6,6,4,0,4,0,22.617,108.0,105.0,392.0,6.533,3.0,6.91,roster,0,52.0,45.0,0.4815,31.2,3.8084,0.45,0.8683,2.8889,38.61,3.47,0.0,9.11,9.8
2024-04-06 00:00:00,0,17,17,0.0,1.0,14.0,0.0,2.0,1.0,9,6,5,0,5,0,23.617,165.0,134.0,171.0,7.533,3.0,6.91,roster,0,48.0,42.5,0.4571,24.78,3.6517,0.425,0.8683,2.8235,36.46,4.34,0.0,3.98,4.275
2024-04-06 01:00:00,1,14,14,0.0,1.0,13.0,0.0,0.0,1.0,3,3,7,0,7,0,24.617,194.0,72.0,231.0,8.533,3.0,6.91,roster,0,43.0,35.0,0.4343,21.48,2.4085,0.35,0.4342,3.0714,30.03,6.08,0.0,5.37,5.775
2024-04-06 02:00:00,2,16,16,0.0,1.0,15.0,0.0,0.0,1.0,5,3,9,0,9,0,25.617,232.0,129.0,285.0,9.533,3.0,6.91,roster,0,49.0,40.0,0.5269,28.76,2.5546,0.4,0.4342,3.0625,34.32,7.81,0.0,6.63,7.125
2024-04-06 03:00:00,3,16,16,0.0,2.0,14.0,0.0,0.0,1.0,3,3,9,0,9,0,26.617,292.0,189.0,345.0,10.533,3.0,6.91,roster,0,50.0,40.0,0.5376,30.16,2.6067,0.4,0.4342,3.125,34.32,7.81,0.0,8.02,8.625
2024-04-06 04:00:00,4,18,18,0.0,2.0,14.0,2.0,0.0,1.0,3,3,10,0,10,0,27.617,302.0,226.0,405.0,11.533,3.0,6.91,roster,0,54.0,45.0,0.6,36.71,2.6525,0.45,0.4342,3.0,38.61,8.68,0.0,9.42,10.125
2024-04-06 05:00:00,5,19,19,0.0,1.0,17.0,1.0,0.0,1.0,3,3,10,0,10,0,28.617,362.0,286.0,465.0,12.533,3.0,6.91,roster,0,57.0,47.5,0.6333,40.25,2.7275,0.475,0.4342,3.0,40.75,8.68,0.0,10.81,11.625
2024-04-06 06:00:00,6,17,17,0.0,1.0,15.0,1.0,0.0,1.0,2,2,10,0,10,0,29.617,422.0,346.0,525.0,13.533,3.0,6.91,roster,0,51.0,42.5,0.5667,37.35,2.1433,0.425,0.2894,3.0,36.46,8.68,0.0,12.21,13.125
2024-04-06 07:00:00,7,18,18,0.0,1.0,17.0,0.0,0.0,1.0,2,2,10,0,10,0,30.617,482.0,406.0,585.0,14.533,3.0,6.91,roster,0,55.0,45.0,0.6111,40.89,2.2594,0.45,0.2894,3.0556,38.61,8.68,0.0,13.6,14.625
2024-04-06 08:00:00,8,14,14,0.0,1.0,13.0,0.0,0.0,1.0,1,1,11,0,11,0,15.533,492.0,448.0,645.0,15.533,3.0,7.75,roster,0,43.0,35.0,0.4943,34.58,1.4713,0.35,0.129,3.0714,30.03,9.55,0.0,15.0,16.125
2024-04-06 09:00:00,9,13,13,0.0,2.0,11.0,0.0,0.0,1.0,5,4,6,0,6,0,15.117,537.5,388.0,674.0,11.85,3.0,7.75,roster,0,41.0,32.5,0.402,28.77,2.6528,0.325,0.5161,3.1538,27.88,5.21,0.0,15.67,16.85
2024-04-06 10:00:00,10,16,16,0.0,3.0,11.0,2.0,0.0,1.0,7,7,6,0,6,0,12.233,274.0,93.0,586.0,12.233,4.0,11.0,roster,0,49.0,40.0,0.3603,33.15,3.1739,0.4,0.6364,3.0625,34.32,5.21,0.0,13.62,14.65
2024-04-06 11:00:00,11,21,21,1.0,3.0,16.0,0.0,1.0,1.0,12,11,5,0,5,0,13.233,153.0,117.0,646.0,13.233,4.0,11.0,roster,0,66.0,52.5,0.4714,44.41,4.7929,0.525,1.0,3.1429,45.04,4.34,0.0,15.02,16.15
2024-04-06 12:00:00,12,23,23,2.0,5.0,16.0,0.0,0.0,1.0,10,9,7,0,7,0,8.233,106.0,69.0,177.0,3.55,4.0,11.0,roster,0,78.0,57.5,0.5909,39.53,4.7247,0.575,0.8182,3.3913,49.33,6.08,0.0,4.12,4.425
2024-04-06 13:00:00,13,29,29,2.0,5.0,21.0,1.0,0.0,1.0,9,10,8,1,9,1,9.233,129.0,112.0,166.0,4.55,4.0,11.0,roster,0,95.0,72.5,0.7661,67.28,5.3531,0.725,0.9091,3.2759,62.2,7.81,13.4,3.86,4.15
2024-04-06 14:00:00,14,31,31,2.0,3.0,24.0,2.0,0.0,1.0,11,11,6,1,7,1,10.233,172.0,67.0,226.0,4.95,4.0,11.0,roster,0,98.0,77.5,0.7424,71.23,5.6113,0.775,1.0,3.1613,66.5,6.08,13.4,5.25,5.65
2024-04-06 15:00:00,15,30,30,1.0,3.0,25.0,1.0,0.0,1.0,8,7,6,2,8,2,11.233,179.5,122.0,286.0,5.95,4.0,11.0,roster,0,94.0,75.0,0.7344,84.75,4.3439,0.75,0.6364,3.1333,64.35,6.95,26.8,6.65,7.15
2024-04-06 16:00:00,16,33,33,1.0,3.0,26.0,3.0,0.0,1.0,10,9,5,2,7,2,12.233,182.0,129.0,313.0,6.95,4.0,11.0,roster,0,101.0,82.5,0.7652,90.94,5.0291,0.825,0.8182,3.0606,70.78,6.08,26.8,7.28,7.825
2024-04-06 17:00:00,17,32,32,1.0,3.0,27.0,1.0,0.0,1.0,7,7,8,1,9,1,13.233,235.0,108.0,247.0,7.95,4.0,11.0,roster,0,100.0,80.0,0.8065,75.6,4.4886,0.8,0.6364,3.125,68.64,7.81,13.4,5.74,6.175
2024-04-06 18:00:00,18,23,23,0.0,2.0,19.0,2.0,0.0,1.0,6,6,6,1,7,1,14.233,160.0,84.0,307.0,8.95,4.0,11.0,roster,0,69.0,57.5,0.5227,55.95,3.3614,0.575,0.5455,3.0,49.33,6.08,13.4,7.14,7.675
2024-04-06 19:00:00,19,29,29,0.0,3.0,23.0,3.0,0.0,1.0,15,13,6,1,7,1,15.233,129.0,80.0,362.0,9.95,4.0,11.0,roster,0,87.0,72.5,0.6591,70.1,5.7205,0.725,1.1818,3.0,62.2,6.08,13.4,8.42,9.05
2024-04-06 20:00:00,20,22,22,0.0,2.0,19.0,1.0,0.0,1.0,8,7,4,1,5,1,16.233,140.0,122.0,177.0,3.15,4.0,10.5,roster,0,67.0,55.0,0.4786,49.05,3.7053,0.55,0.6667,3.0455,47.19,4.34,13.4,4.12,4.425
2024-04-06 21:00:00,21,29,29,1.0,3.0,24.0,1.0,0.0,1.0,13,13,3,1,4,1,17.233,218.5,200.0,249.0,4.15,4.0,10.5,roster,0,91.0,72.5,0.6319,64.87,6.1601,0.725,1.2381,3.1379,62.2,3.47,13.4,5.79,6.225
2024-04-06 22:00:00,22,30,30,1.0,2.0,22.0,4.0,1.0,1.0,12,11,2,2,4,2,18.233,225.5,191.0,309.0,5.15,3.0,7.25,roster,0,88.0,75.0,0.8148,81.81,6.6506,0.75,1.5172,2.9333,64.35,3.47,26.8,7.18,7.725
2024-04-06 23:00:00,23,30,30,0.0,4.0,17.0,8.0,1.0,1.0,9,8,5,1,6,1,19.233,181.5,108.0,320.0,6.15,3.0,7.25,roster,0,84.0,75.0,0.8235,70.4,5.1897,0.75,1.1034,2.8,64.35,5.21,13.4,7.44,8.0
2024-04-07 00:00:00,0,31,31,0.0,3.0,21.0,7.0,0.0,1.0,13,12,6,1,7,1,20.233,172.0,137.0,380.0,7.15,3.0,7.25,roster,0,89.0,77.5,0.899,74.81,6.9769,0.775,1.6552,2.871,66.5,6.08,13.4,8.84,9.5
2024-04-07 01:00:00,1,34,34,0.0,1.0,23.0,10.0,0.0,1.0,10,9,7,1,8,1,21.233,230.0,197.0,440.0,8.15,3.0,7.25,roster,0,93.0,85.0,0.9688,83.51,5.7205,0.85,1.2414,2.7353,72.93,6.95,13.4,10.23,11.0
2024-04-07 02:00:00,2,23,23,0.0,1.0,18.0,4.0,0.0,1.0,1,1,7,1,8,1,22.233,290.0,257.0,500.0,9.15,3.0,7.25,roster,0,66.0,57.5,0.6875,61.31,2.0458,0.575,0.1379,2.8696,49.33,6.95,13.4,11.62,12.5
2024-04-07 03:00:00,3,21,21,0.0,1.0,17.0,3.0,0.0,1.0,4,4,7,0,7,0,23.233,348.0,230.0,491.0,9.333,3.0,7.25,roster,0,61.0,52.5,0.6162,42.54,3.1276,0.525,0.5517,2.9048,45.04,6.08,0.0,11.42,12.275
2024-04-07 04:00:00,4,25,25,0.0,2.0,20.0,3.0,0.0,1.0,5,5,8,0,8,0,24.233,392.5,290.0,551.0,10.333,3.0,7.25,roster,0,74.0,62.5,0.7708,53.38,3.8914,0.625,0.6897,2.96,53.62,6.95,0.0,12.81,13.775
2024-04-07 05:00:00,5,24,24,0.0,2.0,18.0,4.0,0.0,1.0,5,5,8,0,8,0,25.233,452.5,350.0,611.0,11.333,3.0,7.25,roster,0,70.0,60.0,0.7292,52.63,3.7615,0.6,0.6897,2.9167,51.48,6.95,0.0,14.21,15.275
2024-04-07 06:00:00,6,25,25,0.0,4.0,17.0,4.0,0.0,1.0,4,3,8,0,8,0,26.233,512.5,410.0,671.0,12.333,3.0,7.25,roster,0,75.0,62.5,0.7812,56.17,3.1164,0.625,0.4138,3.0,53.62,6.95,0.0,15.6,16.775
2024-04-07 07:00:00,7,23,23,0.0,4.0,17.0,2.0,0.0,1.0,3,3,8,1,9,1,27.233,557.0,457.0,592.0,13.333,3.0,7.25,roster,0,71.0,57.5,0.7634,64.31,3.0524,0.575,0.4138,3.087,49.33,7.81,13.4,13.76,14.8
2024-04-07 08:00:00,8,22,22,0.0,5.0,14.0,3.0,0.0,1.0,3,3,9,1,10,1,28.233,573.5,340.0,652.0,14.333,3.0,6.65,roster,0,68.0,55.0,0.7556,64.43,3.0944,0.55,0.4511,3.0909,47.19,8.68,13.4,15.16,16.3
2024-04-07 09:00:00,9,25,25,0.0,4.0,18.0,3.0,0.0,1.0,7,7,8,1,9,1,29.233,590.0,400.0,712.0,15.333,3.0,6.65,roster,0,76.0,62.5,0.8172,71.39,5.1,0.625,1.0526,3.04,53.62,7.81,13.4,16.55,17.8
2024-04-07 10:00:00,10,29,29,0.0,4.0,23.0,2.0,0.0,1.0,13,10,8,1,9,1,30.233,637.0,155.0,772.0,16.333,4.0,10.11,roster,0,89.0,72.5,0.7177,81.37,5.2606,0.725,0.9891,3.069,62.2,7.81,13.4,17.95,19.3
2024-04-07 11:00:00,11,29,29,0.0,4.0,23.0,2.0,0.0,1.0,14,12,5,1,6,1,31.233,152.0,78.0,215.0,11.617,4.0,10.11,roster,0,89.0,72.5,0.6544,65.81,5.8677,0.725,1.1869,3.069,62.2,5.21,13.4,5.0,5.375
2024-04-07 12:00:00,12,24,24,0.0,1.0,22.0,1.0,0.0,1.0,6,5,7,1,8,1,32.233,94.5,84.0,138.0,12.617,4.0,10.11,roster,0,72.0,60.0,0.5625,55.03,3.2837,0.6,0.4946,3.0,51.48,6.95,13.4,3.21,3.45
2024-04-07 13:00:00,13,32,32,0.0,1.0,29.0,2.0,0.0,1.0,14,13,8,1,9,1,33.233,146.0,141.0,193.0,13.617,4.0,10.11,roster,0,95.0,80.0,0.7661,74.34,6.1924,0.8,1.2859,2.9688,68.64,7.81,13.4,4.49,4.825
2024-04-07 14:00:00,14,40,40,1.0,1.0,35.0,3.0,0.0,1.0,20,17,8,1,9,1,34.233,204.0,172.0,223.0,4.3,4.0,10.11,roster,0,120.0,100.0,0.9677,92.2,8.0445,1.0,1.6815,3.0,85.8,7.81,13.4,5.18,5.575
2024-04-07 15:00:00,15,39,39,1.0,1.0,36.0,1.0,0.0,1.0,18,13,7,2,9,2,35.233,232.0,156.0,266.0,5.217,4.0,10.11,roster,0,119.0,97.5,0.9597,104.45,6.8985,0.975,1.2859,3.0513,83.66,7.81,26.8,6.18,6.65
2024-04-07 16:00:00,16,39,39,0.0,1.0,35.0,3.0,0.0,1.0,13,13,7,2,9,2,36.233,219.0,152.0,324.0,5.717,4.0,10.11,roster,0,115.0,97.5,0.9274,105.8,6.6666,0.975,1.2859,2.9487,83.66,7.81,26.8,7.53,8.1
2024-04-07 17:00:00,17,31,31,0.0,1.0,25.0,4.0,1.0,1.0,7,6,8,2,10,2,37.233,277.5,176.0,384.0,6.717,4.0,10.11,roster,0,88.0,77.5,0.7333,90.91,3.8847,0.775,0.5935,2.8387,66.5,8.68,26.8,8.93,9.6
2024-04-07 18:00:00,18,30,30,0.0,0.0,24.0,5.0,1.0,1.0,10,9,7,1,8,1,38.233,287.5,132.0,444.0,7.433,4.0,10.11,roster,0,83.0,75.0,0.6484,75.02,4.5379,0.75,0.8902,2.7667,64.35,6.95,13.4,10.32,11.1
2024-04-07 19:00:00,19,24,24,0.0,0.0,20.0,4.0,0.0,1.0,8,5,6,1,7,1,39.233,399.0,182.0,504.0,8.433,4.0,10.11,roster,0,68.0,60.0,0.5152,62.68,3.1013,0.6,0.4946,2.8333,51.48,6.08,13.4,11.72,12.6
2024-04-07 20:00:00,20,24,24,0.0,0.0,19.0,5.0,0.0,1.0,11,9,6,1,7,1,40.233,459.0,182.0,564.0,9.433,4.0,10.69,roster,0,67.0,60.0,0.5076,64.07,4.0253,0.6,0.8419,2.7917,51.48,6.08,13.4,13.11,14.1
2024-04-07 21:00:00,21,27,27,0.0,0.0,19.0,8.0,0.0,1.0,12,10,6,0,6,0,41.233,410.5,144.0,592.0,10.433,4.0,10.69,roster,0,73.0,67.5,0.5368,56.89,4.3542,0.675,0.9355,2.7037,57.92,5.21,0.0,13.76,14.8
2024-04-07 22:00:00,22,28,28,1.0,0.0,20.0,6.0,1.0,1.0,8,8,6,0,6,0,42.233,470.5,204.0,652.0,11.433,3.0,7.23,roster,0,78.0,70.0,0.7647,60.43,5.0324,0.7,1.1065,2.7857,60.06,5.21,0.0,15.16,16.3
2024-04-07 23:00:00,23,26,26,0.0,1.0,17.0,8.0,0.0,1.0,9,9,5,0,5,0,43.233,639.0,264.0,712.0,12.433,3.0,7.23,roster,0,71.0,65.0,0.6762,56.67,5.1743,0.65,1.2448,2.7308,55.77,4.34,0.0,16.55,17.8
2024-04-08 00:00:00,0,32,32,0.0,1.0,25.0,6.0,0.0,1.0,9,10,8,0,8,0,44.233,300.0,97.0,772.0,13.433,3.0,7.23,roster,0,91.0,80.0,0.9479,73.54,6.2083,0.8,1.3831,2.8438,68.64,6.95,0.0,17.95,19.3
2024-04-08 01:00:00,1,29,29,0.0,2.0,24.0,3.0,0.0,1.0,9,9,9,1,10,1,45.233,150.0,112.0,384.0,14.433,3.0,7.23,roster,0,86.0,72.5,0.9556,73.22,5.8415,0.725,1.2448,2.9655,62.2,8.68,13.4,8.93,9.6
2024-04-08 02:00:00,2,23,23,0.0,2.0,20.0,1.0,0.0,1.0,2,1,10,1,11,1,46.233,203.0,125.0,444.0,15.433,3.0,7.23,roster,0,70.0,57.5,0.8046,62.61,2.171,0.575,0.1383,3.0435,49.33,9.55,13.4,10.32,11.1
2024-04-08 03:00:00,3,22,22,0.0,2.0,18.0,2.0,0.0,1.0,6,5,10,1,11,1,47.233,263.0,185.0,504.0,16.433,3.0,7.23,roster,0,66.0,55.0,0.7586,61.86,3.7247,0.55,0.6916,3.0,47.19,9.55,13.4,11.72,12.6
2024-04-08 04:00:00,4,24,24,0.0,3.0,18.0,3.0,0.0,1.0,4,4,11,1,12,1,48.233,321.0,245.0,564.0,17.433,3.0,7.23,roster,0,72.0,60.0,0.8571,68.41,3.4598,0.6,0.5533,3.0,51.48,10.42,13.4,13.11,14.1
2024-04-08 05:00:00,5,25,25,0.0,3.0,17.0,5.0,0.0,1.0,4,4,12,1,13,1,49.233,379.0,291.0,576.0,18.433,3.0,7.23,roster,0,73.0,62.5,0.9012,71.7,3.4405,0.625,0.5533,2.92,53.62,11.29,13.4,13.39,14.4
2024-04-08 06:00:00,6,25,25,1.0,3.0,17.0,4.0,0.0,1.0,5,4,12,1,13,1,50.233,368.0,332.0,457.0,17.65,3.0,7.23,roster,0,76.0,62.5,0.9383,68.94,3.5819,0.625,0.5533,3.04,53.62,11.29,13.4,10.63,11.425
2024-04-08 07:00:00,7,31,31,1.0,4.0,21.0,5.0,0.0,1.0,6,6,13,1,14,1,51.233,426.5,267.0,517.0,18.65,3.0,7.23,roster,0,94.0,77.5,1.2051,84.07,4.8664,0.775,0.8299,3.0323,66.5,12.16,13.4,12.02,12.925
2024-04-08 08:00:00,8,29,29,1.0,4.0,21.0,3.0,0.0,1.0,5,5,13,2,15,2,52.233,485.0,274.0,577.0,19.65,3.0,6.59,roster,0,90.0,72.5,1.2,95.44,4.6047,0.725,0.7587,3.1034,62.2,13.02,26.8,13.42,14.425
2024-04-08 09:00:00,9,32,32,1.0,4.0,22.0,5.0,0.0,1.0,11,9,12,2,14,2,53.233,521.5,241.0,619.0,20.65,3.0,6.59,roster,0,97.0,80.0,1.2436,101.99,6.5648,0.8,1.3657,3.0312,68.64,12.16,26.8,14.39,15.475
2024-04-08 10:00:00,10,40,40,1.0,6.0,30.0,3.0,0.0,1.0,17,16,11,2,13,2,54.233,572.0,301.0,608.0,21.65,4.0,9.84,roster,0,125.0,100.0,1.1574,118.02,8.2063,1.0,1.626,3.125,85.8,11.29,26.8,14.14,15.2
2024-04-08 11:00:00,11,37,37,1.0,7.0,25.0,4.0,0.0,1.0,11,11,13,3,16,3,24.183,299.5,106.0,651.0,22.65,4.0,9.84,roster,0,116.0,92.5,1.2083,128.59,6.4047,0.925,1.1179,3.1351,79.36,13.89,40.2,15.14,16.275
2024-04-08 12:00:00,12,40,40,0.0,8.0,28.0,4.0,0.0,1.0,13,12,16,3,19,3,25.183,228.0,143.0,567.0,23.65,4.0,9.84,roster,0,124.0,100.0,1.4762,135.68,6.8805,1.0,1.2195,3.1,85.8,16.5,40.2,13.18,14.175
2024-04-08 13:00:00,13,44,44,0.0,7.0,32.0,5.0,0.0,1.0,11,11,18,2,20,2,26.183,221.0,148.0,574.0,24.65,4.0,9.84,roster,0,134.0,110.0,1.675,131.89,6.7545,1.1,1.1179,3.0455,94.38,17.37,26.8,13.35,14.35
2024-04-08 14:00:00,14,42,42,1.0,6.0,32.0,3.0,0.0,1.0,7,6,18,1,19,1,27.183,261.0,157.0,522.0,15.383,4.0,9.84,roster,0,131.0,105.0,1.5595,112.12,5.1769,1.05,0.6098,3.119,90.09,16.5,13.4,12.14,13.05
2024-04-08 15:00:00,15,38,38,1.0,5.0,28.0,4.0,0.0,1.0,5,5,18,1,19,1,28.183,254.0,165.0,582.0,16.383,4.0,9.84,roster,0,117.0,95.0,1.3929,104.94,4.4895,0.95,0.5081,3.0789,81.51,16.5,13.4,13.53,14.55
2024-04-08 16:00:00,16,40,40,1.0,3.0,32.0,4.0,0.0,1.0,12,11,19,0,19,0,29.183,297.0,187.0,396.0,17.383,4.0,9.84,roster,0,121.0,100.0,1.4405,91.5,6.4066,1.0,1.1179,3.025,85.8,16.5,0.0,9.21,9.9
2024-04-08 17:00:00,17,40,40,1.0,3.0,32.0,4.0,0.0,1.0,3,2,22,0,22,0,18.383,327.0,196.0,449.0,18.383,4.0,9.84,roster,0,121.0,100.0,1.6806,95.34,3.6398,1.0,0.2033,3.025,85.8,19.1,0.0,10.44,11.225
2024-04-08 18:00:00,18,40,40,2.0,3.0,29.0,4.0,2.0,1.0,7,7,21,0,21,0,19.383,397.0,275.0,509.0,19.383,4.0,9.84,roster,0,119.0,100.0,1.5658,95.87,5.0914,1.0,0.7114,2.975,85.8,18.23,0.0,11.83,12.725
2024-04-08 19:00:00,19,36,36,2.0,3.0,24.0,5.0,2.0,1.0,3,3,21,1,22,1,20.383,421.0,290.0,569.0,20.383,4.0,9.84,roster,0,106.0,90.0,1.4722,102.95,3.5477,0.9,0.3049,2.9444,77.22,19.1,13.4,13.23,14.225
2024-04-08 20:00:00,20,36,36,2.0,4.0,26.0,4.0,0.0,1.0,9,8,20,1,21,1,21.383,465.0,350.0,621.0,21.383,4.0,10.5,roster,0,112.0,90.0,1.4737,103.29,5.1704,0.9,0.7619,3.1111,77.22,18.23,13.4,14.44,15.525
2024-04-08 21:00:00,21,36,36,1.0,4.0,24.0,7.0,0.0,1.0,9,7,21,1,22,1,22.383,509.0,338.0,681.0,22.383,4.0,10.5,roster,0,107.0,90.0,1.4861,105.56,4.6565,0.9,0.6667,2.9722,77.22,19.1,13.4,15.83,17.025
2024-04-08 22:00:00,22,33,33,1.0,4.0,24.0,4.0,0.0,1.0,7,5,20,1,21,1,23.383,553.0,367.0,741.0,23.383,3.0,7.25,roster,0,101.0,82.5,1.7719,99.65,4.6358,0.825,0.6897,3.0606,70.78,18.23,13.4,17.23,18.525
2024-04-08 23:00:00,23,36,36,1.0,5.0,27.0,3.0,0.0,1.0,10,8,20,1,21,1,24.383,613.0,427.0,801.0,24.383,3.0,7.25,roster,0,112.0,90.0,1.9649,107.48,6.233,0.9,1.1034,3.1111,77.22,18.23,13.4,18.62,20.025
2024-04-09 00:00:00,0,35,35,1.0,5.0,26.0,3.0,0.0,1.0,7,5,20,1,21,1,25.383,673.0,487.0,861.0,25.383,3.0,7.25,roster,0,109.0,87.5,1.9123,106.73,4.8728,0.875,0.6897,3.1143,75.08,18.23,13.4,20.02,21.525
2024-04-09 01:00:00,1,35,35,1.0,4.0,28.0,2.0,0.0,1.0,6,4,22,1,23,1,26.383,695.0,353.0,921.0,26.383,3.0,7.25,roster,0,109.0,87.5,2.1373,109.86,4.4432,0.875,0.5517,3.1143,75.08,19.97,13.4,21.41,23.025
2024-04-09 02:00:00,2,35,35,1.0,4.0,28.0,2.0,0.0,1.0,2,2,22,1,23,1,27.383,755.0,413.0,981.0,27.383,3.0,7.25,roster,0,109.0,87.5,2.1373,111.25,3.5841,0.875,0.2759,3.1143,75.08,19.97,13.4,22.81,24.525
2024-04-09 03:00:00,3,39,39,1.0,4.0,32.0,2.0,0.0,1.0,8,7,22,1,23,1,28.383,815.0,473.0,1041.0,28.383,3.0,7.25,roster,0,121.0,97.5,2.3725,121.23,6.0206,0.975,0.9655,3.1026,83.66,19.97,13.4,24.2,26.025
2024-04-09 04:00:00,4,41,41,1.0,4.0,34.0,2.0,0.0,1.0,4,4,22,1,23,1,29.383,875.0,533.0,1101.0,29.383,3.0,7.25,roster,0,127.0,102.5,2.4902,126.91,4.884,1.025,0.5517,3.0976,87.94,19.97,13.4,25.6,27.525
2024-04-09 05:00:00,5,36,36,1.0,4.0,29.0,2.0,0.0,1.0,3,3,22,1,23,1,30.383,935.0,593.0,1161.0,30.383,3.0,7.25,roster,0,112.0,90.0,2.1961,117.58,4.0874,0.9,0.4138,3.1111,77.22,19.97,13.4,26.99,29.025
2024-04-09 06:00:00,6,34,34,1.0,4.0,26.0,3.0,0.0,1.0,2,2,22,1,23,1,31.383,995.0,653.0,1221.0,31.383,3.0,7.25,roster,0,105.0,85.0,2.0588,114.69,3.4769,0.85,0.2759,3.0882,72.93,19.97,13.4,28.39,30.525
2024-04-09 07:00:00,7,31,31,1.0,4.0,23.0,3.0,0.0,1.0,0,0,22,1,23,1,32.383,1055.0,713.0,1281.0,32.383,3.0,7.25,roster,0,96.0,77.5,1.8824,109.65,2.4,0.775,0.0,3.0968,66.5,19.97,13.4,29.78,32.025
2024-04-09 08:00:00,8,32,32,1.0,3.0,25.0,3.0,0.0,1.0,3,3,22,1,23,1,33.383,1115.0,773.0,1341.0,33.383,3.0,7.74,roster,0,98.0,80.0,1.9216,113.19,3.637,0.8,0.3876,3.0625,68.64,19.97,13.4,31.18,33.525
2024-04-09 09:00:00,9,32,32,1.0,3.0,26.0,2.0,0.0,1.0,7,6,18,1,19,1,34.383,1130.0,782.0,1325.0,34.383,3.0,7.74,roster,0,99.0,80.0,1.5714,109.34,4.8733,0.8,0.7752,3.0938,68.64,16.5,13.4,30.81,33.125
2024-04-09 10:00:00,10,36,36,1.0,6.0,25.0,4.0,0.0,1.0,10,10,16,1,17,1,35.383,1190.0,893.0,1377.0,35.383,4.0,10.99,roster,0,112.0,90.0,1.2174,117.4,5.6309,0.9,0.9099,3.1111,77.22,14.76,13.4,32.02,34.425
2024-04-09 11:00:00,11,35,35,1.0,7.0,25.0,2.0,0.0,1.0,8,7,19,1,20,1,36.383,1096.0,711.0,1437.0,36.383,4.0,10.99,roster,0,112.0,87.5,1.4,119.25,4.8382,0.875,0.6369,3.2,75.08,17.37,13.4,33.41,35.925
2024-04-09 12:00:00,12,32,32,0.0,9.0,22.0,1.0,0.0,1.0,7,5,19,1,20,1,26.633,832.0,161.0,1310.0,26.35,4.0,10.99,roster,0,104.0,80.0,1.3,109.86,4.0786,0.8,0.455,3.25,68.64,17.37,13.4,30.46,32.75
2024-04-09 13:00:00,13,33,33,0.0,9.0,23.0,1.0,0.0,1.0,6,7,18,2,20,2,27.633,528.0,179.0,1267.0,27.35,4.0,10.99,roster,0,107.0,82.5,1.3375,124.41,4.7402,0.825,0.6369,3.2424,70.78,17.37,26.8,29.46,31.675
2024-04-09 14:00:00,14,29,29,0.0,8.0,21.0,0.0,0.0,1.0,7,6,14,1,15,1,28.633,281.0,212.0,1082.0,28.35,4.0,10.99,roster,0,95.0,72.5,0.95,93.79,4.1635,0.725,0.546,3.2759,62.2,13.02,13.4,25.16,27.05
2024-04-09 15:00:00,15,27,27,0.0,6.0,21.0,0.0,0.0,1.0,5,4,12,1,13,1,29.633,283.0,166.0,355.0,21.417,4.0,10.99,roster,0,87.0,67.5,0.8056,70.86,3.3478,0.675,0.364,3.2222,57.92,11.29,13.4,8.25,8.875
2024-04-09 16:00:00,16,34,34,0.0,7.0,26.0,0.0,1.0,1.0,9,9,13,1,14,1,30.633,339.5,217.0,415.0,22.417,4.0,10.99,roster,0,107.0,85.0,1.0288,88.14,5.2522,0.85,0.8189,3.1471,72.93,12.16,13.4,9.65,10.375
2024-04-09 17:00:00,17,35,35,0.0,7.0,26.0,1.0,1.0,1.0,10,9,16,1,17,1,31.633,352.0,130.0,461.0,23.417,4.0,10.99,roster,0,109.0,87.5,1.1848,93.95,5.2754,0.875,0.8189,3.1143,75.08,14.76,13.4,10.72,11.525
2024-04-09 18:00:00,18,32,32,0.0,6.0,24.0,2.0,0.0,1.0,5,5,18,1,19,1,32.633,346.0,138.0,521.0,24.417,4.0,10.99,roster,0,100.0,80.0,1.1905,90.65,3.9217,0.8,0.455,3.125,68.64,16.5,13.4,12.11,13.025
2024-04-09 19:00:00,19,31,31,0.0,7.0,21.0,2.0,1.0,1.0,5,5,20,0,20,0,33.633,381.0,186.0,581.0,25.417,4.0,10.99,roster,0,96.0,77.5,1.2,77.37,3.8089,0.775,0.455,3.0968,66.5,17.37,0.0,13.51,14.525
2024-04-09 20:00:00,20,36,36,0.0,8.0,26.0,2.0,0.0,1.0,9,8,20,1,21,1,34.633,416.0,202.0,631.0,26.417,4.0,10.16,roster,0,114.0,90.0,1.5,103.53,5.3434,0.9,0.7874,3.1667,77.22,18.23,13.4,14.67,15.775
2024-04-09 21:00:00,21,34,34,0.0,7.0,25.0,2.0,0.0,1.0,6,4,21,0,21,0,35.633,476.0,262.0,691.0,27.417,4.0,10.16,roster,0,107.0,85.0,1.4079,87.23,3.914,0.85,0.3937,3.1471,72.93,18.23,0.0,16.07,17.275
2024-04-09 22:00:00,22,42,42,0.0,8.0,32.0,2.0,0.0,1.0,13,11,21,1,22,1,36.633,483.0,311.0,751.0,28.417,3.0,6.91,roster,0,132.0,105.0,2.4444,120.05,8.3031,1.05,1.5919,3.1429,90.09,19.1,13.4,17.46,18.775
2024-04-09 23:00:00,23,41,41,0.0,6.0,31.0,4.0,0.0,1.0,7,6,25,0,25,0,37.633,454.0,359.0,763.0,29.417,3.0,6.91,roster,0,125.0,102.5,2.7778,107.39,5.7723,1.025,0.8683,3.0488,87.94,21.71,0.0,17.74,19.075
2024-04-10 00:00:00,0,42,42,0.0,7.0,31.0,4.0,0.0,1.0,6,6,25,0,25,0,38.633,514.0,419.0,823.0,30.417,3.0,6.91,roster,0,129.0,105.0,2.8667,110.93,5.8919,1.05,0.8683,3.0714,90.09,21.71,0.0,19.13,20.575
2024-04-10 01:00:00,1,36,36,0.0,6.0,28.0,2.0,0.0,1.0,3,3,25,1,26,1,39.633,566.0,454.0,883.0,31.417,3.0,6.91,roster,0,112.0,90.0,2.6667,113.73,4.1507,0.9,0.4342,3.1111,77.22,22.58,13.4,20.53,22.075
2024-04-10 02:00:00,2,37,37,0.0,6.0,29.0,2.0,0.0,1.0,6,5,26,1,27,1,40.633,618.0,361.0,943.0,32.417,3.0,6.91,roster,0,115.0,92.5,2.9487,118.13,5.124,0.925,0.7236,3.1081,79.36,23.44,13.4,21.92,23.575
2024-04-10 03:00:00,3,34,34,0.0,6.0,26.0,2.0,0.0,1.0,1,1,27,1,28,1,41.633,672.0,421.0,1003.0,33.417,3.0,6.91,roster,0,106.0,85.0,2.9444,113.96,3.1012,0.85,0.1447,3.1176,72.93,24.31,13.4,23.32,25.075
2024-04-10 04:00:00,4,33,33,0.0,5.0,26.0,2.0,0.0,1.0,1,1,27,0,27,0,42.633,738.0,481.0,1063.0,34.417,3.0,6.91,roster,0,102.0,82.5,2.6154,98.94,2.9973,0.825,0.1447,3.0909,70.78,23.44,0.0,24.71,26.575
2024-04-10 05:00:00,5,32,32,0.0,5.0,25.0,2.0,0.0,1.0,0,0,27,0,27,0,43.633,798.0,541.0,1123.0,35.417,3.0,6.91,roster,0,99.0,80.0,2.5385,98.19,2.475,0.8,0.0,3.0938,68.64,23.44,0.0,26.11,28.075
2024-04-10 06:00:00,6,31,31,0.0,5.0,24.0,2.0,0.0,1.0,0,0,27,0,27,0,44.633,858.0,601.0,1183.0,36.417,3.0,6.91,roster,0,96.0,77.5,2.4615,97.44,2.4,0.775,0.0,3.0968,66.5,23.44,0.0,27.5,29.575
2024-04-10 07:00:00,7,31,31,0.0,5.0,24.0,2.0,0.0,1.0,2,2,27,0,27,0,45.633,918.0,661.0,1243.0,37.417,3.0,6.91,roster,0,96.0,77.5,2.4615,98.84,3.2963,0.775,0.2894,3.0968,66.5,23.44,0.0,28.9,31.075
2024-04-10 08:00:00,8,33,33,0.0,5.0,26.0,2.0,0.0,1.0,3,3,27,0,27,0,46.633,978.0,721.0,1303.0,38.417,3.0,6.45,roster,0,102.0,82.5,2.6154,104.52,3.9876,0.825,0.4651,3.0909,70.78,23.44,0.0,30.29,32.575
2024-04-10 09:00:00,9,37,37,0.0,4.0,30.0,3.0,0.0,1.0,10,10,23,0,23,0,47.633,1038.0,781.0,1356.0,39.417,3.0,6.45,roster,0,112.0,92.5,2.1961,110.86,7.4931,0.925,1.5504,3.027,79.36,19.97,0.0,31.53,33.9
2024-04-10 10:00:00,10,36,36,0.0,3.0,30.0,3.0,0.0,1.0,7,6,25,0,25,0,48.633,1031.0,752.0,1306.0,40.417,4.0,10.15,roster,0,108.0,90.0,1.8,109.29,4.4734,0.9,0.5911,3.0,77.22,21.71,0.0,30.36,32.65
2024-04-10 11:00:00,11,33,33,0.0,3.0,29.0,1.0,0.0,1.0,10,10,21,0,21,0,41.417,1079.0,793.0,1210.0,41.417,4.0,10.15,roster,0,101.0,82.5,1.3289,97.15,5.5404,0.825,0.9852,3.0606,70.78,18.23,0.0,28.13,30.25
2024-04-10 12:00:00,12,30,30,0.0,2.0,28.0,0.0,0.0,1.0,9,9,14,1,15,1,36.617,664.0,129.0,1139.0,36.617,4.0,10.15,roster,0,92.0,75.0,0.92,97.26,5.0192,0.75,0.8867,3.0667,64.35,13.02,13.4,26.48,28.475
2024-04-10 13:00:00,13,31,31,0.0,2.0,29.0,0.0,0.0,1.0,4,4,17,1,18,1,37.617,285.5,151.0,1174.0,37.617,4.0,10.15,roster,0,95.0,77.5,1.0795,102.82,3.5827,0.775,0.3941,3.0645,66.5,15.63,13.4,27.3,29.35
2024-04-10 14:00:00,14,29,29,1.0,2.0,26.0,0.0,0.0,1.0,8,8,11,1,12,1,24.933,285.5,211.0,1081.0,24.933,4.0,10.15,roster,0,91.0,72.5,0.8125,91.16,4.7482,0.725,0.7882,3.1379,62.2,10.42,13.4,25.13,27.025
2024-04-10 15:00:00,15,28,28,1.0,1.0,26.0,0.0,0.0,1.0,10,9,8,1,9,1,25.933,309.0,182.0,417.0,25.933,4.0,10.15,roster,0,87.0,70.0,0.7016,70.97,4.9301,0.7,0.8867,3.1071,60.06,7.81,13.4,9.7,10.425
2024-04-10 16:00:00,16,30,30,2.0,1.0,24.0,3.0,0.0,1.0,8,7,9,1,10,1,23.183,199.5,112.0,369.0,23.183,4.0,10.15,roster,0,92.0,75.0,0.7667,75.01,4.4149,0.75,0.6897,3.0667,64.35,8.68,13.4,8.58,9.225
2024-04-10 17:00:00,17,28,28,2.0,3.0,23.0,0.0,0.0,1.0,7,8,11,1,12,1,8.95,179.0,121.0,411.0,8.95,4.0,10.15,roster,0,91.0,70.0,0.8125,73.44,4.8366,0.7,0.7882,3.25,60.06,10.42,13.4,9.56,10.275
2024-04-10 18:00:00,18,22,22,1.0,4.0,17.0,0.0,0.0,1.0,5,5,10,1,11,1,8.15,184.0,133.0,362.0,8.15,4.0,10.15,roster,0,72.0,55.0,0.6207,58.56,3.4122,0.55,0.4926,3.2727,47.19,9.55,13.4,8.42,9.05
2024-04-10 19:00:00,19,20,20,1.0,4.0,15.0,0.0,0.0,1.0,5,5,9,1,10,1,9.15,242.5,193.0,422.0,9.15,4.0,10.15,roster,0,66.0,50.0,0.55,54.79,3.2756,0.5,0.4926,3.3,42.9,8.68,13.4,9.81,10.55
2024-04-10 20:00:00,20,25,25,1.0,4.0,20.0,0.0,0.0,1.0,11,10,10,1,11,1,10.15,301.0,240.0,482.0,10.15,4.0,10.88,roster,0,81.0,62.5,0.6983,67.78,5.0029,0.625,0.9191,3.24,53.62,9.55,13.4,11.21,12.05
2024-04-10 21:00:00,21,30,30,1.0,3.0,22.0,1.0,3.0,1.0,12,12,13,0,13,0,10.85,300.0,84.0,364.0,10.85,4.0,10.88,roster,0,88.0,75.0,0.8148,64.1,5.4353,0.75,1.1029,2.9333,64.35,11.29,0.0,8.46,9.1
2024-04-10 22:00:00,22,37,37,1.0,4.0,30.0,0.0,2.0,1.0,11,11,18,0,18,0,11.85,159.5,114.0,386.0,11.85,3.0,7.18,roster,0,113.0,92.5,1.7121,83.97,7.5039,0.925,1.532,3.0541,79.36,15.63,0.0,8.97,9.65
2024-04-10 23:00:00,23,35,35,1.0,4.0,30.0,0.0,0.0,1.0,4,4,21,0,21,0,12.85,200.0,149.0,433.0,12.85,3.0,7.18,roster,0,111.0,87.5,1.9474,83.38,4.5418,0.875,0.5571,3.1714,75.08,18.23,0.0,10.07,10.825
2024-04-11 00:00:00,0,34,34,1.0,4.0,29.0,0.0,0.0,1.0,10,9,22,0,22,0,13.85,256.0,190.0,493.0,13.85,3.0,7.18,roster,0,108.0,85.0,2.0,83.49,6.6816,0.85,1.2535,3.1765,72.93,19.1,0.0,11.46,12.325
2024-04-11 01:00:00,1,31,31,1.0,4.0,26.0,0.0,0.0,1.0,2,1,22,0,22,0,14.85,316.0,250.0,553.0,14.85,3.0,7.18,roster,0,99.0,77.5,1.8333,78.45,2.9198,0.775,0.1393,3.1935,66.5,19.1,0.0,12.86,13.825
2024-04-11 02:00:00,2,29,29,1.0,4.0,24.0,0.0,0.0,1.0,3,1,22,0,22,0,15.85,376.0,310.0,613.0,15.85,3.0,7.18,roster,0,93.0,72.5,1.7222,75.56,2.7716,0.725,0.1393,3.2069,62.2,19.1,0.0,14.25,15.325
2024-04-11 03:00:00,3,32,32,2.0,4.0,26.0,0.0,0.0,1.0,5,4,22,0,22,0,16.85,436.0,370.0,673.0,16.85,3.0,7.18,roster,0,104.0,80.0,1.9259,83.39,4.4106,0.8,0.5571,3.25,68.64,19.1,0.0,15.65,16.825
2024-04-11 04:00:00,4,29,29,2.0,3.0,24.0,0.0,0.0,1.0,2,2,22,1,23,1,17.85,492.0,426.0,733.0,17.85,3.0,7.18,roster,0,94.0,72.5,1.8431,92.62,3.2529,0.725,0.2786,3.2414,62.2,19.97,13.4,17.04,18.325
2024-04-11 05:00:00,5,28,28,1.0,3.0,24.0,0.0,0.0,1.0,2,2,22,0,22,0,18.85,556.0,490.0,793.0,18.85,3.0,7.18,roster,0,89.0,70.0,1.6481,77.6,3.1104,0.7,0.2786,3.1786,60.06,19.1,0.0,18.44,19.825
2024-04-11 06:00:00,6,29,29,1.0,3.0,25.0,0.0,0.0,1.0,2,1,22,0,22,0,19.85,616.0,550.0,853.0,19.85,3.0,7.18,roster,0,92.0,72.5,1.7037,81.14,2.7418,0.725,0.1393,3.1724,62.2,19.1,0.0,19.83,21.325
2024-04-11 07:00:00,7,36,36,1.0,5.0,28.0,2.0,0.0,1.0,10,10,22,0,22,0,20.85,676.0,606.0,913.0,20.85,3.0,7.18,roster,0,113.0,90.0,2.0926,97.55,7.1967,0.9,1.3928,3.1389,77.22,19.1,0.0,21.23,22.825
2024-04-11 08:00:00,8,33,33,1.0,5.0,27.0,0.0,0.0,1.0,2,2,25,0,25,0,21.85,727.0,607.0,960.0,21.85,3.0,6.4,roster,0,106.0,82.5,2.3556,94.81,3.6538,0.825,0.3125,3.2121,70.78,21.71,0.0,22.32,24.0
2024-04-11 09:00:00,9,33,33,0.0,5.0,27.0,1.0,0.0,1.0,7,6,22,0,22,0,22.85,770.5,637.0,1033.0,22.85,3.0,6.4,roster,0,103.0,82.5,1.9074,93.9,5.5011,0.825,0.9375,3.1212,70.78,19.1,0.0,24.02,25.825
2024-04-11 10:00:00,10,38,38,1.0,5.0,32.0,0.0,0.0,1.0,7,7,24,1,25,1,23.85,790.0,281.0,934.0,23.85,4.0,9.86,roster,0,121.0,95.0,2.0167,118.33,5.2856,0.95,0.7099,3.1842,81.51,21.71,13.4,21.72,23.35
2024-04-11 11:00:00,11,32,32,1.0,7.0,24.0,0.0,0.0,1.0,8,8,19,1,20,1,24.85,531.5,163.0,907.0,24.85,4.0,9.86,roster,0,105.0,80.0,1.3125,100.49,5.2873,0.8,0.8114,3.2812,68.64,17.37,13.4,21.09,22.675
2024-04-11 12:00:00,12,31,31,1.0,6.0,23.0,1.0,0.0,1.0,9,9,13,1,14,1,24.033,262.0,165.0,782.0,24.033,4.0,9.86,roster,0,100.0,77.5,0.9615,90.23,5.4444,0.775,0.9128,3.2258,66.5,12.16,13.4,18.18,19.55
2024-04-11 13:00:00,13,30,30,1.0,8.0,20.0,1.0,0.0,1.0,6,4,13,1,14,1,25.033,322.0,219.0,842.0,25.033,4.0,9.86,roster,0,99.0,75.0,0.9519,89.48,3.8137,0.75,0.4057,3.3,64.35,12.16,13.4,19.58,21.05
2024-04-11 14:00:00,14,33,33,2.0,9.0,21.0,1.0,0.0,1.0,9,8,12,1,13,1,16.633,332.0,274.0,441.0,16.633,4.0,9.86,roster,0,111.0,82.5,1.0278,85.73,5.5041,0.825,0.8114,3.3636,70.78,11.29,13.4,10.25,11.025
2024-04-11 15:00:00,15,31,31,2.0,7.0,21.0,1.0,0.0,1.0,6,6,10,0,10,0,17.633,397.5,250.0,581.0,17.633,4.0,9.86,roster,0,103.0,77.5,0.8583,68.69,4.5969,0.775,0.6085,3.3226,66.5,8.68,0.0,13.51,14.525
2024-04-11 16:00:00,16,26,26,2.0,7.0,16.0,1.0,0.0,1.0,7,6,10,1,11,1,17.617,250.0,77.0,541.0,17.617,4.0,9.86,roster,0,88.0,65.0,0.7586,71.3,4.2596,0.65,0.6085,3.3846,55.77,9.55,13.4,12.58,13.525
2024-04-11 17:00:00,17,30,30,3.0,4.0,22.0,1.0,0.0,1.0,12,11,10,1,11,1,18.617,145.0,122.0,459.0,18.617,4.0,9.86,roster,0,99.0,75.0,0.8534,77.97,6.1565,0.75,1.1156,3.3,64.35,9.55,13.4,10.67,11.475
2024-04-11 18:00:00,18,29,29,2.0,5.0,21.0,1.0,0.0,1.0,9,9,11,2,13,2,19.617,182.0,107.0,370.0,19.617,4.0,9.86,roster,0,95.0,72.5,0.8796,88.9,5.3651,0.725,0.9128,3.2759,62.2,11.29,26.8,8.6,9.25
2024-04-11 19:00:00,19,29,29,1.0,5.0,22.0,1.0,0.0,1.0,12,12,9,1,10,1,16.717,251.5,200.0,430.0,9.65,4.0,9.86,roster,0,93.0,72.5,0.775,74.29,6.2279,0.725,1.217,3.2069,62.2,8.68,13.4,10.0,10.75
2024-04-11 20:00:00,20,27,27,1.0,5.0,20.0,1.0,0.0,1.0,7,7,11,1,12,1,17.717,255.5,117.0,490.0,10.65,4.0,11.75,roster,0,87.0,67.5,0.7768,73.13,4.0946,0.675,0.5957,3.2222,57.92,10.42,13.4,11.39,12.25
2024-04-11 21:00:00,21,28,28,1.0,4.0,23.0,0.0,0.0,1.0,9,9,12,1,13,1,18.717,280.0,159.0,381.0,11.65,4.0,11.75,roster,0,90.0,70.0,0.8333,73.61,4.712,0.7,0.766,3.2143,60.06,11.29,13.4,8.86,9.525
2024-04-11 22:00:00,22,29,29,1.0,5.0,23.0,0.0,0.0,1.0,8,8,11,0,11,0,19.717,229.0,137.0,441.0,11.167,3.0,8.29,roster,0,94.0,72.5,1.0805,62.01,5.478,0.725,0.965,3.2414,62.2,9.55,0.0,10.25,11.025
2024-04-11 23:00:00,23,32,32,1.0,6.0,24.0,1.0,0.0,1.0,9,8,11,0,11,0,20.717,289.0,197.0,501.0,12.167,3.0,8.29,roster,0,103.0,80.0,1.1839,69.84,5.6812,0.8,0.965,3.2188,68.64,9.55,0.0,11.65,12.525
2024-04-12 00:00:00,0,30,30,1.0,5.0,24.0,0.0,0.0,1.0,7,7,12,0,12,0,21.717,344.0,252.0,561.0,13.167,3.0,8.29,roster,0,97.0,75.0,1.1548,67.81,5.1552,0.75,0.8444,3.2333,64.35,10.42,0.0,13.04,14.025
2024-04-12 01:00:00,1,33,33,1.0,5.0,24.0,3.0,0.0,1.0,8,7,14,0,14,0,22.717,358.0,171.0,584.0,14.167,3.0,8.29,roster,0,103.0,82.5,1.3205,76.52,5.2105,0.825,0.8444,3.1212,70.78,12.16,0.0,13.58,14.6
2024-04-12 02:00:00,2,37,37,2.0,7.0,24.0,4.0,0.0,1.0,9,8,16,0,16,0,23.717,374.5,198.0,644.0,15.167,3.0,8.29,roster,0,118.0,92.5,1.6389,88.23,6.0276,0.925,0.965,3.1892,79.36,13.89,0.0,14.97,16.1
2024-04-12 03:00:00,3,34,34,2.0,6.0,23.0,3.0,0.0,1.0,4,4,20,0,20,0,24.717,355.0,175.0,537.0,16.167,3.0,8.29,roster,0,109.0,85.0,1.8167,82.78,4.2719,0.85,0.4825,3.2059,72.93,17.37,0.0,12.49,13.425
2024-04-12 04:00:00,4,35,35,2.0,6.0,24.0,3.0,0.0,1.0,2,3,22,0,22,0,25.717,334.5,175.0,589.0,17.167,3.0,8.29,roster,0,112.0,87.5,2.0741,87.87,3.958,0.875,0.3619,3.2,75.08,19.1,0.0,13.69,14.725
2024-04-12 05:00:00,5,35,35,2.0,7.0,23.0,3.0,0.0,1.0,2,2,23,0,23,0,26.717,378.0,222.0,649.0,18.167,3.0,8.29,roster,0,113.0,87.5,2.2157,90.14,3.6039,0.875,0.2413,3.2286,75.08,19.97,0.0,15.09,16.225
2024-04-12 06:00:00,6,37,37,2.0,7.0,25.0,3.0,0.0,1.0,2,2,23,0,23,0,27.717,438.0,282.0,709.0,19.167,3.0,8.29,roster,0,119.0,92.5,2.3333,95.82,3.7509,0.925,0.2413,3.2162,79.36,19.97,0.0,16.48,17.725
2024-04-12 07:00:00,7,38,38,2.0,7.0,25.0,4.0,0.0,1.0,2,2,23,0,23,0,28.717,498.0,342.0,769.0,20.167,3.0,8.29,roster,0,121.0,95.0,2.3725,99.36,3.7932,0.95,0.2413,3.1842,81.51,19.97,0.0,17.88,19.225
2024-04-12 08:00:00,8,34,34,2.0,7.0,23.0,2.0,0.0,1.0,2,2,23,0,23,0,29.717,558.0,402.0,829.0,21.167,3.0,6.66,roster,0,111.0,85.0,2.1765,92.18,3.7554,0.85,0.3003,3.2647,72.93,19.97,0.0,19.27,20.725
2024-04-12 09:00:00,9,30,30,2.0,6.0,21.0,1.0,0.0,1.0,1,1,21,0,21,0,22.167,586.0,462.0,797.0,22.167,3.0,6.66,roster,0,99.0,75.0,1.7368,81.11,2.9705,0.75,0.1502,3.3,64.35,18.23,0.0,18.53,19.925
2024-04-12 10:00:00,10,39,39,4.0,6.0,29.0,0.0,0.0,1.0,13,13,19,0,19,0,23.167,646.0,516.0,949.0,23.167,4.0,9.75,roster,0,131.0,97.5,1.5595,102.22,7.7536,0.975,1.3333,3.359,83.66,16.5,0.0,22.06,23.725
2024-04-12 11:00:00,11,40,40,0.0,5.0,34.0,1.0,0.0,1.0,10,9,20,2,22,2,20.417,579.0,119.0,771.0,20.417,4.0,9.75,roster,0,124.0,100.0,1.7222,129.63,5.9615,1.0,0.9231,3.1,85.8,19.1,26.8,17.93,19.275
2024-04-12 12:00:00,12,38,38,0.0,4.0,33.0,1.0,0.0,1.0,7,6,18,2,20,2,21.417,630.0,176.0,959.0,21.417,4.0,9.75,roster,0,117.0,95.0,1.4625,127.97,4.8197,0.95,0.6154,3.0789,81.51,17.37,26.8,22.3,23.975
2024-04-12 13:00:00,13,42,42,2.0,4.0,35.0,1.0,0.0,1.0,13,13,17,2,19,2,22.35,600.0,185.0,858.0,22.35,4.0,9.75,roster,0,133.0,105.0,1.5833,133.34,7.5472,1.05,1.3333,3.1667,90.09,16.5,26.8,19.95,21.45
2024-04-12 14:00:00,14,44,44,2.0,6.0,35.0,1.0,0.0,1.0,9,9,17,4,21,4,18.283,273.0,117.0,698.0,18.283,4.0,9.75,roster,0,141.0,110.0,1.8553,162.44,6.483,1.1,0.9231,3.2045,94.38,18.23,53.6,16.23,17.45
2024-04-12 15:00:00,15,45,45,1.0,6.0,37.0,1.0,0.0,1.0,9,9,13,2,15,2,18.983,299.0,174.0,758.0,18.983,4.0,9.75,roster,0,142.0,112.5,1.42,133.97,6.4628,1.125,0.9231,3.1556,96.52,13.02,26.8,17.62,18.95
2024-04-12 16:00:00,16,38,38,1.0,6.0,29.0,2.0,0.0,1.0,5,5,10,2,12,2,19.983,242.0,192.0,818.0,19.983,4.0,9.75,roster,0,120.0,95.0,1.0714,117.75,4.6194,0.95,0.5128,3.1579,81.51,10.42,26.8,19.02,20.45
2024-04-12 17:00:00,17,33,33,1.0,5.0,25.0,2.0,0.0,1.0,4,3,12,2,14,2,20.983,288.5,172.0,453.0,20.983,4.0,9.75,roster,0,104.0,82.5,1.0,100.27,3.5697,0.825,0.3077,3.1515,70.78,12.16,26.8,10.53,11.325
2024-04-12 18:00:00,18,30,30,2.0,2.0,24.0,2.0,0.0,1.0,8,7,13,1,14,1,21.983,326.0,203.0,513.0,21.983,4.0,9.75,roster,0,94.0,75.0,0.9038,81.83,4.5996,0.75,0.7179,3.1333,64.35,12.16,13.4,11.93,12.825
2024-04-12 19:00:00,19,28,28,3.0,2.0,23.0,0.0,0.0,1.0,9,9,7,1,8,1,22.983,483.0,372.0,1251.0,22.983,4.0,9.75,roster,0,92.0,70.0,0.7188,89.49,5.333,0.7,0.9231,3.2857,60.06,6.95,13.4,29.09,31.275
2024-04-12 20:00:00,20,29,29,3.0,3.0,23.0,0.0,0.0,1.0,12,11,7,1,8,1,21.85,427.0,116.0,633.0,21.85,4.0,11.42,roster,0,96.0,72.5,0.75,77.27,5.5886,0.725,0.9632,3.3103,62.2,6.95,13.4,14.72,15.825
2024-04-12 21:00:00,21,42,42,3.0,4.0,32.0,3.0,0.0,1.0,17,17,9,1,10,1,22.85,172.0,113.0,492.0,22.85,4.0,11.42,roster,0,133.0,105.0,1.1083,103.61,8.039,1.05,1.4886,3.1667,90.09,8.68,13.4,11.44,12.3
2024-04-12 22:00:00,22,39,39,3.0,4.0,31.0,1.0,0.0,1.0,11,11,9,1,10,1,23.85,209.5,145.0,542.0,23.85,3.0,8.33,roster,0,126.0,97.5,1.4,98.34,7.4163,0.975,1.3205,3.2308,83.66,8.68,13.4,12.6,13.55
2024-04-12 23:00:00,23,34,34,2.0,6.0,26.0,0.0,0.0,1.0,9,8,11,0,11,0,24.85,233.0,156.0,296.0,24.85,3.0,8.33,roster,0,112.0,85.0,1.2874,69.36,5.9636,0.85,0.9604,3.2941,72.93,9.55,0.0,6.88,7.4
2024-04-13 00:00:00,0,40,40,2.0,9.0,29.0,0.0,0.0,1.0,15,14,13,0,13,0,25.85,265.0,158.0,348.0,25.85,3.0,8.33,roster,0,133.0,100.0,1.642,85.18,8.9132,1.0,1.6807,3.325,85.8,11.29,0.0,8.09,8.7
2024-04-13 01:00:00,1,43,43,2.0,10.0,30.0,1.0,0.0,1.0,8,8,16,2,18,2,12.033,205.5,113.0,353.0,12.033,3.0,8.33,roster,0,142.0,107.5,2.1515,122.87,6.7215,1.075,0.9604,3.3023,92.24,15.63,26.8,8.21,8.825
2024-04-13 02:00:00,2,47,47,2.0,10.0,32.0,2.0,1.0,1.0,8,7,17,2,19,2,13.033,253.0,159.0,413.0,13.033,3.0,8.33,roster,0,151.0,117.5,2.3968,133.72,6.4748,1.175,0.8403,3.2128,100.82,16.5,26.8,9.6,10.325
2024-04-13 03:00:00,3,36,36,2.0,8.0,25.0,1.0,0.0,1.0,3,3,15,2,17,2,14.033,313.0,233.0,445.0,14.033,3.0,8.33,roster,0,119.0,90.0,1.7246,109.13,4.1655,0.9,0.3601,3.3056,77.22,14.76,26.8,10.35,11.125
2024-04-13 04:00:00,4,34,34,1.0,7.0,26.0,0.0,0.0,1.0,4,5,17,1,18,1,15.033,365.0,248.0,505.0,15.033,3.0,8.33,roster,0,111.0,85.0,1.6818,93.7,4.7346,0.85,0.6002,3.2647,72.93,15.63,13.4,11.74,12.625
2024-04-13 05:00:00,5,34,34,1.0,8.0,25.0,0.0,0.0,1.0,4,3,18,1,19,1,16.033,417.0,300.0,565.0,16.033,3.0,8.33,roster,0,112.0,85.0,1.7778,95.96,3.9864,0.85,0.3601,3.2941,72.93,16.5,13.4,13.14,14.125
2024-04-13 06:00:00,6,33,33,2.0,8.0,23.0,0.0,0.0,1.0,3,3,18,1,19,1,17.033,477.0,360.0,625.0,17.033,3.0,8.33,roster,0,111.0,82.5,1.7619,95.21,3.9864,0.825,0.3601,3.3636,70.78,16.5,13.4,14.53,15.625
2024-04-13 07:00:00,7,33,33,2.0,6.0,25.0,0.0,0.0,1.0,2,2,19,0,19,0,18.033,537.0,407.0,685.0,18.033,3.0,8.33,roster,0,109.0,82.5,1.7302,83.21,3.518,0.825,0.2401,3.303,70.78,16.5,0.0,15.93,17.125
2024-04-13 08:00:00,8,32,32,2.0,7.0,23.0,0.0,0.0,1.0,3,3,19,0,19,0,19.033,597.0,467.0,745.0,19.033,3.0,6.6,roster,0,107.0,80.0,1.6984,82.46,4.1949,0.8,0.4545,3.3438,68.64,16.5,0.0,17.32,18.625
2024-04-13 09:00:00,9,28,28,1.0,6.0,21.0,0.0,0.0,1.0,3,3,14,0,14,0,20.033,665.0,579.0,793.0,20.033,3.0,6.6,roster,0,92.0,70.0,1.1795,70.65,3.7935,0.7,0.4545,3.2857,60.06,12.16,0.0,18.44,19.825
2024-04-13 10:00:00,10,25,25,1.0,5.0,19.0,0.0,0.0,1.0,6,6,12,0,12,0,21.033,704.0,639.0,948.0,21.033,4.0,9.96,roster,0,82.0,62.5,0.7321,66.09,4.0259,0.625,0.6024,3.28,53.62,10.42,0.0,22.04,23.7
2024-04-13 11:00:00,11,21,21,1.0,5.0,15.0,0.0,0.0,1.0,5,4,12,0,12,0,22.033,732.0,660.0,1008.0,22.033,4.0,9.96,roster,0,70.0,52.5,0.625,58.9,3.0887,0.525,0.4016,3.3333,45.04,10.42,0.0,23.44,25.2
2024-04-13 12:00:00,12,21,21,0.0,3.0,18.0,0.0,0.0,1.0,8,8,7,0,7,0,17.933,773.0,542.0,837.0,17.933,4.0,9.96,roster,0,66.0,52.5,0.5,50.58,4.1744,0.525,0.8032,3.1429,45.04,6.08,0.0,19.46,20.925
2024-04-13 13:00:00,13,20,20,0.0,3.0,17.0,0.0,0.0,1.0,9,8,3,0,3,0,14.95,84.0,80.0,897.0,14.95,4.0,9.96,roster,0,63.0,50.0,0.4257,46.36,4.1051,0.5,0.8032,3.15,42.9,2.6,0.0,20.86,22.425
2024-04-13 14:00:00,14,24,24,1.0,5.0,17.0,0.0,1.0,1.0,13,11,4,1,5,1,15.95,93.0,73.0,114.0,15.95,4.0,9.96,roster,0,77.0,60.0,0.55,51.87,5.4683,0.6,1.1044,3.2083,51.48,4.34,13.4,2.65,2.85
2024-04-13 15:00:00,15,17,17,0.0,6.0,11.0,0.0,0.0,1.0,5,5,4,1,5,1,10.767,123.0,100.0,133.0,2.9,4.0,9.96,roster,0,57.0,42.5,0.4071,37.3,3.1082,0.425,0.502,3.3529,36.46,4.34,13.4,3.09,3.325
2024-04-13 16:00:00,16,14,14,0.0,10.0,4.0,0.0,0.0,1.0,6,6,2,1,3,1,11.767,183.0,160.0,234.0,3.9,4.0,9.96,roster,0,52.0,35.0,0.3514,31.48,3.5375,0.35,0.6024,3.7143,30.03,2.6,13.4,5.44,5.85
2024-04-13 17:00:00,17,17,17,0.0,8.0,9.0,0.0,0.0,1.0,12,8,3,1,4,1,12.767,159.5,76.0,294.0,4.9,4.0,9.96,roster,0,59.0,42.5,0.4097,40.17,4.2626,0.425,0.8032,3.4706,36.46,3.47,13.4,6.84,7.35
2024-04-13 18:00:00,18,16,16,0.0,5.0,11.0,0.0,0.0,1.0,6,6,5,1,6,1,13.767,129.0,110.0,303.0,5.9,4.0,9.96,roster,0,53.0,40.0,0.3897,39.97,3.3205,0.4,0.6024,3.3125,34.32,5.21,13.4,7.04,7.575
2024-04-13 19:00:00,19,15,15,0.0,3.0,12.0,0.0,0.0,1.0,6,4,5,0,5,0,14.767,170.0,157.0,182.0,6.9,4.0,9.96,roster,0,48.0,37.5,0.3429,20.75,2.4851,0.375,0.4016,3.2,32.17,4.34,0.0,4.23,4.55
2024-04-13 20:00:00,20,17,17,0.0,3.0,14.0,0.0,0.0,1.0,9,8,4,0,4,0,15.767,229.5,217.0,474.0,7.9,4.0,11.69,roster,0,54.0,42.5,0.375,30.96,3.5238,0.425,0.6843,3.1765,36.46,3.47,0.0,11.02,11.85
2024-04-13 21:00:00,21,22,22,0.0,3.0,19.0,0.0,0.0,1.0,11,11,3,0,3,0,16.767,192.0,77.0,534.0,8.9,4.0,11.69,roster,0,69.0,55.0,0.4662,42.21,4.6762,0.55,0.941,3.1364,47.19,2.6,0.0,12.42,13.35
2024-04-13 22:00:00,22,23,23,0.0,3.0,20.0,0.0,0.0,1.0,11,11,6,0,6,0,17.767,91.0,83.0,99.0,4.2,3.0,8.33,roster,0,72.0,57.5,0.7059,36.85,5.9338,0.575,1.3205,3.1304,49.33,5.21,0.0,2.3,2.475
2024-04-13 23:00:00,23,21,21,1.0,4.0,15.0,1.0,0.0,1.0,11,10,3,0,3,0,18.767,131.0,114.0,143.0,2.383,3.0,8.33,roster,0,68.0,52.5,0.6126,30.97,5.5873,0.525,1.2005,3.2381,45.04,2.6,0.0,3.32,3.575
2024-04-14 00:00:00,0,19,19,1.0,4.0,14.0,0.0,0.0,1.0,7,5,4,1,5,1,19.767,174.0,104.0,191.0,3.383,3.0,8.33,roster,0,63.0,47.5,0.6,42.94,3.5653,0.475,0.6002,3.3158,40.75,4.34,13.4,4.44,4.775
2024-04-14 01:00:00,1,18,18,1.0,3.0,14.0,0.0,0.0,1.0,3,3,6,1,7,1,20.767,164.0,94.0,251.0,4.383,3.0,8.33,roster,0,59.0,45.0,0.596,43.92,2.6555,0.45,0.3601,3.2778,38.61,6.08,13.4,5.84,6.275
2024-04-14 02:00:00,2,13,13,0.0,3.0,10.0,0.0,0.0,1.0,4,3,6,0,6,0,21.767,240.5,154.0,311.0,5.383,3.0,8.33,roster,0,42.0,32.5,0.4118,20.33,2.2135,0.325,0.3601,3.2308,27.88,5.21,0.0,7.23,7.775
2024-04-14 03:00:00,3,16,16,0.0,3.0,12.0,1.0,0.0,1.0,4,4,6,0,6,0,22.767,300.5,214.0,371.0,6.383,3.0,8.33,roster,0,50.0,40.0,0.4902,28.16,2.7506,0.4,0.4802,3.125,34.32,5.21,0.0,8.63,9.275
2024-04-14 04:00:00,4,17,17,0.0,4.0,13.0,0.0,0.0,1.0,3,3,6,0,6,0,23.767,360.5,274.0,431.0,7.383,3.0,8.33,roster,0,55.0,42.5,0.5392,31.7,2.5402,0.425,0.3601,3.2353,36.46,5.21,0.0,10.02,10.775
2024-04-14 05:00:00,5,15,15,0.0,5.0,10.0,0.0,0.0,1.0,2,1,7,0,7,0,24.767,367.0,320.0,491.0,8.383,3.0,8.33,roster,0,50.0,37.5,0.5051,29.67,1.6502,0.375,0.12,3.3333,32.17,6.08,0.0,11.42,12.275
2024-04-14 06:00:00,6,16,16,0.0,6.0,9.0,1.0,0.0,1.0,3,3,8,0,8,0,25.767,410.5,380.0,551.0,9.383,3.0,8.33,roster,0,53.0,40.0,0.5521,34.08,2.518,0.4,0.3601,3.3125,34.32,6.95,0.0,12.81,13.775
2024-04-14 07:00:00,7,18,18,1.0,6.0,9.0,2.0,0.0,1.0,3,3,10,0,10,0,26.767,447.0,131.0,594.0,10.383,3.0,8.33,roster,0,60.0,45.0,0.6667,41.1,2.7005,0.45,0.3601,3.3333,38.61,8.68,0.0,13.81,14.85
2024-04-14 08:00:00,8,21,21,1.0,6.0,14.0,0.0,0.0,1.0,6,6,12,0,12,0,17.15,399.5,168.0,654.0,11.383,3.0,6.43,roster,0,71.0,52.5,0.8452,50.67,4.9299,0.525,0.9331,3.381,45.04,10.42,0.0,15.21,16.35
2024-04-14 09:00:00,9,25,25,1.0,6.0,18.0,0.0,0.0,1.0,8,8,10,1,11,1,12.383,228.0,123.0,560.0,12.383,3.0,6.43,roster,0,83.0,62.5,0.954,69.6,6.2056,0.625,1.2442,3.32,53.62,9.55,13.4,13.02,14.0
2024-04-14 10:00:00,10,27,27,1.0,6.0,18.0,2.0,0.0,1.0,11,9,10,1,11,1,13.383,262.0,140.0,419.0,13.383,4.0,9.79,roster,0,87.0,67.5,0.75,70.61,5.1372,0.675,0.9193,3.2222,57.92,9.55,13.4,9.74,10.475
2024-04-14 11:00:00,11,34,34,1.0,9.0,19.0,5.0,0.0,1.0,17,15,11,1,12,1,14.383,268.0,187.0,479.0,14.383,4.0,9.79,roster,0,108.0,85.0,0.9643,87.89,7.5669,0.85,1.5322,3.1765,72.93,10.42,13.4,11.14,11.975
2024-04-14 12:00:00,12,34,34,2.0,8.0,21.0,3.0,0.0,1.0,13,12,11,1,12,1,13.217,253.5,126.0,382.0,8.983,4.0,9.79,roster,0,111.0,85.0,0.9911,85.63,6.7767,0.85,1.2257,3.2647,72.93,10.42,13.4,8.88,9.55
2024-04-14 13:00:00,13,34,34,3.0,9.0,19.0,3.0,0.0,1.0,9,8,12,1,13,1,14.217,307.0,150.0,413.0,9.983,4.0,9.79,roster,0,114.0,85.0,1.0556,87.22,5.5899,0.85,0.8172,3.3529,72.93,11.29,13.4,9.6,10.325
2024-04-14 14:00:00,14,31,31,2.0,10.0,16.0,3.0,0.0,1.0,8,7,12,1,13,1,15.217,367.0,203.0,473.0,10.983,4.0,9.79,roster,0,104.0,77.5,0.963,82.18,4.9988,0.775,0.715,3.3548,66.5,11.29,13.4,11.0,11.825
2024-04-14 15:00:00,15,36,36,3.0,12.0,19.0,2.0,0.0,1.0,14,12,12,1,13,1,16.217,348.0,242.0,483.0,9.8,4.0,9.79,roster,0,124.0,90.0,1.1481,93.14,7.322,0.9,1.2257,3.4444,77.22,11.29,13.4,11.23,12.075
2024-04-14 16:00:00,16,33,33,3.0,12.0,16.0,2.0,0.0,1.0,9,8,12,2,14,2,17.217,369.0,201.0,543.0,10.8,4.0,9.79,roster,0,115.0,82.5,1.1058,102.37,5.7227,0.825,0.8172,3.4848,70.78,12.16,26.8,12.62,13.575
2024-04-14 17:00:00,17,27,27,2.0,9.0,16.0,0.0,0.0,1.0,10,4,13,1,14,1,18.217,429.0,261.0,603.0,11.8,4.0,9.79,roster,0,94.0,67.5,0.9038,77.49,3.7725,0.675,0.4086,3.4815,57.92,12.16,13.4,14.02,15.075
2024-04-14 18:00:00,18,29,29,2.0,8.0,14.0,5.0,0.0,1.0,7,6,12,1,13,1,19.217,450.0,321.0,620.0,12.8,4.0,9.79,roster,0,94.0,72.5,0.8704,81.31,4.3365,0.725,0.6129,3.2414,62.2,11.29,13.4,14.42,15.5
2024-04-14 19:00:00,19,31,31,2.0,8.0,14.0,7.0,0.0,1.0,14,12,10,1,11,1,20.217,510.0,381.0,723.0,13.8,4.0,9.79,roster,0,98.0,77.5,0.8448,86.26,6.3249,0.775,1.2257,3.1613,66.5,9.55,13.4,16.81,18.075
2024-04-14 20:00:00,20,33,33,2.0,9.0,18.0,4.0,0.0,1.0,17,11,11,1,12,1,21.217,556.0,441.0,783.0,14.8,4.0,11.24,roster,0,108.0,82.5,0.9643,92.81,5.9028,0.825,0.9786,3.2727,70.78,10.42,13.4,18.2,19.575
2024-04-14 21:00:00,21,42,42,2.0,9.0,22.0,7.0,2.0,1.0,13,12,12,1,13,1,22.217,602.0,440.0,787.0,15.8,4.0,11.24,roster,0,128.0,105.0,1.1852,113.08,6.4537,1.05,1.0676,3.0476,90.09,11.29,13.4,18.3,19.675
2024-04-14 22:00:00,22,38,38,2.0,9.0,21.0,5.0,1.0,1.0,9,6,16,1,17,1,23.217,561.0,98.0,768.0,16.8,3.0,7.88,roster,0,120.0,95.0,1.7391,107.53,5.4045,0.95,0.7614,3.1579,81.51,14.76,13.4,17.86,19.2
2024-04-14 23:00:00,23,34,34,3.0,9.0,19.0,3.0,0.0,1.0,6,5,15,1,16,1,24.217,669.5,208.0,907.0,17.8,3.0,7.88,roster,0,114.0,85.0,1.5833,101.31,4.9775,0.85,0.6345,3.3529,72.93,13.89,13.4,21.09,22.675
2024-04-15 00:00:00,0,44,44,3.0,10.0,24.0,7.0,0.0,1.0,13,12,18,1,19,1,25.217,620.0,185.0,888.0,18.8,3.0,7.88,roster,0,141.0,110.0,2.2381,124.92,8.405,1.1,1.5228,3.2045,94.38,16.5,13.4,20.65,22.2
2024-04-15 01:00:00,1,48,48,3.0,11.0,26.0,8.0,0.0,1.0,9,9,20,1,21,1,26.217,621.0,243.0,870.0,19.8,3.0,7.88,roster,0,153.0,120.0,2.6842,134.82,7.4655,1.2,1.1421,3.1875,102.96,18.23,13.4,20.23,21.75
2024-04-15 02:00:00,2,42,42,3.0,12.0,21.0,6.0,0.0,1.0,4,4,21,1,22,1,27.217,534.5,233.0,930.0,20.8,3.0,7.88,roster,0,138.0,105.0,2.5556,124.22,5.1179,1.05,0.5076,3.2857,90.09,19.1,13.4,21.62,23.25
2024-04-15 03:00:00,3,45,45,3.0,13.0,22.0,7.0,0.0,1.0,7,7,21,1,22,1,28.217,594.5,293.0,990.0,21.8,3.0,7.88,roster,0,147.0,112.5,2.7222,132.05,6.5769,1.125,0.8883,3.2667,96.52,19.1,13.4,23.02,24.75
2024-04-15 04:00:00,4,41,41,3.0,13.0,21.0,4.0,0.0,1.0,2,3,23,1,24,1,29.217,481.5,337.0,1050.0,22.8,3.0,7.88,roster,0,138.0,102.5,2.875,126.6,4.7314,1.025,0.3807,3.3659,87.94,20.84,13.4,24.41,26.25
2024-04-15 05:00:00,5,40,40,3.0,14.0,20.0,3.0,0.0,1.0,3,2,23,1,24,1,30.217,541.5,397.0,1110.0,23.8,3.0,7.88,roster,0,137.0,100.0,2.8542,125.85,4.2943,1.0,0.2538,3.425,85.8,20.84,13.4,25.81,27.75
2024-04-15 06:00:00,6,38,38,3.0,14.0,19.0,2.0,0.0,1.0,1,1,22,1,23,1,31.217,628.0,457.0,1170.0,24.8,3.0,7.88,roster,0,132.0,95.0,2.5882,122.08,3.7408,0.95,0.1269,3.4737,81.51,19.97,13.4,27.2,29.25
2024-04-15 07:00:00,7,41,41,3.0,14.0,22.0,2.0,0.0,1.0,3,3,22,1,23,1,32.217,688.0,517.0,1230.0,25.8,3.0,7.88,roster,0,141.0,102.5,2.7647,129.91,4.8343,1.025,0.3807,3.439,87.94,19.97,13.4,28.6,30.75
2024-04-15 08:00:00,8,40,40,3.0,14.0,20.0,3.0,0.0,1.0,3,3,22,1,23,1,33.217,748.0,577.0,1290.0,26.8,3.0,6.41,roster,0,137.0,100.0,2.6863,129.16,5.028,1.0,0.468,3.425,85.8,19.97,13.4,29.99,32.25
2024-04-15 09:00:00,9,39,39,2.0,13.0,21.0,3.0,0.0,1.0,7,6,20,1,21,1,34.217,755.0,637.0,1318.0,27.8,3.0,6.41,roster,0,131.0,97.5,2.2982,125.93,6.4191,0.975,0.936,3.359,83.66,18.23,13.4,30.64,32.95
2024-04-15 10:00:00,10,39,39,4.0,11.0,21.0,3.0,0.0,1.0,10,10,18,1,19,1,28.8,815.0,610.0,1378.0,28.8,4.0,10.11,roster,0,133.0,97.5,1.5833,125.59,6.6982,0.975,0.9891,3.4103,83.66,16.5,13.4,32.04,34.45
2024-04-15 11:00:00,11,49,49,5.0,12.0,29.0,3.0,0.0,1.0,17,17,21,2,23,2,27.117,747.0,116.0,1221.0,27.117,4.0,10.11,roster,0,166.0,122.5,2.4412,160.26,9.8465,1.225,1.6815,3.3878,105.1,19.97,26.8,28.39,30.525
2024-04-15 12:00:00,12,47,47,7.0,9.0,28.0,3.0,0.0,1.0,9,7,24,3,27,3,28.117,186.0,103.0,935.0,28.117,4.0,10.11,roster,0,161.0,117.5,3.0962,166.2,6.3968,1.175,0.6924,3.4255,100.82,23.44,40.2,21.74,23.375
2024-04-15 13:00:00,13,45,45,7.0,8.0,28.0,2.0,0.0,1.0,6,6,22,4,26,4,29.117,233.5,153.0,995.0,29.117,4.0,10.11,roster,0,155.0,112.5,2.7679,175.83,5.9192,1.125,0.5935,3.4444,96.52,22.58,53.6,23.13,24.875
2024-04-15 14:00:00,14,43,43,6.0,9.0,26.0,2.0,0.0,1.0,5,5,21,4,25,4,30.117,250.0,208.0,927.0,30.117,4.0,10.11,roster,0,148.0,107.5,2.4667,169.1,5.4022,1.075,0.4946,3.4419,92.24,21.71,53.6,21.55,23.175
2024-04-15 15:00:00,15,37,37,7.0,7.0,23.0,0.0,0.0,1.0,8,7,18,3,21,3,28.033,299.0,265.0,356.0,28.033,4.0,10.11,roster,0,132.0,92.5,1.7368,126.08,5.7701,0.925,0.6924,3.5676,79.36,18.23,40.2,8.28,8.9
2024-04-15 16:00:00,16,32,32,7.0,5.0,20.0,0.0,0.0,1.0,4,4,14,3,17,3,16.067,331.0,281.0,367.0,16.067,4.0,10.11,roster,0,115.0,80.0,1.25,112.13,4.2969,0.8,0.3956,3.5938,68.64,14.76,40.2,8.53,9.175
2024-04-15 17:00:00,17,33,33,7.0,5.0,21.0,0.0,0.0,1.0,4,4,13,3,16,3,17.067,392.0,366.0,430.0,17.067,4.0,10.11,roster,0,118.0,82.5,1.2292,114.88,4.3647,0.825,0.3956,3.5758,70.78,13.89,40.2,10.0,10.75
2024-04-15 18:00:00,18,33,33,6.0,6.0,21.0,0.0,0.0,1.0,7,7,16,2,18,2,18.067,446.5,230.0,479.0,18.067,4.0,10.11,roster,0,117.0,82.5,1.3295,104.35,5.3798,0.825,0.6924,3.5455,70.78,15.63,26.8,11.14,11.975
2024-04-15 19:00:00,19,39,39,5.0,6.0,26.0,2.0,0.0,1.0,13,12,17,1,18,1,19.067,506.5,258.0,539.0,19.067,4.0,10.11,roster,0,131.0,97.5,1.4886,105.22,7.2619,0.975,1.1869,3.359,83.66,15.63,13.4,12.53,13.475
2024-04-15 20:00:00,20,42,42,4.0,8.0,26.0,3.0,1.0,1.0,14,13,16,1,17,1,10.5,546.0,185.0,573.0,10.5,4.0,11.58,roster,0,137.0,105.0,1.4891,111.57,7.0869,1.05,1.1226,3.2619,90.09,14.76,13.4,13.32,14.325
2024-04-15 21:00:00,21,43,43,5.0,8.0,24.0,4.0,2.0,1.0,13,11,18,1,19,1,11.5,410.0,172.0,633.0,11.5,4.0,11.58,roster,0,139.0,107.5,1.6548,116.85,6.5457,1.075,0.9499,3.2326,92.24,16.5,13.4,14.72,15.825
2024-04-15 22:00:00,22,32,32,5.0,7.0,17.0,3.0,0.0,1.0,6,4,20,1,21,1,12.5,337.0,221.0,688.0,12.5,3.0,7.88,roster,0,110.0,80.0,1.9298,96.27,4.4949,0.8,0.5076,3.4375,68.64,18.23,13.4,16.0,17.2
2024-04-15 23:00:00,23,30,30,5.0,7.0,17.0,0.0,1.0,1.0,4,3,20,0,20,0,13.5,463.5,292.0,753.0,13.5,3.0,7.88,roster,0,105.0,75.0,1.75,79.22,3.9575,0.75,0.3807,3.5,64.35,17.37,0.0,17.51,18.825
2024-04-16 00:00:00,0,27,27,5.0,8.0,13.0,0.0,1.0,1.0,3,2,20,0,20,0,14.5,523.5,352.0,813.0,14.5,3.0,7.88,roster,0,97.0,67.5,1.6167,74.18,3.3368,0.675,0.2538,3.5926,57.92,17.37,0.0,18.9,20.325
2024-04-16 01:00:00,1,30,30,5.0,8.0,17.0,0.0,0.0,1.0,4,4,20,0,20,0,15.5,583.5,412.0,873.0,15.5,3.0,7.88,roster,0,108.0,75.0,1.8,82.01,4.5274,0.75,0.5076,3.6,64.35,17.37,0.0,20.3,21.825
2024-04-16 02:00:00,2,32,32,5.0,8.0,19.0,0.0,0.0,1.0,4,3,21,0,21,0,16.5,577.0,461.0,928.0,16.5,3.0,7.88,roster,0,114.0,80.0,2.0,88.45,4.2063,0.8,0.3807,3.5625,68.64,18.23,0.0,21.58,23.2
2024-04-16 03:00:00,3,31,31,5.0,8.0,18.0,0.0,0.0,1.0,0,0,22,0,22,0,17.5,621.0,476.0,988.0,17.5,3.0,7.88,roster,0,111.0,77.5,2.0556,88.57,2.775,0.775,0.0,3.5806,66.5,19.1,0.0,22.97,24.7
2024-04-16 04:00:00,4,32,32,5.0,7.0,19.0,1.0,0.0,1.0,5,5,22,0,22,0,18.5,681.0,536.0,1048.0,18.5,3.0,7.88,roster,0,112.0,80.0,2.0741,92.11,5.0208,0.8,0.6345,3.5,68.64,19.1,0.0,24.37,26.2
2024-04-16 05:00:00,5,34,34,5.0,7.0,21.0,1.0,0.0,1.0,3,3,22,0,22,0,19.5,741.0,596.0,1108.0,19.5,3.0,7.88,roster,0,118.0,85.0,2.1852,97.79,4.2713,0.85,0.3807,3.4706,72.93,19.1,0.0,25.76,27.7
2024-04-16 06:00:00,6,36,36,5.0,7.0,23.0,1.0,0.0,1.0,4,4,22,0,22,0,20.5,801.0,656.0,1168.0,20.5,3.0,7.88,roster,0,124.0,90.0,2.2963,103.48,4.8484,0.9,0.5076,3.4444,77.22,19.1,0.0,27.16,29.2
2024-04-16 07:00:00,7,33,33,5.0,7.0,19.0,2.0,0.0,1.0,3,3,22,0,22,0,21.5,861.0,716.0,1228.0,21.5,3.0,7.88,roster,0,114.0,82.5,2.1111,98.44,4.1652,0.825,0.3807,3.4545,70.78,19.1,0.0,28.55,30.7
2024-04-16 08:00:00,8,38,38,5.0,7.0,24.0,2.0,0.0,1.0,8,7,22,0,22,0,22.5,921.0,776.0,1288.0,22.5,3.0,6.6,roster,0,129.0,95.0,2.3889,110.56,6.8255,0.95,1.0606,3.3947,81.51,19.1,0.0,29.95,32.2
2024-04-16 09:00:00,9,42,42,5.0,10.0,25.0,2.0,0.0,1.0,7,7,22,0,22,0,23.5,957.0,818.0,1348.0,23.5,3.0,6.6,roster,0,144.0,105.0,2.6667,120.53,7.2364,1.05,1.0606,3.4286,90.09,19.1,0.0,31.34,33.7
2024-04-16 10:00:00,10,45,45,3.0,9.0,31.0,2.0,0.0,1.0,8,8,23,0,23,0,24.5,952.0,592.0,1408.0,24.5,4.0,9.64,roster,0,148.0,112.5,2.1765,129.23,6.4294,1.125,0.8299,3.2889,96.52,19.97,0.0,32.74,35.2
2024-04-16 11:00:00,11,38,38,2.0,9.0,26.0,1.0,0.0,1.0,3,2,23,0,23,0,25.167,956.0,207.0,1465.0,25.167,4.0,9.64,roster,0,126.0,95.0,1.8529,115.54,3.8379,0.95,0.2075,3.3158,81.51,19.97,0.0,34.06,36.625
2024-04-16 12:00:00,12,35,35,2.0,9.0,24.0,0.0,0.0,1.0,6,5,20,0,20,0,26.167,1007.0,234.0,1528.0,26.167,4.0,9.64,roster,0,118.0,87.5,1.475,107.97,4.6987,0.875,0.5187,3.3714,75.08,17.37,0.0,35.53,38.2
2024-04-16 13:00:00,13,37,37,1.0,10.0,26.0,0.0,0.0,1.0,9,9,18,0,18,0,27.167,1067.0,271.0,1588.0,27.167,4.0,9.64,roster,0,123.0,92.5,1.3977,111.92,6.1786,0.925,0.9336,3.3243,79.36,15.63,0.0,36.92,39.7
2024-04-16 14:00:00,14,33,33,1.0,10.0,22.0,0.0,0.0,1.0,6,6,15,0,15,0,28.117,1026.0,304.0,1645.0,28.117,4.0,9.64,roster,0,111.0,82.5,1.11,102.06,4.8685,0.825,0.6224,3.3636,70.78,13.02,0.0,38.25,41.125
2024-04-16 15:00:00,15,34,34,1.0,11.0,22.0,0.0,0.0,1.0,10,9,13,0,13,0,29.117,447.0,364.0,1309.0,29.117,4.0,9.64,roster,0,115.0,85.0,1.0648,94.65,6.0328,0.85,0.9336,3.3824,72.93,11.29,0.0,30.43,32.725
2024-04-16 16:00:00,16,26,26,0.0,8.0,18.0,0.0,0.0,1.0,7,6,10,0,10,0,29.55,490.5,424.0,1369.0,29.55,4.0,9.64,roster,0,86.0,65.0,0.7167,76.28,4.2087,0.65,0.6224,3.3077,55.77,8.68,0.0,31.83,34.225
2024-04-16 17:00:00,17,24,24,0.0,6.0,18.0,0.0,0.0,1.0,5,5,12,0,12,0,30.55,522.5,437.0,1429.0,30.55,4.0,9.64,roster,0,78.0,60.0,0.6964,75.12,3.6357,0.6,0.5187,3.25,51.48,10.42,0.0,33.22,35.725
2024-04-16 18:00:00,18,25,25,0.0,5.0,20.0,0.0,0.0,1.0,6,6,11,1,12,1,31.55,557.5,289.0,1376.0,31.55,4.0,9.64,roster,0,80.0,62.5,0.7143,89.44,3.9917,0.625,0.6224,3.2,53.62,10.42,13.4,31.99,34.4
2024-04-16 19:00:00,19,27,27,0.0,5.0,18.0,2.0,2.0,1.0,11,9,11,1,12,1,32.417,580.5,235.0,687.0,32.417,4.0,9.64,roster,0,80.0,67.5,0.7143,77.71,4.7663,0.675,0.9336,2.963,57.92,10.42,13.4,15.97,17.175
2024-04-16 20:00:00,20,31,31,1.0,6.0,23.0,1.0,0.0,1.0,15,14,11,0,11,0,33.417,664.0,155.0,747.0,33.417,4.0,10.33,roster,0,100.0,77.5,0.8621,73.41,6.8719,0.775,1.3553,3.2258,66.5,9.55,0.0,17.37,18.675
2024-04-16 21:00:00,21,35,35,1.0,7.0,26.0,1.0,0.0,1.0,11,12,16,1,17,1,34.417,215.0,105.0,751.0,34.417,4.0,10.33,roster,0,113.0,87.5,1.2283,100.7,6.5755,0.875,1.1617,3.2286,75.08,14.76,13.4,17.46,18.775
2024-04-16 22:00:00,22,37,37,1.0,7.0,26.0,3.0,0.0,1.0,14,15,15,3,18,3,26.933,213.5,142.0,784.0,26.933,3.0,7.29,roster,0,117.0,92.5,1.7727,133.42,9.4315,0.925,2.0576,3.1622,79.36,15.63,40.2,18.23,19.6
2024-04-16 23:00:00,23,33,33,1.0,5.0,26.0,1.0,0.0,1.0,7,4,17,3,20,3,27.933,228.0,185.0,475.0,27.933,3.0,7.29,roster,0,105.0,82.5,1.75,119.39,4.3709,0.825,0.5487,3.1818,70.78,17.37,40.2,11.04,11.875
2024-04-17 00:00:00,0,28,28,1.0,4.0,19.0,4.0,0.0,1.0,5,5,18,1,19,1,28.933,291.0,245.0,535.0,28.933,3.0,7.29,roster,0,86.0,70.0,1.3651,82.4,4.2566,0.7,0.6859,3.0714,60.06,16.5,13.4,12.44,13.375
2024-04-17 01:00:00,1,33,33,2.0,5.0,24.0,2.0,0.0,1.0,8,7,20,1,21,1,29.933,345.0,221.0,581.0,29.933,3.0,7.29,roster,0,106.0,82.5,1.8596,95.93,5.7343,0.825,0.9602,3.2121,70.78,18.23,13.4,13.51,14.525
2024-04-17 02:00:00,2,30,30,2.0,5.0,21.0,2.0,0.0,1.0,2,1,21,1,22,1,30.933,400.0,269.0,641.0,30.933,3.0,7.29,roster,0,97.0,75.0,1.7963,91.76,2.8685,0.75,0.1372,3.2333,64.35,19.1,13.4,14.9,16.025
2024-04-17 03:00:00,3,31,31,2.0,6.0,19.0,3.0,1.0,1.0,3,3,21,1,22,1,31.933,460.0,329.0,701.0,31.933,3.0,7.29,roster,0,98.0,77.5,1.8148,95.3,3.7509,0.775,0.4115,3.1613,66.5,19.1,13.4,16.3,17.525
2024-04-17 04:00:00,4,30,30,2.0,5.0,21.0,2.0,0.0,1.0,3,2,21,1,22,1,32.933,520.0,389.0,761.0,32.933,3.0,7.29,roster,0,97.0,75.0,1.7963,94.55,3.3121,0.75,0.2743,3.2333,64.35,19.1,13.4,17.69,19.025
2024-04-17 05:00:00,5,31,31,2.0,5.0,22.0,2.0,0.0,1.0,2,2,21,1,22,1,33.933,580.0,449.0,821.0,33.933,3.0,7.29,roster,0,100.0,77.5,1.8519,98.09,3.385,0.775,0.2743,3.2258,66.5,19.1,13.4,19.09,20.525
2024-04-17 06:00:00,6,32,32,2.0,4.0,24.0,2.0,0.0,1.0,3,3,22,1,23,1,34.933,635.0,495.0,881.0,34.933,3.0,7.29,roster,0,102.0,80.0,2.0,102.49,3.8617,0.8,0.4115,3.1875,68.64,19.97,13.4,20.48,22.025
2024-04-17 07:00:00,7,33,33,2.0,6.0,23.0,2.0,0.0,1.0,4,3,22,1,23,1,35.933,695.0,555.0,941.0,35.933,3.0,7.29,roster,0,107.0,82.5,2.098,106.03,4.0093,0.825,0.4115,3.2424,70.78,19.97,13.4,21.88,23.525
2024-04-17 08:00:00,8,37,37,2.0,6.0,27.0,2.0,0.0,1.0,7,6,23,1,24,1,36.933,748.5,615.0,1001.0,36.933,3.0,6.6,roster,0,119.0,92.5,2.4792,116.88,5.8988,0.925,0.9091,3.2162,79.36,20.84,13.4,23.27,25.025
2024-04-17 09:00:00,9,33,33,1.0,8.0,22.0,2.0,0.0,1.0,3,3,18,1,19,1,37.933,790.0,572.0,1061.0,37.933,3.0,6.6,roster,0,107.0,82.5,1.6984,105.35,4.1488,0.825,0.4545,3.2424,70.78,16.5,13.4,24.67,26.525
2024-04-17 10:00:00,10,34,34,2.0,8.0,22.0,2.0,0.0,1.0,6,6,18,1,19,1,38.933,845.0,565.0,953.0,38.933,4.0,10.3,roster,0,112.0,85.0,1.3333,104.99,4.7189,0.85,0.5825,3.2941,72.93,16.5,13.4,22.16,23.825
2024-04-17 11:00:00,11,34,34,2.0,8.0,21.0,3.0,0.0,1.0,8,8,16,1,17,1,39.933,795.0,274.0,974.0,39.933,4.0,10.3,roster,0,111.0,85.0,1.2065,103.74,5.3107,0.85,0.7767,3.2647,72.93,14.76,13.4,22.65,24.35
2024-04-17 12:00:00,12,32,32,1.0,7.0,21.0,3.0,0.0,1.0,8,8,14,1,15,1,40.933,752.0,189.0,1034.0,40.933,4.0,10.3,roster,0,102.0,80.0,1.02,99.11,5.0257,0.8,0.7767,3.1875,68.64,13.02,13.4,24.04,25.85
2024-04-17 13:00:00,13,32,32,1.0,9.0,21.0,1.0,0.0,1.0,8,8,13,1,14,1,21.917,256.5,170.0,915.0,21.917,4.0,10.3,roster,0,106.0,80.0,1.0192,95.47,5.2228,0.8,0.7767,3.3125,68.64,12.16,13.4,21.27,22.875
2024-04-17 14:00:00,14,38,38,1.0,9.0,25.0,3.0,0.0,1.0,9,9,15,1,16,1,22.917,274.5,168.0,975.0,22.917,4.0,10.3,roster,0,122.0,95.0,1.2708,111.47,5.8553,0.95,0.8738,3.2105,81.51,13.89,13.4,22.67,24.375
2024-04-17 15:00:00,15,29,29,1.0,8.0,20.0,0.0,0.0,1.0,6,6,14,1,15,1,23.917,234.0,153.0,369.0,23.917,4.0,10.3,roster,0,97.0,72.5,0.97,77.21,4.3734,0.725,0.5825,3.3448,62.2,13.02,13.4,8.58,9.225
2024-04-17 16:00:00,16,34,34,1.0,8.0,25.0,0.0,0.0,1.0,11,11,14,1,15,1,24.917,288.0,195.0,429.0,24.917,4.0,10.3,roster,0,112.0,85.0,1.12,89.33,6.318,0.85,1.068,3.2941,72.93,13.02,13.4,9.97,10.725
2024-04-17 17:00:00,17,36,36,1.0,8.0,25.0,2.0,0.0,1.0,9,8,12,1,13,1,24.333,277.0,213.0,354.0,21.167,4.0,10.3,roster,0,116.0,90.0,1.0741,90.14,5.4027,0.9,0.7767,3.2222,77.22,11.29,13.4,8.23,8.85
2024-04-17 18:00:00,18,32,32,0.0,6.0,23.0,3.0,0.0,1.0,8,7,13,0,13,0,9.4,315.0,218.0,408.0,9.4,4.0,10.3,roster,0,99.0,80.0,0.9167,69.41,4.5775,0.8,0.6796,3.0938,68.64,11.29,0.0,9.49,10.2
2024-04-17 19:00:00,19,35,35,0.0,7.0,21.0,6.0,1.0,1.0,10,10,13,0,13,0,10.4,375.0,142.0,468.0,10.4,4.0,10.3,roster,0,104.0,87.5,0.963,77.24,5.4849,0.875,0.9709,2.9714,75.08,11.29,0.0,10.88,11.7
2024-04-17 20:00:00,20,34,34,0.0,7.0,20.0,6.0,1.0,1.0,12,11,14,0,14,0,11.4,414.0,199.0,528.0,11.4,4.0,10.05,roster,0,101.0,85.0,0.9712,77.36,5.7764,0.85,1.0945,2.9706,72.93,12.16,0.0,12.28,13.2
2024-04-17 21:00:00,21,37,37,0.0,7.0,24.0,6.0,0.0,1.0,8,7,17,0,17,0,12.4,398.0,185.0,517.0,12.4,4.0,10.05,roster,0,112.0,92.5,1.2174,86.15,4.9084,0.925,0.6965,3.027,79.36,14.76,0.0,12.02,12.925
2024-04-17 22:00:00,22,36,36,0.0,8.0,25.0,3.0,0.0,1.0,6,4,18,0,18,0,13.4,388.5,162.0,577.0,13.4,3.0,6.35,roster,0,113.0,90.0,1.7121,86.26,4.8023,0.9,0.6299,3.1389,77.22,15.63,0.0,13.42,14.425
2024-04-17 23:00:00,23,33,33,0.0,9.0,21.0,3.0,0.0,1.0,3,3,18,0,18,0,14.4,448.5,222.0,637.0,14.4,3.0,6.35,roster,0,105.0,82.5,1.5909,81.22,4.1282,0.825,0.4724,3.1818,70.78,15.63,0.0,14.81,15.925
2024-04-18 00:00:00,0,30,30,0.0,6.0,21.0,3.0,0.0,1.0,8,7,18,0,18,0,15.4,508.5,282.0,697.0,15.4,3.0,6.35,roster,0,93.0,75.0,1.4091,76.18,5.7423,0.75,1.1024,3.1,64.35,15.63,0.0,16.21,17.425
2024-04-18 01:00:00,1,32,32,0.0,7.0,22.0,3.0,0.0,1.0,5,5,18,0,18,0,16.4,568.5,342.0,757.0,16.4,3.0,6.35,roster,0,100.0,80.0,1.5152,81.87,4.9606,0.8,0.7874,3.125,68.64,15.63,0.0,17.6,18.925
2024-04-18 02:00:00,2,30,30,0.0,6.0,21.0,3.0,0.0,1.0,2,2,19,0,19,0,17.4,559.0,368.0,817.0,17.4,3.0,6.35,roster,0,93.0,75.0,1.4762,79.84,3.3014,0.75,0.315,3.1,64.35,16.5,0.0,19.0,20.425
2024-04-18 03:00:00,3,28,28,0.0,7.0,18.0,3.0,0.0,1.0,3,3,19,0,19,0,18.4,619.0,428.0,877.0,18.4,3.0,6.35,roster,0,88.0,70.0,1.3968,76.95,3.6848,0.7,0.4724,3.1429,60.06,16.5,0.0,20.39,21.925
2024-04-18 04:00:00,4,30,30,0.0,7.0,21.0,2.0,0.0,1.0,4,3,19,0,19,0,19.4,679.0,488.0,937.0,19.4,3.0,6.35,roster,0,95.0,75.0,1.5079,82.63,3.8711,0.75,0.4724,3.1667,64.35,16.5,0.0,21.79,23.425
2024-04-18 05:00:00,5,29,29,0.0,6.0,20.0,3.0,0.0,1.0,3,3,19,0,19,0,20.4,739.0,548.0,997.0,20.4,3.0,6.35,roster,0,90.0,72.5,1.4286,81.88,3.7162,0.725,0.4724,3.1034,62.2,16.5,0.0,23.18,24.925
2024-04-18 06:00:00,6,27,27,0.0,5.0,21.0,1.0,0.0,1.0,1,1,19,0,19,0,21.4,799.0,608.0,1057.0,21.4,3.0,6.35,roster,0,85.0,67.5,1.3492,78.99,2.6208,0.675,0.1575,3.1481,57.92,16.5,0.0,24.58,26.425
2024-04-18 07:00:00,7,30,30,0.0,5.0,25.0,0.0,0.0,1.0,4,4,19,0,19,0,22.4,859.0,668.0,1117.0,22.4,3.0,6.35,roster,0,95.0,75.0,1.5079,86.82,4.3698,0.75,0.6299,3.1667,64.35,16.5,0.0,25.97,27.925
2024-04-18 08:00:00,8,30,30,0.0,5.0,25.0,0.0,0.0,1.0,2,2,20,0,20,0,23.4,896.0,728.0,1177.0,23.4,3.0,6.69,roster,0,95.0,75.0,1.5833,89.08,3.3217,0.75,0.299,3.1667,64.35,17.37,0.0,27.37,29.425
2024-04-18 09:00:00,9,28,28,0.0,5.0,22.0,1.0,0.0,1.0,3,3,18,0,18,0,24.4,942.0,769.0,1237.0,24.4,3.0,6.69,roster,0,88.0,70.0,1.3333,84.45,3.6094,0.7,0.4484,3.1429,60.06,15.63,0.0,28.76,30.925
2024-04-18 10:00:00,10,37,37,1.0,5.0,30.0,1.0,0.0,1.0,11,11,17,0,17,0,25.4,965.0,829.0,1297.0,25.4,4.0,10.01,roster,0,117.0,92.5,1.2717,104.28,6.3999,0.925,1.0989,3.1622,79.36,14.76,0.0,30.16,32.425
2024-04-18 11:00:00,11,34,34,2.0,4.0,26.0,2.0,0.0,1.0,8,9,17,1,18,1,26.4,925.0,176.0,1238.0,26.4,4.0,10.01,roster,0,108.0,85.0,1.2273,110.74,5.556,0.85,0.8991,3.1765,72.93,15.63,13.4,28.78,30.95
2024-04-18 12:00:00,12,36,36,2.0,2.0,28.0,4.0,0.0,1.0,8,7,16,1,17,1,27.4,719.0,136.0,1085.0,27.4,4.0,10.01,roster,0,110.0,90.0,1.1957,110.61,4.8868,0.9,0.6993,3.0556,77.22,14.76,13.4,25.23,27.125
2024-04-18 13:00:00,13,35,35,1.0,2.0,27.0,5.0,0.0,1.0,5,5,15,0,15,0,28.4,1009.0,190.0,1219.0,28.4,4.0,10.01,roster,0,104.0,87.5,1.04,96.44,4.0842,0.875,0.4995,2.9714,75.08,13.02,0.0,28.34,30.475
2024-04-18 14:00:00,14,34,34,1.0,4.0,23.0,5.0,1.0,1.0,12,11,12,0,12,0,29.4,772.0,245.0,1279.0,29.4,4.0,10.01,roster,0,101.0,85.0,0.9018,93.09,5.7894,0.85,1.0989,2.9706,72.93,10.42,0.0,29.74,31.975
2024-04-18 15:00:00,15,34,34,1.0,4.0,23.0,4.0,2.0,1.0,9,9,15,0,15,0,26.617,305.0,113.0,1206.0,26.617,4.0,10.01,roster,0,100.0,85.0,1.0,93.99,5.1444,0.85,0.8991,2.9412,72.93,13.02,0.0,28.04,30.15
2024-04-18 16:00:00,16,40,40,1.0,3.0,29.0,5.0,2.0,1.0,11,11,17,0,17,0,27.617,336.0,147.0,1189.0,27.617,4.0,10.01,roster,0,116.0,100.0,1.2609,108.21,6.0868,1.0,1.0989,2.9,85.8,14.76,0.0,27.64,29.725
2024-04-18 17:00:00,17,39,39,1.0,3.0,28.0,5.0,2.0,1.0,5,5,21,0,21,0,28.617,233.0,172.0,655.0,28.617,4.0,10.01,roster,0,113.0,97.5,1.4868,97.12,4.2723,0.975,0.4995,2.8974,83.66,18.23,0.0,15.23,16.375
2024-04-18 18:00:00,18,30,30,1.0,1.0,25.0,2.0,1.0,1.0,4,2,21,0,21,0,29.617,293.0,223.0,715.0,29.617,4.0,10.01,roster,0,89.0,75.0,1.1711,79.21,2.8177,0.75,0.1998,2.9667,64.35,18.23,0.0,16.62,17.875
2024-04-18 19:00:00,19,35,35,2.0,1.0,29.0,2.0,1.0,1.0,9,8,21,0,21,0,30.617,336.0,233.0,775.0,30.617,4.0,10.01,roster,0,106.0,87.5,1.3947,91.33,5.0704,0.875,0.7992,3.0286,75.08,18.23,0.0,18.02,19.375
2024-04-18 20:00:00,20,41,41,2.0,1.0,34.0,3.0,1.0,1.0,11,10,22,1,23,1,31.617,367.0,269.0,616.0,31.617,4.0,11.05,roster,0,123.0,102.5,1.8088,115.64,5.7899,1.025,0.905,3.0,87.94,19.97,13.4,14.32,15.4
2024-04-18 21:00:00,21,42,42,2.0,1.0,36.0,3.0,0.0,1.0,10,9,23,1,24,1,32.617,407.5,199.0,676.0,32.617,4.0,11.05,roster,0,128.0,105.0,2.0,120.05,5.6822,1.05,0.8145,3.0476,90.09,20.84,13.4,15.72,16.9
2024-04-18 22:00:00,22,40,40,1.0,3.0,34.0,2.0,0.0,1.0,5,5,23,0,23,0,33.617,472.0,259.0,736.0,33.617,3.0,7.73,roster,0,123.0,100.0,2.4118,102.88,5.064,1.0,0.6468,3.075,85.8,19.97,0.0,17.11,18.4
2024-04-18 23:00:00,23,33,33,1.0,4.0,27.0,1.0,0.0,1.0,5,5,24,0,24,0,34.617,527.5,319.0,796.0,34.617,3.0,7.73,roster,0,104.0,82.5,2.1667,90.13,4.6385,0.825,0.6468,3.1515,70.78,20.84,0.0,18.51,19.9
2024-04-19 00:00:00,0,36,36,1.0,5.0,29.0,1.0,0.0,1.0,7,6,25,0,25,0,35.617,583.0,350.0,845.0,35.617,3.0,7.73,roster,0,114.0,90.0,2.5333,98.57,5.308,0.9,0.7762,3.1667,77.22,21.71,0.0,19.65,21.125
2024-04-19 01:00:00,1,34,34,1.0,4.0,28.0,1.0,0.0,1.0,3,1,27,0,27,0,36.617,590.0,347.0,905.0,36.617,3.0,7.73,roster,0,107.0,85.0,2.7436,97.42,3.0821,0.85,0.1294,3.1471,72.93,23.44,0.0,21.04,22.625
2024-04-19 02:00:00,2,36,36,1.0,4.0,29.0,2.0,0.0,1.0,4,4,27,0,27,0,37.617,650.0,407.0,965.0,37.617,3.0,7.73,roster,0,112.0,90.0,2.8718,103.1,4.4099,0.9,0.5175,3.1111,77.22,23.44,0.0,22.44,24.125
2024-04-19 03:00:00,3,41,41,1.0,4.0,34.0,2.0,0.0,1.0,6,6,27,0,27,0,38.617,710.0,467.0,1025.0,38.617,3.0,7.73,roster,0,127.0,102.5,3.2564,115.22,5.5793,1.025,0.7762,3.0976,87.94,23.44,0.0,23.83,25.625
2024-04-19 04:00:00,4,39,39,1.0,4.0,33.0,1.0,0.0,1.0,3,3,29,0,29,0,39.617,765.0,481.0,1056.0,39.617,3.0,7.73,roster,0,122.0,97.5,3.697,113.39,4.2641,0.975,0.3881,3.1282,83.66,25.18,0.0,24.55,26.4
2024-04-19 05:00:00,5,40,40,1.0,5.0,33.0,1.0,0.0,1.0,3,3,30,1,31,1,40.617,809.0,438.0,1116.0,40.617,3.0,7.73,roster,0,126.0,100.0,4.6667,132.06,4.3725,1.0,0.3881,3.15,85.8,26.92,13.4,25.95,27.9
2024-04-19 06:00:00,6,42,42,1.0,7.0,33.0,1.0,0.0,1.0,3,3,32,1,33,1,41.617,791.0,476.0,996.0,41.617,3.0,7.73,roster,0,134.0,105.0,6.381,135.3,4.5882,1.05,0.3881,3.1905,90.09,28.65,13.4,23.16,24.9
2024-04-19 07:00:00,7,44,44,1.0,7.0,35.0,1.0,0.0,1.0,2,2,33,1,34,1,42.617,825.0,459.0,1056.0,42.617,3.0,7.73,roster,0,140.0,110.0,7.7778,141.85,4.3232,1.1,0.2587,3.1818,94.38,29.52,13.4,24.55,26.4
2024-04-19 08:00:00,8,45,45,1.0,9.0,34.0,1.0,0.0,1.0,4,4,33,1,34,1,43.617,885.0,519.0,1116.0,43.617,3.0,6.67,roster,0,145.0,112.5,8.0556,145.39,5.5574,1.125,0.5997,3.2222,96.52,29.52,13.4,25.95,27.9
2024-04-19 09:00:00,9,47,47,1.0,10.0,35.0,1.0,0.0,1.0,6,6,29,1,30,1,44.617,876.0,563.0,1167.0,44.617,3.0,6.67,roster,0,152.0,117.5,5.0667,147.4,6.7092,1.175,0.8996,3.234,100.82,26.05,13.4,27.13,29.175
2024-04-19 10:00:00,10,46,46,1.0,9.0,36.0,0.0,0.0,1.0,9,9,25,1,26,1,45.617,904.5,441.0,1207.0,45.617,4.0,10.37,roster,0,149.0,115.0,2.6607,142.71,6.5362,1.15,0.8679,3.2391,98.67,22.58,13.4,28.06,30.175
2024-04-19 11:00:00,11,52,52,0.0,10.0,41.0,1.0,0.0,1.0,13,13,23,1,24,1,41.083,800.5,452.0,1185.0,41.083,4.0,10.37,roster,0,165.0,130.0,2.5781,153.33,8.1028,1.3,1.2536,3.1731,111.54,20.84,13.4,27.55,29.625
2024-04-19 12:00:00,12,50,50,0.0,8.0,41.0,1.0,0.0,1.0,10,9,20,1,21,1,42.083,587.0,450.0,1007.0,42.083,4.0,10.37,roster,0,157.0,125.0,2.0658,142.3,6.6502,1.25,0.8679,3.14,107.25,18.23,13.4,23.41,25.175
2024-04-19 13:00:00,13,50,50,0.0,7.0,42.0,1.0,0.0,1.0,13,12,17,1,18,1,18.367,576.0,202.0,918.0,18.367,4.0,10.37,roster,0,156.0,125.0,1.7727,137.62,7.5104,1.25,1.1572,3.12,107.25,15.63,13.4,21.34,22.95
2024-04-19 14:00:00,14,49,49,0.0,7.0,41.0,1.0,0.0,1.0,8,8,15,2,17,2,19.367,570.0,155.0,707.0,19.367,4.0,10.37,roster,0,153.0,122.5,1.663,143.1,6.2338,1.225,0.7715,3.1224,105.1,14.76,26.8,16.44,17.675
2024-04-19 15:00:00,15,52,52,0.0,7.0,44.0,1.0,0.0,1.0,10,10,14,1,15,1,20.367,630.0,215.0,767.0,20.367,4.0,10.37,roster,0,162.0,130.0,1.62,135.8,7.0542,1.3,0.9643,3.1154,111.54,13.02,13.4,17.83,19.175
2024-04-19 16:00:00,16,46,46,0.0,5.0,40.0,1.0,0.0,1.0,8,8,14,0,14,0,21.367,699.5,345.0,827.0,21.367,4.0,10.37,roster,0,142.0,115.0,1.3654,110.05,5.9315,1.15,0.7715,3.087,98.67,12.16,0.0,19.23,20.675
2024-04-19 17:00:00,17,36,36,1.0,5.0,30.0,0.0,0.0,1.0,9,9,14,0,14,0,22.367,602.0,306.0,887.0,22.367,4.0,10.37,roster,0,115.0,90.0,1.1058,90.0,5.6474,0.9,0.8679,3.1944,77.22,12.16,0.0,20.62,22.175
2024-04-19 18:00:00,18,33,33,2.0,5.0,26.0,0.0,0.0,1.0,8,8,17,0,17,0,23.367,465.0,111.0,880.0,23.367,4.0,10.37,roster,0,108.0,82.5,1.1739,86.01,5.2248,0.825,0.7715,3.2727,70.78,14.76,0.0,20.46,22.0
2024-04-19 19:00:00,19,26,26,2.0,4.0,20.0,0.0,0.0,1.0,4,4,16,0,16,0,23.017,302.5,146.0,870.0,23.017,4.0,10.37,roster,0,86.0,65.0,0.8958,69.89,3.4259,0.65,0.3857,3.3077,55.77,13.89,0.0,20.23,21.75
2024-04-19 20:00:00,20,27,27,2.0,2.0,23.0,0.0,0.0,1.0,6,5,16,0,16,0,24.017,228.5,189.0,585.0,24.017,4.0,10.28,roster,0,87.0,67.5,0.9062,65.41,3.7422,0.675,0.4864,3.2222,57.92,13.89,0.0,13.6,14.625
2024-04-19 21:00:00,21,27,27,2.0,4.0,21.0,0.0,0.0,1.0,4,4,17,0,17,0,25.017,286.0,231.0,546.0,25.017,4.0,10.28,roster,0,89.0,67.5,0.9674,65.37,3.5076,0.675,0.3891,3.2963,57.92,14.76,0.0,12.69,13.65
2024-04-19 22:00:00,22,37,37,2.0,5.0,30.0,0.0,0.0,1.0,14,11,17,0,17,0,26.017,346.0,291.0,606.0,26.017,3.0,6.58,roster,0,120.0,92.5,1.7391,88.22,8.4218,0.925,1.6717,3.2432,79.36,14.76,0.0,14.09,15.15
2024-04-19 23:00:00,23,30,30,2.0,5.0,21.0,1.0,1.0,1.0,9,5,18,0,18,0,27.017,396.0,320.0,666.0,27.017,3.0,6.58,roster,0,96.0,75.0,1.4545,75.46,4.8316,0.75,0.7599,3.2,64.35,15.63,0.0,15.48,16.65
2024-04-20 00:00:00,0,31,31,2.0,8.0,21.0,0.0,0.0,1.0,9,9,17,0,17,0,28.017,466.0,411.0,726.0,28.017,3.0,6.58,roster,0,105.0,77.5,1.5217,78.14,7.2578,0.775,1.3678,3.3871,66.5,14.76,0.0,16.88,18.15
2024-04-20 01:00:00,1,33,33,2.0,8.0,23.0,0.0,0.0,1.0,5,5,20,0,20,0,29.017,502.0,404.0,786.0,29.017,3.0,6.58,roster,0,111.0,82.5,1.85,86.43,5.331,0.825,0.7599,3.3636,70.78,17.37,0.0,18.27,19.65
2024-04-20 02:00:00,2,37,37,2.0,7.0,28.0,0.0,0.0,1.0,6,5,21,0,21,0,30.017,558.0,368.0,816.0,30.017,3.0,6.58,roster,0,122.0,92.5,2.1404,96.57,5.5555,0.925,0.7599,3.2973,79.36,18.23,0.0,18.97,20.4
2024-04-20 03:00:00,3,35,35,2.0,7.0,25.0,1.0,0.0,1.0,3,3,22,0,22,0,31.017,613.5,411.0,876.0,31.017,3.0,6.58,roster,0,115.0,87.5,2.1296,94.54,4.373,0.875,0.4559,3.2857,75.08,19.1,0.0,20.37,21.9
2024-04-20 04:00:00,4,38,38,4.0,8.0,26.0,0.0,0.0,1.0,7,6,22,0,22,0,32.017,673.5,471.0,936.0,32.017,3.0,6.58,roster,0,130.0,95.0,2.4074,102.37,6.3695,0.95,0.9119,3.4211,81.51,19.1,0.0,21.76,23.4
2024-04-20 05:00:00,5,33,33,4.0,9.0,20.0,0.0,0.0,1.0,1,1,23,2,25,2,33.017,711.0,322.0,809.0,33.017,3.0,6.58,roster,0,116.0,82.5,2.5778,118.1,3.4342,0.825,0.152,3.5152,70.78,21.71,26.8,18.81,20.225
2024-04-20 06:00:00,6,35,35,4.0,9.0,22.0,0.0,0.0,1.0,4,3,23,2,25,2,34.017,771.0,382.0,869.0,34.017,3.0,6.58,roster,0,122.0,87.5,2.7111,123.79,4.6392,0.875,0.4559,3.4857,75.08,21.71,26.8,20.2,21.725
2024-04-20 07:00:00,7,34,34,3.0,9.0,22.0,0.0,0.0,1.0,1,1,23,1,24,1,35.017,840.0,479.0,1116.0,35.017,3.0,6.58,roster,0,117.0,85.0,2.4375,113.12,3.448,0.85,0.152,3.4412,72.93,20.84,13.4,25.95,27.9
2024-04-20 08:00:00,8,41,41,5.0,9.0,26.0,1.0,0.0,1.0,9,9,23,1,24,1,36.017,900.0,539.0,1176.0,36.017,3.0,6.5,roster,0,141.0,102.5,2.9375,129.53,8.2867,1.025,1.3846,3.439,87.94,20.84,13.4,27.34,29.4
2024-04-20 09:00:00,9,38,38,4.0,10.0,23.0,1.0,0.0,1.0,8,6,20,1,21,1,37.017,920.0,440.0,1049.0,37.017,3.0,6.5,roster,0,131.0,95.0,2.2982,117.53,6.4572,0.95,0.9231,3.4474,81.51,18.23,13.4,24.39,26.225
2024-04-20 10:00:00,10,44,44,4.0,11.0,28.0,1.0,0.0,1.0,9,9,22,1,23,1,38.017,831.0,394.0,1109.0,38.017,4.0,9.75,roster,0,150.0,110.0,2.2059,133.54,6.8969,1.1,0.9231,3.4091,94.38,19.97,13.4,25.78,27.725
2024-04-20 11:00:00,11,34,34,3.0,8.0,23.0,0.0,0.0,1.0,4,4,17,1,18,1,31.667,579.5,194.0,1126.0,31.667,4.0,9.75,roster,0,116.0,85.0,1.3182,108.14,4.2997,0.85,0.4103,3.4118,72.93,15.63,13.4,26.18,28.15
2024-04-20 12:00:00,12,36,36,1.0,11.0,24.0,0.0,0.0,1.0,14,14,8,1,9,1,32.667,537.0,186.0,951.0,32.667,4.0,9.75,roster,0,121.0,90.0,0.9758,100.55,7.8512,0.9,1.4359,3.3611,77.22,7.81,13.4,22.11,23.775
2024-04-20 13:00:00,13,31,31,0.0,10.0,21.0,0.0,0.0,1.0,9,9,10,2,12,2,16.85,157.0,83.0,574.0,16.85,4.0,9.75,roster,0,103.0,77.5,0.9196,97.06,5.642,0.775,0.9231,3.3226,66.5,10.42,26.8,13.35,14.35
2024-04-20 14:00:00,14,33,33,0.0,9.0,24.0,0.0,0.0,1.0,8,8,12,2,14,2,14.367,141.5,112.0,267.0,14.367,4.0,9.75,roster,0,108.0,82.5,1.0385,95.95,5.3853,0.825,0.8205,3.2727,70.78,12.16,26.8,6.21,6.675
2024-04-20 15:00:00,15,31,31,1.0,7.0,23.0,0.0,0.0,1.0,7,7,11,1,12,1,15.367,198.0,172.0,327.0,15.367,4.0,9.75,roster,0,102.0,77.5,0.9107,77.92,4.9123,0.775,0.7179,3.2903,66.5,10.42,13.4,7.6,8.175
2024-04-20 16:00:00,16,27,27,0.0,4.0,23.0,0.0,0.0,1.0,10,9,8,0,8,0,16.367,208.5,180.0,256.0,16.367,4.0,9.75,roster,0,85.0,67.5,0.6641,50.81,5.031,0.675,0.9231,3.1481,57.92,6.95,0.0,5.95,6.4
2024-04-20 17:00:00,17,31,31,0.0,4.0,27.0,0.0,0.0,1.0,11,11,10,0,10,0,17.367,242.5,161.0,309.0,17.367,4.0,9.75,roster,0,97.0,77.5,0.8083,62.36,5.9552,0.775,1.1282,3.129,66.5,8.68,0.0,7.18,7.725
2024-04-20 18:00:00,18,31,31,0.0,4.0,27.0,0.0,0.0,1.0,8,7,14,0,14,0,18.367,254.5,82.0,352.0,18.367,4.0,9.75,roster,0,97.0,77.5,0.9327,66.84,4.6715,0.775,0.7179,3.129,66.5,12.16,0.0,8.18,8.8
2024-04-20 19:00:00,19,25,25,0.0,4.0,20.0,1.0,0.0,1.0,7,6,13,0,13,0,19.367,281.0,142.0,412.0,19.367,4.0,9.75,roster,0,78.0,62.5,0.7222,54.49,3.87,0.625,0.6154,3.12,53.62,11.29,0.0,9.58,10.3
2024-04-20 20:00:00,20,28,28,0.0,3.0,24.0,1.0,0.0,1.0,9,9,13,0,13,0,20.367,341.0,202.0,472.0,20.367,4.0,9.95,roster,0,86.0,70.0,0.7963,62.32,4.9282,0.7,0.9045,3.0714,60.06,11.29,0.0,10.97,11.8
2024-04-20 21:00:00,21,30,30,0.0,3.0,27.0,0.0,0.0,1.0,11,9,12,0,12,0,9.267,347.0,252.0,485.0,9.267,4.0,9.95,roster,0,93.0,75.0,0.8304,66.05,5.129,0.75,0.9045,3.1,64.35,10.42,0.0,11.28,12.125
2024-04-20 22:00:00,22,34,34,0.0,4.0,30.0,0.0,0.0,1.0,9,9,12,0,12,0,10.267,407.0,312.0,545.0,10.267,3.0,6.7,roster,0,106.0,85.0,1.2619,76.02,6.8379,0.85,1.3433,3.1176,72.93,10.42,0.0,12.67,13.625
2024-04-20 23:00:00,23,35,35,0.0,4.0,31.0,0.0,0.0,1.0,9,9,14,1,15,1,11.267,382.0,198.0,588.0,11.267,3.0,6.7,roster,0,109.0,87.5,1.4533,95.17,6.9084,0.875,1.3433,3.1143,75.08,13.02,13.4,13.67,14.7
2024-04-21 00:00:00,0,40,40,0.0,6.0,33.0,1.0,0.0,1.0,12,11,14,1,15,1,12.267,442.0,258.0,648.0,12.267,3.0,6.7,roster,0,125.0,100.0,1.6667,107.29,8.2556,1.0,1.6418,3.125,85.8,13.02,13.4,15.07,16.2
2024-04-21 01:00:00,1,42,42,0.0,5.0,35.0,2.0,0.0,1.0,10,10,15,0,15,0,13.267,502.0,318.0,708.0,13.267,3.0,6.7,roster,0,129.0,105.0,1.72,99.58,7.8092,1.05,1.4925,3.0714,90.09,13.02,0.0,16.46,17.7
2024-04-21 02:00:00,2,31,31,0.0,5.0,26.0,0.0,0.0,1.0,6,4,15,0,15,0,14.267,562.0,378.0,768.0,14.267,3.0,6.7,roster,0,98.0,77.5,1.3067,77.38,4.3373,0.775,0.597,3.1613,66.5,13.02,0.0,17.86,19.2
2024-04-21 03:00:00,3,29,29,0.0,5.0,24.0,0.0,0.0,1.0,3,3,15,0,15,0,15.267,622.0,438.0,828.0,15.267,3.0,6.7,roster,0,92.0,72.5,1.2267,74.48,3.7205,0.725,0.4478,3.1724,62.2,13.02,0.0,19.25,20.7
2024-04-21 04:00:00,4,30,30,0.0,6.0,24.0,0.0,0.0,1.0,5,4,15,0,15,0,16.267,682.0,498.0,888.0,16.267,3.0,6.7,roster,0,96.0,75.0,1.28,78.02,4.3104,0.75,0.597,3.2,64.35,13.02,0.0,20.65,22.2
2024-04-21 05:00:00,5,28,28,0.0,6.0,22.0,0.0,0.0,1.0,3,2,15,0,15,0,17.267,742.0,558.0,948.0,17.267,3.0,6.7,roster,0,90.0,70.0,1.2,75.13,3.2095,0.7,0.2985,3.2143,60.06,13.02,0.0,22.04,23.7
2024-04-21 06:00:00,6,33,33,0.0,6.0,26.0,1.0,0.0,1.0,6,6,17,0,17,0,18.267,792.0,529.0,941.0,18.267,3.0,6.7,roster,0,104.0,82.5,1.5072,87.42,5.4223,0.825,0.8955,3.1515,70.78,14.76,0.0,21.88,23.525
2024-04-21 07:00:00,7,31,31,0.0,6.0,24.0,1.0,0.0,1.0,3,3,18,0,18,0,19.267,851.0,559.0,1001.0,19.267,3.0,6.7,roster,0,98.0,77.5,1.4848,85.4,3.8655,0.775,0.4478,3.1613,66.5,15.63,0.0,23.27,25.025
2024-04-21 08:00:00,8,29,29,0.0,6.0,22.0,1.0,0.0,1.0,6,6,19,0,19,0,20.267,910.0,520.0,1061.0,20.267,3.0,6.41,roster,0,92.0,72.5,1.4603,83.37,5.2695,0.725,0.936,3.1724,62.2,16.5,0.0,24.67,26.525
2024-04-21 09:00:00,9,34,34,1.0,7.0,24.0,2.0,0.0,1.0,8,8,18,0,18,0,21.267,971.0,679.0,1121.0,21.267,3.0,6.41,roster,0,109.0,85.0,1.6515,94.62,6.7261,0.85,1.248,3.2059,72.93,15.63,0.0,26.06,28.025
2024-04-21 10:00:00,10,41,41,2.0,9.0,29.0,1.0,0.0,1.0,12,12,19,0,19,0,22.267,858.0,248.0,1125.0,22.267,4.0,10.11,roster,0,135.0,102.5,1.6071,110.6,7.2832,1.025,1.1869,3.2927,87.94,16.5,0.0,26.16,28.125
2024-04-21 11:00:00,11,49,49,2.0,11.0,35.0,1.0,0.0,1.0,13,12,18,1,19,1,23.267,829.0,241.0,1102.0,23.267,4.0,10.11,roster,0,161.0,122.5,1.9167,140.62,7.925,1.225,1.1869,3.2857,105.1,16.5,13.4,25.62,27.55
2024-04-21 12:00:00,12,39,39,1.0,9.0,28.0,1.0,0.0,1.0,10,9,15,2,17,2,21.683,859.0,301.0,1150.0,21.683,4.0,10.11,roster,0,127.0,97.5,1.3804,131.95,6.0739,0.975,0.8902,3.2564,83.66,14.76,26.8,26.74,28.75
2024-04-21 13:00:00,13,44,44,2.0,7.0,31.0,4.0,0.0,1.0,13,11,18,1,19,1,22.683,820.0,265.0,1210.0,22.683,4.0,10.11,roster,0,139.0,110.0,1.6548,132.41,6.9122,1.1,1.088,3.1591,94.38,16.5,13.4,28.13,30.25
2024-04-21 14:00:00,14,52,52,3.0,9.0,34.0,6.0,0.0,1.0,14,14,19,2,21,2,23.683,541.0,197.0,1262.0,23.683,4.0,10.11,roster,0,165.0,130.0,2.1711,165.92,8.519,1.3,1.3848,3.1731,111.54,18.23,26.8,29.34,31.55
2024-04-21 15:00:00,15,43,43,3.0,9.0,28.0,3.0,0.0,1.0,9,9,20,3,23,3,23.817,481.0,183.0,1158.0,23.817,4.0,10.11,roster,0,141.0,107.5,2.0735,159.33,6.4441,1.075,0.8902,3.2791,92.24,19.97,40.2,26.92,28.95
2024-04-21 16:00:00,16,46,46,1.0,10.0,31.0,4.0,0.0,1.0,12,12,19,3,22,3,24.817,498.0,209.0,1129.0,24.817,4.0,10.11,roster,0,146.0,115.0,2.0278,164.22,7.4173,1.15,1.1869,3.1739,98.67,19.1,40.2,26.25,28.225
2024-04-21 17:00:00,17,45,45,1.0,8.0,25.0,8.0,3.0,1.0,12,11,22,4,26,4,25.817,441.0,217.0,1159.0,25.817,4.0,10.11,roster,0,131.0,112.5,2.3393,179.65,6.4424,1.125,1.088,2.9111,96.52,22.58,53.6,26.95,28.975
2024-04-21 18:00:00,18,52,52,1.0,10.0,23.0,13.0,5.0,1.0,15,14,24,3,27,3,26.817,437.0,226.0,1219.0,26.817,4.0,10.11,roster,0,145.0,130.0,2.7885,183.53,7.4864,1.3,1.3848,2.7885,111.54,23.44,40.2,28.34,30.475
2024-04-21 19:00:00,19,55,55,1.0,10.0,24.0,17.0,3.0,1.0,11,10,27,3,30,3,27.817,429.5,211.0,1180.0,27.817,4.0,10.11,roster,0,154.0,137.5,3.85,191.66,6.6195,1.375,0.9891,2.8,117.98,26.05,40.2,27.44,29.5
2024-04-21 20:00:00,20,45,45,1.0,10.0,25.0,8.0,1.0,1.0,11,9,27,2,29,2,28.817,483.0,253.0,901.0,28.817,4.0,11.01,roster,0,137.0,112.5,3.1136,149.45,5.9136,1.125,0.8174,3.0444,96.52,25.18,26.8,20.95,22.525
2024-04-21 21:00:00,21,44,44,2.0,10.0,21.0,9.0,2.0,1.0,10,10,27,2,29,2,29.817,509.0,257.0,908.0,29.817,4.0,11.01,roster,0,133.0,110.0,3.0227,147.47,6.0704,1.1,0.9083,3.0227,94.38,25.18,26.8,21.11,22.7
2024-04-21 22:00:00,22,39,39,2.0,9.0,22.0,6.0,0.0,1.0,7,7,26,1,27,1,30.817,529.0,249.0,968.0,30.817,3.0,7.31,roster,0,124.0,97.5,3.1795,123.01,6.1447,0.975,0.9576,3.1795,83.66,23.44,13.4,22.51,24.2
2024-04-21 23:00:00,23,42,42,3.0,11.0,22.0,5.0,1.0,1.0,14,9,27,1,28,1,31.817,583.0,309.0,1028.0,31.817,3.0,7.31,roster,0,136.0,105.0,3.7778,131.7,7.3867,1.05,1.2312,3.2381,90.09,24.31,13.4,23.9,25.7
2024-04-22 00:00:00,0,43,43,3.0,11.0,23.0,5.0,1.0,1.0,6,6,30,1,31,1,32.817,601.0,220.0,1021.0,32.817,3.0,7.31,roster,0,139.0,107.5,5.1481,136.29,6.1283,1.075,0.8208,3.2326,92.24,26.92,13.4,23.74,25.525
2024-04-22 01:00:00,1,47,47,3.0,11.0,26.0,6.0,1.0,1.0,8,8,31,1,32,1,33.817,653.5,280.0,1081.0,33.817,3.0,7.31,roster,0,150.0,117.5,6.25,147.13,7.2427,1.175,1.0944,3.1915,100.82,27.79,13.4,25.13,27.025
2024-04-22 02:00:00,2,44,44,3.0,11.0,24.0,5.0,1.0,1.0,8,5,32,1,33,1,34.817,706.0,322.0,1055.0,34.817,3.0,7.31,roster,0,142.0,110.0,6.7619,140.96,5.7574,1.1,0.684,3.2273,94.38,28.65,13.4,24.53,26.375
2024-04-22 03:00:00,3,44,44,3.0,13.0,22.0,5.0,1.0,1.0,5,4,32,1,33,1,35.817,766.0,382.0,1115.0,35.817,3.0,7.31,roster,0,144.0,110.0,6.8571,142.36,5.3908,1.1,0.5472,3.2727,94.38,28.65,13.4,25.92,27.875
2024-04-22 04:00:00,4,42,42,3.0,12.0,21.0,5.0,1.0,1.0,4,1,32,0,32,0,36.817,790.0,442.0,1261.0,36.817,3.0,7.31,roster,0,137.0,105.0,5.7083,127.19,3.8712,1.05,0.1368,3.2619,90.09,27.79,0.0,29.32,31.525
2024-04-22 05:00:00,5,41,41,3.0,12.0,21.0,5.0,0.0,1.0,1,1,32,0,32,0,37.817,850.0,502.0,1321.0,37.817,3.0,7.31,roster,0,136.0,102.5,5.6667,126.44,3.8538,1.025,0.1368,3.3171,87.94,27.79,0.0,30.71,33.025
2024-04-22 06:00:00,6,43,43,3.0,12.0,23.0,5.0,0.0,1.0,2,3,32,1,33,1,38.817,874.0,554.0,1295.0,38.817,3.0,7.31,roster,0,142.0,107.5,6.7619,144.4,4.9053,1.075,0.4104,3.3023,92.24,28.65,13.4,30.11,32.375
2024-04-22 07:00:00,7,47,47,3.0,12.0,26.0,6.0,0.0,1.0,4,4,33,1,34,1,39.817,878.0,589.0,1355.0,39.817,3.0,7.31,roster,0,153.0,117.5,8.5,155.24,5.6063,1.175,0.5472,3.2553,100.82,29.52,13.4,31.5,33.875
2024-04-22 08:00:00,8,42,42,3.0,12.0,21.0,6.0,0.0,1.0,2,1,33,1,34,1,40.817,938.0,649.0,1415.0,40.817,3.0,8.29,roster,0,138.0,105.0,7.6667,145.91,3.8463,1.05,0.1206,3.2857,90.09,29.52,13.4,32.9,35.375
2024-04-22 09:00:00,9,41,41,3.0,9.0,22.0,7.0,0.0,1.0,6,6,31,1,32,1,41.817,1090.0,734.0,1561.0,41.817,3.0,8.29,roster,0,131.0,102.5,5.4583,145.42,5.5875,1.025,0.7238,3.1951,87.94,27.79,13.4,36.29,39.025
2024-04-22 10:00:00,10,48,48,3.0,9.0,28.0,8.0,0.0,1.0,9,9,33,1,34,1,42.817,1058.0,758.0,1535.0,42.817,4.0,11.61,roster,0,151.0,120.0,6.2917,161.57,6.2136,1.2,0.7752,3.1458,102.96,29.52,13.4,35.69,38.375
2024-04-22 11:00:00,11,50,50,4.0,13.0,26.0,7.0,0.0,1.0,9,8,32,1,33,1,43.817,1029.0,756.0,1396.0,43.817,4.0,11.61,roster,0,164.0,125.0,5.8571,161.76,6.3601,1.25,0.6891,3.28,107.25,28.65,13.4,32.46,34.9
2024-04-22 12:00:00,12,51,51,4.0,11.0,29.0,7.0,0.0,1.0,7,6,34,1,35,1,40.3,914.0,211.0,1357.0,40.3,4.0,11.61,roster,0,165.0,127.5,8.25,164.74,5.797,1.275,0.5168,3.2353,109.39,30.39,13.4,31.55,33.925
2024-04-22 13:00:00,13,57,57,4.0,12.0,37.0,4.0,0.0,1.0,10,10,33,1,34,1,41.3,943.5,249.0,1417.0,41.3,4.0,11.61,roster,0,187.0,142.5,7.7917,178.13,7.5008,1.425,0.8613,3.2807,122.26,29.52,13.4,32.95,35.425
2024-04-22 14:00:00,14,50,50,2.0,11.0,31.0,6.0,0.0,1.0,6,5,29,1,30,1,42.3,853.5,218.0,1426.0,42.3,4.0,11.61,roster,0,159.0,125.0,3.975,159.85,5.3445,1.25,0.4307,3.18,107.25,26.05,13.4,33.15,35.65
2024-04-22 15:00:00,15,51,51,2.0,11.0,34.0,4.0,0.0,1.0,11,10,25,1,26,1,43.3,747.5,274.0,1302.0,43.3,4.0,11.61,roster,0,164.0,127.5,2.9286,155.64,6.8698,1.275,0.8613,3.2157,109.39,22.58,13.4,30.27,32.55
2024-04-22 16:00:00,16,47,47,2.0,9.0,32.0,4.0,0.0,1.0,7,8,28,1,29,1,44.3,429.0,306.0,1129.0,44.3,4.0,11.61,roster,0,150.0,117.5,3.4091,145.65,5.9491,1.175,0.6891,3.1915,100.82,25.18,13.4,26.25,28.225
2024-04-22 17:00:00,17,48,48,2.0,9.0,32.0,5.0,0.0,1.0,9,9,26,1,27,1,34.017,398.0,241.0,1178.0,34.017,4.0,11.61,roster,0,152.0,120.0,2.9231,147.19,6.2548,1.2,0.7752,3.1667,102.96,23.44,13.4,27.39,29.45
2024-04-22 18:00:00,18,45,45,2.0,9.0,30.0,4.0,0.0,1.0,6,6,25,1,26,1,35.017,466.5,342.0,1238.0,35.017,4.0,11.61,roster,0,144.0,112.5,2.5714,141.28,5.2537,1.125,0.5168,3.2,96.52,22.58,13.4,28.78,30.95
2024-04-22 19:00:00,19,42,42,2.0,9.0,28.0,3.0,0.0,1.0,3,3,24,1,25,1,36.017,518.0,402.0,1200.0,36.017,4.0,11.61,roster,0,136.0,105.0,2.2667,133.1,4.2367,1.05,0.2584,3.2381,90.09,21.71,13.4,27.9,30.0
2024-04-22 20:00:00,20,42,42,2.0,7.0,29.0,4.0,0.0,1.0,8,8,23,1,24,1,37.017,586.5,494.0,1369.0,37.017,4.0,9.77,roster,0,133.0,105.0,2.0781,136.16,5.918,1.05,0.8188,3.1667,90.09,20.84,13.4,31.83,34.225
2024-04-22 21:00:00,21,42,42,2.0,7.0,27.0,6.0,0.0,1.0,8,7,28,0,28,0,38.017,620.5,363.0,1320.0,38.017,4.0,9.77,roster,0,131.0,105.0,2.7292,125.09,5.5097,1.05,0.7165,3.119,90.09,24.31,0.0,30.69,33.0
2024-04-22 22:00:00,22,46,46,3.0,7.0,29.0,6.0,1.0,1.0,11,9,27,0,27,0,39.017,688.0,412.0,1380.0,39.017,3.0,6.45,roster,0,143.0,115.0,3.6667,134.2,7.9127,1.15,1.3953,3.1087,98.67,23.44,0.0,32.08,34.5
2024-04-22 23:00:00,23,38,38,3.0,5.0,26.0,4.0,0.0,1.0,5,4,29,0,29,0,40.017,674.0,209.0,849.0,40.017,3.0,6.45,roster,0,121.0,95.0,3.6667,106.43,4.9997,0.95,0.6202,3.1842,81.51,25.18,0.0,19.74,21.225
2024-04-23 00:00:00,0,40,40,3.0,5.0,28.0,4.0,0.0,1.0,6,4,31,0,31,0,41.017,661.0,245.0,909.0,41.017,3.0,6.45,roster,0,127.0,100.0,4.7037,113.85,5.144,1.0,0.6202,3.175,85.8,26.92,0.0,21.13,22.725
2024-04-23 01:00:00,1,45,45,3.0,7.0,29.0,6.0,0.0,1.0,6,6,32,0,32,0,42.017,667.0,305.0,969.0,42.017,3.0,6.45,roster,0,142.0,112.5,5.9167,126.84,6.4854,1.125,0.9302,3.1556,96.52,27.79,0.0,22.53,24.225
2024-04-23 02:00:00,2,43,43,3.0,7.0,28.0,5.0,0.0,1.0,2,1,32,0,32,0,43.017,727.0,365.0,1029.0,43.017,3.0,6.45,roster,0,137.0,107.5,5.7083,123.95,3.919,1.075,0.155,3.186,92.24,27.79,0.0,23.92,25.725
2024-04-23 03:00:00,3,44,44,3.0,8.0,29.0,4.0,0.0,1.0,4,4,33,0,33,0,44.017,733.0,352.0,1021.0,44.017,3.0,6.45,roster,0,142.0,110.0,6.7619,126.77,5.5514,1.1,0.6202,3.2273,94.38,28.65,0.0,23.74,25.525
2024-04-23 04:00:00,4,45,45,3.0,9.0,29.0,4.0,0.0,1.0,2,2,34,0,34,0,45.017,792.0,398.0,1081.0,45.017,3.0,6.45,roster,0,146.0,112.5,8.1111,131.18,4.656,1.125,0.3101,3.2444,96.52,29.52,0.0,25.13,27.025
2024-04-23 05:00:00,5,44,44,3.0,9.0,28.0,4.0,0.0,1.0,2,2,34,0,34,0,46.017,852.0,458.0,1141.0,46.017,3.0,6.45,roster,0,143.0,110.0,7.9444,130.43,4.5828,1.1,0.3101,3.25,94.38,29.52,0.0,26.53,28.525
2024-04-23 06:00:00,6,43,43,3.0,9.0,27.0,4.0,0.0,1.0,0,0,34,0,34,0,47.017,912.0,518.0,1201.0,47.017,3.0,6.45,roster,0,140.0,107.5,7.7778,129.68,3.5,1.075,0.0,3.2558,92.24,29.52,0.0,27.92,30.025
2024-04-23 07:00:00,7,43,43,3.0,9.0,27.0,4.0,0.0,1.0,0,0,34,0,34,0,48.017,972.0,578.0,1261.0,48.017,3.0,6.45,roster,0,140.0,107.5,7.7778,131.08,3.5,1.075,0.0,3.2558,92.24,29.52,0.0,29.32,31.525
2024-04-23 08:00:00,8,44,44,3.0,10.0,26.0,5.0,0.0,1.0,3,3,34,0,34,0,49.017,1032.0,638.0,1321.0,49.017,3.0,7.23,roster,0,143.0,110.0,7.9444,134.62,4.9235,1.1,0.4149,3.25,94.38,29.52,0.0,30.71,33.025
2024-04-23 09:00:00,9,51,51,3.0,10.0,33.0,5.0,0.0,1.0,8,8,34,0,34,0,50.017,1081.5,677.0,1375.0,50.017,3.0,7.23,roster,0,164.0,127.5,9.1111,150.89,7.6582,1.275,1.1065,3.2157,109.39,29.52,0.0,31.97,34.375
2024-04-23 10:00:00,10,49,49,2.0,9.0,34.0,4.0,0.0,1.0,5,6,33,1,34,1,51.017,993.5,693.0,1418.0,51.017,4.0,10.48,roster,0,156.0,122.5,6.5,161.0,5.7227,1.225,0.5725,3.1837,105.1,29.52,13.4,32.97,35.45
2024-04-23 11:00:00,11,48,48,2.0,7.0,34.0,5.0,0.0,1.0,6,7,32,1,33,1,52.017,913.0,621.0,1394.0,52.017,4.0,10.48,roster,0,150.0,120.0,5.3571,157.42,5.8373,1.2,0.6679,3.125,102.96,28.65,13.4,32.41,34.85
2024-04-23 12:00:00,12,39,39,2.0,7.0,26.0,4.0,0.0,1.0,5,4,26,1,27,1,53.017,788.0,223.0,1273.0,53.017,4.0,10.48,roster,0,124.0,97.5,2.3846,130.1,4.3135,0.975,0.3817,3.1795,83.66,23.44,13.4,29.6,31.825
2024-04-23 13:00:00,13,44,44,2.0,8.0,32.0,2.0,0.0,1.0,9,9,27,1,28,1,54.017,832.0,283.0,1333.0,54.017,4.0,10.48,roster,0,142.0,110.0,2.9583,143.08,6.3215,1.1,0.8588,3.2273,94.38,24.31,13.4,30.99,33.325
2024-04-23 14:00:00,14,45,45,1.0,12.0,31.0,1.0,0.0,1.0,11,11,25,0,25,0,44.7,715.0,229.0,1085.0,44.7,4.0,10.48,roster,0,148.0,112.5,2.4667,123.46,7.1521,1.125,1.0496,3.2889,96.52,21.71,0.0,25.23,27.125
2024-04-23 15:00:00,15,45,45,1.0,12.0,32.0,0.0,0.0,1.0,10,10,25,0,25,0,28.1,330.0,176.0,968.0,28.1,4.0,10.48,roster,0,149.0,112.5,2.4833,120.74,6.8845,1.125,0.9542,3.3111,96.52,21.71,0.0,22.51,24.2
2024-04-23 16:00:00,16,46,46,1.0,12.0,33.0,0.0,0.0,1.0,5,5,28,0,28,0,29.1,360.5,209.0,1028.0,29.1,4.0,10.48,roster,0,152.0,115.0,3.1667,126.88,5.3765,1.15,0.4771,3.3043,98.67,24.31,0.0,23.9,25.7
2024-04-23 17:00:00,17,49,49,1.0,11.0,36.0,0.0,1.0,1.0,11,9,28,1,29,1,30.1,417.0,249.0,1056.0,30.1,4.0,10.48,roster,0,158.0,122.5,3.5909,148.24,6.7191,1.225,0.8588,3.2245,105.1,25.18,13.4,24.55,26.4
2024-04-23 18:00:00,18,45,45,1.0,10.0,33.0,0.0,1.0,1.0,4,4,35,0,35,0,31.1,396.0,201.0,1041.0,31.1,4.0,10.48,roster,0,145.0,112.5,7.25,131.12,4.8549,1.125,0.3817,3.2222,96.52,30.39,0.0,24.2,26.025
2024-04-23 19:00:00,19,53,53,2.0,10.0,38.0,2.0,1.0,1.0,11,10,36,0,36,0,32.1,436.0,261.0,1101.0,32.1,4.0,10.48,roster,0,169.0,132.5,10.5625,150.54,7.2676,1.325,0.9542,3.1887,113.68,31.26,0.0,25.6,27.525
2024-04-23 20:00:00,20,55,55,3.0,10.0,38.0,3.0,1.0,1.0,11,11,35,0,35,0,33.1,476.0,239.0,1161.0,33.1,4.0,9.92,roster,0,176.0,137.5,8.8,155.36,7.9484,1.375,1.1089,3.2,117.98,30.39,0.0,26.99,29.025
2024-04-23 21:00:00,21,64,64,3.0,12.0,38.0,9.0,2.0,1.0,12,12,37,0,37,0,34.1,509.0,290.0,1135.0,34.1,4.0,9.92,roster,0,197.0,160.0,16.4167,175.8,8.6485,1.6,1.2097,3.0781,137.28,32.13,0.0,26.39,28.375
2024-04-23 22:00:00,22,65,65,3.0,12.0,38.0,8.0,4.0,1.0,10,10,38,0,38,0,35.1,559.0,338.0,1195.0,35.1,3.0,6.67,roster,0,197.0,162.5,32.8333,180.2,9.4689,1.625,1.4993,3.0308,139.42,33.0,0.0,27.78,29.875
2024-04-23 23:00:00,23,65,65,3.0,12.0,39.0,6.0,5.0,1.0,9,8,41,0,41,0,36.1,567.0,358.0,959.0,36.1,3.0,6.67,roster,0,197.0,162.5,65.6667,177.32,8.5601,1.625,1.1994,3.0308,139.42,35.6,0.0,22.3,23.975
2024-04-24 00:00:00,0,52,52,3.0,12.0,33.0,2.0,2.0,1.0,8,8,38,0,38,0,37.1,648.0,418.0,1019.0,37.1,3.0,6.67,roster,0,168.0,130.0,28.0,148.23,8.075,1.3,1.1994,3.2308,111.54,33.0,0.0,23.69,25.475
2024-04-24 01:00:00,1,50,50,2.0,13.0,32.0,3.0,0.0,1.0,6,4,40,0,40,0,38.1,675.5,474.0,1079.0,38.1,3.0,6.67,roster,0,164.0,125.0,54.6667,147.07,6.067,1.25,0.5997,3.28,107.25,34.73,0.0,25.09,26.975
2024-04-24 02:00:00,2,49,49,2.0,13.0,31.0,3.0,0.0,1.0,4,2,40,0,40,0,39.1,735.5,534.0,1139.0,39.1,3.0,6.67,roster,0,161.0,122.5,53.6667,146.32,5.0102,1.225,0.2999,3.2857,105.1,34.73,0.0,26.48,28.475
2024-04-24 03:00:00,3,49,49,2.0,13.0,31.0,3.0,0.0,1.0,1,1,41,0,41,0,40.1,784.0,490.0,1123.0,40.1,3.0,6.67,roster,0,161.0,122.5,53.6667,146.82,4.5176,1.225,0.1499,3.2857,105.1,35.6,0.0,26.11,28.075
2024-04-24 04:00:00,4,50,50,2.0,12.0,33.0,3.0,0.0,1.0,5,5,41,0,41,0,41.1,844.0,550.0,1183.0,41.1,3.0,6.67,roster,0,163.0,125.0,54.3333,150.36,6.5188,1.25,0.7496,3.26,107.25,35.6,0.0,27.5,29.575
2024-04-24 05:00:00,5,45,45,2.0,12.0,28.0,3.0,0.0,1.0,0,0,41,0,41,0,42.1,904.0,610.0,1243.0,42.1,3.0,6.67,roster,0,148.0,112.5,49.3333,141.03,3.7,1.125,0.0,3.2889,96.52,35.6,0.0,28.9,31.075
2024-04-24 06:00:00,6,46,46,2.0,12.0,29.0,3.0,0.0,1.0,3,2,41,0,41,0,43.1,964.0,670.0,1303.0,43.1,3.0,6.67,roster,0,151.0,115.0,50.3333,144.57,4.7593,1.15,0.2999,3.2826,98.67,35.6,0.0,30.29,32.575
2024-04-24 07:00:00,7,48,48,2.0,12.0,31.0,3.0,0.0,1.0,2,2,42,0,42,0,44.1,1010.5,720.0,1363.0,44.1,3.0,6.67,roster,0,157.0,120.0,52.3333,151.12,4.9058,1.2,0.2999,3.2708,102.96,36.47,0.0,31.69,34.075
2024-04-24 08:00:00,8,48,48,2.0,12.0,30.0,4.0,0.0,1.0,1,1,43,0,43,0,45.1,1057.0,769.0,1423.0,45.1,3.0,6.3,roster,0,156.0,120.0,52.0,153.38,4.4159,1.2,0.1587,3.25,102.96,37.34,0.0,33.08,35.575
2024-04-24 09:00:00,9,47,47,2.0,11.0,30.0,4.0,0.0,1.0,1,1,43,0,43,0,46.1,1101.0,797.0,1384.0,46.1,3.0,6.3,roster,0,152.0,117.5,50.6667,150.33,4.3133,1.175,0.1587,3.234,100.82,37.34,0.0,32.18,34.6
2024-04-24 10:00:00,10,46,46,2.0,10.0,29.0,5.0,0.0,1.0,4,4,39,0,39,0,47.1,1079.0,837.0,1437.0,47.1,4.0,10.0,roster,0,147.0,115.0,36.75,145.94,4.9533,1.15,0.4,3.1957,98.67,33.86,0.0,33.41,35.925
2024-04-24 11:00:00,11,40,40,2.0,8.0,24.0,6.0,0.0,1.0,5,6,31,1,32,1,48.1,1098.0,843.0,1416.0,48.1,4.0,10.0,roster,0,126.0,100.0,3.9375,139.91,5.04,1.0,0.6,3.15,85.8,27.79,13.4,32.92,35.4
2024-04-24 12:00:00,12,37,37,1.0,6.0,24.0,6.0,0.0,1.0,8,7,25,1,26,1,38.867,1025.0,721.0,1281.0,38.867,4.0,10.0,roster,0,113.0,92.5,2.0179,125.12,4.9628,0.925,0.7,3.0541,79.36,22.58,13.4,29.78,32.025
2024-04-24 13:00:00,13,34,34,1.0,5.0,25.0,3.0,0.0,1.0,6,6,20,1,21,1,24.933,1069.0,656.0,1238.0,24.933,4.0,10.0,roster,0,106.0,85.0,1.3947,113.35,4.5206,0.85,0.6,3.1176,72.93,18.23,13.4,28.78,30.95
2024-04-24 14:00:00,14,37,37,1.0,5.0,29.0,2.0,0.0,1.0,10,10,18,1,19,1,24.067,1023.0,285.0,1258.0,24.067,4.0,10.0,roster,0,116.0,92.5,1.381,118.51,6.0351,0.925,1.0,3.1351,79.36,16.5,13.4,29.25,31.45
2024-04-24 15:00:00,15,36,36,1.0,7.0,26.0,2.0,0.0,1.0,7,6,20,2,22,2,23.517,659.5,166.0,1189.0,22.983,4.0,10.0,roster,0,115.0,90.0,1.5972,130.77,4.7917,0.9,0.6,3.1944,77.22,19.1,26.8,27.64,29.725
2024-04-24 16:00:00,16,39,39,2.0,7.0,28.0,2.0,0.0,1.0,8,8,22,2,24,2,24.517,316.0,147.0,1197.0,23.633,4.0,10.0,roster,0,126.0,97.5,1.9688,139.12,5.7346,0.975,0.8,3.2308,83.66,20.84,26.8,27.83,29.925
2024-04-24 17:00:00,17,35,35,2.0,7.0,25.0,1.0,0.0,1.0,4,3,21,2,23,2,25.517,286.0,179.0,1257.0,24.633,4.0,10.0,roster,0,115.0,87.5,1.6912,131.07,3.8607,0.875,0.3,3.2857,75.08,19.97,26.8,29.23,31.425
2024-04-24 18:00:00,18,29,29,1.0,7.0,18.0,3.0,0.0,1.0,4,3,20,1,21,1,26.517,392.0,267.0,1317.0,25.633,4.0,10.0,roster,0,93.0,72.5,1.2237,104.46,3.2871,0.725,0.3,3.2069,62.2,18.23,13.4,30.62,32.925
2024-04-24 19:00:00,19,30,30,1.0,6.0,20.0,3.0,0.0,1.0,6,5,19,1,20,1,26.633,518.5,330.0,1429.0,26.633,4.0,10.0,roster,0,95.0,75.0,1.1875,108.34,3.9583,0.75,0.5,3.1667,64.35,17.37,13.4,33.22,35.725
2024-04-24 20:00:00,20,31,31,1.0,6.0,23.0,1.0,0.0,1.0,8,7,19,1,20,1,27.633,578.5,390.0,1489.0,27.633,4.0,10.38,roster,0,100.0,77.5,1.25,111.88,4.6754,0.775,0.6744,3.2258,66.5,17.37,13.4,34.62,37.225
2024-04-24 21:00:00,21,31,31,1.0,6.0,22.0,2.0,0.0,1.0,2,2,21,1,22,1,28.633,549.0,439.0,1497.0,28.633,4.0,10.38,roster,0,99.0,77.5,1.375,113.8,3.0903,0.775,0.1927,3.1935,66.5,19.1,13.4,34.81,37.425
2024-04-24 22:00:00,22,31,31,1.0,6.0,21.0,3.0,0.0,1.0,3,3,21,0,21,0,29.633,632.0,499.0,1557.0,29.633,3.0,6.68,roster,0,98.0,77.5,1.7193,100.93,3.8697,0.775,0.4491,3.1613,66.5,18.23,0.0,36.2,38.925
2024-04-24 23:00:00,23,31,31,1.0,6.0,21.0,2.0,1.0,1.0,7,4,21,0,21,0,30.633,692.0,559.0,1617.0,30.633,3.0,6.68,roster,0,97.0,77.5,1.7018,102.32,4.2987,0.775,0.5988,3.129,66.5,18.23,0.0,37.6,40.425
2024-04-25 00:00:00,0,34,34,1.0,6.0,22.0,5.0,0.0,1.0,9,7,21,0,21,0,31.633,752.0,619.0,1677.0,31.633,3.0,6.68,roster,0,105.0,85.0,1.8421,110.15,5.8612,0.85,1.0479,3.0882,72.93,18.23,0.0,38.99,41.925
2024-04-25 01:00:00,1,34,34,1.0,6.0,25.0,2.0,0.0,1.0,7,3,23,0,23,0,32.633,766.0,633.0,1737.0,32.633,3.0,6.68,roster,0,108.0,85.0,2.1176,113.29,4.1266,0.85,0.4491,3.1765,72.93,19.97,0.0,40.39,43.425
2024-04-25 02:00:00,2,32,32,1.0,6.0,23.0,2.0,0.0,1.0,3,2,24,0,24,0,33.633,790.0,693.0,1797.0,33.633,3.0,6.68,roster,0,102.0,80.0,2.125,111.26,3.5043,0.8,0.2994,3.1875,68.64,20.84,0.0,41.78,44.925
2024-04-25 03:00:00,3,35,35,1.0,6.0,25.0,3.0,0.0,1.0,3,3,24,0,24,0,34.633,850.0,753.0,1857.0,34.633,3.0,6.68,roster,0,110.0,87.5,2.2917,119.09,4.1615,0.875,0.4491,3.1429,75.08,20.84,0.0,43.18,46.425
2024-04-25 04:00:00,4,33,33,1.0,6.0,24.0,2.0,0.0,1.0,2,2,24,0,24,0,35.633,910.0,813.0,1917.0,35.633,3.0,6.68,roster,0,105.0,82.5,2.1875,116.19,3.5776,0.825,0.2994,3.1818,70.78,20.84,0.0,44.57,47.925
2024-04-25 05:00:00,5,35,35,1.0,7.0,25.0,2.0,0.0,1.0,4,3,23,0,23,0,36.633,1006.0,620.0,1977.0,36.633,3.0,6.68,roster,0,112.0,87.5,2.1961,121.01,4.2371,0.875,0.4491,3.2,75.08,19.97,0.0,45.97,49.425
2024-04-25 06:00:00,6,35,35,1.0,7.0,25.0,2.0,0.0,1.0,1,1,24,0,24,0,37.633,1030.0,680.0,2037.0,37.633,3.0,6.68,roster,0,112.0,87.5,2.3333,123.27,3.279,0.875,0.1497,3.2,75.08,20.84,0.0,47.36,50.925
2024-04-25 07:00:00,7,36,36,1.0,6.0,27.0,2.0,0.0,1.0,4,3,24,0,24,0,38.633,1090.0,740.0,2097.0,38.633,3.0,6.68,roster,0,114.0,90.0,2.375,126.81,4.2722,0.9,0.4491,3.1667,77.22,20.84,0.0,48.76,52.425
2024-04-25 08:00:00,8,35,35,1.0,7.0,24.0,3.0,0.0,1.0,5,5,24,0,24,0,39.633,1150.0,779.0,2157.0,39.633,3.0,7.76,roster,0,111.0,87.5,2.3125,126.06,4.8184,0.875,0.6443,3.1714,75.08,20.84,0.0,50.15,53.925
2024-04-25 09:00:00,9,38,38,2.0,7.0,27.0,2.0,0.0,1.0,7,7,23,0,23,0,40.633,1174.0,574.0,1981.0,40.633,3.0,7.76,roster,0,123.0,95.0,2.4118,127.54,5.9948,0.95,0.9021,3.2368,81.51,19.97,0.0,46.06,49.525
2024-04-25 10:00:00,10,42,42,2.0,7.0,31.0,2.0,0.0,1.0,9,9,21,0,21,0,41.633,1234.0,603.0,1940.0,41.633,4.0,11.73,roster,0,135.0,105.0,1.7763,133.43,5.8412,1.05,0.7673,3.2143,90.09,18.23,0.0,45.1,48.5
2024-04-25 11:00:00,11,38,38,2.0,7.0,27.0,2.0,0.0,1.0,6,6,16,0,16,0,41.967,1274.5,386.0,2000.0,41.967,4.0,11.73,roster,0,123.0,95.0,1.2812,121.9,4.7307,0.95,0.5115,3.2368,81.51,13.89,0.0,46.5,50.0
2024-04-25 12:00:00,12,35,35,3.0,5.0,26.0,1.0,0.0,1.0,8,8,14,0,14,0,41.0,355.5,164.0,1350.0,41.0,4.0,11.73,roster,0,115.0,87.5,1.1058,98.62,5.1159,0.875,0.682,3.2857,75.08,12.16,0.0,31.39,33.75
2024-04-25 13:00:00,13,34,34,3.0,7.0,23.0,1.0,0.0,1.0,9,8,16,0,16,0,42.0,252.0,166.0,1353.0,42.0,4.0,11.73,roster,0,114.0,85.0,1.1875,98.28,5.1367,0.85,0.682,3.3529,72.93,13.89,0.0,31.46,33.825
2024-04-25 14:00:00,14,34,34,3.0,6.0,24.0,1.0,0.0,1.0,7,7,18,0,18,0,43.0,285.0,178.0,843.0,43.0,4.0,11.73,roster,0,113.0,85.0,1.2841,88.16,4.8084,0.85,0.5968,3.3235,72.93,15.63,0.0,19.6,21.075
2024-04-25 15:00:00,15,31,31,2.0,6.0,22.0,1.0,0.0,1.0,5,4,17,0,17,0,25.567,286.0,200.0,626.0,25.567,4.0,11.73,roster,0,102.0,77.5,1.1087,75.81,3.672,0.775,0.341,3.2903,66.5,14.76,0.0,14.55,15.65
2024-04-25 16:00:00,16,34,34,4.0,5.0,24.0,1.0,0.0,1.0,9,9,15,0,15,0,26.567,352.0,227.0,963.0,26.567,4.0,11.73,roster,0,114.0,85.0,1.14,88.34,5.4226,0.85,0.7673,3.3529,72.93,13.02,0.0,22.39,24.075
2024-04-25 17:00:00,17,35,35,4.0,6.0,24.0,1.0,0.0,1.0,8,8,17,0,17,0,27.567,358.0,226.0,746.0,27.567,4.0,11.73,roster,0,118.0,87.5,1.2826,87.18,5.2494,0.875,0.682,3.3714,75.08,14.76,0.0,17.34,18.65
2024-04-25 18:00:00,18,37,37,4.0,5.0,26.0,2.0,0.0,1.0,8,8,19,0,19,0,28.567,407.0,255.0,806.0,28.567,4.0,11.73,roster,0,122.0,92.5,1.4524,94.6,5.2988,0.925,0.682,3.2973,79.36,16.5,0.0,18.74,20.15
2024-04-25 19:00:00,19,38,38,3.0,5.0,29.0,1.0,0.0,1.0,8,9,22,1,23,1,29.567,407.0,170.0,685.0,29.567,4.0,11.73,roster,0,124.0,95.0,1.8235,110.81,5.6037,0.95,0.7673,3.2632,81.51,19.97,13.4,15.93,17.125
2024-04-25 20:00:00,20,41,41,2.0,5.0,31.0,3.0,0.0,1.0,11,11,22,1,23,1,30.567,467.0,212.0,745.0,30.567,4.0,10.61,roster,0,129.0,102.5,1.8971,118.64,6.487,1.025,1.0368,3.1463,87.94,19.97,13.4,17.32,18.625
2024-04-25 21:00:00,21,45,45,2.0,6.0,35.0,2.0,0.0,1.0,12,10,24,1,25,1,31.567,444.0,227.0,706.0,31.567,4.0,10.61,roster,0,143.0,112.5,2.3833,128.05,6.5701,1.125,0.9425,3.1778,96.52,21.71,13.4,16.41,17.65
2024-04-25 22:00:00,22,43,43,2.0,8.0,29.0,4.0,0.0,1.0,7,8,25,1,26,1,32.567,438.0,250.0,712.0,32.567,3.0,6.64,roster,0,137.0,107.5,3.2619,124.76,7.2636,1.075,1.2048,3.186,92.24,22.58,13.4,16.55,17.8
2024-04-25 23:00:00,23,36,36,2.0,7.0,25.0,2.0,0.0,1.0,9,5,27,1,28,1,33.567,435.5,300.0,772.0,33.567,3.0,6.64,roster,0,117.0,90.0,3.25,112.88,5.3723,0.9,0.753,3.25,77.22,24.31,13.4,17.95,19.3
2024-04-26 00:00:00,0,44,44,2.0,10.0,31.0,1.0,0.0,1.0,11,11,27,1,28,1,34.567,495.5,360.0,832.0,34.567,3.0,6.64,roster,0,145.0,110.0,4.0278,131.44,9.0843,1.1,1.6566,3.2955,94.38,24.31,13.4,19.34,20.8
2024-04-26 01:00:00,1,43,43,2.0,10.0,31.0,0.0,0.0,1.0,4,4,27,2,29,2,35.567,530.0,343.0,838.0,35.567,3.0,6.64,roster,0,143.0,107.5,4.3333,143.7,5.5784,1.075,0.6024,3.3256,92.24,25.18,26.8,19.48,20.95
2024-04-26 02:00:00,2,40,40,2.0,9.0,27.0,2.0,0.0,1.0,4,4,28,2,30,2,36.567,581.0,381.0,898.0,36.567,3.0,6.64,roster,0,131.0,100.0,4.3667,139.53,5.2479,1.0,0.6024,3.275,85.8,26.05,26.8,20.88,22.45
2024-04-26 03:00:00,3,40,40,2.0,9.0,27.0,2.0,0.0,1.0,4,3,28,2,30,2,37.567,641.0,441.0,958.0,37.567,3.0,6.64,roster,0,131.0,100.0,4.3667,140.92,4.7547,1.0,0.4518,3.275,85.8,26.05,26.8,22.27,23.95
2024-04-26 04:00:00,4,38,38,2.0,8.0,26.0,2.0,0.0,1.0,2,1,28,1,29,1,38.567,710.0,523.0,1018.0,38.567,3.0,6.64,roster,0,124.0,95.0,3.7576,123.76,3.5914,0.95,0.1506,3.2632,81.51,25.18,13.4,23.67,25.45
2024-04-26 05:00:00,5,43,43,2.0,8.0,30.0,3.0,0.0,1.0,7,6,28,1,29,1,39.567,770.0,583.0,1078.0,39.567,3.0,6.64,roster,0,138.0,107.5,4.1818,135.88,6.35,1.075,0.9036,3.2093,92.24,25.18,13.4,25.06,26.95
2024-04-26 06:00:00,6,42,42,2.0,9.0,29.0,2.0,0.0,1.0,3,3,28,1,29,1,40.567,830.0,643.0,1138.0,40.567,3.0,6.64,roster,0,137.0,105.0,4.1515,135.13,4.8988,1.05,0.4518,3.2619,90.09,25.18,13.4,26.46,28.45
2024-04-26 07:00:00,7,37,37,2.0,9.0,24.0,2.0,0.0,1.0,2,2,29,1,30,1,41.567,881.0,681.0,1198.0,41.567,3.0,6.64,roster,0,122.0,92.5,4.0667,126.67,4.0432,0.925,0.3012,3.2973,79.36,26.05,13.4,27.85,29.95
2024-04-26 08:00:00,8,39,39,2.0,9.0,26.0,2.0,0.0,1.0,3,3,30,1,31,1,42.567,932.0,704.0,1258.0,42.567,3.0,6.6,roster,0,128.0,97.5,4.7407,133.22,4.6918,0.975,0.4545,3.2821,83.66,26.92,13.4,29.25,31.45
2024-04-26 09:00:00,9,43,43,2.0,10.0,28.0,3.0,0.0,1.0,8,7,29,1,30,1,43.567,945.0,703.0,1307.0,43.567,3.0,6.6,roster,0,140.0,107.5,4.6667,142.07,6.9531,1.075,1.0606,3.2558,92.24,26.05,13.4,30.39,32.675
2024-04-26 10:00:00,10,49,49,2.0,12.0,31.0,4.0,0.0,1.0,13,11,28,1,29,1,44.567,970.0,657.0,1340.0,44.567,4.0,9.85,roster,0,159.0,122.5,3.6136,154.84,7.5987,1.225,1.1168,3.2449,105.1,25.18,13.4,31.16,33.5
2024-04-26 11:00:00,11,40,40,1.0,8.0,29.0,2.0,0.0,1.0,5,6,25,1,26,1,26.533,880.5,270.0,1112.0,23.967,4.0,9.85,roster,0,128.0,100.0,2.2857,127.63,5.1492,1.0,0.6091,3.2,85.8,22.58,13.4,25.85,27.8
2024-04-26 12:00:00,12,40,40,1.0,9.0,28.0,2.0,0.0,1.0,7,6,26,1,27,1,27.533,845.0,211.0,1127.0,24.967,4.0,9.85,roster,0,129.0,100.0,2.4808,128.85,5.1895,1.0,0.6091,3.225,85.8,23.44,13.4,26.2,28.175
2024-04-26 13:00:00,13,38,38,1.0,9.0,27.0,1.0,0.0,1.0,6,6,24,0,24,0,28.533,573.0,243.0,1063.0,25.333,4.0,9.85,roster,0,124.0,95.0,1.9375,107.06,5.0877,0.95,0.6091,3.2632,81.51,20.84,0.0,24.71,26.575
2024-04-26 14:00:00,14,38,38,0.0,11.0,26.0,1.0,0.0,1.0,8,8,21,1,22,1,22.167,616.0,216.0,1101.0,22.167,4.0,9.85,roster,0,124.0,95.0,1.7222,119.61,5.7503,0.95,0.8122,3.2632,81.51,19.1,13.4,25.6,27.525
2024-04-26 15:00:00,15,39,39,1.0,7.0,29.0,2.0,0.0,1.0,8,8,18,2,20,2,23.167,358.5,246.0,1080.0,23.167,4.0,9.85,roster,0,124.0,97.5,1.55,132.93,5.6823,0.975,0.8122,3.1795,83.66,17.37,26.8,25.11,27.0
2024-04-26 16:00:00,16,47,47,1.0,10.0,34.0,2.0,0.0,1.0,12,12,18,3,21,3,24.167,328.0,131.0,570.0,24.167,4.0,9.85,roster,0,151.0,117.5,1.9868,152.5,7.689,1.175,1.2183,3.2128,100.82,18.23,40.2,13.25,14.25
2024-04-26 17:00:00,17,44,44,1.0,8.0,34.0,1.0,0.0,1.0,7,7,23,2,25,2,25.167,316.0,137.0,511.0,25.167,4.0,9.85,roster,0,141.0,110.0,2.35,134.77,5.8023,1.1,0.7107,3.2045,94.38,21.71,26.8,11.88,12.775
2024-04-26 18:00:00,18,40,40,0.0,6.0,33.0,1.0,0.0,1.0,3,3,25,1,26,1,26.167,363.5,177.0,571.0,26.167,4.0,9.85,roster,0,125.0,100.0,2.2321,115.05,4.0768,1.0,0.3046,3.125,85.8,22.58,13.4,13.28,14.275
2024-04-26 19:00:00,19,35,35,0.0,5.0,25.0,5.0,0.0,1.0,5,5,23,0,23,0,27.167,436.0,221.0,631.0,27.167,4.0,9.85,roster,0,105.0,87.5,1.5441,89.72,4.1478,0.875,0.5076,3.0,75.08,19.97,0.0,14.67,15.775
2024-04-26 20:00:00,20,37,37,0.0,6.0,24.0,7.0,0.0,1.0,10,10,20,0,20,0,24.717,483.5,281.0,626.0,24.717,4.0,10.54,roster,0,110.0,92.5,1.375,91.29,5.5707,0.925,0.9488,2.973,79.36,17.37,0.0,14.55,15.65
2024-04-26 21:00:00,21,44,44,0.0,6.0,30.0,8.0,0.0,1.0,11,11,23,0,23,0,25.717,405.0,291.0,660.0,25.717,4.0,10.54,roster,0,130.0,110.0,1.9118,109.7,6.3335,1.1,1.0436,2.9545,94.38,19.97,0.0,15.34,16.5
2024-04-26 22:00:00,22,42,42,0.0,6.0,27.0,9.0,0.0,1.0,11,9,24,0,24,0,26.717,440.5,334.0,720.0,26.717,3.0,7.29,roster,0,123.0,105.0,2.5625,107.67,6.6905,1.05,1.2346,2.9286,90.09,20.84,0.0,16.74,18.0
2024-04-26 23:00:00,23,39,39,0.0,7.0,25.0,7.0,0.0,1.0,10,7,23,0,23,0,27.717,514.0,394.0,780.0,27.717,3.0,7.29,roster,0,117.0,97.5,2.2941,101.76,5.8057,0.975,0.9602,3.0,83.66,19.97,0.0,18.14,19.5
2024-04-27 00:00:00,0,32,32,0.0,8.0,21.0,3.0,0.0,1.0,3,2,23,1,24,1,28.717,560.5,454.0,840.0,28.717,3.0,7.29,roster,0,101.0,80.0,2.1042,102.41,3.3909,0.8,0.2743,3.1562,68.64,20.84,13.4,19.53,21.0
2024-04-27 01:00:00,1,34,34,0.0,9.0,22.0,3.0,0.0,1.0,6,5,23,1,24,1,29.717,620.5,514.0,900.0,29.717,3.0,7.29,roster,0,108.0,85.0,2.25,108.09,4.8786,0.85,0.6859,3.1765,72.93,20.84,13.4,20.92,22.5
2024-04-27 02:00:00,2,37,37,0.0,11.0,22.0,4.0,0.0,1.0,6,5,23,1,24,1,30.717,680.5,574.0,960.0,30.717,3.0,7.29,roster,0,118.0,92.5,2.4583,115.92,5.1374,0.925,0.6859,3.1892,79.36,20.84,13.4,22.32,24.0
2024-04-27 03:00:00,3,35,35,0.0,9.0,22.0,4.0,0.0,1.0,6,5,24,0,24,0,31.717,740.5,634.0,1020.0,31.717,3.0,7.29,roster,0,110.0,87.5,2.2917,99.63,4.9056,0.875,0.6859,3.1429,75.08,20.84,0.0,23.72,25.5
2024-04-27 04:00:00,4,35,35,0.0,7.0,25.0,3.0,0.0,1.0,6,6,23,0,23,0,32.717,814.0,639.0,1080.0,32.717,3.0,7.29,roster,0,109.0,87.5,2.1373,100.16,5.2882,0.875,0.823,3.1143,75.08,19.97,0.0,25.11,27.0
2024-04-27 05:00:00,5,35,35,0.0,7.0,24.0,4.0,0.0,1.0,1,1,24,1,25,1,33.717,821.0,594.0,1108.0,33.717,3.0,7.29,roster,0,108.0,87.5,2.4,115.94,3.1233,0.875,0.1372,3.0857,75.08,21.71,13.4,25.76,27.7
2024-04-27 06:00:00,6,31,31,1.0,6.0,21.0,3.0,0.0,1.0,1,1,24,0,24,0,34.717,907.5,759.0,1200.0,34.717,3.0,7.29,roster,0,98.0,77.5,2.0417,95.23,2.8836,0.775,0.1372,3.1613,66.5,20.84,0.0,27.9,30.0
2024-04-27 07:00:00,7,33,33,0.0,7.0,23.0,3.0,0.0,1.0,4,4,24,0,24,0,35.717,967.5,819.0,1260.0,35.717,3.0,7.29,roster,0,103.0,82.5,2.1458,100.92,4.2876,0.825,0.5487,3.1212,70.78,20.84,0.0,29.3,31.5
2024-04-27 08:00:00,8,33,33,0.0,8.0,21.0,4.0,0.0,1.0,3,3,26,0,26,0,36.717,991.5,727.0,1288.0,36.717,3.0,6.35,roster,0,103.0,82.5,2.4524,103.31,4.0496,0.825,0.4724,3.1212,70.78,22.58,0.0,29.95,32.2
2024-04-27 09:00:00,9,31,31,1.0,7.0,19.0,4.0,0.0,1.0,8,8,19,0,19,0,37.717,1016.0,724.0,1348.0,37.717,3.0,6.35,roster,0,98.0,77.5,1.5556,94.33,6.4327,0.775,1.2598,3.1613,66.5,16.5,0.0,31.34,33.7
2024-04-27 10:00:00,10,31,31,1.0,8.0,19.0,3.0,0.0,1.0,3,2,19,0,19,0,38.717,1076.0,378.0,1408.0,38.717,4.0,10.05,roster,0,100.0,77.5,1.1905,95.73,3.142,0.775,0.199,3.2258,66.5,16.5,0.0,32.74,35.2
2024-04-27 11:00:00,11,25,25,0.0,6.0,16.0,3.0,0.0,1.0,5,5,16,0,16,0,39.717,1147.5,438.0,1526.0,39.717,4.0,10.05,roster,0,78.0,62.5,0.8125,83.0,3.5022,0.625,0.4975,3.12,53.62,13.89,0.0,35.48,38.15
2024-04-27 12:00:00,12,21,21,0.0,3.0,17.0,1.0,0.0,1.0,8,7,9,0,9,0,24.0,347.0,243.0,967.0,19.567,4.0,10.05,roster,0,65.0,52.5,0.5242,55.34,3.7809,0.525,0.6965,3.0952,45.04,7.81,0.0,22.48,24.175
2024-04-27 13:00:00,13,21,21,0.0,4.0,17.0,0.0,0.0,1.0,6,5,7,0,7,0,25.0,367.0,162.0,1027.0,17.9,4.0,10.05,roster,0,67.0,52.5,0.5076,55.0,3.2623,0.525,0.4975,3.1905,45.04,6.08,0.0,23.88,25.675
2024-04-27 14:00:00,14,18,18,0.0,2.0,16.0,0.0,0.0,1.0,7,4,5,0,5,0,26.0,173.0,108.0,222.0,7.783,4.0,10.05,roster,0,56.0,45.0,0.4,28.11,2.6383,0.45,0.398,3.1111,38.61,4.34,0.0,5.16,5.55
2024-04-27 15:00:00,15,27,27,0.0,4.0,22.0,1.0,0.0,1.0,15,13,5,0,5,0,27.0,168.0,125.0,233.0,8.783,4.0,10.05,roster,0,84.0,67.5,0.6,47.67,6.1243,0.675,1.2935,3.1111,57.92,4.34,0.0,5.42,5.825
2024-04-27 16:00:00,16,20,20,1.0,4.0,15.0,0.0,0.0,1.0,7,7,6,0,6,0,28.0,172.0,99.0,228.0,9.783,4.0,10.05,roster,0,66.0,50.0,0.4853,33.41,3.9485,0.5,0.6965,3.3,42.9,5.21,0.0,5.3,5.7
2024-04-27 17:00:00,17,24,24,1.0,4.0,17.0,2.0,0.0,1.0,8,7,7,0,7,0,29.0,219.0,149.0,288.0,10.783,4.0,10.05,roster,0,76.0,60.0,0.5758,44.25,4.1056,0.6,0.6965,3.1667,51.48,6.08,0.0,6.7,7.2
2024-04-27 18:00:00,18,26,26,1.0,3.0,20.0,2.0,0.0,1.0,11,11,5,0,5,0,11.783,279.0,219.0,348.0,11.783,4.0,10.05,roster,0,81.0,65.0,0.5786,48.2,5.4349,0.65,1.0945,3.1154,55.77,4.34,0.0,8.09,8.7
2024-04-27 19:00:00,19,23,23,1.0,3.0,19.0,0.0,0.0,1.0,6,6,6,0,6,0,12.783,309.0,79.0,408.0,12.783,4.0,10.05,roster,0,74.0,57.5,0.5441,44.03,3.7708,0.575,0.597,3.2174,49.33,5.21,0.0,9.49,10.2
2024-04-27 20:00:00,20,22,22,0.0,3.0,19.0,0.0,0.0,1.0,6,5,6,1,7,1,13.783,339.0,97.0,468.0,13.783,4.0,11.21,roster,0,69.0,55.0,0.5227,57.55,3.1239,0.55,0.446,3.1364,47.19,6.08,13.4,10.88,11.7
2024-04-27 21:00:00,21,25,25,0.0,3.0,21.0,1.0,0.0,1.0,15,10,7,1,8,1,14.783,169.0,137.0,459.0,14.783,4.0,11.21,roster,0,77.0,62.5,0.6016,64.64,4.6725,0.625,0.8921,3.08,53.62,6.95,13.4,10.67,11.475
2024-04-27 22:00:00,22,28,28,0.0,2.0,26.0,0.0,0.0,1.0,12,9,7,0,7,0,15.783,241.0,134.0,519.0,15.783,3.0,7.51,roster,0,86.0,70.0,0.8687,58.2,5.8308,0.7,1.1984,3.0714,60.06,6.08,0.0,12.07,12.975
2024-04-27 23:00:00,23,23,23,0.0,2.0,20.0,1.0,0.0,1.0,8,8,8,0,8,0,16.783,289.0,194.0,579.0,16.783,3.0,7.51,roster,0,70.0,57.5,0.7292,49.74,4.9921,0.575,1.0652,3.0435,49.33,6.95,0.0,13.46,14.475
2024-04-28 00:00:00,0,17,17,0.0,3.0,14.0,0.0,0.0,1.0,6,6,8,0,8,0,17.783,349.0,254.0,639.0,17.783,3.0,7.51,roster,0,54.0,42.5,0.5625,38.27,3.8878,0.425,0.7989,3.1765,36.46,6.95,0.0,14.86,15.975
2024-04-28 01:00:00,1,22,22,0.0,4.0,15.0,3.0,0.0,1.0,8,7,10,0,10,0,18.783,355.5,203.0,639.0,18.783,3.0,7.51,roster,0,67.0,55.0,0.7444,50.73,4.5136,0.55,0.9321,3.0455,47.19,8.68,0.0,14.86,15.975
2024-04-28 02:00:00,2,21,21,0.0,4.0,15.0,2.0,0.0,1.0,6,6,10,0,10,0,19.783,415.5,263.0,699.0,19.783,3.0,7.51,roster,0,65.0,52.5,0.7222,49.98,4.0979,0.525,0.7989,3.0952,45.04,8.68,0.0,16.25,17.475
2024-04-28 03:00:00,3,20,20,0.0,3.0,17.0,0.0,0.0,1.0,4,4,10,0,10,0,20.783,475.5,323.0,759.0,20.783,3.0,7.51,roster,0,63.0,50.0,0.7,49.23,3.2528,0.5,0.5326,3.15,42.9,8.68,0.0,17.65,18.975
2024-04-28 04:00:00,4,23,23,0.0,3.0,18.0,2.0,0.0,1.0,5,4,10,0,10,0,21.783,535.5,383.0,819.0,21.783,3.0,7.51,roster,0,70.0,57.5,0.7778,57.06,3.371,0.575,0.5326,3.0435,49.33,8.68,0.0,19.04,20.475
2024-04-28 05:00:00,5,22,22,0.0,3.0,18.0,1.0,0.0,1.0,3,3,10,0,10,0,22.783,595.5,443.0,879.0,22.783,3.0,7.51,roster,0,68.0,55.0,0.7556,56.31,2.9347,0.55,0.3995,3.0909,47.19,8.68,0.0,20.44,21.975
2024-04-28 06:00:00,6,23,23,0.0,3.0,20.0,0.0,0.0,1.0,4,4,11,0,11,0,23.783,614.0,411.0,939.0,23.783,3.0,7.51,roster,0,72.0,57.5,0.8276,60.72,3.4673,0.575,0.5326,3.1304,49.33,9.55,0.0,21.83,23.475
2024-04-28 07:00:00,7,21,21,0.0,3.0,18.0,0.0,0.0,1.0,2,2,12,0,12,0,24.783,671.5,471.0,999.0,24.783,3.0,7.51,roster,0,66.0,52.5,0.7857,58.69,2.487,0.525,0.2663,3.1429,45.04,10.42,0.0,23.23,24.975
2024-04-28 08:00:00,8,20,20,0.0,3.0,15.0,2.0,0.0,1.0,3,3,12,0,12,0,25.783,731.5,531.0,1059.0,25.783,3.0,6.78,roster,0,61.0,50.0,0.7262,57.94,2.8746,0.5,0.4425,3.05,42.9,10.42,0.0,24.62,26.475
2024-04-28 09:00:00,9,20,20,0.0,4.0,15.0,1.0,0.0,1.0,5,3,12,0,12,0,26.783,791.5,591.0,1119.0,26.783,3.0,6.78,roster,0,63.0,50.0,0.75,59.34,2.9688,0.5,0.4425,3.15,42.9,10.42,0.0,26.02,27.975
2024-04-28 10:00:00,10,20,20,0.0,4.0,15.0,1.0,0.0,1.0,6,4,10,0,10,0,23.55,796.0,616.0,937.0,19.65,4.0,10.03,roster,0,63.0,50.0,0.525,53.37,2.8312,0.5,0.3988,3.15,42.9,8.68,0.0,21.79,23.425
2024-04-28 11:00:00,11,25,25,0.0,4.0,20.0,1.0,0.0,1.0,12,11,10,0,10,0,24.55,757.0,385.0,914.0,17.017,4.0,10.03,roster,0,78.0,62.5,0.65,63.56,5.3717,0.625,1.0967,3.12,53.62,8.68,0.0,21.25,22.85
2024-04-28 12:00:00,12,27,27,0.0,8.0,18.0,1.0,0.0,1.0,12,10,9,0,9,0,25.55,736.0,270.0,969.0,17.617,4.0,10.03,roster,0,88.0,67.5,0.7097,68.26,5.4495,0.675,0.997,3.2593,57.92,7.81,0.0,22.53,24.225
2024-04-28 13:00:00,13,24,24,0.0,5.0,18.0,1.0,0.0,1.0,5,5,11,0,11,0,18.617,505.0,127.0,1029.0,18.617,4.0,10.03,roster,0,76.0,60.0,0.6552,64.96,3.4786,0.6,0.4985,3.1667,51.48,9.55,0.0,23.92,25.725
2024-04-28 14:00:00,14,31,31,0.0,7.0,24.0,0.0,0.0,1.0,13,11,11,0,11,0,19.617,565.0,187.0,1089.0,19.617,4.0,10.03,roster,0,100.0,77.5,0.8621,81.37,6.0378,0.775,1.0967,3.2258,66.5,9.55,0.0,25.32,27.225
2024-04-28 15:00:00,15,36,36,0.0,6.0,30.0,0.0,0.0,1.0,11,11,12,1,13,1,20.617,450.0,198.0,951.0,20.617,4.0,10.03,roster,0,114.0,90.0,1.0556,104.02,6.3229,0.9,1.0967,3.1667,77.22,11.29,13.4,22.11,23.775
2024-04-28 16:00:00,16,31,31,0.0,4.0,27.0,0.0,0.0,1.0,8,8,13,0,13,0,21.617,510.0,258.0,1011.0,21.617,4.0,10.03,roster,0,97.0,77.5,0.8981,81.29,4.9207,0.775,0.7976,3.129,66.5,11.29,0.0,23.51,25.275
2024-04-28 17:00:00,17,34,34,1.0,5.0,24.0,4.0,0.0,1.0,13,10,15,0,15,0,22.617,476.0,181.0,1071.0,22.617,4.0,10.03,roster,0,105.0,85.0,1.05,90.86,5.704,0.85,0.997,3.0882,72.93,13.02,0.0,24.9,26.775
2024-04-28 18:00:00,18,33,33,1.0,5.0,24.0,3.0,0.0,1.0,9,7,15,1,16,1,23.617,402.5,180.0,1096.0,23.617,4.0,10.03,roster,0,103.0,82.5,1.0729,103.56,4.7533,0.825,0.6979,3.1212,70.78,13.89,13.4,25.48,27.4
2024-04-28 19:00:00,19,36,36,1.0,5.0,28.0,1.0,1.0,1.0,11,8,16,1,17,1,24.617,438.0,228.0,865.0,24.617,4.0,10.03,roster,0,112.0,90.0,1.2174,105.49,5.2814,0.9,0.7976,3.1111,77.22,14.76,13.4,20.11,21.625
2024-04-28 20:00:00,20,34,34,1.0,5.0,25.0,3.0,0.0,1.0,7,6,16,1,17,1,25.617,498.0,288.0,925.0,25.617,4.0,10.56,roster,0,106.0,85.0,1.1522,102.6,4.4214,0.85,0.5682,3.1176,72.93,14.76,13.4,21.51,23.125
2024-04-28 21:00:00,21,37,37,3.0,4.0,29.0,1.0,0.0,1.0,12,10,15,1,16,1,26.617,582.5,360.0,1276.0,26.617,4.0,10.56,roster,0,120.0,92.5,1.25,116.32,6.0713,0.925,0.947,3.2432,79.36,13.89,13.4,29.67,31.9
2024-04-28 22:00:00,22,32,32,3.0,2.0,25.0,2.0,0.0,1.0,8,6,15,1,16,1,27.617,582.0,408.0,1045.0,27.617,3.0,7.31,roster,0,102.0,80.0,1.4167,100.23,5.1663,0.8,0.8208,3.1875,68.64,13.89,13.4,24.3,26.125
2024-04-28 23:00:00,23,39,39,4.0,2.0,30.0,3.0,0.0,1.0,12,12,15,1,16,1,28.617,642.0,468.0,1105.0,28.617,3.0,7.31,roster,0,124.0,97.5,1.7222,116.64,8.3194,0.975,1.6416,3.1795,83.66,13.89,13.4,25.69,27.625
2024-04-29 00:00:00,0,36,36,3.0,2.0,26.0,5.0,0.0,1.0,10,7,17,0,17,0,29.617,666.0,427.0,990.0,29.617,3.0,7.31,roster,0,111.0,90.0,1.6087,95.0,5.7276,0.9,0.9576,3.0833,77.22,14.76,0.0,23.02,24.75
2024-04-29 01:00:00,1,31,31,3.0,3.0,25.0,0.0,0.0,1.0,6,4,17,0,17,0,30.617,726.0,487.0,1050.0,30.617,3.0,7.31,roster,0,102.0,77.5,1.4783,85.67,4.3505,0.775,0.5472,3.2903,66.5,14.76,0.0,24.41,26.25
2024-04-29 02:00:00,2,32,32,4.0,3.0,24.0,1.0,0.0,1.0,4,4,18,0,18,0,31.617,753.5,485.0,1110.0,31.617,3.0,7.31,roster,0,106.0,80.0,1.6061,90.08,4.4626,0.8,0.5472,3.3125,68.64,15.63,0.0,25.81,27.75
2024-04-29 03:00:00,3,33,33,4.0,3.0,25.0,1.0,0.0,1.0,4,4,18,1,19,1,32.617,781.0,408.0,1170.0,32.617,3.0,7.31,roster,0,109.0,82.5,1.7302,107.89,4.5324,0.825,0.5472,3.303,70.78,16.5,13.4,27.2,29.25
2024-04-29 04:00:00,4,31,31,3.0,3.0,24.0,1.0,0.0,1.0,1,1,18,0,18,0,33.617,873.5,605.0,1230.0,33.617,3.0,7.31,roster,0,101.0,77.5,1.5303,90.72,2.9707,0.775,0.1368,3.2581,66.5,15.63,0.0,28.6,30.75
2024-04-29 05:00:00,5,31,31,3.0,3.0,25.0,0.0,0.0,1.0,4,3,18,0,18,0,34.617,933.5,665.0,1290.0,34.617,3.0,7.31,roster,0,102.0,77.5,1.5455,92.12,3.9003,0.775,0.4104,3.2903,66.5,15.63,0.0,29.99,32.25
2024-04-29 06:00:00,6,34,34,3.0,4.0,25.0,2.0,0.0,1.0,5,5,19,0,19,0,35.617,961.0,588.0,1350.0,35.617,3.0,7.31,roster,0,110.0,85.0,1.746,100.82,4.9629,0.85,0.684,3.2353,72.93,16.5,0.0,31.39,33.75
2024-04-29 07:00:00,7,30,30,3.0,4.0,22.0,1.0,0.0,1.0,0,0,19,0,19,0,36.617,1021.0,648.0,1410.0,36.617,3.0,7.31,roster,0,99.0,75.0,1.5714,93.63,2.475,0.75,0.0,3.3,64.35,16.5,0.0,32.78,35.25
2024-04-29 08:00:00,8,31,31,3.0,4.0,23.0,1.0,0.0,1.0,6,5,19,0,19,0,37.617,1081.0,708.0,1470.0,37.617,3.0,6.66,roster,0,102.0,77.5,1.619,97.17,5.0202,0.775,0.7508,3.2903,66.5,16.5,0.0,34.18,36.75
2024-04-29 09:00:00,9,38,38,3.0,5.0,29.0,1.0,0.0,1.0,11,11,17,0,17,0,37.233,1080.0,768.0,1436.0,37.233,3.0,6.66,roster,0,124.0,95.0,1.7971,109.66,8.4896,0.95,1.6517,3.2632,81.51,14.76,0.0,33.39,35.9
2024-04-29 10:00:00,10,37,37,3.0,9.0,25.0,0.0,0.0,1.0,8,8,19,0,19,0,38.233,1128.0,686.0,1496.0,38.233,4.0,10.02,roster,0,126.0,92.5,1.5,110.64,5.8689,0.925,0.7984,3.4054,79.36,16.5,0.0,34.78,37.4
2024-04-29 11:00:00,11,42,42,3.0,12.0,27.0,0.0,0.0,1.0,9,9,21,1,22,1,35.85,956.5,159.0,1398.0,35.85,4.0,10.02,roster,0,144.0,105.0,2.0,135.1,6.6796,1.05,0.8982,3.4286,90.09,19.1,13.4,32.5,34.95
2024-04-29 12:00:00,12,42,42,3.0,11.0,28.0,0.0,0.0,1.0,9,8,21,1,22,1,31.417,761.5,158.0,1321.0,31.417,4.0,10.02,roster,0,143.0,105.0,1.9861,133.31,6.2934,1.05,0.7984,3.4048,90.09,19.1,13.4,30.71,33.025
2024-04-29 13:00:00,13,41,41,3.0,11.0,26.0,0.0,1.0,1.0,9,9,21,1,22,1,32.417,821.5,212.0,1381.0,32.417,4.0,10.02,roster,0,138.0,102.5,1.9167,132.56,6.4732,1.025,0.8982,3.3659,87.94,19.1,13.4,32.11,34.525
2024-04-29 14:00:00,14,46,46,4.0,14.0,27.0,0.0,1.0,1.0,10,8,21,1,22,1,33.417,344.0,224.0,1205.0,33.417,4.0,10.02,roster,0,158.0,115.0,2.1944,139.19,6.6923,1.15,0.7984,3.4348,98.67,19.1,13.4,28.02,30.125
2024-04-29 15:00:00,15,38,38,4.0,14.0,20.0,0.0,0.0,1.0,8,7,19,2,21,2,27.3,354.0,241.0,989.0,27.3,4.0,10.02,roster,0,136.0,95.0,1.7895,129.54,5.9003,0.95,0.6986,3.5789,81.51,18.23,26.8,22.99,24.725
2024-04-29 16:00:00,16,35,35,3.0,13.0,19.0,0.0,0.0,1.0,10,10,15,2,17,2,28.3,344.0,192.0,469.0,28.3,4.0,10.02,roster,0,124.0,87.5,1.3478,107.54,6.6358,0.875,0.998,3.5429,75.08,14.76,26.8,10.9,11.725
2024-04-29 17:00:00,17,31,31,4.0,10.0,16.0,1.0,0.0,1.0,6,5,15,2,17,2,27.017,370.0,235.0,519.0,27.017,4.0,10.02,roster,0,110.0,77.5,1.1957,100.12,4.5207,0.775,0.499,3.5484,66.5,14.76,26.8,12.07,12.975
2024-04-29 18:00:00,18,33,33,3.0,9.0,18.0,3.0,0.0,1.0,10,10,14,2,16,2,28.017,447.0,312.0,589.0,28.017,4.0,10.02,roster,0,111.0,82.5,1.1562,105.17,6.1319,0.825,0.998,3.3636,70.78,13.89,26.8,13.69,14.725
2024-04-29 19:00:00,19,31,31,3.0,10.0,16.0,2.0,0.0,1.0,9,8,15,2,17,2,29.017,490.0,252.0,639.0,29.017,4.0,10.02,roster,0,107.0,77.5,1.163,102.91,5.4308,0.775,0.7984,3.4516,66.5,14.76,26.8,14.86,15.975
2024-04-29 20:00:00,20,35,35,3.0,11.0,21.0,0.0,0.0,1.0,12,10,16,2,18,2,30.017,545.5,266.0,699.0,30.017,4.0,10.14,roster,0,122.0,87.5,1.3864,113.76,6.4876,0.875,0.9862,3.4857,75.08,15.63,26.8,16.25,17.475
2024-04-29 21:00:00,21,31,31,3.0,11.0,15.0,2.0,0.0,1.0,5,5,16,2,18,2,31.017,605.5,326.0,759.0,31.017,4.0,10.14,roster,0,108.0,77.5,1.2273,106.57,4.4179,0.775,0.4931,3.4839,66.5,15.63,26.8,17.65,18.975
2024-04-29 22:00:00,22,32,32,4.0,11.0,16.0,1.0,0.0,1.0,9,9,17,0,17,0,32.017,670.0,386.0,819.0,32.017,3.0,6.78,roster,0,114.0,80.0,1.6522,82.44,7.579,0.8,1.3274,3.5625,68.64,14.76,0.0,19.04,20.475
2024-04-29 23:00:00,23,41,41,4.0,12.0,23.0,2.0,0.0,1.0,14,12,18,0,18,0,33.017,725.5,321.0,879.0,33.017,3.0,6.78,roster,0,141.0,102.5,2.1364,104.01,9.6118,1.025,1.7699,3.439,87.94,15.63,0.0,20.44,21.975
2024-04-30 00:00:00,0,33,33,4.0,10.0,16.0,3.0,0.0,1.0,5,4,19,0,19,0,34.017,781.0,375.0,939.0,34.017,3.0,6.78,roster,0,114.0,82.5,1.8095,89.11,4.8881,0.825,0.59,3.4545,70.78,16.5,0.0,21.83,23.475
2024-04-30 01:00:00,1,35,35,4.0,9.0,18.0,4.0,0.0,1.0,10,8,20,0,20,0,35.017,786.5,435.0,999.0,35.017,3.0,6.78,roster,0,118.0,87.5,1.9667,95.67,6.9281,0.875,1.1799,3.3714,75.08,17.37,0.0,23.23,24.975
2024-04-30 02:00:00,2,34,34,4.0,10.0,15.0,5.0,0.0,1.0,4,3,20,0,20,0,36.017,846.5,495.0,1059.0,36.017,3.0,6.78,roster,0,115.0,85.0,1.9167,94.92,4.3716,0.85,0.4425,3.3824,72.93,17.37,0.0,24.62,26.475
2024-04-30 03:00:00,3,36,36,3.0,11.0,19.0,3.0,0.0,1.0,8,8,20,1,21,1,37.017,852.0,483.0,1074.0,37.017,3.0,6.78,roster,0,122.0,90.0,2.1404,113.82,7.0487,0.9,1.1799,3.3889,77.22,18.23,13.4,24.97,26.85
2024-04-30 04:00:00,4,35,35,3.0,11.0,18.0,2.0,1.0,1.0,5,3,20,1,21,1,38.017,912.0,543.0,1134.0,38.017,3.0,6.78,roster,0,118.0,87.5,2.0702,113.07,4.4418,0.875,0.4425,3.3714,75.08,18.23,13.4,26.37,28.35
2024-04-30 05:00:00,5,32,32,3.0,12.0,16.0,1.0,0.0,1.0,4,3,21,1,22,1,39.017,954.0,538.0,1194.0,39.017,3.0,6.78,roster,0,113.0,80.0,2.0926,108.9,4.3875,0.8,0.4425,3.5312,68.64,19.1,13.4,27.76,29.85
2024-04-30 06:00:00,6,31,31,3.0,10.0,17.0,1.0,0.0,1.0,1,1,24,0,24,0,40.017,931.0,491.0,1254.0,40.017,3.0,6.78,roster,0,108.0,77.5,2.25,96.49,3.2138,0.775,0.1475,3.4839,66.5,20.84,0.0,29.16,31.35
2024-04-30 07:00:00,7,31,31,3.0,10.0,17.0,1.0,0.0,1.0,2,1,25,0,25,0,41.017,926.0,487.0,1263.0,41.017,3.0,6.78,roster,0,108.0,77.5,2.4,97.57,3.2138,0.775,0.1475,3.4839,66.5,21.71,0.0,29.36,31.575
2024-04-30 08:00:00,8,32,32,3.0,9.0,19.0,1.0,0.0,1.0,3,3,25,0,25,0,42.017,986.0,547.0,1323.0,42.017,3.0,7.51,roster,0,110.0,80.0,2.4444,101.11,4.1232,0.8,0.3995,3.4375,68.64,21.71,0.0,30.76,33.075
2024-04-30 09:00:00,9,35,35,4.0,8.0,22.0,1.0,0.0,1.0,9,9,20,0,20,0,36.567,879.0,589.0,1330.0,34.483,3.0,7.51,roster,0,120.0,87.5,2.0,103.36,7.1088,0.875,1.1984,3.4286,75.08,17.37,0.0,30.92,33.25
2024-04-30 10:00:00,10,39,39,4.0,9.0,25.0,1.0,0.0,1.0,7,7,21,1,22,1,37.567,870.5,315.0,1272.0,35.483,4.0,10.85,roster,0,133.0,97.5,1.8472,125.73,5.5252,0.975,0.6452,3.4103,83.66,19.1,13.4,29.57,31.8
2024-04-30 11:00:00,11,37,37,2.0,8.0,26.0,1.0,0.0,1.0,10,9,17,1,18,1,36.433,718.0,149.0,1041.0,36.433,4.0,10.85,roster,0,122.0,92.5,1.3864,112.6,5.7851,0.925,0.8295,3.2973,79.36,15.63,13.4,24.2,26.025
2024-04-30 12:00:00,12,37,37,2.0,8.0,27.0,0.0,0.0,1.0,8,8,19,1,20,1,37.433,344.5,139.0,1095.0,37.433,4.0,10.85,roster,0,123.0,92.5,1.5375,115.59,5.5261,0.925,0.7373,3.3243,79.36,17.37,13.4,25.46,27.375
2024-04-30 13:00:00,13,41,41,2.0,10.0,28.0,1.0,0.0,1.0,8,8,20,0,20,0,23.6,245.0,156.0,847.0,23.6,4.0,10.85,roster,0,136.0,102.5,1.7,105.0,5.8458,1.025,0.7373,3.3171,87.94,17.37,0.0,19.69,21.175
2024-04-30 14:00:00,14,40,40,1.0,10.0,26.0,3.0,0.0,1.0,10,10,18,0,18,0,22.667,221.5,125.0,374.0,22.433,4.0,10.85,roster,0,129.0,100.0,1.4659,90.13,6.1974,1.0,0.9217,3.225,85.8,15.63,0.0,8.7,9.35
2024-04-30 15:00:00,15,39,39,1.0,7.0,28.0,3.0,0.0,1.0,9,10,16,0,16,0,23.667,263.5,181.0,368.0,16.117,4.0,10.85,roster,0,123.0,97.5,1.2812,86.1,5.9818,0.975,0.9217,3.1538,83.66,13.89,0.0,8.56,9.2
2024-04-30 16:00:00,16,36,36,0.0,7.0,25.0,4.0,0.0,1.0,7,5,15,1,16,1,24.667,243.0,196.0,347.0,11.25,4.0,10.85,roster,0,111.0,90.0,1.1562,92.58,4.1959,0.9,0.4608,3.0833,77.22,13.89,13.4,8.07,8.675
2024-04-30 17:00:00,17,31,31,0.0,8.0,18.0,5.0,0.0,1.0,6,5,14,1,15,1,25.667,305.0,238.0,407.0,12.25,4.0,10.85,roster,0,96.0,77.5,0.96,82.38,3.8271,0.775,0.4608,3.0968,66.5,13.02,13.4,9.46,10.175
2024-04-30 18:00:00,18,32,32,2.0,9.0,16.0,5.0,0.0,1.0,6,7,14,0,14,0,26.667,366.5,228.0,467.0,13.25,4.0,10.85,roster,0,104.0,80.0,1.0,71.65,4.6968,0.8,0.6452,3.25,68.64,12.16,0.0,10.86,11.675
2024-04-30 19:00:00,19,30,30,2.0,10.0,16.0,2.0,0.0,1.0,8,8,15,1,16,1,27.667,379.0,125.0,527.0,14.25,4.0,10.85,roster,0,102.0,75.0,1.0625,83.9,5.0569,0.75,0.7373,3.4,64.35,13.89,13.4,12.25,13.175
2024-04-30 20:00:00,20,36,36,4.0,10.0,19.0,2.0,1.0,1.0,7,7,18,1,19,1,28.667,418.0,131.0,576.0,15.25,4.0,9.84,roster,0,122.0,90.0,1.4524,100.51,5.4608,0.9,0.7114,3.3889,77.22,16.5,13.4,13.39,14.4
2024-04-30 21:00:00,21,38,38,2.0,9.0,25.0,1.0,1.0,1.0,11,10,18,1,19,1,29.667,478.0,173.0,636.0,16.25,4.0,9.84,roster,0,124.0,95.0,1.4762,106.19,6.4162,0.95,1.0163,3.2632,81.51,16.5,13.4,14.79,15.9
2024-04-30 22:00:00,22,42,42,3.0,9.0,26.0,3.0,1.0,1.0,14,14,17,1,18,1,30.667,503.0,233.0,671.0,17.25,3.0,6.5,roster,0,136.0,105.0,2.0606,114.72,10.3744,1.05,2.1538,3.2381,90.09,15.63,13.4,15.6,16.775
2024-04-30 23:00:00,23,41,41,2.0,9.0,22.0,7.0,1.0,1.0,15,12,16,1,17,1,31.667,365.0,272.0,711.0,18.25,3.0,6.5,roster,0,127.0,102.5,1.8406,112.64,8.8936,1.025,1.8462,3.0976,87.94,14.76,13.4,16.53,17.775
