ts,hour,total,census,l1,l2,l3,l4,l5,tri_coverage,arrivals,arrival_present_1h,waitBed,waitICU,D_board,resus,maxLOS_h,awt_curr_min,board_q1_min,board_q3_min,board_max_h,Na,cap_sum,cap_source,src_gap,acuity,OCCUPANCY,EDWIN,NEDOCS,READI,READI_BR,READI_PR,READI_AR,NEDOCS_t_total,NEDOCS_t_board,NEDOCS_t_resus,NEDOCS_t_longest_admit,NEDOCS_E_h
2024-08-01 00:00:00,0,39,39,1.0,7.0,31.0,0.0,0.0,1.0,6,5,28,0,28,0,53.483,933.5,559.0,1864.0,53.483,3.0,6.95,roster,0,126.0,97.5,3.5,131.31,5.4743,0.975,0.7194,3.2308,83.66,24.31,0.0,43.34,46.6
2024-08-01 01:00:00,1,37,37,1.0,8.0,27.0,1.0,0.0,1.0,5,3,27,0,27,0,54.483,998.0,619.0,1924.0,54.483,3.0,6.95,roster,0,120.0,92.5,3.0769,127.54,4.4,0.925,0.4317,3.2432,79.36,23.44,0.0,44.73,48.1
2024-08-01 02:00:00,2,36,36,1.0,7.0,27.0,1.0,0.0,1.0,6,5,27,0,27,0,55.483,1058.0,679.0,1984.0,55.483,3.0,6.95,roster,0,116.0,90.0,2.9744,126.79,5.2181,0.9,0.7194,3.2222,77.22,23.44,0.0,46.13,49.6
2024-08-01 03:00:00,3,32,32,1.0,6.0,25.0,0.0,0.0,1.0,4,2,26,0,26,0,56.483,1139.5,747.0,2044.0,56.483,3.0,6.95,roster,0,104.0,80.0,2.4762,118.74,3.5353,0.8,0.2878,3.25,68.64,22.58,0.0,47.52,51.1
2024-08-01 04:00:00,4,33,33,1.0,6.0,26.0,0.0,0.0,1.0,2,2,26,0,26,0,57.483,1199.5,807.0,2104.0,57.483,3.0,6.95,roster,0,107.0,82.5,2.5476,122.28,3.6081,0.825,0.2878,3.2424,70.78,22.58,0.0,48.92,52.6
2024-08-01 05:00:00,5,32,32,1.0,7.0,24.0,0.0,0.0,1.0,1,1,26,0,26,0,58.483,1259.5,867.0,2164.0,58.483,3.0,6.95,roster,0,105.0,80.0,2.5,121.53,3.0971,0.8,0.1439,3.2812,68.64,22.58,0.0,50.31,54.1
2024-08-01 06:00:00,6,31,31,1.0,7.0,23.0,0.0,0.0,1.0,1,1,27,0,27,0,59.483,1298.0,919.0,2224.0,59.483,3.0,6.95,roster,0,102.0,77.5,2.6154,121.65,3.0234,0.775,0.1439,3.2903,66.5,23.44,0.0,51.71,55.6
2024-08-01 07:00:00,7,32,32,1.0,7.0,23.0,1.0,0.0,1.0,3,3,26,0,26,0,60.483,1379.5,979.0,2284.0,60.483,3.0,6.95,roster,0,104.0,80.0,2.4762,124.32,4.0029,0.8,0.4317,3.25,68.64,22.58,0.0,53.1,57.1
2024-08-01 08:00:00,8,34,34,1.0,8.0,25.0,0.0,0.0,1.0,5,4,27,0,27,0,61.483,1418.0,1010.0,2344.0,61.483,3.0,6.43,roster,0,112.0,85.0,2.8718,130.87,4.8492,0.85,0.6221,3.2941,72.93,23.44,0.0,54.5,58.6
2024-08-01 09:00:00,9,41,41,2.0,9.0,29.0,1.0,0.0,1.0,9,9,27,0,27,0,62.483,1469.0,870.0,2356.0,62.483,3.0,6.43,roster,0,135.0,102.5,3.4615,146.17,7.9837,1.025,1.3997,3.2927,87.94,23.44,0.0,54.78,58.9
2024-08-01 10:00:00,10,46,46,2.0,9.0,33.0,2.0,0.0,1.0,10,10,28,0,28,0,57.633,1446.0,869.0,2368.0,57.633,4.0,9.75,roster,0,149.0,115.0,3.1042,158.04,7.0472,1.15,1.0256,3.2391,98.67,24.31,0.0,55.06,59.2
2024-08-01 11:00:00,11,48,48,2.0,8.0,36.0,2.0,0.0,1.0,9,9,27,0,27,0,48.917,1227.0,268.0,2273.0,48.917,4.0,9.75,roster,0,154.0,120.0,2.9615,159.25,6.8115,1.2,0.9231,3.2083,102.96,23.44,0.0,52.85,56.825
2024-08-01 12:00:00,12,47,47,2.0,10.0,34.0,1.0,0.0,1.0,9,9,25,0,25,0,49.917,1250.0,265.0,1701.0,49.917,4.0,9.75,roster,0,154.0,117.5,2.5667,142.07,6.8745,1.175,0.9231,3.2766,100.82,21.71,0.0,39.55,42.525
2024-08-01 13:00:00,13,48,48,3.0,12.0,30.0,3.0,0.0,1.0,11,11,28,0,28,0,50.917,1079.5,265.0,1761.0,50.917,4.0,9.75,roster,0,159.0,120.0,3.3125,148.22,7.7122,1.2,1.1282,3.3125,102.96,24.31,0.0,40.94,44.025
2024-08-01 14:00:00,14,40,40,1.0,9.0,27.0,3.0,0.0,1.0,5,5,24,1,25,1,51.917,574.0,205.0,1407.0,51.917,4.0,9.75,roster,0,128.0,100.0,2.1333,133.62,4.841,1.0,0.5128,3.2,85.8,21.71,13.4,32.71,35.175
2024-08-01 15:00:00,15,42,42,1.0,11.0,27.0,3.0,0.0,1.0,9,9,24,1,25,1,52.917,634.0,265.0,1467.0,52.917,4.0,9.75,roster,0,136.0,105.0,2.2667,139.31,6.389,1.05,0.9231,3.2381,90.09,21.71,13.4,34.11,36.675
2024-08-01 16:00:00,16,42,42,3.0,12.0,24.0,3.0,0.0,1.0,7,7,24,2,26,2,42.883,451.5,237.0,1490.0,42.883,4.0,9.75,roster,0,141.0,105.0,2.5179,154.11,5.9353,1.05,0.7179,3.3571,90.09,22.58,26.8,34.64,37.25
2024-08-01 17:00:00,17,39,39,3.0,10.0,23.0,3.0,0.0,1.0,5,4,24,1,25,1,43.883,518.0,297.0,1550.0,43.883,4.0,9.75,roster,0,130.0,97.5,2.1667,134.8,4.6175,0.975,0.4103,3.3333,83.66,21.71,13.4,36.04,38.75
2024-08-01 18:00:00,18,43,43,3.0,11.0,22.0,5.0,2.0,1.0,9,7,25,1,26,1,44.883,571.5,311.0,1610.0,44.883,4.0,9.75,roster,0,137.0,107.5,2.4464,145.64,5.7124,1.075,0.7179,3.186,92.24,22.58,13.4,37.43,40.25
2024-08-01 19:00:00,19,46,46,3.0,14.0,22.0,4.0,3.0,1.0,9,8,27,1,28,1,45.883,618.0,364.0,1670.0,45.883,4.0,9.75,roster,0,148.0,115.0,3.0833,155.21,6.3399,1.15,0.8205,3.2174,98.67,24.31,13.4,38.83,41.75
2024-08-01 20:00:00,20,42,42,3.0,13.0,18.0,5.0,3.0,1.0,2,2,26,1,27,1,46.883,685.0,345.0,1730.0,46.883,4.0,11.71,roster,0,134.0,105.0,2.5769,147.16,3.8949,1.05,0.1708,3.1905,90.09,23.44,13.4,40.22,43.25
2024-08-01 21:00:00,21,50,50,3.0,12.0,23.0,9.0,3.0,1.0,12,10,26,1,27,1,47.883,745.0,405.0,1790.0,47.883,4.0,11.71,roster,0,153.0,125.0,2.9423,165.71,6.4382,1.25,0.854,3.06,107.25,23.44,13.4,41.62,44.75
2024-08-01 22:00:00,22,43,43,3.0,11.0,19.0,7.0,3.0,1.0,6,6,24,1,25,1,48.883,744.0,465.0,1589.0,48.883,3.0,8.39,roster,0,133.0,107.5,2.9556,144.29,5.5369,1.075,0.7151,3.093,92.24,21.71,13.4,36.94,39.725
2024-08-01 23:00:00,23,44,44,3.0,10.0,21.0,9.0,1.0,1.0,7,8,23,2,25,2,49.883,804.0,505.0,1649.0,49.883,3.0,8.39,roster,0,137.0,110.0,3.0444,161.23,6.3939,1.1,0.9535,3.1136,94.38,21.71,26.8,38.34,41.225
2024-08-02 00:00:00,0,42,42,2.0,10.0,20.0,9.0,1.0,1.0,5,5,24,1,25,1,50.883,864.0,565.0,1709.0,50.883,3.0,8.39,roster,0,129.0,105.0,2.8667,144.93,5.0554,1.05,0.5959,3.0714,90.09,21.71,13.4,39.73,42.725
2024-08-02 01:00:00,1,45,45,2.0,10.0,25.0,7.0,1.0,1.0,6,6,24,2,26,2,51.883,894.5,570.0,1769.0,51.883,3.0,8.39,roster,0,140.0,112.5,3.3333,167.03,5.7249,1.125,0.7151,3.1111,96.52,22.58,26.8,41.13,44.225
2024-08-02 02:00:00,2,46,46,2.0,11.0,25.0,7.0,1.0,1.0,7,7,24,1,25,1,52.883,984.0,685.0,1829.0,52.883,3.0,8.39,roster,0,144.0,115.0,3.2,156.3,6.2118,1.15,0.8343,3.1304,98.67,21.71,13.4,42.52,45.725
2024-08-02 03:00:00,3,45,45,3.0,11.0,24.0,6.0,1.0,1.0,4,4,25,1,26,1,53.883,1014.5,690.0,1889.0,53.883,3.0,8.39,roster,0,144.0,112.5,3.4286,156.42,5.1256,1.125,0.4768,3.2,96.52,22.58,13.4,43.92,47.225
2024-08-02 04:00:00,4,43,43,3.0,11.0,22.0,6.0,1.0,1.0,1,1,25,1,26,1,54.883,1074.5,750.0,1949.0,54.883,3.0,8.39,roster,0,138.0,107.5,3.2857,153.53,3.8325,1.075,0.1192,3.2093,92.24,22.58,13.4,45.31,48.725
2024-08-02 05:00:00,5,43,43,3.0,11.0,22.0,6.0,1.0,1.0,1,1,25,1,26,1,55.883,1134.5,810.0,2009.0,55.883,3.0,8.39,roster,0,138.0,107.5,3.2857,154.92,3.8325,1.075,0.1192,3.2093,92.24,22.58,13.4,46.71,50.225
2024-08-02 06:00:00,6,42,42,3.0,12.0,21.0,5.0,1.0,1.0,2,2,25,1,26,1,56.883,1194.5,870.0,2069.0,56.883,3.0,8.39,roster,0,137.0,105.0,3.2619,154.17,4.2026,1.05,0.2384,3.2619,90.09,22.58,13.4,48.1,51.725
2024-08-02 07:00:00,7,44,44,3.0,14.0,21.0,5.0,1.0,1.0,5,5,26,1,27,1,57.883,1225.0,868.0,2129.0,57.883,3.0,8.39,roster,0,145.0,110.0,3.7179,160.72,5.5889,1.1,0.5959,3.2955,94.38,23.44,13.4,49.5,53.225
2024-08-02 08:00:00,8,43,43,3.0,14.0,21.0,5.0,0.0,1.0,4,4,26,2,28,2,58.883,1243.5,928.0,2189.0,58.883,3.0,7.03,roster,0,144.0,107.5,4.0,174.24,5.5055,1.075,0.569,3.3488,92.24,24.31,26.8,50.89,54.725
2024-08-02 09:00:00,9,45,45,4.0,11.0,25.0,5.0,0.0,1.0,5,5,25,3,28,3,59.883,1236.5,729.0,2079.0,59.883,3.0,7.03,roster,0,149.0,112.5,4.1389,189.37,6.08,1.125,0.7112,3.3111,96.52,24.31,40.2,48.34,51.975
2024-08-02 10:00:00,10,51,51,3.0,13.0,30.0,5.0,0.0,1.0,11,11,25,3,28,3,50.35,1267.5,694.0,1774.0,50.35,4.0,10.12,roster,0,167.0,127.5,3.4792,195.15,7.7342,1.275,1.087,3.2745,109.39,24.31,40.2,41.25,44.35
2024-08-02 11:00:00,11,55,55,2.0,13.0,31.0,9.0,0.0,1.0,13,13,23,3,26,3,51.35,1235.0,542.0,1598.0,51.35,4.0,10.12,roster,0,173.0,137.5,3.0893,197.9,8.3656,1.375,1.2846,3.1455,117.98,22.58,40.2,37.15,39.95
2024-08-02 12:00:00,12,50,50,2.0,12.0,26.0,10.0,0.0,1.0,9,8,22,5,27,5,52.35,814.0,160.0,1584.0,52.35,4.0,10.12,roster,0,156.0,125.0,3.0,214.52,6.3664,1.25,0.7905,3.12,107.25,23.44,67.0,36.83,39.6
2024-08-02 13:00:00,13,47,47,2.0,12.0,23.0,10.0,0.0,1.0,7,6,21,5,26,5,38.65,630.0,168.0,1365.0,38.65,4.0,10.12,roster,0,147.0,117.5,2.625,202.13,5.5293,1.175,0.5929,3.1277,100.82,22.58,67.0,31.74,34.125
2024-08-02 14:00:00,14,47,47,1.0,10.0,27.0,9.0,0.0,1.0,11,11,17,5,22,5,29.633,342.5,214.0,966.0,29.633,4.0,10.12,roster,0,144.0,117.5,2.0,189.38,6.9302,1.175,1.087,3.0638,100.82,19.1,67.0,22.46,24.15
2024-08-02 15:00:00,15,46,46,1.0,8.0,29.0,8.0,0.0,1.0,7,7,20,5,25,5,30.633,340.0,255.0,994.0,30.633,4.0,10.12,roster,0,140.0,115.0,2.3333,190.49,5.6052,1.15,0.6917,3.0435,98.67,21.71,67.0,23.11,24.85
2024-08-02 16:00:00,16,42,42,3.0,5.0,28.0,6.0,0.0,1.0,10,10,18,3,21,3,31.417,348.0,257.0,965.0,31.417,4.0,10.12,roster,0,131.0,105.0,1.7237,150.96,6.3571,1.05,0.9881,3.119,90.09,18.23,40.2,22.44,24.125
2024-08-02 17:00:00,17,45,45,3.0,5.0,32.0,5.0,0.0,1.0,10,10,19,4,23,4,32.417,401.0,229.0,1025.0,32.417,4.0,10.12,roster,0,141.0,112.5,2.0735,173.93,6.6212,1.125,0.9881,3.1333,96.52,19.97,53.6,23.83,25.625
2024-08-02 18:00:00,18,47,47,4.0,4.0,34.0,5.0,0.0,1.0,8,9,22,4,26,4,33.417,440.5,146.0,554.0,33.417,4.0,10.12,roster,0,148.0,117.5,2.6429,169.87,6.5004,1.175,0.8893,3.1489,100.82,22.58,53.6,12.88,13.85
2024-08-02 19:00:00,19,38,38,3.0,4.0,27.0,4.0,0.0,1.0,4,5,19,3,22,3,28.75,427.0,196.0,580.0,28.75,4.0,10.12,roster,0,120.0,95.0,1.6667,134.3,4.5602,0.95,0.4941,3.1579,81.51,19.1,40.2,13.49,14.5
2024-08-02 20:00:00,20,39,39,2.0,4.0,28.0,5.0,0.0,1.0,10,7,20,3,23,3,29.75,419.0,251.0,640.0,29.75,4.0,10.84,roster,0,120.0,97.5,1.7647,138.71,4.9869,0.975,0.6458,3.0769,83.66,19.97,40.2,14.88,16.0
2024-08-02 21:00:00,21,38,38,3.0,4.0,28.0,3.0,0.0,1.0,8,7,18,3,21,3,30.75,479.0,311.0,700.0,30.75,4.0,10.84,roster,0,121.0,95.0,1.5921,136.22,5.0812,0.95,0.6458,3.1842,81.51,18.23,40.2,16.28,17.5
2024-08-02 22:00:00,22,46,46,3.0,5.0,35.0,3.0,0.0,1.0,15,15,19,3,22,3,31.75,519.0,335.0,760.0,31.75,3.0,7.75,roster,0,146.0,115.0,2.7037,155.64,9.7931,1.15,1.9355,3.1739,98.67,19.1,40.2,17.67,19.0
2024-08-02 23:00:00,23,50,50,3.0,5.0,38.0,4.0,0.0,1.0,10,11,21,3,24,3,32.75,474.0,360.0,796.0,32.75,3.0,7.75,roster,0,157.0,125.0,3.2708,166.8,8.3818,1.25,1.4194,3.14,107.25,20.84,40.2,18.51,19.9
2024-08-03 00:00:00,0,51,51,3.0,6.0,38.0,4.0,0.0,1.0,12,12,25,3,28,3,33.75,482.5,186.0,821.0,33.75,3.0,7.75,roster,0,161.0,127.5,4.4722,173.0,8.913,1.275,1.5484,3.1569,109.39,24.31,40.2,19.09,20.525
2024-08-03 01:00:00,1,53,53,3.0,6.0,37.0,7.0,0.0,1.0,12,11,24,3,27,3,34.75,551.0,246.0,881.0,34.75,3.0,7.75,roster,0,164.0,132.5,4.2051,177.81,8.492,1.325,1.4194,3.0943,113.68,23.44,40.2,20.48,22.025
2024-08-03 02:00:00,2,43,43,3.0,6.0,31.0,3.0,0.0,1.0,5,5,25,2,27,2,35.75,594.0,295.0,915.0,35.75,3.0,7.75,roster,0,138.0,107.5,3.5385,143.75,5.5205,1.075,0.6452,3.2093,92.24,23.44,26.8,21.27,22.875
2024-08-03 03:00:00,3,40,40,3.0,7.0,27.0,3.0,0.0,1.0,4,3,25,2,27,2,36.75,654.0,355.0,975.0,36.75,3.0,7.75,roster,0,130.0,100.0,3.3333,138.71,4.5081,1.0,0.3871,3.25,85.8,23.44,26.8,22.67,24.375
2024-08-03 04:00:00,4,36,36,3.0,7.0,24.0,2.0,0.0,1.0,0,0,26,2,28,2,37.75,704.5,415.0,1035.0,37.75,3.0,7.75,roster,0,119.0,90.0,3.3056,132.4,2.975,0.9,0.0,3.3056,77.22,24.31,26.8,24.06,25.875
2024-08-03 05:00:00,5,38,38,3.0,7.0,26.0,2.0,0.0,1.0,2,2,26,2,28,2,38.75,764.5,475.0,1095.0,38.75,3.0,7.75,roster,0,125.0,95.0,3.4722,138.08,3.9739,0.95,0.2581,3.2895,81.51,24.31,26.8,25.46,27.375
2024-08-03 06:00:00,6,39,39,3.0,7.0,25.0,4.0,0.0,1.0,3,3,26,2,28,2,39.75,824.5,535.0,1155.0,39.75,3.0,7.75,roster,0,126.0,97.5,3.5,141.62,4.4006,0.975,0.3871,3.2308,83.66,24.31,26.8,26.85,28.875
2024-08-03 07:00:00,7,35,35,3.0,7.0,23.0,2.0,0.0,1.0,2,2,26,2,28,2,40.75,884.5,595.0,1215.0,40.75,3.0,7.75,roster,0,116.0,87.5,3.2222,134.44,3.7553,0.875,0.2581,3.3143,75.08,24.31,26.8,28.25,30.375
2024-08-03 08:00:00,8,38,38,3.0,8.0,25.0,2.0,0.0,1.0,4,4,27,2,29,2,41.75,935.0,643.0,1139.0,41.75,3.0,7.21,roster,0,126.0,95.0,3.8182,139.97,4.9896,0.95,0.5548,3.3158,81.51,25.18,26.8,26.48,28.475
2024-08-03 09:00:00,9,36,36,3.0,6.0,23.0,4.0,0.0,1.0,3,3,24,2,26,2,42.75,1022.5,681.0,1335.0,42.75,3.0,7.21,roster,0,116.0,90.0,2.7619,137.63,4.2407,0.9,0.4161,3.2222,77.22,22.58,26.8,31.04,33.375
2024-08-03 10:00:00,10,38,38,2.0,6.0,24.0,6.0,0.0,1.0,6,6,22,2,24,2,43.75,1098.5,763.0,1421.0,43.75,4.0,10.67,roster,0,118.0,95.0,1.8438,142.19,4.6962,0.95,0.5623,3.1053,81.51,20.84,26.8,33.04,35.525
2024-08-03 11:00:00,11,38,38,2.0,7.0,25.0,4.0,0.0,1.0,8,8,21,2,23,2,44.75,1151.0,801.0,1455.0,44.75,4.0,10.67,roster,0,121.0,95.0,1.7794,142.11,5.4124,0.95,0.7498,3.1842,81.51,19.97,26.8,33.83,36.375
2024-08-03 12:00:00,12,40,40,1.0,8.0,24.0,7.0,0.0,1.0,13,11,21,2,23,2,45.75,1171.0,716.0,1379.0,45.75,4.0,10.67,roster,0,123.0,100.0,1.8088,144.63,6.2451,1.0,1.0309,3.075,85.8,19.97,26.8,32.06,34.475
2024-08-03 13:00:00,13,42,42,1.0,7.0,31.0,2.0,1.0,1.0,13,12,19,2,21,2,39.1,943.0,650.0,1286.0,39.1,4.0,10.67,roster,0,131.0,105.0,1.7237,145.02,6.7828,1.05,1.1246,3.119,90.09,18.23,26.8,29.9,32.15
2024-08-03 14:00:00,14,35,35,1.0,5.0,27.0,2.0,0.0,1.0,6,5,21,1,22,1,40.1,965.5,200.0,1314.0,40.1,4.0,10.67,roster,0,110.0,87.5,1.5278,118.13,4.2228,0.875,0.4686,3.1429,75.08,19.1,13.4,30.55,32.85
2024-08-03 15:00:00,15,26,26,0.0,6.0,18.0,2.0,0.0,1.0,7,6,15,0,15,0,41.1,963.0,255.0,1351.0,41.1,4.0,10.67,roster,0,82.0,65.0,0.82,80.21,3.8235,0.65,0.5623,3.1538,55.77,13.02,0.0,31.41,33.775
2024-08-03 16:00:00,16,33,33,0.0,8.0,23.0,2.0,0.0,1.0,13,11,15,0,15,0,42.1,1023.0,285.0,1411.0,42.1,4.0,10.67,roster,0,105.0,82.5,1.05,96.62,5.9052,0.825,1.0309,3.1818,70.78,13.02,0.0,32.81,35.275
2024-08-03 17:00:00,17,37,37,0.0,7.0,28.0,2.0,0.0,1.0,8,8,21,0,21,0,43.1,375.0,114.0,1161.0,43.1,4.0,10.67,roster,0,116.0,92.5,1.5263,104.59,5.2506,0.925,0.7498,3.1351,79.36,18.23,0.0,26.99,29.025
2024-08-03 18:00:00,18,35,35,0.0,8.0,27.0,0.0,0.0,1.0,8,6,22,0,22,0,44.1,375.5,159.0,1190.0,44.1,4.0,10.67,roster,0,113.0,87.5,1.5694,101.85,4.6405,0.875,0.5623,3.2286,75.08,19.1,0.0,27.67,29.75
2024-08-03 19:00:00,19,43,43,0.0,8.0,34.0,1.0,0.0,1.0,14,12,23,0,23,0,45.1,406.0,212.0,1250.0,45.1,4.0,10.67,roster,0,136.0,107.5,2.0,121.27,6.957,1.075,1.1246,3.1628,92.24,19.97,0.0,29.06,31.25
2024-08-03 20:00:00,20,36,36,0.0,8.0,28.0,0.0,0.0,1.0,8,7,21,0,21,0,46.1,308.0,265.0,1263.0,46.1,4.0,10.57,roster,0,116.0,90.0,1.5263,104.82,5.0339,0.9,0.6623,3.2222,77.22,18.23,0.0,29.36,31.575
2024-08-03 21:00:00,21,36,36,1.0,8.0,27.0,0.0,0.0,1.0,9,8,21,0,21,0,47.1,368.0,287.0,1323.0,47.1,4.0,10.57,roster,0,118.0,90.0,1.5526,106.21,5.4308,0.9,0.7569,3.2778,77.22,18.23,0.0,30.76,33.075
2024-08-03 22:00:00,22,48,48,2.0,8.0,34.0,3.0,1.0,1.0,16,15,23,1,24,1,48.1,408.5,289.0,1383.0,48.1,3.0,7.11,roster,0,151.0,120.0,3.1458,149.35,10.4118,1.2,2.1097,3.1458,102.96,20.84,13.4,32.15,34.575
2024-08-03 23:00:00,23,50,50,2.0,9.0,33.0,5.0,1.0,1.0,9,9,25,1,26,1,49.1,426.0,163.0,820.0,49.1,3.0,7.11,roster,0,156.0,125.0,3.7143,142.29,7.8494,1.25,1.2658,3.12,107.25,22.58,13.4,19.07,20.5
2024-08-04 00:00:00,0,49,49,2.0,9.0,34.0,4.0,0.0,1.0,5,5,27,1,28,1,50.1,460.0,218.0,880.0,50.1,3.0,7.11,roster,0,156.0,122.5,4.3333,143.28,6.1389,1.225,0.7032,3.1837,105.1,24.31,13.4,20.46,22.0
2024-08-04 01:00:00,1,47,47,2.0,8.0,34.0,3.0,0.0,1.0,4,4,27,1,28,1,51.1,520.0,278.0,940.0,51.1,3.0,7.11,roster,0,150.0,117.5,4.1667,140.38,5.5455,1.175,0.5626,3.1915,100.82,24.31,13.4,21.86,23.5
2024-08-04 02:00:00,2,40,40,2.0,8.0,29.0,1.0,0.0,1.0,1,1,25,1,26,1,52.1,580.0,338.0,1000.0,52.1,3.0,7.11,roster,0,131.0,100.0,3.119,125.03,3.7356,1.0,0.1406,3.275,85.8,22.58,13.4,23.25,25.0
2024-08-04 03:00:00,3,41,41,2.0,8.0,30.0,1.0,0.0,1.0,6,6,24,1,25,1,53.1,647.0,403.0,1060.0,53.1,3.0,7.11,roster,0,134.0,102.5,2.9778,127.7,6.1081,1.025,0.8439,3.2683,87.94,21.71,13.4,24.64,26.5
2024-08-04 04:00:00,4,42,42,2.0,8.0,31.0,1.0,0.0,1.0,4,4,24,1,25,1,54.1,707.0,463.0,1120.0,54.1,3.0,7.11,roster,0,137.0,105.0,3.0444,131.24,5.2601,1.05,0.5626,3.2619,90.09,21.71,13.4,26.04,28.0
2024-08-04 05:00:00,5,42,42,2.0,8.0,31.0,1.0,0.0,1.0,2,2,25,1,26,1,55.1,760.0,518.0,1180.0,55.1,3.0,7.11,roster,0,137.0,105.0,3.2619,133.5,4.3426,1.05,0.2813,3.2619,90.09,22.58,13.4,27.44,29.5
2024-08-04 06:00:00,6,38,38,2.0,8.0,27.0,1.0,0.0,1.0,2,1,24,1,25,1,56.1,827.0,583.0,1240.0,56.1,3.0,7.11,roster,0,125.0,95.0,2.7778,125.45,3.5877,0.95,0.1406,3.2895,81.51,21.71,13.4,28.83,31.0
2024-08-04 07:00:00,7,40,40,2.0,9.0,28.0,1.0,0.0,1.0,3,3,24,2,26,2,57.1,880.0,638.0,1300.0,57.1,3.0,7.11,roster,0,132.0,100.0,3.1429,145.4,4.6924,1.0,0.4219,3.3,85.8,22.58,26.8,30.22,32.5
2024-08-04 08:00:00,8,42,42,3.0,8.0,30.0,1.0,0.0,1.0,6,5,24,2,26,2,58.1,940.0,698.0,1360.0,58.1,3.0,7.74,roster,0,139.0,105.0,3.3095,151.09,5.6129,1.05,0.646,3.3095,90.09,22.58,26.8,31.62,34.0
2024-08-04 09:00:00,9,42,42,4.0,7.0,29.0,2.0,0.0,1.0,6,5,24,3,27,3,59.1,949.0,707.0,1335.0,59.1,3.0,7.74,roster,0,139.0,105.0,3.5641,164.77,5.6129,1.05,0.646,3.3095,90.09,23.44,40.2,31.04,33.375
2024-08-04 10:00:00,10,47,47,4.0,8.0,33.0,2.0,0.0,1.0,11,9,24,3,27,3,60.1,1009.0,756.0,1395.0,60.1,4.0,11.08,roster,0,155.0,117.5,2.9808,176.89,6.5538,1.175,0.8123,3.2979,100.82,23.44,40.2,32.43,34.875
2024-08-04 11:00:00,11,51,51,3.0,8.0,38.0,2.0,0.0,1.0,10,10,26,3,29,3,61.1,932.0,313.0,1194.0,61.1,4.0,11.08,roster,0,165.0,127.5,3.75,182.54,7.0449,1.275,0.9025,3.2353,109.39,25.18,40.2,27.76,29.85
2024-08-04 12:00:00,12,51,51,3.0,8.0,36.0,4.0,0.0,1.0,11,8,26,3,29,3,62.1,992.0,373.0,1254.0,62.1,4.0,11.08,roster,0,163.0,127.5,3.7045,183.93,6.3826,1.275,0.722,3.1961,109.39,25.18,40.2,29.16,31.35
2024-08-04 13:00:00,13,46,46,3.0,8.0,33.0,2.0,0.0,1.0,6,4,27,3,30,3,63.1,1041.0,345.0,1314.0,63.1,4.0,11.08,roster,0,150.0,115.0,3.75,175.47,4.9272,1.15,0.361,3.2609,98.67,26.05,40.2,30.55,32.85
2024-08-04 14:00:00,14,51,51,3.0,9.0,37.0,2.0,0.0,1.0,11,9,29,3,32,3,64.1,1076.5,372.0,1374.0,64.1,4.0,11.08,roster,0,166.0,127.5,5.1875,189.33,6.7939,1.275,0.8123,3.2549,109.39,27.79,40.2,31.95,34.35
2024-08-04 15:00:00,15,60,60,3.0,9.0,47.0,1.0,0.0,1.0,15,15,31,3,34,3,65.1,1120.5,359.0,1423.0,65.1,4.0,11.08,roster,0,194.0,150.0,8.0833,211.51,9.2273,1.5,1.3538,3.2333,128.7,29.52,40.2,33.08,35.575
2024-08-04 16:00:00,16,52,52,2.0,8.0,41.0,1.0,0.0,1.0,7,5,32,2,34,2,66.1,1180.5,416.0,1483.0,66.1,4.0,11.08,roster,0,167.0,130.0,6.9583,182.34,5.6243,1.3,0.4513,3.2115,111.54,29.52,26.8,34.48,37.075
2024-08-04 17:00:00,17,51,51,2.0,8.0,38.0,3.0,0.0,1.0,7,7,31,2,33,2,67.1,1243.0,479.0,1543.0,67.1,4.0,11.08,roster,0,162.0,127.5,5.7857,180.72,6.0568,1.275,0.6318,3.1765,109.39,28.65,26.8,35.87,38.575
2024-08-04 18:00:00,18,47,47,2.0,9.0,36.0,0.0,0.0,1.0,6,5,31,2,33,2,68.1,1303.0,539.0,1603.0,68.1,4.0,11.08,roster,0,154.0,117.5,5.5,173.54,5.3286,1.175,0.4513,3.2766,100.82,28.65,26.8,37.27,40.075
2024-08-04 19:00:00,19,51,51,2.0,11.0,35.0,3.0,0.0,1.0,12,11,29,2,31,2,69.1,1363.0,596.0,1663.0,69.1,4.0,11.08,roster,0,165.0,127.5,4.5833,181.78,7.3369,1.275,0.9928,3.2353,109.39,26.92,26.8,38.66,41.575
2024-08-04 20:00:00,20,49,49,2.0,12.0,30.0,5.0,0.0,1.0,4,4,32,2,34,2,70.1,1063.5,478.0,1705.0,70.1,4.0,10.65,roster,0,158.0,122.5,6.5833,181.07,5.1611,1.225,0.3756,3.2245,105.1,29.52,26.8,39.64,42.625
2024-08-04 21:00:00,21,50,50,2.0,13.0,31.0,4.0,0.0,1.0,8,5,31,2,33,2,71.1,1334.0,538.0,1765.0,71.1,4.0,10.65,roster,0,163.0,125.0,5.8214,183.74,5.6055,1.25,0.4695,3.26,107.25,28.65,26.8,41.04,44.125
2024-08-04 22:00:00,22,50,50,2.0,13.0,32.0,3.0,0.0,1.0,6,6,31,2,33,2,72.1,1394.0,598.0,1825.0,72.1,3.0,7.31,roster,0,164.0,125.0,7.8095,185.14,6.7922,1.25,0.8208,3.28,107.25,28.65,26.8,42.43,45.625
2024-08-04 23:00:00,23,47,47,2.0,13.0,31.0,1.0,0.0,1.0,3,3,31,2,33,2,73.1,1454.0,658.0,1885.0,73.1,3.0,7.31,roster,0,157.0,117.5,7.4762,180.1,5.2959,1.175,0.4104,3.3404,100.82,28.65,26.8,43.83,47.125
2024-08-05 00:00:00,0,47,47,2.0,12.0,32.0,1.0,0.0,1.0,7,5,31,2,33,2,74.1,1514.0,718.0,1945.0,74.1,3.0,7.31,roster,0,156.0,117.5,7.4286,181.49,6.1703,1.175,0.684,3.3191,100.82,28.65,26.8,45.22,48.625
2024-08-05 01:00:00,1,51,51,2.0,13.0,35.0,1.0,0.0,1.0,7,5,31,2,33,2,75.1,1574.0,778.0,2005.0,75.1,3.0,7.31,roster,0,169.0,127.5,8.0476,191.47,6.4916,1.275,0.684,3.3137,109.39,28.65,26.8,46.62,50.125
2024-08-05 02:00:00,2,45,45,2.0,12.0,31.0,0.0,0.0,1.0,3,2,32,2,34,2,76.1,1423.5,779.0,2065.0,76.1,3.0,7.31,roster,0,151.0,112.5,8.3889,180.86,4.6931,1.125,0.2736,3.3556,96.52,29.52,26.8,48.01,51.625
2024-08-05 03:00:00,3,47,47,2.0,12.0,33.0,0.0,0.0,1.0,3,3,33,2,35,2,77.1,1273.0,803.0,2125.0,77.1,3.0,7.31,roster,0,157.0,117.5,10.4667,187.41,5.2959,1.175,0.4104,3.3404,100.82,30.39,26.8,49.41,53.125
2024-08-05 04:00:00,4,49,49,2.0,12.0,35.0,0.0,0.0,1.0,5,5,33,2,35,2,78.1,1245.0,835.0,2185.0,78.1,3.0,7.31,roster,0,163.0,122.5,10.8667,193.1,6.3503,1.225,0.684,3.3265,105.1,30.39,26.8,50.8,54.625
2024-08-05 05:00:00,5,51,51,2.0,13.0,36.0,0.0,0.0,1.0,3,3,33,2,35,2,79.1,1305.0,895.0,2245.0,79.1,3.0,7.31,roster,0,170.0,127.5,11.3333,198.78,5.618,1.275,0.4104,3.3333,109.39,30.39,26.8,52.2,56.125
2024-08-05 06:00:00,6,50,50,2.0,13.0,35.0,0.0,0.0,1.0,3,3,34,2,36,2,80.1,1348.5,955.0,2305.0,80.1,3.0,7.31,roster,0,167.0,125.0,13.9167,198.9,5.5457,1.25,0.4104,3.34,107.25,31.26,26.8,53.59,57.625
2024-08-05 07:00:00,7,56,56,2.0,14.0,40.0,0.0,0.0,1.0,9,9,34,2,36,2,81.1,1408.5,1015.0,2365.0,81.1,3.0,7.31,roster,0,186.0,140.0,15.5,213.17,8.7393,1.4,1.2312,3.3214,120.12,31.26,26.8,54.99,59.125
2024-08-05 08:00:00,8,55,55,2.0,14.0,39.0,0.0,0.0,1.0,3,3,34,2,36,2,82.1,1468.5,1075.0,2425.0,82.1,3.0,6.78,roster,0,183.0,137.5,15.25,212.42,6.0472,1.375,0.4425,3.3273,117.98,31.26,26.8,56.38,60.625
2024-08-05 09:00:00,9,52,52,2.0,14.0,35.0,1.0,0.0,1.0,4,3,33,2,35,2,83.1,1512.0,904.0,2447.0,83.1,3.0,6.78,roster,0,173.0,130.0,11.5333,205.62,5.7971,1.3,0.4425,3.3269,111.54,30.39,26.8,56.89,61.175
2024-08-05 10:00:00,10,57,57,2.0,15.0,40.0,0.0,0.0,1.0,6,6,33,2,35,2,84.1,1572.0,964.0,2507.0,84.1,4.0,10.48,roster,0,190.0,142.5,9.5,217.74,6.6584,1.425,0.5725,3.3333,122.26,30.39,26.8,58.29,62.675
2024-08-05 11:00:00,11,57,57,3.0,16.0,37.0,1.0,0.0,1.0,5,5,34,3,37,3,85.1,1586.0,964.0,2553.0,85.1,4.0,10.48,roster,0,192.0,142.5,16.0,233.95,6.4071,1.425,0.4771,3.3684,122.26,32.13,40.2,59.36,63.825
2024-08-05 12:00:00,12,57,57,3.0,16.0,37.0,1.0,0.0,1.0,5,4,31,4,35,4,86.1,1619.0,933.0,2613.0,86.1,4.0,10.48,roster,0,192.0,142.5,9.6,247.01,6.0857,1.425,0.3817,3.3684,122.26,30.39,53.6,60.75,65.325
2024-08-05 13:00:00,13,59,59,3.0,16.0,39.0,1.0,0.0,1.0,7,5,30,5,35,5,87.1,1679.0,753.0,2673.0,87.1,4.0,10.48,roster,0,198.0,147.5,9.9,266.09,6.5511,1.475,0.4771,3.3559,126.56,30.39,67.0,62.15,66.825
2024-08-05 14:00:00,14,61,61,3.0,16.0,41.0,1.0,0.0,1.0,5,5,29,5,34,5,88.1,1713.5,813.0,2733.0,88.1,4.0,10.48,roster,0,204.0,152.5,8.5,270.91,6.6955,1.525,0.4771,3.3443,130.84,29.52,67.0,63.54,68.325
2024-08-05 15:00:00,15,61,61,3.0,16.0,41.0,1.0,0.0,1.0,8,8,29,5,34,5,89.1,1679.0,625.0,2650.0,89.1,4.0,10.48,roster,0,204.0,152.5,8.5,268.98,7.6529,1.525,0.7634,3.3443,130.84,29.52,67.0,61.61,66.25
2024-08-05 16:00:00,16,61,61,3.0,14.0,43.0,1.0,0.0,1.0,10,8,27,4,31,4,90.1,1678.0,685.0,2650.0,90.1,4.0,10.48,roster,0,202.0,152.5,5.6111,252.98,7.5778,1.525,0.7634,3.3115,130.84,26.92,53.6,61.61,66.25
2024-08-05 17:00:00,17,65,65,3.0,14.0,45.0,3.0,0.0,1.0,9,9,30,3,33,3,91.1,1679.0,567.0,2534.0,91.1,4.0,10.48,roster,0,212.0,162.5,7.5714,247.19,8.1009,1.625,0.8588,3.2615,139.42,28.65,40.2,58.92,63.35
2024-08-05 18:00:00,18,56,56,3.0,13.0,40.0,0.0,0.0,1.0,6,5,29,3,32,3,92.1,1721.0,627.0,2594.0,92.1,4.0,10.48,roster,0,187.0,140.0,5.8438,228.42,6.2682,1.4,0.4771,3.3393,120.12,27.79,40.2,60.31,64.85
2024-08-05 19:00:00,19,54,54,3.0,14.0,37.0,0.0,0.0,1.0,4,5,30,3,33,3,93.1,1763.0,598.0,2145.0,93.1,4.0,10.48,roster,0,182.0,135.0,6.5,214.56,6.158,1.35,0.4771,3.3704,115.83,28.65,40.2,49.87,53.625
2024-08-05 20:00:00,20,53,53,2.0,15.0,36.0,0.0,0.0,1.0,8,8,31,2,33,2,94.1,1823.0,658.0,2205.0,94.1,4.0,10.95,roster,0,178.0,132.5,6.3571,200.41,6.9037,1.325,0.7306,3.3585,113.68,28.65,26.8,51.27,55.125
2024-08-05 21:00:00,21,63,63,2.0,13.0,43.0,5.0,0.0,1.0,14,13,33,2,35,2,95.1,1606.0,420.0,2265.0,95.1,4.0,10.95,roster,0,201.0,157.5,10.05,224.99,8.8128,1.575,1.1872,3.1905,135.14,30.39,26.8,52.66,56.625
2024-08-05 22:00:00,22,67,67,2.0,15.0,45.0,5.0,0.0,1.0,10,10,34,2,36,2,96.1,1599.5,480.0,2325.0,96.1,3.0,7.25,roster,0,215.0,167.5,17.9167,235.83,9.8011,1.675,1.3793,3.209,143.72,31.26,26.8,54.06,58.125
2024-08-05 23:00:00,23,68,68,2.0,15.0,45.0,5.0,1.0,1.0,7,7,37,1,38,1,97.1,1473.0,425.0,2352.0,97.1,3.0,7.25,roster,0,216.0,170.0,36.0,226.94,8.4669,1.7,0.9655,3.1765,145.86,33.0,13.4,54.68,58.8
2024-08-06 00:00:00,0,62,62,2.0,15.0,43.0,1.0,1.0,1.0,6,6,38,1,39,1,98.1,1413.0,322.0,2412.0,98.1,3.0,7.25,roster,0,202.0,155.0,67.3333,216.33,7.7463,1.55,0.8276,3.2581,132.99,33.86,13.4,56.08,60.3
2024-08-06 01:00:00,1,67,67,2.0,16.0,45.0,3.0,1.0,1.0,7,6,38,1,39,1,99.1,1473.0,382.0,2472.0,99.1,3.0,7.25,roster,0,216.0,167.5,72.0,228.45,8.068,1.675,0.8276,3.2239,143.72,33.86,13.4,57.47,61.8
2024-08-06 02:00:00,2,60,60,2.0,16.0,41.0,1.0,0.0,1.0,3,2,38,1,39,1,100.1,1533.0,442.0,2532.0,100.1,3.0,7.25,roster,0,199.0,150.0,66.3333,214.83,5.8899,1.5,0.2759,3.3167,128.7,33.86,13.4,58.87,63.3
2024-08-06 03:00:00,3,59,59,2.0,16.0,40.0,1.0,0.0,1.0,4,2,38,1,39,1,101.1,1593.0,502.0,2592.0,101.1,3.0,7.25,roster,0,196.0,147.5,65.3333,214.08,5.8164,1.475,0.2759,3.322,126.56,33.86,13.4,60.26,64.8
2024-08-06 04:00:00,4,55,55,2.0,15.0,38.0,0.0,0.0,1.0,1,1,38,1,39,1,102.1,1653.0,562.0,2652.0,102.1,3.0,7.25,roster,0,184.0,137.5,61.3333,206.9,5.0614,1.375,0.1379,3.3455,117.98,33.86,13.4,61.66,66.3
2024-08-06 05:00:00,5,59,59,2.0,17.0,40.0,0.0,0.0,1.0,5,4,38,1,39,1,103.1,1713.0,622.0,2712.0,103.1,3.0,7.25,roster,0,198.0,147.5,66.0,216.87,6.8015,1.475,0.5517,3.3559,126.56,33.86,13.4,63.05,67.8
2024-08-06 06:00:00,6,61,61,2.0,18.0,40.0,1.0,0.0,1.0,4,4,39,1,40,1,104.1,1649.0,682.0,2772.0,104.1,3.0,7.25,roster,0,204.0,152.5,68.0,223.43,6.9451,1.525,0.5517,3.3443,130.84,34.73,13.4,64.45,69.3
2024-08-06 07:00:00,7,61,61,2.0,18.0,41.0,0.0,0.0,1.0,4,3,38,1,39,1,105.1,1833.0,742.0,2832.0,105.1,3.0,7.25,roster,0,205.0,152.5,68.3333,223.95,6.5156,1.525,0.4138,3.3607,130.84,33.86,13.4,65.84,70.8
2024-08-06 08:00:00,8,59,59,2.0,14.0,42.0,1.0,0.0,1.0,4,3,39,1,40,1,106.1,1769.0,802.0,2892.0,106.1,3.0,6.3,roster,0,194.0,147.5,64.6667,221.93,6.4158,1.475,0.4762,3.2881,126.56,34.73,13.4,67.24,72.3
2024-08-06 09:00:00,9,56,56,2.0,14.0,39.0,1.0,0.0,1.0,2,1,40,1,41,1,107.1,1705.0,833.0,2906.0,107.1,3.0,6.3,roster,0,185.0,140.0,61.6667,216.69,5.1494,1.4,0.1587,3.3036,120.12,35.6,13.4,67.56,72.65
2024-08-06 10:00:00,10,56,56,2.0,14.0,39.0,1.0,0.0,1.0,4,4,37,1,38,1,108.1,2133.0,922.0,3012.0,108.1,4.0,9.62,roster,0,185.0,140.0,23.125,216.54,5.9986,1.4,0.4158,3.3036,120.12,33.0,13.4,70.03,75.3
2024-08-06 11:00:00,11,60,60,2.0,14.0,43.0,1.0,0.0,1.0,9,8,36,2,38,2,109.1,1949.0,953.0,3072.0,109.1,4.0,9.62,roster,0,197.0,150.0,24.625,239.92,7.6554,1.5,0.8316,3.2833,128.7,33.0,26.8,71.42,76.8
2024-08-06 12:00:00,12,62,62,2.0,15.0,43.0,2.0,0.0,1.0,9,9,34,2,36,2,110.1,1796.0,1013.0,3132.0,110.1,4.0,9.62,roster,0,203.0,155.0,12.6875,243.87,8.1382,1.55,0.9356,3.2742,132.99,31.26,26.8,72.82,78.3
2024-08-06 13:00:00,13,69,69,2.0,15.0,47.0,4.0,1.0,1.0,10,10,34,2,36,2,111.1,1656.0,914.0,3192.0,111.1,4.0,9.62,roster,0,220.0,172.5,13.75,260.28,8.8144,1.725,1.0395,3.1884,148.0,31.26,26.8,74.21,79.8
2024-08-06 14:00:00,14,66,66,1.0,14.0,48.0,2.0,1.0,1.0,9,10,30,1,31,1,112.1,1457.0,953.0,3179.0,112.1,4.0,9.62,roster,0,210.0,165.0,5.8333,235.8,8.5575,1.65,1.0395,3.1818,141.57,26.92,13.4,73.91,79.475
2024-08-06 15:00:00,15,66,66,1.0,15.0,49.0,1.0,0.0,1.0,6,6,32,2,34,2,113.1,1448.5,536.0,3058.0,113.1,4.0,9.62,roster,0,214.0,165.0,8.9167,248.99,7.3723,1.65,0.6237,3.2424,141.57,29.52,26.8,71.1,76.45
2024-08-06 16:00:00,16,62,62,1.0,13.0,46.0,2.0,0.0,1.0,3,3,34,2,36,2,114.1,1315.5,320.0,3023.0,114.1,4.0,9.62,roster,0,199.0,155.0,12.4375,241.33,5.9759,1.55,0.3119,3.2097,132.99,31.26,26.8,70.28,75.575
2024-08-06 17:00:00,17,60,60,1.0,12.0,46.0,1.0,0.0,1.0,5,5,34,3,37,3,115.1,1342.0,311.0,2433.0,115.1,4.0,9.62,roster,0,193.0,150.0,16.0833,237.59,6.4969,1.5,0.5198,3.2167,128.7,32.13,40.2,56.57,60.825
2024-08-06 18:00:00,18,58,58,1.0,10.0,47.0,0.0,0.0,1.0,7,7,33,2,35,2,73.55,1402.0,371.0,2493.0,73.55,4.0,9.62,roster,0,186.0,145.0,9.3,219.56,6.9835,1.45,0.7277,3.2069,124.41,30.39,26.8,57.96,62.325
2024-08-06 19:00:00,19,55,55,0.0,10.0,45.0,0.0,0.0,1.0,4,4,33,1,34,1,74.55,1495.5,500.0,2553.0,74.55,4.0,9.62,roster,0,175.0,137.5,7.2917,200.25,5.698,1.375,0.4158,3.1818,117.98,29.52,13.4,59.36,63.825
2024-08-06 20:00:00,20,59,59,0.0,10.0,49.0,0.0,0.0,1.0,8,8,33,1,34,1,75.55,1555.5,560.0,2613.0,75.55,4.0,11.06,roster,0,187.0,147.5,7.7917,210.23,6.9676,1.475,0.7233,3.1695,126.56,29.52,13.4,60.75,65.325
2024-08-06 21:00:00,21,70,70,1.0,12.0,56.0,1.0,0.0,1.0,15,15,37,1,38,1,76.55,1533.5,473.0,2425.0,76.55,4.0,11.06,roster,0,223.0,175.0,27.875,232.93,9.8956,1.75,1.3562,3.1857,150.15,33.0,13.4,56.38,60.625
2024-08-06 22:00:00,22,73,73,0.0,11.0,62.0,0.0,0.0,1.0,11,12,40,1,41,1,77.55,1454.0,507.0,2307.0,77.55,3.0,7.74,roster,0,230.0,182.5,76.6667,239.22,10.6348,1.825,1.5504,3.1507,156.58,35.6,13.4,53.64,57.675
2024-08-06 23:00:00,23,74,74,0.0,12.0,62.0,0.0,0.0,1.0,9,8,43,1,44,1,78.55,1296.5,486.0,2367.0,78.55,3.0,7.74,roster,0,234.0,185.0,78.0,245.37,9.1184,1.85,1.0336,3.1622,158.73,38.21,13.4,55.03,59.175
2024-08-07 00:00:00,0,69,69,0.0,12.0,57.0,0.0,0.0,1.0,6,6,43,1,44,1,79.55,1356.5,394.0,2427.0,79.55,3.0,7.74,roster,0,219.0,172.5,73.0,236.04,7.9354,1.725,0.7752,3.1739,148.0,38.21,13.4,56.43,60.675
2024-08-07 01:00:00,1,70,70,0.0,12.0,58.0,0.0,0.0,1.0,6,6,44,1,45,1,80.55,1220.0,344.0,2398.0,80.55,3.0,7.74,roster,0,222.0,175.0,74.0,238.38,8.0085,1.75,0.7752,3.1714,150.15,39.07,13.4,55.75,59.95
2024-08-07 02:00:00,2,59,59,0.0,12.0,47.0,0.0,0.0,1.0,0,0,44,1,45,1,81.55,1280.0,404.0,2458.0,81.55,3.0,7.74,roster,0,189.0,147.5,63.0,216.18,4.725,1.475,0.0,3.2034,126.56,39.07,13.4,57.15,61.45
2024-08-07 03:00:00,3,59,59,0.0,12.0,47.0,0.0,0.0,1.0,1,0,44,1,45,1,82.55,1340.0,464.0,2518.0,82.55,3.0,7.74,roster,0,189.0,147.5,63.0,217.57,4.725,1.475,0.0,3.2034,126.56,39.07,13.4,58.54,62.95
2024-08-07 04:00:00,4,60,60,0.0,12.0,48.0,0.0,0.0,1.0,2,2,44,1,45,1,83.55,1400.0,524.0,2578.0,83.55,3.0,7.74,roster,0,192.0,150.0,64.0,221.11,5.6269,1.5,0.2584,3.2,128.7,39.07,13.4,59.94,64.45
2024-08-07 05:00:00,5,61,61,0.0,12.0,48.0,1.0,0.0,1.0,3,3,43,1,44,1,84.55,1656.5,584.0,2727.0,84.55,3.0,7.74,roster,0,194.0,152.5,64.6667,225.85,6.0827,1.525,0.3876,3.1803,130.84,38.21,13.4,63.4,68.175
2024-08-07 06:00:00,6,60,60,0.0,12.0,48.0,0.0,0.0,1.0,3,3,43,1,44,1,85.55,1716.5,644.0,2787.0,85.55,3.0,7.74,roster,0,192.0,150.0,64.0,225.1,6.0403,1.5,0.3876,3.2,128.7,38.21,13.4,64.8,69.675
2024-08-07 07:00:00,7,60,60,0.0,13.0,47.0,0.0,0.0,1.0,2,2,43,1,44,1,86.55,1776.5,704.0,2847.0,86.55,3.0,7.74,roster,0,193.0,150.0,64.3333,226.5,5.6562,1.5,0.2584,3.2167,128.7,38.21,13.4,66.19,71.175
2024-08-07 08:00:00,8,59,59,0.0,13.0,46.0,0.0,0.0,1.0,3,3,44,1,45,1,87.55,1640.0,741.0,2818.0,87.55,3.0,6.67,roster,0,190.0,147.5,63.3333,224.55,6.1984,1.475,0.4498,3.2203,126.56,39.07,13.4,65.52,70.45
2024-08-07 09:00:00,9,62,62,0.0,13.0,49.0,0.0,0.0,1.0,8,7,42,1,43,1,88.55,2093.0,790.0,2967.0,88.55,3.0,6.67,roster,0,199.0,155.0,66.3333,232.71,8.3435,1.55,1.0495,3.2097,132.99,37.34,13.4,68.98,74.175
2024-08-07 10:00:00,10,64,64,0.0,14.0,49.0,1.0,0.0,1.0,8,8,39,1,40,1,89.55,2234.0,850.0,3205.0,89.55,4.0,10.01,roster,0,205.0,160.0,51.25,239.93,7.6849,1.6,0.7992,3.2031,137.28,34.73,13.4,74.52,80.125
2024-08-07 11:00:00,11,63,63,1.0,17.0,44.0,1.0,0.0,1.0,7,7,36,1,37,1,90.55,2213.0,904.0,2998.0,90.55,4.0,10.01,roster,0,207.0,157.5,17.25,230.37,7.4727,1.575,0.6993,3.2857,135.14,32.13,13.4,69.7,74.95
2024-08-07 12:00:00,12,56,56,0.0,16.0,38.0,2.0,0.0,1.0,7,6,33,1,34,1,89.167,2034.5,946.0,3014.0,89.167,4.0,10.01,roster,0,182.0,140.0,7.5833,213.12,6.4981,1.4,0.5994,3.25,120.12,29.52,13.4,70.08,75.35
2024-08-07 13:00:00,13,50,50,0.0,15.0,35.0,0.0,0.0,1.0,2,2,31,1,32,1,90.167,2094.5,1024.0,3207.0,90.167,4.0,10.01,roster,0,165.0,125.0,5.1562,203.0,4.7843,1.25,0.1998,3.3,107.25,27.79,13.4,74.56,80.175
2024-08-07 14:00:00,14,50,50,0.0,14.0,36.0,0.0,0.0,1.0,11,8,30,1,31,1,91.167,1640.0,1051.0,2897.0,91.167,4.0,10.01,roster,0,164.0,125.0,4.5556,194.92,6.7214,1.25,0.7992,3.28,107.25,26.92,13.4,67.36,72.425
2024-08-07 15:00:00,15,51,51,0.0,14.0,37.0,0.0,0.0,1.0,7,7,30,1,31,1,92.167,1700.0,1111.0,2957.0,92.167,4.0,10.01,roster,0,167.0,127.5,4.6389,198.46,6.4649,1.275,0.6993,3.2745,109.39,26.92,13.4,68.75,73.925
2024-08-07 16:00:00,16,50,50,0.0,14.0,36.0,0.0,0.0,1.0,7,7,29,1,30,1,93.167,1725.5,1171.0,3017.0,93.167,4.0,10.01,roster,0,164.0,125.0,4.1,196.84,6.3937,1.25,0.6993,3.28,107.25,26.05,13.4,70.15,75.425
2024-08-07 17:00:00,17,52,52,0.0,14.0,38.0,0.0,0.0,1.0,6,6,29,1,30,1,94.167,1749.5,1189.0,2849.0,94.167,4.0,10.01,roster,0,170.0,130.0,4.25,197.23,6.2096,1.3,0.5994,3.2692,111.54,26.05,13.4,66.24,71.225
2024-08-07 18:00:00,18,49,49,0.0,15.0,34.0,0.0,0.0,1.0,6,6,30,1,31,1,95.167,1808.0,1235.0,2909.0,95.167,4.0,10.01,roster,0,162.0,122.5,4.5,193.06,6.0317,1.225,0.5994,3.3061,105.1,26.92,13.4,67.63,72.725
2024-08-07 19:00:00,19,45,45,0.0,15.0,30.0,0.0,0.0,1.0,5,5,30,1,31,1,96.167,1868.0,1295.0,2969.0,96.167,4.0,10.01,roster,0,150.0,112.5,4.1667,185.87,5.415,1.125,0.4995,3.3333,96.52,26.92,13.4,69.03,74.225
2024-08-07 20:00:00,20,49,49,0.0,14.0,33.0,2.0,0.0,1.0,9,9,30,1,31,1,97.167,1928.0,1355.0,3029.0,97.167,4.0,11.67,roster,0,159.0,122.5,4.4167,195.85,6.4775,1.225,0.7712,3.2449,105.1,26.92,13.4,70.42,75.725
2024-08-07 21:00:00,21,53,53,0.0,15.0,35.0,3.0,0.0,1.0,8,9,31,2,33,2,83.983,1887.0,1342.0,2993.0,83.983,4.0,11.67,roster,0,171.0,132.5,6.1071,218.73,6.7632,1.325,0.7712,3.2264,113.68,28.65,26.8,69.59,74.825
2024-08-07 22:00:00,22,56,56,0.0,16.0,38.0,2.0,0.0,1.0,10,9,30,3,33,3,84.983,1947.0,1402.0,3053.0,84.983,3.0,8.33,roster,0,182.0,140.0,8.6667,239.96,8.0614,1.4,1.0804,3.25,120.12,28.65,40.2,70.98,76.325
2024-08-07 23:00:00,23,55,55,0.0,14.0,38.0,3.0,0.0,1.0,7,5,30,2,32,2,85.983,2015.0,1514.0,3142.0,85.983,3.0,8.33,roster,0,176.0,137.5,7.3333,225.61,6.3208,1.375,0.6002,3.2,117.98,27.79,26.8,73.05,78.55
2024-08-08 00:00:00,0,50,50,0.0,14.0,34.0,2.0,0.0,1.0,6,6,30,2,32,2,86.983,2075.0,1574.0,3202.0,86.983,3.0,8.33,roster,0,162.0,125.0,6.75,216.28,6.3837,1.25,0.7203,3.24,107.25,27.79,26.8,74.45,80.05
2024-08-08 01:00:00,1,49,49,1.0,14.0,31.0,3.0,0.0,1.0,5,4,30,2,32,2,87.983,2135.0,1634.0,3262.0,87.983,3.0,8.33,roster,0,160.0,122.5,6.6667,215.53,5.568,1.225,0.4802,3.2653,105.1,27.79,26.8,75.84,81.55
2024-08-08 02:00:00,2,49,49,1.0,15.0,31.0,2.0,0.0,1.0,5,4,30,3,33,3,88.983,2187.0,1642.0,3293.0,88.983,3.0,8.33,roster,0,162.0,122.5,7.7143,230.52,5.6376,1.225,0.4802,3.3061,105.1,28.65,40.2,76.56,82.325
2024-08-08 03:00:00,3,48,48,1.0,15.0,32.0,0.0,0.0,1.0,4,3,31,3,34,3,89.983,2055.5,1636.0,3353.0,89.983,3.0,8.33,roster,0,161.0,120.0,8.9444,230.64,5.233,1.2,0.3601,3.3542,102.96,29.52,40.2,77.96,83.825
2024-08-08 04:00:00,4,50,50,1.0,15.0,34.0,0.0,0.0,1.0,4,4,31,3,34,3,90.983,2115.5,1696.0,3413.0,90.983,3.0,8.33,roster,0,167.0,125.0,9.2778,236.32,5.7788,1.25,0.4802,3.34,107.25,29.52,40.2,79.35,85.325
2024-08-08 05:00:00,5,49,49,1.0,14.0,34.0,0.0,0.0,1.0,1,1,31,3,34,3,91.983,2175.5,1756.0,3473.0,91.983,3.0,8.33,roster,0,163.0,122.5,9.0556,235.57,4.4743,1.225,0.12,3.3265,105.1,29.52,40.2,80.75,86.825
2024-08-08 06:00:00,6,48,48,2.0,14.0,32.0,0.0,0.0,1.0,4,4,31,2,33,2,92.983,2427.0,1882.0,3533.0,92.983,3.0,8.33,roster,0,162.0,120.0,7.7143,220.56,5.6706,1.2,0.4802,3.375,102.96,28.65,26.8,82.14,88.325
2024-08-08 07:00:00,7,48,48,2.0,14.0,29.0,3.0,0.0,1.0,5,5,32,3,35,3,93.983,2104.0,1089.0,3593.0,93.983,3.0,8.33,roster,0,159.0,120.0,10.6,237.09,5.9633,1.2,0.6002,3.3125,102.96,30.39,40.2,83.54,89.825
2024-08-08 08:00:00,8,49,49,2.0,14.0,30.0,3.0,0.0,1.0,4,4,33,4,37,4,94.983,2146.0,993.0,3473.0,94.983,3.0,6.59,roster,0,162.0,122.5,18.0,251.58,6.0568,1.225,0.607,3.3061,105.1,32.13,53.6,80.75,86.825
2024-08-08 09:00:00,9,48,48,2.0,13.0,31.0,2.0,0.0,1.0,4,4,33,4,37,4,95.983,2195.0,960.0,3533.0,95.983,3.0,6.59,roster,0,159.0,120.0,17.6667,250.83,5.9856,1.2,0.607,3.3125,102.96,32.13,53.6,82.14,88.325
2024-08-08 10:00:00,10,45,45,2.0,10.0,32.0,1.0,0.0,1.0,5,4,31,3,34,3,93.967,2260.5,1113.0,3593.0,93.967,4.0,9.95,roster,0,148.0,112.5,6.1667,229.78,5.0222,1.125,0.402,3.2889,96.52,29.52,40.2,83.54,89.825
2024-08-08 11:00:00,11,43,43,2.0,10.0,29.0,2.0,0.0,1.0,2,2,30,3,33,3,93.383,2311.0,1080.0,3176.0,93.383,4.0,9.95,roster,0,141.0,107.5,5.0357,214.93,4.1841,1.075,0.201,3.2791,92.24,28.65,40.2,73.84,79.4
2024-08-08 12:00:00,12,49,49,2.0,7.0,37.0,2.0,1.0,1.0,12,12,27,2,29,2,86.9,2315.0,718.0,2891.0,83.55,4.0,9.95,roster,0,154.0,122.5,3.5,204.3,7.6404,1.225,1.206,3.1429,105.1,25.18,26.8,67.22,72.275
2024-08-08 13:00:00,13,46,46,2.0,6.0,36.0,2.0,0.0,1.0,5,5,28,2,30,2,87.9,2295.0,455.0,2951.0,84.55,4.0,9.95,roster,0,146.0,115.0,3.65,200.13,5.2449,1.15,0.5025,3.1739,98.67,26.05,26.8,68.61,73.775
2024-08-08 14:00:00,14,42,42,2.0,6.0,33.0,1.0,0.0,1.0,5,5,28,2,30,2,88.9,2355.0,515.0,3011.0,85.55,4.0,9.95,roster,0,135.0,105.0,3.375,192.94,4.9902,1.05,0.5025,3.2143,90.09,26.05,26.8,70.01,75.275
2024-08-08 15:00:00,15,45,45,2.0,8.0,34.0,1.0,0.0,1.0,7,7,30,1,31,1,89.9,2356.0,462.0,3071.0,86.55,4.0,9.95,roster,0,146.0,112.5,4.0556,188.24,5.9325,1.125,0.7035,3.2444,96.52,26.92,13.4,71.4,76.775
2024-08-08 16:00:00,16,50,50,1.0,9.0,37.0,3.0,0.0,1.0,8,8,32,0,32,0,90.9,2022.5,494.0,3131.0,87.55,4.0,9.95,roster,0,158.0,125.0,4.9375,187.83,6.4907,1.25,0.804,3.16,107.25,27.79,0.0,72.8,78.275
2024-08-08 17:00:00,17,55,55,1.0,9.0,38.0,6.0,1.0,1.0,10,10,32,0,32,0,91.9,2082.5,448.0,3191.0,88.55,4.0,9.95,roster,0,168.0,137.5,5.25,199.95,7.2699,1.375,1.005,3.0545,117.98,27.79,0.0,74.19,79.775
2024-08-08 18:00:00,18,50,50,1.0,8.0,37.0,4.0,0.0,1.0,7,7,32,2,34,2,92.9,1546.5,253.0,3147.0,76.283,4.0,9.95,roster,0,156.0,125.0,6.5,216.74,6.095,1.25,0.7035,3.12,107.25,29.52,26.8,73.17,78.675
2024-08-08 19:00:00,19,44,44,1.0,8.0,33.0,2.0,0.0,1.0,3,3,32,2,34,2,73.483,1097.5,247.0,2791.0,73.483,4.0,9.95,roster,0,140.0,110.0,5.8333,195.59,4.4593,1.1,0.3015,3.1818,94.38,29.52,26.8,64.89,69.775
2024-08-08 20:00:00,20,53,53,1.0,10.0,37.0,5.0,0.0,1.0,13,13,30,2,32,2,74.483,1570.5,340.0,2866.0,74.483,4.0,11.24,roster,0,166.0,132.5,5.1875,214.91,7.7725,1.325,1.1566,3.1321,113.68,27.79,26.8,66.63,71.65
2024-08-08 21:00:00,21,56,56,1.0,9.0,40.0,6.0,0.0,1.0,7,8,31,2,33,2,75.483,1581.0,256.0,2911.0,75.483,4.0,11.24,roster,0,173.0,140.0,6.1786,223.25,6.5238,1.4,0.7117,3.0893,120.12,28.65,26.8,67.68,72.775
2024-08-08 22:00:00,22,47,47,0.0,8.0,34.0,5.0,0.0,1.0,5,5,29,1,30,1,76.483,1786.5,460.0,2986.0,76.483,3.0,7.88,roster,0,144.0,117.5,4.8,189.69,5.5441,1.175,0.6345,3.0638,100.82,26.05,13.4,69.42,74.65
2024-08-08 23:00:00,23,45,45,0.0,7.0,32.0,6.0,0.0,1.0,5,4,29,1,30,1,77.483,1846.5,520.0,3046.0,77.483,3.0,7.88,roster,0,136.0,112.5,4.5333,186.79,4.9341,1.125,0.5076,3.0222,96.52,26.05,13.4,70.82,76.15
2024-08-09 00:00:00,0,44,44,0.0,8.0,31.0,5.0,0.0,1.0,5,4,29,1,30,1,78.483,1906.5,580.0,3106.0,78.483,3.0,7.88,roster,0,135.0,110.0,4.5,186.04,4.9325,1.1,0.5076,3.0682,94.38,26.05,13.4,72.21,77.65
2024-08-09 01:00:00,1,46,46,0.0,9.0,33.0,4.0,0.0,1.0,6,5,30,2,32,2,79.483,1870.5,607.0,3166.0,79.483,3.0,7.88,roster,0,143.0,115.0,5.9583,206.87,5.5475,1.15,0.6345,3.1087,98.67,27.79,26.8,73.61,79.15
2024-08-09 02:00:00,2,43,43,0.0,10.0,29.0,4.0,0.0,1.0,2,3,31,1,32,1,80.483,1930.5,667.0,3226.0,80.483,3.0,7.88,roster,0,135.0,107.5,5.625,188.43,4.5703,1.075,0.3807,3.1395,92.24,27.79,13.4,75.0,80.65
2024-08-09 03:00:00,3,42,42,0.0,10.0,28.0,4.0,0.0,1.0,2,1,33,1,34,1,81.483,1577.5,596.0,3271.0,81.483,3.0,7.88,roster,0,132.0,105.0,7.3333,189.06,3.6988,1.05,0.1269,3.1429,90.09,29.52,13.4,76.05,81.775
2024-08-09 04:00:00,4,43,43,0.0,10.0,30.0,3.0,0.0,1.0,3,2,33,1,34,1,82.483,1637.5,656.0,3331.0,82.483,3.0,7.88,roster,0,136.0,107.5,7.5556,192.6,4.2027,1.075,0.2538,3.1628,92.24,29.52,13.4,77.45,83.275
2024-08-09 05:00:00,5,47,47,0.0,11.0,32.0,4.0,0.0,1.0,6,4,33,1,34,1,83.483,1697.5,716.0,3391.0,83.483,3.0,7.88,roster,0,148.0,117.5,8.2222,202.58,5.2984,1.175,0.5076,3.1489,100.82,29.52,13.4,78.84,84.775
2024-08-09 06:00:00,6,48,48,0.0,12.0,33.0,3.0,0.0,1.0,5,5,33,2,35,2,84.483,1394.0,755.0,3451.0,84.483,3.0,7.88,roster,0,153.0,120.0,10.2,220.39,5.8475,1.2,0.6345,3.1875,102.96,30.39,26.8,80.24,86.275
2024-08-09 07:00:00,7,47,47,0.0,12.0,32.0,3.0,0.0,1.0,3,3,34,2,36,2,85.483,1438.0,815.0,3511.0,85.483,3.0,7.88,roster,0,150.0,117.5,12.5,220.5,4.965,1.175,0.3807,3.1915,100.82,31.26,26.8,81.63,87.775
2024-08-09 08:00:00,8,52,52,0.0,11.0,38.0,3.0,0.0,1.0,7,7,34,1,35,1,86.483,1514.0,875.0,3571.0,86.483,3.0,6.58,roster,0,164.0,130.0,10.9333,218.36,7.4552,1.3,1.0638,3.1538,111.54,30.39,13.4,83.03,89.275
2024-08-09 09:00:00,9,52,52,0.0,11.0,38.0,3.0,0.0,1.0,6,5,33,1,34,1,87.483,1937.5,935.0,3631.0,87.483,3.0,6.58,roster,0,164.0,130.0,9.1111,218.88,6.4965,1.3,0.7599,3.1538,111.54,29.52,13.4,84.42,90.775
2024-08-09 10:00:00,10,50,50,0.0,12.0,34.0,4.0,0.0,1.0,6,6,32,1,33,1,88.483,1602.0,887.0,3649.0,88.483,4.0,9.83,roster,0,158.0,125.0,5.6429,214.14,5.8788,1.25,0.6104,3.16,107.25,28.65,13.4,84.84,91.225
2024-08-09 11:00:00,11,47,47,0.0,11.0,33.0,3.0,0.0,1.0,7,8,29,1,30,1,89.483,1464.0,679.0,3709.0,89.483,4.0,9.83,roster,0,149.0,117.5,3.725,206.5,6.305,1.175,0.8138,3.1702,100.82,26.05,13.4,86.23,92.725
2024-08-09 12:00:00,12,55,55,0.0,14.0,36.0,5.0,0.0,1.0,14,14,29,1,30,1,72.183,1139.0,616.0,2580.0,72.183,4.0,9.83,roster,0,174.0,137.5,4.35,197.41,8.8557,1.375,1.4242,3.1636,117.98,26.05,13.4,59.99,64.5
2024-08-09 13:00:00,13,52,52,0.0,15.0,31.0,6.0,0.0,1.0,7,7,32,0,32,0,73.183,738.5,122.0,1814.0,73.183,4.0,9.83,roster,0,165.0,130.0,5.1562,161.5,6.3846,1.3,0.7121,3.1731,111.54,27.79,0.0,42.18,45.35
2024-08-09 14:00:00,14,50,50,0.0,16.0,29.0,5.0,0.0,1.0,7,7,31,1,32,1,74.183,411.0,165.0,1387.0,74.183,4.0,9.83,roster,0,161.0,125.0,5.0312,160.68,6.318,1.25,0.7121,3.22,107.25,27.79,13.4,32.25,34.675
2024-08-09 15:00:00,15,45,45,0.0,14.0,27.0,4.0,0.0,1.0,8,8,26,3,29,3,75.183,242.0,201.0,1187.0,75.183,4.0,9.83,roster,0,145.0,112.5,3.2955,169.5,6.2474,1.125,0.8138,3.2222,96.52,25.18,40.2,27.6,29.675
2024-08-09 16:00:00,16,41,41,0.0,12.0,26.0,3.0,0.0,1.0,9,7,18,3,21,3,67.517,273.0,232.0,856.0,67.517,4.0,9.83,roster,0,132.0,102.5,1.7368,146.28,5.5926,1.025,0.7121,3.2195,87.94,18.23,40.2,19.9,21.4
2024-08-09 17:00:00,17,42,42,0.0,13.0,26.0,3.0,0.0,1.0,3,3,20,3,23,3,68.517,329.0,212.0,916.0,68.517,4.0,9.83,roster,0,136.0,105.0,2.0,151.56,4.3882,1.05,0.3052,3.2381,90.09,19.97,40.2,21.3,22.9
2024-08-09 18:00:00,18,47,47,0.0,13.0,31.0,3.0,0.0,1.0,8,7,22,3,25,3,69.517,387.0,262.0,742.0,69.517,4.0,9.83,roster,0,151.0,117.5,2.5167,159.97,6.0628,1.175,0.7121,3.2128,100.82,21.71,40.2,17.25,18.55
2024-08-09 19:00:00,19,52,52,0.0,12.0,37.0,3.0,0.0,1.0,10,10,25,1,26,1,70.517,444.0,199.0,802.0,70.517,4.0,9.83,roster,0,165.0,130.0,2.9464,146.16,7.353,1.3,1.0173,3.1731,111.54,22.58,13.4,18.65,20.05
2024-08-09 20:00:00,20,49,49,0.0,11.0,36.0,2.0,0.0,1.0,5,4,24,1,25,1,71.517,501.0,259.0,542.0,71.517,4.0,11.01,roster,0,156.0,122.5,2.6,132.81,5.0566,1.225,0.3633,3.1837,105.1,21.71,13.4,12.6,13.55
2024-08-09 21:00:00,21,58,58,0.0,11.0,43.0,4.0,0.0,1.0,13,13,25,1,26,1,72.517,549.5,266.0,602.0,72.517,4.0,11.01,roster,0,181.0,145.0,3.2321,154.38,8.2097,1.45,1.1807,3.1207,124.41,22.58,13.4,14.0,15.05
2024-08-09 22:00:00,22,57,57,0.0,12.0,42.0,3.0,0.0,1.0,9,8,24,1,25,1,73.517,512.0,305.0,637.0,73.517,3.0,7.76,roster,0,180.0,142.5,4.0,152.18,7.7556,1.425,1.0309,3.1579,122.26,21.71,13.4,14.81,15.925
2024-08-09 23:00:00,23,55,55,0.0,12.0,41.0,2.0,0.0,1.0,7,7,23,2,25,2,74.517,562.0,355.0,697.0,74.517,3.0,7.76,roster,0,175.0,137.5,3.8889,162.69,7.2452,1.375,0.9021,3.1818,117.98,21.71,26.8,16.21,17.425
2024-08-10 00:00:00,0,55,55,1.0,12.0,39.0,3.0,0.0,1.0,8,8,23,2,25,2,75.517,622.0,415.0,757.0,75.517,3.0,7.76,roster,0,176.0,137.5,3.9111,164.08,7.699,1.375,1.0309,3.2,117.98,21.71,26.8,17.6,18.925
2024-08-10 01:00:00,1,48,48,1.0,12.0,32.0,3.0,0.0,1.0,2,2,25,3,28,3,76.517,616.0,432.0,817.0,76.517,3.0,7.76,roster,0,155.0,120.0,4.3056,166.47,4.7073,1.2,0.2577,3.2292,102.96,24.31,40.2,19.0,20.425
2024-08-10 02:00:00,2,45,45,0.0,12.0,31.0,2.0,0.0,1.0,3,3,24,2,26,2,77.517,737.5,499.0,877.0,77.517,3.0,7.76,roster,0,145.0,112.5,3.4524,146.29,4.8707,1.125,0.3866,3.2222,96.52,22.58,26.8,20.39,21.925
2024-08-10 03:00:00,3,45,45,0.0,13.0,29.0,3.0,0.0,1.0,6,5,23,2,25,2,78.517,802.0,595.0,937.0,78.517,3.0,7.76,roster,0,145.0,112.5,3.2222,146.82,5.7012,1.125,0.6443,3.2222,96.52,21.71,26.8,21.79,23.425
2024-08-10 04:00:00,4,44,44,0.0,13.0,28.0,2.0,1.0,1.0,3,3,23,2,25,2,79.517,862.0,655.0,997.0,79.517,3.0,7.76,roster,0,141.0,110.0,3.1333,146.07,4.7639,1.1,0.3866,3.2045,94.38,21.71,26.8,23.18,24.925
2024-08-10 05:00:00,5,45,45,1.0,13.0,28.0,3.0,0.0,1.0,3,3,23,2,25,2,80.517,922.0,715.0,1057.0,80.517,3.0,7.76,roster,0,147.0,112.5,3.2667,149.61,4.9379,1.125,0.3866,3.2667,96.52,21.71,26.8,24.58,26.425
2024-08-10 06:00:00,6,43,43,0.0,13.0,27.0,3.0,0.0,1.0,0,0,23,2,25,2,81.517,982.0,775.0,1117.0,81.517,3.0,7.76,roster,0,139.0,107.5,3.0889,146.71,3.475,1.075,0.0,3.2326,92.24,21.71,26.8,25.97,27.925
2024-08-10 07:00:00,7,43,43,0.0,13.0,28.0,2.0,0.0,1.0,3,3,23,2,25,2,82.517,1042.0,835.0,1177.0,82.517,3.0,7.76,roster,0,140.0,107.5,3.1111,148.11,4.7587,1.075,0.3866,3.2558,92.24,21.71,26.8,27.37,29.425
2024-08-10 08:00:00,8,43,43,0.0,12.0,30.0,1.0,0.0,1.0,7,5,23,2,25,2,83.517,1102.0,895.0,1237.0,83.517,3.0,6.5,roster,0,140.0,107.5,3.1111,149.5,6.0045,1.075,0.7692,3.2558,92.24,21.71,26.8,28.76,30.925
2024-08-10 09:00:00,9,38,38,0.0,12.0,26.0,0.0,0.0,1.0,4,3,21,2,23,2,64.0,1153.0,919.0,1293.0,64.0,3.0,6.5,roster,0,126.0,95.0,2.4706,138.34,4.6804,0.95,0.4615,3.3158,81.51,19.97,26.8,30.06,32.325
2024-08-10 10:00:00,10,44,44,0.0,13.0,31.0,0.0,0.0,1.0,8,9,20,2,22,2,65.0,1217.5,979.0,1353.0,65.0,4.0,9.59,roster,0,145.0,110.0,2.0139,151.74,6.7177,1.1,0.9385,3.2955,94.38,19.1,26.8,31.46,33.825
2024-08-10 11:00:00,11,44,44,0.0,10.0,34.0,0.0,0.0,1.0,7,6,19,2,21,2,66.0,1273.0,958.0,1409.0,66.0,4.0,9.59,roster,0,142.0,110.0,1.8684,152.17,5.5691,1.1,0.6257,3.2273,94.38,18.23,26.8,32.76,35.225
2024-08-10 12:00:00,12,38,38,0.0,6.0,32.0,0.0,0.0,1.0,7,7,13,2,15,2,67.0,1135.0,956.0,1352.0,67.0,4.0,9.59,roster,0,120.0,95.0,1.2,132.77,5.305,0.95,0.7299,3.1579,81.51,13.02,26.8,31.43,33.8
2024-08-10 13:00:00,13,40,40,0.0,6.0,32.0,2.0,0.0,1.0,11,11,14,2,16,2,68.0,1177.0,1016.0,1412.0,68.0,4.0,9.59,roster,0,124.0,100.0,1.2917,139.32,6.6558,1.0,1.147,3.1,85.8,13.89,26.8,32.83,35.3
2024-08-10 14:00:00,14,34,34,0.0,6.0,25.0,2.0,1.0,1.0,12,12,6,2,8,2,39.567,1069.5,247.0,1453.0,24.533,4.0,9.59,roster,0,104.0,85.0,0.8125,120.46,6.4275,0.85,1.2513,3.0588,72.93,6.95,26.8,33.78,36.325
2024-08-10 15:00:00,15,33,33,0.0,7.0,25.0,1.0,0.0,1.0,9,10,6,3,9,3,40.567,307.0,75.0,1198.0,25.533,4.0,9.59,roster,0,105.0,82.5,0.8468,126.65,5.9429,0.825,1.0428,3.1818,70.78,7.81,40.2,27.85,29.95
2024-08-10 16:00:00,16,29,29,0.0,5.0,23.0,1.0,0.0,1.0,5,5,6,2,8,2,41.567,133.0,125.0,1121.0,26.217,4.0,9.59,roster,0,91.0,72.5,0.7109,102.01,3.911,0.725,0.5214,3.1379,62.2,6.95,26.8,26.06,28.025
2024-08-10 17:00:00,17,25,25,0.0,3.0,21.0,1.0,0.0,1.0,7,7,5,2,7,2,42.567,191.0,167.0,1181.0,27.217,4.0,9.59,roster,0,77.0,62.5,0.5833,93.96,4.1732,0.625,0.7299,3.08,53.62,6.08,26.8,27.46,29.525
2024-08-10 18:00:00,18,30,30,0.0,5.0,24.0,1.0,0.0,1.0,10,10,6,2,8,2,43.567,248.0,142.0,1241.0,28.217,4.0,9.59,roster,0,94.0,75.0,0.7344,106.95,5.6173,0.75,1.0428,3.1333,64.35,6.95,26.8,28.85,31.025
2024-08-10 19:00:00,19,28,28,0.0,5.0,22.0,1.0,0.0,1.0,9,6,8,2,10,2,44.567,181.0,118.0,311.0,21.683,4.0,9.59,roster,0,88.0,70.0,0.7333,82.77,4.1663,0.7,0.6257,3.1429,60.06,8.68,26.8,7.23,7.775
2024-08-10 20:00:00,20,29,29,0.0,5.0,21.0,3.0,0.0,1.0,12,11,8,1,9,1,45.567,220.0,172.0,371.0,22.683,4.0,9.75,roster,0,89.0,72.5,0.7177,72.05,5.6874,0.725,1.1282,3.069,62.2,7.81,13.4,8.63,9.275
2024-08-10 21:00:00,21,36,36,1.0,5.0,28.0,2.0,0.0,1.0,14,13,9,1,10,1,46.567,259.0,139.0,431.0,23.683,4.0,9.75,roster,0,113.0,90.0,0.9417,89.32,7.0102,0.9,1.3333,3.1389,77.22,8.68,13.4,10.02,10.775
2024-08-10 22:00:00,22,37,37,0.0,6.0,29.0,2.0,0.0,1.0,12,12,9,1,10,1,39.9,255.5,164.0,491.0,24.683,3.0,6.66,roster,0,115.0,92.5,1.2778,92.86,8.4752,0.925,1.8018,3.1081,79.36,8.68,13.4,11.42,12.275
2024-08-10 23:00:00,23,29,29,0.0,6.0,23.0,0.0,0.0,1.0,7,6,9,1,10,1,40.9,308.5,195.0,551.0,25.683,3.0,6.66,roster,0,93.0,72.5,1.0333,77.1,5.2141,0.725,0.9009,3.2069,62.2,8.68,13.4,12.81,13.775
2024-08-11 00:00:00,0,25,25,0.0,6.0,19.0,0.0,0.0,1.0,3,2,11,1,12,1,41.9,301.5,181.0,611.0,26.683,3.0,6.66,roster,0,81.0,62.5,0.9643,71.65,2.998,0.625,0.3003,3.24,53.62,10.42,13.4,14.21,15.275
2024-08-11 01:00:00,1,28,28,1.0,5.0,22.0,0.0,0.0,1.0,8,7,11,1,12,1,42.9,361.5,241.0,671.0,27.683,3.0,6.66,roster,0,91.0,70.0,1.0833,79.48,5.6909,0.7,1.0511,3.25,60.06,10.42,13.4,15.6,16.775
2024-08-11 02:00:00,2,27,27,1.0,5.0,21.0,0.0,0.0,1.0,5,5,11,2,13,2,43.9,404.0,272.0,622.0,28.683,3.0,6.66,roster,0,88.0,67.5,1.0864,90.46,4.6469,0.675,0.7508,3.2593,57.92,11.29,26.8,14.46,15.55
2024-08-11 03:00:00,3,26,26,1.0,5.0,20.0,0.0,0.0,1.0,1,1,12,2,14,2,44.9,449.5,253.0,682.0,29.683,3.0,6.66,roster,0,85.0,65.0,1.0897,90.58,2.6159,0.65,0.1502,3.2692,55.77,12.16,26.8,15.86,17.05
2024-08-11 04:00:00,4,28,28,0.0,6.0,22.0,0.0,0.0,1.0,4,4,12,1,13,1,45.9,524.0,392.0,742.0,30.683,3.0,6.66,roster,0,90.0,70.0,1.1111,82.0,4.1805,0.7,0.6006,3.2143,60.06,11.29,13.4,17.25,18.55
2024-08-11 05:00:00,5,28,28,0.0,7.0,21.0,0.0,0.0,1.0,5,5,14,0,14,0,46.9,518.0,366.0,718.0,19.117,3.0,6.66,roster,0,91.0,70.0,1.1667,68.91,4.7149,0.7,0.7508,3.25,60.06,12.16,0.0,16.69,17.95
2024-08-11 06:00:00,6,27,27,0.0,7.0,20.0,0.0,0.0,1.0,2,1,15,0,15,0,47.9,541.0,265.0,778.0,20.117,3.0,6.66,roster,0,88.0,67.5,1.1733,69.03,2.6894,0.675,0.1502,3.2593,57.92,13.02,0.0,18.09,19.45
2024-08-11 07:00:00,7,25,25,0.0,7.0,18.0,0.0,0.0,1.0,4,2,14,0,14,0,48.9,638.0,486.0,838.0,21.117,3.0,6.66,roster,0,82.0,62.5,1.0513,65.26,3.035,0.625,0.3003,3.28,53.62,12.16,0.0,19.48,20.95
2024-08-11 08:00:00,8,23,23,0.0,7.0,16.0,0.0,0.0,1.0,2,2,14,0,14,0,49.9,698.0,546.0,898.0,22.117,3.0,7.23,roster,0,76.0,57.5,0.9744,62.37,2.8141,0.575,0.2766,3.3043,49.33,12.16,0.0,20.88,22.45
2024-08-11 09:00:00,9,29,29,0.0,7.0,19.0,3.0,0.0,1.0,10,8,13,0,13,0,50.9,721.0,606.0,859.0,19.183,3.0,7.23,roster,0,91.0,72.5,1.1235,73.46,5.7471,0.725,1.1065,3.1379,62.2,11.29,0.0,19.97,21.475
2024-08-11 10:00:00,10,33,33,0.0,8.0,24.0,1.0,0.0,1.0,8,8,14,0,14,0,51.9,766.5,505.0,919.0,20.183,4.0,10.48,roster,0,106.0,82.5,1.0192,84.31,5.102,0.825,0.7634,3.2121,70.78,12.16,0.0,21.37,22.975
2024-08-11 11:00:00,11,30,30,1.0,10.0,19.0,0.0,0.0,1.0,7,7,14,0,14,0,52.9,826.5,565.0,979.0,21.183,4.0,10.48,roster,0,102.0,75.0,0.9808,79.27,4.821,0.75,0.6679,3.4,64.35,12.16,0.0,22.76,24.475
2024-08-11 12:00:00,12,29,29,1.0,8.0,20.0,0.0,0.0,1.0,3,3,16,0,16,0,53.9,705.5,186.0,1004.0,20.367,4.0,10.48,roster,0,97.0,72.5,1.0104,79.44,3.3825,0.725,0.2863,3.3448,62.2,13.89,0.0,23.34,25.1
2024-08-11 13:00:00,13,36,36,1.0,9.0,26.0,0.0,0.0,1.0,10,10,16,0,16,0,54.9,765.5,246.0,1064.0,21.367,4.0,10.48,roster,0,119.0,90.0,1.2396,95.85,6.1292,0.9,0.9542,3.3056,77.22,13.89,0.0,24.74,26.6
2024-08-11 14:00:00,14,33,33,2.0,9.0,21.0,1.0,0.0,1.0,6,6,16,0,16,0,55.9,778.5,237.0,1124.0,22.367,4.0,10.48,roster,0,111.0,82.5,1.1562,90.81,4.7007,0.825,0.5725,3.3636,70.78,13.89,0.0,26.13,28.1
2024-08-11 15:00:00,15,33,33,2.0,9.0,20.0,2.0,0.0,1.0,9,8,16,0,16,0,56.9,685.0,285.0,1081.0,21.967,4.0,10.48,roster,0,110.0,82.5,1.1458,89.81,5.2945,0.825,0.7634,3.3333,70.78,13.89,0.0,25.13,27.025
2024-08-11 16:00:00,16,38,38,2.0,8.0,28.0,0.0,0.0,1.0,12,10,19,0,19,0,57.9,426.0,122.0,1112.0,22.967,4.0,10.48,roster,0,126.0,95.0,1.5,103.86,6.3139,0.95,0.9542,3.3158,81.51,16.5,0.0,25.85,27.8
2024-08-11 17:00:00,17,41,41,1.0,8.0,31.0,1.0,0.0,1.0,14,12,20,0,20,0,58.9,451.5,182.0,1172.0,23.967,4.0,10.48,roster,0,132.0,102.5,1.65,112.56,6.9865,1.025,1.145,3.2195,87.94,17.37,0.0,27.25,29.3
2024-08-11 18:00:00,18,51,51,1.0,8.0,38.0,4.0,0.0,1.0,16,15,24,1,25,1,59.9,425.0,149.0,1146.0,24.967,4.0,10.48,roster,0,159.0,127.5,2.65,151.15,8.4373,1.275,1.4313,3.1176,109.39,21.71,13.4,26.64,28.65
2024-08-11 19:00:00,19,51,51,2.0,7.0,42.0,0.0,0.0,1.0,10,10,27,1,28,1,60.9,356.0,177.0,1206.0,25.967,4.0,10.48,roster,0,164.0,127.5,3.4167,155.15,7.1684,1.275,0.9542,3.2157,109.39,24.31,13.4,28.04,30.15
2024-08-11 20:00:00,20,48,48,2.0,7.0,39.0,0.0,0.0,1.0,6,6,27,1,28,1,61.9,360.5,214.0,1011.0,25.317,4.0,11.64,roster,0,155.0,120.0,3.2292,144.18,5.5395,1.2,0.5155,3.2292,102.96,24.31,13.4,23.51,25.275
2024-08-11 21:00:00,21,47,47,2.0,7.0,38.0,0.0,0.0,1.0,9,6,26,0,26,0,62.9,476.0,230.0,1071.0,26.317,4.0,11.64,roster,0,152.0,117.5,2.7143,128.29,5.467,1.175,0.5155,3.234,100.82,22.58,0.0,24.9,26.775
2024-08-11 22:00:00,22,50,50,2.0,9.0,38.0,1.0,0.0,1.0,12,11,26,0,26,0,63.9,536.0,290.0,1131.0,27.317,3.0,8.39,roster,0,162.0,125.0,3.8571,136.12,8.2979,1.25,1.3111,3.24,107.25,22.58,0.0,26.3,28.275
2024-08-11 23:00:00,23,49,49,2.0,9.0,38.0,0.0,0.0,1.0,7,6,27,0,27,0,64.9,542.0,302.0,1191.0,28.317,3.0,8.39,roster,0,160.0,122.5,4.1026,136.24,6.3351,1.225,0.7151,3.2653,105.1,23.44,0.0,27.69,29.775
2024-08-12 00:00:00,0,52,52,2.0,8.0,42.0,0.0,0.0,1.0,7,6,27,1,28,1,65.9,585.5,362.0,1251.0,29.317,3.0,8.39,roster,0,168.0,130.0,4.6667,158.34,6.5104,1.3,0.7151,3.2308,111.54,24.31,13.4,29.09,31.275
2024-08-12 01:00:00,1,47,47,2.0,10.0,35.0,0.0,0.0,1.0,3,3,26,1,27,1,66.9,662.0,417.0,1311.0,30.317,3.0,8.39,roster,0,155.0,117.5,3.9744,148.14,5.0542,1.175,0.3576,3.2979,100.82,23.44,13.4,30.48,32.775
2024-08-12 02:00:00,2,49,49,2.0,9.0,38.0,0.0,0.0,1.0,4,4,27,1,28,1,67.9,705.5,477.0,1371.0,31.317,3.0,8.39,roster,0,160.0,122.5,4.4444,154.69,5.5568,1.225,0.4768,3.2653,105.1,24.31,13.4,31.88,34.275
2024-08-12 03:00:00,3,56,56,2.0,10.0,44.0,0.0,0.0,1.0,8,7,27,1,28,1,68.9,765.5,537.0,1431.0,32.317,3.0,8.39,roster,0,182.0,140.0,5.0556,171.1,7.2616,1.4,0.8343,3.25,120.12,24.31,13.4,33.27,35.775
2024-08-12 04:00:00,4,54,54,2.0,10.0,42.0,0.0,0.0,1.0,3,2,28,1,29,1,69.9,809.0,573.0,1439.0,33.317,3.0,8.39,roster,0,176.0,135.0,5.3333,167.87,5.1769,1.35,0.2384,3.2593,115.83,25.18,13.4,33.46,35.975
2024-08-12 05:00:00,5,53,53,2.0,9.0,42.0,0.0,0.0,1.0,4,4,28,1,29,1,70.9,869.0,633.0,1499.0,34.317,3.0,8.39,roster,0,172.0,132.5,5.2121,167.12,5.8472,1.325,0.4768,3.2453,113.68,25.18,13.4,34.85,37.475
2024-08-12 06:00:00,6,47,47,2.0,8.0,37.0,0.0,0.0,1.0,1,1,28,0,28,0,71.9,945.5,717.0,1611.0,35.317,3.0,8.39,roster,0,153.0,117.5,4.25,142.58,4.213,1.175,0.1192,3.2553,100.82,24.31,0.0,37.46,40.275
2024-08-12 07:00:00,7,47,47,2.0,8.0,37.0,0.0,0.0,1.0,3,3,28,0,28,0,72.9,1005.5,777.0,1671.0,36.317,3.0,8.39,roster,0,153.0,117.5,4.25,143.98,4.989,1.175,0.3576,3.2553,100.82,24.31,0.0,38.85,41.775
2024-08-12 08:00:00,8,51,51,2.0,10.0,39.0,0.0,0.0,1.0,8,7,28,0,28,0,73.9,1065.5,837.0,1731.0,37.317,3.0,7.09,roster,0,167.0,127.5,4.6389,153.95,7.4079,1.275,0.9873,3.2745,109.39,24.31,0.0,40.25,43.275
2024-08-12 09:00:00,9,57,57,2.0,10.0,44.0,1.0,0.0,1.0,8,8,30,0,30,0,74.9,1072.5,808.0,1446.0,38.317,3.0,7.09,roster,0,184.0,142.5,6.1333,161.93,8.2424,1.425,1.1283,3.2281,122.26,26.05,0.0,33.62,36.15
2024-08-12 10:00:00,10,66,66,3.0,10.0,51.0,2.0,0.0,1.0,12,12,31,0,31,0,75.9,1109.0,812.0,1506.0,39.317,4.0,10.43,roster,0,212.0,165.0,5.8889,183.5,8.9956,1.65,1.1505,3.2121,141.57,26.92,0.0,35.01,37.65
2024-08-12 11:00:00,11,68,68,3.0,11.0,51.0,2.0,1.0,1.0,8,8,34,0,34,0,76.9,1125.5,649.0,1497.0,40.317,4.0,10.43,roster,0,217.0,170.0,9.0417,190.19,7.8727,1.7,0.767,3.1912,145.86,29.52,0.0,34.81,37.425
2024-08-12 12:00:00,12,59,59,4.0,8.0,46.0,1.0,0.0,1.0,5,4,32,0,32,0,77.9,1152.0,709.0,1545.0,41.317,4.0,10.43,roster,0,192.0,147.5,6.0,170.26,6.048,1.475,0.3835,3.2542,126.56,27.79,0.0,35.92,38.625
2024-08-12 13:00:00,13,58,58,5.0,8.0,43.0,1.0,1.0,1.0,10,11,32,0,32,0,78.9,1163.5,629.0,1605.0,42.317,4.0,10.43,roster,0,189.0,145.0,5.9062,169.51,8.1617,1.45,1.0547,3.2586,124.41,27.79,0.0,37.32,40.125
2024-08-12 14:00:00,14,62,62,5.0,9.0,45.0,3.0,0.0,1.0,10,10,31,1,32,1,79.9,1080.0,259.0,1396.0,39.217,4.0,10.43,roster,0,202.0,155.0,6.3125,186.63,8.1737,1.55,0.9588,3.2581,132.99,27.79,13.4,32.46,34.9
2024-08-12 15:00:00,15,60,60,4.0,8.0,43.0,5.0,0.0,1.0,5,4,33,2,35,2,80.9,889.0,188.0,1377.0,34.983,4.0,10.43,roster,0,191.0,150.0,9.55,197.91,5.9958,1.5,0.3835,3.1833,128.7,30.39,26.8,32.02,34.425
2024-08-12 16:00:00,16,60,60,4.0,7.0,44.0,5.0,0.0,1.0,4,4,33,2,35,2,81.9,809.0,236.0,1414.0,31.1,4.0,10.43,roster,0,190.0,150.0,9.5,198.77,5.9644,1.5,0.3835,3.1667,128.7,30.39,26.8,32.88,35.35
2024-08-12 17:00:00,17,59,59,4.0,7.0,45.0,3.0,0.0,1.0,2,2,35,2,37,2,82.9,554.0,289.0,1430.0,32.1,4.0,10.43,roster,0,189.0,147.5,15.75,198.73,5.3393,1.475,0.1918,3.2034,126.56,32.13,26.8,33.25,35.75
2024-08-12 18:00:00,18,57,57,4.0,7.0,43.0,3.0,0.0,1.0,5,4,34,1,35,1,83.9,929.0,349.0,1534.0,33.1,4.0,10.43,roster,0,183.0,142.5,9.15,181.72,5.8063,1.425,0.3835,3.2105,122.26,30.39,13.4,35.67,38.35
2024-08-12 19:00:00,19,60,60,4.0,8.0,46.0,2.0,0.0,1.0,8,7,34,2,36,2,84.9,831.5,409.0,1594.0,34.1,4.0,10.43,roster,0,194.0,150.0,12.125,203.82,7.02,1.5,0.6711,3.2333,128.7,31.26,26.8,37.06,39.85
2024-08-12 20:00:00,20,55,55,3.0,9.0,43.0,0.0,0.0,1.0,5,5,35,1,36,1,39.017,708.0,457.0,1610.0,35.1,4.0,10.77,roster,0,180.0,137.5,11.25,180.07,6.0194,1.375,0.4643,3.2727,117.98,31.26,13.4,37.43,40.25
2024-08-12 21:00:00,21,55,55,4.0,9.0,42.0,0.0,0.0,1.0,7,7,36,1,37,1,36.1,742.0,472.0,1617.0,36.1,4.0,10.77,roster,0,182.0,137.5,15.1667,181.1,6.7008,1.375,0.65,3.3091,117.98,32.13,13.4,37.6,40.425
2024-08-12 22:00:00,22,54,54,4.0,7.0,43.0,0.0,0.0,1.0,8,8,33,1,34,1,37.1,828.0,577.0,1730.0,37.1,3.0,7.43,roster,0,177.0,135.0,9.8333,178.97,7.9542,1.35,1.0767,3.2778,115.83,29.52,13.4,40.22,43.25
2024-08-12 23:00:00,23,58,58,4.0,8.0,46.0,0.0,0.0,1.0,8,7,34,1,35,1,38.1,862.0,592.0,1790.0,38.1,3.0,7.43,roster,0,190.0,145.0,12.6667,189.82,7.8363,1.45,0.9421,3.2759,124.41,30.39,13.4,41.62,44.75
2024-08-13 00:00:00,0,56,56,4.0,8.0,44.0,0.0,0.0,1.0,4,5,34,1,35,1,39.1,922.0,652.0,1850.0,39.1,3.0,7.43,roster,0,184.0,140.0,12.2667,186.92,6.8111,1.4,0.6729,3.2857,120.12,30.39,13.4,43.01,46.25
2024-08-13 01:00:00,1,51,51,4.0,7.0,40.0,0.0,0.0,1.0,1,1,34,1,35,1,40.1,982.0,712.0,1910.0,40.1,3.0,7.43,roster,0,168.0,127.5,11.2,177.59,4.6434,1.275,0.1346,3.2941,109.39,30.39,13.4,44.41,47.75
2024-08-13 02:00:00,2,51,51,4.0,7.0,40.0,0.0,0.0,1.0,5,5,34,1,35,1,41.1,1042.0,772.0,1970.0,41.1,3.0,7.43,roster,0,168.0,127.5,11.2,178.99,6.4168,1.275,0.6729,3.2941,109.39,30.39,13.4,45.8,49.25
2024-08-13 03:00:00,3,53,53,4.0,9.0,40.0,0.0,0.0,1.0,5,5,34,1,35,1,42.1,1102.0,832.0,2030.0,42.1,3.0,7.43,roster,0,176.0,132.5,11.7333,184.67,6.6347,1.325,0.6729,3.3208,113.68,30.39,13.4,47.2,50.75
2024-08-13 04:00:00,4,54,54,4.0,8.0,42.0,0.0,0.0,1.0,7,7,34,1,35,1,43.1,1162.0,892.0,2090.0,43.1,3.0,7.43,roster,0,178.0,135.0,11.8667,188.21,7.5555,1.35,0.9421,3.2963,115.83,30.39,13.4,48.59,52.25
2024-08-13 05:00:00,5,52,52,4.0,8.0,40.0,0.0,0.0,1.0,4,4,35,1,36,1,44.1,1204.0,952.0,2150.0,44.1,3.0,7.43,roster,0,172.0,130.0,14.3333,186.19,6.0807,1.3,0.5384,3.3077,111.54,31.26,13.4,49.99,53.75
2024-08-13 06:00:00,6,51,51,5.0,8.0,38.0,0.0,0.0,1.0,4,4,35,1,36,1,45.1,1264.0,1012.0,2210.0,45.1,3.0,7.43,roster,0,171.0,127.5,14.25,185.44,6.0801,1.275,0.5384,3.3529,109.39,31.26,13.4,51.38,55.25
2024-08-13 07:00:00,7,49,49,5.0,7.0,37.0,0.0,0.0,1.0,2,1,37,1,38,1,46.1,1292.5,907.0,2193.0,46.1,3.0,7.43,roster,0,164.0,122.5,27.3333,182.49,4.5505,1.225,0.1346,3.3469,105.1,33.0,13.4,50.99,54.825
2024-08-13 08:00:00,8,55,55,5.0,8.0,42.0,0.0,0.0,1.0,7,7,37,1,38,1,47.1,1352.5,967.0,2253.0,47.1,3.0,7.1,roster,0,183.0,137.5,30.5,196.75,7.8554,1.375,0.9859,3.3273,117.98,33.0,13.4,52.38,56.325
2024-08-13 09:00:00,9,62,62,5.0,10.0,47.0,0.0,0.0,1.0,12,12,38,1,39,1,48.1,1399.0,903.0,2313.0,48.1,3.0,7.1,roster,0,206.0,155.0,68.6667,214.03,10.7656,1.55,1.6901,3.3226,132.99,33.86,13.4,53.78,57.825
2024-08-13 10:00:00,10,63,63,6.0,9.0,46.0,2.0,0.0,1.0,9,9,37,3,40,3,49.1,1442.5,912.0,2373.0,49.1,4.0,10.14,roster,0,208.0,157.5,52.0,245.24,8.1304,1.575,0.8876,3.3016,135.14,34.73,40.2,55.17,59.325
2024-08-13 11:00:00,11,61,61,6.0,9.0,46.0,0.0,0.0,1.0,3,3,38,3,41,3,50.1,1491.0,906.0,2368.0,50.1,4.0,10.14,roster,0,204.0,152.5,51.0,241.7,6.0894,1.525,0.2959,3.3443,130.84,35.6,40.2,55.06,59.2
2024-08-13 12:00:00,12,65,65,6.0,10.0,47.0,2.0,0.0,1.0,10,11,39,3,42,3,51.1,1499.5,945.0,2428.0,51.1,4.0,10.14,roster,0,215.0,162.5,53.75,252.54,8.9632,1.625,1.0848,3.3077,139.42,36.47,40.2,56.45,60.7
2024-08-13 13:00:00,13,71,71,8.0,10.0,52.0,1.0,0.0,1.0,11,11,40,3,43,3,52.1,1508.0,551.0,2488.0,52.1,4.0,10.14,roster,0,238.0,177.5,59.5,267.68,9.5864,1.775,1.0848,3.3521,152.29,37.34,40.2,57.85,62.2
2024-08-13 14:00:00,14,65,65,7.0,10.0,47.0,1.0,0.0,1.0,7,7,40,3,43,3,51.75,1492.0,318.0,2418.0,51.75,4.0,10.14,roster,0,218.0,162.5,54.5,253.18,7.7653,1.625,0.6903,3.3538,139.42,37.34,40.2,56.22,60.45
2024-08-13 15:00:00,15,63,63,6.0,10.0,46.0,1.0,0.0,1.0,8,7,39,2,41,2,52.75,1451.0,374.0,2189.0,52.75,4.0,10.14,roster,0,210.0,157.5,52.5,228.43,7.5511,1.575,0.6903,3.3333,135.14,35.6,26.8,50.89,54.725
2024-08-13 16:00:00,16,63,63,4.0,14.0,44.0,1.0,0.0,1.0,11,11,35,2,37,2,45.55,1272.0,368.0,1804.0,45.55,4.0,10.14,roster,0,210.0,157.5,17.5,216.01,8.866,1.575,1.0848,3.3333,135.14,32.13,26.8,41.94,45.1
2024-08-13 17:00:00,17,60,60,4.0,13.0,38.0,5.0,0.0,1.0,10,10,35,2,37,2,46.55,1332.0,428.0,1864.0,46.55,4.0,10.14,roster,0,196.0,150.0,16.3333,210.97,8.1216,1.5,0.9862,3.2667,128.7,32.13,26.8,43.34,46.6
2024-08-13 18:00:00,18,62,62,4.0,15.0,39.0,4.0,0.0,1.0,8,8,36,2,38,2,47.55,1385.5,437.0,1924.0,47.55,4.0,10.14,roster,0,205.0,155.0,25.625,217.52,7.7336,1.55,0.789,3.3065,132.99,33.0,26.8,44.73,48.1
2024-08-13 19:00:00,19,61,61,3.0,13.0,43.0,2.0,0.0,1.0,6,6,35,1,36,1,47.467,1445.5,480.0,1984.0,47.467,4.0,10.14,roster,0,200.0,152.5,12.5,201.63,6.9401,1.525,0.5917,3.2787,130.84,31.26,13.4,46.13,49.6
2024-08-13 20:00:00,20,62,62,4.0,11.0,46.0,1.0,0.0,1.0,12,11,36,1,37,1,48.467,1499.0,507.0,2031.0,48.467,4.0,10.33,roster,0,204.0,155.0,17.0,205.74,8.6037,1.55,1.0649,3.2903,132.99,32.13,13.4,47.22,50.775
2024-08-13 21:00:00,21,60,60,4.0,11.0,42.0,3.0,0.0,1.0,6,6,40,1,41,1,49.467,1031.0,381.0,1988.0,49.467,4.0,10.33,roster,0,196.0,150.0,49.0,203.92,6.7974,1.5,0.5808,3.2667,128.7,35.6,13.4,46.22,49.7
2024-08-13 22:00:00,22,64,64,4.0,11.0,46.0,3.0,0.0,1.0,11,11,39,1,40,1,50.467,1328.5,441.0,2151.0,50.467,3.0,7.29,roster,0,208.0,160.0,69.3333,215.42,10.104,1.6,1.5089,3.25,137.28,34.73,13.4,50.01,53.775
2024-08-13 23:00:00,23,62,62,4.0,12.0,43.0,3.0,0.0,1.0,6,4,40,1,41,1,51.467,1151.0,470.0,2108.0,51.467,3.0,7.29,roster,0,203.0,155.0,67.6667,211.0,6.8715,1.55,0.5487,3.2742,132.99,35.6,13.4,49.01,52.7
2024-08-14 00:00:00,0,57,57,4.0,11.0,38.0,4.0,0.0,1.0,7,6,41,1,42,1,52.467,1170.5,502.0,2168.0,52.467,3.0,7.29,roster,0,186.0,142.5,62.0,202.54,7.3357,1.425,0.823,3.2632,122.26,36.47,13.4,50.41,54.2
2024-08-14 01:00:00,1,55,55,4.0,12.0,35.0,4.0,0.0,1.0,4,3,41,1,42,1,53.467,1230.5,562.0,2228.0,53.467,3.0,7.29,roster,0,181.0,137.5,60.3333,199.64,5.8793,1.375,0.4115,3.2909,117.98,36.47,13.4,51.8,55.7
2024-08-14 02:00:00,2,53,53,4.0,12.0,34.0,3.0,0.0,1.0,3,3,42,1,43,1,54.467,1250.0,579.0,2288.0,54.467,3.0,7.29,roster,0,176.0,132.5,58.6667,197.62,5.7666,1.325,0.4115,3.3208,113.68,37.34,13.4,53.2,57.2
2024-08-14 03:00:00,3,50,50,4.0,12.0,33.0,1.0,0.0,1.0,3,2,43,0,43,0,55.467,1310.0,560.0,2348.0,55.467,3.0,7.29,roster,0,169.0,125.0,56.3333,179.18,5.1523,1.25,0.2743,3.38,107.25,37.34,0.0,54.59,58.7
2024-08-14 04:00:00,4,51,51,4.0,12.0,33.0,2.0,0.0,1.0,6,4,42,0,42,0,56.467,1410.5,699.0,2408.0,56.467,3.0,7.29,roster,0,171.0,127.5,57.0,181.85,6.1147,1.275,0.5487,3.3529,109.39,36.47,0.0,55.99,60.2
2024-08-14 05:00:00,5,48,48,4.0,12.0,32.0,0.0,0.0,1.0,0,0,43,0,43,0,57.467,1430.0,680.0,2468.0,57.467,3.0,7.29,roster,0,164.0,120.0,54.6667,177.68,4.1,1.2,0.0,3.4167,102.96,37.34,0.0,57.38,61.7
2024-08-14 06:00:00,6,52,52,4.0,12.0,36.0,0.0,0.0,1.0,4,4,43,0,43,0,58.467,1490.0,740.0,2528.0,58.467,3.0,7.29,roster,0,176.0,130.0,58.6667,187.65,6.2571,1.3,0.5487,3.3846,111.54,37.34,0.0,58.78,63.2
2024-08-14 07:00:00,7,52,52,5.0,12.0,35.0,0.0,0.0,1.0,3,2,43,0,43,0,59.467,1550.0,800.0,2588.0,59.467,3.0,7.29,roster,0,178.0,130.0,59.3333,189.05,5.3891,1.3,0.2743,3.4231,111.54,37.34,0.0,60.17,64.7
2024-08-14 08:00:00,8,55,55,5.0,12.0,36.0,2.0,0.0,1.0,11,8,42,0,42,0,60.467,1650.5,860.0,2648.0,60.467,3.0,6.43,roster,0,185.0,137.5,61.6667,196.01,8.8099,1.375,1.2442,3.3636,117.98,36.47,0.0,61.57,66.2
2024-08-14 09:00:00,9,57,57,5.0,13.0,36.0,3.0,0.0,1.0,5,6,42,0,42,0,61.467,1354.0,838.0,2677.0,61.467,3.0,6.43,roster,0,191.0,142.5,63.6667,200.97,7.9018,1.425,0.9331,3.3509,122.26,36.47,0.0,62.24,66.925
2024-08-14 10:00:00,10,65,65,6.0,13.0,44.0,2.0,0.0,1.0,11,10,42,0,42,0,62.467,1414.0,898.0,2737.0,62.467,4.0,10.13,roster,0,218.0,162.5,54.5,219.53,8.7608,1.625,0.9872,3.3538,139.42,36.47,0.0,63.64,68.425
2024-08-14 11:00:00,11,64,64,6.0,10.0,45.0,3.0,0.0,1.0,7,7,39,1,40,1,61.3,1423.5,958.0,2797.0,61.3,4.0,10.13,roster,0,211.0,160.0,52.75,230.44,7.5532,1.6,0.691,3.2969,137.28,34.73,13.4,65.03,69.925
2024-08-14 12:00:00,12,63,63,5.0,14.0,40.0,4.0,0.0,1.0,7,7,38,1,39,1,62.3,1467.0,1001.0,2812.0,62.3,4.0,10.13,roster,0,209.0,157.5,52.25,227.78,7.5174,1.575,0.691,3.3175,135.14,33.86,13.4,65.38,70.3
2024-08-14 13:00:00,13,63,63,3.0,15.0,41.0,4.0,0.0,1.0,9,9,39,1,40,1,63.3,1325.5,1031.0,2771.0,63.3,4.0,10.13,roster,0,206.0,157.5,51.5,227.69,8.0551,1.575,0.8885,3.2698,135.14,34.73,13.4,64.43,69.275
2024-08-14 14:00:00,14,57,57,4.0,14.0,36.0,3.0,0.0,1.0,8,9,36,0,36,0,61.817,1356.0,1091.0,2767.0,61.817,4.0,10.13,roster,0,190.0,142.5,11.875,197.86,7.7115,1.425,0.8885,3.3333,122.26,31.26,0.0,64.33,69.175
2024-08-14 15:00:00,15,51,51,4.0,11.0,34.0,2.0,0.0,1.0,5,5,33,0,33,0,50.617,1258.0,486.0,1748.0,50.617,4.0,10.13,roster,0,170.0,127.5,6.0714,158.69,5.8953,1.275,0.4936,3.3333,109.39,28.65,0.0,40.64,43.7
2024-08-14 16:00:00,16,47,47,4.0,10.0,32.0,1.0,0.0,1.0,2,2,34,0,34,0,50.867,1248.0,284.0,1707.0,50.867,4.0,10.13,roster,0,158.0,117.5,6.5833,150.03,4.6137,1.175,0.1974,3.3617,100.82,29.52,0.0,39.69,42.675
2024-08-14 17:00:00,17,45,45,4.0,9.0,29.0,3.0,0.0,1.0,5,5,33,1,34,1,51.867,1289.5,336.0,1767.0,51.867,4.0,10.13,roster,0,149.0,112.5,6.2083,160.53,5.3593,1.125,0.4936,3.3111,96.52,29.52,13.4,41.08,44.175
2024-08-14 18:00:00,18,46,46,4.0,8.0,32.0,2.0,0.0,1.0,5,5,33,1,34,1,52.867,1334.5,384.0,1641.0,52.867,4.0,10.13,roster,0,152.0,115.0,6.3333,159.75,5.431,1.15,0.4936,3.3043,98.67,29.52,13.4,38.15,41.025
2024-08-14 19:00:00,19,54,54,5.0,10.0,34.0,5.0,0.0,1.0,12,11,33,1,34,1,53.867,1394.5,444.0,1701.0,53.867,4.0,10.13,roster,0,177.0,135.0,7.375,178.3,7.9843,1.35,1.0859,3.2778,115.83,29.52,13.4,39.55,42.525
2024-08-14 20:00:00,20,50,50,4.0,9.0,35.0,2.0,0.0,1.0,6,6,32,1,33,1,54.867,1451.0,475.0,1730.0,54.867,4.0,10.61,roster,0,165.0,125.0,5.8929,169.53,5.9912,1.25,0.5655,3.3,107.25,28.65,13.4,40.22,43.25
2024-08-14 21:00:00,21,50,50,3.0,10.0,35.0,2.0,0.0,1.0,5,5,32,1,33,1,55.867,1511.0,535.0,1790.0,55.867,4.0,10.61,roster,0,164.0,125.0,5.8571,170.92,5.6457,1.25,0.4713,3.28,107.25,28.65,13.4,41.62,44.75
2024-08-14 22:00:00,22,49,49,3.0,11.0,34.0,1.0,0.0,1.0,8,8,31,1,32,1,56.867,1574.5,624.0,1881.0,56.867,3.0,6.91,roster,0,163.0,122.5,6.7917,170.02,7.9263,1.225,1.1577,3.3265,105.1,27.79,13.4,43.73,47.025
2024-08-14 23:00:00,23,43,43,3.0,10.0,29.0,1.0,0.0,1.0,4,3,32,0,32,0,57.867,1634.5,684.0,1941.0,57.867,3.0,6.91,roster,0,144.0,107.5,6.0,145.15,5.0539,1.075,0.4342,3.3488,92.24,27.79,0.0,45.13,48.525
2024-08-15 00:00:00,0,42,42,3.0,9.0,29.0,1.0,0.0,1.0,2,2,32,0,32,0,58.867,1694.5,744.0,2001.0,58.867,3.0,6.91,roster,0,140.0,105.0,5.8333,144.4,4.4648,1.05,0.2894,3.3333,90.09,27.79,0.0,46.52,50.025
2024-08-15 01:00:00,1,40,40,3.0,9.0,27.0,1.0,0.0,1.0,1,1,32,0,32,0,59.867,1754.5,804.0,2061.0,59.867,3.0,6.91,roster,0,134.0,100.0,5.5833,141.5,3.8348,1.0,0.1447,3.35,85.8,27.79,0.0,47.92,51.525
2024-08-15 02:00:00,2,40,40,3.0,9.0,26.0,2.0,0.0,1.0,5,3,32,0,32,0,60.867,1814.5,864.0,2121.0,60.867,3.0,6.91,roster,0,133.0,100.0,5.5417,142.9,4.7686,1.0,0.4342,3.325,85.8,27.79,0.0,49.31,53.025
2024-08-15 03:00:00,3,39,39,3.0,9.0,25.0,2.0,0.0,1.0,0,0,32,0,32,0,61.867,1874.5,924.0,2181.0,61.867,3.0,6.91,roster,0,130.0,97.5,5.4167,142.15,3.25,0.975,0.0,3.3333,83.66,27.79,0.0,50.71,54.525
2024-08-15 04:00:00,4,43,43,4.0,9.0,28.0,2.0,0.0,1.0,4,4,32,0,32,0,62.867,1934.5,984.0,2241.0,62.867,3.0,6.91,roster,0,144.0,107.5,6.0,152.12,5.5385,1.075,0.5789,3.3488,92.24,27.79,0.0,52.1,56.025
2024-08-15 05:00:00,5,41,41,4.0,9.0,25.0,3.0,0.0,1.0,2,2,32,1,33,1,63.867,1991.0,1015.0,2270.0,63.867,3.0,6.91,roster,0,137.0,102.5,6.5238,162.78,4.3921,1.025,0.2894,3.3415,87.94,28.65,13.4,52.78,56.75
2024-08-15 06:00:00,6,41,41,4.0,9.0,26.0,2.0,0.0,1.0,1,1,32,1,33,1,64.867,2051.0,1075.0,2330.0,64.867,3.0,6.91,roster,0,138.0,102.5,6.5714,164.17,3.9371,1.025,0.1447,3.3659,87.94,28.65,13.4,54.17,58.25
2024-08-15 07:00:00,7,45,45,4.0,11.0,26.0,4.0,0.0,1.0,5,5,33,1,34,1,65.867,2037.5,1071.0,2390.0,65.867,3.0,6.91,roster,0,150.0,112.5,8.3333,175.01,6.162,1.125,0.7236,3.3333,96.52,29.52,13.4,55.57,59.75
2024-08-15 08:00:00,8,49,49,4.0,11.0,31.0,3.0,0.0,1.0,6,6,35,1,36,1,66.867,1865.5,1035.0,2450.0,66.867,3.0,6.8,roster,0,163.0,122.5,13.5833,186.73,7.0102,1.225,0.8824,3.3265,105.1,31.26,13.4,56.96,61.25
2024-08-15 09:00:00,9,50,50,3.0,11.0,33.0,3.0,0.0,1.0,3,3,38,1,39,1,67.867,1364.0,710.0,2360.0,67.867,3.0,6.8,roster,0,164.0,125.0,54.6667,189.38,5.5471,1.25,0.4412,3.28,107.25,33.86,13.4,54.87,59.0
2024-08-15 10:00:00,10,58,58,4.0,13.0,38.0,3.0,0.0,1.0,12,12,37,2,39,2,68.867,1424.0,741.0,2420.0,68.867,4.0,10.05,roster,0,192.0,145.0,48.0,221.34,8.7527,1.45,1.194,3.3103,124.41,33.86,26.8,56.26,60.5
2024-08-15 11:00:00,11,62,62,4.0,13.0,37.0,8.0,0.0,1.0,13,13,34,3,37,3,69.867,1375.0,278.0,2398.0,69.867,4.0,10.05,roster,0,199.0,155.0,16.5833,241.07,9.1268,1.55,1.2935,3.2097,132.99,32.13,40.2,55.75,59.95
2024-08-15 12:00:00,12,57,57,3.0,13.0,36.0,5.0,0.0,1.0,9,10,33,2,35,2,70.867,1371.0,296.0,2458.0,70.867,4.0,10.05,roster,0,185.0,142.5,9.25,216.6,7.8545,1.425,0.995,3.2456,122.26,30.39,26.8,57.15,61.45
2024-08-15 13:00:00,13,54,54,3.0,15.0,32.0,4.0,0.0,1.0,6,6,32,3,35,3,71.867,1327.0,243.0,2478.0,71.867,4.0,10.05,roster,0,179.0,135.0,8.95,224.03,6.454,1.35,0.597,3.3148,115.83,30.39,40.2,57.61,61.95
2024-08-15 14:00:00,14,48,48,2.0,15.0,27.0,4.0,0.0,1.0,5,5,26,3,29,3,72.867,1010.0,303.0,2384.0,72.867,4.0,10.05,roster,0,159.0,120.0,3.6136,203.77,5.623,1.2,0.4975,3.3125,102.96,25.18,40.2,55.43,59.6
2024-08-15 15:00:00,15,48,48,2.0,12.0,23.0,11.0,0.0,1.0,10,10,24,2,26,2,73.867,1055.5,331.0,2444.0,73.867,4.0,10.05,roster,0,149.0,120.0,2.6607,189.16,6.8137,1.2,0.995,3.1042,102.96,22.58,26.8,56.82,61.1
2024-08-15 16:00:00,16,41,41,2.0,12.0,21.0,6.0,0.0,1.0,6,5,24,2,26,2,74.867,878.5,378.0,2504.0,74.867,4.0,10.05,roster,0,133.0,102.5,2.375,175.54,4.9389,1.025,0.4975,3.2439,87.94,22.58,26.8,58.22,62.6
2024-08-15 17:00:00,17,40,40,3.0,12.0,20.0,5.0,0.0,1.0,7,4,27,2,29,2,75.867,638.0,407.0,2046.0,75.867,4.0,10.05,roster,0,133.0,100.0,3.0227,165.35,4.6484,1.0,0.398,3.325,85.8,25.18,26.8,47.57,51.15
2024-08-15 18:00:00,18,41,41,3.0,11.0,21.0,6.0,0.0,1.0,6,6,28,2,30,2,76.867,681.0,374.0,2106.0,76.867,4.0,10.05,roster,0,134.0,102.5,3.35,169.76,5.3012,1.025,0.597,3.2683,87.94,26.05,26.8,48.96,52.65
2024-08-15 19:00:00,19,39,39,3.0,10.0,22.0,4.0,0.0,1.0,6,4,29,1,30,1,58.367,720.0,254.0,1964.0,52.35,4.0,10.05,roster,0,129.0,97.5,3.225,148.77,4.5415,0.975,0.398,3.3077,83.66,26.05,13.4,45.66,49.1
2024-08-15 20:00:00,20,38,38,3.0,9.0,22.0,4.0,0.0,1.0,7,4,26,1,27,1,59.367,784.0,486.0,2226.0,53.35,4.0,11.09,roster,0,125.0,95.0,2.4038,150.11,4.3115,0.95,0.3607,3.2895,81.51,23.44,13.4,51.75,55.65
2024-08-15 21:00:00,21,35,35,3.0,9.0,20.0,3.0,0.0,1.0,4,3,26,1,27,1,60.367,836.0,374.0,1815.0,54.35,4.0,11.09,roster,0,117.0,87.5,2.25,134.12,3.8293,0.875,0.2705,3.3429,75.08,23.44,13.4,42.2,45.375
2024-08-15 22:00:00,22,36,36,3.0,9.0,20.0,4.0,0.0,1.0,9,6,27,1,28,1,61.367,886.0,434.0,1875.0,55.35,3.0,7.84,roster,0,119.0,90.0,3.3056,138.53,5.5048,0.9,0.7653,3.3056,77.22,24.31,13.4,43.59,46.875
2024-08-15 23:00:00,23,42,42,3.0,11.0,21.0,7.0,0.0,1.0,11,11,26,1,27,1,62.367,956.0,494.0,1935.0,56.35,3.0,7.84,roster,0,136.0,105.0,3.4872,151.92,7.9432,1.05,1.4031,3.2381,90.09,23.44,13.4,44.99,48.375
2024-08-16 00:00:00,0,44,44,3.0,12.0,21.0,8.0,0.0,1.0,8,8,29,1,30,1,63.367,933.5,512.0,1823.0,57.35,3.0,7.84,roster,0,142.0,110.0,4.7333,156.21,6.8431,1.1,1.0204,3.2273,94.38,26.05,13.4,42.38,45.575
2024-08-16 01:00:00,1,39,39,3.0,12.0,21.0,3.0,0.0,1.0,4,4,28,1,29,1,64.367,1056.0,587.0,1883.0,58.35,3.0,7.84,roster,0,132.0,97.5,4.0,146.02,5.0268,0.975,0.5102,3.3846,83.66,25.18,13.4,43.78,47.075
2024-08-16 02:00:00,2,35,35,3.0,11.0,19.0,2.0,0.0,1.0,2,1,29,1,30,1,65.367,1053.5,632.0,1943.0,59.35,3.0,7.84,roster,0,120.0,87.5,4.0,139.7,3.4373,0.875,0.1276,3.4286,75.08,26.05,13.4,45.17,48.575
2024-08-16 03:00:00,3,38,38,3.0,11.0,22.0,2.0,0.0,1.0,5,5,29,1,30,1,66.367,1113.5,692.0,2003.0,60.35,3.0,7.84,roster,0,129.0,95.0,4.3,147.53,5.39,0.95,0.6378,3.3947,81.51,26.05,13.4,46.57,50.075
2024-08-16 04:00:00,4,38,38,3.0,11.0,21.0,3.0,0.0,1.0,4,3,30,1,31,1,67.367,1111.0,693.0,2063.0,61.35,3.0,7.84,roster,0,128.0,95.0,4.7407,149.79,4.4889,0.95,0.3827,3.3684,81.51,26.92,13.4,47.96,51.575
2024-08-16 05:00:00,5,35,35,3.0,11.0,19.0,2.0,0.0,1.0,1,1,30,1,31,1,68.367,1171.0,753.0,2123.0,62.35,3.0,7.84,roster,0,120.0,87.5,4.4444,144.75,3.4373,0.875,0.1276,3.4286,75.08,26.92,13.4,49.36,53.075
2024-08-16 06:00:00,6,37,37,3.0,11.0,21.0,2.0,0.0,1.0,2,2,31,1,32,1,69.367,1224.5,813.0,2183.0,63.35,3.0,7.84,roster,0,126.0,92.5,5.25,151.31,4.0187,0.925,0.2551,3.4054,79.36,27.79,13.4,50.75,54.575
2024-08-16 07:00:00,7,42,42,3.0,11.0,26.0,2.0,0.0,1.0,5,5,33,1,34,1,70.367,1271.0,817.0,2030.0,64.35,3.0,7.84,roster,0,141.0,105.0,7.8333,160.21,5.666,1.05,0.6378,3.3571,90.09,29.52,13.4,47.2,50.75
2024-08-16 08:00:00,8,44,44,3.0,12.0,27.0,2.0,0.0,1.0,4,4,33,1,34,1,71.367,1331.0,877.0,2090.0,65.35,3.0,7.74,roster,0,148.0,110.0,8.2222,165.89,5.4383,1.1,0.5168,3.3636,94.38,29.52,13.4,48.59,52.25
2024-08-16 09:00:00,9,51,51,3.0,12.0,32.0,4.0,0.0,1.0,8,8,34,1,35,1,72.367,1384.0,793.0,2150.0,66.35,3.0,7.74,roster,0,167.0,127.5,11.1333,183.17,7.5595,1.275,1.0336,3.2745,109.39,30.39,13.4,49.99,53.75
2024-08-16 10:00:00,10,56,56,4.0,11.0,37.0,4.0,0.0,1.0,10,10,32,0,32,0,73.367,1428.5,997.0,2210.0,67.35,4.0,10.99,roster,0,183.0,140.0,5.7188,179.29,7.5485,1.4,0.9099,3.2679,120.12,27.79,0.0,51.38,55.25
2024-08-16 11:00:00,11,52,52,5.0,10.0,34.0,3.0,0.0,1.0,8,9,31,0,31,0,74.367,1386.0,533.0,1796.0,68.35,4.0,10.99,roster,0,173.0,130.0,4.8056,160.21,7.0495,1.3,0.8189,3.3269,111.54,26.92,0.0,41.76,44.9
2024-08-16 12:00:00,12,43,43,4.0,10.0,27.0,2.0,0.0,1.0,5,5,25,1,26,1,75.367,1136.5,155.0,1591.0,64.683,4.0,10.99,roster,0,145.0,107.5,2.5893,145.2,5.1592,1.075,0.455,3.3721,92.24,22.58,13.4,36.99,39.775
2024-08-16 13:00:00,13,37,37,4.0,8.0,21.0,4.0,0.0,1.0,4,4,22,1,23,1,76.367,424.0,169.0,1334.0,65.683,4.0,10.99,roster,0,123.0,92.5,1.8088,123.75,4.2849,0.925,0.364,3.3243,79.36,19.97,13.4,31.02,33.35
2024-08-16 14:00:00,14,31,31,3.0,6.0,20.0,2.0,0.0,1.0,6,5,16,1,17,1,77.367,275.0,217.0,1276.0,40.833,4.0,10.99,roster,0,103.0,77.5,1.1196,104.32,4.0866,0.775,0.455,3.3226,66.5,14.76,13.4,29.67,31.9
2024-08-16 15:00:00,15,33,33,2.0,7.0,20.0,3.0,1.0,1.0,6,6,13,1,14,1,78.367,329.5,277.0,1336.0,41.833,4.0,10.99,roster,0,105.0,82.5,1.0096,107.4,4.3621,0.825,0.546,3.1818,70.78,12.16,13.4,31.06,33.4
2024-08-16 16:00:00,16,25,25,1.0,6.0,12.0,5.0,1.0,1.0,9,9,7,1,8,1,79.367,282.5,103.0,349.0,23.267,4.0,10.99,roster,0,76.0,62.5,0.5938,62.09,4.3895,0.625,0.8189,3.04,53.62,6.95,13.4,8.11,8.725
2024-08-16 17:00:00,17,27,27,1.0,6.0,16.0,4.0,0.0,1.0,10,11,8,1,9,1,80.367,163.0,141.0,393.0,24.267,4.0,10.99,roster,0,85.0,67.5,0.6855,68.27,5.276,0.675,1.0009,3.1481,57.92,7.81,13.4,9.14,9.825
2024-08-16 18:00:00,18,27,27,1.0,6.0,17.0,3.0,0.0,1.0,5,5,10,2,12,2,81.367,203.0,122.0,453.0,25.267,4.0,10.99,roster,0,86.0,67.5,0.7679,85.67,3.5991,0.675,0.455,3.1852,57.92,10.42,26.8,10.53,11.325
2024-08-16 19:00:00,19,26,26,0.0,7.0,16.0,3.0,0.0,1.0,5,4,9,1,10,1,82.367,244.5,163.0,283.0,26.267,4.0,10.99,roster,0,82.0,65.0,0.6833,64.43,3.1979,0.65,0.364,3.1538,55.77,8.68,13.4,6.58,7.075
2024-08-16 20:00:00,20,28,28,0.0,7.0,16.0,5.0,0.0,1.0,8,8,8,2,10,2,83.367,265.0,195.0,325.0,8.6,4.0,10.52,roster,0,86.0,70.0,0.7167,83.1,4.4857,0.7,0.7605,3.0714,60.06,8.68,26.8,7.56,8.125
2024-08-16 21:00:00,21,29,29,0.0,7.0,18.0,4.0,0.0,1.0,9,7,10,1,11,1,84.367,302.0,122.0,385.0,9.6,4.0,10.52,roster,0,90.0,72.5,0.7759,74.11,4.315,0.725,0.6654,3.1034,62.2,9.55,13.4,8.95,9.625
2024-08-16 22:00:00,22,26,26,1.0,6.0,16.0,3.0,0.0,1.0,4,3,8,1,9,1,85.367,362.0,182.0,445.0,10.6,3.0,7.27,roster,0,83.0,65.0,0.8925,67.33,3.3923,0.65,0.4127,3.1923,55.77,7.81,13.4,10.35,11.125
2024-08-16 23:00:00,23,27,27,1.0,6.0,18.0,2.0,0.0,1.0,8,6,8,1,9,1,86.367,422.0,237.0,505.0,11.6,3.0,7.27,roster,0,87.0,67.5,0.9355,70.87,4.8343,0.675,0.8253,3.2222,57.92,7.81,13.4,11.74,12.625
2024-08-17 00:00:00,0,23,23,1.0,6.0,15.0,1.0,0.0,1.0,7,5,8,1,9,1,87.367,482.0,297.0,565.0,12.6,3.0,7.27,roster,0,76.0,57.5,0.8172,63.69,4.1726,0.575,0.6878,3.3043,49.33,7.81,13.4,13.14,14.125
2024-08-17 01:00:00,1,26,26,1.0,7.0,17.0,1.0,0.0,1.0,6,5,8,1,9,1,88.367,542.0,357.0,625.0,13.6,3.0,7.27,roster,0,86.0,65.0,0.9247,71.52,4.4249,0.65,0.6878,3.3077,55.77,7.81,13.4,14.53,15.625
2024-08-17 02:00:00,2,22,22,1.0,7.0,13.0,1.0,0.0,1.0,2,2,9,1,10,1,89.367,578.5,331.0,685.0,14.6,3.0,7.27,roster,0,74.0,55.0,0.8222,65.2,2.7753,0.55,0.2751,3.3636,47.19,8.68,13.4,15.93,17.125
2024-08-17 03:00:00,3,27,27,1.0,8.0,17.0,1.0,0.0,1.0,6,5,10,1,11,1,90.367,615.0,313.0,745.0,15.6,3.0,7.27,roster,0,90.0,67.5,1.0345,78.19,4.5425,0.675,0.6878,3.3333,57.92,9.55,13.4,17.32,18.625
2024-08-17 04:00:00,4,24,24,0.0,6.0,17.0,1.0,0.0,1.0,3,3,9,0,9,0,16.6,722.0,537.0,805.0,16.6,3.0,7.27,roster,0,77.0,60.0,0.828,58.01,3.2489,0.6,0.4127,3.2083,51.48,7.81,0.0,18.72,20.125
2024-08-17 05:00:00,5,20,20,0.0,5.0,14.0,1.0,0.0,1.0,4,3,10,0,10,0,17.6,758.5,268.0,865.0,17.6,3.0,7.27,roster,0,64.0,50.0,0.7111,51.69,2.9205,0.5,0.4127,3.2,42.9,8.68,0.0,20.11,21.625
2024-08-17 06:00:00,6,20,20,0.0,5.0,14.0,1.0,0.0,1.0,3,3,10,0,10,0,18.6,818.5,328.0,925.0,18.6,3.0,7.27,roster,0,64.0,50.0,0.7111,53.09,2.9205,0.5,0.4127,3.2,42.9,8.68,0.0,21.51,23.125
2024-08-17 07:00:00,7,21,21,0.0,5.0,15.0,1.0,0.0,1.0,3,3,11,0,11,0,19.6,855.0,356.0,985.0,19.6,3.0,7.27,roster,0,67.0,52.5,0.7701,57.5,2.9916,0.525,0.4127,3.1905,45.04,9.55,0.0,22.9,24.625
2024-08-17 08:00:00,8,24,24,1.0,5.0,17.0,1.0,0.0,1.0,6,6,11,0,11,0,20.6,915.0,416.0,1045.0,20.6,3.0,6.6,roster,0,78.0,60.0,0.8966,65.33,4.9045,0.6,0.9091,3.25,51.48,9.55,0.0,24.3,26.125
2024-08-17 09:00:00,9,29,29,1.0,5.0,20.0,3.0,0.0,1.0,8,7,15,1,16,1,21.6,492.0,116.0,1068.0,21.6,3.0,6.6,roster,0,91.0,72.5,1.2639,94.33,5.6031,0.725,1.0606,3.1379,62.2,13.89,13.4,24.83,26.7
2024-08-17 10:00:00,10,33,33,0.0,6.0,19.0,7.0,1.0,1.0,10,8,14,0,14,0,22.6,552.0,149.0,1082.0,22.6,4.0,10.3,roster,0,96.0,82.5,0.9231,88.1,4.6595,0.825,0.7767,2.9091,70.78,12.16,0.0,25.16,27.05
2024-08-17 11:00:00,11,39,39,1.0,6.0,23.0,8.0,1.0,1.0,13,12,15,0,15,0,20.717,465.0,202.0,1095.0,20.717,4.0,10.3,roster,0,115.0,97.5,1.15,102.14,6.3104,0.975,1.165,2.9487,83.66,13.02,0.0,25.46,27.375
2024-08-17 12:00:00,12,33,33,1.0,4.0,23.0,5.0,0.0,1.0,12,11,13,0,13,0,21.717,269.0,172.0,688.0,21.717,4.0,10.3,roster,0,100.0,82.5,0.9259,78.07,5.7362,0.825,1.068,3.0303,70.78,11.29,0.0,16.0,17.2
2024-08-17 13:00:00,13,30,30,1.0,2.0,23.0,4.0,0.0,1.0,3,3,15,0,15,0,22.717,232.0,119.0,748.0,22.717,4.0,10.3,roster,0,90.0,75.0,0.9,74.77,3.1238,0.75,0.2913,3.0,64.35,13.02,0.0,17.39,18.7
2024-08-17 14:00:00,14,23,23,1.0,2.0,18.0,2.0,0.0,1.0,8,7,8,0,8,0,14.55,219.5,179.0,389.0,13.467,4.0,10.3,roster,0,71.0,57.5,0.5547,45.33,3.8729,0.575,0.6796,3.087,49.33,6.95,0.0,9.04,9.725
2024-08-17 15:00:00,15,20,20,0.0,2.0,16.0,2.0,0.0,1.0,6,5,5,0,5,0,14.467,239.0,196.0,309.0,14.467,4.0,10.3,roster,0,60.0,50.0,0.4286,34.43,2.9563,0.5,0.4854,3.0,42.9,4.34,0.0,7.18,7.725
2024-08-17 16:00:00,16,23,23,0.0,2.0,19.0,2.0,0.0,1.0,12,9,6,0,6,0,15.467,277.5,124.0,369.0,15.467,4.0,10.3,roster,0,69.0,57.5,0.5074,43.12,4.3464,0.575,0.8738,3.0,49.33,5.21,0.0,8.58,9.225
2024-08-17 17:00:00,17,20,20,0.0,2.0,17.0,1.0,0.0,1.0,9,6,7,0,7,0,16.467,184.0,93.0,429.0,16.467,4.0,10.3,roster,0,61.0,50.0,0.4621,38.95,3.3017,0.5,0.5825,3.05,42.9,6.08,0.0,9.97,10.725
2024-08-17 18:00:00,18,21,21,0.0,2.0,17.0,2.0,0.0,1.0,7,6,8,0,8,0,17.467,199.5,153.0,489.0,17.467,4.0,10.3,roster,0,63.0,52.5,0.4922,43.36,3.3226,0.525,0.5825,3.0,45.04,6.95,0.0,11.37,12.225
2024-08-17 19:00:00,19,21,21,0.0,2.0,17.0,2.0,0.0,1.0,10,8,6,0,6,0,18.467,391.5,200.0,549.0,18.467,4.0,10.3,roster,0,63.0,52.5,0.4632,43.02,3.9051,0.525,0.7767,3.0,45.04,5.21,0.0,12.76,13.725
2024-08-17 20:00:00,20,24,24,0.0,2.0,22.0,0.0,0.0,1.0,10,9,7,0,7,0,19.467,364.0,68.0,609.0,19.467,4.0,10.37,roster,0,74.0,60.0,0.5606,51.72,4.526,0.6,0.8679,3.0833,51.48,6.08,0.0,14.16,15.225
2024-08-17 21:00:00,21,21,21,0.0,2.0,18.0,1.0,0.0,1.0,8,7,6,0,6,0,20.467,511.5,128.0,669.0,20.467,4.0,10.37,roster,0,64.0,52.5,0.4706,45.81,3.6572,0.525,0.675,3.0476,45.04,5.21,0.0,15.55,16.725
2024-08-17 22:00:00,22,23,23,0.0,3.0,19.0,1.0,0.0,1.0,11,10,7,0,7,0,21.467,484.0,115.0,729.0,21.467,3.0,6.67,roster,0,71.0,57.5,0.7172,52.36,6.4031,0.575,1.4993,3.087,49.33,6.08,0.0,16.95,18.225
2024-08-17 23:00:00,23,23,23,0.0,3.0,18.0,2.0,0.0,1.0,8,8,9,0,9,0,22.467,246.0,130.0,719.0,22.467,3.0,6.67,roster,0,70.0,57.5,0.7527,53.87,5.4003,0.575,1.1994,3.0435,49.33,7.81,0.0,16.72,17.975
2024-08-18 00:00:00,0,22,22,0.0,3.0,18.0,1.0,0.0,1.0,7,6,10,0,10,0,23.467,212.5,174.0,779.0,23.467,3.0,6.67,roster,0,68.0,55.0,0.7556,53.98,4.4804,0.55,0.8996,3.0909,47.19,8.68,0.0,18.11,19.475
2024-08-18 01:00:00,1,20,20,0.0,2.0,16.0,2.0,0.0,1.0,2,2,10,0,10,0,24.467,272.5,234.0,839.0,24.467,3.0,6.67,roster,0,60.0,50.0,0.6667,51.09,2.3996,0.5,0.2999,3.0,42.9,8.68,0.0,19.51,20.975
2024-08-18 02:00:00,2,19,19,0.0,2.0,15.0,2.0,0.0,1.0,3,3,10,0,10,0,25.467,332.5,294.0,899.0,25.467,3.0,6.67,roster,0,57.0,47.5,0.6333,50.34,2.7743,0.475,0.4498,3.0,40.75,8.68,0.0,20.9,22.475
2024-08-18 03:00:00,3,18,18,0.0,2.0,15.0,1.0,0.0,1.0,5,4,10,0,10,0,26.467,392.5,354.0,959.0,26.467,3.0,6.67,roster,0,55.0,45.0,0.6111,49.59,3.2074,0.45,0.5997,3.0556,38.61,8.68,0.0,22.3,23.975
2024-08-18 04:00:00,4,18,18,0.0,2.0,16.0,0.0,0.0,1.0,2,2,11,0,11,0,27.467,430.0,338.0,1019.0,27.467,3.0,6.67,roster,0,56.0,45.0,0.6437,51.85,2.3329,0.45,0.2999,3.1111,38.61,9.55,0.0,23.69,25.475
2024-08-18 05:00:00,5,18,18,0.0,3.0,15.0,0.0,0.0,1.0,2,1,11,0,11,0,28.467,490.0,398.0,1079.0,28.467,3.0,6.67,roster,0,57.0,45.0,0.6552,53.25,1.8998,0.45,0.1499,3.1667,38.61,9.55,0.0,25.09,26.975
2024-08-18 06:00:00,6,20,20,0.0,3.0,16.0,1.0,0.0,1.0,3,2,11,0,11,0,29.467,550.0,458.0,1139.0,29.467,3.0,6.67,roster,0,62.0,50.0,0.7126,58.93,2.4795,0.5,0.2999,3.1,42.9,9.55,0.0,26.48,28.475
2024-08-18 07:00:00,7,25,25,0.0,3.0,21.0,1.0,0.0,1.0,7,6,11,0,11,0,30.467,610.0,518.0,1199.0,30.467,3.0,6.67,roster,0,77.0,62.5,0.8851,71.05,4.6956,0.625,0.8996,3.08,53.62,9.55,0.0,27.88,29.975
2024-08-18 08:00:00,8,23,23,0.0,3.0,19.0,1.0,0.0,1.0,7,6,11,0,11,0,31.467,670.0,578.0,1259.0,31.467,3.0,7.88,roster,0,71.0,57.5,0.8161,68.16,4.1255,0.575,0.7614,3.087,49.33,9.55,0.0,29.27,31.475
2024-08-18 09:00:00,9,24,24,0.0,3.0,19.0,2.0,0.0,1.0,8,8,9,0,9,0,32.467,730.0,638.0,1319.0,32.467,3.0,7.88,roster,0,73.0,60.0,0.7849,69.96,4.913,0.6,1.0152,3.0417,51.48,7.81,0.0,30.67,32.975
2024-08-18 10:00:00,10,20,20,0.0,3.0,17.0,0.0,0.0,1.0,4,4,9,1,10,1,33.467,784.5,666.0,1379.0,33.467,4.0,11.2,roster,0,63.0,50.0,0.525,77.04,2.7,0.5,0.3571,3.15,42.9,8.68,13.4,32.06,34.475
2024-08-18 11:00:00,11,29,29,1.0,3.0,24.0,1.0,0.0,1.0,16,15,8,1,9,1,34.467,758.0,505.0,1439.0,34.467,4.0,11.2,roster,0,91.0,72.5,0.7339,96.88,6.4776,0.725,1.3393,3.1379,62.2,7.81,13.4,33.46,35.975
2024-08-18 12:00:00,12,30,30,1.0,2.0,26.0,1.0,0.0,1.0,14,13,6,1,7,1,26.15,818.0,113.0,1499.0,26.15,4.0,11.2,roster,0,93.0,75.0,0.7045,98.68,5.9232,0.75,1.1607,3.1,64.35,6.08,13.4,34.85,37.475
2024-08-18 13:00:00,13,20,20,1.0,3.0,16.0,0.0,0.0,1.0,7,4,6,3,9,3,27.15,200.0,90.0,959.0,27.15,4.0,11.2,roster,0,65.0,50.0,0.5242,93.21,2.7857,0.5,0.3571,3.25,42.9,7.81,40.2,22.3,23.975
2024-08-18 14:00:00,14,25,25,0.0,4.0,21.0,0.0,0.0,1.0,9,9,6,2,8,2,28.15,599.0,150.0,1619.0,28.15,4.0,11.2,roster,0,79.0,62.5,0.6172,105.01,4.5143,0.625,0.8036,3.16,53.62,6.95,26.8,37.64,40.475
2024-08-18 15:00:00,15,27,27,0.0,5.0,21.0,1.0,0.0,1.0,13,12,8,2,10,2,29.15,208.0,102.0,1079.0,29.15,4.0,11.2,roster,0,85.0,67.5,0.7083,98.48,5.498,0.675,1.0714,3.1481,57.92,8.68,26.8,25.09,26.975
2024-08-18 16:00:00,16,27,27,0.0,5.0,21.0,1.0,0.0,1.0,11,9,11,1,12,1,30.15,206.0,142.0,1139.0,30.15,4.0,11.2,roster,0,85.0,67.5,0.7589,88.22,4.6548,0.675,0.8036,3.1481,57.92,10.42,13.4,26.48,28.475
2024-08-18 17:00:00,17,31,31,0.0,5.0,24.0,2.0,0.0,1.0,7,7,14,1,15,1,31.15,210.0,125.0,1118.0,31.15,4.0,11.2,roster,0,96.0,77.5,0.96,98.91,4.3355,0.775,0.625,3.0968,66.5,13.02,13.4,25.99,27.95
2024-08-18 18:00:00,18,31,31,0.0,4.0,23.0,4.0,0.0,1.0,10,10,12,1,13,1,32.15,262.0,185.0,386.0,32.15,4.0,11.2,roster,0,93.0,77.5,0.8611,80.16,5.0036,0.775,0.8929,3.0,66.5,11.29,13.4,8.97,9.65
2024-08-18 19:00:00,19,23,23,0.0,5.0,17.0,1.0,0.0,1.0,7,6,11,1,12,1,33.15,289.0,232.0,1238.0,33.15,4.0,11.2,roster,0,73.0,57.5,0.6518,81.94,3.5253,0.575,0.5357,3.1739,49.33,10.42,13.4,28.78,30.95
2024-08-18 20:00:00,20,26,26,1.0,5.0,19.0,1.0,0.0,1.0,10,7,11,1,12,1,34.15,349.0,292.0,1298.0,34.15,4.0,9.96,roster,0,84.0,65.0,0.75,89.77,4.3706,0.65,0.7028,3.2308,55.77,10.42,13.4,30.18,32.45
2024-08-18 21:00:00,21,32,32,1.0,5.0,25.0,1.0,0.0,1.0,16,14,10,0,10,0,35.15,409.0,352.0,1358.0,35.15,4.0,9.96,roster,0,102.0,80.0,0.85,88.9,7.0304,0.8,1.4056,3.1875,68.64,8.68,0.0,31.57,33.95
2024-08-18 22:00:00,22,27,27,1.0,6.0,17.0,3.0,0.0,1.0,10,9,11,0,11,0,36.15,425.0,163.0,1418.0,36.15,3.0,6.64,roster,0,86.0,67.5,0.9885,80.43,6.4673,0.675,1.3554,3.1852,57.92,9.55,0.0,32.97,35.45
2024-08-18 23:00:00,23,33,33,1.0,6.0,23.0,3.0,0.0,1.0,13,13,12,0,12,0,37.15,478.5,223.0,1478.0,37.15,3.0,6.64,roster,0,104.0,82.5,1.2381,95.57,8.7701,0.825,1.9578,3.1515,70.78,10.42,0.0,34.36,36.95
2024-08-19 00:00:00,0,25,25,1.0,6.0,16.0,2.0,0.0,1.0,4,2,13,0,13,0,38.15,532.0,208.0,622.0,38.15,3.0,6.64,roster,0,81.0,62.5,1.0,59.37,3.0009,0.625,0.3012,3.24,53.62,11.29,0.0,14.46,15.55
2024-08-19 01:00:00,1,21,21,1.0,6.0,12.0,2.0,0.0,1.0,2,1,13,0,13,0,39.15,592.0,268.0,682.0,39.15,3.0,6.64,roster,0,69.0,52.5,0.8519,52.19,2.2198,0.525,0.1506,3.2857,45.04,11.29,0.0,15.86,17.05
2024-08-19 02:00:00,2,20,20,1.0,6.0,12.0,1.0,0.0,1.0,5,4,12,0,12,0,40.15,658.5,403.0,1658.0,40.15,3.0,6.64,roster,0,67.0,50.0,0.7976,71.87,3.6931,0.5,0.6024,3.35,42.9,10.42,0.0,38.55,41.45
2024-08-19 03:00:00,3,20,20,1.0,6.0,12.0,1.0,0.0,1.0,3,2,12,0,12,0,41.15,718.5,463.0,1718.0,41.15,3.0,6.64,roster,0,67.0,50.0,0.7976,73.26,2.684,0.5,0.3012,3.35,42.9,10.42,0.0,39.94,42.95
2024-08-19 04:00:00,4,22,22,1.0,6.0,14.0,1.0,0.0,1.0,3,3,12,0,12,0,42.15,778.5,523.0,1778.0,42.15,3.0,6.64,roster,0,73.0,55.0,0.869,78.95,3.3242,0.55,0.4518,3.3182,47.19,10.42,0.0,41.34,44.45
2024-08-19 05:00:00,5,27,27,1.0,6.0,19.0,1.0,0.0,1.0,6,6,12,0,12,0,43.15,838.5,583.0,1838.0,43.15,3.0,6.64,roster,0,88.0,67.5,1.0476,91.07,5.1451,0.675,0.9036,3.2593,57.92,10.42,0.0,42.73,45.95
2024-08-19 06:00:00,6,25,25,1.0,6.0,17.0,1.0,0.0,1.0,1,1,12,0,12,0,44.15,898.5,643.0,1898.0,44.15,3.0,6.64,roster,0,82.0,62.5,0.9762,88.17,2.544,0.625,0.1506,3.28,53.62,10.42,0.0,44.13,47.45
2024-08-19 07:00:00,7,25,25,1.0,6.0,18.0,0.0,0.0,1.0,4,3,12,0,12,0,45.15,958.5,703.0,1958.0,45.15,3.0,6.64,roster,0,83.0,62.5,0.9881,89.57,3.575,0.625,0.4518,3.32,53.62,10.42,0.0,45.52,48.95
2024-08-19 08:00:00,8,29,29,1.0,6.0,21.0,1.0,0.0,1.0,8,7,12,0,12,0,46.15,1018.5,763.0,2018.0,46.15,3.0,7.74,roster,0,94.0,72.5,1.119,99.54,5.2815,0.725,0.9044,3.2414,62.2,10.42,0.0,46.92,50.45
2024-08-19 09:00:00,9,34,34,1.0,8.0,21.0,4.0,0.0,1.0,6,6,14,0,14,0,47.15,961.5,742.0,1162.0,47.15,3.0,7.74,roster,0,108.0,85.0,1.3846,92.1,5.1624,0.85,0.7752,3.1765,72.93,12.16,0.0,27.02,29.05
2024-08-19 10:00:00,10,41,41,1.0,12.0,25.0,3.0,0.0,1.0,12,10,16,0,16,0,48.15,897.0,731.0,1222.0,48.15,4.0,11.1,roster,0,134.0,102.5,1.3958,110.25,6.2944,1.025,0.9009,3.2683,87.94,13.89,0.0,28.41,30.55
2024-08-19 11:00:00,11,45,45,1.0,14.0,27.0,3.0,0.0,1.0,9,9,18,0,18,0,49.15,902.5,165.0,1252.0,49.15,4.0,11.1,roster,0,148.0,112.5,1.6818,121.26,6.3667,1.125,0.8108,3.2889,96.52,15.63,0.0,29.11,31.3
2024-08-19 12:00:00,12,46,46,1.0,13.0,29.0,3.0,0.0,1.0,9,9,19,0,19,0,48.983,851.0,173.0,1265.0,48.983,4.0,11.1,roster,0,150.0,115.0,1.7857,124.58,6.3939,1.15,0.8108,3.2609,98.67,16.5,0.0,29.41,31.625
2024-08-19 13:00:00,13,47,47,1.0,14.0,27.0,4.0,1.0,1.0,10,10,18,0,18,0,49.983,327.5,230.0,1312.0,49.983,4.0,11.1,roster,0,151.0,117.5,1.7159,126.95,6.6694,1.175,0.9009,3.2128,100.82,15.63,0.0,30.5,32.8
2024-08-19 14:00:00,14,48,48,0.0,10.0,29.0,8.0,1.0,1.0,14,15,17,0,17,0,50.983,345.0,182.0,1151.0,50.983,4.0,11.1,roster,0,144.0,120.0,1.5652,124.48,7.6541,1.2,1.3514,3.0,102.96,14.76,0.0,26.76,28.775
2024-08-19 15:00:00,15,39,39,0.0,9.0,24.0,5.0,1.0,1.0,6,5,16,1,17,1,51.983,273.0,153.0,461.0,51.983,4.0,11.1,roster,0,119.0,97.5,1.2935,102.53,4.3495,0.975,0.4505,3.0513,83.66,14.76,13.4,10.72,11.525
2024-08-19 16:00:00,16,40,40,0.0,9.0,27.0,4.0,0.0,1.0,9,8,15,0,15,0,52.983,333.0,213.0,1162.0,52.983,4.0,11.1,roster,0,125.0,100.0,1.25,105.84,5.3773,1.0,0.7207,3.125,85.8,13.02,0.0,27.02,29.05
2024-08-19 17:00:00,17,43,43,0.0,11.0,28.0,4.0,0.0,1.0,11,10,14,0,14,0,53.983,377.5,273.0,581.0,53.983,4.0,11.1,roster,0,136.0,107.5,1.3077,97.9,6.2494,1.075,0.9009,3.1628,92.24,12.16,0.0,13.51,14.525
2024-08-19 18:00:00,18,34,34,0.0,11.0,21.0,2.0,0.0,1.0,6,6,16,0,16,0,54.983,418.0,298.0,641.0,54.983,4.0,11.1,roster,0,111.0,85.0,1.1562,81.73,4.5397,0.85,0.5405,3.2647,72.93,13.89,0.0,14.9,16.025
2024-08-19 19:00:00,19,25,25,0.0,9.0,15.0,1.0,0.0,1.0,6,5,12,0,12,0,27.867,440.0,290.0,590.0,27.867,4.0,11.1,roster,0,83.0,62.5,0.7411,57.76,3.5705,0.625,0.4505,3.32,53.62,10.42,0.0,13.72,14.75
2024-08-19 20:00:00,20,26,26,0.0,7.0,17.0,2.0,0.0,1.0,10,7,12,0,12,0,28.867,416.5,205.0,650.0,28.867,4.0,10.79,roster,0,83.0,65.0,0.7411,61.3,4.146,0.65,0.6487,3.1923,55.77,10.42,0.0,15.11,16.25
2024-08-19 21:00:00,21,27,27,0.0,6.0,20.0,1.0,0.0,1.0,10,8,12,0,12,0,29.867,476.5,265.0,710.0,29.867,4.0,10.79,roster,0,86.0,67.5,0.7679,64.84,4.5116,0.675,0.7414,3.1852,57.92,10.42,0.0,16.51,17.75
2024-08-19 22:00:00,22,23,23,0.0,7.0,15.0,1.0,0.0,1.0,6,7,11,0,11,0,30.867,586.0,294.0,770.0,30.867,3.0,7.43,roster,0,75.0,57.5,0.8621,56.79,4.9472,0.575,0.9421,3.2609,49.33,9.55,0.0,17.9,19.25
2024-08-19 23:00:00,23,17,17,0.0,4.0,12.0,1.0,0.0,1.0,4,3,10,0,10,0,31.867,596.5,354.0,830.0,31.867,3.0,7.43,roster,0,54.0,42.5,0.6,44.45,2.6326,0.425,0.4038,3.1765,36.46,8.68,0.0,19.3,20.75
2024-08-20 00:00:00,0,19,19,0.0,5.0,13.0,1.0,0.0,1.0,5,4,11,0,11,0,32.867,607.0,397.0,890.0,32.867,3.0,7.43,roster,0,61.0,47.5,0.7011,51.0,3.2534,0.475,0.5384,3.2105,40.75,9.55,0.0,20.69,22.25
2024-08-20 01:00:00,1,20,20,0.0,5.0,14.0,1.0,0.0,1.0,4,3,12,0,12,0,33.867,586.0,457.0,950.0,33.867,3.0,7.43,roster,0,64.0,50.0,0.7619,55.41,2.8921,0.5,0.4038,3.2,42.9,10.42,0.0,22.09,23.75
2024-08-20 02:00:00,2,22,22,0.0,5.0,16.0,1.0,0.0,1.0,3,2,12,1,13,1,34.867,565.0,436.0,933.0,34.867,3.0,7.43,roster,0,70.0,55.0,0.8642,73.57,2.6065,0.55,0.2692,3.1818,47.19,11.29,13.4,21.69,23.325
2024-08-20 03:00:00,3,21,21,0.0,5.0,15.0,1.0,0.0,1.0,2,2,12,1,13,1,35.867,625.0,496.0,993.0,35.867,3.0,7.43,roster,0,67.0,52.5,0.8272,72.82,2.5338,0.525,0.2692,3.1905,45.04,11.29,13.4,23.09,24.825
2024-08-20 04:00:00,4,19,19,0.0,5.0,12.0,2.0,0.0,1.0,1,1,12,1,13,1,36.867,685.0,556.0,1053.0,36.867,3.0,7.43,roster,0,60.0,47.5,0.7407,69.93,1.925,0.475,0.1346,3.1579,40.75,11.29,13.4,24.48,26.325
2024-08-20 05:00:00,5,19,19,0.0,4.0,13.0,2.0,0.0,1.0,1,1,12,1,13,1,37.867,745.0,616.0,1113.0,37.867,3.0,7.43,roster,0,59.0,47.5,0.7284,71.32,1.8929,0.475,0.1346,3.1053,40.75,11.29,13.4,25.88,27.825
2024-08-20 06:00:00,6,18,18,0.0,4.0,12.0,2.0,0.0,1.0,0,0,12,0,12,0,38.867,886.0,757.0,1250.0,38.867,3.0,7.43,roster,0,56.0,45.0,0.6667,58.09,1.4,0.45,0.0,3.1111,38.61,10.42,0.0,29.06,31.25
2024-08-20 07:00:00,7,21,21,0.0,5.0,13.0,3.0,0.0,1.0,5,5,12,0,12,0,39.867,946.0,817.0,1310.0,39.867,3.0,7.43,roster,0,65.0,52.5,0.7738,65.92,3.7079,0.525,0.6729,3.0952,45.04,10.42,0.0,30.46,32.75
2024-08-20 08:00:00,8,21,21,0.0,5.0,14.0,2.0,0.0,1.0,2,2,12,0,12,0,40.867,1006.0,877.0,1370.0,40.867,3.0,8.07,roster,0,66.0,52.5,0.7857,67.32,2.4289,0.525,0.2478,3.1429,45.04,10.42,0.0,31.85,34.25
2024-08-20 09:00:00,9,29,29,0.0,4.0,20.0,5.0,0.0,1.0,9,9,12,0,12,0,41.867,1066.0,937.0,1430.0,41.867,3.0,8.07,roster,0,86.0,72.5,1.0238,85.87,5.4573,0.725,1.1152,2.9655,62.2,10.42,0.0,33.25,35.75
2024-08-20 10:00:00,10,32,32,0.0,4.0,21.0,6.0,1.0,1.0,9,10,12,0,12,0,42.867,1029.5,916.0,1490.0,42.867,4.0,11.32,roster,0,92.0,80.0,0.8214,93.7,4.8398,0.8,0.8834,2.875,68.64,10.42,0.0,34.64,37.25
2024-08-20 11:00:00,11,34,34,0.0,4.0,23.0,7.0,0.0,1.0,5,5,14,0,14,0,43.867,1065.5,673.0,1473.0,43.867,4.0,11.32,roster,0,99.0,85.0,0.9519,99.33,3.7611,0.85,0.4417,2.9118,72.93,12.16,0.0,34.25,36.825
2024-08-20 12:00:00,12,37,37,0.0,6.0,21.0,10.0,0.0,1.0,9,9,15,0,15,0,44.867,1036.0,166.0,1327.0,44.867,4.0,11.32,roster,0,107.0,92.5,1.07,103.24,4.9742,0.925,0.7951,2.8919,79.36,13.02,0.0,30.85,33.175
2024-08-20 13:00:00,13,36,36,0.0,6.0,22.0,8.0,0.0,1.0,7,7,14,1,15,1,45.867,893.0,178.0,1225.0,45.867,4.0,11.32,roster,0,106.0,90.0,1.06,112.13,4.4708,0.9,0.6184,2.9444,77.22,13.02,13.4,28.48,30.625
2024-08-20 14:00:00,14,35,35,1.0,5.0,22.0,6.0,1.0,1.0,6,5,14,1,15,1,46.867,293.0,194.0,1285.0,46.867,4.0,11.32,roster,0,104.0,87.5,1.04,111.38,3.9125,0.875,0.4417,2.9714,75.08,13.02,13.4,29.88,32.125
2024-08-20 15:00:00,15,30,30,1.0,5.0,18.0,4.0,2.0,1.0,7,6,10,1,11,1,47.867,298.0,194.0,1345.0,47.867,4.0,11.32,roster,0,89.0,75.0,0.7672,98.57,3.7974,0.75,0.53,2.9667,64.35,9.55,13.4,31.27,33.625
2024-08-20 16:00:00,16,25,25,1.0,3.0,16.0,4.0,1.0,1.0,5,5,8,1,9,1,48.867,254.0,163.0,340.0,48.867,4.0,11.32,roster,0,74.0,62.5,0.5968,62.74,3.1574,0.625,0.4417,2.96,53.62,7.81,13.4,7.9,8.5
2024-08-20 17:00:00,17,29,29,1.0,3.0,21.0,3.0,1.0,1.0,9,8,8,0,8,0,49.867,308.5,223.0,1133.0,49.867,4.0,11.32,roster,0,87.0,72.5,0.6797,75.49,4.2951,0.725,0.7067,3.0,62.2,6.95,0.0,26.34,28.325
2024-08-20 18:00:00,18,28,28,1.0,3.0,21.0,3.0,0.0,1.0,5,5,10,1,11,1,50.867,283.0,102.0,460.0,50.867,4.0,11.32,roster,0,86.0,70.0,0.7414,73.71,3.5066,0.7,0.4417,3.0714,60.06,9.55,13.4,10.7,11.5
2024-08-20 19:00:00,19,30,30,1.0,2.0,24.0,3.0,0.0,1.0,7,8,10,1,11,1,51.867,275.0,135.0,494.0,51.867,4.0,11.32,roster,0,91.0,75.0,0.7845,78.79,4.4187,0.75,0.7067,3.0333,64.35,9.55,13.4,11.49,12.35
2024-08-20 20:00:00,20,32,32,1.0,4.0,25.0,2.0,0.0,1.0,8,8,10,1,11,1,52.867,335.0,187.0,554.0,52.867,4.0,10.99,roster,0,100.0,80.0,0.8621,84.47,4.7748,0.8,0.7279,3.125,68.64,9.55,13.4,12.88,13.85
2024-08-20 21:00:00,21,34,34,2.0,3.0,26.0,3.0,0.0,1.0,7,6,11,0,11,0,53.867,395.0,214.0,614.0,53.867,4.0,10.99,roster,0,106.0,85.0,0.9138,76.76,4.3521,0.85,0.546,3.1176,72.93,9.55,0.0,14.28,15.35
2024-08-20 22:00:00,22,33,33,2.0,1.0,25.0,5.0,0.0,1.0,8,8,11,1,12,1,54.867,438.0,274.0,674.0,54.867,3.0,7.74,roster,0,99.0,82.5,1.1786,90.28,5.5758,0.825,1.0336,3.0,70.78,10.42,13.4,15.67,16.85
2024-08-20 23:00:00,23,28,28,2.0,1.0,24.0,1.0,0.0,1.0,4,3,14,2,16,2,55.867,368.0,171.0,603.0,55.867,3.0,7.74,roster,0,88.0,70.0,1.2222,94.77,3.4182,0.7,0.3876,3.1429,60.06,13.89,26.8,14.02,15.075
2024-08-21 00:00:00,0,30,30,2.0,1.0,24.0,3.0,0.0,1.0,8,6,15,1,16,1,56.867,428.0,231.0,663.0,56.867,3.0,7.74,roster,0,92.0,75.0,1.2778,87.06,4.6773,0.75,0.7752,3.0667,64.35,13.89,13.4,15.41,16.575
2024-08-21 01:00:00,1,31,31,2.0,1.0,26.0,2.0,0.0,1.0,7,5,16,1,17,1,57.867,454.0,211.0,703.0,57.867,3.0,7.74,roster,0,96.0,77.5,1.3913,91.0,4.4005,0.775,0.646,3.0968,66.5,14.76,13.4,16.34,17.575
2024-08-21 02:00:00,2,28,28,1.0,2.0,24.0,1.0,0.0,1.0,4,3,16,0,16,0,58.867,548.0,271.0,783.0,58.867,3.0,7.74,roster,0,87.0,70.0,1.2083,72.16,3.3793,0.7,0.3876,3.1071,60.06,13.89,0.0,18.2,19.575
2024-08-21 03:00:00,3,26,26,1.0,2.0,22.0,1.0,0.0,1.0,1,1,16,1,17,1,59.867,574.0,307.0,823.0,59.867,3.0,7.74,roster,0,81.0,65.0,1.1739,83.07,2.4275,0.65,0.1292,3.1154,55.77,14.76,13.4,19.13,20.575
2024-08-21 04:00:00,4,26,26,1.0,2.0,21.0,2.0,0.0,1.0,2,1,15,1,16,1,60.867,668.0,391.0,903.0,60.867,3.0,7.74,roster,0,80.0,65.0,1.1111,84.06,2.3975,0.65,0.1292,3.0769,55.77,13.89,13.4,20.99,22.575
2024-08-21 05:00:00,5,29,29,1.0,4.0,22.0,2.0,0.0,1.0,4,4,15,1,16,1,61.867,728.0,451.0,963.0,61.867,3.0,7.74,roster,0,91.0,72.5,1.2639,91.89,3.8967,0.725,0.5168,3.1379,62.2,13.89,13.4,22.39,24.075
2024-08-21 06:00:00,6,28,28,1.0,5.0,21.0,1.0,0.0,1.0,1,1,16,1,17,1,62.867,754.0,487.0,1003.0,62.867,3.0,7.74,roster,0,90.0,70.0,1.3043,91.54,2.6653,0.7,0.1292,3.2143,60.06,14.76,13.4,23.32,25.075
2024-08-21 07:00:00,7,27,27,1.0,4.0,21.0,1.0,0.0,1.0,2,2,17,1,18,1,63.867,772.5,513.0,1063.0,63.867,3.0,7.74,roster,0,86.0,67.5,1.303,91.66,2.973,0.675,0.2584,3.1852,57.92,15.63,13.4,24.71,26.575
2024-08-21 08:00:00,8,25,25,1.0,3.0,20.0,1.0,0.0,1.0,1,2,17,1,18,1,64.867,832.5,573.0,1123.0,64.867,3.0,6.63,roster,0,79.0,62.5,1.197,88.76,2.9282,0.625,0.3017,3.16,53.62,15.63,13.4,26.11,28.075
2024-08-21 09:00:00,9,31,31,0.0,4.0,26.0,1.0,0.0,1.0,8,7,16,1,17,1,65.867,851.0,633.0,1115.0,65.867,3.0,6.63,roster,0,96.0,77.5,1.3913,100.58,5.6696,0.775,1.0558,3.0968,66.5,14.76,13.4,25.92,27.875
2024-08-21 10:00:00,10,35,35,0.0,2.0,30.0,3.0,0.0,1.0,10,10,15,1,16,1,66.867,874.5,693.0,1263.0,66.867,4.0,9.67,roster,0,104.0,87.5,1.0833,111.73,5.6728,0.875,1.0341,2.9714,75.08,13.89,13.4,29.36,31.575
2024-08-21 11:00:00,11,37,37,0.0,1.0,29.0,7.0,0.0,1.0,11,11,12,1,13,1,37.667,811.0,172.0,1122.0,36.883,4.0,9.67,roster,0,105.0,92.5,0.9722,110.14,5.8532,0.925,1.1375,2.8378,79.36,11.29,13.4,26.09,28.05
2024-08-21 12:00:00,12,38,38,1.0,1.0,32.0,4.0,0.0,1.0,10,9,13,1,14,1,38.667,192.5,94.0,871.0,19.7,4.0,9.67,roster,0,113.0,95.0,1.0865,107.32,5.5926,0.95,0.9307,2.9737,81.51,12.16,13.4,20.25,21.775
2024-08-21 13:00:00,13,31,31,1.0,0.0,28.0,2.0,0.0,1.0,1,1,17,1,18,1,20.7,177.0,94.0,907.0,20.7,4.0,9.67,roster,0,93.0,77.5,1.0568,96.61,2.6352,0.775,0.1034,3.0,66.5,15.63,13.4,21.09,22.675
2024-08-21 14:00:00,14,27,27,1.0,0.0,23.0,3.0,0.0,1.0,7,7,11,1,12,1,12.95,206.5,154.0,270.0,12.95,4.0,9.67,roster,0,80.0,67.5,0.7143,68.01,4.1449,0.675,0.7239,2.963,57.92,10.42,13.4,6.28,6.75
2024-08-21 15:00:00,15,24,24,1.0,1.0,19.0,3.0,0.0,1.0,6,6,11,0,11,0,8.0,249.0,199.0,320.0,5.55,4.0,9.67,roster,0,72.0,60.0,0.6207,48.47,3.6614,0.6,0.6205,3.0,51.48,9.55,0.0,7.44,8.0
2024-08-21 16:00:00,16,26,26,2.0,1.0,20.0,3.0,0.0,1.0,5,5,13,1,14,1,9.0,271.5,140.0,330.0,6.55,4.0,9.67,roster,0,80.0,65.0,0.7692,69.0,3.591,0.65,0.5171,3.0769,55.77,12.16,13.4,7.67,8.25
2024-08-21 17:00:00,17,25,25,2.0,2.0,20.0,1.0,0.0,1.0,6,6,14,2,16,2,10.0,324.0,174.0,390.0,7.55,4.0,9.67,roster,0,80.0,62.5,0.8333,83.39,3.9855,0.625,0.6205,3.2,53.62,13.89,26.8,9.07,9.75
2024-08-21 18:00:00,18,24,24,2.0,2.0,19.0,1.0,0.0,1.0,4,4,14,2,16,2,8.55,327.0,216.0,450.0,8.55,4.0,9.67,roster,0,77.0,60.0,0.8021,82.64,3.2521,0.6,0.4137,3.2083,51.48,13.89,26.8,10.46,11.25
2024-08-21 19:00:00,19,21,21,2.0,2.0,17.0,0.0,0.0,1.0,3,3,11,2,13,2,9.55,335.0,217.0,510.0,9.55,4.0,9.67,roster,0,69.0,52.5,0.6389,74.99,2.7444,0.525,0.3102,3.2857,45.04,11.29,26.8,11.86,12.75
2024-08-21 20:00:00,20,25,25,1.0,6.0,18.0,0.0,0.0,1.0,9,9,11,1,12,1,10.55,374.5,277.0,570.0,10.55,4.0,9.72,roster,0,83.0,62.5,0.7411,70.7,5.1491,0.625,0.9259,3.32,53.62,10.42,13.4,13.25,14.25
2024-08-21 21:00:00,21,27,27,1.0,5.0,21.0,0.0,0.0,1.0,9,9,12,0,12,0,11.55,425.5,247.0,630.0,11.55,4.0,9.72,roster,0,88.0,67.5,0.7857,62.98,5.2178,0.675,0.9259,3.2593,57.92,10.42,0.0,14.65,15.75
2024-08-21 22:00:00,22,29,29,1.0,5.0,23.0,0.0,0.0,1.0,4,4,15,0,15,0,12.55,397.0,154.0,629.0,12.55,3.0,6.68,roster,0,94.0,72.5,1.2533,69.85,4.2909,0.725,0.5988,3.2414,62.2,13.02,0.0,14.62,15.725
2024-08-21 23:00:00,23,25,25,1.0,2.0,21.0,1.0,0.0,1.0,6,6,16,0,16,0,13.55,412.0,214.0,689.0,13.55,3.0,6.68,roster,0,78.0,62.5,1.0833,63.54,4.7524,0.625,0.8982,3.12,53.62,13.89,0.0,16.02,17.225
2024-08-22 00:00:00,0,26,26,1.0,2.0,23.0,0.0,0.0,1.0,7,7,17,0,17,0,14.55,427.0,214.0,739.0,14.55,3.0,6.68,roster,0,82.0,65.0,1.1884,67.71,5.3549,0.65,1.0479,3.1538,55.77,14.76,0.0,17.18,18.475
2024-08-22 01:00:00,1,24,24,1.0,2.0,21.0,0.0,0.0,1.0,2,2,17,0,17,0,15.55,487.0,274.0,799.0,15.55,3.0,6.68,roster,0,76.0,60.0,1.1014,64.82,2.8481,0.6,0.2994,3.1667,51.48,14.76,0.0,18.58,19.975
2024-08-22 02:00:00,2,22,22,1.0,3.0,18.0,0.0,0.0,1.0,3,1,18,0,18,0,16.55,517.0,331.0,859.0,16.55,3.0,6.68,roster,0,71.0,55.0,1.0758,62.79,2.2581,0.55,0.1497,3.2273,47.19,15.63,0.0,19.97,21.475
2024-08-22 03:00:00,3,22,22,1.0,3.0,18.0,0.0,0.0,1.0,1,1,19,0,19,0,17.55,547.0,367.0,919.0,17.55,3.0,6.68,roster,0,71.0,55.0,1.127,65.05,2.2581,0.55,0.1497,3.2273,47.19,16.5,0.0,21.37,22.975
2024-08-22 04:00:00,4,22,22,1.0,3.0,18.0,0.0,0.0,1.0,1,1,20,0,20,0,18.55,585.5,427.0,979.0,18.55,3.0,6.68,roster,0,71.0,55.0,1.1833,67.32,2.2581,0.55,0.1497,3.2273,47.19,17.37,0.0,22.76,24.475
2024-08-22 05:00:00,5,21,21,1.0,2.0,18.0,0.0,0.0,1.0,0,0,20,0,20,0,19.55,645.5,487.0,1039.0,19.55,3.0,6.68,roster,0,67.0,52.5,1.1167,66.57,1.675,0.525,0.0,3.1905,45.04,17.37,0.0,24.16,25.975
2024-08-22 06:00:00,6,21,21,1.0,2.0,18.0,0.0,0.0,1.0,1,1,20,0,20,0,20.55,705.5,547.0,1099.0,20.55,3.0,6.68,roster,0,67.0,52.5,1.1167,67.96,2.1526,0.525,0.1497,3.1905,45.04,17.37,0.0,25.55,27.475
2024-08-22 07:00:00,7,21,21,1.0,2.0,18.0,0.0,0.0,1.0,1,1,20,0,20,0,21.55,765.5,607.0,1159.0,21.55,3.0,6.68,roster,0,67.0,52.5,1.1167,69.36,2.1526,0.525,0.1497,3.1905,45.04,17.37,0.0,26.95,28.975
2024-08-22 08:00:00,8,24,24,1.0,2.0,21.0,0.0,0.0,1.0,4,3,21,0,21,0,22.55,804.0,622.0,1115.0,22.55,3.0,7.13,roster,0,76.0,60.0,1.3333,75.64,3.2324,0.6,0.4208,3.1667,51.48,18.23,0.0,25.92,27.875
2024-08-22 09:00:00,9,28,28,1.0,2.0,24.0,1.0,0.0,1.0,8,8,19,0,19,0,23.55,864.0,608.0,1175.0,23.55,3.0,7.13,roster,0,87.0,70.0,1.381,83.88,5.6613,0.7,1.122,3.1071,60.06,16.5,0.0,27.32,29.375
2024-08-22 10:00:00,10,34,34,1.0,2.0,30.0,1.0,0.0,1.0,10,10,19,0,19,0,24.55,874.0,563.0,1176.0,24.55,4.0,10.17,roster,0,105.0,85.0,1.25,96.77,5.6616,0.85,0.9833,3.0882,72.93,16.5,0.0,27.34,29.4
2024-08-22 11:00:00,11,33,33,0.0,3.0,27.0,3.0,0.0,1.0,8,8,20,1,21,1,25.55,802.0,113.0,1027.0,25.55,4.0,10.17,roster,0,99.0,82.5,1.3026,106.3,4.8349,0.825,0.7866,3.0,70.78,18.23,13.4,23.88,25.675
2024-08-22 12:00:00,12,32,32,0.0,4.0,25.0,3.0,0.0,1.0,11,11,15,1,16,1,21.6,611.5,171.0,1044.0,21.6,4.0,10.17,roster,0,97.0,80.0,1.0104,100.21,5.7036,0.8,1.0816,3.0312,68.64,13.89,13.4,24.27,26.1
2024-08-22 13:00:00,13,30,30,0.0,4.0,22.0,4.0,0.0,1.0,6,7,14,1,15,1,22.6,295.0,223.0,1054.0,22.6,4.0,10.17,roster,0,90.0,75.0,0.9,95.28,4.3149,0.75,0.6883,3.0,64.35,13.02,13.4,24.51,26.35
2024-08-22 14:00:00,14,33,33,0.0,3.0,27.0,3.0,0.0,1.0,7,7,15,1,16,1,23.6,324.0,283.0,1114.0,23.6,4.0,10.17,roster,0,99.0,82.5,1.0312,103.98,4.5399,0.825,0.6883,3.0,70.78,13.89,13.4,25.9,27.85
2024-08-22 15:00:00,15,33,33,1.0,2.0,27.0,3.0,0.0,1.0,6,6,14,1,15,1,24.6,353.0,182.0,1174.0,24.6,4.0,10.17,roster,0,100.0,82.5,1.0,104.51,4.2878,0.825,0.59,3.0303,70.78,13.02,13.4,27.3,29.35
2024-08-22 16:00:00,16,31,31,1.0,3.0,25.0,2.0,0.0,1.0,5,5,14,2,16,2,25.6,405.5,151.0,1174.0,25.6,4.0,10.17,roster,0,96.0,77.5,1.0,114.48,3.9225,0.775,0.4916,3.0968,66.5,13.89,26.8,27.3,29.35
2024-08-22 17:00:00,17,35,35,1.0,2.0,28.0,4.0,0.0,1.0,6,6,15,2,17,2,26.6,463.0,209.0,983.0,26.6,4.0,10.17,roster,0,105.0,87.5,1.1413,119.49,4.3949,0.875,0.59,3.0,75.08,14.76,26.8,22.85,24.575
2024-08-22 18:00:00,18,34,34,1.0,1.0,29.0,3.0,0.0,1.0,7,7,16,1,17,1,27.6,515.0,227.0,1043.0,27.6,4.0,10.17,roster,0,102.0,85.0,1.1087,105.34,4.6149,0.85,0.6883,3.0,72.93,14.76,13.4,24.25,26.075
2024-08-22 19:00:00,19,32,32,1.0,0.0,28.0,3.0,0.0,1.0,8,8,13,1,14,1,28.6,469.0,287.0,1354.0,28.6,4.0,10.17,roster,0,95.0,80.0,0.9135,105.68,4.7103,0.8,0.7866,2.9688,68.64,12.16,13.4,31.48,33.85
2024-08-22 20:00:00,20,26,26,0.0,1.0,23.0,2.0,0.0,1.0,4,3,13,0,13,0,29.6,635.0,389.0,1414.0,29.6,4.0,9.68,roster,0,77.0,65.0,0.713,79.93,2.8428,0.65,0.3099,2.9615,55.77,11.29,0.0,32.88,35.35
2024-08-22 21:00:00,21,39,39,2.0,5.0,30.0,2.0,0.0,1.0,18,18,13,0,13,0,30.6,483.0,407.0,1474.0,30.6,4.0,9.68,roster,0,124.0,97.5,1.1481,109.21,9.0123,0.975,1.8595,3.1795,83.66,11.29,0.0,34.27,36.85
2024-08-22 22:00:00,22,39,39,2.0,4.0,29.0,3.0,1.0,1.0,10,10,17,1,18,1,31.6,488.0,119.0,835.0,31.6,3.0,6.64,roster,0,120.0,97.5,1.8182,112.1,7.6339,0.975,1.506,3.0769,83.66,15.63,13.4,19.41,20.875
2024-08-22 23:00:00,23,39,39,2.0,3.0,32.0,2.0,0.0,1.0,9,7,19,1,20,1,32.6,377.5,149.0,823.0,32.6,3.0,6.64,roster,0,122.0,97.5,2.0333,113.56,6.3478,0.975,1.0542,3.1282,83.66,17.37,13.4,19.13,20.575
2024-08-23 00:00:00,0,41,41,2.0,4.0,35.0,0.0,0.0,1.0,9,7,21,1,22,1,33.6,295.5,183.0,663.0,33.6,3.0,6.64,roster,0,131.0,102.5,2.4259,115.86,6.6434,1.025,1.0542,3.1951,87.94,19.1,13.4,15.41,16.575
2024-08-23 01:00:00,1,33,33,2.0,3.0,28.0,0.0,0.0,1.0,3,3,21,1,22,1,34.6,355.5,243.0,723.0,34.6,3.0,6.64,roster,0,106.0,82.5,1.963,100.1,4.1013,0.825,0.4518,3.2121,70.78,19.1,13.4,16.81,18.075
2024-08-23 02:00:00,2,30,30,2.0,4.0,24.0,0.0,0.0,1.0,3,3,21,1,22,1,35.6,415.5,303.0,783.0,35.6,3.0,6.64,roster,0,98.0,75.0,1.8148,95.06,3.9259,0.75,0.4518,3.2667,64.35,19.1,13.4,18.2,19.575
2024-08-23 03:00:00,3,30,30,2.0,4.0,23.0,1.0,0.0,1.0,1,1,21,1,22,1,36.6,475.5,363.0,843.0,36.6,3.0,6.64,roster,0,97.0,75.0,1.7963,96.45,2.9119,0.75,0.1506,3.2333,64.35,19.1,13.4,19.6,21.075
2024-08-23 04:00:00,4,28,28,2.0,3.0,23.0,0.0,0.0,1.0,2,1,21,1,22,1,37.6,535.5,423.0,903.0,37.6,3.0,6.64,roster,0,91.0,70.0,1.6852,93.56,2.7645,0.7,0.1506,3.25,60.06,19.1,13.4,20.99,22.575
2024-08-23 05:00:00,5,29,29,2.0,3.0,24.0,0.0,0.0,1.0,2,2,21,1,22,1,38.6,595.5,483.0,963.0,38.6,3.0,6.64,roster,0,94.0,72.5,1.7407,97.1,3.3263,0.725,0.3012,3.2414,62.2,19.1,13.4,22.39,24.075
2024-08-23 06:00:00,6,32,32,2.0,3.0,27.0,0.0,0.0,1.0,4,3,22,1,23,1,39.6,601.0,517.0,1023.0,39.6,3.0,6.64,roster,0,103.0,80.0,2.0196,105.8,4.0293,0.8,0.4518,3.2188,68.64,19.97,13.4,23.78,25.575
2024-08-23 07:00:00,7,32,32,2.0,3.0,27.0,0.0,0.0,1.0,4,4,23,1,24,1,40.6,660.0,577.0,1083.0,40.6,3.0,6.64,roster,0,103.0,80.0,2.1458,108.06,4.514,0.8,0.6024,3.2188,68.64,20.84,13.4,25.18,27.075
2024-08-23 08:00:00,8,34,34,2.0,3.0,29.0,0.0,0.0,1.0,2,3,24,1,25,1,41.6,719.0,629.0,1111.0,41.6,3.0,6.35,roster,0,109.0,85.0,2.4222,113.87,4.2396,0.85,0.4724,3.2059,72.93,21.71,13.4,25.83,27.775
2024-08-23 09:00:00,9,33,33,2.0,3.0,28.0,0.0,0.0,1.0,0,0,26,1,27,1,42.6,773.0,642.0,1171.0,42.6,3.0,6.35,roster,0,106.0,82.5,2.7179,114.86,2.65,0.825,0.0,3.2121,70.78,23.44,13.4,27.23,29.275
2024-08-23 10:00:00,10,36,36,2.0,4.0,30.0,0.0,0.0,1.0,10,9,22,1,23,1,43.6,809.0,702.0,1263.0,43.6,4.0,9.6,roster,0,116.0,90.0,1.7059,119.96,5.9208,0.9,0.9375,3.2222,77.22,19.97,13.4,29.36,31.575
2024-08-23 11:00:00,11,38,38,2.0,5.0,31.0,0.0,0.0,1.0,7,7,25,1,26,1,44.6,813.0,229.0,901.0,44.6,4.0,9.6,roster,0,123.0,95.0,2.1964,118.43,5.4352,0.95,0.7292,3.2368,81.51,22.58,13.4,20.95,22.525
2024-08-23 12:00:00,12,38,38,2.0,7.0,29.0,0.0,0.0,1.0,8,7,26,0,26,0,45.6,802.0,132.0,961.0,45.6,4.0,9.6,roster,0,125.0,95.0,2.2321,106.43,5.5236,0.95,0.7292,3.2895,81.51,22.58,0.0,22.34,24.025
2024-08-23 13:00:00,13,35,35,1.0,6.0,28.0,0.0,0.0,1.0,5,4,25,0,25,0,46.6,349.0,182.0,1013.0,46.6,4.0,9.6,roster,0,113.0,87.5,1.8833,100.33,4.1702,0.875,0.4167,3.2286,75.08,21.71,0.0,23.55,25.325
2024-08-23 14:00:00,14,36,36,3.0,5.0,28.0,0.0,0.0,1.0,9,9,21,0,21,0,47.6,375.0,203.0,1073.0,47.6,4.0,9.6,roster,0,119.0,90.0,1.5658,100.4,6.074,0.9,0.9375,3.3056,77.22,18.23,0.0,24.95,26.825
2024-08-23 15:00:00,15,30,30,2.0,4.0,23.0,1.0,0.0,1.0,6,6,16,0,16,0,48.6,349.0,220.0,2554.0,48.6,4.0,9.6,roster,0,97.0,75.0,1.0104,117.62,4.4458,0.75,0.625,3.2333,64.35,13.89,0.0,59.38,63.85
2024-08-23 16:00:00,16,23,23,1.0,3.0,19.0,0.0,0.0,1.0,2,2,14,0,14,0,49.6,357.0,188.0,2614.0,49.6,4.0,9.6,roster,0,74.0,57.5,0.7115,102.27,2.5203,0.575,0.2083,3.2174,49.33,12.16,0.0,60.78,65.35
2024-08-23 17:00:00,17,29,29,1.0,5.0,23.0,0.0,0.0,1.0,8,8,13,0,13,0,50.6,466.0,334.0,2674.0,50.6,4.0,9.6,roster,0,94.0,72.5,0.8704,115.66,5.0511,0.725,0.8333,3.2414,62.2,11.29,0.0,62.17,66.85
2024-08-23 18:00:00,18,30,30,2.0,5.0,23.0,0.0,0.0,1.0,6,7,13,1,14,1,51.6,414.0,198.0,2734.0,51.6,4.0,9.6,roster,0,99.0,75.0,0.9519,133.47,4.8812,0.75,0.7292,3.3,64.35,12.16,13.4,63.57,68.35
2024-08-23 19:00:00,19,24,24,1.0,4.0,19.0,0.0,0.0,1.0,3,3,12,1,13,1,52.6,258.0,124.0,2794.0,52.6,4.0,9.6,roster,0,78.0,60.0,0.7222,121.13,2.9656,0.6,0.3125,3.25,51.48,11.29,13.4,64.96,69.85
2024-08-23 20:00:00,20,29,29,1.0,4.0,23.0,1.0,0.0,1.0,9,8,10,1,11,1,53.6,239.0,177.0,2854.0,53.6,4.0,10.07,roster,0,92.0,72.5,0.7931,131.51,4.8203,0.725,0.7944,3.1724,62.2,9.55,13.4,66.36,71.35
2024-08-23 21:00:00,21,27,27,1.0,3.0,23.0,0.0,0.0,1.0,8,7,9,0,9,0,54.6,268.0,237.0,2914.0,54.6,4.0,10.07,roster,0,86.0,67.5,0.6935,113.48,4.3641,0.675,0.6951,3.1852,57.92,7.81,0.0,67.75,72.85
2024-08-23 22:00:00,22,20,20,0.0,3.0,17.0,0.0,0.0,1.0,6,5,7,0,7,0,55.6,328.0,297.0,3127.0,55.6,3.0,6.82,roster,0,63.0,50.0,0.6364,101.68,3.8844,0.5,0.7331,3.15,42.9,6.08,0.0,72.7,78.175
2024-08-23 23:00:00,23,21,21,1.0,3.0,17.0,0.0,0.0,1.0,7,6,7,1,8,1,56.6,376.0,357.0,3187.0,56.6,3.0,6.82,roster,0,68.0,52.5,0.7083,119.49,4.5488,0.525,0.8798,3.2381,45.04,6.95,13.4,74.1,79.675
2024-08-24 00:00:00,0,20,20,1.0,3.0,16.0,0.0,0.0,1.0,5,3,7,1,8,1,57.6,436.0,417.0,3247.0,57.6,3.0,6.82,roster,0,65.0,50.0,0.6771,118.74,3.0546,0.5,0.4399,3.25,42.9,6.95,13.4,75.49,81.175
2024-08-24 01:00:00,1,19,19,1.0,4.0,14.0,0.0,0.0,1.0,5,4,8,1,9,1,58.6,484.0,337.0,3154.0,58.6,3.0,6.82,roster,0,63.0,47.5,0.6774,115.3,3.5197,0.475,0.5865,3.3158,40.75,7.81,13.4,73.33,78.85
2024-08-24 02:00:00,2,17,17,0.0,3.0,14.0,0.0,0.0,1.0,4,4,10,0,10,0,59.6,540.5,147.0,3214.0,59.6,3.0,6.82,roster,0,54.0,42.5,0.6,99.87,3.213,0.425,0.5865,3.1765,36.46,8.68,0.0,74.73,80.35
2024-08-24 03:00:00,3,19,19,0.0,3.0,16.0,0.0,0.0,1.0,5,4,10,0,10,0,60.6,600.5,207.0,3274.0,60.6,3.0,6.82,roster,0,60.0,47.5,0.6667,105.56,3.3521,0.475,0.5865,3.1579,40.75,8.68,0.0,76.12,81.85
2024-08-24 04:00:00,4,15,15,0.0,3.0,12.0,0.0,0.0,1.0,3,1,10,0,10,0,61.6,660.5,267.0,3334.0,61.6,3.0,6.82,roster,0,48.0,37.5,0.5333,98.37,1.6692,0.375,0.1466,3.2,32.17,8.68,0.0,77.52,83.35
2024-08-24 05:00:00,5,17,17,0.0,4.0,13.0,0.0,0.0,1.0,4,3,10,0,10,0,62.6,720.5,327.0,3394.0,62.6,3.0,6.82,roster,0,55.0,42.5,0.6111,104.06,2.7981,0.425,0.4399,3.2353,36.46,8.68,0.0,78.91,84.85
2024-08-24 06:00:00,6,18,18,0.0,4.0,14.0,0.0,0.0,1.0,2,2,10,0,10,0,63.6,780.5,387.0,3454.0,63.6,3.0,6.82,roster,0,58.0,45.0,0.6444,107.6,2.3949,0.45,0.2933,3.2222,38.61,8.68,0.0,80.31,86.35
2024-08-24 07:00:00,7,18,18,0.0,3.0,15.0,0.0,0.0,1.0,2,1,10,0,10,0,64.6,840.5,447.0,3514.0,64.6,3.0,6.82,roster,0,57.0,45.0,0.6333,108.99,1.8893,0.45,0.1466,3.1667,38.61,8.68,0.0,81.7,87.85
2024-08-24 08:00:00,8,19,19,0.0,4.0,15.0,0.0,0.0,1.0,3,3,10,0,10,0,65.6,900.5,507.0,3574.0,65.6,3.0,6.36,roster,0,61.0,47.5,0.6778,112.53,3.0394,0.475,0.4717,3.2105,40.75,8.68,0.0,83.1,89.35
2024-08-24 09:00:00,9,19,19,0.0,6.0,12.0,1.0,0.0,1.0,4,4,8,1,9,1,63.117,817.0,539.0,988.0,63.117,3.0,6.36,roster,0,62.0,47.5,0.6667,64.94,3.6023,0.475,0.6289,3.2632,40.75,7.81,13.4,22.97,24.7
2024-08-24 10:00:00,10,23,23,0.0,8.0,14.0,1.0,0.0,1.0,7,7,9,1,10,1,64.117,613.0,152.0,1048.0,64.117,4.0,10.23,roster,0,76.0,57.5,0.6333,75.78,4.161,0.575,0.6843,3.3043,49.33,8.68,13.4,24.37,26.2
2024-08-24 11:00:00,11,34,34,1.0,10.0,23.0,0.0,0.0,1.0,16,16,8,1,9,1,65.117,652.0,137.0,1084.0,65.117,4.0,10.23,roster,0,114.0,85.0,0.9194,99.35,8.0941,0.85,1.564,3.3529,72.93,7.81,13.4,25.2,27.1
2024-08-24 12:00:00,12,35,35,1.0,9.0,24.0,1.0,0.0,1.0,13,13,9,1,10,1,20.1,153.5,107.0,272.0,19.067,4.0,10.23,roster,0,115.0,87.5,0.9583,83.48,7.0504,0.875,1.2708,3.2857,75.08,8.68,13.4,6.32,6.8
2024-08-24 13:00:00,13,29,29,2.0,6.0,20.0,1.0,0.0,1.0,6,6,8,1,9,1,20.067,181.0,148.0,257.0,20.067,4.0,10.23,roster,0,96.0,72.5,0.7742,69.4,4.3416,0.725,0.5865,3.3103,62.2,7.81,13.4,5.98,6.425
2024-08-24 14:00:00,14,23,23,1.0,4.0,18.0,0.0,0.0,1.0,12,11,5,1,6,1,12.85,83.0,72.0,178.0,3.917,4.0,10.23,roster,0,75.0,57.5,0.5515,52.08,5.3813,0.575,1.0753,3.2609,49.33,5.21,13.4,4.14,4.45
2024-08-24 15:00:00,15,20,20,1.0,5.0,13.0,1.0,0.0,1.0,6,6,7,1,8,1,13.85,129.0,89.0,152.0,3.967,4.0,10.23,roster,0,66.0,50.0,0.5156,46.78,3.5855,0.5,0.5865,3.3,42.9,6.95,13.4,3.53,3.8
2024-08-24 16:00:00,16,23,23,1.0,5.0,16.0,1.0,0.0,1.0,11,11,4,1,5,1,14.85,192.0,186.0,194.0,4.967,4.0,10.23,roster,0,75.0,57.5,0.5357,51.59,5.3813,0.575,1.0753,3.2609,49.33,4.34,13.4,4.51,4.85
2024-08-24 17:00:00,17,25,25,0.0,6.0,18.0,1.0,0.0,1.0,11,9,11,0,11,0,15.85,113.0,76.0,252.0,5.967,4.0,10.23,roster,0,80.0,62.5,0.6897,49.04,4.8152,0.625,0.8798,3.2,53.62,9.55,0.0,5.86,6.3
2024-08-24 18:00:00,18,30,30,0.0,6.0,22.0,2.0,0.0,1.0,8,8,11,0,11,0,16.85,173.0,136.0,312.0,6.967,4.0,10.23,roster,0,94.0,75.0,0.8103,61.16,4.8003,0.75,0.782,3.1333,64.35,9.55,0.0,7.25,7.8
2024-08-24 19:00:00,19,25,25,0.0,6.0,18.0,1.0,0.0,1.0,8,8,7,0,7,0,17.85,218.0,191.0,372.0,7.967,4.0,10.23,roster,0,80.0,62.5,0.6061,48.35,4.5024,0.625,0.782,3.2,53.62,6.08,0.0,8.65,9.3
2024-08-24 20:00:00,20,29,29,0.0,5.0,22.0,2.0,0.0,1.0,15,16,5,0,5,0,18.85,251.0,118.0,278.0,6.0,4.0,11.14,roster,0,90.0,72.5,0.6429,53.01,6.7074,0.725,1.4363,3.1034,62.2,4.34,0.0,6.46,6.95
2024-08-24 21:00:00,21,37,37,0.0,8.0,28.0,1.0,0.0,1.0,15,15,7,0,7,0,19.85,178.0,112.0,338.0,7.0,4.0,11.14,roster,0,118.0,92.5,0.8939,73.3,7.2442,0.925,1.3465,3.1892,79.36,6.08,0.0,7.86,8.45
2024-08-24 22:00:00,22,34,34,1.0,8.0,24.0,1.0,0.0,1.0,10,10,7,2,9,2,20.85,172.0,99.0,371.0,8.0,3.0,7.27,roster,0,111.0,85.0,1.1935,96.17,7.2657,0.85,1.3755,3.2647,72.93,7.81,26.8,8.63,9.275
2024-08-24 23:00:00,23,32,32,1.0,8.0,22.0,1.0,0.0,1.0,3,3,8,2,10,2,21.85,228.5,152.0,431.0,9.0,3.0,7.27,roster,0,105.0,80.0,1.1667,94.14,3.979,0.8,0.4127,3.2812,68.64,8.68,26.8,10.02,10.775
2024-08-25 00:00:00,0,26,26,1.0,7.0,17.0,1.0,0.0,1.0,9,6,8,1,9,1,22.85,292.0,219.0,491.0,10.0,3.0,7.27,roster,0,86.0,65.0,0.9247,68.4,4.8799,0.65,0.8253,3.3077,55.77,7.81,13.4,11.42,12.275
2024-08-25 01:00:00,1,27,27,1.0,6.0,14.0,6.0,0.0,1.0,8,7,9,1,10,1,23.85,348.5,262.0,551.0,11.0,3.0,7.27,roster,0,83.0,67.5,0.9222,72.81,5.0349,0.675,0.9629,3.0741,57.92,8.68,13.4,12.81,13.775
2024-08-25 02:00:00,2,22,22,1.0,5.0,13.0,3.0,0.0,1.0,10,4,9,0,9,0,24.85,412.0,322.0,611.0,12.0,3.0,7.27,roster,0,70.0,55.0,0.7527,49.21,3.5007,0.55,0.5502,3.1818,47.19,7.81,0.0,14.21,15.275
2024-08-25 03:00:00,3,23,23,1.0,5.0,16.0,1.0,0.0,1.0,4,3,11,0,11,0,25.85,465.0,194.0,671.0,13.0,3.0,7.27,roster,0,75.0,57.5,0.8621,54.49,3.2206,0.575,0.4127,3.2609,49.33,9.55,0.0,15.6,16.775
2024-08-25 04:00:00,4,23,23,2.0,5.0,15.0,1.0,0.0,1.0,3,2,11,0,11,0,26.85,525.0,254.0,731.0,14.0,3.0,7.27,roster,0,77.0,57.5,0.8851,55.88,2.846,0.575,0.2751,3.3478,49.33,9.55,0.0,17.0,18.275
2024-08-25 05:00:00,5,21,21,1.0,5.0,14.0,1.0,0.0,1.0,5,3,11,0,11,0,27.85,585.0,314.0,791.0,15.0,3.0,7.27,roster,0,69.0,52.5,0.7931,52.99,3.0809,0.525,0.4127,3.2857,45.04,9.55,0.0,18.39,19.775
2024-08-25 06:00:00,6,22,22,1.0,6.0,14.0,1.0,0.0,1.0,3,3,13,0,13,0,28.85,562.0,283.0,718.0,16.0,3.0,7.27,roster,0,73.0,55.0,0.9012,55.17,3.1943,0.55,0.4127,3.3182,47.19,11.29,0.0,16.69,17.95
2024-08-25 07:00:00,7,26,26,1.0,5.0,19.0,1.0,0.0,1.0,8,8,13,0,13,0,29.85,622.0,343.0,778.0,17.0,3.0,7.27,roster,0,84.0,65.0,1.037,65.15,5.6552,0.65,1.1004,3.2308,55.77,11.29,0.0,18.09,19.45
2024-08-25 08:00:00,8,27,27,1.0,4.0,21.0,1.0,0.0,1.0,7,7,14,0,14,0,30.85,653.5,397.0,838.0,18.0,3.0,7.16,roster,0,86.0,67.5,1.1026,69.55,5.264,0.675,0.9777,3.1852,57.92,12.16,0.0,19.48,20.95
2024-08-25 09:00:00,9,30,30,2.0,5.0,22.0,1.0,0.0,1.0,8,7,14,0,14,0,31.85,713.5,457.0,898.0,19.0,3.0,7.16,roster,0,98.0,75.0,1.2564,77.38,5.6437,0.75,0.9777,3.2667,64.35,12.16,0.0,20.88,22.45
2024-08-25 10:00:00,10,33,33,2.0,5.0,26.0,0.0,0.0,1.0,14,13,13,0,13,0,32.85,614.0,308.0,885.0,20.0,4.0,10.41,roster,0,108.0,82.5,1.0,82.65,6.787,0.825,1.2488,3.2727,70.78,11.29,0.0,20.58,22.125
2024-08-25 11:00:00,11,41,41,2.0,7.0,31.0,1.0,0.0,1.0,13,14,14,0,14,0,19.633,392.0,129.0,862.0,19.633,4.0,10.41,roster,0,133.0,102.5,1.2788,100.14,7.6876,1.025,1.3449,3.2439,87.94,12.16,0.0,20.04,21.55
2024-08-25 12:00:00,12,43,43,2.0,7.0,34.0,0.0,0.0,1.0,14,12,18,0,18,0,20.633,261.5,116.0,865.0,20.633,4.0,10.41,roster,0,140.0,107.5,1.5909,107.98,7.2531,1.075,1.1527,3.2558,92.24,15.63,0.0,20.11,21.625
2024-08-25 13:00:00,13,35,35,2.0,5.0,26.0,2.0,0.0,1.0,9,9,15,0,15,0,17.867,249.0,146.0,925.0,17.867,4.0,10.41,roster,0,112.0,87.5,1.12,89.61,5.5666,0.875,0.8646,3.2,75.08,13.02,0.0,21.51,23.125
2024-08-25 14:00:00,14,37,37,2.0,6.0,26.0,3.0,0.0,1.0,14,12,14,0,14,0,18.867,266.5,192.0,985.0,18.867,4.0,10.41,roster,0,118.0,92.5,1.1346,94.42,6.6263,0.925,1.1527,3.1892,79.36,12.16,0.0,22.9,24.625
2024-08-25 15:00:00,15,34,34,1.0,5.0,26.0,2.0,0.0,1.0,11,10,11,1,12,1,19.867,281.0,238.0,1045.0,19.867,4.0,10.41,roster,0,107.0,85.0,0.9554,101.05,5.6981,0.85,0.9606,3.1471,72.93,10.42,13.4,24.3,26.125
2024-08-25 16:00:00,16,27,27,1.0,4.0,20.0,2.0,0.0,1.0,8,7,10,0,10,0,19.367,341.0,298.0,668.0,19.367,4.0,10.41,roster,0,85.0,67.5,0.7083,62.13,4.2419,0.675,0.6724,3.1481,57.92,8.68,0.0,15.53,16.7
2024-08-25 17:00:00,17,28,28,1.0,4.0,23.0,0.0,0.0,1.0,7,6,11,0,11,0,20.367,386.0,264.0,728.0,20.367,4.0,10.41,roster,0,90.0,70.0,0.7759,66.54,4.1026,0.7,0.5764,3.2143,60.06,9.55,0.0,16.93,18.2
2024-08-25 18:00:00,18,33,33,1.0,4.0,28.0,0.0,0.0,1.0,11,11,12,0,12,0,21.367,439.0,324.0,788.0,21.367,4.0,10.41,roster,0,105.0,82.5,0.9375,79.53,5.9872,0.825,1.0567,3.1818,70.78,10.42,0.0,18.32,19.7
2024-08-25 19:00:00,19,20,20,1.0,3.0,16.0,0.0,0.0,1.0,4,3,11,0,11,0,21.417,478.0,215.0,536.0,21.417,4.0,10.41,roster,0,65.0,50.0,0.5603,44.91,2.5616,0.5,0.2882,3.25,42.9,9.55,0.0,12.46,13.4
2024-08-25 20:00:00,20,24,24,1.0,3.0,18.0,2.0,0.0,1.0,10,9,10,0,10,0,22.417,545.0,275.0,596.0,22.417,4.0,11.13,roster,0,75.0,60.0,0.625,54.02,4.402,0.6,0.8086,3.125,51.48,8.68,0.0,13.86,14.9
2024-08-25 21:00:00,21,22,22,1.0,1.0,15.0,5.0,0.0,1.0,9,6,10,0,10,0,23.417,605.0,294.0,656.0,23.417,4.0,11.13,roster,0,64.0,55.0,0.5333,51.13,3.1682,0.55,0.5391,2.9091,47.19,8.68,0.0,15.25,16.4
2024-08-25 22:00:00,22,21,21,1.0,1.0,17.0,2.0,0.0,1.0,7,6,10,0,10,0,24.417,665.0,354.0,716.0,24.417,3.0,7.88,roster,0,64.0,52.5,0.7111,50.38,3.9205,0.525,0.7614,3.0476,45.04,8.68,0.0,16.65,17.9
2024-08-25 23:00:00,23,19,19,1.0,2.0,16.0,0.0,0.0,1.0,6,5,10,0,10,0,25.417,725.0,414.0,776.0,25.417,3.0,7.88,roster,0,61.0,47.5,0.6778,47.48,3.5621,0.475,0.6345,3.2105,40.75,8.68,0.0,18.04,19.4
2024-08-26 00:00:00,0,20,20,1.0,3.0,15.0,1.0,0.0,1.0,6,6,10,0,10,0,26.417,785.0,474.0,836.0,26.417,3.0,7.88,roster,0,64.0,50.0,0.7111,51.02,4.0365,0.5,0.7614,3.2,42.9,8.68,0.0,19.44,20.9
2024-08-26 01:00:00,1,24,24,1.0,2.0,17.0,4.0,0.0,1.0,9,9,10,0,10,0,27.417,845.0,534.0,896.0,27.417,3.0,7.88,roster,0,72.0,60.0,0.8,61.0,5.2264,0.6,1.1421,3.0,51.48,8.68,0.0,20.83,22.4
2024-08-26 02:00:00,2,21,21,1.0,3.0,16.0,1.0,0.0,1.0,4,4,10,0,10,0,28.417,905.0,594.0,956.0,28.417,3.0,7.88,roster,0,67.0,52.5,0.7444,55.96,3.2945,0.525,0.5076,3.1905,45.04,8.68,0.0,22.23,23.9
2024-08-26 03:00:00,3,18,18,1.0,2.0,14.0,1.0,0.0,1.0,2,1,11,0,11,0,29.417,958.0,559.0,1016.0,29.417,3.0,7.88,roster,0,57.0,45.0,0.6552,51.78,1.8269,0.45,0.1269,3.1667,38.61,9.55,0.0,23.62,25.4
2024-08-26 04:00:00,4,18,18,1.0,2.0,14.0,1.0,0.0,1.0,2,2,11,0,11,0,30.417,1018.0,619.0,1076.0,30.417,3.0,7.88,roster,0,57.0,45.0,0.6552,53.18,2.2287,0.45,0.2538,3.1667,38.61,9.55,0.0,25.02,26.9
2024-08-26 05:00:00,5,19,19,1.0,2.0,15.0,1.0,0.0,1.0,2,2,11,0,11,0,31.417,1078.0,679.0,1136.0,31.417,3.0,7.88,roster,0,60.0,47.5,0.6897,56.72,2.3015,0.475,0.2538,3.1579,40.75,9.55,0.0,26.41,28.4
2024-08-26 06:00:00,6,19,19,1.0,2.0,14.0,2.0,0.0,1.0,3,2,11,0,11,0,32.417,1138.0,739.0,1196.0,32.417,3.0,7.88,roster,0,59.0,47.5,0.6782,58.11,2.2631,0.475,0.2538,3.1053,40.75,9.55,0.0,27.81,29.9
2024-08-26 07:00:00,7,16,16,1.0,2.0,12.0,1.0,0.0,1.0,1,1,11,0,11,0,33.417,1198.0,799.0,1256.0,33.417,3.0,7.88,roster,0,51.0,40.0,0.5862,53.07,1.6795,0.4,0.1269,3.1875,34.32,9.55,0.0,29.2,31.4
2024-08-26 08:00:00,8,18,18,1.0,3.0,13.0,1.0,0.0,1.0,3,3,11,0,11,0,34.417,1258.0,859.0,1316.0,34.417,3.0,8.12,roster,0,58.0,45.0,0.6667,58.76,2.6405,0.45,0.3695,3.2222,38.61,9.55,0.0,30.6,32.9
2024-08-26 09:00:00,9,20,20,1.0,5.0,13.0,1.0,0.0,1.0,4,4,12,0,12,0,35.417,1034.5,816.0,1346.0,35.417,3.0,8.12,roster,0,66.0,50.0,0.7857,64.61,3.2756,0.5,0.4926,3.3,42.9,10.42,0.0,31.29,33.65
2024-08-26 10:00:00,10,26,26,1.0,6.0,19.0,0.0,0.0,1.0,10,10,12,1,13,1,36.417,979.0,146.0,1378.0,36.417,4.0,11.37,roster,0,86.0,65.0,0.7963,92.5,5.0591,0.65,0.8795,3.3077,55.77,11.29,13.4,32.04,34.45
2024-08-26 11:00:00,11,27,27,1.0,7.0,19.0,0.0,0.0,1.0,8,7,10,3,13,3,37.417,206.0,154.0,1134.0,37.417,4.0,11.37,roster,0,90.0,67.5,0.8333,115.77,4.3022,0.675,0.6157,3.3333,57.92,11.29,40.2,26.37,28.35
2024-08-26 12:00:00,12,25,25,1.0,5.0,19.0,0.0,0.0,1.0,6,5,12,2,14,2,38.417,238.5,131.0,1099.0,38.417,4.0,11.37,roster,0,82.0,62.5,0.7885,98.13,3.4924,0.625,0.4398,3.28,53.62,12.16,26.8,25.55,27.475
2024-08-26 13:00:00,13,27,27,2.0,4.0,20.0,1.0,0.0,1.0,8,8,10,2,12,2,39.417,212.5,157.0,1159.0,39.417,4.0,11.37,roster,0,88.0,67.5,0.7857,102.08,4.4932,0.675,0.7036,3.2593,57.92,10.42,26.8,26.95,28.975
2024-08-26 14:00:00,14,17,17,1.0,2.0,14.0,0.0,0.0,1.0,2,3,6,3,9,3,20.317,204.0,170.0,251.0,20.317,4.0,11.37,roster,0,55.0,42.5,0.4435,70.32,2.2286,0.425,0.2639,3.2353,36.46,7.81,40.2,5.84,6.275
2024-08-26 15:00:00,15,16,16,0.0,2.0,13.0,1.0,0.0,1.0,10,8,4,1,5,1,5.183,261.0,230.0,277.0,5.183,4.0,11.37,roster,0,49.0,40.0,0.35,38.5,3.3798,0.4,0.7036,3.0625,34.32,4.34,13.4,6.44,6.925
2024-08-26 16:00:00,16,17,17,0.0,3.0,12.0,2.0,0.0,1.0,6,6,6,1,7,1,6.183,193.0,78.0,321.0,6.183,4.0,11.37,roster,0,52.0,42.5,0.3939,43.41,2.9142,0.425,0.5277,3.0588,36.46,6.08,13.4,7.46,8.025
2024-08-26 17:00:00,17,13,13,0.0,3.0,9.0,1.0,0.0,1.0,3,3,4,1,5,1,7.183,253.0,173.0,381.0,7.183,4.0,11.37,roster,0,41.0,32.5,0.2929,34.48,1.8571,0.325,0.2639,3.1538,27.88,4.34,13.4,8.86,9.525
2024-08-26 18:00:00,18,18,18,0.0,3.0,13.0,2.0,0.0,1.0,8,8,4,1,5,1,8.183,313.0,198.0,441.0,8.183,4.0,11.37,roster,0,55.0,45.0,0.3929,46.6,3.5249,0.45,0.7036,3.0556,38.61,4.34,13.4,10.25,11.025
2024-08-26 19:00:00,19,22,22,0.0,5.0,15.0,2.0,0.0,1.0,8,9,4,1,5,1,9.183,373.0,258.0,501.0,9.183,4.0,11.37,roster,0,69.0,55.0,0.4929,56.58,4.2076,0.55,0.7916,3.1364,47.19,4.34,13.4,11.65,12.525
2024-08-26 20:00:00,20,17,17,0.0,3.0,13.0,1.0,0.0,1.0,7,6,3,1,4,1,10.183,348.5,136.0,611.0,10.183,4.0,12.2,roster,0,53.0,42.5,0.3681,47.54,2.8583,0.425,0.4918,3.1176,36.46,3.47,13.4,14.21,15.275
2024-08-26 21:00:00,21,22,22,0.0,4.0,16.0,2.0,0.0,1.0,11,11,4,0,4,0,10.35,140.0,113.0,621.0,10.35,4.0,12.2,roster,0,68.0,55.0,0.4722,45.1,4.4869,0.55,0.9016,3.0909,47.19,3.47,0.0,14.44,15.525
2024-08-26 22:00:00,22,23,23,0.0,6.0,15.0,2.0,0.0,1.0,9,7,5,1,6,1,11.35,120.5,99.0,227.0,11.35,3.0,8.95,roster,0,73.0,57.5,0.7157,53.22,4.3074,0.575,0.7821,3.1739,49.33,5.21,13.4,5.28,5.675
2024-08-26 23:00:00,23,20,20,0.0,5.0,13.0,2.0,0.0,1.0,3,3,7,1,8,1,12.35,166.5,131.0,287.0,12.35,3.0,8.95,roster,0,63.0,50.0,0.6562,49.92,2.6309,0.5,0.3352,3.15,42.9,6.95,13.4,6.67,7.175
2024-08-27 00:00:00,0,18,18,0.0,6.0,11.0,1.0,0.0,1.0,5,5,8,0,8,0,13.35,212.5,160.0,347.0,13.35,3.0,8.95,roster,0,59.0,45.0,0.6146,33.62,3.3062,0.45,0.5587,3.2778,38.61,6.95,0.0,8.07,8.675
2024-08-27 01:00:00,1,19,19,0.0,6.0,12.0,1.0,0.0,1.0,5,4,8,0,8,0,14.35,272.5,220.0,407.0,14.35,3.0,8.95,roster,0,62.0,47.5,0.6458,37.16,3.0084,0.475,0.4469,3.2632,40.75,6.95,0.0,9.46,10.175
2024-08-27 02:00:00,2,20,20,0.0,7.0,12.0,1.0,0.0,1.0,4,3,9,0,9,0,15.35,311.0,254.0,367.0,15.35,3.0,8.95,roster,0,66.0,50.0,0.7097,39.25,2.7561,0.5,0.3352,3.3,42.9,7.81,0.0,8.53,9.175
2024-08-27 03:00:00,3,20,20,0.0,9.0,9.0,2.0,0.0,1.0,5,5,9,0,9,0,16.35,371.0,314.0,427.0,16.35,3.0,8.95,roster,0,67.0,50.0,0.7204,40.64,3.5465,0.5,0.5587,3.35,42.9,7.81,0.0,9.93,10.675
2024-08-27 04:00:00,4,20,20,0.0,9.0,9.0,2.0,0.0,1.0,3,3,9,2,11,2,17.35,400.0,174.0,487.0,17.35,3.0,8.95,roster,0,67.0,50.0,0.7701,70.57,2.7979,0.5,0.3352,3.35,42.9,9.55,26.8,11.32,12.175
2024-08-27 05:00:00,5,19,19,0.0,7.0,10.0,2.0,0.0,1.0,3,3,9,1,10,1,18.35,475.5,366.0,547.0,18.35,3.0,8.95,roster,0,62.0,47.5,0.6889,55.56,2.6438,0.475,0.3352,3.2632,40.75,8.68,13.4,12.72,13.675
2024-08-27 06:00:00,6,19,19,0.0,7.0,10.0,2.0,0.0,1.0,3,3,9,1,10,1,19.35,535.5,426.0,607.0,19.35,3.0,8.95,roster,0,62.0,47.5,0.6889,56.95,2.6438,0.475,0.3352,3.2632,40.75,8.68,13.4,14.11,15.175
2024-08-27 07:00:00,7,15,15,0.0,6.0,8.0,1.0,0.0,1.0,1,0,9,0,9,0,20.35,611.0,554.0,667.0,20.35,3.0,8.95,roster,0,50.0,37.5,0.5376,35.5,1.25,0.375,0.0,3.3333,32.17,7.81,0.0,15.51,16.675
2024-08-27 08:00:00,8,20,20,0.0,7.0,12.0,1.0,0.0,1.0,8,7,9,0,9,0,21.35,671.0,614.0,727.0,21.35,3.0,6.4,roster,0,66.0,50.0,0.7097,47.62,5.2594,0.5,1.0938,3.3,42.9,7.81,0.0,16.9,18.175
2024-08-27 09:00:00,9,21,21,0.0,7.0,13.0,1.0,0.0,1.0,6,6,8,1,9,1,22.35,700.0,474.0,774.0,22.35,3.0,6.4,roster,0,69.0,52.5,0.7419,64.26,4.8054,0.525,0.9375,3.2857,45.04,7.81,13.4,18.0,19.35
2024-08-27 10:00:00,10,25,25,1.0,7.0,16.0,1.0,0.0,1.0,7,7,9,1,10,1,23.35,747.0,176.0,834.0,23.35,4.0,9.86,roster,0,83.0,62.5,0.6917,75.1,4.432,0.625,0.7099,3.32,53.62,8.68,13.4,19.39,20.85
2024-08-27 11:00:00,11,24,24,1.0,6.0,16.0,1.0,0.0,1.0,4,4,10,2,12,2,24.35,694.0,209.0,894.0,24.35,4.0,9.86,roster,0,79.0,60.0,0.7054,89.49,3.3104,0.6,0.4057,3.2917,51.48,10.42,26.8,20.79,22.35
2024-08-27 12:00:00,12,21,21,2.0,4.0,14.0,1.0,0.0,1.0,7,6,10,1,11,1,25.35,654.0,147.0,954.0,25.35,4.0,9.86,roster,0,70.0,52.5,0.6034,70.18,3.7784,0.525,0.6085,3.3333,45.04,9.55,13.4,22.18,23.85
2024-08-27 13:00:00,13,18,18,1.0,4.0,12.0,1.0,0.0,1.0,5,5,9,0,9,0,26.35,356.0,183.0,914.0,26.35,4.0,9.86,roster,0,59.0,45.0,0.4758,47.68,3.1372,0.45,0.5071,3.2778,38.61,7.81,0.0,21.25,22.85
2024-08-27 14:00:00,14,8,8,0.0,2.0,5.0,1.0,0.0,1.0,0,0,3,0,3,0,27.35,82.0,69.0,1641.0,27.35,4.0,9.86,roster,0,25.0,20.0,0.1689,37.92,0.625,0.2,0.0,3.125,17.16,2.6,0.0,38.15,41.025
2024-08-27 15:00:00,15,12,12,0.0,1.0,10.0,1.0,0.0,1.0,9,9,0,0,0,0,20.833,0.0,,,,4.0,9.86,roster,0,36.0,30.0,0.225,5.74,3.6383,0.3,0.9128,3.0,25.74,0.0,0.0,0.0,0.0
2024-08-27 16:00:00,16,15,15,0.0,4.0,10.0,1.0,0.0,1.0,10,9,1,0,1,0,21.833,119.0,119.0,119.0,1.983,4.0,9.86,roster,0,48.0,37.5,0.3077,15.81,4.1209,0.375,0.9128,3.2,32.17,0.87,0.0,2.77,2.975
2024-08-27 17:00:00,17,17,17,0.0,4.0,10.0,3.0,0.0,1.0,10,9,4,0,4,0,22.833,111.0,109.0,179.0,2.983,4.0,9.86,roster,0,52.0,42.5,0.3611,24.1,4.092,0.425,0.9128,3.0588,36.46,3.47,0.0,4.16,4.475
2024-08-27 18:00:00,18,20,20,1.0,5.0,12.0,2.0,0.0,1.0,9,8,4,0,4,0,23.833,171.0,169.0,239.0,3.983,4.0,9.86,roster,0,65.0,50.0,0.4514,31.93,4.2619,0.5,0.8114,3.25,42.9,3.47,0.0,5.56,5.975
2024-08-27 19:00:00,19,14,14,1.0,2.0,10.0,1.0,0.0,1.0,3,3,3,0,3,0,24.833,160.0,99.0,233.0,3.883,4.0,9.86,roster,0,45.0,35.0,0.3041,18.05,2.103,0.35,0.3043,3.2143,30.03,2.6,0.0,5.42,5.825
2024-08-27 20:00:00,20,15,15,0.0,4.0,10.0,1.0,0.0,1.0,9,7,1,0,1,0,25.833,220.0,220.0,220.0,3.667,4.0,10.67,roster,0,48.0,37.5,0.3077,18.16,3.2993,0.375,0.656,3.2,32.17,0.87,0.0,5.12,5.5
2024-08-27 21:00:00,21,19,19,0.0,4.0,14.0,1.0,0.0,1.0,9,7,3,1,4,1,26.833,92.0,88.0,280.0,4.667,4.0,10.67,roster,0,60.0,47.5,0.4167,44.14,3.5717,0.475,0.656,3.1579,40.75,3.47,13.4,6.51,7.0
2024-08-27 22:00:00,22,15,15,0.0,4.0,10.0,1.0,0.0,1.0,6,5,2,1,3,1,27.833,120.0,113.0,148.0,2.467,3.0,7.21,roster,0,48.0,37.5,0.4324,31.62,3.4191,0.375,0.6935,3.2,32.17,2.6,13.4,3.44,3.7
2024-08-27 23:00:00,23,15,15,0.0,3.0,11.0,1.0,0.0,1.0,7,5,2,0,2,0,28.833,119.0,65.0,173.0,2.883,3.0,7.21,roster,0,47.0,37.5,0.4123,17.93,3.3479,0.375,0.6935,3.1333,32.17,1.74,0.0,4.02,4.325
2024-08-28 00:00:00,0,12,12,0.0,2.0,8.0,2.0,0.0,1.0,5,4,2,0,2,0,29.833,179.0,125.0,233.0,3.883,3.0,7.21,roster,0,36.0,30.0,0.3158,12.89,2.5644,0.3,0.5548,3.0,25.74,1.74,0.0,5.42,5.825
2024-08-28 01:00:00,1,10,10,0.0,2.0,6.0,2.0,0.0,1.0,1,1,2,0,2,0,30.833,239.0,185.0,293.0,4.883,3.0,7.21,roster,0,30.0,25.0,0.2632,10.0,1.1661,0.25,0.1387,3.0,21.45,1.74,0.0,6.81,7.325
2024-08-28 02:00:00,2,9,9,0.0,3.0,5.0,1.0,0.0,1.0,4,2,2,0,2,0,31.833,299.0,245.0,353.0,5.883,3.0,7.21,roster,0,29.0,22.5,0.2544,9.25,1.6188,0.225,0.2774,3.2222,19.3,1.74,0.0,8.21,8.825
2024-08-28 03:00:00,3,7,7,0.0,3.0,3.0,1.0,0.0,1.0,1,0,2,0,2,0,32.833,359.0,305.0,413.0,6.883,3.0,7.21,roster,0,23.0,17.5,0.2018,6.35,0.575,0.175,0.0,3.2857,15.01,1.74,0.0,9.6,10.325
2024-08-28 04:00:00,4,9,9,0.0,3.0,5.0,1.0,0.0,1.0,3,2,2,0,2,0,33.833,419.0,365.0,473.0,7.883,3.0,7.21,roster,0,29.0,22.5,0.2544,12.04,1.6188,0.225,0.2774,3.2222,19.3,1.74,0.0,11.0,11.825
2024-08-28 05:00:00,5,8,8,0.0,2.0,5.0,1.0,0.0,1.0,0,0,2,0,2,0,34.833,479.0,425.0,533.0,8.883,3.0,7.21,roster,0,25.0,20.0,0.2193,11.29,0.625,0.2,0.0,3.125,17.16,1.74,0.0,12.39,13.325
2024-08-28 06:00:00,6,11,11,0.0,2.0,8.0,1.0,0.0,1.0,4,3,2,0,2,0,35.833,539.0,485.0,593.0,9.883,3.0,7.21,roster,0,34.0,27.5,0.2982,19.12,2.1361,0.275,0.4161,3.0909,23.6,1.74,0.0,13.79,14.825
2024-08-28 07:00:00,7,15,15,0.0,2.0,11.0,2.0,0.0,1.0,5,5,2,0,2,0,36.833,599.0,545.0,653.0,10.883,3.0,7.21,roster,0,45.0,37.5,0.3947,29.09,3.2054,0.375,0.6935,3.0,32.17,1.74,0.0,15.18,16.325
2024-08-28 08:00:00,8,16,16,0.0,2.0,12.0,2.0,0.0,1.0,5,4,3,0,3,0,17.533,605.0,71.0,713.0,11.883,3.0,6.4,roster,0,48.0,40.0,0.4324,33.5,3.075,0.4,0.625,3.0,34.32,2.6,0.0,16.58,17.825
2024-08-28 09:00:00,9,15,15,0.0,3.0,10.0,2.0,0.0,1.0,6,4,4,0,4,0,18.533,398.0,131.0,773.0,12.883,3.0,6.4,roster,0,46.0,37.5,0.4259,33.62,3.0667,0.375,0.625,3.0667,32.17,3.47,0.0,17.97,19.325
2024-08-28 10:00:00,10,20,20,0.0,4.0,13.0,3.0,0.0,1.0,8,8,5,0,5,0,19.533,191.0,155.0,725.0,13.883,4.0,10.1,roster,0,61.0,50.0,0.4357,44.1,3.9408,0.5,0.7921,3.05,42.9,4.34,0.0,16.86,18.125
2024-08-28 11:00:00,11,20,20,0.0,4.0,15.0,1.0,0.0,1.0,7,7,7,0,7,0,20.533,215.0,110.0,785.0,14.883,4.0,10.1,roster,0,63.0,50.0,0.4773,47.23,3.7582,0.5,0.6931,3.15,42.9,6.08,0.0,18.25,19.625
2024-08-28 12:00:00,12,24,24,0.0,5.0,17.0,2.0,0.0,1.0,8,7,9,1,10,1,15.883,195.5,118.0,311.0,15.883,4.0,10.1,roster,0,75.0,60.0,0.625,60.79,4.0408,0.6,0.6931,3.125,51.48,8.68,13.4,7.23,7.775
2024-08-28 13:00:00,13,22,22,0.0,5.0,16.0,1.0,0.0,1.0,5,5,9,1,10,1,16.883,204.0,128.0,335.0,16.883,4.0,10.1,roster,0,70.0,55.0,0.5833,57.06,3.3252,0.55,0.495,3.1818,47.19,8.68,13.4,7.79,8.375
2024-08-28 14:00:00,14,18,18,0.0,3.0,14.0,1.0,0.0,1.0,3,3,8,1,9,1,17.167,168.0,112.0,238.0,6.583,4.0,10.1,roster,0,56.0,45.0,0.4516,45.36,2.3241,0.45,0.297,3.1111,38.61,7.81,13.4,5.53,5.95
2024-08-28 15:00:00,15,20,20,0.0,4.0,14.0,2.0,0.0,1.0,9,7,6,1,7,1,18.167,228.0,151.0,298.0,5.833,4.0,10.1,roster,0,62.0,50.0,0.4697,49.31,3.6985,0.5,0.6931,3.1,42.9,6.08,13.4,6.93,7.45
2024-08-28 16:00:00,16,16,16,0.0,4.0,10.0,1.0,1.0,1.0,6,6,4,1,5,1,19.167,308.0,288.0,358.0,6.833,4.0,10.1,roster,0,49.0,40.0,0.35,40.39,3.0443,0.4,0.5941,3.0625,34.32,4.34,13.4,8.32,8.95
2024-08-28 17:00:00,17,15,15,0.0,3.0,10.0,2.0,0.0,1.0,7,5,3,1,4,1,20.167,358.0,348.0,418.0,6.967,4.0,10.1,roster,0,46.0,37.5,0.3194,38.77,2.6682,0.375,0.495,3.0667,32.17,3.47,13.4,9.72,10.45
2024-08-28 18:00:00,18,15,15,0.0,2.0,12.0,1.0,0.0,1.0,5,5,2,1,3,1,21.167,408.0,233.0,428.0,7.133,4.0,10.1,roster,0,46.0,37.5,0.3108,38.13,2.6682,0.375,0.495,3.0667,32.17,2.6,13.4,9.95,10.7
2024-08-28 19:00:00,19,13,13,0.0,3.0,8.0,2.0,0.0,1.0,4,4,2,2,4,2,11.133,380.5,293.0,488.0,8.133,4.0,10.1,roster,0,40.0,32.5,0.2778,49.5,2.2186,0.325,0.396,3.0769,27.88,3.47,26.8,11.35,12.2
2024-08-28 20:00:00,20,16,16,0.0,2.0,12.0,2.0,0.0,1.0,10,9,1,1,2,1,12.133,450.5,353.0,548.0,9.133,4.0,11.99,roster,0,48.0,40.0,0.3158,42.2,3.4519,0.4,0.7506,3.0,34.32,1.74,13.4,12.74,13.7
2024-08-28 21:00:00,21,18,18,0.0,1.0,16.0,1.0,0.0,1.0,7,6,0,1,1,1,13.133,63.0,63.0,63.0,1.05,4.0,11.99,roster,0,54.0,45.0,0.3462,34.34,2.8513,0.45,0.5004,3.0,38.61,0.87,13.4,1.46,1.575
2024-08-28 22:00:00,22,24,24,0.0,1.0,22.0,1.0,0.0,1.0,13,11,1,1,2,1,14.133,116.5,110.0,123.0,2.05,3.0,8.29,roster,0,72.0,60.0,0.6316,49.48,5.7807,0.6,1.3269,3.0,51.48,1.74,13.4,2.86,3.075
2024-08-28 23:00:00,23,15,15,0.0,1.0,14.0,0.0,0.0,1.0,4,3,1,0,1,0,5.683,102.0,102.0,102.0,1.7,3.0,8.29,roster,0,46.0,37.5,0.3932,15.41,2.2598,0.375,0.3619,3.0667,32.17,0.87,0.0,2.37,2.55
2024-08-29 00:00:00,0,9,9,1.0,1.0,7.0,0.0,0.0,1.0,5,2,1,0,1,0,6.683,162.0,162.0,162.0,2.7,3.0,8.29,roster,0,30.0,22.5,0.2564,3.94,1.5542,0.225,0.2413,3.3333,19.3,0.87,0.0,3.77,4.05
2024-08-29 01:00:00,1,13,13,1.0,1.0,10.0,1.0,0.0,1.0,8,7,2,0,2,0,7.683,163.0,104.0,222.0,3.7,3.0,8.29,roster,0,41.0,32.5,0.3596,14.78,3.6881,0.325,0.8444,3.1538,27.88,1.74,0.0,5.16,5.55
2024-08-29 02:00:00,2,14,14,1.0,1.0,11.0,1.0,0.0,1.0,5,5,2,0,2,0,8.683,223.0,164.0,282.0,4.7,3.0,8.29,roster,0,44.0,35.0,0.386,18.32,2.9956,0.35,0.6031,3.1429,30.03,1.74,0.0,6.56,7.05
2024-08-29 03:00:00,3,13,13,1.0,1.0,10.0,1.0,0.0,1.0,2,2,2,0,2,0,9.683,283.0,224.0,342.0,5.7,3.0,8.29,roster,0,41.0,32.5,0.3596,17.57,1.7859,0.325,0.2413,3.1538,27.88,1.74,0.0,7.95,8.55
2024-08-29 04:00:00,4,10,10,1.0,1.0,7.0,1.0,0.0,1.0,0,0,2,0,2,0,10.683,343.0,284.0,402.0,6.7,3.0,8.29,roster,0,32.0,25.0,0.2807,12.53,0.8,0.25,0.0,3.2,21.45,1.74,0.0,9.35,10.05
2024-08-29 05:00:00,5,11,11,2.0,1.0,7.0,1.0,0.0,1.0,1,1,2,0,2,0,11.683,403.0,344.0,462.0,7.7,3.0,8.29,roster,0,37.0,27.5,0.3246,16.07,1.3307,0.275,0.1206,3.3636,23.6,1.74,0.0,10.74,11.55
2024-08-29 06:00:00,6,13,13,2.0,1.0,9.0,1.0,0.0,1.0,2,2,2,0,2,0,12.683,463.0,404.0,522.0,8.7,3.0,8.29,roster,0,43.0,32.5,0.3772,21.76,1.873,0.325,0.2413,3.3077,27.88,1.74,0.0,12.14,13.05
2024-08-29 07:00:00,7,10,10,2.0,2.0,6.0,0.0,0.0,1.0,2,2,2,0,2,0,13.683,523.0,464.0,582.0,9.7,3.0,8.29,roster,0,36.0,25.0,0.3158,16.72,1.7685,0.25,0.2413,3.6,21.45,1.74,0.0,13.53,14.55
2024-08-29 08:00:00,8,16,16,2.0,4.0,9.0,1.0,0.0,1.0,9,9,2,0,2,0,10.8,583.0,524.0,642.0,10.7,3.0,7.68,roster,0,55.0,40.0,0.4825,30.98,5.4033,0.4,1.1719,3.4375,34.32,1.74,0.0,14.93,16.05
2024-08-29 09:00:00,9,17,17,1.0,5.0,9.0,2.0,0.0,1.0,5,5,5,0,5,0,11.8,88.0,73.0,584.0,11.7,3.0,7.68,roster,0,56.0,42.5,0.5333,34.38,3.5446,0.425,0.651,3.2941,36.46,4.34,0.0,13.58,14.6
2024-08-29 10:00:00,10,20,20,2.0,5.0,12.0,1.0,0.0,1.0,7,6,7,0,7,0,12.8,133.0,81.0,644.0,12.7,4.0,10.93,roster,0,68.0,50.0,0.5152,43.95,3.5664,0.5,0.5489,3.4,42.9,6.08,0.0,14.97,16.1
2024-08-29 11:00:00,11,24,24,2.0,5.0,15.0,2.0,0.0,1.0,8,8,8,0,8,0,13.8,136.0,110.0,208.0,13.7,4.0,10.93,roster,0,79.0,60.0,0.6172,43.26,4.3843,0.6,0.7319,3.2917,51.48,6.95,0.0,4.84,5.2
2024-08-29 12:00:00,12,31,31,2.0,5.0,22.0,2.0,0.0,1.0,12,12,9,0,9,0,14.8,130.0,72.0,170.0,4.067,4.0,10.93,roster,0,100.0,77.5,0.8065,58.26,6.0416,0.775,1.0979,3.2258,66.5,7.81,0.0,3.95,4.25
2024-08-29 13:00:00,13,31,31,1.0,3.0,25.0,2.0,0.0,1.0,8,8,11,0,11,0,15.8,125.0,105.0,190.0,3.833,4.0,10.93,roster,0,96.0,77.5,0.8276,60.46,4.6666,0.775,0.7319,3.0968,66.5,9.55,0.0,4.42,4.75
2024-08-29 14:00:00,14,29,29,1.0,2.0,22.0,4.0,0.0,1.0,6,6,10,0,10,0,6.15,188.5,165.0,250.0,4.833,4.0,10.93,roster,0,87.0,72.5,0.725,56.7,3.8218,0.725,0.5489,3.0,62.2,8.68,0.0,5.81,6.25
2024-08-29 15:00:00,15,31,31,1.0,3.0,22.0,5.0,0.0,1.0,10,9,8,0,8,0,7.15,244.5,225.0,334.0,5.833,4.0,10.93,roster,0,93.0,77.5,0.7266,61.21,4.7953,0.775,0.8234,3.0,66.5,6.95,0.0,7.77,8.35
2024-08-29 16:00:00,16,27,27,1.0,2.0,21.0,3.0,0.0,1.0,8,9,11,0,11,0,7.85,237.0,89.0,370.0,6.833,4.0,10.93,roster,0,82.0,67.5,0.7069,56.07,4.5508,0.675,0.8234,3.037,57.92,9.55,0.0,8.6,9.25
2024-08-29 17:00:00,17,31,31,0.0,4.0,24.0,3.0,0.0,1.0,9,9,12,0,12,0,7.833,175.5,122.0,372.0,7.833,4.0,10.93,roster,0,94.0,77.5,0.8393,65.56,4.8468,0.775,0.8234,3.0323,66.5,10.42,0.0,8.65,9.3
2024-08-29 18:00:00,18,32,32,0.0,5.0,26.0,1.0,0.0,1.0,8,8,14,0,14,0,8.833,181.0,100.0,357.0,8.833,4.0,10.93,roster,0,100.0,80.0,0.9615,69.1,4.7873,0.8,0.7319,3.125,68.64,12.16,0.0,8.3,8.925
2024-08-29 19:00:00,19,28,28,0.0,4.0,23.0,1.0,0.0,1.0,11,8,13,0,13,0,9.833,237.0,130.0,270.0,9.833,4.0,10.93,roster,0,87.0,70.0,0.8056,57.63,4.4492,0.7,0.7319,3.1071,60.06,11.29,0.0,6.28,6.75
2024-08-29 20:00:00,20,21,21,0.0,4.0,17.0,0.0,0.0,1.0,4,3,10,0,10,0,10.833,247.0,184.0,552.0,10.833,4.0,9.75,roster,0,67.0,52.5,0.5583,46.56,2.6567,0.525,0.3077,3.1905,45.04,8.68,0.0,12.83,13.8
2024-08-29 21:00:00,21,9,9,0.0,1.0,8.0,0.0,0.0,1.0,2,0,5,0,5,0,11.75,244.0,216.0,357.0,11.167,4.0,9.75,roster,0,28.0,22.5,0.2,11.95,0.7,0.225,0.0,3.1111,19.3,4.34,0.0,8.3,8.925
2024-08-29 22:00:00,22,9,9,0.0,0.0,8.0,1.0,0.0,1.0,8,7,1,0,1,0,12.75,730.0,730.0,730.0,12.167,3.0,6.5,roster,0,26.0,22.5,0.2222,17.15,3.7611,0.225,1.0769,2.8889,19.3,0.87,0.0,16.97,18.25
2024-08-29 23:00:00,23,13,13,0.0,2.0,11.0,0.0,0.0,1.0,7,7,1,0,1,0,13.75,790.0,790.0,790.0,13.167,3.0,6.5,roster,0,41.0,32.5,0.3504,27.12,4.4214,0.325,1.0769,3.1538,27.88,0.87,0.0,18.37,19.75
2024-08-30 00:00:00,0,13,13,0.0,3.0,9.0,1.0,0.0,1.0,9,6,2,0,2,0,14.75,470.0,90.0,850.0,14.167,3.0,6.5,roster,0,41.0,32.5,0.3596,29.38,3.9362,0.325,0.9231,3.1538,27.88,1.74,0.0,19.76,21.25
2024-08-30 01:00:00,1,21,21,0.0,4.0,15.0,2.0,0.0,1.0,9,9,3,0,3,0,15.75,150.0,77.0,910.0,15.167,3.0,6.5,roster,0,65.0,52.5,0.5856,48.81,5.9107,0.525,1.3846,3.0952,45.04,2.6,0.0,21.16,22.75
2024-08-30 02:00:00,2,16,16,0.0,4.0,11.0,1.0,0.0,1.0,2,2,4,0,4,0,16.75,173.5,137.0,970.0,16.167,3.0,6.5,roster,0,51.0,40.0,0.4722,40.35,2.2558,0.4,0.3077,3.1875,34.32,3.47,0.0,22.55,24.25
2024-08-30 03:00:00,3,18,18,0.0,4.0,13.0,1.0,0.0,1.0,4,4,4,0,4,0,17.75,233.5,197.0,1030.0,17.167,3.0,6.5,roster,0,57.0,45.0,0.5278,46.03,3.3737,0.45,0.6154,3.1667,38.61,3.47,0.0,23.95,25.75
2024-08-30 04:00:00,4,15,15,0.0,4.0,10.0,1.0,0.0,1.0,1,1,4,0,4,0,18.75,293.5,257.0,1090.0,18.167,3.0,6.5,roster,0,48.0,37.5,0.4444,40.99,1.6923,0.375,0.1538,3.2,32.17,3.47,0.0,25.34,27.25
2024-08-30 05:00:00,5,14,14,0.0,3.0,10.0,1.0,0.0,1.0,1,1,4,0,4,0,19.75,353.5,317.0,1150.0,19.167,3.0,6.5,roster,0,44.0,35.0,0.4074,40.24,1.5835,0.35,0.1538,3.1429,30.03,3.47,0.0,26.74,28.75
2024-08-30 06:00:00,6,12,12,0.0,3.0,8.0,1.0,0.0,1.0,1,1,4,0,4,0,20.75,413.5,377.0,1210.0,20.167,3.0,6.5,roster,0,38.0,30.0,0.3519,37.35,1.4372,0.3,0.1538,3.1667,25.74,3.47,0.0,28.13,30.25
2024-08-30 07:00:00,7,13,13,0.0,3.0,9.0,1.0,0.0,1.0,3,3,4,0,4,0,21.75,473.5,437.0,1270.0,21.167,3.0,6.5,roster,0,41.0,32.5,0.3796,40.89,2.4806,0.325,0.4615,3.1538,27.88,3.47,0.0,29.53,31.75
2024-08-30 08:00:00,8,14,14,0.0,4.0,10.0,0.0,0.0,1.0,4,4,4,0,4,0,22.75,533.5,497.0,1330.0,22.167,3.0,9.4,roster,0,46.0,35.0,0.4259,44.43,2.5482,0.35,0.4255,3.2857,30.03,3.47,0.0,30.92,33.25
2024-08-30 09:00:00,9,17,17,0.0,3.0,12.0,2.0,0.0,1.0,8,7,4,0,4,0,23.75,593.5,557.0,1390.0,23.167,3.0,9.4,roster,0,52.0,42.5,0.4815,52.26,3.5778,0.425,0.7447,3.0588,36.46,3.47,0.0,32.32,34.75
2024-08-30 10:00:00,10,19,19,0.0,4.0,13.0,2.0,0.0,1.0,4,4,5,0,5,0,24.75,617.0,121.0,690.0,24.167,4.0,13.1,roster,0,59.0,47.5,0.4214,41.14,2.4232,0.475,0.3053,3.1053,40.75,4.34,0.0,16.04,17.25
2024-08-30 11:00:00,11,17,17,0.0,3.0,13.0,1.0,0.0,1.0,5,5,4,1,5,1,25.75,181.0,164.0,677.0,25.167,4.0,13.1,roster,0,53.0,42.5,0.3786,49.95,2.5149,0.425,0.3817,3.1176,36.46,4.34,13.4,15.74,16.925
2024-08-30 12:00:00,12,21,21,0.0,4.0,14.0,3.0,0.0,1.0,7,7,5,1,6,1,26.75,181.0,109.0,241.0,26.167,4.0,13.1,roster,0,64.0,52.5,0.4706,49.26,3.2285,0.525,0.5344,3.0476,45.04,5.21,13.4,5.6,6.025
2024-08-30 13:00:00,13,21,21,1.0,5.0,13.0,2.0,0.0,1.0,8,7,7,0,7,0,27.75,109.0,83.0,284.0,5.017,4.0,13.1,roster,0,68.0,52.5,0.5152,37.73,3.4303,0.525,0.5344,3.2381,45.04,6.08,0.0,6.6,7.1
2024-08-30 14:00:00,14,25,25,1.0,3.0,19.0,2.0,0.0,1.0,9,9,8,0,8,0,28.75,135.5,114.0,229.0,5.733,4.0,13.1,roster,0,78.0,62.5,0.6094,45.9,4.0935,0.625,0.687,3.12,53.62,6.95,0.0,5.32,5.725
2024-08-30 15:00:00,15,27,27,2.0,2.0,20.0,3.0,0.0,1.0,8,8,4,0,4,0,29.75,195.5,188.0,211.0,3.517,4.0,13.1,roster,0,84.0,67.5,0.5833,46.29,3.9999,0.675,0.6107,3.1111,57.92,3.47,0.0,4.91,5.275
2024-08-30 16:00:00,16,22,22,3.0,1.0,17.0,1.0,0.0,1.0,8,7,4,0,4,0,7.833,174.0,114.0,263.0,4.383,4.0,13.1,roster,0,72.0,55.0,0.5,36.78,3.5488,0.55,0.5344,3.2727,47.19,3.47,0.0,6.11,6.575
2024-08-30 17:00:00,17,25,25,3.0,1.0,18.0,3.0,0.0,1.0,9,8,3,1,4,1,8.833,232.0,170.0,323.0,5.383,4.0,13.1,roster,0,79.0,62.5,0.5486,58.01,3.9048,0.625,0.6107,3.16,53.62,3.47,13.4,7.51,8.075
2024-08-30 18:00:00,18,18,18,1.0,1.0,12.0,4.0,0.0,1.0,3,3,4,0,4,0,9.833,233.5,113.0,383.0,6.383,4.0,13.1,roster,0,53.0,45.0,0.3681,30.99,1.9993,0.45,0.229,2.9444,38.61,3.47,0.0,8.9,9.575
2024-08-30 19:00:00,19,15,15,0.0,1.0,11.0,3.0,0.0,1.0,4,3,3,0,3,0,10.833,173.0,130.0,443.0,7.383,4.0,13.1,roster,0,43.0,37.5,0.2905,25.08,1.7315,0.375,0.229,2.8667,32.17,2.6,0.0,10.3,11.075
2024-08-30 20:00:00,20,20,20,0.0,1.0,14.0,5.0,0.0,1.0,8,7,3,1,4,1,11.833,211.5,190.0,503.0,8.383,4.0,10.47,roster,0,56.0,50.0,0.3889,51.47,3.272,0.5,0.6686,2.8,42.9,3.47,13.4,11.69,12.575
2024-08-30 21:00:00,21,12,12,0.0,0.0,9.0,3.0,0.0,1.0,3,3,3,0,3,0,12.833,78.0,75.0,250.0,4.167,4.0,10.47,roster,0,33.0,30.0,0.223,14.16,1.613,0.3,0.2865,2.75,25.74,2.6,0.0,5.81,6.25
2024-08-30 22:00:00,22,11,11,0.0,0.0,9.0,2.0,0.0,1.0,6,6,0,0,0,0,13.833,0.0,,,,3.0,6.77,roster,0,31.0,27.5,0.2583,3.6,3.2727,0.275,0.8863,2.8182,23.6,0.0,0.0,0.0,0.0
2024-08-30 23:00:00,23,15,15,0.0,2.0,11.0,2.0,0.0,1.0,9,9,0,0,0,0,14.833,0.0,,,,3.0,6.77,roster,0,45.0,37.5,0.375,12.17,5.1132,0.375,1.3294,3.0,32.17,0.0,0.0,0.0,0.0
2024-08-31 00:00:00,0,21,21,0.0,2.0,16.0,3.0,0.0,1.0,10,10,3,0,3,0,15.833,106.0,100.0,108.0,1.8,3.0,6.77,roster,0,62.0,52.5,0.5586,30.16,5.911,0.525,1.4771,2.9524,45.04,2.6,0.0,2.51,2.7
2024-08-31 01:00:00,1,15,15,0.0,2.0,10.0,3.0,0.0,1.0,4,2,4,0,4,0,16.833,163.0,160.0,168.0,2.8,3.0,6.77,roster,0,44.0,37.5,0.4074,19.55,1.9666,0.375,0.2954,2.9333,32.17,3.47,0.0,3.91,4.2
2024-08-31 02:00:00,2,17,17,0.0,2.0,12.0,3.0,0.0,1.0,6,5,5,0,5,0,17.833,220.0,168.0,226.0,3.8,3.0,6.77,roster,0,50.0,42.5,0.4762,26.06,3.4222,0.425,0.7386,2.9412,36.46,4.34,0.0,5.25,5.65
2024-08-31 03:00:00,3,16,16,0.0,2.0,11.0,3.0,0.0,1.0,3,2,5,0,5,0,18.833,280.0,228.0,286.0,4.8,3.0,6.77,roster,0,47.0,40.0,0.4476,25.31,2.0428,0.4,0.2954,2.9375,34.32,4.34,0.0,6.65,7.15
2024-08-31 04:00:00,4,17,17,0.0,2.0,11.0,4.0,0.0,1.0,2,1,5,0,5,0,19.833,340.0,288.0,346.0,5.8,3.0,6.77,roster,0,49.0,42.5,0.4667,28.85,1.6508,0.425,0.1477,2.8824,36.46,4.34,0.0,8.04,8.65
2024-08-31 05:00:00,5,14,14,0.0,2.0,8.0,4.0,0.0,1.0,1,1,5,0,5,0,20.833,400.0,348.0,406.0,6.8,3.0,6.77,roster,0,40.0,35.0,0.381,23.81,1.422,0.35,0.1477,2.8571,30.03,4.34,0.0,9.44,10.15
2024-08-31 06:00:00,6,16,16,0.0,3.0,9.0,4.0,0.0,1.0,4,3,5,0,5,0,21.833,460.0,408.0,466.0,7.8,3.0,6.77,roster,0,47.0,40.0,0.4476,29.5,2.4767,0.4,0.4431,2.9375,34.32,4.34,0.0,10.83,11.65
2024-08-31 07:00:00,7,14,14,0.0,3.0,9.0,2.0,0.0,1.0,2,2,5,0,5,0,8.8,520.0,468.0,526.0,8.8,3.0,6.77,roster,0,43.0,35.0,0.4095,26.6,1.9824,0.35,0.2954,3.0714,30.03,4.34,0.0,12.23,13.15
2024-08-31 08:00:00,8,11,11,0.0,3.0,7.0,1.0,0.0,1.0,0,0,6,0,6,0,9.8,554.0,381.0,586.0,9.8,3.0,8.31,roster,0,35.0,27.5,0.3431,22.43,0.875,0.275,0.0,3.1818,23.6,5.21,0.0,13.62,14.65
2024-08-31 09:00:00,9,13,13,0.0,2.0,10.0,1.0,0.0,1.0,6,6,4,0,4,0,10.767,514.5,441.0,646.0,10.767,3.0,8.31,roster,0,40.0,32.5,0.3704,26.38,3.2216,0.325,0.722,3.0769,27.88,3.47,0.0,15.02,16.15
2024-08-31 10:00:00,10,16,16,0.0,4.0,11.0,1.0,0.0,1.0,7,7,4,0,4,0,11.767,422.0,196.0,706.0,11.767,4.0,12.01,roster,0,51.0,40.0,0.3542,34.21,3.1328,0.4,0.5828,3.1875,34.32,3.47,0.0,16.41,17.65
2024-08-31 11:00:00,11,24,24,0.0,5.0,18.0,1.0,0.0,1.0,12,13,4,1,5,1,12.767,256.0,129.0,708.0,12.767,4.0,12.01,roster,0,76.0,60.0,0.5429,65.68,5.3277,0.6,1.0824,3.1667,51.48,4.34,13.4,16.46,17.7
2024-08-31 12:00:00,12,27,27,0.0,4.0,22.0,1.0,0.0,1.0,11,11,8,0,8,0,13.767,105.5,82.0,316.0,13.767,4.0,12.01,roster,0,84.0,67.5,0.6562,52.21,4.9495,0.675,0.9159,3.1111,57.92,6.95,0.0,7.35,7.9
2024-08-31 13:00:00,13,25,25,0.0,5.0,19.0,1.0,0.0,1.0,5,4,10,0,10,0,14.767,152.0,102.0,249.0,14.767,4.0,12.01,roster,0,79.0,62.5,0.6583,48.1,3.0275,0.625,0.3331,3.16,53.62,8.68,0.0,5.79,6.225
2024-08-31 14:00:00,14,24,24,0.0,7.0,16.0,1.0,0.0,1.0,10,10,7,0,7,0,15.767,162.0,97.0,309.0,15.767,4.0,12.01,roster,0,78.0,60.0,0.5909,44.74,4.6561,0.6,0.8326,3.25,51.48,6.08,0.0,7.18,7.725
2024-08-31 15:00:00,15,27,27,1.0,8.0,17.0,1.0,0.0,1.0,10,10,5,1,6,1,16.767,244.0,89.0,369.0,16.767,4.0,12.01,roster,0,90.0,67.5,0.6618,65.1,5.0255,0.675,0.8326,3.3333,57.92,5.21,13.4,8.58,9.225
2024-08-31 16:00:00,16,26,26,1.0,6.0,18.0,1.0,0.0,1.0,8,7,6,1,7,1,17.767,134.0,96.0,259.0,17.767,4.0,12.01,roster,0,85.0,65.0,0.6439,61.27,4.0305,0.65,0.5828,3.2692,55.77,6.08,13.4,6.02,6.475
2024-08-31 17:00:00,17,33,33,1.0,6.0,24.0,2.0,0.0,1.0,12,12,8,2,10,2,18.767,161.0,112.0,209.0,18.767,4.0,12.01,roster,0,105.0,82.5,0.875,91.13,5.8042,0.825,0.9992,3.1818,70.78,8.68,26.8,4.86,5.225
2024-08-31 18:00:00,18,31,31,2.0,7.0,20.0,2.0,0.0,1.0,5,4,10,2,12,2,19.767,199.0,153.0,269.0,19.767,4.0,12.01,roster,0,102.0,77.5,0.9107,89.97,3.6459,0.775,0.3331,3.2903,66.5,10.42,26.8,6.25,6.725
2024-08-31 19:00:00,19,27,27,1.0,5.0,20.0,1.0,0.0,1.0,11,9,7,1,8,1,20.767,244.5,154.0,439.0,20.767,4.0,12.01,roster,0,87.0,67.5,0.6797,68.47,4.5897,0.675,0.7494,3.2222,57.92,6.95,13.4,10.21,10.975
2024-08-31 20:00:00,20,28,28,1.0,4.0,22.0,1.0,0.0,1.0,11,11,3,0,3,0,9.55,169.0,120.0,273.0,4.55,4.0,10.36,roster,0,89.0,70.0,0.6014,49.01,5.5999,0.7,1.0618,3.1786,60.06,2.6,0.0,6.35,6.825
2024-08-31 21:00:00,21,25,25,1.0,5.0,19.0,0.0,0.0,1.0,10,10,4,0,4,0,10.55,204.5,180.0,333.0,5.55,4.0,10.36,roster,0,82.0,62.5,0.5694,44.84,5.216,0.625,0.9653,3.28,53.62,3.47,0.0,7.74,8.325
2024-08-31 22:00:00,22,22,22,0.0,4.0,17.0,1.0,0.0,1.0,9,6,2,1,3,1,11.55,171.0,87.0,393.0,6.55,3.0,6.66,roster,0,69.0,55.0,0.6216,52.33,4.5506,0.55,0.9009,3.1364,47.19,2.6,13.4,9.14,9.825
2024-08-31 23:00:00,23,21,21,0.0,4.0,16.0,1.0,0.0,1.0,10,9,2,1,3,1,12.55,231.0,147.0,453.0,7.55,3.0,6.66,roster,0,66.0,52.5,0.5946,51.58,5.8971,0.525,1.3514,3.1429,45.04,2.6,13.4,10.53,11.325
