ts,hour,total,census,l1,l2,l3,l4,l5,tri_coverage,arrivals,arrival_present_1h,waitBed,waitICU,D_board,resus,maxLOS_h,awt_curr_min,board_q1_min,board_q3_min,board_max_h,Na,cap_sum,cap_source,src_gap,acuity,OCCUPANCY,EDWIN,NEDOCS,READI,READI_BR,READI_PR,READI_AR,NEDOCS_t_total,NEDOCS_t_board,NEDOCS_t_resus,NEDOCS_t_longest_admit,NEDOCS_E_h
2024-02-01 00:00:00,0,36,36,1.0,5.0,25.0,5.0,0.0,1.0,2,2,21,2,23,2,31.7,337.0,160.0,506.0,31.7,3.0,6.67,roster,0,110.0,90.0,2.1569,115.76,3.6662,0.9,0.2999,3.0556,77.22,19.97,26.8,11.76,12.65
2024-02-01 01:00:00,1,34,34,1.0,5.0,24.0,4.0,0.0,1.0,3,2,22,2,24,2,32.7,390.5,220.0,566.0,32.7,3.0,6.67,roster,0,105.0,85.0,2.1875,113.73,3.551,0.85,0.2999,3.0882,72.93,20.84,26.8,13.16,14.15
2024-02-01 02:00:00,2,34,34,1.0,5.0,25.0,3.0,0.0,1.0,3,3,22,2,24,2,33.7,450.5,280.0,626.0,33.7,3.0,6.67,roster,0,106.0,85.0,2.2083,115.12,4.0522,0.85,0.4498,3.1176,72.93,20.84,26.8,14.55,15.65
2024-02-01 03:00:00,3,36,36,2.0,5.0,26.0,3.0,0.0,1.0,9,6,23,2,25,2,34.7,504.0,297.0,672.0,34.7,3.0,6.67,roster,0,114.0,90.0,2.5333,121.35,5.6986,0.9,0.8996,3.1667,77.22,21.71,26.8,15.62,16.8
2024-02-01 04:00:00,4,34,34,2.0,5.0,24.0,3.0,0.0,1.0,3,2,23,3,26,3,35.7,562.0,340.0,732.0,35.7,3.0,6.67,roster,0,108.0,85.0,2.5714,132.72,3.6525,0.85,0.2999,3.1765,72.93,22.58,40.2,17.02,18.3
2024-02-01 05:00:00,5,35,35,2.0,5.0,25.0,3.0,0.0,1.0,5,4,23,3,26,3,36.7,622.0,382.0,792.0,36.7,3.0,6.67,roster,0,111.0,87.5,2.6429,136.26,4.6769,0.875,0.5997,3.1714,75.08,22.58,40.2,18.41,19.8
2024-02-01 06:00:00,6,36,36,2.0,5.0,26.0,3.0,0.0,1.0,3,3,24,3,27,3,37.7,680.0,423.0,852.0,37.7,3.0,6.67,roster,0,114.0,90.0,2.9231,140.67,4.2743,0.9,0.4498,3.1667,77.22,23.44,40.2,19.81,21.3
2024-02-01 07:00:00,7,39,39,2.0,6.0,27.0,4.0,0.0,1.0,6,7,24,3,27,3,38.7,735.0,457.0,912.0,38.7,3.0,6.67,roster,0,123.0,97.5,3.1538,148.5,6.3849,0.975,1.0495,3.1538,83.66,23.44,40.2,21.2,22.8
2024-02-01 08:00:00,8,37,37,1.0,8.0,25.0,3.0,0.0,1.0,5,5,24,2,26,2,39.7,797.5,543.0,972.0,39.7,3.0,6.58,roster,0,118.0,92.5,2.8095,131.34,5.3734,0.925,0.7599,3.1892,79.36,22.58,26.8,22.6,24.3
2024-02-01 09:00:00,9,35,35,1.0,8.0,22.0,4.0,0.0,1.0,2,2,21,3,24,3,40.7,857.5,603.0,1032.0,40.7,3.0,6.58,roster,0,111.0,87.5,2.3125,140.11,3.739,0.875,0.304,3.1714,75.08,20.84,40.2,23.99,25.8
2024-02-01 10:00:00,10,31,31,1.0,7.0,19.0,4.0,0.0,1.0,3,3,17,3,20,3,41.7,917.5,637.0,1092.0,41.7,4.0,9.67,roster,0,98.0,77.5,1.225,129.45,3.4308,0.775,0.3102,3.1613,66.5,17.37,40.2,25.39,27.3
2024-02-01 11:00:00,11,30,30,0.0,6.0,20.0,4.0,0.0,1.0,7,5,15,3,18,3,42.7,790.0,496.0,1101.0,42.7,4.0,9.67,roster,0,92.0,75.0,1.0455,125.78,3.8857,0.75,0.5171,3.0667,64.35,15.63,40.2,25.6,27.525
2024-02-01 12:00:00,12,27,27,0.0,6.0,18.0,3.0,0.0,1.0,7,5,14,3,17,3,43.7,880.0,334.0,1161.0,43.7,4.0,9.67,roster,0,84.0,67.5,0.913,119.87,3.7086,0.675,0.5171,3.1111,57.92,14.76,40.2,26.99,29.025
2024-02-01 13:00:00,13,26,26,0.0,6.0,17.0,3.0,0.0,1.0,4,4,15,2,17,2,44.7,880.0,329.0,1221.0,44.7,4.0,9.67,roster,0,81.0,65.0,0.8804,105.72,3.3137,0.65,0.4137,3.1154,55.77,14.76,26.8,28.39,30.525
2024-02-01 14:00:00,14,35,35,1.0,5.0,25.0,4.0,0.0,1.0,13,13,12,2,14,2,45.7,908.5,285.0,1281.0,45.7,4.0,9.67,roster,0,108.0,87.5,1.0385,123.81,6.8483,0.875,1.3444,3.0857,75.08,12.16,26.8,29.78,32.025
2024-02-01 15:00:00,15,27,27,1.0,3.0,21.0,2.0,0.0,1.0,1,1,9,4,13,4,46.55,248.0,116.0,937.0,46.55,4.0,9.67,roster,0,84.0,67.5,0.7778,124.59,2.4217,0.675,0.1034,3.1111,57.92,11.29,53.6,21.79,23.425
2024-02-01 16:00:00,16,26,26,0.0,3.0,22.0,1.0,0.0,1.0,9,8,4,3,7,3,47.55,308.0,173.0,1850.0,47.55,4.0,9.67,roster,0,80.0,65.0,0.6061,125.06,4.5455,0.65,0.8273,3.0769,55.77,6.08,40.2,43.01,46.25
2024-02-01 17:00:00,17,28,28,0.0,3.0,23.0,1.0,1.0,1.0,6,7,6,3,9,3,48.55,341.0,210.0,1180.0,48.55,4.0,9.67,roster,0,84.0,70.0,0.6774,115.51,4.2717,0.7,0.7239,3.0,60.06,7.81,40.2,27.44,29.5
2024-02-01 18:00:00,18,24,24,0.0,2.0,20.0,2.0,0.0,1.0,6,4,6,3,9,3,49.55,401.0,270.0,1240.0,49.55,4.0,9.67,roster,0,72.0,60.0,0.5806,108.32,3.041,0.6,0.4137,3.0,51.48,7.81,40.2,28.83,31.0
2024-02-01 19:00:00,19,25,25,0.0,3.0,19.0,3.0,0.0,1.0,6,6,8,3,11,3,50.55,353.0,184.0,1300.0,50.55,4.0,9.67,roster,0,75.0,62.5,0.6466,113.6,3.7364,0.625,0.6205,3.0,53.62,9.55,40.2,30.22,32.5
2024-02-01 20:00:00,20,24,24,0.0,3.0,19.0,2.0,0.0,1.0,9,7,7,3,10,3,51.55,467.0,166.0,1360.0,51.55,4.0,9.45,roster,0,73.0,60.0,0.6083,111.98,4.0781,0.6,0.7407,3.0417,51.48,8.68,40.2,31.62,34.0
2024-02-01 21:00:00,21,32,32,1.0,4.0,25.0,2.0,0.0,1.0,15,15,5,3,8,3,52.55,527.0,450.0,2150.0,52.55,4.0,9.45,roster,0,100.0,80.0,0.7812,145.77,7.4603,0.8,1.5873,3.125,68.64,6.95,40.2,49.99,53.75
2024-02-01 22:00:00,22,37,37,1.0,5.0,28.0,3.0,0.0,1.0,9,10,11,4,15,4,53.55,275.0,96.0,641.0,53.55,3.0,6.36,roster,0,115.0,92.5,1.5333,140.89,7.762,0.925,1.5723,3.1081,79.36,13.02,53.6,14.9,16.025
2024-02-01 23:00:00,23,39,39,2.0,5.0,29.0,3.0,0.0,1.0,11,10,13,4,17,4,54.55,179.0,146.0,593.0,54.55,3.0,6.36,roster,0,123.0,97.5,1.7826,145.8,8.0339,0.975,1.5723,3.1538,83.66,14.76,53.6,13.79,14.825
2024-02-02 00:00:00,0,35,35,1.0,5.0,26.0,3.0,0.0,1.0,4,4,14,3,17,3,55.55,239.0,206.0,653.0,55.55,3.0,6.36,roster,0,109.0,87.5,1.5797,125.22,4.6837,0.875,0.6289,3.1143,75.08,14.76,40.2,15.18,16.325
2024-02-02 01:00:00,1,33,33,1.0,5.0,24.0,3.0,0.0,1.0,4,4,15,3,18,3,56.55,293.0,257.0,713.0,56.55,3.0,6.36,roster,0,103.0,82.5,1.5606,123.19,4.538,0.825,0.6289,3.1212,70.78,15.63,40.2,16.58,17.825
2024-02-02 02:00:00,2,29,29,1.0,5.0,21.0,2.0,0.0,1.0,2,2,15,2,17,2,57.55,347.0,317.0,750.0,57.55,3.0,6.36,roster,0,92.0,72.5,1.3333,101.2,3.2976,0.725,0.3145,3.1724,62.2,14.76,26.8,17.44,18.75
2024-02-02 03:00:00,3,24,24,1.0,6.0,15.0,2.0,0.0,1.0,2,2,15,2,17,2,58.55,407.0,377.0,810.0,58.55,3.0,6.36,roster,0,78.0,60.0,1.1304,91.87,2.972,0.6,0.3145,3.25,51.48,14.76,26.8,18.83,20.25
2024-02-02 04:00:00,4,26,26,1.0,6.0,17.0,2.0,0.0,1.0,3,3,15,2,17,2,59.55,467.0,437.0,870.0,59.55,3.0,6.36,roster,0,84.0,65.0,1.2174,97.56,3.6239,0.65,0.4717,3.2308,55.77,14.76,26.8,20.23,21.75
2024-02-02 05:00:00,5,26,26,1.0,6.0,17.0,2.0,0.0,1.0,2,1,16,2,18,2,60.55,526.0,465.0,930.0,60.55,3.0,6.36,roster,0,84.0,65.0,1.2727,99.82,2.608,0.65,0.1572,3.2308,55.77,15.63,26.8,21.62,23.25
2024-02-02 06:00:00,6,25,25,1.0,7.0,15.0,2.0,0.0,1.0,2,1,16,2,18,2,61.55,586.0,525.0,990.0,61.55,3.0,6.36,roster,0,82.0,62.5,1.2424,99.07,2.5657,0.625,0.1572,3.28,53.62,15.63,26.8,23.02,24.75
2024-02-02 07:00:00,7,26,26,1.0,8.0,14.0,3.0,0.0,1.0,4,4,17,2,19,2,62.55,645.0,548.0,1050.0,62.55,3.0,6.36,roster,0,85.0,65.0,1.3492,103.48,4.1811,0.65,0.6289,3.2692,55.77,16.5,26.8,24.41,26.25
2024-02-02 08:00:00,8,26,26,1.0,7.0,14.0,4.0,0.0,1.0,2,2,17,2,19,2,63.55,705.0,608.0,1110.0,63.55,3.0,8.12,roster,0,83.0,65.0,1.3175,104.88,2.8613,0.65,0.2463,3.1923,55.77,16.5,26.8,25.81,27.75
2024-02-02 09:00:00,9,26,26,2.0,6.0,17.0,1.0,0.0,1.0,8,8,11,2,13,2,64.55,779.0,737.0,1301.0,64.55,3.0,8.12,roster,0,87.0,65.0,1.0741,104.11,5.4717,0.65,0.9852,3.3462,55.77,11.29,26.8,30.25,32.525
2024-02-02 10:00:00,10,30,30,2.0,6.0,21.0,1.0,0.0,1.0,12,11,13,1,14,1,65.55,811.0,105.0,1230.0,65.55,4.0,11.37,roster,0,99.0,75.0,0.9519,98.5,5.6676,0.75,0.9675,3.3,64.35,12.16,13.4,28.6,30.75
2024-02-02 11:00:00,11,32,32,2.0,6.0,23.0,1.0,0.0,1.0,8,9,17,1,18,1,66.55,162.5,98.0,899.0,66.55,4.0,11.37,roster,0,105.0,80.0,1.1932,98.57,5.2223,0.8,0.7916,3.2812,68.64,15.63,13.4,20.9,22.475
2024-02-02 12:00:00,12,29,29,2.0,8.0,19.0,0.0,0.0,1.0,9,9,13,1,14,1,25.133,194.5,128.0,539.0,25.133,4.0,11.37,roster,0,99.0,72.5,0.9519,80.29,5.1772,0.725,0.7916,3.4138,62.2,12.16,13.4,12.53,13.475
2024-02-02 13:00:00,13,27,27,1.0,9.0,17.0,0.0,0.0,1.0,7,6,12,1,13,1,26.133,245.0,182.0,599.0,26.133,4.0,11.37,roster,0,92.0,67.5,0.8519,76.53,4.0981,0.675,0.5277,3.4074,57.92,11.29,13.4,13.93,14.975
2024-02-02 14:00:00,14,30,30,2.0,7.0,19.0,2.0,0.0,1.0,12,12,8,1,9,1,27.133,305.0,237.0,1037.0,27.133,4.0,11.37,roster,0,99.0,75.0,0.7984,89.68,5.9578,0.75,1.0554,3.3,64.35,7.81,13.4,24.11,25.925
2024-02-02 15:00:00,15,33,33,5.0,10.0,17.0,1.0,0.0,1.0,14,13,8,1,9,1,28.133,297.0,126.0,400.0,28.133,4.0,11.37,roster,0,118.0,82.5,0.9516,81.3,7.0384,0.825,1.1434,3.5758,70.78,7.81,13.4,9.3,10.0
2024-02-02 16:00:00,16,39,39,7.0,7.0,24.0,1.0,0.0,1.0,12,12,10,2,12,2,29.133,122.5,84.0,299.0,29.133,4.0,11.37,roster,0,137.0,97.5,1.2232,107.83,7.1325,0.975,1.0554,3.5128,83.66,10.42,26.8,6.95,7.475
2024-02-02 17:00:00,17,47,47,6.0,6.0,28.0,7.0,0.0,1.0,13,13,13,2,15,2,30.133,156.0,120.0,246.0,30.133,4.0,11.37,roster,0,152.0,117.5,1.52,126.36,7.4977,1.175,1.1434,3.234,100.82,13.02,26.8,5.72,6.15
2024-02-02 18:00:00,18,40,40,5.0,6.0,25.0,4.0,0.0,1.0,9,8,16,2,18,2,31.133,197.0,153.0,255.0,31.133,4.0,11.37,roster,0,132.0,100.0,1.5,114.16,5.6219,1.0,0.7036,3.3,85.8,15.63,26.8,5.93,6.375
2024-02-02 19:00:00,19,37,37,3.0,4.0,26.0,4.0,0.0,1.0,9,8,13,2,15,2,32.133,240.0,133.0,315.0,32.133,4.0,11.37,roster,0,117.0,92.5,1.17,106.51,5.1499,0.925,0.7036,3.1622,79.36,13.02,26.8,7.32,7.875
2024-02-02 20:00:00,20,38,38,2.0,3.0,28.0,5.0,0.0,1.0,13,12,9,2,11,2,33.133,287.0,162.0,356.0,33.133,4.0,9.65,roster,0,116.0,95.0,1.0,106.14,6.696,0.95,1.2435,3.0526,81.51,9.55,26.8,8.28,8.9
2024-02-02 21:00:00,21,47,47,4.0,3.0,31.0,9.0,0.0,1.0,16,15,10,2,12,2,34.133,289.0,188.0,416.0,34.133,4.0,9.65,roster,0,143.0,117.5,1.2768,127.71,8.3044,1.175,1.5544,3.0426,100.82,10.42,26.8,9.67,10.4
2024-02-02 22:00:00,22,49,49,4.0,4.0,27.0,14.0,0.0,1.0,12,12,10,3,13,3,35.133,248.0,105.0,407.0,35.133,3.0,6.4,roster,0,145.0,122.5,1.7901,146.06,9.1735,1.225,1.875,2.9592,105.1,11.29,40.2,9.46,10.175
2024-02-02 23:00:00,23,33,33,3.0,1.0,20.0,9.0,0.0,1.0,6,6,9,3,12,3,36.133,182.0,146.0,365.0,36.133,3.0,6.4,roster,0,97.0,82.5,1.1548,109.89,5.1807,0.825,0.9375,2.9394,70.78,10.42,40.2,8.49,9.125
2024-02-03 00:00:00,0,31,31,2.0,2.0,20.0,7.0,0.0,1.0,7,7,9,2,11,2,37.133,259.0,206.0,425.0,37.133,3.0,6.4,roster,0,92.0,77.5,1.0575,92.73,5.546,0.775,1.0938,2.9677,66.5,9.55,26.8,9.88,10.625
2024-02-03 01:00:00,1,33,33,2.0,2.0,23.0,6.0,0.0,1.0,9,9,11,2,13,2,38.133,285.0,228.0,462.0,38.133,3.0,6.4,roster,0,99.0,82.5,1.2222,99.61,6.6938,0.825,1.4062,3.0,70.78,11.29,26.8,10.74,11.55
2024-02-03 02:00:00,2,28,28,1.0,2.0,21.0,4.0,0.0,1.0,4,4,12,1,13,1,39.133,345.0,243.0,522.0,39.133,3.0,6.4,roster,0,84.0,70.0,1.037,76.88,3.975,0.7,0.625,3.0,60.06,11.29,13.4,12.14,13.05
2024-02-03 03:00:00,3,27,27,1.0,2.0,21.0,3.0,0.0,1.0,2,2,13,1,14,1,40.133,403.5,235.0,582.0,40.133,3.0,6.4,roster,0,82.0,67.5,1.0513,77.0,2.9991,0.675,0.3125,3.037,57.92,12.16,13.4,13.53,14.55
2024-02-03 04:00:00,4,25,25,1.0,2.0,19.0,3.0,0.0,1.0,1,1,13,1,14,1,41.133,463.5,295.0,642.0,41.133,3.0,6.4,roster,0,76.0,62.5,0.9744,74.11,2.375,0.625,0.1562,3.04,53.62,12.16,13.4,14.93,16.05
2024-02-03 05:00:00,5,24,24,1.0,2.0,18.0,3.0,0.0,1.0,1,1,13,1,14,1,42.133,523.5,355.0,702.0,42.133,3.0,6.4,roster,0,73.0,60.0,0.9359,73.36,2.3003,0.6,0.1562,3.0417,51.48,12.16,13.4,16.32,17.55
2024-02-03 06:00:00,6,25,25,1.0,2.0,18.0,4.0,0.0,1.0,3,3,13,1,14,1,43.133,583.5,415.0,762.0,43.133,3.0,6.4,roster,0,75.0,62.5,0.9615,76.9,3.2812,0.625,0.4688,3.0,53.62,12.16,13.4,17.72,19.05
2024-02-03 07:00:00,7,25,25,1.0,2.0,18.0,4.0,0.0,1.0,1,1,13,1,14,1,44.133,643.5,475.0,822.0,44.133,3.0,6.4,roster,0,75.0,62.5,0.9615,78.29,2.3438,0.625,0.1562,3.0,53.62,12.16,13.4,19.11,20.55
2024-02-03 08:00:00,8,30,30,2.0,2.0,22.0,4.0,0.0,1.0,6,6,13,1,14,1,45.133,703.5,535.0,882.0,45.133,3.0,7.78,roster,0,92.0,75.0,1.1795,90.41,4.665,0.75,0.7712,3.0667,64.35,12.16,13.4,20.51,22.05
2024-02-03 09:00:00,9,30,30,1.0,1.0,24.0,4.0,0.0,1.0,5,5,13,1,14,1,46.133,763.5,595.0,942.0,46.133,3.0,7.78,roster,0,89.0,75.0,1.141,91.81,4.1316,0.75,0.6427,2.9667,64.35,12.16,13.4,21.9,23.55
2024-02-03 10:00:00,10,38,38,1.0,2.0,30.0,5.0,0.0,1.0,13,12,15,1,16,1,47.133,764.5,479.0,1002.0,47.133,4.0,11.48,roster,0,113.0,95.0,1.1771,112.1,5.9334,0.95,1.0453,2.9737,81.51,13.89,13.4,23.3,25.05
2024-02-03 11:00:00,11,35,35,2.0,1.0,28.0,4.0,0.0,1.0,9,9,15,1,16,1,48.133,388.0,108.0,1062.0,48.133,4.0,11.48,roster,0,106.0,87.5,1.1042,107.06,5.0243,0.875,0.784,3.0286,75.08,13.89,13.4,24.69,26.55
2024-02-03 12:00:00,12,31,31,2.0,1.0,25.0,2.0,1.0,1.0,10,10,14,1,15,1,49.133,158.0,106.0,297.0,49.133,4.0,11.48,roster,0,94.0,77.5,0.94,79.82,4.9913,0.775,0.8711,3.0323,66.5,13.02,13.4,6.91,7.425
2024-02-03 13:00:00,13,25,25,2.0,2.0,18.0,3.0,0.0,1.0,6,6,11,2,13,2,50.133,206.0,128.0,270.0,50.133,4.0,11.48,roster,0,78.0,62.5,0.7222,77.99,3.5807,0.625,0.5226,3.12,53.62,11.29,26.8,6.28,6.75
2024-02-03 14:00:00,14,24,24,2.0,2.0,16.0,4.0,0.0,1.0,6,5,12,2,14,2,51.133,213.0,158.0,272.0,51.133,4.0,11.48,roster,0,74.0,60.0,0.7115,76.76,3.1929,0.6,0.4355,3.0833,51.48,12.16,26.8,6.32,6.8
2024-02-03 15:00:00,15,25,25,1.0,2.0,21.0,0.0,1.0,1.0,14,14,5,2,7,2,52.133,248.0,124.0,326.0,52.133,4.0,11.48,roster,0,77.0,62.5,0.5833,74.08,5.6811,0.625,1.2195,3.08,53.62,6.08,26.8,7.58,8.15
2024-02-03 16:00:00,16,23,23,1.0,4.0,17.0,1.0,0.0,1.0,11,9,7,1,8,1,26.867,222.5,106.0,320.0,6.433,4.0,11.48,roster,0,74.0,57.5,0.5781,57.12,4.3723,0.575,0.784,3.2174,49.33,6.95,13.4,7.44,8.0
2024-02-03 17:00:00,17,20,20,1.0,4.0,15.0,0.0,0.0,1.0,4,3,9,1,10,1,27.867,196.5,139.0,368.0,7.433,4.0,11.48,roster,0,66.0,50.0,0.55,53.54,2.5124,0.5,0.2613,3.3,42.9,8.68,13.4,8.56,9.2
2024-02-03 18:00:00,18,25,25,1.0,5.0,17.0,2.0,0.0,1.0,13,11,7,1,8,1,28.867,342.5,199.0,440.0,8.433,4.0,11.48,roster,0,80.0,62.5,0.625,64.2,5.0662,0.625,0.9582,3.2,53.62,6.95,13.4,10.23,11.0
2024-02-03 19:00:00,19,24,24,1.0,3.0,15.0,5.0,0.0,1.0,9,9,8,0,8,0,29.867,237.5,183.0,500.0,9.433,4.0,11.48,roster,0,72.0,60.0,0.5625,50.05,4.1519,0.6,0.784,3.0,51.48,6.95,0.0,11.62,12.5
2024-02-03 20:00:00,20,20,20,1.0,3.0,14.0,2.0,0.0,1.0,13,9,8,0,8,0,30.867,259.5,136.0,560.0,10.433,4.0,10.35,roster,0,63.0,50.0,0.4922,42.87,4.3141,0.5,0.8696,3.15,42.9,6.95,0.0,13.02,14.0
2024-02-03 21:00:00,21,25,25,1.0,3.0,19.0,2.0,0.0,1.0,14,12,7,0,7,0,31.867,303.0,162.0,608.0,11.433,4.0,10.35,roster,0,78.0,62.5,0.5909,53.84,5.5674,0.625,1.1594,3.12,53.62,6.08,0.0,14.14,15.2
2024-02-03 22:00:00,22,19,19,1.0,3.0,14.0,1.0,0.0,1.0,7,6,7,0,7,0,32.867,206.0,77.0,396.0,11.133,3.0,6.65,roster,0,61.0,47.5,0.6162,36.04,4.4217,0.475,0.9023,3.2105,40.75,6.08,0.0,9.21,9.9
2024-02-03 23:00:00,23,20,20,0.0,2.0,17.0,1.0,0.0,1.0,10,8,10,0,10,0,33.867,131.5,82.0,266.0,7.6,3.0,6.65,roster,0,61.0,50.0,0.6778,37.77,5.1942,0.5,1.203,3.05,42.9,8.68,0.0,6.18,6.65
2024-02-04 00:00:00,0,22,22,0.0,1.0,19.0,2.0,0.0,1.0,11,9,9,0,9,0,34.867,186.0,142.0,232.0,8.6,3.0,6.65,roster,0,65.0,55.0,0.6989,40.4,5.6236,0.55,1.3534,2.9545,47.19,7.81,0.0,5.39,5.8
2024-02-04 01:00:00,1,23,23,0.0,3.0,19.0,1.0,0.0,1.0,8,7,11,0,11,0,35.867,232.0,184.0,292.0,9.6,3.0,6.65,roster,0,71.0,57.5,0.8161,45.68,5.0244,0.575,1.0526,3.087,49.33,9.55,0.0,6.79,7.3
2024-02-04 02:00:00,2,30,30,0.0,5.0,23.0,2.0,0.0,1.0,8,8,12,0,12,0,36.867,277.0,244.0,352.0,10.6,3.0,6.65,roster,0,93.0,75.0,1.1071,62.95,6.0543,0.75,1.203,3.1,64.35,10.42,0.0,8.18,8.8
2024-02-04 03:00:00,3,30,30,0.0,4.0,24.0,2.0,0.0,1.0,6,7,13,0,13,0,37.867,322.0,190.0,377.0,11.6,3.0,6.65,roster,0,92.0,75.0,1.1358,64.4,5.5281,0.75,1.0526,3.0667,64.35,11.29,0.0,8.77,9.425
2024-02-04 04:00:00,4,25,25,1.0,4.0,19.0,1.0,0.0,1.0,2,2,17,0,17,0,38.867,364.0,124.0,426.0,12.6,3.0,6.65,roster,0,80.0,62.5,1.1594,58.29,2.9624,0.625,0.3008,3.2,53.62,14.76,0.0,9.9,10.65
2024-02-04 05:00:00,5,27,27,1.0,4.0,21.0,1.0,0.0,1.0,3,3,17,1,18,1,39.867,367.0,164.0,486.0,13.6,3.0,6.65,roster,0,86.0,67.5,1.303,78.24,3.5869,0.675,0.4511,3.1852,57.92,15.63,13.4,11.3,12.15
2024-02-04 06:00:00,6,28,28,0.0,6.0,21.0,1.0,0.0,1.0,5,4,17,0,17,0,40.867,484.0,244.0,546.0,14.6,3.0,6.65,roster,0,89.0,70.0,1.2899,67.52,4.1369,0.7,0.6015,3.1786,60.06,14.76,0.0,12.69,13.65
2024-02-04 07:00:00,7,32,32,0.0,7.0,24.0,1.0,0.0,1.0,7,6,18,0,18,0,41.867,487.0,284.0,606.0,15.6,3.0,6.65,roster,0,102.0,80.0,1.5455,78.36,5.4259,0.8,0.9023,3.1875,68.64,15.63,0.0,14.09,15.15
2024-02-04 08:00:00,8,38,38,0.0,8.0,28.0,2.0,0.0,1.0,8,9,18,0,18,0,42.867,547.0,344.0,666.0,16.6,3.0,7.2,roster,0,120.0,95.0,1.8182,92.62,6.9474,0.95,1.25,3.1579,81.51,15.63,0.0,15.48,16.65
2024-02-04 09:00:00,9,34,34,0.0,7.0,23.0,4.0,0.0,1.0,7,7,16,0,16,0,43.867,532.5,367.0,682.0,17.6,3.0,7.2,roster,0,105.0,85.0,1.4583,82.68,5.6275,0.85,0.9722,3.0882,72.93,13.89,0.0,15.86,17.05
2024-02-04 10:00:00,10,31,31,0.0,7.0,19.0,5.0,0.0,1.0,11,10,13,0,13,0,44.867,484.0,333.0,724.0,18.6,4.0,11.11,roster,0,95.0,77.5,0.8796,74.62,5.1333,0.775,0.9001,3.0645,66.5,11.29,0.0,16.83,18.1
2024-02-04 11:00:00,11,24,24,0.0,4.0,16.0,4.0,0.0,1.0,9,7,11,0,11,0,45.867,393.0,114.0,544.0,14.283,4.0,11.11,roster,0,72.0,60.0,0.6207,53.68,3.6902,0.6,0.6301,3.0,51.48,9.55,0.0,12.65,13.6
2024-02-04 12:00:00,12,23,23,0.0,4.0,11.0,8.0,0.0,1.0,12,9,6,1,7,1,46.867,150.0,109.0,604.0,15.283,4.0,11.11,roster,0,65.0,57.5,0.4924,62.86,3.9144,0.575,0.8101,2.8261,49.33,6.08,13.4,14.04,15.1
2024-02-04 13:00:00,13,28,28,1.0,5.0,15.0,7.0,0.0,1.0,13,12,6,1,7,1,47.867,169.0,86.0,210.0,11.067,4.0,11.11,roster,0,84.0,70.0,0.6364,64.42,5.3403,0.7,1.0801,3.0,60.06,6.08,13.4,4.88,5.25
2024-02-04 14:00:00,14,27,27,2.0,5.0,11.0,9.0,0.0,1.0,11,10,8,2,10,2,48.867,142.0,100.0,229.0,4.5,4.0,11.11,roster,0,81.0,67.5,0.675,78.72,4.7253,0.675,0.9001,3.0,57.92,8.68,26.8,5.32,5.725
2024-02-04 15:00:00,15,34,34,2.0,8.0,12.0,12.0,0.0,1.0,15,14,9,1,10,1,49.867,187.5,131.0,259.0,5.5,4.0,11.11,roster,0,102.0,85.0,0.85,81.03,6.3304,0.85,1.2601,3.0,72.93,8.68,13.4,6.02,6.475
2024-02-04 16:00:00,16,41,41,2.0,7.0,17.0,15.0,0.0,1.0,16,16,12,1,13,1,50.867,191.0,118.0,258.0,6.5,4.0,11.11,roster,0,119.0,102.5,1.1019,98.63,7.1549,1.025,1.4401,2.9024,87.94,11.29,13.4,6.0,6.45
2024-02-04 17:00:00,17,46,46,2.0,8.0,25.0,11.0,0.0,1.0,20,19,13,1,14,1,51.867,239.5,174.0,318.0,7.5,4.0,11.11,roster,0,139.0,115.0,1.3365,111.62,8.6427,1.15,1.7102,3.0217,98.67,12.16,13.4,7.39,7.95
2024-02-04 18:00:00,18,50,50,2.0,8.0,29.0,11.0,0.0,1.0,18,17,14,1,15,1,52.867,288.0,201.0,378.0,8.5,4.0,11.11,roster,0,151.0,125.0,1.51,122.46,8.3961,1.25,1.5302,3.02,107.25,13.02,13.4,8.79,9.45
2024-02-04 19:00:00,19,44,44,2.0,7.0,23.0,12.0,0.0,1.0,12,11,15,1,16,1,53.867,313.5,228.0,438.0,9.5,4.0,11.11,roster,0,131.0,110.0,1.3646,111.86,6.2228,1.1,0.9901,2.9773,94.38,13.89,13.4,10.18,10.95
2024-02-04 20:00:00,20,44,44,2.0,5.0,27.0,10.0,0.0,1.0,12,12,17,1,18,1,54.867,339.5,169.0,460.0,10.5,4.0,12.3,roster,0,131.0,110.0,1.4886,114.1,6.1797,1.1,0.9756,2.9773,94.38,15.63,13.4,10.7,11.5
2024-02-04 21:00:00,21,42,42,2.0,8.0,22.0,10.0,0.0,1.0,15,12,18,1,19,1,55.867,378.0,204.0,520.0,11.5,4.0,12.3,roster,0,128.0,105.0,1.5238,112.08,6.1733,1.05,0.9756,3.0476,90.09,16.5,13.4,12.09,13.0
2024-02-04 22:00:00,22,49,49,2.0,9.0,24.0,12.0,2.0,1.0,19,16,20,2,22,2,56.867,379.0,211.0,551.0,12.5,3.0,8.39,roster,0,144.0,122.5,2.6667,143.82,9.2043,1.225,1.907,2.9388,105.1,19.1,26.8,12.81,13.775
2024-02-04 23:00:00,23,42,42,2.0,8.0,23.0,9.0,0.0,1.0,8,6,21,2,23,2,57.867,410.0,207.0,611.0,13.5,3.0,8.39,roster,0,129.0,105.0,2.5294,131.07,5.4215,1.05,0.7151,3.0714,90.09,19.97,26.8,14.21,15.275
2024-02-05 00:00:00,0,34,34,2.0,7.0,19.0,6.0,0.0,1.0,8,6,22,2,24,2,58.867,400.5,262.0,648.0,14.5,3.0,8.39,roster,0,107.0,85.0,2.2292,115.64,4.9256,0.85,0.7151,3.1471,72.93,20.84,26.8,15.07,16.2
2024-02-05 01:00:00,1,39,39,2.0,7.0,21.0,9.0,0.0,1.0,9,7,22,2,24,2,59.867,460.5,322.0,708.0,15.5,3.0,8.39,roster,0,119.0,97.5,2.4792,127.76,5.5208,0.975,0.8343,3.0513,83.66,20.84,26.8,16.46,17.7
2024-02-05 02:00:00,2,36,36,3.0,8.0,19.0,6.0,0.0,1.0,5,5,22,2,24,2,60.867,520.5,382.0,768.0,16.5,3.0,8.39,roster,0,116.0,90.0,2.4167,122.72,4.8203,0.9,0.5959,3.2222,77.22,20.84,26.8,17.86,19.2
2024-02-05 03:00:00,3,37,37,3.0,8.0,22.0,4.0,0.0,1.0,3,3,22,3,25,3,61.867,572.0,408.0,809.0,17.5,3.0,8.39,roster,0,121.0,92.5,2.6889,140.08,4.1943,0.925,0.3576,3.2703,79.36,21.71,40.2,18.81,20.225
2024-02-05 04:00:00,4,37,37,3.0,7.0,23.0,4.0,0.0,1.0,6,5,22,3,25,3,62.867,632.0,468.0,869.0,18.5,3.0,8.39,roster,0,120.0,92.5,2.6667,141.48,4.9328,0.925,0.5959,3.2432,79.36,21.71,40.2,20.2,21.725
2024-02-05 05:00:00,5,35,35,2.0,7.0,22.0,4.0,0.0,1.0,3,2,23,2,25,2,63.867,692.0,528.0,929.0,19.5,3.0,8.39,roster,0,112.0,87.5,2.4889,125.18,3.5628,0.875,0.2384,3.2,75.08,21.71,26.8,21.6,23.225
2024-02-05 06:00:00,6,33,33,2.0,7.0,20.0,4.0,0.0,1.0,1,1,23,2,25,2,64.867,752.0,588.0,989.0,20.5,3.0,8.39,roster,0,106.0,82.5,2.3556,122.29,3.0329,0.825,0.1192,3.2121,70.78,21.71,26.8,22.99,24.725
2024-02-05 07:00:00,7,34,34,2.0,8.0,20.0,4.0,0.0,1.0,5,5,23,2,25,2,65.867,812.0,648.0,1049.0,21.5,3.0,8.39,roster,0,110.0,85.0,2.4444,125.83,4.6781,0.85,0.5959,3.2353,72.93,21.71,26.8,24.39,26.225
2024-02-05 08:00:00,8,35,35,2.0,8.0,21.0,4.0,0.0,1.0,6,5,26,2,28,2,66.867,842.5,669.0,1109.0,22.5,3.0,6.57,roster,0,113.0,87.5,3.1389,131.97,5.2821,0.875,0.761,3.2286,75.08,24.31,26.8,25.78,27.725
2024-02-05 09:00:00,9,34,34,2.0,8.0,22.0,2.0,0.0,1.0,6,4,24,2,26,2,67.867,876.0,711.0,1098.0,21.433,3.0,6.57,roster,0,112.0,85.0,2.6667,127.83,4.8056,0.85,0.6088,3.2941,72.93,22.58,26.8,25.53,27.45
2024-02-05 10:00:00,10,44,44,2.0,8.0,32.0,2.0,0.0,1.0,14,13,21,3,24,3,68.867,936.0,771.0,1158.0,21.667,4.0,10.27,roster,0,142.0,110.0,2.2188,162.34,7.6352,1.1,1.2658,3.2273,94.38,20.84,40.2,26.92,28.95
2024-02-05 11:00:00,11,49,49,2.0,10.0,36.0,1.0,0.0,1.0,11,11,23,3,26,3,69.867,959.0,733.0,1188.0,22.667,4.0,10.27,roster,0,160.0,122.5,2.8571,175.5,7.4974,1.225,1.0711,3.2653,105.1,22.58,40.2,27.62,29.7
2024-02-05 12:00:00,12,45,45,1.0,10.0,33.0,1.0,0.0,1.0,7,7,21,4,25,4,70.867,909.0,300.0,1104.0,23.667,4.0,10.27,roster,0,146.0,112.5,2.4333,177.5,5.8614,1.125,0.6816,3.2444,96.52,21.71,53.6,25.67,27.6
2024-02-05 13:00:00,13,46,46,1.0,10.0,32.0,3.0,0.0,1.0,12,11,19,4,23,4,71.867,873.0,198.0,1164.0,24.667,4.0,10.27,roster,0,147.0,115.0,2.1618,179.3,7.0978,1.15,1.0711,3.1957,98.67,19.97,53.6,27.06,29.1
2024-02-05 14:00:00,14,33,33,0.0,9.0,22.0,2.0,0.0,1.0,6,5,14,4,18,4,25.667,423.0,225.0,1171.0,25.667,4.0,10.27,roster,0,106.0,82.5,1.2045,147.24,4.2138,0.825,0.4869,3.2121,70.78,15.63,53.6,27.23,29.275
2024-02-05 15:00:00,15,35,35,0.0,6.0,27.0,2.0,0.0,1.0,9,8,14,3,17,3,26.667,358.0,221.0,1071.0,26.667,4.0,10.27,roster,0,109.0,87.5,1.1848,134.94,5.1509,0.875,0.779,3.1143,75.08,14.76,40.2,24.9,26.775
2024-02-05 16:00:00,16,35,35,0.0,6.0,27.0,2.0,0.0,1.0,10,10,9,3,12,3,27.667,387.0,275.0,1301.0,27.667,4.0,10.27,roster,0,109.0,87.5,0.9732,135.94,5.7574,0.875,0.9737,3.1143,75.08,10.42,40.2,30.25,32.525
2024-02-05 17:00:00,17,36,36,0.0,6.0,27.0,3.0,0.0,1.0,10,10,13,2,15,2,28.667,335.0,118.0,1191.0,28.667,4.0,10.27,roster,0,111.0,90.0,1.11,124.74,5.7773,0.9,0.9737,3.0833,77.22,13.02,26.8,27.69,29.775
2024-02-05 18:00:00,18,29,29,0.0,4.0,22.0,3.0,0.0,1.0,4,3,14,4,18,4,29.667,224.0,124.0,1153.0,29.667,4.0,10.27,roster,0,88.0,72.5,1.0,138.24,3.0864,0.725,0.2921,3.0345,62.2,15.63,53.6,26.81,28.825
2024-02-05 19:00:00,19,29,29,0.0,4.0,21.0,3.0,1.0,1.0,7,7,12,4,16,4,30.667,246.5,184.0,1213.0,30.667,4.0,10.27,roster,0,86.0,72.5,0.8958,137.9,4.1713,0.725,0.6816,2.9655,62.2,13.89,53.6,28.2,30.325
2024-02-05 20:00:00,20,25,25,0.0,3.0,19.0,2.0,1.0,1.0,9,7,9,4,13,4,31.667,278.0,237.0,515.0,31.667,4.0,12.09,roster,0,74.0,62.5,0.6852,110.49,3.5638,0.625,0.579,2.96,53.62,11.29,53.6,11.97,12.875
2024-02-05 21:00:00,21,26,26,0.0,2.0,20.0,3.0,1.0,1.0,10,7,7,3,10,3,32.667,356.5,171.0,622.0,32.667,4.0,12.09,roster,0,75.0,65.0,0.625,99.11,3.5452,0.65,0.579,2.8846,55.77,8.68,40.2,14.46,15.55
2024-02-05 22:00:00,22,20,20,0.0,2.0,15.0,2.0,1.0,1.0,3,2,6,3,9,3,33.667,357.0,129.0,682.0,33.667,3.0,8.39,roster,0,58.0,50.0,0.6237,86.77,2.1413,0.5,0.2384,2.9,42.9,7.81,40.2,15.86,17.05
2024-02-05 23:00:00,23,26,26,0.0,3.0,20.0,2.0,1.0,1.0,10,10,7,3,10,3,34.667,330.0,173.0,742.0,34.667,3.0,8.39,roster,0,77.0,65.0,0.8556,101.9,5.4548,0.65,1.1919,2.9615,55.77,8.68,40.2,17.25,18.55
2024-02-06 00:00:00,0,25,25,0.0,2.0,16.0,6.0,1.0,1.0,10,8,10,2,12,2,35.667,241.0,133.0,619.0,35.667,3.0,8.39,roster,0,69.0,62.5,0.8214,85.24,4.3567,0.625,0.9535,2.76,53.62,10.42,26.8,14.39,15.475
2024-02-06 01:00:00,1,21,21,0.0,2.0,16.0,2.0,1.0,1.0,6,4,10,2,12,2,36.667,301.0,193.0,679.0,36.667,3.0,8.39,roster,0,61.0,52.5,0.7262,78.05,2.9099,0.525,0.4768,2.9048,45.04,10.42,26.8,15.79,16.975
2024-02-06 02:00:00,2,19,19,0.0,2.0,15.0,1.0,1.0,1.0,3,3,10,2,12,2,37.667,361.0,253.0,739.0,37.667,3.0,8.39,roster,0,56.0,47.5,0.6667,75.16,2.4539,0.475,0.3576,2.9474,40.75,10.42,26.8,17.18,18.475
2024-02-06 03:00:00,3,17,17,0.0,2.0,13.0,1.0,1.0,1.0,0,0,10,2,12,2,38.667,421.0,313.0,799.0,38.667,3.0,8.39,roster,0,50.0,42.5,0.5952,72.26,1.25,0.425,0.0,2.9412,36.46,10.42,26.8,18.58,19.975
2024-02-06 04:00:00,4,18,18,0.0,2.0,14.0,1.0,1.0,1.0,2,1,10,2,12,2,39.667,481.0,373.0,859.0,39.667,3.0,8.39,roster,0,53.0,45.0,0.631,75.8,1.6759,0.45,0.1192,2.9444,38.61,10.42,26.8,19.97,21.475
2024-02-06 05:00:00,5,19,19,0.0,2.0,13.0,3.0,1.0,1.0,3,3,10,2,12,2,40.667,541.0,433.0,919.0,40.667,3.0,8.39,roster,0,54.0,47.5,0.6429,79.34,2.3662,0.475,0.3576,2.8421,40.75,10.42,26.8,21.37,22.975
2024-02-06 06:00:00,6,23,23,0.0,2.0,17.0,3.0,1.0,1.0,5,5,10,3,13,3,41.667,593.0,471.0,837.0,41.667,3.0,8.39,roster,0,66.0,57.5,0.8148,100.28,3.3601,0.575,0.5959,2.8696,49.33,11.29,40.2,19.46,20.925
2024-02-06 07:00:00,7,23,23,0.0,2.0,18.0,2.0,1.0,1.0,7,3,12,3,15,3,42.667,634.0,506.0,897.0,42.667,3.0,8.39,roster,0,67.0,57.5,0.8933,103.41,2.7166,0.575,0.3576,2.913,49.33,13.02,40.2,20.86,22.425
2024-02-06 08:00:00,8,27,27,1.0,3.0,20.0,2.0,1.0,1.0,7,7,12,3,15,3,43.667,694.0,566.0,957.0,43.667,3.0,7.0,roster,0,82.0,67.5,1.0933,113.39,5.087,0.675,1.0,3.037,57.92,13.02,40.2,22.25,23.925
2024-02-06 09:00:00,9,30,30,2.0,3.0,23.0,2.0,0.0,1.0,9,9,8,3,11,3,44.667,651.0,266.0,1159.0,44.667,3.0,7.0,roster,0,95.0,75.0,1.092,121.05,6.4464,0.75,1.2857,3.1667,64.35,9.55,40.2,26.95,28.975
2024-02-06 10:00:00,10,33,33,2.0,5.0,23.0,3.0,0.0,1.0,12,12,8,4,12,4,23.367,695.0,273.0,1077.0,23.367,4.0,10.32,roster,0,105.0,82.5,0.9375,139.84,6.3248,0.825,1.1628,3.1818,70.78,10.42,53.6,25.04,26.925
2024-02-06 11:00:00,11,36,36,3.0,6.0,25.0,2.0,0.0,1.0,7,7,7,5,12,5,24.367,359.5,171.0,1137.0,24.367,4.0,10.32,roster,0,118.0,90.0,1.0536,161.07,5.1733,0.9,0.6783,3.2778,77.22,10.42,67.0,26.44,28.425
2024-02-06 12:00:00,12,33,33,3.0,4.0,24.0,2.0,0.0,1.0,8,8,5,5,10,5,25.367,227.5,135.0,446.0,25.367,4.0,10.32,roster,0,107.0,82.5,0.8917,136.84,5.1885,0.825,0.7752,3.2424,70.78,8.68,67.0,10.37,11.15
2024-02-06 13:00:00,13,31,31,3.0,4.0,23.0,1.0,0.0,1.0,6,6,7,5,12,5,26.367,200.5,114.0,506.0,26.367,4.0,10.32,roster,0,102.0,77.5,0.9107,135.68,4.463,0.775,0.5814,3.2903,66.5,10.42,67.0,11.76,12.65
2024-02-06 14:00:00,14,34,34,3.0,4.0,25.0,2.0,0.0,1.0,9,8,8,5,13,5,27.367,255.0,167.0,351.0,27.367,4.0,10.32,roster,0,110.0,85.0,1.0185,139.38,5.258,0.85,0.7752,3.2353,72.93,11.29,67.0,8.16,8.775
2024-02-06 15:00:00,15,42,42,3.0,4.0,34.0,1.0,0.0,1.0,13,13,9,4,13,4,28.367,283.0,193.0,404.0,28.367,4.0,10.32,roster,0,135.0,105.0,1.25,144.37,7.424,1.05,1.2597,3.2143,90.09,11.29,53.6,9.39,10.1
2024-02-06 16:00:00,16,45,45,2.0,5.0,37.0,1.0,0.0,1.0,12,12,10,2,12,2,11.433,290.5,249.0,464.0,11.433,4.0,10.32,roster,0,143.0,112.5,1.2768,124.53,7.2701,1.125,1.1628,3.1778,96.52,10.42,26.8,10.79,11.6
2024-02-06 17:00:00,17,42,42,2.0,5.0,32.0,2.0,1.0,1.0,9,8,10,2,12,2,12.433,350.5,309.0,524.0,12.433,4.0,10.32,roster,0,131.0,105.0,1.1696,119.49,5.6929,1.05,0.7752,3.119,90.09,10.42,26.8,12.18,13.1
2024-02-06 18:00:00,18,34,34,2.0,4.0,26.0,1.0,1.0,1.0,6,6,14,2,16,2,13.433,371.0,204.0,495.0,13.433,4.0,10.32,roster,0,107.0,85.0,1.1146,105.13,4.5047,0.85,0.5814,3.1471,72.93,13.89,26.8,11.51,12.375
2024-02-06 19:00:00,19,34,34,2.0,3.0,26.0,3.0,0.0,1.0,7,7,17,2,19,2,14.433,398.0,124.0,523.0,14.433,4.0,10.32,roster,0,106.0,85.0,1.2619,108.39,4.7647,0.85,0.6783,3.1176,72.93,16.5,26.8,12.16,13.075
2024-02-06 20:00:00,20,38,38,2.0,4.0,31.0,1.0,0.0,1.0,9,7,19,2,21,2,15.433,405.0,180.0,534.0,15.433,4.0,12.27,roster,0,121.0,95.0,1.5921,118.96,4.8416,0.95,0.5705,3.1842,81.51,18.23,26.8,12.42,13.35
2024-02-06 21:00:00,21,47,47,3.0,6.0,36.0,2.0,0.0,1.0,12,12,19,2,21,2,16.433,465.0,240.0,594.0,16.433,4.0,12.27,roster,0,151.0,117.5,1.9868,139.66,6.9171,1.175,0.978,3.2128,100.82,18.23,26.8,13.81,14.85
2024-02-06 22:00:00,22,44,44,3.0,5.0,29.0,7.0,0.0,1.0,11,10,20,3,23,3,17.433,444.0,277.0,654.0,17.433,3.0,8.95,roster,0,136.0,110.0,2.6667,149.76,6.8535,1.1,1.1173,3.0909,94.38,19.97,40.2,15.21,16.35
2024-02-06 23:00:00,23,45,45,3.0,6.0,27.0,9.0,0.0,1.0,11,11,20,3,23,3,18.433,504.0,279.0,714.0,18.433,3.0,8.95,roster,0,138.0,112.5,2.7059,153.3,7.2191,1.125,1.2291,3.0667,96.52,19.97,40.2,16.6,17.85
2024-02-07 00:00:00,0,45,45,4.0,6.0,27.0,8.0,0.0,1.0,7,6,20,3,23,3,19.433,564.0,339.0,774.0,19.433,3.0,8.95,roster,0,141.0,112.5,2.7647,154.69,5.6256,1.125,0.6704,3.1333,96.52,19.97,40.2,18.0,19.35
2024-02-07 01:00:00,1,43,43,5.0,6.0,26.0,6.0,0.0,1.0,5,6,20,3,23,3,20.433,624.0,399.0,834.0,20.433,3.0,8.95,roster,0,139.0,107.5,2.7255,151.8,5.6421,1.075,0.6704,3.2326,92.24,19.97,40.2,19.39,20.85
2024-02-07 02:00:00,2,38,38,5.0,7.0,24.0,2.0,0.0,1.0,5,4,20,2,22,2,21.433,724.5,521.0,894.0,21.433,3.0,8.95,roster,0,129.0,95.0,2.3889,128.2,4.7422,0.95,0.4469,3.3947,81.51,19.1,26.8,20.79,22.35
2024-02-07 03:00:00,3,36,36,4.0,6.0,24.0,2.0,0.0,1.0,3,2,21,2,23,2,22.433,744.0,519.0,954.0,22.433,3.0,8.95,roster,0,120.0,90.0,2.3529,126.17,3.7449,0.9,0.2235,3.3333,77.22,19.97,26.8,22.18,23.85
2024-02-07 04:00:00,4,38,38,4.0,6.0,26.0,2.0,0.0,1.0,5,5,21,2,23,2,23.433,804.0,579.0,1014.0,23.433,3.0,8.95,roster,0,126.0,95.0,2.4706,131.86,5.0024,0.95,0.5587,3.3158,81.51,19.97,26.8,23.58,25.35
2024-02-07 05:00:00,5,32,32,4.0,6.0,20.0,2.0,0.0,1.0,1,0,21,2,23,2,24.433,864.0,639.0,1074.0,24.433,3.0,8.95,roster,0,108.0,80.0,2.1176,120.38,2.7,0.8,0.0,3.375,68.64,19.97,26.8,24.97,26.85
2024-02-07 06:00:00,6,33,33,4.0,6.0,21.0,2.0,0.0,1.0,1,1,21,2,23,2,25.433,924.0,699.0,1134.0,25.433,3.0,8.95,roster,0,111.0,82.5,2.1765,123.92,3.1508,0.825,0.1117,3.3636,70.78,19.97,26.8,26.37,28.35
2024-02-07 07:00:00,7,34,34,4.0,6.0,22.0,2.0,0.0,1.0,1,1,21,2,23,2,26.433,984.0,759.0,1194.0,26.433,3.0,8.95,roster,0,114.0,85.0,2.2353,127.46,3.2246,0.85,0.1117,3.3529,72.93,19.97,26.8,27.76,29.85
2024-02-07 08:00:00,8,34,34,4.0,7.0,21.0,2.0,0.0,1.0,3,2,21,2,23,2,27.433,1044.0,819.0,1254.0,27.433,3.0,6.91,roster,0,115.0,85.0,2.2549,128.86,3.854,0.85,0.2894,3.3824,72.93,19.97,26.8,29.16,31.35
2024-02-07 09:00:00,9,36,36,4.0,7.0,20.0,5.0,0.0,1.0,6,5,18,3,21,3,28.433,1104.0,855.0,1314.0,28.433,3.0,6.91,roster,0,118.0,90.0,2.0702,146.2,5.3218,0.9,0.7236,3.2778,77.22,18.23,40.2,30.55,32.85
2024-02-07 10:00:00,10,37,37,4.0,6.0,22.0,5.0,0.0,1.0,8,7,16,3,19,3,29.433,1245.0,915.0,1423.0,29.433,4.0,10.61,roster,0,120.0,92.5,1.4286,149.15,5.1397,0.925,0.6598,3.2432,79.36,16.5,40.2,33.08,35.575
2024-02-07 11:00:00,11,38,38,4.0,6.0,23.0,5.0,0.0,1.0,8,8,16,3,19,3,30.433,1305.0,975.0,1483.0,30.433,4.0,10.61,roster,0,123.0,95.0,1.4643,152.69,5.5156,0.95,0.754,3.2368,81.51,16.5,40.2,34.48,37.075
2024-02-07 12:00:00,12,39,39,5.0,6.0,22.0,6.0,0.0,1.0,8,8,16,3,19,3,31.433,1365.0,977.0,1543.0,31.433,4.0,10.61,roster,0,127.0,97.5,1.5119,156.23,5.6304,0.975,0.754,3.2564,83.66,16.5,40.2,35.87,38.575
2024-02-07 13:00:00,13,40,40,5.0,6.0,24.0,5.0,0.0,1.0,8,8,16,2,18,2,28.85,1190.5,329.0,1513.0,28.85,4.0,10.61,roster,0,131.0,100.0,1.4886,143.41,5.7444,1.0,0.754,3.275,85.8,15.63,26.8,35.18,37.825
2024-02-07 14:00:00,14,38,38,4.0,5.0,24.0,5.0,0.0,1.0,8,8,13,2,15,2,29.85,1097.0,178.0,1573.0,29.85,4.0,10.61,roster,0,122.0,95.0,1.22,137.91,5.4708,0.95,0.754,3.2105,81.51,13.02,26.8,36.57,39.325
2024-02-07 15:00:00,15,29,29,4.0,5.0,16.0,4.0,0.0,1.0,4,4,12,2,14,2,30.85,251.5,157.0,1330.0,30.85,4.0,10.61,roster,0,96.0,72.5,0.9231,112.08,3.648,0.725,0.377,3.3103,62.2,12.16,26.8,30.92,33.25
2024-02-07 16:00:00,16,26,26,3.0,4.0,16.0,3.0,0.0,1.0,6,6,10,1,11,1,23.467,240.0,148.0,1154.0,23.467,4.0,10.61,roster,0,85.0,65.0,0.7328,85.55,3.9738,0.65,0.5655,3.2692,55.77,9.55,13.4,26.83,28.85
2024-02-07 17:00:00,17,25,25,3.0,4.0,14.0,4.0,0.0,1.0,6,6,11,1,12,1,24.467,288.5,208.0,1214.0,24.467,4.0,10.61,roster,0,81.0,62.5,0.7232,85.67,3.8572,0.625,0.5655,3.24,53.62,10.42,13.4,28.23,30.35
2024-02-07 18:00:00,18,24,24,3.0,4.0,13.0,4.0,0.0,1.0,10,10,9,0,9,0,25.467,360.0,189.0,1274.0,25.467,4.0,10.61,roster,0,78.0,60.0,0.629,68.92,5.0131,0.6,0.9425,3.25,51.48,7.81,0.0,29.62,31.85
2024-02-07 19:00:00,19,33,33,3.0,3.0,22.0,3.0,2.0,1.0,15,16,12,0,12,0,26.467,222.5,118.0,478.0,26.467,4.0,10.61,roster,0,101.0,82.5,0.9018,72.32,7.1404,0.825,1.508,3.0606,70.78,10.42,0.0,11.11,11.95
2024-02-07 20:00:00,20,31,31,2.0,4.0,21.0,2.0,2.0,1.0,11,10,14,0,14,0,27.467,171.0,116.0,309.0,27.467,4.0,13.1,roster,0,95.0,77.5,0.9135,65.84,4.7143,0.775,0.7634,3.0645,66.5,12.16,0.0,7.18,7.725
2024-02-07 21:00:00,21,30,30,2.0,4.0,20.0,2.0,2.0,1.0,5,4,14,1,15,1,28.467,224.0,173.0,369.0,28.467,4.0,13.1,roster,0,92.0,75.0,0.92,79.35,3.2364,0.75,0.3053,3.0667,64.35,13.02,13.4,8.58,9.225
2024-02-07 22:00:00,22,25,25,3.0,5.0,15.0,1.0,1.0,1.0,8,5,10,1,11,1,29.467,278.0,225.0,429.0,29.467,3.0,9.4,roster,0,83.0,62.5,0.954,66.55,3.841,0.625,0.5319,3.32,53.62,9.55,13.4,9.97,10.725
2024-02-07 23:00:00,23,27,27,3.0,2.0,19.0,2.0,1.0,1.0,8,8,8,2,10,2,30.467,319.0,229.0,436.0,30.467,3.0,9.4,roster,0,85.0,67.5,0.9444,83.54,4.8043,0.675,0.8511,3.1481,57.92,8.68,26.8,10.14,10.9
2024-02-08 00:00:00,0,24,24,3.0,3.0,15.0,2.0,1.0,1.0,7,6,8,2,10,2,31.467,379.0,289.0,496.0,31.467,3.0,9.4,roster,0,77.0,60.0,0.8556,78.5,3.9729,0.6,0.6383,3.2083,51.48,8.68,26.8,11.53,12.4
2024-02-08 01:00:00,1,20,20,3.0,2.0,13.0,1.0,1.0,1.0,4,1,8,2,10,2,32.467,439.0,349.0,556.0,32.467,3.0,9.4,roster,0,65.0,50.0,0.7222,71.31,1.9707,0.5,0.1064,3.25,42.9,8.68,26.8,12.93,13.9
2024-02-08 02:00:00,2,23,23,3.0,4.0,14.0,1.0,1.0,1.0,9,7,8,2,10,2,33.467,499.0,409.0,616.0,33.467,3.0,9.4,roster,0,76.0,57.5,0.8444,79.14,4.3607,0.575,0.7447,3.3043,49.33,8.68,26.8,14.32,15.4
2024-02-08 03:00:00,3,22,22,3.0,3.0,11.0,4.0,1.0,1.0,3,3,8,2,10,2,34.467,559.0,469.0,676.0,34.467,3.0,9.4,roster,0,69.0,55.0,0.7667,78.39,2.726,0.55,0.3191,3.1364,47.19,8.68,26.8,15.72,16.9
2024-02-08 04:00:00,4,21,21,3.0,3.0,12.0,2.0,1.0,1.0,1,1,8,2,10,2,35.467,619.0,529.0,736.0,35.467,3.0,9.4,roster,0,68.0,52.5,0.7556,77.64,2.0445,0.525,0.1064,3.2381,45.04,8.68,26.8,17.11,18.4
2024-02-08 05:00:00,5,21,21,3.0,2.0,14.0,1.0,1.0,1.0,4,3,8,2,10,2,36.467,679.0,589.0,796.0,36.467,3.0,9.4,roster,0,68.0,52.5,0.7556,79.04,2.7334,0.525,0.3191,3.2381,45.04,8.68,26.8,18.51,19.9
2024-02-08 06:00:00,6,21,21,3.0,2.0,14.0,1.0,1.0,1.0,2,2,8,2,10,2,37.467,739.0,649.0,856.0,37.467,3.0,9.4,roster,0,68.0,52.5,0.7556,80.43,2.389,0.525,0.2128,3.2381,45.04,8.68,26.8,19.9,21.4
2024-02-08 07:00:00,7,19,19,2.0,3.0,12.0,1.0,1.0,1.0,4,3,8,1,9,1,38.467,818.0,765.0,916.0,38.467,3.0,9.4,roster,0,61.0,47.5,0.6559,63.27,2.5496,0.475,0.3191,3.2105,40.75,7.81,13.4,21.3,22.9
2024-02-08 08:00:00,8,24,24,2.0,4.0,16.0,1.0,1.0,1.0,6,5,10,1,11,1,39.467,840.0,761.0,976.0,39.467,3.0,6.6,roster,0,77.0,60.0,0.8851,77.12,4.3556,0.6,0.7576,3.2083,51.48,9.55,13.4,22.69,24.4
2024-02-08 09:00:00,9,30,30,2.0,5.0,21.0,2.0,0.0,1.0,8,8,10,1,11,1,40.467,900.0,821.0,1036.0,40.467,3.0,6.6,roster,0,97.0,75.0,1.1149,91.39,6.3442,0.75,1.2121,3.2333,64.35,9.55,13.4,24.09,25.9
2024-02-08 10:00:00,10,32,32,2.0,3.0,24.0,3.0,0.0,1.0,9,8,11,1,12,1,41.467,917.0,225.0,1096.0,41.467,4.0,9.85,roster,0,100.0,80.0,0.8929,97.94,5.0381,0.8,0.8122,3.125,68.64,10.42,13.4,25.48,27.4
2024-02-08 11:00:00,11,38,38,3.0,4.0,26.0,5.0,0.0,1.0,10,10,11,1,12,1,42.467,945.0,278.0,1156.0,42.467,4.0,9.85,roster,0,119.0,95.0,1.0625,112.21,6.1543,0.95,1.0152,3.1316,81.51,10.42,13.4,26.88,28.9
2024-02-08 12:00:00,12,38,38,2.0,5.0,28.0,2.0,1.0,1.0,9,9,16,1,17,1,43.467,338.0,118.0,1065.0,43.467,4.0,9.85,roster,0,119.0,95.0,1.2935,114.43,5.8363,0.95,0.9137,3.1316,81.51,14.76,13.4,24.76,26.625
2024-02-08 13:00:00,13,36,36,2.0,4.0,27.0,2.0,1.0,1.0,8,7,14,2,16,2,44.467,331.0,160.0,1125.0,44.467,4.0,9.85,roster,0,112.0,90.0,1.1667,124.07,5.0109,0.9,0.7107,3.1111,77.22,13.89,26.8,26.16,28.125
2024-02-08 14:00:00,14,31,31,2.0,4.0,22.0,2.0,1.0,1.0,6,5,10,4,14,4,45.467,317.0,188.0,1129.0,45.467,4.0,9.85,roster,0,97.0,77.5,0.9327,138.5,4.0133,0.775,0.5076,3.129,66.5,12.16,53.6,26.25,28.225
2024-02-08 15:00:00,15,30,30,2.0,4.0,23.0,1.0,0.0,1.0,6,6,9,3,12,3,46.467,444.0,262.0,1245.0,46.467,4.0,9.85,roster,0,97.0,75.0,0.8661,123.92,4.3945,0.75,0.6091,3.2333,64.35,10.42,40.2,28.95,31.125
2024-02-08 16:00:00,16,26,26,1.0,4.0,21.0,0.0,0.0,1.0,5,5,6,2,8,2,22.967,504.0,340.0,1249.0,22.967,4.0,9.85,roster,0,84.0,65.0,0.6562,98.56,3.74,0.65,0.5076,3.2308,55.77,6.95,26.8,29.04,31.225
2024-02-08 17:00:00,17,22,22,1.0,4.0,17.0,0.0,0.0,1.0,7,6,6,2,8,2,23.967,445.0,359.0,1309.0,23.967,4.0,9.85,roster,0,72.0,55.0,0.5625,91.37,3.7935,0.55,0.6091,3.2727,47.19,6.95,26.8,30.43,32.725
2024-02-08 18:00:00,18,23,23,1.0,4.0,17.0,1.0,0.0,1.0,10,6,8,2,10,2,24.967,439.5,172.0,698.0,24.967,4.0,9.85,roster,0,74.0,57.5,0.6167,81.05,3.8098,0.575,0.6091,3.2174,49.33,8.68,26.8,16.23,17.45
2024-02-08 19:00:00,19,29,29,0.0,4.0,22.0,2.0,1.0,1.0,9,8,9,1,10,1,25.967,366.0,163.0,610.0,25.967,4.0,9.85,roster,0,87.0,72.5,0.725,78.47,4.6115,0.725,0.8122,3.0,62.2,8.68,13.4,14.18,15.25
2024-02-08 20:00:00,20,29,29,1.0,2.0,25.0,1.0,0.0,1.0,11,11,8,1,9,1,26.967,539.0,211.0,670.0,26.967,4.0,10.49,roster,0,90.0,72.5,0.7258,79.0,5.5043,0.725,1.0486,3.1034,62.2,7.81,13.4,15.58,16.75
2024-02-08 21:00:00,21,32,32,2.0,1.0,24.0,4.0,1.0,1.0,15,14,6,1,7,1,27.967,640.0,352.0,878.0,27.967,4.0,10.49,roster,0,95.0,80.0,0.7197,88.53,6.3371,0.8,1.3346,2.9688,68.64,6.08,13.4,20.41,21.95
2024-02-08 22:00:00,22,26,26,2.0,1.0,17.0,6.0,0.0,1.0,9,8,7,2,9,2,28.967,116.0,97.0,659.0,28.967,3.0,7.24,roster,0,77.0,65.0,0.828,85.71,5.1974,0.65,1.105,2.9615,55.77,7.81,26.8,15.32,16.475
2024-02-08 23:00:00,23,29,29,2.0,3.0,18.0,6.0,0.0,1.0,13,13,6,1,7,1,29.967,157.0,120.0,719.0,29.967,3.0,7.24,roster,0,88.0,72.5,0.8889,78.4,7.6487,0.725,1.7956,3.0345,62.2,6.08,13.4,16.72,17.975
2024-02-09 00:00:00,0,25,25,2.0,3.0,17.0,3.0,0.0,1.0,7,8,6,1,7,1,30.967,217.0,180.0,779.0,30.967,3.0,7.24,roster,0,79.0,62.5,0.798,71.21,5.4667,0.625,1.105,3.16,53.62,6.08,13.4,18.11,19.475
2024-02-09 01:00:00,1,25,25,2.0,2.0,17.0,4.0,0.0,1.0,7,6,5,1,6,1,31.967,279.5,267.0,839.0,31.967,3.0,7.24,roster,0,77.0,62.5,0.7549,71.74,4.4775,0.625,0.8287,3.08,53.62,5.21,13.4,19.51,20.975
2024-02-09 02:00:00,2,21,21,1.0,3.0,13.0,4.0,0.0,1.0,5,5,6,1,7,1,32.967,337.0,300.0,899.0,32.967,3.0,7.24,roster,0,64.0,52.5,0.6465,65.42,3.7047,0.525,0.6906,3.0476,45.04,6.08,13.4,20.9,22.475
2024-02-09 03:00:00,3,21,21,1.0,2.0,14.0,4.0,0.0,1.0,4,4,6,1,7,1,33.967,397.0,360.0,959.0,33.967,3.0,7.24,roster,0,63.0,52.5,0.6364,66.82,3.2325,0.525,0.5525,3.0,45.04,6.08,13.4,22.3,23.975
2024-02-09 04:00:00,4,21,21,1.0,2.0,15.0,3.0,0.0,1.0,4,4,7,1,8,1,34.967,452.0,420.0,1019.0,34.967,3.0,7.24,roster,0,64.0,52.5,0.6667,69.08,3.2838,0.525,0.5525,3.0476,45.04,6.95,13.4,23.69,25.475
2024-02-09 05:00:00,5,22,22,1.0,2.0,16.0,3.0,0.0,1.0,1,1,8,1,9,1,35.967,507.0,248.0,522.0,35.967,3.0,7.24,roster,0,67.0,55.0,0.7204,60.54,2.0956,0.55,0.1381,3.0455,47.19,7.81,13.4,12.14,13.05
2024-02-09 06:00:00,6,21,21,1.0,2.0,14.0,4.0,0.0,1.0,2,1,8,1,9,1,36.967,567.0,308.0,582.0,36.967,3.0,7.24,roster,0,63.0,52.5,0.6774,59.79,1.9894,0.525,0.1381,3.0,45.04,7.81,13.4,13.53,14.55
2024-02-09 07:00:00,7,19,19,1.0,1.0,14.0,3.0,0.0,1.0,0,0,8,1,9,1,37.967,627.0,368.0,642.0,37.967,3.0,7.24,roster,0,57.0,47.5,0.6129,56.9,1.425,0.475,0.0,3.0,40.75,7.81,13.4,14.93,16.05
2024-02-09 08:00:00,8,28,28,1.0,2.0,20.0,5.0,0.0,1.0,9,9,8,1,9,1,38.967,687.0,428.0,702.0,38.967,3.0,7.28,roster,0,83.0,70.0,0.8925,77.6,5.7396,0.7,1.2363,2.9643,60.06,7.81,13.4,16.32,17.55
2024-02-09 09:00:00,9,32,32,1.0,2.0,24.0,4.0,1.0,1.0,12,12,9,0,9,0,39.967,720.0,369.0,757.0,39.967,3.0,7.28,roster,0,94.0,80.0,1.0108,74.06,7.192,0.8,1.6484,2.9375,68.64,7.81,0.0,17.6,18.925
2024-02-09 10:00:00,10,38,38,0.0,3.0,29.0,5.0,1.0,1.0,13,12,12,1,13,1,40.967,131.0,84.0,548.0,40.967,4.0,10.53,roster,0,110.0,95.0,1.0185,98.94,6.0488,0.95,1.1396,2.8947,81.51,11.29,13.4,12.74,13.7
2024-02-09 11:00:00,11,36,36,0.0,6.0,23.0,6.0,1.0,1.0,13,10,12,1,13,1,41.967,144.0,126.0,191.0,41.967,4.0,10.53,roster,0,106.0,90.0,0.9815,86.35,5.4462,0.9,0.9497,2.9444,77.22,11.29,13.4,4.44,4.775
2024-02-09 12:00:00,12,31,31,1.0,7.0,19.0,3.0,1.0,1.0,10,8,13,0,13,0,42.967,200.0,159.0,251.0,42.967,4.0,10.53,roster,0,97.0,77.5,0.8981,63.62,4.8022,0.775,0.7597,3.129,66.5,11.29,0.0,5.84,6.275
2024-02-09 13:00:00,13,31,31,2.0,7.0,19.0,2.0,1.0,1.0,11,8,14,1,15,1,43.967,255.0,195.0,311.0,43.967,4.0,10.53,roster,0,100.0,77.5,1.0,80.15,4.9508,0.775,0.7597,3.2258,66.5,13.02,13.4,7.23,7.775
2024-02-09 14:00:00,14,27,27,2.0,2.0,19.0,3.0,1.0,1.0,8,6,9,1,10,1,44.967,292.5,179.0,333.0,44.967,4.0,10.53,roster,0,82.0,67.5,0.6833,67.74,3.7805,0.675,0.5698,3.037,57.92,8.68,13.4,7.74,8.325
2024-02-09 15:00:00,15,23,23,2.0,2.0,18.0,1.0,0.0,1.0,10,9,5,1,6,1,16.95,218.5,177.0,315.0,6.1,4.0,10.53,roster,0,74.0,57.5,0.5441,55.27,4.5999,0.575,0.8547,3.2174,49.33,5.21,13.4,7.32,7.875
2024-02-09 16:00:00,16,21,21,1.0,1.0,18.0,1.0,0.0,1.0,6,6,3,1,4,1,8.317,199.5,141.0,299.0,4.983,4.0,10.53,roster,0,65.0,52.5,0.4514,48.87,3.3887,0.525,0.5698,3.0952,45.04,3.47,13.4,6.95,7.475
2024-02-09 17:00:00,17,24,24,1.0,0.0,20.0,3.0,0.0,1.0,11,11,2,1,3,1,9.317,201.0,162.0,318.0,5.3,4.0,10.53,roster,0,71.0,60.0,0.4797,54.88,4.8654,0.6,1.0446,2.9583,51.48,2.6,13.4,7.39,7.95
2024-02-09 18:00:00,18,21,21,1.0,0.0,20.0,0.0,0.0,1.0,10,7,4,1,5,1,10.317,222.0,117.0,261.0,6.3,4.0,10.53,roster,0,65.0,52.5,0.4643,48.85,3.6826,0.525,0.6648,3.0952,45.04,4.34,13.4,6.07,6.525
2024-02-09 19:00:00,19,24,24,2.0,1.0,20.0,1.0,0.0,1.0,13,11,4,1,5,1,11.317,154.0,100.0,177.0,7.3,4.0,10.53,roster,0,76.0,60.0,0.5429,53.34,5.208,0.6,1.0446,3.1667,51.48,4.34,13.4,4.12,4.425
2024-02-09 20:00:00,20,29,29,2.0,1.0,20.0,5.0,1.0,1.0,18,13,5,1,6,1,7.383,133.5,76.0,160.0,3.95,4.0,10.49,roster,0,85.0,72.5,0.625,64.53,5.7574,0.725,1.2393,2.931,62.2,5.21,13.4,3.72,4.0
2024-02-09 21:00:00,21,35,35,1.0,1.0,26.0,7.0,0.0,1.0,18,17,5,1,6,1,8.383,155.5,131.0,220.0,4.95,4.0,10.49,roster,0,101.0,87.5,0.7426,78.8,7.2016,0.875,1.6206,2.8857,75.08,5.21,13.4,5.12,5.5
2024-02-09 22:00:00,22,24,24,2.0,2.0,20.0,0.0,0.0,1.0,9,8,4,2,6,2,9.383,215.5,191.0,280.0,5.95,3.0,7.24,roster,0,78.0,60.0,0.7647,70.0,5.5412,0.6,1.105,3.25,51.48,5.21,26.8,6.51,7.0
2024-02-09 23:00:00,23,22,22,3.0,2.0,14.0,3.0,0.0,1.0,11,9,5,2,7,2,10.383,256.0,138.0,340.0,6.95,3.0,7.24,roster,0,71.0,55.0,0.7172,67.97,5.7868,0.55,1.2431,3.2273,47.19,6.08,26.8,7.9,8.5
2024-02-10 00:00:00,0,24,24,3.0,4.0,15.0,2.0,0.0,1.0,10,9,7,2,9,2,7.95,311.0,141.0,355.0,7.95,3.0,7.24,roster,0,80.0,60.0,0.8602,74.35,6.1436,0.6,1.2431,3.3333,51.48,7.81,26.8,8.25,8.875
2024-02-10 01:00:00,1,23,23,3.0,4.0,13.0,3.0,0.0,1.0,6,3,8,2,10,2,8.95,314.5,168.0,415.0,8.95,3.0,7.24,roster,0,76.0,57.5,0.8444,74.47,3.2692,0.575,0.4144,3.3043,49.33,8.68,26.8,9.65,10.375
2024-02-10 02:00:00,2,19,19,3.0,4.0,9.0,3.0,0.0,1.0,7,4,8,2,10,2,9.95,374.5,228.0,475.0,9.95,3.0,7.24,roster,0,64.0,47.5,0.7111,67.28,3.461,0.475,0.5525,3.3684,40.75,8.68,26.8,11.04,11.875
2024-02-10 03:00:00,3,19,19,2.0,3.0,11.0,3.0,0.0,1.0,6,6,9,1,10,1,10.95,349.5,245.0,535.0,10.95,3.0,7.24,roster,0,61.0,47.5,0.6778,55.28,4.1857,0.475,0.8287,3.2105,40.75,8.68,13.4,12.44,13.375
2024-02-10 04:00:00,4,16,16,2.0,3.0,9.0,2.0,0.0,1.0,2,2,9,1,10,1,11.95,409.5,305.0,595.0,11.95,3.0,7.24,roster,0,53.0,40.0,0.5889,50.24,2.2401,0.4,0.2762,3.3125,34.32,8.68,13.4,13.83,14.875
2024-02-10 05:00:00,5,17,17,2.0,4.0,8.0,3.0,0.0,1.0,3,3,9,1,10,1,12.95,469.5,365.0,655.0,12.95,3.0,7.24,roster,0,56.0,42.5,0.6222,53.78,2.765,0.425,0.4144,3.2941,36.46,8.68,13.4,15.23,16.375
2024-02-10 06:00:00,6,21,21,2.0,4.0,12.0,3.0,0.0,1.0,5,5,10,2,12,2,13.95,484.5,385.0,715.0,13.95,3.0,7.24,roster,0,68.0,52.5,0.8095,78.89,3.9363,0.525,0.6906,3.2381,45.04,10.42,26.8,16.62,17.875
2024-02-10 07:00:00,7,22,22,2.0,3.0,14.0,3.0,0.0,1.0,4,4,11,1,12,1,14.95,506.5,354.0,775.0,14.95,3.0,7.24,roster,0,70.0,55.0,0.8333,69.03,3.5079,0.55,0.5525,3.1818,47.19,10.42,13.4,18.02,19.375
2024-02-10 08:00:00,8,20,20,3.0,3.0,11.0,3.0,0.0,1.0,5,5,11,1,12,1,15.95,566.5,414.0,835.0,15.95,3.0,7.29,roster,0,66.0,50.0,0.7857,66.13,3.9134,0.5,0.6859,3.3,42.9,10.42,13.4,19.41,20.875
2024-02-10 09:00:00,9,27,27,3.0,5.0,15.0,4.0,0.0,1.0,12,11,11,1,12,1,16.95,626.5,474.0,895.0,16.95,3.0,7.29,roster,0,88.0,67.5,1.0476,82.54,7.1179,0.675,1.5089,3.2593,57.92,10.42,13.4,20.81,22.375
2024-02-10 10:00:00,10,25,25,3.0,5.0,15.0,2.0,0.0,1.0,7,7,15,1,16,1,17.95,428.0,105.0,741.0,17.95,4.0,10.54,roster,0,84.0,62.5,0.875,78.15,4.3315,0.625,0.6641,3.36,53.62,13.89,13.4,17.23,18.525
2024-02-10 11:00:00,11,28,28,2.0,5.0,18.0,3.0,0.0,1.0,10,9,14,1,15,1,17.667,327.0,137.0,768.0,17.667,4.0,10.54,roster,0,90.0,70.0,0.9,84.34,4.9946,0.7,0.8539,3.2143,60.06,13.02,13.4,17.86,19.2
2024-02-10 12:00:00,12,39,39,2.0,5.0,29.0,3.0,0.0,1.0,17,16,14,1,15,1,18.667,274.0,188.0,745.0,18.667,4.0,10.54,roster,0,123.0,97.5,1.23,107.4,7.8626,0.975,1.518,3.1538,83.66,13.02,13.4,17.32,18.625
2024-02-10 13:00:00,13,35,35,1.0,4.0,27.0,3.0,0.0,1.0,15,11,12,1,13,1,19.667,257.0,222.0,502.0,19.667,4.0,10.54,roster,0,108.0,87.5,1.0,91.43,5.9204,0.875,1.0436,3.0857,75.08,11.29,13.4,11.67,12.55
2024-02-10 14:00:00,14,38,38,0.0,6.0,27.0,5.0,0.0,1.0,19,14,13,1,14,1,20.667,307.0,166.0,562.0,20.667,4.0,10.54,roster,0,115.0,95.0,1.1058,100.13,6.8948,0.95,1.3283,3.0263,81.51,12.16,13.4,13.07,14.05
2024-02-10 15:00:00,15,51,51,0.0,5.0,41.0,4.0,1.0,1.0,22,22,14,1,15,1,21.667,342.0,135.0,622.0,21.667,4.0,10.54,roster,0,152.0,127.5,1.52,130.28,10.0209,1.275,2.0873,2.9804,109.39,13.02,13.4,14.46,15.55
2024-02-10 16:00:00,16,39,39,0.0,4.0,31.0,4.0,0.0,1.0,10,9,15,0,15,0,22.667,195.0,100.0,465.0,22.667,4.0,10.54,roster,0,117.0,97.5,1.17,87.49,5.4867,0.975,0.8539,3.0,83.66,13.02,0.0,10.81,11.625
2024-02-10 17:00:00,17,36,36,0.0,6.0,29.0,1.0,0.0,1.0,10,9,17,1,18,1,23.667,211.0,133.0,497.0,23.667,4.0,10.54,roster,0,113.0,90.0,1.2841,97.8,5.5053,0.9,0.8539,3.1389,77.22,15.63,13.4,11.56,12.425
2024-02-10 18:00:00,18,36,36,0.0,6.0,30.0,0.0,0.0,1.0,9,9,17,1,18,1,24.667,255.5,184.0,454.0,24.667,4.0,10.54,roster,0,114.0,90.0,1.2955,96.81,5.554,0.9,0.8539,3.1667,77.22,15.63,13.4,10.56,11.35
2024-02-10 19:00:00,19,35,35,0.0,6.0,27.0,1.0,1.0,1.0,11,9,18,0,18,0,25.667,315.5,244.0,514.0,25.667,4.0,10.54,roster,0,108.0,87.5,1.2273,82.66,5.3349,0.875,0.8539,3.0857,75.08,15.63,0.0,11.95,12.85
2024-02-10 20:00:00,20,39,39,0.0,6.0,28.0,4.0,1.0,1.0,17,14,14,0,14,0,20.417,356.5,287.0,483.0,20.417,4.0,10.49,roster,0,117.0,97.5,1.125,87.04,6.9288,0.975,1.3346,3.0,83.66,12.16,0.0,11.23,12.075
2024-02-10 21:00:00,21,42,42,2.0,5.0,27.0,7.0,1.0,1.0,15,11,15,0,15,0,21.417,400.0,315.0,543.0,21.417,4.0,10.49,roster,0,126.0,105.0,1.26,95.74,6.2959,1.05,1.0486,3.0,90.09,13.02,0.0,12.62,13.575
2024-02-10 22:00:00,22,45,45,2.0,5.0,25.0,13.0,0.0,1.0,17,13,15,3,18,3,22.417,428.5,103.0,555.0,22.417,3.0,7.24,roster,0,131.0,112.5,1.9848,145.26,8.5021,1.125,1.7956,2.9111,96.52,15.63,40.2,12.9,13.875
2024-02-10 23:00:00,23,48,48,2.0,6.0,23.0,17.0,0.0,1.0,16,15,16,3,19,3,23.417,435.0,127.0,553.0,23.417,3.0,7.24,roster,0,137.0,120.0,2.1746,152.52,9.3383,1.2,2.0718,2.8542,102.96,16.5,40.2,12.86,13.825
2024-02-11 00:00:00,0,46,46,2.0,6.0,22.0,16.0,0.0,1.0,8,7,17,5,22,5,24.417,331.0,179.0,580.0,24.417,3.0,7.24,roster,0,132.0,115.0,2.4444,178.26,6.0744,1.15,0.9669,2.8696,98.67,19.1,67.0,13.49,14.5
2024-02-11 01:00:00,1,37,37,2.0,6.0,22.0,7.0,0.0,1.0,7,7,16,5,21,5,25.417,499.0,239.0,640.0,25.417,3.0,7.24,roster,0,114.0,92.5,2.0,159.48,5.8289,0.925,0.9669,3.0811,79.36,18.23,67.0,14.88,16.0
2024-02-11 02:00:00,2,33,33,2.0,5.0,19.0,7.0,0.0,1.0,8,7,18,4,22,4,26.417,451.0,280.0,700.0,26.417,3.0,7.24,roster,0,101.0,82.5,1.8704,139.76,5.4841,0.825,0.9669,3.0606,70.78,19.1,53.6,16.28,17.5
2024-02-11 03:00:00,3,34,34,2.0,5.0,19.0,8.0,0.0,1.0,6,6,18,4,22,4,27.417,511.0,340.0,760.0,27.417,3.0,7.24,roster,0,103.0,85.0,1.9074,143.3,5.0856,0.85,0.8287,3.0294,72.93,19.1,53.6,17.67,19.0
2024-02-11 04:00:00,4,32,32,2.0,6.0,17.0,7.0,0.0,1.0,3,2,18,4,22,4,28.417,571.0,400.0,820.0,28.417,3.0,7.24,roster,0,99.0,80.0,1.8333,140.41,3.3296,0.8,0.2762,3.0938,68.64,19.1,53.6,19.07,20.5
2024-02-11 05:00:00,5,33,33,2.0,6.0,20.0,5.0,0.0,1.0,4,3,18,4,22,4,29.417,631.0,460.0,880.0,29.417,3.0,7.24,roster,0,104.0,82.5,1.9259,143.95,3.9059,0.825,0.4144,3.1515,70.78,19.1,53.6,20.46,22.0
2024-02-11 06:00:00,6,35,35,2.0,7.0,20.0,6.0,0.0,1.0,8,8,18,4,22,4,30.417,691.0,520.0,940.0,30.417,3.0,7.24,roster,0,110.0,87.5,2.037,149.63,6.2228,0.875,1.105,3.1429,75.08,19.1,53.6,21.86,23.5
2024-02-11 07:00:00,7,39,39,2.0,8.0,21.0,8.0,0.0,1.0,8,8,18,4,22,4,31.417,751.0,580.0,1000.0,31.417,3.0,7.24,roster,0,121.0,97.5,2.2407,159.61,6.4532,0.975,1.105,3.1026,83.66,19.1,53.6,23.25,25.0
2024-02-11 08:00:00,8,33,33,2.0,6.0,22.0,3.0,0.0,1.0,4,4,19,3,22,3,32.417,811.0,640.0,1060.0,32.417,3.0,6.55,roster,0,106.0,82.5,1.963,134.73,4.6116,0.825,0.6107,3.2121,70.78,19.1,40.2,24.64,26.5
2024-02-11 09:00:00,9,30,30,2.0,4.0,19.0,5.0,0.0,1.0,11,7,19,3,22,3,33.417,871.0,700.0,1120.0,33.417,3.0,6.55,roster,0,93.0,75.0,1.7222,129.69,5.638,0.75,1.0687,3.1,64.35,19.1,40.2,26.04,28.0
2024-02-11 10:00:00,10,35,35,2.0,4.0,24.0,5.0,0.0,1.0,14,12,16,3,19,3,34.417,823.0,709.0,1180.0,34.417,4.0,9.87,roster,0,108.0,87.5,1.2857,139.21,6.4516,0.875,1.2158,3.0857,75.08,16.5,40.2,27.44,29.5
2024-02-11 11:00:00,11,26,26,1.0,4.0,17.0,4.0,0.0,1.0,12,3,14,2,16,2,35.417,878.5,769.0,1240.0,35.417,4.0,9.87,roster,0,80.0,65.0,0.8333,105.29,2.9352,0.65,0.304,3.0769,55.77,13.89,26.8,28.83,31.0
2024-02-11 12:00:00,12,37,37,2.0,4.0,24.0,7.0,0.0,1.0,20,16,14,2,16,2,36.417,918.0,682.0,1264.0,36.417,4.0,9.87,roster,0,112.0,92.5,1.1667,129.45,7.707,0.925,1.6211,3.027,79.36,13.89,26.8,29.39,31.6
2024-02-11 13:00:00,13,41,41,2.0,4.0,29.0,6.0,0.0,1.0,21,17,14,2,16,2,37.417,924.0,313.0,1324.0,37.417,4.0,9.87,roster,0,125.0,102.5,1.3021,139.42,8.3762,1.025,1.7224,3.0488,87.94,13.89,26.8,30.78,33.1
2024-02-11 14:00:00,14,46,46,2.0,3.0,37.0,4.0,0.0,1.0,18,14,14,2,16,2,38.417,640.5,184.0,1054.0,38.417,4.0,9.87,roster,0,141.0,115.0,1.4688,143.87,7.8728,1.15,1.4184,3.0652,98.67,13.89,26.8,24.51,26.35
2024-02-11 15:00:00,15,38,38,2.0,2.0,32.0,1.0,1.0,1.0,17,15,10,1,11,1,39.417,433.0,229.0,1079.0,39.417,4.0,9.87,roster,0,117.0,95.0,1.0086,109.55,7.6043,0.95,1.5198,3.0789,81.51,9.55,13.4,25.09,26.975
2024-02-11 16:00:00,16,30,30,1.0,2.0,25.0,1.0,1.0,1.0,14,10,11,0,11,0,40.417,289.0,108.0,922.0,40.417,4.0,9.87,roster,0,91.0,75.0,0.7845,75.34,5.3483,0.75,1.0132,3.0333,64.35,9.55,0.0,21.44,23.05
2024-02-11 17:00:00,17,41,41,1.0,4.0,29.0,6.0,1.0,1.0,20,19,10,0,10,0,41.417,309.5,168.0,431.0,41.417,4.0,9.87,roster,0,121.0,102.5,1.0083,86.65,8.7062,1.025,1.925,2.9512,87.94,8.68,0.0,10.02,10.775
2024-02-11 18:00:00,18,40,40,1.0,4.0,28.0,7.0,0.0,1.0,15,12,11,0,11,0,42.417,322.0,117.0,424.0,42.417,4.0,9.87,roster,0,119.0,100.0,1.0259,85.21,6.592,1.0,1.2158,2.975,85.8,9.55,0.0,9.86,10.6
2024-02-11 19:00:00,19,37,37,1.0,5.0,22.0,9.0,0.0,1.0,10,9,10,0,10,0,43.417,329.5,177.0,469.0,43.417,4.0,9.87,roster,0,109.0,92.5,0.9083,78.95,5.4113,0.925,0.9119,2.9459,79.36,8.68,0.0,10.9,11.725
2024-02-11 20:00:00,20,30,30,2.0,6.0,17.0,5.0,0.0,1.0,15,12,9,0,9,0,44.417,302.0,231.0,529.0,44.417,4.0,9.72,roster,0,95.0,75.0,0.7661,64.46,6.2845,0.75,1.2346,3.1667,64.35,7.81,0.0,12.3,13.225
2024-02-11 21:00:00,21,37,37,4.0,6.0,13.0,12.0,2.0,1.0,19,16,11,0,11,0,45.417,297.0,121.0,589.0,45.417,4.0,9.72,roster,0,109.0,92.5,0.9397,82.61,7.5743,0.925,1.6461,2.9459,79.36,9.55,0.0,13.69,14.725
2024-02-11 22:00:00,22,30,30,4.0,4.0,9.0,13.0,0.0,1.0,12,11,7,1,8,1,46.417,167.5,121.0,1282.0,46.417,3.0,6.4,roster,0,89.0,75.0,0.9271,94.5,7.324,0.75,1.7188,2.9667,64.35,6.95,13.4,29.81,32.05
2024-02-11 23:00:00,23,26,26,4.0,5.0,10.0,6.0,1.0,1.0,10,8,8,1,9,1,47.417,214.0,158.0,709.0,47.417,3.0,6.4,roster,0,83.0,65.0,0.8925,73.47,6.0654,0.65,1.25,3.1923,55.77,7.81,13.4,16.48,17.725
2024-02-12 00:00:00,0,21,21,4.0,6.0,7.0,4.0,0.0,1.0,4,5,9,1,10,1,48.417,257.5,187.0,769.0,48.417,3.0,6.4,roster,0,73.0,52.5,0.8111,65.01,4.5408,0.525,0.7812,3.4762,45.04,8.68,13.4,17.88,19.225
2024-02-12 01:00:00,1,21,21,4.0,6.0,7.0,4.0,0.0,1.0,6,6,10,1,11,1,49.417,301.0,168.0,829.0,49.417,3.0,6.4,roster,0,73.0,52.5,0.8391,67.27,5.0839,0.525,0.9375,3.4762,45.04,9.55,13.4,19.27,20.725
2024-02-12 02:00:00,2,22,22,4.0,6.0,7.0,5.0,0.0,1.0,7,7,10,1,11,1,50.417,361.0,228.0,889.0,50.417,3.0,6.4,roster,0,75.0,55.0,0.8621,70.81,5.6037,0.55,1.0938,3.4091,47.19,9.55,13.4,20.67,22.225
2024-02-12 03:00:00,3,21,21,3.0,6.0,7.0,5.0,0.0,1.0,4,3,11,1,12,1,51.417,409.5,288.0,949.0,51.417,3.0,6.4,roster,0,70.0,52.5,0.8333,70.93,3.3125,0.525,0.4688,3.3333,45.04,10.42,13.4,22.06,23.725
2024-02-12 04:00:00,4,22,22,3.0,6.0,8.0,5.0,0.0,1.0,5,4,11,1,12,1,52.417,469.5,348.0,1009.0,52.417,3.0,6.4,roster,0,73.0,55.0,0.869,74.47,3.8989,0.55,0.625,3.3182,47.19,10.42,13.4,23.46,25.225
2024-02-12 05:00:00,5,21,21,3.0,6.0,6.0,6.0,0.0,1.0,1,1,12,1,13,1,53.417,518.0,372.0,601.0,53.417,3.0,6.4,roster,0,69.0,52.5,0.8519,63.71,2.2384,0.525,0.1562,3.2857,45.04,11.29,13.4,13.97,15.025
2024-02-12 06:00:00,6,19,19,3.0,6.0,4.0,6.0,0.0,1.0,3,3,12,1,13,1,54.417,578.0,432.0,661.0,54.417,3.0,6.4,roster,0,63.0,47.5,0.7778,60.81,3.1293,0.475,0.4688,3.3158,40.75,11.29,13.4,15.37,16.525
2024-02-12 07:00:00,7,20,20,3.0,6.0,6.0,5.0,0.0,1.0,4,3,12,1,13,1,55.417,638.0,492.0,721.0,55.417,3.0,6.4,roster,0,67.0,50.0,0.8272,64.35,3.2453,0.5,0.4688,3.35,42.9,11.29,13.4,16.76,18.025
2024-02-12 08:00:00,8,26,26,4.0,7.0,10.0,5.0,0.0,1.0,11,9,12,1,13,1,56.417,698.0,552.0,781.0,56.417,3.0,6.55,roster,0,88.0,65.0,1.0864,78.62,6.8506,0.65,1.374,3.3846,55.77,11.29,13.4,18.16,19.525
2024-02-12 09:00:00,9,30,30,4.0,9.0,8.0,9.0,0.0,1.0,12,11,13,1,14,1,57.417,687.5,451.0,841.0,57.417,3.0,6.55,roster,0,98.0,75.0,1.2564,89.46,7.936,0.75,1.6794,3.2667,64.35,12.16,13.4,19.55,21.025
2024-02-12 10:00:00,10,34,34,4.0,10.0,10.0,10.0,0.0,1.0,10,8,17,1,18,1,58.417,640.0,114.0,874.0,58.417,4.0,9.87,roster,0,110.0,85.0,1.25,102.28,5.3723,0.85,0.8105,3.2353,72.93,15.63,13.4,20.32,21.85
2024-02-12 11:00:00,11,37,37,3.0,11.0,8.0,15.0,0.0,1.0,16,14,18,1,19,1,59.417,425.0,164.0,934.0,59.417,4.0,9.87,roster,0,113.0,92.5,1.3452,110.98,7.157,0.925,1.4184,3.0541,79.36,16.5,13.4,21.72,23.35
2024-02-12 12:00:00,12,46,46,3.0,8.0,19.0,16.0,0.0,1.0,21,20,16,2,18,2,60.417,245.5,185.0,907.0,60.417,4.0,9.87,roster,0,136.0,115.0,1.5455,142.19,9.3909,1.15,2.0263,2.9565,98.67,15.63,26.8,21.09,22.675
2024-02-12 13:00:00,13,52,52,3.0,9.0,19.0,20.0,1.0,1.0,21,20,17,2,19,2,61.417,287.0,222.0,967.0,61.417,4.0,9.87,roster,0,149.0,130.0,1.7738,157.32,9.5313,1.3,2.0263,2.8654,111.54,16.5,26.8,22.48,24.175
2024-02-12 14:00:00,14,44,44,3.0,10.0,20.0,11.0,0.0,1.0,13,10,19,2,21,2,62.417,344.0,210.0,912.0,62.417,4.0,9.87,roster,0,137.0,110.0,1.8026,140.62,6.5796,1.1,1.0132,3.1136,94.38,18.23,26.8,21.2,22.8
2024-02-12 15:00:00,15,46,46,3.0,10.0,21.0,11.0,1.0,1.0,13,13,18,2,20,2,63.417,405.5,270.0,1087.0,63.417,4.0,9.87,roster,0,141.0,115.0,1.7625,148.11,7.5623,1.15,1.3171,3.0652,98.67,17.37,26.8,25.27,27.175
2024-02-12 16:00:00,16,43,43,3.0,9.0,24.0,6.0,1.0,1.0,15,11,19,1,20,1,64.417,441.5,206.0,1147.0,64.417,4.0,9.87,roster,0,136.0,107.5,1.7,129.67,6.9249,1.075,1.1145,3.1628,92.24,17.37,13.4,26.67,28.675
2024-02-12 17:00:00,17,41,41,3.0,8.0,21.0,8.0,1.0,1.0,6,5,21,3,24,3,65.417,412.0,179.0,1092.0,65.417,4.0,9.87,roster,0,127.0,102.5,1.9844,154.37,4.7442,1.025,0.5066,3.0976,87.94,20.84,40.2,25.39,27.3
2024-02-12 18:00:00,18,51,51,4.0,11.0,28.0,7.0,1.0,1.0,18,17,20,2,22,2,66.417,472.0,198.0,1152.0,66.417,4.0,9.87,roster,0,163.0,127.5,2.2639,162.08,9.5799,1.275,1.7224,3.1961,109.39,19.1,26.8,26.78,28.8
2024-02-12 19:00:00,19,43,43,4.0,10.0,25.0,4.0,0.0,1.0,12,12,17,2,19,2,67.417,470.0,186.0,1327.0,67.417,4.0,9.87,roster,0,143.0,107.5,1.7024,146.39,7.6183,1.075,1.2158,3.3256,92.24,16.5,26.8,30.85,33.175
2024-02-12 20:00:00,20,37,37,4.0,10.0,15.0,8.0,0.0,1.0,10,9,17,2,19,2,68.417,446.0,202.0,1387.0,68.417,4.0,11.1,roster,0,121.0,92.5,1.4405,134.91,5.6766,0.925,0.8108,3.2703,79.36,16.5,26.8,32.25,34.675
2024-02-12 21:00:00,21,47,47,4.0,10.0,19.0,12.0,2.0,1.0,21,20,18,2,20,2,69.417,462.5,262.0,1447.0,69.417,4.0,11.1,roster,0,143.0,117.5,1.7875,158.62,9.0571,1.175,1.8018,3.0426,100.82,17.37,26.8,33.64,36.175
2024-02-12 22:00:00,22,40,40,5.0,11.0,15.0,7.0,2.0,1.0,13,10,18,2,20,2,70.417,437.0,286.0,1507.0,70.417,3.0,7.78,roster,0,130.0,100.0,2.1667,145.0,7.4274,1.0,1.2853,3.25,85.8,17.37,26.8,35.04,37.675
2024-02-12 23:00:00,23,37,37,5.0,12.0,12.0,8.0,0.0,1.0,6,6,18,2,20,2,71.417,497.0,346.0,1567.0,71.417,3.0,7.78,roster,0,125.0,92.5,2.0833,139.96,5.7304,0.925,0.7712,3.3784,79.36,17.37,26.8,36.43,39.175
2024-02-13 00:00:00,0,40,40,5.0,10.0,19.0,6.0,0.0,1.0,9,9,18,3,21,3,72.417,515.0,310.0,977.0,72.417,3.0,7.78,roster,0,134.0,100.0,2.3509,146.95,7.2253,1.0,1.1568,3.35,85.8,18.23,40.2,22.72,24.425
2024-02-13 01:00:00,1,45,45,5.0,10.0,20.0,10.0,0.0,1.0,10,10,19,3,22,3,73.417,560.5,292.0,1037.0,73.417,3.0,7.78,roster,0,145.0,112.5,2.6852,159.94,7.7667,1.125,1.2853,3.2222,96.52,19.1,40.2,24.11,25.925
2024-02-13 02:00:00,2,38,38,5.0,10.0,16.0,7.0,0.0,1.0,5,5,19,2,21,2,74.417,635.0,430.0,1097.0,74.417,3.0,7.78,roster,0,127.0,95.0,2.2281,132.05,5.3229,0.95,0.6427,3.3421,81.51,18.23,26.8,25.51,27.425
2024-02-13 03:00:00,3,33,33,5.0,9.0,15.0,4.0,0.0,1.0,3,3,19,2,21,2,75.417,695.0,490.0,1157.0,75.417,3.0,7.78,roster,0,114.0,82.5,2.0,122.72,4.1821,0.825,0.3856,3.4545,70.78,18.23,26.8,26.9,28.925
2024-02-13 04:00:00,4,32,32,5.0,9.0,13.0,5.0,0.0,1.0,5,4,19,2,21,2,76.417,755.0,550.0,1217.0,76.417,3.0,7.78,roster,0,110.0,80.0,1.9298,121.97,4.5174,0.8,0.5141,3.4375,68.64,18.23,26.8,28.3,30.425
2024-02-13 05:00:00,5,33,33,5.0,9.0,12.0,7.0,0.0,1.0,4,3,20,2,22,2,77.417,800.5,532.0,1277.0,77.417,3.0,7.78,roster,0,111.0,82.5,2.0556,126.38,4.072,0.825,0.3856,3.3636,70.78,19.1,26.8,29.69,31.925
2024-02-13 06:00:00,6,30,30,7.0,8.0,11.0,4.0,0.0,1.0,3,3,21,2,23,2,78.417,846.0,578.0,1337.0,78.417,3.0,7.78,roster,0,108.0,75.0,2.1176,122.21,4.0882,0.75,0.3856,3.6,64.35,19.97,26.8,31.09,33.425
2024-02-13 07:00:00,7,31,31,6.0,8.0,11.0,6.0,0.0,1.0,4,4,21,4,25,4,79.417,862.0,615.0,1302.0,79.417,3.0,7.78,roster,0,107.0,77.5,2.3778,152.07,4.4496,0.775,0.5141,3.4516,66.5,21.71,53.6,30.27,32.55
2024-02-13 08:00:00,8,31,31,6.0,8.0,12.0,5.0,0.0,1.0,2,2,21,4,25,4,80.417,922.0,675.0,1362.0,80.417,3.0,6.78,roster,0,108.0,77.5,2.4,153.47,3.7277,0.775,0.295,3.4839,66.5,21.71,53.6,31.67,34.05
2024-02-13 09:00:00,9,34,34,5.0,6.0,16.0,7.0,0.0,1.0,14,10,15,4,19,4,81.417,1026.0,758.0,2167.0,81.417,3.0,6.78,roster,0,111.0,85.0,1.7619,173.41,7.5902,0.85,1.4749,3.2647,72.93,16.5,53.6,50.38,54.175
2024-02-13 10:00:00,10,36,36,4.0,7.0,20.0,5.0,0.0,1.0,14,14,12,4,16,4,82.417,1157.0,818.0,2314.0,82.417,4.0,10.48,roster,0,118.0,90.0,1.2292,178.51,7.3287,0.9,1.3359,3.2778,77.22,13.89,53.6,53.8,57.85
2024-02-13 11:00:00,11,45,45,4.0,8.0,22.0,10.0,1.0,1.0,20,18,14,4,18,4,83.417,885.0,309.0,2287.0,83.417,4.0,10.48,roster,0,139.0,112.5,1.5795,198.93,8.7803,1.125,1.7176,3.0889,96.52,15.63,53.6,53.17,57.175
2024-02-13 12:00:00,12,37,37,5.0,8.0,13.0,11.0,0.0,1.0,12,12,12,4,16,4,84.417,656.0,153.0,2434.0,84.417,4.0,10.48,roster,0,118.0,92.5,1.2292,183.45,6.6017,0.925,1.145,3.1892,79.36,13.89,53.6,56.59,60.85
2024-02-13 13:00:00,13,42,42,5.0,8.0,19.0,8.0,2.0,1.0,18,17,14,4,18,4,85.417,327.5,157.0,2407.0,85.417,4.0,10.48,roster,0,132.0,105.0,1.5,195.28,8.3981,1.05,1.6221,3.1429,90.09,15.63,53.6,55.96,60.175
2024-02-13 14:00:00,14,46,46,3.0,8.0,25.0,10.0,0.0,1.0,17,15,14,3,17,3,86.417,273.0,166.0,1355.0,86.417,4.0,10.48,roster,0,142.0,115.0,1.5435,165.13,7.9684,1.15,1.4313,3.087,98.67,14.76,40.2,31.5,33.875
2024-02-13 15:00:00,15,49,49,2.0,11.0,28.0,8.0,0.0,1.0,18,16,14,3,17,3,87.417,326.0,177.0,1415.0,87.417,4.0,10.48,roster,0,154.0,122.5,1.6739,172.96,8.6483,1.225,1.5267,3.1429,105.1,14.76,40.2,32.9,35.375
2024-02-13 16:00:00,16,49,49,1.0,7.0,32.0,9.0,0.0,1.0,20,17,10,2,12,2,88.417,366.0,191.0,1475.0,88.417,4.0,10.48,roster,0,147.0,122.5,1.3125,156.62,8.5414,1.225,1.6221,3.0,105.1,10.42,26.8,34.29,36.875
2024-02-13 17:00:00,17,45,45,1.0,7.0,30.0,7.0,0.0,1.0,15,14,9,2,11,2,89.417,406.0,206.0,1535.0,89.417,4.0,10.48,roster,0,137.0,112.5,1.181,148.57,7.492,1.125,1.3359,3.0444,96.52,9.55,26.8,35.69,38.375
2024-02-13 18:00:00,18,34,34,1.0,5.0,23.0,5.0,0.0,1.0,10,8,10,1,11,1,90.417,311.0,160.0,1275.0,90.417,4.0,10.48,roster,0,104.0,85.0,0.8966,105.53,4.935,0.85,0.7634,3.0588,72.93,9.55,13.4,29.64,31.875
2024-02-13 19:00:00,19,36,36,1.0,4.0,23.0,8.0,0.0,1.0,14,13,10,1,11,1,91.417,371.0,220.0,1335.0,91.417,4.0,10.48,roster,0,106.0,90.0,0.9138,111.21,6.3025,0.9,1.2405,2.9444,77.22,9.55,13.4,31.04,33.375
2024-02-13 20:00:00,20,29,29,2.0,2.0,15.0,10.0,0.0,1.0,13,11,6,1,7,1,92.417,292.0,174.0,2827.0,92.417,4.0,11.48,roster,0,83.0,72.5,0.6288,127.41,4.8174,0.725,0.9582,2.8621,62.2,6.08,13.4,65.73,70.675
2024-02-13 21:00:00,21,30,30,2.0,2.0,22.0,4.0,0.0,1.0,16,15,5,1,6,1,93.417,340.0,96.0,2887.0,93.417,4.0,11.48,roster,0,92.0,75.0,0.6765,130.08,6.307,0.75,1.3066,3.0667,64.35,5.21,13.4,67.12,72.175
2024-02-13 22:00:00,22,25,25,2.0,1.0,21.0,1.0,0.0,1.0,18,12,4,1,5,1,94.417,506.0,156.0,2947.0,94.417,3.0,7.78,roster,0,79.0,62.5,0.7524,119.88,6.849,0.625,1.5424,3.16,53.62,4.34,13.4,68.52,73.675
2024-02-13 23:00:00,23,20,20,2.0,1.0,16.0,1.0,0.0,1.0,9,7,4,1,5,1,95.417,566.0,216.0,3007.0,95.417,3.0,7.78,roster,0,64.0,50.0,0.6095,110.55,4.4792,0.5,0.8997,3.2,42.9,4.34,13.4,69.91,75.175
2024-02-14 00:00:00,0,17,17,2.0,3.0,11.0,1.0,0.0,1.0,8,7,4,1,5,1,96.417,626.0,276.0,3067.0,96.417,3.0,7.78,roster,0,57.0,42.5,0.5429,105.51,4.4418,0.425,0.8997,3.3529,36.46,4.34,13.4,71.31,76.675
2024-02-14 01:00:00,1,22,22,2.0,3.0,12.0,4.0,1.0,1.0,8,8,5,1,6,1,97.417,511.0,292.0,3127.0,97.417,3.0,7.78,roster,0,67.0,55.0,0.6569,118.5,4.8066,0.55,1.0283,3.0455,47.19,5.21,13.4,72.7,78.175
2024-02-14 02:00:00,2,16,16,2.0,4.0,9.0,1.0,0.0,1.0,6,5,5,1,6,1,98.417,571.0,352.0,3187.0,98.417,3.0,7.78,roster,0,55.0,40.0,0.5392,107.03,3.5842,0.4,0.6427,3.4375,34.32,5.21,13.4,74.1,79.675
2024-02-14 03:00:00,3,16,16,2.0,4.0,9.0,1.0,0.0,1.0,4,3,5,1,6,1,99.417,631.0,412.0,3247.0,99.417,3.0,7.78,roster,0,55.0,40.0,0.5392,108.42,2.7005,0.4,0.3856,3.4375,34.32,5.21,13.4,75.49,81.175
2024-02-14 04:00:00,4,16,16,2.0,4.0,9.0,1.0,0.0,1.0,7,6,5,1,6,1,100.417,691.0,472.0,3307.0,100.417,3.0,7.78,roster,0,55.0,40.0,0.5392,109.82,4.026,0.4,0.7712,3.4375,34.32,5.21,13.4,76.89,82.675
2024-02-14 05:00:00,5,19,19,2.0,5.0,10.0,2.0,0.0,1.0,4,4,6,1,7,1,101.417,576.0,323.0,3367.0,101.417,3.0,7.78,roster,0,64.0,47.5,0.6465,118.52,3.3318,0.475,0.5141,3.3684,40.75,6.08,13.4,78.28,84.175
2024-02-14 06:00:00,6,18,18,2.0,6.0,9.0,1.0,0.0,1.0,3,3,7,1,8,1,102.417,614.0,383.0,3427.0,102.417,3.0,7.78,roster,0,63.0,45.0,0.6562,118.63,2.9246,0.45,0.3856,3.5,38.61,6.95,13.4,79.68,85.675
2024-02-14 07:00:00,7,17,17,2.0,7.0,7.0,1.0,0.0,1.0,4,3,8,1,9,1,103.417,652.0,228.0,1046.0,103.417,3.0,7.78,roster,0,61.0,42.5,0.6559,62.0,2.9086,0.425,0.3856,3.5882,36.46,7.81,13.4,24.32,26.15
2024-02-14 08:00:00,8,16,16,2.0,6.0,7.0,1.0,0.0,1.0,2,2,9,1,10,1,104.417,607.5,193.0,1106.0,104.417,3.0,8.03,roster,0,57.0,40.0,0.6333,62.12,2.3123,0.4,0.2491,3.5625,34.32,8.68,13.4,25.71,27.65
2024-02-14 09:00:00,9,17,17,2.0,3.0,8.0,4.0,0.0,1.0,7,7,5,1,6,1,105.417,757.0,253.0,3607.0,105.417,3.0,8.03,roster,0,54.0,42.5,0.5294,118.94,4.119,0.425,0.8717,3.1765,36.46,5.21,13.4,83.86,90.175
2024-02-14 10:00:00,10,31,31,2.0,5.0,20.0,4.0,0.0,1.0,16,16,5,1,6,1,106.417,817.0,182.0,3667.0,106.417,4.0,11.35,roster,0,98.0,77.5,0.7206,150.36,6.9064,0.775,1.4097,3.1613,66.5,5.21,13.4,85.26,91.675
2024-02-14 11:00:00,11,34,34,2.0,4.0,21.0,5.0,2.0,1.0,17,15,4,1,5,1,107.417,114.0,89.0,3727.0,107.417,4.0,11.35,roster,0,101.0,85.0,0.7214,157.32,6.4509,0.85,1.3216,2.9706,72.93,4.34,13.4,86.65,93.175
2024-02-14 12:00:00,12,33,33,2.0,3.0,23.0,4.0,1.0,1.0,13,11,4,1,5,1,63.117,110.0,95.0,149.0,63.117,4.0,11.35,roster,0,100.0,82.5,0.7143,71.99,5.4369,0.825,0.9692,3.0303,70.78,4.34,13.4,3.46,3.725
2024-02-14 13:00:00,13,28,28,3.0,4.0,20.0,1.0,0.0,1.0,9,6,8,1,9,1,64.117,121.0,80.0,170.0,64.117,4.0,11.35,roster,0,93.0,70.0,0.75,65.23,4.0808,0.7,0.5286,3.3214,60.06,7.81,13.4,3.95,4.25
2024-02-14 14:00:00,14,32,32,2.0,5.0,22.0,3.0,0.0,1.0,11,10,9,2,11,2,65.117,146.0,125.0,230.0,65.117,4.0,11.35,roster,0,102.0,80.0,0.8793,90.34,5.3584,0.8,0.8811,3.1875,68.64,9.55,26.8,5.35,5.75
2024-02-14 15:00:00,15,32,32,2.0,4.0,19.0,6.0,1.0,1.0,14,12,6,1,7,1,66.117,241.0,185.0,290.0,66.117,4.0,11.35,roster,0,96.0,80.0,0.7273,74.86,5.5718,0.8,1.0573,3.0,68.64,6.08,13.4,6.74,7.25
2024-02-14 16:00:00,16,35,35,2.0,4.0,21.0,7.0,1.0,1.0,17,14,4,2,6,2,67.117,273.0,134.0,335.0,67.117,4.0,11.35,roster,0,104.0,87.5,0.7647,94.87,6.2652,0.875,1.2335,2.9714,75.08,5.21,26.8,7.79,8.375
2024-02-14 17:00:00,17,35,35,2.0,4.0,22.0,6.0,1.0,1.0,16,14,4,2,6,2,68.117,277.5,125.0,395.0,68.117,4.0,11.35,roster,0,105.0,87.5,0.7721,96.27,6.3254,0.875,1.2335,3.0,75.08,5.21,26.8,9.18,9.875
2024-02-14 18:00:00,18,30,30,1.0,5.0,18.0,3.0,3.0,1.0,14,11,7,1,8,1,8.75,174.5,88.0,421.0,7.583,4.0,11.35,roster,0,88.0,75.0,0.6875,74.48,5.0429,0.75,0.9692,2.9333,64.35,6.95,13.4,9.79,10.525
2024-02-14 19:00:00,19,32,32,1.0,4.0,21.0,5.0,1.0,1.0,11,10,9,1,10,1,9.75,137.5,99.0,245.0,8.017,4.0,11.35,roster,0,95.0,80.0,0.7917,76.42,4.9906,0.8,0.8811,2.9688,68.64,8.68,13.4,5.7,6.125
2024-02-14 20:00:00,20,28,28,0.0,6.0,18.0,3.0,1.0,1.0,14,13,6,1,7,1,10.75,123.0,89.0,305.0,6.233,4.0,11.34,roster,0,85.0,70.0,0.6439,66.63,5.6051,0.7,1.1464,3.0357,60.06,6.08,13.4,7.09,7.625
2024-02-14 21:00:00,21,37,37,0.0,8.0,21.0,8.0,0.0,1.0,15,15,6,1,7,1,11.75,183.0,149.0,365.0,7.233,4.0,11.34,roster,0,111.0,92.5,0.8409,87.33,6.7433,0.925,1.3228,3.0,79.36,6.08,13.4,8.49,9.125
2024-02-14 22:00:00,22,33,33,0.0,6.0,20.0,7.0,0.0,1.0,9,9,7,0,7,0,8.233,209.0,116.0,243.0,8.233,3.0,8.02,roster,0,98.0,82.5,0.9899,62.51,5.7826,0.825,1.1222,2.9697,70.78,6.08,0.0,5.65,6.075
2024-02-14 23:00:00,23,33,33,0.0,4.0,25.0,4.0,0.0,1.0,11,12,10,0,10,0,9.233,220.5,105.0,287.0,9.233,3.0,8.02,roster,0,99.0,82.5,1.1,66.14,6.9638,0.825,1.4963,3.0,70.78,8.68,0.0,6.67,7.175
2024-02-15 00:00:00,0,27,27,0.0,2.0,21.0,4.0,0.0,1.0,12,12,9,1,10,1,10.233,280.5,120.0,347.0,10.233,3.0,8.02,roster,0,79.0,67.5,0.8778,68.07,6.3529,0.675,1.4963,2.9259,57.92,8.68,13.4,8.07,8.675
2024-02-15 01:00:00,1,24,24,0.0,2.0,18.0,4.0,0.0,1.0,7,7,10,1,11,1,11.233,296.0,144.0,407.0,11.233,3.0,8.02,roster,0,70.0,60.0,0.8046,63.89,4.2957,0.6,0.8728,2.9167,51.48,9.55,13.4,9.46,10.175
2024-02-15 02:00:00,2,24,24,0.0,2.0,20.0,2.0,0.0,1.0,7,6,11,1,12,1,12.233,304.0,204.0,467.0,12.233,3.0,8.02,roster,0,72.0,60.0,0.8571,66.16,4.0444,0.6,0.7481,3.0,51.48,10.42,13.4,10.86,11.675
2024-02-15 03:00:00,3,26,26,1.0,2.0,22.0,1.0,0.0,1.0,5,5,12,1,13,1,13.233,312.0,256.0,509.0,13.233,3.0,8.02,roster,0,81.0,65.0,1.0,72.29,3.9673,0.65,0.6234,3.1154,55.77,11.29,13.4,11.83,12.725
2024-02-15 04:00:00,4,25,25,1.0,2.0,20.0,2.0,0.0,1.0,2,2,15,0,15,0,14.233,360.0,150.0,569.0,14.233,3.0,8.02,roster,0,77.0,62.5,1.0267,59.88,2.6931,0.625,0.2494,3.08,53.62,13.02,0.0,13.23,14.225
2024-02-15 05:00:00,5,26,26,1.0,2.0,22.0,1.0,0.0,1.0,5,5,14,0,14,0,15.233,426.0,294.0,629.0,15.233,3.0,8.02,roster,0,81.0,65.0,1.0385,62.55,3.9673,0.65,0.6234,3.1154,55.77,12.16,0.0,14.62,15.725
2024-02-15 06:00:00,6,22,22,1.0,2.0,18.0,1.0,0.0,1.0,1,1,14,0,14,0,16.233,486.0,354.0,689.0,16.233,3.0,8.02,roster,0,69.0,55.0,0.8846,55.37,2.1161,0.55,0.1247,3.1364,47.19,12.16,0.0,16.02,17.225
2024-02-15 07:00:00,7,23,23,2.0,2.0,18.0,1.0,0.0,1.0,4,3,14,0,14,0,17.233,546.0,414.0,749.0,17.233,3.0,8.02,roster,0,74.0,57.5,0.9487,58.91,3.0535,0.575,0.3741,3.2174,49.33,12.16,0.0,17.41,18.725
2024-02-15 08:00:00,8,24,24,1.0,4.0,18.0,1.0,0.0,1.0,4,4,14,0,14,0,18.233,606.0,474.0,809.0,18.233,3.0,6.55,roster,0,77.0,60.0,0.9872,62.45,3.8843,0.6,0.6107,3.2083,51.48,12.16,0.0,18.81,20.225
2024-02-15 09:00:00,9,27,27,2.0,4.0,20.0,1.0,0.0,1.0,8,8,13,0,13,0,15.05,624.0,450.0,865.0,15.05,3.0,6.55,roster,0,88.0,67.5,1.0864,69.31,6.1808,0.675,1.2214,3.2593,57.92,11.29,0.0,20.11,21.625
2024-02-15 10:00:00,10,33,33,2.0,4.0,26.0,1.0,0.0,1.0,11,11,11,1,12,1,16.05,607.5,466.0,925.0,16.05,4.0,9.89,roster,0,106.0,82.5,0.9464,96.11,6.2226,0.825,1.1122,3.2121,70.78,10.42,13.4,21.51,23.125
2024-02-15 11:00:00,11,33,33,0.0,3.0,28.0,2.0,0.0,1.0,13,12,9,1,10,1,16.417,319.5,85.0,681.0,16.417,4.0,9.89,roster,0,100.0,82.5,0.8333,88.7,6.1768,0.825,1.2133,3.0303,70.78,8.68,13.4,15.83,17.025
2024-02-15 12:00:00,12,32,32,0.0,3.0,26.0,3.0,0.0,1.0,7,7,9,2,11,2,14.2,175.0,127.0,714.0,14.2,4.0,9.89,roster,0,96.0,80.0,0.8276,101.59,4.5234,0.8,0.7078,3.0,68.64,9.55,26.8,16.6,17.85
2024-02-15 13:00:00,13,26,26,0.0,3.0,21.0,2.0,0.0,1.0,6,5,7,1,8,1,13.35,160.0,131.0,235.0,13.35,4.0,9.89,roster,0,79.0,65.0,0.6172,61.58,3.5111,0.65,0.5056,3.0385,55.77,6.95,13.4,5.46,5.875
2024-02-15 14:00:00,14,30,30,1.0,4.0,22.0,3.0,0.0,1.0,10,9,7,2,9,2,14.35,129.0,106.0,193.0,14.35,4.0,9.89,roster,0,93.0,75.0,0.75,83.45,5.146,0.75,0.91,3.1,64.35,7.81,26.8,4.49,4.825
2024-02-15 15:00:00,15,31,31,1.0,4.0,23.0,3.0,0.0,1.0,10,9,5,2,7,2,8.667,166.0,92.0,253.0,5.383,4.0,9.89,roster,0,96.0,77.5,0.7273,85.26,5.2181,0.775,0.91,3.0968,66.5,6.08,26.8,5.88,6.325
2024-02-15 16:00:00,16,36,36,2.0,4.0,27.0,2.0,1.0,1.0,11,10,8,2,10,2,9.667,175.5,92.0,241.0,6.383,4.0,9.89,roster,0,112.0,90.0,0.9333,98.31,5.9457,0.9,1.0111,3.1111,77.22,8.68,26.8,5.6,6.025
2024-02-15 17:00:00,17,38,38,2.0,6.0,27.0,2.0,1.0,1.0,8,8,11,2,13,2,9.367,184.0,148.0,286.0,7.383,4.0,9.89,roster,0,120.0,95.0,1.1111,106.25,5.5544,0.95,0.8089,3.1579,81.51,11.29,26.8,6.65,7.15
2024-02-15 18:00:00,18,31,31,1.0,6.0,21.0,2.0,1.0,1.0,1,1,13,2,15,2,10.367,211.0,149.0,319.0,8.383,4.0,9.89,roster,0,97.0,77.5,0.97,93.74,2.7414,0.775,0.1011,3.129,66.5,13.02,26.8,7.42,7.975
2024-02-15 19:00:00,19,30,30,1.0,6.0,20.0,2.0,1.0,1.0,7,7,11,0,11,0,9.383,268.0,156.0,304.0,9.383,4.0,9.89,roster,0,94.0,75.0,0.8103,60.97,4.5677,0.75,0.7078,3.1333,64.35,9.55,0.0,7.07,7.6
2024-02-15 20:00:00,20,33,33,1.0,5.0,23.0,3.0,1.0,1.0,14,13,11,0,11,0,9.45,216.0,108.0,332.0,6.533,4.0,10.57,roster,0,101.0,82.5,0.8707,68.06,6.2892,0.825,1.2299,3.0606,70.78,9.55,0.0,7.72,8.3
2024-02-15 21:00:00,21,30,30,1.0,6.0,21.0,1.0,1.0,1.0,12,11,10,0,10,0,10.267,293.0,112.0,392.0,7.533,4.0,10.57,roster,0,95.0,75.0,0.7917,62.15,5.6705,0.75,1.0407,3.1667,64.35,8.68,0.0,9.11,9.8
2024-02-15 22:00:00,22,33,33,0.0,6.0,25.0,1.0,1.0,1.0,14,13,8,1,9,1,11.267,199.0,133.0,400.0,7.533,3.0,7.23,roster,0,102.0,82.5,1.0968,81.3,8.1077,0.825,1.7981,3.0909,70.78,7.81,13.4,9.3,10.0
2024-02-15 23:00:00,23,27,27,0.0,5.0,21.0,0.0,1.0,1.0,7,6,10,0,10,0,8.533,240.5,170.0,460.0,8.533,3.0,7.23,roster,0,84.0,67.5,0.9333,57.29,4.6818,0.675,0.8299,3.1111,57.92,8.68,0.0,10.7,11.5
2024-02-16 00:00:00,0,25,25,0.0,4.0,20.0,0.0,1.0,1.0,4,3,9,0,9,0,9.533,319.0,230.0,520.0,9.533,3.0,7.23,roster,0,77.0,62.5,0.828,53.53,3.203,0.625,0.4149,3.08,53.62,7.81,0.0,12.09,13.0
2024-02-16 01:00:00,1,27,27,0.0,5.0,19.0,2.0,1.0,1.0,8,7,9,0,9,0,10.533,379.0,290.0,580.0,10.533,3.0,7.23,roster,0,82.0,67.5,0.8817,59.21,4.9904,0.675,0.9682,3.037,57.92,7.81,0.0,13.49,14.5
2024-02-16 02:00:00,2,22,22,0.0,5.0,15.0,1.0,1.0,1.0,1,1,10,1,11,1,11.533,373.0,246.0,640.0,11.533,3.0,7.23,roster,0,68.0,55.0,0.7816,65.02,2.1275,0.55,0.1383,3.0909,47.19,9.55,13.4,14.88,16.0
2024-02-16 03:00:00,3,24,24,0.0,6.0,16.0,1.0,1.0,1.0,3,3,10,1,11,1,12.533,433.0,306.0,700.0,12.533,3.0,7.23,roster,0,75.0,60.0,0.8621,70.71,3.1717,0.6,0.4149,3.125,51.48,9.55,13.4,16.28,17.5
2024-02-16 04:00:00,4,26,26,0.0,6.0,17.0,2.0,1.0,1.0,3,3,10,1,11,1,13.533,493.0,366.0,760.0,13.533,3.0,7.23,roster,0,80.0,65.0,0.9195,76.39,3.2767,0.65,0.4149,3.0769,55.77,9.55,13.4,17.67,19.0
2024-02-16 05:00:00,5,22,22,0.0,6.0,14.0,1.0,1.0,1.0,2,1,10,1,11,1,14.533,553.0,426.0,820.0,14.533,3.0,7.23,roster,0,69.0,55.0,0.7931,69.21,2.1588,0.55,0.1383,3.1364,47.19,9.55,13.4,19.07,20.5
2024-02-16 06:00:00,6,22,22,0.0,6.0,13.0,2.0,1.0,1.0,2,2,10,1,11,1,15.533,613.0,486.0,880.0,15.533,3.0,7.23,roster,0,68.0,55.0,0.7816,70.6,2.555,0.55,0.2766,3.0909,47.19,9.55,13.4,20.46,22.0
2024-02-16 07:00:00,7,22,22,0.0,6.0,12.0,3.0,1.0,1.0,2,2,11,1,12,1,16.533,661.5,546.0,940.0,16.533,3.0,7.23,roster,0,67.0,55.0,0.7976,72.86,2.5174,0.55,0.2766,3.0455,47.19,10.42,13.4,21.86,23.5
2024-02-16 08:00:00,8,20,20,0.0,5.0,12.0,2.0,1.0,1.0,4,2,11,1,12,1,17.533,721.5,606.0,1000.0,17.533,3.0,7.76,roster,0,61.0,50.0,0.7262,69.97,2.3111,0.5,0.2577,3.05,42.9,10.42,13.4,23.25,25.0
2024-02-16 09:00:00,9,25,25,0.0,6.0,16.0,2.0,1.0,1.0,7,7,9,1,10,1,18.533,781.5,525.0,1060.0,18.533,3.0,7.76,roster,0,77.0,62.5,0.8556,80.35,4.7034,0.625,0.9021,3.08,53.62,8.68,13.4,24.64,26.5
2024-02-16 10:00:00,10,24,24,0.0,8.0,14.0,1.0,1.0,1.0,8,7,9,1,10,1,19.533,789.5,243.0,1120.0,19.533,4.0,11.46,roster,0,77.0,60.0,0.6417,79.6,3.8847,0.6,0.6108,3.2083,51.48,8.68,13.4,26.04,28.0
2024-02-16 11:00:00,11,28,28,0.0,7.0,18.0,2.0,1.0,1.0,12,10,10,2,12,2,20.533,715.5,166.0,1180.0,20.533,4.0,11.46,roster,0,87.0,70.0,0.7768,104.71,4.8863,0.7,0.8726,3.1071,60.06,10.42,26.8,27.44,29.5
2024-02-16 12:00:00,12,29,29,0.0,6.0,22.0,1.0,0.0,1.0,12,13,9,1,10,1,21.533,193.5,109.0,846.0,21.533,4.0,11.46,roster,0,92.0,72.5,0.7667,83.96,5.8987,0.725,1.1344,3.1724,62.2,8.68,13.4,19.67,21.15
2024-02-16 13:00:00,13,28,28,1.0,6.0,20.0,1.0,0.0,1.0,6,6,11,1,12,1,17.75,146.0,116.0,277.0,15.1,4.0,11.46,roster,0,91.0,70.0,0.8125,70.32,3.9766,0.7,0.5236,3.25,60.06,10.42,13.4,6.44,6.925
2024-02-16 14:00:00,14,31,31,1.0,6.0,24.0,0.0,0.0,1.0,10,10,12,1,13,1,5.767,180.0,164.0,244.0,5.767,4.0,11.46,roster,0,101.0,77.5,0.9352,76.86,5.368,0.775,0.8726,3.2581,66.5,11.29,13.4,5.67,6.1
2024-02-16 15:00:00,15,36,36,1.0,9.0,25.0,1.0,0.0,1.0,14,14,13,1,14,1,6.767,230.0,115.0,304.0,6.767,4.0,11.46,roster,0,118.0,90.0,1.1346,89.84,6.9543,0.9,1.2216,3.2778,77.22,12.16,13.4,7.07,7.6
2024-02-16 16:00:00,16,33,33,0.0,8.0,25.0,0.0,0.0,1.0,8,9,11,4,15,4,7.767,151.0,96.0,349.0,7.767,4.0,11.46,roster,0,107.0,82.5,1.07,125.52,5.2214,0.825,0.7853,3.2424,70.78,13.02,53.6,8.11,8.725
2024-02-16 17:00:00,17,32,32,0.0,9.0,21.0,2.0,0.0,1.0,6,4,13,4,17,4,8.767,204.0,130.0,363.0,8.767,4.0,11.46,roster,0,103.0,80.0,1.1196,125.44,3.6985,0.8,0.349,3.2188,68.64,14.76,53.6,8.44,9.075
2024-02-16 18:00:00,18,31,31,0.0,9.0,20.0,2.0,0.0,1.0,4,4,14,4,18,4,9.767,243.5,187.0,423.0,9.767,4.0,11.46,roster,0,100.0,77.5,1.1364,125.56,3.6259,0.775,0.349,3.2258,66.5,15.63,53.6,9.83,10.575
2024-02-16 19:00:00,19,31,31,1.0,9.0,17.0,4.0,0.0,1.0,9,9,11,4,15,4,10.767,331.0,247.0,529.0,10.767,4.0,11.46,roster,0,100.0,77.5,1.0,125.42,5.0334,0.775,0.7853,3.2258,66.5,13.02,53.6,12.3,13.225
2024-02-16 20:00:00,20,29,29,1.0,6.0,18.0,4.0,0.0,1.0,10,9,11,3,14,3,11.767,325.0,116.0,536.0,11.767,4.0,10.88,roster,0,91.0,72.5,0.875,107.02,4.8707,0.725,0.8272,3.1379,62.2,12.16,40.2,12.46,13.4
2024-02-16 21:00:00,21,31,31,1.0,4.0,21.0,5.0,0.0,1.0,13,10,9,2,11,2,11.833,316.0,162.0,596.0,11.833,4.0,10.88,roster,0,94.0,77.5,0.8103,96.7,5.137,0.775,0.9191,3.0323,66.5,9.55,26.8,13.86,14.9
2024-02-16 22:00:00,22,24,24,0.0,5.0,17.0,2.0,0.0,1.0,9,5,6,2,8,2,12.833,553.5,363.0,724.0,12.833,3.0,7.18,roster,0,75.0,60.0,0.7812,82.06,4.0512,0.6,0.6964,3.125,51.48,6.95,26.8,16.83,18.1
2024-02-16 23:00:00,23,21,21,0.0,5.0,14.0,2.0,0.0,1.0,8,6,6,2,8,2,13.833,473.0,245.0,716.0,13.833,3.0,7.18,roster,0,66.0,52.5,0.6875,75.44,4.2763,0.525,0.8357,3.1429,45.04,6.95,26.8,16.65,17.9
2024-02-17 00:00:00,0,21,21,0.0,4.0,14.0,3.0,0.0,1.0,8,7,7,2,9,2,14.833,483.0,197.0,764.0,14.833,3.0,7.18,roster,0,64.0,52.5,0.6882,77.42,4.5712,0.525,0.9749,3.0476,45.04,7.81,26.8,17.76,19.1
2024-02-17 01:00:00,1,20,20,0.0,5.0,13.0,2.0,0.0,1.0,4,4,8,2,10,2,15.833,454.0,236.0,824.0,15.833,3.0,7.18,roster,0,63.0,50.0,0.7,77.54,3.3299,0.5,0.5571,3.15,42.9,8.68,26.8,19.16,20.6
2024-02-17 02:00:00,2,21,21,1.0,4.0,15.0,1.0,0.0,1.0,5,5,8,1,9,1,16.833,425.0,296.0,884.0,16.833,3.0,7.18,roster,0,68.0,52.5,0.7312,66.81,3.9549,0.525,0.6964,3.2381,45.04,7.81,13.4,20.55,22.1
2024-02-17 03:00:00,3,23,23,1.0,4.0,16.0,2.0,0.0,1.0,7,7,7,2,9,2,17.833,485.0,356.0,944.0,17.833,3.0,7.18,roster,0,73.0,57.5,0.7849,85.9,4.9193,0.575,0.9749,3.1739,49.33,7.81,26.8,21.95,23.6
2024-02-17 04:00:00,4,25,25,0.0,3.0,19.0,3.0,0.0,1.0,5,5,9,1,10,1,18.833,491.0,346.0,1004.0,18.833,3.0,7.18,roster,0,75.0,62.5,0.8333,79.05,3.9641,0.625,0.6964,3.0,53.62,8.68,13.4,23.34,25.1
2024-02-17 05:00:00,5,19,19,0.0,3.0,14.0,2.0,0.0,1.0,1,0,10,1,11,1,19.833,497.0,176.0,1064.0,19.833,3.0,7.18,roster,0,58.0,47.5,0.6667,68.44,1.45,0.475,0.0,3.0526,40.75,9.55,13.4,24.74,26.6
2024-02-17 06:00:00,6,19,19,0.0,3.0,14.0,2.0,0.0,1.0,1,1,10,1,11,1,20.833,557.0,236.0,1124.0,20.833,3.0,7.18,roster,0,58.0,47.5,0.6667,69.84,1.8752,0.475,0.1393,3.0526,40.75,9.55,13.4,26.13,28.1
2024-02-17 07:00:00,7,17,17,0.0,4.0,12.0,1.0,0.0,1.0,2,2,8,1,9,1,21.833,725.0,596.0,1184.0,21.833,3.0,7.18,roster,0,54.0,42.5,0.5806,65.21,2.2348,0.425,0.2786,3.1765,36.46,7.81,13.4,27.53,29.6
2024-02-17 08:00:00,8,21,21,0.0,3.0,17.0,1.0,0.0,1.0,6,6,8,1,9,1,22.833,785.0,656.0,1244.0,22.833,3.0,6.3,roster,0,65.0,52.5,0.6989,75.18,4.5728,0.525,0.9524,3.0952,45.04,7.81,13.4,28.92,31.1
2024-02-17 09:00:00,9,21,21,0.0,5.0,16.0,0.0,0.0,1.0,8,6,6,1,7,1,23.833,845.0,646.0,1316.0,23.833,3.0,6.3,roster,0,68.0,52.5,0.6869,75.12,4.7839,0.525,0.9524,3.2381,45.04,6.08,13.4,30.6,32.9
2024-02-17 10:00:00,10,20,20,0.0,4.0,16.0,0.0,0.0,1.0,5,5,7,2,9,2,24.833,776.0,408.0,1083.0,24.833,4.0,9.64,roster,0,64.0,50.0,0.5161,82.69,3.2598,0.5,0.5187,3.2,42.9,7.81,26.8,25.18,27.075
2024-02-17 11:00:00,11,27,27,0.0,7.0,20.0,0.0,0.0,1.0,16,15,6,2,8,2,25.833,130.5,104.0,1143.0,25.833,4.0,9.64,roster,0,88.0,67.5,0.6875,98.24,7.2715,0.675,1.556,3.2593,57.92,6.95,26.8,26.57,28.575
2024-02-17 12:00:00,12,28,28,0.0,8.0,20.0,0.0,0.0,1.0,12,11,7,3,10,3,26.833,131.0,109.0,187.0,26.833,4.0,9.64,roster,0,92.0,70.0,0.7667,93.29,6.0493,0.7,1.1411,3.2857,60.06,8.68,40.2,4.35,4.675
2024-02-17 13:00:00,13,27,27,1.0,8.0,18.0,0.0,0.0,1.0,8,8,4,3,7,3,27.833,169.0,130.0,247.0,27.833,4.0,9.64,roster,0,91.0,67.5,0.6894,89.94,5.072,0.675,0.8299,3.3704,57.92,6.08,40.2,5.74,6.175
2024-02-17 14:00:00,14,29,29,1.0,7.0,17.0,2.0,2.0,1.0,10,9,5,4,9,4,28.833,196.0,178.0,237.0,28.833,4.0,9.64,roster,0,90.0,72.5,0.7258,109.13,5.1474,0.725,0.9336,3.1034,62.2,7.81,53.6,5.51,5.925
2024-02-17 15:00:00,15,30,30,1.0,6.0,21.0,0.0,2.0,1.0,12,13,6,3,9,3,16.45,238.0,136.0,289.0,6.117,4.0,9.64,roster,0,94.0,75.0,0.7581,99.08,6.5754,0.75,1.3485,3.1333,64.35,7.81,40.2,6.72,7.225
2024-02-17 16:00:00,16,34,34,1.0,9.0,23.0,1.0,0.0,1.0,8,8,8,3,11,3,17.45,196.0,93.0,349.0,7.117,4.0,9.64,roster,0,112.0,85.0,0.9655,110.8,5.5337,0.85,0.8299,3.2941,72.93,9.55,40.2,8.11,8.725
2024-02-17 17:00:00,17,38,38,1.0,9.0,23.0,5.0,0.0,1.0,13,13,8,4,12,4,18.45,236.5,153.0,409.0,8.117,4.0,9.64,roster,0,120.0,95.0,1.0714,135.04,7.2586,0.95,1.3485,3.1579,81.51,10.42,53.6,9.51,10.225
2024-02-17 18:00:00,18,41,41,1.0,9.0,24.0,7.0,0.0,1.0,10,9,12,4,16,4,19.45,208.5,115.0,353.0,9.117,4.0,9.64,roster,0,127.0,102.5,1.3229,143.65,6.0669,1.025,0.9336,3.0976,87.94,13.89,53.6,8.21,8.825
2024-02-17 19:00:00,19,27,27,0.0,6.0,15.0,6.0,0.0,1.0,4,4,9,2,11,2,10.117,175.0,132.0,478.0,10.117,4.0,9.64,roster,0,81.0,67.5,0.6983,85.38,3.2698,0.675,0.4149,3.0,57.92,9.55,26.8,11.11,11.95
2024-02-17 20:00:00,20,31,31,0.0,7.0,15.0,9.0,0.0,1.0,13,11,7,2,9,2,11.117,209.0,192.0,538.0,11.117,4.0,9.97,roster,0,91.0,77.5,0.7339,93.62,5.5137,0.775,1.1033,2.9355,66.5,7.81,26.8,12.51,13.45
2024-02-17 21:00:00,21,34,34,0.0,7.0,17.0,10.0,0.0,1.0,13,12,9,2,11,2,12.117,264.0,96.0,598.0,12.117,4.0,9.97,roster,0,99.0,85.0,0.8534,103.18,5.9796,0.85,1.2036,2.9118,72.93,9.55,26.8,13.9,14.95
2024-02-17 22:00:00,22,29,29,0.0,4.0,14.0,11.0,0.0,1.0,12,11,6,2,8,2,13.117,234.0,151.0,709.0,13.117,3.0,6.63,roster,0,80.0,72.5,0.8333,92.44,6.5769,0.725,1.6591,2.7586,62.2,6.95,26.8,16.48,17.725
2024-02-17 23:00:00,23,25,25,0.0,2.0,15.0,8.0,0.0,1.0,10,10,5,1,6,1,12.817,213.5,200.0,372.0,12.817,3.0,6.63,roster,0,69.0,62.5,0.6765,60.88,5.8879,0.625,1.5083,2.76,53.62,5.21,13.4,8.65,9.3
2024-02-18 00:00:00,0,17,17,1.0,2.0,11.0,3.0,0.0,1.0,3,3,5,1,6,1,13.817,273.5,260.0,432.0,13.817,3.0,6.63,roster,0,52.0,42.5,0.5098,45.12,2.6841,0.425,0.4525,3.0588,36.46,5.21,13.4,10.04,10.8
2024-02-18 01:00:00,1,22,22,1.0,3.0,15.0,3.0,0.0,1.0,8,8,5,2,7,2,14.817,331.0,245.0,492.0,14.817,3.0,6.63,roster,0,68.0,55.0,0.6869,71.51,5.4296,0.55,1.2066,3.0909,47.19,6.08,26.8,11.44,12.3
2024-02-18 02:00:00,2,21,21,0.0,5.0,14.0,2.0,0.0,1.0,5,5,6,1,7,1,15.817,391.0,305.0,552.0,15.817,3.0,6.63,roster,0,66.0,52.5,0.6667,57.36,4.0202,0.525,0.7541,3.1429,45.04,6.08,13.4,12.83,13.8
2024-02-18 03:00:00,3,21,21,0.0,6.0,13.0,2.0,0.0,1.0,7,5,7,1,8,1,16.817,445.5,365.0,612.0,16.817,3.0,6.63,roster,0,67.0,52.5,0.6979,59.62,4.0811,0.525,0.7541,3.1905,45.04,6.95,13.4,14.23,15.3
2024-02-18 04:00:00,4,22,22,0.0,7.0,13.0,2.0,0.0,1.0,4,4,7,1,8,1,17.817,505.5,425.0,672.0,17.817,3.0,6.63,roster,0,71.0,55.0,0.7396,63.16,3.7221,0.55,0.6033,3.2273,47.19,6.95,13.4,15.62,16.8
2024-02-18 05:00:00,5,24,24,0.0,7.0,15.0,2.0,0.0,1.0,5,4,7,1,8,1,18.817,565.5,485.0,732.0,18.817,3.0,6.63,roster,0,77.0,60.0,0.8021,68.85,3.8606,0.6,0.6033,3.2083,51.48,6.95,13.4,17.02,18.3
2024-02-18 06:00:00,6,26,26,0.0,7.0,17.0,2.0,0.0,1.0,5,4,9,1,10,1,19.817,582.5,273.0,636.0,19.817,3.0,6.63,roster,0,83.0,65.0,0.9222,72.64,4.001,0.65,0.6033,3.1923,55.77,8.68,13.4,14.79,15.9
2024-02-18 07:00:00,7,22,22,1.0,6.0,12.0,3.0,0.0,1.0,2,2,10,1,11,1,20.817,605.0,175.0,696.0,20.817,3.0,6.63,roster,0,71.0,55.0,0.8161,66.32,2.7485,0.55,0.3017,3.2273,47.19,9.55,13.4,16.18,17.4
2024-02-18 08:00:00,8,21,21,0.0,5.0,12.0,4.0,0.0,1.0,3,3,10,1,11,1,21.817,665.0,235.0,756.0,21.817,3.0,6.42,roster,0,64.0,52.5,0.7356,65.57,3.0241,0.525,0.4673,3.0476,45.04,9.55,13.4,17.58,18.9
2024-02-18 09:00:00,9,25,25,0.0,4.0,14.0,7.0,0.0,1.0,9,8,9,1,10,1,22.817,589.0,182.0,816.0,22.817,3.0,6.42,roster,0,72.0,62.5,0.8,74.68,5.3888,0.625,1.2461,2.88,53.62,8.68,13.4,18.97,20.4
2024-02-18 10:00:00,10,26,26,0.0,4.0,17.0,5.0,0.0,1.0,7,6,9,1,10,1,23.817,649.0,242.0,876.0,23.817,4.0,9.78,roster,0,77.0,65.0,0.6417,78.22,3.7419,0.65,0.6135,2.9615,55.77,8.68,13.4,20.37,21.9
2024-02-18 11:00:00,11,30,30,0.0,4.0,19.0,7.0,0.0,1.0,12,10,6,1,7,1,24.817,845.0,209.0,936.0,24.817,4.0,9.78,roster,0,87.0,75.0,0.6591,85.59,5.1402,0.75,1.0225,2.9,64.35,6.08,13.4,21.76,23.4
2024-02-18 12:00:00,12,33,33,0.0,5.0,22.0,6.0,0.0,1.0,15,12,6,1,7,1,25.817,905.0,73.0,996.0,25.817,4.0,9.78,roster,0,98.0,82.5,0.7424,93.42,6.0938,0.825,1.227,2.9697,70.78,6.08,13.4,23.16,24.9
2024-02-18 13:00:00,13,29,29,0.0,6.0,21.0,2.0,0.0,1.0,12,10,6,1,7,1,26.817,311.0,109.0,1056.0,26.817,4.0,9.78,roster,0,91.0,72.5,0.6894,86.24,5.4835,0.725,1.0225,3.1379,62.2,6.08,13.4,24.55,26.4
2024-02-18 14:00:00,14,24,24,0.0,4.0,19.0,1.0,0.0,1.0,10,8,6,1,7,1,27.817,147.0,91.0,1025.0,27.817,4.0,9.78,roster,0,75.0,60.0,0.5682,74.79,4.4312,0.6,0.818,3.125,51.48,6.08,13.4,23.83,25.625
2024-02-18 15:00:00,15,33,33,0.0,7.0,22.0,4.0,0.0,1.0,16,16,8,1,9,1,28.817,151.0,115.0,431.0,28.817,4.0,9.78,roster,0,102.0,82.5,0.8226,82.02,7.6067,0.825,1.636,3.0909,70.78,7.81,13.4,10.02,10.775
2024-02-18 16:00:00,16,34,34,0.0,8.0,24.0,2.0,0.0,1.0,7,6,13,1,14,1,29.817,167.0,81.0,267.0,29.817,4.0,9.78,roster,0,108.0,85.0,1.0385,84.69,4.6488,0.85,0.6135,3.1765,72.93,12.16,13.4,6.21,6.675
2024-02-18 17:00:00,17,36,36,0.0,7.0,26.0,3.0,0.0,1.0,14,11,11,2,13,2,30.817,235.0,137.0,327.0,30.817,4.0,9.78,roster,0,112.0,90.0,1.037,102.91,6.2992,0.9,1.1247,3.1111,77.22,11.29,26.8,7.6,8.175
2024-02-18 18:00:00,18,35,35,1.0,6.0,25.0,3.0,0.0,1.0,8,6,15,2,17,2,31.817,201.0,162.0,331.0,31.817,4.0,9.78,roster,0,110.0,87.5,1.1957,104.33,4.6781,0.875,0.6135,3.1429,75.08,14.76,26.8,7.7,8.275
2024-02-18 19:00:00,19,38,38,1.0,6.0,24.0,6.0,1.0,1.0,15,13,15,2,17,2,32.817,257.0,179.0,391.0,32.817,4.0,9.78,roster,0,114.0,95.0,1.2391,112.16,6.8377,0.95,1.3292,3.0,81.51,14.76,26.8,9.09,9.775
2024-02-18 20:00:00,20,30,30,1.0,4.0,20.0,3.0,2.0,1.0,10,7,13,1,14,1,22.45,313.0,239.0,430.0,12.183,4.0,10.55,roster,0,89.0,75.0,0.8558,79.9,4.1934,0.75,0.6635,2.9667,64.35,12.16,13.4,10.0,10.75
2024-02-18 21:00:00,21,40,40,1.0,5.0,22.0,9.0,3.0,1.0,16,13,14,1,15,1,23.45,369.0,260.0,490.0,13.183,4.0,10.55,roster,0,112.0,100.0,1.12,103.62,6.2502,1.0,1.2322,2.8,85.8,13.02,13.4,11.39,12.25
2024-02-18 22:00:00,22,42,42,1.0,6.0,26.0,8.0,1.0,1.0,15,14,15,1,16,1,24.45,425.5,320.0,550.0,14.183,3.0,7.19,roster,0,124.0,105.0,1.7222,110.17,8.8487,1.05,1.9471,2.9524,90.09,13.89,13.4,12.79,13.75
2024-02-18 23:00:00,23,33,33,1.0,6.0,21.0,4.0,1.0,1.0,4,5,18,1,19,1,24.95,462.0,195.0,595.0,15.183,3.0,7.19,roster,0,101.0,82.5,1.6032,94.52,4.6534,0.825,0.6954,3.0606,70.78,16.5,13.4,13.83,14.875
2024-02-19 00:00:00,0,32,32,1.0,6.0,22.0,2.0,1.0,1.0,6,5,19,1,20,1,25.95,500.5,255.0,655.0,16.183,3.0,7.19,roster,0,100.0,80.0,1.6667,94.63,4.6732,0.8,0.6954,3.125,68.64,17.37,13.4,15.23,16.375
2024-02-19 01:00:00,1,38,38,1.0,7.0,24.0,5.0,1.0,1.0,10,8,19,1,20,1,26.95,560.5,315.0,715.0,17.183,3.0,7.19,roster,0,116.0,95.0,1.9333,108.9,6.2965,0.95,1.1127,3.0526,81.51,17.37,13.4,16.62,17.875
2024-02-19 02:00:00,2,32,32,1.0,9.0,19.0,2.0,1.0,1.0,4,3,20,2,22,2,27.95,579.5,290.0,681.0,18.183,3.0,7.19,roster,0,103.0,80.0,1.9074,110.38,3.918,0.8,0.4172,3.2188,68.64,19.1,26.8,15.83,17.025
2024-02-19 03:00:00,3,30,30,1.0,9.0,17.0,2.0,1.0,1.0,2,2,20,2,22,2,28.95,639.5,350.0,741.0,19.183,3.0,7.19,roster,0,97.0,75.0,1.7963,107.48,3.3244,0.75,0.2782,3.2333,64.35,19.1,26.8,17.23,18.525
2024-02-19 04:00:00,4,37,37,2.0,9.0,19.0,5.0,2.0,1.0,8,8,20,2,22,2,29.95,699.5,410.0,801.0,20.183,3.0,7.19,roster,0,115.0,92.5,2.1296,123.89,6.3333,0.925,1.1127,3.1081,79.36,19.1,26.8,18.62,20.025
2024-02-19 05:00:00,5,34,34,2.0,8.0,18.0,5.0,1.0,1.0,0,0,22,2,24,2,30.95,739.0,422.0,861.0,21.183,3.0,7.19,roster,0,107.0,85.0,2.2292,120.59,2.675,0.85,0.0,3.1471,72.93,20.84,26.8,20.02,21.525
2024-02-19 06:00:00,6,37,37,2.0,7.0,24.0,3.0,1.0,1.0,6,6,22,2,24,2,31.95,799.0,482.0,921.0,22.183,3.0,7.19,roster,0,117.0,92.5,2.4375,128.42,5.5638,0.925,0.8345,3.1622,79.36,20.84,26.8,21.41,23.025
2024-02-19 07:00:00,7,37,37,2.0,7.0,24.0,3.0,1.0,1.0,3,2,23,2,25,2,32.95,858.0,540.0,977.0,23.183,3.0,7.19,roster,0,117.0,92.5,2.6,130.59,3.8046,0.925,0.2782,3.1622,79.36,21.71,26.8,22.72,24.425
2024-02-19 08:00:00,8,40,40,3.0,9.0,25.0,2.0,1.0,1.0,5,5,23,2,25,2,33.95,918.0,600.0,1037.0,24.183,3.0,7.68,roster,0,131.0,100.0,2.9111,138.42,5.4072,1.0,0.651,3.275,85.8,21.71,26.8,24.11,25.925
2024-02-19 09:00:00,9,48,48,3.0,9.0,33.0,3.0,0.0,1.0,11,11,22,3,25,3,34.95,978.0,462.0,1097.0,25.183,3.0,7.68,roster,0,156.0,120.0,3.4667,170.37,8.5549,1.2,1.4323,3.25,102.96,21.71,40.2,25.51,27.425
2024-02-19 10:00:00,10,55,55,3.0,10.0,40.0,2.0,0.0,1.0,11,11,21,3,24,3,35.95,1020.5,522.0,1161.0,26.183,4.0,10.93,roster,0,179.0,137.5,2.7969,186.01,7.7504,1.375,1.0064,3.2545,117.98,20.84,40.2,26.99,29.025
2024-02-19 11:00:00,11,49,49,3.0,7.0,36.0,3.0,0.0,1.0,9,9,17,3,20,3,36.95,1080.5,465.0,1217.0,27.183,4.0,10.93,roster,0,157.0,122.5,1.9625,170.97,6.5633,1.225,0.8234,3.2041,105.1,17.37,40.2,28.3,30.425
2024-02-19 12:00:00,12,51,51,3.0,8.0,38.0,2.0,0.0,1.0,12,10,16,3,19,3,37.95,1123.0,364.0,1277.0,28.183,4.0,10.93,roster,0,165.0,127.5,1.9643,175.78,7.085,1.275,0.9149,3.2353,109.39,16.5,40.2,29.69,31.925
2024-02-19 13:00:00,13,50,50,3.0,7.0,40.0,0.0,0.0,1.0,11,10,15,3,18,3,38.95,587.0,231.0,1218.0,25.45,4.0,10.93,roster,0,163.0,125.0,1.8523,171.4,7.0576,1.25,0.9149,3.26,107.25,15.63,40.2,28.32,30.45
2024-02-19 14:00:00,14,49,49,2.0,7.0,40.0,0.0,0.0,1.0,11,10,16,3,19,3,26.45,404.0,151.0,1243.0,26.45,4.0,10.93,roster,0,158.0,122.5,1.881,170.7,6.9001,1.225,0.9149,3.2245,105.1,16.5,40.2,28.9,31.075
2024-02-19 15:00:00,15,41,41,2.0,4.0,35.0,0.0,0.0,1.0,6,6,15,3,18,3,27.45,295.0,139.0,705.0,27.45,4.0,10.93,roster,0,131.0,102.5,1.4886,140.17,5.029,1.025,0.5489,3.1951,87.94,15.63,40.2,16.39,17.625
2024-02-19 16:00:00,16,30,30,1.0,2.0,27.0,0.0,0.0,1.0,3,3,13,2,15,2,28.45,299.0,190.0,1363.0,28.45,4.0,10.93,roster,0,94.0,75.0,0.94,115.86,3.21,0.75,0.2745,3.1333,64.35,13.02,26.8,31.69,34.075
2024-02-19 17:00:00,17,37,37,3.0,2.0,30.0,1.0,1.0,1.0,10,10,15,2,17,2,29.45,342.0,243.0,825.0,29.45,4.0,10.93,roster,0,116.0,92.5,1.2609,120.11,5.7684,0.925,0.9149,3.1351,79.36,14.76,26.8,19.18,20.625
2024-02-19 18:00:00,18,34,34,3.0,3.0,28.0,0.0,0.0,1.0,5,4,16,2,18,2,30.45,396.5,260.0,885.0,30.45,4.0,10.93,roster,0,111.0,85.0,1.2614,115.94,3.9698,0.85,0.366,3.2647,72.93,15.63,26.8,20.58,22.125
2024-02-19 19:00:00,19,34,34,3.0,3.0,27.0,1.0,0.0,1.0,6,5,17,2,19,2,31.45,379.0,199.0,945.0,31.45,4.0,10.93,roster,0,110.0,85.0,1.3095,118.2,4.23,0.85,0.4575,3.2353,72.93,16.5,26.8,21.97,23.625
2024-02-19 20:00:00,20,34,34,3.0,3.0,26.0,2.0,0.0,1.0,9,7,14,2,16,2,32.45,431.0,272.0,1005.0,32.45,4.0,10.05,roster,0,109.0,85.0,1.1354,116.99,4.958,0.85,0.6965,3.2059,72.93,13.89,26.8,23.37,25.125
2024-02-19 21:00:00,21,31,31,2.0,3.0,25.0,1.0,0.0,1.0,7,5,14,2,16,2,33.45,437.0,230.0,1065.0,33.45,4.0,10.05,roster,0,99.0,77.5,1.0312,111.95,4.0638,0.775,0.4975,3.1935,66.5,13.89,26.8,24.76,26.625
2024-02-19 22:00:00,22,32,32,2.0,3.0,25.0,2.0,0.0,1.0,6,5,14,2,16,2,34.45,497.0,290.0,1125.0,34.45,3.0,6.8,roster,0,101.0,80.0,1.4028,115.49,4.8458,0.8,0.7353,3.1562,68.64,13.89,26.8,26.16,28.125
2024-02-19 23:00:00,23,40,40,2.0,3.0,24.0,11.0,0.0,1.0,14,13,14,2,16,2,35.45,557.0,350.0,1185.0,35.45,3.0,6.8,roster,0,116.0,100.0,1.6111,134.04,8.4441,1.0,1.9118,2.9,85.8,13.89,26.8,27.55,29.625
2024-02-20 00:00:00,0,37,37,2.0,5.0,25.0,5.0,0.0,1.0,10,9,15,2,17,2,36.45,614.0,394.0,1084.0,36.45,3.0,6.8,roster,0,115.0,92.5,1.6667,126.13,6.9887,0.925,1.3235,3.1081,79.36,14.76,26.8,25.2,27.1
2024-02-20 01:00:00,1,37,37,1.0,4.0,25.0,7.0,0.0,1.0,6,5,19,1,20,1,37.45,514.5,332.0,951.0,37.45,3.0,6.8,roster,0,110.0,92.5,1.8333,112.24,4.936,0.925,0.7353,2.973,79.36,17.37,13.4,22.11,23.775
2024-02-20 02:00:00,2,30,30,1.0,4.0,20.0,5.0,0.0,1.0,1,1,18,1,19,1,38.45,619.0,392.0,1011.0,38.45,3.0,6.8,roster,0,91.0,75.0,1.4444,97.75,2.7211,0.75,0.1471,3.0333,64.35,16.5,13.4,23.51,25.275
2024-02-20 03:00:00,3,32,32,1.0,4.0,24.0,3.0,0.0,1.0,5,5,18,1,19,1,39.45,679.0,452.0,1071.0,39.45,3.0,6.8,roster,0,99.0,80.0,1.5714,103.44,4.7498,0.8,0.7353,3.0938,68.64,16.5,13.4,24.9,26.775
2024-02-20 04:00:00,4,37,37,1.0,4.0,28.0,4.0,0.0,1.0,7,5,19,1,20,1,40.45,694.5,512.0,1131.0,40.45,3.0,6.8,roster,0,113.0,92.5,1.8833,116.43,5.0706,0.925,0.7353,3.0541,79.36,17.37,13.4,26.3,28.275
2024-02-20 05:00:00,5,38,38,2.0,4.0,26.0,6.0,0.0,1.0,4,4,20,1,21,1,41.45,710.0,414.0,979.0,41.45,3.0,6.8,roster,0,116.0,95.0,2.0351,115.91,4.6957,0.95,0.5882,3.0526,81.51,18.23,13.4,22.76,24.475
2024-02-20 06:00:00,6,37,37,2.0,4.0,27.0,4.0,0.0,1.0,4,4,20,1,21,1,42.45,770.0,474.0,1039.0,42.45,3.0,6.8,roster,0,115.0,92.5,2.0175,115.16,4.7033,0.925,0.5882,3.1081,79.36,18.23,13.4,24.16,25.975
2024-02-20 07:00:00,7,35,35,2.0,4.0,25.0,4.0,0.0,1.0,1,1,19,1,20,1,43.45,874.5,692.0,1311.0,43.45,3.0,6.8,roster,0,109.0,87.5,1.8167,116.32,3.183,0.875,0.1471,3.1143,75.08,17.37,13.4,30.48,32.775
2024-02-20 08:00:00,8,34,34,2.0,4.0,24.0,4.0,0.0,1.0,3,3,19,1,20,1,44.45,934.5,752.0,1371.0,44.45,3.0,6.37,roster,0,106.0,85.0,1.7667,115.57,4.1183,0.85,0.471,3.1176,72.93,17.37,13.4,31.88,34.275
2024-02-20 09:00:00,9,36,36,1.0,5.0,25.0,5.0,0.0,1.0,8,8,17,1,18,1,45.45,942.0,654.0,1431.0,45.45,3.0,6.37,roster,0,110.0,90.0,1.6667,119.52,6.5874,0.9,1.2559,3.0556,77.22,15.63,13.4,33.27,35.775
2024-02-20 10:00:00,10,38,38,2.0,7.0,25.0,4.0,0.0,1.0,7,6,18,1,19,1,46.45,965.0,604.0,1491.0,46.45,4.0,9.62,roster,0,121.0,95.0,1.4405,126.07,5.011,0.95,0.6237,3.1842,81.51,16.5,13.4,34.67,37.275
2024-02-20 11:00:00,11,44,44,2.0,8.0,31.0,3.0,0.0,1.0,12,13,19,2,21,2,47.45,932.0,534.0,1172.0,47.45,4.0,9.62,roster,0,141.0,110.0,1.8553,146.66,7.8555,1.1,1.3514,3.2045,94.38,18.23,26.8,27.25,29.3
2024-02-20 12:00:00,12,43,43,2.0,8.0,31.0,1.0,1.0,1.0,9,9,19,3,22,3,44.7,717.0,142.0,1085.0,44.7,4.0,9.62,roster,0,138.0,107.5,1.9167,156.76,6.4525,1.075,0.9356,3.2093,92.24,19.1,40.2,25.23,27.125
2024-02-20 13:00:00,13,51,51,2.0,9.0,35.0,2.0,3.0,1.0,12,13,19,4,23,4,45.7,654.0,175.0,1145.0,45.7,4.0,9.62,roster,0,158.0,127.5,2.3235,189.59,8.1365,1.275,1.3514,3.098,109.39,19.97,53.6,26.62,28.625
2024-02-20 14:00:00,14,46,46,2.0,9.0,29.0,3.0,3.0,1.0,3,3,18,4,22,4,46.7,317.5,217.0,954.0,46.7,4.0,9.62,roster,0,142.0,115.0,1.9722,173.55,4.5127,1.15,0.3119,3.087,98.67,19.1,53.6,22.18,23.85
2024-02-20 15:00:00,15,49,49,1.0,8.0,32.0,4.0,4.0,1.0,9,8,18,2,20,2,47.7,377.5,277.0,1014.0,47.7,4.0,9.62,roster,0,145.0,122.5,1.8125,152.85,6.0859,1.225,0.8316,2.9592,105.1,17.37,26.8,23.58,25.35
2024-02-20 16:00:00,16,46,46,1.0,8.0,33.0,2.0,2.0,1.0,11,10,19,2,21,2,48.7,422.0,333.0,994.0,48.7,4.0,9.62,roster,0,142.0,115.0,1.8684,146.81,6.7589,1.15,1.0395,3.087,98.67,18.23,26.8,23.11,24.85
2024-02-20 17:00:00,17,51,51,0.0,9.0,39.0,2.0,1.0,1.0,10,10,26,3,29,3,49.7,397.0,113.0,1010.0,49.7,4.0,9.62,roster,0,158.0,127.5,3.5909,178.26,7.1704,1.275,1.0395,3.098,109.39,25.18,40.2,23.48,25.25
2024-02-20 18:00:00,18,58,58,0.0,9.0,46.0,2.0,1.0,1.0,11,11,32,2,34,2,50.7,369.0,132.0,954.0,50.7,4.0,9.62,roster,0,179.0,145.0,7.4583,182.91,8.0039,1.45,1.1435,3.0862,124.41,29.52,26.8,22.18,23.85
2024-02-20 19:00:00,19,59,59,0.0,10.0,45.0,3.0,1.0,1.0,9,9,32,2,34,2,51.7,359.5,181.0,1014.0,51.7,4.0,9.62,roster,0,182.0,147.5,7.5833,186.45,7.4359,1.475,0.9356,3.0847,126.56,29.52,26.8,23.58,25.35
2024-02-20 20:00:00,20,60,60,0.0,11.0,44.0,4.0,1.0,1.0,12,11,33,3,36,3,52.7,342.0,219.0,1074.0,52.7,4.0,10.56,roster,0,185.0,150.0,11.5625,205.13,7.8368,1.5,1.0417,3.0833,128.7,31.26,40.2,24.97,26.85
2024-02-20 21:00:00,21,68,68,0.0,12.0,48.0,7.0,1.0,1.0,16,16,33,2,35,2,53.7,423.0,261.0,1134.0,53.7,4.0,10.56,roster,0,207.0,170.0,10.35,209.42,9.7873,1.7,1.5152,3.0441,145.86,30.39,26.8,26.37,28.35
2024-02-20 22:00:00,22,62,62,0.0,10.0,43.0,8.0,1.0,1.0,7,7,33,1,34,1,54.7,539.5,339.0,1194.0,54.7,3.0,7.31,roster,0,186.0,155.0,10.3333,183.67,7.5228,1.55,0.9576,3.0,132.99,29.52,13.4,27.76,29.85
2024-02-20 23:00:00,23,59,59,0.0,10.0,41.0,7.0,1.0,1.0,6,6,34,1,35,1,55.7,543.0,381.0,1254.0,55.7,3.0,7.31,roster,0,178.0,147.5,11.8667,179.5,6.9263,1.475,0.8208,3.0169,126.56,30.39,13.4,29.16,31.35
2024-02-21 00:00:00,0,57,57,0.0,11.0,40.0,5.0,1.0,1.0,8,7,34,1,35,1,56.7,603.0,441.0,1314.0,56.7,3.0,7.31,roster,0,175.0,142.5,11.6667,176.61,7.315,1.425,0.9576,3.0702,122.26,30.39,13.4,30.55,32.85
2024-02-21 01:00:00,1,56,56,0.0,12.0,39.0,4.0,1.0,1.0,3,3,34,1,35,1,57.7,663.0,501.0,1374.0,57.7,3.0,7.31,roster,0,174.0,140.0,11.6,175.86,5.6252,1.4,0.4104,3.1071,120.12,30.39,13.4,31.95,34.35
2024-02-21 02:00:00,2,51,51,0.0,12.0,36.0,3.0,0.0,1.0,2,2,34,1,35,1,58.7,723.0,561.0,1434.0,58.7,3.0,7.31,roster,0,162.0,127.5,10.8,166.53,4.9191,1.275,0.2736,3.1765,109.39,30.39,13.4,33.34,35.85
2024-02-21 03:00:00,3,52,52,0.0,12.0,37.0,3.0,0.0,1.0,4,4,34,1,35,1,59.7,783.0,621.0,1494.0,59.7,3.0,7.31,roster,0,165.0,130.0,11.0,170.07,5.8613,1.3,0.5472,3.1731,111.54,30.39,13.4,34.74,37.35
2024-02-21 04:00:00,4,48,48,0.0,12.0,33.0,3.0,0.0,1.0,2,2,34,1,35,1,60.7,843.0,681.0,1554.0,60.7,3.0,7.31,roster,0,153.0,120.0,10.2,162.88,4.6971,1.2,0.2736,3.1875,102.96,30.39,13.4,36.13,38.85
2024-02-21 05:00:00,5,48,48,0.0,12.0,34.0,2.0,0.0,1.0,2,2,35,1,36,1,61.7,882.0,741.0,1614.0,61.7,3.0,7.31,roster,0,154.0,120.0,12.8333,165.14,4.7278,1.2,0.2736,3.2083,102.96,31.26,13.4,37.53,40.35
2024-02-21 06:00:00,6,47,47,0.0,10.0,35.0,2.0,0.0,1.0,4,3,34,0,34,0,61.983,942.0,801.0,1293.0,61.983,3.0,7.31,roster,0,149.0,117.5,8.2778,140.4,5.026,1.175,0.4104,3.1702,100.82,29.52,0.0,30.06,32.325
2024-02-21 07:00:00,7,46,46,0.0,10.0,33.0,3.0,0.0,1.0,3,3,34,0,34,0,62.983,1002.0,861.0,1353.0,62.983,3.0,7.31,roster,0,145.0,115.0,8.0556,139.65,4.9186,1.15,0.4104,3.1522,98.67,29.52,0.0,31.46,33.825
2024-02-21 08:00:00,8,45,45,0.0,10.0,33.0,2.0,0.0,1.0,5,5,34,0,34,0,63.983,1062.0,921.0,1413.0,63.983,3.0,7.68,roster,0,143.0,112.5,7.9444,138.9,5.6439,1.125,0.651,3.1778,96.52,29.52,0.0,32.85,35.325
2024-02-21 09:00:00,9,46,46,0.0,11.0,33.0,2.0,0.0,1.0,7,7,30,0,30,0,64.983,1052.5,964.0,1408.0,64.983,3.0,7.68,roster,0,147.0,115.0,4.9,137.46,6.5877,1.15,0.9115,3.1957,98.67,26.05,0.0,32.74,35.2
2024-02-21 10:00:00,10,50,50,0.0,12.0,36.0,2.0,0.0,1.0,12,9,31,0,31,0,65.983,1092.0,957.0,1468.0,65.983,4.0,11.38,roster,0,160.0,125.0,4.4444,148.3,6.5308,1.25,0.7909,3.2,107.25,26.92,0.0,34.13,36.7
2024-02-21 11:00:00,11,50,50,2.0,12.0,34.0,2.0,0.0,1.0,10,10,26,0,26,0,66.983,1110.0,920.0,1522.0,66.983,4.0,11.38,roster,0,164.0,125.0,2.9286,145.21,6.9822,1.25,0.8787,3.28,107.25,22.58,0.0,35.39,38.05
2024-02-21 12:00:00,12,47,47,3.0,10.0,32.0,2.0,0.0,1.0,10,9,24,1,25,1,67.983,1093.0,236.0,1235.0,67.983,4.0,11.38,roster,0,155.0,117.5,2.5833,144.64,6.4832,1.175,0.7909,3.2979,100.82,21.71,13.4,28.71,30.875
2024-02-21 13:00:00,13,49,49,3.0,9.0,35.0,2.0,0.0,1.0,11,9,23,1,24,1,68.983,1069.0,205.0,1239.0,68.983,4.0,11.38,roster,0,160.0,122.5,2.5,148.15,6.5824,1.225,0.7909,3.2653,105.1,20.84,13.4,28.81,30.975
2024-02-21 14:00:00,14,45,45,2.0,7.0,33.0,3.0,0.0,1.0,8,8,21,0,21,0,27.617,971.0,236.0,1264.0,27.617,4.0,11.38,roster,0,143.0,112.5,1.8816,124.15,5.8089,1.125,0.703,3.1778,96.52,18.23,0.0,29.39,31.6
2024-02-21 15:00:00,15,36,36,2.0,6.0,26.0,2.0,0.0,1.0,5,4,18,0,18,0,28.617,361.0,220.0,1218.0,28.617,4.0,11.38,roster,0,116.0,90.0,1.3182,101.17,4.0326,0.9,0.3515,3.2222,77.22,15.63,0.0,28.32,30.45
2024-02-21 16:00:00,16,33,33,3.0,5.0,22.0,3.0,0.0,1.0,13,12,16,0,16,0,24.583,315.0,220.0,476.0,24.583,4.0,11.38,roster,0,107.0,82.5,1.1146,75.74,6.0941,0.825,1.0545,3.2424,70.78,13.89,0.0,11.07,11.9
2024-02-21 17:00:00,17,33,33,3.0,5.0,20.0,5.0,0.0,1.0,9,9,20,0,20,0,25.583,333.5,162.0,517.0,25.583,4.0,11.38,roster,0,105.0,82.5,1.3125,80.17,5.1414,0.825,0.7909,3.1818,70.78,17.37,0.0,12.02,12.925
2024-02-21 18:00:00,18,33,33,3.0,6.0,19.0,5.0,0.0,1.0,7,7,20,0,20,0,26.583,393.5,163.0,577.0,26.583,4.0,11.38,roster,0,106.0,82.5,1.325,81.57,4.6258,0.825,0.6151,3.2121,70.78,17.37,0.0,13.42,14.425
2024-02-21 19:00:00,19,33,33,3.0,6.0,20.0,4.0,0.0,1.0,7,8,18,0,18,0,27.583,382.0,207.0,536.0,27.583,4.0,11.38,roster,0,107.0,82.5,1.2159,78.88,4.9544,0.825,0.703,3.2424,70.78,15.63,0.0,12.46,13.4
2024-02-21 20:00:00,20,30,30,3.0,6.0,17.0,4.0,0.0,1.0,8,7,17,0,17,0,28.583,377.0,267.0,557.0,28.583,4.0,10.71,roster,0,98.0,75.0,1.0652,72.06,4.5851,0.75,0.6536,3.2667,64.35,14.76,0.0,12.95,13.925
2024-02-21 21:00:00,21,32,32,3.0,5.0,19.0,4.0,1.0,1.0,6,5,18,0,18,0,29.583,419.5,313.0,617.0,29.583,4.0,10.71,roster,0,101.0,80.0,1.1477,78.61,3.9985,0.8,0.4669,3.1562,68.64,15.63,0.0,14.35,15.425
2024-02-21 22:00:00,22,30,30,3.0,5.0,16.0,4.0,2.0,1.0,8,5,18,0,18,0,30.583,419.0,331.0,673.0,30.583,3.0,7.01,roster,0,93.0,75.0,1.4091,75.63,4.5361,0.75,0.7133,3.1,64.35,15.63,0.0,15.65,16.825
2024-02-21 23:00:00,23,36,36,4.0,6.0,21.0,4.0,1.0,1.0,12,9,18,0,18,0,31.583,479.0,391.0,733.0,31.583,3.0,7.01,roster,0,116.0,90.0,1.7576,89.89,7.0369,0.9,1.2839,3.2222,77.22,15.63,0.0,17.04,18.325
2024-02-22 00:00:00,0,36,36,4.0,5.0,23.0,3.0,1.0,1.0,9,8,21,1,22,1,32.583,500.0,207.0,760.0,32.583,3.0,7.01,roster,0,116.0,90.0,2.1481,107.39,6.5773,0.9,1.1412,3.2222,77.22,19.1,13.4,17.67,19.0
2024-02-22 01:00:00,1,32,32,3.0,5.0,21.0,2.0,1.0,1.0,3,2,21,0,21,0,33.583,567.0,270.0,820.0,33.583,3.0,7.01,roster,0,103.0,80.0,1.807,85.94,3.4933,0.8,0.2853,3.2188,68.64,18.23,0.0,19.07,20.5
2024-02-22 02:00:00,2,28,28,3.0,5.0,18.0,1.0,1.0,1.0,4,3,21,1,22,1,34.583,620.0,327.0,880.0,34.583,3.0,7.01,roster,0,92.0,70.0,1.7037,93.02,3.7062,0.7,0.428,3.2857,60.06,19.1,13.4,20.46,22.0
2024-02-22 03:00:00,3,27,27,3.0,5.0,18.0,0.0,1.0,1.0,3,2,21,1,22,1,35.583,680.0,387.0,940.0,35.583,3.0,7.01,roster,0,90.0,67.5,1.6667,92.27,3.201,0.675,0.2853,3.3333,57.92,19.1,13.4,21.86,23.5
2024-02-22 04:00:00,4,27,27,4.0,5.0,17.0,0.0,1.0,1.0,5,3,21,1,22,1,36.583,740.0,447.0,1000.0,36.583,3.0,7.01,roster,0,92.0,67.5,1.7037,93.67,3.7582,0.675,0.428,3.4074,57.92,19.1,13.4,23.25,25.0
2024-02-22 05:00:00,5,28,28,4.0,5.0,18.0,0.0,1.0,1.0,1,1,21,1,22,1,37.583,800.0,507.0,1060.0,37.583,3.0,7.01,roster,0,95.0,70.0,1.7593,97.21,2.859,0.7,0.1427,3.3929,60.06,19.1,13.4,24.64,26.5
2024-02-22 06:00:00,6,32,32,5.0,5.0,20.0,1.0,1.0,1.0,4,4,22,1,23,1,38.583,853.0,527.0,1120.0,38.583,3.0,7.01,roster,0,108.0,80.0,2.1176,108.05,4.6258,0.8,0.5706,3.375,68.64,19.97,13.4,26.04,28.0
2024-02-22 07:00:00,7,33,33,5.0,6.0,20.0,1.0,1.0,1.0,3,3,23,1,24,1,39.583,901.5,587.0,1180.0,39.583,3.0,7.01,roster,0,112.0,82.5,2.3333,112.46,4.2525,0.825,0.428,3.3939,70.78,20.84,13.4,27.44,29.5
2024-02-22 08:00:00,8,37,37,5.0,6.0,23.0,2.0,1.0,1.0,7,6,23,1,24,1,40.583,961.5,647.0,1240.0,40.583,3.0,7.73,roster,0,123.0,92.5,2.5625,122.43,5.6553,0.925,0.7762,3.3243,79.36,20.84,13.4,28.83,31.0
2024-02-22 09:00:00,9,34,34,5.0,6.0,20.0,2.0,1.0,1.0,8,8,18,1,19,1,41.583,781.0,618.0,1122.0,41.583,3.0,7.73,roster,0,114.0,85.0,1.8095,108.91,6.3201,0.85,1.0349,3.3529,72.93,16.5,13.4,26.09,28.05
2024-02-22 10:00:00,10,41,41,4.0,7.0,25.0,4.0,1.0,1.0,15,15,14,1,15,1,23.933,810.0,579.0,1155.0,23.933,4.0,11.43,roster,0,132.0,102.5,1.32,121.22,7.5251,1.025,1.3123,3.2195,87.94,13.02,13.4,26.85,28.875
2024-02-22 11:00:00,11,40,40,3.0,6.0,26.0,4.0,1.0,1.0,9,8,13,0,13,0,24.933,375.0,99.0,1167.0,24.933,4.0,11.43,roster,0,126.0,100.0,1.1667,104.22,5.3547,1.0,0.6999,3.15,85.8,11.29,0.0,27.13,29.175
2024-02-22 12:00:00,12,37,37,3.0,6.0,24.0,4.0,0.0,1.0,5,5,11,0,11,0,21.25,374.0,154.0,927.0,21.25,4.0,11.43,roster,0,119.0,92.5,1.0259,90.47,4.3819,0.925,0.4374,3.2162,79.36,9.55,0.0,21.55,23.175
2024-02-22 13:00:00,13,35,35,5.0,4.0,21.0,3.0,2.0,1.0,10,10,11,0,11,0,21.45,289.0,212.0,853.0,21.45,4.0,11.43,roster,0,112.0,87.5,0.9655,84.46,5.5997,0.875,0.8749,3.2,75.08,9.55,0.0,19.83,21.325
2024-02-22 14:00:00,14,40,40,3.0,3.0,27.0,6.0,1.0,1.0,15,15,11,0,11,0,15.217,193.0,86.0,278.0,15.217,4.0,11.43,roster,0,121.0,100.0,1.0431,81.81,6.9948,1.0,1.3123,3.025,85.8,9.55,0.0,6.46,6.95
2024-02-22 15:00:00,15,35,35,3.0,2.0,25.0,4.0,1.0,1.0,5,6,14,0,14,0,16.217,156.0,103.0,334.0,16.217,4.0,11.43,roster,0,107.0,87.5,1.0288,75.0,4.2798,0.875,0.5249,3.0571,75.08,12.16,0.0,7.77,8.35
2024-02-22 16:00:00,16,28,28,3.0,2.0,21.0,2.0,0.0,1.0,3,2,10,0,10,0,17.217,236.0,163.0,394.0,17.217,4.0,11.43,roster,0,90.0,70.0,0.75,57.9,2.8124,0.7,0.175,3.2143,60.06,8.68,0.0,9.16,9.85
2024-02-22 17:00:00,17,24,24,2.0,4.0,18.0,0.0,0.0,1.0,6,6,9,0,9,0,8.2,286.0,223.0,373.0,7.633,4.0,11.43,roster,0,80.0,60.0,0.6452,47.97,3.7498,0.6,0.5249,3.3333,51.48,7.81,0.0,8.67,9.325
2024-02-22 18:00:00,18,27,27,1.0,4.0,21.0,1.0,0.0,1.0,7,6,11,0,11,0,9.2,326.0,275.0,433.0,8.633,4.0,11.43,roster,0,86.0,67.5,0.7414,57.53,3.822,0.675,0.5249,3.1852,57.92,9.55,0.0,10.07,10.825
2024-02-22 19:00:00,19,32,32,1.0,3.0,27.0,1.0,0.0,1.0,9,9,13,0,13,0,10.2,343.0,150.0,426.0,9.633,4.0,11.43,roster,0,100.0,80.0,0.9259,69.83,4.9606,0.8,0.7874,3.125,68.64,11.29,0.0,9.9,10.65
2024-02-22 20:00:00,20,25,25,1.0,1.0,21.0,2.0,0.0,1.0,8,5,12,0,12,0,10.633,305.0,139.0,466.0,10.633,4.0,10.07,roster,0,76.0,62.5,0.6786,54.88,3.4094,0.625,0.4965,3.04,53.62,10.42,0.0,10.83,11.65
2024-02-22 21:00:00,21,25,25,1.0,2.0,20.0,2.0,0.0,1.0,6,6,13,0,13,0,11.633,270.0,172.0,506.0,11.633,4.0,10.07,roster,0,77.0,62.5,0.713,56.68,3.7602,0.625,0.5958,3.08,53.62,11.29,0.0,11.76,12.65
2024-02-22 22:00:00,22,29,29,2.0,3.0,22.0,2.0,0.0,1.0,9,8,13,0,13,0,12.633,330.0,232.0,566.0,12.633,3.0,6.37,roster,0,92.0,72.5,1.1358,66.65,6.2842,0.725,1.2559,3.1724,62.2,11.29,0.0,13.16,14.15
2024-02-22 23:00:00,23,19,19,1.0,2.0,15.0,1.0,0.0,1.0,2,1,12,0,12,0,13.633,485.0,312.0,646.0,13.633,3.0,6.37,roster,0,60.0,47.5,0.7143,46.19,1.9957,0.475,0.157,3.1579,40.75,10.42,0.0,15.02,16.15
2024-02-23 00:00:00,0,25,25,1.0,3.0,20.0,1.0,0.0,1.0,8,7,12,0,12,0,14.633,545.0,372.0,706.0,14.633,3.0,6.37,roster,0,79.0,62.5,0.9405,60.46,5.4475,0.625,1.0989,3.16,53.62,10.42,0.0,16.41,17.65
2024-02-23 01:00:00,1,26,26,2.0,6.0,17.0,1.0,0.0,1.0,7,7,13,0,13,0,15.633,510.0,412.0,746.0,15.633,3.0,6.37,roster,0,87.0,65.0,1.0741,64.4,5.8521,0.65,1.0989,3.3462,55.77,11.29,0.0,17.34,18.65
2024-02-23 02:00:00,2,27,27,2.0,7.0,17.0,1.0,0.0,1.0,3,3,17,1,18,1,16.633,482.0,118.0,763.0,16.633,3.0,6.37,roster,0,91.0,67.5,1.3788,84.68,3.8623,0.675,0.471,3.3704,57.92,15.63,13.4,17.74,19.075
2024-02-23 03:00:00,3,30,30,1.0,9.0,19.0,1.0,0.0,1.0,6,5,17,0,17,0,17.633,552.0,225.0,823.0,17.633,3.0,6.37,roster,0,100.0,75.0,1.4493,78.25,5.1164,0.75,0.7849,3.3333,64.35,14.76,0.0,19.13,20.575
2024-02-23 04:00:00,4,27,27,1.0,7.0,18.0,1.0,0.0,1.0,1,1,18,0,18,0,18.633,602.0,231.0,883.0,18.633,3.0,6.37,roster,0,89.0,67.5,1.3485,74.07,2.7425,0.675,0.157,3.2963,57.92,15.63,0.0,20.53,22.075
2024-02-23 05:00:00,5,27,27,1.0,7.0,18.0,1.0,0.0,1.0,2,2,18,0,18,0,19.633,662.0,291.0,943.0,19.633,3.0,6.37,roster,0,89.0,67.5,1.3485,75.47,3.2599,0.675,0.314,3.2963,57.92,15.63,0.0,21.92,23.575
2024-02-23 06:00:00,6,25,25,1.0,5.0,18.0,1.0,0.0,1.0,2,2,18,0,18,0,20.633,722.0,351.0,1003.0,20.633,3.0,6.37,roster,0,81.0,62.5,1.2273,72.57,3.0423,0.625,0.314,3.24,53.62,15.63,0.0,23.32,25.075
2024-02-23 07:00:00,7,33,33,2.0,7.0,23.0,1.0,0.0,1.0,8,8,18,1,19,1,21.633,772.0,403.0,1063.0,21.633,3.0,6.37,roster,0,109.0,82.5,1.7302,105.4,6.8732,0.825,1.2559,3.303,70.78,16.5,13.4,24.71,26.575
2024-02-23 08:00:00,8,36,36,2.0,8.0,25.0,1.0,0.0,1.0,4,4,20,2,22,2,22.633,767.5,422.0,1120.0,22.633,3.0,6.58,roster,0,119.0,90.0,2.2037,129.16,4.9845,0.9,0.6079,3.3056,77.22,19.1,26.8,26.04,28.0
2024-02-23 09:00:00,9,35,35,2.0,7.0,26.0,0.0,0.0,1.0,7,7,15,3,18,3,20.767,527.0,160.0,912.0,20.767,3.0,6.58,roster,0,116.0,87.5,1.7576,132.11,6.4258,0.875,1.0638,3.3143,75.08,15.63,40.2,21.2,22.8
2024-02-23 10:00:00,10,38,38,2.0,9.0,27.0,0.0,0.0,1.0,12,12,13,4,17,4,21.767,568.0,216.0,848.0,21.767,4.0,9.83,roster,0,127.0,95.0,1.3804,149.59,7.2549,0.95,1.2208,3.3421,81.51,14.76,53.6,19.72,21.2
2024-02-23 11:00:00,11,47,47,0.0,9.0,36.0,2.0,0.0,1.0,20,20,13,2,15,2,22.767,337.0,215.0,651.0,22.767,4.0,9.83,roster,0,148.0,117.5,1.48,135.78,10.1068,1.175,2.0346,3.1489,100.82,13.02,26.8,15.14,16.275
2024-02-23 12:00:00,12,47,47,0.0,10.0,36.0,1.0,0.0,1.0,10,11,15,1,16,1,18.2,278.0,135.0,688.0,18.2,4.0,9.83,roster,0,150.0,117.5,1.5625,124.1,7.3214,1.175,1.119,3.1915,100.82,13.89,13.4,16.0,17.2
2024-02-23 13:00:00,13,43,43,0.0,12.0,30.0,1.0,0.0,1.0,9,9,14,2,16,2,12.85,197.5,130.0,400.0,12.85,4.0,9.83,roster,0,140.0,107.5,1.4583,122.23,6.4809,1.075,0.9156,3.2558,92.24,13.89,26.8,9.3,10.0
2024-02-23 14:00:00,14,46,46,1.0,14.0,29.0,2.0,0.0,1.0,11,11,14,3,17,3,13.85,220.0,151.0,401.0,13.85,4.0,9.83,roster,0,152.0,115.0,1.6522,142.95,7.4976,1.15,1.119,3.3043,98.67,14.76,40.2,9.32,10.025
2024-02-23 15:00:00,15,43,43,1.0,14.0,26.0,2.0,0.0,1.0,9,8,15,2,17,2,14.85,250.0,198.0,326.0,14.85,4.0,9.83,roster,0,143.0,107.5,1.5543,121.38,6.2815,1.075,0.8138,3.3256,92.24,14.76,26.8,7.58,8.15
2024-02-23 16:00:00,16,38,38,1.0,10.0,26.0,1.0,0.0,1.0,7,6,14,2,16,2,15.467,264.5,183.0,344.0,15.467,4.0,9.83,roster,0,125.0,95.0,1.3021,110.2,5.1328,0.95,0.6104,3.2895,81.51,13.89,26.8,8.0,8.6
2024-02-23 17:00:00,17,35,35,1.0,7.0,24.0,3.0,0.0,1.0,7,7,14,1,15,1,16.467,261.0,158.0,404.0,16.467,4.0,9.83,roster,0,111.0,87.5,1.11,90.89,5.0334,0.875,0.7121,3.1714,75.08,13.02,13.4,9.39,10.1
2024-02-23 18:00:00,18,38,38,1.0,9.0,23.0,5.0,0.0,1.0,8,8,16,1,17,1,17.467,315.0,203.0,460.0,17.467,4.0,9.83,roster,0,120.0,95.0,1.3043,100.37,5.57,0.95,0.8138,3.1579,81.51,14.76,13.4,10.7,11.5
2024-02-23 19:00:00,19,33,33,1.0,8.0,21.0,3.0,0.0,1.0,3,2,13,2,15,2,9.25,348.0,195.0,490.0,9.25,4.0,9.83,roster,0,106.0,82.5,1.06,102.0,3.3035,0.825,0.2035,3.2121,70.78,13.02,26.8,11.39,12.25
2024-02-23 20:00:00,20,28,28,1.0,7.0,18.0,2.0,0.0,1.0,4,3,10,2,12,2,10.25,415.5,301.0,550.0,10.25,4.0,10.02,roster,0,91.0,70.0,0.8125,90.07,3.2481,0.7,0.2994,3.25,60.06,10.42,26.8,12.79,13.75
2024-02-23 21:00:00,21,24,24,0.0,4.0,16.0,4.0,0.0,1.0,6,6,11,0,11,0,11.25,468.0,315.0,610.0,11.25,4.0,10.02,roster,0,72.0,60.0,0.6207,55.21,3.5964,0.6,0.5988,3.0,51.48,9.55,0.0,14.18,15.25
2024-02-23 22:00:00,22,19,19,0.0,3.0,11.0,5.0,0.0,1.0,6,5,11,0,11,0,12.25,443.0,132.0,561.0,12.25,3.0,6.77,roster,0,55.0,47.5,0.6322,43.35,3.5129,0.475,0.7386,2.8947,40.75,9.55,0.0,13.04,14.025
2024-02-23 23:00:00,23,23,23,0.0,2.0,14.0,7.0,0.0,1.0,10,8,10,0,10,0,13.25,469.0,192.0,621.0,13.25,3.0,6.77,roster,0,64.0,57.5,0.7111,52.46,4.8882,0.575,1.1817,2.7826,49.33,8.68,0.0,14.44,15.525
2024-02-24 00:00:00,0,25,25,0.0,3.0,16.0,6.0,0.0,1.0,10,9,11,0,11,0,14.25,495.0,229.0,681.0,14.25,3.0,6.77,roster,0,72.0,62.5,0.8276,59.01,5.6287,0.625,1.3294,2.88,53.62,9.55,0.0,15.83,17.025
2024-02-24 01:00:00,1,26,26,1.0,4.0,19.0,2.0,0.0,1.0,6,7,12,0,12,0,15.25,544.0,289.0,741.0,15.25,3.0,6.77,roster,0,82.0,65.0,0.9762,63.42,5.311,0.65,1.034,3.1538,55.77,10.42,0.0,17.23,18.525
2024-02-24 02:00:00,2,23,23,0.0,2.0,19.0,2.0,0.0,1.0,3,2,13,0,13,0,16.25,593.0,320.0,768.0,16.25,3.0,6.77,roster,0,69.0,57.5,0.8519,58.48,2.6113,0.575,0.2954,3.0,49.33,11.29,0.0,17.86,19.2
2024-02-24 03:00:00,3,25,25,0.0,2.0,19.0,4.0,0.0,1.0,5,5,14,0,14,0,17.25,542.5,265.0,828.0,17.25,3.0,6.77,roster,0,73.0,62.5,0.9359,65.03,3.9816,0.625,0.7386,2.92,53.62,12.16,0.0,19.25,20.7
2024-02-24 04:00:00,4,24,24,0.0,2.0,19.0,3.0,0.0,1.0,3,3,14,0,14,0,18.25,602.5,325.0,888.0,18.25,3.0,6.77,roster,0,71.0,60.0,0.9103,64.28,3.0859,0.6,0.4431,2.9583,51.48,12.16,0.0,20.65,22.2
2024-02-24 05:00:00,5,25,25,1.0,2.0,18.0,4.0,0.0,1.0,3,3,15,0,15,0,19.25,552.0,354.0,948.0,19.25,3.0,6.77,roster,0,75.0,62.5,1.0,68.69,3.2044,0.625,0.4431,3.0,53.62,13.02,0.0,22.04,23.7
2024-02-24 06:00:00,6,27,27,1.0,2.0,20.0,4.0,0.0,1.0,3,3,16,0,16,0,20.25,600.5,414.0,1008.0,20.25,3.0,6.77,roster,0,81.0,67.5,1.125,75.24,3.3544,0.675,0.4431,3.0,57.92,13.89,0.0,23.44,25.2
2024-02-24 07:00:00,7,28,28,1.0,3.0,22.0,2.0,0.0,1.0,3,3,17,0,17,0,21.25,649.0,358.0,983.0,21.25,3.0,6.77,roster,0,87.0,70.0,1.2609,77.68,3.5519,0.7,0.4431,3.1071,60.06,14.76,0.0,22.85,24.575
2024-02-24 08:00:00,8,30,30,1.0,4.0,23.0,2.0,0.0,1.0,4,4,18,1,19,1,22.25,680.0,283.0,1043.0,22.25,3.0,7.29,roster,0,94.0,75.0,1.4921,98.5,4.0693,0.75,0.5487,3.1333,64.35,16.5,13.4,24.25,26.075
2024-02-24 09:00:00,9,28,28,1.0,4.0,21.0,2.0,0.0,1.0,3,2,17,1,18,1,23.25,754.5,296.0,1103.0,23.25,3.0,7.29,roster,0,88.0,70.0,1.3333,94.73,3.0622,0.7,0.2743,3.1429,60.06,15.63,13.4,25.64,27.575
2024-02-24 10:00:00,10,23,23,1.0,2.0,18.0,2.0,0.0,1.0,5,4,11,0,11,0,24.25,1073.0,295.0,1248.0,24.25,4.0,10.63,roster,0,71.0,57.5,0.6121,67.9,2.9366,0.575,0.3763,3.087,49.33,9.55,0.0,29.02,31.2
2024-02-24 11:00:00,11,25,25,1.0,4.0,19.0,1.0,0.0,1.0,9,9,9,0,9,0,25.25,745.0,355.0,1223.0,25.25,4.0,10.63,roster,0,80.0,62.5,0.6452,69.87,4.7093,0.625,0.8467,3.2,53.62,7.81,0.0,28.43,30.575
2024-02-24 12:00:00,12,26,26,1.0,5.0,20.0,0.0,0.0,1.0,9,8,9,0,9,0,26.25,243.0,110.0,476.0,26.25,4.0,10.63,roster,0,85.0,65.0,0.6855,54.65,4.5854,0.65,0.7526,3.2692,55.77,7.81,0.0,11.07,11.9
2024-02-24 13:00:00,13,33,33,1.0,6.0,24.0,2.0,0.0,1.0,13,13,9,0,9,0,27.25,177.0,166.0,536.0,27.25,4.0,10.63,roster,0,105.0,82.5,0.8468,71.06,6.5162,0.825,1.223,3.1818,70.78,7.81,0.0,12.46,13.4
2024-02-24 14:00:00,14,21,21,0.0,4.0,15.0,2.0,0.0,1.0,4,3,6,0,6,0,28.25,205.5,86.0,237.0,28.25,4.0,10.63,roster,0,65.0,52.5,0.4779,35.77,2.4985,0.525,0.2822,3.0952,45.04,5.21,0.0,5.51,5.925
2024-02-24 15:00:00,15,23,23,0.0,5.0,13.0,5.0,0.0,1.0,14,13,3,0,3,0,29.25,297.0,290.0,1755.0,29.25,4.0,10.63,roster,0,69.0,57.5,0.4662,72.74,5.3939,0.575,1.223,3.0,49.33,2.6,0.0,40.8,43.875
2024-02-24 16:00:00,16,22,22,0.0,4.0,12.0,6.0,0.0,1.0,7,7,4,0,4,0,30.25,353.5,350.0,1815.0,30.25,4.0,10.63,roster,0,64.0,55.0,0.4444,72.86,3.5157,0.55,0.6585,2.9091,47.19,3.47,0.0,42.2,45.375
2024-02-24 17:00:00,17,26,26,0.0,4.0,18.0,4.0,0.0,1.0,13,11,4,0,4,0,31.25,413.5,410.0,1875.0,31.25,4.0,10.63,roster,0,78.0,65.0,0.5417,82.84,5.0544,0.65,1.0348,3.0,55.77,3.47,0.0,43.59,46.875
2024-02-24 18:00:00,18,22,22,0.0,3.0,18.0,1.0,0.0,1.0,7,7,6,0,6,0,32.25,331.0,118.0,477.0,32.25,4.0,10.63,roster,0,68.0,55.0,0.5,43.49,3.7354,0.55,0.6585,3.0909,47.19,5.21,0.0,11.09,11.925
2024-02-24 19:00:00,19,19,19,0.0,2.0,14.0,3.0,0.0,1.0,9,9,5,0,5,0,33.25,530.0,252.0,537.0,33.25,4.0,10.63,roster,0,56.0,47.5,0.4,37.58,3.8954,0.475,0.8467,2.9474,40.75,4.34,0.0,12.49,13.425
2024-02-24 20:00:00,20,13,13,0.0,4.0,8.0,1.0,0.0,1.0,8,6,3,0,3,0,34.25,92.0,79.0,2055.0,34.25,4.0,10.14,roster,0,42.0,32.5,0.2838,58.27,2.9617,0.325,0.5917,3.2308,27.88,2.6,0.0,47.78,51.375
2024-02-24 21:00:00,21,19,19,0.0,4.0,13.0,2.0,0.0,1.0,10,8,5,0,5,0,35.25,139.0,116.0,152.0,35.25,4.0,10.14,roster,0,59.0,47.5,0.4214,28.63,3.9249,0.475,0.789,3.1053,40.75,4.34,0.0,3.53,3.8
2024-02-24 22:00:00,22,22,22,0.0,4.0,13.0,5.0,0.0,1.0,8,6,9,0,9,0,36.25,129.0,112.0,199.0,36.25,3.0,6.8,roster,0,65.0,55.0,0.6989,39.63,4.232,0.55,0.8824,2.9545,47.19,7.81,0.0,4.63,4.975
2024-02-24 23:00:00,23,23,23,1.0,4.0,16.0,2.0,0.0,1.0,6,6,9,0,9,0,37.25,189.0,172.0,259.0,37.25,3.0,6.8,roster,0,73.0,57.5,0.7849,43.17,4.6255,0.575,0.8824,3.1739,49.33,7.81,0.0,6.02,6.475
2024-02-25 00:00:00,0,38,38,0.0,6.0,27.0,5.0,0.0,1.0,20,20,10,0,10,0,38.25,243.0,213.0,319.0,38.25,3.0,6.8,roster,0,115.0,95.0,1.2778,77.61,11.7759,0.95,2.9412,3.0263,81.51,8.68,0.0,7.42,7.975
2024-02-25 01:00:00,1,35,35,0.0,9.0,23.0,3.0,0.0,1.0,11,11,14,0,14,0,39.25,282.5,115.0,356.0,39.25,3.0,6.8,roster,0,111.0,87.5,1.4231,75.51,7.9053,0.875,1.6176,3.1714,75.08,12.16,0.0,8.28,8.9
2024-02-25 02:00:00,2,28,28,0.0,9.0,17.0,2.0,0.0,1.0,6,4,14,0,14,0,40.25,342.5,175.0,416.0,40.25,3.0,6.8,roster,0,91.0,70.0,1.1667,61.89,4.1868,0.7,0.5882,3.25,60.06,12.16,0.0,9.67,10.4
2024-02-25 03:00:00,3,24,24,0.0,9.0,13.0,2.0,0.0,1.0,2,1,14,0,14,0,41.25,402.5,235.0,476.0,41.25,3.0,6.8,roster,0,79.0,60.0,1.0128,54.7,2.4591,0.6,0.1471,3.2917,51.48,12.16,0.0,11.07,11.9
2024-02-25 04:00:00,4,23,23,0.0,9.0,12.0,2.0,0.0,1.0,1,0,14,0,14,0,42.25,462.5,295.0,536.0,42.25,3.0,6.8,roster,0,76.0,57.5,0.9744,53.95,1.9,0.575,0.0,3.3043,49.33,12.16,0.0,12.46,13.4
2024-02-25 05:00:00,5,24,24,0.0,8.0,14.0,2.0,0.0,1.0,5,4,14,0,14,0,43.25,522.5,355.0,596.0,43.25,3.0,6.8,roster,0,78.0,60.0,1.0,57.49,3.8618,0.6,0.5882,3.25,51.48,12.16,0.0,13.86,14.9
2024-02-25 06:00:00,6,22,22,0.0,7.0,13.0,2.0,0.0,1.0,0,0,16,0,16,0,44.25,566.0,410.0,656.0,44.25,3.0,6.8,roster,0,71.0,55.0,0.9861,56.33,1.775,0.55,0.0,3.2273,47.19,13.89,0.0,15.25,16.4
2024-02-25 07:00:00,7,24,24,0.0,8.0,13.0,3.0,0.0,1.0,4,4,15,0,15,0,45.25,633.0,470.0,716.0,45.25,3.0,6.8,roster,0,77.0,60.0,1.0267,61.15,3.8123,0.6,0.5882,3.2083,51.48,13.02,0.0,16.65,17.9
2024-02-25 08:00:00,8,23,23,0.0,9.0,12.0,2.0,0.0,1.0,3,3,16,0,16,0,46.25,686.0,509.0,776.0,46.25,3.0,7.23,roster,0,76.0,57.5,1.0556,61.27,3.2711,0.575,0.4149,3.3043,49.33,13.89,0.0,18.04,19.4
2024-02-25 09:00:00,9,26,26,0.0,9.0,15.0,2.0,0.0,1.0,8,7,17,0,17,0,47.25,601.0,250.0,777.0,47.25,3.0,7.23,roster,0,85.0,65.0,1.2319,68.6,5.2902,0.65,0.9682,3.2692,55.77,14.76,0.0,18.07,19.425
2024-02-25 10:00:00,10,33,33,0.0,8.0,22.0,3.0,0.0,1.0,15,14,15,1,16,1,48.25,714.0,208.0,896.0,48.25,4.0,10.93,roster,0,104.0,82.5,1.0833,98.91,6.6367,0.825,1.2809,3.1515,70.78,13.89,13.4,20.83,22.4
2024-02-25 11:00:00,11,32,32,1.0,6.0,23.0,2.0,0.0,1.0,13,14,11,1,12,1,49.25,234.0,135.0,956.0,49.25,4.0,10.93,roster,0,102.0,80.0,0.9107,94.69,6.6328,0.8,1.2809,3.1875,68.64,10.42,13.4,22.23,23.9
2024-02-25 12:00:00,12,31,31,2.0,7.0,21.0,1.0,0.0,1.0,12,9,13,1,14,1,50.25,185.5,93.0,309.0,50.25,4.0,10.93,roster,0,103.0,77.5,0.9904,79.24,5.3109,0.775,0.8234,3.3226,66.5,12.16,13.4,7.18,7.725
2024-02-25 13:00:00,13,32,32,1.0,4.0,26.0,1.0,0.0,1.0,10,10,12,1,13,1,51.25,180.0,142.0,339.0,51.25,4.0,10.93,roster,0,101.0,80.0,0.9352,81.21,5.4127,0.8,0.9149,3.1562,68.64,11.29,13.4,7.88,8.475
2024-02-25 14:00:00,14,33,33,1.0,4.0,28.0,0.0,0.0,1.0,13,12,12,1,13,1,52.25,240.0,202.0,399.0,52.25,4.0,10.93,roster,0,105.0,82.5,0.9722,84.75,6.1183,0.825,1.0979,3.1818,70.78,11.29,13.4,9.28,9.975
2024-02-25 15:00:00,15,40,40,0.0,5.0,32.0,3.0,0.0,1.0,17,15,16,0,16,0,53.25,267.5,109.0,459.0,53.25,4.0,10.93,roster,0,122.0,100.0,1.2708,90.36,7.2357,1.0,1.3724,3.05,85.8,13.89,0.0,10.67,11.475
2024-02-25 16:00:00,16,35,35,0.0,4.0,28.0,3.0,0.0,1.0,13,11,14,1,15,1,8.65,169.0,113.0,333.0,8.65,4.0,10.93,roster,0,106.0,87.5,1.06,89.24,5.698,0.875,1.0064,3.0286,75.08,13.02,13.4,7.74,8.325
2024-02-25 17:00:00,17,32,32,0.0,4.0,24.0,4.0,0.0,1.0,8,5,14,1,15,1,9.65,221.0,164.0,393.0,9.65,4.0,10.93,roster,0,96.0,80.0,0.96,84.2,3.7724,0.8,0.4575,3.0,68.64,13.02,13.4,9.14,9.825
2024-02-25 18:00:00,18,33,33,0.0,4.0,26.0,3.0,0.0,1.0,10,7,13,1,14,1,10.65,314.0,224.0,453.0,10.65,4.0,10.93,roster,0,100.0,82.5,0.9615,86.87,4.4407,0.825,0.6404,3.0303,70.78,12.16,13.4,10.53,11.325
2024-02-25 19:00:00,19,32,32,1.0,3.0,23.0,5.0,0.0,1.0,12,11,12,0,12,0,11.65,374.0,284.0,513.0,11.65,4.0,10.93,roster,0,96.0,80.0,0.8571,70.99,5.4192,0.8,1.0064,3.0,68.64,10.42,0.0,11.93,12.825
2024-02-25 20:00:00,20,42,42,1.0,3.0,24.0,14.0,0.0,1.0,16,16,15,0,15,0,12.65,386.0,127.0,562.0,12.65,4.0,10.36,roster,0,117.0,105.0,1.17,96.18,7.2273,1.05,1.5444,2.7857,90.09,13.02,0.0,13.07,14.05
2024-02-25 21:00:00,21,38,38,1.0,4.0,23.0,10.0,0.0,1.0,11,10,14,0,14,0,13.65,453.5,227.0,622.0,13.65,4.0,10.36,roster,0,110.0,95.0,1.0577,88.13,5.5441,0.95,0.9653,2.8947,81.51,12.16,0.0,14.46,15.55
2024-02-25 22:00:00,22,46,46,1.0,5.0,32.0,8.0,0.0,1.0,18,15,15,0,15,0,14.65,506.0,234.0,682.0,14.65,3.0,6.66,roster,0,137.0,115.0,1.8267,107.55,10.1328,1.15,2.2523,2.9783,98.67,13.02,0.0,15.86,17.05
2024-02-25 23:00:00,23,48,48,1.0,4.0,35.0,8.0,0.0,1.0,13,12,17,0,17,0,15.65,524.0,267.0,688.0,15.65,3.0,6.66,roster,0,142.0,120.0,2.058,113.72,8.8803,1.2,1.8018,2.9583,102.96,14.76,0.0,16.0,17.2
2024-02-26 00:00:00,0,44,44,1.0,4.0,33.0,6.0,0.0,1.0,8,7,17,0,17,0,16.65,584.0,296.0,748.0,16.65,3.0,6.66,roster,0,132.0,110.0,1.913,106.53,6.4532,1.1,1.0511,3.0,94.38,14.76,0.0,17.39,18.7
2024-02-26 01:00:00,1,33,33,1.0,3.0,26.0,3.0,0.0,1.0,1,1,19,0,19,0,17.65,567.0,192.0,808.0,17.65,3.0,6.66,roster,0,101.0,82.5,1.6032,86.07,2.9846,0.825,0.1502,3.0606,70.78,16.5,0.0,18.79,20.2
2024-02-26 02:00:00,2,32,32,1.0,3.0,25.0,3.0,0.0,1.0,1,1,19,0,19,0,18.65,627.0,252.0,868.0,18.65,3.0,6.66,roster,0,98.0,80.0,1.5556,85.32,2.9098,0.8,0.1502,3.0625,68.64,16.5,0.0,20.18,21.7
2024-02-26 03:00:00,3,34,34,1.0,3.0,28.0,2.0,0.0,1.0,7,5,19,0,19,0,19.65,687.0,312.0,928.0,19.65,3.0,6.66,roster,0,105.0,85.0,1.6667,91.0,4.9435,0.85,0.7508,3.0882,72.93,16.5,0.0,21.58,23.2
2024-02-26 04:00:00,4,32,32,1.0,3.0,25.0,3.0,0.0,1.0,2,2,18,0,18,0,20.65,785.5,387.0,988.0,20.65,3.0,6.66,roster,0,98.0,80.0,1.4848,87.24,3.3697,0.8,0.3003,3.0625,68.64,15.63,0.0,22.97,24.7
2024-02-26 05:00:00,5,33,33,1.0,4.0,26.0,2.0,0.0,1.0,4,4,18,0,18,0,21.65,845.5,447.0,1048.0,21.65,3.0,6.66,roster,0,103.0,82.5,1.5606,90.78,4.4496,0.825,0.6006,3.1212,70.78,15.63,0.0,24.37,26.2
2024-02-26 06:00:00,6,27,27,1.0,3.0,21.0,2.0,0.0,1.0,1,1,18,0,18,0,22.65,905.5,507.0,1108.0,22.65,3.0,6.66,roster,0,84.0,67.5,1.2727,79.31,2.5671,0.675,0.1502,3.1111,57.92,15.63,0.0,25.76,27.7
2024-02-26 07:00:00,7,29,29,1.0,4.0,22.0,2.0,0.0,1.0,2,2,18,0,18,0,23.65,965.5,567.0,1168.0,23.65,3.0,6.66,roster,0,91.0,72.5,1.3788,84.99,3.2173,0.725,0.3003,3.1379,62.2,15.63,0.0,27.16,29.2
2024-02-26 08:00:00,8,29,29,1.0,4.0,22.0,2.0,0.0,1.0,0,0,18,1,19,1,24.65,987.0,605.0,1228.0,24.65,3.0,7.19,roster,0,91.0,72.5,1.4444,100.65,2.275,0.725,0.0,3.1379,62.2,16.5,13.4,28.55,30.7
2024-02-26 09:00:00,9,30,30,1.0,4.0,22.0,3.0,0.0,1.0,7,6,15,1,16,1,25.65,1085.5,836.0,1342.0,25.65,3.0,7.19,roster,0,93.0,75.0,1.2917,102.84,4.9119,0.75,0.8345,3.1,64.35,13.89,13.4,31.2,33.55
2024-02-26 10:00:00,10,43,43,2.0,5.0,32.0,4.0,0.0,1.0,17,17,15,1,16,1,26.65,1057.0,695.0,1402.0,26.65,4.0,10.44,roster,0,134.0,107.5,1.3958,132.12,8.4244,1.075,1.6284,3.1163,92.24,13.89,13.4,32.6,35.05
2024-02-26 11:00:00,11,46,46,2.0,5.0,35.0,4.0,0.0,1.0,11,11,14,2,16,2,24.55,855.5,260.0,1244.0,24.55,4.0,10.44,roster,0,143.0,115.0,1.4896,148.29,6.8504,1.15,1.0536,3.1087,98.67,13.89,26.8,28.92,31.1
2024-02-26 12:00:00,12,47,47,3.0,5.0,35.0,4.0,0.0,1.0,12,12,16,1,17,1,25.55,779.0,168.0,1227.0,25.55,4.0,10.44,roster,0,148.0,117.5,1.6087,137.5,7.3195,1.175,1.1494,3.1489,100.82,14.76,13.4,28.53,30.675
2024-02-26 13:00:00,13,45,45,4.0,6.0,34.0,1.0,0.0,1.0,9,9,17,3,20,3,25.467,220.5,117.0,875.0,25.467,4.0,10.44,roster,0,148.0,112.5,1.85,154.43,6.5352,1.125,0.8621,3.2889,96.52,17.37,40.2,20.34,21.875
2024-02-26 14:00:00,14,46,46,3.0,10.0,31.0,2.0,0.0,1.0,11,11,18,3,21,3,22.45,217.0,142.0,353.0,22.45,4.0,10.44,roster,0,152.0,115.0,2.0,145.31,7.2816,1.15,1.0536,3.3043,98.67,18.23,40.2,8.21,8.825
2024-02-26 15:00:00,15,42,42,1.0,10.0,29.0,2.0,0.0,1.0,8,8,14,2,16,2,15.983,200.5,169.0,250.0,15.983,4.0,10.44,roster,0,136.0,105.0,1.4167,116.6,5.8813,1.05,0.7663,3.2381,90.09,13.89,26.8,5.81,6.25
2024-02-26 16:00:00,16,43,43,1.0,12.0,29.0,1.0,0.0,1.0,10,10,15,1,16,1,10.667,239.5,161.0,297.0,5.683,4.0,10.44,roster,0,142.0,107.5,1.4792,106.43,6.7131,1.075,0.9579,3.3023,92.24,13.89,13.4,6.91,7.425
2024-02-26 17:00:00,17,44,44,0.0,10.0,33.0,1.0,0.0,1.0,11,11,16,2,18,2,8.7,291.5,202.0,353.0,6.683,4.0,10.44,roster,0,141.0,110.0,1.6023,125.02,6.9014,1.1,1.0536,3.2045,94.38,15.63,26.8,8.21,8.825
2024-02-26 18:00:00,18,41,41,0.0,11.0,27.0,3.0,0.0,1.0,5,5,18,3,21,3,9.7,270.0,129.0,379.0,7.683,4.0,10.44,roster,0,131.0,102.5,1.7237,135.19,4.8052,1.025,0.4789,3.1951,87.94,18.23,40.2,8.81,9.475
2024-02-26 19:00:00,19,41,41,0.0,8.0,29.0,4.0,0.0,1.0,8,8,14,2,16,2,10.7,377.5,264.0,477.0,8.683,4.0,10.44,roster,0,127.0,102.5,1.3229,119.73,5.5486,1.025,0.7663,3.0976,87.94,13.89,26.8,11.09,11.925
2024-02-26 20:00:00,20,39,39,0.0,8.0,28.0,2.0,1.0,1.0,7,7,13,2,15,2,9.683,401.0,230.0,537.0,9.683,4.0,10.68,roster,0,121.0,97.5,1.21,115.96,5.0585,0.975,0.6554,3.1026,83.66,13.02,26.8,12.49,13.425
2024-02-26 21:00:00,21,42,42,0.0,8.0,29.0,4.0,1.0,1.0,10,11,14,2,16,2,10.683,437.5,286.0,597.0,10.683,4.0,10.68,roster,0,128.0,105.0,1.3333,124.66,6.3389,1.05,1.03,3.0476,90.09,13.89,26.8,13.88,14.925
2024-02-26 22:00:00,22,39,39,0.0,10.0,27.0,2.0,0.0,1.0,9,8,14,2,16,2,11.683,397.0,312.0,619.0,11.683,3.0,7.43,roster,0,125.0,97.5,1.7361,118.74,6.576,0.975,1.0767,3.2051,83.66,13.89,26.8,14.39,15.475
2024-02-26 23:00:00,23,43,43,0.0,11.0,27.0,5.0,0.0,1.0,11,10,14,2,16,2,12.683,408.0,207.0,679.0,12.683,3.0,7.43,roster,0,135.0,107.5,1.875,128.71,7.6005,1.075,1.3459,3.1395,92.24,13.89,26.8,15.79,16.975
2024-02-27 00:00:00,0,30,30,0.0,9.0,18.0,3.0,0.0,1.0,2,1,14,2,16,2,13.683,468.0,267.0,739.0,13.683,3.0,7.43,roster,0,96.0,75.0,1.3333,102.22,2.8307,0.75,0.1346,3.2,64.35,13.89,26.8,17.18,18.475
2024-02-27 01:00:00,1,26,26,0.0,9.0,15.0,2.0,0.0,1.0,5,2,14,2,16,2,14.683,528.0,327.0,799.0,14.683,3.0,7.43,roster,0,85.0,65.0,1.1806,95.04,3.005,0.65,0.2692,3.2692,55.77,13.89,26.8,18.58,19.975
2024-02-27 02:00:00,2,31,31,0.0,10.0,16.0,5.0,0.0,1.0,8,7,15,1,16,1,15.683,574.0,384.0,859.0,15.683,3.0,7.43,roster,0,98.0,77.5,1.3611,93.76,5.4283,0.775,0.9421,3.1613,66.5,13.89,13.4,19.97,21.475
2024-02-27 03:00:00,3,28,28,0.0,12.0,14.0,2.0,0.0,1.0,4,3,15,1,16,1,16.683,634.0,444.0,919.0,16.683,3.0,7.43,roster,0,94.0,70.0,1.3056,88.72,3.7055,0.7,0.4038,3.3571,60.06,13.89,13.4,21.37,22.975
2024-02-27 04:00:00,4,26,26,0.0,12.0,12.0,2.0,0.0,1.0,1,1,16,1,17,1,17.683,682.0,431.0,881.0,17.683,3.0,7.43,roster,0,88.0,65.0,1.2754,84.41,2.6555,0.65,0.1346,3.3846,55.77,14.76,13.4,20.48,22.025
2024-02-27 05:00:00,5,27,27,1.0,11.0,13.0,2.0,0.0,1.0,2,2,16,0,16,0,18.683,754.0,564.0,1039.0,18.683,3.0,7.43,roster,0,92.0,67.5,1.2778,75.96,3.2172,0.675,0.2692,3.4074,57.92,13.89,0.0,24.16,25.975
2024-02-27 06:00:00,6,25,25,1.0,11.0,11.0,2.0,0.0,1.0,0,0,16,1,17,1,19.683,802.0,551.0,1001.0,19.683,3.0,7.43,roster,0,86.0,62.5,1.2464,85.06,2.15,0.625,0.0,3.44,53.62,14.76,13.4,23.27,25.025
2024-02-27 07:00:00,7,25,25,1.0,11.0,11.0,2.0,0.0,1.0,2,1,15,1,16,1,20.683,874.0,684.0,1159.0,20.683,3.0,7.43,roster,0,86.0,62.5,1.1944,87.86,2.613,0.625,0.1346,3.44,53.62,13.89,13.4,26.95,28.975
2024-02-27 08:00:00,8,28,28,1.0,14.0,11.0,2.0,0.0,1.0,5,3,16,1,17,1,21.683,922.0,664.0,1121.0,21.683,3.0,6.41,roster,0,98.0,70.0,1.4203,94.28,4.0881,0.7,0.468,3.5,60.06,14.76,13.4,26.06,28.025
2024-02-27 09:00:00,9,32,32,1.0,13.0,14.0,4.0,0.0,1.0,8,8,14,1,15,1,22.683,807.0,296.0,1134.0,22.683,3.0,6.41,roster,0,107.0,80.0,1.4267,101.43,6.8482,0.8,1.248,3.3438,68.64,13.02,13.4,26.37,28.35
2024-02-27 10:00:00,10,38,38,2.0,15.0,19.0,1.0,1.0,1.0,12,12,14,1,15,1,23.683,586.0,129.0,1066.0,23.683,4.0,9.45,roster,0,130.0,95.0,1.3,112.72,7.5942,0.95,1.2698,3.4211,81.51,13.02,13.4,24.78,26.65
2024-02-27 11:00:00,11,39,39,2.0,17.0,18.0,1.0,1.0,1.0,8,8,13,2,15,2,24.683,189.0,113.0,927.0,24.683,4.0,9.45,roster,0,135.0,97.5,1.35,125.03,6.3054,0.975,0.8466,3.4615,83.66,13.02,26.8,21.55,23.175
2024-02-27 12:00:00,12,36,36,2.0,13.0,18.0,3.0,0.0,1.0,7,7,11,3,14,3,25.683,188.5,134.0,476.0,25.683,4.0,9.45,roster,0,122.0,90.0,1.1731,120.64,5.5603,0.9,0.7407,3.3889,77.22,12.16,40.2,11.07,11.9
2024-02-27 13:00:00,13,37,37,2.0,13.0,19.0,3.0,0.0,1.0,10,10,13,3,16,3,26.683,214.5,152.0,536.0,26.683,4.0,9.45,roster,0,125.0,92.5,1.3021,125.92,6.7,0.925,1.0582,3.3784,79.36,13.89,40.2,12.46,13.4
2024-02-27 14:00:00,14,35,35,1.0,13.0,19.0,2.0,0.0,1.0,5,6,13,2,15,2,27.683,212.0,125.0,293.0,27.683,4.0,9.45,roster,0,118.0,87.5,1.18,101.71,5.0906,0.875,0.6349,3.3714,75.08,13.02,26.8,6.81,7.325
2024-02-27 15:00:00,15,36,36,1.0,8.0,25.0,2.0,0.0,1.0,8,8,11,1,12,1,13.483,217.0,176.0,347.0,7.15,4.0,9.45,roster,0,116.0,90.0,1.0357,89.11,5.6278,0.9,0.8466,3.2222,77.22,10.42,13.4,8.07,8.675
2024-02-27 16:00:00,16,32,32,0.0,7.0,22.0,3.0,0.0,1.0,8,6,10,1,11,1,14.483,245.0,137.0,332.0,8.15,4.0,9.45,roster,0,100.0,80.0,0.8621,79.31,4.4841,0.8,0.6349,3.125,68.64,9.55,13.4,7.72,8.3
2024-02-27 17:00:00,17,38,38,0.0,6.0,27.0,4.0,1.0,1.0,9,9,9,1,10,1,15.483,307.0,197.0,392.0,9.15,4.0,9.45,roster,0,114.0,95.0,0.95,92.71,5.7071,0.95,0.9524,3.0,81.51,8.68,13.4,9.11,9.8
2024-02-27 18:00:00,18,32,32,0.0,6.0,23.0,3.0,0.0,1.0,5,5,13,1,14,1,16.483,293.0,117.0,425.0,10.15,4.0,9.45,roster,0,99.0,80.0,0.9519,84.08,4.1119,0.8,0.5291,3.0938,68.64,12.16,13.4,9.88,10.625
2024-02-27 19:00:00,19,33,33,0.0,4.0,25.0,4.0,0.0,1.0,6,6,13,2,15,2,17.483,283.0,135.0,429.0,11.15,4.0,9.45,roster,0,99.0,82.5,0.99,100.58,4.3798,0.825,0.6349,3.0,70.78,13.02,26.8,9.97,10.725
2024-02-27 20:00:00,20,21,21,0.0,1.0,17.0,2.0,1.0,1.0,8,7,7,1,8,1,11.567,232.0,161.0,377.0,8.083,4.0,9.84,roster,0,60.0,52.5,0.4688,54.16,3.5325,0.525,0.7114,2.8571,45.04,6.95,13.4,8.77,9.425
2024-02-27 21:00:00,21,26,26,1.0,1.0,22.0,2.0,0.0,1.0,10,10,8,0,8,0,12.567,292.0,208.0,437.0,9.083,4.0,9.84,roster,0,79.0,65.0,0.6172,52.88,5.0629,0.65,1.0163,3.0385,55.77,6.95,0.0,10.16,10.925
2024-02-27 22:00:00,22,25,25,1.0,1.0,22.0,1.0,0.0,1.0,6,5,10,1,11,1,13.567,198.0,90.0,357.0,8.283,3.0,6.8,roster,0,77.0,62.5,0.8851,64.88,4.1897,0.625,0.7353,3.08,53.62,9.55,13.4,8.3,8.925
2024-02-27 23:00:00,23,22,22,0.0,0.0,18.0,4.0,0.0,1.0,6,6,9,0,9,0,9.283,258.0,150.0,417.0,9.283,3.0,6.8,roster,0,62.0,55.0,0.6667,44.7,4.0366,0.55,0.8824,2.8182,47.19,7.81,0.0,9.7,10.425
2024-02-28 00:00:00,0,25,25,0.0,1.0,15.0,9.0,0.0,1.0,12,9,10,0,10,0,10.283,277.0,207.0,477.0,10.283,3.0,6.8,roster,0,67.0,62.5,0.7444,53.4,5.2221,0.625,1.3235,2.68,53.62,8.68,0.0,11.09,11.925
2024-02-28 01:00:00,1,26,26,0.0,2.0,17.0,7.0,0.0,1.0,6,5,12,1,13,1,11.283,270.0,153.0,527.0,11.283,3.0,6.8,roster,0,73.0,65.0,0.9012,72.71,3.8895,0.65,0.7353,2.8077,55.77,11.29,13.4,12.25,13.175
2024-02-28 02:00:00,2,25,25,0.0,4.0,18.0,3.0,0.0,1.0,7,5,14,0,14,0,12.283,328.5,162.0,587.0,12.283,3.0,6.8,roster,0,76.0,62.5,0.9744,59.43,4.1353,0.625,0.7353,3.04,53.62,12.16,0.0,13.65,14.675
2024-02-28 03:00:00,3,26,26,0.0,3.0,19.0,4.0,0.0,1.0,6,6,15,0,15,0,13.283,387.0,196.0,647.0,13.283,3.0,6.8,roster,0,77.0,65.0,1.0267,63.84,4.5381,0.65,0.8824,2.9615,55.77,13.02,0.0,15.04,16.175
2024-02-28 04:00:00,4,22,22,0.0,3.0,17.0,2.0,0.0,1.0,0,0,15,1,16,1,14.283,422.5,256.0,707.0,14.283,3.0,6.8,roster,0,67.0,55.0,0.9306,70.92,1.675,0.55,0.0,3.0455,47.19,13.89,13.4,16.44,17.675
2024-02-28 05:00:00,5,22,22,0.0,3.0,17.0,2.0,0.0,1.0,1,1,15,1,16,1,15.283,482.5,316.0,767.0,15.283,3.0,6.8,roster,0,67.0,55.0,0.9306,72.32,2.1229,0.55,0.1471,3.0455,47.19,13.89,13.4,17.83,19.175
2024-02-28 06:00:00,6,19,19,0.0,3.0,14.0,2.0,0.0,1.0,1,0,15,0,15,0,16.283,567.0,376.0,827.0,16.283,3.0,6.8,roster,0,58.0,47.5,0.7733,53.01,1.45,0.475,0.0,3.0526,40.75,13.02,0.0,19.23,20.675
2024-02-28 07:00:00,7,21,21,0.0,3.0,16.0,2.0,0.0,1.0,4,4,15,0,15,0,17.283,627.0,436.0,887.0,17.283,3.0,6.8,roster,0,64.0,52.5,0.8533,58.69,3.3927,0.525,0.5882,3.0476,45.04,13.02,0.0,20.62,22.175
2024-02-28 08:00:00,8,23,23,0.0,3.0,17.0,3.0,0.0,1.0,5,3,16,0,16,0,18.283,662.5,496.0,947.0,18.283,3.0,6.62,roster,0,69.0,57.5,0.9583,65.25,3.0845,0.575,0.4532,3.0,49.33,13.89,0.0,22.02,23.675
2024-02-28 09:00:00,9,28,28,0.0,3.0,23.0,2.0,0.0,1.0,8,8,15,0,15,0,19.283,747.0,530.0,1007.0,19.283,3.0,6.62,roster,0,85.0,70.0,1.1333,76.5,5.7935,0.7,1.2085,3.0357,60.06,13.02,0.0,23.41,25.175
2024-02-28 10:00:00,10,35,35,0.0,4.0,29.0,2.0,0.0,1.0,11,11,16,0,16,0,20.283,782.5,548.0,1067.0,20.283,4.0,10.32,roster,0,107.0,87.5,1.1146,93.78,5.9336,0.875,1.0659,3.0571,75.08,13.89,0.0,24.81,26.675
2024-02-28 11:00:00,11,30,30,0.0,3.0,24.0,3.0,0.0,1.0,13,13,11,0,11,0,19.817,151.0,107.0,818.0,18.783,4.0,10.32,roster,0,90.0,75.0,0.7759,72.92,6.0291,0.75,1.2597,3.0,64.35,9.55,0.0,19.02,20.45
2024-02-28 12:00:00,12,25,25,2.0,1.0,21.0,1.0,0.0,1.0,9,8,8,1,9,1,20.817,157.0,111.0,175.0,14.633,4.0,10.32,roster,0,79.0,62.5,0.6371,58.91,4.4246,0.625,0.7752,3.16,53.62,7.81,13.4,4.07,4.375
2024-02-28 13:00:00,13,32,32,2.0,5.0,24.0,1.0,0.0,1.0,11,10,11,1,12,1,21.817,176.5,139.0,235.0,15.633,4.0,10.32,roster,0,104.0,80.0,0.9286,77.92,5.7492,0.8,0.969,3.25,68.64,10.42,13.4,5.46,5.875
2024-02-28 14:00:00,14,34,34,2.0,7.0,23.0,2.0,0.0,1.0,11,11,9,1,10,1,22.817,236.5,142.0,287.0,5.517,4.0,10.32,roster,0,111.0,85.0,0.925,81.69,6.2548,0.85,1.0659,3.2647,72.93,8.68,13.4,6.67,7.175
2024-02-28 15:00:00,15,33,33,2.0,7.0,21.0,3.0,0.0,1.0,13,8,9,1,10,1,23.817,296.5,186.0,347.0,6.517,4.0,10.32,roster,0,107.0,82.5,0.8917,80.94,5.1885,0.825,0.7752,3.2424,70.78,8.68,13.4,8.07,8.675
2024-02-28 16:00:00,16,26,26,2.0,7.0,15.0,2.0,0.0,1.0,8,6,9,1,10,1,24.817,306.5,221.0,397.0,7.517,4.0,10.32,roster,0,87.0,65.0,0.725,67.08,4.1204,0.65,0.5814,3.3462,55.77,8.68,13.4,9.23,9.925
2024-02-28 17:00:00,17,26,26,2.0,8.0,15.0,1.0,0.0,1.0,12,8,9,1,10,1,25.817,314.0,236.0,422.0,8.517,4.0,10.32,roster,0,89.0,65.0,0.7417,67.66,4.8785,0.65,0.7752,3.4231,55.77,8.68,13.4,9.81,10.55
2024-02-28 18:00:00,18,30,30,2.0,7.0,19.0,1.0,1.0,1.0,14,11,9,1,10,1,26.817,374.0,296.0,482.0,9.517,4.0,10.32,roster,0,98.0,75.0,0.8167,77.64,5.9319,0.75,1.0659,3.2667,64.35,8.68,13.4,11.21,12.05
2024-02-28 19:00:00,19,27,27,2.0,7.0,16.0,2.0,0.0,1.0,8,6,12,1,13,1,27.817,401.0,197.0,531.0,10.517,4.0,10.32,roster,0,90.0,67.5,0.8333,74.95,4.188,0.675,0.5814,3.3333,57.92,11.29,13.4,12.35,13.275
2024-02-28 20:00:00,20,30,30,2.0,6.0,19.0,3.0,0.0,1.0,8,7,12,1,13,1,28.817,461.0,257.0,591.0,11.517,4.0,12.03,roster,0,97.0,75.0,0.8981,82.78,4.3064,0.75,0.5819,3.2333,64.35,11.29,13.4,13.74,14.775
2024-02-28 21:00:00,21,33,33,2.0,7.0,19.0,5.0,0.0,1.0,9,8,11,1,12,1,29.817,498.5,317.0,651.0,11.917,4.0,12.03,roster,0,105.0,82.5,0.9375,89.74,4.7409,0.825,0.665,3.1818,70.78,10.42,13.4,15.14,16.275
2024-02-28 22:00:00,22,31,31,2.0,6.0,19.0,4.0,0.0,1.0,11,9,10,1,11,1,30.817,536.0,232.0,622.0,12.917,3.0,8.33,roster,0,99.0,77.5,1.1379,83.91,5.9254,0.775,1.0804,3.1935,66.5,9.55,13.4,14.46,15.55
2024-02-28 23:00:00,23,32,32,2.0,4.0,23.0,3.0,0.0,1.0,8,9,10,1,11,1,31.817,596.0,292.0,682.0,13.917,3.0,8.33,roster,0,101.0,80.0,1.1609,87.45,5.9351,0.8,1.0804,3.1562,68.64,9.55,13.4,15.86,17.05
2024-02-29 00:00:00,0,21,21,2.0,3.0,14.0,2.0,0.0,1.0,3,3,9,1,10,1,32.817,678.5,383.0,742.0,14.917,3.0,8.33,roster,0,68.0,52.5,0.7556,64.38,2.8662,0.525,0.3601,3.2381,45.04,8.68,13.4,17.25,18.55
2024-02-29 01:00:00,1,21,21,2.0,3.0,14.0,2.0,0.0,1.0,4,4,9,1,10,1,33.817,738.5,443.0,802.0,15.917,3.0,8.33,roster,0,68.0,52.5,0.7556,65.77,3.2549,0.525,0.4802,3.2381,45.04,8.68,13.4,18.65,20.05
2024-02-29 02:00:00,2,23,23,3.0,3.0,15.0,2.0,0.0,1.0,2,2,9,1,10,1,34.817,798.5,503.0,862.0,16.917,3.0,8.33,roster,0,76.0,57.5,0.8444,71.46,2.6934,0.575,0.2401,3.3043,49.33,8.68,13.4,20.04,21.55
2024-02-29 03:00:00,3,23,23,3.0,4.0,14.0,2.0,0.0,1.0,6,6,10,1,11,1,35.817,836.0,532.0,922.0,17.917,3.0,8.33,roster,0,77.0,57.5,0.8851,73.72,4.3364,0.575,0.7203,3.3478,49.33,9.55,13.4,21.44,23.05
2024-02-29 04:00:00,4,28,28,3.0,4.0,18.0,3.0,0.0,1.0,7,5,10,1,11,1,36.817,896.0,592.0,982.0,18.917,3.0,8.33,roster,0,91.0,70.0,1.046,85.84,4.2258,0.7,0.6002,3.25,60.06,9.55,13.4,22.83,24.55
2024-02-29 05:00:00,5,26,26,3.0,4.0,16.0,3.0,0.0,1.0,2,2,12,1,13,1,37.817,882.0,494.0,1026.0,19.917,3.0,8.33,roster,0,85.0,65.0,1.0494,84.31,2.9099,0.65,0.2401,3.2692,55.77,11.29,13.4,23.85,25.65
2024-02-29 06:00:00,6,27,27,3.0,4.0,18.0,2.0,0.0,1.0,5,4,12,1,13,1,38.817,942.0,554.0,1086.0,20.917,3.0,8.33,roster,0,89.0,67.5,1.0988,87.85,3.8079,0.675,0.4802,3.2963,57.92,11.29,13.4,25.25,27.15
2024-02-29 07:00:00,7,21,21,3.0,3.0,13.0,2.0,0.0,1.0,1,1,12,1,13,1,39.817,1002.0,614.0,1146.0,21.917,3.0,8.33,roster,0,70.0,52.5,0.8642,76.38,2.1502,0.525,0.12,3.3333,45.04,11.29,13.4,26.64,28.65
2024-02-29 08:00:00,8,22,22,3.0,3.0,14.0,2.0,0.0,1.0,2,2,12,1,13,1,40.817,1062.0,674.0,1206.0,22.917,3.0,7.13,roster,0,73.0,55.0,0.9012,79.92,2.7558,0.55,0.2805,3.3182,47.19,11.29,13.4,28.04,30.15
2024-02-29 09:00:00,9,27,27,2.0,2.0,20.0,3.0,0.0,1.0,11,11,11,1,12,1,41.817,1159.0,892.0,1282.0,23.917,3.0,7.13,roster,0,84.0,67.5,1.0,91.54,6.8998,0.675,1.5428,3.1111,57.92,10.42,13.4,29.81,32.05
2024-02-29 10:00:00,10,33,33,2.0,3.0,26.0,2.0,0.0,1.0,12,12,13,1,14,1,24.917,967.5,129.0,1326.0,24.917,4.0,10.47,roster,0,104.0,82.5,1.0,107.17,6.2121,0.825,1.1461,3.1515,70.78,12.16,13.4,30.83,33.15
2024-02-29 11:00:00,11,39,39,1.0,4.0,31.0,2.0,1.0,1.0,11,12,14,2,16,2,25.917,318.0,123.0,1242.0,25.917,4.0,10.47,roster,0,119.0,97.5,1.2396,133.22,6.4722,0.975,1.1461,3.0513,83.66,13.89,26.8,28.88,31.05
2024-02-29 12:00:00,12,33,33,2.0,4.0,26.0,1.0,0.0,1.0,9,9,10,2,12,2,25.85,198.5,129.0,1103.0,25.85,4.0,10.47,roster,0,106.0,82.5,0.9464,113.65,5.4111,0.825,0.8596,3.2121,70.78,10.42,26.8,25.64,27.575
2024-02-29 13:00:00,13,37,37,4.0,5.0,27.0,1.0,0.0,1.0,10,10,10,2,12,2,26.85,258.5,189.0,1163.0,26.85,4.0,10.47,roster,0,123.0,92.5,1.0982,123.62,6.2501,0.925,0.9551,3.3243,79.36,10.42,26.8,27.04,29.075
2024-02-29 14:00:00,14,46,46,4.0,6.0,34.0,2.0,0.0,1.0,14,13,12,3,15,3,27.85,249.0,101.0,348.0,27.85,4.0,10.47,roster,0,150.0,115.0,1.5,139.99,7.7988,1.15,1.2416,3.2609,98.67,13.02,40.2,8.09,8.7
2024-02-29 15:00:00,15,47,47,4.0,7.0,34.0,2.0,0.0,1.0,10,10,13,4,17,4,27.1,161.0,99.0,315.0,27.1,4.0,10.47,roster,0,154.0,117.5,1.6739,156.5,6.9795,1.175,0.9551,3.2766,100.82,14.76,53.6,7.32,7.875
2024-02-29 16:00:00,16,45,45,4.0,7.0,31.0,2.0,1.0,1.0,6,6,12,4,16,4,21.867,183.5,141.0,369.0,21.867,4.0,10.47,roster,0,146.0,112.5,1.5208,152.6,5.5093,1.125,0.5731,3.2444,96.52,13.89,53.6,8.58,9.225
2024-02-29 17:00:00,17,48,48,4.0,7.0,32.0,4.0,1.0,1.0,8,8,15,5,20,5,22.867,213.0,140.0,422.0,22.867,4.0,10.47,roster,0,153.0,120.0,1.9125,177.14,6.2605,1.2,0.7641,3.1875,102.96,17.37,67.0,9.81,10.55
2024-02-29 18:00:00,18,41,41,3.0,7.0,24.0,7.0,0.0,1.0,7,7,20,3,23,3,23.867,255.0,129.0,316.0,23.867,4.0,10.47,roster,0,129.0,102.5,1.8971,135.46,5.3286,1.025,0.6686,3.1463,87.94,19.97,40.2,7.35,7.9
2024-02-29 19:00:00,19,44,44,4.0,8.0,24.0,8.0,0.0,1.0,8,8,21,3,24,3,24.867,287.5,189.0,376.0,24.867,4.0,10.47,roster,0,140.0,110.0,2.1875,144.16,5.9312,1.1,0.7641,3.1818,94.38,20.84,40.2,8.74,9.4
2024-02-29 20:00:00,20,46,46,4.0,8.0,25.0,9.0,0.0,1.0,8,8,24,4,28,4,25.867,270.5,192.0,421.0,25.867,4.0,9.75,roster,0,145.0,115.0,3.0208,166.37,6.2114,1.15,0.8205,3.1522,98.67,24.31,53.6,9.79,10.525
2024-02-29 21:00:00,21,41,41,3.0,8.0,24.0,6.0,0.0,1.0,7,5,23,3,26,3,26.867,320.5,190.0,481.0,26.867,4.0,9.75,roster,0,131.0,102.5,2.3393,141.9,4.9135,1.025,0.5128,3.1951,87.94,22.58,40.2,11.18,12.025
2024-02-29 22:00:00,22,46,46,2.0,8.0,28.0,8.0,0.0,1.0,12,10,25,2,27,2,27.867,356.0,229.0,501.0,27.867,3.0,6.41,roster,0,142.0,115.0,3.641,140.56,8.3658,1.15,1.5601,3.087,98.67,23.44,26.8,11.65,12.525
2024-02-29 23:00:00,23,49,49,2.0,8.0,31.0,8.0,0.0,1.0,9,8,26,2,28,2,28.867,411.0,289.0,561.0,28.867,3.0,6.41,roster,0,151.0,122.5,4.1944,149.26,7.621,1.225,1.248,3.0816,105.1,24.31,26.8,13.04,14.025
