ts,hour,total,census,l1,l2,l3,l4,l5,tri_coverage,arrivals,arrival_present_1h,waitBed,waitICU,D_board,resus,maxLOS_h,awt_curr_min,board_q1_min,board_q3_min,board_max_h,Na,cap_sum,cap_source,src_gap,acuity,OCCUPANCY,EDWIN,NEDOCS,READI,READI_BR,READI_PR,READI_AR,NEDOCS_t_total,NEDOCS_t_board,NEDOCS_t_resus,NEDOCS_t_longest_admit,NEDOCS_E_h
2022-11-01 00:00:00,0,23,23,1.0,3.0,17.0,2.0,0.0,1.0,2,2,8,0,8,0,7.383,258.5,184.0,334.0,5.783,3.0,8.39,roster,0,72.0,57.5,0.75,44.05,2.5462,0.575,0.2384,3.1304,49.33,6.95,0.0,7.77,8.35
2022-11-01 01:00:00,1,21,21,1.0,3.0,15.0,2.0,0.0,1.0,2,1,9,0,9,0,8.383,316.0,168.0,358.0,6.783,3.0,8.39,roster,0,66.0,52.5,0.7097,41.18,2.0246,0.525,0.1192,3.1429,45.04,7.81,0.0,8.32,8.95
2022-11-01 02:00:00,2,16,16,1.0,2.0,11.0,2.0,0.0,1.0,2,0,10,0,10,0,9.383,340.0,190.0,418.0,7.783,3.0,8.39,roster,0,50.0,40.0,0.5556,32.72,1.25,0.4,0.0,3.125,34.32,8.68,0.0,9.72,10.45
2022-11-01 03:00:00,3,18,18,1.0,3.0,12.0,2.0,0.0,1.0,3,3,9,0,9,0,10.383,364.0,250.0,441.0,8.567,3.0,8.39,roster,0,57.0,45.0,0.6129,36.68,2.5573,0.45,0.3576,3.1667,38.61,7.81,0.0,10.25,11.025
2022-11-01 04:00:00,4,17,17,1.0,3.0,11.0,2.0,0.0,1.0,2,1,9,0,9,0,11.383,348.0,286.0,496.0,8.967,3.0,8.39,roster,0,54.0,42.5,0.5806,35.81,1.7286,0.425,0.1192,3.1765,36.46,7.81,0.0,11.53,12.4
2022-11-01 05:00:00,5,17,17,1.0,2.0,12.0,2.0,0.0,1.0,2,1,9,0,9,0,12.383,408.0,346.0,556.0,9.967,3.0,8.39,roster,0,53.0,42.5,0.5699,37.21,1.6966,0.425,0.1192,3.1176,36.46,7.81,0.0,12.93,13.9
2022-11-01 06:00:00,6,19,19,1.0,2.0,13.0,3.0,0.0,1.0,4,4,9,0,9,0,13.383,468.0,406.0,616.0,10.967,3.0,8.39,roster,0,58.0,47.5,0.6237,42.89,2.9054,0.475,0.4768,3.0526,40.75,7.81,0.0,14.32,15.4
2022-11-01 07:00:00,7,16,16,1.0,1.0,13.0,1.0,0.0,1.0,0,0,12,0,12,0,14.383,478.0,205.0,676.0,11.967,3.0,8.39,roster,0,50.0,40.0,0.5952,40.46,1.25,0.4,0.0,3.125,34.32,10.42,0.0,15.72,16.9
2022-11-01 08:00:00,8,20,20,2.0,2.0,15.0,1.0,0.0,1.0,6,5,12,0,12,0,15.383,538.0,265.0,736.0,12.967,3.0,6.45,roster,0,65.0,50.0,0.7738,50.43,4.1444,0.5,0.7752,3.25,42.9,10.42,0.0,17.11,18.4
2022-11-01 09:00:00,9,24,24,1.0,2.0,20.0,1.0,0.0,1.0,10,8,11,0,11,0,13.967,610.0,325.0,796.0,13.967,3.0,6.45,roster,0,75.0,60.0,0.8621,59.54,5.751,0.6,1.2403,3.125,51.48,9.55,0.0,18.51,19.9
2022-11-01 10:00:00,10,25,25,2.0,1.0,18.0,4.0,0.0,1.0,8,8,10,0,10,0,14.35,658.0,255.0,784.0,14.35,4.0,9.7,roster,0,76.0,62.5,0.6333,60.54,4.4072,0.625,0.8247,3.04,53.62,8.68,0.0,18.23,19.6
2022-11-01 11:00:00,11,30,30,2.0,0.0,24.0,3.0,1.0,1.0,11,11,11,1,12,1,15.35,380.0,131.0,844.0,15.35,4.0,9.7,roster,0,89.0,75.0,0.7946,87.79,5.5893,0.75,1.134,2.9667,64.35,10.42,13.4,19.62,21.1
2022-11-01 12:00:00,12,37,37,2.0,3.0,30.0,2.0,0.0,1.0,15,13,12,1,13,1,16.35,211.0,156.0,790.0,16.35,4.0,9.7,roster,0,116.0,92.5,1.0741,102.42,7.1017,0.925,1.3402,3.1351,79.36,11.29,13.4,18.37,19.75
2022-11-01 13:00:00,13,38,38,2.0,2.0,32.0,2.0,0.0,1.0,8,8,16,1,17,1,17.35,204.0,109.0,271.0,17.35,4.0,9.7,roster,0,118.0,95.0,1.2826,95.97,5.511,0.95,0.8247,3.1053,81.51,14.76,13.4,6.3,6.775
2022-11-01 14:00:00,14,37,37,1.0,3.0,31.0,2.0,0.0,1.0,11,10,16,1,17,1,18.35,264.0,146.0,331.0,18.35,4.0,9.7,roster,0,114.0,92.5,1.2391,95.22,6.0264,0.925,1.0309,3.0811,79.36,14.76,13.4,7.7,8.275
2022-11-01 15:00:00,15,29,29,0.0,2.0,26.0,1.0,0.0,1.0,3,2,14,1,15,1,19.35,227.0,127.0,336.0,19.35,4.0,9.7,roster,0,88.0,72.5,0.88,76.44,2.8257,0.725,0.2062,3.0345,62.2,13.02,13.4,7.81,8.4
2022-11-01 16:00:00,16,23,23,0.0,2.0,19.0,2.0,0.0,1.0,6,6,9,0,9,0,7.183,257.0,142.0,384.0,7.183,4.0,9.7,roster,0,69.0,57.5,0.5565,46.08,3.5807,0.575,0.6186,3.0,49.33,7.81,0.0,8.93,9.6
2022-11-01 17:00:00,17,23,23,0.0,2.0,18.0,3.0,0.0,1.0,7,7,9,0,9,0,8.183,317.0,202.0,444.0,8.183,4.0,9.7,roster,0,68.0,57.5,0.5484,47.47,3.8336,0.575,0.7216,2.9565,49.33,7.81,0.0,10.32,11.1
2022-11-01 18:00:00,18,20,20,1.0,2.0,14.0,3.0,0.0,1.0,2,3,8,0,8,0,9.183,284.5,257.0,516.0,9.183,4.0,9.7,roster,0,61.0,50.0,0.4766,41.84,2.4683,0.5,0.3093,3.05,42.9,6.95,0.0,12.0,12.9
2022-11-01 19:00:00,19,19,19,0.0,0.0,17.0,2.0,0.0,1.0,7,6,4,0,4,0,10.183,402.0,367.0,611.0,10.183,4.0,9.7,roster,0,55.0,47.5,0.3819,38.43,3.1656,0.475,0.6186,2.8947,40.75,3.47,0.0,14.21,15.275
2022-11-01 20:00:00,20,30,30,0.0,2.0,24.0,3.0,1.0,1.0,17,16,2,0,2,0,8.283,293.0,89.0,497.0,8.283,4.0,10.43,roster,0,87.0,75.0,0.5724,57.64,6.6237,0.75,1.534,2.9,64.35,1.74,0.0,11.56,12.425
2022-11-01 21:00:00,21,28,28,1.0,3.0,24.0,0.0,0.0,1.0,7,5,7,1,8,1,9.283,93.5,85.0,149.0,9.283,4.0,10.43,roster,0,89.0,70.0,0.6953,63.87,3.7488,0.7,0.4794,3.1786,60.06,6.95,13.4,3.46,3.725
2022-11-01 22:00:00,22,24,24,1.0,2.0,20.0,1.0,0.0,1.0,9,6,6,2,8,2,10.283,148.5,124.0,157.0,10.283,3.0,7.18,roster,0,75.0,60.0,0.7812,68.88,4.4864,0.6,0.8357,3.125,51.48,6.95,26.8,3.65,3.925
2022-11-01 23:00:00,23,25,25,0.0,2.0,20.0,2.0,1.0,1.0,9,9,6,1,7,1,9.517,184.0,78.0,215.0,3.617,3.0,7.18,roster,0,73.0,62.5,0.7374,58.1,5.4852,0.625,1.2535,2.92,53.62,6.08,13.4,5.0,5.375
2022-11-02 00:00:00,0,27,27,0.0,2.0,20.0,4.0,1.0,1.0,6,6,7,0,7,0,10.05,244.0,135.0,275.0,4.617,3.0,7.18,roster,0,77.0,67.5,0.7778,50.39,4.3082,0.675,0.8357,2.8519,57.92,6.08,0.0,6.39,6.875
2022-11-02 01:00:00,1,21,21,0.0,3.0,16.0,1.0,1.0,1.0,4,3,9,0,9,0,11.05,296.0,96.0,332.0,5.617,3.0,7.18,roster,0,63.0,52.5,0.6774,40.58,2.8285,0.525,0.4178,3.0,45.04,7.81,0.0,7.72,8.3
2022-11-02 02:00:00,2,21,21,0.0,3.0,17.0,1.0,0.0,1.0,4,3,9,0,9,0,12.05,356.0,156.0,392.0,6.617,3.0,7.18,roster,0,65.0,52.5,0.6989,41.97,2.9183,0.525,0.4178,3.0952,45.04,7.81,0.0,9.11,9.8
2022-11-02 03:00:00,3,17,17,0.0,3.0,13.0,1.0,0.0,1.0,4,3,9,0,9,0,13.05,416.0,216.0,452.0,7.617,3.0,7.18,roster,0,53.0,42.5,0.5699,34.79,2.6276,0.425,0.4178,3.1176,36.46,7.81,0.0,10.51,11.3
2022-11-02 04:00:00,4,16,16,0.0,3.0,11.0,2.0,0.0,1.0,2,2,9,0,9,0,14.05,476.0,276.0,512.0,8.617,3.0,7.18,roster,0,49.0,40.0,0.5269,34.04,2.0781,0.4,0.2786,3.0625,34.32,7.81,0.0,11.9,12.8
2022-11-02 05:00:00,5,18,18,0.0,4.0,13.0,1.0,0.0,1.0,5,5,9,0,9,0,15.05,536.0,336.0,572.0,9.617,3.0,7.18,roster,0,57.0,45.0,0.6129,39.72,3.6302,0.45,0.6964,3.1667,38.61,7.81,0.0,13.3,14.3
2022-11-02 06:00:00,6,14,14,0.0,3.0,10.0,1.0,0.0,1.0,0,0,10,0,10,0,16.05,496.0,374.0,632.0,10.617,3.0,7.18,roster,0,44.0,35.0,0.4889,33.41,1.1,0.35,0.0,3.1429,30.03,8.68,0.0,14.69,15.8
2022-11-02 07:00:00,7,15,15,0.0,3.0,11.0,1.0,0.0,1.0,3,2,10,0,10,0,17.05,556.0,434.0,692.0,11.617,3.0,7.18,roster,0,47.0,37.5,0.5222,36.95,2.0478,0.375,0.2786,3.1333,32.17,8.68,0.0,16.09,17.3
2022-11-02 08:00:00,8,16,16,0.0,3.0,12.0,1.0,0.0,1.0,3,2,10,1,11,1,18.05,516.0,219.0,752.0,12.617,3.0,6.5,roster,0,50.0,40.0,0.5747,54.76,2.2115,0.4,0.3077,3.125,34.32,9.55,13.4,17.48,18.8
2022-11-02 09:00:00,9,19,19,0.0,4.0,15.0,0.0,0.0,1.0,7,6,9,1,10,1,19.05,670.0,159.0,812.0,13.617,3.0,6.5,roster,0,61.0,47.5,0.6778,61.72,4.4886,0.475,0.9231,3.2105,40.75,8.68,13.4,18.88,20.3
2022-11-02 10:00:00,10,26,26,0.0,4.0,21.0,1.0,0.0,1.0,10,10,8,1,9,1,20.05,624.0,219.0,872.0,14.617,4.0,10.2,roster,0,81.0,65.0,0.6532,77.26,5.0793,0.65,0.9804,3.1154,55.77,7.81,13.4,20.27,21.8
2022-11-02 11:00:00,11,22,22,0.0,4.0,18.0,0.0,0.0,1.0,8,6,7,1,8,1,21.05,231.0,126.0,684.0,15.583,4.0,10.2,roster,0,70.0,55.0,0.5469,63.44,3.6217,0.55,0.5882,3.1818,47.19,6.95,13.4,15.9,17.1
2022-11-02 12:00:00,12,28,28,0.0,6.0,18.0,4.0,0.0,1.0,13,13,10,0,10,0,22.05,145.0,86.0,243.0,16.583,4.0,10.2,roster,0,86.0,70.0,0.7167,54.39,6.0646,0.7,1.2745,3.0714,60.06,8.68,0.0,5.65,6.075
2022-11-02 13:00:00,13,26,26,1.0,5.0,18.0,2.0,0.0,1.0,9,9,9,0,9,0,21.75,146.0,121.0,201.0,4.1,4.0,10.2,roster,0,83.0,65.0,0.6694,48.26,4.8917,0.65,0.8824,3.1923,55.77,7.81,0.0,4.67,5.025
2022-11-02 14:00:00,14,31,31,2.0,6.0,21.0,2.0,0.0,1.0,11,12,10,0,10,0,22.75,195.5,179.0,261.0,5.1,4.0,10.2,roster,0,101.0,77.5,0.8417,61.25,6.358,0.775,1.1765,3.2581,66.5,8.68,0.0,6.07,6.525
2022-11-02 15:00:00,15,32,32,3.0,3.0,24.0,2.0,0.0,1.0,13,12,10,1,11,1,5.35,112.0,72.0,239.0,5.35,4.0,10.2,roster,0,103.0,80.0,0.8879,77.15,6.3618,0.8,1.1765,3.2188,68.64,9.55,13.4,5.56,5.975
2022-11-02 16:00:00,16,38,38,2.0,4.0,28.0,4.0,0.0,1.0,11,11,13,2,15,2,6.35,132.0,87.0,188.0,6.35,4.0,10.2,roster,0,118.0,95.0,1.18,105.71,6.2988,0.95,1.0784,3.1053,81.51,13.02,26.8,4.37,4.7
2022-11-02 17:00:00,17,42,42,2.0,4.0,33.0,3.0,0.0,1.0,9,9,18,2,20,2,7.35,179.5,124.0,232.0,7.35,4.0,10.2,roster,0,131.0,105.0,1.6375,119.65,6.0271,1.05,0.8824,3.119,90.09,17.37,26.8,5.39,5.8
2022-11-02 18:00:00,18,37,37,1.0,5.0,27.0,3.0,1.0,1.0,6,5,18,2,20,2,8.35,239.5,184.0,292.0,8.35,4.0,10.2,roster,0,113.0,92.5,1.4125,110.32,4.3221,0.925,0.4902,3.0541,79.36,17.37,26.8,6.79,7.3
2022-11-02 19:00:00,19,31,31,2.0,3.0,22.0,2.0,2.0,1.0,10,10,12,1,13,1,7.983,304.0,182.0,339.0,7.983,4.0,10.2,roster,0,94.0,77.5,0.8704,79.06,5.3228,0.775,0.9804,3.0323,66.5,11.29,13.4,7.88,8.475
2022-11-02 20:00:00,20,28,28,2.0,2.0,21.0,2.0,1.0,1.0,7,8,11,0,11,0,7.45,237.0,93.0,394.0,7.45,4.0,10.33,roster,0,86.0,70.0,0.7414,58.77,4.5286,0.7,0.7744,3.0714,60.06,9.55,0.0,9.16,9.85
2022-11-02 21:00:00,21,25,25,2.0,2.0,18.0,1.0,2.0,1.0,7,7,8,0,8,0,8.45,257.5,203.0,488.0,8.45,4.0,10.33,roster,0,76.0,62.5,0.5938,51.92,3.96,0.625,0.6776,3.04,53.62,6.95,0.0,11.35,12.2
2022-11-02 22:00:00,22,25,25,1.0,3.0,17.0,2.0,2.0,1.0,11,9,6,0,6,0,9.133,236.5,180.0,514.0,9.133,3.0,6.63,roster,0,74.0,62.5,0.7255,50.79,5.8681,0.625,1.3575,2.96,53.62,5.21,0.0,11.95,12.85
2022-11-02 23:00:00,23,23,23,1.0,1.0,19.0,1.0,1.0,1.0,9,8,3,0,3,0,10.133,240.0,170.0,608.0,10.133,3.0,6.63,roster,0,69.0,57.5,0.6216,46.08,5.3449,0.575,1.2066,3.0,49.33,2.6,0.0,14.14,15.2
2022-11-03 00:00:00,0,17,17,1.0,0.0,14.0,1.0,1.0,1.0,7,4,4,0,4,0,11.133,265.0,230.0,668.0,11.133,3.0,6.63,roster,0,50.0,42.5,0.463,35.47,3.0245,0.425,0.6033,2.9412,36.46,3.47,0.0,15.53,16.7
2022-11-03 01:00:00,1,19,19,1.0,0.0,17.0,0.0,1.0,1.0,9,7,5,0,5,0,12.133,290.0,160.0,360.0,12.133,3.0,6.63,roster,0,57.0,47.5,0.5429,33.47,4.5924,0.475,1.0558,3.0,40.75,4.34,0.0,8.37,9.0
2022-11-03 02:00:00,2,20,20,1.0,0.0,18.0,0.0,1.0,1.0,6,4,5,1,6,1,13.133,231.0,102.0,420.0,13.133,3.0,6.63,roster,0,60.0,50.0,0.5882,51.27,3.31,0.5,0.6033,3.0,42.9,5.21,13.4,9.76,10.5
2022-11-03 03:00:00,3,19,19,1.0,0.0,17.0,0.0,1.0,1.0,3,3,3,1,4,1,14.133,326.0,172.0,848.0,14.133,3.0,6.63,roster,0,57.0,47.5,0.5278,57.34,2.7825,0.475,0.4525,3.0,40.75,3.47,13.4,19.72,21.2
2022-11-03 04:00:00,4,17,17,2.0,0.0,14.0,0.0,1.0,1.0,6,5,3,1,4,1,15.133,386.0,232.0,908.0,15.133,3.0,6.63,roster,0,53.0,42.5,0.4907,54.45,3.6762,0.425,0.7541,3.1176,36.46,3.47,13.4,21.11,22.7
2022-11-03 05:00:00,5,19,19,2.0,0.0,16.0,0.0,1.0,1.0,2,2,4,2,6,2,16.133,287.0,115.0,600.0,16.133,3.0,6.63,roster,0,59.0,47.5,0.5784,66.71,2.4117,0.475,0.3017,3.1053,40.75,5.21,26.8,13.95,15.0
2022-11-03 06:00:00,6,18,18,1.0,0.0,16.0,0.0,1.0,1.0,1,1,4,1,5,1,17.133,352.0,342.0,660.0,17.133,3.0,6.63,roster,0,54.0,45.0,0.5143,51.7,1.8025,0.45,0.1508,3.0,38.61,4.34,13.4,15.34,16.5
2022-11-03 07:00:00,7,16,16,1.0,0.0,14.0,0.0,1.0,1.0,3,3,4,1,5,1,18.133,412.0,402.0,720.0,18.133,3.0,6.63,roster,0,48.0,40.0,0.4571,48.8,2.5575,0.4,0.4525,3.0,34.32,4.34,13.4,16.74,18.0
2022-11-03 08:00:00,8,12,12,1.0,0.0,9.0,1.0,1.0,1.0,2,2,5,2,7,2,19.133,462.0,86.0,780.0,19.133,3.0,6.6,roster,0,35.0,30.0,0.3535,56.75,1.7588,0.3,0.303,2.9167,25.74,6.08,26.8,18.14,19.5
2022-11-03 09:00:00,9,20,20,1.0,0.0,17.0,1.0,1.0,1.0,9,8,5,2,7,2,20.133,522.0,146.0,840.0,20.133,3.0,6.6,roster,0,59.0,50.0,0.596,75.31,5.0508,0.5,1.2121,2.95,42.9,6.08,26.8,19.53,21.0
2022-11-03 10:00:00,10,18,18,2.0,0.0,16.0,0.0,0.0,1.0,6,6,4,3,7,3,21.133,181.0,83.0,900.0,21.133,4.0,9.69,roster,0,58.0,45.0,0.4394,85.81,3.4452,0.45,0.6192,3.2222,38.61,6.08,40.2,20.92,22.5
2022-11-03 11:00:00,11,27,27,2.0,0.0,25.0,0.0,0.0,1.0,14,11,5,3,8,3,22.133,192.0,139.0,960.0,22.133,4.0,9.69,roster,0,85.0,67.5,0.6641,107.38,5.6987,0.675,1.1352,3.1481,57.92,6.95,40.2,22.32,24.0
2022-11-03 12:00:00,12,27,27,3.0,0.0,24.0,0.0,0.0,1.0,5,5,7,2,9,2,23.133,199.0,131.0,702.0,23.133,4.0,9.69,roster,0,87.0,67.5,0.7016,88.85,3.8377,0.675,0.516,3.2222,57.92,7.81,26.8,16.32,17.55
2022-11-03 13:00:00,13,26,26,3.0,3.0,20.0,0.0,0.0,1.0,8,7,9,2,11,2,24.133,191.0,88.0,263.0,24.133,4.0,9.69,roster,0,87.0,65.0,0.75,78.24,4.5922,0.65,0.7224,3.3462,55.77,9.55,26.8,6.11,6.575
2022-11-03 14:00:00,14,35,35,3.0,4.0,27.0,1.0,0.0,1.0,13,12,11,3,14,3,25.133,197.5,131.0,319.0,25.133,4.0,9.69,roster,0,114.0,87.5,1.0962,114.85,6.8836,0.875,1.2384,3.2571,75.08,12.16,40.2,7.42,7.975
2022-11-03 15:00:00,15,38,38,3.0,4.0,30.0,1.0,0.0,1.0,10,8,11,3,14,3,26.133,225.0,130.0,351.0,26.133,4.0,9.69,roster,0,123.0,95.0,1.1827,122.03,5.7473,0.95,0.8256,3.2368,81.51,12.16,40.2,8.16,8.775
2022-11-03 16:00:00,16,36,36,4.0,3.0,29.0,0.0,0.0,1.0,6,6,11,3,14,3,7.75,259.5,151.0,371.0,7.383,4.0,9.69,roster,0,119.0,90.0,1.1442,118.2,5.0218,0.9,0.6192,3.3056,77.22,12.16,40.2,8.63,9.275
2022-11-03 17:00:00,17,40,40,4.0,6.0,27.0,2.0,1.0,1.0,11,10,13,2,15,2,8.383,250.0,152.0,393.0,8.383,4.0,9.69,roster,0,130.0,100.0,1.3,114.76,6.604,1.0,1.032,3.25,85.8,13.02,26.8,9.14,9.825
2022-11-03 18:00:00,18,31,31,4.0,7.0,20.0,0.0,0.0,1.0,4,4,16,2,18,2,9.383,273.0,142.0,422.0,9.383,4.0,9.69,roster,0,108.0,77.5,1.2273,98.74,4.1381,0.775,0.4128,3.4839,66.5,15.63,26.8,9.81,10.55
2022-11-03 19:00:00,19,32,32,3.0,5.0,23.0,0.0,1.0,1.0,10,8,14,2,16,2,10.383,352.5,272.0,513.0,10.383,4.0,9.69,roster,0,105.0,80.0,1.0938,101.26,5.334,0.8,0.8256,3.2812,68.64,13.89,26.8,11.93,12.825
2022-11-03 20:00:00,20,29,29,3.0,4.0,21.0,0.0,1.0,1.0,12,11,5,1,6,1,11.383,441.0,325.0,679.0,11.383,4.0,11.48,roster,0,95.0,72.5,0.6985,76.6,5.5139,0.725,0.9582,3.2759,62.2,5.21,13.4,15.79,16.975
2022-11-03 21:00:00,21,32,32,1.0,6.0,25.0,0.0,0.0,1.0,12,12,4,1,5,1,12.383,385.0,118.0,739.0,12.383,4.0,11.48,roster,0,104.0,80.0,0.7429,83.56,5.9972,0.8,1.0453,3.25,68.64,4.34,13.4,17.18,18.475
2022-11-03 22:00:00,22,28,28,0.0,4.0,24.0,0.0,0.0,1.0,11,10,6,0,6,0,13.383,311.5,75.0,799.0,13.383,3.0,8.39,roster,0,88.0,70.0,0.8627,63.85,5.946,0.7,1.1919,3.1429,60.06,5.21,0.0,18.58,19.975
2022-11-03 23:00:00,23,28,28,0.0,1.0,27.0,0.0,0.0,1.0,9,9,7,0,7,0,14.383,238.0,121.0,859.0,14.383,3.0,8.39,roster,0,85.0,70.0,0.8586,66.11,5.3814,0.7,1.0727,3.0357,60.06,6.08,0.0,19.97,21.475
2022-11-04 00:00:00,0,24,24,0.0,2.0,21.0,0.0,1.0,1.0,10,8,5,0,5,0,15.383,195.0,145.0,919.0,15.383,3.0,8.39,roster,0,72.0,60.0,0.6857,57.19,4.6605,0.6,0.9535,3.0,51.48,4.34,0.0,21.37,22.975
2022-11-04 01:00:00,1,20,20,0.0,3.0,17.0,0.0,0.0,1.0,2,2,7,0,7,0,16.383,205.0,114.0,979.0,16.383,3.0,8.39,roster,0,63.0,50.0,0.6364,51.74,2.3259,0.5,0.2384,3.15,42.9,6.08,0.0,22.76,24.475
2022-11-04 02:00:00,2,25,25,0.0,2.0,22.0,1.0,0.0,1.0,7,7,7,0,7,0,17.383,265.0,174.0,1039.0,17.383,3.0,8.39,roster,0,76.0,62.5,0.7677,63.86,4.4364,0.625,0.8343,3.04,53.62,6.08,0.0,24.16,25.975
2022-11-04 03:00:00,3,25,25,0.0,3.0,22.0,0.0,0.0,1.0,4,4,8,1,9,1,18.383,295.0,195.0,375.0,18.383,3.0,8.39,roster,0,78.0,62.5,0.8387,63.56,3.4375,0.625,0.4768,3.12,53.62,7.81,13.4,8.72,9.375
2022-11-04 04:00:00,4,22,22,0.0,3.0,19.0,0.0,0.0,1.0,2,2,9,0,9,0,19.383,355.0,255.0,435.0,19.383,3.0,8.39,roster,0,69.0,55.0,0.7419,45.12,2.4726,0.55,0.2384,3.1364,47.19,7.81,0.0,10.11,10.875
2022-11-04 05:00:00,5,22,22,0.0,4.0,17.0,1.0,0.0,1.0,3,2,9,0,9,0,20.383,415.0,315.0,495.0,20.383,3.0,8.39,roster,0,69.0,55.0,0.7419,46.51,2.4726,0.55,0.2384,3.1364,47.19,7.81,0.0,11.51,12.375
2022-11-04 06:00:00,6,20,20,0.0,4.0,15.0,1.0,0.0,1.0,0,0,9,0,9,0,21.383,475.0,375.0,555.0,21.383,3.0,8.39,roster,0,63.0,50.0,0.6774,43.62,1.575,0.5,0.0,3.15,42.9,7.81,0.0,12.9,13.875
2022-11-04 07:00:00,7,17,17,1.0,2.0,13.0,1.0,0.0,1.0,3,2,9,0,9,0,22.383,535.0,435.0,615.0,22.383,3.0,8.39,roster,0,54.0,42.5,0.5806,38.58,2.1072,0.425,0.2384,3.1765,36.46,7.81,0.0,14.3,15.375
2022-11-04 08:00:00,8,19,19,1.0,2.0,15.0,1.0,0.0,1.0,5,4,10,0,10,0,23.383,564.5,391.0,675.0,23.383,3.0,6.3,roster,0,60.0,47.5,0.6667,45.13,3.505,0.475,0.6349,3.1579,40.75,8.68,0.0,15.69,16.875
2022-11-04 09:00:00,9,26,26,1.0,3.0,19.0,3.0,0.0,1.0,11,9,11,1,12,1,24.383,574.5,404.0,735.0,24.383,3.0,6.3,roster,0,80.0,65.0,0.9524,76.68,6.3956,0.65,1.4286,3.0769,55.77,10.42,13.4,17.09,18.375
2022-11-04 10:00:00,10,26,26,1.0,3.0,18.0,4.0,0.0,1.0,7,6,13,1,14,1,25.383,487.5,133.0,715.0,25.383,4.0,10.0,roster,0,79.0,65.0,0.7596,77.95,3.7981,0.65,0.6,3.0385,55.77,12.16,13.4,16.62,17.875
2022-11-04 11:00:00,11,30,30,1.0,4.0,22.0,3.0,0.0,1.0,10,9,12,1,13,1,26.383,262.0,170.0,714.0,26.383,4.0,10.0,roster,0,93.0,75.0,0.8611,85.64,5.115,0.75,0.9,3.1,64.35,11.29,13.4,16.6,17.85
2022-11-04 12:00:00,12,25,25,1.0,4.0,19.0,1.0,0.0,1.0,6,5,11,0,11,0,27.383,322.0,157.0,835.0,27.383,4.0,10.0,roster,0,80.0,62.5,0.6897,62.59,3.6,0.625,0.5,3.2,53.62,9.55,0.0,19.41,20.875
2022-11-04 13:00:00,13,29,29,3.0,3.0,20.0,3.0,0.0,1.0,12,12,10,1,11,1,28.383,290.0,89.0,795.0,28.383,4.0,10.0,roster,0,93.0,72.5,0.8017,83.64,6.1733,0.725,1.2,3.2069,62.2,9.55,13.4,18.48,19.875
2022-11-04 14:00:00,14,29,29,4.0,4.0,19.0,2.0,0.0,1.0,8,9,8,3,11,3,10.333,124.0,69.0,224.0,7.367,4.0,10.0,roster,0,97.0,72.5,0.8362,97.16,5.4353,0.725,0.9,3.3448,62.2,9.55,40.2,5.21,5.6
2022-11-04 15:00:00,15,31,31,6.0,4.0,20.0,1.0,0.0,1.0,10,10,7,3,10,3,11.333,142.5,117.0,284.0,8.367,4.0,10.0,roster,0,108.0,77.5,0.9,101.98,6.1839,0.775,1.0,3.4839,66.5,8.68,40.2,6.6,7.1
2022-11-04 16:00:00,16,33,33,6.0,4.0,21.0,2.0,0.0,1.0,11,11,7,4,11,4,9.367,177.0,103.0,251.0,9.367,4.0,10.0,roster,0,113.0,82.5,0.9741,119.77,6.5917,0.825,1.1,3.4242,70.78,9.55,53.6,5.84,6.275
2022-11-04 17:00:00,17,34,34,5.0,4.0,23.0,2.0,0.0,1.0,8,9,7,4,11,4,7.65,212.0,142.0,249.0,6.733,4.0,10.0,roster,0,114.0,85.0,0.9828,121.87,5.8676,0.85,0.9,3.3529,72.93,9.55,53.6,5.79,6.225
2022-11-04 18:00:00,18,31,31,4.0,3.0,21.0,2.0,1.0,1.0,7,4,11,3,14,3,8.65,205.5,107.0,297.0,7.733,4.0,10.0,roster,0,100.0,77.5,0.9615,105.76,3.7903,0.775,0.4,3.2258,66.5,12.16,40.2,6.91,7.425
2022-11-04 19:00:00,19,23,23,3.0,3.0,13.0,4.0,0.0,1.0,4,4,8,2,10,2,9.65,211.5,156.0,332.0,6.067,4.0,10.0,roster,0,74.0,57.5,0.6167,72.54,3.137,0.575,0.4,3.2174,49.33,8.68,26.8,7.72,8.3
2022-11-04 20:00:00,20,17,17,2.0,2.0,11.0,2.0,0.0,1.0,5,4,5,2,7,2,9.833,227.0,148.0,392.0,7.067,4.0,11.54,roster,0,55.0,42.5,0.4167,58.46,2.4964,0.425,0.3466,3.2353,36.46,6.08,26.8,9.11,9.8
2022-11-04 21:00:00,21,22,22,2.0,3.0,14.0,3.0,0.0,1.0,12,8,5,2,7,2,10.833,287.0,208.0,452.0,8.067,4.0,11.54,roster,0,70.0,55.0,0.5303,70.58,3.9558,0.55,0.6932,3.1818,47.19,6.08,26.8,10.51,11.3
2022-11-04 22:00:00,22,18,18,1.0,3.0,12.0,2.0,0.0,1.0,6,6,1,1,2,1,11.833,406.0,268.0,544.0,9.067,3.0,7.84,roster,0,57.0,45.0,0.5,46.39,3.8485,0.45,0.7653,3.1667,38.61,1.74,13.4,12.65,13.6
2022-11-04 23:00:00,23,18,18,1.0,1.0,14.0,2.0,0.0,1.0,11,9,1,1,2,1,12.833,197.5,67.0,328.0,5.467,3.0,7.84,roster,0,55.0,45.0,0.4825,41.37,4.8827,0.45,1.148,3.0556,38.61,1.74,13.4,7.63,8.2
2022-11-05 00:00:00,0,15,15,2.0,2.0,10.0,1.0,0.0,1.0,4,4,2,1,3,1,13.833,127.0,91.0,388.0,6.467,3.0,7.84,roster,0,50.0,37.5,0.4505,37.2,2.9507,0.375,0.5102,3.3333,32.17,2.6,13.4,9.02,9.7
2022-11-05 01:00:00,1,19,19,2.0,3.0,13.0,1.0,0.0,1.0,9,8,3,1,4,1,14.833,169.0,151.0,448.0,7.467,3.0,7.84,roster,0,63.0,47.5,0.5833,48.04,4.9585,0.475,1.0204,3.3158,40.75,3.47,13.4,10.42,11.2
2022-11-05 02:00:00,2,16,16,0.0,3.0,12.0,1.0,0.0,1.0,3,3,3,1,4,1,15.833,229.0,211.0,508.0,8.467,3.0,7.84,roster,0,50.0,40.0,0.463,43.0,2.4458,0.4,0.3827,3.125,34.32,3.47,13.4,11.81,12.7
2022-11-05 03:00:00,3,15,15,0.0,3.0,10.0,2.0,0.0,1.0,4,4,2,1,3,1,16.833,307.0,217.0,568.0,9.467,3.0,7.84,roster,0,46.0,37.5,0.4144,41.39,2.7146,0.375,0.5102,3.0667,32.17,2.6,13.4,13.21,14.2
2022-11-05 04:00:00,4,10,10,0.0,2.0,6.0,2.0,0.0,1.0,1,1,2,1,3,1,17.833,367.0,277.0,628.0,10.467,3.0,7.84,roster,0,30.0,25.0,0.2703,32.06,1.1327,0.25,0.1276,3.0,21.45,2.6,13.4,14.6,15.7
2022-11-05 05:00:00,5,11,11,0.0,2.0,7.0,2.0,0.0,1.0,1,1,2,1,3,1,18.833,427.0,337.0,688.0,11.467,3.0,7.84,roster,0,33.0,27.5,0.2973,35.6,1.2077,0.275,0.1276,3.0,23.6,2.6,13.4,16.0,17.2
2022-11-05 06:00:00,6,13,13,0.0,3.0,8.0,2.0,0.0,1.0,2,2,3,1,4,1,19.833,442.0,397.0,748.0,12.467,3.0,7.84,roster,0,40.0,32.5,0.3704,42.15,1.7849,0.325,0.2551,3.0769,27.88,3.47,13.4,17.39,18.7
2022-11-05 07:00:00,7,16,16,0.0,3.0,11.0,2.0,0.0,1.0,4,4,4,1,5,1,20.833,457.0,147.0,547.0,13.467,3.0,7.84,roster,0,49.0,40.0,0.4667,44.78,2.7875,0.4,0.5102,3.0625,34.32,4.34,13.4,12.72,13.675
2022-11-05 08:00:00,8,18,18,0.0,2.0,14.0,2.0,0.0,1.0,4,3,4,1,5,1,21.833,517.0,207.0,607.0,14.467,3.0,8.44,roster,0,54.0,45.0,0.5143,50.46,2.4164,0.45,0.3555,3.0,38.61,4.34,13.4,14.11,15.175
2022-11-05 09:00:00,9,23,23,0.0,4.0,18.0,1.0,0.0,1.0,8,7,5,1,6,1,22.833,422.0,158.0,667.0,15.467,3.0,8.44,roster,0,72.0,57.5,0.7059,63.45,4.3963,0.575,0.8294,3.1304,49.33,5.21,13.4,15.51,16.675
2022-11-05 10:00:00,10,32,32,1.0,6.0,24.0,1.0,0.0,1.0,13,11,9,1,10,1,23.833,170.5,85.0,637.0,16.467,4.0,11.48,roster,0,103.0,80.0,0.8583,85.53,5.6592,0.8,0.9582,3.2188,68.64,8.68,13.4,14.81,15.925
2022-11-05 11:00:00,11,31,31,1.0,9.0,21.0,0.0,0.0,1.0,14,12,9,1,10,1,17.467,168.0,125.0,387.0,17.467,4.0,11.48,roster,0,104.0,77.5,0.8667,77.58,6.1068,0.775,1.0453,3.3548,66.5,8.68,13.4,9.0,9.675
2022-11-05 12:00:00,12,30,30,1.0,9.0,19.0,0.0,1.0,1.0,10,8,13,1,14,1,18.467,169.5,105.0,338.0,18.467,4.0,11.48,roster,0,99.0,75.0,0.9519,77.76,4.7747,0.75,0.6969,3.3,64.35,12.16,13.4,7.86,8.45
2022-11-05 13:00:00,13,23,23,0.0,6.0,16.0,1.0,0.0,1.0,5,4,11,1,12,1,19.467,168.5,150.0,507.0,19.467,4.0,11.48,roster,0,74.0,57.5,0.6607,64.94,2.971,0.575,0.3484,3.2174,49.33,10.42,13.4,11.79,12.675
2022-11-05 14:00:00,14,22,22,0.0,7.0,15.0,0.0,0.0,1.0,9,8,7,1,8,1,20.467,221.0,135.0,967.0,20.467,4.0,11.48,roster,0,73.0,55.0,0.5703,70.02,4.1373,0.55,0.6969,3.3182,47.19,6.95,13.4,22.48,24.175
2022-11-05 15:00:00,15,19,19,0.0,5.0,13.0,1.0,0.0,1.0,7,7,2,1,3,1,21.467,161.0,77.0,1288.0,21.467,4.0,11.48,roster,0,61.0,47.5,0.4122,66.71,3.4826,0.475,0.6098,3.2105,40.75,2.6,13.4,29.95,32.2
2022-11-05 16:00:00,16,20,20,0.0,7.0,13.0,0.0,0.0,1.0,10,10,3,0,3,0,6.2,77.0,62.0,137.0,2.283,4.0,11.48,roster,0,67.0,50.0,0.4527,28.69,4.5931,0.5,0.8711,3.35,42.9,2.6,0.0,3.19,3.425
2022-11-05 17:00:00,17,20,20,0.0,6.0,14.0,0.0,0.0,1.0,6,4,7,0,7,0,7.2,91.0,70.0,137.0,3.283,4.0,11.48,roster,0,66.0,50.0,0.5,32.16,2.7998,0.5,0.3484,3.3,42.9,6.08,0.0,3.19,3.425
2022-11-05 18:00:00,18,22,22,0.0,5.0,14.0,3.0,0.0,1.0,10,9,8,0,8,0,8.2,146.5,130.0,197.0,4.283,4.0,11.48,roster,0,68.0,55.0,0.5312,38.72,4.1232,0.55,0.784,3.0909,47.19,6.95,0.0,4.58,4.925
2022-11-05 19:00:00,19,12,12,0.0,3.0,9.0,0.0,0.0,1.0,2,1,8,0,8,0,9.2,135.0,92.0,211.0,4.033,4.0,11.48,roster,0,39.0,30.0,0.3047,17.59,1.2581,0.3,0.0871,3.25,25.74,6.95,0.0,4.91,5.275
2022-11-05 20:00:00,20,10,10,0.0,1.0,8.0,1.0,0.0,1.0,6,4,4,0,4,0,10.2,141.0,130.0,302.0,5.033,4.0,10.25,roster,0,30.0,25.0,0.2083,11.94,1.9207,0.25,0.3902,3.0,21.45,3.47,0.0,7.02,7.55
2022-11-05 21:00:00,21,16,16,0.0,3.0,12.0,0.0,1.0,1.0,12,11,1,0,1,0,11.2,362.0,362.0,362.0,6.033,4.0,10.25,roster,0,49.0,40.0,0.3141,23.6,4.5116,0.4,1.0732,3.0625,34.32,0.87,0.0,8.42,9.05
2022-11-05 22:00:00,22,22,22,0.0,4.0,18.0,0.0,0.0,1.0,16,13,1,1,2,1,12.2,93.5,76.0,111.0,1.85,3.0,7.21,roster,0,70.0,55.0,0.614,44.91,7.487,0.55,1.8031,3.1818,47.19,1.74,13.4,2.58,2.775
2022-11-05 23:00:00,23,23,23,0.0,4.0,19.0,0.0,0.0,1.0,7,8,3,1,4,1,13.2,120.0,104.0,171.0,2.85,3.0,7.21,roster,0,73.0,57.5,0.6759,50.18,5.3467,0.575,1.1096,3.1739,49.33,3.47,13.4,3.98,4.275
2022-11-06 00:00:00,0,17,17,0.0,2.0,15.0,0.0,0.0,1.0,3,3,3,1,4,1,14.2,152.0,140.0,196.0,3.267,3.0,7.21,roster,0,53.0,42.5,0.4907,37.9,2.6222,0.425,0.4161,3.1176,36.46,3.47,13.4,4.56,4.9
2022-11-06 01:00:00,1,18,18,0.0,2.0,16.0,0.0,0.0,1.0,3,3,4,1,5,1,15.2,200.0,132.0,224.0,4.267,3.0,7.21,roster,0,56.0,45.0,0.5333,41.56,2.6945,0.45,0.4161,3.1111,38.61,4.34,13.4,5.21,5.6
2022-11-06 02:00:00,2,19,19,0.0,3.0,16.0,0.0,0.0,1.0,4,4,5,1,6,1,16.2,226.0,160.0,284.0,5.267,3.0,7.21,roster,0,60.0,47.5,0.5882,45.97,3.252,0.475,0.5548,3.1579,40.75,5.21,13.4,6.6,7.1
2022-11-06 03:00:00,3,18,18,0.0,3.0,15.0,0.0,0.0,1.0,5,6,5,1,6,1,17.2,286.0,220.0,344.0,6.267,3.0,7.21,roster,0,57.0,45.0,0.5588,45.22,4.0602,0.45,0.8322,3.1667,38.61,5.21,13.4,8.0,8.6
2022-11-06 04:00:00,4,18,18,0.0,3.0,15.0,0.0,0.0,1.0,4,5,6,1,7,1,18.2,312.0,221.0,404.0,7.267,3.0,7.21,roster,0,57.0,45.0,0.5758,47.48,3.621,0.45,0.6935,3.1667,38.61,6.08,13.4,9.39,10.1
2022-11-06 05:00:00,5,19,19,0.0,3.0,16.0,0.0,0.0,1.0,1,1,7,1,8,1,19.2,356.0,281.0,464.0,8.267,3.0,7.21,roster,0,60.0,47.5,0.625,51.89,1.938,0.475,0.1387,3.1579,40.75,6.95,13.4,10.79,11.6
2022-11-06 06:00:00,6,17,17,0.0,2.0,15.0,0.0,0.0,1.0,2,2,8,1,9,1,20.2,400.0,216.0,500.0,9.267,3.0,7.21,roster,0,53.0,42.5,0.5699,49.3,2.1898,0.425,0.2774,3.1176,36.46,7.81,13.4,11.62,12.5
2022-11-06 07:00:00,7,22,22,1.0,3.0,18.0,0.0,0.0,1.0,6,6,8,1,9,1,21.2,460.0,276.0,560.0,10.267,3.0,7.21,roster,0,71.0,55.0,0.7634,61.42,4.4607,0.55,0.8322,3.2273,47.19,7.81,13.4,13.02,14.0
2022-11-06 08:00:00,8,22,22,1.0,5.0,16.0,0.0,0.0,1.0,6,6,8,1,9,1,22.2,520.0,336.0,620.0,11.267,3.0,6.34,roster,0,73.0,55.0,0.7849,62.82,4.9652,0.55,0.9464,3.3182,47.19,7.81,13.4,14.42,15.5
2022-11-06 09:00:00,9,30,30,1.0,8.0,21.0,0.0,0.0,1.0,11,11,8,1,9,1,23.2,580.0,396.0,680.0,12.267,3.0,6.34,roster,0,100.0,75.0,1.0753,81.37,8.2834,0.75,1.735,3.3333,64.35,7.81,13.4,15.81,17.0
2022-11-06 10:00:00,10,35,35,1.0,11.0,22.0,1.0,0.0,1.0,15,12,8,1,9,1,24.2,157.0,88.0,581.0,13.267,4.0,9.8,roster,0,117.0,87.5,0.9435,89.8,7.0183,0.875,1.2245,3.3429,75.08,7.81,13.4,13.51,14.525
2022-11-06 11:00:00,11,39,39,1.0,12.0,24.0,2.0,0.0,1.0,14,13,11,1,12,1,25.2,147.0,115.0,516.0,14.267,4.0,9.8,roster,0,129.0,97.5,1.1518,99.47,7.6128,0.975,1.3265,3.3077,83.66,10.42,13.4,12.0,12.9
2022-11-06 12:00:00,12,37,37,1.0,10.0,24.0,2.0,0.0,1.0,9,6,14,0,14,0,26.2,160.0,99.0,206.0,9.6,4.0,9.8,roster,0,121.0,92.5,1.1635,76.31,5.0272,0.925,0.6122,3.2703,79.36,12.16,0.0,4.79,5.15
2022-11-06 13:00:00,13,34,34,1.0,10.0,23.0,0.0,0.0,1.0,10,9,11,0,11,0,27.2,183.0,156.0,268.0,10.6,4.0,9.8,roster,0,114.0,85.0,0.9828,68.71,5.9292,0.85,0.9184,3.3529,72.93,9.55,0.0,6.23,6.7
2022-11-06 14:00:00,14,36,36,1.0,10.0,23.0,1.0,1.0,1.0,15,11,11,1,12,1,28.2,234.0,216.0,328.0,11.6,4.0,9.8,roster,0,117.0,90.0,1.0446,88.67,6.573,0.9,1.1224,3.25,77.22,10.42,13.4,7.63,8.2
2022-11-06 15:00:00,15,32,32,1.0,10.0,21.0,0.0,0.0,1.0,9,8,8,1,9,1,29.2,285.0,240.0,388.0,12.6,4.0,9.8,roster,0,108.0,80.0,0.871,78.88,5.4551,0.8,0.8163,3.375,68.64,7.81,13.4,9.02,9.7
2022-11-06 16:00:00,16,29,29,1.0,10.0,18.0,0.0,0.0,1.0,9,7,7,1,8,1,30.2,306.5,188.0,474.0,13.6,4.0,9.8,roster,0,99.0,72.5,0.7734,73.57,4.9134,0.725,0.7143,3.4138,62.2,6.95,13.4,11.02,11.85
2022-11-06 17:00:00,17,27,27,1.0,10.0,16.0,0.0,0.0,1.0,6,5,9,1,10,1,31.2,249.5,116.0,508.0,14.6,4.0,9.8,roster,0,93.0,67.5,0.775,71.81,4.0824,0.675,0.5102,3.4444,57.92,8.68,13.4,11.81,12.7
2022-11-06 18:00:00,18,31,31,1.0,7.0,22.0,1.0,0.0,1.0,12,8,10,0,10,0,32.2,183.5,161.0,568.0,15.6,4.0,9.8,roster,0,101.0,77.5,0.8417,68.38,5.1846,0.775,0.8163,3.2581,66.5,8.68,0.0,13.21,14.2
2022-11-06 19:00:00,19,35,35,0.0,6.0,23.0,4.0,2.0,1.0,16,16,6,0,6,0,33.2,191.5,129.0,628.0,10.9,4.0,9.8,roster,0,103.0,87.5,0.7574,74.89,7.3797,0.875,1.6327,2.9429,75.08,5.21,0.0,14.6,15.7
2022-11-06 20:00:00,20,22,22,0.0,2.0,17.0,3.0,0.0,1.0,11,6,3,1,4,1,10.15,95.5,84.0,124.0,2.067,4.0,10.77,roster,0,65.0,55.0,0.4514,46.95,3.271,0.55,0.5571,2.9545,47.19,3.47,13.4,2.88,3.1
2022-11-06 21:00:00,21,19,19,0.0,1.0,16.0,2.0,0.0,1.0,9,7,4,0,4,0,4.733,135.0,103.0,184.0,3.067,4.0,10.77,roster,0,56.0,47.5,0.3889,28.51,3.3157,0.475,0.65,2.9474,40.75,3.47,0.0,4.28,4.6
2022-11-06 22:00:00,22,22,22,0.0,2.0,18.0,2.0,0.0,1.0,12,11,5,0,5,0,5.733,121.0,119.0,163.0,4.067,3.0,7.31,roster,0,66.0,55.0,0.6286,35.32,6.1644,0.55,1.5048,3.0,47.19,4.34,0.0,3.79,4.075
2022-11-06 23:00:00,23,26,26,0.0,5.0,18.0,3.0,0.0,1.0,8,9,7,0,7,0,6.733,171.0,91.0,181.0,5.067,3.0,7.31,roster,0,80.0,65.0,0.8081,46.06,5.7883,0.65,1.2312,3.0769,55.77,6.08,0.0,4.21,4.525
2022-11-07 00:00:00,0,30,30,0.0,4.0,25.0,1.0,0.0,1.0,12,10,7,0,7,0,7.733,157.0,128.0,241.0,6.067,3.0,7.31,roster,0,93.0,75.0,0.9394,56.03,6.5658,0.75,1.368,3.1,64.35,6.08,0.0,5.6,6.025
2022-11-07 01:00:00,1,22,22,0.0,4.0,17.0,1.0,0.0,1.0,5,3,7,0,7,0,8.733,217.0,188.0,301.0,7.067,3.0,7.31,roster,0,69.0,55.0,0.697,40.27,3.0122,0.55,0.4104,3.1364,47.19,6.08,0.0,7.0,7.525
2022-11-07 02:00:00,2,24,24,0.0,3.0,20.0,1.0,0.0,1.0,6,6,7,0,7,0,9.733,277.0,248.0,361.0,8.067,3.0,7.31,roster,0,74.0,60.0,0.7475,45.95,4.3808,0.6,0.8208,3.0833,51.48,6.08,0.0,8.39,9.025
2022-11-07 03:00:00,3,23,23,0.0,4.0,18.0,1.0,0.0,1.0,4,3,9,0,9,0,10.733,331.0,279.0,411.0,9.067,3.0,7.31,roster,0,72.0,57.5,0.7742,46.71,3.0847,0.575,0.4104,3.1304,49.33,7.81,0.0,9.56,10.275
2022-11-07 04:00:00,4,22,22,0.0,4.0,17.0,1.0,0.0,1.0,0,0,9,0,9,0,10.067,391.0,339.0,471.0,10.067,3.0,7.31,roster,0,69.0,55.0,0.7419,45.96,1.725,0.55,0.0,3.1364,47.19,7.81,0.0,10.95,11.775
2022-11-07 05:00:00,5,21,21,1.0,3.0,15.0,2.0,0.0,1.0,3,2,9,0,9,0,11.067,451.0,399.0,531.0,11.067,3.0,7.31,roster,0,66.0,52.5,0.7097,45.21,2.5099,0.525,0.2736,3.1429,45.04,7.81,0.0,12.35,13.275
2022-11-07 06:00:00,6,22,22,1.0,4.0,15.0,2.0,0.0,1.0,2,2,9,0,9,0,12.067,511.0,459.0,591.0,12.067,3.0,7.31,roster,0,70.0,55.0,0.7527,48.75,2.6205,0.55,0.2736,3.1818,47.19,7.81,0.0,13.74,14.775
2022-11-07 07:00:00,7,22,22,0.0,4.0,17.0,1.0,0.0,1.0,3,2,9,1,10,1,13.067,559.5,330.0,651.0,13.067,3.0,7.31,roster,0,69.0,55.0,0.7667,64.41,2.5831,0.55,0.2736,3.1364,47.19,8.68,13.4,15.14,16.275
2022-11-07 08:00:00,8,22,22,0.0,2.0,19.0,1.0,0.0,1.0,3,3,8,0,8,0,14.067,622.5,579.0,721.0,14.067,3.0,6.58,roster,0,67.0,55.0,0.6979,50.9,3.0635,0.55,0.4559,3.0455,47.19,6.95,0.0,16.76,18.025
2022-11-07 09:00:00,9,24,24,0.0,3.0,20.0,1.0,0.0,1.0,13,9,5,0,5,0,15.067,697.0,639.0,771.0,15.067,3.0,6.58,roster,0,74.0,60.0,0.7048,53.75,6.0673,0.6,1.3678,3.0833,51.48,4.34,0.0,17.93,19.275
2022-11-07 10:00:00,10,26,26,0.0,4.0,22.0,0.0,0.0,1.0,10,9,4,0,4,0,16.067,633.5,510.0,964.0,16.067,4.0,9.83,roster,0,82.0,65.0,0.5694,61.66,4.9375,0.65,0.9156,3.1538,55.77,3.47,0.0,22.41,24.1
2022-11-07 11:00:00,11,28,28,0.0,6.0,22.0,0.0,0.0,1.0,9,8,4,0,4,0,16.833,137.0,109.0,570.0,9.5,4.0,9.83,roster,0,90.0,70.0,0.625,56.79,4.8659,0.7,0.8138,3.2143,60.06,3.47,0.0,13.25,14.25
2022-11-07 12:00:00,12,30,30,0.0,9.0,20.0,0.0,1.0,1.0,11,10,8,1,9,1,14.65,116.0,84.0,169.0,10.5,4.0,9.83,roster,0,97.0,75.0,0.7823,69.49,5.7143,0.75,1.0173,3.2333,64.35,7.81,13.4,3.93,4.225
2022-11-07 13:00:00,13,34,34,0.0,12.0,22.0,0.0,0.0,1.0,11,12,8,1,9,1,15.65,148.0,128.0,221.0,11.5,4.0,9.83,roster,0,114.0,85.0,0.9194,79.28,6.9431,0.85,1.2208,3.3529,72.93,7.81,13.4,5.14,5.525
2022-11-07 14:00:00,14,30,30,0.0,10.0,20.0,0.0,0.0,1.0,6,6,9,1,10,1,16.0,143.0,108.0,236.0,4.817,4.0,9.83,roster,0,100.0,75.0,0.8333,71.92,4.5346,0.75,0.6104,3.3333,64.35,8.68,13.4,5.49,5.9
2022-11-07 15:00:00,15,27,27,0.0,7.0,20.0,0.0,0.0,1.0,9,6,7,1,8,1,17.0,203.0,174.0,341.0,5.817,4.0,9.83,roster,0,88.0,67.5,0.6875,66.19,4.1894,0.675,0.6104,3.2593,57.92,6.95,13.4,7.93,8.525
2022-11-07 16:00:00,16,25,25,1.0,5.0,19.0,0.0,0.0,1.0,8,6,6,1,7,1,18.0,247.0,146.0,356.0,6.817,4.0,9.83,roster,0,82.0,62.5,0.6212,61.38,4.052,0.625,0.6104,3.28,53.62,6.08,13.4,8.28,8.9
2022-11-07 17:00:00,17,34,34,1.0,5.0,26.0,2.0,0.0,1.0,16,14,8,1,9,1,19.0,206.0,76.0,307.0,7.817,4.0,9.83,roster,0,107.0,85.0,0.8629,81.28,7.1571,0.85,1.4242,3.1471,72.93,7.81,13.4,7.14,7.675
2022-11-07 18:00:00,18,28,28,1.0,3.0,24.0,0.0,0.0,1.0,6,5,8,0,8,0,20.0,130.0,102.0,367.0,8.817,4.0,9.83,roster,0,89.0,70.0,0.6953,55.54,3.8418,0.7,0.5086,3.1786,60.06,6.95,0.0,8.53,9.175
2022-11-07 19:00:00,19,25,25,1.0,1.0,22.0,1.0,0.0,1.0,6,4,9,0,9,0,21.0,154.0,105.0,184.0,9.817,4.0,9.83,roster,0,77.0,62.5,0.621,45.72,3.1783,0.625,0.4069,3.08,53.62,7.81,0.0,4.28,4.6
2022-11-07 20:00:00,20,28,28,0.0,2.0,24.0,1.0,1.0,1.0,9,8,9,0,9,0,22.0,190.0,127.0,222.0,10.817,4.0,10.43,roster,0,83.0,70.0,0.6694,53.04,4.3487,0.7,0.767,2.9643,60.06,7.81,0.0,5.16,5.55
2022-11-07 21:00:00,21,23,23,0.0,3.0,18.0,2.0,0.0,1.0,4,4,10,0,10,0,11.817,206.0,167.0,282.0,11.817,4.0,10.43,roster,0,70.0,57.5,0.5833,44.57,2.9172,0.575,0.3835,3.0435,49.33,8.68,0.0,6.56,7.05
2022-11-07 22:00:00,22,28,28,1.0,1.0,25.0,1.0,0.0,1.0,10,10,6,0,6,0,12.817,326.0,285.0,376.0,12.817,3.0,7.18,roster,0,86.0,70.0,0.8431,54.01,6.4278,0.7,1.3928,3.0714,60.06,5.21,0.0,8.74,9.4
2022-11-07 23:00:00,23,29,29,1.0,1.0,21.0,5.0,1.0,1.0,12,12,8,1,9,1,13.817,287.0,105.0,370.0,13.817,3.0,7.18,roster,0,83.0,72.5,0.8925,72.02,6.8584,0.725,1.6713,2.8621,62.2,7.81,13.4,8.6,9.25
2022-11-08 00:00:00,0,22,22,1.0,2.0,17.0,2.0,0.0,1.0,6,5,11,1,12,1,14.817,168.5,143.0,430.0,14.817,3.0,7.18,roster,0,68.0,55.0,0.8095,61.01,3.8524,0.55,0.6964,3.0909,47.19,10.42,13.4,10.0,10.75
2022-11-08 01:00:00,1,18,18,1.0,2.0,15.0,0.0,0.0,1.0,7,3,11,2,13,2,15.817,225.0,154.0,465.0,15.817,3.0,7.18,roster,0,58.0,45.0,0.716,67.51,2.7963,0.45,0.4178,3.2222,38.61,11.29,26.8,10.81,11.625
2022-11-08 02:00:00,2,16,16,2.0,1.0,13.0,0.0,0.0,1.0,2,2,11,1,12,1,16.817,288.5,263.0,550.0,16.817,3.0,7.18,roster,0,53.0,40.0,0.631,50.93,2.2477,0.4,0.2786,3.3125,34.32,10.42,13.4,12.79,13.75
2022-11-08 03:00:00,3,19,19,2.0,2.0,15.0,0.0,0.0,1.0,3,3,11,3,14,3,17.817,338.0,256.0,585.0,17.817,3.0,7.18,roster,0,63.0,47.5,0.8077,86.71,2.9604,0.475,0.4178,3.3158,40.75,12.16,40.2,13.6,14.625
2022-11-08 04:00:00,4,21,21,2.0,3.0,16.0,0.0,0.0,1.0,4,4,11,3,14,3,18.817,398.0,316.0,645.0,18.817,3.0,7.18,roster,0,70.0,52.5,0.8974,92.4,3.607,0.525,0.5571,3.3333,45.04,12.16,40.2,15.0,16.125
2022-11-08 05:00:00,5,20,20,2.0,2.0,16.0,0.0,0.0,1.0,2,1,11,2,13,2,19.817,465.0,394.0,705.0,19.817,3.0,7.18,roster,0,66.0,50.0,0.8148,77.38,2.1096,0.5,0.1393,3.3,42.9,11.29,26.8,16.39,17.625
2022-11-08 06:00:00,6,21,21,2.0,4.0,15.0,0.0,0.0,1.0,3,3,11,2,13,2,20.817,525.0,454.0,765.0,20.817,3.0,7.18,roster,0,71.0,52.5,0.8765,80.92,3.1877,0.525,0.4178,3.381,45.04,11.29,26.8,17.79,19.125
2022-11-08 07:00:00,7,23,23,2.0,3.0,18.0,0.0,0.0,1.0,4,4,12,3,15,3,21.817,571.0,480.0,825.0,21.817,3.0,7.18,roster,0,76.0,57.5,1.0133,101.74,3.7409,0.575,0.5571,3.3043,49.33,13.02,40.2,19.18,20.625
2022-11-08 08:00:00,8,25,25,2.0,3.0,20.0,0.0,0.0,1.0,4,4,14,3,17,3,22.817,623.0,368.0,827.0,22.817,3.0,6.45,roster,0,82.0,62.5,1.1884,107.81,4.0841,0.625,0.6202,3.28,53.62,14.76,40.2,19.23,20.675
2022-11-08 09:00:00,9,25,25,2.0,4.0,17.0,2.0,0.0,1.0,7,7,12,3,15,3,23.817,683.0,239.0,887.0,23.817,3.0,6.45,roster,0,81.0,62.5,1.08,107.47,5.5413,0.625,1.0853,3.24,53.62,13.02,40.2,20.62,22.175
2022-11-08 10:00:00,10,24,24,1.0,6.0,15.0,2.0,0.0,1.0,7,7,12,2,14,2,24.817,709.5,216.0,772.0,24.817,4.0,10.15,roster,0,78.0,60.0,0.75,88.39,4.1914,0.6,0.6897,3.25,51.48,12.16,26.8,17.95,19.3
2022-11-08 11:00:00,11,23,23,1.0,5.0,16.0,1.0,0.0,1.0,3,3,12,2,14,2,25.817,547.5,247.0,825.0,25.817,4.0,10.15,roster,0,75.0,57.5,0.7212,87.47,2.8388,0.575,0.2956,3.2609,49.33,12.16,26.8,19.18,20.625
2022-11-08 12:00:00,12,22,22,0.0,6.0,15.0,1.0,0.0,1.0,7,5,12,2,14,2,26.817,394.0,228.0,885.0,26.817,4.0,10.15,roster,0,71.0,55.0,0.6827,86.72,3.3648,0.55,0.4926,3.2273,47.19,12.16,26.8,20.58,22.125
2022-11-08 13:00:00,13,25,25,0.0,5.0,18.0,1.0,1.0,1.0,7,7,14,1,15,1,27.817,367.0,165.0,923.0,27.817,4.0,10.15,roster,0,77.0,62.5,0.77,81.51,4.0491,0.625,0.6897,3.08,53.62,13.02,13.4,21.46,23.075
2022-11-08 14:00:00,14,33,33,2.0,6.0,22.0,2.0,1.0,1.0,14,12,14,1,15,1,28.817,234.0,120.0,916.0,28.817,4.0,10.15,roster,0,105.0,82.5,1.05,98.51,6.3868,0.825,1.1823,3.1818,70.78,13.02,13.4,21.3,22.9
2022-11-08 15:00:00,15,36,36,2.0,6.0,24.0,3.0,1.0,1.0,9,9,13,2,15,2,29.817,285.0,167.0,976.0,29.817,4.0,10.15,roster,0,113.0,90.0,1.13,119.74,5.6083,0.9,0.8867,3.1389,77.22,13.02,26.8,22.69,24.4
2022-11-08 16:00:00,16,31,31,0.0,5.0,23.0,2.0,1.0,1.0,6,6,13,0,13,0,30.817,240.0,200.0,354.0,30.817,4.0,10.15,roster,0,94.0,77.5,0.8704,66.01,4.1425,0.775,0.5911,3.0323,66.5,11.29,0.0,8.23,8.85
2022-11-08 17:00:00,17,24,24,1.0,3.0,19.0,0.0,1.0,1.0,6,5,14,0,14,0,10.6,273.5,100.0,405.0,10.6,4.0,10.15,roster,0,75.0,60.0,0.7212,53.05,3.4144,0.6,0.4926,3.125,51.48,12.16,0.0,9.42,10.125
2022-11-08 18:00:00,18,28,28,1.0,5.0,20.0,1.0,1.0,1.0,11,8,15,0,15,0,11.6,274.0,128.0,465.0,11.6,4.0,10.15,roster,0,88.0,70.0,0.88,63.9,4.6771,0.7,0.7882,3.1429,60.06,13.02,0.0,10.81,11.625
2022-11-08 19:00:00,19,22,22,1.0,4.0,15.0,1.0,1.0,1.0,4,5,13,0,13,0,12.6,220.0,177.0,407.0,12.6,4.0,10.15,roster,0,69.0,55.0,0.6389,47.94,3.27,0.55,0.4926,3.1364,47.19,11.29,0.0,9.46,10.175
2022-11-08 20:00:00,20,23,23,0.0,6.0,15.0,1.0,1.0,1.0,8,7,8,0,8,0,13.6,360.0,248.0,585.0,13.6,4.0,11.58,roster,0,72.0,57.5,0.5625,49.88,3.6923,0.575,0.6045,3.1304,49.33,6.95,0.0,13.6,14.625
2022-11-08 21:00:00,21,25,25,0.0,6.0,16.0,2.0,1.0,1.0,11,9,4,2,6,2,14.6,340.0,104.0,645.0,14.6,4.0,11.58,roster,0,77.0,62.5,0.5662,80.63,4.3188,0.625,0.7772,3.08,53.62,5.21,26.8,15.0,16.125
2022-11-08 22:00:00,22,21,21,0.0,6.0,13.0,1.0,1.0,1.0,8,6,5,1,6,1,9.333,141.5,97.0,240.0,9.333,3.0,7.88,roster,0,66.0,52.5,0.6471,49.23,4.043,0.525,0.7614,3.1429,45.04,5.21,13.4,5.58,6.0
2022-11-08 23:00:00,23,20,20,0.0,2.0,14.0,2.0,2.0,1.0,8,7,8,0,8,0,10.333,125.0,77.0,179.0,10.333,3.0,7.88,roster,0,56.0,50.0,0.5833,34.01,3.8873,0.5,0.8883,2.8,42.9,6.95,0.0,4.16,4.475
2022-11-09 00:00:00,0,21,21,0.0,2.0,17.0,1.0,1.0,1.0,12,7,9,0,9,0,11.333,174.0,126.0,217.0,11.333,3.0,7.88,roster,0,62.0,52.5,0.6667,37.91,4.1727,0.525,0.8883,2.9524,45.04,7.81,0.0,5.05,5.425
2022-11-09 01:00:00,1,21,21,0.0,2.0,17.0,1.0,1.0,1.0,5,3,11,0,11,0,12.333,197.0,150.0,277.0,12.333,3.0,7.88,roster,0,62.0,52.5,0.7126,41.04,2.674,0.525,0.3807,2.9524,45.04,9.55,0.0,6.44,6.925
2022-11-09 02:00:00,2,22,22,0.0,3.0,16.0,2.0,1.0,1.0,5,5,12,0,12,0,13.333,251.5,210.0,337.0,13.333,3.0,7.88,roster,0,65.0,55.0,0.7738,45.44,3.4997,0.55,0.6345,2.9545,47.19,10.42,0.0,7.84,8.425
2022-11-09 03:00:00,3,20,20,0.0,3.0,14.0,2.0,1.0,1.0,2,2,12,0,12,0,14.333,311.5,270.0,397.0,14.333,3.0,7.88,roster,0,59.0,50.0,0.7024,42.55,2.2237,0.5,0.2538,2.95,42.9,10.42,0.0,9.23,9.925
2022-11-09 04:00:00,4,17,17,0.0,1.0,13.0,2.0,1.0,1.0,1,1,11,0,11,0,15.333,377.0,330.0,457.0,15.333,3.0,7.88,roster,0,48.0,42.5,0.5517,36.64,1.5583,0.425,0.1269,2.8235,36.46,9.55,0.0,10.63,11.425
2022-11-09 05:00:00,5,19,19,0.0,1.0,16.0,1.0,1.0,1.0,3,3,11,0,11,0,16.333,437.0,390.0,517.0,16.333,3.0,7.88,roster,0,55.0,47.5,0.6322,42.33,2.4771,0.475,0.3807,2.8947,40.75,9.55,0.0,12.02,12.925
2022-11-09 06:00:00,6,23,23,0.0,1.0,19.0,2.0,1.0,1.0,5,5,12,0,12,0,17.333,491.5,450.0,577.0,17.333,3.0,7.88,roster,0,66.0,57.5,0.7857,53.17,3.4708,0.575,0.6345,2.8696,49.33,10.42,0.0,13.42,14.425
2022-11-09 07:00:00,7,23,23,0.0,1.0,20.0,1.0,1.0,1.0,3,2,12,1,13,1,18.333,546.0,467.0,616.0,18.333,3.0,7.88,roster,0,67.0,57.5,0.8272,68.34,2.4144,0.575,0.2538,2.913,49.33,11.29,13.4,14.32,15.4
2022-11-09 08:00:00,8,22,22,0.0,2.0,18.0,1.0,1.0,1.0,2,2,11,1,12,1,19.333,604.0,527.0,697.0,19.333,3.0,8.06,roster,0,65.0,55.0,0.7738,67.21,2.3581,0.55,0.2481,2.9545,47.19,10.42,13.4,16.21,17.425
2022-11-09 09:00:00,9,22,22,0.0,2.0,18.0,1.0,1.0,1.0,8,6,9,1,10,1,20.333,653.5,259.0,757.0,20.333,3.0,8.06,roster,0,65.0,55.0,0.7222,66.87,3.8244,0.55,0.7444,2.9545,47.19,8.68,13.4,17.6,18.925
2022-11-09 10:00:00,10,28,28,0.0,3.0,24.0,0.0,1.0,1.0,12,12,10,0,10,0,21.333,713.5,319.0,817.0,21.333,4.0,11.15,roster,0,85.0,70.0,0.7083,67.74,5.3921,0.7,1.0762,3.0357,60.06,8.68,0.0,19.0,20.425
2022-11-09 11:00:00,11,34,34,0.0,4.0,24.0,5.0,1.0,1.0,14,11,13,0,13,0,22.333,677.0,172.0,856.0,22.333,4.0,11.15,roster,0,99.0,85.0,0.9167,84.12,5.3476,0.85,0.9865,2.9118,72.93,11.29,0.0,19.9,21.4
2022-11-09 12:00:00,12,34,34,1.0,6.0,24.0,2.0,1.0,1.0,11,10,14,0,14,0,23.333,588.0,177.0,916.0,23.333,4.0,11.15,roster,0,106.0,85.0,1.0192,86.38,5.4461,0.85,0.8969,3.1176,72.93,12.16,0.0,21.3,22.9
2022-11-09 13:00:00,13,38,38,1.0,7.0,27.0,2.0,1.0,1.0,7,7,18,1,19,1,24.333,292.0,99.0,917.0,24.333,4.0,11.15,roster,0,119.0,95.0,1.4167,112.73,4.941,0.95,0.6278,3.1316,81.51,16.5,13.4,21.32,22.925
2022-11-09 14:00:00,14,39,39,0.0,8.0,26.0,4.0,1.0,1.0,11,12,17,0,17,0,25.333,281.0,155.0,930.0,25.333,4.0,11.15,roster,0,119.0,97.5,1.2935,100.04,6.2589,0.975,1.0762,3.0513,83.66,14.76,0.0,21.62,23.25
2022-11-09 15:00:00,15,38,38,0.0,8.0,26.0,2.0,2.0,1.0,8,9,15,1,16,1,26.333,248.5,207.0,990.0,26.333,4.0,11.15,roster,0,116.0,95.0,1.2083,111.82,5.364,0.95,0.8072,3.0526,81.51,13.89,13.4,23.02,24.75
2022-11-09 16:00:00,16,32,32,0.0,7.0,24.0,0.0,1.0,1.0,10,11,12,2,14,2,27.333,244.5,124.0,338.0,27.333,4.0,11.15,roster,0,101.0,80.0,0.9712,95.45,5.6388,0.8,0.9865,3.1562,68.64,12.16,26.8,7.86,8.45
2022-11-09 17:00:00,17,34,34,0.0,6.0,26.0,1.0,1.0,1.0,8,8,13,3,16,3,28.333,223.5,133.0,335.0,28.333,4.0,11.15,roster,0,105.0,85.0,1.0938,114.81,4.8408,0.85,0.7175,3.0882,72.93,13.89,40.2,7.79,8.375
2022-11-09 18:00:00,18,36,36,0.0,5.0,29.0,0.0,2.0,1.0,11,11,14,2,16,2,29.333,195.5,156.0,387.0,29.333,4.0,11.15,roster,0,109.0,90.0,1.1354,106.91,5.712,0.9,0.9865,3.0278,77.22,13.89,26.8,9.0,9.675
2022-11-09 19:00:00,19,29,29,0.0,4.0,25.0,0.0,0.0,1.0,7,7,12,2,14,2,25.85,232.0,152.0,360.0,20.5,4.0,11.15,roster,0,91.0,72.5,0.875,89.53,4.245,0.725,0.6278,3.1379,62.2,12.16,26.8,8.37,9.0
2022-11-09 20:00:00,20,37,37,0.0,8.0,28.0,1.0,0.0,1.0,15,15,13,3,16,3,26.85,261.5,182.0,420.0,21.5,4.0,10.0,roster,0,118.0,92.5,1.2292,123.22,7.7338,0.925,1.5,3.1892,79.36,13.89,40.2,9.76,10.5
2022-11-09 21:00:00,21,36,36,0.0,8.0,28.0,0.0,0.0,1.0,9,6,16,3,19,3,27.85,242.0,107.0,378.0,11.683,4.0,10.0,roster,0,116.0,90.0,1.381,122.71,4.8333,0.9,0.6,3.2222,77.22,16.5,40.2,8.79,9.45
2022-11-09 22:00:00,22,31,31,0.0,5.0,25.0,1.0,0.0,1.0,11,10,10,3,13,3,28.85,262.0,159.0,367.0,8.067,3.0,6.91,roster,0,97.0,77.5,1.1975,106.52,6.9533,0.775,1.4472,3.129,66.5,11.29,40.2,8.53,9.175
2022-11-09 23:00:00,23,27,27,0.0,5.0,22.0,0.0,0.0,1.0,8,7,10,2,12,2,29.85,303.5,219.0,488.0,9.067,3.0,6.91,roster,0,86.0,67.5,1.0238,86.48,5.3767,0.675,1.013,3.1852,57.92,10.42,26.8,11.35,12.2
2022-11-10 00:00:00,0,27,27,0.0,5.0,22.0,0.0,0.0,1.0,10,7,11,2,13,2,30.85,345.0,266.0,487.0,10.067,3.0,6.91,roster,0,86.0,67.5,1.0617,87.33,5.3767,0.675,1.013,3.1852,57.92,11.29,26.8,11.32,12.175
2022-11-10 01:00:00,1,23,23,1.0,5.0,17.0,0.0,0.0,1.0,3,3,14,2,16,2,31.85,343.0,304.0,547.0,11.067,3.0,6.91,roster,0,76.0,57.5,1.0556,82.75,3.3346,0.575,0.4342,3.3043,49.33,13.89,26.8,12.72,13.675
2022-11-10 02:00:00,2,23,23,1.0,5.0,17.0,0.0,0.0,1.0,2,1,14,2,16,2,32.85,403.0,364.0,607.0,12.067,3.0,6.91,roster,0,76.0,57.5,1.0556,84.14,2.3782,0.575,0.1447,3.3043,49.33,13.89,26.8,14.11,15.175
2022-11-10 03:00:00,3,23,23,1.0,6.0,15.0,1.0,0.0,1.0,4,3,13,2,15,2,33.85,467.0,424.0,667.0,13.067,3.0,6.91,roster,0,76.0,57.5,1.0133,84.67,3.3346,0.575,0.4342,3.3043,49.33,13.02,26.8,15.51,16.675
2022-11-10 04:00:00,4,28,28,0.0,5.0,22.0,1.0,0.0,1.0,9,9,13,2,15,2,34.85,527.0,484.0,727.0,14.067,3.0,6.91,roster,0,88.0,70.0,1.1733,96.79,6.2934,0.7,1.3025,3.1429,60.06,13.02,26.8,16.9,18.175
2022-11-10 05:00:00,5,28,28,0.0,6.0,21.0,1.0,0.0,1.0,3,3,15,2,17,2,35.85,579.0,409.0,771.0,15.067,3.0,6.91,roster,0,89.0,70.0,1.2899,99.55,3.605,0.7,0.4342,3.1786,60.06,14.76,26.8,17.93,19.275
2022-11-10 06:00:00,6,25,25,0.0,6.0,18.0,1.0,0.0,1.0,1,1,15,2,17,2,36.85,639.0,469.0,831.0,16.067,3.0,6.91,roster,0,80.0,62.5,1.1594,94.51,2.4631,0.625,0.1447,3.2,53.62,14.76,26.8,19.32,20.775
2022-11-10 07:00:00,7,31,31,0.0,6.0,24.0,1.0,0.0,1.0,7,7,15,2,17,2,37.85,699.0,529.0,891.0,17.067,3.0,6.91,roster,0,98.0,77.5,1.4203,108.77,5.6525,0.775,1.013,3.1613,66.5,14.76,26.8,20.72,22.275
2022-11-10 08:00:00,8,29,29,0.0,6.0,22.0,1.0,0.0,1.0,6,6,14,2,16,2,38.85,756.5,589.0,967.0,18.067,3.0,7.28,roster,0,92.0,72.5,1.2778,105.38,4.9146,0.725,0.8242,3.1724,62.2,13.89,26.8,22.48,24.175
2022-11-10 09:00:00,9,30,30,0.0,5.0,23.0,2.0,0.0,1.0,8,6,13,2,15,2,39.85,827.0,342.0,1027.0,19.067,3.0,7.28,roster,0,93.0,75.0,1.24,108.05,4.8799,0.75,0.8242,3.1,64.35,13.02,26.8,23.88,25.675
2022-11-10 10:00:00,10,29,29,0.0,6.0,23.0,0.0,0.0,1.0,10,8,10,2,12,2,40.85,963.5,411.0,1148.0,20.067,4.0,12.26,roster,0,93.0,72.5,0.8304,106.12,4.4176,0.725,0.6525,3.2069,62.2,10.42,26.8,26.69,28.7
2022-11-10 11:00:00,11,34,34,1.0,6.0,26.0,1.0,0.0,1.0,9,9,10,3,13,3,41.85,1005.0,201.0,1147.0,21.067,4.0,12.26,roster,0,109.0,85.0,1.0093,131.09,5.0784,0.85,0.7341,3.2059,72.93,11.29,40.2,26.67,28.675
2022-11-10 12:00:00,12,33,33,0.0,6.0,24.0,3.0,0.0,1.0,7,8,14,3,17,3,22.067,261.0,110.0,1102.0,22.067,4.0,12.26,roster,0,102.0,82.5,1.1087,131.37,4.5669,0.825,0.6525,3.0909,70.78,14.76,40.2,25.62,27.55
2022-11-10 13:00:00,13,37,37,2.0,7.0,26.0,2.0,0.0,1.0,11,11,12,2,14,2,23.067,311.0,170.0,1125.0,23.067,4.0,12.26,roster,0,120.0,92.5,1.1538,124.48,5.9099,0.925,0.8972,3.2432,79.36,12.16,26.8,26.16,28.125
2022-11-10 14:00:00,14,36,36,1.0,7.0,26.0,2.0,0.0,1.0,1,1,15,3,18,3,24.067,268.0,203.0,651.0,24.067,4.0,12.26,roster,0,115.0,90.0,1.3068,128.19,3.1356,0.9,0.0816,3.1944,77.22,15.63,40.2,15.14,16.275
2022-11-10 15:00:00,15,42,42,1.0,8.0,30.0,3.0,0.0,1.0,12,12,14,3,17,3,25.067,343.0,263.0,711.0,25.067,4.0,12.26,roster,0,133.0,105.0,1.4457,141.58,6.4245,1.05,0.9788,3.1667,90.09,14.76,40.2,16.53,17.775
2022-11-10 16:00:00,16,39,39,1.0,7.0,29.0,2.0,0.0,1.0,9,10,13,2,15,2,26.067,331.0,214.0,621.0,26.067,4.0,12.26,roster,0,124.0,97.5,1.24,117.92,5.6934,0.975,0.8157,3.1795,83.66,13.02,26.8,14.44,15.525
2022-11-10 17:00:00,17,40,40,1.0,7.0,27.0,4.0,1.0,1.0,15,14,13,1,14,1,27.067,412.0,274.0,681.0,27.067,4.0,12.26,roster,0,123.0,100.0,1.1827,107.19,6.5864,1.0,1.1419,3.075,85.8,12.16,13.4,15.83,17.025
2022-11-10 18:00:00,18,34,34,1.0,7.0,23.0,3.0,0.0,1.0,6,5,12,3,15,3,28.067,334.0,116.0,741.0,28.067,4.0,12.26,roster,0,108.0,85.0,1.08,123.38,3.9955,0.85,0.4078,3.1765,72.93,13.02,40.2,17.23,18.525
2022-11-10 19:00:00,19,30,30,1.0,6.0,20.0,2.0,1.0,1.0,12,11,9,2,11,2,29.067,394.0,151.0,951.0,29.067,4.0,12.26,roster,0,94.0,75.0,0.8103,102.81,5.1613,0.75,0.8972,3.1333,64.35,9.55,26.8,22.11,23.775
2022-11-10 20:00:00,20,32,32,1.0,4.0,21.0,4.0,2.0,1.0,15,12,9,2,11,2,29.133,211.0,117.0,861.0,29.133,4.0,13.27,roster,0,94.0,80.0,0.8103,105.01,5.0064,0.8,0.9043,2.9375,68.64,9.55,26.8,20.02,21.525
2022-11-10 21:00:00,21,30,30,0.0,5.0,18.0,5.0,2.0,1.0,10,8,5,2,7,2,24.317,271.0,135.0,801.0,15.35,4.0,13.27,roster,0,86.0,75.0,0.6515,95.85,3.8782,0.75,0.6029,2.8667,64.35,6.08,26.8,18.62,20.025
2022-11-10 22:00:00,22,25,25,1.0,4.0,16.0,3.0,1.0,1.0,7,5,7,2,9,2,25.317,289.0,185.0,349.0,16.35,3.0,8.29,roster,0,76.0,62.5,0.8172,76.35,3.7335,0.625,0.6031,3.04,53.62,7.81,26.8,8.11,8.725
2022-11-10 23:00:00,23,28,28,2.0,4.0,18.0,3.0,1.0,1.0,10,9,5,3,8,3,26.317,302.0,136.0,409.0,15.35,3.0,8.29,roster,0,87.0,70.0,0.9062,96.72,5.5483,0.7,1.0856,3.1071,60.06,6.95,40.2,9.51,10.225
2022-11-11 00:00:00,0,22,22,2.0,2.0,15.0,2.0,1.0,1.0,8,6,5,3,8,3,13.75,194.0,178.0,451.0,7.817,3.0,8.29,roster,0,68.0,55.0,0.7083,84.82,3.9371,0.55,0.7238,3.0909,47.19,6.95,40.2,10.49,11.275
2022-11-11 01:00:00,1,23,23,1.0,3.0,16.0,2.0,1.0,1.0,7,7,6,3,9,3,14.75,252.0,125.0,375.0,8.817,3.0,8.29,roster,0,70.0,57.5,0.7527,86.07,4.3199,0.575,0.8444,3.0435,49.33,7.81,40.2,8.72,9.375
2022-11-11 02:00:00,2,23,23,1.0,5.0,15.0,1.0,1.0,1.0,4,4,6,3,9,3,15.75,312.0,185.0,435.0,9.817,3.0,8.29,roster,0,73.0,57.5,0.7849,87.46,3.3564,0.575,0.4825,3.1739,49.33,7.81,40.2,10.11,10.875
2022-11-11 03:00:00,3,21,21,0.0,4.0,15.0,1.0,1.0,1.0,5,4,6,1,7,1,16.75,372.0,242.0,495.0,10.517,3.0,8.29,roster,0,64.0,52.5,0.6465,56.03,3.0705,0.525,0.4825,3.0476,45.04,6.08,13.4,11.51,12.375
2022-11-11 04:00:00,4,22,22,0.0,4.0,16.0,1.0,1.0,1.0,3,3,7,1,8,1,17.75,368.5,302.0,555.0,11.517,3.0,8.29,roster,0,67.0,55.0,0.6979,60.44,2.7771,0.55,0.3619,3.0455,47.19,6.95,13.4,12.9,13.875
2022-11-11 05:00:00,5,21,21,0.0,4.0,14.0,2.0,1.0,1.0,2,1,7,1,8,1,18.75,428.5,362.0,615.0,12.517,3.0,8.29,roster,0,63.0,52.5,0.6562,59.69,1.9369,0.525,0.1206,3.0,45.04,6.95,13.4,14.3,15.375
2022-11-11 06:00:00,6,24,24,0.0,4.0,17.0,2.0,1.0,1.0,3,3,7,1,8,1,19.75,488.5,422.0,675.0,13.517,3.0,8.29,roster,0,72.0,60.0,0.75,67.52,2.8856,0.6,0.3619,3.0,51.48,6.95,13.4,15.69,16.875
2022-11-11 07:00:00,7,22,22,0.0,4.0,15.0,2.0,1.0,1.0,2,2,8,1,9,1,20.75,485.0,462.0,616.0,14.517,3.0,8.29,roster,0,66.0,55.0,0.7097,62.73,2.3738,0.55,0.2413,3.0,47.19,7.81,13.4,14.32,15.4
2022-11-11 08:00:00,8,19,19,0.0,4.0,13.0,1.0,1.0,1.0,2,1,8,1,9,1,21.75,545.0,522.0,676.0,15.517,3.0,6.55,roster,0,58.0,47.5,0.6237,57.69,1.9161,0.475,0.1527,3.0526,40.75,7.81,13.4,15.72,16.9
2022-11-11 09:00:00,9,25,25,0.0,4.0,19.0,1.0,1.0,1.0,8,8,6,1,7,1,22.75,732.0,399.0,855.0,16.517,3.0,6.55,roster,0,76.0,62.5,0.7677,72.98,5.613,0.625,1.2214,3.04,53.62,6.08,13.4,19.88,21.375
2022-11-11 10:00:00,10,26,26,0.0,6.0,18.0,2.0,0.0,1.0,11,9,4,1,5,1,23.75,662.0,101.0,915.0,17.517,4.0,10.25,roster,0,82.0,65.0,0.5857,74.79,4.8192,0.65,0.878,3.1538,55.77,4.34,13.4,21.27,22.875
2022-11-11 11:00:00,11,29,29,1.0,7.0,20.0,1.0,0.0,1.0,12,10,5,1,6,1,23.35,423.5,113.0,975.0,18.517,4.0,10.25,roster,0,95.0,72.5,0.6985,83.48,5.571,0.725,0.9756,3.2759,62.2,5.21,13.4,22.67,24.375
2022-11-11 12:00:00,12,32,32,1.0,7.0,23.0,0.0,1.0,1.0,12,11,6,1,7,1,24.35,134.0,68.0,782.0,17.25,4.0,10.25,roster,0,103.0,80.0,0.7803,86.3,6.0293,0.8,1.0732,3.2188,68.64,6.08,13.4,18.18,19.55
2022-11-11 13:00:00,13,31,31,1.0,6.0,23.0,1.0,0.0,1.0,8,7,8,3,11,3,25.35,122.0,100.0,245.0,18.25,4.0,10.25,roster,0,100.0,77.5,0.8621,101.94,4.703,0.775,0.6829,3.2258,66.5,9.55,40.2,5.7,6.125
2022-11-11 14:00:00,14,32,32,1.0,6.0,25.0,0.0,0.0,1.0,7,7,9,3,12,3,26.35,173.0,157.0,305.0,19.25,4.0,10.25,roster,0,104.0,80.0,0.9286,106.35,4.8195,0.8,0.6829,3.25,68.64,10.42,40.2,7.09,7.625
2022-11-11 15:00:00,15,31,31,0.0,7.0,23.0,1.0,0.0,1.0,10,9,7,2,9,2,20.25,239.0,156.0,365.0,20.25,4.0,10.25,roster,0,99.0,77.5,0.7984,89.6,5.2791,0.775,0.878,3.1935,66.5,7.81,26.8,8.49,9.125
2022-11-11 16:00:00,16,32,32,0.0,6.0,26.0,0.0,0.0,1.0,11,10,7,2,9,2,21.25,216.0,101.0,299.0,21.25,4.0,10.25,roster,0,102.0,80.0,0.8226,90.21,5.6598,0.8,0.9756,3.1875,68.64,7.81,26.8,6.95,7.475
2022-11-11 17:00:00,17,30,30,0.0,9.0,20.0,1.0,0.0,1.0,9,8,7,1,8,1,22.25,209.5,135.0,485.0,22.25,4.0,10.25,roster,0,98.0,75.0,0.7656,75.97,4.9996,0.75,0.7805,3.2667,64.35,6.95,13.4,11.28,12.125
2022-11-11 18:00:00,18,35,35,1.0,11.0,23.0,0.0,0.0,1.0,10,10,11,1,12,1,23.25,179.5,101.0,419.0,23.25,4.0,10.25,roster,0,118.0,87.5,1.0536,88.64,6.2392,0.875,0.9756,3.3714,75.08,10.42,13.4,9.74,10.475
2022-11-11 19:00:00,19,34,34,2.0,11.0,19.0,1.0,1.0,1.0,10,10,11,1,12,1,24.25,138.5,117.0,479.0,24.25,4.0,10.25,roster,0,114.0,85.0,1.0179,87.89,6.1212,0.85,0.9756,3.3529,72.93,10.42,13.4,11.14,11.975
2022-11-11 20:00:00,20,41,41,2.0,9.0,25.0,3.0,2.0,1.0,16,14,11,1,12,1,25.25,175.0,131.0,284.0,25.25,4.0,10.0,roster,0,129.0,102.5,1.1518,98.37,7.6299,1.025,1.4,3.1463,87.94,10.42,13.4,6.6,7.1
2022-11-11 21:00:00,21,41,41,3.0,8.0,26.0,4.0,0.0,1.0,13,13,8,1,9,1,26.25,212.0,155.0,237.0,26.25,4.0,10.0,roster,0,133.0,102.5,1.0726,94.67,7.5421,1.025,1.3,3.2439,87.94,7.81,13.4,5.51,5.925
2022-11-11 22:00:00,22,40,40,2.0,6.0,28.0,4.0,0.0,1.0,9,9,12,0,12,0,27.25,116.0,105.0,272.0,27.25,3.0,6.3,roster,0,126.0,100.0,1.5,82.54,7.65,1.0,1.4286,3.15,85.8,10.42,0.0,6.32,6.8
2022-11-11 23:00:00,23,37,37,3.0,4.0,28.0,2.0,0.0,1.0,10,9,10,1,11,1,28.25,169.0,137.0,215.0,28.25,3.0,6.3,roster,0,119.0,92.5,1.3678,87.32,7.5696,0.925,1.4286,3.2162,79.36,9.55,13.4,5.0,5.375
2022-11-12 00:00:00,0,30,30,3.0,4.0,23.0,0.0,0.0,1.0,5,3,12,2,14,2,29.25,224.0,122.0,239.0,29.25,3.0,6.3,roster,0,100.0,75.0,1.2821,88.86,4.0873,0.75,0.4762,3.3333,64.35,12.16,26.8,5.56,5.975
2022-11-12 01:00:00,1,26,26,3.0,4.0,19.0,0.0,0.0,1.0,3,3,14,2,16,2,30.25,270.0,174.0,299.0,30.25,3.0,6.3,roster,0,88.0,65.0,1.2222,83.41,3.8117,0.65,0.4762,3.3846,55.77,13.89,26.8,6.95,7.475
2022-11-12 02:00:00,2,25,25,2.0,4.0,18.0,1.0,0.0,1.0,5,3,13,1,14,1,31.25,330.0,214.0,353.0,31.25,3.0,6.3,roster,0,82.0,62.5,1.0513,67.39,3.6119,0.625,0.4762,3.28,53.62,12.16,13.4,8.21,8.825
2022-11-12 03:00:00,3,24,24,2.0,5.0,17.0,0.0,0.0,1.0,2,2,13,1,14,1,32.25,390.0,274.0,413.0,32.25,3.0,6.3,roster,0,81.0,60.0,1.0385,66.64,3.0964,0.6,0.3175,3.375,51.48,12.16,13.4,9.6,10.325
2022-11-12 04:00:00,4,22,22,2.0,5.0,14.0,1.0,0.0,1.0,1,1,13,1,14,1,33.25,450.0,334.0,473.0,33.25,3.0,6.3,roster,0,74.0,55.0,0.9487,63.74,2.3839,0.55,0.1587,3.3636,47.19,12.16,13.4,11.0,11.825
2022-11-12 05:00:00,5,24,24,2.0,3.0,19.0,0.0,0.0,1.0,5,5,13,0,13,0,34.25,523.0,394.0,533.0,34.25,3.0,6.3,roster,0,79.0,60.0,0.9753,55.16,4.5874,0.6,0.7937,3.2917,51.48,11.29,0.0,12.39,13.325
2022-11-12 06:00:00,6,24,24,2.0,3.0,18.0,1.0,0.0,1.0,4,2,15,0,15,0,35.25,557.0,390.0,593.0,35.25,3.0,6.3,roster,0,78.0,60.0,1.04,58.29,2.9817,0.6,0.3175,3.25,51.48,13.02,0.0,13.79,14.825
2022-11-12 07:00:00,7,29,29,2.0,2.0,24.0,1.0,0.0,1.0,8,8,15,0,15,0,36.25,617.0,450.0,653.0,36.25,3.0,6.3,roster,0,92.0,72.5,1.2267,70.41,6.3285,0.725,1.2698,3.1724,62.2,13.02,0.0,15.18,16.325
2022-11-12 08:00:00,8,25,25,2.0,2.0,21.0,0.0,0.0,1.0,5,3,17,0,17,0,37.25,602.0,506.0,709.0,37.25,3.0,6.45,roster,0,81.0,62.5,1.1739,64.87,3.532,0.625,0.4651,3.24,53.62,14.76,0.0,16.48,17.725
2022-11-12 09:00:00,9,21,21,1.0,3.0,17.0,0.0,0.0,1.0,8,7,7,1,8,1,38.25,653.5,167.0,1445.0,38.25,3.0,6.45,roster,0,68.0,52.5,0.7083,78.99,5.2142,0.525,1.0853,3.2381,45.04,6.95,13.4,33.6,36.125
2022-11-12 10:00:00,10,22,22,1.0,5.0,16.0,0.0,0.0,1.0,9,7,6,1,7,1,39.25,630.0,201.0,1505.0,39.25,4.0,9.91,roster,0,73.0,55.0,0.553,81.66,4.1688,0.55,0.7064,3.3182,47.19,6.08,13.4,34.99,37.625
2022-11-12 11:00:00,11,25,25,1.0,7.0,17.0,0.0,0.0,1.0,8,8,6,1,7,1,40.25,261.0,88.0,1565.0,40.25,4.0,9.91,roster,0,84.0,62.5,0.6364,89.49,4.8124,0.625,0.8073,3.36,53.62,6.08,13.4,36.39,39.125
2022-11-12 12:00:00,12,27,27,2.0,6.0,18.0,1.0,0.0,1.0,8,9,7,2,9,2,27.083,121.0,99.0,321.0,27.083,4.0,9.91,roster,0,90.0,67.5,0.7258,79.99,5.2772,0.675,0.9082,3.3333,57.92,7.81,26.8,7.46,8.025
2022-11-12 13:00:00,13,24,24,3.0,5.0,15.0,1.0,0.0,1.0,13,10,5,2,7,2,28.083,178.0,127.0,407.0,28.083,4.0,9.91,roster,0,82.0,60.0,0.6212,73.82,5.4977,0.6,1.0091,3.4167,51.48,6.08,26.8,9.46,10.175
2022-11-12 14:00:00,14,32,32,3.0,10.0,18.0,1.0,0.0,1.0,15,13,7,3,10,3,7.783,158.0,85.0,238.0,7.783,4.0,9.91,roster,0,111.0,80.0,0.925,103.06,7.3253,0.8,1.3118,3.4688,68.64,8.68,40.2,5.53,5.95
2022-11-12 15:00:00,15,31,31,3.0,10.0,18.0,0.0,0.0,1.0,12,7,10,3,13,3,7.933,134.0,84.0,189.0,7.55,4.0,9.91,roster,0,109.0,77.5,1.0093,102.38,5.2086,0.775,0.7064,3.5161,66.5,11.29,40.2,4.39,4.725
2022-11-12 16:00:00,16,27,27,1.0,11.0,15.0,0.0,0.0,1.0,6,6,7,2,9,2,8.933,172.0,132.0,194.0,8.55,4.0,9.91,roster,0,94.0,67.5,0.7581,77.04,4.4579,0.675,0.6054,3.4815,57.92,7.81,26.8,4.51,4.85
2022-11-12 17:00:00,17,30,30,1.0,7.0,17.0,5.0,0.0,1.0,14,12,7,2,9,2,9.933,192.0,132.0,232.0,9.55,4.0,9.91,roster,0,94.0,75.0,0.7581,84.36,6.1441,0.75,1.2109,3.1333,64.35,7.81,26.8,5.39,5.8
2022-11-12 18:00:00,18,28,28,0.0,6.0,16.0,5.0,1.0,1.0,7,6,8,2,10,2,10.55,248.0,130.0,292.0,10.55,4.0,9.91,roster,0,83.0,70.0,0.6917,82.33,3.8697,0.7,0.6054,2.9643,60.06,8.68,26.8,6.79,7.3
2022-11-12 19:00:00,19,15,15,0.0,2.0,9.0,2.0,2.0,1.0,4,4,3,2,5,2,11.55,352.0,168.0,374.0,11.55,4.0,9.91,roster,0,41.0,37.5,0.2929,52.01,2.1283,0.375,0.4036,2.7333,32.17,4.34,26.8,8.7,9.35
2022-11-12 20:00:00,20,14,14,1.0,2.0,9.0,1.0,1.0,1.0,9,7,2,1,3,1,7.683,412.0,228.0,434.0,7.233,4.0,10.69,roster,0,43.0,35.0,0.2905,36.13,3.0862,0.35,0.6548,3.0714,30.03,2.6,13.4,10.09,10.85
2022-11-12 21:00:00,21,20,20,1.0,3.0,13.0,2.0,1.0,1.0,16,12,2,2,4,2,8.683,286.0,100.0,494.0,8.233,4.0,10.69,roster,0,61.0,50.0,0.4236,64.66,4.9488,0.5,1.1225,3.05,42.9,3.47,26.8,11.49,12.35
2022-11-12 22:00:00,22,21,21,1.0,3.0,14.0,2.0,1.0,1.0,10,9,3,1,4,1,9.683,112.0,91.0,160.0,2.667,3.0,7.23,roster,0,64.0,52.5,0.5926,45.64,5.3937,0.525,1.2448,3.0476,45.04,3.47,13.4,3.72,4.0
2022-11-12 23:00:00,23,15,15,1.0,2.0,10.0,1.0,1.0,1.0,5,4,2,2,4,2,4.25,129.0,113.0,193.0,3.217,3.0,7.23,roster,0,46.0,37.5,0.4259,46.94,2.8466,0.375,0.5533,3.0667,32.17,3.47,26.8,4.49,4.825
2022-11-13 00:00:00,0,19,19,0.0,1.0,13.0,4.0,1.0,1.0,12,10,2,1,3,1,5.25,173.0,155.0,205.0,3.417,3.0,7.23,roster,0,52.0,47.5,0.4685,41.53,5.0854,0.475,1.3831,2.7368,40.75,2.6,13.4,4.77,5.125
2022-11-13 01:00:00,1,14,14,0.0,1.0,10.0,2.0,1.0,1.0,3,3,1,1,2,1,6.25,224.0,215.0,233.0,3.883,3.0,7.23,roster,0,39.0,35.0,0.3421,30.58,2.1309,0.35,0.4149,2.7857,30.03,1.74,13.4,5.42,5.825
2022-11-13 02:00:00,2,12,12,0.0,1.0,10.0,0.0,1.0,1.0,2,2,1,1,2,1,7.25,284.0,275.0,293.0,4.883,3.0,7.23,roster,0,35.0,30.0,0.307,27.69,1.6818,0.3,0.2766,2.9167,25.74,1.74,13.4,6.81,7.325
2022-11-13 03:00:00,3,11,11,0.0,1.0,8.0,1.0,1.0,1.0,4,3,1,1,2,1,8.25,344.0,335.0,353.0,5.883,3.0,7.23,roster,0,31.0,27.5,0.2719,26.94,1.9444,0.275,0.4149,2.8182,23.6,1.74,13.4,8.21,8.825
2022-11-13 04:00:00,4,12,12,0.0,1.0,10.0,0.0,1.0,1.0,4,3,1,1,2,1,9.25,404.0,395.0,413.0,6.883,3.0,7.23,roster,0,35.0,30.0,0.307,30.48,2.0852,0.3,0.4149,2.9167,25.74,1.74,13.4,9.6,10.325
2022-11-13 05:00:00,5,15,15,1.0,0.0,13.0,0.0,1.0,1.0,5,4,1,1,2,1,10.25,464.0,455.0,473.0,7.883,3.0,7.23,roster,0,45.0,37.5,0.3947,38.31,2.7848,0.375,0.5533,3.0,32.17,1.74,13.4,11.0,11.825
2022-11-13 06:00:00,6,12,12,1.0,0.0,9.0,1.0,1.0,1.0,3,3,3,1,4,1,11.25,302.5,90.0,533.0,8.883,3.0,7.23,roster,0,35.0,30.0,0.3241,35.01,2.0852,0.3,0.4149,2.9167,25.74,3.47,13.4,12.39,13.325
2022-11-13 07:00:00,7,12,12,1.0,0.0,10.0,0.0,1.0,1.0,4,3,3,1,4,1,12.25,362.5,150.0,593.0,9.883,3.0,7.23,roster,0,36.0,30.0,0.3333,36.4,2.1448,0.3,0.4149,3.0,25.74,3.47,13.4,13.79,14.825
2022-11-13 08:00:00,8,15,15,2.0,0.0,12.0,0.0,1.0,1.0,5,4,4,1,5,1,13.25,210.0,179.0,635.0,10.883,3.0,6.67,roster,0,47.0,37.5,0.4476,44.68,3.0541,0.375,0.5997,3.1333,32.17,4.34,13.4,14.76,15.875
2022-11-13 09:00:00,9,15,15,1.0,1.0,11.0,2.0,0.0,1.0,5,4,5,2,7,2,12.267,123.0,79.0,695.0,11.883,3.0,6.67,roster,0,46.0,37.5,0.4646,61.21,2.9891,0.375,0.5997,3.0667,32.17,6.08,26.8,16.16,17.375
2022-11-13 10:00:00,10,19,19,1.0,1.0,14.0,3.0,0.0,1.0,8,9,5,1,6,1,13.267,146.5,68.0,183.0,4.983,4.0,9.92,roster,0,57.0,47.5,0.4191,43.62,4.1468,0.475,0.9073,3.0,40.75,5.21,13.4,4.25,4.575
2022-11-13 11:00:00,11,29,29,1.0,2.0,20.0,6.0,0.0,1.0,20,18,5,1,6,1,14.267,206.5,122.0,243.0,5.983,4.0,9.92,roster,0,85.0,72.5,0.625,66.46,7.4434,0.725,1.8145,2.931,62.2,5.21,13.4,5.65,6.075
2022-11-13 12:00:00,12,33,33,1.0,3.0,23.0,6.0,0.0,1.0,15,16,6,1,7,1,8.15,161.0,63.0,303.0,6.983,4.0,9.92,roster,0,98.0,82.5,0.7424,77.31,7.2398,0.825,1.6129,2.9697,70.78,6.08,13.4,7.04,7.575
2022-11-13 13:00:00,13,32,32,1.0,5.0,19.0,7.0,0.0,1.0,9,7,11,2,13,2,9.15,120.0,104.0,221.0,7.983,4.0,9.92,roster,0,96.0,80.0,0.8889,91.87,4.5169,0.8,0.7056,3.0,68.64,11.29,26.8,5.14,5.525
2022-11-13 14:00:00,14,27,27,2.0,6.0,15.0,4.0,0.0,1.0,7,7,7,3,10,3,8.983,187.5,123.0,374.0,8.983,4.0,9.92,roster,0,87.0,67.5,0.725,95.49,4.4487,0.675,0.7056,3.2222,57.92,8.68,40.2,8.7,9.35
2022-11-13 15:00:00,15,27,27,3.0,4.0,14.0,5.0,1.0,1.0,14,13,5,3,8,3,8.05,210.0,167.0,434.0,8.05,4.0,9.92,roster,0,84.0,67.5,0.6562,95.15,6.1771,0.675,1.3105,3.1111,57.92,6.95,40.2,10.09,10.85
2022-11-13 16:00:00,16,33,33,3.0,6.0,18.0,5.0,1.0,1.0,17,16,5,4,9,4,9.05,158.0,89.0,243.0,9.05,4.0,9.92,roster,0,104.0,82.5,0.8387,117.85,7.6831,0.825,1.6129,3.1515,70.78,7.81,53.6,5.65,6.075
2022-11-13 17:00:00,17,44,44,4.0,7.0,25.0,4.0,4.0,1.0,21,19,8,5,13,5,10.05,149.0,93.0,287.0,10.05,4.0,9.92,roster,0,135.0,110.0,1.25,159.34,9.2516,1.1,1.9153,3.0682,94.38,11.29,67.0,6.67,7.175
2022-11-13 18:00:00,18,38,38,3.0,7.0,23.0,3.0,2.0,1.0,9,8,10,5,15,5,11.05,203.0,131.0,347.0,11.05,4.0,9.92,roster,0,120.0,95.0,1.2,149.6,5.5467,0.95,0.8065,3.1579,81.51,13.02,67.0,8.07,8.675
2022-11-13 19:00:00,19,32,32,1.0,6.0,24.0,1.0,0.0,1.0,11,11,10,3,13,3,12.05,213.0,129.0,281.0,12.05,4.0,9.92,roster,0,103.0,80.0,0.9537,106.66,6.1442,0.8,1.1089,3.2188,68.64,11.29,40.2,6.53,7.025
2022-11-13 20:00:00,20,38,38,1.0,7.0,28.0,2.0,0.0,1.0,12,11,12,3,15,3,13.05,251.0,174.0,341.0,13.05,4.0,10.26,roster,0,121.0,95.0,1.21,122.66,6.4389,0.95,1.0721,3.1842,81.51,13.02,40.2,7.93,8.525
2022-11-13 21:00:00,21,31,31,2.0,6.0,22.0,1.0,0.0,1.0,11,7,8,3,11,3,13.233,184.0,117.0,401.0,13.233,4.0,10.26,roster,0,102.0,77.5,0.8793,105.57,4.7949,0.775,0.6823,3.2903,66.5,9.55,40.2,9.32,10.025
2022-11-13 22:00:00,22,30,30,2.0,7.0,20.0,1.0,0.0,1.0,12,11,7,3,10,3,14.233,158.5,98.0,371.0,14.233,3.0,7.01,roster,0,100.0,75.0,1.1111,101.86,7.7306,0.75,1.5692,3.3333,64.35,8.68,40.2,8.63,9.275
2022-11-13 23:00:00,23,29,29,2.0,7.0,18.0,2.0,0.0,1.0,8,7,7,3,10,3,15.233,190.0,133.0,431.0,15.233,3.0,7.01,roster,0,96.0,72.5,1.0667,101.11,5.7056,0.725,0.9986,3.3103,62.2,8.68,40.2,10.02,10.775
2022-11-14 00:00:00,0,27,27,2.0,7.0,17.0,1.0,0.0,1.0,4,4,9,3,12,3,16.233,229.0,160.0,491.0,16.233,3.0,7.01,roster,0,91.0,67.5,1.0833,99.95,4.1982,0.675,0.5706,3.3704,57.92,10.42,40.2,11.42,12.275
2022-11-14 01:00:00,1,23,23,2.0,8.0,12.0,1.0,0.0,1.0,5,4,10,3,13,3,17.233,278.0,202.0,485.0,17.233,3.0,7.01,roster,0,80.0,57.5,0.9877,92.1,3.9847,0.575,0.5706,3.4783,49.33,11.29,40.2,11.28,12.125
2022-11-14 02:00:00,2,25,25,2.0,7.0,15.0,1.0,0.0,1.0,7,6,11,3,14,3,18.233,325.5,233.0,545.0,18.233,3.0,7.01,roster,0,85.0,62.5,1.0897,98.65,5.0351,0.625,0.8559,3.4,53.62,12.16,40.2,12.67,13.625
2022-11-14 03:00:00,3,27,27,2.0,8.0,16.0,1.0,0.0,1.0,4,5,13,3,16,3,19.233,356.5,270.0,605.0,19.233,3.0,7.01,roster,0,92.0,67.5,1.2778,106.07,4.7304,0.675,0.7133,3.4074,57.92,13.89,40.2,14.07,15.125
2022-11-14 04:00:00,4,24,24,2.0,7.0,14.0,1.0,0.0,1.0,1,1,13,3,16,3,20.233,416.5,330.0,665.0,20.233,3.0,7.01,roster,0,82.0,60.0,1.1389,101.03,2.5374,0.6,0.1427,3.4167,51.48,13.89,40.2,15.46,16.625
2022-11-14 05:00:00,5,24,24,2.0,7.0,14.0,1.0,0.0,1.0,1,0,14,3,17,3,21.233,460.0,336.0,560.0,21.233,3.0,7.01,roster,0,82.0,60.0,1.1884,99.46,2.05,0.6,0.0,3.4167,51.48,14.76,40.2,13.02,14.0
2022-11-14 06:00:00,6,26,26,2.0,7.0,16.0,1.0,0.0,1.0,2,2,14,3,17,3,22.233,520.0,396.0,620.0,22.233,3.0,7.01,roster,0,88.0,65.0,1.2754,105.15,3.1657,0.65,0.2853,3.3846,55.77,14.76,40.2,14.42,15.5
2022-11-14 07:00:00,7,25,25,2.0,8.0,14.0,1.0,0.0,1.0,3,2,14,3,17,3,23.233,580.0,456.0,680.0,23.233,3.0,7.01,roster,0,86.0,62.5,1.2464,104.4,3.1315,0.625,0.2853,3.44,53.62,14.76,40.2,15.81,17.0
2022-11-14 08:00:00,8,26,26,2.0,7.0,16.0,1.0,0.0,1.0,3,2,16,3,19,3,24.233,622.0,377.0,740.0,24.233,3.0,7.21,roster,0,88.0,65.0,1.3968,109.67,3.1389,0.65,0.2774,3.3846,55.77,16.5,40.2,17.21,18.5
2022-11-14 09:00:00,9,25,25,3.0,7.0,14.0,1.0,0.0,1.0,6,5,11,3,14,3,25.233,691.0,420.0,965.0,25.233,3.0,7.21,roster,0,87.0,62.5,1.1154,108.42,4.5883,0.625,0.6935,3.48,53.62,12.16,40.2,22.44,24.125
2022-11-14 10:00:00,10,32,32,3.0,8.0,20.0,1.0,0.0,1.0,12,13,10,4,14,4,26.233,605.0,225.0,1025.0,26.233,4.0,10.46,roster,0,109.0,80.0,1.0481,138.23,6.9584,0.8,1.2428,3.4062,68.64,12.16,53.6,23.83,25.625
2022-11-14 11:00:00,11,42,42,3.0,8.0,28.0,3.0,0.0,1.0,16,13,14,4,18,4,27.233,418.0,120.0,878.0,27.233,4.0,10.46,roster,0,137.0,105.0,1.5568,159.73,7.479,1.05,1.2428,3.2619,90.09,15.63,53.6,20.41,21.95
2022-11-14 12:00:00,12,42,42,4.0,9.0,26.0,3.0,0.0,1.0,12,10,14,3,17,3,23.783,237.0,154.0,862.0,23.783,4.0,10.46,roster,0,140.0,105.0,1.5217,145.09,6.6867,1.05,0.956,3.3333,90.09,14.76,40.2,20.04,21.55
2022-11-14 13:00:00,13,44,44,4.0,8.0,26.0,6.0,0.0,1.0,12,10,12,4,16,4,24.783,250.5,148.0,893.0,24.783,4.0,10.46,roster,0,142.0,110.0,1.4792,162.64,6.6353,1.1,0.956,3.2273,94.38,13.89,53.6,20.76,22.325
2022-11-14 14:00:00,14,42,42,2.0,8.0,31.0,1.0,0.0,1.0,10,10,13,4,17,4,25.783,291.0,129.0,465.0,25.783,4.0,10.46,roster,0,137.0,105.0,1.4891,149.26,6.5435,1.05,0.956,3.2619,90.09,14.76,53.6,10.81,11.625
2022-11-14 15:00:00,15,44,44,2.0,7.0,30.0,5.0,0.0,1.0,10,11,15,3,18,3,23.183,301.0,172.0,417.0,23.183,4.0,10.46,roster,0,138.0,110.0,1.5682,139.9,6.7483,1.1,1.0516,3.1364,94.38,15.63,40.2,9.7,10.425
2022-11-14 16:00:00,16,39,39,2.0,7.0,25.0,5.0,0.0,1.0,11,10,14,2,16,2,24.183,280.5,195.0,585.0,24.183,4.0,10.46,roster,0,123.0,97.5,1.2812,117.95,6.0901,0.975,0.956,3.1538,83.66,13.89,26.8,13.6,14.625
2022-11-14 17:00:00,17,43,43,3.0,6.0,30.0,4.0,0.0,1.0,10,8,18,2,20,2,25.183,288.0,176.0,537.0,25.183,4.0,10.46,roster,0,137.0,107.5,1.7125,128.89,5.8617,1.075,0.7648,3.186,92.24,17.37,26.8,12.49,13.425
2022-11-14 18:00:00,18,44,44,3.0,7.0,30.0,4.0,0.0,1.0,9,8,20,2,22,2,26.183,308.5,166.0,561.0,26.183,4.0,10.46,roster,0,141.0,110.0,1.9583,133.33,5.9759,1.1,0.7648,3.2045,94.38,19.1,26.8,13.04,14.025
2022-11-14 19:00:00,19,35,35,2.0,4.0,27.0,2.0,0.0,1.0,10,9,17,1,18,1,26.833,254.0,135.0,426.0,26.083,4.0,10.46,roster,0,111.0,87.5,1.2614,94.01,5.5038,0.875,0.8604,3.1714,75.08,15.63,13.4,9.9,10.65
2022-11-14 20:00:00,20,34,34,2.0,5.0,26.0,1.0,0.0,1.0,5,5,17,1,18,1,27.833,286.0,161.0,450.0,27.083,4.0,9.38,roster,0,110.0,85.0,1.25,92.42,4.4746,0.85,0.533,3.2353,72.93,15.63,13.4,10.46,11.25
2022-11-14 21:00:00,21,40,40,1.0,5.0,32.0,2.0,0.0,1.0,13,14,14,1,15,1,28.833,245.0,161.0,510.0,28.083,4.0,9.38,roster,0,125.0,100.0,1.25,104.08,7.7892,1.0,1.4925,3.125,85.8,13.02,13.4,11.86,12.75
2022-11-14 22:00:00,22,45,45,1.0,8.0,35.0,1.0,0.0,1.0,15,15,15,2,17,2,29.833,267.0,120.0,523.0,29.083,3.0,6.13,roster,0,144.0,112.5,2.087,130.25,11.4303,1.125,2.447,3.2,96.52,14.76,26.8,12.16,13.075
2022-11-14 23:00:00,23,44,44,1.0,8.0,34.0,1.0,0.0,1.0,8,9,16,4,20,4,30.833,218.5,132.0,470.0,30.083,3.0,6.13,roster,0,141.0,110.0,2.35,156.27,8.2299,1.1,1.4682,3.2045,94.38,17.37,53.6,10.93,11.75
2022-11-15 00:00:00,0,44,44,1.0,8.0,31.0,3.0,1.0,1.0,8,7,17,4,21,4,31.833,246.0,188.0,425.0,31.083,3.0,6.13,roster,0,137.0,110.0,2.4035,156.1,6.9805,1.1,1.1419,3.1136,94.38,18.23,53.6,9.88,10.625
2022-11-15 01:00:00,1,37,37,1.0,8.0,26.0,2.0,0.0,1.0,3,3,17,4,21,4,32.833,306.0,248.0,485.0,32.083,3.0,6.13,roster,0,119.0,92.5,2.0877,142.48,4.549,0.925,0.4894,3.2162,79.36,18.23,53.6,11.28,12.125
2022-11-15 02:00:00,2,35,35,1.0,8.0,24.0,2.0,0.0,1.0,3,3,17,4,21,4,33.833,366.0,308.0,545.0,33.083,3.0,6.13,roster,0,113.0,87.5,1.9825,139.58,4.4051,0.875,0.4894,3.2286,75.08,18.23,53.6,12.67,13.625
2022-11-15 03:00:00,3,31,31,1.0,10.0,19.0,1.0,0.0,1.0,3,3,17,3,20,3,34.833,458.5,345.0,710.0,34.083,3.0,6.13,roster,0,104.0,77.5,1.7333,120.57,4.2418,0.775,0.4894,3.3548,66.5,17.37,40.2,16.51,17.75
2022-11-15 04:00:00,4,32,32,1.0,10.0,20.0,1.0,0.0,1.0,3,2,18,3,21,3,35.833,486.0,390.0,665.0,35.083,3.0,6.13,roster,0,107.0,80.0,1.8772,122.54,3.7659,0.8,0.3263,3.3438,68.64,18.23,40.2,15.46,16.625
2022-11-15 05:00:00,5,32,32,1.0,10.0,20.0,1.0,0.0,1.0,2,2,19,3,22,3,36.833,543.0,434.0,725.0,36.083,3.0,6.13,roster,0,107.0,80.0,1.9815,124.8,3.7659,0.8,0.3263,3.3438,68.64,19.1,40.2,16.86,18.125
2022-11-15 06:00:00,6,33,33,2.0,10.0,20.0,1.0,0.0,1.0,1,1,19,3,22,3,37.833,603.0,494.0,785.0,37.083,3.0,6.13,roster,0,112.0,82.5,2.0741,128.34,3.3537,0.825,0.1631,3.3939,70.78,19.1,40.2,18.25,19.625
2022-11-15 07:00:00,7,31,31,3.0,9.0,18.0,1.0,0.0,1.0,4,3,19,2,21,2,38.833,660.0,554.0,821.0,38.083,3.0,6.13,roster,0,107.0,77.5,1.8772,110.62,4.3642,0.775,0.4894,3.4516,66.5,18.23,26.8,19.09,20.525
2022-11-15 08:00:00,8,30,30,3.0,9.0,17.0,1.0,0.0,1.0,2,2,21,2,23,2,39.833,694.0,570.0,881.0,39.083,3.0,7.78,roster,0,104.0,75.0,2.0392,111.6,3.4912,0.75,0.2571,3.4667,64.35,19.97,26.8,20.48,22.025
2022-11-15 09:00:00,9,30,30,3.0,8.0,17.0,0.0,2.0,1.0,8,8,17,2,19,2,40.083,690.0,388.0,965.0,40.083,3.0,7.78,roster,0,100.0,75.0,1.5873,110.08,5.9276,0.75,1.0283,3.3333,64.35,16.5,26.8,22.44,24.125
2022-11-15 10:00:00,10,29,29,4.0,6.0,17.0,1.0,1.0,1.0,13,10,11,2,13,2,41.083,527.0,224.0,1025.0,41.083,4.0,11.65,roster,0,98.0,72.5,0.9074,104.12,5.3507,0.725,0.8584,3.3793,62.2,11.29,26.8,23.83,25.625
2022-11-15 11:00:00,11,39,39,4.0,8.0,23.0,4.0,0.0,1.0,17,16,13,2,15,2,22.5,284.0,90.0,783.0,22.5,4.0,11.65,roster,0,129.0,97.5,1.29,121.68,7.7678,0.975,1.3734,3.3077,83.66,13.02,26.8,18.2,19.575
2022-11-15 12:00:00,12,46,46,5.0,9.0,28.0,4.0,0.0,1.0,15,15,17,2,19,2,23.5,244.0,129.0,647.0,23.5,4.0,11.65,roster,0,153.0,115.0,1.8214,137.01,8.1075,1.15,1.2876,3.3261,98.67,16.5,26.8,15.04,16.175
2022-11-15 13:00:00,13,38,38,3.0,9.0,25.0,1.0,0.0,1.0,7,6,14,2,16,2,21.833,231.5,167.0,628.0,21.833,4.0,11.65,roster,0,128.0,95.0,1.3333,116.8,4.9348,0.95,0.515,3.3684,81.51,13.89,26.8,14.6,15.7
2022-11-15 14:00:00,14,29,29,3.0,6.0,18.0,1.0,1.0,1.0,4,3,10,2,12,2,19.083,338.5,230.0,688.0,16.75,4.0,11.65,roster,0,96.0,72.5,0.8571,95.42,3.2524,0.725,0.2575,3.3103,62.2,10.42,26.8,16.0,17.2
2022-11-15 15:00:00,15,23,23,1.0,5.0,16.0,1.0,0.0,1.0,7,7,7,1,8,1,20.083,288.5,203.0,748.0,17.75,4.0,11.65,roster,0,75.0,57.5,0.5859,67.07,3.8343,0.575,0.6009,3.2609,49.33,6.95,13.4,17.39,18.7
2022-11-15 16:00:00,16,30,30,1.0,7.0,20.0,2.0,0.0,1.0,9,9,8,1,9,1,21.083,263.0,144.0,484.0,18.75,4.0,11.65,roster,0,97.0,75.0,0.7823,76.82,4.9229,0.75,0.7725,3.2333,64.35,7.81,13.4,11.25,12.1
2022-11-15 17:00:00,17,24,24,1.0,7.0,15.0,1.0,0.0,1.0,9,5,11,1,12,1,19.75,241.0,118.0,544.0,19.75,4.0,11.65,roster,0,80.0,60.0,0.7143,67.95,3.4306,0.6,0.4292,3.3333,51.48,10.42,13.4,12.65,13.6
2022-11-15 18:00:00,18,23,23,1.0,4.0,14.0,4.0,0.0,1.0,6,6,9,1,10,1,20.75,323.5,175.0,604.0,20.75,4.0,11.65,roster,0,71.0,57.5,0.5917,65.46,3.3648,0.575,0.515,3.087,49.33,8.68,13.4,14.04,15.1
2022-11-15 19:00:00,19,26,26,0.0,5.0,20.0,1.0,0.0,1.0,13,10,8,1,9,1,21.75,443.0,235.0,664.0,21.75,4.0,11.65,roster,0,82.0,65.0,0.6613,72.42,4.7572,0.65,0.8584,3.1538,55.77,7.81,13.4,15.44,16.6
2022-11-15 20:00:00,20,25,25,0.0,3.0,22.0,0.0,0.0,1.0,11,9,4,1,5,1,22.75,503.0,295.0,724.0,22.75,4.0,10.64,roster,0,78.0,62.5,0.5571,68.2,4.5891,0.625,0.8459,3.12,53.62,4.34,13.4,16.83,18.1
2022-11-15 21:00:00,21,28,28,1.0,4.0,21.0,2.0,0.0,1.0,12,9,6,0,6,0,13.067,295.5,112.0,563.0,13.067,4.0,10.64,roster,0,88.0,70.0,0.6471,58.36,4.8584,0.7,0.8459,3.1429,60.06,5.21,0.0,13.09,14.075
2022-11-15 22:00:00,22,24,24,1.0,3.0,20.0,0.0,0.0,1.0,8,6,8,0,8,0,14.067,234.0,156.0,623.0,14.067,3.0,6.77,roster,0,77.0,60.0,0.8021,52.91,4.7684,0.6,0.8863,3.2083,51.48,6.95,0.0,14.48,15.575
2022-11-15 23:00:00,23,27,27,3.0,3.0,20.0,0.0,1.0,1.0,12,11,7,0,7,0,15.067,356.0,155.0,683.0,15.067,3.0,6.77,roster,0,88.0,67.5,0.8889,59.87,7.4957,0.675,1.6248,3.2593,57.92,6.08,0.0,15.88,17.075
2022-11-16 00:00:00,0,24,24,3.0,5.0,16.0,0.0,0.0,1.0,9,6,10,0,10,0,16.067,245.5,105.0,535.0,16.067,3.0,6.77,roster,0,83.0,60.0,0.9222,52.6,5.14,0.6,0.8863,3.4583,51.48,8.68,0.0,12.44,13.375
2022-11-16 01:00:00,1,19,19,1.0,4.0,14.0,0.0,0.0,1.0,6,3,9,0,9,0,17.067,336.0,225.0,595.0,17.067,3.0,6.77,roster,0,63.0,47.5,0.6774,42.4,3.0443,0.475,0.4431,3.3158,40.75,7.81,0.0,13.83,14.875
2022-11-16 02:00:00,2,18,18,1.0,4.0,13.0,0.0,0.0,1.0,2,2,9,0,9,0,18.067,396.0,285.0,655.0,18.067,3.0,6.77,roster,0,60.0,45.0,0.6452,41.65,2.4847,0.45,0.2954,3.3333,38.61,7.81,0.0,15.23,16.375
2022-11-16 03:00:00,3,19,19,1.0,5.0,13.0,0.0,0.0,1.0,3,3,9,0,9,0,19.067,456.0,345.0,715.0,19.067,3.0,6.77,roster,0,64.0,47.5,0.6882,45.19,3.0927,0.475,0.4431,3.3684,40.75,7.81,0.0,16.62,17.875
2022-11-16 04:00:00,4,19,19,1.0,6.0,12.0,0.0,0.0,1.0,3,2,11,0,11,0,20.067,455.0,331.0,775.0,20.067,3.0,6.77,roster,0,65.0,47.5,0.7471,48.33,2.6357,0.475,0.2954,3.4211,40.75,9.55,0.0,18.02,19.375
2022-11-16 05:00:00,5,21,21,1.0,7.0,13.0,0.0,0.0,1.0,4,3,11,1,12,1,21.067,490.0,391.0,835.0,21.067,3.0,6.77,roster,0,72.0,52.5,0.8571,68.28,3.3193,0.525,0.4431,3.4286,45.04,10.42,13.4,19.41,20.875
2022-11-16 06:00:00,6,22,22,1.0,7.0,14.0,0.0,0.0,1.0,1,1,12,1,13,1,22.067,525.0,201.0,776.0,22.067,3.0,6.77,roster,0,75.0,55.0,0.9259,69.92,2.3786,0.55,0.1477,3.4091,47.19,11.29,13.4,18.04,19.4
2022-11-16 07:00:00,7,21,21,1.0,7.0,13.0,0.0,0.0,1.0,0,0,13,1,14,1,23.067,555.0,247.0,836.0,23.067,3.0,6.77,roster,0,72.0,52.5,0.9231,70.04,1.8,0.525,0.0,3.4286,45.04,12.16,13.4,19.44,20.9
2022-11-16 08:00:00,8,24,24,1.0,7.0,16.0,0.0,0.0,1.0,4,3,13,1,14,1,24.067,615.0,307.0,896.0,24.067,3.0,6.58,roster,0,81.0,60.0,1.0385,77.87,3.5638,0.6,0.4559,3.375,51.48,12.16,13.4,20.83,22.4
2022-11-16 09:00:00,9,29,29,0.0,7.0,22.0,0.0,0.0,1.0,12,10,10,1,11,1,25.067,645.0,367.0,1075.0,25.067,3.0,6.58,roster,0,94.0,72.5,1.0805,90.15,7.2761,0.725,1.5198,3.2414,62.2,9.55,13.4,24.99,26.875
2022-11-16 10:00:00,10,32,32,0.0,9.0,23.0,0.0,0.0,1.0,10,9,10,1,11,1,26.067,691.0,371.0,1135.0,26.067,4.0,10.28,roster,0,105.0,80.0,0.9052,97.98,5.4977,0.8,0.8755,3.2812,68.64,9.55,13.4,26.39,28.375
2022-11-16 11:00:00,11,31,31,0.0,10.0,21.0,0.0,0.0,1.0,9,7,12,1,13,1,27.067,487.0,128.0,1076.0,27.067,4.0,10.28,roster,0,103.0,77.5,0.9537,96.2,4.8375,0.775,0.6809,3.3226,66.5,11.29,13.4,25.02,26.9
2022-11-16 12:00:00,12,32,32,0.0,9.0,23.0,0.0,0.0,1.0,7,7,12,1,13,1,28.067,547.0,188.0,1136.0,28.067,4.0,10.28,roster,0,105.0,80.0,0.9722,99.74,4.8593,0.8,0.6809,3.2812,68.64,11.29,13.4,26.41,28.4
2022-11-16 13:00:00,13,35,35,0.0,12.0,23.0,0.0,0.0,1.0,11,9,13,1,14,1,29.067,579.0,232.0,1196.0,29.067,4.0,10.28,roster,0,117.0,87.5,1.125,108.44,5.8516,0.875,0.8755,3.3429,75.08,12.16,13.4,27.81,29.9
2022-11-16 14:00:00,14,27,27,0.0,9.0,17.0,1.0,0.0,1.0,6,6,7,1,8,1,30.067,451.5,287.0,1375.0,30.067,4.0,10.28,roster,0,89.0,67.5,0.6953,90.23,4.1489,0.675,0.5837,3.2963,57.92,6.95,13.4,31.97,34.375
2022-11-16 15:00:00,15,20,20,0.0,6.0,14.0,0.0,0.0,1.0,5,5,5,1,6,1,23.917,347.0,165.0,671.0,23.917,4.0,10.28,roster,0,66.0,50.0,0.4853,57.11,3.2551,0.5,0.4864,3.3,42.9,5.21,13.4,15.6,16.775
2022-11-16 16:00:00,16,25,25,1.0,6.0,18.0,0.0,0.0,1.0,9,9,3,1,4,1,24.917,426.5,122.0,1495.0,24.917,4.0,10.28,roster,0,83.0,62.5,0.5764,85.26,4.9816,0.625,0.8755,3.32,53.62,3.47,13.4,34.76,37.375
2022-11-16 17:00:00,17,28,28,1.0,5.0,21.0,1.0,0.0,1.0,9,10,7,1,8,1,25.917,137.0,76.0,791.0,25.917,4.0,10.28,roster,0,90.0,70.0,0.7031,78.8,5.3767,0.7,0.9728,3.2143,60.06,6.95,13.4,18.39,19.775
2022-11-16 18:00:00,18,27,27,1.0,6.0,19.0,1.0,0.0,1.0,5,4,9,1,10,1,26.917,147.5,120.0,242.0,26.917,4.0,10.28,roster,0,88.0,67.5,0.7333,65.62,3.4682,0.675,0.3891,3.2593,57.92,8.68,13.4,5.63,6.05
2022-11-16 19:00:00,19,27,27,2.0,4.0,19.0,1.0,1.0,1.0,8,7,8,1,9,1,27.917,219.0,180.0,302.0,27.917,4.0,10.28,roster,0,86.0,67.5,0.6935,66.15,4.3189,0.675,0.6809,3.1852,57.92,7.81,13.4,7.02,7.55
2022-11-16 20:00:00,20,32,32,1.0,6.0,23.0,1.0,1.0,1.0,14,11,7,2,9,2,28.917,240.0,162.0,362.0,28.917,4.0,10.25,roster,0,101.0,80.0,0.8145,91.67,5.9122,0.8,1.0732,3.1562,68.64,7.81,26.8,8.42,9.05
2022-11-16 21:00:00,21,28,28,1.0,4.0,20.0,2.0,1.0,1.0,11,9,4,2,6,2,17.183,232.5,149.0,339.0,17.183,4.0,10.25,roster,0,86.0,70.0,0.6324,79.95,4.8469,0.7,0.878,3.0714,60.06,5.21,26.8,7.88,8.475
2022-11-16 22:00:00,22,26,26,0.0,3.0,20.0,2.0,1.0,1.0,9,9,7,1,8,1,18.183,114.0,87.0,399.0,18.183,3.0,6.55,roster,0,77.0,65.0,0.8021,65.39,5.9943,0.65,1.374,2.9615,55.77,6.95,13.4,9.28,9.975
2022-11-16 23:00:00,23,21,21,0.0,2.0,17.0,1.0,1.0,1.0,6,3,8,1,9,1,19.183,132.0,97.0,185.0,19.183,3.0,6.55,roster,0,62.0,52.5,0.6667,50.56,2.9022,0.525,0.458,2.9524,45.04,7.81,13.4,4.3,4.625
2022-11-17 00:00:00,0,19,19,0.0,2.0,15.0,1.0,1.0,1.0,4,4,8,1,9,1,20.183,160.0,139.0,207.0,20.183,3.0,6.55,roster,0,56.0,47.5,0.6022,46.78,3.1999,0.475,0.6107,2.9474,40.75,7.81,13.4,4.81,5.175
2022-11-17 01:00:00,1,22,22,1.0,1.0,19.0,0.0,1.0,1.0,6,6,11,1,12,1,21.183,208.0,138.0,267.0,21.183,3.0,6.55,roster,0,67.0,55.0,0.7976,57.22,4.4647,0.55,0.916,3.0455,47.19,10.42,13.4,6.21,6.675
2022-11-17 02:00:00,2,19,19,1.0,0.0,17.0,0.0,1.0,1.0,2,2,12,1,13,1,10.417,245.0,137.0,280.0,6.083,3.0,6.55,roster,0,57.0,47.5,0.7037,51.95,2.341,0.475,0.3053,3.0,40.75,11.29,13.4,6.51,7.0
2022-11-17 03:00:00,3,21,21,0.0,0.0,20.0,0.0,1.0,1.0,6,3,12,0,12,0,11.417,312.0,222.0,372.0,7.083,3.0,6.55,roster,0,61.0,52.5,0.7262,44.11,2.8554,0.525,0.458,2.9048,45.04,10.42,0.0,8.65,9.3
2022-11-17 04:00:00,4,21,21,0.0,0.0,20.0,0.0,1.0,1.0,6,6,11,0,11,0,12.417,379.0,257.0,432.0,8.083,3.0,6.55,roster,0,61.0,52.5,0.7011,44.64,4.1859,0.525,0.916,2.9048,45.04,9.55,0.0,10.04,10.8
2022-11-17 05:00:00,5,22,22,0.0,1.0,20.0,0.0,1.0,1.0,4,4,12,0,12,0,13.417,432.0,317.0,492.0,9.083,3.0,6.55,roster,0,65.0,55.0,0.7738,49.05,3.4293,0.55,0.6107,2.9545,47.19,10.42,0.0,11.44,12.3
2022-11-17 06:00:00,6,20,20,0.0,1.0,18.0,0.0,1.0,1.0,1,1,12,1,13,1,14.417,485.0,372.0,520.0,10.083,3.0,6.55,roster,0,59.0,50.0,0.7284,59.68,1.9254,0.5,0.1527,2.95,42.9,11.29,13.4,12.09,13.0
2022-11-17 07:00:00,7,20,20,0.0,1.0,18.0,0.0,1.0,1.0,1,1,13,1,14,1,12.633,521.5,375.0,580.0,11.083,3.0,6.55,roster,0,59.0,50.0,0.7564,61.94,1.9254,0.5,0.1527,2.95,42.9,12.16,13.4,13.49,14.5
2022-11-17 08:00:00,8,16,16,0.0,1.0,14.0,1.0,0.0,1.0,2,1,13,1,14,1,12.083,581.5,435.0,640.0,12.083,3.0,7.84,roster,0,48.0,40.0,0.6154,54.76,1.5827,0.4,0.1276,3.0,34.32,12.16,13.4,14.88,16.0
2022-11-17 09:00:00,9,19,19,1.0,1.0,15.0,2.0,0.0,1.0,8,6,11,1,12,1,13.083,672.0,552.0,732.0,13.083,3.0,7.84,roster,0,58.0,47.5,0.6905,61.59,3.7862,0.475,0.7653,3.0526,40.75,10.42,13.4,17.02,18.3
2022-11-17 10:00:00,10,20,20,1.0,0.0,17.0,2.0,0.0,1.0,7,7,11,0,11,0,14.083,617.0,112.0,760.0,14.083,4.0,11.16,roster,0,60.0,50.0,0.5172,50.12,3.3817,0.5,0.6272,3.0,42.9,9.55,0.0,17.67,19.0
2022-11-17 11:00:00,11,22,22,2.0,2.0,17.0,1.0,0.0,1.0,7,7,10,0,10,0,14.45,517.5,167.0,817.0,14.45,4.0,11.16,roster,0,71.0,55.0,0.5917,54.87,3.7993,0.55,0.6272,3.2273,47.19,8.68,0.0,19.0,20.425
2022-11-17 12:00:00,12,24,24,2.0,2.0,18.0,2.0,0.0,1.0,10,8,10,2,12,2,14.667,207.0,99.0,737.0,14.667,4.0,11.16,roster,0,76.0,60.0,0.6786,85.83,4.17,0.6,0.7168,3.1667,51.48,10.42,26.8,17.14,18.425
2022-11-17 13:00:00,13,33,33,3.0,6.0,21.0,3.0,0.0,1.0,12,12,13,2,15,2,15.667,202.0,121.0,478.0,15.667,4.0,11.16,roster,0,108.0,82.5,1.08,101.72,6.2191,0.825,1.0753,3.2727,70.78,13.02,26.8,11.11,11.95
2022-11-17 14:00:00,14,35,35,4.0,4.0,25.0,2.0,0.0,1.0,11,11,15,2,17,2,16.667,217.0,126.0,347.0,16.667,4.0,11.16,roster,0,115.0,87.5,1.25,104.7,6.1136,0.875,0.9857,3.2857,75.08,14.76,26.8,8.07,8.675
2022-11-17 15:00:00,15,41,41,4.0,5.0,31.0,1.0,0.0,1.0,11,9,16,2,18,2,17.667,232.5,142.0,407.0,17.667,4.0,11.16,roster,0,135.0,102.5,1.5341,119.84,6.0304,1.025,0.8065,3.2927,87.94,15.63,26.8,9.46,10.175
2022-11-17 16:00:00,16,35,35,3.0,5.0,23.0,4.0,0.0,1.0,8,7,13,2,15,2,18.617,218.0,167.0,382.0,18.617,4.0,11.16,roster,0,112.0,87.5,1.12,103.78,4.8072,0.875,0.6272,3.2,75.08,13.02,26.8,8.88,9.55
2022-11-17 17:00:00,17,32,32,3.0,5.0,22.0,2.0,0.0,1.0,4,3,13,2,15,2,19.617,263.0,190.0,442.0,19.617,4.0,11.16,roster,0,105.0,80.0,1.05,98.74,3.5071,0.8,0.2688,3.2812,68.64,13.02,26.8,10.28,11.05
2022-11-17 18:00:00,18,34,34,3.0,5.0,24.0,2.0,0.0,1.0,9,9,11,2,13,2,20.617,323.0,250.0,459.0,20.617,4.0,11.16,roster,0,111.0,85.0,1.0278,101.69,5.4078,0.85,0.8065,3.2647,72.93,11.29,26.8,10.67,11.475
2022-11-17 19:00:00,19,29,29,2.0,6.0,19.0,2.0,0.0,1.0,9,9,6,1,7,1,6.817,230.0,78.0,291.0,5.533,4.0,11.16,roster,0,95.0,72.5,0.7197,68.45,5.0168,0.725,0.8065,3.2759,62.2,6.08,13.4,6.77,7.275
2022-11-17 20:00:00,20,32,32,2.0,7.0,22.0,1.0,0.0,1.0,9,9,5,2,7,2,6.833,138.0,78.0,293.0,6.533,4.0,9.45,roster,0,106.0,80.0,0.803,88.33,5.8048,0.8,0.9524,3.3125,68.64,6.08,26.8,6.81,7.325
2022-11-17 21:00:00,21,30,30,2.0,5.0,22.0,1.0,0.0,1.0,7,7,7,3,10,3,7.833,166.0,105.0,212.0,7.533,4.0,9.45,roster,0,98.0,75.0,0.8167,98.16,4.8698,0.75,0.7407,3.2667,64.35,8.68,40.2,4.93,5.3
2022-11-17 22:00:00,22,25,25,2.0,2.0,19.0,1.0,1.0,1.0,7,7,7,2,9,2,8.833,198.0,165.0,272.0,8.533,3.0,6.13,roster,0,78.0,62.5,0.8387,74.56,5.5128,0.625,1.1419,3.12,53.62,7.81,26.8,6.32,6.8
2022-11-17 23:00:00,23,28,28,2.0,2.0,23.0,1.0,0.0,1.0,6,6,8,3,11,3,9.833,243.0,137.0,332.0,9.533,3.0,6.13,roster,0,89.0,70.0,1.023,97.53,5.3362,0.7,0.9788,3.1786,60.06,9.55,40.2,7.72,8.3
2022-11-18 00:00:00,0,30,30,1.0,1.0,27.0,1.0,0.0,1.0,10,9,9,2,11,2,10.833,285.0,177.0,392.0,10.533,3.0,6.13,roster,0,92.0,75.0,1.0575,89.82,6.8024,0.75,1.4682,3.0667,64.35,9.55,26.8,9.11,9.8
2022-11-18 01:00:00,1,25,25,2.0,2.0,19.0,2.0,0.0,1.0,5,3,9,2,11,2,11.833,345.0,237.0,452.0,11.533,3.0,6.13,roster,0,79.0,62.5,0.908,80.49,3.5215,0.625,0.4894,3.16,53.62,9.55,26.8,10.51,11.3
2022-11-18 02:00:00,2,23,23,2.0,2.0,17.0,2.0,0.0,1.0,3,3,9,2,11,2,12.833,405.0,297.0,512.0,12.533,3.0,6.13,roster,0,73.0,57.5,0.8391,77.59,3.3783,0.575,0.4894,3.1739,49.33,9.55,26.8,11.9,12.8
2022-11-18 03:00:00,3,20,20,1.0,2.0,15.0,2.0,0.0,1.0,1,1,9,2,11,2,13.583,465.0,357.0,572.0,13.533,3.0,6.13,roster,0,62.0,50.0,0.7126,72.55,2.0557,0.5,0.1631,3.1,42.9,9.55,26.8,13.3,14.3
2022-11-18 04:00:00,4,19,19,1.0,2.0,14.0,2.0,0.0,1.0,1,1,9,2,11,2,14.583,525.0,417.0,632.0,14.533,3.0,6.13,roster,0,59.0,47.5,0.6782,71.8,1.9816,0.475,0.1631,3.1053,40.75,9.55,26.8,14.69,15.8
2022-11-18 05:00:00,5,19,19,1.0,2.0,14.0,2.0,0.0,1.0,1,0,9,2,11,2,15.583,585.0,477.0,692.0,15.533,3.0,6.13,roster,0,59.0,47.5,0.6782,73.2,1.475,0.475,0.0,3.1053,40.75,9.55,26.8,16.09,17.3
2022-11-18 06:00:00,6,20,20,1.0,2.0,15.0,2.0,0.0,1.0,3,3,9,2,11,2,16.583,645.0,537.0,752.0,16.533,3.0,6.13,roster,0,62.0,50.0,0.7126,76.74,3.0671,0.5,0.4894,3.1,42.9,9.55,26.8,17.48,18.8
2022-11-18 07:00:00,7,22,22,1.0,2.0,16.0,3.0,0.0,1.0,5,3,9,2,11,2,17.583,705.0,597.0,812.0,17.533,3.0,6.13,roster,0,67.0,55.0,0.7701,82.42,3.1654,0.55,0.4894,3.0455,47.19,9.55,26.8,18.88,20.3
2022-11-18 08:00:00,8,21,21,1.0,3.0,15.0,2.0,0.0,1.0,2,2,10,2,12,2,18.533,731.5,657.0,872.0,18.533,3.0,7.23,roster,0,66.0,52.5,0.7857,82.54,2.5194,0.525,0.2766,3.1429,45.04,10.42,26.8,20.27,21.8
2022-11-18 09:00:00,9,24,24,1.0,4.0,16.0,3.0,0.0,1.0,8,5,8,3,11,3,19.533,825.0,556.0,932.0,19.533,3.0,7.23,roster,0,75.0,60.0,0.8621,102.9,4.0361,0.6,0.6916,3.125,51.48,9.55,40.2,21.67,23.3
2022-11-18 10:00:00,10,28,28,1.0,4.0,20.0,3.0,0.0,1.0,10,10,7,3,10,3,20.25,818.5,189.0,974.0,18.883,4.0,10.48,roster,0,87.0,70.0,0.725,111.59,5.1398,0.7,0.9542,3.1071,60.06,8.68,40.2,22.65,24.35
2022-11-18 11:00:00,11,38,38,0.0,4.0,29.0,5.0,0.0,1.0,17,16,9,3,12,3,21.25,462.5,122.0,978.0,17.533,4.0,10.48,roster,0,113.0,95.0,1.0089,134.87,7.365,0.95,1.5267,2.9737,81.51,10.42,40.2,22.74,24.45
2022-11-18 12:00:00,12,44,44,0.0,5.0,33.0,6.0,0.0,1.0,17,15,9,3,12,3,22.25,522.5,160.0,1038.0,18.533,4.0,10.48,roster,0,131.0,110.0,1.1696,149.13,7.5364,1.1,1.4313,2.9773,94.38,10.42,40.2,24.13,25.95
2022-11-18 13:00:00,13,41,41,1.0,4.0,33.0,3.0,0.0,1.0,8,8,12,3,15,3,23.25,220.0,117.0,1065.0,19.533,4.0,10.48,roster,0,126.0,102.5,1.26,145.93,5.4959,1.025,0.7634,3.0732,87.94,13.02,40.2,24.76,26.625
2022-11-18 14:00:00,14,35,35,0.0,4.0,28.0,3.0,0.0,1.0,6,5,7,3,10,3,24.25,231.0,163.0,414.0,20.233,4.0,10.48,roster,0,106.0,87.5,0.8833,113.58,4.0949,0.875,0.4771,3.0286,75.08,8.68,40.2,9.63,10.35
2022-11-18 15:00:00,15,28,28,0.0,6.0,21.0,1.0,0.0,1.0,8,7,9,3,12,3,25.25,227.0,133.0,474.0,21.233,4.0,10.48,roster,0,89.0,70.0,0.7946,101.7,4.3481,0.7,0.6679,3.1786,60.06,10.42,40.2,11.02,11.85
2022-11-18 16:00:00,16,26,26,0.0,5.0,20.0,1.0,0.0,1.0,7,7,8,3,11,3,26.25,274.0,138.0,534.0,22.233,4.0,10.48,roster,0,82.0,65.0,0.7069,97.94,4.1566,0.65,0.6679,3.1538,55.77,9.55,40.2,12.42,13.35
2022-11-18 17:00:00,17,31,31,0.0,5.0,22.0,4.0,0.0,1.0,8,9,9,3,12,3,27.25,286.0,198.0,594.0,23.233,4.0,10.48,roster,0,94.0,77.5,0.8393,110.93,4.954,0.775,0.8588,3.0323,66.5,10.42,40.2,13.81,14.85
2022-11-18 18:00:00,18,25,25,1.0,5.0,18.0,1.0,0.0,1.0,3,2,9,2,11,2,28.25,298.0,233.0,455.0,24.233,4.0,10.48,roster,0,81.0,62.5,0.6983,80.56,2.6433,0.625,0.1908,3.24,53.62,9.55,26.8,10.58,11.375
2022-11-18 19:00:00,19,17,17,0.0,3.0,12.0,2.0,0.0,1.0,5,4,2,2,4,2,25.233,534.5,355.0,1514.0,25.233,4.0,10.48,roster,0,52.0,42.5,0.3611,81.94,2.4675,0.425,0.3817,3.0588,36.46,3.47,26.8,35.2,37.85
2022-11-18 20:00:00,20,21,21,1.0,2.0,15.0,3.0,0.0,1.0,8,7,1,1,2,1,12.9,594.5,415.0,774.0,12.9,4.0,9.55,roster,0,64.0,52.5,0.4211,58.18,3.8339,0.525,0.733,3.0476,45.04,1.74,13.4,18.0,19.35
2022-11-18 21:00:00,21,19,19,0.0,3.0,15.0,1.0,0.0,1.0,11,8,0,0,0,0,6.633,0.0,,,,4.0,9.55,roster,0,59.0,47.5,0.3688,20.75,4.0763,0.475,0.8377,3.1053,40.75,0.0,0.0,0.0,0.0
2022-11-18 22:00:00,22,20,20,0.0,4.0,12.0,4.0,0.0,1.0,13,11,1,0,1,0,3.567,84.0,84.0,84.0,1.4,3.0,6.3,roster,0,60.0,50.0,0.5128,25.72,6.7381,0.5,1.746,3.0,42.9,0.87,0.0,1.95,2.1
2022-11-18 23:00:00,23,25,25,1.0,5.0,14.0,5.0,0.0,1.0,14,13,5,0,5,0,4.567,103.0,68.0,119.0,2.4,3.0,6.3,roster,0,77.0,62.5,0.7333,40.73,8.2806,0.625,2.0635,3.08,53.62,4.34,0.0,2.77,2.975
2022-11-19 00:00:00,0,21,21,1.0,6.0,11.0,3.0,0.0,1.0,5,5,8,0,8,0,5.567,124.5,117.0,179.0,3.4,3.0,6.3,roster,0,68.0,52.5,0.7083,36.15,4.2699,0.525,0.7937,3.2381,45.04,6.95,0.0,4.16,4.475
2022-11-19 01:00:00,1,18,18,1.0,5.0,8.0,4.0,0.0,1.0,3,3,10,0,10,0,6.567,179.0,135.0,223.0,4.4,3.0,6.3,roster,0,57.0,45.0,0.6333,32.48,2.9329,0.45,0.4762,3.1667,38.61,8.68,0.0,5.18,5.575
2022-11-19 02:00:00,2,20,20,1.0,5.0,8.0,6.0,0.0,1.0,5,4,8,0,8,0,7.567,244.5,215.0,299.0,5.4,3.0,6.3,roster,0,61.0,50.0,0.6354,36.8,3.4615,0.5,0.6349,3.05,42.9,6.95,0.0,6.95,7.475
2022-11-19 03:00:00,3,19,19,1.0,5.0,8.0,5.0,0.0,1.0,5,6,7,0,7,0,8.567,308.0,275.0,359.0,6.4,3.0,6.3,roster,0,59.0,47.5,0.596,35.18,4.4324,0.475,0.9524,3.1053,40.75,6.08,0.0,8.35,8.975
2022-11-19 04:00:00,4,17,17,1.0,5.0,7.0,4.0,0.0,1.0,2,1,8,0,8,0,9.567,364.5,335.0,419.0,7.4,3.0,6.3,roster,0,54.0,42.5,0.5625,33.15,1.8542,0.425,0.1587,3.1765,36.46,6.95,0.0,9.74,10.475
2022-11-19 05:00:00,5,19,19,2.0,5.0,8.0,4.0,0.0,1.0,4,4,8,0,8,0,10.567,424.5,395.0,479.0,8.4,3.0,6.3,roster,0,62.0,47.5,0.6458,38.84,3.6218,0.475,0.6349,3.2632,40.75,6.95,0.0,11.14,11.975
2022-11-19 06:00:00,6,22,22,2.0,5.0,11.0,4.0,0.0,1.0,5,5,9,0,9,0,11.567,481.0,435.0,523.0,9.4,3.0,6.3,roster,0,71.0,55.0,0.7634,47.16,4.3363,0.55,0.7937,3.2273,47.19,7.81,0.0,12.16,13.075
2022-11-19 07:00:00,7,22,22,2.0,6.0,11.0,3.0,0.0,1.0,3,3,10,1,11,1,12.567,515.0,167.0,583.0,10.4,3.0,6.3,roster,0,73.0,55.0,0.8391,63.7,3.4051,0.55,0.4762,3.3182,47.19,9.55,13.4,13.55,14.575
2022-11-19 08:00:00,8,20,20,2.0,6.0,11.0,1.0,0.0,1.0,3,2,11,1,12,1,13.567,430.0,164.0,643.0,11.4,3.0,7.73,roster,0,69.0,50.0,0.8214,61.67,2.6176,0.5,0.2587,3.45,42.9,10.42,13.4,14.95,16.075
2022-11-19 09:00:00,9,20,20,2.0,3.0,15.0,0.0,0.0,1.0,8,7,10,0,10,0,13.333,490.0,224.0,668.0,11.983,3.0,7.73,roster,0,67.0,50.0,0.7444,47.11,4.7086,0.5,0.9056,3.35,42.9,8.68,0.0,15.53,16.7
2022-11-19 10:00:00,10,17,17,1.0,6.0,9.0,1.0,0.0,1.0,8,7,7,0,7,0,14.333,675.0,184.0,763.0,12.983,4.0,11.43,roster,0,58.0,42.5,0.4394,40.28,3.5394,0.425,0.6124,3.4118,36.46,6.08,0.0,17.74,19.075
2022-11-19 11:00:00,11,14,14,0.0,3.0,11.0,0.0,0.0,1.0,8,7,4,0,4,0,13.717,314.0,143.0,823.0,13.717,4.0,11.43,roster,0,45.0,35.0,0.3125,32.64,3.0935,0.35,0.6124,3.2143,30.03,3.47,0.0,19.13,20.575
2022-11-19 12:00:00,12,16,16,0.0,2.0,14.0,0.0,0.0,1.0,8,5,4,0,4,0,9.083,107.0,94.0,545.0,9.083,4.0,11.43,roster,0,50.0,40.0,0.3472,30.46,2.617,0.4,0.4374,3.125,34.32,3.47,0.0,12.67,13.625
2022-11-19 13:00:00,13,23,23,0.0,2.0,21.0,0.0,0.0,1.0,8,8,6,0,6,0,10.083,118.5,81.0,154.0,10.083,4.0,11.43,roster,0,71.0,57.5,0.5221,38.13,3.9356,0.575,0.6999,3.087,49.33,5.21,0.0,3.58,3.85
2022-11-19 14:00:00,14,21,21,0.0,1.0,20.0,0.0,0.0,1.0,8,8,3,0,3,0,4.35,141.0,132.0,147.0,2.45,4.0,11.43,roster,0,64.0,52.5,0.4324,31.07,3.7331,0.525,0.6999,3.0476,45.04,2.6,0.0,3.42,3.675
2022-11-19 15:00:00,15,23,23,0.0,3.0,20.0,0.0,0.0,1.0,9,10,3,0,3,0,5.35,192.0,80.0,201.0,3.35,4.0,11.43,roster,0,72.0,57.5,0.4865,36.61,4.5388,0.575,0.8749,3.1304,49.33,2.6,0.0,4.67,5.025
2022-11-19 16:00:00,16,25,25,0.0,4.0,19.0,2.0,0.0,1.0,10,10,4,0,4,0,6.35,196.0,140.0,261.0,4.35,4.0,11.43,roster,0,77.0,62.5,0.5347,43.17,4.6197,0.625,0.8749,3.08,53.62,3.47,0.0,6.07,6.525
2022-11-19 17:00:00,17,25,25,0.0,3.0,20.0,2.0,0.0,1.0,7,7,7,1,8,1,7.35,99.0,88.0,200.0,5.35,4.0,11.43,roster,0,76.0,62.5,0.5938,58.62,3.7618,0.625,0.6124,3.04,53.62,6.95,13.4,4.65,5.0
2022-11-19 18:00:00,18,17,17,0.0,1.0,15.0,1.0,0.0,1.0,3,3,8,1,9,1,6.35,155.0,144.0,216.0,6.35,4.0,11.43,roster,0,51.0,42.5,0.4113,42.7,2.0624,0.425,0.2625,3.0,36.46,7.81,13.4,5.02,5.4
2022-11-19 19:00:00,19,14,14,0.0,1.0,12.0,1.0,0.0,1.0,6,5,3,1,4,1,5.783,215.5,208.0,276.0,4.6,4.0,11.43,roster,0,42.0,35.0,0.2917,33.32,2.3623,0.35,0.4374,3.0,30.03,3.47,13.4,6.42,6.9
2022-11-19 20:00:00,20,18,18,0.0,2.0,13.0,3.0,0.0,1.0,9,9,2,0,2,0,6.783,161.5,110.0,213.0,3.55,4.0,11.77,roster,0,53.0,45.0,0.3487,25.3,3.5765,0.45,0.7647,2.9444,38.61,1.74,0.0,4.95,5.325
2022-11-19 21:00:00,21,17,17,0.0,2.0,13.0,2.0,0.0,1.0,10,8,3,0,3,0,6.767,106.0,102.0,170.0,2.833,4.0,11.77,roster,0,51.0,42.5,0.3446,23.02,3.3141,0.425,0.6797,3.0,36.46,2.6,0.0,3.95,4.25
2022-11-19 22:00:00,22,18,18,1.0,1.0,15.0,1.0,0.0,1.0,14,13,4,0,4,0,2.767,115.5,112.0,166.0,2.767,3.0,8.07,roster,0,56.0,45.0,0.5185,25.94,6.4117,0.45,1.6109,3.1111,38.61,3.47,0.0,3.86,4.15
2022-11-19 23:00:00,23,20,20,1.0,2.0,15.0,1.0,1.0,1.0,7,6,5,1,6,1,3.767,162.5,83.0,179.0,3.767,3.0,8.07,roster,0,61.0,50.0,0.598,45.67,3.7927,0.5,0.7435,3.05,42.9,5.21,13.4,4.16,4.475
2022-11-20 00:00:00,0,22,22,1.0,6.0,13.0,1.0,1.0,1.0,7,6,6,1,7,1,4.767,213.0,139.0,239.0,4.767,3.0,8.07,roster,0,71.0,55.0,0.7172,52.22,4.1745,0.55,0.7435,3.2273,47.19,6.08,13.4,5.56,5.975
2022-11-20 01:00:00,1,21,21,1.0,7.0,12.0,1.0,0.0,1.0,3,3,8,2,10,2,5.767,201.0,98.0,292.0,5.767,3.0,8.07,roster,0,71.0,52.5,0.7889,67.32,3.0319,0.525,0.3717,3.381,45.04,8.68,26.8,6.79,7.3
2022-11-20 02:00:00,2,19,19,0.0,7.0,12.0,0.0,0.0,1.0,2,2,9,1,10,1,6.767,224.5,143.0,352.0,6.767,3.0,8.07,roster,0,64.0,47.5,0.7111,51.02,2.4348,0.475,0.2478,3.3684,40.75,8.68,13.4,8.18,8.8
2022-11-20 03:00:00,3,14,14,0.0,5.0,9.0,0.0,0.0,1.0,2,2,8,0,8,0,7.767,358.0,246.0,419.0,7.767,3.0,8.07,roster,0,47.0,35.0,0.4896,26.72,2.007,0.35,0.2478,3.3571,30.03,6.95,0.0,9.74,10.475
2022-11-20 04:00:00,4,16,16,0.0,5.0,11.0,0.0,0.0,1.0,3,3,8,0,8,0,8.767,418.0,306.0,479.0,8.767,3.0,8.07,roster,0,53.0,40.0,0.5521,32.4,2.5564,0.4,0.3717,3.3125,34.32,6.95,0.0,11.14,11.975
2022-11-20 05:00:00,5,18,18,1.0,5.0,12.0,0.0,0.0,1.0,8,7,8,0,8,0,9.767,478.0,366.0,539.0,9.767,3.0,8.07,roster,0,61.0,45.0,0.6354,38.09,4.4646,0.45,0.8674,3.3889,38.61,6.95,0.0,12.53,13.475
2022-11-20 06:00:00,6,16,16,1.0,5.0,10.0,0.0,0.0,1.0,1,1,10,0,10,0,10.767,464.5,367.0,592.0,10.767,3.0,8.07,roster,0,55.0,40.0,0.6111,36.77,1.801,0.4,0.1239,3.4375,34.32,8.68,0.0,13.76,14.8
2022-11-20 07:00:00,7,16,16,1.0,4.0,11.0,0.0,0.0,1.0,2,2,10,0,10,0,11.767,524.5,427.0,652.0,11.767,3.0,8.07,roster,0,54.0,40.0,0.6,38.16,2.1864,0.4,0.2478,3.375,34.32,8.68,0.0,15.16,16.3
2022-11-20 08:00:00,8,13,13,0.0,5.0,8.0,0.0,0.0,1.0,1,1,9,0,9,0,12.767,623.0,518.0,712.0,12.767,3.0,7.73,roster,0,44.0,32.5,0.4731,32.25,1.5379,0.325,0.1294,3.3846,27.88,7.81,0.0,16.55,17.8
2022-11-20 09:00:00,9,14,14,0.0,4.0,9.0,1.0,0.0,1.0,7,6,4,0,4,0,12.55,644.5,606.0,753.0,12.55,3.0,7.73,roster,0,45.0,35.0,0.4167,31.01,3.6199,0.35,0.7762,3.2143,30.03,3.47,0.0,17.51,18.825
2022-11-20 10:00:00,10,20,20,1.0,5.0,14.0,0.0,0.0,1.0,15,12,4,0,4,0,13.55,382.0,98.0,813.0,13.55,4.0,11.09,roster,0,67.0,50.0,0.4653,45.28,5.2999,0.5,1.0821,3.35,42.9,3.47,0.0,18.9,20.325
2022-11-20 11:00:00,11,24,24,1.0,5.0,18.0,0.0,0.0,1.0,12,11,6,0,6,0,14.55,113.0,77.0,726.0,14.55,4.0,11.09,roster,0,79.0,60.0,0.5809,53.57,5.24,0.6,0.9919,3.2917,51.48,5.21,0.0,16.88,18.15
2022-11-20 12:00:00,12,24,24,1.0,10.0,13.0,0.0,0.0,1.0,13,9,8,0,8,0,15.55,144.5,134.0,786.0,15.55,4.0,11.09,roster,0,84.0,60.0,0.6562,56.7,4.9404,0.6,0.8115,3.5,51.48,6.95,0.0,18.27,19.65
2022-11-20 13:00:00,13,25,25,2.0,7.0,15.0,1.0,0.0,1.0,14,12,6,2,8,2,16.55,182.5,94.0,846.0,16.55,4.0,11.09,roster,0,85.0,62.5,0.6641,87.04,5.804,0.625,1.0821,3.4,53.62,6.95,26.8,19.67,21.15
2022-11-20 14:00:00,14,22,22,1.0,8.0,13.0,0.0,0.0,1.0,9,8,3,1,4,1,4.533,144.0,139.0,272.0,4.533,4.0,11.09,roster,0,76.0,55.0,0.5278,50.39,4.392,0.55,0.7214,3.4545,47.19,3.47,13.4,6.32,6.8
2022-11-20 15:00:00,15,23,23,1.0,6.0,16.0,0.0,0.0,1.0,11,11,3,1,4,1,3.317,121.5,90.0,199.0,3.317,4.0,11.09,roster,0,77.0,57.5,0.5347,50.83,5.2457,0.575,0.9919,3.3478,49.33,3.47,13.4,4.63,4.975
2022-11-20 16:00:00,16,16,16,1.0,6.0,9.0,0.0,0.0,1.0,7,6,2,1,3,1,4.317,126.0,74.0,259.0,4.317,4.0,11.09,roster,0,56.0,40.0,0.3784,36.35,3.2936,0.4,0.541,3.5,34.32,2.6,13.4,6.02,6.475
2022-11-20 17:00:00,17,20,20,2.0,7.0,9.0,2.0,0.0,1.0,9,8,3,2,5,2,5.317,134.0,98.0,186.0,5.317,4.0,11.09,roster,0,69.0,50.0,0.4929,58.37,4.2137,0.5,0.7214,3.45,42.9,4.34,26.8,4.32,4.65
2022-11-20 18:00:00,18,24,24,1.0,8.0,13.0,2.0,0.0,1.0,14,11,3,2,5,2,6.317,194.0,144.0,246.0,6.317,4.0,11.09,roster,0,80.0,60.0,0.5714,68.34,5.3063,0.6,0.9919,3.3333,51.48,4.34,26.8,5.72,6.15
2022-11-20 19:00:00,19,22,22,0.0,6.0,14.0,2.0,0.0,1.0,9,8,5,0,5,0,6.983,87.0,81.0,108.0,3.4,4.0,11.09,roster,0,70.0,55.0,0.5,34.04,4.0453,0.55,0.7214,3.1818,47.19,4.34,0.0,2.51,2.7
2022-11-20 20:00:00,20,26,26,0.0,4.0,18.0,3.0,1.0,1.0,16,14,5,0,5,0,7.983,124.0,68.0,141.0,2.8,4.0,11.68,roster,0,77.0,65.0,0.55,43.39,5.4748,0.65,1.1986,2.9615,55.77,4.34,0.0,3.28,3.525
2022-11-20 21:00:00,21,27,27,0.0,4.0,21.0,1.0,1.0,1.0,9,9,6,0,6,0,8.983,153.0,77.0,201.0,3.8,4.0,11.68,roster,0,82.0,67.5,0.6029,47.8,4.3902,0.675,0.7705,3.037,57.92,5.21,0.0,4.67,5.025
2022-11-20 22:00:00,22,26,26,0.0,4.0,19.0,2.0,1.0,1.0,11,9,6,0,6,0,9.983,159.5,134.0,261.0,4.8,3.0,8.32,roster,0,78.0,65.0,0.7647,47.05,5.1952,0.65,1.0817,3.0,55.77,5.21,0.0,6.07,6.525
2022-11-20 23:00:00,23,18,18,1.0,5.0,9.0,1.0,2.0,1.0,7,5,6,0,6,0,10.983,219.5,150.0,321.0,5.8,3.0,8.32,roster,0,56.0,45.0,0.549,31.28,3.2697,0.45,0.601,3.1111,38.61,5.21,0.0,7.46,8.025
2022-11-21 00:00:00,0,20,20,1.0,5.0,10.0,2.0,2.0,1.0,8,5,8,0,8,0,11.983,233.5,143.0,381.0,6.8,3.0,8.32,roster,0,61.0,50.0,0.6354,38.7,3.3579,0.5,0.601,3.05,42.9,6.95,0.0,8.86,9.525
2022-11-21 01:00:00,1,24,24,1.0,7.0,14.0,1.0,1.0,1.0,8,7,8,0,8,0,12.983,293.5,203.0,441.0,7.8,3.0,8.32,roster,0,78.0,60.0,0.8125,48.68,4.6844,0.6,0.8413,3.25,51.48,6.95,0.0,10.25,11.025
2022-11-21 02:00:00,2,27,27,2.0,7.0,16.0,1.0,1.0,1.0,6,5,10,1,11,1,13.983,263.0,102.0,422.0,8.8,3.0,8.32,roster,0,89.0,67.5,1.023,70.68,4.2059,0.675,0.601,3.2963,57.92,9.55,13.4,9.81,10.55
2022-11-21 03:00:00,3,22,22,2.0,6.0,13.0,0.0,1.0,1.0,5,5,11,1,12,1,14.983,303.0,146.0,482.0,9.8,3.0,8.32,roster,0,74.0,55.0,0.881,62.22,3.8714,0.55,0.601,3.3636,47.19,10.42,13.4,11.21,12.05
2022-11-21 04:00:00,4,20,20,1.0,6.0,12.0,0.0,1.0,1.0,2,2,12,0,12,0,15.983,363.0,206.0,542.0,10.8,3.0,8.32,roster,0,66.0,50.0,0.7857,45.92,2.4433,0.5,0.2404,3.3,42.9,10.42,0.0,12.6,13.55
2022-11-21 05:00:00,5,24,24,2.0,7.0,14.0,0.0,1.0,1.0,5,4,12,0,12,0,16.983,423.0,266.0,602.0,11.8,3.0,8.32,roster,0,81.0,60.0,0.9643,55.9,3.6476,0.6,0.4808,3.375,51.48,10.42,0.0,14.0,15.05
2022-11-21 06:00:00,6,29,29,1.0,7.0,19.0,1.0,1.0,1.0,6,6,12,1,13,1,17.983,463.0,317.0,617.0,12.8,3.0,8.32,roster,0,93.0,72.5,1.1481,81.24,4.6377,0.725,0.7212,3.2069,62.2,11.29,13.4,14.35,15.425
2022-11-21 07:00:00,7,26,26,2.0,6.0,16.0,1.0,1.0,1.0,3,3,12,0,12,0,18.983,543.0,386.0,722.0,13.8,3.0,8.32,roster,0,85.0,65.0,1.0119,62.98,3.3038,0.65,0.3606,3.2692,55.77,10.42,0.0,16.79,18.05
2022-11-21 08:00:00,8,23,23,3.0,5.0,13.0,1.0,1.0,1.0,5,4,12,1,13,1,19.983,583.0,437.0,737.0,14.8,3.0,6.51,roster,0,77.0,57.5,0.9506,71.16,3.982,0.575,0.6144,3.3478,49.33,11.29,13.4,17.14,18.425
2022-11-21 09:00:00,9,28,28,3.0,4.0,19.0,1.0,1.0,1.0,10,10,9,2,11,2,20.983,506.0,146.0,842.0,15.8,3.0,6.51,roster,0,91.0,70.0,1.046,95.99,7.2673,0.7,1.5361,3.25,60.06,9.55,26.8,19.58,21.05
2022-11-21 10:00:00,10,35,35,3.0,5.0,25.0,2.0,0.0,1.0,10,10,9,2,11,2,21.983,566.0,206.0,902.0,16.8,4.0,10.21,roster,0,114.0,87.5,0.9828,112.4,6.0401,0.875,0.9794,3.2571,75.08,9.55,26.8,20.97,22.55
2022-11-21 11:00:00,11,35,35,3.0,7.0,25.0,0.0,0.0,1.0,8,8,13,2,15,2,22.983,542.0,118.0,917.0,17.8,4.0,10.21,roster,0,118.0,87.5,1.18,116.22,5.5917,0.875,0.7835,3.3714,75.08,13.02,26.8,21.32,22.925
2022-11-21 12:00:00,12,36,36,2.0,6.0,28.0,0.0,0.0,1.0,8,8,14,2,16,2,23.983,290.5,166.0,863.0,18.8,4.0,10.21,roster,0,118.0,90.0,1.2292,117.98,5.5183,0.9,0.7835,3.2778,77.22,13.89,26.8,20.06,21.575
2022-11-21 13:00:00,13,37,37,2.0,8.0,27.0,0.0,0.0,1.0,6,6,16,2,18,2,24.983,227.5,135.0,662.0,19.8,4.0,10.21,roster,0,123.0,92.5,1.3977,117.19,5.0286,0.925,0.5877,3.3243,79.36,15.63,26.8,15.39,16.55
2022-11-21 14:00:00,14,44,44,3.0,8.0,32.0,1.0,0.0,1.0,12,13,16,2,18,2,25.983,247.5,151.0,375.0,20.8,4.0,10.21,roster,0,145.0,110.0,1.6477,125.53,7.821,1.1,1.2733,3.2955,94.38,15.63,26.8,8.72,9.375
2022-11-21 15:00:00,15,33,33,1.0,5.0,27.0,0.0,0.0,1.0,4,4,14,1,15,1,26.983,211.0,120.0,346.0,21.8,4.0,10.21,roster,0,106.0,82.5,1.06,85.25,3.9084,0.825,0.3918,3.2121,70.78,13.02,13.4,8.04,8.65
2022-11-21 16:00:00,16,33,33,2.0,5.0,25.0,1.0,0.0,1.0,9,9,14,1,15,1,27.983,271.0,180.0,406.0,22.8,4.0,10.21,roster,0,107.0,82.5,1.07,86.65,5.5332,0.825,0.8815,3.2424,70.78,13.02,13.4,9.44,10.15
2022-11-21 17:00:00,17,35,35,2.0,6.0,25.0,2.0,0.0,1.0,6,6,15,0,15,0,28.983,324.0,226.0,466.0,23.8,4.0,10.21,roster,0,113.0,87.5,1.13,78.93,4.7223,0.875,0.5877,3.2286,75.08,13.02,0.0,10.83,11.65
2022-11-21 18:00:00,18,39,39,2.0,6.0,30.0,1.0,0.0,1.0,10,10,15,0,15,0,24.8,384.0,153.0,526.0,24.8,4.0,10.21,roster,0,126.0,97.5,1.26,88.91,6.3143,0.975,0.9794,3.2308,83.66,13.02,0.0,12.23,13.15
2022-11-21 19:00:00,19,38,38,2.0,8.0,27.0,1.0,0.0,1.0,13,11,16,0,16,0,25.8,279.5,134.0,511.0,25.8,4.0,10.21,roster,0,125.0,95.0,1.3021,87.28,6.669,0.95,1.0774,3.2895,81.51,13.89,0.0,11.88,12.775
2022-11-21 20:00:00,20,37,37,2.0,7.0,27.0,1.0,0.0,1.0,7,7,17,2,19,2,26.8,127.0,106.0,252.0,26.8,4.0,10.4,roster,0,121.0,92.5,1.4405,108.52,5.2261,0.925,0.6731,3.2703,79.36,16.5,26.8,5.86,6.3
2022-11-21 21:00:00,21,33,33,2.0,9.0,22.0,0.0,0.0,1.0,7,7,14,2,16,2,11.633,180.0,166.0,278.0,9.517,4.0,10.4,roster,0,112.0,82.5,1.1667,97.94,5.0844,0.825,0.6731,3.3939,70.78,13.89,26.8,6.46,6.95
2022-11-21 22:00:00,22,37,37,2.0,11.0,23.0,1.0,0.0,1.0,14,12,13,2,15,2,11.367,231.0,202.0,314.0,10.517,3.0,6.7,roster,0,125.0,92.5,1.6667,106.49,9.1758,0.925,1.791,3.3784,79.36,13.02,26.8,7.3,7.85
2022-11-21 23:00:00,23,37,37,2.0,11.0,22.0,1.0,1.0,1.0,8,8,16,3,19,3,12.367,283.0,111.0,339.0,11.517,3.0,6.7,roster,0,123.0,92.5,1.9524,123.94,7.0443,0.925,1.194,3.3243,79.36,16.5,40.2,7.88,8.475
2022-11-22 00:00:00,0,34,34,2.0,13.0,19.0,0.0,0.0,1.0,8,8,18,2,20,2,13.367,264.0,154.0,399.0,12.517,3.0,6.7,roster,0,119.0,85.0,1.9833,106.37,7.1541,0.85,1.194,3.5,72.93,17.37,26.8,9.28,9.975
2022-11-22 01:00:00,1,38,38,2.0,13.0,22.0,1.0,0.0,1.0,8,7,19,2,21,2,14.367,266.0,208.0,421.0,13.517,3.0,6.7,roster,0,130.0,95.0,2.2807,116.33,6.8242,0.95,1.0448,3.4211,81.51,18.23,26.8,9.79,10.525
2022-11-22 02:00:00,2,32,32,2.0,12.0,18.0,0.0,0.0,1.0,4,3,19,3,22,3,15.367,324.5,252.0,481.0,14.517,3.0,6.7,roster,0,112.0,80.0,2.0741,119.13,4.3672,0.8,0.4478,3.5,68.64,19.1,40.2,11.18,12.025
2022-11-22 03:00:00,3,30,30,2.0,12.0,16.0,0.0,0.0,1.0,4,5,18,1,19,1,16.367,386.0,312.0,579.0,15.517,3.0,6.7,roster,0,106.0,75.0,1.6825,87.71,5.2868,0.75,0.7463,3.5333,64.35,16.5,13.4,13.46,14.475
2022-11-22 04:00:00,4,32,32,2.0,14.0,16.0,0.0,0.0,1.0,6,6,18,1,19,1,17.367,446.0,372.0,639.0,16.517,3.0,6.7,roster,0,114.0,80.0,1.8095,93.39,6.0403,0.8,0.8955,3.5625,68.64,16.5,13.4,14.86,15.975
2022-11-22 05:00:00,5,30,30,2.0,13.0,15.0,0.0,0.0,1.0,4,3,18,1,19,1,18.367,506.0,432.0,699.0,17.517,3.0,6.7,roster,0,107.0,75.0,1.6984,90.5,4.272,0.75,0.4478,3.5667,64.35,16.5,13.4,16.25,17.475
2022-11-22 06:00:00,6,27,27,2.0,12.0,13.0,0.0,0.0,1.0,2,1,18,1,19,1,19.367,566.0,492.0,759.0,18.517,3.0,6.7,roster,0,97.0,67.5,1.5397,85.46,2.9612,0.675,0.1493,3.5926,57.92,16.5,13.4,17.65,18.975
2022-11-22 07:00:00,7,27,27,2.0,10.0,14.0,1.0,0.0,1.0,4,3,19,1,20,1,20.367,624.5,552.0,819.0,19.517,3.0,6.7,roster,0,94.0,67.5,1.5667,87.72,3.9089,0.675,0.4478,3.4815,57.92,17.37,13.4,19.04,20.475
2022-11-22 08:00:00,8,34,34,2.0,12.0,18.0,1.0,1.0,1.0,8,8,20,1,21,1,21.367,683.0,609.0,841.0,20.517,3.0,8.39,roster,0,115.0,85.0,2.0175,104.12,6.1001,0.85,0.9535,3.3824,72.93,18.23,13.4,19.55,21.025
2022-11-22 09:00:00,9,38,38,1.0,13.0,22.0,1.0,1.0,1.0,8,6,23,1,24,1,22.367,702.5,502.0,891.0,21.517,3.0,8.39,roster,0,126.0,95.0,2.625,116.47,5.5212,0.95,0.7151,3.3158,81.51,20.84,13.4,20.72,22.275
2022-11-22 10:00:00,10,45,45,1.0,19.0,22.0,1.0,2.0,1.0,15,15,21,1,22,1,23.367,743.0,239.0,951.0,22.517,4.0,11.71,roster,0,151.0,112.5,2.0972,131.14,8.0733,1.125,1.281,3.3556,96.52,19.1,13.4,22.11,23.775
2022-11-22 11:00:00,11,42,42,1.0,20.0,20.0,1.0,0.0,1.0,3,2,23,2,25,2,24.367,779.0,204.0,982.0,23.517,4.0,11.71,roster,0,147.0,105.0,2.45,141.43,4.2728,1.05,0.1708,3.5,90.09,21.71,26.8,22.83,24.55
2022-11-22 12:00:00,12,41,41,1.0,18.0,20.0,1.0,1.0,1.0,7,7,19,2,21,2,25.367,682.0,251.0,926.0,22.767,4.0,11.71,roster,0,140.0,102.5,1.8421,134.51,5.5412,1.025,0.5978,3.4146,87.94,18.23,26.8,21.53,23.15
2022-11-22 13:00:00,13,40,40,1.0,19.0,18.0,2.0,0.0,1.0,10,9,15,2,17,2,26.367,846.0,311.0,986.0,23.767,4.0,11.71,roster,0,139.0,100.0,1.5109,130.29,6.1458,1.0,0.7686,3.475,85.8,14.76,26.8,22.92,24.65
2022-11-22 14:00:00,14,28,28,1.0,14.0,12.0,1.0,0.0,1.0,6,4,10,3,13,3,24.767,959.0,371.0,1046.0,24.767,4.0,11.71,roster,0,99.0,70.0,0.9167,115.87,3.6828,0.7,0.3416,3.5357,60.06,11.29,40.2,24.32,26.15
2022-11-22 15:00:00,15,27,27,1.0,12.0,13.0,1.0,0.0,1.0,6,6,7,4,11,4,25.767,862.0,320.0,1106.0,25.767,4.0,11.71,roster,0,94.0,67.5,0.8103,126.78,4.1339,0.675,0.5124,3.4815,57.92,9.55,53.6,25.71,27.65
2022-11-22 16:00:00,16,29,29,2.0,12.0,14.0,1.0,0.0,1.0,10,9,6,4,10,4,26.767,666.0,213.0,1092.0,26.767,4.0,11.71,roster,0,102.0,72.5,0.85,129.88,5.2533,0.725,0.7686,3.5172,62.2,8.68,53.6,25.39,27.3
2022-11-22 17:00:00,17,25,25,2.0,9.0,14.0,0.0,0.0,1.0,9,8,6,4,10,4,27.767,726.0,223.0,1152.0,27.767,4.0,11.71,roster,0,88.0,62.5,0.7333,122.69,4.6048,0.625,0.6832,3.52,53.62,8.68,53.6,26.78,28.8
2022-11-22 18:00:00,18,24,24,3.0,7.0,14.0,0.0,0.0,1.0,3,2,7,5,12,5,28.767,515.0,189.0,1212.0,28.767,4.0,11.71,roster,0,85.0,60.0,0.7589,137.08,2.7299,0.6,0.1708,3.5417,51.48,10.42,67.0,28.18,30.3
2022-11-22 19:00:00,19,25,25,3.0,7.0,14.0,0.0,1.0,1.0,5,5,6,6,12,6,29.767,575.0,215.0,1272.0,29.767,4.0,11.71,roster,0,86.0,62.5,0.7679,154.02,3.6188,0.625,0.427,3.44,53.62,10.42,80.4,29.57,31.8
2022-11-22 20:00:00,20,21,21,1.0,8.0,11.0,0.0,1.0,1.0,6,4,8,3,11,3,30.767,650.0,185.0,1332.0,30.767,4.0,11.61,roster,0,71.0,52.5,0.6121,105.77,2.9398,0.525,0.3445,3.381,45.04,9.55,40.2,30.97,33.3
2022-11-22 21:00:00,21,23,23,1.0,5.0,15.0,1.0,1.0,1.0,8,7,6,3,9,3,31.767,710.0,293.0,1379.0,31.767,4.0,11.61,roster,0,73.0,57.5,0.5887,109.41,3.7386,0.575,0.6029,3.1739,49.33,7.81,40.2,32.06,34.475
2022-11-22 22:00:00,22,25,25,1.0,7.0,14.0,2.0,1.0,1.0,11,10,3,3,6,3,32.767,1026.0,523.0,1452.0,32.767,3.0,8.29,roster,0,80.0,62.5,0.7843,112.79,5.8601,0.625,1.2063,3.2,53.62,5.21,40.2,33.76,36.3
2022-11-22 23:00:00,23,28,28,2.0,9.0,14.0,2.0,1.0,1.0,11,10,7,2,9,2,33.767,413.0,67.0,1342.0,33.767,3.0,8.29,roster,0,93.0,70.0,1.0,105.88,6.3315,0.7,1.2063,3.3214,60.06,7.81,26.8,31.2,33.55
2022-11-23 00:00:00,0,31,31,2.0,9.0,17.0,2.0,1.0,1.0,6,5,11,2,13,2,34.767,127.0,116.0,890.0,34.767,3.0,8.29,roster,0,102.0,77.5,1.2593,105.28,4.5345,0.775,0.6031,3.2903,66.5,11.29,26.8,20.69,22.25
2022-11-23 01:00:00,1,29,29,2.0,10.0,14.0,2.0,1.0,1.0,7,7,12,2,14,2,35.767,185.0,162.0,950.0,35.767,3.0,8.29,roster,0,97.0,72.5,1.2436,103.25,5.2493,0.725,0.8444,3.3448,62.2,12.16,26.8,22.09,23.75
2022-11-23 02:00:00,2,28,28,3.0,9.0,12.0,3.0,1.0,1.0,4,4,12,2,14,2,36.767,241.5,197.0,593.0,36.767,3.0,8.29,roster,0,94.0,70.0,1.2051,92.8,3.9699,0.7,0.4825,3.3571,60.06,12.16,26.8,13.79,14.825
2022-11-23 03:00:00,3,25,25,2.0,9.0,11.0,2.0,1.0,1.0,4,4,12,2,14,2,37.767,301.5,185.0,653.0,37.767,3.0,8.29,roster,0,84.0,62.5,1.0769,87.76,3.7212,0.625,0.4825,3.36,53.62,12.16,26.8,15.18,16.325
2022-11-23 04:00:00,4,27,27,2.0,9.0,13.0,2.0,1.0,1.0,2,2,13,2,15,2,38.767,360.0,223.0,713.0,38.767,3.0,8.29,roster,0,90.0,67.5,1.2,94.32,3.0542,0.675,0.2413,3.3333,57.92,13.02,26.8,16.58,17.825
2022-11-23 05:00:00,5,24,24,2.0,8.0,12.0,1.0,1.0,1.0,1,2,13,1,14,1,39.767,421.5,305.0,773.0,39.767,3.0,8.29,roster,0,81.0,60.0,1.0385,75.01,2.8392,0.6,0.2413,3.375,51.48,12.16,13.4,17.97,19.325
2022-11-23 06:00:00,6,24,24,2.0,8.0,11.0,2.0,1.0,1.0,3,2,13,1,14,1,40.767,481.5,365.0,833.0,40.767,3.0,8.29,roster,0,80.0,60.0,1.0256,76.4,2.8042,0.6,0.2413,3.3333,51.48,12.16,13.4,19.37,20.825
2022-11-23 07:00:00,7,27,27,2.0,9.0,13.0,2.0,1.0,1.0,4,4,13,1,14,1,41.767,541.5,425.0,893.0,41.767,3.0,8.29,roster,0,90.0,67.5,1.1538,84.23,3.8584,0.675,0.4825,3.3333,57.92,12.16,13.4,20.76,22.325
2022-11-23 08:00:00,8,26,26,2.0,8.0,13.0,2.0,1.0,1.0,4,3,14,1,15,1,42.767,600.0,463.0,953.0,42.767,3.0,6.3,roster,0,86.0,65.0,1.1467,84.35,3.7251,0.65,0.4762,3.3077,55.77,13.02,13.4,22.16,23.825
2022-11-23 09:00:00,9,30,30,2.0,8.0,17.0,2.0,1.0,1.0,9,8,14,1,15,1,43.767,642.0,430.0,687.0,43.767,3.0,6.3,roster,0,98.0,75.0,1.3067,86.75,6.5981,0.75,1.2698,3.2667,64.35,13.02,13.4,15.97,17.175
2022-11-23 10:00:00,10,33,33,2.0,9.0,20.0,2.0,0.0,1.0,8,5,17,1,18,1,44.767,650.5,198.0,727.0,44.767,4.0,9.62,roster,0,110.0,82.5,1.25,96.72,4.4825,0.825,0.5198,3.3333,70.78,15.63,13.4,16.9,18.175
2022-11-23 11:00:00,11,36,36,2.0,12.0,20.0,2.0,0.0,1.0,9,8,18,2,20,2,45.767,654.0,207.0,787.0,45.767,4.0,9.62,roster,0,122.0,90.0,1.525,119.68,5.8682,0.9,0.8316,3.3889,77.22,17.37,26.8,18.3,19.675
2022-11-23 12:00:00,12,37,37,3.0,12.0,21.0,1.0,0.0,1.0,8,7,20,1,21,1,46.767,587.0,189.0,822.0,46.767,4.0,9.62,roster,0,128.0,92.5,1.6842,110.11,5.7173,0.925,0.7277,3.4595,79.36,18.23,13.4,19.11,20.55
2022-11-23 13:00:00,13,38,38,2.0,13.0,22.0,1.0,0.0,1.0,11,10,18,2,20,2,27.833,264.0,156.0,785.0,27.833,4.0,9.62,roster,0,130.0,95.0,1.625,123.93,6.8062,0.95,1.0395,3.4211,81.51,17.37,26.8,18.25,19.625
2022-11-23 14:00:00,14,32,32,2.0,10.0,19.0,1.0,0.0,1.0,4,2,20,1,21,1,28.833,216.0,122.0,387.0,28.833,4.0,9.62,roster,0,109.0,80.0,1.4342,89.27,3.4332,0.8,0.2079,3.4062,68.64,18.23,13.4,9.0,9.675
2022-11-23 15:00:00,15,36,36,1.0,13.0,20.0,2.0,0.0,1.0,10,9,16,1,17,1,29.833,227.0,166.0,296.0,29.833,4.0,9.62,roster,0,121.0,90.0,1.3152,92.26,6.1695,0.9,0.9356,3.3611,77.22,14.76,13.4,6.88,7.4
2022-11-23 16:00:00,16,36,36,1.0,14.0,19.0,2.0,0.0,1.0,5,5,15,1,16,1,30.833,279.0,212.0,356.0,30.833,4.0,9.62,roster,0,122.0,90.0,1.2708,92.79,4.8114,0.9,0.5198,3.3889,77.22,13.89,13.4,8.28,8.9
2022-11-23 17:00:00,17,38,38,1.0,16.0,20.0,1.0,0.0,1.0,10,10,15,2,17,2,31.833,331.0,257.0,412.0,31.833,4.0,9.62,roster,0,131.0,95.0,1.4239,112.65,6.8585,0.95,1.0395,3.4474,81.51,14.76,26.8,9.58,10.3
2022-11-23 18:00:00,18,32,32,2.0,12.0,17.0,1.0,0.0,1.0,7,6,15,2,17,2,32.833,363.0,154.0,456.0,32.833,4.0,9.62,roster,0,111.0,80.0,1.2065,100.8,4.9385,0.8,0.6237,3.4688,68.64,14.76,26.8,10.6,11.4
2022-11-23 19:00:00,19,26,26,1.0,10.0,14.0,1.0,0.0,1.0,2,3,12,2,14,2,33.833,327.0,155.0,525.0,33.833,4.0,9.62,roster,0,89.0,65.0,0.8558,86.93,3.2925,0.65,0.3119,3.4231,55.77,12.16,26.8,12.21,13.125
2022-11-23 20:00:00,20,32,32,1.0,8.0,22.0,1.0,0.0,1.0,13,9,12,2,14,2,20.083,302.5,202.0,495.0,20.083,4.0,11.1,roster,0,105.0,80.0,1.0096,99.11,5.2855,0.8,0.8108,3.2812,68.64,12.16,26.8,11.51,12.375
2022-11-23 21:00:00,21,24,24,0.0,7.0,16.0,1.0,0.0,1.0,7,4,10,2,12,2,21.083,273.5,133.0,555.0,21.083,4.0,11.1,roster,0,78.0,60.0,0.6964,81.6,3.1212,0.6,0.3604,3.25,51.48,10.42,26.8,12.9,13.875
2022-11-23 22:00:00,22,25,25,0.0,7.0,17.0,1.0,0.0,1.0,9,8,7,2,9,2,13.067,193.0,128.0,335.0,10.25,3.0,7.78,roster,0,81.0,62.5,0.871,76.03,5.3566,0.625,1.0283,3.24,53.62,7.81,26.8,7.79,8.375
2022-11-23 23:00:00,23,24,24,1.0,5.0,18.0,0.0,0.0,1.0,9,9,7,2,9,2,14.067,205.0,115.0,395.0,11.25,3.0,7.78,roster,0,79.0,60.0,0.8495,75.28,5.7828,0.6,1.1568,3.2917,51.48,7.81,26.8,9.18,9.875
2022-11-24 00:00:00,0,24,24,0.0,5.0,18.0,1.0,0.0,1.0,3,3,8,2,10,2,15.067,231.0,125.0,455.0,12.25,3.0,7.78,roster,0,76.0,60.0,0.8444,77.54,3.1211,0.6,0.3856,3.1667,51.48,8.68,26.8,10.58,11.375
2022-11-24 01:00:00,1,23,23,0.0,5.0,17.0,1.0,0.0,1.0,4,3,8,2,10,2,16.067,291.0,185.0,515.0,13.25,3.0,7.78,roster,0,73.0,57.5,0.8111,76.79,3.0489,0.575,0.3856,3.1739,49.33,8.68,26.8,11.97,12.875
2022-11-24 02:00:00,2,21,21,0.0,5.0,14.0,1.0,1.0,1.0,2,2,8,2,10,2,17.067,351.0,245.0,575.0,14.25,3.0,7.78,roster,0,65.0,52.5,0.7222,73.9,2.4207,0.525,0.2571,3.0952,45.04,8.68,26.8,13.37,14.375
2022-11-24 03:00:00,3,18,18,0.0,5.0,11.0,1.0,1.0,1.0,0,0,8,2,10,2,18.067,411.0,305.0,635.0,15.25,3.0,7.78,roster,0,56.0,45.0,0.6222,68.86,1.4,0.45,0.0,3.1111,38.61,8.68,26.8,14.76,15.875
2022-11-24 04:00:00,4,20,20,1.0,5.0,12.0,1.0,1.0,1.0,2,2,8,2,10,2,19.067,471.0,365.0,695.0,16.25,3.0,7.78,roster,0,64.0,50.0,0.7111,74.54,2.4226,0.5,0.2571,3.2,42.9,8.68,26.8,16.16,17.375
2022-11-24 05:00:00,5,23,23,1.0,6.0,13.0,2.0,1.0,1.0,3,3,8,2,10,2,20.067,531.0,425.0,755.0,17.25,3.0,7.78,roster,0,73.0,57.5,0.8111,82.37,3.0489,0.575,0.3856,3.1739,49.33,8.68,26.8,17.55,18.875
2022-11-24 06:00:00,6,21,21,0.0,6.0,12.0,2.0,1.0,1.0,0,0,8,2,10,2,21.067,591.0,485.0,815.0,18.25,3.0,7.78,roster,0,65.0,52.5,0.7222,79.48,1.625,0.525,0.0,3.0952,45.04,8.68,26.8,18.95,20.375
2022-11-24 07:00:00,7,18,18,0.0,5.0,11.0,1.0,1.0,1.0,0,0,8,2,10,2,22.067,651.0,545.0,875.0,19.25,3.0,7.78,roster,0,56.0,45.0,0.6222,74.44,1.4,0.45,0.0,3.1111,38.61,8.68,26.8,20.34,21.875
2022-11-24 08:00:00,8,20,20,0.0,4.0,14.0,1.0,1.0,1.0,3,3,8,1,9,1,23.067,677.0,605.0,793.0,17.517,3.0,7.23,roster,0,61.0,50.0,0.6559,62.55,2.7906,0.5,0.4149,3.05,42.9,7.81,13.4,18.44,19.825
2022-11-24 09:00:00,9,21,21,0.0,5.0,14.0,1.0,1.0,1.0,8,7,5,1,6,1,24.067,829.0,737.0,995.0,18.517,3.0,7.23,roster,0,65.0,52.5,0.6373,66.79,4.6218,0.525,0.9682,3.0952,45.04,5.21,13.4,23.13,24.875
2022-11-24 10:00:00,10,21,21,0.0,7.0,12.0,1.0,1.0,1.0,5,5,5,1,6,1,25.067,760.0,115.0,1055.0,19.517,4.0,10.27,roster,0,67.0,52.5,0.4926,68.18,3.2283,0.525,0.4869,3.1905,45.04,5.21,13.4,24.53,26.375
2022-11-24 11:00:00,11,23,23,0.0,7.0,14.0,1.0,1.0,1.0,8,9,6,1,7,1,26.067,783.0,90.0,1115.0,20.517,4.0,10.27,roster,0,73.0,57.5,0.553,74.74,4.6064,0.575,0.8763,3.1739,49.33,6.08,13.4,25.92,27.875
2022-11-24 12:00:00,12,23,23,0.0,10.0,11.0,1.0,1.0,1.0,8,8,6,1,7,1,21.517,150.0,89.0,1175.0,21.517,4.0,10.27,roster,0,76.0,57.5,0.5758,76.13,4.474,0.575,0.779,3.3043,49.33,6.08,13.4,27.32,29.375
2022-11-24 13:00:00,13,26,26,0.0,11.0,13.0,1.0,1.0,1.0,8,7,7,3,10,3,22.517,167.0,116.0,295.0,22.517,4.0,10.27,roster,0,86.0,65.0,0.7167,91.51,4.4045,0.65,0.6816,3.3077,55.77,8.68,40.2,6.86,7.375
2022-11-24 14:00:00,14,23,23,0.0,7.0,14.0,1.0,1.0,1.0,4,4,6,3,9,3,21.583,176.0,123.0,209.0,21.583,4.0,10.27,roster,0,73.0,57.5,0.5887,82.21,3.0612,0.575,0.3895,3.1739,49.33,7.81,40.2,4.86,5.225
2022-11-24 15:00:00,15,23,23,0.0,8.0,14.0,1.0,0.0,1.0,5,4,6,2,8,2,22.467,189.0,144.0,256.0,4.483,4.0,10.27,roster,0,76.0,57.5,0.5938,69.03,3.187,0.575,0.3895,3.3043,49.33,6.95,26.8,5.95,6.4
2022-11-24 16:00:00,16,20,20,0.0,8.0,11.0,1.0,0.0,1.0,6,5,4,2,6,2,23.467,249.0,199.0,296.0,5.267,4.0,10.27,roster,0,67.0,50.0,0.4926,61.79,3.306,0.5,0.4869,3.35,42.9,5.21,26.8,6.88,7.4
2022-11-24 17:00:00,17,21,21,0.0,9.0,12.0,0.0,0.0,1.0,5,6,5,1,6,1,24.467,281.0,142.0,356.0,6.267,4.0,10.27,roster,0,72.0,52.5,0.5294,51.93,3.8031,0.525,0.5842,3.4286,45.04,5.21,13.4,8.28,8.9
2022-11-24 18:00:00,18,22,22,0.0,9.0,11.0,1.0,1.0,1.0,6,6,7,1,8,1,25.467,260.5,120.0,416.0,7.267,4.0,10.27,roster,0,72.0,55.0,0.5625,57.21,3.712,0.55,0.5842,3.2727,47.19,6.95,13.4,9.67,10.4
2022-11-24 19:00:00,19,25,25,0.0,9.0,13.0,2.0,1.0,1.0,12,10,8,2,10,2,26.467,177.0,109.0,423.0,8.267,4.0,10.27,roster,0,80.0,62.5,0.6667,78.94,5.1159,0.625,0.9737,3.2,53.62,8.68,26.8,9.83,10.575
2022-11-24 20:00:00,20,24,24,2.0,7.0,12.0,2.0,1.0,1.0,9,8,6,1,7,1,27.467,234.0,158.0,439.0,8.05,4.0,9.86,roster,0,79.0,60.0,0.5985,61.16,4.6457,0.6,0.8114,3.2917,51.48,6.08,13.4,10.21,10.975
2022-11-24 21:00:00,21,29,29,3.0,6.0,15.0,4.0,1.0,1.0,12,12,3,1,4,1,28.467,256.0,218.0,543.0,9.05,4.0,9.86,roster,0,93.0,72.5,0.6458,71.7,6.2279,0.725,1.217,3.2069,62.2,3.47,13.4,12.62,13.575
2022-11-24 22:00:00,22,24,24,2.0,5.0,15.0,1.0,1.0,1.0,7,4,6,3,9,3,29.467,109.0,104.0,278.0,10.05,3.0,6.82,roster,0,78.0,60.0,0.8387,85.96,3.8562,0.6,0.5865,3.25,51.48,7.81,40.2,6.46,6.95
2022-11-24 23:00:00,23,25,25,2.0,3.0,17.0,2.0,1.0,1.0,9,8,7,1,8,1,30.467,167.5,164.0,414.0,11.05,3.0,6.82,roster,0,78.0,62.5,0.8125,63.6,5.6098,0.625,1.173,3.12,53.62,6.95,13.4,9.63,10.35
2022-11-25 00:00:00,0,25,25,3.0,2.0,19.0,0.0,1.0,1.0,7,5,8,2,10,2,31.467,225.0,157.0,398.0,12.05,3.0,6.82,roster,0,81.0,62.5,0.9,78.36,4.4004,0.625,0.7331,3.24,53.62,8.68,26.8,9.25,9.95
2022-11-25 01:00:00,1,27,27,3.0,2.0,20.0,1.0,1.0,1.0,8,6,8,3,11,3,32.467,284.0,178.0,458.0,13.05,3.0,6.82,roster,0,86.0,67.5,0.9885,98.31,4.9522,0.675,0.8798,3.1852,57.92,9.55,40.2,10.65,11.45
2022-11-25 02:00:00,2,21,21,3.0,2.0,15.0,0.0,1.0,1.0,2,2,8,3,11,3,33.467,344.0,238.0,518.0,14.05,3.0,6.82,roster,0,69.0,52.5,0.7931,86.84,2.6886,0.525,0.2933,3.2857,45.04,9.55,40.2,12.04,12.95
2022-11-25 03:00:00,3,20,20,2.0,3.0,14.0,0.0,1.0,1.0,2,2,9,2,11,2,34.467,404.0,298.0,578.0,15.05,3.0,6.82,roster,0,65.0,50.0,0.7471,72.69,2.5781,0.5,0.2933,3.25,42.9,9.55,26.8,13.44,14.45
2022-11-25 04:00:00,4,22,22,2.0,3.0,16.0,0.0,1.0,1.0,2,2,10,2,12,2,35.467,451.5,358.0,638.0,16.05,3.0,6.82,roster,0,71.0,55.0,0.8452,79.24,2.7214,0.55,0.2933,3.2273,47.19,10.42,26.8,14.83,15.95
2022-11-25 05:00:00,5,25,25,2.0,3.0,19.0,0.0,1.0,1.0,4,4,10,2,12,2,36.467,511.5,418.0,698.0,17.05,3.0,6.82,roster,0,80.0,62.5,0.9524,87.07,3.8768,0.625,0.5865,3.2,53.62,10.42,26.8,16.23,17.45
2022-11-25 06:00:00,6,24,24,2.0,4.0,17.0,0.0,1.0,1.0,3,2,11,2,13,2,37.467,559.0,430.0,589.0,18.05,3.0,6.82,roster,0,78.0,60.0,0.963,83.26,2.9031,0.6,0.2933,3.25,51.48,11.29,26.8,13.69,14.725
2022-11-25 07:00:00,7,21,21,2.0,3.0,15.0,0.0,1.0,1.0,2,1,11,2,13,2,19.05,619.0,490.0,649.0,19.05,3.0,6.82,roster,0,68.0,52.5,0.8395,78.22,2.1748,0.525,0.1466,3.2381,45.04,11.29,26.8,15.09,16.225
2022-11-25 08:00:00,8,19,19,2.0,2.0,15.0,0.0,0.0,1.0,2,1,12,2,14,2,20.05,658.0,377.0,709.0,20.05,3.0,7.01,roster,0,63.0,47.5,0.8077,76.2,2.048,0.475,0.1427,3.3158,40.75,12.16,26.8,16.48,17.725
2022-11-25 09:00:00,9,20,20,2.0,2.0,15.0,0.0,1.0,1.0,5,4,10,2,12,2,21.05,751.5,658.0,938.0,21.05,3.0,7.01,roster,0,64.0,50.0,0.7619,81.93,3.426,0.5,0.5706,3.2,42.9,10.42,26.8,21.81,23.45
2022-11-25 10:00:00,10,20,20,2.0,2.0,16.0,0.0,0.0,1.0,5,5,8,2,10,2,22.05,758.5,471.0,829.0,22.05,4.0,10.98,roster,0,66.0,50.0,0.55,77.66,3.1527,0.5,0.4554,3.3,42.9,8.68,26.8,19.27,20.725
2022-11-25 11:00:00,11,21,21,2.0,1.0,18.0,0.0,0.0,1.0,6,5,9,2,11,2,23.05,778.0,140.0,889.0,23.05,4.0,10.98,roster,0,68.0,52.5,0.5862,82.07,3.1745,0.525,0.4554,3.2381,45.04,9.55,26.8,20.67,22.225
2022-11-25 12:00:00,12,27,27,2.0,0.0,25.0,0.0,0.0,1.0,14,11,7,2,9,2,24.05,302.0,147.0,946.0,24.05,4.0,10.98,roster,0,85.0,67.5,0.6855,94.52,5.2789,0.675,1.0018,3.1481,57.92,7.81,26.8,21.99,23.65
2022-11-25 13:00:00,13,32,32,2.0,4.0,26.0,0.0,0.0,1.0,9,9,7,2,9,2,25.05,362.0,175.0,1006.0,25.05,4.0,10.98,roster,0,104.0,80.0,0.8387,106.64,5.2639,0.8,0.8197,3.25,68.64,7.81,26.8,23.39,25.15
2022-11-25 14:00:00,14,36,36,3.0,5.0,24.0,4.0,0.0,1.0,13,12,7,4,11,4,26.05,250.0,79.0,1066.0,26.05,4.0,10.98,roster,0,115.0,90.0,0.9914,145.16,6.3662,0.9,1.0929,3.1944,77.22,9.55,53.6,24.78,26.65
2022-11-25 15:00:00,15,33,33,5.0,6.0,18.0,4.0,0.0,1.0,10,10,8,4,12,4,27.05,137.5,115.0,1018.0,27.05,4.0,10.98,roster,0,111.0,82.5,0.9911,138.47,5.8384,0.825,0.9107,3.3636,70.78,10.42,53.6,23.67,25.45
2022-11-25 16:00:00,16,29,29,5.0,5.0,17.0,2.0,0.0,1.0,6,5,8,5,13,5,19.817,156.0,86.0,196.0,19.817,4.0,10.98,roster,0,100.0,72.5,0.9259,125.05,4.0703,0.725,0.4554,3.4483,62.2,11.29,67.0,4.56,4.9
2022-11-25 17:00:00,17,32,32,4.0,5.0,21.0,2.0,0.0,1.0,6,6,11,4,15,4,20.817,171.0,129.0,256.0,20.817,4.0,10.98,roster,0,107.0,80.0,1.07,121.22,4.5022,0.8,0.5464,3.3438,68.64,13.02,53.6,5.95,6.4
2022-11-25 18:00:00,18,26,26,5.0,3.0,17.0,1.0,0.0,1.0,4,4,10,3,13,3,21.817,206.0,175.0,316.0,21.817,4.0,10.98,roster,0,90.0,65.0,0.8333,94.6,3.511,0.65,0.3643,3.4615,55.77,11.29,40.2,7.35,7.9
2022-11-25 19:00:00,19,21,21,5.0,1.0,15.0,0.0,0.0,1.0,7,5,8,4,12,4,22.817,263.5,235.0,722.0,22.817,4.0,10.98,roster,0,74.0,52.5,0.6607,105.85,3.4546,0.525,0.4554,3.5238,45.04,10.42,53.6,16.79,18.05
2022-11-25 20:00:00,20,15,15,4.0,1.0,10.0,0.0,0.0,1.0,1,1,5,4,9,4,23.817,295.0,201.0,436.0,23.817,4.0,11.85,roster,0,54.0,37.5,0.4355,83.73,1.6538,0.375,0.0844,3.6,32.17,7.81,53.6,10.14,10.9
2022-11-25 21:00:00,21,12,12,2.0,0.0,10.0,0.0,0.0,1.0,8,4,2,2,4,2,24.817,819.5,261.0,1489.0,24.817,4.0,11.85,roster,0,40.0,30.0,0.2778,70.63,2.1252,0.3,0.3376,3.3333,25.74,3.47,26.8,34.62,37.225
2022-11-25 22:00:00,22,17,17,3.0,0.0,13.0,0.0,1.0,1.0,8,8,0,2,2,2,25.817,1493.5,1438.0,1549.0,25.817,3.0,7.88,roster,0,55.0,42.5,0.4825,81.02,4.6596,0.425,1.0152,3.2353,36.46,1.74,26.8,36.01,38.725
2022-11-25 23:00:00,23,16,16,2.0,0.0,13.0,1.0,0.0,1.0,9,5,3,1,4,1,26.817,107.0,105.0,1609.0,26.817,3.0,7.88,roster,0,51.0,40.0,0.4722,68.6,3.2975,0.4,0.6345,3.1875,34.32,3.47,13.4,37.41,40.225
2022-11-26 00:00:00,0,16,16,2.0,1.0,13.0,0.0,0.0,1.0,5,5,3,1,4,1,27.817,167.0,165.0,1669.0,27.817,3.0,7.88,roster,0,53.0,40.0,0.4907,70.0,3.4268,0.4,0.6345,3.3125,34.32,3.47,13.4,38.8,41.725
2022-11-26 01:00:00,1,16,16,2.0,1.0,13.0,0.0,0.0,1.0,2,2,3,1,4,1,28.817,227.0,225.0,1729.0,28.817,3.0,7.88,roster,0,53.0,40.0,0.4907,71.39,2.1657,0.4,0.2538,3.3125,34.32,3.47,13.4,40.2,43.225
2022-11-26 02:00:00,2,17,17,3.0,1.0,13.0,0.0,0.0,1.0,2,2,4,1,5,1,29.817,285.0,269.0,289.0,29.817,3.0,7.88,roster,0,58.0,42.5,0.5524,40.93,2.3159,0.425,0.2538,3.4118,36.46,4.34,13.4,6.72,7.225
2022-11-26 03:00:00,3,17,17,3.0,1.0,13.0,0.0,0.0,1.0,2,2,5,1,6,1,30.817,337.0,168.0,349.0,30.817,3.0,7.88,roster,0,58.0,42.5,0.5686,43.19,2.3159,0.425,0.2538,3.4118,36.46,5.21,13.4,8.11,8.725
2022-11-26 04:00:00,4,14,14,3.0,1.0,10.0,0.0,0.0,1.0,1,1,4,1,5,1,31.817,389.0,228.0,405.0,31.817,3.0,7.88,roster,0,49.0,35.0,0.4667,37.19,1.6692,0.35,0.1269,3.5,30.03,4.34,13.4,9.42,10.125
2022-11-26 05:00:00,5,17,17,3.0,2.0,12.0,0.0,0.0,1.0,5,4,4,1,5,1,32.817,449.0,288.0,465.0,32.817,3.0,7.88,roster,0,59.0,42.5,0.5619,45.02,3.2367,0.425,0.5076,3.4706,36.46,4.34,13.4,10.81,11.625
2022-11-26 06:00:00,6,15,15,2.0,2.0,11.0,0.0,0.0,1.0,1,1,4,1,5,1,33.817,509.0,348.0,525.0,33.817,3.0,7.88,roster,0,51.0,37.5,0.4857,42.12,1.7065,0.375,0.1269,3.4,32.17,4.34,13.4,12.21,13.125
2022-11-26 07:00:00,7,15,15,2.0,3.0,10.0,0.0,0.0,1.0,3,3,4,1,5,1,34.817,569.0,408.0,585.0,34.817,3.0,7.88,roster,0,52.0,37.5,0.4952,43.52,2.6198,0.375,0.3807,3.4667,32.17,4.34,13.4,13.6,14.625
2022-11-26 08:00:00,8,17,17,2.0,3.0,11.0,1.0,0.0,1.0,4,4,6,1,7,1,35.817,468.0,97.0,645.0,35.817,3.0,6.29,roster,0,57.0,42.5,0.5758,50.94,3.5572,0.425,0.6359,3.3529,36.46,6.08,13.4,15.0,16.125
2022-11-26 09:00:00,9,15,15,2.0,2.0,11.0,0.0,0.0,1.0,6,5,6,1,7,1,36.817,528.0,146.0,705.0,36.817,3.0,6.29,roster,0,51.0,37.5,0.5152,48.04,3.9777,0.375,0.7949,3.4,32.17,6.08,13.4,16.39,17.625
2022-11-26 10:00:00,10,15,15,3.0,0.0,12.0,0.0,0.0,1.0,5,5,6,2,8,2,37.817,544.0,206.0,765.0,37.817,4.0,9.99,roster,0,51.0,37.5,0.3984,63.71,2.9767,0.375,0.5005,3.4,32.17,6.95,26.8,17.79,19.125
2022-11-26 11:00:00,11,19,19,4.0,0.0,15.0,0.0,0.0,1.0,4,4,8,2,10,2,38.817,413.0,126.0,809.0,38.817,4.0,9.99,roster,0,65.0,47.5,0.5417,75.05,2.9948,0.475,0.4004,3.4211,40.75,8.68,26.8,18.81,20.225
2022-11-26 12:00:00,12,25,25,4.0,3.0,17.0,1.0,0.0,1.0,11,10,7,2,9,2,39.817,620.0,138.0,869.0,39.817,4.0,9.99,roster,0,85.0,62.5,0.6855,88.44,5.5284,0.625,1.001,3.4,53.62,7.81,26.8,20.2,21.725
2022-11-26 13:00:00,13,30,30,3.0,6.0,20.0,1.0,0.0,1.0,10,9,8,2,10,2,40.817,436.0,94.0,929.0,40.817,4.0,9.99,roster,0,101.0,75.0,0.8417,101.43,5.558,0.75,0.9009,3.3667,64.35,8.68,26.8,21.6,23.225
2022-11-26 14:00:00,14,23,23,3.0,6.0,14.0,0.0,0.0,1.0,5,3,6,3,9,3,41.817,154.0,131.0,989.0,41.817,4.0,9.99,roster,0,81.0,57.5,0.6532,100.34,3.0826,0.575,0.3003,3.5217,49.33,7.81,40.2,22.99,24.725
2022-11-26 15:00:00,15,26,26,3.0,7.0,15.0,1.0,0.0,1.0,9,8,4,3,7,3,42.817,214.0,148.0,1049.0,42.817,4.0,9.99,roster,0,90.0,65.0,0.6818,106.44,5.022,0.65,0.8008,3.4615,55.77,6.08,40.2,24.39,26.225
2022-11-26 16:00:00,16,24,24,4.0,6.0,13.0,0.0,1.0,1.0,11,10,5,2,7,2,23.5,202.0,74.0,274.0,18.483,4.0,9.99,roster,0,84.0,60.0,0.6364,70.73,5.6035,0.6,1.001,3.5,51.48,6.08,26.8,6.37,6.85
2022-11-26 17:00:00,17,24,24,4.0,6.0,14.0,0.0,0.0,1.0,6,5,7,3,10,3,24.5,148.0,100.0,268.0,19.483,4.0,9.99,roster,0,86.0,60.0,0.7167,86.59,3.9435,0.6,0.5005,3.5833,51.48,8.68,40.2,6.23,6.7
2022-11-26 18:00:00,18,26,26,4.0,7.0,15.0,0.0,0.0,1.0,7,6,8,2,10,2,25.5,189.5,139.0,328.0,20.483,4.0,9.99,roster,0,93.0,65.0,0.775,78.88,4.4733,0.65,0.6006,3.5769,55.77,8.68,26.8,7.63,8.2
2022-11-26 19:00:00,19,19,19,3.0,3.0,13.0,0.0,0.0,1.0,6,5,5,1,6,1,26.5,217.0,161.0,388.0,21.483,4.0,9.99,roster,0,66.0,47.5,0.4853,48.39,3.3886,0.475,0.5005,3.4737,40.75,5.21,13.4,9.02,9.7
2022-11-26 20:00:00,20,22,22,2.0,3.0,16.0,1.0,0.0,1.0,8,6,6,1,7,1,27.5,240.0,171.0,448.0,22.483,4.0,12.02,roster,0,72.0,55.0,0.5455,57.08,3.4336,0.55,0.4992,3.2727,47.19,6.08,13.4,10.42,11.2
2022-11-26 21:00:00,21,24,24,2.0,4.0,17.0,1.0,0.0,1.0,10,9,7,1,8,1,28.5,290.5,231.0,508.0,23.483,4.0,12.02,roster,0,79.0,60.0,0.6172,63.64,4.4396,0.6,0.7488,3.2917,51.48,6.95,13.4,11.81,12.7
2022-11-26 22:00:00,22,19,19,2.0,5.0,10.0,2.0,0.0,1.0,8,6,3,2,5,2,24.483,360.0,211.0,568.0,24.483,3.0,8.32,roster,0,64.0,47.5,0.6095,65.1,4.0291,0.475,0.7212,3.3684,40.75,4.34,26.8,13.21,14.2
2022-11-26 23:00:00,23,23,23,2.0,5.0,15.0,1.0,0.0,1.0,9,6,3,1,4,1,25.483,524.0,420.0,1529.0,25.483,3.0,8.32,roster,0,77.0,57.5,0.713,81.76,4.3393,0.575,0.7212,3.3478,49.33,3.47,13.4,35.55,38.225
2022-11-27 00:00:00,0,23,23,2.0,5.0,15.0,1.0,0.0,1.0,6,6,3,1,4,1,26.483,584.0,480.0,1589.0,26.483,3.0,8.32,roster,0,77.0,57.5,0.713,83.15,4.3393,0.575,0.7212,3.3478,49.33,3.47,13.4,36.94,39.725
2022-11-27 01:00:00,1,19,19,2.0,3.0,12.0,2.0,0.0,1.0,8,5,4,1,5,1,27.483,540.0,172.0,748.0,27.483,3.0,8.32,roster,0,62.0,47.5,0.5905,55.89,3.511,0.475,0.601,3.2632,40.75,4.34,13.4,17.39,18.7
2022-11-27 02:00:00,2,16,16,2.0,5.0,8.0,1.0,0.0,1.0,3,3,4,1,5,1,28.483,600.0,232.0,808.0,28.483,3.0,8.32,roster,0,56.0,40.0,0.5333,50.85,2.662,0.4,0.3606,3.5,34.32,4.34,13.4,18.79,20.2
2022-11-27 03:00:00,3,17,17,1.0,6.0,9.0,1.0,0.0,1.0,4,4,5,0,5,0,29.483,292.0,184.0,868.0,29.483,3.0,8.32,roster,0,58.0,42.5,0.5524,40.99,3.0903,0.425,0.4808,3.4118,36.46,4.34,0.0,20.18,21.7
2022-11-27 04:00:00,4,16,16,1.0,5.0,8.0,2.0,0.0,1.0,2,2,5,0,5,0,30.483,352.0,244.0,928.0,30.483,3.0,8.32,roster,0,53.0,40.0,0.5048,40.24,2.1213,0.4,0.2404,3.3125,34.32,4.34,0.0,21.58,23.2
2022-11-27 05:00:00,5,15,15,1.0,5.0,8.0,1.0,0.0,1.0,2,2,5,0,5,0,31.483,412.0,304.0,988.0,31.483,3.0,8.32,roster,0,51.0,37.5,0.4857,39.49,2.0923,0.375,0.2404,3.4,32.17,4.34,0.0,22.97,24.7
2022-11-27 06:00:00,6,17,17,1.0,5.0,10.0,1.0,0.0,1.0,2,2,5,0,5,0,32.483,472.0,364.0,1048.0,32.483,3.0,8.32,roster,0,57.0,42.5,0.5429,45.17,2.231,0.425,0.2404,3.3529,36.46,4.34,0.0,24.37,26.2
2022-11-27 07:00:00,7,17,17,1.0,6.0,9.0,1.0,0.0,1.0,2,1,5,0,5,0,33.483,532.0,424.0,1108.0,33.483,3.0,8.32,roster,0,58.0,42.5,0.5524,46.57,1.8601,0.425,0.1202,3.4118,36.46,4.34,0.0,25.76,27.7
2022-11-27 08:00:00,8,22,22,1.0,5.0,14.0,2.0,0.0,1.0,10,10,5,0,5,0,34.483,592.0,484.0,1168.0,34.483,3.0,6.91,roster,0,71.0,55.0,0.6762,58.69,6.4454,0.55,1.4472,3.2273,47.19,4.34,0.0,27.16,29.2
2022-11-27 09:00:00,9,21,21,0.0,3.0,14.0,4.0,0.0,1.0,8,7,6,0,6,0,20.467,327.5,86.0,652.0,20.467,3.0,6.91,roster,0,62.0,52.5,0.6078,45.41,4.5408,0.525,1.013,2.9524,45.04,5.21,0.0,15.16,16.3
2022-11-27 10:00:00,10,25,25,0.0,7.0,18.0,0.0,0.0,1.0,16,15,2,0,2,0,21.233,158.5,146.0,171.0,2.85,4.0,10.16,roster,0,82.0,62.5,0.5395,39.34,6.8925,0.625,1.4764,3.28,53.62,1.74,0.0,3.98,4.275
2022-11-27 11:00:00,11,23,23,0.0,7.0,16.0,0.0,0.0,1.0,10,9,4,0,4,0,22.233,157.0,108.0,231.0,3.85,4.0,10.16,roster,0,76.0,57.5,0.5278,38.18,4.8271,0.575,0.8858,3.3043,49.33,3.47,0.0,5.37,5.775
2022-11-27 12:00:00,12,25,25,0.0,10.0,15.0,0.0,0.0,1.0,12,8,4,0,4,0,23.233,102.5,68.0,291.0,4.85,4.0,10.16,roster,0,85.0,62.5,0.5903,43.86,4.8022,0.625,0.7874,3.4,53.62,3.47,0.0,6.77,7.275
2022-11-27 13:00:00,13,26,26,0.0,10.0,15.0,0.0,1.0,1.0,13,12,5,0,5,0,24.233,128.0,122.0,197.0,5.85,4.0,10.16,roster,0,86.0,65.0,0.6143,44.69,6.0567,0.65,1.1811,3.3077,55.77,4.34,0.0,4.58,4.925
2022-11-27 14:00:00,14,33,33,0.0,10.0,21.0,0.0,2.0,1.0,14,14,8,0,8,0,25.233,154.0,81.0,257.0,6.85,4.0,10.16,roster,0,105.0,82.5,0.8203,63.71,7.0094,0.825,1.378,3.1818,70.78,6.95,0.0,5.98,6.425
2022-11-27 15:00:00,15,34,34,0.0,9.0,23.0,2.0,0.0,1.0,16,13,6,0,6,0,26.233,191.5,120.0,248.0,7.85,4.0,10.16,roster,0,109.0,85.0,0.8015,63.91,6.827,0.85,1.2795,3.2059,72.93,5.21,0.0,5.77,6.2
2022-11-27 16:00:00,16,34,34,0.0,9.0,25.0,0.0,0.0,1.0,15,12,7,0,7,0,27.233,180.0,99.0,308.0,8.85,4.0,10.16,roster,0,111.0,85.0,0.8409,66.17,6.631,0.85,1.1811,3.2647,72.93,6.08,0.0,7.16,7.7
2022-11-27 17:00:00,17,31,31,0.0,8.0,22.0,1.0,0.0,1.0,6,5,10,0,10,0,28.233,174.5,102.0,261.0,9.85,4.0,10.16,roster,0,100.0,77.5,0.8333,61.25,4.0875,0.775,0.4921,3.2258,66.5,8.68,0.0,6.07,6.525
2022-11-27 18:00:00,18,31,31,1.0,6.0,21.0,2.0,1.0,1.0,13,12,5,0,5,0,29.233,250.0,162.0,321.0,10.85,4.0,10.16,roster,0,97.0,77.5,0.6929,58.3,6.1207,0.775,1.1811,3.129,66.5,4.34,0.0,7.46,8.025
2022-11-27 19:00:00,19,25,25,1.0,6.0,15.0,3.0,0.0,1.0,8,7,6,1,7,1,30.233,117.0,108.0,381.0,11.85,4.0,10.16,roster,0,80.0,62.5,0.6061,61.96,4.2047,0.625,0.689,3.2,53.62,6.08,13.4,8.86,9.525
2022-11-27 20:00:00,20,23,23,2.0,4.0,17.0,0.0,0.0,1.0,13,11,3,2,5,2,31.233,177.0,168.0,441.0,12.85,4.0,9.91,roster,0,77.0,57.5,0.55,70.73,5.6411,0.575,1.11,3.3478,49.33,4.34,26.8,10.25,11.025
2022-11-27 21:00:00,21,19,19,2.0,5.0,11.0,1.0,0.0,1.0,6,5,3,2,5,2,32.233,228.0,134.0,501.0,13.85,4.0,9.91,roster,0,65.0,47.5,0.4643,63.54,3.3511,0.475,0.5045,3.4211,40.75,4.34,26.8,11.65,12.525
2022-11-27 22:00:00,22,16,16,2.0,4.0,9.0,1.0,0.0,1.0,7,5,3,2,5,2,33.233,288.0,194.0,561.0,14.85,3.0,6.66,roster,0,55.0,40.0,0.5238,58.5,3.9557,0.4,0.7508,3.4375,34.32,4.34,26.8,13.04,14.025
2022-11-27 23:00:00,23,22,22,2.0,5.0,14.0,1.0,0.0,1.0,12,9,3,1,4,1,34.233,437.5,254.0,951.0,15.85,3.0,6.66,roster,0,74.0,55.0,0.6852,66.17,6.3955,0.55,1.3514,3.3636,47.19,3.47,13.4,22.11,23.775
2022-11-28 00:00:00,0,21,21,2.0,5.0,11.0,3.0,0.0,1.0,6,4,5,1,6,1,35.233,297.5,92.0,681.0,16.85,3.0,6.66,roster,0,69.0,52.5,0.6765,59.49,3.6984,0.525,0.6006,3.2857,45.04,5.21,13.4,15.83,17.025
2022-11-28 01:00:00,1,18,18,2.0,6.0,8.0,2.0,0.0,1.0,3,3,5,1,6,1,36.233,357.5,152.0,741.0,17.85,3.0,6.66,roster,0,62.0,45.0,0.6078,54.45,3.1016,0.45,0.4505,3.4444,38.61,5.21,13.4,17.23,18.525
2022-11-28 02:00:00,2,13,13,1.0,6.0,5.0,1.0,0.0,1.0,2,1,5,2,7,2,37.233,401.0,199.0,801.0,18.85,3.0,6.66,roster,0,46.0,32.5,0.4646,59.39,1.6813,0.325,0.1502,3.5385,27.88,6.08,26.8,18.62,20.025
2022-11-28 03:00:00,3,11,11,1.0,5.0,4.0,1.0,0.0,1.0,1,1,6,1,7,1,38.233,461.0,259.0,861.0,19.85,3.0,6.66,roster,0,39.0,27.5,0.3939,43.09,1.5074,0.275,0.1502,3.5455,23.6,6.08,13.4,20.02,21.525
2022-11-28 04:00:00,4,12,12,1.0,5.0,4.0,2.0,0.0,1.0,3,2,6,1,7,1,39.233,521.0,319.0,921.0,20.85,3.0,6.66,roster,0,41.0,30.0,0.4141,46.63,2.051,0.3,0.3003,3.4167,25.74,6.08,13.4,21.41,23.025
2022-11-28 05:00:00,5,15,15,1.0,5.0,6.0,3.0,0.0,1.0,3,3,6,1,7,1,40.233,581.0,379.0,981.0,21.85,3.0,6.66,roster,0,49.0,37.5,0.4949,54.46,2.6965,0.375,0.4505,3.2667,32.17,6.08,13.4,22.81,24.525
2022-11-28 06:00:00,6,16,16,1.0,6.0,6.0,3.0,0.0,1.0,6,3,6,1,7,1,41.233,641.0,439.0,1041.0,22.85,3.0,6.66,roster,0,53.0,40.0,0.5354,58.0,2.8171,0.4,0.4505,3.3125,34.32,6.08,13.4,24.2,26.025
2022-11-28 07:00:00,7,17,17,2.0,5.0,8.0,2.0,0.0,1.0,4,3,6,1,7,1,42.233,701.0,499.0,1101.0,23.85,3.0,6.66,roster,0,58.0,42.5,0.5859,61.54,2.9868,0.425,0.4505,3.4118,36.46,6.08,13.4,25.6,27.525
2022-11-28 08:00:00,8,22,22,2.0,6.0,12.0,2.0,0.0,1.0,7,7,6,2,8,2,43.233,666.5,559.0,1161.0,24.85,3.0,8.39,roster,0,74.0,55.0,0.7708,87.93,4.6564,0.55,0.8343,3.3636,47.19,6.95,26.8,26.99,29.025
2022-11-28 09:00:00,9,27,27,2.0,7.0,16.0,2.0,0.0,1.0,10,9,7,2,9,2,44.233,632.0,169.0,854.0,25.85,3.0,8.39,roster,0,90.0,67.5,0.9677,92.39,5.8257,0.675,1.0727,3.3333,57.92,7.81,26.8,19.86,21.35
2022-11-28 10:00:00,10,32,32,2.0,7.0,23.0,0.0,0.0,1.0,12,12,6,2,8,2,45.233,786.5,229.0,1281.0,26.85,4.0,12.09,roster,0,107.0,80.0,0.8359,112.17,5.9939,0.8,0.9926,3.3438,68.64,6.95,26.8,29.78,32.025
2022-11-28 11:00:00,11,41,41,4.0,8.0,28.0,0.0,1.0,1.0,15,14,8,3,11,3,46.233,196.0,115.0,974.0,27.85,4.0,12.09,roster,0,137.0,102.5,1.181,140.34,7.2944,1.025,1.158,3.3415,87.94,9.55,40.2,22.65,24.35
2022-11-28 12:00:00,12,45,45,5.0,9.0,31.0,0.0,0.0,1.0,13,14,16,3,19,3,47.233,171.0,92.0,349.0,28.85,4.0,12.09,roster,0,154.0,112.5,1.8333,141.34,7.8129,1.125,1.158,3.4222,96.52,16.5,40.2,8.11,8.725
2022-11-28 13:00:00,13,47,47,4.0,9.0,34.0,0.0,0.0,1.0,9,8,21,2,23,2,48.233,153.0,117.0,238.0,29.85,4.0,12.09,roster,0,158.0,117.5,2.3235,133.12,6.1745,1.175,0.6617,3.3617,100.82,19.97,26.8,5.53,5.95
2022-11-28 14:00:00,14,42,42,4.0,9.0,28.0,0.0,1.0,1.0,6,6,21,2,23,2,49.233,193.0,150.0,295.0,30.85,4.0,12.09,roster,0,141.0,105.0,2.0735,123.72,5.1911,1.05,0.4963,3.3571,90.09,19.97,26.8,6.86,7.375
2022-11-28 15:00:00,15,40,40,4.0,7.0,29.0,0.0,0.0,1.0,9,8,19,2,21,2,31.85,246.0,205.0,351.0,31.85,4.0,12.09,roster,0,135.0,100.0,1.7763,119.0,5.6083,1.0,0.6617,3.375,85.8,18.23,26.8,8.16,8.775
2022-11-28 16:00:00,16,39,39,4.0,8.0,27.0,0.0,0.0,1.0,7,7,16,3,19,3,32.85,300.0,205.0,418.0,32.85,4.0,12.09,roster,0,133.0,97.5,1.5833,130.07,5.2995,0.975,0.579,3.4103,83.66,16.5,40.2,9.72,10.45
2022-11-28 17:00:00,17,39,39,3.0,8.0,28.0,0.0,0.0,1.0,7,7,17,2,19,2,33.85,325.0,214.0,478.0,33.85,4.0,12.09,roster,0,131.0,97.5,1.5595,118.07,5.2198,0.975,0.579,3.359,83.66,16.5,26.8,11.11,11.95
2022-11-28 18:00:00,18,35,35,3.0,7.0,25.0,0.0,0.0,1.0,4,4,17,2,19,2,34.85,325.0,167.0,538.0,34.85,4.0,12.09,roster,0,118.0,87.5,1.4048,110.88,4.0654,0.875,0.3309,3.3714,75.08,16.5,26.8,12.51,13.45
2022-11-28 19:00:00,19,26,26,2.0,5.0,18.0,0.0,1.0,1.0,6,6,8,1,9,1,35.85,486.0,173.0,1421.0,35.85,4.0,12.09,roster,0,85.0,65.0,0.6855,90.02,3.7474,0.65,0.4963,3.2692,55.77,7.81,13.4,33.04,35.525
2022-11-28 20:00:00,20,26,26,2.0,7.0,15.0,1.0,1.0,1.0,12,10,7,1,8,1,36.85,219.5,127.0,1514.0,36.85,4.0,10.15,roster,0,86.0,65.0,0.6719,91.32,5.4088,0.65,0.9852,3.3077,55.77,6.95,13.4,35.2,37.85
2022-11-28 21:00:00,21,26,26,2.0,6.0,14.0,2.0,2.0,1.0,13,9,10,1,11,1,37.85,158.0,95.0,293.0,37.85,4.0,10.15,roster,0,82.0,65.0,0.7069,65.53,4.8465,0.65,0.8867,3.1538,55.77,9.55,13.4,6.81,7.325
2022-11-28 22:00:00,22,29,29,5.0,5.0,17.0,1.0,1.0,1.0,12,11,11,1,12,1,27.233,170.5,124.0,326.0,27.233,3.0,6.45,roster,0,99.0,72.5,1.1786,73.6,8.297,0.725,1.7054,3.4138,62.2,10.42,13.4,7.58,8.15
2022-11-28 23:00:00,23,26,26,4.0,7.0,12.0,2.0,1.0,1.0,8,8,12,1,13,1,28.233,215.0,154.0,307.0,28.233,3.0,6.45,roster,0,89.0,65.0,1.0988,67.6,6.4707,0.65,1.2403,3.4231,55.77,11.29,13.4,7.14,7.675
2022-11-29 00:00:00,0,26,26,3.0,6.0,14.0,2.0,1.0,1.0,10,7,10,2,12,2,29.233,277.0,240.0,446.0,29.233,3.0,6.45,roster,0,86.0,65.0,1.0238,83.36,5.7397,0.65,1.0853,3.3077,55.77,10.42,26.8,10.37,11.15
2022-11-29 01:00:00,1,22,22,3.0,7.0,10.0,1.0,1.0,1.0,2,2,10,2,12,2,30.233,337.0,300.0,506.0,30.233,3.0,6.45,roster,0,76.0,55.0,0.9048,76.17,2.9712,0.55,0.3101,3.4545,47.19,10.42,26.8,11.76,12.65
2022-11-29 02:00:00,2,18,18,3.0,7.0,7.0,0.0,1.0,1.0,2,2,10,3,13,3,31.233,395.0,277.0,487.0,31.233,3.0,6.45,roster,0,65.0,45.0,0.8025,81.42,2.7447,0.45,0.3101,3.6111,38.61,11.29,40.2,11.32,12.175
2022-11-29 03:00:00,3,20,20,3.0,8.0,8.0,0.0,1.0,1.0,5,5,10,3,13,3,32.233,455.0,337.0,547.0,32.233,3.0,6.45,roster,0,72.0,50.0,0.8889,87.11,4.5907,0.5,0.7752,3.6,42.9,11.29,40.2,12.72,13.675
2022-11-29 04:00:00,4,19,19,2.0,7.0,8.0,1.0,1.0,1.0,3,3,10,2,12,2,11.883,499.5,397.0,607.0,11.883,3.0,6.45,roster,0,65.0,47.5,0.7738,72.09,3.2162,0.475,0.4651,3.4211,40.75,10.42,26.8,14.11,15.175
2022-11-29 05:00:00,5,19,19,2.0,6.0,10.0,0.0,1.0,1.0,4,4,10,1,11,1,12.883,575.0,457.0,667.0,12.883,3.0,6.45,roster,0,65.0,47.5,0.7471,59.21,3.7466,0.475,0.6202,3.4211,40.75,9.55,13.4,15.51,16.675
2022-11-29 06:00:00,6,16,16,2.0,5.0,8.0,0.0,1.0,1.0,2,1,10,1,11,1,13.883,635.0,517.0,727.0,13.883,3.0,6.45,roster,0,55.0,40.0,0.6322,54.17,1.9079,0.4,0.155,3.4375,34.32,9.55,13.4,16.9,18.175
2022-11-29 07:00:00,7,19,19,2.0,6.0,10.0,0.0,1.0,1.0,4,4,10,1,11,1,14.883,695.0,577.0,787.0,14.883,3.0,6.45,roster,0,65.0,47.5,0.7471,62.0,3.7466,0.475,0.6202,3.4211,40.75,9.55,13.4,18.3,19.675
2022-11-29 08:00:00,8,23,23,2.0,6.0,14.0,0.0,1.0,1.0,9,8,10,1,11,1,15.883,755.0,637.0,847.0,15.883,3.0,7.84,roster,0,77.0,57.5,0.8851,71.98,5.3411,0.575,1.0204,3.3478,49.33,9.55,13.4,19.69,21.175
2022-11-29 09:00:00,9,26,26,2.0,6.0,18.0,0.0,0.0,1.0,9,10,8,1,9,1,16.883,697.0,655.0,819.0,16.883,3.0,7.84,roster,0,88.0,65.0,0.9462,76.03,6.5171,0.65,1.2755,3.3846,55.77,7.81,13.4,19.04,20.475
2022-11-29 10:00:00,10,22,22,2.0,5.0,14.0,1.0,0.0,1.0,7,8,10,1,11,1,17.883,730.0,153.0,879.0,17.883,4.0,11.09,roster,0,74.0,55.0,0.6379,70.58,4.2764,0.55,0.7214,3.3636,47.19,9.55,13.4,20.44,21.975
2022-11-29 11:00:00,11,30,30,2.0,6.0,20.0,2.0,0.0,1.0,16,13,9,2,11,2,18.433,775.0,120.0,935.0,18.433,4.0,11.09,roster,0,98.0,75.0,0.8448,102.44,6.2793,0.75,1.1722,3.2667,64.35,9.55,26.8,21.74,23.375
2022-11-29 12:00:00,12,27,27,2.0,4.0,21.0,0.0,0.0,1.0,7,7,8,2,10,2,19.433,842.5,180.0,995.0,19.433,4.0,11.09,roster,0,89.0,67.5,0.7417,96.53,4.3056,0.675,0.6312,3.2963,57.92,8.68,26.8,23.13,24.875
2022-11-29 13:00:00,13,26,26,1.0,3.0,22.0,0.0,0.0,1.0,9,8,7,2,9,2,20.433,240.0,170.0,937.0,20.433,4.0,11.09,roster,0,83.0,65.0,0.6694,92.17,4.3778,0.65,0.7214,3.1923,55.77,7.81,26.8,21.79,23.425
2022-11-29 14:00:00,14,26,26,1.0,4.0,19.0,2.0,0.0,1.0,11,9,9,1,10,1,18.583,156.5,104.0,258.0,18.583,4.0,11.09,roster,0,82.0,65.0,0.6833,63.85,4.6095,0.65,0.8115,3.1538,55.77,8.68,13.4,6.0,6.45
2022-11-29 15:00:00,15,27,27,1.0,3.0,22.0,1.0,0.0,1.0,7,7,9,1,10,1,17.617,185.0,157.0,290.0,17.617,4.0,11.09,roster,0,85.0,67.5,0.7083,66.74,4.1121,0.675,0.6312,3.1481,57.92,8.68,13.4,6.74,7.25
2022-11-29 16:00:00,16,22,22,0.0,3.0,19.0,0.0,0.0,1.0,6,5,6,1,7,1,7.767,224.0,149.0,289.0,6.3,4.0,11.09,roster,0,69.0,55.0,0.5227,53.39,3.1391,0.55,0.4509,3.1364,47.19,6.08,13.4,6.72,7.225
2022-11-29 17:00:00,17,28,28,0.0,3.0,24.0,1.0,0.0,1.0,9,9,7,1,8,1,8.767,280.5,209.0,349.0,7.3,4.0,11.09,roster,0,86.0,70.0,0.6719,68.52,4.6426,0.7,0.8115,3.0714,60.06,6.95,13.4,8.11,8.725
2022-11-29 18:00:00,18,22,22,0.0,4.0,18.0,0.0,0.0,1.0,5,5,7,0,7,0,9.767,190.0,100.0,344.0,6.817,4.0,11.09,roster,0,70.0,55.0,0.5303,41.27,3.1845,0.55,0.4509,3.1818,47.19,6.08,0.0,8.0,8.6
2022-11-29 19:00:00,19,22,22,0.0,4.0,17.0,1.0,0.0,1.0,7,7,7,0,7,0,7.817,167.0,125.0,404.0,7.817,4.0,11.09,roster,0,69.0,55.0,0.5227,42.66,3.7047,0.55,0.6312,3.1364,47.19,6.08,0.0,9.39,10.1
2022-11-29 20:00:00,20,22,22,0.0,3.0,18.0,1.0,0.0,1.0,8,8,3,0,3,0,7.683,140.0,62.0,227.0,3.783,4.0,9.93,roster,0,68.0,55.0,0.4595,35.07,4.1902,0.55,0.8056,3.0909,47.19,2.6,0.0,5.28,5.675
2022-11-29 21:00:00,21,23,23,0.0,1.0,20.0,2.0,0.0,1.0,14,12,3,0,3,0,6.383,110.0,95.0,122.0,2.033,4.0,9.93,roster,0,68.0,57.5,0.4595,34.78,5.2728,0.575,1.2085,2.9565,49.33,2.6,0.0,2.84,3.05
2022-11-29 22:00:00,22,26,26,1.0,1.0,23.0,1.0,0.0,1.0,9,9,7,1,8,1,7.383,102.5,88.0,170.0,3.033,3.0,6.68,roster,0,80.0,65.0,0.8333,60.07,6.1456,0.65,1.3473,3.0769,55.77,6.95,13.4,3.95,4.25
2022-11-29 23:00:00,23,18,18,0.0,1.0,17.0,0.0,0.0,1.0,6,3,6,1,7,1,7.083,160.0,131.0,215.0,3.833,3.0,6.68,roster,0,55.0,45.0,0.5556,43.09,2.7473,0.45,0.4491,3.0556,38.61,6.08,13.4,5.0,5.375
2022-11-30 00:00:00,0,14,14,0.0,2.0,12.0,0.0,0.0,1.0,5,1,6,2,8,2,8.083,214.0,191.0,275.0,4.833,3.0,6.68,roster,0,44.0,35.0,0.4583,50.17,1.5705,0.35,0.1497,3.1429,30.03,6.95,26.8,6.39,6.875
2022-11-30 01:00:00,1,14,14,0.0,2.0,12.0,0.0,0.0,1.0,5,3,7,2,9,2,9.083,268.0,216.0,285.0,5.833,3.0,6.68,roster,0,44.0,35.0,0.4731,51.27,2.5115,0.35,0.4491,3.1429,30.03,7.81,26.8,6.63,7.125
2022-11-30 02:00:00,2,15,15,0.0,2.0,12.0,1.0,0.0,1.0,4,4,8,1,9,1,10.083,328.0,214.0,345.0,6.833,3.0,6.68,roster,0,46.0,37.5,0.4946,41.41,2.9863,0.375,0.5988,3.0667,32.17,7.81,13.4,8.02,8.625
2022-11-30 03:00:00,3,17,17,0.0,2.0,13.0,1.0,1.0,1.0,3,3,8,1,9,1,11.083,388.0,274.0,405.0,7.833,3.0,6.68,roster,0,50.0,42.5,0.5376,47.1,2.5709,0.425,0.4491,2.9412,36.46,7.81,13.4,9.42,10.125
2022-11-30 04:00:00,4,15,15,0.0,3.0,11.0,1.0,0.0,1.0,4,3,8,1,9,1,12.083,448.0,334.0,465.0,8.833,3.0,6.68,roster,0,47.0,37.5,0.5054,44.2,2.5822,0.375,0.4491,3.1333,32.17,7.81,13.4,10.81,11.625
2022-11-30 05:00:00,5,18,18,0.0,4.0,12.0,2.0,0.0,1.0,3,3,10,2,12,2,13.083,425.0,243.0,525.0,9.833,3.0,6.68,roster,0,56.0,45.0,0.6667,68.04,2.7972,0.45,0.4491,3.1111,38.61,10.42,26.8,12.21,13.125
2022-11-30 06:00:00,6,18,18,0.0,3.0,13.0,2.0,0.0,1.0,3,1,11,2,13,2,14.083,454.0,160.0,580.0,10.833,3.0,6.68,roster,0,55.0,45.0,0.679,70.18,1.8324,0.45,0.1497,3.0556,38.61,11.29,26.8,13.49,14.5
2022-11-30 07:00:00,7,18,18,0.0,3.0,14.0,1.0,0.0,1.0,3,3,11,2,13,2,11.833,514.0,220.0,640.0,11.833,3.0,6.68,roster,0,56.0,45.0,0.6914,71.58,2.7972,0.45,0.4491,3.1111,38.61,11.29,26.8,14.88,16.0
2022-11-30 08:00:00,8,23,23,0.0,3.0,18.0,2.0,0.0,1.0,8,7,12,2,14,2,12.833,531.5,246.0,700.0,12.833,3.0,7.73,roster,0,70.0,57.5,0.8974,84.57,4.5061,0.575,0.9056,3.0435,49.33,12.16,26.8,16.28,17.5
2022-11-30 09:00:00,9,25,25,0.0,2.0,21.0,2.0,0.0,1.0,5,5,11,2,13,2,13.833,634.0,296.0,760.0,13.833,3.0,7.73,roster,0,75.0,62.5,0.9259,89.38,3.8155,0.625,0.6468,3.0,53.62,11.29,26.8,17.67,19.0
2022-11-30 10:00:00,10,26,26,1.0,3.0,20.0,2.0,0.0,1.0,10,8,10,2,12,2,14.833,449.5,221.0,820.0,14.833,4.0,10.98,roster,0,81.0,65.0,0.7232,92.05,4.2949,0.65,0.7286,3.1154,55.77,10.42,26.8,19.07,20.5
2022-11-30 11:00:00,11,26,26,1.0,4.0,20.0,1.0,0.0,1.0,8,7,11,2,13,2,15.833,281.0,150.0,754.0,15.833,4.0,10.98,roster,0,83.0,65.0,0.7685,91.39,4.1102,0.65,0.6375,3.1923,55.77,11.29,26.8,17.53,18.85
2022-11-30 12:00:00,12,30,30,1.0,5.0,22.0,2.0,0.0,1.0,11,7,10,2,12,2,16.833,406.0,210.0,940.0,16.833,4.0,10.98,roster,0,95.0,75.0,0.8482,103.42,4.3938,0.75,0.6375,3.1667,64.35,10.42,26.8,21.86,23.5
2022-11-30 13:00:00,13,31,31,1.0,6.0,21.0,3.0,0.0,1.0,6,7,11,1,12,1,17.833,299.5,229.0,874.0,17.833,4.0,10.98,roster,0,98.0,77.5,0.875,90.64,4.4654,0.775,0.6375,3.1613,66.5,10.42,13.4,20.32,21.85
2022-11-30 14:00:00,14,30,30,1.0,5.0,22.0,2.0,0.0,1.0,8,7,11,1,12,1,18.833,292.0,142.0,596.0,18.833,4.0,10.98,roster,0,95.0,75.0,0.8482,82.03,4.3938,0.75,0.6375,3.1667,64.35,10.42,13.4,13.86,14.9
2022-11-30 15:00:00,15,19,19,0.0,4.0,13.0,2.0,0.0,1.0,2,2,7,1,8,1,10.933,251.5,142.0,521.0,10.933,4.0,10.98,roster,0,59.0,47.5,0.4609,53.21,2.0406,0.475,0.1821,3.1053,40.75,6.95,13.4,12.11,13.025
2022-11-30 16:00:00,16,18,18,0.0,3.0,13.0,2.0,0.0,1.0,7,6,5,1,6,1,11.933,311.5,176.0,415.0,11.933,4.0,10.98,roster,0,55.0,45.0,0.4044,46.87,3.0447,0.45,0.5464,3.0556,38.61,5.21,13.4,9.65,10.375
2022-11-30 17:00:00,17,24,24,1.0,4.0,18.0,1.0,0.0,1.0,10,10,7,2,9,2,12.933,232.0,116.0,289.0,12.933,4.0,10.98,roster,0,77.0,60.0,0.621,72.81,4.847,0.6,0.9107,3.2083,51.48,7.81,26.8,6.72,7.225
2022-11-30 18:00:00,18,21,21,0.0,4.0,16.0,1.0,0.0,1.0,5,4,8,1,9,1,13.933,138.0,92.0,179.0,13.933,4.0,10.98,roster,0,66.0,52.5,0.5323,50.42,2.7949,0.525,0.3643,3.1429,45.04,7.81,13.4,4.16,4.475
2022-11-30 19:00:00,19,19,19,0.0,3.0,15.0,0.0,1.0,1.0,6,3,8,1,9,1,9.183,190.0,145.0,236.0,5.933,4.0,10.98,roster,0,58.0,47.5,0.4677,47.46,2.2841,0.475,0.2732,3.0526,40.75,7.81,13.4,5.49,5.9
2022-11-30 20:00:00,20,25,25,1.0,4.0,17.0,2.0,1.0,1.0,11,11,5,1,6,1,10.183,273.0,212.0,299.0,6.933,4.0,9.65,roster,0,77.0,62.5,0.5662,59.19,5.4359,0.625,1.1399,3.08,53.62,5.21,13.4,6.95,7.475
2022-11-30 21:00:00,21,23,23,1.0,5.0,16.0,0.0,1.0,1.0,10,6,6,1,7,1,11.117,310.0,265.0,359.0,7.933,4.0,9.65,roster,0,74.0,57.5,0.5606,57.16,3.8505,0.575,0.6218,3.2174,49.33,6.08,13.4,8.35,8.975
2022-11-30 22:00:00,22,21,21,1.0,6.0,13.0,0.0,1.0,1.0,8,6,5,2,7,2,12.117,325.0,110.0,419.0,8.933,3.0,6.4,roster,0,69.0,52.5,0.697,67.66,4.8054,0.525,0.9375,3.2857,45.04,6.08,26.8,9.74,10.475
2022-11-30 23:00:00,23,22,22,0.0,8.0,12.0,1.0,1.0,1.0,8,7,5,2,7,2,13.117,385.0,147.0,479.0,9.933,3.0,6.4,roster,0,71.0,55.0,0.7172,71.2,5.3048,0.55,1.0938,3.2273,47.19,6.08,26.8,11.14,11.975
