ts,hour,total,census,l1,l2,l3,l4,l5,tri_coverage,arrivals,arrival_present_1h,waitBed,waitICU,D_board,resus,maxLOS_h,awt_curr_min,board_q1_min,board_q3_min,board_max_h,Na,cap_sum,cap_source,src_gap,acuity,OCCUPANCY,EDWIN,NEDOCS,READI,READI_BR,READI_PR,READI_AR,NEDOCS_t_total,NEDOCS_t_board,NEDOCS_t_resus,NEDOCS_t_longest_admit,NEDOCS_E_h
2023-02-01 00:00:00,0,33,33,2.0,7.0,22.0,1.0,1.0,1.0,10,7,13,2,15,2,51.483,476.0,342.0,1287.0,51.483,3.0,7.51,roster,0,107.0,82.5,1.4267,120.53,5.6972,0.825,0.9321,3.2424,70.78,13.02,26.8,29.92,32.175
2023-02-01 01:00:00,1,32,32,3.0,7.0,20.0,2.0,0.0,1.0,4,4,13,2,15,2,52.483,536.0,402.0,1347.0,52.483,3.0,7.51,roster,0,107.0,80.0,1.4267,119.78,4.456,0.8,0.5326,3.3438,68.64,13.02,26.8,31.32,33.675
2023-02-01 02:00:00,2,27,27,2.0,6.0,19.0,0.0,0.0,1.0,5,3,13,2,15,2,53.483,596.0,462.0,1407.0,53.483,3.0,7.51,roster,0,91.0,67.5,1.2133,110.45,3.6214,0.675,0.3995,3.3704,57.92,13.02,26.8,32.71,35.175
2023-02-01 03:00:00,3,29,29,2.0,7.0,20.0,0.0,0.0,1.0,6,5,13,2,15,2,54.483,656.0,522.0,1467.0,54.483,3.0,7.51,roster,0,98.0,72.5,1.3067,116.14,4.6999,0.725,0.6658,3.3793,62.2,13.02,26.8,34.11,36.675
2023-02-01 04:00:00,4,26,26,2.0,7.0,17.0,0.0,0.0,1.0,3,3,14,2,16,2,55.483,665.0,582.0,1527.0,55.483,3.0,7.51,roster,0,89.0,65.0,1.2361,111.97,3.5924,0.65,0.3995,3.4231,55.77,13.89,26.8,35.5,38.175
2023-02-01 05:00:00,5,27,27,2.0,7.0,18.0,0.0,0.0,1.0,2,1,15,2,17,2,56.483,674.0,586.0,932.0,56.483,3.0,7.51,roster,0,92.0,67.5,1.3333,101.15,2.7537,0.675,0.1332,3.4074,57.92,14.76,26.8,21.67,23.3
2023-02-01 06:00:00,6,26,26,2.0,6.0,18.0,0.0,0.0,1.0,3,1,16,2,18,2,57.483,732.0,579.0,992.0,57.483,3.0,7.51,roster,0,88.0,65.0,1.3333,101.26,2.6507,0.65,0.1332,3.3846,55.77,15.63,26.8,23.06,24.8
2023-02-01 07:00:00,7,27,27,1.0,6.0,19.0,1.0,0.0,1.0,7,5,16,1,17,1,58.483,794.0,706.0,1052.0,58.483,3.0,7.51,roster,0,88.0,67.5,1.2754,90.54,4.3699,0.675,0.6658,3.2593,57.92,14.76,13.4,24.46,26.3
2023-02-01 08:00:00,8,27,27,1.0,6.0,18.0,2.0,0.0,1.0,5,3,18,1,19,1,59.483,850.0,304.0,1112.0,59.483,3.0,6.5,roster,0,87.0,67.5,1.381,93.67,3.6622,0.675,0.4615,3.2222,57.92,16.5,13.4,25.85,27.8
2023-02-01 09:00:00,9,29,29,2.0,6.0,21.0,0.0,0.0,1.0,7,7,16,1,17,1,60.483,914.0,826.0,1172.0,60.483,3.0,6.5,roster,0,97.0,72.5,1.4058,97.62,6.0271,0.725,1.0769,3.3448,62.2,14.76,13.4,27.25,29.3
2023-02-01 10:00:00,10,39,39,4.0,11.0,22.0,2.0,0.0,1.0,17,13,15,2,17,2,61.483,967.0,314.0,1229.0,61.483,4.0,9.82,roster,0,134.0,97.5,1.4565,133.79,7.8985,0.975,1.3238,3.4359,83.66,14.76,26.8,28.57,30.725
2023-02-01 11:00:00,11,47,47,7.0,13.0,27.0,0.0,0.0,1.0,14,14,19,3,22,3,62.483,419.0,119.0,1233.0,62.483,4.0,9.82,roster,0,168.0,117.5,2.3333,168.78,9.296,1.175,1.4257,3.5745,100.82,19.1,40.2,28.67,30.825
2023-02-01 12:00:00,12,48,48,7.0,16.0,24.0,0.0,1.0,1.0,16,15,18,2,20,2,63.483,429.0,145.0,1349.0,63.483,4.0,9.82,roster,0,172.0,120.0,2.15,158.49,9.7735,1.2,1.5275,3.5833,102.96,17.37,26.8,31.36,33.725
2023-02-01 13:00:00,13,52,52,7.0,15.0,30.0,0.0,0.0,1.0,14,12,21,2,23,2,64.483,225.0,119.0,1353.0,64.483,4.0,9.82,roster,0,185.0,130.0,2.7206,169.77,8.9725,1.3,1.222,3.5577,111.54,19.97,26.8,31.46,33.825
2023-02-01 14:00:00,14,51,51,6.0,16.0,29.0,0.0,0.0,1.0,9,9,22,2,24,2,65.483,246.5,145.0,1207.0,65.483,4.0,9.82,roster,0,181.0,127.5,2.8281,165.1,7.7777,1.275,0.9165,3.549,109.39,20.84,26.8,28.06,30.175
2023-02-01 15:00:00,15,46,46,6.0,14.0,26.0,0.0,0.0,1.0,7,5,20,2,22,2,25.533,281.0,192.0,1186.0,25.533,4.0,9.82,roster,0,164.0,115.0,2.2778,152.15,5.9153,1.15,0.5092,3.5652,98.67,19.1,26.8,27.57,29.65
2023-02-01 16:00:00,16,50,50,6.0,14.0,28.0,2.0,0.0,1.0,10,9,20,1,21,1,26.483,330.0,238.0,458.0,26.483,4.0,9.82,roster,0,174.0,125.0,2.2895,129.53,7.5394,1.25,0.9165,3.48,107.25,18.23,13.4,10.65,11.45
2023-02-01 17:00:00,17,48,48,6.0,14.0,25.0,3.0,0.0,1.0,9,7,22,1,23,1,27.483,368.0,285.0,518.0,27.483,4.0,9.82,roster,0,167.0,120.0,2.4559,128.37,6.6551,1.2,0.7128,3.4792,102.96,19.97,13.4,12.04,12.95
2023-02-01 18:00:00,18,46,46,6.0,12.0,24.0,3.0,1.0,1.0,12,12,21,1,22,1,28.483,439.0,341.0,578.0,28.483,4.0,9.82,roster,0,157.0,115.0,2.1806,124.61,8.0957,1.15,1.222,3.413,98.67,19.1,13.4,13.44,14.45
2023-02-01 19:00:00,19,41,41,5.0,10.0,24.0,2.0,0.0,1.0,8,7,21,1,22,1,29.483,449.0,238.0,638.0,29.483,4.0,9.82,roster,0,141.0,102.5,1.9583,115.28,5.9764,1.025,0.7128,3.439,87.94,19.1,13.4,14.83,15.95
2023-02-01 20:00:00,20,29,29,3.0,9.0,13.0,3.0,1.0,1.0,6,6,18,1,19,1,26.167,415.0,170.0,570.0,26.167,4.0,11.05,roster,0,97.0,72.5,1.1548,85.36,4.2412,0.725,0.543,3.3448,62.2,16.5,13.4,13.25,14.25
2023-02-01 21:00:00,21,30,30,3.0,6.0,18.0,2.0,1.0,1.0,8,7,17,1,18,1,27.167,372.0,197.0,573.0,27.167,4.0,11.05,roster,0,98.0,75.0,1.1136,86.7,4.5194,0.75,0.6335,3.2667,64.35,15.63,13.4,13.32,14.325
2023-02-01 22:00:00,22,31,31,3.0,6.0,20.0,1.0,1.0,1.0,9,5,17,1,18,1,28.167,371.5,228.0,585.0,28.167,3.0,7.73,roster,0,102.0,77.5,1.5455,89.13,4.6783,0.775,0.6468,3.2903,66.5,15.63,13.4,13.6,14.625
2023-02-01 23:00:00,23,28,28,2.0,8.0,17.0,0.0,1.0,1.0,5,4,16,0,16,0,29.167,333.5,242.0,641.0,29.167,3.0,7.73,roster,0,94.0,70.0,1.3056,68.86,4.0872,0.7,0.5175,3.3571,60.06,13.89,0.0,14.9,16.025
2023-02-02 00:00:00,0,30,30,2.0,9.0,18.0,0.0,1.0,1.0,5,3,17,1,18,1,30.167,370.0,199.0,538.0,30.167,3.0,7.73,roster,0,101.0,75.0,1.5303,85.89,3.8316,0.75,0.3881,3.3667,64.35,15.63,13.4,12.51,13.45
2023-02-02 01:00:00,1,29,29,2.0,8.0,18.0,0.0,1.0,1.0,2,2,17,1,18,1,31.167,430.0,259.0,598.0,31.167,3.0,7.73,roster,0,97.0,72.5,1.4697,85.14,3.2904,0.725,0.2587,3.3448,62.2,15.63,13.4,13.9,14.95
2023-02-02 02:00:00,2,28,28,2.0,7.0,18.0,0.0,1.0,1.0,2,2,17,0,17,0,32.167,497.0,409.0,658.0,32.167,3.0,7.73,roster,0,93.0,70.0,1.3478,70.12,3.1844,0.7,0.2587,3.3214,60.06,14.76,0.0,15.3,16.45
2023-02-02 03:00:00,3,30,30,2.0,7.0,19.0,1.0,1.0,1.0,4,3,17,0,17,0,33.167,543.0,379.0,718.0,33.167,3.0,7.73,roster,0,98.0,75.0,1.4203,75.8,3.7178,0.75,0.3881,3.2667,64.35,14.76,0.0,16.69,17.95
2023-02-02 04:00:00,4,32,32,2.0,7.0,22.0,0.0,1.0,1.0,5,4,17,0,17,0,34.167,603.0,439.0,778.0,34.167,3.0,7.73,roster,0,105.0,80.0,1.5217,81.49,4.3229,0.8,0.5175,3.2812,68.64,14.76,0.0,18.09,19.45
2023-02-02 05:00:00,5,30,30,2.0,7.0,19.0,1.0,1.0,1.0,2,2,18,0,18,0,35.167,655.5,483.0,838.0,35.167,3.0,7.73,roster,0,98.0,75.0,1.4848,79.46,3.2952,0.75,0.2587,3.2667,64.35,15.63,0.0,19.48,20.95
2023-02-02 06:00:00,6,29,29,2.0,7.0,19.0,0.0,1.0,1.0,1,1,18,0,18,0,36.167,715.5,543.0,898.0,36.167,3.0,7.73,roster,0,96.0,72.5,1.4545,78.71,2.8282,0.725,0.1294,3.3103,62.2,15.63,0.0,20.88,22.45
2023-02-02 07:00:00,7,29,29,2.0,7.0,19.0,0.0,1.0,1.0,3,3,18,0,18,0,37.167,775.5,603.0,958.0,37.167,3.0,7.73,roster,0,96.0,72.5,1.4545,80.11,3.6847,0.725,0.3881,3.3103,62.2,15.63,0.0,22.27,23.95
2023-02-02 08:00:00,8,37,37,2.0,9.0,23.0,2.0,1.0,1.0,11,11,18,1,19,1,38.167,828.0,601.0,1018.0,38.167,3.0,7.33,roster,0,120.0,92.5,1.9048,112.93,7.8671,0.925,1.5007,3.2432,79.36,16.5,13.4,23.67,25.45
2023-02-02 09:00:00,9,42,42,2.0,11.0,27.0,1.0,1.0,1.0,10,9,20,1,21,1,39.167,842.0,602.0,1046.0,39.167,3.0,7.33,roster,0,138.0,105.0,2.4211,126.04,7.4843,1.05,1.2278,3.2857,90.09,18.23,13.4,24.32,26.15
2023-02-02 10:00:00,10,38,38,3.0,9.0,24.0,2.0,0.0,1.0,8,7,21,1,22,1,40.167,844.0,391.0,1077.0,40.167,4.0,10.58,roster,0,127.0,95.0,1.7639,119.05,5.3862,0.95,0.6616,3.3421,81.51,19.1,13.4,25.04,26.925
2023-02-02 11:00:00,11,47,47,3.0,13.0,25.0,6.0,0.0,1.0,16,15,23,1,24,1,41.167,851.0,262.0,1137.0,41.167,4.0,10.58,roster,0,154.0,117.5,2.4062,141.49,8.4955,1.175,1.4178,3.2766,100.82,20.84,13.4,26.44,28.425
2023-02-02 12:00:00,12,53,53,3.0,14.0,28.0,8.0,0.0,1.0,10,10,30,2,32,2,42.167,416.5,106.0,1083.0,42.167,4.0,10.58,roster,0,171.0,132.5,5.3438,173.45,7.3245,1.325,0.9452,3.2264,113.68,27.79,26.8,25.18,27.075
2023-02-02 13:00:00,13,50,50,2.0,13.0,28.0,7.0,0.0,1.0,8,8,29,3,32,3,43.167,297.0,154.0,1128.0,43.167,4.0,10.58,roster,0,160.0,125.0,5.0,181.46,6.4197,1.25,0.7561,3.2,107.25,27.79,40.2,26.23,28.2
2023-02-02 14:00:00,14,48,48,2.0,12.0,27.0,7.0,0.0,1.0,5,5,27,3,30,3,44.167,226.5,189.0,1023.0,44.167,4.0,10.58,roster,0,153.0,120.0,3.825,172.99,5.3314,1.2,0.4726,3.1875,102.96,26.05,40.2,23.78,25.575
2023-02-02 15:00:00,15,40,40,2.0,11.0,23.0,4.0,0.0,1.0,3,3,24,3,27,3,45.167,275.0,181.0,962.0,45.167,4.0,10.58,roster,0,131.0,100.0,2.5192,151.81,4.2036,1.0,0.2836,3.275,85.8,23.44,40.2,22.37,24.05
2023-02-02 16:00:00,16,41,41,3.0,9.0,24.0,5.0,0.0,1.0,10,10,18,3,21,3,29.5,330.0,241.0,751.0,29.5,4.0,10.58,roster,0,133.0,102.5,1.75,143.84,6.3911,1.025,0.9452,3.2439,87.94,18.23,40.2,17.46,18.775
2023-02-02 17:00:00,17,36,36,2.0,9.0,22.0,3.0,0.0,1.0,4,3,18,4,22,4,30.5,372.5,262.0,811.0,30.5,4.0,10.58,roster,0,118.0,90.0,1.6389,148.78,3.8794,0.9,0.2836,3.2778,77.22,19.1,53.6,18.86,20.275
2023-02-02 18:00:00,18,30,30,2.0,7.0,17.0,4.0,0.0,1.0,5,4,18,3,21,3,31.5,429.0,322.0,871.0,31.5,4.0,10.58,roster,0,97.0,75.0,1.2763,123.04,3.6474,0.75,0.3781,3.2333,64.35,18.23,40.2,20.25,21.775
2023-02-02 19:00:00,19,25,25,2.0,6.0,15.0,2.0,0.0,1.0,5,5,15,2,17,2,32.5,496.0,382.0,931.0,32.5,4.0,10.58,roster,0,83.0,62.5,0.9022,96.83,3.644,0.625,0.4726,3.32,53.62,14.76,26.8,21.65,23.275
2023-02-02 20:00:00,20,24,24,2.0,3.0,18.0,1.0,0.0,1.0,9,9,10,1,11,1,33.5,445.0,177.0,1262.0,33.5,4.0,9.65,roster,0,78.0,60.0,0.6724,83.77,4.9811,0.6,0.9326,3.25,51.48,9.55,13.4,29.34,31.55
2023-02-02 21:00:00,21,28,28,2.0,4.0,20.0,2.0,0.0,1.0,10,10,8,1,9,1,34.5,505.0,194.0,1322.0,34.5,4.0,9.65,roster,0,90.0,70.0,0.7258,92.01,5.5809,0.7,1.0363,3.2143,60.06,7.81,13.4,30.74,33.05
2023-02-02 22:00:00,22,27,27,2.0,5.0,19.0,1.0,0.0,1.0,7,6,9,1,10,1,35.5,491.0,144.0,1382.0,35.5,3.0,6.4,roster,0,89.0,67.5,0.9889,92.13,5.3153,0.675,0.9375,3.2963,57.92,8.68,13.4,32.13,34.55
2023-02-02 23:00:00,23,33,33,2.0,5.0,23.0,3.0,0.0,1.0,9,9,11,1,12,1,36.5,395.5,152.0,1442.0,36.5,3.0,6.4,roster,0,105.0,82.5,1.25,108.13,7.0994,0.825,1.4062,3.1818,70.78,10.42,13.4,33.53,36.05
2023-02-03 00:00:00,0,28,28,2.0,5.0,19.0,2.0,0.0,1.0,4,4,11,1,12,1,37.5,319.0,198.0,796.0,37.5,3.0,6.4,roster,0,91.0,70.0,1.0833,82.39,4.3062,0.7,0.625,3.25,60.06,10.42,13.4,18.51,19.9
2023-02-03 01:00:00,1,26,26,2.0,6.0,16.0,2.0,0.0,1.0,2,2,11,1,12,1,38.5,379.0,258.0,856.0,38.5,3.0,6.4,roster,0,86.0,65.0,1.0238,79.49,3.1837,0.65,0.3125,3.3077,55.77,10.42,13.4,19.9,21.4
2023-02-03 02:00:00,2,21,21,3.0,6.0,11.0,1.0,0.0,1.0,2,2,13,1,14,1,39.5,358.0,273.0,805.0,39.5,3.0,6.4,roster,0,74.0,52.5,0.9487,69.32,2.9512,0.525,0.3125,3.5238,45.04,12.16,13.4,18.72,20.125
2023-02-03 03:00:00,3,22,22,3.0,7.0,11.0,1.0,0.0,1.0,2,1,15,1,16,1,40.5,385.0,299.0,865.0,40.5,3.0,6.4,roster,0,78.0,55.0,1.0833,74.59,2.504,0.55,0.1562,3.5455,47.19,13.89,13.4,20.11,21.625
2023-02-03 04:00:00,4,28,28,3.0,7.0,16.0,2.0,0.0,1.0,10,7,15,1,16,1,41.5,445.0,359.0,925.0,41.5,3.0,6.4,roster,0,95.0,70.0,1.3194,88.86,6.0859,0.7,1.0938,3.3929,60.06,13.89,13.4,21.51,23.125
2023-02-03 05:00:00,5,25,25,3.0,7.0,13.0,2.0,0.0,1.0,1,1,15,1,16,1,42.5,505.0,419.0,985.0,42.5,3.0,6.4,roster,0,86.0,62.5,1.1944,83.82,2.6875,0.625,0.1562,3.44,53.62,13.89,13.4,22.9,24.625
2023-02-03 06:00:00,6,25,25,3.0,7.0,13.0,2.0,0.0,1.0,2,1,15,1,16,1,43.5,565.0,479.0,1045.0,43.5,3.0,6.4,roster,0,86.0,62.5,1.1944,85.21,2.6875,0.625,0.1562,3.44,53.62,13.89,13.4,24.3,26.125
2023-02-03 07:00:00,7,29,29,2.0,7.0,17.0,3.0,0.0,1.0,7,6,14,1,15,1,44.5,632.0,539.0,1105.0,44.5,3.0,6.4,roster,0,95.0,72.5,1.2667,94.32,5.4461,0.725,0.9375,3.2759,62.2,13.02,13.4,25.69,27.625
2023-02-03 08:00:00,8,26,26,2.0,7.0,16.0,1.0,0.0,1.0,2,1,16,1,17,1,45.5,678.0,479.0,1017.0,45.5,3.0,7.33,roster,0,88.0,65.0,1.2754,87.58,2.6617,0.65,0.1364,3.3846,55.77,14.76,13.4,23.65,25.425
2023-02-03 09:00:00,9,30,30,2.0,7.0,20.0,1.0,0.0,1.0,6,5,16,1,17,1,46.5,738.0,509.0,1077.0,46.5,3.0,7.33,roster,0,100.0,75.0,1.4493,97.55,4.7738,0.75,0.6821,3.3333,64.35,14.76,13.4,25.04,26.925
2023-02-03 10:00:00,10,37,37,2.0,8.0,25.0,2.0,0.0,1.0,12,11,17,1,18,1,47.5,743.0,230.0,1137.0,47.5,4.0,10.37,roster,0,121.0,92.5,1.375,114.83,6.4939,0.925,1.0608,3.2703,79.36,15.63,13.4,26.44,28.425
2023-02-03 11:00:00,11,37,37,2.0,9.0,25.0,1.0,0.0,1.0,9,9,16,2,18,2,48.5,644.0,167.0,872.0,48.5,4.0,10.37,roster,0,123.0,92.5,1.3977,122.07,5.9601,0.925,0.8679,3.3243,79.36,15.63,26.8,20.27,21.8
2023-02-03 12:00:00,12,37,37,3.0,8.0,24.0,1.0,1.0,1.0,6,6,18,2,20,2,49.5,657.5,182.0,932.0,49.5,4.0,10.37,roster,0,122.0,92.5,1.525,125.2,4.9578,0.925,0.5786,3.2973,79.36,17.37,26.8,21.67,23.3
2023-02-03 13:00:00,13,39,39,3.0,11.0,25.0,0.0,0.0,1.0,12,9,19,2,21,2,50.5,346.0,154.0,978.0,50.5,4.0,10.37,roster,0,134.0,97.5,1.7632,131.43,6.332,0.975,0.8679,3.4359,83.66,18.23,26.8,22.74,24.45
2023-02-03 14:00:00,14,39,39,3.0,9.0,27.0,0.0,0.0,1.0,10,10,18,3,21,3,51.5,266.0,140.0,809.0,51.5,4.0,10.37,roster,0,132.0,97.5,1.7368,140.9,6.5639,0.975,0.9643,3.3846,83.66,18.23,40.2,18.81,20.225
2023-02-03 15:00:00,15,36,36,3.0,9.0,24.0,0.0,0.0,1.0,7,7,17,4,21,4,52.5,223.0,116.0,466.0,52.5,4.0,10.37,roster,0,123.0,90.0,1.6184,139.89,5.3813,0.9,0.675,3.4167,77.22,18.23,53.6,10.83,11.65
2023-02-03 16:00:00,16,36,36,3.0,9.0,24.0,0.0,0.0,1.0,8,8,17,2,19,2,53.5,260.0,141.0,526.0,53.5,4.0,10.37,roster,0,123.0,90.0,1.4643,112.75,5.7108,0.9,0.7715,3.4167,77.22,16.5,26.8,12.23,13.15
2023-02-03 17:00:00,17,41,41,3.0,9.0,28.0,1.0,0.0,1.0,12,8,19,2,21,2,54.5,232.0,157.0,446.0,54.5,4.0,10.37,roster,0,137.0,102.5,1.8026,123.35,6.0028,1.025,0.7715,3.3415,87.94,18.23,26.8,10.37,11.15
2023-02-03 18:00:00,18,37,37,3.0,10.0,24.0,0.0,0.0,1.0,4,4,20,3,23,3,55.5,280.0,153.0,506.0,55.5,4.0,10.37,roster,0,127.0,92.5,1.8676,131.3,4.499,0.925,0.3857,3.4324,79.36,19.97,40.2,11.76,12.65
2023-02-03 19:00:00,19,32,32,3.0,7.0,20.0,2.0,0.0,1.0,5,5,17,2,19,2,56.5,321.0,187.0,566.0,56.5,4.0,10.37,roster,0,107.0,80.0,1.2738,105.1,4.2872,0.8,0.4822,3.3438,68.64,16.5,26.8,13.16,14.15
2023-02-03 20:00:00,20,33,33,2.0,5.0,23.0,3.0,0.0,1.0,10,8,14,1,15,1,57.5,400.0,317.0,626.0,57.5,4.0,10.37,roster,0,105.0,82.5,1.05,91.76,5.0796,0.825,0.7715,3.1818,70.78,13.02,13.4,14.55,15.65
2023-02-03 21:00:00,21,34,34,1.0,3.0,28.0,2.0,0.0,1.0,7,6,13,1,14,1,24.533,395.0,241.0,472.0,24.533,4.0,10.37,roster,0,105.0,85.0,1.0096,89.46,4.4118,0.85,0.5786,3.0882,72.93,12.16,13.4,10.97,11.8
2023-02-03 22:00:00,22,27,27,1.0,4.0,20.0,2.0,0.0,1.0,8,6,8,0,8,0,25.533,379.0,220.0,746.0,25.533,3.0,7.33,roster,0,85.0,67.5,0.8854,62.21,4.7019,0.675,0.8186,3.1481,57.92,6.95,0.0,17.34,18.65
2023-02-03 23:00:00,23,30,30,1.0,2.0,24.0,3.0,0.0,1.0,13,13,7,0,7,0,13.433,280.0,168.0,583.0,13.433,3.0,7.33,roster,0,91.0,75.0,0.9192,63.98,7.6547,0.75,1.7735,3.0333,64.35,6.08,0.0,13.55,14.575
2023-02-04 00:00:00,0,21,21,1.0,2.0,15.0,3.0,0.0,1.0,4,2,6,0,6,0,14.433,307.5,228.0,643.0,14.433,3.0,7.33,roster,0,64.0,52.5,0.6275,45.2,2.4315,0.525,0.2729,3.0476,45.04,5.21,0.0,14.95,16.075
2023-02-04 01:00:00,1,20,20,1.0,1.0,14.0,4.0,0.0,1.0,6,5,6,0,6,0,15.433,367.5,288.0,703.0,15.433,3.0,7.33,roster,0,59.0,50.0,0.5784,44.45,3.4873,0.5,0.6821,2.95,42.9,5.21,0.0,16.34,17.575
2023-02-04 02:00:00,2,22,22,1.0,3.0,14.0,4.0,0.0,1.0,6,5,5,1,6,1,16.433,404.0,272.0,763.0,16.433,3.0,7.33,roster,0,67.0,55.0,0.6569,63.54,3.7524,0.55,0.6821,3.0455,47.19,5.21,13.4,17.74,19.075
2023-02-04 03:00:00,3,22,22,0.0,3.0,17.0,2.0,0.0,1.0,4,5,7,0,7,0,17.433,408.0,72.0,823.0,17.433,3.0,7.33,roster,0,67.0,55.0,0.6768,52.4,3.7524,0.55,0.6821,3.0455,47.19,6.08,0.0,19.13,20.575
2023-02-04 04:00:00,4,17,17,0.0,3.0,11.0,3.0,0.0,1.0,5,3,6,0,6,0,18.433,524.0,392.0,883.0,18.433,3.0,7.33,roster,0,51.0,42.5,0.5,42.2,2.5028,0.425,0.4093,3.0,36.46,5.21,0.0,20.53,22.075
2023-02-04 05:00:00,5,15,15,0.0,3.0,10.0,2.0,0.0,1.0,1,1,8,0,8,0,19.433,490.0,192.0,943.0,19.433,3.0,7.33,roster,0,46.0,37.5,0.4792,41.05,1.5684,0.375,0.1364,3.0667,32.17,6.95,0.0,21.92,23.575
2023-02-04 06:00:00,6,16,16,0.0,3.0,11.0,2.0,0.0,1.0,1,1,9,0,9,0,20.433,512.0,161.0,700.0,20.433,3.0,7.33,roster,0,49.0,40.0,0.5269,38.41,1.6428,0.4,0.1364,3.0625,34.32,7.81,0.0,16.28,17.5
2023-02-04 07:00:00,7,20,20,1.0,4.0,12.0,3.0,0.0,1.0,4,4,10,0,10,0,21.433,442.0,194.0,760.0,21.433,3.0,7.33,roster,0,63.0,50.0,0.7,49.25,3.294,0.5,0.5457,3.15,42.9,8.68,0.0,17.67,19.0
2023-02-04 08:00:00,8,17,17,1.0,4.0,10.0,2.0,0.0,1.0,4,4,9,0,9,0,22.433,632.0,281.0,820.0,22.433,3.0,7.68,roster,0,55.0,42.5,0.5914,43.34,3.06,0.425,0.5208,3.2353,36.46,7.81,0.0,19.07,20.5
2023-02-04 09:00:00,9,20,20,1.0,3.0,13.0,3.0,0.0,1.0,9,7,10,0,10,0,23.433,562.0,201.0,880.0,23.433,3.0,7.68,roster,0,62.0,50.0,0.6889,52.04,4.3755,0.5,0.9115,3.1,42.9,8.68,0.0,20.46,22.0
2023-02-04 10:00:00,10,33,33,1.0,8.0,22.0,2.0,0.0,1.0,16,16,11,0,11,0,20.717,401.0,125.0,828.0,20.717,4.0,11.38,roster,0,107.0,82.5,0.9224,79.59,7.2338,0.825,1.406,3.2424,70.78,9.55,0.0,19.25,20.7
2023-02-04 11:00:00,11,41,41,3.0,11.0,26.0,1.0,0.0,1.0,13,13,12,3,15,3,21.717,177.0,101.0,552.0,21.717,4.0,11.38,roster,0,139.0,102.5,1.39,134.0,7.3479,1.025,1.1424,3.3902,87.94,13.02,40.2,12.83,13.8
2023-02-04 12:00:00,12,40,40,4.0,12.0,22.0,2.0,0.0,1.0,10,8,11,3,14,3,10.0,147.0,108.0,233.0,8.683,4.0,11.38,roster,0,138.0,100.0,1.3269,123.57,5.8753,1.0,0.703,3.45,85.8,12.16,40.2,5.42,5.825
2023-02-04 13:00:00,13,40,40,4.0,10.0,23.0,2.0,1.0,1.0,11,10,10,2,12,2,11.0,207.0,157.0,297.0,9.683,4.0,11.38,roster,0,134.0,100.0,1.1964,109.92,6.2938,1.0,0.8787,3.35,85.8,10.42,26.8,6.91,7.425
2023-02-04 14:00:00,14,33,33,4.0,7.0,19.0,1.0,2.0,1.0,9,9,10,1,11,1,12.0,202.0,89.0,292.0,7.417,4.0,11.38,roster,0,109.0,82.5,0.9397,80.53,5.3372,0.825,0.7909,3.303,70.78,9.55,13.4,6.79,7.3
2023-02-04 15:00:00,15,28,28,2.0,8.0,15.0,2.0,1.0,1.0,8,8,7,1,8,1,13.0,147.0,125.0,184.0,5.867,4.0,11.38,roster,0,92.0,70.0,0.7188,64.68,4.6098,0.7,0.703,3.2857,60.06,6.95,13.4,4.28,4.6
2023-02-04 16:00:00,16,24,24,2.0,7.0,13.0,2.0,0.0,1.0,7,5,6,1,7,1,14.0,205.0,157.0,212.0,6.867,4.0,11.38,roster,0,81.0,60.0,0.6136,55.89,3.5079,0.6,0.4394,3.375,51.48,6.08,13.4,4.93,5.3
2023-02-04 17:00:00,17,31,31,2.0,8.0,17.0,4.0,0.0,1.0,14,11,6,1,7,1,15.0,222.0,158.0,269.0,7.867,4.0,11.38,roster,0,101.0,77.5,0.7652,72.23,5.6743,0.775,0.9666,3.2581,66.5,6.08,13.4,6.25,6.725
2023-02-04 18:00:00,18,28,28,1.0,8.0,16.0,3.0,0.0,1.0,11,11,8,0,8,0,9.167,185.0,105.0,282.0,5.483,4.0,11.38,roster,0,91.0,70.0,0.7109,53.56,5.4165,0.7,0.9666,3.25,60.06,6.95,0.0,6.56,7.05
2023-02-04 19:00:00,19,32,32,2.0,7.0,19.0,3.0,1.0,1.0,12,12,8,0,8,0,10.167,188.5,143.0,337.0,5.7,4.0,11.38,roster,0,102.0,80.0,0.7969,63.42,5.9112,0.8,1.0545,3.1875,68.64,6.95,0.0,7.84,8.425
2023-02-04 20:00:00,20,31,31,1.0,8.0,18.0,4.0,0.0,1.0,10,10,6,0,6,0,11.167,171.0,119.0,203.0,3.75,4.0,12.55,roster,0,99.0,77.5,0.7279,56.42,5.0197,0.775,0.7968,3.1935,66.5,5.21,0.0,4.72,5.075
2023-02-04 21:00:00,21,31,31,0.0,9.0,19.0,3.0,0.0,1.0,14,12,6,0,6,0,12.167,169.0,97.0,252.0,4.75,4.0,12.55,roster,0,99.0,77.5,0.7279,57.56,5.5286,0.775,0.9562,3.1935,66.5,5.21,0.0,5.86,6.3
2023-02-04 22:00:00,22,24,24,0.0,7.0,15.0,2.0,0.0,1.0,10,7,7,0,7,0,13.167,148.0,71.0,270.0,5.75,3.0,8.85,roster,0,77.0,60.0,0.7778,43.84,4.4627,0.6,0.791,3.2083,51.48,6.08,0.0,6.28,6.75
2023-02-04 23:00:00,23,20,20,0.0,5.0,14.0,1.0,0.0,1.0,11,6,4,0,4,0,14.167,186.5,165.0,330.0,5.5,3.0,8.85,roster,0,64.0,50.0,0.5926,34.05,3.7695,0.5,0.678,3.2,42.9,3.47,0.0,7.67,8.25
2023-02-05 00:00:00,0,22,22,0.0,4.0,15.0,3.0,0.0,1.0,9,7,7,0,7,0,15.167,191.0,75.0,268.0,6.5,3.0,8.85,roster,0,67.0,55.0,0.6768,39.5,4.0838,0.55,0.791,3.0455,47.19,6.08,0.0,6.23,6.7
2023-02-05 01:00:00,1,22,22,0.0,5.0,15.0,2.0,0.0,1.0,6,5,8,0,8,0,16.167,196.0,135.0,328.0,7.5,3.0,8.85,roster,0,69.0,55.0,0.7188,41.76,3.497,0.55,0.565,3.1364,47.19,6.95,0.0,7.63,8.2
2023-02-05 02:00:00,2,23,23,0.0,8.0,13.0,2.0,0.0,1.0,6,6,9,0,9,0,17.167,201.0,190.0,345.0,8.5,3.0,8.85,roster,0,75.0,57.5,0.8065,45.17,4.0858,0.575,0.678,3.2609,49.33,7.81,0.0,8.02,8.625
2023-02-05 03:00:00,3,19,19,0.0,5.0,13.0,1.0,0.0,1.0,3,4,10,0,10,0,18.167,258.0,222.0,405.0,9.5,3.0,8.85,roster,0,61.0,47.5,0.6778,38.85,2.9761,0.475,0.452,3.2105,40.75,8.68,0.0,9.42,10.125
2023-02-05 04:00:00,4,19,19,0.0,7.0,11.0,1.0,0.0,1.0,4,4,11,0,11,0,19.167,315.0,217.0,465.0,10.5,3.0,8.85,roster,0,63.0,47.5,0.7241,41.12,3.0737,0.475,0.452,3.3158,40.75,9.55,0.0,10.81,11.625
2023-02-05 05:00:00,5,22,22,1.0,7.0,13.0,1.0,0.0,1.0,3,3,12,0,12,0,20.167,372.5,277.0,525.0,11.5,3.0,8.85,roster,0,74.0,55.0,0.881,49.82,2.9902,0.55,0.339,3.3636,47.19,10.42,0.0,12.21,13.125
2023-02-05 06:00:00,6,18,18,0.0,6.0,11.0,1.0,0.0,1.0,4,2,12,0,12,0,21.167,432.5,337.0,585.0,12.5,3.0,8.85,roster,0,59.0,45.0,0.7024,42.63,2.2157,0.45,0.226,3.2778,38.61,10.42,0.0,13.6,14.625
2023-02-05 07:00:00,7,18,18,0.0,6.0,11.0,1.0,0.0,1.0,2,0,12,0,12,0,22.167,492.5,397.0,645.0,13.5,3.0,8.85,roster,0,59.0,45.0,0.7024,44.03,1.475,0.45,0.0,3.2778,38.61,10.42,0.0,15.0,16.125
2023-02-05 08:00:00,8,23,23,3.0,5.0,14.0,1.0,0.0,1.0,8,8,12,0,12,0,23.167,552.5,457.0,705.0,14.5,3.0,6.67,roster,0,79.0,57.5,0.9405,56.15,6.0947,0.575,1.1994,3.4348,49.33,10.42,0.0,16.39,17.625
2023-02-05 09:00:00,9,19,19,3.0,3.0,12.0,1.0,0.0,1.0,3,2,8,3,11,3,24.167,517.0,105.0,731.0,15.5,3.0,6.67,roster,0,65.0,47.5,0.7471,87.5,2.6508,0.475,0.2999,3.4211,40.75,9.55,40.2,17.0,18.275
2023-02-05 10:00:00,10,19,19,2.0,2.0,14.0,1.0,0.0,1.0,8,7,6,2,8,2,25.167,470.5,143.0,791.0,16.5,4.0,9.99,roster,0,62.0,47.5,0.4844,72.89,3.8365,0.475,0.7007,3.2632,40.75,6.95,26.8,18.39,19.775
2023-02-05 11:00:00,11,26,26,2.0,2.0,21.0,1.0,0.0,1.0,16,11,8,2,10,2,26.167,198.5,83.0,637.0,17.5,4.0,9.99,roster,0,83.0,65.0,0.6917,86.06,5.5901,0.65,1.1011,3.1923,55.77,8.68,26.8,14.81,15.925
2023-02-05 12:00:00,12,31,31,3.0,2.0,25.0,1.0,0.0,1.0,15,13,9,1,10,1,27.167,189.0,127.0,697.0,18.5,4.0,9.99,roster,0,100.0,77.5,0.8333,84.78,6.6977,0.775,1.3013,3.2258,66.5,8.68,13.4,16.21,17.425
2023-02-05 13:00:00,13,25,25,3.0,3.0,17.0,2.0,0.0,1.0,11,8,9,3,12,3,28.167,169.5,105.0,295.0,16.183,4.0,9.99,roster,0,82.0,62.5,0.7321,91.1,4.6766,0.625,0.8008,3.28,53.62,10.42,40.2,6.86,7.375
2023-02-05 14:00:00,14,30,30,3.0,3.0,20.0,3.0,1.0,1.0,12,11,8,3,11,3,29.167,247.0,161.0,355.0,17.183,4.0,9.99,roster,0,94.0,75.0,0.8103,102.36,5.8001,0.75,1.1011,3.1333,64.35,9.55,40.2,8.25,8.875
2023-02-05 15:00:00,15,27,27,3.0,2.0,20.0,2.0,0.0,1.0,8,7,8,3,11,3,30.167,307.0,218.0,415.0,18.183,4.0,9.99,roster,0,87.0,67.5,0.75,97.32,4.4328,0.675,0.7007,3.2222,57.92,9.55,40.2,9.65,10.375
2023-02-05 16:00:00,16,26,26,2.0,1.0,18.0,5.0,0.0,1.0,10,7,9,2,11,2,31.167,285.0,128.0,475.0,19.183,4.0,9.99,roster,0,78.0,65.0,0.6724,83.17,4.0521,0.65,0.7007,3.0,55.77,9.55,26.8,11.04,11.875
2023-02-05 17:00:00,17,21,21,2.0,1.0,15.0,3.0,0.0,1.0,11,6,8,2,10,2,32.167,386.0,305.0,535.0,20.183,4.0,9.99,roster,0,65.0,52.5,0.5417,72.97,3.484,0.525,0.6006,3.0952,45.04,8.68,26.8,12.44,13.375
2023-02-05 18:00:00,18,25,25,2.0,2.0,18.0,3.0,0.0,1.0,8,7,8,2,10,2,33.167,446.0,365.0,595.0,21.183,4.0,9.99,roster,0,78.0,62.5,0.65,82.94,4.1362,0.625,0.7007,3.12,53.62,8.68,26.8,13.83,14.875
2023-02-05 19:00:00,19,27,27,1.0,3.0,20.0,3.0,0.0,1.0,8,8,10,1,11,1,34.167,465.0,96.0,655.0,22.183,4.0,9.99,roster,0,83.0,67.5,0.7155,76.1,4.5367,0.675,0.8008,3.0741,57.92,9.55,13.4,15.23,16.375
2023-02-05 20:00:00,20,35,35,0.0,4.0,24.0,6.0,1.0,1.0,15,14,14,0,14,0,35.167,236.5,116.0,607.0,23.183,4.0,12.27,roster,0,101.0,87.5,0.9712,81.34,5.8176,0.875,1.141,2.8857,75.08,12.16,0.0,14.11,15.175
2023-02-05 21:00:00,21,38,38,0.0,6.0,25.0,6.0,1.0,1.0,9,9,15,2,17,2,36.167,209.0,148.0,585.0,24.183,4.0,12.27,roster,0,112.0,95.0,1.2174,116.67,4.9619,0.95,0.7335,2.9474,81.51,14.76,26.8,13.6,14.625
2023-02-05 22:00:00,22,41,41,0.0,6.0,26.0,8.0,1.0,1.0,13,12,15,2,17,2,37.167,253.0,160.0,645.0,25.183,3.0,8.95,roster,0,119.0,102.5,1.7246,124.5,6.8665,1.025,1.3408,2.9024,87.94,14.76,26.8,15.0,16.125
2023-02-05 23:00:00,23,44,44,0.0,6.0,31.0,6.0,1.0,1.0,12,9,14,3,17,3,38.167,296.0,210.0,665.0,26.183,3.0,8.95,roster,0,130.0,110.0,1.8841,144.8,6.2211,1.1,1.0056,2.9545,94.38,14.76,40.2,15.46,16.625
2023-02-06 00:00:00,0,39,39,0.0,7.0,26.0,5.0,1.0,1.0,6,4,14,4,18,4,39.167,341.5,249.0,557.0,27.183,3.0,8.95,roster,0,117.0,97.5,1.7727,145.83,4.2658,0.975,0.4469,3.0,83.66,15.63,53.6,12.95,13.925
2023-02-06 01:00:00,1,30,30,0.0,6.0,19.0,4.0,1.0,1.0,6,2,15,4,19,4,40.167,388.0,271.0,617.0,28.183,3.0,8.95,roster,0,90.0,75.0,1.4286,128.79,2.9204,0.75,0.2235,3.0,64.35,16.5,53.6,14.35,15.425
2023-02-06 02:00:00,2,27,27,0.0,6.0,16.0,4.0,1.0,1.0,4,2,15,3,18,3,41.167,461.5,369.0,677.0,29.183,3.0,8.95,roster,0,81.0,67.5,1.2273,109.48,2.6954,0.675,0.2235,3.0,57.92,15.63,40.2,15.74,16.925
2023-02-06 03:00:00,3,26,26,0.0,4.0,17.0,4.0,1.0,1.0,4,3,15,2,17,2,42.167,535.0,432.0,737.0,30.183,3.0,8.95,roster,0,76.0,65.0,1.1014,94.47,2.8798,0.65,0.3352,2.9231,55.77,14.76,26.8,17.14,18.425
2023-02-06 04:00:00,4,23,23,0.0,4.0,14.0,4.0,1.0,1.0,0,0,15,1,16,1,43.167,595.5,510.0,965.0,31.183,3.0,8.95,roster,0,67.0,57.5,0.9306,79.06,1.675,0.575,0.0,2.913,49.33,13.89,13.4,22.44,24.125
2023-02-06 05:00:00,5,25,25,0.0,4.0,16.0,4.0,1.0,1.0,3,3,15,1,16,1,44.167,655.5,570.0,1025.0,32.183,3.0,8.95,roster,0,73.0,62.5,1.0139,84.75,2.8038,0.625,0.3352,2.92,53.62,13.89,13.4,23.83,25.625
2023-02-06 06:00:00,6,29,29,1.0,5.0,18.0,4.0,1.0,1.0,4,4,16,1,17,1,45.167,715.0,612.0,917.0,33.183,3.0,8.95,roster,0,88.0,72.5,1.2754,91.69,3.5562,0.725,0.4469,3.0345,62.2,14.76,13.4,21.32,22.925
2023-02-06 07:00:00,7,25,25,0.0,3.0,16.0,5.0,1.0,1.0,2,2,16,1,17,1,46.167,775.0,672.0,977.0,34.183,3.0,8.95,roster,0,71.0,62.5,1.029,84.5,2.4096,0.625,0.2235,2.84,53.62,14.76,13.4,22.72,24.425
2023-02-06 08:00:00,8,24,24,0.0,3.0,15.0,5.0,1.0,1.0,2,1,16,1,17,1,47.167,835.0,732.0,1037.0,35.183,3.0,7.51,roster,0,68.0,60.0,0.9855,83.75,2.0773,0.6,0.1332,2.8333,51.48,14.76,13.4,24.11,25.925
2023-02-06 09:00:00,9,26,26,1.0,3.0,16.0,5.0,1.0,1.0,5,5,15,1,16,1,48.167,881.5,792.0,1097.0,36.183,3.0,7.51,roster,0,76.0,65.0,1.0556,88.57,3.8461,0.65,0.6658,2.9231,55.77,13.89,13.4,25.51,27.425
2023-02-06 10:00:00,10,34,34,3.0,6.0,17.0,8.0,0.0,1.0,9,9,17,2,19,2,49.167,880.0,601.0,989.0,37.183,4.0,7.51,roster,0,106.0,85.0,1.2619,119.22,6.3862,0.85,1.1984,3.1176,72.93,16.5,26.8,22.99,24.725
2023-02-06 11:00:00,11,42,42,3.0,6.0,22.0,11.0,0.0,1.0,17,12,19,4,23,4,38.183,871.0,151.0,1016.0,38.183,4.0,7.51,roster,0,127.0,105.0,1.8676,167.28,8.0067,1.05,1.5979,3.0238,90.09,19.97,53.6,23.62,25.4
2023-02-06 12:00:00,12,44,44,3.0,7.0,22.0,12.0,0.0,1.0,5,5,20,4,24,4,39.183,875.5,211.0,1076.0,39.183,4.0,7.51,roster,0,133.0,110.0,2.0781,173.84,5.3375,1.1,0.6658,3.0227,94.38,20.84,53.6,25.02,26.9
2023-02-06 13:00:00,13,45,45,3.0,6.0,24.0,12.0,0.0,1.0,9,7,19,3,22,3,27.117,935.5,271.0,1135.0,27.117,4.0,7.51,roster,0,135.0,112.5,1.875,162.22,6.1713,1.125,0.9321,3.0,96.52,19.1,40.2,26.39,28.375
2023-02-06 14:00:00,14,40,40,3.0,6.0,20.0,11.0,0.0,1.0,6,6,19,2,21,2,28.117,586.0,252.0,1168.0,28.117,4.0,7.51,roster,0,121.0,100.0,1.5921,137.99,5.4418,1.0,0.7989,3.025,85.8,18.23,26.8,27.16,29.2
2023-02-06 15:00:00,15,43,43,4.0,5.0,23.0,11.0,0.0,1.0,8,8,20,2,22,2,29.117,401.5,303.0,1228.0,29.117,4.0,7.51,roster,0,131.0,107.5,1.8194,146.69,6.5203,1.075,1.0652,3.0465,92.24,19.1,26.8,28.55,30.7
2023-02-06 16:00:00,16,40,40,3.0,5.0,23.0,9.0,0.0,1.0,9,9,18,1,19,1,28.083,397.0,129.0,1171.0,28.083,4.0,7.51,roster,0,122.0,100.0,1.4524,122.92,6.7051,1.0,1.1984,3.05,85.8,16.5,13.4,27.23,29.275
2023-02-06 17:00:00,17,42,42,4.0,4.0,25.0,8.0,1.0,1.0,6,6,21,1,22,1,29.083,341.5,143.0,766.0,29.083,4.0,7.51,roster,0,128.0,105.0,1.7778,120.4,5.6348,1.05,0.7989,3.0476,90.09,19.1,13.4,17.81,19.15
2023-02-06 18:00:00,18,43,43,5.0,7.0,26.0,4.0,1.0,1.0,10,10,17,1,18,1,30.083,286.5,167.0,571.0,30.083,4.0,7.51,roster,0,140.0,107.5,1.5909,114.54,7.8353,1.075,1.3316,3.2558,92.24,15.63,13.4,13.28,14.275
2023-02-06 19:00:00,19,41,41,4.0,8.0,26.0,3.0,0.0,1.0,7,7,19,1,20,1,31.083,230.0,127.0,547.0,31.083,4.0,7.51,roster,0,136.0,102.5,1.7,111.43,6.4918,1.025,0.9321,3.3171,87.94,17.37,13.4,12.72,13.675
2023-02-06 20:00:00,20,45,45,5.0,6.0,30.0,4.0,0.0,1.0,12,10,20,1,21,1,32.083,287.0,172.0,452.0,32.083,4.0,7.01,roster,0,147.0,112.5,1.9342,118.67,8.335,1.125,1.4265,3.2667,96.52,18.23,13.4,10.51,11.3
2023-02-06 21:00:00,21,39,39,4.0,6.0,27.0,2.0,0.0,1.0,10,9,19,1,20,1,33.083,340.0,232.0,512.0,33.083,4.0,7.01,roster,0,129.0,97.5,1.6125,106.33,7.4717,0.975,1.2839,3.3077,83.66,17.37,13.4,11.9,12.8
2023-02-06 22:00:00,22,42,42,5.0,5.0,29.0,3.0,0.0,1.0,13,12,19,1,20,1,34.083,388.5,275.0,572.0,34.083,3.0,7.01,roster,0,138.0,105.0,2.3,114.16,9.0746,1.05,1.7118,3.2857,90.09,17.37,13.4,13.3,14.3
2023-02-06 23:00:00,23,40,40,5.0,5.0,27.0,3.0,0.0,1.0,12,11,19,2,21,2,35.083,444.0,208.0,510.0,35.083,3.0,7.01,roster,0,132.0,100.0,2.3158,122.69,8.4783,1.0,1.5692,3.3,85.8,18.23,26.8,11.86,12.75
2023-02-07 00:00:00,0,38,38,5.0,6.0,25.0,2.0,0.0,1.0,12,4,21,2,23,2,36.083,492.0,156.0,570.0,36.083,3.0,7.01,roster,0,128.0,95.0,2.5098,121.53,5.1221,0.95,0.5706,3.3684,81.51,19.97,26.8,13.25,14.25
2023-02-07 01:00:00,1,33,33,5.0,6.0,20.0,2.0,0.0,1.0,2,1,21,2,23,2,37.083,552.0,216.0,630.0,37.083,3.0,7.01,roster,0,113.0,82.5,2.2157,112.2,3.3135,0.825,0.1427,3.4242,70.78,19.97,26.8,14.65,15.75
2023-02-07 02:00:00,2,38,38,5.0,5.0,25.0,3.0,0.0,1.0,8,7,22,2,24,2,38.083,579.5,276.0,690.0,38.083,3.0,7.01,roster,0,126.0,95.0,2.625,125.19,6.4611,0.95,0.9986,3.3158,81.51,20.84,26.8,16.04,17.25
2023-02-07 03:00:00,3,38,38,5.0,6.0,25.0,2.0,0.0,1.0,4,4,23,2,25,2,39.083,607.0,330.0,743.0,39.083,3.0,7.01,roster,0,128.0,95.0,2.8444,127.29,5.1221,0.95,0.5706,3.3684,81.51,21.71,26.8,17.27,18.575
2023-02-07 04:00:00,4,39,39,5.0,6.0,27.0,1.0,0.0,1.0,5,4,22,3,25,3,40.083,667.0,390.0,803.0,40.083,3.0,7.01,roster,0,132.0,97.5,2.9333,144.23,5.2313,0.975,0.5706,3.3846,83.66,21.71,40.2,18.67,20.075
2023-02-07 05:00:00,5,36,36,5.0,6.0,25.0,0.0,0.0,1.0,1,1,24,3,27,3,41.083,712.0,400.0,863.0,41.083,3.0,7.01,roster,0,124.0,90.0,3.1795,140.93,3.5914,0.9,0.1427,3.4444,77.22,23.44,40.2,20.06,21.575
2023-02-07 06:00:00,6,35,35,5.0,6.0,24.0,0.0,0.0,1.0,0,0,25,3,28,3,42.083,763.5,460.0,923.0,42.083,3.0,7.01,roster,0,121.0,87.5,3.3611,141.05,3.025,0.875,0.0,3.4571,75.08,24.31,40.2,21.46,23.075
2023-02-07 07:00:00,7,37,37,5.0,6.0,26.0,0.0,0.0,1.0,4,3,24,3,27,3,43.083,832.0,502.0,983.0,43.083,3.0,7.01,roster,0,127.0,92.5,3.2564,145.86,4.6439,0.925,0.428,3.4324,79.36,23.44,40.2,22.85,24.575
2023-02-07 08:00:00,8,37,37,5.0,6.0,26.0,0.0,0.0,1.0,2,2,24,3,27,3,44.083,892.0,562.0,1043.0,44.083,3.0,6.43,roster,0,127.0,92.5,3.2564,147.26,4.2426,0.925,0.311,3.4324,79.36,23.44,40.2,24.25,26.075
2023-02-07 09:00:00,9,45,45,5.0,7.0,32.0,1.0,0.0,1.0,11,10,24,3,27,3,45.083,952.0,622.0,1103.0,45.083,3.0,6.43,roster,0,151.0,112.5,3.8718,165.81,8.9936,1.125,1.5552,3.3556,96.52,23.44,40.2,25.64,27.575
2023-02-07 10:00:00,10,53,53,6.0,8.0,39.0,0.0,0.0,1.0,16,15,24,3,27,3,46.083,995.0,509.0,1133.0,46.083,4.0,9.68,roster,0,179.0,132.5,3.4423,183.67,9.7085,1.325,1.5496,3.3774,113.68,23.44,40.2,26.34,28.325
2023-02-07 11:00:00,11,51,51,5.0,8.0,37.0,1.0,0.0,1.0,10,10,27,3,30,3,47.083,910.5,376.0,1187.0,47.083,4.0,9.68,roster,0,170.0,127.5,4.25,183.24,7.6935,1.275,1.0331,3.3333,109.39,26.05,40.2,27.6,29.675
2023-02-07 12:00:00,12,52,52,4.0,8.0,38.0,2.0,0.0,1.0,8,7,27,3,30,3,31.767,813.5,180.0,1224.0,31.767,4.0,9.68,roster,0,170.0,130.0,4.25,186.25,6.6141,1.3,0.7231,3.2692,111.54,26.05,40.2,28.46,30.6
2023-02-07 13:00:00,13,50,50,3.0,8.0,37.0,2.0,0.0,1.0,8,8,28,3,31,3,32.767,689.0,196.0,1272.0,32.767,4.0,9.68,roster,0,162.0,125.0,4.5,183.94,6.7277,1.25,0.8264,3.24,107.25,26.92,40.2,29.57,31.8
2023-02-07 14:00:00,14,54,54,1.0,10.0,39.0,4.0,0.0,1.0,11,11,27,2,29,2,33.767,708.0,245.0,1252.0,33.767,4.0,9.68,roster,0,170.0,135.0,3.8636,176.92,7.8274,1.35,1.1364,3.1481,115.83,25.18,26.8,29.11,31.3
2023-02-07 15:00:00,15,62,62,3.0,11.0,43.0,5.0,0.0,1.0,14,14,26,2,28,2,34.767,501.0,284.0,1133.0,34.767,4.0,9.68,roster,0,198.0,155.0,4.125,190.44,9.5688,1.55,1.4463,3.1935,132.99,24.31,26.8,26.34,28.325
2023-02-07 16:00:00,16,66,66,3.0,11.0,46.0,6.0,0.0,1.0,11,11,29,2,31,2,30.617,365.0,146.0,869.0,30.617,4.0,9.68,roster,0,209.0,165.0,5.8056,195.49,8.8235,1.65,1.1364,3.1667,141.57,26.92,26.8,20.2,21.725
2023-02-07 17:00:00,17,65,65,4.0,11.0,45.0,5.0,0.0,1.0,4,4,31,2,33,2,31.617,407.0,177.0,888.0,31.617,4.0,9.68,roster,0,209.0,162.5,7.4643,195.53,6.5537,1.625,0.4132,3.2154,139.42,28.65,26.8,20.65,22.2
2023-02-07 18:00:00,18,62,62,4.0,13.0,39.0,6.0,0.0,1.0,12,12,29,1,30,1,32.617,402.0,197.0,566.0,32.617,4.0,9.68,roster,0,201.0,155.0,5.025,165.6,9.0439,1.55,1.2397,3.2419,132.99,26.05,13.4,13.16,14.15
2023-02-07 19:00:00,19,60,60,3.0,13.0,38.0,6.0,0.0,1.0,10,8,35,2,37,2,33.617,326.0,215.0,577.0,33.617,4.0,9.68,roster,0,193.0,150.0,16.0833,181.04,7.4834,1.5,0.8264,3.2167,128.7,32.13,26.8,13.42,14.425
2023-02-07 20:00:00,20,55,55,2.0,12.0,34.0,6.0,1.0,1.0,10,9,35,1,36,1,34.617,403.5,278.0,660.0,34.617,4.0,11.59,roster,0,173.0,137.5,10.8125,157.98,6.7675,1.375,0.7765,3.1455,117.98,31.26,13.4,15.34,16.5
2023-02-07 21:00:00,21,59,59,2.0,14.0,34.0,7.0,2.0,1.0,10,10,35,1,36,1,35.617,440.5,306.0,697.0,35.617,4.0,11.59,roster,0,184.0,147.5,11.5,167.42,7.2908,1.475,0.8628,3.1186,126.56,31.26,13.4,16.21,17.425
2023-02-07 22:00:00,22,56,56,1.0,11.0,40.0,2.0,2.0,1.0,13,13,32,1,33,1,36.617,506.0,366.0,757.0,36.617,3.0,8.34,roster,0,175.0,140.0,8.3333,159.77,9.2461,1.4,1.5588,3.125,120.12,28.65,13.4,17.6,18.925
2023-02-07 23:00:00,23,56,56,2.0,12.0,40.0,1.0,1.0,1.0,8,8,33,1,34,1,37.617,560.5,363.0,817.0,37.617,3.0,8.34,roster,0,181.0,140.0,10.0556,162.04,7.6254,1.4,0.9592,3.2321,120.12,29.52,13.4,19.0,20.425
2023-02-08 00:00:00,0,48,48,2.0,11.0,32.0,2.0,1.0,1.0,7,5,34,2,36,2,38.617,606.0,406.0,877.0,38.617,3.0,8.34,roster,0,155.0,120.0,12.9167,161.41,5.811,1.2,0.5995,3.2292,102.96,31.26,26.8,20.39,21.925
2023-02-08 01:00:00,1,47,47,2.0,11.0,32.0,1.0,1.0,1.0,4,4,34,2,36,2,39.617,666.0,466.0,937.0,39.617,3.0,8.34,roster,0,153.0,117.5,12.75,160.66,5.3863,1.175,0.4796,3.2553,100.82,31.26,26.8,21.79,23.425
2023-02-08 02:00:00,2,49,49,4.0,11.0,29.0,3.0,2.0,1.0,6,6,33,2,35,2,40.617,735.0,526.0,997.0,40.617,3.0,8.34,roster,0,159.0,122.5,10.6,165.48,6.3095,1.225,0.7194,3.2449,105.1,30.39,26.8,23.18,24.925
2023-02-08 03:00:00,3,48,48,4.0,11.0,31.0,1.0,1.0,1.0,7,5,33,4,37,4,41.617,777.0,578.0,1036.0,41.617,3.0,8.34,roster,0,160.0,120.0,17.7778,192.77,5.9984,1.2,0.5995,3.3333,102.96,32.13,53.6,24.09,25.9
2023-02-08 04:00:00,4,47,47,4.0,11.0,29.0,2.0,1.0,1.0,4,2,33,4,37,4,42.617,837.0,638.0,1096.0,42.617,3.0,8.34,roster,0,156.0,117.5,17.3333,192.02,4.696,1.175,0.2398,3.3191,100.82,32.13,53.6,25.48,27.4
2023-02-08 05:00:00,5,46,46,4.0,11.0,28.0,2.0,1.0,1.0,1,1,33,4,37,4,43.617,897.0,698.0,1156.0,43.617,3.0,8.34,roster,0,153.0,115.0,17.0,191.27,4.2238,1.15,0.1199,3.3261,98.67,32.13,53.6,26.88,28.9
2023-02-08 06:00:00,6,47,47,4.0,11.0,29.0,2.0,1.0,1.0,3,2,33,4,37,4,44.617,957.0,758.0,1216.0,44.617,3.0,8.34,roster,0,156.0,117.5,17.3333,194.81,4.696,1.175,0.2398,3.3191,100.82,32.13,53.6,28.27,30.4
2023-02-08 07:00:00,7,44,44,3.0,10.0,29.0,1.0,1.0,1.0,1,1,33,3,36,3,45.617,1026.0,826.0,1297.0,45.617,3.0,8.34,roster,0,145.0,110.0,12.0833,175.99,4.0201,1.1,0.1199,3.2955,94.38,31.26,40.2,30.16,32.425
2023-02-08 08:00:00,8,51,51,3.0,11.0,33.0,3.0,1.0,1.0,7,7,34,3,37,3,46.617,1077.0,878.0,1336.0,46.617,3.0,6.43,roster,0,165.0,127.5,18.3333,192.78,7.6471,1.275,1.0886,3.2353,109.39,32.13,40.2,31.06,33.4
2023-02-08 09:00:00,9,56,56,3.0,12.0,37.0,4.0,0.0,1.0,9,9,36,3,39,3,47.617,1099.0,914.0,1396.0,47.617,3.0,6.43,roster,0,182.0,140.0,60.6667,206.64,9.099,1.4,1.3997,3.25,120.12,33.86,40.2,32.46,34.9
2023-02-08 10:00:00,10,60,60,3.0,13.0,37.0,7.0,0.0,1.0,7,7,35,3,38,3,48.617,1178.0,974.0,1456.0,48.617,4.0,10.13,roster,0,192.0,150.0,24.0,215.75,7.0113,1.5,0.691,3.2,128.7,33.0,40.2,33.85,36.4
2023-02-08 11:00:00,11,58,58,4.0,13.0,37.0,4.0,0.0,1.0,8,6,37,3,40,3,49.617,1218.0,1021.0,1516.0,49.617,4.0,10.13,roster,0,191.0,145.0,47.75,214.59,6.7255,1.45,0.5923,3.2931,124.41,34.73,40.2,35.25,37.9
2023-02-08 12:00:00,12,55,55,5.0,12.0,36.0,2.0,0.0,1.0,10,9,34,3,37,3,50.617,1279.0,1007.0,1565.0,50.617,4.0,10.13,roster,0,185.0,137.5,15.4167,206.69,7.6134,1.375,0.8885,3.3636,117.98,32.13,40.2,36.39,39.125
2023-02-08 13:00:00,13,52,52,4.0,13.0,33.0,2.0,0.0,1.0,8,7,33,2,35,2,51.617,1321.0,686.0,1607.0,51.617,4.0,10.13,roster,0,175.0,130.0,8.75,186.09,6.7005,1.3,0.691,3.3654,111.54,30.39,26.8,37.36,40.175
2023-02-08 14:00:00,14,48,48,3.0,12.0,31.0,2.0,0.0,1.0,8,7,26,2,28,2,52.617,1224.0,365.0,1685.0,52.617,4.0,10.13,roster,0,160.0,120.0,3.3333,173.25,6.3034,1.2,0.691,3.3333,102.96,24.31,26.8,39.18,42.125
2023-02-08 15:00:00,15,42,42,4.0,7.0,29.0,2.0,0.0,1.0,5,4,20,2,22,2,45.583,620.5,245.0,1497.0,45.583,4.0,10.13,roster,0,139.0,105.0,1.9306,150.8,4.7818,1.05,0.3949,3.3095,90.09,19.1,26.8,34.81,37.425
2023-02-08 16:00:00,16,38,38,3.0,6.0,27.0,2.0,0.0,1.0,10,10,16,3,19,3,46.583,386.0,204.0,1557.0,46.583,4.0,10.13,roster,0,124.0,95.0,1.4762,154.41,6.3213,0.95,0.9872,3.2632,81.51,16.5,40.2,36.2,38.925
2023-02-08 17:00:00,17,40,40,3.0,8.0,28.0,1.0,0.0,1.0,5,5,17,3,20,3,47.583,395.0,236.0,1617.0,47.583,4.0,10.13,roster,0,133.0,100.0,1.6625,160.96,4.9662,1.0,0.4936,3.325,85.8,17.37,40.2,37.6,40.425
2023-02-08 18:00:00,18,39,39,3.0,7.0,28.0,1.0,0.0,1.0,6,6,18,3,21,3,48.583,425.0,217.0,1454.0,48.583,4.0,10.13,roster,0,129.0,97.5,1.6974,155.89,5.1841,0.975,0.5923,3.3077,83.66,18.23,40.2,33.81,36.35
2023-02-08 19:00:00,19,39,39,3.0,8.0,26.0,2.0,0.0,1.0,6,5,18,3,21,3,49.583,461.0,246.0,1514.0,49.583,4.0,10.13,roster,0,129.0,97.5,1.6974,157.29,4.8576,0.975,0.4936,3.3077,83.66,18.23,40.2,35.2,37.85
2023-02-08 20:00:00,20,35,35,2.0,9.0,22.0,2.0,0.0,1.0,8,6,20,2,22,2,50.583,409.0,204.0,1106.0,50.583,4.0,11.03,roster,0,116.0,87.5,1.6111,126.69,4.7029,0.875,0.544,3.3143,75.08,19.1,26.8,25.71,27.65
2023-02-08 21:00:00,21,36,36,1.0,8.0,23.0,4.0,0.0,1.0,9,8,17,2,19,2,51.583,340.0,146.0,665.0,51.583,4.0,11.03,roster,0,114.0,90.0,1.3571,115.98,5.1468,0.9,0.7253,3.1667,77.22,16.5,26.8,15.46,16.625
2023-02-08 22:00:00,22,37,37,1.0,7.0,26.0,3.0,0.0,1.0,12,9,17,2,19,2,52.583,389.0,203.0,665.0,52.583,3.0,7.33,roster,0,117.0,92.5,1.8571,118.12,6.8076,0.925,1.2278,3.1622,79.36,16.5,26.8,15.46,16.625
2023-02-08 23:00:00,23,35,35,1.0,8.0,24.0,2.0,0.0,1.0,5,5,18,2,20,2,53.583,422.0,250.0,725.0,53.583,3.0,7.33,roster,0,113.0,87.5,1.8833,116.1,5.0273,0.875,0.6821,3.2286,75.08,17.37,26.8,16.86,18.125
2023-02-09 00:00:00,0,34,34,1.0,8.0,23.0,2.0,0.0,1.0,8,5,19,2,21,2,54.583,455.0,302.0,656.0,54.583,3.0,7.33,roster,0,110.0,85.0,1.9298,113.22,4.9569,0.85,0.6821,3.2353,72.93,18.23,26.8,15.25,16.4
2023-02-09 01:00:00,1,40,40,2.0,11.0,24.0,3.0,0.0,1.0,9,9,20,2,22,2,55.583,509.5,308.0,716.0,55.583,3.0,7.33,roster,0,132.0,100.0,2.4444,128.35,7.3518,1.0,1.2278,3.3,85.8,19.1,26.8,16.65,17.9
2023-02-09 02:00:00,2,42,42,2.0,11.0,27.0,2.0,0.0,1.0,7,7,21,2,23,2,56.583,564.0,348.0,776.0,56.583,3.0,7.33,roster,0,139.0,105.0,2.7255,134.9,6.6355,1.05,0.955,3.3095,90.09,19.97,26.8,18.04,19.4
2023-02-09 03:00:00,3,39,39,0.0,10.0,27.0,2.0,0.0,1.0,4,4,21,1,22,1,57.583,565.0,408.0,822.0,57.583,3.0,7.33,roster,0,125.0,97.5,2.3148,115.27,4.874,0.975,0.5457,3.2051,83.66,19.1,13.4,19.11,20.55
2023-02-09 04:00:00,4,40,40,0.0,11.0,27.0,2.0,0.0,1.0,7,7,21,1,22,1,58.583,625.0,468.0,882.0,58.583,3.0,7.33,roster,0,129.0,100.0,2.3889,118.81,6.3048,1.0,0.955,3.225,85.8,19.1,13.4,20.51,22.05
2023-02-09 05:00:00,5,39,39,0.0,11.0,26.0,2.0,0.0,1.0,0,0,21,2,23,2,59.583,626.0,447.0,942.0,59.583,3.0,7.33,roster,0,126.0,97.5,2.4706,132.33,3.15,0.975,0.0,3.2308,83.66,19.97,26.8,21.9,23.55
2023-02-09 06:00:00,6,34,34,0.0,9.0,23.0,2.0,0.0,1.0,3,1,21,1,22,1,60.583,745.0,588.0,1002.0,60.583,3.0,7.33,roster,0,109.0,85.0,2.0185,108.73,3.1624,0.85,0.1364,3.2059,72.93,19.1,13.4,23.3,25.05
2023-02-09 07:00:00,7,32,32,0.0,8.0,22.0,2.0,0.0,1.0,1,1,21,1,22,1,61.583,805.0,648.0,1062.0,61.583,3.0,7.33,roster,0,102.0,80.0,1.8889,105.83,2.9849,0.8,0.1364,3.1875,68.64,19.1,13.4,24.69,26.55
2023-02-09 08:00:00,8,30,30,0.0,8.0,20.0,2.0,0.0,1.0,2,2,20,1,21,1,62.583,806.0,708.0,1122.0,62.583,3.0,7.73,roster,0,96.0,75.0,1.6842,102.07,3.2279,0.75,0.2587,3.2,64.35,18.23,13.4,26.09,28.05
2023-02-09 09:00:00,9,31,31,0.0,7.0,23.0,1.0,0.0,1.0,5,5,19,1,20,1,63.583,923.5,768.0,1196.0,63.583,3.0,7.73,roster,0,99.0,77.5,1.65,105.07,4.5407,0.775,0.6468,3.1935,66.5,17.37,13.4,27.81,29.9
2023-02-09 10:00:00,10,43,43,0.0,7.0,35.0,1.0,0.0,1.0,15,15,18,2,20,2,64.583,983.5,828.0,1256.0,64.583,4.0,11.7,roster,0,135.0,107.5,1.6875,145.6,7.4,1.075,1.2821,3.1395,92.24,17.37,26.8,29.2,31.4
2023-02-09 11:00:00,11,45,45,0.0,10.0,34.0,1.0,0.0,1.0,12,11,19,2,21,2,65.583,970.0,745.0,1302.0,65.583,4.0,11.7,roster,0,144.0,112.5,1.8947,151.83,6.6085,1.125,0.9402,3.2,96.52,18.23,26.8,30.27,32.55
2023-02-09 12:00:00,12,44,44,0.0,12.0,31.0,1.0,0.0,1.0,10,10,22,2,24,2,66.583,862.5,142.0,1240.0,66.583,4.0,11.7,roster,0,143.0,110.0,2.2344,150.85,6.3528,1.1,0.8547,3.25,94.38,20.84,26.8,28.83,31.0
2023-02-09 13:00:00,13,51,51,0.0,14.0,35.0,2.0,0.0,1.0,15,15,23,2,25,2,67.583,918.0,177.0,1224.0,67.583,4.0,11.7,roster,0,165.0,127.5,2.75,166.36,8.2728,1.275,1.2821,3.2353,109.39,21.71,26.8,28.46,30.6
2023-02-09 14:00:00,14,42,42,0.0,13.0,28.0,1.0,0.0,1.0,6,5,26,3,29,3,68.583,272.0,127.0,1150.0,68.583,4.0,11.7,roster,0,138.0,105.0,3.1364,162.21,4.8542,1.05,0.4274,3.2857,90.09,25.18,40.2,26.74,28.75
2023-02-09 15:00:00,15,38,38,1.0,11.0,25.0,1.0,0.0,1.0,10,10,20,3,23,3,69.583,312.0,187.0,1148.0,69.583,4.0,11.7,roster,0,126.0,95.0,1.8529,148.37,5.984,0.95,0.8547,3.3158,81.51,19.97,40.2,26.69,28.7
2023-02-09 16:00:00,16,44,44,1.0,10.0,29.0,4.0,0.0,1.0,15,13,21,3,24,3,70.583,311.5,225.0,1107.0,70.583,4.0,11.7,roster,0,140.0,110.0,2.1875,161.16,7.0354,1.1,1.1111,3.1818,94.38,20.84,40.2,25.74,27.675
2023-02-09 17:00:00,17,50,50,1.0,11.0,34.0,4.0,0.0,1.0,13,11,23,3,26,3,71.583,354.5,251.0,1158.0,71.583,4.0,11.7,roster,0,159.0,125.0,2.8393,176.95,6.9647,1.25,0.9402,3.18,107.25,22.58,40.2,26.92,28.95
2023-02-09 18:00:00,18,50,50,1.0,14.0,30.0,5.0,0.0,1.0,5,6,25,3,28,3,72.583,386.0,226.0,1218.0,72.583,4.0,11.7,roster,0,161.0,125.0,3.3542,180.08,5.6763,1.25,0.5128,3.22,107.25,24.31,40.2,28.32,30.45
2023-02-09 19:00:00,19,44,44,2.0,13.0,24.0,5.0,0.0,1.0,5,4,24,2,26,2,73.583,419.5,263.0,572.0,73.583,4.0,11.7,roster,0,144.0,110.0,2.5714,137.05,4.7189,1.1,0.3419,3.2727,94.38,22.58,26.8,13.3,14.3
2023-02-09 20:00:00,20,35,35,2.0,7.0,22.0,3.0,1.0,1.0,12,8,18,2,20,2,69.75,476.0,273.0,632.0,69.75,4.0,11.2,roster,0,111.0,87.5,1.3875,113.94,5.0403,0.875,0.7143,3.1714,75.08,17.37,26.8,14.69,15.8
2023-02-09 21:00:00,21,33,33,2.0,5.0,20.0,5.0,1.0,1.0,8,7,16,2,18,2,70.75,536.0,257.0,692.0,70.75,4.0,11.2,roster,0,101.0,82.5,1.1477,109.3,4.4379,0.825,0.625,3.0606,70.78,15.63,26.8,16.09,17.3
2023-02-09 22:00:00,22,23,23,2.0,3.0,16.0,1.0,1.0,1.0,3,3,15,1,16,1,71.75,505.5,278.0,752.0,71.75,3.0,7.23,roster,0,73.0,57.5,1.0139,74.11,3.142,0.575,0.4149,3.1739,49.33,13.89,13.4,17.48,18.8
2023-02-09 23:00:00,23,23,23,2.0,2.0,17.0,1.0,1.0,1.0,6,4,13,2,15,2,72.75,520.0,299.0,792.0,72.75,3.0,7.23,roster,0,72.0,57.5,0.96,87.57,3.5319,0.575,0.5533,3.1304,49.33,13.02,26.8,18.41,19.8
2023-02-10 00:00:00,0,27,27,2.0,3.0,18.0,3.0,1.0,1.0,7,6,13,2,15,2,73.75,580.0,359.0,852.0,73.75,3.0,7.23,roster,0,83.0,67.5,1.1067,97.55,4.6261,0.675,0.8299,3.0741,57.92,13.02,26.8,19.81,21.3
2023-02-10 01:00:00,1,29,29,2.0,5.0,19.0,2.0,1.0,1.0,9,7,13,3,16,3,74.75,615.5,419.0,912.0,74.75,3.0,7.23,roster,0,92.0,72.5,1.2778,117.5,5.3715,0.725,0.9682,3.1724,62.2,13.89,40.2,21.2,22.8
2023-02-10 02:00:00,2,24,24,2.0,5.0,15.0,1.0,1.0,1.0,2,2,14,3,17,3,75.75,651.0,456.0,885.0,75.75,3.0,7.23,roster,0,78.0,60.0,1.1304,107.02,2.849,0.6,0.2766,3.25,51.48,14.76,40.2,20.58,22.125
2023-02-10 03:00:00,3,26,26,2.0,5.0,16.0,2.0,1.0,1.0,3,4,14,3,17,3,76.75,711.0,516.0,945.0,76.75,3.0,7.23,roster,0,83.0,65.0,1.2029,112.7,3.8411,0.65,0.5533,3.1923,55.77,14.76,40.2,21.97,23.625
2023-02-10 04:00:00,4,24,24,2.0,4.0,15.0,2.0,1.0,1.0,1,1,14,2,16,2,77.75,795.5,599.0,1092.0,77.75,3.0,7.23,roster,0,76.0,60.0,1.0556,97.56,2.338,0.6,0.1383,3.1667,51.48,13.89,26.8,25.39,27.3
2023-02-10 05:00:00,5,24,24,2.0,4.0,15.0,2.0,1.0,1.0,4,3,14,2,16,2,78.75,855.5,659.0,1152.0,78.75,3.0,7.23,roster,0,76.0,60.0,1.0556,98.96,3.214,0.6,0.4149,3.1667,51.48,13.89,26.8,26.78,28.8
2023-02-10 06:00:00,6,30,30,2.0,4.0,19.0,3.0,2.0,1.0,6,6,15,2,17,2,79.75,891.0,696.0,1125.0,79.75,3.0,7.23,roster,0,91.0,75.0,1.3188,112.07,4.7923,0.75,0.8299,3.0333,64.35,14.76,26.8,26.16,28.125
2023-02-10 07:00:00,7,28,28,2.0,3.0,19.0,3.0,1.0,1.0,2,2,15,2,17,2,80.75,951.0,756.0,1185.0,80.75,3.0,7.23,roster,0,86.0,70.0,1.2464,109.17,2.9996,0.7,0.2766,3.0714,60.06,14.76,26.8,27.55,29.625
2023-02-10 08:00:00,8,29,29,2.0,4.0,20.0,2.0,1.0,1.0,5,4,16,3,19,3,81.75,900.0,604.0,1245.0,81.75,3.0,6.38,roster,0,91.0,72.5,1.4444,127.85,4.2424,0.725,0.627,3.1379,62.2,16.5,40.2,28.95,31.125
2023-02-10 09:00:00,9,32,32,2.0,5.0,22.0,2.0,1.0,1.0,7,7,16,3,19,3,82.75,938.0,531.0,1305.0,82.75,3.0,6.38,roster,0,101.0,80.0,1.6032,135.68,5.988,0.8,1.0972,3.1562,68.64,16.5,40.2,30.34,32.625
2023-02-10 10:00:00,10,37,37,3.0,6.0,26.0,2.0,0.0,1.0,11,10,17,4,21,4,83.75,959.0,359.0,1271.0,83.75,4.0,9.63,roster,0,121.0,92.5,1.5921,160.75,6.4209,0.925,1.0384,3.2703,79.36,18.23,53.6,29.55,31.775
2023-02-10 11:00:00,11,48,48,4.0,7.0,34.0,2.0,1.0,1.0,16,15,17,7,24,7,84.75,933.0,241.0,1331.0,84.75,4.0,9.63,roster,0,155.0,120.0,2.4219,228.55,8.9049,1.2,1.5576,3.2292,102.96,20.84,93.8,30.95,33.275
2023-02-10 12:00:00,12,42,42,4.0,7.0,29.0,2.0,0.0,1.0,12,7,18,7,25,7,85.75,844.0,203.0,1251.0,85.75,4.0,9.63,roster,0,139.0,105.0,2.3167,214.68,5.8807,1.05,0.7269,3.3095,90.09,21.71,93.8,29.09,31.275
2023-02-10 13:00:00,13,38,38,4.0,7.0,25.0,2.0,0.0,1.0,9,6,17,6,23,6,86.75,904.0,263.0,1311.0,86.75,4.0,9.63,roster,0,127.0,95.0,1.8676,192.36,5.2573,0.95,0.6231,3.3421,81.51,19.97,80.4,30.48,32.775
2023-02-10 14:00:00,14,48,48,5.0,11.0,31.0,1.0,0.0,1.0,14,15,15,6,21,6,87.75,964.0,323.0,1260.0,87.75,4.0,9.63,roster,0,164.0,120.0,2.1579,210.89,9.4219,1.2,1.5576,3.4167,102.96,18.23,80.4,29.3,31.5
2023-02-10 15:00:00,15,47,47,6.0,9.0,31.0,1.0,0.0,1.0,12,11,19,6,25,6,88.75,383.0,118.0,1110.0,88.75,4.0,9.63,roster,0,161.0,117.5,2.6833,208.73,7.9379,1.175,1.1423,3.4255,100.82,21.71,80.4,25.81,27.75
2023-02-10 16:00:00,16,38,38,5.0,7.0,26.0,0.0,0.0,1.0,5,5,13,6,19,6,89.75,333.0,138.0,541.0,89.75,4.0,9.63,roster,0,131.0,95.0,1.5595,170.99,5.0649,0.95,0.5192,3.4474,81.51,16.5,80.4,12.58,13.525
2023-02-10 17:00:00,17,34,34,4.0,7.0,22.0,1.0,0.0,1.0,9,8,14,6,20,6,90.75,315.5,192.0,601.0,90.75,4.0,9.63,roster,0,116.0,85.0,1.45,164.67,5.7343,0.85,0.8307,3.4118,72.93,17.37,80.4,13.97,15.025
2023-02-10 18:00:00,18,33,33,4.0,8.0,21.0,0.0,0.0,1.0,2,1,18,6,24,6,91.75,280.0,187.0,563.0,91.75,4.0,9.63,roster,0,115.0,82.5,1.7969,165.11,3.2369,0.825,0.1038,3.4848,70.78,20.84,80.4,13.09,14.075
2023-02-10 19:00:00,19,26,26,3.0,8.0,15.0,0.0,0.0,1.0,2,2,13,6,19,6,92.75,339.0,232.0,604.0,92.75,4.0,9.63,roster,0,92.0,65.0,1.0952,146.71,3.0349,0.65,0.2077,3.5385,55.77,16.5,80.4,14.04,15.1
2023-02-10 20:00:00,20,32,32,2.0,10.0,19.0,1.0,0.0,1.0,17,15,8,5,13,5,93.75,399.0,366.0,683.0,93.75,4.0,11.59,roster,0,109.0,80.0,1.0093,142.81,7.1334,0.8,1.2942,3.4062,68.64,11.29,67.0,15.88,17.075
2023-02-10 21:00:00,21,33,33,2.0,10.0,20.0,1.0,0.0,1.0,7,7,11,5,16,5,14.017,410.0,107.0,461.0,14.017,4.0,11.59,roster,0,112.0,82.5,1.1667,142.4,4.8498,0.825,0.604,3.3939,70.78,13.89,67.0,10.72,11.525
2023-02-10 22:00:00,22,28,28,2.0,6.0,19.0,1.0,0.0,1.0,6,5,10,5,15,5,15.017,329.0,159.0,521.0,15.017,3.0,8.34,roster,0,93.0,70.0,1.24,132.2,4.3163,0.7,0.5995,3.3214,60.06,13.02,67.0,12.11,13.025
2023-02-10 23:00:00,23,29,29,2.0,7.0,20.0,0.0,0.0,1.0,16,10,8,5,13,5,16.017,389.0,219.0,581.0,16.017,3.0,8.34,roster,0,98.0,72.5,1.2099,134.0,6.5019,0.725,1.199,3.3793,62.2,11.29,67.0,13.51,14.525
2023-02-11 00:00:00,0,24,24,2.0,7.0,15.0,0.0,0.0,1.0,3,3,10,5,15,5,17.017,287.0,205.0,641.0,17.017,3.0,8.34,roster,0,83.0,60.0,1.1067,126.41,3.319,0.6,0.3597,3.4583,51.48,13.02,67.0,14.9,16.025
2023-02-11 01:00:00,1,30,30,2.0,8.0,16.0,4.0,0.0,1.0,8,8,10,5,15,5,18.017,347.0,265.0,701.0,18.017,3.0,8.34,roster,0,98.0,75.0,1.3067,140.67,5.5835,0.75,0.9592,3.2667,64.35,13.02,67.0,16.3,17.525
2023-02-11 02:00:00,2,27,27,2.0,9.0,14.0,2.0,0.0,1.0,7,7,10,5,15,5,19.017,407.0,325.0,761.0,19.017,3.0,8.34,roster,0,92.0,67.5,1.2267,135.63,5.1599,0.675,0.8393,3.4074,57.92,13.02,67.0,17.69,19.025
2023-02-11 03:00:00,3,33,33,2.0,8.0,20.0,3.0,0.0,1.0,10,9,10,5,15,5,20.017,463.0,302.0,821.0,20.017,3.0,8.34,roster,0,108.0,82.5,1.44,149.9,6.2317,0.825,1.0791,3.2727,70.78,13.02,67.0,19.09,20.525
2023-02-11 04:00:00,4,34,34,2.0,8.0,21.0,3.0,0.0,1.0,3,3,11,5,16,5,21.017,521.0,362.0,881.0,21.017,3.0,8.34,roster,0,111.0,85.0,1.5417,154.31,3.9494,0.85,0.3597,3.2647,72.93,13.89,67.0,20.48,22.025
2023-02-11 05:00:00,5,27,27,2.0,7.0,17.0,1.0,0.0,1.0,2,2,11,5,16,5,22.017,581.0,422.0,941.0,22.017,3.0,8.34,roster,0,91.0,67.5,1.2639,140.69,3.0832,0.675,0.2398,3.3704,57.92,13.89,67.0,21.88,23.525
2023-02-11 06:00:00,6,28,28,3.0,9.0,16.0,0.0,0.0,1.0,6,5,11,5,16,5,23.017,641.0,482.0,1001.0,23.017,3.0,8.34,roster,0,99.0,70.0,1.375,144.23,4.5947,0.7,0.5995,3.5357,60.06,13.89,67.0,23.27,25.025
2023-02-11 07:00:00,7,32,32,3.0,10.0,18.0,1.0,0.0,1.0,6,6,12,5,17,5,24.017,699.0,534.0,1038.0,24.017,3.0,8.34,roster,0,111.0,80.0,1.6087,154.53,5.2705,0.8,0.7194,3.4688,68.64,14.76,67.0,24.13,25.95
2023-02-11 08:00:00,8,36,36,4.0,11.0,21.0,0.0,0.0,1.0,6,7,13,5,18,5,25.017,742.0,558.0,1098.0,25.017,3.0,6.5,roster,0,127.0,90.0,1.9242,165.38,6.9741,0.9,1.0769,3.5278,77.22,15.63,67.0,25.53,27.45
2023-02-11 09:00:00,9,42,42,4.0,10.0,25.0,3.0,0.0,1.0,8,8,14,5,19,5,26.017,785.0,366.0,1158.0,26.017,3.0,6.5,roster,0,141.0,105.0,2.2381,180.51,7.6569,1.05,1.2308,3.3571,90.09,16.5,67.0,26.92,28.95
2023-02-11 10:00:00,10,37,37,4.0,9.0,23.0,1.0,0.0,1.0,5,3,12,5,17,5,27.017,845.0,426.0,1218.0,27.017,4.0,10.2,roster,0,127.0,92.5,1.3804,169.44,4.1845,0.925,0.2941,3.4324,79.36,14.76,67.0,28.32,30.45
2023-02-11 11:00:00,11,30,30,2.0,9.0,16.0,3.0,0.0,1.0,6,6,12,4,16,4,28.017,843.5,341.0,1278.0,28.017,4.0,10.2,roster,0,100.0,75.0,1.0417,141.56,4.4608,0.75,0.5882,3.3333,64.35,13.89,53.6,29.71,31.95
2023-02-11 12:00:00,12,29,29,2.0,6.0,18.0,2.0,1.0,1.0,8,7,10,4,14,4,29.017,982.0,401.0,1338.0,29.017,4.0,10.2,roster,0,93.0,72.5,0.8942,139.07,4.5258,0.725,0.6863,3.2069,62.2,12.16,53.6,31.11,33.45
2023-02-11 13:00:00,13,30,30,1.0,6.0,22.0,1.0,0.0,1.0,11,10,10,4,14,4,30.017,963.5,155.0,1398.0,30.017,4.0,10.2,roster,0,97.0,75.0,0.9327,142.61,5.5949,0.75,0.9804,3.2333,64.35,12.16,53.6,32.5,34.95
2023-02-11 14:00:00,14,30,30,1.0,3.0,22.0,4.0,0.0,1.0,10,10,8,4,12,4,31.017,1023.5,215.0,1481.0,31.017,4.0,10.2,roster,0,91.0,75.0,0.8125,142.8,5.2489,0.75,0.9804,3.0333,64.35,10.42,53.6,34.43,37.025
2023-02-11 15:00:00,15,29,29,2.0,2.0,21.0,4.0,0.0,1.0,10,7,8,4,12,4,32.017,297.5,231.0,1518.0,32.017,4.0,10.2,roster,0,89.0,72.5,0.7946,141.52,4.3312,0.725,0.6863,3.069,62.2,10.42,53.6,35.29,37.95
2023-02-11 16:00:00,16,24,24,0.0,2.0,20.0,2.0,0.0,1.0,8,8,7,3,10,3,33.017,357.5,171.0,1578.0,33.017,4.0,10.2,roster,0,72.0,60.0,0.6,117.05,4.1529,0.6,0.7843,3.0,51.48,8.68,40.2,36.69,39.45
2023-02-11 17:00:00,17,23,23,0.0,3.0,16.0,3.0,1.0,1.0,12,5,10,2,12,2,34.017,291.0,125.0,1638.0,34.017,4.0,10.2,roster,0,67.0,57.5,0.5982,104.64,3.103,0.575,0.4902,2.913,49.33,10.42,26.8,38.08,40.95
2023-02-11 18:00:00,18,22,22,0.0,4.0,14.0,2.0,2.0,1.0,8,8,9,1,10,1,33.383,229.0,153.0,411.0,33.383,4.0,10.2,roster,0,64.0,55.0,0.5333,58.83,3.8816,0.55,0.7843,2.9091,47.19,8.68,13.4,9.56,10.275
2023-02-11 19:00:00,19,19,19,0.0,3.0,11.0,5.0,0.0,1.0,7,5,11,1,12,1,34.383,233.0,178.0,471.0,34.383,4.0,10.2,roster,0,55.0,47.5,0.4911,55.53,2.794,0.475,0.4902,2.8947,40.75,10.42,13.4,10.95,11.775
2023-02-11 20:00:00,20,22,22,1.0,4.0,13.0,4.0,0.0,1.0,12,12,7,1,8,1,35.383,289.0,238.0,1818.0,35.383,4.0,13.1,roster,0,68.0,55.0,0.5312,89.8,4.5314,0.55,0.916,3.0909,47.19,6.95,13.4,42.27,45.45
2023-02-11 21:00:00,21,23,23,1.0,4.0,16.0,2.0,0.0,1.0,9,7,7,2,9,2,36.383,228.0,94.0,333.0,36.383,4.0,13.1,roster,0,73.0,57.5,0.5887,71.69,3.521,0.575,0.5344,3.1739,49.33,7.81,26.8,7.74,8.325
2023-02-11 22:00:00,22,22,22,0.0,3.0,15.0,3.0,1.0,1.0,11,11,4,1,5,1,37.383,393.0,358.0,1938.0,37.383,3.0,9.4,roster,0,64.0,55.0,0.6095,89.99,5.0043,0.55,1.1702,2.9091,47.19,4.34,13.4,45.06,48.45
2023-02-11 23:00:00,23,27,27,0.0,5.0,17.0,4.0,1.0,1.0,16,11,6,1,7,1,38.383,418.0,99.0,1998.0,38.383,3.0,9.4,roster,0,80.0,67.5,0.8081,103.85,5.4673,0.675,1.1702,2.963,57.92,6.08,13.4,46.45,49.95
2023-02-12 00:00:00,0,24,24,0.0,5.0,17.0,2.0,0.0,1.0,8,8,8,1,9,1,39.383,232.0,130.0,513.0,39.383,3.0,9.4,roster,0,75.0,60.0,0.8065,64.62,4.5346,0.6,0.8511,3.125,51.48,7.81,13.4,11.93,12.825
2023-02-12 01:00:00,1,24,24,0.0,5.0,18.0,1.0,0.0,1.0,8,6,8,1,9,1,40.383,292.0,190.0,573.0,40.383,3.0,9.4,roster,0,76.0,60.0,0.8172,66.02,3.9213,0.6,0.6383,3.1667,51.48,7.81,13.4,13.32,14.325
2023-02-12 02:00:00,2,25,25,0.0,5.0,17.0,3.0,0.0,1.0,5,3,9,1,10,1,41.383,315.5,232.0,633.0,41.383,3.0,9.4,roster,0,77.0,62.5,0.8556,70.43,2.908,0.625,0.3191,3.08,53.62,8.68,13.4,14.72,15.825
2023-02-12 03:00:00,3,27,27,0.0,5.0,17.0,5.0,0.0,1.0,7,7,9,1,10,1,42.383,375.5,292.0,693.0,42.383,3.0,9.4,roster,0,81.0,67.5,0.9,76.11,4.259,0.675,0.7447,3.0,57.92,8.68,13.4,16.11,17.325
2023-02-12 04:00:00,4,22,22,0.0,3.0,13.0,5.0,1.0,1.0,5,4,9,1,10,1,43.383,435.5,326.0,753.0,43.383,3.0,9.4,roster,0,62.0,55.0,0.6889,66.78,2.7492,0.55,0.4255,2.8182,47.19,8.68,13.4,17.51,18.825
2023-02-12 05:00:00,5,21,21,0.0,3.0,13.0,4.0,1.0,1.0,3,2,9,1,10,1,44.383,495.5,386.0,813.0,44.383,3.0,9.4,roster,0,60.0,52.5,0.6667,66.03,2.1079,0.525,0.2128,2.8571,45.04,8.68,13.4,18.9,20.325
2023-02-12 06:00:00,6,18,18,0.0,3.0,11.0,3.0,1.0,1.0,1,0,9,1,10,1,45.383,555.5,446.0,873.0,45.383,3.0,9.4,roster,0,52.0,45.0,0.5778,60.99,1.3,0.45,0.0,2.8889,38.61,8.68,13.4,20.3,21.825
2023-02-12 07:00:00,7,19,19,0.0,3.0,12.0,4.0,0.0,1.0,5,3,9,1,10,1,46.383,615.5,506.0,933.0,46.383,3.0,9.4,roster,0,56.0,47.5,0.6222,64.53,2.3406,0.475,0.3191,2.9474,40.75,8.68,13.4,21.69,23.325
2023-02-12 08:00:00,8,19,19,0.0,3.0,13.0,3.0,0.0,1.0,6,3,9,1,10,1,47.383,675.5,566.0,993.0,47.383,3.0,6.43,roster,0,57.0,47.5,0.6333,65.93,2.8247,0.475,0.4666,3.0,40.75,8.68,13.4,23.09,24.825
2023-02-12 09:00:00,9,27,27,0.0,6.0,17.0,3.0,1.0,1.0,10,9,9,1,10,1,48.383,735.5,626.0,1053.0,48.383,3.0,6.43,roster,0,82.0,67.5,0.9111,84.48,6.3009,0.675,1.3997,3.037,57.92,8.68,13.4,24.48,26.325
2023-02-12 10:00:00,10,34,34,1.0,6.0,24.0,2.0,1.0,1.0,14,15,5,2,7,2,49.383,759.0,82.0,2658.0,49.383,4.0,9.79,roster,0,106.0,85.0,0.803,147.61,7.4268,0.85,1.5322,3.1176,72.93,6.08,26.8,61.8,66.45
2023-02-12 11:00:00,11,35,35,1.0,7.0,24.0,2.0,1.0,1.0,10,9,9,2,11,2,50.383,142.0,82.0,1173.0,50.383,4.0,9.79,roster,0,110.0,87.5,0.9483,118.7,5.6392,0.875,0.9193,3.1429,75.08,9.55,26.8,27.27,29.325
2023-02-12 12:00:00,12,40,40,1.0,8.0,30.0,1.0,0.0,1.0,15,11,11,2,13,2,51.383,192.0,122.0,879.0,51.383,4.0,9.79,roster,0,129.0,100.0,1.1944,124.32,6.8486,1.0,1.1236,3.225,85.8,11.29,26.8,20.44,21.975
2023-02-12 13:00:00,13,35,35,1.0,8.0,22.0,3.0,1.0,1.0,8,6,13,2,15,2,52.383,199.0,127.0,939.0,52.383,4.0,9.79,roster,0,110.0,87.5,1.1,116.73,4.6762,0.875,0.6129,3.1429,75.08,13.02,26.8,21.83,23.475
2023-02-12 14:00:00,14,35,35,1.0,9.0,23.0,2.0,0.0,1.0,13,12,13,2,15,2,53.383,242.0,161.0,999.0,53.383,4.0,9.79,roster,0,114.0,87.5,1.14,118.13,6.8424,0.875,1.2257,3.2571,75.08,13.02,26.8,23.23,24.975
2023-02-12 15:00:00,15,27,27,0.0,7.0,18.0,2.0,0.0,1.0,10,8,8,2,10,2,54.383,310.5,214.0,1413.0,54.383,4.0,9.79,roster,0,86.0,67.5,0.7167,106.25,4.7528,0.675,0.8172,3.1852,57.92,8.68,26.8,32.85,35.325
2023-02-12 16:00:00,16,30,30,0.0,8.0,19.0,2.0,1.0,1.0,16,16,3,1,4,1,50.3,952.5,432.0,3018.0,50.3,4.0,9.79,roster,0,94.0,75.0,0.6528,131.39,7.4709,0.75,1.6343,3.1333,64.35,3.47,13.4,70.17,75.45
2023-02-12 17:00:00,17,30,30,0.0,7.0,20.0,1.0,2.0,1.0,15,12,6,1,7,1,51.3,118.0,97.0,1533.0,51.3,4.0,9.79,roster,0,92.0,75.0,0.697,99.47,6.0589,0.75,1.2257,3.0667,64.35,6.08,13.4,35.64,38.325
2023-02-12 18:00:00,18,30,30,0.0,7.0,21.0,1.0,1.0,1.0,15,14,8,1,9,1,52.3,166.0,147.0,552.0,52.3,4.0,9.79,roster,0,94.0,75.0,0.7581,78.4,6.8308,0.75,1.43,3.1333,64.35,7.81,13.4,12.83,13.8
2023-02-12 19:00:00,19,26,26,0.0,6.0,19.0,1.0,0.0,1.0,12,9,9,1,10,1,53.3,212.0,118.0,612.0,53.3,4.0,9.79,roster,0,83.0,65.0,0.6917,72.08,5.0097,0.65,0.9193,3.1923,55.77,8.68,13.4,14.23,15.3
2023-02-12 20:00:00,20,27,27,0.0,4.0,22.0,1.0,0.0,1.0,18,16,9,0,9,0,54.3,178.0,146.0,277.0,54.3,4.0,9.72,roster,0,84.0,67.5,0.6774,52.17,7.2212,0.675,1.6461,3.1111,57.92,7.81,0.0,6.44,6.925
2023-02-12 21:00:00,21,31,31,1.0,5.0,23.0,2.0,0.0,1.0,14,12,10,0,10,0,55.3,221.5,120.0,337.0,55.3,4.0,9.72,roster,0,98.0,77.5,0.8167,63.01,6.3528,0.775,1.2346,3.1613,66.5,8.68,0.0,7.84,8.425
2023-02-12 22:00:00,22,22,22,1.0,5.0,15.0,0.0,1.0,1.0,3,4,13,0,13,0,56.3,136.0,100.0,212.0,56.3,3.0,6.36,roster,0,71.0,55.0,0.8765,43.41,3.8047,0.55,0.6289,3.2273,47.19,11.29,0.0,4.93,5.3
2023-02-12 23:00:00,23,23,23,1.0,5.0,17.0,0.0,0.0,1.0,9,7,12,0,12,0,57.3,181.0,160.0,272.0,57.3,3.0,6.36,roster,0,76.0,57.5,0.9048,46.08,5.5369,0.575,1.1006,3.3043,49.33,10.42,0.0,6.32,6.8
2023-02-13 00:00:00,0,28,28,0.0,6.0,22.0,0.0,0.0,1.0,15,11,10,0,10,0,58.3,241.0,220.0,332.0,58.3,3.0,6.36,roster,0,90.0,70.0,1.0,56.46,7.8093,0.7,1.7296,3.2143,60.06,8.68,0.0,7.72,8.3
2023-02-13 01:00:00,1,32,32,0.0,8.0,22.0,2.0,0.0,1.0,10,10,11,0,11,0,59.3,286.0,276.0,392.0,59.3,3.0,6.36,roster,0,102.0,80.0,1.1724,67.31,7.5618,0.8,1.5723,3.1875,68.64,9.55,0.0,9.11,9.8
2023-02-13 02:00:00,2,26,26,0.0,7.0,19.0,0.0,0.0,1.0,5,4,12,0,12,0,60.3,344.5,336.0,452.0,60.3,3.0,6.36,roster,0,85.0,65.0,1.0119,56.7,4.1811,0.65,0.6289,3.2692,55.77,10.42,0.0,10.51,11.3
2023-02-13 03:00:00,3,23,23,0.0,6.0,16.0,1.0,0.0,1.0,5,4,11,0,11,0,61.3,406.0,396.0,512.0,61.3,3.0,6.36,roster,0,74.0,57.5,0.8506,50.79,3.8735,0.575,0.6289,3.2174,49.33,9.55,0.0,11.9,12.8
2023-02-13 04:00:00,4,23,23,0.0,6.0,15.0,2.0,0.0,1.0,5,5,12,0,12,0,62.3,464.5,456.0,572.0,62.3,3.0,6.36,roster,0,73.0,57.5,0.869,53.05,4.3202,0.575,0.7862,3.1739,49.33,10.42,0.0,13.3,14.3
2023-02-13 05:00:00,5,22,22,0.0,5.0,17.0,0.0,0.0,1.0,2,2,13,0,13,0,63.3,523.0,480.0,600.0,63.3,3.0,6.36,roster,0,71.0,55.0,0.8765,52.43,2.7899,0.55,0.3145,3.2273,47.19,11.29,0.0,13.95,15.0
2023-02-13 06:00:00,6,20,20,0.0,5.0,15.0,0.0,0.0,1.0,1,1,14,0,14,0,64.3,581.5,402.0,660.0,64.3,3.0,6.36,roster,0,65.0,50.0,0.8333,50.4,2.136,0.5,0.1572,3.25,42.9,12.16,0.0,15.34,16.5
2023-02-13 07:00:00,7,25,25,0.0,6.0,19.0,0.0,0.0,1.0,7,7,14,0,14,0,65.3,641.5,462.0,720.0,65.3,3.0,6.36,roster,0,81.0,62.5,1.0385,62.52,5.591,0.625,1.1006,3.24,53.62,12.16,0.0,16.74,18.0
2023-02-13 08:00:00,8,32,32,0.0,6.0,26.0,0.0,0.0,1.0,11,11,16,0,16,0,66.3,678.0,262.0,780.0,66.3,3.0,7.01,roster,0,102.0,80.0,1.4167,80.67,7.5518,0.8,1.5692,3.1875,68.64,13.89,0.0,18.14,19.5
2023-02-13 09:00:00,9,39,39,1.0,10.0,28.0,0.0,0.0,1.0,13,12,16,0,16,0,67.3,738.0,322.0,840.0,67.3,3.0,7.01,roster,0,129.0,97.5,1.7917,97.08,8.8872,0.975,1.7118,3.3077,83.66,13.89,0.0,19.53,21.0
2023-02-13 10:00:00,10,45,45,1.0,15.0,29.0,0.0,0.0,1.0,13,10,21,0,21,0,68.3,455.0,189.0,826.0,68.3,4.0,10.26,roster,0,152.0,112.5,2.0,113.96,7.0922,1.125,0.9747,3.3778,96.52,18.23,0.0,19.2,20.65
2023-02-13 11:00:00,11,51,51,2.0,16.0,33.0,0.0,0.0,1.0,16,13,22,0,22,0,69.3,441.0,154.0,886.0,69.3,4.0,10.26,roster,0,173.0,127.5,2.4028,129.1,8.6231,1.275,1.2671,3.3922,109.39,19.1,0.0,20.6,22.15
2023-02-13 12:00:00,12,51,51,3.0,16.0,32.0,0.0,0.0,1.0,10,9,25,1,26,1,70.3,221.0,111.0,900.0,70.3,4.0,10.26,roster,0,175.0,127.5,3.125,146.3,7.385,1.275,0.8772,3.4314,109.39,22.58,13.4,20.92,22.5
2023-02-13 13:00:00,13,53,53,3.0,18.0,32.0,0.0,0.0,1.0,9,8,26,1,27,1,71.3,257.0,148.0,635.0,71.3,4.0,10.26,roster,0,183.0,132.5,3.5192,145.29,7.2673,1.325,0.7797,3.4528,113.68,23.44,13.4,14.76,15.875
2023-02-13 14:00:00,14,62,62,4.0,21.0,36.0,0.0,1.0,1.0,11,11,27,1,28,1,72.3,298.0,205.0,695.0,72.3,4.0,10.26,roster,0,213.0,155.0,4.4375,166.86,9.0083,1.55,1.0721,3.4355,132.99,24.31,13.4,16.16,17.375
2023-02-13 15:00:00,15,66,66,4.0,20.0,41.0,0.0,1.0,1.0,12,11,28,2,30,2,73.3,298.5,209.0,511.0,73.3,4.0,10.26,roster,0,224.0,165.0,5.6,186.3,9.2387,1.65,1.0721,3.3939,141.57,26.05,26.8,11.88,12.775
2023-02-13 16:00:00,16,61,61,4.0,21.0,35.0,0.0,1.0,1.0,7,7,26,2,28,2,74.3,343.0,228.0,549.0,74.3,4.0,10.26,roster,0,210.0,152.5,4.375,174.72,7.5988,1.525,0.6823,3.4426,130.84,24.31,26.8,12.76,13.725
2023-02-13 17:00:00,17,59,59,3.0,17.0,37.0,2.0,0.0,1.0,9,8,27,3,30,3,75.3,390.0,237.0,528.0,75.3,4.0,10.26,roster,0,198.0,147.5,4.95,185.08,7.5667,1.475,0.7797,3.3559,126.56,26.05,40.2,12.28,13.2
2023-02-13 18:00:00,18,56,56,3.0,16.0,35.0,2.0,0.0,1.0,6,6,26,3,29,3,76.3,455.0,292.0,588.0,76.3,4.0,10.26,roster,0,188.0,140.0,4.2727,179.17,6.6632,1.4,0.5848,3.3571,120.12,25.18,40.2,13.67,14.7
2023-02-13 19:00:00,19,46,46,1.0,15.0,30.0,0.0,0.0,1.0,5,4,27,2,29,2,77.3,515.0,326.0,648.0,77.3,4.0,10.26,roster,0,155.0,115.0,3.5227,145.72,5.1887,1.15,0.3899,3.3696,98.67,25.18,26.8,15.07,16.2
2023-02-13 20:00:00,20,46,46,1.0,14.0,29.0,2.0,0.0,1.0,7,6,25,2,27,2,78.3,575.0,375.0,789.0,78.3,4.0,10.58,roster,0,152.0,115.0,2.9231,147.26,5.6739,1.15,0.5671,3.3043,98.67,23.44,26.8,18.34,19.725
2023-02-13 21:00:00,21,49,49,1.0,14.0,33.0,1.0,0.0,1.0,9,8,25,2,27,2,79.3,635.0,435.0,849.0,79.3,4.0,10.58,roster,0,162.0,122.5,3.1154,155.09,6.5499,1.225,0.7561,3.3061,105.1,23.44,26.8,19.74,21.225
2023-02-13 22:00:00,22,49,49,2.0,13.0,33.0,1.0,0.0,1.0,7,6,27,1,28,1,80.3,688.0,495.0,909.0,80.3,3.0,7.33,roster,0,163.0,122.5,4.5278,143.95,6.7979,1.225,0.8186,3.3265,105.1,24.31,13.4,21.13,22.725
2023-02-13 23:00:00,23,54,54,2.0,13.0,38.0,1.0,0.0,1.0,12,10,25,2,27,2,81.3,741.0,475.0,888.0,81.3,3.0,7.33,roster,0,178.0,135.0,4.5641,166.72,8.947,1.35,1.3643,3.2963,115.83,23.44,26.8,20.65,22.2
2023-02-14 00:00:00,0,45,45,2.0,12.0,29.0,2.0,0.0,1.0,6,6,24,2,26,2,82.3,775.0,535.0,948.0,82.3,3.0,7.33,roster,0,149.0,112.5,3.5476,147.94,6.4353,1.125,0.8186,3.3111,96.52,22.58,26.8,22.04,23.7
2023-02-14 01:00:00,1,46,46,3.0,12.0,29.0,2.0,0.0,1.0,6,6,24,2,26,2,83.3,835.0,595.0,1008.0,83.3,3.0,7.33,roster,0,154.0,115.0,3.6667,151.48,6.5904,1.15,0.8186,3.3478,98.67,22.58,26.8,23.44,25.2
2023-02-14 02:00:00,2,39,39,2.0,12.0,23.0,2.0,0.0,1.0,4,3,24,2,26,2,84.3,895.0,655.0,1068.0,84.3,3.0,7.33,roster,0,131.0,97.5,3.119,137.86,4.6498,0.975,0.4093,3.359,83.66,22.58,26.8,24.83,26.7
2023-02-14 03:00:00,3,40,40,2.0,13.0,24.0,1.0,0.0,1.0,2,2,24,2,26,2,85.3,955.0,715.0,1128.0,85.3,3.0,7.33,roster,0,136.0,100.0,3.2381,141.4,4.3277,1.0,0.2729,3.4,85.8,22.58,26.8,26.23,28.2
2023-02-14 04:00:00,4,36,36,2.0,13.0,20.0,1.0,0.0,1.0,1,0,26,2,28,2,86.3,945.5,712.0,1188.0,86.3,3.0,7.33,roster,0,124.0,90.0,3.4444,135.95,3.1,0.9,0.0,3.4444,77.22,24.31,26.8,27.62,29.7
2023-02-14 05:00:00,5,41,41,2.0,13.0,25.0,1.0,0.0,1.0,5,5,26,2,28,2,87.3,1005.5,772.0,1248.0,87.3,3.0,7.33,roster,0,139.0,102.5,3.8611,148.07,5.7876,1.025,0.6821,3.3902,87.94,24.31,26.8,29.02,31.2
2023-02-14 06:00:00,6,46,46,2.0,14.0,27.0,3.0,0.0,1.0,5,5,27,2,29,2,88.3,1022.0,756.0,1294.0,88.3,3.0,7.33,roster,0,153.0,115.0,4.6364,160.74,6.0938,1.15,0.6821,3.3261,98.67,25.18,26.8,30.09,32.35
2023-02-14 07:00:00,7,44,44,2.0,15.0,25.0,2.0,0.0,1.0,2,3,28,2,30,2,89.3,1079.5,810.0,1354.0,89.3,3.0,7.33,roster,0,149.0,110.0,4.9667,158.71,5.111,1.1,0.4093,3.3864,94.38,26.05,26.8,31.48,33.85
2023-02-14 08:00:00,8,45,45,2.0,15.0,25.0,3.0,0.0,1.0,7,5,29,2,31,2,90.3,1137.0,683.0,1414.0,90.3,3.0,6.77,roster,0,151.0,112.5,5.5926,163.12,6.2533,1.125,0.7386,3.3556,96.52,26.92,26.8,32.88,35.35
2023-02-14 09:00:00,9,42,42,3.0,16.0,23.0,0.0,0.0,1.0,5,3,28,2,30,2,91.3,1199.5,743.0,1474.0,91.3,3.0,6.77,roster,0,148.0,105.0,4.9333,157.21,5.2615,1.05,0.4431,3.5238,90.09,26.05,26.8,34.27,36.85
2023-02-14 10:00:00,10,51,51,3.0,17.0,30.0,0.0,1.0,1.0,12,12,29,2,31,2,92.3,1257.0,797.0,1534.0,92.3,4.0,11.75,roster,0,174.0,127.5,4.8333,178.78,7.8344,1.275,1.0213,3.4118,109.39,26.92,26.8,35.67,38.35
2023-02-14 11:00:00,11,58,58,4.0,18.0,36.0,0.0,0.0,1.0,11,11,33,2,35,2,93.3,1275.0,487.0,1580.0,93.3,4.0,11.75,roster,0,200.0,145.0,10.0,198.34,8.2282,1.45,0.9362,3.4483,124.41,30.39,26.8,36.74,39.5
2023-02-14 12:00:00,12,54,54,4.0,17.0,32.0,1.0,0.0,1.0,5,5,35,2,37,2,94.3,1255.0,364.0,1551.0,94.3,4.0,11.75,roster,0,186.0,135.0,15.5,190.82,6.1157,1.35,0.4255,3.4444,115.83,32.13,26.8,36.06,38.775
2023-02-14 13:00:00,13,58,58,4.0,18.0,35.0,1.0,0.0,1.0,14,12,35,2,37,2,95.3,1170.0,282.0,1581.0,95.3,4.0,11.75,roster,0,199.0,145.0,16.5833,200.1,8.479,1.45,1.0213,3.431,124.41,32.13,26.8,36.76,39.525
2023-02-14 14:00:00,14,57,57,4.0,16.0,35.0,1.0,1.0,1.0,10,9,32,3,35,3,41.0,1037.0,241.0,1589.0,41.0,4.0,11.75,roster,0,192.0,142.5,9.6,209.8,7.3801,1.425,0.766,3.3684,122.26,30.39,40.2,36.94,39.725
2023-02-14 15:00:00,15,45,45,4.0,8.0,31.0,2.0,0.0,1.0,9,7,23,3,26,3,30.567,510.0,259.0,1481.0,30.567,4.0,11.75,roster,0,149.0,112.5,2.6607,173.73,5.6976,1.125,0.5957,3.3111,96.52,22.58,40.2,34.43,37.025
2023-02-14 16:00:00,16,37,37,4.0,7.0,26.0,0.0,0.0,1.0,5,5,20,2,22,2,31.567,570.0,319.0,1586.0,31.567,4.0,11.75,roster,0,126.0,92.5,1.75,142.14,4.5991,0.925,0.4255,3.4054,79.36,19.1,26.8,36.87,39.65
2023-02-14 17:00:00,17,35,35,4.0,6.0,25.0,0.0,0.0,1.0,5,5,18,3,21,3,30.583,447.0,358.0,1410.0,30.583,4.0,11.75,roster,0,119.0,87.5,1.5658,146.29,4.4218,0.875,0.4255,3.4,75.08,18.23,40.2,32.78,35.25
2023-02-14 18:00:00,18,36,36,4.0,6.0,26.0,0.0,0.0,1.0,4,4,20,3,23,3,31.583,481.0,251.0,1470.0,31.583,4.0,11.75,roster,0,122.0,90.0,1.7941,151.57,4.2037,0.9,0.3404,3.3889,77.22,19.97,40.2,34.18,36.75
2023-02-14 19:00:00,19,37,37,5.0,6.0,25.0,1.0,0.0,1.0,9,7,19,3,22,3,32.583,540.0,311.0,1337.0,32.583,4.0,11.75,roster,0,126.0,92.5,1.75,149.75,5.1788,0.925,0.5957,3.4054,79.36,19.1,40.2,31.09,33.425
2023-02-14 20:00:00,20,42,42,5.0,7.0,29.0,1.0,0.0,1.0,13,13,16,4,20,4,33.583,588.5,369.0,1339.0,33.583,4.0,12.76,roster,0,142.0,105.0,1.775,172.19,6.9945,1.05,1.0188,3.381,90.09,17.37,53.6,31.13,33.475
2023-02-14 21:00:00,21,44,44,5.0,6.0,31.0,2.0,0.0,1.0,8,8,17,4,21,4,31.95,619.0,290.0,762.0,31.95,4.0,12.76,roster,0,146.0,110.0,1.9211,163.93,5.7304,1.1,0.627,3.3182,94.38,18.23,53.6,17.72,19.05
2023-02-14 22:00:00,22,42,42,4.0,5.0,33.0,0.0,0.0,1.0,9,6,18,3,21,3,31.683,658.0,340.0,747.0,31.683,3.0,7.78,roster,0,139.0,105.0,2.4386,145.89,6.0273,1.05,0.7712,3.3095,90.09,18.23,40.2,17.37,18.675
2023-02-14 23:00:00,23,48,48,4.0,4.0,39.0,0.0,1.0,1.0,13,10,19,3,22,3,32.683,705.5,235.0,807.0,32.683,3.0,7.78,roster,0,154.0,120.0,2.8519,161.03,7.9738,1.2,1.2853,3.2083,102.96,19.1,40.2,18.76,20.175
2023-02-15 00:00:00,0,40,40,4.0,4.0,31.0,1.0,0.0,1.0,7,6,19,3,22,3,33.683,765.5,249.0,867.0,33.683,3.0,7.78,roster,0,131.0,100.0,2.4259,145.26,5.8007,1.0,0.7712,3.275,85.8,19.1,40.2,20.16,21.675
2023-02-15 01:00:00,1,38,38,4.0,4.0,29.0,1.0,0.0,1.0,2,2,20,3,23,3,34.683,813.0,304.0,927.0,34.683,3.0,7.78,roster,0,125.0,95.0,2.451,143.23,3.9706,0.95,0.2571,3.2895,81.51,19.97,40.2,21.55,23.175
2023-02-15 02:00:00,2,37,37,4.0,5.0,28.0,0.0,0.0,1.0,4,3,20,3,23,3,35.683,873.0,364.0,987.0,35.683,3.0,7.78,roster,0,124.0,92.5,2.4314,142.48,4.3923,0.925,0.3856,3.3514,79.36,19.97,40.2,22.95,24.675
2023-02-15 03:00:00,3,43,43,6.0,5.0,32.0,0.0,0.0,1.0,9,9,21,2,23,2,36.683,933.0,390.0,1047.0,36.683,3.0,7.78,roster,0,146.0,107.5,2.8627,143.35,7.5778,1.075,1.1568,3.3953,92.24,19.97,26.8,24.34,26.175
2023-02-15 04:00:00,4,40,40,6.0,5.0,29.0,0.0,0.0,1.0,1,1,22,2,24,2,37.683,921.0,450.0,1107.0,37.683,3.0,7.78,roster,0,137.0,100.0,2.8542,139.18,3.8652,1.0,0.1285,3.425,85.8,20.84,26.8,25.74,27.675
2023-02-15 05:00:00,5,40,40,6.0,6.0,27.0,0.0,1.0,1.0,3,3,21,2,23,2,38.683,1053.0,510.0,1167.0,38.683,3.0,7.78,roster,0,136.0,100.0,2.6667,139.7,4.7111,1.0,0.3856,3.4,85.8,19.97,26.8,27.13,29.175
2023-02-15 06:00:00,6,42,42,6.0,6.0,30.0,0.0,0.0,1.0,3,3,22,2,24,2,39.683,1041.0,570.0,1227.0,39.683,3.0,7.78,roster,0,144.0,105.0,3.0,146.26,4.9221,1.05,0.3856,3.4286,90.09,20.84,26.8,28.53,30.675
2023-02-15 07:00:00,7,40,40,6.0,6.0,28.0,0.0,0.0,1.0,3,3,23,2,25,2,40.683,1029.0,536.0,1261.0,40.683,3.0,7.78,roster,0,138.0,100.0,3.0667,143.63,4.7803,1.0,0.3856,3.45,85.8,21.71,26.8,29.32,31.525
2023-02-15 08:00:00,8,41,41,6.0,7.0,28.0,0.0,0.0,1.0,5,5,24,2,26,2,41.683,1080.0,570.0,1321.0,41.683,3.0,7.97,roster,0,142.0,102.5,3.381,148.03,5.7228,1.025,0.6274,3.4634,87.94,22.58,26.8,30.71,33.025
2023-02-15 09:00:00,9,43,43,6.0,8.0,29.0,0.0,0.0,1.0,4,4,22,2,24,2,42.683,1140.0,656.0,1381.0,42.683,3.0,7.97,roster,0,149.0,107.5,3.1042,151.98,5.4641,1.075,0.5019,3.4651,92.24,20.84,26.8,32.11,34.525
2023-02-15 10:00:00,10,49,49,7.0,11.0,31.0,0.0,0.0,1.0,9,10,22,2,24,2,43.683,1200.0,716.0,1441.0,43.683,4.0,11.67,roster,0,172.0,122.5,2.6875,166.25,7.3079,1.225,0.8569,3.5102,105.1,20.84,26.8,33.5,36.025
2023-02-15 11:00:00,11,62,62,7.0,12.0,43.0,0.0,0.0,1.0,18,19,26,2,28,2,44.683,1125.0,490.0,1499.0,44.683,4.0,11.67,roster,0,212.0,155.0,4.4167,198.95,10.8671,1.55,1.6281,3.4194,132.99,24.31,26.8,34.85,37.475
2023-02-15 12:00:00,12,55,55,8.0,12.0,35.0,0.0,0.0,1.0,8,8,30,2,32,2,39.283,571.5,120.0,1498.0,39.283,4.0,11.67,roster,0,193.0,137.5,6.0312,187.39,7.2305,1.375,0.6855,3.5091,117.98,27.79,26.8,34.83,37.45
2023-02-15 13:00:00,13,49,49,8.0,10.0,30.0,1.0,0.0,1.0,4,4,29,4,33,4,39.317,203.0,132.0,1371.0,39.317,4.0,11.67,roster,0,172.0,122.5,6.1429,199.23,5.5032,1.225,0.3428,3.5102,105.1,28.65,53.6,31.88,34.275
2023-02-15 14:00:00,14,49,49,7.0,10.0,31.0,1.0,0.0,1.0,5,5,28,4,32,4,40.317,251.5,192.0,1431.0,40.317,4.0,11.67,roster,0,170.0,122.5,5.3125,199.76,5.7365,1.225,0.4284,3.4694,105.1,27.79,53.6,33.27,35.775
2023-02-15 15:00:00,15,50,50,5.0,11.0,32.0,2.0,0.0,1.0,9,8,27,3,30,3,41.317,311.5,252.0,1016.0,41.317,4.0,11.67,roster,0,169.0,125.0,4.225,177.12,6.5421,1.25,0.6855,3.38,107.25,26.05,40.2,23.62,25.4
2023-02-15 16:00:00,16,44,44,5.0,10.0,27.0,2.0,0.0,1.0,8,8,22,2,24,2,42.317,329.5,272.0,641.0,42.317,4.0,11.67,roster,0,150.0,110.0,2.3438,136.92,6.087,1.1,0.6855,3.4091,94.38,20.84,26.8,14.9,16.025
2023-02-15 17:00:00,17,39,39,5.0,8.0,25.0,1.0,0.0,1.0,3,3,21,2,23,2,43.317,387.0,308.0,466.0,43.317,4.0,11.67,roster,0,134.0,97.5,1.9706,121.26,4.2333,0.975,0.2571,3.4359,83.66,19.97,26.8,10.83,11.65
2023-02-15 18:00:00,18,42,42,5.0,10.0,25.0,2.0,0.0,1.0,10,8,21,2,23,2,44.317,434.0,363.0,526.0,44.317,4.0,11.67,roster,0,144.0,105.0,2.1176,129.09,5.9503,1.05,0.6855,3.4286,90.09,19.97,26.8,12.23,13.15
2023-02-15 19:00:00,19,39,39,4.0,8.0,26.0,1.0,0.0,1.0,4,4,22,2,24,2,45.317,473.5,287.0,536.0,45.317,4.0,11.67,roster,0,132.0,97.5,2.0625,123.76,4.4601,0.975,0.3428,3.3846,83.66,20.84,26.8,12.46,13.4
2023-02-15 20:00:00,20,40,40,2.0,9.0,27.0,2.0,0.0,1.0,14,10,17,2,19,2,46.317,512.0,228.0,572.0,46.317,4.0,9.83,roster,0,131.0,100.0,1.5595,122.4,6.6066,1.0,1.0173,3.275,85.8,16.5,26.8,13.3,14.3
2023-02-15 21:00:00,21,32,32,2.0,8.0,20.0,2.0,0.0,1.0,5,4,18,2,20,2,47.317,510.5,228.0,614.0,47.317,4.0,9.83,roster,0,106.0,80.0,1.325,107.08,3.9979,0.8,0.4069,3.3125,68.64,17.37,26.8,14.28,15.35
2023-02-15 22:00:00,22,35,35,2.0,9.0,22.0,2.0,0.0,1.0,8,7,17,2,19,2,48.317,467.0,268.0,665.0,48.317,3.0,6.13,roster,0,116.0,87.5,1.8413,113.83,6.6847,0.875,1.1419,3.3143,75.08,16.5,26.8,15.46,16.625
2023-02-15 23:00:00,23,42,42,2.0,9.0,29.0,2.0,0.0,1.0,12,11,17,2,19,2,49.317,527.0,328.0,725.0,49.317,3.0,6.13,roster,0,137.0,105.0,2.1746,130.24,9.2783,1.05,1.7945,3.2619,90.09,16.5,26.8,16.86,18.125
2023-02-16 00:00:00,0,39,39,2.0,9.0,26.0,2.0,0.0,1.0,8,7,17,2,19,2,50.317,468.0,277.0,785.0,50.317,3.0,6.13,roster,0,128.0,97.5,2.0317,125.2,6.9479,0.975,1.1419,3.2821,83.66,16.5,26.8,18.25,19.625
2023-02-16 01:00:00,1,33,33,2.0,8.0,21.0,2.0,0.0,1.0,3,2,18,2,20,2,51.317,499.0,337.0,845.0,51.317,3.0,6.13,roster,0,109.0,82.5,1.8167,114.6,3.8027,0.825,0.3263,3.303,70.78,17.37,26.8,19.65,21.125
2023-02-16 02:00:00,2,34,34,2.0,8.0,21.0,3.0,0.0,1.0,3,3,18,2,20,2,52.317,559.0,397.0,905.0,52.317,3.0,6.13,roster,0,111.0,85.0,1.85,118.14,4.3727,0.85,0.4894,3.2647,72.93,17.37,26.8,21.04,22.625
2023-02-16 03:00:00,3,30,30,2.0,7.0,19.0,2.0,0.0,1.0,1,1,18,2,20,2,53.317,619.0,457.0,965.0,53.317,3.0,6.13,roster,0,99.0,75.0,1.65,110.95,3.0133,0.75,0.1631,3.3,64.35,17.37,26.8,22.44,24.125
2023-02-16 04:00:00,4,26,26,2.0,7.0,16.0,1.0,0.0,1.0,0,0,18,2,20,2,54.317,679.0,517.0,1025.0,54.317,3.0,6.13,roster,0,88.0,65.0,1.4667,103.77,2.2,0.65,0.0,3.3846,55.77,17.37,26.8,23.83,25.625
2023-02-16 05:00:00,5,29,29,2.0,9.0,17.0,1.0,0.0,1.0,3,3,18,2,20,2,55.317,739.0,577.0,1085.0,55.317,3.0,6.13,roster,0,99.0,72.5,1.65,111.6,4.1457,0.725,0.4894,3.4138,62.2,17.37,26.8,25.23,27.125
2023-02-16 06:00:00,6,29,29,2.0,9.0,17.0,1.0,0.0,1.0,0,0,20,3,23,3,56.317,768.0,557.0,1112.0,56.317,3.0,6.13,roster,0,99.0,72.5,1.9412,128.23,2.475,0.725,0.0,3.4138,62.2,19.97,40.2,25.85,27.8
2023-02-16 07:00:00,7,32,32,3.0,9.0,19.0,1.0,0.0,1.0,3,3,20,3,23,3,57.317,828.0,617.0,1172.0,57.317,3.0,6.13,roster,0,110.0,80.0,2.1569,136.06,4.4323,0.8,0.4894,3.4375,68.64,19.97,40.2,27.25,29.3
2023-02-16 08:00:00,8,38,38,3.0,11.0,23.0,1.0,0.0,1.0,8,7,22,3,25,3,58.317,873.0,557.0,1208.0,58.317,3.0,8.69,roster,0,130.0,95.0,2.8889,151.5,6.0057,0.95,0.8055,3.4211,81.51,21.71,40.2,28.09,30.2
2023-02-16 09:00:00,9,40,40,3.0,13.0,23.0,1.0,0.0,1.0,4,5,24,3,27,3,59.317,817.0,252.0,1263.0,59.317,3.0,8.69,roster,0,138.0,100.0,3.5385,158.81,5.435,1.0,0.5754,3.45,85.8,23.44,40.2,29.36,31.575
2023-02-16 10:00:00,10,52,52,3.0,15.0,26.0,4.0,4.0,1.0,16,15,25,3,28,3,60.317,869.5,312.0,1323.0,60.317,4.0,12.15,roster,0,165.0,130.0,3.4375,186.81,8.0424,1.3,1.2346,3.1731,111.54,24.31,40.2,30.76,33.075
2023-02-16 11:00:00,11,46,46,5.0,14.0,21.0,6.0,0.0,1.0,8,6,24,4,28,4,61.317,797.0,243.0,1128.0,61.317,4.0,12.15,roster,0,156.0,115.0,3.25,182.81,5.5747,1.15,0.4938,3.3913,98.67,24.31,53.6,26.23,28.2
2023-02-16 12:00:00,12,35,35,4.0,12.0,15.0,4.0,0.0,1.0,3,2,22,4,26,4,62.317,586.5,258.0,1128.0,62.317,4.0,12.15,roster,0,121.0,87.5,2.1607,157.48,3.5941,0.875,0.1646,3.4571,75.08,22.58,53.6,26.23,28.2
2023-02-16 13:00:00,13,34,34,4.0,12.0,15.0,3.0,0.0,1.0,6,6,19,3,22,3,63.317,494.0,311.0,1173.0,63.317,4.0,12.15,roster,0,119.0,85.0,1.6528,139.5,4.7034,0.85,0.4938,3.5,72.93,19.1,40.2,27.27,29.325
2023-02-16 14:00:00,14,29,29,3.0,11.0,12.0,3.0,0.0,1.0,3,2,19,4,23,4,64.317,552.0,328.0,1233.0,64.317,4.0,12.15,roster,0,101.0,72.5,1.4853,144.44,3.0983,0.725,0.1646,3.4828,62.2,19.97,53.6,28.67,30.825
2023-02-16 15:00:00,15,27,27,3.0,7.0,9.0,7.0,1.0,1.0,8,8,14,4,18,4,65.317,482.0,272.0,1288.0,65.317,4.0,12.15,roster,0,85.0,67.5,0.9659,137.09,4.1979,0.675,0.6584,3.1481,57.92,15.63,53.6,29.95,32.2
2023-02-16 16:00:00,16,27,27,2.0,7.0,11.0,7.0,0.0,1.0,10,9,9,4,13,4,66.317,405.0,239.0,1037.0,66.317,4.0,12.15,roster,0,85.0,67.5,0.787,126.91,4.457,0.675,0.7407,3.1481,57.92,11.29,53.6,24.11,25.925
2023-02-16 17:00:00,17,22,22,1.0,5.0,10.0,5.0,1.0,1.0,5,4,10,3,13,3,67.317,321.0,182.0,508.0,67.317,4.0,12.15,roster,0,66.0,55.0,0.6111,90.49,2.6377,0.55,0.3292,3.0,47.19,11.29,40.2,11.81,12.7
2023-02-16 18:00:00,18,22,22,1.0,7.0,11.0,3.0,0.0,1.0,8,8,10,3,13,3,68.317,359.0,197.0,525.0,68.317,4.0,12.15,roster,0,72.0,55.0,0.6667,90.88,3.9549,0.55,0.6584,3.2727,47.19,11.29,40.2,12.21,13.125
2023-02-16 19:00:00,19,28,28,0.0,6.0,15.0,7.0,0.0,1.0,11,8,13,2,15,2,32.233,302.0,157.0,512.0,32.233,4.0,12.15,roster,0,83.0,70.0,0.83,91.79,4.0268,0.7,0.6584,2.9643,60.06,13.02,26.8,11.9,12.8
2023-02-16 20:00:00,20,25,25,0.0,3.0,13.0,9.0,0.0,1.0,7,7,12,2,14,2,9.533,270.0,144.0,465.0,9.533,4.0,9.86,roster,0,69.0,62.5,0.6635,83.39,3.6844,0.625,0.7099,2.76,53.62,12.16,26.8,10.81,11.625
2023-02-16 21:00:00,21,28,28,0.0,3.0,18.0,7.0,0.0,1.0,11,11,12,2,14,2,10.533,289.5,193.0,525.0,10.533,4.0,9.86,roster,0,80.0,70.0,0.7692,91.22,5.1875,0.7,1.1156,2.8571,60.06,12.16,26.8,12.21,13.125
2023-02-16 22:00:00,22,24,24,0.0,4.0,16.0,4.0,0.0,1.0,5,3,11,2,13,2,11.533,337.0,253.0,437.0,11.533,3.0,6.4,roster,0,72.0,60.0,0.8889,79.73,3.2063,0.6,0.4688,3.0,51.48,11.29,26.8,10.16,10.925
2023-02-16 23:00:00,23,27,27,0.0,4.0,18.0,5.0,0.0,1.0,10,10,12,2,14,2,12.533,363.5,240.0,497.0,12.533,3.0,6.4,roster,0,80.0,67.5,1.0256,88.43,6.6296,0.675,1.5625,2.963,57.92,12.16,26.8,11.56,12.425
2023-02-17 00:00:00,0,32,32,0.0,5.0,19.0,8.0,0.0,1.0,9,8,13,2,15,2,13.533,390.0,206.0,557.0,13.533,3.0,6.4,roster,0,93.0,80.0,1.24,101.41,5.9578,0.8,1.25,2.9062,68.64,13.02,26.8,12.95,13.925
2023-02-17 01:00:00,1,31,31,0.0,7.0,20.0,4.0,0.0,1.0,8,7,13,2,15,2,14.533,450.0,266.0,617.0,14.533,3.0,6.4,roster,0,96.0,77.5,1.28,100.66,5.7871,0.775,1.0938,3.0968,66.5,13.02,26.8,14.35,15.425
2023-02-17 02:00:00,2,30,30,0.0,8.0,20.0,2.0,0.0,1.0,3,4,14,2,16,2,15.533,507.0,326.0,677.0,15.533,3.0,6.4,roster,0,96.0,75.0,1.3333,100.78,4.4,0.75,0.625,3.2,64.35,13.89,26.8,15.74,16.925
2023-02-17 03:00:00,3,25,25,0.0,8.0,16.0,1.0,0.0,1.0,2,2,14,2,16,2,16.533,567.0,386.0,737.0,16.533,3.0,6.4,roster,0,82.0,62.5,1.1389,91.45,3.075,0.625,0.3125,3.28,53.62,13.89,26.8,17.14,18.425
2023-02-17 04:00:00,4,26,26,0.0,9.0,16.0,1.0,0.0,1.0,4,3,14,3,17,3,17.533,624.0,423.0,778.0,17.533,3.0,6.4,roster,0,86.0,65.0,1.2464,108.82,3.7005,0.65,0.4688,3.3077,55.77,14.76,40.2,18.09,19.45
2023-02-17 05:00:00,5,29,29,0.0,9.0,19.0,1.0,0.0,1.0,4,4,14,3,17,3,18.533,684.0,472.0,838.0,18.533,3.0,6.4,roster,0,95.0,72.5,1.3768,116.65,4.4224,0.725,0.625,3.2759,62.2,14.76,40.2,19.48,20.95
2023-02-17 06:00:00,6,33,33,0.0,10.0,22.0,1.0,0.0,1.0,5,4,16,3,19,3,19.533,733.0,300.0,898.0,19.533,3.0,6.4,roster,0,108.0,82.5,1.7143,128.36,4.7455,0.825,0.625,3.2727,70.78,16.5,40.2,20.88,22.45
2023-02-17 07:00:00,7,32,32,0.0,10.0,21.0,1.0,0.0,1.0,4,4,15,2,17,2,20.533,804.0,592.0,958.0,20.533,3.0,6.4,roster,0,105.0,80.0,1.5217,112.47,4.6758,0.8,0.625,3.2812,68.64,14.76,26.8,22.27,23.95
2023-02-17 08:00:00,8,31,31,0.0,9.0,21.0,1.0,0.0,1.0,0,0,16,3,19,3,21.533,853.0,420.0,1018.0,21.533,3.0,6.36,roster,0,101.0,77.5,1.6032,126.86,2.525,0.775,0.0,3.2581,66.5,16.5,40.2,23.67,25.45
2023-02-17 09:00:00,9,35,35,0.0,10.0,21.0,4.0,0.0,1.0,7,7,15,3,18,3,22.533,876.5,480.0,1078.0,22.533,3.0,6.36,roster,0,111.0,87.5,1.6818,135.97,6.2656,0.875,1.1006,3.1714,75.08,15.63,40.2,25.06,26.95
2023-02-17 10:00:00,10,46,46,1.0,10.0,31.0,4.0,0.0,1.0,13,13,19,3,22,3,23.533,789.0,193.0,1082.0,23.533,4.0,10.06,roster,0,146.0,115.0,2.0278,163.13,7.7515,1.15,1.2922,3.1739,98.67,19.1,40.2,25.16,27.05
2023-02-17 11:00:00,11,51,51,1.0,10.0,36.0,4.0,0.0,1.0,10,10,19,3,22,3,24.533,849.0,253.0,1142.0,24.533,4.0,10.06,roster,0,161.0,127.5,2.2361,175.25,7.163,1.275,0.994,3.1569,109.39,19.1,40.2,26.55,28.55
2023-02-17 12:00:00,12,52,52,0.0,10.0,37.0,5.0,0.0,1.0,11,10,24,3,27,3,25.533,531.0,119.0,1104.0,25.533,4.0,10.06,roster,0,161.0,130.0,3.0962,180.85,7.1027,1.3,0.994,3.0962,111.54,23.44,40.2,25.67,27.6
2023-02-17 13:00:00,13,49,49,0.0,9.0,38.0,2.0,0.0,1.0,8,6,24,3,27,3,26.533,373.0,176.0,1164.0,26.533,4.0,10.06,roster,0,154.0,122.5,2.9615,175.81,5.7245,1.225,0.5964,3.1429,105.1,23.44,40.2,27.06,29.1
2023-02-17 14:00:00,14,42,42,0.0,8.0,33.0,1.0,0.0,1.0,7,7,20,3,23,3,26.35,433.0,231.0,1224.0,26.35,4.0,10.06,roster,0,133.0,105.0,1.9559,158.72,5.5284,1.05,0.6958,3.1667,90.09,19.97,40.2,28.46,30.6
2023-02-17 15:00:00,15,39,39,0.0,5.0,34.0,0.0,0.0,1.0,7,7,16,3,19,3,27.35,318.0,196.0,1284.0,27.35,4.0,10.06,roster,0,122.0,97.5,1.4524,150.21,5.2267,0.975,0.6958,3.1282,83.66,16.5,40.2,29.85,32.1
2023-02-17 16:00:00,16,36,36,0.0,4.0,32.0,0.0,0.0,1.0,4,4,15,1,16,1,27.75,361.5,256.0,1344.0,27.75,4.0,10.06,roster,0,112.0,90.0,1.1667,115.76,4.037,0.9,0.3976,3.1111,77.22,13.89,13.4,31.25,33.6
2023-02-17 17:00:00,17,39,39,0.0,4.0,35.0,0.0,0.0,1.0,8,8,15,1,16,1,28.75,421.5,316.0,1404.0,28.75,4.0,10.06,roster,0,121.0,97.5,1.2604,123.59,5.4922,0.975,0.7952,3.1026,83.66,13.89,13.4,32.64,35.1
2023-02-17 18:00:00,18,38,38,0.0,5.0,33.0,0.0,0.0,1.0,10,10,14,0,14,0,15.95,414.5,186.0,498.0,14.85,4.0,10.06,roster,0,119.0,95.0,1.1442,85.24,6.0879,0.95,0.994,3.1316,81.51,12.16,0.0,11.58,12.45
2023-02-17 19:00:00,19,37,37,0.0,3.0,34.0,0.0,0.0,1.0,10,9,13,1,14,1,10.617,285.0,143.0,513.0,10.617,4.0,10.06,roster,0,114.0,92.5,1.0962,96.85,5.6064,0.925,0.8946,3.0811,79.36,12.16,13.4,11.93,12.825
2023-02-17 20:00:00,20,38,38,0.0,2.0,35.0,1.0,0.0,1.0,8,8,11,2,13,2,11.617,268.0,137.0,387.0,11.617,4.0,13.1,roster,0,115.0,95.0,1.0648,108.6,4.7231,0.95,0.6107,3.0263,81.51,11.29,26.8,9.0,9.675
2023-02-17 21:00:00,21,30,30,0.0,2.0,27.0,1.0,0.0,1.0,4,4,13,2,15,2,12.617,293.0,188.0,447.0,12.617,4.0,13.1,roster,0,91.0,75.0,0.91,94.57,3.2012,0.75,0.3053,3.0333,64.35,13.02,26.8,10.39,11.175
2023-02-17 22:00:00,22,31,31,0.0,2.0,28.0,1.0,0.0,1.0,12,10,11,1,12,1,13.3,290.0,248.0,504.0,11.55,3.0,9.4,roster,0,94.0,77.5,1.119,82.03,5.5758,0.775,1.0638,3.0323,66.5,10.42,13.4,11.72,12.6
2023-02-17 23:00:00,23,29,29,0.0,2.0,24.0,3.0,0.0,1.0,10,9,11,1,12,1,12.55,316.0,236.0,564.0,12.55,3.0,9.4,roster,0,86.0,72.5,1.0238,79.14,4.9893,0.725,0.9574,2.9655,62.2,10.42,13.4,13.11,14.1
2023-02-18 00:00:00,0,28,28,0.0,2.0,24.0,2.0,0.0,1.0,9,9,12,0,12,0,13.55,371.5,197.0,624.0,13.55,3.0,9.4,roster,0,84.0,70.0,1.0,64.99,4.9723,0.7,0.9574,3.0,60.06,10.42,0.0,14.51,15.6
2023-02-18 01:00:00,1,28,28,0.0,2.0,25.0,1.0,0.0,1.0,2,3,13,0,13,0,14.55,428.0,234.0,533.0,14.55,3.0,9.4,roster,0,85.0,70.0,1.0494,63.74,3.0938,0.7,0.3191,3.0357,60.06,11.29,0.0,12.39,13.325
2023-02-18 02:00:00,2,27,27,0.0,2.0,24.0,1.0,0.0,1.0,5,5,13,0,13,0,15.55,488.0,294.0,593.0,15.55,3.0,9.4,roster,0,82.0,67.5,1.0123,62.99,3.6654,0.675,0.5319,3.037,57.92,11.29,0.0,13.79,14.825
2023-02-18 03:00:00,3,26,26,0.0,2.0,22.0,2.0,0.0,1.0,2,2,14,0,14,0,16.55,512.0,351.0,653.0,16.55,3.0,9.4,roster,0,78.0,65.0,1.0,63.11,2.5883,0.65,0.2128,3.0,55.77,12.16,0.0,15.18,16.325
2023-02-18 04:00:00,4,27,27,0.0,2.0,23.0,2.0,0.0,1.0,4,3,14,0,14,0,17.55,572.0,411.0,713.0,17.55,3.0,9.4,roster,0,81.0,67.5,1.0385,66.65,2.9824,0.675,0.3191,3.0,57.92,12.16,0.0,16.58,17.825
2023-02-18 05:00:00,5,24,24,0.0,3.0,20.0,1.0,0.0,1.0,2,2,14,0,14,0,18.55,632.0,471.0,773.0,18.55,3.0,9.4,roster,0,74.0,60.0,0.9487,61.61,2.506,0.6,0.2128,3.0833,51.48,12.16,0.0,17.97,19.325
2023-02-18 06:00:00,6,25,25,0.0,3.0,21.0,1.0,0.0,1.0,1,1,15,0,15,0,19.55,656.0,444.0,833.0,19.55,3.0,9.4,roster,0,77.0,62.5,1.0267,66.02,2.2527,0.625,0.1064,3.08,53.62,13.02,0.0,19.37,20.825
2023-02-18 07:00:00,7,29,29,0.0,3.0,22.0,3.0,1.0,1.0,5,5,15,0,15,0,20.55,716.0,504.0,893.0,20.55,3.0,9.4,roster,0,85.0,72.5,1.1333,75.99,3.6841,0.725,0.5319,2.931,62.2,13.02,0.0,20.76,22.325
2023-02-18 08:00:00,8,24,24,0.0,4.0,19.0,1.0,0.0,1.0,2,2,16,0,16,0,21.55,726.5,564.0,953.0,21.55,3.0,7.31,roster,0,75.0,60.0,1.0417,67.53,2.73,0.6,0.2736,3.125,51.48,13.89,0.0,22.16,23.825
2023-02-18 09:00:00,9,25,25,0.0,5.0,19.0,1.0,0.0,1.0,8,8,13,0,13,0,19.45,737.0,624.0,983.0,19.45,3.0,7.31,roster,0,79.0,62.5,0.9753,67.77,5.4333,0.625,1.0944,3.16,53.62,11.29,0.0,22.85,24.575
2023-02-18 10:00:00,10,28,28,0.0,9.0,18.0,1.0,0.0,1.0,9,9,13,0,13,0,20.45,771.0,534.0,1043.0,20.45,4.0,10.65,roster,0,92.0,70.0,0.8519,75.6,5.0767,0.7,0.8451,3.2857,60.06,11.29,0.0,24.25,26.075
2023-02-18 11:00:00,11,30,30,0.0,7.0,22.0,1.0,0.0,1.0,9,8,13,0,13,0,21.45,744.0,125.0,1103.0,21.45,4.0,10.65,roster,0,96.0,75.0,0.8889,81.28,4.8038,0.75,0.7512,3.2,64.35,11.29,0.0,25.64,27.575
2023-02-18 12:00:00,12,25,25,0.0,8.0,17.0,0.0,0.0,1.0,8,6,9,1,10,1,19.383,183.0,131.0,804.0,19.383,4.0,10.65,roster,0,83.0,62.5,0.6917,74.4,3.9454,0.625,0.5634,3.32,53.62,8.68,13.4,18.69,20.1
2023-02-18 13:00:00,13,29,29,0.0,8.0,21.0,0.0,0.0,1.0,11,11,9,1,10,1,20.383,217.5,120.0,864.0,20.383,4.0,10.65,roster,0,95.0,72.5,0.7917,84.38,5.7585,0.725,1.0329,3.2759,62.2,8.68,13.4,20.09,21.6
2023-02-18 14:00:00,14,30,30,0.0,9.0,21.0,0.0,0.0,1.0,9,8,9,1,10,1,21.383,186.5,116.0,924.0,21.383,4.0,10.65,roster,0,99.0,75.0,0.825,87.92,4.9539,0.75,0.7512,3.3,64.35,8.68,13.4,21.48,23.1
2023-02-18 15:00:00,15,29,29,0.0,7.0,20.0,2.0,0.0,1.0,9,9,8,2,10,2,17.9,221.0,138.0,834.0,17.9,4.0,10.65,roster,0,92.0,72.5,0.7667,97.08,4.9809,0.725,0.8451,3.1724,62.2,8.68,26.8,19.39,20.85
2023-02-18 16:00:00,16,27,27,1.0,4.0,20.0,2.0,0.0,1.0,8,8,6,1,7,1,18.9,236.0,100.0,318.0,18.9,4.0,10.65,roster,0,85.0,67.5,0.6439,64.79,4.4898,0.675,0.7512,3.1481,57.92,6.08,13.4,7.39,7.95
2023-02-18 17:00:00,17,24,24,1.0,3.0,18.0,2.0,0.0,1.0,6,5,5,2,7,2,19.9,99.0,94.0,327.0,19.9,4.0,10.65,roster,0,75.0,60.0,0.5682,71.96,3.3421,0.6,0.4695,3.125,51.48,6.08,26.8,7.6,8.175
2023-02-18 18:00:00,18,24,24,0.0,4.0,18.0,2.0,0.0,1.0,7,7,6,1,7,1,16.967,154.0,87.0,198.0,6.45,4.0,10.65,roster,0,74.0,60.0,0.5606,55.56,3.8766,0.6,0.6573,3.0833,51.48,6.08,13.4,4.6,4.95
2023-02-18 19:00:00,19,20,20,0.0,5.0,12.0,3.0,0.0,1.0,7,6,5,1,6,1,17.967,139.0,116.0,204.0,3.6,4.0,10.65,roster,0,62.0,50.0,0.4559,46.25,3.2965,0.5,0.5634,3.1,42.9,5.21,13.4,4.74,5.1
2023-02-18 20:00:00,20,19,19,0.0,4.0,14.0,1.0,0.0,1.0,4,5,6,1,7,1,18.967,176.0,93.0,207.0,4.6,4.0,10.52,roster,0,60.0,47.5,0.4545,45.05,3.0009,0.475,0.4753,3.1579,40.75,6.08,13.4,4.81,5.175
2023-02-18 21:00:00,21,27,27,0.0,4.0,22.0,1.0,0.0,1.0,18,15,4,1,5,1,19.967,153.0,123.0,251.0,5.6,4.0,10.52,roster,0,84.0,67.5,0.6,61.49,6.536,0.675,1.4259,3.1111,57.92,4.34,13.4,5.84,6.275
2023-02-18 22:00:00,22,23,23,0.0,2.0,20.0,1.0,0.0,1.0,6,4,5,1,6,1,20.967,103.0,78.0,148.0,5.183,3.0,7.18,roster,0,70.0,57.5,0.6863,51.39,3.4455,0.575,0.5571,3.0435,49.33,5.21,13.4,3.44,3.7
2023-02-18 23:00:00,23,23,23,0.0,5.0,16.0,1.0,1.0,1.0,12,8,6,1,7,1,21.967,162.0,123.0,208.0,6.183,3.0,7.18,roster,0,71.0,57.5,0.7172,53.65,5.2145,0.575,1.1142,3.087,49.33,6.08,13.4,4.84,5.2
2023-02-19 00:00:00,0,22,22,1.0,5.0,15.0,1.0,0.0,1.0,5,4,9,2,11,2,22.967,183.0,94.0,224.0,7.183,3.0,7.18,roster,0,72.0,55.0,0.8276,68.75,3.6232,0.55,0.5571,3.2727,47.19,9.55,26.8,5.21,5.6
2023-02-19 01:00:00,1,24,24,1.0,5.0,17.0,1.0,0.0,1.0,7,7,8,2,10,2,23.967,231.0,154.0,282.0,5.467,3.0,7.18,roster,0,78.0,60.0,0.8667,73.52,5.1185,0.6,0.9749,3.25,51.48,8.68,26.8,6.56,7.05
2023-02-19 02:00:00,2,26,26,1.0,4.0,17.0,4.0,0.0,1.0,6,6,9,2,11,2,24.967,279.0,153.0,342.0,6.467,3.0,7.18,roster,0,80.0,65.0,0.9195,80.07,4.5712,0.65,0.8357,3.0769,55.77,9.55,26.8,7.95,8.55
2023-02-19 03:00:00,3,24,24,1.0,5.0,15.0,3.0,0.0,1.0,2,1,10,2,12,2,25.967,310.5,213.0,402.0,7.467,3.0,7.18,roster,0,76.0,60.0,0.9048,78.05,2.341,0.6,0.1393,3.1667,51.48,10.42,26.8,9.35,10.05
2023-02-19 04:00:00,4,23,23,0.0,4.0,16.0,3.0,0.0,1.0,6,3,10,1,11,1,26.967,399.0,194.0,462.0,8.467,3.0,7.18,roster,0,70.0,57.5,0.8046,63.03,3.0216,0.575,0.4178,3.0435,49.33,9.55,13.4,10.74,11.55
2023-02-19 05:00:00,5,26,26,0.0,4.0,18.0,4.0,0.0,1.0,6,6,10,1,11,1,27.967,459.0,254.0,522.0,9.467,3.0,7.18,roster,0,78.0,65.0,0.8966,70.86,4.457,0.65,0.8357,3.0,55.77,9.55,13.4,12.14,13.05
2023-02-19 06:00:00,6,27,27,0.0,4.0,19.0,4.0,0.0,1.0,4,4,12,1,13,1,28.967,462.0,304.0,558.0,10.467,3.0,7.18,roster,0,81.0,67.5,1.0,75.58,3.6963,0.675,0.5571,3.0,57.92,11.29,13.4,12.97,13.95
2023-02-19 07:00:00,7,24,24,0.0,4.0,16.0,4.0,0.0,1.0,1,1,11,1,12,1,29.967,550.5,374.0,642.0,11.467,3.0,7.18,roster,0,72.0,60.0,0.8571,70.23,2.2178,0.6,0.1393,3.0,51.48,10.42,13.4,14.93,16.05
2023-02-19 08:00:00,8,22,22,0.0,5.0,15.0,2.0,0.0,1.0,5,4,11,1,12,1,30.967,610.5,434.0,702.0,12.467,3.0,7.33,roster,0,69.0,55.0,0.8214,67.33,3.4365,0.55,0.5457,3.1364,47.19,10.42,13.4,16.32,17.55
2023-02-19 09:00:00,9,27,27,0.0,5.0,16.0,4.0,2.0,1.0,8,8,12,1,13,1,31.967,606.0,443.0,738.0,13.467,3.0,7.33,roster,0,78.0,67.5,0.963,79.76,5.1029,0.675,1.0914,2.8889,57.92,11.29,13.4,17.16,18.45
2023-02-19 10:00:00,10,27,27,0.0,2.0,17.0,7.0,1.0,1.0,9,8,9,1,10,1,14.467,656.5,503.0,822.0,14.467,4.0,10.65,roster,0,74.0,67.5,0.6167,79.11,3.9088,0.675,0.7512,2.7407,57.92,8.68,13.4,19.11,20.55
2023-02-19 11:00:00,11,23,23,0.0,0.0,14.0,8.0,1.0,1.0,11,8,4,1,5,1,14.7,604.0,409.0,858.0,14.7,4.0,10.65,roster,0,59.0,57.5,0.4214,67.03,3.4019,0.575,0.7512,2.5652,49.33,4.34,13.4,19.95,21.45
2023-02-19 12:00:00,12,19,19,0.0,0.0,12.0,7.0,0.0,1.0,8,8,3,0,3,0,15.7,664.0,262.0,942.0,15.7,4.0,10.65,roster,0,50.0,47.5,0.3378,45.26,3.2268,0.475,0.7512,2.6316,40.75,2.6,0.0,21.9,23.55
2023-02-19 13:00:00,13,14,14,0.0,0.0,8.0,6.0,0.0,1.0,4,3,4,0,4,0,16.7,418.5,113.0,1002.0,16.7,4.0,10.65,roster,0,36.0,35.0,0.25,36.8,1.6243,0.35,0.2817,2.5714,30.03,3.47,0.0,23.3,25.05
2023-02-19 14:00:00,14,14,14,0.0,0.0,7.0,7.0,0.0,1.0,6,6,2,0,2,0,13.067,478.5,173.0,784.0,13.067,4.0,10.65,roster,0,35.0,35.0,0.2303,29.99,2.2835,0.35,0.5634,2.5,30.03,1.74,0.0,18.23,19.6
2023-02-19 15:00:00,15,21,21,1.0,0.0,13.0,6.0,1.0,1.0,16,14,2,0,2,0,14.067,538.5,233.0,844.0,14.067,4.0,10.65,roster,0,57.0,52.5,0.375,46.4,4.9931,0.525,1.3146,2.7143,45.04,1.74,0.0,19.62,21.1
2023-02-19 16:00:00,16,22,22,1.0,1.0,12.0,8.0,0.0,1.0,14,12,5,0,5,0,15.067,80.0,64.0,96.0,15.067,4.0,10.65,roster,0,61.0,55.0,0.4357,33.76,4.6492,0.55,1.1268,2.7727,47.19,4.34,0.0,2.23,2.4
2023-02-19 17:00:00,17,26,26,1.0,2.0,18.0,5.0,0.0,1.0,12,10,4,0,4,0,16.067,132.0,124.0,964.0,16.067,4.0,10.65,roster,0,77.0,65.0,0.5347,61.66,4.7058,0.65,0.939,2.9615,55.77,3.47,0.0,22.41,24.1
2023-02-19 18:00:00,18,22,22,1.0,3.0,14.0,4.0,0.0,1.0,6,5,4,0,4,0,17.067,192.0,184.0,1024.0,17.067,4.0,10.65,roster,0,67.0,55.0,0.4653,54.47,3.1048,0.55,0.4695,3.0455,47.19,3.47,0.0,23.81,25.6
2023-02-19 19:00:00,19,23,23,0.0,2.0,12.0,9.0,0.0,1.0,16,12,3,0,3,0,18.067,244.0,66.0,1084.0,18.067,4.0,10.65,roster,0,62.0,57.5,0.4189,57.14,4.5874,0.575,1.1268,2.6957,49.33,2.6,0.0,25.2,27.1
2023-02-19 20:00:00,20,23,23,0.0,3.0,13.0,7.0,0.0,1.0,11,10,4,0,4,0,19.067,215.0,126.0,1144.0,19.067,4.0,9.72,roster,0,65.0,57.5,0.4514,59.41,4.5325,0.575,1.0288,2.8261,49.33,3.47,0.0,26.6,28.6
2023-02-19 21:00:00,21,26,26,0.0,4.0,17.0,5.0,0.0,1.0,8,7,4,0,4,0,20.067,275.0,186.0,1204.0,20.067,4.0,9.72,roster,0,77.0,65.0,0.5347,67.24,4.0578,0.65,0.7202,2.9615,55.77,3.47,0.0,27.99,30.1
2023-02-19 22:00:00,22,24,24,0.0,4.0,15.0,5.0,0.0,1.0,8,7,4,1,5,1,21.067,214.0,116.0,246.0,21.067,3.0,6.4,roster,0,71.0,60.0,0.6762,54.94,5.0107,0.6,1.0938,2.9583,51.48,4.34,13.4,5.72,6.15
2023-02-19 23:00:00,23,22,22,0.0,4.0,13.0,5.0,0.0,1.0,5,3,5,1,6,1,22.067,225.0,138.0,306.0,22.067,3.0,6.4,roster,0,65.0,55.0,0.6373,52.91,3.0099,0.55,0.4688,2.9545,47.19,5.21,13.4,7.11,7.65
2023-02-20 00:00:00,0,22,22,0.0,4.0,13.0,5.0,0.0,1.0,7,3,5,1,6,1,23.067,285.0,198.0,366.0,23.067,3.0,6.4,roster,0,65.0,55.0,0.6373,54.31,3.0099,0.55,0.4688,2.9545,47.19,5.21,13.4,8.51,9.15
2023-02-20 01:00:00,1,27,27,1.0,3.0,17.0,6.0,0.0,1.0,7,7,5,1,6,1,24.067,345.0,258.0,426.0,24.067,3.0,6.4,roster,0,80.0,67.5,0.7843,66.43,5.2407,0.675,1.0938,2.963,57.92,5.21,13.4,9.9,10.65
2023-02-20 02:00:00,2,28,28,1.0,2.0,20.0,5.0,0.0,1.0,7,6,5,1,6,1,25.067,386.0,292.0,486.0,25.067,3.0,6.4,roster,0,83.0,70.0,0.8137,69.97,4.854,0.7,0.9375,2.9643,60.06,5.21,13.4,11.3,12.15
2023-02-20 03:00:00,3,25,25,1.0,2.0,17.0,5.0,0.0,1.0,3,3,5,1,6,1,26.067,446.0,352.0,546.0,26.067,3.0,6.4,roster,0,74.0,62.5,0.7255,64.93,3.2375,0.625,0.4688,2.96,53.62,5.21,13.4,12.69,13.65
2023-02-20 04:00:00,4,20,20,0.0,2.0,14.0,4.0,0.0,1.0,1,1,5,0,5,0,27.067,574.0,438.0,606.0,27.067,3.0,6.4,roster,0,58.0,50.0,0.5524,41.33,1.9031,0.5,0.1562,2.9,42.9,4.34,0.0,14.09,15.15
2023-02-20 05:00:00,5,20,20,0.0,2.0,13.0,5.0,0.0,1.0,1,1,5,0,5,0,28.067,634.0,498.0,666.0,28.067,3.0,6.4,roster,0,57.0,50.0,0.5429,42.73,1.8703,0.5,0.1562,2.85,42.9,4.34,0.0,15.48,16.65
2023-02-20 06:00:00,6,19,19,0.0,2.0,12.0,5.0,0.0,1.0,1,1,5,0,5,0,29.067,694.0,558.0,726.0,29.067,3.0,6.4,roster,0,54.0,47.5,0.5143,41.98,1.7941,0.475,0.1562,2.8421,40.75,4.34,0.0,16.88,18.15
2023-02-20 07:00:00,7,17,17,0.0,3.0,9.0,5.0,0.0,1.0,1,1,6,0,6,0,30.067,686.0,592.0,786.0,30.067,3.0,6.4,roster,0,49.0,42.5,0.4804,39.95,1.6754,0.425,0.1562,2.8824,36.46,5.21,0.0,18.27,19.65
2023-02-20 08:00:00,8,16,16,0.0,2.0,8.0,6.0,0.0,1.0,2,2,5,0,5,0,31.067,814.0,678.0,846.0,31.067,3.0,6.61,roster,0,44.0,40.0,0.419,38.33,1.9321,0.4,0.3026,2.75,34.32,4.34,0.0,19.67,21.15
2023-02-20 09:00:00,9,17,17,0.0,3.0,9.0,5.0,0.0,1.0,7,5,5,0,5,0,32.067,874.0,738.0,906.0,32.067,3.0,6.61,roster,0,49.0,42.5,0.4667,41.87,3.4053,0.425,0.7564,2.8824,36.46,4.34,0.0,21.06,22.65
2023-02-20 10:00:00,10,22,22,0.0,4.0,16.0,2.0,0.0,1.0,9,9,5,0,5,0,33.067,934.0,798.0,966.0,33.067,4.0,9.93,roster,0,68.0,55.0,0.4857,53.99,4.5014,0.55,0.9063,3.0909,47.19,4.34,0.0,22.46,24.15
2023-02-20 11:00:00,11,23,23,0.0,6.0,14.0,3.0,0.0,1.0,5,5,6,0,6,0,21.5,845.0,104.0,994.0,17.1,4.0,9.93,roster,0,72.0,57.5,0.5294,57.66,3.3763,0.575,0.5035,3.1304,49.33,5.21,0.0,23.11,24.85
2023-02-20 12:00:00,12,21,21,0.0,7.0,11.0,2.0,1.0,1.0,6,5,9,0,9,0,22.5,136.0,115.0,892.0,18.1,4.0,9.93,roster,0,66.0,52.5,0.5323,53.6,3.2325,0.525,0.5035,3.1429,45.04,7.81,0.0,20.74,22.3
2023-02-20 13:00:00,13,21,21,0.0,8.0,9.0,4.0,0.0,1.0,7,4,9,1,10,1,23.5,177.0,148.0,952.0,19.1,4.0,9.93,roster,0,67.0,52.5,0.5583,69.26,2.9602,0.525,0.4028,3.1905,45.04,8.68,13.4,22.13,23.8
2023-02-20 14:00:00,14,22,22,0.0,10.0,10.0,2.0,0.0,1.0,8,7,7,1,8,1,24.5,221.5,177.0,1174.0,20.1,4.0,9.93,roster,0,74.0,55.0,0.5781,74.83,4.2211,0.55,0.7049,3.3636,47.19,6.95,13.4,27.3,29.35
2023-02-20 15:00:00,15,20,20,1.0,6.0,11.0,2.0,0.0,1.0,10,6,5,1,6,1,25.5,194.0,76.0,268.0,4.983,4.0,9.93,roster,0,66.0,50.0,0.4853,47.74,3.644,0.5,0.6042,3.3,42.9,5.21,13.4,6.23,6.7
2023-02-20 16:00:00,16,18,18,1.0,4.0,11.0,2.0,0.0,1.0,5,5,4,2,6,2,26.5,133.0,78.0,211.0,4.95,4.0,9.93,roster,0,58.0,45.0,0.4265,55.53,3.0725,0.45,0.5035,3.2222,38.61,5.21,26.8,4.91,5.275
2023-02-20 17:00:00,17,22,22,1.0,7.0,12.0,2.0,0.0,1.0,10,9,5,1,6,1,27.5,164.0,133.0,196.0,4.517,4.0,9.93,roster,0,73.0,55.0,0.5368,50.36,4.8324,0.55,0.9063,3.3182,47.19,5.21,13.4,4.56,4.9
2023-02-20 18:00:00,18,15,15,1.0,6.0,6.0,2.0,0.0,1.0,1,2,8,2,10,2,28.5,177.5,100.0,250.0,5.517,4.0,9.93,roster,0,51.0,37.5,0.425,53.47,1.9598,0.375,0.2014,3.4,32.17,8.68,26.8,5.81,6.25
2023-02-20 19:00:00,19,12,12,1.0,4.0,5.0,2.0,0.0,1.0,5,3,6,1,7,1,29.5,253.0,153.0,310.0,6.517,4.0,9.93,roster,0,40.0,30.0,0.303,32.43,2.007,0.3,0.3021,3.3333,25.74,6.08,13.4,7.21,7.75
2023-02-20 20:00:00,20,10,10,1.0,1.0,7.0,1.0,0.0,1.0,9,3,2,1,3,1,30.5,313.0,213.0,370.0,6.167,4.0,10.33,roster,0,32.0,25.0,0.2162,26.06,1.7293,0.25,0.2904,3.2,21.45,2.6,13.4,8.6,9.25
2023-02-20 21:00:00,21,14,14,0.0,1.0,12.0,1.0,0.0,1.0,11,8,2,0,2,0,31.5,351.5,273.0,430.0,7.167,4.0,10.33,roster,0,42.0,35.0,0.2763,21.76,3.3733,0.35,0.7744,3.0,30.03,1.74,0.0,10.0,10.75
2023-02-20 22:00:00,22,10,10,0.0,0.0,9.0,1.0,0.0,1.0,3,2,4,0,4,0,32.5,83.5,70.0,490.0,8.167,3.0,7.01,roster,0,29.0,25.0,0.2685,16.32,1.5524,0.25,0.2853,2.9,21.45,3.47,0.0,11.39,12.25
2023-02-20 23:00:00,23,10,10,0.0,0.0,9.0,1.0,0.0,1.0,8,5,2,0,2,0,33.5,129.0,128.0,130.0,2.167,3.0,7.01,roster,0,29.0,25.0,0.2544,6.21,2.7935,0.25,0.7133,2.9,21.45,1.74,0.0,3.02,3.25
2023-02-21 00:00:00,0,12,12,0.0,2.0,9.0,1.0,0.0,1.0,6,5,2,0,2,0,34.5,189.0,188.0,190.0,3.167,3.0,7.01,roster,0,37.0,30.0,0.3246,11.89,3.1242,0.3,0.7133,3.0833,25.74,1.74,0.0,4.42,4.75
2023-02-21 01:00:00,1,11,11,0.0,1.0,8.0,2.0,0.0,1.0,4,5,5,0,5,0,35.5,113.0,80.0,248.0,4.167,3.0,7.01,roster,0,32.0,27.5,0.3048,13.7,2.875,0.275,0.7133,2.9091,23.6,4.34,0.0,5.77,6.2
2023-02-21 02:00:00,2,10,10,0.0,1.0,7.0,2.0,0.0,1.0,4,3,5,0,5,0,36.5,173.0,140.0,308.0,5.167,3.0,7.01,roster,0,29.0,25.0,0.2762,12.95,1.9661,0.25,0.428,2.9,21.45,4.34,0.0,7.16,7.7
2023-02-21 03:00:00,3,9,9,0.0,1.0,6.0,2.0,0.0,1.0,1,1,5,0,5,0,37.5,233.0,200.0,368.0,6.167,3.0,7.01,roster,0,26.0,22.5,0.2476,12.2,1.0621,0.225,0.1427,2.8889,19.3,4.34,0.0,8.56,9.2
2023-02-21 04:00:00,4,7,7,0.0,1.0,4.0,2.0,0.0,1.0,2,0,4,0,4,0,38.5,360.5,293.0,430.0,7.167,3.0,7.01,roster,0,20.0,17.5,0.1852,8.49,0.5,0.175,0.0,2.8571,15.01,3.47,0.0,10.0,10.75
2023-02-21 05:00:00,5,7,7,0.0,1.0,4.0,2.0,0.0,1.0,0,0,4,0,4,0,39.5,420.5,353.0,490.0,8.167,3.0,7.01,roster,0,20.0,17.5,0.1852,9.88,0.5,0.175,0.0,2.8571,15.01,3.47,0.0,11.39,12.25
2023-02-21 06:00:00,6,10,10,0.0,1.0,7.0,2.0,0.0,1.0,6,4,4,0,4,0,40.5,480.5,413.0,550.0,9.167,3.0,7.01,roster,0,29.0,25.0,0.2685,17.71,2.3798,0.25,0.5706,2.9,21.45,3.47,0.0,12.79,13.75
2023-02-21 07:00:00,7,11,11,0.0,1.0,8.0,2.0,0.0,1.0,2,2,4,0,4,0,41.5,540.5,473.0,610.0,10.167,3.0,7.01,roster,0,32.0,27.5,0.2963,21.25,1.63,0.275,0.2853,2.9091,23.6,3.47,0.0,14.18,15.25
2023-02-21 08:00:00,8,10,10,0.0,1.0,7.0,2.0,0.0,1.0,1,1,5,0,5,0,42.5,533.0,480.0,668.0,11.167,3.0,7.23,roster,0,29.0,25.0,0.2762,21.32,1.1261,0.25,0.1383,2.9,21.45,4.34,0.0,15.53,16.7
2023-02-21 09:00:00,9,10,10,0.0,0.0,8.0,2.0,0.0,1.0,5,5,2,0,2,0,43.5,635.0,540.0,730.0,12.167,3.0,7.23,roster,0,28.0,25.0,0.2456,20.16,2.6364,0.25,0.6916,2.8,21.45,1.74,0.0,16.97,18.25
2023-02-21 10:00:00,10,11,11,1.0,0.0,9.0,1.0,0.0,1.0,6,5,2,0,2,0,44.5,695.0,600.0,790.0,13.167,4.0,10.48,roster,0,34.0,27.5,0.2237,23.7,2.3247,0.275,0.4771,3.0909,23.6,1.74,0.0,18.37,19.75
2023-02-21 11:00:00,11,16,16,1.0,1.0,13.0,1.0,0.0,1.0,8,7,5,0,5,0,45.5,86.0,73.0,96.0,11.0,4.0,10.48,roster,0,50.0,40.0,0.3571,20.89,3.3373,0.4,0.6679,3.125,34.32,4.34,0.0,2.23,2.4
2023-02-21 12:00:00,12,19,19,1.0,2.0,14.0,2.0,0.0,1.0,8,8,4,2,6,2,46.5,132.0,110.0,146.0,2.6,4.0,10.48,roster,0,59.0,47.5,0.4338,56.16,3.8454,0.475,0.7634,3.1053,40.75,5.21,26.8,3.39,3.65
2023-02-21 13:00:00,13,22,22,1.0,3.0,16.0,2.0,0.0,1.0,6,6,7,2,9,2,47.5,170.0,96.0,193.0,3.6,4.0,10.48,roster,0,69.0,55.0,0.5565,66.29,3.5206,0.55,0.5725,3.1364,47.19,7.81,26.8,4.49,4.825
2023-02-21 14:00:00,14,28,28,1.0,6.0,18.0,3.0,0.0,1.0,7,7,10,2,12,2,48.5,189.5,122.0,253.0,4.6,4.0,10.48,roster,0,89.0,70.0,0.7946,83.16,4.3481,0.7,0.6679,3.1786,60.06,10.42,26.8,5.88,6.325
2023-02-21 15:00:00,15,27,27,0.0,5.0,20.0,2.0,0.0,1.0,7,7,9,2,11,2,5.6,189.0,129.0,313.0,5.6,4.0,10.48,roster,0,84.0,67.5,0.7241,81.54,4.178,0.675,0.6679,3.1111,57.92,9.55,26.8,7.28,7.825
2023-02-21 16:00:00,16,26,26,1.0,2.0,20.0,3.0,0.0,1.0,9,7,7,2,9,2,6.217,189.0,160.0,249.0,6.217,4.0,10.48,roster,0,79.0,65.0,0.6371,76.17,4.0045,0.65,0.6679,3.0385,55.77,7.81,26.8,5.79,6.225
2023-02-21 17:00:00,17,31,31,1.0,3.0,24.0,3.0,0.0,1.0,8,9,9,2,11,2,7.217,239.0,129.0,309.0,7.217,4.0,10.48,roster,0,95.0,77.5,0.819,90.03,5.0067,0.775,0.8588,3.0645,66.5,9.55,26.8,7.18,7.725
2023-02-21 18:00:00,18,32,32,1.0,4.0,21.0,6.0,0.0,1.0,9,8,11,2,13,2,8.217,223.0,120.0,332.0,8.217,4.0,10.48,roster,0,96.0,80.0,0.8889,94.45,4.6901,0.8,0.7634,3.0,68.64,11.29,26.8,7.72,8.3
2023-02-21 19:00:00,19,36,36,1.0,6.0,26.0,3.0,0.0,1.0,13,13,11,2,13,2,8.833,209.0,165.0,359.0,8.833,4.0,10.48,roster,0,113.0,90.0,1.0463,103.65,6.7187,0.9,1.2405,3.1389,77.22,11.29,26.8,8.35,8.975
2023-02-21 20:00:00,20,29,29,1.0,5.0,21.0,2.0,0.0,1.0,7,5,12,1,13,1,8.667,182.0,113.0,269.0,7.533,4.0,10.98,roster,0,92.0,72.5,0.8519,73.15,3.7446,0.725,0.4554,3.1724,62.2,11.29,13.4,6.25,6.725
2023-02-21 21:00:00,21,24,24,0.0,4.0,18.0,2.0,0.0,1.0,4,3,10,0,10,0,9.667,167.0,120.0,242.0,5.483,4.0,10.98,roster,0,74.0,60.0,0.6167,45.79,2.6924,0.6,0.2732,3.0833,51.48,8.68,0.0,5.63,6.05
2023-02-21 22:00:00,22,22,22,0.0,3.0,15.0,3.0,1.0,1.0,8,7,8,0,8,0,7.767,182.0,168.0,352.0,6.483,3.0,7.73,roster,0,64.0,55.0,0.6667,42.32,4.2344,0.55,0.9056,2.9091,47.19,6.95,0.0,8.18,8.8
2023-02-21 23:00:00,23,22,22,0.0,4.0,16.0,2.0,0.0,1.0,10,6,5,0,5,0,8.767,228.0,134.0,250.0,6.033,3.0,7.73,roster,0,68.0,55.0,0.6476,37.34,4.0992,0.55,0.7762,3.0909,47.19,4.34,0.0,5.81,6.25
2023-02-22 00:00:00,0,25,25,0.0,4.0,19.0,2.0,0.0,1.0,7,5,8,0,8,0,9.767,192.0,110.0,310.0,7.033,3.0,7.73,roster,0,77.0,62.5,0.8021,47.78,3.9172,0.625,0.6468,3.08,53.62,6.95,0.0,7.21,7.75
2023-02-22 01:00:00,1,24,24,1.0,3.0,18.0,2.0,0.0,1.0,3,3,9,0,9,0,10.767,250.0,162.0,348.0,8.033,3.0,7.73,roster,0,75.0,60.0,0.8065,47.39,3.0878,0.6,0.3881,3.125,51.48,7.81,0.0,8.09,8.7
2023-02-22 02:00:00,2,22,22,1.0,3.0,16.0,2.0,0.0,1.0,4,3,9,0,9,0,11.767,230.0,188.0,408.0,9.033,3.0,7.73,roster,0,69.0,55.0,0.7419,44.49,2.9422,0.55,0.3881,3.1364,47.19,7.81,0.0,9.49,10.2
2023-02-22 03:00:00,3,22,22,1.0,3.0,15.0,3.0,0.0,1.0,2,2,8,0,8,0,12.767,330.0,282.0,490.0,10.033,3.0,7.73,roster,0,68.0,55.0,0.7083,45.53,2.4997,0.55,0.2587,3.0909,47.19,6.95,0.0,11.39,12.25
2023-02-22 04:00:00,4,21,21,3.0,3.0,13.0,2.0,0.0,1.0,2,2,8,0,8,0,13.767,390.0,342.0,550.0,11.033,3.0,7.73,roster,0,70.0,52.5,0.7292,44.78,2.6124,0.525,0.2587,3.3333,45.04,6.95,0.0,12.79,13.75
2023-02-22 05:00:00,5,24,24,2.0,4.0,16.0,2.0,0.0,1.0,5,5,8,0,8,0,14.767,450.0,402.0,610.0,12.033,3.0,7.73,roster,0,78.0,60.0,0.8125,52.61,4.0522,0.6,0.6468,3.25,51.48,6.95,0.0,14.18,15.25
2023-02-22 06:00:00,6,26,26,2.0,4.0,18.0,2.0,0.0,1.0,5,4,9,0,9,0,15.767,470.0,361.0,648.0,13.033,3.0,7.73,roster,0,84.0,65.0,0.9032,58.65,3.7718,0.65,0.5175,3.2308,55.77,7.81,0.0,15.07,16.2
2023-02-22 07:00:00,7,25,25,3.0,5.0,15.0,2.0,0.0,1.0,6,3,9,0,9,0,16.767,530.0,421.0,708.0,14.033,3.0,7.73,roster,0,84.0,62.5,0.9032,57.9,3.404,0.625,0.3881,3.36,53.62,7.81,0.0,16.46,17.7
2023-02-22 08:00:00,8,25,25,2.0,6.0,14.0,3.0,0.0,1.0,4,4,10,0,10,0,17.767,586.0,454.0,768.0,15.033,3.0,6.79,roster,0,82.0,62.5,0.9111,60.16,3.9823,0.625,0.5891,3.28,53.62,8.68,0.0,17.86,19.2
2023-02-22 09:00:00,9,27,27,3.0,6.0,16.0,2.0,0.0,1.0,4,5,11,0,11,0,18.767,642.0,293.0,828.0,16.033,3.0,6.79,roster,0,91.0,67.5,1.046,66.72,4.7569,0.675,0.7364,3.3704,57.92,9.55,0.0,19.25,20.7
2023-02-22 10:00:00,10,30,30,3.0,5.0,20.0,2.0,0.0,1.0,12,11,9,1,10,1,19.767,638.0,159.0,888.0,17.033,4.0,10.66,roster,0,99.0,75.0,0.825,87.08,5.8803,0.75,1.0319,3.3,64.35,8.68,13.4,20.65,22.2
2023-02-22 11:00:00,11,33,33,1.0,5.0,25.0,2.0,0.0,1.0,11,10,13,0,13,0,20.767,246.0,111.0,850.0,18.033,4.0,10.66,roster,0,104.0,82.5,0.963,81.84,5.5564,0.825,0.9381,3.1515,70.78,11.29,0.0,19.76,21.25
2023-02-22 12:00:00,12,31,31,1.0,6.0,22.0,2.0,0.0,1.0,8,7,15,0,15,0,21.767,171.0,107.0,822.0,19.033,4.0,10.66,roster,0,99.0,77.5,0.99,78.63,4.5721,0.775,0.6567,3.1935,66.5,13.02,0.0,19.11,20.55
2023-02-22 13:00:00,13,30,30,1.0,6.0,18.0,5.0,0.0,1.0,6,6,15,0,15,0,22.767,225.0,153.0,754.0,20.033,4.0,10.66,roster,0,93.0,75.0,0.93,74.91,4.0698,0.75,0.5629,3.1,64.35,13.02,0.0,17.53,18.85
2023-02-22 14:00:00,14,30,30,1.0,8.0,19.0,2.0,0.0,1.0,10,10,12,0,12,0,23.767,269.0,213.0,942.0,21.033,4.0,10.66,roster,0,98.0,75.0,0.875,76.67,5.5144,0.75,0.9381,3.2667,64.35,10.42,0.0,21.9,23.55
2023-02-22 15:00:00,15,27,27,0.0,7.0,20.0,0.0,0.0,1.0,7,7,11,1,12,1,22.033,264.5,104.0,1002.0,22.033,4.0,10.66,roster,0,88.0,67.5,0.7857,85.03,4.3402,0.675,0.6567,3.2593,57.92,10.42,13.4,23.3,25.05
2023-02-22 16:00:00,16,23,23,0.0,5.0,18.0,0.0,0.0,1.0,7,7,8,1,9,1,19.167,294.0,159.0,383.0,19.167,4.0,10.66,roster,0,74.0,57.5,0.5968,59.45,3.9627,0.575,0.6567,3.2174,49.33,7.81,13.4,8.9,9.575
2023-02-22 17:00:00,17,22,22,0.0,4.0,18.0,0.0,0.0,1.0,3,3,9,0,9,0,20.167,354.0,210.0,443.0,20.167,4.0,10.66,roster,0,70.0,55.0,0.5645,45.3,2.6454,0.55,0.2814,3.1818,47.19,7.81,0.0,10.3,11.075
2023-02-22 18:00:00,18,21,21,1.0,3.0,15.0,2.0,0.0,1.0,6,7,8,0,8,0,21.167,349.0,270.0,1182.0,21.167,4.0,10.66,roster,0,66.0,52.5,0.5156,59.47,3.7138,0.525,0.6567,3.1429,45.04,6.95,0.0,27.48,29.55
2023-02-22 19:00:00,19,20,20,1.0,1.0,17.0,1.0,0.0,1.0,8,6,9,0,9,0,22.167,330.0,105.0,474.0,22.167,4.0,10.66,roster,0,62.0,50.0,0.5,41.74,3.2948,0.5,0.5629,3.1,42.9,7.81,0.0,11.02,11.85
2023-02-22 20:00:00,20,23,23,0.0,1.0,21.0,1.0,0.0,1.0,10,10,8,1,9,1,23.167,390.0,155.0,534.0,23.167,4.0,10.22,roster,0,69.0,57.5,0.5565,62.97,4.6604,0.575,0.9785,3.0,49.33,7.81,13.4,12.42,13.35
2023-02-22 21:00:00,21,33,33,0.0,2.0,28.0,3.0,0.0,1.0,16,15,10,1,11,1,24.167,287.0,120.0,594.0,24.167,4.0,10.22,roster,0,98.0,82.5,0.8448,87.55,6.8087,0.825,1.4677,2.9697,70.78,9.55,13.4,13.81,14.85
2023-02-22 22:00:00,22,34,34,1.0,3.0,26.0,4.0,0.0,1.0,9,10,14,2,16,2,25.167,222.5,105.0,524.0,25.167,3.0,6.35,roster,0,103.0,85.0,1.4306,105.81,7.3457,0.85,1.5748,3.0294,72.93,13.89,26.8,12.18,13.1
2023-02-22 23:00:00,23,25,25,1.0,3.0,18.0,3.0,0.0,1.0,7,5,13,0,13,0,24.7,182.0,152.0,407.0,24.7,3.0,6.35,roster,0,77.0,62.5,0.9506,54.38,4.3502,0.625,0.7874,3.08,53.62,11.29,0.0,9.46,10.175
2023-02-23 00:00:00,0,26,26,1.0,2.0,19.0,4.0,0.0,1.0,9,8,13,0,13,0,25.7,242.0,212.0,467.0,25.7,3.0,6.35,roster,0,78.0,65.0,0.963,57.92,5.7295,0.65,1.2598,3.0,55.77,11.29,0.0,10.86,11.675
2023-02-23 01:00:00,1,20,20,1.0,3.0,12.0,4.0,0.0,1.0,3,2,13,0,13,0,26.7,302.0,272.0,527.0,26.7,3.0,6.35,roster,0,61.0,50.0,0.7531,46.44,2.4856,0.5,0.315,3.05,42.9,11.29,0.0,12.25,13.175
2023-02-23 02:00:00,2,26,26,1.0,3.0,18.0,4.0,0.0,1.0,10,9,14,0,14,0,27.7,359.5,305.0,587.0,27.7,3.0,6.35,roster,0,79.0,65.0,1.0128,61.57,6.2815,0.65,1.4173,3.0385,55.77,12.16,0.0,13.65,14.675
2023-02-23 03:00:00,3,21,21,1.0,3.0,13.0,4.0,0.0,1.0,2,2,14,0,14,0,28.7,419.5,365.0,647.0,28.7,3.0,6.35,roster,0,64.0,52.5,0.8205,52.24,2.5599,0.525,0.315,3.0476,45.04,12.16,0.0,15.04,16.175
2023-02-23 04:00:00,4,19,19,1.0,3.0,13.0,2.0,0.0,1.0,3,3,14,0,14,0,29.7,479.5,425.0,707.0,29.7,3.0,6.35,roster,0,60.0,47.5,0.7692,49.35,2.9919,0.475,0.4724,3.1579,40.75,12.16,0.0,16.44,17.675
2023-02-23 05:00:00,5,20,20,1.0,3.0,14.0,2.0,0.0,1.0,1,1,14,0,14,0,30.7,539.5,485.0,767.0,30.7,3.0,6.35,roster,0,63.0,50.0,0.8077,52.89,2.0711,0.5,0.1575,3.15,42.9,12.16,0.0,17.83,19.175
2023-02-23 06:00:00,6,20,20,1.0,3.0,14.0,2.0,0.0,1.0,2,2,14,0,14,0,31.7,599.5,545.0,827.0,31.7,3.0,6.35,roster,0,63.0,50.0,0.8077,54.28,2.5671,0.5,0.315,3.15,42.9,12.16,0.0,19.23,20.675
2023-02-23 07:00:00,7,21,21,1.0,3.0,14.0,3.0,0.0,1.0,1,1,14,0,14,0,32.7,659.5,605.0,887.0,32.7,3.0,6.35,roster,0,65.0,52.5,0.8333,57.82,2.1124,0.525,0.1575,3.0952,45.04,12.16,0.0,20.62,22.175
2023-02-23 08:00:00,8,20,20,1.0,4.0,13.0,2.0,0.0,1.0,4,3,13,0,13,0,33.7,722.0,665.0,947.0,33.7,3.0,6.41,roster,0,64.0,50.0,0.7901,56.21,3.0977,0.5,0.468,3.2,42.9,11.29,0.0,22.02,23.675
2023-02-23 09:00:00,9,24,24,2.0,2.0,18.0,2.0,0.0,1.0,7,7,12,1,13,1,34.7,782.0,725.0,1007.0,34.7,3.0,6.41,roster,0,76.0,60.0,0.9383,79.58,5.3581,0.6,1.092,3.1667,51.48,11.29,13.4,23.41,25.175
2023-02-23 10:00:00,10,28,28,1.0,5.0,22.0,0.0,0.0,1.0,12,9,11,2,13,2,35.7,842.0,136.0,1067.0,35.7,4.0,10.28,roster,0,91.0,70.0,0.8426,102.96,5.1203,0.7,0.8755,3.25,60.06,11.29,26.8,24.81,26.675
2023-02-23 11:00:00,11,27,27,2.0,4.0,20.0,1.0,0.0,1.0,8,8,11,2,13,2,36.7,902.0,141.0,1127.0,36.7,4.0,10.28,roster,0,88.0,67.5,0.8148,102.21,4.7364,0.675,0.7782,3.2593,57.92,11.29,26.8,26.2,28.175
2023-02-23 12:00:00,12,27,27,2.0,7.0,18.0,0.0,0.0,1.0,8,6,12,2,14,2,22.733,202.5,154.0,1105.0,22.733,4.0,10.28,roster,0,92.0,67.5,0.8846,102.56,4.2888,0.675,0.5837,3.4074,57.92,12.16,26.8,25.69,27.625
2023-02-23 13:00:00,13,32,32,2.0,9.0,21.0,0.0,0.0,1.0,8,8,12,3,15,3,23.733,219.0,148.0,331.0,23.733,4.0,10.28,roster,0,109.0,80.0,1.09,109.56,5.3758,0.8,0.7782,3.4062,68.64,13.02,40.2,7.7,8.275
2023-02-23 14:00:00,14,32,32,1.0,10.0,21.0,0.0,0.0,1.0,6,6,14,2,16,2,24.733,227.0,157.0,324.0,24.733,4.0,10.28,roster,0,108.0,80.0,1.125,96.87,4.6698,0.8,0.5837,3.375,68.64,13.89,26.8,7.53,8.1
2023-02-23 15:00:00,15,33,33,1.0,9.0,23.0,0.0,0.0,1.0,7,7,12,1,13,1,25.733,277.0,217.0,381.0,25.733,4.0,10.28,roster,0,110.0,82.5,1.0185,84.33,5.0198,0.825,0.6809,3.3333,70.78,11.29,13.4,8.86,9.525
2023-02-23 16:00:00,16,35,35,1.0,10.0,24.0,0.0,0.0,1.0,11,11,11,2,13,2,26.733,337.0,271.0,441.0,26.733,4.0,10.28,roster,0,117.0,87.5,1.0833,103.42,6.502,0.875,1.07,3.3429,75.08,11.29,26.8,10.25,11.025
2023-02-23 17:00:00,17,37,37,1.0,12.0,24.0,0.0,0.0,1.0,11,10,13,1,14,1,27.733,392.5,124.0,501.0,27.733,4.0,10.28,roster,0,125.0,92.5,1.2019,96.57,6.4114,0.925,0.9728,3.3784,79.36,12.16,13.4,11.65,12.525
2023-02-23 18:00:00,18,32,32,1.0,10.0,20.0,1.0,0.0,1.0,8,7,15,1,16,1,28.733,347.5,131.0,561.0,28.733,4.0,10.28,roster,0,107.0,80.0,1.1146,88.98,4.9519,0.8,0.6809,3.3438,68.64,13.89,13.4,13.04,14.025
2023-02-23 19:00:00,19,30,30,1.0,9.0,19.0,1.0,0.0,1.0,6,6,14,1,15,1,29.733,400.0,122.0,621.0,29.733,4.0,10.28,roster,0,100.0,75.0,1.0,85.21,4.4455,0.75,0.5837,3.3333,64.35,13.02,13.4,14.44,15.525
2023-02-23 20:00:00,20,32,32,1.0,6.0,21.0,4.0,0.0,1.0,14,10,14,1,15,1,27.783,236.0,140.0,634.0,27.783,4.0,10.67,roster,0,100.0,80.0,1.0,89.81,5.4288,0.8,0.9372,3.125,68.64,13.02,13.4,14.74,15.85
2023-02-23 21:00:00,21,35,35,2.0,7.0,22.0,4.0,0.0,1.0,11,10,13,1,14,1,13.517,269.0,200.0,628.0,13.517,4.0,10.67,roster,0,112.0,87.5,1.0769,95.23,5.7991,0.875,0.9372,3.2,75.08,12.16,13.4,14.6,15.7
2023-02-23 22:00:00,22,30,30,1.0,5.0,22.0,2.0,0.0,1.0,5,5,14,1,15,1,14.517,302.0,218.0,688.0,14.517,3.0,6.8,roster,0,95.0,75.0,1.2667,86.77,4.7034,0.75,0.7353,3.1667,64.35,13.02,13.4,16.0,17.2
2023-02-23 23:00:00,23,33,33,2.0,5.0,24.0,2.0,0.0,1.0,9,8,14,1,15,1,15.517,362.0,278.0,748.0,15.517,3.0,6.8,roster,0,106.0,82.5,1.4133,94.6,6.429,0.825,1.1765,3.2121,70.78,13.02,13.4,17.39,18.7
2023-02-24 00:00:00,0,32,32,3.0,5.0,22.0,2.0,0.0,1.0,7,7,15,1,16,1,16.517,414.0,338.0,808.0,16.517,3.0,6.8,roster,0,105.0,80.0,1.4583,94.72,6.0028,0.8,1.0294,3.2812,68.64,13.89,13.4,18.79,20.2
2023-02-24 01:00:00,1,30,30,3.0,5.0,20.0,2.0,0.0,1.0,3,3,16,1,17,1,17.517,466.0,388.0,775.0,17.517,3.0,6.8,roster,0,99.0,75.0,1.4348,90.53,3.9309,0.75,0.4412,3.3,64.35,14.76,13.4,18.02,19.375
2023-02-24 02:00:00,2,29,29,3.0,5.0,19.0,2.0,0.0,1.0,5,4,16,1,17,1,18.517,526.0,448.0,835.0,18.517,3.0,6.8,roster,0,96.0,72.5,1.3913,89.78,4.3473,0.725,0.5882,3.3103,62.2,14.76,13.4,19.41,20.875
2023-02-24 03:00:00,3,27,27,3.0,4.0,18.0,2.0,0.0,1.0,1,1,16,1,17,1,19.517,586.0,508.0,895.0,19.517,3.0,6.8,roster,0,89.0,67.5,1.2899,86.88,2.7097,0.675,0.1471,3.2963,57.92,14.76,13.4,20.81,22.375
2023-02-24 04:00:00,4,25,25,3.0,4.0,16.0,2.0,0.0,1.0,1,1,16,1,17,1,20.517,646.0,568.0,955.0,20.517,3.0,6.8,roster,0,83.0,62.5,1.2029,83.99,2.5632,0.625,0.1471,3.32,53.62,14.76,13.4,22.2,23.875
2023-02-24 05:00:00,5,25,25,3.0,4.0,16.0,2.0,0.0,1.0,2,0,16,1,17,1,21.517,706.0,628.0,1015.0,21.517,3.0,6.8,roster,0,83.0,62.5,1.2029,85.38,2.075,0.625,0.0,3.32,53.62,14.76,13.4,23.6,25.375
2023-02-24 06:00:00,6,25,25,3.0,5.0,16.0,1.0,0.0,1.0,4,3,16,1,17,1,22.517,766.0,688.0,1075.0,22.517,3.0,6.8,roster,0,85.0,62.5,1.2319,86.78,3.625,0.625,0.4412,3.4,53.62,14.76,13.4,24.99,26.875
2023-02-24 07:00:00,7,27,27,3.0,6.0,16.0,2.0,0.0,1.0,4,4,16,1,17,1,23.517,826.0,748.0,1135.0,23.517,3.0,6.8,roster,0,91.0,67.5,1.3188,92.46,4.2576,0.675,0.5882,3.3704,57.92,14.76,13.4,26.39,28.375
2023-02-24 08:00:00,8,30,30,3.0,5.0,21.0,1.0,0.0,1.0,6,6,17,1,18,1,24.517,884.0,781.0,1195.0,24.517,3.0,8.69,roster,0,100.0,75.0,1.5152,101.16,4.8015,0.75,0.6904,3.3333,64.35,15.63,13.4,27.78,29.875
2023-02-24 09:00:00,9,33,33,3.0,5.0,24.0,1.0,0.0,1.0,12,8,17,1,18,1,25.517,912.0,645.0,1255.0,25.517,3.0,8.69,roster,0,109.0,82.5,1.6515,108.99,5.7658,0.825,0.9206,3.303,70.78,15.63,13.4,29.18,31.375
2023-02-24 10:00:00,10,34,34,3.0,4.0,25.0,2.0,0.0,1.0,6,6,17,2,19,2,26.517,938.0,600.0,1315.0,26.517,4.0,12.39,roster,0,110.0,85.0,1.3095,126.8,4.3167,0.85,0.4843,3.2353,72.93,16.5,26.8,30.57,32.875
2023-02-24 11:00:00,11,36,36,3.0,5.0,24.0,4.0,0.0,1.0,8,7,18,2,20,2,27.517,993.0,660.0,1375.0,27.517,4.0,12.39,roster,0,115.0,90.0,1.4375,133.35,4.6798,0.9,0.565,3.1944,77.22,17.37,26.8,31.97,34.375
2023-02-24 12:00:00,12,31,31,3.0,3.0,23.0,2.0,0.0,1.0,7,5,19,1,20,1,28.517,877.5,197.0,1196.0,28.517,4.0,12.39,roster,0,100.0,77.5,1.25,105.07,3.8018,0.775,0.4036,3.2258,66.5,17.37,13.4,27.81,29.9
2023-02-24 13:00:00,13,39,39,1.0,4.0,29.0,5.0,0.0,1.0,12,11,17,1,18,1,29.517,885.0,223.0,1202.0,29.517,4.0,12.39,roster,0,118.0,97.5,1.3409,120.63,5.6362,0.975,0.8878,3.0256,83.66,15.63,13.4,27.95,30.05
2023-02-24 14:00:00,14,28,28,1.0,2.0,24.0,1.0,0.0,1.0,7,7,11,0,11,0,30.517,388.0,201.0,1168.0,30.517,4.0,12.39,roster,0,87.0,70.0,0.75,76.77,3.9304,0.7,0.565,3.1071,60.06,9.55,0.0,27.16,29.2
2023-02-24 15:00:00,15,27,27,0.0,3.0,23.0,1.0,0.0,1.0,7,7,10,1,11,1,31.517,261.0,109.0,453.0,31.517,4.0,12.39,roster,0,83.0,67.5,0.7155,71.4,3.8118,0.675,0.565,3.0741,57.92,9.55,13.4,10.53,11.325
2023-02-24 16:00:00,16,24,24,0.0,5.0,18.0,1.0,0.0,1.0,9,7,7,1,8,1,8.55,315.5,144.0,401.0,8.55,4.0,12.39,roster,0,76.0,60.0,0.5938,61.15,3.6891,0.6,0.565,3.1667,51.48,6.95,13.4,9.32,10.025
2023-02-24 17:00:00,17,27,27,0.0,6.0,20.0,1.0,0.0,1.0,8,7,9,2,11,2,9.55,204.0,118.0,394.0,9.55,4.0,12.39,roster,0,86.0,67.5,0.7414,83.43,3.9495,0.675,0.565,3.1852,57.92,9.55,26.8,9.16,9.85
2023-02-24 18:00:00,18,28,28,0.0,6.0,21.0,1.0,0.0,1.0,10,7,11,2,13,2,10.55,255.0,151.0,441.0,10.55,4.0,12.39,roster,0,89.0,70.0,0.8241,88.4,4.0208,0.7,0.565,3.1786,60.06,11.29,26.8,10.25,11.025
2023-02-24 19:00:00,19,27,27,0.0,4.0,22.0,1.0,0.0,1.0,7,6,12,2,14,2,11.55,276.5,164.0,501.0,11.55,4.0,12.39,roster,0,84.0,67.5,0.8077,88.52,3.6066,0.675,0.4843,3.1111,57.92,12.16,26.8,11.65,12.525
2023-02-24 20:00:00,20,22,22,0.0,4.0,17.0,1.0,0.0,1.0,4,3,9,2,11,2,11.217,298.0,224.0,561.0,10.683,4.0,11.46,roster,0,69.0,55.0,0.5948,76.58,2.546,0.55,0.2618,3.1364,47.19,9.55,26.8,13.04,14.025
2023-02-24 21:00:00,21,34,34,1.0,5.0,27.0,1.0,0.0,1.0,20,16,8,2,10,2,12.217,344.5,136.0,444.0,11.683,4.0,11.46,roster,0,108.0,85.0,0.9,98.74,7.1349,0.85,1.3962,3.1765,72.93,8.68,26.8,10.32,11.1
2023-02-24 22:00:00,22,26,26,0.0,2.0,22.0,1.0,1.0,1.0,8,7,6,1,7,1,10.683,128.0,79.0,391.0,8.25,3.0,7.76,roster,0,77.0,65.0,0.7778,64.34,4.5965,0.65,0.9021,2.9615,55.77,6.08,13.4,9.09,9.775
2023-02-24 23:00:00,23,18,18,0.0,1.0,17.0,0.0,0.0,1.0,4,3,5,0,5,0,11.683,173.0,139.0,188.0,6.733,3.0,7.76,roster,0,55.0,45.0,0.5238,27.32,2.5563,0.45,0.3866,3.0556,38.61,4.34,0.0,4.37,4.7
2023-02-25 00:00:00,0,14,14,0.0,2.0,12.0,0.0,0.0,1.0,6,4,4,0,4,0,7.733,223.5,199.0,464.0,7.733,3.0,7.76,roster,0,44.0,35.0,0.4074,24.29,2.72,0.35,0.5155,3.1429,30.03,3.47,0.0,10.79,11.6
2023-02-25 01:00:00,1,19,19,0.0,3.0,14.0,2.0,0.0,1.0,8,8,6,0,6,0,8.733,256.5,102.0,308.0,8.733,3.0,7.76,roster,0,58.0,47.5,0.5686,33.13,4.597,0.475,1.0309,3.0526,40.75,5.21,0.0,7.16,7.7
2023-02-25 02:00:00,2,15,15,0.0,4.0,10.0,1.0,0.0,1.0,2,2,6,0,6,0,9.733,316.5,162.0,368.0,9.733,3.0,7.76,roster,0,48.0,37.5,0.4706,25.94,2.0247,0.375,0.2577,3.2,32.17,5.21,0.0,8.56,9.2
2023-02-25 03:00:00,3,20,20,0.0,4.0,16.0,0.0,0.0,1.0,7,6,7,0,7,0,10.733,374.0,213.0,428.0,10.733,3.0,7.76,roster,0,64.0,50.0,0.6465,38.93,4.0742,0.5,0.7732,3.2,42.9,6.08,0.0,9.95,10.7
2023-02-25 04:00:00,4,20,20,0.0,4.0,16.0,0.0,0.0,1.0,4,4,7,0,7,0,11.733,434.0,273.0,488.0,11.733,3.0,7.76,roster,0,64.0,50.0,0.6465,40.32,3.2495,0.5,0.5155,3.2,42.9,6.08,0.0,11.35,12.2
2023-02-25 05:00:00,5,17,17,0.0,4.0,13.0,0.0,0.0,1.0,0,0,8,0,8,0,12.733,418.0,333.0,548.0,12.733,3.0,7.76,roster,0,55.0,42.5,0.5729,36.15,1.375,0.425,0.0,3.2353,36.46,6.95,0.0,12.74,13.7
2023-02-25 06:00:00,6,21,21,0.0,4.0,17.0,0.0,0.0,1.0,5,5,8,0,8,0,13.733,478.0,393.0,608.0,13.733,3.0,7.76,roster,0,67.0,52.5,0.6979,46.13,3.7307,0.525,0.6443,3.1905,45.04,6.95,0.0,14.14,15.2
2023-02-25 07:00:00,7,21,21,0.0,4.0,17.0,0.0,0.0,1.0,1,1,9,0,9,0,14.733,462.0,357.0,619.0,14.733,3.0,7.76,roster,0,67.0,52.5,0.7204,47.25,2.0861,0.525,0.1289,3.1905,45.04,7.81,0.0,14.39,15.475
2023-02-25 08:00:00,8,22,22,2.0,4.0,16.0,0.0,0.0,1.0,5,4,9,0,9,0,15.733,522.0,417.0,679.0,15.733,3.0,6.68,roster,0,74.0,55.0,0.7957,50.79,3.8642,0.55,0.5988,3.3636,47.19,7.81,0.0,15.79,16.975
2023-02-25 09:00:00,9,24,24,3.0,6.0,15.0,0.0,0.0,1.0,6,7,9,1,10,1,16.733,525.0,183.0,734.0,16.733,3.0,6.68,roster,0,84.0,60.0,0.9333,70.63,5.7677,0.6,1.0479,3.5,51.48,8.68,13.4,17.07,18.35
2023-02-25 10:00:00,10,28,28,2.0,6.0,19.0,1.0,0.0,1.0,9,7,10,2,12,2,13.917,181.5,98.0,633.0,13.317,4.0,9.72,roster,0,93.0,70.0,0.8304,92.0,4.717,0.7,0.7202,3.3214,60.06,10.42,26.8,14.72,15.825
2023-02-25 11:00:00,11,29,29,2.0,6.0,19.0,1.0,1.0,1.0,13,9,8,2,10,2,14.4,169.0,148.0,437.0,14.317,4.0,9.72,roster,0,94.0,72.5,0.7833,87.85,5.3513,0.725,0.9259,3.2414,62.2,8.68,26.8,10.16,10.925
2023-02-25 12:00:00,12,27,27,3.0,8.0,16.0,0.0,0.0,1.0,6,6,9,2,11,2,15.4,208.0,103.0,240.0,12.55,4.0,9.72,roster,0,95.0,67.5,0.819,79.85,4.5469,0.675,0.6173,3.5185,57.92,9.55,26.8,5.58,6.0
2023-02-25 13:00:00,13,31,31,2.0,7.0,21.0,1.0,0.0,1.0,11,11,9,2,11,2,16.4,183.0,96.0,273.0,5.0,4.0,9.72,roster,0,103.0,77.5,0.8879,89.19,6.3351,0.775,1.1317,3.3226,66.5,9.55,26.8,6.35,6.825
2023-02-25 14:00:00,14,23,23,1.0,4.0,17.0,1.0,0.0,1.0,5,5,9,1,10,1,17.4,119.5,90.0,267.0,5.633,4.0,9.72,roster,0,74.0,57.5,0.6167,57.63,3.505,0.575,0.5144,3.2174,49.33,8.68,13.4,6.21,6.675
2023-02-25 15:00:00,15,29,29,0.0,4.0,20.0,2.0,3.0,1.0,17,16,6,0,6,0,18.4,144.0,116.0,303.0,6.467,4.0,9.72,roster,0,83.0,72.5,0.6103,54.46,6.7862,0.725,1.6461,2.8621,62.2,5.21,0.0,7.04,7.575
2023-02-25 16:00:00,16,30,30,0.0,5.0,23.0,2.0,0.0,1.0,11,10,8,0,8,0,19.4,176.0,111.0,363.0,7.467,4.0,9.72,roster,0,93.0,75.0,0.7266,59.74,5.5143,0.75,1.0288,3.1,64.35,6.95,0.0,8.44,9.075
2023-02-25 17:00:00,17,30,30,0.0,3.0,25.0,1.0,1.0,1.0,13,11,9,0,9,0,20.4,171.0,147.0,244.0,7.05,4.0,9.72,roster,0,90.0,75.0,0.7258,57.84,5.6451,0.75,1.1317,3.0,64.35,7.81,0.0,5.67,6.1
2023-02-25 18:00:00,18,26,26,0.0,3.0,22.0,1.0,0.0,1.0,10,7,10,0,10,0,21.4,227.0,137.0,304.0,8.05,4.0,9.72,roster,0,80.0,65.0,0.6667,51.52,4.2159,0.65,0.7202,3.0769,55.77,8.68,0.0,7.07,7.6
2023-02-25 19:00:00,19,19,19,0.0,2.0,16.0,1.0,0.0,1.0,7,6,3,1,4,1,22.4,317.5,231.0,543.0,9.05,4.0,9.72,roster,0,58.0,47.5,0.4028,50.25,3.3343,0.475,0.6173,3.0526,40.75,3.47,13.4,12.62,13.575
2023-02-25 20:00:00,20,17,17,1.0,1.0,13.0,1.0,1.0,1.0,8,8,2,1,3,1,23.4,291.0,125.0,603.0,10.05,4.0,9.84,roster,0,51.0,42.5,0.3446,46.49,3.714,0.425,0.813,3.0,36.46,2.6,13.4,14.02,15.075
2023-02-25 21:00:00,21,20,20,0.0,2.0,15.0,2.0,1.0,1.0,8,8,2,1,3,1,24.4,351.0,185.0,663.0,11.05,4.0,9.84,roster,0,58.0,50.0,0.3919,54.32,3.8077,0.5,0.813,2.9,42.9,2.6,13.4,15.41,16.575
2023-02-25 22:00:00,22,23,23,0.0,3.0,19.0,0.0,1.0,1.0,10,7,5,1,6,1,25.4,180.0,109.0,411.0,12.05,3.0,6.8,roster,0,70.0,57.5,0.6863,57.5,4.883,0.575,1.0294,3.0435,49.33,5.21,13.4,9.56,10.275
2023-02-25 23:00:00,23,27,27,0.0,3.0,21.0,2.0,1.0,1.0,13,11,6,1,7,1,26.4,175.0,156.0,471.0,13.05,3.0,6.8,roster,0,80.0,67.5,0.8081,68.34,6.793,0.675,1.6176,2.963,57.92,6.08,13.4,10.95,11.775
2023-02-26 00:00:00,0,23,23,0.0,3.0,18.0,1.0,1.0,1.0,5,5,8,1,9,1,27.4,229.0,124.0,365.0,14.05,3.0,6.8,roster,0,69.0,57.5,0.7419,59.04,3.9309,0.575,0.7353,3.0,49.33,7.81,13.4,8.49,9.125
2023-02-26 01:00:00,1,27,27,0.0,4.0,21.0,1.0,1.0,1.0,9,7,10,1,11,1,28.4,276.0,136.0,425.0,15.05,3.0,6.8,roster,0,82.0,67.5,0.9425,70.75,5.1764,0.675,1.0294,3.037,57.92,9.55,13.4,9.88,10.625
2023-02-26 02:00:00,2,31,31,0.0,5.0,23.0,2.0,1.0,1.0,6,5,10,1,11,1,29.4,336.0,196.0,485.0,16.05,3.0,6.8,roster,0,94.0,77.5,1.0805,80.72,4.5796,0.775,0.7353,3.0323,66.5,9.55,13.4,11.28,12.125
2023-02-26 03:00:00,3,32,32,0.0,7.0,22.0,2.0,1.0,1.0,6,5,12,1,13,1,30.4,304.0,222.0,415.0,17.05,3.0,6.8,roster,0,99.0,80.0,1.2222,82.98,4.7498,0.8,0.7353,3.0938,68.64,11.29,13.4,9.65,10.375
2023-02-26 04:00:00,4,30,30,0.0,6.0,21.0,2.0,1.0,1.0,3,3,13,1,14,1,31.4,344.0,246.0,475.0,18.05,3.0,6.8,roster,0,92.0,75.0,1.1795,80.95,3.6529,0.75,0.4412,3.0667,64.35,12.16,13.4,11.04,11.875
2023-02-26 05:00:00,5,26,26,0.0,5.0,20.0,0.0,1.0,1.0,1,1,13,1,14,1,32.4,404.0,306.0,535.0,19.05,3.0,6.8,roster,0,81.0,65.0,1.0385,73.77,2.4831,0.65,0.1471,3.1154,55.77,12.16,13.4,12.44,13.375
2023-02-26 06:00:00,6,28,28,0.0,6.0,21.0,0.0,1.0,1.0,4,3,13,1,14,1,33.4,464.0,366.0,595.0,20.05,3.0,6.8,roster,0,88.0,70.0,1.1282,79.45,3.5866,0.7,0.4412,3.1429,60.06,12.16,13.4,13.83,14.875
2023-02-26 07:00:00,7,28,28,0.0,6.0,21.0,0.0,1.0,1.0,2,2,13,1,14,1,34.4,524.0,426.0,655.0,21.05,3.0,6.8,roster,0,88.0,70.0,1.1282,80.85,3.1244,0.7,0.2941,3.1429,60.06,12.16,13.4,15.23,16.375
2023-02-26 08:00:00,8,26,26,0.0,6.0,19.0,0.0,1.0,1.0,4,2,13,1,14,1,22.05,584.0,486.0,715.0,22.05,3.0,8.29,roster,0,82.0,65.0,1.0513,77.95,2.8109,0.65,0.2413,3.1538,55.77,12.16,13.4,16.62,17.875
2023-02-26 09:00:00,9,21,21,0.0,6.0,15.0,0.0,0.0,1.0,6,6,9,1,10,1,23.05,716.5,546.0,905.0,23.05,3.0,8.29,roster,0,69.0,52.5,0.7667,68.17,4.1031,0.525,0.7238,3.2857,45.04,8.68,13.4,21.04,22.625
2023-02-26 10:00:00,10,25,25,0.0,6.0,17.0,0.0,2.0,1.0,14,9,6,1,7,1,24.05,835.0,606.0,1131.0,24.05,4.0,11.54,roster,0,77.0,62.5,0.5833,79.4,4.3271,0.625,0.7799,3.08,53.62,6.08,13.4,26.3,28.275
2023-02-26 11:00:00,11,19,19,1.0,3.0,13.0,1.0,1.0,1.0,12,9,5,1,6,1,25.05,957.0,666.0,1191.0,25.05,4.0,11.54,roster,0,59.0,47.5,0.4338,67.06,3.8968,0.475,0.7799,3.1053,40.75,5.21,13.4,27.69,29.775
2023-02-26 12:00:00,12,21,21,1.0,4.0,13.0,2.0,1.0,1.0,13,10,5,1,6,1,26.05,598.5,99.0,1085.0,26.05,4.0,11.54,roster,0,65.0,52.5,0.4779,68.88,4.3072,0.525,0.8666,3.0952,45.04,5.21,13.4,25.23,27.125
2023-02-26 13:00:00,13,23,23,1.0,6.0,15.0,0.0,1.0,1.0,10,9,6,1,7,1,27.05,159.0,77.0,1145.0,27.05,4.0,11.54,roster,0,75.0,57.5,0.5682,75.43,4.4181,0.575,0.7799,3.2609,49.33,6.08,13.4,26.62,28.625
2023-02-26 14:00:00,14,21,21,2.0,6.0,13.0,0.0,0.0,1.0,10,6,8,1,9,1,28.05,184.0,128.0,1069.0,28.05,4.0,11.54,roster,0,73.0,52.5,0.5887,71.11,3.6324,0.525,0.5199,3.4762,45.04,7.81,13.4,24.85,26.725
2023-02-26 15:00:00,15,24,24,1.0,6.0,17.0,0.0,0.0,1.0,10,9,7,0,7,0,29.05,197.0,149.0,1129.0,29.05,4.0,11.54,roster,0,80.0,60.0,0.6061,63.81,4.5997,0.6,0.7799,3.3333,51.48,6.08,0.0,26.25,28.225
2023-02-26 16:00:00,16,22,22,1.0,6.0,15.0,0.0,0.0,1.0,10,9,5,2,7,2,30.05,163.0,83.0,1189.0,30.05,4.0,11.54,roster,0,74.0,55.0,0.5606,87.71,4.4733,0.55,0.7799,3.3636,47.19,6.08,26.8,27.64,29.725
2023-02-26 17:00:00,17,25,25,1.0,7.0,16.0,1.0,0.0,1.0,10,7,9,2,11,2,31.05,143.0,97.0,269.0,31.05,4.0,11.54,roster,0,83.0,62.5,0.7155,76.23,4.0889,0.625,0.6066,3.32,53.62,9.55,26.8,6.25,6.725
2023-02-26 18:00:00,18,28,28,2.0,8.0,18.0,0.0,0.0,1.0,9,6,11,3,14,3,32.05,163.5,93.0,212.0,32.05,4.0,11.54,roster,0,96.0,70.0,0.9231,97.35,4.1826,0.7,0.5199,3.4286,60.06,12.16,40.2,4.93,5.3
2023-02-26 19:00:00,19,31,31,3.0,8.0,18.0,2.0,0.0,1.0,15,13,6,3,9,3,33.05,189.0,142.0,256.0,33.05,4.0,11.54,roster,0,105.0,77.5,0.8468,100.46,6.4406,0.775,1.1265,3.3871,66.5,7.81,40.2,5.95,6.4
2023-02-26 20:00:00,20,28,28,3.0,8.0,15.0,2.0,0.0,1.0,12,10,7,3,10,3,34.05,231.0,178.0,316.0,34.05,4.0,10.26,roster,0,96.0,70.0,0.8,96.29,5.7417,0.7,0.9747,3.4286,60.06,8.68,40.2,7.35,7.9
2023-02-26 21:00:00,21,26,26,3.0,7.0,14.0,2.0,0.0,1.0,6,6,7,3,10,3,35.05,255.5,126.0,376.0,35.05,4.0,10.26,roster,0,89.0,65.0,0.7417,93.4,4.2268,0.65,0.5848,3.4231,55.77,8.68,40.2,8.74,9.4
2023-02-26 22:00:00,22,25,25,3.0,7.0,13.0,2.0,0.0,1.0,7,7,4,2,6,2,36.05,351.0,298.0,1549.0,36.05,3.0,7.01,roster,0,86.0,62.5,0.8431,101.65,5.5851,0.625,0.9986,3.44,53.62,5.21,26.8,36.01,38.725
2023-02-26 23:00:00,23,20,20,4.0,4.0,12.0,0.0,0.0,1.0,8,7,4,2,6,2,37.05,411.0,358.0,1609.0,37.05,3.0,7.01,roster,0,72.0,50.0,0.7059,92.32,5.3949,0.5,0.9986,3.6,42.9,5.21,26.8,37.41,40.225
2023-02-27 00:00:00,0,23,23,4.0,3.0,15.0,1.0,0.0,1.0,9,9,5,2,7,2,38.05,453.0,277.0,1669.0,38.05,3.0,7.01,roster,0,79.0,57.5,0.798,101.02,6.3848,0.575,1.2839,3.4348,49.33,6.08,26.8,38.8,41.725
2023-02-27 01:00:00,1,23,23,4.0,4.0,15.0,0.0,0.0,1.0,6,6,6,2,8,2,39.05,495.5,337.0,1729.0,39.05,3.0,7.01,roster,0,81.0,57.5,0.8438,103.28,5.0393,0.575,0.8559,3.5217,49.33,6.95,26.8,40.2,43.225
2023-02-27 02:00:00,2,17,17,3.0,4.0,10.0,0.0,0.0,1.0,3,3,8,2,10,2,40.05,467.5,144.0,609.0,40.05,3.0,7.01,roster,0,61.0,42.5,0.6778,66.11,3.0606,0.425,0.428,3.5882,36.46,8.68,26.8,14.16,15.225
2023-02-27 03:00:00,3,16,16,3.0,4.0,8.0,1.0,0.0,1.0,5,2,8,2,10,2,41.05,527.5,204.0,669.0,41.05,3.0,7.01,roster,0,57.0,40.0,0.6333,65.36,2.4414,0.4,0.2853,3.5625,34.32,8.68,26.8,15.55,16.725
2023-02-27 04:00:00,4,16,16,3.0,4.0,9.0,0.0,0.0,1.0,1,1,8,2,10,2,42.05,587.5,264.0,729.0,42.05,3.0,7.01,roster,0,58.0,40.0,0.6444,66.75,1.9671,0.4,0.1427,3.625,34.32,8.68,26.8,16.95,18.225
2023-02-27 05:00:00,5,16,16,3.0,4.0,9.0,0.0,0.0,1.0,2,2,8,2,10,2,43.05,647.5,324.0,789.0,43.05,3.0,7.01,roster,0,58.0,40.0,0.6444,68.15,2.4842,0.4,0.2853,3.625,34.32,8.68,26.8,18.34,19.725
2023-02-27 06:00:00,6,17,17,3.0,5.0,9.0,0.0,0.0,1.0,2,2,8,2,10,2,44.05,707.5,384.0,849.0,44.05,3.0,7.01,roster,0,62.0,42.5,0.6889,71.69,2.5905,0.425,0.2853,3.6471,36.46,8.68,26.8,19.74,21.225
2023-02-27 07:00:00,7,16,16,3.0,5.0,8.0,0.0,0.0,1.0,0,0,10,2,12,2,45.05,606.5,385.0,909.0,45.05,3.0,7.01,roster,0,59.0,40.0,0.7024,72.67,1.475,0.4,0.0,3.6875,34.32,10.42,26.8,21.13,22.725
2023-02-27 08:00:00,8,19,19,4.0,5.0,10.0,0.0,0.0,1.0,4,4,10,2,12,2,46.05,666.5,445.0,969.0,46.05,3.0,7.19,roster,0,70.0,47.5,0.8333,80.5,3.7996,0.475,0.5563,3.6842,40.75,10.42,26.8,22.53,24.225
2023-02-27 09:00:00,9,23,23,3.0,6.0,10.0,4.0,0.0,1.0,8,8,8,3,11,3,47.05,817.0,225.0,1029.0,47.05,3.0,7.19,roster,0,77.0,57.5,0.8851,103.01,5.65,0.575,1.1127,3.3478,49.33,9.55,40.2,23.92,25.725
2023-02-27 10:00:00,10,28,28,3.0,7.0,14.0,4.0,0.0,1.0,12,10,6,4,10,4,48.05,821.0,248.0,1089.0,48.05,4.0,10.44,roster,0,93.0,70.0,0.775,127.66,5.5064,0.7,0.9579,3.3214,60.06,8.68,53.6,25.32,27.225
2023-02-27 11:00:00,11,35,35,4.0,6.0,18.0,7.0,0.0,1.0,11,12,8,4,12,4,49.05,514.5,162.0,1149.0,49.05,4.0,10.44,roster,0,112.0,87.5,1.0,145.81,6.4782,0.875,1.1494,3.2,75.08,10.42,53.6,26.71,28.725
2023-02-27 12:00:00,12,31,31,3.0,6.0,18.0,3.0,1.0,1.0,8,8,11,3,14,3,50.05,233.0,150.0,1173.0,50.05,4.0,10.44,roster,0,100.0,77.5,0.9615,126.12,4.9719,0.775,0.7663,3.2258,66.5,12.16,40.2,27.27,29.325
2023-02-27 13:00:00,13,30,30,4.0,5.0,18.0,3.0,0.0,1.0,7,7,11,3,14,3,51.05,256.0,150.0,804.0,51.05,4.0,10.44,roster,0,100.0,75.0,0.9615,115.4,4.735,0.75,0.6705,3.3333,64.35,12.16,40.2,18.69,20.1
2023-02-27 14:00:00,14,37,37,4.0,6.0,21.0,6.0,0.0,1.0,13,13,12,4,16,4,52.05,253.0,177.0,864.0,52.05,4.0,10.44,roster,0,119.0,92.5,1.2396,146.95,6.9799,0.925,1.2452,3.2162,79.36,13.89,53.6,20.09,21.6
2023-02-27 15:00:00,15,46,46,2.0,6.0,28.0,10.0,0.0,1.0,17,16,13,3,16,3,53.05,253.5,119.0,585.0,53.05,4.0,10.44,roster,0,138.0,115.0,1.4375,146.36,8.0477,1.15,1.5326,3.0,98.67,13.89,40.2,13.6,14.625
2023-02-27 16:00:00,16,38,38,2.0,5.0,24.0,7.0,0.0,1.0,10,9,14,3,17,3,54.05,179.0,126.0,336.0,54.05,4.0,10.44,roster,0,116.0,95.0,1.2609,124.28,5.5316,0.95,0.8621,3.0526,81.51,14.76,40.2,7.81,8.4
2023-02-27 17:00:00,17,31,31,2.0,6.0,19.0,4.0,0.0,1.0,5,6,14,3,17,3,55.05,217.0,162.0,357.0,55.05,4.0,10.44,roster,0,99.0,77.5,1.0761,109.76,4.3104,0.775,0.5747,3.1935,66.5,14.76,40.2,8.3,8.925
2023-02-27 18:00:00,18,24,24,2.0,6.0,15.0,1.0,0.0,1.0,3,2,13,3,16,3,56.05,273.5,222.0,456.0,56.05,4.0,10.44,roster,0,81.0,60.0,0.8438,96.17,2.6716,0.6,0.1916,3.375,51.48,13.89,40.2,10.6,11.4
2023-02-27 19:00:00,19,24,24,2.0,6.0,15.0,1.0,0.0,1.0,7,6,10,2,12,2,57.05,386.0,286.0,642.0,57.05,4.0,10.44,roster,0,81.0,60.0,0.7232,83.63,3.9647,0.6,0.5747,3.375,51.48,10.42,26.8,14.93,16.05
2023-02-27 20:00:00,20,21,21,1.0,3.0,16.0,1.0,0.0,1.0,7,8,6,2,8,2,11.7,180.0,114.0,473.0,11.7,4.0,10.26,roster,0,67.0,52.5,0.5234,69.79,4.1627,0.525,0.7797,3.1905,45.04,6.95,26.8,11.0,11.825
2023-02-27 21:00:00,21,26,26,1.0,4.0,20.0,1.0,0.0,1.0,12,11,6,2,8,2,12.7,169.0,151.0,300.0,12.7,4.0,10.26,roster,0,83.0,65.0,0.6484,76.49,5.4976,0.65,1.0721,3.1923,55.77,6.95,26.8,6.98,7.5
2023-02-27 22:00:00,22,25,25,1.0,2.0,20.0,2.0,0.0,1.0,9,6,8,1,9,1,6.0,138.0,98.0,211.0,6.0,3.0,7.01,roster,0,77.0,62.5,0.828,59.75,4.5612,0.625,0.8559,3.08,53.62,7.81,13.4,4.91,5.275
2023-02-27 23:00:00,23,33,33,0.0,1.0,30.0,1.0,1.0,1.0,16,15,8,0,8,0,7.0,142.0,122.0,203.0,7.0,3.0,7.01,roster,0,97.0,82.5,1.0104,62.45,8.7147,0.825,2.1398,2.9394,70.78,6.95,0.0,4.72,5.075
2023-02-28 00:00:00,0,31,31,0.0,1.0,27.0,3.0,0.0,1.0,15,12,10,0,10,0,8.0,184.0,159.0,234.0,8.0,3.0,7.01,roster,0,91.0,77.5,1.0111,60.62,7.3001,0.775,1.7118,2.9355,66.5,8.68,0.0,5.44,5.85
2023-02-28 01:00:00,1,20,20,0.0,1.0,16.0,3.0,0.0,1.0,3,2,11,1,12,1,9.0,235.0,126.0,294.0,9.0,3.0,7.01,roster,0,58.0,50.0,0.6905,53.56,2.2774,0.5,0.2853,2.9,42.9,10.42,13.4,6.84,7.35
2023-02-28 02:00:00,2,20,20,0.0,1.0,17.0,2.0,0.0,1.0,3,3,11,1,12,1,10.0,295.0,186.0,354.0,10.0,3.0,7.01,roster,0,59.0,50.0,0.7024,54.95,2.7375,0.5,0.428,2.95,42.9,10.42,13.4,8.23,8.85
2023-02-28 03:00:00,3,20,20,0.0,0.0,18.0,2.0,0.0,1.0,7,5,10,1,11,1,11.0,339.0,233.0,414.0,11.0,3.0,7.01,roster,0,58.0,50.0,0.6667,55.48,3.5185,0.5,0.7133,2.9,42.9,9.55,13.4,9.63,10.35
2023-02-28 04:00:00,4,20,20,1.0,0.0,17.0,2.0,0.0,1.0,3,3,10,1,11,1,12.0,399.0,293.0,474.0,12.0,3.0,7.01,roster,0,60.0,50.0,0.6897,56.87,2.7839,0.5,0.428,3.0,42.9,9.55,13.4,11.02,11.85
2023-02-28 05:00:00,5,17,17,1.0,0.0,14.0,2.0,0.0,1.0,1,0,11,1,12,1,13.0,412.5,353.0,534.0,13.0,3.0,7.01,roster,0,51.0,42.5,0.6071,52.7,1.275,0.425,0.0,3.0,36.46,10.42,13.4,12.42,13.35
2023-02-28 06:00:00,6,18,18,1.0,1.0,14.0,2.0,0.0,1.0,3,1,11,1,12,1,14.0,472.5,413.0,594.0,14.0,3.0,7.01,roster,0,55.0,45.0,0.6548,56.24,1.8109,0.45,0.1427,3.0556,38.61,10.42,13.4,13.81,14.85
2023-02-28 07:00:00,7,19,19,1.0,0.0,16.0,2.0,0.0,1.0,2,2,11,1,12,1,15.0,532.5,473.0,654.0,15.0,3.0,7.01,roster,0,57.0,47.5,0.6786,59.78,2.2809,0.475,0.2853,3.0,40.75,10.42,13.4,15.21,16.35
2023-02-28 08:00:00,8,22,22,1.0,0.0,19.0,2.0,0.0,1.0,6,5,11,1,12,1,16.0,592.5,533.0,714.0,16.0,3.0,8.29,roster,0,66.0,55.0,0.7857,67.61,3.4594,0.55,0.6031,3.0,47.19,10.42,13.4,16.6,17.85
2023-02-28 09:00:00,9,22,22,0.0,0.0,20.0,2.0,0.0,1.0,7,7,8,1,9,1,17.0,602.0,565.0,699.0,17.0,3.0,8.29,roster,0,64.0,55.0,0.6882,64.66,4.0564,0.55,0.8444,2.9091,47.19,7.81,13.4,16.25,17.475
2023-02-28 10:00:00,10,24,24,1.0,1.0,19.0,3.0,0.0,1.0,12,11,6,1,7,1,18.0,653.0,188.0,782.0,18.0,4.0,11.38,roster,0,72.0,60.0,0.5455,69.14,4.6998,0.6,0.9666,3.0,51.48,6.08,13.4,18.18,19.55
2023-02-28 11:00:00,11,30,30,2.0,2.0,24.0,2.0,0.0,1.0,16,14,6,1,7,1,19.0,248.0,116.0,713.0,19.0,4.0,11.38,roster,0,94.0,75.0,0.7121,80.41,6.2047,0.75,1.2302,3.1333,64.35,6.08,13.4,16.58,17.825
2023-02-28 12:00:00,12,23,23,2.0,4.0,15.0,2.0,0.0,1.0,7,6,9,1,10,1,20.0,118.5,88.0,745.0,20.0,4.0,11.38,roster,0,75.0,57.5,0.625,68.74,3.5943,0.575,0.5272,3.2609,49.33,8.68,13.4,17.32,18.625
2023-02-28 13:00:00,13,33,33,2.0,5.0,21.0,5.0,0.0,1.0,16,12,11,1,12,1,21.0,153.0,136.0,805.0,21.0,4.0,11.38,roster,0,103.0,82.5,0.9196,93.32,5.8663,0.825,1.0545,3.1212,70.78,10.42,13.4,18.72,20.125
2023-02-28 14:00:00,14,34,34,3.0,4.0,23.0,4.0,0.0,1.0,10,8,12,2,14,2,22.0,187.0,111.0,296.0,22.0,4.0,11.38,roster,0,108.0,85.0,1.0385,98.77,4.933,0.85,0.703,3.1765,72.93,12.16,26.8,6.88,7.4
2023-02-28 15:00:00,15,28,28,2.0,2.0,19.0,5.0,0.0,1.0,16,11,9,1,10,1,23.0,258.0,98.0,925.0,23.0,4.0,11.38,roster,0,85.0,70.0,0.7083,83.65,5.0593,0.7,0.9666,3.0357,60.06,8.68,13.4,21.51,23.125
2023-02-28 16:00:00,16,34,34,2.0,2.0,23.0,7.0,0.0,1.0,18,15,9,1,10,1,24.0,248.0,118.0,985.0,24.0,4.0,11.38,roster,0,101.0,85.0,0.8417,97.91,6.4405,0.85,1.3181,2.9706,72.93,8.68,13.4,22.9,24.625
2023-02-28 17:00:00,17,28,28,2.0,3.0,19.0,4.0,0.0,1.0,7,6,10,1,11,1,25.0,178.0,113.0,476.0,25.0,4.0,11.38,roster,0,87.0,70.0,0.75,74.08,3.8132,0.7,0.5272,3.1071,60.06,9.55,13.4,11.07,11.9
2023-02-28 18:00:00,18,27,27,2.0,3.0,18.0,4.0,0.0,1.0,9,7,10,0,10,0,26.0,234.0,173.0,458.0,26.0,4.0,11.38,roster,0,84.0,67.5,0.7,57.25,4.0137,0.675,0.6151,3.1111,57.92,8.68,0.0,10.65,11.45
2023-02-28 19:00:00,19,28,28,3.0,2.0,19.0,4.0,0.0,1.0,12,9,9,0,9,0,27.0,298.0,219.0,518.0,27.0,4.0,11.38,roster,0,88.0,70.0,0.7097,59.92,4.6856,0.7,0.7909,3.1429,60.06,7.81,0.0,12.04,12.95
2023-02-28 20:00:00,20,30,30,4.0,2.0,19.0,5.0,0.0,1.0,10,8,10,1,11,1,28.0,279.0,110.0,578.0,28.0,4.0,9.89,roster,0,95.0,75.0,0.819,80.74,4.9365,0.75,0.8089,3.1667,64.35,9.55,13.4,13.44,14.45
2023-02-28 21:00:00,21,32,32,3.0,4.0,22.0,3.0,0.0,1.0,12,11,10,2,12,2,29.0,273.0,130.0,638.0,29.0,4.0,9.89,roster,0,103.0,80.0,0.9196,100.69,6.155,0.8,1.1122,3.2188,68.64,10.42,26.8,14.83,15.95
2023-02-28 22:00:00,22,33,33,2.0,5.0,25.0,1.0,0.0,1.0,13,11,9,2,11,2,30.0,230.0,173.0,698.0,30.0,3.0,6.8,roster,0,107.0,82.5,1.2299,103.36,7.9201,0.825,1.6176,3.2424,70.78,9.55,26.8,16.23,17.45
2023-02-28 23:00:00,23,37,37,2.0,6.0,23.0,6.0,0.0,1.0,11,11,8,2,10,2,31.0,315.5,248.0,758.0,31.0,3.0,6.8,roster,0,115.0,92.5,1.2778,112.47,7.9028,0.925,1.6176,3.1081,79.36,8.68,26.8,17.62,18.95
