ts,hour,total,census,l1,l2,l3,l4,l5,tri_coverage,arrivals,arrival_present_1h,waitBed,waitICU,D_board,resus,maxLOS_h,awt_curr_min,board_q1_min,board_q3_min,board_max_h,Na,cap_sum,cap_source,src_gap,acuity,OCCUPANCY,EDWIN,NEDOCS,READI,READI_BR,READI_PR,READI_AR,NEDOCS_t_total,NEDOCS_t_board,NEDOCS_t_resus,NEDOCS_t_longest_admit,NEDOCS_E_h
2022-12-01 00:00:00,0,14,14,0.0,6.0,7.0,0.0,1.0,1.0,3,3,5,1,6,1,10.933,337.5,207.0,490.0,10.933,3.0,6.4,roster,0,46.0,35.0,0.451,40.03,2.6902,0.35,0.4688,3.2857,30.03,5.21,13.4,11.39,12.25
2022-12-01 01:00:00,1,14,14,0.0,5.0,7.0,1.0,1.0,1.0,4,4,5,1,6,1,11.933,397.5,267.0,550.0,11.933,3.0,6.4,roster,0,44.0,35.0,0.4314,41.43,3.0643,0.35,0.625,3.1429,30.03,5.21,13.4,12.79,13.75
2022-12-01 02:00:00,2,13,13,0.0,5.0,6.0,1.0,1.0,1.0,5,4,6,0,6,0,12.933,457.5,294.0,610.0,12.933,3.0,6.4,roster,0,41.0,32.5,0.402,27.28,2.9962,0.325,0.625,3.1538,27.88,5.21,0.0,14.18,15.25
2022-12-01 03:00:00,3,12,12,0.0,5.0,5.0,1.0,1.0,1.0,1,1,8,0,8,0,13.933,382.0,177.0,670.0,13.933,3.0,6.4,roster,0,38.0,30.0,0.3958,28.26,1.4448,0.3,0.1562,3.1667,25.74,6.95,0.0,15.58,16.75
2022-12-01 04:00:00,4,12,12,0.0,5.0,5.0,1.0,1.0,1.0,0,0,8,0,8,0,14.933,442.0,237.0,730.0,14.933,3.0,6.4,roster,0,38.0,30.0,0.3958,29.66,0.95,0.3,0.0,3.1667,25.74,6.95,0.0,16.97,18.25
2022-12-01 05:00:00,5,15,15,0.0,5.0,8.0,1.0,1.0,1.0,3,3,8,0,8,0,15.933,502.0,297.0,790.0,15.933,3.0,6.4,roster,0,47.0,37.5,0.4896,37.49,2.6438,0.375,0.4688,3.1333,32.17,6.95,0.0,18.37,19.75
2022-12-01 06:00:00,6,18,18,0.0,5.0,11.0,1.0,1.0,1.0,4,4,8,0,8,0,16.933,562.0,357.0,850.0,16.933,3.0,6.4,roster,0,56.0,45.0,0.5833,45.32,3.3444,0.45,0.625,3.1111,38.61,6.95,0.0,19.76,21.25
2022-12-01 07:00:00,7,15,15,0.0,5.0,8.0,1.0,1.0,1.0,1,1,8,0,8,0,17.933,622.0,417.0,910.0,17.933,3.0,6.4,roster,0,47.0,37.5,0.4896,40.28,1.6646,0.375,0.1562,3.1333,32.17,6.95,0.0,21.16,22.75
2022-12-01 08:00:00,8,21,21,0.0,5.0,14.0,1.0,1.0,1.0,7,7,8,0,8,0,18.933,682.0,477.0,970.0,18.933,3.0,6.35,roster,0,65.0,52.5,0.6771,54.54,5.0371,0.525,1.1024,3.0952,45.04,6.95,0.0,22.55,24.25
2022-12-01 09:00:00,9,25,25,0.0,6.0,17.0,1.0,1.0,1.0,9,8,7,1,8,1,17.167,503.5,467.0,985.0,17.167,3.0,6.35,roster,0,78.0,62.5,0.8125,76.87,5.8807,0.625,1.2598,3.12,53.62,6.95,13.4,22.9,24.625
2022-12-01 10:00:00,10,24,24,2.0,3.0,17.0,2.0,0.0,1.0,8,9,4,1,5,1,18.167,159.0,124.0,1045.0,18.167,4.0,10.05,roster,0,77.0,60.0,0.55,73.52,4.7981,0.6,0.8955,3.2083,51.48,4.34,13.4,24.3,26.125
2022-12-01 11:00:00,11,26,26,3.0,4.0,17.0,2.0,0.0,1.0,10,7,6,1,7,1,19.167,184.0,81.0,1105.0,19.167,4.0,10.05,roster,0,86.0,65.0,0.6515,80.94,4.4539,0.65,0.6965,3.3077,55.77,6.08,13.4,25.69,27.625
2022-12-01 12:00:00,12,23,23,3.0,5.0,13.0,2.0,0.0,1.0,4,3,8,0,8,0,20.167,188.0,134.0,1165.0,20.167,4.0,10.05,roster,0,78.0,57.5,0.6094,63.37,2.9623,0.575,0.2985,3.3913,49.33,6.95,0.0,27.09,29.125
2022-12-01 13:00:00,13,20,20,2.0,3.0,13.0,2.0,0.0,1.0,5,3,8,0,8,0,21.167,178.5,142.0,304.0,21.167,4.0,10.05,roster,0,65.0,50.0,0.5078,36.91,2.5951,0.5,0.2985,3.25,42.9,6.95,0.0,7.07,7.6
2022-12-01 14:00:00,14,19,19,2.0,5.0,10.0,2.0,0.0,1.0,5,5,5,0,5,0,20.0,202.0,178.0,223.0,6.067,4.0,10.05,roster,0,64.0,47.5,0.4571,30.28,3.2758,0.475,0.4975,3.3684,40.75,4.34,0.0,5.18,5.575
2022-12-01 15:00:00,15,18,18,2.0,5.0,10.0,1.0,0.0,1.0,5,4,4,1,5,1,21.0,107.0,86.0,262.0,4.717,4.0,10.05,roster,0,62.0,45.0,0.4429,42.44,2.9209,0.45,0.398,3.4444,38.61,4.34,13.4,6.09,6.55
2022-12-01 16:00:00,16,22,22,2.0,7.0,11.0,2.0,0.0,1.0,10,11,5,0,5,0,13.267,167.0,124.0,322.0,5.717,4.0,10.05,roster,0,75.0,55.0,0.5357,39.02,5.6063,0.55,1.0945,3.4091,47.19,4.34,0.0,7.49,8.05
2022-12-01 17:00:00,17,23,23,3.0,5.0,13.0,2.0,0.0,1.0,7,6,8,0,8,0,7.967,155.0,113.0,382.0,6.717,4.0,10.05,roster,0,78.0,57.5,0.6094,45.16,3.9747,0.575,0.597,3.3913,49.33,6.95,0.0,8.88,9.55
2022-12-01 18:00:00,18,22,22,3.0,4.0,13.0,2.0,0.0,1.0,6,6,7,1,8,1,8.967,179.5,144.0,442.0,7.717,4.0,10.05,roster,0,74.0,55.0,0.5781,57.81,3.8581,0.55,0.597,3.3636,47.19,6.95,13.4,10.28,11.05
2022-12-01 19:00:00,19,17,17,0.0,6.0,10.0,1.0,0.0,1.0,5,5,5,0,5,0,9.967,233.0,199.0,246.0,8.717,4.0,10.05,roster,0,56.0,42.5,0.4,26.53,3.0389,0.425,0.4975,3.2941,36.46,4.34,0.0,5.72,6.15
2022-12-01 20:00:00,20,17,17,0.0,4.0,12.0,1.0,0.0,1.0,5,5,5,0,5,0,10.967,259.0,135.0,306.0,9.717,4.0,11.72,roster,0,54.0,42.5,0.3857,27.92,2.7051,0.425,0.4266,3.1765,36.46,4.34,0.0,7.11,7.65
2022-12-01 21:00:00,21,18,18,0.0,3.0,13.0,2.0,0.0,1.0,8,7,3,0,3,0,11.967,144.0,115.0,643.0,10.717,4.0,11.72,roster,0,55.0,45.0,0.3716,36.16,3.2,0.45,0.5973,3.0556,38.61,2.6,0.0,14.95,16.075
2022-12-01 22:00:00,22,13,13,0.0,2.0,10.0,1.0,0.0,1.0,3,2,2,0,2,0,12.967,439.0,175.0,703.0,11.717,3.0,8.02,roster,0,40.0,32.5,0.3509,25.97,1.7673,0.325,0.2494,3.0769,27.88,1.74,0.0,16.34,17.575
2022-12-01 23:00:00,23,14,14,0.0,1.0,12.0,1.0,0.0,1.0,7,7,2,0,2,0,13.967,437.5,112.0,763.0,12.717,3.0,8.02,roster,0,42.0,35.0,0.3684,29.51,3.6685,0.35,0.8728,3.0,30.03,1.74,0.0,17.74,19.075
2022-12-02 00:00:00,0,12,12,0.0,1.0,10.0,1.0,0.0,1.0,8,6,3,0,3,0,14.967,172.0,72.0,823.0,13.717,3.0,8.02,roster,0,36.0,30.0,0.3243,27.48,3.1444,0.3,0.7481,3.0,25.74,2.6,0.0,19.13,20.575
2022-12-02 01:00:00,1,11,11,0.0,0.0,8.0,3.0,0.0,1.0,3,2,3,0,3,0,15.967,232.0,132.0,883.0,14.717,3.0,8.02,roster,0,30.0,27.5,0.2703,26.73,1.4301,0.275,0.2494,2.7273,23.6,2.6,0.0,20.53,22.075
2022-12-02 02:00:00,2,11,11,0.0,0.0,8.0,3.0,0.0,1.0,4,3,3,0,3,0,16.967,292.0,192.0,943.0,15.717,3.0,8.02,roster,0,30.0,27.5,0.2703,28.12,1.7702,0.275,0.3741,2.7273,23.6,2.6,0.0,21.92,23.575
2022-12-02 03:00:00,3,12,12,0.0,1.0,9.0,2.0,0.0,1.0,5,4,2,0,2,0,17.967,677.5,352.0,1003.0,16.717,3.0,8.02,roster,0,35.0,30.0,0.307,30.8,2.3297,0.3,0.4988,2.9167,25.74,1.74,0.0,23.32,25.075
2022-12-02 04:00:00,4,13,13,0.0,0.0,10.0,3.0,0.0,1.0,3,3,3,0,3,0,18.967,412.0,82.0,1063.0,17.717,3.0,8.02,roster,0,36.0,32.5,0.3243,35.2,1.9359,0.325,0.3741,2.7692,27.88,2.6,0.0,24.71,26.575
2022-12-02 05:00:00,5,10,10,0.0,0.0,8.0,2.0,0.0,1.0,0,0,3,0,3,0,19.967,472.0,142.0,1123.0,18.717,3.0,8.02,roster,0,28.0,25.0,0.2523,30.16,0.7,0.25,0.0,2.8,21.45,2.6,0.0,26.11,28.075
2022-12-02 06:00:00,6,9,9,0.0,1.0,6.0,2.0,0.0,1.0,1,1,3,0,3,0,20.967,532.0,202.0,1183.0,19.717,3.0,8.02,roster,0,26.0,22.5,0.2342,29.41,1.0102,0.225,0.1247,2.8889,19.3,2.6,0.0,27.5,29.575
2022-12-02 07:00:00,7,11,11,0.0,1.0,8.0,2.0,0.0,1.0,3,3,3,0,3,0,21.967,592.0,262.0,1243.0,20.717,3.0,8.02,roster,0,32.0,27.5,0.2883,35.1,1.8882,0.275,0.3741,2.9091,23.6,2.6,0.0,28.9,31.075
2022-12-02 08:00:00,8,13,13,0.0,3.0,7.0,3.0,0.0,1.0,3,3,4,0,4,0,22.967,487.0,322.0,1303.0,21.717,3.0,6.34,roster,0,39.0,32.5,0.3611,41.65,2.3946,0.325,0.4732,3.0,27.88,3.47,0.0,30.29,32.575
2022-12-02 09:00:00,9,18,18,0.0,4.0,10.0,4.0,0.0,1.0,6,6,4,0,4,0,23.967,436.0,160.0,1363.0,22.717,3.0,6.34,roster,0,54.0,45.0,0.5,53.77,4.1891,0.45,0.9464,3.0,38.61,3.47,0.0,31.69,34.075
2022-12-02 10:00:00,10,21,21,0.0,6.0,12.0,3.0,0.0,1.0,8,7,4,2,6,2,23.717,126.5,75.0,772.0,23.717,4.0,10.04,roster,0,66.0,52.5,0.4853,75.0,3.8412,0.525,0.6972,3.1429,45.04,5.21,26.8,17.95,19.3
2022-12-02 11:00:00,11,29,29,0.0,6.0,21.0,2.0,0.0,1.0,10,10,7,2,9,2,24.717,135.0,92.0,213.0,24.717,4.0,10.04,roster,0,91.0,72.5,0.7339,81.77,5.4004,0.725,0.996,3.1379,62.2,7.81,26.8,4.95,5.325
2022-12-02 12:00:00,12,32,32,0.0,6.0,25.0,1.0,0.0,1.0,10,10,11,2,13,2,25.717,152.0,97.0,220.0,25.717,4.0,10.04,roster,0,101.0,80.0,0.9352,91.84,5.6687,0.8,0.996,3.1562,68.64,11.29,26.8,5.12,5.5
2022-12-02 13:00:00,13,38,38,1.0,7.0,29.0,1.0,0.0,1.0,8,8,14,1,15,1,26.717,190.0,121.0,255.0,26.717,4.0,10.04,roster,0,122.0,95.0,1.22,93.86,5.6082,0.95,0.7968,3.2105,81.51,13.02,13.4,5.93,6.375
2022-12-02 14:00:00,14,32,32,1.0,6.0,24.0,1.0,0.0,1.0,11,9,11,0,11,0,27.717,202.0,95.0,272.0,27.717,4.0,10.04,roster,0,103.0,80.0,0.8879,64.52,5.4603,0.8,0.8964,3.2188,68.64,9.55,0.0,6.32,6.8
2022-12-02 15:00:00,15,42,42,1.0,8.0,32.0,1.0,0.0,1.0,17,17,11,1,12,1,28.717,216.0,144.0,325.0,28.717,4.0,10.04,roster,0,135.0,105.0,1.2054,101.47,8.8175,1.05,1.6932,3.2143,90.09,10.42,13.4,7.56,8.125
2022-12-02 16:00:00,16,37,37,0.0,5.0,30.0,2.0,0.0,1.0,9,8,10,1,11,1,8.017,139.0,85.0,322.0,6.417,4.0,10.04,roster,0,114.0,92.5,0.9828,89.8,5.305,0.925,0.7968,3.0811,79.36,9.55,13.4,7.49,8.05
2022-12-02 17:00:00,17,39,39,0.0,5.0,32.0,1.0,1.0,1.0,6,6,11,1,12,1,9.017,184.5,145.0,382.0,7.417,4.0,10.04,roster,0,119.0,97.5,1.0625,96.36,4.7985,0.975,0.5976,3.0513,83.66,10.42,13.4,8.88,9.55
2022-12-02 18:00:00,18,31,31,0.0,4.0,26.0,1.0,0.0,1.0,9,8,9,1,10,1,10.017,214.0,183.0,265.0,8.167,4.0,10.04,roster,0,96.0,77.5,0.8,74.74,4.8675,0.775,0.7968,3.0968,66.5,8.68,13.4,6.16,6.625
2022-12-02 19:00:00,19,28,28,0.0,4.0,22.0,2.0,0.0,1.0,8,6,11,1,12,1,11.017,262.0,202.0,325.0,9.167,4.0,10.04,roster,0,86.0,70.0,0.7679,71.44,3.9855,0.7,0.5976,3.0714,60.06,10.42,13.4,7.56,8.125
2022-12-02 20:00:00,20,28,28,0.0,3.0,23.0,2.0,0.0,1.0,12,10,8,1,9,1,12.017,303.0,149.0,379.0,10.167,4.0,10.83,roster,0,85.0,70.0,0.6855,70.09,4.9281,0.7,0.9234,3.0357,60.06,7.81,13.4,8.81,9.475
2022-12-02 21:00:00,21,27,27,0.0,2.0,22.0,3.0,0.0,1.0,12,10,5,0,5,0,13.017,265.0,209.0,363.0,7.95,4.0,10.83,roster,0,80.0,67.5,0.5714,50.7,4.7359,0.675,0.9234,2.963,57.92,4.34,0.0,8.44,9.075
2022-12-02 22:00:00,22,25,25,0.0,5.0,18.0,2.0,0.0,1.0,10,9,3,0,3,0,14.017,75.0,70.0,325.0,5.417,3.0,7.13,roster,0,78.0,62.5,0.7027,43.79,5.8883,0.625,1.2623,3.12,53.62,2.6,0.0,7.56,8.125
2022-12-02 23:00:00,23,26,26,1.0,5.0,19.0,1.0,0.0,1.0,11,9,5,0,5,0,10.967,130.0,85.0,135.0,6.417,3.0,7.13,roster,0,84.0,65.0,0.8,43.25,6.1781,0.65,1.2623,3.2308,55.77,4.34,0.0,3.14,3.375
2022-12-03 00:00:00,0,23,23,1.0,4.0,17.0,1.0,0.0,1.0,11,7,7,2,9,2,11.967,113.0,94.0,145.0,7.417,3.0,7.13,roster,0,74.0,57.5,0.7957,67.32,5.0087,0.575,0.9818,3.2174,49.33,7.81,26.8,3.37,3.625
2022-12-03 01:00:00,1,22,22,1.0,5.0,13.0,3.0,0.0,1.0,5,5,8,2,10,2,12.967,167.0,131.0,205.0,8.417,3.0,7.13,roster,0,70.0,55.0,0.7778,67.44,3.9813,0.55,0.7013,3.1818,47.19,8.68,26.8,4.77,5.125
2022-12-03 02:00:00,2,19,19,0.0,4.0,13.0,2.0,0.0,1.0,1,1,8,1,9,1,13.967,233.0,191.0,265.0,9.417,3.0,7.13,roster,0,59.0,47.5,0.6344,48.13,1.9105,0.475,0.1403,3.1053,40.75,7.81,13.4,6.16,6.625
2022-12-03 03:00:00,3,16,16,0.0,2.0,12.0,2.0,0.0,1.0,2,2,8,1,9,1,10.417,293.0,251.0,325.0,10.417,3.0,7.13,roster,0,48.0,40.0,0.5161,43.09,2.0415,0.4,0.2805,3.0,34.32,7.81,13.4,7.56,8.125
2022-12-03 04:00:00,4,15,15,0.0,2.0,11.0,2.0,0.0,1.0,2,2,8,1,9,1,11.417,353.0,311.0,385.0,11.417,3.0,7.13,roster,0,45.0,37.5,0.4839,42.34,1.9665,0.375,0.2805,3.0,32.17,7.81,13.4,8.95,9.625
2022-12-03 05:00:00,5,20,20,1.0,2.0,14.0,3.0,0.0,1.0,6,6,8,2,10,2,12.417,403.5,363.0,445.0,12.417,3.0,7.13,roster,0,61.0,50.0,0.6778,68.73,4.0916,0.5,0.8415,3.05,42.9,8.68,26.8,10.35,11.125
2022-12-03 06:00:00,6,22,22,2.0,2.0,13.0,5.0,0.0,1.0,3,3,10,2,12,2,13.417,442.5,400.0,505.0,13.417,3.0,7.13,roster,0,67.0,55.0,0.7976,76.15,2.9564,0.55,0.4208,3.0455,47.19,10.42,26.8,11.74,12.625
2022-12-03 07:00:00,7,23,23,2.0,2.0,14.0,5.0,0.0,1.0,3,3,10,3,13,3,14.417,491.0,198.0,561.0,14.417,3.0,7.13,roster,0,70.0,57.5,0.8642,93.87,3.0306,0.575,0.4208,3.0435,49.33,11.29,40.2,13.04,14.025
2022-12-03 08:00:00,8,23,23,2.0,2.0,16.0,3.0,0.0,1.0,6,5,10,3,13,3,15.417,551.0,258.0,621.0,15.417,3.0,7.76,roster,0,72.0,57.5,0.8889,95.26,3.817,0.575,0.6443,3.1304,49.33,11.29,40.2,14.44,15.525
2022-12-03 09:00:00,9,21,21,0.0,3.0,16.0,2.0,0.0,1.0,10,7,5,2,7,2,14.45,634.0,318.0,685.0,12.167,3.0,7.76,roster,0,64.0,52.5,0.6465,73.85,4.3491,0.525,0.9021,3.0476,45.04,6.08,26.8,15.93,17.125
2022-12-03 10:00:00,10,26,26,0.0,3.0,18.0,5.0,0.0,1.0,13,13,4,2,6,2,13.167,520.5,90.0,713.0,13.167,4.0,11.01,roster,0,76.0,65.0,0.5588,84.36,5.3514,0.65,1.1807,2.9231,55.77,5.21,26.8,16.58,17.825
2022-12-03 11:00:00,11,27,27,0.0,6.0,18.0,3.0,0.0,1.0,6,5,7,3,10,3,14.167,136.0,104.0,723.0,14.167,4.0,11.01,roster,0,84.0,67.5,0.7,103.61,3.5129,0.675,0.4541,3.1111,57.92,8.68,40.2,16.81,18.075
2022-12-03 12:00:00,12,33,33,0.0,7.0,22.0,4.0,0.0,1.0,12,9,8,3,11,3,13.883,164.0,108.0,498.0,13.883,4.0,11.01,roster,0,102.0,82.5,0.8793,112.11,5.0766,0.825,0.8174,3.0909,70.78,9.55,40.2,11.58,12.45
2022-12-03 13:00:00,13,31,31,0.0,7.0,20.0,4.0,0.0,1.0,6,6,9,1,10,1,14.883,206.5,141.0,270.0,14.883,4.0,11.01,roster,0,96.0,77.5,0.8,74.86,4.0876,0.775,0.545,3.0968,66.5,8.68,13.4,6.28,6.75
2022-12-03 14:00:00,14,30,30,0.0,7.0,18.0,4.0,1.0,1.0,6,7,6,1,7,1,15.05,264.0,161.0,330.0,15.05,4.0,11.01,roster,0,91.0,75.0,0.6894,71.5,4.2035,0.75,0.6358,3.0333,64.35,6.08,13.4,7.67,8.25
2022-12-03 15:00:00,15,25,25,1.0,5.0,15.0,4.0,0.0,1.0,10,8,4,0,4,0,16.05,271.5,219.0,963.0,16.05,4.0,11.01,roster,0,78.0,62.5,0.5417,59.49,4.217,0.625,0.7266,3.12,53.62,3.47,0.0,22.39,24.075
2022-12-03 16:00:00,16,17,17,0.0,5.0,8.0,4.0,0.0,1.0,3,2,3,0,3,0,6.983,165.0,78.0,384.0,6.4,4.0,11.01,roster,0,52.0,42.5,0.3514,28.0,1.8556,0.425,0.1817,3.0588,36.46,2.6,0.0,8.93,9.6
2022-12-03 17:00:00,17,23,23,0.0,7.0,13.0,3.0,0.0,1.0,12,11,1,0,1,0,7.983,138.0,138.0,138.0,2.3,4.0,11.01,roster,0,73.0,57.5,0.4679,33.41,4.996,0.575,0.9991,3.1739,49.33,0.87,0.0,3.21,3.45
2022-12-03 18:00:00,18,21,21,0.0,6.0,12.0,3.0,0.0,1.0,4,4,4,0,4,0,8.983,87.0,84.0,198.0,3.3,4.0,11.01,roster,0,66.0,52.5,0.4583,33.12,2.7918,0.525,0.3633,3.1429,45.04,3.47,0.0,4.6,4.95
2022-12-03 19:00:00,19,19,19,1.0,4.0,11.0,3.0,0.0,1.0,9,7,2,0,2,0,9.983,118.5,87.0,150.0,2.5,4.0,11.01,roster,0,60.0,47.5,0.3947,25.98,3.5077,0.475,0.6358,3.1579,40.75,1.74,0.0,3.49,3.75
2022-12-03 20:00:00,20,22,22,1.0,9.0,9.0,3.0,0.0,1.0,12,10,2,1,3,1,10.983,97.0,84.0,147.0,2.45,4.0,10.43,roster,0,74.0,55.0,0.5,46.61,5.075,0.55,0.9588,3.3636,47.19,2.6,13.4,3.42,3.675
2022-12-03 21:00:00,21,27,27,1.0,9.0,14.0,3.0,0.0,1.0,12,9,3,1,4,1,11.983,131.0,105.0,207.0,3.45,4.0,10.43,roster,0,89.0,67.5,0.6181,59.6,5.0694,0.675,0.8629,3.2963,57.92,3.47,13.4,4.81,5.175
2022-12-03 22:00:00,22,29,29,0.0,12.0,16.0,1.0,0.0,1.0,11,11,5,1,6,1,12.983,157.5,75.0,217.0,4.45,3.0,7.18,roster,0,98.0,72.5,0.9608,65.86,7.6272,0.725,1.532,3.3793,62.2,5.21,13.4,5.05,5.425
2022-12-03 23:00:00,23,27,27,0.0,11.0,16.0,0.0,0.0,1.0,5,5,9,1,10,1,9.5,128.0,80.0,225.0,5.45,3.0,7.18,roster,0,92.0,67.5,1.0222,65.23,4.6728,0.675,0.6964,3.4074,57.92,8.68,13.4,5.23,5.625
2022-12-04 00:00:00,0,22,22,0.0,8.0,13.0,1.0,0.0,1.0,6,5,8,1,9,1,6.45,181.0,140.0,285.0,6.45,3.0,7.18,roster,0,73.0,55.0,0.7849,55.03,4.1357,0.55,0.6964,3.3182,47.19,7.81,13.4,6.63,7.125
2022-12-04 01:00:00,1,18,18,0.0,8.0,9.0,1.0,0.0,1.0,3,1,7,1,8,1,7.45,225.5,200.0,397.0,7.45,3.0,7.18,roster,0,61.0,45.0,0.6354,48.19,1.997,0.45,0.1393,3.3889,38.61,6.95,13.4,9.23,9.925
2022-12-04 02:00:00,2,20,20,0.0,7.0,12.0,1.0,0.0,1.0,4,4,8,1,9,1,8.45,270.0,251.0,405.0,8.45,3.0,7.18,roster,0,66.0,50.0,0.7097,53.53,3.4884,0.5,0.5571,3.3,42.9,7.81,13.4,9.42,10.125
2022-12-04 03:00:00,3,18,18,0.0,7.0,10.0,1.0,0.0,1.0,4,1,9,2,11,2,9.45,320.0,124.0,465.0,9.45,3.0,7.18,roster,0,60.0,45.0,0.6897,65.77,1.9643,0.45,0.1393,3.3333,38.61,9.55,26.8,10.81,11.625
2022-12-04 04:00:00,4,19,19,0.0,7.0,11.0,1.0,0.0,1.0,4,4,9,1,10,1,10.45,385.0,367.0,525.0,10.45,3.0,7.18,roster,0,63.0,47.5,0.7,55.04,3.4222,0.475,0.5571,3.3158,40.75,8.68,13.4,12.21,13.125
2022-12-04 05:00:00,5,18,18,0.0,7.0,11.0,0.0,0.0,1.0,2,2,9,1,10,1,11.45,445.0,427.0,585.0,11.45,3.0,7.18,roster,0,61.0,45.0,0.6778,54.29,2.469,0.45,0.2786,3.3889,38.61,8.68,13.4,13.6,14.625
2022-12-04 06:00:00,6,18,18,0.0,7.0,11.0,0.0,0.0,1.0,2,2,9,1,10,1,12.45,505.0,487.0,645.0,12.45,3.0,7.18,roster,0,61.0,45.0,0.6778,55.69,2.469,0.45,0.2786,3.3889,38.61,8.68,13.4,15.0,16.125
2022-12-04 07:00:00,7,20,20,0.0,8.0,12.0,0.0,0.0,1.0,2,2,10,1,11,1,13.45,560.0,364.0,705.0,13.45,3.0,7.18,roster,0,68.0,50.0,0.7816,62.24,2.6471,0.5,0.2786,3.4,42.9,9.55,13.4,16.39,17.625
2022-12-04 08:00:00,8,20,20,0.0,8.0,12.0,0.0,0.0,1.0,3,3,11,1,12,1,14.45,615.5,424.0,765.0,14.45,3.0,6.41,roster,0,68.0,50.0,0.8095,64.51,3.2913,0.5,0.468,3.4,42.9,10.42,13.4,17.79,19.125
2022-12-04 09:00:00,9,19,19,0.0,5.0,14.0,0.0,0.0,1.0,9,7,5,1,6,1,13.75,575.5,450.0,671.0,13.75,3.0,6.41,roster,0,62.0,47.5,0.6078,54.97,5.1135,0.475,1.092,3.2632,40.75,5.21,13.4,15.6,16.775
2022-12-04 10:00:00,10,16,16,1.0,4.0,11.0,0.0,0.0,1.0,10,9,4,1,5,1,14.75,510.0,185.0,731.0,14.75,4.0,10.11,roster,0,54.0,40.0,0.3857,49.06,4.3545,0.4,0.8902,3.375,34.32,4.34,13.4,17.0,18.275
2022-12-04 11:00:00,11,19,19,1.0,2.0,16.0,0.0,0.0,1.0,11,9,5,1,6,1,15.75,140.5,99.0,570.0,15.75,4.0,10.11,roster,0,61.0,47.5,0.4485,52.62,4.383,0.475,0.8902,3.2105,40.75,5.21,13.4,13.25,14.25
2022-12-04 12:00:00,12,18,18,2.0,4.0,11.0,1.0,0.0,1.0,12,11,3,1,4,1,16.75,434.0,238.0,1005.0,16.75,4.0,10.11,roster,0,61.0,45.0,0.4236,58.85,5.2122,0.45,1.088,3.3889,38.61,3.47,13.4,23.37,25.125
2022-12-04 13:00:00,13,21,21,2.0,5.0,13.0,1.0,0.0,1.0,9,8,4,2,6,2,17.75,106.0,71.0,690.0,17.75,4.0,10.11,roster,0,71.0,52.5,0.5221,73.1,4.4503,0.525,0.7913,3.381,45.04,5.21,26.8,16.04,17.25
2022-12-04 14:00:00,14,18,18,2.0,3.0,13.0,0.0,0.0,1.0,14,7,4,1,5,1,18.75,188.0,144.0,750.0,18.75,4.0,10.11,roster,0,61.0,45.0,0.4357,53.79,3.8714,0.45,0.6924,3.3889,38.61,4.34,13.4,17.44,18.75
2022-12-04 15:00:00,15,16,16,1.0,3.0,12.0,0.0,0.0,1.0,7,5,3,0,3,0,13.5,248.0,184.0,810.0,13.5,4.0,10.11,roster,0,53.0,40.0,0.3581,35.76,2.9632,0.4,0.4946,3.3125,34.32,2.6,0.0,18.83,20.25
2022-12-04 16:00:00,16,20,20,1.0,3.0,15.0,1.0,0.0,1.0,10,9,2,0,2,0,14.5,488.0,106.0,870.0,14.5,4.0,10.11,roster,0,64.0,50.0,0.4211,44.86,4.4487,0.5,0.8902,3.2,42.9,1.74,0.0,20.23,21.75
2022-12-04 17:00:00,17,18,18,1.0,2.0,12.0,2.0,1.0,1.0,10,7,5,0,5,0,15.5,119.0,94.0,166.0,15.5,4.0,10.11,roster,0,54.0,45.0,0.3857,26.81,3.4272,0.45,0.6924,3.0,38.61,4.34,0.0,3.86,4.15
2022-12-04 18:00:00,18,22,22,2.0,2.0,16.0,1.0,1.0,1.0,12,11,4,0,4,0,16.5,138.0,97.0,990.0,16.5,4.0,10.11,roster,0,69.0,55.0,0.4792,53.68,5.1375,0.55,1.088,3.1364,47.19,3.47,0.0,23.02,24.75
2022-12-04 19:00:00,19,23,23,1.0,1.0,17.0,3.0,1.0,1.0,12,11,6,1,7,1,17.5,114.0,94.0,157.0,17.5,4.0,10.11,roster,0,67.0,57.5,0.5076,52.46,4.8445,0.575,1.088,2.913,49.33,6.08,13.4,3.65,3.925
2022-12-04 20:00:00,20,21,21,0.0,1.0,15.0,4.0,1.0,1.0,8,8,3,0,3,0,18.5,217.0,154.0,1110.0,18.5,4.0,10.88,roster,0,58.0,52.5,0.3919,53.46,3.4808,0.525,0.7353,2.7619,45.04,2.6,0.0,25.81,27.75
2022-12-04 21:00:00,21,17,17,0.0,2.0,13.0,2.0,0.0,1.0,10,7,1,0,1,0,7.767,214.0,214.0,214.0,3.567,4.0,10.88,roster,0,51.0,42.5,0.3269,22.31,3.2051,0.425,0.6434,3.0,36.46,0.87,0.0,4.98,5.35
2022-12-04 22:00:00,22,19,19,1.0,3.0,14.0,1.0,0.0,1.0,7,7,4,0,4,0,8.767,107.5,104.0,274.0,4.567,3.0,7.18,roster,0,61.0,47.5,0.5648,30.6,4.655,0.475,0.9749,3.2105,40.75,3.47,0.0,6.37,6.85
2022-12-04 23:00:00,23,17,17,1.0,3.0,11.0,2.0,0.0,1.0,8,6,4,0,4,0,9.767,144.5,125.0,334.0,5.567,3.0,7.18,roster,0,54.0,42.5,0.5,27.7,4.0044,0.425,0.8357,3.1765,36.46,3.47,0.0,7.77,8.35
2022-12-05 00:00:00,0,18,18,1.0,3.0,13.0,1.0,0.0,1.0,10,7,4,0,4,0,10.767,204.5,185.0,394.0,6.567,3.0,7.18,roster,0,58.0,45.0,0.537,31.24,4.5914,0.45,0.9749,3.2222,38.61,3.47,0.0,9.16,9.85
2022-12-05 01:00:00,1,21,21,2.0,2.0,13.0,3.0,1.0,1.0,8,8,6,1,7,1,11.767,205.0,88.0,284.0,7.567,3.0,7.18,roster,0,64.0,52.5,0.6465,51.13,4.9957,0.525,1.1142,3.0476,45.04,6.08,13.4,6.6,7.1
2022-12-05 02:00:00,2,19,19,1.0,5.0,11.0,1.0,1.0,1.0,4,4,6,2,8,2,12.767,208.5,148.0,344.0,8.567,3.0,7.18,roster,0,61.0,47.5,0.6354,62.5,3.3136,0.475,0.5571,3.2105,40.75,6.95,26.8,8.0,8.6
2022-12-05 03:00:00,3,17,17,1.0,5.0,9.0,1.0,1.0,1.0,2,1,7,4,11,4,13.767,208.0,94.0,365.0,9.567,3.0,7.18,roster,0,55.0,42.5,0.6322,88.1,1.8256,0.425,0.1393,3.2353,36.46,9.55,53.6,8.49,9.125
2022-12-05 04:00:00,4,24,24,1.0,4.0,17.0,1.0,1.0,1.0,8,8,8,3,11,3,14.767,268.0,154.0,425.0,10.567,3.0,7.18,roster,0,75.0,60.0,0.8621,91.11,5.3569,0.6,1.1142,3.125,51.48,9.55,40.2,9.88,10.625
2022-12-05 05:00:00,5,21,21,1.0,4.0,14.0,1.0,1.0,1.0,3,2,8,1,9,1,15.767,332.0,310.0,485.0,11.567,3.0,7.18,roster,0,66.0,52.5,0.7097,57.54,2.5254,0.525,0.2786,3.1429,45.04,7.81,13.4,11.28,12.125
2022-12-05 06:00:00,6,21,21,1.0,4.0,14.0,1.0,1.0,1.0,2,1,9,1,10,1,16.767,390.0,274.0,545.0,12.567,3.0,7.18,roster,0,66.0,52.5,0.7333,59.8,2.0877,0.525,0.1393,3.1429,45.04,8.68,13.4,12.67,13.625
2022-12-05 07:00:00,7,19,19,2.0,4.0,11.0,1.0,1.0,1.0,3,3,9,1,10,1,17.767,450.0,334.0,605.0,13.567,3.0,7.18,roster,0,62.0,47.5,0.6889,56.9,2.9134,0.475,0.4178,3.2632,40.75,8.68,13.4,14.07,15.125
2022-12-05 08:00:00,8,21,21,2.0,4.0,13.0,1.0,1.0,1.0,5,5,11,0,11,0,18.767,508.0,197.0,665.0,14.567,3.0,7.33,roster,0,68.0,52.5,0.7816,50.06,3.9088,0.525,0.6821,3.2381,45.04,9.55,0.0,15.46,16.625
2022-12-05 09:00:00,9,21,21,2.0,3.0,16.0,0.0,0.0,1.0,6,6,11,0,11,0,16.883,568.0,144.0,725.0,15.567,3.0,7.33,roster,0,70.0,52.5,0.8046,51.45,4.4785,0.525,0.8186,3.3333,45.04,9.55,0.0,16.86,18.125
2022-12-05 10:00:00,10,25,25,2.0,5.0,18.0,0.0,0.0,1.0,13,11,7,0,7,0,17.883,628.0,204.0,824.0,16.567,4.0,10.58,roster,0,84.0,62.5,0.6364,58.86,5.5934,0.625,1.0397,3.36,53.62,6.08,0.0,19.16,20.6
2022-12-05 11:00:00,11,27,27,3.0,3.0,21.0,0.0,0.0,1.0,11,11,10,0,10,0,14.083,162.5,78.0,574.0,14.083,4.0,10.58,roster,0,90.0,67.5,0.75,59.94,5.7157,0.675,1.0397,3.3333,57.92,8.68,0.0,13.35,14.35
2022-12-05 12:00:00,12,34,34,2.0,6.0,24.0,2.0,0.0,1.0,12,13,12,2,14,2,15.083,136.5,104.0,281.0,15.083,4.0,10.58,roster,0,110.0,85.0,1.0577,98.42,6.7253,0.85,1.2287,3.2353,72.93,12.16,26.8,6.53,7.025
2022-12-05 13:00:00,13,32,32,2.0,5.0,23.0,2.0,0.0,1.0,10,10,12,2,14,2,13.467,169.0,120.0,198.0,13.467,4.0,10.58,roster,0,103.0,80.0,0.9904,92.2,5.6173,0.8,0.9452,3.2188,68.64,12.16,26.8,4.6,4.95
2022-12-05 14:00:00,14,35,35,2.0,5.0,25.0,2.0,1.0,1.0,11,12,9,2,11,2,14.467,210.0,155.0,246.0,14.467,4.0,10.58,roster,0,110.0,87.5,0.9483,97.15,6.3147,0.875,1.1342,3.1429,75.08,9.55,26.8,5.72,6.15
2022-12-05 15:00:00,15,30,30,1.0,6.0,20.0,3.0,0.0,1.0,12,12,8,2,10,2,4.733,187.0,80.0,240.0,4.733,4.0,10.58,roster,0,95.0,75.0,0.7917,85.41,5.9667,0.75,1.1342,3.1667,64.35,8.68,26.8,5.58,6.0
2022-12-05 16:00:00,16,33,33,1.0,7.0,22.0,3.0,0.0,1.0,11,10,9,2,11,2,5.733,131.0,76.0,275.0,5.733,4.0,10.58,roster,0,105.0,82.5,0.9052,93.53,5.6324,0.825,0.9452,3.1818,70.78,9.55,26.8,6.39,6.875
2022-12-05 17:00:00,17,36,36,1.0,7.0,23.0,5.0,0.0,1.0,9,9,14,3,17,3,6.733,136.0,101.0,200.0,6.733,4.0,10.58,roster,0,112.0,90.0,1.2174,116.83,5.4465,0.9,0.8507,3.1111,77.22,14.76,40.2,4.65,5.0
2022-12-05 18:00:00,18,31,31,1.0,7.0,17.0,6.0,0.0,1.0,2,2,16,2,18,2,7.733,194.5,130.0,260.0,7.733,4.0,10.58,roster,0,96.0,77.5,1.0909,94.97,2.9854,0.775,0.189,3.0968,66.5,15.63,26.8,6.04,6.5
2022-12-05 19:00:00,19,29,29,1.0,6.0,17.0,5.0,0.0,1.0,6,6,12,1,13,1,8.733,256.0,190.0,427.0,8.733,4.0,10.58,roster,0,90.0,72.5,0.8333,76.82,4.01,0.725,0.5671,3.1034,62.2,11.29,13.4,9.93,10.675
2022-12-05 20:00:00,20,26,26,0.0,7.0,14.0,5.0,0.0,1.0,12,9,5,1,6,1,9.733,310.5,211.0,487.0,9.733,4.0,11.69,roster,0,80.0,65.0,0.5882,65.7,4.3689,0.65,0.7699,3.0769,55.77,5.21,13.4,11.32,12.175
2022-12-05 21:00:00,21,22,22,0.0,8.0,11.0,3.0,0.0,1.0,9,8,8,1,9,1,10.733,105.0,75.0,310.0,10.733,4.0,11.69,roster,0,71.0,55.0,0.5726,55.61,3.9836,0.55,0.6843,3.2273,47.19,7.81,13.4,7.21,7.75
2022-12-05 22:00:00,22,23,23,0.0,7.0,13.0,2.0,1.0,1.0,11,8,6,0,6,0,8.183,237.0,135.0,370.0,8.183,3.0,8.44,roster,0,72.0,57.5,0.7059,43.15,4.7672,0.575,0.9479,3.1304,49.33,5.21,0.0,8.6,9.25
2022-12-05 23:00:00,23,21,21,0.0,6.0,13.0,2.0,0.0,1.0,9,5,7,0,7,0,9.183,203.0,118.0,430.0,9.183,3.0,8.44,roster,0,67.0,52.5,0.6768,41.12,3.5651,0.525,0.5924,3.1905,45.04,6.08,0.0,10.0,10.75
2022-12-06 00:00:00,0,19,19,0.0,5.0,10.0,4.0,0.0,1.0,5,4,7,0,7,0,10.183,263.0,149.0,490.0,10.183,3.0,8.44,roster,0,58.0,47.5,0.5859,38.23,2.8967,0.475,0.4739,3.0526,40.75,6.08,0.0,11.39,12.25
2022-12-06 01:00:00,1,14,14,0.0,3.0,9.0,2.0,0.0,1.0,3,3,6,0,6,0,11.183,319.0,209.0,550.0,11.183,3.0,8.44,roster,0,43.0,35.0,0.4216,28.03,2.1667,0.35,0.3555,3.0714,30.03,5.21,0.0,12.79,13.75
2022-12-06 02:00:00,2,14,14,0.0,3.0,8.0,3.0,0.0,1.0,5,3,6,0,6,0,12.183,379.0,269.0,610.0,12.183,3.0,8.44,roster,0,42.0,35.0,0.4118,29.42,2.1164,0.35,0.3555,3.0,30.03,5.21,0.0,14.18,15.25
2022-12-06 03:00:00,3,16,16,0.0,5.0,10.0,1.0,0.0,1.0,5,5,6,0,6,0,13.183,439.0,329.0,670.0,13.183,3.0,8.44,roster,0,52.0,40.0,0.5098,35.11,3.2254,0.4,0.5924,3.25,34.32,5.21,0.0,15.58,16.75
2022-12-06 04:00:00,4,14,14,0.0,5.0,8.0,1.0,0.0,1.0,0,0,7,0,7,0,14.183,495.0,308.0,730.0,14.183,3.0,8.44,roster,0,46.0,35.0,0.4646,33.08,1.15,0.35,0.0,3.2857,30.03,6.08,0.0,16.97,18.25
2022-12-06 05:00:00,5,14,14,0.0,5.0,8.0,1.0,0.0,1.0,0,0,7,0,7,0,15.183,555.0,368.0,790.0,15.183,3.0,8.44,roster,0,46.0,35.0,0.4646,34.48,1.15,0.35,0.0,3.2857,30.03,6.08,0.0,18.37,19.75
2022-12-06 06:00:00,6,15,15,0.0,5.0,9.0,1.0,0.0,1.0,2,2,7,0,7,0,16.183,615.0,428.0,850.0,16.183,3.0,8.44,roster,0,49.0,37.5,0.4949,38.02,1.9991,0.375,0.237,3.2667,32.17,6.08,0.0,19.76,21.25
2022-12-06 07:00:00,7,16,16,0.0,5.0,10.0,1.0,0.0,1.0,3,3,7,0,7,0,17.183,675.0,488.0,910.0,17.183,3.0,8.44,roster,0,52.0,40.0,0.5253,41.56,2.4552,0.4,0.3555,3.25,34.32,6.08,0.0,21.16,22.75
2022-12-06 08:00:00,8,17,17,1.0,5.0,9.0,1.0,1.0,1.0,5,4,7,0,7,0,18.183,735.0,303.0,970.0,18.183,3.0,7.23,roster,0,55.0,42.5,0.5556,45.1,3.1649,0.425,0.5533,3.2353,36.46,6.08,0.0,22.55,24.25
2022-12-06 09:00:00,9,24,24,2.0,6.0,13.0,3.0,0.0,1.0,9,9,7,1,8,1,19.183,485.5,145.0,1030.0,19.183,3.0,7.23,roster,0,79.0,60.0,0.8229,75.77,6.0725,0.6,1.2448,3.2917,51.48,6.95,13.4,23.95,25.75
2022-12-06 10:00:00,10,21,21,2.0,5.0,14.0,0.0,0.0,1.0,5,4,8,2,10,2,20.183,151.0,95.0,863.0,20.183,4.0,10.48,roster,0,72.0,52.5,0.6,80.59,3.1086,0.525,0.3817,3.4286,45.04,8.68,26.8,20.06,21.575
2022-12-06 11:00:00,11,26,26,3.0,6.0,16.0,0.0,1.0,1.0,7,7,9,2,11,2,21.183,191.0,126.0,923.0,21.183,4.0,10.48,roster,0,88.0,65.0,0.7586,93.58,4.4607,0.65,0.6679,3.3846,55.77,9.55,26.8,21.46,23.075
2022-12-06 12:00:00,12,25,25,3.0,6.0,16.0,0.0,0.0,1.0,4,2,12,2,14,2,22.183,198.0,116.0,543.0,22.183,4.0,10.48,roster,0,87.0,62.5,0.8365,85.21,2.8391,0.625,0.1908,3.48,53.62,12.16,26.8,12.62,13.575
2022-12-06 13:00:00,13,26,26,3.0,7.0,16.0,0.0,0.0,1.0,4,4,12,2,14,2,23.183,227.5,158.0,351.0,23.183,4.0,10.48,roster,0,91.0,65.0,0.875,82.89,3.6109,0.65,0.3817,3.5,55.77,12.16,26.8,8.16,8.775
2022-12-06 14:00:00,14,32,32,3.0,7.0,18.0,2.0,2.0,1.0,11,11,12,2,14,2,24.183,252.5,187.0,371.0,24.183,4.0,10.48,roster,0,103.0,80.0,0.9904,96.22,5.9535,0.8,1.0496,3.2188,68.64,12.16,26.8,8.63,9.275
2022-12-06 15:00:00,15,32,32,2.0,10.0,16.0,3.0,1.0,1.0,6,6,14,1,15,1,25.183,278.0,136.0,390.0,25.183,4.0,10.48,roster,0,105.0,80.0,1.05,84.13,4.5036,0.8,0.5725,3.2812,68.64,13.02,13.4,9.07,9.75
2022-12-06 16:00:00,16,28,28,0.0,8.0,17.0,3.0,0.0,1.0,5,5,12,0,12,0,26.183,238.5,167.0,426.0,26.183,4.0,10.48,roster,0,89.0,70.0,0.7946,60.38,3.7415,0.7,0.4771,3.1786,60.06,10.42,0.0,9.9,10.65
2022-12-06 17:00:00,17,33,33,1.0,9.0,21.0,2.0,0.0,1.0,12,12,12,0,12,0,27.183,241.5,140.0,398.0,27.183,4.0,10.48,roster,0,108.0,82.5,0.9643,70.46,6.4474,0.825,1.145,3.2727,70.78,10.42,0.0,9.25,9.95
2022-12-06 18:00:00,18,35,35,1.0,13.0,17.0,4.0,0.0,1.0,12,10,14,0,14,0,28.183,194.0,83.0,393.0,28.183,4.0,10.48,roster,0,116.0,87.5,1.1154,76.37,6.0625,0.875,0.9542,3.3143,75.08,12.16,0.0,9.14,9.825
2022-12-06 19:00:00,19,28,28,1.0,9.0,14.0,4.0,0.0,1.0,3,1,13,2,15,2,29.183,230.0,124.0,347.0,29.183,4.0,10.48,roster,0,91.0,70.0,0.91,87.95,2.5851,0.7,0.0954,3.25,60.06,13.02,26.8,8.07,8.675
2022-12-06 20:00:00,20,26,26,2.0,5.0,14.0,5.0,0.0,1.0,8,7,9,2,11,2,21.967,203.0,172.0,407.0,9.933,4.0,9.7,roster,0,82.0,65.0,0.7069,81.58,4.326,0.65,0.7216,3.1538,55.77,9.55,26.8,9.46,10.175
2022-12-06 21:00:00,21,34,34,2.0,8.0,18.0,6.0,0.0,1.0,11,10,11,3,14,3,22.967,245.5,113.0,368.0,10.933,4.0,9.7,roster,0,108.0,85.0,1.0385,113.84,5.9747,0.85,1.0309,3.1765,72.93,12.16,40.2,8.56,9.2
2022-12-06 22:00:00,22,23,23,0.0,6.0,13.0,4.0,0.0,1.0,7,4,8,2,10,2,23.967,290.0,173.0,428.0,11.933,3.0,6.45,roster,0,71.0,57.5,0.7889,74.77,3.6894,0.575,0.6202,3.087,49.33,8.68,26.8,9.95,10.7
2022-12-06 23:00:00,23,32,32,2.0,8.0,17.0,5.0,0.0,1.0,12,12,11,2,13,2,24.967,309.0,160.0,470.0,12.933,3.0,6.45,roster,0,103.0,80.0,1.2716,97.66,8.5634,0.8,1.8605,3.2188,68.64,11.29,26.8,10.93,11.75
2022-12-07 00:00:00,0,33,33,2.0,7.0,18.0,5.0,1.0,1.0,7,7,14,2,16,2,25.967,240.0,132.0,530.0,13.933,3.0,6.45,roster,0,103.0,82.5,1.4306,103.8,5.9624,0.825,1.0853,3.1212,70.78,13.89,26.8,12.32,13.25
2022-12-07 01:00:00,1,28,28,2.0,5.0,16.0,4.0,1.0,1.0,4,3,14,2,16,2,26.967,300.0,192.0,590.0,14.933,3.0,6.45,roster,0,87.0,70.0,1.2083,94.47,3.6202,0.7,0.4651,3.1071,60.06,13.89,26.8,13.72,14.75
2022-12-07 02:00:00,2,28,28,2.0,5.0,17.0,3.0,1.0,1.0,3,2,14,2,16,2,27.967,360.0,252.0,650.0,15.933,3.0,6.45,roster,0,88.0,70.0,1.2222,95.87,3.1745,0.7,0.3101,3.1429,60.06,13.89,26.8,15.11,16.25
2022-12-07 03:00:00,3,29,29,2.0,5.0,19.0,3.0,0.0,1.0,4,4,14,2,16,2,28.967,420.0,312.0,710.0,16.933,3.0,6.45,roster,0,93.0,72.5,1.2917,99.41,4.3138,0.725,0.6202,3.2069,62.2,13.89,26.8,16.51,17.75
2022-12-07 04:00:00,4,33,33,1.0,6.0,23.0,3.0,0.0,1.0,7,7,15,1,16,1,29.967,480.0,372.0,770.0,17.933,3.0,6.45,roster,0,104.0,82.5,1.4444,95.98,6.0202,0.825,1.0853,3.1515,70.78,13.89,13.4,17.9,19.25
2022-12-07 05:00:00,5,33,33,1.0,8.0,21.0,3.0,0.0,1.0,4,4,18,1,19,1,30.967,456.0,386.0,708.0,18.933,3.0,6.45,roster,0,106.0,82.5,1.6825,97.14,4.642,0.825,0.6202,3.2121,70.78,16.5,13.4,16.46,17.7
2022-12-07 06:00:00,6,31,31,1.0,9.0,18.0,3.0,0.0,1.0,2,2,20,1,21,1,31.967,494.0,224.0,729.0,19.933,3.0,6.45,roster,0,101.0,77.5,1.7719,95.08,3.5353,0.775,0.3101,3.2581,66.5,18.23,13.4,16.95,18.225
2022-12-07 07:00:00,7,30,30,1.0,8.0,18.0,3.0,0.0,1.0,2,1,21,1,22,1,32.967,553.0,235.0,789.0,20.933,3.0,6.45,roster,0,97.0,75.0,1.7963,95.2,2.9263,0.75,0.155,3.2333,64.35,19.1,13.4,18.34,19.725
2022-12-07 08:00:00,8,29,29,2.0,7.0,17.0,3.0,0.0,1.0,4,2,21,1,22,1,21.933,601.5,269.0,849.0,21.933,3.0,8.29,roster,0,95.0,72.5,1.7593,94.45,3.1653,0.725,0.2413,3.2759,62.2,19.1,13.4,19.74,21.225
2022-12-07 09:00:00,9,35,35,2.0,8.0,23.0,2.0,0.0,1.0,13,11,19,1,20,1,19.783,515.0,293.0,800.0,19.783,3.0,8.29,roster,0,115.0,87.5,1.9167,104.44,7.2348,0.875,1.3269,3.2857,75.08,17.37,13.4,18.6,20.0
2022-12-07 10:00:00,10,29,29,2.0,7.0,19.0,1.0,0.0,1.0,3,3,18,2,20,2,19.133,439.5,201.0,820.0,19.133,4.0,11.61,roster,0,97.0,72.5,1.2125,105.44,3.2893,0.725,0.2584,3.3448,62.2,17.37,26.8,19.07,20.5
2022-12-07 11:00:00,11,35,35,2.0,8.0,22.0,3.0,0.0,1.0,9,8,17,2,19,2,20.133,449.0,186.0,771.0,20.133,4.0,11.61,roster,0,114.0,87.5,1.3571,116.3,5.0944,0.875,0.6891,3.2571,75.08,16.5,26.8,17.93,19.275
2022-12-07 12:00:00,12,31,31,2.0,7.0,20.0,2.0,0.0,1.0,8,7,17,2,19,2,21.133,509.0,201.0,831.0,21.133,4.0,11.61,roster,0,102.0,77.5,1.2143,109.11,4.5338,0.775,0.6029,3.2903,66.5,16.5,26.8,19.32,20.775
2022-12-07 13:00:00,13,25,25,1.0,6.0,16.0,2.0,0.0,1.0,1,1,16,2,18,2,22.133,475.0,226.0,891.0,22.133,4.0,11.61,roster,0,81.0,62.5,0.9205,96.77,2.3041,0.625,0.0861,3.24,53.62,15.63,26.8,20.72,22.275
2022-12-07 14:00:00,14,23,23,1.0,5.0,14.0,3.0,0.0,1.0,4,3,12,2,14,2,23.133,642.0,328.0,996.0,23.133,4.0,11.61,roster,0,73.0,57.5,0.7019,91.45,2.6451,0.575,0.2584,3.1739,49.33,12.16,26.8,23.16,24.9
2022-12-07 15:00:00,15,21,21,1.0,4.0,14.0,2.0,0.0,1.0,5,5,9,2,11,2,21.8,448.0,346.0,715.0,21.8,4.0,11.61,roster,0,67.0,52.5,0.5776,78.02,3.049,0.525,0.4307,3.1905,45.04,9.55,26.8,16.62,17.875
2022-12-07 16:00:00,16,22,22,1.0,4.0,15.0,2.0,0.0,1.0,5,5,8,1,9,1,22.717,441.0,244.0,749.0,17.85,4.0,11.61,roster,0,70.0,55.0,0.5645,65.82,3.1203,0.55,0.4307,3.1818,47.19,7.81,13.4,17.41,18.725
2022-12-07 17:00:00,17,20,20,2.0,3.0,13.0,2.0,0.0,1.0,2,2,8,1,9,1,23.717,466.0,217.0,508.0,18.85,4.0,11.61,roster,0,65.0,50.0,0.5242,55.93,2.1849,0.5,0.1723,3.25,42.9,7.81,13.4,11.81,12.7
2022-12-07 18:00:00,18,21,21,2.0,5.0,13.0,1.0,0.0,1.0,8,7,9,1,10,1,24.717,445.0,209.0,568.0,19.85,4.0,11.61,roster,0,71.0,52.5,0.5917,60.33,3.8135,0.525,0.6029,3.381,45.04,8.68,13.4,13.21,14.2
2022-12-07 19:00:00,19,22,22,1.0,5.0,15.0,1.0,0.0,1.0,7,5,9,1,10,1,25.717,380.5,154.0,628.0,20.85,4.0,11.61,roster,0,72.0,55.0,0.6,63.87,3.2094,0.55,0.4307,3.2727,47.19,8.68,13.4,14.6,15.7
2022-12-07 20:00:00,20,19,19,1.0,5.0,12.0,1.0,0.0,1.0,8,7,5,1,6,1,26.717,146.0,104.0,214.0,6.617,4.0,10.14,roster,0,63.0,47.5,0.4632,44.34,3.864,0.475,0.6903,3.3158,40.75,5.21,13.4,4.98,5.35
2022-12-07 21:00:00,21,20,20,1.0,5.0,12.0,2.0,0.0,1.0,8,5,6,1,7,1,27.717,191.0,134.0,274.0,7.617,4.0,10.14,roster,0,65.0,50.0,0.4924,48.75,3.2276,0.5,0.4931,3.25,42.9,6.08,13.4,6.37,6.85
2022-12-07 22:00:00,22,16,16,1.0,5.0,8.0,2.0,0.0,1.0,8,7,4,1,5,1,28.717,281.0,135.0,334.0,8.617,3.0,6.82,roster,0,53.0,40.0,0.5048,39.83,4.7249,0.4,1.0264,3.3125,34.32,4.34,13.4,7.77,8.35
2022-12-07 23:00:00,23,15,15,1.0,4.0,7.0,3.0,0.0,1.0,9,8,3,0,3,0,29.717,341.0,96.0,394.0,6.567,3.0,6.82,roster,0,48.0,37.5,0.4324,23.94,4.9537,0.375,1.173,3.2,32.17,2.6,0.0,9.16,9.85
2022-12-08 00:00:00,0,16,16,1.0,4.0,9.0,2.0,0.0,1.0,8,5,3,0,3,0,30.717,401.0,156.0,454.0,7.567,3.0,6.82,roster,0,52.0,40.0,0.4685,27.48,3.6827,0.4,0.7331,3.25,34.32,2.6,0.0,10.56,11.35
2022-12-08 01:00:00,1,14,14,1.0,5.0,6.0,2.0,0.0,1.0,4,2,4,0,4,0,31.717,338.5,216.0,514.0,8.567,3.0,6.82,roster,0,47.0,35.0,0.4352,25.45,2.1595,0.35,0.2933,3.3571,30.03,3.47,0.0,11.95,12.85
2022-12-08 02:00:00,2,19,19,2.0,4.0,10.0,3.0,0.0,1.0,6,6,5,0,5,0,32.717,276.0,143.0,521.0,9.567,3.0,6.82,roster,0,62.0,47.5,0.5905,37.21,4.4208,0.475,0.8798,3.2632,40.75,4.34,0.0,12.11,13.025
2022-12-08 03:00:00,3,20,20,2.0,4.0,12.0,2.0,0.0,1.0,3,3,5,1,6,1,33.717,269.5,125.0,581.0,10.567,3.0,6.82,roster,0,66.0,50.0,0.6471,55.02,3.1016,0.5,0.4399,3.3,42.9,5.21,13.4,13.51,14.525
2022-12-08 04:00:00,4,17,17,2.0,4.0,9.0,2.0,0.0,1.0,3,1,6,1,7,1,34.717,263.0,128.0,641.0,11.567,3.0,6.82,roster,0,57.0,42.5,0.5758,50.85,1.9166,0.425,0.1466,3.3529,36.46,6.08,13.4,14.9,16.025
2022-12-08 05:00:00,5,18,18,1.0,4.0,11.0,2.0,0.0,1.0,2,2,6,0,6,0,35.717,389.5,245.0,701.0,12.567,3.0,6.82,roster,0,58.0,45.0,0.5686,40.12,2.3949,0.45,0.2933,3.2222,38.61,5.21,0.0,16.3,17.525
2022-12-08 06:00:00,6,18,18,1.0,4.0,11.0,2.0,0.0,1.0,2,2,6,0,6,0,36.717,449.5,305.0,761.0,13.567,3.0,6.82,roster,0,58.0,45.0,0.5686,41.51,2.3949,0.45,0.2933,3.2222,38.61,5.21,0.0,17.69,19.025
2022-12-08 07:00:00,7,15,15,1.0,4.0,9.0,1.0,0.0,1.0,0,0,6,0,6,0,22.3,509.5,365.0,821.0,14.567,3.0,6.82,roster,0,50.0,37.5,0.4902,36.47,1.25,0.375,0.0,3.3333,32.17,5.21,0.0,19.09,20.525
2022-12-08 08:00:00,8,17,17,1.0,4.0,12.0,0.0,0.0,1.0,7,7,6,0,6,0,15.567,569.5,425.0,881.0,15.567,3.0,6.74,roster,0,57.0,42.5,0.5588,42.16,4.9073,0.425,1.0386,3.3529,36.46,5.21,0.0,20.48,22.025
2022-12-08 09:00:00,9,17,17,1.0,4.0,12.0,0.0,0.0,1.0,6,7,4,0,4,0,16.567,466.5,370.0,994.0,16.567,3.0,6.74,roster,0,57.0,42.5,0.5278,43.05,4.9073,0.425,1.0386,3.3529,36.46,3.47,0.0,23.11,24.85
2022-12-08 10:00:00,10,15,15,1.0,4.0,10.0,0.0,0.0,1.0,6,6,3,0,3,0,17.567,430.0,127.0,1054.0,17.567,4.0,9.99,roster,0,51.0,37.5,0.3446,39.29,3.317,0.375,0.6006,3.4,32.17,2.6,0.0,24.51,26.35
2022-12-08 11:00:00,11,21,21,2.0,4.0,15.0,0.0,0.0,1.0,13,12,3,0,3,0,18.567,490.0,187.0,1114.0,18.567,4.0,9.99,roster,0,71.0,52.5,0.4797,53.55,5.8362,0.525,1.2012,3.381,45.04,2.6,0.0,25.9,27.85
2022-12-08 12:00:00,12,20,20,1.0,4.0,15.0,0.0,0.0,1.0,5,5,7,0,7,0,9.167,98.0,76.0,247.0,9.167,4.0,9.99,roster,0,66.0,50.0,0.5,34.72,3.3017,0.5,0.5005,3.3,42.9,6.08,0.0,5.74,6.175
2022-12-08 13:00:00,13,22,22,1.0,3.0,18.0,0.0,0.0,1.0,8,7,7,0,7,0,4.15,136.0,94.0,158.0,2.883,4.0,9.99,roster,0,71.0,55.0,0.5379,36.94,4.0364,0.55,0.7007,3.2273,47.19,6.08,0.0,3.67,3.95
2022-12-08 14:00:00,14,26,26,1.0,4.0,21.0,0.0,0.0,1.0,7,7,7,1,8,1,5.15,171.5,140.0,201.0,3.633,4.0,9.99,roster,0,84.0,65.0,0.6562,60.79,4.3638,0.65,0.7007,3.2308,55.77,6.95,13.4,4.67,5.025
2022-12-08 15:00:00,15,24,24,1.0,4.0,19.0,0.0,0.0,1.0,5,5,7,1,8,1,6.15,231.5,168.0,261.0,4.633,4.0,9.99,roster,0,78.0,60.0,0.6094,57.89,3.5766,0.6,0.5005,3.25,51.48,6.95,13.4,6.07,6.525
2022-12-08 16:00:00,16,24,24,0.0,4.0,20.0,0.0,0.0,1.0,8,8,7,1,8,1,7.15,221.5,167.0,321.0,5.633,4.0,9.99,roster,0,76.0,60.0,0.5938,59.29,4.4359,0.6,0.8008,3.1667,51.48,6.95,13.4,7.46,8.025
2022-12-08 17:00:00,17,25,25,0.0,4.0,19.0,2.0,0.0,1.0,7,7,7,1,8,1,8.15,192.0,124.0,288.0,6.35,4.0,9.99,roster,0,77.0,62.5,0.6016,60.67,4.0832,0.625,0.7007,3.08,53.62,6.95,13.4,6.7,7.2
2022-12-08 18:00:00,18,23,23,1.0,4.0,18.0,0.0,0.0,1.0,7,7,6,0,6,0,9.15,252.0,167.0,348.0,7.35,4.0,9.99,roster,0,75.0,57.5,0.5515,42.64,4.1599,0.575,0.7007,3.2609,49.33,5.21,0.0,8.09,8.7
2022-12-08 19:00:00,19,21,21,1.0,3.0,16.0,1.0,0.0,1.0,8,8,6,0,6,0,8.35,252.0,77.0,408.0,8.35,4.0,9.99,roster,0,67.0,52.5,0.4926,39.74,4.2299,0.525,0.8008,3.1905,45.04,5.21,0.0,9.49,10.2
2022-12-08 20:00:00,20,22,22,2.0,5.0,14.0,1.0,0.0,1.0,8,6,6,0,6,0,9.35,212.0,128.0,337.0,9.35,4.0,10.02,roster,0,74.0,55.0,0.5441,40.24,3.8642,0.55,0.5988,3.3636,47.19,5.21,0.0,7.84,8.425
2022-12-08 21:00:00,21,24,24,2.0,5.0,16.0,1.0,0.0,1.0,8,7,6,1,7,1,10.35,197.0,84.0,397.0,10.35,4.0,10.02,roster,0,80.0,60.0,0.6061,60.19,4.3287,0.6,0.6986,3.3333,51.48,6.08,13.4,9.23,9.925
2022-12-08 22:00:00,22,25,25,1.0,5.0,19.0,0.0,0.0,1.0,10,8,6,0,6,0,7.617,109.0,66.0,209.0,7.617,3.0,6.77,roster,0,82.0,62.5,0.8039,43.69,5.9259,0.625,1.1817,3.28,53.62,5.21,0.0,4.86,5.225
2022-12-08 23:00:00,23,25,25,1.0,5.0,19.0,0.0,0.0,1.0,9,7,5,0,5,0,8.617,141.0,126.0,269.0,8.617,3.0,6.77,roster,0,82.0,62.5,0.781,44.22,5.4414,0.625,1.034,3.28,53.62,4.34,0.0,6.25,6.725
2022-12-09 00:00:00,0,19,19,0.0,6.0,13.0,0.0,0.0,1.0,5,4,6,0,6,0,9.617,193.5,135.0,329.0,9.617,3.0,6.77,roster,0,63.0,47.5,0.6176,33.61,3.5341,0.475,0.5908,3.3158,40.75,5.21,0.0,7.65,8.225
2022-12-09 01:00:00,1,21,21,0.0,7.0,14.0,0.0,0.0,1.0,4,4,8,0,8,0,10.617,220.5,151.0,389.0,10.617,3.0,6.77,roster,0,70.0,52.5,0.7292,41.04,3.7195,0.525,0.5908,3.3333,45.04,6.95,0.0,9.04,9.725
2022-12-09 02:00:00,2,18,18,0.0,6.0,12.0,0.0,0.0,1.0,1,1,9,0,9,0,11.617,255.0,124.0,321.0,11.617,3.0,6.77,roster,0,60.0,45.0,0.6452,33.89,1.9924,0.45,0.1477,3.3333,38.61,7.81,0.0,7.46,8.025
2022-12-09 03:00:00,3,17,17,0.0,6.0,11.0,0.0,0.0,1.0,2,2,9,0,9,0,12.617,315.0,184.0,381.0,12.617,3.0,6.77,roster,0,57.0,42.5,0.6129,33.14,2.4155,0.425,0.2954,3.3529,36.46,7.81,0.0,8.86,9.525
2022-12-09 04:00:00,4,17,17,0.0,6.0,11.0,0.0,0.0,1.0,0,0,9,0,9,0,13.617,375.0,244.0,441.0,13.617,3.0,6.77,roster,0,57.0,42.5,0.6129,34.53,1.425,0.425,0.0,3.3529,36.46,7.81,0.0,10.25,11.025
2022-12-09 05:00:00,5,19,19,0.0,6.0,13.0,0.0,0.0,1.0,3,3,9,0,9,0,14.617,435.0,304.0,501.0,14.617,3.0,6.77,roster,0,63.0,47.5,0.6774,40.22,3.0443,0.475,0.4431,3.3158,40.75,7.81,0.0,11.65,12.525
2022-12-09 06:00:00,6,20,20,0.0,8.0,12.0,0.0,0.0,1.0,3,3,10,0,10,0,15.617,473.0,360.0,561.0,15.617,3.0,6.77,roster,0,68.0,50.0,0.7556,44.63,3.2066,0.5,0.4431,3.4,42.9,8.68,0.0,13.04,14.025
2022-12-09 07:00:00,7,21,21,0.0,7.0,14.0,0.0,0.0,1.0,4,4,11,1,12,1,16.617,467.5,387.0,621.0,16.617,3.0,6.77,roster,0,70.0,52.5,0.8333,63.3,3.7195,0.525,0.5908,3.3333,45.04,10.42,13.4,14.44,15.525
2022-12-09 08:00:00,8,22,22,0.0,7.0,15.0,0.0,0.0,1.0,3,3,12,1,13,1,17.617,484.0,185.0,666.0,17.617,3.0,6.35,roster,0,73.0,55.0,0.9012,67.36,3.3926,0.55,0.4724,3.3182,47.19,11.29,13.4,15.48,16.65
2022-12-09 09:00:00,9,16,16,0.0,5.0,10.0,1.0,0.0,1.0,2,2,7,1,8,1,17.067,230.0,193.0,675.0,12.35,3.0,6.35,roster,0,52.0,40.0,0.5417,50.36,2.3236,0.4,0.315,3.25,34.32,6.95,13.4,15.69,16.875
2022-12-09 10:00:00,10,19,19,1.0,5.0,12.0,1.0,0.0,1.0,7,5,7,1,8,1,18.067,290.0,253.0,735.0,13.35,4.0,9.67,roster,0,63.0,47.5,0.4922,58.19,3.2895,0.475,0.5171,3.3158,40.75,6.95,13.4,17.09,18.375
2022-12-09 11:00:00,11,25,25,2.0,5.0,16.0,1.0,1.0,1.0,9,9,9,1,10,1,19.067,324.0,181.0,660.0,14.35,4.0,9.67,roster,0,81.0,62.5,0.675,71.05,5.0405,0.625,0.9307,3.24,53.62,8.68,13.4,15.34,16.5
2022-12-09 12:00:00,12,25,25,1.0,4.0,19.0,1.0,0.0,1.0,5,4,9,1,10,1,20.067,384.0,241.0,720.0,15.35,4.0,9.67,roster,0,80.0,62.5,0.6667,72.45,3.3237,0.625,0.4137,3.2,53.62,8.68,13.4,16.74,18.0
2022-12-09 13:00:00,13,28,28,1.0,3.0,23.0,1.0,0.0,1.0,6,5,9,1,10,1,21.067,420.0,199.0,780.0,16.35,4.0,9.67,roster,0,88.0,70.0,0.7333,80.28,3.8251,0.7,0.5171,3.1429,60.06,8.68,13.4,18.14,19.5
2022-12-09 14:00:00,14,29,29,1.0,3.0,22.0,2.0,1.0,1.0,12,11,5,1,6,1,22.067,677.5,493.0,975.0,17.35,4.0,9.67,roster,0,88.0,72.5,0.6471,83.48,5.6518,0.725,1.1375,3.0345,62.2,5.21,13.4,22.67,24.375
2022-12-09 15:00:00,15,27,27,2.0,2.0,20.0,2.0,1.0,1.0,7,7,2,1,3,1,23.067,553.0,113.0,1035.0,17.25,4.0,9.67,roster,0,83.0,67.5,0.5608,77.98,4.3003,0.675,0.7239,3.0741,57.92,2.6,13.4,24.06,25.875
2022-12-09 16:00:00,16,22,22,3.0,0.0,19.0,0.0,0.0,1.0,6,6,2,0,2,0,24.067,143.5,114.0,173.0,2.883,4.0,9.67,roster,0,72.0,55.0,0.4737,32.95,3.8306,0.55,0.6205,3.2727,47.19,1.74,0.0,4.02,4.325
2022-12-09 17:00:00,17,32,32,3.0,2.0,24.0,3.0,0.0,1.0,14,14,2,0,2,0,25.067,203.5,174.0,233.0,3.883,4.0,9.67,roster,0,101.0,80.0,0.6645,55.79,7.0945,0.8,1.4478,3.1562,68.64,1.74,0.0,5.42,5.825
2022-12-09 18:00:00,18,31,31,2.0,4.0,24.0,1.0,0.0,1.0,9,9,5,1,6,1,26.067,114.5,87.0,234.0,4.883,4.0,9.67,roster,0,100.0,77.5,0.7353,70.55,5.5023,0.775,0.9307,3.2258,66.5,5.21,13.4,5.44,5.85
2022-12-09 19:00:00,19,27,27,3.0,3.0,21.0,0.0,0.0,1.0,7,6,7,1,8,1,27.067,119.0,99.0,294.0,5.883,4.0,9.67,roster,0,90.0,67.5,0.7031,65.1,4.3183,0.675,0.6205,3.3333,57.92,6.95,13.4,6.84,7.35
2022-12-09 20:00:00,20,22,22,1.0,3.0,18.0,0.0,0.0,1.0,7,5,6,2,8,2,28.067,157.0,99.0,207.0,5.9,4.0,9.99,roster,0,71.0,55.0,0.5547,65.75,3.3903,0.55,0.5005,3.2273,47.19,6.95,26.8,4.81,5.175
2022-12-09 21:00:00,21,22,22,1.0,3.0,16.0,2.0,0.0,1.0,10,8,4,2,6,2,29.067,150.5,127.0,215.0,4.45,4.0,9.99,roster,0,69.0,55.0,0.5074,64.2,4.2366,0.55,0.8008,3.1364,47.19,5.21,26.8,5.0,5.375
2022-12-09 22:00:00,22,24,24,0.0,3.0,20.0,1.0,0.0,1.0,11,9,2,0,2,0,30.067,136.0,85.0,187.0,3.117,3.0,6.67,roster,0,74.0,60.0,0.6491,37.56,6.0104,0.6,1.3493,3.0833,51.48,1.74,0.0,4.35,4.675
2022-12-09 23:00:00,23,23,23,0.0,3.0,20.0,0.0,0.0,1.0,10,8,4,0,4,0,31.067,122.0,99.0,247.0,4.117,3.0,6.67,roster,0,72.0,57.5,0.6667,38.55,5.5546,0.575,1.1994,3.1304,49.33,3.47,0.0,5.74,6.175
2022-12-10 00:00:00,0,23,23,0.0,1.0,18.0,4.0,0.0,1.0,10,8,4,0,4,0,32.067,153.5,148.0,307.0,5.117,3.0,6.67,roster,0,66.0,57.5,0.6111,39.95,5.0918,0.575,1.1994,2.8696,49.33,3.47,0.0,7.14,7.675
2022-12-10 01:00:00,1,16,16,0.0,2.0,14.0,0.0,0.0,1.0,7,5,4,0,4,0,33.067,213.5,208.0,367.0,6.117,3.0,6.67,roster,0,50.0,40.0,0.463,26.33,3.5926,0.4,0.7496,3.125,34.32,3.47,0.0,8.53,9.175
2022-12-10 02:00:00,2,14,14,0.0,2.0,12.0,0.0,0.0,1.0,1,1,4,0,4,0,34.067,273.5,268.0,427.0,7.117,3.0,6.67,roster,0,44.0,35.0,0.4074,23.43,1.5712,0.35,0.1499,3.1429,30.03,3.47,0.0,9.93,10.675
2022-12-10 03:00:00,3,14,14,0.0,2.0,12.0,0.0,0.0,1.0,3,3,4,0,4,0,35.067,333.5,328.0,487.0,8.117,3.0,6.67,roster,0,44.0,35.0,0.4074,24.83,2.5136,0.35,0.4498,3.1429,30.03,3.47,0.0,11.32,12.175
2022-12-10 04:00:00,4,16,16,0.0,3.0,12.0,1.0,0.0,1.0,2,2,5,0,5,0,36.067,388.0,351.0,399.0,9.117,3.0,6.67,roster,0,50.0,40.0,0.4762,27.94,2.187,0.4,0.2999,3.125,34.32,4.34,0.0,9.28,9.975
2022-12-10 05:00:00,5,17,17,0.0,3.0,13.0,1.0,0.0,1.0,4,2,5,0,5,0,37.067,448.0,411.0,459.0,10.117,3.0,6.67,roster,0,53.0,42.5,0.5048,31.48,2.2598,0.425,0.2999,3.1176,36.46,4.34,0.0,10.67,11.475
2022-12-10 06:00:00,6,14,14,0.0,4.0,10.0,0.0,0.0,1.0,4,2,5,0,5,0,38.067,508.0,471.0,519.0,11.117,3.0,6.67,roster,0,46.0,35.0,0.4381,26.44,2.1352,0.35,0.2999,3.2857,30.03,4.34,0.0,12.07,12.975
2022-12-10 07:00:00,7,11,11,0.0,2.0,9.0,0.0,0.0,1.0,2,2,7,0,7,0,12.117,531.0,91.0,579.0,12.117,3.0,6.67,roster,0,35.0,27.5,0.3535,23.13,1.8291,0.275,0.2999,3.1818,23.6,6.08,0.0,13.46,14.475
2022-12-10 08:00:00,8,13,13,0.0,3.0,10.0,0.0,0.0,1.0,3,3,7,0,7,0,13.117,591.0,151.0,639.0,13.117,3.0,8.85,roster,0,42.0,32.5,0.4242,28.82,2.1452,0.325,0.339,3.2308,27.88,6.08,0.0,14.86,15.975
2022-12-10 09:00:00,9,13,13,0.0,3.0,10.0,0.0,0.0,1.0,4,3,5,0,5,0,11.467,211.0,196.0,373.0,11.467,3.0,8.85,roster,0,42.0,32.5,0.4,20.9,2.1452,0.325,0.339,3.2308,27.88,4.34,0.0,8.67,9.325
2022-12-10 10:00:00,10,11,11,0.0,3.0,8.0,0.0,0.0,1.0,2,2,4,0,4,0,7.85,263.5,256.0,433.0,7.217,4.0,11.89,roster,0,36.0,27.5,0.25,17.14,1.4505,0.275,0.1682,3.2727,23.6,3.47,0.0,10.07,10.825
2022-12-10 11:00:00,11,12,12,0.0,2.0,10.0,0.0,0.0,1.0,6,6,4,0,4,0,8.217,323.5,316.0,493.0,8.217,4.0,11.89,roster,0,38.0,30.0,0.2639,20.68,2.548,0.3,0.5046,3.1667,25.74,3.47,0.0,11.46,12.325
2022-12-10 12:00:00,12,14,14,0.0,1.0,13.0,0.0,0.0,1.0,6,6,4,0,4,0,9.217,332.0,273.0,553.0,9.217,4.0,11.89,roster,0,43.0,35.0,0.2986,26.36,2.6249,0.35,0.5046,3.0714,30.03,3.47,0.0,12.86,13.825
2022-12-10 13:00:00,13,21,21,0.0,1.0,17.0,3.0,0.0,1.0,11,10,6,0,6,0,10.217,209.0,78.0,451.0,10.217,4.0,11.89,roster,0,61.0,52.5,0.4485,40.74,3.968,0.525,0.841,2.9048,45.04,5.21,0.0,10.49,11.275
2022-12-10 14:00:00,14,26,26,0.0,2.0,22.0,2.0,0.0,1.0,12,11,6,0,6,0,11.217,141.5,122.0,511.0,11.217,4.0,11.89,roster,0,78.0,65.0,0.5735,52.86,4.7254,0.65,0.9251,3.0,55.77,5.21,0.0,11.88,12.775
2022-12-10 15:00:00,15,26,26,2.0,1.0,21.0,2.0,0.0,1.0,13,12,6,1,7,1,9.517,182.0,74.0,205.0,9.517,4.0,11.89,roster,0,81.0,65.0,0.6136,60.01,5.1692,0.65,1.0093,3.1154,55.77,6.08,13.4,4.77,5.125
2022-12-10 16:00:00,16,22,22,2.0,3.0,15.0,2.0,0.0,1.0,5,5,5,3,8,3,10.517,131.0,94.0,258.0,10.517,4.0,11.89,roster,0,71.0,55.0,0.5547,80.33,3.1321,0.55,0.4205,3.2273,47.19,6.95,40.2,6.0,6.45
2022-12-10 17:00:00,17,25,25,2.0,5.0,15.0,3.0,0.0,1.0,9,9,5,4,9,4,11.517,154.0,146.0,194.0,11.517,4.0,11.89,roster,0,81.0,62.5,0.6532,99.55,4.4775,0.625,0.7569,3.24,53.62,7.81,53.6,4.51,4.85
2022-12-10 18:00:00,18,23,23,2.0,4.0,15.0,2.0,0.0,1.0,4,4,8,3,11,3,12.517,206.0,112.0,254.0,12.517,4.0,11.89,roster,0,75.0,57.5,0.6466,84.99,2.972,0.575,0.3364,3.2609,49.33,9.55,40.2,5.91,6.35
2022-12-10 19:00:00,19,21,21,1.0,5.0,14.0,1.0,0.0,1.0,13,10,5,1,6,1,13.517,167.0,125.0,205.0,13.517,4.0,11.89,roster,0,69.0,52.5,0.5074,48.42,4.4884,0.525,0.841,3.2857,45.04,5.21,13.4,4.77,5.125
2022-12-10 20:00:00,20,23,23,2.0,5.0,13.0,3.0,0.0,1.0,5,5,6,1,7,1,14.517,202.0,172.0,265.0,14.517,4.0,10.37,roster,0,75.0,57.5,0.5682,54.97,3.4473,0.575,0.4822,3.2609,49.33,6.08,13.4,6.16,6.625
2022-12-10 21:00:00,21,18,18,2.0,5.0,11.0,0.0,0.0,1.0,6,4,5,2,7,2,15.517,262.0,179.0,325.0,15.517,4.0,10.37,roster,0,63.0,45.0,0.4773,59.04,2.925,0.45,0.3857,3.5,38.61,6.08,26.8,7.56,8.125
2022-12-10 22:00:00,22,12,12,2.0,6.0,4.0,0.0,0.0,1.0,6,5,5,1,6,1,16.517,307.0,239.0,385.0,16.517,3.0,7.33,roster,0,46.0,30.0,0.451,33.3,3.7648,0.3,0.6821,3.8333,25.74,5.21,13.4,8.95,9.625
2022-12-10 23:00:00,23,17,17,2.0,6.0,9.0,0.0,0.0,1.0,9,9,7,0,7,0,6.367,161.0,104.0,352.0,6.367,3.0,7.33,roster,0,61.0,42.5,0.6162,30.73,5.9307,0.425,1.2278,3.5882,36.46,6.08,0.0,8.18,8.8
2022-12-11 00:00:00,0,22,22,2.0,7.0,13.0,0.0,0.0,1.0,8,6,8,0,8,0,7.367,194.5,164.0,412.0,7.367,3.0,7.33,roster,0,77.0,55.0,0.8021,43.72,4.7899,0.55,0.8186,3.5,47.19,6.95,0.0,9.58,10.3
2022-12-11 01:00:00,1,22,22,2.0,8.0,11.0,1.0,0.0,1.0,6,5,8,0,8,0,8.367,254.5,224.0,472.0,8.367,3.0,7.33,roster,0,77.0,55.0,0.8021,45.11,4.3124,0.55,0.6821,3.5,47.19,6.95,0.0,10.97,11.8
2022-12-11 02:00:00,2,19,19,2.0,7.0,10.0,0.0,0.0,1.0,0,0,8,0,8,0,9.367,314.5,241.0,532.0,9.367,3.0,7.33,roster,0,68.0,47.5,0.7083,40.07,1.7,0.475,0.0,3.5789,40.75,6.95,0.0,12.37,13.3
2022-12-11 03:00:00,3,23,23,2.0,7.0,12.0,2.0,0.0,1.0,6,5,8,0,8,0,10.367,374.5,301.0,592.0,10.367,3.0,7.33,roster,0,78.0,57.5,0.8125,50.05,4.2633,0.575,0.6821,3.3913,49.33,6.95,0.0,13.76,14.8
2022-12-11 04:00:00,4,18,18,2.0,7.0,7.0,2.0,0.0,1.0,2,2,8,0,8,0,11.367,434.5,361.0,652.0,11.367,3.0,7.33,roster,0,63.0,45.0,0.6562,40.72,2.53,0.45,0.2729,3.5,38.61,6.95,0.0,15.16,16.3
2022-12-11 05:00:00,5,17,17,2.0,7.0,7.0,1.0,0.0,1.0,1,1,8,0,8,0,12.367,494.5,421.0,712.0,12.367,3.0,7.33,roster,0,61.0,42.5,0.6354,39.97,2.0145,0.425,0.1364,3.5882,36.46,6.95,0.0,16.55,17.8
2022-12-11 06:00:00,6,19,19,2.0,7.0,9.0,1.0,0.0,1.0,3,3,9,0,9,0,13.367,528.0,438.0,719.0,13.367,3.0,7.33,roster,0,67.0,47.5,0.7204,45.29,3.1182,0.475,0.4093,3.5263,40.75,7.81,0.0,16.72,17.975
2022-12-11 07:00:00,7,21,21,2.0,6.0,9.0,4.0,0.0,1.0,3,3,12,0,12,0,14.367,519.5,129.0,779.0,14.367,3.0,7.33,roster,0,69.0,52.5,0.8214,53.58,3.0698,0.525,0.4093,3.2857,45.04,10.42,0.0,18.11,19.475
2022-12-11 08:00:00,8,21,21,2.0,7.0,10.0,2.0,0.0,1.0,3,3,12,0,12,0,15.367,579.5,189.0,839.0,15.367,3.0,8.85,roster,0,72.0,52.5,0.8571,54.97,2.9622,0.525,0.339,3.4286,45.04,10.42,0.0,19.51,20.975
2022-12-11 09:00:00,9,16,16,1.0,4.0,9.0,2.0,0.0,1.0,4,3,8,0,8,0,16.367,376.0,230.0,952.0,16.367,3.0,8.85,roster,0,52.0,40.0,0.5417,43.4,2.4017,0.4,0.339,3.25,34.32,6.95,0.0,22.13,23.8
2022-12-11 10:00:00,10,18,18,1.0,4.0,12.0,1.0,0.0,1.0,7,7,7,0,7,0,17.367,290.0,161.0,1012.0,17.367,4.0,11.89,roster,0,59.0,45.0,0.447,48.22,3.4047,0.45,0.5887,3.2778,38.61,6.08,0.0,23.53,25.3
2022-12-11 11:00:00,11,21,21,0.0,7.0,12.0,2.0,0.0,1.0,9,7,8,0,8,0,18.367,176.5,92.0,350.0,18.367,4.0,11.89,roster,0,68.0,52.5,0.5312,40.13,3.6064,0.525,0.5887,3.2381,45.04,6.95,0.0,8.14,8.75
2022-12-11 12:00:00,12,22,22,0.0,4.0,17.0,1.0,0.0,1.0,10,9,6,1,7,1,15.783,111.0,90.0,142.0,6.833,4.0,11.89,roster,0,69.0,55.0,0.5227,49.97,4.099,0.55,0.7569,3.1364,47.19,6.08,13.4,3.3,3.55
2022-12-11 13:00:00,13,23,23,0.0,5.0,18.0,0.0,0.0,1.0,7,6,7,1,8,1,16.783,167.0,150.0,202.0,7.833,4.0,11.89,roster,0,74.0,57.5,0.5781,54.38,3.4736,0.575,0.5046,3.2174,49.33,6.95,13.4,4.7,5.05
2022-12-11 14:00:00,14,19,19,0.0,4.0,15.0,0.0,0.0,1.0,10,10,5,1,6,1,17.783,208.5,131.0,250.0,8.833,4.0,11.89,roster,0,61.0,47.5,0.4485,45.18,4.2252,0.475,0.841,3.2105,40.75,5.21,13.4,5.81,6.25
2022-12-11 15:00:00,15,17,17,0.0,3.0,14.0,0.0,0.0,1.0,8,5,5,1,6,1,16.35,229.0,120.0,270.0,5.167,4.0,11.89,roster,0,54.0,42.5,0.3971,41.35,2.6858,0.425,0.4205,3.1765,36.46,5.21,13.4,6.28,6.75
2022-12-11 16:00:00,16,17,17,0.0,5.0,11.0,1.0,0.0,1.0,10,9,3,0,3,0,17.35,180.0,155.0,327.0,5.45,4.0,11.89,roster,0,55.0,42.5,0.3716,26.67,3.8239,0.425,0.7569,3.2353,36.46,2.6,0.0,7.6,8.175
2022-12-11 17:00:00,17,16,16,0.0,5.0,11.0,0.0,0.0,1.0,10,6,3,1,4,1,6.45,157.5,75.0,387.0,6.45,4.0,11.89,roster,0,53.0,40.0,0.3681,40.19,2.9966,0.4,0.5046,3.3125,34.32,3.47,13.4,9.0,9.675
2022-12-11 18:00:00,18,15,15,0.0,3.0,12.0,0.0,0.0,1.0,6,7,6,1,7,1,5.0,104.0,92.0,135.0,5.0,4.0,11.89,roster,0,48.0,37.5,0.3636,34.79,3.0839,0.375,0.5887,3.2,32.17,6.08,13.4,3.14,3.375
2022-12-11 19:00:00,19,13,13,0.0,3.0,8.0,2.0,0.0,1.0,9,7,4,0,4,0,3.4,162.0,160.0,181.0,3.017,4.0,11.89,roster,0,40.0,32.5,0.2778,15.57,2.8115,0.325,0.5887,3.0769,27.88,3.47,0.0,4.21,4.525
2022-12-11 20:00:00,20,12,12,0.0,2.0,8.0,2.0,0.0,1.0,5,5,4,0,4,0,4.4,95.5,84.0,212.0,3.533,4.0,10.37,roster,0,36.0,30.0,0.25,14.14,2.3465,0.3,0.4822,3.0,25.74,3.47,0.0,4.93,5.3
2022-12-11 21:00:00,21,13,13,1.0,3.0,7.0,2.0,0.0,1.0,8,6,4,0,4,0,5.4,145.0,123.0,272.0,4.533,4.0,10.37,roster,0,42.0,32.5,0.2917,17.68,2.9193,0.325,0.5786,3.2308,27.88,3.47,0.0,6.32,6.8
2022-12-11 22:00:00,22,16,16,1.0,3.0,10.0,2.0,0.0,1.0,9,8,2,1,3,1,6.4,105.0,78.0,183.0,3.05,3.0,7.33,roster,0,51.0,40.0,0.4595,34.58,4.7539,0.4,1.0914,3.1875,34.32,2.6,13.4,4.25,4.575
2022-12-11 23:00:00,23,18,18,1.0,3.0,12.0,2.0,0.0,1.0,9,8,3,0,3,0,7.4,138.0,71.0,243.0,4.05,3.0,7.33,roster,0,57.0,45.0,0.5135,26.86,4.8811,0.45,1.0914,3.1667,38.61,2.6,0.0,5.65,6.075
2022-12-12 00:00:00,0,21,21,1.0,4.0,14.0,2.0,0.0,1.0,9,7,3,0,3,0,8.4,198.0,131.0,303.0,5.05,3.0,7.33,roster,0,67.0,52.5,0.6036,34.69,4.7218,0.525,0.955,3.1905,45.04,2.6,0.0,7.04,7.575
2022-12-12 01:00:00,1,20,20,1.0,4.0,12.0,3.0,0.0,1.0,6,4,3,0,3,0,9.4,258.0,191.0,363.0,6.05,3.0,7.33,roster,0,63.0,50.0,0.5676,33.94,3.294,0.5,0.5457,3.15,42.9,2.6,0.0,8.44,9.075
2022-12-12 02:00:00,2,20,20,1.0,5.0,10.0,4.0,0.0,1.0,7,6,4,0,4,0,10.4,284.5,251.0,423.0,7.05,3.0,7.33,roster,0,63.0,50.0,0.5833,36.21,4.1534,0.5,0.8186,3.15,42.9,3.47,0.0,9.83,10.575
2022-12-12 03:00:00,3,16,16,1.0,4.0,9.0,2.0,0.0,1.0,6,2,5,0,5,0,11.4,311.0,167.0,378.0,8.05,3.0,7.33,roster,0,52.0,40.0,0.4952,27.45,2.1868,0.4,0.2729,3.25,34.32,4.34,0.0,8.79,9.45
2022-12-12 04:00:00,4,16,16,1.0,4.0,9.0,2.0,0.0,1.0,1,1,6,0,6,0,12.4,299.0,167.0,438.0,9.05,3.0,7.33,roster,0,52.0,40.0,0.5098,29.71,1.7434,0.4,0.1364,3.25,34.32,5.21,0.0,10.18,10.95
2022-12-12 05:00:00,5,18,18,1.0,5.0,9.0,3.0,0.0,1.0,2,2,6,0,6,0,13.4,359.0,227.0,498.0,10.05,3.0,7.33,roster,0,58.0,45.0,0.5686,35.4,2.3292,0.45,0.2729,3.2222,38.61,5.21,0.0,11.58,12.45
2022-12-12 06:00:00,6,18,18,1.0,4.0,10.0,3.0,0.0,1.0,2,1,6,1,7,1,14.4,347.0,192.0,558.0,11.05,3.0,7.33,roster,0,57.0,45.0,0.5758,51.06,1.857,0.45,0.1364,3.1667,38.61,6.08,13.4,12.97,13.95
2022-12-12 07:00:00,7,19,19,1.0,5.0,10.0,3.0,0.0,1.0,5,4,6,1,7,1,12.967,407.0,252.0,618.0,12.05,3.0,7.33,roster,0,61.0,47.5,0.6162,54.6,3.277,0.475,0.5457,3.2105,40.75,6.08,13.4,14.37,15.45
2022-12-12 08:00:00,8,22,22,1.0,5.0,11.0,5.0,0.0,1.0,6,6,8,2,10,2,13.967,359.5,111.0,611.0,13.05,3.0,6.35,roster,0,68.0,55.0,0.7556,76.88,4.6205,0.55,0.9449,3.0909,47.19,8.68,26.8,14.21,15.275
2022-12-12 09:00:00,9,22,22,1.0,6.0,11.0,4.0,0.0,1.0,6,6,8,1,9,1,14.05,252.0,87.0,467.0,14.05,3.0,6.35,roster,0,70.0,55.0,0.7527,59.26,4.7564,0.55,0.9449,3.1818,47.19,7.81,13.4,10.86,11.675
2022-12-12 10:00:00,10,27,27,2.0,6.0,15.0,4.0,0.0,1.0,10,10,7,2,9,2,15.05,147.0,136.0,312.0,15.05,4.0,9.6,roster,0,87.0,67.5,0.7016,79.78,5.5315,0.675,1.0417,3.2222,57.92,7.81,26.8,7.25,7.8
2022-12-12 11:00:00,11,31,31,2.0,5.0,19.0,5.0,0.0,1.0,12,12,7,3,10,3,13.8,142.0,74.0,201.0,6.2,4.0,9.6,roster,0,97.0,77.5,0.8083,100.05,6.3363,0.775,1.25,3.129,66.5,8.68,40.2,4.67,5.025
2022-12-12 12:00:00,12,30,30,2.0,5.0,18.0,5.0,0.0,1.0,6,4,9,3,12,3,14.8,128.5,78.0,261.0,7.2,4.0,9.6,roster,0,94.0,75.0,0.8393,101.04,3.6556,0.75,0.4167,3.1333,64.35,10.42,40.2,6.07,6.525
2022-12-12 13:00:00,13,29,29,2.0,6.0,19.0,2.0,0.0,1.0,8,7,11,3,14,3,8.2,159.0,121.0,282.0,8.2,4.0,9.6,roster,0,95.0,72.5,0.9135,101.12,4.7636,0.725,0.7292,3.2759,62.2,12.16,40.2,6.56,7.05
2022-12-12 14:00:00,14,33,33,3.0,6.0,21.0,3.0,0.0,1.0,13,8,14,3,17,3,9.2,191.0,142.0,243.0,9.2,4.0,9.6,roster,0,108.0,82.5,1.1739,111.4,5.4273,0.825,0.8333,3.2727,70.78,14.76,40.2,5.65,6.075
2022-12-12 15:00:00,15,31,31,3.0,5.0,21.0,2.0,0.0,1.0,7,6,13,3,16,3,10.2,215.5,131.0,303.0,10.2,4.0,9.6,roster,0,102.0,77.5,1.0625,107.63,4.6065,0.775,0.625,3.2903,66.5,13.89,40.2,7.04,7.575
2022-12-12 16:00:00,16,28,28,2.0,8.0,16.0,2.0,0.0,1.0,8,7,10,2,12,2,11.2,234.5,182.0,363.0,11.2,4.0,9.6,roster,0,94.0,70.0,0.8393,85.72,4.7979,0.7,0.7292,3.3571,60.06,10.42,26.8,8.44,9.075
2022-12-12 17:00:00,17,26,26,2.0,10.0,12.0,2.0,0.0,1.0,2,2,12,2,14,2,12.2,238.5,118.0,326.0,12.2,4.0,9.6,roster,0,90.0,65.0,0.8654,82.31,2.9712,0.65,0.2083,3.4615,55.77,12.16,26.8,7.58,8.15
2022-12-12 18:00:00,18,26,26,1.0,9.0,14.0,2.0,0.0,1.0,9,9,9,2,11,2,13.2,213.0,164.0,323.0,13.2,4.0,9.6,roster,0,87.0,65.0,0.75,79.63,5.312,0.65,0.9375,3.3462,55.77,9.55,26.8,7.51,8.075
2022-12-12 19:00:00,19,23,23,1.0,7.0,14.0,1.0,0.0,1.0,5,4,7,0,7,0,10.317,245.0,224.0,371.0,6.383,4.0,9.6,roster,0,77.0,57.5,0.5833,44.04,3.3199,0.575,0.4167,3.3478,49.33,6.08,0.0,8.63,9.275
2022-12-12 20:00:00,20,22,22,2.0,5.0,13.0,2.0,0.0,1.0,11,9,5,0,5,0,11.317,284.0,115.0,288.0,7.183,4.0,9.6,roster,0,73.0,55.0,0.5214,38.23,4.9358,0.55,0.9375,3.3182,47.19,4.34,0.0,6.7,7.2
2022-12-12 21:00:00,21,23,23,2.0,4.0,16.0,1.0,0.0,1.0,10,8,7,0,7,0,8.183,153.0,92.0,348.0,8.183,4.0,9.6,roster,0,76.0,57.5,0.5758,43.5,4.6536,0.575,0.8333,3.3043,49.33,6.08,0.0,8.09,8.7
2022-12-12 22:00:00,22,23,23,1.0,4.0,17.0,1.0,0.0,1.0,9,7,8,0,8,0,6.883,144.5,113.0,235.0,6.8,3.0,6.35,roster,0,74.0,57.5,0.7708,41.75,5.3967,0.575,1.1024,3.2174,49.33,6.95,0.0,5.46,5.875
2022-12-12 23:00:00,23,25,25,1.0,4.0,17.0,3.0,0.0,1.0,9,7,7,0,7,0,7.883,212.0,160.0,295.0,7.8,3.0,6.35,roster,0,78.0,62.5,0.7879,46.56,5.3894,0.625,1.1024,3.12,53.62,6.08,0.0,6.86,7.375
2022-12-13 00:00:00,0,23,23,1.0,3.0,17.0,2.0,0.0,1.0,14,8,7,0,7,0,8.883,233.0,162.0,290.0,5.917,3.0,6.35,roster,0,72.0,57.5,0.7273,42.16,5.7439,0.575,1.2598,3.1304,49.33,6.08,0.0,6.74,7.25
2022-12-13 01:00:00,1,25,25,1.0,3.0,17.0,4.0,0.0,1.0,9,7,9,0,9,0,9.883,280.0,168.0,332.0,6.917,3.0,6.35,roster,0,76.0,62.5,0.8172,49.16,5.2512,0.625,1.1024,3.04,53.62,7.81,0.0,7.72,8.3
2022-12-13 02:00:00,2,22,22,1.0,3.0,15.0,3.0,0.0,1.0,4,4,9,0,9,0,10.883,340.0,171.0,392.0,7.917,3.0,6.35,roster,0,68.0,55.0,0.7312,44.12,3.647,0.55,0.6299,3.0909,47.19,7.81,0.0,9.11,9.8
2022-12-13 03:00:00,3,17,17,1.0,2.0,13.0,1.0,0.0,1.0,1,1,8,0,8,0,11.883,406.5,288.0,470.0,8.917,3.0,6.35,roster,0,54.0,42.5,0.5625,34.34,1.8502,0.425,0.1575,3.1765,36.46,6.95,0.0,10.93,11.75
2022-12-13 04:00:00,4,16,16,1.0,3.0,11.0,1.0,0.0,1.0,2,2,8,0,8,0,12.883,466.5,348.0,530.0,9.917,3.0,6.35,roster,0,52.0,40.0,0.5417,33.59,2.3236,0.4,0.315,3.25,34.32,6.95,0.0,12.32,13.25
2022-12-13 05:00:00,5,17,17,1.0,3.0,12.0,1.0,0.0,1.0,1,1,9,0,9,0,13.883,520.0,313.0,572.0,10.917,3.0,6.35,roster,0,55.0,42.5,0.5914,37.58,1.8845,0.425,0.1575,3.2353,36.46,7.81,0.0,13.3,14.3
2022-12-13 06:00:00,6,20,20,1.0,3.0,11.0,5.0,0.0,1.0,4,4,9,0,9,0,14.883,580.0,373.0,632.0,11.917,3.0,6.35,roster,0,60.0,50.0,0.6452,45.41,3.3898,0.5,0.6299,3.0,42.9,7.81,0.0,14.69,15.8
2022-12-13 07:00:00,7,22,22,1.0,3.0,14.0,4.0,0.0,1.0,6,6,9,0,9,0,15.883,640.0,433.0,692.0,12.917,3.0,6.35,roster,0,67.0,55.0,0.7204,51.09,4.5526,0.55,0.9449,3.0455,47.19,7.81,0.0,16.09,17.3
2022-12-13 08:00:00,8,18,18,1.0,3.0,11.0,3.0,0.0,1.0,1,1,13,0,13,0,16.883,493.0,109.0,713.0,13.917,3.0,8.39,roster,0,56.0,45.0,0.6914,46.48,1.7708,0.45,0.1192,3.1111,38.61,11.29,0.0,16.58,17.825
2022-12-13 09:00:00,9,13,13,1.0,3.0,8.0,1.0,0.0,1.0,4,3,6,0,6,0,17.883,632.5,169.0,812.0,14.917,3.0,8.39,roster,0,43.0,32.5,0.4216,31.97,2.2577,0.325,0.3576,3.3077,27.88,5.21,0.0,18.88,20.3
2022-12-13 10:00:00,10,16,16,0.0,4.0,10.0,2.0,0.0,1.0,7,7,3,0,3,0,17.017,229.0,183.0,955.0,15.917,4.0,11.64,roster,0,50.0,40.0,0.3378,39.13,3.1293,0.4,0.6014,3.125,34.32,2.6,0.0,22.2,23.875
2022-12-13 11:00:00,11,19,19,0.0,4.0,13.0,2.0,0.0,1.0,8,8,8,0,8,0,18.017,105.0,72.0,289.0,16.917,4.0,11.64,roster,0,59.0,47.5,0.4609,34.42,3.6092,0.475,0.6873,3.1053,40.75,6.95,0.0,6.72,7.225
2022-12-13 12:00:00,12,21,21,0.0,3.0,17.0,1.0,0.0,1.0,7,6,9,0,9,0,19.017,161.0,125.0,303.0,17.917,4.0,11.64,roster,0,65.0,52.5,0.5242,39.9,3.2205,0.525,0.5155,3.0952,45.04,7.81,0.0,7.04,7.575
2022-12-13 13:00:00,13,22,22,0.0,6.0,15.0,1.0,0.0,1.0,8,8,8,0,8,0,20.017,188.5,175.0,363.0,6.817,4.0,11.64,roster,0,71.0,55.0,0.5547,42.58,3.9931,0.55,0.6873,3.2273,47.19,6.95,0.0,8.44,9.075
2022-12-13 14:00:00,14,25,25,1.0,7.0,16.0,1.0,0.0,1.0,8,8,8,1,9,1,21.017,154.0,100.0,235.0,4.817,4.0,11.64,roster,0,83.0,62.5,0.6694,60.3,4.3568,0.625,0.6873,3.32,53.62,7.81,13.4,5.46,5.875
2022-12-13 15:00:00,15,26,26,2.0,7.0,17.0,0.0,0.0,1.0,9,9,9,1,10,1,5.083,165.5,120.0,275.0,5.083,4.0,11.64,roster,0,89.0,65.0,0.7417,64.25,4.8717,0.65,0.7732,3.4231,55.77,8.68,13.4,6.39,6.875
2022-12-13 16:00:00,16,28,28,2.0,10.0,15.0,1.0,0.0,1.0,12,12,7,2,9,2,6.083,202.0,172.0,231.0,6.083,4.0,11.64,roster,0,97.0,70.0,0.7823,80.05,5.9964,0.7,1.0309,3.4643,60.06,7.81,26.8,5.37,5.775
2022-12-13 17:00:00,17,34,34,2.0,13.0,19.0,0.0,0.0,1.0,14,12,7,1,8,1,7.083,236.0,226.0,280.0,7.083,4.0,11.64,roster,0,119.0,85.0,0.9297,79.79,6.5832,0.85,1.0309,3.5,72.93,6.95,13.4,6.51,7.0
2022-12-13 18:00:00,18,31,31,1.0,11.0,19.0,0.0,0.0,1.0,5,5,8,2,10,2,8.083,168.0,108.0,322.0,8.083,4.0,11.64,roster,0,106.0,77.5,0.8833,89.46,4.1188,0.775,0.4296,3.4194,66.5,8.68,26.8,7.49,8.05
2022-12-13 19:00:00,19,26,26,0.0,8.0,17.0,1.0,0.0,1.0,9,8,6,2,8,2,6.667,172.5,149.0,382.0,6.667,4.0,11.64,roster,0,85.0,65.0,0.6641,78.4,4.3719,0.65,0.6873,3.2692,55.77,6.95,26.8,8.88,9.55
2022-12-13 20:00:00,20,32,32,0.0,7.0,24.0,1.0,0.0,1.0,13,12,9,1,10,1,7.667,133.5,101.0,420.0,7.667,4.0,9.93,roster,0,102.0,80.0,0.85,80.49,6.402,0.8,1.2085,3.1875,68.64,8.68,13.4,9.76,10.5
2022-12-13 21:00:00,21,35,35,1.0,7.0,23.0,3.0,1.0,1.0,12,10,10,2,12,2,8.667,154.5,114.0,213.0,8.667,4.0,9.93,roster,0,109.0,87.5,0.9732,97.25,5.8612,0.875,1.007,3.1143,75.08,10.42,26.8,4.95,5.325
2022-12-13 22:00:00,22,29,29,2.0,6.0,20.0,1.0,0.0,1.0,5,5,9,0,9,0,9.667,208.0,146.0,234.0,9.667,3.0,6.68,roster,0,96.0,72.5,1.0323,55.46,4.8778,0.725,0.7485,3.3103,62.2,7.81,0.0,5.44,5.85
2022-12-13 23:00:00,23,26,26,3.0,4.0,18.0,1.0,0.0,1.0,5,5,9,0,9,0,10.667,268.0,182.0,294.0,10.667,3.0,6.68,roster,0,87.0,65.0,0.9355,50.42,4.6796,0.65,0.7485,3.3462,55.77,7.81,0.0,6.84,7.35
2022-12-14 00:00:00,0,21,21,3.0,3.0,14.0,1.0,0.0,1.0,3,1,11,0,11,0,11.667,325.0,123.0,354.0,11.667,3.0,6.68,roster,0,71.0,52.5,0.8161,42.83,2.2811,0.525,0.1497,3.381,45.04,9.55,0.0,8.23,8.85
2022-12-14 01:00:00,1,25,25,3.0,3.0,17.0,2.0,0.0,1.0,6,6,11,0,11,0,12.667,385.0,183.0,414.0,12.667,3.0,6.68,roster,0,82.0,62.5,0.9425,52.8,4.9961,0.625,0.8982,3.28,53.62,9.55,0.0,9.63,10.35
2022-12-14 02:00:00,2,25,25,4.0,2.0,16.0,3.0,0.0,1.0,4,4,12,0,12,0,13.667,403.5,243.0,474.0,13.667,3.0,6.68,roster,0,82.0,62.5,0.9762,55.07,4.0141,0.625,0.5988,3.28,53.62,10.42,0.0,11.02,11.85
2022-12-14 03:00:00,3,20,20,4.0,2.0,12.0,2.0,0.0,1.0,1,1,10,0,10,0,14.667,506.5,303.0,534.0,14.667,3.0,6.68,roster,0,68.0,50.0,0.7556,44.0,2.209,0.5,0.1497,3.4,42.9,8.68,0.0,12.42,13.35
2022-12-14 04:00:00,4,18,18,3.0,2.0,12.0,1.0,0.0,1.0,0,0,10,0,10,0,15.667,566.5,363.0,594.0,15.667,3.0,6.68,roster,0,61.0,45.0,0.6778,41.1,1.525,0.45,0.0,3.3889,38.61,8.68,0.0,13.81,14.85
2022-12-14 05:00:00,5,17,17,3.0,2.0,11.0,1.0,0.0,1.0,0,0,10,0,10,0,16.667,626.5,423.0,654.0,16.667,3.0,6.68,roster,0,58.0,42.5,0.6444,40.35,1.45,0.425,0.0,3.4118,36.46,8.68,0.0,15.21,16.35
2022-12-14 06:00:00,6,17,17,3.0,2.0,11.0,1.0,0.0,1.0,1,1,9,0,9,0,17.667,688.0,483.0,714.0,17.667,3.0,6.68,roster,0,58.0,42.5,0.6237,40.88,1.9607,0.425,0.1497,3.4118,36.46,7.81,0.0,16.6,17.85
2022-12-14 07:00:00,7,19,19,3.0,2.0,13.0,1.0,0.0,1.0,3,3,9,0,9,0,18.667,748.0,543.0,774.0,18.667,3.0,6.68,roster,0,64.0,47.5,0.6882,46.57,3.1128,0.475,0.4491,3.3684,40.75,7.81,0.0,18.0,19.35
2022-12-14 08:00:00,8,18,18,4.0,2.0,10.0,2.0,0.0,1.0,2,2,9,0,9,0,19.667,808.0,603.0,834.0,19.667,3.0,7.13,roster,0,62.0,45.0,0.6667,45.82,2.5162,0.45,0.2805,3.4444,38.61,7.81,0.0,19.39,20.85
2022-12-14 09:00:00,9,23,23,3.0,3.0,15.0,2.0,0.0,1.0,10,10,7,0,7,0,20.0,868.0,524.0,894.0,20.0,3.0,7.13,roster,0,76.0,57.5,0.7677,56.2,6.5344,0.575,1.4025,3.3043,49.33,6.08,0.0,20.79,22.35
2022-12-14 10:00:00,10,34,34,3.0,2.0,23.0,4.0,2.0,1.0,15,14,7,2,9,2,21.0,723.0,161.0,941.0,21.0,4.0,10.59,roster,0,102.0,85.0,0.8226,109.42,6.516,0.85,1.322,3.0,72.93,7.81,26.8,21.88,23.525
2022-12-14 11:00:00,11,28,28,3.0,3.0,19.0,3.0,0.0,1.0,9,7,7,2,9,2,22.0,221.0,146.0,1001.0,22.0,4.0,10.59,roster,0,90.0,70.0,0.7258,97.95,4.3746,0.7,0.661,3.2143,60.06,7.81,26.8,23.27,25.025
2022-12-14 12:00:00,12,32,32,2.0,5.0,22.0,3.0,0.0,1.0,10,9,7,3,10,3,23.0,210.5,157.0,1061.0,23.0,4.0,10.59,roster,0,102.0,80.0,0.85,122.19,5.2589,0.8,0.8499,3.1875,68.64,8.68,40.2,24.67,26.525
2022-12-14 13:00:00,13,32,32,1.0,6.0,24.0,1.0,0.0,1.0,6,6,8,2,10,2,24.0,250.5,153.0,1121.0,24.0,4.0,10.59,roster,0,103.0,80.0,0.8583,110.19,4.3987,0.8,0.5666,3.2188,68.64,8.68,26.8,26.06,28.025
2022-12-14 14:00:00,14,29,29,2.0,6.0,21.0,0.0,0.0,1.0,5,4,9,2,11,2,25.0,277.0,142.0,401.0,25.0,4.0,10.59,roster,0,97.0,72.5,0.8362,87.88,3.6884,0.725,0.3777,3.3448,62.2,9.55,26.8,9.32,10.025
2022-12-14 15:00:00,15,31,31,2.0,5.0,23.0,1.0,0.0,1.0,9,8,8,2,10,2,26.0,203.5,109.0,461.0,26.0,4.0,10.59,roster,0,101.0,77.5,0.8417,92.7,4.9862,0.775,0.7554,3.2581,66.5,8.68,26.8,10.72,11.525
2022-12-14 16:00:00,16,28,28,2.0,2.0,19.0,4.0,1.0,1.0,9,8,9,3,12,3,21.9,162.0,117.0,455.0,21.9,4.0,10.59,roster,0,84.0,70.0,0.75,101.26,4.3663,0.7,0.7554,3.0,60.06,10.42,40.2,10.58,11.375
2022-12-14 17:00:00,17,28,28,3.0,3.0,18.0,3.0,1.0,1.0,4,4,10,3,13,3,22.9,211.0,148.0,388.0,22.9,4.0,10.59,roster,0,88.0,70.0,0.8148,100.57,3.3871,0.7,0.3777,3.1429,60.06,11.29,40.2,9.02,9.7
2022-12-14 18:00:00,18,29,29,3.0,4.0,18.0,4.0,0.0,1.0,7,7,12,3,15,3,23.9,237.0,144.0,448.0,23.9,4.0,10.59,roster,0,93.0,72.5,0.93,105.85,4.4448,0.725,0.661,3.2069,62.2,13.02,40.2,10.42,11.2
2022-12-14 19:00:00,19,27,27,4.0,3.0,16.0,4.0,0.0,1.0,7,7,9,3,12,3,11.683,250.5,153.0,508.0,11.683,4.0,10.59,roster,0,88.0,67.5,0.7857,100.35,4.3544,0.675,0.661,3.2593,57.92,10.42,40.2,11.81,12.7
2022-12-14 20:00:00,20,27,27,2.0,4.0,19.0,2.0,0.0,1.0,10,10,6,3,9,3,12.683,357.0,154.0,568.0,12.683,4.0,10.13,roster,0,87.0,67.5,0.7016,99.14,5.3559,0.675,0.9872,3.2222,57.92,7.81,40.2,13.21,14.2
2022-12-14 21:00:00,21,19,19,2.0,3.0,12.0,2.0,0.0,1.0,4,2,5,3,8,3,13.683,368.5,214.0,755.0,13.683,4.0,10.13,roster,0,62.0,47.5,0.4844,85.46,2.1943,0.475,0.1974,3.2632,40.75,6.95,40.2,17.55,18.875
2022-12-14 22:00:00,22,22,22,2.0,5.0,12.0,3.0,0.0,1.0,9,6,6,3,9,3,14.683,380.0,214.0,688.0,14.683,3.0,6.67,roster,0,72.0,55.0,0.7742,91.2,4.744,0.55,0.8996,3.2727,47.19,7.81,40.2,16.0,17.2
2022-12-14 23:00:00,23,19,19,2.0,7.0,8.0,2.0,0.0,1.0,7,5,5,3,8,3,15.683,435.5,274.0,875.0,15.683,3.0,6.67,roster,0,66.0,47.5,0.6875,88.25,4.254,0.475,0.7496,3.4737,40.75,6.95,40.2,20.34,21.875
2022-12-15 00:00:00,0,20,20,2.0,7.0,8.0,3.0,0.0,1.0,8,5,6,3,9,3,16.683,394.0,241.0,808.0,16.683,3.0,6.67,roster,0,68.0,50.0,0.7312,89.7,4.2487,0.5,0.7496,3.4,42.9,7.81,40.2,18.79,20.2
2022-12-15 01:00:00,1,21,21,3.0,7.0,10.0,1.0,0.0,1.0,4,4,6,3,9,3,17.683,454.0,301.0,868.0,17.683,3.0,6.67,roster,0,75.0,52.5,0.8065,93.24,4.0168,0.525,0.5997,3.5714,45.04,7.81,40.2,20.18,21.7
2022-12-15 02:00:00,2,20,20,3.0,7.0,8.0,2.0,0.0,1.0,2,2,6,4,10,4,18.683,484.0,359.0,928.0,18.683,3.0,6.67,roster,0,71.0,50.0,0.7889,106.76,2.8395,0.5,0.2999,3.55,42.9,8.68,53.6,21.58,23.2
2022-12-15 03:00:00,3,20,20,2.0,7.0,9.0,2.0,0.0,1.0,4,4,6,3,9,3,19.683,574.0,421.0,988.0,19.683,3.0,6.67,roster,0,69.0,50.0,0.7419,93.89,3.794,0.5,0.5997,3.45,42.9,7.81,40.2,22.97,24.7
2022-12-15 04:00:00,4,18,18,2.0,7.0,7.0,2.0,0.0,1.0,0,0,8,3,11,3,20.683,574.0,324.0,1048.0,20.683,3.0,6.67,roster,0,63.0,45.0,0.7241,92.73,1.575,0.45,0.0,3.5,38.61,9.55,40.2,24.37,26.2
2022-12-15 05:00:00,5,19,19,2.0,7.0,9.0,1.0,0.0,1.0,3,2,8,3,11,3,21.683,634.0,384.0,1108.0,21.683,3.0,6.67,roster,0,67.0,47.5,0.7701,96.27,2.7324,0.475,0.2999,3.5263,40.75,9.55,40.2,25.76,27.7
2022-12-15 06:00:00,6,18,18,2.0,8.0,7.0,1.0,0.0,1.0,1,1,8,3,11,3,22.683,694.0,444.0,1168.0,22.683,3.0,6.67,roster,0,65.0,45.0,0.7471,95.52,2.1664,0.45,0.1499,3.6111,38.61,9.55,40.2,27.16,29.2
2022-12-15 07:00:00,7,18,18,2.0,8.0,7.0,1.0,0.0,1.0,0,0,9,3,12,3,23.683,707.5,504.0,1228.0,23.683,3.0,6.67,roster,0,65.0,45.0,0.7738,97.78,1.625,0.45,0.0,3.6111,38.61,10.42,40.2,28.55,30.7
2022-12-15 08:00:00,8,19,19,2.0,8.0,8.0,1.0,0.0,1.0,3,2,9,3,12,3,24.683,767.5,564.0,1288.0,24.683,3.0,8.39,roster,0,68.0,47.5,0.8095,101.32,2.5531,0.475,0.2384,3.5789,40.75,10.42,40.2,29.95,32.2
2022-12-15 09:00:00,9,20,20,3.0,7.0,9.0,1.0,0.0,1.0,3,3,9,3,12,3,25.683,827.5,398.0,1348.0,25.683,3.0,8.39,roster,0,72.0,50.0,0.8571,104.86,3.0872,0.5,0.3576,3.6,42.9,10.42,40.2,31.34,33.7
2022-12-15 10:00:00,10,22,22,3.0,7.0,11.0,1.0,0.0,1.0,6,4,9,3,12,3,26.683,887.5,458.0,1408.0,26.683,4.0,11.48,roster,0,78.0,55.0,0.6964,110.55,3.1854,0.55,0.3484,3.5455,47.19,10.42,40.2,32.74,35.2
2022-12-15 11:00:00,11,25,25,2.0,7.0,15.0,1.0,0.0,1.0,11,9,6,3,9,3,27.683,1054.0,518.0,1468.0,27.683,4.0,11.48,roster,0,85.0,62.5,0.6855,115.77,4.7905,0.625,0.784,3.4,53.62,7.81,40.2,34.13,36.7
2022-12-15 12:00:00,12,28,28,0.0,9.0,18.0,0.0,1.0,1.0,10,9,9,3,12,3,27.583,361.0,110.0,1317.0,27.583,4.0,11.48,roster,0,91.0,70.0,0.8125,121.3,4.8229,0.7,0.784,3.25,60.06,10.42,40.2,30.62,32.925
2022-12-15 13:00:00,13,32,32,0.0,13.0,19.0,0.0,0.0,1.0,8,8,10,3,13,3,28.583,204.0,165.0,1174.0,28.583,4.0,11.48,roster,0,109.0,80.0,1.0093,127.42,5.0987,0.8,0.6969,3.4062,68.64,11.29,40.2,27.3,29.35
2022-12-15 14:00:00,14,29,29,0.0,13.0,16.0,0.0,0.0,1.0,8,7,6,3,9,3,29.583,1081.0,144.0,1437.0,29.583,4.0,11.48,roster,0,100.0,72.5,0.8065,123.63,4.6026,0.725,0.6098,3.4483,62.2,7.81,40.2,33.41,35.925
2022-12-15 15:00:00,15,29,29,0.0,12.0,16.0,1.0,0.0,1.0,9,8,9,1,10,1,30.583,173.5,81.0,1141.0,30.583,4.0,11.48,roster,0,98.0,72.5,0.8167,90.82,4.8049,0.725,0.6969,3.3793,62.2,8.68,13.4,26.53,28.525
2022-12-15 16:00:00,16,29,29,0.0,9.0,20.0,0.0,0.0,1.0,15,13,4,2,6,2,31.583,666.5,124.0,1354.0,31.583,4.0,11.48,roster,0,96.0,72.5,0.7059,105.7,6.1486,0.725,1.1324,3.3103,62.2,5.21,26.8,31.48,33.85
2022-12-15 17:00:00,17,31,31,0.0,7.0,22.0,2.0,0.0,1.0,8,8,6,3,9,3,32.583,134.0,98.0,192.0,32.583,4.0,11.48,roster,0,98.0,77.5,0.7903,98.97,4.653,0.775,0.6969,3.1613,66.5,7.81,40.2,4.46,4.8
2022-12-15 18:00:00,18,26,26,2.0,5.0,17.0,1.0,1.0,1.0,8,6,5,3,8,3,33.583,186.0,158.0,1474.0,33.583,4.0,11.48,roster,0,84.0,65.0,0.6562,117.19,3.7886,0.65,0.5226,3.2308,55.77,6.95,40.2,34.27,36.85
2022-12-15 19:00:00,19,23,23,2.0,4.0,16.0,1.0,0.0,1.0,6,6,5,4,9,4,25.567,211.0,76.0,254.0,25.567,4.0,11.48,roster,0,76.0,57.5,0.6129,96.66,3.627,0.575,0.5226,3.3043,49.33,7.81,53.6,5.91,6.35
2022-12-15 20:00:00,20,26,26,1.0,4.0,20.0,1.0,0.0,1.0,10,8,4,3,7,3,9.267,271.0,136.0,314.0,6.067,4.0,11.11,roster,0,83.0,65.0,0.6288,89.35,4.3737,0.65,0.7201,3.1923,55.77,6.08,40.2,7.3,7.85
2022-12-15 21:00:00,21,23,23,1.0,4.0,16.0,2.0,0.0,1.0,8,5,6,3,9,3,10.267,301.0,181.0,338.0,7.067,4.0,11.11,roster,0,73.0,57.5,0.5887,85.21,3.2534,0.575,0.45,3.1739,49.33,7.81,40.2,7.86,8.45
2022-12-15 22:00:00,22,23,23,1.0,1.0,18.0,3.0,0.0,1.0,6,6,5,2,7,2,11.267,256.0,151.0,391.0,6.633,3.0,8.02,roster,0,69.0,57.5,0.697,71.3,3.9694,0.575,0.7481,3.0,49.33,6.08,26.8,9.09,9.775
2022-12-15 23:00:00,23,22,22,0.0,1.0,20.0,1.0,0.0,1.0,9,7,3,0,3,0,12.267,451.0,211.0,458.0,7.633,3.0,8.02,roster,0,66.0,55.0,0.5946,40.44,4.2685,0.55,0.8728,3.0,47.19,2.6,0.0,10.65,11.45
2022-12-16 00:00:00,0,19,19,0.0,0.0,18.0,1.0,0.0,1.0,7,5,4,0,4,0,13.267,391.0,271.0,518.0,8.633,3.0,8.02,roster,0,56.0,47.5,0.5185,36.27,3.2375,0.475,0.6234,2.9474,40.75,3.47,0.0,12.04,12.95
2022-12-16 01:00:00,1,18,18,0.0,0.0,16.0,2.0,0.0,1.0,4,4,4,0,4,0,14.267,247.0,163.0,571.0,9.517,3.0,8.02,roster,0,52.0,45.0,0.4815,35.36,2.7408,0.45,0.4988,2.8889,38.61,3.47,0.0,13.28,14.275
2022-12-16 02:00:00,2,17,17,0.0,0.0,14.0,3.0,0.0,1.0,4,3,7,0,7,0,15.267,128.0,97.0,391.0,10.517,3.0,8.02,roster,0,48.0,42.5,0.4848,31.63,2.2562,0.425,0.3741,2.8235,36.46,6.08,0.0,9.09,9.775
2022-12-16 03:00:00,3,18,18,0.0,0.0,14.0,4.0,0.0,1.0,6,6,8,0,8,0,16.267,175.5,157.0,451.0,11.517,3.0,8.02,roster,0,50.0,45.0,0.5208,36.04,3.3281,0.45,0.7481,2.7778,38.61,6.95,0.0,10.49,11.275
2022-12-16 04:00:00,4,21,21,0.0,0.0,18.0,3.0,0.0,1.0,6,6,9,0,9,0,17.267,223.0,214.0,343.0,12.517,3.0,8.02,roster,0,60.0,52.5,0.6452,40.83,3.6375,0.525,0.7481,2.8571,45.04,7.81,0.0,7.97,8.575
2022-12-16 05:00:00,5,21,21,0.0,0.0,17.0,4.0,0.0,1.0,3,2,10,0,10,0,18.267,280.0,224.0,403.0,13.517,3.0,8.02,roster,0,59.0,52.5,0.6556,43.1,2.1756,0.525,0.2494,2.8095,45.04,8.68,0.0,9.37,10.075
2022-12-16 06:00:00,6,19,19,0.0,0.0,15.0,4.0,0.0,1.0,3,1,10,0,10,0,19.267,340.0,284.0,463.0,14.517,3.0,8.02,roster,0,53.0,47.5,0.5889,40.2,1.6728,0.475,0.1247,2.7895,40.75,8.68,0.0,10.76,11.575
2022-12-16 07:00:00,7,15,15,0.0,0.0,13.0,2.0,0.0,1.0,0,0,11,0,11,0,20.017,397.0,265.0,523.0,15.517,3.0,8.02,roster,0,43.0,37.5,0.4943,33.89,1.075,0.375,0.0,2.8667,32.17,9.55,0.0,12.16,13.075
2022-12-16 08:00:00,8,14,14,0.0,0.0,12.0,2.0,0.0,1.0,0,0,11,0,11,0,17.667,457.0,325.0,583.0,16.517,3.0,7.29,roster,0,40.0,35.0,0.4598,33.14,1.0,0.35,0.0,2.8571,30.03,9.55,0.0,13.55,14.575
2022-12-16 09:00:00,9,14,14,1.0,0.0,12.0,1.0,0.0,1.0,4,3,8,0,8,0,18.667,535.5,517.0,811.0,17.517,3.0,7.29,roster,0,43.0,35.0,0.4479,35.83,2.339,0.35,0.4115,3.0714,30.03,6.95,0.0,18.86,20.275
2022-12-16 10:00:00,10,18,18,1.0,1.0,16.0,0.0,0.0,1.0,6,6,9,0,9,0,19.667,577.0,242.0,608.0,18.517,4.0,10.99,roster,0,57.0,45.0,0.4597,40.56,3.1538,0.45,0.546,3.1667,38.61,7.81,0.0,14.14,15.2
2022-12-16 11:00:00,11,24,24,1.0,2.0,21.0,0.0,0.0,1.0,12,9,8,1,9,1,20.667,466.0,129.0,668.0,19.517,4.0,10.99,roster,0,76.0,60.0,0.6129,68.23,4.4933,0.6,0.8189,3.1667,51.48,7.81,13.4,15.53,16.7
2022-12-16 12:00:00,12,26,26,2.0,2.0,22.0,0.0,0.0,1.0,11,10,7,1,8,1,21.667,444.0,189.0,823.0,20.517,4.0,10.99,roster,0,84.0,65.0,0.6562,75.25,5.0397,0.65,0.9099,3.2308,55.77,6.95,13.4,19.13,20.575
2022-12-16 13:00:00,13,28,28,2.0,5.0,20.0,0.0,1.0,1.0,10,9,5,4,9,4,22.667,229.0,102.0,249.0,21.517,4.0,10.99,roster,0,91.0,70.0,0.7339,107.26,4.9365,0.7,0.8189,3.25,60.06,7.81,53.6,5.79,6.225
2022-12-16 14:00:00,14,35,35,1.0,5.0,26.0,1.0,2.0,1.0,11,11,6,4,10,4,23.667,169.0,145.0,305.0,22.517,4.0,10.99,roster,0,107.0,87.5,0.8917,124.45,5.7349,0.875,1.0009,3.0571,75.08,8.68,53.6,7.09,7.625
2022-12-16 15:00:00,15,31,31,1.0,4.0,25.0,1.0,0.0,1.0,8,7,7,3,10,3,24.667,215.0,98.0,365.0,23.517,4.0,10.99,roster,0,98.0,77.5,0.8167,103.86,4.4636,0.775,0.6369,3.1613,66.5,8.68,40.2,8.49,9.125
2022-12-16 16:00:00,16,27,27,1.0,4.0,21.0,1.0,0.0,1.0,4,4,8,2,10,2,24.517,220.0,145.0,425.0,24.517,4.0,10.99,roster,0,86.0,67.5,0.7167,83.28,3.3093,0.675,0.364,3.1852,57.92,8.68,26.8,9.88,10.625
2022-12-16 17:00:00,17,28,28,1.0,3.0,23.0,1.0,0.0,1.0,6,5,7,2,9,2,25.517,342.0,210.0,485.0,25.517,4.0,10.99,roster,0,88.0,70.0,0.7097,85.95,3.6299,0.7,0.455,3.1429,60.06,7.81,26.8,11.28,12.125
2022-12-16 18:00:00,18,24,24,1.0,4.0,18.0,1.0,0.0,1.0,5,4,7,2,9,2,12.033,278.0,235.0,416.0,12.033,4.0,10.99,roster,0,77.0,60.0,0.621,75.77,3.0927,0.6,0.364,3.2083,51.48,7.81,26.8,9.67,10.4
2022-12-16 19:00:00,19,22,22,0.0,3.0,18.0,1.0,0.0,1.0,6,5,9,1,10,1,13.033,312.5,152.0,462.0,13.033,4.0,10.99,roster,0,68.0,55.0,0.5667,60.01,3.1062,0.55,0.455,3.0909,47.19,8.68,13.4,10.74,11.55
2022-12-16 20:00:00,20,18,18,0.0,3.0,15.0,0.0,0.0,1.0,3,2,7,1,8,1,14.033,283.5,171.0,522.0,14.033,4.0,10.0,roster,0,57.0,45.0,0.4453,51.09,2.0583,0.45,0.2,3.1667,38.61,6.95,13.4,12.14,13.05
2022-12-16 21:00:00,21,16,16,0.0,3.0,12.0,1.0,0.0,1.0,7,5,6,0,6,0,9.383,251.5,188.0,415.0,7.5,4.0,10.0,roster,0,50.0,40.0,0.3676,29.18,2.8125,0.4,0.5,3.125,34.32,5.21,0.0,9.65,10.375
2022-12-16 22:00:00,22,16,16,1.0,3.0,12.0,0.0,0.0,1.0,5,3,6,0,6,0,10.383,311.5,142.0,475.0,8.5,3.0,6.3,roster,0,53.0,40.0,0.5196,30.57,2.9024,0.4,0.4762,3.3125,34.32,5.21,0.0,11.04,11.875
2022-12-16 23:00:00,23,14,14,2.0,3.0,9.0,0.0,0.0,1.0,4,3,6,1,7,1,9.5,202.0,111.0,392.0,9.5,3.0,6.3,roster,0,49.0,35.0,0.4949,38.62,2.8917,0.35,0.4762,3.5,30.03,6.08,13.4,9.11,9.8
2022-12-17 00:00:00,0,15,15,2.0,3.0,9.0,1.0,0.0,1.0,4,4,7,1,8,1,10.5,187.0,161.0,452.0,10.5,3.0,6.3,roster,0,51.0,37.5,0.5312,43.03,3.4337,0.375,0.6349,3.4,32.17,6.95,13.4,10.51,11.3
2022-12-17 01:00:00,1,16,16,1.0,4.0,9.0,2.0,0.0,1.0,3,3,7,0,7,0,11.5,263.0,173.0,512.0,11.5,3.0,6.3,roster,0,52.0,40.0,0.5253,32.3,2.8476,0.4,0.4762,3.25,34.32,6.08,0.0,11.9,12.8
2022-12-17 02:00:00,2,16,16,1.0,4.0,8.0,3.0,0.0,1.0,3,2,7,0,7,0,12.5,323.0,233.0,572.0,12.5,3.0,6.3,roster,0,51.0,40.0,0.5152,33.7,2.2869,0.4,0.3175,3.1875,34.32,6.08,0.0,13.3,14.3
2022-12-17 03:00:00,3,13,13,1.0,4.0,7.0,1.0,0.0,1.0,3,1,7,0,7,0,13.5,383.0,293.0,632.0,13.5,3.0,6.3,roster,0,44.0,32.5,0.4444,28.66,1.6372,0.325,0.1587,3.3846,27.88,6.08,0.0,14.69,15.8
2022-12-17 04:00:00,4,14,14,1.0,3.0,8.0,2.0,0.0,1.0,3,2,7,0,7,0,14.5,443.0,353.0,692.0,14.5,3.0,6.3,roster,0,45.0,35.0,0.4545,32.2,2.1454,0.35,0.3175,3.2143,30.03,6.08,0.0,16.09,17.3
2022-12-17 05:00:00,5,15,15,1.0,3.0,8.0,3.0,0.0,1.0,2,2,7,0,7,0,15.5,471.0,387.0,562.0,15.5,3.0,6.3,roster,0,47.0,37.5,0.4747,31.32,2.1697,0.375,0.3175,3.1333,32.17,6.08,0.0,13.07,14.05
2022-12-17 06:00:00,6,13,13,1.0,3.0,7.0,2.0,0.0,1.0,1,1,7,0,7,0,16.5,531.0,447.0,622.0,16.5,3.0,6.3,roster,0,42.0,32.5,0.4242,28.42,1.5628,0.325,0.1587,3.2308,27.88,6.08,0.0,14.46,15.55
2022-12-17 07:00:00,7,13,13,1.0,3.0,7.0,2.0,0.0,1.0,0,1,7,0,7,0,17.5,591.0,507.0,682.0,17.5,3.0,6.3,roster,0,42.0,32.5,0.4242,29.82,1.5628,0.325,0.1587,3.2308,27.88,6.08,0.0,15.86,17.05
2022-12-17 08:00:00,8,14,14,1.0,2.0,8.0,3.0,0.0,1.0,3,3,7,0,7,0,18.5,651.0,567.0,742.0,18.5,3.0,6.45,roster,0,43.0,35.0,0.4343,33.36,2.5036,0.35,0.4651,3.0714,30.03,6.08,0.0,17.25,18.55
2022-12-17 09:00:00,9,16,16,1.0,2.0,10.0,3.0,0.0,1.0,3,3,8,0,8,0,19.5,640.0,308.0,743.0,19.5,3.0,6.45,roster,0,49.0,40.0,0.5104,38.54,2.6494,0.4,0.4651,3.0625,34.32,6.95,0.0,17.27,18.575
2022-12-17 10:00:00,10,25,25,1.0,3.0,18.0,3.0,0.0,1.0,15,13,7,0,7,0,14.45,368.0,156.0,771.0,13.383,4.0,9.91,roster,0,77.0,62.5,0.5833,57.63,5.9654,0.625,1.3118,3.08,53.62,6.08,0.0,17.93,19.275
2022-12-17 11:00:00,11,23,23,1.0,3.0,18.0,1.0,0.0,1.0,7,7,7,0,7,0,15.45,133.0,69.0,428.0,13.85,4.0,9.91,roster,0,73.0,57.5,0.553,45.36,4.0669,0.575,0.7064,3.1739,49.33,6.08,0.0,9.95,10.7
2022-12-17 12:00:00,12,22,22,1.0,6.0,14.0,1.0,0.0,1.0,9,7,5,0,5,0,16.45,138.0,129.0,284.0,14.85,4.0,9.91,roster,0,73.0,55.0,0.5214,38.13,4.1688,0.55,0.7064,3.3182,47.19,4.34,0.0,6.6,7.1
2022-12-17 13:00:00,13,28,28,1.0,9.0,17.0,1.0,0.0,1.0,12,12,6,1,7,1,17.45,120.0,87.0,198.0,5.733,4.0,9.91,roster,0,94.0,70.0,0.7121,64.14,6.4152,0.7,1.2109,3.3571,60.06,6.08,13.4,4.6,4.95
2022-12-17 14:00:00,14,26,26,1.0,8.0,16.0,1.0,0.0,1.0,8,6,8,2,10,2,18.45,151.5,109.0,249.0,6.733,4.0,9.91,roster,0,87.0,65.0,0.725,77.04,4.2009,0.65,0.6054,3.3462,55.77,8.68,26.8,5.79,6.225
2022-12-17 15:00:00,15,20,20,0.0,8.0,11.0,1.0,0.0,1.0,6,5,7,2,9,2,11.217,191.0,141.0,216.0,7.733,4.0,9.91,roster,0,67.0,50.0,0.5403,62.54,3.3652,0.5,0.5045,3.35,42.9,7.81,26.8,5.02,5.4
2022-12-17 16:00:00,16,18,18,0.0,3.0,12.0,3.0,0.0,1.0,10,9,4,1,5,1,12.217,251.0,83.0,267.0,4.6,4.0,9.91,roster,0,54.0,45.0,0.3857,42.56,4.0745,0.45,0.9082,3.0,38.61,4.34,13.4,6.21,6.675
2022-12-17 17:00:00,17,22,22,1.0,2.0,17.0,2.0,0.0,1.0,8,7,5,1,6,1,13.217,134.5,71.0,311.0,5.45,4.0,9.91,roster,0,68.0,55.0,0.5,53.03,3.8833,0.55,0.7064,3.0909,47.19,5.21,13.4,7.23,7.775
2022-12-17 18:00:00,18,26,26,2.0,4.0,15.0,4.0,1.0,1.0,11,11,4,2,6,2,6.45,167.0,122.0,371.0,6.45,4.0,9.91,roster,0,80.0,65.0,0.5882,76.41,5.4154,0.65,1.11,3.0769,55.77,5.21,26.8,8.63,9.275
2022-12-17 19:00:00,19,21,21,1.0,3.0,15.0,2.0,0.0,1.0,8,7,2,1,3,1,7.45,182.0,173.0,447.0,7.45,4.0,9.91,roster,0,66.0,52.5,0.4459,51.44,3.87,0.525,0.7064,3.1429,45.04,2.6,13.4,10.39,11.175
2022-12-17 20:00:00,20,20,20,0.0,3.0,15.0,1.0,1.0,1.0,9,10,1,0,1,0,7.233,73.0,73.0,73.0,1.217,4.0,12.86,roster,0,60.0,50.0,0.3846,25.47,3.8328,0.5,0.7776,3.0,42.9,0.87,0.0,1.7,1.825
2022-12-17 21:00:00,21,25,25,0.0,4.0,20.0,0.0,1.0,1.0,10,10,3,1,4,1,5.933,90.0,81.0,133.0,2.217,4.0,12.86,roster,0,77.0,62.5,0.5347,53.59,4.32,0.625,0.7776,3.08,53.62,3.47,13.4,3.09,3.325
2022-12-17 22:00:00,22,26,26,1.0,5.0,19.0,0.0,1.0,1.0,11,10,1,1,2,1,6.933,134.0,127.0,141.0,2.35,3.0,9.4,roster,0,83.0,65.0,0.7281,54.18,5.4711,0.65,1.0638,3.1923,55.77,1.74,13.4,3.28,3.525
2022-12-17 23:00:00,23,20,20,1.0,3.0,15.0,0.0,1.0,1.0,5,5,4,1,5,1,6.833,97.0,69.0,119.0,3.117,3.0,9.4,roster,0,63.0,50.0,0.6,43.41,3.2505,0.5,0.5319,3.15,42.9,4.34,13.4,2.77,2.975
2022-12-18 00:00:00,0,14,14,0.0,3.0,9.0,1.0,1.0,1.0,5,3,3,0,3,0,5.9,179.0,129.0,247.0,4.117,3.0,9.4,roster,0,42.0,35.0,0.3784,18.38,2.0074,0.35,0.3191,3.0,30.03,2.6,0.0,5.74,6.175
2022-12-18 01:00:00,1,17,17,1.0,3.0,10.0,2.0,1.0,1.0,7,5,4,0,4,0,5.967,214.0,189.0,307.0,5.117,3.0,9.4,roster,0,52.0,42.5,0.4815,27.08,2.927,0.425,0.5319,3.0588,36.46,3.47,0.0,7.14,7.675
2022-12-18 02:00:00,2,24,24,1.0,4.0,14.0,4.0,1.0,1.0,10,10,5,0,5,0,6.967,249.0,136.0,299.0,6.117,3.0,9.4,roster,0,72.0,60.0,0.6857,42.77,4.9915,0.6,1.0638,3.0,51.48,4.34,0.0,6.95,7.475
2022-12-18 03:00:00,3,21,21,1.0,4.0,13.0,2.0,1.0,1.0,5,4,6,0,6,0,7.967,252.5,175.0,359.0,7.117,3.0,9.4,roster,0,65.0,52.5,0.6373,38.6,2.9421,0.525,0.4255,3.0952,45.04,5.21,0.0,8.35,8.975
2022-12-18 04:00:00,4,23,23,1.0,4.0,15.0,2.0,1.0,1.0,6,5,7,0,7,0,8.967,256.0,164.0,419.0,8.117,3.0,9.4,roster,0,71.0,57.5,0.7172,45.15,3.417,0.575,0.5319,3.087,49.33,6.08,0.0,9.74,10.475
2022-12-18 05:00:00,5,23,23,1.0,4.0,15.0,2.0,1.0,1.0,0,0,8,0,8,0,9.967,305.5,224.0,479.0,9.117,3.0,9.4,roster,0,71.0,57.5,0.7396,47.42,1.775,0.575,0.0,3.087,49.33,6.95,0.0,11.14,11.975
2022-12-18 06:00:00,6,22,22,1.0,4.0,14.0,2.0,1.0,1.0,3,3,8,0,8,0,10.967,365.5,284.0,539.0,10.117,3.0,9.4,roster,0,68.0,55.0,0.7083,46.67,2.6865,0.55,0.3191,3.0909,47.19,6.95,0.0,12.53,13.475
2022-12-18 07:00:00,7,16,16,1.0,3.0,9.0,2.0,1.0,1.0,0,0,8,0,8,0,11.967,425.5,344.0,599.0,11.117,3.0,9.4,roster,0,49.0,40.0,0.5104,35.19,1.225,0.4,0.0,3.0625,34.32,6.95,0.0,13.93,14.975
2022-12-18 08:00:00,8,19,19,1.0,3.0,10.0,4.0,1.0,1.0,6,5,8,0,8,0,12.967,485.5,404.0,659.0,12.117,3.0,6.45,roster,0,56.0,47.5,0.5833,43.02,3.6848,0.475,0.7752,2.9474,40.75,6.95,0.0,15.32,16.475
2022-12-18 09:00:00,9,13,13,1.0,2.0,9.0,0.0,1.0,1.0,2,1,5,0,5,0,13.967,464.0,317.0,535.0,9.267,3.0,6.45,roster,0,41.0,32.5,0.3905,24.67,1.514,0.325,0.155,3.1538,27.88,4.34,0.0,12.44,13.375
2022-12-18 10:00:00,10,16,16,0.0,4.0,12.0,0.0,0.0,1.0,12,10,3,0,3,0,13.967,524.0,86.0,616.0,10.267,4.0,10.15,roster,0,52.0,40.0,0.3514,31.25,4.502,0.4,0.9852,3.25,34.32,2.6,0.0,14.32,15.4
2022-12-18 11:00:00,11,16,16,0.0,3.0,12.0,1.0,0.0,1.0,9,8,3,0,3,0,14.967,94.0,60.0,146.0,2.433,4.0,10.15,roster,0,50.0,40.0,0.3378,20.32,3.7131,0.4,0.7882,3.125,34.32,2.6,0.0,3.39,3.65
2022-12-18 12:00:00,12,17,17,1.0,3.0,13.0,0.0,0.0,1.0,9,6,4,0,4,0,15.967,137.0,120.0,206.0,3.433,4.0,10.15,roster,0,56.0,42.5,0.3889,24.73,3.3473,0.425,0.5911,3.2941,36.46,3.47,0.0,4.79,5.15
2022-12-18 13:00:00,13,19,19,1.0,3.0,14.0,1.0,0.0,1.0,9,7,4,0,4,0,16.967,157.5,135.0,214.0,3.567,4.0,10.15,roster,0,61.0,47.5,0.4236,29.2,3.7392,0.475,0.6897,3.2105,40.75,3.47,0.0,4.98,5.35
2022-12-18 14:00:00,14,26,26,1.0,4.0,20.0,1.0,0.0,1.0,17,15,5,0,5,0,17.967,195.0,129.0,240.0,4.567,4.0,10.15,roster,0,83.0,65.0,0.5929,45.69,6.7927,0.65,1.4778,3.1923,55.77,4.34,0.0,5.58,6.0
2022-12-18 15:00:00,15,24,24,0.0,6.0,18.0,0.0,0.0,1.0,11,11,4,0,4,0,18.967,193.5,87.0,334.0,5.567,4.0,10.15,roster,0,78.0,60.0,0.5417,42.72,5.4722,0.6,1.0837,3.25,51.48,3.47,0.0,7.77,8.35
2022-12-18 16:00:00,16,21,21,0.0,2.0,19.0,0.0,0.0,1.0,9,8,4,1,5,1,19.967,139.0,113.0,147.0,6.567,4.0,10.15,roster,0,65.0,52.5,0.4643,46.2,4.0646,0.525,0.7882,3.0952,45.04,4.34,13.4,3.42,3.675
2022-12-18 17:00:00,17,14,14,0.0,3.0,9.0,2.0,0.0,1.0,9,6,3,2,5,2,20.967,82.0,79.0,135.0,2.883,4.0,10.15,roster,0,43.0,35.0,0.3071,44.31,2.8906,0.35,0.5911,3.0714,30.03,4.34,26.8,3.14,3.375
2022-12-18 18:00:00,18,15,15,1.0,2.0,12.0,0.0,0.0,1.0,7,7,4,1,5,1,21.967,139.0,134.0,142.0,3.25,4.0,10.15,roster,0,49.0,37.5,0.35,33.22,3.4779,0.375,0.6897,3.2667,32.17,4.34,13.4,3.3,3.55
2022-12-18 19:00:00,19,22,22,1.0,2.0,19.0,0.0,0.0,1.0,11,11,3,1,4,1,22.967,200.5,199.0,255.0,4.25,4.0,10.15,roster,0,70.0,55.0,0.4861,49.99,5.1983,0.55,1.0837,3.1818,47.19,3.47,13.4,5.93,6.375
2022-12-18 20:00:00,20,24,24,0.0,2.0,20.0,2.0,0.0,1.0,17,15,4,0,4,0,5.25,195.0,128.0,315.0,5.25,4.0,11.46,roster,0,72.0,60.0,0.5,42.28,5.7267,0.6,1.3089,3.0,51.48,3.47,0.0,7.32,7.875
2022-12-18 21:00:00,21,21,21,0.0,2.0,17.0,2.0,0.0,1.0,10,7,3,0,3,0,6.25,133.0,86.0,375.0,6.25,4.0,11.46,roster,0,63.0,52.5,0.4257,36.37,3.4075,0.525,0.6108,3.0,45.04,2.6,0.0,8.72,9.375
2022-12-18 22:00:00,22,20,20,0.0,2.0,14.0,4.0,0.0,1.0,11,7,3,1,4,1,5.0,101.0,89.0,193.0,3.217,3.0,7.76,roster,0,58.0,50.0,0.537,44.26,4.066,0.5,0.9021,2.9,42.9,3.47,13.4,4.49,4.825
2022-12-18 23:00:00,23,18,18,0.0,0.0,17.0,1.0,0.0,1.0,7,7,4,0,4,0,4.217,161.0,149.0,253.0,4.217,3.0,7.76,roster,0,53.0,45.0,0.4907,27.97,3.9811,0.45,0.9021,2.9444,38.61,3.47,0.0,5.88,6.325
2022-12-19 00:00:00,0,13,13,0.0,0.0,13.0,0.0,0.0,1.0,7,6,4,0,4,0,5.217,221.0,209.0,313.0,5.217,3.0,7.76,roster,0,39.0,32.5,0.3611,18.64,3.2946,0.325,0.7732,3.0,27.88,3.47,0.0,7.28,7.825
2022-12-19 01:00:00,1,12,12,0.0,0.0,12.0,0.0,0.0,1.0,3,2,4,0,4,0,6.217,281.0,269.0,373.0,6.217,3.0,7.76,roster,0,36.0,30.0,0.3333,17.89,1.6732,0.3,0.2577,3.0,25.74,3.47,0.0,8.67,9.325
2022-12-19 02:00:00,2,13,13,0.0,0.0,13.0,0.0,0.0,1.0,6,5,4,0,4,0,7.217,341.0,329.0,433.0,7.217,3.0,7.76,roster,0,39.0,32.5,0.3611,21.43,2.908,0.325,0.6443,3.0,27.88,3.47,0.0,10.07,10.825
2022-12-19 03:00:00,3,10,10,0.0,1.0,9.0,0.0,0.0,1.0,3,2,4,0,4,0,8.217,401.0,389.0,493.0,8.217,3.0,7.76,roster,0,31.0,25.0,0.287,16.39,1.574,0.25,0.2577,3.1,21.45,3.47,0.0,11.46,12.325
2022-12-19 04:00:00,4,12,12,0.0,2.0,9.0,1.0,0.0,1.0,4,4,4,0,4,0,9.217,461.0,449.0,553.0,9.217,3.0,7.76,roster,0,37.0,30.0,0.3426,22.07,2.5143,0.3,0.5155,3.0833,25.74,3.47,0.0,12.86,13.825
2022-12-19 05:00:00,5,13,13,1.0,2.0,10.0,0.0,0.0,1.0,3,3,4,1,5,1,10.217,509.0,424.0,533.0,10.217,3.0,7.76,roster,0,43.0,32.5,0.4095,38.02,2.3537,0.325,0.3866,3.3077,27.88,4.34,13.4,12.39,13.325
2022-12-19 06:00:00,6,14,14,1.0,2.0,10.0,1.0,0.0,1.0,3,3,5,1,6,1,11.217,526.5,165.0,593.0,11.217,3.0,7.76,roster,0,45.0,35.0,0.4412,42.43,2.3676,0.35,0.3866,3.2143,30.03,5.21,13.4,13.79,14.825
2022-12-19 07:00:00,7,14,14,2.0,2.0,10.0,0.0,0.0,1.0,2,2,5,1,6,1,12.217,586.5,225.0,653.0,12.217,3.0,7.76,roster,0,48.0,35.0,0.4706,43.82,2.0837,0.35,0.2577,3.4286,30.03,5.21,13.4,15.18,16.325
2022-12-19 08:00:00,8,18,18,2.0,2.0,14.0,0.0,0.0,1.0,5,4,5,2,7,2,13.217,604.0,202.0,713.0,13.217,3.0,6.63,roster,0,60.0,45.0,0.6061,68.07,3.5111,0.45,0.6033,3.3333,38.61,6.08,26.8,16.58,17.825
2022-12-19 09:00:00,9,20,20,1.0,3.0,16.0,0.0,0.0,1.0,8,9,3,1,4,1,14.117,547.0,345.0,773.0,12.883,3.0,6.63,roster,0,65.0,50.0,0.6019,57.75,6.0368,0.5,1.3575,3.25,42.9,3.47,13.4,17.97,19.325
2022-12-19 10:00:00,10,21,21,1.0,4.0,14.0,2.0,0.0,1.0,8,7,4,2,6,2,15.117,363.5,67.0,809.0,13.883,4.0,9.88,roster,0,67.0,52.5,0.4926,75.86,3.9355,0.525,0.7085,3.1905,45.04,5.21,26.8,18.81,20.225
2022-12-19 11:00:00,11,27,27,1.0,5.0,15.0,5.0,1.0,1.0,11,11,6,2,8,2,14.883,254.5,121.0,869.0,14.883,4.0,9.88,roster,0,81.0,67.5,0.6328,91.87,5.3651,0.675,1.1134,3.0,57.92,6.95,26.8,20.2,21.725
2022-12-19 12:00:00,12,26,26,2.0,6.0,13.0,5.0,0.0,1.0,7,8,9,2,11,2,15.883,181.0,115.0,525.0,15.883,4.0,9.88,roster,0,83.0,65.0,0.7155,84.33,4.6599,0.65,0.8097,3.1923,55.77,9.55,26.8,12.21,13.125
2022-12-19 13:00:00,13,31,31,2.0,7.0,18.0,4.0,0.0,1.0,9,10,8,2,10,2,16.483,209.5,171.0,502.0,16.483,4.0,9.88,roster,0,100.0,77.5,0.8333,93.65,5.765,0.775,1.0121,3.2258,66.5,8.68,26.8,11.67,12.55
2022-12-19 14:00:00,14,30,30,1.0,5.0,21.0,3.0,0.0,1.0,9,7,12,1,13,1,17.483,193.0,92.0,301.0,17.483,4.0,9.88,roster,0,94.0,75.0,0.8704,76.04,4.57,0.75,0.7085,3.1333,64.35,11.29,13.4,7.0,7.525
2022-12-19 15:00:00,15,27,27,0.0,5.0,19.0,3.0,0.0,1.0,8,7,7,2,9,2,15.283,253.0,139.0,298.0,6.117,4.0,9.88,roster,0,83.0,67.5,0.6694,79.46,4.253,0.675,0.7085,3.0741,57.92,7.81,26.8,6.93,7.45
2022-12-19 16:00:00,16,22,22,0.0,5.0,14.0,3.0,0.0,1.0,6,3,7,2,9,2,16.283,222.0,122.0,355.0,7.017,4.0,9.88,roster,0,68.0,55.0,0.5484,70.06,2.6385,0.55,0.3036,3.0909,47.19,7.81,26.8,8.25,8.875
2022-12-19 17:00:00,17,23,23,0.0,5.0,16.0,2.0,0.0,1.0,5,4,8,2,10,2,17.283,265.0,126.0,415.0,8.017,4.0,9.88,roster,0,72.0,57.5,0.6,74.47,3.0674,0.575,0.4049,3.1304,49.33,8.68,26.8,9.65,10.375
2022-12-19 18:00:00,18,32,32,2.0,7.0,21.0,2.0,0.0,1.0,14,14,6,2,8,2,18.283,214.0,182.0,478.0,9.017,4.0,9.88,roster,0,105.0,80.0,0.8203,93.5,7.2745,0.8,1.417,3.2812,68.64,6.95,26.8,11.11,11.95
2022-12-19 19:00:00,19,28,28,2.0,6.0,17.0,3.0,0.0,1.0,7,7,5,3,8,3,19.283,188.0,119.0,368.0,10.017,4.0,9.88,roster,0,91.0,70.0,0.7109,95.76,4.5776,0.7,0.7085,3.25,60.06,6.95,40.2,8.56,9.2
2022-12-19 20:00:00,20,39,39,2.0,8.0,24.0,5.0,0.0,1.0,16,15,4,2,6,2,20.283,160.5,124.0,237.0,5.1,4.0,11.27,roster,0,124.0,97.5,0.9118,101.18,7.3318,0.975,1.331,3.1795,83.66,5.21,26.8,5.51,5.925
2022-12-19 21:00:00,21,34,34,3.0,9.0,21.0,1.0,0.0,1.0,12,10,2,3,5,3,21.283,116.0,110.0,184.0,3.367,4.0,11.27,roster,0,116.0,85.0,0.8286,101.75,5.9273,0.85,0.8873,3.4118,72.93,4.34,40.2,4.28,4.6
2022-12-19 22:00:00,22,36,36,2.0,11.0,22.0,1.0,0.0,1.0,9,8,2,3,5,3,22.283,170.0,121.0,176.0,4.367,3.0,8.02,roster,0,122.0,90.0,1.1619,105.85,6.4304,0.9,0.9975,3.3889,77.22,4.34,40.2,4.09,4.4
2022-12-19 23:00:00,23,29,29,1.0,7.0,17.0,4.0,0.0,1.0,7,7,4,2,6,2,23.283,152.5,88.0,230.0,3.933,3.0,8.02,roster,0,92.0,72.5,0.902,79.56,5.0689,0.725,0.8728,3.1724,62.2,5.21,26.8,5.35,5.75
2022-12-20 00:00:00,0,19,19,0.0,4.0,12.0,3.0,0.0,1.0,5,5,4,0,4,0,24.283,219.0,148.0,296.0,4.933,3.0,8.02,roster,0,58.0,47.5,0.537,31.11,3.3531,0.475,0.6234,3.0526,40.75,3.47,0.0,6.88,7.4
2022-12-20 01:00:00,1,18,18,1.0,3.0,12.0,2.0,0.0,1.0,6,5,5,0,5,0,25.283,208.0,167.0,350.0,5.933,3.0,8.02,roster,0,57.0,45.0,0.5429,31.09,3.3992,0.45,0.6234,3.1667,38.61,4.34,0.0,8.14,8.75
2022-12-20 02:00:00,2,19,19,1.0,2.0,15.0,1.0,0.0,1.0,4,4,7,0,7,0,26.283,227.0,91.0,410.0,6.933,3.0,8.02,roster,0,60.0,47.5,0.6061,36.37,3.075,0.475,0.4988,3.1579,40.75,6.08,0.0,9.53,10.25
2022-12-20 03:00:00,3,18,18,1.0,2.0,14.0,1.0,0.0,1.0,3,2,8,0,8,0,27.283,263.0,151.0,470.0,7.933,3.0,8.02,roster,0,57.0,45.0,0.5938,36.48,2.2147,0.45,0.2494,3.1667,38.61,6.95,0.0,10.93,11.75
2022-12-20 04:00:00,4,15,15,1.0,2.0,10.0,2.0,0.0,1.0,2,2,8,0,8,0,28.283,323.0,211.0,530.0,8.933,3.0,8.02,roster,0,47.0,37.5,0.4896,31.44,1.9564,0.375,0.2494,3.1333,32.17,6.95,0.0,12.32,13.25
2022-12-20 05:00:00,5,16,16,1.0,2.0,11.0,2.0,0.0,1.0,2,2,8,0,8,0,29.283,383.0,271.0,590.0,9.933,3.0,8.02,roster,0,50.0,40.0,0.5208,34.98,2.0293,0.4,0.2494,3.125,34.32,6.95,0.0,13.72,14.75
2022-12-20 06:00:00,6,20,20,1.0,2.0,16.0,1.0,0.0,1.0,7,6,9,0,9,0,30.283,419.0,323.0,508.0,10.933,3.0,8.02,roster,0,63.0,50.0,0.6774,42.53,3.9316,0.5,0.7481,3.15,42.9,7.81,0.0,11.81,12.7
2022-12-20 07:00:00,7,17,17,1.0,1.0,13.0,2.0,0.0,1.0,1,1,11,0,11,0,31.283,391.0,131.0,568.0,11.933,3.0,8.02,roster,0,52.0,42.5,0.5977,39.22,1.6814,0.425,0.1247,3.0588,36.46,9.55,0.0,13.21,14.2
2022-12-20 08:00:00,8,18,18,1.0,1.0,14.0,2.0,0.0,1.0,4,4,11,0,11,0,15.15,451.0,191.0,628.0,12.933,3.0,7.73,roster,0,55.0,45.0,0.6322,42.76,2.9561,0.45,0.5175,3.0556,38.61,9.55,0.0,14.6,15.7
2022-12-20 09:00:00,9,17,17,0.0,2.0,14.0,1.0,0.0,1.0,4,4,9,0,9,0,16.15,511.0,198.0,688.0,13.933,3.0,7.73,roster,0,52.0,42.5,0.5591,40.28,2.8828,0.425,0.5175,3.0588,36.46,7.81,0.0,16.0,17.2
2022-12-20 10:00:00,10,17,17,0.0,3.0,12.0,2.0,0.0,1.0,5,5,7,0,7,0,17.15,258.0,121.0,748.0,14.833,4.0,10.98,roster,0,52.0,42.5,0.3939,39.93,2.6929,0.425,0.4554,3.0588,36.46,6.08,0.0,17.39,18.7
2022-12-20 11:00:00,11,27,27,0.0,5.0,20.0,2.0,0.0,1.0,14,12,9,0,9,0,18.15,181.0,97.0,767.0,15.833,4.0,10.98,roster,0,84.0,67.5,0.6774,63.56,5.5001,0.675,1.0929,3.1111,57.92,7.81,0.0,17.83,19.175
2022-12-20 12:00:00,12,28,28,0.0,6.0,20.0,2.0,0.0,1.0,8,6,13,1,14,1,16.833,136.0,94.0,241.0,16.833,4.0,10.98,roster,0,88.0,70.0,0.8462,71.22,3.9174,0.7,0.5464,3.1429,60.06,12.16,13.4,5.6,6.025
2022-12-20 13:00:00,13,29,29,0.0,7.0,21.0,1.0,0.0,1.0,7,5,13,1,14,1,17.833,178.0,134.0,261.0,17.833,4.0,10.98,roster,0,93.0,72.5,0.8942,73.83,3.7853,0.725,0.4554,3.2069,62.2,12.16,13.4,6.07,6.525
2022-12-20 14:00:00,14,35,35,0.0,6.0,27.0,2.0,0.0,1.0,10,9,12,1,13,1,18.833,234.0,194.0,321.0,18.833,4.0,10.98,roster,0,109.0,87.5,1.0093,87.23,5.2777,0.875,0.8197,3.1143,75.08,11.29,13.4,7.46,8.025
2022-12-20 15:00:00,15,33,33,1.0,7.0,25.0,0.0,0.0,1.0,9,9,11,0,11,0,19.833,259.0,158.0,381.0,19.833,4.0,10.98,roster,0,108.0,82.5,0.931,69.19,5.3826,0.825,0.8197,3.2727,70.78,9.55,0.0,8.86,9.525
2022-12-20 16:00:00,16,30,30,1.0,6.0,23.0,0.0,0.0,1.0,10,10,8,0,8,0,20.833,297.5,218.0,441.0,20.833,4.0,10.98,roster,0,98.0,75.0,0.7656,61.55,5.4251,0.75,0.9107,3.2667,64.35,6.95,0.0,10.25,11.025
2022-12-20 17:00:00,17,32,32,2.0,7.0,23.0,0.0,0.0,1.0,10,11,7,0,7,0,21.833,361.0,122.0,501.0,21.833,4.0,10.98,roster,0,107.0,80.0,0.8106,66.37,6.0248,0.8,1.0018,3.3438,68.64,6.08,0.0,11.65,12.525
2022-12-20 18:00:00,18,32,32,2.0,7.0,22.0,1.0,0.0,1.0,6,6,11,0,11,0,22.833,182.0,86.0,439.0,22.833,4.0,10.98,roster,0,106.0,80.0,0.9138,68.4,4.4601,0.8,0.5464,3.3125,68.64,9.55,0.0,10.21,10.975
2022-12-20 19:00:00,19,31,31,2.0,7.0,21.0,1.0,0.0,1.0,5,5,11,0,11,0,10.35,171.0,129.0,481.0,10.35,4.0,10.98,roster,0,103.0,77.5,0.8879,67.23,4.088,0.775,0.4554,3.3226,66.5,9.55,0.0,11.18,12.025
2022-12-20 20:00:00,20,25,25,2.0,6.0,15.0,2.0,0.0,1.0,10,9,8,0,8,0,11.35,173.0,121.0,541.0,11.35,4.0,10.58,roster,0,83.0,62.5,0.6484,53.15,4.8992,0.625,0.8507,3.32,53.62,6.95,0.0,12.58,13.525
2022-12-20 21:00:00,21,28,28,3.0,5.0,17.0,3.0,0.0,1.0,12,12,8,1,9,1,12.35,181.0,155.0,324.0,12.35,4.0,10.58,roster,0,92.0,70.0,0.7419,68.81,6.0267,0.7,1.1342,3.2857,60.06,7.81,13.4,7.53,8.1
2022-12-20 22:00:00,22,23,23,1.0,2.0,17.0,3.0,0.0,1.0,11,9,3,2,5,2,7.5,100.0,86.0,130.0,6.4,3.0,7.33,roster,0,70.0,57.5,0.6667,63.5,5.4869,0.575,1.2278,3.0435,49.33,4.34,26.8,3.02,3.25
2022-12-20 23:00:00,23,21,21,1.0,2.0,13.0,5.0,0.0,1.0,9,8,3,2,5,2,3.167,146.0,143.0,160.0,3.167,3.0,7.33,roster,0,62.0,52.5,0.5905,59.91,4.7722,0.525,1.0914,2.9524,45.04,4.34,26.8,3.72,4.0
2022-12-21 00:00:00,0,21,21,0.0,4.0,13.0,3.0,1.0,1.0,11,11,3,0,3,0,4.167,161.0,67.0,250.0,4.167,3.0,7.33,roster,0,62.0,52.5,0.5586,33.46,5.9806,0.525,1.5007,2.9524,45.04,2.6,0.0,5.81,6.25
2022-12-21 01:00:00,1,16,16,0.0,4.0,9.0,3.0,0.0,1.0,5,3,4,1,5,1,5.167,127.0,110.0,221.0,5.167,3.0,7.33,roster,0,49.0,40.0,0.4667,37.2,2.4784,0.4,0.4093,3.0625,34.32,4.34,13.4,5.14,5.525
2022-12-21 02:00:00,2,13,13,0.0,4.0,7.0,2.0,0.0,1.0,5,4,4,1,5,1,6.167,187.0,170.0,281.0,6.167,3.0,7.33,roster,0,41.0,32.5,0.3905,32.16,2.7461,0.325,0.5457,3.1538,27.88,4.34,13.4,6.53,7.025
2022-12-21 03:00:00,3,12,12,0.0,4.0,7.0,1.0,0.0,1.0,3,1,4,1,5,1,7.167,247.0,230.0,341.0,7.167,3.0,7.33,roster,0,39.0,30.0,0.3714,31.41,1.4184,0.3,0.1364,3.25,25.74,4.34,13.4,7.93,8.525
2022-12-21 04:00:00,4,8,8,0.0,3.0,4.0,1.0,0.0,1.0,1,1,4,0,4,0,8.167,354.0,307.0,490.0,8.167,3.0,7.33,roster,0,26.0,20.0,0.2407,12.03,1.0934,0.2,0.1364,3.25,17.16,3.47,0.0,11.39,12.25
2022-12-21 05:00:00,5,10,10,0.0,3.0,6.0,1.0,0.0,1.0,2,2,4,0,4,0,9.167,414.0,367.0,550.0,9.167,3.0,7.33,roster,0,32.0,25.0,0.2963,17.71,1.6731,0.25,0.2729,3.2,21.45,3.47,0.0,12.79,13.75
2022-12-21 06:00:00,6,10,10,0.0,3.0,6.0,1.0,0.0,1.0,1,1,5,0,5,0,10.167,427.0,392.0,521.0,10.167,3.0,7.33,roster,0,32.0,25.0,0.3048,17.9,1.2366,0.25,0.1364,3.2,21.45,4.34,0.0,12.11,13.025
2022-12-21 07:00:00,7,13,13,0.0,3.0,8.0,2.0,0.0,1.0,5,5,5,0,5,0,11.167,487.0,452.0,581.0,11.167,3.0,7.33,roster,0,40.0,32.5,0.381,25.73,3.0989,0.325,0.6821,3.0769,27.88,4.34,0.0,13.51,14.525
2022-12-21 08:00:00,8,13,13,0.0,3.0,9.0,1.0,0.0,1.0,3,3,5,0,5,0,12.167,547.0,512.0,641.0,12.167,3.0,6.3,roster,0,41.0,32.5,0.3905,27.13,2.5268,0.325,0.4762,3.1538,27.88,4.34,0.0,14.9,16.025
2022-12-21 09:00:00,9,17,17,0.0,3.0,13.0,1.0,0.0,1.0,5,6,5,0,5,0,13.167,607.0,262.0,701.0,13.167,3.0,6.3,roster,0,53.0,42.5,0.5048,37.1,4.2942,0.425,0.9524,3.1176,36.46,4.34,0.0,16.3,17.525
2022-12-21 10:00:00,10,25,25,0.0,5.0,18.0,2.0,0.0,1.0,12,11,7,0,7,0,14.167,322.0,95.0,761.0,14.167,4.0,10.0,roster,0,78.0,62.5,0.5909,57.4,5.382,0.625,1.1,3.12,53.62,6.08,0.0,17.69,19.025
2022-12-21 11:00:00,11,23,23,0.0,7.0,15.0,1.0,0.0,1.0,7,7,10,0,10,0,15.167,147.5,90.0,727.0,15.167,4.0,10.0,roster,0,75.0,57.5,0.625,54.92,4.1576,0.575,0.7,3.2609,49.33,8.68,0.0,16.9,18.175
2022-12-21 12:00:00,12,28,28,0.0,8.0,19.0,1.0,0.0,1.0,10,10,11,0,11,0,14.683,150.0,106.0,240.0,14.683,4.0,10.0,roster,0,91.0,70.0,0.7845,55.19,5.525,0.7,1.0,3.25,60.06,9.55,0.0,5.58,6.0
2022-12-21 13:00:00,13,32,32,0.0,11.0,20.0,1.0,0.0,1.0,11,10,11,1,12,1,14.117,194.5,127.0,275.0,14.117,4.0,10.0,roster,0,106.0,80.0,0.9464,78.85,5.9625,0.8,1.0,3.3125,68.64,10.42,13.4,6.39,6.875
2022-12-21 14:00:00,14,35,35,1.0,10.0,23.0,1.0,0.0,1.0,14,12,12,2,14,2,15.117,183.5,104.0,258.0,15.117,4.0,10.0,roster,0,116.0,87.5,1.1154,100.03,6.8771,0.875,1.2,3.3143,75.08,12.16,26.8,6.0,6.45
2022-12-21 15:00:00,15,34,34,1.0,9.0,23.0,1.0,0.0,1.0,11,10,16,1,17,1,16.117,229.0,156.0,311.0,16.117,4.0,10.0,roster,0,112.0,85.0,1.2174,88.32,6.0941,0.85,1.0,3.2941,72.93,14.76,13.4,7.23,7.775
2022-12-21 16:00:00,16,37,37,2.0,11.0,23.0,1.0,0.0,1.0,11,10,14,1,15,1,14.683,282.0,161.0,346.0,8.0,4.0,10.0,roster,0,125.0,92.5,1.25,93.83,6.5034,0.925,1.0,3.3784,79.36,13.02,13.4,8.04,8.65
2022-12-21 17:00:00,17,41,41,3.0,12.0,25.0,1.0,0.0,1.0,11,10,18,2,20,2,7.3,225.0,111.0,360.0,7.3,4.0,10.0,roster,0,140.0,102.5,1.75,120.48,6.9146,1.025,1.0,3.4146,87.94,17.37,26.8,8.37,9.0
2022-12-21 18:00:00,18,34,34,4.0,6.0,23.0,1.0,0.0,1.0,5,5,20,2,22,2,8.3,167.0,111.0,339.0,8.3,4.0,10.0,roster,0,115.0,85.0,1.5972,106.71,4.5662,0.85,0.5,3.3824,72.93,19.1,26.8,7.88,8.475
2022-12-21 19:00:00,19,28,28,2.0,5.0,20.0,0.0,1.0,1.0,7,5,16,0,16,0,9.3,204.0,162.0,349.0,9.3,4.0,10.0,roster,0,91.0,70.0,0.9479,62.07,3.9,0.7,0.5,3.25,60.06,13.89,0.0,8.11,8.725
2022-12-21 20:00:00,20,25,25,1.0,3.0,18.0,1.0,2.0,1.0,8,6,10,0,10,0,10.183,221.5,200.0,257.0,10.183,4.0,10.11,roster,0,75.0,62.5,0.625,48.28,3.6554,0.625,0.5935,3.0,53.62,8.68,0.0,5.98,6.425
2022-12-21 21:00:00,21,26,26,1.0,2.0,20.0,2.0,1.0,1.0,12,9,8,1,9,1,6.667,272.0,208.0,288.0,5.283,4.0,10.11,roster,0,78.0,65.0,0.629,63.68,4.6206,0.65,0.8902,3.0,55.77,7.81,13.4,6.7,7.2
2022-12-21 22:00:00,22,23,23,1.0,2.0,17.0,2.0,1.0,1.0,10,6,3,1,4,1,7.667,162.0,125.0,377.0,6.283,3.0,6.41,roster,0,69.0,57.5,0.6389,54.97,4.5331,0.575,0.936,3.0,49.33,3.47,13.4,8.77,9.425
2022-12-21 23:00:00,23,24,24,2.0,3.0,14.0,4.0,1.0,1.0,11,9,1,1,2,1,8.667,126.0,73.0,179.0,2.983,3.0,6.41,roster,0,73.0,60.0,0.6404,50.78,6.0957,0.6,1.4041,3.0417,51.48,1.74,13.4,4.16,4.475
2022-12-22 00:00:00,0,21,21,2.0,2.0,13.0,3.0,1.0,1.0,3,4,3,2,5,2,9.667,116.0,102.0,133.0,3.983,3.0,6.41,roster,0,64.0,52.5,0.6095,59.28,3.5018,0.525,0.624,3.0476,45.04,4.34,26.8,3.09,3.325
2022-12-22 01:00:00,1,21,21,2.0,2.0,13.0,3.0,1.0,1.0,5,4,4,2,6,2,10.667,169.0,120.0,193.0,4.983,3.0,6.41,roster,0,64.0,52.5,0.6275,61.54,3.5018,0.525,0.624,3.0476,45.04,5.21,26.8,4.49,4.825
2022-12-22 02:00:00,2,18,18,2.0,2.0,9.0,4.0,1.0,1.0,4,3,5,2,7,2,11.667,222.0,157.0,253.0,5.983,3.0,6.41,roster,0,54.0,45.0,0.5455,57.37,2.7541,0.45,0.468,3.0,38.61,6.08,26.8,5.88,6.325
2022-12-22 03:00:00,3,18,18,2.0,2.0,10.0,3.0,1.0,1.0,3,3,5,2,7,2,12.667,282.0,217.0,313.0,6.983,3.0,6.41,roster,0,55.0,45.0,0.5556,58.77,2.8051,0.45,0.468,3.0556,38.61,6.08,26.8,7.28,7.825
2022-12-22 04:00:00,4,18,18,1.0,2.0,11.0,3.0,1.0,1.0,3,3,5,1,6,1,13.667,321.0,277.0,373.0,7.983,3.0,6.41,roster,0,53.0,45.0,0.5196,45.89,2.7031,0.45,0.468,2.9444,38.61,5.21,13.4,8.67,9.325
2022-12-22 05:00:00,5,16,16,2.0,2.0,9.0,2.0,1.0,1.0,3,2,5,0,5,0,14.667,360.0,337.0,402.0,8.983,3.0,6.41,roster,0,50.0,40.0,0.4762,28.01,2.225,0.4,0.312,3.125,34.32,4.34,0.0,9.35,10.05
2022-12-22 06:00:00,6,16,16,2.0,1.0,10.0,2.0,1.0,1.0,1,1,5,0,5,0,15.667,420.0,397.0,462.0,9.983,3.0,6.41,roster,0,49.0,40.0,0.4667,29.4,1.7028,0.4,0.156,3.0625,34.32,4.34,0.0,10.74,11.55
2022-12-22 07:00:00,7,20,20,2.0,1.0,11.0,4.0,2.0,1.0,5,5,6,0,6,0,16.667,468.5,413.0,522.0,10.983,3.0,6.41,roster,0,57.0,50.0,0.5588,40.25,3.6481,0.5,0.78,2.85,42.9,5.21,0.0,12.14,13.05
2022-12-22 08:00:00,8,22,22,2.0,1.0,16.0,2.0,1.0,1.0,7,6,6,0,6,0,17.667,528.5,473.0,582.0,11.983,3.0,7.28,roster,0,67.0,55.0,0.6569,45.93,4.185,0.55,0.8242,3.0455,47.19,5.21,0.0,13.53,14.55
2022-12-22 09:00:00,9,23,23,2.0,2.0,17.0,1.0,1.0,1.0,6,6,4,0,4,0,18.667,356.5,180.0,577.0,9.617,3.0,7.28,roster,0,72.0,57.5,0.6667,46.22,4.38,0.575,0.8242,3.1304,49.33,3.47,0.0,13.42,14.425
2022-12-22 10:00:00,10,28,28,2.0,3.0,20.0,3.0,0.0,1.0,9,9,4,0,4,0,19.667,205.5,171.0,593.0,9.883,4.0,10.64,roster,0,88.0,70.0,0.6111,57.32,4.8584,0.7,0.8459,3.1429,60.06,3.47,0.0,13.79,14.825
2022-12-22 11:00:00,11,25,25,2.0,6.0,16.0,1.0,0.0,1.0,8,5,6,0,6,0,18.217,200.5,105.0,300.0,10.883,4.0,10.64,roster,0,84.0,62.5,0.6176,45.81,3.6789,0.625,0.4699,3.36,53.62,5.21,0.0,6.98,7.5
2022-12-22 12:00:00,12,34,34,2.0,8.0,21.0,3.0,0.0,1.0,10,10,7,0,7,0,19.217,230.0,158.0,360.0,11.883,4.0,10.64,roster,0,111.0,85.0,0.8409,67.38,5.8433,0.85,0.9398,3.2647,72.93,6.08,0.0,8.37,9.0
2022-12-22 13:00:00,13,34,34,1.0,9.0,21.0,3.0,0.0,1.0,10,9,8,0,8,0,12.883,198.5,118.0,420.0,12.883,4.0,10.64,roster,0,110.0,85.0,0.8594,69.64,5.4866,0.85,0.8459,3.2353,72.93,6.95,0.0,9.76,10.5
2022-12-22 14:00:00,14,35,35,1.0,10.0,22.0,2.0,0.0,1.0,9,9,9,1,10,1,13.883,204.0,119.0,285.0,13.883,4.0,10.64,roster,0,115.0,87.5,0.9583,83.78,5.6543,0.875,0.8459,3.2857,75.08,8.68,13.4,6.63,7.125
2022-12-22 15:00:00,15,33,33,1.0,8.0,22.0,2.0,0.0,1.0,9,9,7,2,9,2,14.883,179.0,124.0,338.0,14.883,4.0,10.64,roster,0,107.0,82.5,0.8629,93.26,5.4177,0.825,0.8459,3.2424,70.78,7.81,26.8,7.86,8.45
2022-12-22 16:00:00,16,29,29,1.0,9.0,17.0,2.0,0.0,1.0,13,11,5,0,5,0,11.717,184.0,172.0,264.0,6.633,4.0,10.64,roster,0,96.0,72.5,0.6857,52.68,5.8223,0.725,1.0338,3.3103,62.2,4.34,0.0,6.14,6.6
2022-12-22 17:00:00,17,35,35,1.0,10.0,22.0,2.0,0.0,1.0,12,12,7,0,7,0,12.717,90.0,81.0,244.0,7.633,4.0,10.64,roster,0,115.0,87.5,0.8712,66.83,6.5807,0.875,1.1278,3.2857,75.08,6.08,0.0,5.67,6.1
2022-12-22 18:00:00,18,29,29,0.0,7.0,21.0,1.0,0.0,1.0,8,9,11,2,13,2,13.717,127.0,73.0,150.0,8.633,4.0,10.64,roster,0,93.0,72.5,0.8611,83.78,5.0376,0.725,0.8459,3.2069,62.2,11.29,26.8,3.49,3.75
2022-12-22 19:00:00,19,29,29,0.0,7.0,22.0,0.0,0.0,1.0,8,7,12,2,14,2,14.717,135.0,120.0,201.0,4.867,4.0,10.64,roster,0,94.0,72.5,0.9038,85.83,4.4825,0.725,0.6579,3.2414,62.2,12.16,26.8,4.67,5.025
2022-12-22 20:00:00,20,23,23,1.0,4.0,17.0,0.0,1.0,1.0,8,6,9,1,10,1,15.717,189.0,171.0,261.0,4.5,4.0,10.32,roster,0,73.0,57.5,0.6083,57.49,3.6703,0.575,0.5814,3.1739,49.33,8.68,13.4,6.07,6.525
2022-12-22 21:00:00,21,27,27,2.0,4.0,18.0,2.0,1.0,1.0,13,12,8,0,8,0,16.717,226.5,190.0,326.0,5.5,4.0,10.32,roster,0,85.0,67.5,0.6641,52.44,5.7856,0.675,1.1628,3.1481,57.92,6.95,0.0,7.58,8.15
2022-12-22 22:00:00,22,20,20,0.0,3.0,13.0,3.0,1.0,1.0,4,3,4,1,5,1,17.717,125.0,109.0,291.0,6.35,3.0,6.96,roster,0,58.0,50.0,0.5524,47.41,2.7,0.5,0.431,2.9,42.9,4.34,13.4,6.77,7.275
2022-12-22 23:00:00,23,17,17,0.0,3.0,11.0,1.0,2.0,1.0,7,6,2,1,3,1,18.717,169.0,160.0,351.0,5.85,3.0,6.96,roster,0,49.0,42.5,0.4414,40.63,3.7098,0.425,0.8621,2.8824,36.46,2.6,13.4,8.16,8.775
2022-12-23 00:00:00,0,23,23,0.0,6.0,14.0,0.0,3.0,1.0,13,10,3,1,4,1,19.717,224.5,220.0,411.0,6.85,3.0,6.96,roster,0,69.0,57.5,0.6389,55.76,6.0353,0.575,1.4368,3.0,49.33,3.47,13.4,9.56,10.275
2022-12-23 01:00:00,1,22,22,0.0,5.0,12.0,2.0,3.0,1.0,8,8,5,2,7,2,20.717,168.0,75.0,289.0,7.85,3.0,6.96,roster,0,63.0,55.0,0.6364,66.79,4.8665,0.55,1.1494,2.8636,47.19,6.08,26.8,6.72,7.225
2022-12-23 02:00:00,2,17,17,0.0,5.0,10.0,0.0,2.0,1.0,2,2,5,2,7,2,21.717,137.0,122.0,349.0,8.85,3.0,6.96,roster,0,52.0,42.5,0.5253,57.46,2.179,0.425,0.2874,3.0588,36.46,6.08,26.8,8.11,8.725
2022-12-23 03:00:00,3,21,21,0.0,5.0,14.0,0.0,2.0,1.0,7,5,6,2,8,2,22.717,196.0,182.0,409.0,9.85,3.0,6.96,roster,0,64.0,52.5,0.6667,68.3,3.7894,0.525,0.7184,3.0476,45.04,6.95,26.8,9.51,10.225
2022-12-23 04:00:00,4,19,19,0.0,4.0,13.0,0.0,2.0,1.0,1,1,7,2,9,2,23.717,255.0,236.0,348.0,10.85,3.0,6.96,roster,0,57.0,47.5,0.6129,63.46,1.856,0.475,0.1437,3.0,40.75,7.81,26.8,8.09,8.7
2022-12-23 05:00:00,5,15,15,0.0,2.0,11.0,0.0,2.0,1.0,2,2,7,0,7,0,24.717,317.0,182.0,529.0,11.85,3.0,6.96,roster,0,43.0,37.5,0.4343,30.55,1.8988,0.375,0.2874,2.8667,32.17,6.08,0.0,12.3,13.225
2022-12-23 06:00:00,6,14,14,0.0,2.0,10.0,0.0,2.0,1.0,0,0,7,0,7,0,25.717,377.0,242.0,589.0,12.85,3.0,6.96,roster,0,40.0,35.0,0.404,29.8,1.0,0.35,0.0,2.8571,30.03,6.08,0.0,13.69,14.725
2022-12-23 07:00:00,7,19,19,0.0,2.0,15.0,0.0,2.0,1.0,6,6,7,0,7,0,26.717,437.0,302.0,649.0,13.85,3.0,6.96,roster,0,55.0,47.5,0.5556,41.92,3.8705,0.475,0.8621,2.8947,40.75,6.08,0.0,15.09,16.225
2022-12-23 08:00:00,8,21,21,0.0,4.0,15.0,0.0,2.0,1.0,5,4,7,0,7,0,27.717,497.0,362.0,709.0,14.85,3.0,6.29,roster,0,63.0,52.5,0.6364,47.61,3.4828,0.525,0.6359,3.0,45.04,6.08,0.0,16.48,17.725
2022-12-23 09:00:00,9,22,22,0.0,4.0,14.0,1.0,3.0,1.0,4,4,9,1,10,1,28.717,399.5,99.0,648.0,15.85,3.0,6.29,roster,0,63.0,55.0,0.7,64.34,3.3961,0.55,0.6359,2.8636,47.19,8.68,13.4,15.07,16.2
2022-12-23 10:00:00,10,26,26,0.0,3.0,18.0,4.0,1.0,1.0,11,8,8,0,8,0,29.717,459.5,177.0,708.0,16.85,4.0,9.99,roster,0,75.0,65.0,0.5859,59.18,4.185,0.65,0.8008,2.8846,55.77,6.95,0.0,16.46,17.7
2022-12-23 11:00:00,11,25,25,1.0,3.0,18.0,2.0,1.0,1.0,10,8,8,0,8,0,30.717,367.0,219.0,768.0,17.85,4.0,9.99,roster,0,76.0,62.5,0.5938,58.43,4.3344,0.625,0.8008,3.04,53.62,6.95,0.0,17.86,19.2
2022-12-23 12:00:00,12,27,27,0.0,3.0,19.0,5.0,0.0,1.0,12,11,7,0,7,0,31.717,279.0,142.0,602.0,18.85,4.0,9.99,roster,0,79.0,67.5,0.5985,57.99,5.1967,0.675,1.1011,2.9259,57.92,6.08,0.0,14.0,15.05
2022-12-23 13:00:00,13,32,32,0.0,3.0,20.0,9.0,0.0,1.0,11,10,10,0,10,0,32.717,107.5,81.0,202.0,11.033,4.0,9.99,roster,0,90.0,80.0,0.75,62.02,5.0653,0.8,1.001,2.8125,68.64,8.68,0.0,4.7,5.05
2022-12-23 14:00:00,14,26,26,0.0,3.0,15.0,8.0,0.0,1.0,6,5,8,0,8,0,33.717,150.5,121.0,262.0,6.65,4.0,9.99,roster,0,73.0,65.0,0.5703,48.81,3.2303,0.65,0.5005,2.8077,55.77,6.95,0.0,6.09,6.55
2022-12-23 15:00:00,15,24,24,0.0,4.0,15.0,5.0,0.0,1.0,9,8,8,1,9,1,34.717,201.0,75.0,235.0,7.65,4.0,9.99,roster,0,71.0,60.0,0.5726,58.16,4.144,0.6,0.8008,2.9583,51.48,7.81,13.4,5.46,5.875
2022-12-23 16:00:00,16,32,32,0.0,3.0,26.0,3.0,0.0,1.0,16,16,7,1,8,1,35.717,270.5,241.0,382.0,8.65,4.0,9.99,roster,0,96.0,80.0,0.75,77.87,7.2048,0.8,1.6016,3.0,68.64,6.95,13.4,8.88,9.55
2022-12-23 17:00:00,17,34,34,0.0,4.0,27.0,3.0,0.0,1.0,5,5,14,2,16,2,36.717,150.5,94.0,340.0,9.65,4.0,9.99,roster,0,103.0,85.0,1.0729,101.53,4.0912,0.85,0.5005,3.0294,72.93,13.89,26.8,7.9,8.5
2022-12-23 18:00:00,18,33,33,1.0,4.0,27.0,1.0,0.0,1.0,8,7,14,3,17,3,37.717,160.0,131.0,361.0,10.65,4.0,9.99,roster,0,104.0,82.5,1.1304,114.14,4.8083,0.825,0.7007,3.1515,70.78,14.76,40.2,8.39,9.025
2022-12-23 19:00:00,19,27,27,1.0,6.0,19.0,1.0,0.0,1.0,3,4,11,3,14,3,38.717,206.5,180.0,421.0,11.65,4.0,9.99,roster,0,88.0,67.5,0.8462,100.06,3.505,0.675,0.4004,3.2593,57.92,12.16,40.2,9.79,10.525
2022-12-23 20:00:00,20,28,28,1.0,7.0,19.0,1.0,0.0,1.0,7,7,9,3,12,3,39.717,253.5,179.0,481.0,12.65,4.0,11.58,roster,0,92.0,70.0,0.8214,101.86,4.2862,0.7,0.6045,3.2857,60.06,10.42,40.2,11.18,12.025
2022-12-23 21:00:00,21,33,33,1.0,8.0,19.0,4.0,1.0,1.0,11,11,11,3,14,3,40.717,264.5,131.0,422.0,13.65,4.0,11.58,roster,0,103.0,82.5,0.9904,112.95,5.5399,0.825,0.9499,3.1212,70.78,12.16,40.2,9.81,10.55
2022-12-23 22:00:00,22,26,26,0.0,9.0,13.0,3.0,1.0,1.0,6,5,12,3,15,3,41.717,201.0,142.0,482.0,14.65,3.0,7.88,roster,0,82.0,65.0,1.0933,100.2,4.0512,0.65,0.6345,3.1538,55.77,13.02,40.2,11.21,12.05
2022-12-23 23:00:00,23,20,20,0.0,8.0,8.0,3.0,1.0,1.0,6,4,11,3,14,3,15.65,230.5,168.0,431.0,15.65,3.0,7.88,roster,0,63.0,50.0,0.8077,85.28,3.174,0.5,0.5076,3.15,42.9,12.16,40.2,10.02,10.775
2022-12-24 00:00:00,0,22,22,1.0,8.0,9.0,3.0,1.0,1.0,5,5,10,4,14,4,16.65,267.5,210.0,470.0,16.65,3.0,7.88,roster,0,71.0,55.0,0.9103,103.87,3.8228,0.55,0.6345,3.2273,47.19,12.16,53.6,10.93,11.75
2022-12-24 01:00:00,1,22,22,1.0,9.0,10.0,1.0,1.0,1.0,4,3,12,4,16,4,17.65,323.5,265.0,530.0,17.65,3.0,7.88,roster,0,74.0,55.0,1.0278,107.01,3.1306,0.55,0.3807,3.3636,47.19,13.89,53.6,12.32,13.25
2022-12-24 02:00:00,2,23,23,1.0,8.0,12.0,1.0,1.0,1.0,3,2,13,3,16,3,18.65,365.0,293.0,441.0,18.65,3.0,7.88,roster,0,76.0,57.5,1.0556,93.68,2.7387,0.575,0.2538,3.3043,49.33,13.89,40.2,10.25,11.025
2022-12-24 03:00:00,3,25,25,1.0,8.0,14.0,1.0,1.0,1.0,5,6,14,3,17,3,19.65,408.0,288.0,491.0,19.65,3.0,7.88,roster,0,82.0,62.5,1.1884,100.0,4.5475,0.625,0.7614,3.28,53.62,14.76,40.2,11.42,12.275
2022-12-24 04:00:00,4,26,26,1.0,8.0,16.0,0.0,1.0,1.0,5,5,15,3,18,3,20.65,459.0,273.0,551.0,20.65,3.0,7.88,roster,0,86.0,65.0,1.303,104.41,4.2488,0.65,0.6345,3.3077,55.77,15.63,40.2,12.81,13.775
2022-12-24 05:00:00,5,25,25,1.0,7.0,16.0,0.0,1.0,1.0,1,1,16,2,18,2,21.65,519.0,325.0,611.0,21.65,3.0,7.88,roster,0,82.0,62.5,1.2424,90.26,2.4662,0.625,0.1269,3.28,53.62,15.63,26.8,14.21,15.275
2022-12-24 06:00:00,6,26,26,1.0,7.0,17.0,0.0,1.0,1.0,2,2,16,2,18,2,22.65,579.0,385.0,671.0,22.65,3.0,7.88,roster,0,85.0,65.0,1.2879,93.8,2.9548,0.65,0.2538,3.2692,55.77,15.63,26.8,15.6,16.775
2022-12-24 07:00:00,7,26,26,1.0,7.0,17.0,0.0,1.0,1.0,1,1,16,2,18,2,23.65,639.0,445.0,731.0,23.65,3.0,7.88,roster,0,85.0,65.0,1.2879,95.2,2.5399,0.65,0.1269,3.2692,55.77,15.63,26.8,17.0,18.275
2022-12-24 08:00:00,8,29,29,1.0,7.0,20.0,0.0,1.0,1.0,5,5,16,2,18,2,24.65,699.0,505.0,791.0,24.65,3.0,6.35,roster,0,94.0,72.5,1.4242,103.03,4.9023,0.725,0.7874,3.2414,62.2,15.63,26.8,18.39,19.775
2022-12-24 09:00:00,9,23,23,1.0,4.0,17.0,0.0,1.0,1.0,3,4,10,2,12,2,25.65,806.0,713.0,1031.0,25.65,3.0,6.35,roster,0,73.0,57.5,0.869,90.53,3.8243,0.575,0.6299,3.1739,49.33,10.42,26.8,23.97,25.775
2022-12-24 10:00:00,10,22,22,2.0,4.0,16.0,0.0,0.0,1.0,4,5,9,2,11,2,26.65,870.0,633.0,1091.0,26.65,4.0,9.67,roster,0,74.0,55.0,0.6379,88.91,3.5892,0.55,0.5171,3.3636,47.19,9.55,26.8,25.37,27.275
2022-12-24 11:00:00,11,26,26,1.0,4.0,19.0,2.0,0.0,1.0,12,11,8,4,12,4,27.65,909.0,117.0,1151.0,27.65,4.0,9.67,roster,0,82.0,65.0,0.7321,126.55,5.6376,0.65,1.1375,3.1538,55.77,10.42,53.6,26.76,28.775
2022-12-24 12:00:00,12,26,26,1.0,4.0,19.0,2.0,0.0,1.0,7,5,8,5,13,5,28.65,269.0,156.0,1041.0,28.65,4.0,9.67,roster,0,82.0,65.0,0.7593,138.26,3.6807,0.65,0.5171,3.1538,55.77,11.29,67.0,24.2,26.025
2022-12-24 13:00:00,13,22,22,1.0,5.0,16.0,0.0,0.0,1.0,4,5,7,5,12,5,29.65,229.0,192.0,1271.0,29.65,4.0,9.67,roster,0,73.0,55.0,0.6518,134.16,3.5407,0.55,0.5171,3.3182,47.19,10.42,67.0,29.55,31.775
2022-12-24 14:00:00,14,19,19,1.0,3.0,15.0,0.0,0.0,1.0,6,6,8,2,10,2,30.65,278.5,161.0,1110.0,30.65,4.0,9.67,roster,0,62.0,47.5,0.5167,82.05,3.5747,0.475,0.6205,3.2632,40.75,8.68,26.8,25.81,27.75
2022-12-24 15:00:00,15,24,24,1.0,8.0,15.0,0.0,0.0,1.0,9,9,6,2,8,2,31.65,338.5,221.0,1221.0,31.65,4.0,9.67,roster,0,82.0,60.0,0.6406,93.61,5.2299,0.6,0.9307,3.4167,51.48,6.95,26.8,28.39,30.525
2022-12-24 16:00:00,16,27,27,1.0,8.0,18.0,0.0,0.0,1.0,13,10,4,3,7,3,6.95,281.0,102.0,401.0,6.95,4.0,9.67,roster,0,91.0,67.5,0.6894,93.52,5.7604,0.675,1.0341,3.3704,57.92,6.08,40.2,9.32,10.025
2022-12-24 17:00:00,17,28,28,2.0,7.0,19.0,0.0,0.0,1.0,10,7,6,4,10,4,7.95,208.0,112.0,456.0,7.95,4.0,9.67,roster,0,95.0,70.0,0.7917,112.95,4.831,0.7,0.7239,3.3929,60.06,8.68,53.6,10.6,11.4
2022-12-24 18:00:00,18,26,26,2.0,7.0,15.0,2.0,0.0,1.0,8,8,5,4,9,4,8.95,172.0,128.0,222.0,8.95,4.0,9.67,roster,0,87.0,65.0,0.7016,102.35,4.9433,0.65,0.8273,3.3462,55.77,7.81,53.6,5.16,5.55
2022-12-24 19:00:00,19,27,27,2.0,8.0,13.0,4.0,0.0,1.0,9,9,7,4,11,4,9.6,188.0,97.0,265.0,9.6,4.0,9.67,roster,0,89.0,67.5,0.7672,107.23,5.2929,0.675,0.9307,3.2963,57.92,9.55,53.6,6.16,6.625
2022-12-24 20:00:00,20,22,22,1.0,5.0,15.0,1.0,0.0,1.0,5,4,8,2,10,2,10.6,243.5,149.0,325.0,10.6,4.0,10.75,roster,0,72.0,55.0,0.6,70.23,3.0178,0.55,0.3721,3.2727,47.19,8.68,26.8,7.56,8.125
2022-12-24 21:00:00,21,25,25,2.0,5.0,13.0,5.0,0.0,1.0,11,9,6,2,8,2,11.6,264.0,209.0,402.0,11.6,4.0,10.75,roster,0,79.0,62.5,0.6172,76.72,4.6206,0.625,0.8372,3.16,53.62,6.95,26.8,9.35,10.05
2022-12-24 22:00:00,22,26,26,2.0,5.0,14.0,5.0,0.0,1.0,9,9,9,3,12,3,12.6,253.0,118.0,445.0,12.6,3.0,7.43,roster,0,82.0,65.0,0.9762,96.74,5.8703,0.65,1.2113,3.1538,55.77,10.42,40.2,10.35,11.125
2022-12-24 23:00:00,23,29,29,1.0,7.0,18.0,3.0,0.0,1.0,9,9,10,2,12,2,8.7,209.5,165.0,431.0,8.7,3.0,7.43,roster,0,93.0,72.5,1.1071,89.45,6.2095,0.725,1.2113,3.2069,62.2,10.42,26.8,10.02,10.775
2022-12-25 00:00:00,0,24,24,0.0,9.0,12.0,3.0,0.0,1.0,5,4,10,2,12,2,9.7,269.5,211.0,491.0,9.7,3.0,7.43,roster,0,78.0,60.0,0.9286,80.12,3.6997,0.6,0.5384,3.25,51.48,10.42,26.8,11.42,12.275
2022-12-25 01:00:00,1,27,27,0.0,9.0,16.0,2.0,0.0,1.0,7,6,10,2,12,2,10.7,329.5,271.0,551.0,10.7,3.0,7.43,roster,0,88.0,67.5,1.0476,87.95,4.832,0.675,0.8075,3.2593,57.92,10.42,26.8,12.81,13.775
2022-12-25 02:00:00,2,24,24,0.0,6.0,16.0,2.0,0.0,1.0,6,5,10,2,12,2,11.7,389.5,331.0,611.0,11.7,3.0,7.43,roster,0,76.0,60.0,0.9048,82.91,4.031,0.6,0.6729,3.1667,51.48,10.42,26.8,14.21,15.275
2022-12-25 03:00:00,3,22,22,0.0,5.0,15.0,2.0,0.0,1.0,3,3,12,1,13,1,12.417,407.0,285.0,537.0,12.417,3.0,7.43,roster,0,69.0,55.0,0.8519,64.36,2.9914,0.55,0.4038,3.1364,47.19,11.29,13.4,12.49,13.425
2022-12-25 04:00:00,4,20,20,0.0,5.0,13.0,2.0,0.0,1.0,1,1,12,1,13,1,13.417,467.0,345.0,597.0,13.417,3.0,7.43,roster,0,63.0,50.0,0.7778,61.47,1.999,0.5,0.1346,3.15,42.9,11.29,13.4,13.88,14.925
2022-12-25 05:00:00,5,20,20,0.0,4.0,14.0,2.0,0.0,1.0,1,1,12,1,13,1,14.417,527.0,405.0,657.0,14.417,3.0,7.43,roster,0,62.0,50.0,0.7654,62.86,1.9672,0.5,0.1346,3.1,42.9,11.29,13.4,15.28,16.425
2022-12-25 06:00:00,6,23,23,1.0,4.0,16.0,2.0,0.0,1.0,3,3,12,1,13,1,15.417,587.0,465.0,717.0,15.417,3.0,7.43,roster,0,73.0,57.5,0.9012,70.69,3.1065,0.575,0.4038,3.1739,49.33,11.29,13.4,16.67,17.925
2022-12-25 07:00:00,7,25,25,1.0,5.0,17.0,2.0,0.0,1.0,3,3,13,1,14,1,16.417,639.0,492.0,777.0,16.417,3.0,7.43,roster,0,80.0,62.5,1.0256,77.25,3.2921,0.625,0.4038,3.2,53.62,12.16,13.4,18.07,19.425
2022-12-25 08:00:00,8,27,27,1.0,7.0,17.0,2.0,0.0,1.0,6,6,14,1,15,1,17.417,691.0,419.0,837.0,17.417,3.0,7.76,roster,0,88.0,67.5,1.1733,83.8,4.72,0.675,0.7732,3.2593,57.92,13.02,13.4,19.46,20.925
2022-12-25 09:00:00,9,21,21,1.0,5.0,13.0,2.0,0.0,1.0,3,3,10,1,11,1,18.417,645.0,445.0,897.0,18.417,3.0,7.76,roster,0,68.0,52.5,0.7816,68.85,2.9518,0.525,0.3866,3.2381,45.04,9.55,13.4,20.86,22.425
2022-12-25 10:00:00,10,19,19,1.0,3.0,14.0,1.0,0.0,1.0,7,5,6,1,7,1,19.417,539.0,177.0,957.0,19.417,4.0,11.01,roster,0,61.0,47.5,0.4621,62.48,2.983,0.475,0.4541,3.2105,40.75,6.08,13.4,22.25,23.925
2022-12-25 11:00:00,11,25,25,1.0,5.0,19.0,0.0,0.0,1.0,13,10,5,2,7,2,20.417,237.0,68.0,1017.0,20.417,4.0,11.01,roster,0,82.0,62.5,0.6212,90.15,5.0291,0.625,0.9083,3.28,53.62,6.08,26.8,23.65,25.425
2022-12-25 12:00:00,12,28,28,1.0,3.0,23.0,1.0,0.0,1.0,15,12,5,4,9,4,21.417,128.0,116.0,792.0,21.417,4.0,11.01,roster,0,88.0,70.0,0.7097,119.89,5.6255,0.7,1.0899,3.1429,60.06,7.81,53.6,18.41,19.8
2022-12-25 13:00:00,13,27,27,0.0,2.0,24.0,1.0,0.0,1.0,9,8,3,4,7,4,18.95,176.0,159.0,852.0,18.95,4.0,11.01,roster,0,82.0,67.5,0.6212,117.4,4.2567,0.675,0.7266,3.037,57.92,6.08,53.6,19.81,21.3
2022-12-25 14:00:00,14,31,31,0.0,2.0,27.0,1.0,1.0,1.0,13,11,3,3,6,3,19.95,220.5,78.0,243.0,19.95,4.0,11.01,roster,0,92.0,77.5,0.6765,97.55,5.265,0.775,0.9991,2.9677,66.5,5.21,40.2,5.65,6.075
2022-12-25 15:00:00,15,30,30,0.0,3.0,27.0,0.0,0.0,1.0,12,11,5,3,8,3,20.95,208.5,130.0,303.0,20.95,4.0,11.01,roster,0,93.0,75.0,0.7266,98.54,5.4222,0.75,0.9991,3.1,64.35,6.95,40.2,7.04,7.575
2022-12-25 16:00:00,16,37,37,0.0,4.0,32.0,1.0,0.0,1.0,17,14,7,3,10,3,21.95,178.0,98.0,342.0,21.95,4.0,11.01,roster,0,114.0,92.5,0.95,116.2,6.7678,0.925,1.2716,3.0811,79.36,8.68,40.2,7.95,8.55
2022-12-25 17:00:00,17,40,40,0.0,5.0,34.0,1.0,0.0,1.0,12,11,12,3,15,3,22.95,158.0,108.0,399.0,22.95,4.0,11.01,roster,0,124.0,100.0,1.24,128.3,6.1972,1.0,0.9991,3.1,85.8,13.02,40.2,9.28,9.975
2022-12-25 18:00:00,18,49,49,0.0,6.0,39.0,3.0,1.0,1.0,12,12,16,3,19,3,23.95,192.0,128.0,318.0,23.95,4.0,11.01,roster,0,148.0,122.5,1.7619,149.2,6.992,1.225,1.0899,3.0204,105.1,16.5,40.2,7.39,7.95
2022-12-25 19:00:00,19,47,47,0.0,6.0,35.0,5.0,1.0,1.0,9,8,18,3,21,3,24.95,228.0,139.0,338.0,24.95,4.0,11.01,roster,0,140.0,117.5,1.8421,147.11,5.6644,1.175,0.7266,2.9787,100.82,18.23,40.2,7.86,8.45
2022-12-25 20:00:00,20,43,43,0.0,3.0,34.0,5.0,1.0,1.0,15,12,14,3,17,3,25.95,331.0,207.0,438.0,25.95,4.0,10.31,roster,0,125.0,107.5,1.3587,137.38,6.5085,1.075,1.1639,2.907,92.24,14.76,40.2,10.18,10.95
2022-12-25 21:00:00,21,36,36,0.0,4.0,26.0,4.0,2.0,1.0,9,7,12,3,15,3,26.95,391.0,232.0,639.0,26.95,4.0,10.31,roster,0,104.0,90.0,1.04,125.3,4.5614,0.9,0.679,2.8889,77.22,13.02,40.2,14.86,15.975
2022-12-25 22:00:00,22,32,32,0.0,3.0,27.0,2.0,0.0,1.0,11,9,10,3,13,3,27.95,463.0,301.0,699.0,27.95,3.0,7.06,roster,0,97.0,80.0,1.1975,116.38,6.2892,0.8,1.2748,3.0312,68.64,11.29,40.2,16.25,17.475
2022-12-25 23:00:00,23,29,29,0.0,1.0,27.0,1.0,0.0,1.0,8,5,11,4,15,4,28.95,462.0,198.0,759.0,28.95,3.0,7.06,roster,0,87.0,72.5,1.16,126.48,4.2996,0.725,0.7082,3.0,62.2,13.02,53.6,17.65,18.975
2022-12-26 00:00:00,0,27,27,0.0,1.0,25.0,1.0,0.0,1.0,8,5,11,3,14,3,29.95,552.5,380.0,819.0,29.95,3.0,7.06,roster,0,81.0,67.5,1.0385,109.31,4.1496,0.675,0.7082,3.0,57.92,12.16,40.2,19.04,20.475
2022-12-26 01:00:00,1,29,29,1.0,1.0,25.0,2.0,0.0,1.0,4,4,12,3,15,3,30.95,582.0,318.0,879.0,30.95,3.0,7.06,roster,0,88.0,72.5,1.1733,115.87,3.9193,0.725,0.5666,3.0345,62.2,13.02,40.2,20.44,21.975
2022-12-26 02:00:00,2,24,24,1.0,1.0,20.0,2.0,0.0,1.0,2,2,10,4,14,4,31.95,554.0,253.0,939.0,31.95,3.0,7.06,roster,0,73.0,60.0,0.9359,119.07,2.6867,0.6,0.2833,3.0417,51.48,12.16,53.6,21.83,23.475
2022-12-26 03:00:00,3,23,23,1.0,1.0,19.0,2.0,0.0,1.0,4,3,11,4,15,4,32.95,601.0,303.0,999.0,32.95,3.0,7.06,roster,0,70.0,57.5,0.9333,119.19,3.0433,0.575,0.4249,3.0435,49.33,13.02,53.6,23.23,24.975
2022-12-26 04:00:00,4,24,24,1.0,1.0,21.0,1.0,0.0,1.0,5,5,10,4,14,4,33.95,559.0,284.0,1059.0,33.95,3.0,7.06,roster,0,74.0,60.0,0.9487,121.86,4.0337,0.6,0.7082,3.0833,51.48,12.16,53.6,24.62,26.475
2022-12-26 05:00:00,5,24,24,2.0,2.0,19.0,1.0,0.0,1.0,2,2,11,4,15,4,34.95,558.0,272.0,1119.0,34.95,3.0,7.06,roster,0,77.0,60.0,1.0267,124.12,2.8339,0.6,0.2833,3.2083,51.48,13.02,53.6,26.02,27.975
2022-12-26 06:00:00,6,24,24,2.0,2.0,19.0,1.0,0.0,1.0,2,2,11,5,16,5,35.95,555.5,332.0,1179.0,35.95,3.0,7.06,roster,0,77.0,60.0,1.0694,139.78,2.8339,0.6,0.2833,3.2083,51.48,13.89,67.0,27.41,29.475
2022-12-26 07:00:00,7,20,20,2.0,2.0,15.0,1.0,0.0,1.0,0,0,11,5,16,5,36.95,615.5,392.0,1239.0,36.95,3.0,7.06,roster,0,65.0,50.0,0.9028,132.6,1.625,0.5,0.0,3.25,42.9,13.89,67.0,28.81,30.975
2022-12-26 08:00:00,8,18,18,2.0,1.0,14.0,1.0,0.0,1.0,2,0,11,5,16,5,37.95,675.5,452.0,1299.0,37.95,3.0,7.23,roster,0,58.0,45.0,0.8056,129.7,1.45,0.45,0.0,3.2222,38.61,13.89,67.0,30.2,32.475
2022-12-26 09:00:00,9,24,24,2.0,1.0,20.0,1.0,0.0,1.0,10,9,8,5,13,5,38.95,798.0,439.0,1359.0,38.95,3.0,7.23,roster,0,76.0,60.0,0.9383,141.36,5.8419,0.6,1.2448,3.1667,51.48,11.29,67.0,31.6,33.975
2022-12-26 10:00:00,10,31,31,2.0,3.0,24.0,2.0,0.0,1.0,13,10,10,5,15,5,39.95,723.0,362.0,1419.0,39.95,4.0,10.93,roster,0,98.0,77.5,0.98,159.51,5.3423,0.775,0.9149,3.1613,66.5,13.02,67.0,32.99,35.475
2022-12-26 11:00:00,11,37,37,2.0,4.0,31.0,0.0,0.0,1.0,16,15,10,5,15,5,40.95,559.0,171.0,1479.0,40.95,4.0,10.93,roster,0,119.0,92.5,1.19,173.78,7.3888,0.925,1.3724,3.2162,79.36,13.02,67.0,34.39,36.975
2022-12-26 12:00:00,12,33,33,2.0,6.0,25.0,0.0,0.0,1.0,7,6,12,5,17,5,41.95,570.0,223.0,1303.0,41.95,4.0,10.93,roster,0,109.0,82.5,1.1848,162.84,4.5382,0.825,0.5489,3.303,70.78,14.76,67.0,30.29,32.575
2022-12-26 13:00:00,13,40,40,2.0,8.0,30.0,0.0,0.0,1.0,12,12,15,5,20,5,42.95,533.5,201.0,1363.0,42.95,4.0,10.93,roster,0,132.0,100.0,1.65,181.86,6.9231,1.0,1.0979,3.3,85.8,17.37,67.0,31.69,34.075
2022-12-26 14:00:00,14,35,35,2.0,8.0,25.0,0.0,0.0,1.0,7,7,14,5,19,5,43.95,298.0,159.0,1423.0,43.95,4.0,10.93,roster,0,117.0,87.5,1.3929,171.66,5.0659,0.875,0.6404,3.3429,75.08,16.5,67.0,33.08,35.575
2022-12-26 15:00:00,15,38,38,1.0,9.0,28.0,0.0,0.0,1.0,12,10,16,2,18,2,44.283,227.5,137.0,358.0,29.05,4.0,10.93,roster,0,125.0,95.0,1.4205,112.26,6.1346,0.95,0.9149,3.2895,81.51,15.63,26.8,8.32,8.95
2022-12-26 16:00:00,16,38,38,2.0,9.0,27.0,0.0,0.0,1.0,10,8,16,3,19,3,45.283,219.0,123.0,338.0,30.05,4.0,10.93,roster,0,127.0,95.0,1.5119,126.07,5.6212,0.95,0.7319,3.3421,81.51,16.5,40.2,7.86,8.45
2022-12-26 17:00:00,17,46,46,2.0,11.0,31.0,1.0,1.0,1.0,13,13,17,4,21,4,46.283,257.0,171.0,391.0,31.05,4.0,10.93,roster,0,150.0,115.0,1.9737,159.6,7.6284,1.15,1.1894,3.2609,98.67,18.23,53.6,9.09,9.775
2022-12-26 18:00:00,18,42,42,2.0,12.0,26.0,1.0,1.0,1.0,6,7,18,4,22,4,32.05,257.5,195.0,416.0,32.05,4.0,10.93,roster,0,139.0,105.0,1.9306,152.46,5.5945,1.05,0.6404,3.3095,90.09,19.1,53.6,9.67,10.4
2022-12-26 19:00:00,19,33,33,2.0,11.0,18.0,1.0,1.0,1.0,6,4,15,4,19,4,28.717,313.0,145.0,459.0,28.717,4.0,10.93,roster,0,111.0,82.5,1.3214,131.55,4.006,0.825,0.366,3.3636,70.78,16.5,53.6,10.67,11.475
2022-12-26 20:00:00,20,29,29,1.0,8.0,20.0,0.0,0.0,1.0,10,8,11,3,14,3,11.717,326.5,185.0,437.0,11.717,4.0,12.09,roster,0,97.0,72.5,0.9327,104.72,4.6383,0.725,0.6617,3.3448,62.2,12.16,40.2,10.16,10.925
2022-12-26 21:00:00,21,34,34,1.0,11.0,21.0,1.0,0.0,1.0,12,10,11,3,14,3,12.717,300.0,194.0,445.0,12.717,4.0,12.09,roster,0,114.0,85.0,1.0962,115.63,5.6233,0.85,0.8271,3.3529,72.93,12.16,40.2,10.35,11.125
2022-12-26 22:00:00,22,30,30,1.0,9.0,18.0,2.0,0.0,1.0,6,4,14,2,16,2,13.717,285.5,154.0,505.0,13.717,3.0,8.39,roster,0,99.0,75.0,1.375,96.78,4.0483,0.75,0.4768,3.3,64.35,13.89,26.8,11.74,12.625
2022-12-26 23:00:00,23,29,29,2.0,6.0,21.0,0.0,0.0,1.0,11,9,12,1,13,1,14.717,365.0,171.0,562.0,14.717,3.0,8.39,roster,0,97.0,72.5,1.1975,79.96,6.013,0.725,1.0727,3.3448,62.2,11.29,13.4,13.07,14.05
2022-12-27 00:00:00,0,39,39,3.0,6.0,27.0,2.0,1.0,1.0,14,14,13,2,15,2,15.717,274.0,146.0,515.0,15.717,3.0,8.39,roster,0,125.0,97.5,1.6667,115.45,8.4732,0.975,1.6687,3.2051,83.66,13.02,26.8,11.97,12.875
2022-12-27 01:00:00,1,37,37,3.0,6.0,24.0,4.0,0.0,1.0,8,6,14,2,16,2,16.717,312.5,206.0,575.0,16.717,3.0,8.39,roster,0,119.0,92.5,1.6528,113.43,5.275,0.925,0.7151,3.2162,79.36,13.89,26.8,13.37,14.375
2022-12-27 02:00:00,2,38,38,2.0,7.0,24.0,5.0,0.0,1.0,6,6,14,1,15,1,17.717,394.0,266.0,635.0,17.717,3.0,8.39,roster,0,120.0,95.0,1.6,102.7,5.2583,0.95,0.7151,3.1579,81.51,13.02,13.4,14.76,15.875
2022-12-27 03:00:00,3,38,38,2.0,8.0,26.0,2.0,0.0,1.0,7,7,14,1,15,1,18.717,454.0,326.0,695.0,18.717,3.0,8.39,roster,0,124.0,95.0,1.6533,104.09,5.8225,0.95,0.8343,3.2632,81.51,13.02,13.4,16.16,17.375
2022-12-27 04:00:00,4,31,31,2.0,8.0,20.0,1.0,0.0,1.0,0,0,15,2,17,2,19.717,471.0,320.0,685.0,19.717,3.0,8.39,roster,0,104.0,77.5,1.5072,103.98,2.6,0.775,0.0,3.3548,66.5,14.76,26.8,15.93,17.125
2022-12-27 05:00:00,5,31,31,2.0,8.0,20.0,1.0,0.0,1.0,1,1,15,2,17,2,20.717,531.0,380.0,745.0,20.717,3.0,8.39,roster,0,104.0,77.5,1.5072,105.38,2.9999,0.775,0.1192,3.3548,66.5,14.76,26.8,17.32,18.625
2022-12-27 06:00:00,6,28,28,2.0,8.0,18.0,0.0,0.0,1.0,0,0,16,2,18,2,21.717,577.5,413.0,805.0,21.717,3.0,8.39,roster,0,96.0,70.0,1.4545,101.21,2.4,0.7,0.0,3.4286,60.06,15.63,26.8,18.72,20.125
2022-12-27 07:00:00,7,27,27,2.0,9.0,16.0,0.0,0.0,1.0,2,2,16,2,18,2,22.717,637.5,473.0,865.0,22.717,3.0,8.39,roster,0,94.0,67.5,1.4242,100.46,3.1799,0.675,0.2384,3.4815,57.92,15.63,26.8,20.11,21.625
2022-12-27 08:00:00,8,24,24,1.0,8.0,15.0,0.0,0.0,1.0,2,1,16,2,18,2,23.717,673.0,514.0,905.0,23.717,3.0,6.62,roster,0,82.0,60.0,1.2424,94.95,2.5661,0.6,0.1511,3.4167,51.48,15.63,26.8,21.04,22.625
2022-12-27 09:00:00,9,25,25,2.0,7.0,15.0,1.0,0.0,1.0,3,3,14,2,16,2,24.717,704.0,574.0,965.0,24.717,3.0,6.62,roster,0,85.0,62.5,1.1806,96.75,3.6658,0.625,0.4532,3.4,53.62,13.89,26.8,22.44,24.125
2022-12-27 10:00:00,10,31,31,2.0,5.0,20.0,4.0,0.0,1.0,12,12,11,1,12,1,25.717,699.5,460.0,880.0,25.717,4.0,10.49,roster,0,98.0,77.5,0.875,90.77,6.0663,0.775,1.1439,3.1613,66.5,10.42,13.4,20.46,22.0
2022-12-27 11:00:00,11,37,37,3.0,8.0,21.0,5.0,0.0,1.0,13,13,13,1,14,1,26.717,607.0,135.0,891.0,26.717,4.0,10.49,roster,0,120.0,92.5,1.1538,105.64,7.0193,0.925,1.2393,3.2432,79.36,12.16,13.4,20.72,22.275
2022-12-27 12:00:00,12,37,37,3.0,6.0,20.0,8.0,0.0,1.0,12,12,14,3,17,3,27.717,195.0,111.0,754.0,27.717,4.0,10.49,roster,0,115.0,92.5,1.25,131.86,6.4305,0.925,1.1439,3.1081,79.36,14.76,40.2,17.53,18.85
2022-12-27 13:00:00,13,41,41,2.0,7.0,23.0,9.0,0.0,1.0,14,12,14,2,16,2,28.717,209.0,158.0,615.0,28.717,4.0,10.49,roster,0,125.0,102.5,1.3021,122.94,6.6126,1.025,1.1439,3.0488,87.94,13.89,26.8,14.3,15.375
2022-12-27 14:00:00,14,48,48,2.0,11.0,27.0,7.0,1.0,1.0,19,19,15,3,18,3,29.717,226.0,153.0,593.0,29.717,4.0,10.49,roster,0,150.0,120.0,1.7045,152.58,9.4102,1.2,1.8112,3.125,102.96,15.63,40.2,13.79,14.825
2022-12-27 15:00:00,15,41,41,1.0,7.0,26.0,7.0,0.0,1.0,9,7,15,4,19,4,18.0,145.0,107.0,331.0,17.433,4.0,10.49,roster,0,125.0,102.5,1.4881,145.74,5.1595,1.025,0.6673,3.0488,87.94,16.5,53.6,7.7,8.275
2022-12-27 16:00:00,16,41,41,0.0,5.0,28.0,8.0,0.0,1.0,10,9,17,2,19,2,19.0,169.0,134.0,258.0,16.567,4.0,10.49,roster,0,120.0,102.5,1.4286,117.24,5.5111,1.025,0.858,2.9268,87.94,16.5,26.8,6.0,6.45
2022-12-27 17:00:00,17,40,40,0.0,7.0,24.0,9.0,0.0,1.0,9,7,18,2,20,2,17.567,228.0,175.0,318.0,17.567,4.0,10.49,roster,0,118.0,100.0,1.475,117.36,4.9185,1.0,0.6673,2.95,85.8,17.37,26.8,7.39,7.95
2022-12-27 18:00:00,18,44,44,0.0,7.0,28.0,9.0,0.0,1.0,11,10,18,2,20,2,18.567,288.0,235.0,378.0,18.567,4.0,10.49,roster,0,130.0,110.0,1.625,127.33,6.0665,1.1,0.9533,2.9545,94.38,17.37,26.8,8.79,9.45
2022-12-27 19:00:00,19,33,33,0.0,4.0,25.0,4.0,0.0,1.0,7,5,15,2,17,2,19.567,349.0,209.0,438.0,19.567,4.0,10.49,roster,0,99.0,82.5,1.0761,102.53,3.9049,0.825,0.4766,3.0,70.78,14.76,26.8,10.18,10.95
2022-12-27 20:00:00,20,37,37,1.0,2.0,28.0,6.0,0.0,1.0,12,12,13,0,13,0,20.567,384.0,205.0,498.0,20.567,4.0,11.38,roster,0,109.0,92.5,1.0093,82.23,5.8314,0.925,1.0545,2.9459,79.36,11.29,0.0,11.58,12.45
2022-12-27 21:00:00,21,36,36,1.0,2.0,24.0,9.0,0.0,1.0,9,8,14,0,14,0,21.567,386.5,194.0,558.0,21.567,4.0,11.38,roster,0,103.0,90.0,0.9904,82.35,4.5863,0.9,0.703,2.8611,77.22,12.16,0.0,12.97,13.95
2022-12-27 22:00:00,22,25,25,1.0,4.0,15.0,5.0,0.0,1.0,10,9,10,0,10,0,22.567,515.5,325.0,695.0,22.567,3.0,7.51,roster,0,76.0,62.5,0.8444,58.47,5.5431,0.625,1.1984,3.04,53.62,8.68,0.0,16.16,17.375
2022-12-27 23:00:00,23,30,30,1.0,5.0,17.0,5.0,2.0,1.0,14,9,12,0,12,0,23.567,506.5,340.0,755.0,23.567,3.0,7.51,roster,0,88.0,75.0,1.0476,72.32,5.7153,0.75,1.1984,2.9333,64.35,10.42,0.0,17.55,18.875
2022-12-28 00:00:00,0,35,35,1.0,4.0,27.0,3.0,0.0,1.0,10,10,14,1,15,1,24.567,445.0,139.0,738.0,24.567,3.0,7.51,roster,0,108.0,87.5,1.44,98.66,6.8088,0.875,1.3316,3.0857,75.08,13.02,13.4,17.16,18.45
2022-12-28 01:00:00,1,39,39,2.0,6.0,28.0,3.0,0.0,1.0,8,6,15,0,15,0,25.567,505.0,199.0,798.0,25.567,3.0,7.51,roster,0,124.0,97.5,1.6533,95.23,5.6402,0.975,0.7989,3.1795,83.66,13.02,0.0,18.55,19.95
2022-12-28 02:00:00,2,35,35,2.0,6.0,24.0,3.0,0.0,1.0,7,5,14,0,14,0,26.567,597.0,265.0,858.0,26.567,3.0,7.51,roster,0,112.0,87.5,1.4359,87.18,4.9305,0.875,0.6658,3.2,75.08,12.16,0.0,19.95,21.45
2022-12-28 03:00:00,3,28,28,1.0,4.0,20.0,3.0,0.0,1.0,5,4,13,0,13,0,27.567,689.0,470.0,918.0,27.567,3.0,7.51,roster,0,87.0,70.0,1.0741,72.69,3.8299,0.7,0.5326,3.1071,60.06,11.29,0.0,21.34,22.95
2022-12-28 04:00:00,4,30,30,1.0,4.0,22.0,3.0,0.0,1.0,4,4,13,0,13,0,28.567,749.0,530.0,978.0,28.567,3.0,7.51,roster,0,93.0,75.0,1.1481,78.38,3.9761,0.75,0.5326,3.1,64.35,11.29,0.0,22.74,24.45
2022-12-28 05:00:00,5,30,30,1.0,6.0,20.0,3.0,0.0,1.0,3,3,13,0,13,0,29.567,809.0,590.0,1038.0,29.567,3.0,7.51,roster,0,95.0,75.0,1.1728,79.77,3.64,0.75,0.3995,3.1667,64.35,11.29,0.0,24.13,25.95
2022-12-28 06:00:00,6,29,29,1.0,7.0,17.0,4.0,0.0,1.0,5,5,14,1,15,1,30.567,805.0,499.0,1098.0,30.567,3.0,7.51,roster,0,92.0,72.5,1.2267,94.16,4.4121,0.725,0.6658,3.1724,62.2,13.02,13.4,25.53,27.45
2022-12-28 07:00:00,7,27,27,1.0,5.0,17.0,3.0,1.0,1.0,3,3,15,0,15,0,31.567,865.0,559.0,1158.0,31.567,3.0,7.51,roster,0,83.0,67.5,1.1067,77.86,3.303,0.675,0.3995,3.0741,57.92,13.02,0.0,26.92,28.95
2022-12-28 08:00:00,8,27,27,1.0,5.0,18.0,2.0,1.0,1.0,4,3,15,0,15,0,32.567,925.0,619.0,1218.0,32.567,3.0,6.62,roster,0,84.0,67.5,1.12,79.26,3.5099,0.675,0.4532,3.1111,57.92,13.02,0.0,28.32,30.45
2022-12-28 09:00:00,9,30,30,1.0,7.0,17.0,5.0,0.0,1.0,8,8,13,0,13,0,33.567,940.0,679.0,1164.0,33.567,3.0,6.62,roster,0,94.0,75.0,1.1605,82.7,6.1365,0.75,1.2085,3.1333,64.35,11.29,0.0,27.06,29.1
2022-12-28 10:00:00,10,35,35,2.0,8.0,16.0,9.0,0.0,1.0,10,10,9,0,9,0,34.567,1045.0,739.0,1247.0,34.567,4.0,9.94,roster,0,108.0,87.5,0.871,91.88,5.8043,0.875,1.006,3.0857,75.08,7.81,0.0,28.99,31.175
2022-12-28 11:00:00,11,37,37,2.0,6.0,19.0,10.0,0.0,1.0,12,11,11,1,12,1,35.567,658.0,114.0,1307.0,35.567,4.0,9.94,roster,0,111.0,92.5,0.9911,113.57,6.0949,0.925,1.1066,3.0,79.36,10.42,13.4,30.39,32.675
2022-12-28 12:00:00,12,49,49,2.0,9.0,21.0,15.0,2.0,1.0,18,17,12,1,13,1,36.567,364.0,146.0,1165.0,36.567,4.0,9.94,roster,0,141.0,122.5,1.3056,136.88,8.4464,1.225,1.7103,2.8776,105.1,11.29,13.4,27.09,29.125
2022-12-28 13:00:00,13,47,47,2.0,9.0,24.0,11.0,1.0,1.0,11,11,13,1,14,1,37.567,196.0,84.0,1225.0,37.567,4.0,9.94,roster,0,141.0,117.5,1.3558,134.85,6.8449,1.175,1.1066,3.0,100.82,12.16,13.4,28.48,30.625
2022-12-28 14:00:00,14,43,43,3.0,8.0,22.0,10.0,0.0,1.0,9,9,12,2,14,2,38.567,139.5,111.0,246.0,38.567,4.0,9.94,roster,0,133.0,107.5,1.2788,116.91,6.1255,1.075,0.9054,3.093,92.24,12.16,26.8,5.72,6.15
2022-12-28 15:00:00,15,36,36,3.0,6.0,22.0,5.0,0.0,1.0,4,3,12,3,15,3,39.567,188.0,137.0,306.0,39.567,4.0,9.94,roster,0,115.0,90.0,1.15,117.56,3.8391,0.9,0.3018,3.1944,77.22,13.02,40.2,7.11,7.65
2022-12-28 16:00:00,16,41,41,3.0,6.0,28.0,4.0,0.0,1.0,10,11,11,2,13,2,40.567,241.0,183.0,356.0,40.567,4.0,9.94,roster,0,131.0,102.5,1.213,114.31,6.8108,1.025,1.1066,3.1951,87.94,11.29,26.8,8.28,8.9
2022-12-28 17:00:00,17,41,41,3.0,7.0,24.0,7.0,0.0,1.0,12,10,14,2,16,2,41.567,250.0,169.0,384.0,41.567,4.0,9.94,roster,0,129.0,102.5,1.3438,117.57,6.3903,1.025,1.006,3.1463,87.94,13.89,26.8,8.93,9.6
2022-12-28 18:00:00,18,42,42,3.0,9.0,23.0,7.0,0.0,1.0,11,11,14,1,15,1,17.117,255.0,147.0,361.0,8.1,4.0,9.94,roster,0,134.0,105.0,1.34,104.91,6.8807,1.05,1.1066,3.1905,90.09,13.02,13.4,8.39,9.025
2022-12-28 19:00:00,19,39,39,2.0,10.0,20.0,7.0,0.0,1.0,7,6,15,2,17,2,18.117,180.0,112.0,350.0,9.1,4.0,9.94,roster,0,124.0,97.5,1.3478,113.35,5.0192,0.975,0.6036,3.1795,83.66,14.76,26.8,8.14,8.75
2022-12-28 20:00:00,20,37,37,2.0,11.0,19.0,5.0,0.0,1.0,11,9,17,2,19,2,10.1,177.0,158.0,349.0,10.1,4.0,9.45,roster,0,121.0,92.5,1.4405,110.78,6.1395,0.925,0.9524,3.2703,79.36,16.5,26.8,8.11,8.725
2022-12-28 21:00:00,21,40,40,2.0,12.0,17.0,8.0,1.0,1.0,12,12,16,1,17,1,10.4,228.0,132.0,300.0,10.4,4.0,9.45,roster,0,126.0,100.0,1.3696,100.94,7.15,1.0,1.2698,3.15,85.8,14.76,13.4,6.98,7.5
2022-12-28 22:00:00,22,29,29,2.0,12.0,11.0,4.0,0.0,1.0,5,5,12,1,13,1,10.733,223.0,135.0,353.0,8.25,3.0,6.13,roster,0,99.0,72.5,1.2222,75.1,5.2595,0.725,0.8157,3.4138,62.2,11.29,13.4,8.21,8.825
2022-12-28 23:00:00,23,28,28,1.0,12.0,11.0,3.0,1.0,1.0,11,8,9,1,10,1,11.733,312.0,195.0,413.0,9.25,3.0,6.13,roster,0,93.0,70.0,1.0333,71.75,6.6597,0.7,1.3051,3.3214,60.06,8.68,13.4,9.6,10.325
2022-12-29 00:00:00,0,23,23,1.0,11.0,9.0,2.0,0.0,1.0,6,4,8,1,9,1,11.383,401.0,308.0,473.0,10.25,3.0,6.13,roster,0,80.0,57.5,0.8602,61.55,4.2697,0.575,0.6525,3.4783,49.33,7.81,13.4,11.0,11.825
2022-12-29 01:00:00,1,20,20,1.0,7.0,11.0,1.0,0.0,1.0,3,3,9,1,10,1,12.383,432.0,315.0,533.0,11.25,3.0,6.13,roster,0,68.0,50.0,0.7556,57.38,3.3639,0.5,0.4894,3.4,42.9,8.68,13.4,12.39,13.325
2022-12-29 02:00:00,2,21,21,0.0,8.0,12.0,1.0,0.0,1.0,5,5,9,0,9,0,13.383,463.0,375.0,528.0,10.683,3.0,6.13,roster,0,70.0,52.5,0.7527,45.14,4.4689,0.525,0.8157,3.3333,45.04,7.81,0.0,12.28,13.2
2022-12-29 03:00:00,3,23,23,0.0,9.0,13.0,1.0,0.0,1.0,4,4,9,1,10,1,14.383,505.5,393.0,588.0,11.683,3.0,6.13,roster,0,77.0,57.5,0.8556,65.09,4.1096,0.575,0.6525,3.3478,49.33,8.68,13.4,13.67,14.7
2022-12-29 04:00:00,4,26,26,1.0,9.0,15.0,1.0,0.0,1.0,4,4,10,1,11,1,15.383,548.0,293.0,648.0,12.683,3.0,6.13,roster,0,88.0,65.0,1.0115,73.79,4.4086,0.65,0.6525,3.3846,55.77,9.55,13.4,15.07,16.2
2022-12-29 05:00:00,5,23,23,0.0,9.0,13.0,1.0,0.0,1.0,0,0,11,1,12,1,16.383,581.5,353.0,708.0,13.683,3.0,6.13,roster,0,77.0,57.5,0.9167,69.62,1.925,0.575,0.0,3.3478,49.33,10.42,13.4,16.46,17.7
2022-12-29 06:00:00,6,24,24,0.0,9.0,14.0,1.0,0.0,1.0,2,2,11,1,12,1,17.383,641.5,413.0,768.0,14.683,3.0,6.13,roster,0,80.0,60.0,0.9524,73.16,3.0875,0.6,0.3263,3.3333,51.48,10.42,13.4,17.86,19.2
2022-12-29 07:00:00,7,23,23,0.0,9.0,13.0,1.0,0.0,1.0,2,2,11,1,12,1,18.383,701.5,473.0,828.0,15.683,3.0,6.13,roster,0,77.0,57.5,0.9167,72.41,3.0173,0.575,0.3263,3.3478,49.33,10.42,13.4,19.25,20.7
2022-12-29 08:00:00,8,27,27,0.0,9.0,17.0,1.0,0.0,1.0,6,5,11,1,12,1,19.383,761.5,533.0,888.0,16.683,3.0,7.18,roster,0,89.0,67.5,1.0595,82.38,4.5205,0.675,0.6964,3.2963,57.92,10.42,13.4,20.65,22.2
2022-12-29 09:00:00,9,31,31,1.0,8.0,20.0,2.0,0.0,1.0,9,8,9,1,10,1,20.383,673.0,362.0,883.0,17.683,3.0,7.18,roster,0,101.0,77.5,1.1222,89.11,6.1552,0.775,1.1142,3.2581,66.5,8.68,13.4,20.53,22.075
2022-12-29 10:00:00,10,29,29,1.0,8.0,18.0,2.0,0.0,1.0,8,6,9,2,11,2,21.383,422.0,116.0,943.0,18.683,4.0,10.43,roster,0,95.0,72.5,0.819,100.48,4.2595,0.725,0.5753,3.2759,62.2,9.55,26.8,21.92,23.575
2022-12-29 11:00:00,11,34,34,2.0,9.0,20.0,3.0,0.0,1.0,13,12,10,2,12,2,22.383,320.5,170.0,873.0,19.683,4.0,10.43,roster,0,112.0,85.0,1.0,110.45,6.59,0.85,1.1505,3.2941,72.93,10.42,26.8,20.3,21.825
2022-12-29 12:00:00,12,39,39,2.0,10.0,24.0,3.0,0.0,1.0,9,9,12,2,14,2,23.383,239.0,131.0,613.0,20.683,4.0,10.43,roster,0,128.0,97.5,1.2308,116.86,6.0321,0.975,0.8629,3.2821,83.66,12.16,26.8,14.25,15.325
2022-12-29 13:00:00,13,44,44,4.0,11.0,26.0,3.0,0.0,1.0,9,9,15,2,17,2,21.683,222.0,122.0,573.0,21.683,4.0,10.43,roster,0,148.0,110.0,1.6087,129.26,6.6025,1.1,0.8629,3.3636,94.38,14.76,26.8,13.32,14.325
2022-12-29 14:00:00,14,40,40,3.0,15.0,20.0,2.0,0.0,1.0,9,9,14,2,16,2,22.683,232.5,142.0,350.0,22.683,4.0,10.43,roster,0,139.0,100.0,1.4479,114.63,6.4736,1.0,0.8629,3.475,85.8,13.89,26.8,8.14,8.75
2022-12-29 15:00:00,15,37,37,3.0,14.0,16.0,4.0,0.0,1.0,8,7,11,2,13,2,14.05,202.0,125.0,298.0,12.033,4.0,10.43,roster,0,127.0,92.5,1.1759,104.38,5.4786,0.925,0.6711,3.4324,79.36,11.29,26.8,6.93,7.45
2022-12-29 16:00:00,16,32,32,2.0,12.0,16.0,2.0,0.0,1.0,5,4,10,1,11,1,15.05,244.0,151.0,358.0,13.033,4.0,10.43,roster,0,110.0,80.0,0.9483,79.91,4.0683,0.8,0.3835,3.4375,68.64,9.55,13.4,8.32,8.95
2022-12-29 17:00:00,17,35,35,2.0,13.0,13.0,6.0,1.0,1.0,10,10,11,1,12,1,16.05,296.5,211.0,418.0,14.033,4.0,10.43,roster,0,114.0,87.5,1.0179,88.61,5.9729,0.875,0.9588,3.2571,75.08,10.42,13.4,9.72,10.45
2022-12-29 18:00:00,18,31,31,3.0,11.0,10.0,6.0,1.0,1.0,4,4,10,0,10,0,17.05,276.0,168.0,382.0,15.033,4.0,10.43,roster,0,102.0,77.5,0.85,64.06,3.8119,0.775,0.3835,3.2903,66.5,8.68,0.0,8.88,9.55
2022-12-29 19:00:00,19,28,28,2.0,13.0,10.0,3.0,0.0,1.0,13,11,9,0,9,0,16.033,240.0,177.0,341.0,16.033,4.0,10.43,roster,0,98.0,70.0,0.7903,55.8,6.1413,0.7,1.0547,3.5,60.06,7.81,0.0,7.93,8.525
2022-12-29 20:00:00,20,27,27,3.0,9.0,11.0,4.0,0.0,1.0,9,9,12,0,12,0,17.033,219.5,93.0,401.0,17.033,4.0,10.26,roster,0,92.0,67.5,0.8214,57.66,5.289,0.675,0.8772,3.4074,57.92,10.42,0.0,9.32,10.025
2022-12-29 21:00:00,21,26,26,2.0,8.0,12.0,3.0,1.0,1.0,6,5,13,0,13,0,18.033,153.0,120.0,348.0,18.033,4.0,10.26,roster,0,85.0,65.0,0.787,55.15,3.7182,0.65,0.4873,3.2692,55.77,11.29,0.0,8.09,8.7
2022-12-29 22:00:00,22,24,24,1.0,5.0,14.0,3.0,1.0,1.0,9,5,9,0,9,0,19.033,188.0,162.0,213.0,19.033,3.0,7.01,roster,0,74.0,60.0,0.7957,44.25,4.0492,0.6,0.7133,3.0833,51.48,7.81,0.0,4.95,5.325
2022-12-29 23:00:00,23,13,13,0.0,3.0,7.0,3.0,0.0,1.0,5,3,6,0,6,0,20.033,244.0,222.0,273.0,20.033,3.0,7.01,roster,0,39.0,32.5,0.3824,19.44,2.2589,0.325,0.428,3.0,27.88,5.21,0.0,6.35,6.825
2022-12-30 00:00:00,0,19,19,0.0,4.0,12.0,3.0,0.0,1.0,11,9,6,0,6,0,21.033,304.0,282.0,333.0,21.033,3.0,7.01,roster,0,58.0,47.5,0.5686,33.71,5.3692,0.475,1.2839,3.0526,40.75,5.21,0.0,7.74,8.325
2022-12-30 01:00:00,1,16,16,1.0,4.0,10.0,1.0,0.0,1.0,3,3,7,0,7,0,22.033,360.0,307.0,393.0,22.033,3.0,7.01,roster,0,53.0,40.0,0.5354,29.54,2.7426,0.4,0.428,3.3125,34.32,6.08,0.0,9.14,9.825
2022-12-30 02:00:00,2,22,22,1.0,4.0,15.0,2.0,0.0,1.0,7,7,9,0,9,0,23.033,402.0,157.0,428.0,23.033,3.0,7.01,roster,0,70.0,55.0,0.7527,44.96,4.9273,0.55,0.9986,3.1818,47.19,7.81,0.0,9.95,10.7
2022-12-30 03:00:00,3,23,23,1.0,6.0,13.0,3.0,0.0,1.0,6,5,10,0,10,0,24.033,444.5,162.0,488.0,24.033,3.0,7.01,roster,0,74.0,57.5,0.8222,49.36,4.1449,0.575,0.7133,3.2174,49.33,8.68,0.0,11.35,12.2
2022-12-30 04:00:00,4,22,22,1.0,6.0,12.0,3.0,0.0,1.0,3,3,11,0,11,0,25.033,487.0,183.0,548.0,25.033,3.0,7.01,roster,0,71.0,55.0,0.8161,49.48,3.1561,0.55,0.428,3.2273,47.19,9.55,0.0,12.74,13.7
2022-12-30 05:00:00,5,21,21,1.0,5.0,13.0,2.0,0.0,1.0,4,3,11,0,11,0,26.033,547.0,243.0,608.0,26.033,3.0,7.01,roster,0,68.0,52.5,0.7816,48.73,3.0858,0.525,0.428,3.2381,45.04,9.55,0.0,14.14,15.2
2022-12-30 06:00:00,6,21,21,1.0,5.0,13.0,2.0,0.0,1.0,2,2,13,0,13,0,27.033,397.0,283.0,660.0,27.033,3.0,7.01,roster,0,68.0,52.5,0.8395,51.68,2.6239,0.525,0.2853,3.2381,45.04,11.29,0.0,15.34,16.5
2022-12-30 07:00:00,7,22,22,2.0,5.0,13.0,2.0,0.0,1.0,1,1,13,0,13,0,28.033,457.0,343.0,720.0,28.033,3.0,7.01,roster,0,73.0,55.0,0.9012,55.22,2.2983,0.55,0.1427,3.3182,47.19,11.29,0.0,16.74,18.0
2022-12-30 08:00:00,8,19,19,2.0,5.0,10.0,2.0,0.0,1.0,0,0,13,0,13,0,29.033,517.0,403.0,780.0,29.033,3.0,7.23,roster,0,64.0,47.5,0.7901,50.18,1.6,0.475,0.0,3.3684,40.75,11.29,0.0,18.14,19.5
2022-12-30 09:00:00,9,19,19,1.0,5.0,11.0,2.0,0.0,1.0,3,3,10,0,10,0,30.033,682.0,408.0,848.0,30.033,3.0,7.23,roster,0,62.0,47.5,0.6889,49.15,2.904,0.475,0.4149,3.2632,40.75,8.68,0.0,19.72,21.2
2022-12-30 10:00:00,10,17,17,0.0,4.0,11.0,2.0,0.0,1.0,6,4,8,0,8,0,31.033,580.0,326.0,908.0,31.033,4.0,10.93,roster,0,53.0,42.5,0.4141,44.52,2.466,0.425,0.366,3.1176,36.46,6.95,0.0,21.11,22.7
2022-12-30 11:00:00,11,28,28,0.0,6.0,19.0,3.0,0.0,1.0,14,14,8,0,8,0,32.033,640.0,386.0,968.0,32.033,4.0,10.93,roster,0,87.0,70.0,0.6797,69.51,6.1549,0.7,1.2809,3.1071,60.06,6.95,0.0,22.51,24.2
2022-12-30 12:00:00,12,35,35,0.0,7.0,24.0,4.0,0.0,1.0,14,13,10,0,10,0,33.033,179.0,94.0,967.0,33.033,4.0,10.93,roster,0,108.0,87.5,0.9,86.24,6.3701,0.875,1.1894,3.0857,75.08,8.68,0.0,22.48,24.175
2022-12-30 13:00:00,13,32,32,1.0,7.0,20.0,4.0,0.0,1.0,8,7,10,0,10,0,34.033,187.5,142.0,703.0,34.033,4.0,10.93,roster,0,101.0,80.0,0.8417,73.67,4.5464,0.8,0.6404,3.1562,68.64,8.68,0.0,16.34,17.575
2022-12-30 14:00:00,14,33,33,1.0,8.0,19.0,5.0,0.0,1.0,8,8,11,0,11,0,35.033,214.0,136.0,763.0,35.033,4.0,10.93,roster,0,104.0,82.5,0.8966,78.08,4.9067,0.825,0.7319,3.1515,70.78,9.55,0.0,17.74,19.075
2022-12-30 15:00:00,15,40,40,3.0,9.0,23.0,5.0,0.0,1.0,15,14,10,1,11,1,36.033,196.0,109.0,285.0,36.033,4.0,10.93,roster,0,130.0,100.0,1.1207,95.38,7.4129,1.0,1.2809,3.25,85.8,9.55,13.4,6.63,7.125
2022-12-30 16:00:00,16,35,35,3.0,8.0,20.0,4.0,0.0,1.0,10,9,13,0,13,0,37.033,165.0,93.0,256.0,37.033,4.0,10.93,roster,0,115.0,87.5,1.0648,72.31,5.5805,0.875,0.8234,3.2857,75.08,11.29,0.0,5.95,6.4
2022-12-30 17:00:00,17,31,31,3.0,9.0,17.0,2.0,0.0,1.0,4,4,15,0,15,0,38.033,225.0,126.0,316.0,38.033,4.0,10.93,roster,0,106.0,77.5,1.06,66.87,3.9014,0.775,0.366,3.4194,66.5,13.02,0.0,7.35,7.9
2022-12-30 18:00:00,18,29,29,2.0,9.0,16.0,2.0,0.0,1.0,7,5,12,0,12,0,39.033,215.0,186.0,376.0,39.033,4.0,10.93,roster,0,98.0,72.5,0.875,61.37,3.9959,0.725,0.4575,3.3793,62.2,10.42,0.0,8.74,9.4
2022-12-30 19:00:00,19,22,22,2.0,7.0,10.0,3.0,0.0,1.0,4,3,12,0,12,0,40.033,270.5,241.0,345.0,40.033,4.0,10.93,roster,0,74.0,55.0,0.6607,45.63,2.7732,0.55,0.2745,3.3636,47.19,10.42,0.0,8.02,8.625
2022-12-30 20:00:00,20,17,17,1.0,7.0,6.0,3.0,0.0,1.0,4,2,10,0,10,0,41.033,303.5,160.0,333.0,41.033,4.0,11.38,roster,0,57.0,42.5,0.475,32.89,2.0143,0.425,0.1757,3.3529,36.46,8.68,0.0,7.74,8.325
2022-12-30 21:00:00,21,24,24,1.0,9.0,10.0,4.0,0.0,1.0,12,11,8,0,8,0,42.033,377.0,361.0,465.0,42.033,4.0,11.38,roster,0,79.0,60.0,0.6172,49.24,5.1568,0.6,0.9666,3.2917,51.48,6.95,0.0,10.81,11.625
2022-12-30 22:00:00,22,23,23,1.0,8.0,12.0,2.0,0.0,1.0,8,8,7,0,7,0,20.767,421.0,108.0,453.0,8.75,3.0,7.68,roster,0,77.0,57.5,0.7778,45.95,5.4123,0.575,1.0417,3.3478,49.33,6.08,0.0,10.53,11.325
2022-12-30 23:00:00,23,22,22,1.0,7.0,11.0,3.0,0.0,1.0,7,6,7,1,8,1,21.767,254.0,160.0,508.0,9.75,3.0,7.68,roster,0,72.0,55.0,0.75,59.35,4.3568,0.55,0.7812,3.2727,47.19,6.95,13.4,11.81,12.7
2022-12-31 00:00:00,0,19,19,2.0,6.0,8.0,3.0,0.0,1.0,7,6,7,2,9,2,22.767,228.0,169.0,541.0,10.75,3.0,7.68,roster,0,64.0,47.5,0.6882,67.95,4.2316,0.475,0.7812,3.3684,40.75,7.81,26.8,12.58,13.525
2022-12-31 01:00:00,1,22,22,2.0,6.0,12.0,2.0,0.0,1.0,6,6,8,2,10,2,23.767,284.0,215.0,601.0,11.75,3.0,7.68,roster,0,74.0,55.0,0.8222,76.65,4.4778,0.55,0.7812,3.3636,47.19,8.68,26.8,13.97,15.025
2022-12-31 02:00:00,2,19,19,1.0,6.0,11.0,1.0,0.0,1.0,4,3,9,2,11,2,24.767,340.0,184.0,661.0,12.75,3.0,7.68,roster,0,64.0,47.5,0.7356,72.47,2.9158,0.475,0.3906,3.3684,40.75,9.55,26.8,15.37,16.525
2022-12-31 03:00:00,3,17,17,1.0,6.0,9.0,1.0,0.0,1.0,1,2,9,2,11,2,25.767,400.0,244.0,721.0,13.75,3.0,7.68,roster,0,58.0,42.5,0.6667,69.58,2.3385,0.425,0.2604,3.4118,36.46,9.55,26.8,16.76,18.025
2022-12-31 04:00:00,4,19,19,1.0,7.0,10.0,1.0,0.0,1.0,5,3,9,2,11,2,26.767,460.0,304.0,781.0,14.75,3.0,7.68,roster,0,65.0,47.5,0.7471,75.26,2.9613,0.475,0.3906,3.4211,40.75,9.55,26.8,18.16,19.525
2022-12-31 05:00:00,5,23,23,1.0,7.0,13.0,1.0,1.0,1.0,4,5,9,3,12,3,27.767,494.5,364.0,841.0,15.75,3.0,7.68,roster,0,75.0,57.5,0.8929,99.51,3.998,0.575,0.651,3.2609,49.33,10.42,40.2,19.55,21.025
2022-12-31 06:00:00,6,20,20,1.0,8.0,9.0,2.0,0.0,1.0,3,2,10,3,13,3,28.767,529.0,396.0,760.0,16.75,3.0,7.68,roster,0,68.0,50.0,0.8395,92.06,2.5854,0.5,0.2604,3.4,42.9,11.29,40.2,17.67,19.0
2022-12-31 07:00:00,7,20,20,1.0,9.0,8.0,2.0,0.0,1.0,2,2,10,3,13,3,29.767,589.0,456.0,820.0,17.75,3.0,7.68,roster,0,69.0,50.0,0.8519,93.45,2.6234,0.5,0.2604,3.45,42.9,11.29,40.2,19.07,20.5
2022-12-31 08:00:00,8,23,23,1.0,10.0,10.0,2.0,0.0,1.0,7,5,10,3,13,3,30.767,649.0,516.0,880.0,18.75,3.0,6.36,roster,0,79.0,57.5,0.9753,101.28,4.6753,0.575,0.7862,3.4348,49.33,11.29,40.2,20.46,22.0
2022-12-31 09:00:00,9,24,24,1.0,8.0,13.0,2.0,0.0,1.0,3,3,11,3,14,3,31.767,649.5,336.0,768.0,19.75,3.0,6.36,roster,0,80.0,60.0,1.0256,101.69,3.5723,0.6,0.4717,3.3333,51.48,12.16,40.2,17.86,19.2
2022-12-31 10:00:00,10,25,25,1.0,7.0,14.0,3.0,0.0,1.0,6,6,10,2,12,2,32.767,594.0,318.0,1000.0,20.75,4.0,9.61,roster,0,81.0,62.5,0.7232,94.09,4.0479,0.625,0.6243,3.24,53.62,10.42,26.8,23.25,25.0
2022-12-31 11:00:00,11,30,30,0.0,10.0,16.0,4.0,0.0,1.0,12,11,7,2,9,2,33.767,456.0,184.0,696.0,21.75,4.0,9.61,roster,0,96.0,75.0,0.7742,95.15,6.0629,0.75,1.1446,3.2,64.35,7.81,26.8,16.18,17.4
2022-12-31 12:00:00,12,32,32,0.0,11.0,17.0,4.0,0.0,1.0,14,12,6,3,9,3,34.767,244.0,128.0,672.0,22.75,4.0,9.61,roster,0,103.0,80.0,0.8306,112.28,6.5943,0.8,1.2487,3.2188,68.64,7.81,40.2,15.62,16.8
2022-12-31 13:00:00,13,33,33,1.0,11.0,19.0,2.0,0.0,1.0,10,10,4,3,7,3,35.767,304.0,165.0,935.0,23.75,4.0,9.61,roster,0,110.0,82.5,0.8333,118.8,6.2186,0.825,1.0406,3.3333,70.78,6.08,40.2,21.74,23.375
2022-12-31 14:00:00,14,42,42,1.0,11.0,27.0,3.0,0.0,1.0,14,13,7,3,10,3,36.767,273.0,116.0,636.0,24.75,4.0,9.61,roster,0,136.0,105.0,1.1333,133.76,7.7804,1.05,1.3528,3.2381,90.09,8.68,40.2,14.79,15.9
2022-12-31 15:00:00,15,37,37,0.0,12.0,23.0,2.0,0.0,1.0,8,7,5,3,8,3,17.583,270.5,176.0,696.0,17.583,4.0,9.61,roster,0,121.0,92.5,0.9453,122.69,5.4071,0.925,0.7284,3.2703,79.36,6.95,40.2,16.18,17.4
2022-12-31 16:00:00,16,36,36,1.0,13.0,20.0,1.0,1.0,1.0,10,9,8,3,11,3,12.6,117.0,81.0,345.0,12.6,4.0,9.61,roster,0,120.0,90.0,1.0345,114.99,6.1217,0.9,0.9365,3.3333,77.22,9.55,40.2,8.02,8.625
2022-12-31 17:00:00,17,34,34,1.0,14.0,17.0,2.0,0.0,1.0,7,6,8,3,11,3,13.6,177.0,129.0,405.0,13.6,4.0,9.61,roster,0,116.0,85.0,1.0,112.1,5.0301,0.85,0.6243,3.4118,72.93,9.55,40.2,9.42,10.125
2022-12-31 18:00:00,18,29,29,0.0,12.0,14.0,3.0,0.0,1.0,8,7,9,2,11,2,14.6,206.0,157.0,436.0,14.6,4.0,9.61,roster,0,96.0,72.5,0.8276,88.69,4.8113,0.725,0.7284,3.3103,62.2,9.55,26.8,10.14,10.9
2022-12-31 19:00:00,19,22,22,0.0,10.0,11.0,1.0,0.0,1.0,10,8,4,2,6,2,15.6,378.5,217.0,525.0,15.6,4.0,9.61,roster,0,75.0,55.0,0.5515,71.41,4.713,0.55,0.8325,3.4091,47.19,5.21,26.8,12.21,13.125
2022-12-31 20:00:00,20,24,24,0.0,10.0,11.0,3.0,0.0,1.0,11,8,2,3,5,3,16.6,556.0,277.0,585.0,16.6,4.0,11.64,roster,0,79.0,60.0,0.5643,89.62,4.2373,0.6,0.6873,3.2917,51.48,4.34,40.2,13.6,14.625
2022-12-31 21:00:00,21,22,22,0.0,10.0,12.0,0.0,0.0,1.0,8,5,1,3,4,3,17.6,630.5,616.0,1056.0,17.6,4.0,11.64,roster,0,76.0,55.0,0.5278,95.42,3.3839,0.55,0.4296,3.4545,47.19,3.47,40.2,24.55,26.4
2022-12-31 22:00:00,22,27,27,0.0,11.0,10.0,2.0,4.0,1.0,12,11,3,2,5,2,18.6,676.0,82.0,705.0,18.6,3.0,8.39,roster,0,82.0,67.5,0.781,85.45,6.0318,0.675,1.3111,3.037,57.92,4.34,26.8,16.39,17.625
2022-12-31 23:00:00,23,23,23,0.0,9.0,11.0,2.0,1.0,1.0,8,7,4,1,5,1,13.217,142.0,137.0,736.0,12.75,3.0,8.39,roster,0,74.0,57.5,0.7048,64.19,4.5344,0.575,0.8343,3.2174,49.33,4.34,13.4,17.11,18.4
