ts,hour,total,census,l1,l2,l3,l4,l5,tri_coverage,arrivals,arrival_present_1h,waitBed,waitICU,D_board,resus,maxLOS_h,awt_curr_min,board_q1_min,board_q3_min,board_max_h,Na,cap_sum,cap_source,src_gap,acuity,OCCUPANCY,EDWIN,NEDOCS,READI,READI_BR,READI_PR,READI_AR,NEDOCS_t_total,NEDOCS_t_board,NEDOCS_t_resus,NEDOCS_t_longest_admit,NEDOCS_E_h
2020-04-01 00:00:00,0,10,10,0.0,1.0,6.0,1.0,2.0,1.0,3,2,4,0,4,0,5.8,177.5,135.0,348.0,5.8,3.0,8.18,roster,0,26.0,25.0,0.2407,13.01,1.2857,0.25,0.2445,2.6,21.45,3.47,0.0,8.09,8.7
2020-04-01 01:00:00,1,11,11,0.0,1.0,7.0,1.0,2.0,1.0,3,3,4,0,4,0,6.8,237.5,195.0,408.0,6.8,3.0,8.18,roster,0,29.0,27.5,0.2685,16.55,1.6919,0.275,0.3667,2.6364,23.6,3.47,0.0,9.49,10.2
2020-04-01 02:00:00,2,14,14,0.0,1.0,10.0,1.0,2.0,1.0,3,3,4,0,4,0,7.8,297.5,255.0,468.0,7.8,3.0,8.18,roster,0,38.0,35.0,0.3519,24.38,1.9455,0.35,0.3667,2.7143,30.03,3.47,0.0,10.88,11.7
2020-04-01 03:00:00,3,17,17,0.0,1.0,13.0,1.0,2.0,1.0,5,4,4,0,4,0,8.8,357.5,315.0,528.0,8.8,3.0,8.18,roster,0,47.0,42.5,0.4352,32.21,2.5269,0.425,0.489,2.7647,36.46,3.47,0.0,12.28,13.2
2020-04-01 04:00:00,4,16,16,0.0,1.0,12.0,1.0,2.0,1.0,0,0,6,0,6,0,9.8,355.0,104.0,460.0,9.8,3.0,8.18,roster,0,44.0,40.0,0.4314,30.22,1.1,0.4,0.0,2.75,34.32,5.21,0.0,10.7,11.5
2020-04-01 05:00:00,5,17,17,0.0,1.0,12.0,1.0,3.0,1.0,2,2,6,0,6,0,10.8,415.0,164.0,520.0,10.8,3.0,8.18,roster,0,45.0,42.5,0.4412,33.76,1.7722,0.425,0.2445,2.6471,36.46,5.21,0.0,12.09,13.0
2020-04-01 06:00:00,6,12,12,0.0,1.0,10.0,1.0,0.0,1.0,0,0,7,0,7,0,11.8,455.0,197.0,580.0,11.8,3.0,8.18,roster,0,36.0,30.0,0.3636,25.3,0.9,0.3,0.0,3.0,25.74,6.08,0.0,13.49,14.5
2020-04-01 07:00:00,7,12,12,0.0,1.0,10.0,1.0,0.0,1.0,1,0,7,0,7,0,12.8,515.0,257.0,640.0,12.8,3.0,8.18,roster,0,36.0,30.0,0.3636,26.7,0.9,0.3,0.0,3.0,25.74,6.08,0.0,14.88,16.0
2020-04-01 08:00:00,8,14,14,0.0,1.0,12.0,1.0,0.0,1.0,5,4,7,0,7,0,13.8,575.0,317.0,700.0,13.8,3.0,7.74,roster,0,42.0,35.0,0.4242,32.38,2.6004,0.35,0.5168,3.0,30.03,6.08,0.0,16.28,17.5
2020-04-01 09:00:00,9,14,14,0.0,0.0,11.0,3.0,0.0,1.0,6,6,3,0,3,0,14.8,760.0,404.0,888.0,14.8,3.0,7.74,roster,0,39.0,35.0,0.3514,33.28,3.1345,0.35,0.7752,2.7857,30.03,2.6,0.0,20.65,22.2
2020-04-01 10:00:00,10,16,16,1.0,1.0,11.0,3.0,0.0,1.0,6,6,2,0,2,0,15.8,706.0,464.0,948.0,15.8,4.0,11.0,roster,0,48.0,40.0,0.3158,38.1,2.8364,0.4,0.5455,3.0,34.32,1.74,0.0,22.04,23.7
2020-04-01 11:00:00,11,15,15,1.0,1.0,11.0,2.0,0.0,1.0,4,3,3,0,3,0,8.933,74.0,69.0,524.0,8.733,4.0,11.0,roster,0,46.0,37.5,0.3108,26.96,1.9864,0.375,0.2727,3.0667,32.17,2.6,0.0,12.18,13.1
2020-04-01 12:00:00,12,18,18,1.0,3.0,11.0,3.0,0.0,1.0,7,7,2,0,2,0,4.483,100.5,72.0,129.0,2.15,4.0,11.0,roster,0,56.0,45.0,0.3684,23.35,3.3798,0.45,0.6364,3.1111,38.61,1.74,0.0,3.0,3.225
2020-04-01 13:00:00,13,11,11,1.0,1.0,8.0,1.0,0.0,1.0,2,2,3,0,3,0,5.483,132.0,97.0,189.0,3.15,4.0,11.0,roster,0,35.0,27.5,0.2365,10.59,1.4535,0.275,0.1818,3.1818,23.6,2.6,0.0,4.39,4.725
2020-04-01 14:00:00,14,14,14,0.0,1.0,11.0,2.0,0.0,1.0,7,7,1,0,1,0,6.483,249.0,249.0,249.0,4.15,4.0,11.0,roster,0,41.0,35.0,0.2628,16.69,2.8886,0.35,0.6364,2.9286,30.03,0.87,0.0,5.79,6.225
2020-04-01 15:00:00,15,12,12,0.0,2.0,8.0,2.0,0.0,1.0,2,2,4,0,4,0,6.7,105.0,101.0,309.0,5.15,4.0,11.0,roster,0,36.0,30.0,0.25,16.4,1.4455,0.3,0.1818,3.0,25.74,3.47,0.0,7.18,7.725
2020-04-01 16:00:00,16,12,12,0.0,1.0,9.0,2.0,0.0,1.0,6,6,3,0,3,0,7.7,147.0,72.0,169.0,2.817,4.0,11.0,roster,0,35.0,30.0,0.2365,12.27,2.4659,0.3,0.5455,2.9167,25.74,2.6,0.0,3.93,4.225
2020-04-01 17:00:00,17,15,15,1.0,2.0,12.0,0.0,0.0,1.0,8,7,1,0,1,0,8.7,132.0,132.0,132.0,2.2,4.0,11.0,roster,0,49.0,37.5,0.3141,16.11,3.3038,0.375,0.6364,3.2667,32.17,0.87,0.0,3.07,3.3
2020-04-01 18:00:00,18,13,13,1.0,1.0,10.0,0.0,1.0,1.0,8,8,1,1,2,1,5.783,97.5,91.0,104.0,1.733,4.0,11.0,roster,0,40.0,32.5,0.2632,25.44,3.2378,0.325,0.7273,3.0769,27.88,1.74,13.4,2.42,2.6
2020-04-01 19:00:00,19,14,14,1.0,2.0,10.0,0.0,1.0,1.0,4,4,3,1,4,1,6.783,123.0,95.0,164.0,2.733,4.0,11.0,roster,0,44.0,35.0,0.3056,30.72,2.2429,0.35,0.3636,3.1429,30.03,3.47,13.4,3.81,4.1
2020-04-01 20:00:00,20,11,11,1.0,2.0,7.0,1.0,0.0,1.0,6,6,2,1,3,1,3.733,150.0,84.0,224.0,3.733,4.0,9.61,roster,0,36.0,27.5,0.2432,24.81,2.9433,0.275,0.6243,3.2727,23.6,2.6,13.4,5.21,5.6
2020-04-01 21:00:00,21,14,14,1.0,4.0,8.0,1.0,0.0,1.0,7,7,3,1,4,1,4.733,112.5,81.0,284.0,4.733,4.0,9.61,roster,0,47.0,35.0,0.3264,33.51,3.6204,0.35,0.7284,3.3571,30.03,3.47,13.4,6.6,7.1
2020-04-01 22:00:00,22,12,12,1.0,2.0,7.0,2.0,0.0,1.0,5,5,2,1,3,1,5.733,141.0,63.0,344.0,5.733,3.0,6.35,roster,0,38.0,30.0,0.3423,29.74,3.4434,0.3,0.7874,3.1667,25.74,2.6,13.4,8.0,8.6
2020-04-01 23:00:00,23,11,11,1.0,2.0,6.0,2.0,0.0,1.0,5,5,2,0,2,0,3.167,106.0,89.0,123.0,2.05,3.0,6.35,roster,0,35.0,27.5,0.307,8.19,3.3804,0.275,0.7874,3.1818,23.6,1.74,0.0,2.86,3.075
2020-04-02 00:00:00,0,19,19,1.0,3.0,12.0,3.0,0.0,1.0,11,10,1,1,2,1,3.967,109.5,70.0,149.0,2.483,3.0,6.35,roster,0,59.0,47.5,0.5175,39.36,6.3652,0.475,1.5748,3.1053,40.75,1.74,13.4,3.46,3.725
2020-04-02 01:00:00,1,13,13,1.0,3.0,7.0,2.0,0.0,1.0,1,1,2,1,3,1,4.967,130.0,66.0,209.0,3.483,3.0,6.35,roster,0,42.0,32.5,0.3784,28.75,1.5588,0.325,0.1575,3.2308,27.88,2.6,13.4,4.86,5.225
2020-04-02 02:00:00,2,9,9,1.0,2.0,5.0,1.0,0.0,1.0,1,1,2,1,3,1,4.483,190.0,126.0,269.0,4.483,3.0,6.35,roster,0,30.0,22.5,0.2703,21.56,1.2749,0.225,0.1575,3.3333,19.3,2.6,13.4,6.25,6.725
2020-04-02 03:00:00,3,10,10,1.0,2.0,6.0,1.0,0.0,1.0,1,1,2,1,3,1,5.483,250.0,186.0,329.0,5.483,3.0,6.35,roster,0,33.0,25.0,0.2973,25.1,1.3447,0.25,0.1575,3.3,21.45,2.6,13.4,7.65,8.225
2020-04-02 04:00:00,4,9,9,1.0,2.0,5.0,1.0,0.0,1.0,2,0,2,1,3,1,6.483,310.0,246.0,389.0,6.483,3.0,6.35,roster,0,30.0,22.5,0.2703,24.35,0.75,0.225,0.0,3.3333,19.3,2.6,13.4,9.04,9.725
2020-04-02 05:00:00,5,8,8,1.0,2.0,4.0,1.0,0.0,1.0,0,0,2,1,3,1,7.483,370.0,306.0,449.0,7.483,3.0,6.35,roster,0,27.0,20.0,0.2432,23.6,0.675,0.2,0.0,3.375,17.16,2.6,13.4,10.44,11.225
2020-04-02 06:00:00,6,5,5,0.0,1.0,3.0,1.0,0.0,1.0,0,0,2,0,2,0,8.483,437.5,366.0,509.0,8.483,3.0,6.35,roster,0,15.0,12.5,0.1316,4.3,0.375,0.125,0.0,3.0,10.72,1.74,0.0,11.83,12.725
2020-04-02 07:00:00,7,5,5,0.0,1.0,3.0,1.0,0.0,1.0,2,1,2,0,2,0,9.483,497.5,426.0,569.0,9.483,3.0,6.35,roster,0,15.0,12.5,0.1316,5.69,0.8474,0.125,0.1575,3.0,10.72,1.74,0.0,13.23,14.225
2020-04-02 08:00:00,8,6,6,0.0,2.0,4.0,0.0,0.0,1.0,3,3,1,0,1,0,10.483,629.0,629.0,629.0,10.483,3.0,6.66,roster,0,20.0,15.0,0.1709,8.36,2.0015,0.15,0.4505,3.3333,12.87,0.87,0.0,14.62,15.725
2020-04-02 09:00:00,9,5,5,0.0,1.0,4.0,0.0,0.0,1.0,1,1,0,0,0,0,10.333,0.0,,,,3.0,6.66,roster,0,16.0,12.5,0.1333,-9.28,0.8805,0.125,0.1502,3.2,10.72,0.0,0.0,0.0,0.0
2020-04-02 10:00:00,10,7,7,0.0,2.0,5.0,0.0,0.0,1.0,6,5,0,0,0,0,11.333,0.0,,,,4.0,9.92,roster,0,23.0,17.5,0.1438,-4.99,2.2311,0.175,0.504,3.2857,15.01,0.0,0.0,0.0,0.0
2020-04-02 11:00:00,11,9,9,0.0,1.0,7.0,1.0,0.0,1.0,5,5,0,0,0,0,12.333,0.0,,,,4.0,9.92,roster,0,27.0,22.5,0.1688,-0.7,2.1871,0.225,0.504,3.0,19.3,0.0,0.0,0.0,0.0
2020-04-02 12:00:00,12,12,12,0.0,2.0,9.0,1.0,0.0,1.0,6,6,0,0,0,0,13.333,0.0,,,,4.0,9.92,roster,0,37.0,30.0,0.2312,5.74,2.7899,0.3,0.6048,3.0833,25.74,0.0,0.0,0.0,0.0
2020-04-02 13:00:00,13,19,19,1.0,3.0,14.0,1.0,0.0,1.0,10,8,2,0,2,0,14.333,89.5,76.0,103.0,1.717,4.0,9.92,roster,0,61.0,47.5,0.4013,24.89,4.1141,0.475,0.8065,3.2105,40.75,1.74,0.0,2.39,2.575
2020-04-02 14:00:00,14,18,18,2.0,2.0,12.0,2.0,0.0,1.0,4,4,1,1,2,1,15.333,84.0,76.0,92.0,1.533,4.0,9.92,roster,0,58.0,45.0,0.3816,35.89,2.7493,0.45,0.4032,3.2222,38.61,1.74,13.4,2.14,2.3
2020-04-02 15:00:00,15,22,22,2.0,2.0,13.0,5.0,0.0,1.0,7,6,2,1,3,1,16.333,136.0,99.0,152.0,2.533,4.0,9.92,roster,0,67.0,55.0,0.4527,46.73,3.517,0.55,0.6048,3.0455,47.19,2.6,13.4,3.53,3.8
2020-04-02 16:00:00,16,17,17,1.0,2.0,12.0,2.0,0.0,1.0,4,4,1,1,2,1,6.333,204.0,196.0,212.0,3.533,4.0,9.92,roster,0,53.0,42.5,0.3487,36.53,2.5821,0.425,0.4032,3.1176,36.46,1.74,13.4,4.93,5.3
2020-04-02 17:00:00,17,14,14,0.0,1.0,11.0,1.0,1.0,1.0,5,4,3,0,3,0,7.333,89.0,82.0,256.0,4.267,4.0,9.92,roster,0,40.0,35.0,0.2703,18.59,2.1521,0.35,0.4032,2.8571,30.03,2.6,0.0,5.95,6.4
2020-04-02 18:00:00,18,10,10,0.0,1.0,7.0,2.0,0.0,1.0,4,2,2,0,2,0,8.333,132.0,115.0,149.0,2.483,4.0,9.92,roster,0,29.0,25.0,0.1908,6.65,1.3097,0.25,0.2016,2.9,21.45,1.74,0.0,3.46,3.725
2020-04-02 19:00:00,19,12,12,0.0,0.0,8.0,3.0,1.0,1.0,4,4,3,1,4,1,9.333,144.5,114.0,209.0,3.483,4.0,9.92,roster,0,31.0,30.0,0.2153,27.47,1.8167,0.3,0.4032,2.5833,25.74,3.47,13.4,4.86,5.225
2020-04-02 20:00:00,20,17,17,0.0,3.0,10.0,3.0,1.0,1.0,9,9,3,1,4,1,10.333,204.5,174.0,269.0,4.483,4.0,9.64,roster,0,49.0,42.5,0.3403,39.59,3.916,0.425,0.9336,2.8824,36.46,3.47,13.4,6.25,6.725
2020-04-02 21:00:00,21,16,16,0.0,4.0,9.0,3.0,0.0,1.0,5,5,4,3,7,3,11.333,91.0,70.0,197.0,5.483,4.0,9.64,roster,0,49.0,40.0,0.3712,65.18,2.8134,0.4,0.5187,3.0625,34.32,6.08,40.2,4.58,4.925
2020-04-02 22:00:00,22,13,13,0.0,4.0,8.0,1.0,0.0,1.0,3,3,4,3,7,3,12.333,138.0,126.0,257.0,6.483,3.0,6.38,roster,0,42.0,32.5,0.4242,60.14,2.5692,0.325,0.4702,3.2308,27.88,6.08,40.2,5.98,6.425
2020-04-02 23:00:00,23,11,11,0.0,4.0,5.0,2.0,0.0,1.0,2,2,4,3,7,3,7.483,198.0,186.0,317.0,7.483,3.0,6.38,roster,0,35.0,27.5,0.3535,57.24,1.8724,0.275,0.3135,3.1818,23.6,6.08,40.2,7.37,7.925
2020-04-03 00:00:00,0,10,10,0.0,1.0,6.0,3.0,0.0,1.0,3,3,4,0,4,0,8.483,335.5,294.0,509.0,8.483,3.0,6.38,roster,0,28.0,25.0,0.2593,16.76,2.0166,0.25,0.4702,2.8,21.45,3.47,0.0,11.83,12.725
2020-04-03 01:00:00,1,12,12,0.0,2.0,7.0,3.0,0.0,1.0,7,7,3,0,3,0,7.283,354.0,279.0,437.0,7.283,3.0,6.38,roster,0,35.0,30.0,0.3153,18.51,4.0751,0.3,1.0972,2.9167,25.74,2.6,0.0,10.16,10.925
2020-04-03 02:00:00,2,10,10,0.0,3.0,5.0,2.0,0.0,1.0,3,3,3,0,3,0,8.283,414.0,339.0,497.0,8.283,3.0,6.38,roster,0,31.0,25.0,0.2793,15.61,2.2327,0.25,0.4702,3.1,21.45,2.6,0.0,11.56,12.425
2020-04-03 03:00:00,3,8,8,0.0,3.0,3.0,2.0,0.0,1.0,3,1,2,0,2,0,7.9,436.5,399.0,474.0,7.9,3.0,6.38,roster,0,25.0,20.0,0.2193,9.92,1.1148,0.2,0.1567,3.125,17.16,1.74,0.0,11.02,11.85
2020-04-03 04:00:00,4,7,7,0.0,3.0,3.0,1.0,0.0,1.0,0,0,2,1,3,1,8.9,459.0,93.0,534.0,8.9,3.0,6.38,roster,0,23.0,17.5,0.2072,23.44,0.575,0.175,0.0,3.2857,15.01,2.6,13.4,12.42,13.35
2020-04-03 05:00:00,5,7,7,0.0,2.0,4.0,1.0,0.0,1.0,1,1,2,0,2,0,9.9,556.5,519.0,594.0,9.9,3.0,6.38,roster,0,22.0,17.5,0.193,10.56,1.0426,0.175,0.1567,3.1429,15.01,1.74,0.0,13.81,14.85
2020-04-03 06:00:00,6,7,7,0.0,2.0,2.0,3.0,0.0,1.0,2,2,2,0,2,0,10.9,616.5,579.0,654.0,10.9,3.0,6.38,roster,0,20.0,17.5,0.1754,11.96,1.3957,0.175,0.3135,2.8571,15.01,1.74,0.0,15.21,16.35
2020-04-03 07:00:00,7,7,7,0.0,2.0,3.0,2.0,0.0,1.0,2,1,2,0,2,0,11.9,676.5,639.0,714.0,11.9,3.0,6.38,roster,0,21.0,17.5,0.1842,13.35,0.9952,0.175,0.1567,3.0,15.01,1.74,0.0,16.6,17.85
2020-04-03 08:00:00,8,8,8,0.0,3.0,4.0,1.0,0.0,1.0,3,2,2,0,2,0,12.9,736.5,699.0,774.0,12.9,3.0,7.16,roster,0,26.0,20.0,0.2281,16.89,1.5578,0.2,0.2793,3.25,17.16,1.74,0.0,18.0,19.35
2020-04-03 09:00:00,9,9,9,0.0,4.0,4.0,1.0,0.0,1.0,5,5,0,0,0,0,8.067,0.0,,,,3.0,7.16,roster,0,30.0,22.5,0.25,-0.7,3.0777,0.225,0.6983,3.3333,19.3,0.0,0.0,0.0,0.0
2020-04-03 10:00:00,10,12,12,0.0,5.0,7.0,0.0,0.0,1.0,6,4,0,2,2,2,9.067,85.0,65.0,105.0,1.75,4.0,11.88,roster,0,41.0,30.0,0.2697,36.72,2.1754,0.3,0.3367,3.4167,25.74,1.74,26.8,2.44,2.625
2020-04-03 11:00:00,11,11,11,0.0,4.0,7.0,0.0,0.0,1.0,8,7,0,1,1,1,10.067,125.0,125.0,125.0,2.083,4.0,11.88,roster,0,37.0,27.5,0.2372,20.77,2.9069,0.275,0.5892,3.3636,23.6,0.87,13.4,2.91,3.125
2020-04-03 12:00:00,12,13,13,1.0,3.0,8.0,1.0,0.0,1.0,5,5,0,1,1,1,11.067,185.0,185.0,185.0,3.083,4.0,11.88,roster,0,43.0,32.5,0.2756,26.45,2.4671,0.325,0.4209,3.3077,27.88,0.87,13.4,4.3,4.625
2020-04-03 13:00:00,13,20,20,1.0,4.0,13.0,2.0,0.0,1.0,12,13,1,2,3,2,2.567,103.0,60.0,106.0,1.767,4.0,11.88,roster,0,64.0,50.0,0.4324,54.77,5.1017,0.5,1.0943,3.2,42.9,2.6,26.8,2.46,2.65
2020-04-03 14:00:00,14,22,22,1.0,3.0,15.0,3.0,0.0,1.0,7,5,4,2,6,2,3.55,117.5,91.0,163.0,2.767,4.0,11.88,roster,0,68.0,55.0,0.5,62.99,3.0009,0.55,0.4209,3.0909,47.19,5.21,26.8,3.79,4.075
2020-04-03 15:00:00,15,21,21,1.0,2.0,16.0,2.0,0.0,1.0,7,5,4,2,6,2,4.55,165.5,140.0,223.0,3.767,4.0,11.88,roster,0,65.0,52.5,0.4779,62.24,2.9277,0.525,0.4209,3.0952,45.04,5.21,26.8,5.18,5.575
2020-04-03 16:00:00,16,21,21,1.0,3.0,14.0,3.0,0.0,1.0,6,6,3,2,5,2,4.8,240.0,211.0,283.0,4.767,4.0,11.88,roster,0,65.0,52.5,0.4643,62.77,3.1883,0.525,0.5051,3.0952,45.04,4.34,26.8,6.58,7.075
2020-04-03 17:00:00,17,17,17,0.0,3.0,13.0,1.0,0.0,1.0,3,3,3,0,3,0,5.8,224.0,114.0,271.0,4.517,4.0,11.88,roster,0,53.0,42.5,0.3581,25.37,2.1123,0.425,0.2525,3.1176,36.46,2.6,0.0,6.3,6.775
2020-04-03 18:00:00,18,12,12,0.0,3.0,8.0,1.0,0.0,1.0,4,4,3,0,3,0,5.133,174.0,97.0,284.0,4.733,4.0,11.88,roster,0,38.0,30.0,0.2568,14.95,2.0162,0.3,0.3367,3.1667,25.74,2.6,0.0,6.6,7.1
2020-04-03 19:00:00,19,11,11,0.0,3.0,7.0,1.0,0.0,1.0,5,5,2,1,3,1,6.133,157.0,87.0,234.0,3.9,4.0,11.88,roster,0,35.0,27.5,0.2365,25.04,2.2141,0.275,0.4209,3.1818,23.6,2.6,13.4,5.44,5.85
2020-04-03 20:00:00,20,12,12,0.0,1.0,10.0,1.0,0.0,1.0,4,4,3,0,3,0,7.133,104.0,73.0,217.0,3.617,4.0,11.4,roster,0,36.0,30.0,0.2432,13.39,1.9526,0.3,0.3509,3.0,25.74,2.6,0.0,5.05,5.425
2020-04-03 21:00:00,21,11,11,0.0,0.0,10.0,1.0,0.0,1.0,6,5,2,0,2,0,8.133,104.0,75.0,133.0,2.217,4.0,11.4,roster,0,32.0,27.5,0.2105,8.42,2.0759,0.275,0.4386,2.9091,23.6,1.74,0.0,3.09,3.325
2020-04-03 22:00:00,22,9,9,0.0,1.0,7.0,1.0,0.0,1.0,5,5,0,0,0,0,7.783,0.0,,,,3.0,6.68,roster,0,27.0,22.5,0.225,-0.7,2.9205,0.225,0.7485,3.0,19.3,0.0,0.0,0.0,0.0
2020-04-03 23:00:00,23,17,17,1.0,3.0,12.0,1.0,0.0,1.0,10,10,1,0,1,0,8.783,71.0,71.0,71.0,1.183,3.0,6.68,roster,0,55.0,42.5,0.4701,18.98,6.2183,0.425,1.497,3.2353,36.46,0.87,0.0,1.65,1.775
2020-04-04 00:00:00,0,15,15,2.0,2.0,10.0,1.0,0.0,1.0,3,3,2,2,4,2,9.783,106.5,97.0,131.0,2.183,3.0,6.68,roster,0,50.0,37.5,0.463,45.49,2.747,0.375,0.4491,3.3333,32.17,3.47,26.8,3.05,3.275
2020-04-04 01:00:00,1,14,14,2.0,2.0,9.0,1.0,0.0,1.0,2,2,2,2,4,2,10.783,166.5,157.0,191.0,3.183,3.0,6.68,roster,0,47.0,35.0,0.4352,44.74,2.1801,0.35,0.2994,3.3571,30.03,3.47,26.8,4.44,4.775
2020-04-04 02:00:00,2,9,9,2.0,1.0,5.0,1.0,0.0,1.0,2,1,2,1,3,1,10.167,236.0,217.0,251.0,4.183,3.0,6.68,roster,0,31.0,22.5,0.2793,21.15,1.2906,0.225,0.1497,3.4444,19.3,2.6,13.4,5.84,6.275
2020-04-04 03:00:00,3,10,10,1.0,1.0,7.0,1.0,0.0,1.0,2,2,2,0,2,0,11.167,294.0,277.0,311.0,5.183,3.0,6.68,roster,0,32.0,25.0,0.2807,10.42,1.7581,0.25,0.2994,3.2,21.45,1.74,0.0,7.23,7.775
2020-04-04 04:00:00,4,10,10,1.0,0.0,8.0,1.0,0.0,1.0,1,1,3,0,3,0,12.167,337.0,64.0,371.0,6.183,3.0,6.68,roster,0,31.0,25.0,0.2793,12.68,1.2391,0.25,0.1497,3.1,21.45,2.6,0.0,8.63,9.275
2020-04-04 05:00:00,5,10,10,1.0,0.0,8.0,1.0,0.0,1.0,2,2,3,0,3,0,13.167,397.0,124.0,431.0,7.183,3.0,6.68,roster,0,31.0,25.0,0.2793,14.08,1.7031,0.25,0.2994,3.1,21.45,2.6,0.0,10.02,10.775
2020-04-04 06:00:00,6,9,9,1.0,0.0,7.0,1.0,0.0,1.0,0,0,3,0,3,0,14.167,457.0,184.0,491.0,8.183,3.0,6.68,roster,0,28.0,22.5,0.2523,13.33,0.7,0.225,0.0,3.1111,19.3,2.6,0.0,11.42,12.275
2020-04-04 07:00:00,7,10,10,1.0,0.0,8.0,1.0,0.0,1.0,1,1,3,0,3,0,15.167,517.0,244.0,551.0,9.183,3.0,6.68,roster,0,31.0,25.0,0.2793,16.87,1.2391,0.25,0.1497,3.1,21.45,2.6,0.0,12.81,13.775
2020-04-04 08:00:00,8,10,10,0.0,1.0,8.0,1.0,0.0,1.0,4,4,3,0,3,0,16.167,577.0,304.0,611.0,10.183,3.0,6.71,roster,0,30.0,25.0,0.2703,18.26,2.5384,0.25,0.5961,3.0,21.45,2.6,0.0,14.21,15.275
2020-04-04 09:00:00,9,10,10,0.0,2.0,7.0,1.0,0.0,1.0,5,4,1,0,1,0,17.167,637.0,637.0,637.0,10.617,3.0,6.71,roster,0,31.0,25.0,0.265,17.13,2.623,0.25,0.5961,3.1,21.45,0.87,0.0,14.81,15.925
2020-04-04 10:00:00,10,13,13,0.0,5.0,7.0,1.0,0.0,1.0,9,8,1,0,1,0,18.167,102.0,102.0,102.0,1.7,4.0,11.43,roster,0,43.0,32.5,0.2756,11.12,3.3901,0.325,0.6999,3.3077,27.88,0.87,0.0,2.37,2.55
2020-04-04 11:00:00,11,16,16,0.0,7.0,6.0,3.0,0.0,1.0,9,9,2,0,2,0,19.167,96.5,94.0,99.0,1.65,4.0,11.43,roster,0,52.0,40.0,0.3421,18.36,3.8591,0.4,0.7874,3.25,34.32,1.74,0.0,2.3,2.475
2020-04-04 12:00:00,12,17,17,1.0,6.0,8.0,2.0,0.0,1.0,7,5,4,1,5,1,20.167,116.0,101.0,154.0,2.65,4.0,11.43,roster,0,57.0,42.5,0.4071,37.79,2.8917,0.425,0.4374,3.3529,36.46,4.34,13.4,3.58,3.85
2020-04-04 13:00:00,13,20,20,1.0,7.0,11.0,1.0,0.0,1.0,8,8,6,1,7,1,3.65,161.0,98.0,214.0,3.65,4.0,11.43,roster,0,68.0,50.0,0.5152,47.35,4.0797,0.5,0.6999,3.4,42.9,6.08,13.4,4.98,5.35
2020-04-04 14:00:00,14,16,16,0.0,6.0,8.0,2.0,0.0,1.0,7,5,5,1,6,1,4.567,121.0,110.0,221.0,4.567,4.0,11.43,roster,0,52.0,40.0,0.3824,38.07,2.7217,0.4,0.4374,3.25,34.32,5.21,13.4,5.14,5.525
2020-04-04 15:00:00,15,15,15,0.0,4.0,10.0,1.0,0.0,1.0,5,4,6,0,6,0,5.567,118.5,104.0,179.0,5.567,4.0,11.43,roster,0,48.0,37.5,0.3529,21.55,2.3199,0.375,0.35,3.2,32.17,5.21,0.0,4.16,4.475
2020-04-04 16:00:00,16,14,14,0.0,4.0,9.0,1.0,0.0,1.0,2,3,5,0,5,0,6.567,170.0,164.0,187.0,6.567,4.0,11.43,roster,0,45.0,35.0,0.3214,18.72,1.9686,0.35,0.2625,3.2143,30.03,4.34,0.0,4.35,4.675
2020-04-04 17:00:00,17,13,13,0.0,3.0,10.0,0.0,0.0,1.0,9,5,3,0,3,0,6.883,230.0,183.0,247.0,4.117,4.0,11.43,roster,0,42.0,32.5,0.2838,16.23,2.4633,0.325,0.4374,3.2308,27.88,2.6,0.0,5.74,6.175
2020-04-04 18:00:00,18,14,14,0.0,2.0,12.0,0.0,0.0,1.0,5,5,5,0,5,0,7.883,96.0,87.0,243.0,5.117,4.0,11.43,roster,0,44.0,35.0,0.3143,20.02,2.4748,0.35,0.4374,3.1429,30.03,4.34,0.0,5.65,6.075
2020-04-04 19:00:00,19,10,10,0.0,0.0,10.0,0.0,0.0,1.0,5,5,3,0,3,0,8.883,126.0,107.0,367.0,6.117,4.0,11.43,roster,0,30.0,25.0,0.2027,12.59,2.0623,0.25,0.4374,3.0,21.45,2.6,0.0,8.53,9.175
2020-04-04 20:00:00,20,12,12,0.0,0.0,12.0,0.0,0.0,1.0,6,5,3,1,4,1,9.883,124.5,82.0,186.0,3.1,4.0,12.48,roster,0,36.0,30.0,0.25,26.94,2.1019,0.3,0.4006,3.0,25.74,3.47,13.4,4.32,4.65
2020-04-04 21:00:00,21,13,13,0.0,1.0,12.0,0.0,0.0,1.0,5,5,3,0,3,0,10.883,142.0,116.0,227.0,3.783,4.0,12.48,roster,0,40.0,32.5,0.2703,15.77,2.2327,0.325,0.4006,3.0769,27.88,2.6,0.0,5.28,5.675
2020-04-04 22:00:00,22,13,13,0.0,2.0,11.0,0.0,0.0,1.0,6,6,2,0,2,0,11.883,119.0,62.0,176.0,2.933,3.0,7.76,roster,0,41.0,32.5,0.3596,13.71,3.4635,0.325,0.7732,3.1538,27.88,1.74,0.0,4.09,4.4
2020-04-04 23:00:00,23,10,10,0.0,2.0,8.0,0.0,0.0,1.0,3,3,2,0,2,0,12.883,107.0,92.0,122.0,2.033,3.0,7.76,roster,0,32.0,25.0,0.2807,6.02,2.0371,0.25,0.3866,3.2,21.45,1.74,0.0,2.84,3.05
2020-04-05 00:00:00,0,9,9,0.0,2.0,7.0,0.0,0.0,1.0,3,3,4,0,4,0,13.883,129.5,107.0,182.0,3.033,3.0,7.76,roster,0,29.0,22.5,0.2685,7.01,1.9707,0.225,0.3866,3.2222,19.3,3.47,0.0,4.23,4.55
2020-04-05 01:00:00,1,6,6,0.0,2.0,4.0,0.0,0.0,1.0,0,0,4,0,4,0,14.883,189.5,167.0,242.0,4.033,3.0,7.76,roster,0,20.0,15.0,0.1852,1.97,0.5,0.15,0.0,3.3333,12.87,3.47,0.0,5.63,6.05
2020-04-05 02:00:00,2,5,5,0.0,2.0,3.0,0.0,0.0,1.0,1,0,4,0,4,0,15.883,249.5,227.0,302.0,5.033,3.0,7.76,roster,0,17.0,12.5,0.1574,1.22,0.425,0.125,0.0,3.4,10.72,3.47,0.0,7.02,7.55
2020-04-05 03:00:00,3,10,10,0.0,2.0,6.0,2.0,0.0,1.0,5,5,4,0,4,0,16.883,309.5,287.0,362.0,6.033,3.0,7.76,roster,0,30.0,25.0,0.2778,13.34,2.683,0.25,0.6443,3.0,21.45,3.47,0.0,8.42,9.05
2020-04-05 04:00:00,4,7,7,0.0,2.0,5.0,0.0,0.0,1.0,1,1,5,0,5,0,17.883,347.0,313.0,392.0,7.033,3.0,7.76,roster,0,23.0,17.5,0.219,8.47,0.9984,0.175,0.1289,3.2857,15.01,4.34,0.0,9.11,9.8
2020-04-05 05:00:00,5,11,11,0.0,2.0,9.0,0.0,0.0,1.0,4,4,5,0,5,0,18.883,407.0,373.0,452.0,8.033,3.0,7.76,roster,0,35.0,27.5,0.3333,18.45,2.5151,0.275,0.5155,3.1818,23.6,4.34,0.0,10.51,11.3
2020-04-05 06:00:00,6,12,12,1.0,3.0,8.0,0.0,0.0,1.0,2,2,6,0,6,0,19.883,450.0,198.0,512.0,9.033,3.0,7.76,roster,0,41.0,30.0,0.402,22.85,1.9056,0.3,0.2577,3.4167,25.74,5.21,0.0,11.9,12.8
2020-04-05 07:00:00,7,13,13,1.0,3.0,9.0,0.0,0.0,1.0,2,2,6,0,6,0,20.883,510.0,258.0,572.0,10.033,3.0,7.76,roster,0,44.0,32.5,0.4314,26.39,1.9723,0.325,0.2577,3.3846,27.88,5.21,0.0,13.3,14.3
2020-04-05 08:00:00,8,12,12,0.0,3.0,9.0,0.0,0.0,1.0,3,2,7,0,7,0,21.883,553.0,208.0,632.0,11.033,3.0,6.63,roster,0,39.0,30.0,0.3939,26.51,1.9554,0.3,0.3017,3.25,25.74,6.08,0.0,14.69,15.8
2020-04-05 09:00:00,9,12,12,0.0,2.0,10.0,0.0,0.0,1.0,4,4,4,0,4,0,22.883,457.5,268.0,692.0,11.533,3.0,6.63,roster,0,38.0,30.0,0.3519,25.3,2.8605,0.3,0.6033,3.1667,25.74,3.47,0.0,16.09,17.3
2020-04-05 10:00:00,10,14,14,1.0,2.0,9.0,2.0,0.0,1.0,5,5,5,0,5,0,23.883,328.0,214.0,707.0,12.533,4.0,11.35,roster,0,44.0,35.0,0.3143,30.81,2.4845,0.35,0.4405,3.1429,30.03,4.34,0.0,16.44,17.675
2020-04-05 11:00:00,11,21,21,1.0,3.0,12.0,5.0,0.0,1.0,9,9,6,0,6,0,24.883,202.0,105.0,388.0,12.783,4.0,11.35,roster,0,63.0,52.5,0.4632,39.28,3.9539,0.525,0.793,3.0,45.04,5.21,0.0,9.02,9.7
2020-04-05 12:00:00,12,18,18,0.0,3.0,13.0,2.0,0.0,1.0,7,5,6,1,7,1,25.883,190.0,80.0,448.0,13.783,4.0,11.35,roster,0,55.0,45.0,0.4167,48.5,2.7211,0.45,0.4405,3.0556,38.61,6.08,13.4,10.42,11.2
2020-04-05 13:00:00,13,19,19,0.0,3.0,13.0,3.0,0.0,1.0,5,3,6,1,7,1,26.883,143.0,128.0,508.0,14.783,4.0,11.35,roster,0,57.0,47.5,0.4318,52.04,2.218,0.475,0.2643,3.0,40.75,6.08,13.4,11.81,12.7
2020-04-05 14:00:00,14,18,18,0.0,3.0,9.0,6.0,0.0,1.0,9,8,3,0,3,0,27.883,568.0,125.0,947.0,15.783,4.0,11.35,roster,0,51.0,45.0,0.3446,43.23,3.2721,0.45,0.7048,2.8333,38.61,2.6,0.0,22.02,23.675
2020-04-05 15:00:00,15,20,20,0.0,4.0,10.0,6.0,0.0,1.0,7,7,5,0,5,0,28.883,106.0,90.0,115.0,3.083,4.0,11.35,roster,0,58.0,50.0,0.4143,29.92,3.2385,0.5,0.6167,2.9,42.9,4.34,0.0,2.67,2.875
2020-04-05 16:00:00,16,16,16,0.0,4.0,7.0,5.0,0.0,1.0,6,5,5,0,5,0,10.667,136.0,115.0,166.0,4.083,4.0,11.35,roster,0,47.0,40.0,0.3357,22.52,2.4691,0.4,0.4405,2.9375,34.32,4.34,0.0,3.86,4.15
2020-04-05 17:00:00,17,14,14,0.0,4.0,5.0,4.0,1.0,1.0,5,3,3,0,3,0,11.667,196.0,175.0,305.0,5.083,4.0,11.35,roster,0,40.0,35.0,0.2703,19.73,1.7552,0.35,0.2643,2.8571,30.03,2.6,0.0,7.09,7.625
2020-04-05 18:00:00,18,13,13,0.0,4.0,6.0,2.0,1.0,1.0,7,6,1,0,1,0,12.667,235.0,235.0,235.0,3.917,4.0,11.35,roster,0,39.0,32.5,0.25,14.22,2.5609,0.325,0.5286,3.0,27.88,0.87,0.0,5.46,5.875
2020-04-05 19:00:00,19,9,9,0.0,2.0,5.0,1.0,1.0,1.0,4,3,0,1,1,1,3.433,80.0,80.0,80.0,1.333,4.0,11.35,roster,0,26.0,22.5,0.1667,15.43,1.4136,0.225,0.2643,2.8889,19.3,0.87,13.4,1.86,2.0
2020-04-05 20:00:00,20,12,12,1.0,3.0,7.0,0.0,1.0,1.0,8,7,0,1,1,1,2.333,140.0,140.0,140.0,2.333,4.0,11.32,roster,0,39.0,30.0,0.25,23.26,2.9847,0.3,0.6184,3.25,25.74,0.87,13.4,3.26,3.5
2020-04-05 21:00:00,21,14,14,1.0,4.0,8.0,1.0,0.0,1.0,9,8,1,0,1,0,3.25,98.0,98.0,98.0,1.633,4.0,11.32,roster,0,47.0,35.0,0.3013,13.18,3.5475,0.35,0.7067,3.3571,30.03,0.87,0.0,2.28,2.45
2020-04-05 22:00:00,22,16,16,1.0,4.0,10.0,1.0,0.0,1.0,5,5,1,0,1,0,4.25,158.0,158.0,158.0,2.633,3.0,6.6,roster,0,53.0,40.0,0.453,18.86,3.8345,0.4,0.7576,3.3125,34.32,0.87,0.0,3.67,3.95
2020-04-05 23:00:00,23,14,14,2.0,4.0,7.0,1.0,0.0,1.0,7,4,1,0,1,0,5.25,218.0,218.0,218.0,3.633,3.0,6.6,roster,0,49.0,35.0,0.4188,15.97,3.3462,0.35,0.6061,3.5,30.03,0.87,0.0,5.07,5.45
2020-04-06 00:00:00,0,11,11,2.0,4.0,4.0,1.0,0.0,1.0,2,2,2,1,3,1,4.633,114.0,63.0,278.0,4.633,3.0,6.6,roster,0,40.0,27.5,0.3604,26.06,2.1019,0.275,0.303,3.6364,23.6,2.6,13.4,6.46,6.95
2020-04-06 01:00:00,1,10,10,2.0,3.0,4.0,1.0,0.0,1.0,2,2,3,1,4,1,5.633,148.5,123.0,338.0,5.633,3.0,6.6,roster,0,36.0,25.0,0.3333,26.18,1.9909,0.25,0.303,3.6,21.45,3.47,13.4,7.86,8.45
2020-04-06 02:00:00,2,12,12,2.0,3.0,6.0,1.0,0.0,1.0,2,2,4,1,5,1,6.633,183.0,138.0,234.0,6.633,3.0,6.6,roster,0,42.0,30.0,0.4,28.92,2.1106,0.3,0.303,3.5,25.74,4.34,13.4,5.44,5.85
2020-04-06 03:00:00,3,12,12,2.0,3.0,5.0,1.0,1.0,1.0,2,2,4,1,5,1,7.633,243.0,198.0,294.0,7.633,3.0,6.6,roster,0,40.0,30.0,0.381,30.32,2.0101,0.3,0.303,3.3333,25.74,4.34,13.4,6.84,7.35
2020-04-06 04:00:00,4,13,13,2.0,3.0,6.0,1.0,1.0,1.0,2,2,4,1,5,1,8.633,303.0,258.0,354.0,8.633,3.0,6.6,roster,0,43.0,32.5,0.4095,33.86,2.0773,0.325,0.303,3.3077,27.88,4.34,13.4,8.23,8.85
2020-04-06 05:00:00,5,14,14,2.0,2.0,8.0,2.0,0.0,1.0,4,4,4,1,5,1,9.633,363.0,318.0,414.0,9.633,3.0,6.6,roster,0,46.0,35.0,0.4381,37.4,3.1413,0.35,0.6061,3.2857,30.03,4.34,13.4,9.63,10.35
2020-04-06 06:00:00,6,12,12,2.0,2.0,7.0,1.0,0.0,1.0,0,0,4,1,5,1,10.633,423.0,378.0,474.0,10.633,3.0,6.6,roster,0,41.0,30.0,0.3905,34.5,1.025,0.3,0.0,3.4167,25.74,4.34,13.4,11.02,11.85
2020-04-06 07:00:00,7,13,13,2.0,3.0,7.0,1.0,0.0,1.0,1,1,4,1,5,1,11.633,483.0,438.0,534.0,11.633,3.0,6.6,roster,0,45.0,32.5,0.4286,38.04,1.6495,0.325,0.1515,3.4615,27.88,4.34,13.4,12.42,13.35
2020-04-06 08:00:00,8,13,13,2.0,3.0,7.0,1.0,0.0,1.0,1,1,5,1,6,1,12.633,520.5,444.0,594.0,12.633,3.0,6.66,roster,0,45.0,32.5,0.4412,40.31,1.6448,0.325,0.1502,3.4615,27.88,5.21,13.4,13.81,14.85
2020-04-06 09:00:00,9,13,13,2.0,2.0,8.0,1.0,0.0,1.0,6,6,0,1,1,1,13.433,603.0,603.0,603.0,10.05,3.0,6.66,roster,0,44.0,32.5,0.3761,36.17,4.1492,0.325,0.9009,3.3846,27.88,0.87,13.4,14.02,15.075
2020-04-06 10:00:00,10,14,14,2.0,2.0,9.0,1.0,0.0,1.0,5,4,3,3,6,3,14.433,107.0,96.0,113.0,11.05,4.0,9.91,roster,0,47.0,35.0,0.3456,58.07,2.5301,0.35,0.4036,3.3571,30.03,5.21,40.2,2.63,2.825
2020-04-06 11:00:00,11,17,17,2.0,1.0,13.0,1.0,0.0,1.0,10,8,3,2,5,2,12.05,156.0,139.0,173.0,12.05,4.0,9.91,roster,0,55.0,42.5,0.3929,51.63,3.9867,0.425,0.8073,3.2353,36.46,4.34,26.8,4.02,4.325
2020-04-06 12:00:00,12,17,17,2.0,1.0,10.0,4.0,0.0,1.0,9,9,2,3,5,3,13.05,158.0,114.0,216.0,13.05,4.0,9.91,roster,0,52.0,42.5,0.3714,66.03,4.0779,0.425,0.9082,3.0588,36.46,4.34,40.2,5.02,5.4
2020-04-06 13:00:00,13,13,13,2.0,1.0,8.0,2.0,0.0,1.0,1,1,3,3,6,3,14.05,173.0,69.0,276.0,14.05,4.0,9.91,roster,0,42.0,32.5,0.3088,59.71,1.376,0.325,0.1009,3.2308,27.88,5.21,40.2,6.42,6.9
2020-04-06 14:00:00,14,23,23,2.0,2.0,17.0,2.0,0.0,1.0,12,13,3,3,6,3,15.05,158.5,121.0,336.0,15.05,4.0,9.91,roster,0,73.0,57.5,0.5368,82.56,5.9886,0.575,1.3118,3.1739,49.33,5.21,40.2,7.81,8.4
2020-04-06 15:00:00,15,23,23,1.0,2.0,18.0,2.0,0.0,1.0,8,8,5,1,6,1,16.05,115.5,102.0,181.0,16.05,4.0,9.91,roster,0,71.0,57.5,0.5221,52.15,4.267,0.575,0.8073,3.087,49.33,5.21,13.4,4.21,4.525
2020-04-06 16:00:00,16,20,20,1.0,1.0,15.0,3.0,0.0,1.0,5,5,4,2,6,2,17.05,164.5,95.0,180.0,17.05,4.0,9.91,roster,0,60.0,50.0,0.4412,59.09,3.0136,0.5,0.5045,3.0,42.9,5.21,26.8,4.19,4.5
2020-04-06 17:00:00,17,24,24,2.0,1.0,14.0,7.0,0.0,1.0,11,10,3,2,5,2,18.05,218.0,155.0,231.0,18.05,4.0,9.91,roster,0,70.0,60.0,0.5,67.99,4.6932,0.6,1.0091,2.9167,51.48,4.34,26.8,5.37,5.775
2020-04-06 18:00:00,18,23,23,2.0,2.0,17.0,2.0,0.0,1.0,7,8,5,2,7,2,19.05,215.0,98.0,291.0,19.05,4.0,9.91,roster,0,73.0,57.5,0.553,68.98,4.3872,0.575,0.8073,3.1739,49.33,6.08,26.8,6.77,7.275
2020-04-06 19:00:00,19,20,20,0.0,3.0,12.0,5.0,0.0,1.0,6,6,6,1,7,1,5.967,158.0,80.0,275.0,5.633,4.0,9.91,roster,0,58.0,50.0,0.4394,48.77,3.2058,0.5,0.6054,2.9,42.9,6.08,13.4,6.39,6.875
2020-04-06 20:00:00,20,11,11,0.0,2.0,6.0,3.0,0.0,1.0,0,0,5,0,5,0,5.583,111.0,102.0,140.0,5.583,4.0,10.71,roster,0,32.0,27.5,0.2286,11.19,0.8,0.275,0.0,2.9091,23.6,4.34,0.0,3.26,3.5
2020-04-06 21:00:00,21,14,14,0.0,2.0,10.0,2.0,0.0,1.0,10,7,3,0,3,0,6.583,171.0,160.0,395.0,6.583,4.0,10.71,roster,0,42.0,35.0,0.2838,21.82,3.0108,0.35,0.6536,3.0,30.03,2.6,0.0,9.18,9.875
2020-04-06 22:00:00,22,13,13,0.0,3.0,9.0,1.0,0.0,1.0,7,5,3,0,3,0,7.583,92.0,89.0,455.0,7.583,3.0,7.46,roster,0,41.0,32.5,0.3694,21.07,3.1388,0.325,0.6702,3.1538,27.88,2.6,0.0,10.58,11.375
2020-04-06 23:00:00,23,13,13,0.0,4.0,9.0,0.0,0.0,1.0,5,5,4,0,4,0,8.583,150.5,149.0,515.0,8.583,3.0,7.46,roster,0,43.0,32.5,0.3981,23.33,3.292,0.325,0.6702,3.3077,27.88,3.47,0.0,11.97,12.875
2020-04-07 00:00:00,0,10,10,1.0,1.0,8.0,0.0,0.0,1.0,6,5,4,0,4,0,9.583,210.5,209.0,575.0,9.583,3.0,7.46,roster,0,33.0,25.0,0.3056,18.29,3.0368,0.25,0.6702,3.3,21.45,3.47,0.0,13.37,14.375
2020-04-07 01:00:00,1,8,8,0.0,2.0,6.0,0.0,0.0,1.0,2,2,4,0,4,0,10.583,270.5,269.0,635.0,10.583,3.0,7.46,roster,0,26.0,20.0,0.2407,15.4,1.5213,0.2,0.2681,3.25,17.16,3.47,0.0,14.76,15.875
2020-04-07 02:00:00,2,8,8,1.0,2.0,5.0,0.0,0.0,1.0,2,2,4,0,4,0,11.583,330.5,329.0,695.0,11.583,3.0,7.46,roster,0,28.0,20.0,0.2593,16.79,1.6383,0.2,0.2681,3.5,17.16,3.47,0.0,16.16,17.375
2020-04-07 03:00:00,3,8,8,1.0,2.0,5.0,0.0,0.0,1.0,2,1,6,0,6,0,12.583,339.0,116.0,392.0,12.583,3.0,7.46,roster,0,28.0,20.0,0.2745,11.48,1.1692,0.2,0.134,3.5,17.16,5.21,0.0,9.11,9.8
2020-04-07 04:00:00,4,10,10,1.0,3.0,6.0,0.0,0.0,1.0,2,2,6,0,6,0,13.583,399.0,176.0,452.0,13.583,3.0,7.46,roster,0,35.0,25.0,0.3431,17.17,1.8133,0.25,0.2681,3.5,21.45,5.21,0.0,10.51,11.3
2020-04-07 05:00:00,5,9,9,1.0,2.0,6.0,0.0,0.0,1.0,0,0,7,0,7,0,14.583,409.0,180.0,512.0,14.583,3.0,7.46,roster,0,31.0,22.5,0.3131,17.29,0.775,0.225,0.0,3.4444,19.3,6.08,0.0,11.9,12.8
2020-04-07 06:00:00,6,10,10,1.0,2.0,7.0,0.0,0.0,1.0,1,1,7,0,7,0,15.583,469.0,240.0,572.0,15.583,3.0,7.46,roster,0,34.0,25.0,0.3434,20.83,1.3058,0.25,0.134,3.4,21.45,6.08,0.0,13.3,14.3
2020-04-07 07:00:00,7,12,12,1.0,3.0,8.0,0.0,0.0,1.0,2,2,7,0,7,0,16.583,529.0,300.0,632.0,16.583,3.0,7.46,roster,0,41.0,30.0,0.4141,26.51,1.941,0.3,0.2681,3.4167,25.74,6.08,0.0,14.69,15.8
2020-04-07 08:00:00,8,12,12,1.0,3.0,8.0,0.0,0.0,1.0,1,1,8,0,8,0,17.583,502.5,360.0,692.0,17.583,3.0,6.68,roster,0,41.0,30.0,0.4271,28.78,1.5365,0.3,0.1497,3.4167,25.74,6.95,0.0,16.09,17.3
2020-04-07 09:00:00,9,11,11,2.0,3.0,5.0,1.0,0.0,1.0,5,4,4,0,4,0,18.583,399.5,323.0,1115.0,18.583,3.0,6.68,roster,0,39.0,27.5,0.3611,32.99,3.098,0.275,0.5988,3.5455,23.6,3.47,0.0,25.92,27.875
2020-04-07 10:00:00,10,15,15,2.0,3.0,7.0,3.0,0.0,1.0,7,4,5,1,6,1,19.583,299.5,103.0,536.0,19.583,4.0,9.93,roster,0,49.0,37.5,0.3603,43.25,2.5409,0.375,0.4028,3.2667,32.17,5.21,13.4,12.46,13.4
2020-04-07 11:00:00,11,25,25,2.0,3.0,14.0,6.0,0.0,1.0,14,11,5,1,6,1,20.583,359.5,163.0,596.0,20.583,4.0,9.93,roster,0,76.0,62.5,0.5588,66.09,5.2676,0.625,1.1078,3.04,53.62,5.21,13.4,13.86,14.9
2020-04-07 12:00:00,12,18,18,0.0,2.0,12.0,4.0,0.0,1.0,5,5,5,0,5,0,10.933,336.0,72.0,503.0,10.933,4.0,9.93,roster,0,52.0,45.0,0.3714,34.65,2.7546,0.45,0.5035,2.8889,38.61,4.34,0.0,11.69,12.575
2020-04-07 13:00:00,13,21,21,0.0,3.0,15.0,3.0,0.0,1.0,6,6,5,0,5,0,11.933,132.0,126.0,396.0,11.933,4.0,9.93,roster,0,63.0,52.5,0.45,38.59,3.3877,0.525,0.6042,3.0,45.04,4.34,0.0,9.21,9.9
2020-04-07 14:00:00,14,16,16,0.0,4.0,10.0,2.0,0.0,1.0,5,5,4,1,5,1,10.2,119.0,88.0,186.0,7.6,4.0,9.93,roster,0,50.0,40.0,0.3571,36.39,2.8235,0.4,0.5035,3.125,34.32,4.34,13.4,4.32,4.65
2020-04-07 15:00:00,15,13,13,0.0,2.0,9.0,2.0,0.0,1.0,3,3,4,1,5,1,5.65,145.0,88.0,148.0,2.983,4.0,9.93,roster,0,39.0,32.5,0.2786,29.07,1.8813,0.325,0.3021,3.0,27.88,4.34,13.4,3.44,3.7
2020-04-07 16:00:00,16,13,13,0.0,2.0,10.0,1.0,0.0,1.0,7,6,2,0,2,0,6.65,104.5,80.0,129.0,2.15,4.0,9.93,roster,0,40.0,32.5,0.2632,12.62,2.8592,0.325,0.6042,3.0769,27.88,1.74,0.0,3.0,3.225
2020-04-07 17:00:00,17,14,14,0.0,4.0,9.0,1.0,0.0,1.0,5,4,3,0,3,0,7.65,117.0,72.0,140.0,2.333,4.0,9.93,roster,0,45.0,35.0,0.3041,15.89,2.4198,0.35,0.4028,3.2143,30.03,2.6,0.0,3.26,3.5
2020-04-07 18:00:00,18,16,16,0.0,4.0,11.0,1.0,0.0,1.0,7,5,2,0,2,0,8.65,154.5,132.0,177.0,2.95,4.0,9.93,roster,0,51.0,40.0,0.3355,20.17,2.88,0.4,0.5035,3.1875,34.32,1.74,0.0,4.12,4.425
2020-04-07 19:00:00,19,15,15,0.0,5.0,9.0,1.0,0.0,1.0,5,5,3,0,3,0,9.65,192.0,60.0,237.0,3.95,4.0,9.93,roster,0,49.0,37.5,0.3311,20.29,2.8698,0.375,0.5035,3.2667,32.17,2.6,0.0,5.51,5.925
2020-04-07 20:00:00,20,22,22,0.0,6.0,15.0,1.0,0.0,1.0,10,10,4,0,4,0,10.65,100.5,81.0,252.0,4.2,4.0,10.02,roster,0,71.0,55.0,0.4931,36.52,4.9958,0.55,0.998,3.2273,47.19,3.47,0.0,5.86,6.3
2020-04-07 21:00:00,21,23,23,0.0,4.0,19.0,0.0,0.0,1.0,10,8,3,0,3,0,5.55,141.0,78.0,180.0,3.0,4.0,10.02,roster,0,73.0,57.5,0.4932,36.12,4.3591,0.575,0.7984,3.1739,49.33,2.6,0.0,4.19,4.5
2020-04-07 22:00:00,22,17,17,0.0,3.0,14.0,0.0,0.0,1.0,3,2,2,0,2,0,6.55,169.5,138.0,201.0,3.35,3.0,6.77,roster,0,54.0,42.5,0.4737,22.87,2.2884,0.425,0.2954,3.1765,36.46,1.74,0.0,4.67,5.025
2020-04-07 23:00:00,23,10,10,0.0,4.0,6.0,0.0,0.0,1.0,7,3,2,0,2,0,7.55,229.5,198.0,261.0,4.35,3.0,6.77,roster,0,34.0,25.0,0.2982,9.25,2.3566,0.25,0.4431,3.4,21.45,1.74,0.0,6.07,6.525
2020-04-08 00:00:00,0,11,11,0.0,2.0,9.0,0.0,0.0,1.0,5,5,3,0,3,0,5.7,258.0,100.0,321.0,5.35,3.0,6.77,roster,0,35.0,27.5,0.3153,13.66,3.2249,0.275,0.7386,3.1818,23.6,2.6,0.0,7.46,8.025
2020-04-08 01:00:00,1,8,8,0.0,2.0,6.0,0.0,0.0,1.0,2,2,3,0,3,0,6.35,318.0,160.0,381.0,6.35,3.0,6.77,roster,0,26.0,20.0,0.2342,8.62,1.6101,0.2,0.2954,3.25,17.16,2.6,0.0,8.86,9.525
2020-04-08 02:00:00,2,9,9,0.0,1.0,8.0,0.0,0.0,1.0,2,2,3,0,3,0,7.35,378.0,220.0,441.0,7.35,3.0,6.77,roster,0,28.0,22.5,0.2523,12.16,1.6191,0.225,0.2954,3.1111,19.3,2.6,0.0,10.25,11.025
2020-04-08 03:00:00,3,12,12,0.0,3.0,9.0,0.0,0.0,1.0,4,3,4,0,4,0,8.35,359.0,280.0,501.0,8.35,3.0,6.77,roster,0,39.0,30.0,0.3611,20.86,2.4152,0.3,0.4431,3.25,25.74,3.47,0.0,11.65,12.525
2020-04-08 04:00:00,4,12,12,0.0,3.0,9.0,0.0,0.0,1.0,0,0,5,1,6,1,9.35,236.5,107.0,498.0,9.35,3.0,6.77,roster,0,39.0,30.0,0.3824,35.93,0.975,0.3,0.0,3.25,25.74,5.21,13.4,11.58,12.45
2020-04-08 05:00:00,5,14,14,0.0,3.0,11.0,0.0,0.0,1.0,3,3,5,0,5,0,10.35,400.0,193.0,558.0,10.35,3.0,6.77,roster,0,45.0,35.0,0.4286,27.35,2.5494,0.35,0.4431,3.2143,30.03,4.34,0.0,12.97,13.95
2020-04-08 06:00:00,6,12,12,0.0,3.0,9.0,0.0,0.0,1.0,1,1,6,0,6,0,11.35,356.5,185.0,618.0,11.35,3.0,6.77,roster,0,39.0,30.0,0.3824,25.32,1.4551,0.3,0.1477,3.25,25.74,5.21,0.0,14.37,15.45
2020-04-08 07:00:00,7,14,14,0.0,4.0,8.0,1.0,1.0,1.0,5,3,7,0,7,0,12.35,313.0,125.0,678.0,12.35,3.0,6.77,roster,0,43.0,35.0,0.4343,31.87,2.436,0.35,0.4431,3.0714,30.03,6.08,0.0,15.76,16.95
2020-04-08 08:00:00,8,15,15,1.0,4.0,10.0,0.0,0.0,1.0,4,3,7,0,7,0,13.35,373.0,185.0,738.0,13.35,3.0,6.36,roster,0,51.0,37.5,0.5152,35.41,2.8788,0.375,0.4717,3.4,32.17,6.08,0.0,17.16,18.45
2020-04-08 09:00:00,9,16,16,0.0,5.0,11.0,0.0,0.0,1.0,6,6,5,0,5,0,9.733,245.0,187.0,365.0,7.217,3.0,6.36,roster,0,53.0,40.0,0.5048,27.15,4.45,0.4,0.9434,3.3125,34.32,4.34,0.0,8.49,9.125
2020-04-08 10:00:00,10,17,17,0.0,6.0,11.0,0.0,0.0,1.0,5,5,6,0,6,0,10.733,185.0,77.0,305.0,7.083,4.0,10.06,roster,0,57.0,42.5,0.4191,28.77,3.0915,0.425,0.497,3.3529,36.46,5.21,0.0,7.09,7.625
2020-04-08 11:00:00,11,25,25,2.0,6.0,16.0,1.0,0.0,1.0,11,10,7,0,7,0,11.733,183.0,128.0,365.0,8.083,4.0,10.06,roster,0,84.0,62.5,0.6364,48.19,5.44,0.625,0.994,3.36,53.62,6.08,0.0,8.49,9.125
2020-04-08 12:00:00,12,23,23,2.0,5.0,15.0,1.0,0.0,1.0,4,4,9,2,11,2,9.2,159.0,97.0,367.0,9.083,4.0,10.06,roster,0,77.0,57.5,0.6638,74.22,3.2561,0.575,0.3976,3.3478,49.33,9.55,26.8,8.53,9.175
2020-04-08 13:00:00,13,22,22,1.0,4.0,14.0,3.0,0.0,1.0,6,6,9,1,10,1,10.083,197.0,151.0,427.0,10.083,4.0,10.06,roster,0,69.0,55.0,0.575,59.2,3.5956,0.55,0.5964,3.1364,47.19,8.68,13.4,9.93,10.675
2020-04-08 14:00:00,14,17,17,1.0,3.0,12.0,1.0,0.0,1.0,1,1,7,1,8,1,11.083,298.0,235.0,545.0,11.083,4.0,10.06,roster,0,55.0,42.5,0.4297,49.48,1.6966,0.425,0.0994,3.2353,36.46,6.95,13.4,12.67,13.625
2020-04-08 15:00:00,15,17,17,1.0,2.0,13.0,1.0,0.0,1.0,7,6,3,1,4,1,12.083,317.0,295.0,725.0,12.083,4.0,10.06,roster,0,54.0,42.5,0.375,50.19,3.2445,0.425,0.5964,3.1765,36.46,3.47,13.4,16.86,18.125
2020-04-08 16:00:00,16,17,17,1.0,3.0,12.0,1.0,0.0,1.0,7,7,2,1,3,1,7.583,355.0,98.0,399.0,6.65,4.0,10.06,roster,0,55.0,42.5,0.3716,41.75,3.6262,0.425,0.6958,3.2353,36.46,2.6,13.4,9.28,9.975
2020-04-08 17:00:00,17,21,21,1.0,4.0,15.0,1.0,0.0,1.0,9,10,3,1,4,1,8.583,129.5,101.0,415.0,6.917,4.0,10.06,roster,0,68.0,52.5,0.4722,51.57,4.9188,0.525,0.994,3.2381,45.04,3.47,13.4,9.65,10.375
2020-04-08 18:00:00,18,16,16,1.0,4.0,10.0,1.0,0.0,1.0,6,5,2,1,3,1,5.767,120.0,104.0,218.0,3.633,4.0,10.06,roster,0,53.0,40.0,0.3581,35.39,2.9714,0.4,0.497,3.3125,34.32,2.6,13.4,5.07,5.45
2020-04-08 19:00:00,19,14,14,1.0,4.0,8.0,1.0,0.0,1.0,4,4,3,1,4,1,6.067,172.0,164.0,278.0,4.633,4.0,10.06,roster,0,47.0,35.0,0.3264,33.37,2.5098,0.35,0.3976,3.3571,30.03,3.47,13.4,6.46,6.95
2020-04-08 20:00:00,20,13,13,1.0,4.0,7.0,1.0,0.0,1.0,5,3,3,1,4,1,7.067,232.0,224.0,338.0,5.633,4.0,11.88,roster,0,44.0,32.5,0.3056,32.62,1.9547,0.325,0.2525,3.3846,27.88,3.47,13.4,7.86,8.45
2020-04-08 21:00:00,21,18,18,1.0,5.0,11.0,1.0,0.0,1.0,9,7,4,1,5,1,8.067,284.0,214.0,300.0,6.633,4.0,11.88,roster,0,60.0,45.0,0.4286,43.33,3.4641,0.45,0.5892,3.3333,38.61,4.34,13.4,6.98,7.5
2020-04-08 22:00:00,22,13,13,1.0,2.0,9.0,1.0,0.0,1.0,6,5,1,1,2,1,9.067,309.0,274.0,344.0,5.733,3.0,8.18,roster,0,42.0,32.5,0.3684,31.02,3.0248,0.325,0.6112,3.2308,27.88,1.74,13.4,8.0,8.6
2020-04-08 23:00:00,23,12,12,1.0,2.0,9.0,0.0,0.0,1.0,4,3,1,1,2,1,6.733,369.0,334.0,404.0,6.733,3.0,8.18,roster,0,40.0,30.0,0.3509,30.27,2.2225,0.3,0.3667,3.3333,25.74,1.74,13.4,9.39,10.1
2020-04-09 00:00:00,0,10,10,1.0,2.0,7.0,0.0,0.0,1.0,3,3,1,1,2,1,7.733,429.0,394.0,464.0,7.733,3.0,8.18,roster,0,34.0,25.0,0.2982,27.37,2.0969,0.25,0.3667,3.4,21.45,1.74,13.4,10.79,11.6
2020-04-09 01:00:00,1,10,10,2.0,1.0,7.0,0.0,0.0,1.0,3,3,1,1,2,1,8.733,489.0,454.0,524.0,8.733,3.0,8.18,roster,0,35.0,25.0,0.307,28.77,2.1586,0.25,0.3667,3.5,21.45,1.74,13.4,12.18,13.1
2020-04-09 02:00:00,2,11,11,2.0,1.0,8.0,0.0,0.0,1.0,2,3,2,1,3,1,9.733,514.0,115.0,584.0,9.733,3.0,8.18,roster,0,38.0,27.5,0.3423,33.18,2.2169,0.275,0.3667,3.4545,23.6,2.6,13.4,13.58,14.6
2020-04-09 03:00:00,3,13,13,2.0,2.0,7.0,2.0,0.0,1.0,3,3,3,1,4,1,10.733,374.5,175.0,644.0,10.733,3.0,8.18,roster,0,43.0,32.5,0.3981,39.73,2.2881,0.325,0.3667,3.3077,27.88,3.47,13.4,14.97,16.1
2020-04-09 04:00:00,4,10,10,2.0,2.0,6.0,0.0,0.0,1.0,0,0,3,2,5,2,11.733,235.0,156.0,634.0,11.733,3.0,8.18,roster,0,36.0,25.0,0.3429,47.33,0.9,0.25,0.0,3.6,21.45,4.34,26.8,14.74,15.85
2020-04-09 05:00:00,5,11,11,2.0,0.0,8.0,1.0,0.0,1.0,3,3,3,0,3,0,11.567,295.0,216.0,694.0,11.567,3.0,8.18,roster,0,36.0,27.5,0.3243,22.34,2.1003,0.275,0.3667,3.2727,23.6,2.6,0.0,16.14,17.35
2020-04-09 06:00:00,6,11,11,2.0,0.0,8.0,1.0,0.0,1.0,1,1,4,0,4,0,12.567,315.5,276.0,754.0,12.567,3.0,8.18,roster,0,36.0,27.5,0.3333,24.6,1.3001,0.275,0.1222,3.2727,23.6,3.47,0.0,17.53,18.85
2020-04-09 07:00:00,7,10,10,2.0,1.0,7.0,0.0,0.0,1.0,2,2,4,0,4,0,13.567,375.5,336.0,814.0,13.567,3.0,8.18,roster,0,35.0,25.0,0.3241,23.85,1.7307,0.25,0.2445,3.5,21.45,3.47,0.0,18.93,20.35
2020-04-09 08:00:00,8,12,12,2.0,2.0,8.0,0.0,0.0,1.0,3,3,4,1,5,1,14.567,396.0,229.0,475.0,14.567,3.0,6.38,roster,0,42.0,30.0,0.4,34.53,2.6958,0.3,0.4702,3.5,25.74,4.34,13.4,11.04,11.875
2020-04-09 09:00:00,9,15,15,2.0,3.0,9.0,1.0,0.0,1.0,5,5,3,2,5,2,15.567,121.0,119.0,535.0,15.567,3.0,6.38,roster,0,51.0,37.5,0.4857,55.76,3.9396,0.375,0.7837,3.4,32.17,4.34,26.8,12.44,13.375
2020-04-09 10:00:00,10,23,23,2.0,4.0,15.0,2.0,0.0,1.0,10,10,5,2,7,2,16.567,154.0,76.0,595.0,16.567,4.0,9.63,roster,0,75.0,57.5,0.5682,76.05,5.2612,0.575,1.0384,3.2609,49.33,6.08,26.8,13.83,14.875
2020-04-09 11:00:00,11,24,24,2.0,4.0,17.0,1.0,0.0,1.0,8,7,7,3,10,3,17.567,131.5,81.0,214.0,17.567,4.0,9.63,roster,0,79.0,60.0,0.6583,85.34,4.3677,0.6,0.7269,3.2917,51.48,8.68,40.2,4.98,5.35
2020-04-09 12:00:00,12,25,25,2.0,6.0,14.0,3.0,0.0,1.0,8,7,7,4,11,4,18.567,187.0,139.0,274.0,18.567,4.0,9.63,roster,0,82.0,62.5,0.7069,103.15,4.4342,0.625,0.7269,3.28,53.62,9.55,53.6,6.37,6.85
2020-04-09 13:00:00,13,19,19,2.0,6.0,10.0,1.0,0.0,1.0,2,3,4,5,9,5,19.567,256.0,201.0,334.0,19.567,4.0,9.63,roster,0,66.0,47.5,0.5323,103.34,2.7321,0.475,0.3115,3.4737,40.75,7.81,67.0,7.77,8.35
2020-04-09 14:00:00,14,15,15,3.0,3.0,9.0,0.0,0.0,1.0,5,4,1,3,4,3,20.567,304.5,215.0,1234.0,20.567,4.0,9.63,roster,0,54.0,37.5,0.375,84.54,2.8453,0.375,0.4154,3.6,32.17,3.47,40.2,28.69,30.85
2020-04-09 15:00:00,15,14,14,2.0,4.0,8.0,0.0,0.0,1.0,3,3,3,3,6,3,21.567,255.0,93.0,454.0,21.567,4.0,9.63,roster,0,50.0,35.0,0.3676,66.0,2.3626,0.35,0.3115,3.5714,30.03,5.21,40.2,10.56,11.35
2020-04-09 16:00:00,16,14,14,1.0,3.0,8.0,1.0,1.0,1.0,8,6,3,1,4,1,15.0,117.0,103.0,295.0,4.917,4.0,9.63,roster,0,44.0,35.0,0.3056,33.76,3.0582,0.35,0.6231,3.1429,30.03,3.47,13.4,6.86,7.375
2020-04-09 17:00:00,17,14,14,1.0,3.0,8.0,1.0,1.0,1.0,7,6,1,1,2,1,16.0,259.0,163.0,355.0,5.917,4.0,9.63,roster,0,44.0,35.0,0.2895,33.42,3.0582,0.35,0.6231,3.1429,30.03,1.74,13.4,8.25,8.875
2020-04-09 18:00:00,18,11,11,1.0,1.0,8.0,0.0,1.0,1.0,5,5,2,0,2,0,17.0,80.0,78.0,82.0,1.367,4.0,9.63,roster,0,34.0,27.5,0.2237,7.24,2.4548,0.275,0.5192,3.0909,23.6,1.74,0.0,1.91,2.05
2020-04-09 19:00:00,19,14,14,0.0,2.0,8.0,4.0,0.0,1.0,9,7,3,0,3,0,7.233,114.0,92.0,138.0,2.3,4.0,9.63,roster,0,40.0,35.0,0.2703,15.84,3.0768,0.35,0.7269,2.8571,30.03,2.6,0.0,3.21,3.45
2020-04-09 20:00:00,20,17,17,0.0,3.0,12.0,2.0,0.0,1.0,9,9,3,1,4,1,8.233,163.0,152.0,198.0,3.3,4.0,10.98,roster,0,52.0,42.5,0.3611,37.94,3.8072,0.425,0.8197,3.0588,36.46,3.47,13.4,4.6,4.95
2020-04-09 21:00:00,21,15,15,0.0,2.0,11.0,1.0,1.0,1.0,3,2,5,1,6,1,5.65,170.5,112.0,234.0,4.3,4.0,10.98,roster,0,44.0,37.5,0.3235,36.23,1.6343,0.375,0.1821,2.9333,32.17,5.21,13.4,5.44,5.85
2020-04-09 22:00:00,22,15,15,1.0,1.0,10.0,2.0,1.0,1.0,6,5,4,0,4,0,6.383,222.0,172.0,318.0,5.3,3.0,7.73,roster,0,44.0,37.5,0.4074,23.04,2.9974,0.375,0.6468,2.9333,32.17,3.47,0.0,7.39,7.95
2020-04-09 23:00:00,23,15,15,0.0,1.0,11.0,1.0,2.0,1.0,3,3,4,0,4,0,7.383,282.0,232.0,378.0,6.3,3.0,7.73,roster,0,41.0,37.5,0.3796,24.44,2.0858,0.375,0.3881,2.7333,32.17,3.47,0.0,8.79,9.45
2020-04-10 00:00:00,0,13,13,0.0,2.0,9.0,0.0,2.0,1.0,3,4,4,0,4,0,8.383,342.0,292.0,438.0,7.3,3.0,7.73,roster,0,37.0,32.5,0.3426,21.54,2.3978,0.325,0.5175,2.8462,27.88,3.47,0.0,10.18,10.95
2020-04-10 01:00:00,1,13,13,0.0,2.0,10.0,0.0,1.0,1.0,3,2,4,0,4,0,9.383,402.0,352.0,498.0,8.3,3.0,7.73,roster,0,39.0,32.5,0.3611,22.94,1.7512,0.325,0.2587,3.0,27.88,3.47,0.0,11.58,12.45
2020-04-10 02:00:00,2,14,14,1.0,2.0,10.0,0.0,1.0,1.0,3,3,4,0,4,0,10.383,462.0,412.0,558.0,9.3,3.0,7.73,roster,0,44.0,35.0,0.4074,26.48,2.3197,0.35,0.3881,3.1429,30.03,3.47,0.0,12.97,13.95
2020-04-10 03:00:00,3,13,13,1.0,2.0,9.0,0.0,1.0,1.0,2,2,5,0,5,0,10.3,472.0,447.0,572.0,10.3,3.0,7.73,roster,0,41.0,32.5,0.3905,25.53,1.841,0.325,0.2587,3.1538,27.88,4.34,0.0,13.3,14.3
2020-04-10 04:00:00,4,14,14,1.0,2.0,10.0,0.0,1.0,1.0,2,2,6,0,6,0,11.3,519.5,126.0,632.0,11.3,3.0,7.73,roster,0,44.0,35.0,0.4314,29.93,1.9132,0.35,0.2587,3.1429,30.03,5.21,0.0,14.69,15.8
2020-04-10 05:00:00,5,13,13,1.0,2.0,9.0,0.0,1.0,1.0,1,1,6,0,6,0,12.3,579.5,186.0,692.0,12.3,3.0,7.73,roster,0,41.0,32.5,0.402,29.18,1.433,0.325,0.1294,3.1538,27.88,5.21,0.0,16.09,17.3
2020-04-10 06:00:00,6,13,13,1.0,2.0,9.0,0.0,1.0,1.0,1,1,6,0,6,0,13.3,639.5,246.0,752.0,13.3,3.0,7.73,roster,0,41.0,32.5,0.402,30.58,1.433,0.325,0.1294,3.1538,27.88,5.21,0.0,17.48,18.8
2020-04-10 07:00:00,7,9,9,0.0,1.0,7.0,1.0,0.0,1.0,2,2,6,0,6,0,14.3,699.5,306.0,812.0,14.3,3.0,7.73,roster,0,27.0,22.5,0.2647,23.39,1.4512,0.225,0.2587,3.0,19.3,5.21,0.0,18.88,20.3
2020-04-10 08:00:00,8,9,9,0.0,1.0,8.0,0.0,0.0,1.0,3,2,6,0,6,0,15.3,759.5,366.0,872.0,15.3,3.0,6.6,roster,0,28.0,22.5,0.2745,24.79,1.6428,0.225,0.303,3.1111,19.3,5.21,0.0,20.27,21.8
2020-04-10 09:00:00,9,12,12,1.0,1.0,8.0,2.0,0.0,1.0,6,6,4,1,5,1,15.533,389.0,85.0,807.0,15.533,3.0,6.6,roster,0,37.0,30.0,0.3524,42.24,3.728,0.3,0.9091,3.0833,25.74,4.34,13.4,18.76,20.175
2020-04-10 10:00:00,10,7,7,0.0,0.0,7.0,0.0,0.0,1.0,4,4,3,0,3,0,16.533,449.0,145.0,992.0,16.533,4.0,9.94,roster,0,21.0,17.5,0.1419,20.68,1.7322,0.175,0.4024,3.0,15.01,2.6,0.0,23.06,24.8
2020-04-10 11:00:00,11,10,10,0.0,0.0,9.0,1.0,0.0,1.0,5,5,3,0,3,0,8.483,205.0,63.0,509.0,8.483,4.0,9.94,roster,0,29.0,25.0,0.1959,15.89,2.1838,0.25,0.503,2.9,21.45,2.6,0.0,11.83,12.725
2020-04-10 12:00:00,12,10,10,0.0,0.0,8.0,2.0,0.0,1.0,6,3,3,0,3,0,9.483,265.0,123.0,569.0,9.483,4.0,9.94,roster,0,28.0,25.0,0.1892,17.28,1.5451,0.25,0.3018,2.8,21.45,2.6,0.0,13.23,14.225
2020-04-10 13:00:00,13,11,11,0.0,1.0,7.0,3.0,0.0,1.0,5,4,2,0,2,0,10.483,406.0,183.0,629.0,10.483,4.0,9.94,roster,0,31.0,27.5,0.2039,19.96,1.9091,0.275,0.4024,2.8182,23.6,1.74,0.0,14.62,15.725
2020-04-10 14:00:00,14,8,8,0.0,1.0,5.0,2.0,0.0,1.0,0,0,2,1,3,1,11.483,243.0,103.0,689.0,11.483,4.0,9.94,roster,0,23.0,20.0,0.1554,29.18,0.575,0.2,0.0,2.875,17.16,2.6,13.4,16.02,17.225
2020-04-10 15:00:00,15,13,13,0.0,1.0,11.0,1.0,0.0,1.0,7,7,2,1,3,1,12.483,303.0,163.0,749.0,12.483,4.0,9.94,roster,0,39.0,32.5,0.2635,41.3,3.0877,0.325,0.7042,3.0,27.88,2.6,13.4,17.41,18.725
2020-04-10 16:00:00,16,16,16,0.0,1.0,12.0,3.0,0.0,1.0,5,5,3,2,5,2,13.483,223.0,94.0,363.0,13.483,4.0,9.94,roster,0,46.0,40.0,0.3286,53.9,2.5962,0.4,0.503,2.875,34.32,4.34,26.8,8.44,9.075
2020-04-10 17:00:00,17,18,18,0.0,1.0,15.0,2.0,0.0,1.0,5,4,4,2,6,2,14.483,218.5,135.0,423.0,14.483,4.0,9.94,roster,0,53.0,45.0,0.3897,60.45,2.5099,0.45,0.4024,2.9444,38.61,5.21,26.8,9.83,10.575
2020-04-10 18:00:00,18,19,19,0.0,0.0,18.0,1.0,0.0,1.0,6,6,5,2,7,2,15.483,159.0,106.0,214.0,15.483,4.0,9.94,roster,0,56.0,47.5,0.4242,58.61,3.1791,0.475,0.6036,2.9474,40.75,6.08,26.8,4.98,5.35
2020-04-10 19:00:00,19,26,26,1.0,1.0,23.0,1.0,0.0,1.0,9,9,5,3,8,3,16.483,192.5,144.0,274.0,16.483,4.0,9.94,roster,0,80.0,65.0,0.625,89.29,4.7859,0.65,0.9054,3.0769,55.77,6.95,40.2,6.37,6.85
2020-04-10 20:00:00,20,19,19,1.0,2.0,16.0,0.0,0.0,1.0,4,3,4,3,7,3,17.483,178.0,118.0,226.0,17.483,4.0,11.52,roster,0,61.0,47.5,0.4621,72.29,2.3611,0.475,0.2604,3.2105,40.75,6.08,40.2,5.25,5.65
2020-04-10 21:00:00,21,15,15,0.0,2.0,13.0,0.0,0.0,1.0,4,4,3,2,5,2,18.483,264.0,200.0,286.0,18.483,4.0,11.52,roster,0,47.0,37.5,0.3357,49.97,2.263,0.375,0.3472,3.1333,32.17,4.34,26.8,6.65,7.15
2020-04-10 22:00:00,22,19,19,1.0,3.0,13.0,2.0,0.0,1.0,11,10,4,1,5,1,19.483,189.0,86.0,260.0,19.483,3.0,8.18,roster,0,60.0,47.5,0.5714,44.54,5.3605,0.475,1.2225,3.1579,40.75,4.34,13.4,6.04,6.5
2020-04-10 23:00:00,23,13,13,2.0,1.0,9.0,1.0,0.0,1.0,2,1,4,0,4,0,20.483,197.5,146.0,1229.0,20.483,3.0,8.18,roster,0,43.0,32.5,0.3981,39.93,1.4794,0.325,0.1222,3.3077,27.88,3.47,0.0,28.57,30.725
2020-04-11 00:00:00,0,10,10,2.0,1.0,6.0,1.0,0.0,1.0,1,1,4,1,5,1,21.483,206.0,129.0,309.0,21.483,3.0,8.18,roster,0,34.0,25.0,0.3238,26.38,1.2656,0.25,0.1222,3.4,21.45,4.34,13.4,7.18,7.725
2020-04-11 01:00:00,1,12,12,3.0,2.0,6.0,1.0,0.0,1.0,3,3,5,1,6,1,22.483,227.5,166.0,369.0,22.483,3.0,8.18,roster,0,43.0,30.0,0.4216,32.93,2.3892,0.3,0.3667,3.5833,25.74,5.21,13.4,8.58,9.225
2020-04-11 02:00:00,2,14,14,3.0,1.0,8.0,2.0,0.0,1.0,3,3,5,1,6,1,23.483,287.5,226.0,429.0,23.483,3.0,8.18,roster,0,47.0,35.0,0.4608,38.61,2.4062,0.35,0.3667,3.3571,30.03,5.21,13.4,9.97,10.725
2020-04-11 03:00:00,3,13,13,3.0,1.0,8.0,1.0,0.0,1.0,1,0,5,1,6,1,24.483,347.5,286.0,489.0,24.483,3.0,8.18,roster,0,45.0,32.5,0.4412,37.86,1.125,0.325,0.0,3.4615,27.88,5.21,13.4,11.37,12.225
2020-04-11 04:00:00,4,11,11,2.0,1.0,7.0,1.0,0.0,1.0,1,1,5,1,6,1,25.483,407.5,346.0,549.0,25.483,3.0,8.18,roster,0,37.0,27.5,0.3627,34.97,1.3362,0.275,0.1222,3.3636,23.6,5.21,13.4,12.76,13.725
2020-04-11 05:00:00,5,11,11,2.0,2.0,6.0,1.0,0.0,1.0,1,1,5,1,6,1,26.483,467.5,406.0,609.0,26.483,3.0,8.18,roster,0,38.0,27.5,0.3725,36.36,1.3723,0.275,0.1222,3.4545,23.6,5.21,13.4,14.16,15.225
2020-04-11 06:00:00,6,11,11,2.0,2.0,6.0,1.0,0.0,1.0,0,0,6,1,7,1,27.483,489.0,412.0,669.0,27.483,3.0,8.18,roster,0,38.0,27.5,0.3838,38.63,0.95,0.275,0.0,3.4545,23.6,6.08,13.4,15.55,16.725
2020-04-11 07:00:00,7,13,13,2.0,3.0,7.0,1.0,0.0,1.0,2,2,6,1,7,1,28.483,549.0,472.0,729.0,28.483,3.0,8.18,roster,0,45.0,32.5,0.4545,44.31,1.9713,0.325,0.2445,3.4615,27.88,6.08,13.4,16.95,18.225
2020-04-11 08:00:00,8,14,14,2.0,3.0,7.0,2.0,0.0,1.0,4,4,6,1,7,1,29.483,609.0,532.0,789.0,29.483,3.0,6.36,roster,0,47.0,35.0,0.4747,47.85,3.2864,0.35,0.6289,3.3571,30.03,6.08,13.4,18.34,19.725
2020-04-11 09:00:00,9,17,17,2.0,4.0,10.0,1.0,0.0,1.0,7,7,4,1,5,1,30.483,669.0,646.0,849.0,30.483,3.0,6.36,roster,0,58.0,42.5,0.5524,53.95,5.2051,0.425,1.1006,3.4118,36.46,4.34,13.4,19.74,21.225
2020-04-11 10:00:00,10,19,19,0.0,5.0,13.0,1.0,0.0,1.0,7,6,2,2,4,2,15.15,214.5,88.0,909.0,15.15,4.0,10.06,roster,0,61.0,47.5,0.4236,72.16,3.4398,0.475,0.5964,3.2105,40.75,3.47,26.8,21.13,22.725
2020-04-11 11:00:00,11,17,17,0.0,3.0,13.0,1.0,0.0,1.0,5,5,1,2,3,2,13.65,83.0,61.0,148.0,2.467,4.0,10.06,roster,0,53.0,42.5,0.3581,49.31,2.8745,0.425,0.497,3.1176,36.46,2.6,26.8,3.44,3.7
2020-04-11 12:00:00,12,16,16,0.0,2.0,13.0,1.0,0.0,1.0,2,2,2,2,4,2,14.65,132.0,121.0,208.0,3.467,4.0,10.06,roster,0,49.0,40.0,0.3403,49.43,1.8338,0.4,0.1988,3.0625,34.32,3.47,26.8,4.84,5.2
2020-04-11 13:00:00,13,11,11,0.0,2.0,9.0,0.0,0.0,1.0,4,2,3,2,5,2,6.8,181.0,94.0,203.0,4.467,4.0,10.06,roster,0,35.0,27.5,0.25,39.46,1.5076,0.275,0.1988,3.1818,23.6,4.34,26.8,4.72,5.075
2020-04-11 14:00:00,14,9,9,0.0,1.0,7.0,1.0,0.0,1.0,5,4,3,0,3,0,4.383,154.0,102.0,263.0,4.383,4.0,10.06,roster,0,27.0,22.5,0.1824,8.02,1.8678,0.225,0.3976,3.0,19.3,2.6,0.0,6.11,6.575
2020-04-11 15:00:00,15,7,7,0.0,1.0,6.0,0.0,0.0,1.0,3,2,2,0,2,0,5.383,242.5,162.0,323.0,5.383,4.0,10.06,roster,0,22.0,17.5,0.1447,4.26,1.1748,0.175,0.1988,3.1429,15.01,1.74,0.0,7.51,8.075
2020-04-11 16:00:00,16,12,12,0.0,2.0,10.0,0.0,0.0,1.0,7,6,1,0,1,0,5.033,222.0,222.0,222.0,3.7,4.0,10.06,roster,0,38.0,30.0,0.2436,11.77,2.8387,0.3,0.5964,3.1667,25.74,0.87,0.0,5.16,5.55
2020-04-11 17:00:00,17,18,18,0.0,4.0,13.0,1.0,0.0,1.0,9,9,2,0,2,0,6.033,183.0,84.0,282.0,4.7,4.0,10.06,roster,0,57.0,45.0,0.375,26.9,4.258,0.45,0.8946,3.1667,38.61,1.74,0.0,6.56,7.05
2020-04-11 18:00:00,18,22,22,0.0,4.0,17.0,1.0,0.0,1.0,10,8,2,1,3,1,7.033,103.0,67.0,144.0,2.4,4.0,10.06,roster,0,69.0,55.0,0.4662,46.54,4.2191,0.55,0.7952,3.1364,47.19,2.6,13.4,3.35,3.6
2020-04-11 19:00:00,19,19,19,0.0,3.0,15.0,1.0,0.0,1.0,4,4,2,1,3,1,8.033,127.0,68.0,163.0,2.717,4.0,10.06,roster,0,59.0,47.5,0.3986,40.55,2.7097,0.475,0.3976,3.1053,40.75,2.6,13.4,3.79,4.075
2020-04-11 20:00:00,20,17,17,0.0,2.0,13.0,2.0,0.0,1.0,7,8,2,0,2,0,9.033,102.0,76.0,128.0,2.133,4.0,10.38,roster,0,51.0,42.5,0.3355,21.18,3.5871,0.425,0.7707,3.0,36.46,1.74,0.0,2.98,3.2
2020-04-11 21:00:00,21,19,19,0.0,2.0,15.0,2.0,0.0,1.0,7,6,2,1,3,1,7.6,98.0,84.0,136.0,2.267,4.0,10.38,roster,0,57.0,47.5,0.3851,39.92,3.1591,0.475,0.578,3.0,40.75,2.6,13.4,3.16,3.4
2020-04-11 22:00:00,22,20,20,0.0,1.0,18.0,1.0,0.0,1.0,8,8,1,1,2,1,8.6,118.0,92.0,144.0,2.4,3.0,6.68,roster,0,60.0,50.0,0.5263,41.38,5.0928,0.5,1.1976,3.0,42.9,1.74,13.4,3.35,3.6
2020-04-11 23:00:00,23,18,18,0.0,1.0,16.0,1.0,0.0,1.0,3,3,3,1,4,1,9.6,124.0,96.0,204.0,3.4,3.0,6.68,roster,0,54.0,45.0,0.5,40.23,2.6973,0.45,0.4491,3.0,38.61,3.47,13.4,4.74,5.1
2020-04-12 00:00:00,0,20,20,0.0,4.0,15.0,1.0,0.0,1.0,8,8,4,1,5,1,8.5,156.0,138.0,212.0,4.4,3.0,6.68,roster,0,63.0,50.0,0.6,45.57,5.3475,0.5,1.1976,3.15,42.9,4.34,13.4,4.93,5.3
2020-04-12 01:00:00,1,19,19,0.0,2.0,17.0,0.0,0.0,1.0,3,2,7,1,8,1,9.5,163.0,113.0,272.0,5.4,3.0,6.68,roster,0,59.0,47.5,0.6146,47.43,2.4047,0.475,0.2994,3.1053,40.75,6.95,13.4,6.32,6.8
2020-04-12 02:00:00,2,16,16,0.0,2.0,14.0,0.0,0.0,1.0,2,2,7,0,7,0,10.5,188.0,165.0,276.0,5.533,3.0,6.68,roster,0,50.0,40.0,0.5051,26.82,2.1856,0.4,0.2994,3.125,34.32,6.08,0.0,6.42,6.9
2020-04-12 03:00:00,3,13,13,0.0,2.0,11.0,0.0,0.0,1.0,0,0,8,0,8,0,11.5,240.5,225.0,336.0,6.533,3.0,6.68,roster,0,41.0,32.5,0.4271,22.64,1.025,0.325,0.0,3.1538,27.88,6.95,0.0,7.81,8.4
2020-04-12 04:00:00,4,14,14,0.0,2.0,12.0,0.0,0.0,1.0,1,1,8,0,8,0,12.5,300.5,285.0,396.0,7.533,3.0,6.68,roster,0,44.0,35.0,0.4583,26.18,1.5705,0.35,0.1497,3.1429,30.03,6.95,0.0,9.21,9.9
2020-04-12 05:00:00,5,15,15,0.0,2.0,13.0,0.0,0.0,1.0,2,1,8,0,8,0,13.5,360.5,345.0,456.0,8.533,3.0,6.68,roster,0,47.0,37.5,0.4896,29.72,1.6441,0.375,0.1497,3.1333,32.17,6.95,0.0,10.6,11.4
2020-04-12 06:00:00,6,17,17,0.0,2.0,15.0,0.0,0.0,1.0,2,2,8,0,8,0,14.5,420.5,405.0,516.0,9.533,3.0,6.68,roster,0,53.0,42.5,0.5521,35.41,2.2584,0.425,0.2994,3.1176,36.46,6.95,0.0,12.0,12.9
2020-04-12 07:00:00,7,18,18,0.0,3.0,15.0,0.0,0.0,1.0,2,2,8,0,8,0,15.5,480.5,465.0,576.0,10.533,3.0,6.68,roster,0,57.0,45.0,0.5938,38.95,2.3731,0.45,0.2994,3.1667,38.61,6.95,0.0,13.39,14.4
2020-04-12 08:00:00,8,13,13,0.0,3.0,10.0,0.0,0.0,1.0,1,1,8,0,8,0,11.583,540.5,525.0,636.0,11.533,3.0,6.3,roster,0,42.0,32.5,0.4375,29.62,1.5628,0.325,0.1587,3.2308,27.88,6.95,0.0,14.79,15.9
2020-04-12 09:00:00,9,10,10,0.0,2.0,8.0,0.0,0.0,1.0,2,2,3,0,3,0,12.583,442.0,125.0,608.0,10.133,3.0,6.3,roster,0,32.0,25.0,0.2883,18.19,1.8159,0.25,0.3175,3.2,21.45,2.6,0.0,14.14,15.2
2020-04-12 10:00:00,10,7,7,0.0,2.0,5.0,0.0,0.0,1.0,4,0,4,0,4,0,13.583,343.5,185.0,668.0,11.133,4.0,9.62,roster,0,23.0,17.5,0.1597,14.02,0.575,0.175,0.0,3.2857,15.01,3.47,0.0,15.53,16.7
2020-04-12 11:00:00,11,19,19,0.0,1.0,12.0,6.0,0.0,1.0,14,14,3,0,3,0,14.583,562.0,161.0,728.0,12.133,4.0,9.62,roster,0,52.0,47.5,0.3514,40.29,5.2829,0.475,1.4553,2.7368,40.75,2.6,0.0,16.93,18.2
2020-04-12 12:00:00,12,11,11,0.0,1.0,6.0,3.0,1.0,1.0,4,3,5,0,5,0,15.583,79.0,69.0,221.0,10.367,4.0,9.62,roster,0,29.0,27.5,0.2071,13.07,1.5472,0.275,0.3119,2.6364,23.6,4.34,0.0,5.14,5.525
2020-04-12 13:00:00,13,12,12,0.0,2.0,8.0,2.0,0.0,1.0,6,5,5,0,5,0,16.583,129.0,121.0,139.0,4.683,4.0,9.62,roster,0,36.0,30.0,0.2571,13.31,2.4593,0.3,0.5198,3.0,25.74,4.34,0.0,3.23,3.475
2020-04-12 14:00:00,14,17,17,1.0,2.0,11.0,3.0,0.0,1.0,10,9,4,0,4,0,17.583,194.0,189.0,341.0,5.683,4.0,9.62,roster,0,52.0,42.5,0.3611,27.87,4.1617,0.425,0.9356,3.0588,36.46,3.47,0.0,7.93,8.525
2020-04-12 15:00:00,15,20,20,0.0,2.0,9.0,8.0,0.0,0.95,9,8,5,0,5,0,6.683,107.0,87.0,249.0,6.683,4.0,9.62,roster,0,51.0,50.0,0.3643,33.03,3.3956,0.5,0.8316,2.55,42.9,4.34,0.0,5.79,6.225
2020-04-12 16:00:00,16,11,11,1.0,1.0,7.0,2.0,0.0,1.0,5,5,3,0,3,0,5.15,147.0,81.0,309.0,5.15,4.0,9.62,roster,0,34.0,27.5,0.2297,13.38,2.4565,0.275,0.5198,3.0909,23.6,2.6,0.0,7.18,7.725
2020-04-12 17:00:00,17,7,7,0.0,1.0,5.0,1.0,0.0,1.0,4,3,1,1,2,1,6.15,217.5,66.0,369.0,6.15,4.0,9.62,roster,0,21.0,17.5,0.1382,18.73,1.4606,0.175,0.3119,3.0,15.01,1.74,13.4,8.58,9.225
2020-04-12 18:00:00,18,12,12,0.0,2.0,10.0,0.0,0.0,1.0,10,9,0,1,1,1,5.717,126.0,126.0,126.0,2.1,4.0,9.62,roster,0,38.0,30.0,0.2436,22.94,3.9126,0.3,0.9356,3.1667,25.74,0.87,13.4,2.93,3.15
2020-04-12 19:00:00,19,23,23,0.0,5.0,15.0,2.0,1.0,1.0,15,14,1,2,3,2,6.717,108.0,88.0,186.0,3.1,4.0,9.62,roster,0,70.0,57.5,0.473,63.06,6.1792,0.575,1.4553,3.0435,49.33,2.6,26.8,4.32,4.65
2020-04-12 20:00:00,20,25,25,0.0,5.0,17.0,3.0,0.0,1.0,8,8,3,3,6,3,4.1,118.0,84.0,168.0,4.1,4.0,10.0,roster,0,77.0,62.5,0.5662,82.94,4.389,0.625,0.8,3.08,53.62,5.21,40.2,3.91,4.2
2020-04-12 21:00:00,21,17,17,0.0,5.0,10.0,2.0,0.0,1.0,3,3,4,3,7,3,5.1,140.0,107.0,148.0,5.1,4.0,10.0,roster,0,54.0,42.5,0.4091,66.18,2.3029,0.425,0.3,3.1765,36.46,6.08,40.2,3.44,3.7
2020-04-12 22:00:00,22,18,18,0.0,3.0,13.0,2.0,0.0,1.0,6,5,4,2,6,2,4.367,187.5,167.0,204.0,3.467,3.0,6.68,roster,0,55.0,45.0,0.5392,55.36,3.6621,0.45,0.7485,3.0556,38.61,5.21,26.8,4.74,5.1
2020-04-12 23:00:00,23,18,18,0.0,2.0,16.0,0.0,0.0,1.0,6,7,4,2,6,2,5.0,247.5,227.0,264.0,4.467,3.0,6.68,roster,0,56.0,45.0,0.549,56.76,4.6601,0.45,1.0479,3.1111,38.61,5.21,26.8,6.14,6.6
2020-04-13 00:00:00,0,20,20,0.0,2.0,18.0,0.0,0.0,1.0,6,6,5,2,7,2,6.0,295.0,252.0,324.0,5.467,3.0,6.68,roster,0,62.0,50.0,0.6263,63.31,4.3344,0.5,0.8982,3.1,42.9,6.08,26.8,7.53,8.1
2020-04-13 01:00:00,1,19,19,0.0,3.0,16.0,0.0,0.0,1.0,4,3,5,2,7,2,7.0,355.0,312.0,384.0,6.467,3.0,6.68,roster,0,60.0,47.5,0.6061,62.56,2.9182,0.475,0.4491,3.1579,40.75,6.08,26.8,8.93,9.6
2020-04-13 02:00:00,2,18,18,0.0,3.0,14.0,0.0,0.0,0.944,3,3,5,2,7,2,8.0,415.0,372.0,444.0,7.467,3.0,6.68,roster,0,54.0,45.0,0.5455,61.81,2.6973,0.45,0.4491,3.0,38.61,6.08,26.8,10.32,11.1
2020-04-13 03:00:00,3,13,13,0.0,2.0,11.0,0.0,0.0,1.0,0,0,5,2,7,2,9.0,475.0,432.0,504.0,8.467,3.0,6.68,roster,0,41.0,32.5,0.4141,52.48,1.025,0.325,0.0,3.1538,27.88,6.08,26.8,11.72,12.6
2020-04-13 04:00:00,4,14,14,0.0,4.0,10.0,0.0,0.0,1.0,2,2,5,2,7,2,10.0,535.0,492.0,564.0,9.467,3.0,6.68,roster,0,46.0,35.0,0.4646,56.02,2.1337,0.35,0.2994,3.2857,30.03,6.08,26.8,13.11,14.1
2020-04-13 05:00:00,5,18,18,1.0,4.0,11.0,1.0,1.0,1.0,4,4,5,2,7,2,11.0,595.0,552.0,624.0,10.467,3.0,6.68,roster,0,57.0,45.0,0.5758,66.0,3.3212,0.45,0.5988,3.1667,38.61,6.08,26.8,14.51,15.6
2020-04-13 06:00:00,6,19,19,1.0,4.0,11.0,2.0,1.0,1.0,2,2,5,2,7,2,12.0,647.0,424.0,680.0,11.467,3.0,6.68,roster,0,59.0,47.5,0.596,69.44,2.4047,0.475,0.2994,3.1053,40.75,6.08,26.8,15.81,17.0
2020-04-13 07:00:00,7,14,14,0.0,4.0,8.0,1.0,1.0,1.0,1,1,6,1,7,1,13.0,707.0,484.0,740.0,12.467,3.0,6.68,roster,0,43.0,35.0,0.4343,46.71,1.5348,0.35,0.1497,3.0714,30.03,6.08,13.4,17.21,18.5
2020-04-13 08:00:00,8,13,13,0.0,2.0,9.0,1.0,1.0,1.0,2,1,6,1,7,1,14.0,767.0,544.0,800.0,13.467,3.0,6.57,roster,0,38.0,32.5,0.3838,45.96,1.3949,0.325,0.1522,2.9231,27.88,6.08,13.4,18.6,20.0
2020-04-13 09:00:00,9,12,12,0.0,3.0,8.0,0.0,1.0,1.0,3,3,2,1,3,1,15.0,835.0,604.0,860.0,14.333,3.0,6.57,roster,0,37.0,30.0,0.3333,41.74,2.3329,0.3,0.4566,3.0833,25.74,2.6,13.4,20.0,21.5
2020-04-13 10:00:00,10,15,15,0.0,4.0,11.0,0.0,0.0,1.0,5,5,3,1,4,1,16.0,381.5,99.0,920.0,15.333,4.0,9.82,roster,0,49.0,37.5,0.3403,50.44,2.8883,0.375,0.5092,3.2667,32.17,3.47,13.4,21.39,23.0
2020-04-13 11:00:00,11,20,20,0.0,6.0,13.0,0.0,1.0,1.0,10,9,4,1,5,1,13.0,122.0,116.0,159.0,12.067,4.0,9.82,roster,0,64.0,50.0,0.4571,44.34,4.5328,0.5,0.9165,3.2,42.9,4.34,13.4,3.7,3.975
2020-04-13 12:00:00,12,21,21,0.0,7.0,12.0,1.0,1.0,1.0,7,7,5,0,5,0,14.0,92.0,89.0,102.0,2.4,4.0,9.82,roster,0,67.0,52.5,0.4786,31.76,3.9493,0.525,0.7128,3.1905,45.04,4.34,0.0,2.37,2.55
2020-04-13 13:00:00,13,19,19,1.0,7.0,9.0,1.0,1.0,1.0,7,7,2,0,2,0,5.417,178.0,152.0,204.0,3.4,4.0,9.82,roster,0,63.0,47.5,0.4145,27.23,3.9386,0.475,0.7128,3.3158,40.75,1.74,0.0,4.74,5.1
2020-04-13 14:00:00,14,23,23,1.0,10.0,11.0,0.0,1.0,1.0,10,9,4,1,5,1,4.4,79.0,73.0,93.0,4.4,4.0,9.82,roster,0,79.0,57.5,0.5643,49.24,5.123,0.575,0.9165,3.4348,49.33,4.34,13.4,2.16,2.325
2020-04-13 15:00:00,15,22,22,1.0,9.0,10.0,0.0,2.0,1.0,8,6,8,1,9,1,5.4,121.0,91.0,139.0,5.4,4.0,9.82,roster,0,73.0,55.0,0.5887,51.64,3.8524,0.55,0.611,3.3182,47.19,7.81,13.4,3.23,3.475
2020-04-13 16:00:00,16,22,22,2.0,8.0,9.0,1.0,2.0,1.0,8,6,7,1,8,1,6.4,166.0,136.0,213.0,6.4,4.0,9.82,roster,0,73.0,55.0,0.5703,52.49,3.8524,0.55,0.611,3.3182,47.19,6.95,13.4,4.95,5.325
2020-04-13 17:00:00,17,27,27,3.0,10.0,11.0,1.0,2.0,1.0,9,8,9,1,10,1,7.4,188.5,91.0,241.0,7.4,4.0,9.82,roster,0,92.0,67.5,0.7667,65.6,5.0759,0.675,0.8147,3.4074,57.92,8.68,13.4,5.6,6.025
2020-04-13 18:00:00,18,29,29,3.0,10.0,13.0,1.0,2.0,1.0,4,4,13,1,14,1,8.4,171.0,112.0,271.0,8.4,4.0,9.82,roster,0,98.0,72.5,0.9423,74.06,3.8265,0.725,0.4073,3.3793,62.2,12.16,13.4,6.3,6.775
2020-04-13 19:00:00,19,25,25,4.0,6.0,12.0,1.0,2.0,1.0,3,3,8,1,9,1,8.95,205.0,126.0,251.0,5.517,4.0,9.82,roster,0,84.0,62.5,0.6774,60.68,3.1265,0.625,0.3055,3.36,53.62,7.81,13.4,5.84,6.275
2020-04-13 20:00:00,20,24,24,3.0,9.0,10.0,1.0,1.0,1.0,4,4,6,1,7,1,9.95,271.0,232.0,361.0,6.517,4.0,11.01,roster,0,84.0,60.0,0.6364,59.35,3.3716,0.6,0.3633,3.5,51.48,6.08,13.4,8.39,9.025
2020-04-13 21:00:00,21,23,23,0.0,11.0,10.0,0.0,2.0,1.0,10,10,6,0,6,0,10.95,233.5,65.0,421.0,7.517,4.0,11.01,roster,0,76.0,57.5,0.5588,44.33,4.9012,0.575,0.9083,3.3043,49.33,5.21,0.0,9.79,10.525
2020-04-13 22:00:00,22,20,20,0.0,7.0,10.0,0.0,3.0,1.0,7,6,4,0,4,0,11.95,123.5,122.0,156.0,2.6,3.0,7.76,roster,0,61.0,50.0,0.5648,30.0,3.8832,0.5,0.7732,3.05,42.9,3.47,0.0,3.63,3.9
2020-04-13 23:00:00,23,17,17,0.0,5.0,10.0,0.0,2.0,1.0,6,5,3,0,3,0,12.95,182.0,92.0,185.0,3.083,3.0,7.76,roster,0,52.0,42.5,0.4685,23.37,3.2709,0.425,0.6443,3.0588,36.46,2.6,0.0,4.3,4.625
2020-04-14 00:00:00,0,19,19,0.0,5.0,11.0,1.0,2.0,1.0,7,7,4,0,4,0,13.95,197.0,152.0,245.0,4.083,3.0,7.76,roster,0,57.0,47.5,0.5278,29.92,4.1312,0.475,0.9021,3.0,40.75,3.47,0.0,5.7,6.125
2020-04-14 01:00:00,1,15,15,0.0,5.0,8.0,0.0,2.0,1.0,1,1,6,0,6,0,14.95,179.0,115.0,302.0,5.083,3.0,7.76,roster,0,46.0,37.5,0.451,24.41,1.5452,0.375,0.1289,3.0667,32.17,5.21,0.0,7.02,7.55
2020-04-14 02:00:00,2,19,19,0.0,5.0,12.0,0.0,2.0,1.0,6,6,6,0,6,0,15.95,239.0,175.0,362.0,6.083,3.0,7.76,roster,0,58.0,47.5,0.5686,34.38,3.8103,0.475,0.7732,3.0526,40.75,5.21,0.0,8.42,9.05
2020-04-14 03:00:00,3,14,14,0.0,5.0,7.0,0.0,2.0,1.0,1,1,7,0,7,0,16.95,266.0,229.0,422.0,7.083,3.0,7.76,roster,0,43.0,35.0,0.4343,25.92,1.4708,0.35,0.1289,3.0714,30.03,6.08,0.0,9.81,10.55
2020-04-14 04:00:00,4,16,16,0.0,5.0,9.0,0.0,2.0,1.0,3,3,7,0,7,0,17.95,326.0,289.0,482.0,8.083,3.0,7.76,roster,0,49.0,40.0,0.4949,31.6,2.409,0.4,0.3866,3.0625,34.32,6.08,0.0,11.21,12.05
2020-04-14 05:00:00,5,15,15,0.0,5.0,8.0,0.0,2.0,1.0,0,0,8,0,8,0,18.95,370.5,349.0,542.0,9.083,3.0,7.76,roster,0,46.0,37.5,0.4792,31.72,1.15,0.375,0.0,3.0667,32.17,6.95,0.0,12.6,13.55
2020-04-14 06:00:00,6,15,15,0.0,5.0,8.0,0.0,2.0,1.0,0,0,8,0,8,0,19.95,430.5,409.0,602.0,10.083,3.0,7.76,roster,0,46.0,37.5,0.4792,33.12,1.15,0.375,0.0,3.0667,32.17,6.95,0.0,14.0,15.05
2020-04-14 07:00:00,7,14,14,0.0,5.0,8.0,0.0,1.0,1.0,2,2,8,0,8,0,20.95,490.5,469.0,662.0,11.083,3.0,7.76,roster,0,45.0,35.0,0.4688,32.37,1.9534,0.35,0.2577,3.2143,30.03,6.95,0.0,15.39,16.55
2020-04-14 08:00:00,8,13,13,0.0,5.0,6.0,1.0,1.0,1.0,1,1,8,0,8,0,21.95,550.5,529.0,722.0,12.083,3.0,6.65,roster,0,41.0,32.5,0.4271,31.62,1.4993,0.325,0.1504,3.1538,27.88,6.95,0.0,16.79,18.05
2020-04-14 09:00:00,9,15,15,0.0,2.0,11.0,1.0,1.0,1.0,8,7,3,0,3,0,22.95,472.0,342.0,782.0,13.033,3.0,6.65,roster,0,44.0,37.5,0.3964,32.96,4.1877,0.375,1.0526,2.9333,32.17,2.6,0.0,18.18,19.55
2020-04-14 10:00:00,10,11,11,0.0,2.0,8.0,0.0,1.0,1.0,3,3,0,0,0,0,23.95,0.0,,,,4.0,9.99,roster,0,33.0,27.5,0.2062,3.6,1.7259,0.275,0.3003,3.0,23.6,0.0,0.0,0.0,0.0
2020-04-14 11:00:00,11,18,18,0.0,4.0,14.0,0.0,0.0,1.0,10,10,0,0,0,0,8.2,0.0,,,,4.0,9.99,roster,0,58.0,45.0,0.3625,18.61,4.6754,0.45,1.001,3.2222,38.61,0.0,0.0,0.0,0.0
2020-04-14 12:00:00,12,20,20,0.0,5.0,14.0,0.0,0.0,0.95,4,4,3,1,4,1,9.2,82.0,73.0,107.0,1.783,4.0,9.99,roster,0,62.0,50.0,0.4306,42.26,2.7912,0.5,0.4004,3.1,42.9,3.47,13.4,2.49,2.675
2020-04-14 13:00:00,13,20,20,1.0,5.0,13.0,0.0,0.0,0.95,3,3,3,2,5,2,10.2,133.0,126.0,151.0,2.783,4.0,9.99,roster,0,64.0,50.0,0.4571,57.55,2.561,0.5,0.3003,3.2,42.9,4.34,26.8,3.51,3.775
2020-04-14 14:00:00,14,16,16,1.0,4.0,10.0,0.0,0.0,0.938,2,2,1,2,3,2,11.2,166.0,111.0,193.0,3.217,4.0,9.99,roster,0,51.0,40.0,0.3446,48.21,1.9131,0.4,0.2002,3.1875,34.32,2.6,26.8,4.49,4.825
2020-04-14 15:00:00,15,17,17,0.0,5.0,11.0,0.0,0.0,0.941,6,5,2,1,3,1,12.2,104.0,91.0,253.0,4.217,4.0,9.99,roster,0,53.0,42.5,0.3581,38.35,2.8854,0.425,0.5005,3.1176,36.46,2.6,13.4,5.88,6.325
2020-04-14 16:00:00,16,11,11,0.0,3.0,7.0,0.0,0.0,0.909,3,1,2,0,2,0,13.2,238.5,164.0,313.0,5.217,4.0,9.99,roster,0,33.0,27.5,0.2171,12.61,1.1253,0.275,0.1001,3.0,23.6,1.74,0.0,7.28,7.825
2020-04-14 17:00:00,17,13,13,0.0,3.0,8.0,1.0,0.0,0.923,4,4,2,0,2,0,14.2,298.5,224.0,373.0,6.217,4.0,9.99,roster,0,38.0,32.5,0.25,18.29,2.1204,0.325,0.4004,2.9231,27.88,1.74,0.0,8.67,9.325
2020-04-14 18:00:00,18,15,15,1.0,3.0,10.0,1.0,0.0,1.0,6,4,3,0,3,0,15.2,284.0,64.0,433.0,7.217,4.0,9.99,roster,0,49.0,37.5,0.3311,24.85,2.533,0.375,0.4004,3.2667,32.17,2.6,0.0,10.07,10.825
2020-04-14 19:00:00,19,14,14,2.0,2.0,9.0,1.0,0.0,1.0,5,5,3,0,3,0,9.167,124.0,76.0,493.0,8.217,4.0,9.99,roster,0,47.0,35.0,0.3176,24.1,2.8553,0.35,0.5005,3.3571,30.03,2.6,0.0,11.46,12.325
2020-04-14 20:00:00,20,21,21,2.0,5.0,14.0,0.0,0.0,1.0,10,10,5,1,6,1,10.167,113.0,66.0,184.0,9.217,4.0,11.1,roster,0,72.0,52.5,0.5294,47.93,4.8888,0.525,0.9009,3.4286,45.04,5.21,13.4,4.28,4.6
2020-04-14 21:00:00,21,27,27,2.0,4.0,20.0,0.0,1.0,1.0,11,11,7,2,9,2,11.167,121.0,103.0,150.0,4.067,4.0,11.1,roster,0,87.0,67.5,0.7016,76.02,5.3682,0.675,0.991,3.2222,57.92,7.81,26.8,3.49,3.75
2020-04-14 22:00:00,22,30,30,2.0,4.0,23.0,1.0,0.0,1.0,13,11,6,2,8,2,12.167,157.0,139.0,186.0,3.5,3.0,7.76,roster,0,97.0,75.0,1.0104,82.42,7.0083,0.75,1.4175,3.2333,64.35,6.95,26.8,4.32,4.65
2020-04-14 23:00:00,23,23,23,2.0,3.0,18.0,0.0,0.0,1.0,3,3,6,2,8,2,7.933,186.0,157.0,241.0,4.5,3.0,7.76,roster,0,76.0,57.5,0.7917,68.68,3.1775,0.575,0.3866,3.3043,49.33,6.95,26.8,5.6,6.025
2020-04-15 00:00:00,0,20,20,3.0,4.0,13.0,0.0,0.0,1.0,3,2,7,2,9,2,8.933,221.0,163.0,283.0,5.5,3.0,7.76,roster,0,70.0,50.0,0.7527,64.09,2.6521,0.5,0.2577,3.5,42.9,7.81,26.8,6.58,7.075
2020-04-15 01:00:00,1,18,18,2.0,4.0,11.0,1.0,0.0,1.0,3,3,7,2,9,2,9.933,281.0,223.0,343.0,6.5,3.0,7.76,roster,0,61.0,45.0,0.6559,61.2,2.8351,0.45,0.3866,3.3889,38.61,7.81,26.8,7.97,8.575
2020-04-15 02:00:00,2,16,16,2.0,4.0,10.0,0.0,0.0,1.0,1,1,7,2,9,2,10.933,341.0,283.0,403.0,7.5,3.0,7.76,roster,0,56.0,40.0,0.6022,58.3,1.851,0.4,0.1289,3.5,34.32,7.81,26.8,9.37,10.075
2020-04-15 03:00:00,3,18,18,2.0,4.0,12.0,0.0,0.0,1.0,3,3,7,1,8,1,11.933,399.0,343.0,463.0,8.017,3.0,7.76,roster,0,62.0,45.0,0.6458,49.72,2.8816,0.45,0.3866,3.4444,38.61,6.95,13.4,10.76,11.575
2020-04-15 04:00:00,4,15,15,2.0,3.0,10.0,0.0,0.0,1.0,0,0,8,0,8,0,12.933,459.0,393.0,523.0,9.017,3.0,7.76,roster,0,52.0,37.5,0.5417,31.28,1.3,0.375,0.0,3.4667,32.17,6.95,0.0,12.16,13.075
2020-04-15 05:00:00,5,19,19,2.0,3.0,13.0,1.0,0.0,1.0,4,4,8,0,8,0,13.933,519.0,453.0,583.0,10.017,3.0,7.76,roster,0,63.0,47.5,0.6562,41.26,3.2842,0.475,0.5155,3.3158,40.75,6.95,0.0,13.55,14.575
2020-04-15 06:00:00,6,19,19,2.0,3.0,12.0,2.0,0.0,1.0,3,2,9,0,9,0,14.933,577.0,478.0,631.0,11.017,3.0,7.76,roster,0,62.0,47.5,0.6667,43.24,2.391,0.475,0.2577,3.2632,40.75,7.81,0.0,14.67,15.775
2020-04-15 07:00:00,7,17,17,2.0,3.0,10.0,2.0,0.0,1.0,0,0,9,0,9,0,15.933,637.0,538.0,691.0,12.017,3.0,7.76,roster,0,56.0,42.5,0.6022,40.35,1.4,0.425,0.0,3.2941,36.46,7.81,0.0,16.07,17.275
2020-04-15 08:00:00,8,16,16,2.0,2.0,12.0,0.0,0.0,1.0,3,2,9,0,9,0,16.933,697.0,598.0,751.0,13.017,3.0,8.42,roster,0,54.0,40.0,0.5806,39.6,2.1517,0.4,0.2375,3.375,34.32,7.81,0.0,17.46,18.775
2020-04-15 09:00:00,9,15,15,1.0,2.0,12.0,0.0,0.0,1.0,5,5,5,0,5,0,17.933,693.0,658.0,761.0,13.517,3.0,8.42,roster,0,49.0,37.5,0.4667,34.21,3.1648,0.375,0.5938,3.2667,32.17,4.34,0.0,17.69,19.025
2020-04-15 10:00:00,10,15,15,0.0,1.0,10.0,4.0,0.0,1.0,8,7,5,0,5,0,13.683,325.0,91.0,718.0,13.683,4.0,11.46,roster,0,42.0,37.5,0.3,33.21,2.7603,0.375,0.6108,2.8,32.17,4.34,0.0,16.69,17.95
2020-04-15 11:00:00,11,17,17,0.0,3.0,12.0,2.0,0.0,1.0,10,10,3,1,4,1,6.417,149.0,147.0,385.0,6.417,4.0,11.46,roster,0,52.0,42.5,0.3611,42.29,3.9691,0.425,0.8726,3.0588,36.46,3.47,13.4,8.95,9.625
2020-04-15 12:00:00,12,19,19,0.0,4.0,13.0,2.0,0.0,1.0,5,5,6,3,9,3,7.417,92.0,72.0,166.0,7.417,4.0,11.46,roster,0,59.0,47.5,0.4758,72.63,2.8298,0.475,0.4363,3.1053,40.75,7.81,40.2,3.86,4.15
2020-04-15 13:00:00,13,23,23,0.0,4.0,17.0,2.0,0.0,1.0,7,7,6,4,10,4,8.417,145.5,126.0,226.0,8.417,4.0,11.46,roster,0,71.0,57.5,0.5917,96.87,3.6606,0.575,0.6108,3.087,49.33,8.68,53.6,5.25,5.65
2020-04-15 14:00:00,14,23,23,0.0,4.0,17.0,2.0,0.0,1.0,7,5,6,3,9,3,9.417,199.0,186.0,217.0,9.417,4.0,11.46,roster,0,71.0,57.5,0.5726,82.4,3.1218,0.575,0.4363,3.087,49.33,7.81,40.2,5.05,5.425
2020-04-15 15:00:00,15,20,20,0.0,4.0,16.0,0.0,0.0,1.0,5,4,6,3,9,3,10.417,259.0,246.0,277.0,10.417,4.0,11.46,roster,0,64.0,50.0,0.5161,77.36,2.7169,0.5,0.349,3.2,42.9,7.81,40.2,6.44,6.925
2020-04-15 16:00:00,16,17,17,0.0,3.0,14.0,0.0,0.0,1.0,5,4,5,2,7,2,11.417,319.0,128.0,447.0,11.417,4.0,11.46,roster,0,54.0,42.5,0.4091,59.74,2.4587,0.425,0.349,3.1765,36.46,6.08,26.8,10.39,11.175
2020-04-15 17:00:00,17,24,24,0.0,5.0,19.0,0.0,0.0,1.0,9,9,8,2,10,2,12.417,277.0,113.0,392.0,12.417,4.0,11.46,roster,0,77.0,60.0,0.6417,76.08,4.4446,0.6,0.7853,3.2083,51.48,8.68,26.8,9.11,9.8
2020-04-15 18:00:00,18,21,21,0.0,5.0,16.0,0.0,0.0,1.0,10,10,5,2,7,2,9.45,173.0,163.0,426.0,9.45,4.0,11.46,roster,0,68.0,52.5,0.5152,67.83,4.5256,0.525,0.8726,3.2381,45.04,6.08,26.8,9.9,10.65
2020-04-15 19:00:00,19,14,14,0.0,5.0,9.0,0.0,0.0,1.0,3,2,4,3,7,3,8.1,227.0,127.0,308.0,8.1,4.0,11.46,roster,0,47.0,35.0,0.3561,63.47,1.7609,0.35,0.1745,3.3571,30.03,6.08,40.2,7.16,7.7
2020-04-15 20:00:00,20,10,10,0.0,4.0,6.0,0.0,0.0,1.0,4,4,2,2,4,2,6.133,240.0,187.0,368.0,6.133,4.0,9.76,roster,0,34.0,25.0,0.2361,40.28,2.2434,0.25,0.4098,3.4,21.45,3.47,26.8,8.56,9.2
2020-04-15 21:00:00,21,14,14,0.0,5.0,7.0,2.0,0.0,1.0,7,7,2,1,3,1,7.133,353.0,247.0,428.0,7.133,4.0,9.76,roster,0,45.0,35.0,0.3041,35.99,3.4303,0.35,0.7172,3.2143,30.03,2.6,13.4,9.95,10.7
2020-04-15 22:00:00,22,14,14,0.0,4.0,8.0,2.0,0.0,1.0,4,4,2,0,2,0,5.117,187.5,68.0,307.0,5.117,3.0,6.72,roster,0,44.0,35.0,0.386,18.9,2.9707,0.35,0.5952,3.1429,30.03,1.74,0.0,7.14,7.675
2020-04-15 23:00:00,23,16,16,0.0,4.0,10.0,2.0,0.0,1.0,6,6,2,1,3,1,6.117,128.0,117.0,367.0,6.117,3.0,6.72,roster,0,50.0,40.0,0.4505,38.86,4.0402,0.4,0.8929,3.125,34.32,2.6,13.4,8.53,9.175
2020-04-16 00:00:00,0,12,12,0.0,2.0,8.0,2.0,0.0,1.0,4,3,2,1,3,1,7.117,188.0,177.0,427.0,7.117,3.0,6.72,roster,0,36.0,30.0,0.3243,31.67,2.2393,0.3,0.4464,3.0,25.74,2.6,13.4,9.93,10.675
2020-04-16 01:00:00,1,11,11,0.0,3.0,7.0,1.0,0.0,1.0,3,3,2,0,2,0,8.117,367.5,248.0,487.0,8.117,3.0,6.72,roster,0,35.0,27.5,0.307,16.65,2.2955,0.275,0.4464,3.1818,23.6,1.74,0.0,11.32,12.175
2020-04-16 02:00:00,2,12,12,0.0,2.0,10.0,0.0,0.0,1.0,4,4,3,0,3,0,9.117,308.0,109.0,547.0,9.117,3.0,6.72,roster,0,38.0,30.0,0.3423,21.06,2.8349,0.3,0.5952,3.1667,25.74,2.6,0.0,12.72,13.675
2020-04-16 03:00:00,3,11,11,0.0,3.0,8.0,0.0,0.0,1.0,2,2,4,0,4,0,10.117,268.5,169.0,607.0,10.117,3.0,6.72,roster,0,36.0,27.5,0.3333,21.18,1.874,0.275,0.2976,3.2727,23.6,3.47,0.0,14.11,15.175
2020-04-16 04:00:00,4,12,12,0.0,4.0,8.0,0.0,0.0,1.0,5,3,5,0,5,0,11.117,229.0,164.0,428.0,11.117,3.0,6.72,roster,0,40.0,30.0,0.381,20.03,2.4881,0.3,0.4464,3.3333,25.74,4.34,0.0,9.95,10.7
2020-04-16 05:00:00,5,15,15,0.0,4.0,11.0,0.0,0.0,1.0,4,3,7,1,8,1,12.117,199.0,112.0,488.0,12.117,3.0,6.72,roster,0,49.0,37.5,0.5104,43.87,2.6833,0.375,0.4464,3.2667,32.17,6.95,13.4,11.35,12.2
2020-04-16 06:00:00,6,17,17,0.0,4.0,13.0,0.0,0.0,1.0,2,2,7,1,8,1,13.117,259.0,172.0,548.0,13.117,3.0,6.72,roster,0,55.0,42.5,0.5729,49.55,2.3379,0.425,0.2976,3.2353,36.46,6.95,13.4,12.74,13.7
2020-04-16 07:00:00,7,13,13,0.0,4.0,9.0,0.0,0.0,1.0,0,0,8,0,8,0,14.117,319.0,232.0,608.0,14.117,3.0,6.72,roster,0,43.0,32.5,0.4479,28.97,1.075,0.325,0.0,3.3077,27.88,6.95,0.0,14.14,15.2
2020-04-16 08:00:00,8,14,14,0.0,6.0,7.0,1.0,0.0,1.0,5,4,8,0,8,0,15.117,379.0,292.0,668.0,15.117,3.0,7.76,roster,0,47.0,35.0,0.4896,32.51,2.9055,0.35,0.5155,3.3571,30.03,6.95,0.0,15.53,16.7
2020-04-16 09:00:00,9,17,17,0.0,8.0,8.0,1.0,0.0,1.0,7,7,6,0,6,0,16.117,383.0,337.0,728.0,16.117,3.0,7.76,roster,0,58.0,42.5,0.5686,38.6,4.5276,0.425,0.9021,3.4118,36.46,5.21,0.0,16.93,18.2
2020-04-16 10:00:00,10,18,18,0.0,8.0,9.0,1.0,0.0,1.0,5,4,6,0,6,0,13.133,404.5,107.0,474.0,13.133,4.0,11.01,roster,0,61.0,45.0,0.4485,34.84,2.7562,0.45,0.3633,3.3889,38.61,5.21,0.0,11.02,11.85
2020-04-16 11:00:00,11,16,16,0.0,9.0,6.0,1.0,0.0,1.0,5,4,4,0,4,0,14.133,503.0,472.0,848.0,14.133,4.0,11.01,roster,0,56.0,40.0,0.3889,37.51,2.6716,0.4,0.3633,3.5,34.32,3.47,0.0,19.72,21.2
2020-04-16 12:00:00,12,12,12,0.0,6.0,5.0,1.0,0.0,1.0,2,2,1,1,2,1,15.133,493.0,78.0,908.0,15.133,4.0,11.01,roster,0,41.0,30.0,0.2697,41.99,1.6456,0.3,0.1817,3.4167,25.74,1.74,13.4,21.11,22.7
2020-04-16 13:00:00,13,17,17,0.0,6.0,10.0,1.0,0.0,1.0,6,6,1,1,2,1,16.133,553.0,138.0,968.0,16.133,4.0,11.01,roster,0,56.0,42.5,0.3684,54.11,3.1952,0.425,0.545,3.2941,36.46,1.74,13.4,22.51,24.2
2020-04-16 14:00:00,14,25,25,0.0,6.0,17.0,2.0,0.0,1.0,12,10,3,0,3,0,17.133,80.0,73.0,1028.0,17.133,4.0,11.01,roster,0,79.0,62.5,0.5338,60.13,4.8451,0.625,0.9083,3.16,53.62,2.6,0.0,23.9,25.7
2020-04-16 15:00:00,15,22,22,0.0,6.0,13.0,3.0,0.0,1.0,6,5,4,0,4,0,7.067,105.5,99.0,117.0,1.95,4.0,11.01,roster,0,69.0,55.0,0.4792,33.38,3.1493,0.55,0.4541,3.1364,47.19,3.47,0.0,2.72,2.925
2020-04-16 16:00:00,16,19,19,1.0,3.0,13.0,2.0,0.0,1.0,5,4,3,0,3,0,8.067,159.0,125.0,177.0,2.95,4.0,11.01,roster,0,60.0,47.5,0.4054,27.48,2.6473,0.475,0.3633,3.1579,40.75,2.6,0.0,4.12,4.425
2020-04-16 17:00:00,17,20,20,1.0,6.0,12.0,1.0,0.0,1.0,7,7,4,0,4,0,6.85,202.0,185.0,237.0,3.95,4.0,11.01,roster,0,67.0,50.0,0.4653,31.88,3.8049,0.5,0.6358,3.35,42.9,3.47,0.0,5.51,5.925
2020-04-16 18:00:00,18,17,17,0.0,6.0,10.0,1.0,0.0,1.0,3,3,6,0,6,0,7.85,177.5,98.0,279.0,4.95,4.0,11.01,roster,0,56.0,42.5,0.4118,28.16,2.2976,0.425,0.2725,3.2941,36.46,5.21,0.0,6.49,6.975
2020-04-16 19:00:00,19,16,16,0.0,4.0,11.0,1.0,0.0,1.0,4,5,6,0,6,0,8.85,161.0,90.0,339.0,5.95,4.0,11.01,roster,0,51.0,40.0,0.375,27.41,2.7225,0.4,0.4541,3.1875,34.32,5.21,0.0,7.88,8.475
2020-04-16 20:00:00,20,17,17,0.0,2.0,14.0,1.0,0.0,1.0,4,4,8,0,8,0,9.85,135.0,114.0,399.0,6.95,4.0,9.75,roster,0,52.0,42.5,0.4062,32.69,2.5549,0.425,0.4103,3.0588,36.46,6.95,0.0,9.28,9.975
2020-04-16 21:00:00,21,15,15,0.0,3.0,11.0,1.0,0.0,1.0,7,5,6,0,6,0,10.85,161.0,137.0,290.0,7.95,4.0,9.75,roster,0,47.0,37.5,0.3456,24.13,2.7818,0.375,0.5128,3.1333,32.17,5.21,0.0,6.74,7.25
2020-04-16 22:00:00,22,22,22,0.0,3.0,17.0,1.0,1.0,1.0,12,11,4,0,4,0,11.85,276.0,202.0,537.0,8.95,3.0,6.5,roster,0,66.0,55.0,0.6111,43.15,6.7269,0.55,1.6923,3.0,47.19,3.47,0.0,12.49,13.425
2020-04-16 23:00:00,23,18,18,0.0,3.0,13.0,1.0,1.0,1.0,5,5,5,0,5,0,12.85,262.0,204.0,410.0,9.95,3.0,6.5,roster,0,54.0,45.0,0.5143,32.48,3.6577,0.45,0.7692,3.0,38.61,4.34,0.0,9.53,10.25
2020-04-17 00:00:00,0,16,16,0.0,3.0,11.0,1.0,1.0,1.0,5,3,5,1,6,1,13.85,293.0,168.0,470.0,10.95,3.0,6.5,roster,0,48.0,40.0,0.4706,43.86,2.5846,0.4,0.4615,3.0,34.32,5.21,13.4,10.93,11.75
2020-04-17 01:00:00,1,16,16,0.0,3.0,11.0,1.0,1.0,1.0,3,3,5,0,5,0,14.85,382.0,324.0,530.0,11.95,3.0,6.5,roster,0,48.0,40.0,0.4571,30.98,2.5846,0.4,0.4615,3.0,34.32,4.34,0.0,12.32,13.25
2020-04-17 02:00:00,2,17,17,0.0,3.0,12.0,1.0,1.0,1.0,4,3,6,0,6,0,15.85,413.0,288.0,590.0,12.95,3.0,6.5,roster,0,51.0,42.5,0.5,35.39,2.6596,0.425,0.4615,3.0,36.46,5.21,0.0,13.72,14.75
2020-04-17 03:00:00,3,18,18,0.0,3.0,12.0,2.0,1.0,1.0,5,4,6,0,6,0,16.85,473.0,348.0,650.0,13.95,3.0,6.5,roster,0,53.0,45.0,0.5196,38.93,3.137,0.45,0.6154,2.9444,38.61,5.21,0.0,15.11,16.25
2020-04-17 04:00:00,4,17,17,0.0,3.0,12.0,1.0,1.0,1.0,1,1,7,0,7,0,17.85,504.0,144.0,710.0,14.95,3.0,6.5,roster,0,51.0,42.5,0.5152,39.05,1.7365,0.425,0.1538,3.0,36.46,6.08,0.0,16.51,17.75
2020-04-17 05:00:00,5,16,16,0.0,3.0,11.0,1.0,1.0,1.0,1,1,7,0,7,0,18.85,564.0,204.0,770.0,15.95,3.0,6.5,roster,0,48.0,40.0,0.4848,38.3,1.6615,0.4,0.1538,3.0,34.32,6.08,0.0,17.9,19.25
2020-04-17 06:00:00,6,16,16,0.0,3.0,11.0,1.0,1.0,1.0,1,1,7,0,7,0,19.85,624.0,264.0,830.0,16.95,3.0,6.5,roster,0,48.0,40.0,0.4848,39.7,1.6615,0.4,0.1538,3.0,34.32,6.08,0.0,19.3,20.75
2020-04-17 07:00:00,7,14,14,0.0,2.0,10.0,1.0,1.0,1.0,2,2,7,0,7,0,20.85,684.0,324.0,890.0,17.95,3.0,6.5,roster,0,41.0,35.0,0.4141,36.8,1.9261,0.35,0.3077,2.9286,30.03,6.08,0.0,20.69,22.25
2020-04-17 08:00:00,8,17,17,0.0,2.0,13.0,1.0,1.0,1.0,4,4,8,0,8,0,21.85,696.0,384.0,950.0,18.95,3.0,8.06,roster,0,50.0,42.5,0.5208,45.5,2.7096,0.425,0.4963,2.9412,36.46,6.95,0.0,22.09,23.75
2020-04-17 09:00:00,9,15,15,0.0,2.0,12.0,1.0,0.0,1.0,4,4,6,0,6,0,22.85,591.5,150.0,1010.0,19.95,3.0,8.06,roster,0,46.0,37.5,0.451,40.87,2.6719,0.375,0.4963,3.0667,32.17,5.21,0.0,23.48,25.25
2020-04-17 10:00:00,10,18,18,1.0,4.0,12.0,1.0,0.0,1.0,5,5,5,0,5,0,23.85,864.0,210.0,1070.0,20.95,4.0,11.76,roster,0,59.0,45.0,0.4214,47.83,2.8686,0.45,0.4252,3.2778,38.61,4.34,0.0,24.88,26.75
2020-04-17 11:00:00,11,18,18,1.0,7.0,9.0,1.0,0.0,1.0,7,7,7,0,7,0,24.85,234.0,94.0,1130.0,21.95,4.0,11.76,roster,0,62.0,45.0,0.4697,50.96,3.6003,0.45,0.5952,3.4444,38.61,6.08,0.0,26.27,28.25
2020-04-17 12:00:00,12,21,21,1.0,8.0,9.0,3.0,0.0,1.0,8,6,7,0,7,0,25.85,171.0,131.0,330.0,19.833,4.0,11.76,roster,0,70.0,52.5,0.5303,38.8,3.4507,0.525,0.5102,3.3333,45.04,6.08,0.0,7.67,8.25
2020-04-17 13:00:00,13,22,22,2.0,8.0,11.0,1.0,0.0,1.0,6,5,7,0,7,0,26.85,214.0,152.0,390.0,20.833,4.0,11.76,roster,0,77.0,55.0,0.5833,42.34,3.4131,0.55,0.4252,3.5,47.19,6.08,0.0,9.07,9.75
2020-04-17 14:00:00,14,19,19,1.0,4.0,12.0,2.0,0.0,1.0,7,5,3,1,4,1,14.5,194.0,176.0,450.0,7.5,4.0,11.76,roster,0,61.0,47.5,0.4236,48.09,2.89,0.475,0.4252,3.2105,40.75,3.47,13.4,10.46,11.25
2020-04-17 15:00:00,15,18,18,1.0,5.0,11.0,1.0,0.0,1.0,2,2,2,2,4,2,15.5,185.5,135.0,510.0,8.5,4.0,11.76,roster,0,60.0,45.0,0.4167,60.74,2.0669,0.45,0.1701,3.3333,38.61,3.47,26.8,11.86,12.75
2020-04-17 16:00:00,16,19,19,1.0,4.0,12.0,2.0,0.0,1.0,7,7,3,1,4,1,16.5,153.0,111.0,570.0,9.5,4.0,11.76,roster,0,61.0,47.5,0.4236,50.88,3.436,0.475,0.5952,3.2105,40.75,3.47,13.4,13.25,14.25
2020-04-17 17:00:00,17,17,17,0.0,5.0,12.0,0.0,0.0,1.0,5,5,3,0,3,0,10.5,171.0,159.0,630.0,10.5,4.0,11.76,roster,0,56.0,42.5,0.3784,33.72,2.8006,0.425,0.4252,3.2941,36.46,2.6,0.0,14.65,15.75
2020-04-17 18:00:00,18,13,13,0.0,4.0,9.0,0.0,0.0,1.0,4,4,3,0,3,0,11.5,219.0,67.0,690.0,11.5,4.0,11.76,roster,0,43.0,32.5,0.2905,26.53,2.2001,0.325,0.3401,3.3077,27.88,2.6,0.0,16.04,17.25
2020-04-17 19:00:00,19,11,11,0.0,3.0,8.0,0.0,0.0,1.0,6,4,1,1,2,1,6.533,119.5,112.0,127.0,2.117,4.0,11.76,roster,0,36.0,27.5,0.2368,21.68,2.0132,0.275,0.3401,3.2727,23.6,1.74,13.4,2.95,3.175
2020-04-17 20:00:00,20,8,8,0.0,3.0,5.0,0.0,0.0,1.0,5,4,1,0,1,0,7.533,103.0,103.0,103.0,1.717,4.0,10.36,roster,0,27.0,20.0,0.1731,0.42,1.9781,0.2,0.3861,3.375,17.16,0.87,0.0,2.39,2.575
2020-04-17 21:00:00,21,13,13,0.0,6.0,6.0,1.0,0.0,1.0,9,6,2,0,2,0,8.533,121.5,80.0,163.0,2.717,4.0,10.36,roster,0,44.0,32.5,0.2895,13.41,3.0602,0.325,0.5792,3.3846,27.88,1.74,0.0,3.79,4.075
2020-04-17 22:00:00,22,12,12,0.0,6.0,5.0,1.0,0.0,1.0,6,5,3,1,4,1,4.2,122.0,104.0,223.0,3.717,3.0,6.66,roster,0,41.0,30.0,0.3796,27.8,3.5901,0.3,0.7508,3.4167,25.74,3.47,13.4,5.18,5.575
2020-04-17 23:00:00,23,10,10,0.0,4.0,6.0,0.0,0.0,1.0,1,1,5,1,6,1,4.717,122.0,92.0,200.0,4.717,3.0,6.66,roster,0,34.0,25.0,0.3333,24.71,1.3605,0.25,0.1502,3.4,21.45,5.21,13.4,4.65,5.0
2020-04-18 00:00:00,0,17,17,0.0,4.0,10.0,3.0,0.0,1.0,7,7,6,1,7,1,5.717,162.0,148.0,260.0,5.717,3.0,6.66,roster,0,52.0,42.5,0.5253,41.99,4.515,0.425,1.0511,3.0588,36.46,6.08,13.4,6.04,6.5
2020-04-18 01:00:00,1,15,15,0.0,6.0,8.0,1.0,0.0,1.0,4,4,6,1,7,1,6.717,222.0,208.0,320.0,6.717,3.0,6.66,roster,0,50.0,37.5,0.5051,39.09,3.252,0.375,0.6006,3.3333,32.17,6.08,13.4,7.44,8.0
2020-04-18 02:00:00,2,15,15,0.0,5.0,9.0,1.0,0.0,1.0,3,3,7,0,7,0,7.717,272.0,230.0,380.0,7.717,3.0,6.66,roster,0,49.0,37.5,0.4949,27.09,2.6965,0.375,0.4505,3.2667,32.17,6.08,0.0,8.84,9.5
2020-04-18 03:00:00,3,16,16,0.0,5.0,11.0,0.0,0.0,1.0,2,2,7,0,7,0,8.717,332.0,290.0,440.0,8.717,3.0,6.66,roster,0,53.0,40.0,0.5354,30.63,2.3197,0.4,0.3003,3.3125,34.32,6.08,0.0,10.23,11.0
2020-04-18 04:00:00,4,13,13,0.0,3.0,10.0,0.0,0.0,1.0,1,1,7,0,7,0,9.717,392.0,350.0,500.0,9.717,3.0,6.66,roster,0,42.0,32.5,0.4242,25.59,1.5351,0.325,0.1502,3.2308,27.88,6.08,0.0,11.62,12.5
2020-04-18 05:00:00,5,12,12,0.0,4.0,8.0,0.0,0.0,1.0,1,1,8,0,8,0,10.717,450.0,410.0,560.0,10.717,3.0,6.66,roster,0,40.0,30.0,0.4167,25.71,1.5005,0.3,0.1502,3.3333,25.74,6.95,0.0,13.02,14.0
2020-04-18 06:00:00,6,16,16,0.0,4.0,12.0,0.0,0.0,1.0,4,4,8,1,9,1,11.717,508.0,342.0,562.0,11.717,3.0,6.66,roster,0,52.0,40.0,0.5591,48.6,3.252,0.4,0.6006,3.25,34.32,7.81,13.4,13.07,14.05
2020-04-18 07:00:00,7,16,16,0.0,4.0,12.0,0.0,0.0,1.0,2,2,10,1,11,1,12.717,530.0,127.0,622.0,12.717,3.0,6.66,roster,0,52.0,40.0,0.5977,51.73,2.276,0.4,0.3003,3.25,34.32,9.55,13.4,14.46,15.55
2020-04-18 08:00:00,8,18,18,0.0,5.0,13.0,0.0,0.0,1.0,2,2,10,1,11,1,13.717,590.0,187.0,682.0,13.717,3.0,7.76,roster,0,59.0,45.0,0.6782,57.42,2.3198,0.45,0.2577,3.2778,38.61,9.55,13.4,15.86,17.05
2020-04-18 09:00:00,9,16,16,0.0,4.0,11.0,1.0,0.0,1.0,6,6,5,0,5,0,13.9,322.0,187.0,650.0,11.467,3.0,7.76,roster,0,51.0,40.0,0.4857,33.77,3.7396,0.4,0.7732,3.1875,34.32,4.34,0.0,15.11,16.25
2020-04-18 10:00:00,10,18,18,0.0,3.0,12.0,3.0,0.0,1.0,5,4,4,1,5,1,14.9,382.0,242.0,710.0,12.467,4.0,11.46,roster,0,54.0,45.0,0.3857,52.86,2.3971,0.45,0.349,3.0,38.61,4.34,13.4,16.51,17.75
2020-04-18 11:00:00,11,15,15,0.0,3.0,11.0,1.0,0.0,1.0,3,3,2,0,2,0,15.9,625.0,442.0,808.0,13.467,4.0,11.46,roster,0,47.0,37.5,0.3092,32.7,1.9952,0.375,0.2618,3.1333,32.17,1.74,0.0,18.79,20.2
2020-04-18 12:00:00,12,20,20,0.0,3.0,14.0,3.0,0.0,1.0,8,8,2,0,2,0,16.9,294.0,86.0,502.0,8.367,4.0,11.46,roster,0,60.0,50.0,0.3947,36.31,3.5942,0.5,0.6981,3.0,42.9,1.74,0.0,11.67,12.55
2020-04-18 13:00:00,13,17,17,0.0,2.0,14.0,1.0,0.0,1.0,5,5,3,0,3,0,11.15,118.0,104.0,562.0,9.367,4.0,11.46,roster,0,52.0,42.5,0.3514,32.14,2.6346,0.425,0.4363,3.0588,36.46,2.6,0.0,13.07,14.05
2020-04-18 14:00:00,14,17,17,0.0,2.0,13.0,2.0,0.0,1.0,6,5,3,0,3,0,12.15,178.0,90.0,622.0,10.367,4.0,11.46,roster,0,51.0,42.5,0.3446,33.53,2.5839,0.425,0.4363,3.0,36.46,2.6,0.0,14.46,15.55
2020-04-18 15:00:00,15,22,22,0.0,2.0,18.0,2.0,0.0,1.0,9,8,4,0,4,0,13.15,94.5,72.0,682.0,11.367,4.0,11.46,roster,0,66.0,55.0,0.4583,46.52,3.7442,0.55,0.6981,3.0,47.19,3.47,0.0,15.86,17.05
2020-04-18 16:00:00,16,28,28,0.0,2.0,23.0,3.0,0.0,1.0,13,13,5,0,5,0,14.15,125.0,93.0,132.0,12.367,4.0,11.46,roster,0,83.0,70.0,0.5929,47.47,5.4376,0.7,1.1344,2.9643,60.06,4.34,0.0,3.07,3.3
2020-04-18 17:00:00,17,26,26,0.0,2.0,22.0,2.0,0.0,1.0,6,5,7,0,7,0,15.15,153.0,115.0,192.0,13.367,4.0,11.46,roster,0,78.0,65.0,0.5909,46.31,3.2589,0.65,0.4363,3.0,55.77,6.08,0.0,4.46,4.8
2020-04-18 18:00:00,18,18,18,0.0,3.0,13.0,2.0,0.0,1.0,3,3,6,0,6,0,16.15,210.0,144.0,252.0,14.367,4.0,11.46,roster,0,55.0,45.0,0.4044,29.68,2.1749,0.45,0.2618,3.0556,38.61,5.21,0.0,5.86,6.3
2020-04-18 19:00:00,19,19,19,0.0,2.0,15.0,2.0,0.0,1.0,7,7,4,1,5,1,15.367,204.0,163.0,235.0,15.367,4.0,11.46,roster,0,57.0,47.5,0.4071,43.96,3.2575,0.475,0.6108,3.0,40.75,4.34,13.4,5.46,5.875
2020-04-18 20:00:00,20,21,21,0.0,5.0,14.0,2.0,0.0,1.0,9,8,7,2,9,2,16.367,113.0,91.0,223.0,16.367,4.0,10.36,roster,0,66.0,52.5,0.5323,64.84,4.0769,0.525,0.7722,3.1429,45.04,7.81,26.8,5.18,5.575
2020-04-18 21:00:00,21,20,20,0.0,6.0,13.0,1.0,0.0,1.0,3,3,6,2,8,2,17.367,157.0,137.0,186.0,17.367,4.0,10.36,roster,0,65.0,50.0,0.5078,60.97,2.5661,0.5,0.2896,3.25,42.9,6.95,26.8,4.32,4.65
2020-04-18 22:00:00,22,20,20,0.0,5.0,14.0,1.0,0.0,1.0,7,7,5,1,6,1,18.367,174.5,85.0,246.0,18.367,3.0,6.66,roster,0,64.0,50.0,0.6275,47.23,4.9634,0.5,1.0511,3.2,42.9,5.21,13.4,5.72,6.15
2020-04-18 23:00:00,23,21,21,0.0,6.0,14.0,1.0,0.0,1.0,8,8,5,1,6,1,19.367,234.5,145.0,306.0,19.367,3.0,6.66,roster,0,68.0,52.5,0.6667,50.77,5.5896,0.525,1.2012,3.2381,45.04,5.21,13.4,7.11,7.65
2020-04-19 00:00:00,0,18,18,0.0,5.0,12.0,1.0,0.0,1.0,5,6,7,0,7,0,20.367,205.0,91.0,343.0,20.367,3.0,6.66,roster,0,58.0,45.0,0.5859,32.66,4.3529,0.45,0.9009,3.2222,38.61,6.08,0.0,7.97,8.575
2020-04-19 01:00:00,1,17,17,0.0,6.0,10.0,1.0,0.0,1.0,3,2,7,1,8,1,21.367,256.5,151.0,403.0,21.367,3.0,6.66,roster,0,56.0,42.5,0.5833,46.18,2.3892,0.425,0.3003,3.2941,36.46,6.95,13.4,9.37,10.075
2020-04-19 02:00:00,2,17,17,0.0,5.0,11.0,1.0,0.0,1.0,2,2,8,1,9,1,22.367,308.0,180.0,366.0,22.367,3.0,6.66,roster,0,55.0,42.5,0.5914,46.19,2.3466,0.425,0.3003,3.2353,36.46,7.81,13.4,8.51,9.15
2020-04-19 03:00:00,3,18,18,0.0,5.0,12.0,1.0,0.0,1.0,1,1,8,1,9,1,23.367,368.0,240.0,426.0,23.367,3.0,6.66,roster,0,58.0,45.0,0.6237,49.73,1.9338,0.45,0.1502,3.2222,38.61,7.81,13.4,9.9,10.65
2020-04-19 04:00:00,4,15,15,0.0,4.0,10.0,1.0,0.0,1.0,3,1,8,1,9,1,24.367,428.0,300.0,486.0,24.367,3.0,6.66,roster,0,48.0,37.5,0.5161,44.69,1.6805,0.375,0.1502,3.2,32.17,7.81,13.4,11.3,12.15
2020-04-19 05:00:00,5,14,14,0.0,4.0,9.0,1.0,0.0,1.0,0,0,8,1,9,1,25.367,488.0,360.0,546.0,25.367,3.0,6.66,roster,0,45.0,35.0,0.4839,43.94,1.125,0.35,0.0,3.2143,30.03,7.81,13.4,12.69,13.65
2020-04-19 06:00:00,6,15,15,0.0,4.0,10.0,1.0,0.0,1.0,2,2,8,1,9,1,26.367,548.0,420.0,606.0,26.367,3.0,6.66,roster,0,48.0,37.5,0.5161,47.48,2.161,0.375,0.3003,3.2,32.17,7.81,13.4,14.09,15.15
2020-04-19 07:00:00,7,15,15,0.0,4.0,10.0,1.0,0.0,1.0,1,1,8,1,9,1,27.367,608.0,480.0,666.0,27.367,3.0,6.66,roster,0,48.0,37.5,0.5161,48.87,1.6805,0.375,0.1502,3.2,32.17,7.81,13.4,15.48,16.65
2020-04-19 08:00:00,8,20,20,0.0,6.0,13.0,1.0,0.0,1.0,6,6,8,1,9,1,28.367,668.0,540.0,726.0,28.367,3.0,7.76,roster,0,65.0,50.0,0.6989,60.99,4.1379,0.5,0.7732,3.25,42.9,7.81,13.4,16.88,18.15
2020-04-19 09:00:00,9,14,14,0.0,3.0,11.0,0.0,0.0,1.0,3,3,5,2,7,2,29.367,590.0,100.0,631.0,29.367,3.0,7.76,roster,0,45.0,35.0,0.4545,57.58,2.3676,0.35,0.3866,3.2143,30.03,6.08,26.8,14.67,15.775
2020-04-19 10:00:00,10,19,19,1.0,3.0,13.0,2.0,0.0,1.0,8,8,4,2,6,2,30.367,405.0,156.0,691.0,30.367,4.0,11.01,roster,0,60.0,47.5,0.4412,68.83,3.7946,0.475,0.7266,3.1579,40.75,5.21,26.8,16.07,17.275
2020-04-19 11:00:00,11,14,14,1.0,1.0,11.0,1.0,0.0,1.0,6,5,5,0,5,0,31.367,171.0,91.0,751.0,31.367,4.0,11.01,roster,0,44.0,35.0,0.3143,31.83,2.5273,0.35,0.4541,3.1429,30.03,4.34,0.0,17.46,18.775
2020-04-19 12:00:00,12,21,21,1.0,2.0,16.0,2.0,0.0,1.0,9,8,5,0,5,0,32.367,231.0,151.0,811.0,32.367,4.0,11.01,roster,0,65.0,52.5,0.4643,48.24,3.874,0.525,0.7266,3.0952,45.04,4.34,0.0,18.86,20.275
2020-04-19 13:00:00,13,14,14,0.0,3.0,10.0,1.0,0.0,1.0,2,2,5,1,6,1,33.367,164.5,90.0,871.0,33.367,4.0,11.01,roster,0,44.0,35.0,0.3235,48.89,1.6709,0.35,0.1817,3.1429,30.03,5.21,13.4,20.25,21.775
2020-04-19 14:00:00,14,22,22,0.0,8.0,13.0,0.0,1.0,1.0,11,11,6,0,6,0,34.367,210.5,138.0,931.0,34.367,4.0,11.01,roster,0,72.0,55.0,0.5294,54.05,5.0698,0.55,0.9991,3.2727,47.19,5.21,0.0,21.65,23.275
2020-04-19 15:00:00,15,20,20,0.0,7.0,13.0,0.0,0.0,1.0,4,4,7,0,7,0,35.367,169.0,106.0,991.0,35.367,4.0,11.01,roster,0,67.0,50.0,0.5076,52.02,2.8921,0.5,0.3633,3.35,42.9,6.08,0.0,23.04,24.775
2020-04-19 16:00:00,16,21,21,0.0,5.0,13.0,3.0,0.0,1.0,8,8,2,0,2,0,36.367,1162.5,143.0,2182.0,36.367,4.0,11.01,roster,0,65.0,52.5,0.4276,77.51,3.874,0.525,0.7266,3.0952,45.04,1.74,0.0,50.73,54.55
2020-04-19 17:00:00,17,24,24,0.0,5.0,19.0,0.0,0.0,1.0,12,12,2,0,2,0,37.367,1222.5,203.0,2242.0,37.367,4.0,11.01,roster,0,77.0,60.0,0.5066,85.34,5.4218,0.6,1.0899,3.2083,51.48,1.74,0.0,52.13,56.05
2020-04-19 18:00:00,18,26,26,1.0,6.0,18.0,1.0,0.0,1.0,7,7,3,1,4,1,38.367,93.5,91.0,2302.0,38.367,4.0,11.01,roster,0,85.0,65.0,0.5903,106.16,4.2035,0.65,0.6358,3.2692,55.77,3.47,13.4,53.52,57.55
2020-04-19 19:00:00,19,24,24,1.0,7.0,15.0,1.0,0.0,1.0,8,8,2,1,3,1,39.367,151.0,72.0,2362.0,39.367,4.0,11.01,roster,0,80.0,60.0,0.5405,102.4,4.422,0.6,0.7266,3.3333,51.48,2.6,13.4,54.92,59.05
2020-04-19 20:00:00,20,28,28,0.0,6.0,21.0,1.0,0.0,1.0,9,8,4,1,5,1,40.367,106.0,83.0,211.0,40.367,4.0,9.85,roster,0,89.0,70.0,0.6357,62.71,4.8066,0.7,0.8122,3.1786,60.06,4.34,13.4,4.91,5.275
2020-04-19 21:00:00,21,30,30,0.0,8.0,21.0,1.0,0.0,1.0,12,12,5,2,7,2,41.367,143.0,113.0,271.0,41.367,4.0,9.85,roster,0,97.0,75.0,0.7348,83.53,6.3641,0.75,1.2183,3.2333,64.35,6.08,26.8,6.3,6.775
2020-04-19 22:00:00,22,21,21,1.0,6.0,13.0,1.0,0.0,1.0,3,3,6,2,8,2,42.367,130.0,100.0,331.0,42.367,3.0,6.6,roster,0,70.0,52.5,0.7292,66.49,3.2652,0.525,0.4545,3.3333,45.04,6.95,26.8,7.7,8.275
2020-04-19 23:00:00,23,24,24,1.0,5.0,17.0,1.0,0.0,1.0,9,8,6,1,7,1,43.367,214.0,160.0,391.0,43.367,3.0,6.6,roster,0,78.0,60.0,0.7879,60.05,5.8894,0.6,1.2121,3.25,51.48,6.08,13.4,9.09,9.775
2020-04-20 00:00:00,0,27,27,1.0,6.0,19.0,1.0,0.0,1.0,8,7,6,1,7,1,44.367,274.0,220.0,451.0,44.367,3.0,6.6,roster,0,88.0,67.5,0.8889,67.88,5.6568,0.675,1.0606,3.2593,57.92,6.08,13.4,10.49,11.275
2020-04-20 01:00:00,1,27,27,1.0,7.0,17.0,2.0,0.0,1.0,7,6,6,2,8,2,45.367,310.0,280.0,511.0,45.367,3.0,6.6,roster,0,88.0,67.5,0.9167,83.54,5.163,0.675,0.9091,3.2593,57.92,6.95,26.8,11.88,12.775
2020-04-20 02:00:00,2,23,23,1.0,7.0,13.0,2.0,0.0,1.0,4,2,7,2,9,2,46.367,346.0,329.0,443.0,46.367,3.0,6.6,roster,0,76.0,57.5,0.8172,74.25,2.9013,0.575,0.303,3.3043,49.33,7.81,26.8,10.3,11.075
2020-04-20 03:00:00,3,21,21,1.0,7.0,11.0,2.0,0.0,1.0,3,3,7,2,9,2,47.367,406.0,389.0,503.0,47.367,3.0,6.6,roster,0,70.0,52.5,0.7527,71.35,3.2652,0.525,0.4545,3.3333,45.04,7.81,26.8,11.69,12.575
2020-04-20 04:00:00,4,18,18,1.0,6.0,11.0,0.0,0.0,1.0,1,1,7,2,9,2,48.367,466.0,449.0,563.0,48.367,3.0,6.6,roster,0,62.0,45.0,0.6667,66.31,2.0719,0.45,0.1515,3.4444,38.61,7.81,26.8,13.09,14.075
2020-04-20 05:00:00,5,19,19,1.0,5.0,12.0,1.0,0.0,1.0,2,2,8,1,9,1,49.367,526.0,509.0,623.0,49.367,3.0,6.6,roster,0,63.0,47.5,0.6774,56.45,2.5798,0.475,0.303,3.3158,40.75,7.81,13.4,14.48,15.575
2020-04-20 06:00:00,6,19,19,1.0,5.0,12.0,1.0,0.0,1.0,1,1,8,1,9,1,50.367,586.0,569.0,683.0,50.367,3.0,6.6,roster,0,63.0,47.5,0.6774,57.85,2.0774,0.475,0.1515,3.3158,40.75,7.81,13.4,15.88,17.075
2020-04-20 07:00:00,7,20,20,1.0,5.0,12.0,1.0,1.0,1.0,2,2,9,1,10,1,51.367,643.0,419.0,743.0,51.367,3.0,6.6,roster,0,64.0,50.0,0.7111,62.26,2.5697,0.5,0.303,3.2,42.9,8.68,13.4,17.27,18.575
2020-04-20 08:00:00,8,25,25,1.0,5.0,14.0,3.0,2.0,1.0,5,5,10,1,11,1,52.367,700.0,291.0,803.0,52.367,3.0,8.18,roster,0,75.0,62.5,0.8621,75.25,3.7087,0.625,0.6112,3.0,53.62,9.55,13.4,18.67,20.075
2020-04-20 09:00:00,9,22,22,2.0,2.0,14.0,2.0,2.0,1.0,4,4,6,1,7,1,53.367,351.0,134.0,991.0,53.367,3.0,8.18,roster,0,66.0,55.0,0.6667,69.71,3.117,0.55,0.489,3.0,47.19,6.08,13.4,23.04,24.775
2020-04-20 10:00:00,10,30,30,1.0,4.0,21.0,2.0,2.0,1.0,11,11,9,1,10,1,54.367,226.5,106.0,874.0,54.367,4.0,11.43,roster,0,90.0,75.0,0.75,86.75,5.1371,0.75,0.9624,3.0,64.35,8.68,13.4,20.32,21.85
2020-04-20 11:00:00,11,36,36,1.0,5.0,23.0,5.0,2.0,1.0,13,13,11,0,11,0,55.367,140.0,94.0,254.0,55.367,4.0,11.43,roster,0,106.0,90.0,0.9138,72.68,5.9989,0.9,1.1374,2.9444,77.22,9.55,0.0,5.91,6.35
2020-04-20 12:00:00,12,37,37,2.0,4.0,26.0,3.0,2.0,1.0,8,8,11,1,12,1,56.367,133.0,97.0,200.0,56.367,4.0,11.43,roster,0,112.0,92.5,1.0,87.83,4.9187,0.925,0.6999,3.027,79.36,10.42,13.4,4.65,5.0
2020-04-20 13:00:00,13,34,34,3.0,4.0,23.0,2.0,2.0,1.0,8,8,10,1,11,1,57.367,163.0,127.0,254.0,57.367,4.0,11.43,roster,0,106.0,85.0,0.9138,81.79,4.8321,0.85,0.6999,3.1176,72.93,9.55,13.4,5.91,6.35
2020-04-20 14:00:00,14,36,36,2.0,5.0,25.0,2.0,2.0,1.0,6,6,11,2,13,2,58.367,169.0,116.0,217.0,58.367,4.0,11.43,roster,0,111.0,90.0,1.0278,100.35,4.3935,0.9,0.5249,3.0833,77.22,11.29,26.8,5.05,5.425
2020-04-20 15:00:00,15,32,32,2.0,6.0,21.0,1.0,2.0,1.0,6,5,10,2,12,2,16.117,177.5,136.0,247.0,4.717,4.0,11.43,roster,0,101.0,80.0,0.9018,91.6,3.9057,0.8,0.4374,3.1562,68.64,10.42,26.8,5.74,6.175
2020-04-20 16:00:00,16,28,28,1.0,5.0,20.0,0.0,2.0,1.0,4,4,10,1,11,1,17.117,208.0,153.0,307.0,5.717,4.0,11.43,roster,0,87.0,70.0,0.75,70.15,3.2624,0.7,0.35,3.1071,60.06,9.55,13.4,7.14,7.675
2020-04-20 17:00:00,17,19,19,1.0,4.0,12.0,0.0,2.0,1.0,4,4,6,1,7,1,10.083,218.0,138.0,296.0,6.117,4.0,11.43,roster,0,59.0,47.5,0.447,47.12,2.5617,0.475,0.35,3.1053,40.75,6.08,13.4,6.88,7.4
2020-04-20 18:00:00,18,17,17,1.0,5.0,9.0,0.0,2.0,1.0,4,3,7,1,8,1,11.083,258.5,198.0,356.0,7.117,4.0,11.43,roster,0,54.0,42.5,0.4219,45.09,2.1837,0.425,0.2625,3.1765,36.46,6.95,13.4,8.28,8.9
2020-04-20 19:00:00,19,10,10,1.0,3.0,6.0,0.0,0.0,1.0,1,1,5,1,6,1,8.117,363.0,299.0,416.0,8.117,4.0,11.43,roster,0,35.0,25.0,0.2574,29.73,1.1812,0.25,0.0875,3.5,21.45,5.21,13.4,9.67,10.4
2020-04-20 20:00:00,20,14,14,2.0,1.0,11.0,0.0,0.0,1.0,9,9,2,0,2,0,7.933,462.0,448.0,476.0,7.933,4.0,9.6,roster,0,47.0,35.0,0.3092,22.83,4.3223,0.35,0.9375,3.3571,30.03,1.74,0.0,11.07,11.9
2020-04-20 21:00:00,21,16,16,1.0,1.0,14.0,0.0,0.0,1.0,7,7,1,1,2,1,8.933,325.0,114.0,536.0,8.933,4.0,9.6,roster,0,51.0,40.0,0.3355,41.92,3.5992,0.4,0.7292,3.1875,34.32,1.74,13.4,12.46,13.4
2020-04-20 22:00:00,22,9,9,1.0,0.0,7.0,1.0,0.0,1.0,2,3,1,0,1,0,4.283,66.0,66.0,66.0,1.1,3.0,6.35,roster,0,28.0,22.5,0.2393,1.71,2.1698,0.225,0.4724,3.1111,19.3,0.87,0.0,1.53,1.65
2020-04-20 23:00:00,23,11,11,1.0,2.0,8.0,0.0,0.0,1.0,7,7,2,0,2,0,4.233,95.0,64.0,126.0,2.1,3.0,6.35,roster,0,37.0,27.5,0.3246,8.26,4.6329,0.275,1.1024,3.3636,23.6,1.74,0.0,2.93,3.15
2020-04-21 00:00:00,0,10,10,1.0,2.0,6.0,1.0,0.0,1.0,3,3,3,1,4,1,4.733,113.5,110.0,186.0,3.1,3.0,6.35,roster,0,33.0,25.0,0.3056,22.65,2.3841,0.25,0.4724,3.3,21.45,3.47,13.4,4.32,4.65
2020-04-21 01:00:00,1,12,12,1.0,3.0,8.0,0.0,0.0,1.0,6,6,2,1,3,1,5.733,177.0,170.0,246.0,4.1,3.0,6.35,roster,0,41.0,30.0,0.3694,27.46,4.2533,0.3,0.9449,3.4167,25.74,2.6,13.4,5.72,6.15
2020-04-21 02:00:00,2,9,9,1.0,1.0,7.0,0.0,0.0,1.0,2,2,4,0,4,0,6.733,177.0,117.0,306.0,5.1,3.0,6.35,roster,0,30.0,22.5,0.2778,9.89,1.7999,0.225,0.315,3.3333,19.3,3.47,0.0,7.11,7.65
2020-04-21 03:00:00,3,8,8,1.0,1.0,6.0,0.0,0.0,1.0,1,1,4,0,4,0,7.733,237.0,177.0,366.0,6.1,3.0,6.35,roster,0,27.0,20.0,0.25,9.14,1.2065,0.2,0.1575,3.375,17.16,3.47,0.0,8.51,9.15
2020-04-21 04:00:00,4,6,6,1.0,1.0,4.0,0.0,0.0,1.0,0,1,4,0,4,0,8.733,297.0,237.0,426.0,7.1,3.0,6.35,roster,0,21.0,15.0,0.1944,6.25,1.0762,0.15,0.1575,3.5,12.87,3.47,0.0,9.9,10.65
2020-04-21 05:00:00,5,6,6,1.0,1.0,4.0,0.0,0.0,1.0,0,0,4,0,4,0,9.733,357.0,297.0,486.0,8.1,3.0,6.35,roster,0,21.0,15.0,0.1944,7.64,0.525,0.15,0.0,3.5,12.87,3.47,0.0,11.3,12.15
2020-04-21 06:00:00,6,6,6,1.0,1.0,4.0,0.0,0.0,1.0,0,0,4,0,4,0,10.733,417.0,357.0,546.0,9.1,3.0,6.35,roster,0,21.0,15.0,0.1944,9.04,0.525,0.15,0.0,3.5,12.87,3.47,0.0,12.69,13.65
2020-04-21 07:00:00,7,6,6,1.0,1.0,4.0,0.0,0.0,1.0,1,1,4,0,4,0,11.733,477.0,417.0,606.0,10.1,3.0,6.35,roster,0,21.0,15.0,0.1944,10.43,1.0762,0.15,0.1575,3.5,12.87,3.47,0.0,14.09,15.15
2020-04-21 08:00:00,8,7,7,1.0,1.0,5.0,0.0,0.0,1.0,1,1,4,0,4,0,12.733,537.0,477.0,666.0,11.1,3.0,8.06,roster,0,24.0,17.5,0.2222,13.97,1.0254,0.175,0.1241,3.4286,15.01,3.47,0.0,15.48,16.65
2020-04-21 09:00:00,9,7,7,2.0,1.0,4.0,0.0,0.0,1.0,4,4,1,0,1,0,13.733,360.0,360.0,360.0,6.0,3.0,8.06,roster,0,26.0,17.5,0.2222,4.25,2.4933,0.175,0.4963,3.7143,15.01,0.87,0.0,8.37,9.0
2020-04-21 10:00:00,10,11,11,2.0,1.0,6.0,2.0,0.0,1.0,8,7,0,1,1,1,3.317,94.0,94.0,94.0,1.567,4.0,11.52,roster,0,36.0,27.5,0.2308,20.05,2.8886,0.275,0.6076,3.2727,23.6,0.87,13.4,2.19,2.35
2020-04-21 11:00:00,11,12,12,2.0,0.0,8.0,2.0,0.0,1.0,6,7,0,0,0,0,4.317,0.0,,,,4.0,11.52,roster,0,38.0,30.0,0.2375,5.74,2.8742,0.3,0.6076,3.1667,25.74,0.0,0.0,0.0,0.0
2020-04-21 12:00:00,12,13,13,2.0,1.0,8.0,2.0,0.0,1.0,7,7,1,1,2,1,3.05,102.0,95.0,109.0,1.817,4.0,11.52,roster,0,42.0,32.5,0.2763,25.56,3.0131,0.325,0.6076,3.2308,27.88,1.74,13.4,2.53,2.725
2020-04-21 13:00:00,13,12,12,2.0,1.0,8.0,1.0,0.0,1.0,3,3,1,2,3,2,4.05,155.0,100.0,169.0,2.817,4.0,11.52,roster,0,40.0,30.0,0.2703,39.07,1.8681,0.3,0.2604,3.3333,25.74,2.6,26.8,3.93,4.225
2020-04-21 14:00:00,14,14,14,2.0,2.0,8.0,2.0,0.0,1.0,5,4,1,2,3,2,5.05,215.0,160.0,229.0,3.817,4.0,11.52,roster,0,46.0,35.0,0.3108,44.76,2.2909,0.35,0.3472,3.2857,30.03,2.6,26.8,5.32,5.725
2020-04-21 15:00:00,15,17,17,1.0,3.0,11.0,2.0,0.0,1.0,6,6,2,1,3,1,6.05,275.0,93.0,289.0,4.817,4.0,11.52,roster,0,54.0,42.5,0.3649,39.19,3.0044,0.425,0.5208,3.1765,36.46,2.6,13.4,6.72,7.225
2020-04-21 16:00:00,16,18,18,2.0,5.0,9.0,2.0,0.0,1.0,8,5,3,1,4,1,6.883,115.0,77.0,349.0,5.817,4.0,11.52,roster,0,61.0,45.0,0.4236,43.6,2.9959,0.45,0.434,3.3889,38.61,3.47,13.4,8.11,8.725
2020-04-21 17:00:00,17,18,18,4.0,4.0,9.0,1.0,0.0,1.0,6,6,3,1,4,1,7.883,118.0,111.0,409.0,6.817,4.0,11.52,roster,0,65.0,45.0,0.4514,44.99,3.5058,0.45,0.5208,3.6111,38.61,3.47,13.4,9.51,10.225
2020-04-21 18:00:00,18,17,17,3.0,3.0,10.0,1.0,0.0,1.0,4,4,3,3,6,3,8.883,143.0,105.0,185.0,7.817,4.0,11.52,roster,0,59.0,42.5,0.4338,66.18,2.6801,0.425,0.3472,3.4706,36.46,5.21,40.2,4.3,4.625
2020-04-21 19:00:00,19,14,14,2.0,2.0,9.0,1.0,0.0,1.0,3,3,3,2,5,2,8.817,231.0,131.0,245.0,8.817,4.0,11.52,roster,0,47.0,35.0,0.3357,46.87,2.0493,0.35,0.2604,3.3571,30.03,4.34,26.8,5.7,6.125
2020-04-21 20:00:00,20,11,11,1.0,2.0,7.0,1.0,0.0,1.0,3,3,2,1,3,1,7.117,291.0,191.0,305.0,5.083,4.0,10.12,roster,0,36.0,27.5,0.2432,26.69,1.8702,0.275,0.2964,3.2727,23.6,2.6,13.4,7.09,7.625
2020-04-21 21:00:00,21,9,9,1.0,1.0,6.0,1.0,0.0,1.0,3,1,2,1,3,1,8.117,251.0,110.0,365.0,6.083,4.0,10.12,roster,0,29.0,22.5,0.1959,23.8,1.0434,0.225,0.0988,3.2222,19.3,2.6,13.4,8.49,9.125
2020-04-21 22:00:00,22,12,12,0.0,0.0,10.0,2.0,0.0,1.0,9,9,1,0,1,0,9.117,425.0,425.0,425.0,7.083,3.0,6.66,roster,0,34.0,30.0,0.2906,16.49,4.6788,0.3,1.3514,2.8333,25.74,0.87,0.0,9.88,10.625
2020-04-21 23:00:00,23,13,13,1.0,1.0,10.0,1.0,0.0,1.0,7,7,2,0,2,0,10.117,290.0,95.0,485.0,8.083,3.0,6.66,roster,0,41.0,32.5,0.3596,20.9,4.3399,0.325,1.0511,3.1538,27.88,1.74,0.0,11.28,12.125
2020-04-22 00:00:00,0,12,12,1.0,2.0,8.0,1.0,0.0,1.0,4,3,3,1,4,1,11.117,126.5,98.0,545.0,9.083,3.0,6.66,roster,0,39.0,30.0,0.3611,35.28,2.439,0.3,0.4505,3.25,25.74,3.47,13.4,12.67,13.625
2020-04-22 01:00:00,1,15,15,1.0,2.0,11.0,1.0,0.0,1.0,6,6,4,0,4,0,12.117,186.5,158.0,605.0,10.083,3.0,6.66,roster,0,48.0,37.5,0.4444,29.71,4.0829,0.375,0.9009,3.2,32.17,3.47,0.0,14.07,15.125
2020-04-22 02:00:00,2,12,12,0.0,1.0,10.0,1.0,0.0,1.0,2,2,4,0,4,0,13.117,246.5,218.0,665.0,11.083,3.0,6.66,roster,0,36.0,30.0,0.3333,24.67,1.8009,0.3,0.3003,3.0,25.74,3.47,0.0,15.46,16.625
2020-04-22 03:00:00,3,12,12,0.0,1.0,9.0,2.0,0.0,1.0,1,2,4,0,4,0,14.117,306.5,278.0,725.0,12.083,3.0,6.66,roster,0,35.0,30.0,0.3241,26.07,1.7509,0.3,0.3003,2.9167,25.74,3.47,0.0,16.86,18.125
2020-04-22 04:00:00,4,12,12,0.0,0.0,11.0,1.0,0.0,1.0,3,3,4,0,4,0,15.117,366.5,338.0,785.0,13.083,3.0,6.66,roster,0,35.0,30.0,0.3241,27.46,2.1888,0.3,0.4505,2.9167,25.74,3.47,0.0,18.25,19.625
2020-04-22 05:00:00,5,13,13,0.0,0.0,12.0,1.0,0.0,1.0,1,1,5,0,5,0,16.117,398.0,325.0,455.0,14.083,3.0,6.66,roster,0,38.0,32.5,0.3619,22.81,1.3889,0.325,0.1502,2.9231,27.88,4.34,0.0,10.58,11.375
2020-04-22 06:00:00,6,10,10,0.0,0.0,9.0,1.0,0.0,1.0,1,1,5,0,5,0,17.117,458.0,385.0,515.0,15.083,3.0,6.66,roster,0,29.0,25.0,0.2762,17.77,1.1604,0.25,0.1502,2.9,21.45,4.34,0.0,11.97,12.875
2020-04-22 07:00:00,7,10,10,0.0,0.0,9.0,1.0,0.0,1.0,1,1,5,0,5,0,18.117,518.0,445.0,575.0,16.083,3.0,6.66,roster,0,29.0,25.0,0.2762,19.16,1.1604,0.25,0.1502,2.9,21.45,4.34,0.0,13.37,14.375
2020-04-22 08:00:00,8,10,10,1.0,0.0,7.0,2.0,0.0,1.0,3,3,5,0,5,0,17.783,505.0,285.0,578.0,17.083,3.0,7.67,roster,0,30.0,25.0,0.2857,19.23,1.9234,0.25,0.3911,3.0,21.45,4.34,0.0,13.44,14.45
2020-04-22 09:00:00,9,12,12,0.0,1.0,9.0,2.0,0.0,1.0,7,6,3,0,3,0,18.783,345.0,144.0,1085.0,18.083,3.0,7.67,roster,0,35.0,30.0,0.3153,33.57,3.1566,0.3,0.7823,2.9167,25.74,2.6,0.0,25.23,27.125
2020-04-22 10:00:00,10,18,18,0.0,4.0,12.0,2.0,0.0,1.0,8,8,3,0,3,0,19.783,204.0,63.0,405.0,6.75,4.0,11.37,roster,0,56.0,45.0,0.3784,30.63,3.589,0.45,0.7036,3.1111,38.61,2.6,0.0,9.42,10.125
2020-04-22 11:00:00,11,24,24,0.0,5.0,17.0,2.0,0.0,1.0,8,8,5,0,5,0,20.783,123.0,99.0,264.0,7.75,4.0,11.37,roster,0,75.0,60.0,0.5357,41.96,4.0738,0.6,0.7036,3.125,51.48,4.34,0.0,6.14,6.6
2020-04-22 12:00:00,12,24,24,1.0,6.0,15.0,2.0,0.0,1.0,5,5,7,0,7,0,21.783,102.0,93.0,324.0,8.75,4.0,11.37,roster,0,78.0,60.0,0.5909,45.09,3.3792,0.6,0.4398,3.25,51.48,6.08,0.0,7.53,8.1
2020-04-22 13:00:00,13,24,24,1.0,8.0,13.0,2.0,0.0,1.0,4,4,4,1,5,1,22.783,153.0,144.0,155.0,4.05,4.0,11.37,roster,0,80.0,60.0,0.5714,52.83,3.1727,0.6,0.3518,3.3333,51.48,4.34,13.4,3.6,3.875
2020-04-22 14:00:00,14,20,20,0.0,6.0,12.0,2.0,0.0,1.0,3,2,4,1,5,1,23.783,213.0,204.0,215.0,5.05,4.0,11.37,roster,0,64.0,50.0,0.4571,45.64,2.1629,0.5,0.1759,3.2,42.9,4.34,13.4,5.0,5.375
2020-04-22 15:00:00,15,15,15,0.0,3.0,11.0,1.0,0.0,1.0,4,4,3,0,3,0,6.633,275.0,273.0,363.0,6.05,4.0,11.37,roster,0,47.0,37.5,0.3176,23.22,2.2773,0.375,0.3518,3.1333,32.17,2.6,0.0,8.44,9.075
2020-04-22 16:00:00,16,13,13,0.0,2.0,10.0,1.0,0.0,1.0,2,1,4,0,4,0,7.633,334.0,333.0,423.0,7.05,4.0,11.37,roster,0,40.0,32.5,0.2778,21.19,1.2706,0.325,0.088,3.0769,27.88,3.47,0.0,9.83,10.575
2020-04-22 17:00:00,17,15,15,0.0,2.0,9.0,4.0,0.0,1.0,7,7,3,0,3,0,8.633,393.0,123.0,483.0,8.05,4.0,11.37,roster,0,43.0,37.5,0.2905,26.01,2.8399,0.375,0.6157,2.8667,32.17,2.6,0.0,11.23,12.075
2020-04-22 18:00:00,18,11,11,0.0,1.0,7.0,3.0,0.0,1.0,1,1,5,0,5,0,9.25,82.0,72.0,183.0,7.55,4.0,11.37,roster,0,31.0,27.5,0.2214,12.19,1.0229,0.275,0.088,2.8182,23.6,4.34,0.0,4.25,4.575
2020-04-22 19:00:00,19,13,13,0.0,0.0,10.0,3.0,0.0,1.0,5,5,3,0,3,0,10.25,132.0,127.0,243.0,4.05,4.0,11.37,roster,0,36.0,32.5,0.2432,16.14,2.1178,0.325,0.4398,2.7692,27.88,2.6,0.0,5.65,6.075
2020-04-22 20:00:00,20,12,12,0.0,1.0,8.0,3.0,0.0,1.0,5,4,4,0,4,0,9.667,150.5,114.0,303.0,5.05,4.0,10.05,roster,0,34.0,30.0,0.2361,16.26,1.9777,0.3,0.398,2.8333,25.74,3.47,0.0,7.04,7.575
2020-04-22 21:00:00,21,13,13,0.0,2.0,9.0,2.0,0.0,1.0,6,5,4,0,4,0,10.667,210.5,174.0,363.0,6.05,4.0,10.05,roster,0,39.0,32.5,0.2708,19.8,2.4675,0.325,0.4975,3.0,27.88,3.47,0.0,8.44,9.075
2020-04-22 22:00:00,22,9,9,0.0,2.0,6.0,1.0,0.0,1.0,2,2,5,0,5,0,7.05,234.0,90.0,307.0,7.05,3.0,6.35,roster,0,28.0,22.5,0.2667,10.78,1.6799,0.225,0.315,3.1111,19.3,4.34,0.0,7.14,7.675
2020-04-22 23:00:00,23,17,17,0.0,4.0,10.0,3.0,0.0,1.0,11,10,4,0,4,0,8.05,330.5,294.0,483.0,8.05,3.0,6.35,roster,0,52.0,42.5,0.4815,31.17,6.117,0.425,1.5748,3.0588,36.46,3.47,0.0,11.23,12.075
2020-04-23 00:00:00,0,17,17,0.0,5.0,10.0,2.0,0.0,1.0,6,6,5,1,6,1,9.05,282.0,72.0,427.0,9.05,3.0,6.35,roster,0,54.0,42.5,0.5294,45.0,4.3514,0.425,0.9449,3.1765,36.46,5.21,13.4,9.93,10.675
2020-04-23 01:00:00,1,19,19,0.0,6.0,10.0,2.0,1.0,1.0,8,7,6,2,8,2,10.05,198.5,118.0,487.0,10.05,3.0,6.35,roster,0,59.0,47.5,0.6146,65.82,4.8981,0.475,1.1024,3.1053,40.75,6.95,26.8,11.32,12.175
2020-04-23 02:00:00,2,22,22,0.0,5.0,13.0,4.0,0.0,1.0,6,6,5,1,6,1,11.05,402.0,187.0,547.0,11.05,3.0,6.35,roster,0,67.0,55.0,0.6569,58.52,4.5526,0.55,0.9449,3.0455,47.19,5.21,13.4,12.72,13.675
2020-04-23 03:00:00,3,18,18,0.0,4.0,12.0,2.0,0.0,1.0,0,0,5,1,6,1,12.05,462.0,247.0,607.0,12.05,3.0,6.35,roster,0,56.0,45.0,0.549,51.33,1.4,0.45,0.0,3.1111,38.61,5.21,13.4,14.11,15.175
2020-04-23 04:00:00,4,15,15,0.0,4.0,9.0,2.0,0.0,1.0,2,1,5,1,6,1,13.05,522.0,307.0,667.0,13.05,3.0,6.35,roster,0,47.0,37.5,0.4608,46.29,1.6684,0.375,0.1575,3.1333,32.17,5.21,13.4,15.51,16.675
2020-04-23 05:00:00,5,16,16,0.0,3.0,11.0,2.0,0.0,1.0,2,2,5,0,5,0,14.05,654.0,510.0,727.0,14.05,3.0,6.35,roster,0,49.0,40.0,0.4667,35.56,2.1896,0.4,0.315,3.0625,34.32,4.34,0.0,16.9,18.175
2020-04-23 06:00:00,6,17,17,0.0,3.0,12.0,2.0,0.0,1.0,2,2,5,0,5,0,15.05,714.0,570.0,787.0,15.05,3.0,6.35,roster,0,52.0,42.5,0.4952,39.1,2.2634,0.425,0.315,3.0588,36.46,4.34,0.0,18.3,19.675
2020-04-23 07:00:00,7,17,17,0.0,2.0,12.0,3.0,0.0,1.0,1,1,6,0,6,0,16.05,702.0,478.0,847.0,16.05,3.0,6.35,roster,0,50.0,42.5,0.4902,41.37,1.7132,0.425,0.1575,2.9412,36.46,5.21,0.0,19.69,21.175
2020-04-23 08:00:00,8,14,14,0.0,1.0,11.0,2.0,0.0,1.0,2,2,6,0,6,0,17.05,762.0,538.0,907.0,17.05,3.0,6.8,roster,0,41.0,35.0,0.402,36.33,1.8863,0.35,0.2941,2.9286,30.03,5.21,0.0,21.09,22.675
2020-04-23 09:00:00,9,16,16,0.0,0.0,13.0,3.0,0.0,1.0,4,4,6,0,6,0,18.05,746.0,229.0,967.0,18.05,3.0,6.8,roster,0,45.0,40.0,0.4412,42.01,2.7794,0.4,0.5882,2.8125,34.32,5.21,0.0,22.48,24.175
2020-04-23 10:00:00,10,14,14,0.0,0.0,11.0,3.0,0.0,1.0,2,2,4,0,4,0,19.05,541.0,128.0,1143.0,19.05,4.0,10.05,roster,0,39.0,35.0,0.2708,40.08,1.5294,0.35,0.199,2.7857,30.03,3.47,0.0,26.57,28.575
2020-04-23 11:00:00,11,16,16,0.0,1.0,10.0,5.0,0.0,1.0,4,4,4,0,4,0,20.05,601.0,188.0,1203.0,20.05,4.0,10.05,roster,0,44.0,40.0,0.3056,45.76,2.1945,0.4,0.398,2.75,34.32,3.47,0.0,27.97,30.075
2020-04-23 12:00:00,12,16,16,0.0,1.0,11.0,4.0,0.0,1.0,4,4,5,1,6,1,21.05,224.0,104.0,1074.0,21.05,4.0,10.05,roster,0,45.0,40.0,0.3309,57.9,2.2444,0.4,0.398,2.8125,34.32,5.21,13.4,24.97,26.85
2020-04-23 13:00:00,13,18,18,0.0,4.0,12.0,2.0,0.0,1.0,4,4,6,3,9,3,22.05,164.0,100.0,308.0,22.05,4.0,10.05,roster,0,56.0,45.0,0.4516,73.79,2.6383,0.45,0.398,3.1111,38.61,7.81,40.2,7.16,7.7
2020-04-23 14:00:00,14,21,21,0.0,4.0,15.0,2.0,0.0,1.0,5,4,7,5,12,5,23.05,172.0,123.0,368.0,23.05,4.0,10.05,roster,0,65.0,52.5,0.5804,111.02,2.8569,0.525,0.398,3.0952,45.04,10.42,67.0,8.56,9.2
2020-04-23 15:00:00,15,19,19,0.0,3.0,14.0,2.0,0.0,1.0,3,3,7,3,10,3,24.05,264.0,183.0,428.0,24.05,4.0,10.05,roster,0,58.0,47.5,0.4833,79.59,2.3612,0.475,0.2985,3.0526,40.75,8.68,40.2,9.95,10.7
2020-04-23 16:00:00,16,18,18,0.0,4.0,12.0,2.0,0.0,1.0,4,3,7,2,9,2,25.05,344.0,243.0,488.0,25.05,4.0,10.05,roster,0,56.0,45.0,0.4516,64.57,2.3287,0.45,0.2985,3.1111,38.61,7.81,26.8,11.35,12.2
2020-04-23 17:00:00,17,17,17,0.0,5.0,10.0,2.0,0.0,1.0,1,1,7,2,9,2,26.05,404.0,249.0,548.0,26.05,4.0,10.05,roster,0,54.0,42.5,0.4355,63.82,1.6661,0.425,0.0995,3.1765,36.46,7.81,26.8,12.74,13.7
2020-04-23 18:00:00,18,15,15,0.0,6.0,7.0,2.0,0.0,1.0,4,3,6,1,7,1,27.05,464.0,309.0,608.0,27.05,4.0,10.05,roster,0,49.0,37.5,0.3712,45.79,2.2001,0.375,0.2985,3.2667,32.17,6.08,13.4,14.14,15.2
2020-04-23 19:00:00,19,15,15,0.0,4.0,10.0,1.0,0.0,1.0,4,4,4,1,5,1,28.05,524.0,432.0,668.0,28.05,4.0,10.05,roster,0,48.0,37.5,0.3429,45.45,2.4736,0.375,0.398,3.2,32.17,4.34,13.4,15.53,16.7
2020-04-23 20:00:00,20,18,18,1.0,2.0,12.0,2.0,1.0,1.0,10,9,3,1,4,1,29.05,538.0,492.0,1743.0,29.05,4.0,9.83,roster,0,54.0,45.0,0.375,76.01,4.0967,0.45,0.9156,3.0,38.61,3.47,13.4,40.52,43.575
2020-04-23 21:00:00,21,13,13,2.0,2.0,7.0,1.0,1.0,1.0,2,2,4,1,5,1,10.733,192.0,87.0,552.0,10.733,4.0,9.83,roster,0,42.0,32.5,0.3,38.46,1.7073,0.325,0.2035,3.2308,27.88,4.34,13.4,12.83,13.8
2020-04-23 22:00:00,22,18,18,2.0,6.0,9.0,0.0,1.0,1.0,10,10,1,1,2,1,11.733,658.0,612.0,704.0,11.733,3.0,6.58,roster,0,62.0,45.0,0.5439,50.11,6.7847,0.45,1.5198,3.4444,38.61,1.74,13.4,16.37,17.6
2020-04-23 23:00:00,23,17,17,2.0,6.0,8.0,0.0,1.0,1.0,4,3,5,2,7,2,12.733,96.0,81.0,672.0,12.733,3.0,6.58,roster,0,59.0,42.5,0.596,64.97,3.0573,0.425,0.4559,3.4706,36.46,6.08,26.8,15.62,16.8
2020-04-24 00:00:00,0,17,17,2.0,8.0,6.0,0.0,1.0,1.0,4,3,5,1,6,1,13.733,161.5,141.0,732.0,13.733,3.0,6.58,roster,0,61.0,42.5,0.598,52.09,3.161,0.425,0.4559,3.5882,36.46,5.21,13.4,17.02,18.3
2020-04-24 01:00:00,1,15,15,2.0,7.0,5.0,0.0,1.0,1.0,1,1,6,1,7,1,14.733,216.0,194.0,792.0,14.733,3.0,6.58,roster,0,54.0,37.5,0.5455,50.07,1.8971,0.375,0.152,3.6,32.17,6.08,13.4,18.41,19.8
2020-04-24 02:00:00,2,17,17,2.0,9.0,4.0,1.0,1.0,1.0,5,4,6,2,8,2,15.733,268.5,254.0,852.0,15.733,3.0,6.58,roster,0,61.0,42.5,0.6354,70.02,3.7063,0.425,0.6079,3.5882,36.46,6.95,26.8,19.81,21.3
2020-04-24 03:00:00,3,16,16,1.0,9.0,5.0,0.0,1.0,1.0,2,2,7,2,9,2,16.733,321.0,237.0,347.0,16.733,3.0,6.58,roster,0,57.0,40.0,0.6129,57.0,2.5078,0.4,0.304,3.5625,34.32,7.81,26.8,8.07,8.675
2020-04-24 04:00:00,4,16,16,1.0,8.0,6.0,0.0,1.0,1.0,2,1,7,2,9,2,17.733,381.0,297.0,407.0,17.733,3.0,6.58,roster,0,56.0,40.0,0.6022,58.4,1.9319,0.4,0.152,3.5,34.32,7.81,26.8,9.46,10.175
2020-04-24 05:00:00,5,15,15,1.0,8.0,5.0,0.0,1.0,1.0,0,0,7,2,9,2,18.733,441.0,357.0,467.0,18.733,3.0,6.58,roster,0,53.0,37.5,0.5699,57.65,1.325,0.375,0.0,3.5333,32.17,7.81,26.8,10.86,11.675
2020-04-24 06:00:00,6,15,15,1.0,7.0,6.0,0.0,1.0,1.0,2,2,7,1,8,1,19.733,508.5,494.0,1092.0,19.733,3.0,6.58,roster,0,52.0,37.5,0.5417,57.91,2.3537,0.375,0.304,3.4667,32.17,6.95,13.4,25.39,27.3
2020-04-24 07:00:00,7,17,17,1.0,8.0,7.0,0.0,1.0,1.0,2,2,7,1,8,1,20.733,568.5,554.0,1152.0,20.733,3.0,6.58,roster,0,59.0,42.5,0.6146,63.6,2.5299,0.425,0.304,3.4706,36.46,6.95,13.4,26.78,28.8
2020-04-24 08:00:00,8,16,16,1.0,8.0,7.0,0.0,0.0,1.0,2,2,7,2,9,2,21.733,621.0,537.0,647.0,21.733,3.0,8.03,roster,0,58.0,40.0,0.6237,63.98,2.3529,0.4,0.2491,3.625,34.32,7.81,26.8,15.04,16.175
2020-04-24 09:00:00,9,16,16,1.0,8.0,7.0,0.0,0.0,1.0,3,2,6,2,8,2,22.733,688.5,597.0,1272.0,22.733,3.0,8.03,roster,0,58.0,40.0,0.6042,77.64,2.3529,0.4,0.2491,3.625,34.32,6.95,26.8,29.57,31.8
2020-04-24 10:00:00,10,10,10,1.0,4.0,4.0,1.0,0.0,1.0,1,1,5,0,5,0,22.2,657.0,84.0,767.0,22.2,4.0,11.73,roster,0,35.0,25.0,0.25,23.62,1.1734,0.25,0.0853,3.5,21.45,4.34,0.0,17.83,19.175
2020-04-24 11:00:00,11,11,11,0.0,4.0,7.0,0.0,0.0,1.0,6,5,4,0,4,0,23.2,430.5,144.0,1392.0,23.2,4.0,11.73,roster,0,37.0,27.5,0.2569,39.43,2.3588,0.275,0.4263,3.3636,23.6,3.47,0.0,32.36,34.8
2020-04-24 12:00:00,12,11,11,0.0,4.0,6.0,1.0,0.0,1.0,3,2,5,0,5,0,24.2,204.0,182.0,777.0,24.2,4.0,11.73,roster,0,36.0,27.5,0.2571,26.0,1.458,0.275,0.1705,3.2727,23.6,4.34,0.0,18.07,19.425
2020-04-24 13:00:00,13,12,12,0.0,3.0,8.0,1.0,0.0,1.0,3,2,5,0,5,0,25.2,264.0,242.0,837.0,25.2,4.0,11.73,roster,0,38.0,30.0,0.2714,29.54,1.4899,0.3,0.1705,3.1667,25.74,4.34,0.0,19.46,20.925
2020-04-24 14:00:00,14,11,11,0.0,3.0,6.0,2.0,0.0,1.0,4,3,3,0,3,0,26.2,897.0,302.0,1572.0,26.2,4.0,11.73,roster,0,34.0,27.5,0.2297,42.75,1.6405,0.275,0.2558,3.0909,23.6,2.6,0.0,36.55,39.3
2020-04-24 15:00:00,15,11,11,0.0,2.0,7.0,2.0,0.0,1.0,3,3,2,0,2,0,27.2,997.0,362.0,1632.0,27.2,4.0,11.73,roster,0,33.0,27.5,0.2171,43.28,1.5923,0.275,0.2558,3.0,23.6,1.74,0.0,37.94,40.8
2020-04-24 16:00:00,16,15,15,0.0,2.0,11.0,2.0,0.0,1.0,7,6,2,0,2,0,28.2,1057.0,422.0,1692.0,28.2,4.0,11.73,roster,0,45.0,37.5,0.2961,53.25,2.6595,0.375,0.5115,3.0,32.17,1.74,0.0,39.34,42.3
2020-04-24 17:00:00,17,19,19,0.0,3.0,13.0,3.0,0.0,1.0,8,7,3,0,3,0,29.2,100.0,84.0,1752.0,29.2,4.0,11.73,roster,0,57.0,47.5,0.3851,64.09,3.2153,0.475,0.5968,3.0,40.75,2.6,0.0,40.73,43.8
2020-04-24 18:00:00,18,15,15,0.0,5.0,9.0,1.0,0.0,1.0,4,4,4,0,4,0,7.1,86.5,72.0,160.0,2.667,4.0,11.73,roster,0,49.0,37.5,0.3403,19.37,2.339,0.375,0.341,3.2667,32.17,3.47,0.0,3.72,4.0
2020-04-24 19:00:00,19,15,15,1.0,5.0,7.0,2.0,0.0,1.0,5,5,3,0,3,0,8.1,122.0,86.0,161.0,2.683,4.0,11.73,roster,0,50.0,37.5,0.3378,18.52,2.6709,0.375,0.4263,3.3333,32.17,2.6,0.0,3.74,4.025
2020-04-24 20:00:00,20,17,17,0.0,6.0,5.0,6.0,0.0,1.0,6,6,3,0,3,0,9.1,182.0,146.0,221.0,3.683,4.0,10.2,roster,0,51.0,42.5,0.3446,24.21,3.0397,0.425,0.5882,3.0,36.46,2.6,0.0,5.14,5.525
2020-04-24 21:00:00,21,22,22,0.0,4.0,11.0,7.0,0.0,1.0,11,9,3,0,3,0,8.917,206.0,70.0,242.0,4.033,4.0,10.2,roster,0,63.0,55.0,0.4257,35.42,4.1017,0.55,0.8824,2.8636,47.19,2.6,0.0,5.63,6.05
2020-04-24 22:00:00,22,15,15,0.0,4.0,8.0,3.0,0.0,1.0,3,3,5,0,5,0,9.917,113.0,100.0,130.0,5.033,3.0,6.5,roster,0,46.0,37.5,0.4381,19.54,2.5654,0.375,0.4615,3.0667,32.17,4.34,0.0,3.02,3.25
2020-04-24 23:00:00,23,14,14,0.0,4.0,7.0,3.0,0.0,1.0,6,4,4,0,4,0,8.633,147.0,121.0,190.0,3.167,3.0,6.5,roster,0,43.0,35.0,0.3981,17.92,2.9651,0.35,0.6154,3.0714,30.03,3.47,0.0,4.42,4.75
2020-04-25 00:00:00,0,15,15,0.0,6.0,5.0,4.0,0.0,1.0,5,4,4,0,4,0,9.633,207.0,181.0,250.0,4.167,3.0,6.5,roster,0,47.0,37.5,0.4352,21.46,3.1032,0.375,0.6154,3.1333,32.17,3.47,0.0,5.81,6.25
2020-04-25 01:00:00,1,15,15,0.0,5.0,6.0,4.0,0.0,1.0,3,2,5,0,5,0,10.633,241.0,212.0,293.0,5.167,3.0,6.5,roster,0,46.0,37.5,0.4381,23.33,2.0936,0.375,0.3077,3.0667,32.17,4.34,0.0,6.81,7.325
2020-04-25 02:00:00,2,16,16,0.0,5.0,6.0,5.0,0.0,1.0,5,4,5,0,5,0,11.633,301.0,272.0,353.0,6.167,3.0,6.5,roster,0,48.0,40.0,0.4571,26.87,3.0462,0.4,0.6154,3.0,34.32,4.34,0.0,8.21,8.825
2020-04-25 03:00:00,3,19,19,0.0,6.0,8.0,5.0,0.0,1.0,3,3,6,0,6,0,12.633,346.5,239.0,413.0,7.167,3.0,6.5,roster,0,58.0,47.5,0.5686,35.57,2.8589,0.475,0.4615,3.0526,40.75,5.21,0.0,9.6,10.325
2020-04-25 04:00:00,4,15,15,0.0,4.0,6.0,5.0,0.0,1.0,1,1,6,0,6,0,13.633,406.5,299.0,473.0,8.167,3.0,6.5,roster,0,44.0,37.5,0.4314,28.38,1.5513,0.375,0.1538,2.9333,32.17,5.21,0.0,11.0,11.825
2020-04-25 05:00:00,5,14,14,0.0,4.0,5.0,5.0,0.0,1.0,0,0,6,0,6,0,14.633,466.5,359.0,533.0,9.167,3.0,6.5,roster,0,41.0,35.0,0.402,27.63,1.025,0.35,0.0,2.9286,30.03,5.21,0.0,12.39,13.325
2020-04-25 06:00:00,6,14,14,0.0,5.0,4.0,5.0,0.0,1.0,1,1,6,0,6,0,15.633,526.5,419.0,593.0,10.167,3.0,6.5,roster,0,42.0,35.0,0.4118,29.03,1.5115,0.35,0.1538,3.0,30.03,5.21,0.0,13.79,14.825
2020-04-25 07:00:00,7,17,17,0.0,6.0,5.0,6.0,0.0,1.0,3,3,6,0,6,0,16.633,586.5,479.0,653.0,11.167,3.0,6.5,roster,0,51.0,42.5,0.5,36.86,2.6596,0.425,0.4615,3.0,36.46,5.21,0.0,15.18,16.325
2020-04-25 08:00:00,8,16,16,0.0,5.0,6.0,5.0,0.0,1.0,4,3,6,0,6,0,17.633,646.5,539.0,713.0,12.167,3.0,6.57,roster,0,48.0,40.0,0.4706,36.11,2.5699,0.4,0.4566,3.0,34.32,5.21,0.0,16.58,17.825
2020-04-25 09:00:00,9,13,13,0.0,5.0,5.0,3.0,0.0,1.0,2,2,4,0,4,0,18.633,706.5,692.0,790.0,13.167,3.0,6.57,roster,0,41.0,32.5,0.3796,29.73,1.9851,0.325,0.3044,3.1538,27.88,3.47,0.0,18.37,19.75
2020-04-25 10:00:00,10,13,13,0.0,5.0,6.0,2.0,0.0,1.0,2,2,3,0,3,0,19.633,781.0,482.0,850.0,14.167,4.0,10.27,roster,0,42.0,32.5,0.2838,30.25,1.6792,0.325,0.1947,3.2308,27.88,2.6,0.0,19.76,21.25
2020-04-25 11:00:00,11,16,16,0.0,3.0,12.0,1.0,0.0,1.0,9,9,1,0,1,0,20.633,72.0,72.0,72.0,1.2,4.0,10.27,roster,0,50.0,40.0,0.3205,16.86,3.9886,0.4,0.8763,3.125,34.32,0.87,0.0,1.67,1.8
2020-04-25 12:00:00,12,12,12,0.0,3.0,8.0,1.0,0.0,1.0,3,2,3,0,3,0,8.217,75.0,63.0,132.0,2.2,4.0,10.27,roster,0,38.0,30.0,0.2568,11.41,1.5667,0.3,0.1947,3.1667,25.74,2.6,0.0,3.07,3.3
2020-04-25 13:00:00,13,12,12,0.0,3.0,8.0,1.0,0.0,1.0,5,4,3,0,3,0,9.217,123.0,92.0,192.0,3.2,4.0,10.27,roster,0,38.0,30.0,0.2568,12.81,2.1834,0.3,0.3895,3.1667,25.74,2.6,0.0,4.46,4.8
2020-04-25 14:00:00,14,18,18,0.0,4.0,13.0,1.0,0.0,1.0,7,7,3,1,4,1,10.217,141.0,99.0,252.0,4.2,4.0,10.27,roster,0,57.0,45.0,0.3958,41.34,3.5834,0.45,0.6816,3.1667,38.61,3.47,13.4,5.86,6.3
2020-04-25 15:00:00,15,11,11,0.0,2.0,8.0,1.0,0.0,1.0,5,5,3,0,3,0,11.217,141.0,69.0,312.0,5.2,4.0,10.27,roster,0,34.0,27.5,0.2297,13.45,2.3548,0.275,0.4869,3.0909,23.6,2.6,0.0,7.25,7.8
2020-04-25 16:00:00,16,12,12,0.0,2.0,8.0,2.0,0.0,1.0,6,6,2,0,2,0,6.2,250.5,129.0,372.0,6.2,4.0,10.27,roster,0,36.0,30.0,0.2368,16.13,2.6527,0.3,0.5842,3.0,25.74,1.74,0.0,8.65,9.3
2020-04-25 17:00:00,17,14,14,0.0,2.0,11.0,1.0,0.0,1.0,7,8,2,0,2,0,3.683,149.0,109.0,189.0,3.15,4.0,10.27,roster,0,43.0,35.0,0.2829,16.16,3.4675,0.35,0.779,3.0714,30.03,1.74,0.0,4.39,4.725
2020-04-25 18:00:00,18,10,10,1.0,2.0,6.0,1.0,0.0,1.0,2,2,2,0,2,0,4.683,209.0,169.0,249.0,4.15,4.0,10.27,roster,0,33.0,25.0,0.2171,8.98,1.4676,0.25,0.1947,3.3,21.45,1.74,0.0,5.79,6.225
2020-04-25 19:00:00,19,17,17,1.0,3.0,12.0,1.0,0.0,1.0,9,8,3,0,3,0,5.683,229.0,90.0,309.0,5.15,4.0,10.27,roster,0,55.0,42.5,0.3716,26.25,3.8952,0.425,0.779,3.2353,36.46,2.6,0.0,7.18,7.725
2020-04-25 20:00:00,20,16,16,1.0,2.0,13.0,0.0,0.0,1.0,9,6,2,1,3,1,5.8,108.0,103.0,150.0,2.5,4.0,11.16,roster,0,52.0,40.0,0.3514,33.81,3.0473,0.4,0.5376,3.25,34.32,2.6,13.4,3.49,3.75
2020-04-25 21:00:00,21,16,16,2.0,1.0,12.0,0.0,1.0,1.0,6,6,4,1,5,1,4.517,163.0,112.0,168.0,3.5,4.0,11.16,roster,0,51.0,40.0,0.3643,35.97,2.9887,0.4,0.5376,3.1875,34.32,4.34,13.4,3.91,4.2
2020-04-25 22:00:00,22,13,13,0.0,2.0,10.0,0.0,1.0,1.0,5,5,1,1,2,1,5.517,195.5,163.0,228.0,3.8,3.0,7.46,roster,0,39.0,32.5,0.3421,28.32,2.9857,0.325,0.6702,3.0,27.88,1.74,13.4,5.3,5.7
2020-04-25 23:00:00,23,13,13,0.0,3.0,9.0,0.0,1.0,1.0,5,4,1,2,3,2,6.517,223.0,82.0,288.0,4.8,3.0,7.46,roster,0,40.0,32.5,0.3604,43.99,2.6498,0.325,0.5362,3.0769,27.88,2.6,26.8,6.7,7.2
2020-04-26 00:00:00,0,16,16,0.0,3.0,12.0,0.0,1.0,1.0,7,7,1,3,4,3,7.517,212.5,142.0,348.0,5.8,3.0,7.46,roster,0,49.0,40.0,0.4537,66.08,4.0987,0.4,0.9383,3.0625,34.32,3.47,40.2,8.09,8.7
2020-04-26 01:00:00,1,16,16,0.0,2.0,13.0,0.0,1.0,1.0,5,4,2,2,4,2,8.517,272.5,202.0,408.0,6.8,3.0,7.46,roster,0,48.0,40.0,0.4444,54.08,2.8086,0.4,0.5362,3.0,34.32,3.47,26.8,9.49,10.2
2020-04-26 02:00:00,2,16,16,0.0,3.0,12.0,0.0,1.0,1.0,5,4,3,2,5,2,9.167,262.0,138.0,403.0,7.8,3.0,7.46,roster,0,49.0,40.0,0.4667,54.83,2.8671,0.4,0.5362,3.0625,34.32,4.34,26.8,9.37,10.075
2020-04-26 03:00:00,3,18,18,0.0,3.0,14.0,0.0,1.0,1.0,6,5,5,2,7,2,8.8,198.0,92.0,463.0,8.8,3.0,7.46,roster,0,55.0,45.0,0.5556,62.25,3.423,0.45,0.6702,3.0556,38.61,6.08,26.8,10.76,11.575
2020-04-26 04:00:00,4,14,14,0.0,2.0,11.0,0.0,1.0,1.0,1,2,5,3,8,3,9.8,236.5,152.0,523.0,9.8,3.0,7.46,roster,0,42.0,35.0,0.4375,69.34,1.8543,0.35,0.2681,3.0,30.03,6.95,40.2,12.16,13.075
2020-04-26 05:00:00,5,16,16,0.0,2.0,13.0,0.0,1.0,1.0,3,3,5,3,8,3,10.8,296.5,212.0,583.0,10.8,3.0,7.46,roster,0,48.0,40.0,0.5,75.02,2.4064,0.4,0.4021,3.0,34.32,6.95,40.2,13.55,14.575
2020-04-26 06:00:00,6,18,18,0.0,3.0,13.0,1.0,1.0,1.0,4,4,6,3,9,3,11.8,335.0,265.0,502.0,11.8,3.0,7.46,roster,0,54.0,45.0,0.5806,78.3,2.9586,0.45,0.5362,3.0,38.61,7.81,40.2,11.67,12.55
2020-04-26 07:00:00,7,14,14,0.0,3.0,10.0,1.0,0.0,1.0,1,1,7,2,9,2,12.8,332.0,240.0,438.0,12.8,3.0,7.46,roster,0,44.0,35.0,0.4731,54.83,1.5213,0.35,0.134,3.1429,30.03,7.81,26.8,10.18,10.95
2020-04-26 08:00:00,8,12,12,0.0,3.0,9.0,0.0,0.0,1.0,1,1,7,2,9,2,13.8,392.0,300.0,498.0,13.8,3.0,6.71,roster,0,39.0,30.0,0.4194,51.93,1.4594,0.3,0.149,3.25,25.74,7.81,26.8,11.58,12.45
2020-04-26 09:00:00,9,12,12,0.0,3.0,9.0,0.0,0.0,1.0,5,5,4,2,6,2,14.8,501.5,360.0,823.0,14.8,3.0,6.71,roster,0,39.0,30.0,0.3824,56.88,3.3968,0.3,0.7452,3.25,25.74,5.21,26.8,19.13,20.575
2020-04-26 10:00:00,10,14,14,0.0,2.0,12.0,0.0,0.0,1.0,7,6,4,1,5,1,14.717,350.0,89.0,618.0,14.717,4.0,10.02,roster,0,44.0,35.0,0.3143,42.14,2.982,0.35,0.5988,3.1429,30.03,4.34,13.4,14.37,15.45
2020-04-26 11:00:00,11,7,7,0.0,2.0,5.0,0.0,0.0,1.0,0,0,2,1,3,1,11.3,149.0,94.0,678.0,11.3,4.0,10.02,roster,0,23.0,17.5,0.1554,26.78,0.575,0.175,0.0,3.2857,15.01,2.6,13.4,15.76,16.95
2020-04-26 12:00:00,12,11,11,0.0,1.0,10.0,0.0,0.0,1.0,8,8,0,1,1,1,3.483,209.0,209.0,209.0,3.483,4.0,10.02,roster,0,34.0,27.5,0.2179,22.72,3.3178,0.275,0.7984,3.0909,23.6,0.87,13.4,4.86,5.225
2020-04-26 13:00:00,13,13,13,0.0,2.0,11.0,0.0,0.0,1.0,6,6,3,1,4,1,4.483,91.0,89.0,269.0,4.483,4.0,10.02,roster,0,41.0,32.5,0.2847,31.01,2.9135,0.325,0.5988,3.1538,27.88,3.47,13.4,6.25,6.725
2020-04-26 14:00:00,14,15,15,1.0,1.0,11.0,2.0,0.0,1.0,8,8,3,0,3,0,4.483,79.0,67.0,82.0,1.367,4.0,10.02,roster,0,46.0,37.5,0.3108,16.69,3.5984,0.375,0.7984,3.0667,32.17,2.6,0.0,1.91,2.05
2020-04-26 15:00:00,15,16,16,1.0,3.0,10.0,2.0,0.0,1.0,6,7,5,1,6,1,2.75,106.0,75.0,139.0,2.367,4.0,10.02,roster,0,51.0,40.0,0.375,36.16,3.5018,0.4,0.6986,3.1875,34.32,5.21,13.4,3.23,3.475
2020-04-26 16:00:00,16,17,17,1.0,3.0,12.0,1.0,0.0,1.0,8,7,4,1,5,1,3.75,126.0,83.0,135.0,2.417,4.0,10.02,roster,0,55.0,42.5,0.3929,37.35,3.6352,0.425,0.6986,3.2353,36.46,4.34,13.4,3.14,3.375
2020-04-26 17:00:00,17,19,19,2.0,4.0,11.0,2.0,0.0,1.0,8,8,5,1,6,1,4.25,164.5,136.0,195.0,3.417,4.0,10.02,roster,0,63.0,47.5,0.4632,43.9,4.2223,0.475,0.7984,3.3158,40.75,5.21,13.4,4.53,4.875
2020-04-26 18:00:00,18,17,17,1.0,2.0,13.0,1.0,0.0,1.0,9,6,4,0,4,0,5.25,177.5,152.0,255.0,4.25,4.0,10.02,roster,0,54.0,42.5,0.375,25.87,3.2521,0.425,0.5988,3.1765,36.46,3.47,0.0,5.93,6.375
2020-04-26 19:00:00,19,14,14,0.0,3.0,10.0,1.0,0.0,1.0,8,8,2,0,2,0,4.383,237.5,212.0,263.0,4.383,4.0,10.02,roster,0,44.0,35.0,0.2895,17.88,3.6093,0.35,0.7984,3.1429,30.03,1.74,0.0,6.11,6.575
2020-04-26 20:00:00,20,15,15,0.0,4.0,11.0,0.0,0.0,1.0,8,7,3,1,4,1,5.383,96.0,86.0,323.0,5.383,4.0,9.69,roster,0,49.0,37.5,0.3403,36.56,3.5848,0.375,0.7224,3.2667,32.17,3.47,13.4,7.51,8.075
2020-04-26 21:00:00,21,20,20,0.0,3.0,17.0,0.0,0.0,1.0,7,7,3,0,3,0,6.383,166.0,146.0,383.0,6.383,4.0,9.69,roster,0,63.0,50.0,0.4257,34.41,3.8505,0.5,0.7224,3.15,42.9,2.6,0.0,8.9,9.575
2020-04-26 22:00:00,22,18,18,0.0,2.0,15.0,1.0,0.0,1.0,7,6,3,0,3,0,7.383,226.0,92.0,443.0,7.383,3.0,6.38,roster,0,55.0,45.0,0.4955,31.51,4.2486,0.45,0.9404,3.0556,38.61,2.6,0.0,10.3,11.075
2020-04-26 23:00:00,23,16,16,0.0,2.0,13.0,1.0,0.0,1.0,5,4,2,0,2,0,8.383,327.5,152.0,503.0,8.383,3.0,6.38,roster,0,49.0,40.0,0.4298,27.75,3.1451,0.4,0.627,3.0625,34.32,1.74,0.0,11.69,12.575
2020-04-27 00:00:00,0,11,11,0.0,2.0,9.0,0.0,0.0,1.0,4,4,2,0,2,0,9.383,387.5,212.0,563.0,9.383,3.0,6.38,roster,0,35.0,27.5,0.307,18.42,2.8699,0.275,0.627,3.1818,23.6,1.74,0.0,13.09,14.075
2020-04-27 01:00:00,1,12,12,0.0,1.0,11.0,0.0,0.0,1.0,2,2,2,0,2,0,10.383,447.5,272.0,623.0,10.383,3.0,6.38,roster,0,37.0,30.0,0.3246,21.96,1.8916,0.3,0.3135,3.0833,25.74,1.74,0.0,14.48,15.575
2020-04-27 02:00:00,2,10,10,0.0,1.0,9.0,0.0,0.0,1.0,1,1,2,0,2,0,11.383,507.5,332.0,683.0,11.383,3.0,6.38,roster,0,31.0,25.0,0.2719,19.07,1.2609,0.25,0.1567,3.1,21.45,1.74,0.0,15.88,17.075
2020-04-27 03:00:00,3,7,7,0.0,1.0,6.0,0.0,0.0,1.0,0,0,2,0,2,0,12.383,567.5,392.0,743.0,12.383,3.0,6.38,roster,0,22.0,17.5,0.193,14.03,0.55,0.175,0.0,3.1429,15.01,1.74,0.0,17.27,18.575
2020-04-27 04:00:00,4,9,9,0.0,1.0,8.0,0.0,0.0,1.0,3,3,2,0,2,0,13.383,627.5,452.0,803.0,13.383,3.0,6.38,roster,0,28.0,22.5,0.2456,19.71,2.1629,0.225,0.4702,3.1111,19.3,1.74,0.0,18.67,20.075
2020-04-27 05:00:00,5,9,9,0.0,2.0,7.0,0.0,0.0,1.0,1,2,3,0,3,0,14.383,512.0,86.0,863.0,14.383,3.0,6.38,roster,0,29.0,22.5,0.2613,21.97,1.7351,0.225,0.3135,3.2222,19.3,2.6,0.0,20.06,21.575
2020-04-27 06:00:00,6,11,11,0.0,2.0,9.0,0.0,0.0,1.0,2,2,3,0,3,0,15.383,572.0,146.0,923.0,15.383,3.0,6.38,roster,0,35.0,27.5,0.3153,27.66,1.8724,0.275,0.3135,3.1818,23.6,2.6,0.0,21.46,23.075
2020-04-27 07:00:00,7,12,12,0.0,2.0,10.0,0.0,0.0,1.0,5,4,4,0,4,0,16.383,419.0,206.0,983.0,16.383,3.0,6.38,roster,0,38.0,30.0,0.3519,32.07,2.9354,0.3,0.627,3.1667,25.74,3.47,0.0,22.85,24.575
2020-04-27 08:00:00,8,14,14,0.0,2.0,11.0,1.0,0.0,1.0,3,3,5,0,5,0,17.383,266.0,147.0,692.0,17.383,3.0,6.68,roster,0,43.0,35.0,0.4095,30.46,2.4544,0.35,0.4491,3.0714,30.03,4.34,0.0,16.09,17.3
2020-04-27 09:00:00,9,16,16,0.0,2.0,13.0,1.0,0.0,1.0,5,5,3,0,3,0,18.383,207.0,140.0,1103.0,18.383,3.0,6.68,roster,0,49.0,40.0,0.4414,42.57,3.5173,0.4,0.7485,3.0625,34.32,2.6,0.0,25.64,27.575
2020-04-27 10:00:00,10,16,16,0.0,1.0,14.0,1.0,0.0,1.0,5,4,3,1,4,1,19.383,233.5,200.0,1163.0,19.383,4.0,9.93,roster,0,48.0,40.0,0.3333,58.23,2.4085,0.4,0.4028,3.0,34.32,3.47,13.4,27.04,29.075
2020-04-27 11:00:00,11,23,23,0.0,2.0,19.0,2.0,0.0,1.0,9,9,6,0,6,0,20.383,187.5,112.0,327.0,20.383,4.0,9.93,roster,0,69.0,57.5,0.5074,42.15,4.444,0.575,0.9063,3.0,49.33,5.21,0.0,7.6,8.175
2020-04-27 12:00:00,12,30,30,1.0,3.0,23.0,3.0,0.0,1.0,10,9,7,0,7,0,21.383,172.0,112.0,387.0,21.383,4.0,9.93,roster,0,92.0,75.0,0.697,59.43,5.0795,0.75,0.9063,3.0667,64.35,6.08,0.0,9.0,9.675
2020-04-27 13:00:00,13,28,28,2.0,5.0,19.0,2.0,0.0,1.0,6,6,9,0,9,0,22.383,125.0,95.0,222.0,22.383,4.0,9.93,roster,0,91.0,70.0,0.7339,53.04,4.2387,0.7,0.6042,3.25,60.06,7.81,0.0,5.16,5.55
2020-04-27 14:00:00,14,27,27,2.0,5.0,19.0,1.0,0.0,1.0,7,7,6,2,8,2,9.167,152.5,141.0,232.0,4.7,4.0,9.93,roster,0,89.0,67.5,0.6953,77.06,4.5487,0.675,0.7049,3.2963,57.92,6.95,26.8,5.39,5.8
2020-04-27 15:00:00,15,29,29,2.0,5.0,21.0,1.0,0.0,1.0,7,7,7,3,10,3,10.167,154.5,84.0,210.0,5.7,4.0,9.93,roster,0,95.0,72.5,0.7917,95.97,4.6843,0.725,0.7049,3.2759,62.2,8.68,40.2,4.88,5.25
2020-04-27 16:00:00,16,27,27,0.0,5.0,19.0,3.0,0.0,1.0,6,5,9,1,10,1,11.167,175.5,134.0,270.0,6.7,4.0,9.93,roster,0,83.0,67.5,0.6917,66.28,3.6229,0.675,0.5035,3.0741,57.92,8.68,13.4,6.28,6.75
2020-04-27 17:00:00,17,27,27,1.0,3.0,21.0,2.0,0.0,1.0,6,6,8,1,9,1,8.083,257.0,201.0,330.0,7.7,4.0,9.93,roster,0,84.0,67.5,0.6774,66.8,3.9798,0.675,0.6042,3.1111,57.92,7.81,13.4,7.67,8.25
2020-04-27 18:00:00,18,31,31,1.0,5.0,23.0,2.0,0.0,1.0,10,10,8,2,10,2,9.083,295.5,229.0,390.0,8.7,4.0,9.93,roster,0,98.0,77.5,0.8167,91.05,5.6336,0.775,1.007,3.1613,66.5,8.68,26.8,9.07,9.75
2020-04-27 19:00:00,19,29,29,1.0,2.0,25.0,1.0,0.0,1.0,6,6,6,2,8,2,10.083,128.0,95.0,334.0,7.5,4.0,9.93,roster,0,90.0,72.5,0.7031,83.72,4.1252,0.725,0.6042,3.1034,62.2,6.95,26.8,7.77,8.35
2020-04-27 20:00:00,20,33,33,2.0,3.0,27.0,1.0,0.0,1.0,7,7,6,2,8,2,11.083,188.0,155.0,394.0,8.5,4.0,9.83,roster,0,105.0,82.5,0.8203,93.69,4.8908,0.825,0.7121,3.1818,70.78,6.95,26.8,9.16,9.85
2020-04-27 21:00:00,21,35,35,2.0,3.0,30.0,0.0,0.0,1.0,8,8,7,2,9,2,12.083,215.0,92.0,271.0,9.5,4.0,9.83,roster,0,112.0,87.5,0.9032,95.99,5.4043,0.875,0.8138,3.2,75.08,7.81,26.8,6.3,6.775
2020-04-27 22:00:00,22,28,28,2.0,3.0,22.0,1.0,0.0,1.0,6,6,6,2,8,2,10.5,238.0,133.0,514.0,10.5,3.0,6.58,roster,0,90.0,70.0,0.9375,85.76,5.181,0.7,0.9119,3.2143,60.06,6.95,26.8,11.95,12.85
2020-04-27 23:00:00,23,29,29,2.0,3.0,24.0,0.0,0.0,1.0,6,6,5,2,7,2,11.5,212.0,189.0,391.0,11.5,3.0,6.58,roster,0,94.0,72.5,0.9495,84.17,5.3057,0.725,0.9119,3.2414,62.2,6.08,26.8,9.09,9.775
2020-04-28 00:00:00,0,27,27,1.0,5.0,21.0,0.0,0.0,1.0,8,6,4,1,5,1,12.5,444.0,272.0,451.0,12.5,3.0,6.58,roster,0,88.0,67.5,0.8381,66.14,5.172,0.675,0.9119,3.2593,57.92,4.34,13.4,10.49,11.275
2020-04-28 01:00:00,1,19,19,1.0,4.0,14.0,0.0,0.0,1.0,3,3,6,2,8,2,13.5,302.0,99.0,511.0,13.5,3.0,6.58,roster,0,63.0,47.5,0.6562,66.38,3.0868,0.475,0.4559,3.3158,40.75,6.95,26.8,11.88,12.775
2020-04-28 02:00:00,2,16,16,1.0,2.0,13.0,0.0,0.0,1.0,1,1,7,1,8,1,14.5,362.0,133.0,571.0,14.5,3.0,6.58,roster,0,52.0,40.0,0.5417,47.94,1.7939,0.4,0.152,3.25,34.32,6.95,13.4,13.28,14.275
2020-04-28 03:00:00,3,16,16,1.0,2.0,13.0,0.0,0.0,1.0,1,1,7,1,8,1,15.5,422.0,193.0,631.0,15.5,3.0,6.58,roster,0,52.0,40.0,0.5417,49.34,1.7939,0.4,0.152,3.25,34.32,6.95,13.4,14.67,15.775
2020-04-28 04:00:00,4,17,17,1.0,2.0,14.0,0.0,0.0,1.0,2,2,7,1,8,1,16.5,482.0,253.0,691.0,16.5,3.0,6.58,roster,0,55.0,42.5,0.5729,52.88,2.3584,0.425,0.304,3.2353,36.46,6.95,13.4,16.07,17.275
2020-04-28 05:00:00,5,19,19,2.0,2.0,14.0,1.0,0.0,1.0,3,3,8,1,9,1,17.5,512.0,308.0,744.0,17.5,3.0,6.58,roster,0,62.0,47.5,0.6667,59.27,3.0378,0.475,0.4559,3.2632,40.75,7.81,13.4,17.3,18.6
2020-04-28 06:00:00,6,19,19,1.0,2.0,15.0,1.0,0.0,1.0,2,2,8,1,9,1,18.5,572.0,368.0,804.0,18.5,3.0,6.58,roster,0,60.0,47.5,0.6452,60.66,2.4598,0.475,0.304,3.1579,40.75,7.81,13.4,18.69,20.1
2020-04-28 07:00:00,7,20,20,1.0,3.0,14.0,2.0,0.0,1.0,3,3,8,1,9,1,19.5,632.0,428.0,864.0,19.5,3.0,6.58,roster,0,63.0,50.0,0.6774,64.2,3.0112,0.5,0.4559,3.15,42.9,7.81,13.4,20.09,21.6
2020-04-28 08:00:00,8,19,19,1.0,3.0,14.0,1.0,0.0,1.0,2,1,9,1,10,1,20.5,592.5,460.0,924.0,20.5,3.0,6.68,roster,0,61.0,47.5,0.6778,64.32,2.0056,0.475,0.1497,3.2105,40.75,8.68,13.4,21.48,23.1
2020-04-28 09:00:00,9,17,17,1.0,3.0,12.0,1.0,0.0,1.0,4,4,5,1,6,1,18.333,680.0,520.0,984.0,16.517,3.0,6.68,roster,0,55.0,42.5,0.5392,57.95,3.3123,0.425,0.5988,3.2353,36.46,5.21,13.4,22.88,24.6
2020-04-28 10:00:00,10,17,17,1.0,5.0,10.0,1.0,0.0,1.0,5,5,2,1,3,1,19.333,1044.0,98.0,1051.0,17.517,4.0,10.14,roster,0,57.0,42.5,0.3851,56.91,3.0783,0.425,0.4931,3.3529,36.46,2.6,13.4,24.44,26.275
2020-04-28 11:00:00,11,17,17,2.0,5.0,9.0,1.0,0.0,1.0,4,3,2,1,3,1,20.333,1104.0,65.0,1111.0,18.517,4.0,10.14,roster,0,59.0,42.5,0.3986,58.3,2.5018,0.425,0.2959,3.4706,36.46,2.6,13.4,25.83,27.775
2020-04-28 12:00:00,12,17,17,2.0,6.0,8.0,1.0,0.0,1.0,5,4,2,1,3,1,21.333,1164.0,125.0,1171.0,19.517,4.0,10.14,roster,0,60.0,42.5,0.4054,59.7,2.8923,0.425,0.3945,3.5294,36.46,2.6,13.4,27.23,29.275
2020-04-28 13:00:00,13,20,20,3.0,8.0,8.0,1.0,0.0,1.0,6,6,4,1,5,1,22.333,185.0,73.0,1224.0,20.517,4.0,10.14,roster,0,73.0,50.0,0.5214,69.1,3.9848,0.5,0.5917,3.65,42.9,4.34,13.4,28.46,30.6
2020-04-28 14:00:00,14,19,19,3.0,7.0,9.0,0.0,0.0,1.0,3,3,5,4,9,4,23.333,125.0,87.0,245.0,21.517,4.0,10.14,roster,0,70.0,47.5,0.5645,87.87,2.84,0.475,0.2959,3.6842,40.75,7.81,53.6,5.7,6.125
2020-04-28 15:00:00,15,18,18,4.0,5.0,9.0,0.0,0.0,1.0,2,3,3,3,6,3,24.333,170.0,138.0,1344.0,22.517,4.0,10.14,roster,0,67.0,45.0,0.4926,95.27,2.7762,0.45,0.2959,3.7222,38.61,5.21,40.2,31.25,33.6
2020-04-28 16:00:00,16,19,19,2.0,5.0,12.0,0.0,0.0,1.0,5,5,3,2,5,2,25.333,253.0,186.0,1404.0,23.517,4.0,10.14,roster,0,66.0,47.5,0.4714,84.54,3.3629,0.475,0.4931,3.4737,40.75,4.34,26.8,32.64,35.1
2020-04-28 17:00:00,17,17,17,2.0,4.0,11.0,0.0,0.0,1.0,3,3,4,3,7,3,26.333,246.0,102.0,1464.0,24.517,4.0,10.14,roster,0,59.0,42.5,0.447,96.78,2.5018,0.425,0.2959,3.4706,36.46,6.08,40.2,34.04,36.6
2020-04-28 18:00:00,18,12,12,1.0,3.0,7.0,1.0,0.0,1.0,2,2,2,2,4,2,25.517,948.5,373.0,1531.0,25.517,4.0,10.14,roster,0,40.0,30.0,0.2778,71.61,1.6575,0.3,0.1972,3.3333,25.74,3.47,26.8,35.6,38.275
2020-04-28 19:00:00,19,11,11,1.0,2.0,7.0,1.0,0.0,1.0,4,3,1,1,2,1,26.517,1587.5,1584.0,1591.0,26.517,4.0,10.14,roster,0,36.0,27.5,0.2368,55.72,1.8683,0.275,0.2959,3.2727,23.6,1.74,13.4,36.99,39.775
2020-04-28 20:00:00,20,17,17,1.0,3.0,10.0,3.0,0.0,1.0,6,6,1,1,2,1,27.517,1647.5,1644.0,1651.0,27.517,4.0,10.03,roster,0,53.0,42.5,0.3487,69.99,3.19,0.425,0.5982,3.1176,36.46,1.74,13.4,38.39,41.275
2020-04-28 21:00:00,21,19,19,1.0,3.0,13.0,2.0,0.0,1.0,9,8,3,1,4,1,28.517,896.0,88.0,1711.0,28.517,4.0,10.03,roster,0,60.0,47.5,0.4167,77.41,4.0188,0.475,0.7976,3.1579,40.75,3.47,13.4,39.78,42.775
2020-04-28 22:00:00,22,17,17,1.0,2.0,13.0,1.0,0.0,1.0,7,6,3,1,4,1,29.517,937.5,111.0,1771.0,29.517,3.0,6.57,roster,0,54.0,42.5,0.5,74.51,4.2509,0.425,0.9132,3.1765,36.46,3.47,13.4,41.18,44.275
2020-04-28 23:00:00,23,19,19,1.0,2.0,15.0,1.0,0.0,1.0,6,6,5,2,7,2,30.517,127.0,88.0,1824.0,30.517,3.0,6.57,roster,0,60.0,47.5,0.6061,96.04,4.3839,0.475,0.9132,3.1579,40.75,6.08,26.8,42.41,45.6
2020-04-29 00:00:00,0,18,18,1.0,3.0,13.0,1.0,0.0,1.0,3,3,7,1,8,1,31.517,170.0,148.0,1884.0,31.517,3.0,6.57,roster,0,58.0,45.0,0.6042,82.76,2.9213,0.45,0.4566,3.2222,38.61,6.95,13.4,43.8,47.1
2020-04-29 01:00:00,1,16,16,1.0,3.0,11.0,1.0,0.0,1.0,3,2,8,1,9,1,32.517,213.0,176.0,291.0,32.517,3.0,6.57,roster,0,52.0,40.0,0.5591,42.3,2.2893,0.4,0.3044,3.25,34.32,7.81,13.4,6.77,7.275
2020-04-29 02:00:00,2,16,16,1.0,3.0,11.0,1.0,0.0,1.0,2,2,8,1,9,1,33.517,273.0,236.0,351.0,33.517,3.0,6.57,roster,0,52.0,40.0,0.5591,43.7,2.2893,0.4,0.3044,3.25,34.32,7.81,13.4,8.16,8.775
2020-04-29 03:00:00,3,17,17,1.0,3.0,11.0,2.0,0.0,1.0,2,1,10,1,11,1,34.517,328.0,216.0,411.0,34.517,3.0,6.57,roster,0,54.0,42.5,0.6207,48.97,1.8335,0.425,0.1522,3.1765,36.46,9.55,13.4,9.56,10.275
2020-04-29 04:00:00,4,18,18,1.0,3.0,12.0,2.0,0.0,1.0,1,1,10,1,11,1,35.517,388.0,276.0,471.0,35.517,3.0,6.57,roster,0,57.0,45.0,0.6552,52.51,1.907,0.45,0.1522,3.1667,38.61,9.55,13.4,10.95,11.775
2020-04-29 05:00:00,5,17,17,1.0,3.0,11.0,2.0,0.0,1.0,1,1,9,1,10,1,36.517,450.5,336.0,531.0,36.517,3.0,6.57,roster,0,54.0,42.5,0.6,50.89,1.8335,0.425,0.1522,3.1765,36.46,8.68,13.4,12.35,13.275
2020-04-29 06:00:00,6,18,18,2.0,3.0,12.0,1.0,0.0,1.0,3,2,9,1,10,1,37.517,510.5,396.0,591.0,37.517,3.0,6.57,roster,0,60.0,45.0,0.6667,54.43,2.5147,0.45,0.3044,3.3333,38.61,8.68,13.4,13.74,14.775
2020-04-29 07:00:00,7,15,15,1.0,3.0,10.0,1.0,0.0,1.0,1,1,9,1,10,1,38.517,570.5,456.0,651.0,38.517,3.0,6.57,roster,0,49.0,37.5,0.5444,49.39,1.7222,0.375,0.1522,3.2667,32.17,8.68,13.4,15.14,16.275
2020-04-29 08:00:00,8,17,17,1.0,3.0,11.0,2.0,0.0,1.0,4,3,9,1,10,1,39.517,630.5,516.0,711.0,39.517,3.0,7.46,roster,0,54.0,42.5,0.6,55.08,2.6274,0.425,0.4021,3.1765,36.46,8.68,13.4,16.53,17.775
2020-04-29 09:00:00,9,18,18,2.0,4.0,10.0,2.0,0.0,1.0,6,6,6,1,7,1,40.517,688.0,576.0,2424.0,40.517,3.0,7.46,roster,0,60.0,45.0,0.6061,94.45,4.181,0.45,0.8043,3.3333,38.61,6.08,13.4,56.36,60.6
2020-04-29 10:00:00,10,21,21,2.0,6.0,12.0,1.0,0.0,1.0,8,8,6,1,7,1,41.517,636.0,105.0,748.0,41.517,4.0,10.71,roster,0,72.0,52.5,0.5455,61.91,4.361,0.525,0.747,3.4286,45.04,6.08,13.4,17.39,18.7
2020-04-29 11:00:00,11,21,21,1.0,5.0,13.0,2.0,0.0,1.0,7,6,7,1,8,1,42.517,430.5,110.0,808.0,42.517,4.0,10.71,roster,0,68.0,52.5,0.5312,64.18,3.5141,0.525,0.5602,3.2381,45.04,6.95,13.4,18.79,20.2
2020-04-29 12:00:00,12,22,22,1.0,5.0,14.0,2.0,0.0,1.0,4,4,9,1,10,1,43.517,192.0,117.0,800.0,43.517,4.0,10.71,roster,0,71.0,55.0,0.5917,67.87,2.9803,0.55,0.3735,3.2273,47.19,8.68,13.4,18.6,20.0
2020-04-29 13:00:00,13,28,28,1.0,6.0,20.0,1.0,0.0,1.0,10,9,9,2,11,2,44.517,219.0,133.0,860.0,44.517,4.0,10.71,roster,0,91.0,70.0,0.7845,96.41,5.0061,0.7,0.8403,3.25,60.06,9.55,26.8,20.0,21.5
2020-04-29 14:00:00,14,23,23,0.0,6.0,16.0,1.0,0.0,1.0,4,3,9,1,10,1,45.517,213.5,126.0,876.0,45.517,4.0,10.71,roster,0,74.0,57.5,0.6167,71.79,2.7512,0.575,0.2801,3.2174,49.33,8.68,13.4,20.37,21.9
2020-04-29 15:00:00,15,22,22,0.0,7.0,15.0,0.0,0.0,1.0,4,4,9,0,9,0,46.517,152.0,117.0,294.0,46.517,4.0,10.71,roster,0,73.0,55.0,0.5887,41.84,3.0643,0.55,0.3735,3.3182,47.19,7.81,0.0,6.84,7.35
2020-04-29 16:00:00,16,22,22,0.0,6.0,16.0,0.0,0.0,1.0,4,4,10,0,10,0,47.517,151.5,74.0,313.0,47.517,4.0,10.71,roster,0,72.0,55.0,0.6,43.15,3.0223,0.55,0.3735,3.2727,47.19,8.68,0.0,7.28,7.825
2020-04-29 17:00:00,17,18,18,0.0,6.0,12.0,0.0,0.0,1.0,3,3,9,1,10,1,48.517,158.5,122.0,373.0,48.517,4.0,10.71,roster,0,60.0,45.0,0.5,49.37,2.4337,0.45,0.2801,3.3333,38.61,8.68,13.4,8.67,9.325
2020-04-29 18:00:00,18,17,17,0.0,5.0,12.0,0.0,0.0,1.0,3,3,7,2,9,2,49.517,194.0,182.0,433.0,49.517,4.0,10.71,roster,0,56.0,42.5,0.4516,61.15,2.3227,0.425,0.2801,3.2941,36.46,7.81,26.8,10.07,10.825
2020-04-29 19:00:00,19,15,15,0.0,4.0,11.0,0.0,0.0,1.0,3,3,6,1,7,1,50.517,251.0,101.0,1176.0,50.517,4.0,10.71,roster,0,49.0,37.5,0.3712,59.0,2.14,0.375,0.2801,3.2667,32.17,6.08,13.4,27.34,29.4
2020-04-29 20:00:00,20,10,10,0.0,3.0,7.0,0.0,0.0,1.0,3,1,5,0,5,0,51.517,311.0,132.0,1236.0,51.517,4.0,9.91,roster,0,33.0,25.0,0.2357,34.53,1.158,0.25,0.1009,3.3,21.45,4.34,0.0,28.74,30.9
2020-04-29 21:00:00,21,12,12,1.0,4.0,6.0,1.0,0.0,1.0,6,6,3,0,3,0,52.517,371.0,192.0,3151.0,52.517,4.0,9.91,roster,0,41.0,30.0,0.277,81.61,3.0936,0.3,0.6054,3.4167,25.74,2.6,0.0,73.26,78.775
2020-04-29 22:00:00,22,14,14,0.0,3.0,11.0,0.0,0.0,1.0,7,6,1,1,2,1,53.517,1636.5,62.0,3211.0,53.517,3.0,6.66,roster,0,45.0,35.0,0.3947,99.82,4.0208,0.35,0.9009,3.2143,30.03,1.74,13.4,74.66,80.275
2020-04-29 23:00:00,23,13,13,0.0,3.0,10.0,0.0,0.0,1.0,2,2,4,1,5,1,54.517,119.0,77.0,122.0,54.517,3.0,6.66,roster,0,42.0,32.5,0.4,28.46,2.0202,0.325,0.3003,3.2308,27.88,4.34,13.4,2.84,3.05
2020-04-30 00:00:00,0,13,13,1.0,2.0,10.0,0.0,0.0,1.0,3,3,3,1,4,1,55.517,159.5,137.0,3331.0,55.517,3.0,6.66,roster,0,43.0,32.5,0.3981,102.2,2.565,0.325,0.4505,3.3077,27.88,3.47,13.4,77.45,83.275
2020-04-30 01:00:00,1,12,12,1.0,2.0,9.0,0.0,0.0,1.0,0,0,3,1,4,1,56.517,219.5,197.0,3391.0,56.517,3.0,6.66,roster,0,40.0,30.0,0.3704,101.45,1.0,0.3,0.0,3.3333,25.74,3.47,13.4,78.84,84.775
2020-04-30 02:00:00,2,11,11,2.0,1.0,8.0,0.0,0.0,1.0,1,1,3,0,3,0,57.517,257.0,128.0,3451.0,57.517,3.0,6.66,roster,0,38.0,27.5,0.3423,86.44,1.4687,0.275,0.1502,3.4545,23.6,2.6,0.0,80.24,86.275
2020-04-30 03:00:00,3,12,12,2.0,1.0,9.0,0.0,0.0,1.0,1,1,3,0,3,0,58.517,317.0,188.0,3511.0,58.517,3.0,6.66,roster,0,41.0,30.0,0.3694,89.98,1.538,0.3,0.1502,3.4167,25.74,2.6,0.0,81.63,87.775
2020-04-30 04:00:00,4,13,13,1.0,1.0,11.0,0.0,0.0,1.0,4,3,3,0,3,0,59.517,377.0,248.0,3571.0,59.517,3.0,6.66,roster,0,42.0,32.5,0.3784,93.52,2.5053,0.325,0.4505,3.2308,27.88,2.6,0.0,83.03,89.275
2020-04-30 05:00:00,5,12,12,1.0,2.0,9.0,0.0,0.0,1.0,1,1,4,0,4,0,60.517,372.5,308.0,3631.0,60.517,3.0,6.66,roster,0,40.0,30.0,0.3704,93.63,1.5005,0.3,0.1502,3.3333,25.74,3.47,0.0,84.42,90.775
2020-04-30 06:00:00,6,12,12,1.0,2.0,9.0,0.0,0.0,1.0,2,2,4,0,4,0,61.517,432.5,368.0,3691.0,61.517,3.0,6.66,roster,0,40.0,30.0,0.3704,95.03,2.001,0.3,0.3003,3.3333,25.74,3.47,0.0,85.82,92.275
2020-04-30 07:00:00,7,12,12,1.0,2.0,9.0,0.0,0.0,1.0,1,1,5,0,5,0,62.517,428.0,239.0,557.0,62.517,3.0,6.66,roster,0,40.0,30.0,0.381,23.03,1.5005,0.3,0.1502,3.3333,25.74,4.34,0.0,12.95,13.925
2020-04-30 08:00:00,8,17,17,1.0,4.0,11.0,1.0,0.0,1.0,6,6,5,0,5,0,63.517,488.0,299.0,617.0,63.517,3.0,7.76,roster,0,56.0,42.5,0.5333,35.15,3.947,0.425,0.7732,3.2941,36.46,4.34,0.0,14.35,15.425
2020-04-30 09:00:00,9,20,20,1.0,3.0,15.0,1.0,0.0,1.0,5,5,6,0,6,0,32.3,288.5,101.0,548.0,11.283,3.0,7.76,roster,0,64.0,50.0,0.6275,40.85,3.6619,0.5,0.6443,3.2,42.9,5.21,0.0,12.74,13.7
2020-04-30 10:00:00,10,22,22,1.0,3.0,17.0,1.0,0.0,1.0,6,6,7,0,7,0,33.3,161.0,102.0,608.0,12.283,4.0,11.01,roster,0,70.0,55.0,0.5303,47.4,3.484,0.55,0.545,3.1818,47.19,6.08,0.0,14.14,15.2
2020-04-30 11:00:00,11,24,24,0.0,3.0,20.0,1.0,0.0,1.0,9,8,8,0,8,0,34.3,169.5,105.0,338.0,13.283,4.0,11.01,roster,0,74.0,60.0,0.5781,46.28,4.0904,0.6,0.7266,3.0833,51.48,6.95,0.0,7.86,8.45
2020-04-30 12:00:00,12,23,23,0.0,2.0,20.0,1.0,0.0,1.0,7,6,8,0,8,0,35.3,182.0,157.0,281.0,14.283,4.0,11.01,roster,0,70.0,57.5,0.5469,42.81,3.4086,0.575,0.545,3.0435,49.33,6.95,0.0,6.53,7.025
2020-04-30 13:00:00,13,21,21,0.0,1.0,19.0,1.0,0.0,1.0,5,5,7,0,7,0,36.3,177.0,118.0,259.0,5.683,4.0,11.01,roster,0,63.0,52.5,0.4773,37.14,2.9374,0.525,0.4541,3.0,45.04,6.08,0.0,6.02,6.475
2020-04-30 14:00:00,14,21,21,0.0,3.0,17.0,1.0,0.0,1.0,5,5,8,0,8,0,37.3,220.0,178.0,319.0,6.683,4.0,11.01,roster,0,65.0,52.5,0.5078,39.41,3.0306,0.525,0.4541,3.0952,45.04,6.95,0.0,7.42,7.975
2020-04-30 15:00:00,15,27,27,0.0,5.0,20.0,1.0,1.0,1.0,9,9,7,0,7,0,38.3,263.0,123.0,379.0,7.683,4.0,11.01,roster,0,83.0,67.5,0.6288,52.8,4.5879,0.675,0.8174,3.0741,57.92,6.08,0.0,8.81,9.475
2020-04-30 16:00:00,16,27,27,0.0,7.0,20.0,0.0,0.0,1.0,7,7,5,0,5,0,39.3,183.0,144.0,298.0,8.683,4.0,11.01,roster,0,88.0,67.5,0.6286,49.19,4.2722,0.675,0.6358,3.2593,57.92,4.34,0.0,6.93,7.45
2020-04-30 17:00:00,17,24,24,0.0,6.0,18.0,0.0,0.0,1.0,3,3,5,0,5,0,40.3,204.0,152.0,358.0,9.683,4.0,11.01,roster,0,78.0,60.0,0.5571,44.15,2.8356,0.6,0.2725,3.25,51.48,4.34,0.0,8.32,8.95
2020-04-30 18:00:00,18,24,24,0.0,6.0,18.0,0.0,0.0,1.0,3,3,3,0,3,0,41.3,212.0,131.0,264.0,4.4,4.0,11.01,roster,0,78.0,60.0,0.527,40.22,2.8356,0.6,0.2725,3.25,51.48,2.6,0.0,6.14,6.6
2020-04-30 19:00:00,19,32,32,0.0,5.0,26.0,1.0,0.0,1.0,11,11,3,0,3,0,6.65,191.0,90.0,272.0,4.533,4.0,11.01,roster,0,100.0,80.0,0.6757,57.57,5.6222,0.8,0.9991,3.125,68.64,2.6,0.0,6.32,6.8
2020-04-30 20:00:00,20,37,37,0.0,3.0,33.0,1.0,0.0,1.0,15,15,6,0,6,0,7.65,122.5,78.0,251.0,5.533,4.0,10.02,roster,0,113.0,92.5,0.8309,70.41,7.3969,0.925,1.497,3.0541,79.36,5.21,0.0,5.84,6.275
2020-04-30 21:00:00,21,29,29,0.0,3.0,26.0,0.0,0.0,1.0,4,4,8,0,8,0,8.65,127.0,84.0,311.0,6.533,4.0,10.02,roster,0,90.0,72.5,0.7031,56.38,3.4889,0.725,0.3992,3.1034,62.2,6.95,0.0,7.23,7.775
2020-04-30 22:00:00,22,24,24,0.0,2.0,22.0,0.0,0.0,1.0,8,6,5,1,6,1,9.65,135.0,112.0,144.0,7.533,3.0,6.77,roster,0,74.0,60.0,0.7255,53.44,4.5826,0.6,0.8863,3.0833,51.48,5.21,13.4,3.35,3.6
2020-04-30 23:00:00,23,26,26,1.0,4.0,21.0,0.0,0.0,1.0,6,5,7,1,8,1,10.65,180.0,148.0,204.0,8.533,3.0,6.77,roster,0,84.0,65.0,0.875,60.86,4.4861,0.65,0.7386,3.2308,55.77,6.95,13.4,4.74,5.1
