ts,hour,total,census,l1,l2,l3,l4,l5,tri_coverage,arrivals,arrival_present_1h,waitBed,waitICU,D_board,resus,maxLOS_h,awt_curr_min,board_q1_min,board_q3_min,board_max_h,Na,cap_sum,cap_source,src_gap,acuity,OCCUPANCY,EDWIN,NEDOCS,READI,READI_BR,READI_PR,READI_AR,NEDOCS_t_total,NEDOCS_t_board,NEDOCS_t_resus,NEDOCS_t_longest_admit,NEDOCS_E_h
2021-04-01 00:00:00,0,31,31,2.0,6.0,20.0,3.0,0.0,1.0,11,11,12,0,12,0,15.683,295.0,158.0,634.0,15.683,3.0,6.66,roster,0,100.0,77.5,1.1905,71.66,7.8279,0.775,1.6517,3.2258,66.5,10.42,0.0,14.74,15.85
2021-04-01 01:00:00,1,31,31,2.0,6.0,20.0,3.0,0.0,1.0,6,5,13,2,15,2,16.683,230.0,100.0,664.0,16.683,3.0,6.66,roster,0,100.0,77.5,1.3333,101.76,4.9218,0.775,0.7508,3.2258,66.5,13.02,26.8,15.44,16.6
2021-04-01 02:00:00,2,30,30,2.0,7.0,16.0,4.0,1.0,1.0,4,4,14,1,15,1,17.683,290.0,160.0,724.0,17.683,3.0,6.66,roster,0,95.0,75.0,1.2667,87.61,4.2769,0.75,0.6006,3.1667,64.35,13.02,13.4,16.83,18.1
2021-04-01 03:00:00,3,32,32,3.0,7.0,16.0,6.0,0.0,1.0,3,3,15,1,16,1,18.683,334.5,220.0,784.0,18.683,3.0,6.66,roster,0,103.0,80.0,1.4306,94.16,4.0249,0.8,0.4505,3.2188,68.64,13.89,13.4,18.23,19.6
2021-04-01 04:00:00,4,29,29,3.0,5.0,18.0,3.0,0.0,1.0,2,2,15,2,17,2,19.683,379.0,274.0,806.0,19.683,3.0,6.66,roster,0,95.0,72.5,1.3768,102.51,3.3587,0.725,0.3003,3.2759,62.2,14.76,26.8,18.74,20.15
2021-04-01 05:00:00,5,28,28,3.0,3.0,19.0,3.0,0.0,1.0,4,3,15,1,16,1,20.683,454.5,340.0,904.0,20.683,3.0,6.66,roster,0,90.0,70.0,1.25,88.37,3.6979,0.7,0.4505,3.2143,60.06,13.89,13.4,21.02,22.6
2021-04-01 06:00:00,6,24,24,2.0,3.0,18.0,1.0,0.0,1.0,0,0,15,0,15,0,21.683,530.0,400.0,964.0,21.683,3.0,6.66,roster,0,78.0,60.0,1.04,66.92,1.95,0.6,0.0,3.25,51.48,13.02,0.0,22.41,24.1
2021-04-01 07:00:00,7,24,24,2.0,3.0,18.0,1.0,0.0,1.0,2,2,15,0,15,0,22.683,590.0,460.0,1024.0,22.683,3.0,6.66,roster,0,78.0,60.0,1.04,68.31,2.926,0.6,0.3003,3.25,51.48,13.02,0.0,23.81,25.6
2021-04-01 08:00:00,8,27,27,3.0,3.0,19.0,2.0,0.0,1.0,4,4,15,0,15,0,23.683,650.0,520.0,1084.0,23.683,3.0,6.77,roster,0,88.0,67.5,1.1733,76.14,4.1257,0.675,0.5908,3.2593,57.92,13.02,0.0,25.2,27.1
2021-04-01 09:00:00,9,31,31,3.0,4.0,21.0,3.0,0.0,1.0,8,7,13,1,14,1,24.683,718.0,574.0,1144.0,24.683,3.0,6.77,roster,0,100.0,77.5,1.2821,98.65,5.8354,0.775,1.034,3.2258,66.5,12.16,13.4,26.6,28.6
2021-04-01 10:00:00,10,33,33,2.0,6.0,23.0,2.0,0.0,1.0,7,7,12,2,14,2,25.683,725.5,132.0,1166.0,25.683,4.0,10.02,roster,0,107.0,82.5,1.0288,116.85,4.9402,0.825,0.6986,3.2424,70.78,12.16,26.8,27.11,29.15
2021-04-01 11:00:00,11,31,31,1.0,7.0,22.0,1.0,0.0,1.0,5,5,12,2,14,2,26.683,785.5,192.0,1226.0,26.683,4.0,10.02,roster,0,101.0,77.5,0.9712,113.96,4.1508,0.775,0.499,3.2581,66.5,12.16,26.8,28.5,30.65
2021-04-01 12:00:00,12,31,31,1.0,10.0,19.0,1.0,0.0,1.0,9,8,13,2,15,2,27.683,794.0,166.0,1286.0,27.683,4.0,10.02,roster,0,104.0,77.5,1.04,116.22,5.2785,0.775,0.7984,3.3548,66.5,13.02,26.8,29.9,32.15
2021-04-01 13:00:00,13,33,33,1.0,11.0,20.0,1.0,0.0,1.0,6,6,13,2,15,2,28.683,312.0,158.0,1153.0,28.683,4.0,10.02,roster,0,111.0,82.5,1.11,117.42,4.7892,0.825,0.5988,3.3636,70.78,13.02,26.8,26.81,28.825
2021-04-01 14:00:00,14,30,30,2.0,8.0,19.0,1.0,0.0,1.0,7,7,13,1,14,1,29.683,214.5,107.0,874.0,29.683,4.0,10.02,roster,0,101.0,75.0,0.9712,90.23,4.877,0.75,0.6986,3.3667,64.35,12.16,13.4,20.32,21.85
2021-04-01 15:00:00,15,34,34,2.0,12.0,19.0,1.0,0.0,1.0,10,9,13,1,14,1,24.433,188.5,131.0,390.0,24.433,4.0,10.02,roster,0,117.0,85.0,1.125,87.55,6.0159,0.85,0.8982,3.4412,72.93,12.16,13.4,9.07,9.75
2021-04-01 16:00:00,16,33,33,1.0,13.0,18.0,1.0,0.0,1.0,3,4,16,2,18,2,20.067,187.5,98.0,256.0,18.317,4.0,10.02,roster,0,113.0,82.5,1.2841,99.17,4.192,0.825,0.3992,3.4242,70.78,15.63,26.8,5.95,6.4
2021-04-01 17:00:00,17,35,35,0.0,10.0,24.0,1.0,0.0,1.0,8,9,14,2,16,2,21.067,209.5,141.0,301.0,19.317,4.0,10.02,roster,0,114.0,87.5,1.1875,102.77,5.7756,0.875,0.8982,3.2571,75.08,13.89,26.8,7.0,7.525
2021-04-01 18:00:00,18,35,35,0.0,9.0,24.0,2.0,0.0,1.0,7,7,15,1,16,1,20.317,269.5,201.0,361.0,20.317,4.0,10.02,roster,0,112.0,87.5,1.1667,90.76,5.0355,0.875,0.6986,3.2,75.08,13.89,13.4,8.39,9.025
2021-04-01 19:00:00,19,33,33,0.0,8.0,25.0,0.0,0.0,1.0,12,12,12,1,13,1,21.317,278.0,212.0,421.0,21.317,4.0,10.02,roster,0,107.0,82.5,0.9907,85.26,6.5581,0.825,1.1976,3.2424,70.78,11.29,13.4,9.79,10.525
2021-04-01 20:00:00,20,32,32,0.0,11.0,21.0,0.0,0.0,1.0,14,12,7,1,8,1,12.2,321.0,272.0,496.0,12.2,4.0,9.63,roster,0,107.0,80.0,0.8359,80.52,6.8417,0.8,1.2461,3.3438,68.64,6.95,13.4,11.53,12.4
2021-04-01 21:00:00,21,25,25,0.0,9.0,16.0,0.0,0.0,1.0,7,5,6,1,7,1,9.267,211.0,73.0,491.0,9.267,4.0,9.63,roster,0,84.0,62.5,0.6364,64.52,3.8445,0.625,0.5192,3.36,53.62,6.08,13.4,11.42,12.275
2021-04-01 22:00:00,22,18,18,1.0,8.0,9.0,0.0,0.0,1.0,6,5,3,1,4,1,8.983,141.5,133.0,458.0,7.633,3.0,6.38,roster,0,64.0,45.0,0.5926,46.13,4.3865,0.45,0.7837,3.5556,38.61,3.47,13.4,10.65,11.45
2021-04-01 23:00:00,23,19,19,1.0,7.0,11.0,0.0,0.0,1.0,12,8,3,2,5,2,9.983,181.0,102.0,193.0,3.5,3.0,6.38,roster,0,66.0,47.5,0.6286,56.38,6.0057,0.475,1.2539,3.4737,40.75,4.34,26.8,4.49,4.825
2021-04-02 00:00:00,0,18,18,0.0,10.0,7.0,1.0,0.0,1.0,5,5,5,2,7,2,10.983,162.0,66.0,253.0,4.5,3.0,6.38,roster,0,63.0,45.0,0.6364,57.37,4.3179,0.45,0.7837,3.5,38.61,6.08,26.8,5.88,6.325
2021-04-02 01:00:00,1,16,16,0.0,6.0,7.0,3.0,0.0,1.0,3,3,5,2,7,2,11.983,222.0,120.0,313.0,5.5,3.0,6.38,roster,0,51.0,40.0,0.5152,54.48,2.7738,0.4,0.4702,3.1875,34.32,6.08,26.8,7.28,7.825
2021-04-02 02:00:00,2,14,14,0.0,5.0,9.0,0.0,0.0,1.0,4,4,6,1,7,1,12.983,191.0,175.0,361.0,6.5,3.0,6.38,roster,0,47.0,35.0,0.4747,37.9,3.2798,0.35,0.627,3.3571,30.03,6.08,13.4,8.39,9.025
2021-04-02 03:00:00,3,10,10,0.0,5.0,5.0,0.0,0.0,1.0,0,0,5,1,6,1,13.983,296.5,240.0,421.0,7.5,3.0,6.38,roster,0,35.0,25.0,0.3431,29.85,0.875,0.25,0.0,3.5,21.45,5.21,13.4,9.79,10.525
2021-04-02 04:00:00,4,13,13,0.0,5.0,8.0,0.0,0.0,1.0,3,3,5,1,6,1,14.983,356.5,300.0,481.0,8.5,3.0,6.38,roster,0,44.0,32.5,0.4314,37.68,2.6915,0.325,0.4702,3.3846,27.88,5.21,13.4,11.18,12.025
2021-04-02 05:00:00,5,13,13,0.0,5.0,8.0,0.0,0.0,1.0,3,3,5,1,6,1,15.983,365.5,355.0,541.0,9.5,3.0,6.38,roster,0,44.0,32.5,0.4314,39.07,2.6915,0.325,0.4702,3.3846,27.88,5.21,13.4,12.58,13.525
2021-04-02 06:00:00,6,16,16,0.0,5.0,11.0,0.0,0.0,1.0,3,3,7,1,8,1,16.983,417.5,141.0,601.0,10.5,3.0,6.38,roster,0,53.0,40.0,0.5521,48.64,2.8826,0.4,0.4702,3.3125,34.32,6.95,13.4,13.97,15.025
2021-04-02 07:00:00,7,12,12,0.0,5.0,7.0,0.0,0.0,1.0,0,0,9,0,9,0,17.983,201.0,121.0,480.0,11.5,3.0,6.38,roster,0,41.0,30.0,0.4409,24.71,1.025,0.3,0.0,3.4167,25.74,7.81,0.0,11.16,12.0
2021-04-02 08:00:00,8,14,14,0.0,4.0,9.0,1.0,0.0,1.0,4,4,8,0,8,0,18.983,398.0,185.0,721.0,12.5,3.0,6.65,roster,0,45.0,35.0,0.4688,33.74,3.0584,0.35,0.6015,3.2143,30.03,6.95,0.0,16.76,18.025
2021-04-02 09:00:00,9,14,14,0.0,5.0,9.0,0.0,0.0,1.0,5,5,6,0,6,0,19.983,230.5,182.0,321.0,13.5,3.0,6.65,roster,0,47.0,35.0,0.4608,22.7,3.6992,0.35,0.7519,3.3571,30.03,5.21,0.0,7.46,8.025
2021-04-02 10:00:00,10,20,20,0.0,8.0,12.0,0.0,0.0,1.0,10,10,5,0,5,0,20.983,242.0,140.0,305.0,6.35,4.0,10.35,roster,0,68.0,50.0,0.4857,34.33,4.985,0.5,0.9662,3.4,42.9,4.34,0.0,7.09,7.625
2021-04-02 11:00:00,11,25,25,0.0,10.0,15.0,0.0,0.0,1.0,9,9,7,1,8,1,21.983,104.5,79.0,200.0,6.083,4.0,10.35,roster,0,85.0,62.5,0.6641,58.62,5.0815,0.625,0.8696,3.4,53.62,6.95,13.4,4.65,5.0
2021-04-02 12:00:00,12,27,27,1.0,13.0,13.0,0.0,0.0,1.0,9,9,8,0,8,0,7.083,164.5,139.0,260.0,7.083,4.0,10.35,roster,0,96.0,67.5,0.75,50.91,5.4918,0.675,0.8696,3.5556,57.92,6.95,0.0,6.04,6.5
2021-04-02 13:00:00,13,32,32,3.0,14.0,15.0,0.0,0.0,1.0,10,9,9,1,10,1,8.083,179.0,110.0,220.0,8.083,4.0,10.35,roster,0,116.0,80.0,0.9667,75.84,6.0522,0.8,0.8696,3.625,68.64,8.68,13.4,5.12,5.5
2021-04-02 14:00:00,14,26,26,3.0,12.0,11.0,0.0,0.0,1.0,4,4,7,2,9,2,5.733,170.0,148.0,232.0,4.317,4.0,10.35,roster,0,96.0,65.0,0.7742,75.78,3.827,0.65,0.3865,3.6923,55.77,7.81,26.8,5.39,5.8
2021-04-02 15:00:00,15,23,23,1.0,12.0,10.0,0.0,0.0,1.0,6,5,3,1,4,1,6.733,230.0,168.0,306.0,5.1,4.0,10.35,roster,0,83.0,57.5,0.5764,53.32,3.8183,0.575,0.4831,3.6087,49.33,3.47,13.4,7.11,7.65
2021-04-02 16:00:00,16,27,27,1.0,14.0,12.0,0.0,0.0,1.0,9,8,2,1,3,1,7.733,126.0,93.0,228.0,3.8,4.0,10.35,roster,0,97.0,67.5,0.6554,59.22,5.2019,0.675,0.7729,3.5926,57.92,2.6,13.4,5.3,5.7
2021-04-02 17:00:00,17,24,24,0.0,10.0,13.0,1.0,0.0,1.0,7,6,3,1,4,1,8.733,112.5,111.0,186.0,3.1,4.0,10.35,roster,0,81.0,60.0,0.5625,52.68,3.9815,0.6,0.5797,3.375,51.48,3.47,13.4,4.32,4.65
2021-04-02 18:00:00,18,20,20,0.0,7.0,11.0,2.0,0.0,1.0,5,4,2,1,3,1,9.733,174.0,148.0,246.0,4.1,4.0,10.35,roster,0,65.0,50.0,0.4392,44.62,2.881,0.5,0.3865,3.25,42.9,2.6,13.4,5.72,6.15
2021-04-02 19:00:00,19,20,20,0.0,5.0,14.0,1.0,0.0,1.0,8,7,4,0,4,0,10.733,166.0,98.0,306.0,5.1,4.0,10.35,roster,0,64.0,50.0,0.4444,33.49,3.7643,0.5,0.6763,3.2,42.9,3.47,0.0,7.11,7.65
2021-04-02 20:00:00,20,20,20,0.0,5.0,13.0,2.0,0.0,1.0,6,6,6,1,7,1,11.733,100.0,87.0,158.0,6.1,4.0,10.38,roster,0,63.0,50.0,0.4773,46.05,3.3958,0.5,0.578,3.15,42.9,6.08,13.4,3.67,3.95
2021-04-02 21:00:00,21,20,20,0.0,3.0,14.0,2.0,1.0,1.0,9,8,5,0,5,0,12.733,147.0,102.0,160.0,7.1,4.0,10.38,roster,0,59.0,50.0,0.4214,30.96,3.7486,0.5,0.7707,2.95,42.9,4.34,0.0,3.72,4.0
2021-04-02 22:00:00,22,19,19,0.0,2.0,14.0,2.0,1.0,1.0,7,5,5,0,5,0,13.733,162.0,84.0,220.0,8.1,3.0,6.68,roster,0,55.0,47.5,0.5238,30.21,3.5417,0.475,0.7485,2.8947,40.75,4.34,0.0,5.12,5.5
2021-04-02 23:00:00,23,22,22,0.0,3.0,13.0,5.0,1.0,1.0,10,9,5,1,6,1,14.733,134.0,96.0,222.0,9.1,3.0,6.68,roster,0,62.0,55.0,0.6078,50.96,5.347,0.55,1.3473,2.8182,47.19,5.21,13.4,5.16,5.55
2021-04-03 00:00:00,0,19,19,0.0,2.0,14.0,2.0,1.0,1.0,5,4,7,0,7,0,15.733,184.0,105.0,282.0,10.1,3.0,6.68,roster,0,55.0,47.5,0.5556,33.39,3.1084,0.475,0.5988,2.8947,40.75,6.08,0.0,6.56,7.05
2021-04-03 01:00:00,1,18,18,0.0,3.0,12.0,2.0,1.0,1.0,4,3,6,0,6,0,16.733,254.0,183.0,342.0,11.1,3.0,6.68,roster,0,53.0,45.0,0.5196,31.77,2.6474,0.45,0.4491,2.9444,38.61,5.21,0.0,7.95,8.55
2021-04-03 02:00:00,2,17,17,0.0,3.0,12.0,1.0,1.0,1.0,3,3,7,0,7,0,17.733,304.0,225.0,402.0,12.1,3.0,6.68,roster,0,51.0,42.5,0.5152,31.89,2.6223,0.425,0.4491,3.0,36.46,6.08,0.0,9.35,10.05
2021-04-03 03:00:00,3,15,15,0.0,2.0,12.0,0.0,1.0,1.0,3,0,8,0,8,0,18.733,333.5,285.0,462.0,13.1,3.0,6.68,roster,0,45.0,37.5,0.4688,29.86,1.125,0.375,0.0,3.0,32.17,6.95,0.0,10.74,11.55
2021-04-03 04:00:00,4,18,18,0.0,3.0,14.0,0.0,1.0,1.0,3,3,8,0,8,0,19.733,393.5,345.0,522.0,14.1,3.0,6.68,roster,0,55.0,45.0,0.5729,37.69,2.7473,0.45,0.4491,3.0556,38.61,6.95,0.0,12.14,13.05
2021-04-03 05:00:00,5,18,18,0.0,3.0,13.0,1.0,1.0,1.0,1,1,9,0,9,0,20.733,423.0,286.0,504.0,15.1,3.0,6.68,roster,0,54.0,45.0,0.5806,38.14,1.7991,0.45,0.1497,3.0,38.61,7.81,0.0,11.72,12.6
2021-04-03 06:00:00,6,20,20,0.0,4.0,14.0,1.0,1.0,1.0,4,4,9,0,9,0,21.733,483.0,346.0,564.0,16.1,3.0,6.68,roster,0,61.0,50.0,0.6559,43.83,3.3513,0.5,0.5988,3.05,42.9,7.81,0.0,13.11,14.1
2021-04-03 07:00:00,7,20,20,1.0,4.0,13.0,1.0,1.0,1.0,2,2,9,0,9,0,22.733,543.0,406.0,624.0,17.1,3.0,6.68,roster,0,63.0,50.0,0.6774,45.22,2.5181,0.5,0.2994,3.15,42.9,7.81,0.0,14.51,15.6
2021-04-03 08:00:00,8,28,28,1.0,6.0,18.0,2.0,1.0,1.0,10,9,11,0,11,0,23.733,585.0,277.0,684.0,18.1,3.0,6.6,roster,0,88.0,70.0,1.0115,65.51,6.4857,0.7,1.3636,3.1429,60.06,9.55,0.0,15.9,17.1
2021-04-03 09:00:00,9,31,31,1.0,5.0,21.0,3.0,1.0,1.0,8,9,10,1,11,1,24.733,165.0,94.0,663.0,13.7,3.0,6.6,roster,0,95.0,77.5,1.092,84.86,6.5539,0.775,1.3636,3.0645,66.5,9.55,13.4,15.41,16.575
2021-04-03 10:00:00,10,27,27,1.0,3.0,18.0,4.0,1.0,1.0,8,7,8,0,8,0,25.733,311.0,193.0,784.0,14.7,4.0,9.92,roster,0,80.0,67.5,0.625,63.09,4.0908,0.675,0.7056,2.963,57.92,6.95,0.0,18.23,19.6
2021-04-03 11:00:00,11,24,24,0.0,6.0,13.0,5.0,0.0,1.0,10,9,5,0,5,0,15.7,253.0,190.0,765.0,15.7,4.0,9.92,roster,0,73.0,60.0,0.5214,53.61,4.5846,0.6,0.9073,3.0417,51.48,4.34,0.0,17.79,19.125
2021-04-03 12:00:00,12,20,20,0.0,5.0,12.0,3.0,0.0,1.0,7,6,6,0,6,0,5.217,114.5,75.0,157.0,5.217,4.0,9.92,roster,0,62.0,50.0,0.4559,31.76,3.425,0.5,0.6048,3.1,42.9,5.21,0.0,3.65,3.925
2021-04-03 13:00:00,13,26,26,0.0,5.0,18.0,3.0,0.0,1.0,12,10,6,0,6,0,6.217,157.0,128.0,217.0,6.217,4.0,9.92,roster,0,80.0,65.0,0.5882,46.03,5.1017,0.65,1.0081,3.0769,55.77,5.21,0.0,5.05,5.425
2021-04-03 14:00:00,14,24,24,0.0,4.0,16.0,4.0,0.0,1.0,9,8,5,0,5,0,7.217,195.0,166.0,239.0,7.217,4.0,9.92,roster,0,72.0,60.0,0.5143,41.38,4.2194,0.6,0.8065,3.0,51.48,4.34,0.0,5.56,5.975
2021-04-03 15:00:00,15,28,28,1.0,8.0,16.0,3.0,0.0,1.0,12,10,4,0,4,0,8.217,277.0,255.0,493.0,8.217,4.0,9.92,roster,0,91.0,70.0,0.6319,55.0,5.5512,0.7,1.0081,3.25,60.06,3.47,0.0,11.46,12.325
2021-04-03 16:00:00,16,26,26,1.0,9.0,15.0,1.0,0.0,1.0,6,6,7,0,7,0,9.217,112.0,103.0,286.0,9.217,4.0,9.92,roster,0,88.0,65.0,0.6667,48.5,4.2471,0.65,0.6048,3.3846,55.77,6.08,0.0,6.65,7.15
2021-04-03 17:00:00,17,25,25,1.0,8.0,12.0,4.0,0.0,1.0,10,8,6,0,6,0,9.033,110.5,80.0,167.0,2.95,4.0,9.92,roster,0,81.0,62.5,0.5956,42.72,4.6379,0.625,0.8065,3.24,53.62,5.21,0.0,3.88,4.175
2021-04-03 18:00:00,18,23,23,1.0,4.0,15.0,3.0,0.0,1.0,7,7,10,0,10,0,10.033,123.5,89.0,148.0,3.783,4.0,9.92,roster,0,72.0,57.5,0.6,41.46,4.009,0.575,0.7056,3.1304,49.33,8.68,0.0,3.44,3.7
2021-04-03 19:00:00,19,19,19,1.0,5.0,12.0,1.0,0.0,1.0,4,4,7,0,7,0,11.033,200.0,149.0,253.0,4.783,4.0,9.92,roster,0,63.0,47.5,0.4773,32.72,2.912,0.475,0.4032,3.3158,40.75,6.08,0.0,5.88,6.325
2021-04-03 20:00:00,20,21,21,1.0,4.0,15.0,1.0,0.0,1.0,10,11,5,1,6,1,12.033,264.0,209.0,313.0,5.783,4.0,11.38,roster,0,68.0,52.5,0.5,50.93,4.83,0.525,0.9666,3.2381,45.04,5.21,13.4,7.28,7.825
2021-04-03 21:00:00,21,21,21,1.0,5.0,13.0,2.0,0.0,1.0,6,4,7,1,8,1,13.033,210.0,107.0,373.0,6.783,4.0,11.38,roster,0,68.0,52.5,0.5312,54.06,2.8382,0.525,0.3515,3.2381,45.04,6.95,13.4,8.67,9.325
2021-04-03 22:00:00,22,19,19,1.0,3.0,12.0,3.0,0.0,1.0,4,4,5,1,6,1,14.033,185.5,143.0,433.0,7.783,3.0,8.06,roster,0,59.0,47.5,0.5784,49.43,3.0161,0.475,0.4963,3.1053,40.75,5.21,13.4,10.07,10.825
2021-04-03 23:00:00,23,14,14,1.0,1.0,11.0,1.0,0.0,1.0,4,4,3,0,3,0,15.033,203.0,114.0,220.0,3.667,3.0,8.06,roster,0,44.0,35.0,0.3964,17.75,2.6597,0.35,0.4963,3.1429,30.03,2.6,0.0,5.12,5.5
2021-04-04 00:00:00,0,15,15,1.0,2.0,10.0,2.0,0.0,1.0,6,6,2,2,4,2,16.033,125.5,77.0,280.0,4.667,3.0,8.06,roster,0,47.0,37.5,0.4352,48.96,3.5075,0.375,0.7444,3.1333,32.17,3.47,26.8,6.51,7.0
2021-04-04 01:00:00,1,15,15,0.0,1.0,12.0,2.0,0.0,1.0,6,5,2,1,3,1,17.033,89.0,79.0,234.0,3.9,3.0,8.06,roster,0,44.0,37.5,0.3964,33.62,2.9197,0.375,0.6203,2.9333,32.17,2.6,13.4,5.44,5.85
2021-04-04 02:00:00,2,14,14,1.0,1.0,10.0,2.0,0.0,1.0,5,5,3,1,4,1,18.033,144.0,139.0,294.0,4.9,3.0,8.06,roster,0,43.0,35.0,0.3981,33.74,2.9804,0.35,0.6203,3.0714,30.03,3.47,13.4,6.84,7.35
2021-04-04 03:00:00,3,16,16,2.0,1.0,12.0,1.0,0.0,1.0,6,6,3,0,3,0,19.033,199.0,155.0,354.0,5.9,3.0,8.06,roster,0,52.0,40.0,0.4685,25.16,3.7194,0.4,0.7444,3.25,34.32,2.6,0.0,8.23,8.85
2021-04-04 04:00:00,4,18,18,2.0,2.0,13.0,1.0,0.0,1.0,6,6,5,0,5,0,20.033,215.0,109.0,259.0,6.9,3.0,8.06,roster,0,59.0,45.0,0.5619,28.97,3.915,0.45,0.7444,3.2778,38.61,4.34,0.0,6.02,6.475
2021-04-04 05:00:00,5,20,20,2.0,3.0,14.0,1.0,0.0,1.0,7,7,4,0,4,0,21.033,297.0,275.0,474.0,7.9,3.0,8.06,roster,0,66.0,50.0,0.6111,37.39,4.516,0.5,0.8685,3.3,42.9,3.47,0.0,11.02,11.85
2021-04-04 06:00:00,6,19,19,3.0,2.0,13.0,1.0,0.0,1.0,4,4,6,1,7,1,8.9,229.0,95.0,379.0,8.9,3.0,8.06,roster,0,64.0,47.5,0.6465,49.04,3.2717,0.475,0.4963,3.3684,40.75,6.08,13.4,8.81,9.475
2021-04-04 07:00:00,7,21,21,1.0,3.0,16.0,1.0,0.0,1.0,8,7,6,1,7,1,9.9,289.0,155.0,439.0,9.9,3.0,8.06,roster,0,67.0,52.5,0.6768,54.73,4.4459,0.525,0.8685,3.1905,45.04,6.08,13.4,10.21,10.975
2021-04-04 08:00:00,8,19,19,1.0,4.0,14.0,0.0,0.0,1.0,5,5,7,1,8,1,10.9,290.0,215.0,499.0,10.9,3.0,7.76,roster,0,63.0,47.5,0.6562,52.7,3.7115,0.475,0.6443,3.3158,40.75,6.95,13.4,11.6,12.475
2021-04-04 09:00:00,9,15,15,1.0,3.0,10.0,1.0,0.0,1.0,6,5,4,1,5,1,8.583,291.0,275.0,409.0,8.583,3.0,7.76,roster,0,49.0,37.5,0.4667,39.43,3.3298,0.375,0.6443,3.2667,32.17,4.34,13.4,9.51,10.225
2021-04-04 10:00:00,10,19,19,1.0,3.0,14.0,0.0,1.0,1.0,13,9,3,1,4,1,9.583,343.0,335.0,575.0,9.583,4.0,11.01,roster,0,60.0,47.5,0.4167,51.0,4.0814,0.475,0.8174,3.1579,40.75,3.47,13.4,13.37,14.375
2021-04-04 11:00:00,11,18,18,1.0,2.0,14.0,0.0,1.0,1.0,8,6,4,1,5,1,10.583,395.0,369.0,411.0,10.583,4.0,11.01,roster,0,56.0,45.0,0.4,45.91,3.0954,0.45,0.545,3.1111,38.61,4.34,13.4,9.56,10.275
2021-04-04 12:00:00,12,15,15,1.0,2.0,12.0,0.0,0.0,1.0,4,4,3,1,4,1,11.583,442.0,429.0,695.0,11.583,4.0,11.01,roster,0,49.0,37.5,0.3403,45.21,2.4118,0.375,0.3633,3.2667,32.17,3.47,13.4,16.16,17.375
2021-04-04 13:00:00,13,15,15,1.0,3.0,11.0,0.0,0.0,1.0,6,6,2,1,3,1,11.383,216.0,82.0,515.0,8.583,4.0,11.01,roster,0,50.0,37.5,0.3378,40.15,3.0665,0.375,0.545,3.3333,32.17,2.6,13.4,11.97,12.875
2021-04-04 14:00:00,14,17,17,1.0,3.0,11.0,2.0,0.0,1.0,9,9,2,1,3,1,12.383,142.0,98.0,575.0,9.583,4.0,11.01,roster,0,54.0,42.5,0.3649,45.84,3.9466,0.425,0.8174,3.1765,36.46,2.6,13.4,13.37,14.375
2021-04-04 15:00:00,15,21,21,1.0,2.0,16.0,2.0,0.0,1.0,12,11,2,1,3,1,13.383,73.0,65.0,202.0,3.367,4.0,11.01,roster,0,65.0,52.5,0.4392,45.75,4.7174,0.525,0.9991,3.0952,45.04,2.6,13.4,4.7,5.05
2021-04-04 16:00:00,16,17,17,1.0,0.0,15.0,1.0,0.0,1.0,9,9,4,0,4,0,14.383,99.0,65.0,262.0,4.367,4.0,11.01,roster,0,52.0,42.5,0.3611,26.03,3.8004,0.425,0.8174,3.0588,36.46,3.47,0.0,6.09,6.55
2021-04-04 17:00:00,17,16,16,2.0,1.0,13.0,0.0,0.0,1.0,6,7,4,0,4,0,15.383,94.5,68.0,125.0,2.083,4.0,11.01,roster,0,53.0,40.0,0.3681,20.7,3.431,0.4,0.6358,3.3125,34.32,3.47,0.0,2.91,3.125
2021-04-04 18:00:00,18,14,14,1.0,2.0,11.0,0.0,0.0,1.0,5,3,5,0,5,0,4.4,122.0,117.0,128.0,3.017,4.0,11.01,roster,0,46.0,35.0,0.3286,17.35,2.0453,0.35,0.2725,3.2857,30.03,4.34,0.0,2.98,3.2
2021-04-04 19:00:00,19,19,19,1.0,2.0,15.0,1.0,0.0,1.0,9,8,6,0,6,0,5.4,179.5,133.0,188.0,4.017,4.0,11.01,roster,0,60.0,47.5,0.4412,30.34,3.7946,0.475,0.7266,3.1579,40.75,5.21,0.0,4.37,4.7
2021-04-04 20:00:00,20,16,16,1.0,2.0,13.0,0.0,0.0,1.0,4,4,7,0,7,0,6.4,96.0,76.0,248.0,5.017,4.0,11.31,roster,0,52.0,40.0,0.3939,26.16,2.4494,0.4,0.3537,3.25,34.32,6.08,0.0,5.77,6.2
2021-04-04 21:00:00,21,21,21,1.0,2.0,18.0,0.0,0.0,1.0,9,8,6,0,6,0,7.4,155.0,136.0,297.0,6.017,4.0,11.31,roster,0,67.0,52.5,0.4926,37.16,3.9317,0.525,0.7073,3.1905,45.04,5.21,0.0,6.91,7.425
2021-04-04 22:00:00,22,23,23,1.0,3.0,18.0,1.0,0.0,1.0,11,9,4,1,5,1,6.867,196.0,180.0,216.0,5.95,3.0,8.06,roster,0,73.0,57.5,0.6952,52.1,5.3691,0.575,1.1166,3.1739,49.33,4.34,13.4,5.02,5.4
2021-04-04 23:00:00,23,27,27,1.0,3.0,22.0,1.0,0.0,1.0,12,10,4,1,5,1,6.95,256.0,240.0,276.0,6.95,3.0,8.06,roster,0,85.0,67.5,0.8095,62.07,6.0309,0.675,1.2407,3.1481,57.92,4.34,13.4,6.42,6.9
2021-04-05 00:00:00,0,24,24,2.0,3.0,19.0,0.0,0.0,1.0,7,5,6,1,7,1,7.95,300.0,117.0,336.0,7.95,3.0,8.06,roster,0,79.0,60.0,0.798,58.77,4.017,0.6,0.6203,3.2917,51.48,6.08,13.4,7.81,8.4
2021-04-05 01:00:00,1,18,18,2.0,2.0,14.0,0.0,0.0,1.0,2,2,6,1,7,1,8.95,360.0,142.0,396.0,8.95,3.0,8.06,roster,0,60.0,45.0,0.6061,47.3,2.3271,0.45,0.2481,3.3333,38.61,6.08,13.4,9.21,9.9
2021-04-05 02:00:00,2,15,15,1.0,3.0,11.0,0.0,0.0,1.0,3,2,6,0,6,0,9.95,428.0,237.0,456.0,9.95,3.0,8.06,roster,0,50.0,37.5,0.4902,27.99,2.0771,0.375,0.2481,3.3333,32.17,5.21,0.0,10.6,11.4
2021-04-05 03:00:00,3,15,15,1.0,2.0,12.0,0.0,0.0,1.0,4,3,6,1,7,1,10.95,480.0,262.0,516.0,10.95,3.0,8.06,roster,0,49.0,37.5,0.4949,43.65,2.4409,0.375,0.3722,3.2667,32.17,6.08,13.4,12.0,12.9
2021-04-05 04:00:00,4,16,16,1.0,2.0,12.0,1.0,0.0,1.0,2,2,7,1,8,1,11.95,448.5,322.0,576.0,11.95,3.0,8.06,roster,0,51.0,40.0,0.5312,48.06,2.0659,0.4,0.2481,3.1875,34.32,6.95,13.4,13.39,14.4
2021-04-05 05:00:00,5,16,16,1.0,2.0,13.0,0.0,0.0,1.0,3,3,8,0,8,0,12.95,508.5,382.0,636.0,12.95,3.0,8.06,roster,0,52.0,40.0,0.5417,36.05,2.5097,0.4,0.3722,3.25,34.32,6.95,0.0,14.79,15.9
2021-04-05 06:00:00,6,17,17,2.0,4.0,11.0,0.0,0.0,1.0,3,3,9,0,9,0,13.95,477.0,228.0,676.0,13.95,3.0,8.06,roster,0,59.0,42.5,0.6344,40.0,2.7668,0.425,0.3722,3.4706,36.46,7.81,0.0,15.72,16.9
2021-04-05 07:00:00,7,17,17,1.0,2.0,12.0,2.0,0.0,1.0,7,5,9,0,9,0,14.95,537.0,288.0,736.0,14.95,3.0,8.06,roster,0,53.0,42.5,0.5699,41.39,3.259,0.425,0.6203,3.1176,36.46,7.81,0.0,17.11,18.4
2021-04-05 08:00:00,8,21,21,1.0,1.0,17.0,2.0,0.0,1.0,7,7,10,1,11,1,15.95,562.0,232.0,796.0,15.95,3.0,6.74,roster,0,64.0,52.5,0.7356,66.5,4.7652,0.525,1.0386,3.0476,45.04,9.55,13.4,18.51,19.9
2021-04-05 09:00:00,9,18,18,1.0,0.0,15.0,2.0,0.0,1.0,4,3,10,1,11,1,16.95,292.0,105.0,856.0,16.95,3.0,6.74,roster,0,54.0,45.0,0.6207,61.46,2.6853,0.45,0.4451,3.0,38.61,9.55,13.4,19.9,21.4
2021-04-05 10:00:00,10,20,20,1.0,1.0,16.0,2.0,0.0,1.0,7,6,10,1,11,1,17.95,201.0,160.0,468.0,17.95,4.0,10.2,roster,0,61.0,50.0,0.5259,56.73,3.3191,0.5,0.5882,3.05,42.9,9.55,13.4,10.88,11.7
2021-04-05 11:00:00,11,19,19,1.0,1.0,14.0,3.0,0.0,1.0,9,7,5,1,6,1,18.95,271.5,220.0,412.0,18.95,4.0,10.2,roster,0,57.0,47.5,0.4191,48.94,3.4838,0.475,0.6863,3.0,40.75,5.21,13.4,9.58,10.3
2021-04-05 12:00:00,12,21,21,1.0,3.0,15.0,2.0,0.0,1.0,9,8,7,1,8,1,19.95,300.5,128.0,472.0,19.95,4.0,10.2,roster,0,66.0,52.5,0.5156,56.37,4.115,0.525,0.7843,3.1429,45.04,6.95,13.4,10.97,11.8
2021-04-05 13:00:00,13,18,18,1.0,3.0,13.0,1.0,0.0,1.0,4,2,8,0,8,0,20.95,179.0,139.0,402.0,20.95,4.0,10.2,roster,0,58.0,45.0,0.4531,34.9,2.0818,0.45,0.1961,3.2222,38.61,6.95,0.0,9.35,10.05
2021-04-05 14:00:00,14,24,24,1.0,5.0,16.0,2.0,0.0,1.0,10,9,7,0,7,0,21.95,248.0,127.0,462.0,21.95,4.0,10.2,roster,0,77.0,60.0,0.5833,48.3,4.7559,0.6,0.8824,3.2083,51.48,6.08,0.0,10.74,11.55
2021-04-05 15:00:00,15,29,29,2.0,4.0,22.0,1.0,0.0,1.0,12,13,4,2,6,2,22.95,202.0,92.0,522.0,22.95,4.0,10.2,roster,0,94.0,72.5,0.6912,86.35,6.4812,0.725,1.2745,3.2414,62.2,5.21,26.8,12.14,13.05
2021-04-05 16:00:00,16,31,31,1.0,5.0,21.0,4.0,0.0,1.0,11,11,5,3,8,3,9.7,113.0,88.0,156.0,9.7,4.0,10.2,roster,0,96.0,77.5,0.75,97.27,5.7397,0.775,1.0784,3.0968,66.5,6.95,40.2,3.63,3.9
2021-04-05 17:00:00,17,20,20,1.0,2.0,16.0,1.0,0.0,1.0,6,5,6,2,8,2,10.7,138.0,110.0,212.0,10.7,4.0,10.2,roster,0,63.0,50.0,0.4922,61.58,3.1191,0.5,0.4902,3.15,42.9,6.95,26.8,4.93,5.3
2021-04-05 18:00:00,18,20,20,0.0,3.0,15.0,2.0,0.0,1.0,6,6,7,1,8,1,11.7,178.0,137.0,272.0,11.7,4.0,10.2,roster,0,61.0,50.0,0.4766,49.57,3.3191,0.5,0.5882,3.05,42.9,6.95,13.4,6.32,6.8
2021-04-05 19:00:00,19,21,21,0.0,2.0,17.0,2.0,0.0,1.0,6,6,7,1,8,1,9.2,192.5,138.0,246.0,5.533,4.0,10.2,roster,0,63.0,52.5,0.4922,51.11,3.3397,0.525,0.5882,3.0,45.04,6.95,13.4,5.72,6.15
2021-04-05 20:00:00,20,18,18,1.0,1.0,15.0,1.0,0.0,1.0,7,6,3,0,3,0,10.2,198.0,136.0,257.0,4.283,4.0,11.22,roster,0,56.0,45.0,0.3784,27.19,3.0637,0.45,0.5348,3.1111,38.61,2.6,0.0,5.98,6.425
2021-04-05 21:00:00,21,22,22,1.0,3.0,15.0,3.0,0.0,1.0,11,10,3,0,3,0,6.4,196.0,102.0,258.0,4.3,4.0,11.22,roster,0,68.0,55.0,0.4595,35.79,4.4548,0.55,0.8913,3.0909,47.19,2.6,0.0,6.0,6.45
2021-04-05 22:00:00,22,21,21,1.0,2.0,16.0,2.0,0.0,1.0,9,9,2,0,2,0,6.883,240.0,162.0,318.0,5.3,3.0,7.76,roster,0,65.0,52.5,0.5702,34.18,5.2148,0.525,1.1598,3.0952,45.04,1.74,0.0,7.39,7.95
2021-04-05 23:00:00,23,18,18,1.0,1.0,14.0,2.0,0.0,1.0,9,7,3,0,3,0,7.883,222.0,109.0,378.0,6.3,3.0,7.76,roster,0,55.0,45.0,0.4955,30.0,4.1313,0.45,0.9021,3.0556,38.61,2.6,0.0,8.79,9.45
2021-04-06 00:00:00,0,17,17,1.0,2.0,11.0,3.0,0.0,1.0,5,5,3,1,4,1,8.883,225.5,169.0,438.0,7.3,3.0,7.76,roster,0,52.0,42.5,0.4815,43.52,3.2709,0.425,0.6443,3.0588,36.46,3.47,13.4,10.18,10.95
2021-04-06 01:00:00,1,16,16,1.0,2.0,10.0,3.0,0.0,1.0,6,4,3,3,6,3,9.883,189.0,103.0,342.0,8.3,3.0,7.76,roster,0,49.0,40.0,0.4804,67.68,2.8036,0.4,0.5155,3.0625,34.32,5.21,40.2,7.95,8.55
2021-04-06 02:00:00,2,18,18,1.0,2.0,12.0,3.0,0.0,1.0,8,7,4,1,5,1,10.883,289.0,163.0,402.0,9.3,3.0,7.76,roster,0,55.0,45.0,0.5238,45.7,4.1313,0.45,0.9021,3.0556,38.61,4.34,13.4,9.35,10.05
2021-04-06 03:00:00,3,20,20,2.0,3.0,12.0,3.0,0.0,1.0,5,5,5,1,6,1,11.883,235.0,108.0,462.0,10.3,3.0,7.76,roster,0,64.0,50.0,0.6275,52.25,3.6619,0.5,0.6443,3.2,42.9,5.21,13.4,10.74,11.55
2021-04-06 04:00:00,4,20,20,2.0,3.0,13.0,2.0,0.0,1.0,2,2,6,2,8,2,12.883,174.5,131.0,522.0,11.3,3.0,7.76,roster,0,65.0,50.0,0.6771,68.78,2.4626,0.5,0.2577,3.25,42.9,6.95,26.8,12.14,13.05
2021-04-06 05:00:00,5,18,18,1.0,3.0,12.0,2.0,0.0,1.0,0,0,7,1,8,1,13.883,234.5,191.0,582.0,12.3,3.0,7.76,roster,0,57.0,45.0,0.5938,52.49,1.425,0.45,0.0,3.1667,38.61,6.95,13.4,13.53,14.55
2021-04-06 06:00:00,6,16,16,1.0,3.0,9.0,3.0,0.0,1.0,2,1,7,1,8,1,14.883,294.5,251.0,642.0,13.3,3.0,7.76,roster,0,50.0,40.0,0.5208,49.59,1.6527,0.4,0.1289,3.125,34.32,6.95,13.4,14.93,16.05
2021-04-06 07:00:00,7,15,15,1.0,2.0,9.0,3.0,0.0,1.0,1,1,7,1,8,1,15.883,354.5,311.0,702.0,14.3,3.0,7.76,roster,0,46.0,37.5,0.4792,48.84,1.5452,0.375,0.1289,3.0667,32.17,6.95,13.4,16.32,17.55
2021-04-06 08:00:00,8,19,19,1.0,3.0,12.0,3.0,0.0,1.0,6,4,7,1,8,1,16.883,414.5,371.0,762.0,15.3,3.0,6.66,roster,0,59.0,47.5,0.6146,58.82,3.34,0.475,0.6006,3.1053,40.75,6.95,13.4,17.72,19.05
2021-04-06 09:00:00,9,17,17,1.0,2.0,11.0,3.0,0.0,1.0,1,1,6,0,6,0,17.883,424.5,325.0,481.0,13.7,3.0,6.66,roster,0,52.0,42.5,0.5098,32.86,1.7593,0.425,0.1502,3.0588,36.46,5.21,0.0,11.18,12.025
2021-04-06 10:00:00,10,23,23,1.0,4.0,17.0,1.0,0.0,1.0,13,13,3,0,3,0,18.883,385.0,145.0,441.0,7.35,4.0,9.91,roster,0,74.0,57.5,0.5,42.19,6.0706,0.575,1.3118,3.2174,49.33,2.6,0.0,10.25,11.025
2021-04-06 11:00:00,11,22,22,1.0,4.0,16.0,1.0,0.0,1.0,4,4,6,0,6,0,19.883,95.5,87.0,105.0,8.35,4.0,9.91,roster,0,71.0,55.0,0.5221,34.84,3.0776,0.55,0.4036,3.2273,47.19,5.21,0.0,2.44,2.625
2021-04-06 12:00:00,12,24,24,1.0,4.0,18.0,1.0,0.0,1.0,7,7,7,0,7,0,20.883,152.0,122.0,165.0,9.35,4.0,9.91,roster,0,77.0,60.0,0.5833,41.39,4.1912,0.6,0.7064,3.2083,51.48,6.08,0.0,3.84,4.125
2021-04-06 13:00:00,13,28,28,1.0,6.0,19.0,2.0,0.0,1.0,7,7,9,0,9,0,21.883,207.0,178.0,219.0,10.35,4.0,9.91,roster,0,90.0,70.0,0.7258,52.97,4.5204,0.7,0.7064,3.2143,60.06,7.81,0.0,5.09,5.475
2021-04-06 14:00:00,14,24,24,1.0,7.0,15.0,1.0,0.0,1.0,5,4,7,1,8,1,22.883,240.0,166.0,285.0,11.35,4.0,9.91,roster,0,80.0,60.0,0.625,58.45,3.3454,0.6,0.4036,3.3333,51.48,6.95,13.4,6.63,7.125
2021-04-06 15:00:00,15,24,24,1.0,5.0,17.0,1.0,0.0,1.0,7,8,8,0,8,0,23.883,222.0,77.0,302.0,5.45,4.0,9.91,roster,0,78.0,60.0,0.6094,45.45,4.5736,0.6,0.8073,3.25,51.48,6.95,0.0,7.02,7.55
2021-04-06 16:00:00,16,26,26,1.0,5.0,20.0,0.0,0.0,1.0,9,10,9,1,10,1,6.45,135.5,111.0,286.0,6.45,4.0,9.91,roster,0,85.0,65.0,0.7083,64.5,5.4239,0.65,1.0091,3.2692,55.77,8.68,13.4,6.65,7.15
2021-04-06 17:00:00,17,24,24,1.0,5.0,18.0,0.0,0.0,1.0,6,6,8,1,9,1,7.45,194.0,168.0,346.0,7.45,4.0,9.91,roster,0,79.0,60.0,0.6371,60.74,3.9679,0.6,0.6054,3.2917,51.48,7.81,13.4,8.04,8.65
2021-04-06 18:00:00,18,25,25,2.0,5.0,18.0,0.0,0.0,1.0,5,5,8,3,11,3,8.45,228.0,117.0,257.0,8.45,4.0,9.91,roster,0,84.0,62.5,0.7241,89.35,3.7953,0.625,0.5045,3.36,53.62,9.55,40.2,5.98,6.425
2021-04-06 19:00:00,19,28,28,2.0,7.0,18.0,0.0,1.0,1.0,9,9,8,3,11,3,9.45,288.0,177.0,317.0,9.45,4.0,9.91,roster,0,93.0,70.0,0.8017,97.18,5.3414,0.7,0.9082,3.3214,60.06,9.55,40.2,7.37,7.925
2021-04-06 20:00:00,20,23,23,1.0,8.0,14.0,0.0,0.0,1.0,4,5,7,2,9,2,9.967,237.0,115.0,319.0,9.967,4.0,9.82,roster,0,79.0,57.5,0.6371,71.37,3.7239,0.575,0.5092,3.4348,49.33,7.81,26.8,7.42,7.975
2021-04-06 21:00:00,21,25,25,2.0,8.0,13.0,2.0,0.0,1.0,7,7,7,2,9,2,10.967,180.0,151.0,379.0,10.967,4.0,9.82,roster,0,85.0,62.5,0.6855,77.05,4.5486,0.625,0.7128,3.4,53.62,7.81,26.8,8.81,9.475
2021-04-06 22:00:00,22,26,26,2.0,7.0,15.0,2.0,0.0,1.0,8,8,6,2,8,2,8.0,197.0,162.0,401.0,8.0,3.0,6.57,roster,0,87.0,65.0,0.9062,78.84,6.2495,0.65,1.2177,3.3462,55.77,6.95,26.8,9.32,10.025
2021-04-06 23:00:00,23,23,23,0.0,7.0,14.0,2.0,0.0,1.0,7,7,6,1,7,1,9.0,222.0,86.0,271.0,9.0,3.0,6.57,roster,0,74.0,57.5,0.7475,55.11,5.278,0.575,1.0654,3.2174,49.33,6.08,13.4,6.3,6.775
2021-04-07 00:00:00,0,23,23,0.0,5.0,16.0,2.0,0.0,1.0,7,5,6,0,6,0,10.0,292.5,195.0,331.0,10.0,3.0,6.57,roster,0,72.0,57.5,0.7059,42.24,4.1824,0.575,0.761,3.1304,49.33,5.21,0.0,7.7,8.275
2021-04-07 01:00:00,1,23,23,0.0,5.0,16.0,2.0,0.0,1.0,4,2,7,0,7,0,11.0,342.0,206.0,391.0,11.0,3.0,6.57,roster,0,72.0,57.5,0.7273,44.5,2.7529,0.575,0.3044,3.1304,49.33,6.08,0.0,9.09,9.775
2021-04-07 02:00:00,2,22,22,0.0,5.0,15.0,2.0,0.0,1.0,3,3,7,0,7,0,12.0,402.0,266.0,451.0,12.0,3.0,6.57,roster,0,69.0,55.0,0.697,43.75,3.1571,0.55,0.4566,3.1364,47.19,6.08,0.0,10.49,11.275
2021-04-07 03:00:00,3,22,22,0.0,6.0,14.0,2.0,0.0,1.0,2,2,8,0,8,0,13.0,418.5,326.0,511.0,13.0,3.0,6.57,roster,0,70.0,55.0,0.7292,46.02,2.7186,0.55,0.3044,3.1818,47.19,6.95,0.0,11.88,12.775
2021-04-07 04:00:00,4,22,22,0.0,7.0,13.0,2.0,0.0,1.0,2,2,8,1,9,1,14.0,435.0,253.0,543.0,14.0,3.0,6.57,roster,0,71.0,55.0,0.7634,61.03,2.7574,0.55,0.3044,3.2273,47.19,7.81,13.4,12.62,13.575
2021-04-07 05:00:00,5,23,23,0.0,8.0,13.0,2.0,0.0,1.0,2,2,8,0,8,0,15.0,538.5,446.0,631.0,15.0,3.0,6.57,roster,0,75.0,57.5,0.7812,50.95,2.8677,0.575,0.3044,3.2609,49.33,6.95,0.0,14.67,15.775
2021-04-07 06:00:00,6,23,23,0.0,8.0,13.0,2.0,0.0,1.0,1,1,8,0,8,0,16.0,598.5,506.0,691.0,16.0,3.0,6.57,roster,0,75.0,57.5,0.7812,52.35,2.3713,0.575,0.1522,3.2609,49.33,6.95,0.0,16.07,17.275
2021-04-07 07:00:00,7,24,24,1.0,8.0,13.0,2.0,0.0,1.0,3,3,8,0,8,0,17.0,658.5,566.0,751.0,17.0,3.0,6.57,roster,0,80.0,60.0,0.8333,55.89,3.5221,0.6,0.4566,3.3333,51.48,6.95,0.0,17.46,18.775
2021-04-07 08:00:00,8,24,24,1.0,8.0,13.0,2.0,0.0,1.0,4,4,8,1,9,1,18.0,675.0,493.0,783.0,18.0,3.0,8.06,roster,0,80.0,60.0,0.8602,70.9,3.6543,0.6,0.4963,3.3333,51.48,7.81,13.4,18.2,19.575
2021-04-07 09:00:00,9,23,23,1.0,9.0,11.0,2.0,0.0,1.0,8,6,6,1,7,1,18.933,686.0,445.0,822.0,14.05,3.0,8.06,roster,0,78.0,57.5,0.7879,67.92,4.4745,0.575,0.7444,3.3913,49.33,6.08,13.4,19.11,20.55
2021-04-07 10:00:00,10,24,24,0.0,12.0,11.0,1.0,0.0,1.0,6,5,8,1,9,1,19.933,613.0,106.0,795.0,15.05,4.0,11.31,roster,0,83.0,60.0,0.6694,71.18,3.6039,0.6,0.4421,3.4583,51.48,7.81,13.4,18.48,19.875
2021-04-07 11:00:00,11,25,25,2.0,10.0,13.0,0.0,0.0,1.0,6,6,10,1,11,1,20.933,565.0,138.0,855.0,16.05,4.0,11.31,roster,0,89.0,62.5,0.7672,76.46,4.1136,0.625,0.5305,3.56,53.62,9.55,13.4,19.88,21.375
2021-04-07 12:00:00,12,28,28,2.0,10.0,16.0,0.0,0.0,1.0,6,6,10,3,13,3,21.933,198.0,103.0,733.0,17.05,4.0,11.31,roster,0,98.0,70.0,0.9074,108.59,4.3068,0.7,0.5305,3.5,60.06,11.29,40.2,17.04,18.325
2021-04-07 13:00:00,13,31,31,2.0,14.0,14.0,1.0,0.0,1.0,8,8,10,3,13,3,22.933,209.0,152.0,685.0,18.05,4.0,11.31,roster,0,110.0,77.5,1.0185,113.91,5.2599,0.775,0.7073,3.5484,66.5,11.29,40.2,15.93,17.125
2021-04-07 14:00:00,14,34,34,1.0,15.0,18.0,0.0,0.0,1.0,9,9,13,3,16,3,19.05,232.5,141.0,745.0,19.05,4.0,11.31,roster,0,119.0,85.0,1.2396,124.34,5.7601,0.85,0.7958,3.5,72.93,13.89,40.2,17.32,18.625
2021-04-07 15:00:00,15,35,35,1.0,15.0,19.0,0.0,0.0,1.0,8,8,12,3,15,3,19.767,261.0,159.0,396.0,17.433,4.0,11.31,roster,0,122.0,87.5,1.22,117.51,5.5156,0.875,0.7073,3.4857,75.08,13.02,40.2,9.21,9.9
2021-04-07 16:00:00,16,31,31,2.0,12.0,17.0,0.0,0.0,1.0,5,5,13,3,16,3,20.767,210.5,104.0,438.0,18.433,4.0,11.31,roster,0,109.0,77.5,1.1354,110.77,4.2794,0.775,0.4421,3.5161,66.5,13.89,40.2,10.18,10.95
2021-04-07 17:00:00,17,31,31,1.0,12.0,18.0,0.0,0.0,1.0,7,7,13,4,17,4,21.767,221.0,137.0,433.0,19.433,4.0,11.31,roster,0,107.0,77.5,1.163,124.92,4.8113,0.775,0.6189,3.4516,66.5,14.76,53.6,10.07,10.825
2021-04-07 18:00:00,18,27,27,1.0,11.0,15.0,0.0,0.0,1.0,3,3,13,3,16,3,22.767,217.0,149.0,493.0,20.433,4.0,11.31,roster,0,94.0,67.5,0.9792,103.47,3.2735,0.675,0.2653,3.4815,57.92,13.89,40.2,11.46,12.325
2021-04-07 19:00:00,19,30,30,1.0,12.0,17.0,0.0,0.0,1.0,11,9,13,4,17,4,23.767,231.0,133.0,382.0,21.433,4.0,11.31,roster,0,104.0,75.0,1.1304,121.59,5.3586,0.75,0.7958,3.4667,64.35,14.76,53.6,8.88,9.55
2021-04-07 20:00:00,20,36,36,1.0,10.0,25.0,0.0,0.0,1.0,13,11,12,4,16,4,11.3,216.0,179.0,330.0,11.3,4.0,10.93,roster,0,120.0,90.0,1.25,132.39,6.3547,0.9,1.0064,3.3333,77.22,13.89,53.6,7.67,8.25
2021-04-07 21:00:00,21,35,35,1.0,7.0,27.0,0.0,0.0,1.0,10,10,8,4,12,4,12.3,262.5,213.0,390.0,12.3,4.0,10.93,roster,0,114.0,87.5,1.0179,128.16,5.83,0.875,0.9149,3.2571,75.08,10.42,53.6,9.07,9.75
2021-04-07 22:00:00,22,21,21,0.0,4.0,17.0,0.0,0.0,1.0,4,2,4,3,7,3,10.183,302.0,232.0,450.0,7.733,3.0,7.68,roster,0,67.0,52.5,0.6768,81.79,2.5059,0.525,0.2604,3.1905,45.04,6.08,40.2,10.46,11.25
2021-04-07 23:00:00,23,18,18,0.0,4.0,14.0,0.0,0.0,1.0,4,3,4,3,7,3,11.183,362.0,292.0,510.0,8.733,3.0,7.68,roster,0,58.0,45.0,0.5859,76.75,2.7087,0.45,0.3906,3.2222,38.61,6.08,40.2,11.86,12.75
2021-04-08 00:00:00,0,14,14,0.0,3.0,11.0,0.0,0.0,1.0,3,2,4,2,6,2,12.183,427.5,393.0,570.0,9.733,3.0,7.68,roster,0,45.0,35.0,0.4412,55.29,1.9621,0.35,0.2604,3.2143,30.03,5.21,26.8,13.25,14.25
2021-04-08 01:00:00,1,19,19,0.0,5.0,12.0,2.0,0.0,1.0,8,7,5,2,7,2,13.183,482.0,412.0,630.0,10.733,3.0,7.68,roster,0,60.0,47.5,0.6061,68.28,4.3783,0.475,0.9115,3.1579,40.75,6.08,26.8,14.65,15.75
2021-04-08 02:00:00,2,22,22,0.0,6.0,15.0,1.0,0.0,1.0,6,6,6,2,8,2,14.183,507.0,125.0,690.0,11.733,3.0,7.68,roster,0,71.0,55.0,0.7396,76.98,4.2963,0.55,0.7812,3.2273,47.19,6.95,26.8,16.04,17.25
2021-04-08 03:00:00,3,22,22,1.0,6.0,14.0,1.0,0.0,1.0,5,3,7,3,10,3,15.183,358.5,135.0,613.0,12.733,3.0,7.68,roster,0,73.0,55.0,0.8111,90.33,3.1212,0.55,0.3906,3.3182,47.19,8.68,40.2,14.25,15.325
2021-04-08 04:00:00,4,25,25,1.0,5.0,16.0,3.0,0.0,1.0,6,6,7,4,11,4,16.183,245.0,135.0,673.0,13.733,3.0,7.68,roster,0,79.0,62.5,0.908,112.42,4.4438,0.625,0.7812,3.16,53.62,9.55,53.6,15.65,16.825
2021-04-08 05:00:00,5,24,24,1.0,5.0,17.0,1.0,0.0,1.0,2,2,8,4,12,4,17.183,285.0,195.0,733.0,14.733,3.0,7.68,roster,0,78.0,60.0,0.9286,112.54,2.7964,0.6,0.2604,3.25,51.48,10.42,53.6,17.04,18.325
2021-04-08 06:00:00,6,23,23,1.0,5.0,16.0,1.0,0.0,1.0,2,1,9,4,13,4,18.183,325.0,247.0,782.0,15.733,3.0,7.68,roster,0,75.0,57.5,0.9259,112.4,2.2996,0.575,0.1302,3.2609,49.33,11.29,53.6,18.18,19.55
2021-04-08 07:00:00,7,27,27,1.0,3.0,22.0,1.0,0.0,1.0,7,7,9,3,12,3,19.183,405.0,307.0,853.0,16.733,3.0,7.68,roster,0,85.0,67.5,1.0119,108.37,4.9944,0.675,0.9115,3.1481,57.92,10.42,40.2,19.83,21.325
2021-04-08 08:00:00,8,30,30,1.0,3.0,24.0,2.0,0.0,1.0,4,4,11,3,14,3,20.183,440.0,287.0,902.0,17.733,3.0,8.06,roster,0,93.0,75.0,1.1923,117.68,3.8635,0.75,0.4963,3.1,64.35,12.16,40.2,20.97,22.55
2021-04-08 09:00:00,9,29,29,1.0,3.0,23.0,2.0,0.0,1.0,2,1,10,3,13,3,21.183,505.0,362.0,962.0,18.733,3.0,8.06,roster,0,90.0,72.5,1.1111,116.06,2.635,0.725,0.1241,3.1034,62.2,11.29,40.2,22.37,24.05
2021-04-08 10:00:00,10,32,32,1.0,4.0,25.0,2.0,0.0,1.0,7,7,9,3,12,3,22.183,580.0,422.0,1033.0,19.733,4.0,11.38,roster,0,100.0,80.0,0.8929,123.28,4.4222,0.8,0.6151,3.125,68.64,10.42,40.2,24.02,25.825
2021-04-08 11:00:00,11,31,31,1.0,6.0,22.0,2.0,0.0,1.0,5,5,11,3,14,3,20.733,581.0,255.0,1082.0,20.733,4.0,11.38,roster,0,99.0,77.5,0.9519,124.01,3.8781,0.775,0.4394,3.1935,66.5,12.16,40.2,25.16,27.05
2021-04-08 12:00:00,12,35,35,1.0,6.0,25.0,3.0,0.0,1.0,9,8,12,3,15,3,21.733,607.0,216.0,1142.0,21.733,4.0,11.38,roster,0,110.0,87.5,1.1,134.85,4.9594,0.875,0.703,3.1429,75.08,13.02,40.2,26.55,28.55
2021-04-08 13:00:00,13,39,39,2.0,8.0,28.0,1.0,0.0,1.0,9,9,14,3,17,3,22.733,517.0,177.0,785.0,22.733,4.0,11.38,roster,0,128.0,97.5,1.3913,136.87,5.7956,0.975,0.7909,3.2821,83.66,14.76,40.2,18.25,19.625
2021-04-08 14:00:00,14,30,30,1.0,8.0,19.0,2.0,0.0,1.0,9,6,11,4,15,4,21.217,237.0,79.0,577.0,21.217,4.0,11.38,roster,0,98.0,75.0,0.98,124.39,4.1723,0.75,0.5272,3.2667,64.35,13.02,53.6,13.42,14.425
2021-04-08 15:00:00,15,22,22,1.0,3.0,16.0,2.0,0.0,1.0,3,4,10,2,12,2,22.217,217.0,126.0,637.0,22.217,4.0,11.38,roster,0,69.0,55.0,0.6161,79.22,2.8274,0.55,0.3515,3.1364,47.19,10.42,26.8,14.81,15.925
2021-04-08 16:00:00,16,20,20,1.0,2.0,16.0,1.0,0.0,1.0,3,3,8,2,10,2,12.633,192.5,130.0,278.0,11.617,4.0,11.38,roster,0,63.0,50.0,0.525,64.85,2.4054,0.5,0.2636,3.15,42.9,8.68,26.8,6.46,6.95
2021-04-08 17:00:00,17,20,20,1.0,2.0,16.0,1.0,0.0,1.0,4,3,10,2,12,2,12.617,244.5,180.0,338.0,12.617,4.0,11.38,roster,0,63.0,50.0,0.5625,67.98,2.4054,0.5,0.2636,3.15,42.9,10.42,26.8,7.86,8.45
2021-04-08 18:00:00,18,25,25,1.0,4.0,19.0,1.0,0.0,1.0,8,8,9,2,11,2,13.617,306.0,169.0,398.0,13.617,4.0,11.38,roster,0,80.0,62.5,0.6897,79.23,4.2496,0.625,0.703,3.2,53.62,9.55,26.8,9.25,9.95
2021-04-08 19:00:00,19,25,25,1.0,6.0,17.0,1.0,0.0,1.0,9,6,9,2,11,2,14.617,366.0,229.0,458.0,14.617,4.0,11.38,roster,0,82.0,62.5,0.7069,80.62,3.7793,0.625,0.5272,3.28,53.62,9.55,26.8,10.65,11.45
2021-04-08 20:00:00,20,27,27,0.0,5.0,21.0,1.0,0.0,1.0,10,10,8,1,9,1,15.617,370.0,251.0,518.0,15.617,4.0,10.12,roster,0,85.0,67.5,0.6855,71.17,5.2358,0.675,0.9881,3.1481,57.92,7.81,13.4,12.04,12.95
2021-04-08 21:00:00,21,30,30,0.0,6.0,23.0,1.0,0.0,1.0,11,11,9,0,9,0,16.617,349.0,241.0,576.0,16.617,4.0,10.12,roster,0,95.0,75.0,0.7661,65.56,5.817,0.75,1.087,3.1667,64.35,7.81,0.0,13.39,14.4
2021-04-08 22:00:00,22,22,22,0.0,4.0,18.0,0.0,0.0,1.0,6,4,8,0,8,0,17.617,449.5,371.0,728.0,17.617,3.0,6.8,roster,0,70.0,55.0,0.7292,51.06,3.6217,0.55,0.5882,3.1818,47.19,6.95,0.0,16.93,18.2
2021-04-08 23:00:00,23,16,16,0.0,2.0,14.0,0.0,0.0,1.0,4,3,8,0,8,0,18.617,396.0,167.0,696.0,18.617,3.0,6.8,roster,0,50.0,40.0,0.5208,37.45,2.6287,0.4,0.4412,3.125,34.32,6.95,0.0,16.18,17.4
2021-04-09 00:00:00,0,18,18,0.0,1.0,17.0,0.0,0.0,1.0,9,8,8,0,8,0,19.617,456.0,227.0,756.0,19.617,3.0,6.8,roster,0,55.0,45.0,0.5729,43.13,4.9698,0.45,1.1765,3.0556,38.61,6.95,0.0,17.58,18.9
2021-04-09 01:00:00,1,16,16,0.0,1.0,15.0,0.0,0.0,1.0,5,3,10,0,10,0,20.617,384.0,223.0,670.0,20.617,3.0,6.8,roster,0,49.0,40.0,0.5444,38.58,2.5761,0.4,0.4412,3.0625,34.32,8.68,0.0,15.58,16.75
2021-04-09 02:00:00,2,19,19,0.0,1.0,17.0,1.0,0.0,1.0,6,6,11,0,11,0,21.617,347.0,173.0,730.0,21.617,3.0,6.8,roster,0,57.0,47.5,0.6552,47.28,4.0721,0.475,0.8824,3.0,40.75,9.55,0.0,16.97,18.25
2021-04-09 03:00:00,3,17,17,0.0,0.0,16.0,1.0,0.0,1.0,1,1,12,0,12,0,22.617,379.5,233.0,790.0,22.617,3.0,6.8,roster,0,50.0,42.5,0.5952,45.25,1.6825,0.425,0.1471,2.9412,36.46,10.42,0.0,18.37,19.75
2021-04-09 04:00:00,4,19,19,0.0,1.0,17.0,0.0,1.0,1.0,4,4,13,0,13,0,23.617,412.0,266.0,731.0,23.617,3.0,6.8,roster,0,56.0,47.5,0.6914,49.04,3.1337,0.475,0.5882,2.9474,40.75,11.29,0.0,17.0,18.275
2021-04-09 05:00:00,5,21,21,0.0,0.0,20.0,0.0,1.0,1.0,4,4,12,1,13,1,24.617,463.0,284.0,791.0,24.617,3.0,6.8,roster,0,61.0,52.5,0.7531,68.12,3.2337,0.525,0.5882,2.9048,45.04,11.29,13.4,18.39,19.775
2021-04-09 06:00:00,6,19,19,0.0,0.0,18.0,0.0,1.0,1.0,1,1,12,1,13,1,25.617,523.0,344.0,851.0,25.617,3.0,6.8,roster,0,55.0,47.5,0.679,65.23,1.8007,0.475,0.1471,2.8947,40.75,11.29,13.4,19.79,21.275
2021-04-09 07:00:00,7,19,19,0.0,0.0,18.0,0.0,1.0,1.0,2,2,13,1,14,1,26.617,528.0,358.0,911.0,26.617,3.0,6.8,roster,0,55.0,47.5,0.7051,67.49,2.2264,0.475,0.2941,2.8947,40.75,12.16,13.4,21.18,22.775
2021-04-09 08:00:00,8,17,17,0.0,1.0,15.0,1.0,0.0,1.0,2,2,13,0,13,0,27.617,643.0,464.0,971.0,27.617,3.0,6.38,roster,0,51.0,42.5,0.6296,50.33,2.2154,0.425,0.3135,3.0,36.46,11.29,0.0,22.58,24.275
2021-04-09 09:00:00,9,16,16,0.0,1.0,12.0,3.0,0.0,1.0,7,4,10,1,11,1,28.617,566.0,406.0,1150.0,28.617,3.0,6.38,roster,0,46.0,40.0,0.5287,64.01,2.9525,0.4,0.627,2.875,34.32,9.55,13.4,26.74,28.75
2021-04-09 10:00:00,10,14,14,0.0,1.0,12.0,1.0,0.0,1.0,3,3,9,1,10,1,29.617,605.0,466.0,1210.0,29.617,4.0,11.1,roster,0,42.0,35.0,0.35,60.25,1.8608,0.35,0.2703,3.0,30.03,8.68,13.4,28.13,30.25
2021-04-09 11:00:00,11,18,18,0.0,0.0,17.0,1.0,0.0,1.0,8,7,9,0,9,0,30.617,686.0,598.0,1270.0,30.617,4.0,11.1,roster,0,53.0,45.0,0.4274,55.95,3.1819,0.45,0.6306,2.9444,38.61,7.81,0.0,29.53,31.75
2021-04-09 12:00:00,12,22,22,0.0,3.0,18.0,0.0,1.0,1.0,11,11,8,0,8,0,31.617,725.0,658.0,1330.0,31.617,4.0,11.1,roster,0,67.0,55.0,0.5234,65.06,4.693,0.55,0.991,3.0455,47.19,6.95,0.0,30.92,33.25
2021-04-09 13:00:00,13,26,26,1.0,3.0,21.0,1.0,0.0,1.0,10,9,9,0,9,0,32.617,646.0,91.0,806.0,32.617,4.0,11.1,roster,0,82.0,65.0,0.6613,62.32,4.6072,0.65,0.8108,3.1538,55.77,7.81,0.0,18.74,20.15
2021-04-09 14:00:00,14,25,25,1.0,2.0,22.0,0.0,0.0,1.0,5,4,8,1,9,1,33.617,151.0,134.0,706.0,33.617,4.0,11.1,roster,0,79.0,62.5,0.6371,71.25,3.1137,0.625,0.3604,3.16,53.62,7.81,13.4,16.41,17.65
2021-04-09 15:00:00,15,22,22,1.0,2.0,18.0,1.0,0.0,1.0,6,6,7,1,8,1,34.617,202.5,170.0,1391.0,34.617,4.0,11.1,roster,0,69.0,55.0,0.5391,79.88,3.4203,0.55,0.5405,3.1364,47.19,6.95,13.4,32.34,34.775
2021-04-09 16:00:00,16,27,27,1.0,4.0,21.0,1.0,0.0,1.0,12,12,6,1,7,1,35.617,230.0,115.0,271.0,35.617,4.0,11.1,roster,0,86.0,67.5,0.6515,63.69,5.5934,0.675,1.0811,3.1852,57.92,6.08,13.4,6.3,6.775
2021-04-09 17:00:00,17,25,25,1.0,8.0,15.0,1.0,0.0,1.0,7,7,7,1,8,1,36.617,122.0,110.0,314.0,36.617,4.0,11.1,roster,0,84.0,62.5,0.6562,61.27,4.2189,0.625,0.6306,3.36,53.62,6.95,13.4,7.3,7.85
2021-04-09 18:00:00,18,26,26,0.0,6.0,19.0,1.0,0.0,1.0,10,10,8,2,10,2,37.617,140.5,98.0,177.0,37.617,4.0,11.1,roster,0,83.0,65.0,0.6917,75.37,4.951,0.65,0.9009,3.1923,55.77,8.68,26.8,4.12,4.425
2021-04-09 19:00:00,19,23,23,0.0,5.0,17.0,1.0,0.0,1.0,6,6,7,2,9,2,38.617,162.0,148.0,207.0,38.617,4.0,11.1,roster,0,73.0,57.5,0.5887,68.76,3.5406,0.575,0.5405,3.1739,49.33,7.81,26.8,4.81,5.175
2021-04-09 20:00:00,20,26,26,0.0,5.0,20.0,1.0,0.0,1.0,9,9,8,0,8,0,39.617,209.5,147.0,297.0,39.617,4.0,12.45,roster,0,82.0,65.0,0.6406,49.62,4.3299,0.65,0.7229,3.1538,55.77,6.95,0.0,6.91,7.425
2021-04-09 21:00:00,21,21,21,0.0,4.0,17.0,0.0,0.0,1.0,9,8,5,1,6,1,40.617,213.0,130.0,357.0,40.617,4.0,12.45,roster,0,67.0,52.5,0.4926,51.96,3.7251,0.525,0.6426,3.1905,45.04,5.21,13.4,8.3,8.925
2021-04-09 22:00:00,22,16,16,0.0,4.0,12.0,0.0,0.0,1.0,3,3,2,2,4,2,41.617,157.5,125.0,2497.0,41.617,3.0,7.73,roster,0,52.0,40.0,0.4815,102.65,2.5613,0.4,0.3881,3.25,34.32,3.47,26.8,58.06,62.425
2021-04-09 23:00:00,23,15,15,1.0,4.0,10.0,0.0,0.0,1.0,4,3,4,1,5,1,42.617,185.0,96.0,250.0,42.617,3.0,7.73,roster,0,51.0,37.5,0.4857,35.73,2.5945,0.375,0.3881,3.4,32.17,4.34,13.4,5.81,6.25
2021-04-10 00:00:00,0,15,15,1.0,3.0,10.0,1.0,0.0,1.0,8,6,2,1,3,1,43.617,133.0,111.0,2617.0,43.617,3.0,7.73,roster,0,49.0,37.5,0.4414,89.03,3.7606,0.375,0.7762,3.2667,32.17,2.6,13.4,60.85,65.425
2021-04-10 01:00:00,1,10,10,0.0,2.0,8.0,0.0,0.0,1.0,2,1,3,0,3,0,44.617,193.0,63.0,2677.0,44.617,3.0,7.73,roster,0,32.0,25.0,0.2883,66.3,1.214,0.25,0.1294,3.2,21.45,2.6,0.0,62.24,66.925
2021-04-10 02:00:00,2,10,10,0.0,3.0,7.0,0.0,0.0,1.0,4,2,3,0,3,0,45.617,253.0,123.0,2737.0,45.617,3.0,7.73,roster,0,33.0,25.0,0.2973,67.69,1.6788,0.25,0.2587,3.3,21.45,2.6,0.0,63.64,68.425
2021-04-10 03:00:00,3,9,9,0.0,3.0,6.0,0.0,0.0,1.0,1,1,3,0,3,0,46.617,313.0,183.0,2797.0,46.617,3.0,7.73,roster,0,30.0,22.5,0.2703,66.94,1.1812,0.225,0.1294,3.3333,19.3,2.6,0.0,65.03,69.925
2021-04-10 04:00:00,4,10,10,1.0,3.0,6.0,0.0,0.0,1.0,1,1,3,0,3,0,47.617,373.0,243.0,2857.0,47.617,3.0,7.73,roster,0,35.0,25.0,0.3153,70.48,1.3278,0.25,0.1294,3.5,21.45,2.6,0.0,66.43,71.425
2021-04-10 05:00:00,5,14,14,1.0,4.0,9.0,0.0,0.0,1.0,5,4,3,1,4,1,48.617,368.0,303.0,2917.0,48.617,3.0,7.73,roster,0,48.0,35.0,0.4444,94.72,2.9742,0.35,0.5175,3.4286,30.03,3.47,13.4,67.82,72.925
2021-04-10 06:00:00,6,11,11,0.0,4.0,7.0,0.0,0.0,1.0,0,0,3,1,4,1,49.617,428.0,363.0,2977.0,49.617,3.0,7.73,roster,0,37.0,27.5,0.3426,89.68,0.925,0.275,0.0,3.3636,23.6,3.47,13.4,69.22,74.425
2021-04-10 07:00:00,7,12,12,0.0,4.0,7.0,1.0,0.0,1.0,2,2,3,1,4,1,50.617,488.0,423.0,3037.0,50.617,3.0,7.73,roster,0,39.0,30.0,0.3611,93.22,1.8159,0.3,0.2587,3.25,25.74,3.47,13.4,70.61,75.925
2021-04-10 08:00:00,8,10,10,0.0,3.0,6.0,1.0,0.0,1.0,2,2,4,1,5,1,51.617,483.0,204.0,613.0,51.617,3.0,6.66,roster,0,32.0,25.0,0.3048,33.44,1.761,0.25,0.3003,3.2,21.45,4.34,13.4,14.25,15.325
2021-04-10 09:00:00,9,9,9,0.0,2.0,7.0,0.0,0.0,1.0,2,2,2,1,3,1,52.617,264.0,143.0,3157.0,52.617,3.0,6.66,roster,0,29.0,22.5,0.2613,88.71,1.6926,0.225,0.3003,3.2222,19.3,2.6,13.4,73.4,78.925
2021-04-10 10:00:00,10,15,15,0.0,3.0,11.0,1.0,0.0,1.0,10,10,2,1,3,1,53.617,324.0,203.0,3217.0,53.617,4.0,10.36,roster,0,47.0,37.5,0.3176,102.98,4.1995,0.375,0.9653,3.1333,32.17,2.6,13.4,74.8,80.425
2021-04-10 11:00:00,11,15,15,0.0,4.0,10.0,1.0,0.0,1.0,8,6,5,0,5,0,54.617,110.0,96.0,114.0,54.617,4.0,10.36,roster,0,48.0,37.5,0.3429,19.17,3.0533,0.375,0.5792,3.2,32.17,4.34,0.0,2.65,2.85
2021-04-10 12:00:00,12,19,19,0.0,7.0,11.0,1.0,0.0,1.0,10,9,5,0,5,0,55.617,170.0,141.0,174.0,55.617,4.0,10.36,roster,0,63.0,47.5,0.45,29.14,4.4555,0.475,0.8687,3.3158,40.75,4.34,0.0,4.05,4.35
2021-04-10 13:00:00,13,19,19,0.0,7.0,11.0,1.0,0.0,1.0,2,2,5,1,6,1,56.617,182.5,102.0,234.0,56.617,4.0,10.36,roster,0,63.0,47.5,0.4632,44.81,2.2151,0.475,0.1931,3.3158,40.75,5.21,13.4,5.44,5.85
2021-04-10 14:00:00,14,30,30,0.0,5.0,25.0,0.0,0.0,1.0,17,16,4,1,5,1,57.617,290.0,162.0,294.0,57.617,4.0,10.36,roster,0,95.0,75.0,0.6786,68.93,7.2656,0.75,1.5444,3.1667,64.35,4.34,13.4,6.84,7.35
2021-04-10 15:00:00,15,26,26,0.0,5.0,21.0,0.0,0.0,1.0,7,7,7,1,8,1,58.617,148.5,90.0,354.0,58.617,4.0,10.36,roster,0,83.0,65.0,0.6484,64.35,4.232,0.65,0.6757,3.1923,55.77,6.95,13.4,8.23,8.85
2021-04-10 16:00:00,16,22,22,0.0,6.0,16.0,0.0,0.0,1.0,8,6,6,1,7,1,6.9,153.0,146.0,282.0,6.9,4.0,10.36,roster,0,72.0,55.0,0.5455,53.22,3.6954,0.55,0.5792,3.2727,47.19,6.08,13.4,6.56,7.05
2021-04-10 17:00:00,17,20,20,0.0,6.0,14.0,0.0,0.0,1.0,6,5,9,0,9,0,7.9,206.0,107.0,213.0,7.9,4.0,10.36,roster,0,66.0,50.0,0.5323,35.67,3.2427,0.5,0.4826,3.3,42.9,7.81,0.0,4.95,5.325
2021-04-10 18:00:00,18,20,20,0.0,5.0,14.0,1.0,0.0,1.0,6,6,10,0,10,0,8.15,165.5,115.0,270.0,6.7,4.0,10.36,roster,0,64.0,50.0,0.5333,37.86,3.4533,0.5,0.5792,3.2,42.9,8.68,0.0,6.28,6.75
2021-04-10 19:00:00,19,17,17,0.0,4.0,12.0,1.0,0.0,1.0,3,2,6,1,7,1,9.15,175.0,157.0,224.0,7.7,4.0,10.36,roster,0,54.0,42.5,0.4091,41.15,1.9632,0.425,0.1931,3.1765,36.46,6.08,13.4,5.21,5.6
2021-04-10 20:00:00,20,21,21,1.0,3.0,16.0,1.0,0.0,1.0,10,9,4,0,4,0,10.15,276.0,268.0,522.0,8.7,4.0,11.43,roster,0,67.0,52.5,0.4653,40.65,4.1872,0.525,0.7874,3.1905,45.04,3.47,0.0,12.14,13.05
2021-04-10 21:00:00,21,18,18,1.0,2.0,13.0,2.0,0.0,1.0,6,5,2,1,3,1,11.15,82.0,68.0,92.0,1.533,4.0,11.43,roster,0,56.0,45.0,0.3784,36.75,2.7609,0.45,0.4374,3.1111,38.61,2.6,13.4,2.14,2.3
2021-04-10 22:00:00,22,18,18,0.0,2.0,14.0,2.0,0.0,1.0,10,8,1,1,2,1,12.15,132.0,112.0,152.0,2.533,3.0,7.73,roster,0,54.0,45.0,0.4737,37.28,4.4548,0.45,1.0349,3.0,38.61,1.74,13.4,3.53,3.8
2021-04-10 23:00:00,23,20,20,0.0,3.0,16.0,1.0,0.0,1.0,9,7,4,1,5,1,13.15,103.0,80.0,172.0,3.533,3.0,7.73,roster,0,62.0,50.0,0.5905,44.64,4.3572,0.5,0.9056,3.1,42.9,4.34,13.4,4.0,4.3
2021-04-11 00:00:00,0,26,26,0.0,3.0,22.0,1.0,0.0,1.0,8,8,6,1,7,1,14.15,140.0,100.0,232.0,4.533,3.0,7.73,roster,0,80.0,65.0,0.8081,60.64,5.1844,0.65,1.0349,3.0769,55.77,6.08,13.4,5.39,5.8
2021-04-11 01:00:00,1,22,22,0.0,3.0,17.0,2.0,0.0,1.0,4,2,7,1,8,1,15.15,195.5,160.0,292.0,5.533,3.0,7.73,roster,0,67.0,55.0,0.6979,54.33,2.463,0.55,0.2587,3.0455,47.19,6.95,13.4,6.79,7.3
2021-04-11 02:00:00,2,23,23,0.0,3.0,19.0,1.0,0.0,1.0,3,3,7,1,8,1,8.117,255.5,220.0,352.0,6.533,3.0,7.73,roster,0,71.0,57.5,0.7396,57.87,2.973,0.575,0.3881,3.087,49.33,6.95,13.4,8.18,8.8
2021-04-11 03:00:00,3,27,27,0.0,3.0,22.0,2.0,0.0,1.0,5,6,8,1,9,1,9.117,311.0,252.0,343.0,7.533,3.0,7.73,roster,0,82.0,67.5,0.8817,67.1,4.4073,0.675,0.7762,3.037,57.92,7.81,13.4,7.97,8.575
2021-04-11 04:00:00,4,27,27,0.0,4.0,20.0,3.0,0.0,1.0,6,6,8,1,9,1,10.117,371.0,312.0,403.0,8.533,3.0,7.73,roster,0,82.0,67.5,0.8817,68.5,4.4073,0.675,0.7762,3.037,57.92,7.81,13.4,9.37,10.075
2021-04-11 05:00:00,5,26,26,0.0,4.0,20.0,2.0,0.0,1.0,4,5,9,1,10,1,11.117,415.5,341.0,463.0,9.533,3.0,7.73,roster,0,80.0,65.0,0.8889,68.62,3.9902,0.65,0.6468,3.0769,55.77,8.68,13.4,10.76,11.575
2021-04-11 06:00:00,6,23,23,0.0,4.0,17.0,2.0,0.0,1.0,2,1,11,0,11,0,12.117,432.0,162.0,500.0,10.533,3.0,7.73,roster,0,71.0,57.5,0.8161,50.51,2.1743,0.575,0.1294,3.087,49.33,9.55,0.0,11.62,12.5
2021-04-11 07:00:00,7,27,27,1.0,4.0,20.0,2.0,0.0,1.0,4,4,11,0,11,0,13.117,492.0,222.0,560.0,11.533,3.0,7.73,roster,0,85.0,67.5,0.977,60.49,3.7541,0.675,0.5175,3.1481,57.92,9.55,0.0,13.02,14.0
2021-04-11 08:00:00,8,25,25,1.0,4.0,18.0,2.0,0.0,1.0,4,4,11,1,12,1,14.117,536.5,282.0,620.0,12.533,3.0,6.38,roster,0,79.0,62.5,0.9405,71.86,3.9562,0.625,0.627,3.16,53.62,10.42,13.4,14.42,15.5
2021-04-11 09:00:00,9,22,22,2.0,2.0,15.0,3.0,0.0,1.0,6,6,5,1,6,1,15.117,351.5,242.0,640.0,11.333,3.0,6.38,roster,0,69.0,55.0,0.6765,60.68,4.6746,0.55,0.9404,3.1364,47.19,5.21,13.4,14.88,16.0
2021-04-11 10:00:00,10,17,17,1.0,1.0,13.0,2.0,0.0,1.0,9,8,4,0,4,0,12.767,303.5,93.0,700.0,11.667,4.0,9.7,roster,0,52.0,42.5,0.3611,36.21,3.8227,0.425,0.8247,3.0588,36.46,3.47,0.0,16.28,17.5
2021-04-11 11:00:00,11,24,24,0.0,5.0,17.0,2.0,0.0,1.0,15,14,7,0,7,0,12.667,96.0,71.0,574.0,12.667,4.0,9.7,roster,0,75.0,60.0,0.5682,50.9,6.3853,0.6,1.4433,3.125,51.48,6.08,0.0,13.35,14.35
2021-04-11 12:00:00,12,25,25,0.0,6.0,19.0,0.0,0.0,1.0,14,13,5,1,6,1,13.667,140.5,113.0,634.0,13.667,4.0,9.7,roster,0,81.0,62.5,0.5956,66.98,6.3673,0.625,1.3402,3.24,53.62,5.21,13.4,14.74,15.85
2021-04-11 13:00:00,13,22,22,0.0,5.0,17.0,0.0,0.0,1.0,5,4,9,0,9,0,14.667,118.0,91.0,216.0,14.667,4.0,9.7,roster,0,71.0,55.0,0.5726,40.03,3.1058,0.55,0.4124,3.2273,47.19,7.81,0.0,5.02,5.4
2021-04-11 14:00:00,14,25,25,0.0,4.0,19.0,1.0,1.0,1.0,13,13,8,0,8,0,15.667,164.5,103.0,754.0,15.667,4.0,9.7,roster,0,76.0,62.5,0.5938,58.1,5.9742,0.625,1.3402,3.04,53.62,6.95,0.0,17.53,18.85
2021-04-11 15:00:00,15,40,40,1.0,4.0,31.0,2.0,2.0,1.0,18,18,11,1,12,1,16.667,135.0,115.0,238.0,16.667,4.0,9.7,roster,0,120.0,100.0,1.0714,95.15,8.567,1.0,1.8557,3.0,85.8,10.42,13.4,5.53,5.95
2021-04-11 16:00:00,16,34,34,1.0,5.0,23.0,2.0,3.0,1.0,7,7,13,1,14,1,17.667,176.5,126.0,223.0,17.667,4.0,9.7,roster,0,101.0,85.0,0.9712,83.67,4.6687,0.85,0.7216,2.9706,72.93,12.16,13.4,5.18,5.575
2021-04-11 17:00:00,17,32,32,0.0,4.0,22.0,5.0,1.0,1.0,11,11,12,0,12,0,18.667,227.0,161.0,283.0,18.667,4.0,9.7,roster,0,93.0,80.0,0.8304,65.64,5.6207,0.8,1.134,2.9062,68.64,10.42,0.0,6.58,7.075
2021-04-11 18:00:00,18,26,26,0.0,3.0,19.0,4.0,0.0,1.0,11,10,9,0,9,0,19.667,221.0,203.0,279.0,19.667,4.0,9.7,roster,0,77.0,65.0,0.621,50.07,4.9781,0.65,1.0309,2.9615,55.77,7.81,0.0,6.49,6.975
2021-04-11 19:00:00,19,21,21,0.0,2.0,18.0,1.0,0.0,1.0,9,10,5,0,5,0,20.667,327.0,281.0,358.0,20.667,4.0,9.7,roster,0,64.0,52.5,0.4571,37.71,4.7419,0.525,1.0309,3.0476,45.04,4.34,0.0,8.32,8.95
2021-04-11 20:00:00,20,14,14,0.0,2.0,10.0,2.0,0.0,1.0,8,5,3,0,3,0,21.667,113.0,91.0,1300.0,21.667,4.0,10.12,roster,0,42.0,35.0,0.2838,42.86,2.5322,0.35,0.4941,3.0,30.03,2.6,0.0,30.22,32.5
2021-04-11 21:00:00,21,24,24,3.0,3.0,15.0,3.0,0.0,1.0,12,12,5,0,5,0,22.667,95.0,91.0,173.0,22.667,4.0,10.12,roster,0,78.0,60.0,0.5571,39.84,5.8038,0.6,1.1858,3.25,51.48,4.34,0.0,4.02,4.325
2021-04-11 22:00:00,22,35,35,5.0,3.0,25.0,2.0,0.0,1.0,17,15,5,2,7,2,23.667,124.0,93.0,233.0,23.667,3.0,6.8,roster,0,116.0,87.5,1.1717,93.37,10.2109,0.875,2.2059,3.3143,75.08,6.08,26.8,5.42,5.825
2021-04-11 23:00:00,23,27,27,4.0,1.0,21.0,1.0,0.0,1.0,4,4,5,3,8,3,24.667,177.5,122.0,293.0,24.667,3.0,6.8,roster,0,89.0,67.5,0.9271,91.87,4.164,0.675,0.5882,3.2963,57.92,6.95,40.2,6.81,7.325
2021-04-12 00:00:00,0,25,25,4.0,0.0,20.0,1.0,0.0,1.0,10,6,4,2,6,2,25.667,237.5,163.0,271.0,25.667,3.0,6.8,roster,0,82.0,62.5,0.8039,71.94,4.9441,0.625,0.8824,3.28,53.62,5.21,26.8,6.3,6.775
2021-04-12 01:00:00,1,26,26,2.0,0.0,19.0,5.0,0.0,1.0,7,6,7,1,8,1,26.667,256.5,119.0,331.0,26.667,3.0,6.8,roster,0,77.0,65.0,0.8021,63.81,4.5381,0.65,0.8824,2.9615,55.77,6.95,13.4,7.7,8.275
2021-04-12 02:00:00,2,21,21,1.0,0.0,16.0,4.0,0.0,1.0,3,3,9,0,9,0,27.667,179.0,121.0,364.0,27.667,3.0,6.8,roster,0,61.0,52.5,0.6559,41.32,2.8065,0.525,0.4412,2.9048,45.04,7.81,0.0,8.46,9.1
2021-04-12 03:00:00,3,21,21,1.0,0.0,17.0,3.0,0.0,1.0,2,1,9,0,9,0,28.667,239.0,181.0,424.0,28.667,3.0,6.8,roster,0,62.0,52.5,0.6667,42.72,1.9842,0.525,0.1471,2.9524,45.04,7.81,0.0,9.86,10.6
2021-04-12 04:00:00,4,20,20,1.0,1.0,16.0,2.0,0.0,1.0,2,2,9,0,9,0,29.667,299.0,241.0,484.0,29.667,3.0,6.8,roster,0,61.0,50.0,0.6559,41.97,2.4221,0.5,0.2941,3.05,42.9,7.81,0.0,11.25,12.1
2021-04-12 05:00:00,5,21,21,1.0,1.0,17.0,2.0,0.0,1.0,1,1,9,0,9,0,30.667,359.0,301.0,544.0,30.667,3.0,6.8,roster,0,64.0,52.5,0.6882,45.51,2.0482,0.525,0.1471,3.0476,45.04,7.81,0.0,12.65,13.6
2021-04-12 06:00:00,6,23,23,1.0,1.0,19.0,2.0,0.0,1.0,4,4,10,0,10,0,31.667,397.5,328.0,604.0,31.667,3.0,6.8,roster,0,70.0,57.5,0.7778,52.06,3.5403,0.575,0.5882,3.0435,49.33,8.68,0.0,14.04,15.1
2021-04-12 07:00:00,7,22,22,1.0,1.0,18.0,2.0,0.0,1.0,3,2,10,0,10,0,32.667,457.5,388.0,664.0,32.667,3.0,6.8,roster,0,67.0,55.0,0.7444,51.31,2.5707,0.55,0.2941,3.0455,47.19,8.68,0.0,15.44,16.6
2021-04-12 08:00:00,8,22,22,2.0,2.0,16.0,2.0,0.0,1.0,5,4,11,0,11,0,33.667,496.0,441.0,724.0,33.667,3.0,6.74,roster,0,70.0,55.0,0.8046,53.57,3.6383,0.55,0.5935,3.1818,47.19,9.55,0.0,16.83,18.1
2021-04-12 09:00:00,9,21,21,2.0,2.0,15.0,2.0,0.0,1.0,5,5,8,1,9,1,14.417,501.0,94.0,771.0,13.517,3.0,6.74,roster,0,67.0,52.5,0.7204,64.19,4.0418,0.525,0.7418,3.1905,45.04,7.81,13.4,17.93,19.275
2021-04-12 10:00:00,10,28,28,1.0,2.0,23.0,2.0,0.0,1.0,11,11,9,0,9,0,15.417,182.0,146.0,831.0,14.517,4.0,9.99,roster,0,86.0,70.0,0.6935,67.2,5.532,0.7,1.1011,3.0714,60.06,7.81,0.0,19.32,20.775
2021-04-12 11:00:00,11,32,32,1.0,3.0,25.0,3.0,0.0,1.0,9,8,11,0,11,0,15.517,214.0,128.0,891.0,15.517,4.0,9.99,roster,0,98.0,80.0,0.8448,78.91,4.9025,0.8,0.8008,3.0625,68.64,9.55,0.0,20.72,22.275
2021-04-12 12:00:00,12,39,39,1.0,6.0,29.0,3.0,0.0,1.0,12,12,11,1,12,1,16.517,239.5,170.0,681.0,16.517,4.0,9.99,roster,0,122.0,97.5,1.0893,103.31,6.8076,0.975,1.2012,3.1282,83.66,10.42,13.4,15.83,17.025
2021-04-12 13:00:00,13,37,37,1.0,7.0,27.0,2.0,0.0,1.0,3,2,14,1,15,1,17.067,230.0,94.0,334.0,17.067,4.0,9.99,roster,0,118.0,92.5,1.18,93.56,3.5885,0.925,0.2002,3.1892,79.36,13.02,13.4,7.77,8.35
2021-04-12 14:00:00,14,40,40,1.0,8.0,29.0,2.0,0.0,1.0,12,11,10,1,11,1,18.067,235.0,144.0,333.0,18.067,4.0,9.99,roster,0,128.0,100.0,1.1034,96.49,6.7235,1.0,1.1011,3.2,85.8,9.55,13.4,7.74,8.325
2021-04-12 15:00:00,15,35,35,0.0,6.0,28.0,1.0,0.0,1.0,8,7,10,0,10,0,19.067,251.5,183.0,350.0,19.067,4.0,9.99,roster,0,110.0,87.5,0.9167,71.9,4.9522,0.875,0.7007,3.1429,75.08,8.68,0.0,8.14,8.75
2021-04-12 16:00:00,16,33,33,0.0,5.0,26.0,2.0,0.0,1.0,10,9,8,1,9,1,20.067,253.0,142.0,349.0,20.067,4.0,9.99,roster,0,102.0,82.5,0.8226,80.11,5.3346,0.825,0.9009,3.0909,70.78,7.81,13.4,8.11,8.725
2021-04-12 17:00:00,17,28,28,0.0,4.0,22.0,2.0,0.0,1.0,4,4,9,1,10,1,21.067,219.0,121.0,334.0,21.067,4.0,9.99,roster,0,86.0,70.0,0.7167,69.91,3.3798,0.7,0.4004,3.0714,60.06,8.68,13.4,7.77,8.35
2021-04-12 18:00:00,18,33,33,0.0,7.0,25.0,1.0,0.0,1.0,9,9,10,1,11,1,22.067,262.0,162.0,394.0,22.067,4.0,9.99,roster,0,105.0,82.5,0.9052,82.9,5.4915,0.825,0.9009,3.1818,70.78,9.55,13.4,9.16,9.85
2021-04-12 19:00:00,19,26,26,0.0,6.0,19.0,1.0,0.0,1.0,3,2,8,1,9,1,23.067,264.0,187.0,454.0,23.067,4.0,9.99,roster,0,83.0,65.0,0.6694,67.54,2.7141,0.65,0.2002,3.1923,55.77,7.81,13.4,10.56,11.35
2021-04-12 20:00:00,20,24,24,0.0,6.0,17.0,1.0,0.0,1.0,10,11,4,1,5,1,10.333,301.0,162.0,324.0,10.333,4.0,11.13,roster,0,77.0,60.0,0.55,56.75,5.0959,0.6,0.9883,3.2083,51.48,4.34,13.4,7.53,8.1
2021-04-12 21:00:00,21,25,25,0.0,4.0,20.0,1.0,0.0,1.0,9,8,3,1,4,1,11.333,303.0,222.0,680.0,11.333,4.0,11.13,roster,0,78.0,62.5,0.5417,66.31,4.1926,0.625,0.7188,3.12,53.62,3.47,13.4,15.81,17.0
2021-04-12 22:00:00,22,25,25,0.0,4.0,20.0,1.0,0.0,1.0,10,10,3,1,4,1,12.333,191.5,101.0,740.0,12.333,3.0,7.88,roster,0,78.0,62.5,0.7222,67.7,5.9094,0.625,1.269,3.12,53.62,3.47,13.4,17.21,18.5
2021-04-12 23:00:00,23,25,25,0.0,5.0,19.0,1.0,0.0,1.0,7,7,5,1,6,1,13.333,142.5,118.0,342.0,13.333,3.0,7.88,roster,0,79.0,62.5,0.7745,60.19,4.7821,0.625,0.8883,3.16,53.62,5.21,13.4,7.95,8.55
2021-04-13 00:00:00,0,24,24,0.0,3.0,20.0,1.0,0.0,1.0,6,6,3,0,3,0,14.333,402.0,173.0,860.0,14.333,3.0,7.88,roster,0,74.0,60.0,0.6667,54.08,4.1977,0.6,0.7614,3.0833,51.48,2.6,0.0,20.0,21.5
2021-04-13 01:00:00,1,16,16,0.0,3.0,12.0,1.0,0.0,1.0,3,3,4,0,4,0,15.333,347.5,233.0,920.0,15.333,3.0,7.88,roster,0,50.0,40.0,0.463,39.18,2.4397,0.4,0.3807,3.125,34.32,3.47,0.0,21.39,23.0
2021-04-13 02:00:00,2,16,16,0.0,2.0,13.0,1.0,0.0,1.0,4,2,5,0,5,0,16.333,293.0,124.0,522.0,16.333,3.0,7.88,roster,0,49.0,40.0,0.4667,30.8,2.0023,0.4,0.2538,3.0625,34.32,4.34,0.0,12.14,13.05
2021-04-13 03:00:00,3,13,13,0.0,2.0,10.0,1.0,0.0,1.0,0,0,5,0,5,0,17.333,353.0,184.0,582.0,17.333,3.0,7.88,roster,0,40.0,32.5,0.381,25.76,1.0,0.325,0.0,3.0769,27.88,4.34,0.0,13.53,14.55
2021-04-13 04:00:00,4,13,13,0.0,2.0,10.0,1.0,0.0,1.0,0,0,5,0,5,0,18.333,413.0,244.0,642.0,18.333,3.0,7.88,roster,0,40.0,32.5,0.381,27.15,1.0,0.325,0.0,3.0769,27.88,4.34,0.0,14.93,16.05
2021-04-13 05:00:00,5,17,17,0.0,4.0,11.0,2.0,0.0,1.0,4,4,5,0,5,0,19.333,473.0,304.0,702.0,19.333,3.0,7.88,roster,0,53.0,42.5,0.5048,37.13,2.9076,0.425,0.5076,3.1176,36.46,4.34,0.0,16.32,17.55
2021-04-13 06:00:00,6,18,18,0.0,6.0,11.0,1.0,0.0,1.0,2,2,6,0,6,0,20.333,448.5,342.0,762.0,20.333,3.0,7.88,roster,0,59.0,45.0,0.5784,41.54,2.3069,0.45,0.2538,3.2778,38.61,5.21,0.0,17.72,19.05
2021-04-13 07:00:00,7,20,20,0.0,6.0,14.0,0.0,0.0,1.0,7,6,6,1,7,1,21.333,424.0,163.0,822.0,21.333,3.0,7.88,roster,0,66.0,50.0,0.6667,61.49,4.1627,0.5,0.7614,3.3,42.9,6.08,13.4,19.11,20.55
2021-04-13 08:00:00,8,22,22,0.0,5.0,17.0,0.0,0.0,1.0,6,6,7,1,8,1,22.333,473.0,223.0,882.0,22.333,3.0,6.96,roster,0,71.0,55.0,0.7396,68.04,4.5571,0.55,0.8621,3.2273,47.19,6.95,13.4,20.51,22.05
2021-04-13 09:00:00,9,22,22,0.0,5.0,16.0,1.0,0.0,1.0,5,5,7,0,7,0,23.333,544.0,148.0,942.0,23.333,3.0,6.96,roster,0,70.0,55.0,0.7071,55.17,4.0358,0.55,0.7184,3.1818,47.19,6.08,0.0,21.9,23.55
2021-04-13 10:00:00,10,23,23,0.0,6.0,16.0,1.0,0.0,1.0,4,4,7,0,7,0,24.1,343.0,147.0,773.0,16.7,4.0,10.3,roster,0,74.0,57.5,0.5606,53.39,3.0995,0.575,0.3883,3.2174,49.33,6.08,0.0,17.97,19.325
2021-04-13 11:00:00,11,26,26,0.0,6.0,19.0,1.0,0.0,1.0,8,7,6,1,7,1,25.1,268.0,164.0,664.0,17.7,4.0,10.3,roster,0,83.0,65.0,0.6288,70.69,4.2445,0.65,0.6796,3.1923,55.77,6.08,13.4,15.44,16.6
2021-04-13 12:00:00,12,26,26,0.0,8.0,16.0,2.0,0.0,1.0,6,6,8,1,9,1,21.933,267.0,172.0,463.0,18.7,4.0,10.3,roster,0,84.0,65.0,0.6774,67.75,3.982,0.65,0.5825,3.2308,55.77,7.81,13.4,10.76,11.575
2021-04-13 13:00:00,13,23,23,0.0,6.0,16.0,1.0,0.0,1.0,5,5,8,1,9,1,19.7,327.0,232.0,523.0,19.7,4.0,10.3,roster,0,74.0,57.5,0.5968,62.71,3.4118,0.575,0.4854,3.2174,49.33,7.81,13.4,12.16,13.075
2021-04-13 14:00:00,14,25,25,0.0,7.0,17.0,1.0,0.0,1.0,8,8,8,1,9,1,20.7,344.0,76.0,583.0,20.7,4.0,10.3,roster,0,81.0,62.5,0.6532,68.39,4.5415,0.625,0.7767,3.24,53.62,7.81,13.4,13.55,14.575
2021-04-13 15:00:00,15,29,29,0.0,10.0,18.0,1.0,0.0,1.0,8,9,10,2,12,2,21.7,244.0,122.0,643.0,21.7,4.0,10.3,roster,0,96.0,72.5,0.8571,94.37,5.2925,0.725,0.8738,3.3103,62.2,10.42,26.8,14.95,16.075
2021-04-13 16:00:00,16,22,22,0.0,11.0,10.0,1.0,0.0,1.0,4,4,7,1,8,1,22.7,185.0,146.0,703.0,22.7,4.0,10.3,roster,0,76.0,55.0,0.5938,63.88,3.2416,0.55,0.3883,3.4545,47.19,6.95,13.4,16.34,17.575
2021-04-13 17:00:00,17,22,22,0.0,12.0,8.0,2.0,0.0,1.0,2,2,7,1,8,1,23.7,245.0,192.0,763.0,23.7,4.0,10.3,roster,0,76.0,55.0,0.5938,65.28,2.5708,0.55,0.1942,3.4545,47.19,6.95,13.4,17.74,19.075
2021-04-13 18:00:00,18,21,21,0.0,10.0,9.0,2.0,0.0,1.0,4,4,8,1,9,1,24.7,302.0,181.0,627.0,24.7,4.0,10.3,roster,0,71.0,52.5,0.5726,60.84,3.088,0.525,0.3883,3.381,45.04,7.81,13.4,14.58,15.675
2021-04-13 19:00:00,19,21,21,0.0,7.0,13.0,1.0,0.0,1.0,9,6,6,0,6,0,25.7,304.5,176.0,883.0,25.7,4.0,10.3,roster,0,69.0,52.5,0.5074,50.78,3.639,0.525,0.5825,3.2857,45.04,5.21,0.0,20.53,22.075
2021-04-13 20:00:00,20,18,18,0.0,3.0,14.0,1.0,0.0,1.0,4,4,5,0,5,0,26.7,125.0,107.0,301.0,26.7,4.0,12.48,roster,0,56.0,45.0,0.4,29.95,2.3972,0.45,0.3205,3.1111,38.61,4.34,0.0,7.0,7.525
2021-04-13 21:00:00,21,20,20,0.0,3.0,15.0,2.0,0.0,1.0,5,5,5,1,6,1,27.7,149.5,74.0,185.0,27.7,4.0,12.48,roster,0,61.0,50.0,0.4485,45.81,2.747,0.5,0.4006,3.05,42.9,5.21,13.4,4.3,4.625
2021-04-13 22:00:00,22,18,18,0.0,4.0,13.0,1.0,0.0,1.0,5,5,4,1,5,1,14.267,124.0,113.0,134.0,4.083,3.0,9.14,roster,0,57.0,45.0,0.5429,39.47,3.1573,0.45,0.547,3.1667,38.61,4.34,13.4,3.12,3.35
2021-04-13 23:00:00,23,21,21,0.0,3.0,17.0,1.0,0.0,1.0,6,5,4,0,4,0,8.733,178.5,173.0,305.0,5.083,3.0,9.14,roster,0,65.0,52.5,0.6019,35.61,3.3182,0.525,0.547,3.0952,45.04,3.47,0.0,7.09,7.625
2021-04-14 00:00:00,0,23,23,1.0,4.0,16.0,2.0,0.0,1.0,8,7,4,0,4,0,9.733,219.0,205.0,244.0,4.067,3.0,9.14,roster,0,73.0,57.5,0.6759,38.48,4.2558,0.575,0.7659,3.1739,49.33,3.47,0.0,5.67,6.1
2021-04-14 01:00:00,1,20,20,1.0,4.0,14.0,1.0,0.0,1.0,5,4,5,1,6,1,10.733,216.5,119.0,293.0,5.067,3.0,9.14,roster,0,65.0,50.0,0.6373,48.32,3.0473,0.5,0.4376,3.25,42.9,5.21,13.4,6.81,7.325
2021-04-14 02:00:00,2,16,16,1.0,4.0,10.0,1.0,0.0,1.0,3,3,5,1,6,1,11.733,276.5,179.0,353.0,6.067,3.0,9.14,roster,0,53.0,40.0,0.5196,41.14,2.4123,0.4,0.3282,3.3125,34.32,5.21,13.4,8.21,8.825
2021-04-14 03:00:00,3,17,17,1.0,2.0,13.0,1.0,0.0,1.0,5,4,6,0,6,0,12.733,336.5,239.0,413.0,7.067,3.0,9.14,roster,0,54.0,42.5,0.5294,31.28,2.7401,0.425,0.4376,3.1765,36.46,5.21,0.0,9.6,10.325
2021-04-14 04:00:00,4,16,16,1.0,2.0,12.0,1.0,0.0,1.0,1,2,6,0,6,0,13.733,396.5,299.0,473.0,8.067,3.0,9.14,roster,0,51.0,40.0,0.5,30.53,1.9725,0.4,0.2188,3.1875,34.32,5.21,0.0,11.0,11.825
2021-04-14 05:00:00,5,18,18,1.0,2.0,14.0,1.0,0.0,1.0,3,2,7,0,7,0,14.733,408.0,187.0,533.0,9.067,3.0,9.14,roster,0,57.0,45.0,0.5758,37.08,2.1179,0.45,0.2188,3.1667,38.61,6.08,0.0,12.39,13.325
2021-04-14 06:00:00,6,16,16,1.0,2.0,11.0,2.0,0.0,1.0,2,2,7,0,7,0,15.733,468.0,247.0,593.0,10.067,3.0,9.14,roster,0,50.0,40.0,0.5051,34.19,1.9338,0.4,0.2188,3.125,34.32,6.08,0.0,13.79,14.825
2021-04-14 07:00:00,7,17,17,1.0,2.0,12.0,2.0,0.0,1.0,2,2,8,0,8,0,16.733,503.5,307.0,653.0,11.067,3.0,9.14,roster,0,53.0,42.5,0.5521,38.59,2.0072,0.425,0.2188,3.1176,36.46,6.95,0.0,15.18,16.325
2021-04-14 08:00:00,8,18,18,2.0,2.0,12.0,2.0,0.0,1.0,4,5,9,0,9,0,14.333,539.0,292.0,685.0,12.067,3.0,6.5,roster,0,58.0,45.0,0.6237,42.35,3.9286,0.45,0.7692,3.2222,38.61,7.81,0.0,15.93,17.125
2021-04-14 09:00:00,9,16,16,1.0,2.0,11.0,2.0,0.0,1.0,4,4,6,0,6,0,15.333,389.5,136.0,745.0,13.067,3.0,6.5,roster,0,50.0,40.0,0.4902,36.85,3.1731,0.4,0.6154,3.125,34.32,5.21,0.0,17.32,18.625
2021-04-14 10:00:00,10,21,21,1.0,3.0,16.0,1.0,0.0,1.0,8,8,6,0,6,0,16.333,266.5,118.0,487.0,14.067,4.0,9.75,roster,0,67.0,52.5,0.4926,41.58,4.2928,0.525,0.8205,3.1905,45.04,5.21,0.0,11.32,12.175
2021-04-14 11:00:00,11,22,22,1.0,4.0,16.0,1.0,0.0,1.0,8,8,5,0,5,0,17.333,156.0,92.0,181.0,7.867,4.0,9.75,roster,0,71.0,55.0,0.5071,35.74,4.423,0.55,0.8205,3.2273,47.19,4.34,0.0,4.21,4.525
2021-04-14 12:00:00,12,21,21,2.0,4.0,14.0,1.0,0.0,1.0,7,7,8,0,8,0,18.333,138.0,112.0,241.0,8.867,4.0,9.75,roster,0,70.0,52.5,0.5469,37.59,4.1432,0.525,0.7179,3.3333,45.04,6.95,0.0,5.6,6.025
2021-04-14 13:00:00,13,21,21,2.0,6.0,12.0,1.0,0.0,1.0,4,4,10,1,11,1,9.867,172.0,97.0,276.0,9.867,4.0,9.75,roster,0,72.0,52.5,0.6207,54.41,3.2066,0.525,0.4103,3.4286,45.04,9.55,13.4,6.42,6.9
2021-04-14 14:00:00,14,25,25,2.0,7.0,14.0,2.0,0.0,1.0,13,11,6,1,7,1,10.867,244.0,208.0,361.0,10.867,4.0,9.75,roster,0,84.0,62.5,0.6364,61.5,5.8908,0.625,1.1282,3.36,53.62,6.08,13.4,8.39,9.025
2021-04-14 15:00:00,15,22,22,1.0,6.0,14.0,1.0,0.0,1.0,6,6,7,0,7,0,7.633,115.0,84.0,304.0,7.017,4.0,9.75,roster,0,73.0,55.0,0.553,40.34,3.867,0.55,0.6154,3.3182,47.19,6.08,0.0,7.07,7.6
2021-04-14 16:00:00,16,25,25,1.0,5.0,18.0,1.0,0.0,1.0,8,8,9,0,9,0,8.633,124.0,91.0,157.0,8.017,4.0,9.75,roster,0,81.0,62.5,0.6532,45.09,4.6835,0.625,0.8205,3.24,53.62,7.81,0.0,3.65,3.925
2021-04-14 17:00:00,17,21,21,2.0,4.0,15.0,0.0,0.0,1.0,4,4,10,0,10,0,9.633,153.0,126.0,204.0,9.017,4.0,9.75,roster,0,71.0,52.5,0.5917,38.47,3.1621,0.525,0.4103,3.381,45.04,8.68,0.0,4.74,5.1
2021-04-14 18:00:00,18,15,15,1.0,3.0,11.0,0.0,0.0,1.0,2,2,9,0,9,0,10.633,195.0,139.0,244.0,10.017,4.0,9.75,roster,0,50.0,37.5,0.4032,25.66,1.9338,0.375,0.2051,3.3333,32.17,7.81,0.0,5.67,6.1
2021-04-14 19:00:00,19,19,19,1.0,2.0,15.0,1.0,0.0,1.0,5,5,9,0,9,0,11.633,246.0,192.0,275.0,11.017,4.0,9.75,roster,0,60.0,47.5,0.4839,34.96,3.1194,0.475,0.5128,3.1579,40.75,7.81,0.0,6.39,6.875
2021-04-14 20:00:00,20,10,10,0.0,2.0,8.0,0.0,0.0,1.0,3,2,4,0,4,0,6.067,253.5,172.0,364.0,6.067,4.0,9.93,roster,0,32.0,25.0,0.2222,13.39,1.4445,0.25,0.2014,3.2,21.45,3.47,0.0,8.46,9.1
2021-04-14 21:00:00,21,10,10,0.0,2.0,8.0,0.0,0.0,1.0,4,3,4,0,4,0,7.067,313.5,232.0,424.0,7.067,4.0,9.93,roster,0,32.0,25.0,0.2222,14.78,1.7668,0.25,0.3021,3.2,21.45,3.47,0.0,9.86,10.6
2021-04-14 22:00:00,22,20,20,0.0,3.0,15.0,2.0,0.0,1.0,13,13,4,0,4,0,8.067,216.5,141.0,484.0,8.067,3.0,6.68,roster,0,61.0,50.0,0.5648,37.63,7.4606,0.5,1.9461,3.05,42.9,3.47,0.0,11.25,12.1
2021-04-14 23:00:00,23,20,20,0.0,4.0,15.0,1.0,0.0,1.0,9,10,7,1,8,1,9.067,131.0,95.0,352.0,9.067,3.0,6.68,roster,0,63.0,50.0,0.6562,51.43,6.2906,0.5,1.497,3.15,42.9,6.95,13.4,8.18,8.8
2021-04-15 00:00:00,0,17,17,0.0,4.0,13.0,0.0,0.0,1.0,2,2,8,2,10,2,10.067,157.5,120.0,261.0,10.067,3.0,6.68,roster,0,55.0,42.5,0.6111,58.02,2.3437,0.425,0.2994,3.2353,36.46,8.68,26.8,6.07,6.525
2021-04-15 01:00:00,1,19,19,0.0,4.0,15.0,0.0,0.0,1.0,8,7,8,1,9,1,11.067,220.0,210.0,321.0,11.067,3.0,6.68,roster,0,61.0,47.5,0.6559,49.43,4.8893,0.475,1.0479,3.2105,40.75,7.81,13.4,7.46,8.025
2021-04-15 02:00:00,2,18,18,0.0,2.0,16.0,0.0,0.0,1.0,3,3,7,0,7,0,12.067,280.0,270.0,532.0,12.067,3.0,6.68,roster,0,56.0,45.0,0.5657,37.06,2.7972,0.45,0.4491,3.1111,38.61,6.08,0.0,12.37,13.3
2021-04-15 03:00:00,3,15,15,1.0,2.0,12.0,0.0,0.0,1.0,2,2,7,0,7,0,13.067,340.0,330.0,592.0,13.067,3.0,6.68,roster,0,49.0,37.5,0.4949,32.02,2.203,0.375,0.2994,3.2667,32.17,6.08,0.0,13.76,14.8
2021-04-15 04:00:00,4,14,14,1.0,2.0,11.0,0.0,0.0,1.0,2,1,8,1,9,1,14.067,395.0,355.0,501.0,14.067,3.0,6.68,roster,0,46.0,35.0,0.4946,42.89,1.6419,0.35,0.1497,3.2857,30.03,7.81,13.4,11.65,12.525
2021-04-15 05:00:00,5,15,15,0.0,3.0,12.0,0.0,0.0,1.0,6,5,8,0,8,0,15.067,457.5,450.0,712.0,15.067,3.0,6.68,roster,0,48.0,37.5,0.5,35.68,3.5952,0.375,0.7485,3.2,32.17,6.95,0.0,16.55,17.8
2021-04-15 06:00:00,6,17,17,0.0,3.0,14.0,0.0,0.0,1.0,4,3,9,0,9,0,16.067,515.0,475.0,621.0,16.067,3.0,6.68,roster,0,54.0,42.5,0.5806,38.72,2.7766,0.425,0.4491,3.1765,36.46,7.81,0.0,14.44,15.525
2021-04-15 07:00:00,7,14,14,0.0,3.0,11.0,0.0,0.0,1.0,1,1,9,0,9,0,17.067,575.0,535.0,681.0,17.067,3.0,6.68,roster,0,45.0,35.0,0.4839,33.68,1.6062,0.35,0.1497,3.2143,30.03,7.81,0.0,15.83,17.025
2021-04-15 08:00:00,8,16,16,0.0,5.0,11.0,0.0,0.0,1.0,4,4,9,0,9,0,18.067,635.0,595.0,741.0,18.067,3.0,6.38,roster,0,53.0,40.0,0.5699,39.36,3.4018,0.4,0.627,3.3125,34.32,7.81,0.0,17.23,18.525
2021-04-15 09:00:00,9,22,22,0.0,3.0,19.0,0.0,0.0,1.0,13,13,6,1,7,1,19.067,690.0,63.0,952.0,19.067,3.0,6.38,roster,0,69.0,55.0,0.697,68.8,8.1157,0.55,2.0376,3.1364,47.19,6.08,13.4,22.13,23.8
2021-04-15 10:00:00,10,28,28,0.0,5.0,23.0,0.0,0.0,1.0,9,9,5,1,6,1,20.067,805.5,123.0,1012.0,20.067,4.0,9.63,roster,0,89.0,70.0,0.6544,82.2,5.1956,0.7,0.9346,3.1786,60.06,5.21,13.4,23.53,25.3
2021-04-15 11:00:00,11,28,28,0.0,7.0,21.0,0.0,0.0,1.0,7,7,9,2,11,2,21.067,117.0,87.0,810.0,21.067,4.0,9.63,roster,0,91.0,70.0,0.7845,95.24,4.6374,0.7,0.7269,3.25,60.06,9.55,26.8,18.83,20.25
2021-04-15 12:00:00,12,29,29,0.0,5.0,24.0,0.0,0.0,1.0,7,5,13,2,15,2,22.067,161.0,91.0,243.0,22.067,4.0,9.63,roster,0,92.0,72.5,0.92,87.68,3.9472,0.725,0.5192,3.1724,62.2,13.02,26.8,5.65,6.075
2021-04-15 13:00:00,13,32,32,1.0,5.0,26.0,0.0,0.0,1.0,7,6,12,2,14,2,23.067,216.5,151.0,303.0,23.067,4.0,9.63,roster,0,103.0,80.0,0.9904,94.64,4.5805,0.8,0.6231,3.2188,68.64,12.16,26.8,7.04,7.575
2021-04-15 14:00:00,14,31,31,1.0,4.0,26.0,0.0,0.0,1.0,5,5,13,2,15,2,24.067,254.0,197.0,347.0,24.067,4.0,9.63,roster,0,99.0,77.5,0.99,94.39,4.1331,0.775,0.5192,3.1935,66.5,13.02,26.8,8.07,8.675
2021-04-15 15:00:00,15,32,32,0.0,4.0,28.0,0.0,0.0,1.0,7,7,11,2,13,2,25.067,271.0,171.0,327.0,25.067,4.0,9.63,roster,0,100.0,80.0,0.9259,94.33,4.7715,0.8,0.7269,3.125,68.64,11.29,26.8,7.6,8.175
2021-04-15 16:00:00,16,32,32,1.0,7.0,24.0,0.0,0.0,1.0,8,8,7,1,8,1,22.117,323.0,231.0,383.0,6.45,4.0,9.63,roster,0,105.0,80.0,0.8203,77.89,5.3509,0.8,0.8307,3.2812,68.64,6.95,13.4,8.9,9.575
2021-04-15 17:00:00,17,29,29,1.0,8.0,19.0,1.0,0.0,1.0,5,4,9,3,12,3,23.117,184.0,89.0,391.0,7.45,4.0,9.63,roster,0,96.0,72.5,0.8571,101.92,3.775,0.725,0.4154,3.3103,62.2,10.42,40.2,9.09,9.775
2021-04-15 18:00:00,18,24,24,1.0,9.0,14.0,0.0,0.0,1.0,3,2,9,3,12,3,9.217,166.0,144.0,451.0,8.45,4.0,9.63,roster,0,83.0,60.0,0.7411,92.59,2.7932,0.6,0.2077,3.4583,51.48,10.42,40.2,10.49,11.275
2021-04-15 19:00:00,19,20,20,1.0,6.0,13.0,0.0,0.0,1.0,7,6,6,2,8,2,10.217,226.0,204.0,511.0,9.45,4.0,9.63,roster,0,68.0,50.0,0.5312,68.53,3.8184,0.5,0.6231,3.4,42.9,6.95,26.8,11.88,12.775
2021-04-15 20:00:00,20,19,19,0.0,7.0,11.0,0.0,1.0,1.0,6,6,6,0,6,0,11.217,286.0,89.0,571.0,10.45,4.0,9.82,roster,0,62.0,47.5,0.4559,39.24,3.5438,0.475,0.611,3.2632,40.75,5.21,0.0,13.28,14.275
2021-04-15 21:00:00,21,20,20,1.0,7.0,10.0,1.0,1.0,1.0,6,5,6,1,7,1,12.217,128.0,88.0,335.0,11.45,4.0,9.82,roster,0,66.0,50.0,0.5,50.17,3.3302,0.5,0.5092,3.3,42.9,6.08,13.4,7.79,8.375
2021-04-15 22:00:00,22,22,22,1.0,6.0,13.0,1.0,1.0,1.0,8,6,5,1,6,1,13.217,151.0,140.0,188.0,12.45,3.0,6.57,roster,0,71.0,55.0,0.6961,50.17,4.7223,0.55,0.9132,3.2273,47.19,5.21,13.4,4.37,4.7
2021-04-15 23:00:00,23,25,25,1.0,5.0,17.0,1.0,1.0,1.0,8,8,7,0,7,0,13.45,200.0,103.0,248.0,13.45,3.0,6.57,roster,0,79.0,62.5,0.798,45.47,5.8228,0.625,1.2177,3.16,53.62,6.08,0.0,5.77,6.2
2021-04-16 00:00:00,0,24,24,0.0,5.0,15.0,3.0,1.0,1.0,5,6,7,0,7,0,14.45,260.0,163.0,308.0,14.45,3.0,6.57,roster,0,72.0,60.0,0.7273,44.72,4.5397,0.6,0.9132,3.0,51.48,6.08,0.0,7.16,7.7
2021-04-16 01:00:00,1,22,22,0.0,4.0,15.0,2.0,1.0,1.0,2,2,7,0,7,0,15.45,320.0,223.0,368.0,15.45,3.0,6.57,roster,0,66.0,55.0,0.6667,41.82,2.5632,0.55,0.3044,3.0,47.19,6.08,0.0,8.56,9.2
2021-04-16 02:00:00,2,22,22,0.0,4.0,16.0,1.0,1.0,1.0,4,4,7,0,7,0,16.45,380.0,283.0,428.0,16.45,3.0,6.57,roster,0,67.0,55.0,0.6768,43.22,3.5292,0.55,0.6088,3.0455,47.19,6.08,0.0,9.95,10.7
2021-04-16 03:00:00,3,25,25,0.0,5.0,18.0,1.0,1.0,1.0,5,5,7,1,8,1,17.45,416.5,343.0,488.0,17.45,3.0,6.57,roster,0,77.0,62.5,0.8021,65.32,4.269,0.625,0.761,3.08,53.62,6.95,13.4,11.35,12.2
2021-04-16 04:00:00,4,25,25,0.0,5.0,18.0,1.0,1.0,1.0,1,1,10,1,11,1,18.45,403.0,96.0,514.0,18.45,3.0,6.57,roster,0,77.0,62.5,0.8851,68.53,2.3938,0.625,0.1522,3.08,53.62,9.55,13.4,11.95,12.85
2021-04-16 05:00:00,5,29,29,0.0,5.0,22.0,1.0,1.0,1.0,4,4,11,1,12,1,19.45,454.0,156.0,574.0,19.45,3.0,6.57,roster,0,89.0,72.5,1.0595,79.37,4.0935,0.725,0.6088,3.069,62.2,10.42,13.4,13.35,14.35
2021-04-16 06:00:00,6,29,29,0.0,5.0,22.0,1.0,1.0,1.0,3,3,11,1,12,1,20.45,514.0,216.0,634.0,20.45,3.0,6.57,roster,0,89.0,72.5,1.0595,80.77,3.6264,0.725,0.4566,3.069,62.2,10.42,13.4,14.74,15.85
2021-04-16 07:00:00,7,32,32,0.0,5.0,25.0,1.0,1.0,1.0,6,6,12,1,13,1,21.45,565.0,273.0,680.0,21.45,3.0,6.57,roster,0,98.0,80.0,1.2099,89.14,5.2468,0.8,0.9132,3.0625,68.64,11.29,13.4,15.81,17.0
2021-04-16 08:00:00,8,32,32,0.0,5.0,26.0,0.0,1.0,1.0,5,4,14,1,15,1,22.45,401.0,274.0,740.0,22.45,3.0,7.88,roster,0,99.0,80.0,1.32,92.27,4.0454,0.8,0.5076,3.0938,68.64,13.02,13.4,17.21,18.5
2021-04-16 09:00:00,9,17,17,0.0,1.0,15.0,0.0,1.0,1.0,4,4,6,0,6,0,23.45,230.5,105.0,396.0,23.45,3.0,7.88,roster,0,50.0,42.5,0.4902,30.88,2.743,0.425,0.5076,2.9412,36.46,5.21,0.0,9.21,9.9
2021-04-16 10:00:00,10,18,18,1.0,3.0,13.0,1.0,0.0,1.0,6,6,6,0,6,0,24.45,176.0,122.0,456.0,24.45,4.0,11.2,roster,0,58.0,45.0,0.4265,34.42,3.1762,0.45,0.5357,3.2222,38.61,5.21,0.0,10.6,11.4
2021-04-16 11:00:00,11,17,17,1.0,3.0,13.0,0.0,0.0,1.0,2,2,7,1,8,1,25.45,187.5,101.0,516.0,25.45,4.0,11.2,roster,0,56.0,42.5,0.4375,48.81,1.9882,0.425,0.1786,3.2941,36.46,6.95,13.4,12.0,12.9
2021-04-16 12:00:00,12,14,14,1.0,1.0,12.0,0.0,0.0,1.0,1,1,7,1,8,1,26.45,247.5,161.0,576.0,26.45,4.0,11.2,roster,0,45.0,35.0,0.3516,43.77,1.412,0.35,0.0893,3.2143,30.03,6.95,13.4,13.39,14.4
2021-04-16 13:00:00,13,18,18,1.0,3.0,14.0,0.0,0.0,1.0,8,8,7,1,8,1,27.45,307.5,221.0,636.0,27.45,4.0,11.2,roster,0,59.0,45.0,0.4609,53.74,3.8163,0.45,0.7143,3.2778,38.61,6.95,13.4,14.79,15.9
2021-04-16 14:00:00,14,18,18,1.0,4.0,13.0,0.0,0.0,1.0,5,4,10,1,11,1,28.45,263.0,99.0,427.0,28.45,4.0,11.2,roster,0,60.0,45.0,0.5172,51.49,2.6905,0.45,0.3571,3.3333,38.61,9.55,13.4,9.93,10.675
2021-04-16 15:00:00,15,19,19,1.0,6.0,12.0,0.0,0.0,1.0,7,7,8,2,10,2,29.45,245.0,152.0,487.0,29.45,4.0,11.2,roster,0,65.0,47.5,0.5417,67.56,3.7632,0.475,0.625,3.4211,40.75,8.68,26.8,11.32,12.175
2021-04-16 16:00:00,16,21,21,0.0,5.0,16.0,0.0,0.0,1.0,8,8,6,1,7,1,30.45,182.0,83.0,816.0,30.45,4.0,11.2,roster,0,68.0,52.5,0.5152,63.5,4.0129,0.525,0.7143,3.2381,45.04,6.08,13.4,18.97,20.4
2021-04-16 17:00:00,17,23,23,0.0,7.0,16.0,0.0,0.0,1.0,7,7,4,2,6,2,31.45,158.5,94.0,242.0,31.45,4.0,11.2,roster,0,76.0,57.5,0.5588,66.97,3.9652,0.575,0.625,3.3043,49.33,5.21,26.8,5.63,6.05
2021-04-16 18:00:00,18,19,19,0.0,7.0,12.0,0.0,0.0,1.0,3,3,7,2,9,2,32.45,151.0,104.0,254.0,32.45,4.0,11.2,roster,0,64.0,47.5,0.5161,61.28,2.5023,0.475,0.2679,3.3684,40.75,7.81,26.8,5.91,6.35
2021-04-16 19:00:00,19,17,17,0.0,4.0,13.0,0.0,0.0,1.0,7,6,6,1,7,1,33.45,156.0,117.0,211.0,33.45,4.0,11.2,roster,0,55.0,42.5,0.4167,40.85,3.1082,0.425,0.5357,3.2353,36.46,6.08,13.4,4.91,5.275
2021-04-16 20:00:00,20,18,18,0.0,5.0,12.0,1.0,0.0,1.0,7,7,7,1,8,1,34.45,179.0,171.0,271.0,34.45,4.0,9.89,roster,0,58.0,45.0,0.4531,45.26,3.7306,0.45,0.7078,3.2222,38.61,6.95,13.4,6.3,6.775
2021-04-16 21:00:00,21,18,18,0.0,6.0,12.0,0.0,0.0,1.0,8,7,7,2,9,2,35.45,237.0,124.0,276.0,35.45,4.0,9.89,roster,0,60.0,45.0,0.4839,59.64,3.8593,0.45,0.7078,3.3333,38.61,7.81,26.8,6.42,6.9
2021-04-16 22:00:00,22,17,17,0.0,4.0,13.0,0.0,0.0,1.0,5,5,4,1,5,1,36.45,297.0,190.0,391.0,36.45,3.0,6.57,roster,0,55.0,42.5,0.5238,43.3,3.8372,0.425,0.761,3.2353,36.46,4.34,13.4,9.09,9.775
2021-04-16 23:00:00,23,18,18,0.0,3.0,15.0,0.0,0.0,1.0,5,5,6,1,7,1,37.45,95.0,85.0,451.0,37.45,3.0,6.57,roster,0,57.0,45.0,0.5758,48.57,3.8349,0.45,0.761,3.1667,38.61,6.08,13.4,10.49,11.275
2021-04-17 00:00:00,0,14,14,0.0,4.0,10.0,0.0,0.0,1.0,3,2,7,0,7,0,38.45,150.0,137.0,181.0,38.45,3.0,6.57,roster,0,46.0,35.0,0.4646,20.32,2.1502,0.35,0.3044,3.2857,30.03,6.08,0.0,4.21,4.525
2021-04-17 01:00:00,1,17,17,0.0,4.0,13.0,0.0,0.0,1.0,3,3,7,0,7,0,39.45,210.0,197.0,241.0,39.45,3.0,6.57,roster,0,55.0,42.5,0.5556,28.15,2.8523,0.425,0.4566,3.2353,36.46,6.08,0.0,5.6,6.025
2021-04-17 02:00:00,2,21,21,0.0,4.0,17.0,0.0,0.0,1.0,5,5,7,0,7,0,40.45,270.0,257.0,301.0,40.45,3.0,6.57,roster,0,67.0,52.5,0.6768,38.12,4.1031,0.525,0.761,3.1905,45.04,6.08,0.0,7.0,7.525
2021-04-17 03:00:00,3,19,19,0.0,3.0,16.0,0.0,0.0,1.0,4,2,7,0,7,0,41.45,325.0,265.0,361.0,41.45,3.0,6.57,roster,0,60.0,47.5,0.6061,35.23,2.4613,0.475,0.3044,3.1579,40.75,6.08,0.0,8.39,9.025
2021-04-17 04:00:00,4,22,22,0.0,3.0,19.0,0.0,0.0,1.0,3,3,7,0,7,0,42.45,385.0,325.0,421.0,42.45,3.0,6.57,roster,0,69.0,55.0,0.697,43.06,3.1571,0.55,0.4566,3.1364,47.19,6.08,0.0,9.79,10.525
2021-04-17 05:00:00,5,22,22,1.0,3.0,18.0,0.0,0.0,1.0,3,3,8,0,8,0,43.45,441.0,385.0,481.0,43.45,3.0,6.57,roster,0,71.0,55.0,0.7396,45.32,3.2486,0.55,0.4566,3.2273,47.19,6.95,0.0,11.18,12.025
2021-04-17 06:00:00,6,21,21,1.0,4.0,16.0,0.0,0.0,1.0,2,2,8,1,9,1,44.45,497.0,250.0,510.0,44.45,3.0,6.57,roster,0,69.0,52.5,0.7419,58.12,2.7252,0.525,0.3044,3.2857,45.04,7.81,13.4,11.86,12.75
2021-04-17 07:00:00,7,20,20,1.0,4.0,15.0,0.0,0.0,1.0,2,1,9,1,10,1,45.45,531.0,202.0,570.0,45.45,3.0,6.57,roster,0,66.0,50.0,0.7333,58.24,2.1523,0.5,0.1522,3.3,42.9,8.68,13.4,13.25,14.25
2021-04-17 08:00:00,8,21,21,0.0,4.0,17.0,0.0,0.0,1.0,4,4,9,0,9,0,46.45,617.0,370.0,630.0,46.45,3.0,7.88,roster,0,67.0,52.5,0.7204,47.51,3.2945,0.525,0.5076,3.1905,45.04,7.81,0.0,14.65,15.75
2021-04-17 09:00:00,9,21,21,0.0,6.0,15.0,0.0,0.0,1.0,5,5,6,0,6,0,47.45,683.5,430.0,721.0,47.45,3.0,7.88,roster,0,69.0,52.5,0.6765,47.02,3.8098,0.525,0.6345,3.2857,45.04,5.21,0.0,16.76,18.025
2021-04-17 10:00:00,10,23,23,0.0,4.0,18.0,1.0,0.0,1.0,6,6,6,1,7,1,48.45,737.0,92.0,781.0,48.45,4.0,11.2,roster,0,72.0,57.5,0.5455,66.97,3.477,0.575,0.5357,3.1304,49.33,6.08,13.4,18.16,19.525
2021-04-17 11:00:00,11,26,26,0.0,4.0,22.0,0.0,0.0,1.0,12,10,7,1,8,1,49.45,474.5,135.0,841.0,49.45,4.0,11.2,roster,0,82.0,65.0,0.6406,75.67,4.8659,0.65,0.8929,3.1538,55.77,6.95,13.4,19.55,21.025
2021-04-17 12:00:00,12,25,25,1.0,6.0,18.0,0.0,0.0,1.0,8,8,5,2,7,2,50.45,195.0,64.0,901.0,50.45,4.0,11.2,roster,0,83.0,62.5,0.6288,87.45,4.4464,0.625,0.7143,3.32,53.62,6.08,26.8,20.95,22.525
2021-04-17 13:00:00,13,27,27,2.0,6.0,19.0,0.0,0.0,1.0,5,6,6,3,9,3,51.45,124.0,96.0,272.0,51.45,4.0,11.2,roster,0,91.0,67.5,0.7339,92.25,4.0806,0.675,0.5357,3.3704,57.92,7.81,40.2,6.32,6.8
2021-04-17 14:00:00,14,25,25,2.0,4.0,19.0,0.0,0.0,1.0,6,6,6,4,10,4,52.45,168.0,130.0,187.0,52.45,4.0,11.2,roster,0,83.0,62.5,0.6917,100.26,3.8536,0.625,0.5357,3.32,53.62,8.68,53.6,4.35,4.675
2021-04-17 15:00:00,15,23,23,2.0,2.0,19.0,0.0,0.0,1.0,9,7,5,2,7,2,53.45,206.0,177.0,247.0,53.45,4.0,11.2,roster,0,75.0,57.5,0.5682,67.96,3.913,0.575,0.625,3.2609,49.33,6.08,26.8,5.74,6.175
2021-04-17 16:00:00,16,22,22,2.0,4.0,16.0,0.0,0.0,1.0,4,4,6,3,9,3,54.45,250.0,108.0,276.0,54.45,4.0,11.2,roster,0,74.0,55.0,0.5968,81.62,3.0513,0.55,0.3571,3.3636,47.19,7.81,40.2,6.42,6.9
2021-04-17 17:00:00,17,18,18,2.0,3.0,13.0,0.0,0.0,1.0,4,3,7,3,10,3,55.45,298.0,148.0,336.0,55.45,4.0,11.2,roster,0,61.0,45.0,0.5083,75.31,2.4327,0.45,0.2679,3.3889,38.61,8.68,40.2,7.81,8.4
2021-04-17 18:00:00,18,19,19,0.0,5.0,14.0,0.0,0.0,1.0,8,8,7,1,8,1,56.45,218.0,197.0,427.0,56.45,4.0,11.2,roster,0,62.0,47.5,0.4844,51.03,3.8808,0.475,0.7143,3.2632,40.75,6.95,13.4,9.93,10.675
2021-04-17 19:00:00,19,16,16,0.0,4.0,12.0,0.0,0.0,1.0,6,5,5,1,6,1,57.45,209.0,100.0,487.0,57.45,4.0,11.2,roster,0,52.0,40.0,0.3824,44.25,2.7509,0.4,0.4464,3.25,34.32,5.21,13.4,11.32,12.175
2021-04-17 20:00:00,20,15,15,0.0,5.0,10.0,0.0,0.0,1.0,7,5,5,0,5,0,58.45,190.0,160.0,547.0,58.45,4.0,10.0,roster,0,50.0,37.5,0.3571,29.23,2.9167,0.375,0.5,3.3333,32.17,4.34,0.0,12.72,13.675
2021-04-17 21:00:00,21,12,12,0.0,3.0,9.0,0.0,0.0,1.0,6,3,4,0,4,0,59.45,211.5,173.0,3567.0,59.45,4.0,10.0,roster,0,39.0,30.0,0.2708,92.15,1.95,0.3,0.3,3.25,25.74,3.47,0.0,82.93,89.175
2021-04-17 22:00:00,22,13,13,1.0,1.0,10.0,1.0,0.0,1.0,9,5,3,0,3,0,60.45,310.0,130.0,3627.0,60.45,3.0,6.68,roster,0,41.0,32.5,0.3694,94.82,3.3857,0.325,0.7485,3.1538,27.88,2.6,0.0,84.33,90.675
2021-04-17 23:00:00,23,18,18,1.0,5.0,11.0,1.0,0.0,1.0,13,10,3,0,3,0,61.45,190.0,98.0,3687.0,61.45,3.0,6.68,roster,0,60.0,45.0,0.5405,106.94,6.49,0.45,1.497,3.3333,38.61,2.6,0.0,85.72,92.175
2021-04-18 00:00:00,0,18,18,2.0,4.0,11.0,1.0,0.0,1.0,5,5,5,0,5,0,62.45,103.0,92.0,158.0,62.45,3.0,6.68,roster,0,61.0,45.0,0.581,26.63,4.0616,0.45,0.7485,3.3889,38.61,4.34,0.0,3.67,3.95
2021-04-18 01:00:00,1,24,24,2.0,6.0,13.0,3.0,0.0,1.0,12,12,6,1,7,1,63.45,152.0,77.0,218.0,63.45,3.0,6.68,roster,0,79.0,60.0,0.798,56.03,7.8882,0.6,1.7964,3.2917,51.48,6.08,13.4,5.07,5.45
2021-04-18 02:00:00,2,28,28,1.0,7.0,14.0,6.0,0.0,1.0,7,7,9,0,9,0,64.45,176.0,105.0,223.0,64.45,3.0,6.68,roster,0,87.0,70.0,0.9355,53.06,5.431,0.7,1.0479,3.1071,60.06,7.81,0.0,5.18,5.575
2021-04-18 03:00:00,3,26,26,1.0,6.0,16.0,3.0,0.0,1.0,3,3,10,0,10,0,65.45,208.5,159.0,283.0,65.45,3.0,6.68,roster,0,83.0,65.0,0.9222,51.03,3.5087,0.65,0.4491,3.1923,55.77,8.68,0.0,6.58,7.075
2021-04-18 04:00:00,4,24,24,1.0,7.0,14.0,2.0,0.0,1.0,3,3,11,0,11,0,66.45,241.0,210.0,343.0,66.45,3.0,6.68,roster,0,79.0,60.0,0.908,49.01,3.4533,0.6,0.4491,3.2917,51.48,9.55,0.0,7.97,8.575
2021-04-18 05:00:00,5,22,22,1.0,9.0,9.0,3.0,0.0,1.0,3,3,12,0,12,0,67.45,293.0,270.0,403.0,67.45,3.0,6.68,roster,0,74.0,55.0,0.881,46.98,3.3606,0.55,0.4491,3.3636,47.19,10.42,0.0,9.37,10.075
2021-04-18 06:00:00,6,23,23,1.0,8.0,11.0,3.0,0.0,1.0,3,3,13,1,14,1,68.45,342.0,187.0,452.0,68.45,3.0,6.68,roster,0,76.0,57.5,0.9744,65.4,3.384,0.575,0.4491,3.3043,49.33,12.16,13.4,10.51,11.3
2021-04-18 07:00:00,7,23,23,1.0,8.0,12.0,2.0,0.0,1.0,2,2,14,1,15,1,69.45,399.0,223.0,512.0,69.45,3.0,6.68,roster,0,77.0,57.5,1.0267,67.66,2.9273,0.575,0.2994,3.3478,49.33,13.02,13.4,11.9,12.8
2021-04-18 08:00:00,8,22,22,1.0,8.0,11.0,2.0,0.0,1.0,4,4,15,0,15,0,70.45,459.0,283.0,572.0,70.45,3.0,6.71,roster,0,74.0,55.0,0.9867,53.51,3.8551,0.55,0.5961,3.3636,47.19,13.02,0.0,13.3,14.3
2021-04-18 09:00:00,9,16,16,0.0,3.0,11.0,2.0,0.0,1.0,4,4,5,0,5,0,71.45,510.0,474.0,643.0,71.45,3.0,6.71,roster,0,49.0,40.0,0.4667,33.61,3.0506,0.4,0.5961,3.0625,34.32,4.34,0.0,14.95,16.075
2021-04-18 10:00:00,10,21,21,0.0,4.0,17.0,0.0,0.0,1.0,8,8,4,1,5,1,72.45,570.0,427.0,703.0,72.45,4.0,10.41,roster,0,67.0,52.5,0.4786,59.13,4.1269,0.525,0.7685,3.1905,45.04,4.34,13.4,16.34,17.575
2021-04-18 11:00:00,11,21,21,0.0,5.0,15.0,1.0,0.0,1.0,8,7,4,1,5,1,73.45,154.0,80.0,763.0,73.45,4.0,10.41,roster,0,67.0,52.5,0.4786,60.53,3.8204,0.525,0.6724,3.1905,45.04,4.34,13.4,17.74,19.075
2021-04-18 12:00:00,12,21,21,0.0,6.0,14.0,1.0,0.0,1.0,8,8,5,0,5,0,74.45,130.0,106.0,140.0,74.45,4.0,10.41,roster,0,68.0,52.5,0.4857,32.64,4.1884,0.525,0.7685,3.2381,45.04,4.34,0.0,3.26,3.5
2021-04-18 13:00:00,13,19,19,0.0,5.0,14.0,0.0,0.0,1.0,7,4,4,1,5,1,75.45,166.0,155.0,200.0,75.45,4.0,10.41,roster,0,62.0,47.5,0.4429,43.15,2.8039,0.475,0.3842,3.2632,40.75,4.34,13.4,4.65,5.0
2021-04-18 14:00:00,14,32,32,0.0,3.0,28.0,1.0,0.0,1.0,19,18,3,1,4,1,76.45,243.0,226.0,4587.0,76.45,4.0,10.41,roster,0,98.0,80.0,0.6806,172.16,7.7454,0.8,1.7291,3.0625,68.64,3.47,13.4,106.65,114.675
2021-04-18 15:00:00,15,34,34,0.0,5.0,28.0,1.0,0.0,1.0,14,12,4,1,5,1,77.45,116.0,111.0,191.0,77.45,4.0,10.41,roster,0,106.0,85.0,0.7571,75.11,6.2438,0.85,1.1527,3.1176,72.93,4.34,13.4,4.44,4.775
2021-04-18 16:00:00,16,21,21,0.0,5.0,16.0,0.0,0.0,1.0,7,5,3,0,3,0,78.45,118.0,82.0,4707.0,78.45,4.0,10.41,roster,0,68.0,52.5,0.4595,137.09,3.2553,0.525,0.4803,3.2381,45.04,2.6,0.0,109.44,117.675
2021-04-18 17:00:00,17,18,18,1.0,4.0,12.0,1.0,0.0,1.0,6,5,3,0,3,0,79.45,178.0,142.0,4767.0,79.45,4.0,10.41,roster,0,59.0,45.0,0.3986,132.05,3.0493,0.45,0.4803,3.2778,38.61,2.6,0.0,110.83,119.175
2021-04-18 18:00:00,18,21,21,0.0,4.0,15.0,2.0,0.0,1.0,9,8,3,0,3,0,80.45,238.0,202.0,4827.0,80.45,4.0,10.41,roster,0,65.0,52.5,0.4392,139.88,4.0037,0.525,0.7685,3.0952,45.04,2.6,0.0,112.23,120.675
2021-04-18 19:00:00,19,27,27,0.0,3.0,23.0,1.0,0.0,1.0,13,11,4,0,4,0,81.45,193.5,89.0,4887.0,81.45,4.0,10.41,roster,0,83.0,67.5,0.5764,155.01,5.3233,0.675,1.0567,3.0741,57.92,3.47,0.0,113.62,122.175
2021-04-18 20:00:00,20,28,28,0.0,3.0,25.0,0.0,0.0,1.0,9,10,3,0,3,0,82.45,358.0,124.0,4947.0,82.45,4.0,10.38,roster,0,87.0,70.0,0.5878,157.68,5.1684,0.7,0.9634,3.1071,60.06,2.6,0.0,115.02,123.675
2021-04-18 21:00:00,21,27,27,0.0,3.0,23.0,1.0,0.0,1.0,7,7,4,0,4,0,83.45,301.0,184.0,5007.0,83.45,4.0,10.38,roster,0,83.0,67.5,0.5764,157.8,4.1481,0.675,0.6744,3.0741,57.92,3.47,0.0,116.41,125.175
2021-04-18 22:00:00,22,27,27,0.0,3.0,23.0,1.0,0.0,1.0,8,8,4,0,4,0,84.45,199.5,155.0,5067.0,84.45,3.0,6.68,roster,0,83.0,67.5,0.7685,159.2,5.7565,0.675,1.1976,3.0741,57.92,3.47,0.0,117.81,126.675
2021-04-18 23:00:00,23,23,23,0.0,2.0,21.0,0.0,0.0,1.0,9,8,4,0,4,0,85.45,168.0,121.0,5127.0,85.45,3.0,6.68,roster,0,71.0,57.5,0.6574,152.01,5.472,0.575,1.1976,3.087,49.33,3.47,0.0,119.2,128.175
2021-04-19 00:00:00,0,18,18,0.0,2.0,16.0,0.0,0.0,1.0,5,5,6,1,7,1,86.45,136.0,94.0,275.0,86.45,3.0,6.68,roster,0,56.0,45.0,0.5657,44.48,3.7287,0.45,0.7485,3.1111,38.61,6.08,13.4,6.39,6.875
2021-04-19 01:00:00,1,17,17,1.0,1.0,15.0,0.0,0.0,1.0,5,4,7,0,7,0,87.45,196.0,130.0,335.0,87.45,3.0,6.68,roster,0,54.0,42.5,0.5455,30.33,3.2521,0.425,0.5988,3.1765,36.46,6.08,0.0,7.79,8.375
2021-04-19 02:00:00,2,18,18,1.0,2.0,15.0,0.0,0.0,1.0,4,5,8,0,8,0,88.45,235.0,190.0,395.0,88.45,3.0,6.68,roster,0,58.0,45.0,0.6042,34.74,3.8618,0.45,0.7485,3.2222,38.61,6.95,0.0,9.18,9.875
2021-04-19 03:00:00,3,17,17,1.0,2.0,14.0,0.0,0.0,1.0,0,0,9,0,9,0,89.45,274.0,184.0,361.0,89.45,3.0,6.68,roster,0,55.0,42.5,0.5914,32.67,1.375,0.425,0.0,3.2353,36.46,7.81,0.0,8.39,9.025
2021-04-19 04:00:00,4,15,15,1.0,2.0,12.0,0.0,0.0,1.0,0,0,9,0,9,0,90.45,334.0,244.0,421.0,90.45,3.0,6.68,roster,0,49.0,37.5,0.5269,29.78,1.225,0.375,0.0,3.2667,32.17,7.81,0.0,9.79,10.525
2021-04-19 05:00:00,5,16,16,1.0,2.0,13.0,0.0,0.0,1.0,1,1,9,0,9,0,91.45,394.0,304.0,481.0,91.45,3.0,6.68,roster,0,52.0,40.0,0.5591,33.32,1.7865,0.4,0.1497,3.25,34.32,7.81,0.0,11.18,12.025
2021-04-19 06:00:00,6,20,20,2.0,5.0,12.0,1.0,0.0,1.0,6,6,9,0,9,0,92.45,454.0,364.0,541.0,92.45,3.0,6.68,roster,0,68.0,50.0,0.7312,43.29,4.7539,0.5,0.8982,3.4,42.9,7.81,0.0,12.58,13.525
2021-04-19 07:00:00,7,22,22,2.0,6.0,12.0,2.0,0.0,1.0,3,3,14,0,14,0,93.45,392.0,97.0,556.0,93.45,3.0,6.68,roster,0,74.0,55.0,0.9487,52.27,3.3606,0.55,0.4491,3.3636,47.19,12.16,0.0,12.93,13.9
2021-04-19 08:00:00,8,21,21,2.0,7.0,12.0,0.0,0.0,1.0,3,2,15,1,16,1,94.45,408.0,153.0,616.0,94.45,3.0,6.65,roster,0,74.0,52.5,1.0278,66.66,2.9098,0.525,0.3008,3.5238,45.04,13.89,13.4,14.32,15.4
2021-04-19 09:00:00,9,17,17,2.0,7.0,8.0,0.0,0.0,1.0,4,4,8,1,9,1,95.45,223.0,197.0,480.0,95.45,3.0,6.65,roster,0,62.0,42.5,0.6667,48.84,3.7437,0.425,0.6015,3.6471,36.46,7.81,13.4,11.16,12.0
2021-04-19 10:00:00,10,19,19,4.0,5.0,10.0,0.0,0.0,1.0,6,4,8,1,9,1,96.45,283.0,201.0,540.0,96.45,4.0,9.9,roster,0,70.0,47.5,0.5645,54.52,3.2386,0.475,0.404,3.6842,40.75,7.81,13.4,12.56,13.5
2021-04-19 11:00:00,11,25,25,4.0,6.0,15.0,0.0,0.0,1.0,12,10,8,1,9,1,97.45,163.0,99.0,301.0,97.45,4.0,9.9,roster,0,89.0,62.5,0.7177,61.84,5.821,0.625,1.0101,3.56,53.62,7.81,13.4,7.0,7.525
2021-04-19 12:00:00,12,31,31,5.0,6.0,20.0,0.0,0.0,1.0,11,11,11,1,12,1,98.45,153.5,112.0,361.0,98.45,4.0,9.9,roster,0,109.0,77.5,0.9732,78.71,6.6318,0.775,1.1111,3.5161,66.5,10.42,13.4,8.39,9.025
2021-04-19 13:00:00,13,36,36,5.0,8.0,23.0,0.0,0.0,1.0,12,10,12,4,16,4,99.45,170.5,109.0,283.0,99.45,4.0,9.9,roster,0,126.0,90.0,1.3125,131.29,6.6854,0.9,1.0101,3.5,77.22,13.89,53.6,6.58,7.075
2021-04-19 14:00:00,14,30,30,4.0,7.0,19.0,0.0,0.0,1.0,5,5,10,4,14,4,100.45,181.5,138.0,268.0,100.45,4.0,9.9,roster,0,105.0,75.0,1.0096,116.34,4.3927,0.75,0.5051,3.5,64.35,12.16,53.6,6.23,6.7
2021-04-19 15:00:00,15,25,25,1.0,7.0,17.0,0.0,0.0,1.0,7,6,8,3,11,3,101.45,208.0,121.0,321.0,101.45,4.0,9.9,roster,0,84.0,62.5,0.7241,90.84,4.1364,0.625,0.6061,3.36,53.62,9.55,40.2,7.46,8.025
2021-04-19 16:00:00,16,29,29,1.0,8.0,20.0,0.0,0.0,1.0,10,11,9,3,12,3,102.45,187.0,131.0,381.0,102.45,4.0,9.9,roster,0,97.0,72.5,0.8661,101.68,6.1415,0.725,1.1111,3.3448,62.2,10.42,40.2,8.86,9.525
2021-04-19 17:00:00,17,28,28,0.0,10.0,18.0,0.0,0.0,1.0,7,7,9,2,11,2,103.45,211.0,122.0,328.0,103.45,4.0,9.9,roster,0,94.0,70.0,0.8103,84.04,4.7237,0.7,0.7071,3.3571,60.06,9.55,26.8,7.63,8.2
2021-04-19 18:00:00,18,29,29,0.0,11.0,17.0,1.0,0.0,1.0,5,6,10,2,12,2,104.45,261.0,182.0,388.0,104.45,4.0,9.9,roster,0,97.0,72.5,0.8661,88.45,4.4522,0.725,0.6061,3.3448,62.2,10.42,26.8,9.02,9.7
2021-04-19 19:00:00,19,26,26,0.0,12.0,14.0,0.0,0.0,1.0,6,7,6,2,8,2,105.45,286.5,227.0,448.0,105.45,4.0,9.9,roster,0,90.0,65.0,0.7031,79.93,4.6976,0.65,0.7071,3.4615,55.77,6.95,26.8,10.42,11.2
2021-04-19 20:00:00,20,21,21,0.0,8.0,13.0,0.0,0.0,1.0,5,5,5,2,7,2,106.45,302.0,85.0,421.0,106.45,4.0,9.55,roster,0,71.0,52.5,0.5379,67.71,3.5451,0.525,0.5236,3.381,45.04,6.08,26.8,9.79,10.525
2021-04-19 21:00:00,21,26,26,0.0,8.0,17.0,1.0,0.0,1.0,9,8,6,2,8,2,107.45,308.5,145.0,481.0,107.45,4.0,9.55,roster,0,85.0,65.0,0.6641,80.7,4.8636,0.65,0.8377,3.2692,55.77,6.95,26.8,11.18,12.025
2021-04-19 22:00:00,22,27,27,0.0,6.0,20.0,1.0,0.0,1.0,9,10,6,2,8,2,108.45,260.0,197.0,541.0,108.45,3.0,6.3,roster,0,86.0,67.5,0.8958,84.24,7.2058,0.675,1.5873,3.1852,57.92,6.95,26.8,12.58,13.525
2021-04-19 23:00:00,23,27,27,0.0,7.0,19.0,1.0,0.0,1.0,9,8,8,2,10,2,109.45,212.5,113.0,571.0,109.45,3.0,6.3,roster,0,87.0,67.5,0.9667,86.67,6.2667,0.675,1.2698,3.2222,57.92,8.68,26.8,13.28,14.275
2021-04-20 00:00:00,0,29,29,0.0,7.0,21.0,1.0,0.0,1.0,7,7,9,2,11,2,110.45,228.0,155.0,631.0,110.45,3.0,6.3,roster,0,93.0,72.5,1.069,93.23,5.8882,0.725,1.1111,3.2069,62.2,9.55,26.8,14.67,15.775
2021-04-20 01:00:00,1,29,29,0.0,7.0,20.0,2.0,0.0,1.0,6,6,10,2,12,2,111.45,265.5,215.0,691.0,111.45,3.0,6.3,roster,0,92.0,72.5,1.0952,95.49,5.3213,0.725,0.9524,3.1724,62.2,10.42,26.8,16.07,17.275
2021-04-20 02:00:00,2,27,27,0.0,6.0,20.0,1.0,0.0,1.0,6,5,10,2,12,2,112.45,325.5,275.0,751.0,112.45,3.0,6.3,roster,0,86.0,67.5,1.0238,92.6,4.6779,0.675,0.7937,3.1852,57.92,10.42,26.8,17.46,18.775
2021-04-20 03:00:00,3,23,23,0.0,6.0,16.0,1.0,0.0,1.0,0,0,10,2,12,2,113.45,385.5,335.0,811.0,113.45,3.0,6.3,roster,0,74.0,57.5,0.881,85.41,1.85,0.575,0.0,3.2174,49.33,10.42,26.8,18.86,20.275
2021-04-20 04:00:00,4,24,24,0.0,5.0,18.0,1.0,0.0,1.0,2,2,10,2,12,2,114.45,445.5,395.0,871.0,114.45,3.0,6.3,roster,0,76.0,60.0,0.9048,88.95,2.9053,0.6,0.3175,3.1667,51.48,10.42,26.8,20.25,21.775
2021-04-20 05:00:00,5,28,28,0.0,7.0,20.0,1.0,0.0,1.0,5,4,11,3,14,3,115.45,478.0,377.0,735.0,115.45,3.0,6.3,roster,0,90.0,70.0,1.1538,109.51,4.2908,0.7,0.6349,3.2143,60.06,12.16,40.2,17.09,18.375
2021-04-20 06:00:00,6,31,31,0.0,8.0,22.0,1.0,0.0,1.0,3,3,11,4,15,4,116.45,533.0,382.0,795.0,116.45,3.0,6.3,roster,0,100.0,77.5,1.3333,131.6,4.0361,0.775,0.4762,3.2258,66.5,13.02,53.6,18.48,19.875
2021-04-20 07:00:00,7,31,31,0.0,8.0,22.0,1.0,0.0,1.0,1,1,12,4,16,4,117.45,584.0,442.0,855.0,117.45,3.0,6.3,roster,0,100.0,77.5,1.3889,133.87,3.012,0.775,0.1587,3.2258,66.5,13.89,53.6,19.88,21.375
2021-04-20 08:00:00,8,25,25,0.0,6.0,18.0,1.0,0.0,1.0,2,1,12,4,16,4,118.45,644.0,502.0,915.0,118.45,3.0,7.76,roster,0,80.0,62.5,1.1111,122.39,2.4124,0.625,0.1289,3.2,53.62,13.89,53.6,21.27,22.875
2021-04-20 09:00:00,9,26,26,1.0,5.0,19.0,1.0,0.0,1.0,5,5,9,4,13,4,119.45,723.0,668.0,975.0,119.45,3.0,7.76,roster,0,84.0,65.0,1.037,123.33,4.1817,0.65,0.6443,3.2308,55.77,11.29,53.6,22.67,24.375
2021-04-20 10:00:00,10,31,31,1.0,5.0,24.0,0.0,1.0,1.0,10,10,8,5,13,5,120.45,728.0,215.0,828.0,120.45,4.0,12.48,roster,0,98.0,77.5,0.9074,144.03,4.9831,0.775,0.8013,3.1613,66.5,11.29,67.0,19.25,20.7
2021-04-20 11:00:00,11,35,35,1.0,8.0,25.0,0.0,1.0,1.0,8,8,10,6,16,6,22.067,369.0,144.0,843.0,22.017,4.0,12.48,roster,0,113.0,87.5,1.1771,168.97,4.8946,0.875,0.641,3.2286,75.08,13.89,80.4,19.6,21.075
2021-04-20 12:00:00,12,30,30,1.0,8.0,21.0,0.0,0.0,1.0,3,4,12,7,19,7,23.067,204.0,104.0,742.0,17.283,4.0,12.48,roster,0,100.0,75.0,1.1905,171.9,3.5684,0.75,0.3205,3.3333,64.35,16.5,93.8,17.25,18.55
2021-04-20 13:00:00,13,30,30,1.0,7.0,22.0,0.0,0.0,1.0,6,5,12,7,19,7,18.283,220.0,143.0,395.0,18.283,4.0,12.48,roster,0,99.0,75.0,1.1786,163.83,3.7971,0.75,0.4006,3.3,64.35,16.5,93.8,9.18,9.875
2021-04-20 14:00:00,14,33,33,1.0,6.0,26.0,0.0,0.0,1.0,5,5,14,6,20,6,19.283,271.5,194.0,350.0,19.283,4.0,12.48,roster,0,107.0,82.5,1.3375,156.69,3.974,0.825,0.4006,3.2424,70.78,17.37,80.4,8.14,8.75
2021-04-20 15:00:00,15,33,33,1.0,5.0,27.0,0.0,0.0,1.0,7,8,10,5,15,5,15.067,284.0,222.0,351.0,11.717,4.0,12.48,roster,0,106.0,82.5,1.06,138.97,4.7091,0.825,0.641,3.2121,70.78,13.02,67.0,8.16,8.775
2021-04-20 16:00:00,16,29,29,1.0,3.0,25.0,0.0,0.0,1.0,9,9,7,3,10,3,12.717,366.5,314.0,454.0,12.717,4.0,12.48,roster,0,92.0,72.5,0.7667,101.64,4.5878,0.725,0.7212,3.1724,62.2,8.68,40.2,10.56,11.35
2021-04-20 17:00:00,17,25,25,1.0,3.0,21.0,0.0,0.0,1.0,4,4,9,4,13,4,13.717,374.0,85.0,471.0,13.717,4.0,12.48,roster,0,80.0,62.5,0.7407,109.46,3.0256,0.625,0.3205,3.2,53.62,11.29,53.6,10.95,11.775
2021-04-20 18:00:00,18,20,20,0.0,4.0,16.0,0.0,0.0,1.0,4,4,7,2,9,2,14.717,434.0,145.0,464.0,14.717,4.0,12.48,roster,0,64.0,50.0,0.5161,68.3,2.6256,0.5,0.3205,3.2,42.9,7.81,26.8,10.79,11.6
2021-04-20 19:00:00,19,18,18,0.0,3.0,14.0,1.0,0.0,1.0,2,2,8,2,10,2,15.717,349.5,193.0,524.0,15.717,4.0,12.48,roster,0,56.0,45.0,0.4667,66.28,1.8986,0.45,0.1603,3.1111,38.61,8.68,26.8,12.18,13.1
2021-04-20 20:00:00,20,28,28,0.0,5.0,22.0,1.0,0.0,1.0,14,13,5,2,7,2,16.717,265.0,161.0,584.0,16.717,4.0,11.3,roster,0,88.0,70.0,0.6667,86.52,5.8157,0.7,1.1504,3.1429,60.06,6.08,26.8,13.58,14.6
2021-04-20 21:00:00,21,26,26,0.0,4.0,22.0,0.0,0.0,1.0,4,4,7,4,11,4,17.717,209.0,72.0,628.0,17.717,4.0,11.3,roster,0,82.0,65.0,0.7069,113.52,3.1664,0.65,0.354,3.1538,55.77,9.55,53.6,14.6,15.7
2021-04-20 22:00:00,22,28,28,0.0,4.0,23.0,1.0,0.0,1.0,5,5,8,3,11,3,18.717,140.0,130.0,688.0,18.717,3.0,6.58,roster,0,87.0,70.0,1.0,105.81,4.5361,0.7,0.7599,3.1071,60.06,9.55,40.2,16.0,17.2
2021-04-20 23:00:00,23,27,27,0.0,4.0,21.0,2.0,0.0,1.0,7,7,9,2,11,2,12.733,190.0,106.0,341.0,12.733,3.0,6.58,roster,0,83.0,67.5,0.954,82.19,5.3453,0.675,1.0638,3.0741,57.92,9.55,26.8,7.93,8.525
2021-04-21 00:00:00,0,21,21,0.0,3.0,17.0,1.0,0.0,1.0,4,3,10,2,12,2,13.733,246.5,166.0,401.0,13.733,3.0,6.58,roster,0,65.0,52.5,0.7738,71.59,3.0362,0.525,0.4559,3.0952,45.04,10.42,26.8,9.32,10.025
2021-04-21 01:00:00,1,21,21,0.0,5.0,16.0,0.0,0.0,1.0,2,2,10,2,12,2,14.733,306.5,226.0,461.0,14.733,3.0,6.58,roster,0,68.0,52.5,0.8095,72.98,2.6842,0.525,0.304,3.2381,45.04,10.42,26.8,10.72,11.525
2021-04-21 02:00:00,2,23,23,0.0,5.0,18.0,0.0,0.0,1.0,2,2,11,3,14,3,15.733,335.0,247.0,509.0,15.733,3.0,6.58,roster,0,74.0,57.5,0.9487,93.53,2.8279,0.575,0.304,3.2174,49.33,12.16,40.2,11.83,12.725
2021-04-21 03:00:00,3,21,21,0.0,5.0,15.0,0.0,1.0,1.0,1,1,11,3,14,3,16.733,395.0,307.0,569.0,16.733,3.0,6.58,roster,0,66.0,52.5,0.8462,90.63,2.1276,0.525,0.152,3.1429,45.04,12.16,40.2,13.23,14.225
2021-04-21 04:00:00,4,21,21,0.0,5.0,15.0,0.0,1.0,1.0,1,1,11,2,13,2,17.733,483.0,402.0,629.0,17.733,3.0,6.58,roster,0,66.0,52.5,0.8148,77.76,2.1276,0.525,0.152,3.1429,45.04,11.29,26.8,14.62,15.725
2021-04-21 05:00:00,5,21,21,0.0,5.0,15.0,0.0,1.0,1.0,0,0,11,2,13,2,18.733,543.0,462.0,689.0,18.733,3.0,6.58,roster,0,66.0,52.5,0.8148,79.15,1.65,0.525,0.0,3.1429,45.04,11.29,26.8,16.02,17.225
2021-04-21 06:00:00,6,24,24,0.0,8.0,15.0,0.0,1.0,1.0,4,4,11,2,13,2,19.733,603.0,522.0,749.0,19.733,3.0,6.58,roster,0,78.0,60.0,0.963,86.98,3.9257,0.6,0.6079,3.25,51.48,11.29,26.8,17.41,18.725
2021-04-21 07:00:00,7,28,28,0.0,9.0,17.0,1.0,1.0,1.0,4,4,11,2,13,2,20.733,663.0,582.0,809.0,20.733,3.0,6.58,roster,0,90.0,70.0,1.1111,96.96,4.204,0.7,0.6079,3.2143,60.06,11.29,26.8,18.81,20.225
2021-04-21 08:00:00,8,26,26,0.0,9.0,15.0,1.0,1.0,1.0,1,1,10,3,13,3,21.733,667.0,570.0,869.0,21.733,3.0,7.01,roster,0,84.0,65.0,1.037,107.46,2.5609,0.65,0.1427,3.2308,55.77,11.29,40.2,20.2,21.725
2021-04-21 09:00:00,9,34,34,1.0,9.0,21.0,2.0,1.0,1.0,10,10,8,3,11,3,22.733,790.0,535.0,941.0,22.733,3.0,7.01,roster,0,109.0,85.0,1.2529,124.56,7.2983,0.85,1.4265,3.2059,72.93,9.55,40.2,21.88,23.525
2021-04-21 10:00:00,10,38,38,2.0,10.0,24.0,2.0,0.0,1.0,11,9,9,4,13,4,23.733,766.0,587.0,989.0,23.733,4.0,10.47,roster,0,126.0,95.0,1.1667,149.39,6.0002,0.95,0.8596,3.3158,81.51,11.29,53.6,22.99,24.725
2021-04-21 11:00:00,11,29,29,2.0,9.0,18.0,0.0,0.0,1.0,6,6,9,4,13,4,24.467,655.0,159.0,910.0,24.467,4.0,10.47,roster,0,100.0,72.5,0.9259,128.25,4.4761,0.725,0.5731,3.4483,62.2,11.29,53.6,21.16,22.75
2021-04-21 12:00:00,12,32,32,2.0,11.0,18.0,1.0,0.0,1.0,11,9,10,4,14,4,25.467,517.0,134.0,886.0,25.467,4.0,10.47,roster,0,110.0,80.0,1.0577,135.0,5.7049,0.8,0.8596,3.4375,68.64,12.16,53.6,20.6,22.15
2021-04-21 13:00:00,13,33,33,2.0,11.0,18.0,2.0,0.0,1.0,6,6,8,5,13,5,26.467,235.0,130.0,767.0,26.467,4.0,10.47,roster,0,112.0,82.5,1.037,146.91,4.745,0.825,0.5731,3.3939,70.78,11.29,67.0,17.83,19.175
2021-04-21 14:00:00,14,35,35,2.0,12.0,19.0,2.0,0.0,1.0,9,9,10,5,15,5,27.467,201.0,129.0,447.0,27.467,4.0,10.47,roster,0,119.0,87.5,1.19,145.49,5.8976,0.875,0.8596,3.4,75.08,13.02,67.0,10.39,11.175
2021-04-21 15:00:00,15,32,32,1.0,9.0,20.0,2.0,0.0,1.0,9,9,9,3,12,3,28.467,255.5,220.0,507.0,28.467,4.0,10.47,roster,0,105.0,80.0,0.9375,111.05,5.4456,0.8,0.8596,3.2812,68.64,10.42,40.2,11.79,12.675
2021-04-21 16:00:00,16,30,30,0.0,9.0,21.0,0.0,0.0,1.0,6,6,12,2,14,2,29.467,293.5,130.0,374.0,29.467,4.0,10.47,roster,0,99.0,75.0,0.9519,92.0,4.3661,0.75,0.5731,3.3,64.35,12.16,26.8,8.7,9.35
2021-04-21 17:00:00,17,30,30,1.0,8.0,21.0,0.0,0.0,1.0,6,7,12,1,13,1,30.467,297.0,154.0,381.0,30.467,4.0,10.47,roster,0,100.0,75.0,0.9259,77.9,4.7286,0.75,0.6686,3.3333,64.35,11.29,13.4,8.86,9.525
2021-04-21 18:00:00,18,31,31,1.0,7.0,23.0,0.0,0.0,1.0,7,7,13,1,14,1,21.417,223.5,127.0,400.0,8.233,4.0,10.47,roster,0,102.0,77.5,0.9808,81.35,4.7498,0.775,0.6686,3.2903,66.5,12.16,13.4,9.3,10.0
2021-04-21 19:00:00,19,26,26,1.0,9.0,16.0,0.0,0.0,1.0,7,7,9,0,9,0,22.417,274.0,201.0,417.0,8.35,4.0,10.47,roster,0,89.0,65.0,0.7177,53.28,4.5136,0.65,0.6686,3.4231,55.77,7.81,0.0,9.7,10.425
2021-04-21 20:00:00,20,25,25,1.0,10.0,14.0,0.0,0.0,1.0,8,8,9,1,10,1,23.417,231.5,117.0,353.0,9.35,4.0,9.84,roster,0,87.0,62.5,0.725,63.92,5.0043,0.625,0.813,3.48,53.62,8.68,13.4,8.21,8.825
2021-04-21 21:00:00,21,29,29,1.0,8.0,20.0,0.0,0.0,1.0,10,10,9,3,12,3,24.417,213.5,115.0,372.0,8.95,4.0,9.84,roster,0,97.0,72.5,0.8661,101.47,5.8242,0.725,1.0163,3.3448,62.2,10.42,40.2,8.65,9.3
2021-04-21 22:00:00,22,22,22,0.0,6.0,16.0,0.0,0.0,1.0,5,4,6,2,8,2,8.883,203.0,125.0,322.0,7.883,3.0,6.38,roster,0,72.0,55.0,0.75,68.42,3.8519,0.55,0.627,3.2727,47.19,6.95,26.8,7.49,8.05
2021-04-21 23:00:00,23,23,23,0.0,10.0,13.0,0.0,0.0,1.0,7,6,7,1,8,1,9.883,241.0,180.0,382.0,8.883,3.0,6.38,roster,0,79.0,57.5,0.8229,58.56,5.2052,0.575,0.9404,3.4348,49.33,6.95,13.4,8.88,9.55
2021-04-22 00:00:00,0,26,26,0.0,11.0,15.0,0.0,0.0,1.0,8,7,8,1,9,1,10.883,245.0,185.0,430.0,9.883,3.0,6.38,roster,0,89.0,65.0,0.957,66.98,5.9807,0.65,1.0972,3.4231,55.77,7.81,13.4,10.0,10.75
2021-04-22 01:00:00,1,28,28,0.0,10.0,18.0,0.0,0.0,1.0,7,5,10,1,11,1,11.883,300.0,145.0,490.0,10.883,3.0,6.38,roster,0,94.0,70.0,1.0805,74.4,4.981,0.7,0.7837,3.3571,60.06,9.55,13.4,11.39,12.25
2021-04-22 02:00:00,2,23,23,0.0,8.0,14.0,1.0,0.0,1.0,6,4,11,0,11,0,12.883,305.0,132.0,550.0,11.883,3.0,6.38,roster,0,76.0,57.5,0.8736,51.67,3.9717,0.575,0.627,3.3043,49.33,9.55,0.0,12.79,13.75
2021-04-22 03:00:00,3,21,21,0.0,9.0,11.0,1.0,0.0,1.0,3,2,11,0,11,0,13.883,365.0,192.0,610.0,12.883,3.0,6.38,roster,0,71.0,52.5,0.8161,48.78,2.8349,0.525,0.3135,3.381,45.04,9.55,0.0,14.18,15.25
2021-04-22 04:00:00,4,24,24,0.0,9.0,15.0,0.0,0.0,1.0,5,4,11,0,11,0,14.883,425.0,252.0,670.0,13.883,3.0,6.38,roster,0,81.0,60.0,0.931,56.61,4.141,0.6,0.627,3.375,51.48,9.55,0.0,15.58,16.75
2021-04-22 05:00:00,5,22,22,0.0,8.0,13.0,1.0,0.0,1.0,1,1,13,0,13,0,15.883,444.0,307.0,657.0,14.883,3.0,6.38,roster,0,73.0,55.0,0.9012,53.75,2.3451,0.55,0.1567,3.3182,47.19,11.29,0.0,15.28,16.425
2021-04-22 06:00:00,6,22,22,0.0,8.0,13.0,1.0,0.0,1.0,1,0,13,0,13,0,16.883,504.0,367.0,717.0,15.883,3.0,6.38,roster,0,73.0,55.0,0.9012,55.15,1.825,0.55,0.0,3.3182,47.19,11.29,0.0,16.67,17.925
2021-04-22 07:00:00,7,21,21,0.0,8.0,12.0,1.0,0.0,1.0,1,1,13,0,13,0,17.883,564.0,427.0,777.0,16.883,3.0,6.38,roster,0,70.0,52.5,0.8642,54.4,2.2725,0.525,0.1567,3.3333,45.04,11.29,0.0,18.07,19.425
2021-04-22 08:00:00,8,22,22,0.0,7.0,15.0,0.0,0.0,1.0,6,4,14,0,14,0,18.883,594.5,460.0,837.0,17.883,3.0,6.65,roster,0,73.0,55.0,0.9359,58.81,3.8209,0.55,0.6015,3.3182,47.19,12.16,0.0,19.46,20.925
2021-04-22 09:00:00,9,15,15,0.0,6.0,9.0,0.0,0.0,1.0,2,2,7,0,7,0,19.883,547.0,305.0,970.0,18.883,3.0,6.65,roster,0,51.0,37.5,0.5152,40.81,2.2976,0.375,0.3008,3.4,32.17,6.08,0.0,22.55,24.25
2021-04-22 10:00:00,10,14,14,0.0,5.0,9.0,0.0,0.0,1.0,3,2,7,0,7,0,20.883,607.0,199.0,1030.0,19.883,4.0,9.9,roster,0,47.0,35.0,0.3561,40.06,1.8532,0.35,0.202,3.3571,30.03,6.08,0.0,23.95,25.75
2021-04-22 11:00:00,11,26,26,0.0,5.0,20.0,1.0,0.0,1.0,16,15,8,0,8,0,21.883,342.0,162.0,1017.0,20.883,4.0,9.9,roster,0,82.0,65.0,0.6406,66.36,6.8286,0.65,1.5152,3.1538,55.77,6.95,0.0,23.65,25.425
2021-04-22 12:00:00,12,26,26,0.0,7.0,18.0,1.0,0.0,1.0,5,5,10,1,11,1,22.883,222.0,92.0,727.0,21.883,4.0,9.9,roster,0,84.0,65.0,0.7241,75.62,3.7317,0.65,0.5051,3.2308,55.77,9.55,13.4,16.9,18.175
2021-04-22 13:00:00,13,21,21,1.0,6.0,14.0,0.0,0.0,1.0,4,4,10,1,11,1,22.883,177.0,145.0,787.0,22.883,4.0,9.9,roster,0,71.0,52.5,0.6121,66.29,3.141,0.525,0.404,3.381,45.04,9.55,13.4,18.3,19.675
2021-04-22 14:00:00,14,23,23,3.0,5.0,15.0,0.0,0.0,1.0,8,8,9,1,10,1,19.95,193.5,104.0,237.0,19.95,4.0,9.9,roster,0,80.0,57.5,0.6667,56.93,4.8107,0.575,0.8081,3.4783,49.33,8.68,13.4,5.51,5.925
2021-04-22 15:00:00,15,18,18,3.0,5.0,10.0,0.0,0.0,1.0,2,1,9,2,11,2,20.95,122.0,101.0,282.0,20.95,4.0,9.9,roster,0,65.0,45.0,0.5603,61.52,1.9898,0.45,0.101,3.6111,38.61,9.55,26.8,6.56,7.05
2021-04-22 16:00:00,16,21,21,2.0,6.0,13.0,0.0,0.0,1.0,6,6,9,2,11,2,21.95,182.0,138.0,342.0,21.95,4.0,9.9,roster,0,73.0,52.5,0.6293,69.35,3.9318,0.525,0.6061,3.4762,45.04,9.55,26.8,7.95,8.55
2021-04-22 17:00:00,17,24,24,2.0,5.0,16.0,1.0,0.0,1.0,10,9,8,2,10,2,22.95,234.0,198.0,402.0,22.95,4.0,9.9,roster,0,80.0,60.0,0.6667,76.31,5.0303,0.6,0.9091,3.3333,51.48,8.68,26.8,9.35,10.05
2021-04-22 18:00:00,18,21,21,2.0,4.0,14.0,1.0,0.0,1.0,3,4,11,1,12,1,23.95,283.5,248.0,462.0,23.95,4.0,9.9,roster,0,70.0,52.5,0.625,59.61,3.0968,0.525,0.404,3.3333,45.04,10.42,13.4,10.74,11.55
2021-04-22 19:00:00,19,17,17,0.0,1.0,14.0,2.0,0.0,1.0,5,5,6,0,6,0,24.95,361.0,150.0,537.0,24.95,4.0,9.9,roster,0,50.0,42.5,0.3676,34.16,2.7354,0.425,0.5051,2.9412,36.46,5.21,0.0,12.49,13.425
2021-04-22 20:00:00,20,23,23,0.0,1.0,20.0,2.0,0.0,1.0,12,11,5,0,5,0,25.95,196.0,114.0,378.0,25.95,4.0,9.55,roster,0,68.0,57.5,0.4857,42.47,5.1054,0.575,1.1518,2.9565,49.33,4.34,0.0,8.79,9.45
2021-04-22 21:00:00,21,27,27,1.0,2.0,22.0,2.0,0.0,1.0,11,11,6,0,6,0,26.95,117.0,67.0,174.0,26.95,4.0,9.55,roster,0,83.0,67.5,0.6103,47.17,5.6158,0.675,1.1518,3.0741,57.92,5.21,0.0,4.05,4.35
2021-04-22 22:00:00,22,21,21,0.0,2.0,19.0,0.0,0.0,1.0,5,4,6,0,6,0,6.6,114.0,81.0,127.0,2.25,3.0,6.3,roster,0,65.0,52.5,0.6373,33.21,3.5902,0.525,0.6349,3.0952,45.04,5.21,0.0,2.95,3.175
2021-04-22 23:00:00,23,20,20,0.0,2.0,15.0,2.0,1.0,1.0,9,8,5,0,5,0,7.6,182.0,141.0,187.0,3.25,3.0,6.3,roster,0,58.0,50.0,0.5524,31.59,5.1325,0.5,1.2698,2.9,42.9,4.34,0.0,4.35,4.675
2021-04-23 00:00:00,0,18,18,0.0,1.0,16.0,1.0,0.0,1.0,5,5,5,0,5,0,8.6,242.0,201.0,247.0,4.25,3.0,6.3,roster,0,54.0,45.0,0.5143,28.69,3.731,0.45,0.7937,3.0,38.61,4.34,0.0,5.74,6.175
2021-04-23 01:00:00,1,14,14,0.0,0.0,13.0,1.0,0.0,1.0,3,2,5,0,5,0,9.6,302.0,261.0,307.0,5.25,3.0,6.3,roster,0,41.0,35.0,0.3905,21.51,1.9547,0.35,0.3175,2.9286,30.03,4.34,0.0,7.14,7.675
2021-04-23 02:00:00,2,13,13,0.0,0.0,12.0,1.0,0.0,1.0,1,1,5,0,5,0,10.6,362.0,321.0,367.0,6.25,3.0,6.3,roster,0,38.0,32.5,0.3619,20.76,1.414,0.325,0.1587,2.9231,27.88,4.34,0.0,8.53,9.175
2021-04-23 03:00:00,3,13,13,0.0,1.0,11.0,1.0,0.0,1.0,1,1,5,0,5,0,11.6,422.0,381.0,427.0,7.25,3.0,6.3,roster,0,39.0,32.5,0.3714,22.15,1.4512,0.325,0.1587,3.0,27.88,4.34,0.0,9.93,10.675
2021-04-23 04:00:00,4,12,12,0.0,2.0,9.0,1.0,0.0,1.0,1,1,6,0,6,0,12.6,461.5,424.0,487.0,8.25,3.0,6.3,roster,0,37.0,30.0,0.3627,22.27,1.4144,0.3,0.1587,3.0833,25.74,5.21,0.0,11.32,12.175
2021-04-23 05:00:00,5,12,12,0.0,1.0,10.0,1.0,0.0,1.0,1,1,6,0,6,0,13.6,521.5,484.0,547.0,9.25,3.0,6.3,roster,0,36.0,30.0,0.3529,23.67,1.3762,0.3,0.1587,3.0,25.74,5.21,0.0,12.72,13.675
2021-04-23 06:00:00,6,13,13,0.0,1.0,11.0,1.0,0.0,1.0,1,1,6,0,6,0,14.6,581.5,544.0,607.0,10.25,3.0,6.3,roster,0,39.0,32.5,0.3824,27.21,1.4512,0.325,0.1587,3.0,27.88,5.21,0.0,14.11,15.175
2021-04-23 07:00:00,7,16,16,1.0,1.0,13.0,1.0,0.0,1.0,5,5,6,0,6,0,11.25,641.5,604.0,667.0,11.25,3.0,6.3,roster,0,50.0,40.0,0.4902,35.04,3.7302,0.4,0.7937,3.125,34.32,5.21,0.0,15.51,16.675
2021-04-23 08:00:00,8,19,19,1.0,2.0,15.0,1.0,0.0,1.0,4,4,8,0,8,0,12.25,672.5,338.0,727.0,12.25,3.0,6.68,roster,0,60.0,47.5,0.625,44.6,3.391,0.475,0.5988,3.1579,40.75,6.95,0.0,16.9,18.175
2021-04-23 09:00:00,9,23,23,2.0,2.0,17.0,2.0,0.0,1.0,7,7,6,2,8,2,13.033,172.5,100.0,724.0,13.033,3.0,6.68,roster,0,73.0,57.5,0.7604,79.91,5.151,0.575,1.0479,3.1739,49.33,6.95,26.8,16.83,18.1
2021-04-23 10:00:00,10,27,27,3.0,2.0,20.0,2.0,0.0,1.0,6,5,9,2,11,2,14.033,160.0,117.0,458.0,14.033,4.0,11.4,roster,0,87.0,67.5,0.75,84.91,3.5883,0.675,0.4386,3.2222,57.92,9.55,26.8,10.65,11.45
2021-04-23 11:00:00,11,31,31,3.0,2.0,26.0,0.0,0.0,1.0,10,9,9,2,11,2,15.033,193.0,139.0,299.0,15.033,4.0,11.4,roster,0,101.0,77.5,0.8707,89.8,5.0972,0.775,0.7895,3.2581,66.5,9.55,26.8,6.95,7.475
2021-04-23 12:00:00,12,28,28,1.0,3.0,24.0,0.0,0.0,1.0,6,6,13,1,14,1,16.033,170.5,103.0,280.0,16.033,4.0,11.4,roster,0,89.0,70.0,0.8558,72.13,3.8979,0.7,0.5263,3.1786,60.06,12.16,13.4,6.51,7.0
2021-04-23 13:00:00,13,30,30,0.0,3.0,27.0,0.0,0.0,1.0,7,6,13,1,14,1,17.033,188.5,145.0,313.0,17.033,4.0,11.4,roster,0,93.0,75.0,0.8942,77.18,3.9566,0.75,0.5263,3.1,64.35,12.16,13.4,7.28,7.825
2021-04-23 14:00:00,14,26,26,0.0,4.0,22.0,0.0,0.0,1.0,7,6,13,0,13,0,11.633,210.0,162.0,262.0,11.633,4.0,11.4,roster,0,82.0,65.0,0.7593,53.15,3.7099,0.65,0.5263,3.1538,55.77,11.29,0.0,6.09,6.55
2021-04-23 15:00:00,15,24,24,0.0,5.0,19.0,0.0,0.0,1.0,6,6,11,0,11,0,12.633,222.0,159.0,322.0,12.633,4.0,11.4,roster,0,77.0,60.0,0.6638,48.52,3.6136,0.6,0.5263,3.2083,51.48,9.55,0.0,7.49,8.05
2021-04-23 16:00:00,16,20,20,1.0,7.0,12.0,0.0,0.0,1.0,6,6,6,1,7,1,13.633,282.0,125.0,439.0,13.633,4.0,11.4,roster,0,69.0,50.0,0.5227,52.58,3.5408,0.5,0.5263,3.45,42.9,6.08,13.4,10.21,10.975
2021-04-23 17:00:00,17,27,27,1.0,7.0,19.0,0.0,0.0,1.0,12,12,6,2,8,2,14.633,333.0,185.0,499.0,14.633,4.0,11.4,roster,0,90.0,67.5,0.7031,83.26,5.7588,0.675,1.0526,3.3333,57.92,6.95,26.8,11.6,12.475
2021-04-23 18:00:00,18,29,29,1.0,6.0,22.0,0.0,0.0,1.0,8,8,9,2,11,2,15.633,245.0,82.0,502.0,15.633,4.0,11.4,roster,0,95.0,72.5,0.819,90.23,4.6739,0.725,0.7018,3.2759,62.2,9.55,26.8,11.67,12.55
2021-04-23 19:00:00,19,29,29,1.0,6.0,21.0,1.0,0.0,1.0,8,8,9,3,12,3,16.633,202.0,125.0,562.0,16.633,4.0,11.4,roster,0,94.0,72.5,0.8393,105.89,4.6247,0.725,0.7018,3.2414,62.2,10.42,40.2,13.07,14.05
2021-04-23 20:00:00,20,29,29,1.0,4.0,24.0,0.0,0.0,1.0,8,8,6,3,9,3,17.633,185.0,121.0,312.0,17.633,4.0,11.5,roster,0,93.0,72.5,0.75,97.47,4.5559,0.725,0.6957,3.2069,62.2,7.81,40.2,7.25,7.8
2021-04-23 21:00:00,21,27,27,0.0,4.0,22.0,1.0,0.0,1.0,9,9,5,2,7,2,18.633,134.0,93.0,227.0,18.633,4.0,11.5,roster,0,84.0,67.5,0.6364,76.07,4.5348,0.675,0.7826,3.1111,57.92,6.08,26.8,5.28,5.675
2021-04-23 22:00:00,22,26,26,0.0,3.0,21.0,2.0,0.0,1.0,9,8,7,1,8,1,19.633,141.0,106.0,241.0,19.633,3.0,6.78,roster,0,79.0,65.0,0.8229,61.72,5.5602,0.65,1.1799,3.0385,55.77,6.95,13.4,5.6,6.025
2021-04-23 23:00:00,23,21,21,1.0,4.0,14.0,2.0,0.0,1.0,7,5,8,0,8,0,20.633,177.5,151.0,301.0,20.633,3.0,6.78,roster,0,67.0,52.5,0.6979,38.99,4.0279,0.525,0.7375,3.1905,45.04,6.95,0.0,7.0,7.525
2021-04-24 00:00:00,0,22,22,1.0,5.0,14.0,2.0,0.0,1.0,9,8,8,2,10,2,21.633,205.5,101.0,314.0,21.633,3.0,6.78,roster,0,71.0,55.0,0.7889,69.97,5.583,0.55,1.1799,3.2273,47.19,8.68,26.8,7.3,7.85
2021-04-24 01:00:00,1,22,22,1.0,7.0,13.0,1.0,0.0,1.0,4,4,10,2,12,2,22.633,249.0,141.0,374.0,22.633,3.0,6.78,roster,0,74.0,55.0,0.881,73.11,3.8344,0.55,0.59,3.3636,47.19,10.42,26.8,8.7,9.35
2021-04-24 02:00:00,2,19,19,1.0,7.0,10.0,1.0,0.0,1.0,1,1,11,2,13,2,23.633,298.0,184.0,346.0,23.633,3.0,6.78,roster,0,65.0,47.5,0.8025,66.89,2.1296,0.475,0.1475,3.4211,40.75,11.29,26.8,8.04,8.65
2021-04-24 03:00:00,3,18,18,0.0,7.0,10.0,1.0,0.0,1.0,2,2,11,1,12,1,24.633,369.0,244.0,494.0,24.633,3.0,6.78,roster,0,60.0,45.0,0.7143,53.92,2.4833,0.45,0.295,3.3333,38.61,10.42,13.4,11.49,12.35
2021-04-24 04:00:00,4,17,17,0.0,7.0,9.0,1.0,0.0,1.0,1,1,12,1,13,1,25.633,418.0,279.0,466.0,25.633,3.0,6.78,roster,0,57.0,42.5,0.7037,51.99,1.9195,0.425,0.1475,3.3529,36.46,11.29,13.4,10.83,11.65
2021-04-24 05:00:00,5,17,17,0.0,7.0,8.0,2.0,0.0,1.0,3,1,12,1,13,1,26.633,478.0,339.0,526.0,26.633,3.0,6.78,roster,0,56.0,42.5,0.6914,53.38,1.8859,0.425,0.1475,3.2941,36.46,11.29,13.4,12.23,13.15
2021-04-24 06:00:00,6,16,16,0.0,7.0,7.0,2.0,0.0,1.0,1,1,12,0,12,0,27.633,549.0,399.0,674.0,27.633,3.0,6.78,roster,0,53.0,40.0,0.631,40.41,1.8136,0.4,0.1475,3.3125,34.32,10.42,0.0,15.67,16.85
2021-04-24 07:00:00,7,15,15,0.0,7.0,6.0,2.0,0.0,1.0,0,0,12,0,12,0,28.633,609.0,459.0,734.0,28.633,3.0,6.78,roster,0,50.0,37.5,0.5952,39.66,1.25,0.375,0.0,3.3333,32.17,10.42,0.0,17.07,18.35
2021-04-24 08:00:00,8,17,17,0.0,6.0,8.0,3.0,0.0,1.0,4,3,11,0,11,0,29.633,680.0,519.0,794.0,29.633,3.0,6.65,roster,0,54.0,42.5,0.6207,44.48,2.783,0.425,0.4511,3.1765,36.46,9.55,0.0,18.46,19.85
2021-04-24 09:00:00,9,17,17,0.0,4.0,10.0,3.0,0.0,1.0,6,5,6,0,6,0,15.017,753.0,579.0,854.0,15.017,3.0,6.65,roster,0,52.0,42.5,0.5098,41.53,3.5999,0.425,0.7519,3.0588,36.46,5.21,0.0,19.86,21.35
2021-04-24 10:00:00,10,19,19,0.0,5.0,12.0,2.0,0.0,1.0,8,8,4,0,4,0,16.017,870.0,826.0,961.0,16.017,4.0,10.35,roster,0,60.0,47.5,0.4167,46.57,3.9409,0.475,0.7729,3.1579,40.75,3.47,0.0,22.34,24.025
2021-04-24 11:00:00,11,24,24,0.0,6.0,16.0,2.0,0.0,1.0,10,9,7,0,7,0,17.017,699.0,115.0,974.0,17.017,4.0,10.35,roster,0,76.0,60.0,0.5758,60.2,4.6536,0.6,0.8696,3.1667,51.48,6.08,0.0,22.65,24.35
2021-04-24 12:00:00,12,21,21,0.0,5.0,14.0,2.0,0.0,1.0,4,5,5,1,6,1,15.767,124.5,71.0,759.0,15.767,4.0,10.35,roster,0,66.0,52.5,0.4853,61.3,3.1683,0.525,0.4831,3.1429,45.04,5.21,13.4,17.65,18.975
2021-04-24 13:00:00,13,24,24,0.0,7.0,15.0,2.0,0.0,1.0,9,9,3,1,4,1,16.767,166.0,131.0,1006.0,16.767,4.0,10.35,roster,0,77.0,60.0,0.5347,71.74,4.7149,0.6,0.8696,3.2083,51.48,3.47,13.4,23.39,25.15
2021-04-24 14:00:00,14,23,23,0.0,5.0,15.0,2.0,1.0,1.0,8,8,3,1,4,1,6.267,136.0,92.0,191.0,3.183,4.0,10.35,roster,0,70.0,57.5,0.4861,50.65,4.1024,0.575,0.7729,3.0435,49.33,3.47,13.4,4.44,4.775
2021-04-24 15:00:00,15,25,25,0.0,9.0,15.0,1.0,0.0,1.0,11,11,2,2,4,2,7.267,121.5,91.0,251.0,4.183,4.0,10.35,roster,0,83.0,62.5,0.5764,69.73,5.6035,0.625,1.0628,3.32,53.62,3.47,26.8,5.84,6.275
2021-04-24 16:00:00,16,24,24,0.0,6.0,17.0,1.0,0.0,1.0,7,5,6,0,6,0,8.267,108.5,92.0,128.0,3.533,4.0,10.35,roster,0,77.0,60.0,0.5662,39.67,3.4749,0.6,0.4831,3.2083,51.48,5.21,0.0,2.98,3.2
2021-04-24 17:00:00,17,23,23,0.0,5.0,17.0,1.0,0.0,1.0,6,6,4,0,4,0,9.267,161.0,152.0,188.0,3.133,4.0,10.35,roster,0,73.0,57.5,0.5069,37.18,3.6649,0.575,0.5797,3.1739,49.33,3.47,0.0,4.37,4.7
2021-04-24 18:00:00,18,18,18,1.0,5.0,12.0,0.0,0.0,1.0,5,5,4,0,4,0,7.25,201.5,191.0,248.0,4.133,4.0,10.35,roster,0,61.0,45.0,0.4236,27.85,3.1621,0.45,0.4831,3.3889,38.61,3.47,0.0,5.77,6.2
2021-04-24 19:00:00,19,15,15,1.0,3.0,11.0,0.0,0.0,1.0,7,6,2,1,3,1,6.767,67.0,64.0,308.0,5.133,4.0,10.35,roster,0,50.0,37.5,0.3378,35.34,3.1824,0.375,0.5797,3.3333,32.17,2.6,13.4,7.16,7.7
2021-04-24 20:00:00,20,14,14,1.0,3.0,10.0,0.0,0.0,1.0,5,6,3,2,5,2,7.767,124.0,114.0,127.0,6.133,4.0,10.06,roster,0,47.0,35.0,0.3357,44.12,3.1773,0.35,0.5964,3.3571,30.03,4.34,26.8,2.95,3.175
2021-04-24 21:00:00,21,16,16,1.0,3.0,11.0,1.0,0.0,1.0,9,9,4,1,5,1,7.133,174.0,126.0,184.0,7.133,4.0,10.06,roster,0,52.0,40.0,0.3714,36.34,4.2076,0.4,0.8946,3.25,34.32,4.34,13.4,4.28,4.6
2021-04-24 22:00:00,22,21,21,2.0,3.0,15.0,1.0,0.0,1.0,10,9,4,2,6,2,8.133,210.0,139.0,244.0,8.133,3.0,6.36,roster,0,69.0,52.5,0.6765,62.73,6.3746,0.525,1.4151,3.2857,45.04,5.21,26.8,5.67,6.1
2021-04-24 23:00:00,23,19,19,1.0,1.0,16.0,1.0,0.0,1.0,6,6,2,2,4,2,3.65,129.0,91.0,199.0,3.317,3.0,6.36,roster,0,59.0,47.5,0.5463,55.65,4.4045,0.475,0.9434,3.1053,40.75,3.47,26.8,4.63,4.975
2021-04-25 00:00:00,0,16,16,0.0,1.0,14.0,1.0,0.0,1.0,12,4,2,1,3,1,4.65,151.0,129.0,259.0,4.317,3.0,6.36,roster,0,48.0,40.0,0.4324,36.35,3.0868,0.4,0.6289,3.0,34.32,2.6,13.4,6.02,6.475
2021-04-25 01:00:00,1,14,14,0.0,0.0,12.0,2.0,0.0,1.0,6,5,3,1,4,1,5.65,200.0,189.0,319.0,5.317,3.0,6.36,roster,0,40.0,35.0,0.3704,34.32,3.2462,0.35,0.7862,2.8571,30.03,3.47,13.4,7.42,7.975
2021-04-25 02:00:00,2,14,14,0.0,0.0,12.0,2.0,0.0,1.0,3,3,3,1,4,1,6.65,260.0,249.0,379.0,6.317,3.0,6.36,roster,0,40.0,35.0,0.3704,35.71,2.3477,0.35,0.4717,2.8571,30.03,3.47,13.4,8.81,9.475
2021-04-25 03:00:00,3,13,13,0.0,0.0,11.0,2.0,0.0,1.0,4,3,3,1,4,1,7.317,320.0,309.0,439.0,7.317,3.0,6.36,roster,0,37.0,32.5,0.3426,34.96,2.2675,0.325,0.4717,2.8462,27.88,3.47,13.4,10.21,10.975
2021-04-25 04:00:00,4,10,10,0.0,1.0,8.0,1.0,0.0,1.0,4,3,4,1,5,1,8.317,369.0,253.0,391.0,8.317,3.0,6.36,roster,0,30.0,25.0,0.2857,28.28,2.1651,0.25,0.4717,3.0,21.45,4.34,13.4,9.09,9.775
2021-04-25 05:00:00,5,9,9,0.0,1.0,7.0,1.0,0.0,1.0,3,2,4,0,4,0,9.317,371.0,313.0,559.0,9.317,3.0,6.36,roster,0,27.0,22.5,0.25,15.77,1.6184,0.225,0.3145,3.0,19.3,3.47,0.0,13.0,13.975
2021-04-25 06:00:00,6,11,11,0.0,2.0,8.0,1.0,0.0,1.0,2,2,5,0,5,0,10.317,373.0,237.0,489.0,10.317,3.0,6.36,roster,0,34.0,27.5,0.3238,19.31,1.822,0.275,0.3145,3.0909,23.6,4.34,0.0,11.37,12.225
2021-04-25 07:00:00,7,12,12,0.0,4.0,7.0,1.0,0.0,1.0,3,3,5,0,5,0,11.317,433.0,297.0,549.0,11.317,3.0,6.36,roster,0,39.0,30.0,0.3714,22.85,2.508,0.3,0.4717,3.25,25.74,4.34,0.0,12.76,13.725
2021-04-25 08:00:00,8,17,17,0.0,5.0,12.0,0.0,0.0,1.0,9,8,7,0,7,0,12.317,357.0,98.0,609.0,12.317,3.0,7.73,roster,0,56.0,42.5,0.5657,36.7,4.8092,0.425,1.0349,3.2941,36.46,6.08,0.0,14.16,15.225
2021-04-25 09:00:00,9,15,15,0.0,5.0,10.0,0.0,0.0,1.0,3,2,8,0,8,0,13.317,119.5,83.0,553.0,13.317,3.0,7.73,roster,0,50.0,37.5,0.5208,31.98,2.1124,0.375,0.2587,3.3333,32.17,6.95,0.0,12.86,13.825
2021-04-25 10:00:00,10,22,22,0.0,5.0,14.0,3.0,0.0,1.0,11,11,5,0,5,0,4.1,157.0,133.0,202.0,3.633,4.0,10.98,roster,0,68.0,55.0,0.4857,36.23,4.7965,0.55,1.0018,3.0909,47.19,4.34,0.0,4.7,5.05
2021-04-25 11:00:00,11,27,27,0.0,4.0,22.0,1.0,0.0,1.0,14,11,6,0,6,0,5.1,135.5,80.0,217.0,4.633,4.0,10.98,roster,0,84.0,67.5,0.6176,48.17,5.2168,0.675,1.0018,3.1111,57.92,5.21,0.0,5.05,5.425
2021-04-25 12:00:00,12,20,20,0.0,4.0,14.0,2.0,0.0,1.0,5,6,7,0,7,0,6.1,140.0,92.0,277.0,5.633,4.0,10.98,roster,0,62.0,50.0,0.4697,35.42,3.244,0.5,0.5464,3.1,42.9,6.08,0.0,6.44,6.925
2021-04-25 13:00:00,13,21,21,0.0,4.0,17.0,0.0,0.0,1.0,7,7,6,0,6,0,7.1,166.5,120.0,337.0,6.633,4.0,10.98,roster,0,67.0,52.5,0.4926,38.09,3.709,0.525,0.6375,3.1905,45.04,5.21,0.0,7.84,8.425
2021-04-25 14:00:00,14,16,16,0.0,2.0,14.0,0.0,0.0,1.0,4,4,4,0,4,0,7.633,166.5,121.0,458.0,7.633,4.0,10.98,roster,0,50.0,40.0,0.3472,28.44,2.3884,0.4,0.3643,3.125,34.32,3.47,0.0,10.65,11.45
2021-04-25 15:00:00,15,20,20,1.0,3.0,15.0,1.0,0.0,1.0,9,9,4,0,4,0,8.633,197.5,123.0,518.0,8.633,4.0,10.98,roster,0,64.0,50.0,0.4444,38.42,4.223,0.5,0.8197,3.2,42.9,3.47,0.0,12.04,12.95
2021-04-25 16:00:00,16,19,19,1.0,3.0,13.0,2.0,0.0,1.0,7,7,5,0,5,0,9.633,183.0,124.0,332.0,9.633,4.0,10.98,roster,0,60.0,47.5,0.4286,32.82,3.5132,0.475,0.6375,3.1579,40.75,4.34,0.0,7.72,8.3
2021-04-25 17:00:00,17,22,22,1.0,3.0,18.0,0.0,0.0,1.0,14,10,3,0,3,0,10.633,243.0,143.0,638.0,10.633,4.0,10.98,roster,0,71.0,55.0,0.4797,44.63,4.7142,0.55,0.9107,3.2273,47.19,2.6,0.0,14.83,15.95
2021-04-25 18:00:00,18,26,26,0.0,3.0,23.0,0.0,0.0,1.0,12,10,4,0,4,0,11.633,79.5,78.0,698.0,11.633,4.0,10.98,roster,0,81.0,65.0,0.5625,55.47,4.8623,0.65,0.9107,3.1154,55.77,3.47,0.0,16.23,17.45
2021-04-25 19:00:00,19,25,25,0.0,6.0,19.0,0.0,0.0,1.0,12,9,5,0,5,0,12.633,138.0,113.0,141.0,12.633,4.0,10.98,roster,0,81.0,62.5,0.5786,41.24,4.6807,0.625,0.8197,3.24,53.62,4.34,0.0,3.28,3.525
2021-04-25 20:00:00,20,28,28,0.0,6.0,22.0,0.0,0.0,1.0,11,9,7,0,7,0,13.633,173.0,100.0,201.0,13.633,4.0,9.63,roster,0,90.0,70.0,0.6818,50.81,5.254,0.7,0.9346,3.2143,60.06,6.08,0.0,4.67,5.025
2021-04-25 21:00:00,21,25,25,0.0,4.0,21.0,0.0,0.0,1.0,8,8,7,0,7,0,14.633,190.0,119.0,258.0,14.633,4.0,9.63,roster,0,79.0,62.5,0.5985,45.7,4.6001,0.625,0.8307,3.16,53.62,6.08,0.0,6.0,6.45
2021-04-25 22:00:00,22,16,16,0.0,1.0,15.0,0.0,0.0,1.0,5,5,6,0,6,0,15.633,177.0,83.0,220.0,15.633,3.0,6.38,roster,0,49.0,40.0,0.4804,24.64,3.6251,0.4,0.7837,3.0625,34.32,5.21,0.0,5.12,5.5
2021-04-25 23:00:00,23,19,19,0.0,1.0,16.0,2.0,0.0,1.0,8,5,6,0,6,0,16.633,237.0,143.0,280.0,16.633,3.0,6.38,roster,0,56.0,47.5,0.549,32.47,3.7098,0.475,0.7837,2.9474,40.75,5.21,0.0,6.51,7.0
2021-04-26 00:00:00,0,23,23,0.0,2.0,19.0,2.0,0.0,1.0,8,9,6,0,6,0,17.633,249.0,180.0,299.0,17.633,3.0,6.38,roster,0,69.0,57.5,0.6765,41.5,5.957,0.575,1.4107,3.0,49.33,5.21,0.0,6.95,7.475
2021-04-26 01:00:00,1,21,21,0.0,2.0,17.0,2.0,0.0,1.0,5,4,8,0,8,0,18.633,251.5,120.0,359.0,18.633,3.0,6.38,roster,0,63.0,52.5,0.6562,40.34,3.4559,0.525,0.627,3.0,45.04,6.95,0.0,8.35,8.975
2021-04-26 02:00:00,2,20,20,0.0,2.0,16.0,2.0,0.0,1.0,4,4,8,0,8,0,19.633,311.5,180.0,419.0,19.633,3.0,6.38,roster,0,60.0,50.0,0.625,39.59,3.3809,0.5,0.627,3.0,42.9,6.95,0.0,9.74,10.475
2021-04-26 03:00:00,3,18,18,0.0,3.0,12.0,3.0,0.0,1.0,2,2,8,0,8,0,20.633,371.5,240.0,479.0,20.633,3.0,6.38,roster,0,54.0,45.0,0.5625,36.69,2.2904,0.45,0.3135,3.0,38.61,6.95,0.0,11.14,11.975
2021-04-26 04:00:00,4,17,17,0.0,3.0,12.0,2.0,0.0,1.0,3,1,9,0,9,0,21.633,420.0,287.0,535.0,21.633,3.0,6.38,roster,0,52.0,42.5,0.5591,36.72,1.7794,0.425,0.1567,3.0588,36.46,7.81,0.0,12.44,13.375
2021-04-26 05:00:00,5,16,16,0.0,3.0,11.0,2.0,0.0,1.0,0,0,9,0,9,0,22.633,480.0,347.0,595.0,22.633,3.0,6.38,roster,0,49.0,40.0,0.5269,35.97,1.225,0.4,0.0,3.0625,34.32,7.81,0.0,13.83,14.875
2021-04-26 06:00:00,6,18,18,0.0,3.0,13.0,2.0,0.0,1.0,3,2,9,0,9,0,23.633,540.0,407.0,655.0,23.633,3.0,6.38,roster,0,55.0,45.0,0.5914,41.65,2.3329,0.45,0.3135,3.0556,38.61,7.81,0.0,15.23,16.375
2021-04-26 07:00:00,7,19,19,0.0,3.0,14.0,2.0,0.0,1.0,1,1,9,0,9,0,24.633,600.0,467.0,715.0,24.633,3.0,6.38,roster,0,58.0,47.5,0.6237,45.19,1.9285,0.475,0.1567,3.0526,40.75,7.81,0.0,16.62,17.875
2021-04-26 08:00:00,8,20,20,0.0,3.0,14.0,3.0,0.0,1.0,3,3,10,0,10,0,25.633,600.0,486.0,775.0,25.633,3.0,7.76,roster,0,60.0,50.0,0.6667,49.6,2.6598,0.5,0.3866,3.0,42.9,8.68,0.0,18.02,19.375
2021-04-26 09:00:00,9,18,18,0.0,2.0,14.0,2.0,0.0,1.0,6,4,5,0,5,0,26.633,600.0,587.0,839.0,26.633,3.0,7.76,roster,0,54.0,45.0,0.5143,42.46,2.8964,0.45,0.5155,3.0,38.61,4.34,0.0,19.51,20.975
2021-04-26 10:00:00,10,21,21,0.0,5.0,15.0,1.0,0.0,1.0,9,9,3,0,3,0,27.633,647.0,69.0,1658.0,27.633,4.0,11.08,roster,0,67.0,52.5,0.4527,66.2,4.2665,0.525,0.8123,3.1905,45.04,2.6,0.0,38.55,41.45
2021-04-26 11:00:00,11,29,29,0.0,7.0,21.0,1.0,0.0,1.0,14,14,5,1,6,1,28.633,116.0,111.0,129.0,28.633,4.0,11.08,roster,0,93.0,72.5,0.6838,63.81,6.377,0.725,1.2635,3.2069,62.2,5.21,13.4,3.0,3.225
2021-04-26 12:00:00,12,28,28,0.0,8.0,20.0,0.0,0.0,1.0,5,4,8,1,9,1,29.633,123.0,80.0,175.0,29.633,4.0,11.08,roster,0,92.0,70.0,0.7419,65.34,3.4862,0.7,0.361,3.2857,60.06,7.81,13.4,4.07,4.375
2021-04-26 13:00:00,13,29,29,0.0,7.0,22.0,0.0,0.0,1.0,6,6,8,1,9,1,30.633,183.0,140.0,235.0,30.633,4.0,11.08,roster,0,94.0,72.5,0.7581,68.88,4.1053,0.725,0.5415,3.2414,62.2,7.81,13.4,5.46,5.875
2021-04-26 14:00:00,14,28,28,0.0,8.0,20.0,0.0,0.0,1.0,6,6,8,1,9,1,31.633,243.0,195.0,295.0,31.633,4.0,11.08,roster,0,92.0,70.0,0.7419,68.13,4.0793,0.7,0.5415,3.2857,60.06,7.81,13.4,6.86,7.375
2021-04-26 15:00:00,15,29,29,0.0,7.0,22.0,0.0,0.0,1.0,11,10,5,2,7,2,14.733,255.0,117.0,355.0,5.95,4.0,11.08,roster,0,94.0,72.5,0.7121,83.34,5.2754,0.725,0.9025,3.2414,62.2,6.08,26.8,8.25,8.875
2021-04-26 16:00:00,16,28,28,0.0,5.0,22.0,1.0,0.0,1.0,6,5,8,0,8,0,15.733,163.0,118.0,415.0,6.95,4.0,11.08,roster,0,88.0,70.0,0.6875,56.66,3.6183,0.7,0.4513,3.1429,60.06,6.95,0.0,9.65,10.375
2021-04-26 17:00:00,17,34,34,0.0,9.0,24.0,1.0,0.0,1.0,13,12,8,0,8,0,16.733,190.5,141.0,375.0,7.917,4.0,11.08,roster,0,110.0,85.0,0.8594,68.6,6.2539,0.85,1.083,3.2353,72.93,6.95,0.0,8.72,9.375
2021-04-26 18:00:00,18,31,31,0.0,10.0,21.0,0.0,0.0,1.0,6,6,12,0,12,0,8.917,199.0,109.0,303.0,8.917,4.0,11.08,roster,0,103.0,77.5,0.9196,63.96,4.3742,0.775,0.5415,3.3226,66.5,10.42,0.0,7.04,7.575
2021-04-26 19:00:00,19,31,31,0.0,9.0,22.0,0.0,0.0,1.0,5,5,13,0,13,0,9.917,257.0,123.0,323.0,9.917,4.0,11.08,roster,0,102.0,77.5,0.9444,65.29,4.0348,0.775,0.4513,3.2903,66.5,11.29,0.0,7.51,8.075
2021-04-26 20:00:00,20,21,21,0.0,6.0,15.0,0.0,0.0,1.0,7,7,6,1,7,1,9.25,321.0,126.0,423.0,9.25,4.0,11.38,roster,0,69.0,52.5,0.5227,54.36,3.7461,0.525,0.6151,3.2857,45.04,6.08,13.4,9.83,10.575
2021-04-26 21:00:00,21,24,24,0.0,7.0,17.0,0.0,0.0,1.0,11,11,7,0,7,0,9.517,186.0,75.0,381.0,8.05,4.0,11.38,roster,0,79.0,60.0,0.5985,46.42,5.1568,0.6,0.9666,3.2917,51.48,6.08,0.0,8.86,9.525
2021-04-26 22:00:00,22,21,21,0.0,7.0,14.0,0.0,0.0,1.0,6,5,7,0,7,0,7.35,135.0,113.0,246.0,7.35,3.0,8.06,roster,0,70.0,52.5,0.7071,36.84,3.8178,0.525,0.6203,3.3333,45.04,6.08,0.0,5.72,6.15
2021-04-26 23:00:00,23,28,28,0.0,9.0,19.0,0.0,0.0,1.0,8,8,8,0,8,0,8.35,188.0,173.0,306.0,8.35,3.0,8.06,roster,0,93.0,70.0,0.9688,54.12,5.6217,0.7,0.9926,3.3214,60.06,6.95,0.0,7.11,7.65
2021-04-27 00:00:00,0,23,23,0.0,7.0,16.0,0.0,0.0,1.0,3,3,9,0,9,0,9.35,233.0,136.0,255.0,9.35,3.0,8.06,roster,0,76.0,57.5,0.8172,43.08,3.1299,0.575,0.3722,3.3043,49.33,7.81,0.0,5.93,6.375
2021-04-27 01:00:00,1,17,17,0.0,6.0,11.0,0.0,0.0,1.0,1,1,10,0,10,0,10.35,288.0,161.0,315.0,10.35,3.0,8.06,roster,0,57.0,42.5,0.6333,32.47,1.841,0.425,0.1241,3.3529,36.46,8.68,0.0,7.32,7.875
2021-04-27 02:00:00,2,18,18,1.0,5.0,12.0,0.0,0.0,1.0,3,3,10,0,10,0,11.35,348.0,221.0,375.0,11.35,3.0,8.06,roster,0,61.0,45.0,0.6778,36.01,2.7864,0.45,0.3722,3.3889,38.61,8.68,0.0,8.72,9.375
2021-04-27 03:00:00,3,18,18,1.0,5.0,12.0,0.0,0.0,1.0,2,2,11,0,11,0,12.35,403.0,257.0,435.0,12.35,3.0,8.06,roster,0,61.0,45.0,0.7011,38.28,2.3659,0.45,0.2481,3.3889,38.61,9.55,0.0,10.11,10.875
2021-04-27 04:00:00,4,18,18,1.0,5.0,12.0,0.0,0.0,1.0,2,2,11,0,11,0,13.35,463.0,317.0,495.0,13.35,3.0,8.06,roster,0,61.0,45.0,0.7011,39.67,2.3659,0.45,0.2481,3.3889,38.61,9.55,0.0,11.51,12.375
2021-04-27 05:00:00,5,22,22,1.0,5.0,14.0,2.0,0.0,1.0,5,5,11,0,11,0,14.35,523.0,377.0,555.0,14.35,3.0,8.06,roster,0,71.0,55.0,0.8161,49.65,3.777,0.55,0.6203,3.2273,47.19,9.55,0.0,12.9,13.875
2021-04-27 06:00:00,6,22,22,1.0,5.0,14.0,2.0,0.0,1.0,1,2,11,0,11,0,15.35,583.0,437.0,615.0,15.35,3.0,8.06,roster,0,71.0,55.0,0.8161,51.04,2.5758,0.55,0.2481,3.2273,47.19,9.55,0.0,14.3,15.375
2021-04-27 07:00:00,7,26,26,2.0,5.0,17.0,2.0,0.0,1.0,7,6,12,0,12,0,16.35,599.5,497.0,675.0,16.35,3.0,8.06,roster,0,85.0,65.0,1.0119,61.88,4.5587,0.65,0.7444,3.2692,55.77,10.42,0.0,15.69,16.875
2021-04-27 08:00:00,8,25,25,1.0,5.0,17.0,2.0,0.0,1.0,2,1,13,0,13,0,17.35,616.0,536.0,721.0,17.35,3.0,6.51,roster,0,80.0,62.5,0.9877,61.68,2.4916,0.625,0.1536,3.2,53.62,11.29,0.0,16.76,18.025
2021-04-27 09:00:00,9,22,22,1.0,3.0,17.0,1.0,0.0,1.0,4,4,7,0,7,0,18.35,617.0,427.0,763.0,18.35,3.0,6.51,roster,0,70.0,55.0,0.7071,51.01,3.705,0.55,0.6144,3.1818,47.19,6.08,0.0,17.74,19.075
2021-04-27 10:00:00,10,21,21,4.0,2.0,14.0,1.0,0.0,1.0,4,4,7,0,7,0,19.35,487.0,76.0,823.0,19.35,4.0,9.85,roster,0,72.0,52.5,0.5455,50.26,3.1923,0.525,0.4061,3.4286,45.04,6.08,0.0,19.13,20.575
2021-04-27 11:00:00,11,26,26,4.0,2.0,20.0,0.0,0.0,1.0,7,7,9,1,10,1,20.35,236.5,93.0,716.0,20.35,4.0,9.85,roster,0,88.0,65.0,0.7333,74.5,4.6053,0.65,0.7107,3.3846,55.77,8.68,13.4,16.65,17.9
2021-04-27 12:00:00,12,31,31,3.0,1.0,27.0,0.0,0.0,1.0,8,9,13,0,13,0,21.35,153.0,87.0,607.0,21.35,4.0,9.85,roster,0,100.0,77.5,0.9259,71.9,5.4474,0.775,0.9137,3.2258,66.5,11.29,0.0,14.11,15.175
2021-04-27 13:00:00,13,33,33,3.0,3.0,27.0,0.0,0.0,1.0,6,7,16,0,16,0,22.35,182.5,134.0,667.0,22.35,4.0,9.85,roster,0,108.0,82.5,1.125,80.19,5.0258,0.825,0.7107,3.2727,70.78,13.89,0.0,15.51,16.675
2021-04-27 14:00:00,14,26,26,2.0,3.0,21.0,0.0,0.0,1.0,2,2,15,0,15,0,23.35,200.0,120.0,517.0,23.35,4.0,9.85,roster,0,85.0,65.0,0.85,60.81,2.7888,0.65,0.203,3.2692,55.77,13.02,0.0,12.02,12.925
2021-04-27 15:00:00,15,19,19,2.0,1.0,16.0,0.0,0.0,1.0,1,1,12,0,12,0,24.35,230.5,180.0,333.0,24.35,4.0,9.85,roster,0,62.0,47.5,0.5536,38.92,1.8813,0.475,0.1015,3.2632,40.75,10.42,0.0,7.74,8.325
2021-04-27 16:00:00,16,15,15,1.0,2.0,12.0,0.0,0.0,1.0,2,2,7,0,7,0,23.883,267.0,205.0,389.0,6.55,4.0,9.85,roster,0,49.0,37.5,0.3712,27.3,1.8883,0.375,0.203,3.2667,32.17,6.08,0.0,9.04,9.725
2021-04-27 17:00:00,17,18,18,1.0,2.0,15.0,0.0,0.0,1.0,6,5,7,0,7,0,14.717,327.0,198.0,449.0,7.55,4.0,9.85,roster,0,58.0,45.0,0.4394,35.13,3.0856,0.45,0.5076,3.2222,38.61,6.08,0.0,10.44,11.225
2021-04-27 18:00:00,18,21,21,1.0,2.0,18.0,0.0,0.0,1.0,10,9,5,0,5,0,8.483,360.0,151.0,434.0,8.483,4.0,9.85,roster,0,67.0,52.5,0.4786,39.48,4.5902,0.525,0.9137,3.1905,45.04,4.34,0.0,10.09,10.85
2021-04-27 19:00:00,19,22,22,1.0,2.0,18.0,1.0,0.0,1.0,11,9,4,0,4,0,9.483,352.5,211.0,569.0,9.483,4.0,9.85,roster,0,69.0,55.0,0.4792,43.89,4.5907,0.55,0.9137,3.1364,47.19,3.47,0.0,13.23,14.225
2021-04-27 20:00:00,20,23,23,1.0,0.0,19.0,3.0,0.0,1.0,7,7,8,0,8,0,10.483,116.0,102.0,554.0,10.483,4.0,11.38,roster,0,68.0,57.5,0.5312,49.16,3.5186,0.575,0.6151,2.9565,49.33,6.95,0.0,12.88,13.85
2021-04-27 21:00:00,21,29,29,2.0,0.0,24.0,3.0,0.0,1.0,12,11,9,0,9,0,11.483,162.0,124.0,331.0,11.483,4.0,11.38,roster,0,88.0,72.5,0.7097,57.72,5.1332,0.725,0.9666,3.0345,62.2,7.81,0.0,7.7,8.275
2021-04-27 22:00:00,22,26,26,2.0,2.0,18.0,4.0,0.0,1.0,8,7,7,0,7,0,12.483,129.0,70.0,391.0,12.483,3.0,8.04,roster,0,80.0,65.0,0.8081,50.94,4.6789,0.65,0.8706,3.0769,55.77,6.08,0.0,9.09,9.775
2021-04-27 23:00:00,23,28,28,2.0,3.0,19.0,4.0,0.0,1.0,6,6,7,2,9,2,13.483,130.0,116.0,189.0,13.483,3.0,8.04,roster,0,87.0,70.0,0.9355,79.07,4.4938,0.7,0.7463,3.1071,60.06,7.81,26.8,4.39,4.725
2021-04-28 00:00:00,0,22,22,2.0,2.0,15.0,3.0,0.0,1.0,3,3,8,1,9,1,14.483,190.0,165.0,249.0,14.483,3.0,8.04,roster,0,69.0,55.0,0.7419,54.19,2.8953,0.55,0.3731,3.1364,47.19,7.81,13.4,5.79,6.225
2021-04-28 01:00:00,1,25,25,2.0,3.0,16.0,3.0,1.0,1.0,5,5,8,0,8,0,15.483,253.5,248.0,571.0,15.483,3.0,8.04,roster,0,77.0,62.5,0.8021,53.85,3.8404,0.625,0.6219,3.08,53.62,6.95,0.0,13.28,14.275
2021-04-28 02:00:00,2,24,24,2.0,3.0,16.0,3.0,0.0,1.0,3,3,8,0,8,0,16.483,313.5,308.0,631.0,16.483,3.0,8.04,roster,0,76.0,60.0,0.7917,53.1,3.0816,0.6,0.3731,3.1667,51.48,6.95,0.0,14.67,15.775
2021-04-28 03:00:00,3,24,24,2.0,3.0,15.0,4.0,0.0,1.0,2,2,8,0,8,0,17.483,373.5,368.0,691.0,17.483,3.0,8.04,roster,0,75.0,60.0,0.7812,54.49,2.6524,0.6,0.2488,3.125,51.48,6.95,0.0,16.07,17.275
2021-04-28 04:00:00,4,22,22,2.0,3.0,14.0,3.0,0.0,1.0,1,1,8,0,8,0,18.483,433.5,428.0,751.0,18.483,3.0,8.04,roster,0,70.0,55.0,0.7292,51.6,2.1457,0.55,0.1244,3.1818,47.19,6.95,0.0,17.46,18.775
2021-04-28 05:00:00,5,22,22,2.0,3.0,14.0,3.0,0.0,1.0,1,0,8,0,8,0,19.483,493.5,488.0,811.0,19.483,3.0,8.04,roster,0,70.0,55.0,0.7292,52.99,1.75,0.55,0.0,3.1818,47.19,6.95,0.0,18.86,20.275
2021-04-28 06:00:00,6,24,24,2.0,3.0,16.0,3.0,0.0,1.0,2,2,8,0,8,0,20.483,553.5,548.0,871.0,20.483,3.0,8.04,roster,0,76.0,60.0,0.7917,58.68,2.6877,0.6,0.2488,3.1667,51.48,6.95,0.0,20.25,21.775
2021-04-28 07:00:00,7,21,21,2.0,3.0,13.0,3.0,0.0,1.0,1,1,9,0,9,0,21.483,610.0,585.0,669.0,21.483,3.0,8.04,roster,0,67.0,52.5,0.7204,48.41,2.0718,0.525,0.1244,3.1905,45.04,7.81,0.0,15.55,16.725
2021-04-28 08:00:00,8,20,20,2.0,2.0,14.0,2.0,0.0,1.0,3,3,9,0,9,0,22.483,670.0,645.0,729.0,22.483,3.0,7.76,roster,0,64.0,50.0,0.6882,47.66,2.8371,0.5,0.3866,3.2,42.9,7.81,0.0,16.95,18.225
2021-04-28 09:00:00,9,24,24,2.0,4.0,16.0,2.0,0.0,1.0,6,5,11,0,11,0,23.483,728.0,224.0,789.0,23.483,3.0,7.76,roster,0,78.0,60.0,0.8966,59.38,4.0441,0.6,0.6443,3.25,51.48,9.55,0.0,18.34,19.725
2021-04-28 10:00:00,10,18,18,2.0,3.0,12.0,1.0,0.0,1.0,2,2,9,1,10,1,24.483,738.0,141.0,797.0,24.483,4.0,11.46,roster,0,60.0,45.0,0.5,59.22,2.0817,0.45,0.1745,3.3333,38.61,8.68,13.4,18.53,19.925
2021-04-28 11:00:00,11,22,22,2.0,6.0,13.0,1.0,0.0,1.0,6,6,11,1,12,1,25.483,491.0,171.0,857.0,25.483,4.0,11.46,roster,0,75.0,55.0,0.6696,70.93,3.6599,0.55,0.5236,3.4091,47.19,10.42,13.4,19.93,21.425
2021-04-28 12:00:00,12,22,22,1.0,8.0,12.0,1.0,0.0,1.0,7,6,12,1,13,1,26.483,231.0,104.0,831.0,26.483,4.0,11.46,roster,0,75.0,55.0,0.6944,71.2,3.6599,0.55,0.5236,3.4091,47.19,11.29,13.4,19.32,20.775
2021-04-28 13:00:00,13,21,21,1.0,9.0,11.0,0.0,0.0,1.0,3,3,12,1,13,1,27.483,287.0,143.0,331.0,27.483,4.0,11.46,roster,0,74.0,52.5,0.6852,57.43,2.7725,0.525,0.2618,3.5238,45.04,11.29,13.4,7.7,8.275
2021-04-28 14:00:00,14,21,21,0.0,8.0,13.0,0.0,0.0,1.0,8,9,6,1,7,1,5.85,203.0,185.0,347.0,5.85,4.0,11.46,roster,0,71.0,52.5,0.5379,52.59,4.4302,0.525,0.7853,3.381,45.04,6.08,13.4,8.07,8.675
2021-04-28 15:00:00,15,26,26,0.0,9.0,17.0,0.0,0.0,1.0,9,9,8,1,9,1,6.85,254.0,189.0,353.0,6.85,4.0,11.46,roster,0,87.0,65.0,0.7016,65.19,4.8029,0.65,0.7853,3.3462,55.77,7.81,13.4,8.21,8.825
2021-04-28 16:00:00,16,20,20,0.0,6.0,14.0,0.0,0.0,1.0,4,5,6,0,6,0,7.167,155.5,110.0,305.0,5.233,4.0,11.46,roster,0,66.0,50.0,0.4853,35.2,3.0898,0.5,0.4363,3.3,42.9,5.21,0.0,7.09,7.625
2021-04-28 17:00:00,17,23,23,0.0,6.0,15.0,2.0,0.0,1.0,7,8,7,0,7,0,8.167,198.0,100.0,365.0,6.233,4.0,11.46,roster,0,73.0,57.5,0.553,43.9,4.0406,0.575,0.6981,3.1739,49.33,6.08,0.0,8.49,9.125
2021-04-28 18:00:00,18,27,27,0.0,4.0,22.0,1.0,0.0,1.0,8,8,6,0,6,0,9.167,230.5,160.0,425.0,7.233,4.0,11.46,roster,0,84.0,67.5,0.6176,53.01,4.2718,0.675,0.6981,3.1111,57.92,5.21,0.0,9.88,10.625
2021-04-28 19:00:00,19,19,19,0.0,2.0,15.0,2.0,0.0,1.0,5,5,3,0,3,0,10.167,187.0,106.0,485.0,8.083,4.0,11.46,roster,0,57.0,47.5,0.3851,34.64,2.7339,0.475,0.4363,3.0,40.75,2.6,0.0,11.28,12.125
2021-04-28 20:00:00,20,22,22,1.0,3.0,16.0,2.0,0.0,1.0,6,6,5,0,5,0,11.167,166.0,104.0,247.0,9.083,4.0,10.2,roster,0,69.0,55.0,0.4929,37.27,3.5699,0.55,0.5882,3.1364,47.19,4.34,0.0,5.74,6.175
2021-04-28 21:00:00,21,27,27,1.0,6.0,18.0,2.0,0.0,1.0,11,9,7,1,8,1,12.167,138.0,107.0,307.0,10.083,4.0,10.2,roster,0,87.0,67.5,0.6797,65.4,5.0181,0.675,0.8824,3.2222,57.92,6.95,13.4,7.14,7.675
2021-04-28 22:00:00,22,25,25,2.0,5.0,18.0,0.0,0.0,1.0,12,9,7,1,8,1,13.167,171.5,164.0,367.0,11.083,3.0,6.5,roster,0,84.0,62.5,0.875,62.5,6.7523,0.625,1.3846,3.36,53.62,6.95,13.4,8.53,9.175
2021-04-28 23:00:00,23,14,14,0.0,2.0,12.0,0.0,0.0,1.0,5,3,6,0,6,0,14.167,209.5,178.0,280.0,7.117,3.0,6.5,roster,0,44.0,35.0,0.4314,21.75,2.5505,0.35,0.4615,3.1429,30.03,5.21,0.0,6.51,7.0
2021-04-29 00:00:00,0,17,17,0.0,2.0,15.0,0.0,0.0,1.0,6,5,6,0,6,0,15.167,269.5,238.0,340.0,8.117,3.0,6.5,roster,0,53.0,42.5,0.5196,29.58,3.7232,0.425,0.7692,3.1176,36.46,5.21,0.0,7.9,8.5
2021-04-29 01:00:00,1,21,21,0.0,2.0,19.0,0.0,0.0,1.0,6,6,6,0,6,0,16.167,329.5,298.0,400.0,9.117,3.0,6.5,roster,0,65.0,52.5,0.6373,39.55,4.4821,0.525,0.9231,3.0952,45.04,5.21,0.0,9.3,10.0
2021-04-29 02:00:00,2,16,16,0.0,3.0,13.0,0.0,0.0,1.0,2,2,6,0,6,0,17.167,381.0,273.0,460.0,10.117,3.0,6.5,roster,0,51.0,40.0,0.5,30.22,2.2558,0.4,0.3077,3.1875,34.32,5.21,0.0,10.7,11.5
2021-04-29 03:00:00,3,21,21,1.0,3.0,16.0,1.0,0.0,1.0,6,6,7,0,7,0,18.167,418.0,175.0,520.0,11.117,3.0,6.5,roster,0,67.0,52.5,0.6768,43.21,4.6201,0.525,0.9231,3.1905,45.04,6.08,0.0,12.09,13.0
2021-04-29 04:00:00,4,16,16,0.0,3.0,12.0,1.0,0.0,1.0,2,2,7,0,7,0,19.167,478.0,235.0,580.0,12.117,3.0,6.5,roster,0,50.0,40.0,0.5051,33.88,2.2115,0.4,0.3077,3.125,34.32,6.08,0.0,13.49,14.5
2021-04-29 05:00:00,5,16,16,0.0,3.0,12.0,1.0,0.0,1.0,1,1,7,0,7,0,20.167,538.0,295.0,640.0,13.117,3.0,6.5,roster,0,50.0,40.0,0.5051,35.28,1.7308,0.4,0.1538,3.125,34.32,6.08,0.0,14.88,16.0
2021-04-29 06:00:00,6,17,17,0.0,3.0,13.0,1.0,0.0,1.0,2,2,8,0,8,0,21.167,555.5,355.0,700.0,14.117,3.0,6.5,roster,0,53.0,42.5,0.5521,39.69,2.2843,0.425,0.3077,3.1176,36.46,6.95,0.0,16.28,17.5
2021-04-29 07:00:00,7,18,18,0.0,3.0,14.0,1.0,0.0,1.0,2,2,8,0,8,0,22.167,615.5,415.0,760.0,15.117,3.0,6.5,roster,0,56.0,45.0,0.5833,43.23,2.3573,0.45,0.3077,3.1111,38.61,6.95,0.0,17.67,19.0
2021-04-29 08:00:00,8,18,18,0.0,3.0,14.0,1.0,0.0,1.0,4,4,8,0,8,0,23.167,675.5,475.0,820.0,16.117,3.0,6.66,roster,0,56.0,45.0,0.5833,44.62,3.2685,0.45,0.6006,3.1111,38.61,6.95,0.0,19.07,20.5
2021-04-29 09:00:00,9,20,20,0.0,4.0,15.0,1.0,0.0,1.0,4,4,8,0,8,0,24.167,656.5,276.0,880.0,17.117,3.0,6.66,roster,0,63.0,50.0,0.6562,50.31,3.4669,0.5,0.6006,3.15,42.9,6.95,0.0,20.46,22.0
2021-04-29 10:00:00,10,21,21,0.0,4.0,15.0,2.0,0.0,1.0,7,7,7,0,7,0,18.117,155.0,106.0,595.0,18.117,4.0,11.38,roster,0,65.0,52.5,0.4924,44.96,3.5289,0.525,0.6151,3.0952,45.04,6.08,0.0,13.83,14.875
2021-04-29 11:00:00,11,19,19,0.0,4.0,13.0,2.0,0.0,1.0,4,4,11,0,11,0,19.117,134.0,86.0,396.0,19.117,4.0,11.38,roster,0,59.0,47.5,0.5086,39.51,2.5665,0.475,0.3515,3.1053,40.75,9.55,0.0,9.21,9.9
2021-04-29 12:00:00,12,24,24,0.0,6.0,16.0,2.0,0.0,1.0,8,8,11,0,11,0,20.117,163.0,133.0,456.0,20.117,4.0,11.38,roster,0,76.0,60.0,0.6552,51.63,4.1261,0.6,0.703,3.1667,51.48,9.55,0.0,10.6,11.4
2021-04-29 13:00:00,13,24,24,0.0,6.0,16.0,2.0,0.0,1.0,5,5,10,1,11,1,21.117,208.0,183.0,516.0,21.117,4.0,11.38,roster,0,76.0,60.0,0.6552,66.43,3.2913,0.6,0.4394,3.1667,51.48,9.55,13.4,12.0,12.9
2021-04-29 14:00:00,14,23,23,1.0,5.0,15.0,2.0,0.0,1.0,5,5,9,0,9,0,22.117,266.0,243.0,314.0,22.117,4.0,11.38,roster,0,74.0,57.5,0.5968,44.45,3.2636,0.575,0.4394,3.2174,49.33,7.81,0.0,7.3,7.85
2021-04-29 15:00:00,15,25,25,1.0,8.0,16.0,0.0,0.0,1.0,10,9,9,0,9,0,10.6,303.0,99.0,328.0,10.6,4.0,11.38,roster,0,85.0,62.5,0.6855,49.07,4.8139,0.625,0.7909,3.4,53.62,7.81,0.0,7.63,8.2
2021-04-29 16:00:00,16,20,20,1.0,7.0,12.0,0.0,0.0,1.0,2,2,9,0,9,0,7.233,344.0,155.0,386.0,7.233,4.0,11.38,roster,0,69.0,50.0,0.5565,39.69,2.3313,0.5,0.1757,3.45,42.9,7.81,0.0,8.97,9.65
2021-04-29 17:00:00,17,17,17,1.0,4.0,12.0,0.0,0.0,1.0,2,2,8,0,8,0,8.233,413.5,219.0,448.0,8.233,4.0,11.38,roster,0,57.0,42.5,0.4453,33.83,2.0143,0.425,0.1757,3.3529,36.46,6.95,0.0,10.42,11.2
2021-04-29 18:00:00,18,18,18,1.0,5.0,12.0,0.0,0.0,1.0,5,4,5,0,5,0,9.233,464.0,279.0,508.0,9.233,4.0,11.38,roster,0,61.0,45.0,0.4357,34.76,2.7162,0.45,0.3515,3.3889,38.61,4.34,0.0,11.81,12.7
2021-04-29 19:00:00,19,15,15,1.0,4.0,10.0,0.0,0.0,1.0,4,4,5,0,5,0,10.233,332.0,92.0,568.0,10.233,4.0,11.38,roster,0,51.0,37.5,0.3643,29.72,2.4701,0.375,0.3515,3.4,32.17,4.34,0.0,13.21,14.2
2021-04-29 20:00:00,20,16,16,1.0,5.0,10.0,0.0,0.0,1.0,8,7,4,0,4,0,11.233,272.0,152.0,674.0,11.233,4.0,11.22,roster,0,55.0,40.0,0.3819,33.46,3.5196,0.4,0.6239,3.4375,34.32,3.47,0.0,15.67,16.85
2021-04-29 21:00:00,21,15,15,0.0,5.0,10.0,0.0,0.0,1.0,4,4,5,0,5,0,12.233,176.0,101.0,212.0,12.233,4.0,11.22,roster,0,50.0,37.5,0.3571,21.45,2.4384,0.375,0.3565,3.3333,32.17,4.34,0.0,4.93,5.3
2021-04-29 22:00:00,22,20,20,1.0,8.0,10.0,1.0,0.0,1.0,8,7,6,0,6,0,13.233,198.5,124.0,272.0,13.233,3.0,6.5,roster,0,69.0,50.0,0.6765,34.43,5.4404,0.5,1.0769,3.45,42.9,5.21,0.0,6.32,6.8
2021-04-29 23:00:00,23,18,18,1.0,7.0,9.0,1.0,0.0,1.0,5,2,9,2,11,2,14.233,146.0,95.0,296.0,14.233,3.0,6.5,roster,0,62.0,45.0,0.7126,61.84,2.6098,0.45,0.3077,3.4444,38.61,9.55,26.8,6.88,7.4
2021-04-30 00:00:00,0,19,19,2.0,8.0,8.0,1.0,0.0,1.0,5,5,9,2,11,2,15.233,206.0,155.0,356.0,15.233,3.0,6.5,roster,0,68.0,47.5,0.7816,65.38,4.453,0.475,0.7692,3.5789,40.75,9.55,26.8,8.28,8.9
2021-04-30 01:00:00,1,22,22,2.0,9.0,10.0,1.0,0.0,1.0,5,5,10,3,13,3,16.233,236.0,209.0,341.0,16.233,3.0,6.5,roster,0,78.0,55.0,0.963,86.61,4.6773,0.55,0.7692,3.5455,47.19,11.29,40.2,7.93,8.525
2021-04-30 02:00:00,2,21,21,2.0,9.0,9.0,1.0,0.0,1.0,4,4,9,2,11,2,17.233,326.0,269.0,476.0,17.233,3.0,6.5,roster,0,75.0,52.5,0.8621,72.46,4.0728,0.525,0.6154,3.5714,45.04,9.55,26.8,11.07,11.9
2021-04-30 03:00:00,3,19,19,0.0,8.0,10.0,1.0,0.0,1.0,4,4,10,0,10,0,18.233,405.0,329.0,536.0,18.233,3.0,6.5,roster,0,64.0,47.5,0.7111,41.9,3.6729,0.475,0.6154,3.3684,40.75,8.68,0.0,12.46,13.4
2021-04-30 04:00:00,4,18,18,0.0,8.0,9.0,1.0,0.0,1.0,0,0,11,0,11,0,19.233,446.0,287.0,596.0,19.233,3.0,6.5,roster,0,61.0,45.0,0.7011,42.02,1.525,0.45,0.0,3.3889,38.61,9.55,0.0,13.86,14.9
2021-04-30 05:00:00,5,18,18,0.0,9.0,8.0,1.0,0.0,1.0,1,1,11,0,11,0,20.233,506.0,347.0,656.0,20.233,3.0,6.5,roster,0,62.0,45.0,0.7126,43.41,2.0799,0.45,0.1538,3.4444,38.61,9.55,0.0,15.25,16.4
2021-04-30 06:00:00,6,22,22,0.0,10.0,9.0,3.0,0.0,1.0,4,4,12,0,12,0,21.233,551.0,407.0,716.0,21.233,3.0,6.5,roster,0,73.0,55.0,0.869,54.26,3.867,0.55,0.6154,3.3182,47.19,10.42,0.0,16.65,17.9
2021-04-30 07:00:00,7,20,20,0.0,9.0,9.0,2.0,0.0,1.0,4,2,12,1,13,1,22.233,596.0,343.0,701.0,22.233,3.0,6.5,roster,0,67.0,50.0,0.8272,63.89,2.7058,0.5,0.3077,3.35,42.9,11.29,13.4,16.3,17.525
2021-04-30 08:00:00,8,20,20,0.0,9.0,10.0,1.0,0.0,1.0,3,3,13,1,14,1,23.233,642.5,321.0,761.0,23.233,3.0,6.59,roster,0,68.0,50.0,0.8718,66.15,3.2478,0.5,0.4552,3.4,42.9,12.16,13.4,17.69,19.025
2021-04-30 09:00:00,9,20,20,0.0,4.0,15.0,1.0,0.0,1.0,8,8,8,0,8,0,24.233,651.5,287.0,896.0,24.233,3.0,6.59,roster,0,63.0,50.0,0.6562,50.68,5.399,0.5,1.214,3.15,42.9,6.95,0.0,20.83,22.4
2021-04-30 10:00:00,10,21,21,1.0,4.0,16.0,0.0,0.0,1.0,9,7,6,0,6,0,25.233,497.0,195.0,956.0,25.233,4.0,10.29,roster,0,69.0,52.5,0.5074,52.48,3.9602,0.525,0.6803,3.2857,45.04,5.21,0.0,22.23,23.9
2021-04-30 11:00:00,11,20,20,1.0,2.0,17.0,0.0,0.0,1.0,7,6,4,0,4,0,26.233,635.5,255.0,1574.0,26.233,4.0,10.29,roster,0,64.0,50.0,0.4444,62.97,3.4659,0.5,0.5831,3.2,42.9,3.47,0.0,36.6,39.35
2021-04-30 12:00:00,12,29,29,0.0,6.0,23.0,0.0,0.0,1.0,13,12,5,1,6,1,27.233,188.5,83.0,315.0,27.233,4.0,10.29,roster,0,93.0,72.5,0.6838,68.14,6.0648,0.725,1.1662,3.2069,62.2,5.21,13.4,7.32,7.875
2021-04-30 13:00:00,13,34,34,0.0,8.0,26.0,0.0,0.0,1.0,13,13,7,1,8,1,28.233,117.5,93.0,375.0,28.233,4.0,10.29,roster,0,110.0,85.0,0.8594,82.0,6.8373,0.85,1.2634,3.2353,72.93,6.95,13.4,8.72,9.375
2021-04-30 14:00:00,14,30,30,0.0,7.0,22.0,1.0,0.0,1.0,9,9,9,2,11,2,6.233,128.0,72.0,158.0,3.383,4.0,10.29,roster,0,96.0,75.0,0.8276,84.37,5.1988,0.75,0.8746,3.2,64.35,9.55,26.8,3.67,3.95
2021-04-30 15:00:00,15,28,28,0.0,7.0,20.0,1.0,0.0,1.0,10,9,10,1,11,1,6.083,126.0,101.0,154.0,3.55,4.0,10.29,roster,0,90.0,70.0,0.7759,66.59,5.0613,0.7,0.8746,3.2143,60.06,9.55,13.4,3.58,3.85
2021-04-30 16:00:00,16,30,30,0.0,10.0,19.0,1.0,0.0,1.0,6,5,11,1,12,1,7.083,164.5,140.0,192.0,4.55,4.0,10.29,roster,0,99.0,75.0,0.8839,72.63,4.0785,0.75,0.4859,3.3,64.35,10.42,13.4,4.46,4.8
2021-04-30 17:00:00,17,23,23,0.0,8.0,13.0,2.0,0.0,1.0,8,7,10,1,11,1,8.083,221.0,141.0,252.0,5.55,4.0,10.29,roster,0,75.0,57.5,0.6466,58.15,4.0933,0.575,0.6803,3.2609,49.33,9.55,13.4,5.86,6.3
2021-04-30 18:00:00,18,26,26,0.0,8.0,16.0,2.0,0.0,1.0,6,6,10,0,10,0,9.083,230.5,136.0,306.0,6.55,4.0,10.29,roster,0,84.0,65.0,0.7,51.57,3.9838,0.65,0.5831,3.2308,55.77,8.68,0.0,7.11,7.65
2021-04-30 19:00:00,19,19,19,0.0,3.0,14.0,2.0,0.0,1.0,3,3,7,0,7,0,10.083,253.0,155.0,353.0,7.55,4.0,10.29,roster,0,58.0,47.5,0.4394,35.04,2.34,0.475,0.2915,3.0526,40.75,6.08,0.0,8.21,8.825
2021-04-30 20:00:00,20,14,14,0.0,2.0,10.0,2.0,0.0,1.0,4,2,7,0,7,0,11.083,215.0,119.0,321.0,8.55,4.0,10.08,roster,0,42.0,35.0,0.3182,23.57,1.6452,0.35,0.1984,3.0,30.03,6.08,0.0,7.46,8.025
2021-04-30 21:00:00,21,13,13,0.0,2.0,9.0,2.0,0.0,1.0,3,3,7,0,7,0,9.55,275.0,129.0,381.0,9.55,4.0,10.08,roster,0,39.0,32.5,0.2955,22.82,1.8679,0.325,0.2976,3.0,27.88,6.08,0.0,8.86,9.525
2021-04-30 22:00:00,22,9,9,0.0,2.0,5.0,2.0,0.0,1.0,4,4,3,0,3,0,7.35,341.0,85.0,441.0,7.35,3.0,6.38,roster,0,27.0,22.5,0.2432,12.16,2.5559,0.225,0.627,3.0,19.3,2.6,0.0,10.25,11.025
2021-04-30 23:00:00,23,17,17,0.0,2.0,13.0,2.0,0.0,1.0,8,8,4,0,4,0,8.35,273.0,145.0,501.0,8.35,3.0,6.38,roster,0,51.0,42.5,0.4722,31.59,5.0368,0.425,1.2539,3.0,36.46,3.47,0.0,11.65,12.525
