ts,hour,total,census,l1,l2,l3,l4,l5,tri_coverage,arrivals,arrival_present_1h,waitBed,waitICU,D_board,resus,maxLOS_h,awt_curr_min,board_q1_min,board_q3_min,board_max_h,Na,cap_sum,cap_source,src_gap,acuity,OCCUPANCY,EDWIN,NEDOCS,READI,READI_BR,READI_PR,READI_AR,NEDOCS_t_total,NEDOCS_t_board,NEDOCS_t_resus,NEDOCS_t_longest_admit,NEDOCS_E_h
2020-08-01 00:00:00,0,23,23,1.0,3.0,16.0,2.0,1.0,1.0,5,3,6,0,6,0,14.783,164.0,117.0,229.0,12.083,3.0,6.77,roster,0,70.0,57.5,0.6863,39.87,3.0987,0.575,0.4431,3.0435,49.33,5.21,0.0,5.32,5.725
2020-08-01 01:00:00,1,23,23,1.0,3.0,17.0,1.0,1.0,1.0,3,1,7,0,7,0,15.783,221.0,168.0,289.0,13.083,3.0,6.77,roster,0,71.0,57.5,0.7172,42.13,2.231,0.575,0.1477,3.087,49.33,6.08,0.0,6.72,7.225
2020-08-01 02:00:00,2,21,21,1.0,2.0,16.0,1.0,1.0,1.0,2,2,8,0,8,0,16.633,259.0,228.0,349.0,14.083,3.0,6.77,roster,0,64.0,52.5,0.6667,40.11,2.5003,0.525,0.2954,3.0476,45.04,6.95,0.0,8.11,8.725
2020-08-01 03:00:00,3,21,21,1.0,2.0,16.0,1.0,1.0,1.0,2,1,9,0,9,0,17.633,297.0,224.0,347.0,15.083,3.0,6.77,roster,0,64.0,52.5,0.6882,40.93,2.0502,0.525,0.1477,3.0476,45.04,7.81,0.0,8.07,8.675
2020-08-01 04:00:00,4,23,23,1.0,1.0,19.0,1.0,1.0,1.0,5,5,9,0,9,0,18.317,357.0,284.0,407.0,16.083,3.0,6.77,roster,0,69.0,57.5,0.7419,46.61,3.9407,0.575,0.7386,3.0,49.33,7.81,0.0,9.46,10.175
2020-08-01 05:00:00,5,23,23,1.0,1.0,19.0,1.0,1.0,1.0,3,3,8,0,8,0,19.317,439.0,408.0,529.0,17.083,3.0,6.77,roster,0,69.0,57.5,0.7188,48.58,3.0544,0.575,0.4431,3.0,49.33,6.95,0.0,12.3,13.225
2020-08-01 06:00:00,6,24,24,1.0,1.0,19.0,2.0,1.0,1.0,3,3,9,0,9,0,20.317,477.0,404.0,527.0,18.083,3.0,6.77,roster,0,71.0,60.0,0.7634,51.55,3.0859,0.6,0.4431,2.9583,51.48,7.81,0.0,12.25,13.175
2020-08-01 07:00:00,7,20,20,1.0,1.0,15.0,2.0,1.0,1.0,1,1,9,0,9,0,21.317,537.0,464.0,587.0,19.083,3.0,6.77,roster,0,59.0,50.0,0.6344,44.36,1.9107,0.5,0.1477,2.95,42.9,7.81,0.0,13.65,14.675
2020-08-01 08:00:00,8,19,19,1.0,1.0,14.0,2.0,1.0,1.0,5,4,9,0,9,0,22.317,597.0,524.0,647.0,20.083,3.0,6.68,roster,0,56.0,47.5,0.6022,43.61,3.1649,0.475,0.5988,2.9474,40.75,7.81,0.0,15.04,16.175
2020-08-01 09:00:00,9,20,20,1.0,1.0,15.0,2.0,1.0,1.0,5,5,7,0,7,0,23.317,500.0,84.0,701.0,21.083,3.0,6.68,roster,0,59.0,50.0,0.596,45.28,3.6831,0.5,0.7485,2.95,42.9,6.08,0.0,16.3,17.525
2020-08-01 10:00:00,10,19,19,1.0,2.0,15.0,1.0,0.0,1.0,6,5,8,0,8,0,22.083,458.5,144.0,761.0,22.083,4.0,10.38,roster,0,60.0,47.5,0.4688,45.39,3.0211,0.475,0.4817,3.1579,40.75,6.95,0.0,17.69,19.025
2020-08-01 11:00:00,11,21,21,1.0,2.0,17.0,1.0,0.0,1.0,6,6,6,1,7,1,23.083,417.0,187.0,704.0,23.083,4.0,10.38,roster,0,66.0,52.5,0.5,60.89,3.4667,0.525,0.578,3.1429,45.04,6.08,13.4,16.37,17.6
2020-08-01 12:00:00,12,24,24,1.0,3.0,19.0,1.0,0.0,1.0,10,10,6,1,7,1,24.083,264.0,160.0,764.0,24.083,4.0,10.38,roster,0,76.0,60.0,0.5758,68.72,4.9507,0.6,0.9634,3.1667,51.48,6.08,13.4,17.76,19.1
2020-08-01 13:00:00,13,27,27,1.0,6.0,18.0,2.0,0.0,1.0,10,9,9,1,10,1,25.083,171.5,76.0,537.0,25.083,4.0,10.38,roster,0,87.0,67.5,0.725,72.48,4.9688,0.675,0.8671,3.2222,57.92,8.68,13.4,12.49,13.425
2020-08-01 14:00:00,14,26,26,1.0,6.0,18.0,1.0,0.0,1.0,5,5,8,1,9,1,26.083,136.0,120.0,280.0,26.083,4.0,10.38,roster,0,85.0,65.0,0.6855,63.49,3.6998,0.65,0.4817,3.2692,55.77,7.81,13.4,6.51,7.0
2020-08-01 15:00:00,15,27,27,1.0,5.0,18.0,3.0,0.0,1.0,9,8,6,1,7,1,27.083,180.0,126.0,340.0,27.083,4.0,10.38,roster,0,85.0,67.5,0.6439,65.3,4.5513,0.675,0.7707,3.1481,57.92,6.08,13.4,7.9,8.5
2020-08-01 16:00:00,16,31,31,1.0,7.0,19.0,4.0,0.0,1.0,12,11,6,0,6,0,28.083,176.5,93.0,256.0,28.083,4.0,10.38,roster,0,98.0,77.5,0.7206,57.66,5.8001,0.775,1.0597,3.1613,66.5,5.21,0.0,5.95,6.4
2020-08-01 17:00:00,17,23,23,1.0,5.0,14.0,3.0,0.0,1.0,2,2,6,1,7,1,29.083,130.0,72.0,316.0,29.083,4.0,10.38,roster,0,73.0,57.5,0.553,56.16,2.4365,0.575,0.1927,3.1739,49.33,6.08,13.4,7.35,7.9
2020-08-01 18:00:00,18,26,26,1.0,6.0,16.0,3.0,0.0,1.0,9,8,6,1,7,1,30.083,190.0,132.0,376.0,30.083,4.0,10.38,roster,0,83.0,65.0,0.6288,63.99,4.5354,0.65,0.7707,3.1923,55.77,6.08,13.4,8.74,9.4
2020-08-01 19:00:00,19,24,24,1.0,6.0,15.0,2.0,0.0,1.0,11,10,4,1,5,1,31.083,214.0,192.0,250.0,31.083,4.0,10.38,roster,0,78.0,60.0,0.5571,55.03,5.081,0.6,0.9634,3.25,51.48,4.34,13.4,5.81,6.25
2020-08-01 20:00:00,20,25,25,1.0,8.0,14.0,2.0,0.0,1.0,6,6,5,2,7,2,32.083,252.0,111.0,310.0,32.083,4.0,11.16,roster,0,83.0,62.5,0.6288,73.71,3.8599,0.625,0.5376,3.32,53.62,6.08,26.8,7.21,7.75
2020-08-01 21:00:00,21,24,24,1.0,6.0,16.0,1.0,0.0,1.0,13,11,5,3,8,3,33.083,236.0,154.0,370.0,33.083,4.0,11.16,roster,0,79.0,60.0,0.6172,87.23,5.2195,0.6,0.9857,3.2917,51.48,6.95,40.2,8.6,9.25
2020-08-01 22:00:00,22,24,24,2.0,5.0,16.0,1.0,0.0,1.0,11,9,4,2,6,2,34.083,366.5,175.0,430.0,34.083,3.0,7.46,roster,0,80.0,60.0,0.7843,73.49,6.0214,0.6,1.2064,3.3333,51.48,5.21,26.8,10.0,10.75
2020-08-01 23:00:00,23,19,19,2.0,4.0,12.0,1.0,0.0,1.0,12,9,5,1,6,1,35.083,323.5,87.0,490.0,35.083,3.0,7.46,roster,0,64.0,47.5,0.6275,50.76,5.6638,0.475,1.2064,3.3684,40.75,5.21,13.4,11.39,12.25
2020-08-02 00:00:00,0,21,21,2.0,7.0,11.0,1.0,0.0,1.0,8,8,4,2,6,2,36.083,383.5,134.0,550.0,36.083,3.0,7.46,roster,0,73.0,52.5,0.7157,69.84,5.5528,0.525,1.0724,3.4762,45.04,5.21,26.8,12.79,13.75
2020-08-02 01:00:00,1,20,20,3.0,8.0,8.0,1.0,0.0,1.0,5,5,6,2,8,2,37.083,264.5,148.0,610.0,37.083,3.0,7.46,roster,0,73.0,50.0,0.7604,70.83,4.2714,0.5,0.6702,3.65,42.9,6.95,26.8,14.18,15.25
2020-08-02 02:00:00,2,19,19,3.0,7.0,8.0,1.0,0.0,1.0,4,4,8,1,9,1,38.083,208.0,131.0,612.0,38.083,3.0,7.46,roster,0,69.0,47.5,0.7419,56.2,3.6722,0.475,0.5362,3.6316,40.75,7.81,13.4,14.23,15.3
2020-08-02 03:00:00,3,27,27,2.0,7.0,13.0,5.0,0.0,1.0,12,12,8,1,9,1,39.083,268.0,191.0,672.0,39.083,3.0,7.46,roster,0,87.0,67.5,0.9355,74.75,7.3582,0.675,1.6086,3.2222,57.92,7.81,13.4,15.62,16.8
2020-08-02 04:00:00,4,22,22,2.0,8.0,9.0,3.0,0.0,1.0,2,2,8,3,11,3,40.083,256.0,223.0,732.0,40.083,3.0,7.46,roster,0,75.0,55.0,0.8621,93.96,2.789,0.55,0.2681,3.4091,47.19,9.55,40.2,17.02,18.3
2020-08-02 05:00:00,5,18,18,2.0,7.0,8.0,1.0,0.0,1.0,1,1,8,1,9,1,41.083,388.0,311.0,792.0,41.083,3.0,7.46,roster,0,64.0,45.0,0.6882,58.24,2.0766,0.45,0.134,3.5556,38.61,7.81,13.4,18.41,19.8
2020-08-02 06:00:00,6,19,19,2.0,7.0,8.0,2.0,0.0,1.0,2,2,8,1,9,1,42.083,448.0,371.0,852.0,42.083,3.0,7.46,roster,0,66.0,47.5,0.7097,61.78,2.5813,0.475,0.2681,3.4737,40.75,7.81,13.4,19.81,21.3
2020-08-02 07:00:00,7,22,22,2.0,8.0,11.0,1.0,0.0,1.0,5,5,8,1,9,1,43.083,508.0,431.0,912.0,43.083,3.0,7.46,roster,0,77.0,55.0,0.828,69.61,4.2708,0.55,0.6702,3.5,47.19,7.81,13.4,21.2,22.8
2020-08-02 08:00:00,8,22,22,2.0,7.0,11.0,2.0,0.0,1.0,4,4,10,0,10,0,44.083,493.5,463.0,972.0,44.083,3.0,7.31,roster,0,75.0,55.0,0.8333,58.47,3.7404,0.55,0.5472,3.4091,47.19,8.68,0.0,22.6,24.3
2020-08-02 09:00:00,9,27,27,4.0,7.0,14.0,2.0,0.0,1.0,11,11,8,0,8,0,45.083,530.5,133.0,674.0,45.083,3.0,7.31,roster,0,94.0,67.5,0.9792,60.53,7.5889,0.675,1.5048,3.4815,57.92,6.95,0.0,15.67,16.85
2020-08-02 10:00:00,10,31,31,3.0,9.0,16.0,3.0,0.0,1.0,12,13,8,1,9,1,46.083,127.0,116.0,616.0,46.083,4.0,10.56,roster,0,105.0,77.5,0.8468,82.03,6.7947,0.775,1.2311,3.3871,66.5,7.81,13.4,14.32,15.4
2020-08-02 11:00:00,11,27,27,0.0,6.0,20.0,1.0,0.0,1.0,12,11,5,0,5,0,11.883,85.0,79.0,93.0,2.733,4.0,10.56,roster,0,86.0,67.5,0.6143,44.42,5.4679,0.675,1.0417,3.1852,57.92,4.34,0.0,2.16,2.325
2020-08-02 12:00:00,12,25,25,0.0,5.0,20.0,0.0,0.0,1.0,7,5,5,0,5,0,12.883,139.0,133.0,153.0,3.733,4.0,10.56,roster,0,80.0,62.5,0.5714,41.52,3.5152,0.625,0.4735,3.2,53.62,4.34,0.0,3.56,3.825
2020-08-02 13:00:00,13,26,26,0.0,3.0,22.0,1.0,0.0,1.0,6,6,5,0,5,0,13.883,193.0,138.0,213.0,4.733,4.0,10.56,roster,0,80.0,65.0,0.5714,45.06,3.7483,0.65,0.5682,3.0769,55.77,4.34,0.0,4.95,5.325
2020-08-02 14:00:00,14,22,22,0.0,4.0,18.0,0.0,0.0,1.0,8,7,5,0,5,0,14.883,198.0,171.0,273.0,5.733,4.0,10.56,roster,0,70.0,55.0,0.5,37.88,3.8592,0.55,0.6629,3.1818,47.19,4.34,0.0,6.35,6.825
2020-08-02 15:00:00,15,20,20,0.0,7.0,13.0,0.0,0.0,1.0,11,10,2,0,2,0,15.883,368.5,333.0,404.0,6.733,4.0,10.56,roster,0,67.0,50.0,0.4408,34.03,4.8473,0.5,0.947,3.35,42.9,1.74,0.0,9.39,10.1
2020-08-02 16:00:00,16,20,20,0.0,10.0,9.0,1.0,0.0,1.0,13,11,5,0,5,0,7.733,98.0,81.0,393.0,7.733,4.0,10.56,roster,0,69.0,50.0,0.4929,36.38,5.3188,0.5,1.0417,3.45,42.9,4.34,0.0,9.14,9.825
2020-08-02 17:00:00,17,18,18,0.0,8.0,10.0,0.0,0.0,1.0,6,5,4,1,5,1,8.733,141.0,137.0,453.0,8.733,4.0,10.56,roster,0,62.0,45.0,0.4429,46.88,3.1809,0.45,0.4735,3.4444,38.61,4.34,13.4,10.53,11.325
2020-08-02 18:00:00,18,23,23,0.0,11.0,12.0,0.0,0.0,1.0,12,10,3,0,3,0,9.733,513.0,201.0,584.0,9.733,4.0,10.56,roster,0,80.0,57.5,0.5405,45.52,5.2938,0.575,0.947,3.4783,49.33,2.6,0.0,13.58,14.6
2020-08-02 19:00:00,19,25,25,0.0,7.0,18.0,0.0,0.0,1.0,8,8,5,0,5,0,10.733,106.0,95.0,573.0,10.733,4.0,10.56,roster,0,82.0,62.5,0.5857,51.29,4.5348,0.625,0.7576,3.28,53.62,4.34,0.0,13.32,14.325
2020-08-02 20:00:00,20,23,23,0.0,5.0,15.0,3.0,0.0,1.0,8,6,7,0,7,0,11.733,155.0,101.0,633.0,11.733,4.0,10.02,roster,0,71.0,57.5,0.5379,50.13,3.6235,0.575,0.5988,3.087,49.33,6.08,0.0,14.72,15.825
2020-08-02 21:00:00,21,28,28,0.0,4.0,23.0,1.0,0.0,1.0,16,13,5,0,5,0,12.733,226.0,215.0,693.0,12.733,4.0,10.02,roster,0,87.0,70.0,0.6214,60.51,6.2062,0.7,1.2974,3.1071,60.06,4.34,0.0,16.11,17.325
2020-08-02 22:00:00,22,33,33,0.0,7.0,26.0,0.0,0.0,1.0,17,15,8,0,8,0,13.733,150.0,97.0,286.0,13.733,3.0,6.77,roster,0,106.0,82.5,1.1042,64.38,9.767,0.825,2.2157,3.2121,70.78,6.95,0.0,6.65,7.15
2020-08-02 23:00:00,23,31,31,0.0,6.0,25.0,0.0,0.0,1.0,8,6,11,0,11,0,14.733,157.0,107.0,335.0,14.733,3.0,6.77,roster,0,99.0,77.5,1.1379,63.84,5.3053,0.775,0.8863,3.1935,66.5,9.55,0.0,7.79,8.375
2020-08-03 00:00:00,0,30,30,0.0,6.0,24.0,0.0,0.0,1.0,7,7,11,1,12,1,15.733,211.5,167.0,395.0,15.733,3.0,6.77,roster,0,96.0,75.0,1.1429,77.35,5.7087,0.75,1.034,3.2,64.35,10.42,13.4,9.18,9.875
2020-08-03 01:00:00,1,29,29,0.0,6.0,22.0,1.0,0.0,1.0,8,7,11,1,12,1,16.733,271.5,227.0,455.0,16.733,3.0,6.77,roster,0,92.0,72.5,1.0952,76.6,5.5802,0.725,1.034,3.1724,62.2,10.42,13.4,10.58,11.375
2020-08-03 02:00:00,2,27,27,0.0,6.0,21.0,0.0,0.0,1.0,3,3,13,1,14,1,17.733,320.0,250.0,433.0,17.733,3.0,6.77,roster,0,87.0,67.5,1.1154,73.54,3.6029,0.675,0.4431,3.2222,57.92,12.16,13.4,10.07,10.825
2020-08-03 03:00:00,3,26,26,0.0,6.0,20.0,0.0,0.0,1.0,3,3,13,1,14,1,18.733,380.0,310.0,493.0,18.733,3.0,6.77,roster,0,84.0,65.0,1.0769,72.79,3.5317,0.65,0.4431,3.2308,55.77,12.16,13.4,11.46,12.325
2020-08-03 04:00:00,4,23,23,0.0,4.0,19.0,0.0,0.0,1.0,3,3,12,0,12,0,19.733,451.5,404.0,635.0,19.733,3.0,6.77,roster,0,73.0,57.5,0.869,54.52,3.2315,0.575,0.4431,3.1739,49.33,10.42,0.0,14.76,15.875
2020-08-03 05:00:00,5,24,24,0.0,5.0,19.0,0.0,0.0,1.0,4,4,13,0,13,0,20.733,506.0,430.0,613.0,20.733,3.0,6.77,roster,0,77.0,60.0,0.9506,57.02,3.8206,0.6,0.5908,3.2083,51.48,11.29,0.0,14.25,15.325
2020-08-03 06:00:00,6,24,24,0.0,5.0,19.0,0.0,0.0,1.0,0,0,15,0,15,0,21.733,554.0,216.0,673.0,21.733,3.0,6.77,roster,0,77.0,60.0,1.0267,60.15,1.925,0.6,0.0,3.2083,51.48,13.02,0.0,15.65,16.825
2020-08-03 07:00:00,7,24,24,0.0,5.0,19.0,0.0,0.0,1.0,3,3,14,0,14,0,22.733,620.0,413.0,733.0,22.733,3.0,6.77,roster,0,77.0,60.0,0.9872,60.68,3.3467,0.6,0.4431,3.2083,51.48,12.16,0.0,17.04,18.325
2020-08-03 08:00:00,8,28,28,0.0,6.0,22.0,0.0,0.0,1.0,7,7,15,0,15,0,23.733,674.0,336.0,793.0,23.733,3.0,6.6,roster,0,90.0,70.0,1.2,71.52,5.6591,0.7,1.0606,3.2143,60.06,13.02,0.0,18.44,19.825
2020-08-03 09:00:00,9,21,21,0.0,4.0,17.0,0.0,0.0,1.0,4,3,10,1,11,1,24.733,396.0,84.0,853.0,24.733,3.0,6.6,roster,0,67.0,52.5,0.7701,67.83,3.1252,0.525,0.4545,3.1905,45.04,9.55,13.4,19.83,21.325
2020-08-03 10:00:00,10,20,20,1.0,4.0,14.0,1.0,0.0,1.0,6,5,9,1,10,1,25.733,200.5,131.0,827.0,25.733,4.0,11.32,roster,0,65.0,50.0,0.5417,64.21,3.0605,0.5,0.4417,3.25,42.9,8.68,13.4,19.23,20.675
2020-08-03 11:00:00,11,22,22,2.0,6.0,13.0,1.0,0.0,1.0,3,3,11,1,12,1,26.733,216.5,182.0,887.0,26.733,4.0,11.32,roster,0,75.0,55.0,0.6696,71.63,2.7785,0.55,0.265,3.4091,47.19,10.42,13.4,20.62,22.175
2020-08-03 12:00:00,12,21,21,2.0,6.0,12.0,1.0,0.0,1.0,2,2,11,3,14,3,27.733,257.5,154.0,576.0,27.733,4.0,11.32,roster,0,72.0,52.5,0.6923,90.79,2.4058,0.525,0.1767,3.4286,45.04,12.16,40.2,13.39,14.4
2020-08-03 13:00:00,13,25,25,2.0,6.0,16.0,1.0,0.0,1.0,5,5,11,3,14,3,19.583,306.5,195.0,412.0,19.583,4.0,11.32,roster,0,84.0,62.5,0.8077,95.56,3.5841,0.625,0.4417,3.36,53.62,12.16,40.2,9.58,10.3
2020-08-03 14:00:00,14,28,28,2.0,4.0,21.0,1.0,0.0,1.0,9,9,8,2,10,2,17.783,339.0,194.0,472.0,17.783,4.0,11.32,roster,0,91.0,70.0,0.7583,86.52,4.8589,0.7,0.7951,3.25,60.06,8.68,26.8,10.97,11.8
2020-08-03 15:00:00,15,21,21,1.0,3.0,16.0,1.0,0.0,1.0,6,4,7,1,8,1,11.733,294.0,182.0,422.0,8.867,4.0,11.32,roster,0,67.0,52.5,0.5234,55.2,2.8024,0.525,0.3534,3.1905,45.04,6.95,13.4,9.81,10.55
2020-08-03 16:00:00,16,23,23,1.0,4.0,17.0,1.0,0.0,1.0,7,7,8,0,8,0,12.733,318.0,202.0,482.0,9.867,4.0,11.32,roster,0,74.0,57.5,0.5781,47.49,3.8396,0.575,0.6184,3.2174,49.33,6.95,0.0,11.21,12.05
2020-08-03 17:00:00,17,23,23,0.0,4.0,18.0,1.0,0.0,1.0,4,5,10,0,10,0,13.733,247.5,83.0,496.0,10.867,4.0,11.32,roster,0,72.0,57.5,0.6,49.55,3.1827,0.575,0.4417,3.1304,49.33,8.68,0.0,11.53,12.4
2020-08-03 18:00:00,18,19,19,0.0,5.0,14.0,0.0,0.0,1.0,1,1,11,0,11,0,11.867,293.0,140.0,556.0,11.867,4.0,11.32,roster,0,62.0,47.5,0.5345,43.23,1.8383,0.475,0.0883,3.2632,40.75,9.55,0.0,12.93,13.9
2020-08-03 19:00:00,19,20,20,0.0,4.0,15.0,1.0,0.0,1.0,6,6,7,0,7,0,9.567,250.0,180.0,382.0,9.567,4.0,11.32,roster,0,63.0,50.0,0.4773,37.86,3.2446,0.5,0.53,3.15,42.9,6.08,0.0,8.88,9.55
2020-08-03 20:00:00,20,17,17,0.0,3.0,12.0,2.0,0.0,1.0,5,3,5,0,5,0,10.567,240.0,195.0,413.0,10.567,4.0,11.22,roster,0,52.0,42.5,0.3714,30.41,2.1179,0.425,0.2674,3.0588,36.46,4.34,0.0,9.6,10.325
2020-08-03 21:00:00,21,21,21,0.0,6.0,14.0,1.0,0.0,1.0,8,7,7,0,7,0,11.567,137.0,66.0,473.0,11.567,4.0,11.22,roster,0,68.0,52.5,0.5152,42.12,3.7202,0.525,0.6239,3.2381,45.04,6.08,0.0,11.0,11.825
2020-08-03 22:00:00,22,19,19,0.0,5.0,13.0,1.0,0.0,1.0,5,3,9,1,10,1,12.567,123.5,110.0,360.0,12.567,3.0,6.5,roster,0,61.0,47.5,0.6778,51.21,3.0068,0.475,0.4615,3.2105,40.75,8.68,13.4,8.37,9.0
2020-08-03 23:00:00,23,18,18,0.0,4.0,12.0,2.0,0.0,1.0,2,1,11,0,11,0,13.567,181.0,126.0,420.0,13.567,3.0,6.5,roster,0,56.0,45.0,0.6437,37.93,1.8786,0.45,0.1538,3.1111,38.61,9.55,0.0,9.76,10.5
2020-08-04 00:00:00,0,15,15,0.0,3.0,10.0,2.0,0.0,1.0,4,1,10,0,10,0,14.567,243.5,186.0,480.0,14.567,3.0,6.5,roster,0,46.0,37.5,0.5111,32.02,1.6218,0.375,0.1538,3.0667,32.17,8.68,0.0,11.16,12.0
2020-08-04 01:00:00,1,17,17,0.0,4.0,11.0,2.0,0.0,1.0,4,3,10,0,10,0,15.567,303.5,246.0,540.0,15.567,3.0,6.5,roster,0,53.0,42.5,0.5889,37.7,2.7639,0.425,0.4615,3.1176,36.46,8.68,0.0,12.56,13.5
2020-08-04 02:00:00,2,18,18,0.0,4.0,13.0,1.0,0.0,1.0,5,5,10,0,10,0,16.567,363.5,306.0,600.0,16.567,3.0,6.5,roster,0,57.0,45.0,0.6333,41.24,3.8609,0.45,0.7692,3.1667,38.61,8.68,0.0,13.95,15.0
2020-08-04 03:00:00,3,20,20,0.0,5.0,14.0,1.0,0.0,1.0,3,3,10,0,10,0,17.567,423.5,366.0,660.0,17.567,3.0,6.5,roster,0,64.0,50.0,0.7111,46.93,3.0769,0.5,0.4615,3.2,42.9,8.68,0.0,15.34,16.5
2020-08-04 04:00:00,4,20,20,0.0,6.0,13.0,1.0,0.0,1.0,3,2,10,0,10,0,18.567,483.5,426.0,720.0,18.567,3.0,6.5,roster,0,65.0,50.0,0.7222,48.32,2.625,0.5,0.3077,3.25,42.9,8.68,0.0,16.74,18.0
2020-08-04 05:00:00,5,20,20,0.0,6.0,13.0,1.0,0.0,1.0,0,0,11,0,11,0,19.567,541.0,466.0,780.0,19.567,3.0,6.5,roster,0,65.0,50.0,0.7471,50.59,1.625,0.5,0.0,3.25,42.9,9.55,0.0,18.14,19.5
2020-08-04 06:00:00,6,19,19,0.0,4.0,14.0,1.0,0.0,1.0,2,2,11,0,11,0,20.567,601.0,526.0,840.0,20.567,3.0,6.5,roster,0,60.0,47.5,0.6897,49.84,2.4717,0.475,0.3077,3.1579,40.75,9.55,0.0,19.53,21.0
2020-08-04 07:00:00,7,22,22,0.0,6.0,15.0,1.0,0.0,1.0,4,4,11,0,11,0,21.567,661.0,586.0,900.0,21.567,3.0,6.5,roster,0,71.0,55.0,0.8161,57.67,3.761,0.55,0.6154,3.2273,47.19,9.55,0.0,20.92,22.5
2020-08-04 08:00:00,8,21,21,0.0,6.0,14.0,1.0,0.0,1.0,3,3,12,0,12,0,22.567,715.5,646.0,960.0,22.567,3.0,7.22,roster,0,68.0,52.5,0.8095,57.78,3.0455,0.525,0.4155,3.2381,45.04,10.42,0.0,22.32,24.0
2020-08-04 09:00:00,9,17,17,1.0,5.0,11.0,0.0,0.0,1.0,4,4,6,0,6,0,23.567,590.0,152.0,1193.0,23.567,3.0,7.22,roster,0,58.0,42.5,0.5686,49.41,3.3402,0.425,0.554,3.4118,36.46,5.21,0.0,27.74,29.825
2020-08-04 10:00:00,10,20,20,1.0,4.0,13.0,2.0,0.0,1.0,10,10,4,1,5,1,18.967,133.0,114.0,212.0,6.967,4.0,11.94,roster,0,64.0,50.0,0.4571,45.57,4.2801,0.5,0.8375,3.2,42.9,4.34,13.4,4.93,5.3
2020-08-04 11:00:00,11,16,16,0.0,4.0,11.0,1.0,0.0,1.0,3,3,7,0,7,0,19.967,174.0,106.0,272.0,7.967,4.0,11.94,roster,0,51.0,40.0,0.3864,26.72,2.0759,0.4,0.2513,3.1875,34.32,6.08,0.0,6.32,6.8
2020-08-04 12:00:00,12,19,19,0.0,3.0,15.0,1.0,0.0,1.0,7,6,6,0,6,0,20.967,167.5,148.0,332.0,8.967,4.0,11.94,roster,0,59.0,47.5,0.4338,33.68,3.0354,0.475,0.5025,3.1053,40.75,5.21,0.0,7.72,8.3
2020-08-04 13:00:00,13,20,20,0.0,0.0,20.0,0.0,0.0,1.0,7,6,5,0,5,0,11.8,208.0,160.0,226.0,3.817,4.0,11.94,roster,0,60.0,50.0,0.4286,32.5,3.0075,0.5,0.5025,3.0,42.9,4.34,0.0,5.25,5.65
2020-08-04 14:00:00,14,21,21,0.0,1.0,20.0,0.0,0.0,1.0,8,8,5,0,5,0,4.767,159.0,115.0,220.0,4.767,4.0,11.94,roster,0,64.0,52.5,0.4571,34.5,3.642,0.525,0.67,3.0476,45.04,4.34,0.0,5.12,5.5
2020-08-04 15:00:00,15,16,16,0.0,1.0,15.0,0.0,0.0,1.0,5,5,5,0,5,0,4.95,175.0,133.0,219.0,4.667,4.0,11.94,roster,0,49.0,40.0,0.35,23.75,2.5075,0.4,0.4188,3.0625,34.32,4.34,0.0,5.09,5.475
2020-08-04 16:00:00,16,18,18,0.0,2.0,16.0,0.0,0.0,1.0,6,6,8,0,8,0,5.667,148.5,95.0,279.0,5.667,4.0,11.94,roster,0,56.0,45.0,0.4375,32.04,2.9634,0.45,0.5025,3.1111,38.61,6.95,0.0,6.49,6.975
2020-08-04 17:00:00,17,22,22,0.0,3.0,19.0,0.0,0.0,1.0,7,6,9,0,9,0,5.65,155.0,141.0,253.0,5.65,4.0,11.94,roster,0,69.0,55.0,0.5565,40.89,3.3011,0.55,0.5025,3.1364,47.19,7.81,0.0,5.88,6.325
2020-08-04 18:00:00,18,23,23,1.0,3.0,19.0,0.0,0.0,1.0,10,9,6,1,7,1,5.917,201.0,121.0,215.0,5.917,4.0,11.94,roster,0,74.0,57.5,0.5606,53.81,4.2752,0.575,0.7538,3.2174,49.33,6.08,13.4,5.0,5.375
2020-08-04 19:00:00,19,18,18,0.0,1.0,17.0,0.0,0.0,1.0,2,2,5,1,6,1,6.75,190.0,98.0,261.0,4.583,4.0,11.94,roster,0,55.0,45.0,0.4044,43.29,1.8868,0.45,0.1675,3.0556,38.61,5.21,13.4,6.07,6.525
2020-08-04 20:00:00,20,23,23,1.0,2.0,18.0,2.0,0.0,1.0,11,11,4,1,5,1,7.75,275.0,225.0,321.0,5.583,4.0,12.46,roster,0,71.0,57.5,0.5071,54.54,4.5002,0.575,0.8828,3.087,49.33,4.34,13.4,7.46,8.025
2020-08-04 21:00:00,21,28,28,1.0,5.0,19.0,3.0,0.0,1.0,10,9,7,1,8,1,8.75,251.5,88.0,381.0,6.583,4.0,12.46,roster,0,88.0,70.0,0.6875,69.26,4.4701,0.7,0.7223,3.1429,60.06,6.95,13.4,8.86,9.525
2020-08-04 22:00:00,22,28,28,1.0,8.0,18.0,1.0,0.0,1.0,9,8,8,2,10,2,9.75,213.0,95.0,395.0,7.583,3.0,7.74,roster,0,93.0,70.0,1.0333,84.73,5.758,0.7,1.0336,3.3214,60.06,8.68,26.8,9.18,9.875
2020-08-04 23:00:00,23,29,29,0.0,8.0,19.0,2.0,0.0,1.0,8,7,8,1,9,1,8.583,338.0,131.0,455.0,8.583,3.0,7.74,roster,0,93.0,72.5,1.0,74.0,5.2253,0.725,0.9044,3.2069,62.2,7.81,13.4,10.58,11.375
2020-08-05 00:00:00,0,31,31,0.0,9.0,21.0,1.0,0.0,1.0,6,5,9,2,11,2,9.583,215.0,147.0,515.0,9.583,3.0,7.74,roster,0,101.0,77.5,1.1609,94.82,4.6297,0.775,0.646,3.2581,66.5,9.55,26.8,11.97,12.875
2020-08-05 01:00:00,1,30,30,0.0,9.0,20.0,1.0,0.0,1.0,4,4,9,2,11,2,10.583,251.0,161.0,525.0,10.583,3.0,7.74,roster,0,98.0,75.0,1.1264,92.91,4.1382,0.75,0.5168,3.2667,64.35,9.55,26.8,12.21,13.125
2020-08-05 02:00:00,2,25,25,0.0,7.0,17.0,1.0,0.0,1.0,3,3,11,2,13,2,11.583,288.0,208.0,518.0,11.583,3.0,7.74,roster,0,81.0,62.5,1.0,83.76,3.2808,0.625,0.3876,3.24,53.62,11.29,26.8,12.04,12.95
2020-08-05 03:00:00,3,23,23,0.0,7.0,15.0,1.0,0.0,1.0,2,1,11,2,13,2,12.583,348.0,268.0,578.0,12.583,3.0,7.74,roster,0,75.0,57.5,0.9259,80.86,2.2963,0.575,0.1292,3.2609,49.33,11.29,26.8,13.44,14.45
2020-08-05 04:00:00,4,23,23,0.0,8.0,14.0,1.0,0.0,1.0,1,1,11,2,13,2,13.583,408.0,328.0,638.0,13.583,3.0,7.74,roster,0,76.0,57.5,0.9383,82.26,2.3269,0.575,0.1292,3.3043,49.33,11.29,26.8,14.83,15.95
2020-08-05 05:00:00,5,23,23,0.0,7.0,15.0,1.0,0.0,1.0,2,1,11,2,13,2,14.583,468.0,388.0,698.0,14.583,3.0,7.74,roster,0,75.0,57.5,0.9259,83.65,2.2963,0.575,0.1292,3.2609,49.33,11.29,26.8,16.23,17.45
2020-08-05 06:00:00,6,24,24,0.0,7.0,15.0,2.0,0.0,1.0,1,1,11,2,13,2,15.583,528.0,448.0,758.0,15.583,3.0,7.74,roster,0,77.0,60.0,0.9506,87.19,2.3395,0.6,0.1292,3.2083,51.48,11.29,26.8,17.62,18.95
2020-08-05 07:00:00,7,27,27,0.0,6.0,20.0,1.0,0.0,1.0,7,7,11,1,12,1,16.583,599.5,521.0,885.0,16.583,3.0,7.74,roster,0,86.0,67.5,1.0238,82.31,5.0307,0.675,0.9044,3.1852,57.92,10.42,13.4,20.58,22.125
2020-08-05 08:00:00,8,27,27,0.0,7.0,18.0,2.0,0.0,1.0,6,5,14,1,15,1,17.583,627.0,431.0,878.0,17.583,3.0,6.51,roster,0,86.0,67.5,1.1467,84.75,4.5964,0.675,0.768,3.1852,57.92,13.02,13.4,20.41,21.95
2020-08-05 09:00:00,9,24,24,0.0,8.0,15.0,1.0,0.0,1.0,5,4,8,2,10,2,18.583,674.5,146.0,1005.0,18.583,3.0,6.51,roster,0,79.0,60.0,0.8778,90.33,3.9975,0.6,0.6144,3.2917,51.48,8.68,26.8,23.37,25.125
2020-08-05 10:00:00,10,24,24,0.0,11.0,13.0,0.0,0.0,1.0,7,6,6,2,8,2,18.583,659.5,206.0,1065.0,18.583,4.0,10.21,roster,0,83.0,60.0,0.6484,89.99,4.1073,0.6,0.5877,3.4583,51.48,6.95,26.8,24.76,26.625
2020-08-05 11:00:00,11,26,26,1.0,12.0,13.0,0.0,0.0,1.0,6,6,7,1,8,1,18.75,428.0,94.0,851.0,18.75,4.0,10.21,roster,0,92.0,65.0,0.7188,75.9,4.3794,0.65,0.5877,3.5385,55.77,6.95,13.4,19.79,21.275
2020-08-05 12:00:00,12,30,30,3.0,13.0,14.0,0.0,0.0,1.0,8,9,8,2,10,2,19.75,229.5,102.0,888.0,19.75,4.0,10.21,roster,0,109.0,75.0,0.9083,100.48,5.9277,0.75,0.8815,3.6333,64.35,8.68,26.8,20.65,22.2
2020-08-05 13:00:00,13,33,33,3.0,14.0,16.0,0.0,0.0,1.0,8,8,9,3,12,3,20.75,212.5,158.0,948.0,20.75,4.0,10.21,roster,0,119.0,82.5,1.0625,123.45,5.8005,0.825,0.7835,3.6061,70.78,10.42,40.2,22.04,23.7
2020-08-05 14:00:00,14,38,38,2.0,17.0,19.0,0.0,0.0,1.0,9,10,10,1,11,1,17.817,222.0,135.0,791.0,17.183,4.0,10.21,roster,0,135.0,95.0,1.1638,102.85,6.8546,0.95,0.9794,3.5526,81.51,9.55,13.4,18.39,19.775
2020-08-05 15:00:00,15,32,32,1.0,11.0,20.0,0.0,0.0,1.0,7,6,8,0,8,0,17.633,236.0,159.0,331.0,5.567,4.0,10.21,roster,0,109.0,80.0,0.8516,63.28,4.7267,0.8,0.5877,3.4062,68.64,6.95,0.0,7.7,8.275
2020-08-05 16:00:00,16,32,32,1.0,9.0,20.0,2.0,0.0,1.0,7,6,6,0,6,0,18.633,175.0,115.0,263.0,5.483,4.0,10.21,roster,0,105.0,80.0,0.7721,59.96,4.5533,0.8,0.5877,3.2812,68.64,5.21,0.0,6.11,6.575
2020-08-05 17:00:00,17,28,28,2.0,8.0,18.0,0.0,0.0,1.0,9,9,5,0,5,0,19.633,216.0,175.0,323.0,6.483,4.0,10.21,roster,0,96.0,70.0,0.6857,51.91,5.4222,0.7,0.8815,3.4286,60.06,4.34,0.0,7.51,8.075
2020-08-05 18:00:00,18,31,31,1.0,9.0,19.0,2.0,0.0,1.0,8,7,5,1,6,1,20.633,213.0,114.0,276.0,7.483,4.0,10.21,roster,0,102.0,77.5,0.75,71.52,4.8059,0.775,0.6856,3.2903,66.5,5.21,13.4,6.42,6.9
2020-08-05 19:00:00,19,26,26,1.0,10.0,15.0,0.0,0.0,1.0,6,6,7,1,8,1,21.633,212.5,126.0,336.0,8.483,4.0,10.21,roster,0,90.0,65.0,0.7031,63.93,4.2842,0.65,0.5877,3.4615,55.77,6.95,13.4,7.81,8.4
2020-08-05 20:00:00,20,25,25,1.0,7.0,17.0,0.0,0.0,1.0,6,5,8,0,8,0,12.167,203.0,141.0,355.0,9.483,4.0,10.05,roster,0,84.0,62.5,0.6562,48.83,3.7716,0.625,0.4975,3.36,53.62,6.95,0.0,8.25,8.875
2020-08-05 21:00:00,21,28,28,2.0,8.0,17.0,1.0,0.0,1.0,12,10,7,0,7,0,13.167,201.0,129.0,371.0,10.483,4.0,10.05,roster,0,95.0,70.0,0.7197,54.76,5.751,0.7,0.995,3.3929,60.06,6.08,0.0,8.63,9.275
2020-08-05 22:00:00,22,23,23,0.0,5.0,18.0,0.0,0.0,1.0,11,10,5,0,5,0,14.167,189.0,134.0,261.0,7.183,3.0,6.35,roster,0,74.0,57.5,0.7048,39.74,6.9168,0.575,1.5748,3.2174,49.33,4.34,0.0,6.07,6.525
2020-08-05 23:00:00,23,25,25,0.0,4.0,21.0,0.0,0.0,1.0,10,9,7,0,7,0,14.267,194.0,89.0,321.0,8.183,3.0,6.35,roster,0,79.0,62.5,0.798,47.17,6.4537,0.625,1.4173,3.16,53.62,6.08,0.0,7.46,8.025
2020-08-06 00:00:00,0,29,29,0.0,6.0,23.0,0.0,0.0,1.0,10,10,11,0,11,0,15.267,149.0,113.0,309.0,9.183,3.0,6.35,roster,0,93.0,72.5,1.069,58.94,7.3752,0.725,1.5748,3.2069,62.2,9.55,0.0,7.18,7.725
2020-08-06 01:00:00,1,26,26,0.0,5.0,21.0,0.0,0.0,1.0,3,3,12,0,12,0,16.267,195.0,173.0,369.0,10.183,3.0,6.35,roster,0,83.0,65.0,0.9881,54.77,3.5832,0.65,0.4724,3.1923,55.77,10.42,0.0,8.58,9.225
2020-08-06 02:00:00,2,21,21,0.0,5.0,16.0,0.0,0.0,1.0,3,3,11,0,11,0,17.267,269.0,196.0,429.0,11.183,3.0,6.35,roster,0,68.0,52.5,0.7816,44.57,3.2298,0.525,0.4724,3.2381,45.04,9.55,0.0,9.97,10.725
2020-08-06 03:00:00,3,21,21,0.0,5.0,16.0,0.0,0.0,1.0,3,2,11,0,11,0,18.267,329.0,256.0,489.0,12.183,3.0,6.35,roster,0,68.0,52.5,0.7816,45.97,2.7199,0.525,0.315,3.2381,45.04,9.55,0.0,11.37,12.225
2020-08-06 04:00:00,4,20,20,0.0,6.0,12.0,2.0,0.0,1.0,3,3,11,0,11,0,19.267,389.0,316.0,549.0,13.183,3.0,6.35,roster,0,64.0,50.0,0.7356,45.22,3.1118,0.5,0.4724,3.2,42.9,9.55,0.0,12.76,13.725
2020-08-06 05:00:00,5,19,19,0.0,6.0,12.0,1.0,0.0,1.0,2,1,12,0,12,0,20.267,435.0,376.0,609.0,14.183,3.0,6.35,roster,0,62.0,47.5,0.7381,45.33,2.0639,0.475,0.1575,3.2632,40.75,10.42,0.0,14.16,15.225
2020-08-06 06:00:00,6,21,21,0.0,6.0,15.0,0.0,0.0,1.0,4,4,12,0,12,0,15.183,495.0,436.0,669.0,15.183,3.0,6.35,roster,0,69.0,52.5,0.8214,51.02,3.7947,0.525,0.6299,3.2857,45.04,10.42,0.0,15.55,16.725
2020-08-06 07:00:00,7,23,23,0.0,6.0,17.0,0.0,0.0,1.0,5,6,12,0,12,0,16.183,555.0,496.0,729.0,16.183,3.0,6.35,roster,0,75.0,57.5,0.8929,56.7,4.9561,0.575,0.9449,3.2609,49.33,10.42,0.0,16.95,18.225
2020-08-06 08:00:00,8,24,24,0.0,6.0,17.0,1.0,0.0,1.0,4,4,15,0,15,0,17.183,593.0,284.0,734.0,17.183,3.0,7.31,roster,0,77.0,60.0,1.0267,61.57,3.6806,0.6,0.5472,3.2083,51.48,13.02,0.0,17.07,18.35
2020-08-06 09:00:00,9,22,22,0.0,4.0,17.0,1.0,0.0,1.0,4,4,11,0,11,0,15.35,344.0,131.0,653.0,15.35,3.0,7.31,roster,0,69.0,55.0,0.7931,51.92,3.4412,0.55,0.5472,3.1364,47.19,9.55,0.0,15.18,16.325
2020-08-06 10:00:00,10,24,24,0.0,4.0,19.0,1.0,0.0,1.0,7,7,11,0,11,0,16.35,202.0,147.0,713.0,16.35,4.0,10.65,roster,0,75.0,60.0,0.6466,57.61,3.929,0.6,0.6573,3.125,51.48,9.55,0.0,16.58,17.825
2020-08-06 11:00:00,11,26,26,1.0,5.0,20.0,0.0,0.0,1.0,8,8,11,0,11,0,17.35,251.0,121.0,773.0,17.35,4.0,10.65,roster,0,85.0,65.0,0.7328,63.29,4.5808,0.65,0.7512,3.2692,55.77,9.55,0.0,17.97,19.325
2020-08-06 12:00:00,12,33,33,1.0,7.0,24.0,1.0,0.0,1.0,9,10,14,0,14,0,18.35,248.0,124.0,524.0,18.35,4.0,10.65,roster,0,107.0,82.5,1.0288,75.12,5.7195,0.825,0.939,3.2424,70.78,12.16,0.0,12.18,13.1
2020-08-06 13:00:00,13,35,35,0.0,7.0,28.0,0.0,0.0,1.0,6,7,14,1,15,1,19.35,289.0,175.0,584.0,19.35,4.0,10.65,roster,0,112.0,87.5,1.12,95.08,4.9033,0.875,0.6573,3.2,75.08,13.02,13.4,13.58,14.6
2020-08-06 14:00:00,14,35,35,0.0,9.0,26.0,0.0,0.0,1.0,5,5,15,1,16,1,20.35,289.5,226.0,644.0,20.35,4.0,10.65,roster,0,114.0,87.5,1.1875,97.34,4.3792,0.875,0.4695,3.2571,75.08,13.89,13.4,14.97,16.1
2020-08-06 15:00:00,15,37,37,0.0,11.0,26.0,0.0,0.0,1.0,8,8,13,1,14,1,21.35,321.0,170.0,704.0,21.35,4.0,10.65,roster,0,122.0,92.5,1.1731,101.29,5.5268,0.925,0.7512,3.2973,79.36,12.16,13.4,16.37,17.6
2020-08-06 16:00:00,16,38,38,0.0,12.0,26.0,0.0,0.0,1.0,4,4,11,1,12,1,22.35,304.0,220.0,764.0,22.35,4.0,10.65,roster,0,126.0,95.0,1.125,103.09,4.3954,0.95,0.3756,3.3158,81.51,10.42,13.4,17.76,19.1
2020-08-06 17:00:00,17,34,34,0.0,9.0,25.0,0.0,0.0,1.0,5,5,10,1,11,1,23.35,415.0,227.0,824.0,23.35,4.0,10.65,roster,0,111.0,85.0,0.9569,95.04,4.3077,0.85,0.4695,3.2647,72.93,9.55,13.4,19.16,20.6
2020-08-06 18:00:00,18,28,28,0.0,8.0,19.0,1.0,0.0,1.0,5,5,8,1,9,1,21.567,350.0,254.0,475.0,21.567,4.0,10.65,roster,0,91.0,70.0,0.7339,72.32,3.8008,0.7,0.4695,3.25,60.06,7.81,13.4,11.04,11.875
2020-08-06 19:00:00,19,21,21,0.0,5.0,16.0,0.0,0.0,1.0,5,5,4,1,5,1,15.733,293.0,117.0,314.0,15.733,4.0,10.65,roster,0,68.0,52.5,0.4857,50.09,3.2202,0.525,0.4695,3.2381,45.04,4.34,13.4,7.3,7.85
2020-08-06 20:00:00,20,26,26,0.0,4.0,22.0,0.0,0.0,1.0,8,8,4,1,5,1,16.733,353.0,177.0,374.0,16.733,4.0,9.84,roster,0,82.0,65.0,0.5857,62.21,4.6141,0.65,0.813,3.1538,55.77,4.34,13.4,8.7,9.35
2020-08-06 21:00:00,21,28,28,1.0,3.0,22.0,2.0,0.0,1.0,11,10,5,1,6,1,17.733,325.0,205.0,434.0,17.733,4.0,9.84,roster,0,87.0,70.0,0.6397,68.76,5.3327,0.7,1.0163,3.1071,60.06,5.21,13.4,10.09,10.85
2020-08-06 22:00:00,22,25,25,0.0,2.0,22.0,1.0,0.0,1.0,9,8,5,0,5,0,18.733,127.0,117.0,473.0,18.733,3.0,6.5,roster,0,76.0,62.5,0.7238,48.96,5.6415,0.625,1.2308,3.04,53.62,4.34,0.0,11.0,11.825
2020-08-06 23:00:00,23,23,23,0.0,2.0,19.0,2.0,0.0,1.0,9,8,6,0,6,0,19.733,152.0,101.0,533.0,19.733,3.0,6.5,roster,0,69.0,57.5,0.6765,46.94,5.4173,0.575,1.2308,3.0,49.33,5.21,0.0,12.39,13.325
2020-08-07 00:00:00,0,23,23,0.0,2.0,20.0,1.0,0.0,1.0,7,5,8,0,8,0,20.733,174.0,125.0,593.0,20.733,3.0,6.5,roster,0,70.0,57.5,0.7292,50.07,4.0911,0.575,0.7692,3.0435,49.33,6.95,0.0,13.79,14.825
2020-08-07 01:00:00,1,27,27,0.0,3.0,23.0,1.0,0.0,1.0,7,6,9,0,9,0,21.733,221.0,161.0,297.0,21.733,3.0,6.5,roster,0,83.0,67.5,0.8925,52.64,4.9126,0.675,0.9231,3.0741,57.92,7.81,0.0,6.91,7.425
2020-08-07 02:00:00,2,29,29,0.0,3.0,25.0,1.0,0.0,1.0,5,4,11,0,11,0,22.733,245.0,167.0,357.0,22.733,3.0,6.5,roster,0,89.0,72.5,1.023,60.06,4.1136,0.725,0.6154,3.069,62.2,9.55,0.0,8.3,8.925
2020-08-07 03:00:00,3,27,27,0.0,3.0,23.0,1.0,0.0,1.0,3,2,11,0,11,0,23.733,305.0,227.0,417.0,23.733,3.0,6.5,roster,0,83.0,67.5,0.954,57.16,3.0209,0.675,0.3077,3.0741,57.92,9.55,0.0,9.7,10.425
2020-08-07 04:00:00,4,27,27,0.0,3.0,22.0,2.0,0.0,1.0,2,2,11,0,11,0,24.733,365.0,287.0,477.0,24.733,3.0,6.5,roster,0,82.0,67.5,0.9425,58.56,2.9845,0.675,0.3077,3.037,57.92,9.55,0.0,11.09,11.925
2020-08-07 05:00:00,5,28,28,0.0,3.0,24.0,1.0,0.0,1.0,3,2,11,0,11,0,25.733,425.0,347.0,537.0,25.733,3.0,6.5,roster,0,86.0,70.0,0.9885,62.1,3.0951,0.7,0.3077,3.0714,60.06,9.55,0.0,12.49,13.425
2020-08-07 06:00:00,6,26,26,0.0,3.0,22.0,1.0,0.0,1.0,1,1,11,0,11,0,26.733,485.0,407.0,597.0,26.733,3.0,6.5,roster,0,80.0,65.0,0.9195,59.2,2.4734,0.65,0.1538,3.0769,55.77,9.55,0.0,13.88,14.925
2020-08-07 07:00:00,7,25,25,0.0,3.0,21.0,1.0,0.0,1.0,3,3,11,0,11,0,27.733,545.0,467.0,657.0,27.733,3.0,6.5,roster,0,77.0,62.5,0.8851,58.45,3.3465,0.625,0.4615,3.08,53.62,9.55,0.0,15.28,16.425
2020-08-07 08:00:00,8,26,26,0.0,4.0,22.0,0.0,0.0,1.0,2,2,12,0,12,0,28.733,593.0,527.0,717.0,28.733,3.0,8.06,roster,0,82.0,65.0,0.9762,62.86,2.8326,0.65,0.2481,3.1538,55.77,10.42,0.0,16.67,17.925
2020-08-07 09:00:00,9,22,22,1.0,3.0,18.0,0.0,0.0,1.0,3,3,5,0,5,0,29.733,641.0,587.0,1133.0,29.733,3.0,8.06,roster,0,71.0,55.0,0.6762,57.87,2.9762,0.55,0.3722,3.2273,47.19,4.34,0.0,26.34,28.325
2020-08-07 10:00:00,10,17,17,1.0,3.0,12.0,1.0,0.0,1.0,3,3,3,0,3,0,30.733,1193.0,189.0,1844.0,30.733,4.0,11.76,roster,0,55.0,42.5,0.3716,61.94,2.2003,0.425,0.2551,3.2353,36.46,2.6,0.0,42.87,46.1
2020-08-07 11:00:00,11,21,21,0.0,3.0,18.0,0.0,0.0,1.0,10,9,2,0,2,0,23.0,751.0,249.0,1253.0,20.883,4.0,11.76,roster,0,66.0,52.5,0.4342,55.91,4.0552,0.525,0.7653,3.1429,45.04,1.74,0.0,29.13,31.325
2020-08-07 12:00:00,12,19,19,0.0,2.0,16.0,1.0,0.0,1.0,7,7,4,0,4,0,21.883,203.5,98.0,1313.0,21.883,4.0,11.76,roster,0,58.0,47.5,0.4028,54.76,3.267,0.475,0.5952,3.0526,40.75,3.47,0.0,30.53,32.825
2020-08-07 13:00:00,13,22,22,1.0,3.0,17.0,1.0,0.0,1.0,9,8,2,1,3,1,12.3,137.0,117.0,369.0,6.15,4.0,11.76,roster,0,70.0,55.0,0.473,51.77,3.9145,0.55,0.6803,3.1818,47.19,2.6,13.4,8.58,9.225
2020-08-07 14:00:00,14,25,25,2.0,3.0,19.0,1.0,0.0,1.0,6,7,4,1,5,1,12.533,177.0,69.0,197.0,7.15,4.0,11.76,roster,0,81.0,62.5,0.5786,55.95,3.9536,0.625,0.5952,3.24,53.62,4.34,13.4,4.58,4.925
2020-08-07 15:00:00,15,31,31,3.0,6.0,21.0,1.0,0.0,1.0,13,13,4,2,6,2,13.533,127.0,113.0,237.0,8.15,4.0,11.76,roster,0,104.0,77.5,0.7647,84.02,6.3086,0.775,1.1054,3.3548,66.5,5.21,26.8,5.51,5.925
2020-08-07 16:00:00,16,36,36,2.0,10.0,23.0,1.0,0.0,1.0,12,12,7,4,11,4,14.533,114.0,91.0,189.0,9.15,4.0,11.76,roster,0,121.0,90.0,1.0431,124.77,6.4547,0.9,1.0204,3.3611,77.22,9.55,53.6,4.39,4.725
2020-08-07 17:00:00,17,34,34,2.0,9.0,21.0,1.0,1.0,1.0,6,5,9,5,14,5,9.55,155.5,119.0,187.0,5.95,4.0,11.76,roster,0,112.0,85.0,1.0769,136.43,4.2006,0.85,0.4252,3.2941,72.93,12.16,67.0,4.35,4.675
2020-08-07 18:00:00,18,35,35,1.0,8.0,23.0,2.0,1.0,1.0,8,8,12,4,16,4,10.55,188.5,146.0,234.0,6.95,4.0,11.76,roster,0,111.0,87.5,1.1562,128.01,4.9324,0.875,0.6803,3.1714,75.08,13.89,53.6,5.44,5.85
2020-08-07 19:00:00,19,27,27,1.0,5.0,19.0,1.0,1.0,1.0,4,4,6,4,10,4,11.55,263.0,239.0,294.0,7.95,4.0,11.76,roster,0,85.0,67.5,0.7083,107.03,3.1958,0.675,0.3401,3.1481,57.92,8.68,53.6,6.84,7.35
2020-08-07 20:00:00,20,23,23,2.0,4.0,16.0,1.0,0.0,1.0,8,8,2,4,6,4,12.55,323.0,302.0,350.0,8.95,4.0,10.3,roster,0,76.0,57.5,0.5588,96.28,4.4665,0.575,0.7767,3.3043,49.33,5.21,53.6,8.14,8.75
2020-08-07 21:00:00,21,22,22,1.0,3.0,17.0,1.0,0.0,1.0,9,9,3,4,7,4,9.95,359.0,96.0,410.0,9.95,4.0,10.3,roster,0,70.0,55.0,0.5303,96.4,4.5302,0.55,0.8738,3.1818,47.19,6.08,53.6,9.53,10.25
2020-08-07 22:00:00,22,20,20,0.0,2.0,16.0,2.0,0.0,1.0,7,5,6,3,9,3,10.95,126.0,81.0,435.0,10.95,3.0,6.6,roster,0,60.0,50.0,0.6452,81.03,3.7727,0.5,0.7576,3.0,42.9,7.81,40.2,10.11,10.875
2020-08-07 23:00:00,23,20,20,0.0,1.0,15.0,4.0,0.0,1.0,9,8,5,2,7,2,11.95,141.0,126.0,216.0,11.95,3.0,6.6,roster,0,57.0,50.0,0.5758,60.8,4.8795,0.5,1.2121,2.85,42.9,6.08,26.8,5.02,5.4
2020-08-08 00:00:00,0,22,22,0.0,1.0,18.0,3.0,0.0,1.0,8,6,7,2,9,2,12.95,199.0,161.0,214.0,12.95,3.0,6.6,roster,0,64.0,55.0,0.6882,66.78,4.2446,0.55,0.9091,2.9091,47.19,7.81,26.8,4.98,5.35
2020-08-08 01:00:00,1,21,21,1.0,1.0,16.0,3.0,0.0,1.0,3,3,9,1,10,1,13.95,233.5,145.0,261.0,13.95,3.0,6.6,roster,0,63.0,52.5,0.7,53.2,2.9386,0.525,0.4545,3.0,45.04,8.68,13.4,6.07,6.525
2020-08-08 02:00:00,2,16,16,1.0,1.0,12.0,2.0,0.0,1.0,1,0,9,1,10,1,14.95,293.5,205.0,321.0,14.95,3.0,6.6,roster,0,49.0,40.0,0.5444,43.87,1.225,0.4,0.0,3.0625,34.32,8.68,13.4,7.46,8.025
2020-08-08 03:00:00,3,17,17,1.0,1.0,13.0,2.0,0.0,1.0,2,2,9,1,10,1,15.95,353.5,265.0,381.0,15.95,3.0,6.6,roster,0,52.0,42.5,0.5778,47.41,2.2269,0.425,0.303,3.0588,36.46,8.68,13.4,8.86,9.525
2020-08-08 04:00:00,4,19,19,1.0,2.0,13.0,3.0,0.0,1.0,3,3,10,1,11,1,16.95,401.0,288.0,441.0,16.95,3.0,6.6,roster,0,58.0,47.5,0.6667,53.96,2.8376,0.475,0.4545,3.0526,40.75,9.55,13.4,10.25,11.025
2020-08-08 05:00:00,5,21,21,1.0,3.0,14.0,3.0,0.0,1.0,4,3,11,1,12,1,17.95,439.5,348.0,501.0,17.95,3.0,6.6,roster,0,65.0,52.5,0.7738,60.51,3.0319,0.525,0.4545,3.0952,45.04,10.42,13.4,11.65,12.525
2020-08-08 06:00:00,6,23,23,1.0,5.0,14.0,3.0,0.0,1.0,3,3,12,1,13,1,18.95,478.0,381.0,559.0,18.95,3.0,6.6,roster,0,73.0,57.5,0.9012,67.02,3.2677,0.575,0.4545,3.1739,49.33,11.29,13.4,13.0,13.975
2020-08-08 07:00:00,7,24,24,1.0,5.0,14.0,4.0,0.0,1.0,2,2,12,2,14,2,19.95,521.5,257.0,619.0,19.95,3.0,6.6,roster,0,75.0,60.0,0.9615,84.83,2.822,0.6,0.303,3.125,51.48,12.16,26.8,14.39,15.475
2020-08-08 08:00:00,8,25,25,1.0,4.0,16.0,4.0,0.0,1.0,3,3,13,1,14,1,20.95,581.5,317.0,679.0,20.95,3.0,7.76,roster,0,77.0,62.5,0.9872,74.97,3.1157,0.625,0.3866,3.08,53.62,12.16,13.4,15.79,16.975
2020-08-08 09:00:00,9,20,20,1.0,4.0,12.0,3.0,0.0,1.0,6,5,6,1,7,1,21.95,313.0,176.0,658.0,21.95,3.0,7.76,roster,0,63.0,50.0,0.6364,57.68,3.6046,0.5,0.6443,3.15,42.9,6.08,13.4,15.3,16.45
2020-08-08 10:00:00,10,24,24,1.0,3.0,18.0,2.0,0.0,1.0,12,12,6,0,6,0,13.933,293.0,130.0,373.0,10.8,4.0,11.46,roster,0,75.0,60.0,0.5515,45.36,5.1473,0.6,1.0471,3.125,51.48,5.21,0.0,8.67,9.325
2020-08-08 11:00:00,11,25,25,0.0,1.0,22.0,2.0,0.0,1.0,10,9,7,1,8,1,6.833,116.0,90.0,296.0,6.833,4.0,11.46,roster,0,74.0,62.5,0.5781,60.85,4.1746,0.625,0.7853,2.96,53.62,6.95,13.4,6.88,7.4
2020-08-08 12:00:00,12,20,20,0.0,1.0,19.0,0.0,0.0,1.0,6,6,7,1,8,1,5.933,148.5,138.0,178.0,5.933,4.0,11.46,roster,0,61.0,50.0,0.4766,47.38,3.1219,0.5,0.5236,3.05,42.9,6.95,13.4,4.14,4.45
2020-08-08 13:00:00,13,20,20,0.0,1.0,19.0,0.0,0.0,1.0,4,4,7,1,8,1,4.133,185.5,155.0,234.0,3.967,4.0,11.46,roster,0,61.0,50.0,0.4766,48.69,2.5896,0.5,0.349,3.05,42.9,6.95,13.4,5.44,5.85
2020-08-08 14:00:00,14,24,24,0.0,3.0,21.0,0.0,0.0,1.0,11,9,6,1,7,1,5.133,267.0,124.0,294.0,4.967,4.0,11.46,roster,0,75.0,60.0,0.5682,57.79,4.3292,0.6,0.7853,3.125,51.48,6.08,13.4,6.84,7.35
2020-08-08 15:00:00,15,26,26,0.0,5.0,21.0,0.0,0.0,1.0,11,10,9,0,9,0,5.9,119.0,108.0,327.0,5.9,4.0,11.46,roster,0,83.0,65.0,0.6694,51.19,4.8606,0.65,0.8726,3.1923,55.77,7.81,0.0,7.6,8.175
2020-08-08 16:00:00,16,29,29,0.0,8.0,21.0,0.0,0.0,1.0,13,13,6,0,6,0,6.5,161.5,84.0,288.0,6.5,4.0,11.46,roster,0,95.0,72.5,0.6985,54.11,6.0911,0.725,1.1344,3.2759,62.2,5.21,0.0,6.7,7.2
2020-08-08 17:00:00,17,30,30,0.0,7.0,22.0,1.0,0.0,1.0,9,9,7,1,8,1,7.5,126.5,105.0,348.0,7.5,4.0,11.46,roster,0,96.0,75.0,0.75,72.79,4.9131,0.75,0.7853,3.2,64.35,6.95,13.4,8.09,8.7
2020-08-08 18:00:00,18,15,15,0.0,4.0,10.0,1.0,0.0,1.0,3,2,7,0,7,0,8.5,84.0,74.0,408.0,8.5,4.0,11.46,roster,0,48.0,37.5,0.3636,27.74,1.7585,0.375,0.1745,3.2,32.17,6.08,0.0,9.49,10.2
2020-08-08 19:00:00,19,19,19,1.0,4.0,13.0,1.0,0.0,1.0,10,8,5,0,5,0,9.133,134.0,123.0,140.0,2.4,4.0,11.46,roster,0,62.0,47.5,0.4429,28.35,3.8279,0.475,0.6981,3.2632,40.75,4.34,0.0,3.26,3.5
2020-08-08 20:00:00,20,23,23,1.0,3.0,16.0,3.0,0.0,1.0,10,7,6,0,6,0,10.133,99.5,78.0,134.0,3.4,4.0,11.76,roster,0,71.0,57.5,0.5221,37.66,3.6125,0.575,0.5952,3.087,49.33,5.21,0.0,3.12,3.35
2020-08-08 21:00:00,21,28,28,1.0,4.0,19.0,3.0,1.0,1.0,11,10,9,0,9,0,11.133,138.0,100.0,179.0,4.4,4.0,11.76,roster,0,85.0,70.0,0.6855,52.04,4.7064,0.7,0.8503,3.0357,60.06,7.81,0.0,4.16,4.475
2020-08-08 22:00:00,22,22,22,1.0,3.0,17.0,0.0,1.0,1.0,10,6,7,1,8,1,12.133,115.5,82.0,198.0,3.333,3.0,8.06,roster,0,69.0,55.0,0.7188,52.14,4.0598,0.55,0.7444,3.1364,47.19,6.95,13.4,4.6,4.95
2020-08-08 23:00:00,23,25,25,1.0,3.0,19.0,1.0,1.0,1.0,8,6,10,1,11,1,13.133,142.0,95.0,243.0,4.333,3.0,8.06,roster,0,77.0,62.5,0.8851,62.23,4.2178,0.625,0.7444,3.08,53.62,9.55,13.4,5.65,6.075
2020-08-09 00:00:00,0,27,27,2.0,3.0,20.0,1.0,1.0,1.0,6,6,11,1,12,1,14.133,198.0,155.0,303.0,5.333,3.0,8.06,roster,0,85.0,67.5,1.0119,68.78,4.4685,0.675,0.7444,3.1481,57.92,10.42,13.4,7.04,7.575
2020-08-09 01:00:00,1,26,26,2.0,1.0,22.0,0.0,1.0,1.0,9,4,13,1,14,1,15.133,228.5,127.0,318.0,6.333,3.0,8.06,roster,0,81.0,65.0,1.0385,68.72,3.5711,0.65,0.4963,3.1154,55.77,12.16,13.4,7.39,7.95
2020-08-09 02:00:00,2,26,26,1.0,1.0,22.0,1.0,1.0,1.0,1,1,14,0,14,0,16.133,288.5,187.0,378.0,7.333,3.0,8.06,roster,0,78.0,65.0,1.0,56.71,2.3222,0.65,0.1241,3.0,55.77,12.16,0.0,8.79,9.45
2020-08-09 03:00:00,3,29,29,1.0,2.0,24.0,1.0,1.0,1.0,5,4,15,0,15,0,17.133,335.0,196.0,438.0,8.333,3.0,8.06,roster,0,88.0,72.5,1.1733,65.41,3.7059,0.725,0.4963,3.0345,62.2,13.02,0.0,10.18,10.95
2020-08-09 04:00:00,4,32,32,1.0,4.0,25.0,1.0,1.0,1.0,4,4,15,0,15,0,18.133,395.0,256.0,498.0,9.333,3.0,8.06,roster,0,99.0,80.0,1.32,73.24,4.0104,0.8,0.4963,3.0938,68.64,13.02,0.0,11.58,12.45
2020-08-09 05:00:00,5,31,31,1.0,4.0,24.0,1.0,1.0,1.0,1,1,15,1,16,1,19.133,450.0,316.0,558.0,10.333,3.0,8.06,roster,0,96.0,77.5,1.3333,86.76,2.7842,0.775,0.1241,3.0968,66.5,13.89,13.4,12.97,13.95
2020-08-09 06:00:00,6,32,32,1.0,3.0,26.0,1.0,1.0,1.0,3,3,15,1,16,1,20.133,510.0,376.0,618.0,11.333,3.0,8.06,roster,0,98.0,80.0,1.3611,90.3,3.5899,0.8,0.3722,3.0625,68.64,13.89,13.4,14.37,15.45
2020-08-09 07:00:00,7,30,30,1.0,4.0,23.0,1.0,1.0,1.0,4,4,15,0,15,0,21.133,575.0,436.0,678.0,12.333,3.0,8.06,roster,0,93.0,75.0,1.24,73.14,3.8635,0.75,0.4963,3.1,64.35,13.02,0.0,15.76,16.95
2020-08-09 08:00:00,8,30,30,1.0,4.0,23.0,1.0,1.0,1.0,3,3,15,0,15,0,22.133,635.0,489.0,738.0,13.333,3.0,6.65,roster,0,93.0,75.0,1.24,74.53,3.7235,0.75,0.4511,3.1,64.35,13.02,0.0,17.16,18.45
2020-08-09 09:00:00,9,25,25,1.0,4.0,18.0,1.0,1.0,1.0,5,4,10,0,10,0,23.133,664.5,504.0,843.0,14.333,3.0,6.65,roster,0,78.0,62.5,0.8667,61.91,3.8267,0.625,0.6015,3.12,53.62,8.68,0.0,19.6,21.075
2020-08-09 10:00:00,10,23,23,1.0,3.0,16.0,3.0,0.0,1.0,8,7,7,0,7,0,24.133,782.0,501.0,918.0,15.333,4.0,9.9,roster,0,71.0,57.5,0.5379,56.76,3.9577,0.575,0.7071,3.087,49.33,6.08,0.0,21.34,22.95
2020-08-09 11:00:00,11,20,20,1.0,2.0,14.0,3.0,0.0,1.0,9,7,3,0,3,0,25.133,963.0,561.0,980.0,16.333,4.0,9.9,roster,0,61.0,50.0,0.4122,48.29,3.6816,0.5,0.7071,3.05,42.9,2.6,0.0,22.78,24.5
2020-08-09 12:00:00,12,21,21,1.0,3.0,15.0,2.0,0.0,1.0,13,10,2,0,2,0,26.133,1031.5,1023.0,1040.0,17.333,4.0,9.9,roster,0,66.0,52.5,0.4342,50.96,4.8246,0.525,1.0101,3.1429,45.04,1.74,0.0,24.18,26.0
2020-08-09 13:00:00,13,21,21,0.0,3.0,16.0,2.0,0.0,1.0,9,7,1,0,1,0,27.133,98.0,98.0,98.0,1.633,4.0,9.9,roster,0,64.0,52.5,0.4103,28.19,3.7549,0.525,0.7071,3.0476,45.04,0.87,0.0,2.28,2.45
2020-08-09 14:00:00,14,26,26,0.0,4.0,18.0,4.0,0.0,1.0,12,11,0,1,1,1,28.133,84.0,84.0,84.0,1.4,4.0,9.9,roster,0,78.0,65.0,0.5,51.99,5.2833,0.65,1.1111,3.0,55.77,0.87,13.4,1.95,2.1
2020-08-09 15:00:00,15,28,28,0.0,3.0,21.0,4.0,0.0,1.0,9,9,1,1,2,1,29.133,113.5,83.0,144.0,2.4,4.0,9.9,roster,0,83.0,70.0,0.5461,58.54,4.7698,0.7,0.9091,2.9643,60.06,1.74,13.4,3.35,3.6
2020-08-09 16:00:00,16,32,32,0.0,2.0,24.0,6.0,0.0,1.0,11,12,1,1,2,1,30.133,173.5,143.0,204.0,3.4,4.0,9.9,roster,0,92.0,80.0,0.6053,68.52,5.7848,0.8,1.2121,2.875,68.64,1.74,13.4,4.74,5.1
2020-08-09 17:00:00,17,23,23,0.0,1.0,21.0,1.0,0.0,1.0,7,6,2,1,3,1,31.133,70.0,62.0,264.0,4.4,4.0,9.9,roster,0,69.0,57.5,0.4662,51.48,3.5432,0.575,0.6061,3.0,49.33,2.6,13.4,6.14,6.6
2020-08-09 18:00:00,18,19,19,0.0,1.0,18.0,0.0,0.0,1.0,7,5,1,0,1,0,32.133,92.0,92.0,92.0,1.533,4.0,9.9,roster,0,58.0,47.5,0.3718,23.76,2.9917,0.475,0.5051,3.0526,40.75,0.87,0.0,2.14,2.3
2020-08-09 19:00:00,19,18,18,0.0,1.0,17.0,0.0,0.0,1.0,9,8,1,0,1,0,33.133,152.0,152.0,152.0,2.533,4.0,9.9,roster,0,55.0,45.0,0.3526,23.01,3.8441,0.45,0.8081,3.0556,38.61,0.87,0.0,3.53,3.8
2020-08-09 20:00:00,20,27,27,0.0,2.0,24.0,1.0,0.0,1.0,15,15,4,0,4,0,34.133,104.0,102.0,114.0,1.9,4.0,11.31,roster,0,82.0,67.5,0.5694,44.04,6.0779,0.675,1.3263,3.037,57.92,3.47,0.0,2.65,2.85
2020-08-09 21:00:00,21,30,30,0.0,4.0,26.0,0.0,0.0,1.0,9,9,7,0,7,0,35.133,158.0,85.0,166.0,2.9,4.0,11.31,roster,0,94.0,75.0,0.7121,54.29,4.8434,0.75,0.7958,3.1333,64.35,6.08,0.0,3.86,4.15
2020-08-09 22:00:00,22,29,29,0.0,4.0,25.0,0.0,0.0,1.0,9,9,8,0,8,0,36.133,123.5,89.0,218.0,3.9,3.0,8.06,roster,0,91.0,72.5,0.9479,54.22,5.7789,0.725,1.1166,3.1379,62.2,6.95,0.0,5.07,5.45
2020-08-09 23:00:00,23,27,27,0.0,4.0,23.0,0.0,0.0,1.0,6,3,9,1,10,1,37.133,155.5,134.0,227.0,4.9,3.0,8.06,roster,0,85.0,67.5,0.9444,65.28,3.2968,0.675,0.3722,3.1481,57.92,8.68,13.4,5.28,5.675
2020-08-10 00:00:00,0,30,30,2.0,3.0,25.0,0.0,0.0,1.0,10,9,9,1,10,1,38.133,215.5,194.0,287.0,5.9,3.0,8.06,roster,0,97.0,75.0,1.0778,73.11,6.0354,0.75,1.1166,3.2333,64.35,8.68,13.4,6.67,7.175
2020-08-10 01:00:00,1,38,38,2.0,4.0,31.0,1.0,0.0,1.0,10,10,11,1,12,1,39.133,265.5,234.0,347.0,6.9,3.0,8.06,roster,0,121.0,95.0,1.4405,93.4,6.9756,0.95,1.2407,3.1842,81.51,10.42,13.4,8.07,8.675
2020-08-10 02:00:00,2,36,36,2.0,4.0,29.0,1.0,0.0,1.0,5,5,13,1,14,1,40.133,318.0,166.0,385.0,7.9,3.0,8.06,roster,0,115.0,90.0,1.4744,91.73,4.8567,0.9,0.6203,3.1944,77.22,12.16,13.4,8.95,9.625
2020-08-10 03:00:00,3,34,34,2.0,3.0,27.0,2.0,0.0,1.0,2,2,15,1,16,1,41.133,364.0,181.0,445.0,8.9,3.0,8.06,roster,0,107.0,85.0,1.4861,90.57,3.4559,0.85,0.2481,3.1471,72.93,13.89,13.4,10.35,11.125
2020-08-10 04:00:00,4,29,29,2.0,3.0,23.0,1.0,0.0,1.0,1,1,15,1,16,1,42.133,424.0,241.0,505.0,9.9,3.0,8.06,roster,0,93.0,72.5,1.2917,81.24,2.7229,0.725,0.1241,3.2069,62.2,13.89,13.4,11.74,12.625
2020-08-10 05:00:00,5,30,30,2.0,3.0,24.0,1.0,0.0,1.0,4,2,15,1,16,1,43.133,484.0,301.0,565.0,10.9,3.0,8.06,roster,0,96.0,75.0,1.3333,84.78,3.194,0.75,0.2481,3.2,64.35,13.89,13.4,13.14,14.125
2020-08-10 06:00:00,6,25,25,2.0,2.0,21.0,0.0,0.0,1.0,0,0,16,1,17,1,44.133,534.0,343.0,582.0,11.9,3.0,8.06,roster,0,81.0,62.5,1.1739,75.32,2.025,0.625,0.0,3.24,53.62,14.76,13.4,13.53,14.55
2020-08-10 07:00:00,7,31,31,2.0,4.0,23.0,2.0,0.0,1.0,6,6,16,1,17,1,45.133,594.0,403.0,642.0,12.9,3.0,8.06,roster,0,99.0,77.5,1.4348,89.58,4.8523,0.775,0.7444,3.1935,66.5,14.76,13.4,14.93,16.05
2020-08-10 08:00:00,8,42,42,2.0,5.0,34.0,1.0,0.0,1.0,12,12,18,1,19,1,46.133,627.0,412.0,702.0,13.9,3.0,6.65,roster,0,134.0,105.0,2.127,116.31,9.1073,1.05,1.8045,3.1905,90.09,16.5,13.4,16.32,17.55
2020-08-10 09:00:00,9,40,40,1.0,5.0,32.0,2.0,0.0,1.0,6,6,18,1,19,1,47.133,523.0,101.0,742.0,14.9,3.0,6.65,roster,0,125.0,100.0,1.9841,112.95,5.9445,1.0,0.9023,3.125,85.8,16.5,13.4,17.25,18.55
2020-08-10 10:00:00,10,40,40,1.0,6.0,33.0,0.0,0.0,1.0,7,7,16,1,17,1,48.133,228.0,145.0,774.0,15.9,4.0,9.9,roster,0,128.0,100.0,1.3913,111.96,5.4626,1.0,0.7071,3.2,85.8,14.76,13.4,18.0,19.35
2020-08-10 11:00:00,11,35,35,2.0,6.0,27.0,0.0,0.0,1.0,6,5,14,2,16,2,49.133,218.0,196.0,834.0,16.9,4.0,9.9,roster,0,115.0,87.5,1.1979,115.16,4.5345,0.875,0.5051,3.2857,75.08,13.89,26.8,19.39,20.85
2020-08-10 12:00:00,12,32,32,2.0,5.0,25.0,0.0,0.0,1.0,4,3,14,2,16,2,50.133,270.0,219.0,867.0,17.9,4.0,9.9,roster,0,105.0,80.0,1.0938,109.49,3.6193,0.8,0.303,3.2812,68.64,13.89,26.8,20.16,21.675
2020-08-10 13:00:00,13,30,30,2.0,4.0,23.0,1.0,0.0,1.0,4,4,13,2,15,2,51.133,335.0,203.0,927.0,18.9,4.0,9.9,roster,0,97.0,75.0,0.97,105.73,3.7314,0.75,0.404,3.2333,64.35,13.02,26.8,21.55,23.175
2020-08-10 14:00:00,14,26,26,1.0,3.0,22.0,0.0,0.0,1.0,4,3,10,2,12,2,52.133,357.5,263.0,987.0,17.483,4.0,9.9,roster,0,83.0,65.0,0.7411,95.94,3.0424,0.65,0.303,3.1923,55.77,10.42,26.8,22.95,24.675
2020-08-10 15:00:00,15,23,23,1.0,4.0,18.0,0.0,0.0,1.0,5,5,8,1,9,1,53.133,386.0,281.0,436.0,17.9,4.0,9.9,roster,0,75.0,57.5,0.6048,60.69,3.5219,0.575,0.5051,3.2609,49.33,7.81,13.4,10.14,10.9
2020-08-10 16:00:00,16,15,15,1.0,3.0,10.0,1.0,0.0,1.0,1,1,10,0,10,0,18.9,362.0,115.0,459.0,18.9,4.0,9.9,roster,0,49.0,37.5,0.4083,31.53,1.555,0.375,0.101,3.2667,32.17,8.68,0.0,10.67,11.475
2020-08-10 17:00:00,17,19,19,1.0,3.0,12.0,3.0,0.0,1.0,4,4,10,0,10,0,19.9,422.0,175.0,519.0,19.9,4.0,9.9,roster,0,59.0,47.5,0.4917,41.5,2.7297,0.475,0.404,3.1053,40.75,8.68,0.0,12.07,12.975
2020-08-10 18:00:00,18,24,24,2.0,3.0,17.0,2.0,0.0,1.0,9,9,9,0,9,0,20.9,461.0,235.0,579.0,20.9,4.0,9.9,roster,0,77.0,60.0,0.621,52.76,4.8417,0.6,0.9091,3.2083,51.48,7.81,0.0,13.46,14.475
2020-08-10 19:00:00,19,22,22,2.0,2.0,15.0,3.0,0.0,1.0,5,6,7,0,7,0,17.95,103.0,73.0,521.0,11.267,4.0,9.9,roster,0,69.0,55.0,0.5227,45.38,3.6258,0.55,0.6061,3.1364,47.19,6.08,0.0,12.11,13.025
2020-08-10 20:00:00,20,20,20,1.0,1.0,14.0,3.0,1.0,1.0,7,7,5,0,5,0,18.95,133.0,124.0,159.0,12.267,4.0,11.01,roster,0,58.0,50.0,0.4143,30.94,3.2938,0.5,0.6358,2.9,42.9,4.34,0.0,3.7,3.975
2020-08-10 21:00:00,21,16,16,0.0,1.0,14.0,1.0,0.0,1.0,4,3,4,0,4,0,19.95,201.5,184.0,796.0,13.267,4.0,11.01,roster,0,48.0,40.0,0.3333,36.3,2.0174,0.4,0.2725,3.0,34.32,3.47,0.0,18.51,19.9
2020-08-10 22:00:00,22,17,17,0.0,3.0,12.0,2.0,0.0,1.0,7,7,2,0,2,0,20.95,220.0,196.0,244.0,4.067,3.0,7.76,roster,0,52.0,42.5,0.4561,23.87,4.0592,0.425,0.9021,3.0588,36.46,1.74,0.0,5.67,6.1
2020-08-10 23:00:00,23,24,24,0.0,3.0,19.0,2.0,0.0,1.0,9,9,5,1,6,1,21.95,110.5,84.0,118.0,4.267,3.0,7.76,roster,0,73.0,60.0,0.7157,52.83,5.3527,0.6,1.1598,3.0417,51.48,5.21,13.4,2.74,2.95
2020-08-11 00:00:00,0,23,23,1.0,2.0,19.0,1.0,0.0,1.0,5,4,7,0,7,0,22.95,144.0,111.0,178.0,5.267,3.0,7.76,roster,0,72.0,57.5,0.7273,39.55,3.4136,0.575,0.5155,3.1304,49.33,6.08,0.0,4.14,4.45
2020-08-11 01:00:00,1,22,22,0.0,3.0,17.0,2.0,0.0,1.0,6,5,6,0,6,0,23.95,207.0,171.0,238.0,6.267,3.0,7.76,roster,0,67.0,55.0,0.6569,37.93,3.6373,0.55,0.6443,3.0455,47.19,5.21,0.0,5.53,5.95
2020-08-11 02:00:00,2,22,22,0.0,4.0,17.0,1.0,0.0,1.0,4,4,7,0,7,0,24.95,245.0,225.0,298.0,7.267,3.0,7.76,roster,0,69.0,55.0,0.697,40.2,3.3417,0.55,0.5155,3.1364,47.19,6.08,0.0,6.93,7.45
2020-08-11 03:00:00,3,22,22,0.0,4.0,16.0,2.0,0.0,1.0,2,2,8,0,8,0,25.95,298.0,285.0,358.0,8.267,3.0,7.76,roster,0,68.0,55.0,0.7083,42.46,2.4966,0.55,0.2577,3.0909,47.19,6.95,0.0,8.32,8.95
2020-08-11 04:00:00,4,19,19,0.0,3.0,14.0,2.0,0.0,1.0,2,2,8,0,8,0,26.95,358.0,345.0,418.0,9.267,3.0,7.76,roster,0,58.0,47.5,0.6042,37.42,2.2368,0.475,0.2577,3.0526,40.75,6.95,0.0,9.72,10.45
2020-08-11 05:00:00,5,21,21,0.0,4.0,16.0,1.0,0.0,1.0,3,3,8,0,8,0,27.95,418.0,405.0,478.0,10.267,3.0,7.76,roster,0,66.0,52.5,0.6875,43.1,2.865,0.525,0.3866,3.1429,45.04,6.95,0.0,11.11,11.95
2020-08-11 06:00:00,6,22,22,0.0,4.0,17.0,1.0,0.0,1.0,2,2,8,0,8,0,28.95,478.0,465.0,538.0,11.267,3.0,7.76,roster,0,69.0,55.0,0.7188,46.64,2.5333,0.55,0.2577,3.1364,47.19,6.95,0.0,12.51,13.45
2020-08-11 07:00:00,7,23,23,0.0,5.0,17.0,1.0,0.0,1.0,2,2,9,0,9,0,29.95,531.0,391.0,589.0,12.267,3.0,7.76,roster,0,73.0,57.5,0.7849,50.84,2.643,0.575,0.2577,3.1739,49.33,7.81,0.0,13.69,14.725
2020-08-11 08:00:00,8,25,25,0.0,4.0,20.0,1.0,0.0,1.0,3,3,9,0,9,0,30.95,591.0,451.0,649.0,13.267,3.0,8.39,roster,0,78.0,62.5,0.8387,56.53,3.0656,0.625,0.3576,3.12,53.62,7.81,0.0,15.09,16.225
2020-08-11 09:00:00,9,25,25,0.0,5.0,19.0,1.0,0.0,1.0,6,5,6,0,6,0,31.95,648.0,462.0,665.0,11.817,3.0,8.39,roster,0,79.0,62.5,0.7745,54.3,3.8582,0.625,0.5959,3.16,53.62,5.21,0.0,15.46,16.625
2020-08-11 10:00:00,10,22,22,0.0,5.0,17.0,0.0,0.0,1.0,3,3,5,1,6,1,32.95,613.5,136.0,711.0,12.083,4.0,11.73,roster,0,71.0,55.0,0.5221,62.33,2.6004,0.55,0.2558,3.2273,47.19,5.21,13.4,16.53,17.775
2020-08-11 11:00:00,11,29,29,0.0,5.0,24.0,0.0,0.0,1.0,11,11,4,1,5,1,33.95,765.0,582.0,771.0,13.083,4.0,11.73,roster,0,92.0,72.5,0.6571,77.87,5.275,0.725,0.9378,3.1724,62.2,4.34,13.4,17.93,19.275
2020-08-11 12:00:00,12,25,25,0.0,7.0,18.0,0.0,0.0,1.0,4,4,7,2,9,2,34.95,200.0,83.0,825.0,14.083,4.0,11.73,roster,0,82.0,62.5,0.6613,87.42,3.1685,0.625,0.341,3.28,53.62,7.81,26.8,19.18,20.625
2020-08-11 13:00:00,13,25,25,0.0,5.0,20.0,0.0,0.0,1.0,7,7,7,2,9,2,35.95,260.0,143.0,885.0,15.083,4.0,11.73,roster,0,80.0,62.5,0.6452,88.82,3.9096,0.625,0.5968,3.2,53.62,7.81,26.8,20.58,22.125
2020-08-11 14:00:00,14,31,31,0.0,5.0,25.0,1.0,0.0,1.0,7,8,8,3,11,3,36.95,227.0,163.0,945.0,16.083,4.0,11.73,roster,0,97.0,77.5,0.8362,118.22,4.559,0.775,0.682,3.129,66.5,9.55,40.2,21.97,23.625
2020-08-11 15:00:00,15,32,32,0.0,6.0,25.0,1.0,0.0,1.0,7,7,8,2,10,2,37.95,257.0,178.0,822.0,17.083,4.0,11.73,roster,0,101.0,80.0,0.8417,103.23,4.4085,0.8,0.5968,3.1562,68.64,8.68,26.8,19.11,20.55
2020-08-11 16:00:00,16,34,34,0.0,8.0,25.0,1.0,0.0,1.0,7,7,13,2,15,2,38.95,238.0,102.0,347.0,18.083,4.0,11.73,roster,0,109.0,85.0,1.09,100.82,4.6381,0.85,0.5968,3.2059,72.93,13.02,26.8,8.07,8.675
2020-08-11 17:00:00,17,31,31,0.0,9.0,21.0,1.0,0.0,1.0,3,3,15,0,15,0,39.95,235.0,136.0,407.0,19.083,4.0,11.73,roster,0,101.0,77.5,1.01,68.98,3.3583,0.775,0.2558,3.2581,66.5,13.02,0.0,9.46,10.175
2020-08-11 18:00:00,18,25,25,1.0,8.0,16.0,0.0,0.0,1.0,4,4,14,0,14,0,40.95,258.5,183.0,467.0,20.083,4.0,11.73,roster,0,85.0,62.5,0.8173,56.64,3.2844,0.625,0.341,3.4,53.62,12.16,0.0,10.86,11.675
2020-08-11 19:00:00,19,25,25,1.0,7.0,17.0,0.0,0.0,1.0,5,5,13,0,13,0,41.95,282.0,238.0,503.0,21.083,4.0,11.73,roster,0,84.0,62.5,0.7778,56.61,3.5322,0.625,0.4263,3.36,53.62,11.29,0.0,11.69,12.575
2020-08-11 20:00:00,20,28,28,2.0,6.0,19.0,1.0,0.0,1.0,8,8,13,0,13,0,42.95,320.0,182.0,563.0,22.083,4.0,9.94,roster,0,93.0,70.0,0.8611,64.44,4.9982,0.7,0.8048,3.3214,60.06,11.29,0.0,13.09,14.075
2020-08-11 21:00:00,21,30,30,2.0,7.0,18.0,3.0,0.0,1.0,6,6,14,1,15,1,43.95,358.0,170.0,623.0,23.083,4.0,9.94,roster,0,98.0,75.0,0.98,85.26,4.4218,0.75,0.6036,3.2667,64.35,13.02,13.4,14.48,15.575
2020-08-11 22:00:00,22,30,30,2.0,6.0,19.0,3.0,0.0,1.0,10,9,13,1,14,1,44.95,359.5,157.0,683.0,24.083,3.0,6.6,roster,0,97.0,75.0,1.2436,85.79,6.8341,0.75,1.3636,3.2333,64.35,12.16,13.4,15.88,17.075
2020-08-11 23:00:00,23,32,32,2.0,5.0,22.0,3.0,0.0,1.0,5,5,14,1,15,1,45.95,339.0,179.0,743.0,25.083,3.0,6.6,roster,0,102.0,80.0,1.36,92.34,4.9648,0.8,0.7576,3.1875,68.64,13.02,13.4,17.27,18.575
2020-08-12 00:00:00,0,29,29,2.0,6.0,20.0,1.0,0.0,1.0,3,3,16,1,17,1,46.95,382.0,220.0,665.0,26.083,3.0,6.6,roster,0,96.0,72.5,1.3913,85.83,3.9047,0.725,0.4545,3.3103,62.2,14.76,13.4,15.46,16.625
2020-08-12 01:00:00,1,30,30,2.0,6.0,21.0,1.0,0.0,1.0,5,5,16,1,17,1,47.95,442.0,280.0,725.0,27.083,3.0,6.6,roster,0,99.0,75.0,1.4348,89.37,4.975,0.75,0.7576,3.3,64.35,14.76,13.4,16.86,18.125
2020-08-12 02:00:00,2,29,29,1.0,7.0,18.0,2.0,1.0,1.0,3,3,16,0,16,0,48.95,486.0,325.0,785.0,28.083,3.0,6.6,roster,0,92.0,72.5,1.2778,74.35,3.742,0.725,0.4545,3.1724,62.2,13.89,0.0,18.25,19.625
2020-08-12 03:00:00,3,30,30,1.0,7.0,18.0,3.0,1.0,1.0,6,5,16,0,16,0,49.95,546.0,385.0,845.0,29.083,3.0,6.6,roster,0,94.0,75.0,1.3056,77.89,4.7237,0.75,0.7576,3.1333,64.35,13.89,0.0,19.65,21.125
2020-08-12 04:00:00,4,27,27,1.0,7.0,16.0,2.0,1.0,1.0,2,2,16,0,16,0,50.95,606.0,445.0,905.0,30.083,3.0,6.6,roster,0,86.0,67.5,1.1944,72.85,3.1152,0.675,0.303,3.1852,57.92,13.89,0.0,21.04,22.625
2020-08-12 05:00:00,5,27,27,1.0,7.0,17.0,1.0,1.0,1.0,1,2,16,0,16,0,51.95,666.0,505.0,965.0,31.083,3.0,6.6,roster,0,87.0,67.5,1.2083,74.24,3.1514,0.675,0.303,3.2222,57.92,13.89,0.0,22.44,24.125
2020-08-12 06:00:00,6,29,29,2.0,7.0,18.0,1.0,1.0,1.0,5,3,16,0,16,0,52.95,726.0,565.0,1025.0,32.083,3.0,6.6,roster,0,95.0,72.5,1.3194,79.93,3.864,0.725,0.4545,3.2759,62.2,13.89,0.0,23.83,25.625
2020-08-12 07:00:00,7,26,26,1.0,6.0,17.0,1.0,1.0,1.0,0,0,16,0,16,0,53.95,786.0,625.0,1085.0,33.083,3.0,6.6,roster,0,83.0,65.0,1.1528,74.89,2.075,0.65,0.0,3.1923,55.77,13.89,0.0,25.23,27.125
2020-08-12 08:00:00,8,26,26,1.0,5.0,18.0,1.0,1.0,1.0,4,4,14,0,14,0,54.95,846.0,601.0,1145.0,34.083,3.0,6.77,roster,0,82.0,65.0,1.0513,74.55,3.9134,0.65,0.5908,3.1538,55.77,12.16,0.0,26.62,28.625
2020-08-12 09:00:00,9,25,25,1.0,3.0,18.0,2.0,1.0,1.0,6,5,14,0,14,0,55.95,762.0,626.0,1122.0,35.083,3.0,6.77,roster,0,76.0,62.5,0.9744,71.87,4.1452,0.625,0.7386,3.04,53.62,12.16,0.0,26.09,28.05
2020-08-12 10:00:00,10,25,25,1.0,2.0,19.0,2.0,1.0,1.0,7,6,15,0,15,0,56.95,805.0,149.0,1182.0,36.083,4.0,10.02,roster,0,75.0,62.5,0.75,74.13,3.6714,0.625,0.5988,3.0,53.62,13.02,0.0,27.48,29.55
2020-08-12 11:00:00,11,23,23,1.0,3.0,17.0,2.0,0.0,1.0,1,1,16,0,16,0,57.95,807.0,209.0,1242.0,37.083,4.0,10.02,roster,0,72.0,57.5,0.75,72.1,2.1124,0.575,0.0998,3.1304,49.33,13.89,0.0,28.88,31.05
2020-08-12 12:00:00,12,22,22,1.0,2.0,17.0,2.0,0.0,1.0,3,2,16,0,16,0,38.083,867.0,269.0,1302.0,38.083,4.0,10.02,roster,0,68.0,55.0,0.7083,71.35,2.3169,0.55,0.1996,3.0909,47.19,13.89,0.0,30.27,32.55
2020-08-12 13:00:00,13,22,22,1.0,2.0,15.0,4.0,0.0,1.0,5,4,15,0,15,0,39.083,869.0,273.0,1179.0,39.083,4.0,10.02,roster,0,66.0,55.0,0.66,67.63,2.8476,0.55,0.3992,3.0,47.19,13.02,0.0,27.41,29.475
2020-08-12 14:00:00,14,26,26,1.0,2.0,17.0,6.0,0.0,1.0,9,8,15,0,15,0,27.383,407.0,319.0,1222.0,27.383,4.0,10.02,roster,0,76.0,65.0,0.76,77.21,4.2338,0.65,0.7984,2.9231,55.77,13.02,0.0,28.41,30.55
2020-08-12 15:00:00,15,27,27,1.0,3.0,18.0,5.0,0.0,1.0,6,6,14,0,14,0,24.7,458.0,305.0,1139.0,24.7,4.0,10.02,roster,0,81.0,67.5,0.7788,76.55,3.8214,0.675,0.5988,3.0,57.92,12.16,0.0,26.48,28.475
2020-08-12 16:00:00,16,26,26,1.0,3.0,20.0,2.0,0.0,1.0,3,3,15,1,16,1,25.7,474.0,172.0,1199.0,25.7,4.0,10.02,roster,0,81.0,65.0,0.8438,90.94,2.9577,0.65,0.2994,3.1154,55.77,13.89,13.4,27.88,29.975
2020-08-12 17:00:00,17,31,31,2.0,4.0,23.0,2.0,0.0,1.0,7,8,17,1,18,1,26.7,462.0,167.0,1225.0,26.7,4.0,10.02,roster,0,99.0,77.5,1.125,104.01,5.0247,0.775,0.7984,3.1935,66.5,15.63,13.4,28.48,30.625
2020-08-12 18:00:00,18,26,26,2.0,4.0,17.0,2.0,1.0,1.0,3,3,13,1,14,1,27.7,425.5,191.0,1285.0,27.7,4.0,10.02,roster,0,82.0,65.0,0.7885,91.2,2.9943,0.65,0.2994,3.1538,55.77,12.16,13.4,29.88,32.125
2020-08-12 19:00:00,19,23,23,2.0,3.0,14.0,2.0,2.0,1.0,4,4,11,0,11,0,28.7,619.0,251.0,1345.0,28.7,4.0,10.02,roster,0,70.0,57.5,0.6034,70.16,2.965,0.575,0.3992,3.0435,49.33,9.55,0.0,31.27,33.625
2020-08-12 20:00:00,20,25,25,1.0,4.0,16.0,3.0,1.0,1.0,9,8,10,0,10,0,29.7,517.5,283.0,1405.0,29.7,4.0,9.93,roster,0,76.0,62.5,0.6333,74.97,4.3491,0.625,0.8056,3.04,53.62,8.68,0.0,32.67,35.125
2020-08-12 21:00:00,21,22,22,0.0,3.0,17.0,2.0,0.0,1.0,7,6,10,0,10,0,27.367,357.0,114.0,1349.0,27.367,4.0,9.93,roster,0,67.0,55.0,0.5583,67.24,3.5152,0.55,0.6042,3.0455,47.19,8.68,0.0,31.36,33.725
2020-08-12 22:00:00,22,24,24,0.0,3.0,19.0,2.0,0.0,1.0,8,8,9,0,9,0,28.367,188.0,156.0,1409.0,28.367,3.0,6.68,roster,0,73.0,60.0,0.7849,72.05,5.4677,0.6,1.1976,3.0417,51.48,7.81,0.0,32.76,35.225
2020-08-12 23:00:00,23,26,26,0.0,4.0,19.0,2.0,1.0,1.0,9,8,9,1,10,1,29.367,225.0,124.0,536.0,29.367,3.0,6.68,roster,0,78.0,65.0,0.8667,70.32,5.5428,0.65,1.1976,3.0,55.77,8.68,13.4,12.46,13.4
2020-08-13 00:00:00,0,29,29,0.0,4.0,22.0,2.0,1.0,1.0,5,5,11,2,13,2,30.367,184.0,119.0,294.0,30.367,3.0,6.68,roster,0,87.0,72.5,1.0741,87.13,4.4205,0.725,0.7485,3.0,62.2,11.29,26.8,6.84,7.35
2020-08-13 01:00:00,1,29,29,0.0,4.0,24.0,1.0,0.0,1.0,7,5,12,2,14,2,31.367,224.5,152.0,354.0,31.367,3.0,6.68,roster,0,90.0,72.5,1.1538,89.39,4.5729,0.725,0.7485,3.1034,62.2,12.16,26.8,8.23,8.85
2020-08-13 02:00:00,2,24,24,0.0,4.0,20.0,0.0,0.0,1.0,4,4,12,0,12,0,32.367,325.5,239.0,716.0,32.367,3.0,6.68,roster,0,76.0,60.0,0.9048,58.55,3.7962,0.6,0.5988,3.1667,51.48,10.42,0.0,16.65,17.9
2020-08-13 03:00:00,3,25,25,0.0,4.0,21.0,0.0,0.0,1.0,2,2,12,0,12,0,33.367,385.5,299.0,776.0,33.367,3.0,6.68,roster,0,79.0,62.5,0.9405,62.09,2.9211,0.625,0.2994,3.16,53.62,10.42,0.0,18.04,19.4
2020-08-13 04:00:00,4,24,24,0.0,5.0,19.0,0.0,0.0,1.0,3,2,14,0,14,0,34.367,404.5,329.0,534.0,34.367,3.0,6.68,roster,0,77.0,60.0,0.9872,56.05,2.8856,0.6,0.2994,3.2083,51.48,12.16,0.0,12.42,13.35
2020-08-13 05:00:00,5,24,24,0.0,5.0,19.0,0.0,0.0,1.0,2,1,15,0,15,0,35.367,445.0,306.0,594.0,35.367,3.0,6.68,roster,0,77.0,60.0,1.0267,58.32,2.4053,0.6,0.1497,3.2083,51.48,13.02,0.0,13.81,14.85
2020-08-13 06:00:00,6,27,27,0.0,7.0,20.0,0.0,0.0,1.0,5,4,15,0,15,0,36.367,505.0,366.0,654.0,36.367,3.0,6.68,roster,0,88.0,67.5,1.1733,66.15,4.1517,0.675,0.5988,3.2593,57.92,13.02,0.0,15.21,16.35
2020-08-13 07:00:00,7,25,25,0.0,6.0,19.0,0.0,0.0,1.0,2,2,16,0,16,0,37.367,552.0,426.0,714.0,37.367,3.0,6.68,roster,0,81.0,62.5,1.125,64.12,2.9951,0.625,0.2994,3.24,53.62,13.89,0.0,16.6,17.85
2020-08-13 08:00:00,8,24,24,0.0,5.0,19.0,0.0,0.0,1.0,4,2,16,0,16,0,38.367,585.5,336.0,756.0,38.367,3.0,8.06,roster,0,77.0,60.0,1.0694,62.95,2.7211,0.6,0.2481,3.2083,51.48,13.89,0.0,17.58,18.9
2020-08-13 09:00:00,9,24,24,0.0,3.0,20.0,1.0,0.0,1.0,5,5,12,0,12,0,39.367,678.0,396.0,1136.0,39.367,3.0,8.06,roster,0,74.0,60.0,0.881,68.31,3.7627,0.6,0.6203,3.0833,51.48,10.42,0.0,26.41,28.4
2020-08-13 10:00:00,10,24,24,0.0,5.0,19.0,0.0,0.0,1.0,4,4,12,0,12,0,40.367,649.0,420.0,1196.0,40.367,4.0,11.38,roster,0,77.0,60.0,0.6875,69.71,3.0527,0.6,0.3515,3.2083,51.48,10.42,0.0,27.81,29.9
2020-08-13 11:00:00,11,31,31,0.0,6.0,25.0,0.0,0.0,1.0,10,10,14,0,14,0,41.367,591.0,246.0,936.0,41.367,4.0,11.38,roster,0,99.0,77.5,0.9519,80.41,5.2813,0.775,0.8787,3.1935,66.5,12.16,0.0,21.76,23.4
2020-08-13 12:00:00,12,30,30,0.0,5.0,25.0,0.0,0.0,1.0,6,6,13,0,13,0,37.483,576.0,306.0,904.0,37.483,4.0,11.38,roster,0,95.0,75.0,0.8796,76.66,4.0446,0.75,0.5272,3.1667,64.35,11.29,0.0,21.02,22.6
2020-08-13 13:00:00,13,26,26,0.0,6.0,19.0,1.0,0.0,1.0,3,3,15,0,15,0,38.483,595.0,123.0,872.0,38.483,4.0,11.38,roster,0,83.0,65.0,0.83,69.07,2.9166,0.65,0.2636,3.1923,55.77,13.02,0.0,20.27,21.8
2020-08-13 14:00:00,14,22,22,1.0,5.0,16.0,0.0,0.0,1.0,3,3,11,0,11,0,15.533,426.0,183.0,696.0,15.533,4.0,11.38,roster,0,73.0,55.0,0.6293,52.92,2.6997,0.55,0.2636,3.3182,47.19,9.55,0.0,16.18,17.4
2020-08-13 15:00:00,15,24,24,2.0,5.0,17.0,0.0,0.0,1.0,6,6,9,1,10,1,16.533,364.5,222.0,756.0,16.533,4.0,11.38,roster,0,81.0,60.0,0.675,71.14,3.8044,0.6,0.5272,3.375,51.48,8.68,13.4,17.58,18.9
2020-08-13 16:00:00,16,22,22,1.0,4.0,17.0,0.0,0.0,1.0,9,8,7,0,7,0,17.533,546.0,99.0,816.0,17.533,4.0,11.38,roster,0,72.0,55.0,0.5455,52.24,4.1007,0.55,0.703,3.2727,47.19,6.08,0.0,18.97,20.4
2020-08-13 17:00:00,17,21,21,1.0,3.0,17.0,0.0,0.0,1.0,4,4,8,0,8,0,15.983,141.0,109.0,835.0,14.6,4.0,11.38,roster,0,68.0,52.5,0.5312,51.41,2.8382,0.525,0.3515,3.2381,45.04,6.95,0.0,19.41,20.875
2020-08-13 18:00:00,18,21,21,1.0,2.0,17.0,1.0,0.0,1.0,7,5,8,0,8,0,16.983,176.0,161.0,412.0,15.6,4.0,11.38,roster,0,66.0,52.5,0.5156,41.57,3.0309,0.525,0.4394,3.1429,45.04,6.95,0.0,9.58,10.3
2020-08-13 19:00:00,19,18,18,1.0,2.0,14.0,1.0,0.0,1.0,5,5,5,0,5,0,17.983,221.0,212.0,229.0,16.6,4.0,11.38,roster,0,57.0,45.0,0.4071,28.28,2.8163,0.45,0.4394,3.1667,38.61,4.34,0.0,5.32,5.725
2020-08-13 20:00:00,20,21,21,1.0,3.0,15.0,2.0,0.0,1.0,7,6,3,1,4,1,18.983,226.5,164.0,1056.0,17.6,4.0,11.08,roster,0,66.0,52.5,0.4583,66.47,3.3519,0.525,0.5415,3.1429,45.04,3.47,13.4,24.55,26.4
2020-08-13 21:00:00,21,22,22,1.0,2.0,17.0,2.0,0.0,1.0,6,5,4,1,5,1,18.6,169.0,85.0,349.0,18.6,4.0,11.08,roster,0,68.0,55.0,0.4857,53.05,3.0948,0.55,0.4513,3.0909,47.19,4.34,13.4,8.11,8.725
2020-08-13 22:00:00,22,19,19,0.0,3.0,14.0,2.0,0.0,1.0,7,6,5,0,5,0,12.867,136.0,113.0,145.0,6.817,3.0,7.76,roster,0,58.0,47.5,0.5524,28.47,3.8103,0.475,0.7732,3.0526,40.75,4.34,0.0,3.37,3.625
2020-08-13 23:00:00,23,22,22,0.0,3.0,16.0,3.0,0.0,1.0,9,8,8,0,8,0,8.183,166.5,106.0,205.0,7.817,3.0,7.76,roster,0,66.0,55.0,0.6875,38.9,4.7428,0.55,1.0309,3.0,47.19,6.95,0.0,4.77,5.125
2020-08-14 00:00:00,0,25,25,0.0,4.0,18.0,3.0,0.0,1.0,7,7,9,0,9,0,9.183,220.0,164.0,256.0,8.817,3.0,7.76,roster,0,76.0,62.5,0.8172,47.39,4.6423,0.625,0.9021,3.04,53.62,7.81,0.0,5.95,6.4
2020-08-14 01:00:00,1,28,28,0.0,4.0,22.0,2.0,0.0,1.0,6,6,11,0,11,0,10.183,226.0,122.0,316.0,9.817,3.0,7.76,roster,0,86.0,70.0,0.9885,56.96,4.5248,0.7,0.7732,3.0714,60.06,9.55,0.0,7.35,7.9
2020-08-14 02:00:00,2,25,25,0.0,5.0,18.0,2.0,0.0,1.0,3,3,12,0,12,0,11.183,285.0,182.0,376.0,10.817,3.0,7.76,roster,0,78.0,62.5,0.9286,52.79,3.1562,0.625,0.3866,3.12,53.62,10.42,0.0,8.74,9.4
2020-08-14 03:00:00,3,26,26,0.0,5.0,18.0,2.0,1.0,1.0,4,4,12,0,12,0,12.183,345.0,242.0,436.0,11.817,3.0,7.76,roster,0,79.0,65.0,0.9405,56.33,3.5412,0.65,0.5155,3.0385,55.77,10.42,0.0,10.14,10.9
2020-08-14 04:00:00,4,24,24,0.0,4.0,17.0,2.0,1.0,1.0,1,0,12,0,12,0,13.183,405.0,302.0,496.0,12.817,3.0,7.76,roster,0,72.0,60.0,0.8571,53.43,1.8,0.6,0.0,3.0,51.48,10.42,0.0,11.53,12.4
2020-08-14 05:00:00,5,23,23,0.0,4.0,16.0,2.0,1.0,1.0,0,0,12,0,12,0,14.183,465.0,362.0,556.0,13.817,3.0,7.76,roster,0,69.0,57.5,0.8214,52.68,1.725,0.575,0.0,3.0,49.33,10.42,0.0,12.93,13.9
2020-08-14 06:00:00,6,22,22,0.0,3.0,16.0,2.0,1.0,1.0,2,1,12,0,12,0,14.817,525.0,422.0,616.0,14.817,3.0,7.76,roster,0,65.0,55.0,0.7738,51.93,2.0057,0.55,0.1289,2.9545,47.19,10.42,0.0,14.32,15.4
2020-08-14 07:00:00,7,21,21,0.0,3.0,14.0,3.0,1.0,1.0,2,1,12,0,12,0,15.817,585.0,482.0,676.0,15.817,3.0,7.76,roster,0,61.0,52.5,0.7262,51.18,1.8993,0.525,0.1289,2.9048,45.04,10.42,0.0,15.72,16.9
2020-08-14 08:00:00,8,27,27,0.0,3.0,21.0,2.0,1.0,1.0,9,9,12,0,12,0,16.817,645.0,542.0,736.0,16.817,3.0,6.38,roster,0,80.0,67.5,0.9524,65.45,6.1797,0.675,1.4107,2.963,57.92,10.42,0.0,17.11,18.4
2020-08-14 09:00:00,9,29,29,0.0,2.0,24.0,2.0,1.0,1.0,7,7,12,0,12,0,15.833,617.5,91.0,773.0,13.417,3.0,6.38,roster,0,85.0,72.5,1.0119,70.6,5.3409,0.725,1.0972,2.931,62.2,10.42,0.0,17.97,19.325
2020-08-14 10:00:00,10,30,30,1.0,1.0,24.0,3.0,1.0,1.0,8,8,10,1,11,1,16.833,575.0,134.0,766.0,13.883,4.0,9.63,roster,0,88.0,75.0,0.7586,85.11,4.6368,0.75,0.8307,2.9333,64.35,9.55,13.4,17.81,19.15
2020-08-14 11:00:00,11,31,31,1.0,2.0,26.0,2.0,0.0,1.0,8,8,10,2,12,2,17.833,419.5,194.0,826.0,14.883,4.0,9.63,roster,0,95.0,77.5,0.8482,102.92,4.9208,0.775,0.8307,3.0645,66.5,10.42,26.8,19.2,20.65
2020-08-14 12:00:00,12,25,25,1.0,2.0,21.0,1.0,0.0,1.0,6,5,9,2,11,2,15.883,258.0,219.0,886.0,15.883,4.0,9.63,roster,0,78.0,62.5,0.6724,90.58,3.5699,0.625,0.5192,3.12,53.62,9.55,26.8,20.6,22.15
2020-08-14 13:00:00,13,22,22,1.0,2.0,18.0,1.0,0.0,1.0,5,5,6,1,7,1,16.667,314.0,279.0,946.0,16.667,4.0,9.63,roster,0,69.0,55.0,0.5227,68.66,3.3534,0.55,0.5192,3.1364,47.19,6.08,13.4,21.99,23.65
2020-08-14 14:00:00,14,25,25,2.0,3.0,20.0,0.0,0.0,1.0,6,6,5,1,6,1,17.667,249.5,91.0,357.0,17.667,4.0,9.63,roster,0,82.0,62.5,0.6029,60.54,4.0936,0.625,0.6231,3.28,53.62,5.21,13.4,8.3,8.925
2020-08-14 15:00:00,15,21,21,1.0,4.0,16.0,0.0,0.0,1.0,3,3,6,0,6,0,18.667,165.0,104.0,399.0,18.667,4.0,9.63,roster,0,69.0,52.5,0.5074,39.53,2.7486,0.525,0.3115,3.2857,45.04,5.21,0.0,9.28,9.975
2020-08-14 16:00:00,16,13,13,1.0,4.0,8.0,0.0,0.0,1.0,5,5,4,0,4,0,18.317,167.0,164.0,280.0,4.667,4.0,9.63,roster,0,45.0,32.5,0.3125,17.87,2.9223,0.325,0.5192,3.4615,27.88,3.47,0.0,6.51,7.0
2020-08-14 17:00:00,17,16,16,1.0,4.0,11.0,0.0,0.0,1.0,5,5,6,0,6,0,19.317,185.5,78.0,230.0,5.667,4.0,9.63,roster,0,54.0,40.0,0.3971,24.88,3.1023,0.4,0.5192,3.375,34.32,5.21,0.0,5.35,5.75
2020-08-14 18:00:00,18,11,11,1.0,2.0,8.0,0.0,0.0,1.0,0,0,4,0,4,0,20.317,172.5,138.0,400.0,6.667,4.0,9.63,roster,0,37.0,27.5,0.2569,16.37,0.925,0.275,0.0,3.3636,23.6,3.47,0.0,9.3,10.0
2020-08-14 19:00:00,19,17,17,0.0,3.0,14.0,0.0,0.0,1.0,9,9,3,0,3,0,9.167,267.0,182.0,460.0,7.667,4.0,9.63,roster,0,54.0,42.5,0.3649,29.76,4.3187,0.425,0.9346,3.1765,36.46,2.6,0.0,10.7,11.5
2020-08-14 20:00:00,20,22,22,0.0,3.0,17.0,2.0,0.0,1.0,10,9,4,1,5,1,10.167,82.0,78.0,99.0,8.667,4.0,9.93,roster,0,67.0,55.0,0.4786,47.23,4.4352,0.55,0.9063,3.0455,47.19,4.34,13.4,2.3,2.475
2020-08-14 21:00:00,21,32,32,0.0,5.0,25.0,2.0,0.0,1.0,14,13,5,1,6,1,11.167,140.0,126.0,159.0,9.667,4.0,9.93,roster,0,99.0,80.0,0.7279,70.95,6.5252,0.8,1.3092,3.0938,68.64,5.21,13.4,3.7,3.975
2020-08-14 22:00:00,22,27,27,0.0,5.0,20.0,2.0,0.0,1.0,4,5,7,1,8,1,10.667,118.5,81.0,219.0,10.667,3.0,6.68,roster,0,84.0,67.5,0.875,63.35,4.4287,0.675,0.7485,3.1111,57.92,6.95,13.4,5.09,5.475
2020-08-14 23:00:00,23,26,26,0.0,4.0,20.0,2.0,0.0,1.0,7,5,6,1,7,1,11.667,211.0,122.0,279.0,11.667,3.0,6.68,roster,0,80.0,65.0,0.8081,61.73,4.3031,0.65,0.7485,3.0769,55.77,6.08,13.4,6.49,6.975
2020-08-15 00:00:00,0,26,26,0.0,5.0,18.0,3.0,0.0,1.0,8,8,6,1,7,1,12.667,271.0,182.0,339.0,12.667,3.0,6.68,roster,0,80.0,65.0,0.8081,63.13,5.6849,0.65,1.1976,3.0769,55.77,6.08,13.4,7.88,8.475
2020-08-15 01:00:00,1,18,18,0.0,5.0,12.0,1.0,0.0,1.0,1,1,7,1,8,1,13.667,296.0,242.0,399.0,13.667,3.0,6.68,roster,0,58.0,45.0,0.6042,48.23,1.9324,0.45,0.1497,3.2222,38.61,6.95,13.4,9.28,9.975
2020-08-15 02:00:00,2,20,20,0.0,4.0,15.0,1.0,0.0,1.0,5,5,8,1,9,1,14.667,321.0,300.0,426.0,14.667,3.0,6.68,roster,0,63.0,50.0,0.6774,54.02,3.9328,0.5,0.7485,3.15,42.9,7.81,13.4,9.9,10.65
2020-08-15 03:00:00,3,25,25,0.0,5.0,19.0,1.0,0.0,1.0,6,6,8,2,10,2,15.667,371.5,186.0,486.0,15.667,3.0,6.68,roster,0,79.0,62.5,0.8778,80.41,4.8133,0.625,0.8982,3.16,53.62,8.68,26.8,11.3,12.15
2020-08-15 04:00:00,4,21,21,0.0,6.0,14.0,1.0,0.0,1.0,1,1,9,2,11,2,16.667,422.0,217.0,546.0,16.667,3.0,6.68,roster,0,68.0,52.5,0.7816,74.09,2.1847,0.525,0.1497,3.2381,45.04,9.55,26.8,12.69,13.65
2020-08-15 05:00:00,5,21,21,0.0,6.0,14.0,1.0,0.0,1.0,2,2,9,2,11,2,17.667,482.0,277.0,606.0,17.667,3.0,6.68,roster,0,68.0,52.5,0.7816,75.49,2.6695,0.525,0.2994,3.2381,45.04,9.55,26.8,14.09,15.15
2020-08-15 06:00:00,6,21,21,0.0,6.0,14.0,1.0,0.0,1.0,1,1,9,2,11,2,18.667,542.0,337.0,666.0,18.667,3.0,6.68,roster,0,68.0,52.5,0.7816,76.88,2.1847,0.525,0.1497,3.2381,45.04,9.55,26.8,15.48,16.65
2020-08-15 07:00:00,7,24,24,0.0,7.0,16.0,1.0,0.0,1.0,4,4,9,1,10,1,19.667,601.0,397.0,691.0,19.667,3.0,6.68,roster,0,78.0,60.0,0.8667,69.63,3.8961,0.6,0.5988,3.25,51.48,8.68,13.4,16.07,17.275
2020-08-15 08:00:00,8,21,21,0.0,8.0,12.0,1.0,0.0,1.0,3,3,10,0,10,0,20.667,661.0,457.0,751.0,20.667,3.0,6.58,roster,0,70.0,52.5,0.7778,51.19,3.2698,0.525,0.4559,3.3333,45.04,8.68,0.0,17.46,18.775
2020-08-15 09:00:00,9,25,25,1.0,7.0,15.0,2.0,0.0,1.0,9,9,8,0,8,0,21.667,633.0,517.0,811.0,21.667,3.0,6.58,roster,0,82.0,62.5,0.8542,59.43,6.5363,0.625,1.3678,3.28,53.62,6.95,0.0,18.86,20.275
2020-08-15 10:00:00,10,22,22,2.0,5.0,15.0,0.0,0.0,1.0,3,3,6,0,6,0,22.667,678.5,230.0,871.0,22.667,4.0,10.28,roster,0,75.0,55.0,0.5515,52.65,2.8699,0.55,0.2918,3.4091,47.19,5.21,0.0,20.25,21.775
2020-08-15 11:00:00,11,18,18,2.0,4.0,12.0,0.0,0.0,1.0,5,4,4,1,5,1,23.667,133.0,71.0,637.0,23.667,4.0,10.28,roster,0,62.0,45.0,0.4429,51.16,2.8903,0.45,0.3891,3.4444,38.61,4.34,13.4,14.81,15.925
2020-08-15 12:00:00,12,21,21,1.0,3.0,16.0,1.0,0.0,1.0,10,9,2,0,2,0,24.667,805.5,131.0,1480.0,24.667,4.0,10.28,roster,0,67.0,52.5,0.4408,61.19,4.4682,0.525,0.8755,3.1905,45.04,1.74,0.0,34.41,37.0
2020-08-15 13:00:00,13,22,22,1.0,3.0,16.0,2.0,0.0,1.0,10,7,5,0,5,0,25.667,111.0,90.0,191.0,25.667,4.0,10.28,roster,0,69.0,55.0,0.4929,35.97,3.8607,0.55,0.6809,3.1364,47.19,4.34,0.0,4.44,4.775
2020-08-15 14:00:00,14,20,20,1.0,3.0,14.0,2.0,0.0,1.0,6,4,5,0,5,0,26.667,150.0,140.0,171.0,26.667,4.0,10.28,roster,0,63.0,50.0,0.45,31.22,2.8007,0.5,0.3891,3.15,42.9,4.34,0.0,3.98,4.275
2020-08-15 15:00:00,15,23,23,0.0,1.0,21.0,1.0,0.0,1.0,10,8,4,0,4,0,7.5,188.0,166.0,231.0,3.85,4.0,10.28,roster,0,69.0,57.5,0.4792,38.18,4.0596,0.575,0.7782,3.0,49.33,3.47,0.0,5.37,5.775
2020-08-15 16:00:00,16,23,23,1.0,0.0,19.0,3.0,0.0,1.0,10,9,4,0,4,0,7.433,175.5,125.0,270.0,4.5,4.0,10.28,roster,0,68.0,57.5,0.4722,39.09,4.2884,0.575,0.8755,2.9565,49.33,3.47,0.0,6.28,6.75
2020-08-15 17:00:00,17,26,26,1.0,0.0,22.0,3.0,0.0,1.0,14,12,4,1,5,1,8.433,104.0,84.0,145.0,5.5,4.0,10.28,roster,0,77.0,65.0,0.55,56.88,5.382,0.65,1.1673,2.9615,55.77,4.34,13.4,3.37,3.625
2020-08-15 18:00:00,18,22,22,1.0,0.0,19.0,2.0,0.0,1.0,8,6,5,2,7,2,9.433,110.0,85.0,144.0,6.5,4.0,10.28,roster,0,66.0,55.0,0.5,63.42,3.401,0.55,0.5837,3.0,47.19,6.08,26.8,3.35,3.6
2020-08-15 19:00:00,19,24,24,1.0,3.0,20.0,0.0,0.0,1.0,11,10,3,2,5,2,10.433,170.0,155.0,189.0,3.4,4.0,10.28,roster,0,77.0,60.0,0.55,67.02,5.0459,0.6,0.9728,3.2083,51.48,4.34,26.8,4.39,4.725
2020-08-15 20:00:00,20,20,20,0.0,3.0,17.0,0.0,0.0,1.0,8,6,2,1,3,1,11.433,215.0,83.0,230.0,3.833,4.0,10.38,roster,0,63.0,50.0,0.4257,44.25,3.3958,0.5,0.578,3.15,42.9,2.6,13.4,5.35,5.75
2020-08-15 21:00:00,21,23,23,0.0,4.0,19.0,0.0,0.0,1.0,12,12,0,1,1,1,12.433,290.0,290.0,290.0,4.833,4.0,10.38,roster,0,73.0,57.5,0.4679,50.35,5.4943,0.575,1.1561,3.1739,49.33,0.87,13.4,6.74,7.25
2020-08-15 22:00:00,22,18,18,0.0,1.0,17.0,0.0,0.0,1.0,6,5,4,1,5,1,5.833,100.0,98.0,116.0,5.833,3.0,6.68,roster,0,55.0,45.0,0.5238,39.05,3.6621,0.45,0.7485,3.0556,38.61,4.34,13.4,2.7,2.9
2020-08-15 23:00:00,23,17,17,0.0,1.0,15.0,1.0,0.0,1.0,6,5,4,0,4,0,4.35,159.0,158.0,176.0,2.933,3.0,6.68,roster,0,51.0,42.5,0.4722,24.03,3.5205,0.425,0.7485,3.0,36.46,3.47,0.0,4.09,4.4
2020-08-16 00:00:00,0,14,14,0.0,1.0,13.0,0.0,0.0,1.0,4,3,3,0,3,0,5.35,220.0,190.0,236.0,3.933,3.0,6.68,roster,0,43.0,35.0,0.3874,18.12,2.4544,0.35,0.4491,3.0714,30.03,2.6,0.0,5.49,5.9
2020-08-16 01:00:00,1,18,18,0.0,1.0,14.0,3.0,0.0,1.0,9,8,4,0,4,0,6.283,265.0,250.0,296.0,4.933,3.0,6.68,roster,0,52.0,45.0,0.4815,28.97,4.7597,0.45,1.1976,2.8889,38.61,3.47,0.0,6.88,7.4
2020-08-16 02:00:00,2,16,16,0.0,1.0,12.0,3.0,0.0,1.0,5,4,4,1,5,1,7.283,310.0,176.0,340.0,5.933,3.0,6.68,roster,0,46.0,40.0,0.4381,39.97,2.8716,0.4,0.5988,2.875,34.32,4.34,13.4,7.9,8.5
2020-08-16 03:00:00,3,14,14,0.0,1.0,11.0,2.0,0.0,1.0,1,1,4,0,4,0,8.283,385.0,370.0,416.0,6.933,3.0,6.68,roster,0,41.0,35.0,0.3796,23.18,1.4634,0.35,0.1497,2.9286,30.03,3.47,0.0,9.67,10.4
2020-08-16 04:00:00,4,15,15,0.0,1.0,14.0,0.0,0.0,1.0,6,6,4,0,4,0,9.283,445.0,430.0,476.0,7.933,3.0,6.68,roster,0,46.0,37.5,0.4259,26.72,3.9045,0.375,0.8982,3.0667,32.17,3.47,0.0,11.07,11.9
2020-08-16 05:00:00,5,13,13,0.0,1.0,12.0,0.0,0.0,1.0,4,2,6,0,6,0,10.283,423.0,99.0,520.0,8.933,3.0,6.68,roster,0,40.0,32.5,0.3922,25.18,1.9212,0.325,0.2994,3.0769,27.88,5.21,0.0,12.09,13.0
2020-08-16 06:00:00,6,14,14,0.0,1.0,12.0,1.0,0.0,1.0,2,2,6,1,7,1,11.283,416.0,153.0,580.0,9.933,3.0,6.68,roster,0,42.0,35.0,0.4242,42.99,1.9482,0.35,0.2994,3.0,30.03,6.08,13.4,13.49,14.5
2020-08-16 07:00:00,7,11,11,0.0,0.0,10.0,1.0,0.0,1.0,1,0,6,0,6,0,10.933,543.0,219.0,640.0,10.933,3.0,6.68,roster,0,32.0,27.5,0.3137,23.68,0.8,0.275,0.0,2.9091,23.6,5.21,0.0,14.88,16.0
2020-08-16 08:00:00,8,13,13,0.0,1.0,10.0,2.0,0.0,1.0,5,4,6,0,6,0,11.933,603.0,279.0,700.0,11.933,3.0,6.72,roster,0,38.0,32.5,0.3725,29.37,2.6899,0.325,0.5952,2.9231,27.88,5.21,0.0,16.28,17.5
2020-08-16 09:00:00,9,13,13,0.0,1.0,11.0,1.0,0.0,1.0,4,4,4,1,5,1,12.933,596.0,339.0,760.0,12.933,3.0,6.72,roster,0,39.0,32.5,0.3714,43.3,2.7607,0.325,0.5952,3.0,27.88,4.34,13.4,17.67,19.0
2020-08-16 10:00:00,10,16,16,0.0,0.0,16.0,0.0,0.0,1.0,9,7,5,0,5,0,13.933,656.0,86.0,820.0,13.933,4.0,10.42,roster,0,48.0,40.0,0.3429,37.73,3.2154,0.4,0.6718,3.0,34.32,4.34,0.0,19.07,20.5
2020-08-16 11:00:00,11,17,17,0.0,0.0,17.0,0.0,0.0,1.0,8,7,4,0,4,0,14.933,422.0,128.0,896.0,14.933,4.0,10.42,roster,0,51.0,42.5,0.3542,40.77,3.2904,0.425,0.6718,3.0,36.46,3.47,0.0,20.83,22.4
2020-08-16 12:00:00,12,21,21,0.0,1.0,19.0,0.0,1.0,1.0,12,10,3,0,3,0,15.933,188.0,133.0,956.0,15.933,4.0,10.42,roster,0,62.0,52.5,0.4189,49.88,4.3834,0.525,0.9597,2.9524,45.04,2.6,0.0,22.23,23.9
2020-08-16 13:00:00,13,24,24,1.0,2.0,20.0,0.0,1.0,1.0,10,11,1,0,1,0,16.817,60.0,60.0,60.0,1.0,4.0,10.42,roster,0,74.0,60.0,0.4744,33.74,5.105,0.6,1.0557,3.0833,51.48,0.87,0.0,1.4,1.5
2020-08-16 14:00:00,14,27,27,1.0,2.0,22.0,1.0,1.0,1.0,8,7,2,1,3,1,17.817,100.0,83.0,120.0,2.0,4.0,10.42,roster,0,82.0,67.5,0.5541,56.71,4.0902,0.675,0.6718,3.037,57.92,2.6,13.4,2.79,3.0
2020-08-16 15:00:00,15,31,31,1.0,2.0,23.0,4.0,1.0,1.0,13,12,4,1,5,1,11.517,143.0,104.0,160.0,3.0,4.0,10.42,roster,0,91.0,77.5,0.65,67.96,5.6556,0.775,1.1516,2.9355,66.5,4.34,13.4,3.72,4.0
2020-08-16 16:00:00,16,30,30,1.0,4.0,23.0,1.0,1.0,1.0,12,11,4,1,5,1,6.717,203.0,88.0,220.0,4.0,4.0,10.42,roster,0,93.0,75.0,0.6643,67.21,5.5976,0.75,1.0557,3.1,64.35,4.34,13.4,5.12,5.5
2020-08-16 17:00:00,17,27,27,1.0,4.0,20.0,1.0,1.0,1.0,4,4,8,2,10,2,7.717,121.0,89.0,263.0,5.0,4.0,10.42,roster,0,84.0,67.5,0.7,79.51,3.2943,0.675,0.3839,3.1111,57.92,8.68,26.8,6.11,6.575
2020-08-16 18:00:00,18,30,30,1.0,2.0,25.0,1.0,1.0,1.0,8,8,7,2,9,2,8.717,170.0,146.0,208.0,6.0,4.0,10.42,roster,0,91.0,75.0,0.7339,83.8,4.6039,0.75,0.7678,3.0333,64.35,7.81,26.8,4.84,5.2
2020-08-16 19:00:00,19,27,27,0.0,2.0,23.0,2.0,0.0,1.0,9,9,6,2,8,2,9.6,207.5,185.0,400.0,7.0,4.0,10.42,roster,0,81.0,67.5,0.6328,80.96,4.6162,0.675,0.8637,3.0,57.92,6.95,26.8,9.3,10.0
2020-08-16 20:00:00,20,20,20,0.0,2.0,17.0,1.0,0.0,1.0,7,7,5,0,5,0,10.6,266.0,245.0,290.0,8.0,4.0,11.46,roster,0,61.0,50.0,0.4357,33.98,3.388,0.5,0.6108,3.05,42.9,4.34,0.0,6.74,7.25
2020-08-16 21:00:00,21,25,25,0.0,3.0,21.0,1.0,0.0,1.0,12,10,5,1,6,1,11.6,274.5,119.0,350.0,9.0,4.0,11.46,roster,0,77.0,62.5,0.5662,60.37,4.6126,0.625,0.8726,3.08,53.62,5.21,13.4,8.14,8.75
2020-08-16 22:00:00,22,23,23,0.0,4.0,18.0,1.0,0.0,1.0,11,10,6,1,7,1,12.6,283.0,131.0,410.0,10.0,3.0,7.76,roster,0,72.0,57.5,0.7273,58.35,5.8341,0.575,1.2887,3.1304,49.33,6.08,13.4,9.53,10.25
2020-08-16 23:00:00,23,26,26,0.0,4.0,21.0,1.0,0.0,1.0,10,9,7,1,8,1,13.6,215.0,179.0,470.0,11.0,3.0,7.76,roster,0,81.0,65.0,0.8438,67.04,5.6382,0.65,1.1598,3.1154,55.77,6.95,13.4,10.93,11.75
2020-08-17 00:00:00,0,22,22,0.0,3.0,18.0,1.0,0.0,1.0,5,4,8,0,8,0,14.6,245.0,165.0,530.0,12.0,3.0,7.76,roster,0,68.0,55.0,0.7083,46.46,3.2933,0.55,0.5155,3.0909,47.19,6.95,0.0,12.32,13.25
2020-08-17 01:00:00,1,23,23,0.0,3.0,19.0,1.0,0.0,1.0,4,4,9,0,9,0,15.6,299.0,192.0,463.0,13.0,3.0,7.76,roster,0,71.0,57.5,0.7634,47.91,3.3662,0.575,0.5155,3.087,49.33,7.81,0.0,10.76,11.575
2020-08-17 02:00:00,2,21,21,1.0,3.0,16.0,1.0,0.0,1.0,3,2,9,0,9,0,16.6,359.0,252.0,523.0,14.0,3.0,7.76,roster,0,67.0,52.5,0.7204,45.02,2.4973,0.525,0.2577,3.1905,45.04,7.81,0.0,12.16,13.075
2020-08-17 03:00:00,3,22,22,0.0,4.0,17.0,1.0,0.0,1.0,3,3,9,0,9,0,17.6,419.0,312.0,583.0,15.0,3.0,7.76,roster,0,69.0,55.0,0.7419,48.56,2.9375,0.55,0.3866,3.1364,47.19,7.81,0.0,13.55,14.575
2020-08-17 04:00:00,4,25,25,0.0,3.0,20.0,2.0,0.0,1.0,5,4,9,0,9,0,18.6,479.0,372.0,643.0,16.0,3.0,7.76,roster,0,76.0,62.5,0.8172,56.39,3.467,0.625,0.5155,3.04,53.62,7.81,0.0,14.95,16.075
2020-08-17 05:00:00,5,22,22,0.0,2.0,19.0,1.0,0.0,1.0,4,4,9,0,9,0,19.6,539.0,432.0,703.0,17.0,3.0,7.76,roster,0,67.0,55.0,0.7204,51.35,3.2448,0.55,0.5155,3.0455,47.19,7.81,0.0,16.34,17.575
2020-08-17 06:00:00,6,23,23,0.0,2.0,20.0,1.0,0.0,1.0,3,3,10,0,10,0,20.6,562.0,425.0,763.0,18.0,3.0,7.76,roster,0,70.0,57.5,0.7778,55.76,2.9266,0.575,0.3866,3.0435,49.33,8.68,0.0,17.74,19.075
2020-08-17 07:00:00,7,24,24,0.0,2.0,19.0,3.0,0.0,1.0,6,5,11,0,11,0,21.6,585.0,467.0,823.0,19.0,3.0,7.76,roster,0,71.0,60.0,0.8161,60.17,3.6811,0.6,0.6443,2.9583,51.48,9.55,0.0,19.13,20.575
2020-08-17 08:00:00,8,26,26,0.0,4.0,21.0,1.0,0.0,1.0,5,5,12,1,13,1,22.6,612.0,221.0,731.0,20.0,3.0,6.38,roster,0,81.0,65.0,1.0,77.45,4.4665,0.65,0.7837,3.1154,55.77,11.29,13.4,17.0,18.275
2020-08-17 09:00:00,9,25,25,0.0,6.0,17.0,2.0,0.0,1.0,5,5,10,1,11,1,23.6,672.0,166.0,943.0,21.0,3.0,6.38,roster,0,79.0,62.5,0.908,78.5,4.4515,0.625,0.7837,3.16,53.62,9.55,13.4,21.92,23.575
2020-08-17 10:00:00,10,30,30,0.0,6.0,24.0,0.0,0.0,1.0,14,13,10,1,11,1,24.6,665.0,189.0,1003.0,22.0,4.0,9.84,roster,0,96.0,75.0,0.8276,90.62,6.6276,0.75,1.3211,3.2,64.35,9.55,13.4,23.32,25.075
2020-08-17 11:00:00,11,31,31,0.0,4.0,27.0,0.0,0.0,1.0,9,8,15,1,16,1,23.0,205.5,107.0,792.0,23.0,4.0,9.84,roster,0,97.0,77.5,1.0104,92.2,4.9689,0.775,0.813,3.129,66.5,13.89,13.4,18.41,19.8
2020-08-17 12:00:00,12,32,32,0.0,3.0,27.0,2.0,0.0,1.0,6,4,19,1,20,1,24.0,158.5,117.0,767.0,24.0,4.0,9.84,roster,0,97.0,80.0,1.2125,97.24,3.6572,0.8,0.4065,3.0312,68.64,17.37,13.4,17.83,19.175
2020-08-17 13:00:00,13,28,28,0.0,2.0,24.0,2.0,0.0,1.0,6,5,14,1,15,1,25.0,201.0,133.0,845.0,25.0,4.0,9.84,roster,0,84.0,70.0,0.84,86.13,3.6244,0.7,0.5081,3.0,60.06,13.02,13.4,19.65,21.125
2020-08-17 14:00:00,14,30,30,0.0,1.0,27.0,2.0,0.0,1.0,10,6,14,1,15,1,22.833,257.0,157.0,429.0,22.833,4.0,9.84,roster,0,89.0,75.0,0.89,80.75,4.0339,0.75,0.6098,2.9667,64.35,13.02,13.4,9.97,10.725
2020-08-17 15:00:00,15,27,27,0.0,1.0,24.0,2.0,0.0,1.0,5,4,11,1,12,1,20.317,157.5,104.0,330.0,16.083,4.0,9.84,roster,0,80.0,67.5,0.7143,69.41,3.2045,0.675,0.4065,2.963,57.92,10.42,13.4,7.67,8.25
2020-08-17 16:00:00,16,25,25,0.0,4.0,16.0,5.0,0.0,1.0,8,7,10,0,10,0,21.317,184.0,124.0,277.0,6.5,4.0,9.84,roster,0,74.0,62.5,0.6167,48.75,3.9557,0.625,0.7114,2.96,53.62,8.68,0.0,6.44,6.925
2020-08-17 17:00:00,17,28,28,0.0,4.0,19.0,5.0,0.0,1.0,8,7,9,1,10,1,22.317,219.0,166.0,337.0,7.5,4.0,9.84,roster,0,83.0,70.0,0.6917,69.98,4.1837,0.7,0.7114,2.9643,60.06,8.68,13.4,7.84,8.425
2020-08-17 18:00:00,18,24,24,0.0,2.0,22.0,0.0,0.0,1.0,6,6,9,1,10,1,23.317,247.5,115.0,397.0,8.5,4.0,9.84,roster,0,74.0,60.0,0.6167,62.79,3.7301,0.6,0.6098,3.0833,51.48,8.68,13.4,9.23,9.925
2020-08-17 19:00:00,19,26,26,0.0,2.0,24.0,0.0,0.0,1.0,6,6,9,0,9,0,24.317,311.0,134.0,457.0,9.5,4.0,9.84,roster,0,80.0,65.0,0.6452,54.21,3.8762,0.65,0.6098,3.0769,55.77,7.81,0.0,10.63,11.425
2020-08-17 20:00:00,20,26,26,0.0,3.0,21.0,2.0,0.0,1.0,9,7,6,0,6,0,25.317,279.0,191.0,371.0,8.617,4.0,10.04,roster,0,79.0,65.0,0.5809,49.61,4.0934,0.65,0.6972,3.0385,55.77,5.21,0.0,8.63,9.275
2020-08-17 21:00:00,21,30,30,0.0,3.0,24.0,3.0,0.0,1.0,12,10,5,0,5,0,26.317,251.0,65.0,254.0,7.067,4.0,10.04,roster,0,90.0,75.0,0.6429,54.6,5.238,0.75,0.996,3.0,64.35,4.34,0.0,5.91,6.35
2020-08-17 22:00:00,22,31,31,0.0,1.0,28.0,2.0,0.0,1.0,14,14,8,0,8,0,27.317,118.0,80.0,314.0,8.067,3.0,6.58,roster,0,92.0,77.5,0.9583,60.74,8.6143,0.775,2.1277,2.9677,66.5,6.95,0.0,7.3,7.85
2020-08-17 23:00:00,23,25,25,0.0,1.0,22.0,2.0,0.0,1.0,3,3,9,0,9,0,28.317,173.0,126.0,185.0,9.067,3.0,6.58,roster,0,74.0,62.5,0.7957,45.74,3.1995,0.625,0.4559,2.96,53.62,7.81,0.0,4.3,4.625
2020-08-18 00:00:00,0,28,28,0.0,1.0,25.0,2.0,0.0,1.0,8,8,9,0,9,0,14.133,233.0,186.0,245.0,10.067,3.0,6.58,roster,0,83.0,70.0,0.8925,53.57,5.679,0.7,1.2158,2.9643,60.06,7.81,0.0,5.7,6.125
2020-08-18 01:00:00,1,28,28,0.0,2.0,25.0,1.0,0.0,1.0,6,6,10,0,10,0,15.133,276.5,205.0,305.0,11.067,3.0,6.58,roster,0,85.0,70.0,0.9444,55.83,4.8931,0.7,0.9119,3.0357,60.06,8.68,0.0,7.09,7.625
2020-08-18 02:00:00,2,22,22,0.0,2.0,19.0,1.0,0.0,1.0,1,1,11,0,11,0,16.133,320.0,259.0,365.0,12.067,3.0,6.58,roster,0,67.0,55.0,0.7701,45.23,2.1378,0.55,0.152,3.0455,47.19,9.55,0.0,8.49,9.125
2020-08-18 03:00:00,3,23,23,0.0,2.0,20.0,1.0,0.0,1.0,4,3,11,0,11,0,17.133,380.0,319.0,425.0,13.067,3.0,6.58,roster,0,70.0,57.5,0.8046,48.77,3.1376,0.575,0.4559,3.0435,49.33,9.55,0.0,9.88,10.625
2020-08-18 04:00:00,4,24,24,0.0,2.0,21.0,1.0,0.0,1.0,4,4,11,0,11,0,18.133,440.0,379.0,485.0,14.067,3.0,6.58,roster,0,73.0,60.0,0.8391,52.31,3.674,0.6,0.6079,3.0417,51.48,9.55,0.0,11.28,12.125
2020-08-18 05:00:00,5,23,23,0.0,2.0,20.0,1.0,0.0,1.0,4,2,11,0,11,0,19.133,500.0,439.0,545.0,15.067,3.0,6.58,roster,0,70.0,57.5,0.8046,51.56,2.6751,0.575,0.304,3.0435,49.33,9.55,0.0,12.67,13.625
2020-08-18 06:00:00,6,20,20,0.0,2.0,17.0,1.0,0.0,1.0,1,1,11,0,11,0,20.133,560.0,499.0,605.0,16.067,3.0,6.58,roster,0,61.0,50.0,0.7011,46.52,1.9885,0.5,0.152,3.05,42.9,9.55,0.0,14.07,15.125
2020-08-18 07:00:00,7,24,24,0.0,3.0,20.0,1.0,0.0,1.0,5,5,11,0,11,0,21.133,620.0,559.0,665.0,17.067,3.0,6.58,roster,0,74.0,60.0,0.8506,56.49,4.193,0.6,0.7599,3.0833,51.48,9.55,0.0,15.46,16.625
2020-08-18 08:00:00,8,29,29,0.0,3.0,25.0,1.0,0.0,1.0,7,7,12,0,12,0,22.133,673.0,619.0,725.0,18.067,3.0,8.06,roster,0,89.0,72.5,1.0595,69.48,4.8904,0.725,0.8685,3.069,62.2,10.42,0.0,16.86,18.125
2020-08-18 09:00:00,9,28,28,0.0,1.0,26.0,1.0,0.0,1.0,7,7,9,0,9,0,23.133,685.0,595.0,773.0,19.067,3.0,8.06,roster,0,84.0,70.0,0.9032,65.85,4.7055,0.7,0.8685,3.0,60.06,7.81,0.0,17.97,19.325
2020-08-18 10:00:00,10,31,31,0.0,3.0,27.0,1.0,0.0,1.0,5,5,10,0,10,0,24.133,742.0,212.0,833.0,20.067,4.0,11.76,roster,0,95.0,77.5,0.7917,74.55,3.6779,0.775,0.4252,3.0645,66.5,8.68,0.0,19.37,20.825
2020-08-18 11:00:00,11,24,24,0.0,3.0,21.0,0.0,0.0,1.0,3,3,11,0,11,0,25.133,799.0,221.0,893.0,21.067,4.0,11.76,roster,0,75.0,60.0,0.6466,61.79,2.6722,0.6,0.2551,3.125,51.48,9.55,0.0,20.76,22.325
2020-08-18 12:00:00,12,27,27,0.0,5.0,22.0,0.0,0.0,1.0,6,5,11,0,11,0,26.133,775.0,186.0,953.0,22.067,4.0,11.76,roster,0,86.0,67.5,0.7414,69.62,3.5042,0.675,0.4252,3.1852,57.92,9.55,0.0,22.16,23.825
2020-08-18 13:00:00,13,24,24,0.0,6.0,18.0,0.0,0.0,1.0,6,5,8,0,8,0,27.133,167.0,100.0,1214.0,23.067,4.0,11.76,roster,0,78.0,60.0,0.6094,66.65,3.3318,0.6,0.4252,3.25,51.48,6.95,0.0,28.23,30.35
2020-08-18 14:00:00,14,27,27,0.0,5.0,22.0,0.0,0.0,1.0,9,9,9,0,9,0,28.133,191.0,133.0,452.0,24.067,4.0,11.76,roster,0,86.0,67.5,0.6935,56.24,4.5876,0.675,0.7653,3.1852,57.92,7.81,0.0,10.51,11.3
2020-08-18 15:00:00,15,19,19,0.0,3.0,16.0,0.0,0.0,1.0,3,3,3,0,3,0,29.133,251.0,93.0,323.0,5.383,4.0,11.76,roster,0,60.0,47.5,0.4054,30.87,2.3056,0.475,0.2551,3.1579,40.75,2.6,0.0,7.51,8.075
2020-08-18 16:00:00,16,21,21,0.0,2.0,19.0,0.0,0.0,1.0,8,8,1,0,1,0,30.133,383.0,383.0,383.0,6.383,4.0,11.76,roster,0,65.0,52.5,0.4167,34.82,3.7306,0.525,0.6803,3.0952,45.04,0.87,0.0,8.9,9.575
2020-08-18 17:00:00,17,23,23,0.0,2.0,21.0,0.0,0.0,1.0,4,4,2,0,2,0,31.133,277.0,111.0,443.0,7.383,4.0,11.76,roster,0,71.0,57.5,0.4671,41.37,2.825,0.575,0.3401,3.087,49.33,1.74,0.0,10.3,11.075
2020-08-18 18:00:00,18,24,24,0.0,2.0,22.0,0.0,0.0,1.0,7,6,4,0,4,0,32.133,85.0,83.0,171.0,2.85,4.0,11.76,roster,0,74.0,60.0,0.5139,38.93,3.4231,0.6,0.5102,3.0833,51.48,3.47,0.0,3.98,4.275
2020-08-18 19:00:00,19,21,21,0.0,0.0,21.0,0.0,0.0,1.0,8,6,4,0,4,0,33.133,134.0,125.0,231.0,3.85,4.0,11.76,roster,0,63.0,52.5,0.4375,33.89,3.1056,0.525,0.5102,3.0,45.04,3.47,0.0,5.37,5.775
2020-08-18 20:00:00,20,15,15,0.0,0.0,15.0,0.0,0.0,1.0,1,1,3,0,3,0,34.133,185.0,99.0,203.0,3.383,4.0,11.44,roster,0,45.0,37.5,0.3041,19.5,1.3872,0.375,0.0874,3.0,32.17,2.6,0.0,4.72,5.075
2020-08-18 21:00:00,21,21,21,0.0,2.0,18.0,1.0,0.0,1.0,11,8,2,0,2,0,35.133,211.0,159.0,263.0,4.383,4.0,11.44,roster,0,64.0,52.5,0.4211,32.9,3.7312,0.525,0.6993,3.0476,45.04,1.74,0.0,6.11,6.575
2020-08-18 22:00:00,22,15,15,0.0,2.0,13.0,0.0,0.0,1.0,4,3,1,0,1,0,36.133,219.0,219.0,219.0,3.65,3.0,7.74,roster,0,47.0,37.5,0.4017,18.14,2.3895,0.375,0.3876,3.1333,32.17,0.87,0.0,5.09,5.475
2020-08-18 23:00:00,23,12,12,0.0,1.0,11.0,0.0,0.0,1.0,4,3,0,0,0,0,37.133,0.0,,,,3.0,7.74,roster,0,37.0,30.0,0.3083,5.74,2.1201,0.3,0.3876,3.0833,25.74,0.0,0.0,0.0,0.0
2020-08-19 00:00:00,0,19,19,0.0,2.0,17.0,0.0,0.0,1.0,10,8,0,0,0,0,38.133,0.0,,,,3.0,7.74,roster,0,59.0,47.5,0.4917,20.75,4.6846,0.475,1.0336,3.1053,40.75,0.0,0.0,0.0,0.0
2020-08-19 01:00:00,1,17,17,0.0,2.0,15.0,0.0,0.0,1.0,5,4,1,0,1,0,39.133,105.0,105.0,105.0,1.75,3.0,7.74,roster,0,53.0,42.5,0.453,19.77,2.9362,0.425,0.5168,3.1176,36.46,0.87,0.0,2.44,2.625
2020-08-19 02:00:00,2,17,17,0.0,3.0,14.0,0.0,0.0,1.0,3,3,1,0,1,0,40.133,165.0,165.0,165.0,2.75,3.0,7.74,roster,0,54.0,42.5,0.4615,21.17,2.5812,0.425,0.3876,3.1765,36.46,0.87,0.0,3.84,4.125
2020-08-19 03:00:00,3,19,19,0.0,3.0,16.0,0.0,0.0,1.0,4,4,1,1,2,1,41.133,158.5,92.0,225.0,3.75,3.0,7.74,roster,0,60.0,47.5,0.5263,41.12,3.132,0.475,0.5168,3.1579,40.75,1.74,13.4,5.23,5.625
2020-08-19 04:00:00,4,18,18,0.0,2.0,16.0,0.0,0.0,1.0,3,3,1,1,2,1,42.133,218.5,152.0,285.0,4.75,3.0,7.74,roster,0,56.0,45.0,0.4912,40.37,2.6059,0.45,0.3876,3.1111,38.61,1.74,13.4,6.63,7.125
2020-08-19 05:00:00,5,18,18,0.0,1.0,17.0,0.0,0.0,1.0,4,3,1,0,1,0,43.133,345.0,345.0,345.0,5.75,3.0,7.74,roster,0,55.0,45.0,0.4701,27.5,2.5593,0.45,0.3876,3.0556,38.61,0.87,0.0,8.02,8.625
2020-08-19 06:00:00,6,20,20,0.0,1.0,19.0,0.0,0.0,1.0,4,3,2,0,2,0,44.133,250.5,96.0,405.0,6.75,3.0,7.74,roster,0,61.0,50.0,0.5351,34.05,2.7072,0.5,0.3876,3.05,42.9,1.74,0.0,9.42,10.125
2020-08-19 07:00:00,7,22,22,0.0,1.0,21.0,0.0,0.0,1.0,3,3,3,0,3,0,45.133,156.0,106.0,465.0,7.75,3.0,7.74,roster,0,67.0,55.0,0.6036,40.61,2.8554,0.55,0.3876,3.0455,47.19,2.6,0.0,10.81,11.625
2020-08-19 08:00:00,8,18,18,0.0,2.0,16.0,0.0,0.0,1.0,2,1,2,0,2,0,46.133,345.5,166.0,525.0,8.75,3.0,6.5,roster,0,56.0,45.0,0.4912,32.55,1.8786,0.45,0.1538,3.1111,38.61,1.74,0.0,12.21,13.125
2020-08-19 09:00:00,9,17,17,0.0,0.0,17.0,0.0,0.0,1.0,4,4,1,0,1,0,47.133,585.0,585.0,585.0,9.75,3.0,6.5,roster,0,51.0,42.5,0.4359,30.93,3.1212,0.425,0.6154,3.0,36.46,0.87,0.0,13.6,14.625
2020-08-19 10:00:00,10,15,15,0.0,1.0,14.0,0.0,0.0,1.0,3,2,2,0,2,0,48.133,368.5,92.0,645.0,10.75,4.0,9.75,roster,0,46.0,37.5,0.3026,28.91,1.7791,0.375,0.2051,3.0667,32.17,1.74,0.0,15.0,16.125
2020-08-19 11:00:00,11,18,18,0.0,2.0,16.0,0.0,0.0,1.0,7,7,1,0,1,0,49.133,705.0,705.0,705.0,11.75,4.0,9.75,roster,0,56.0,45.0,0.359,35.87,3.6336,0.45,0.7179,3.1111,38.61,0.87,0.0,16.39,17.625
2020-08-19 12:00:00,12,18,18,0.0,1.0,17.0,0.0,0.0,1.0,7,6,3,0,3,0,50.133,78.0,61.0,765.0,12.75,4.0,9.75,roster,0,55.0,45.0,0.3716,39.0,3.2553,0.45,0.6154,3.0556,38.61,2.6,0.0,17.79,19.125
2020-08-19 13:00:00,13,22,22,0.0,2.0,17.0,3.0,0.0,1.0,7,7,4,0,4,0,51.133,129.5,121.0,825.0,13.75,4.0,9.75,roster,0,65.0,55.0,0.4514,49.84,3.7462,0.55,0.7179,2.9545,47.19,3.47,0.0,19.18,20.625
2020-08-19 14:00:00,14,20,20,0.0,3.0,15.0,2.0,0.0,1.0,5,4,4,1,5,1,52.133,157.0,108.0,181.0,3.3,4.0,9.75,roster,0,61.0,50.0,0.4357,44.85,2.7763,0.5,0.4103,3.05,42.9,4.34,13.4,4.21,4.525
2020-08-19 15:00:00,15,18,18,0.0,5.0,11.0,2.0,0.0,1.0,4,3,3,2,5,2,53.133,130.0,113.0,168.0,3.617,4.0,9.75,roster,0,57.0,45.0,0.4071,53.66,2.3994,0.45,0.3077,3.1667,38.61,4.34,26.8,3.91,4.2
2020-08-19 16:00:00,16,17,17,0.0,2.0,9.0,6.0,0.0,1.0,8,8,3,1,4,1,54.133,181.5,173.0,277.0,4.617,4.0,9.75,roster,0,47.0,42.5,0.3264,39.78,3.4435,0.425,0.8205,2.7647,36.46,3.47,13.4,6.44,6.925
2020-08-19 17:00:00,17,14,14,0.0,1.0,9.0,4.0,0.0,1.0,3,3,2,0,2,0,55.133,174.0,115.0,233.0,3.883,4.0,9.75,roster,0,39.0,35.0,0.2566,17.18,1.8321,0.35,0.3077,2.7857,30.03,1.74,0.0,5.42,5.825
2020-08-19 18:00:00,18,10,10,0.0,1.0,7.0,2.0,0.0,1.0,4,3,1,0,1,0,56.133,293.0,293.0,293.0,4.883,4.0,9.75,roster,0,29.0,25.0,0.1859,9.13,1.6173,0.25,0.3077,2.9,21.45,0.87,0.0,6.81,7.325
2020-08-19 19:00:00,19,13,13,0.0,1.0,10.0,2.0,0.0,1.0,7,6,2,0,2,0,57.133,110.0,109.0,111.0,1.85,4.0,9.75,roster,0,38.0,32.5,0.25,12.2,2.7488,0.325,0.6154,2.9231,27.88,1.74,0.0,2.58,2.775
2020-08-19 20:00:00,20,15,15,0.0,0.0,11.0,4.0,0.0,1.0,6,6,1,0,1,0,58.133,169.0,169.0,169.0,2.817,4.0,9.82,roster,0,41.0,37.5,0.2628,16.97,2.6951,0.375,0.611,2.7333,32.17,0.87,0.0,3.93,4.225
2020-08-19 21:00:00,21,16,16,0.0,2.0,12.0,2.0,0.0,1.0,8,7,0,0,0,0,59.133,0.0,,,,4.0,9.82,roster,0,48.0,40.0,0.3,14.32,3.3385,0.4,0.7128,3.0,34.32,0.0,0.0,0.0,0.0
2020-08-19 22:00:00,22,17,17,0.0,5.0,11.0,1.0,0.0,1.0,6,4,2,0,2,0,60.133,72.5,63.0,82.0,1.367,3.0,6.57,roster,0,55.0,42.5,0.4825,20.11,3.3447,0.425,0.6088,3.2353,36.46,1.74,0.0,1.91,2.05
2020-08-19 23:00:00,23,16,16,0.0,5.0,10.0,1.0,0.0,1.0,4,3,2,1,3,1,61.133,123.0,61.0,142.0,2.367,3.0,6.57,roster,0,52.0,40.0,0.4685,33.63,2.784,0.4,0.4566,3.25,34.32,2.6,13.4,3.3,3.55
2020-08-20 00:00:00,0,20,20,0.0,5.0,14.0,1.0,0.0,1.0,7,6,3,0,3,0,62.133,183.0,108.0,202.0,3.367,3.0,6.57,roster,0,64.0,50.0,0.5766,30.2,4.5224,0.5,0.9132,3.2,42.9,2.6,0.0,4.7,5.05
2020-08-20 01:00:00,1,20,20,0.0,5.0,14.0,1.0,0.0,1.0,5,5,4,0,4,0,63.133,205.5,168.0,262.0,4.367,3.0,6.57,roster,0,64.0,50.0,0.5926,32.46,4.0353,0.5,0.761,3.2,42.9,3.47,0.0,6.09,6.55
2020-08-20 02:00:00,2,18,18,0.0,4.0,14.0,0.0,0.0,1.0,3,3,5,0,5,0,64.133,228.0,132.0,303.0,5.367,3.0,6.57,roster,0,58.0,45.0,0.5524,30.0,2.9213,0.45,0.4566,3.2222,38.61,4.34,0.0,7.04,7.575
2020-08-20 03:00:00,3,18,18,0.0,4.0,12.0,1.0,1.0,1.0,6,5,6,0,6,0,65.133,240.0,168.0,363.0,6.367,3.0,6.57,roster,0,55.0,45.0,0.5392,32.26,3.7004,0.45,0.761,3.0556,38.61,5.21,0.0,8.44,9.075
2020-08-20 04:00:00,4,20,20,0.0,4.0,14.0,1.0,1.0,1.0,3,3,7,0,7,0,66.133,252.0,132.0,423.0,7.367,3.0,6.57,roster,0,61.0,50.0,0.6162,38.81,2.9177,0.5,0.4566,3.05,42.9,6.08,0.0,9.83,10.575
2020-08-20 05:00:00,5,21,21,0.0,6.0,14.0,0.0,1.0,1.0,2,2,7,0,7,0,67.133,312.0,192.0,483.0,8.367,3.0,6.57,roster,0,67.0,52.5,0.6768,42.35,2.6462,0.525,0.3044,3.1905,45.04,6.08,0.0,11.23,12.075
2020-08-20 06:00:00,6,20,20,0.0,6.0,13.0,0.0,1.0,1.0,0,0,7,0,7,0,68.133,372.0,252.0,543.0,9.367,3.0,6.57,roster,0,64.0,50.0,0.6465,41.6,1.6,0.5,0.0,3.2,42.9,6.08,0.0,12.62,13.575
2020-08-20 07:00:00,7,24,24,0.0,7.0,16.0,0.0,1.0,1.0,5,5,7,0,7,0,69.133,432.0,312.0,603.0,10.367,3.0,6.57,roster,0,77.0,60.0,0.7778,51.58,4.3667,0.6,0.761,3.2083,51.48,6.08,0.0,14.02,15.075
2020-08-20 08:00:00,8,25,25,1.0,6.0,17.0,0.0,1.0,1.0,4,5,10,0,10,0,70.133,420.0,118.0,588.0,11.367,3.0,7.76,roster,0,81.0,62.5,0.9,55.98,4.1126,0.625,0.6443,3.24,53.62,8.68,0.0,13.67,14.7
2020-08-20 09:00:00,9,27,27,1.0,4.0,21.0,0.0,1.0,1.0,6,6,9,0,9,0,71.133,178.0,164.0,648.0,12.367,3.0,7.76,roster,0,85.0,67.5,0.914,60.8,4.5591,0.675,0.7732,3.1481,57.92,7.81,0.0,15.07,16.2
2020-08-20 10:00:00,10,27,27,1.0,3.0,23.0,0.0,0.0,1.0,7,6,6,0,6,0,72.133,230.0,169.0,238.0,10.2,4.0,11.1,roster,0,86.0,67.5,0.6324,48.66,3.8717,0.675,0.5405,3.1852,57.92,5.21,0.0,5.53,5.95
2020-08-20 11:00:00,11,25,25,1.0,3.0,21.0,0.0,0.0,1.0,3,3,9,0,9,0,73.133,200.0,73.0,284.0,4.967,4.0,11.1,roster,0,80.0,62.5,0.6452,48.04,2.8649,0.625,0.2703,3.2,53.62,7.81,0.0,6.6,7.1
2020-08-20 12:00:00,12,26,26,1.0,3.0,22.0,0.0,0.0,1.0,6,6,7,0,7,0,18.733,172.0,129.0,356.0,5.967,4.0,11.1,roster,0,83.0,65.0,0.6288,50.13,3.8006,0.65,0.5405,3.1923,55.77,6.08,0.0,8.28,8.9
2020-08-20 13:00:00,13,24,24,1.0,3.0,20.0,0.0,0.0,1.0,5,4,8,0,8,0,19.733,186.0,110.0,349.0,6.933,4.0,11.1,roster,0,77.0,60.0,0.6016,46.54,3.0812,0.6,0.3604,3.2083,51.48,6.95,0.0,8.11,8.725
2020-08-20 14:00:00,14,27,27,1.0,5.0,21.0,0.0,0.0,1.0,9,8,7,0,7,0,20.733,249.0,149.0,409.0,7.933,4.0,11.1,roster,0,88.0,67.5,0.6667,53.5,4.549,0.675,0.7207,3.2593,57.92,6.08,0.0,9.51,10.225
2020-08-20 15:00:00,15,28,28,1.0,6.0,21.0,0.0,0.0,1.0,10,10,5,1,6,1,12.533,153.5,86.0,309.0,5.217,4.0,11.1,roster,0,92.0,70.0,0.6765,65.85,5.2601,0.7,0.9009,3.2857,60.06,5.21,13.4,7.18,7.725
2020-08-20 16:00:00,16,25,25,1.0,5.0,19.0,0.0,0.0,1.0,11,10,8,1,9,1,8.683,119.0,86.0,146.0,6.217,4.0,11.1,roster,0,82.0,62.5,0.6613,58.23,5.005,0.625,0.9009,3.28,53.62,7.81,13.4,3.39,3.65
2020-08-20 17:00:00,17,24,24,2.0,4.0,18.0,0.0,0.0,1.0,5,5,7,3,10,3,9.683,141.0,118.0,193.0,3.867,4.0,11.1,roster,0,80.0,60.0,0.6667,84.85,3.5015,0.6,0.4505,3.3333,51.48,8.68,40.2,4.49,4.825
2020-08-20 18:00:00,18,17,17,1.0,5.0,11.0,0.0,0.0,1.0,4,4,3,2,5,2,10.683,178.0,163.0,206.0,4.867,4.0,11.1,roster,0,58.0,42.5,0.4143,52.4,2.6795,0.425,0.3604,3.4118,36.46,4.34,26.8,4.79,5.15
2020-08-20 19:00:00,19,20,20,1.0,5.0,11.0,3.0,0.0,1.0,8,5,1,2,3,2,11.683,223.0,191.0,352.0,5.867,4.0,11.1,roster,0,64.0,50.0,0.4324,60.49,3.0414,0.5,0.4505,3.2,42.9,2.6,26.8,8.18,8.8
2020-08-20 20:00:00,20,19,19,2.0,6.0,11.0,0.0,0.0,1.0,11,9,0,1,1,1,12.683,251.0,251.0,251.0,4.183,4.0,9.97,roster,0,67.0,47.5,0.4295,40.86,4.8582,0.475,0.9027,3.5263,40.75,0.87,13.4,5.84,6.275
2020-08-20 21:00:00,21,27,27,2.0,6.0,18.0,0.0,1.0,1.0,10,10,2,2,4,2,13.683,94.5,89.0,311.0,5.183,4.0,9.97,roster,0,89.0,67.5,0.6181,75.42,5.5312,0.675,1.003,3.2963,57.92,3.47,26.8,7.23,7.775
2020-08-20 22:00:00,22,26,26,1.0,4.0,17.0,2.0,2.0,1.0,9,9,2,2,4,2,14.683,116.5,84.0,160.0,2.667,3.0,6.63,roster,0,78.0,65.0,0.7222,69.76,6.0224,0.65,1.3575,3.0,55.77,3.47,26.8,3.72,4.0
2020-08-20 23:00:00,23,28,28,1.0,4.0,20.0,3.0,0.0,1.0,11,9,3,1,4,1,15.683,176.5,144.0,220.0,3.667,3.0,6.63,roster,0,87.0,70.0,0.8056,62.05,6.3928,0.7,1.3575,3.1071,60.06,3.47,13.4,5.12,5.5
2020-08-21 00:00:00,0,26,26,1.0,4.0,20.0,1.0,0.0,1.0,5,4,4,1,5,1,16.683,204.0,122.0,269.0,4.667,3.0,6.63,roster,0,83.0,65.0,0.7905,59.77,4.001,0.65,0.6033,3.1923,55.77,4.34,13.4,6.25,6.725
2020-08-21 01:00:00,1,22,22,1.0,4.0,16.0,1.0,0.0,1.0,4,4,4,1,5,1,17.683,264.0,182.0,329.0,5.667,3.0,6.63,roster,0,71.0,55.0,0.6762,52.58,3.7221,0.55,0.6033,3.2273,47.19,4.34,13.4,7.65,8.225
2020-08-21 02:00:00,2,21,21,1.0,4.0,16.0,0.0,0.0,1.0,4,4,4,2,6,2,18.683,283.0,234.0,389.0,6.667,3.0,6.63,roster,0,69.0,52.5,0.6765,66.1,3.7073,0.525,0.6033,3.2857,45.04,5.21,26.8,9.04,9.725
2020-08-21 03:00:00,3,21,21,1.0,3.0,17.0,0.0,0.0,1.0,6,5,5,0,5,0,19.683,302.0,294.0,449.0,7.667,3.0,6.63,roster,0,68.0,52.5,0.6476,39.83,4.142,0.525,0.7541,3.2381,45.04,4.34,0.0,10.44,11.225
2020-08-21 04:00:00,4,19,19,1.0,3.0,15.0,0.0,0.0,1.0,1,1,5,0,5,0,20.683,362.0,354.0,509.0,8.667,3.0,6.63,roster,0,62.0,47.5,0.5905,36.93,2.0422,0.475,0.1508,3.2632,40.75,4.34,0.0,11.83,12.725
2020-08-21 05:00:00,5,18,18,1.0,3.0,14.0,0.0,0.0,1.0,2,2,5,0,5,0,21.683,422.0,414.0,569.0,9.667,3.0,6.63,roster,0,59.0,45.0,0.5619,36.18,2.4638,0.45,0.3017,3.2778,38.61,4.34,0.0,13.23,14.225
2020-08-21 06:00:00,6,17,17,1.0,3.0,13.0,0.0,0.0,1.0,2,2,5,0,5,0,22.683,482.0,474.0,629.0,10.667,3.0,6.63,roster,0,56.0,42.5,0.5333,35.43,2.3937,0.425,0.3017,3.2941,36.46,4.34,0.0,14.62,15.725
2020-08-21 07:00:00,7,16,16,0.0,3.0,13.0,0.0,0.0,1.0,1,1,5,0,5,0,15.55,542.0,534.0,689.0,11.667,3.0,6.63,roster,0,51.0,40.0,0.4857,34.68,1.7558,0.4,0.1508,3.1875,34.32,4.34,0.0,16.02,17.225
2020-08-21 08:00:00,8,14,14,0.0,2.0,12.0,0.0,0.0,1.0,3,3,5,0,5,0,16.55,602.0,362.0,749.0,12.667,3.0,6.72,roster,0,44.0,35.0,0.419,31.79,2.5031,0.35,0.4464,3.1429,30.03,4.34,0.0,17.41,18.725
2020-08-21 09:00:00,9,17,17,0.0,2.0,14.0,0.0,1.0,1.0,7,7,4,0,4,0,17.55,542.0,422.0,820.0,13.667,3.0,6.72,roster,0,51.0,42.5,0.4722,39.0,4.4,0.425,1.0417,3.0,36.46,3.47,0.0,19.07,20.5
2020-08-21 10:00:00,10,25,25,1.0,4.0,18.0,1.0,1.0,1.0,11,10,4,1,5,1,18.55,220.0,114.0,482.0,12.033,4.0,10.42,roster,0,78.0,62.5,0.5571,62.57,4.9442,0.625,0.9597,3.12,53.62,4.34,13.4,11.21,12.05
2020-08-21 11:00:00,11,33,33,1.0,6.0,23.0,2.0,1.0,1.0,12,12,4,3,7,3,19.55,124.0,99.0,280.0,9.033,4.0,10.42,roster,0,103.0,82.5,0.7803,103.57,6.1695,0.825,1.1516,3.1212,70.78,6.08,40.2,6.51,7.0
2020-08-21 12:00:00,12,31,31,1.0,6.0,21.0,2.0,1.0,1.0,3,4,4,3,7,3,20.55,179.0,136.0,234.0,5.667,4.0,10.42,roster,0,97.0,77.5,0.7348,98.21,3.6262,0.775,0.3839,3.129,66.5,6.08,40.2,5.44,5.85
2020-08-21 13:00:00,13,39,39,1.0,5.0,28.0,3.0,2.0,1.0,11,11,6,3,9,3,21.55,219.0,139.0,244.0,6.667,4.0,10.42,roster,0,117.0,97.5,0.9435,117.34,6.092,0.975,1.0557,3.0,83.66,7.81,40.2,5.67,6.1
2020-08-21 14:00:00,14,30,30,0.0,3.0,23.0,3.0,1.0,1.0,2,2,6,1,7,1,22.55,135.0,67.0,304.0,5.9,4.0,10.42,roster,0,88.0,75.0,0.6667,70.9,2.763,0.75,0.1919,2.9333,64.35,6.08,13.4,7.07,7.6
2020-08-21 15:00:00,15,27,27,0.0,3.0,21.0,3.0,0.0,1.0,8,7,4,1,5,1,21.217,195.0,127.0,200.0,6.067,4.0,10.42,roster,0,81.0,67.5,0.5786,60.31,4.0404,0.675,0.6718,3.0,57.92,4.34,13.4,4.65,5.0
2020-08-21 16:00:00,16,29,29,0.0,5.0,21.0,3.0,0.0,1.0,11,11,1,0,1,0,22.217,180.0,180.0,180.0,3.0,4.0,10.42,roster,0,89.0,72.5,0.5705,47.26,5.4648,0.725,1.0557,3.069,62.2,0.87,0.0,4.19,4.5
2020-08-21 17:00:00,17,29,29,0.0,5.0,23.0,1.0,0.0,1.0,7,8,6,0,6,0,23.217,108.5,75.0,119.0,4.0,4.0,10.42,roster,0,91.0,72.5,0.6691,50.18,4.6842,0.725,0.7678,3.1379,62.2,5.21,0.0,2.77,2.975
2020-08-21 18:00:00,18,21,21,0.0,6.0,14.0,1.0,0.0,1.0,5,5,5,1,6,1,24.217,150.5,131.0,171.0,5.0,4.0,10.42,roster,0,68.0,52.5,0.5,47.63,3.2538,0.525,0.4798,3.2381,45.04,5.21,13.4,3.98,4.275
2020-08-21 19:00:00,19,17,17,0.0,6.0,10.0,1.0,0.0,1.0,6,5,3,2,5,2,25.217,195.0,151.0,226.0,6.0,4.0,10.42,roster,0,56.0,42.5,0.4,52.86,2.9807,0.425,0.4798,3.2941,36.46,4.34,26.8,5.25,5.65
2020-08-21 20:00:00,20,20,20,0.0,6.0,12.0,2.0,0.0,1.0,7,7,5,2,7,2,26.217,211.0,95.0,286.0,7.0,4.0,10.08,roster,0,64.0,50.0,0.4848,62.43,3.8222,0.5,0.6944,3.2,42.9,6.08,26.8,6.65,7.15
2020-08-21 21:00:00,21,22,22,0.0,5.0,14.0,3.0,0.0,1.0,10,9,5,1,6,1,27.217,270.5,155.0,346.0,8.0,4.0,10.08,roster,0,68.0,55.0,0.5,53.84,4.4597,0.55,0.8929,3.0909,47.19,5.21,13.4,8.04,8.65
2020-08-21 22:00:00,22,15,15,0.0,4.0,8.0,3.0,0.0,1.0,2,3,5,1,6,1,28.217,213.0,119.0,375.0,9.0,3.0,6.38,roster,0,46.0,37.5,0.451,39.5,2.592,0.375,0.4702,3.0667,32.17,5.21,13.4,8.72,9.375
2020-08-21 23:00:00,23,13,13,0.0,4.0,8.0,1.0,0.0,1.0,8,4,6,0,6,0,29.217,189.5,130.0,435.0,10.0,3.0,6.38,roster,0,42.0,32.5,0.4118,23.21,3.0756,0.325,0.627,3.2308,27.88,5.21,0.0,10.11,10.875
2020-08-22 00:00:00,0,19,19,0.0,3.0,15.0,1.0,0.0,1.0,11,8,6,0,6,0,11.0,249.5,190.0,495.0,11.0,3.0,6.38,roster,0,59.0,47.5,0.5784,37.47,5.3687,0.475,1.2539,3.1053,40.75,5.21,0.0,11.51,12.375
2020-08-22 01:00:00,1,17,17,0.0,3.0,14.0,0.0,0.0,1.0,4,4,6,0,6,0,12.0,309.5,250.0,555.0,12.0,3.0,6.38,roster,0,54.0,42.5,0.5294,34.58,3.3415,0.425,0.627,3.1765,36.46,5.21,0.0,12.9,13.875
2020-08-22 02:00:00,2,14,14,0.0,3.0,11.0,0.0,0.0,1.0,1,2,6,0,6,0,13.0,369.5,310.0,615.0,13.0,3.0,6.38,roster,0,45.0,35.0,0.4412,29.54,2.1326,0.35,0.3135,3.2143,30.03,5.21,0.0,14.3,15.375
2020-08-22 03:00:00,3,11,11,0.0,3.0,8.0,0.0,0.0,1.0,0,0,6,0,6,0,14.0,429.5,370.0,675.0,14.0,3.0,6.38,roster,0,36.0,27.5,0.3529,24.5,0.9,0.275,0.0,3.2727,23.6,5.21,0.0,15.69,16.875
2020-08-22 04:00:00,4,16,16,0.0,3.0,13.0,0.0,0.0,1.0,6,6,6,0,6,0,15.0,489.5,430.0,735.0,15.0,3.0,6.38,roster,0,51.0,40.0,0.5,36.62,4.2726,0.4,0.9404,3.1875,34.32,5.21,0.0,17.09,18.375
2020-08-22 05:00:00,5,16,16,1.0,3.0,12.0,0.0,0.0,1.0,3,3,7,0,7,0,16.0,539.0,444.0,795.0,16.0,3.0,6.38,roster,0,53.0,40.0,0.5354,38.88,2.8826,0.4,0.4702,3.3125,34.32,6.08,0.0,18.48,19.875
2020-08-22 06:00:00,6,15,15,1.0,3.0,11.0,0.0,0.0,1.0,1,1,8,1,9,1,17.0,550.0,177.0,620.0,17.0,3.0,6.38,roster,0,50.0,37.5,0.5376,47.8,1.7725,0.375,0.1567,3.3333,32.17,7.81,13.4,14.42,15.5
2020-08-22 07:00:00,7,17,17,1.0,3.0,13.0,0.0,0.0,1.0,4,4,8,0,8,0,18.0,634.5,564.0,915.0,18.0,3.0,6.38,roster,0,56.0,42.5,0.5833,44.69,3.4653,0.425,0.627,3.2941,36.46,6.95,0.0,21.27,22.875
2020-08-22 08:00:00,8,12,12,1.0,2.0,9.0,0.0,0.0,1.0,2,0,8,0,8,0,19.0,694.5,624.0,975.0,19.0,3.0,6.63,roster,0,40.0,30.0,0.4167,35.36,1.0,0.3,0.0,3.3333,25.74,6.95,0.0,22.67,24.375
2020-08-22 09:00:00,9,12,12,1.0,3.0,8.0,0.0,0.0,1.0,5,5,4,0,4,0,17.25,707.0,684.0,1035.0,17.25,3.0,6.63,roster,0,41.0,30.0,0.3796,33.28,3.6017,0.3,0.7541,3.4167,25.74,3.47,0.0,24.06,25.875
2020-08-22 10:00:00,10,14,14,2.0,3.0,9.0,0.0,0.0,1.0,5,4,4,1,5,1,18.25,744.0,319.0,790.0,18.25,4.0,9.89,roster,0,49.0,35.0,0.35,46.14,2.6406,0.35,0.4044,3.5,30.03,4.34,13.4,18.37,19.75
2020-08-22 11:00:00,11,12,12,1.0,3.0,8.0,0.0,0.0,1.0,4,4,3,2,5,2,14.167,128.0,93.0,804.0,14.167,4.0,9.89,roster,0,41.0,30.0,0.2929,55.57,2.4069,0.3,0.4044,3.4167,25.74,4.34,26.8,18.69,20.1
2020-08-22 12:00:00,12,16,16,0.0,7.0,9.0,0.0,0.0,1.0,9,8,5,0,5,0,15.167,153.0,101.0,864.0,15.167,4.0,9.89,roster,0,55.0,40.0,0.3929,38.75,4.1556,0.4,0.8089,3.4375,34.32,4.34,0.0,20.09,21.6
2020-08-22 13:00:00,13,21,21,0.0,7.0,14.0,0.0,0.0,1.0,8,8,7,2,9,2,16.167,107.0,84.0,133.0,16.167,4.0,9.89,roster,0,70.0,52.5,0.5645,62.75,4.4463,0.525,0.8089,3.3333,45.04,7.81,26.8,3.09,3.325
2020-08-22 14:00:00,14,20,20,2.0,4.0,14.0,0.0,0.0,1.0,8,7,5,2,7,2,17.167,134.0,117.0,273.0,17.167,4.0,9.89,roster,0,68.0,50.0,0.5152,62.13,4.1065,0.5,0.7078,3.4,42.9,6.08,26.8,6.35,6.825
2020-08-22 15:00:00,15,23,23,2.0,3.0,17.0,1.0,0.0,1.0,9,7,8,3,11,3,18.167,135.0,71.0,204.0,18.167,4.0,9.89,roster,0,75.0,57.5,0.6466,83.83,4.183,0.575,0.7078,3.2609,49.33,9.55,40.2,4.74,5.1
2020-08-22 16:00:00,16,30,30,2.0,2.0,25.0,1.0,0.0,1.0,12,12,8,3,11,3,6.55,160.0,122.0,249.0,6.55,4.0,9.89,roster,0,95.0,75.0,0.819,99.89,6.2173,0.75,1.2133,3.1667,64.35,9.55,40.2,5.79,6.225
2020-08-22 17:00:00,17,29,29,2.0,4.0,22.0,1.0,0.0,1.0,7,7,10,3,13,3,7.55,182.0,108.0,297.0,7.55,4.0,9.89,roster,0,94.0,72.5,0.8704,100.6,4.6442,0.725,0.7078,3.2414,62.2,11.29,40.2,6.91,7.425
2020-08-22 18:00:00,18,30,30,1.0,4.0,25.0,0.0,0.0,1.0,9,7,11,2,13,2,8.55,221.0,138.0,280.0,8.55,4.0,9.89,roster,0,96.0,75.0,0.8889,88.95,4.6649,0.75,0.7078,3.2,64.35,11.29,26.8,6.51,7.0
2020-08-22 19:00:00,19,24,24,0.0,4.0,20.0,0.0,0.0,1.0,5,4,11,0,11,0,7.333,140.0,98.0,284.0,6.95,4.0,9.89,roster,0,76.0,60.0,0.6552,47.63,3.1808,0.6,0.4044,3.1667,51.48,9.55,0.0,6.6,7.1
2020-08-22 20:00:00,20,20,20,0.0,4.0,15.0,1.0,0.0,1.0,5,4,7,0,7,0,8.333,179.0,131.0,277.0,6.667,4.0,9.64,roster,0,63.0,50.0,0.4773,35.42,2.8821,0.5,0.4149,3.15,42.9,6.08,0.0,6.44,6.925
2020-08-22 21:00:00,21,19,19,0.0,5.0,13.0,1.0,0.0,1.0,8,8,4,0,4,0,9.333,288.0,239.0,460.0,7.667,4.0,9.64,roster,0,61.0,47.5,0.4236,34.92,4.1893,0.475,0.8299,3.2105,40.75,3.47,0.0,10.7,11.5
2020-08-22 22:00:00,22,17,17,0.0,1.0,15.0,1.0,0.0,1.0,8,8,3,0,3,0,10.333,114.0,104.0,520.0,8.667,3.0,6.38,roster,0,51.0,42.5,0.4595,31.16,5.0368,0.425,1.2539,3.0,36.46,2.6,0.0,12.09,13.0
2020-08-22 23:00:00,23,16,16,1.0,0.0,14.0,1.0,0.0,1.0,9,7,5,0,5,0,9.667,164.0,96.0,174.0,9.667,3.0,6.38,roster,0,49.0,40.0,0.4667,22.71,4.5851,0.4,1.0972,3.0625,34.32,4.34,0.0,4.05,4.35
2020-08-23 00:00:00,0,19,19,1.0,2.0,14.0,2.0,0.0,1.0,8,6,6,0,6,0,10.667,190.0,152.0,234.0,10.667,3.0,6.38,roster,0,59.0,47.5,0.5784,31.41,4.3953,0.475,0.9404,3.1053,40.75,5.21,0.0,5.44,5.85
2020-08-23 01:00:00,1,13,13,0.0,2.0,8.0,3.0,0.0,1.0,2,2,6,0,6,0,6.55,214.0,124.0,284.0,4.9,3.0,6.38,roster,0,38.0,32.5,0.3725,19.7,1.8663,0.325,0.3135,2.9231,27.88,5.21,0.0,6.6,7.1
2020-08-23 02:00:00,2,13,13,0.0,2.0,10.0,1.0,0.0,1.0,3,3,6,0,6,0,7.55,274.0,184.0,344.0,5.9,3.0,6.38,roster,0,40.0,32.5,0.3922,21.09,2.4468,0.325,0.4702,3.0769,27.88,5.21,0.0,8.0,8.6
2020-08-23 03:00:00,3,14,14,0.0,1.0,12.0,1.0,0.0,1.0,4,2,6,0,6,0,8.55,334.0,244.0,404.0,6.9,3.0,6.38,roster,0,42.0,35.0,0.4118,24.63,1.9904,0.35,0.3135,3.0,30.03,5.21,0.0,9.39,10.1
2020-08-23 04:00:00,4,13,13,0.0,1.0,11.0,1.0,0.0,1.0,1,1,6,0,6,0,9.55,394.0,304.0,464.0,7.9,3.0,6.38,roster,0,39.0,32.5,0.3824,23.88,1.4452,0.325,0.1567,3.0,27.88,5.21,0.0,10.79,11.6
2020-08-23 05:00:00,5,15,15,1.0,1.0,12.0,1.0,0.0,1.0,3,2,6,0,6,0,10.55,454.0,364.0,524.0,8.9,3.0,6.38,roster,0,47.0,37.5,0.4608,29.57,2.1572,0.375,0.3135,3.1333,32.17,5.21,0.0,12.18,13.1
2020-08-23 06:00:00,6,18,18,0.0,3.0,13.0,2.0,0.0,1.0,4,4,7,0,7,0,11.55,512.0,373.0,584.0,9.9,3.0,6.38,roster,0,55.0,45.0,0.5556,38.27,3.2907,0.45,0.627,3.0556,38.61,6.08,0.0,13.58,14.6
2020-08-23 07:00:00,7,19,19,0.0,3.0,13.0,3.0,0.0,1.0,3,3,8,1,9,1,12.55,484.0,173.0,576.0,10.9,3.0,6.38,roster,0,57.0,47.5,0.6129,55.36,2.8357,0.475,0.4702,3.0,40.75,7.81,13.4,13.39,14.4
2020-08-23 08:00:00,8,19,19,0.0,3.0,14.0,2.0,0.0,1.0,1,1,8,2,10,2,13.55,518.5,165.0,636.0,11.9,3.0,6.63,roster,0,58.0,47.5,0.6444,71.03,1.9104,0.475,0.1508,3.0526,40.75,8.68,26.8,14.79,15.9
2020-08-23 09:00:00,9,19,19,0.0,3.0,15.0,1.0,0.0,1.0,7,7,4,2,6,2,14.55,389.0,190.0,604.0,11.533,3.0,6.63,roster,0,59.0,47.5,0.5784,66.81,4.7536,0.475,1.0558,3.1053,40.75,5.21,26.8,14.04,15.1
2020-08-23 10:00:00,10,18,18,0.0,2.0,14.0,2.0,0.0,1.0,6,6,3,1,4,1,15.55,196.0,107.0,664.0,11.067,4.0,10.09,roster,0,54.0,45.0,0.375,50.92,3.1339,0.45,0.5946,3.0,38.61,3.47,13.4,15.44,16.6
2020-08-23 11:00:00,11,20,20,0.0,2.0,16.0,2.0,0.0,1.0,9,8,2,0,2,0,16.55,425.0,126.0,724.0,12.067,4.0,10.09,roster,0,60.0,50.0,0.3947,41.47,3.8786,0.5,0.7929,3.0,42.9,1.74,0.0,16.83,18.1
2020-08-23 12:00:00,12,21,21,0.0,3.0,17.0,1.0,0.0,1.0,8,6,4,2,6,2,17.55,101.5,77.0,186.0,13.067,4.0,10.09,roster,0,65.0,52.5,0.4779,61.38,3.4656,0.525,0.5946,3.0952,45.04,5.21,26.8,4.32,4.65
2020-08-23 13:00:00,13,30,30,0.0,2.0,26.0,2.0,0.0,1.0,17,14,6,0,6,0,18.55,142.0,108.0,246.0,14.067,4.0,10.09,roster,0,90.0,75.0,0.6618,55.28,6.4125,0.75,1.3875,3.0,64.35,5.21,0.0,5.72,6.15
2020-08-23 14:00:00,14,27,27,0.0,2.0,23.0,2.0,0.0,1.0,9,6,4,0,4,0,19.55,179.0,168.0,904.0,15.067,4.0,10.09,roster,0,81.0,67.5,0.5625,62.41,3.8089,0.675,0.5946,3.0,57.92,3.47,0.0,21.02,22.6
2020-08-23 15:00:00,15,24,24,1.0,0.0,21.0,2.0,0.0,1.0,9,7,4,0,4,0,16.067,150.5,77.0,964.0,16.067,4.0,10.09,roster,0,72.0,60.0,0.5,57.37,3.8813,0.6,0.6938,3.0,51.48,3.47,0.0,22.41,24.1
2020-08-23 16:00:00,16,27,27,1.0,1.0,23.0,2.0,0.0,1.0,9,8,6,0,6,0,17.067,119.0,94.0,137.0,17.067,4.0,10.09,roster,0,82.0,67.5,0.6029,46.31,4.458,0.675,0.7929,3.037,57.92,5.21,0.0,3.19,3.425
2020-08-23 17:00:00,17,28,28,1.0,2.0,22.0,3.0,0.0,1.0,10,9,6,0,6,0,17.533,159.0,143.0,194.0,3.283,4.0,10.09,roster,0,85.0,70.0,0.625,49.78,4.8328,0.7,0.892,3.0357,60.06,5.21,0.0,4.51,4.85
2020-08-23 18:00:00,18,24,24,1.0,2.0,17.0,3.0,1.0,1.0,3,2,10,0,10,0,18.533,114.0,96.0,214.0,4.283,4.0,10.09,roster,0,71.0,60.0,0.5917,45.14,2.3614,0.6,0.1982,2.9583,51.48,8.68,0.0,4.98,5.35
2020-08-23 19:00:00,19,33,33,1.0,4.0,21.0,7.0,0.0,1.0,12,12,8,0,8,0,19.533,222.0,156.0,284.0,5.283,4.0,10.09,roster,0,98.0,82.5,0.7656,64.33,5.9818,0.825,1.1893,2.9697,70.78,6.95,0.0,6.6,7.1
2020-08-23 20:00:00,20,32,32,1.0,2.0,22.0,7.0,0.0,1.0,8,7,7,0,7,0,20.533,323.0,199.0,344.0,6.283,4.0,11.52,roster,0,93.0,80.0,0.7045,62.72,4.091,0.8,0.6076,2.9062,68.64,6.08,0.0,8.0,8.6
2020-08-23 21:00:00,21,28,28,0.0,0.0,24.0,4.0,0.0,1.0,11,10,4,0,4,0,21.533,337.5,271.0,437.0,7.283,4.0,11.52,roster,0,80.0,70.0,0.5556,53.69,4.4802,0.7,0.8681,2.8571,60.06,3.47,0.0,10.16,10.925
2020-08-23 22:00:00,22,19,19,0.0,0.0,15.0,4.0,0.0,1.0,7,6,4,0,4,0,22.533,94.5,81.0,497.0,8.283,3.0,8.06,roster,0,53.0,47.5,0.4907,35.78,3.4015,0.475,0.7444,2.7895,40.75,3.47,0.0,11.56,12.425
2020-08-23 23:00:00,23,27,27,0.0,1.0,19.0,5.0,2.0,1.0,12,12,5,0,5,0,23.533,141.0,128.0,168.0,9.283,3.0,8.06,roster,0,73.0,67.5,0.6952,46.16,5.8504,0.675,1.4888,2.7037,57.92,4.34,0.0,3.91,4.2
2020-08-24 00:00:00,0,27,27,0.0,2.0,21.0,3.0,1.0,1.0,7,7,5,1,6,1,14.533,190.0,116.0,228.0,10.283,3.0,8.06,roster,0,78.0,67.5,0.7647,61.83,4.459,0.675,0.8685,2.8889,57.92,5.21,13.4,5.3,5.7
2020-08-24 01:00:00,1,25,25,0.0,2.0,19.0,4.0,0.0,1.0,5,5,7,1,8,1,15.533,207.5,123.0,288.0,11.283,3.0,8.06,roster,0,73.0,62.5,0.7604,60.67,3.6364,0.625,0.6203,2.92,53.62,6.95,13.4,6.7,7.2
2020-08-24 02:00:00,2,19,19,0.0,2.0,15.0,2.0,0.0,1.0,2,2,7,0,7,0,16.533,299.0,179.0,348.0,12.283,3.0,8.06,roster,0,57.0,47.5,0.5758,34.92,2.1694,0.475,0.2481,3.0,40.75,6.08,0.0,8.09,8.7
2020-08-24 03:00:00,3,18,18,0.0,2.0,14.0,2.0,0.0,1.0,4,2,7,0,7,0,17.533,359.0,239.0,408.0,13.283,3.0,8.06,roster,0,54.0,45.0,0.5455,34.17,2.0944,0.45,0.2481,3.0,38.61,6.08,0.0,9.49,10.2
2020-08-24 04:00:00,4,21,21,1.0,3.0,15.0,2.0,0.0,1.0,5,4,7,0,7,0,18.533,419.0,299.0,468.0,14.283,3.0,8.06,roster,0,66.0,52.5,0.6667,42.0,3.2097,0.525,0.4963,3.1429,45.04,6.08,0.0,10.88,11.7
2020-08-24 05:00:00,5,22,22,1.0,3.0,16.0,2.0,0.0,1.0,3,2,8,0,8,0,19.533,447.5,359.0,528.0,15.283,3.0,8.06,roster,0,69.0,55.0,0.7188,46.41,2.5033,0.55,0.2481,3.1364,47.19,6.95,0.0,12.28,13.2
2020-08-24 06:00:00,6,21,21,1.0,4.0,14.0,2.0,0.0,1.0,3,3,8,0,8,0,20.533,507.5,419.0,588.0,16.283,3.0,8.06,roster,0,67.0,52.5,0.6979,45.66,2.8625,0.525,0.3722,3.1905,45.04,6.95,0.0,13.67,14.7
2020-08-24 07:00:00,7,20,20,1.0,4.0,13.0,2.0,0.0,1.0,2,2,10,1,11,1,21.533,479.0,110.0,621.0,17.283,3.0,8.06,roster,0,64.0,50.0,0.7356,60.29,2.394,0.5,0.2481,3.2,42.9,9.55,13.4,14.44,15.525
2020-08-24 08:00:00,8,21,21,0.0,5.0,14.0,2.0,0.0,1.0,5,3,10,1,11,1,22.533,539.0,152.0,681.0,18.283,3.0,8.12,roster,0,66.0,52.5,0.7586,63.83,2.8112,0.525,0.3695,3.1429,45.04,9.55,13.4,15.83,17.025
2020-08-24 09:00:00,9,23,23,0.0,3.0,19.0,1.0,0.0,1.0,7,7,8,0,8,0,23.533,443.0,212.0,741.0,19.283,3.0,8.12,roster,0,71.0,57.5,0.7396,53.51,4.4362,0.575,0.8621,3.087,49.33,6.95,0.0,17.23,18.525
2020-08-24 10:00:00,10,21,21,0.0,3.0,17.0,1.0,0.0,1.0,5,3,7,0,7,0,24.533,290.0,205.0,801.0,20.283,4.0,12.09,roster,0,65.0,52.5,0.4924,49.75,2.393,0.525,0.2481,3.0952,45.04,6.08,0.0,18.62,20.025
2020-08-24 11:00:00,11,22,22,0.0,3.0,17.0,1.0,1.0,1.0,8,8,5,0,5,0,25.533,332.0,265.0,839.0,21.283,4.0,12.09,roster,0,66.0,55.0,0.4714,51.04,3.6351,0.55,0.6617,3.0,47.19,4.34,0.0,19.51,20.975
2020-08-24 12:00:00,12,29,29,0.0,3.0,25.0,0.0,1.0,1.0,18,15,4,0,4,0,26.533,358.5,325.0,1337.0,22.283,4.0,12.09,roster,0,88.0,72.5,0.6111,76.76,5.9649,0.725,1.2407,3.0345,62.2,3.47,0.0,31.09,33.425
2020-08-24 13:00:00,13,22,22,0.0,4.0,18.0,0.0,0.0,1.0,4,4,6,1,7,1,27.533,111.0,99.0,452.0,23.283,4.0,12.09,roster,0,70.0,55.0,0.5303,57.18,2.8027,0.55,0.3309,3.1818,47.19,6.08,13.4,10.51,11.3
2020-08-24 14:00:00,14,22,22,0.0,4.0,18.0,0.0,0.0,1.0,8,7,6,2,8,2,28.533,169.0,159.0,512.0,24.283,4.0,12.09,roster,0,70.0,55.0,0.5469,72.84,3.5922,0.55,0.579,3.1818,47.19,6.95,26.8,11.9,12.8
2020-08-24 15:00:00,15,33,33,0.0,7.0,25.0,1.0,0.0,1.0,16,16,6,1,7,1,29.533,231.0,219.0,572.0,25.283,4.0,12.09,roster,0,105.0,82.5,0.7955,83.56,6.8358,0.825,1.3234,3.1818,70.78,6.08,13.4,13.3,14.3
2020-08-24 16:00:00,16,30,30,0.0,5.0,24.0,1.0,0.0,1.0,3,2,11,0,11,0,10.533,111.0,85.0,287.0,10.533,4.0,12.09,roster,0,94.0,75.0,0.8103,60.57,2.8683,0.75,0.1654,3.1333,64.35,9.55,0.0,6.67,7.175
2020-08-24 17:00:00,17,32,32,1.0,8.0,22.0,1.0,0.0,1.0,6,6,11,0,11,0,11.533,171.0,145.0,347.0,11.533,4.0,12.09,roster,0,105.0,80.0,0.9052,66.26,4.2534,0.8,0.4963,3.2812,68.64,9.55,0.0,8.07,8.675
2020-08-24 18:00:00,18,30,30,2.0,9.0,18.0,1.0,0.0,1.0,5,5,12,1,13,1,12.533,218.0,165.0,380.0,12.533,4.0,12.09,roster,0,102.0,75.0,0.9444,77.87,3.9561,0.75,0.4136,3.4,64.35,11.29,13.4,8.84,9.5
2020-08-24 19:00:00,19,32,32,1.0,9.0,21.0,1.0,0.0,1.0,8,8,10,0,10,0,5.733,188.5,115.0,265.0,4.85,4.0,12.09,roster,0,106.0,80.0,0.8833,63.48,4.8419,0.8,0.6617,3.3125,68.64,8.68,0.0,6.16,6.625
2020-08-24 20:00:00,20,32,32,1.0,9.0,20.0,1.0,1.0,1.0,11,8,9,0,9,0,6.6,182.0,167.0,285.0,5.85,4.0,12.03,roster,0,104.0,80.0,0.8387,63.08,4.7613,0.8,0.665,3.25,68.64,7.81,0.0,6.63,7.125
2020-08-24 21:00:00,21,35,35,1.0,8.0,24.0,1.0,1.0,1.0,12,11,10,1,11,1,7.6,227.0,117.0,345.0,6.85,4.0,12.03,roster,0,112.0,87.5,0.9655,86.05,5.726,0.875,0.9144,3.2,75.08,9.55,13.4,8.02,8.625
2020-08-24 22:00:00,22,34,34,1.0,5.0,26.0,1.0,1.0,1.0,12,11,8,1,9,1,7.85,146.0,114.0,290.0,7.85,3.0,8.06,roster,0,106.0,85.0,1.1398,80.89,6.9049,0.85,1.3648,3.1176,72.93,7.81,13.4,6.74,7.25
2020-08-24 23:00:00,23,28,28,0.0,5.0,23.0,0.0,0.0,1.0,11,10,8,0,8,0,8.85,165.5,122.0,237.0,8.85,3.0,8.06,roster,0,89.0,70.0,0.9271,52.52,6.1686,0.7,1.2407,3.1786,60.06,6.95,0.0,5.51,5.925
2020-08-25 00:00:00,0,30,30,0.0,7.0,23.0,0.0,0.0,1.0,6,6,10,0,10,0,9.85,199.5,151.0,256.0,9.85,3.0,8.06,roster,0,97.0,75.0,1.0778,58.99,4.8319,0.75,0.7444,3.2333,64.35,8.68,0.0,5.95,6.4
2020-08-25 01:00:00,1,25,25,0.0,4.0,21.0,0.0,0.0,1.0,2,2,12,0,12,0,10.85,239.5,169.0,316.0,10.85,3.0,8.06,roster,0,79.0,62.5,0.9405,51.39,2.7591,0.625,0.2481,3.16,53.62,10.42,0.0,7.35,7.9
2020-08-25 02:00:00,2,23,23,0.0,4.0,19.0,0.0,0.0,1.0,3,3,12,0,12,0,11.85,299.5,229.0,376.0,11.85,3.0,8.06,roster,0,73.0,57.5,0.869,48.5,3.0064,0.575,0.3722,3.1739,49.33,10.42,0.0,8.74,9.4
2020-08-25 03:00:00,3,21,21,0.0,4.0,17.0,0.0,0.0,1.0,0,0,12,0,12,0,12.85,359.5,289.0,436.0,12.85,3.0,8.06,roster,0,67.0,52.5,0.7976,45.6,1.675,0.525,0.0,3.1905,45.04,10.42,0.0,10.14,10.9
2020-08-25 04:00:00,4,27,27,0.0,4.0,23.0,0.0,0.0,1.0,6,6,12,0,12,0,13.85,419.5,349.0,496.0,13.85,3.0,8.06,roster,0,85.0,67.5,1.0119,59.87,4.4685,0.675,0.7444,3.1481,57.92,10.42,0.0,11.53,12.4
2020-08-25 05:00:00,5,25,25,0.0,5.0,19.0,1.0,0.0,1.0,4,3,14,0,14,0,14.85,464.0,322.0,534.0,14.85,3.0,8.06,roster,0,79.0,62.5,1.0128,58.2,3.1512,0.625,0.3722,3.16,53.62,12.16,0.0,12.42,13.35
2020-08-25 06:00:00,6,25,25,0.0,5.0,20.0,0.0,0.0,1.0,2,1,14,0,14,0,15.85,524.0,382.0,594.0,15.85,3.0,8.06,roster,0,80.0,62.5,1.0256,59.59,2.397,0.625,0.1241,3.2,53.62,12.16,0.0,13.81,14.85
2020-08-25 07:00:00,7,26,26,0.0,6.0,20.0,0.0,0.0,1.0,2,2,14,0,14,0,16.85,584.0,442.0,654.0,16.85,3.0,8.06,roster,0,84.0,65.0,1.0769,63.13,2.9017,0.65,0.2481,3.2308,55.77,12.16,0.0,15.21,16.35
2020-08-25 08:00:00,8,26,26,1.0,6.0,18.0,1.0,0.0,1.0,5,4,14,0,14,0,17.85,610.0,491.0,714.0,17.85,3.0,7.76,roster,0,85.0,65.0,1.0897,64.53,3.8102,0.65,0.5155,3.2692,55.77,12.16,0.0,16.6,17.85
2020-08-25 09:00:00,9,28,28,1.0,9.0,17.0,1.0,0.0,1.0,8,8,13,1,14,1,18.85,565.0,97.0,774.0,18.85,3.0,7.76,roster,0,94.0,70.0,1.2051,83.61,5.811,0.7,1.0309,3.3571,60.06,12.16,13.4,18.0,19.35
2020-08-25 10:00:00,10,32,32,2.0,11.0,18.0,1.0,0.0,1.0,10,10,11,1,12,1,19.85,172.0,128.0,856.0,19.85,4.0,11.01,roster,0,110.0,80.0,0.9821,92.36,5.8722,0.8,0.9083,3.4375,68.64,10.42,13.4,19.9,21.4
2020-08-25 11:00:00,11,28,28,2.0,10.0,15.0,1.0,0.0,1.0,4,4,12,1,13,1,20.85,217.0,184.0,769.0,20.85,4.0,11.01,roster,0,97.0,70.0,0.8981,82.63,3.6836,0.7,0.3633,3.4643,60.06,11.29,13.4,17.88,19.225
2020-08-25 12:00:00,12,21,21,1.0,7.0,13.0,0.0,0.0,1.0,3,2,10,0,10,0,21.85,519.0,225.0,976.0,21.85,4.0,11.01,roster,0,72.0,52.5,0.6,56.42,2.4228,0.525,0.1817,3.4286,45.04,8.68,0.0,22.69,24.4
2020-08-25 13:00:00,13,21,21,1.0,6.0,14.0,0.0,0.0,1.0,4,4,8,0,8,0,20.3,579.0,337.0,1036.0,17.95,4.0,11.01,roster,0,71.0,52.5,0.5547,56.08,3.0033,0.525,0.3633,3.381,45.04,6.95,0.0,24.09,25.9
2020-08-25 14:00:00,14,27,27,1.0,7.0,19.0,0.0,0.0,1.0,10,9,8,0,8,0,21.3,639.0,397.0,1096.0,18.95,4.0,11.01,roster,0,90.0,67.5,0.7031,70.34,4.9748,0.675,0.8174,3.3333,57.92,6.95,0.0,25.48,27.4
2020-08-25 15:00:00,15,32,32,2.0,5.0,25.0,0.0,0.0,1.0,14,13,8,0,8,0,19.95,90.0,83.0,487.0,19.95,4.0,11.01,roster,0,105.0,80.0,0.8203,66.91,6.4993,0.8,1.1807,3.2812,68.64,6.95,0.0,11.32,12.175
2020-08-25 16:00:00,16,27,27,2.0,4.0,20.0,1.0,0.0,1.0,6,6,11,0,11,0,20.95,140.0,112.0,211.0,20.95,4.0,11.01,roster,0,88.0,67.5,0.7586,52.37,3.9762,0.675,0.545,3.2593,57.92,9.55,0.0,4.91,5.275
2020-08-25 17:00:00,17,25,25,2.0,4.0,18.0,1.0,0.0,1.0,5,5,11,0,11,0,21.95,185.0,168.0,212.0,21.95,4.0,11.01,roster,0,82.0,62.5,0.7069,48.11,3.5396,0.625,0.4541,3.28,53.62,9.55,0.0,4.93,5.3
2020-08-25 18:00:00,18,23,23,2.0,4.0,15.0,2.0,0.0,1.0,9,5,8,0,8,0,22.95,238.5,228.0,667.0,22.95,4.0,11.01,roster,0,75.0,57.5,0.5859,51.79,3.3559,0.575,0.4541,3.2609,49.33,6.95,0.0,15.51,16.675
2020-08-25 19:00:00,19,19,19,1.0,3.0,13.0,2.0,0.0,1.0,6,5,4,0,4,0,9.45,232.0,172.0,332.0,5.533,4.0,11.01,roster,0,60.0,47.5,0.4167,31.95,2.9341,0.475,0.4541,3.1579,40.75,3.47,0.0,7.72,8.3
2020-08-25 20:00:00,20,20,20,1.0,2.0,14.0,3.0,0.0,1.0,6,5,5,1,6,1,10.45,202.0,105.0,352.0,6.533,4.0,9.9,roster,0,61.0,50.0,0.4485,49.69,3.0654,0.5,0.5051,3.05,42.9,5.21,13.4,8.18,8.8
2020-08-25 21:00:00,21,26,26,2.0,3.0,19.0,2.0,0.0,1.0,7,7,7,1,8,1,11.45,198.5,156.0,412.0,7.533,4.0,9.9,roster,0,83.0,65.0,0.6484,65.7,4.3322,0.65,0.7071,3.1923,55.77,6.95,13.4,9.58,10.3
2020-08-25 22:00:00,22,23,23,2.0,3.0,15.0,3.0,0.0,1.0,7,4,6,1,7,1,12.45,216.0,109.0,472.0,8.533,3.0,6.65,roster,0,73.0,57.5,0.7374,59.79,3.7341,0.575,0.6015,3.1739,49.33,6.08,13.4,10.97,11.8
2020-08-25 23:00:00,23,21,21,1.0,3.0,14.0,3.0,0.0,1.0,8,8,6,1,7,1,13.45,276.0,107.0,532.0,9.533,3.0,6.65,roster,0,65.0,52.5,0.6566,56.89,5.3486,0.525,1.203,3.0952,45.04,6.08,13.4,12.37,13.3
2020-08-26 00:00:00,0,21,21,1.0,3.0,12.0,5.0,0.0,1.0,5,5,6,0,6,0,14.45,374.0,229.0,592.0,10.533,3.0,6.65,roster,0,63.0,52.5,0.6176,44.02,3.8306,0.525,0.7519,3.0,45.04,5.21,0.0,13.76,14.8
2020-08-26 01:00:00,1,15,15,1.0,3.0,8.0,3.0,0.0,1.0,2,1,7,0,7,0,15.45,396.0,209.0,652.0,11.533,3.0,6.65,roster,0,47.0,37.5,0.4747,33.41,1.6462,0.375,0.1504,3.1333,32.17,6.08,0.0,15.16,16.3
2020-08-26 02:00:00,2,14,14,1.0,3.0,8.0,2.0,0.0,1.0,2,2,7,0,7,0,16.45,456.0,269.0,712.0,12.533,3.0,6.65,roster,0,45.0,35.0,0.4545,32.66,2.0917,0.35,0.3008,3.2143,30.03,6.08,0.0,16.55,17.8
2020-08-26 03:00:00,3,13,13,1.0,3.0,7.0,2.0,0.0,1.0,1,0,7,0,7,0,17.45,516.0,329.0,772.0,13.533,3.0,6.65,roster,0,42.0,32.5,0.4242,31.91,1.05,0.325,0.0,3.2308,27.88,6.08,0.0,17.95,19.3
2020-08-26 04:00:00,4,14,14,1.0,3.0,8.0,2.0,0.0,1.0,1,1,7,0,7,0,18.45,576.0,389.0,832.0,14.533,3.0,6.65,roster,0,45.0,35.0,0.4545,35.45,1.6084,0.35,0.1504,3.2143,30.03,6.08,0.0,19.34,20.8
2020-08-26 05:00:00,5,15,15,1.0,3.0,9.0,2.0,0.0,1.0,2,1,7,0,7,0,19.45,636.0,449.0,892.0,15.533,3.0,6.65,roster,0,48.0,37.5,0.4848,38.99,1.6812,0.375,0.1504,3.2,32.17,6.08,0.0,20.74,22.3
2020-08-26 06:00:00,6,17,17,1.0,3.0,11.0,2.0,0.0,1.0,4,4,7,0,7,0,20.45,696.0,509.0,952.0,16.533,3.0,6.65,roster,0,54.0,42.5,0.5455,44.68,3.2607,0.425,0.6015,3.1765,36.46,6.08,0.0,22.13,23.8
2020-08-26 07:00:00,7,18,18,1.0,4.0,11.0,2.0,0.0,1.0,3,3,8,0,8,0,21.45,702.5,569.0,1012.0,17.533,3.0,6.65,roster,0,58.0,45.0,0.6042,49.09,2.9036,0.45,0.4511,3.2222,38.61,6.95,0.0,23.53,25.3
2020-08-26 08:00:00,8,18,18,1.0,5.0,10.0,2.0,0.0,1.0,4,4,8,0,8,0,22.45,762.5,629.0,1072.0,18.533,3.0,6.78,roster,0,59.0,45.0,0.6146,50.48,3.4088,0.45,0.59,3.2778,38.61,6.95,0.0,24.92,26.8
2020-08-26 09:00:00,9,16,16,0.0,4.0,11.0,1.0,0.0,1.0,5,5,6,0,6,0,19.533,820.5,586.0,1132.0,19.533,3.0,6.78,roster,0,51.0,40.0,0.5,45.85,3.6257,0.4,0.7375,3.1875,34.32,5.21,0.0,26.32,28.3
2020-08-26 10:00:00,10,19,19,0.0,4.0,14.0,1.0,0.0,1.0,8,8,6,1,7,1,19.867,646.0,100.0,1012.0,19.867,4.0,10.48,roster,0,60.0,47.5,0.4545,63.76,3.9106,0.475,0.7634,3.1579,40.75,6.08,13.4,23.53,25.3
2020-08-26 11:00:00,11,19,19,0.0,5.0,14.0,0.0,0.0,1.0,2,2,8,1,9,1,20.867,160.0,102.0,706.0,20.867,4.0,10.48,roster,0,62.0,47.5,0.5,58.38,2.1727,0.475,0.1908,3.2632,40.75,7.81,13.4,16.41,17.65
2020-08-26 12:00:00,12,27,27,1.0,8.0,18.0,0.0,0.0,1.0,8,8,10,1,11,1,21.867,200.0,151.0,766.0,21.867,4.0,10.48,roster,0,91.0,67.5,0.7845,78.68,4.8478,0.675,0.7634,3.3704,57.92,9.55,13.4,17.81,19.15
2020-08-26 13:00:00,13,25,25,1.0,5.0,19.0,0.0,0.0,1.0,5,3,9,2,11,2,22.867,222.0,137.0,826.0,22.867,4.0,10.48,roster,0,82.0,62.5,0.7069,89.18,2.9889,0.625,0.2863,3.28,53.62,9.55,26.8,19.2,20.65
2020-08-26 14:00:00,14,20,20,0.0,3.0,16.0,1.0,0.0,1.0,5,5,5,1,6,1,16.483,281.0,197.0,340.0,16.483,4.0,10.48,roster,0,62.0,50.0,0.4559,49.41,3.029,0.5,0.4771,3.1,42.9,5.21,13.4,7.9,8.5
2020-08-26 15:00:00,15,24,24,0.0,4.0,20.0,0.0,0.0,1.0,9,9,5,1,6,1,17.483,298.5,181.0,342.0,17.483,4.0,10.48,roster,0,76.0,60.0,0.5588,58.04,4.6195,0.6,0.8588,3.1667,51.48,5.21,13.4,7.95,8.55
2020-08-26 16:00:00,16,20,20,1.0,3.0,15.0,1.0,0.0,1.0,4,3,6,1,7,1,6.7,241.0,92.0,400.0,6.7,4.0,10.48,roster,0,64.0,50.0,0.4848,51.68,2.516,0.5,0.2863,3.2,42.9,6.08,13.4,9.3,10.0
2020-08-26 17:00:00,17,21,21,1.0,3.0,16.0,1.0,0.0,1.0,4,3,9,1,10,1,7.7,186.0,88.0,377.0,7.7,4.0,10.48,roster,0,67.0,52.5,0.5583,55.89,2.5883,0.525,0.2863,3.1905,45.04,8.68,13.4,8.77,9.425
2020-08-26 18:00:00,18,24,24,1.0,2.0,19.0,2.0,0.0,1.0,7,7,11,0,11,0,8.7,192.0,127.0,437.0,8.7,4.0,10.48,roster,0,74.0,60.0,0.6379,51.19,3.9095,0.6,0.6679,3.0833,51.48,9.55,0.0,10.16,10.925
2020-08-26 19:00:00,19,19,19,0.0,2.0,16.0,1.0,0.0,1.0,3,2,9,0,9,0,9.7,272.0,187.0,497.0,9.7,4.0,10.48,roster,0,58.0,47.5,0.4677,40.13,2.0326,0.475,0.1908,3.0526,40.75,7.81,0.0,11.56,12.425
2020-08-26 20:00:00,20,21,21,0.0,2.0,16.0,3.0,0.0,1.0,7,7,6,0,6,0,10.667,289.5,180.0,557.0,10.667,4.0,12.39,roster,0,62.0,52.5,0.4559,43.21,3.218,0.525,0.565,2.9524,45.04,5.21,0.0,12.95,13.925
2020-08-26 21:00:00,21,20,20,0.0,2.0,16.0,2.0,0.0,1.0,4,4,7,0,7,0,11.667,240.0,103.0,617.0,11.667,4.0,12.39,roster,0,60.0,50.0,0.4545,43.32,2.4685,0.5,0.3228,3.0,42.9,6.08,0.0,14.35,15.425
2020-08-26 22:00:00,22,22,22,0.0,3.0,17.0,2.0,0.0,1.0,9,8,6,0,6,0,11.283,231.5,143.0,452.0,11.283,3.0,8.69,roster,0,67.0,55.0,0.6569,42.91,4.4786,0.55,0.9206,3.0455,47.19,5.21,0.0,10.51,11.3
2020-08-26 23:00:00,23,24,24,0.0,3.0,19.0,2.0,0.0,1.0,5,5,8,0,8,0,12.283,213.0,146.0,512.0,12.283,3.0,8.69,roster,0,73.0,60.0,0.7604,50.33,3.5751,0.6,0.5754,3.0417,51.48,6.95,0.0,11.9,12.8
2020-08-27 00:00:00,0,20,20,0.0,1.0,17.0,2.0,0.0,1.0,3,2,9,0,9,0,13.283,263.0,148.0,420.0,13.283,3.0,8.69,roster,0,59.0,50.0,0.6344,40.48,2.1539,0.5,0.2301,2.95,42.9,7.81,0.0,9.76,10.5
2020-08-27 01:00:00,1,21,21,0.0,1.0,18.0,2.0,0.0,1.0,5,5,9,0,9,0,14.283,323.0,208.0,480.0,14.283,3.0,8.69,roster,0,62.0,52.5,0.6667,44.02,3.2487,0.525,0.5754,2.9524,45.04,7.81,0.0,11.16,12.0
2020-08-27 02:00:00,2,18,18,0.0,2.0,14.0,2.0,0.0,1.0,4,4,9,0,9,0,15.283,383.0,268.0,540.0,15.283,3.0,8.69,roster,0,54.0,45.0,0.5806,38.98,2.7309,0.45,0.4603,3.0,38.61,7.81,0.0,12.56,13.5
2020-08-27 03:00:00,3,19,19,0.0,2.0,15.0,2.0,0.0,1.0,3,2,10,0,10,0,16.283,414.5,302.0,600.0,16.283,3.0,8.69,roster,0,57.0,47.5,0.6333,43.39,2.1154,0.475,0.2301,3.0,40.75,8.68,0.0,13.95,15.0
2020-08-27 04:00:00,4,20,20,0.0,3.0,16.0,1.0,0.0,1.0,5,4,10,0,10,0,17.283,474.5,362.0,660.0,17.283,3.0,8.69,roster,0,62.0,50.0,0.6889,46.93,2.9769,0.5,0.4603,3.1,42.9,8.68,0.0,15.34,16.5
2020-08-27 05:00:00,5,19,19,0.0,2.0,16.0,1.0,0.0,1.0,1,1,10,1,11,1,18.283,506.0,398.0,720.0,18.283,3.0,8.69,roster,0,58.0,47.5,0.6667,60.45,1.8013,0.475,0.1151,3.0526,40.75,9.55,13.4,16.74,18.0
2020-08-27 06:00:00,6,21,21,0.0,2.0,18.0,1.0,0.0,1.0,2,2,10,1,11,1,19.283,566.0,458.0,780.0,19.283,3.0,8.69,roster,0,64.0,52.5,0.7356,66.13,2.3014,0.525,0.2301,3.0476,45.04,9.55,13.4,18.14,19.5
2020-08-27 07:00:00,7,23,23,0.0,3.0,19.0,1.0,0.0,1.0,5,5,10,1,11,1,20.283,626.0,518.0,840.0,20.283,3.0,8.69,roster,0,71.0,57.5,0.8161,71.82,3.5512,0.575,0.5754,3.087,49.33,9.55,13.4,19.53,21.0
2020-08-27 08:00:00,8,22,22,0.0,2.0,19.0,1.0,0.0,1.0,4,2,11,1,12,1,21.283,657.0,578.0,900.0,21.283,3.0,6.6,roster,0,67.0,55.0,0.7976,71.93,2.5979,0.55,0.303,3.0455,47.19,10.42,13.4,20.92,22.5
2020-08-27 09:00:00,9,24,24,0.0,2.0,19.0,3.0,0.0,1.0,6,6,8,0,8,0,22.283,784.5,688.0,1112.0,22.283,3.0,6.6,roster,0,71.0,60.0,0.7396,64.28,4.4644,0.6,0.9091,2.9583,51.48,6.95,0.0,25.85,27.8
2020-08-27 10:00:00,10,20,20,0.0,3.0,16.0,1.0,0.0,1.0,1,1,10,0,10,0,23.283,735.0,101.0,1020.0,23.283,4.0,9.85,roster,0,62.0,50.0,0.5167,55.3,1.8647,0.5,0.1015,3.1,42.9,8.68,0.0,23.72,25.5
2020-08-27 11:00:00,11,27,27,0.0,4.0,22.0,1.0,0.0,1.0,9,9,9,1,10,1,23.433,770.0,127.0,943.0,20.533,4.0,9.85,roster,0,84.0,67.5,0.7,81.92,4.9426,0.675,0.9137,3.1111,57.92,8.68,13.4,21.92,23.575
2020-08-27 12:00:00,12,29,29,0.0,4.0,24.0,1.0,0.0,1.0,7,7,9,2,11,2,24.433,221.0,174.0,1003.0,21.533,4.0,9.85,roster,0,90.0,72.5,0.7759,101.88,4.4555,0.725,0.7107,3.1034,62.2,9.55,26.8,23.32,25.075
2020-08-27 13:00:00,13,31,31,0.0,3.0,27.0,1.0,0.0,1.0,8,7,9,1,10,1,25.433,562.5,177.0,1063.0,22.533,4.0,9.85,roster,0,95.0,77.5,0.7917,93.29,4.5528,0.775,0.7107,3.0645,66.5,8.68,13.4,24.71,26.575
2020-08-27 14:00:00,14,29,29,0.0,3.0,25.0,1.0,0.0,1.0,5,3,10,1,11,1,26.433,305.0,133.0,1123.0,23.533,4.0,9.85,roster,0,89.0,72.5,0.7672,91.27,3.1597,0.725,0.3046,3.069,62.2,9.55,13.4,26.11,28.075
2020-08-27 15:00:00,15,29,29,0.0,2.0,24.0,3.0,0.0,1.0,10,10,8,1,9,1,27.433,365.0,193.0,1022.0,24.533,4.0,9.85,roster,0,86.0,72.5,0.6935,87.18,5.1607,0.725,1.0152,2.9655,62.2,7.81,13.4,23.76,25.55
2020-08-27 16:00:00,16,24,24,0.0,1.0,21.0,2.0,0.0,1.0,4,4,9,1,10,1,28.433,242.5,97.0,425.0,25.533,4.0,9.85,roster,0,71.0,60.0,0.5917,63.44,2.9764,0.6,0.4061,2.9583,51.48,8.68,13.4,9.88,10.625
2020-08-27 17:00:00,17,24,24,0.0,1.0,23.0,0.0,0.0,1.0,5,5,9,1,10,1,29.433,233.5,152.0,367.0,26.533,4.0,9.85,roster,0,73.0,60.0,0.6083,62.1,3.369,0.6,0.5076,3.0417,51.48,8.68,13.4,8.53,9.175
2020-08-27 18:00:00,18,29,29,1.0,2.0,26.0,0.0,0.0,1.0,8,7,9,1,10,1,30.433,226.0,200.0,373.0,27.533,4.0,9.85,roster,0,91.0,72.5,0.7583,72.96,4.505,0.725,0.7107,3.1379,62.2,8.68,13.4,8.67,9.325
2020-08-27 19:00:00,19,25,25,1.0,1.0,23.0,0.0,0.0,1.0,5,5,9,1,10,1,31.433,125.5,89.0,277.0,6.867,4.0,9.85,roster,0,78.0,62.5,0.65,62.15,3.5338,0.625,0.5076,3.12,53.62,8.68,13.4,6.44,6.925
2020-08-27 20:00:00,20,28,28,1.0,1.0,25.0,1.0,0.0,1.0,8,8,6,1,7,1,32.433,161.0,138.0,332.0,5.917,4.0,11.01,roster,0,86.0,70.0,0.6515,67.26,4.3817,0.7,0.7266,3.0714,60.06,6.08,13.4,7.72,8.3
2020-08-27 21:00:00,21,20,20,0.0,0.0,19.0,1.0,0.0,1.0,7,7,3,0,3,0,33.433,209.0,118.0,415.0,6.917,4.0,11.01,roster,0,59.0,50.0,0.3986,35.15,3.3506,0.5,0.6358,2.95,42.9,2.6,0.0,9.65,10.375
2020-08-27 22:00:00,22,19,19,0.0,0.0,19.0,0.0,0.0,1.0,10,9,3,0,3,0,34.433,116.0,72.0,178.0,2.967,3.0,7.76,roster,0,57.0,47.5,0.5135,27.5,4.9044,0.475,1.1598,3.0,40.75,2.6,0.0,4.14,4.45
2020-08-27 23:00:00,23,23,23,0.0,0.0,23.0,0.0,0.0,1.0,11,10,3,0,3,0,35.433,132.0,67.0,176.0,2.933,3.0,7.76,roster,0,69.0,57.5,0.6216,36.03,5.591,0.575,1.2887,3.0,49.33,2.6,0.0,4.09,4.4
2020-08-28 00:00:00,0,21,21,0.0,1.0,20.0,0.0,0.0,1.0,3,3,3,0,3,0,36.433,192.0,127.0,236.0,3.933,3.0,7.76,roster,0,64.0,52.5,0.5766,33.14,2.7782,0.525,0.3866,3.0476,45.04,2.6,0.0,5.49,5.9
2020-08-28 01:00:00,1,14,14,0.0,1.0,13.0,0.0,0.0,1.0,2,2,4,0,4,0,37.433,219.5,187.0,296.0,4.933,3.0,7.76,roster,0,43.0,35.0,0.3981,20.39,1.8666,0.35,0.2577,3.0714,30.03,3.47,0.0,6.88,7.4
2020-08-28 02:00:00,2,14,14,0.0,1.0,13.0,0.0,0.0,1.0,3,2,4,0,4,0,38.433,279.5,247.0,356.0,5.933,3.0,7.76,roster,0,43.0,35.0,0.3981,21.78,1.8666,0.35,0.2577,3.0714,30.03,3.47,0.0,8.28,8.9
2020-08-28 03:00:00,3,13,13,0.0,2.0,11.0,0.0,0.0,1.0,3,2,4,0,4,0,39.433,339.5,307.0,416.0,6.933,3.0,7.76,roster,0,41.0,32.5,0.3796,21.03,1.8378,0.325,0.2577,3.1538,27.88,3.47,0.0,9.67,10.4
2020-08-28 04:00:00,4,16,16,0.0,2.0,14.0,0.0,0.0,1.0,3,3,4,1,5,1,40.433,367.0,277.0,432.0,7.933,3.0,7.76,roster,0,50.0,40.0,0.4762,42.11,2.4581,0.4,0.3866,3.125,34.32,4.34,13.4,10.04,10.8
2020-08-28 05:00:00,5,18,18,0.0,2.0,15.0,1.0,0.0,1.0,3,3,4,1,5,1,41.433,427.0,337.0,492.0,8.933,3.0,7.76,roster,0,55.0,45.0,0.5238,47.79,2.5563,0.45,0.3866,3.0556,38.61,4.34,13.4,11.44,12.3
2020-08-28 06:00:00,6,17,17,0.0,2.0,15.0,0.0,0.0,1.0,3,2,4,1,5,1,42.433,487.0,397.0,552.0,9.933,3.0,7.76,roster,0,53.0,42.5,0.5048,47.04,2.1285,0.425,0.2577,3.1176,36.46,4.34,13.4,12.83,13.8
2020-08-28 07:00:00,7,17,17,0.0,1.0,16.0,0.0,0.0,1.0,5,5,4,0,4,0,43.433,579.5,547.0,656.0,10.933,3.0,7.76,roster,0,52.0,42.5,0.4815,35.19,3.2709,0.425,0.6443,3.0588,36.46,3.47,0.0,15.25,16.4
2020-08-28 08:00:00,8,15,15,0.0,1.0,14.0,0.0,0.0,1.0,2,1,4,0,4,0,44.433,639.5,607.0,716.0,11.933,3.0,7.73,roster,0,46.0,37.5,0.4259,32.3,1.5467,0.375,0.1294,3.0667,32.17,3.47,0.0,16.65,17.9
2020-08-28 09:00:00,9,12,12,0.0,1.0,11.0,0.0,0.0,1.0,3,2,2,0,2,0,45.433,676.5,577.0,776.0,12.933,3.0,7.73,roster,0,37.0,30.0,0.3246,25.52,1.7228,0.3,0.2587,3.0833,25.74,1.74,0.0,18.04,19.4
2020-08-28 10:00:00,10,13,13,0.0,1.0,11.0,1.0,0.0,1.0,6,5,2,0,2,0,46.433,736.5,637.0,836.0,13.933,4.0,10.98,roster,0,39.0,32.5,0.2566,29.06,2.3411,0.325,0.4554,3.0,27.88,1.74,0.0,19.44,20.9
2020-08-28 11:00:00,11,9,9,0.0,3.0,5.0,1.0,0.0,1.0,4,4,1,0,1,0,24.267,896.0,896.0,896.0,14.933,4.0,10.98,roster,0,29.0,22.5,0.1859,21.01,1.8989,0.225,0.3643,3.2222,19.3,0.87,0.0,20.83,22.4
2020-08-28 12:00:00,12,15,15,0.0,6.0,8.0,1.0,0.0,1.0,8,8,1,0,1,0,25.267,956.0,956.0,956.0,15.933,4.0,10.98,roster,0,50.0,37.5,0.3205,35.27,3.6787,0.375,0.7286,3.3333,32.17,0.87,0.0,22.23,23.9
2020-08-28 13:00:00,13,19,19,0.0,7.0,11.0,1.0,0.0,1.0,7,6,4,0,4,0,26.267,111.5,105.0,1016.0,16.933,4.0,10.98,roster,0,63.0,47.5,0.4375,47.85,3.3869,0.475,0.5464,3.3158,40.75,3.47,0.0,23.62,25.4
2020-08-28 14:00:00,14,22,22,0.0,6.0,15.0,1.0,0.0,1.0,11,11,3,1,4,1,17.933,118.0,109.0,1076.0,17.933,4.0,10.98,roster,0,71.0,55.0,0.4931,69.08,5.0082,0.55,1.0018,3.2273,47.19,3.47,13.4,25.02,26.9
2020-08-28 15:00:00,15,25,25,1.0,7.0,17.0,0.0,0.0,1.0,10,8,5,2,7,2,18.933,117.0,84.0,169.0,18.933,4.0,10.98,roster,0,84.0,62.5,0.6364,70.43,4.5481,0.625,0.7286,3.36,53.62,6.08,26.8,3.93,4.225
2020-08-28 16:00:00,16,20,20,1.0,7.0,12.0,0.0,0.0,1.0,3,2,5,4,9,4,19.933,161.0,114.0,201.0,19.933,4.0,10.98,roster,0,69.0,50.0,0.5565,88.99,2.3534,0.5,0.1821,3.45,42.9,7.81,53.6,4.67,5.025
2020-08-28 17:00:00,17,18,18,0.0,7.0,11.0,0.0,0.0,1.0,3,3,7,3,10,3,20.933,201.0,162.0,261.0,20.933,4.0,10.98,roster,0,61.0,45.0,0.5083,73.56,2.4509,0.45,0.2732,3.3889,38.61,8.68,40.2,6.07,6.525
2020-08-28 18:00:00,18,17,17,0.0,6.0,10.0,1.0,0.0,1.0,2,2,7,3,10,3,21.933,261.0,222.0,321.0,21.933,4.0,10.98,roster,0,56.0,42.5,0.4667,72.81,2.0,0.425,0.1821,3.2941,36.46,8.68,40.2,7.46,8.025
2020-08-28 19:00:00,19,16,16,0.0,3.0,13.0,0.0,0.0,1.0,6,6,3,2,5,2,22.933,381.0,282.0,409.0,22.933,4.0,10.98,roster,0,51.0,40.0,0.3643,54.97,3.0168,0.4,0.5464,3.1875,34.32,4.34,26.8,9.51,10.225
2020-08-28 20:00:00,20,15,15,0.0,3.0,11.0,0.0,1.0,1.0,10,8,1,1,2,1,23.933,952.5,469.0,1436.0,23.933,4.0,10.05,roster,0,46.0,37.5,0.3026,60.7,3.5911,0.375,0.796,3.0667,32.17,1.74,13.4,33.39,35.9
2020-08-28 21:00:00,21,17,17,0.0,2.0,13.0,2.0,0.0,1.0,5,5,2,0,2,0,24.933,799.0,102.0,1496.0,24.933,4.0,10.05,roster,0,51.0,42.5,0.3355,52.98,2.7675,0.425,0.4975,3.0,36.46,1.74,0.0,34.78,37.4
2020-08-28 22:00:00,22,20,20,1.0,2.0,15.0,2.0,0.0,1.0,8,8,3,0,3,0,25.933,162.0,102.0,1556.0,25.933,3.0,6.8,roster,0,62.0,50.0,0.5586,61.68,5.1971,0.5,1.1765,3.1,42.9,2.6,0.0,36.18,38.9
2020-08-28 23:00:00,23,27,27,2.0,2.0,20.0,3.0,0.0,1.0,10,9,6,1,7,1,26.933,115.0,104.0,222.0,26.933,3.0,6.8,roster,0,84.0,67.5,0.8485,62.55,6.2176,0.675,1.3235,3.1111,57.92,6.08,13.4,5.16,5.55
2020-08-29 00:00:00,0,24,24,1.0,3.0,19.0,1.0,0.0,1.0,7,5,7,0,7,0,11.9,164.0,102.0,222.0,4.7,3.0,6.8,roster,0,76.0,60.0,0.7677,42.72,4.2284,0.6,0.7353,3.1667,51.48,6.08,0.0,5.16,5.55
2020-08-29 01:00:00,1,23,23,1.0,3.0,19.0,0.0,0.0,1.0,4,4,8,0,8,0,12.9,202.5,162.0,282.0,5.7,3.0,6.8,roster,0,74.0,57.5,0.7708,42.84,3.7426,0.575,0.5882,3.2174,49.33,6.95,0.0,6.56,7.05
2020-08-29 02:00:00,2,22,22,1.0,2.0,19.0,0.0,0.0,1.0,3,3,9,0,9,0,13.9,241.0,213.0,295.0,6.7,3.0,6.8,roster,0,70.0,55.0,0.7527,41.86,3.1537,0.55,0.4412,3.1818,47.19,7.81,0.0,6.86,7.375
2020-08-29 03:00:00,3,23,23,1.0,2.0,20.0,0.0,0.0,1.0,4,5,9,0,9,0,14.9,301.0,273.0,355.0,7.7,3.0,6.8,roster,0,73.0,57.5,0.7849,45.4,4.1588,0.575,0.7353,3.1739,49.33,7.81,0.0,8.25,8.875
2020-08-29 04:00:00,4,24,24,1.0,2.0,21.0,0.0,0.0,1.0,5,3,10,0,10,0,15.9,351.5,298.0,415.0,8.7,3.0,6.8,roster,0,76.0,60.0,0.8444,49.81,3.2971,0.6,0.4412,3.1667,51.48,8.68,0.0,9.65,10.375
2020-08-29 05:00:00,5,26,26,1.0,2.0,23.0,0.0,0.0,1.0,3,3,10,0,10,0,16.9,411.5,358.0,475.0,9.7,3.0,6.8,roster,0,82.0,65.0,0.9111,55.5,3.4414,0.65,0.4412,3.1538,55.77,8.68,0.0,11.04,11.875
2020-08-29 06:00:00,6,24,24,1.0,2.0,21.0,0.0,0.0,1.0,1,2,10,0,10,0,17.9,471.5,418.0,535.0,10.7,3.0,6.8,roster,0,76.0,60.0,0.8444,52.6,2.8314,0.6,0.2941,3.1667,51.48,8.68,0.0,12.44,13.375
2020-08-29 07:00:00,7,24,24,1.0,2.0,21.0,0.0,0.0,1.0,2,2,10,0,10,0,18.9,531.5,478.0,595.0,11.7,3.0,6.8,roster,0,76.0,60.0,0.8444,54.0,2.8314,0.6,0.2941,3.1667,51.48,8.68,0.0,13.83,14.875
2020-08-29 08:00:00,8,25,25,1.0,2.0,22.0,0.0,0.0,1.0,2,2,11,0,11,0,19.9,582.0,467.0,655.0,12.7,3.0,6.38,roster,0,79.0,62.5,0.908,58.41,2.9656,0.625,0.3135,3.16,53.62,9.55,0.0,15.23,16.375
2020-08-29 09:00:00,9,21,21,0.0,3.0,18.0,0.0,0.0,1.0,5,4,4,1,5,1,18.383,527.0,146.0,642.0,13.7,3.0,6.38,roster,0,66.0,52.5,0.6286,57.71,3.6204,0.525,0.627,3.1429,45.04,4.34,13.4,14.93,16.05
2020-08-29 10:00:00,10,26,26,0.0,3.0,21.0,2.0,0.0,1.0,9,7,5,2,7,2,19.383,131.0,76.0,702.0,14.7,4.0,10.08,roster,0,79.0,65.0,0.5985,84.97,4.085,0.65,0.6944,3.0385,55.77,6.08,26.8,16.32,17.55
2020-08-29 11:00:00,11,22,22,0.0,5.0,17.0,0.0,0.0,1.0,8,8,5,2,7,2,20.383,191.0,101.0,762.0,15.7,4.0,10.08,roster,0,71.0,55.0,0.5379,77.78,4.3363,0.55,0.7937,3.2273,47.19,6.08,26.8,17.72,19.05
2020-08-29 12:00:00,12,21,21,0.0,3.0,18.0,0.0,0.0,1.0,4,3,4,2,6,2,21.383,174.0,120.0,251.0,5.433,4.0,10.08,roster,0,66.0,52.5,0.4853,62.89,2.5854,0.525,0.2976,3.1429,45.04,5.21,26.8,5.84,6.275
2020-08-29 13:00:00,13,29,29,0.0,7.0,22.0,0.0,0.0,1.0,12,11,4,2,6,2,22.383,234.0,129.0,311.0,6.433,4.0,10.08,roster,0,94.0,72.5,0.6912,81.45,5.8872,0.725,1.0913,3.2414,62.2,5.21,26.8,7.23,7.775
2020-08-29 14:00:00,14,19,19,0.0,3.0,16.0,0.0,0.0,1.0,4,4,4,0,4,0,21.417,79.5,66.0,131.0,2.183,4.0,10.08,roster,0,60.0,47.5,0.4167,27.27,2.7531,0.475,0.3968,3.1579,40.75,3.47,0.0,3.05,3.275
2020-08-29 15:00:00,15,13,13,0.0,2.0,11.0,0.0,0.0,1.0,4,3,3,0,3,0,22.417,126.0,105.0,153.0,2.55,4.0,10.08,roster,0,41.0,32.5,0.277,14.05,1.9636,0.325,0.2976,3.1538,27.88,2.6,0.0,3.56,3.825
2020-08-29 16:00:00,16,15,15,0.0,3.0,12.0,0.0,0.0,1.0,9,8,2,0,2,0,23.417,175.5,165.0,186.0,3.1,4.0,10.08,roster,0,48.0,37.5,0.3158,18.24,3.7397,0.375,0.7937,3.2,32.17,1.74,0.0,4.32,4.65
2020-08-29 17:00:00,17,15,15,0.0,2.0,13.0,0.0,0.0,1.0,5,4,4,1,5,1,24.417,89.0,81.0,110.0,3.75,4.0,10.08,roster,0,47.0,37.5,0.3357,32.47,2.4184,0.375,0.3968,3.1333,32.17,4.34,13.4,2.56,2.75
2020-08-29 18:00:00,18,11,11,0.0,0.0,11.0,0.0,0.0,1.0,4,3,4,0,4,0,22.383,134.5,120.0,285.0,4.75,4.0,10.08,roster,0,33.0,27.5,0.2292,13.69,1.7179,0.275,0.2976,3.0,23.6,3.47,0.0,6.63,7.125
2020-08-29 19:00:00,19,15,15,0.0,3.0,11.0,1.0,0.0,1.0,11,10,1,0,1,0,23.383,180.0,180.0,180.0,3.0,4.0,10.08,roster,0,47.0,37.5,0.3013,17.23,4.2835,0.375,0.9921,3.1333,32.17,0.87,0.0,4.19,4.5
2020-08-29 20:00:00,20,12,12,0.0,4.0,8.0,0.0,0.0,1.0,4,3,3,0,3,0,24.383,72.0,64.0,240.0,4.0,4.0,10.48,roster,0,40.0,30.0,0.2703,13.92,1.9542,0.3,0.2863,3.3333,25.74,2.6,0.0,5.58,6.0
2020-08-29 21:00:00,21,16,16,0.0,4.0,11.0,1.0,0.0,1.0,8,8,2,1,3,1,25.383,124.0,80.0,132.0,2.2,4.0,10.48,roster,0,51.0,40.0,0.3446,33.39,3.7082,0.4,0.7634,3.1875,34.32,2.6,13.4,3.07,3.3
2020-08-29 22:00:00,22,12,12,0.0,4.0,8.0,0.0,0.0,1.0,6,4,2,0,2,0,26.383,188.0,184.0,192.0,3.2,3.0,6.78,roster,0,40.0,30.0,0.3509,11.94,2.9666,0.3,0.59,3.3333,25.74,1.74,0.0,4.46,4.8
2020-08-29 23:00:00,23,22,22,0.0,4.0,16.0,2.0,0.0,1.0,12,13,4,0,4,0,27.383,96.5,92.0,252.0,4.2,3.0,6.78,roster,0,68.0,55.0,0.6296,36.52,7.6265,0.55,1.9174,3.0909,47.19,3.47,0.0,5.86,6.3
2020-08-30 00:00:00,0,20,20,0.0,4.0,15.0,1.0,0.0,1.0,4,3,7,1,8,1,28.383,111.5,100.0,161.0,5.2,3.0,6.78,roster,0,63.0,50.0,0.6562,46.99,2.9688,0.5,0.4425,3.15,42.9,6.95,13.4,3.74,4.025
2020-08-30 01:00:00,1,25,25,0.0,5.0,18.0,2.0,0.0,1.0,6,6,7,0,7,0,29.383,180.0,133.0,221.0,6.2,3.0,6.78,roster,0,78.0,62.5,0.7879,44.84,4.7111,0.625,0.885,3.12,53.62,6.08,0.0,5.14,5.525
2020-08-30 02:00:00,2,22,22,0.0,5.0,15.0,2.0,0.0,1.0,5,5,7,0,7,0,30.383,240.0,193.0,281.0,7.2,3.0,6.78,roster,0,69.0,55.0,0.697,39.8,4.038,0.55,0.7375,3.1364,47.19,6.08,0.0,6.53,7.025
2020-08-30 03:00:00,3,22,22,0.0,5.0,16.0,1.0,0.0,1.0,6,6,7,0,7,0,31.383,300.0,253.0,341.0,8.2,3.0,6.78,roster,0,70.0,55.0,0.7071,41.2,4.5658,0.55,0.885,3.1818,47.19,6.08,0.0,7.93,8.525
2020-08-30 04:00:00,4,21,21,0.0,5.0,15.0,1.0,0.0,1.0,2,1,7,0,7,0,32.383,360.0,313.0,401.0,9.2,3.0,6.78,roster,0,67.0,52.5,0.6768,40.45,2.1456,0.525,0.1475,3.1905,45.04,6.08,0.0,9.32,10.025
2020-08-30 05:00:00,5,24,24,0.0,5.0,18.0,1.0,0.0,1.0,3,3,7,0,7,0,33.383,420.0,373.0,461.0,10.2,3.0,6.78,roster,0,76.0,60.0,0.7677,48.28,3.3012,0.6,0.4425,3.1667,51.48,6.08,0.0,10.72,11.525
2020-08-30 06:00:00,6,26,26,0.0,4.0,22.0,0.0,0.0,1.0,5,5,8,0,8,0,34.383,470.0,433.0,521.0,11.2,3.0,6.78,roster,0,82.0,65.0,0.8542,54.83,4.3758,0.65,0.7375,3.1538,55.77,6.95,0.0,12.11,13.025
2020-08-30 07:00:00,7,27,27,0.0,3.0,24.0,0.0,0.0,1.0,8,8,9,0,9,0,35.383,520.0,482.0,572.0,12.2,3.0,6.78,roster,0,84.0,67.5,0.9032,59.03,5.7709,0.675,1.1799,3.1111,57.92,7.81,0.0,13.3,14.3
2020-08-30 08:00:00,8,26,26,0.0,5.0,20.0,1.0,0.0,1.0,6,5,9,0,9,0,36.383,580.0,542.0,632.0,13.2,3.0,6.38,roster,0,82.0,65.0,0.8817,58.28,4.5217,0.65,0.7837,3.1538,55.77,7.81,0.0,14.69,15.8
2020-08-30 09:00:00,9,23,23,0.0,5.0,16.0,2.0,0.0,1.0,6,6,5,0,5,0,37.383,640.0,602.0,660.0,14.2,3.0,6.38,roster,0,72.0,57.5,0.6857,49.02,4.744,0.575,0.9404,3.1304,49.33,4.34,0.0,15.34,16.5
2020-08-30 10:00:00,10,24,24,0.0,3.0,17.0,4.0,0.0,1.0,10,10,3,0,3,0,38.383,152.0,99.0,700.0,11.667,4.0,9.72,roster,0,71.0,60.0,0.4797,50.36,4.8186,0.6,1.0288,2.9583,51.48,2.6,0.0,16.28,17.5
2020-08-30 11:00:00,11,23,23,0.0,3.0,17.0,3.0,0.0,1.0,11,11,3,0,3,0,8.683,118.0,76.0,159.0,2.65,4.0,9.72,roster,0,69.0,57.5,0.4662,35.64,5.1201,0.575,1.1317,3.0,49.33,2.6,0.0,3.7,3.975
2020-08-30 12:00:00,12,21,21,0.0,3.0,14.0,4.0,0.0,1.0,7,6,8,0,8,0,9.017,101.5,88.0,178.0,3.65,4.0,9.72,roster,0,62.0,52.5,0.4844,36.13,3.3725,0.525,0.6173,2.9524,45.04,6.95,0.0,4.14,4.45
2020-08-30 13:00:00,13,14,14,1.0,3.0,8.0,2.0,0.0,1.0,4,2,6,0,6,0,10.017,150.0,133.0,196.0,3.967,4.0,9.72,roster,0,45.0,35.0,0.3309,19.8,1.7864,0.35,0.2058,3.2143,30.03,5.21,0.0,4.56,4.9
2020-08-30 14:00:00,14,21,21,1.0,2.0,14.0,4.0,0.0,1.0,18,14,4,1,5,1,5.933,170.0,91.0,193.0,4.967,4.0,9.72,roster,0,63.0,52.5,0.45,47.27,5.896,0.525,1.4403,3.0,45.04,4.34,13.4,4.49,4.825
2020-08-30 15:00:00,15,24,24,0.0,0.0,23.0,1.0,0.0,1.0,16,15,6,0,6,0,5.967,115.5,106.0,143.0,5.967,4.0,9.72,roster,0,71.0,60.0,0.5221,40.01,6.3403,0.6,1.5432,2.9583,51.48,5.21,0.0,3.32,3.575
2020-08-30 16:00:00,16,27,27,0.0,0.0,27.0,0.0,0.0,1.0,14,13,6,0,6,0,6.967,169.0,154.0,179.0,6.967,4.0,9.72,roster,0,81.0,67.5,0.5956,47.29,6.0373,0.675,1.3374,3.0,57.92,5.21,0.0,4.16,4.475
2020-08-30 17:00:00,17,27,27,0.0,1.0,23.0,2.0,1.0,1.0,16,14,6,0,6,0,3.983,128.5,91.0,214.0,3.983,4.0,9.72,roster,0,78.0,67.5,0.5735,48.1,6.111,0.675,1.4403,2.8889,57.92,5.21,0.0,4.98,5.35
2020-08-30 18:00:00,18,21,21,0.0,1.0,17.0,3.0,0.0,1.0,8,8,8,0,8,0,4.983,125.0,93.0,274.0,4.983,4.0,9.72,roster,0,61.0,52.5,0.4766,38.36,3.9158,0.525,0.823,2.9048,45.04,6.95,0.0,6.37,6.85
2020-08-30 19:00:00,19,21,21,0.0,3.0,13.0,5.0,0.0,1.0,12,11,5,0,5,0,5.567,145.0,131.0,153.0,5.567,4.0,9.72,roster,0,61.0,52.5,0.4357,32.94,4.8123,0.525,1.1317,2.9048,45.04,4.34,0.0,3.56,3.825
2020-08-30 20:00:00,20,31,31,1.0,3.0,24.0,3.0,0.0,1.0,17,17,3,0,3,0,6.567,213.0,151.0,394.0,6.567,4.0,10.14,roster,0,95.0,77.5,0.6419,58.26,7.5127,0.775,1.6765,3.0645,66.5,2.6,0.0,9.16,9.85
2020-08-30 21:00:00,21,25,25,1.0,2.0,20.0,2.0,0.0,1.0,7,5,5,0,5,0,7.317,83.0,67.0,103.0,1.9,4.0,10.14,roster,0,77.0,62.5,0.55,40.36,3.4437,0.625,0.4931,3.08,53.62,4.34,0.0,2.39,2.575
2020-08-30 22:00:00,22,23,23,2.0,2.0,17.0,1.0,1.0,1.0,9,8,6,0,6,0,8.317,135.0,124.0,163.0,2.9,3.0,6.8,roster,0,72.0,57.5,0.7059,38.33,5.4829,0.575,1.1765,3.1304,49.33,5.21,0.0,3.79,4.075
2020-08-30 23:00:00,23,24,24,2.0,2.0,18.0,2.0,0.0,1.0,9,8,8,0,8,0,6.783,185.5,141.0,223.0,3.9,3.0,6.8,roster,0,76.0,60.0,0.7917,43.61,5.6255,0.6,1.1765,3.1667,51.48,6.95,0.0,5.18,5.575
2020-08-31 00:00:00,0,21,21,2.0,1.0,16.0,1.0,1.0,1.0,5,5,9,1,10,1,7.783,188.5,88.0,263.0,4.9,3.0,6.8,roster,0,65.0,52.5,0.7222,53.24,3.9009,0.525,0.7353,3.0952,45.04,8.68,13.4,6.11,6.575
2020-08-31 01:00:00,1,20,20,2.0,1.0,14.0,2.0,1.0,1.0,3,3,9,0,9,0,8.783,261.0,200.0,323.0,5.9,3.0,6.8,roster,0,61.0,50.0,0.6559,38.22,2.8706,0.5,0.4412,3.05,42.9,7.81,0.0,7.51,8.075
2020-08-31 02:00:00,2,28,28,3.0,2.0,22.0,1.0,0.0,1.0,10,10,9,0,9,0,9.783,321.0,260.0,383.0,6.9,3.0,6.8,roster,0,91.0,70.0,0.9785,56.78,7.0544,0.7,1.4706,3.25,60.06,7.81,0.0,8.9,9.575
2020-08-31 03:00:00,3,26,26,3.0,2.0,18.0,3.0,0.0,1.0,2,2,11,0,11,0,10.783,356.0,265.0,443.0,7.9,3.0,6.8,roster,0,83.0,65.0,0.954,55.62,3.0139,0.65,0.2941,3.1923,55.77,9.55,0.0,10.3,11.075
2020-08-31 04:00:00,4,26,26,3.0,2.0,18.0,3.0,0.0,1.0,3,4,12,0,12,0,11.783,398.0,325.0,503.0,8.9,3.0,6.8,roster,0,83.0,65.0,0.9881,57.88,3.9528,0.65,0.5882,3.1923,55.77,10.42,0.0,11.69,12.575
2020-08-31 05:00:00,5,25,25,3.0,2.0,18.0,2.0,0.0,1.0,2,2,12,0,12,0,12.783,458.0,385.0,563.0,9.9,3.0,6.8,roster,0,81.0,62.5,0.9643,57.13,2.9779,0.625,0.2941,3.24,53.62,10.42,0.0,13.09,14.075
2020-08-31 06:00:00,6,26,26,3.0,2.0,18.0,3.0,0.0,1.0,2,2,13,0,13,0,13.783,500.0,277.0,604.0,10.9,3.0,6.8,roster,0,83.0,65.0,1.0247,61.1,3.0139,0.65,0.2941,3.1923,55.77,11.29,0.0,14.04,15.1
2020-08-31 07:00:00,7,25,25,3.0,3.0,17.0,2.0,0.0,1.0,1,1,13,0,13,0,14.783,560.0,337.0,664.0,11.9,3.0,6.8,roster,0,82.0,62.5,1.0123,60.35,2.5324,0.625,0.1471,3.28,53.62,11.29,0.0,15.44,16.6
2020-08-31 08:00:00,8,29,29,3.0,6.0,18.0,2.0,0.0,1.0,5,5,13,0,13,0,15.783,620.0,397.0,724.0,12.9,3.0,6.95,roster,0,97.0,72.5,1.1975,70.33,4.8314,0.725,0.7194,3.3448,62.2,11.29,0.0,16.83,18.1
2020-08-31 09:00:00,9,28,28,2.0,5.0,18.0,3.0,0.0,1.0,11,9,8,0,8,0,16.783,626.5,112.0,741.0,13.067,3.0,6.95,roster,0,90.0,70.0,0.9375,64.23,6.4124,0.7,1.295,3.2143,60.06,6.95,0.0,17.23,18.525
2020-08-31 10:00:00,10,28,28,2.0,4.0,20.0,2.0,0.0,1.0,8,8,10,0,10,0,17.783,428.5,128.0,740.0,14.067,4.0,9.99,roster,0,90.0,70.0,0.75,65.95,4.824,0.7,0.8008,3.2143,60.06,8.68,0.0,17.21,18.5
2020-08-31 11:00:00,11,30,30,2.0,3.0,21.0,3.0,1.0,1.0,8,7,10,1,11,1,18.783,221.0,140.0,800.0,15.067,4.0,9.99,roster,0,92.0,75.0,0.7931,85.9,4.4488,0.75,0.7007,3.0667,64.35,9.55,13.4,18.6,20.0
2020-08-31 12:00:00,12,30,30,2.0,6.0,20.0,2.0,0.0,1.0,9,9,12,0,12,0,16.067,264.5,109.0,860.0,16.067,4.0,9.99,roster,0,98.0,75.0,0.875,74.76,5.3929,0.75,0.9009,3.2667,64.35,10.42,0.0,20.0,21.5
2020-08-31 13:00:00,13,35,35,2.0,6.0,25.0,2.0,0.0,1.0,6,6,15,1,16,1,17.067,214.5,104.0,868.0,17.067,4.0,9.99,roster,0,113.0,87.5,1.1771,102.55,4.7641,0.875,0.6006,3.2286,75.08,13.89,13.4,20.18,21.7
2020-08-31 14:00:00,14,32,32,2.0,6.0,22.0,2.0,0.0,1.0,4,2,15,1,16,1,18.067,256.0,135.0,928.0,18.067,4.0,9.99,roster,0,104.0,80.0,1.0833,97.51,3.2507,0.8,0.2002,3.25,68.64,13.89,13.4,21.58,23.2
2020-08-31 15:00:00,15,24,24,1.0,4.0,17.0,2.0,0.0,1.0,3,3,11,0,11,0,17.333,195.0,155.0,461.0,17.333,4.0,9.99,roster,0,76.0,60.0,0.6552,51.75,2.851,0.6,0.3003,3.1667,51.48,9.55,0.0,10.72,11.525
2020-08-31 16:00:00,16,21,21,1.0,3.0,15.0,2.0,0.0,1.0,6,5,9,0,9,0,17.467,250.0,215.0,312.0,17.467,4.0,9.99,roster,0,66.0,52.5,0.5323,40.11,3.223,0.525,0.5005,3.1429,45.04,7.81,0.0,7.25,7.8
2020-08-31 17:00:00,17,23,23,1.0,3.0,17.0,2.0,0.0,1.0,4,3,10,0,10,0,18.467,308.0,257.0,372.0,18.467,4.0,9.99,roster,0,72.0,57.5,0.6,46.67,2.7401,0.575,0.3003,3.1304,49.33,8.68,0.0,8.65,9.3
2020-08-31 18:00:00,18,22,22,1.0,3.0,14.0,4.0,0.0,1.0,5,4,9,0,9,0,19.467,366.0,317.0,432.0,19.467,4.0,9.99,roster,0,67.0,55.0,0.5403,45.05,2.8944,0.55,0.4004,3.0455,47.19,7.81,0.0,10.04,10.8
2020-08-31 19:00:00,19,20,20,1.0,2.0,14.0,3.0,0.0,1.0,7,7,6,0,6,0,11.05,386.0,188.0,430.0,8.2,4.0,9.99,roster,0,61.0,50.0,0.4485,38.11,3.6621,0.5,0.7007,3.05,42.9,5.21,0.0,10.0,10.75
2020-08-31 20:00:00,20,20,20,2.0,4.0,12.0,2.0,0.0,1.0,11,9,3,0,3,0,12.05,455.0,144.0,490.0,8.167,4.0,10.72,roster,0,66.0,50.0,0.4459,36.9,4.4205,0.5,0.8396,3.3,42.9,2.6,0.0,11.39,12.25
2020-08-31 21:00:00,21,17,17,2.0,3.0,11.0,1.0,0.0,1.0,5,3,6,1,7,1,13.05,110.0,85.0,515.0,9.167,4.0,10.72,roster,0,57.0,42.5,0.4318,47.92,2.3633,0.425,0.2799,3.3529,36.46,6.08,13.4,11.97,12.875
2020-08-31 22:00:00,22,17,17,0.0,2.0,13.0,2.0,0.0,1.0,9,8,3,0,3,0,14.05,150.0,61.0,575.0,9.583,3.0,7.68,roster,0,51.0,42.5,0.4595,32.44,4.4,0.425,1.0417,3.0,36.46,2.6,0.0,13.37,14.375
2020-08-31 23:00:00,23,17,17,0.0,2.0,14.0,1.0,0.0,1.0,5,5,2,0,2,0,15.05,142.0,74.0,210.0,3.5,3.0,7.68,roster,0,52.0,42.5,0.4561,23.08,3.2914,0.425,0.651,3.0588,36.46,1.74,0.0,4.88,5.25
