ts,hour,total,census,l1,l2,l3,l4,l5,tri_coverage,arrivals,arrival_present_1h,waitBed,waitICU,D_board,resus,maxLOS_h,awt_curr_min,board_q1_min,board_q3_min,board_max_h,Na,cap_sum,cap_source,src_gap,acuity,OCCUPANCY,EDWIN,NEDOCS,READI,READI_BR,READI_PR,READI_AR,NEDOCS_t_total,NEDOCS_t_board,NEDOCS_t_resus,NEDOCS_t_longest_admit,NEDOCS_E_h
2021-12-01 00:00:00,0,17,17,1.0,1.0,15.0,0.0,0.0,1.0,6,6,3,0,3,0,12.65,258.0,171.0,343.0,5.717,3.0,7.51,roster,0,54.0,42.5,0.4865,27.04,3.8878,0.425,0.7989,3.1765,36.46,2.6,0.0,7.97,8.575
2021-12-01 01:00:00,1,17,17,1.0,2.0,14.0,0.0,0.0,1.0,2,2,5,2,7,2,13.65,108.0,68.0,318.0,6.717,3.0,7.51,roster,0,55.0,42.5,0.5556,56.74,2.2366,0.425,0.2663,3.2353,36.46,6.08,26.8,7.39,7.95
2021-12-01 02:00:00,2,18,18,1.0,3.0,14.0,0.0,0.0,1.0,2,2,5,2,7,2,14.65,168.0,128.0,378.0,7.717,3.0,7.51,roster,0,59.0,45.0,0.596,60.28,2.3479,0.45,0.2663,3.2778,38.61,6.08,26.8,8.79,9.45
2021-12-01 03:00:00,3,16,16,0.0,4.0,12.0,0.0,0.0,1.0,3,2,4,1,5,1,15.65,228.0,188.0,351.0,7.3,3.0,7.51,roster,0,52.0,40.0,0.4952,40.22,2.1655,0.4,0.2663,3.25,34.32,4.34,13.4,8.16,8.775
2021-12-01 04:00:00,4,13,13,0.0,3.0,10.0,0.0,0.0,1.0,2,2,4,0,4,0,16.65,329.5,248.0,498.0,8.3,3.0,7.51,roster,0,42.0,32.5,0.3889,22.94,1.9104,0.325,0.2663,3.2308,27.88,3.47,0.0,11.58,12.45
2021-12-01 05:00:00,5,11,11,0.0,3.0,8.0,0.0,0.0,1.0,0,0,4,0,4,0,17.65,389.5,308.0,558.0,9.3,3.0,7.51,roster,0,36.0,27.5,0.3333,20.04,0.9,0.275,0.0,3.2727,23.6,3.47,0.0,12.97,13.95
2021-12-01 06:00:00,6,12,12,0.0,3.0,9.0,0.0,0.0,1.0,1,1,4,0,4,0,18.65,449.5,368.0,618.0,10.3,3.0,7.51,roster,0,39.0,30.0,0.3611,23.58,1.4078,0.3,0.1332,3.25,25.74,3.47,0.0,14.37,15.45
2021-12-01 07:00:00,7,14,14,0.0,1.0,13.0,0.0,0.0,1.0,5,5,4,0,4,0,19.65,509.5,428.0,678.0,11.3,3.0,7.51,roster,0,43.0,35.0,0.3981,29.27,3.1199,0.35,0.6658,3.0714,30.03,3.47,0.0,15.76,16.95
2021-12-01 08:00:00,8,12,12,0.0,1.0,11.0,0.0,0.0,1.0,1,2,6,0,6,0,20.65,485.0,96.0,651.0,12.3,3.0,6.72,roster,0,37.0,30.0,0.3627,26.09,1.8427,0.3,0.2976,3.0833,25.74,5.21,0.0,15.14,16.275
2021-12-01 09:00:00,9,14,14,0.0,1.0,13.0,0.0,0.0,1.0,6,6,3,0,3,0,21.65,156.0,120.0,548.0,9.133,3.0,6.72,roster,0,43.0,35.0,0.3874,25.38,3.8173,0.35,0.8929,3.0714,30.03,2.6,0.0,12.74,13.7
2021-12-01 10:00:00,10,20,20,0.0,1.0,16.0,3.0,0.0,1.0,10,8,5,0,5,0,22.65,180.0,116.0,216.0,10.133,4.0,9.97,roster,0,58.0,50.0,0.4143,32.26,3.777,0.5,0.8024,2.9,42.9,4.34,0.0,5.02,5.4
2021-12-01 11:00:00,11,19,19,0.0,3.0,15.0,1.0,0.0,1.0,10,9,4,1,5,1,23.65,106.0,65.0,131.0,11.133,4.0,9.97,roster,0,59.0,47.5,0.4214,41.54,4.2781,0.475,0.9027,3.1053,40.75,4.34,13.4,3.05,3.275
2021-12-01 12:00:00,12,19,19,0.0,3.0,15.0,1.0,0.0,1.0,6,6,4,1,5,1,12.133,125.0,123.0,166.0,12.133,4.0,9.97,roster,0,59.0,47.5,0.4214,42.36,3.3438,0.475,0.6018,3.1053,40.75,4.34,13.4,3.86,4.15
2021-12-01 13:00:00,13,17,17,0.0,2.0,13.0,2.0,0.0,1.0,6,5,3,1,4,1,13.133,205.5,185.0,788.0,13.133,4.0,9.97,roster,0,51.0,42.5,0.3542,51.66,2.7795,0.425,0.5015,3.0,36.46,3.47,13.4,18.32,19.7
2021-12-01 14:00:00,14,24,24,2.0,3.0,17.0,2.0,0.0,1.0,9,9,4,1,5,1,14.133,245.0,243.0,286.0,14.133,4.0,9.97,roster,0,77.0,60.0,0.55,55.87,4.8212,0.6,0.9027,3.2083,51.48,4.34,13.4,6.65,7.15
2021-12-01 15:00:00,15,21,21,2.0,3.0,15.0,1.0,0.0,1.0,3,3,5,2,7,2,15.133,121.0,84.0,346.0,15.133,4.0,9.97,roster,0,69.0,52.5,0.5227,65.97,2.7137,0.525,0.3009,3.2857,45.04,6.08,26.8,8.04,8.65
2021-12-01 16:00:00,16,20,20,2.0,3.0,14.0,1.0,0.0,1.0,7,6,4,2,6,2,16.133,165.0,144.0,406.0,16.133,4.0,9.97,roster,0,66.0,50.0,0.4853,64.35,3.636,0.5,0.6018,3.3,42.9,5.21,26.8,9.44,10.15
2021-12-01 17:00:00,17,28,28,2.0,5.0,20.0,1.0,0.0,1.0,9,8,7,2,9,2,17.133,204.0,88.0,241.0,17.133,4.0,9.97,roster,0,92.0,70.0,0.7419,80.28,4.9365,0.7,0.8024,3.2857,60.06,7.81,26.8,5.6,6.025
2021-12-01 18:00:00,18,24,24,1.0,4.0,18.0,1.0,0.0,1.0,5,3,7,2,9,2,18.133,145.0,110.0,301.0,18.133,4.0,9.97,roster,0,77.0,60.0,0.621,73.09,2.8904,0.6,0.3009,3.2083,51.48,7.81,26.8,7.0,7.525
2021-12-01 19:00:00,19,20,20,2.0,4.0,14.0,0.0,0.0,1.0,3,3,7,1,8,1,19.133,206.5,129.0,586.0,19.133,4.0,9.97,roster,0,68.0,50.0,0.5312,56.87,2.7231,0.5,0.3009,3.4,42.9,6.95,13.4,13.62,14.65
2021-12-01 20:00:00,20,23,23,1.0,4.0,18.0,0.0,0.0,1.0,10,10,4,1,5,1,10.767,189.0,185.0,268.0,10.767,4.0,9.38,roster,0,75.0,57.5,0.5357,53.31,5.3514,0.575,1.0661,3.2609,49.33,4.34,13.4,6.23,6.7
2021-12-01 21:00:00,21,21,21,1.0,3.0,16.0,0.0,1.0,1.0,4,5,5,0,5,0,9.167,199.0,117.0,245.0,5.467,4.0,9.38,roster,0,66.0,52.5,0.4714,35.08,3.3253,0.525,0.533,3.1429,45.04,4.34,0.0,5.7,6.125
2021-12-01 22:00:00,22,24,24,1.0,3.0,19.0,0.0,1.0,1.0,9,8,7,0,7,0,10.167,177.0,68.0,305.0,6.467,3.0,6.13,roster,0,75.0,60.0,0.7576,44.65,5.9533,0.6,1.3051,3.125,51.48,6.08,0.0,7.09,7.625
2021-12-01 23:00:00,23,21,21,1.0,5.0,13.0,1.0,1.0,1.0,7,6,7,0,7,0,11.167,230.0,122.0,319.0,7.467,3.0,6.13,roster,0,67.0,52.5,0.6768,38.54,4.7978,0.525,0.9788,3.1905,45.04,6.08,0.0,7.42,7.975
2021-12-02 00:00:00,0,18,18,1.0,4.0,12.0,0.0,1.0,1.0,2,2,7,0,7,0,10.533,290.0,182.0,379.0,8.467,3.0,6.13,roster,0,58.0,45.0,0.5859,33.5,2.5013,0.45,0.3263,3.2222,38.61,6.08,0.0,8.81,9.475
2021-12-02 01:00:00,1,20,20,1.0,3.0,15.0,0.0,1.0,1.0,3,3,7,0,7,0,11.533,350.0,242.0,439.0,9.467,3.0,6.13,roster,0,63.0,50.0,0.6364,39.18,3.1166,0.5,0.4894,3.15,42.9,6.08,0.0,10.21,10.975
2021-12-02 02:00:00,2,17,17,1.0,3.0,12.0,0.0,1.0,1.0,3,3,7,0,7,0,12.533,410.0,302.0,499.0,10.467,3.0,6.13,roster,0,54.0,42.5,0.5455,34.14,2.9046,0.425,0.4894,3.1765,36.46,6.08,0.0,11.6,12.475
2021-12-02 03:00:00,3,19,19,1.0,3.0,14.0,0.0,1.0,1.0,3,3,7,0,7,0,13.533,470.0,362.0,559.0,11.467,3.0,6.13,roster,0,60.0,47.5,0.6061,39.83,3.0455,0.475,0.4894,3.1579,40.75,6.08,0.0,13.0,13.975
2021-12-02 04:00:00,4,18,18,1.0,4.0,12.0,0.0,1.0,1.0,1,1,8,0,8,0,14.533,479.0,422.0,619.0,12.467,3.0,6.13,roster,0,58.0,45.0,0.6042,39.95,1.9756,0.45,0.1631,3.2222,38.61,6.95,0.0,14.39,15.475
2021-12-02 05:00:00,5,19,19,1.0,4.0,13.0,0.0,1.0,1.0,4,3,9,0,9,0,15.533,488.0,421.0,597.0,13.467,3.0,6.13,roster,0,61.0,47.5,0.6559,42.45,3.0962,0.475,0.4894,3.2105,40.75,7.81,0.0,13.88,14.925
2021-12-02 06:00:00,6,21,21,1.0,5.0,14.0,0.0,1.0,1.0,2,2,9,0,9,0,16.533,548.0,481.0,657.0,14.467,3.0,6.13,roster,0,68.0,52.5,0.7312,48.14,2.7565,0.525,0.3263,3.2381,45.04,7.81,0.0,15.28,16.425
2021-12-02 07:00:00,7,21,21,1.0,5.0,13.0,0.0,2.0,1.0,1,1,10,0,10,0,17.533,605.0,254.0,717.0,15.467,3.0,6.13,roster,0,66.0,52.5,0.7333,50.4,2.1627,0.525,0.1631,3.1429,45.04,8.68,0.0,16.67,17.925
2021-12-02 08:00:00,8,21,21,1.0,5.0,14.0,0.0,1.0,1.0,4,4,10,0,10,0,18.533,665.0,314.0,777.0,16.467,3.0,6.68,roster,0,68.0,52.5,0.7556,51.79,3.639,0.525,0.5988,3.2381,45.04,8.68,0.0,18.07,19.425
2021-12-02 09:00:00,9,22,22,1.0,5.0,15.0,0.0,1.0,1.0,7,7,5,0,5,0,19.533,374.0,230.0,830.0,13.95,3.0,6.68,roster,0,71.0,55.0,0.6762,50.83,5.1569,0.55,1.0479,3.2273,47.19,4.34,0.0,19.3,20.75
2021-12-02 10:00:00,10,22,22,1.0,6.0,14.0,0.0,1.0,1.0,5,5,7,0,7,0,20.533,290.0,109.0,890.0,14.95,4.0,10.0,roster,0,72.0,55.0,0.5455,53.96,3.4364,0.55,0.5,3.2727,47.19,6.08,0.0,20.69,22.25
2021-12-02 11:00:00,11,26,26,1.0,7.0,17.0,1.0,0.0,1.0,8,6,8,0,8,0,21.533,280.0,169.0,950.0,15.95,4.0,10.0,roster,0,86.0,65.0,0.6719,64.8,4.1346,0.65,0.6,3.3077,55.77,6.95,0.0,22.09,23.75
2021-12-02 12:00:00,12,27,27,2.0,3.0,20.0,2.0,0.0,1.0,11,11,5,0,5,0,22.533,187.0,109.0,410.0,9.233,4.0,10.0,roster,0,86.0,67.5,0.6143,51.79,5.6537,0.675,1.1,3.1852,57.92,4.34,0.0,9.53,10.25
2021-12-02 13:00:00,13,28,28,2.0,3.0,22.0,1.0,0.0,1.0,5,4,6,0,6,0,23.533,164.5,91.0,247.0,7.833,4.0,10.0,roster,0,90.0,70.0,0.6618,51.01,3.5357,0.7,0.4,3.2143,60.06,5.21,0.0,5.74,6.175
2021-12-02 14:00:00,14,27,27,3.0,3.0,20.0,1.0,0.0,1.0,5,5,7,0,7,0,24.533,220.0,142.0,307.0,8.833,4.0,10.0,roster,0,89.0,67.5,0.6742,51.13,3.8731,0.675,0.5,3.2963,57.92,6.08,0.0,7.14,7.675
2021-12-02 15:00:00,15,21,21,2.0,3.0,15.0,1.0,0.0,1.0,8,7,3,1,4,1,25.533,131.0,96.0,289.0,4.817,4.0,10.0,roster,0,69.0,52.5,0.4792,48.64,4.025,0.525,0.7,3.2857,45.04,3.47,13.4,6.72,7.225
2021-12-02 16:00:00,16,20,20,1.0,2.0,15.0,2.0,0.0,1.0,5,3,4,1,5,1,26.533,116.0,82.0,127.0,5.817,4.0,10.0,roster,0,62.0,50.0,0.4429,43.59,2.48,0.5,0.3,3.1,42.9,4.34,13.4,2.95,3.175
2021-12-02 17:00:00,17,23,23,1.0,3.0,17.0,2.0,0.0,1.0,7,6,5,1,6,1,27.533,159.0,126.0,187.0,6.817,4.0,10.0,roster,0,72.0,57.5,0.5294,52.29,3.6783,0.575,0.6,3.1304,49.33,5.21,13.4,4.35,4.675
2021-12-02 18:00:00,18,22,22,1.0,2.0,18.0,1.0,0.0,1.0,6,6,4,1,5,1,28.533,202.0,146.0,247.0,7.817,4.0,10.0,roster,0,69.0,55.0,0.4929,50.67,3.6068,0.55,0.6,3.1364,47.19,4.34,13.4,5.74,6.175
2021-12-02 19:00:00,19,16,16,0.0,2.0,13.0,1.0,0.0,1.0,3,2,4,0,4,0,29.533,106.0,90.0,529.0,8.817,4.0,10.0,roster,0,49.0,40.0,0.3403,30.09,1.8375,0.4,0.2,3.0625,34.32,3.47,0.0,12.3,13.225
2021-12-02 20:00:00,20,20,20,1.0,3.0,15.0,1.0,0.0,1.0,10,9,2,0,2,0,30.533,147.5,145.0,150.0,2.5,4.0,11.61,roster,0,64.0,50.0,0.4211,28.12,4.0806,0.5,0.7752,3.2,42.9,1.74,0.0,3.49,3.75
2021-12-02 21:00:00,21,22,22,2.0,5.0,15.0,0.0,0.0,1.0,7,7,2,1,3,1,31.533,95.0,69.0,210.0,3.5,4.0,11.61,roster,0,75.0,55.0,0.5068,48.08,3.9304,0.55,0.6029,3.4091,47.19,2.6,13.4,4.88,5.25
2021-12-02 22:00:00,22,23,23,2.0,4.0,17.0,0.0,0.0,1.0,5,6,4,1,5,1,32.533,129.0,68.0,155.0,4.5,3.0,8.29,roster,0,77.0,57.5,0.7333,50.68,4.348,0.575,0.7238,3.3478,49.33,4.34,13.4,3.6,3.875
2021-12-02 23:00:00,23,31,31,3.0,4.0,23.0,1.0,0.0,1.0,10,10,4,3,7,3,33.533,128.0,119.0,215.0,5.5,3.0,8.29,roster,0,102.0,77.5,1.0303,97.77,6.519,0.775,1.2063,3.2903,66.5,6.08,40.2,5.0,5.375
2021-12-03 00:00:00,0,29,29,2.0,3.0,23.0,1.0,0.0,1.0,5,5,7,3,10,3,34.533,157.0,89.0,188.0,6.5,3.0,8.29,roster,0,93.0,72.5,1.0333,95.46,4.2592,0.725,0.6031,3.2069,62.2,8.68,40.2,4.37,4.7
2021-12-03 01:00:00,1,25,25,2.0,5.0,17.0,1.0,0.0,1.0,4,4,8,3,11,3,35.533,195.0,135.0,248.0,7.5,3.0,8.29,roster,0,83.0,62.5,0.954,89.14,3.6769,0.625,0.4825,3.32,53.62,9.55,40.2,5.77,6.2
2021-12-03 02:00:00,2,24,24,2.0,5.0,17.0,0.0,0.0,1.0,4,4,9,2,11,2,36.533,255.0,195.0,308.0,8.5,3.0,8.29,roster,0,81.0,60.0,0.931,74.99,3.6535,0.6,0.4825,3.375,51.48,9.55,26.8,7.16,7.7
2021-12-03 03:00:00,3,23,23,2.0,5.0,16.0,0.0,0.0,1.0,2,2,11,2,13,2,37.533,297.0,189.0,364.0,9.5,3.0,8.29,roster,0,78.0,57.5,0.963,75.89,2.7682,0.575,0.2413,3.3913,49.33,11.29,26.8,8.46,9.1
2021-12-03 04:00:00,4,22,22,2.0,4.0,16.0,0.0,0.0,1.0,2,2,11,2,13,2,38.533,357.0,249.0,424.0,10.5,3.0,8.29,roster,0,74.0,55.0,0.9136,75.14,2.6615,0.55,0.2413,3.3636,47.19,11.29,26.8,9.86,10.6
2021-12-03 05:00:00,5,23,23,2.0,4.0,17.0,0.0,0.0,1.0,4,3,11,2,13,2,39.533,417.0,309.0,484.0,11.5,3.0,8.29,roster,0,77.0,57.5,0.9506,78.68,3.1365,0.575,0.3619,3.3478,49.33,11.29,26.8,11.25,12.1
2021-12-03 06:00:00,6,24,24,2.0,4.0,18.0,0.0,0.0,1.0,2,2,12,2,14,2,40.533,463.0,330.0,544.0,12.5,3.0,8.29,roster,0,80.0,60.0,1.0256,83.08,2.8042,0.6,0.2413,3.3333,51.48,12.16,26.8,12.65,13.6
2021-12-03 07:00:00,7,25,25,2.0,4.0,19.0,0.0,0.0,1.0,2,2,12,2,14,2,41.533,523.0,390.0,604.0,13.5,3.0,8.29,roster,0,83.0,62.5,1.0641,86.62,2.876,0.625,0.2413,3.32,53.62,12.16,26.8,14.04,15.1
2021-12-03 08:00:00,8,24,24,2.0,4.0,18.0,0.0,0.0,1.0,2,2,13,2,15,2,42.533,569.0,364.0,664.0,14.5,3.0,6.51,roster,0,80.0,60.0,1.0667,86.74,3.0241,0.6,0.3072,3.3333,51.48,13.02,26.8,15.44,16.6
2021-12-03 09:00:00,9,24,24,1.0,5.0,18.0,0.0,0.0,1.0,5,4,10,2,12,2,43.533,622.0,424.0,724.0,15.5,3.0,6.51,roster,0,79.0,60.0,0.9405,85.53,3.9975,0.6,0.6144,3.2917,51.48,10.42,26.8,16.83,18.1
2021-12-03 10:00:00,10,25,25,0.0,4.0,21.0,0.0,0.0,1.0,6,6,10,2,12,2,44.533,399.5,135.0,784.0,16.5,4.0,9.83,roster,0,79.0,62.5,0.7054,89.07,3.9038,0.625,0.6104,3.16,53.62,10.42,26.8,18.23,19.6
2021-12-03 11:00:00,11,25,25,0.0,3.0,22.0,0.0,0.0,1.0,3,4,10,1,11,1,45.533,544.0,195.0,844.0,17.5,4.0,9.83,roster,0,78.0,62.5,0.6724,76.2,3.2196,0.625,0.4069,3.12,53.62,9.55,13.4,19.62,21.1
2021-12-03 12:00:00,12,19,19,0.0,3.0,16.0,0.0,0.0,1.0,4,4,6,1,7,1,46.533,302.0,164.0,899.0,15.067,4.0,9.83,roster,0,60.0,47.5,0.4545,61.13,2.785,0.475,0.4069,3.1579,40.75,6.08,13.4,20.9,22.475
2021-12-03 13:00:00,13,23,23,0.0,4.0,19.0,0.0,0.0,1.0,8,8,5,0,5,0,47.533,251.0,224.0,362.0,11.067,4.0,9.83,roster,0,73.0,57.5,0.5214,42.09,4.408,0.575,0.8138,3.1739,49.33,4.34,0.0,8.42,9.05
2021-12-03 14:00:00,14,22,22,0.0,6.0,16.0,0.0,0.0,1.0,7,6,6,0,6,0,48.533,162.0,107.0,284.0,12.067,4.0,9.83,roster,0,72.0,55.0,0.5294,39.0,3.7976,0.55,0.6104,3.2727,47.19,5.21,0.0,6.6,7.1
2021-12-03 15:00:00,15,25,25,0.0,5.0,20.0,0.0,0.0,1.0,9,9,7,0,7,0,49.533,135.0,86.0,344.0,13.067,4.0,9.83,roster,0,80.0,62.5,0.6061,47.7,4.9298,0.625,0.9156,3.2,53.62,6.08,0.0,8.0,8.6
2021-12-03 16:00:00,16,29,29,0.0,8.0,21.0,0.0,0.0,1.0,8,8,7,0,7,0,50.533,165.0,141.0,404.0,14.067,4.0,9.83,roster,0,95.0,72.5,0.7197,57.68,5.041,0.725,0.8138,3.2759,62.2,6.08,0.0,9.39,10.1
2021-12-03 17:00:00,17,29,29,0.0,10.0,19.0,0.0,0.0,1.0,8,6,10,0,10,0,51.533,162.5,106.0,255.0,15.067,4.0,9.83,roster,0,97.0,72.5,0.8083,56.82,4.4666,0.725,0.6104,3.3448,62.2,8.68,0.0,5.93,6.375
2021-12-03 18:00:00,18,33,33,0.0,10.0,23.0,0.0,0.0,1.0,8,8,11,1,12,1,52.533,171.5,142.0,315.0,16.067,4.0,9.83,roster,0,109.0,82.5,0.9732,81.93,5.4131,0.825,0.8138,3.303,70.78,10.42,13.4,7.32,7.875
2021-12-03 19:00:00,19,29,29,0.0,8.0,21.0,0.0,0.0,1.0,4,4,9,1,10,1,53.533,231.5,140.0,375.0,17.067,4.0,9.83,roster,0,95.0,72.5,0.7917,73.01,3.708,0.725,0.4069,3.2759,62.2,8.68,13.4,8.72,9.375
2021-12-03 20:00:00,20,31,31,0.0,5.0,25.0,1.0,0.0,1.0,10,9,7,1,8,1,54.533,243.0,129.0,405.0,10.733,4.0,10.23,roster,0,97.0,77.5,0.7578,76.26,5.1778,0.775,0.8798,3.129,66.5,6.95,13.4,9.42,10.125
2021-12-03 21:00:00,21,30,30,1.0,5.0,24.0,0.0,0.0,1.0,9,9,7,0,7,0,55.533,189.0,160.0,465.0,11.733,4.0,10.23,roster,0,97.0,75.0,0.7348,61.24,5.2696,0.75,0.8798,3.2333,64.35,6.08,0.0,10.81,11.625
2021-12-03 22:00:00,22,23,23,1.0,3.0,19.0,0.0,0.0,1.0,7,7,3,0,3,0,56.533,220.0,101.0,764.0,12.733,3.0,6.91,roster,0,74.0,57.5,0.6667,49.7,5.1093,0.575,1.013,3.2174,49.33,2.6,0.0,17.76,19.1
2021-12-03 23:00:00,23,19,19,0.0,5.0,14.0,0.0,0.0,1.0,7,7,2,0,2,0,57.533,137.5,114.0,161.0,2.683,3.0,6.91,roster,0,62.0,47.5,0.5439,26.23,4.8557,0.475,1.013,3.2632,40.75,1.74,0.0,3.74,4.025
2021-12-04 00:00:00,0,12,12,0.0,6.0,6.0,0.0,0.0,1.0,2,2,3,0,3,0,58.533,174.0,104.0,221.0,3.683,3.0,6.91,roster,0,42.0,30.0,0.3784,13.48,2.063,0.3,0.2894,3.5,25.74,2.6,0.0,5.14,5.525
2021-12-04 01:00:00,1,9,9,0.0,6.0,3.0,0.0,0.0,1.0,2,2,3,0,3,0,59.533,234.0,164.0,281.0,4.683,3.0,6.91,roster,0,33.0,22.5,0.2973,8.44,1.8863,0.225,0.2894,3.6667,19.3,2.6,0.0,6.53,7.025
2021-12-04 02:00:00,2,10,10,0.0,7.0,3.0,0.0,0.0,1.0,2,2,3,0,3,0,60.533,294.0,224.0,341.0,5.683,3.0,6.91,roster,0,37.0,25.0,0.3333,11.98,1.9959,0.25,0.2894,3.7,21.45,2.6,0.0,7.93,8.525
2021-12-04 03:00:00,3,15,15,0.0,8.0,7.0,0.0,0.0,1.0,7,6,4,0,4,0,61.533,319.0,284.0,401.0,6.683,3.0,6.91,roster,0,53.0,37.5,0.4907,24.97,4.393,0.375,0.8683,3.5333,32.17,3.47,0.0,9.32,10.025
2021-12-04 04:00:00,4,13,13,0.0,8.0,5.0,0.0,0.0,1.0,2,1,5,0,5,0,62.533,344.0,167.0,414.0,7.683,3.0,6.91,roster,0,47.0,32.5,0.4476,21.85,1.6982,0.325,0.1447,3.6154,27.88,4.34,0.0,9.63,10.35
2021-12-04 05:00:00,5,12,12,0.0,8.0,4.0,0.0,0.0,1.0,2,2,5,0,5,0,63.533,404.0,227.0,474.0,8.683,3.0,6.91,roster,0,44.0,30.0,0.419,21.1,2.1613,0.3,0.2894,3.6667,25.74,4.34,0.0,11.02,11.85
2021-12-04 06:00:00,6,12,12,0.0,7.0,5.0,0.0,0.0,1.0,2,1,5,0,5,0,64.533,464.0,287.0,534.0,9.683,3.0,6.91,roster,0,43.0,30.0,0.4095,22.5,1.5936,0.3,0.1447,3.5833,25.74,4.34,0.0,12.42,13.35
2021-12-04 07:00:00,7,10,10,0.0,6.0,4.0,0.0,0.0,1.0,2,1,5,0,5,0,65.533,524.0,347.0,594.0,10.683,3.0,6.91,roster,0,36.0,25.0,0.3429,19.6,1.421,0.25,0.1447,3.6,21.45,4.34,0.0,13.81,14.85
2021-12-04 08:00:00,8,13,13,0.0,7.0,6.0,0.0,0.0,1.0,3,3,6,0,6,0,66.533,495.5,328.0,654.0,11.683,3.0,6.71,roster,0,46.0,32.5,0.451,28.3,2.732,0.325,0.4471,3.5385,27.88,5.21,0.0,15.21,16.35
2021-12-04 09:00:00,9,13,13,0.0,5.0,8.0,0.0,0.0,1.0,6,5,4,0,4,0,67.533,278.0,168.0,467.0,7.783,3.0,6.71,roster,0,44.0,32.5,0.4074,22.22,3.6221,0.325,0.7452,3.3846,27.88,3.47,0.0,10.86,11.675
2021-12-04 10:00:00,10,13,13,0.0,3.0,10.0,0.0,0.0,1.0,6,5,3,1,4,1,16.217,280.0,112.0,527.0,8.783,4.0,10.41,roster,0,42.0,32.5,0.2917,37.01,2.6018,0.325,0.4803,3.2308,27.88,3.47,13.4,12.25,13.175
2021-12-04 11:00:00,11,15,15,0.0,4.0,11.0,0.0,0.0,1.0,5,5,5,0,5,0,17.217,115.0,108.0,508.0,9.783,4.0,10.41,roster,0,49.0,37.5,0.35,28.33,2.794,0.375,0.4803,3.2667,32.17,4.34,0.0,11.81,12.7
2021-12-04 12:00:00,12,14,14,0.0,4.0,9.0,1.0,0.0,1.0,5,4,5,0,5,0,18.217,175.0,121.0,568.0,10.783,4.0,10.41,roster,0,45.0,35.0,0.3214,27.58,2.3601,0.35,0.3842,3.2143,30.03,4.34,0.0,13.21,14.2
2021-12-04 13:00:00,13,21,21,0.0,6.0,11.0,4.0,0.0,1.0,10,10,4,0,4,0,19.217,431.5,235.0,707.0,11.783,4.0,10.41,roster,0,65.0,52.5,0.4514,44.96,4.5983,0.525,0.9606,3.0952,45.04,3.47,0.0,16.44,17.675
2021-12-04 14:00:00,14,17,17,0.0,5.0,10.0,2.0,0.0,1.0,6,5,2,1,3,1,20.217,104.0,72.0,295.0,4.917,4.0,10.41,roster,0,54.0,42.5,0.3649,39.33,2.8757,0.425,0.4803,3.1765,36.46,2.6,13.4,6.86,7.375
2021-12-04 15:00:00,15,17,17,0.0,4.0,10.0,3.0,0.0,1.0,6,6,1,1,2,1,21.217,121.0,78.0,164.0,2.733,4.0,10.41,roster,0,52.0,42.5,0.3421,35.41,3.063,0.425,0.5764,3.0588,36.46,1.74,13.4,3.81,4.1
2021-12-04 16:00:00,16,17,17,0.0,3.0,13.0,1.0,0.0,1.0,7,7,4,1,5,1,22.217,90.0,88.0,93.0,3.733,4.0,10.41,roster,0,53.0,42.5,0.3786,36.37,3.4214,0.425,0.6724,3.1176,36.46,4.34,13.4,2.16,2.325
2021-12-04 17:00:00,17,21,21,0.0,4.0,15.0,2.0,0.0,1.0,8,9,6,1,7,1,23.217,125.0,77.0,153.0,4.733,4.0,10.41,roster,0,65.0,52.5,0.4924,48.08,4.301,0.525,0.8646,3.0952,45.04,6.08,13.4,3.56,3.825
2021-12-04 18:00:00,18,19,19,0.0,3.0,14.0,2.0,0.0,1.0,5,4,6,1,7,1,24.217,177.0,123.0,210.0,3.55,4.0,10.41,roster,0,58.0,47.5,0.4394,45.12,2.623,0.475,0.3842,3.0526,40.75,6.08,13.4,4.88,5.25
2021-12-04 19:00:00,19,21,21,0.0,4.0,14.0,3.0,0.0,1.0,9,8,4,1,5,1,25.217,183.0,167.0,245.0,4.55,4.0,10.41,roster,0,64.0,52.5,0.4571,48.48,3.9421,0.525,0.7685,3.0476,45.04,4.34,13.4,5.7,6.125
2021-12-04 20:00:00,20,17,17,0.0,2.0,14.0,1.0,0.0,1.0,4,5,4,0,4,0,26.217,67.0,65.0,333.0,5.55,4.0,10.61,roster,0,52.0,42.5,0.3611,27.68,2.7415,0.425,0.4713,3.0588,36.46,3.47,0.0,7.74,8.325
2021-12-04 21:00:00,21,22,22,0.0,3.0,17.0,2.0,0.0,1.0,11,10,4,1,5,1,27.217,125.0,120.0,129.0,6.55,4.0,10.61,roster,0,67.0,55.0,0.4786,47.93,4.5454,0.55,0.9425,3.0455,47.19,4.34,13.4,3.0,3.225
2021-12-04 22:00:00,22,23,23,0.0,3.0,15.0,5.0,0.0,1.0,10,9,4,0,4,0,28.217,187.0,185.0,453.0,7.55,3.0,6.91,roster,0,67.0,57.5,0.6204,43.34,5.4691,0.575,1.3025,2.913,49.33,3.47,0.0,10.53,11.325
2021-12-04 23:00:00,23,22,22,0.0,4.0,12.0,6.0,0.0,1.0,7,7,4,2,6,2,29.217,175.0,101.0,245.0,8.55,3.0,6.91,roster,0,64.0,55.0,0.6275,64.9,4.547,0.55,1.013,2.9091,47.19,5.21,26.8,5.7,6.125
2021-12-05 00:00:00,0,24,24,1.0,6.0,12.0,5.0,0.0,1.0,6,6,4,3,7,3,30.217,170.0,141.0,305.0,9.55,3.0,6.91,roster,0,75.0,60.0,0.7576,84.85,4.5885,0.6,0.8683,3.125,51.48,6.08,40.2,7.09,7.625
2021-12-05 01:00:00,1,26,26,1.0,6.0,16.0,3.0,0.0,1.0,7,7,5,1,6,1,31.217,295.0,221.0,365.0,10.55,3.0,6.91,roster,0,83.0,65.0,0.8137,62.87,5.3089,0.65,1.013,3.1923,55.77,5.21,13.4,8.49,9.125
2021-12-05 02:00:00,2,24,24,0.0,7.0,14.0,3.0,0.0,1.0,4,4,5,1,6,1,32.217,355.0,281.0,425.0,11.55,3.0,6.91,roster,0,76.0,60.0,0.7451,59.97,3.7331,0.6,0.5789,3.1667,51.48,5.21,13.4,9.88,10.625
2021-12-05 03:00:00,3,21,21,0.0,6.0,12.0,3.0,0.0,1.0,1,1,6,1,7,1,33.217,350.0,107.0,485.0,12.55,3.0,6.91,roster,0,66.0,52.5,0.6667,55.8,2.1048,0.525,0.1447,3.1429,45.04,6.08,13.4,11.28,12.125
2021-12-05 04:00:00,4,22,22,1.0,7.0,11.0,3.0,0.0,1.0,2,2,6,1,7,1,34.217,410.0,167.0,545.0,13.55,3.0,6.91,roster,0,72.0,55.0,0.7273,59.34,2.7472,0.55,0.2894,3.2727,47.19,6.08,13.4,12.67,13.625
2021-12-05 05:00:00,5,16,16,0.0,3.0,10.0,3.0,0.0,1.0,1,1,6,1,7,1,35.217,470.0,227.0,605.0,14.55,3.0,6.91,roster,0,48.0,40.0,0.4848,47.86,1.6342,0.4,0.1447,3.0,34.32,6.08,13.4,14.07,15.125
2021-12-05 06:00:00,6,16,16,0.0,3.0,10.0,3.0,0.0,1.0,3,2,6,1,7,1,36.217,530.0,287.0,665.0,15.55,3.0,6.91,roster,0,48.0,40.0,0.4848,49.26,2.0683,0.4,0.2894,3.0,34.32,6.08,13.4,15.46,16.625
2021-12-05 07:00:00,7,18,18,0.0,3.0,12.0,3.0,0.0,1.0,4,3,6,1,7,1,37.217,590.0,347.0,725.0,16.55,3.0,6.91,roster,0,54.0,45.0,0.5455,54.94,2.6525,0.45,0.4342,3.0,38.61,6.08,13.4,16.86,18.125
2021-12-05 08:00:00,8,18,18,0.0,2.0,13.0,3.0,0.0,1.0,3,2,6,2,8,2,38.217,587.5,407.0,785.0,17.55,3.0,6.55,roster,0,53.0,45.0,0.5521,70.61,2.2241,0.45,0.3053,2.9444,38.61,6.95,26.8,18.25,19.625
2021-12-05 09:00:00,9,18,18,0.0,3.0,13.0,2.0,0.0,1.0,5,5,3,2,5,2,39.217,436.0,173.0,467.0,9.75,3.0,6.55,roster,0,55.0,45.0,0.5238,60.61,3.7075,0.45,0.7634,3.0556,38.61,4.34,26.8,10.86,11.675
2021-12-05 10:00:00,10,23,23,0.0,3.0,18.0,2.0,0.0,1.0,9,8,2,3,5,3,40.217,168.0,75.0,233.0,8.783,4.0,10.25,roster,0,70.0,57.5,0.5,79.29,4.1254,0.575,0.7805,3.0435,49.33,4.34,40.2,5.42,5.825
2021-12-05 11:00:00,11,33,33,0.0,5.0,25.0,3.0,0.0,1.0,18,16,5,3,8,3,41.217,105.5,95.0,135.0,4.883,4.0,10.25,roster,0,101.0,82.5,0.7891,101.07,7.3025,0.825,1.561,3.0606,70.78,6.95,40.2,3.14,3.375
2021-12-05 12:00:00,12,32,32,0.0,4.0,26.0,2.0,0.0,1.0,8,7,7,2,9,2,42.217,155.0,131.0,173.0,5.883,4.0,10.25,roster,0,98.0,80.0,0.7903,87.28,4.5415,0.8,0.6829,3.0625,68.64,7.81,26.8,4.02,4.325
2021-12-05 13:00:00,13,26,26,0.0,2.0,22.0,2.0,0.0,1.0,9,8,8,1,9,1,43.217,191.0,116.0,233.0,6.883,4.0,10.25,roster,0,78.0,65.0,0.629,62.4,4.2915,0.65,0.7805,3.0,55.77,7.81,13.4,5.42,5.825
2021-12-05 14:00:00,14,37,37,1.0,3.0,31.0,2.0,0.0,1.0,16,15,8,1,9,1,44.217,251.0,176.0,293.0,7.883,4.0,10.25,roster,0,114.0,92.5,0.9194,87.39,7.3589,0.925,1.4634,3.0811,79.36,7.81,13.4,6.81,7.325
2021-12-05 15:00:00,15,38,38,0.0,6.0,31.0,1.0,0.0,1.0,13,12,8,0,8,0,45.217,273.5,207.0,353.0,6.25,4.0,10.25,roster,0,119.0,95.0,0.9297,76.66,6.6412,0.95,1.1707,3.1316,81.51,6.95,0.0,8.21,8.825
2021-12-05 16:00:00,16,35,35,0.0,7.0,27.0,1.0,0.0,1.0,7,7,11,0,11,0,46.217,267.0,100.0,374.0,7.25,4.0,10.25,roster,0,111.0,87.5,0.9569,73.32,4.9409,0.875,0.6829,3.1714,75.08,9.55,0.0,8.7,9.35
2021-12-05 17:00:00,17,32,32,0.0,7.0,24.0,1.0,0.0,1.0,9,8,11,1,12,1,47.217,275.5,160.0,434.0,8.25,4.0,10.25,roster,0,102.0,80.0,0.9107,82.55,5.0378,0.8,0.7805,3.1875,68.64,10.42,13.4,10.09,10.85
2021-12-05 18:00:00,18,34,34,0.0,5.0,27.0,2.0,0.0,1.0,11,11,10,1,11,1,48.217,249.0,133.0,491.0,8.883,4.0,10.25,roster,0,105.0,85.0,0.9052,87.3,5.9392,0.85,1.0732,3.0882,72.93,9.55,13.4,11.42,12.275
2021-12-05 19:00:00,19,31,31,0.0,4.0,25.0,2.0,0.0,1.0,10,8,10,0,10,0,49.217,268.5,155.0,551.0,9.883,4.0,10.25,roster,0,95.0,77.5,0.7917,67.99,4.7668,0.775,0.7805,3.0645,66.5,8.68,0.0,12.81,13.775
2021-12-05 20:00:00,20,29,29,1.0,5.0,20.0,3.0,0.0,1.0,12,10,7,0,7,0,50.217,253.0,153.0,611.0,10.233,4.0,10.08,roster,0,91.0,72.5,0.6894,62.49,5.388,0.725,0.9921,3.1379,62.2,6.08,0.0,14.21,15.275
2021-12-05 21:00:00,21,27,27,1.0,3.0,20.0,3.0,0.0,1.0,10,10,5,0,5,0,51.217,596.0,313.0,671.0,11.233,4.0,10.08,roster,0,83.0,67.5,0.5929,57.86,5.1247,0.675,0.9921,3.0741,57.92,4.34,0.0,15.6,16.775
2021-12-05 22:00:00,22,23,23,0.0,2.0,19.0,2.0,0.0,1.0,5,6,4,1,5,1,52.217,258.0,89.0,731.0,12.233,3.0,6.38,roster,0,69.0,57.5,0.6571,64.07,4.5463,0.575,0.9404,3.0,49.33,4.34,13.4,17.0,18.275
2021-12-05 23:00:00,23,15,15,0.0,2.0,10.0,3.0,0.0,1.0,3,3,2,1,3,1,53.217,318.0,149.0,791.0,13.183,3.0,6.38,roster,0,44.0,37.5,0.3964,46.57,2.4793,0.375,0.4702,2.9333,32.17,2.6,13.4,18.39,19.775
2021-12-06 00:00:00,0,16,16,0.0,2.0,12.0,2.0,0.0,1.0,9,6,2,1,3,1,54.217,378.0,209.0,851.0,14.183,3.0,6.38,roster,0,48.0,40.0,0.4324,50.11,4.0213,0.4,0.9404,3.0,34.32,2.6,13.4,19.79,21.275
2021-12-06 01:00:00,1,15,15,1.0,2.0,11.0,1.0,0.0,1.0,9,7,3,0,3,0,55.217,438.0,77.0,911.0,15.183,3.0,6.38,roster,0,48.0,37.5,0.4324,35.96,4.711,0.375,1.0972,3.2,32.17,2.6,0.0,21.18,22.775
2021-12-06 02:00:00,2,13,13,1.0,2.0,9.0,1.0,0.0,1.0,2,2,4,1,5,1,56.217,137.0,117.0,498.0,16.183,3.0,6.38,roster,0,42.0,32.5,0.4,37.21,2.0628,0.325,0.3135,3.2308,27.88,4.34,13.4,11.58,12.45
2021-12-06 03:00:00,3,16,16,1.0,2.0,11.0,2.0,0.0,1.0,4,4,5,1,6,1,57.217,187.0,173.0,558.0,17.183,3.0,6.38,roster,0,50.0,40.0,0.4902,45.9,3.2092,0.4,0.627,3.125,34.32,5.21,13.4,12.97,13.95
2021-12-06 04:00:00,4,16,16,1.0,2.0,11.0,2.0,0.0,1.0,1,1,6,1,7,1,58.217,237.0,147.0,618.0,18.183,3.0,6.38,roster,0,50.0,40.0,0.5051,48.17,1.7398,0.4,0.1567,3.125,34.32,6.08,13.4,14.37,15.45
2021-12-06 05:00:00,5,15,15,1.0,2.0,10.0,2.0,0.0,1.0,1,0,5,1,6,1,59.217,307.0,293.0,678.0,19.183,3.0,6.38,roster,0,47.0,37.5,0.4608,46.55,1.175,0.375,0.0,3.1333,32.17,5.21,13.4,15.76,16.95
2021-12-06 06:00:00,6,18,18,1.0,3.0,12.0,2.0,0.0,1.0,4,4,5,1,6,1,60.217,367.0,353.0,738.0,20.183,3.0,6.38,roster,0,57.0,45.0,0.5588,54.38,3.4104,0.45,0.627,3.1667,38.61,5.21,13.4,17.16,18.45
2021-12-06 07:00:00,7,18,18,1.0,2.0,13.0,2.0,0.0,1.0,4,3,5,1,6,1,61.217,427.0,413.0,798.0,21.183,3.0,6.38,roster,0,56.0,45.0,0.549,55.77,2.8629,0.45,0.4702,3.1111,38.61,5.21,13.4,18.55,19.95
2021-12-06 08:00:00,8,17,17,1.0,2.0,12.0,2.0,0.0,1.0,1,2,6,2,8,2,62.217,475.0,387.0,858.0,22.183,3.0,6.4,roster,0,53.0,42.5,0.5521,70.16,2.2993,0.425,0.3125,3.1176,36.46,6.95,26.8,19.95,21.45
2021-12-06 09:00:00,9,21,21,0.0,4.0,15.0,2.0,0.0,1.0,6,6,4,2,6,2,63.217,547.0,160.0,918.0,23.183,3.0,6.4,roster,0,65.0,52.5,0.6373,78.4,4.5268,0.525,0.9375,3.0952,45.04,5.21,26.8,21.34,22.95
2021-12-06 10:00:00,10,24,24,0.0,5.0,17.0,2.0,0.0,1.0,6,6,6,2,8,2,64.217,200.0,116.0,617.0,24.183,4.0,9.65,roster,0,75.0,60.0,0.5859,79.57,3.818,0.6,0.6218,3.125,51.48,6.95,26.8,14.35,15.425
2021-12-06 11:00:00,11,33,33,0.0,9.0,19.0,5.0,0.0,1.0,14,14,6,1,7,1,65.217,176.0,126.0,657.0,11.283,4.0,9.65,roster,0,103.0,82.5,0.7803,85.54,7.1032,0.825,1.4508,3.1212,70.78,6.08,13.4,15.28,16.425
2021-12-06 12:00:00,12,35,35,0.0,8.0,22.0,5.0,0.0,1.0,10,10,9,2,11,2,39.8,125.0,95.0,300.0,12.283,4.0,9.65,roster,0,108.0,87.5,0.931,98.4,5.8976,0.875,1.0363,3.0857,75.08,9.55,26.8,6.98,7.5
2021-12-06 13:00:00,13,33,33,0.0,7.0,22.0,4.0,0.0,1.0,4,4,11,1,12,1,40.8,170.5,152.0,257.0,13.283,4.0,9.65,roster,0,102.0,82.5,0.9107,80.58,3.8312,0.825,0.4145,3.0909,70.78,10.42,13.4,5.98,6.425
2021-12-06 14:00:00,14,32,32,0.0,6.0,23.0,3.0,0.0,1.0,5,6,9,0,9,0,41.8,222.0,194.0,245.0,5.283,4.0,9.65,roster,0,99.0,80.0,0.7984,62.15,4.3986,0.8,0.6218,3.0938,68.64,7.81,0.0,5.7,6.125
2021-12-06 15:00:00,15,32,32,0.0,6.0,21.0,5.0,0.0,1.0,7,8,10,0,10,0,42.8,248.5,115.0,305.0,6.283,4.0,9.65,roster,0,97.0,80.0,0.8083,64.41,4.938,0.8,0.829,3.0312,68.64,8.68,0.0,7.09,7.625
2021-12-06 16:00:00,16,27,27,0.0,4.0,20.0,3.0,0.0,1.0,3,3,8,1,9,1,43.8,125.0,106.0,285.0,6.083,4.0,9.65,roster,0,82.0,67.5,0.6613,65.76,2.9942,0.675,0.3109,3.037,57.92,7.81,13.4,6.63,7.125
2021-12-06 17:00:00,17,25,25,0.0,4.0,19.0,2.0,0.0,1.0,7,7,5,0,5,0,44.8,185.0,166.0,345.0,6.533,4.0,9.65,roster,0,77.0,62.5,0.55,45.99,4.1592,0.625,0.7254,3.08,53.62,4.34,0.0,8.02,8.625
2021-12-06 18:00:00,18,18,18,0.0,2.0,14.0,2.0,0.0,1.0,4,4,6,0,6,0,45.8,235.5,211.0,405.0,7.533,4.0,9.65,roster,0,54.0,45.0,0.3971,33.24,2.5935,0.45,0.4145,3.0,38.61,5.21,0.0,9.42,10.125
2021-12-06 19:00:00,19,19,19,0.0,3.0,15.0,1.0,0.0,1.0,9,7,4,0,4,0,46.8,375.5,286.0,512.0,8.533,4.0,9.65,roster,0,59.0,47.5,0.4097,36.13,3.7275,0.475,0.7254,3.1053,40.75,3.47,0.0,11.9,12.8
2021-12-06 20:00:00,20,21,21,1.0,2.0,17.0,1.0,0.0,1.0,8,7,3,0,3,0,47.8,331.0,119.0,525.0,8.75,4.0,10.46,roster,0,66.0,52.5,0.4459,39.86,3.7533,0.525,0.6692,3.1429,45.04,2.6,0.0,12.21,13.125
2021-12-06 21:00:00,21,23,23,1.0,1.0,20.0,1.0,0.0,1.0,8,7,3,0,3,0,48.8,105.0,75.0,179.0,2.983,4.0,10.46,roster,0,71.0,57.5,0.4797,36.1,3.8408,0.575,0.6692,3.087,49.33,2.6,0.0,4.16,4.475
2021-12-06 22:00:00,22,21,21,1.0,2.0,17.0,1.0,0.0,1.0,6,5,1,0,1,0,49.8,135.0,135.0,135.0,2.25,3.0,7.21,roster,0,66.0,52.5,0.5641,29.05,3.8295,0.525,0.6935,3.1429,45.04,0.87,0.0,3.14,3.375
2021-12-06 23:00:00,23,18,18,1.0,3.0,13.0,1.0,0.0,1.0,4,3,1,0,1,0,50.8,195.0,195.0,195.0,3.25,3.0,7.21,roster,0,58.0,45.0,0.4957,24.01,2.7907,0.45,0.4161,3.2222,38.61,0.87,0.0,4.53,4.875
2021-12-07 00:00:00,0,13,13,1.0,3.0,8.0,1.0,0.0,1.0,4,4,2,0,2,0,51.8,187.0,119.0,255.0,4.25,3.0,7.21,roster,0,43.0,32.5,0.3772,15.55,2.9101,0.325,0.5548,3.3077,27.88,1.74,0.0,5.93,6.375
2021-12-07 01:00:00,1,11,11,1.0,2.0,7.0,1.0,0.0,1.0,3,2,3,0,3,0,52.8,179.0,92.0,315.0,5.25,3.0,7.21,roster,0,36.0,27.5,0.3243,13.52,1.8078,0.275,0.2774,3.2727,23.6,2.6,0.0,7.32,7.875
2021-12-07 02:00:00,2,13,13,1.0,2.0,8.0,2.0,0.0,1.0,4,4,4,0,4,0,53.8,195.5,152.0,375.0,6.25,3.0,7.21,roster,0,41.0,32.5,0.3796,20.08,2.7747,0.325,0.5548,3.1538,27.88,3.47,0.0,8.72,9.375
2021-12-07 03:00:00,3,12,12,1.0,3.0,7.0,1.0,0.0,1.0,2,2,4,0,4,0,54.8,255.5,212.0,435.0,7.25,3.0,7.21,roster,0,40.0,30.0,0.3704,19.33,1.9246,0.3,0.2774,3.3333,25.74,3.47,0.0,10.11,10.875
2021-12-07 04:00:00,4,12,12,1.0,4.0,6.0,1.0,0.0,1.0,2,2,5,0,5,0,55.8,272.0,229.0,359.0,8.25,3.0,7.21,roster,0,41.0,30.0,0.3905,18.43,1.9728,0.3,0.2774,3.4167,25.74,4.34,0.0,8.35,8.975
2021-12-07 05:00:00,5,12,12,1.0,4.0,5.0,2.0,0.0,1.0,1,1,5,0,5,0,56.8,332.0,289.0,419.0,9.25,3.0,7.21,roster,0,40.0,30.0,0.381,19.82,1.4623,0.3,0.1387,3.3333,25.74,4.34,0.0,9.74,10.475
2021-12-07 06:00:00,6,13,13,1.0,4.0,6.0,2.0,0.0,1.0,1,1,5,0,5,0,57.8,392.0,349.0,479.0,10.25,3.0,7.21,roster,0,43.0,32.5,0.4095,23.36,1.5338,0.325,0.1387,3.3077,27.88,4.34,0.0,11.14,11.975
2021-12-07 07:00:00,7,17,17,2.0,4.0,8.0,3.0,0.0,1.0,5,4,5,0,5,0,58.8,452.0,409.0,539.0,11.25,3.0,7.21,roster,0,56.0,42.5,0.5333,33.34,3.2275,0.425,0.5548,3.2941,36.46,4.34,0.0,12.53,13.475
2021-12-07 08:00:00,8,17,17,2.0,5.0,9.0,1.0,0.0,1.0,4,4,6,0,6,0,59.8,490.5,300.0,599.0,12.25,3.0,7.73,roster,0,59.0,42.5,0.5784,35.6,3.2709,0.425,0.5175,3.4706,36.46,5.21,0.0,13.93,14.975
2021-12-07 09:00:00,9,21,21,1.0,7.0,12.0,1.0,0.0,1.0,6,6,7,0,7,0,60.8,529.0,75.0,659.0,13.25,3.0,7.73,roster,0,71.0,52.5,0.7172,46.44,4.3993,0.525,0.7762,3.381,45.04,6.08,0.0,15.32,16.475
2021-12-07 10:00:00,10,22,22,1.0,5.0,15.0,1.0,0.0,1.0,5,5,10,0,10,0,33.417,127.5,72.0,589.0,14.25,4.0,10.98,roster,0,72.0,55.0,0.6,49.57,3.2903,0.55,0.4554,3.2727,47.19,8.68,0.0,13.69,14.725
2021-12-07 11:00:00,11,23,23,1.0,5.0,16.0,1.0,0.0,1.0,5,4,9,0,9,0,34.417,140.0,126.0,649.0,15.25,4.0,10.98,roster,0,75.0,57.5,0.6048,52.24,3.0629,0.575,0.3643,3.2609,49.33,7.81,0.0,15.09,16.225
2021-12-07 12:00:00,12,27,27,1.0,7.0,18.0,1.0,0.0,1.0,6,5,11,0,11,0,35.417,192.0,136.0,709.0,16.25,4.0,10.98,roster,0,89.0,67.5,0.7672,63.95,3.726,0.675,0.4554,3.2963,57.92,9.55,0.0,16.48,17.725
2021-12-07 13:00:00,13,30,30,1.0,7.0,20.0,2.0,0.0,1.0,6,6,12,0,12,0,36.417,246.5,179.0,769.0,17.25,4.0,10.98,roster,0,97.0,75.0,0.8661,72.65,4.1918,0.75,0.5464,3.2333,64.35,10.42,0.0,17.88,19.225
2021-12-07 14:00:00,14,33,33,3.0,9.0,19.0,2.0,0.0,1.0,7,7,15,0,15,0,37.417,239.0,109.0,375.0,18.25,4.0,10.98,roster,0,112.0,82.5,1.12,72.53,4.9637,0.825,0.6375,3.3939,70.78,13.02,0.0,8.72,9.375
2021-12-07 15:00:00,15,33,33,2.0,9.0,20.0,2.0,0.0,1.0,7,7,14,0,14,0,38.417,176.0,95.0,361.0,15.533,4.0,10.98,roster,0,110.0,82.5,1.0577,71.33,4.8751,0.825,0.6375,3.3333,70.78,12.16,0.0,8.39,9.025
2021-12-07 16:00:00,16,31,31,1.0,8.0,20.0,2.0,0.0,1.0,7,6,13,1,14,1,16.533,204.0,142.0,359.0,16.533,4.0,10.98,roster,0,101.0,77.5,0.9712,80.4,4.3054,0.775,0.5464,3.2581,66.5,12.16,13.4,8.35,8.975
2021-12-07 17:00:00,17,36,36,1.0,10.0,23.0,2.0,0.0,1.0,8,7,14,1,15,1,17.533,249.0,183.0,419.0,17.533,4.0,10.98,roster,0,118.0,90.0,1.18,93.39,5.0397,0.9,0.6375,3.2778,77.22,13.02,13.4,9.74,10.475
2021-12-07 18:00:00,18,35,35,1.0,10.0,22.0,2.0,0.0,1.0,4,3,13,1,14,1,18.533,305.5,243.0,479.0,18.533,4.0,10.98,roster,0,115.0,87.5,1.1058,91.77,3.7727,0.875,0.2732,3.2857,75.08,12.16,13.4,11.14,11.975
2021-12-07 19:00:00,19,26,26,1.0,8.0,15.0,2.0,0.0,1.0,2,1,10,0,10,0,19.533,312.5,228.0,601.0,19.533,4.0,10.98,roster,0,86.0,65.0,0.7167,58.43,2.4512,0.65,0.0911,3.3077,55.77,8.68,0.0,13.97,15.025
2021-12-07 20:00:00,20,25,25,1.0,5.0,18.0,1.0,0.0,1.0,9,9,5,0,5,0,11.667,360.0,288.0,382.0,11.017,4.0,9.97,roster,0,81.0,62.5,0.5786,46.85,4.9498,0.625,0.9027,3.24,53.62,4.34,0.0,8.88,9.55
2021-12-07 21:00:00,21,27,27,1.0,9.0,17.0,0.0,0.0,1.0,11,10,6,0,6,0,12.667,277.5,117.0,442.0,12.017,4.0,9.97,roster,0,92.0,67.5,0.6765,53.4,5.7177,0.675,1.003,3.4074,57.92,5.21,0.0,10.28,11.05
2021-12-07 22:00:00,22,28,28,1.0,4.0,23.0,0.0,0.0,1.0,9,10,10,0,10,0,13.667,157.0,105.0,408.0,13.017,3.0,6.72,roster,0,90.0,70.0,1.0,58.23,7.0332,0.7,1.4881,3.2143,60.06,8.68,0.0,9.49,10.2
2021-12-07 23:00:00,23,27,27,1.0,6.0,20.0,0.0,0.0,1.0,6,6,11,0,11,0,14.017,197.0,159.0,468.0,14.017,3.0,6.72,roster,0,89.0,67.5,1.023,58.35,5.1681,0.675,0.8929,3.2963,57.92,9.55,0.0,10.88,11.7
2021-12-08 00:00:00,0,25,25,1.0,6.0,18.0,0.0,0.0,1.0,5,6,12,1,13,1,15.017,228.0,180.0,387.0,15.017,3.0,6.72,roster,0,83.0,62.5,1.0247,67.31,5.0393,0.625,0.8929,3.32,53.62,11.29,13.4,9.0,9.675
2021-12-08 01:00:00,1,22,22,1.0,6.0,15.0,0.0,0.0,1.0,0,0,12,1,13,1,16.017,288.0,240.0,447.0,16.017,3.0,6.72,roster,0,74.0,55.0,0.9136,62.27,1.85,0.55,0.0,3.3636,47.19,11.29,13.4,10.39,11.175
2021-12-08 02:00:00,2,21,21,1.0,5.0,15.0,0.0,0.0,1.0,3,3,12,0,12,0,17.017,362.5,339.0,648.0,17.017,3.0,6.72,roster,0,70.0,52.5,0.8333,50.53,3.2381,0.525,0.4464,3.3333,45.04,10.42,0.0,15.07,16.2
2021-12-08 03:00:00,3,20,20,1.0,5.0,13.0,1.0,0.0,1.0,3,3,12,0,12,0,18.017,422.5,399.0,708.0,18.017,3.0,6.72,roster,0,66.0,50.0,0.7857,49.78,3.1232,0.5,0.4464,3.3,42.9,10.42,0.0,16.46,17.7
2021-12-08 04:00:00,4,23,23,1.0,5.0,16.0,1.0,0.0,1.0,4,4,13,0,13,0,19.017,468.0,420.0,627.0,19.017,3.0,6.72,roster,0,75.0,57.5,0.9259,55.2,3.816,0.575,0.5952,3.2609,49.33,11.29,0.0,14.58,15.675
2021-12-08 05:00:00,5,23,23,1.0,7.0,15.0,0.0,0.0,1.0,3,3,14,0,14,0,20.017,526.5,443.0,687.0,20.017,3.0,6.72,roster,0,78.0,57.5,1.0,57.46,3.464,0.575,0.4464,3.3913,49.33,12.16,0.0,15.97,17.175
2021-12-08 06:00:00,6,22,22,1.0,6.0,15.0,0.0,0.0,1.0,2,2,14,1,15,1,21.017,585.0,452.0,747.0,21.017,3.0,6.72,roster,0,74.0,55.0,0.9867,70.98,2.8511,0.55,0.2976,3.3636,47.19,13.02,13.4,17.37,18.675
2021-12-08 07:00:00,7,23,23,1.0,5.0,17.0,0.0,0.0,1.0,2,2,14,0,14,0,22.017,646.5,563.0,807.0,22.017,3.0,6.72,roster,0,76.0,57.5,0.9744,60.25,2.8834,0.575,0.2976,3.3043,49.33,12.16,0.0,18.76,20.175
2021-12-08 08:00:00,8,22,22,1.0,5.0,16.0,0.0,0.0,1.0,1,2,14,0,14,0,23.017,706.5,623.0,867.0,23.017,3.0,6.13,roster,0,73.0,55.0,0.9359,59.5,2.9076,0.55,0.3263,3.3182,47.19,12.16,0.0,20.16,21.675
2021-12-08 09:00:00,9,25,25,1.0,5.0,19.0,0.0,0.0,1.0,7,7,12,0,12,0,24.017,763.5,683.0,927.0,24.017,3.0,6.13,roster,0,82.0,62.5,0.9762,65.6,5.7955,0.625,1.1419,3.28,53.62,10.42,0.0,21.55,23.175
2021-12-08 10:00:00,10,36,36,1.0,7.0,26.0,2.0,0.0,1.0,13,13,14,1,15,1,25.017,743.0,99.0,897.0,25.017,4.0,9.83,roster,0,115.0,90.0,1.15,104.5,7.0996,0.9,1.3225,3.1944,77.22,13.02,13.4,20.86,22.425
2021-12-08 11:00:00,11,29,29,2.0,6.0,20.0,1.0,0.0,1.0,3,3,14,2,16,2,21.367,483.5,125.0,917.0,21.367,4.0,9.83,roster,0,96.0,72.5,1.0,104.22,3.4103,0.725,0.3052,3.3103,62.2,13.89,26.8,21.32,22.925
2021-12-08 12:00:00,12,31,31,1.0,7.0,21.0,2.0,0.0,1.0,10,9,13,3,16,3,19.4,371.5,173.0,948.0,18.45,4.0,9.83,roster,0,100.0,77.5,1.0417,122.63,5.4534,0.775,0.9156,3.2258,66.5,13.89,40.2,22.04,23.7
2021-12-08 13:00:00,13,31,31,1.0,6.0,23.0,1.0,0.0,1.0,5,5,12,4,16,4,20.4,218.0,135.0,872.0,17.95,4.0,9.83,roster,0,100.0,77.5,1.0417,134.26,4.1408,0.775,0.5086,3.2258,66.5,13.89,53.6,20.27,21.8
2021-12-08 14:00:00,14,38,38,1.0,4.0,32.0,1.0,0.0,1.0,10,10,11,4,15,4,21.4,263.0,142.0,932.0,18.95,4.0,9.83,roster,0,119.0,95.0,1.19,149.8,6.1607,0.95,1.0173,3.1316,81.51,13.02,53.6,21.67,23.3
2021-12-08 15:00:00,15,39,39,1.0,3.0,34.0,1.0,0.0,1.0,9,8,11,4,15,4,22.4,288.0,195.0,704.0,19.95,4.0,9.83,roster,0,121.0,97.5,1.21,146.65,5.55,0.975,0.8138,3.1026,83.66,13.02,53.6,16.37,17.6
2021-12-08 16:00:00,16,43,43,0.0,3.0,39.0,1.0,0.0,1.0,11,11,11,3,14,3,23.4,288.5,249.0,425.0,20.283,4.0,9.83,roster,0,131.0,107.5,1.2596,134.47,6.6841,1.075,1.119,3.0465,92.24,12.16,40.2,9.88,10.625
2021-12-08 17:00:00,17,32,32,0.0,1.0,29.0,2.0,0.0,1.0,3,3,10,1,11,1,24.4,322.0,209.0,485.0,21.283,4.0,9.83,roster,0,95.0,80.0,0.819,82.87,3.281,0.8,0.3052,2.9688,68.64,9.55,13.4,11.28,12.125
2021-12-08 18:00:00,18,24,24,0.0,1.0,22.0,1.0,0.0,1.0,3,3,7,0,7,0,25.4,493.0,221.0,1223.0,22.283,4.0,9.83,roster,0,72.0,60.0,0.5455,65.99,2.7156,0.6,0.3052,3.0,51.48,6.08,0.0,28.43,30.575
2021-12-08 19:00:00,19,28,28,0.0,3.0,23.0,2.0,0.0,1.0,11,10,6,0,6,0,26.4,154.0,116.0,281.0,9.217,4.0,9.83,roster,0,85.0,70.0,0.625,51.8,5.2132,0.7,1.0173,3.0357,60.06,5.21,0.0,6.53,7.025
2021-12-08 20:00:00,20,28,28,0.0,5.0,22.0,1.0,0.0,1.0,7,6,5,0,5,0,27.4,176.0,78.0,179.0,4.15,4.0,10.5,roster,0,88.0,70.0,0.6286,48.56,3.9959,0.7,0.5714,3.1429,60.06,4.34,0.0,4.16,4.475
2021-12-08 21:00:00,21,28,28,0.0,4.0,22.0,1.0,1.0,1.0,8,8,6,0,6,0,28.4,120.5,75.0,239.0,5.15,4.0,10.5,roster,0,85.0,70.0,0.625,50.83,4.4379,0.7,0.7619,3.0357,60.06,5.21,0.0,5.56,5.975
2021-12-08 22:00:00,22,26,26,0.0,3.0,22.0,0.0,1.0,1.0,9,9,4,0,4,0,29.4,166.5,135.0,299.0,4.983,3.0,6.8,roster,0,79.0,65.0,0.7315,46.19,5.9965,0.65,1.3235,3.0385,55.77,3.47,0.0,6.95,7.475
2021-12-08 23:00:00,23,28,28,0.0,6.0,21.0,0.0,1.0,1.0,11,10,6,0,6,0,30.4,192.5,102.0,258.0,5.983,3.0,6.8,roster,0,88.0,70.0,0.8627,51.27,6.8218,0.7,1.4706,3.1429,60.06,5.21,0.0,6.0,6.45
2021-12-09 00:00:00,0,30,30,0.0,8.0,21.0,0.0,1.0,1.0,8,7,8,1,9,1,31.4,162.0,117.0,255.0,6.983,3.0,6.8,roster,0,96.0,75.0,1.0323,71.49,5.6941,0.75,1.0294,3.2,64.35,7.81,13.4,5.93,6.375
2021-12-09 01:00:00,1,28,28,0.0,7.0,20.0,0.0,1.0,1.0,4,3,9,0,9,0,32.4,222.0,177.0,315.0,7.983,3.0,6.8,roster,0,89.0,70.0,0.957,55.2,3.6273,0.7,0.4412,3.1786,60.06,7.81,0.0,7.32,7.875
2021-12-09 02:00:00,2,26,26,0.0,5.0,20.0,0.0,1.0,1.0,3,1,10,0,10,0,33.4,262.5,197.0,375.0,8.983,3.0,6.8,roster,0,81.0,65.0,0.9,53.17,2.4831,0.65,0.1471,3.1154,55.77,8.68,0.0,8.72,9.375
2021-12-09 03:00:00,3,25,25,0.0,4.0,20.0,0.0,1.0,1.0,4,4,10,0,10,0,34.4,322.5,257.0,435.0,9.983,3.0,6.8,roster,0,77.0,62.5,0.8556,52.42,3.7368,0.625,0.5882,3.08,53.62,8.68,0.0,10.11,10.875
2021-12-09 04:00:00,4,22,22,0.0,3.0,17.0,1.0,1.0,1.0,2,1,10,0,10,0,35.4,382.5,317.0,495.0,10.983,3.0,6.8,roster,0,66.0,55.0,0.7333,47.38,2.0912,0.55,0.1471,3.0,47.19,8.68,0.0,11.51,12.375
2021-12-09 05:00:00,5,20,20,0.0,4.0,15.0,0.0,1.0,1.0,1,1,10,0,10,0,36.4,442.5,377.0,555.0,11.983,3.0,6.8,roster,0,62.0,50.0,0.6889,44.49,2.0059,0.5,0.1471,3.1,42.9,8.68,0.0,12.9,13.875
2021-12-09 06:00:00,6,25,25,0.0,4.0,20.0,0.0,1.0,1.0,6,5,11,0,11,0,37.4,483.0,379.0,615.0,12.983,3.0,6.8,roster,0,77.0,62.5,0.8851,57.48,4.1897,0.625,0.7353,3.08,53.62,9.55,0.0,14.3,15.375
2021-12-09 07:00:00,7,24,24,0.0,4.0,19.0,0.0,1.0,1.0,2,2,11,0,11,0,38.4,543.0,439.0,675.0,13.983,3.0,6.8,roster,0,74.0,60.0,0.8506,56.73,2.7569,0.6,0.2941,3.0833,51.48,9.55,0.0,15.69,16.875
2021-12-09 08:00:00,8,26,26,0.0,5.0,20.0,0.0,1.0,1.0,5,5,12,0,12,0,39.4,600.0,499.0,735.0,14.983,3.0,6.65,roster,0,81.0,65.0,0.9643,63.28,4.3674,0.65,0.7519,3.1154,55.77,10.42,0.0,17.09,18.375
2021-12-09 09:00:00,9,24,24,0.0,5.0,18.0,0.0,1.0,1.0,3,3,11,0,11,0,40.4,617.0,294.0,790.0,15.983,3.0,6.65,roster,0,75.0,60.0,0.8621,59.4,3.2848,0.6,0.4511,3.125,51.48,9.55,0.0,18.37,19.75
2021-12-09 10:00:00,10,26,26,0.0,6.0,19.0,0.0,1.0,1.0,4,4,10,0,10,0,41.4,648.0,354.0,762.0,16.983,4.0,9.97,roster,0,82.0,65.0,0.6833,62.17,3.3153,0.65,0.4012,3.1538,55.77,8.68,0.0,17.72,19.05
2021-12-09 11:00:00,11,29,29,0.0,10.0,19.0,0.0,0.0,1.0,7,7,11,0,11,0,42.4,679.0,299.0,822.0,17.983,4.0,9.97,roster,0,97.0,72.5,0.8362,70.87,4.7734,0.725,0.7021,3.3448,62.2,9.55,0.0,19.11,20.55
2021-12-09 12:00:00,12,31,31,1.0,12.0,18.0,0.0,0.0,1.0,6,6,12,0,12,0,43.4,318.5,94.0,797.0,17.3,4.0,9.97,roster,0,107.0,77.5,0.9554,75.44,4.7522,0.775,0.6018,3.4516,66.5,10.42,0.0,18.53,19.925
2021-12-09 13:00:00,13,35,35,1.0,13.0,21.0,0.0,0.0,1.0,8,6,13,1,14,1,44.4,268.0,139.0,746.0,18.3,4.0,9.97,roster,0,120.0,87.5,1.1538,97.98,5.0633,0.875,0.6018,3.4286,75.08,12.16,13.4,17.34,18.65
2021-12-09 14:00:00,14,31,31,0.0,10.0,21.0,0.0,0.0,1.0,3,4,10,0,10,0,45.4,536.5,202.0,917.0,19.3,4.0,9.97,roster,0,103.0,77.5,0.8583,76.5,3.908,0.775,0.4012,3.3226,66.5,8.68,0.0,21.32,22.925
2021-12-09 15:00:00,15,28,28,0.0,8.0,20.0,0.0,0.0,1.0,5,5,9,0,9,0,26.433,654.0,259.0,977.0,20.3,4.0,9.97,roster,0,92.0,70.0,0.7419,70.59,3.9478,0.7,0.5015,3.2857,60.06,7.81,0.0,22.72,24.425
2021-12-09 16:00:00,16,32,32,1.0,7.0,24.0,0.0,0.0,1.0,10,10,9,0,9,0,27.433,319.0,177.0,714.0,21.3,4.0,9.97,roster,0,105.0,80.0,0.8468,73.06,5.9161,0.8,1.003,3.2812,68.64,7.81,0.0,16.6,17.85
2021-12-09 17:00:00,17,32,32,2.0,8.0,22.0,0.0,0.0,1.0,8,8,10,1,11,1,28.433,152.0,96.0,379.0,19.7,4.0,9.97,roster,0,108.0,80.0,0.931,80.4,5.4081,0.8,0.8024,3.375,68.64,9.55,13.4,8.81,9.475
2021-12-09 18:00:00,18,31,31,2.0,10.0,19.0,0.0,0.0,1.0,8,7,12,1,13,1,29.433,204.0,151.0,300.0,20.7,4.0,9.97,roster,0,107.0,77.5,0.9907,78.16,5.0984,0.775,0.7021,3.4516,66.5,11.29,13.4,6.98,7.5
2021-12-09 19:00:00,19,35,35,1.0,11.0,23.0,0.0,0.0,1.0,11,11,11,0,11,0,30.433,264.0,172.0,360.0,21.7,4.0,9.97,roster,0,118.0,87.5,1.0172,73.0,6.6697,0.875,1.1033,3.3714,75.08,9.55,0.0,8.37,9.0
2021-12-09 20:00:00,20,26,26,1.0,10.0,15.0,0.0,0.0,1.0,5,5,7,0,7,0,31.433,227.0,88.0,271.0,5.4,4.0,11.08,roster,0,90.0,65.0,0.6818,48.15,3.8121,0.65,0.4513,3.4615,55.77,6.08,0.0,6.3,6.775
2021-12-09 21:00:00,21,26,26,1.0,7.0,18.0,0.0,0.0,1.0,11,8,4,0,4,0,31.267,259.0,231.0,292.0,4.867,4.0,11.08,roster,0,87.0,65.0,0.6042,46.03,4.591,0.65,0.722,3.3462,55.77,3.47,0.0,6.79,7.3
2021-12-09 22:00:00,22,21,21,1.0,4.0,16.0,0.0,0.0,1.0,6,4,3,0,3,0,32.267,196.0,91.0,347.0,5.783,3.0,7.76,roster,0,69.0,52.5,0.6216,35.72,3.4187,0.525,0.5155,3.2857,45.04,2.6,0.0,8.07,8.675
2021-12-09 23:00:00,23,19,19,0.0,6.0,11.0,2.0,0.0,1.0,7,7,2,0,2,0,7.217,203.5,151.0,256.0,4.267,3.0,7.76,roster,0,61.0,47.5,0.5351,28.44,4.4211,0.475,0.9021,3.2105,40.75,1.74,0.0,5.95,6.4
2021-12-10 00:00:00,0,14,14,0.0,6.0,8.0,0.0,0.0,1.0,5,3,1,0,1,0,8.217,316.0,316.0,316.0,5.267,3.0,7.76,roster,0,48.0,35.0,0.4103,18.25,2.5255,0.35,0.3866,3.4286,30.03,0.87,0.0,7.35,7.9
2021-12-10 01:00:00,1,16,16,0.0,5.0,11.0,0.0,0.0,1.0,7,6,1,0,1,0,9.217,376.0,376.0,376.0,6.267,3.0,7.76,roster,0,53.0,40.0,0.453,23.93,3.8862,0.4,0.7732,3.3125,34.32,0.87,0.0,8.74,9.4
2021-12-10 02:00:00,2,17,17,0.0,5.0,12.0,0.0,0.0,1.0,5,4,2,0,2,0,10.217,272.5,109.0,436.0,7.267,3.0,7.76,roster,0,56.0,42.5,0.4912,28.34,3.098,0.425,0.5155,3.2941,36.46,1.74,0.0,10.14,10.9
2021-12-10 03:00:00,3,17,17,0.0,5.0,12.0,0.0,0.0,1.0,1,1,2,0,2,0,11.217,332.5,169.0,496.0,8.267,3.0,7.76,roster,0,56.0,42.5,0.4912,29.73,1.8245,0.425,0.1289,3.2941,36.46,1.74,0.0,11.53,12.4
2021-12-10 04:00:00,4,17,17,0.0,5.0,12.0,0.0,0.0,1.0,3,3,2,0,2,0,12.217,392.5,229.0,556.0,9.267,3.0,7.76,roster,0,56.0,42.5,0.4912,31.13,2.6735,0.425,0.3866,3.2941,36.46,1.74,0.0,12.93,13.9
2021-12-10 05:00:00,5,19,19,0.0,6.0,13.0,0.0,0.0,1.0,3,3,2,0,2,0,13.217,452.5,289.0,616.0,10.267,3.0,7.76,roster,0,63.0,47.5,0.5526,36.81,2.8569,0.475,0.3866,3.3158,40.75,1.74,0.0,14.32,15.4
2021-12-10 06:00:00,6,18,18,0.0,6.0,12.0,0.0,0.0,1.0,2,2,2,0,2,0,14.217,512.5,349.0,676.0,11.267,3.0,7.76,roster,0,60.0,45.0,0.5263,36.06,2.3591,0.45,0.2577,3.3333,38.61,1.74,0.0,15.72,16.9
2021-12-10 07:00:00,7,16,16,0.0,4.0,12.0,0.0,0.0,1.0,1,1,2,0,2,0,15.217,572.5,409.0,736.0,12.267,3.0,7.76,roster,0,52.0,40.0,0.4561,33.17,1.7188,0.4,0.1289,3.25,34.32,1.74,0.0,17.11,18.4
2021-12-10 08:00:00,8,13,13,1.0,2.0,10.0,0.0,0.0,1.0,3,3,2,0,2,0,16.217,632.5,469.0,796.0,13.267,3.0,6.72,roster,0,43.0,32.5,0.3772,28.13,2.5516,0.325,0.4464,3.3077,27.88,1.74,0.0,18.51,19.9
2021-12-10 09:00:00,9,14,14,1.0,1.0,11.0,1.0,0.0,1.0,3,3,2,1,3,1,17.217,88.0,65.0,529.0,8.817,3.0,6.72,roster,0,44.0,35.0,0.3964,38.33,2.5031,0.35,0.4464,3.1429,30.03,2.6,13.4,12.3,13.225
2021-12-10 10:00:00,10,17,17,1.0,1.0,15.0,0.0,0.0,1.0,6,5,3,1,4,1,18.217,136.5,125.0,589.0,9.817,4.0,10.42,roster,0,54.0,42.5,0.375,47.03,2.8742,0.425,0.4798,3.1765,36.46,3.47,13.4,13.69,14.725
2021-12-10 11:00:00,11,16,16,0.0,2.0,14.0,0.0,0.0,1.0,3,2,4,0,4,0,19.217,127.5,117.0,649.0,10.817,4.0,10.42,roster,0,50.0,40.0,0.3472,32.88,1.8498,0.4,0.1919,3.125,34.32,3.47,0.0,15.09,16.225
2021-12-10 12:00:00,12,22,22,0.0,3.0,18.0,1.0,0.0,1.0,10,9,3,1,4,1,18.167,169.0,161.0,198.0,3.3,4.0,10.42,roster,0,68.0,55.0,0.4722,48.67,4.3697,0.55,0.8637,3.0909,47.19,3.47,13.4,4.6,4.95
2021-12-10 13:00:00,13,25,25,0.0,2.0,21.0,2.0,0.0,1.0,8,7,6,1,7,1,19.167,110.0,70.0,237.0,4.3,4.0,10.42,roster,0,75.0,62.5,0.5682,58.61,3.8904,0.625,0.6718,3.0,53.62,6.08,13.4,5.51,5.925
2021-12-10 14:00:00,14,25,25,0.0,1.0,22.0,2.0,0.0,1.0,5,5,7,0,7,0,13.267,135.0,74.0,281.0,5.3,4.0,10.42,roster,0,74.0,62.5,0.5606,46.24,3.2703,0.625,0.4798,2.96,53.62,6.08,0.0,6.53,7.025
2021-12-10 15:00:00,15,21,21,0.0,1.0,18.0,2.0,0.0,1.0,3,2,5,0,5,0,12.533,134.0,131.0,195.0,6.3,4.0,10.42,roster,0,62.0,52.5,0.4429,33.92,2.1167,0.525,0.1919,2.9524,45.04,4.34,0.0,4.53,4.875
2021-12-10 16:00:00,16,22,22,0.0,2.0,18.0,2.0,0.0,1.0,11,7,4,0,4,0,6.133,173.0,152.0,255.0,4.25,4.0,10.42,roster,0,66.0,55.0,0.4583,36.59,3.6654,0.55,0.6718,3.0,47.19,3.47,0.0,5.93,6.375
2021-12-10 17:00:00,17,23,23,0.0,5.0,18.0,0.0,0.0,1.0,9,7,6,0,6,0,7.133,92.5,81.0,177.0,5.25,4.0,10.42,roster,0,74.0,57.5,0.5441,38.66,4.0114,0.575,0.6718,3.2174,49.33,5.21,0.0,4.12,4.425
2021-12-10 18:00:00,18,20,20,0.0,6.0,14.0,0.0,0.0,1.0,3,3,7,1,8,1,8.133,131.0,102.0,157.0,6.25,4.0,10.42,roster,0,66.0,50.0,0.5156,46.9,2.6001,0.5,0.2879,3.3,42.9,6.95,13.4,3.65,3.925
2021-12-10 19:00:00,19,23,23,1.0,6.0,15.0,1.0,0.0,1.0,7,7,7,1,8,1,7.717,171.5,150.0,208.0,7.25,4.0,10.42,roster,0,76.0,57.5,0.5938,54.52,4.1198,0.575,0.6718,3.3043,49.33,6.95,13.4,4.84,5.2
2021-12-10 20:00:00,20,22,22,1.0,5.0,15.0,1.0,0.0,1.0,6,5,7,1,8,1,8.717,231.5,189.0,268.0,8.25,4.0,10.13,roster,0,72.0,55.0,0.5625,53.77,3.4154,0.55,0.4936,3.2727,47.19,6.95,13.4,6.23,6.7
2021-12-10 21:00:00,21,20,20,1.0,3.0,15.0,1.0,0.0,1.0,2,2,6,1,7,1,9.45,249.0,143.0,328.0,9.25,4.0,10.13,roster,0,64.0,50.0,0.4848,50.0,2.2318,0.5,0.1974,3.2,42.9,6.08,13.4,7.63,8.2
2021-12-10 22:00:00,22,20,20,1.0,3.0,15.0,1.0,0.0,1.0,11,10,3,0,3,0,6.817,309.0,168.0,388.0,6.467,3.0,6.43,roster,0,64.0,50.0,0.5766,34.53,6.5767,0.5,1.5552,3.2,42.9,2.6,0.0,9.02,9.7
2021-12-10 23:00:00,23,19,19,1.0,3.0,14.0,1.0,0.0,1.0,8,6,5,0,5,0,7.467,110.0,93.0,228.0,7.467,3.0,6.43,roster,0,61.0,47.5,0.581,30.4,4.5208,0.475,0.9331,3.2105,40.75,4.34,0.0,5.3,5.7
2021-12-11 00:00:00,0,16,16,1.0,4.0,10.0,1.0,0.0,1.0,2,2,6,0,6,0,8.467,161.5,133.0,288.0,8.467,3.0,6.43,roster,0,53.0,40.0,0.5196,26.23,2.3553,0.4,0.311,3.3125,34.32,5.21,0.0,6.7,7.2
2021-12-11 01:00:00,1,21,21,1.0,3.0,14.0,3.0,0.0,1.0,8,8,6,0,6,0,9.467,221.5,193.0,348.0,9.467,3.0,6.43,roster,0,65.0,52.5,0.6373,38.35,5.476,0.525,1.2442,3.0952,45.04,5.21,0.0,8.09,8.7
2021-12-11 02:00:00,2,17,17,1.0,3.0,11.0,2.0,0.0,1.0,1,1,7,0,7,0,10.467,273.0,235.0,408.0,10.467,3.0,6.43,roster,0,54.0,42.5,0.5455,32.03,1.844,0.425,0.1555,3.1765,36.46,6.08,0.0,9.49,10.2
2021-12-11 03:00:00,3,19,19,1.0,4.0,13.0,1.0,0.0,1.0,4,4,7,0,7,0,11.467,333.0,295.0,468.0,11.467,3.0,6.43,roster,0,62.0,47.5,0.6263,37.71,3.58,0.475,0.6221,3.2632,40.75,6.08,0.0,10.88,11.7
2021-12-11 04:00:00,4,19,19,1.0,4.0,13.0,1.0,0.0,1.0,2,2,9,0,9,0,12.467,373.0,210.0,410.0,12.467,3.0,6.43,roster,0,62.0,47.5,0.6667,38.1,2.565,0.475,0.311,3.2632,40.75,7.81,0.0,9.53,10.25
2021-12-11 05:00:00,5,18,18,1.0,4.0,12.0,1.0,0.0,1.0,2,2,9,0,9,0,13.467,433.0,270.0,470.0,13.467,3.0,6.43,roster,0,59.0,45.0,0.6344,37.35,2.4945,0.45,0.311,3.2778,38.61,7.81,0.0,10.93,11.75
2021-12-11 06:00:00,6,18,18,1.0,4.0,12.0,1.0,0.0,1.0,0,0,9,0,9,0,14.467,493.0,330.0,530.0,14.467,3.0,6.43,roster,0,59.0,45.0,0.6344,38.75,1.475,0.45,0.0,3.2778,38.61,7.81,0.0,12.32,13.25
2021-12-11 07:00:00,7,19,19,1.0,4.0,13.0,1.0,0.0,1.0,2,2,9,0,9,0,15.467,553.0,390.0,590.0,15.467,3.0,6.43,roster,0,62.0,47.5,0.6667,42.29,2.565,0.475,0.311,3.2632,40.75,7.81,0.0,13.72,14.75
2021-12-11 08:00:00,8,20,20,1.0,4.0,14.0,1.0,0.0,1.0,4,4,9,0,9,0,16.467,613.0,450.0,650.0,16.467,3.0,6.6,roster,0,65.0,50.0,0.6989,45.83,3.5947,0.5,0.6061,3.25,42.9,7.81,0.0,15.11,16.25
2021-12-11 09:00:00,9,23,23,0.0,4.0,18.0,1.0,0.0,1.0,7,7,5,0,5,0,17.467,510.0,416.0,673.0,17.467,3.0,6.6,roster,0,72.0,57.5,0.6857,49.32,5.1202,0.575,1.0606,3.1304,49.33,4.34,0.0,15.65,16.825
2021-12-11 10:00:00,10,26,26,0.0,4.0,20.0,2.0,0.0,1.0,8,8,8,0,8,0,18.467,473.5,116.0,733.0,18.467,4.0,10.06,roster,0,80.0,65.0,0.625,59.76,4.4469,0.65,0.7952,3.0769,55.77,6.95,0.0,17.04,18.325
2021-12-11 11:00:00,11,27,27,0.0,3.0,23.0,1.0,0.0,1.0,10,9,8,0,8,0,19.467,356.0,139.0,793.0,19.467,4.0,10.06,roster,0,83.0,67.5,0.6484,63.3,4.8252,0.675,0.8946,3.0741,57.92,6.95,0.0,18.44,19.825
2021-12-11 12:00:00,12,29,29,0.0,2.0,25.0,2.0,0.0,1.0,11,9,10,0,10,0,20.467,189.5,91.0,690.0,20.467,4.0,10.06,roster,0,87.0,72.5,0.725,66.93,4.8589,0.725,0.8946,3.0,62.2,8.68,0.0,16.04,17.25
2021-12-11 13:00:00,13,26,26,0.0,2.0,24.0,0.0,0.0,1.0,7,5,8,0,8,0,21.467,197.5,151.0,750.0,21.467,4.0,10.06,roster,0,80.0,65.0,0.625,60.15,3.5293,0.65,0.497,3.0769,55.77,6.95,0.0,17.44,18.75
2021-12-11 14:00:00,14,20,20,0.0,1.0,18.0,1.0,0.0,1.0,4,4,4,0,4,0,22.467,231.5,200.0,1348.0,22.467,4.0,10.06,roster,0,60.0,50.0,0.4167,57.71,2.6928,0.5,0.3976,3.0,42.9,3.47,0.0,31.34,33.7
2021-12-11 15:00:00,15,24,24,0.0,5.0,19.0,0.0,0.0,1.0,11,11,4,1,5,1,23.467,153.0,119.0,323.0,23.467,4.0,10.06,roster,0,77.0,60.0,0.55,56.73,5.4331,0.6,1.0934,3.2083,51.48,4.34,13.4,7.51,8.075
2021-12-11 16:00:00,16,21,21,0.0,5.0,16.0,0.0,0.0,1.0,6,4,4,1,5,1,24.467,213.0,148.0,383.0,24.467,4.0,10.06,roster,0,68.0,52.5,0.4857,51.69,2.9875,0.525,0.3976,3.2381,45.04,4.34,13.4,8.9,9.575
2021-12-11 17:00:00,17,24,24,0.0,5.0,19.0,0.0,0.0,1.0,6,5,5,1,6,1,25.467,240.5,154.0,443.0,25.467,4.0,10.06,roster,0,77.0,60.0,0.5662,60.39,3.5196,0.6,0.497,3.2083,51.48,5.21,13.4,10.3,11.075
2021-12-11 18:00:00,18,27,27,0.0,6.0,21.0,0.0,0.0,1.0,8,8,6,1,7,1,26.467,268.0,93.0,503.0,26.467,4.0,10.06,roster,0,87.0,67.5,0.6591,69.09,4.7374,0.675,0.7952,3.2222,57.92,6.08,13.4,11.69,12.575
2021-12-11 19:00:00,19,28,28,2.0,6.0,20.0,0.0,0.0,1.0,6,7,9,2,11,2,10.267,147.0,70.0,328.0,9.383,4.0,10.06,roster,0,94.0,70.0,0.8103,84.04,4.686,0.7,0.6958,3.3571,60.06,9.55,26.8,7.63,8.2
2021-12-11 20:00:00,20,25,25,2.0,5.0,18.0,0.0,0.0,1.0,5,5,12,0,12,0,11.267,158.0,120.0,334.0,10.383,4.0,10.97,roster,0,84.0,62.5,0.75,51.81,3.6314,0.625,0.4558,3.36,53.62,10.42,0.0,7.77,8.35
2021-12-11 21:00:00,21,26,26,3.0,6.0,16.0,1.0,0.0,1.0,10,9,10,0,10,0,12.267,196.0,164.0,394.0,11.383,4.0,10.97,roster,0,89.0,65.0,0.7417,53.61,5.0334,0.65,0.8204,3.4231,55.77,8.68,0.0,9.16,9.85
2021-12-11 22:00:00,22,23,23,1.0,6.0,16.0,0.0,0.0,1.0,13,12,5,0,5,0,12.383,454.0,237.0,573.0,12.383,3.0,7.51,roster,0,77.0,57.5,0.7333,47.0,7.2744,0.575,1.5979,3.3478,49.33,4.34,0.0,13.32,14.325
2021-12-11 23:00:00,23,20,20,0.0,4.0,16.0,0.0,0.0,1.0,9,7,3,0,3,0,12.4,132.0,115.0,633.0,10.55,3.0,7.51,roster,0,64.0,50.0,0.5766,40.22,4.5827,0.5,0.9321,3.2,42.9,2.6,0.0,14.72,15.825
2021-12-12 00:00:00,0,10,10,0.0,4.0,6.0,0.0,0.0,1.0,0,0,3,0,3,0,13.4,175.0,116.0,192.0,3.2,3.0,7.51,roster,0,34.0,25.0,0.3063,8.52,0.85,0.25,0.0,3.4,21.45,2.6,0.0,4.46,4.8
2021-12-12 01:00:00,1,15,15,0.0,3.0,12.0,0.0,0.0,1.0,7,7,3,0,3,0,4.2,235.0,176.0,252.0,4.2,3.0,7.51,roster,0,48.0,37.5,0.4324,20.64,4.1827,0.375,0.9321,3.2,32.17,2.6,0.0,5.86,6.3
2021-12-12 02:00:00,2,18,18,0.0,2.0,16.0,0.0,0.0,1.0,7,6,3,1,4,1,5.2,265.5,236.0,312.0,5.2,3.0,7.51,roster,0,56.0,45.0,0.5185,42.74,3.8856,0.45,0.7989,3.1111,38.61,3.47,13.4,7.25,7.8
2021-12-12 03:00:00,3,18,18,0.0,2.0,16.0,0.0,0.0,1.0,3,2,3,1,4,1,6.2,325.5,296.0,372.0,6.2,3.0,7.51,roster,0,56.0,45.0,0.5185,44.13,2.2285,0.45,0.2663,3.1111,38.61,3.47,13.4,8.65,9.3
2021-12-12 04:00:00,4,13,13,0.0,2.0,11.0,0.0,0.0,1.0,2,1,3,1,4,1,7.2,385.5,356.0,432.0,7.2,3.0,7.51,roster,0,41.0,32.5,0.3796,34.8,1.445,0.325,0.1332,3.1538,27.88,3.47,13.4,10.04,10.8
2021-12-12 05:00:00,5,15,15,0.0,1.0,14.0,0.0,0.0,1.0,5,4,3,0,3,0,8.2,475.0,416.0,492.0,8.2,3.0,7.51,roster,0,46.0,37.5,0.4144,26.22,2.7834,0.375,0.5326,3.0667,32.17,2.6,0.0,11.44,12.3
2021-12-12 06:00:00,6,16,16,0.0,2.0,14.0,0.0,0.0,1.0,2,1,4,0,4,0,9.2,505.5,476.0,552.0,9.2,3.0,7.51,roster,0,50.0,40.0,0.463,30.63,1.6661,0.4,0.1332,3.125,34.32,3.47,0.0,12.83,13.8
2021-12-12 07:00:00,7,13,13,0.0,2.0,11.0,0.0,0.0,1.0,3,3,5,0,5,0,10.2,536.0,169.0,595.0,10.2,3.0,7.51,roster,0,41.0,32.5,0.3905,26.06,2.2849,0.325,0.3995,3.1538,27.88,4.34,0.0,13.83,14.875
2021-12-12 08:00:00,8,13,13,1.0,2.0,10.0,0.0,0.0,1.0,7,6,6,0,6,0,11.2,412.5,149.0,655.0,11.2,3.0,7.19,roster,0,43.0,32.5,0.4216,28.32,3.8352,0.325,0.8345,3.3077,27.88,5.21,0.0,15.23,16.375
2021-12-12 09:00:00,9,13,13,2.0,2.0,9.0,0.0,0.0,1.0,4,4,4,0,4,0,10.933,249.0,209.0,656.0,10.933,3.0,7.19,roster,0,45.0,32.5,0.4167,26.61,3.0508,0.325,0.5563,3.4615,27.88,3.47,0.0,15.25,16.4
2021-12-12 10:00:00,10,16,16,2.0,1.0,13.0,0.0,0.0,1.0,8,8,4,1,5,1,11.933,130.0,111.0,349.0,11.933,4.0,10.23,roster,0,53.0,40.0,0.3786,40.18,3.9154,0.4,0.782,3.3125,34.32,4.34,13.4,8.11,8.725
2021-12-12 11:00:00,11,17,17,1.0,2.0,14.0,0.0,0.0,1.0,8,7,3,0,3,0,6.817,190.0,95.0,409.0,6.817,4.0,10.23,roster,0,55.0,42.5,0.3716,28.58,3.5888,0.425,0.6843,3.2353,36.46,2.6,0.0,9.51,10.225
2021-12-12 12:00:00,12,24,24,1.0,3.0,20.0,0.0,0.0,1.0,11,10,2,0,2,0,7.817,312.0,155.0,469.0,7.817,4.0,10.23,roster,0,77.0,60.0,0.5066,44.12,5.0612,0.6,0.9775,3.2083,51.48,1.74,0.0,10.9,11.725
2021-12-12 13:00:00,13,23,23,1.0,4.0,18.0,0.0,0.0,1.0,10,9,4,0,4,0,8.817,167.0,119.0,529.0,8.817,4.0,10.23,roster,0,75.0,57.5,0.5208,45.11,4.7438,0.575,0.8798,3.2609,49.33,3.47,0.0,12.3,13.225
2021-12-12 14:00:00,14,32,32,2.0,3.0,26.0,0.0,1.0,1.0,13,13,5,0,5,0,9.817,177.0,104.0,179.0,9.817,4.0,10.23,roster,0,101.0,80.0,0.7214,57.14,6.5359,0.8,1.2708,3.1562,68.64,4.34,0.0,4.16,4.475
2021-12-12 15:00:00,15,33,33,2.0,5.0,26.0,0.0,0.0,1.0,13,11,3,1,4,1,10.817,200.5,164.0,649.0,10.817,4.0,10.23,roster,0,108.0,82.5,0.75,82.75,6.2191,0.825,1.0753,3.2727,70.78,3.47,13.4,15.09,16.225
2021-12-12 16:00:00,16,19,19,1.0,3.0,14.0,0.0,1.0,1.0,6,5,6,0,6,0,11.817,106.0,84.0,297.0,11.817,4.0,10.23,roster,0,60.0,47.5,0.4412,32.87,3.0434,0.475,0.4888,3.1579,40.75,5.21,0.0,6.91,7.425
2021-12-12 17:00:00,17,18,18,1.0,2.0,14.0,1.0,0.0,1.0,7,7,6,0,6,0,12.817,166.0,144.0,357.0,12.817,4.0,10.23,roster,0,57.0,45.0,0.4191,32.12,3.5918,0.45,0.6843,3.1667,38.61,5.21,0.0,8.3,8.925
2021-12-12 18:00:00,18,15,15,1.0,2.0,11.0,1.0,0.0,1.0,4,2,8,0,8,0,6.95,167.5,114.0,237.0,6.95,4.0,10.23,roster,0,48.0,37.5,0.375,24.63,1.8256,0.375,0.1955,3.2,32.17,6.95,0.0,5.51,5.925
2021-12-12 19:00:00,19,21,21,0.0,2.0,13.0,5.0,1.0,1.0,9,9,7,0,7,0,6.567,174.0,127.0,275.0,4.95,4.0,10.23,roster,0,58.0,52.5,0.4394,37.52,3.8798,0.525,0.8798,2.7619,45.04,6.08,0.0,6.39,6.875
2021-12-12 20:00:00,20,25,25,0.0,5.0,17.0,3.0,0.0,1.0,11,9,7,0,7,0,7.567,201.0,95.0,335.0,5.95,4.0,9.84,roster,0,77.0,62.5,0.5833,47.49,4.7421,0.625,0.9146,3.08,53.62,6.08,0.0,7.79,8.375
2021-12-12 21:00:00,21,28,28,0.0,5.0,17.0,5.0,1.0,1.0,9,8,10,1,11,1,8.567,150.0,83.0,261.0,6.583,4.0,9.84,roster,0,82.0,70.0,0.7069,69.08,4.431,0.7,0.813,2.9286,60.06,9.55,13.4,6.07,6.525
2021-12-12 22:00:00,22,22,22,0.0,4.0,17.0,0.0,1.0,1.0,11,9,9,0,9,0,6.183,146.0,125.0,210.0,6.183,3.0,6.8,roster,0,68.0,55.0,0.7312,39.89,5.7909,0.55,1.3235,3.0909,47.19,7.81,0.0,4.88,5.25
2021-12-12 23:00:00,23,27,27,1.0,4.0,20.0,1.0,1.0,1.0,9,9,8,0,8,0,7.183,194.0,174.0,381.0,7.183,3.0,6.8,roster,0,84.0,67.5,0.875,53.72,6.2176,0.675,1.3235,3.1111,57.92,6.95,0.0,8.86,9.525
2021-12-13 00:00:00,0,24,24,1.0,4.0,16.0,1.0,2.0,1.0,6,6,8,1,9,1,8.183,245.0,206.0,330.0,8.183,3.0,6.8,roster,0,73.0,60.0,0.7849,60.37,4.5088,0.6,0.8824,3.0417,51.48,7.81,13.4,7.67,8.25
2021-12-13 01:00:00,1,22,22,0.0,3.0,16.0,2.0,1.0,1.0,4,4,9,1,10,1,9.183,299.5,124.0,390.0,9.183,3.0,6.8,roster,0,65.0,55.0,0.7222,58.34,3.363,0.55,0.5882,2.9545,47.19,8.68,13.4,9.07,9.75
2021-12-13 02:00:00,2,22,22,1.0,3.0,16.0,1.0,1.0,1.0,4,4,10,1,11,1,10.183,354.0,178.0,450.0,10.183,3.0,6.8,roster,0,68.0,55.0,0.7816,60.6,3.5182,0.55,0.5882,3.0909,47.19,9.55,13.4,10.46,11.25
2021-12-13 03:00:00,3,19,19,1.0,3.0,13.0,1.0,1.0,1.0,2,1,12,0,12,0,11.183,400.0,226.0,510.0,11.183,3.0,6.8,roster,0,59.0,47.5,0.7024,43.03,1.9317,0.475,0.1471,3.1053,40.75,10.42,0.0,11.86,12.75
2021-12-13 04:00:00,4,19,19,1.0,3.0,14.0,0.0,1.0,1.0,5,4,11,0,11,0,12.183,474.0,193.0,570.0,12.183,3.0,6.8,roster,0,60.0,47.5,0.6897,43.56,3.3576,0.475,0.5882,3.1579,40.75,9.55,0.0,13.25,14.25
2021-12-13 05:00:00,5,20,20,1.0,3.0,15.0,0.0,1.0,1.0,1,1,12,0,12,0,13.183,520.0,253.0,630.0,13.183,3.0,6.8,roster,0,63.0,50.0,0.75,47.97,2.0382,0.5,0.1471,3.15,42.9,10.42,0.0,14.65,15.75
2021-12-13 06:00:00,6,21,21,1.0,3.0,16.0,0.0,1.0,1.0,2,2,12,0,12,0,14.183,580.0,313.0,690.0,14.183,3.0,6.8,roster,0,66.0,52.5,0.7857,51.51,2.5744,0.525,0.2941,3.1429,45.04,10.42,0.0,16.04,17.25
2021-12-13 07:00:00,7,20,20,1.0,3.0,15.0,0.0,1.0,1.0,2,2,13,0,13,0,15.183,626.0,337.0,683.0,15.183,3.0,6.8,roster,0,63.0,50.0,0.7778,50.07,2.5015,0.5,0.2941,3.15,42.9,11.29,0.0,15.88,17.075
2021-12-13 08:00:00,8,21,21,1.0,3.0,16.0,0.0,1.0,1.0,1,1,14,0,14,0,16.183,612.0,395.0,743.0,16.183,3.0,7.18,roster,0,66.0,52.5,0.8462,54.48,2.0877,0.525,0.1393,3.1429,45.04,12.16,0.0,17.27,18.575
2021-12-13 09:00:00,9,17,17,0.0,3.0,13.0,0.0,1.0,1.0,2,1,10,0,10,0,17.183,686.0,455.0,803.0,17.183,3.0,7.18,roster,0,52.0,42.5,0.5778,43.82,1.726,0.425,0.1393,3.0588,36.46,8.68,0.0,18.67,20.075
2021-12-13 10:00:00,10,14,14,0.0,3.0,10.0,0.0,1.0,1.0,4,4,7,0,7,0,18.183,658.0,189.0,863.0,18.183,4.0,10.22,roster,0,43.0,35.0,0.3258,36.17,2.2771,0.35,0.3914,3.0714,30.03,6.08,0.0,20.06,21.575
2021-12-13 11:00:00,11,20,20,1.0,7.0,11.0,0.0,1.0,1.0,10,9,7,0,7,0,19.183,718.0,249.0,923.0,19.183,4.0,10.22,roster,0,67.0,50.0,0.5076,50.44,4.6251,0.5,0.8806,3.35,42.9,6.08,0.0,21.46,23.075
2021-12-13 12:00:00,12,26,26,0.0,7.0,17.0,1.0,1.0,1.0,12,12,10,0,10,0,16.383,165.5,95.0,635.0,16.383,4.0,10.22,roster,0,82.0,65.0,0.6833,59.22,5.7531,0.65,1.1742,3.1538,55.77,8.68,0.0,14.76,15.875
2021-12-13 13:00:00,13,29,29,0.0,9.0,18.0,1.0,1.0,1.0,9,9,8,0,8,0,17.383,325.0,170.0,1014.0,17.383,4.0,10.22,roster,0,93.0,72.5,0.7266,72.73,5.1491,0.725,0.8806,3.2069,62.2,6.95,0.0,23.58,25.35
2021-12-13 14:00:00,14,25,25,0.0,7.0,16.0,1.0,1.0,1.0,4,3,10,0,10,0,18.383,285.5,215.0,755.0,18.383,4.0,10.22,roster,0,79.0,62.5,0.6583,59.86,2.9026,0.625,0.2935,3.16,53.62,8.68,0.0,17.55,18.875
2021-12-13 15:00:00,15,27,27,0.0,5.0,21.0,1.0,0.0,1.0,12,12,5,0,5,0,13.583,290.0,281.0,489.0,13.583,4.0,10.22,roster,0,85.0,67.5,0.6071,53.63,5.8215,0.675,1.1742,3.1481,57.92,4.34,0.0,11.37,12.225
2021-12-13 16:00:00,16,26,26,0.0,4.0,21.0,1.0,0.0,1.0,7,7,7,0,7,0,14.583,118.0,87.0,549.0,14.583,4.0,10.22,roster,0,81.0,65.0,0.6136,54.61,4.1588,0.65,0.6849,3.1154,55.77,6.08,0.0,12.76,13.725
2021-12-13 17:00:00,17,23,23,0.0,4.0,18.0,1.0,0.0,1.0,5,5,5,0,5,0,15.583,126.0,76.0,263.0,15.583,4.0,10.22,roster,0,72.0,57.5,0.5143,39.79,3.3315,0.575,0.4892,3.1304,49.33,4.34,0.0,6.11,6.575
2021-12-13 18:00:00,18,20,20,0.0,4.0,15.0,1.0,0.0,1.0,6,5,8,0,8,0,16.583,133.5,118.0,323.0,16.583,4.0,10.22,roster,0,63.0,50.0,0.4922,37.36,3.1161,0.5,0.4892,3.15,42.9,6.95,0.0,7.51,8.075
2021-12-13 19:00:00,19,20,20,0.0,3.0,17.0,0.0,0.0,1.0,5,4,9,0,9,0,7.617,170.0,110.0,196.0,6.383,4.0,10.22,roster,0,63.0,50.0,0.5081,35.27,2.8079,0.5,0.3914,3.15,42.9,7.81,0.0,4.56,4.9
2021-12-13 20:00:00,20,17,17,0.0,4.0,13.0,0.0,0.0,1.0,8,7,5,0,5,0,8.617,170.0,126.0,230.0,3.967,4.0,9.39,roster,0,55.0,42.5,0.3929,26.15,3.7868,0.425,0.7455,3.2353,36.46,4.34,0.0,5.35,5.75
2021-12-13 21:00:00,21,14,14,0.0,3.0,11.0,0.0,0.0,1.0,4,5,6,0,6,0,9.617,157.0,96.0,230.0,4.833,4.0,9.39,roster,0,45.0,35.0,0.3309,20.59,2.8365,0.35,0.5325,3.2143,30.03,5.21,0.0,5.35,5.75
2021-12-13 22:00:00,22,9,9,0.0,2.0,7.0,0.0,0.0,1.0,6,3,3,0,3,0,10.617,148.0,71.0,246.0,4.1,3.0,6.35,roster,0,29.0,22.5,0.2613,7.63,2.2473,0.225,0.4724,3.2222,19.3,2.6,0.0,5.72,6.15
2021-12-13 23:00:00,23,9,9,0.0,2.0,7.0,0.0,0.0,1.0,2,2,4,0,4,0,11.617,169.5,131.0,306.0,5.1,3.0,6.35,roster,0,29.0,22.5,0.2685,9.89,1.7399,0.225,0.315,3.2222,19.3,3.47,0.0,7.11,7.65
2021-12-14 00:00:00,0,16,16,0.0,4.0,12.0,0.0,0.0,1.0,14,12,3,0,3,0,12.617,191.0,146.0,268.0,4.467,3.0,6.35,roster,0,52.0,40.0,0.4685,23.16,7.4417,0.4,1.8898,3.25,34.32,2.6,0.0,6.23,6.7
2021-12-14 01:00:00,1,18,18,0.0,4.0,14.0,0.0,0.0,1.0,5,4,2,1,3,1,13.617,206.0,75.0,251.0,4.183,3.0,6.35,roster,0,58.0,45.0,0.5225,40.45,3.4797,0.45,0.6299,3.2222,38.61,2.6,13.4,5.84,6.275
2021-12-14 02:00:00,2,16,16,0.0,4.0,12.0,0.0,0.0,1.0,3,3,4,1,5,1,14.617,113.0,101.0,266.0,5.183,3.0,6.35,roster,0,52.0,40.0,0.4952,38.25,2.8354,0.4,0.4724,3.25,34.32,4.34,13.4,6.18,6.65
2021-12-14 03:00:00,3,21,21,1.0,4.0,16.0,0.0,0.0,1.0,7,7,4,0,4,0,15.617,249.5,173.0,371.0,6.183,3.0,6.35,roster,0,69.0,52.5,0.6389,37.14,5.347,0.525,1.1024,3.2857,45.04,3.47,0.0,8.63,9.275
2021-12-14 04:00:00,4,18,18,0.0,4.0,13.0,1.0,0.0,1.0,3,2,5,1,6,1,16.617,216.0,75.0,386.0,7.183,3.0,6.35,roster,0,57.0,45.0,0.5588,46.19,2.4224,0.45,0.315,3.1667,38.61,5.21,13.4,8.97,9.65
2021-12-14 05:00:00,5,15,15,0.0,4.0,11.0,0.0,0.0,1.0,0,0,5,0,5,0,17.617,293.0,259.0,446.0,8.183,3.0,6.35,roster,0,49.0,37.5,0.4667,26.89,1.225,0.375,0.0,3.2667,32.17,4.34,0.0,10.37,11.15
2021-12-14 06:00:00,6,15,15,0.0,2.0,13.0,0.0,0.0,1.0,2,2,5,0,5,0,18.617,353.0,319.0,506.0,9.183,3.0,6.35,roster,0,47.0,37.5,0.4476,28.28,2.1619,0.375,0.315,3.1333,32.17,4.34,0.0,11.76,12.65
2021-12-14 07:00:00,7,14,14,0.0,2.0,12.0,0.0,0.0,1.0,2,2,5,0,5,0,19.617,413.0,379.0,566.0,10.183,3.0,6.35,roster,0,44.0,35.0,0.419,27.53,2.0899,0.35,0.315,3.1429,30.03,4.34,0.0,13.16,14.15
2021-12-14 08:00:00,8,14,14,0.0,1.0,12.0,1.0,0.0,1.0,4,4,7,0,7,0,20.617,439.0,87.0,626.0,11.183,3.0,7.76,roster,0,42.0,35.0,0.4242,30.66,2.5964,0.35,0.5155,3.0,30.03,6.08,0.0,14.55,15.65
2021-12-14 09:00:00,9,14,14,0.0,2.0,11.0,0.0,1.0,1.0,4,4,6,0,6,0,21.617,141.0,88.0,375.0,8.883,3.0,7.76,roster,0,42.0,35.0,0.4118,23.96,2.5964,0.35,0.5155,3.0,30.03,5.21,0.0,8.72,9.375
2021-12-14 10:00:00,10,15,15,0.0,5.0,10.0,0.0,0.0,1.0,6,6,4,1,5,1,22.617,135.0,111.0,148.0,9.883,4.0,11.01,roster,0,50.0,37.5,0.3571,33.36,3.0665,0.375,0.545,3.3333,32.17,4.34,13.4,3.44,3.7
2021-12-14 11:00:00,11,20,20,1.0,6.0,11.0,2.0,0.0,1.0,8,7,6,2,8,2,11.733,159.0,105.0,208.0,10.883,4.0,11.01,roster,0,66.0,50.0,0.5156,61.48,3.7481,0.5,0.6358,3.3,42.9,6.95,26.8,4.84,5.2
2021-12-14 12:00:00,12,19,19,1.0,5.0,10.0,3.0,0.0,1.0,5,5,8,1,9,1,12.733,165.0,108.0,255.0,11.883,4.0,11.01,roster,0,61.0,47.5,0.4919,47.9,2.983,0.475,0.4541,3.2105,40.75,7.81,13.4,5.93,6.375
2021-12-14 13:00:00,13,23,23,1.0,5.0,15.0,2.0,0.0,1.0,11,10,6,2,8,2,13.733,196.5,151.0,315.0,12.883,4.0,11.01,roster,0,74.0,57.5,0.5781,70.41,4.7722,0.575,0.9083,3.2174,49.33,6.95,26.8,7.32,7.875
2021-12-14 14:00:00,14,24,24,1.0,6.0,17.0,0.0,0.0,1.0,9,10,4,2,6,2,14.733,199.0,115.0,228.0,5.85,4.0,11.01,roster,0,80.0,60.0,0.5882,68.79,5.0276,0.6,0.9083,3.3333,51.48,5.21,26.8,5.3,5.7
2021-12-14 15:00:00,15,26,26,0.0,5.0,18.0,3.0,0.0,1.0,8,8,5,1,6,1,6.85,215.0,88.0,288.0,6.85,4.0,11.01,roster,0,80.0,65.0,0.5882,61.08,4.2357,0.65,0.7266,3.0769,55.77,5.21,13.4,6.7,7.2
2021-12-14 16:00:00,16,25,25,0.0,3.0,17.0,5.0,0.0,1.0,8,5,7,2,9,2,7.85,148.0,83.0,331.0,7.85,4.0,11.01,roster,0,73.0,62.5,0.5887,75.94,3.1511,0.625,0.4541,2.92,53.62,7.81,26.8,7.7,8.275
2021-12-14 17:00:00,17,25,25,1.0,3.0,19.0,2.0,0.0,1.0,7,6,8,2,10,2,8.85,201.5,137.0,391.0,8.85,4.0,11.01,roster,0,78.0,62.5,0.65,78.2,3.6503,0.625,0.545,3.12,53.62,8.68,26.8,9.09,9.775
2021-12-14 18:00:00,18,30,30,2.0,3.0,23.0,2.0,0.0,1.0,10,10,6,2,8,2,7.8,200.0,192.0,339.0,7.8,4.0,11.01,roster,0,95.0,75.0,0.7422,85.98,5.2512,0.75,0.9083,3.1667,64.35,6.95,26.8,7.88,8.475
2021-12-14 19:00:00,19,22,22,1.0,3.0,17.0,1.0,0.0,1.0,5,4,4,1,5,1,8.033,257.0,142.0,315.0,6.65,4.0,11.01,roster,0,70.0,55.0,0.5,52.26,2.906,0.55,0.3633,3.1818,47.19,4.34,13.4,7.32,7.875
2021-12-14 20:00:00,20,21,21,2.0,3.0,14.0,2.0,0.0,1.0,7,7,3,2,5,2,9.033,140.0,106.0,202.0,5.283,4.0,9.6,roster,0,68.0,52.5,0.4857,60.88,4.0611,0.525,0.7292,3.2381,45.04,4.34,26.8,4.7,5.05
2021-12-14 21:00:00,21,22,22,2.0,2.0,18.0,0.0,0.0,1.0,7,7,6,2,8,2,4.583,94.0,71.0,143.0,2.767,4.0,9.6,roster,0,72.0,55.0,0.5625,64.26,4.1864,0.55,0.7292,3.2727,47.19,6.95,26.8,3.32,3.575
2021-12-14 22:00:00,22,19,19,1.0,2.0,16.0,0.0,0.0,1.0,4,4,6,1,7,1,4.817,135.0,125.0,203.0,3.767,3.0,6.35,roster,0,61.0,47.5,0.6162,44.95,3.5474,0.475,0.6299,3.2105,40.75,6.08,13.4,4.72,5.075
2021-12-14 23:00:00,23,19,19,1.0,3.0,15.0,0.0,0.0,1.0,9,8,5,0,5,0,5.817,185.0,181.0,191.0,3.95,3.0,6.35,roster,0,62.0,47.5,0.5905,29.54,5.6611,0.475,1.2598,3.2632,40.75,4.34,0.0,4.44,4.775
2021-12-15 00:00:00,0,20,20,1.0,3.0,16.0,0.0,0.0,1.0,8,7,5,0,5,0,6.817,245.0,151.0,251.0,4.95,3.0,6.35,roster,0,65.0,50.0,0.619,33.08,5.2077,0.5,1.1024,3.25,42.9,4.34,0.0,5.84,6.275
2021-12-15 01:00:00,1,20,20,1.0,3.0,16.0,0.0,0.0,1.0,3,3,6,0,6,0,7.817,258.0,133.0,311.0,5.95,3.0,6.35,roster,0,65.0,50.0,0.6373,35.34,3.1604,0.5,0.4724,3.25,42.9,5.21,0.0,7.23,7.775
2021-12-15 02:00:00,2,20,20,0.0,2.0,17.0,1.0,0.0,1.0,4,4,8,0,8,0,8.817,232.0,156.0,371.0,6.95,3.0,6.35,roster,0,61.0,50.0,0.6354,38.47,3.4463,0.5,0.6299,3.05,42.9,6.95,0.0,8.63,9.275
2021-12-15 03:00:00,3,21,21,0.0,4.0,17.0,0.0,0.0,1.0,6,5,8,0,8,0,9.817,292.0,216.0,431.0,7.95,3.0,6.35,roster,0,67.0,52.5,0.6979,42.01,4.1872,0.525,0.7874,3.1905,45.04,6.95,0.0,10.02,10.775
2021-12-15 04:00:00,4,19,19,0.0,5.0,14.0,0.0,0.0,1.0,1,1,9,1,10,1,10.817,294.5,184.0,485.0,8.95,3.0,6.35,roster,0,62.0,47.5,0.6889,54.11,2.0639,0.475,0.1575,3.2632,40.75,8.68,13.4,11.28,12.125
2021-12-15 05:00:00,5,22,22,1.0,5.0,15.0,1.0,0.0,1.0,4,3,9,1,10,1,11.817,354.5,244.0,545.0,9.95,3.0,6.35,roster,0,72.0,55.0,0.8,61.94,3.3462,0.55,0.4724,3.2727,47.19,8.68,13.4,12.67,13.625
2021-12-15 06:00:00,6,24,24,1.0,5.0,17.0,1.0,0.0,1.0,2,2,10,1,11,1,12.817,396.0,236.0,605.0,10.95,3.0,6.35,roster,0,78.0,60.0,0.8966,68.5,2.9736,0.6,0.315,3.25,51.48,9.55,13.4,14.07,15.125
2021-12-15 07:00:00,7,20,20,1.0,5.0,14.0,0.0,0.0,1.0,0,0,11,1,12,1,13.817,437.5,296.0,665.0,11.95,3.0,6.35,roster,0,67.0,50.0,0.7976,62.18,1.675,0.5,0.0,3.35,42.9,10.42,13.4,15.46,16.625
2021-12-15 08:00:00,8,19,19,1.0,6.0,12.0,0.0,0.0,1.0,2,2,11,1,12,1,14.817,497.5,356.0,725.0,12.95,3.0,6.63,roster,0,65.0,47.5,0.7738,61.43,2.657,0.475,0.3017,3.4211,40.75,10.42,13.4,16.86,18.125
2021-12-15 09:00:00,9,17,17,2.0,7.0,8.0,0.0,0.0,1.0,4,4,7,1,8,1,15.817,411.5,255.0,539.0,11.517,3.0,6.63,roster,0,62.0,42.5,0.6458,49.34,3.7503,0.425,0.6033,3.6471,36.46,6.95,13.4,12.53,13.475
2021-12-15 10:00:00,10,22,22,1.0,8.0,12.0,1.0,0.0,1.0,7,7,8,2,10,2,16.817,366.0,117.0,544.0,12.517,4.0,9.88,roster,0,75.0,55.0,0.625,75.32,4.2903,0.55,0.7085,3.4091,47.19,8.68,26.8,12.65,13.6
2021-12-15 11:00:00,11,26,26,1.0,8.0,15.0,2.0,0.0,1.0,7,7,10,2,12,2,13.517,182.5,133.0,604.0,13.517,4.0,9.88,roster,0,86.0,65.0,0.7679,87.03,4.4935,0.65,0.7085,3.3077,55.77,10.42,26.8,14.04,15.1
2021-12-15 12:00:00,12,35,35,1.0,10.0,22.0,2.0,0.0,1.0,13,14,11,1,12,1,11.983,195.0,139.0,596.0,11.983,4.0,9.88,roster,0,115.0,87.5,1.0268,92.75,7.5309,0.875,1.417,3.2857,75.08,10.42,13.4,13.86,14.9
2021-12-15 13:00:00,13,37,37,1.0,10.0,24.0,2.0,0.0,1.0,6,6,12,2,14,2,12.983,215.0,120.0,308.0,12.983,4.0,9.88,roster,0,121.0,92.5,1.1635,105.48,5.011,0.925,0.6073,3.2703,79.36,12.16,26.8,7.16,7.7
2021-12-15 14:00:00,14,27,27,1.0,7.0,18.0,1.0,0.0,1.0,7,7,7,1,8,1,11.933,179.0,156.0,317.0,11.933,4.0,9.88,roster,0,89.0,67.5,0.6953,65.63,4.5604,0.675,0.7085,3.2963,57.92,6.95,13.4,7.37,7.925
2021-12-15 15:00:00,15,28,28,1.0,9.0,17.0,1.0,0.0,1.0,8,8,5,1,6,1,9.683,222.0,178.0,285.0,6.283,4.0,9.88,roster,0,94.0,70.0,0.6912,65.3,5.0683,0.7,0.8097,3.3571,60.06,5.21,13.4,6.63,7.125
2021-12-15 16:00:00,16,22,22,0.0,8.0,14.0,0.0,0.0,1.0,3,3,3,1,4,1,10.683,230.0,184.0,345.0,5.75,4.0,9.88,roster,0,74.0,55.0,0.5139,52.08,2.8713,0.55,0.3036,3.3636,47.19,3.47,13.4,8.02,8.625
2021-12-15 17:00:00,17,19,19,0.0,8.0,11.0,0.0,0.0,1.0,0,0,4,1,5,1,11.683,244.0,137.0,336.0,6.75,4.0,9.88,roster,0,65.0,47.5,0.4643,46.31,1.625,0.475,0.0,3.4211,40.75,4.34,13.4,7.81,8.4
2021-12-15 18:00:00,18,21,21,1.0,6.0,14.0,0.0,0.0,1.0,5,5,3,1,4,1,12.683,296.5,197.0,465.0,7.75,4.0,9.88,roster,0,71.0,52.5,0.4931,52.73,3.486,0.525,0.5061,3.381,45.04,3.47,13.4,10.81,11.625
2021-12-15 19:00:00,19,21,21,1.0,5.0,14.0,1.0,0.0,1.0,8,7,1,2,3,2,13.683,186.0,74.0,257.0,4.283,4.0,9.88,roster,0,69.0,52.5,0.4662,60.43,4.0529,0.525,0.7085,3.2857,45.04,2.6,26.8,5.98,6.425
2021-12-15 20:00:00,20,27,27,1.0,6.0,18.0,2.0,0.0,1.0,14,13,3,3,6,3,14.683,110.5,79.0,246.0,5.283,4.0,10.16,roster,0,87.0,67.5,0.6397,89.04,6.2979,0.675,1.2795,3.2222,57.92,5.21,40.2,5.72,6.15
2021-12-15 21:00:00,21,25,25,0.0,6.0,17.0,2.0,0.0,1.0,6,6,5,3,8,3,15.683,108.5,83.0,147.0,6.283,4.0,10.16,roster,0,79.0,62.5,0.6172,84.19,3.8411,0.625,0.5906,3.16,53.62,6.95,40.2,3.42,3.675
2021-12-15 22:00:00,22,24,24,0.0,5.0,19.0,0.0,0.0,1.0,7,7,4,1,5,1,16.683,143.0,132.0,151.0,3.317,3.0,6.91,roster,0,77.0,60.0,0.7333,52.73,5.1751,0.6,1.013,3.2083,51.48,4.34,13.4,3.51,3.775
2021-12-15 23:00:00,23,29,29,1.0,5.0,22.0,1.0,0.0,1.0,9,9,4,2,6,2,17.683,142.0,97.0,192.0,3.383,3.0,6.91,roster,0,93.0,72.5,0.9118,78.68,6.5019,0.725,1.3025,3.2069,62.2,5.21,26.8,4.46,4.8
2021-12-16 00:00:00,0,20,20,1.0,4.0,15.0,0.0,0.0,1.0,6,6,3,3,6,3,18.683,202.0,157.0,252.0,4.383,3.0,6.91,roster,0,66.0,50.0,0.6471,74.17,4.5154,0.5,0.8683,3.3,42.9,5.21,40.2,5.86,6.3
2021-12-16 01:00:00,1,18,18,1.0,3.0,13.0,1.0,0.0,1.0,5,5,4,2,6,2,19.683,220.5,152.0,300.0,5.2,3.0,6.91,roster,0,58.0,45.0,0.5686,57.59,3.7816,0.45,0.7236,3.2222,38.61,5.21,26.8,6.98,7.5
2021-12-16 02:00:00,2,15,15,0.0,3.0,12.0,0.0,0.0,1.0,2,2,6,0,6,0,20.683,226.5,109.0,360.0,6.2,3.0,6.91,roster,0,48.0,37.5,0.4706,25.75,2.1262,0.375,0.2894,3.2,32.17,5.21,0.0,8.37,9.0
2021-12-16 03:00:00,3,14,14,0.0,3.0,11.0,0.0,0.0,1.0,3,2,6,0,6,0,21.683,286.5,169.0,420.0,7.2,3.0,6.91,roster,0,45.0,35.0,0.4412,25.0,2.0553,0.35,0.2894,3.2143,30.03,5.21,0.0,9.76,10.5
2021-12-16 04:00:00,4,14,14,0.0,3.0,11.0,0.0,0.0,1.0,2,2,6,0,6,0,22.683,346.5,229.0,480.0,8.2,3.0,6.91,roster,0,45.0,35.0,0.4412,26.4,2.0553,0.35,0.2894,3.2143,30.03,5.21,0.0,11.16,12.0
2021-12-16 05:00:00,5,14,14,0.0,3.0,11.0,0.0,0.0,1.0,2,2,6,0,6,0,23.683,406.5,289.0,540.0,9.2,3.0,6.91,roster,0,45.0,35.0,0.4412,27.79,2.0553,0.35,0.2894,3.2143,30.03,5.21,0.0,12.56,13.5
2021-12-16 06:00:00,6,16,16,0.0,3.0,13.0,0.0,0.0,1.0,3,3,6,0,6,0,24.683,466.5,349.0,600.0,10.2,3.0,6.91,roster,0,51.0,40.0,0.5,33.48,2.6589,0.4,0.4342,3.1875,34.32,5.21,0.0,13.95,15.0
2021-12-16 07:00:00,7,13,13,0.0,3.0,10.0,0.0,0.0,1.0,1,1,8,0,8,0,25.683,442.5,395.0,660.0,11.2,3.0,6.91,roster,0,42.0,32.5,0.4375,30.18,1.5175,0.325,0.1447,3.2308,27.88,6.95,0.0,15.34,16.5
2021-12-16 08:00:00,8,16,16,0.0,3.0,13.0,0.0,0.0,1.0,5,4,9,0,9,0,26.683,469.0,139.0,637.0,12.2,3.0,6.68,roster,0,51.0,40.0,0.5484,36.95,3.1837,0.4,0.5988,3.1875,34.32,7.81,0.0,14.81,15.925
2021-12-16 09:00:00,9,11,11,0.0,1.0,8.0,2.0,0.0,1.0,6,4,3,0,3,0,27.683,515.0,146.0,792.0,13.2,3.0,6.68,roster,0,32.0,27.5,0.2883,24.61,2.542,0.275,0.5988,2.9091,23.6,2.6,0.0,18.41,19.8
2021-12-16 10:00:00,10,18,18,0.0,2.0,14.0,2.0,0.0,1.0,10,10,2,0,2,0,28.683,161.0,116.0,206.0,3.433,4.0,10.0,roster,0,54.0,45.0,0.3553,25.14,4.35,0.45,1.0,3.0,38.61,1.74,0.0,4.79,5.15
2021-12-16 11:00:00,11,25,25,0.0,4.0,20.0,1.0,0.0,1.0,12,12,3,1,4,1,29.683,143.0,110.0,266.0,4.433,4.0,10.0,roster,0,78.0,62.5,0.5417,56.68,5.694,0.625,1.2,3.12,53.62,3.47,13.4,6.18,6.65
2021-12-16 12:00:00,12,32,32,0.0,4.0,27.0,1.0,0.0,1.0,13,12,8,1,9,1,30.683,111.0,78.0,170.0,5.433,4.0,10.0,roster,0,99.0,80.0,0.7984,73.81,6.1875,0.8,1.2,3.0938,68.64,7.81,13.4,3.95,4.25
2021-12-16 13:00:00,13,33,33,0.0,4.0,28.0,1.0,0.0,1.0,7,6,14,1,15,1,31.683,117.0,83.0,160.0,4.933,4.0,10.0,roster,0,102.0,82.5,1.02,80.93,4.4045,0.825,0.6,3.0909,70.78,13.02,13.4,3.72,4.0
2021-12-16 14:00:00,14,30,30,1.0,4.0,24.0,1.0,0.0,1.0,4,4,13,1,14,1,32.683,174.5,143.0,220.0,5.933,4.0,10.0,roster,0,95.0,75.0,0.9135,75.02,3.6417,0.75,0.4,3.1667,64.35,12.16,13.4,5.12,5.5
2021-12-16 15:00:00,15,32,32,0.0,4.0,26.0,2.0,0.0,1.0,10,9,11,0,11,0,33.683,222.0,203.0,280.0,6.933,4.0,10.0,roster,0,98.0,80.0,0.8448,64.7,5.2063,0.8,0.9,3.0625,68.64,9.55,0.0,6.51,7.0
2021-12-16 16:00:00,16,29,29,1.0,3.0,23.0,2.0,0.0,1.0,7,7,11,0,11,0,7.933,278.0,134.0,340.0,7.933,4.0,10.0,roster,0,90.0,72.5,0.7759,59.66,4.4224,0.725,0.7,3.1034,62.2,9.55,0.0,7.9,8.5
2021-12-16 17:00:00,17,32,32,1.0,2.0,28.0,1.0,0.0,1.0,8,8,11,1,12,1,8.567,286.0,166.0,371.0,6.85,4.0,10.0,roster,0,99.0,80.0,0.8839,81.09,4.95,0.8,0.8,3.0938,68.64,10.42,13.4,8.63,9.275
2021-12-16 18:00:00,18,33,33,1.0,4.0,26.0,2.0,0.0,1.0,9,9,10,1,11,1,9.567,226.0,147.0,383.0,7.183,4.0,10.0,roster,0,103.0,82.5,0.8879,82.64,5.3841,0.825,0.9,3.1212,70.78,9.55,13.4,8.9,9.575
2021-12-16 19:00:00,19,32,32,0.0,6.0,24.0,2.0,0.0,1.0,6,6,9,1,10,1,10.567,129.0,104.0,286.0,8.183,4.0,10.0,roster,0,100.0,80.0,0.8333,77.37,4.375,0.8,0.6,3.125,68.64,8.68,13.4,6.65,7.15
2021-12-16 20:00:00,20,33,33,0.0,6.0,25.0,2.0,0.0,1.0,10,10,12,1,13,1,11.567,170.0,136.0,324.0,9.183,4.0,9.82,roster,0,103.0,82.5,0.9537,83.01,5.7534,0.825,1.0183,3.1212,70.78,11.29,13.4,7.53,8.1
2021-12-16 21:00:00,21,30,30,0.0,5.0,22.0,3.0,0.0,1.0,9,9,10,0,10,0,12.567,237.5,155.0,406.0,10.183,4.0,9.82,roster,0,92.0,75.0,0.7667,62.47,5.1106,0.75,0.9165,3.0667,64.35,8.68,0.0,9.44,10.15
2021-12-16 22:00:00,22,25,25,0.0,4.0,19.0,2.0,0.0,1.0,6,6,6,0,6,0,13.567,297.5,215.0,313.0,10.633,3.0,6.5,roster,0,77.0,62.5,0.7549,46.11,4.7681,0.625,0.9231,3.08,53.62,5.21,0.0,7.28,7.825
2021-12-16 23:00:00,23,20,20,0.0,2.0,17.0,1.0,0.0,1.0,7,7,7,0,7,0,11.633,350.0,144.0,373.0,11.633,3.0,6.5,roster,0,61.0,50.0,0.6162,37.65,4.8096,0.5,1.0769,3.05,42.9,6.08,0.0,8.67,9.325
2021-12-17 00:00:00,0,21,21,0.0,3.0,17.0,1.0,0.0,1.0,7,4,10,0,10,0,12.633,269.5,88.0,425.0,12.633,3.0,6.5,roster,0,65.0,52.5,0.7222,43.61,3.5298,0.525,0.6154,3.0952,45.04,8.68,0.0,9.88,10.625
2021-12-17 01:00:00,1,16,16,0.0,3.0,12.0,1.0,0.0,1.0,0,0,11,0,11,0,13.633,264.0,144.0,485.0,13.633,3.0,6.5,roster,0,50.0,40.0,0.5747,35.15,1.25,0.4,0.0,3.125,34.32,9.55,0.0,11.28,12.125
2021-12-17 02:00:00,2,19,19,0.0,4.0,12.0,3.0,0.0,1.0,6,5,11,0,11,0,14.633,324.0,204.0,545.0,14.633,3.0,6.5,roster,0,58.0,47.5,0.6667,42.98,3.7982,0.475,0.7692,3.0526,40.75,9.55,0.0,12.67,13.625
2021-12-17 03:00:00,3,20,20,0.0,4.0,14.0,2.0,0.0,1.0,4,4,13,0,13,0,15.633,321.0,249.0,590.0,15.633,3.0,6.5,roster,0,62.0,50.0,0.7654,47.91,3.4577,0.5,0.6154,3.1,42.9,11.29,0.0,13.72,14.75
2021-12-17 04:00:00,4,19,19,0.0,4.0,14.0,1.0,0.0,1.0,2,2,13,0,13,0,16.633,381.0,309.0,650.0,16.633,3.0,6.5,roster,0,60.0,47.5,0.7407,47.16,2.4717,0.475,0.3077,3.1579,40.75,11.29,0.0,15.11,16.25
2021-12-17 05:00:00,5,19,19,0.0,4.0,14.0,1.0,0.0,1.0,4,3,13,0,13,0,17.633,441.0,369.0,710.0,17.633,3.0,6.5,roster,0,60.0,47.5,0.7407,48.55,2.9575,0.475,0.4615,3.1579,40.75,11.29,0.0,16.51,17.75
2021-12-17 06:00:00,6,19,19,0.0,4.0,14.0,1.0,0.0,1.0,1,1,14,0,14,0,18.633,474.5,364.0,770.0,18.633,3.0,6.5,roster,0,60.0,47.5,0.7692,50.81,1.9858,0.475,0.1538,3.1579,40.75,12.16,0.0,17.9,19.25
2021-12-17 07:00:00,7,14,14,0.0,4.0,10.0,0.0,0.0,1.0,2,1,11,0,11,0,13.833,504.0,358.0,624.0,13.833,3.0,6.5,roster,0,46.0,35.0,0.5287,34.09,1.6555,0.35,0.1538,3.2857,30.03,9.55,0.0,14.51,15.6
2021-12-17 08:00:00,8,17,17,0.0,4.0,13.0,0.0,0.0,1.0,3,3,11,0,11,0,14.833,564.0,418.0,684.0,14.833,3.0,6.43,roster,0,55.0,42.5,0.6322,41.92,2.8845,0.425,0.4666,3.2353,36.46,9.55,0.0,15.9,17.1
2021-12-17 09:00:00,9,16,16,0.0,2.0,11.0,3.0,0.0,1.0,7,6,6,0,6,0,15.833,616.5,544.0,628.0,15.833,3.0,6.43,roster,0,47.0,40.0,0.4608,34.13,3.9161,0.4,0.9331,2.9375,34.32,5.21,0.0,14.6,15.7
2021-12-17 10:00:00,10,21,21,0.0,3.0,13.0,5.0,0.0,1.0,7,6,8,0,8,0,16.833,571.0,113.0,688.0,16.833,4.0,10.13,roster,0,61.0,52.5,0.4766,47.99,3.2455,0.525,0.5923,2.9048,45.04,6.95,0.0,16.0,17.2
2021-12-17 11:00:00,11,37,37,0.0,5.0,27.0,5.0,0.0,1.0,18,18,10,0,10,0,17.833,385.5,138.0,729.0,17.833,4.0,10.13,roster,0,111.0,92.5,0.925,85.0,8.1057,0.925,1.7769,3.0,79.36,8.68,0.0,16.95,18.225
2021-12-17 12:00:00,12,34,34,0.0,5.0,25.0,4.0,0.0,1.0,5,5,13,0,13,0,18.833,126.0,106.0,233.0,18.833,4.0,10.13,roster,0,103.0,85.0,0.9537,69.64,4.0703,0.85,0.4936,3.0294,72.93,11.29,0.0,5.42,5.825
2021-12-17 13:00:00,13,32,32,0.0,6.0,22.0,4.0,0.0,1.0,9,8,11,1,12,1,19.833,173.5,141.0,293.0,19.833,4.0,10.13,roster,0,98.0,80.0,0.875,79.27,4.8686,0.8,0.7897,3.0625,68.64,10.42,13.4,6.81,7.325
2021-12-17 14:00:00,14,23,23,0.0,2.0,18.0,3.0,0.0,1.0,4,3,10,0,10,0,20.833,228.5,196.0,249.0,20.833,4.0,10.13,roster,0,68.0,57.5,0.5667,43.81,2.5756,0.575,0.2962,2.9565,49.33,8.68,0.0,5.79,6.225
2021-12-17 15:00:00,15,25,25,0.0,2.0,20.0,3.0,0.0,1.0,7,6,10,0,10,0,21.833,257.0,142.0,309.0,21.833,4.0,10.13,roster,0,74.0,62.5,0.6167,49.49,3.6032,0.625,0.5923,2.96,53.62,8.68,0.0,7.18,7.725
2021-12-17 16:00:00,16,20,20,0.0,2.0,16.0,2.0,0.0,1.0,4,3,7,0,7,0,22.833,219.0,139.0,438.0,22.833,4.0,10.13,roster,0,60.0,50.0,0.4545,39.16,2.3885,0.5,0.2962,3.0,42.9,6.08,0.0,10.18,10.95
2021-12-17 17:00:00,17,18,18,0.0,4.0,12.0,2.0,0.0,1.0,2,2,8,0,8,0,23.833,270.5,199.0,498.0,23.833,4.0,10.13,roster,0,56.0,45.0,0.4375,37.13,2.0142,0.45,0.1974,3.1111,38.61,6.95,0.0,11.58,12.45
2021-12-17 18:00:00,18,15,15,0.0,4.0,10.0,1.0,0.0,1.0,6,6,4,0,4,0,8.283,190.0,124.0,339.0,5.65,4.0,10.13,roster,0,48.0,37.5,0.3333,23.53,3.0954,0.375,0.5923,3.2,32.17,3.47,0.0,7.88,8.475
2021-12-17 19:00:00,19,18,18,0.0,4.0,14.0,0.0,0.0,1.0,6,5,5,0,5,0,8.467,184.0,154.0,316.0,6.65,4.0,10.13,roster,0,58.0,45.0,0.4143,30.3,3.0404,0.45,0.4936,3.2222,38.61,4.34,0.0,7.35,7.9
2021-12-17 20:00:00,20,19,19,0.0,2.0,17.0,0.0,0.0,1.0,10,10,2,0,2,0,8.083,274.0,172.0,376.0,6.267,4.0,11.03,roster,0,59.0,47.5,0.3882,31.23,4.2903,0.475,0.9066,3.1053,40.75,1.74,0.0,8.74,9.4
2021-12-17 21:00:00,21,22,22,0.0,3.0,19.0,0.0,0.0,1.0,6,5,7,0,7,0,9.083,97.0,75.0,232.0,7.267,4.0,11.03,roster,0,69.0,55.0,0.5227,38.66,3.1467,0.55,0.4533,3.1364,47.19,6.08,0.0,5.39,5.8
2021-12-17 22:00:00,22,14,14,0.0,1.0,12.0,1.0,0.0,1.0,4,4,6,0,6,0,8.267,146.0,124.0,292.0,8.267,3.0,7.33,roster,0,42.0,35.0,0.4118,22.03,2.6871,0.35,0.5457,3.0,30.03,5.21,0.0,6.79,7.3
2021-12-17 23:00:00,23,15,15,1.0,2.0,12.0,0.0,0.0,1.0,6,6,4,0,4,0,9.267,273.5,195.0,556.0,9.267,3.0,7.33,roster,0,49.0,37.5,0.4537,28.58,3.8989,0.375,0.8186,3.2667,32.17,3.47,0.0,12.93,13.9
2021-12-18 00:00:00,0,17,17,1.0,4.0,12.0,0.0,0.0,1.0,6,5,3,2,5,2,10.267,222.0,102.0,412.0,10.267,3.0,7.33,roster,0,57.0,42.5,0.5429,57.19,3.7121,0.425,0.6821,3.3529,36.46,4.34,26.8,9.58,10.3
2021-12-18 01:00:00,1,14,14,1.0,3.0,10.0,0.0,0.0,1.0,4,4,3,0,3,0,11.267,472.0,282.0,676.0,11.267,3.0,7.33,roster,0,47.0,35.0,0.4234,28.35,3.007,0.35,0.5457,3.3571,30.03,2.6,0.0,15.72,16.9
2021-12-18 02:00:00,2,14,14,1.0,2.0,11.0,0.0,0.0,1.0,4,3,5,0,5,0,12.267,342.0,111.0,532.0,12.267,3.0,7.33,roster,0,46.0,35.0,0.4381,26.74,2.4948,0.35,0.4093,3.2857,30.03,4.34,0.0,12.37,13.3
2021-12-18 03:00:00,3,14,14,1.0,3.0,10.0,0.0,0.0,1.0,3,2,5,0,5,0,13.267,402.0,171.0,592.0,13.267,3.0,7.33,roster,0,47.0,35.0,0.4476,28.14,2.091,0.35,0.2729,3.3571,30.03,4.34,0.0,13.76,14.8
2021-12-18 04:00:00,4,12,12,1.0,2.0,9.0,0.0,0.0,1.0,1,1,6,0,6,0,14.267,346.5,226.0,652.0,14.267,3.0,7.33,roster,0,40.0,30.0,0.3922,26.11,1.4548,0.3,0.1364,3.3333,25.74,5.21,0.0,15.16,16.3
2021-12-18 05:00:00,5,16,16,2.0,3.0,11.0,0.0,0.0,1.0,4,4,6,0,6,0,15.267,406.5,286.0,712.0,15.267,3.0,7.33,roster,0,55.0,40.0,0.5392,36.08,3.2509,0.4,0.5457,3.4375,34.32,5.21,0.0,16.55,17.8
2021-12-18 06:00:00,6,14,14,3.0,2.0,9.0,0.0,0.0,1.0,2,2,6,1,7,1,16.267,351.0,182.0,772.0,16.267,3.0,7.33,roster,0,50.0,35.0,0.5051,47.46,2.2245,0.35,0.2729,3.5714,30.03,6.08,13.4,17.95,19.3
2021-12-18 07:00:00,7,13,13,2.0,2.0,9.0,0.0,0.0,1.0,2,2,7,0,7,0,17.267,411.0,242.0,832.0,17.267,3.0,7.33,roster,0,45.0,32.5,0.4545,33.31,2.0695,0.325,0.2729,3.4615,27.88,6.08,0.0,19.34,20.8
2021-12-18 08:00:00,8,16,16,2.0,3.0,11.0,0.0,0.0,1.0,4,4,7,0,7,0,18.267,471.0,302.0,892.0,18.267,3.0,6.13,roster,0,55.0,40.0,0.5556,41.14,3.6181,0.4,0.6525,3.4375,34.32,6.08,0.0,20.74,22.3
2021-12-18 09:00:00,9,13,13,1.0,2.0,9.0,1.0,0.0,1.0,3,2,6,0,6,0,19.267,498.0,98.0,952.0,19.267,3.0,6.13,roster,0,42.0,32.5,0.4118,35.23,2.1041,0.325,0.3263,3.2308,27.88,5.21,0.0,22.13,23.8
2021-12-18 10:00:00,10,17,17,1.0,3.0,11.0,2.0,0.0,1.0,7,7,5,0,5,0,20.267,294.0,158.0,1012.0,20.267,4.0,9.83,roster,0,54.0,42.5,0.3857,44.34,3.612,0.425,0.7121,3.1765,36.46,4.34,0.0,23.53,25.3
2021-12-18 11:00:00,11,24,24,2.0,2.0,15.0,5.0,0.0,1.0,9,9,9,0,9,0,21.267,202.0,91.0,354.0,21.267,4.0,9.83,roster,0,73.0,60.0,0.5887,47.53,4.6098,0.6,0.9156,3.0417,51.48,7.81,0.0,8.23,8.85
2021-12-18 12:00:00,12,25,25,2.0,3.0,17.0,3.0,0.0,1.0,7,6,11,1,12,1,18.867,124.5,102.0,262.0,18.867,4.0,9.83,roster,0,79.0,62.5,0.7054,63.54,3.9038,0.625,0.6104,3.16,53.62,10.42,13.4,6.09,6.55
2021-12-18 13:00:00,13,28,28,2.0,3.0,21.0,2.0,0.0,1.0,9,9,13,1,14,1,19.867,173.5,129.0,211.0,19.867,4.0,9.83,roster,0,89.0,70.0,0.8558,70.52,5.1352,0.7,0.9156,3.1786,60.06,12.16,13.4,4.91,5.275
2021-12-18 14:00:00,14,27,27,2.0,3.0,19.0,3.0,0.0,1.0,14,13,9,1,10,1,20.867,209.0,109.0,253.0,20.867,4.0,9.83,roster,0,85.0,67.5,0.7083,65.88,6.2884,0.675,1.3225,3.1481,57.92,8.68,13.4,5.88,6.325
2021-12-18 15:00:00,15,20,20,3.0,2.0,12.0,3.0,0.0,1.0,6,4,10,0,10,0,21.867,229.0,139.0,313.0,21.867,4.0,9.83,roster,0,65.0,50.0,0.5417,38.86,2.9475,0.5,0.4069,3.25,42.9,8.68,0.0,7.28,7.825
2021-12-18 16:00:00,16,20,20,3.0,2.0,14.0,1.0,0.0,1.0,6,5,9,0,9,0,16.683,209.0,142.0,358.0,10.9,4.0,9.83,roster,0,67.0,50.0,0.5403,39.04,3.379,0.5,0.5086,3.35,42.9,7.81,0.0,8.32,8.95
2021-12-18 17:00:00,17,23,23,2.0,6.0,15.0,0.0,0.0,1.0,7,7,8,1,9,1,17.683,259.0,191.0,409.0,11.9,4.0,9.83,roster,0,79.0,57.5,0.6371,60.06,4.4209,0.575,0.7121,3.4348,49.33,7.81,13.4,9.51,10.225
2021-12-18 18:00:00,18,19,19,1.0,5.0,12.0,1.0,0.0,1.0,3,3,5,2,7,2,18.683,262.0,102.0,493.0,12.9,4.0,9.83,roster,0,63.0,47.5,0.4773,65.1,2.5869,0.475,0.3052,3.3158,40.75,6.08,26.8,11.46,12.325
2021-12-18 19:00:00,19,21,21,2.0,5.0,14.0,0.0,0.0,1.0,9,8,3,2,5,2,19.683,191.0,162.0,322.0,6.317,4.0,9.83,roster,0,72.0,52.5,0.5143,63.67,4.5903,0.525,0.8138,3.4286,45.04,4.34,26.8,7.49,8.05
2021-12-18 20:00:00,20,23,23,2.0,8.0,13.0,0.0,0.0,1.0,9,7,4,4,8,4,20.683,154.0,85.0,251.0,6.367,4.0,10.88,roster,0,81.0,57.5,0.6328,95.72,4.2908,0.575,0.6434,3.5217,49.33,6.95,53.6,5.84,6.275
2021-12-18 21:00:00,21,24,24,1.0,7.0,16.0,0.0,0.0,1.0,8,7,4,4,8,4,21.683,131.0,113.0,282.0,5.183,4.0,10.88,roster,0,81.0,60.0,0.6328,98.58,4.1964,0.6,0.6434,3.375,51.48,6.95,53.6,6.56,7.05
2021-12-18 22:00:00,22,22,22,0.0,5.0,16.0,1.0,0.0,1.0,7,6,3,3,6,3,22.683,171.5,112.0,185.0,6.183,3.0,7.18,roster,0,70.0,55.0,0.6863,76.9,4.4089,0.55,0.8357,3.1818,47.19,5.21,40.2,4.3,4.625
2021-12-18 23:00:00,23,14,14,0.0,2.0,12.0,0.0,0.0,1.0,4,1,3,2,5,2,23.683,230.0,127.0,233.0,4.083,3.0,7.18,roster,0,44.0,35.0,0.419,46.59,1.5377,0.35,0.1393,3.1429,30.03,4.34,26.8,5.42,5.825
2021-12-19 00:00:00,0,23,23,2.0,2.0,19.0,0.0,0.0,1.0,10,10,4,2,6,2,24.683,238.5,159.0,293.0,5.083,3.0,7.18,roster,0,75.0,57.5,0.7353,68.16,6.4166,0.575,1.3928,3.2609,49.33,5.21,26.8,6.81,7.325
2021-12-19 01:00:00,1,28,28,2.0,1.0,24.0,1.0,0.0,1.0,8,8,4,3,7,3,25.683,247.0,160.0,353.0,6.083,3.0,7.18,roster,0,88.0,70.0,0.8889,94.55,5.7018,0.7,1.1142,3.1429,60.06,6.08,40.2,8.21,8.825
2021-12-19 02:00:00,2,21,21,1.0,1.0,19.0,0.0,0.0,1.0,2,3,4,2,6,2,26.683,344.5,220.0,413.0,7.083,3.0,7.18,roster,0,66.0,52.5,0.6471,66.66,2.9632,0.525,0.4178,3.1429,45.04,5.21,26.8,9.6,10.325
2021-12-19 03:00:00,3,18,18,0.0,1.0,17.0,0.0,0.0,1.0,5,4,4,1,5,1,27.683,470.0,339.0,473.0,8.083,3.0,7.18,roster,0,55.0,45.0,0.5238,47.35,3.0773,0.45,0.5571,3.0556,38.61,4.34,13.4,11.0,11.825
2021-12-19 04:00:00,4,16,16,1.0,1.0,14.0,0.0,0.0,1.0,2,2,5,1,6,1,28.683,464.5,340.0,533.0,9.083,3.0,7.18,roster,0,51.0,40.0,0.5,45.32,2.1629,0.4,0.2786,3.1875,34.32,5.21,13.4,12.39,13.325
2021-12-19 05:00:00,5,13,13,1.0,1.0,11.0,0.0,0.0,1.0,1,1,5,1,6,1,29.683,524.5,400.0,593.0,10.083,3.0,7.18,roster,0,42.0,32.5,0.4118,40.28,1.5,0.325,0.1393,3.2308,27.88,5.21,13.4,13.79,14.825
2021-12-19 06:00:00,6,13,13,0.0,2.0,11.0,0.0,0.0,1.0,1,1,5,1,6,1,30.683,584.5,460.0,653.0,11.083,3.0,7.18,roster,0,41.0,32.5,0.402,41.68,1.4643,0.325,0.1393,3.1538,27.88,5.21,13.4,15.18,16.325
2021-12-19 07:00:00,7,15,15,0.0,2.0,13.0,0.0,0.0,1.0,3,3,5,2,7,2,31.683,579.0,272.0,713.0,12.083,3.0,7.18,roster,0,47.0,37.5,0.4747,61.63,2.4842,0.375,0.4178,3.1333,32.17,6.08,26.8,16.58,17.825
2021-12-19 08:00:00,8,17,17,0.0,2.0,15.0,0.0,0.0,1.0,5,4,6,2,8,2,32.683,609.5,332.0,773.0,13.083,3.0,7.76,roster,0,53.0,42.5,0.5521,68.18,2.932,0.425,0.5155,3.1176,36.46,6.95,26.8,17.97,19.325
2021-12-19 09:00:00,9,21,21,0.0,7.0,14.0,0.0,0.0,1.0,9,9,5,2,7,2,14.083,699.0,231.0,833.0,14.083,3.0,7.76,roster,0,70.0,52.5,0.7071,77.29,5.616,0.525,1.1598,3.3333,45.04,6.08,26.8,19.37,20.825
2021-12-19 10:00:00,10,23,23,0.0,8.0,15.0,0.0,0.0,1.0,6,6,5,3,8,3,15.083,495.5,195.0,893.0,15.083,4.0,12.48,roster,0,77.0,57.5,0.6016,97.24,3.5345,0.575,0.4808,3.3478,49.33,6.95,40.2,20.76,22.325
2021-12-19 11:00:00,11,25,25,0.0,10.0,15.0,0.0,0.0,1.0,7,5,6,4,10,4,16.083,303.0,127.0,819.0,16.083,4.0,12.48,roster,0,85.0,62.5,0.7083,114.95,3.4872,0.625,0.4006,3.4,53.62,8.68,53.6,19.04,20.475
2021-12-19 12:00:00,12,28,28,0.0,10.0,18.0,0.0,0.0,1.0,13,11,4,3,7,3,14.867,315.0,173.0,820.0,14.65,4.0,12.48,roster,0,94.0,70.0,0.7121,105.4,5.309,0.7,0.8814,3.3571,60.06,6.08,40.2,19.07,20.5
2021-12-19 13:00:00,13,26,26,1.0,8.0,17.0,0.0,0.0,1.0,7,6,5,3,8,3,15.867,201.0,97.0,880.0,15.65,4.0,12.48,roster,0,88.0,65.0,0.6875,103.38,3.8272,0.65,0.4808,3.3846,55.77,6.95,40.2,20.46,22.0
2021-12-19 14:00:00,14,17,17,0.0,6.0,11.0,0.0,0.0,1.0,5,5,3,2,5,2,16.65,229.0,138.0,531.0,16.65,4.0,12.48,roster,0,57.0,42.5,0.4071,59.95,2.7683,0.425,0.4006,3.3529,36.46,4.34,26.8,12.35,13.275
2021-12-19 15:00:00,15,21,21,0.0,7.0,14.0,0.0,0.0,1.0,10,9,5,2,7,2,17.65,198.0,86.0,591.0,17.65,4.0,12.48,roster,0,70.0,52.5,0.5303,71.66,4.1538,0.525,0.7212,3.3333,45.04,6.08,26.8,13.74,14.775
2021-12-19 16:00:00,16,20,20,0.0,5.0,15.0,0.0,0.0,1.0,8,7,4,0,4,0,18.65,158.5,126.0,1119.0,18.65,4.0,12.48,roster,0,65.0,50.0,0.4514,52.39,3.4479,0.5,0.5609,3.25,42.9,3.47,0.0,26.02,27.975
2021-12-19 17:00:00,17,21,21,0.0,5.0,15.0,1.0,0.0,1.0,12,11,5,0,5,0,19.65,123.0,87.0,186.0,19.65,4.0,12.48,roster,0,67.0,52.5,0.4786,33.71,4.4871,0.525,0.8814,3.1905,45.04,4.34,0.0,4.32,4.65
2021-12-19 18:00:00,18,22,22,0.0,5.0,17.0,0.0,0.0,1.0,10,8,8,0,8,0,20.65,138.0,115.0,246.0,20.65,4.0,12.48,roster,0,71.0,55.0,0.5547,39.86,3.8438,0.55,0.641,3.2273,47.19,6.95,0.0,5.72,6.15
2021-12-19 19:00:00,19,23,23,0.0,7.0,14.0,2.0,0.0,1.0,10,11,8,0,8,0,21.65,180.0,122.0,306.0,21.65,4.0,12.48,roster,0,74.0,57.5,0.5781,43.4,4.6858,0.575,0.8814,3.2174,49.33,6.95,0.0,7.11,7.65
2021-12-19 20:00:00,20,16,16,0.0,6.0,9.0,1.0,0.0,1.0,4,3,6,0,6,0,22.65,178.0,83.0,249.0,22.65,4.0,11.37,roster,0,53.0,40.0,0.3897,25.32,2.199,0.4,0.2639,3.3125,34.32,5.21,0.0,5.79,6.225
2021-12-19 21:00:00,21,23,23,0.0,7.0,13.0,3.0,0.0,1.0,15,12,5,0,5,0,23.65,234.0,126.0,242.0,23.65,4.0,11.37,roster,0,73.0,57.5,0.5214,39.3,5.1748,0.575,1.0554,3.1739,49.33,4.34,0.0,5.63,6.05
2021-12-19 22:00:00,22,20,20,0.0,4.0,15.0,1.0,0.0,1.0,8,8,5,0,5,0,5.817,90.0,80.0,163.0,4.9,3.0,6.65,roster,0,63.0,50.0,0.6,31.03,5.3645,0.5,1.203,3.15,42.9,4.34,0.0,3.79,4.075
2021-12-19 23:00:00,23,18,18,0.0,2.0,15.0,1.0,0.0,1.0,9,7,4,0,4,0,6.817,145.0,140.0,223.0,3.717,3.0,6.65,roster,0,55.0,45.0,0.5093,27.27,4.5914,0.45,1.0526,3.0556,38.61,3.47,0.0,5.18,5.575
2021-12-20 00:00:00,0,19,19,0.0,2.0,16.0,1.0,0.0,1.0,7,7,3,0,3,0,7.817,164.0,81.0,210.0,3.5,3.0,6.65,roster,0,58.0,47.5,0.5225,28.24,4.6633,0.475,1.0526,3.0526,40.75,2.6,0.0,4.88,5.25
2021-12-20 01:00:00,1,15,15,0.0,4.0,10.0,1.0,0.0,1.0,3,3,2,1,3,1,8.817,141.0,66.0,224.0,3.733,3.0,6.65,roster,0,48.0,37.5,0.4324,33.39,2.6436,0.375,0.4511,3.2,32.17,2.6,13.4,5.21,5.6
2021-12-20 02:00:00,2,13,13,0.0,4.0,8.0,1.0,0.0,1.0,3,3,4,1,5,1,9.817,126.0,107.0,201.0,4.733,3.0,6.65,roster,0,42.0,32.5,0.4,30.3,2.5075,0.325,0.4511,3.2308,27.88,4.34,13.4,4.67,5.025
2021-12-20 03:00:00,3,14,14,0.0,3.0,11.0,0.0,0.0,1.0,3,3,5,0,5,0,10.817,167.0,133.0,261.0,5.733,3.0,6.65,roster,0,45.0,35.0,0.4286,20.44,2.5751,0.35,0.4511,3.2143,30.03,4.34,0.0,6.07,6.525
2021-12-20 04:00:00,4,16,16,0.0,4.0,12.0,0.0,0.0,1.0,4,4,5,0,5,0,11.817,227.0,193.0,321.0,6.733,3.0,6.65,roster,0,52.0,40.0,0.4952,26.12,3.2549,0.4,0.6015,3.25,34.32,4.34,0.0,7.46,8.025
2021-12-20 05:00:00,5,17,17,0.0,3.0,14.0,0.0,0.0,1.0,2,2,6,0,6,0,12.817,270.0,221.0,381.0,7.733,3.0,6.65,roster,0,54.0,42.5,0.5294,30.53,2.3053,0.425,0.3008,3.1765,36.46,5.21,0.0,8.86,9.525
2021-12-20 06:00:00,6,18,18,0.0,5.0,13.0,0.0,0.0,1.0,3,3,6,0,6,0,13.817,330.0,281.0,441.0,8.733,3.0,6.65,roster,0,59.0,45.0,0.5784,34.07,2.9537,0.45,0.4511,3.2778,38.61,5.21,0.0,10.25,11.025
2021-12-20 07:00:00,7,21,21,0.0,5.0,16.0,0.0,0.0,1.0,6,6,7,0,7,0,11.233,373.0,199.0,501.0,9.733,3.0,6.65,roster,0,68.0,52.5,0.6869,42.77,4.6216,0.525,0.9023,3.2381,45.04,6.08,0.0,11.65,12.525
2021-12-20 08:00:00,8,21,21,0.0,7.0,14.0,0.0,0.0,1.0,8,8,8,0,8,0,10.733,417.0,259.0,561.0,10.733,3.0,6.38,roster,0,70.0,52.5,0.7292,45.03,5.9297,0.525,1.2539,3.3333,45.04,6.95,0.0,13.04,14.025
2021-12-20 09:00:00,9,18,18,0.0,5.0,13.0,0.0,0.0,1.0,2,2,8,0,8,0,11.733,261.5,133.0,493.0,11.733,3.0,6.38,roster,0,59.0,45.0,0.6146,37.02,2.5025,0.45,0.3135,3.2778,38.61,6.95,0.0,11.46,12.325
2021-12-20 10:00:00,10,31,31,1.0,9.0,21.0,0.0,0.0,1.0,13,13,9,0,9,0,12.733,264.0,132.0,521.0,12.733,4.0,9.63,roster,0,104.0,77.5,0.8387,66.42,7.1289,0.775,1.3499,3.3548,66.5,7.81,0.0,12.11,13.025
2021-12-20 11:00:00,11,34,34,1.0,9.0,24.0,0.0,0.0,1.0,10,10,11,1,12,1,13.733,188.5,110.0,581.0,13.733,4.0,9.63,roster,0,113.0,85.0,1.0089,90.26,6.2762,0.85,1.0384,3.3235,72.93,10.42,13.4,13.51,14.525
2021-12-20 12:00:00,12,32,32,1.0,8.0,23.0,0.0,0.0,1.0,5,6,13,1,14,1,14.733,213.5,139.0,499.0,14.733,4.0,9.63,roster,0,106.0,80.0,1.0192,85.8,4.7139,0.8,0.6231,3.3125,68.64,12.16,13.4,11.6,12.475
2021-12-20 13:00:00,13,33,33,0.0,8.0,25.0,0.0,0.0,1.0,9,8,14,0,14,0,15.733,233.0,155.0,444.0,15.733,4.0,9.63,roster,0,107.0,82.5,1.0288,73.26,5.3686,0.825,0.8307,3.2424,70.78,12.16,0.0,10.32,11.1
2021-12-20 14:00:00,14,29,29,1.0,7.0,21.0,0.0,0.0,1.0,4,5,13,0,13,0,16.733,284.0,215.0,372.0,16.733,4.0,9.63,roster,0,96.0,72.5,0.8889,62.14,4.1188,0.725,0.5192,3.3103,62.2,11.29,0.0,8.65,9.3
2021-12-20 15:00:00,15,25,25,1.0,5.0,19.0,0.0,0.0,1.0,7,8,9,1,10,1,17.733,289.0,222.0,425.0,17.733,4.0,9.63,roster,0,82.0,62.5,0.6833,65.59,4.7748,0.625,0.8307,3.28,53.62,8.68,13.4,9.88,10.625
2021-12-20 16:00:00,16,26,26,2.0,7.0,17.0,0.0,0.0,1.0,7,7,5,1,6,1,18.733,315.5,282.0,485.0,18.733,4.0,9.63,roster,0,89.0,65.0,0.6544,65.66,4.7132,0.65,0.7269,3.4231,55.77,5.21,13.4,11.28,12.125
2021-12-20 17:00:00,17,30,30,2.0,9.0,19.0,0.0,0.0,1.0,8,7,8,1,9,1,19.733,342.0,100.0,395.0,19.733,4.0,9.63,roster,0,103.0,75.0,0.8306,74.75,5.0707,0.75,0.7269,3.4333,64.35,7.81,13.4,9.18,9.875
2021-12-20 18:00:00,18,35,35,1.0,11.0,23.0,0.0,0.0,1.0,10,10,5,2,7,2,20.733,240.0,128.0,416.0,20.733,4.0,9.63,roster,0,118.0,87.5,0.8939,97.63,6.451,0.875,1.0384,3.3714,75.08,6.08,26.8,9.67,10.4
2021-12-20 19:00:00,19,28,28,1.0,11.0,16.0,0.0,0.0,1.0,7,5,4,2,6,2,15.883,257.5,166.0,462.0,7.933,4.0,9.63,roster,0,97.0,70.0,0.7132,82.81,4.2237,0.7,0.5192,3.4643,60.06,5.21,26.8,10.74,11.55
2021-12-20 20:00:00,20,26,26,0.0,9.0,17.0,0.0,0.0,1.0,9,10,1,0,1,0,9.0,60.0,60.0,60.0,1.0,4.0,11.31,roster,0,87.0,65.0,0.5577,38.03,5.1336,0.65,0.8842,3.3462,55.77,0.87,0.0,1.4,1.5
2021-12-20 21:00:00,21,36,36,2.0,11.0,23.0,0.0,0.0,1.0,13,12,3,1,4,1,10.0,101.0,99.0,120.0,2.0,4.0,11.31,roster,0,123.0,90.0,0.8542,76.88,6.7001,0.9,1.061,3.4167,77.22,3.47,13.4,2.79,3.0
2021-12-20 22:00:00,22,29,29,1.0,5.0,23.0,0.0,0.0,1.0,9,8,4,3,7,3,7.467,113.0,75.0,159.0,2.717,3.0,8.06,roster,0,94.0,72.5,0.9495,92.18,5.5672,0.725,0.9926,3.2414,62.2,6.08,40.2,3.7,3.975
2021-12-20 23:00:00,23,27,27,1.0,4.0,22.0,0.0,0.0,1.0,7,6,5,3,8,3,8.467,155.5,135.0,219.0,3.717,3.0,8.06,roster,0,87.0,67.5,0.9062,90.15,4.5737,0.675,0.7444,3.2222,57.92,6.95,40.2,5.09,5.475
2021-12-21 00:00:00,0,25,25,0.0,4.0,21.0,0.0,0.0,1.0,7,7,5,2,7,2,9.467,185.0,116.0,273.0,4.717,3.0,8.06,roster,0,79.0,62.5,0.798,72.85,4.7194,0.625,0.8685,3.16,53.62,6.08,26.8,6.35,6.825
2021-12-21 01:00:00,1,26,26,0.0,4.0,22.0,0.0,0.0,1.0,4,4,6,2,8,2,10.467,229.5,176.0,333.0,5.717,3.0,8.06,roster,0,82.0,65.0,0.8542,77.26,3.6152,0.65,0.4963,3.1538,55.77,6.95,26.8,7.74,8.325
2021-12-21 02:00:00,2,21,21,0.0,2.0,18.0,1.0,0.0,1.0,3,2,7,1,8,1,11.467,289.5,224.0,393.0,6.717,3.0,8.06,roster,0,64.0,52.5,0.6667,54.53,2.3562,0.525,0.2481,3.0476,45.04,6.95,13.4,9.14,9.825
2021-12-21 03:00:00,3,18,18,0.0,2.0,16.0,0.0,0.0,1.0,3,2,7,0,7,0,12.467,334.0,203.0,453.0,7.717,3.0,8.06,roster,0,56.0,45.0,0.5657,35.22,2.172,0.45,0.2481,3.1111,38.61,6.08,0.0,10.53,11.325
2021-12-21 04:00:00,4,19,19,0.0,2.0,17.0,0.0,0.0,1.0,3,1,8,0,8,0,13.467,369.0,263.0,513.0,8.717,3.0,8.06,roster,0,59.0,47.5,0.6146,39.63,1.8603,0.475,0.1241,3.1053,40.75,6.95,0.0,11.93,12.825
2021-12-21 05:00:00,5,20,20,0.0,2.0,17.0,1.0,0.0,1.0,2,2,8,0,8,0,14.467,429.0,323.0,573.0,9.717,3.0,8.06,roster,0,61.0,50.0,0.6354,43.17,2.2818,0.5,0.2481,3.05,42.9,6.95,0.0,13.32,14.325
2021-12-21 06:00:00,6,20,20,0.0,3.0,16.0,1.0,0.0,1.0,3,3,8,0,8,0,15.467,489.0,383.0,633.0,10.717,3.0,8.06,roster,0,62.0,50.0,0.6458,44.56,2.7038,0.5,0.3722,3.1,42.9,6.95,0.0,14.72,15.825
2021-12-21 07:00:00,7,17,17,0.0,3.0,13.0,1.0,0.0,1.0,1,1,8,0,8,0,16.467,549.0,443.0,693.0,11.717,3.0,8.06,roster,0,53.0,42.5,0.5521,39.52,1.7118,0.425,0.1241,3.1176,36.46,6.95,0.0,16.11,17.325
2021-12-21 08:00:00,8,18,18,0.0,3.0,13.0,2.0,0.0,1.0,3,3,8,0,8,0,17.467,609.0,503.0,753.0,12.717,3.0,8.39,roster,0,55.0,45.0,0.5729,43.06,2.4676,0.45,0.3576,3.0556,38.61,6.95,0.0,17.51,18.825
2021-12-21 09:00:00,9,19,19,0.0,3.0,15.0,1.0,0.0,1.0,6,5,7,0,7,0,13.883,644.0,538.0,738.0,13.717,3.0,8.39,roster,0,59.0,47.5,0.596,43.99,3.3256,0.475,0.5959,3.1053,40.75,6.08,0.0,17.16,18.45
2021-12-21 10:00:00,10,20,20,0.0,4.0,14.0,2.0,0.0,1.0,8,7,4,0,4,0,14.883,676.0,598.0,883.0,14.717,4.0,11.73,roster,0,62.0,50.0,0.4306,46.9,3.4,0.5,0.5968,3.1,42.9,3.47,0.0,20.53,22.075
2021-12-21 11:00:00,11,17,17,0.0,4.0,11.0,2.0,0.0,1.0,5,4,5,1,6,1,15.717,126.0,104.0,658.0,15.717,4.0,11.73,roster,0,53.0,42.5,0.3897,50.37,2.3881,0.425,0.341,3.1176,36.46,5.21,13.4,15.3,16.45
2021-12-21 12:00:00,12,20,20,0.0,6.0,11.0,3.0,0.0,1.0,6,6,5,1,6,1,16.717,186.0,164.0,718.0,16.717,4.0,11.73,roster,0,63.0,50.0,0.4632,58.2,3.1863,0.5,0.5115,3.15,42.9,5.21,13.4,16.69,17.95
2021-12-21 13:00:00,13,15,15,0.0,5.0,9.0,1.0,0.0,1.0,4,4,5,0,5,0,17.717,101.0,98.0,210.0,17.717,4.0,11.73,roster,0,49.0,37.5,0.35,21.4,2.339,0.375,0.341,3.2667,32.17,4.34,0.0,4.88,5.25
2021-12-21 14:00:00,14,18,18,0.0,5.0,12.0,1.0,0.0,1.0,6,6,4,0,4,0,18.717,215.5,161.0,1123.0,18.717,4.0,11.73,roster,0,58.0,45.0,0.4028,48.19,3.0982,0.45,0.5115,3.2222,38.61,3.47,0.0,26.11,28.075
2021-12-21 15:00:00,15,26,26,1.0,6.0,18.0,1.0,0.0,1.0,9,9,5,0,5,0,19.717,221.0,184.0,330.0,19.717,4.0,11.73,roster,0,85.0,65.0,0.6071,47.78,4.6334,0.65,0.7673,3.2692,55.77,4.34,0.0,7.67,8.25
2021-12-21 16:00:00,16,24,24,1.0,3.0,20.0,0.0,0.0,1.0,7,8,7,2,9,2,20.717,113.0,87.0,281.0,20.717,4.0,11.73,roster,0,77.0,60.0,0.621,72.63,4.1131,0.6,0.682,3.2083,51.48,7.81,26.8,6.53,7.025
2021-12-21 17:00:00,17,22,22,1.0,3.0,18.0,0.0,0.0,1.0,4,4,8,2,10,2,21.717,152.0,120.0,205.0,21.717,4.0,11.73,roster,0,71.0,55.0,0.5917,67.44,2.8755,0.55,0.341,3.2273,47.19,8.68,26.8,4.77,5.125
2021-12-21 18:00:00,18,26,26,3.0,2.0,21.0,0.0,0.0,1.0,7,7,9,1,10,1,22.717,183.5,122.0,265.0,22.717,4.0,11.73,roster,0,86.0,65.0,0.7167,64.01,4.1239,0.65,0.5968,3.3077,55.77,8.68,13.4,6.16,6.625
2021-12-21 19:00:00,19,23,23,2.0,4.0,16.0,1.0,0.0,1.0,7,7,6,1,7,1,23.717,122.0,106.0,247.0,23.717,4.0,11.73,roster,0,76.0,57.5,0.5758,54.56,3.8719,0.575,0.5968,3.3043,49.33,6.08,13.4,5.74,6.175
2021-12-21 20:00:00,20,21,21,1.0,4.0,16.0,0.0,0.0,1.0,9,7,3,2,5,2,7.633,166.0,157.0,182.0,4.783,4.0,9.97,roster,0,69.0,52.5,0.4929,60.42,4.0319,0.525,0.7021,3.2857,45.04,4.34,26.8,4.23,4.55
2021-12-21 21:00:00,21,16,16,0.0,3.0,13.0,0.0,0.0,1.0,2,2,3,1,4,1,8.167,121.5,72.0,217.0,3.617,4.0,9.97,roster,0,51.0,40.0,0.3542,36.24,1.9144,0.4,0.2006,3.1875,34.32,3.47,13.4,5.05,5.425
2021-12-21 22:00:00,22,20,20,0.0,3.0,17.0,0.0,0.0,1.0,11,11,2,0,2,0,9.167,129.5,127.0,132.0,2.2,3.0,6.63,roster,0,63.0,50.0,0.5526,27.71,6.8012,0.5,1.6591,3.15,42.9,1.74,0.0,3.07,3.3
2021-12-21 23:00:00,23,16,16,0.0,2.0,14.0,0.0,0.0,1.0,2,2,6,0,6,0,5.667,102.0,90.0,187.0,3.2,3.0,6.63,roster,0,50.0,40.0,0.4902,23.88,2.1927,0.4,0.3017,3.125,34.32,5.21,0.0,4.35,4.675
2021-12-22 00:00:00,0,14,14,0.0,2.0,12.0,0.0,0.0,1.0,1,1,5,0,5,0,6.667,164.0,160.0,247.0,4.2,3.0,6.63,roster,0,44.0,35.0,0.419,20.11,1.574,0.35,0.1508,3.1429,30.03,4.34,0.0,5.74,6.175
2021-12-22 01:00:00,1,16,16,0.0,2.0,14.0,0.0,0.0,1.0,5,5,5,0,5,0,7.667,224.0,220.0,307.0,5.2,3.0,6.63,roster,0,50.0,40.0,0.4762,25.8,3.6067,0.4,0.7541,3.125,34.32,4.34,0.0,7.14,7.675
2021-12-22 02:00:00,2,12,12,0.0,2.0,10.0,0.0,0.0,1.0,2,2,7,0,7,0,6.2,280.0,87.0,367.0,6.2,3.0,6.63,roster,0,38.0,30.0,0.3838,20.35,1.9053,0.3,0.3017,3.1667,25.74,6.08,0.0,8.53,9.175
2021-12-22 03:00:00,3,11,11,0.0,2.0,9.0,0.0,0.0,1.0,1,1,7,0,7,0,7.2,340.0,147.0,427.0,7.2,3.0,6.63,roster,0,35.0,27.5,0.3535,19.6,1.3549,0.275,0.1508,3.1818,23.6,6.08,0.0,9.93,10.675
2021-12-22 04:00:00,4,12,12,0.0,3.0,9.0,0.0,0.0,1.0,3,3,7,0,7,0,8.2,400.0,207.0,487.0,8.2,3.0,6.63,roster,0,39.0,30.0,0.3939,23.14,2.4456,0.3,0.4525,3.25,25.74,6.08,0.0,11.32,12.175
2021-12-22 05:00:00,5,13,13,0.0,2.0,11.0,0.0,0.0,1.0,2,2,7,0,7,0,9.2,460.0,267.0,547.0,9.2,3.0,6.63,roster,0,41.0,32.5,0.4141,26.68,1.9764,0.325,0.3017,3.1538,27.88,6.08,0.0,12.72,13.675
2021-12-22 06:00:00,6,13,13,0.0,2.0,11.0,0.0,0.0,1.0,1,1,7,0,7,0,10.2,520.0,327.0,607.0,10.2,3.0,6.63,roster,0,41.0,32.5,0.4141,28.08,1.5007,0.325,0.1508,3.1538,27.88,6.08,0.0,14.11,15.175
2021-12-22 07:00:00,7,11,11,0.0,2.0,9.0,0.0,0.0,1.0,2,2,7,0,7,0,11.2,580.0,387.0,667.0,11.2,3.0,6.63,roster,0,35.0,27.5,0.3535,25.18,1.8348,0.275,0.3017,3.1818,23.6,6.08,0.0,15.51,16.675
2021-12-22 08:00:00,8,13,13,0.0,2.0,11.0,0.0,0.0,1.0,2,2,7,0,7,0,12.2,640.0,447.0,727.0,12.2,3.0,8.29,roster,0,41.0,32.5,0.4141,30.87,1.7859,0.325,0.2413,3.1538,27.88,6.08,0.0,16.9,18.175
2021-12-22 09:00:00,9,17,17,0.0,2.0,14.0,1.0,0.0,1.0,9,7,6,0,6,0,13.117,603.5,497.0,704.0,13.117,3.0,8.29,roster,0,52.0,42.5,0.5098,38.04,3.8828,0.425,0.8444,3.0588,36.46,5.21,0.0,16.37,17.6
2021-12-22 10:00:00,10,18,18,0.0,2.0,15.0,1.0,0.0,1.0,4,4,8,1,9,1,14.117,154.0,113.0,567.0,14.117,4.0,11.54,roster,0,55.0,45.0,0.4435,53.01,2.4341,0.45,0.3466,3.0556,38.61,7.81,13.4,13.18,14.175
2021-12-22 11:00:00,11,21,21,0.0,4.0,15.0,2.0,0.0,1.0,8,7,8,1,9,1,13.733,178.0,121.0,617.0,13.733,4.0,11.54,roster,0,65.0,52.5,0.5242,60.61,3.5025,0.525,0.6066,3.0952,45.04,7.81,13.4,14.35,15.425
2021-12-22 12:00:00,12,24,24,1.0,4.0,18.0,1.0,0.0,1.0,8,7,9,1,10,1,14.733,184.0,121.0,274.0,14.733,4.0,11.54,roster,0,77.0,60.0,0.6417,59.93,3.8711,0.6,0.6066,3.2083,51.48,8.68,13.4,6.37,6.85
2021-12-22 13:00:00,13,23,23,1.0,3.0,17.0,2.0,0.0,1.0,6,4,8,2,10,2,15.733,191.0,98.0,298.0,15.733,4.0,11.54,roster,0,72.0,57.5,0.6,71.75,2.8851,0.575,0.3466,3.1304,49.33,8.68,26.8,6.93,7.45
2021-12-22 14:00:00,14,21,21,1.0,3.0,17.0,0.0,0.0,1.0,5,5,5,2,7,2,6.567,241.0,151.0,358.0,6.567,4.0,11.54,roster,0,68.0,52.5,0.5152,66.25,3.103,0.525,0.4333,3.2381,45.04,6.08,26.8,8.32,8.95
2021-12-22 15:00:00,15,20,20,0.0,3.0,17.0,0.0,0.0,1.0,5,5,7,0,7,0,7.567,115.0,79.0,418.0,7.567,4.0,11.54,roster,0,63.0,50.0,0.4773,38.7,2.9398,0.5,0.4333,3.15,42.9,6.08,0.0,9.72,10.45
2021-12-22 16:00:00,16,21,21,0.0,3.0,18.0,0.0,0.0,1.0,7,7,6,1,7,1,8.567,139.0,118.0,381.0,8.567,4.0,11.54,roster,0,66.0,52.5,0.5,53.38,3.5564,0.525,0.6066,3.1429,45.04,6.08,13.4,8.86,9.525
2021-12-22 17:00:00,17,24,24,0.0,3.0,21.0,0.0,0.0,1.0,8,7,7,1,8,1,9.567,190.5,178.0,441.0,9.567,4.0,11.54,roster,0,75.0,60.0,0.5859,62.08,3.7706,0.6,0.6066,3.125,51.48,6.95,13.4,10.25,11.025
2021-12-22 18:00:00,18,26,26,1.0,3.0,22.0,0.0,0.0,1.0,9,7,10,1,11,1,10.567,206.0,95.0,259.0,10.567,4.0,11.54,roster,0,83.0,65.0,0.7155,64.74,4.0114,0.65,0.6066,3.1923,55.77,9.55,13.4,6.02,6.475
2021-12-22 19:00:00,19,29,29,3.0,1.0,25.0,0.0,0.0,1.0,8,8,7,2,9,2,8.467,155.0,133.0,218.0,4.967,4.0,11.54,roster,0,94.0,72.5,0.7581,81.89,4.5971,0.725,0.6932,3.2414,62.2,7.81,26.8,5.07,5.45
2021-12-22 20:00:00,20,22,22,2.0,1.0,19.0,0.0,0.0,1.0,4,4,7,3,10,3,9.467,133.5,98.0,193.0,5.967,4.0,9.65,roster,0,71.0,55.0,0.5917,80.56,3.1127,0.55,0.4145,3.2273,47.19,8.68,40.2,4.49,4.825
2021-12-22 21:00:00,21,27,27,2.0,5.0,20.0,0.0,0.0,1.0,10,10,7,2,9,2,10.467,158.0,121.0,174.0,4.583,4.0,9.65,roster,0,90.0,67.5,0.7258,76.58,5.7042,0.675,1.0363,3.3333,57.92,7.81,26.8,4.05,4.35
2021-12-22 22:00:00,22,25,25,0.0,7.0,18.0,0.0,0.0,1.0,4,4,9,1,10,1,11.467,122.5,112.0,188.0,3.9,3.0,6.4,roster,0,82.0,62.5,0.9111,60.08,4.1,0.625,0.625,3.28,53.62,8.68,13.4,4.37,4.7
2021-12-22 23:00:00,23,30,30,0.0,8.0,22.0,0.0,0.0,1.0,10,10,7,1,8,1,8.783,173.5,167.0,248.0,4.9,3.0,6.4,roster,0,98.0,75.0,1.0208,70.46,7.5542,0.75,1.5625,3.2667,64.35,6.95,13.4,5.77,6.2
2021-12-23 00:00:00,0,31,31,0.0,7.0,23.0,1.0,0.0,1.0,8,8,8,1,9,1,9.783,232.0,222.0,244.0,5.9,3.0,6.4,roster,0,99.0,77.5,1.0645,73.38,6.4669,0.775,1.25,3.1935,66.5,7.81,13.4,5.67,6.1
2021-12-23 01:00:00,1,34,34,0.0,6.0,26.0,2.0,0.0,1.0,9,8,8,1,9,1,10.783,292.0,282.0,304.0,6.9,3.0,6.4,roster,0,106.0,85.0,1.1398,81.21,6.5471,0.85,1.25,3.1176,72.93,7.81,13.4,7.07,7.6
2021-12-23 02:00:00,2,27,27,0.0,4.0,22.0,1.0,0.0,1.0,3,3,8,0,8,0,11.783,349.5,342.0,428.0,7.9,3.0,6.4,roster,0,84.0,67.5,0.875,54.81,3.5583,0.675,0.4688,3.1111,57.92,6.95,0.0,9.95,10.7
2021-12-23 03:00:00,3,25,25,0.0,3.0,20.0,2.0,0.0,1.0,1,1,8,0,8,0,12.783,409.5,402.0,488.0,8.9,3.0,6.4,roster,0,76.0,62.5,0.7917,51.92,2.375,0.625,0.1562,3.04,53.62,6.95,0.0,11.35,12.2
2021-12-23 04:00:00,4,24,24,1.0,2.0,19.0,2.0,0.0,1.0,1,1,9,0,9,0,13.783,467.0,396.0,484.0,9.9,3.0,6.4,roster,0,74.0,60.0,0.7957,50.55,2.3318,0.6,0.1562,3.0833,51.48,7.81,0.0,11.25,12.1
2021-12-23 05:00:00,5,23,23,1.0,2.0,18.0,2.0,0.0,1.0,1,1,9,0,9,0,14.783,527.0,456.0,544.0,10.9,3.0,6.4,roster,0,71.0,57.5,0.7634,49.8,2.2573,0.575,0.1562,3.087,49.33,7.81,0.0,12.65,13.6
2021-12-23 06:00:00,6,20,20,0.0,2.0,16.0,2.0,0.0,1.0,1,1,10,0,10,0,15.783,584.5,455.0,604.0,11.9,3.0,6.4,roster,0,60.0,50.0,0.6667,45.63,1.9688,0.5,0.1562,3.0,42.9,8.68,0.0,14.04,15.1
2021-12-23 07:00:00,7,19,19,0.0,3.0,15.0,1.0,0.0,1.0,1,1,10,0,10,0,16.783,644.5,515.0,664.0,12.9,3.0,6.4,roster,0,59.0,47.5,0.6556,44.88,1.9602,0.475,0.1562,3.1053,40.75,8.68,0.0,15.44,16.6
2021-12-23 08:00:00,8,17,17,0.0,3.0,13.0,1.0,0.0,1.0,1,0,10,1,11,1,17.783,702.0,304.0,724.0,13.9,3.0,7.13,roster,0,53.0,42.5,0.6092,56.25,1.325,0.425,0.0,3.1176,36.46,9.55,13.4,16.83,18.1
2021-12-23 09:00:00,9,18,18,0.0,3.0,15.0,0.0,0.0,1.0,7,7,5,1,6,1,18.783,729.0,246.0,784.0,14.133,3.0,7.13,roster,0,57.0,45.0,0.5588,55.45,4.5339,0.45,0.9818,3.1667,38.61,5.21,13.4,18.23,19.6
2021-12-23 10:00:00,10,26,26,1.0,3.0,21.0,1.0,0.0,1.0,10,10,6,0,6,0,19.783,789.0,306.0,844.0,15.133,4.0,11.1,roster,0,82.0,65.0,0.6029,60.6,4.8913,0.65,0.9009,3.1538,55.77,5.21,0.0,19.62,21.1
2021-12-23 11:00:00,11,28,28,2.0,2.0,23.0,1.0,0.0,1.0,7,7,9,0,9,0,20.783,366.0,105.0,882.0,16.133,4.0,11.1,roster,0,89.0,70.0,0.7177,68.38,4.2295,0.7,0.6306,3.1786,60.06,7.81,0.0,20.51,22.05
2021-12-23 12:00:00,12,24,24,2.0,3.0,18.0,1.0,0.0,1.0,8,8,5,1,6,1,21.783,553.5,150.0,964.0,17.133,4.0,11.1,roster,0,78.0,60.0,0.5735,72.5,4.2923,0.6,0.7207,3.25,51.48,5.21,13.4,22.41,24.1
2021-12-23 13:00:00,13,29,29,3.0,5.0,18.0,3.0,0.0,1.0,9,9,8,1,9,1,22.783,161.0,88.0,225.0,18.133,4.0,11.1,roster,0,95.0,72.5,0.7661,68.65,5.0311,0.725,0.8108,3.2759,62.2,7.81,13.4,5.23,5.625
2021-12-23 14:00:00,14,27,27,2.0,6.0,17.0,2.0,0.0,1.0,10,9,9,2,11,2,19.133,148.0,105.0,270.0,19.133,4.0,11.1,roster,0,89.0,67.5,0.7672,80.54,4.8977,0.675,0.8108,3.2963,57.92,9.55,26.8,6.28,6.75
2021-12-23 15:00:00,15,25,25,1.0,5.0,15.0,4.0,0.0,1.0,10,10,6,1,7,1,20.133,187.0,149.0,220.0,20.133,4.0,11.1,roster,0,78.0,62.5,0.5909,58.22,4.7608,0.625,0.9009,3.12,53.62,6.08,13.4,5.12,5.5
2021-12-23 16:00:00,16,29,29,1.0,5.0,19.0,4.0,0.0,1.0,8,7,8,0,8,0,21.133,236.0,111.0,280.0,21.133,4.0,11.1,roster,0,90.0,72.5,0.7031,55.66,4.2071,0.725,0.6306,3.1034,62.2,6.95,0.0,6.51,7.0
2021-12-23 17:00:00,17,26,26,1.0,6.0,17.0,2.0,0.0,1.0,5,5,10,0,10,0,5.667,137.0,106.0,307.0,5.667,4.0,11.1,roster,0,84.0,65.0,0.7,51.59,3.5553,0.65,0.4505,3.2308,55.77,8.68,0.0,7.14,7.675
2021-12-23 18:00:00,18,27,27,1.0,6.0,18.0,2.0,0.0,1.0,9,8,11,0,11,0,6.667,193.0,155.0,367.0,6.667,4.0,11.1,roster,0,87.0,67.5,0.75,56.0,4.4973,0.675,0.7207,3.2222,57.92,9.55,0.0,8.53,9.175
2021-12-23 19:00:00,19,20,20,1.0,7.0,10.0,2.0,0.0,1.0,3,2,9,0,9,0,7.467,226.0,179.0,253.0,7.467,4.0,11.1,roster,0,67.0,50.0,0.5403,36.6,2.2786,0.5,0.1802,3.35,42.9,7.81,0.0,5.88,6.325
2021-12-23 20:00:00,20,18,18,1.0,6.0,9.0,2.0,0.0,1.0,7,7,5,0,5,0,8.3,290.0,193.0,313.0,8.117,4.0,10.1,roster,0,60.0,45.0,0.4286,30.23,3.8102,0.45,0.6931,3.3333,38.61,4.34,0.0,7.28,7.825
2021-12-23 21:00:00,21,16,16,1.0,4.0,10.0,1.0,0.0,1.0,5,5,3,1,4,1,6.55,168.5,98.0,373.0,6.217,4.0,10.1,roster,0,53.0,40.0,0.3681,39.87,2.9649,0.4,0.495,3.3125,34.32,3.47,13.4,8.67,9.325
2021-12-23 22:00:00,22,14,14,0.0,3.0,10.0,1.0,0.0,1.0,5,5,4,0,4,0,7.217,100.0,70.0,433.0,7.217,3.0,6.13,roster,0,44.0,35.0,0.4074,23.57,3.6635,0.35,0.8157,3.1429,30.03,3.47,0.0,10.07,10.825
2021-12-23 23:00:00,23,17,17,0.0,3.0,13.0,1.0,0.0,1.0,9,7,6,0,6,0,8.15,118.0,103.0,130.0,3.167,3.0,6.13,roster,0,53.0,42.5,0.5196,24.7,4.8851,0.425,1.1419,3.1176,36.46,5.21,0.0,3.02,3.25
2021-12-24 00:00:00,0,17,17,0.0,4.0,12.0,1.0,0.0,1.0,7,5,6,0,6,0,9.15,178.0,163.0,190.0,4.167,3.0,6.13,roster,0,54.0,42.5,0.5294,26.09,3.9409,0.425,0.8157,3.1765,36.46,5.21,0.0,4.42,4.75
2021-12-24 01:00:00,1,16,16,0.0,5.0,9.0,2.0,0.0,1.0,4,4,6,0,6,0,10.15,238.0,223.0,250.0,5.167,3.0,6.13,roster,0,51.0,40.0,0.5,25.34,3.3549,0.4,0.6525,3.1875,34.32,5.21,0.0,5.81,6.25
2021-12-24 02:00:00,2,17,17,0.0,6.0,9.0,2.0,0.0,1.0,6,5,7,0,7,0,11.15,289.0,247.0,310.0,6.167,3.0,6.13,roster,0,55.0,42.5,0.5556,29.75,4.0139,0.425,0.8157,3.2353,36.46,6.08,0.0,7.21,7.75
2021-12-24 03:00:00,3,16,16,0.0,6.0,8.0,2.0,0.0,1.0,2,2,7,0,7,0,12.15,349.0,307.0,370.0,7.167,3.0,6.13,roster,0,52.0,40.0,0.5253,29.0,2.3604,0.4,0.3263,3.25,34.32,6.08,0.0,8.6,9.25
2021-12-24 04:00:00,4,17,17,0.0,7.0,8.0,2.0,0.0,1.0,3,3,7,0,7,0,13.15,409.0,367.0,430.0,8.167,3.0,6.13,roster,0,56.0,42.5,0.5657,32.54,3.0121,0.425,0.4894,3.2941,36.46,6.08,0.0,10.0,10.75
2021-12-24 05:00:00,5,15,15,0.0,6.0,7.0,2.0,0.0,1.0,0,0,8,0,8,0,14.15,466.0,427.0,490.0,9.167,3.0,6.13,roster,0,49.0,37.5,0.5104,30.51,1.225,0.375,0.0,3.2667,32.17,6.95,0.0,11.39,12.25
2021-12-24 06:00:00,6,17,17,0.0,6.0,9.0,2.0,0.0,1.0,2,2,8,0,8,0,15.15,526.0,487.0,550.0,10.167,3.0,6.13,roster,0,55.0,42.5,0.5729,36.2,2.4306,0.425,0.3263,3.2353,36.46,6.95,0.0,12.79,13.75
2021-12-24 07:00:00,7,16,16,0.0,6.0,8.0,2.0,0.0,1.0,0,0,8,0,8,0,16.15,586.0,547.0,610.0,11.167,3.0,6.13,roster,0,52.0,40.0,0.5417,35.45,1.3,0.4,0.0,3.25,34.32,6.95,0.0,14.18,15.25
2021-12-24 08:00:00,8,20,20,0.0,6.0,12.0,2.0,0.0,1.0,5,5,8,0,8,0,17.15,646.0,607.0,670.0,12.167,3.0,6.78,roster,0,64.0,50.0,0.6667,45.42,3.9599,0.5,0.7375,3.2,42.9,6.95,0.0,15.58,16.75
2021-12-24 09:00:00,9,15,15,0.0,5.0,7.0,3.0,0.0,1.0,5,4,4,0,4,0,18.15,608.5,490.0,730.0,12.167,3.0,6.78,roster,0,47.0,37.5,0.4352,32.62,3.0236,0.375,0.59,3.1333,32.17,3.47,0.0,16.97,18.25
2021-12-24 10:00:00,10,19,19,0.0,8.0,10.0,1.0,0.0,1.0,7,7,3,1,4,1,13.167,355.0,160.0,790.0,13.167,4.0,10.48,roster,0,64.0,47.5,0.4444,56.0,3.8499,0.475,0.6679,3.3684,40.75,3.47,13.4,18.37,19.75
2021-12-24 11:00:00,11,19,19,0.0,8.0,11.0,0.0,0.0,1.0,3,3,5,1,6,1,14.167,180.5,109.0,610.0,14.167,4.0,10.48,roster,0,65.0,47.5,0.4779,53.55,2.6043,0.475,0.2863,3.4211,40.75,5.21,13.4,14.18,15.25
2021-12-24 12:00:00,12,22,22,0.0,7.0,14.0,1.0,0.0,1.0,10,8,4,2,6,2,15.167,240.5,169.0,670.0,15.167,4.0,10.48,roster,0,72.0,55.0,0.5294,74.78,4.2983,0.55,0.7634,3.2727,47.19,5.21,26.8,15.58,16.75
2021-12-24 13:00:00,13,23,23,1.0,5.0,15.0,2.0,0.0,1.0,8,8,4,1,5,1,12.167,229.0,159.0,340.0,12.167,4.0,10.48,roster,0,74.0,57.5,0.5286,54.98,4.306,0.575,0.7634,3.2174,49.33,4.34,13.4,7.9,8.5
2021-12-24 14:00:00,14,24,24,1.0,3.0,18.0,2.0,0.0,1.0,9,7,6,1,7,1,13.167,219.0,102.0,400.0,13.167,4.0,10.48,roster,0,75.0,60.0,0.5682,60.26,3.9623,0.6,0.6679,3.125,51.48,6.08,13.4,9.3,10.0
2021-12-24 15:00:00,15,21,21,0.0,2.0,15.0,2.0,2.0,1.0,7,7,4,1,5,1,11.467,235.0,162.0,279.0,5.817,4.0,10.48,roster,0,59.0,52.5,0.4214,49.27,3.3516,0.525,0.6679,2.8095,45.04,4.34,13.4,6.49,6.975
2021-12-24 16:00:00,16,15,15,0.0,1.0,13.0,1.0,0.0,1.0,5,4,4,1,5,1,12.467,295.0,138.0,339.0,6.817,4.0,10.48,roster,0,45.0,37.5,0.3214,37.8,2.27,0.375,0.3817,3.0,32.17,4.34,13.4,7.88,8.475
2021-12-24 17:00:00,17,19,19,0.0,1.0,16.0,2.0,0.0,1.0,8,8,4,0,4,0,6.133,159.5,121.0,355.0,5.917,4.0,10.48,roster,0,56.0,47.5,0.3889,32.48,3.6499,0.475,0.7634,2.9474,40.75,3.47,0.0,8.25,8.875
2021-12-24 18:00:00,18,17,17,0.0,3.0,14.0,0.0,0.0,1.0,4,4,6,0,6,0,7.133,145.0,105.0,258.0,6.917,4.0,10.48,roster,0,54.0,42.5,0.3971,27.67,2.5624,0.425,0.3817,3.1765,36.46,5.21,0.0,6.0,6.45
2021-12-24 19:00:00,19,16,16,0.0,4.0,12.0,0.0,0.0,1.0,4,4,5,1,6,1,8.133,153.5,98.0,234.0,5.3,4.0,10.48,roster,0,52.0,40.0,0.3824,38.37,2.5405,0.4,0.3817,3.25,34.32,5.21,13.4,5.44,5.85
2021-12-24 20:00:00,20,15,15,0.0,4.0,11.0,0.0,0.0,1.0,9,8,3,1,4,1,3.933,157.0,156.0,236.0,3.933,4.0,12.09,roster,0,49.0,37.5,0.3403,34.54,3.3866,0.375,0.6617,3.2667,32.17,3.47,13.4,5.49,5.9
2021-12-24 21:00:00,21,15,15,0.0,5.0,10.0,0.0,0.0,1.0,7,7,5,0,5,0,4.933,151.0,105.0,218.0,4.933,4.0,12.09,roster,0,50.0,37.5,0.3571,21.59,3.18,0.375,0.579,3.3333,32.17,4.34,0.0,5.07,5.45
2021-12-24 22:00:00,22,17,17,1.0,5.0,10.0,1.0,0.0,1.0,8,8,5,0,5,0,5.933,165.0,148.0,278.0,5.933,3.0,8.39,roster,0,57.0,42.5,0.5429,27.27,4.6221,0.425,0.9535,3.3529,36.46,4.34,0.0,6.46,6.95
2021-12-24 23:00:00,23,21,21,0.0,6.0,14.0,1.0,0.0,1.0,10,10,5,0,5,0,5.633,208.0,132.0,225.0,5.633,3.0,8.39,roster,0,68.0,52.5,0.6476,34.62,5.5595,0.525,1.1919,3.2381,45.04,4.34,0.0,5.23,5.625
2021-12-25 00:00:00,0,19,19,1.0,6.0,12.0,0.0,0.0,1.0,3,3,5,0,5,0,6.633,268.0,192.0,285.0,6.633,3.0,8.39,roster,0,65.0,47.5,0.619,31.72,2.8483,0.475,0.3576,3.4211,40.75,4.34,0.0,6.63,7.125
2021-12-25 01:00:00,1,17,17,2.0,3.0,12.0,0.0,0.0,1.0,7,5,5,0,5,0,5.75,252.0,189.0,328.0,5.75,3.0,8.39,roster,0,58.0,42.5,0.5524,28.43,3.4832,0.425,0.5959,3.4118,36.46,4.34,0.0,7.63,8.2
2021-12-25 02:00:00,2,15,15,2.0,4.0,9.0,0.0,0.0,1.0,2,2,6,0,6,0,6.75,280.5,124.0,388.0,6.75,3.0,8.39,roster,0,53.0,37.5,0.5196,26.41,2.1673,0.375,0.2384,3.5333,32.17,5.21,0.0,9.02,9.7
2021-12-25 03:00:00,3,14,14,2.0,4.0,8.0,0.0,0.0,1.0,1,1,7,0,7,0,7.75,309.0,164.0,448.0,7.75,3.0,8.39,roster,0,50.0,35.0,0.5051,26.52,1.6757,0.35,0.1192,3.5714,30.03,6.08,0.0,10.42,11.2
2021-12-25 04:00:00,4,17,17,2.0,5.0,10.0,0.0,0.0,1.0,4,4,7,0,7,0,8.75,369.0,224.0,508.0,8.75,3.0,8.39,roster,0,60.0,42.5,0.6061,34.35,3.1827,0.425,0.4768,3.5294,36.46,6.08,0.0,11.81,12.7
2021-12-25 05:00:00,5,15,15,2.0,5.0,8.0,0.0,0.0,1.0,3,3,8,0,8,0,9.75,366.5,284.0,568.0,9.75,3.0,8.39,roster,0,54.0,37.5,0.5625,32.33,2.6372,0.375,0.3576,3.6,32.17,6.95,0.0,13.21,14.2
2021-12-25 06:00:00,6,15,15,2.0,5.0,8.0,0.0,0.0,1.0,2,2,8,0,8,0,10.75,426.5,344.0,628.0,10.75,3.0,8.39,roster,0,54.0,37.5,0.5625,33.72,2.2082,0.375,0.2384,3.6,32.17,6.95,0.0,14.6,15.7
2021-12-25 07:00:00,7,17,17,2.0,5.0,10.0,0.0,0.0,1.0,3,3,8,0,8,0,11.75,486.5,404.0,688.0,11.75,3.0,8.39,roster,0,60.0,42.5,0.625,39.41,2.762,0.425,0.3576,3.5294,36.46,6.95,0.0,16.0,17.2
2021-12-25 08:00:00,8,15,15,2.0,6.0,7.0,0.0,0.0,1.0,5,4,8,0,8,0,12.75,546.5,464.0,748.0,12.75,3.0,7.18,roster,0,55.0,37.5,0.5729,36.51,3.4177,0.375,0.5571,3.6667,32.17,6.95,0.0,17.39,18.7
2021-12-25 09:00:00,9,12,12,2.0,4.0,6.0,0.0,0.0,1.0,3,3,3,0,3,0,12.9,544.0,524.0,732.0,12.2,3.0,7.18,roster,0,44.0,30.0,0.3964,25.36,2.632,0.3,0.4178,3.6667,25.74,2.6,0.0,17.02,18.3
2021-12-25 10:00:00,10,13,13,0.0,4.0,9.0,0.0,0.0,1.0,5,5,1,0,1,0,13.9,84.0,84.0,84.0,1.4,4.0,10.88,roster,0,43.0,32.5,0.2756,10.71,2.5951,0.325,0.4596,3.3077,27.88,0.87,0.0,1.95,2.1
2021-12-25 11:00:00,11,13,13,0.0,2.0,11.0,0.0,0.0,1.0,3,3,1,0,1,0,4.067,144.0,144.0,144.0,2.4,4.0,10.88,roster,0,41.0,32.5,0.2628,12.1,1.8946,0.325,0.2757,3.1538,27.88,0.87,0.0,3.35,3.6
2021-12-25 12:00:00,12,15,15,0.0,1.0,13.0,1.0,0.0,1.0,5,5,2,0,2,0,4.2,160.0,116.0,204.0,3.4,4.0,10.88,roster,0,45.0,37.5,0.2961,18.65,2.5037,0.375,0.4596,3.0,32.17,1.74,0.0,4.74,5.1
2021-12-25 13:00:00,13,20,20,1.0,1.0,17.0,1.0,0.0,1.0,10,9,3,0,3,0,5.2,86.0,60.0,176.0,2.933,4.0,10.88,roster,0,62.0,50.0,0.4189,29.6,4.1143,0.5,0.8272,3.1,42.9,2.6,0.0,4.09,4.4
2021-12-25 14:00:00,14,18,18,1.0,1.0,15.0,1.0,0.0,1.0,6,6,4,1,5,1,6.2,120.0,101.0,146.0,3.933,4.0,10.88,roster,0,56.0,45.0,0.4,39.75,3.1157,0.45,0.5515,3.1111,38.61,4.34,13.4,3.39,3.65
2021-12-25 15:00:00,15,21,21,1.0,1.0,19.0,0.0,0.0,1.0,7,7,3,1,4,1,7.2,170.5,161.0,206.0,3.433,4.0,10.88,roster,0,66.0,52.5,0.4583,46.71,3.6721,0.525,0.6434,3.1429,45.04,3.47,13.4,4.79,5.15
2021-12-25 16:00:00,16,22,22,2.0,2.0,18.0,0.0,0.0,1.0,9,9,4,1,5,1,4.55,221.0,210.0,240.0,4.433,4.0,10.88,roster,0,72.0,55.0,0.5143,50.51,4.5072,0.55,0.8272,3.2727,47.19,4.34,13.4,5.58,6.0
2021-12-25 17:00:00,17,26,26,3.0,2.0,21.0,0.0,0.0,1.0,11,11,5,2,7,2,5.55,137.0,101.0,281.0,5.0,4.0,10.88,roster,0,86.0,65.0,0.6515,75.18,5.4942,0.65,1.011,3.3077,55.77,6.08,26.8,6.53,7.025
2021-12-25 18:00:00,18,24,24,2.0,3.0,19.0,0.0,0.0,1.0,6,6,5,1,6,1,6.55,163.0,124.0,341.0,6.0,4.0,10.88,roster,0,79.0,60.0,0.5809,58.02,3.7903,0.6,0.5515,3.2917,51.48,5.21,13.4,7.93,8.525
2021-12-25 19:00:00,19,19,19,4.0,2.0,13.0,0.0,0.0,1.0,4,4,4,1,5,1,7.55,159.0,82.0,184.0,3.683,4.0,10.88,roster,0,67.0,47.5,0.4786,42.77,2.9714,0.475,0.3676,3.5263,40.75,4.34,13.4,4.28,4.6
2021-12-25 20:00:00,20,21,21,3.0,3.0,15.0,0.0,0.0,1.0,10,7,2,1,3,1,8.55,142.0,66.0,219.0,3.65,4.0,11.01,roster,0,72.0,52.5,0.4865,46.14,3.9798,0.525,0.6358,3.4286,45.04,2.6,13.4,5.09,5.475
2021-12-25 21:00:00,21,23,23,3.0,4.0,16.0,0.0,0.0,1.0,8,8,1,1,2,1,9.55,160.5,119.0,202.0,3.367,4.0,11.01,roster,0,79.0,57.5,0.5197,49.17,4.4708,0.575,0.7266,3.4348,49.33,1.74,13.4,4.7,5.05
2021-12-25 22:00:00,22,20,20,3.0,4.0,13.0,0.0,0.0,1.0,6,6,2,2,4,2,10.55,146.0,113.0,262.0,4.367,3.0,7.31,roster,0,70.0,50.0,0.6481,59.26,4.6228,0.5,0.8208,3.5,42.9,3.47,26.8,6.09,6.55
2021-12-25 23:00:00,23,18,18,3.0,2.0,12.0,1.0,0.0,1.0,9,7,2,1,3,1,11.55,120.0,88.0,239.0,3.983,3.0,7.31,roster,0,61.0,45.0,0.5495,40.17,4.7702,0.45,0.9576,3.3889,38.61,2.6,13.4,5.56,5.975
2021-12-26 00:00:00,0,17,17,2.0,2.0,13.0,0.0,0.0,1.0,9,8,3,0,3,0,12.55,148.0,61.0,180.0,3.0,3.0,7.31,roster,0,57.0,42.5,0.5135,23.25,5.0944,0.425,1.0944,3.3529,36.46,2.6,0.0,4.19,4.5
2021-12-26 01:00:00,1,12,12,2.0,2.0,8.0,0.0,0.0,1.0,3,2,3,0,3,0,13.55,208.0,121.0,240.0,4.0,3.0,7.31,roster,0,42.0,30.0,0.3784,13.92,2.0076,0.3,0.2736,3.5,25.74,2.6,0.0,5.58,6.0
2021-12-26 02:00:00,2,12,12,2.0,2.0,8.0,0.0,0.0,1.0,3,2,3,0,3,0,14.55,268.0,181.0,300.0,5.0,3.0,7.31,roster,0,42.0,30.0,0.3784,15.32,2.0076,0.3,0.2736,3.5,25.74,2.6,0.0,6.98,7.5
2021-12-26 03:00:00,3,10,10,2.0,2.0,6.0,0.0,0.0,1.0,0,0,3,0,3,0,15.55,328.0,241.0,360.0,6.0,3.0,7.31,roster,0,36.0,25.0,0.3243,12.42,0.9,0.25,0.0,3.6,21.45,2.6,0.0,8.37,9.0
2021-12-26 04:00:00,4,11,11,2.0,2.0,7.0,0.0,0.0,1.0,1,1,3,0,3,0,16.55,388.0,301.0,420.0,7.0,3.0,7.31,roster,0,39.0,27.5,0.3514,15.96,1.46,0.275,0.1368,3.5455,23.6,2.6,0.0,9.76,10.5
2021-12-26 05:00:00,5,13,13,2.0,2.0,9.0,0.0,0.0,1.0,3,3,4,0,4,0,17.55,404.5,361.0,480.0,8.0,3.0,7.31,roster,0,45.0,32.5,0.4167,22.52,2.5456,0.325,0.4104,3.4615,27.88,3.47,0.0,11.16,12.0
2021-12-26 06:00:00,6,14,14,2.0,2.0,10.0,0.0,0.0,1.0,2,1,5,0,5,0,18.55,421.0,146.0,508.0,9.0,3.0,7.31,roster,0,48.0,35.0,0.4571,26.18,1.669,0.35,0.1368,3.4286,30.03,4.34,0.0,11.81,12.7
2021-12-26 07:00:00,7,14,14,2.0,2.0,10.0,0.0,0.0,1.0,1,1,5,0,5,0,19.55,481.0,206.0,568.0,10.0,3.0,7.31,roster,0,48.0,35.0,0.4571,27.58,1.669,0.35,0.1368,3.4286,30.03,4.34,0.0,13.21,14.2
2021-12-26 08:00:00,8,14,14,1.0,2.0,8.0,3.0,0.0,1.0,3,3,6,0,6,0,20.55,403.5,227.0,628.0,11.0,3.0,8.29,roster,0,43.0,35.0,0.4216,29.84,2.1865,0.35,0.3619,3.0714,30.03,5.21,0.0,14.6,15.7
2021-12-26 09:00:00,9,10,10,0.0,3.0,4.0,3.0,0.0,1.0,4,4,1,0,1,0,21.55,174.0,174.0,174.0,2.9,3.0,8.29,roster,0,30.0,25.0,0.2564,6.36,2.1975,0.25,0.4825,3.0,21.45,0.87,0.0,4.05,4.35
2021-12-26 10:00:00,10,8,8,0.0,2.0,5.0,1.0,0.0,1.0,3,3,0,0,0,0,22.55,0.0,,,,4.0,11.63,roster,0,25.0,20.0,0.1562,-2.84,1.4311,0.2,0.258,3.125,17.16,0.0,0.0,0.0,0.0
2021-12-26 11:00:00,11,11,11,0.0,2.0,8.0,1.0,0.0,1.0,8,6,0,0,0,0,23.55,0.0,,,,4.0,11.63,roster,0,34.0,27.5,0.2125,3.6,2.4446,0.275,0.5159,3.0909,23.6,0.0,0.0,0.0,0.0
2021-12-26 12:00:00,12,6,6,0.0,2.0,3.0,1.0,0.0,1.0,3,1,1,0,1,0,3.2,108.0,108.0,108.0,1.8,4.0,11.63,roster,0,19.0,15.0,0.1218,-3.75,0.7473,0.15,0.086,3.1667,12.87,0.87,0.0,2.51,2.7
2021-12-26 13:00:00,13,10,10,0.0,2.0,7.0,1.0,0.0,1.0,7,6,1,0,1,0,4.2,73.0,73.0,73.0,1.217,4.0,11.63,roster,0,31.0,25.0,0.1987,4.02,2.3743,0.25,0.5159,3.1,21.45,0.87,0.0,1.7,1.825
2021-12-26 14:00:00,14,15,15,0.0,3.0,11.0,1.0,0.0,1.0,9,8,2,0,2,0,5.117,110.0,87.0,133.0,2.217,4.0,11.63,roster,0,47.0,37.5,0.3092,17.0,3.3303,0.375,0.6879,3.1333,32.17,1.74,0.0,3.09,3.325
2021-12-26 15:00:00,15,18,18,0.0,4.0,14.0,0.0,0.0,1.0,9,8,2,1,3,1,5.383,118.0,96.0,147.0,2.45,4.0,11.63,roster,0,58.0,45.0,0.3919,38.03,3.6665,0.45,0.6879,3.2222,38.61,2.6,13.4,3.42,3.675
2021-12-26 16:00:00,16,18,18,1.0,4.0,13.0,0.0,0.0,1.0,9,7,2,0,2,0,3.217,112.0,68.0,156.0,2.6,4.0,11.63,roster,0,60.0,45.0,0.3947,23.97,3.5063,0.45,0.6019,3.3333,38.61,1.74,0.0,3.63,3.9
2021-12-26 17:00:00,17,18,18,1.0,3.0,14.0,0.0,0.0,1.0,5,5,3,0,3,0,4.217,128.0,80.0,216.0,3.6,4.0,11.63,roster,0,59.0,45.0,0.3986,26.24,2.8842,0.45,0.4299,3.2778,38.61,2.6,0.0,5.02,5.4
2021-12-26 18:00:00,18,17,17,2.0,1.0,14.0,0.0,0.0,1.0,8,8,3,0,3,0,4.65,140.0,109.0,188.0,3.133,4.0,11.63,roster,0,56.0,42.5,0.3784,23.44,3.6659,0.425,0.6879,3.2941,36.46,2.6,0.0,4.37,4.7
2021-12-26 19:00:00,19,14,14,4.0,0.0,10.0,0.0,0.0,1.0,8,6,1,1,2,1,4.317,94.0,74.0,114.0,1.9,4.0,11.63,roster,0,50.0,35.0,0.3289,27.82,3.0925,0.35,0.5159,3.5714,30.03,1.74,13.4,2.65,2.85
2021-12-26 20:00:00,20,14,14,3.0,0.0,10.0,1.0,0.0,1.0,6,5,2,2,4,2,5.317,92.0,82.0,134.0,2.233,4.0,11.4,roster,0,47.0,35.0,0.3264,43.42,2.6474,0.35,0.4386,3.3571,30.03,3.47,26.8,3.12,3.35
2021-12-26 21:00:00,21,18,18,2.0,0.0,15.0,1.0,0.0,1.0,12,10,2,1,3,1,6.317,162.0,128.0,194.0,3.233,4.0,11.4,roster,0,57.0,45.0,0.3851,39.13,4.2028,0.45,0.8772,3.1667,38.61,2.6,13.4,4.51,4.85
2021-12-26 22:00:00,22,12,12,2.0,1.0,9.0,0.0,0.0,1.0,2,2,2,1,3,1,6.2,222.0,188.0,254.0,4.233,3.0,8.06,roster,0,41.0,30.0,0.3694,27.65,1.8728,0.3,0.2481,3.4167,25.74,2.6,13.4,5.91,6.35
2021-12-26 23:00:00,23,15,15,2.0,2.0,11.0,0.0,0.0,1.0,8,7,2,0,2,0,7.2,281.0,248.0,314.0,5.233,3.0,8.06,roster,0,51.0,37.5,0.4474,21.21,4.2279,0.375,0.8685,3.4,32.17,1.74,0.0,7.3,7.85
2021-12-27 00:00:00,0,15,15,2.0,2.0,11.0,0.0,0.0,1.0,5,5,3,0,3,0,8.2,308.0,68.0,374.0,6.233,3.0,8.06,roster,0,51.0,37.5,0.4595,23.48,3.3842,0.375,0.6203,3.4,32.17,2.6,0.0,8.7,9.35
2021-12-27 01:00:00,1,12,12,2.0,2.0,7.0,1.0,0.0,1.0,1,2,5,0,5,0,9.2,128.0,63.0,368.0,7.233,3.0,8.06,roster,0,41.0,30.0,0.3905,18.64,1.8728,0.3,0.2481,3.4167,25.74,4.34,0.0,8.56,9.2
2021-12-27 02:00:00,2,10,10,1.0,2.0,6.0,1.0,0.0,1.0,1,1,4,0,4,0,10.2,275.5,123.0,494.0,8.233,3.0,8.06,roster,0,33.0,25.0,0.3056,16.41,1.2344,0.25,0.1241,3.3,21.45,3.47,0.0,11.49,12.35
2021-12-27 03:00:00,3,12,12,1.0,3.0,6.0,2.0,0.0,1.0,4,4,3,0,3,0,11.2,488.0,183.0,554.0,9.233,3.0,8.06,roster,0,39.0,30.0,0.3514,21.23,2.5879,0.3,0.4963,3.25,25.74,2.6,0.0,12.88,13.85
2021-12-27 04:00:00,4,9,9,1.0,2.0,5.0,1.0,0.0,1.0,1,0,3,1,4,1,12.2,395.5,243.0,614.0,10.233,3.0,8.06,roster,0,30.0,22.5,0.2778,30.45,0.75,0.225,0.0,3.3333,19.3,3.47,13.4,14.28,15.35
2021-12-27 05:00:00,5,8,8,1.0,2.0,4.0,1.0,0.0,1.0,0,0,3,1,4,1,13.2,455.5,303.0,674.0,11.233,3.0,8.06,roster,0,27.0,20.0,0.25,29.7,0.675,0.2,0.0,3.375,17.16,3.47,13.4,15.67,16.85
2021-12-27 06:00:00,6,12,12,1.0,3.0,6.0,2.0,0.0,1.0,4,4,3,1,4,1,14.2,515.5,363.0,734.0,12.233,3.0,8.06,roster,0,39.0,30.0,0.3611,39.68,2.5879,0.3,0.4963,3.25,25.74,3.47,13.4,17.07,18.35
2021-12-27 07:00:00,7,11,11,1.0,3.0,5.0,2.0,0.0,1.0,1,1,3,1,4,1,15.2,575.5,423.0,794.0,13.233,3.0,8.06,roster,0,36.0,27.5,0.3333,38.93,1.306,0.275,0.1241,3.2727,23.6,3.47,13.4,18.46,19.85
2021-12-27 08:00:00,8,11,11,1.0,3.0,6.0,1.0,0.0,1.0,2,1,3,1,4,1,16.2,635.5,483.0,854.0,14.233,3.0,6.8,roster,0,37.0,27.5,0.3426,40.32,1.4197,0.275,0.1471,3.3636,23.6,3.47,13.4,19.86,21.35
2021-12-27 09:00:00,9,16,16,1.0,5.0,9.0,0.0,1.0,1.0,6,6,3,1,4,1,17.2,695.5,543.0,914.0,15.233,3.0,6.8,roster,0,53.0,40.0,0.4907,52.44,4.2478,0.4,0.8824,3.3125,34.32,3.47,13.4,21.25,22.85
2021-12-27 10:00:00,10,15,15,1.0,5.0,8.0,1.0,0.0,1.0,3,2,4,1,5,1,18.2,603.0,429.0,908.0,16.233,4.0,10.5,roster,0,51.0,37.5,0.3643,51.03,1.9226,0.375,0.1905,3.4,32.17,4.34,13.4,21.11,22.7
2021-12-27 11:00:00,11,20,20,0.0,4.0,13.0,1.0,2.0,1.0,11,11,2,0,2,0,17.233,1001.0,968.0,1034.0,17.233,4.0,10.5,roster,0,59.0,50.0,0.3882,48.68,4.5655,0.5,1.0476,2.95,42.9,1.74,0.0,24.04,25.85
2021-12-27 12:00:00,12,16,16,0.0,3.0,10.0,1.0,2.0,1.0,7,4,2,0,2,0,18.233,585.0,76.0,1094.0,18.233,4.0,10.5,roster,0,46.0,40.0,0.3026,41.49,2.2452,0.4,0.381,2.875,34.32,1.74,0.0,25.44,27.35
2021-12-27 13:00:00,13,15,15,0.0,1.0,12.0,1.0,1.0,1.0,11,7,2,0,2,0,19.233,628.0,102.0,1154.0,19.233,4.0,10.5,roster,0,43.0,37.5,0.2829,40.74,2.9861,0.375,0.6667,2.8667,32.17,1.74,0.0,26.83,28.85
2021-12-27 14:00:00,14,14,14,0.0,0.0,13.0,1.0,0.0,1.0,5,4,5,0,5,0,20.233,117.0,66.0,162.0,20.233,4.0,10.5,roster,0,41.0,35.0,0.2929,18.14,2.1406,0.35,0.381,2.9286,30.03,4.34,0.0,3.77,4.05
2021-12-27 15:00:00,15,16,16,0.0,2.0,11.0,3.0,0.0,1.0,6,5,4,0,4,0,9.117,110.5,95.0,177.0,2.95,4.0,10.5,roster,0,47.0,40.0,0.3264,21.91,2.5738,0.4,0.4762,2.9375,34.32,3.47,0.0,4.12,4.425
2021-12-27 16:00:00,16,18,18,0.0,1.0,14.0,3.0,0.0,1.0,4,4,5,0,5,0,10.117,155.0,139.0,186.0,3.95,4.0,10.5,roster,0,52.0,45.0,0.3714,27.28,2.4005,0.45,0.381,2.8889,38.61,4.34,0.0,4.32,4.65
2021-12-27 17:00:00,17,18,18,1.0,1.0,13.0,3.0,0.0,1.0,4,4,6,0,6,0,7.6,207.0,173.0,246.0,4.95,4.0,10.5,roster,0,54.0,45.0,0.3971,29.54,2.4929,0.45,0.381,3.0,38.61,5.21,0.0,5.72,6.15
2021-12-27 18:00:00,18,19,19,2.0,2.0,14.0,1.0,0.0,1.0,7,7,6,0,6,0,8.6,267.0,233.0,306.0,5.95,4.0,10.5,roster,0,62.0,47.5,0.4559,33.08,3.7254,0.475,0.6667,3.2632,40.75,5.21,0.0,7.11,7.65
2021-12-27 19:00:00,19,14,14,1.0,1.0,12.0,0.0,0.0,1.0,5,5,4,0,4,0,6.95,244.5,123.0,417.0,6.95,4.0,10.5,roster,0,45.0,35.0,0.3125,23.2,2.6556,0.35,0.4762,3.2143,30.03,3.47,0.0,9.7,10.425
2021-12-27 20:00:00,20,10,10,0.0,2.0,8.0,0.0,0.0,1.0,6,5,1,0,1,0,5.8,163.0,163.0,163.0,2.717,4.0,10.71,roster,0,32.0,25.0,0.2051,6.11,2.2939,0.25,0.4669,3.2,21.45,0.87,0.0,3.79,4.075
2021-12-27 21:00:00,21,14,14,0.0,3.0,11.0,0.0,0.0,1.0,9,7,0,1,1,1,6.65,75.0,75.0,75.0,1.25,4.0,10.71,roster,0,45.0,35.0,0.2885,26.04,3.2258,0.35,0.6536,3.2143,30.03,0.87,13.4,1.74,1.875
2021-12-27 22:00:00,22,17,17,1.0,3.0,12.0,1.0,0.0,1.0,14,12,0,1,1,1,7.65,108.0,108.0,108.0,1.8,3.0,7.01,roster,0,55.0,42.5,0.4701,33.24,6.9133,0.425,1.7118,3.2353,36.46,0.87,13.4,2.51,2.7
2021-12-27 23:00:00,23,18,18,1.0,5.0,11.0,1.0,0.0,1.0,9,9,2,0,2,0,8.65,88.0,74.0,102.0,1.7,3.0,7.01,roster,0,60.0,45.0,0.5263,22.72,5.7796,0.45,1.2839,3.3333,38.61,1.74,0.0,2.37,2.55
2021-12-28 00:00:00,0,19,19,1.0,6.0,11.0,1.0,0.0,1.0,8,9,3,0,3,0,7.85,134.0,106.0,162.0,2.7,3.0,7.01,roster,0,64.0,47.5,0.5766,27.13,5.9246,0.475,1.2839,3.3684,40.75,2.6,0.0,3.77,4.05
2021-12-28 01:00:00,1,19,19,1.0,6.0,12.0,0.0,0.0,1.0,6,6,4,1,5,1,8.85,166.0,95.0,194.0,3.7,3.0,7.01,roster,0,65.0,47.5,0.619,43.01,4.5531,0.475,0.8559,3.4211,40.75,4.34,13.4,4.51,4.85
2021-12-28 02:00:00,2,15,15,1.0,5.0,9.0,0.0,0.0,1.0,2,0,5,0,5,0,6.1,226.0,155.0,254.0,4.7,3.0,7.01,roster,0,52.0,37.5,0.4952,22.42,1.3,0.375,0.0,3.4667,32.17,4.34,0.0,5.91,6.35
2021-12-28 03:00:00,3,12,12,1.0,5.0,6.0,0.0,0.0,1.0,3,1,5,0,5,0,7.1,286.0,215.0,314.0,5.7,3.0,7.01,roster,0,43.0,30.0,0.4095,17.38,1.5862,0.3,0.1427,3.5833,25.74,4.34,0.0,7.3,7.85
2021-12-28 04:00:00,4,11,11,1.0,4.0,5.0,0.0,1.0,1.0,2,2,4,0,4,0,8.1,360.0,346.0,402.0,6.7,3.0,7.01,roster,0,37.0,27.5,0.3426,16.41,1.8847,0.275,0.2853,3.3636,23.6,3.47,0.0,9.35,10.05
2021-12-28 05:00:00,5,9,9,1.0,4.0,4.0,0.0,0.0,1.0,0,0,4,0,4,0,9.1,420.0,406.0,462.0,7.7,3.0,7.01,roster,0,33.0,22.5,0.3056,13.52,0.825,0.225,0.0,3.6667,19.3,3.47,0.0,10.74,11.55
2021-12-28 06:00:00,6,11,11,1.0,4.0,6.0,0.0,0.0,1.0,2,2,4,0,4,0,10.1,480.0,466.0,522.0,8.7,3.0,7.01,roster,0,39.0,27.5,0.3611,19.2,1.9865,0.275,0.2853,3.5455,23.6,3.47,0.0,12.14,13.05
2021-12-28 07:00:00,7,11,11,1.0,4.0,6.0,0.0,0.0,1.0,2,2,4,1,5,1,9.7,526.0,455.0,554.0,9.7,3.0,7.01,roster,0,39.0,27.5,0.3714,34.22,1.9865,0.275,0.2853,3.5455,23.6,4.34,13.4,12.88,13.85
2021-12-28 08:00:00,8,13,13,1.0,4.0,8.0,0.0,0.0,1.0,4,4,4,1,5,1,10.7,586.0,515.0,614.0,10.7,3.0,6.96,roster,0,45.0,32.5,0.4286,39.9,3.1144,0.325,0.5747,3.4615,27.88,4.34,13.4,14.28,15.35
2021-12-28 09:00:00,9,15,15,1.0,3.0,10.0,0.0,1.0,1.0,5,5,4,1,5,1,11.7,575.0,183.0,674.0,11.7,3.0,6.96,roster,0,48.0,37.5,0.4571,45.59,3.4989,0.375,0.7184,3.2,32.17,4.34,13.4,15.67,16.85
2021-12-28 10:00:00,10,11,11,0.0,1.0,10.0,0.0,0.0,1.0,8,4,1,0,1,0,10.583,635.0,635.0,635.0,10.583,4.0,10.21,roster,0,34.0,27.5,0.2179,19.23,2.0609,0.275,0.3918,3.0909,23.6,0.87,0.0,14.76,15.875
2021-12-28 11:00:00,11,14,14,0.0,3.0,11.0,0.0,0.0,1.0,12,7,3,0,3,0,11.583,84.0,63.0,695.0,11.583,4.0,10.21,roster,0,45.0,35.0,0.3041,28.79,3.3287,0.35,0.6856,3.2143,30.03,2.6,0.0,16.16,17.375
2021-12-28 12:00:00,12,12,12,0.0,4.0,8.0,0.0,0.0,1.0,6,2,2,1,3,1,12.583,144.0,115.0,755.0,12.583,4.0,10.21,roster,0,40.0,30.0,0.2703,39.3,1.653,0.3,0.1959,3.3333,25.74,2.6,13.4,17.55,18.875
2021-12-28 13:00:00,13,15,15,0.0,4.0,11.0,0.0,0.0,1.0,8,5,3,1,4,1,13.583,189.5,175.0,815.0,13.583,4.0,10.21,roster,0,49.0,37.5,0.3403,48.0,2.8247,0.375,0.4897,3.2667,32.17,3.47,13.4,18.95,20.375
2021-12-28 14:00:00,14,19,19,0.0,6.0,10.0,0.0,3.0,1.0,14,6,3,1,4,1,14.583,249.5,235.0,875.0,14.583,4.0,10.21,roster,0,57.0,47.5,0.3958,57.97,3.188,0.475,0.5877,3.0,40.75,3.47,13.4,20.34,21.875
2021-12-28 15:00:00,15,20,20,1.0,4.0,12.0,1.0,2.0,1.0,17,10,3,0,3,0,15.583,104.0,97.0,935.0,15.583,4.0,10.21,roster,0,61.0,50.0,0.4122,47.24,4.5123,0.5,0.9794,3.05,42.9,2.6,0.0,21.74,23.375
2021-12-28 16:00:00,16,20,20,1.0,3.0,14.0,2.0,0.0,1.0,10,6,3,0,3,0,16.583,157.0,70.0,995.0,16.583,4.0,10.21,roster,0,63.0,50.0,0.4257,48.64,3.4261,0.5,0.5877,3.15,42.9,2.6,0.0,23.13,24.875
2021-12-28 17:00:00,17,21,21,0.0,4.0,16.0,1.0,0.0,1.0,8,7,4,0,4,0,17.583,173.5,130.0,1055.0,17.583,4.0,10.21,roster,0,66.0,52.5,0.4583,53.05,3.8048,0.525,0.6856,3.1429,45.04,3.47,0.0,24.53,26.375
2021-12-28 18:00:00,18,16,16,0.0,5.0,11.0,0.0,0.0,1.0,3,2,4,0,4,0,18.583,205.5,134.0,1115.0,18.583,4.0,10.21,roster,0,53.0,40.0,0.3681,43.72,1.9739,0.4,0.1959,3.3125,34.32,3.47,0.0,25.92,27.875
2021-12-28 19:00:00,19,17,17,0.0,4.0,13.0,0.0,0.0,1.0,7,6,2,0,2,0,19.583,662.0,149.0,1175.0,19.583,4.0,10.21,roster,0,55.0,42.5,0.3618,45.52,3.2763,0.425,0.5877,3.2353,36.46,1.74,0.0,27.32,29.375
2021-12-28 20:00:00,20,13,13,0.0,2.0,11.0,0.0,0.0,1.0,3,3,3,1,4,1,19.3,98.5,96.0,104.0,1.733,4.0,10.93,roster,0,41.0,32.5,0.2847,27.18,1.8906,0.325,0.2745,3.1538,27.88,3.47,13.4,2.42,2.6
2021-12-28 21:00:00,21,15,15,0.0,3.0,12.0,0.0,0.0,1.0,7,5,2,1,3,1,20.3,156.0,136.0,161.0,2.683,4.0,10.93,roster,0,48.0,37.5,0.3243,31.92,2.6639,0.375,0.4575,3.2,32.17,2.6,13.4,3.74,4.025
2021-12-28 22:00:00,22,23,23,0.0,8.0,15.0,0.0,0.0,1.0,13,12,2,1,3,1,21.3,87.0,64.0,216.0,3.6,3.0,7.68,roster,0,77.0,57.5,0.6937,50.36,7.156,0.575,1.5625,3.3478,49.33,2.6,13.4,5.02,5.4
2021-12-28 23:00:00,23,21,21,0.0,9.0,12.0,0.0,0.0,1.0,6,4,1,1,2,1,22.3,126.0,105.0,147.0,2.45,3.0,7.68,roster,0,72.0,52.5,0.6316,43.6,3.5857,0.525,0.5208,3.4286,45.04,1.74,13.4,3.42,3.675
2021-12-29 00:00:00,0,23,23,0.0,8.0,15.0,0.0,0.0,1.0,7,7,2,1,3,1,23.3,165.0,96.0,207.0,3.45,3.0,7.68,roster,0,77.0,57.5,0.6937,50.15,4.9764,0.575,0.9115,3.3478,49.33,2.6,13.4,4.81,5.175
2021-12-29 01:00:00,1,23,23,0.0,7.0,16.0,0.0,0.0,1.0,8,6,2,1,3,1,24.3,225.0,156.0,267.0,4.45,3.0,7.68,roster,0,76.0,57.5,0.6847,51.55,4.4815,0.575,0.7812,3.3043,49.33,2.6,13.4,6.21,6.675
2021-12-29 02:00:00,2,22,22,0.0,4.0,18.0,0.0,0.0,1.0,5,5,3,1,4,1,25.3,250.5,216.0,327.0,5.45,3.0,7.68,roster,0,70.0,55.0,0.6481,51.67,3.8215,0.55,0.651,3.1818,47.19,3.47,13.4,7.6,8.175
2021-12-29 03:00:00,3,19,19,0.0,3.0,16.0,0.0,0.0,1.0,1,1,5,1,6,1,26.3,140.5,104.0,276.0,6.45,3.0,7.68,roster,0,60.0,47.5,0.5882,45.78,1.9112,0.475,0.1302,3.1579,40.75,5.21,13.4,6.42,6.9
2021-12-29 04:00:00,4,21,21,0.0,4.0,16.0,1.0,0.0,1.0,5,4,5,1,6,1,27.3,200.5,164.0,336.0,7.45,3.0,7.68,roster,0,66.0,52.5,0.6471,51.47,3.2869,0.525,0.5208,3.1429,45.04,5.21,13.4,7.81,8.4
2021-12-29 05:00:00,5,17,17,0.0,5.0,11.0,1.0,0.0,1.0,2,1,5,1,6,1,28.3,256.5,184.0,396.0,8.45,3.0,7.68,roster,0,55.0,42.5,0.5392,44.28,1.7963,0.425,0.1302,3.2353,36.46,5.21,13.4,9.21,9.9
2021-12-29 06:00:00,6,19,19,0.0,5.0,12.0,2.0,0.0,1.0,4,3,5,2,7,2,29.3,284.0,124.0,456.0,9.45,3.0,7.68,roster,0,60.0,47.5,0.6061,64.24,2.7336,0.475,0.3906,3.1579,40.75,6.08,26.8,10.6,11.4
2021-12-29 07:00:00,7,17,17,0.0,2.0,13.0,2.0,0.0,1.0,3,3,6,0,6,0,30.3,376.5,304.0,516.0,10.45,3.0,7.68,roster,0,51.0,42.5,0.5,33.67,2.4469,0.425,0.3906,3.0,36.46,5.21,0.0,12.0,12.9
2021-12-29 08:00:00,8,16,16,0.0,2.0,12.0,2.0,0.0,1.0,3,2,6,0,6,0,31.3,436.5,364.0,576.0,11.45,3.0,6.96,roster,0,48.0,40.0,0.4706,32.92,2.0621,0.4,0.2874,3.0,34.32,5.21,0.0,13.39,14.4
2021-12-29 09:00:00,9,24,24,0.0,2.0,16.0,3.0,3.0,1.0,10,10,6,0,6,0,32.3,496.5,424.0,636.0,12.45,3.0,6.96,roster,0,65.0,60.0,0.6373,51.48,5.5163,0.6,1.4368,2.7083,51.48,5.21,0.0,14.79,15.9
2021-12-29 10:00:00,10,21,21,0.0,1.0,14.0,3.0,3.0,1.0,18,7,7,0,7,0,33.3,484.0,89.0,696.0,13.45,4.0,10.21,roster,0,55.0,52.5,0.4167,47.31,3.1706,0.525,0.6856,2.619,45.04,6.08,0.0,16.18,17.4
2021-12-29 11:00:00,11,30,30,0.0,4.0,16.0,2.0,8.0,1.0,23,16,7,0,7,0,34.3,544.0,136.0,756.0,14.45,4.0,10.21,roster,0,76.0,75.0,0.5758,68.01,5.87,0.75,1.5671,2.5333,64.35,6.08,0.0,17.58,18.9
2021-12-29 12:00:00,12,24,24,0.0,3.0,18.0,1.0,2.0,1.0,11,5,13,0,13,0,35.3,134.0,85.0,604.0,15.45,4.0,10.21,roster,0,70.0,60.0,0.6481,56.81,3.1783,0.6,0.4897,2.9167,51.48,11.29,0.0,14.04,15.1
2021-12-29 13:00:00,13,31,31,0.0,2.0,28.0,1.0,0.0,1.0,14,11,13,0,13,0,36.3,194.0,140.0,664.0,16.45,4.0,10.21,roster,0,94.0,77.5,0.8704,73.22,5.6169,0.775,1.0774,3.0323,66.5,11.29,0.0,15.44,16.6
2021-12-29 14:00:00,14,31,31,0.0,2.0,28.0,0.0,1.0,1.0,10,10,10,0,10,0,37.3,191.5,109.0,254.0,17.45,4.0,10.21,roster,0,93.0,77.5,0.775,61.08,5.2633,0.775,0.9794,3.0,66.5,8.68,0.0,5.91,6.35
2021-12-29 15:00:00,15,28,28,0.0,4.0,24.0,0.0,0.0,1.0,8,8,12,0,12,0,18.45,227.5,165.0,314.0,18.45,4.0,10.21,roster,0,88.0,70.0,0.7857,57.78,4.6626,0.7,0.7835,3.1429,60.06,10.42,0.0,7.3,7.85
2021-12-29 16:00:00,16,23,23,0.0,2.0,21.0,0.0,0.0,1.0,7,7,6,2,8,2,14.067,173.0,150.0,374.0,14.067,4.0,10.21,roster,0,71.0,57.5,0.5547,71.78,3.8914,0.575,0.6856,3.087,49.33,6.95,26.8,8.7,9.35
2021-12-29 17:00:00,17,27,27,0.0,3.0,24.0,0.0,0.0,1.0,7,8,7,2,9,2,15.067,219.0,154.0,395.0,15.067,4.0,10.21,roster,0,84.0,67.5,0.6774,81.71,4.5377,0.675,0.7835,3.1111,57.92,7.81,26.8,9.18,9.875
2021-12-29 18:00:00,18,25,25,0.0,2.0,23.0,0.0,0.0,1.0,4,4,8,2,10,2,16.067,274.5,101.0,455.0,16.067,4.0,10.21,roster,0,77.0,62.5,0.6417,79.69,3.1317,0.625,0.3918,3.08,53.62,8.68,26.8,10.58,11.375
2021-12-29 19:00:00,19,24,24,0.0,0.0,23.0,0.0,1.0,1.0,6,6,7,1,8,1,17.067,245.5,138.0,515.0,17.067,4.0,10.21,roster,0,70.0,60.0,0.5469,63.8,3.464,0.6,0.5877,2.9167,51.48,6.95,13.4,11.97,12.875
2021-12-29 20:00:00,20,25,25,0.0,1.0,21.0,2.0,1.0,1.0,10,7,5,1,6,1,9.583,209.5,175.0,399.0,9.583,4.0,9.83,roster,0,72.0,62.5,0.5294,61.51,3.8509,0.625,0.7121,2.88,53.62,5.21,13.4,9.28,9.975
2021-12-29 21:00:00,21,25,25,0.0,4.0,18.0,2.0,1.0,1.0,7,7,6,1,7,1,10.583,235.0,96.0,459.0,10.583,4.0,9.83,roster,0,75.0,62.5,0.5682,63.77,4.0113,0.625,0.7121,3.0,53.62,6.08,13.4,10.67,11.475
2021-12-29 22:00:00,22,19,19,0.0,4.0,12.0,2.0,1.0,1.0,5,3,6,1,7,1,9.267,109.0,77.0,156.0,5.683,3.0,6.58,roster,0,57.0,47.5,0.5758,43.86,2.7928,0.475,0.4559,3.0,40.75,6.08,13.4,3.63,3.9
2021-12-29 23:00:00,23,23,23,0.0,8.0,13.0,1.0,1.0,1.0,11,11,5,1,6,1,10.267,138.5,129.0,200.0,6.683,3.0,6.58,roster,0,74.0,57.5,0.7255,52.59,7.2286,0.575,1.6717,3.2174,49.33,5.21,13.4,4.65,5.0
2021-12-30 00:00:00,0,24,24,0.0,9.0,14.0,0.0,1.0,1.0,7,7,9,2,11,2,7.683,129.0,82.0,200.0,7.683,3.0,6.58,roster,0,79.0,60.0,0.908,72.48,5.4768,0.6,1.0638,3.2917,51.48,9.55,26.8,4.65,5.0
2021-12-30 01:00:00,1,26,26,0.0,10.0,12.0,2.0,2.0,1.0,8,8,9,3,12,3,8.683,179.5,142.0,260.0,8.683,3.0,6.58,roster,0,82.0,65.0,0.9762,92.43,5.8845,0.65,1.2158,3.1538,55.77,10.42,40.2,6.04,6.5
2021-12-30 02:00:00,2,23,23,0.0,9.0,12.0,1.0,1.0,1.0,2,2,10,2,12,2,9.683,239.5,202.0,320.0,9.683,3.0,6.58,roster,0,75.0,57.5,0.8929,73.99,2.8661,0.575,0.304,3.2609,49.33,10.42,26.8,7.44,8.0
2021-12-30 03:00:00,3,20,20,0.0,7.0,12.0,0.0,1.0,1.0,3,3,10,1,11,1,10.683,309.0,262.0,380.0,10.683,3.0,6.58,roster,0,65.0,50.0,0.7471,54.69,3.1068,0.5,0.4559,3.25,42.9,9.55,13.4,8.84,9.5
2021-12-30 04:00:00,4,22,22,0.0,7.0,14.0,0.0,1.0,1.0,3,3,11,1,12,1,11.683,359.5,322.0,440.0,11.683,3.0,6.58,roster,0,71.0,55.0,0.8452,61.24,3.2464,0.55,0.4559,3.2273,47.19,10.42,13.4,10.23,11.0
2021-12-30 05:00:00,5,20,20,0.0,7.0,12.0,0.0,1.0,1.0,0,0,13,1,14,1,12.683,406.5,284.0,497.0,12.683,3.0,6.58,roster,0,65.0,50.0,0.8333,60.01,1.625,0.5,0.0,3.25,42.9,12.16,13.4,11.56,12.425
2021-12-30 06:00:00,6,20,20,0.0,7.0,11.0,1.0,1.0,1.0,1,1,13,1,14,1,13.683,466.5,344.0,557.0,13.683,3.0,6.58,roster,0,64.0,50.0,0.8205,61.41,2.0863,0.5,0.152,3.2,42.9,12.16,13.4,12.95,13.925
2021-12-30 07:00:00,7,21,21,0.0,7.0,13.0,0.0,1.0,1.0,3,3,13,0,13,0,14.683,523.0,404.0,609.0,14.683,3.0,6.58,roster,0,68.0,52.5,0.8395,50.49,3.1763,0.525,0.4559,3.2381,45.04,11.29,0.0,14.16,15.225
2021-12-30 08:00:00,8,19,19,0.0,6.0,13.0,0.0,0.0,1.0,3,3,15,0,15,0,15.683,562.0,263.0,669.0,15.683,3.0,7.76,roster,0,63.0,47.5,0.84,49.33,2.8569,0.475,0.3866,3.3158,40.75,13.02,0.0,15.55,16.725
2021-12-30 09:00:00,9,17,17,0.0,6.0,11.0,0.0,0.0,1.0,6,6,9,0,9,0,12.283,524.0,323.0,669.0,12.283,3.0,7.76,roster,0,57.0,42.5,0.6129,39.83,4.0175,0.425,0.7732,3.3529,36.46,7.81,0.0,15.55,16.725
2021-12-30 10:00:00,10,23,23,0.0,4.0,17.0,0.0,2.0,1.0,23,11,9,0,9,0,13.15,141.0,108.0,383.0,13.15,4.0,10.85,roster,0,69.0,57.5,0.5565,46.05,4.7665,0.575,1.0138,3.0,49.33,7.81,0.0,8.9,9.575
2021-12-30 11:00:00,11,29,29,0.0,3.0,20.0,0.0,6.0,1.0,11,9,9,1,10,1,14.15,173.0,138.0,443.0,14.15,4.0,10.85,roster,0,78.0,72.5,0.65,74.59,4.1811,0.725,0.8295,2.6897,62.2,8.68,13.4,10.3,11.075
2021-12-30 12:00:00,12,19,19,1.0,0.0,17.0,1.0,0.0,1.0,4,3,9,1,10,1,14.15,213.0,77.0,331.0,14.15,4.0,10.85,roster,0,58.0,47.5,0.4833,50.53,2.294,0.475,0.2765,3.0526,40.75,8.68,13.4,7.7,8.275
2021-12-30 13:00:00,13,28,28,1.0,4.0,21.0,2.0,0.0,1.0,12,11,10,1,11,1,15.15,258.0,103.0,391.0,15.15,4.0,10.85,roster,0,88.0,70.0,0.7586,72.1,5.3863,0.7,1.0138,3.1429,60.06,9.55,13.4,9.09,9.775
2021-12-30 14:00:00,14,24,24,1.0,4.0,16.0,3.0,0.0,1.0,6,6,10,1,11,1,15.667,140.0,80.0,197.0,7.517,4.0,10.85,roster,0,75.0,60.0,0.6466,59.01,3.6031,0.6,0.553,3.125,51.48,9.55,13.4,4.58,4.925
2021-12-30 15:00:00,15,22,22,1.0,5.0,16.0,0.0,0.0,1.0,7,6,8,1,9,1,16.667,192.0,131.0,252.0,6.3,4.0,10.85,roster,0,73.0,55.0,0.5887,54.26,3.6599,0.55,0.553,3.3182,47.19,7.81,13.4,5.86,6.3
2021-12-30 16:00:00,16,15,15,1.0,2.0,12.0,0.0,0.0,1.0,2,2,8,1,9,1,7.3,252.0,131.0,312.0,7.3,4.0,10.85,roster,0,49.0,37.5,0.3952,40.64,1.8272,0.375,0.1843,3.2667,32.17,7.81,13.4,7.25,7.8
2021-12-30 17:00:00,17,17,17,1.0,3.0,13.0,0.0,0.0,1.0,4,4,8,1,9,1,8.3,312.0,172.0,372.0,8.3,4.0,10.85,roster,0,56.0,42.5,0.4516,46.33,2.6144,0.425,0.3687,3.2941,36.46,7.81,13.4,8.65,9.3
2021-12-30 18:00:00,18,22,22,1.0,4.0,17.0,0.0,0.0,1.0,7,7,11,1,12,1,9.3,270.5,128.0,432.0,9.3,4.0,10.85,roster,0,72.0,55.0,0.6429,61.05,3.9114,0.55,0.6452,3.2727,47.19,10.42,13.4,10.04,10.8
2021-12-30 19:00:00,19,20,20,0.0,3.0,17.0,0.0,0.0,1.0,7,8,7,1,8,1,10.3,236.5,177.0,432.0,10.3,4.0,10.85,roster,0,63.0,50.0,0.4922,53.29,3.8976,0.5,0.7373,3.15,42.9,6.95,13.4,10.04,10.8
2021-12-30 20:00:00,20,18,18,0.0,4.0,14.0,0.0,0.0,1.0,5,4,3,1,4,1,11.3,219.5,191.0,678.0,11.3,4.0,9.75,roster,0,58.0,45.0,0.4028,51.25,2.7719,0.45,0.4103,3.2222,38.61,3.47,13.4,15.76,16.95
2021-12-30 21:00:00,21,22,22,0.0,7.0,15.0,0.0,0.0,1.0,10,10,4,3,7,3,12.3,182.0,82.0,308.0,12.3,4.0,9.75,roster,0,73.0,55.0,0.553,80.63,5.2283,0.55,1.0256,3.3182,47.19,6.08,40.2,7.16,7.7
2021-12-30 22:00:00,22,23,23,0.0,7.0,16.0,0.0,0.0,1.0,6,5,6,2,8,2,13.3,136.5,87.0,311.0,13.3,3.0,6.66,roster,0,76.0,57.5,0.7917,70.31,4.3807,0.575,0.7508,3.3043,49.33,6.95,26.8,7.23,7.775
2021-12-30 23:00:00,23,27,27,1.0,5.0,21.0,0.0,0.0,1.0,11,10,7,1,8,1,14.3,136.0,95.0,202.0,14.3,3.0,6.66,roster,0,88.0,67.5,0.9167,62.96,7.0938,0.675,1.5015,3.2593,57.92,6.95,13.4,4.7,5.05
2021-12-31 00:00:00,0,24,24,1.0,6.0,17.0,0.0,0.0,1.0,5,4,8,1,9,1,15.3,191.0,133.0,207.0,15.3,3.0,6.66,roster,0,80.0,60.0,0.8602,57.51,4.002,0.6,0.6006,3.3333,51.48,7.81,13.4,4.81,5.175
2021-12-31 01:00:00,1,24,24,1.0,6.0,17.0,0.0,0.0,1.0,3,2,10,1,11,1,16.3,215.0,128.0,267.0,16.3,3.0,6.66,roster,0,80.0,60.0,0.9195,60.64,3.001,0.6,0.3003,3.3333,51.48,9.55,13.4,6.21,6.675
2021-12-31 02:00:00,2,22,22,1.0,6.0,15.0,0.0,0.0,1.0,2,1,10,0,10,0,17.3,282.0,188.0,327.0,17.3,3.0,6.66,roster,0,74.0,55.0,0.8222,43.48,2.3551,0.55,0.1502,3.3636,47.19,8.68,0.0,7.6,8.175
2021-12-31 03:00:00,3,20,20,1.0,6.0,13.0,0.0,0.0,1.0,1,1,10,0,10,0,18.3,342.0,248.0,387.0,18.3,3.0,6.66,roster,0,68.0,50.0,0.7556,40.58,2.2105,0.5,0.1502,3.4,42.9,8.68,0.0,9.0,9.675
2021-12-31 04:00:00,4,21,21,1.0,6.0,14.0,0.0,0.0,1.0,2,1,10,0,10,0,19.3,402.0,308.0,447.0,19.3,3.0,6.66,roster,0,71.0,52.5,0.7889,44.12,2.2827,0.525,0.1502,3.381,45.04,8.68,0.0,10.39,11.175
2021-12-31 05:00:00,5,23,23,2.0,6.0,15.0,0.0,0.0,1.0,2,2,10,0,10,0,20.3,462.0,368.0,507.0,20.3,3.0,6.66,roster,0,79.0,57.5,0.8778,49.81,3.0065,0.575,0.3003,3.4348,49.33,8.68,0.0,11.79,12.675
2021-12-31 06:00:00,6,21,21,2.0,6.0,13.0,0.0,0.0,1.0,1,1,10,1,11,1,21.3,493.0,419.0,567.0,21.3,3.0,6.66,roster,0,73.0,52.5,0.8391,61.18,2.347,0.525,0.1502,3.4762,45.04,9.55,13.4,13.18,14.175
2021-12-31 07:00:00,7,20,20,1.0,6.0,13.0,0.0,0.0,1.0,1,1,10,0,10,0,22.3,582.0,488.0,627.0,22.3,3.0,6.66,roster,0,68.0,50.0,0.7556,46.16,2.2105,0.5,0.1502,3.4,42.9,8.68,0.0,14.58,15.675
2021-12-31 08:00:00,8,16,16,2.0,6.0,8.0,0.0,0.0,1.0,2,2,10,0,10,0,23.3,642.0,548.0,687.0,23.3,3.0,8.69,roster,0,58.0,40.0,0.6444,38.98,2.2843,0.4,0.2301,3.625,34.32,8.68,0.0,15.97,17.175
2021-12-31 09:00:00,9,14,14,1.0,5.0,8.0,0.0,0.0,1.0,4,4,6,0,6,0,24.3,739.0,673.0,802.0,24.3,3.0,8.69,roster,0,49.0,35.0,0.4804,33.89,2.836,0.35,0.4603,3.5,30.03,5.21,0.0,18.65,20.05
2021-12-31 10:00:00,10,18,18,1.0,9.0,8.0,0.0,0.0,1.0,11,10,3,0,3,0,25.3,733.0,67.0,1518.0,25.3,4.0,11.94,roster,0,65.0,45.0,0.4392,56.51,4.6494,0.45,0.8375,3.6111,38.61,2.6,0.0,35.29,37.95
2021-12-31 11:00:00,11,18,18,1.0,6.0,11.0,0.0,0.0,1.0,9,7,5,0,5,0,26.3,127.0,111.0,793.0,26.3,4.0,11.94,roster,0,62.0,45.0,0.4429,41.39,3.5694,0.45,0.5863,3.4444,38.61,4.34,0.0,18.44,19.825
2021-12-31 12:00:00,12,24,24,1.0,7.0,16.0,0.0,0.0,1.0,11,9,5,0,5,0,14.217,171.0,126.0,187.0,14.217,4.0,11.94,roster,0,81.0,60.0,0.5786,40.17,4.569,0.6,0.7538,3.375,51.48,4.34,0.0,4.35,4.675
2021-12-31 13:00:00,13,23,23,1.0,8.0,13.0,1.0,0.0,1.0,6,6,3,0,3,0,15.217,186.0,133.0,913.0,15.217,4.0,11.94,roster,0,78.0,57.5,0.527,53.17,3.6542,0.575,0.5025,3.3913,49.33,2.6,0.0,21.23,22.825
2021-12-31 14:00:00,14,19,19,0.0,7.0,12.0,0.0,0.0,1.0,8,8,5,1,6,1,16.217,112.0,101.0,193.0,16.217,4.0,11.94,roster,0,64.0,47.5,0.4706,43.85,3.8569,0.475,0.67,3.3684,40.75,5.21,13.4,4.49,4.825
2021-12-31 15:00:00,15,23,23,0.0,7.0,14.0,2.0,0.0,1.0,11,10,5,1,6,1,5.267,164.5,131.0,176.0,4.217,4.0,11.94,roster,0,74.0,57.5,0.5441,52.04,4.5446,0.575,0.8375,3.2174,49.33,5.21,13.4,4.09,4.4
2021-12-31 16:00:00,16,23,23,0.0,7.0,14.0,2.0,0.0,1.0,8,7,4,1,5,1,6.267,191.0,111.0,221.0,3.933,4.0,11.94,roster,0,74.0,57.5,0.5286,52.21,3.7362,0.575,0.5863,3.2174,49.33,4.34,13.4,5.14,5.525
2021-12-31 17:00:00,17,22,22,0.0,6.0,15.0,1.0,0.0,1.0,7,5,5,2,7,2,5.017,171.0,86.0,281.0,4.933,4.0,11.94,roster,0,71.0,55.0,0.5379,66.6,3.1265,0.55,0.4188,3.2273,47.19,6.08,26.8,6.53,7.025
2021-12-31 18:00:00,18,19,19,0.0,4.0,14.0,1.0,0.0,1.0,9,8,3,1,4,1,6.017,182.0,146.0,231.0,3.85,4.0,11.94,roster,0,60.0,47.5,0.4167,43.0,3.6158,0.475,0.67,3.1579,40.75,3.47,13.4,5.37,5.775
2021-12-31 19:00:00,19,17,17,1.0,5.0,11.0,0.0,0.0,1.0,6,5,5,1,6,1,4.633,152.0,80.0,206.0,4.633,4.0,11.94,roster,0,58.0,42.5,0.4265,39.86,2.8787,0.425,0.4188,3.4118,36.46,5.21,13.4,4.79,5.15
2021-12-31 20:00:00,20,17,17,1.0,3.0,11.0,2.0,0.0,1.0,9,7,3,3,6,3,4.817,133.0,87.0,245.0,4.433,4.0,11.13,roster,0,54.0,42.5,0.3971,67.57,3.3478,0.425,0.6289,3.1765,36.46,5.21,40.2,5.7,6.125
2021-12-31 21:00:00,21,19,19,2.0,4.0,13.0,0.0,0.0,1.0,8,8,3,3,6,3,5.817,193.0,147.0,305.0,5.433,4.0,11.13,roster,0,65.0,47.5,0.4779,73.26,4.084,0.475,0.7188,3.4211,40.75,5.21,40.2,7.09,7.625
2021-12-31 22:00:00,22,17,17,2.0,3.0,11.0,1.0,0.0,1.0,9,5,3,2,5,2,6.817,207.0,95.0,260.0,6.083,3.0,7.88,roster,0,57.0,42.5,0.5429,53.65,3.5525,0.425,0.6345,3.3529,36.46,4.34,26.8,6.04,6.5
2021-12-31 23:00:00,23,13,13,1.0,2.0,9.0,1.0,0.0,1.0,4,3,2,1,3,1,7.083,267.0,155.0,425.0,7.083,3.0,7.88,roster,0,42.0,32.5,0.3784,33.77,2.28,0.325,0.3807,3.2308,27.88,2.6,13.4,9.88,10.625
