ts,hour,total,census,l1,l2,l3,l4,l5,tri_coverage,arrivals,arrival_present_1h,waitBed,waitICU,D_board,resus,maxLOS_h,awt_curr_min,board_q1_min,board_q3_min,board_max_h,Na,cap_sum,cap_source,src_gap,acuity,OCCUPANCY,EDWIN,NEDOCS,READI,READI_BR,READI_PR,READI_AR,NEDOCS_t_total,NEDOCS_t_board,NEDOCS_t_resus,NEDOCS_t_longest_admit,NEDOCS_E_h
2021-01-01 00:00:00,0,17,17,0.0,2.0,15.0,0.0,0.0,1.0,6,6,5,0,5,0,19.233,167.0,106.0,179.0,19.233,3.0,6.8,roster,0,53.0,42.5,0.5048,24.97,4.0759,0.425,0.8824,3.1176,36.46,4.34,0.0,4.16,4.475
2021-01-01 01:00:00,1,22,22,0.0,2.0,20.0,0.0,0.0,1.0,9,9,6,1,7,1,20.233,166.0,116.0,239.0,20.233,3.0,6.8,roster,0,68.0,55.0,0.6869,52.22,5.7909,0.55,1.3235,3.0909,47.19,6.08,13.4,5.56,5.975
2021-01-01 02:00:00,2,21,21,0.0,3.0,18.0,0.0,0.0,1.0,4,4,6,1,7,1,21.233,226.0,176.0,299.0,21.233,3.0,6.8,roster,0,66.0,52.5,0.6667,51.47,3.4987,0.525,0.5882,3.1429,45.04,6.08,13.4,6.95,7.475
2021-01-01 03:00:00,3,15,15,0.0,3.0,12.0,0.0,0.0,1.0,0,0,7,0,7,0,22.233,286.0,202.0,359.0,22.233,3.0,6.8,roster,0,48.0,37.5,0.4848,26.6,1.2,0.375,0.0,3.2,32.17,6.08,0.0,8.35,8.975
2021-01-01 04:00:00,4,14,14,0.0,3.0,10.0,1.0,0.0,1.0,1,1,6,0,6,0,23.233,376.5,262.0,419.0,23.233,3.0,6.8,roster,0,44.0,35.0,0.4314,24.98,1.5622,0.35,0.1471,3.1429,30.03,5.21,0.0,9.74,10.475
2021-01-01 05:00:00,5,17,17,0.0,3.0,13.0,1.0,0.0,1.0,5,4,6,0,6,0,24.233,436.5,322.0,479.0,24.233,3.0,6.8,roster,0,53.0,42.5,0.5196,32.81,3.1589,0.425,0.5882,3.1176,36.46,5.21,0.0,11.14,11.975
2021-01-01 06:00:00,6,17,17,0.0,2.0,14.0,1.0,0.0,1.0,2,2,7,0,7,0,25.233,466.0,265.0,539.0,25.233,3.0,6.8,roster,0,52.0,42.5,0.5253,35.07,2.1997,0.425,0.2941,3.0588,36.46,6.08,0.0,12.53,13.475
2021-01-01 07:00:00,7,18,18,0.0,2.0,15.0,1.0,0.0,1.0,5,4,7,0,7,0,26.233,526.0,325.0,599.0,26.233,3.0,6.8,roster,0,55.0,45.0,0.5556,38.61,3.1724,0.45,0.5882,3.0556,38.61,6.08,0.0,13.93,14.975
2021-01-01 08:00:00,8,16,16,0.0,1.0,14.0,1.0,0.0,1.0,2,1,9,0,9,0,27.233,502.0,225.0,647.0,27.233,3.0,8.12,roster,0,48.0,40.0,0.5161,37.18,1.5695,0.4,0.1232,3.0,34.32,7.81,0.0,15.04,16.175
2021-01-01 09:00:00,9,16,16,1.0,0.0,14.0,1.0,0.0,1.0,6,5,6,0,6,0,28.233,215.5,122.0,445.0,28.233,3.0,8.12,roster,0,49.0,40.0,0.4804,29.88,3.1108,0.4,0.6158,3.0625,34.32,5.21,0.0,10.35,11.125
2021-01-01 10:00:00,10,14,14,1.0,0.0,12.0,0.0,1.0,1.0,4,3,6,1,7,1,29.233,182.0,88.0,505.0,29.233,4.0,11.37,roster,0,42.0,35.0,0.3182,41.25,1.8416,0.35,0.2639,3.0,30.03,6.08,13.4,11.74,12.625
2021-01-01 11:00:00,11,12,12,0.0,0.0,12.0,0.0,0.0,1.0,6,5,3,0,3,0,25.35,242.0,67.0,565.0,9.417,4.0,11.37,roster,0,36.0,30.0,0.2432,21.48,2.2193,0.3,0.4398,3.0,25.74,2.6,0.0,13.14,14.125
2021-01-01 12:00:00,12,14,14,0.0,1.0,12.0,1.0,0.0,1.0,8,8,3,0,3,0,26.35,127.0,109.0,302.0,5.033,4.0,11.37,roster,0,42.0,35.0,0.2838,19.66,3.1608,0.35,0.7036,3.0,30.03,2.6,0.0,7.02,7.55
2021-01-01 13:00:00,13,20,20,1.0,1.0,16.0,2.0,0.0,1.0,9,9,4,0,4,0,27.35,127.0,85.0,187.0,3.117,4.0,11.37,roster,0,61.0,50.0,0.4236,30.72,3.9392,0.5,0.7916,3.05,42.9,3.47,0.0,4.35,4.675
2021-01-01 14:00:00,14,15,15,0.0,0.0,14.0,1.0,0.0,1.0,3,2,3,0,3,0,28.35,121.0,106.0,229.0,3.817,4.0,11.37,roster,0,44.0,37.5,0.2973,20.1,1.616,0.375,0.1759,2.9333,32.17,2.6,0.0,5.32,5.725
2021-01-01 15:00:00,15,17,17,0.0,0.0,14.0,2.0,1.0,1.0,9,7,1,0,1,0,29.35,166.0,166.0,166.0,2.767,4.0,11.37,roster,0,47.0,42.5,0.3013,21.19,2.8771,0.425,0.6157,2.7647,36.46,0.87,0.0,3.86,4.15
2021-01-01 16:00:00,16,16,16,0.0,1.0,12.0,2.0,1.0,1.0,5,5,3,0,3,0,30.35,79.0,66.0,109.0,1.817,4.0,11.37,roster,0,45.0,40.0,0.3041,19.46,2.3618,0.4,0.4398,2.8125,34.32,2.6,0.0,2.53,2.725
2021-01-01 17:00:00,17,22,22,0.0,3.0,19.0,0.0,0.0,1.0,11,10,4,0,4,0,31.35,132.5,126.0,169.0,2.817,4.0,11.37,roster,0,69.0,55.0,0.4792,34.59,4.4835,0.55,0.8795,3.1364,47.19,3.47,0.0,3.93,4.225
2021-01-01 18:00:00,18,16,16,0.0,3.0,11.0,1.0,1.0,1.0,5,4,4,0,4,0,6.617,175.5,165.0,199.0,3.317,4.0,11.37,roster,0,48.0,40.0,0.3333,22.42,2.2554,0.4,0.3518,3.0,34.32,3.47,0.0,4.63,4.975
2021-01-01 19:00:00,19,16,16,0.0,4.0,11.0,1.0,0.0,1.0,6,6,4,0,4,0,7.617,120.0,105.0,246.0,4.1,4.0,11.37,roster,0,51.0,40.0,0.3542,23.51,2.9571,0.4,0.5277,3.1875,34.32,3.47,0.0,5.72,6.15
2021-01-01 20:00:00,20,21,21,0.0,4.0,16.0,1.0,0.0,1.0,9,9,3,2,5,2,8.617,129.0,84.0,165.0,5.1,4.0,9.85,roster,0,66.0,52.5,0.4714,60.02,4.5216,0.525,0.9137,3.1429,45.04,4.34,26.8,3.84,4.125
2021-01-01 21:00:00,21,24,24,0.0,5.0,17.0,2.0,0.0,1.0,8,7,4,1,5,1,9.617,189.0,144.0,225.0,6.1,4.0,9.85,roster,0,75.0,60.0,0.5357,54.45,4.0958,0.6,0.7107,3.125,51.48,4.34,13.4,5.23,5.625
2021-01-01 22:00:00,22,23,23,0.0,2.0,19.0,2.0,0.0,1.0,9,8,3,1,4,1,10.617,226.5,204.0,426.0,7.1,3.0,6.6,roster,0,69.0,57.5,0.6389,56.11,5.3614,0.575,1.2121,3.0,49.33,3.47,13.4,9.9,10.65
2021-01-01 23:00:00,23,20,20,0.0,4.0,16.0,0.0,0.0,1.0,9,6,4,1,5,1,10.567,264.0,135.0,309.0,8.1,3.0,6.6,roster,0,64.0,50.0,0.6095,47.83,4.5091,0.5,0.9091,3.2,42.9,4.34,13.4,7.18,7.725
2021-01-02 00:00:00,0,19,19,0.0,4.0,15.0,0.0,0.0,1.0,7,6,5,1,6,1,9.1,259.5,154.0,369.0,9.1,3.0,6.6,roster,0,61.0,47.5,0.598,47.94,4.4437,0.475,0.9091,3.2105,40.75,5.21,13.4,8.58,9.225
2021-01-02 01:00:00,1,26,26,0.0,5.0,21.0,0.0,0.0,1.0,10,9,6,0,6,0,10.1,234.5,144.0,429.0,10.1,3.0,6.6,roster,0,83.0,65.0,0.8137,50.95,6.4281,0.65,1.3636,3.1923,55.77,5.21,0.0,9.97,10.725
2021-01-02 02:00:00,2,31,31,0.0,5.0,26.0,0.0,0.0,1.0,7,7,8,0,8,0,11.1,239.0,134.0,489.0,11.1,3.0,6.6,roster,0,98.0,77.5,1.0208,64.81,5.8029,0.775,1.0606,3.1613,66.5,6.95,0.0,11.37,12.225
2021-01-02 03:00:00,3,32,32,0.0,5.0,27.0,0.0,0.0,1.0,4,3,8,1,9,1,12.1,264.0,137.0,375.0,12.1,3.0,6.6,roster,0,101.0,80.0,1.086,78.57,3.9597,0.8,0.4545,3.1562,68.64,7.81,13.4,8.72,9.375
2021-01-02 04:00:00,4,29,29,0.0,4.0,25.0,0.0,0.0,1.0,2,1,8,0,8,0,13.1,359.0,254.0,609.0,13.1,3.0,6.6,roster,0,91.0,72.5,0.9479,63.31,2.7504,0.725,0.1515,3.1379,62.2,6.95,0.0,14.16,15.225
2021-01-02 05:00:00,5,30,30,0.0,4.0,26.0,0.0,0.0,1.0,2,2,8,0,8,0,14.1,419.0,314.0,669.0,14.1,3.0,6.6,roster,0,94.0,75.0,0.9792,66.85,3.2995,0.75,0.303,3.1333,64.35,6.95,0.0,15.55,16.725
2021-01-02 06:00:00,6,27,27,0.0,4.0,23.0,0.0,0.0,1.0,2,2,8,1,9,1,15.1,444.0,317.0,555.0,15.1,3.0,6.6,roster,0,85.0,67.5,0.914,72.03,3.079,0.675,0.303,3.1481,57.92,7.81,13.4,12.9,13.875
2021-01-02 07:00:00,7,22,22,0.0,3.0,19.0,0.0,0.0,1.0,1,1,8,2,10,2,16.1,469.0,364.0,615.0,16.1,3.0,6.6,roster,0,69.0,55.0,0.7667,76.97,2.2002,0.55,0.1515,3.1364,47.19,8.68,26.8,14.3,15.375
2021-01-02 08:00:00,8,18,18,0.0,2.0,16.0,0.0,0.0,1.0,2,2,7,1,8,1,17.1,599.0,494.0,849.0,17.1,3.0,6.8,roster,0,56.0,45.0,0.5833,58.7,2.315,0.45,0.2941,3.1111,38.61,6.95,13.4,19.74,21.225
2021-01-02 09:00:00,9,14,14,0.0,2.0,12.0,0.0,0.0,1.0,4,3,4,1,5,1,18.1,554.0,484.0,624.0,18.1,3.0,6.8,roster,0,44.0,35.0,0.419,42.28,2.4866,0.35,0.4412,3.1429,30.03,4.34,13.4,14.51,15.6
2021-01-02 10:00:00,10,19,19,0.0,6.0,13.0,0.0,0.0,1.0,9,9,2,1,3,1,19.1,684.0,356.0,1146.0,19.1,4.0,10.5,roster,0,63.0,47.5,0.4257,63.4,4.4171,0.475,0.8571,3.3158,40.75,2.6,13.4,26.64,28.65
2021-01-02 11:00:00,11,21,21,0.0,7.0,14.0,0.0,0.0,1.0,9,8,3,1,4,1,10.0,91.5,73.0,416.0,6.933,4.0,10.5,roster,0,70.0,52.5,0.4861,51.59,4.2897,0.525,0.7619,3.3333,45.04,3.47,13.4,9.67,10.4
2021-01-02 12:00:00,12,26,26,0.0,8.0,18.0,0.0,0.0,1.0,10,8,4,2,6,2,11.0,128.5,101.0,170.0,7.933,4.0,10.5,roster,0,86.0,65.0,0.6324,71.73,4.6701,0.65,0.7619,3.3077,55.77,5.21,26.8,3.95,4.25
2021-01-02 13:00:00,13,26,26,0.0,7.0,17.0,2.0,0.0,1.0,13,10,5,2,7,2,10.783,156.0,83.0,184.0,8.933,4.0,10.5,roster,0,83.0,65.0,0.6288,72.93,5.1153,0.65,0.9524,3.1923,55.77,6.08,26.8,4.28,4.6
2021-01-02 14:00:00,14,29,29,2.0,8.0,14.0,3.0,2.0,1.0,10,11,6,2,8,2,11.783,141.0,110.0,221.0,4.067,4.0,10.5,roster,0,92.0,72.5,0.7188,81.09,5.6235,0.725,1.0476,3.1724,62.2,6.95,26.8,5.14,5.525
2021-01-02 15:00:00,15,27,27,2.0,6.0,18.0,1.0,0.0,1.0,9,8,7,2,9,2,12.783,199.0,100.0,276.0,5.067,4.0,10.5,roster,0,90.0,67.5,0.7258,78.95,4.7897,0.675,0.7619,3.3333,57.92,7.81,26.8,6.42,6.9
2021-01-02 16:00:00,16,24,24,2.0,5.0,15.0,2.0,0.0,1.0,8,7,5,1,6,1,13.783,244.5,147.0,341.0,6.067,4.0,10.5,roster,0,79.0,60.0,0.5809,58.02,4.1694,0.6,0.6667,3.2917,51.48,5.21,13.4,7.93,8.525
2021-01-02 17:00:00,17,20,20,2.0,5.0,13.0,0.0,0.0,1.0,8,5,5,1,6,1,14.783,206.0,103.0,290.0,7.067,4.0,10.5,roster,0,69.0,50.0,0.5074,48.25,3.3679,0.5,0.4762,3.45,42.9,5.21,13.4,6.74,7.25
2021-01-02 18:00:00,18,25,25,2.0,4.0,19.0,0.0,0.0,1.0,11,11,6,0,6,0,8.517,214.0,156.0,267.0,8.067,4.0,10.5,roster,0,83.0,62.5,0.6103,45.04,5.5531,0.625,1.0476,3.32,53.62,5.21,0.0,6.21,6.675
2021-01-02 19:00:00,19,22,22,3.0,3.0,16.0,0.0,0.0,1.0,5,5,5,1,6,1,9.517,107.5,99.0,116.0,5.417,4.0,10.5,roster,0,75.0,55.0,0.5515,48.5,3.4984,0.55,0.4762,3.4091,47.19,5.21,13.4,2.7,2.9
2021-01-02 20:00:00,20,16,16,1.0,1.0,14.0,0.0,0.0,1.0,6,4,6,1,7,1,10.517,159.0,118.0,176.0,6.417,4.0,11.76,roster,0,51.0,40.0,0.3864,37.89,2.3592,0.4,0.3401,3.1875,34.32,6.08,13.4,4.09,4.4
2021-01-02 21:00:00,21,18,18,0.0,2.0,16.0,0.0,0.0,1.0,9,8,5,1,6,1,11.517,145.0,76.0,236.0,7.417,4.0,11.76,roster,0,56.0,45.0,0.4118,42.71,3.5164,0.45,0.6803,3.1111,38.61,5.21,13.4,5.49,5.9
2021-01-02 22:00:00,22,15,15,0.0,2.0,13.0,0.0,0.0,1.0,7,6,5,1,6,1,12.517,132.5,96.0,142.0,8.417,3.0,8.06,roster,0,47.0,37.5,0.4608,34.09,3.5075,0.375,0.7444,3.1333,32.17,5.21,13.4,3.3,3.55
2021-01-02 23:00:00,23,17,17,0.0,4.0,13.0,0.0,0.0,1.0,8,7,6,0,6,0,13.517,172.5,131.0,196.0,9.417,3.0,8.06,roster,0,55.0,42.5,0.5392,26.23,4.1848,0.425,0.8685,3.2353,36.46,5.21,0.0,4.56,4.9
2021-01-03 00:00:00,0,20,20,0.0,5.0,15.0,0.0,0.0,1.0,7,7,8,0,8,0,14.517,171.0,109.0,249.0,10.417,3.0,8.06,roster,0,65.0,50.0,0.6771,35.64,4.4476,0.5,0.8685,3.25,42.9,6.95,0.0,5.79,6.225
2021-01-03 01:00:00,1,12,12,0.0,2.0,10.0,0.0,0.0,1.0,2,1,8,0,8,0,11.417,231.0,169.0,309.0,11.417,3.0,8.06,roster,0,38.0,30.0,0.3958,19.87,1.3429,0.3,0.1241,3.1667,25.74,6.95,0.0,7.18,7.725
2021-01-03 02:00:00,2,17,17,0.0,2.0,15.0,0.0,0.0,1.0,6,6,8,0,8,0,12.417,291.0,229.0,369.0,12.417,3.0,8.06,roster,0,53.0,42.5,0.5521,31.99,3.6458,0.425,0.7444,3.1176,36.46,6.95,0.0,8.58,9.225
2021-01-03 03:00:00,3,16,16,0.0,3.0,12.0,1.0,0.0,1.0,5,3,8,0,8,0,13.417,351.0,289.0,429.0,13.417,3.0,8.06,roster,0,50.0,40.0,0.5208,31.24,2.4132,0.4,0.3722,3.125,34.32,6.95,0.0,9.97,10.725
2021-01-03 04:00:00,4,16,16,0.0,3.0,13.0,0.0,0.0,1.0,2,3,8,0,8,0,14.417,411.0,349.0,489.0,14.417,3.0,8.06,roster,0,51.0,40.0,0.5312,32.64,2.4614,0.4,0.3722,3.1875,34.32,6.95,0.0,11.37,12.225
2021-01-03 05:00:00,5,17,17,0.0,3.0,14.0,0.0,0.0,1.0,1,1,8,0,8,0,15.417,471.0,409.0,549.0,15.417,3.0,8.06,roster,0,54.0,42.5,0.5625,36.18,1.7441,0.425,0.1241,3.1765,36.46,6.95,0.0,12.76,13.725
2021-01-03 06:00:00,6,16,16,0.0,4.0,12.0,0.0,0.0,1.0,4,4,8,0,8,0,16.417,531.0,469.0,609.0,16.417,3.0,8.06,roster,0,52.0,40.0,0.5417,35.43,2.9129,0.4,0.4963,3.25,34.32,6.95,0.0,14.16,15.225
2021-01-03 07:00:00,7,18,18,1.0,6.0,10.0,1.0,0.0,1.0,5,5,8,0,8,0,17.417,591.0,529.0,669.0,17.417,3.0,8.06,roster,0,61.0,45.0,0.6354,41.11,3.6273,0.45,0.6203,3.3889,38.61,6.95,0.0,15.55,16.725
2021-01-03 08:00:00,8,16,16,1.0,6.0,9.0,0.0,0.0,1.0,1,1,9,1,10,1,18.417,587.0,98.0,671.0,18.417,3.0,6.66,roster,0,56.0,40.0,0.6222,52.0,1.9255,0.4,0.1502,3.5,34.32,8.68,13.4,15.6,16.775
2021-01-03 09:00:00,9,16,16,0.0,6.0,8.0,2.0,0.0,1.0,7,7,4,0,4,0,19.417,743.5,731.0,1165.0,19.417,3.0,6.66,roster,0,52.0,40.0,0.4815,44.88,4.7159,0.4,1.0511,3.25,34.32,3.47,0.0,27.09,29.125
2021-01-03 10:00:00,10,20,20,0.0,5.0,11.0,4.0,0.0,1.0,6,7,5,0,5,0,20.417,205.0,117.0,791.0,20.417,4.0,10.0,roster,0,61.0,50.0,0.4357,45.63,3.66,0.5,0.7,3.05,42.9,4.34,0.0,18.39,19.775
2021-01-03 11:00:00,11,26,26,2.0,6.0,13.0,5.0,0.0,1.0,14,12,5,0,5,0,14.183,120.0,86.0,177.0,14.183,4.0,10.0,roster,0,83.0,65.0,0.5929,44.23,5.9058,0.65,1.2,3.1923,55.77,4.34,0.0,4.12,4.425
2021-01-03 12:00:00,12,25,25,2.0,3.0,17.0,3.0,0.0,1.0,12,9,7,2,9,2,15.183,102.0,90.0,146.0,15.183,4.0,10.0,roster,0,79.0,62.5,0.6371,71.63,4.819,0.625,0.9,3.16,53.62,7.81,26.8,3.39,3.65
2021-01-03 13:00:00,13,33,33,2.0,4.0,25.0,2.0,0.0,1.0,14,14,6,2,8,2,6.317,156.0,137.0,206.0,4.95,4.0,10.0,roster,0,105.0,82.5,0.8203,89.32,7.0795,0.825,1.4,3.1818,70.78,6.95,26.8,4.79,5.15
2021-01-03 14:00:00,14,32,32,1.0,4.0,26.0,1.0,0.0,1.0,14,12,6,2,8,2,7.317,175.0,102.0,222.0,5.95,4.0,10.0,roster,0,101.0,80.0,0.7891,87.55,6.3125,0.8,1.2,3.1562,68.64,6.95,26.8,5.16,5.55
2021-01-03 15:00:00,15,40,40,1.0,4.0,32.0,3.0,0.0,1.0,15,15,8,3,11,3,6.95,154.0,97.0,243.0,6.95,4.0,10.0,roster,0,123.0,100.0,1.0603,121.2,7.6875,1.0,1.5,3.075,85.8,9.55,40.2,5.65,6.075
2021-01-03 16:00:00,16,30,30,2.0,4.0,22.0,2.0,0.0,1.0,8,6,7,3,10,3,5.7,163.0,142.0,222.0,5.7,4.0,10.0,roster,0,96.0,75.0,0.8,98.39,4.32,0.75,0.6,3.2,64.35,8.68,40.2,5.16,5.55
2021-01-03 17:00:00,17,29,29,2.0,2.0,22.0,3.0,0.0,1.0,10,9,5,4,9,4,6.7,202.0,137.0,229.0,6.7,4.0,10.0,roster,0,90.0,72.5,0.7258,108.94,5.0431,0.725,0.9,3.1034,62.2,7.81,53.6,5.32,5.725
2021-01-03 18:00:00,18,28,28,1.0,2.0,24.0,1.0,0.0,1.0,7,6,7,3,10,3,7.7,231.5,170.0,289.0,7.7,4.0,10.0,roster,0,87.0,70.0,0.725,95.66,4.0393,0.7,0.6,3.1071,60.06,8.68,40.2,6.72,7.225
2021-01-03 19:00:00,19,27,27,1.0,1.0,23.0,2.0,0.0,1.0,10,10,4,2,6,2,8.7,289.5,230.0,349.0,8.7,4.0,10.0,roster,0,82.0,67.5,0.6029,78.04,5.087,0.675,1.0,3.037,57.92,5.21,26.8,8.11,8.725
2021-01-03 20:00:00,20,24,24,0.0,1.0,20.0,3.0,0.0,1.0,12,9,2,1,3,1,7.633,317.0,84.0,382.0,6.367,4.0,11.1,roster,0,70.0,60.0,0.473,56.37,4.1149,0.6,0.8108,2.9167,51.48,2.6,13.4,8.88,9.55
2021-01-03 21:00:00,21,31,31,0.0,2.0,27.0,2.0,0.0,1.0,15,14,1,1,2,1,8.633,266.5,91.0,442.0,7.367,4.0,11.1,roster,0,93.0,77.5,0.6118,71.91,6.1088,0.775,1.2613,3.0,66.5,1.74,13.4,10.28,11.05
2021-01-03 22:00:00,22,35,35,0.0,1.0,32.0,2.0,0.0,1.0,16,14,4,1,5,1,9.633,113.0,95.0,151.0,8.367,3.0,7.76,roster,0,104.0,87.5,0.9905,76.33,7.9608,0.875,1.8041,2.9714,75.08,4.34,13.4,3.51,3.775
2021-01-03 23:00:00,23,34,34,0.0,3.0,29.0,2.0,0.0,1.0,10,9,8,1,9,1,10.633,129.0,104.0,173.0,9.367,3.0,7.76,roster,0,103.0,85.0,1.1075,78.17,6.0885,0.85,1.1598,3.0294,72.93,7.81,13.4,4.02,4.325
2021-01-04 00:00:00,0,34,34,0.0,2.0,30.0,2.0,0.0,1.0,8,8,8,1,9,1,11.633,189.0,164.0,233.0,10.367,3.0,7.76,roster,0,102.0,85.0,1.0968,79.56,5.6428,0.85,1.0309,3.0,72.93,7.81,13.4,5.42,5.825
2021-01-04 01:00:00,1,33,33,0.0,2.0,30.0,1.0,0.0,1.0,8,8,8,1,9,1,12.633,249.0,224.0,293.0,11.367,3.0,7.76,roster,0,100.0,82.5,1.0753,78.81,5.624,0.825,1.0309,3.0303,70.78,7.81,13.4,6.81,7.325
2021-01-04 02:00:00,2,26,26,0.0,2.0,23.0,1.0,0.0,1.0,4,3,8,1,9,1,13.633,309.0,284.0,353.0,12.367,3.0,7.76,roster,0,79.0,65.0,0.8495,65.19,3.1497,0.65,0.3866,3.0385,55.77,7.81,13.4,8.21,8.825
2021-01-04 03:00:00,3,26,26,0.0,4.0,21.0,1.0,0.0,1.0,3,3,8,1,9,1,14.633,369.0,344.0,413.0,13.367,3.0,7.76,roster,0,81.0,65.0,0.871,66.59,3.2294,0.65,0.3866,3.1154,55.77,7.81,13.4,9.6,10.325
2021-01-04 04:00:00,4,28,28,0.0,4.0,22.0,2.0,0.0,1.0,5,5,9,1,10,1,15.633,423.5,373.0,473.0,14.367,3.0,7.76,roster,0,86.0,70.0,0.9556,73.14,4.129,0.7,0.6443,3.0714,60.06,8.68,13.4,11.0,11.825
2021-01-04 05:00:00,5,27,27,0.0,4.0,22.0,1.0,0.0,1.0,1,1,9,1,10,1,16.633,483.5,433.0,533.0,15.367,3.0,7.76,roster,0,84.0,67.5,0.9333,72.39,2.5009,0.675,0.1289,3.1111,57.92,8.68,13.4,12.39,13.325
2021-01-04 06:00:00,6,25,25,0.0,4.0,20.0,1.0,0.0,1.0,4,4,10,1,11,1,17.633,538.0,488.0,593.0,16.367,3.0,7.76,roster,0,78.0,62.5,0.8966,70.36,3.5582,0.625,0.5155,3.12,53.62,9.55,13.4,13.79,14.825
2021-01-04 07:00:00,7,25,25,0.0,4.0,20.0,1.0,0.0,1.0,1,1,11,1,12,1,18.633,591.0,548.0,653.0,17.367,3.0,7.76,roster,0,78.0,62.5,0.9286,72.63,2.3521,0.625,0.1289,3.12,53.62,10.42,13.4,15.18,16.325
2021-01-04 08:00:00,8,22,22,0.0,4.0,17.0,1.0,0.0,1.0,2,1,10,1,11,1,19.633,658.0,608.0,713.0,18.367,3.0,8.12,roster,0,69.0,55.0,0.7931,66.72,2.1113,0.55,0.1232,3.1364,47.19,9.55,13.4,16.58,17.825
2021-01-04 09:00:00,9,21,21,0.0,2.0,17.0,2.0,0.0,1.0,9,9,3,1,4,1,20.633,792.0,773.0,1162.0,19.367,3.0,8.12,roster,0,63.0,52.5,0.5833,68.93,4.9001,0.525,1.1084,3.0,45.04,3.47,13.4,27.02,29.05
2021-01-04 10:00:00,10,21,21,0.0,2.0,18.0,1.0,0.0,1.0,5,5,4,2,6,2,20.367,474.0,77.0,871.0,20.367,4.0,11.37,roster,0,64.0,52.5,0.4706,77.31,2.9402,0.525,0.4398,3.0476,45.04,5.21,26.8,20.25,21.775
2021-01-04 11:00:00,11,18,18,0.0,2.0,15.0,1.0,0.0,1.0,4,3,5,3,8,3,21.367,135.0,119.0,931.0,21.367,4.0,11.37,roster,0,55.0,45.0,0.4297,87.4,2.1812,0.45,0.2639,3.0556,38.61,6.95,40.2,21.65,23.275
2021-01-04 12:00:00,12,19,19,0.0,3.0,15.0,1.0,0.0,1.0,6,5,7,2,9,2,19.067,179.0,135.0,197.0,16.517,4.0,11.37,roster,0,59.0,47.5,0.4758,59.95,2.8406,0.475,0.4398,3.1053,40.75,7.81,26.8,4.58,4.925
2021-01-04 13:00:00,13,27,27,0.0,5.0,21.0,1.0,0.0,1.0,13,12,6,3,9,3,20.067,195.0,141.0,239.0,4.917,4.0,11.37,roster,0,85.0,67.5,0.6855,91.49,5.4476,0.675,1.0554,3.1481,57.92,7.81,40.2,5.56,5.975
2021-01-04 14:00:00,14,27,27,0.0,6.0,20.0,1.0,0.0,1.0,6,6,9,4,13,4,21.067,201.0,114.0,295.0,5.917,4.0,11.37,roster,0,86.0,67.5,0.7963,109.66,3.8308,0.675,0.5277,3.1852,57.92,11.29,53.6,6.86,7.375
2021-01-04 15:00:00,15,28,28,0.0,7.0,21.0,0.0,0.0,1.0,10,9,8,4,12,4,22.067,193.0,169.0,355.0,6.917,4.0,11.37,roster,0,91.0,70.0,0.8125,112.33,4.8476,0.7,0.7916,3.25,60.06,10.42,53.6,8.25,8.875
2021-01-04 16:00:00,16,28,28,0.0,6.0,22.0,0.0,0.0,1.0,9,8,10,2,12,2,23.067,236.0,113.0,375.0,7.917,4.0,11.37,roster,0,90.0,70.0,0.8036,86.0,4.5116,0.7,0.7036,3.2143,60.06,10.42,26.8,8.72,9.375
2021-01-04 17:00:00,17,25,25,0.0,6.0,19.0,0.0,0.0,1.0,3,4,8,2,10,2,24.067,281.0,130.0,386.0,7.917,4.0,11.37,roster,0,81.0,62.5,0.675,78.08,3.1648,0.625,0.3518,3.24,53.62,8.68,26.8,8.97,9.65
2021-01-04 18:00:00,18,29,29,1.0,6.0,22.0,0.0,0.0,1.0,6,5,8,2,10,2,25.067,341.0,190.0,446.0,8.917,4.0,11.37,roster,0,95.0,72.5,0.7917,88.06,3.8156,0.725,0.4398,3.2759,62.2,8.68,26.8,10.37,11.15
2021-01-04 19:00:00,19,27,27,2.0,3.0,22.0,0.0,0.0,1.0,8,8,7,1,8,1,9.25,226.0,180.0,506.0,9.25,4.0,11.37,roster,0,88.0,67.5,0.6875,70.03,4.4932,0.675,0.7036,3.2593,57.92,6.95,13.4,11.76,12.65
2021-01-04 20:00:00,20,23,23,2.0,3.0,18.0,0.0,0.0,1.0,7,6,7,1,8,1,10.25,247.5,156.0,444.0,10.25,4.0,9.9,roster,0,76.0,57.5,0.5938,60.0,3.9026,0.575,0.6061,3.3043,49.33,6.95,13.4,10.32,11.1
2021-01-04 21:00:00,21,27,27,1.0,6.0,20.0,0.0,0.0,1.0,10,10,9,0,9,0,11.25,300.0,98.0,377.0,11.25,4.0,9.9,roster,0,89.0,67.5,0.7177,54.5,5.5546,0.675,1.0101,3.2963,57.92,7.81,0.0,8.77,9.425
2021-01-04 22:00:00,22,29,29,0.0,7.0,21.0,1.0,0.0,1.0,8,8,6,0,6,0,12.25,367.5,158.0,437.0,12.25,3.0,6.65,roster,0,93.0,72.5,0.9118,57.58,6.1829,0.725,1.203,3.2069,62.2,5.21,0.0,10.16,10.925
2021-01-04 23:00:00,23,26,26,0.0,7.0,19.0,0.0,0.0,1.0,8,8,5,0,5,0,8.6,218.0,210.0,435.0,8.283,3.0,6.65,roster,0,85.0,65.0,0.8095,50.23,6.0579,0.65,1.203,3.2692,55.77,4.34,0.0,10.11,10.875
2021-01-05 00:00:00,0,23,23,0.0,4.0,19.0,0.0,0.0,1.0,6,5,6,0,6,0,9.6,274.0,111.0,495.0,9.283,3.0,6.65,roster,0,73.0,57.5,0.7157,46.05,4.2114,0.575,0.7519,3.1739,49.33,5.21,0.0,11.51,12.375
2021-01-05 01:00:00,1,21,21,0.0,4.0,16.0,1.0,0.0,1.0,5,4,8,0,8,0,10.6,250.5,168.0,555.0,10.283,3.0,6.65,roster,0,66.0,52.5,0.6875,44.9,3.5404,0.525,0.6015,3.1429,45.04,6.95,0.0,12.9,13.875
2021-01-05 02:00:00,2,18,18,0.0,4.0,14.0,0.0,0.0,1.0,4,4,8,0,8,0,11.6,310.5,228.0,615.0,11.283,3.0,6.65,roster,0,58.0,45.0,0.6042,39.86,3.3882,0.45,0.6015,3.2222,38.61,6.95,0.0,14.3,15.375
2021-01-05 03:00:00,3,18,18,0.0,3.0,14.0,1.0,0.0,1.0,3,3,9,0,9,0,12.6,291.0,238.0,458.0,12.283,3.0,6.65,roster,0,56.0,45.0,0.6022,37.07,2.8035,0.45,0.4511,3.1111,38.61,7.81,0.0,10.65,11.45
2021-01-05 04:00:00,4,20,20,0.0,3.0,16.0,1.0,0.0,1.0,3,3,9,0,9,0,13.6,351.0,298.0,518.0,13.283,3.0,6.65,roster,0,62.0,50.0,0.6667,42.76,2.9485,0.5,0.4511,3.1,42.9,7.81,0.0,12.04,12.95
2021-01-05 05:00:00,5,20,20,0.0,3.0,16.0,1.0,0.0,1.0,1,1,10,0,10,0,14.6,409.5,313.0,578.0,14.283,3.0,6.65,roster,0,62.0,50.0,0.6889,45.02,2.0162,0.5,0.1504,3.1,42.9,8.68,0.0,13.44,14.45
2021-01-05 06:00:00,6,23,23,1.0,4.0,17.0,1.0,0.0,1.0,4,4,11,0,11,0,15.6,468.0,288.0,638.0,15.283,3.0,6.65,roster,0,74.0,57.5,0.8506,53.72,3.7853,0.575,0.6015,3.2174,49.33,9.55,0.0,14.83,15.95
2021-01-05 07:00:00,7,26,26,1.0,4.0,20.0,1.0,0.0,1.0,3,4,11,1,12,1,16.6,503.0,348.0,698.0,16.283,3.0,6.65,roster,0,83.0,65.0,0.9881,75.82,3.9952,0.65,0.6015,3.1923,55.77,10.42,13.4,16.23,17.45
2021-01-05 08:00:00,8,25,25,0.0,4.0,20.0,1.0,0.0,1.0,1,1,11,0,11,0,17.6,588.0,408.0,758.0,17.283,3.0,6.68,roster,0,78.0,62.5,0.8966,60.8,2.4171,0.625,0.1497,3.12,53.62,9.55,0.0,17.62,18.95
2021-01-05 09:00:00,9,15,15,0.0,4.0,11.0,0.0,0.0,1.0,3,3,5,0,5,0,18.6,810.0,651.0,1035.0,18.283,3.0,6.68,roster,0,49.0,37.5,0.4667,40.58,2.6921,0.375,0.4491,3.2667,32.17,4.34,0.0,24.06,25.875
2021-01-05 10:00:00,10,17,17,0.0,5.0,12.0,0.0,0.0,1.0,4,3,5,0,5,0,19.6,711.0,658.0,1095.0,19.283,4.0,9.93,roster,0,56.0,42.5,0.4,46.27,2.3952,0.425,0.3021,3.2941,36.46,4.34,0.0,25.46,27.375
2021-01-05 11:00:00,11,14,14,0.0,7.0,7.0,0.0,0.0,1.0,5,3,3,1,4,1,20.6,126.0,90.0,1155.0,19.25,4.0,9.93,roster,0,49.0,35.0,0.3403,53.76,2.2824,0.35,0.3021,3.5,30.03,3.47,13.4,26.85,28.875
2021-01-05 12:00:00,12,15,15,0.0,8.0,7.0,0.0,0.0,1.0,7,6,2,1,3,1,20.25,150.0,146.0,1215.0,20.25,4.0,9.93,roster,0,53.0,37.5,0.3581,56.43,3.4599,0.375,0.6042,3.5333,32.17,2.6,13.4,28.25,30.375
2021-01-05 13:00:00,13,21,21,1.0,10.0,10.0,0.0,0.0,1.0,8,8,3,1,4,1,21.25,208.0,206.0,1275.0,21.25,4.0,9.93,roster,0,75.0,52.5,0.5208,71.56,4.7523,0.525,0.8056,3.5714,45.04,3.47,13.4,29.64,31.875
2021-01-05 14:00:00,14,20,20,1.0,7.0,12.0,0.0,0.0,1.0,6,5,4,3,7,3,22.25,107.0,71.0,270.0,22.25,4.0,9.93,roster,0,69.0,50.0,0.5227,75.46,3.4622,0.5,0.5035,3.45,42.9,6.08,40.2,6.28,6.75
2021-01-05 15:00:00,15,25,25,1.0,8.0,16.0,0.0,0.0,1.0,9,9,5,3,8,3,16.133,135.0,127.0,215.0,5.5,4.0,9.93,roster,0,85.0,62.5,0.6641,85.77,5.2066,0.625,0.9063,3.4,53.62,6.95,40.2,5.0,5.375
2021-01-05 16:00:00,16,21,21,1.0,6.0,14.0,0.0,0.0,1.0,4,4,6,2,8,2,9.65,189.0,144.0,227.0,4.583,4.0,9.93,roster,0,71.0,52.5,0.5547,64.07,3.1369,0.525,0.4028,3.381,45.04,6.95,26.8,5.28,5.675
2021-01-05 17:00:00,17,18,18,2.0,6.0,10.0,0.0,0.0,1.0,5,4,5,2,7,2,5.583,247.0,195.0,287.0,5.583,4.0,9.93,roster,0,64.0,45.0,0.4848,58.16,3.0322,0.45,0.4028,3.5556,38.61,6.08,26.8,6.67,7.175
2021-01-05 18:00:00,18,14,14,2.0,3.0,9.0,0.0,0.0,1.0,4,4,3,2,5,2,5.683,186.0,115.0,264.0,5.183,4.0,9.93,roster,0,49.0,35.0,0.35,47.31,2.6349,0.35,0.4028,3.5,30.03,4.34,26.8,6.14,6.6
2021-01-05 19:00:00,19,13,13,1.0,2.0,10.0,0.0,0.0,1.0,5,4,1,1,2,1,6.683,273.0,175.0,371.0,6.183,4.0,9.93,roster,0,43.0,32.5,0.2829,31.65,2.4074,0.325,0.4028,3.3077,27.88,1.74,13.4,8.63,9.275
2021-01-05 20:00:00,20,10,10,2.0,1.0,6.0,1.0,0.0,1.0,3,3,1,1,2,1,7.683,271.0,111.0,431.0,7.183,4.0,9.82,roster,0,34.0,25.0,0.2237,26.61,1.8887,0.25,0.3055,3.4,21.45,1.74,13.4,10.02,10.775
2021-01-05 21:00:00,21,14,14,2.0,1.0,8.0,3.0,0.0,1.0,5,5,1,1,2,1,8.683,295.5,100.0,491.0,8.183,4.0,9.82,roster,0,44.0,35.0,0.2895,36.58,2.7002,0.35,0.5092,3.1429,30.03,1.74,13.4,11.42,12.275
2021-01-05 22:00:00,22,16,16,1.0,1.0,11.0,3.0,0.0,1.0,6,6,2,0,2,0,9.683,114.5,69.0,160.0,2.667,3.0,6.57,roster,0,48.0,40.0,0.4211,19.78,3.9397,0.4,0.9132,3.0,34.32,1.74,0.0,3.72,4.0
2021-01-05 23:00:00,23,18,18,1.0,4.0,10.0,3.0,0.0,1.0,10,8,2,0,2,0,10.683,174.5,129.0,220.0,3.667,3.0,6.57,roster,0,57.0,45.0,0.5,25.46,5.2809,0.45,1.2177,3.1667,38.61,1.74,0.0,5.12,5.5
2021-01-06 00:00:00,0,19,19,2.0,4.0,11.0,2.0,0.0,1.0,5,4,3,0,3,0,7.5,189.0,118.0,280.0,4.667,3.0,6.57,roster,0,63.0,47.5,0.5676,29.87,3.5937,0.475,0.6088,3.3158,40.75,2.6,0.0,6.51,7.0
2021-01-06 01:00:00,1,23,23,2.0,4.0,12.0,4.0,1.0,1.0,6,6,5,0,5,0,8.5,178.0,116.0,249.0,5.667,3.0,6.57,roster,0,71.0,57.5,0.6762,39.47,4.5941,0.575,0.9132,3.087,49.33,4.34,0.0,5.79,6.225
2021-01-06 02:00:00,2,19,19,1.0,3.0,12.0,3.0,0.0,1.0,3,2,5,0,5,0,8.483,238.0,176.0,309.0,6.667,3.0,6.57,roster,0,59.0,47.5,0.5619,32.28,2.4203,0.475,0.3044,3.1053,40.75,4.34,0.0,7.18,7.725
2021-01-06 03:00:00,3,21,21,1.0,3.0,13.0,4.0,0.0,1.0,5,4,5,0,5,0,9.483,298.0,236.0,369.0,7.667,3.0,6.57,roster,0,64.0,52.5,0.6095,37.97,3.4555,0.525,0.6088,3.0476,45.04,4.34,0.0,8.58,9.225
2021-01-06 04:00:00,4,21,21,1.0,3.0,13.0,4.0,0.0,1.0,0,0,5,0,5,0,10.483,358.0,296.0,429.0,8.667,3.0,6.57,roster,0,64.0,52.5,0.6095,39.36,1.6,0.525,0.0,3.0476,45.04,4.34,0.0,9.97,10.725
2021-01-06 05:00:00,5,20,20,1.0,3.0,13.0,3.0,0.0,1.0,1,1,5,0,5,0,11.483,418.0,356.0,489.0,9.667,3.0,6.57,roster,0,62.0,50.0,0.5905,38.61,2.0218,0.5,0.1522,3.1,42.9,4.34,0.0,11.37,12.225
2021-01-06 06:00:00,6,18,18,1.0,3.0,11.0,3.0,0.0,1.0,1,1,5,1,6,1,12.483,447.0,379.0,549.0,10.667,3.0,6.57,roster,0,56.0,45.0,0.549,49.98,1.8735,0.45,0.1522,3.1111,38.61,5.21,13.4,12.76,13.725
2021-01-06 07:00:00,7,17,17,1.0,3.0,10.0,3.0,0.0,1.0,2,2,5,0,5,0,13.483,538.0,476.0,609.0,11.667,3.0,6.57,roster,0,53.0,42.5,0.5048,34.97,2.2741,0.425,0.3044,3.1176,36.46,4.34,0.0,14.16,15.225
2021-01-06 08:00:00,8,17,17,1.0,3.0,10.0,3.0,0.0,1.0,1,1,5,0,5,0,14.483,598.0,536.0,669.0,12.667,3.0,7.46,roster,0,53.0,42.5,0.5048,36.36,1.7429,0.425,0.134,3.1176,36.46,4.34,0.0,15.55,16.725
2021-01-06 09:00:00,9,14,14,0.0,3.0,8.0,3.0,0.0,1.0,3,3,4,0,4,0,15.483,627.0,596.0,729.0,12.15,3.0,7.46,roster,0,42.0,35.0,0.3889,30.45,2.2564,0.35,0.4021,3.0,30.03,3.47,0.0,16.95,18.225
2021-01-06 10:00:00,10,19,19,0.0,2.0,13.0,4.0,0.0,1.0,11,11,1,0,1,0,16.483,619.0,619.0,619.0,10.317,4.0,11.16,roster,0,55.0,47.5,0.3526,36.02,4.2282,0.475,0.9857,2.8947,40.75,0.87,0.0,14.39,15.475
2021-01-06 11:00:00,11,22,22,0.0,4.0,11.0,7.0,0.0,1.0,10,10,4,0,4,0,17.483,87.0,81.0,679.0,11.317,4.0,11.16,roster,0,63.0,55.0,0.4375,46.45,4.141,0.55,0.8961,2.8636,47.19,3.47,0.0,15.79,16.975
2021-01-06 12:00:00,12,24,24,0.0,6.0,14.0,4.0,0.0,1.0,7,7,8,1,9,1,18.483,110.0,78.0,121.0,12.317,4.0,11.16,roster,0,74.0,60.0,0.5968,55.51,3.784,0.6,0.6272,3.0833,51.48,7.81,13.4,2.81,3.025
2021-01-06 13:00:00,13,21,21,0.0,4.0,13.0,4.0,0.0,1.0,5,5,6,1,7,1,19.483,138.0,123.0,213.0,13.317,4.0,11.16,roster,0,63.0,52.5,0.4773,49.48,2.9191,0.525,0.448,3.0,45.04,6.08,13.4,4.95,5.325
2021-01-06 14:00:00,14,24,24,0.0,3.0,16.0,5.0,0.0,1.0,10,10,4,1,5,1,20.483,198.0,183.0,241.0,4.55,4.0,11.16,roster,0,70.0,60.0,0.5,54.82,4.3635,0.6,0.8961,2.9167,51.48,4.34,13.4,5.6,6.025
2021-01-06 15:00:00,15,18,18,0.0,3.0,15.0,0.0,0.0,1.0,5,5,3,1,4,1,21.483,193.0,143.0,333.0,5.55,4.0,11.16,roster,0,57.0,45.0,0.3958,43.23,2.8438,0.45,0.448,3.1667,38.61,3.47,13.4,7.74,8.325
2021-01-06 16:00:00,16,13,13,0.0,1.0,11.0,1.0,0.0,1.0,3,3,2,0,2,0,22.483,263.0,133.0,393.0,6.55,4.0,11.16,roster,0,39.0,32.5,0.2566,18.76,1.7815,0.325,0.2688,3.0,27.88,1.74,0.0,9.14,9.825
2021-01-06 17:00:00,17,15,15,0.0,3.0,11.0,1.0,0.0,1.0,8,7,2,0,2,0,7.55,259.0,65.0,453.0,7.55,4.0,11.16,roster,0,47.0,37.5,0.3092,24.44,3.1404,0.375,0.6272,3.1333,32.17,1.74,0.0,10.53,11.325
2021-01-06 18:00:00,18,12,12,0.0,4.0,7.0,1.0,0.0,1.0,3,3,4,0,4,0,3.217,102.0,95.0,116.0,1.933,4.0,11.16,roster,0,39.0,30.0,0.2708,11.91,1.8487,0.3,0.2688,3.25,25.74,3.47,0.0,2.7,2.9
2021-01-06 19:00:00,19,14,14,0.0,5.0,8.0,1.0,0.0,1.0,5,4,4,0,4,0,4.217,154.0,139.0,176.0,2.933,4.0,11.16,roster,0,46.0,35.0,0.3194,17.6,2.3277,0.35,0.3584,3.2857,30.03,3.47,0.0,4.09,4.4
2021-01-06 20:00:00,20,20,20,0.0,9.0,10.0,1.0,0.0,1.0,12,10,4,0,4,0,5.15,172.5,146.0,236.0,3.933,4.0,10.36,roster,0,68.0,50.0,0.4722,31.86,4.9819,0.5,0.9653,3.4,42.9,3.47,0.0,5.49,5.9
2021-01-06 21:00:00,21,20,20,0.0,7.0,13.0,0.0,0.0,1.0,8,6,1,1,2,1,6.15,168.0,77.0,259.0,4.317,4.0,10.36,roster,0,67.0,50.0,0.4408,44.06,3.6152,0.5,0.5792,3.35,42.9,1.74,13.4,6.02,6.475
2021-01-06 22:00:00,22,16,16,0.0,8.0,8.0,0.0,0.0,1.0,7,5,1,1,2,1,7.15,228.0,137.0,319.0,5.317,3.0,6.66,roster,0,56.0,40.0,0.4912,36.87,4.0276,0.4,0.7508,3.5,34.32,1.74,13.4,7.42,7.975
2021-01-06 23:00:00,23,16,16,0.0,6.0,9.0,1.0,0.0,1.0,7,6,0,0,0,0,3.983,0.0,,,,3.0,6.66,roster,0,53.0,40.0,0.4417,14.32,4.3092,0.4,0.9009,3.3125,34.32,0.0,0.0,0.0,0.0
2021-01-07 00:00:00,0,12,12,0.0,6.0,6.0,0.0,0.0,1.0,4,3,1,1,2,1,4.983,95.5,73.0,118.0,1.967,3.0,6.66,roster,0,42.0,30.0,0.3684,23.62,2.6266,0.3,0.4505,3.5,25.74,1.74,13.4,2.74,2.95
2021-01-07 01:00:00,1,17,17,0.0,7.0,9.0,1.0,0.0,1.0,5,5,2,1,3,1,5.983,133.0,94.0,178.0,2.967,3.0,6.66,roster,0,57.0,42.5,0.5135,36.61,3.9422,0.425,0.7508,3.3529,36.46,2.6,13.4,4.14,4.45
2021-01-07 02:00:00,2,15,15,0.0,7.0,8.0,0.0,0.0,1.0,4,3,4,0,4,0,6.983,100.5,85.0,154.0,2.567,3.0,6.66,roster,0,52.0,37.5,0.4815,19.23,2.8616,0.375,0.4505,3.4667,32.17,3.47,0.0,3.58,3.85
2021-01-07 03:00:00,3,15,15,0.0,6.0,9.0,0.0,0.0,1.0,2,2,5,1,6,1,7.983,137.5,81.0,176.0,3.567,3.0,6.66,roster,0,51.0,37.5,0.5,34.88,2.296,0.375,0.3003,3.4,32.17,5.21,13.4,4.09,4.4
2021-01-07 04:00:00,4,15,15,0.0,6.0,9.0,0.0,0.0,1.0,1,1,5,1,6,1,8.983,197.5,141.0,236.0,4.567,3.0,6.66,roster,0,51.0,37.5,0.5,36.27,1.7855,0.375,0.1502,3.4,32.17,5.21,13.4,5.49,5.9
2021-01-07 05:00:00,5,15,15,0.0,5.0,9.0,1.0,0.0,1.0,2,2,5,1,6,1,9.983,257.5,201.0,296.0,5.567,3.0,6.66,roster,0,49.0,37.5,0.4804,37.67,2.206,0.375,0.3003,3.2667,32.17,5.21,13.4,6.88,7.4
2021-01-07 06:00:00,6,13,13,0.0,4.0,8.0,1.0,0.0,1.0,0,0,4,0,4,0,10.983,333.0,310.0,394.0,6.567,3.0,6.66,roster,0,42.0,32.5,0.3889,20.52,1.05,0.325,0.0,3.2308,27.88,3.47,0.0,9.16,9.85
2021-01-07 07:00:00,7,10,10,0.0,3.0,6.0,1.0,0.0,1.0,1,1,4,0,4,0,11.983,393.0,370.0,454.0,7.567,3.0,6.66,roster,0,32.0,25.0,0.2963,15.48,1.2805,0.25,0.1502,3.2,21.45,3.47,0.0,10.56,11.35
2021-01-07 08:00:00,8,10,10,0.0,3.0,6.0,1.0,0.0,1.0,1,1,5,0,5,0,12.983,430.0,381.0,476.0,8.567,3.0,6.38,roster,0,32.0,25.0,0.3048,16.86,1.3016,0.25,0.1567,3.2,21.45,4.34,0.0,11.07,11.9
2021-01-07 09:00:00,9,12,12,1.0,1.0,9.0,1.0,0.0,1.0,6,6,2,0,2,0,8.167,465.5,441.0,490.0,8.167,3.0,6.38,roster,0,38.0,30.0,0.3333,18.87,3.9281,0.3,0.9404,3.1667,25.74,1.74,0.0,11.39,12.25
2021-01-07 10:00:00,10,18,18,1.0,2.0,14.0,1.0,0.0,1.0,9,9,1,1,2,1,9.167,323.5,97.0,550.0,9.167,4.0,11.1,roster,0,57.0,45.0,0.375,46.53,3.9926,0.45,0.8108,3.1667,38.61,1.74,13.4,12.79,13.75
2021-01-07 11:00:00,11,20,20,3.0,4.0,12.0,1.0,0.0,1.0,9,9,1,1,2,1,7.05,112.5,68.0,157.0,2.617,4.0,11.1,roster,0,69.0,50.0,0.4539,41.69,4.5223,0.5,0.8108,3.45,42.9,1.74,13.4,3.65,3.925
2021-01-07 12:00:00,12,18,18,2.0,6.0,10.0,0.0,0.0,1.0,4,5,3,3,6,3,8.05,111.5,105.0,128.0,3.617,4.0,11.1,roster,0,64.0,45.0,0.4706,67.0,3.2016,0.45,0.4505,3.5556,38.61,5.21,40.2,2.98,3.2
2021-01-07 13:00:00,13,19,19,2.0,5.0,12.0,0.0,0.0,1.0,5,4,4,3,7,3,4.617,165.0,99.0,188.0,4.617,4.0,11.1,roster,0,66.0,47.5,0.5,71.4,2.9018,0.475,0.3604,3.4737,40.75,6.08,40.2,4.37,4.7
2021-01-07 14:00:00,14,17,17,3.0,7.0,7.0,0.0,0.0,1.0,5,5,2,3,5,3,5.617,227.0,193.0,248.0,5.617,4.0,11.1,roster,0,64.0,42.5,0.4571,66.77,3.2958,0.425,0.4505,3.7647,36.46,4.34,40.2,5.77,6.2
2021-01-07 15:00:00,15,15,15,2.0,6.0,7.0,0.0,0.0,1.0,3,3,2,4,6,4,6.617,236.0,116.0,287.0,6.617,4.0,11.1,roster,0,55.0,37.5,0.4044,77.66,2.366,0.375,0.2703,3.6667,32.17,5.21,53.6,6.67,7.175
2021-01-07 16:00:00,16,11,11,1.0,4.0,6.0,0.0,0.0,1.0,1,1,2,4,6,4,7.617,200.0,89.0,313.0,7.617,4.0,11.1,roster,0,39.0,27.5,0.2868,69.68,1.2944,0.275,0.0901,3.5455,23.6,5.21,53.6,7.28,7.825
2021-01-07 17:00:00,17,14,14,2.0,5.0,7.0,0.0,0.0,1.0,9,8,1,3,4,3,8.617,356.0,339.0,517.0,8.617,4.0,11.1,roster,0,51.0,35.0,0.3542,65.72,3.9005,0.35,0.7207,3.6429,30.03,3.47,40.2,12.02,12.925
2021-01-07 18:00:00,18,15,15,2.0,3.0,10.0,0.0,0.0,1.0,6,5,4,3,7,3,9.617,102.0,84.0,433.0,9.617,4.0,11.1,roster,0,52.0,37.5,0.3939,68.52,2.8616,0.375,0.4505,3.4667,32.17,6.08,40.2,10.07,10.825
2021-01-07 19:00:00,19,14,14,0.0,3.0,11.0,0.0,0.0,1.0,3,4,5,2,7,2,10.417,97.0,73.0,157.0,4.483,4.0,11.1,roster,0,45.0,35.0,0.3409,46.56,2.2833,0.35,0.3604,3.2143,30.03,6.08,26.8,3.65,3.925
2021-01-07 20:00:00,20,14,14,0.0,0.0,14.0,0.0,0.0,1.0,6,6,1,1,2,1,11.417,145.0,133.0,157.0,2.617,4.0,11.37,roster,0,42.0,35.0,0.2763,28.82,2.6331,0.35,0.5277,3.0,30.03,1.74,13.4,3.65,3.925
2021-01-07 21:00:00,21,14,14,2.0,0.0,12.0,0.0,0.0,1.0,7,7,1,1,2,1,4.667,205.0,193.0,217.0,3.617,4.0,11.37,roster,0,46.0,35.0,0.3026,30.21,3.1729,0.35,0.6157,3.2857,30.03,1.74,13.4,5.05,5.425
2021-01-07 22:00:00,22,19,19,2.0,0.0,16.0,1.0,0.0,1.0,9,9,1,4,5,4,5.667,89.0,71.0,111.0,4.217,3.0,6.65,roster,0,60.0,47.5,0.5714,81.28,5.7738,0.475,1.3534,3.1579,40.75,4.34,53.6,2.58,2.775
2021-01-07 23:00:00,23,22,22,0.0,1.0,20.0,1.0,0.0,1.0,6,6,1,2,3,2,6.667,149.0,131.0,313.0,5.217,3.0,6.65,roster,0,66.0,55.0,0.5946,63.87,4.3568,0.55,0.9023,3.0,47.19,2.6,26.8,7.28,7.825
2021-01-08 00:00:00,0,21,21,0.0,2.0,17.0,2.0,0.0,1.0,5,5,1,2,3,2,7.667,209.0,191.0,373.0,6.217,3.0,6.65,roster,0,63.0,52.5,0.5676,63.12,3.8306,0.525,0.7519,3.0,45.04,2.6,26.8,8.67,9.325
2021-01-08 01:00:00,1,19,19,0.0,2.0,15.0,2.0,0.0,1.0,4,4,2,1,3,1,8.667,269.0,60.0,433.0,7.217,3.0,6.65,roster,0,57.0,47.5,0.5135,46.83,3.2295,0.475,0.6015,3.0,40.75,2.6,13.4,10.07,10.825
2021-01-08 02:00:00,2,17,17,0.0,2.0,13.0,2.0,0.0,1.0,3,3,2,2,4,2,8.217,224.5,120.0,493.0,8.217,3.0,6.65,roster,0,51.0,42.5,0.4722,58.2,2.6284,0.425,0.4511,3.0,36.46,3.47,26.8,11.46,12.325
2021-01-08 03:00:00,3,18,18,0.0,2.0,14.0,2.0,0.0,1.0,3,3,2,2,4,2,9.217,284.5,180.0,553.0,9.217,3.0,6.65,roster,0,54.0,45.0,0.5,61.74,2.7034,0.45,0.4511,3.0,38.61,3.47,26.8,12.86,13.825
2021-01-08 04:00:00,4,15,15,0.0,2.0,12.0,1.0,0.0,1.0,0,0,3,3,6,3,10.217,236.5,80.0,449.0,10.217,3.0,6.65,roster,0,46.0,37.5,0.451,68.02,1.15,0.375,0.0,3.0667,32.17,5.21,40.2,10.44,11.225
2021-01-08 05:00:00,5,18,18,0.0,3.0,14.0,1.0,0.0,1.0,4,3,3,3,6,3,11.217,296.5,140.0,509.0,11.217,3.0,6.65,roster,0,56.0,45.0,0.549,75.85,2.8035,0.45,0.4511,3.1111,38.61,5.21,40.2,11.83,12.725
2021-01-08 06:00:00,6,17,17,0.0,3.0,13.0,1.0,0.0,1.0,2,2,4,3,7,3,12.217,353.0,189.0,569.0,12.217,3.0,6.65,roster,0,53.0,42.5,0.5354,75.97,2.2626,0.425,0.3008,3.1176,36.46,6.08,40.2,13.23,14.225
2021-01-08 07:00:00,7,18,18,0.0,3.0,14.0,1.0,0.0,1.0,1,1,4,3,7,3,13.217,413.0,249.0,629.0,13.217,3.0,6.65,roster,0,56.0,45.0,0.5657,79.51,1.8678,0.45,0.1504,3.1111,38.61,6.08,40.2,14.62,15.725
2021-01-08 08:00:00,8,18,18,0.0,3.0,14.0,1.0,0.0,1.0,2,2,4,3,7,3,14.217,473.0,309.0,689.0,14.217,3.0,6.3,roster,0,56.0,45.0,0.5657,80.91,2.3877,0.45,0.3175,3.1111,38.61,6.08,40.2,16.02,17.225
2021-01-08 09:00:00,9,15,15,0.0,2.0,12.0,1.0,0.0,1.0,0,1,5,3,8,3,15.217,456.5,369.0,749.0,15.217,3.0,6.3,roster,0,46.0,37.5,0.4792,76.74,1.6368,0.375,0.1587,3.0667,32.17,6.95,40.2,17.41,18.725
2021-01-08 10:00:00,10,15,15,0.0,1.0,13.0,1.0,0.0,1.0,9,6,2,3,5,3,16.217,429.0,345.0,593.0,16.217,4.0,11.02,roster,0,45.0,37.5,0.3214,70.5,2.7584,0.375,0.5445,3.0,32.17,4.34,40.2,13.79,14.825
2021-01-08 11:00:00,11,19,19,0.0,1.0,18.0,0.0,0.0,1.0,6,6,3,3,6,3,17.217,447.0,180.0,653.0,17.217,4.0,11.02,roster,0,58.0,47.5,0.4265,81.35,3.112,0.475,0.5445,3.0526,40.75,5.21,40.2,15.18,16.325
2021-01-08 12:00:00,12,21,21,0.0,1.0,18.0,2.0,0.0,1.0,10,10,4,2,6,2,18.217,130.0,108.0,549.0,18.217,4.0,11.02,roster,0,62.0,52.5,0.4559,69.82,4.2291,0.525,0.9074,2.9524,45.04,5.21,26.8,12.76,13.725
2021-01-08 13:00:00,13,23,23,0.0,1.0,20.0,2.0,0.0,1.0,7,7,5,2,7,2,19.217,168.0,101.0,609.0,19.217,4.0,11.02,roster,0,68.0,57.5,0.5152,76.37,3.578,0.575,0.6352,2.9565,49.33,6.08,26.8,14.16,15.225
2021-01-08 14:00:00,14,21,21,0.0,2.0,19.0,0.0,0.0,1.0,4,4,6,1,7,1,20.217,180.0,134.0,266.0,20.217,4.0,11.02,roster,0,65.0,52.5,0.4924,50.71,2.7485,0.525,0.363,3.0952,45.04,6.08,13.4,6.18,6.65
2021-01-08 15:00:00,15,21,21,0.0,2.0,17.0,2.0,0.0,1.0,7,7,8,0,8,0,5.05,178.5,112.0,240.0,4.8,4.0,11.02,roster,0,63.0,52.5,0.4922,37.57,3.4806,0.525,0.6352,3.0,45.04,6.95,0.0,5.58,6.0
2021-01-08 16:00:00,16,19,19,0.0,0.0,16.0,3.0,0.0,1.0,8,7,7,1,8,1,5.0,138.5,102.0,254.0,5.0,4.0,11.02,roster,0,54.0,47.5,0.4219,47.01,3.1553,0.475,0.6352,2.8421,40.75,6.95,13.4,5.91,6.35
2021-01-08 17:00:00,17,17,17,0.0,0.0,15.0,2.0,0.0,1.0,5,4,6,1,7,1,6.0,162.0,125.0,314.0,6.0,4.0,11.02,roster,0,49.0,42.5,0.3712,43.24,2.2712,0.425,0.363,2.8824,36.46,6.08,13.4,7.3,7.85
2021-01-08 18:00:00,18,12,12,0.0,1.0,10.0,1.0,0.0,1.0,5,4,4,1,5,1,7.0,222.0,215.0,292.0,7.0,4.0,11.02,roster,0,36.0,30.0,0.2571,30.27,1.9889,0.3,0.363,3.0,25.74,4.34,13.4,6.79,7.3
2021-01-08 19:00:00,19,13,13,0.0,2.0,10.0,1.0,0.0,1.0,7,6,3,0,3,0,6.3,275.0,70.0,352.0,5.867,4.0,11.02,roster,0,40.0,32.5,0.2703,18.67,2.6753,0.325,0.5445,3.0769,27.88,2.6,0.0,8.18,8.8
2021-01-08 20:00:00,20,15,15,1.0,2.0,12.0,0.0,0.0,1.0,9,9,2,0,2,0,7.25,271.0,130.0,412.0,6.867,4.0,11.4,roster,0,49.0,37.5,0.3224,23.49,3.8039,0.375,0.7895,3.2667,32.17,1.74,0.0,9.58,10.3
2021-01-08 21:00:00,21,17,17,1.0,1.0,15.0,0.0,0.0,1.0,6,7,3,0,3,0,8.25,97.0,93.0,472.0,7.867,4.0,11.4,roster,0,54.0,42.5,0.3649,30.04,3.3005,0.425,0.614,3.1765,36.46,2.6,0.0,10.97,11.8
2021-01-08 22:00:00,22,18,18,1.0,3.0,13.0,0.0,1.0,1.0,8,8,2,0,2,0,2.617,125.0,93.0,157.0,2.617,3.0,6.68,roster,0,57.0,45.0,0.5,24.0,5.2174,0.45,1.1976,3.1667,38.61,1.74,0.0,3.65,3.925
2021-01-08 23:00:00,23,22,22,1.0,3.0,17.0,0.0,1.0,1.0,8,7,2,0,2,0,3.367,96.0,74.0,118.0,1.967,3.0,6.68,roster,0,69.0,55.0,0.6053,31.67,5.0116,0.55,1.0479,3.1364,47.19,1.74,0.0,2.74,2.95
2021-01-09 00:00:00,0,18,18,1.0,3.0,13.0,0.0,1.0,1.0,4,4,4,0,4,0,4.367,102.5,97.0,134.0,2.233,3.0,6.68,roster,0,57.0,45.0,0.5278,25.2,3.3212,0.45,0.5988,3.1667,38.61,3.47,0.0,3.12,3.35
2021-01-09 01:00:00,1,14,14,1.0,3.0,9.0,0.0,1.0,1.0,2,1,4,0,4,0,5.367,162.5,157.0,194.0,3.233,3.0,6.68,roster,0,45.0,35.0,0.4167,18.01,1.6062,0.35,0.1497,3.2143,30.03,3.47,0.0,4.51,4.85
2021-01-09 02:00:00,2,15,15,1.0,3.0,7.0,2.0,2.0,1.0,3,3,4,0,4,0,6.367,222.5,217.0,254.0,4.233,3.0,6.68,roster,1,44.0,37.5,0.4074,21.55,2.4174,0.375,0.4491,2.9333,32.17,3.47,0.0,5.91,6.35
2021-01-09 03:00:00,3,12,12,1.0,3.0,6.0,1.0,1.0,1.0,0,0,5,0,5,0,7.367,277.0,267.0,288.0,5.233,3.0,6.68,roster,1,38.0,30.0,0.3619,16.78,0.95,0.3,0.0,3.1667,25.74,4.34,0.0,6.7,7.2
2021-01-09 04:00:00,4,10,10,1.0,3.0,4.0,1.0,1.0,1.0,0,0,5,0,5,0,8.367,337.0,327.0,348.0,6.233,3.0,6.68,roster,1,32.0,25.0,0.3048,13.88,0.8,0.25,0.0,3.2,21.45,4.34,0.0,8.09,8.7
2021-01-09 05:00:00,5,10,10,1.0,3.0,4.0,1.0,1.0,1.0,0,0,5,0,5,0,9.367,397.0,387.0,408.0,7.233,3.0,6.68,roster,1,32.0,25.0,0.3048,15.28,0.8,0.25,0.0,3.2,21.45,4.34,0.0,9.49,10.2
2021-01-09 06:00:00,6,7,7,1.0,1.0,4.0,1.0,0.0,1.0,0,0,5,0,5,0,10.367,457.0,447.0,468.0,8.233,3.0,6.68,roster,1,23.0,17.5,0.219,10.24,0.575,0.175,0.0,3.2857,15.01,4.34,0.0,10.88,11.7
2021-01-09 07:00:00,7,9,9,2.0,2.0,4.0,1.0,0.0,1.0,2,2,5,0,5,0,11.367,517.0,507.0,528.0,9.233,3.0,6.68,roster,1,32.0,22.5,0.3048,15.92,1.8645,0.225,0.2994,3.5556,19.3,4.34,0.0,12.28,13.2
2021-01-09 08:00:00,8,14,14,3.0,2.0,8.0,1.0,0.0,1.0,5,5,6,1,7,1,12.367,567.0,113.0,588.0,10.233,3.0,6.56,roster,1,49.0,35.0,0.4949,43.18,3.8927,0.35,0.7622,3.5,30.03,6.08,13.4,13.67,14.7
2021-01-09 09:00:00,9,13,13,3.0,3.0,6.0,1.0,0.0,1.0,3,3,6,1,7,1,13.367,173.0,93.0,627.0,11.233,3.0,6.56,roster,1,47.0,32.5,0.4747,41.94,2.8284,0.325,0.4573,3.6154,27.88,6.08,13.4,14.58,15.675
2021-01-09 10:00:00,10,17,17,2.0,5.0,9.0,1.0,0.0,1.0,9,8,5,1,6,1,12.233,220.0,124.0,687.0,12.233,4.0,10.26,roster,1,59.0,42.5,0.4338,51.05,4.1811,0.425,0.7797,3.4706,36.46,5.21,13.4,15.97,17.175
2021-01-09 11:00:00,11,20,20,1.0,7.0,11.0,1.0,0.0,1.0,7,7,4,1,5,1,12.45,267.0,151.0,293.0,12.45,4.0,10.26,roster,1,68.0,50.0,0.4857,47.45,4.0197,0.5,0.6823,3.4,42.9,4.34,13.4,6.81,7.325
2021-01-09 12:00:00,12,24,24,1.0,9.0,13.0,1.0,0.0,1.0,6,6,7,1,8,1,13.45,169.5,115.0,353.0,13.45,4.0,10.26,roster,1,82.0,60.0,0.6406,60.03,4.0481,0.6,0.5848,3.4167,51.48,6.95,13.4,8.21,8.825
2021-01-09 13:00:00,13,18,18,1.0,5.0,11.0,1.0,0.0,1.0,5,3,5,2,7,2,14.45,158.0,75.0,413.0,14.45,4.0,10.26,roster,1,60.0,45.0,0.4545,61.09,2.4747,0.45,0.2924,3.3333,38.61,6.08,26.8,9.6,10.325
2021-01-09 14:00:00,14,25,25,2.0,7.0,15.0,1.0,0.0,1.0,9,9,3,2,5,2,15.45,218.0,135.0,473.0,15.45,4.0,10.26,roster,1,85.0,62.5,0.6071,75.76,5.1075,0.625,0.8772,3.4,53.62,4.34,26.8,11.0,11.825
2021-01-09 15:00:00,15,27,27,3.0,7.0,16.0,1.0,0.0,1.0,7,8,5,1,6,1,16.45,236.5,103.0,533.0,16.45,4.0,10.26,roster,1,93.0,67.5,0.6838,68.92,5.0107,0.675,0.7797,3.4444,57.92,5.21,13.4,12.39,13.325
2021-01-09 16:00:00,16,31,31,3.0,8.0,19.0,1.0,0.0,1.0,8,8,7,1,8,1,17.45,209.0,144.0,593.0,17.45,4.0,10.26,roster,1,106.0,77.5,0.8281,80.63,5.3162,0.775,0.7797,3.4194,66.5,6.95,13.4,13.79,14.825
2021-01-09 17:00:00,17,29,29,1.0,8.0,19.0,1.0,0.0,1.0,7,7,6,1,7,1,6.85,169.0,104.0,315.0,6.633,4.0,10.26,roster,1,96.0,72.5,0.7273,69.01,4.6585,0.725,0.6823,3.3103,62.2,6.08,13.4,7.32,7.875
2021-01-09 18:00:00,18,27,27,1.0,8.0,17.0,1.0,0.0,1.0,7,5,8,1,9,1,7.85,164.0,113.0,229.0,6.25,4.0,10.26,roster,1,90.0,67.5,0.7258,64.45,3.8744,0.675,0.4873,3.3333,57.92,7.81,13.4,5.32,5.725
2021-01-09 19:00:00,19,23,23,1.0,5.0,16.0,1.0,0.0,1.0,10,10,3,0,3,0,8.85,133.0,112.0,224.0,3.733,4.0,10.26,roster,1,75.0,57.5,0.5068,37.15,5.0532,0.575,0.9747,3.2609,49.33,2.6,0.0,5.21,5.6
2021-01-09 20:00:00,20,31,31,1.0,7.0,21.0,2.0,0.0,1.0,15,14,6,1,7,1,9.85,83.0,72.0,172.0,4.733,4.0,11.88,roster,1,100.0,77.5,0.7576,69.97,6.3015,0.775,1.1785,3.2258,66.5,6.08,13.4,4.0,4.3
2021-01-09 21:00:00,21,31,31,2.0,9.0,18.0,2.0,0.0,1.0,8,8,7,2,9,2,10.85,132.0,87.0,143.0,5.733,4.0,11.88,roster,1,104.0,77.5,0.8387,84.43,4.8592,0.775,0.6734,3.3548,66.5,7.81,26.8,3.32,3.575
2021-01-09 22:00:00,22,21,21,3.0,5.0,12.0,1.0,0.0,1.0,6,4,6,2,8,2,11.85,140.5,130.0,194.0,3.383,3.0,8.18,roster,1,73.0,52.5,0.7604,63.3,3.5248,0.525,0.489,3.4762,45.04,6.95,26.8,4.51,4.85
2021-01-09 23:00:00,23,14,14,2.0,4.0,8.0,0.0,0.0,1.0,5,3,7,0,7,0,11.467,166.0,116.0,194.0,4.233,3.0,8.18,roster,1,50.0,35.0,0.5051,20.62,2.5598,0.35,0.3667,3.5714,30.03,6.08,0.0,4.51,4.85
2021-01-10 00:00:00,0,28,28,3.0,6.0,17.0,1.0,1.0,1.0,18,17,7,0,7,0,5.233,226.0,170.0,254.0,5.233,3.0,8.18,roster,1,93.0,70.0,0.9394,52.04,9.2277,0.7,2.0782,3.3214,60.06,6.08,0.0,5.91,6.35
2021-01-10 01:00:00,1,26,26,3.0,7.0,13.0,2.0,1.0,1.0,4,4,10,0,10,0,6.233,175.5,75.0,286.0,6.233,3.0,8.18,roster,1,87.0,65.0,0.9667,51.1,3.8113,0.65,0.489,3.3462,55.77,8.68,0.0,6.65,7.15
2021-01-10 02:00:00,2,23,23,3.0,7.0,11.0,1.0,1.0,1.0,0,0,10,0,10,0,7.233,235.5,135.0,346.0,7.233,3.0,8.18,roster,1,79.0,57.5,0.8778,46.06,1.975,0.575,0.0,3.4348,49.33,8.68,0.0,8.04,8.65
2021-01-10 03:00:00,3,21,21,4.0,7.0,8.0,1.0,1.0,1.0,5,4,10,0,10,0,8.233,295.5,195.0,406.0,8.233,3.0,8.18,roster,1,75.0,52.5,0.8333,43.17,3.6214,0.525,0.489,3.5714,45.04,8.68,0.0,9.44,10.15
2021-01-10 04:00:00,4,23,23,4.0,6.0,12.0,0.0,1.0,1.0,6,6,11,1,12,1,9.233,289.5,252.0,466.0,9.233,3.0,8.18,roster,1,81.0,57.5,0.9643,63.99,4.6082,0.575,0.7335,3.5217,49.33,10.42,13.4,10.83,11.65
2021-01-10 05:00:00,5,21,21,4.0,6.0,10.0,0.0,1.0,1.0,1,1,11,2,13,2,10.233,338.0,300.0,476.0,10.233,3.0,8.18,roster,1,75.0,52.5,0.9259,74.2,2.3116,0.525,0.1222,3.5714,45.04,11.29,26.8,11.07,11.9
2021-01-10 06:00:00,6,17,17,4.0,5.0,7.0,0.0,1.0,1.0,2,1,11,2,13,2,11.233,398.0,360.0,536.0,11.233,3.0,8.18,roster,1,62.0,42.5,0.7654,67.01,1.9959,0.425,0.1222,3.6471,36.46,11.29,26.8,12.46,13.4
2021-01-10 07:00:00,7,18,18,4.0,6.0,7.0,0.0,1.0,1.0,2,2,11,2,13,2,12.233,458.0,420.0,596.0,12.233,3.0,8.18,roster,0,66.0,45.0,0.8148,70.55,2.5465,0.45,0.2445,3.6667,38.61,11.29,26.8,13.86,14.9
2021-01-10 08:00:00,8,20,20,3.0,6.0,8.0,2.0,1.0,1.0,4,4,12,1,13,1,13.233,518.0,480.0,656.0,13.233,3.0,7.73,roster,0,68.0,50.0,0.8395,62.84,3.4594,0.5,0.5175,3.4,42.9,11.29,13.4,15.25,16.4
2021-01-10 09:00:00,9,16,16,2.0,5.0,7.0,1.0,1.0,1.0,3,3,6,1,7,1,13.75,540.0,348.0,601.0,12.767,3.0,7.73,roster,0,54.0,40.0,0.5455,47.77,2.6598,0.4,0.3881,3.375,34.32,6.08,13.4,13.97,15.025
2021-01-10 10:00:00,10,18,18,3.0,5.0,10.0,0.0,0.0,1.0,11,10,4,0,4,0,13.767,630.5,600.0,826.0,13.767,4.0,11.07,roster,0,65.0,45.0,0.4514,41.29,4.8871,0.45,0.9033,3.6111,38.61,3.47,0.0,19.2,20.65
2021-01-10 11:00:00,11,17,17,1.0,6.0,10.0,0.0,0.0,1.0,7,7,4,0,4,0,12.017,101.0,94.0,721.0,12.017,4.0,11.07,roster,0,59.0,42.5,0.4097,36.7,3.6696,0.425,0.6323,3.4706,36.46,3.47,0.0,16.76,18.025
2021-01-10 12:00:00,12,27,27,2.0,5.0,20.0,0.0,0.0,1.0,14,14,6,0,6,0,13.017,109.5,87.0,154.0,13.017,4.0,11.07,roster,0,90.0,67.5,0.6618,46.71,6.4656,0.675,1.2647,3.3333,57.92,5.21,0.0,3.58,3.85
2021-01-10 13:00:00,13,35,35,1.0,9.0,25.0,0.0,0.0,1.0,15,14,8,0,8,0,14.017,142.5,86.0,214.0,14.017,4.0,11.07,roster,0,116.0,87.5,0.9062,67.0,7.0915,0.875,1.2647,3.3143,75.08,6.95,0.0,4.98,5.35
2021-01-10 14:00:00,14,33,33,1.0,9.0,21.0,2.0,0.0,1.0,12,10,10,2,12,2,15.017,129.5,103.0,207.0,15.017,4.0,11.07,roster,0,108.0,82.5,0.9643,92.82,5.6564,0.825,0.9033,3.2727,70.78,10.42,26.8,4.81,5.175
2021-01-10 15:00:00,15,34,34,1.0,6.0,23.0,4.0,0.0,1.0,9,10,11,1,12,1,16.017,159.5,121.0,258.0,16.017,4.0,11.07,roster,0,106.0,85.0,0.9464,82.75,5.4663,0.85,0.9033,3.1176,72.93,10.42,13.4,6.0,6.45
2021-01-10 16:00:00,16,33,33,2.0,5.0,24.0,2.0,0.0,1.0,7,7,9,1,10,1,17.017,219.5,157.0,258.0,17.017,4.0,11.07,roster,0,106.0,82.5,0.8833,78.87,4.6812,0.825,0.6323,3.2121,70.78,8.68,13.4,6.0,6.45
2021-01-10 17:00:00,17,33,33,1.0,5.0,25.0,2.0,0.0,1.0,9,10,8,2,10,2,18.017,242.5,120.0,301.0,18.017,4.0,11.07,roster,0,104.0,82.5,0.8667,93.27,5.4469,0.825,0.9033,3.1515,70.78,8.68,26.8,7.0,7.525
2021-01-10 18:00:00,18,29,29,1.0,5.0,22.0,1.0,0.0,1.0,10,8,11,1,12,1,19.017,212.5,120.0,361.0,19.017,4.0,11.07,roster,0,93.0,72.5,0.8304,74.42,4.6425,0.725,0.7227,3.2069,62.2,10.42,13.4,8.39,9.025
2021-01-10 19:00:00,19,32,32,1.0,6.0,22.0,3.0,0.0,1.0,14,14,6,1,7,1,20.017,214.0,147.0,337.0,20.017,4.0,11.07,roster,0,101.0,80.0,0.7652,75.95,6.5166,0.8,1.2647,3.1562,68.64,6.08,13.4,7.84,8.425
2021-01-10 20:00:00,20,30,30,1.0,7.0,19.0,3.0,0.0,1.0,10,9,7,1,8,1,21.017,223.5,190.0,365.0,21.017,4.0,11.4,roster,0,96.0,75.0,0.75,73.18,4.9263,0.75,0.7895,3.2,64.35,6.95,13.4,8.49,9.125
2021-01-10 21:00:00,21,34,34,1.0,8.0,21.0,4.0,0.0,1.0,12,11,7,0,7,0,8.15,153.0,89.0,250.0,7.083,4.0,11.4,roster,0,108.0,85.0,0.8182,64.82,5.765,0.85,0.9649,3.1765,72.93,6.08,0.0,5.81,6.25
2021-01-10 22:00:00,22,28,28,2.0,7.0,18.0,1.0,0.0,1.0,6,5,8,0,8,0,9.15,183.5,149.0,310.0,8.083,3.0,8.06,roster,0,94.0,70.0,0.9792,54.21,4.4326,0.7,0.6203,3.3571,60.06,6.95,0.0,7.21,7.75
2021-01-10 23:00:00,23,33,33,3.0,7.0,20.0,3.0,0.0,1.0,14,10,8,0,8,0,10.15,211.5,160.0,276.0,9.083,3.0,8.06,roster,0,109.0,82.5,1.1354,64.15,6.8231,0.825,1.2407,3.303,70.78,6.95,0.0,6.42,6.9
2021-01-11 00:00:00,0,36,36,3.0,7.0,22.0,4.0,0.0,1.0,11,10,8,0,8,0,11.15,271.5,220.0,336.0,10.083,3.0,8.06,roster,0,117.0,90.0,1.2188,71.98,6.9573,0.9,1.2407,3.25,77.22,6.95,0.0,7.81,8.4
2021-01-11 01:00:00,1,28,28,1.0,8.0,16.0,3.0,0.0,1.0,3,3,9,0,9,0,12.15,280.0,211.0,334.0,11.083,3.0,8.06,roster,0,91.0,70.0,0.9785,55.64,3.4847,0.7,0.3722,3.25,60.06,7.81,0.0,7.77,8.35
2021-01-11 02:00:00,2,25,25,1.0,7.0,15.0,2.0,0.0,1.0,2,1,10,0,10,0,13.15,334.0,176.0,394.0,12.083,3.0,8.06,roster,0,82.0,62.5,0.9111,51.47,2.4569,0.625,0.1241,3.28,53.62,8.68,0.0,9.16,9.85
2021-01-11 03:00:00,3,28,28,1.0,8.0,17.0,2.0,0.0,1.0,3,3,11,0,11,0,14.15,388.0,197.0,454.0,13.083,3.0,8.06,roster,0,92.0,70.0,1.0575,60.17,3.523,0.7,0.3722,3.2857,60.06,9.55,0.0,10.56,11.35
2021-01-11 04:00:00,4,24,24,1.0,7.0,15.0,1.0,0.0,1.0,0,0,10,0,10,0,15.15,419.5,257.0,509.0,14.083,3.0,8.06,roster,0,80.0,60.0,0.8889,52.0,2.0,0.6,0.0,3.3333,51.48,8.68,0.0,11.83,12.725
2021-01-11 05:00:00,5,21,21,1.0,7.0,12.0,1.0,0.0,1.0,2,2,10,0,10,0,16.15,479.5,317.0,569.0,15.083,3.0,8.06,roster,0,71.0,52.5,0.7889,46.96,2.6139,0.525,0.2481,3.381,45.04,8.68,0.0,13.23,14.225
2021-01-11 06:00:00,6,21,21,1.0,6.0,13.0,1.0,0.0,1.0,2,1,10,0,10,0,17.15,539.5,377.0,629.0,16.083,3.0,8.06,roster,0,70.0,52.5,0.7778,48.35,2.1636,0.525,0.1241,3.3333,45.04,8.68,0.0,14.62,15.725
2021-01-11 07:00:00,7,23,23,1.0,7.0,14.0,1.0,0.0,1.0,3,3,10,0,10,0,18.15,599.5,437.0,689.0,17.083,3.0,8.06,roster,0,77.0,57.5,0.8556,54.04,3.1711,0.575,0.3722,3.3478,49.33,8.68,0.0,16.02,17.225
2021-01-11 08:00:00,8,23,23,1.0,6.0,15.0,1.0,0.0,1.0,5,4,10,0,10,0,18.267,659.5,497.0,749.0,18.083,3.0,7.02,roster,0,76.0,57.5,0.8444,55.43,3.7828,0.575,0.5698,3.3043,49.33,8.68,0.0,17.41,18.725
2021-01-11 09:00:00,9,15,15,0.0,2.0,11.0,2.0,0.0,1.0,6,5,3,0,3,0,19.083,809.0,79.0,1145.0,19.083,3.0,7.02,roster,0,45.0,37.5,0.4054,41.4,3.2618,0.375,0.7123,3.0,32.17,2.6,0.0,26.62,28.625
2021-01-11 10:00:00,10,15,15,0.0,4.0,9.0,2.0,0.0,1.0,3,3,3,0,3,0,20.083,869.0,139.0,1205.0,20.083,4.0,10.48,roster,0,47.0,37.5,0.3176,42.8,2.0719,0.375,0.2863,3.1333,32.17,2.6,0.0,28.02,30.125
2021-01-11 11:00:00,11,18,18,1.0,3.0,12.0,2.0,0.0,1.0,9,7,4,0,4,0,21.083,564.0,199.0,1265.0,21.083,4.0,10.48,roster,0,57.0,45.0,0.3958,51.49,3.5401,0.45,0.6679,3.1667,38.61,3.47,0.0,29.41,31.625
2021-01-11 12:00:00,12,25,25,2.0,6.0,15.0,2.0,0.0,1.0,13,12,5,0,5,0,22.083,139.0,96.0,259.0,22.083,4.0,10.48,roster,0,83.0,62.5,0.5929,43.99,5.8765,0.625,1.145,3.32,53.62,4.34,0.0,6.02,6.475
2021-01-11 13:00:00,13,27,27,2.0,6.0,17.0,2.0,0.0,1.0,8,8,5,1,6,1,5.8,102.5,88.0,134.0,2.6,4.0,10.48,roster,0,89.0,67.5,0.6544,59.64,4.7413,0.675,0.7634,3.2963,57.92,5.21,13.4,3.12,3.35
2021-01-11 14:00:00,14,23,23,2.0,8.0,12.0,1.0,0.0,1.0,4,4,5,1,6,1,6.8,142.5,114.0,168.0,3.233,4.0,10.48,roster,0,80.0,57.5,0.5882,51.85,3.3276,0.575,0.3817,3.4783,49.33,5.21,13.4,3.91,4.2
2021-01-11 15:00:00,15,21,21,2.0,6.0,10.0,3.0,0.0,1.0,5,5,2,3,5,3,6.417,161.0,96.0,197.0,3.467,4.0,10.48,roster,0,70.0,52.5,0.5,74.17,3.3403,0.525,0.4771,3.3333,45.04,4.34,40.2,4.58,4.925
2021-01-11 16:00:00,16,23,23,4.0,4.0,12.0,3.0,0.0,1.0,8,7,1,3,4,3,7.417,206.5,156.0,268.0,4.467,4.0,10.48,roster,0,78.0,57.5,0.5417,79.24,4.2152,0.575,0.6679,3.3913,49.33,3.47,40.2,6.23,6.7
2021-01-11 17:00:00,17,24,24,4.0,2.0,17.0,1.0,0.0,1.0,11,10,3,3,6,3,6.717,146.0,100.0,216.0,5.467,4.0,10.48,roster,0,81.0,60.0,0.5956,81.91,5.2454,0.6,0.9542,3.375,51.48,5.21,40.2,5.02,5.4
2021-01-11 18:00:00,18,23,23,3.0,5.0,13.0,1.0,1.0,1.0,11,8,4,2,6,2,7.717,145.5,106.0,246.0,4.6,4.0,10.48,roster,0,77.0,57.5,0.5662,67.06,4.4806,0.575,0.7634,3.3478,49.33,5.21,26.8,5.72,6.15
2021-01-11 19:00:00,19,23,23,2.0,7.0,12.0,2.0,0.0,1.0,8,8,4,2,6,2,8.45,175.5,163.0,226.0,5.1,4.0,10.48,roster,0,78.0,57.5,0.5735,66.6,4.5388,0.575,0.7634,3.3913,49.33,5.21,26.8,5.25,5.65
2021-01-11 20:00:00,20,22,22,2.0,6.0,13.0,1.0,0.0,1.0,4,4,7,2,9,2,5.667,120.0,91.0,226.0,4.767,4.0,9.84,roster,0,75.0,55.0,0.6048,67.06,3.2608,0.55,0.4065,3.4091,47.19,7.81,26.8,5.25,5.65
2021-01-11 21:00:00,21,24,24,1.0,7.0,15.0,1.0,0.0,1.0,10,8,7,2,9,2,6.667,163.0,148.0,283.0,5.767,4.0,9.84,roster,0,80.0,60.0,0.6452,72.67,4.71,0.6,0.813,3.3333,51.48,7.81,26.8,6.58,7.075
2021-01-11 22:00:00,22,22,22,0.0,6.0,15.0,1.0,0.0,1.0,7,5,6,3,9,3,7.667,208.0,108.0,240.0,6.767,3.0,6.38,roster,0,71.0,55.0,0.7634,80.78,4.3042,0.55,0.7837,3.2273,47.19,7.81,40.2,5.58,6.0
2021-01-11 23:00:00,23,12,12,0.0,3.0,9.0,0.0,0.0,1.0,4,2,5,2,7,2,7.767,271.0,168.0,403.0,7.767,3.0,6.38,roster,0,39.0,30.0,0.3939,47.99,1.9938,0.3,0.3135,3.25,25.74,6.08,26.8,9.37,10.075
2021-01-12 00:00:00,0,14,14,0.0,3.0,10.0,1.0,0.0,1.0,8,6,5,2,7,2,8.767,331.0,228.0,463.0,8.767,3.0,6.38,roster,0,44.0,35.0,0.4444,53.67,4.0557,0.35,0.9404,3.1429,30.03,6.08,26.8,10.76,11.575
2021-01-12 01:00:00,1,15,15,1.0,3.0,10.0,1.0,0.0,1.0,4,4,5,2,7,2,9.767,391.0,288.0,523.0,9.767,3.0,6.38,roster,0,49.0,37.5,0.4949,57.21,3.2731,0.375,0.627,3.2667,32.17,6.08,26.8,12.16,13.075
2021-01-12 02:00:00,2,19,19,1.0,6.0,11.0,1.0,0.0,1.0,8,8,5,3,8,3,10.767,430.5,348.0,583.0,10.767,3.0,6.38,roster,0,64.0,47.5,0.6667,81.46,5.8237,0.475,1.2539,3.3684,40.75,6.95,40.2,13.55,14.575
2021-01-12 03:00:00,3,16,16,1.0,4.0,10.0,1.0,0.0,1.0,1,2,6,3,9,3,11.767,470.0,227.0,540.0,11.767,3.0,6.38,roster,0,53.0,40.0,0.5699,74.89,2.3634,0.4,0.3135,3.3125,34.32,7.81,40.2,12.56,13.5
2021-01-12 04:00:00,4,15,15,1.0,3.0,9.0,2.0,0.0,1.0,3,2,6,3,9,3,12.767,530.0,287.0,600.0,12.767,3.0,6.38,roster,0,48.0,37.5,0.5161,74.14,2.2031,0.375,0.3135,3.2,32.17,7.81,40.2,13.95,15.0
2021-01-12 05:00:00,5,16,16,1.0,4.0,9.0,2.0,0.0,1.0,3,2,5,3,8,3,13.767,559.0,347.0,660.0,13.767,3.0,6.38,roster,0,52.0,40.0,0.5417,76.81,2.3188,0.4,0.3135,3.25,34.32,6.95,40.2,15.34,16.5
2021-01-12 06:00:00,6,17,17,0.0,5.0,11.0,1.0,0.0,1.0,4,4,6,2,8,2,14.767,619.0,407.0,720.0,14.767,3.0,6.38,roster,0,55.0,42.5,0.5729,66.95,3.4034,0.425,0.627,3.2353,36.46,6.95,26.8,16.74,18.0
2021-01-12 07:00:00,7,18,18,1.0,5.0,11.0,1.0,0.0,1.0,3,4,6,2,8,2,15.767,679.0,467.0,780.0,15.767,3.0,6.38,roster,0,60.0,45.0,0.625,70.49,3.5899,0.45,0.627,3.3333,38.61,6.95,26.8,18.14,19.5
2021-01-12 08:00:00,8,18,18,1.0,5.0,11.0,1.0,0.0,1.0,3,3,7,3,10,3,16.767,617.5,231.0,811.0,16.767,3.0,6.65,roster,0,60.0,45.0,0.6667,86.35,3.0038,0.45,0.4511,3.3333,38.61,8.68,40.2,18.86,20.275
2021-01-12 09:00:00,9,21,21,1.0,6.0,13.0,1.0,0.0,1.0,5,5,7,3,10,3,17.767,677.5,291.0,871.0,17.767,3.0,6.65,roster,0,70.0,52.5,0.7778,94.18,4.2563,0.525,0.7519,3.3333,45.04,8.68,40.2,20.25,21.775
2021-01-12 10:00:00,10,27,27,1.0,9.0,16.0,1.0,0.0,1.0,7,7,9,3,12,3,18.767,576.0,195.0,931.0,18.767,4.0,9.9,roster,0,91.0,67.5,0.8125,110.18,4.6581,0.675,0.7071,3.3704,57.92,10.42,40.2,21.65,23.275
2021-01-12 11:00:00,11,33,33,1.0,11.0,21.0,0.0,0.0,1.0,12,10,8,4,12,4,19.767,636.0,213.0,991.0,19.767,4.0,9.9,roster,0,112.0,82.5,1.0,137.85,6.2282,0.825,1.0101,3.3939,70.78,10.42,53.6,23.04,24.775
2021-01-12 12:00:00,12,29,29,1.0,10.0,18.0,0.0,0.0,1.0,6,6,11,4,15,4,20.767,232.0,112.0,948.0,20.767,4.0,9.9,roster,0,99.0,72.5,0.99,130.87,4.544,0.725,0.6061,3.4138,62.2,13.02,53.6,22.04,23.7
2021-01-12 13:00:00,13,31,31,1.0,8.0,22.0,0.0,0.0,1.0,7,7,12,3,15,3,21.767,292.0,147.0,1008.0,21.767,4.0,9.9,roster,0,103.0,77.5,1.03,123.16,4.9243,0.775,0.7071,3.3226,66.5,13.02,40.2,23.44,25.2
2021-01-12 14:00:00,14,35,35,1.0,10.0,24.0,0.0,0.0,1.0,7,8,11,3,14,3,22.767,234.0,148.0,745.0,22.767,4.0,9.9,roster,0,117.0,87.5,1.125,124.75,5.6263,0.875,0.8081,3.3429,75.08,12.16,40.2,17.32,18.625
2021-01-12 15:00:00,15,27,27,0.0,10.0,17.0,0.0,0.0,1.0,5,5,8,2,10,2,21.0,233.0,167.0,805.0,21.0,4.0,9.9,roster,0,91.0,67.5,0.7583,92.11,3.9772,0.675,0.5051,3.3704,57.92,8.68,26.8,18.72,20.125
2021-01-12 16:00:00,16,31,31,1.0,7.0,23.0,0.0,0.0,1.0,11,11,8,1,9,1,21.517,255.0,180.0,356.0,21.517,4.0,9.9,roster,0,102.0,77.5,0.8226,75.99,6.2059,0.775,1.1111,3.2903,66.5,7.81,13.4,8.28,8.9
2021-01-12 17:00:00,17,27,27,1.0,4.0,22.0,0.0,0.0,1.0,3,4,7,2,9,2,22.517,240.0,148.0,315.0,22.517,4.0,9.9,roster,0,87.0,67.5,0.7016,79.85,3.4769,0.675,0.404,3.2222,57.92,7.81,26.8,7.32,7.875
2021-01-12 18:00:00,18,19,19,1.0,5.0,13.0,0.0,0.0,1.0,5,4,6,2,8,2,23.517,188.0,126.0,375.0,23.517,4.0,9.9,roster,0,64.0,47.5,0.5,63.22,2.961,0.475,0.404,3.3684,40.75,6.95,26.8,8.72,9.375
2021-01-12 19:00:00,19,16,16,0.0,2.0,14.0,0.0,0.0,1.0,4,4,5,1,6,1,24.517,248.0,127.0,357.0,24.517,4.0,9.9,roster,0,50.0,40.0,0.3676,41.23,2.5126,0.4,0.404,3.125,34.32,5.21,13.4,8.3,8.925
2021-01-12 20:00:00,20,19,19,0.0,3.0,16.0,0.0,0.0,1.0,6,6,5,1,6,1,25.517,237.5,173.0,417.0,25.517,4.0,11.43,roster,0,60.0,47.5,0.4412,49.06,3.1577,0.475,0.5249,3.1579,40.75,5.21,13.4,9.7,10.425
2021-01-12 21:00:00,21,23,23,0.0,3.0,20.0,0.0,0.0,1.0,7,7,4,2,6,2,26.517,180.5,107.0,477.0,26.517,4.0,11.43,roster,0,72.0,57.5,0.5294,72.44,3.7172,0.575,0.6124,3.1304,49.33,5.21,26.8,11.09,11.925
2021-01-12 22:00:00,22,24,24,1.0,6.0,17.0,0.0,0.0,1.0,7,7,6,2,8,2,27.517,177.5,121.0,537.0,27.517,3.0,8.18,roster,0,80.0,60.0,0.8333,77.71,4.8525,0.6,0.8557,3.3333,51.48,6.95,26.8,12.49,13.425
2021-01-12 23:00:00,23,24,24,2.0,6.0,16.0,0.0,0.0,1.0,8,5,7,2,9,2,28.517,156.0,116.0,353.0,28.517,3.0,8.18,roster,0,82.0,60.0,0.8817,74.3,4.1384,0.6,0.6112,3.4167,51.48,7.81,26.8,8.21,8.825
2021-01-13 00:00:00,0,28,28,2.0,6.0,20.0,0.0,0.0,1.0,6,6,8,2,10,2,29.517,211.5,150.0,413.0,29.517,3.0,8.18,roster,0,94.0,70.0,1.0444,85.15,4.8125,0.7,0.7335,3.3571,60.06,8.68,26.8,9.6,10.325
2021-01-13 01:00:00,1,26,26,1.0,7.0,18.0,0.0,0.0,1.0,5,5,8,1,9,1,30.517,276.0,210.0,473.0,30.517,3.0,8.18,roster,0,87.0,65.0,0.9355,67.98,4.2203,0.65,0.6112,3.3462,55.77,7.81,13.4,11.0,11.825
2021-01-13 02:00:00,2,27,27,2.0,7.0,18.0,0.0,0.0,1.0,3,4,8,1,9,1,31.517,336.0,270.0,533.0,31.517,3.0,8.18,roster,0,92.0,67.5,0.9892,71.52,3.9662,0.675,0.489,3.4074,57.92,7.81,13.4,12.39,13.325
2021-01-13 03:00:00,3,24,24,2.0,8.0,14.0,0.0,0.0,1.0,3,3,8,2,10,2,32.517,391.5,305.0,593.0,32.517,3.0,8.18,roster,0,84.0,60.0,0.9333,80.75,3.3836,0.6,0.3667,3.5,51.48,8.68,26.8,13.79,14.825
2021-01-13 04:00:00,4,20,20,1.0,8.0,11.0,0.0,0.0,1.0,2,2,8,2,10,2,33.517,451.5,365.0,653.0,33.517,3.0,8.18,roster,0,70.0,50.0,0.7778,73.57,2.6057,0.5,0.2445,3.5,42.9,8.68,26.8,15.18,16.325
2021-01-13 05:00:00,5,22,22,1.0,8.0,13.0,0.0,0.0,1.0,3,4,10,2,12,2,34.517,478.5,419.0,713.0,34.517,3.0,8.18,roster,0,76.0,55.0,0.9048,80.99,3.5893,0.55,0.489,3.4545,47.19,10.42,26.8,16.58,17.825
2021-01-13 06:00:00,6,23,23,1.0,8.0,14.0,0.0,0.0,1.0,3,3,11,2,13,2,35.517,510.0,222.0,601.0,35.517,3.0,8.18,roster,0,79.0,57.5,0.9753,81.4,3.2347,0.575,0.3667,3.4348,49.33,11.29,26.8,13.97,15.025
2021-01-13 07:00:00,7,22,22,2.0,7.0,13.0,0.0,0.0,1.0,2,2,13,2,15,2,36.517,545.0,180.0,661.0,36.517,3.0,8.18,roster,0,77.0,55.0,1.0267,82.38,2.7807,0.55,0.2445,3.5,47.19,13.02,26.8,15.37,16.525
2021-01-13 08:00:00,8,25,25,3.0,7.0,15.0,0.0,0.0,1.0,5,4,14,2,16,2,37.517,602.0,240.0,721.0,37.517,3.0,7.46,roster,0,88.0,62.5,1.2222,91.08,4.0874,0.625,0.5362,3.52,53.62,13.89,26.8,16.76,18.025
2021-01-13 09:00:00,9,30,30,3.0,6.0,19.0,2.0,0.0,1.0,8,8,14,2,16,2,38.517,351.0,203.0,756.0,38.517,3.0,7.46,roster,0,100.0,75.0,1.3889,102.62,6.0746,0.75,1.0724,3.3333,64.35,13.89,26.8,17.58,18.9
2021-01-13 10:00:00,10,28,28,3.0,3.0,22.0,0.0,0.0,1.0,9,8,11,2,13,2,39.517,267.0,176.0,725.0,39.517,4.0,10.8,roster,0,93.0,70.0,0.8611,95.0,4.7853,0.7,0.7407,3.3214,60.06,11.29,26.8,16.86,18.125
2021-01-13 11:00:00,11,31,31,2.0,3.0,24.0,2.0,0.0,1.0,7,7,13,2,15,2,40.517,323.0,172.0,785.0,40.517,4.0,10.8,roster,0,98.0,77.5,0.98,104.57,4.499,0.775,0.6481,3.1613,66.5,13.02,26.8,18.25,19.625
2021-01-13 12:00:00,12,28,28,2.0,4.0,22.0,0.0,0.0,1.0,8,8,11,2,13,2,41.517,383.0,232.0,845.0,41.517,4.0,10.8,roster,0,92.0,70.0,0.8519,97.79,4.7339,0.7,0.7407,3.2857,60.06,11.29,26.8,19.65,21.125
2021-01-13 13:00:00,13,34,34,2.0,4.0,28.0,0.0,0.0,1.0,10,10,12,2,14,2,42.517,332.0,111.0,899.0,42.517,4.0,10.8,roster,0,110.0,85.0,1.0577,112.79,5.7456,0.85,0.9259,3.2353,72.93,12.16,26.8,20.9,22.475
2021-01-13 14:00:00,14,34,34,1.0,3.0,29.0,1.0,0.0,1.0,6,6,12,3,15,3,43.517,259.0,111.0,959.0,43.517,4.0,10.8,roster,0,106.0,85.0,1.06,128.45,4.382,0.85,0.5556,3.1176,72.93,13.02,40.2,22.3,23.975
2021-01-13 15:00:00,15,36,36,1.0,4.0,29.0,2.0,0.0,1.0,11,11,10,3,13,3,44.517,225.0,171.0,762.0,44.517,4.0,10.8,roster,0,112.0,90.0,1.037,126.42,5.9687,0.9,1.0185,3.1111,77.22,11.29,40.2,17.72,19.05
2021-01-13 16:00:00,16,30,30,1.0,3.0,24.0,2.0,0.0,1.0,5,4,12,3,15,3,45.517,245.0,91.0,822.0,45.517,4.0,10.8,roster,0,93.0,75.0,0.93,116.69,3.4731,0.75,0.3704,3.1,64.35,13.02,40.2,19.11,20.55
2021-01-13 17:00:00,17,32,32,1.0,5.0,24.0,2.0,0.0,1.0,7,7,12,3,15,3,46.517,305.0,144.0,882.0,46.517,4.0,10.8,roster,0,101.0,80.0,1.01,122.37,4.5707,0.8,0.6481,3.1562,68.64,13.02,40.2,20.51,22.05
2021-01-13 18:00:00,18,30,30,1.0,7.0,19.0,2.0,1.0,1.0,6,6,11,4,15,4,47.517,208.0,111.0,511.0,47.517,4.0,10.8,roster,0,95.0,75.0,0.95,122.86,4.1343,0.75,0.5556,3.1667,64.35,13.02,53.6,11.88,12.775
2021-01-13 19:00:00,19,24,24,1.0,6.0,16.0,1.0,0.0,1.0,2,3,9,4,13,4,48.517,268.0,148.0,571.0,48.517,4.0,10.8,roster,0,79.0,60.0,0.7315,109.64,2.8894,0.6,0.2778,3.2917,51.48,11.29,53.6,13.28,14.275
2021-01-13 20:00:00,20,20,20,2.0,1.0,16.0,1.0,0.0,1.0,6,6,4,2,6,2,49.517,479.5,208.0,1319.0,49.517,4.0,11.38,roster,0,64.0,50.0,0.4706,85.58,3.2872,0.5,0.5272,3.2,42.9,5.21,26.8,30.67,32.975
2021-01-13 21:00:00,21,17,17,2.0,2.0,12.0,1.0,0.0,1.0,5,4,3,1,4,1,50.517,810.0,241.0,3031.0,50.517,4.0,11.38,roster,0,56.0,42.5,0.3889,103.81,2.5579,0.425,0.3515,3.2941,36.46,3.47,13.4,70.47,75.775
2021-01-13 22:00:00,22,12,12,2.0,1.0,8.0,1.0,0.0,1.0,2,1,2,1,3,1,51.517,1439.0,151.0,3091.0,51.517,3.0,8.04,roster,0,40.0,30.0,0.3604,93.61,1.4146,0.3,0.1244,3.3333,25.74,2.6,13.4,71.87,77.275
2021-01-13 23:00:00,23,17,17,1.0,2.0,11.0,3.0,0.0,1.0,9,7,2,1,3,1,52.517,1499.0,84.0,3151.0,52.517,3.0,8.04,roster,0,52.0,42.5,0.4685,105.73,3.9632,0.425,0.8706,3.0588,36.46,2.6,13.4,73.26,78.775
2021-01-14 00:00:00,0,19,19,1.0,3.0,14.0,1.0,0.0,1.0,6,6,3,1,4,1,53.517,851.5,144.0,3211.0,53.517,3.0,8.04,roster,0,61.0,47.5,0.5648,112.28,3.9209,0.475,0.7463,3.2105,40.75,3.47,13.4,74.66,80.275
2021-01-14 01:00:00,1,24,24,1.0,4.0,16.0,3.0,0.0,1.0,10,9,5,1,6,1,54.517,174.0,107.0,1619.0,54.517,3.0,8.04,roster,0,75.0,60.0,0.7353,87.73,5.3731,0.6,1.1194,3.125,51.48,5.21,13.4,37.64,40.475
2021-01-14 02:00:00,2,22,22,1.0,5.0,14.0,2.0,0.0,1.0,2,3,8,1,9,1,55.517,167.0,113.0,264.0,55.517,3.0,8.04,roster,0,71.0,55.0,0.7634,54.54,2.9792,0.55,0.3731,3.2273,47.19,7.81,13.4,6.14,6.6
2021-01-14 03:00:00,3,20,20,1.0,5.0,14.0,0.0,0.0,1.0,2,2,8,2,10,2,56.517,222.0,170.0,324.0,56.517,3.0,8.04,roster,0,67.0,50.0,0.7444,65.92,2.5083,0.5,0.2488,3.35,42.9,8.68,26.8,7.53,8.1
2021-01-14 04:00:00,4,18,18,1.0,5.0,12.0,0.0,0.0,1.0,1,0,8,2,10,2,57.517,282.0,230.0,384.0,57.517,3.0,8.04,roster,0,61.0,45.0,0.6778,63.02,1.525,0.45,0.0,3.3889,38.61,8.68,26.8,8.93,9.6
2021-01-14 05:00:00,5,19,19,1.0,5.0,13.0,0.0,0.0,1.0,2,2,8,2,10,2,58.517,342.0,290.0,444.0,58.517,3.0,8.04,roster,0,64.0,47.5,0.7111,66.56,2.4379,0.475,0.2488,3.3684,40.75,8.68,26.8,10.32,11.1
2021-01-14 06:00:00,6,20,20,1.0,5.0,14.0,0.0,0.0,1.0,2,2,8,2,10,2,59.517,402.0,350.0,504.0,59.517,3.0,8.04,roster,0,67.0,50.0,0.7444,70.1,2.5083,0.5,0.2488,3.35,42.9,8.68,26.8,11.72,12.6
2021-01-14 07:00:00,7,22,22,1.0,4.0,16.0,1.0,0.0,1.0,4,5,9,2,11,2,60.517,457.0,400.0,564.0,60.517,3.0,8.04,roster,0,71.0,55.0,0.8161,76.65,3.782,0.55,0.6219,3.2273,47.19,9.55,26.8,13.11,14.1
2021-01-14 08:00:00,8,22,22,1.0,4.0,15.0,2.0,0.0,1.0,2,2,10,2,12,2,61.517,495.0,460.0,624.0,61.517,3.0,6.38,roster,0,70.0,55.0,0.8333,78.92,2.7474,0.55,0.3135,3.1818,47.19,10.42,26.8,14.51,15.6
2021-01-14 09:00:00,9,20,20,1.0,3.0,13.0,3.0,0.0,1.0,6,6,5,2,7,2,62.517,427.0,169.0,2099.0,62.517,3.0,6.38,roster,0,62.0,50.0,0.6263,104.58,4.4654,0.5,0.9404,3.1,42.9,6.08,26.8,48.8,52.475
2021-01-14 10:00:00,10,27,27,1.0,5.0,21.0,0.0,0.0,1.0,14,14,5,2,7,2,63.517,229.0,99.0,2159.0,63.517,4.0,10.08,roster,0,88.0,67.5,0.6667,120.99,6.7267,0.675,1.3889,3.2593,57.92,6.08,26.8,50.2,53.975
2021-01-14 11:00:00,11,35,35,3.0,4.0,27.0,1.0,0.0,1.0,13,13,9,3,12,3,64.517,145.0,105.0,547.0,64.517,4.0,10.08,roster,0,114.0,87.5,1.0179,118.41,7.0507,0.875,1.2897,3.2571,75.08,10.42,40.2,12.72,13.675
2021-01-14 12:00:00,12,34,34,3.0,2.0,28.0,1.0,0.0,1.0,7,7,9,3,12,3,65.517,162.5,129.0,349.0,65.517,4.0,10.08,roster,0,109.0,85.0,0.9732,111.66,4.9513,0.85,0.6944,3.2059,72.93,10.42,40.2,8.11,8.725
2021-01-14 13:00:00,13,34,34,3.0,2.0,28.0,1.0,0.0,1.0,8,7,10,3,13,3,66.517,194.0,144.0,306.0,66.517,4.0,10.08,roster,0,109.0,85.0,1.0093,111.53,4.9513,0.85,0.6944,3.2059,72.93,11.29,40.2,7.11,7.65
2021-01-14 14:00:00,14,37,37,3.0,4.0,29.0,1.0,0.0,1.0,7,6,11,3,14,3,67.517,236.5,147.0,311.0,67.517,4.0,10.08,roster,0,120.0,92.5,1.1538,118.95,4.9305,0.925,0.5952,3.2432,79.36,12.16,40.2,7.23,7.775
2021-01-14 15:00:00,15,32,32,2.0,4.0,26.0,0.0,0.0,1.0,8,6,11,2,13,2,68.517,247.0,145.0,345.0,68.517,4.0,10.08,roster,0,104.0,80.0,0.963,94.75,4.5345,0.8,0.5952,3.25,68.64,11.29,26.8,8.02,8.625
2021-01-14 16:00:00,16,26,26,2.0,3.0,20.0,0.0,1.0,1.0,5,4,10,1,11,1,69.517,242.0,138.0,405.0,69.517,4.0,10.08,roster,0,83.0,65.0,0.7155,68.14,3.3418,0.65,0.3968,3.1923,55.77,9.55,13.4,9.42,10.125
2021-01-14 17:00:00,17,22,22,2.0,3.0,16.0,0.0,1.0,1.0,4,4,11,1,12,1,70.517,236.0,135.0,465.0,70.517,4.0,10.08,roster,0,71.0,55.0,0.6339,61.82,3.0557,0.55,0.3968,3.2273,47.19,10.42,13.4,10.81,11.625
2021-01-14 18:00:00,18,24,24,2.0,3.0,17.0,1.0,1.0,1.0,9,8,8,1,9,1,71.517,282.0,189.0,525.0,71.517,4.0,10.08,roster,0,76.0,60.0,0.6129,64.9,4.4132,0.6,0.7937,3.1667,51.48,7.81,13.4,12.21,13.125
2021-01-14 19:00:00,19,28,28,3.0,6.0,18.0,0.0,1.0,1.0,10,9,10,1,11,1,72.517,255.0,116.0,585.0,72.517,4.0,10.08,roster,0,94.0,70.0,0.8103,76.61,5.3474,0.7,0.8929,3.3571,60.06,9.55,13.4,13.6,14.625
2021-01-14 20:00:00,20,34,34,3.0,7.0,22.0,0.0,2.0,1.0,13,13,10,2,12,2,73.517,154.5,108.0,402.0,73.517,4.0,11.76,roster,0,111.0,85.0,0.9911,99.5,6.3839,0.85,1.1054,3.2647,72.93,10.42,26.8,9.35,10.05
2021-01-14 21:00:00,21,39,39,4.0,7.0,25.0,1.0,2.0,1.0,12,12,10,2,12,2,74.517,176.5,132.0,375.0,74.517,4.0,11.76,roster,0,127.0,97.5,1.1339,109.59,6.4979,0.975,1.0204,3.2564,83.66,10.42,26.8,8.72,9.375
2021-01-14 22:00:00,22,37,37,3.0,5.0,26.0,1.0,2.0,1.0,9,10,8,4,12,4,75.517,219.5,97.0,435.0,75.517,3.0,8.06,roster,0,117.0,92.5,1.3929,133.5,6.8483,0.925,1.2407,3.1622,79.36,10.42,53.6,10.11,10.875
2021-01-14 23:00:00,23,34,34,3.0,8.0,20.0,1.0,2.0,1.0,6,6,7,4,11,4,76.517,288.0,150.0,495.0,76.517,3.0,8.06,roster,0,111.0,85.0,1.2759,127.59,5.2053,0.85,0.7444,3.2647,72.93,9.55,53.6,11.51,12.375
2021-01-15 00:00:00,0,37,37,3.0,9.0,21.0,2.0,2.0,1.0,9,8,8,3,11,3,77.517,348.0,210.0,555.0,77.517,3.0,8.06,roster,0,120.0,92.5,1.3793,122.02,6.2191,0.925,0.9926,3.2432,79.36,9.55,40.2,12.9,13.875
2021-01-15 01:00:00,1,30,30,2.0,9.0,16.0,1.0,2.0,1.0,3,1,9,2,11,2,78.517,408.0,261.0,615.0,78.517,3.0,8.06,roster,0,98.0,75.0,1.1264,95.0,2.8553,0.75,0.1241,3.2667,64.35,9.55,26.8,14.3,15.375
2021-01-15 02:00:00,2,24,24,2.0,7.0,12.0,1.0,2.0,1.0,1,1,9,1,10,1,79.517,480.5,321.0,675.0,79.517,3.0,8.06,roster,0,78.0,60.0,0.8667,69.26,2.3532,0.6,0.1241,3.25,51.48,8.68,13.4,15.69,16.875
2021-01-15 03:00:00,3,26,26,2.0,7.0,14.0,1.0,2.0,1.0,5,5,9,1,10,1,80.517,540.5,381.0,735.0,80.517,3.0,8.06,roster,0,84.0,65.0,0.9333,74.94,4.1042,0.65,0.6203,3.2308,55.77,8.68,13.4,17.09,18.375
2021-01-15 04:00:00,4,26,26,2.0,7.0,14.0,1.0,2.0,1.0,3,3,8,1,9,1,81.517,588.0,441.0,721.0,81.517,3.0,8.06,roster,0,84.0,65.0,0.9032,73.75,3.3025,0.65,0.3722,3.2308,55.77,7.81,13.4,16.76,18.025
2021-01-15 05:00:00,5,21,21,2.0,6.0,9.0,2.0,2.0,1.0,1,1,8,1,9,1,82.517,648.0,501.0,781.0,82.517,3.0,8.06,roster,0,67.0,52.5,0.7204,64.42,2.0708,0.525,0.1241,3.1905,45.04,7.81,13.4,18.16,19.525
2021-01-15 06:00:00,6,19,19,2.0,6.0,7.0,2.0,2.0,1.0,0,0,9,1,10,1,83.517,699.5,460.0,841.0,83.517,3.0,8.06,roster,0,61.0,47.5,0.6778,62.39,1.525,0.475,0.0,3.2105,40.75,8.68,13.4,19.55,21.025
2021-01-15 07:00:00,7,18,18,3.0,6.0,5.0,2.0,2.0,1.0,1,1,9,1,10,1,84.517,759.5,520.0,901.0,84.517,3.0,8.06,roster,0,60.0,45.0,0.6667,61.64,1.9136,0.45,0.1241,3.3333,38.61,8.68,13.4,20.95,22.525
2021-01-15 08:00:00,8,22,22,2.0,8.0,8.0,2.0,2.0,1.0,5,5,9,1,10,1,85.517,819.5,580.0,961.0,85.517,3.0,7.76,roster,0,72.0,55.0,0.8,71.62,3.9087,0.55,0.6443,3.2727,47.19,8.68,13.4,22.34,24.025
2021-01-15 09:00:00,9,22,22,2.0,7.0,9.0,2.0,2.0,1.0,4,3,8,2,10,2,86.517,690.5,114.0,1021.0,86.517,3.0,7.76,roster,0,71.0,55.0,0.7889,86.41,3.0227,0.55,0.3866,3.2273,47.19,8.68,26.8,23.74,25.525
2021-01-15 10:00:00,10,22,22,2.0,7.0,12.0,0.0,1.0,1.0,7,6,7,2,9,2,87.517,700.0,154.0,973.0,87.517,4.0,11.01,roster,0,75.0,55.0,0.6048,84.43,3.7328,0.55,0.545,3.4091,47.19,7.81,26.8,22.62,24.325
2021-01-15 11:00:00,11,23,23,2.0,7.0,11.0,2.0,1.0,1.0,6,6,6,2,8,2,88.517,810.5,214.0,3659.0,88.517,4.0,11.01,roster,0,76.0,57.5,0.5938,148.15,3.7007,0.575,0.545,3.3043,49.33,6.95,26.8,85.07,91.475
2021-01-15 12:00:00,12,27,27,2.0,9.0,15.0,1.0,0.0,1.0,11,10,6,1,7,1,89.517,921.0,124.0,3719.0,89.517,4.0,11.01,roster,0,93.0,67.5,0.7045,143.86,5.4535,0.675,0.9083,3.4444,57.92,6.08,13.4,86.47,92.975
2021-01-15 13:00:00,13,30,30,2.0,9.0,19.0,0.0,0.0,1.0,6,5,7,3,10,3,90.517,252.5,99.0,1153.0,90.517,4.0,11.01,roster,0,103.0,75.0,0.8583,120.04,4.1342,0.75,0.4541,3.4333,64.35,8.68,40.2,26.81,28.825
2021-01-15 14:00:00,14,32,32,2.0,10.0,20.0,0.0,0.0,1.0,9,9,6,3,9,3,91.517,236.0,126.0,1213.0,91.517,4.0,11.01,roster,0,110.0,80.0,0.8871,124.86,5.5599,0.8,0.8174,3.4375,68.64,7.81,40.2,28.2,30.325
2021-01-15 15:00:00,15,31,31,2.0,10.0,19.0,0.0,0.0,1.0,9,8,6,3,9,3,92.517,219.0,182.0,1273.0,92.517,4.0,11.01,roster,0,107.0,77.5,0.8629,124.11,5.183,0.775,0.7266,3.4516,66.5,7.81,40.2,29.6,31.825
2021-01-15 16:00:00,16,29,29,2.0,9.0,18.0,0.0,0.0,1.0,10,8,6,2,8,2,93.517,206.0,87.0,3959.0,93.517,4.0,11.01,roster,0,100.0,72.5,0.7812,168.0,5.0056,0.725,0.7266,3.4483,62.2,6.95,26.8,92.05,98.975
2021-01-15 17:00:00,17,34,34,2.0,9.0,23.0,0.0,0.0,1.0,9,7,10,2,12,2,94.517,143.5,98.0,1393.0,94.517,4.0,11.01,roster,0,115.0,85.0,1.0268,122.54,5.0255,0.85,0.6358,3.3824,72.93,10.42,26.8,32.39,34.825
2021-01-15 18:00:00,18,39,39,1.0,8.0,29.0,0.0,1.0,1.0,11,10,12,1,13,1,95.517,179.0,130.0,399.0,95.517,4.0,11.01,roster,0,125.0,97.5,1.1574,97.62,6.0361,0.975,0.9083,3.2051,83.66,11.29,13.4,9.28,9.975
2021-01-15 19:00:00,19,35,35,1.0,7.0,27.0,0.0,0.0,1.0,6,6,9,1,10,1,96.517,228.5,159.0,459.0,96.517,4.0,11.01,roster,0,114.0,87.5,0.95,87.83,4.625,0.875,0.545,3.2571,75.08,8.68,13.4,10.67,11.475
2021-01-15 20:00:00,20,36,36,1.0,6.0,28.0,1.0,0.0,1.0,9,9,12,1,13,1,97.517,250.0,112.0,373.0,97.517,4.0,11.31,roster,0,115.0,90.0,1.0648,90.58,5.417,0.9,0.7958,3.1944,77.22,11.29,13.4,8.67,9.325
2021-01-15 21:00:00,21,40,40,1.0,6.0,31.0,1.0,1.0,1.0,11,11,12,1,13,1,98.517,258.0,137.0,359.0,98.517,4.0,11.31,roster,0,125.0,100.0,1.1574,98.83,6.1643,1.0,0.9726,3.125,85.8,11.29,13.4,8.35,8.975
2021-01-15 22:00:00,22,34,34,1.0,5.0,26.0,2.0,0.0,1.0,9,8,10,1,11,1,99.517,318.0,182.0,493.0,99.517,3.0,8.06,roster,0,107.0,85.0,1.2299,87.34,5.7986,0.85,0.9926,3.1471,72.93,9.55,13.4,11.46,12.325
2021-01-15 23:00:00,23,29,29,1.0,3.0,24.0,1.0,0.0,1.0,6,6,8,1,9,1,100.517,378.0,208.0,458.0,100.517,3.0,8.06,roster,0,91.0,72.5,0.9785,74.07,4.6109,0.725,0.7444,3.1379,62.2,7.81,13.4,10.65,11.45
2021-01-16 00:00:00,0,29,29,1.0,3.0,24.0,1.0,0.0,1.0,5,4,9,2,11,2,101.517,428.0,141.0,518.0,101.517,3.0,8.06,roster,0,91.0,72.5,1.046,90.6,3.8323,0.725,0.4963,3.1379,62.2,9.55,26.8,12.04,12.95
2021-01-16 01:00:00,1,27,27,1.0,4.0,21.0,1.0,0.0,1.0,5,5,11,1,12,1,102.517,408.0,201.0,578.0,102.517,3.0,8.06,roster,0,86.0,67.5,1.0238,75.17,4.1259,0.675,0.6203,3.1852,57.92,10.42,13.4,13.44,14.45
2021-01-16 02:00:00,2,28,28,2.0,3.0,20.0,3.0,0.0,1.0,6,6,13,1,14,1,103.517,379.0,164.0,610.0,103.517,3.0,8.06,roster,0,88.0,70.0,1.1282,79.8,4.5396,0.7,0.7444,3.1429,60.06,12.16,13.4,14.18,15.25
2021-01-16 03:00:00,3,26,26,2.0,3.0,18.0,1.0,2.0,1.0,5,4,13,1,14,1,104.517,439.0,224.0,670.0,104.517,3.0,8.06,roster,0,80.0,65.0,1.0256,76.9,3.527,0.65,0.4963,3.0769,55.77,12.16,13.4,15.58,16.75
2021-01-16 04:00:00,4,23,23,1.0,3.0,17.0,1.0,1.0,1.0,1,1,13,1,14,1,105.517,499.0,284.0,730.0,105.517,3.0,8.06,roster,0,71.0,57.5,0.9103,71.86,2.158,0.575,0.1241,3.087,49.33,12.16,13.4,16.97,18.25
2021-01-16 05:00:00,5,23,23,1.0,4.0,17.0,1.0,0.0,1.0,2,2,12,1,13,1,106.517,568.0,344.0,790.0,106.517,3.0,8.06,roster,0,74.0,57.5,0.9136,72.39,2.6484,0.575,0.2481,3.2174,49.33,11.29,13.4,18.37,19.75
2021-01-16 06:00:00,6,26,26,1.0,4.0,20.0,1.0,0.0,1.0,3,3,12,2,14,2,107.517,619.0,362.0,850.0,107.517,3.0,8.06,roster,0,83.0,65.0,1.0641,94.49,3.2632,0.65,0.3722,3.1923,55.77,12.16,26.8,19.76,21.25
2021-01-16 07:00:00,7,29,29,1.0,4.0,23.0,1.0,0.0,1.0,5,5,13,1,14,1,108.517,679.0,422.0,910.0,108.517,3.0,8.06,roster,0,92.0,72.5,1.1795,88.92,4.268,0.725,0.6203,3.1724,62.2,12.16,13.4,21.16,22.75
2021-01-16 08:00:00,8,30,30,1.0,7.0,20.0,2.0,0.0,1.0,5,5,14,2,16,2,109.517,675.5,477.0,970.0,109.517,3.0,6.3,roster,0,97.0,75.0,1.3472,107.6,4.9911,0.75,0.7937,3.2333,64.35,13.89,26.8,22.55,24.25
2021-01-16 09:00:00,9,25,25,1.0,8.0,14.0,2.0,0.0,1.0,5,5,8,3,11,3,110.517,681.0,125.0,1058.0,110.517,3.0,6.3,roster,0,83.0,62.5,0.954,107.97,4.7099,0.625,0.7937,3.32,53.62,9.55,40.2,24.6,26.45
2021-01-16 10:00:00,10,30,30,1.0,6.0,22.0,1.0,0.0,1.0,13,11,8,2,10,2,111.517,145.5,82.0,1118.0,111.517,4.0,9.76,roster,0,97.0,75.0,0.8083,105.83,6.0691,0.75,1.127,3.2333,64.35,8.68,26.8,25.99,27.95
2021-01-16 11:00:00,11,36,36,1.0,11.0,23.0,1.0,0.0,1.0,13,11,11,2,13,2,112.517,172.0,133.0,657.0,112.517,4.0,9.76,roster,0,120.0,90.0,1.1111,110.58,6.7568,0.9,1.127,3.3333,77.22,11.29,26.8,15.28,16.425
2021-01-16 12:00:00,12,34,34,2.0,13.0,17.0,2.0,0.0,1.0,9,10,11,3,14,3,113.517,199.5,120.0,285.0,113.517,4.0,9.76,roster,0,117.0,85.0,1.125,111.91,6.4508,0.85,1.0246,3.4412,72.93,12.16,40.2,6.63,7.125
2021-01-16 13:00:00,13,31,31,4.0,12.0,14.0,1.0,0.0,1.0,7,5,12,3,15,3,114.517,239.0,120.0,345.0,114.517,4.0,9.76,roster,0,112.0,77.5,1.12,107.74,4.6509,0.775,0.5123,3.6129,66.5,13.02,40.2,8.02,8.625
2021-01-16 14:00:00,14,33,33,2.0,13.0,15.0,3.0,0.0,1.0,9,9,9,3,12,3,115.517,310.5,197.0,1358.0,115.517,4.0,9.76,roster,0,113.0,82.5,1.0089,132.98,5.9826,0.825,0.9221,3.4242,70.78,10.42,40.2,31.57,33.95
2021-01-16 15:00:00,15,30,30,1.0,10.0,16.0,3.0,0.0,1.0,9,8,9,2,11,2,116.517,295.0,212.0,1418.0,116.517,4.0,9.76,roster,0,99.0,75.0,0.8534,113.67,5.1799,0.75,0.8197,3.3,64.35,9.55,26.8,32.97,35.45
2021-01-16 16:00:00,16,20,20,1.0,6.0,10.0,3.0,0.0,1.0,4,3,5,1,6,1,117.517,960.0,272.0,5399.0,117.517,4.0,9.76,roster,0,65.0,50.0,0.4779,167.04,2.624,0.5,0.3074,3.25,42.9,5.21,13.4,125.53,134.975
2021-01-16 17:00:00,17,16,16,2.0,5.0,8.0,1.0,0.0,1.0,4,4,5,1,6,1,118.517,1020.0,332.0,5459.0,118.517,4.0,9.76,roster,0,56.0,40.0,0.4118,159.85,2.8344,0.4,0.4098,3.5,34.32,5.21,13.4,126.92,136.475
2021-01-16 18:00:00,18,16,16,2.0,5.0,8.0,1.0,0.0,1.0,6,3,6,1,7,1,119.517,562.0,104.0,5519.0,119.517,4.0,9.76,roster,0,56.0,40.0,0.4242,162.11,2.4758,0.4,0.3074,3.5,34.32,6.08,13.4,128.32,137.975
2021-01-16 19:00:00,19,17,17,1.0,4.0,11.0,1.0,0.0,1.0,8,7,4,1,5,1,120.517,1658.0,622.0,5579.0,120.517,4.0,9.76,roster,0,56.0,42.5,0.4,163.92,3.7626,0.425,0.7172,3.2941,36.46,4.34,13.4,129.71,139.475
2021-01-16 20:00:00,20,25,25,1.0,7.0,15.0,2.0,0.0,1.0,17,15,4,1,5,1,121.517,1718.0,682.0,5639.0,121.517,4.0,10.14,roster,0,82.0,62.5,0.5857,182.47,6.9021,0.625,1.4793,3.28,53.62,4.34,13.4,131.11,140.975
2021-01-16 21:00:00,21,25,25,1.0,5.0,17.0,2.0,0.0,1.0,12,10,4,1,5,1,122.517,1778.0,742.0,5699.0,122.517,4.0,10.14,roster,0,80.0,62.5,0.5714,183.87,5.1558,0.625,0.9862,3.2,53.62,4.34,13.4,132.5,142.475
2021-01-16 22:00:00,22,22,22,1.0,5.0,13.0,3.0,0.0,1.0,4,4,4,2,6,2,123.517,1320.0,113.0,5759.0,123.517,3.0,6.68,roster,0,70.0,55.0,0.6863,193.1,3.6553,0.55,0.5988,3.1818,47.19,5.21,26.8,133.9,143.975
2021-01-16 23:00:00,23,26,26,1.0,6.0,17.0,2.0,0.0,1.0,13,11,3,2,5,2,124.517,1898.0,862.0,5819.0,124.517,3.0,6.68,roster,0,84.0,65.0,0.8,202.2,7.4201,0.65,1.6467,3.2308,55.77,4.34,26.8,135.29,145.475
2021-01-17 00:00:00,0,26,26,2.0,6.0,16.0,2.0,0.0,1.0,8,7,4,2,6,2,125.517,1440.0,189.0,5879.0,125.517,3.0,6.68,roster,0,86.0,65.0,0.8431,204.47,5.6161,0.65,1.0479,3.3077,55.77,5.21,26.8,136.69,146.975
2021-01-17 01:00:00,1,20,20,2.0,5.0,11.0,2.0,0.0,1.0,2,1,5,4,9,4,126.517,249.0,115.0,2018.0,126.517,3.0,6.68,roster,0,67.0,50.0,0.7204,131.23,2.1765,0.5,0.1497,3.35,42.9,7.81,53.6,46.92,50.45
2021-01-17 02:00:00,2,22,22,1.0,5.0,13.0,2.0,1.0,1.0,6,6,5,3,8,3,127.517,675.5,220.0,5999.0,127.517,3.0,6.68,roster,0,69.0,55.0,0.7188,213.81,4.5421,0.55,0.8982,3.1364,47.19,6.95,40.2,139.48,149.975
2021-01-17 03:00:00,3,18,18,1.0,3.0,11.0,2.0,1.0,1.0,2,1,5,2,7,2,128.517,1102.0,280.0,6059.0,128.517,3.0,6.68,roster,0,55.0,45.0,0.5556,192.36,1.8324,0.45,0.1497,3.0556,38.61,6.08,26.8,140.87,151.475
2021-01-17 04:00:00,4,22,22,1.0,3.0,15.0,2.0,1.0,1.0,5,5,5,2,7,2,129.517,1162.0,340.0,6119.0,129.517,3.0,6.68,roster,0,67.0,55.0,0.6768,202.33,3.9545,0.55,0.7485,3.0455,47.19,6.08,26.8,142.27,152.975
2021-01-17 05:00:00,5,20,20,1.0,3.0,13.0,2.0,1.0,1.0,1,0,6,2,8,2,130.517,855.5,400.0,6179.0,130.517,3.0,6.68,roster,0,61.0,50.0,0.6354,200.31,1.525,0.5,0.0,3.05,42.9,6.95,26.8,143.66,154.475
2021-01-17 06:00:00,6,23,23,1.0,5.0,13.0,3.0,1.0,1.0,4,4,6,2,8,2,131.517,915.5,460.0,6239.0,131.517,3.0,6.68,roster,0,71.0,57.5,0.7396,208.14,3.6235,0.575,0.5988,3.087,49.33,6.95,26.8,145.06,155.975
2021-01-17 07:00:00,7,25,25,1.0,5.0,16.0,2.0,1.0,1.0,5,4,6,2,8,2,132.517,975.5,520.0,6299.0,132.517,3.0,6.68,roster,0,78.0,62.5,0.8125,213.82,3.8183,0.625,0.5988,3.12,53.62,6.95,26.8,146.45,157.475
2021-01-17 08:00:00,8,23,23,1.0,3.0,16.0,2.0,1.0,1.0,5,5,7,2,9,2,133.517,669.0,512.0,2438.0,133.517,3.0,7.88,roster,0,70.0,57.5,0.7527,120.63,3.6811,0.575,0.6345,3.0435,49.33,7.81,26.8,56.68,60.95
2021-01-17 09:00:00,9,21,21,1.0,3.0,15.0,1.0,1.0,1.0,2,3,6,2,8,2,134.517,526.0,174.0,6419.0,134.517,3.0,7.88,roster,0,65.0,52.5,0.6771,208.03,2.8034,0.525,0.3807,3.0952,45.04,6.95,26.8,149.24,160.475
2021-01-17 10:00:00,10,27,27,1.0,4.0,20.0,1.0,1.0,1.0,12,12,5,2,7,2,135.517,789.0,148.0,6479.0,135.517,4.0,10.92,roster,0,84.0,67.5,0.6364,221.43,5.5188,0.675,1.0989,3.1111,57.92,6.08,26.8,150.64,161.975
2021-01-17 11:00:00,11,26,26,2.0,3.0,20.0,0.0,1.0,1.0,11,8,4,2,6,2,136.517,571.5,208.0,6539.0,136.517,4.0,10.92,roster,0,83.0,65.0,0.6103,219.81,4.4137,0.65,0.7326,3.1923,55.77,5.21,26.8,152.03,163.475
2021-01-17 12:00:00,12,25,25,2.0,4.0,19.0,0.0,0.0,1.0,8,8,3,2,5,2,137.517,268.0,158.0,6599.0,137.517,4.0,10.92,roster,0,83.0,62.5,0.5929,218.19,4.5072,0.625,0.7326,3.32,53.62,4.34,26.8,153.43,164.975
2021-01-17 13:00:00,13,30,30,1.0,5.0,24.0,0.0,0.0,1.0,15,13,4,2,6,2,7.283,133.0,101.0,218.0,5.467,4.0,10.92,roster,0,97.0,75.0,0.7132,81.43,6.2742,0.75,1.1905,3.2333,64.35,5.21,26.8,5.07,5.45
2021-01-17 14:00:00,14,29,29,1.0,3.0,25.0,0.0,0.0,1.0,10,9,2,1,3,1,8.283,103.0,88.0,213.0,3.55,4.0,10.92,roster,0,92.0,72.5,0.6216,63.16,4.9146,0.725,0.8242,3.1724,62.2,2.6,13.4,4.95,5.325
2021-01-17 15:00:00,15,31,31,2.0,2.0,27.0,0.0,0.0,1.0,11,12,2,0,2,0,8.383,124.5,86.0,163.0,2.717,4.0,10.92,roster,0,99.0,77.5,0.6513,52.02,5.9844,0.775,1.0989,3.1935,66.5,1.74,0.0,3.79,4.075
2021-01-17 16:00:00,16,26,26,2.0,2.0,22.0,0.0,0.0,1.0,9,9,3,2,5,2,8.0,87.0,79.0,146.0,3.717,4.0,10.92,roster,0,84.0,65.0,0.6,70.31,4.7627,0.65,0.8242,3.2308,55.77,4.34,26.8,3.39,3.65
2021-01-17 17:00:00,17,24,24,2.0,3.0,19.0,0.0,0.0,1.0,7,6,4,2,6,2,9.0,143.0,121.0,206.0,4.717,4.0,10.92,roster,0,79.0,60.0,0.5809,68.28,3.7836,0.6,0.5495,3.2917,51.48,5.21,26.8,4.79,5.15
2021-01-17 18:00:00,18,23,23,1.0,5.0,15.0,2.0,0.0,1.0,8,8,3,1,4,1,8.783,190.0,181.0,266.0,4.433,4.0,10.92,roster,0,74.0,57.5,0.5139,52.39,4.2071,0.575,0.7326,3.2174,49.33,3.47,13.4,6.18,6.65
2021-01-17 19:00:00,19,30,30,1.0,6.0,22.0,1.0,0.0,1.0,12,12,5,0,5,0,9.783,109.0,82.0,222.0,4.017,4.0,10.92,roster,0,97.0,75.0,0.6929,53.85,5.9781,0.75,1.0989,3.2333,64.35,4.34,0.0,5.16,5.55
2021-01-17 20:00:00,20,25,25,1.0,5.0,19.0,0.0,0.0,1.0,9,6,8,1,9,1,10.783,113.0,100.0,142.0,5.017,4.0,9.72,roster,0,82.0,62.5,0.6613,58.14,4.0747,0.625,0.6173,3.28,53.62,7.81,13.4,3.3,3.55
2021-01-17 21:00:00,21,23,23,2.0,4.0,16.0,1.0,0.0,1.0,11,9,4,1,5,1,11.45,149.0,130.0,173.0,3.367,4.0,9.72,roster,0,76.0,57.5,0.5429,51.1,4.9596,0.575,0.9259,3.3043,49.33,4.34,13.4,4.02,4.325
2021-01-17 22:00:00,22,19,19,2.0,5.0,11.0,1.0,0.0,1.0,6,6,3,2,5,2,6.283,142.0,84.0,233.0,4.367,3.0,6.68,roster,0,65.0,47.5,0.619,57.31,4.6978,0.475,0.8982,3.4211,40.75,4.34,26.8,5.42,5.825
2021-01-17 23:00:00,23,17,17,2.0,6.0,9.0,0.0,0.0,1.0,6,5,4,2,6,2,7.283,173.0,121.0,293.0,5.367,3.0,6.68,roster,0,61.0,42.5,0.598,55.29,4.2108,0.425,0.7485,3.5882,36.46,5.21,26.8,6.81,7.325
2021-01-18 00:00:00,0,22,22,1.0,8.0,12.0,1.0,0.0,1.0,11,10,4,1,5,1,8.283,262.0,181.0,353.0,6.367,3.0,6.68,roster,0,75.0,55.0,0.7143,53.14,6.9784,0.55,1.497,3.4091,47.19,4.34,13.4,8.21,8.825
2021-01-18 01:00:00,1,19,19,1.0,8.0,10.0,0.0,0.0,1.0,3,2,7,1,8,1,9.283,235.5,119.0,413.0,7.367,3.0,6.68,roster,0,67.0,47.5,0.6979,50.7,2.7308,0.475,0.2994,3.5263,40.75,6.95,13.4,9.6,10.325
2021-01-18 02:00:00,2,22,22,2.0,8.0,11.0,1.0,0.0,1.0,6,6,7,1,8,1,10.283,295.5,179.0,473.0,8.367,3.0,6.68,roster,0,77.0,55.0,0.8021,58.53,5.0687,0.55,0.8982,3.5,47.19,6.95,13.4,11.0,11.825
2021-01-18 03:00:00,3,22,22,2.0,7.0,12.0,1.0,0.0,1.0,3,3,11,1,12,1,11.283,213.5,107.0,442.0,9.367,3.0,6.68,roster,0,76.0,55.0,0.9048,61.29,3.4514,0.55,0.4491,3.4545,47.19,10.42,13.4,10.28,11.05
2021-01-18 04:00:00,4,21,21,2.0,7.0,11.0,1.0,0.0,1.0,0,0,11,1,12,1,12.283,273.5,167.0,502.0,10.367,3.0,6.68,roster,0,73.0,52.5,0.869,60.54,1.825,0.525,0.0,3.4762,45.04,10.42,13.4,11.67,12.55
2021-01-18 05:00:00,5,24,24,2.0,8.0,13.0,1.0,0.0,1.0,5,4,11,1,12,1,13.283,333.5,227.0,562.0,11.367,3.0,6.68,roster,0,83.0,60.0,0.9881,68.37,4.1459,0.6,0.5988,3.4583,51.48,10.42,13.4,13.07,14.05
2021-01-18 06:00:00,6,24,24,2.0,8.0,13.0,1.0,0.0,1.0,2,2,12,2,14,2,14.283,365.0,244.0,541.0,12.367,3.0,6.68,roster,0,83.0,60.0,1.0641,83.01,3.1104,0.6,0.2994,3.4583,51.48,12.16,26.8,12.58,13.525
2021-01-18 07:00:00,7,26,26,2.0,9.0,14.0,1.0,0.0,1.0,2,2,12,2,14,2,15.283,425.0,304.0,601.0,13.367,3.0,6.68,roster,0,90.0,65.0,1.1538,88.7,3.2864,0.65,0.2994,3.4615,55.77,12.16,26.8,13.97,15.025
2021-01-18 08:00:00,8,28,28,2.0,10.0,15.0,1.0,0.0,1.0,4,4,12,2,14,2,16.283,485.0,364.0,661.0,14.367,3.0,6.77,roster,0,97.0,70.0,1.2436,94.38,4.4718,0.7,0.5908,3.4643,60.06,12.16,26.8,15.37,16.525
2021-01-18 09:00:00,9,30,30,2.0,9.0,19.0,0.0,0.0,1.0,9,9,7,2,9,2,17.283,467.0,424.0,721.0,15.367,3.0,6.77,roster,0,103.0,75.0,1.1075,95.73,7.1393,0.75,1.3294,3.4333,64.35,7.81,26.8,16.76,18.025
2021-01-18 10:00:00,10,35,35,2.0,10.0,23.0,0.0,0.0,1.0,12,12,8,2,10,2,18.283,496.0,128.0,602.0,15.883,4.0,9.81,roster,0,119.0,87.5,0.9917,104.55,7.134,0.875,1.2232,3.4,75.08,8.68,26.8,14.0,15.05
2021-01-18 11:00:00,11,31,31,2.0,9.0,20.0,0.0,0.0,1.0,5,5,8,2,10,2,19.283,460.0,130.0,662.0,16.883,4.0,9.81,roster,0,106.0,77.5,0.8833,97.37,4.3928,0.775,0.5097,3.4194,66.5,8.68,26.8,15.39,16.55
2021-01-18 12:00:00,12,40,40,2.0,10.0,27.0,1.0,0.0,1.0,14,14,9,2,11,2,20.283,436.0,186.0,722.0,17.883,4.0,9.81,roster,0,133.0,100.0,1.1466,118.94,8.0702,1.0,1.4271,3.325,85.8,9.55,26.8,16.79,18.05
2021-01-18 13:00:00,13,42,42,2.0,11.0,27.0,2.0,0.0,1.0,7,8,13,3,16,3,21.283,183.0,78.0,688.0,18.883,4.0,9.81,roster,0,139.0,105.0,1.4479,140.18,6.1739,1.05,0.8155,3.3095,90.09,13.89,40.2,16.0,17.2
2021-01-18 14:00:00,14,42,42,2.0,11.0,25.0,2.0,2.0,1.0,9,8,15,1,16,1,22.283,180.0,135.0,556.0,17.017,4.0,9.81,roster,0,135.0,105.0,1.4062,110.31,5.9962,1.05,0.8155,3.2143,90.09,13.89,13.4,12.93,13.9
2021-01-18 15:00:00,15,33,33,2.0,10.0,18.0,2.0,1.0,1.0,3,3,12,2,14,2,23.283,203.5,154.0,370.0,18.017,4.0,9.81,roster,0,109.0,82.5,1.0481,98.34,3.7351,0.825,0.3058,3.303,70.78,12.16,26.8,8.6,9.25
2021-01-18 16:00:00,16,28,28,1.0,8.0,17.0,1.0,1.0,1.0,7,7,9,2,11,2,19.017,269.0,237.0,430.0,19.017,4.0,9.81,roster,0,91.0,70.0,0.7845,86.41,4.5941,0.7,0.7136,3.25,60.06,9.55,26.8,10.0,10.75
2021-01-18 17:00:00,17,33,33,1.0,11.0,19.0,1.0,1.0,1.0,7,7,11,2,13,2,20.017,297.0,92.0,347.0,20.017,4.0,9.81,roster,0,109.0,82.5,1.0093,96.94,5.0819,0.825,0.7136,3.303,70.78,11.29,26.8,8.07,8.675
2021-01-18 18:00:00,18,28,28,0.0,9.0,17.0,1.0,1.0,1.0,6,5,10,2,12,2,13.267,323.0,146.0,407.0,13.267,4.0,9.81,roster,0,90.0,70.0,0.8036,86.74,3.8883,0.7,0.5097,3.2143,60.06,10.42,26.8,9.46,10.175
2021-01-18 19:00:00,19,32,32,0.0,11.0,19.0,1.0,1.0,1.0,9,8,8,2,10,2,14.267,314.5,201.0,438.0,14.267,4.0,9.81,roster,0,104.0,80.0,0.8667,94.31,5.2504,0.8,0.8155,3.25,68.64,8.68,26.8,10.18,10.95
2021-01-18 20:00:00,20,27,27,0.0,10.0,15.0,1.0,1.0,1.0,5,5,5,4,9,4,15.267,231.0,95.0,272.0,15.267,4.0,10.8,roster,0,88.0,67.5,0.7097,105.65,3.7089,0.675,0.463,3.2593,57.92,7.81,53.6,6.32,6.8
2021-01-18 21:00:00,21,35,35,0.0,10.0,23.0,1.0,1.0,1.0,15,14,7,2,9,2,16.267,245.0,123.0,332.0,16.267,4.0,10.8,roster,0,112.0,87.5,0.9032,97.41,6.9481,0.875,1.2963,3.2,75.08,7.81,26.8,7.72,8.3
2021-01-18 22:00:00,22,25,25,1.0,6.0,16.0,1.0,1.0,1.0,8,8,3,1,4,1,17.267,491.5,381.0,1036.0,17.267,3.0,7.76,roster,0,80.0,62.5,0.7407,74.59,5.299,0.625,1.0309,3.2,53.62,3.47,13.4,24.09,25.9
2021-01-18 23:00:00,23,29,29,1.0,8.0,18.0,1.0,1.0,1.0,10,9,4,1,5,1,18.267,441.0,192.0,662.0,18.267,3.0,7.76,roster,0,94.0,72.5,0.8952,75.34,6.1093,0.725,1.1598,3.2414,62.2,4.34,13.4,15.39,16.55
2021-01-19 00:00:00,0,25,25,2.0,4.0,17.0,1.0,1.0,1.0,5,5,5,0,5,0,14.817,252.0,158.0,501.0,12.033,3.0,7.76,roster,0,80.0,62.5,0.7619,49.61,4.0619,0.625,0.6443,3.2,53.62,4.34,0.0,11.65,12.525
2021-01-19 01:00:00,1,22,22,2.0,3.0,15.0,1.0,1.0,1.0,3,1,6,0,6,0,15.817,265.0,132.0,561.0,13.033,3.0,7.76,roster,0,70.0,55.0,0.6863,45.44,2.16,0.55,0.1289,3.1818,47.19,5.21,0.0,13.04,14.025
2021-01-19 02:00:00,2,20,20,2.0,3.0,13.0,1.0,1.0,1.0,2,2,6,0,6,0,16.817,325.0,192.0,621.0,14.033,3.0,7.76,roster,0,64.0,50.0,0.6275,42.55,2.4247,0.5,0.2577,3.2,42.9,5.21,0.0,14.44,15.525
2021-01-19 03:00:00,3,20,20,2.0,3.0,13.0,1.0,1.0,1.0,2,2,6,0,6,0,17.817,385.0,252.0,681.0,15.033,3.0,7.76,roster,0,64.0,50.0,0.6275,43.94,2.4247,0.5,0.2577,3.2,42.9,5.21,0.0,15.83,17.025
2021-01-19 04:00:00,4,21,21,2.0,4.0,13.0,1.0,1.0,1.0,1,1,6,0,6,0,18.817,445.0,312.0,741.0,16.033,3.0,7.76,roster,0,68.0,52.5,0.6667,47.48,2.1173,0.525,0.1289,3.2381,45.04,5.21,0.0,17.23,18.525
2021-01-19 05:00:00,5,21,21,2.0,5.0,12.0,1.0,1.0,1.0,2,2,5,0,5,0,19.817,552.0,372.0,801.0,17.033,3.0,7.76,roster,0,69.0,52.5,0.6571,48.01,2.5718,0.525,0.2577,3.2857,45.04,4.34,0.0,18.62,20.025
2021-01-19 06:00:00,6,20,20,2.0,5.0,11.0,1.0,1.0,1.0,0,0,5,0,5,0,20.817,612.0,432.0,861.0,18.033,3.0,7.76,roster,0,66.0,50.0,0.6286,47.26,1.65,0.5,0.0,3.3,42.9,4.34,0.0,20.02,21.525
2021-01-19 07:00:00,7,17,17,2.0,3.0,10.0,1.0,1.0,1.0,2,2,5,0,5,0,21.817,672.0,492.0,921.0,19.033,3.0,7.76,roster,0,55.0,42.5,0.5238,42.22,2.2088,0.425,0.2577,3.2353,36.46,4.34,0.0,21.41,23.025
2021-01-19 08:00:00,8,23,23,2.0,4.0,15.0,1.0,1.0,1.0,7,6,6,0,6,0,22.817,642.0,482.0,981.0,20.033,3.0,6.77,roster,0,74.0,57.5,0.7255,57.35,4.7015,0.575,0.8863,3.2174,49.33,5.21,0.0,22.81,24.525
2021-01-19 09:00:00,9,26,26,2.0,5.0,17.0,1.0,1.0,1.0,3,3,6,1,7,1,23.817,612.0,121.0,1041.0,21.033,3.0,6.77,roster,0,84.0,65.0,0.8485,79.45,3.5317,0.65,0.4431,3.2308,55.77,6.08,13.4,24.2,26.025
2021-01-19 10:00:00,10,23,23,2.0,5.0,15.0,1.0,0.0,1.0,4,4,5,2,7,2,24.817,181.0,89.0,672.0,14.2,4.0,10.02,roster,0,77.0,57.5,0.5833,77.84,3.2615,0.575,0.3992,3.3478,49.33,6.08,26.8,15.62,16.8
2021-01-19 11:00:00,11,26,26,2.0,5.0,16.0,3.0,0.0,1.0,8,8,5,2,7,2,25.817,191.0,143.0,662.0,15.2,4.0,10.02,roster,0,84.0,65.0,0.6364,84.04,4.6795,0.65,0.7984,3.2308,55.77,6.08,26.8,15.39,16.55
2021-01-19 12:00:00,12,26,26,1.0,5.0,18.0,2.0,0.0,1.0,6,6,6,4,10,4,20.317,206.0,107.0,301.0,16.2,4.0,10.02,roster,0,83.0,65.0,0.6917,105.05,3.9866,0.65,0.5988,3.1923,55.77,8.68,53.6,7.0,7.525
2021-01-19 13:00:00,13,30,30,1.0,7.0,20.0,2.0,0.0,1.0,7,8,9,4,13,4,21.317,167.0,115.0,269.0,17.2,4.0,10.02,roster,0,97.0,75.0,0.8981,115.49,5.0065,0.75,0.7984,3.2333,64.35,11.29,53.6,6.25,6.725
2021-01-19 14:00:00,14,40,40,1.0,8.0,28.0,3.0,0.0,1.0,13,13,10,4,14,4,22.317,180.5,120.0,254.0,7.017,4.0,10.02,roster,0,127.0,100.0,1.2212,137.46,7.2943,1.0,1.2974,3.175,85.8,12.16,53.6,5.91,6.35
2021-01-19 15:00:00,15,41,41,2.0,8.0,28.0,3.0,0.0,1.0,7,6,14,3,17,3,23.317,221.0,121.0,266.0,8.017,4.0,10.02,roster,0,132.0,102.5,1.4348,129.09,5.2279,1.025,0.5988,3.2195,87.94,14.76,40.2,6.18,6.65
2021-01-19 16:00:00,16,46,46,2.0,7.0,33.0,4.0,0.0,1.0,13,13,16,2,18,2,24.317,184.0,107.0,293.0,9.017,4.0,10.02,roster,0,145.0,115.0,1.6477,127.91,7.7146,1.15,1.2974,3.1522,98.67,15.63,26.8,6.81,7.325
2021-01-19 17:00:00,17,44,44,2.0,7.0,30.0,5.0,0.0,1.0,2,2,22,3,25,3,25.317,167.0,90.0,258.0,10.017,4.0,10.02,roster,0,138.0,110.0,2.3,142.29,4.076,1.1,0.1996,3.1364,94.38,21.71,40.2,6.0,6.45
2021-01-19 18:00:00,18,41,41,2.0,7.0,27.0,5.0,0.0,1.0,9,9,17,2,19,2,26.317,186.0,145.0,307.0,8.233,4.0,10.02,roster,0,129.0,102.5,1.5357,118.38,6.0511,1.025,0.8982,3.1463,87.94,16.5,26.8,7.14,7.675
2021-01-19 19:00:00,19,38,38,2.0,7.0,24.0,5.0,0.0,1.0,6,6,14,2,16,2,8.433,208.5,198.0,257.0,8.433,4.0,10.02,roster,0,120.0,95.0,1.25,108.18,4.891,0.95,0.5988,3.1579,81.51,13.89,26.8,5.98,6.425
2021-01-19 20:00:00,20,31,31,1.0,6.0,21.0,3.0,0.0,1.0,3,3,14,0,14,0,8.267,268.5,163.0,306.0,6.417,4.0,9.91,roster,0,98.0,77.5,0.9423,65.77,3.407,0.775,0.3027,3.1613,66.5,12.16,0.0,7.11,7.65
2021-01-19 21:00:00,21,35,35,0.0,6.0,23.0,6.0,0.0,1.0,10,10,12,0,12,0,7.817,274.0,181.0,377.0,7.417,4.0,9.91,roster,0,105.0,87.5,0.9375,74.26,5.6522,0.875,1.0091,3.0,75.08,10.42,0.0,8.77,9.425
2021-01-19 22:00:00,22,29,29,0.0,6.0,20.0,3.0,0.0,1.0,6,5,8,1,9,1,8.817,283.0,241.0,399.0,8.417,3.0,6.66,roster,0,90.0,72.5,0.9677,72.7,4.5799,0.725,0.7508,3.1034,62.2,7.81,13.4,9.28,9.975
2021-01-19 23:00:00,23,24,24,0.0,5.0,15.0,4.0,0.0,1.0,7,7,6,2,8,2,9.6,307.5,135.0,459.0,9.417,3.0,6.66,roster,0,73.0,60.0,0.7604,75.9,5.0219,0.6,1.0511,3.0417,51.48,6.95,26.8,10.67,11.475
2021-01-20 00:00:00,0,24,24,0.0,6.0,16.0,2.0,0.0,1.0,7,6,7,1,8,1,10.6,269.5,151.0,505.0,10.417,3.0,6.66,roster,0,76.0,60.0,0.7917,63.57,4.7529,0.6,0.9009,3.1667,51.48,6.95,13.4,11.74,12.625
2021-01-20 01:00:00,1,24,24,0.0,7.0,15.0,2.0,0.0,1.0,4,3,9,1,10,1,11.6,224.5,124.0,434.0,11.417,3.0,6.66,roster,0,77.0,60.0,0.8556,63.65,3.3702,0.6,0.4505,3.2083,51.48,8.68,13.4,10.09,10.85
2021-01-20 02:00:00,2,21,21,0.0,7.0,12.0,2.0,0.0,1.0,3,2,8,1,9,1,12.6,298.0,189.0,494.0,12.417,3.0,6.66,roster,0,68.0,52.5,0.7312,57.75,2.6724,0.525,0.3003,3.2381,45.04,7.81,13.4,11.49,12.35
2021-01-20 03:00:00,3,19,19,0.0,6.0,11.0,2.0,0.0,1.0,6,4,8,1,9,1,13.6,358.0,249.0,554.0,13.417,3.0,6.66,roster,0,61.0,47.5,0.6559,54.85,3.4532,0.475,0.6006,3.2105,40.75,7.81,13.4,12.88,13.85
2021-01-20 04:00:00,4,19,19,0.0,5.0,12.0,2.0,0.0,1.0,3,3,8,0,8,0,14.6,496.0,309.0,745.0,14.417,3.0,6.66,roster,0,60.0,47.5,0.625,45.02,2.9225,0.475,0.4505,3.1579,40.75,6.95,0.0,17.32,18.625
2021-01-20 05:00:00,5,18,18,0.0,5.0,11.0,2.0,0.0,1.0,2,2,8,0,8,0,15.6,556.0,369.0,805.0,15.417,3.0,6.66,roster,0,57.0,45.0,0.5938,44.27,2.376,0.45,0.3003,3.1667,38.61,6.95,0.0,18.72,20.125
2021-01-20 06:00:00,6,17,17,0.0,6.0,9.0,2.0,0.0,1.0,1,1,9,0,9,0,16.6,511.0,424.0,734.0,16.417,3.0,6.66,roster,0,55.0,42.5,0.5914,41.35,1.8608,0.425,0.1502,3.2353,36.46,7.81,0.0,17.07,18.35
2021-01-20 07:00:00,7,19,19,0.0,7.0,10.0,2.0,0.0,1.0,2,2,10,0,10,0,17.6,530.0,423.0,794.0,17.417,3.0,6.66,roster,0,62.0,47.5,0.6889,47.9,2.5299,0.475,0.3003,3.2632,40.75,8.68,0.0,18.46,19.85
2021-01-20 08:00:00,8,23,23,0.0,6.0,15.0,2.0,0.0,1.0,5,6,11,0,11,0,18.6,549.0,198.0,854.0,18.417,3.0,6.38,roster,0,73.0,57.5,0.8391,58.74,4.8099,0.575,0.9404,3.1739,49.33,9.55,0.0,19.86,21.35
2021-01-20 09:00:00,9,24,24,0.0,6.0,16.0,2.0,0.0,1.0,7,7,10,0,10,0,19.6,400.5,120.0,901.0,19.417,3.0,6.38,roster,0,76.0,60.0,0.8444,61.11,5.3744,0.6,1.0972,3.1667,51.48,8.68,0.0,20.95,22.525
2021-01-20 10:00:00,10,26,26,0.0,5.0,19.0,2.0,0.0,1.0,8,8,10,0,10,0,20.6,280.5,174.0,961.0,20.417,4.0,9.63,roster,0,81.0,65.0,0.675,66.8,4.6131,0.65,0.8307,3.1154,55.77,8.68,0.0,22.34,24.025
2021-01-20 11:00:00,11,26,26,0.0,5.0,19.0,2.0,0.0,1.0,5,5,13,0,13,0,21.6,240.0,162.0,663.0,21.417,4.0,9.63,roster,0,81.0,65.0,0.75,62.47,3.6425,0.65,0.5192,3.1154,55.77,11.29,0.0,15.41,16.575
2021-01-20 12:00:00,12,26,26,0.0,5.0,19.0,2.0,0.0,1.0,5,5,13,0,13,0,22.6,252.0,163.0,363.0,22.417,4.0,9.63,roster,0,81.0,65.0,0.75,55.5,3.6425,0.65,0.5192,3.1154,55.77,11.29,0.0,8.44,9.075
2021-01-20 13:00:00,13,33,33,0.0,8.0,25.0,0.0,0.0,1.0,11,11,14,0,14,0,23.6,258.5,177.0,360.0,23.417,4.0,9.63,roster,0,107.0,82.5,1.0288,71.31,6.3787,0.825,1.1423,3.2424,70.78,12.16,0.0,8.37,9.0
2021-01-20 14:00:00,14,26,26,0.0,4.0,22.0,0.0,0.0,1.0,3,3,10,1,11,1,24.6,237.0,124.0,372.0,24.417,4.0,9.63,roster,0,82.0,65.0,0.7069,67.37,3.0325,0.65,0.3115,3.1538,55.77,9.55,13.4,8.65,9.3
2021-01-20 15:00:00,15,23,23,0.0,4.0,19.0,0.0,0.0,1.0,6,5,8,1,9,1,25.6,250.0,184.0,355.0,25.417,4.0,9.63,roster,0,73.0,57.5,0.5887,58.8,3.4729,0.575,0.5192,3.1739,49.33,7.81,13.4,8.25,8.875
2021-01-20 16:00:00,16,22,22,0.0,5.0,16.0,1.0,0.0,1.0,4,4,7,1,8,1,8.9,247.0,235.0,415.0,8.9,4.0,9.63,roster,0,70.0,55.0,0.5469,57.19,3.0716,0.55,0.4154,3.1818,47.19,6.95,13.4,9.65,10.375
2021-01-20 17:00:00,17,26,26,0.0,6.0,19.0,1.0,0.0,1.0,9,9,6,2,8,2,9.9,299.5,246.0,475.0,9.9,4.0,9.63,roster,0,83.0,65.0,0.6484,80.56,5.0585,0.65,0.9346,3.1923,55.77,6.95,26.8,11.04,11.875
2021-01-20 18:00:00,18,28,28,1.0,5.0,21.0,1.0,0.0,1.0,11,11,7,2,9,2,10.9,306.0,148.0,364.0,10.9,4.0,9.63,roster,0,90.0,70.0,0.7258,83.14,5.9216,0.7,1.1423,3.2143,60.06,7.81,26.8,8.46,9.1
2021-01-20 19:00:00,19,24,24,1.0,5.0,16.0,0.0,2.0,1.0,8,8,5,2,7,2,11.9,208.0,147.0,424.0,11.9,4.0,9.63,roster,0,75.0,60.0,0.5682,74.22,4.4711,0.6,0.8307,3.125,51.48,6.08,26.8,9.86,10.6
2021-01-20 20:00:00,20,18,18,0.0,5.0,13.0,0.0,0.0,1.0,8,5,6,0,6,0,12.9,264.0,90.0,484.0,12.9,4.0,10.93,roster,0,59.0,45.0,0.4338,35.07,2.9744,0.45,0.4575,3.2778,38.61,5.21,0.0,11.25,12.1
2021-01-20 21:00:00,21,14,14,0.0,4.0,9.0,1.0,0.0,1.0,3,3,5,1,6,1,13.9,184.5,85.0,544.0,13.9,4.0,10.93,roster,0,45.0,35.0,0.3309,41.29,2.0072,0.35,0.2745,3.2143,30.03,5.21,13.4,12.65,13.6
2021-01-20 22:00:00,22,17,17,0.0,3.0,12.0,2.0,0.0,1.0,6,6,3,1,4,1,14.9,374.5,145.0,894.0,14.9,3.0,7.68,roster,0,52.0,42.5,0.4815,54.12,3.6897,0.425,0.7812,3.0588,36.46,3.47,13.4,20.79,22.35
2021-01-20 23:00:00,23,17,17,0.0,1.0,14.0,2.0,0.0,1.0,7,6,5,0,5,0,15.9,105.0,96.0,664.0,15.9,3.0,7.68,roster,0,50.0,42.5,0.4762,36.24,3.5478,0.425,0.7812,2.9412,36.46,4.34,0.0,15.44,16.6
2021-01-21 00:00:00,0,16,16,0.0,1.0,13.0,2.0,0.0,1.0,5,4,6,0,6,0,16.9,160.5,151.0,724.0,16.9,3.0,7.68,roster,0,47.0,40.0,0.4608,36.36,2.7049,0.4,0.5208,2.9375,34.32,5.21,0.0,16.83,18.1
2021-01-21 01:00:00,1,15,15,0.0,1.0,11.0,3.0,0.0,1.0,3,3,6,0,6,0,17.9,220.5,211.0,784.0,17.9,3.0,7.68,roster,0,43.0,37.5,0.4216,35.61,2.1948,0.375,0.3906,2.8667,32.17,5.21,0.0,18.23,19.6
2021-01-21 02:00:00,2,17,17,1.0,2.0,12.0,2.0,0.0,1.0,4,3,6,0,6,0,18.9,280.5,271.0,844.0,18.9,3.0,7.68,roster,0,53.0,42.5,0.5196,41.3,2.5428,0.425,0.3906,3.1176,36.46,5.21,0.0,19.62,21.1
2021-01-21 03:00:00,3,21,21,1.0,2.0,15.0,3.0,0.0,1.0,5,5,6,0,6,0,19.9,340.5,331.0,904.0,19.9,3.0,7.68,roster,0,64.0,52.5,0.6275,51.27,3.5841,0.525,0.651,3.0476,45.04,5.21,0.0,21.02,22.6
2021-01-21 04:00:00,4,22,22,1.0,3.0,15.0,3.0,0.0,1.0,3,3,8,0,8,0,20.9,393.5,357.0,964.0,20.9,3.0,7.68,roster,0,68.0,55.0,0.7083,56.55,2.9074,0.55,0.3906,3.0909,47.19,6.95,0.0,22.41,24.1
2021-01-21 05:00:00,5,20,20,1.0,3.0,14.0,2.0,0.0,1.0,1,1,8,0,8,0,21.9,453.5,417.0,1024.0,21.9,3.0,7.68,roster,0,63.0,50.0,0.6562,53.65,1.9852,0.5,0.1302,3.15,42.9,6.95,0.0,23.81,25.6
2021-01-21 06:00:00,6,22,22,1.0,3.0,15.0,3.0,0.0,1.0,4,4,9,0,9,0,22.9,511.0,212.0,525.0,22.9,3.0,7.68,roster,0,68.0,55.0,0.7312,47.21,3.3098,0.55,0.5208,3.0909,47.19,7.81,0.0,12.21,13.125
2021-01-21 07:00:00,7,19,19,1.0,2.0,14.0,2.0,0.0,1.0,3,3,10,0,10,0,23.9,554.0,217.0,585.0,23.9,3.0,7.68,roster,0,59.0,47.5,0.6556,43.04,2.688,0.475,0.3906,3.1053,40.75,8.68,0.0,13.6,14.625
2021-01-21 08:00:00,8,15,15,0.0,2.0,11.0,2.0,0.0,1.0,2,1,11,0,11,0,24.9,597.0,206.0,645.0,24.9,3.0,6.68,roster,0,45.0,37.5,0.5172,36.72,1.5741,0.375,0.1497,3.0,32.17,9.55,0.0,15.0,16.125
2021-01-21 09:00:00,9,20,20,1.0,6.0,11.0,2.0,0.0,1.0,8,8,9,0,9,0,25.9,657.0,266.0,705.0,25.9,3.0,6.68,roster,0,66.0,50.0,0.7097,47.11,5.6021,0.5,1.1976,3.3,42.9,7.81,0.0,16.39,17.625
2021-01-21 10:00:00,10,25,25,3.0,8.0,12.0,2.0,0.0,1.0,10,11,10,0,10,0,26.9,240.0,109.0,397.0,26.9,4.0,10.38,roster,0,87.0,62.5,0.725,51.54,5.8629,0.625,1.0597,3.48,53.62,8.68,0.0,9.23,9.925
2021-01-21 11:00:00,11,26,26,3.0,9.0,13.0,1.0,0.0,1.0,6,6,11,0,11,0,17.383,169.0,115.0,386.0,13.517,4.0,10.38,roster,0,92.0,65.0,0.7931,54.3,4.3454,0.65,0.578,3.5385,55.77,9.55,0.0,8.97,9.65
2021-01-21 12:00:00,12,34,34,3.0,16.0,13.0,2.0,0.0,1.0,13,13,10,1,11,1,18.383,229.0,140.0,446.0,14.517,4.0,10.38,roster,0,122.0,85.0,1.0517,86.25,7.5439,0.85,1.2524,3.5882,72.93,9.55,13.4,10.37,11.15
2021-01-21 13:00:00,13,35,35,2.0,16.0,16.0,1.0,0.0,1.0,9,8,10,1,11,1,9.617,200.0,93.0,289.0,9.617,4.0,10.38,roster,0,124.0,87.5,1.069,84.75,5.8305,0.875,0.7707,3.5429,75.08,9.55,13.4,6.72,7.225
2021-01-21 14:00:00,14,37,37,2.0,16.0,19.0,0.0,0.0,1.0,8,8,12,1,13,1,10.617,179.0,119.0,295.0,10.617,4.0,10.38,roster,0,131.0,92.5,1.213,90.91,6.0037,0.925,0.7707,3.5405,79.36,11.29,13.4,6.86,7.375
2021-01-21 15:00:00,15,34,34,0.0,14.0,20.0,0.0,0.0,1.0,5,5,10,1,11,1,6.417,179.0,125.0,239.0,6.417,4.0,10.38,roster,0,116.0,85.0,1.0,81.44,4.5434,0.85,0.4817,3.4118,72.93,9.55,13.4,5.56,5.975
2021-01-21 16:00:00,16,35,35,1.0,12.0,22.0,0.0,0.0,1.0,11,11,8,0,8,0,7.183,231.0,185.0,273.0,4.983,4.0,10.38,roster,0,119.0,87.5,0.9297,68.37,6.5781,0.875,1.0597,3.4,75.08,6.95,0.0,6.35,6.825
2021-01-21 17:00:00,17,32,32,2.0,9.0,21.0,0.0,0.0,1.0,6,7,8,0,8,0,8.183,264.0,218.0,333.0,5.983,4.0,10.38,roster,0,109.0,80.0,0.8516,63.33,5.0221,0.8,0.6744,3.4062,68.64,6.95,0.0,7.74,8.325
2021-01-21 18:00:00,18,27,27,2.0,10.0,15.0,0.0,0.0,1.0,7,5,11,0,11,0,8.2,278.0,90.0,369.0,6.983,4.0,10.38,roster,0,95.0,67.5,0.819,56.05,4.0699,0.675,0.4817,3.5185,57.92,9.55,0.0,8.58,9.225
2021-01-21 19:00:00,19,25,25,2.0,8.0,15.0,0.0,0.0,1.0,6,3,12,0,12,0,7.983,231.0,141.0,403.0,7.983,4.0,10.38,roster,0,87.0,62.5,0.7768,53.41,3.1808,0.625,0.289,3.48,53.62,10.42,0.0,9.37,10.075
2021-01-21 20:00:00,20,25,25,1.0,7.0,14.0,2.0,1.0,1.0,11,9,8,0,8,0,8.983,205.5,142.0,425.0,8.983,4.0,10.27,roster,0,80.0,62.5,0.625,50.45,4.8043,0.625,0.8763,3.2,53.62,6.95,0.0,9.88,10.625
2021-01-21 21:00:00,21,23,23,0.0,9.0,11.0,3.0,0.0,1.0,12,10,6,0,6,0,8.083,231.5,123.0,458.0,8.083,4.0,10.27,roster,0,75.0,57.5,0.5515,45.19,5.0501,0.575,0.9737,3.2609,49.33,5.21,0.0,10.65,11.45
2021-01-21 22:00:00,22,31,31,0.0,10.0,17.0,2.0,2.0,1.0,18,17,2,1,3,1,9.083,75.0,71.0,545.0,9.083,3.0,6.57,roster,0,97.0,77.5,0.8739,75.17,10.5214,0.775,2.5875,3.129,66.5,2.6,13.4,12.67,13.625
2021-01-21 23:00:00,23,30,30,0.0,10.0,19.0,1.0,0.0,1.0,10,10,6,0,6,0,10.083,110.0,104.0,135.0,10.083,3.0,6.57,roster,0,99.0,75.0,0.9706,52.7,7.4978,0.75,1.5221,3.3,64.35,5.21,0.0,3.14,3.375
2021-01-22 00:00:00,0,34,34,0.0,12.0,21.0,1.0,0.0,1.0,10,9,9,1,10,1,11.083,157.0,98.0,173.0,11.083,3.0,6.57,roster,0,113.0,85.0,1.2556,79.04,7.3778,0.85,1.3699,3.3235,72.93,8.68,13.4,4.02,4.325
2021-01-22 01:00:00,1,38,38,0.0,12.0,24.0,2.0,0.0,1.0,9,9,11,1,12,1,12.083,187.0,132.0,233.0,12.083,3.0,6.57,roster,0,124.0,95.0,1.4762,90.75,7.5701,0.95,1.3699,3.2632,81.51,10.42,13.4,5.42,5.825
2021-01-22 02:00:00,2,35,35,0.0,10.0,23.0,2.0,0.0,1.0,3,2,16,0,16,0,13.083,188.0,118.0,287.0,13.083,3.0,6.57,roster,0,113.0,87.5,1.5694,75.64,3.8078,0.875,0.3044,3.2286,75.08,13.89,0.0,6.67,7.175
2021-01-22 03:00:00,3,33,33,0.0,10.0,21.0,2.0,0.0,1.0,3,2,16,0,16,0,14.083,248.0,178.0,347.0,14.083,3.0,6.57,roster,0,107.0,82.5,1.4861,72.75,3.662,0.825,0.3044,3.2424,70.78,13.89,0.0,8.07,8.675
2021-01-22 04:00:00,4,30,30,0.0,10.0,19.0,1.0,0.0,1.0,2,2,16,0,16,0,15.083,308.0,238.0,407.0,15.083,3.0,6.57,roster,0,99.0,75.0,1.375,67.71,3.4796,0.75,0.3044,3.3,64.35,13.89,0.0,9.46,10.175
2021-01-22 05:00:00,5,31,31,1.0,10.0,18.0,2.0,0.0,1.0,2,2,16,0,16,0,16.083,368.0,298.0,467.0,16.083,3.0,6.57,roster,0,103.0,77.5,1.4306,71.25,3.5864,0.775,0.3044,3.3226,66.5,13.89,0.0,10.86,11.675
2021-01-22 06:00:00,6,31,31,1.0,9.0,19.0,2.0,0.0,1.0,1,1,16,1,17,1,17.083,424.0,342.0,524.0,17.083,3.0,6.57,roster,0,102.0,77.5,1.4783,86.84,3.0508,0.775,0.1522,3.2903,66.5,14.76,13.4,12.18,13.1
2021-01-22 07:00:00,7,29,29,0.0,9.0,19.0,1.0,0.0,1.0,4,3,16,0,16,0,18.083,488.0,418.0,587.0,18.083,3.0,6.57,roster,0,95.0,72.5,1.3194,69.75,3.8708,0.725,0.4566,3.2759,62.2,13.89,0.0,13.65,14.675
2021-01-22 08:00:00,8,23,23,0.0,7.0,16.0,0.0,0.0,1.0,1,1,15,1,16,1,13.65,533.5,462.0,644.0,11.25,3.0,6.8,roster,0,76.0,57.5,1.0556,71.6,2.3859,0.575,0.1471,3.3043,49.33,13.89,13.4,14.97,16.1
2021-01-22 09:00:00,9,22,22,0.0,6.0,16.0,0.0,0.0,1.0,6,6,11,1,12,1,14.65,559.0,509.0,704.0,12.25,3.0,6.8,roster,0,72.0,55.0,0.8571,67.38,4.6877,0.55,0.8824,3.2727,47.19,10.42,13.4,16.37,17.6
2021-01-22 10:00:00,10,26,26,1.0,7.0,18.0,0.0,0.0,1.0,8,8,12,1,13,1,13.25,569.0,128.0,672.0,13.25,4.0,11.52,roster,0,87.0,65.0,0.8056,76.08,4.4987,0.65,0.6944,3.3462,55.77,11.29,13.4,15.62,16.8
2021-01-22 11:00:00,11,30,30,1.0,11.0,18.0,0.0,0.0,1.0,10,11,13,2,15,2,14.25,170.0,114.0,629.0,14.25,4.0,11.52,roster,0,103.0,75.0,1.03,98.8,5.8534,0.75,0.9549,3.4333,64.35,13.02,26.8,14.62,15.725
2021-01-22 12:00:00,12,28,28,1.0,10.0,17.0,0.0,0.0,1.0,4,4,16,3,19,3,12.667,174.0,95.0,328.0,12.667,4.0,11.52,roster,0,96.0,70.0,1.1429,104.38,3.5905,0.7,0.3472,3.4286,60.06,16.5,40.2,7.63,8.2
2021-01-22 13:00:00,13,30,30,1.0,10.0,16.0,3.0,0.0,1.0,5,5,14,4,18,4,12.7,195.0,145.0,275.0,12.7,4.0,11.52,roster,0,99.0,75.0,1.125,119.97,3.9073,0.75,0.434,3.3,64.35,15.63,53.6,6.39,6.875
2021-01-22 14:00:00,14,31,31,1.0,8.0,19.0,3.0,0.0,1.0,10,9,10,4,14,4,13.7,255.0,201.0,303.0,13.7,4.0,11.52,roster,0,100.0,77.5,0.9615,119.3,5.0202,0.775,0.7812,3.2258,66.5,12.16,53.6,7.04,7.575
2021-01-22 15:00:00,15,26,26,0.0,4.0,20.0,2.0,0.0,1.0,7,7,9,1,10,1,14.7,343.0,261.0,395.0,14.7,4.0,11.52,roster,0,80.0,65.0,0.6667,67.04,3.8697,0.65,0.6076,3.0769,55.77,8.68,13.4,9.18,9.875
2021-01-22 16:00:00,16,28,28,0.0,5.0,21.0,2.0,0.0,1.0,7,6,10,0,10,0,7.617,252.0,94.0,419.0,7.583,4.0,11.52,roster,0,87.0,70.0,0.725,58.48,3.7933,0.7,0.5208,3.1071,60.06,8.68,0.0,9.74,10.475
2021-01-22 17:00:00,17,26,26,1.0,6.0,18.0,1.0,0.0,1.0,5,5,10,0,10,0,8.583,312.0,154.0,479.0,8.583,4.0,11.52,roster,0,85.0,65.0,0.7083,55.59,3.5439,0.65,0.434,3.2692,55.77,8.68,0.0,11.14,11.975
2021-01-22 18:00:00,18,21,21,1.0,6.0,14.0,0.0,0.0,1.0,3,3,12,0,12,0,9.583,277.5,111.0,539.0,9.583,4.0,11.52,roster,0,71.0,52.5,0.6339,48.0,2.6555,0.525,0.2604,3.381,45.04,10.42,0.0,12.53,13.475
2021-01-22 19:00:00,19,20,20,1.0,5.0,14.0,0.0,0.0,1.0,5,5,9,0,9,0,9.983,147.0,128.0,363.0,9.983,4.0,11.52,roster,0,67.0,50.0,0.5403,39.15,3.129,0.5,0.434,3.35,42.9,7.81,0.0,8.44,9.075
2021-01-22 20:00:00,20,22,22,0.0,4.0,18.0,0.0,0.0,1.0,10,8,9,0,9,0,10.983,170.0,98.0,423.0,10.983,4.0,12.18,roster,0,70.0,55.0,0.5645,44.84,3.8399,0.55,0.6568,3.1818,47.19,7.81,0.0,9.83,10.575
2021-01-22 21:00:00,21,21,21,0.0,3.0,18.0,0.0,0.0,1.0,9,7,7,0,7,0,11.05,158.0,129.0,483.0,11.05,4.0,12.18,roster,0,66.0,52.5,0.5,42.35,3.4562,0.525,0.5747,3.1429,45.04,6.08,0.0,11.23,12.075
2021-01-22 22:00:00,22,18,18,0.0,2.0,16.0,0.0,0.0,1.0,8,5,7,0,7,0,12.05,213.0,111.0,243.0,12.05,3.0,7.46,roster,0,56.0,45.0,0.5657,30.34,3.4852,0.45,0.6702,3.1111,38.61,6.08,0.0,5.65,6.075
2021-01-22 23:00:00,23,15,15,0.0,3.0,12.0,0.0,0.0,1.0,3,2,8,0,8,0,13.05,178.0,131.0,303.0,13.05,3.0,7.46,roster,0,48.0,37.5,0.5,26.17,2.0579,0.375,0.2681,3.2,32.17,6.95,0.0,7.04,7.575
2021-01-23 00:00:00,0,18,18,0.0,4.0,14.0,0.0,0.0,1.0,7,6,7,0,7,0,13.283,231.0,167.0,338.0,6.05,3.0,7.46,roster,0,58.0,45.0,0.5859,32.55,4.0416,0.45,0.8043,3.2222,38.61,6.08,0.0,7.86,8.45
2021-01-23 01:00:00,1,16,16,0.0,3.0,13.0,0.0,0.0,1.0,3,2,9,0,9,0,14.283,251.0,194.0,305.0,7.05,3.0,7.46,roster,0,51.0,40.0,0.5484,29.23,2.1296,0.4,0.2681,3.1875,34.32,7.81,0.0,7.09,7.625
2021-01-23 02:00:00,2,15,15,0.0,4.0,11.0,0.0,0.0,1.0,2,2,8,0,8,0,15.283,299.0,254.0,365.0,7.633,3.0,7.46,roster,0,49.0,37.5,0.5104,27.61,2.1008,0.375,0.2681,3.2667,32.17,6.95,0.0,8.49,9.125
2021-01-23 03:00:00,3,18,18,0.0,4.0,14.0,0.0,0.0,1.0,6,3,9,0,9,0,16.283,347.0,234.0,411.0,8.633,3.0,7.46,roster,0,58.0,45.0,0.6237,35.98,2.7458,0.45,0.4021,3.2222,38.61,7.81,0.0,9.56,10.275
2021-01-23 04:00:00,4,22,22,1.0,4.0,17.0,0.0,0.0,1.0,7,6,8,0,8,0,17.283,419.0,374.0,485.0,9.633,3.0,7.46,roster,0,72.0,55.0,0.75,45.41,4.4322,0.55,0.8043,3.2727,47.19,6.95,0.0,11.28,12.125
2021-01-23 05:00:00,5,20,20,1.0,4.0,15.0,0.0,0.0,1.0,1,1,9,1,10,1,18.283,450.5,328.0,531.0,10.633,3.0,7.46,roster,0,66.0,50.0,0.7333,57.33,2.0924,0.5,0.134,3.3,42.9,8.68,13.4,12.35,13.275
2021-01-23 06:00:00,6,16,16,0.0,5.0,11.0,0.0,0.0,1.0,1,1,9,0,9,0,19.283,527.0,414.0,591.0,11.633,3.0,7.46,roster,0,53.0,40.0,0.5699,35.88,1.769,0.4,0.134,3.3125,34.32,7.81,0.0,13.74,14.775
2021-01-23 07:00:00,7,16,16,0.0,5.0,11.0,0.0,0.0,1.0,2,2,9,0,9,0,20.283,587.0,474.0,651.0,12.633,3.0,7.46,roster,0,53.0,40.0,0.5699,37.27,2.2131,0.4,0.2681,3.3125,34.32,7.81,0.0,15.14,16.275
2021-01-23 08:00:00,8,18,18,0.0,6.0,12.0,0.0,0.0,1.0,5,4,9,0,9,0,21.283,647.0,534.0,711.0,13.633,3.0,6.59,roster,0,60.0,45.0,0.6452,42.96,3.5233,0.45,0.607,3.3333,38.61,7.81,0.0,16.53,17.775
2021-01-23 09:00:00,9,18,18,0.0,6.0,11.0,1.0,0.0,1.0,6,6,8,0,8,0,14.633,581.0,303.0,785.0,14.633,3.0,6.59,roster,0,59.0,45.0,0.6146,43.81,4.4593,0.45,0.9105,3.2778,38.61,6.95,0.0,18.25,19.625
2021-01-23 10:00:00,10,18,18,1.0,5.0,10.0,2.0,0.0,1.0,5,5,8,0,8,0,15.633,495.5,156.0,767.0,15.633,4.0,10.29,roster,0,59.0,45.0,0.4609,43.39,3.0677,0.45,0.4859,3.2778,38.61,6.95,0.0,17.83,19.175
2021-01-23 11:00:00,11,19,19,2.0,3.0,12.0,2.0,0.0,1.0,9,9,7,0,7,0,16.633,211.0,105.0,714.0,16.633,4.0,10.29,roster,0,62.0,47.5,0.4697,43.43,4.4041,0.475,0.8746,3.2632,40.75,6.08,0.0,16.6,17.85
2021-01-23 12:00:00,12,24,24,5.0,5.0,12.0,2.0,0.0,1.0,9,9,7,0,7,0,17.633,179.0,135.0,774.0,17.633,4.0,10.29,roster,0,85.0,60.0,0.6439,55.55,5.2227,0.6,0.8746,3.5417,51.48,6.08,0.0,18.0,19.35
2021-01-23 13:00:00,13,24,24,5.0,3.0,14.0,2.0,0.0,1.0,7,8,10,0,10,0,5.7,111.0,91.0,195.0,3.983,4.0,10.29,roster,0,83.0,60.0,0.6917,44.7,4.7637,0.6,0.7775,3.4583,51.48,8.68,0.0,4.53,4.875
2021-01-23 14:00:00,14,20,20,4.0,2.0,13.0,1.0,0.0,1.0,5,4,9,0,9,0,6.7,168.0,143.0,189.0,4.75,4.0,10.29,roster,0,69.0,50.0,0.5565,35.11,3.0661,0.5,0.3887,3.45,42.9,7.81,0.0,4.39,4.725
2021-01-23 15:00:00,15,19,19,3.0,2.0,13.0,1.0,0.0,1.0,6,6,5,0,5,0,7.7,203.0,141.0,211.0,3.9,4.0,10.29,roster,0,64.0,47.5,0.4571,30.0,3.5641,0.475,0.5831,3.3684,40.75,4.34,0.0,4.91,5.275
2021-01-23 16:00:00,16,20,20,2.0,3.0,14.0,1.0,0.0,1.0,7,5,6,1,7,1,8.7,150.0,93.0,263.0,4.517,4.0,10.29,roster,0,66.0,50.0,0.5,48.49,3.2535,0.5,0.4859,3.3,42.9,6.08,13.4,6.11,6.575
2021-01-23 17:00:00,17,26,26,2.0,3.0,20.0,1.0,0.0,1.0,8,8,6,1,7,1,9.7,210.0,153.0,323.0,5.517,4.0,10.29,roster,0,84.0,65.0,0.6364,62.76,4.6118,0.65,0.7775,3.2308,55.77,6.08,13.4,7.51,8.075
2021-01-23 18:00:00,18,25,25,2.0,4.0,18.0,1.0,0.0,1.0,4,5,7,2,9,2,10.7,213.0,112.0,321.0,6.517,4.0,10.29,roster,0,82.0,62.5,0.6613,75.7,3.6438,0.625,0.4859,3.28,53.62,7.81,26.8,7.46,8.025
2021-01-23 19:00:00,19,26,26,2.0,5.0,19.0,0.0,0.0,1.0,10,10,7,2,9,2,7.517,172.0,120.0,273.0,7.517,4.0,10.29,roster,0,87.0,65.0,0.7016,76.73,5.4269,0.65,0.9718,3.3462,55.77,7.81,26.8,6.35,6.825
2021-01-23 20:00:00,20,26,26,2.0,5.0,17.0,0.0,2.0,1.0,10,10,6,3,9,3,8.517,147.0,90.0,333.0,8.517,4.0,11.16,roster,0,83.0,65.0,0.6694,91.53,4.9355,0.65,0.8961,3.1923,55.77,7.81,40.2,7.74,8.325
2021-01-23 21:00:00,21,21,21,0.0,6.0,15.0,0.0,0.0,1.0,5,4,5,2,7,2,9.517,200.0,136.0,393.0,9.517,4.0,11.16,roster,0,69.0,52.5,0.5227,67.06,2.9027,0.525,0.3584,3.2857,45.04,6.08,26.8,9.14,9.825
2021-01-23 22:00:00,22,20,20,0.0,6.0,14.0,0.0,0.0,1.0,9,8,4,1,5,1,6.017,171.0,102.0,196.0,3.5,3.0,7.46,roster,0,66.0,50.0,0.6286,45.2,5.1889,0.5,1.0724,3.3,42.9,4.34,13.4,4.56,4.9
2021-01-23 23:00:00,23,14,14,0.0,5.0,8.0,1.0,0.0,1.0,3,3,5,1,6,1,4.7,196.5,124.0,256.0,4.5,3.0,7.46,roster,0,46.0,35.0,0.451,34.59,2.4713,0.35,0.4021,3.2857,30.03,5.21,13.4,5.95,6.4
2021-01-24 00:00:00,0,15,15,0.0,6.0,9.0,0.0,0.0,1.0,5,4,5,1,6,1,5.7,256.5,184.0,316.0,5.5,3.0,7.46,roster,0,51.0,37.5,0.5,38.13,3.0981,0.375,0.5362,3.4,32.17,5.21,13.4,7.35,7.9
2021-01-24 01:00:00,1,17,17,0.0,5.0,12.0,0.0,0.0,1.0,5,5,5,1,6,1,6.7,316.5,244.0,376.0,6.5,3.0,7.46,roster,0,56.0,42.5,0.549,43.82,3.6079,0.425,0.6702,3.2941,36.46,5.21,13.4,8.74,9.4
2021-01-24 02:00:00,2,17,17,0.0,5.0,12.0,0.0,0.0,1.0,2,2,6,1,7,1,7.7,342.0,257.0,436.0,7.5,3.0,7.46,roster,0,56.0,42.5,0.5657,46.08,2.2831,0.425,0.2681,3.2941,36.46,6.08,13.4,10.14,10.9
2021-01-24 03:00:00,3,18,18,0.0,5.0,12.0,1.0,0.0,1.0,7,6,5,1,6,1,8.7,417.5,317.0,496.0,8.5,3.0,7.46,roster,0,58.0,45.0,0.5686,48.75,4.0416,0.45,0.8043,3.2222,38.61,5.21,13.4,11.53,12.4
2021-01-24 04:00:00,4,16,16,0.0,6.0,9.0,1.0,0.0,1.0,3,3,5,1,6,1,9.7,477.5,377.0,556.0,9.5,3.0,7.46,roster,0,53.0,40.0,0.5196,45.86,2.6571,0.4,0.4021,3.3125,34.32,5.21,13.4,12.93,13.9
2021-01-24 05:00:00,5,13,13,0.0,6.0,7.0,0.0,0.0,1.0,1,0,5,1,6,1,10.7,537.5,437.0,616.0,10.5,3.0,7.46,roster,0,45.0,32.5,0.4412,40.82,1.125,0.325,0.0,3.4615,27.88,5.21,13.4,14.32,15.4
2021-01-24 06:00:00,6,15,15,0.0,6.0,9.0,0.0,0.0,1.0,3,2,5,1,6,1,11.7,597.5,497.0,676.0,11.5,3.0,7.46,roster,0,51.0,37.5,0.5,46.5,2.1865,0.375,0.2681,3.4,32.17,5.21,13.4,15.72,16.9
2021-01-24 07:00:00,7,14,14,0.0,6.0,8.0,0.0,0.0,1.0,0,0,7,0,7,0,12.7,557.0,108.0,711.0,12.5,3.0,7.46,roster,0,48.0,35.0,0.4848,32.64,1.2,0.35,0.0,3.4286,30.03,6.08,0.0,16.53,17.775
2021-01-24 08:00:00,8,14,14,1.0,6.0,7.0,0.0,0.0,1.0,2,2,7,0,7,0,13.7,617.0,168.0,771.0,13.5,3.0,6.66,roster,0,50.0,35.0,0.5051,34.03,2.3225,0.35,0.3003,3.5714,30.03,6.08,0.0,17.93,19.275
2021-01-24 09:00:00,9,15,15,1.0,5.0,8.0,1.0,0.0,1.0,4,5,4,1,5,1,14.7,537.0,228.0,677.0,14.5,3.0,6.66,roster,0,51.0,37.5,0.4857,45.66,3.8276,0.375,0.7508,3.4,32.17,4.34,13.4,15.74,16.925
2021-01-24 10:00:00,10,18,18,2.0,3.0,13.0,0.0,0.0,1.0,13,12,2,1,3,1,12.283,120.0,74.0,737.0,12.283,4.0,10.0,roster,0,61.0,45.0,0.4122,51.75,5.5917,0.45,1.2,3.3889,38.61,2.6,13.4,17.14,18.425
2021-01-24 11:00:00,11,19,19,2.0,3.0,13.0,1.0,0.0,1.0,7,7,4,1,5,1,11.967,90.0,81.0,134.0,3.0,4.0,10.0,roster,0,63.0,47.5,0.45,41.61,3.8961,0.475,0.7,3.3158,40.75,4.34,13.4,3.12,3.35
2021-01-24 12:00:00,12,20,20,2.0,2.0,14.0,2.0,0.0,1.0,5,5,4,1,5,1,12.967,122.0,79.0,150.0,4.0,4.0,10.0,roster,0,64.0,50.0,0.4571,44.13,3.2,0.5,0.5,3.2,42.9,4.34,13.4,3.49,3.75
2021-01-24 13:00:00,13,21,21,1.0,4.0,16.0,0.0,0.0,1.0,8,8,5,0,5,0,13.967,139.0,122.0,182.0,3.5,4.0,10.0,roster,0,69.0,52.5,0.4929,33.62,4.3536,0.525,0.8,3.2857,45.04,4.34,0.0,4.23,4.55
2021-01-24 14:00:00,14,23,23,1.0,4.0,17.0,1.0,0.0,1.0,8,8,6,0,6,0,11.583,190.5,115.0,242.0,4.5,4.0,10.0,roster,0,74.0,57.5,0.5441,40.17,4.4239,0.575,0.8,3.2174,49.33,5.21,0.0,5.63,6.05
2021-01-24 15:00:00,15,21,21,0.0,4.0,16.0,1.0,0.0,1.0,5,5,7,0,7,0,12.583,175.0,110.0,259.0,5.033,4.0,10.0,roster,0,66.0,52.5,0.5,37.14,3.2214,0.525,0.5,3.1429,45.04,6.08,0.0,6.02,6.475
2021-01-24 16:00:00,16,17,17,0.0,3.0,14.0,0.0,0.0,1.0,8,4,5,0,5,0,13.583,235.0,127.0,302.0,5.317,4.0,10.0,roster,0,54.0,42.5,0.3857,27.83,2.6206,0.425,0.4,3.1765,36.46,4.34,0.0,7.02,7.55
2021-01-24 17:00:00,17,18,18,0.0,2.0,15.0,1.0,0.0,1.0,10,7,6,0,6,0,14.583,156.5,100.0,362.0,6.317,4.0,10.0,roster,0,55.0,45.0,0.4044,32.24,3.5139,0.45,0.7,3.0556,38.61,5.21,0.0,8.42,9.05
2021-01-24 18:00:00,18,24,24,0.0,5.0,16.0,3.0,0.0,1.0,8,8,7,0,7,0,15.583,186.0,133.0,422.0,7.317,4.0,10.0,roster,0,74.0,60.0,0.5606,47.37,4.3167,0.6,0.8,3.0833,51.48,6.08,0.0,9.81,10.55
2021-01-24 19:00:00,19,18,18,0.0,5.0,12.0,1.0,0.0,1.0,5,4,7,0,7,0,16.583,220.0,96.0,307.0,8.317,4.0,10.0,roster,0,58.0,45.0,0.4394,31.83,2.7389,0.45,0.4,3.2222,38.61,6.08,0.0,7.14,7.675
2021-01-24 20:00:00,20,17,17,0.0,4.0,12.0,1.0,0.0,1.0,6,5,8,0,8,0,17.583,204.5,147.0,306.0,6.117,4.0,9.69,roster,0,54.0,42.5,0.4219,30.53,2.989,0.425,0.516,3.1765,36.46,6.95,0.0,7.11,7.65
2021-01-24 21:00:00,21,18,18,0.0,4.0,13.0,1.0,0.0,1.0,8,7,5,0,5,0,18.583,313.0,216.0,366.0,7.117,4.0,9.69,roster,0,57.0,45.0,0.4071,31.46,3.7126,0.45,0.7224,3.1667,38.61,4.34,0.0,8.51,9.15
2021-01-24 22:00:00,22,21,21,1.0,5.0,13.0,2.0,0.0,1.0,11,11,3,0,3,0,19.583,276.0,80.0,373.0,6.217,3.0,6.35,roster,0,68.0,52.5,0.6126,36.32,7.3093,0.525,1.7323,3.2381,45.04,2.6,0.0,8.67,9.325
2021-01-24 23:00:00,23,18,18,1.0,3.0,11.0,3.0,0.0,1.0,9,8,4,1,5,1,20.583,140.0,88.0,336.0,7.217,3.0,6.35,roster,0,56.0,45.0,0.5333,44.16,5.3195,0.45,1.2598,3.1111,38.61,4.34,13.4,7.81,8.4
2021-01-25 00:00:00,0,12,12,1.0,3.0,5.0,3.0,0.0,1.0,3,1,5,1,6,1,8.217,174.0,135.0,396.0,8.217,3.0,6.35,roster,0,38.0,30.0,0.3725,33.56,1.4487,0.3,0.1575,3.1667,25.74,5.21,13.4,9.21,9.9
2021-01-25 01:00:00,1,13,13,1.0,3.0,6.0,3.0,0.0,1.0,2,1,5,1,6,1,9.217,234.0,195.0,456.0,9.217,3.0,6.35,roster,0,41.0,32.5,0.402,37.1,1.5217,0.325,0.1575,3.1538,27.88,5.21,13.4,10.6,11.4
2021-01-25 02:00:00,2,12,12,0.0,2.0,7.0,3.0,0.0,1.0,3,2,5,0,5,0,10.217,320.0,268.0,516.0,10.217,3.0,6.35,roster,0,35.0,30.0,0.3333,22.08,1.7936,0.3,0.315,2.9167,25.74,4.34,0.0,12.0,12.9
2021-01-25 03:00:00,3,14,14,0.0,4.0,7.0,3.0,0.0,1.0,3,3,5,0,5,0,11.217,380.0,328.0,576.0,11.217,3.0,6.35,roster,0,43.0,35.0,0.4095,27.76,2.5261,0.35,0.4724,3.0714,30.03,4.34,0.0,13.39,14.4
2021-01-25 04:00:00,4,11,11,0.0,4.0,4.0,3.0,0.0,1.0,1,0,6,0,6,0,12.217,414.0,311.0,636.0,12.217,3.0,6.35,roster,0,34.0,27.5,0.3333,23.59,0.85,0.275,0.0,3.0909,23.6,5.21,0.0,14.79,15.9
2021-01-25 05:00:00,5,12,12,0.0,4.0,5.0,3.0,0.0,1.0,2,2,5,0,5,0,13.217,500.0,448.0,696.0,13.217,3.0,6.35,roster,0,37.0,30.0,0.3524,26.26,1.8961,0.3,0.315,3.0833,25.74,4.34,0.0,16.18,17.4
2021-01-25 06:00:00,6,12,12,0.0,4.0,5.0,3.0,0.0,1.0,1,1,5,0,5,0,14.217,560.0,508.0,756.0,14.217,3.0,6.35,roster,0,37.0,30.0,0.3524,27.66,1.4106,0.3,0.1575,3.0833,25.74,4.34,0.0,17.58,18.9
2021-01-25 07:00:00,7,14,14,0.0,6.0,5.0,3.0,0.0,1.0,4,3,5,0,5,0,15.217,620.0,568.0,816.0,15.217,3.0,6.35,roster,0,45.0,35.0,0.4286,33.34,2.6436,0.35,0.4724,3.2143,30.03,4.34,0.0,18.97,20.4
2021-01-25 08:00:00,8,18,18,0.0,6.0,8.0,3.0,1.0,1.0,4,4,6,1,7,1,16.217,628.0,106.0,876.0,16.217,3.0,6.66,roster,0,55.0,45.0,0.5556,58.46,3.2102,0.45,0.6006,3.0556,38.61,6.08,13.4,20.37,21.9
2021-01-25 09:00:00,9,20,20,0.0,6.0,11.0,3.0,0.0,1.0,5,5,5,1,6,1,17.217,714.0,166.0,936.0,17.217,3.0,6.66,roster,0,63.0,50.0,0.6176,63.27,3.9399,0.5,0.7508,3.15,42.9,5.21,13.4,21.76,23.4
2021-01-25 10:00:00,10,20,20,0.0,4.0,12.0,4.0,0.0,1.0,6,6,5,1,6,1,18.217,210.5,108.0,996.0,18.217,4.0,9.91,roster,0,60.0,50.0,0.4412,64.67,3.3163,0.5,0.6054,3.0,42.9,5.21,13.4,23.16,24.9
2021-01-25 11:00:00,11,28,28,0.0,6.0,16.0,6.0,0.0,1.0,13,13,7,2,9,2,19.217,168.0,119.0,286.0,19.217,4.0,9.91,roster,0,84.0,70.0,0.6774,81.32,6.0354,0.7,1.3118,3.0,60.06,7.81,26.8,6.65,7.15
2021-01-25 12:00:00,12,26,26,0.0,6.0,16.0,4.0,0.0,1.0,5,5,8,2,10,2,18.6,172.0,94.0,315.0,18.6,4.0,9.91,roster,0,80.0,65.0,0.6667,78.58,3.5524,0.65,0.5045,3.0769,55.77,8.68,26.8,7.32,7.875
2021-01-25 13:00:00,13,30,30,0.0,4.0,23.0,3.0,0.0,1.0,8,8,8,2,10,2,19.6,196.0,134.0,375.0,19.6,4.0,9.91,roster,0,91.0,75.0,0.7583,88.55,4.7237,0.75,0.8073,3.0333,64.35,8.68,26.8,8.72,9.375
2021-01-25 14:00:00,14,30,30,0.0,4.0,24.0,2.0,0.0,1.0,6,5,8,2,10,2,20.6,256.0,188.0,435.0,20.6,4.0,9.91,roster,0,92.0,75.0,0.7667,89.95,3.8473,0.75,0.5045,3.0667,64.35,8.68,26.8,10.11,10.875
2021-01-25 15:00:00,15,38,38,0.0,5.0,29.0,3.0,1.0,1.0,12,12,8,1,9,1,21.6,287.0,132.0,495.0,21.6,4.0,9.91,roster,0,114.0,95.0,0.9194,94.23,6.4827,0.95,1.2109,3.0,81.51,7.81,13.4,11.51,12.375
2021-01-25 16:00:00,16,40,40,0.0,6.0,31.0,2.0,1.0,1.0,11,11,10,2,12,2,22.6,184.5,117.0,468.0,22.6,4.0,9.91,roster,0,122.0,100.0,1.0893,113.9,6.4355,1.0,1.11,3.05,85.8,10.42,26.8,10.88,11.7
2021-01-25 17:00:00,17,40,40,0.0,5.0,33.0,1.0,1.0,1.0,6,6,12,2,14,2,23.6,136.5,102.0,237.0,23.6,4.0,9.91,roster,0,122.0,100.0,1.1731,110.27,4.8966,1.0,0.6054,3.05,85.8,12.16,26.8,5.51,5.925
2021-01-25 18:00:00,18,34,34,0.0,6.0,26.0,1.0,1.0,1.0,8,6,10,3,13,3,24.6,173.0,136.0,201.0,24.6,4.0,9.91,roster,0,105.0,85.0,0.9722,109.09,4.4948,0.85,0.6054,3.0882,72.93,11.29,40.2,4.67,5.025
2021-01-25 19:00:00,19,34,34,1.0,6.0,25.0,1.0,1.0,1.0,7,7,11,3,14,3,25.6,227.5,178.0,261.0,25.6,4.0,9.91,roster,0,107.0,85.0,1.0288,111.35,4.8979,0.85,0.7064,3.1471,72.93,12.16,40.2,6.07,6.525
2021-01-25 20:00:00,20,34,34,0.0,5.0,26.0,2.0,1.0,1.0,5,5,9,3,12,3,26.6,281.5,184.0,405.0,26.6,4.0,11.13,roster,0,103.0,85.0,0.9196,112.97,3.9359,0.85,0.4492,3.0294,72.93,10.42,40.2,9.42,10.125
2021-01-25 21:00:00,21,38,38,0.0,7.0,29.0,1.0,1.0,1.0,14,10,9,1,10,1,27.6,341.5,188.0,381.0,27.6,4.0,11.13,roster,0,118.0,95.0,0.9833,92.45,5.74,0.95,0.8985,3.1053,81.51,8.68,13.4,8.86,9.525
2021-01-25 22:00:00,22,40,40,1.0,5.0,32.0,1.0,1.0,1.0,11,12,8,2,10,2,28.6,383.0,234.0,441.0,28.6,3.0,7.88,roster,0,124.0,100.0,1.3778,111.54,7.8208,1.0,1.5228,3.1,85.8,8.68,26.8,10.25,11.025
2021-01-25 23:00:00,23,31,31,2.0,6.0,21.0,1.0,1.0,1.0,6,5,7,4,11,4,29.6,308.0,84.0,501.0,29.6,3.0,7.88,roster,0,100.0,77.5,1.1494,121.29,4.5468,0.775,0.6345,3.2258,66.5,9.55,53.6,11.65,12.525
2021-01-26 00:00:00,0,24,24,2.0,6.0,14.0,2.0,0.0,1.0,4,3,9,3,12,3,30.6,227.5,141.0,510.0,30.6,3.0,7.88,roster,0,80.0,60.0,0.9524,93.96,3.269,0.6,0.3807,3.3333,51.48,10.42,40.2,11.86,12.75
2021-01-26 01:00:00,1,22,22,2.0,5.0,13.0,2.0,0.0,1.0,0,0,9,2,11,2,31.6,249.0,161.0,570.0,31.6,3.0,7.88,roster,0,73.0,55.0,0.8391,76.79,1.825,0.55,0.0,3.3182,47.19,9.55,26.8,13.25,14.25
2021-01-26 02:00:00,2,24,24,2.0,6.0,14.0,2.0,0.0,1.0,2,2,9,2,11,2,32.6,309.0,221.0,630.0,32.6,3.0,7.88,roster,0,80.0,60.0,0.9195,82.48,2.846,0.6,0.2538,3.3333,51.48,9.55,26.8,14.65,15.75
2021-01-26 03:00:00,3,22,22,2.0,5.0,14.0,1.0,0.0,1.0,3,1,10,1,11,1,33.6,321.0,241.0,690.0,33.6,3.0,7.88,roster,0,74.0,55.0,0.8506,66.18,2.2769,0.55,0.1269,3.3636,47.19,9.55,13.4,16.04,17.25
2021-01-26 04:00:00,4,21,21,1.0,4.0,15.0,1.0,0.0,1.0,3,3,9,0,9,0,34.6,373.0,301.0,750.0,34.6,3.0,7.88,roster,0,68.0,52.5,0.7312,50.3,2.9328,0.525,0.3807,3.2381,45.04,7.81,0.0,17.44,18.75
2021-01-26 05:00:00,5,24,24,1.0,7.0,15.0,1.0,0.0,1.0,4,4,9,0,9,0,35.6,433.0,361.0,810.0,35.6,3.0,7.88,roster,0,80.0,60.0,0.8602,58.13,3.692,0.6,0.5076,3.3333,51.48,7.81,0.0,18.83,20.25
2021-01-26 06:00:00,6,23,23,1.0,7.0,14.0,1.0,0.0,1.0,2,1,10,1,11,1,36.6,461.0,271.0,870.0,36.6,3.0,7.88,roster,0,77.0,57.5,0.8851,72.51,2.3499,0.575,0.1269,3.3478,49.33,9.55,13.4,20.23,21.75
2021-01-26 07:00:00,7,23,23,1.0,6.0,15.0,1.0,0.0,1.0,1,1,10,1,11,1,37.6,521.0,331.0,930.0,37.6,3.0,7.88,roster,0,76.0,57.5,0.8736,73.91,2.3193,0.575,0.1269,3.3043,49.33,9.55,13.4,21.62,23.25
2021-01-26 08:00:00,8,21,21,1.0,4.0,15.0,1.0,0.0,1.0,1,1,10,1,11,1,38.6,581.0,391.0,990.0,38.6,3.0,6.58,roster,0,68.0,52.5,0.7816,71.01,2.1921,0.525,0.152,3.2381,45.04,9.55,13.4,23.02,24.75
2021-01-26 09:00:00,9,15,15,1.0,5.0,8.0,1.0,0.0,1.0,2,2,5,1,6,1,39.6,598.0,451.0,1036.0,39.6,3.0,6.58,roster,0,51.0,37.5,0.5,54.87,2.3084,0.375,0.304,3.4,32.17,5.21,13.4,24.09,25.9
2021-01-26 10:00:00,10,18,18,1.0,6.0,9.0,2.0,0.0,1.0,9,7,4,1,5,1,40.6,701.0,511.0,1096.0,40.6,4.0,9.83,roster,0,60.0,45.0,0.4286,61.83,3.8737,0.45,0.7121,3.3333,38.61,4.34,13.4,25.48,27.4
2021-01-26 11:00:00,11,22,22,0.0,8.0,12.0,2.0,0.0,1.0,8,8,5,2,7,2,41.6,571.0,118.0,1156.0,41.6,4.0,9.83,roster,0,72.0,55.0,0.5455,86.95,4.4635,0.55,0.8138,3.2727,47.19,6.08,26.8,26.88,28.9
2021-01-26 12:00:00,12,22,22,1.0,6.0,13.0,2.0,0.0,1.0,6,6,4,4,8,4,42.6,164.5,117.0,631.0,42.6,4.0,9.83,roster,0,72.0,55.0,0.5625,102.41,3.7976,0.55,0.6104,3.2727,47.19,6.95,53.6,14.67,15.775
2021-01-26 13:00:00,13,26,26,1.0,7.0,16.0,2.0,0.0,1.0,4,4,7,4,11,4,43.6,177.0,99.0,526.0,43.6,4.0,9.83,roster,0,85.0,65.0,0.7328,111.15,3.4553,0.65,0.4069,3.2692,55.77,9.55,53.6,12.23,13.15
2021-01-26 14:00:00,14,27,27,0.0,7.0,18.0,2.0,0.0,1.0,4,4,5,4,9,4,44.6,203.0,159.0,586.0,44.6,4.0,9.83,roster,0,86.0,67.5,0.6935,112.95,3.4461,0.675,0.4069,3.1852,57.92,7.81,53.6,13.62,14.65
2021-01-26 15:00:00,15,27,27,1.0,5.0,20.0,1.0,0.0,1.0,9,9,3,3,6,3,45.6,310.5,219.0,646.0,45.6,4.0,9.83,roster,0,87.0,67.5,0.6397,98.34,5.1252,0.675,0.9156,3.2222,57.92,5.21,40.2,15.02,16.15
2021-01-26 16:00:00,16,38,38,1.0,7.0,29.0,0.0,1.0,1.0,12,12,6,3,9,3,11.767,256.0,86.0,323.0,11.767,4.0,9.83,roster,0,121.0,95.0,0.9758,117.03,6.9121,0.95,1.2208,3.1842,81.51,7.81,40.2,7.51,8.075
2021-01-26 17:00:00,17,41,41,1.0,7.0,31.0,2.0,0.0,1.0,10,10,8,4,12,4,12.767,144.0,98.0,383.0,12.767,4.0,9.83,roster,0,130.0,102.5,1.1607,140.87,6.4756,1.025,1.0173,3.1707,87.94,10.42,53.6,8.9,9.575
2021-01-26 18:00:00,18,33,33,0.0,8.0,24.0,1.0,0.0,1.0,6,5,9,4,13,4,13.767,138.0,115.0,206.0,13.767,4.0,9.83,roster,0,106.0,82.5,0.9815,120.46,4.2838,0.825,0.5086,3.2121,70.78,11.29,53.6,4.79,5.15
2021-01-26 19:00:00,19,31,31,0.0,7.0,23.0,1.0,0.0,1.0,4,5,10,4,14,4,14.767,187.0,149.0,266.0,14.767,4.0,9.83,roster,0,99.0,77.5,0.9519,118.44,4.0994,0.775,0.5086,3.1935,66.5,12.16,53.6,6.18,6.65
2021-01-26 20:00:00,20,29,29,0.0,7.0,21.0,1.0,0.0,1.0,7,6,10,3,13,3,15.767,244.0,200.0,278.0,15.767,4.0,11.43,roster,0,93.0,72.5,0.8611,100.16,4.0084,0.725,0.5249,3.2069,62.2,11.29,40.2,6.46,6.95
2021-01-26 21:00:00,21,34,34,0.0,6.0,27.0,1.0,0.0,1.0,7,7,11,2,13,2,16.767,273.0,204.0,318.0,16.767,4.0,11.43,roster,0,107.0,85.0,0.9907,98.41,4.6023,0.85,0.6124,3.1471,72.93,11.29,26.8,7.39,7.95
2021-01-26 22:00:00,22,25,25,0.0,4.0,20.0,1.0,0.0,1.0,7,6,7,2,9,2,17.767,370.0,333.0,446.0,17.767,3.0,8.18,roster,0,78.0,62.5,0.8387,78.61,4.2385,0.625,0.7335,3.12,53.62,7.81,26.8,10.37,11.15
2021-01-26 23:00:00,23,28,28,0.0,5.0,22.0,1.0,0.0,1.0,9,9,7,1,8,1,18.767,408.5,256.0,506.0,18.767,3.0,8.18,roster,0,88.0,70.0,0.9167,72.17,5.6579,0.7,1.1002,3.1429,60.06,6.95,13.4,11.76,12.65
2021-01-27 00:00:00,0,19,19,0.0,4.0,14.0,1.0,0.0,1.0,4,2,7,1,8,1,19.767,468.5,316.0,566.0,19.767,3.0,8.18,roster,0,60.0,47.5,0.625,54.26,2.2721,0.475,0.2445,3.1579,40.75,6.95,13.4,13.16,14.15
2021-01-27 01:00:00,1,18,18,1.0,6.0,10.0,1.0,0.0,1.0,4,4,7,1,8,1,20.767,528.5,376.0,626.0,20.767,3.0,8.18,roster,0,61.0,45.0,0.6354,53.51,3.1822,0.45,0.489,3.3889,38.61,6.95,13.4,14.55,15.65
2021-01-27 02:00:00,2,18,18,1.0,4.0,12.0,1.0,0.0,1.0,3,3,8,1,9,1,21.767,573.0,358.0,610.0,21.767,3.0,8.18,roster,0,59.0,45.0,0.6344,54.01,2.6771,0.45,0.3667,3.2778,38.61,7.81,13.4,14.18,15.25
2021-01-27 03:00:00,3,20,20,1.0,4.0,13.0,1.0,1.0,1.0,3,3,9,1,10,1,22.767,564.5,308.0,670.0,22.767,3.0,8.18,roster,0,63.0,50.0,0.7,60.56,2.7303,0.5,0.3667,3.15,42.9,8.68,13.4,15.58,16.75
2021-01-27 04:00:00,4,18,18,1.0,4.0,11.0,1.0,1.0,1.0,1,0,8,1,9,1,23.767,693.0,478.0,730.0,23.767,3.0,8.18,roster,0,57.0,45.0,0.6129,56.8,1.425,0.45,0.0,3.1667,38.61,7.81,13.4,16.97,18.25
2021-01-27 05:00:00,5,18,18,1.0,4.0,11.0,1.0,1.0,1.0,0,0,8,1,9,1,24.767,753.0,538.0,790.0,24.767,3.0,8.18,roster,0,57.0,45.0,0.6129,58.19,1.425,0.45,0.0,3.1667,38.61,7.81,13.4,18.37,19.75
2021-01-27 06:00:00,6,17,17,1.0,4.0,10.0,1.0,1.0,1.0,0,0,8,1,9,1,25.767,813.0,598.0,850.0,25.767,3.0,8.18,roster,0,54.0,42.5,0.5806,57.44,1.35,0.425,0.0,3.1765,36.46,7.81,13.4,19.76,21.25
2021-01-27 07:00:00,7,19,19,1.0,4.0,12.0,1.0,1.0,1.0,3,3,8,1,9,1,26.767,873.0,658.0,910.0,26.767,3.0,8.18,roster,0,60.0,47.5,0.6452,63.13,2.6582,0.475,0.3667,3.1579,40.75,7.81,13.4,21.16,22.75
2021-01-27 08:00:00,8,20,20,1.0,4.0,14.0,0.0,1.0,1.0,4,3,9,2,11,2,27.767,796.0,458.0,970.0,27.767,3.0,6.57,roster,0,64.0,50.0,0.7356,81.8,3.0612,0.5,0.4566,3.2,42.9,9.55,26.8,22.55,24.25
2021-01-27 09:00:00,9,23,23,0.0,3.0,19.0,0.0,1.0,1.0,8,7,6,2,8,2,28.767,1008.5,856.0,1106.0,28.767,3.0,6.57,roster,0,70.0,57.5,0.7292,88.8,4.9927,0.575,1.0654,3.0435,49.33,6.95,26.8,25.71,27.65
2021-01-27 10:00:00,10,20,20,0.0,4.0,13.0,2.0,1.0,1.0,5,5,4,2,6,2,29.767,1071.5,916.0,1166.0,29.767,4.0,10.27,roster,0,60.0,50.0,0.4412,82.02,2.9606,0.5,0.4869,3.0,42.9,5.21,26.8,27.11,29.15
2021-01-27 11:00:00,11,20,20,0.0,4.0,16.0,0.0,0.0,1.0,6,7,4,1,5,1,30.767,1150.0,1113.0,1226.0,30.767,4.0,10.27,roster,0,64.0,50.0,0.4571,69.15,3.7811,0.5,0.6816,3.2,42.9,4.34,13.4,28.5,30.65
2021-01-27 12:00:00,12,19,19,0.0,4.0,15.0,0.0,0.0,1.0,5,5,4,1,5,1,31.767,1210.0,1173.0,1286.0,31.767,4.0,10.27,roster,0,61.0,47.5,0.4357,68.4,3.0881,0.475,0.4869,3.2105,40.75,4.34,13.4,29.9,32.15
2021-01-27 13:00:00,13,18,18,0.0,5.0,12.0,1.0,0.0,1.0,5,5,4,1,5,1,32.767,1233.0,157.0,1270.0,32.767,4.0,10.27,roster,0,58.0,45.0,0.4143,65.88,3.0188,0.45,0.4869,3.2222,38.61,4.34,13.4,29.53,31.75
2021-01-27 14:00:00,14,15,15,0.0,4.0,11.0,0.0,0.0,1.0,5,4,5,0,5,0,22.167,217.0,131.0,1293.0,22.167,4.0,10.27,roster,0,49.0,37.5,0.35,46.58,2.4973,0.375,0.3895,3.2667,32.17,4.34,0.0,30.06,32.325
2021-01-27 15:00:00,15,14,14,0.0,3.0,11.0,0.0,0.0,1.0,4,4,4,0,4,0,22.55,234.0,191.0,1353.0,22.55,4.0,10.27,roster,0,45.0,35.0,0.3125,44.96,2.3769,0.35,0.3895,3.2143,30.03,3.47,0.0,31.46,33.825
2021-01-27 16:00:00,16,21,21,1.0,3.0,16.0,1.0,0.0,1.0,9,9,4,0,4,0,23.55,228.5,206.0,1413.0,23.55,4.0,10.27,roster,0,67.0,52.5,0.4653,61.37,4.4709,0.525,0.8763,3.1905,45.04,3.47,0.0,32.85,35.325
2021-01-27 17:00:00,17,20,20,1.0,4.0,14.0,1.0,0.0,1.0,2,2,6,2,8,2,24.55,135.0,98.0,311.0,24.55,4.0,10.27,roster,0,65.0,50.0,0.5078,63.88,2.2579,0.5,0.1947,3.25,42.9,6.95,26.8,7.23,7.775
2021-01-27 18:00:00,18,18,18,1.0,7.0,9.0,1.0,0.0,1.0,5,5,7,2,9,2,25.55,163.0,122.0,326.0,25.55,4.0,10.27,roster,0,62.0,45.0,0.5,60.8,3.2269,0.45,0.4869,3.4444,38.61,7.81,26.8,7.58,8.15
2021-01-27 19:00:00,19,20,20,2.0,8.0,10.0,0.0,0.0,1.0,6,6,7,2,9,2,26.55,218.0,179.0,287.0,26.55,4.0,10.27,roster,0,72.0,50.0,0.5806,64.19,3.9032,0.5,0.5842,3.6,42.9,7.81,26.8,6.67,7.175
2021-01-27 20:00:00,20,15,15,2.0,6.0,7.0,0.0,0.0,1.0,2,2,2,3,5,3,5.783,278.0,232.0,283.0,5.783,4.0,11.46,roster,0,55.0,37.5,0.3929,63.3,2.0149,0.375,0.1745,3.6667,32.17,4.34,40.2,6.58,7.075
2021-01-27 21:00:00,21,21,21,1.0,7.0,13.0,0.0,0.0,1.0,10,10,3,2,5,2,6.783,292.0,126.0,338.0,6.783,4.0,11.46,roster,0,72.0,52.5,0.5143,64.05,4.7918,0.525,0.8726,3.4286,45.04,4.34,26.8,7.86,8.45
2021-01-27 22:00:00,22,30,30,2.0,8.0,19.0,1.0,0.0,1.0,14,12,5,2,7,2,7.783,142.0,94.0,398.0,7.783,3.0,7.76,roster,0,101.0,75.0,1.0202,86.48,7.7312,0.75,1.5464,3.3667,64.35,6.08,26.8,9.25,9.95
2021-01-27 23:00:00,23,25,25,2.0,8.0,14.0,1.0,0.0,1.0,1,1,8,2,10,2,8.783,152.5,109.0,246.0,8.783,3.0,7.76,roster,0,86.0,62.5,0.9556,74.83,2.5933,0.625,0.1289,3.44,53.62,8.68,26.8,5.72,6.15
2021-01-28 00:00:00,0,29,29,3.0,6.0,20.0,0.0,0.0,1.0,11,11,8,2,10,2,9.783,212.5,169.0,306.0,9.783,3.0,7.76,roster,0,99.0,72.5,1.1,84.8,7.3141,0.725,1.4175,3.4138,62.2,8.68,26.8,7.11,7.65
2021-01-28 01:00:00,1,27,27,3.0,5.0,19.0,0.0,0.0,1.0,2,2,11,2,13,2,10.783,239.0,209.0,322.0,10.783,3.0,7.76,roster,0,92.0,67.5,1.1358,83.49,3.1782,0.675,0.2577,3.4074,57.92,11.29,26.8,7.49,8.05
2021-01-28 02:00:00,2,23,23,3.0,4.0,16.0,0.0,0.0,1.0,0,0,11,2,13,2,11.783,299.0,269.0,382.0,11.783,3.0,7.76,roster,0,79.0,57.5,0.9753,76.3,1.975,0.575,0.0,3.4348,49.33,11.29,26.8,8.88,9.55
2021-01-28 03:00:00,3,23,23,2.0,4.0,17.0,0.0,0.0,1.0,4,4,11,1,12,1,12.783,354.0,329.0,442.0,12.783,3.0,7.76,roster,0,77.0,57.5,0.9167,63.43,3.6507,0.575,0.5155,3.3478,49.33,10.42,13.4,10.28,11.05
2021-01-28 04:00:00,4,24,24,2.0,4.0,18.0,0.0,0.0,1.0,4,4,11,1,12,1,13.783,414.0,389.0,502.0,13.783,3.0,7.76,roster,0,80.0,60.0,0.9524,66.97,3.7182,0.6,0.5155,3.3333,51.48,10.42,13.4,11.67,12.55
2021-01-28 05:00:00,5,21,21,2.0,4.0,15.0,0.0,0.0,1.0,1,1,11,1,12,1,14.783,474.0,449.0,562.0,14.783,3.0,7.76,roster,0,71.0,52.5,0.8452,61.93,2.2107,0.525,0.1289,3.381,45.04,10.42,13.4,13.07,14.05
2021-01-28 06:00:00,6,22,22,2.0,5.0,15.0,0.0,0.0,1.0,4,3,12,1,13,1,15.783,529.0,413.0,574.0,15.783,3.0,7.76,roster,0,75.0,55.0,0.9259,65.22,3.1929,0.55,0.3866,3.4091,47.19,11.29,13.4,13.35,14.35
2021-01-28 07:00:00,7,21,21,1.0,5.0,15.0,0.0,0.0,1.0,3,3,13,1,14,1,16.783,580.5,464.0,634.0,16.783,3.0,7.76,roster,0,70.0,52.5,0.8974,65.34,3.0387,0.525,0.3866,3.3333,45.04,12.16,13.4,14.74,15.85
2021-01-28 08:00:00,8,21,21,1.0,4.0,16.0,0.0,0.0,1.0,2,1,14,1,15,1,17.783,632.0,495.0,694.0,17.783,3.0,6.68,roster,0,69.0,52.5,0.92,67.61,2.2169,0.525,0.1497,3.2857,45.04,13.02,13.4,16.14,17.35
2021-01-28 09:00:00,9,17,17,1.0,6.0,10.0,0.0,0.0,1.0,3,3,9,1,10,1,17.633,651.0,555.0,751.0,17.633,3.0,6.68,roster,0,59.0,42.5,0.6556,56.01,3.0336,0.425,0.4491,3.4706,36.46,8.68,13.4,17.46,18.775
2021-01-28 10:00:00,10,19,19,1.0,4.0,14.0,0.0,0.0,1.0,5,5,8,1,9,1,18.633,653.0,198.0,811.0,18.633,4.0,10.0,roster,0,63.0,47.5,0.5081,60.83,3.2329,0.475,0.5,3.3158,40.75,7.81,13.4,18.86,20.275
2021-01-28 11:00:00,11,16,16,1.0,3.0,12.0,0.0,0.0,1.0,2,2,7,0,7,0,14.567,713.0,258.0,871.0,14.567,4.0,10.0,roster,0,53.0,40.0,0.4015,40.65,1.9875,0.4,0.2,3.3125,34.32,6.08,0.0,20.25,21.775
2021-01-28 12:00:00,12,14,14,1.0,3.0,10.0,0.0,0.0,1.0,2,2,5,0,5,0,15.567,318.0,228.0,899.0,15.567,4.0,10.0,roster,0,47.0,35.0,0.3357,35.27,1.8464,0.35,0.2,3.3571,30.03,4.34,0.0,20.9,22.475
2021-01-28 13:00:00,13,18,18,1.0,6.0,11.0,0.0,0.0,1.0,7,7,5,0,5,0,16.567,378.0,288.0,959.0,16.567,4.0,10.0,roster,0,62.0,45.0,0.4429,45.25,3.9611,0.45,0.7,3.4444,38.61,4.34,0.0,22.3,23.975
2021-01-28 14:00:00,14,20,20,1.0,7.0,12.0,0.0,0.0,1.0,6,6,9,1,10,1,17.567,151.5,92.0,438.0,17.567,4.0,10.0,roster,0,69.0,50.0,0.575,55.17,3.795,0.5,0.6,3.45,42.9,8.68,13.4,10.18,10.95
2021-01-28 15:00:00,15,18,18,1.0,5.0,12.0,0.0,0.0,1.0,3,3,6,1,7,1,17.983,152.0,129.0,498.0,17.983,4.0,10.0,roster,0,61.0,45.0,0.4621,49.67,2.5417,0.45,0.3,3.3889,38.61,6.08,13.4,11.58,12.45
2021-01-28 16:00:00,16,19,19,1.0,4.0,14.0,0.0,0.0,1.0,6,5,6,2,8,2,18.983,193.0,132.0,558.0,18.983,4.0,10.0,roster,0,63.0,47.5,0.4922,67.47,3.2329,0.475,0.5,3.3158,40.75,6.95,26.8,12.97,13.95
2021-01-28 17:00:00,17,24,24,1.0,4.0,19.0,0.0,0.0,1.0,5,5,7,2,9,2,19.983,249.0,153.0,272.0,19.983,4.0,10.0,roster,0,78.0,60.0,0.629,72.42,3.575,0.6,0.5,3.25,51.48,7.81,26.8,6.32,6.8
2021-01-28 18:00:00,18,25,25,1.0,5.0,19.0,0.0,0.0,1.0,5,6,8,2,10,2,20.983,280.5,208.0,332.0,20.983,4.0,10.0,roster,0,82.0,62.5,0.6833,76.83,4.018,0.625,0.6,3.28,53.62,8.68,26.8,7.72,8.3
2021-01-28 19:00:00,19,22,22,1.0,3.0,18.0,0.0,0.0,1.0,6,6,6,2,8,2,21.983,321.0,268.0,738.0,21.983,4.0,10.0,roster,0,71.0,55.0,0.5547,78.09,3.7114,0.55,0.6,3.2273,47.19,6.95,26.8,17.16,18.45
2021-01-28 20:00:00,20,21,21,1.0,5.0,14.0,1.0,0.0,1.0,5,5,4,2,6,2,22.983,382.5,124.0,798.0,22.983,4.0,9.82,roster,0,69.0,52.5,0.5074,75.61,3.398,0.525,0.5092,3.2857,45.04,5.21,26.8,18.55,19.95
2021-01-28 21:00:00,21,14,14,1.0,3.0,9.0,1.0,0.0,1.0,4,4,4,1,5,1,23.983,388.0,184.0,858.0,23.983,4.0,9.82,roster,0,46.0,35.0,0.3286,47.72,2.4884,0.35,0.4073,3.2857,30.03,4.34,13.4,19.95,21.45
2021-01-28 22:00:00,22,12,12,1.0,3.0,7.0,1.0,0.0,1.0,3,3,4,1,5,1,24.983,448.0,244.0,918.0,24.983,3.0,6.5,roster,0,40.0,30.0,0.381,44.83,2.5385,0.3,0.4615,3.3333,25.74,4.34,13.4,21.34,22.95
2021-01-28 23:00:00,23,9,9,1.0,3.0,4.0,1.0,0.0,1.0,3,3,2,0,2,0,25.983,818.0,77.0,1559.0,25.983,3.0,6.5,roster,0,31.0,22.5,0.2719,37.29,2.3647,0.225,0.4615,3.4444,19.3,1.74,0.0,36.25,38.975
2021-01-29 00:00:00,0,9,9,2.0,2.0,4.0,1.0,0.0,1.0,4,3,3,0,3,0,26.983,137.0,79.0,1619.0,26.983,3.0,6.5,roster,0,32.0,22.5,0.2883,39.55,2.441,0.225,0.4615,3.5556,19.3,2.6,0.0,37.64,40.475
2021-01-29 01:00:00,1,12,12,2.0,2.0,6.0,1.0,1.0,1.0,4,4,3,1,4,1,27.983,168.0,139.0,1679.0,27.983,3.0,6.5,roster,0,39.0,30.0,0.3611,61.65,2.975,0.3,0.6154,3.25,25.74,3.47,13.4,39.04,41.975
2021-01-29 02:00:00,2,11,11,2.0,3.0,5.0,1.0,0.0,1.0,3,2,4,1,5,1,28.983,199.0,152.0,257.0,28.983,3.0,6.5,roster,0,39.0,27.5,0.3714,27.31,2.0659,0.275,0.3077,3.5455,23.6,4.34,13.4,5.98,6.425
2021-01-29 03:00:00,3,16,16,1.0,3.0,10.0,2.0,0.0,1.0,7,6,4,0,4,0,29.983,288.0,259.0,1799.0,29.983,3.0,6.5,roster,0,51.0,40.0,0.4722,59.62,4.2173,0.4,0.9231,3.1875,34.32,3.47,0.0,41.83,44.975
2021-01-29 04:00:00,4,17,17,1.0,3.0,11.0,2.0,0.0,1.0,3,3,4,0,4,0,30.983,348.0,319.0,1859.0,30.983,3.0,6.5,roster,0,54.0,42.5,0.5,63.16,2.8161,0.425,0.4615,3.1765,36.46,3.47,0.0,43.22,46.475
2021-01-29 05:00:00,5,15,15,1.0,3.0,10.0,1.0,0.0,1.0,0,0,4,0,4,0,31.983,408.0,379.0,1919.0,31.983,3.0,6.5,roster,0,49.0,37.5,0.4537,60.26,1.225,0.375,0.0,3.2667,32.17,3.47,0.0,44.62,47.975
2021-01-29 06:00:00,6,15,15,1.0,4.0,9.0,1.0,0.0,1.0,3,3,4,0,4,0,32.983,468.0,439.0,1979.0,32.983,3.0,6.5,roster,0,50.0,37.5,0.463,61.66,2.7885,0.375,0.4615,3.3333,32.17,3.47,0.0,46.01,49.475
2021-01-29 07:00:00,7,15,15,2.0,4.0,8.0,1.0,0.0,1.0,2,1,5,1,6,1,33.983,441.0,92.0,557.0,33.983,3.0,6.5,roster,0,52.0,37.5,0.5098,43.74,1.8333,0.375,0.1538,3.4667,32.17,5.21,13.4,12.95,13.925
2021-01-29 08:00:00,8,16,16,2.0,4.0,9.0,1.0,0.0,1.0,2,2,6,1,7,1,34.983,443.0,130.0,617.0,34.983,3.0,6.65,roster,0,55.0,40.0,0.5556,48.14,2.4088,0.4,0.3008,3.4375,34.32,6.08,13.4,14.35,15.425
2021-01-29 09:00:00,9,16,16,2.0,4.0,9.0,0.0,1.0,1.0,3,3,5,1,6,1,35.983,561.0,212.0,677.0,35.983,3.0,6.65,roster,0,54.0,40.0,0.5294,48.67,2.8726,0.4,0.4511,3.375,34.32,5.21,13.4,15.74,16.925
2021-01-29 10:00:00,10,16,16,2.0,3.0,10.0,0.0,1.0,1.0,6,6,3,1,4,1,36.983,504.5,272.0,2219.0,36.983,4.0,9.9,roster,0,53.0,40.0,0.3681,82.78,3.3326,0.4,0.6061,3.3125,34.32,3.47,13.4,51.59,55.475
2021-01-29 11:00:00,11,17,17,0.0,6.0,11.0,0.0,0.0,1.0,9,8,2,1,3,1,26.05,332.0,64.0,797.0,13.283,4.0,9.9,roster,0,57.0,42.5,0.3851,51.0,4.1344,0.425,0.8081,3.3529,36.46,2.6,13.4,18.53,19.925
2021-01-29 12:00:00,12,20,20,0.0,6.0,14.0,0.0,0.0,1.0,7,6,5,2,7,2,27.05,109.0,91.0,392.0,14.283,4.0,9.9,roster,0,66.0,50.0,0.5,64.89,3.65,0.5,0.6061,3.3,42.9,6.08,26.8,9.11,9.8
2021-01-29 13:00:00,13,25,25,0.0,8.0,16.0,1.0,0.0,1.0,10,10,6,3,9,3,15.283,157.0,105.0,184.0,15.283,4.0,9.9,roster,0,82.0,62.5,0.6613,85.92,5.3631,0.625,1.0101,3.28,53.62,7.81,40.2,4.28,4.6
2021-01-29 14:00:00,14,29,29,0.0,10.0,18.0,1.0,0.0,1.0,8,8,7,3,10,3,11.45,151.5,112.0,200.0,8.533,4.0,9.9,roster,0,96.0,72.5,0.8,95.74,5.075,0.725,0.8081,3.3103,62.2,8.68,40.2,4.65,5.0
2021-01-29 15:00:00,15,29,29,0.0,10.0,19.0,0.0,0.0,1.0,5,4,10,3,13,3,12.45,179.0,138.0,225.0,9.533,4.0,9.9,roster,0,97.0,72.5,0.8981,98.92,3.7764,0.725,0.404,3.3448,62.2,11.29,40.2,5.23,5.625
2021-01-29 16:00:00,16,30,30,0.0,9.0,19.0,2.0,0.0,1.0,9,9,8,2,10,2,13.45,235.5,198.0,285.0,5.817,4.0,9.9,roster,0,97.0,75.0,0.8083,86.46,5.3644,0.75,0.9091,3.2333,64.35,8.68,26.8,6.63,7.125
2021-01-29 17:00:00,17,26,26,0.0,8.0,17.0,1.0,0.0,1.0,7,7,8,1,9,1,14.45,279.0,235.0,299.0,6.333,4.0,9.9,roster,0,85.0,65.0,0.6855,63.94,4.4366,0.65,0.7071,3.2692,55.77,7.81,13.4,6.95,7.475
2021-01-29 18:00:00,18,21,21,0.0,7.0,12.0,2.0,0.0,1.0,8,7,10,0,10,0,15.45,306.5,112.0,352.0,7.333,4.0,9.9,roster,0,68.0,52.5,0.5667,41.91,3.9896,0.525,0.7071,3.2381,45.04,8.68,0.0,8.18,8.8
2021-01-29 19:00:00,19,23,23,0.0,7.0,15.0,1.0,0.0,1.0,7,8,9,1,10,1,16.45,207.5,120.0,378.0,6.867,4.0,9.9,roster,0,75.0,57.5,0.625,60.21,4.51,0.575,0.8081,3.2609,49.33,8.68,13.4,8.79,9.45
2021-01-29 20:00:00,20,21,21,1.0,3.0,16.0,1.0,0.0,1.0,5,5,9,1,10,1,17.45,267.5,116.0,438.0,7.867,4.0,9.83,roster,0,67.0,52.5,0.5583,57.31,3.2978,0.525,0.5086,3.1905,45.04,8.68,13.4,10.18,10.95
2021-01-29 21:00:00,21,24,24,0.0,3.0,20.0,1.0,0.0,1.0,7,7,9,1,10,1,18.45,327.5,155.0,498.0,8.867,4.0,9.83,roster,0,74.0,60.0,0.6167,65.14,4.0457,0.6,0.7121,3.0833,51.48,8.68,13.4,11.58,12.45
2021-01-29 22:00:00,22,19,19,0.0,2.0,17.0,0.0,0.0,1.0,5,4,5,1,6,1,19.45,114.5,83.0,201.0,8.917,3.0,6.58,roster,0,59.0,47.5,0.5784,44.04,3.3627,0.475,0.6079,3.1053,40.75,5.21,13.4,4.67,5.025
2021-01-29 23:00:00,23,23,23,0.0,4.0,19.0,0.0,0.0,1.0,10,8,6,1,7,1,20.45,167.0,130.0,261.0,9.917,3.0,6.58,roster,0,73.0,57.5,0.7374,54.88,5.6839,0.575,1.2158,3.1739,49.33,6.08,13.4,6.07,6.525
2021-01-30 00:00:00,0,20,20,0.0,2.0,18.0,0.0,0.0,1.0,5,4,7,0,7,0,21.45,190.0,112.0,227.0,4.033,3.0,6.58,roster,0,62.0,50.0,0.6263,34.26,3.4345,0.5,0.6079,3.1,42.9,6.08,0.0,5.28,5.675
2021-01-30 01:00:00,1,20,20,0.0,3.0,17.0,0.0,0.0,1.0,6,5,8,0,8,0,22.45,228.5,172.0,287.0,5.033,3.0,6.58,roster,0,63.0,50.0,0.6562,36.52,3.9686,0.5,0.7599,3.15,42.9,6.95,0.0,6.67,7.175
2021-01-30 02:00:00,2,18,18,0.0,3.0,15.0,0.0,0.0,1.0,4,4,8,0,8,0,23.45,288.5,232.0,347.0,6.033,3.0,6.58,roster,0,57.0,45.0,0.5938,33.62,3.35,0.45,0.6079,3.1667,38.61,6.95,0.0,8.07,8.675
2021-01-30 03:00:00,3,20,20,0.0,5.0,15.0,0.0,0.0,1.0,4,5,9,0,9,0,24.45,327.0,260.0,383.0,7.033,3.0,6.58,roster,0,65.0,50.0,0.6989,39.62,4.0946,0.5,0.7599,3.25,42.9,7.81,0.0,8.9,9.575
2021-01-30 04:00:00,4,22,22,0.0,6.0,16.0,0.0,0.0,1.0,4,3,8,0,8,0,25.45,369.5,320.0,467.0,8.033,3.0,6.58,roster,0,72.0,55.0,0.75,44.99,3.2921,0.55,0.4559,3.2727,47.19,6.95,0.0,10.86,11.675
2021-01-30 05:00:00,5,22,22,0.0,5.0,17.0,0.0,0.0,1.0,3,3,8,0,8,0,26.45,429.5,380.0,527.0,9.033,3.0,6.58,roster,0,71.0,55.0,0.7396,46.39,3.2464,0.55,0.4559,3.2273,47.19,6.95,0.0,12.25,13.175
2021-01-30 06:00:00,6,21,21,0.0,5.0,16.0,0.0,0.0,1.0,3,3,8,0,8,0,27.45,489.5,440.0,587.0,10.033,3.0,6.58,roster,0,68.0,52.5,0.7083,45.64,3.1763,0.525,0.4559,3.2381,45.04,6.95,0.0,13.65,14.675
2021-01-30 07:00:00,7,18,18,0.0,4.0,14.0,0.0,0.0,1.0,1,1,9,0,9,0,12.4,532.0,314.0,623.0,11.033,3.0,6.58,roster,0,58.0,45.0,0.6237,40.91,1.9397,0.45,0.152,3.2222,38.61,7.81,0.0,14.48,15.575
2021-01-30 08:00:00,8,21,21,0.0,5.0,16.0,0.0,0.0,1.0,6,6,9,0,9,0,13.4,592.0,374.0,683.0,12.033,3.0,6.8,roster,0,68.0,52.5,0.7312,48.74,4.5571,0.525,0.8824,3.2381,45.04,7.81,0.0,15.88,17.075
2021-01-30 09:00:00,9,18,18,0.0,2.0,16.0,0.0,0.0,1.0,3,3,6,0,6,0,14.4,213.0,103.0,743.0,12.783,3.0,6.8,roster,0,56.0,45.0,0.549,41.09,2.7725,0.45,0.4412,3.1111,38.61,5.21,0.0,17.27,18.575
2021-01-30 10:00:00,10,14,14,0.0,2.0,12.0,0.0,0.0,1.0,2,2,3,0,3,0,15.4,163.0,151.0,281.0,4.683,4.0,10.5,roster,0,44.0,35.0,0.2973,19.17,1.6986,0.35,0.1905,3.1429,30.03,2.6,0.0,6.53,7.025
2021-01-30 11:00:00,11,15,15,0.0,1.0,14.0,0.0,0.0,1.0,4,3,3,0,3,0,16.4,223.0,211.0,341.0,5.683,4.0,10.5,roster,0,46.0,37.5,0.3108,22.71,2.0262,0.375,0.2857,3.0667,32.17,2.6,0.0,7.93,8.525
2021-01-30 12:00:00,12,14,14,0.0,2.0,12.0,0.0,0.0,1.0,4,4,3,0,3,0,17.4,283.0,271.0,401.0,6.683,4.0,10.5,roster,0,44.0,35.0,0.2973,21.96,2.2973,0.35,0.381,3.1429,30.03,2.6,0.0,9.32,10.025
2021-01-30 13:00:00,13,17,17,0.0,1.0,15.0,1.0,0.0,1.0,8,7,2,0,2,0,18.4,402.0,343.0,461.0,7.683,4.0,10.5,roster,0,51.0,42.5,0.3355,28.92,3.275,0.425,0.6667,3.0,36.46,1.74,0.0,10.72,11.525
2021-01-30 14:00:00,14,16,16,0.0,2.0,14.0,0.0,0.0,1.0,8,7,0,0,0,0,19.4,0.0,,,,4.0,10.5,roster,0,50.0,40.0,0.3125,14.32,3.3333,0.4,0.6667,3.125,34.32,0.0,0.0,0.0,0.0
2021-01-30 15:00:00,15,19,19,0.0,3.0,16.0,0.0,0.0,1.0,7,7,0,0,0,0,20.4,0.0,,,,4.0,10.5,roster,0,60.0,47.5,0.375,20.75,3.6053,0.475,0.6667,3.1579,40.75,0.0,0.0,0.0,0.0
2021-01-30 16:00:00,16,21,21,0.0,4.0,17.0,0.0,0.0,1.0,8,7,3,0,3,0,8.067,66.0,62.0,100.0,1.667,4.0,10.5,roster,0,67.0,52.5,0.4527,29.97,3.802,0.525,0.6667,3.1905,45.04,2.6,0.0,2.33,2.5
2021-01-30 17:00:00,17,23,23,0.0,6.0,16.0,1.0,0.0,1.0,6,5,5,0,5,0,9.067,122.0,85.0,126.0,2.667,4.0,10.5,roster,0,74.0,57.5,0.5286,36.61,3.3821,0.575,0.4762,3.2174,49.33,4.34,0.0,2.93,3.15
2021-01-30 18:00:00,18,20,20,0.0,6.0,12.0,1.0,1.0,1.0,4,4,3,0,3,0,9.283,186.0,182.0,220.0,3.667,4.0,10.5,roster,0,63.0,50.0,0.4257,30.62,2.775,0.5,0.381,3.15,42.9,2.6,0.0,5.12,5.5
2021-01-30 19:00:00,19,16,16,0.0,7.0,4.0,4.0,1.0,1.0,4,5,3,0,3,0,6.983,111.0,67.0,246.0,4.1,4.0,10.5,roster,0,49.0,40.0,0.3311,22.64,2.6833,0.4,0.4762,3.0625,34.32,2.6,0.0,5.72,6.15
2021-01-30 20:00:00,20,21,21,0.0,7.0,10.0,4.0,0.0,1.0,12,10,3,0,3,0,7.983,127.0,83.0,306.0,5.1,4.0,10.3,roster,0,66.0,52.5,0.4459,34.76,4.7013,0.525,0.9709,3.1429,45.04,2.6,0.0,7.11,7.65
2021-01-30 21:00:00,21,18,18,0.0,7.0,8.0,3.0,0.0,1.0,4,4,3,0,3,0,8.983,116.0,112.0,143.0,2.383,4.0,10.3,roster,0,58.0,45.0,0.3919,24.54,2.7013,0.45,0.3883,3.2222,38.61,2.6,0.0,3.32,3.575
2021-01-30 22:00:00,22,22,22,1.0,5.0,12.0,4.0,0.0,1.0,10,10,2,0,2,0,9.983,90.0,87.0,93.0,1.55,3.0,6.6,roster,0,69.0,55.0,0.6053,31.09,6.4771,0.55,1.5152,3.1364,47.19,1.74,0.0,2.16,2.325
2021-01-30 23:00:00,23,25,25,1.0,4.0,14.0,6.0,0.0,1.0,9,10,4,0,4,0,10.983,129.0,111.0,153.0,2.55,3.0,6.6,roster,0,75.0,62.5,0.6944,40.66,6.4205,0.625,1.5152,3.0,53.62,3.47,0.0,3.56,3.825
2021-01-31 00:00:00,0,23,23,1.0,4.0,15.0,3.0,0.0,1.0,4,3,6,0,6,0,11.983,157.0,115.0,207.0,3.55,3.0,6.6,roster,0,72.0,57.5,0.7059,39.36,3.2229,0.575,0.4545,3.1304,49.33,5.21,0.0,4.81,5.175
2021-01-31 01:00:00,1,26,26,1.0,4.0,19.0,2.0,0.0,1.0,8,8,7,0,7,0,12.983,203.0,159.0,267.0,4.55,3.0,6.6,roster,0,82.0,65.0,0.8283,48.06,5.8728,0.65,1.2121,3.1538,55.77,6.08,0.0,6.21,6.675
2021-01-31 02:00:00,2,19,19,0.0,4.0,13.0,2.0,0.0,1.0,0,0,6,0,6,0,13.983,277.0,219.0,327.0,5.55,3.0,6.6,roster,0,59.0,47.5,0.5784,33.57,1.475,0.475,0.0,3.1053,40.75,5.21,0.0,7.6,8.175
2021-01-31 03:00:00,3,21,21,0.0,7.0,12.0,2.0,0.0,1.0,5,5,6,0,6,0,14.983,337.0,279.0,387.0,6.55,3.0,6.6,roster,0,68.0,52.5,0.6667,39.25,4.1531,0.525,0.7576,3.2381,45.04,5.21,0.0,9.0,9.675
2021-01-31 04:00:00,4,23,23,0.0,8.0,13.0,2.0,0.0,1.0,3,3,7,0,7,0,15.983,383.0,283.0,447.0,7.55,3.0,6.6,roster,0,75.0,57.5,0.7576,45.81,3.3572,0.575,0.4545,3.2609,49.33,6.08,0.0,10.39,11.175
2021-01-31 05:00:00,5,21,21,0.0,6.0,13.0,2.0,0.0,1.0,2,2,7,0,7,0,16.983,443.0,343.0,507.0,8.55,3.0,6.6,roster,0,67.0,52.5,0.6768,42.91,2.6418,0.525,0.303,3.1905,45.04,6.08,0.0,11.79,12.675
2021-01-31 06:00:00,6,20,20,0.0,5.0,13.0,2.0,0.0,1.0,4,3,7,1,8,1,17.983,481.0,403.0,567.0,9.55,3.0,6.6,roster,0,63.0,50.0,0.6562,56.43,3.0068,0.5,0.4545,3.15,42.9,6.95,13.4,13.18,14.175
2021-01-31 07:00:00,7,17,17,1.0,4.0,10.0,2.0,0.0,1.0,3,3,7,1,8,1,12.033,541.0,463.0,627.0,10.55,3.0,6.6,roster,0,55.0,42.5,0.5729,51.39,2.8456,0.425,0.4545,3.2353,36.46,6.95,13.4,14.58,15.675
2021-01-31 08:00:00,8,16,16,0.0,5.0,10.0,1.0,0.0,1.0,2,2,7,0,7,0,12.483,623.0,523.0,687.0,11.55,3.0,6.57,roster,0,52.0,40.0,0.5253,36.37,2.2893,0.4,0.3044,3.25,34.32,6.08,0.0,15.97,17.175
2021-01-31 09:00:00,9,16,16,0.0,4.0,11.0,1.0,0.0,1.0,4,4,6,1,7,1,12.917,639.0,117.0,711.0,12.45,3.0,6.57,roster,0,51.0,40.0,0.5152,50.33,3.2156,0.4,0.6088,3.1875,34.32,6.08,13.4,16.53,17.775
2021-01-31 10:00:00,10,17,17,0.0,2.0,14.0,1.0,0.0,1.0,8,6,4,0,4,0,13.45,757.0,743.0,807.0,13.45,4.0,10.03,roster,0,52.0,42.5,0.3611,38.7,3.1298,0.425,0.5982,3.0588,36.46,3.47,0.0,18.76,20.175
2021-01-31 11:00:00,11,14,14,0.0,3.0,11.0,0.0,0.0,1.0,5,4,5,0,5,0,13.85,82.0,71.0,759.0,13.85,4.0,10.03,roster,0,45.0,35.0,0.3214,32.02,2.4069,0.35,0.3988,3.2143,30.03,4.34,0.0,17.65,18.975
2021-01-31 12:00:00,12,16,16,1.0,3.0,12.0,0.0,0.0,1.0,8,6,4,0,4,0,13.65,136.5,131.0,819.0,13.65,4.0,10.03,roster,0,53.0,40.0,0.3681,36.83,3.3066,0.4,0.5982,3.3125,34.32,3.47,0.0,19.04,20.475
2021-01-31 13:00:00,13,18,18,1.0,3.0,12.0,2.0,0.0,1.0,6,6,4,1,5,1,6.533,112.0,103.0,191.0,3.367,4.0,10.03,roster,0,57.0,45.0,0.4071,40.79,3.3193,0.45,0.5982,3.1667,38.61,4.34,13.4,4.44,4.775
2021-01-31 14:00:00,14,13,13,0.0,3.0,8.0,2.0,0.0,1.0,6,3,2,0,2,0,7.533,163.0,64.0,262.0,4.367,4.0,10.03,roster,0,40.0,32.5,0.2632,15.71,1.9203,0.325,0.2991,3.0769,27.88,1.74,0.0,6.09,6.55
2021-01-31 15:00:00,15,17,17,0.0,2.0,13.0,2.0,0.0,1.0,10,9,2,0,2,0,8.533,112.5,101.0,124.0,2.067,4.0,10.03,roster,0,51.0,42.5,0.3355,21.08,3.9669,0.425,0.8973,3.0,36.46,1.74,0.0,2.88,3.1
2021-01-31 16:00:00,16,20,20,1.0,0.0,17.0,2.0,0.0,1.0,9,9,5,0,5,0,4.533,106.0,100.0,109.0,2.683,4.0,10.03,roster,0,60.0,50.0,0.4286,29.78,4.1919,0.5,0.8973,3.0,42.9,4.34,0.0,2.53,2.725
2021-01-31 17:00:00,17,20,20,1.0,1.0,17.0,1.0,0.0,1.0,10,10,5,0,5,0,3.683,166.0,103.0,169.0,3.683,4.0,10.03,roster,0,62.0,50.0,0.4429,31.17,4.6407,0.5,0.997,3.1,42.9,4.34,0.0,3.93,4.225
2021-01-31 18:00:00,18,24,24,2.0,3.0,16.0,3.0,0.0,1.0,12,11,8,0,8,0,3.817,126.5,94.0,226.0,3.817,4.0,10.03,roster,0,76.0,60.0,0.5938,43.68,5.3729,0.6,1.0967,3.1667,51.48,6.95,0.0,5.25,5.65
2021-01-31 19:00:00,19,22,22,2.0,2.0,16.0,2.0,0.0,1.0,8,6,6,1,7,1,4.767,128.0,80.0,212.0,4.767,4.0,10.03,roster,0,70.0,55.0,0.5303,51.6,3.6534,0.55,0.5982,3.1818,47.19,6.08,13.4,4.93,5.3
2021-01-31 20:00:00,20,22,22,1.0,3.0,17.0,1.0,0.0,1.0,10,8,6,1,7,1,3.733,140.0,111.0,188.0,3.683,4.0,11.22,roster,0,70.0,55.0,0.5303,51.04,4.0187,0.55,0.713,3.1818,47.19,6.08,13.4,4.37,4.7
2021-01-31 21:00:00,21,21,21,1.0,2.0,17.0,1.0,0.0,1.0,12,7,7,1,8,1,4.683,148.5,91.0,248.0,4.683,4.0,11.22,roster,0,66.0,52.5,0.5156,51.16,3.6108,0.525,0.6239,3.1429,45.04,6.95,13.4,5.77,6.2
2021-01-31 22:00:00,22,18,18,1.0,3.0,12.0,2.0,0.0,1.0,10,9,5,0,5,0,5.683,132.0,108.0,143.0,5.683,3.0,7.76,roster,0,57.0,45.0,0.5429,26.28,5.0977,0.45,1.1598,3.1667,38.61,4.34,0.0,3.32,3.575
2021-01-31 23:00:00,23,20,20,1.0,4.0,11.0,4.0,0.0,1.0,8,7,6,0,6,0,6.45,153.5,104.0,192.0,3.383,3.0,7.76,roster,0,62.0,50.0,0.6078,32.57,4.3464,0.5,0.9021,3.1,42.9,5.21,0.0,4.46,4.8
