ts,hour,total,census,l1,l2,l3,l4,l5,tri_coverage,arrivals,arrival_present_1h,waitBed,waitICU,D_board,resus,maxLOS_h,awt_curr_min,board_q1_min,board_q3_min,board_max_h,Na,cap_sum,cap_source,src_gap,acuity,OCCUPANCY,EDWIN,NEDOCS,READI,READI_BR,READI_PR,READI_AR,NEDOCS_t_total,NEDOCS_t_board,NEDOCS_t_resus,NEDOCS_t_longest_admit,NEDOCS_E_h
2020-11-01 00:00:00,0,15,15,0.0,4.0,11.0,0.0,0.0,1.0,8,5,4,0,4,0,5.117,203.5,190.0,272.0,4.533,3.0,7.76,roster,0,49.0,37.5,0.4537,21.97,3.3298,0.375,0.6443,3.2667,32.17,3.47,0.0,6.32,6.8
2020-11-01 01:00:00,1,12,12,0.0,5.0,7.0,0.0,0.0,1.0,1,1,4,0,4,0,6.117,263.5,250.0,332.0,5.533,3.0,7.76,roster,0,41.0,30.0,0.3796,16.93,1.4653,0.3,0.1289,3.4167,25.74,3.47,0.0,7.72,8.3
2020-11-01 02:00:00,2,15,15,0.0,5.0,10.0,0.0,0.0,1.0,5,5,5,0,5,0,7.117,310.0,221.0,337.0,6.533,3.0,7.76,roster,0,50.0,37.5,0.4762,24.35,3.3978,0.375,0.6443,3.3333,32.17,4.34,0.0,7.84,8.425
2020-11-01 03:00:00,3,19,19,0.0,5.0,14.0,0.0,0.0,1.0,7,7,6,0,6,0,8.117,325.5,159.0,397.0,7.533,3.0,7.76,roster,0,62.0,47.5,0.6078,35.2,4.4936,0.475,0.9021,3.2632,40.75,5.21,0.0,9.23,9.925
2020-11-01 04:00:00,4,18,18,0.0,5.0,13.0,0.0,0.0,1.0,7,3,6,0,6,0,9.117,385.5,219.0,457.0,8.533,3.0,7.76,roster,0,59.0,45.0,0.5784,34.45,2.7422,0.45,0.3866,3.2778,38.61,5.21,0.0,10.63,11.425
2020-11-01 05:00:00,5,18,18,0.0,5.0,13.0,0.0,0.0,1.0,3,3,6,0,6,0,10.117,445.5,279.0,517.0,9.533,3.0,7.76,roster,0,59.0,45.0,0.5784,35.84,2.7422,0.45,0.3866,3.2778,38.61,5.21,0.0,12.02,12.925
2020-11-01 06:00:00,6,16,16,0.0,5.0,11.0,0.0,0.0,1.0,1,1,6,0,6,0,10.533,505.5,339.0,577.0,10.533,3.0,7.76,roster,0,53.0,40.0,0.5196,32.95,1.7519,0.4,0.1289,3.3125,34.32,5.21,0.0,13.42,14.425
2020-11-01 07:00:00,7,19,19,0.0,5.0,12.0,2.0,0.0,1.0,6,6,6,0,6,0,11.533,565.5,399.0,637.0,11.533,3.0,7.76,roster,0,60.0,47.5,0.5882,40.78,3.9417,0.475,0.7732,3.1579,40.75,5.21,0.0,14.81,15.925
2020-11-01 08:00:00,8,14,14,0.0,3.0,10.0,1.0,0.0,1.0,3,3,6,0,6,0,12.533,625.5,459.0,697.0,12.533,3.0,6.65,roster,0,44.0,35.0,0.4314,31.45,2.5178,0.35,0.4511,3.1429,30.03,5.21,0.0,16.21,17.425
2020-11-01 09:00:00,9,16,16,0.0,3.0,9.0,4.0,0.0,1.0,8,8,3,0,3,0,13.15,519.0,103.0,641.0,10.683,3.0,6.65,roster,0,47.0,40.0,0.4234,31.83,4.7088,0.4,1.203,2.9375,34.32,2.6,0.0,14.9,16.025
2020-11-01 10:00:00,10,20,20,0.0,3.0,15.0,2.0,0.0,1.0,10,8,3,1,4,1,14.15,335.5,92.0,701.0,11.683,4.0,9.99,roster,0,61.0,50.0,0.4236,56.07,3.9674,0.5,0.8008,3.05,42.9,3.47,13.4,16.3,17.525
2020-11-01 11:00:00,11,19,19,1.0,2.0,15.0,1.0,0.0,1.0,11,9,1,0,1,0,15.15,148.0,148.0,148.0,2.467,4.0,9.99,roster,0,60.0,47.5,0.3846,25.06,4.345,0.475,0.9009,3.1579,40.75,0.87,0.0,3.44,3.7
2020-11-01 12:00:00,12,21,21,1.0,2.0,17.0,1.0,0.0,1.0,9,8,3,1,4,1,16.15,105.0,96.0,208.0,3.467,4.0,9.99,roster,0,66.0,52.5,0.4583,46.75,4.1668,0.525,0.8008,3.1429,45.04,3.47,13.4,4.84,5.2
2020-11-01 13:00:00,13,21,21,1.0,1.0,18.0,1.0,0.0,1.0,10,10,3,1,4,1,4.467,153.5,151.0,268.0,4.467,4.0,9.99,roster,0,65.0,52.5,0.4514,48.15,4.7233,0.525,1.001,3.0952,45.04,3.47,13.4,6.23,6.7
2020-11-01 14:00:00,14,21,21,2.0,4.0,15.0,0.0,0.0,1.0,6,6,4,1,5,1,4.567,123.0,117.0,211.0,3.6,4.0,9.99,roster,0,71.0,52.5,0.5071,47.69,3.8056,0.525,0.6006,3.381,45.04,4.34,13.4,4.91,5.275
2020-11-01 15:00:00,15,24,24,1.0,5.0,17.0,1.0,0.0,1.0,10,10,5,0,5,0,5.567,116.0,95.0,120.0,2.95,4.0,9.99,roster,0,78.0,60.0,0.5571,38.61,5.2033,0.6,1.001,3.25,51.48,4.34,0.0,2.79,3.0
2020-11-01 16:00:00,16,24,24,0.0,6.0,17.0,1.0,0.0,1.0,10,9,5,0,5,0,6.567,152.0,117.0,155.0,3.0,4.0,9.99,roster,0,77.0,60.0,0.55,39.43,4.8154,0.6,0.9009,3.2083,51.48,4.34,0.0,3.6,3.875
2020-11-01 17:00:00,17,23,23,0.0,3.0,18.0,2.0,0.0,1.0,9,9,4,0,4,0,4.317,196.0,177.0,240.0,4.0,4.0,9.99,roster,0,70.0,57.5,0.4861,38.39,4.4919,0.575,0.9009,3.0435,49.33,3.47,0.0,5.58,6.0
2020-11-01 18:00:00,18,16,16,0.0,3.0,12.0,1.0,0.0,1.0,2,2,6,0,6,0,5.317,138.0,94.0,275.0,5.0,4.0,9.99,roster,0,50.0,40.0,0.3676,25.92,1.8756,0.4,0.2002,3.125,34.32,5.21,0.0,6.39,6.875
2020-11-01 19:00:00,19,13,13,0.0,3.0,9.0,1.0,0.0,1.0,3,3,4,0,4,0,6.317,147.0,140.0,335.0,5.583,4.0,9.99,roster,0,41.0,32.5,0.2847,19.15,1.9721,0.325,0.3003,3.1538,27.88,3.47,0.0,7.79,8.375
2020-11-01 20:00:00,20,13,13,0.0,1.0,11.0,1.0,0.0,1.0,7,6,3,0,3,0,7.317,200.0,123.0,395.0,6.583,4.0,10.0,roster,0,39.0,32.5,0.2635,19.67,2.775,0.325,0.6,3.0,27.88,2.6,0.0,9.18,9.875
2020-11-01 21:00:00,21,19,19,0.0,1.0,17.0,1.0,0.0,1.0,11,11,3,0,3,0,8.317,260.0,79.0,455.0,7.583,4.0,10.0,roster,0,57.0,47.5,0.3851,33.94,4.725,0.475,1.1,3.0,40.75,2.6,0.0,10.58,11.375
2020-11-01 22:00:00,22,15,15,0.0,2.0,13.0,0.0,0.0,1.0,6,4,2,0,2,0,9.317,327.0,139.0,515.0,8.583,3.0,6.66,roster,0,47.0,37.5,0.4123,25.89,3.0569,0.375,0.6006,3.1333,32.17,1.74,0.0,11.97,12.875
2020-11-01 23:00:00,23,21,21,0.0,1.0,18.0,2.0,0.0,1.0,9,8,3,0,3,0,10.317,199.0,114.0,575.0,9.583,3.0,6.66,roster,0,62.0,52.5,0.5586,41.02,5.0964,0.525,1.2012,2.9524,45.04,2.6,0.0,13.37,14.375
2020-11-02 00:00:00,0,18,18,0.0,1.0,16.0,1.0,0.0,1.0,5,4,6,0,6,0,11.317,86.5,74.0,259.0,10.583,3.0,6.66,roster,0,54.0,45.0,0.5294,29.84,3.1518,0.45,0.6006,3.0,38.61,5.21,0.0,6.02,6.475
2020-11-02 01:00:00,1,17,17,0.0,3.0,14.0,0.0,0.0,1.0,6,3,5,1,6,1,12.317,143.0,122.0,319.0,11.583,3.0,6.66,roster,0,54.0,42.5,0.5294,42.49,2.7808,0.425,0.4505,3.1765,36.46,5.21,13.4,7.42,7.975
2020-11-02 02:00:00,2,23,23,0.0,7.0,15.0,1.0,0.0,1.0,7,8,5,1,6,1,13.317,203.0,182.0,379.0,12.583,3.0,6.66,roster,0,75.0,57.5,0.7353,56.76,5.792,0.575,1.2012,3.2609,49.33,5.21,13.4,8.81,9.475
2020-11-02 03:00:00,3,17,17,0.0,6.0,10.0,1.0,0.0,1.0,1,2,6,2,8,2,14.317,248.0,182.0,439.0,13.583,3.0,6.66,roster,0,56.0,42.5,0.5833,60.42,2.3892,0.425,0.3003,3.2941,36.46,6.95,26.8,10.21,10.975
2020-11-02 04:00:00,4,18,18,0.0,6.0,12.0,0.0,0.0,1.0,3,2,6,2,8,2,15.317,308.0,242.0,499.0,14.583,3.0,6.66,roster,0,60.0,45.0,0.625,63.96,2.501,0.45,0.3003,3.3333,38.61,6.95,26.8,11.6,12.475
2020-11-02 05:00:00,5,17,17,0.0,5.0,12.0,0.0,0.0,1.0,2,2,7,2,9,2,16.317,362.0,209.0,392.0,15.583,3.0,6.66,roster,0,56.0,42.5,0.6022,60.19,2.3892,0.425,0.3003,3.2941,36.46,7.81,26.8,9.11,9.8
2020-11-02 06:00:00,6,15,15,0.0,5.0,10.0,0.0,0.0,1.0,2,1,7,2,9,2,17.317,422.0,269.0,452.0,16.583,3.0,6.66,roster,0,50.0,37.5,0.5376,57.3,1.7505,0.375,0.1502,3.3333,32.17,7.81,26.8,10.51,11.3
2020-11-02 07:00:00,7,13,13,0.0,2.0,11.0,0.0,0.0,1.0,2,1,7,1,8,1,18.317,488.0,422.0,679.0,17.583,3.0,6.66,roster,0,41.0,32.5,0.4271,44.02,1.4986,0.325,0.1502,3.1538,27.88,6.95,13.4,15.79,16.975
2020-11-02 08:00:00,8,18,18,0.0,2.0,13.0,3.0,0.0,1.0,6,6,7,1,8,1,19.317,548.0,482.0,739.0,18.583,3.0,7.04,roster,0,53.0,45.0,0.5521,56.14,3.8345,0.45,0.8523,2.9444,38.61,6.95,13.4,17.18,18.475
2020-11-02 09:00:00,9,20,20,0.0,1.0,18.0,1.0,0.0,1.0,9,7,6,1,7,1,20.317,542.0,98.0,799.0,19.583,3.0,7.04,roster,0,60.0,50.0,0.6061,60.95,4.483,0.5,0.9943,3.0,42.9,6.08,13.4,18.58,19.975
2020-11-02 10:00:00,10,28,28,0.0,3.0,23.0,1.0,1.0,1.0,13,12,7,1,8,1,21.317,491.0,158.0,859.0,20.583,4.0,10.29,roster,0,84.0,70.0,0.6562,80.38,5.5985,0.7,1.1662,3.0,60.06,6.95,13.4,19.97,21.475
2020-11-02 11:00:00,11,21,21,0.0,4.0,17.0,0.0,0.0,1.0,4,3,10,2,12,2,22.317,213.5,114.0,734.0,21.583,4.0,10.29,roster,0,67.0,52.5,0.5982,79.33,2.6052,0.525,0.2915,3.1905,45.04,10.42,26.8,17.07,18.35
2020-11-02 12:00:00,12,19,19,0.0,4.0,14.0,1.0,0.0,1.0,6,6,9,1,10,1,22.583,231.5,130.0,794.0,22.583,4.0,10.29,roster,0,60.0,47.5,0.5,61.3,3.3413,0.475,0.5831,3.1579,40.75,8.68,13.4,18.46,19.85
2020-11-02 13:00:00,13,19,19,0.0,4.0,14.0,1.0,0.0,1.0,7,4,10,1,11,1,23.583,245.0,143.0,854.0,23.583,4.0,10.29,roster,0,60.0,47.5,0.5172,63.56,2.7276,0.475,0.3887,3.1579,40.75,9.55,13.4,19.86,21.35
2020-11-02 14:00:00,14,20,20,0.0,3.0,17.0,0.0,0.0,1.0,9,9,7,1,8,1,24.583,226.5,175.0,914.0,24.583,4.0,10.29,roster,0,63.0,50.0,0.4922,64.5,4.3301,0.5,0.8746,3.15,42.9,6.95,13.4,21.25,22.85
2020-11-02 15:00:00,15,20,20,0.0,3.0,17.0,0.0,0.0,1.0,5,3,10,1,11,1,25.583,235.0,115.0,902.0,25.583,4.0,10.29,roster,0,63.0,50.0,0.5431,66.82,2.4934,0.5,0.2915,3.15,42.9,9.55,13.4,20.97,22.55
2020-11-02 16:00:00,16,18,18,0.0,2.0,16.0,0.0,0.0,1.0,5,5,8,0,8,0,26.583,167.0,124.0,1034.0,26.583,4.0,10.29,roster,0,56.0,45.0,0.4375,49.6,2.9117,0.45,0.4859,3.1111,38.61,6.95,0.0,24.04,25.85
2020-11-02 17:00:00,17,22,22,0.0,4.0,17.0,1.0,0.0,1.0,10,10,7,0,7,0,18.233,219.0,128.0,256.0,18.233,4.0,10.29,roster,0,69.0,55.0,0.5227,39.22,4.773,0.55,0.9718,3.1364,47.19,6.08,0.0,5.95,6.4
2020-11-02 18:00:00,18,24,24,0.0,4.0,20.0,0.0,0.0,1.0,6,6,10,1,11,1,19.233,188.0,99.0,295.0,19.233,4.0,10.29,roster,0,76.0,60.0,0.6552,61.29,3.7465,0.6,0.5831,3.1667,51.48,9.55,13.4,6.86,7.375
2020-11-02 19:00:00,19,21,21,1.0,4.0,16.0,0.0,0.0,1.0,8,7,6,1,7,1,9.783,171.0,121.0,248.0,5.067,4.0,10.29,roster,0,69.0,52.5,0.5227,50.29,3.9602,0.525,0.6803,3.2857,45.04,6.08,13.4,5.77,6.2
2020-11-02 20:00:00,20,24,24,1.0,5.0,16.0,2.0,0.0,1.0,11,7,7,1,8,1,10.783,177.0,101.0,252.0,5.133,4.0,11.01,roster,0,77.0,60.0,0.6016,57.69,3.9648,0.6,0.6358,3.2083,51.48,6.95,13.4,5.86,6.3
2020-11-02 21:00:00,21,21,21,0.0,3.0,17.0,1.0,0.0,1.0,8,8,6,0,6,0,11.783,237.0,111.0,312.0,6.133,4.0,11.01,roster,0,65.0,52.5,0.4779,37.51,3.874,0.525,0.7266,3.0952,45.04,5.21,0.0,7.25,7.8
2020-11-02 22:00:00,22,16,16,0.0,3.0,12.0,1.0,0.0,1.0,5,4,4,0,4,0,11.333,147.5,124.0,293.0,4.883,3.0,7.76,roster,0,50.0,40.0,0.463,24.61,2.8608,0.4,0.5155,3.125,34.32,3.47,0.0,6.81,7.325
2020-11-02 23:00:00,23,15,15,0.0,4.0,11.0,0.0,0.0,1.0,8,5,4,0,4,0,12.333,173.0,162.0,353.0,5.883,3.0,7.76,roster,0,49.0,37.5,0.4537,23.86,3.3298,0.375,0.6443,3.2667,32.17,3.47,0.0,8.21,8.825
2020-11-03 00:00:00,0,15,15,0.0,4.0,11.0,0.0,0.0,1.0,5,3,4,1,5,1,13.333,222.0,147.0,244.0,6.883,3.0,7.76,roster,0,49.0,37.5,0.4667,35.59,2.4879,0.375,0.3866,3.2667,32.17,4.34,13.4,5.67,6.1
2020-11-03 01:00:00,1,13,13,0.0,4.0,9.0,0.0,0.0,1.0,2,2,4,0,4,0,14.333,293.0,282.0,473.0,7.883,3.0,7.76,roster,0,43.0,32.5,0.3981,22.36,1.9275,0.325,0.2577,3.3077,27.88,3.47,0.0,11.0,11.825
2020-11-03 02:00:00,2,14,14,0.0,4.0,9.0,1.0,0.0,1.0,4,4,4,1,5,1,15.333,342.0,267.0,364.0,8.883,3.0,7.76,roster,0,45.0,35.0,0.4286,36.23,2.7818,0.35,0.5155,3.2143,30.03,4.34,13.4,8.46,9.1
2020-11-03 03:00:00,3,13,13,0.0,4.0,9.0,0.0,0.0,1.0,1,1,4,1,5,1,16.333,402.0,327.0,424.0,9.883,3.0,7.76,roster,0,43.0,32.5,0.4095,35.48,1.5012,0.325,0.1289,3.3077,27.88,4.34,13.4,9.86,10.6
2020-11-03 04:00:00,4,12,12,0.0,4.0,8.0,0.0,0.0,1.0,2,2,4,0,4,0,17.333,473.0,462.0,653.0,10.883,3.0,7.76,roster,0,40.0,30.0,0.3704,24.4,1.8591,0.3,0.2577,3.3333,25.74,3.47,0.0,15.18,16.325
2020-11-03 05:00:00,5,13,13,1.0,3.0,9.0,0.0,0.0,1.0,2,2,5,0,5,0,18.333,522.0,447.0,544.0,11.883,3.0,7.76,roster,0,44.0,32.5,0.419,24.87,1.9723,0.325,0.2577,3.3846,27.88,4.34,0.0,12.65,13.6
2020-11-03 06:00:00,6,13,13,1.0,3.0,9.0,0.0,0.0,1.0,1,1,6,0,6,0,19.333,544.5,127.0,604.0,12.883,3.0,7.76,roster,0,44.0,32.5,0.4314,27.14,1.5362,0.325,0.1289,3.3846,27.88,5.21,0.0,14.04,15.1
2020-11-03 07:00:00,7,14,14,1.0,3.0,10.0,0.0,0.0,1.0,1,1,6,0,6,0,20.333,604.5,187.0,664.0,13.883,3.0,7.76,roster,0,47.0,35.0,0.4608,30.68,1.6076,0.35,0.1289,3.3571,30.03,5.21,0.0,15.44,16.6
2020-11-03 08:00:00,8,16,16,1.0,4.0,11.0,0.0,0.0,1.0,4,4,6,0,6,0,15.783,664.5,247.0,724.0,14.883,3.0,6.77,roster,0,54.0,40.0,0.5294,36.36,3.3441,0.4,0.5908,3.375,34.32,5.21,0.0,16.83,18.1
2020-11-03 09:00:00,9,15,15,1.0,3.0,11.0,0.0,0.0,1.0,4,4,5,0,5,0,16.783,307.0,294.0,687.0,12.7,3.0,6.77,roster,0,50.0,37.5,0.4762,32.49,3.2195,0.375,0.5908,3.3333,32.17,4.34,0.0,15.97,17.175
2020-11-03 10:00:00,10,19,19,0.0,4.0,13.0,2.0,0.0,1.0,9,9,4,0,4,0,17.783,269.5,172.0,747.0,12.45,4.0,10.74,roster,0,59.0,47.5,0.4097,41.6,4.0772,0.475,0.838,3.1053,40.75,3.47,0.0,17.37,18.675
2020-11-03 11:00:00,11,20,20,1.0,4.0,14.0,1.0,0.0,1.0,10,9,2,0,2,0,18.783,329.5,232.0,427.0,7.117,4.0,10.74,roster,0,65.0,50.0,0.4276,34.56,4.3485,0.5,0.838,3.25,42.9,1.74,0.0,9.93,10.675
2020-11-03 12:00:00,12,19,19,1.0,5.0,12.0,1.0,0.0,1.0,2,2,3,1,4,1,19.783,203.0,114.0,487.0,8.117,4.0,10.74,roster,0,63.0,47.5,0.4375,48.95,2.1925,0.475,0.1862,3.3158,40.75,3.47,13.4,11.32,12.175
2020-11-03 13:00:00,13,17,17,1.0,5.0,11.0,0.0,0.0,1.0,2,2,4,1,5,1,20.783,174.0,105.0,352.0,9.117,4.0,10.74,roster,0,58.0,42.5,0.4143,42.39,2.0853,0.425,0.1862,3.4118,36.46,4.34,13.4,8.18,8.8
2020-11-03 14:00:00,14,14,14,0.0,5.0,8.0,1.0,0.0,1.0,1,1,3,1,4,1,21.783,199.5,165.0,607.0,10.117,4.0,10.74,roster,0,46.0,35.0,0.3194,41.02,1.4559,0.35,0.0931,3.2857,30.03,3.47,13.4,14.11,15.175
2020-11-03 15:00:00,15,19,19,0.0,5.0,11.0,2.0,1.0,1.0,8,8,2,1,3,1,22.783,225.0,152.0,294.0,4.9,4.0,10.74,roster,0,58.0,47.5,0.3919,43.6,3.7238,0.475,0.7449,3.0526,40.75,2.6,13.4,6.84,7.35
2020-11-03 16:00:00,16,12,12,1.0,2.0,7.0,1.0,1.0,1.0,4,2,3,0,3,0,23.783,104.0,91.0,354.0,5.9,4.0,10.74,roster,0,37.0,30.0,0.25,16.58,1.4992,0.3,0.1862,3.0833,25.74,2.6,0.0,8.23,8.85
2020-11-03 17:00:00,17,14,14,2.0,2.0,9.0,1.0,0.0,1.0,10,9,2,1,3,1,6.9,151.0,64.0,414.0,6.9,4.0,10.74,roster,0,47.0,35.0,0.3176,35.66,3.9882,0.35,0.838,3.3571,30.03,2.6,13.4,9.63,10.35
2020-11-03 18:00:00,18,13,13,2.0,3.0,7.0,1.0,0.0,1.0,4,4,1,2,3,2,7.9,124.0,98.0,474.0,7.9,4.0,10.74,roster,0,45.0,32.5,0.3041,48.31,2.4142,0.325,0.3724,3.4615,27.88,2.6,26.8,11.02,11.85
2020-11-03 19:00:00,19,22,22,3.0,4.0,11.0,4.0,0.0,1.0,10,11,1,2,3,2,4.35,158.0,86.0,184.0,3.067,4.0,10.74,roster,0,72.0,55.0,0.4865,60.87,5.152,0.55,1.0242,3.2727,47.19,2.6,26.8,4.28,4.6
2020-11-03 20:00:00,20,23,23,3.0,4.0,13.0,3.0,0.0,1.0,9,9,2,3,5,3,4.067,146.0,114.0,218.0,4.067,4.0,11.71,roster,0,76.0,57.5,0.5429,78.95,4.4396,0.575,0.7686,3.3043,49.33,4.34,40.2,5.07,5.45
2020-11-03 21:00:00,21,29,29,2.0,5.0,19.0,3.0,0.0,1.0,8,8,5,2,7,2,4.8,169.0,95.0,206.0,4.633,4.0,11.71,roster,0,93.0,72.5,0.7045,79.87,4.5159,0.725,0.6832,3.2069,62.2,6.08,26.8,4.79,5.15
2020-11-03 22:00:00,22,24,24,1.0,4.0,15.0,4.0,0.0,1.0,5,4,6,2,8,2,5.8,199.5,155.0,266.0,5.633,3.0,7.74,roster,0,74.0,60.0,0.7708,71.41,3.4435,0.6,0.5168,3.0833,51.48,6.95,26.8,6.18,6.65
2020-11-03 23:00:00,23,25,25,0.0,3.0,20.0,2.0,0.0,1.0,6,6,5,1,6,1,6.8,259.5,215.0,294.0,5.433,3.0,7.74,roster,0,76.0,62.5,0.7451,59.07,4.2566,0.625,0.7752,3.04,53.62,5.21,13.4,6.84,7.35
2020-11-04 00:00:00,0,28,28,0.0,3.0,21.0,4.0,0.0,1.0,10,8,5,1,6,1,7.8,319.5,275.0,354.0,6.433,3.0,7.74,roster,0,83.0,70.0,0.8137,66.9,5.1389,0.7,1.0336,2.9643,60.06,5.21,13.4,8.23,8.85
2020-11-04 01:00:00,1,22,22,1.0,2.0,16.0,3.0,0.0,1.0,3,2,5,0,5,0,8.8,350.0,335.0,414.0,7.433,3.0,7.74,roster,0,67.0,55.0,0.6381,41.16,2.4619,0.55,0.2584,3.0455,47.19,4.34,0.0,9.63,10.35
2020-11-04 02:00:00,2,24,24,1.0,2.0,19.0,2.0,0.0,1.0,5,4,6,1,7,1,9.8,395.0,110.0,474.0,8.433,3.0,7.74,roster,0,74.0,60.0,0.7475,61.98,3.4435,0.6,0.5168,3.0833,51.48,6.08,13.4,11.02,11.85
2020-11-04 03:00:00,3,31,31,1.0,3.0,24.0,2.0,1.0,1.0,8,8,6,1,7,1,10.8,455.0,170.0,534.0,9.433,3.0,7.74,roster,0,94.0,77.5,0.9495,78.39,5.4841,0.775,1.0336,3.0323,66.5,6.08,13.4,12.42,13.35
2020-11-04 04:00:00,4,25,25,1.0,1.0,21.0,2.0,0.0,1.0,1,1,7,1,8,1,11.8,412.0,230.0,594.0,10.433,3.0,7.74,roster,0,76.0,62.5,0.7917,67.78,2.2928,0.625,0.1292,3.04,53.62,6.95,13.4,13.81,14.85
2020-11-04 05:00:00,5,24,24,1.0,1.0,20.0,2.0,0.0,1.0,2,2,7,1,8,1,12.8,472.0,290.0,654.0,11.433,3.0,7.74,roster,0,73.0,60.0,0.7604,67.03,2.611,0.6,0.2584,3.0417,51.48,6.95,13.4,15.21,16.35
2020-11-04 06:00:00,6,22,22,0.0,2.0,18.0,2.0,0.0,1.0,2,2,7,0,7,0,13.8,635.0,340.0,714.0,12.433,3.0,7.74,roster,0,66.0,55.0,0.6667,49.87,2.4252,0.55,0.2584,3.0,47.19,6.08,0.0,16.6,17.85
2020-11-04 07:00:00,7,25,25,0.0,3.0,20.0,2.0,0.0,1.0,5,5,7,0,7,0,14.8,695.0,400.0,774.0,13.433,3.0,7.74,roster,0,76.0,62.5,0.7677,57.7,3.8638,0.625,0.646,3.04,53.62,6.08,0.0,18.0,19.35
2020-11-04 08:00:00,8,27,27,0.0,4.0,21.0,2.0,0.0,1.0,3,3,7,1,8,1,15.8,652.0,460.0,834.0,14.433,3.0,6.68,roster,0,83.0,67.5,0.8646,77.65,3.4556,0.675,0.4491,3.0741,57.92,6.95,13.4,19.39,20.85
2020-11-04 09:00:00,9,27,27,0.0,5.0,20.0,2.0,0.0,1.0,6,6,4,1,5,1,16.8,609.0,137.0,830.0,15.433,3.0,6.68,roster,0,84.0,67.5,0.8,74.95,4.8944,0.675,0.8982,3.1111,57.92,4.34,13.4,19.3,20.75
2020-11-04 10:00:00,10,29,29,1.0,5.0,22.0,1.0,0.0,1.0,8,7,3,2,5,2,17.7,89.0,81.0,197.0,16.433,4.0,10.38,roster,0,93.0,72.5,0.6643,77.93,4.4876,0.725,0.6744,3.2069,62.2,4.34,26.8,4.58,4.925
2020-11-04 11:00:00,11,29,29,1.0,5.0,22.0,1.0,0.0,1.0,6,6,3,3,6,3,18.7,138.0,95.0,149.0,4.283,4.0,10.38,roster,0,93.0,72.5,0.6838,91.08,4.1787,0.725,0.578,3.2069,62.2,5.21,40.2,3.46,3.725
2020-11-04 12:00:00,12,30,30,1.0,4.0,24.0,1.0,0.0,1.0,8,7,4,3,7,3,19.7,195.0,134.0,209.0,5.283,4.0,10.38,roster,0,95.0,75.0,0.7197,95.49,4.5105,0.75,0.6744,3.1667,64.35,6.08,40.2,4.86,5.225
2020-11-04 13:00:00,13,26,26,0.0,4.0,21.0,1.0,0.0,1.0,5,5,8,2,10,2,17.5,124.5,90.0,261.0,6.283,4.0,10.38,roster,0,81.0,65.0,0.675,77.32,3.5257,0.65,0.4817,3.1154,55.77,8.68,26.8,6.07,6.525
2020-11-04 14:00:00,14,28,28,0.0,4.0,23.0,1.0,0.0,1.0,5,5,8,2,10,2,18.5,184.5,150.0,321.0,7.283,4.0,10.38,roster,0,87.0,70.0,0.725,83.01,3.6717,0.7,0.4817,3.1071,60.06,8.68,26.8,7.46,8.025
2020-11-04 15:00:00,15,23,23,0.0,2.0,20.0,1.0,0.0,1.0,4,4,9,2,11,2,19.5,214.0,173.0,381.0,8.283,4.0,10.38,roster,0,70.0,57.5,0.6034,74.54,2.9228,0.575,0.3854,3.0435,49.33,9.55,26.8,8.86,9.525
2020-11-04 16:00:00,16,16,16,0.0,1.0,14.0,1.0,0.0,1.0,4,4,4,1,5,1,10.15,274.0,243.0,449.0,9.283,4.0,10.38,roster,0,48.0,40.0,0.3429,42.5,2.3561,0.4,0.3854,3.0,34.32,4.34,13.4,10.44,11.225
2020-11-04 17:00:00,17,20,20,0.0,1.0,19.0,0.0,0.0,1.0,11,9,2,1,3,1,11.15,334.0,101.0,617.0,10.283,4.0,10.38,roster,0,61.0,50.0,0.4122,53.25,4.1695,0.5,0.8671,3.05,42.9,2.6,13.4,14.35,15.425
2020-11-04 18:00:00,18,19,19,1.0,1.0,16.0,1.0,0.0,1.0,11,9,3,0,3,0,12.15,116.0,64.0,161.0,2.683,4.0,10.38,roster,0,59.0,47.5,0.3986,27.1,4.1674,0.475,0.8671,3.1053,40.75,2.6,0.0,3.74,4.025
2020-11-04 19:00:00,19,24,24,1.0,2.0,20.0,1.0,0.0,1.0,7,8,6,0,6,0,13.15,110.0,92.0,176.0,3.683,4.0,10.38,roster,0,75.0,60.0,0.5515,40.78,4.2835,0.6,0.7707,3.125,51.48,5.21,0.0,4.09,4.4
2020-11-04 20:00:00,20,27,27,1.0,4.0,21.0,1.0,0.0,1.0,11,11,5,1,6,1,13.333,154.0,123.0,184.0,3.933,4.0,10.06,roster,0,86.0,67.5,0.6324,60.8,5.6328,0.675,1.0934,3.1852,57.92,5.21,13.4,4.28,4.6
2020-11-04 21:00:00,21,27,27,1.0,4.0,21.0,1.0,0.0,1.0,8,9,7,0,7,0,14.333,212.0,99.0,244.0,4.933,4.0,10.06,roster,0,86.0,67.5,0.6515,49.67,4.9996,0.675,0.8946,3.1852,57.92,6.08,0.0,5.67,6.1
2020-11-04 22:00:00,22,17,17,0.0,3.0,14.0,0.0,0.0,1.0,5,5,5,0,5,0,15.333,243.0,139.0,272.0,5.933,3.0,6.36,roster,0,54.0,42.5,0.5143,27.13,3.8472,0.425,0.7862,3.1765,36.46,4.34,0.0,6.32,6.8
2020-11-04 23:00:00,23,20,20,0.0,4.0,15.0,1.0,0.0,1.0,11,8,4,0,4,0,16.333,317.5,303.0,416.0,6.933,3.0,6.36,roster,0,63.0,50.0,0.5833,36.05,5.5373,0.5,1.2579,3.15,42.9,3.47,0.0,9.67,10.4
2020-11-05 00:00:00,0,11,11,0.0,1.0,9.0,1.0,0.0,1.0,3,1,3,1,4,1,17.333,290.0,217.0,476.0,7.933,3.0,6.36,roster,0,33.0,27.5,0.3056,31.54,1.2967,0.275,0.1572,3.0,23.6,3.47,13.4,11.07,11.9
2020-11-05 01:00:00,1,14,14,0.0,0.0,13.0,1.0,0.0,1.0,8,5,3,0,3,0,18.333,423.0,277.0,536.0,8.933,3.0,6.36,roster,0,41.0,35.0,0.3694,25.1,3.3273,0.35,0.7862,2.9286,30.03,2.6,0.0,12.46,13.4
2020-11-05 02:00:00,2,13,13,1.0,0.0,11.0,1.0,0.0,1.0,3,3,4,0,4,0,19.333,410.0,337.0,596.0,9.933,3.0,6.36,roster,0,40.0,32.5,0.3704,25.22,2.4514,0.325,0.4717,3.0769,27.88,3.47,0.0,13.86,14.9
2020-11-05 03:00:00,3,15,15,1.0,0.0,13.0,1.0,0.0,1.0,4,4,5,1,6,1,20.333,259.0,100.0,543.0,10.933,3.0,6.36,roster,0,46.0,37.5,0.451,43.41,3.0787,0.375,0.6289,3.0667,32.17,5.21,13.4,12.62,13.575
2020-11-05 04:00:00,4,15,15,0.0,0.0,13.0,2.0,0.0,1.0,3,3,6,0,6,0,21.333,319.0,160.0,603.0,11.933,3.0,6.36,roster,0,43.0,37.5,0.4216,31.4,2.4272,0.375,0.4717,2.8667,32.17,5.21,0.0,14.02,15.075
2020-11-05 05:00:00,5,13,13,0.0,0.0,11.0,2.0,0.0,1.0,1,1,6,0,6,0,22.333,379.0,220.0,663.0,12.933,3.0,6.36,roster,0,37.0,32.5,0.3627,28.51,1.3725,0.325,0.1572,2.8462,27.88,5.21,0.0,15.41,16.575
2020-11-05 06:00:00,6,11,11,0.0,0.0,10.0,1.0,0.0,1.0,2,1,6,0,6,0,23.333,439.0,280.0,723.0,13.933,3.0,6.36,roster,0,32.0,27.5,0.3137,25.61,1.2574,0.275,0.1572,2.9091,23.6,5.21,0.0,16.81,18.075
2020-11-05 07:00:00,7,13,13,0.0,0.0,12.0,1.0,0.0,1.0,3,3,6,0,6,0,24.333,499.0,340.0,783.0,14.933,3.0,6.36,roster,0,38.0,32.5,0.3725,31.3,2.3288,0.325,0.4717,2.9231,27.88,5.21,0.0,18.2,19.575
2020-11-05 08:00:00,8,15,15,0.0,0.0,14.0,1.0,0.0,1.0,4,4,6,0,6,0,15.933,559.0,400.0,843.0,15.933,3.0,6.57,roster,0,44.0,37.5,0.4314,36.98,2.8859,0.375,0.6088,2.9333,32.17,5.21,0.0,19.6,21.075
2020-11-05 09:00:00,9,17,17,0.0,0.0,16.0,1.0,0.0,1.0,6,6,4,0,4,0,16.933,654.0,405.0,1016.0,16.933,3.0,6.57,roster,0,50.0,42.5,0.463,43.56,3.936,0.425,0.9132,2.9412,36.46,3.47,0.0,23.62,25.4
2020-11-05 10:00:00,10,18,18,0.0,0.0,18.0,0.0,0.0,1.0,6,6,5,0,5,0,17.933,150.0,91.0,963.0,17.933,4.0,9.82,roster,0,54.0,45.0,0.3857,45.34,3.183,0.45,0.611,3.0,38.61,4.34,0.0,22.39,24.075
2020-11-05 11:00:00,11,15,15,0.0,0.0,14.0,1.0,0.0,1.0,5,6,2,2,4,2,17.05,108.5,66.0,1023.0,17.05,4.0,9.82,roster,0,44.0,37.5,0.3056,66.23,2.8923,0.375,0.611,2.9333,32.17,3.47,26.8,23.78,25.575
2020-11-05 12:00:00,12,18,18,1.0,1.0,15.0,1.0,0.0,1.0,7,7,3,1,4,1,18.05,165.5,120.0,1083.0,18.05,4.0,9.82,roster,0,56.0,45.0,0.3889,60.66,3.6177,0.45,0.7128,3.1111,38.61,3.47,13.4,25.18,27.075
2020-11-05 13:00:00,13,25,25,2.0,3.0,18.0,2.0,0.0,1.0,7,7,5,1,6,1,19.05,174.5,83.0,271.0,19.05,4.0,9.82,roster,0,80.0,62.5,0.5882,58.54,4.2811,0.625,0.7128,3.2,53.62,5.21,13.4,6.3,6.775
2020-11-05 14:00:00,14,27,27,1.0,3.0,22.0,1.0,0.0,1.0,6,6,6,1,7,1,20.05,229.0,137.0,331.0,20.05,4.0,9.82,roster,0,85.0,67.5,0.6439,65.09,4.0485,0.675,0.611,3.1481,57.92,6.08,13.4,7.7,8.275
2020-11-05 15:00:00,15,25,25,1.0,3.0,18.0,3.0,0.0,1.0,6,5,6,0,6,0,5.9,172.0,119.0,203.0,4.817,4.0,9.82,roster,0,77.0,62.5,0.5662,43.55,3.4932,0.625,0.5092,3.08,53.62,5.21,0.0,4.72,5.075
2020-11-05 16:00:00,16,29,29,1.0,3.0,21.0,4.0,0.0,1.0,9,9,5,0,5,0,6.9,207.0,145.0,257.0,5.817,4.0,9.82,roster,0,88.0,72.5,0.6286,52.52,4.9811,0.725,0.9165,3.0345,62.2,4.34,0.0,5.98,6.425
2020-11-05 17:00:00,17,31,31,2.0,5.0,21.0,3.0,0.0,1.0,9,9,6,0,6,0,7.9,236.0,139.0,317.0,6.817,4.0,9.82,roster,0,99.0,77.5,0.7279,59.08,5.4019,0.775,0.9165,3.1935,66.5,5.21,0.0,7.37,7.925
2020-11-05 18:00:00,18,26,26,1.0,7.0,16.0,2.0,0.0,1.0,7,7,6,0,6,0,8.9,187.0,118.0,377.0,7.817,4.0,9.82,roster,0,85.0,65.0,0.625,49.75,4.4554,0.65,0.7128,3.2692,55.77,5.21,0.0,8.77,9.425
2020-11-05 19:00:00,19,20,20,0.0,5.0,13.0,2.0,0.0,1.0,3,3,4,2,6,2,9.9,126.0,82.0,235.0,8.817,4.0,9.82,roster,0,63.0,50.0,0.4632,60.37,2.5373,0.5,0.3055,3.15,42.9,5.21,26.8,5.46,5.875
2020-11-05 20:00:00,20,18,18,0.0,4.0,13.0,1.0,0.0,1.0,5,4,3,1,4,1,10.9,149.5,127.0,589.0,9.817,4.0,9.75,roster,0,57.0,45.0,0.3958,49.18,2.7241,0.45,0.4103,3.1667,38.61,3.47,13.4,13.69,14.725
2020-11-05 21:00:00,21,16,16,0.0,5.0,11.0,0.0,0.0,1.0,5,5,0,1,1,1,9.133,187.0,187.0,187.0,3.117,4.0,9.75,roster,0,53.0,40.0,0.3397,32.94,3.0237,0.4,0.5128,3.3125,34.32,0.87,13.4,4.35,4.675
2020-11-05 22:00:00,22,20,20,0.0,4.0,16.0,0.0,0.0,1.0,10,9,2,0,2,0,10.133,93.5,73.0,114.0,1.9,3.0,6.5,roster,0,64.0,50.0,0.5614,27.29,6.0308,0.5,1.3846,3.2,42.9,1.74,0.0,2.65,2.85
2020-11-05 23:00:00,23,19,19,0.0,5.0,14.0,0.0,0.0,1.0,6,5,3,0,3,0,11.133,133.0,67.0,174.0,2.9,3.0,6.5,roster,0,62.0,47.5,0.5586,27.41,4.0601,0.475,0.7692,3.2632,40.75,2.6,0.0,4.05,4.35
2020-11-06 00:00:00,0,19,19,0.0,6.0,12.0,1.0,0.0,1.0,7,6,3,0,3,0,12.133,193.0,127.0,234.0,3.9,3.0,6.5,roster,0,62.0,47.5,0.5586,28.8,4.5621,0.475,0.9231,3.2632,40.75,2.6,0.0,5.44,5.85
2020-11-06 01:00:00,1,25,25,0.0,5.0,18.0,2.0,0.0,1.0,8,8,5,0,5,0,13.133,187.0,91.0,253.0,4.9,3.0,6.5,roster,0,78.0,62.5,0.7429,43.85,5.79,0.625,1.2308,3.12,53.62,4.34,0.0,5.88,6.325
2020-11-06 02:00:00,2,19,19,0.0,4.0,14.0,1.0,0.0,1.0,0,0,6,0,6,0,14.133,199.0,130.0,313.0,5.9,3.0,6.5,roster,0,60.0,47.5,0.5882,33.24,1.5,0.475,0.0,3.1579,40.75,5.21,0.0,7.28,7.825
2020-11-06 03:00:00,3,20,20,0.0,4.0,14.0,1.0,1.0,1.0,3,2,6,0,6,0,15.133,259.0,190.0,373.0,6.9,3.0,6.5,roster,0,61.0,50.0,0.598,36.78,2.4635,0.5,0.3077,3.05,42.9,5.21,0.0,8.67,9.325
2020-11-06 04:00:00,4,20,20,0.0,4.0,14.0,1.0,1.0,1.0,0,0,7,0,7,0,16.133,271.0,230.0,433.0,7.9,3.0,6.5,roster,0,61.0,50.0,0.6162,39.05,1.525,0.5,0.0,3.05,42.9,6.08,0.0,10.07,10.825
2020-11-06 05:00:00,5,21,21,0.0,4.0,15.0,1.0,1.0,1.0,2,2,7,0,7,0,17.133,331.0,290.0,493.0,8.9,3.0,6.5,roster,0,64.0,52.5,0.6465,42.59,2.5377,0.525,0.3077,3.0476,45.04,6.08,0.0,11.46,12.325
2020-11-06 06:00:00,6,21,21,0.0,5.0,14.0,1.0,1.0,1.0,1,1,7,0,7,0,18.133,391.0,350.0,553.0,9.9,3.0,6.5,roster,0,65.0,52.5,0.6566,43.98,2.1012,0.525,0.1538,3.0952,45.04,6.08,0.0,12.86,13.825
2020-11-06 07:00:00,7,22,22,0.0,5.0,15.0,1.0,1.0,1.0,4,3,8,0,8,0,19.133,440.5,410.0,613.0,10.9,3.0,6.5,roster,0,68.0,55.0,0.7083,48.39,3.1266,0.55,0.4615,3.0909,47.19,6.95,0.0,14.25,15.325
2020-11-06 08:00:00,8,19,19,0.0,4.0,13.0,1.0,1.0,1.0,2,1,9,0,9,0,20.133,490.0,357.0,607.0,11.9,3.0,7.98,roster,0,58.0,47.5,0.6237,42.68,1.8325,0.475,0.1253,3.0526,40.75,7.81,0.0,14.11,15.175
2020-11-06 09:00:00,9,17,17,0.0,2.0,11.0,3.0,1.0,1.0,5,5,5,0,5,0,21.133,417.0,226.0,571.0,12.9,3.0,7.98,roster,0,48.0,42.5,0.4571,34.08,2.9691,0.425,0.6266,2.8235,36.46,4.34,0.0,13.28,14.275
2020-11-06 10:00:00,10,16,16,0.0,1.0,12.0,2.0,1.0,1.0,6,7,3,0,3,0,12.417,286.0,206.0,631.0,10.517,4.0,11.68,roster,0,45.0,40.0,0.3041,31.6,2.8106,0.4,0.5993,2.8125,34.32,2.6,0.0,14.67,15.775
2020-11-06 11:00:00,11,21,21,0.0,1.0,18.0,2.0,0.0,1.0,8,8,3,1,4,1,13.417,186.0,106.0,346.0,5.767,4.0,11.68,roster,0,62.0,52.5,0.4306,49.96,3.5722,0.525,0.6849,2.9524,45.04,3.47,13.4,8.04,8.65
2020-11-06 12:00:00,12,26,26,0.0,1.0,23.0,2.0,0.0,1.0,8,7,5,1,6,1,14.417,156.0,95.0,326.0,6.767,4.0,11.68,roster,0,77.0,65.0,0.5662,61.96,3.6999,0.65,0.5993,2.9615,55.77,5.21,13.4,7.58,8.15
2020-11-06 13:00:00,13,24,24,0.0,1.0,21.0,2.0,0.0,1.0,4,4,7,1,8,1,15.417,176.0,117.0,386.0,7.767,4.0,11.68,roster,0,71.0,60.0,0.5547,60.8,2.7881,0.6,0.3425,2.9583,51.48,6.95,13.4,8.97,9.65
2020-11-06 14:00:00,14,25,25,1.0,1.0,22.0,1.0,0.0,1.0,7,6,6,1,7,1,16.417,266.0,136.0,446.0,8.767,4.0,11.68,roster,0,77.0,62.5,0.5833,63.47,3.5072,0.625,0.5137,3.08,53.62,6.08,13.4,10.37,11.15
2020-11-06 15:00:00,15,25,25,1.0,1.0,22.0,1.0,0.0,1.0,7,7,7,1,8,1,17.417,261.0,185.0,506.0,9.767,4.0,11.68,roster,0,77.0,62.5,0.6016,65.74,3.7709,0.625,0.5993,3.08,53.62,6.95,13.4,11.76,12.65
2020-11-06 16:00:00,16,20,20,1.0,2.0,16.0,1.0,0.0,1.0,4,4,6,0,6,0,18.417,250.5,149.0,406.0,10.767,4.0,11.68,roster,0,63.0,50.0,0.4632,37.55,2.6538,0.5,0.3425,3.15,42.9,5.21,0.0,9.44,10.15
2020-11-06 17:00:00,17,22,22,1.0,3.0,17.0,1.0,0.0,1.0,7,7,7,0,7,0,11.767,209.0,108.0,466.0,11.767,4.0,11.68,roster,0,70.0,55.0,0.5303,44.1,3.6569,0.55,0.5993,3.1818,47.19,6.08,0.0,10.83,11.65
2020-11-06 18:00:00,18,20,20,0.0,5.0,14.0,1.0,0.0,1.0,6,6,7,0,7,0,12.767,168.0,114.0,526.0,12.767,4.0,11.68,roster,0,64.0,50.0,0.4848,41.21,3.2438,0.5,0.5137,3.2,42.9,6.08,0.0,12.23,13.15
2020-11-06 19:00:00,19,19,19,0.0,4.0,13.0,2.0,0.0,1.0,6,6,5,0,5,0,13.767,223.0,174.0,281.0,13.767,4.0,11.68,roster,0,59.0,47.5,0.4214,31.63,3.0702,0.475,0.5137,3.1053,40.75,4.34,0.0,6.53,7.025
2020-11-06 20:00:00,20,19,19,0.0,5.0,13.0,1.0,0.0,1.0,7,6,4,0,4,0,14.767,287.5,234.0,886.0,14.767,4.0,10.38,roster,0,61.0,47.5,0.4236,44.83,3.3808,0.475,0.578,3.2105,40.75,3.47,0.0,20.6,22.15
2020-11-06 21:00:00,21,19,19,0.0,4.0,14.0,1.0,0.0,1.0,4,4,5,0,5,0,15.767,294.0,115.0,401.0,15.767,4.0,10.38,roster,0,60.0,47.5,0.4286,34.42,2.7169,0.475,0.3854,3.1579,40.75,4.34,0.0,9.32,10.025
2020-11-06 22:00:00,22,18,18,0.0,3.0,14.0,1.0,0.0,1.0,13,10,1,0,1,0,16.767,1006.0,1006.0,1006.0,16.767,3.0,6.68,roster,0,56.0,45.0,0.4786,42.87,6.0574,0.45,1.497,3.1111,38.61,0.87,0.0,23.39,25.15
2020-11-06 23:00:00,23,22,22,1.0,4.0,16.0,1.0,0.0,1.0,13,11,2,0,2,0,6.133,115.0,112.0,118.0,1.967,3.0,6.68,roster,0,71.0,55.0,0.6228,31.67,7.0894,0.55,1.6467,3.2273,47.19,1.74,0.0,2.74,2.95
2020-11-07 00:00:00,0,17,17,1.0,4.0,11.0,1.0,0.0,1.0,5,4,4,1,5,1,3.433,110.0,89.0,172.0,2.967,3.0,6.68,roster,0,56.0,42.5,0.5333,38.21,3.3725,0.425,0.5988,3.2941,36.46,4.34,13.4,4.0,4.3
2020-11-07 01:00:00,1,12,12,1.0,4.0,7.0,0.0,0.0,1.0,3,3,5,1,6,1,4.433,159.5,146.0,232.0,3.967,3.0,6.68,roster,0,42.0,30.0,0.4118,29.74,2.6219,0.3,0.4491,3.5,25.74,5.21,13.4,5.39,5.8
2020-11-07 02:00:00,2,9,9,0.0,4.0,5.0,0.0,0.0,1.0,1,1,5,0,5,0,5.433,230.0,209.0,292.0,4.967,3.0,6.68,roster,0,31.0,22.5,0.2952,10.44,1.2906,0.225,0.1497,3.4444,19.3,4.34,0.0,6.79,7.3
2020-11-07 03:00:00,3,14,14,0.0,5.0,9.0,0.0,0.0,1.0,5,5,5,0,5,0,6.433,290.0,269.0,352.0,5.967,3.0,6.68,roster,0,47.0,35.0,0.4476,22.56,3.6878,0.35,0.7485,3.3571,30.03,4.34,0.0,8.18,8.8
2020-11-07 04:00:00,4,15,15,0.0,5.0,10.0,0.0,0.0,1.0,1,1,8,0,8,0,7.433,284.5,95.0,412.0,6.967,3.0,6.68,roster,0,50.0,37.5,0.5208,28.7,1.749,0.375,0.1497,3.3333,32.17,6.95,0.0,9.58,10.3
2020-11-07 05:00:00,5,13,13,0.0,5.0,8.0,0.0,0.0,1.0,1,1,7,0,7,0,8.433,389.0,155.0,472.0,7.967,3.0,6.68,roster,0,44.0,32.5,0.4444,24.94,1.6067,0.325,0.1497,3.3846,27.88,6.08,0.0,10.97,11.8
2020-11-07 06:00:00,6,13,13,0.0,4.0,9.0,0.0,0.0,1.0,3,2,8,0,8,0,9.433,404.5,215.0,532.0,8.967,3.0,6.68,roster,0,43.0,32.5,0.4479,27.2,2.0653,0.325,0.2994,3.3077,27.88,6.95,0.0,12.37,13.3
2020-11-07 07:00:00,7,12,12,0.0,4.0,8.0,0.0,0.0,1.0,0,0,8,0,8,0,10.433,464.5,275.0,592.0,9.967,3.0,6.68,roster,0,40.0,30.0,0.4167,26.45,1.0,0.3,0.0,3.3333,25.74,6.95,0.0,13.76,14.8
2020-11-07 08:00:00,8,18,18,1.0,6.0,11.0,0.0,0.0,1.0,6,6,8,0,8,0,11.433,524.5,335.0,652.0,10.967,3.0,6.66,roster,0,62.0,45.0,0.6458,40.72,4.6531,0.45,0.9009,3.4444,38.61,6.95,0.0,15.16,16.3
2020-11-07 09:00:00,9,17,17,1.0,5.0,11.0,0.0,0.0,1.0,4,5,7,0,7,0,12.433,395.0,62.0,629.0,10.833,3.0,6.66,roster,0,58.0,42.5,0.5859,37.17,4.0114,0.425,0.7508,3.4118,36.46,6.08,0.0,14.62,15.725
2020-11-07 10:00:00,10,20,20,1.0,7.0,12.0,0.0,0.0,1.0,7,7,7,0,7,0,13.433,159.0,120.0,600.0,11.833,4.0,10.36,roster,0,69.0,50.0,0.5227,42.93,4.0561,0.5,0.6757,3.45,42.9,6.08,0.0,13.95,15.0
2020-11-07 11:00:00,11,29,29,2.0,5.0,18.0,4.0,0.0,1.0,13,13,6,1,7,1,14.433,180.0,96.0,515.0,12.833,4.0,10.36,roster,0,92.0,72.5,0.697,73.66,6.2808,0.725,1.2548,3.1724,62.2,6.08,13.4,11.97,12.875
2020-11-07 12:00:00,12,21,21,2.0,4.0,12.0,3.0,0.0,1.0,8,8,7,0,7,0,9.583,126.0,99.0,240.0,9.583,4.0,10.36,roster,0,68.0,52.5,0.5152,36.7,4.2005,0.525,0.7722,3.2381,45.04,6.08,0.0,5.58,6.0
2020-11-07 13:00:00,13,24,24,2.0,5.0,14.0,3.0,0.0,1.0,11,10,6,0,6,0,5.317,179.5,122.0,278.0,5.0,4.0,10.36,roster,0,78.0,60.0,0.5735,43.15,5.0871,0.6,0.9653,3.25,51.48,5.21,0.0,6.46,6.95
2020-11-07 14:00:00,14,18,18,1.0,4.0,12.0,1.0,0.0,1.0,3,4,5,0,5,0,6.317,182.0,154.0,338.0,6.0,4.0,10.36,roster,0,59.0,45.0,0.4214,30.81,2.7406,0.45,0.3861,3.2778,38.61,4.34,0.0,7.86,8.45
2020-11-07 15:00:00,15,14,14,1.0,2.0,11.0,0.0,0.0,1.0,7,6,3,0,3,0,7.317,242.0,148.0,420.0,7.0,4.0,10.36,roster,0,46.0,35.0,0.3108,22.4,3.0529,0.35,0.5792,3.2857,30.03,2.6,0.0,9.76,10.5
2020-11-07 16:00:00,16,18,18,1.0,0.0,17.0,0.0,0.0,1.0,11,9,2,1,3,1,8.0,79.0,77.0,480.0,8.0,4.0,10.36,roster,0,56.0,45.0,0.3784,45.77,4.1027,0.45,0.8687,3.1111,38.61,2.6,13.4,11.16,12.0
2020-11-07 17:00:00,17,21,21,1.0,1.0,17.0,1.0,0.0,0.952,8,8,2,1,3,1,9.0,139.0,137.0,540.0,9.0,4.0,10.36,roster,0,62.0,52.5,0.4189,53.6,3.8298,0.525,0.7722,2.9524,45.04,2.6,13.4,12.56,13.5
2020-11-07 18:00:00,18,17,17,2.0,1.0,12.0,1.0,0.0,0.941,6,2,2,2,4,2,10.0,155.0,113.0,600.0,10.0,4.0,10.36,roster,0,52.0,42.5,0.3611,60.69,1.8905,0.425,0.1931,3.0588,36.46,3.47,26.8,13.95,15.0
2020-11-07 19:00:00,19,17,17,3.0,3.0,9.0,2.0,0.0,1.0,8,8,1,1,2,1,11.0,410.0,160.0,660.0,11.0,4.0,10.36,roster,0,58.0,42.5,0.3816,46.95,4.0846,0.425,0.7722,3.4118,36.46,1.74,13.4,15.34,16.5
2020-11-07 20:00:00,20,21,21,1.0,4.0,16.0,0.0,0.0,1.0,12,11,2,1,3,1,7.167,98.0,66.0,220.0,3.667,4.0,11.76,roster,0,69.0,52.5,0.4662,46.16,4.7984,0.525,0.9354,3.2857,45.04,2.6,13.4,5.12,5.5
2020-11-07 21:00:00,21,22,22,1.0,2.0,17.0,2.0,0.0,1.0,10,9,3,0,3,0,8.167,89.0,71.0,158.0,2.633,4.0,11.76,roster,0,68.0,55.0,0.4595,33.47,4.0655,0.55,0.7653,3.0909,47.19,2.6,0.0,3.67,3.95
2020-11-07 22:00:00,22,21,21,0.0,2.0,17.0,2.0,0.0,1.0,8,7,3,0,3,0,6.15,131.0,90.0,149.0,2.483,3.0,8.06,roster,0,63.0,52.5,0.5676,31.11,4.1805,0.525,0.8685,3.0,45.04,2.6,0.0,3.46,3.725
2020-11-07 23:00:00,23,22,22,0.0,5.0,15.0,2.0,0.0,1.0,9,9,2,0,2,0,7.15,170.5,150.0,191.0,3.183,3.0,8.06,roster,0,69.0,55.0,0.6053,33.37,5.2271,0.55,1.1166,3.1364,47.19,1.74,0.0,4.44,4.775
2020-11-08 00:00:00,0,21,21,0.0,2.0,17.0,2.0,0.0,1.0,6,6,3,0,3,0,8.15,210.0,96.0,251.0,4.183,3.0,8.06,roster,0,63.0,52.5,0.5676,33.49,3.8083,0.525,0.7444,3.0,45.04,2.6,0.0,5.84,6.275
2020-11-08 01:00:00,1,19,19,0.0,2.0,15.0,2.0,0.0,1.0,6,4,2,0,2,0,9.15,290.5,270.0,311.0,5.183,3.0,8.06,roster,0,57.0,47.5,0.5,29.72,2.9138,0.475,0.4963,3.0,40.75,1.74,0.0,7.23,7.775
2020-11-08 02:00:00,2,15,15,0.0,2.0,11.0,2.0,0.0,1.0,2,2,5,0,5,0,10.15,114.0,96.0,330.0,6.183,3.0,8.06,roster,0,45.0,37.5,0.4286,24.19,1.8694,0.375,0.2481,3.0,32.17,4.34,0.0,7.67,8.25
2020-11-08 03:00:00,3,15,15,0.0,3.0,10.0,2.0,0.0,1.0,2,2,5,0,5,0,11.15,174.0,156.0,390.0,7.183,3.0,8.06,roster,0,46.0,37.5,0.4381,25.58,1.911,0.375,0.2481,3.0667,32.17,4.34,0.0,9.07,9.75
2020-11-08 04:00:00,4,14,14,0.0,3.0,9.0,2.0,0.0,1.0,3,2,5,0,5,0,12.15,234.0,216.0,450.0,8.183,3.0,8.06,roster,0,43.0,35.0,0.4095,24.83,1.8371,0.35,0.2481,3.0714,30.03,4.34,0.0,10.46,11.25
2020-11-08 05:00:00,5,13,13,0.0,3.0,8.0,2.0,0.0,1.0,2,1,5,0,5,0,13.15,294.0,276.0,510.0,9.183,3.0,8.06,roster,0,40.0,32.5,0.381,24.08,1.3818,0.325,0.1241,3.0769,27.88,4.34,0.0,11.86,12.75
2020-11-08 06:00:00,6,14,14,0.0,3.0,10.0,1.0,0.0,1.0,2,2,6,0,6,0,14.15,345.0,320.0,570.0,10.183,3.0,8.06,roster,0,44.0,35.0,0.4314,28.49,1.8799,0.35,0.2481,3.1429,30.03,5.21,0.0,13.25,14.25
2020-11-08 07:00:00,7,15,15,0.0,3.0,10.0,1.0,1.0,1.0,2,2,6,0,6,0,15.15,405.0,380.0,630.0,11.183,3.0,8.06,roster,0,45.0,37.5,0.4412,32.03,1.8694,0.375,0.2481,3.0,32.17,5.21,0.0,14.65,15.75
2020-11-08 08:00:00,8,20,20,1.0,4.0,13.0,1.0,1.0,1.0,9,6,6,0,6,0,16.15,465.0,440.0,690.0,12.183,3.0,6.66,roster,0,63.0,50.0,0.6176,44.15,4.4128,0.5,0.9009,3.15,42.9,5.21,0.0,16.04,17.25
2020-11-08 09:00:00,9,17,17,1.0,4.0,11.0,0.0,1.0,1.0,5,4,3,2,5,2,17.15,266.0,97.0,516.0,12.5,3.0,6.66,roster,0,55.0,42.5,0.5238,59.6,3.3181,0.425,0.6006,3.2353,36.46,4.34,26.8,12.0,12.9
2020-11-08 10:00:00,10,29,29,1.0,5.0,17.0,5.0,1.0,1.0,16,16,3,2,5,2,18.15,157.0,138.0,576.0,13.5,4.0,10.12,roster,0,87.0,72.5,0.6214,86.74,6.9181,0.725,1.581,3.0,62.2,4.34,26.8,13.39,14.4
2020-11-08 11:00:00,11,22,22,0.0,4.0,14.0,3.0,1.0,1.0,8,7,3,1,4,1,19.15,100.5,96.0,217.0,3.617,4.0,10.12,roster,0,65.0,55.0,0.4514,49.11,3.6687,0.55,0.6917,2.9545,47.19,3.47,13.4,5.05,5.425
2020-11-08 12:00:00,12,20,20,0.0,4.0,14.0,1.0,1.0,1.0,6,3,5,2,7,2,20.15,120.0,109.0,165.0,4.617,4.0,10.12,roster,0,61.0,50.0,0.4621,59.61,2.4292,0.5,0.2964,3.05,42.9,6.08,26.8,3.84,4.125
2020-11-08 13:00:00,13,26,26,1.0,4.0,20.0,0.0,1.0,1.0,14,12,7,2,9,2,5.833,172.0,131.0,216.0,5.617,4.0,10.12,roster,0,82.0,65.0,0.6613,75.41,5.7897,0.65,1.1858,3.1538,55.77,7.81,26.8,5.02,5.4
2020-11-08 14:00:00,14,27,27,1.0,3.0,21.0,2.0,0.0,1.0,10,8,4,2,6,2,6.833,218.0,113.0,285.0,6.617,4.0,10.12,roster,0,84.0,67.5,0.6176,76.55,4.5594,0.675,0.7905,3.1111,57.92,5.21,26.8,6.63,7.125
2020-11-08 15:00:00,15,20,20,0.0,3.0,13.0,4.0,0.0,1.0,8,8,1,0,1,0,7.833,173.0,173.0,173.0,2.883,4.0,10.12,roster,0,59.0,50.0,0.3782,27.79,3.807,0.5,0.7905,2.95,42.9,0.87,0.0,4.02,4.325
2020-11-08 16:00:00,16,21,21,0.0,5.0,14.0,2.0,0.0,1.0,11,9,0,0,0,0,8.833,0.0,,,,4.0,10.12,roster,0,66.0,52.5,0.4125,25.04,4.445,0.525,0.8893,3.1429,45.04,0.0,0.0,0.0,0.0
2020-11-08 17:00:00,17,18,18,0.0,4.0,13.0,1.0,0.0,1.0,8,7,3,0,3,0,9.383,78.0,62.0,99.0,1.65,4.0,10.12,roster,0,57.0,45.0,0.3851,23.52,3.6154,0.45,0.6917,3.1667,38.61,2.6,0.0,2.3,2.475
2020-11-08 18:00:00,18,18,18,0.0,5.0,12.0,1.0,0.0,1.0,8,5,3,0,3,0,10.383,138.0,65.0,159.0,2.65,4.0,10.12,roster,0,58.0,45.0,0.3919,24.91,3.042,0.45,0.4941,3.2222,38.61,2.6,0.0,3.7,3.975
2020-11-08 19:00:00,19,18,18,0.0,5.0,12.0,1.0,0.0,1.0,5,4,4,1,5,1,4.433,105.0,102.0,125.0,3.65,4.0,10.12,roster,0,58.0,45.0,0.4143,39.26,2.7236,0.45,0.3953,3.2222,38.61,4.34,13.4,2.91,3.125
2020-11-08 20:00:00,20,17,17,0.0,5.0,11.0,1.0,0.0,1.0,6,4,4,1,5,1,5.433,165.0,162.0,185.0,4.65,4.0,11.52,roster,0,55.0,42.5,0.3929,38.51,2.4984,0.425,0.3472,3.2353,36.46,4.34,13.4,4.3,4.625
2020-11-08 21:00:00,21,17,17,0.0,3.0,14.0,0.0,0.0,1.0,6,4,4,1,5,1,5.55,222.0,100.0,225.0,4.083,4.0,11.52,roster,0,54.0,42.5,0.3857,39.44,2.4529,0.425,0.3472,3.1765,36.46,4.34,13.4,5.23,5.625
2020-11-08 22:00:00,22,17,17,0.0,2.0,15.0,0.0,0.0,1.0,7,7,4,1,5,1,6.55,160.0,143.0,282.0,4.75,3.0,8.06,roster,0,53.0,42.5,0.5048,40.76,4.0326,0.425,0.8685,3.1176,36.46,4.34,13.4,6.56,7.05
2020-11-08 23:00:00,23,18,18,0.0,2.0,16.0,0.0,0.0,1.0,7,7,5,0,5,0,7.55,203.0,179.0,220.0,5.7,3.0,8.06,roster,0,56.0,45.0,0.5333,28.07,4.102,0.45,0.8685,3.1111,38.61,4.34,0.0,5.12,5.5
2020-11-09 00:00:00,0,21,21,0.0,3.0,17.0,1.0,0.0,1.0,11,10,4,0,4,0,8.55,271.5,263.0,402.0,6.7,3.0,8.06,roster,0,65.0,52.5,0.6019,37.86,5.4652,0.525,1.2407,3.0952,45.04,3.47,0.0,9.35,10.05
2020-11-09 01:00:00,1,18,18,0.0,4.0,14.0,0.0,0.0,1.0,4,4,5,0,5,0,9.55,323.0,190.0,340.0,7.7,3.0,8.06,roster,0,58.0,45.0,0.5524,30.86,3.0491,0.45,0.4963,3.2222,38.61,4.34,0.0,7.9,8.5
2020-11-09 02:00:00,2,16,16,0.0,5.0,11.0,0.0,0.0,1.0,4,3,6,0,6,0,10.55,316.5,147.0,400.0,8.7,3.0,8.06,roster,0,53.0,40.0,0.5196,28.83,2.5579,0.4,0.3722,3.3125,34.32,5.21,0.0,9.3,10.0
2020-11-09 03:00:00,3,16,16,0.0,5.0,11.0,0.0,0.0,1.0,1,1,7,0,7,0,11.55,310.0,147.0,460.0,9.7,3.0,8.06,roster,0,53.0,40.0,0.5354,31.09,1.736,0.4,0.1241,3.3125,34.32,6.08,0.0,10.7,11.5
2020-11-09 04:00:00,4,13,13,0.0,5.0,8.0,0.0,0.0,1.0,0,0,7,0,7,0,12.55,370.0,207.0,520.0,10.7,3.0,8.06,roster,0,44.0,32.5,0.4444,26.05,1.1,0.325,0.0,3.3846,27.88,6.08,0.0,12.09,13.0
2020-11-09 05:00:00,5,16,16,0.0,6.0,10.0,0.0,0.0,1.0,3,3,7,0,7,0,13.55,430.0,267.0,580.0,11.7,3.0,8.06,roster,0,54.0,40.0,0.5455,33.88,2.6062,0.4,0.3722,3.375,34.32,6.08,0.0,13.49,14.5
2020-11-09 06:00:00,6,16,16,0.0,7.0,9.0,0.0,0.0,1.0,1,2,8,0,8,0,14.55,438.5,327.0,640.0,12.7,3.0,8.06,roster,0,55.0,40.0,0.5729,36.15,2.228,0.4,0.2481,3.4375,34.32,6.95,0.0,14.88,16.0
2020-11-09 07:00:00,7,16,16,0.0,7.0,9.0,0.0,0.0,1.0,1,1,8,0,8,0,15.55,498.5,387.0,700.0,13.7,3.0,8.06,roster,0,55.0,40.0,0.5729,37.54,1.8015,0.4,0.1241,3.4375,34.32,6.95,0.0,16.28,17.5
2020-11-09 08:00:00,8,19,19,0.0,8.0,11.0,0.0,0.0,1.0,4,4,8,0,8,0,16.55,558.5,447.0,760.0,14.7,3.0,6.59,roster,0,65.0,47.5,0.6771,45.37,3.7015,0.475,0.607,3.4211,40.75,6.95,0.0,17.67,19.0
2020-11-09 09:00:00,9,16,16,0.0,4.0,11.0,1.0,0.0,1.0,7,7,3,1,4,1,11.167,176.5,102.0,670.0,11.167,3.0,6.59,roster,0,51.0,40.0,0.4722,46.77,4.6608,0.4,1.0622,3.1875,34.32,3.47,13.4,15.58,16.75
2020-11-09 10:00:00,10,17,17,0.0,4.0,12.0,1.0,0.0,1.0,6,6,3,1,4,1,10.9,155.5,149.0,311.0,5.183,4.0,9.63,roster,0,54.0,42.5,0.375,40.57,3.3291,0.425,0.6231,3.1765,36.46,3.47,13.4,7.23,7.775
2020-11-09 11:00:00,11,20,20,0.0,5.0,14.0,1.0,0.0,1.0,9,9,4,1,5,1,6.183,209.0,131.0,222.0,6.183,4.0,9.63,roster,0,64.0,50.0,0.4571,45.8,4.5907,0.5,0.9346,3.2,42.9,4.34,13.4,5.16,5.55
2020-11-09 12:00:00,12,23,23,1.0,5.0,16.0,1.0,0.0,1.0,7,6,6,0,6,0,7.183,114.5,101.0,191.0,7.183,4.0,9.63,roster,0,75.0,57.5,0.5515,38.99,3.9067,0.575,0.6231,3.2609,49.33,5.21,0.0,4.44,4.775
2020-11-09 13:00:00,13,21,21,1.0,5.0,15.0,0.0,0.0,1.0,4,3,8,0,8,0,8.183,164.5,142.0,251.0,8.183,4.0,9.63,roster,0,70.0,52.5,0.5469,37.83,2.7884,0.525,0.3115,3.3333,45.04,6.95,0.0,5.84,6.275
2020-11-09 14:00:00,14,22,22,1.0,5.0,16.0,0.0,0.0,1.0,7,7,6,0,6,0,9.183,178.0,133.0,311.0,9.183,4.0,9.63,roster,0,73.0,55.0,0.5368,39.63,4.237,0.55,0.7269,3.3182,47.19,5.21,0.0,7.23,7.775
2020-11-09 15:00:00,15,28,28,0.0,7.0,21.0,0.0,0.0,1.0,14,14,3,1,4,1,7.4,201.0,140.0,371.0,6.183,4.0,9.63,roster,0,91.0,70.0,0.6319,65.56,6.9998,0.7,1.4538,3.25,60.06,3.47,13.4,8.63,9.275
2020-11-09 16:00:00,16,29,29,0.0,6.0,22.0,1.0,0.0,1.0,11,9,4,1,5,1,8.4,106.0,95.0,140.0,7.183,4.0,9.63,roster,0,92.0,72.5,0.6571,63.2,5.2649,0.725,0.9346,3.1724,62.2,4.34,13.4,3.26,3.5
2020-11-09 17:00:00,17,29,29,1.0,6.0,21.0,1.0,0.0,1.0,8,6,5,1,6,1,8.85,99.0,77.0,133.0,2.583,4.0,9.63,roster,0,94.0,72.5,0.6912,63.91,4.3696,0.725,0.6231,3.2414,62.2,5.21,13.4,3.09,3.325
2020-11-09 18:00:00,18,26,26,1.0,5.0,19.0,1.0,0.0,1.0,3,4,8,1,9,1,9.85,125.0,71.0,177.0,3.583,4.0,9.63,roster,0,84.0,65.0,0.6774,61.1,3.442,0.65,0.4154,3.2308,55.77,7.81,13.4,4.12,4.425
2020-11-09 19:00:00,19,23,23,1.0,6.0,15.0,1.0,0.0,1.0,7,6,5,1,6,1,9.917,158.0,124.0,237.0,4.217,4.0,9.63,roster,0,76.0,57.5,0.5588,53.46,3.9588,0.575,0.6231,3.3043,49.33,5.21,13.4,5.51,5.925
2020-11-09 20:00:00,20,22,22,0.0,6.0,15.0,1.0,0.0,1.0,9,9,2,0,2,0,8.817,148.0,116.0,180.0,3.0,4.0,10.47,roster,0,71.0,55.0,0.4671,33.11,4.5492,0.55,0.8596,3.2273,47.19,1.74,0.0,4.19,4.5
2020-11-09 21:00:00,21,25,25,0.0,9.0,15.0,1.0,0.0,1.0,11,10,3,0,3,0,9.817,176.0,117.0,240.0,4.0,4.0,10.47,roster,0,83.0,62.5,0.5608,41.81,5.246,0.625,0.9551,3.32,53.62,2.6,0.0,5.58,6.0
2020-11-09 22:00:00,22,18,18,0.0,7.0,10.0,1.0,0.0,1.0,5,4,2,1,3,1,8.1,94.0,70.0,300.0,5.0,3.0,7.43,roster,0,60.0,45.0,0.5405,41.59,3.2945,0.45,0.5384,3.3333,38.61,2.6,13.4,6.98,7.5
2020-11-09 23:00:00,23,12,12,0.0,4.0,7.0,1.0,0.0,1.0,6,4,2,0,2,0,7.917,229.0,98.0,360.0,6.0,3.0,7.43,roster,0,39.0,30.0,0.3421,15.85,2.7247,0.3,0.5384,3.25,25.74,1.74,0.0,8.37,9.0
2020-11-10 00:00:00,0,15,15,0.0,4.0,10.0,1.0,0.0,1.0,7,7,2,0,2,0,8.917,289.0,158.0,420.0,7.0,3.0,7.43,roster,0,48.0,37.5,0.4211,23.68,4.2148,0.375,0.9421,3.2,32.17,1.74,0.0,9.76,10.5
2020-11-10 01:00:00,1,13,13,0.0,4.0,9.0,0.0,0.0,1.0,5,5,2,0,2,0,8.0,349.0,218.0,480.0,8.0,3.0,7.43,roster,0,43.0,32.5,0.3772,20.78,3.3009,0.325,0.6729,3.3077,27.88,1.74,0.0,11.16,12.0
2020-11-10 02:00:00,2,9,9,0.0,4.0,5.0,0.0,0.0,1.0,4,3,3,0,3,0,9.0,278.0,109.0,540.0,9.0,3.0,7.43,roster,0,31.0,22.5,0.2793,14.46,2.1658,0.225,0.4038,3.4444,19.3,2.6,0.0,12.56,13.5
2020-11-10 03:00:00,3,9,9,0.0,4.0,4.0,1.0,0.0,1.0,4,3,6,0,6,0,10.0,139.5,89.0,338.0,10.0,3.0,7.43,roster,0,30.0,22.5,0.2941,12.37,2.0959,0.225,0.4038,3.3333,19.3,5.21,0.0,7.86,8.45
2020-11-10 04:00:00,4,9,9,1.0,4.0,4.0,0.0,0.0,1.0,1,1,6,0,6,0,11.0,199.5,149.0,398.0,11.0,3.0,7.43,roster,0,33.0,22.5,0.3235,13.77,1.3185,0.225,0.1346,3.6667,19.3,5.21,0.0,9.25,9.95
2020-11-10 05:00:00,5,9,9,1.0,3.0,5.0,0.0,0.0,1.0,1,1,7,0,7,0,12.0,230.0,200.0,458.0,12.0,3.0,7.43,roster,0,32.0,22.5,0.3232,16.03,1.2785,0.225,0.1346,3.5556,19.3,6.08,0.0,10.65,11.45
2020-11-10 06:00:00,6,10,10,1.0,3.0,6.0,0.0,0.0,1.0,2,1,8,0,8,0,13.0,279.5,260.0,518.0,13.0,3.0,7.43,roster,0,35.0,25.0,0.3646,20.44,1.3461,0.25,0.1346,3.5,21.45,6.95,0.0,12.04,12.95
2020-11-10 07:00:00,7,10,10,1.0,3.0,6.0,0.0,0.0,1.0,2,1,8,0,8,0,14.0,339.5,320.0,578.0,14.0,3.0,7.43,roster,0,35.0,25.0,0.3646,21.83,1.3461,0.25,0.1346,3.5,21.45,6.95,0.0,13.44,14.45
2020-11-10 08:00:00,8,12,12,1.0,4.0,7.0,0.0,0.0,1.0,4,4,7,0,7,0,15.0,410.0,284.0,638.0,15.0,3.0,6.59,roster,0,42.0,30.0,0.4242,26.65,3.1744,0.3,0.607,3.5,25.74,6.08,0.0,14.83,15.95
2020-11-10 09:00:00,9,17,17,1.0,4.0,9.0,3.0,0.0,1.0,6,6,6,1,7,1,11.633,449.0,252.0,529.0,11.633,3.0,6.59,roster,0,54.0,42.5,0.5455,48.24,4.2421,0.425,0.9105,3.1765,36.46,6.08,13.4,12.3,13.225
2020-11-10 10:00:00,10,14,14,0.0,4.0,6.0,4.0,0.0,1.0,3,3,4,1,5,1,12.633,312.0,123.0,530.0,12.633,4.0,9.93,roster,0,42.0,35.0,0.3,40.09,1.9563,0.35,0.3021,3.0,30.03,4.34,13.4,12.32,13.25
2020-11-10 11:00:00,11,11,11,0.0,3.0,6.0,2.0,0.0,1.0,3,3,4,1,5,1,13.633,372.0,183.0,590.0,13.633,4.0,9.93,roster,0,34.0,27.5,0.2429,35.05,1.7838,0.275,0.3021,3.0909,23.6,4.34,13.4,13.72,14.75
2020-11-10 12:00:00,12,16,16,0.0,3.0,11.0,2.0,0.0,1.0,6,6,4,2,6,2,14.633,337.5,135.0,650.0,14.633,4.0,9.93,roster,0,49.0,40.0,0.3603,61.44,3.0755,0.4,0.6042,3.0625,34.32,5.21,26.8,15.11,16.25
2020-11-10 13:00:00,13,16,16,0.0,4.0,11.0,1.0,0.0,1.0,6,6,3,1,4,1,15.633,601.0,492.0,938.0,15.633,4.0,9.93,roster,0,51.0,40.0,0.3542,53.0,3.201,0.4,0.6042,3.1875,34.32,3.47,13.4,21.81,23.45
2020-11-10 14:00:00,14,21,21,0.0,3.0,16.0,2.0,0.0,1.0,10,9,2,1,3,1,9.2,188.0,69.0,552.0,9.2,4.0,9.93,roster,0,64.0,52.5,0.4324,53.88,4.3622,0.525,0.9063,3.0476,45.04,2.6,13.4,12.83,13.8
2020-11-10 15:00:00,15,18,18,0.0,4.0,13.0,1.0,0.0,1.0,6,6,5,1,6,1,10.2,119.0,105.0,248.0,10.2,4.0,9.93,roster,0,57.0,45.0,0.4191,42.99,3.3384,0.45,0.6042,3.1667,38.61,5.21,13.4,5.77,6.2
2020-11-10 16:00:00,16,18,18,0.0,4.0,14.0,0.0,0.0,1.0,5,4,7,1,8,1,5.133,156.0,78.0,189.0,5.133,4.0,9.93,roster,0,58.0,45.0,0.4531,43.35,2.748,0.45,0.4028,3.2222,38.61,6.95,13.4,4.39,4.725
2020-11-10 17:00:00,17,22,22,0.0,4.0,18.0,0.0,0.0,1.0,8,8,6,1,7,1,6.133,225.0,133.0,249.0,6.133,4.0,9.93,roster,0,70.0,55.0,0.5303,52.46,4.3134,0.55,0.8056,3.1818,47.19,6.08,13.4,5.79,6.225
2020-11-10 18:00:00,18,18,18,0.0,4.0,14.0,0.0,0.0,1.0,3,2,4,2,6,2,7.133,278.0,182.0,309.0,7.133,4.0,9.93,roster,0,58.0,45.0,0.4265,57.8,2.099,0.45,0.2014,3.2222,38.61,5.21,26.8,7.18,7.725
2020-11-10 19:00:00,19,17,17,1.0,0.0,16.0,0.0,0.0,1.0,5,5,2,1,3,1,8.133,349.0,327.0,488.0,8.133,4.0,9.93,roster,0,53.0,42.5,0.3581,43.82,2.8948,0.425,0.5035,3.1176,36.46,2.6,13.4,11.35,12.2
2020-11-10 20:00:00,20,14,14,2.0,1.0,11.0,0.0,0.0,1.0,6,5,0,2,2,2,9.133,324.0,100.0,548.0,9.133,4.0,11.07,roster,0,47.0,35.0,0.3092,51.31,2.6913,0.35,0.4517,3.3571,30.03,1.74,26.8,12.74,13.7
2020-11-10 21:00:00,21,21,21,2.0,3.0,15.0,1.0,0.0,1.0,9,9,1,2,3,2,6.867,91.0,61.0,160.0,2.667,4.0,11.07,roster,0,69.0,52.5,0.4662,58.17,4.3963,0.525,0.813,3.2857,45.04,2.6,26.8,3.72,4.0
2020-11-10 22:00:00,22,17,17,1.0,2.0,13.0,1.0,0.0,1.0,8,6,2,1,3,1,7.867,121.0,115.0,151.0,2.517,3.0,7.73,roster,0,54.0,42.5,0.4865,35.98,3.8156,0.425,0.7762,3.1765,36.46,2.6,13.4,3.51,3.775
2020-11-10 23:00:00,23,16,16,1.0,3.0,12.0,0.0,0.0,1.0,8,6,2,1,3,1,8.867,181.0,175.0,211.0,3.517,3.0,7.73,roster,0,53.0,40.0,0.4775,35.23,3.8962,0.4,0.7762,3.3125,34.32,2.6,13.4,4.91,5.275
2020-11-11 00:00:00,0,17,17,2.0,3.0,12.0,0.0,0.0,1.0,6,6,4,0,4,0,9.867,163.5,92.0,271.0,4.517,3.0,7.73,roster,0,58.0,42.5,0.537,26.24,4.0982,0.425,0.7762,3.4118,36.46,3.47,0.0,6.3,6.775
2020-11-11 01:00:00,1,23,23,3.0,6.0,14.0,0.0,0.0,1.0,8,7,6,0,6,0,10.867,142.0,82.0,295.0,5.517,3.0,7.73,roster,0,81.0,57.5,0.7941,41.4,5.2142,0.575,0.9056,3.5217,49.33,5.21,0.0,6.86,7.375
2020-11-11 02:00:00,2,19,19,3.0,6.0,10.0,0.0,0.0,1.0,4,3,8,0,8,0,11.867,167.0,128.0,355.0,6.517,3.0,7.73,roster,0,69.0,47.5,0.7188,35.96,3.1344,0.475,0.3881,3.6316,40.75,6.95,0.0,8.25,8.875
2020-11-11 03:00:00,3,20,20,1.0,6.0,13.0,0.0,0.0,1.0,5,5,8,0,8,0,12.867,227.0,188.0,415.0,7.517,3.0,7.73,roster,0,68.0,50.0,0.7083,39.5,3.8992,0.5,0.6468,3.4,42.9,6.95,0.0,9.65,10.375
2020-11-11 04:00:00,4,18,18,1.0,6.0,11.0,0.0,0.0,1.0,1,1,10,0,10,0,13.867,255.0,189.0,332.0,8.517,3.0,7.73,roster,0,62.0,45.0,0.6889,35.01,1.9956,0.45,0.1294,3.4444,38.61,8.68,0.0,7.72,8.3
2020-11-11 05:00:00,5,20,20,2.0,7.0,10.0,0.0,1.0,1.0,4,4,10,0,10,0,14.867,315.0,249.0,392.0,9.517,3.0,7.73,roster,0,69.0,50.0,0.7667,40.7,3.5103,0.5,0.5175,3.45,42.9,8.68,0.0,9.11,9.8
2020-11-11 06:00:00,6,18,18,1.0,8.0,8.0,0.0,1.0,1.0,2,2,10,0,10,0,15.867,375.0,309.0,452.0,10.517,3.0,7.73,roster,0,62.0,45.0,0.6889,37.8,2.4412,0.45,0.2587,3.4444,38.61,8.68,0.0,10.51,11.3
2020-11-11 07:00:00,7,19,19,1.0,8.0,9.0,0.0,1.0,1.0,1,1,12,0,12,0,16.867,400.5,273.0,512.0,11.517,3.0,7.73,roster,0,65.0,47.5,0.7738,43.08,2.0676,0.475,0.1294,3.4211,40.75,10.42,0.0,11.9,12.8
2020-11-11 08:00:00,8,24,24,1.0,9.0,13.0,0.0,1.0,1.0,7,7,13,0,13,0,17.867,433.0,309.0,552.0,12.517,3.0,7.04,roster,0,81.0,60.0,1.0,55.6,5.3808,0.6,0.9943,3.375,51.48,11.29,0.0,12.83,13.8
2020-11-11 09:00:00,9,18,18,0.0,4.0,13.0,0.0,1.0,1.0,3,3,6,0,6,0,18.867,189.5,156.0,369.0,13.517,3.0,7.04,roster,0,56.0,45.0,0.549,32.4,2.7258,0.45,0.4261,3.1111,38.61,5.21,0.0,8.58,9.225
2020-11-11 10:00:00,10,25,25,0.0,5.0,19.0,0.0,1.0,1.0,9,8,7,0,7,0,19.867,216.0,81.0,257.0,7.15,4.0,10.38,roster,0,78.0,62.5,0.5909,45.68,4.3546,0.625,0.7707,3.12,53.62,6.08,0.0,5.98,6.425
2020-11-11 11:00:00,11,24,24,0.0,4.0,19.0,0.0,1.0,1.0,7,7,6,0,6,0,20.867,182.0,132.0,302.0,8.15,4.0,10.38,roster,0,74.0,60.0,0.5441,43.71,3.9293,0.6,0.6744,3.0833,51.48,5.21,0.0,7.02,7.55
2020-11-11 12:00:00,12,21,21,0.0,3.0,16.0,1.0,1.0,1.0,4,5,7,0,7,0,16.467,192.0,110.0,283.0,6.033,4.0,10.38,roster,0,63.0,52.5,0.4773,37.7,3.0201,0.525,0.4817,3.0,45.04,6.08,0.0,6.58,7.075
2020-11-11 13:00:00,13,19,19,0.0,4.0,13.0,1.0,1.0,1.0,5,5,7,0,7,0,8.4,252.0,102.0,343.0,7.033,4.0,10.38,roster,0,58.0,47.5,0.4394,34.81,2.9204,0.475,0.4817,3.0526,40.75,6.08,0.0,7.97,8.575
2020-11-11 14:00:00,14,15,15,1.0,3.0,11.0,0.0,0.0,1.0,7,5,6,0,6,0,8.033,155.0,116.0,312.0,8.033,4.0,10.38,roster,0,50.0,37.5,0.3676,24.64,2.8557,0.375,0.4817,3.3333,32.17,5.21,0.0,7.25,7.8
2020-11-11 15:00:00,15,17,17,1.0,3.0,13.0,0.0,0.0,1.0,5,5,6,0,6,0,9.033,165.5,85.0,372.0,9.033,4.0,10.38,roster,0,56.0,42.5,0.4118,30.32,2.9868,0.425,0.4817,3.2941,36.46,5.21,0.0,8.65,9.3
2020-11-11 16:00:00,16,16,16,2.0,4.0,10.0,0.0,0.0,1.0,5,5,6,1,7,1,10.033,207.0,101.0,432.0,10.033,4.0,10.38,roster,0,56.0,40.0,0.4242,43.84,3.0859,0.4,0.4817,3.5,34.32,6.08,13.4,10.04,10.8
2020-11-11 17:00:00,17,21,21,2.0,8.0,11.0,0.0,0.0,1.0,8,8,9,1,10,1,11.033,158.0,80.0,267.0,11.033,4.0,10.38,roster,0,75.0,52.5,0.625,53.34,4.6275,0.525,0.7707,3.5714,45.04,8.68,13.4,6.21,6.675
2020-11-11 18:00:00,18,27,27,2.0,8.0,17.0,0.0,0.0,1.0,8,7,10,1,11,1,12.033,215.0,135.0,327.0,12.033,4.0,10.38,roster,0,93.0,67.5,0.8017,68.47,4.6478,0.675,0.6744,3.4444,57.92,9.55,13.4,7.6,8.175
2020-11-11 19:00:00,19,25,25,2.0,7.0,15.0,1.0,0.0,1.0,6,6,9,0,9,0,7.067,200.0,182.0,281.0,7.067,4.0,10.38,roster,0,85.0,62.5,0.6855,47.97,4.0903,0.625,0.578,3.4,53.62,7.81,0.0,6.53,7.025
2020-11-11 20:00:00,20,24,24,1.0,7.0,15.0,1.0,0.0,1.0,10,9,5,2,7,2,7.55,156.0,105.0,260.0,5.683,4.0,10.77,roster,0,80.0,60.0,0.6061,70.4,4.7855,0.6,0.8357,3.3333,51.48,6.08,26.8,6.04,6.5
2020-11-11 21:00:00,21,20,20,1.0,7.0,11.0,1.0,0.0,1.0,2,2,5,2,7,2,8.55,195.0,125.0,320.0,6.683,4.0,10.77,roster,0,68.0,50.0,0.5152,63.22,2.3314,0.5,0.1857,3.4,42.9,6.08,26.8,7.44,8.0
2020-11-11 22:00:00,22,19,19,1.0,7.0,10.0,1.0,0.0,1.0,5,6,4,2,6,2,9.55,205.0,126.0,255.0,7.683,3.0,7.43,roster,0,65.0,47.5,0.6373,58.69,4.3876,0.475,0.8075,3.4211,40.75,5.21,26.8,5.93,6.375
2020-11-11 23:00:00,23,16,16,1.0,3.0,10.0,2.0,0.0,1.0,3,2,6,1,7,1,9.5,186.0,101.0,315.0,8.683,3.0,7.43,roster,0,51.0,40.0,0.5152,41.12,2.133,0.4,0.2692,3.1875,34.32,6.08,13.4,7.32,7.875
2020-11-12 00:00:00,0,15,15,1.0,3.0,10.0,1.0,0.0,1.0,4,4,5,1,6,1,10.5,295.5,180.0,375.0,9.683,3.0,7.43,roster,0,49.0,37.5,0.4804,39.5,2.9836,0.375,0.5384,3.2667,32.17,5.21,13.4,8.72,9.375
2020-11-12 01:00:00,1,20,20,1.0,3.0,15.0,1.0,0.0,1.0,8,7,6,1,7,1,11.5,306.0,221.0,435.0,10.683,3.0,7.43,roster,0,64.0,50.0,0.6465,52.49,4.6148,0.5,0.9421,3.2,42.9,6.08,13.4,10.11,10.875
2020-11-12 02:00:00,2,20,20,1.0,3.0,15.0,1.0,0.0,1.0,3,3,8,1,9,1,12.5,300.0,160.0,465.0,11.683,3.0,7.43,roster,0,64.0,50.0,0.6882,54.93,2.8921,0.5,0.4038,3.2,42.9,7.81,13.4,10.81,11.625
2020-11-12 03:00:00,3,18,18,2.0,3.0,12.0,1.0,0.0,1.0,2,2,8,1,9,1,13.5,360.0,220.0,525.0,12.683,3.0,7.43,roster,0,60.0,45.0,0.6452,52.03,2.3973,0.45,0.2692,3.3333,38.61,7.81,13.4,12.21,13.125
2020-11-12 04:00:00,4,17,17,1.0,3.0,12.0,1.0,0.0,1.0,5,1,9,1,10,1,14.5,410.5,223.0,585.0,13.683,3.0,7.43,roster,0,55.0,42.5,0.6111,52.15,1.8104,0.425,0.1346,3.2353,36.46,8.68,13.4,13.6,14.625
2020-11-12 05:00:00,5,19,19,1.0,3.0,14.0,1.0,0.0,1.0,3,3,9,1,10,1,15.5,470.5,283.0,645.0,14.683,3.0,7.43,roster,0,61.0,47.5,0.6778,57.83,2.8213,0.475,0.4038,3.2105,40.75,8.68,13.4,15.0,16.125
2020-11-12 06:00:00,6,22,22,1.0,3.0,17.0,1.0,0.0,1.0,3,3,10,1,11,1,16.5,521.0,307.0,705.0,15.683,3.0,7.43,roster,0,70.0,55.0,0.8046,66.53,3.0347,0.55,0.4038,3.1818,47.19,9.55,13.4,16.39,17.625
2020-11-12 07:00:00,7,26,26,1.0,4.0,20.0,1.0,0.0,1.0,5,5,11,1,12,1,17.5,520.5,367.0,765.0,16.683,3.0,7.43,roster,0,83.0,65.0,0.9881,77.38,4.2233,0.65,0.6729,3.1923,55.77,10.42,13.4,17.79,19.125
2020-11-12 08:00:00,8,26,26,1.0,4.0,20.0,1.0,0.0,1.0,3,3,13,2,15,2,18.5,463.0,157.0,726.0,17.683,3.0,6.38,roster,0,83.0,65.0,1.1067,92.47,3.5761,0.65,0.4702,3.1923,55.77,13.02,26.8,16.88,18.15
2020-11-12 09:00:00,9,24,24,1.0,6.0,16.0,1.0,0.0,1.0,4,4,12,1,13,1,19.5,384.0,147.0,701.0,18.683,3.0,6.38,roster,0,79.0,60.0,0.9753,72.47,4.0387,0.6,0.627,3.2917,51.48,11.29,13.4,16.3,17.525
2020-11-12 10:00:00,10,23,23,1.0,7.0,14.0,1.0,0.0,1.0,5,4,12,3,15,3,20.5,207.0,103.0,583.0,19.683,4.0,9.63,roster,0,77.0,57.5,0.77,96.11,3.3156,0.575,0.4154,3.3478,49.33,13.02,40.2,13.55,14.575
2020-11-12 11:00:00,11,26,26,1.0,6.0,18.0,1.0,0.0,1.0,5,5,12,4,16,4,21.5,224.5,142.0,643.0,20.683,4.0,9.63,roster,0,85.0,65.0,0.8854,118.21,3.8224,0.65,0.5192,3.2692,55.77,13.89,53.6,14.95,16.075
2020-11-12 12:00:00,12,23,23,1.0,3.0,19.0,0.0,0.0,1.0,7,6,12,1,13,1,22.5,262.0,155.0,667.0,21.683,4.0,9.63,roster,0,74.0,57.5,0.6852,69.53,3.8546,0.575,0.6231,3.2174,49.33,11.29,13.4,15.51,16.675
2020-11-12 13:00:00,13,21,21,1.0,4.0,16.0,0.0,0.0,1.0,2,2,11,1,12,1,23.5,349.0,180.0,763.0,22.683,4.0,9.63,roster,0,69.0,52.5,0.6161,66.6,2.4074,0.525,0.2077,3.2857,45.04,10.42,13.4,17.74,19.075
2020-11-12 14:00:00,14,28,28,2.0,6.0,20.0,0.0,0.0,1.0,9,9,10,2,12,2,24.5,409.0,240.0,823.0,23.683,4.0,9.63,roster,0,94.0,70.0,0.8393,96.41,5.4875,0.7,0.9346,3.3571,60.06,10.42,26.8,19.13,20.575
2020-11-12 15:00:00,15,30,30,2.0,7.0,21.0,0.0,0.0,1.0,11,11,9,2,11,2,25.5,335.0,126.0,883.0,24.683,4.0,9.63,roster,0,101.0,75.0,0.8707,101.23,6.3706,0.75,1.1423,3.3667,64.35,9.55,26.8,20.53,22.075
2020-11-12 16:00:00,16,25,25,1.0,5.0,19.0,0.0,0.0,1.0,4,5,10,2,12,2,25.683,325.5,126.0,680.0,25.683,4.0,9.63,roster,0,82.0,62.5,0.7321,86.65,3.753,0.625,0.5192,3.28,53.62,10.42,26.8,15.81,17.0
2020-11-12 17:00:00,17,24,24,1.0,4.0,19.0,0.0,0.0,1.0,6,7,8,1,9,1,12.333,186.0,145.0,420.0,12.333,4.0,9.63,roster,0,78.0,60.0,0.629,62.46,4.3124,0.6,0.7269,3.25,51.48,7.81,13.4,9.76,10.5
2020-11-12 18:00:00,18,23,23,1.0,8.0,14.0,0.0,0.0,1.0,10,9,6,1,7,1,8.0,237.0,110.0,411.0,8.0,4.0,9.63,roster,0,79.0,57.5,0.5985,58.37,5.1851,0.575,0.9346,3.4348,49.33,6.08,13.4,9.56,10.275
2020-11-12 19:00:00,19,26,26,1.0,10.0,15.0,0.0,0.0,1.0,7,6,10,1,11,1,9.0,170.0,110.0,306.0,9.0,4.0,9.63,roster,0,90.0,65.0,0.7759,65.84,4.4067,0.65,0.6231,3.4615,55.77,9.55,13.4,7.11,7.65
2020-11-12 20:00:00,20,25,25,0.0,8.0,17.0,0.0,0.0,1.0,12,12,7,0,7,0,10.0,170.0,106.0,366.0,10.0,4.0,10.05,roster,0,83.0,62.5,0.6288,48.21,6.0392,0.625,1.194,3.32,53.62,6.08,0.0,8.51,9.15
2020-11-12 21:00:00,21,20,20,1.0,8.0,11.0,0.0,0.0,1.0,7,6,5,2,7,2,11.0,191.0,81.0,426.0,11.0,4.0,10.05,roster,0,70.0,50.0,0.5303,65.68,3.8396,0.5,0.597,3.5,42.9,6.08,26.8,9.9,10.65
2020-11-12 22:00:00,22,17,17,1.0,5.0,11.0,0.0,0.0,1.0,4,4,4,1,5,1,12.0,133.0,108.0,486.0,12.0,3.0,6.8,roster,0,58.0,42.5,0.5524,45.51,3.4569,0.425,0.5882,3.4118,36.46,4.34,13.4,11.3,12.15
2020-11-12 23:00:00,23,20,20,1.0,4.0,14.0,1.0,0.0,1.0,6,6,6,1,7,1,13.0,168.0,114.0,546.0,13.0,3.0,6.8,roster,0,65.0,50.0,0.6566,55.07,4.4926,0.5,0.8824,3.25,42.9,6.08,13.4,12.69,13.65
2020-11-13 00:00:00,0,12,12,1.0,3.0,7.0,1.0,0.0,1.0,2,2,5,1,6,1,14.0,229.5,174.0,606.0,14.0,3.0,6.8,roster,0,40.0,30.0,0.3922,38.44,1.9804,0.3,0.2941,3.3333,25.74,5.21,13.4,14.09,15.15
2020-11-13 01:00:00,1,17,17,1.0,5.0,10.0,1.0,0.0,1.0,6,5,6,1,7,1,15.0,266.0,206.0,666.0,15.0,3.0,6.8,roster,0,57.0,42.5,0.5758,51.43,3.8904,0.425,0.7353,3.3529,36.46,6.08,13.4,15.48,16.65
2020-11-13 02:00:00,2,17,17,1.0,5.0,10.0,1.0,0.0,1.0,2,2,7,1,8,1,16.0,310.0,266.0,726.0,16.0,3.0,6.8,roster,0,57.0,42.5,0.5938,53.69,2.4112,0.425,0.2941,3.3529,36.46,6.95,13.4,16.88,18.15
2020-11-13 03:00:00,3,17,17,1.0,5.0,10.0,1.0,0.0,1.0,3,1,8,1,9,1,17.0,354.0,208.0,433.0,17.0,3.0,6.8,roster,0,57.0,42.5,0.6129,47.75,1.9181,0.425,0.1471,3.3529,36.46,7.81,13.4,10.07,10.825
2020-11-13 04:00:00,4,19,19,1.0,6.0,10.0,2.0,0.0,1.0,4,4,8,1,9,1,18.0,414.0,268.0,493.0,18.0,3.0,6.8,roster,0,63.0,47.5,0.6774,53.43,3.5255,0.475,0.5882,3.3158,40.75,7.81,13.4,11.46,12.325
2020-11-13 05:00:00,5,21,21,1.0,7.0,11.0,2.0,0.0,1.0,4,4,9,1,10,1,19.0,460.0,259.0,553.0,19.0,3.0,6.8,roster,0,70.0,52.5,0.7778,59.99,3.7108,0.525,0.5882,3.3333,45.04,8.68,13.4,12.86,13.825
2020-11-13 06:00:00,6,20,20,2.0,7.0,10.0,1.0,0.0,1.0,3,1,11,1,12,1,20.0,447.0,244.0,613.0,20.0,3.0,6.8,roster,0,70.0,50.0,0.8333,60.97,2.2647,0.5,0.1471,3.5,42.9,10.42,13.4,14.25,15.325
2020-11-13 07:00:00,7,22,22,2.0,8.0,11.0,1.0,0.0,1.0,2,2,11,1,12,1,21.0,507.0,304.0,673.0,21.0,3.0,6.8,roster,0,77.0,55.0,0.9167,66.66,2.9544,0.55,0.2941,3.5,47.19,10.42,13.4,15.65,16.825
2020-11-13 08:00:00,8,22,22,2.0,7.0,13.0,0.0,0.0,1.0,3,3,11,1,12,1,22.0,567.0,364.0,733.0,22.0,3.0,6.6,roster,0,77.0,55.0,0.9167,68.05,3.5159,0.55,0.4545,3.5,47.19,10.42,13.4,17.04,18.325
2020-11-13 09:00:00,9,23,23,2.0,6.0,15.0,0.0,0.0,1.0,8,6,7,1,8,1,23.0,627.0,424.0,1146.0,23.0,3.0,6.6,roster,0,79.0,57.5,0.8229,76.33,5.0975,0.575,0.9091,3.4348,49.33,6.95,13.4,26.64,28.65
2020-11-13 10:00:00,10,30,30,3.0,7.0,19.0,1.0,0.0,1.0,10,9,7,2,9,2,24.0,628.0,354.0,853.0,24.0,4.0,9.85,roster,0,102.0,75.0,0.8226,98.8,5.6566,0.75,0.9137,3.4,64.35,7.81,26.8,19.83,21.325
2020-11-13 11:00:00,11,37,37,3.0,9.0,25.0,0.0,0.0,1.0,11,11,9,2,11,2,25.0,414.0,112.0,913.0,25.0,4.0,9.85,roster,0,126.0,92.5,1.0862,116.94,6.953,0.925,1.1168,3.4054,79.36,9.55,26.8,21.23,22.825
2020-11-13 12:00:00,12,36,36,0.0,11.0,25.0,0.0,0.0,1.0,5,5,11,4,15,4,22.1,172.0,100.0,748.0,22.1,4.0,9.85,roster,0,119.0,90.0,1.19,141.24,4.6529,0.9,0.5076,3.3056,77.22,13.02,53.6,17.39,18.7
2020-11-13 13:00:00,13,34,34,0.0,12.0,21.0,1.0,0.0,1.0,7,7,9,5,14,5,17.217,173.5,149.0,252.0,17.217,4.0,9.85,roster,0,113.0,85.0,1.0865,137.95,5.1869,0.85,0.7107,3.3235,72.93,12.16,67.0,5.86,6.3
2020-11-13 14:00:00,14,30,30,0.0,11.0,18.0,1.0,0.0,1.0,3,3,9,4,13,4,18.217,239.0,209.0,312.0,18.217,4.0,9.85,roster,0,100.0,75.0,0.9259,116.49,3.5152,0.75,0.3046,3.3333,64.35,11.29,53.6,7.25,7.8
2020-11-13 15:00:00,15,28,28,0.0,10.0,16.0,2.0,0.0,1.0,7,7,7,4,11,4,19.217,280.0,187.0,627.0,19.217,4.0,9.85,roster,0,92.0,70.0,0.7931,117.79,4.635,0.7,0.7107,3.2857,60.06,9.55,53.6,14.58,15.675
2020-11-13 16:00:00,16,22,22,0.0,10.0,12.0,0.0,0.0,1.0,6,6,8,3,11,3,20.217,247.0,115.0,359.0,20.217,4.0,9.85,roster,0,76.0,55.0,0.6552,85.29,4.0043,0.55,0.6091,3.4545,47.19,9.55,40.2,8.35,8.975
2020-11-13 17:00:00,17,24,24,0.0,7.0,17.0,0.0,0.0,1.0,7,8,8,3,11,3,21.217,307.0,162.0,419.0,21.217,4.0,9.85,roster,0,79.0,60.0,0.681,90.97,4.6484,0.6,0.8122,3.2917,51.48,9.55,40.2,9.74,10.475
2020-11-13 18:00:00,18,24,24,0.0,6.0,17.0,1.0,0.0,1.0,6,6,10,2,12,2,22.217,264.0,216.0,479.0,22.217,4.0,9.85,roster,0,77.0,60.0,0.6875,79.84,3.8793,0.6,0.6091,3.2083,51.48,10.42,26.8,11.14,11.975
2020-11-13 19:00:00,19,18,18,0.0,6.0,11.0,1.0,0.0,1.0,0,0,9,4,13,4,23.217,180.0,119.0,515.0,23.217,4.0,9.85,roster,0,59.0,45.0,0.5463,95.47,1.475,0.45,0.0,3.2778,38.61,11.29,53.6,11.97,12.875
2020-11-13 20:00:00,20,20,20,0.0,5.0,13.0,2.0,0.0,1.0,8,8,4,3,7,3,15.067,179.0,151.0,240.0,9.583,4.0,9.9,roster,0,63.0,50.0,0.4773,74.76,4.1205,0.5,0.8081,3.15,42.9,6.08,40.2,5.58,6.0
2020-11-13 21:00:00,21,20,20,0.0,3.0,14.0,3.0,0.0,1.0,9,7,5,3,8,3,10.583,141.0,91.0,239.0,10.583,4.0,9.9,roster,0,60.0,50.0,0.4688,75.6,3.6212,0.5,0.7071,3.0,42.9,6.95,40.2,5.56,5.975
2020-11-13 22:00:00,22,21,21,0.0,1.0,18.0,2.0,0.0,1.0,5,6,5,2,7,2,4.983,151.0,130.0,244.0,4.983,3.0,6.65,roster,0,62.0,52.5,0.6263,63.6,4.2138,0.525,0.9023,2.9524,45.04,6.08,26.8,5.67,6.1
2020-11-13 23:00:00,23,17,17,0.0,1.0,14.0,2.0,0.0,1.0,7,7,3,1,4,1,5.983,207.0,196.0,359.0,5.983,3.0,6.65,roster,0,50.0,42.5,0.463,41.68,4.346,0.425,1.0526,2.9412,36.46,3.47,13.4,8.35,8.975
2020-11-14 00:00:00,0,19,19,0.0,3.0,14.0,2.0,0.0,1.0,6,5,4,2,6,2,6.983,253.0,83.0,278.0,6.983,3.0,6.65,roster,0,58.0,47.5,0.5686,59.23,3.7452,0.475,0.7519,3.0526,40.75,5.21,26.8,6.46,6.95
2020-11-14 01:00:00,1,19,19,1.0,4.0,12.0,2.0,0.0,1.0,4,4,6,2,8,2,7.983,226.5,122.0,338.0,7.983,3.0,6.65,roster,0,61.0,47.5,0.6354,62.36,3.4561,0.475,0.6015,3.2105,40.75,6.95,26.8,7.86,8.45
2020-11-14 02:00:00,2,19,19,1.0,5.0,11.0,2.0,0.0,1.0,3,3,7,3,10,3,6.817,171.0,109.0,370.0,6.633,3.0,6.65,roster,0,62.0,47.5,0.6889,78.24,3.0221,0.475,0.4511,3.2632,40.75,8.68,40.2,8.6,9.25
2020-11-14 03:00:00,3,19,19,2.0,4.0,11.0,2.0,0.0,1.0,2,2,9,2,11,2,7.633,206.0,123.0,430.0,7.633,3.0,6.65,roster,0,63.0,47.5,0.7241,67.1,2.5722,0.475,0.3008,3.3158,40.75,9.55,26.8,10.0,10.75
2020-11-14 04:00:00,4,18,18,1.0,4.0,11.0,2.0,0.0,1.0,3,3,10,1,11,1,8.633,266.0,169.0,490.0,8.633,3.0,6.65,roster,0,58.0,45.0,0.6667,52.95,2.9036,0.45,0.4511,3.2222,38.61,9.55,13.4,11.39,12.25
2020-11-14 05:00:00,5,20,20,1.0,4.0,13.0,2.0,0.0,1.0,3,4,11,1,12,1,9.633,307.5,229.0,550.0,9.633,3.0,6.65,roster,0,64.0,50.0,0.7619,59.51,3.5248,0.5,0.6015,3.2,42.9,10.42,13.4,12.79,13.75
2020-11-14 06:00:00,6,21,21,1.0,3.0,15.0,2.0,0.0,1.0,2,2,13,1,14,1,10.633,326.0,180.0,422.0,10.633,3.0,6.65,roster,0,66.0,52.5,0.8462,60.41,2.5952,0.525,0.3008,3.1429,45.04,12.16,13.4,9.81,10.55
2020-11-14 07:00:00,7,22,22,1.0,3.0,16.0,2.0,0.0,1.0,2,1,13,1,14,1,11.633,386.0,240.0,482.0,11.633,3.0,6.65,roster,0,69.0,55.0,0.8846,63.95,2.1966,0.55,0.1504,3.1364,47.19,12.16,13.4,11.21,12.05
2020-11-14 08:00:00,8,20,20,1.0,5.0,14.0,0.0,0.0,1.0,2,2,12,1,13,1,12.267,423.0,300.0,520.0,12.267,3.0,7.46,roster,0,67.0,50.0,0.8272,59.68,2.5731,0.5,0.2681,3.35,42.9,11.29,13.4,12.09,13.0
2020-11-14 09:00:00,9,19,19,1.0,7.0,11.0,0.0,0.0,1.0,6,6,10,1,11,1,13.167,360.0,247.0,566.0,13.167,3.0,7.46,roster,0,66.0,47.5,0.7586,56.87,4.4438,0.475,0.8043,3.4737,40.75,9.55,13.4,13.16,14.15
2020-11-14 10:00:00,10,23,23,1.0,8.0,14.0,0.0,0.0,1.0,9,8,9,1,10,1,14.167,393.5,307.0,626.0,14.167,4.0,11.16,roster,0,79.0,57.5,0.6583,65.97,4.4372,0.575,0.7168,3.4348,49.33,8.68,13.4,14.55,15.65
2020-11-14 11:00:00,11,22,22,0.0,9.0,13.0,0.0,0.0,1.0,5,5,9,1,10,1,15.167,397.0,198.0,686.0,15.167,4.0,11.16,roster,0,75.0,55.0,0.625,65.22,3.4024,0.55,0.448,3.4091,47.19,8.68,13.4,15.95,17.15
2020-11-14 12:00:00,12,22,22,0.0,9.0,13.0,0.0,0.0,1.0,3,1,11,1,12,1,16.167,344.0,147.0,746.0,16.167,4.0,11.16,roster,0,75.0,55.0,0.6696,68.35,2.1805,0.55,0.0896,3.4091,47.19,10.42,13.4,17.34,18.65
2020-11-14 13:00:00,13,22,22,0.0,9.0,13.0,0.0,0.0,1.0,5,4,9,1,10,1,17.167,319.5,192.0,806.0,17.167,4.0,11.16,roster,0,75.0,55.0,0.625,68.01,3.0969,0.55,0.3584,3.4091,47.19,8.68,13.4,18.74,20.15
2020-11-14 14:00:00,14,26,26,1.0,11.0,13.0,1.0,0.0,1.0,12,10,5,1,6,1,14.667,322.5,252.0,783.0,14.667,4.0,11.16,roster,0,90.0,65.0,0.6618,72.58,5.3517,0.65,0.8961,3.4615,55.77,5.21,13.4,18.2,19.575
2020-11-14 15:00:00,15,25,25,0.0,6.0,19.0,0.0,0.0,1.0,10,8,6,0,6,0,15.667,319.5,100.0,438.0,15.667,4.0,11.16,roster,0,81.0,62.5,0.5956,49.02,4.3476,0.625,0.7168,3.24,53.62,5.21,0.0,10.18,10.95
2020-11-14 16:00:00,16,19,19,0.0,4.0,15.0,0.0,0.0,1.0,6,5,5,0,5,0,12.0,126.0,108.0,387.0,8.3,4.0,11.16,roster,0,61.0,47.5,0.4357,34.09,2.9634,0.475,0.448,3.2105,40.75,4.34,0.0,9.0,9.675
2020-11-14 17:00:00,17,17,17,0.0,4.0,13.0,0.0,0.0,1.0,3,3,7,1,8,1,13.0,151.0,74.0,447.0,9.3,4.0,11.16,roster,0,55.0,42.5,0.4297,47.2,2.2447,0.425,0.2688,3.2353,36.46,6.95,13.4,10.39,11.175
2020-11-14 18:00:00,18,21,21,2.0,4.0,15.0,0.0,0.0,1.0,7,7,8,1,9,1,14.0,134.0,125.0,228.0,10.3,4.0,11.16,roster,0,71.0,52.5,0.5726,51.56,3.8957,0.525,0.6272,3.381,45.04,7.81,13.4,5.3,5.7
2020-11-14 19:00:00,19,18,18,2.0,4.0,12.0,0.0,0.0,1.0,3,3,9,2,11,2,15.0,144.0,99.0,254.0,11.3,4.0,11.16,roster,0,62.0,45.0,0.5345,60.87,2.4759,0.45,0.2688,3.4444,38.61,9.55,26.8,5.91,6.35
2020-11-14 20:00:00,20,13,13,1.0,4.0,8.0,0.0,0.0,1.0,6,4,5,2,7,2,16.0,159.0,123.0,245.0,5.233,4.0,10.36,roster,0,45.0,32.5,0.3409,46.46,2.4615,0.325,0.3861,3.4615,27.88,6.08,26.8,5.7,6.125
2020-11-14 21:00:00,21,23,23,1.0,6.0,15.0,1.0,0.0,1.0,11,11,5,2,7,2,17.0,214.0,156.0,305.0,6.233,4.0,10.36,roster,0,76.0,57.5,0.5758,69.3,5.4085,0.575,1.0618,3.3043,49.33,6.08,26.8,7.09,7.625
2020-11-14 22:00:00,22,21,21,1.0,3.0,13.0,4.0,0.0,1.0,7,8,2,2,4,2,18.0,207.0,140.0,279.0,4.65,3.0,6.66,roster,0,64.0,52.5,0.5926,61.8,5.2608,0.525,1.2012,3.0476,45.04,3.47,26.8,6.49,6.975
2020-11-14 23:00:00,23,18,18,1.0,3.0,13.0,1.0,0.0,1.0,8,7,2,2,4,2,5.65,267.0,200.0,339.0,5.65,3.0,6.66,roster,0,58.0,45.0,0.537,56.76,4.8367,0.45,1.0511,3.2222,38.61,3.47,26.8,7.88,8.475
2020-11-15 00:00:00,0,23,23,0.0,2.0,16.0,4.0,1.0,1.0,11,10,3,1,4,1,6.65,241.0,222.0,399.0,6.65,3.0,6.66,roster,0,65.0,57.5,0.6019,55.48,5.8684,0.575,1.5015,2.8261,49.33,3.47,13.4,9.28,9.975
2020-11-15 01:00:00,1,20,20,0.0,1.0,16.0,3.0,0.0,1.0,3,2,3,0,3,0,7.65,320.0,158.0,459.0,7.65,3.0,6.66,roster,0,58.0,50.0,0.5225,36.18,2.3209,0.5,0.3003,2.9,42.9,2.6,0.0,10.67,11.475
2020-11-15 02:00:00,2,14,14,0.0,1.0,11.0,2.0,0.0,1.0,4,1,3,0,3,0,8.65,380.0,218.0,519.0,8.65,3.0,6.66,roster,0,41.0,35.0,0.3694,24.7,1.4647,0.35,0.1502,2.9286,30.03,2.6,0.0,12.07,12.975
2020-11-15 03:00:00,3,16,16,0.0,1.0,12.0,3.0,0.0,1.0,4,4,3,0,3,0,9.65,440.0,278.0,579.0,9.65,3.0,6.66,roster,0,46.0,40.0,0.4144,30.39,2.8767,0.4,0.6006,2.875,34.32,2.6,0.0,13.46,14.475
2020-11-15 04:00:00,4,15,15,0.0,1.0,12.0,2.0,0.0,1.0,2,2,4,0,4,0,10.65,419.0,338.0,639.0,10.65,3.0,6.66,roster,0,44.0,37.5,0.4074,30.5,1.9809,0.375,0.3003,2.9333,32.17,3.47,0.0,14.86,15.975
2020-11-15 05:00:00,5,15,15,0.0,1.0,12.0,2.0,0.0,1.0,2,2,4,0,4,0,11.65,479.0,398.0,699.0,11.65,3.0,6.66,roster,0,44.0,37.5,0.4074,31.9,1.9809,0.375,0.3003,2.9333,32.17,3.47,0.0,16.25,17.475
2020-11-15 06:00:00,6,14,14,0.0,1.0,11.0,2.0,0.0,1.0,2,2,4,0,4,0,12.65,539.0,458.0,759.0,12.65,3.0,6.66,roster,0,41.0,35.0,0.3796,31.15,1.9045,0.35,0.3003,2.9286,30.03,3.47,0.0,17.65,18.975
2020-11-15 07:00:00,7,17,17,1.0,1.0,13.0,2.0,0.0,1.0,4,4,4,0,4,0,13.65,599.0,518.0,819.0,13.65,3.0,6.66,roster,0,52.0,42.5,0.4815,38.98,3.1371,0.425,0.6006,3.0588,36.46,3.47,0.0,19.04,20.475
2020-11-15 08:00:00,8,18,18,1.0,2.0,13.0,2.0,0.0,1.0,5,5,6,0,6,0,14.65,460.5,111.0,740.0,14.65,3.0,6.5,roster,0,56.0,45.0,0.549,41.02,3.7932,0.45,0.7692,3.1111,38.61,5.21,0.0,17.21,18.5
2020-11-15 09:00:00,9,17,17,2.0,0.0,14.0,1.0,0.0,1.0,9,8,2,0,2,0,13.9,153.0,135.0,171.0,2.85,3.0,6.5,roster,0,54.0,42.5,0.4737,22.18,5.2595,0.425,1.2308,3.1765,36.46,1.74,0.0,3.98,4.275
2020-11-15 10:00:00,10,21,21,2.0,0.0,18.0,1.0,0.0,1.0,7,7,4,1,5,1,11.45,95.0,91.0,195.0,3.85,4.0,9.84,roster,0,66.0,52.5,0.4714,47.32,3.8858,0.525,0.7114,3.1429,45.04,4.34,13.4,4.53,4.875
2020-11-15 11:00:00,11,23,23,1.0,0.0,21.0,1.0,0.0,1.0,11,10,6,1,7,1,12.45,147.0,98.0,155.0,4.25,4.0,9.84,roster,0,70.0,57.5,0.5303,52.42,4.843,0.575,1.0163,3.0435,49.33,6.08,13.4,3.6,3.875
2020-11-15 12:00:00,12,23,23,1.0,0.0,20.0,2.0,0.0,1.0,14,10,3,1,4,1,13.45,182.5,158.0,211.0,3.517,4.0,9.84,roster,0,69.0,57.5,0.4792,51.11,4.7738,0.575,1.0163,3.0,49.33,3.47,13.4,4.91,5.275
2020-11-15 13:00:00,13,28,28,1.0,1.0,25.0,1.0,0.0,1.0,14,13,3,1,4,1,14.45,174.0,130.0,271.0,4.517,4.0,9.84,roster,0,86.0,70.0,0.5972,63.23,6.2078,0.7,1.3211,3.0714,60.06,3.47,13.4,6.3,6.775
2020-11-15 14:00:00,14,22,22,1.0,2.0,18.0,1.0,0.0,1.0,8,7,2,1,3,1,15.45,278.0,190.0,331.0,5.517,4.0,9.84,roster,0,69.0,55.0,0.4662,50.89,3.9562,0.55,0.7114,3.1364,47.19,2.6,13.4,7.7,8.275
2020-11-15 15:00:00,15,25,25,0.0,3.0,20.0,2.0,0.0,1.0,10,10,1,1,2,1,16.45,220.0,102.0,338.0,5.633,4.0,9.84,roster,0,76.0,62.5,0.5,56.62,4.9894,0.625,1.0163,3.04,53.62,1.74,13.4,7.86,8.45
2020-11-15 16:00:00,16,23,23,0.0,3.0,19.0,1.0,0.0,1.0,12,10,2,1,3,1,17.45,117.0,84.0,162.0,2.7,4.0,9.84,roster,0,71.0,57.5,0.4797,49.11,4.9122,0.575,1.0163,3.087,49.33,2.6,13.4,3.77,4.05
2020-11-15 17:00:00,17,14,14,0.0,4.0,9.0,1.0,0.0,1.0,11,8,2,1,3,1,4.8,177.0,80.0,222.0,3.7,4.0,9.84,roster,0,45.0,35.0,0.3041,31.2,3.7382,0.35,0.813,3.2143,30.03,2.6,13.4,5.16,5.55
2020-11-15 18:00:00,18,17,17,0.0,4.0,13.0,0.0,0.0,1.0,10,8,4,0,4,0,3.95,122.5,105.0,237.0,3.95,4.0,9.84,roster,0,55.0,42.5,0.3819,25.45,4.0053,0.425,0.813,3.2353,36.46,3.47,0.0,5.51,5.925
2020-11-15 19:00:00,19,16,16,0.0,4.0,12.0,0.0,0.0,1.0,9,7,4,0,4,0,3.333,153.5,142.0,200.0,3.333,4.0,9.84,roster,0,52.0,40.0,0.3611,22.44,3.612,0.4,0.7114,3.25,34.32,3.47,0.0,4.65,5.0
2020-11-15 20:00:00,20,18,18,0.0,3.0,15.0,0.0,0.0,1.0,10,7,4,0,4,0,4.033,137.5,98.0,225.0,3.75,4.0,9.94,roster,0,57.0,45.0,0.3958,27.31,3.655,0.45,0.7042,3.1667,38.61,3.47,0.0,5.23,5.625
2020-11-15 21:00:00,21,24,24,0.0,4.0,19.0,1.0,0.0,1.0,12,11,5,0,5,0,5.033,136.0,67.0,237.0,4.75,4.0,9.94,roster,0,75.0,60.0,0.5357,41.33,5.3332,0.6,1.1066,3.125,51.48,4.34,0.0,5.51,5.925
2020-11-15 22:00:00,22,23,23,0.0,3.0,20.0,0.0,0.0,1.0,11,10,4,0,4,0,5.783,161.5,127.0,297.0,4.95,3.0,6.6,roster,0,72.0,57.5,0.6667,39.71,6.5431,0.575,1.5152,3.1304,49.33,3.47,0.0,6.91,7.425
2020-11-15 23:00:00,23,25,25,0.0,4.0,21.0,0.0,0.0,1.0,13,13,5,0,5,0,6.783,187.0,182.0,256.0,5.95,3.0,6.6,roster,0,79.0,62.5,0.7524,43.92,8.1992,0.625,1.9697,3.16,53.62,4.34,0.0,5.95,6.4
2020-11-16 00:00:00,0,25,25,0.0,6.0,19.0,0.0,0.0,1.0,6,6,5,0,5,0,7.783,247.0,242.0,316.0,6.95,3.0,6.6,roster,0,81.0,62.5,0.7714,45.31,4.9705,0.625,0.9091,3.24,53.62,4.34,0.0,7.35,7.9
2020-11-16 01:00:00,1,21,21,0.0,6.0,15.0,0.0,0.0,1.0,4,4,6,0,6,0,8.783,263.5,85.0,307.0,6.267,3.0,6.6,roster,0,69.0,52.5,0.6765,37.39,3.7163,0.525,0.6061,3.2857,45.04,5.21,0.0,7.14,7.675
2020-11-16 02:00:00,2,19,19,0.0,5.0,14.0,0.0,0.0,1.0,1,1,8,0,8,0,9.783,215.0,124.0,367.0,7.267,3.0,6.6,roster,0,62.0,47.5,0.6458,36.23,2.0444,0.475,0.1515,3.2632,40.75,6.95,0.0,8.53,9.175
2020-11-16 03:00:00,3,18,18,0.0,3.0,15.0,0.0,0.0,1.0,2,2,8,0,8,0,10.783,275.0,184.0,427.0,8.267,3.0,6.6,roster,0,57.0,45.0,0.5938,35.48,2.3846,0.45,0.303,3.1667,38.61,6.95,0.0,9.93,10.675
2020-11-16 04:00:00,4,24,24,0.0,5.0,19.0,0.0,0.0,1.0,7,7,8,0,8,0,11.783,335.0,244.0,487.0,9.267,3.0,6.6,roster,0,77.0,60.0,0.8021,49.75,5.3278,0.6,1.0606,3.2083,51.48,6.95,0.0,11.32,12.175
2020-11-16 05:00:00,5,20,20,0.0,5.0,15.0,0.0,0.0,1.0,0,0,8,0,8,0,12.783,395.0,304.0,547.0,10.267,3.0,6.6,roster,0,65.0,50.0,0.6771,42.56,1.625,0.5,0.0,3.25,42.9,6.95,0.0,12.72,13.675
2020-11-16 06:00:00,6,19,19,0.0,5.0,14.0,0.0,0.0,1.0,1,1,8,0,8,0,13.783,455.0,364.0,607.0,11.267,3.0,6.6,roster,0,62.0,47.5,0.6458,41.81,2.0444,0.475,0.1515,3.2632,40.75,6.95,0.0,14.11,15.175
2020-11-16 07:00:00,7,16,16,0.0,3.0,13.0,0.0,0.0,1.0,2,1,8,0,8,0,14.783,515.0,424.0,667.0,12.267,3.0,6.6,roster,0,51.0,40.0,0.5312,36.77,1.758,0.4,0.1515,3.1875,34.32,6.95,0.0,15.51,16.675
2020-11-16 08:00:00,8,21,21,0.0,3.0,15.0,3.0,0.0,1.0,6,6,8,0,8,0,15.783,575.0,484.0,727.0,13.267,3.0,6.8,roster,0,63.0,52.5,0.6562,48.89,4.2221,0.525,0.8824,3.0,45.04,6.95,0.0,16.9,18.175
2020-11-16 09:00:00,9,30,30,1.0,3.0,24.0,2.0,0.0,1.0,13,14,8,0,8,0,16.783,554.5,520.0,782.0,14.267,3.0,6.8,roster,0,93.0,75.0,0.9688,69.48,8.7074,0.75,2.0588,3.1,64.35,6.95,0.0,18.18,19.55
2020-11-16 10:00:00,10,28,28,3.0,4.0,20.0,1.0,0.0,1.0,7,7,7,1,8,1,17.783,598.5,109.0,842.0,15.267,4.0,9.84,roster,0,93.0,70.0,0.7266,79.98,4.6878,0.7,0.7114,3.3214,60.06,6.95,13.4,19.58,21.05
2020-11-16 11:00:00,11,33,33,3.0,5.0,25.0,0.0,0.0,1.0,11,11,9,1,10,1,18.783,400.5,137.0,825.0,16.267,4.0,9.84,roster,0,110.0,82.5,0.9167,92.05,6.4763,0.825,1.1179,3.3333,70.78,8.68,13.4,19.18,20.625
2020-11-16 12:00:00,12,35,35,3.0,7.0,25.0,0.0,0.0,1.0,11,10,8,1,9,1,19.783,197.0,122.0,229.0,17.267,4.0,9.84,roster,0,118.0,87.5,0.9516,81.61,6.3762,0.875,1.0163,3.3714,75.08,7.81,13.4,5.32,5.725
2020-11-16 13:00:00,13,33,33,2.0,5.0,25.0,1.0,0.0,1.0,10,8,10,0,10,0,20.783,184.0,143.0,289.0,18.267,4.0,9.84,roster,0,107.0,82.5,0.8917,66.19,5.3111,0.825,0.813,3.2424,70.78,8.68,0.0,6.72,7.225
2020-11-16 14:00:00,14,28,28,1.0,5.0,22.0,0.0,0.0,1.0,8,6,8,0,8,0,21.783,240.5,153.0,349.0,19.267,4.0,9.84,roster,0,91.0,70.0,0.7109,55.12,4.2567,0.7,0.6098,3.25,60.06,6.95,0.0,8.11,8.725
2020-11-16 15:00:00,15,31,31,1.0,6.0,24.0,0.0,0.0,1.0,12,9,6,0,6,0,22.783,300.5,208.0,391.0,6.817,4.0,9.84,roster,0,101.0,77.5,0.7426,60.8,5.5049,0.775,0.9146,3.2581,66.5,5.21,0.0,9.09,9.775
2020-11-16 16:00:00,16,27,27,0.0,5.0,21.0,1.0,0.0,1.0,7,6,6,1,7,1,23.783,102.0,79.0,359.0,7.517,4.0,9.84,roster,0,85.0,67.5,0.6439,65.74,4.0446,0.675,0.6098,3.1481,57.92,6.08,13.4,8.35,8.975
2020-11-16 17:00:00,17,33,33,0.0,5.0,28.0,0.0,0.0,1.0,11,10,8,1,9,1,13.617,151.0,123.0,274.0,8.517,4.0,9.84,roster,0,104.0,82.5,0.8387,78.37,5.8028,0.825,1.0163,3.1515,70.78,7.81,13.4,6.37,6.85
2020-11-16 18:00:00,18,28,28,1.0,6.0,21.0,0.0,0.0,1.0,4,4,9,1,10,1,10.0,191.0,151.0,334.0,9.517,4.0,9.84,roster,0,92.0,70.0,0.7667,69.91,3.6357,0.7,0.4065,3.2857,60.06,8.68,13.4,7.77,8.35
2020-11-16 19:00:00,19,30,30,2.0,8.0,20.0,0.0,0.0,1.0,11,8,8,2,10,2,11.0,229.0,133.0,282.0,10.517,4.0,9.84,roster,0,102.0,75.0,0.85,86.39,5.3142,0.75,0.813,3.4,64.35,8.68,26.8,6.56,7.05
2020-11-16 20:00:00,20,26,26,1.0,7.0,18.0,0.0,0.0,1.0,6,7,8,1,9,1,12.0,193.0,118.0,303.0,7.567,4.0,9.67,roster,0,87.0,65.0,0.7016,64.03,4.5972,0.65,0.7239,3.3462,55.77,7.81,13.4,7.04,7.575
2020-11-16 21:00:00,21,29,29,0.0,8.0,21.0,0.0,0.0,1.0,10,10,7,1,8,1,13.0,243.5,178.0,379.0,8.567,4.0,9.67,roster,0,95.0,72.5,0.7422,71.36,5.7627,0.725,1.0341,3.2759,62.2,6.95,13.4,8.81,9.475
2020-11-16 22:00:00,22,29,29,0.0,8.0,20.0,1.0,0.0,1.0,7,7,7,2,9,2,14.0,294.0,99.0,423.0,9.567,3.0,6.63,roster,0,94.0,72.5,1.0108,86.65,5.7723,0.725,1.0558,3.2414,62.2,7.81,26.8,9.83,10.575
2020-11-16 23:00:00,23,23,23,1.0,6.0,16.0,0.0,0.0,1.0,8,5,6,1,7,1,15.0,354.0,159.0,499.0,10.567,3.0,6.63,roster,0,77.0,57.5,0.7778,60.41,4.4498,0.575,0.7541,3.3478,49.33,6.08,13.4,11.6,12.475
2020-11-17 00:00:00,0,30,30,1.0,7.0,22.0,0.0,0.0,1.0,9,8,7,2,9,2,16.0,219.0,117.0,414.0,11.567,3.0,6.63,roster,0,99.0,75.0,1.0645,88.59,6.4569,0.75,1.2066,3.3,64.35,7.81,26.8,9.63,10.35
2020-11-17 01:00:00,1,27,27,1.0,9.0,17.0,0.0,0.0,1.0,3,3,8,2,10,2,17.0,277.0,172.0,474.0,12.567,3.0,6.63,roster,0,92.0,67.5,1.0222,84.42,3.8418,0.675,0.4525,3.4074,57.92,8.68,26.8,11.02,11.85
2020-11-17 02:00:00,2,27,27,0.0,9.0,18.0,0.0,0.0,1.0,4,4,9,1,10,1,18.0,337.0,229.0,534.0,13.567,3.0,6.63,roster,0,90.0,67.5,1.0,72.41,4.2611,0.675,0.6033,3.3333,57.92,8.68,13.4,12.42,13.35
2020-11-17 03:00:00,3,22,22,0.0,9.0,13.0,0.0,0.0,1.0,2,2,9,1,10,1,19.0,397.0,289.0,594.0,14.567,3.0,6.63,roster,0,75.0,55.0,0.8333,63.08,2.9034,0.55,0.3017,3.4091,47.19,8.68,13.4,13.81,14.85
2020-11-17 04:00:00,4,21,21,0.0,8.0,13.0,0.0,0.0,1.0,3,3,9,1,10,1,20.0,457.0,349.0,654.0,15.567,3.0,6.63,roster,0,71.0,52.5,0.7889,62.33,3.3048,0.525,0.4525,3.381,45.04,8.68,13.4,15.21,16.35
2020-11-17 05:00:00,5,22,22,0.0,8.0,14.0,0.0,0.0,1.0,4,3,9,0,9,0,21.0,519.0,409.0,714.0,16.567,3.0,6.63,roster,0,74.0,55.0,0.7957,51.61,3.372,0.55,0.4525,3.3636,47.19,7.81,0.0,16.6,17.85
2020-11-17 06:00:00,6,21,21,0.0,8.0,13.0,0.0,0.0,1.0,2,2,9,0,9,0,22.0,579.0,469.0,774.0,17.567,3.0,6.63,roster,0,71.0,52.5,0.7634,50.86,2.7949,0.525,0.3017,3.381,45.04,7.81,0.0,18.0,19.35
2020-11-17 07:00:00,7,21,21,0.0,7.0,14.0,0.0,0.0,1.0,1,1,10,0,10,0,23.0,637.0,434.0,834.0,18.567,3.0,6.63,roster,0,70.0,52.5,0.7778,53.12,2.2528,0.525,0.1508,3.3333,45.04,8.68,0.0,19.39,20.85
2020-11-17 08:00:00,8,22,22,0.0,7.0,15.0,0.0,0.0,1.0,5,5,9,0,9,0,24.0,695.0,494.0,715.0,17.05,3.0,7.68,roster,0,73.0,55.0,0.7849,51.63,3.9853,0.55,0.651,3.3182,47.19,7.81,0.0,16.62,17.875
2020-11-17 09:00:00,9,27,27,1.0,10.0,16.0,0.0,0.0,1.0,11,10,9,0,9,0,25.0,554.0,231.0,755.0,18.05,3.0,7.68,roster,0,93.0,67.5,1.0,63.28,6.81,0.675,1.3021,3.4444,57.92,7.81,0.0,17.55,18.875
2020-11-17 10:00:00,10,22,22,1.0,9.0,12.0,0.0,0.0,1.0,4,5,8,2,10,2,26.0,117.0,94.0,291.0,19.05,4.0,11.02,roster,0,77.0,55.0,0.6417,69.44,3.513,0.55,0.4537,3.5,47.19,8.68,26.8,6.77,7.275
2020-11-17 11:00:00,11,23,23,1.0,10.0,12.0,0.0,0.0,1.0,6,5,7,2,9,2,27.0,181.0,154.0,351.0,20.05,4.0,11.02,roster,0,81.0,57.5,0.6532,72.11,3.6229,0.575,0.4537,3.5217,49.33,7.81,26.8,8.16,8.775
2020-11-17 12:00:00,12,27,27,0.0,12.0,15.0,0.0,0.0,1.0,11,11,9,2,11,2,28.0,180.0,100.0,241.0,21.05,4.0,11.02,roster,0,93.0,67.5,0.8017,79.87,5.7632,0.675,0.9982,3.4444,57.92,9.55,26.8,5.6,6.025
2020-11-17 13:00:00,13,24,24,0.0,12.0,12.0,0.0,0.0,1.0,4,4,9,2,11,2,29.0,197.0,129.0,282.0,22.05,4.0,11.02,roster,0,84.0,60.0,0.7241,74.39,3.3704,0.6,0.363,3.5,51.48,9.55,26.8,6.56,7.05
2020-11-17 14:00:00,14,26,26,0.0,13.0,13.0,0.0,0.0,1.0,8,8,9,2,11,2,23.05,257.0,145.0,342.0,23.05,4.0,11.02,roster,0,91.0,65.0,0.7845,80.07,4.8158,0.65,0.726,3.5,55.77,9.55,26.8,7.95,8.55
2020-11-17 15:00:00,15,24,24,0.0,14.0,10.0,0.0,0.0,1.0,5,5,13,1,14,1,24.05,203.5,100.0,317.0,24.05,4.0,11.02,roster,0,86.0,60.0,0.8269,64.41,3.7758,0.6,0.4537,3.5833,51.48,12.16,13.4,7.37,7.925
2020-11-17 16:00:00,16,27,27,2.0,13.0,12.0,0.0,0.0,1.0,9,7,10,1,11,1,25.05,171.0,144.0,420.0,25.05,4.0,11.02,roster,0,98.0,67.5,0.8448,70.63,4.7556,0.675,0.6352,3.6296,57.92,9.55,13.4,9.76,10.5
2020-11-17 17:00:00,17,30,30,2.0,13.0,14.0,1.0,0.0,1.0,9,7,12,1,13,1,26.05,209.0,115.0,369.0,26.05,4.0,11.02,roster,0,106.0,75.0,0.9815,77.62,4.8944,0.75,0.6352,3.5333,64.35,11.29,13.4,8.58,9.225
2020-11-17 18:00:00,18,23,23,1.0,8.0,14.0,0.0,0.0,1.0,6,5,10,0,10,0,21.967,227.0,134.0,280.0,12.85,4.0,11.02,roster,0,79.0,57.5,0.6583,44.53,3.5334,0.575,0.4537,3.4348,49.33,8.68,0.0,6.51,7.0
2020-11-17 19:00:00,19,19,19,1.0,4.0,14.0,0.0,0.0,1.0,7,4,6,1,7,1,13.85,235.0,151.0,351.0,13.85,4.0,11.02,roster,0,63.0,47.5,0.4773,48.39,2.7786,0.475,0.363,3.3158,40.75,6.08,13.4,8.16,8.775
2020-11-17 20:00:00,20,20,20,1.0,2.0,17.0,0.0,0.0,1.0,10,10,3,1,4,1,6.767,181.0,151.0,254.0,4.233,4.0,12.03,roster,0,64.0,50.0,0.4444,45.68,4.26,0.5,0.8313,3.2,42.9,3.47,13.4,5.91,6.35
2020-11-17 21:00:00,21,28,28,2.0,3.0,22.0,1.0,0.0,1.0,11,10,7,1,8,1,7.767,132.5,98.0,271.0,5.233,4.0,12.03,roster,0,90.0,70.0,0.7031,66.71,4.9219,0.7,0.8313,3.2143,60.06,6.95,13.4,6.3,6.775
2020-11-17 22:00:00,22,22,22,1.0,1.0,19.0,1.0,0.0,1.0,7,6,5,1,6,1,5.933,145.5,95.0,216.0,4.517,3.0,8.69,roster,0,68.0,55.0,0.6667,50.82,3.8341,0.55,0.6904,3.0909,47.19,5.21,13.4,5.02,5.4
2020-11-17 23:00:00,23,28,28,1.0,2.0,22.0,3.0,0.0,1.0,10,10,4,1,5,1,5.517,218.0,155.0,276.0,5.517,3.0,8.69,roster,0,85.0,70.0,0.8095,64.22,5.6183,0.7,1.1507,3.0357,60.06,4.34,13.4,6.42,6.9
2020-11-18 00:00:00,0,31,31,1.0,2.0,23.0,5.0,0.0,1.0,11,11,6,1,7,1,6.517,215.0,114.0,336.0,6.517,3.0,8.69,roster,0,92.0,77.5,0.9293,73.79,6.0566,0.775,1.2658,2.9677,66.5,6.08,13.4,7.81,8.4
2020-11-18 01:00:00,1,25,25,1.0,4.0,19.0,1.0,0.0,1.0,3,3,6,1,7,1,7.517,275.0,174.0,396.0,7.517,3.0,8.69,roster,0,80.0,62.5,0.8081,62.31,3.1047,0.625,0.3452,3.2,53.62,6.08,13.4,9.21,9.9
2020-11-18 02:00:00,2,26,26,1.0,5.0,19.0,1.0,0.0,1.0,3,3,7,1,8,1,8.517,330.0,234.0,456.0,8.517,3.0,8.69,roster,0,84.0,65.0,0.875,66.72,3.2153,0.65,0.3452,3.2308,55.77,6.95,13.4,10.6,11.4
2020-11-18 03:00:00,3,26,26,1.0,5.0,19.0,1.0,0.0,1.0,5,5,7,1,8,1,9.517,390.0,294.0,516.0,9.517,3.0,8.69,roster,0,84.0,65.0,0.875,68.11,3.9589,0.65,0.5754,3.2308,55.77,6.95,13.4,12.0,12.9
2020-11-18 04:00:00,4,26,26,1.0,4.0,20.0,1.0,0.0,1.0,5,4,8,1,9,1,10.517,445.0,337.0,518.0,10.517,3.0,8.69,roster,0,83.0,65.0,0.8925,69.03,3.5444,0.65,0.4603,3.1923,55.77,7.81,13.4,12.04,12.95
2020-11-18 05:00:00,5,24,24,1.0,4.0,18.0,1.0,0.0,1.0,1,0,8,1,9,1,11.517,505.0,397.0,578.0,11.517,3.0,8.69,roster,0,77.0,60.0,0.828,66.13,1.925,0.6,0.0,3.2083,51.48,7.81,13.4,13.44,14.45
2020-11-18 06:00:00,6,23,23,1.0,3.0,18.0,1.0,0.0,1.0,3,3,8,1,9,1,12.517,565.0,457.0,638.0,12.517,3.0,8.69,roster,0,73.0,57.5,0.7849,65.38,2.9207,0.575,0.3452,3.1739,49.33,7.81,13.4,14.83,15.95
2020-11-18 07:00:00,7,22,22,1.0,3.0,17.0,1.0,0.0,1.0,2,3,9,1,10,1,13.517,579.5,363.0,698.0,13.517,3.0,8.69,roster,0,70.0,55.0,0.7778,65.5,2.8484,0.55,0.3452,3.1818,47.19,8.68,13.4,16.23,17.45
2020-11-18 08:00:00,8,20,20,1.0,3.0,15.0,1.0,0.0,1.0,2,1,9,1,10,1,14.517,639.5,423.0,758.0,14.517,3.0,6.3,roster,0,64.0,50.0,0.7111,62.61,2.1079,0.5,0.1587,3.2,42.9,8.68,13.4,17.62,18.95
2020-11-18 09:00:00,9,28,28,1.0,4.0,22.0,1.0,0.0,1.0,8,9,9,1,10,1,15.517,699.5,483.0,818.0,15.517,3.0,6.3,roster,0,89.0,70.0,0.9889,81.16,6.7658,0.7,1.4286,3.1786,60.06,8.68,13.4,19.02,20.45
2020-11-18 10:00:00,10,26,26,2.0,4.0,19.0,1.0,0.0,1.0,7,5,6,1,7,1,16.517,805.0,543.0,936.0,16.517,4.0,9.55,roster,0,85.0,65.0,0.6439,77.01,3.8366,0.65,0.5236,3.2692,55.77,6.08,13.4,21.76,23.4
2020-11-18 11:00:00,11,23,23,3.0,6.0,13.0,1.0,0.0,1.0,7,7,6,1,7,1,17.517,865.0,603.0,996.0,17.517,4.0,9.55,roster,0,80.0,57.5,0.6061,71.97,4.5495,0.575,0.733,3.4783,49.33,6.08,13.4,23.16,24.9
2020-11-18 12:00:00,12,21,21,2.0,5.0,14.0,0.0,0.0,1.0,4,4,10,1,11,1,18.517,157.0,104.0,998.0,18.517,4.0,9.55,roster,0,72.0,52.5,0.6207,71.2,3.2361,0.525,0.4188,3.4286,45.04,9.55,13.4,23.2,24.95
2020-11-18 13:00:00,13,19,19,2.0,4.0,13.0,0.0,0.0,1.0,4,3,10,0,10,0,17.633,171.0,123.0,877.0,17.633,4.0,9.55,roster,0,65.0,47.5,0.5417,49.83,2.6997,0.475,0.3141,3.4211,40.75,8.68,0.0,20.39,21.925
2020-11-18 14:00:00,14,20,20,2.0,6.0,12.0,0.0,0.0,1.0,4,3,11,0,11,0,18.633,224.0,157.0,937.0,18.633,4.0,9.55,roster,0,70.0,50.0,0.6034,54.24,2.8495,0.5,0.3141,3.5,42.9,9.55,0.0,21.79,23.425
2020-11-18 15:00:00,15,19,19,2.0,6.0,11.0,0.0,0.0,1.0,6,6,8,0,8,0,19.633,249.5,181.0,298.0,19.633,4.0,9.55,roster,0,67.0,47.5,0.5234,34.63,3.8905,0.475,0.6283,3.5263,40.75,6.95,0.0,6.93,7.45
2020-11-18 16:00:00,16,26,26,3.0,5.0,18.0,0.0,0.0,1.0,10,11,9,0,9,0,20.633,201.0,87.0,344.0,20.633,4.0,9.55,roster,0,89.0,65.0,0.7177,51.58,6.1678,0.65,1.1518,3.4231,55.77,7.81,0.0,8.0,8.6
2020-11-18 17:00:00,17,35,35,3.0,6.0,25.0,1.0,0.0,1.0,11,11,12,2,14,2,21.633,144.0,98.0,301.0,21.633,4.0,9.55,roster,0,116.0,87.5,1.1154,101.03,6.7175,0.875,1.1518,3.3143,75.08,12.16,26.8,7.0,7.525
2020-11-18 18:00:00,18,36,36,3.0,7.0,25.0,1.0,0.0,1.0,8,8,15,2,17,2,22.633,176.0,126.0,321.0,22.633,4.0,9.55,roster,0,120.0,90.0,1.3043,106.24,5.7923,0.9,0.8377,3.3333,77.22,14.76,26.8,7.46,8.025
2020-11-18 19:00:00,19,38,38,4.0,7.0,25.0,2.0,0.0,1.0,11,10,11,2,13,2,23.633,218.0,179.0,421.0,23.633,4.0,9.55,roster,0,127.0,95.0,1.1759,109.39,6.6746,0.95,1.0471,3.3421,81.51,11.29,26.8,9.79,10.525
2020-11-18 20:00:00,20,34,34,3.0,7.0,24.0,0.0,0.0,1.0,12,11,7,2,9,2,24.633,256.0,106.0,584.0,24.633,4.0,10.56,roster,0,115.0,85.0,0.9274,101.12,6.3983,0.85,1.0417,3.3824,72.93,7.81,26.8,13.58,14.6
2020-11-18 21:00:00,21,27,27,2.0,6.0,19.0,0.0,0.0,1.0,6,3,9,2,11,2,25.633,290.0,127.0,644.0,25.633,4.0,10.56,roster,0,91.0,67.5,0.7845,89.24,3.2325,0.675,0.2841,3.3704,57.92,9.55,26.8,14.97,16.1
2020-11-18 22:00:00,22,24,24,2.0,6.0,16.0,0.0,0.0,1.0,12,9,7,2,9,2,26.633,226.0,187.0,704.0,26.633,3.0,7.31,roster,0,82.0,60.0,0.8817,82.46,6.2566,0.6,1.2312,3.4167,51.48,7.81,26.8,16.37,17.6
2020-11-18 23:00:00,23,17,17,2.0,4.0,11.0,0.0,0.0,1.0,5,4,8,2,10,2,27.633,254.5,95.0,764.0,27.633,3.0,7.31,roster,0,59.0,42.5,0.6556,69.71,3.3741,0.425,0.5472,3.4706,36.46,8.68,26.8,17.76,19.1
2020-11-19 00:00:00,0,21,21,1.0,7.0,12.0,1.0,0.0,1.0,8,8,8,0,8,0,28.633,314.5,187.0,838.0,28.633,3.0,7.31,roster,0,71.0,52.5,0.7396,51.47,5.4751,0.525,1.0944,3.381,45.04,6.95,0.0,19.48,20.95
2020-11-19 01:00:00,1,25,25,1.0,7.0,17.0,0.0,0.0,1.0,10,9,10,0,10,0,29.633,307.0,182.0,884.0,29.633,3.0,7.31,roster,0,84.0,62.5,0.9333,62.86,6.2368,0.625,1.2312,3.36,53.62,8.68,0.0,20.55,22.1
2020-11-19 02:00:00,2,22,22,1.0,6.0,15.0,0.0,0.0,1.0,2,2,13,0,13,0,30.633,275.0,157.0,442.0,30.633,3.0,7.31,roster,0,74.0,55.0,0.9136,48.75,2.7703,0.55,0.2736,3.3636,47.19,11.29,0.0,10.28,11.05
2020-11-19 03:00:00,3,18,18,1.0,5.0,12.0,0.0,0.0,1.0,1,1,12,0,12,0,31.633,318.5,217.0,1004.0,31.633,3.0,7.31,roster,0,61.0,45.0,0.7262,52.37,1.9886,0.45,0.1368,3.3889,38.61,10.42,0.0,23.34,25.1
2020-11-19 04:00:00,4,18,18,1.0,5.0,12.0,0.0,0.0,1.0,2,1,12,0,12,0,32.633,378.5,277.0,1064.0,32.633,3.0,7.31,roster,0,61.0,45.0,0.7262,53.77,1.9886,0.45,0.1368,3.3889,38.61,10.42,0.0,24.74,26.6
2020-11-19 05:00:00,5,24,24,1.0,6.0,16.0,1.0,0.0,1.0,8,6,12,0,12,0,33.633,438.5,337.0,1124.0,33.633,3.0,7.31,roster,0,79.0,60.0,0.9405,68.03,4.6768,0.6,0.8208,3.2917,51.48,10.42,0.0,26.13,28.1
2020-11-19 06:00:00,6,23,23,1.0,6.0,16.0,0.0,0.0,1.0,3,3,12,1,13,1,34.633,482.0,335.0,667.0,34.633,3.0,7.31,roster,0,77.0,57.5,0.9506,69.53,3.2989,0.575,0.4104,3.3478,49.33,11.29,13.4,15.51,16.675
2020-11-19 07:00:00,7,17,17,1.0,6.0,10.0,0.0,0.0,1.0,1,0,13,1,14,1,35.633,507.0,372.0,727.0,35.633,3.0,7.31,roster,0,59.0,42.5,0.7564,58.92,1.475,0.425,0.0,3.4706,36.46,12.16,13.4,16.9,18.175
2020-11-19 08:00:00,8,18,18,1.0,6.0,11.0,0.0,0.0,1.0,2,2,13,1,14,1,36.633,567.0,432.0,787.0,36.633,3.0,7.76,roster,0,62.0,45.0,0.7949,62.46,2.4377,0.45,0.2577,3.4444,38.61,12.16,13.4,18.3,19.675
2020-11-19 09:00:00,9,23,23,1.0,4.0,18.0,0.0,0.0,1.0,7,7,11,1,12,1,37.633,627.0,492.0,1364.0,37.633,3.0,7.76,roster,0,75.0,57.5,0.8929,84.87,4.8165,0.575,0.9021,3.2609,49.33,10.42,13.4,31.71,34.1
2020-11-19 10:00:00,10,25,25,1.0,4.0,18.0,2.0,0.0,1.0,7,7,11,1,12,1,38.633,644.5,548.0,1424.0,38.633,4.0,11.08,roster,0,79.0,62.5,0.7054,90.55,3.9714,0.625,0.6318,3.16,53.62,10.42,13.4,33.11,35.6
2020-11-19 11:00:00,11,32,32,1.0,6.0,23.0,2.0,0.0,1.0,11,11,12,1,13,1,39.633,697.0,398.0,967.0,39.633,4.0,11.08,roster,0,102.0,80.0,0.9444,95.81,5.7145,0.8,0.9928,3.1875,68.64,11.29,13.4,22.48,24.175
2020-11-19 12:00:00,12,34,34,1.0,7.0,24.0,2.0,0.0,1.0,11,10,13,1,14,1,40.633,442.0,106.0,772.0,40.633,4.0,11.08,roster,0,109.0,85.0,1.0481,96.44,5.6184,0.85,0.9025,3.2059,72.93,12.16,13.4,17.95,19.3
2020-11-19 13:00:00,13,38,38,0.0,9.0,28.0,1.0,0.0,1.0,11,12,13,1,14,1,41.633,200.5,142.0,732.0,41.633,4.0,11.08,roster,0,122.0,95.0,1.1731,104.09,6.5271,0.95,1.083,3.2105,81.51,12.16,13.4,17.02,18.3
2020-11-19 14:00:00,14,37,37,0.0,10.0,26.0,1.0,0.0,1.0,6,5,12,1,13,1,42.633,232.0,132.0,788.0,42.633,4.0,11.08,roster,0,120.0,92.5,1.1111,102.37,4.4636,0.925,0.4513,3.2432,79.36,11.29,13.4,18.32,19.7
2020-11-19 15:00:00,15,39,39,0.0,12.0,24.0,3.0,0.0,1.0,8,8,13,1,14,1,43.633,274.0,171.0,396.0,43.633,4.0,11.08,roster,0,126.0,97.5,1.2115,98.42,5.4827,0.975,0.722,3.2308,83.66,12.16,13.4,9.21,9.9
2020-11-19 16:00:00,16,47,47,0.0,13.0,32.0,2.0,0.0,1.0,13,13,13,2,15,2,44.633,252.0,172.0,456.0,44.633,4.0,11.08,roster,0,152.0,117.5,1.52,131.24,7.5945,1.175,1.1733,3.234,100.82,13.02,26.8,10.6,11.4
2020-11-19 17:00:00,17,42,42,1.0,13.0,28.0,0.0,0.0,1.0,6,5,17,3,20,3,45.633,248.0,119.0,412.0,45.633,4.0,11.08,roster,0,141.0,105.0,1.7625,137.24,5.04,1.05,0.4513,3.3571,90.09,17.37,40.2,9.58,10.3
2020-11-19 18:00:00,18,40,40,1.0,11.0,28.0,0.0,0.0,1.0,7,6,17,2,19,2,46.633,324.0,159.0,472.0,46.633,4.0,11.08,roster,0,133.0,100.0,1.5833,120.07,5.1255,1.0,0.5415,3.325,85.8,16.5,26.8,10.97,11.8
2020-11-19 19:00:00,19,41,41,1.0,10.0,29.0,0.0,1.0,1.0,9,9,16,1,17,1,47.633,384.0,230.0,532.0,47.633,4.0,11.08,roster,0,133.0,102.5,1.4457,108.48,5.9599,1.025,0.8123,3.2439,87.94,14.76,13.4,12.37,13.3
2020-11-19 20:00:00,20,35,35,1.0,5.0,27.0,1.0,1.0,1.0,10,10,12,2,14,2,48.633,355.5,249.0,586.0,48.633,4.0,9.97,roster,0,109.0,87.5,1.0481,107.66,5.8487,0.875,1.003,3.1143,75.08,12.16,26.8,13.62,14.65
2020-11-19 21:00:00,21,43,43,1.0,7.0,33.0,1.0,1.0,1.0,15,16,14,2,16,2,49.633,230.5,113.0,547.0,49.633,4.0,9.97,roster,0,135.0,107.5,1.4062,125.65,8.4134,1.075,1.6048,3.1395,92.24,13.89,26.8,12.72,13.675
2020-11-19 22:00:00,22,45,45,0.0,6.0,33.0,5.0,1.0,1.0,13,13,14,0,14,0,50.633,394.0,140.0,607.0,50.633,3.0,6.65,roster,0,134.0,112.5,1.7179,102.79,9.1712,1.125,1.9549,2.9778,96.52,12.16,0.0,14.11,15.175
2020-11-19 23:00:00,23,37,37,0.0,5.0,28.0,3.0,1.0,1.0,7,6,16,0,16,0,51.633,331.0,197.0,667.0,51.633,3.0,6.65,roster,0,111.0,92.5,1.5417,88.77,5.4818,0.925,0.9023,3.0,79.36,13.89,0.0,15.51,16.675
2020-11-20 00:00:00,0,32,32,0.0,6.0,23.0,2.0,1.0,1.0,6,4,16,0,16,0,52.633,271.5,192.0,684.0,52.633,3.0,6.65,roster,0,98.0,80.0,1.3611,78.44,4.2921,0.8,0.6015,3.0625,68.64,13.89,0.0,15.9,17.1
2020-11-20 01:00:00,1,32,32,0.0,9.0,20.0,2.0,1.0,1.0,5,5,17,0,17,0,53.633,320.0,197.0,712.0,53.633,3.0,6.65,roster,0,101.0,80.0,1.4638,79.96,4.8981,0.8,0.7519,3.1562,68.64,14.76,0.0,16.55,17.8
2020-11-20 02:00:00,2,35,35,0.0,9.0,23.0,2.0,1.0,1.0,6,5,17,1,18,1,54.633,378.5,245.0,772.0,54.633,3.0,6.65,roster,0,110.0,87.5,1.6667,102.05,5.1131,0.875,0.7519,3.1429,75.08,15.63,13.4,17.95,19.3
2020-11-20 03:00:00,3,32,32,0.0,8.0,21.0,2.0,1.0,1.0,2,2,16,0,16,0,55.633,451.5,317.0,864.0,55.633,3.0,6.65,roster,0,100.0,80.0,1.3889,82.62,3.4398,0.8,0.3008,3.125,68.64,13.89,0.0,20.09,21.6
2020-11-20 04:00:00,4,38,38,1.0,8.0,26.0,2.0,1.0,1.0,7,7,16,0,16,0,56.633,511.5,377.0,924.0,56.633,3.0,6.65,roster,0,120.0,95.0,1.6667,96.89,6.3241,0.95,1.0526,3.1579,81.51,13.89,0.0,21.48,23.1
2020-11-20 05:00:00,5,36,36,1.0,8.0,24.0,2.0,1.0,1.0,2,2,17,0,17,0,57.633,560.0,425.0,952.0,57.633,3.0,6.65,roster,0,114.0,90.0,1.6522,94.12,3.8024,0.9,0.3008,3.1667,77.22,14.76,0.0,22.13,23.8
2020-11-20 06:00:00,6,37,37,1.0,8.0,25.0,2.0,1.0,1.0,4,4,16,0,16,0,58.633,592.5,485.0,1012.0,58.633,3.0,6.65,roster,0,117.0,92.5,1.625,96.79,4.8271,0.925,0.6015,3.1622,79.36,13.89,0.0,23.53,25.3
2020-11-20 07:00:00,7,30,30,1.0,6.0,20.0,2.0,1.0,1.0,1,1,16,0,16,0,59.633,652.5,545.0,1072.0,59.633,3.0,6.65,roster,0,94.0,75.0,1.3056,83.17,2.8212,0.75,0.1504,3.1333,64.35,13.89,0.0,24.92,26.8
2020-11-20 08:00:00,8,32,32,1.0,7.0,21.0,2.0,1.0,1.0,4,4,17,0,17,0,60.633,685.0,594.0,1019.0,60.633,3.0,8.06,roster,0,101.0,80.0,1.4638,87.09,4.0914,0.8,0.4963,3.1562,68.64,14.76,0.0,23.69,25.475
2020-11-20 09:00:00,9,32,32,1.0,6.0,23.0,2.0,0.0,1.0,5,5,16,0,16,0,61.633,766.0,605.0,1192.0,61.633,3.0,8.06,roster,0,102.0,80.0,1.4167,90.25,4.5274,0.8,0.6203,3.1875,68.64,13.89,0.0,27.71,29.8
2020-11-20 10:00:00,10,35,35,1.0,8.0,23.0,3.0,0.0,1.0,8,8,16,0,16,0,62.633,826.0,665.0,1252.0,62.633,4.0,11.31,roster,0,112.0,87.5,1.1667,98.08,5.0635,0.875,0.7073,3.2,75.08,13.89,0.0,29.11,31.3
2020-11-20 11:00:00,11,39,39,0.0,9.0,27.0,3.0,0.0,1.0,8,8,16,0,16,0,63.633,886.0,686.0,1312.0,63.633,4.0,11.31,roster,0,123.0,97.5,1.2812,108.05,5.3058,0.975,0.7073,3.1538,83.66,13.89,0.0,30.5,32.8
2020-11-20 12:00:00,12,39,39,1.0,8.0,27.0,3.0,0.0,1.0,9,8,14,1,15,1,64.633,834.0,100.0,1372.0,64.633,4.0,11.31,roster,0,124.0,97.5,1.24,121.98,5.349,0.975,0.7073,3.1795,83.66,13.02,13.4,31.9,34.3
2020-11-20 13:00:00,13,35,35,3.0,8.0,22.0,2.0,0.0,1.0,5,5,14,2,16,2,65.633,504.0,139.0,1432.0,65.633,4.0,11.31,roster,0,117.0,87.5,1.2188,129.06,4.4028,0.875,0.4421,3.3429,75.08,13.89,26.8,33.29,35.8
2020-11-20 14:00:00,14,32,32,2.0,6.0,22.0,2.0,0.0,1.0,5,5,14,2,16,2,66.633,213.0,146.0,1032.0,66.633,4.0,11.31,roster,0,104.0,80.0,1.0833,113.33,4.0368,0.8,0.4421,3.25,68.64,13.89,26.8,23.99,25.8
2020-11-20 15:00:00,15,24,24,2.0,5.0,17.0,0.0,0.0,1.0,5,5,9,2,11,2,67.633,266.0,137.0,1183.0,67.633,4.0,11.31,roster,0,81.0,60.0,0.6983,95.34,3.517,0.6,0.4421,3.375,51.48,9.55,26.8,27.5,29.575
2020-11-20 16:00:00,16,20,20,0.0,6.0,14.0,0.0,0.0,1.0,7,6,9,0,9,0,68.633,159.0,111.0,382.0,68.633,4.0,11.31,roster,0,66.0,50.0,0.5323,39.6,3.4007,0.5,0.5305,3.3,42.9,7.81,0.0,8.88,9.55
2020-11-20 17:00:00,17,24,24,0.0,8.0,16.0,0.0,0.0,1.0,6,6,11,0,11,0,69.633,216.0,96.0,442.0,69.633,4.0,11.31,roster,0,80.0,60.0,0.6897,51.31,3.7683,0.6,0.5305,3.3333,51.48,9.55,0.0,10.28,11.05
2020-11-20 18:00:00,18,22,22,1.0,9.0,12.0,0.0,0.0,1.0,8,8,7,1,8,1,70.633,362.5,192.0,1906.0,70.633,4.0,11.31,roster,0,77.0,55.0,0.6016,91.85,4.4007,0.55,0.7073,3.5,47.19,6.95,13.4,44.31,47.65
2020-11-20 19:00:00,19,21,21,1.0,7.0,12.0,1.0,0.0,1.0,3,3,7,2,9,2,71.633,252.0,138.0,506.0,71.633,4.0,11.31,roster,0,71.0,52.5,0.5726,71.42,2.6718,0.525,0.2653,3.381,45.04,7.81,26.8,11.76,12.65
2020-11-20 20:00:00,20,17,17,1.0,4.0,12.0,0.0,0.0,1.0,5,5,5,1,6,1,72.633,355.5,146.0,622.0,72.633,4.0,9.55,roster,0,57.0,42.5,0.4191,49.54,3.1805,0.425,0.5236,3.3529,36.46,5.21,13.4,14.46,15.55
2020-11-20 21:00:00,21,19,19,1.0,6.0,12.0,0.0,0.0,1.0,7,5,6,1,7,1,73.633,206.0,97.0,682.0,73.633,4.0,9.55,roster,0,65.0,47.5,0.4924,56.09,3.4161,0.475,0.5236,3.4211,40.75,6.08,13.4,15.86,17.05
2020-11-20 22:00:00,22,16,16,0.0,7.0,9.0,0.0,0.0,1.0,8,7,5,0,5,0,74.633,266.0,146.0,742.0,74.633,3.0,6.3,roster,0,55.0,40.0,0.5238,35.91,5.1944,0.4,1.1111,3.4375,34.32,4.34,0.0,17.25,18.55
2020-11-20 23:00:00,23,16,16,0.0,6.0,9.0,0.0,0.0,0.938,6,5,8,0,8,0,75.633,117.0,95.0,802.0,75.633,3.0,6.3,roster,0,51.0,40.0,0.5312,39.91,3.8048,0.4,0.7937,3.1875,34.32,6.95,0.0,18.65,20.05
2020-11-21 00:00:00,0,19,19,0.0,9.0,9.0,1.0,0.0,1.0,8,7,7,0,7,0,76.633,192.0,155.0,862.0,76.633,3.0,6.3,roster,0,65.0,47.5,0.6566,46.87,5.4262,0.475,1.1111,3.4211,40.75,6.08,0.0,20.04,21.55
2020-11-21 01:00:00,1,21,21,0.0,9.0,10.0,2.0,0.0,1.0,3,3,9,1,10,1,77.633,218.5,109.0,446.0,77.633,3.0,6.3,roster,0,70.0,52.5,0.7778,57.5,3.3373,0.525,0.4762,3.3333,45.04,8.68,13.4,10.37,11.15
2020-11-21 02:00:00,2,22,22,0.0,11.0,10.0,1.0,0.0,1.0,5,5,9,1,10,1,78.633,278.5,169.0,506.0,78.633,3.0,6.3,roster,0,76.0,55.0,0.8444,61.04,4.6417,0.55,0.7937,3.4545,47.19,8.68,13.4,11.76,12.65
2020-11-21 03:00:00,3,19,19,0.0,11.0,7.0,1.0,0.0,1.0,1,1,12,1,13,1,79.633,323.0,188.0,372.0,79.633,3.0,6.3,roster,0,67.0,47.5,0.8272,54.09,2.2347,0.475,0.1587,3.5263,40.75,11.29,13.4,8.65,9.3
2020-11-21 04:00:00,4,21,21,0.0,11.0,9.0,1.0,0.0,1.0,3,3,12,1,13,1,80.633,383.0,248.0,432.0,80.633,3.0,6.3,roster,0,73.0,52.5,0.9012,59.78,3.4803,0.525,0.4762,3.4762,45.04,11.29,13.4,10.04,10.8
2020-11-21 05:00:00,5,21,21,0.0,11.0,9.0,1.0,0.0,1.0,2,2,12,1,13,1,81.633,443.0,308.0,492.0,81.633,3.0,6.3,roster,0,73.0,52.5,0.9012,61.17,2.9286,0.525,0.3175,3.4762,45.04,11.29,13.4,11.44,12.3
2020-11-21 06:00:00,6,20,20,0.0,11.0,8.0,1.0,0.0,1.0,3,3,13,1,14,1,82.633,456.0,291.0,552.0,82.633,3.0,6.3,roster,0,70.0,50.0,0.8974,61.29,3.4167,0.5,0.4762,3.5,42.9,12.16,13.4,12.83,13.8
2020-11-21 07:00:00,7,23,23,0.0,11.0,11.0,1.0,0.0,1.0,4,4,14,1,15,1,83.633,469.0,339.0,612.0,83.633,3.0,6.3,roster,0,79.0,57.5,1.0533,69.99,4.1558,0.575,0.6349,3.4348,49.33,13.02,13.4,14.23,15.3
2020-11-21 08:00:00,8,22,22,0.0,10.0,11.0,1.0,0.0,1.0,4,2,13,1,14,1,84.633,576.0,399.0,672.0,84.633,3.0,6.77,roster,0,75.0,55.0,0.9615,68.37,2.8821,0.55,0.2954,3.4091,47.19,12.16,13.4,15.62,16.8
2020-11-21 09:00:00,9,16,16,0.0,6.0,10.0,0.0,0.0,1.0,2,2,8,1,9,1,85.633,558.0,282.0,683.0,85.633,3.0,6.77,roster,0,54.0,40.0,0.5806,51.41,2.347,0.4,0.2954,3.375,34.32,7.81,13.4,15.88,17.075
2020-11-21 10:00:00,10,20,20,0.0,6.0,14.0,0.0,0.0,1.0,8,7,6,1,7,1,86.633,618.0,342.0,1462.0,86.633,4.0,10.47,roster,0,66.0,50.0,0.5,76.37,3.8563,0.5,0.6686,3.3,42.9,6.08,13.4,33.99,36.55
2020-11-21 11:00:00,11,26,26,1.0,6.0,19.0,0.0,0.0,1.0,11,10,6,2,8,2,87.633,496.5,191.0,1522.0,87.633,4.0,10.47,roster,0,86.0,65.0,0.6719,104.9,5.3092,0.65,0.9551,3.3077,55.77,6.95,26.8,35.39,38.05
2020-11-21 12:00:00,12,27,27,1.0,7.0,18.0,1.0,0.0,1.0,8,6,8,2,10,2,88.633,211.5,116.0,651.0,88.633,4.0,10.47,roster,0,89.0,67.5,0.7417,88.53,4.114,0.675,0.5731,3.2963,57.92,8.68,26.8,15.14,16.275
2020-11-21 13:00:00,13,27,27,1.0,6.0,19.0,1.0,0.0,1.0,6,6,10,2,12,2,89.633,207.0,165.0,711.0,89.633,4.0,10.47,roster,0,88.0,67.5,0.7857,91.67,4.0678,0.675,0.5731,3.2593,57.92,10.42,26.8,16.53,17.775
2020-11-21 14:00:00,14,22,22,1.0,6.0,14.0,1.0,0.0,1.0,8,7,5,1,6,1,90.633,264.0,187.0,1702.0,90.633,4.0,10.47,roster,0,73.0,55.0,0.5368,85.37,4.0435,0.55,0.6686,3.3182,47.19,5.21,13.4,39.57,42.55
2020-11-21 15:00:00,15,22,22,1.0,5.0,15.0,1.0,0.0,1.0,7,6,4,1,5,1,91.633,296.0,247.0,352.0,91.633,4.0,10.47,roster,0,72.0,55.0,0.5143,53.12,3.6755,0.55,0.5731,3.2727,47.19,4.34,13.4,8.18,8.8
2020-11-21 16:00:00,16,21,21,2.0,5.0,13.0,1.0,0.0,1.0,6,4,5,1,6,1,92.633,216.5,81.0,412.0,92.633,4.0,10.47,roster,0,71.0,52.5,0.5221,53.23,3.0667,0.525,0.382,3.381,45.04,5.21,13.4,9.58,10.3
2020-11-21 17:00:00,17,24,24,2.0,5.0,15.0,2.0,0.0,1.0,8,8,5,2,7,2,93.633,186.0,138.0,472.0,93.633,4.0,10.47,roster,0,79.0,60.0,0.5985,75.33,4.4901,0.6,0.7641,3.2917,51.48,6.08,26.8,10.97,11.8
2020-11-21 18:00:00,18,24,24,3.0,5.0,16.0,0.0,0.0,1.0,3,3,5,2,7,2,94.633,246.0,198.0,532.0,94.633,4.0,10.47,roster,0,83.0,60.0,0.6288,76.73,3.0659,0.6,0.2865,3.4583,51.48,6.08,26.8,12.37,13.3
2020-11-21 19:00:00,19,18,18,2.0,4.0,12.0,0.0,0.0,1.0,3,3,4,2,6,2,95.633,283.5,258.0,487.0,95.633,4.0,10.47,roster,0,62.0,45.0,0.4559,61.94,2.5369,0.45,0.2865,3.4444,38.61,5.21,26.8,11.32,12.175
2020-11-21 20:00:00,20,17,17,2.0,3.0,12.0,0.0,0.0,1.0,8,6,3,2,5,2,96.633,366.0,321.0,547.0,96.633,4.0,10.08,roster,0,58.0,42.5,0.4143,60.32,3.4808,0.425,0.5952,3.4118,36.46,4.34,26.8,12.72,13.675
2020-11-21 21:00:00,21,19,19,1.0,1.0,16.0,1.0,0.0,1.0,8,7,2,1,3,1,97.633,607.0,381.0,5858.0,97.633,4.0,10.08,roster,0,59.0,47.5,0.3986,172.96,3.6314,0.475,0.6944,3.1053,40.75,2.6,13.4,136.2,146.45
2020-11-21 22:00:00,22,15,15,2.0,2.0,11.0,0.0,0.0,1.0,7,6,2,0,2,0,98.633,3179.5,441.0,5918.0,98.633,3.0,6.38,roster,0,51.0,37.5,0.4474,151.51,4.4725,0.375,0.9404,3.4,32.17,1.74,0.0,137.59,147.95
2020-11-21 23:00:00,23,13,13,1.0,1.0,11.0,0.0,0.0,1.0,4,4,1,1,2,1,99.633,3026.5,75.0,5978.0,99.633,3.0,6.38,roster,0,42.0,32.5,0.3684,162.01,3.0756,0.325,0.627,3.2308,27.88,1.74,13.4,138.99,149.45
2020-11-22 00:00:00,0,15,15,0.0,2.0,13.0,0.0,0.0,1.0,10,7,1,0,1,0,100.633,6038.0,6038.0,6038.0,100.633,3.0,6.38,roster,0,47.0,37.5,0.4017,153.43,4.6128,0.375,1.0972,3.1333,32.17,0.87,0.0,140.38,150.95
2020-11-22 01:00:00,1,14,14,0.0,3.0,10.0,1.0,0.0,1.0,5,4,2,0,2,0,101.633,3106.5,115.0,6098.0,101.633,3.0,6.38,roster,0,44.0,35.0,0.386,153.55,3.0704,0.35,0.627,3.1429,30.03,1.74,0.0,141.78,152.45
2020-11-22 02:00:00,2,13,13,1.0,2.0,9.0,1.0,0.0,1.0,7,6,2,0,2,0,102.633,3166.5,175.0,6158.0,102.633,3.0,6.38,roster,0,42.0,32.5,0.3684,152.8,4.0883,0.325,0.9404,3.2308,27.88,1.74,0.0,143.17,153.95
2020-11-22 03:00:00,3,16,16,1.0,2.0,12.0,1.0,0.0,1.0,4,4,3,0,3,0,103.633,235.0,99.0,6218.0,103.633,3.0,6.38,roster,0,51.0,40.0,0.4595,161.49,3.2734,0.4,0.627,3.1875,34.32,2.6,0.0,144.57,155.45
2020-11-22 04:00:00,4,11,11,1.0,2.0,7.0,1.0,0.0,1.0,0,0,3,0,3,0,104.633,295.0,159.0,6278.0,104.633,3.0,6.38,roster,0,36.0,27.5,0.3243,152.16,0.9,0.275,0.0,3.2727,23.6,2.6,0.0,145.96,156.95
2020-11-22 05:00:00,5,12,12,1.0,2.0,8.0,1.0,0.0,1.0,2,2,3,0,3,0,105.633,355.0,219.0,6338.0,105.633,3.0,6.38,roster,0,39.0,30.0,0.3514,155.7,1.9938,0.3,0.3135,3.25,25.74,2.6,0.0,147.36,158.45
2020-11-22 06:00:00,6,12,12,1.0,3.0,7.0,1.0,0.0,1.0,3,2,3,0,3,0,106.633,415.0,279.0,6398.0,106.633,3.0,6.38,roster,0,40.0,30.0,0.3604,157.1,2.0449,0.3,0.3135,3.3333,25.74,2.6,0.0,148.75,159.95
2020-11-22 07:00:00,7,15,15,1.0,4.0,9.0,1.0,0.0,1.0,6,5,4,0,4,0,107.633,407.0,339.0,6458.0,107.633,3.0,6.38,roster,0,50.0,37.5,0.463,165.8,3.8623,0.375,0.7837,3.3333,32.17,3.47,0.0,150.15,161.45
2020-11-22 08:00:00,8,16,16,1.0,4.0,11.0,0.0,0.0,1.0,6,7,4,0,4,0,108.633,467.0,399.0,6518.0,108.633,3.0,7.73,roster,0,54.0,40.0,0.5,169.34,4.4063,0.4,0.9056,3.375,34.32,3.47,0.0,151.54,162.95
2020-11-22 09:00:00,9,16,16,0.0,1.0,15.0,0.0,0.0,1.0,9,7,2,0,2,0,109.633,3332.0,86.0,6578.0,109.633,3.0,7.73,roster,0,49.0,40.0,0.4298,169.0,3.9983,0.4,0.9056,3.0625,34.32,1.74,0.0,152.94,164.45
2020-11-22 10:00:00,10,21,21,0.0,2.0,17.0,2.0,0.0,1.0,14,13,1,1,2,1,110.633,3355.5,73.0,6638.0,110.633,4.0,10.98,roster,0,63.0,52.5,0.4145,194.52,5.1269,0.525,1.184,3.0,45.04,1.74,13.4,154.33,165.95
2020-11-22 11:00:00,11,19,19,0.0,4.0,15.0,0.0,0.0,1.0,5,5,4,1,5,1,111.633,105.0,84.0,133.0,111.633,4.0,10.98,roster,0,61.0,47.5,0.4357,41.59,2.987,0.475,0.4554,3.2105,40.75,4.34,13.4,3.09,3.325
2020-11-22 12:00:00,12,30,30,1.0,5.0,21.0,3.0,0.0,1.0,18,16,5,1,6,1,112.633,153.0,95.0,193.0,112.633,4.0,10.98,roster,0,94.0,75.0,0.6912,67.45,6.9159,0.75,1.4572,3.1333,64.35,5.21,13.4,4.49,4.825
2020-11-22 13:00:00,13,31,31,0.0,7.0,22.0,2.0,0.0,1.0,8,7,8,2,10,2,113.633,138.5,110.0,225.0,113.633,4.0,10.98,roster,0,98.0,77.5,0.8167,87.21,4.4654,0.775,0.6375,3.1613,66.5,8.68,26.8,5.23,5.625
2020-11-22 14:00:00,14,30,30,0.0,9.0,20.0,1.0,0.0,1.0,9,7,8,2,10,2,114.633,171.5,136.0,215.0,114.633,4.0,10.98,roster,0,98.0,75.0,0.8167,84.83,4.5326,0.75,0.6375,3.2667,64.35,8.68,26.8,5.0,5.375
2020-11-22 15:00:00,15,30,30,0.0,6.0,23.0,1.0,0.0,1.0,12,10,7,2,9,2,115.633,230.0,196.0,275.0,115.633,4.0,10.98,roster,0,95.0,75.0,0.7661,85.36,5.259,0.75,0.9107,3.1667,64.35,7.81,26.8,6.39,6.875
2020-11-22 16:00:00,16,36,36,0.0,10.0,25.0,1.0,0.0,1.0,11,11,8,2,10,2,116.633,227.0,100.0,290.0,116.633,4.0,10.98,roster,0,117.0,90.0,0.975,99.45,6.1809,0.9,1.0018,3.25,77.22,8.68,26.8,6.74,7.25
2020-11-22 17:00:00,17,39,39,1.0,7.0,28.0,2.0,1.0,1.0,13,13,8,2,10,2,117.633,255.0,156.0,325.0,117.633,4.0,10.98,roster,0,122.0,97.5,1.0167,106.69,6.7537,0.975,1.184,3.1282,83.66,8.68,26.8,7.56,8.125
2020-11-22 18:00:00,18,26,26,1.0,7.0,18.0,0.0,0.0,1.0,6,4,7,2,9,2,118.633,220.0,192.0,318.0,118.633,4.0,10.98,roster,0,87.0,65.0,0.7016,77.78,3.394,0.65,0.3643,3.3462,55.77,7.81,26.8,7.39,7.95
2020-11-22 19:00:00,19,27,27,1.0,8.0,18.0,0.0,0.0,1.0,10,7,6,2,8,2,119.633,278.0,252.0,378.0,119.633,4.0,10.98,roster,0,91.0,67.5,0.7109,80.45,4.4237,0.675,0.6375,3.3704,57.92,6.95,26.8,8.79,9.45
2020-11-22 20:00:00,20,28,28,0.0,5.0,23.0,0.0,0.0,1.0,12,11,4,1,5,1,120.633,336.0,264.0,340.0,120.633,4.0,9.55,roster,0,89.0,70.0,0.6357,65.71,5.8862,0.7,1.1518,3.1786,60.06,4.34,13.4,7.9,8.5
2020-11-22 21:00:00,21,36,36,3.0,8.0,24.0,1.0,0.0,1.0,16,16,4,1,5,1,121.633,396.0,324.0,400.0,121.633,4.0,9.55,roster,0,121.0,90.0,0.8643,84.26,8.6562,0.9,1.6754,3.3611,77.22,4.34,13.4,9.3,10.0
2020-11-22 22:00:00,22,42,42,3.0,5.0,33.0,1.0,0.0,1.0,15,14,8,1,9,1,122.633,104.0,89.0,235.0,122.633,3.0,6.3,roster,0,136.0,105.0,1.4624,96.77,10.5958,1.05,2.2222,3.2381,90.09,7.81,13.4,5.46,5.875
2020-11-22 23:00:00,23,39,39,2.0,5.0,30.0,2.0,0.0,1.0,13,11,10,0,10,0,123.633,140.5,119.0,179.0,123.633,3.0,6.3,roster,0,124.0,97.5,1.3778,76.5,8.6515,0.975,1.746,3.1795,83.66,8.68,0.0,4.16,4.475
2020-11-23 00:00:00,0,30,30,2.0,5.0,23.0,0.0,0.0,1.0,3,3,11,0,11,0,124.633,186.0,171.0,239.0,124.633,3.0,6.3,roster,0,99.0,75.0,1.1379,59.46,4.0464,0.75,0.4762,3.3,64.35,9.55,0.0,5.56,5.975
2020-11-23 01:00:00,1,25,25,2.0,5.0,17.0,1.0,0.0,1.0,4,3,10,0,10,0,125.633,260.5,239.0,299.0,125.633,3.0,6.3,roster,0,83.0,62.5,0.9222,49.26,3.656,0.625,0.4762,3.32,53.62,8.68,0.0,6.95,7.475
2020-11-23 02:00:00,2,26,26,3.0,5.0,18.0,0.0,0.0,1.0,5,4,11,0,11,0,126.633,306.0,291.0,359.0,126.633,3.0,6.3,roster,0,89.0,65.0,1.023,53.67,4.3984,0.65,0.6349,3.4231,55.77,9.55,0.0,8.35,8.975
2020-11-23 03:00:00,3,25,25,3.0,4.0,18.0,0.0,0.0,1.0,2,1,11,1,12,1,127.633,364.0,351.0,419.0,127.633,3.0,6.3,roster,0,85.0,62.5,1.0119,67.19,2.6647,0.625,0.1587,3.4,53.62,10.42,13.4,9.74,10.475
2020-11-23 04:00:00,4,22,22,2.0,4.0,16.0,0.0,0.0,1.0,0,0,11,0,11,0,128.633,426.0,411.0,479.0,128.633,3.0,6.3,roster,0,74.0,55.0,0.8506,47.88,1.85,0.55,0.0,3.3636,47.19,9.55,0.0,11.14,11.975
2020-11-23 05:00:00,5,23,23,2.0,4.0,17.0,0.0,0.0,1.0,2,2,11,0,11,0,129.633,486.0,471.0,539.0,129.633,3.0,6.3,roster,0,77.0,57.5,0.8851,51.42,2.9878,0.575,0.3175,3.3478,49.33,9.55,0.0,12.53,13.475
2020-11-23 06:00:00,6,24,24,2.0,4.0,18.0,0.0,0.0,1.0,3,2,12,0,12,0,130.633,544.0,531.0,599.0,130.633,3.0,6.3,roster,0,80.0,60.0,0.9524,55.83,3.0582,0.6,0.3175,3.3333,51.48,10.42,0.0,13.93,14.975
2020-11-23 07:00:00,7,26,26,3.0,5.0,17.0,1.0,0.0,1.0,5,5,12,0,12,0,131.633,604.0,591.0,659.0,131.633,3.0,6.3,roster,0,88.0,65.0,1.0476,61.51,4.8862,0.65,0.7937,3.3846,55.77,10.42,0.0,15.32,16.475
2020-11-23 08:00:00,8,29,29,3.0,5.0,21.0,0.0,0.0,1.0,4,4,13,1,14,1,132.633,660.5,474.0,704.0,132.633,3.0,6.8,roster,0,98.0,72.5,1.2564,84.13,4.4378,0.725,0.5882,3.3793,62.2,12.16,13.4,16.37,17.6
2020-11-23 09:00:00,9,22,22,1.0,3.0,18.0,0.0,0.0,1.0,5,5,6,1,7,1,133.633,177.0,113.0,722.0,133.633,3.0,6.8,roster,0,71.0,55.0,0.7172,63.45,4.148,0.55,0.7353,3.2273,47.19,6.08,13.4,16.79,18.05
2020-11-23 10:00:00,10,23,23,1.0,2.0,20.0,0.0,0.0,1.0,9,8,6,1,7,1,134.633,237.0,155.0,782.0,134.633,4.0,10.05,roster,0,73.0,57.5,0.553,66.99,4.3515,0.575,0.796,3.1739,49.33,6.08,13.4,18.18,19.55
2020-11-23 11:00:00,11,26,26,1.0,3.0,22.0,0.0,0.0,1.0,8,7,8,1,9,1,135.633,268.0,164.0,370.0,135.633,4.0,10.05,roster,0,83.0,65.0,0.6694,65.59,4.2985,0.65,0.6965,3.1923,55.77,7.81,13.4,8.6,9.25
2020-11-23 12:00:00,12,29,29,0.0,6.0,23.0,0.0,0.0,1.0,10,10,10,0,10,0,136.633,175.5,107.0,430.0,136.633,4.0,10.05,roster,0,93.0,72.5,0.775,60.89,5.5159,0.725,0.995,3.2069,62.2,8.68,0.0,10.0,10.75
2020-11-23 13:00:00,13,33,33,0.0,8.0,24.0,1.0,0.0,1.0,10,9,11,0,11,0,137.633,181.0,101.0,335.0,137.633,4.0,10.05,roster,0,106.0,82.5,0.9138,68.13,5.5265,0.825,0.8955,3.2121,70.78,9.55,0.0,7.79,8.375
2020-11-23 14:00:00,14,31,31,0.0,6.0,23.0,2.0,0.0,1.0,5,5,9,0,9,0,138.633,192.0,140.0,344.0,138.633,4.0,10.05,roster,0,97.0,77.5,0.7823,62.31,3.9817,0.775,0.4975,3.129,66.5,7.81,0.0,8.0,8.6
2020-11-23 15:00:00,15,25,25,0.0,7.0,17.0,1.0,0.0,1.0,4,4,8,0,8,0,139.633,236.5,200.0,455.0,139.633,4.0,10.05,roster,0,81.0,62.5,0.6328,51.15,3.3146,0.625,0.398,3.24,53.62,6.95,0.0,10.58,11.375
2020-11-23 16:00:00,16,29,29,0.0,9.0,19.0,1.0,0.0,1.0,10,10,8,1,9,1,140.633,260.0,196.0,312.0,140.633,4.0,10.05,roster,0,95.0,72.5,0.7661,70.67,5.6346,0.725,0.995,3.2759,62.2,7.81,13.4,7.25,7.8
2020-11-23 17:00:00,17,27,27,0.0,6.0,20.0,1.0,0.0,1.0,7,7,11,1,12,1,141.633,259.5,127.0,372.0,141.633,4.0,10.05,roster,0,86.0,67.5,0.7679,70.38,4.3685,0.675,0.6965,3.1852,57.92,10.42,13.4,8.65,9.3
2020-11-23 18:00:00,18,23,23,0.0,3.0,19.0,1.0,0.0,1.0,4,3,11,0,11,0,142.633,323.0,89.0,432.0,142.633,4.0,10.05,roster,0,71.0,57.5,0.6121,48.93,2.6965,0.575,0.2985,3.087,49.33,9.55,0.0,10.04,10.8
2020-11-23 19:00:00,19,25,25,0.0,3.0,21.0,1.0,0.0,1.0,6,6,10,0,10,0,143.633,411.5,149.0,492.0,143.633,4.0,10.05,roster,0,77.0,62.5,0.6417,53.75,3.7638,0.625,0.597,3.08,53.62,8.68,0.0,11.44,12.3
2020-11-23 20:00:00,20,25,25,0.0,3.0,21.0,1.0,0.0,1.0,8,8,8,0,8,0,144.633,471.5,209.0,552.0,144.633,4.0,11.31,roster,0,77.0,62.5,0.6016,53.41,4.1036,0.625,0.7073,3.08,53.62,6.95,0.0,12.83,13.8
2020-11-23 21:00:00,21,30,30,0.0,3.0,26.0,1.0,0.0,1.0,9,9,11,0,11,0,145.633,141.0,80.0,581.0,145.633,4.0,11.31,roster,0,92.0,75.0,0.7931,67.41,4.7403,0.75,0.7958,3.0667,64.35,9.55,0.0,13.51,14.525
2020-11-23 22:00:00,22,27,27,0.0,2.0,23.0,2.0,0.0,1.0,8,6,12,0,12,0,146.633,174.0,136.0,641.0,146.633,3.0,8.06,roster,0,81.0,67.5,0.9643,63.24,4.2583,0.675,0.7444,3.0,57.92,10.42,0.0,14.9,16.025
2020-11-23 23:00:00,23,33,33,0.0,4.0,27.0,2.0,0.0,1.0,10,8,14,0,14,0,147.633,203.5,166.0,623.0,147.633,3.0,8.06,roster,0,101.0,82.5,1.2949,77.43,5.5628,0.825,0.9926,3.0606,70.78,12.16,0.0,14.48,15.575
2020-11-24 00:00:00,0,32,32,0.0,4.0,26.0,2.0,0.0,1.0,7,7,16,0,16,0,148.633,258.0,210.0,683.0,148.633,3.0,8.06,roster,0,98.0,80.0,1.3611,78.41,5.1097,0.8,0.8685,3.0625,68.64,13.89,0.0,15.88,17.075
2020-11-24 01:00:00,1,27,27,0.0,3.0,22.0,2.0,0.0,1.0,4,4,18,0,18,0,149.633,309.5,208.0,509.0,149.633,3.0,8.06,roster,0,82.0,67.5,1.2424,65.38,3.5572,0.675,0.4963,3.037,57.92,15.63,0.0,11.83,12.725
2020-11-24 02:00:00,2,23,23,0.0,1.0,20.0,2.0,0.0,1.0,0,0,19,0,19,0,150.633,363.0,232.0,569.0,150.633,3.0,8.06,roster,0,68.0,57.5,1.0794,59.06,1.7,0.575,0.0,2.9565,49.33,16.5,0.0,13.23,14.225
2020-11-24 03:00:00,3,23,23,0.0,1.0,21.0,1.0,0.0,1.0,2,2,19,0,19,0,151.633,423.0,292.0,629.0,151.633,3.0,8.06,roster,0,69.0,57.5,1.0952,60.46,2.4694,0.575,0.2481,3.0,49.33,16.5,0.0,14.62,15.725
2020-11-24 04:00:00,4,26,26,0.0,2.0,23.0,1.0,0.0,1.0,4,4,21,0,21,0,152.633,466.0,343.0,561.0,152.633,3.0,8.06,roster,0,79.0,65.0,1.386,67.05,3.4829,0.65,0.4963,3.0385,55.77,18.23,0.0,13.04,14.025
2020-11-24 05:00:00,5,30,30,2.0,2.0,25.0,1.0,0.0,1.0,5,5,22,0,22,0,153.633,518.0,358.0,621.0,153.633,3.0,8.06,roster,0,95.0,75.0,1.7593,77.89,4.3394,0.75,0.6203,3.1667,64.35,19.1,0.0,14.44,15.525
2020-11-24 06:00:00,6,30,30,2.0,2.0,25.0,1.0,0.0,1.0,2,2,23,0,23,0,154.633,570.0,406.0,681.0,154.633,3.0,8.06,roster,0,95.0,75.0,1.8627,80.15,3.1608,0.75,0.2481,3.1667,64.35,19.97,0.0,15.83,17.025
2020-11-24 07:00:00,7,31,31,2.0,2.0,25.0,2.0,0.0,1.0,3,2,23,0,23,0,155.633,630.0,466.0,741.0,155.633,3.0,8.06,roster,0,97.0,77.5,1.902,83.69,3.2014,0.775,0.2481,3.129,66.5,19.97,0.0,17.23,18.525
2020-11-24 08:00:00,8,32,32,2.0,2.0,27.0,1.0,0.0,1.0,4,4,23,0,23,0,156.633,690.0,526.0,801.0,156.633,3.0,7.73,roster,0,101.0,80.0,1.9804,87.23,4.1582,0.8,0.5175,3.1562,68.64,19.97,0.0,18.62,20.025
2020-11-24 09:00:00,9,36,36,2.0,7.0,26.0,1.0,0.0,1.0,10,10,18,1,19,1,157.633,688.0,521.0,807.0,157.633,3.0,7.73,roster,0,118.0,90.0,1.873,105.88,7.1903,0.9,1.2937,3.2778,77.22,16.5,13.4,18.76,20.175
2020-11-24 10:00:00,10,39,39,2.0,6.0,30.0,1.0,0.0,1.0,6,5,18,2,20,2,158.633,707.5,473.0,860.0,158.633,4.0,11.05,roster,0,126.0,97.5,1.575,127.82,4.6119,0.975,0.4525,3.2308,83.66,17.37,26.8,20.0,21.5
2020-11-24 11:00:00,11,41,41,2.0,6.0,31.0,2.0,0.0,1.0,10,10,17,1,18,1,159.633,763.0,139.0,920.0,159.633,4.0,11.05,roster,0,131.0,102.5,1.4886,118.36,6.1665,1.025,0.905,3.1951,87.94,15.63,13.4,21.39,23.0
2020-11-24 12:00:00,12,47,47,3.0,6.0,36.0,2.0,0.0,1.0,10,11,18,1,19,1,160.633,593.0,131.0,980.0,160.633,4.0,11.05,roster,0,151.0,117.5,1.7976,133.5,6.9732,1.175,0.9955,3.2128,100.82,16.5,13.4,22.78,24.5
2020-11-24 13:00:00,13,41,41,2.0,6.0,31.0,2.0,0.0,1.0,3,3,19,0,19,0,161.633,218.0,120.0,990.0,161.633,4.0,11.05,roster,0,131.0,102.5,1.5595,107.46,4.1425,1.025,0.2715,3.1951,87.94,16.5,0.0,23.02,24.75
2020-11-24 14:00:00,14,42,42,2.0,7.0,31.0,2.0,0.0,1.0,6,5,19,0,19,0,162.633,278.0,168.0,1050.0,162.633,4.0,11.05,roster,0,135.0,105.0,1.6071,111.0,4.8294,1.05,0.4525,3.2143,90.09,16.5,0.0,24.41,26.25
2020-11-24 15:00:00,15,40,40,2.0,8.0,29.0,1.0,0.0,1.0,6,6,16,0,16,0,163.633,576.0,228.0,1160.0,163.633,4.0,11.05,roster,0,131.0,100.0,1.3646,106.66,5.0533,1.0,0.543,3.275,85.8,13.89,0.0,26.97,29.0
2020-11-24 16:00:00,16,31,31,1.0,4.0,25.0,1.0,0.0,1.0,2,2,14,0,14,0,164.633,970.5,243.0,1220.0,164.633,4.0,11.05,roster,0,98.0,77.5,0.9423,87.02,3.0222,0.775,0.181,3.1613,66.5,12.16,0.0,28.36,30.5
2020-11-24 17:00:00,17,35,35,0.0,4.0,30.0,1.0,0.0,1.0,8,8,13,0,13,0,165.633,893.0,303.0,1280.0,165.633,4.0,11.05,roster,0,108.0,87.5,1.0,96.12,4.934,0.875,0.724,3.0857,75.08,11.29,0.0,29.76,32.0
2020-11-24 18:00:00,18,33,33,0.0,5.0,27.0,1.0,0.0,1.0,8,8,13,0,13,0,166.633,953.0,309.0,1340.0,166.633,4.0,11.05,roster,0,103.0,82.5,0.9537,93.23,4.8347,0.825,0.724,3.1212,70.78,11.29,0.0,31.16,33.5
2020-11-24 19:00:00,19,28,28,0.0,3.0,24.0,1.0,0.0,1.0,4,4,12,0,12,0,167.633,750.5,369.0,1589.0,167.633,4.0,11.05,roster,0,86.0,70.0,0.7679,87.42,3.2618,0.7,0.362,3.0714,60.06,10.42,0.0,36.94,39.725
2020-11-24 20:00:00,20,20,20,0.0,3.0,16.0,1.0,0.0,1.0,5,3,10,0,10,0,32.683,477.5,143.0,1073.0,32.683,4.0,12.01,roster,0,62.0,50.0,0.5167,56.53,2.3244,0.5,0.2498,3.1,42.9,8.68,0.0,24.95,26.825
2020-11-24 21:00:00,21,24,24,0.0,4.0,17.0,3.0,0.0,1.0,9,9,9,0,9,0,33.683,367.0,157.0,586.0,33.683,4.0,12.01,roster,0,73.0,60.0,0.5887,52.92,4.1044,0.6,0.7494,3.0417,51.48,7.81,0.0,13.62,14.65
2020-11-24 22:00:00,22,27,27,0.0,5.0,20.0,2.0,0.0,1.0,8,7,11,0,11,0,34.683,217.0,107.0,646.0,34.683,3.0,8.69,roster,0,84.0,67.5,0.9655,62.49,4.6061,0.675,0.8055,3.1111,57.92,9.55,0.0,15.02,16.15
2020-11-24 23:00:00,23,28,28,0.0,6.0,20.0,2.0,0.0,1.0,6,5,12,1,13,1,35.683,253.0,145.0,609.0,35.683,3.0,8.69,roster,0,88.0,70.0,1.0864,78.91,4.0083,0.7,0.5754,3.1429,60.06,11.29,13.4,14.16,15.225
2020-11-25 00:00:00,0,31,31,0.0,9.0,20.0,2.0,0.0,1.0,8,8,12,2,14,2,36.683,293.5,199.0,669.0,36.683,3.0,8.69,roster,0,100.0,77.5,1.2821,101.01,5.4697,0.775,0.9206,3.2258,66.5,12.16,26.8,15.55,16.725
2020-11-25 01:00:00,1,32,32,0.0,9.0,21.0,2.0,0.0,1.0,4,4,13,2,15,2,37.683,334.0,202.0,729.0,37.683,3.0,8.69,roster,0,103.0,80.0,1.3733,105.41,4.0566,0.8,0.4603,3.2188,68.64,13.02,26.8,16.95,18.225
2020-11-25 02:00:00,2,34,34,0.0,11.0,21.0,2.0,0.0,1.0,6,6,13,2,15,2,38.683,394.0,262.0,789.0,38.683,3.0,8.69,roster,0,111.0,85.0,1.48,111.1,5.0291,0.85,0.6904,3.2647,72.93,13.02,26.8,18.34,19.725
2020-11-25 03:00:00,3,37,37,0.0,11.0,25.0,1.0,0.0,1.0,6,6,14,2,16,2,39.683,430.5,322.0,849.0,39.683,3.0,8.69,roster,0,121.0,92.5,1.6806,119.8,5.283,0.925,0.6904,3.2703,79.36,13.89,26.8,19.74,21.225
2020-11-25 04:00:00,4,35,35,0.0,10.0,24.0,1.0,0.0,1.0,3,3,14,2,16,2,40.683,490.5,382.0,909.0,40.683,3.0,8.69,roster,0,114.0,87.5,1.5833,116.9,3.9744,0.875,0.3452,3.2571,75.08,13.89,26.8,21.13,22.725
2020-11-25 05:00:00,5,37,37,0.0,10.0,26.0,1.0,0.0,1.0,4,4,14,2,16,2,41.683,550.5,442.0,969.0,41.683,3.0,8.69,roster,0,120.0,92.5,1.6667,122.59,4.4929,0.925,0.4603,3.2432,79.36,13.89,26.8,22.53,24.225
2020-11-25 06:00:00,6,32,32,0.0,10.0,21.0,1.0,0.0,1.0,3,2,14,0,14,0,42.683,653.5,559.0,1029.0,42.683,3.0,8.69,roster,0,105.0,80.0,1.3462,84.72,3.3802,0.8,0.2301,3.2812,68.64,12.16,0.0,23.92,25.725
2020-11-25 07:00:00,7,34,34,0.0,9.0,24.0,1.0,0.0,1.0,3,3,14,0,14,0,43.683,713.5,619.0,1089.0,43.683,3.0,8.69,roster,0,110.0,85.0,1.4103,90.41,3.8669,0.85,0.3452,3.2353,72.93,12.16,0.0,25.32,27.225
2020-11-25 08:00:00,8,33,33,0.0,6.0,25.0,2.0,0.0,1.0,4,4,15,0,15,0,44.683,754.0,601.0,1149.0,44.683,3.0,7.16,roster,0,103.0,82.5,1.3733,90.52,4.3187,0.825,0.5587,3.1212,70.78,13.02,0.0,26.71,28.725
2020-11-25 09:00:00,9,34,34,0.0,4.0,29.0,1.0,0.0,1.0,8,8,12,0,12,0,45.683,865.0,745.0,1306.0,45.683,3.0,7.16,roster,0,105.0,85.0,1.25,93.71,6.0755,0.85,1.1173,3.0882,72.93,10.42,0.0,30.36,32.65
2020-11-25 10:00:00,10,39,39,0.0,6.0,32.0,1.0,0.0,1.0,11,10,12,0,12,0,46.683,859.0,721.0,1269.0,46.683,4.0,10.41,roster,0,122.0,97.5,1.0893,103.58,6.055,0.975,0.9606,3.1282,83.66,10.42,0.0,29.5,31.725
2020-11-25 11:00:00,11,37,37,0.0,5.0,31.0,1.0,0.0,1.0,7,6,14,0,14,0,47.683,862.0,169.0,1207.0,47.683,4.0,10.41,roster,0,115.0,92.5,1.1058,99.58,4.6664,0.925,0.5764,3.1081,79.36,12.16,0.0,28.06,30.175
2020-11-25 12:00:00,12,37,37,1.0,6.0,29.0,1.0,0.0,1.0,10,10,13,0,13,0,48.683,919.0,229.0,1267.0,48.683,4.0,10.41,roster,0,118.0,92.5,1.0926,100.11,6.0136,0.925,0.9606,3.1892,79.36,11.29,0.0,29.46,31.675
2020-11-25 13:00:00,13,45,45,2.0,7.0,36.0,0.0,0.0,1.0,14,14,16,0,16,0,49.683,333.0,172.0,1327.0,49.683,4.0,10.41,roster,0,146.0,112.5,1.5208,121.27,8.0133,1.125,1.3449,3.2444,96.52,13.89,0.0,30.85,33.175
2020-11-25 14:00:00,14,34,34,3.0,7.0,23.0,1.0,0.0,1.0,5,5,15,0,15,0,50.683,284.0,124.0,1039.0,50.683,4.0,10.41,roster,0,114.0,85.0,1.14,90.11,4.4604,0.85,0.4803,3.3529,72.93,13.02,0.0,24.16,25.975
2020-11-25 15:00:00,15,34,34,2.0,6.0,24.0,2.0,0.0,1.0,5,6,14,1,15,1,51.683,292.0,175.0,1021.0,51.683,4.0,10.41,roster,0,110.0,85.0,1.1,103.09,4.6147,0.85,0.5764,3.2353,72.93,13.02,13.4,23.74,25.525
2020-11-25 16:00:00,16,33,33,2.0,4.0,24.0,3.0,0.0,1.0,5,5,12,1,13,1,52.683,352.0,235.0,469.0,52.683,4.0,10.41,roster,0,104.0,82.5,0.963,86.38,4.1137,0.825,0.4803,3.1515,70.78,11.29,13.4,10.9,11.725
2020-11-25 17:00:00,17,33,33,3.0,4.0,23.0,3.0,0.0,1.0,7,7,11,1,12,1,53.683,332.0,251.0,515.0,53.683,4.0,10.41,roster,0,106.0,82.5,0.9464,86.58,4.8099,0.825,0.6724,3.2121,70.78,10.42,13.4,11.97,12.875
2020-11-25 18:00:00,18,36,36,4.0,5.0,24.0,3.0,0.0,1.0,7,6,13,1,14,1,54.683,342.0,130.0,524.0,54.683,4.0,10.41,roster,0,118.0,90.0,1.1346,94.96,4.8392,0.9,0.5764,3.2778,77.22,12.16,13.4,12.18,13.1
2020-11-25 19:00:00,19,34,34,4.0,6.0,22.0,2.0,0.0,1.0,10,10,12,2,14,2,55.683,213.0,107.0,471.0,55.683,4.0,10.41,roster,0,114.0,85.0,1.0962,102.84,6.0709,0.85,0.9606,3.3529,72.93,12.16,26.8,10.95,11.775
2020-11-25 20:00:00,20,34,34,4.0,6.0,23.0,1.0,0.0,1.0,10,9,11,2,13,2,56.683,195.0,145.0,296.0,56.683,4.0,10.71,roster,0,115.0,85.0,1.0648,97.9,5.7173,0.85,0.8403,3.3824,72.93,11.29,26.8,6.88,7.4
2020-11-25 21:00:00,21,40,40,4.0,8.0,28.0,0.0,0.0,1.0,14,11,10,2,12,2,57.683,237.0,187.0,553.0,57.683,4.0,10.71,roster,0,136.0,100.0,1.2143,115.88,6.8921,1.0,1.0271,3.4,85.8,10.42,26.8,12.86,13.825
2020-11-25 22:00:00,22,30,30,1.0,6.0,23.0,0.0,0.0,1.0,8,8,8,1,9,1,58.683,265.0,139.0,315.0,58.683,3.0,7.46,roster,0,98.0,75.0,1.0538,72.89,5.9531,0.75,1.0724,3.2667,64.35,7.81,13.4,7.32,7.875
2020-11-25 23:00:00,23,28,28,0.0,6.0,20.0,2.0,0.0,1.0,9,8,8,0,8,0,59.683,170.0,135.0,375.0,59.683,3.0,7.46,roster,0,88.0,70.0,0.9167,55.73,5.5704,0.7,1.0724,3.1429,60.06,6.95,0.0,8.72,9.375
2020-11-26 00:00:00,0,27,27,1.0,9.0,17.0,0.0,0.0,1.0,7,7,7,0,7,0,60.683,201.0,156.0,435.0,60.683,3.0,7.46,roster,0,92.0,67.5,0.9293,54.11,5.4973,0.675,0.9383,3.4074,57.92,6.08,0.0,10.11,10.875
2020-11-26 01:00:00,1,30,30,1.0,10.0,19.0,0.0,0.0,1.0,8,8,10,0,10,0,61.683,235.5,103.0,459.0,61.683,3.0,7.46,roster,0,102.0,75.0,1.1333,63.7,6.1961,0.75,1.0724,3.4,64.35,8.68,0.0,10.67,11.475
2020-11-26 02:00:00,2,25,25,1.0,10.0,14.0,0.0,0.0,1.0,3,3,10,1,11,1,62.683,276.0,160.0,519.0,62.683,3.0,7.46,roster,0,87.0,62.5,1.0,68.64,3.5745,0.625,0.4021,3.48,53.62,9.55,13.4,12.07,12.975
2020-11-26 03:00:00,3,26,26,1.0,10.0,15.0,0.0,0.0,1.0,6,5,10,0,10,0,63.683,355.5,223.0,579.0,63.683,3.0,7.46,roster,0,90.0,65.0,1.0,57.91,4.5701,0.65,0.6702,3.4615,55.77,8.68,0.0,13.46,14.475
2020-11-26 04:00:00,4,27,27,1.0,10.0,16.0,0.0,0.0,1.0,3,3,10,0,10,0,64.683,415.5,283.0,639.0,64.683,3.0,7.46,roster,0,93.0,67.5,1.0333,61.45,3.7102,0.675,0.4021,3.4444,57.92,8.68,0.0,14.86,15.975
2020-11-26 05:00:00,5,27,27,2.0,10.0,15.0,0.0,0.0,1.0,5,5,10,0,10,0,65.683,475.5,343.0,699.0,65.683,3.0,7.46,roster,0,95.0,67.5,1.0556,62.85,4.7333,0.675,0.6702,3.5185,57.92,8.68,0.0,16.25,17.475
2020-11-26 06:00:00,6,22,22,2.0,10.0,10.0,0.0,0.0,1.0,1,1,12,1,13,1,66.683,495.0,395.0,561.0,66.683,3.0,7.46,roster,0,80.0,55.0,0.9877,64.92,2.4874,0.55,0.134,3.6364,47.19,11.29,13.4,13.04,14.025
2020-11-26 07:00:00,7,23,23,2.0,10.0,11.0,0.0,0.0,1.0,2,1,12,1,13,1,67.683,555.0,455.0,621.0,67.683,3.0,7.46,roster,0,83.0,57.5,1.0247,68.46,2.5587,0.575,0.134,3.6087,49.33,11.29,13.4,14.44,15.525
2020-11-26 08:00:00,8,22,22,1.0,9.0,12.0,0.0,0.0,1.0,2,2,12,0,12,0,68.683,625.5,520.0,879.0,68.683,3.0,6.66,roster,0,77.0,55.0,0.9167,58.05,2.9761,0.55,0.3003,3.5,47.19,10.42,0.0,20.44,21.975
2020-11-26 09:00:00,9,20,20,0.0,7.0,13.0,0.0,0.0,1.0,4,4,8,0,8,0,69.683,718.5,675.0,975.0,69.683,3.0,6.66,roster,0,67.0,50.0,0.6979,52.52,3.687,0.5,0.6006,3.35,42.9,6.95,0.0,22.67,24.375
2020-11-26 10:00:00,10,27,27,0.0,9.0,18.0,0.0,0.0,1.0,8,8,9,0,9,0,70.683,756.0,302.0,999.0,70.683,4.0,9.91,roster,0,90.0,67.5,0.7258,68.96,4.9409,0.675,0.8073,3.3333,57.92,7.81,0.0,23.23,24.975
2020-11-26 11:00:00,11,30,30,0.0,11.0,19.0,0.0,0.0,1.0,7,7,10,0,10,0,71.683,578.5,142.0,1059.0,71.683,4.0,9.91,roster,0,101.0,75.0,0.8417,77.65,4.9031,0.75,0.7064,3.3667,64.35,8.68,0.0,24.62,26.475
2020-11-26 12:00:00,12,31,31,0.0,11.0,20.0,0.0,0.0,1.0,7,6,10,0,10,0,72.683,332.0,172.0,921.0,72.683,4.0,9.91,roster,0,104.0,77.5,0.8667,76.59,4.6312,0.775,0.6054,3.3548,66.5,8.68,0.0,21.41,23.025
2020-11-26 13:00:00,13,35,35,1.0,9.0,25.0,0.0,0.0,1.0,11,11,8,0,8,0,73.683,350.0,173.0,1215.0,73.683,4.0,9.91,roster,0,116.0,87.5,0.9062,90.27,6.5788,0.875,1.11,3.3143,75.08,6.95,0.0,28.25,30.375
2020-11-26 14:00:00,14,38,38,1.0,10.0,27.0,0.0,0.0,1.0,7,8,13,0,13,0,74.683,135.0,107.0,542.0,74.683,4.0,9.91,roster,0,126.0,95.0,1.1667,85.4,5.8267,0.95,0.8073,3.3158,81.51,11.29,0.0,12.6,13.55
2020-11-26 15:00:00,15,37,37,2.0,11.0,24.0,0.0,0.0,1.0,7,7,12,0,12,0,75.683,182.5,162.0,602.0,75.683,4.0,9.91,roster,0,126.0,92.5,1.125,83.78,5.5554,0.925,0.7064,3.4054,79.36,10.42,0.0,14.0,15.05
2020-11-26 16:00:00,16,34,34,2.0,13.0,19.0,0.0,0.0,1.0,7,7,11,0,11,0,76.683,222.0,113.0,398.0,76.683,4.0,9.91,roster,0,119.0,85.0,1.0259,71.73,5.4473,0.85,0.7064,3.5,72.93,9.55,0.0,9.25,9.95
2020-11-26 17:00:00,17,34,34,1.0,14.0,19.0,0.0,0.0,1.0,6,5,12,0,12,0,77.683,264.5,173.0,458.0,77.683,4.0,9.91,roster,0,118.0,85.0,1.0536,74.0,4.7011,0.85,0.5045,3.4706,72.93,10.42,0.0,10.65,11.45
2020-11-26 18:00:00,18,30,30,1.0,11.0,18.0,0.0,0.0,1.0,2,2,10,0,10,0,78.683,284.5,228.0,369.0,78.683,4.0,9.91,roster,0,103.0,75.0,0.8583,61.61,3.2679,0.75,0.2018,3.4333,64.35,8.68,0.0,8.58,9.225
2020-11-26 19:00:00,19,29,29,1.0,8.0,20.0,0.0,0.0,1.0,10,8,7,0,7,0,79.683,322.0,288.0,1575.0,79.683,4.0,9.91,roster,0,97.0,72.5,0.7348,84.9,5.1252,0.725,0.8073,3.3448,62.2,6.08,0.0,36.62,39.375
2020-11-26 20:00:00,20,23,23,0.0,8.0,15.0,0.0,0.0,1.0,7,7,7,0,7,0,80.683,348.0,80.0,1635.0,80.683,4.0,9.85,roster,0,77.0,57.5,0.5833,73.43,4.3042,0.575,0.7107,3.3478,49.33,6.08,0.0,38.01,40.875
2020-11-26 21:00:00,21,23,23,0.0,8.0,14.0,1.0,0.0,1.0,6,6,8,0,8,0,81.683,137.5,76.0,1695.0,81.683,4.0,9.85,roster,0,76.0,57.5,0.5938,75.69,3.9128,0.575,0.6091,3.3043,49.33,6.95,0.0,39.41,42.375
2020-11-26 22:00:00,22,28,28,0.0,10.0,17.0,1.0,0.0,1.0,10,10,9,0,9,0,82.683,136.0,121.0,229.0,82.683,3.0,6.6,roster,0,93.0,70.0,1.0,53.2,7.3575,0.7,1.5152,3.3214,60.06,7.81,0.0,5.32,5.725
2020-11-26 23:00:00,23,25,25,0.0,10.0,15.0,0.0,0.0,1.0,7,6,9,0,9,0,83.683,188.0,162.0,289.0,83.683,3.0,6.6,roster,0,85.0,62.5,0.914,48.16,5.2159,0.625,0.9091,3.4,53.62,7.81,0.0,6.72,7.225
2020-11-27 00:00:00,0,24,24,0.0,10.0,14.0,0.0,0.0,1.0,4,4,11,0,11,0,84.683,241.0,159.0,349.0,84.683,3.0,6.6,roster,0,82.0,60.0,0.9425,49.15,4.1207,0.6,0.6061,3.4167,51.48,9.55,0.0,8.11,8.725
2020-11-27 01:00:00,1,25,25,1.0,9.0,15.0,0.0,0.0,1.0,5,4,11,0,11,0,85.683,301.0,219.0,409.0,85.683,3.0,6.6,roster,0,86.0,62.5,0.9885,52.69,4.2348,0.625,0.6061,3.44,53.62,9.55,0.0,9.51,10.225
2020-11-27 02:00:00,2,25,25,1.0,9.0,15.0,0.0,0.0,1.0,4,1,11,1,12,1,86.683,351.5,279.0,469.0,86.683,3.0,6.6,roster,0,86.0,62.5,1.0238,68.35,2.6712,0.625,0.1515,3.44,53.62,10.42,13.4,10.9,11.725
2020-11-27 03:00:00,3,27,27,1.0,9.0,17.0,0.0,0.0,1.0,5,5,11,0,11,0,87.683,421.0,339.0,529.0,87.683,3.0,6.6,roster,0,92.0,67.5,1.0575,59.77,4.8814,0.675,0.7576,3.4074,57.92,9.55,0.0,12.3,13.225
2020-11-27 04:00:00,4,23,23,0.0,8.0,15.0,0.0,0.0,1.0,2,2,11,0,11,0,88.683,481.0,399.0,589.0,88.683,3.0,6.6,roster,0,77.0,57.5,0.8851,52.58,2.9395,0.575,0.303,3.3478,49.33,9.55,0.0,13.69,14.725
2020-11-27 05:00:00,5,22,22,0.0,8.0,14.0,0.0,0.0,1.0,3,1,11,0,11,0,89.683,541.0,459.0,649.0,89.683,3.0,6.6,roster,0,74.0,55.0,0.8506,51.83,2.3596,0.55,0.1515,3.3636,47.19,9.55,0.0,15.09,16.225
2020-11-27 06:00:00,6,25,25,0.0,8.0,17.0,0.0,0.0,1.0,3,3,11,0,11,0,90.683,601.0,519.0,709.0,90.683,3.0,6.6,roster,0,83.0,62.5,0.954,59.66,3.5841,0.625,0.4545,3.32,53.62,9.55,0.0,16.48,17.725
2020-11-27 07:00:00,7,29,29,0.0,9.0,20.0,0.0,0.0,1.0,5,5,11,0,11,0,91.683,661.0,579.0,769.0,91.683,3.0,6.6,roster,0,96.0,72.5,1.1034,69.64,4.9078,0.725,0.7576,3.3103,62.2,9.55,0.0,17.88,19.225
2020-11-27 08:00:00,8,21,21,0.0,8.0,13.0,0.0,0.0,1.0,1,0,13,0,13,0,92.683,702.0,584.0,795.0,92.683,3.0,6.65,roster,0,71.0,52.5,0.8765,54.82,1.775,0.525,0.0,3.381,45.04,11.29,0.0,18.48,19.875
2020-11-27 09:00:00,9,25,25,1.0,8.0,16.0,0.0,0.0,1.0,5,5,13,0,13,0,93.683,762.0,644.0,855.0,93.683,3.0,6.65,roster,0,85.0,62.5,1.0494,64.79,4.6814,0.625,0.7519,3.4,53.62,11.29,0.0,19.88,21.375
2020-11-27 10:00:00,10,29,29,1.0,11.0,17.0,0.0,0.0,1.0,7,7,14,0,14,0,94.683,803.5,680.0,915.0,94.683,4.0,10.35,roster,0,100.0,72.5,0.9615,75.64,4.8322,0.725,0.6763,3.4483,62.2,12.16,0.0,21.27,22.875
2020-11-27 11:00:00,11,28,28,1.0,10.0,17.0,0.0,0.0,1.0,4,4,16,1,17,1,95.683,764.0,127.0,901.0,95.683,4.0,10.35,roster,0,96.0,70.0,1.0435,89.17,3.7251,0.7,0.3865,3.4286,60.06,14.76,13.4,20.95,22.525
2020-11-27 12:00:00,12,27,27,1.0,7.0,19.0,0.0,0.0,1.0,5,5,15,1,16,1,96.683,851.5,207.0,968.0,96.683,4.0,10.35,roster,0,90.0,67.5,0.9375,87.71,3.8603,0.675,0.4831,3.3333,57.92,13.89,13.4,22.51,24.2
2020-11-27 13:00:00,13,24,24,1.0,5.0,18.0,0.0,0.0,1.0,2,2,12,1,13,1,97.683,939.0,267.0,1021.0,97.683,4.0,10.35,roster,0,79.0,60.0,0.7315,79.91,2.6111,0.6,0.1932,3.2917,51.48,11.29,13.4,23.74,25.525
2020-11-27 14:00:00,14,22,22,1.0,4.0,16.0,1.0,0.0,1.0,4,3,10,1,11,1,98.683,920.0,284.0,1062.0,98.683,4.0,10.35,roster,0,71.0,55.0,0.6121,74.83,2.7104,0.55,0.2899,3.2273,47.19,9.55,13.4,24.69,26.55
2020-11-27 15:00:00,15,16,16,0.0,3.0,12.0,1.0,0.0,1.0,3,3,7,0,7,0,99.683,980.0,339.0,1122.0,99.683,4.0,10.35,roster,0,50.0,40.0,0.3788,46.48,2.1558,0.4,0.2899,3.125,34.32,6.08,0.0,26.09,28.05
2020-11-27 16:00:00,16,18,18,1.0,4.0,13.0,0.0,0.0,1.0,7,8,7,0,7,0,100.683,546.0,83.0,1119.0,100.683,4.0,10.35,roster,0,60.0,45.0,0.4545,50.7,4.0765,0.45,0.7729,3.3333,38.61,6.08,0.0,26.02,27.975
2020-11-27 17:00:00,17,24,24,1.0,4.0,19.0,0.0,0.0,1.0,9,9,9,1,10,1,101.683,301.0,114.0,1100.0,101.683,4.0,10.35,roster,0,78.0,60.0,0.65,79.14,4.7761,0.6,0.8696,3.25,51.48,8.68,13.4,25.58,27.5
2020-11-27 18:00:00,18,29,29,2.0,4.0,23.0,0.0,0.0,1.0,10,11,12,1,13,1,102.683,174.0,113.0,666.0,102.683,4.0,10.35,roster,0,95.0,72.5,0.8796,82.38,5.8566,0.725,1.0628,3.2759,62.2,11.29,13.4,15.48,16.65
2020-11-27 19:00:00,19,26,26,1.0,2.0,22.0,1.0,0.0,1.0,5,4,8,1,9,1,103.683,173.0,128.0,726.0,103.683,4.0,10.35,roster,0,81.0,65.0,0.6532,73.86,3.229,0.65,0.3865,3.1154,55.77,7.81,13.4,16.88,18.15
2020-11-27 20:00:00,20,32,32,1.0,3.0,26.0,2.0,0.0,1.0,13,12,7,2,9,2,104.683,218.0,176.0,639.0,104.683,4.0,11.58,roster,0,99.0,80.0,0.7984,98.11,5.681,0.8,1.0363,3.0938,68.64,7.81,26.8,14.86,15.975
2020-11-27 21:00:00,21,30,30,1.0,5.0,23.0,1.0,0.0,1.0,8,7,7,3,10,3,105.683,242.0,143.0,699.0,105.683,4.0,11.58,roster,0,96.0,75.0,0.8,109.48,4.3344,0.75,0.6045,3.2,64.35,8.68,40.2,16.25,17.475
2020-11-27 22:00:00,22,22,22,1.0,3.0,18.0,0.0,0.0,1.0,7,6,5,2,7,2,106.683,286.0,119.0,1479.0,106.683,3.0,7.88,roster,0,71.0,55.0,0.7172,94.45,4.2323,0.55,0.7614,3.2273,47.19,6.08,26.8,34.39,36.975
2020-11-27 23:00:00,23,21,21,1.0,3.0,17.0,0.0,0.0,1.0,4,3,6,2,8,2,107.683,282.5,179.0,1539.0,107.683,3.0,7.88,roster,0,68.0,52.5,0.7083,94.57,2.9328,0.525,0.3807,3.2381,45.04,6.95,26.8,35.78,38.475
2020-11-28 00:00:00,0,25,25,0.0,3.0,22.0,0.0,0.0,1.0,7,7,6,1,7,1,108.683,279.0,194.0,1599.0,108.683,3.0,7.88,roster,0,78.0,62.5,0.7879,90.28,4.7216,0.625,0.8883,3.12,53.62,6.08,13.4,37.18,39.975
2020-11-28 01:00:00,1,22,22,0.0,3.0,18.0,1.0,0.0,1.0,3,3,6,1,7,1,109.683,339.0,254.0,1659.0,109.683,3.0,7.88,roster,0,68.0,55.0,0.6869,85.24,2.8767,0.55,0.3807,3.0909,47.19,6.08,13.4,38.57,41.475
2020-11-28 02:00:00,2,20,20,0.0,4.0,15.0,1.0,0.0,1.0,1,1,7,1,8,1,110.683,379.0,314.0,1719.0,110.683,3.0,7.88,roster,0,63.0,50.0,0.6562,83.21,1.9747,0.5,0.1269,3.15,42.9,6.95,13.4,39.97,42.975
2020-11-28 03:00:00,3,21,21,0.0,5.0,15.0,1.0,0.0,1.0,4,4,8,1,9,1,111.683,419.0,342.0,608.0,111.683,3.0,7.88,roster,0,67.0,52.5,0.7204,60.4,3.2945,0.525,0.5076,3.1905,45.04,7.81,13.4,14.14,15.2
2020-11-28 04:00:00,4,21,21,0.0,5.0,16.0,0.0,0.0,1.0,1,1,9,1,10,1,112.683,456.5,215.0,668.0,112.683,3.0,7.88,roster,0,68.0,52.5,0.7556,62.66,2.1109,0.525,0.1269,3.2381,45.04,8.68,13.4,15.53,16.7
2020-11-28 05:00:00,5,20,20,0.0,5.0,14.0,0.0,1.0,1.0,1,1,9,1,10,1,113.683,516.5,275.0,728.0,113.683,3.0,7.88,roster,0,63.0,50.0,0.7,61.91,1.9747,0.5,0.1269,3.15,42.9,8.68,13.4,16.93,18.2
2020-11-28 06:00:00,6,19,19,0.0,4.0,14.0,0.0,1.0,1.0,1,1,9,1,10,1,114.683,576.5,335.0,788.0,114.683,3.0,7.88,roster,0,59.0,47.5,0.6556,61.16,1.8691,0.475,0.1269,3.1053,40.75,8.68,13.4,18.32,19.7
2020-11-28 07:00:00,7,21,21,0.0,4.0,16.0,0.0,1.0,1.0,5,4,10,1,11,1,115.683,614.0,337.0,848.0,115.683,3.0,7.88,roster,0,65.0,52.5,0.7471,67.71,3.1962,0.525,0.5076,3.0952,45.04,9.55,13.4,19.72,21.2
2020-11-28 08:00:00,8,20,20,0.0,4.0,15.0,0.0,1.0,1.0,2,1,11,2,13,2,116.683,642.0,349.0,759.0,116.683,3.0,6.68,roster,0,62.0,50.0,0.7654,78.63,2.0141,0.5,0.1497,3.1,42.9,11.29,26.8,17.65,18.975
2020-11-28 09:00:00,9,15,15,0.0,2.0,12.0,1.0,0.0,1.0,4,5,6,1,7,1,117.683,819.0,515.0,2139.0,117.683,3.0,6.68,roster,0,46.0,37.5,0.4646,81.38,3.4454,0.375,0.7485,3.0667,32.17,6.08,13.4,49.73,53.475
2020-11-28 10:00:00,10,21,21,0.0,2.0,16.0,3.0,0.0,1.0,10,9,6,1,7,1,118.683,794.0,211.0,2199.0,118.683,4.0,9.94,roster,0,62.0,52.5,0.4697,95.65,4.2232,0.525,0.9054,2.9524,45.04,6.08,13.4,51.13,54.975
2020-11-28 11:00:00,11,21,21,0.0,2.0,17.0,2.0,0.0,1.0,8,6,7,0,7,0,119.683,635.0,105.0,2259.0,119.683,4.0,9.94,roster,0,63.0,52.5,0.4773,83.64,3.3859,0.525,0.6036,3.0,45.04,6.08,0.0,52.52,56.475
2020-11-28 12:00:00,12,20,20,0.0,1.0,17.0,2.0,0.0,1.0,5,4,6,1,7,1,120.683,190.0,106.0,2319.0,120.683,4.0,9.94,roster,0,59.0,50.0,0.447,96.29,2.6621,0.5,0.4024,2.95,42.9,6.08,13.4,53.92,57.975
2020-11-28 13:00:00,13,22,22,0.0,1.0,19.0,2.0,0.0,1.0,4,4,5,0,5,0,121.683,1208.0,225.0,2379.0,121.683,4.0,9.94,roster,0,65.0,55.0,0.4643,86.84,2.814,0.55,0.4024,2.9545,47.19,4.34,0.0,55.31,59.475
2020-11-28 14:00:00,14,20,20,1.0,1.0,16.0,2.0,0.0,1.0,5,5,4,0,4,0,122.683,1853.5,1268.0,7361.0,122.683,4.0,9.94,roster,0,61.0,50.0,0.4236,197.52,3.0592,0.5,0.503,3.05,42.9,3.47,0.0,171.14,184.025
2020-11-28 15:00:00,15,25,25,1.0,2.0,20.0,2.0,0.0,1.0,11,11,5,0,5,0,123.683,92.0,69.0,2499.0,123.683,4.0,9.94,roster,0,77.0,62.5,0.55,96.07,5.3335,0.625,1.1066,3.08,53.62,4.34,0.0,58.1,62.475
2020-11-28 16:00:00,16,24,24,1.0,2.0,19.0,2.0,0.0,1.0,5,5,4,1,5,1,124.683,129.0,89.0,2559.0,124.683,4.0,9.94,roster,0,74.0,60.0,0.5286,108.72,3.401,0.6,0.503,3.0833,51.48,4.34,13.4,59.5,63.975
2020-11-28 17:00:00,17,26,26,2.0,3.0,18.0,3.0,0.0,1.0,6,7,6,2,8,2,125.683,144.5,86.0,2619.0,125.683,4.0,9.94,roster,0,82.0,65.0,0.6406,130.41,4.271,0.65,0.7042,3.1538,55.77,6.95,26.8,60.89,65.475
2020-11-28 18:00:00,18,22,22,0.0,4.0,14.0,4.0,0.0,1.0,5,3,7,0,7,0,126.683,200.0,134.0,2679.0,126.683,4.0,9.94,roster,0,66.0,55.0,0.5,95.55,2.5554,0.55,0.3018,3.0,47.19,6.08,0.0,62.29,66.975
2020-11-28 19:00:00,19,19,19,0.0,3.0,12.0,4.0,0.0,1.0,7,5,6,0,6,0,127.683,233.0,194.0,2739.0,127.683,4.0,9.94,roster,0,56.0,47.5,0.4118,89.65,2.8826,0.475,0.503,2.9474,40.75,5.21,0.0,63.68,68.475
2020-11-28 20:00:00,20,15,15,0.0,6.0,7.0,2.0,0.0,1.0,6,4,3,0,3,0,128.683,2799.0,132.0,7721.0,128.683,4.0,10.06,roster,0,49.0,37.5,0.3311,194.29,2.5239,0.375,0.3976,3.2667,32.17,2.6,0.0,179.51,193.025
2020-11-28 21:00:00,21,22,22,0.0,7.0,13.0,2.0,0.0,1.0,12,11,5,0,5,0,129.683,192.0,115.0,2859.0,129.683,4.0,10.06,roster,0,71.0,55.0,0.5071,98.0,5.3038,0.55,1.0934,3.2273,47.19,4.34,0.0,66.47,71.475
2020-11-28 22:00:00,22,16,16,0.0,4.0,10.0,2.0,0.0,1.0,7,6,2,0,2,0,130.683,5380.0,2919.0,7841.0,130.683,3.0,6.8,roster,0,50.0,40.0,0.4386,198.36,4.0074,0.4,0.8824,3.125,34.32,1.74,0.0,182.3,196.025
2020-11-28 23:00:00,23,17,17,0.0,3.0,12.0,2.0,0.0,1.0,8,6,2,0,2,0,131.683,5440.0,2979.0,7901.0,131.683,3.0,6.8,roster,0,52.0,42.5,0.4561,201.9,3.999,0.425,0.8824,3.0588,36.46,1.74,0.0,183.7,197.525
2020-11-29 00:00:00,0,20,20,1.0,3.0,14.0,2.0,0.0,1.0,9,9,2,0,2,0,132.683,5500.0,3039.0,7961.0,132.683,3.0,6.8,roster,0,63.0,50.0,0.5526,209.73,5.7441,0.5,1.3235,3.15,42.9,1.74,0.0,185.09,199.025
2020-11-29 01:00:00,1,16,16,1.0,2.0,12.0,1.0,0.0,1.0,3,3,3,0,3,0,133.683,3099.0,81.0,8021.0,133.683,3.0,6.8,roster,0,51.0,40.0,0.4595,203.41,2.6812,0.4,0.4412,3.1875,34.32,2.6,0.0,186.49,200.525
2020-11-29 02:00:00,2,14,14,1.0,3.0,9.0,1.0,0.0,1.0,2,1,3,1,4,1,134.683,1650.0,141.0,8081.0,134.683,3.0,6.8,roster,0,46.0,35.0,0.4259,214.79,1.6332,0.35,0.1471,3.2857,30.03,3.47,13.4,187.88,202.025
2020-11-29 03:00:00,3,17,17,1.0,3.0,12.0,1.0,0.0,1.0,3,3,3,2,5,2,135.683,201.0,134.0,3219.0,135.683,3.0,6.8,roster,0,55.0,42.5,0.5238,122.45,2.8023,0.425,0.4412,3.2353,36.46,4.34,26.8,74.84,80.475
2020-11-29 04:00:00,4,19,19,2.0,3.0,13.0,1.0,0.0,1.0,2,2,3,2,5,2,136.683,261.0,194.0,3279.0,136.683,3.0,6.8,roster,0,63.0,47.5,0.6,128.13,2.5502,0.475,0.2941,3.3158,40.75,4.34,26.8,76.24,81.975
2020-11-29 05:00:00,5,21,21,3.0,3.0,14.0,1.0,0.0,1.0,2,2,5,2,7,2,137.683,254.0,80.0,3339.0,137.683,3.0,6.8,roster,0,71.0,52.5,0.7172,135.55,2.7694,0.525,0.2941,3.381,45.04,6.08,26.8,77.63,83.475
2020-11-29 06:00:00,6,19,19,2.0,3.0,13.0,1.0,0.0,1.0,2,2,5,2,7,2,138.683,314.0,140.0,3399.0,138.683,3.0,6.8,roster,0,63.0,47.5,0.6364,132.66,2.5502,0.475,0.2941,3.3158,40.75,6.08,26.8,79.03,84.975
2020-11-29 07:00:00,7,22,22,2.0,3.0,16.0,1.0,0.0,1.0,5,5,5,3,8,3,139.683,366.0,200.0,3459.0,139.683,3.0,6.8,roster,0,72.0,55.0,0.75,154.76,4.2064,0.55,0.7353,3.2727,47.19,6.95,40.2,80.42,86.475
2020-11-29 08:00:00,8,23,23,2.0,3.0,17.0,1.0,0.0,1.0,11,10,6,2,8,2,140.683,426.0,260.0,3519.0,140.683,3.0,6.59,roster,0,75.0,57.5,0.7812,144.9,6.8232,0.575,1.5175,3.2609,49.33,6.95,26.8,81.82,87.975
2020-11-29 09:00:00,9,27,27,1.0,4.0,21.0,1.0,0.0,1.0,9,8,6,2,8,2,141.683,399.0,304.0,3579.0,141.683,3.0,6.59,roster,0,86.0,67.5,0.8958,154.87,6.0167,0.675,1.214,3.1852,57.92,6.95,26.8,83.21,89.475
2020-11-29 10:00:00,10,35,35,1.0,5.0,27.0,2.0,0.0,1.0,14,15,6,2,8,2,142.683,243.5,116.0,3639.0,142.683,4.0,10.29,roster,0,110.0,87.5,0.8594,173.43,7.3314,0.875,1.4577,3.1429,75.08,6.95,26.8,84.61,90.975
2020-11-29 11:00:00,11,41,41,1.0,6.0,30.0,4.0,0.0,1.0,11,11,10,2,12,2,143.683,126.5,89.0,614.0,143.683,4.0,10.29,roster,0,127.0,102.5,1.1339,119.44,6.4863,1.025,1.069,3.0976,87.94,10.42,26.8,14.28,15.35
2020-11-29 12:00:00,12,33,33,0.0,6.0,23.0,4.0,0.0,1.0,5,5,11,2,13,2,144.683,163.0,136.0,243.0,144.683,4.0,10.29,roster,0,101.0,82.5,0.9352,94.52,4.0122,0.825,0.4859,3.0606,70.78,11.29,26.8,5.65,6.075
2020-11-29 13:00:00,13,33,33,0.0,3.0,28.0,2.0,0.0,1.0,11,10,8,2,10,2,145.683,211.5,183.0,734.0,145.683,4.0,10.29,roster,0,100.0,82.5,0.8333,103.33,5.4449,0.825,0.9718,3.0303,70.78,8.68,26.8,17.07,18.35
2020-11-29 14:00:00,14,26,26,0.0,2.0,22.0,2.0,0.0,1.0,5,3,5,0,5,0,146.683,283.0,260.0,3879.0,146.683,4.0,10.29,roster,0,78.0,65.0,0.5571,130.3,2.8246,0.65,0.2915,3.0,55.77,4.34,0.0,90.19,96.975
2020-11-29 15:00:00,15,27,27,0.0,2.0,23.0,2.0,0.0,1.0,6,6,4,0,4,0,147.683,2129.5,320.0,8861.0,147.683,4.0,10.29,roster,0,81.0,67.5,0.5625,247.41,3.7743,0.675,0.5831,3.0,57.92,3.47,0.0,206.02,221.525
2020-11-29 16:00:00,16,24,24,0.0,3.0,19.0,2.0,0.0,1.0,11,10,4,0,4,0,148.683,2181.0,363.0,8921.0,148.683,4.0,10.29,roster,0,73.0,60.0,0.5069,242.37,4.7809,0.6,0.9718,3.0417,51.48,3.47,0.0,207.41,223.025
2020-11-29 17:00:00,17,33,33,0.0,8.0,22.0,3.0,0.0,1.0,12,13,6,0,6,0,149.683,280.0,102.0,4059.0,149.683,4.0,10.29,roster,0,104.0,82.5,0.7647,150.37,6.5815,0.825,1.2634,3.1515,70.78,5.21,0.0,94.37,101.475
2020-11-29 18:00:00,18,28,28,1.0,9.0,16.0,2.0,0.0,1.0,7,7,8,0,8,0,150.683,142.0,108.0,4119.0,150.683,4.0,10.29,roster,0,93.0,70.0,0.7266,142.77,4.5845,0.7,0.6803,3.3214,60.06,6.95,0.0,95.77,102.975
2020-11-29 19:00:00,19,30,30,0.0,9.0,20.0,1.0,0.0,1.0,9,8,8,0,8,0,151.683,175.0,142.0,4179.0,151.683,4.0,10.29,roster,0,98.0,75.0,0.7656,148.46,4.9897,0.75,0.7775,3.2667,64.35,6.95,0.0,97.16,104.475
2020-11-29 20:00:00,20,33,33,0.0,10.0,22.0,1.0,0.0,1.0,9,8,7,1,8,1,152.683,235.0,202.0,4239.0,152.683,4.0,11.46,roster,0,108.0,82.5,0.8438,169.69,4.9846,0.825,0.6981,3.2727,70.78,6.95,13.4,98.56,105.975
2020-11-29 21:00:00,21,34,34,0.0,10.0,23.0,1.0,0.0,1.0,7,6,6,1,7,1,153.683,302.0,210.0,4299.0,153.683,4.0,11.46,roster,0,111.0,85.0,0.8409,172.36,4.4843,0.85,0.5236,3.2647,72.93,6.08,13.4,99.95,107.475
2020-11-29 22:00:00,22,25,25,0.0,10.0,14.0,1.0,0.0,1.0,7,5,6,0,6,0,154.683,382.0,348.0,4359.0,154.683,3.0,7.76,roster,0,84.0,62.5,0.8235,140.18,4.2649,0.625,0.6443,3.36,53.62,5.21,0.0,101.35,108.975
2020-11-29 23:00:00,23,23,23,0.0,9.0,13.0,1.0,0.0,1.0,6,5,6,0,6,0,155.683,442.0,408.0,4419.0,155.683,3.0,7.76,roster,0,77.0,57.5,0.7549,137.29,4.0821,0.575,0.6443,3.3478,49.33,5.21,0.0,102.74,110.475
2020-11-30 00:00:00,0,19,19,0.0,8.0,10.0,1.0,0.0,1.0,4,2,6,0,6,0,156.683,502.0,468.0,4479.0,156.683,3.0,7.76,roster,0,64.0,47.5,0.6275,130.1,2.4681,0.475,0.2577,3.3684,40.75,5.21,0.0,104.14,111.975
2020-11-30 01:00:00,1,18,18,1.0,8.0,8.0,1.0,0.0,1.0,5,4,6,0,6,0,157.683,562.0,528.0,4539.0,157.683,3.0,7.76,roster,0,63.0,45.0,0.6176,129.35,3.3791,0.45,0.5155,3.5,38.61,5.21,0.0,105.53,113.475
2020-11-30 02:00:00,2,25,25,2.0,9.0,12.0,2.0,0.0,1.0,9,8,9,1,10,1,158.683,416.5,90.0,642.0,158.683,3.0,7.76,roster,0,86.0,62.5,0.9556,70.63,5.6964,0.625,1.0309,3.44,53.62,8.68,13.4,14.93,16.05
2020-11-30 03:00:00,3,24,24,2.0,9.0,11.0,2.0,0.0,1.0,2,2,10,2,12,2,159.683,229.0,137.0,702.0,159.683,3.0,7.76,roster,0,83.0,60.0,0.9881,85.02,2.9663,0.6,0.2577,3.4583,51.48,10.42,26.8,16.32,17.55
2020-11-30 04:00:00,4,23,23,1.0,10.0,11.0,1.0,0.0,1.0,5,4,11,1,12,1,160.683,289.0,194.0,762.0,160.683,3.0,7.76,roster,0,80.0,57.5,0.9524,70.87,3.7929,0.575,0.5155,3.4783,49.33,10.42,13.4,17.72,19.05
2020-11-30 05:00:00,5,23,23,1.0,10.0,11.0,1.0,0.0,1.0,0,0,12,1,13,1,161.683,273.0,226.0,782.0,161.683,3.0,7.76,roster,0,80.0,57.5,0.9877,72.2,2.0,0.575,0.0,3.4783,49.33,11.29,13.4,18.18,19.55
2020-11-30 06:00:00,6,22,22,1.0,11.0,9.0,1.0,0.0,1.0,1,1,12,1,13,1,162.683,333.0,286.0,842.0,162.683,3.0,7.76,roster,0,78.0,55.0,0.963,71.45,2.4069,0.55,0.1289,3.5455,47.19,11.29,13.4,19.58,21.05
2020-11-30 07:00:00,7,23,23,0.0,11.0,11.0,1.0,0.0,1.0,2,2,13,0,13,0,163.683,393.0,346.0,902.0,163.683,3.0,7.76,roster,0,79.0,57.5,0.9753,61.59,2.8603,0.575,0.2577,3.4348,49.33,11.29,0.0,20.97,22.55
2020-11-30 08:00:00,8,30,30,0.0,12.0,16.0,2.0,0.0,1.0,9,9,13,0,13,0,164.683,453.0,406.0,962.0,164.683,3.0,6.58,roster,0,100.0,75.0,1.2346,78.0,7.0593,0.75,1.3678,3.3333,64.35,11.29,0.0,22.37,24.05
2020-11-30 09:00:00,9,31,31,0.0,6.0,23.0,2.0,0.0,1.0,8,9,7,0,7,0,165.683,1022.0,351.0,5019.0,165.683,3.0,6.58,roster,0,97.0,77.5,0.9798,169.26,6.7048,0.775,1.3678,3.129,66.5,6.08,0.0,116.69,125.475
2020-11-30 10:00:00,10,40,40,0.0,8.0,26.0,6.0,0.0,1.0,16,14,11,0,11,0,166.683,411.0,80.0,1122.0,166.683,4.0,10.28,roster,0,122.0,100.0,1.0517,101.44,7.2037,1.0,1.3619,3.05,85.8,9.55,0.0,26.09,28.05
2020-11-30 11:00:00,11,37,37,1.0,9.0,24.0,3.0,0.0,1.0,8,8,14,0,14,0,167.683,197.5,97.0,1142.0,167.683,4.0,10.28,roster,0,119.0,92.5,1.1442,98.07,5.4779,0.925,0.7782,3.2162,79.36,12.16,0.0,26.55,28.55
2020-11-30 12:00:00,12,35,35,1.0,8.0,24.0,2.0,0.0,1.0,6,5,16,1,17,1,86.65,182.0,128.0,531.0,86.65,4.0,10.28,roster,0,113.0,87.5,1.2283,95.58,4.3953,0.875,0.4864,3.2286,75.08,14.76,13.4,12.35,13.275
2020-11-30 13:00:00,13,35,35,1.0,7.0,23.0,4.0,0.0,1.0,7,6,19,1,20,1,87.65,208.0,156.0,591.0,87.65,4.0,10.28,roster,0,110.0,87.5,1.375,99.58,4.5844,0.875,0.5837,3.1429,75.08,17.37,13.4,13.74,14.775
2020-11-30 14:00:00,14,30,30,0.0,5.0,21.0,3.0,1.0,1.0,6,5,15,1,16,1,88.65,256.0,216.0,351.0,88.65,4.0,10.28,roster,0,90.0,75.0,0.9375,79.8,3.7091,0.75,0.4864,3.0,64.35,13.89,13.4,8.16,8.775
2020-11-30 15:00:00,15,24,24,1.0,3.0,17.0,3.0,0.0,1.0,7,7,10,1,11,1,89.65,319.0,232.0,411.0,89.65,4.0,10.28,roster,0,74.0,60.0,0.6379,63.99,3.9495,0.6,0.6809,3.0833,51.48,9.55,13.4,9.56,10.275
2020-11-30 16:00:00,16,30,30,1.0,5.0,19.0,4.0,1.0,1.0,8,8,10,1,11,1,90.65,379.0,276.0,471.0,90.65,4.0,10.28,roster,0,91.0,75.0,0.7845,78.25,4.6356,0.75,0.7782,3.0333,64.35,9.55,13.4,10.95,11.775
2020-11-30 17:00:00,17,27,27,0.0,5.0,15.0,6.0,1.0,1.0,4,4,11,1,12,1,91.65,399.0,234.0,531.0,91.65,4.0,10.28,roster,0,78.0,67.5,0.6964,74.08,3.0741,0.675,0.3891,2.8889,57.92,10.42,13.4,12.35,13.275
2020-11-30 18:00:00,18,25,25,0.0,8.0,13.0,3.0,1.0,1.0,7,7,8,2,10,2,92.65,426.0,174.0,517.0,92.65,4.0,10.28,roster,0,78.0,62.5,0.65,81.13,4.0745,0.625,0.6809,3.12,53.62,8.68,26.8,12.02,12.925
2020-11-30 19:00:00,19,23,23,0.0,7.0,13.0,2.0,1.0,1.0,8,6,7,2,9,2,93.65,234.0,148.0,516.0,93.65,4.0,10.28,roster,0,72.0,57.5,0.5806,75.95,3.6271,0.575,0.5837,3.1304,49.33,7.81,26.8,12.0,12.9
2020-11-30 20:00:00,20,20,20,0.0,5.0,12.0,2.0,1.0,1.0,7,8,6,1,7,1,94.65,267.0,173.0,1011.0,94.65,4.0,11.16,roster,0,61.0,50.0,0.4621,65.88,3.7114,0.5,0.7168,3.05,42.9,6.08,13.4,23.51,25.275
2020-11-30 21:00:00,21,21,21,0.0,6.0,12.0,2.0,1.0,1.0,6,5,6,1,7,1,95.65,239.0,86.0,1071.0,95.65,4.0,11.16,roster,0,65.0,52.5,0.4924,69.42,3.0118,0.525,0.448,3.0952,45.04,6.08,13.4,24.9,26.775
2020-11-30 22:00:00,22,14,14,0.0,4.0,9.0,1.0,0.0,1.0,4,4,2,1,3,1,96.65,1131.0,299.0,5799.0,96.65,3.0,7.46,roster,0,45.0,35.0,0.4054,160.86,2.8485,0.35,0.5362,3.2143,30.03,2.6,13.4,134.83,144.975
2020-11-30 23:00:00,23,16,16,0.0,4.0,11.0,1.0,0.0,1.0,8,7,2,0,2,0,97.65,3525.0,1191.0,5859.0,97.65,3.0,7.46,roster,0,51.0,40.0,0.4474,152.28,4.266,0.4,0.9383,3.1875,34.32,1.74,0.0,136.22,146.475
