ts,hour,total,census,l1,l2,l3,l4,l5,tri_coverage,arrivals,arrival_present_1h,waitBed,waitICU,D_board,resus,maxLOS_h,awt_curr_min,board_q1_min,board_q3_min,board_max_h,Na,cap_sum,cap_source,src_gap,acuity,OCCUPANCY,EDWIN,NEDOCS,READI,READI_BR,READI_PR,READI_AR,NEDOCS_t_total,NEDOCS_t_board,NEDOCS_t_resus,NEDOCS_t_longest_admit,NEDOCS_E_h
2024-03-01 00:00:00,0,51,51,2.0,8.0,29.0,11.0,1.0,1.0,8,9,26,2,28,2,29.867,471.0,349.0,621.0,29.867,3.0,6.41,roster,0,152.0,127.5,4.2222,154.95,7.9846,1.275,1.4041,2.9804,109.39,24.31,26.8,14.44,15.525
2024-03-01 01:00:00,1,48,48,2.0,8.0,30.0,8.0,0.0,1.0,5,5,27,2,29,2,30.867,526.0,407.0,675.0,30.867,3.0,6.41,roster,0,148.0,120.0,4.4848,150.63,6.1051,1.2,0.78,3.0833,102.96,25.18,26.8,15.69,16.875
2024-03-01 02:00:00,2,48,48,2.0,9.0,31.0,6.0,0.0,1.0,4,3,30,2,32,2,31.867,558.5,410.0,735.0,31.867,3.0,6.41,roster,0,151.0,120.0,6.2917,154.63,5.2473,1.2,0.468,3.1458,102.96,27.79,26.8,17.09,18.375
2024-03-01 03:00:00,3,47,47,2.0,9.0,31.0,5.0,0.0,1.0,2,2,31,2,33,2,32.867,609.0,388.0,740.0,32.867,3.0,6.41,roster,0,149.0,117.5,7.0952,153.47,4.7141,1.175,0.312,3.1702,100.82,28.65,26.8,17.21,18.5
2024-03-01 04:00:00,4,47,47,2.0,10.0,29.0,5.0,1.0,1.0,4,3,31,2,33,2,33.867,669.0,448.0,800.0,33.867,3.0,6.41,roster,0,148.0,117.5,7.0476,154.87,5.1738,1.175,0.468,3.1489,100.82,28.65,26.8,18.6,20.0
2024-03-01 05:00:00,5,45,45,2.0,11.0,28.0,4.0,0.0,1.0,1,1,31,2,33,2,34.867,729.0,508.0,860.0,34.867,3.0,6.41,roster,0,146.0,112.5,6.9524,151.97,4.1562,1.125,0.156,3.2444,96.52,28.65,26.8,20.0,21.5
2024-03-01 06:00:00,6,45,45,2.0,11.0,28.0,4.0,0.0,1.0,4,3,32,2,34,2,35.867,759.5,547.0,920.0,35.867,3.0,6.41,roster,0,146.0,112.5,8.1111,154.24,5.1685,1.125,0.468,3.2444,96.52,29.52,26.8,21.39,23.0
2024-03-01 07:00:00,7,47,47,3.0,12.0,28.0,4.0,0.0,1.0,3,3,32,2,34,2,36.867,819.5,607.0,980.0,36.867,3.0,6.41,roster,0,155.0,117.5,8.6111,159.92,5.4185,1.175,0.468,3.2979,100.82,29.52,26.8,22.78,24.5
2024-03-01 08:00:00,8,49,49,3.0,14.0,28.0,4.0,0.0,1.0,4,4,33,2,35,2,37.867,850.0,665.0,1040.0,37.867,3.0,7.78,roster,0,163.0,122.5,10.8667,166.48,5.7853,1.225,0.5141,3.3265,105.1,30.39,26.8,24.18,26.0
2024-03-01 09:00:00,9,54,54,3.0,16.0,31.0,4.0,0.0,1.0,8,7,33,3,36,3,38.867,891.0,566.0,1093.0,38.867,3.0,7.78,roster,0,180.0,135.0,15.0,192.7,7.4991,1.35,0.8997,3.3333,115.83,31.26,40.2,25.41,27.325
2024-03-01 10:00:00,10,50,50,2.0,16.0,29.0,3.0,0.0,1.0,5,6,31,3,34,3,39.867,896.0,575.0,1076.0,39.867,4.0,11.12,roster,0,167.0,125.0,6.9583,181.99,5.9772,1.25,0.5396,3.34,107.25,29.52,40.2,25.02,26.9
2024-03-01 11:00:00,11,46,46,2.0,17.0,24.0,3.0,0.0,1.0,9,9,23,3,26,3,40.867,857.5,394.0,1030.0,40.867,4.0,11.12,roster,0,156.0,115.0,2.7857,165.39,6.6448,1.15,0.8094,3.3913,98.67,22.58,40.2,23.95,25.75
2024-03-01 12:00:00,12,45,45,3.0,14.0,26.0,2.0,0.0,1.0,12,11,23,2,25,2,41.867,698.0,201.0,1022.0,41.867,4.0,11.12,roster,0,153.0,112.5,2.55,148.79,7.1883,1.125,0.9892,3.4,96.52,21.71,26.8,23.76,25.55
2024-03-01 13:00:00,13,48,48,3.0,14.0,29.0,2.0,0.0,1.0,5,6,27,2,29,2,42.867,419.0,156.0,1070.0,42.867,4.0,11.12,roster,0,162.0,120.0,3.6818,159.82,5.871,1.2,0.5396,3.375,102.96,25.18,26.8,24.88,26.75
2024-03-01 14:00:00,14,45,45,3.0,14.0,25.0,3.0,0.0,1.0,8,8,24,2,26,2,43.867,446.5,212.0,1142.0,43.867,4.0,11.12,roster,0,152.0,112.5,2.7143,152.45,6.2301,1.125,0.7194,3.3778,96.52,22.58,26.8,26.55,28.55
2024-03-01 15:00:00,15,38,38,3.0,9.0,23.0,3.0,0.0,1.0,11,11,15,2,17,2,44.867,374.0,244.0,539.0,44.867,4.0,11.12,roster,0,126.0,95.0,1.3696,115.6,6.43,0.95,0.9892,3.3158,81.51,14.76,26.8,12.53,13.475
2024-03-01 16:00:00,16,45,45,2.0,10.0,28.0,5.0,0.0,1.0,16,16,14,2,16,2,45.867,327.5,240.0,534.0,45.867,4.0,11.12,roster,0,144.0,112.5,1.5,129.63,8.2043,1.125,1.4388,3.2,96.52,13.89,26.8,12.42,13.35
2024-03-01 17:00:00,17,40,40,2.0,10.0,23.0,5.0,0.0,1.0,7,6,15,4,19,4,31.95,308.0,139.0,568.0,21.833,4.0,11.12,roster,0,129.0,100.0,1.5357,149.1,4.9651,1.0,0.5396,3.225,85.8,16.5,53.6,13.21,14.2
2024-03-01 18:00:00,18,36,36,2.0,8.0,21.0,5.0,0.0,1.0,4,4,17,4,21,4,32.95,360.0,173.0,464.0,22.833,4.0,11.12,roster,0,115.0,90.0,1.5132,139.84,4.0241,0.9,0.3597,3.1944,77.22,18.23,53.6,10.79,11.6
2024-03-01 19:00:00,19,35,35,3.0,8.0,18.0,5.0,1.0,1.0,8,8,13,4,17,4,24.183,420.0,233.0,524.0,22.467,4.0,11.12,roster,0,112.0,87.5,1.2174,135.62,5.1022,0.875,0.7194,3.2,75.08,14.76,53.6,12.18,13.1
2024-03-01 20:00:00,20,32,32,4.0,7.0,14.0,6.0,1.0,1.0,7,7,13,4,17,4,25.183,354.0,247.0,584.0,23.467,4.0,11.22,roster,0,103.0,80.0,1.1196,130.58,4.5831,0.8,0.6239,3.2188,68.64,14.76,53.6,13.58,14.6
2024-03-01 21:00:00,21,35,35,4.0,7.0,19.0,4.0,1.0,1.0,8,8,14,3,17,3,26.183,353.0,262.0,548.0,24.467,4.0,11.22,roster,0,114.0,87.5,1.2391,122.78,5.1724,0.875,0.713,3.2571,75.08,14.76,40.2,12.74,13.7
2024-03-01 22:00:00,22,33,33,4.0,7.0,18.0,3.0,1.0,1.0,4,3,15,3,18,3,27.183,397.5,223.0,608.0,25.467,3.0,7.88,roster,0,109.0,82.5,1.6515,120.75,3.9825,0.825,0.3807,3.303,70.78,15.63,40.2,14.14,15.2
2024-03-01 23:00:00,23,28,28,5.0,6.0,13.0,3.0,1.0,1.0,4,3,14,3,17,3,28.183,442.0,283.0,668.0,26.467,3.0,7.88,roster,0,95.0,70.0,1.3768,110.55,3.6667,0.7,0.3807,3.3929,60.06,14.76,40.2,15.53,16.7
2024-03-02 00:00:00,0,29,29,5.0,6.0,15.0,2.0,1.0,1.0,5,4,15,3,18,3,29.183,494.5,318.0,728.0,27.467,3.0,7.88,roster,0,99.0,72.5,1.5,114.96,4.2079,0.725,0.5076,3.4138,62.2,15.63,40.2,16.93,18.2
2024-03-02 01:00:00,1,30,30,5.0,7.0,15.0,2.0,1.0,1.0,2,2,16,3,19,3,30.183,547.0,327.0,788.0,28.467,3.0,7.88,roster,0,103.0,75.0,1.6349,119.37,3.4464,0.75,0.2538,3.4333,64.35,16.5,40.2,18.32,19.7
2024-03-02 02:00:00,2,33,33,5.0,8.0,17.0,2.0,1.0,1.0,6,6,16,3,19,3,31.183,607.0,387.0,848.0,29.467,3.0,7.88,roster,0,113.0,82.5,1.7937,127.2,5.4323,0.825,0.7614,3.4242,70.78,16.5,40.2,19.72,21.2
2024-03-02 03:00:00,3,30,30,5.0,6.0,17.0,1.0,1.0,1.0,2,2,16,3,19,3,32.183,667.0,447.0,908.0,30.467,3.0,7.88,roster,0,103.0,75.0,1.6349,122.16,3.4464,0.75,0.2538,3.4333,64.35,16.5,40.2,21.11,22.7
2024-03-02 04:00:00,4,32,32,5.0,7.0,18.0,1.0,1.0,1.0,4,4,16,3,19,3,33.183,727.0,507.0,968.0,31.467,3.0,7.88,roster,0,110.0,80.0,1.746,127.84,4.4949,0.8,0.5076,3.4375,68.64,16.5,40.2,22.51,24.2
2024-03-02 05:00:00,5,31,31,5.0,7.0,17.0,1.0,1.0,1.0,2,1,16,4,20,4,34.183,782.5,567.0,1028.0,32.467,3.0,7.88,roster,0,107.0,77.5,1.7833,141.36,3.113,0.775,0.1269,3.4516,66.5,17.37,53.6,23.9,25.7
2024-03-02 06:00:00,6,32,32,5.0,7.0,17.0,2.0,1.0,1.0,4,4,16,3,19,3,35.183,838.0,601.0,1088.0,33.467,3.0,7.88,roster,0,109.0,80.0,1.7302,130.63,4.4541,0.8,0.5076,3.4062,68.64,16.5,40.2,25.3,27.2
2024-03-02 07:00:00,7,34,34,5.0,7.0,18.0,3.0,1.0,1.0,3,3,17,3,20,3,36.183,880.0,661.0,1148.0,34.467,3.0,7.88,roster,0,114.0,85.0,1.9,137.19,4.1265,0.85,0.3807,3.3529,72.93,17.37,40.2,26.69,28.7
2024-03-02 08:00:00,8,28,28,4.0,7.0,14.0,2.0,1.0,1.0,1,1,18,3,21,3,35.467,922.0,698.0,1200.0,35.467,3.0,6.5,roster,0,95.0,70.0,1.6667,126.39,2.897,0.7,0.1538,3.3929,60.06,18.23,40.2,27.9,30.0
2024-03-02 09:00:00,9,26,26,4.0,7.0,14.0,1.0,0.0,1.0,6,6,15,3,18,3,36.467,932.5,758.0,1268.0,36.467,3.0,6.5,roster,0,92.0,65.0,1.3939,121.08,5.5663,0.65,0.9231,3.5385,55.77,15.63,40.2,29.48,31.7
2024-03-02 10:00:00,10,28,28,3.0,7.0,18.0,0.0,0.0,1.0,8,5,16,3,19,3,37.467,918.0,656.0,1320.0,37.467,4.0,10.2,roster,0,97.0,70.0,1.1548,127.45,4.1232,0.7,0.4902,3.4643,60.06,16.5,40.2,30.69,33.0
2024-03-02 11:00:00,11,26,26,3.0,9.0,14.0,0.0,0.0,1.0,6,6,15,3,18,3,38.467,990.5,452.0,1380.0,38.467,4.0,10.2,roster,0,93.0,65.0,1.0568,123.68,4.4291,0.65,0.5882,3.5769,55.77,15.63,40.2,32.08,34.5
2024-03-02 12:00:00,12,26,26,1.0,10.0,15.0,0.0,0.0,1.0,5,5,14,4,18,4,39.467,644.0,112.0,1440.0,39.467,4.0,10.2,roster,0,90.0,65.0,1.0227,138.48,3.9468,0.65,0.4902,3.4615,55.77,15.63,53.6,33.48,36.0
2024-03-02 13:00:00,13,29,29,1.0,11.0,16.0,1.0,0.0,1.0,7,7,14,4,18,4,40.467,435.5,166.0,1500.0,40.467,4.0,10.2,roster,0,99.0,72.5,1.125,146.31,4.8178,0.725,0.6863,3.4138,62.2,15.63,53.6,34.88,37.5
2024-03-02 14:00:00,14,26,26,1.0,10.0,15.0,0.0,0.0,1.0,6,6,10,4,14,4,30.9,302.0,150.0,1282.0,30.9,4.0,10.2,roster,0,90.0,65.0,0.8654,131.33,4.2862,0.65,0.5882,3.4615,55.77,12.16,53.6,29.81,32.05
2024-03-02 15:00:00,15,20,20,1.0,8.0,11.0,0.0,0.0,1.0,3,2,8,4,12,4,31.717,311.0,170.0,692.0,31.717,4.0,10.2,roster,0,70.0,50.0,0.625,103.01,2.4363,0.5,0.1961,3.5,42.9,10.42,53.6,16.09,17.3
2024-03-02 16:00:00,16,20,20,1.0,8.0,11.0,0.0,0.0,1.0,6,6,8,2,10,2,24.117,268.5,205.0,390.0,24.117,4.0,10.2,roster,0,70.0,50.0,0.5833,67.45,3.8088,0.5,0.5882,3.5,42.9,8.68,26.8,9.07,9.75
2024-03-02 17:00:00,17,21,21,2.0,8.0,11.0,0.0,0.0,1.0,6,6,11,1,12,1,25.117,275.0,170.0,450.0,25.117,4.0,10.2,roster,0,75.0,52.5,0.6696,59.33,3.9758,0.525,0.5882,3.5714,45.04,10.42,13.4,10.46,11.25
2024-03-02 18:00:00,18,28,28,2.0,7.0,19.0,0.0,0.0,1.0,9,9,12,1,13,1,26.117,325.0,154.0,472.0,26.117,4.0,10.2,roster,0,95.0,70.0,0.8796,75.72,5.3687,0.7,0.8824,3.3929,60.06,11.29,13.4,10.97,11.8
2024-03-02 19:00:00,19,26,26,2.0,8.0,15.0,1.0,0.0,1.0,6,6,13,1,14,1,27.117,253.5,172.0,410.0,27.117,4.0,10.2,roster,0,89.0,65.0,0.8558,70.86,4.2386,0.65,0.5882,3.4231,55.77,12.16,13.4,9.53,10.25
2024-03-02 20:00:00,20,27,27,3.0,10.0,14.0,0.0,0.0,1.0,9,7,14,1,15,1,28.117,274.0,163.0,470.0,28.117,4.0,10.95,roster,0,97.0,67.5,0.97,75.27,4.7216,0.675,0.6393,3.5926,57.92,13.02,13.4,10.93,11.75
2024-03-02 21:00:00,21,31,31,3.0,11.0,17.0,0.0,0.0,1.0,9,10,14,2,16,2,12.983,311.5,174.0,505.0,12.983,4.0,10.95,roster,0,110.0,77.5,1.1458,98.93,5.9905,0.775,0.9132,3.5484,66.5,13.89,26.8,11.74,12.625
2024-03-02 22:00:00,22,23,23,2.0,7.0,14.0,0.0,0.0,1.0,7,7,12,1,13,1,13.983,255.0,120.0,394.0,13.983,3.0,7.25,roster,0,80.0,57.5,0.9877,63.18,5.3583,0.575,0.9655,3.4783,49.33,11.29,13.4,9.16,9.85
2024-03-02 23:00:00,23,22,22,2.0,8.0,12.0,0.0,0.0,1.0,5,5,12,1,13,1,14.983,281.0,177.0,454.0,14.983,3.0,7.25,roster,0,78.0,55.0,0.963,62.43,4.3951,0.55,0.6897,3.5455,47.19,11.29,13.4,10.56,11.35
2024-03-03 00:00:00,0,28,28,2.0,8.0,18.0,0.0,0.0,1.0,8,8,12,1,13,1,15.983,341.0,237.0,514.0,15.983,3.0,7.25,roster,0,96.0,70.0,1.1852,76.7,6.1833,0.7,1.1034,3.4286,60.06,11.29,13.4,11.95,12.85
2024-03-03 01:00:00,1,24,24,1.0,8.0,15.0,0.0,0.0,1.0,2,1,14,0,14,0,16.983,368.0,273.0,574.0,16.983,3.0,7.25,roster,0,82.0,60.0,1.0513,56.98,2.5213,0.6,0.1379,3.4167,51.48,12.16,0.0,13.35,14.35
2024-03-03 02:00:00,2,20,20,1.0,7.0,12.0,0.0,0.0,1.0,6,3,13,0,13,0,17.983,461.0,338.0,634.0,17.983,3.0,7.25,roster,0,69.0,50.0,0.8519,48.93,3.1526,0.5,0.4138,3.45,42.9,11.29,0.0,14.74,15.85
2024-03-03 03:00:00,3,24,24,2.0,7.0,15.0,0.0,0.0,1.0,4,4,14,0,14,0,18.983,488.0,393.0,694.0,18.983,3.0,7.25,roster,0,83.0,60.0,1.0641,59.77,3.983,0.6,0.5517,3.4583,51.48,12.16,0.0,16.14,17.35
2024-03-03 04:00:00,4,27,27,2.0,8.0,16.0,1.0,0.0,1.0,5,5,15,0,15,0,19.983,515.0,295.0,754.0,19.983,3.0,7.25,roster,0,92.0,67.5,1.2267,68.47,4.6499,0.675,0.6897,3.4074,57.92,13.02,0.0,17.53,18.85
2024-03-03 05:00:00,5,24,24,2.0,8.0,13.0,1.0,0.0,1.0,2,2,15,0,15,0,20.983,575.0,355.0,814.0,20.983,3.0,7.25,roster,0,83.0,60.0,1.1067,63.43,3.029,0.6,0.2759,3.4583,51.48,13.02,0.0,18.93,20.35
2024-03-03 06:00:00,6,23,23,2.0,8.0,13.0,0.0,0.0,1.0,1,1,15,0,15,0,21.983,635.0,415.0,874.0,21.983,3.0,7.25,roster,0,81.0,57.5,1.08,62.68,2.5108,0.575,0.1379,3.5217,49.33,13.02,0.0,20.32,21.85
2024-03-03 07:00:00,7,23,23,2.0,9.0,11.0,1.0,0.0,1.0,3,3,15,0,15,0,22.983,695.0,475.0,934.0,22.983,3.0,7.25,roster,0,81.0,57.5,1.08,64.08,3.4823,0.575,0.4138,3.5217,49.33,13.02,0.0,21.72,23.35
2024-03-03 08:00:00,8,23,23,2.0,8.0,11.0,2.0,0.0,1.0,3,3,15,0,15,0,23.983,755.0,535.0,994.0,23.983,3.0,7.78,roster,0,79.0,57.5,1.0533,65.47,3.2995,0.575,0.3856,3.4348,49.33,13.02,0.0,23.11,24.85
2024-03-03 09:00:00,9,25,25,2.0,6.0,15.0,2.0,0.0,1.0,8,8,14,0,14,0,24.983,848.0,595.0,1054.0,24.983,3.0,7.78,roster,0,83.0,62.5,1.0641,70.29,5.4889,0.625,1.0283,3.32,53.62,12.16,0.0,24.51,26.35
2024-03-03 10:00:00,10,25,25,2.0,6.0,15.0,2.0,0.0,1.0,7,7,14,0,14,0,25.983,825.0,518.0,1072.0,25.983,4.0,11.1,roster,0,83.0,62.5,0.7981,70.71,4.1687,0.625,0.6306,3.32,53.62,12.16,0.0,24.92,26.8
2024-03-03 11:00:00,11,29,29,3.0,7.0,16.0,3.0,0.0,1.0,14,11,12,0,12,0,26.983,885.0,147.0,1174.0,26.983,4.0,11.1,roster,0,97.0,72.5,0.8661,79.92,5.7397,0.725,0.991,3.3448,62.2,10.42,0.0,27.3,29.35
2024-03-03 12:00:00,12,29,29,4.0,6.0,19.0,0.0,0.0,1.0,12,9,10,1,11,1,27.983,569.0,151.0,1234.0,27.983,4.0,11.1,roster,0,101.0,72.5,0.8707,93.85,5.3489,0.725,0.8108,3.4828,62.2,9.55,13.4,28.69,30.85
2024-03-03 13:00:00,13,36,36,4.0,7.0,25.0,0.0,0.0,1.0,16,14,9,2,11,2,28.983,267.0,121.0,1294.0,28.983,4.0,11.1,roster,0,123.0,90.0,1.0603,123.66,7.3843,0.9,1.2613,3.4167,77.22,9.55,26.8,30.09,32.35
2024-03-03 14:00:00,14,32,32,2.0,7.0,21.0,2.0,0.0,1.0,8,8,10,1,11,1,29.983,207.0,105.0,689.0,29.983,4.0,11.1,roster,0,105.0,80.0,0.9052,87.61,4.9899,0.8,0.7207,3.2812,68.64,9.55,13.4,16.02,17.225
2024-03-03 15:00:00,15,35,35,2.0,7.0,23.0,3.0,0.0,1.0,13,12,11,1,12,1,28.867,238.5,158.0,387.0,28.867,4.0,11.1,roster,0,113.0,87.5,1.0089,87.89,6.3153,0.875,1.0811,3.2286,75.08,10.42,13.4,9.0,9.675
2024-03-03 16:00:00,16,40,40,2.0,8.0,28.0,2.0,0.0,1.0,13,11,14,2,16,2,29.867,221.5,121.0,391.0,29.867,4.0,11.1,roster,0,130.0,100.0,1.3542,115.58,6.4707,1.0,0.991,3.25,85.8,13.89,26.8,9.09,9.775
2024-03-03 17:00:00,17,36,36,2.0,7.0,25.0,2.0,0.0,1.0,7,6,17,1,18,1,30.867,273.5,126.0,387.0,30.867,4.0,11.1,roster,0,117.0,90.0,1.3295,95.25,4.6818,0.9,0.5405,3.25,77.22,15.63,13.4,9.0,9.675
2024-03-03 18:00:00,18,41,41,2.0,8.0,30.0,1.0,0.0,1.0,13,13,16,1,17,1,31.867,338.0,188.0,447.0,31.867,4.0,11.1,roster,0,134.0,102.5,1.4565,106.5,7.1777,1.025,1.1712,3.2683,87.94,14.76,13.4,10.39,11.175
2024-03-03 19:00:00,19,48,48,2.0,7.0,38.0,1.0,0.0,1.0,12,10,19,1,20,1,32.867,355.0,234.0,507.0,32.867,4.0,11.1,roster,0,154.0,120.0,1.925,125.51,6.7404,1.2,0.9009,3.2083,102.96,17.37,13.4,11.79,12.675
2024-03-03 20:00:00,20,47,47,2.0,7.0,32.0,6.0,0.0,1.0,15,14,21,2,23,2,33.867,361.0,170.0,541.0,33.867,4.0,10.55,roster,0,146.0,117.5,2.1471,140.16,7.7722,1.175,1.327,3.1064,100.82,19.97,26.8,12.58,13.525
2024-03-03 21:00:00,21,50,50,3.0,8.0,28.0,11.0,0.0,1.0,12,11,21,3,24,3,34.867,394.5,230.0,601.0,34.867,4.0,10.55,roster,0,153.0,125.0,2.3906,162.26,7.0155,1.25,1.0427,3.06,107.25,20.84,40.2,13.97,15.025
2024-03-03 22:00:00,22,54,54,3.0,7.0,29.0,15.0,0.0,1.0,16,15,22,3,25,3,35.867,428.0,284.0,656.0,35.867,3.0,7.23,roster,0,160.0,135.0,3.5556,172.99,10.1472,1.35,2.0747,2.963,115.83,21.71,40.2,15.25,16.4
2024-03-03 23:00:00,23,49,49,3.0,7.0,25.0,13.0,1.0,1.0,8,7,21,3,24,3,36.867,514.5,350.0,721.0,36.867,3.0,7.23,roster,0,145.0,122.5,3.0208,162.91,6.49,1.225,0.9682,2.9592,105.1,20.84,40.2,16.76,18.025
2024-03-04 00:00:00,0,41,41,3.0,7.0,25.0,6.0,0.0,1.0,8,7,21,3,24,3,37.867,574.5,410.0,781.0,37.867,3.0,7.23,roster,0,130.0,102.5,2.7083,147.14,6.3199,1.025,0.9682,3.1707,87.94,20.84,40.2,18.16,19.525
2024-03-04 01:00:00,1,41,41,3.0,7.0,24.0,7.0,0.0,1.0,7,8,22,3,25,3,38.867,608.0,464.0,836.0,38.867,3.0,7.23,roster,0,129.0,102.5,2.8667,149.29,6.7064,1.025,1.1065,3.1463,87.94,21.71,40.2,19.44,20.9
2024-03-04 02:00:00,2,37,37,3.0,8.0,21.0,5.0,0.0,1.0,4,2,21,3,24,3,39.867,694.5,524.0,901.0,39.867,3.0,7.23,roster,0,120.0,92.5,2.5,141.35,3.8972,0.925,0.2766,3.2432,79.36,20.84,40.2,20.95,22.525
2024-03-04 03:00:00,3,35,35,3.0,8.0,19.0,5.0,0.0,1.0,2,1,21,3,24,3,40.867,754.5,584.0,961.0,40.867,3.0,7.23,roster,0,114.0,87.5,2.375,138.46,3.3005,0.875,0.1383,3.2571,75.08,20.84,40.2,22.34,24.025
2024-03-04 04:00:00,4,33,33,3.0,7.0,18.0,5.0,0.0,1.0,2,2,21,3,24,3,41.867,814.5,644.0,1021.0,41.867,3.0,7.23,roster,0,107.0,82.5,2.2292,135.56,3.5719,0.825,0.2766,3.2424,70.78,20.84,40.2,23.74,25.525
2024-03-04 05:00:00,5,33,33,3.0,7.0,19.0,4.0,0.0,1.0,2,1,21,3,24,3,42.867,874.5,704.0,1081.0,42.867,3.0,7.23,roster,0,108.0,82.5,2.25,136.96,3.1527,0.825,0.1383,3.2727,70.78,20.84,40.2,25.13,27.025
2024-03-04 06:00:00,6,31,31,3.0,7.0,18.0,3.0,0.0,1.0,1,0,21,3,24,3,43.867,934.5,764.0,1141.0,43.867,3.0,7.23,roster,0,103.0,77.5,2.1458,134.06,2.575,0.775,0.0,3.3226,66.5,20.84,40.2,26.53,28.525
2024-03-04 07:00:00,7,31,31,3.0,7.0,18.0,3.0,0.0,1.0,2,1,21,3,24,3,44.867,994.5,824.0,1201.0,44.867,3.0,7.23,roster,0,103.0,77.5,2.1458,135.46,3.0346,0.775,0.1383,3.3226,66.5,20.84,40.2,27.92,30.025
2024-03-04 08:00:00,8,32,32,3.0,7.0,19.0,3.0,0.0,1.0,3,3,21,3,24,3,45.867,1054.5,884.0,1261.0,45.867,3.0,7.81,roster,0,106.0,80.0,2.2083,139.0,3.9224,0.8,0.3841,3.3125,68.64,20.84,40.2,29.32,31.525
2024-03-04 09:00:00,9,34,34,4.0,9.0,19.0,2.0,0.0,1.0,8,8,16,3,19,3,46.867,1088.0,917.0,1347.0,46.867,3.0,7.81,roster,0,117.0,85.0,1.8571,140.95,6.4499,0.85,1.0243,3.4412,72.93,16.5,40.2,31.32,33.675
2024-03-04 10:00:00,10,43,43,4.0,10.0,24.0,5.0,0.0,1.0,13,13,17,4,21,4,47.867,1146.0,821.0,1381.0,47.867,4.0,11.06,roster,0,142.0,107.5,1.8684,176.18,7.4316,1.075,1.1754,3.3023,92.24,18.23,53.6,32.11,34.525
2024-03-04 11:00:00,11,43,43,3.0,9.0,27.0,4.0,0.0,1.0,7,7,19,5,24,5,48.867,1022.5,147.0,1365.0,48.867,4.0,11.06,roster,0,140.0,107.5,2.1875,191.81,5.5606,1.075,0.6329,3.2558,92.24,20.84,67.0,31.74,34.125
2024-03-04 12:00:00,12,36,36,3.0,9.0,21.0,3.0,0.0,1.0,4,4,20,4,24,4,49.867,1082.5,207.0,1425.0,49.867,4.0,11.06,roster,0,120.0,90.0,1.875,164.79,4.2055,0.9,0.3617,3.3333,77.22,20.84,53.6,33.13,35.625
2024-03-04 13:00:00,13,42,42,3.0,9.0,24.0,6.0,0.0,1.0,13,13,20,4,24,4,50.867,1142.5,267.0,1485.0,50.867,4.0,11.06,roster,0,135.0,105.0,2.1094,179.06,7.1531,1.05,1.1754,3.2143,90.09,20.84,53.6,34.53,37.125
2024-03-04 14:00:00,14,39,39,3.0,7.0,25.0,4.0,0.0,1.0,4,3,19,5,24,5,51.867,1086.5,151.0,1529.0,51.867,4.0,11.06,roster,0,126.0,97.5,1.9688,187.04,4.0263,0.975,0.2712,3.2308,83.66,20.84,67.0,35.55,38.225
2024-03-04 15:00:00,15,36,36,2.0,7.0,25.0,2.0,0.0,1.0,7,7,17,4,21,4,52.867,387.0,193.0,1446.0,52.867,4.0,11.06,roster,0,117.0,90.0,1.5395,162.67,4.982,0.9,0.6329,3.25,77.22,18.23,53.6,33.62,36.15
2024-03-04 16:00:00,16,35,35,1.0,6.0,26.0,2.0,0.0,1.0,7,7,18,3,21,3,30.517,271.0,138.0,1232.0,30.517,4.0,11.06,roster,0,111.0,87.5,1.4605,142.15,4.7822,0.875,0.6329,3.1714,75.08,18.23,40.2,28.64,30.8
2024-03-04 17:00:00,17,36,36,1.0,6.0,27.0,2.0,0.0,1.0,4,4,19,4,23,4,31.517,313.0,146.0,1292.0,31.517,4.0,11.06,roster,0,114.0,90.0,1.6765,160.83,3.9953,0.9,0.3617,3.1667,77.22,19.97,53.6,30.04,32.3
2024-03-04 18:00:00,18,36,36,1.0,7.0,26.0,2.0,0.0,1.0,3,3,19,4,23,4,32.517,373.0,206.0,1352.0,32.517,4.0,11.06,roster,0,115.0,90.0,1.6912,162.23,3.7415,0.9,0.2712,3.1944,77.22,19.97,53.6,31.43,33.8
2024-03-04 19:00:00,19,36,36,1.0,7.0,25.0,3.0,0.0,1.0,8,7,18,4,22,4,30.75,421.0,266.0,627.0,30.75,4.0,11.06,roster,0,114.0,90.0,1.5833,144.5,4.8542,0.9,0.6329,3.1667,77.22,19.1,53.6,14.58,15.675
2024-03-04 20:00:00,20,41,41,1.0,6.0,29.0,5.0,0.0,1.0,10,10,18,4,22,4,31.75,464.0,320.0,687.0,31.75,4.0,11.64,roster,0,126.0,102.5,1.75,156.62,5.7902,1.025,0.8591,3.0732,87.94,19.1,53.6,15.97,17.175
2024-03-04 21:00:00,21,45,45,1.0,7.0,31.0,6.0,0.0,1.0,11,9,21,4,25,4,32.75,505.0,355.0,653.0,32.75,4.0,11.64,roster,0,138.0,112.5,2.3,167.01,5.8211,1.125,0.7732,3.0667,96.52,21.71,53.6,15.18,16.325
2024-03-04 22:00:00,22,40,40,1.0,7.0,26.0,6.0,0.0,1.0,8,7,20,3,23,3,33.75,498.0,210.0,677.0,33.75,3.0,8.39,roster,0,123.0,100.0,2.4118,141.71,5.6406,1.0,0.8343,3.075,85.8,19.97,40.2,15.74,16.925
2024-03-04 23:00:00,23,37,37,1.0,7.0,25.0,4.0,0.0,1.0,8,8,19,3,22,3,34.75,529.0,270.0,721.0,34.75,3.0,8.39,roster,0,116.0,92.5,2.1481,135.43,5.8894,0.925,0.9535,3.1351,79.36,19.1,40.2,16.76,18.025
2024-03-05 00:00:00,0,40,40,1.0,7.0,25.0,7.0,0.0,1.0,10,10,19,3,22,3,35.75,551.0,262.0,781.0,35.75,3.0,8.39,roster,0,122.0,100.0,2.2593,143.26,6.6853,1.0,1.1919,3.05,85.8,19.1,40.2,18.16,19.525
2024-03-05 01:00:00,1,43,43,1.0,7.0,27.0,8.0,0.0,1.0,6,7,19,4,23,4,36.75,602.0,302.0,841.0,36.75,3.0,8.39,roster,0,130.0,107.5,2.549,165.36,5.7724,1.075,0.8343,3.0233,92.24,19.97,53.6,19.55,21.025
2024-03-05 02:00:00,2,40,40,1.0,7.0,24.0,8.0,0.0,1.0,3,4,20,3,23,3,37.75,662.0,362.0,901.0,37.75,3.0,8.39,roster,0,121.0,100.0,2.3725,146.92,4.4672,1.0,0.4768,3.025,85.8,19.97,40.2,20.95,22.525
2024-03-05 03:00:00,3,31,31,1.0,7.0,19.0,4.0,0.0,1.0,0,0,18,3,21,3,38.75,740.0,510.0,961.0,38.75,3.0,8.39,roster,0,98.0,77.5,1.7193,127.27,2.45,0.775,0.0,3.1613,66.5,18.23,40.2,22.34,24.025
2024-03-05 04:00:00,4,30,30,1.0,7.0,18.0,4.0,0.0,1.0,2,2,18,3,21,3,39.75,800.0,570.0,1021.0,39.75,3.0,8.39,roster,0,95.0,75.0,1.6667,126.52,3.1299,0.75,0.2384,3.1667,64.35,18.23,40.2,23.74,25.525
2024-03-05 05:00:00,5,29,29,1.0,7.0,18.0,3.0,0.0,1.0,2,2,18,3,21,3,40.75,860.0,630.0,1081.0,40.75,3.0,8.39,roster,0,93.0,72.5,1.6316,125.77,3.0895,0.725,0.2384,3.2069,62.2,18.23,40.2,25.13,27.025
2024-03-05 06:00:00,6,30,30,1.0,6.0,20.0,3.0,0.0,1.0,3,3,18,3,21,3,41.75,920.0,690.0,1141.0,41.75,3.0,8.39,roster,0,95.0,75.0,1.6667,129.31,3.5073,0.75,0.3576,3.1667,64.35,18.23,40.2,26.53,28.525
2024-03-05 07:00:00,7,35,35,1.0,6.0,25.0,3.0,0.0,1.0,7,6,18,3,21,3,42.75,980.0,750.0,1201.0,42.75,3.0,8.39,roster,0,110.0,87.5,1.9298,141.43,4.9976,0.875,0.7151,3.1429,75.08,18.23,40.2,27.92,30.025
2024-03-05 08:00:00,8,34,34,1.0,5.0,25.0,3.0,0.0,1.0,2,1,18,3,21,3,43.75,1040.0,810.0,1261.0,43.75,3.0,6.58,roster,0,106.0,85.0,1.8596,140.68,3.1238,0.85,0.152,3.1176,72.93,18.23,40.2,29.32,31.525
2024-03-05 09:00:00,9,33,33,1.0,4.0,27.0,1.0,0.0,1.0,5,4,15,3,18,3,44.75,1129.0,802.0,1337.0,44.75,3.0,6.58,roster,0,104.0,82.5,1.5758,137.7,4.5158,0.825,0.6079,3.1515,70.78,15.63,40.2,31.09,33.425
2024-03-05 10:00:00,10,38,38,1.0,5.0,31.0,1.0,0.0,1.0,12,8,15,3,18,3,45.75,1151.0,842.0,1351.0,45.75,4.0,9.83,roster,0,120.0,95.0,1.3636,148.75,5.57,0.95,0.8138,3.1579,81.51,15.63,40.2,31.41,33.775
2024-03-05 11:00:00,11,44,44,1.0,7.0,34.0,2.0,0.0,1.0,13,13,17,3,20,3,46.75,1198.5,371.0,1411.0,46.75,4.0,9.83,roster,0,139.0,110.0,1.7375,164.75,7.6528,1.1,1.3225,3.1591,94.38,17.37,40.2,32.81,35.275
2024-03-05 12:00:00,12,49,49,2.0,10.0,35.0,2.0,0.0,1.0,14,13,19,4,23,4,42.833,263.0,107.0,1338.0,42.833,4.0,9.83,roster,0,159.0,122.5,2.3382,189.78,8.2663,1.225,1.3225,3.2449,105.1,19.97,53.6,31.11,33.45
2024-03-05 13:00:00,13,52,52,3.0,9.0,37.0,3.0,0.0,1.0,12,10,20,5,25,5,28.45,198.0,135.0,1110.0,28.45,4.0,9.83,roster,0,168.0,130.0,2.8,206.06,7.4866,1.3,1.0173,3.2308,111.54,21.71,67.0,25.81,27.75
2024-03-05 14:00:00,14,51,51,3.0,7.0,37.0,4.0,0.0,1.0,8,8,17,6,23,6,29.45,213.0,134.0,383.0,29.45,4.0,9.83,roster,0,162.0,127.5,2.3824,198.67,6.6351,1.275,0.8138,3.1765,109.39,19.97,80.4,8.9,9.575
2024-03-05 15:00:00,15,42,42,3.0,4.0,34.0,1.0,0.0,1.0,5,5,14,6,20,6,30.45,224.0,168.0,443.0,30.45,4.0,9.83,roster,0,135.0,105.0,1.6875,178.16,5.0099,1.05,0.5086,3.2143,90.09,17.37,80.4,10.3,11.075
2024-03-05 16:00:00,16,41,41,3.0,5.0,32.0,0.0,1.0,1.0,10,10,16,5,21,5,31.45,254.0,174.0,315.0,31.45,4.0,9.83,roster,0,132.0,102.5,1.7368,160.5,6.5752,1.025,1.0173,3.2195,87.94,18.23,67.0,7.32,7.875
2024-03-05 17:00:00,17,44,44,3.0,5.0,34.0,2.0,0.0,1.0,5,5,21,5,26,5,32.45,287.0,136.0,364.0,32.45,4.0,9.83,roster,0,141.0,110.0,2.5179,172.42,5.155,1.1,0.5086,3.2045,94.38,22.58,67.0,8.46,9.1
2024-03-05 18:00:00,18,43,43,3.0,5.0,32.0,3.0,0.0,1.0,5,5,22,5,27,5,33.45,346.0,178.0,424.0,33.45,4.0,9.83,roster,0,137.0,107.5,2.6346,172.54,5.0456,1.075,0.5086,3.186,92.24,23.44,67.0,9.86,10.6
2024-03-05 19:00:00,19,45,45,2.0,5.0,30.0,6.0,2.0,1.0,10,8,22,4,26,4,29.3,347.5,227.0,473.0,29.3,4.0,9.83,roster,0,134.0,112.5,2.3929,163.7,5.7734,1.125,0.8138,2.9778,96.52,22.58,53.6,11.0,11.825
2024-03-05 20:00:00,20,37,37,2.0,5.0,28.0,1.0,1.0,1.0,6,5,22,3,25,3,30.3,401.0,287.0,515.0,30.3,4.0,10.56,roster,0,117.0,92.5,1.95,133.25,4.4222,0.925,0.4735,3.1622,79.36,21.71,40.2,11.97,12.875
2024-03-05 21:00:00,21,47,47,2.0,5.0,36.0,3.0,1.0,1.0,11,11,23,3,26,3,31.3,432.0,334.0,575.0,31.3,4.0,10.56,roster,0,145.0,117.5,2.5893,156.96,6.8387,1.175,1.0417,3.0851,100.82,22.58,40.2,13.37,14.375
2024-03-05 22:00:00,22,43,43,2.0,5.0,32.0,3.0,1.0,1.0,7,5,22,2,24,2,32.3,492.0,389.0,653.0,32.3,3.0,7.31,roster,0,133.0,107.5,2.7708,135.06,5.4406,1.075,0.684,3.093,92.24,20.84,26.8,15.18,16.325
2024-03-05 23:00:00,23,37,37,2.0,6.0,24.0,4.0,1.0,1.0,5,4,21,2,23,2,33.3,581.0,449.0,713.0,33.3,3.0,7.31,roster,0,115.0,92.5,2.2549,122.71,4.5757,0.925,0.5472,3.1081,79.36,19.97,26.8,16.58,17.825
2024-03-06 00:00:00,0,42,42,3.0,8.0,26.0,4.0,1.0,1.0,12,12,21,2,23,2,34.3,641.0,509.0,773.0,34.3,3.0,7.31,roster,0,134.0,105.0,2.6275,134.83,8.5874,1.05,1.6416,3.1905,90.09,19.97,26.8,17.97,19.325
2024-03-06 01:00:00,1,45,45,3.0,9.0,29.0,3.0,1.0,1.0,6,7,24,3,27,3,35.3,634.0,339.0,815.0,35.3,3.0,7.31,roster,0,145.0,112.5,3.7179,159.12,6.7106,1.125,0.9576,3.2222,96.52,23.44,40.2,18.95,20.375
2024-03-06 02:00:00,2,43,43,3.0,8.0,29.0,1.0,2.0,1.0,3,3,25,3,28,3,36.3,685.0,399.0,875.0,36.3,3.0,7.31,roster,0,138.0,107.5,3.8333,157.09,4.7671,1.075,0.4104,3.2093,92.24,24.31,40.2,20.34,21.875
2024-03-06 03:00:00,3,35,35,3.0,7.0,24.0,0.0,1.0,1.0,1,1,25,3,28,3,37.3,745.0,459.0,935.0,37.3,3.0,7.31,roster,0,116.0,87.5,3.2222,141.33,3.3534,0.875,0.1368,3.3143,75.08,24.31,40.2,21.74,23.375
2024-03-06 04:00:00,4,35,35,3.0,6.0,25.0,0.0,1.0,1.0,2,1,25,2,27,2,38.3,796.0,441.0,980.0,38.3,3.0,7.31,roster,0,115.0,87.5,2.9487,128.1,3.3245,0.875,0.1368,3.2857,75.08,23.44,26.8,22.78,24.5
2024-03-06 05:00:00,5,35,35,3.0,6.0,25.0,0.0,1.0,1.0,0,0,26,2,28,2,39.3,847.0,501.0,1040.0,39.3,3.0,7.31,roster,0,115.0,87.5,3.1944,130.37,2.875,0.875,0.0,3.2857,75.08,24.31,26.8,24.18,26.0
2024-03-06 06:00:00,6,37,37,3.0,6.0,26.0,1.0,1.0,1.0,2,2,26,2,28,2,40.3,907.0,561.0,1100.0,40.3,3.0,7.31,roster,0,120.0,92.5,3.3333,136.05,3.8873,0.925,0.2736,3.2432,79.36,24.31,26.8,25.58,27.5
2024-03-06 07:00:00,7,39,39,4.0,6.0,28.0,0.0,1.0,1.0,4,4,26,2,28,2,41.3,967.0,621.0,1160.0,41.3,3.0,7.31,roster,0,129.0,97.5,3.5833,141.74,5.035,0.975,0.5472,3.3077,83.66,24.31,26.8,26.97,29.0
2024-03-06 08:00:00,8,41,41,4.0,8.0,28.0,0.0,1.0,1.0,4,4,26,2,28,2,42.3,1027.0,681.0,1220.0,42.3,3.0,6.72,roster,0,137.0,102.5,3.8056,147.42,5.414,1.025,0.5952,3.3415,87.94,24.31,26.8,28.36,30.5
2024-03-06 09:00:00,9,45,45,3.0,8.0,34.0,0.0,0.0,1.0,11,10,26,2,28,2,43.3,1072.5,722.0,1280.0,43.3,3.0,6.72,roster,0,149.0,112.5,4.1389,157.4,8.6522,1.125,1.4881,3.3111,96.52,24.31,26.8,29.76,32.0
2024-03-06 10:00:00,10,47,47,3.0,8.0,36.0,0.0,0.0,1.0,7,5,27,2,29,2,44.3,1105.0,611.0,1254.0,44.3,4.0,10.42,roster,0,155.0,117.5,3.5227,161.95,5.4575,1.175,0.4798,3.2979,100.82,25.18,26.8,29.16,31.35
2024-03-06 11:00:00,11,46,46,2.0,9.0,35.0,0.0,0.0,1.0,13,12,24,2,26,2,45.3,1025.5,638.0,1314.0,45.3,4.0,10.42,roster,0,151.0,115.0,2.6964,158.6,7.5554,1.15,1.1516,3.2826,98.67,22.58,26.8,30.55,32.85
2024-03-06 12:00:00,12,51,51,1.0,11.0,39.0,0.0,0.0,1.0,10,10,23,2,25,2,46.3,902.0,213.0,1294.0,46.3,4.0,10.42,roster,0,166.0,127.5,2.7667,167.99,7.2737,1.275,0.9597,3.2549,109.39,21.71,26.8,30.09,32.35
2024-03-06 13:00:00,13,46,46,2.0,10.0,33.0,1.0,0.0,1.0,5,5,26,2,28,2,47.3,672.5,172.0,1285.0,47.3,4.0,10.42,roster,0,151.0,115.0,3.1458,159.66,5.3501,1.15,0.4798,3.2826,98.67,24.31,26.8,29.88,32.125
2024-03-06 14:00:00,14,47,47,1.0,7.0,39.0,0.0,0.0,1.0,8,7,25,1,26,1,48.3,360.5,175.0,1119.0,48.3,4.0,10.42,roster,0,150.0,117.5,2.6786,142.81,5.894,1.175,0.6718,3.1915,100.82,22.58,13.4,26.02,27.975
2024-03-06 15:00:00,15,46,46,1.0,10.0,35.0,0.0,0.0,1.0,5,5,27,0,27,0,49.3,389.0,205.0,1101.0,49.3,4.0,10.42,roster,0,150.0,115.0,2.8846,127.71,5.3147,1.15,0.4798,3.2609,98.67,23.44,0.0,25.6,27.525
2024-03-06 16:00:00,16,50,50,1.0,12.0,37.0,0.0,0.0,1.0,10,10,29,0,29,0,50.3,352.0,244.0,971.0,50.3,4.0,10.42,roster,0,164.0,125.0,3.7273,135.01,7.2478,1.25,0.9597,3.28,107.25,25.18,0.0,22.58,24.275
2024-03-06 17:00:00,17,42,42,1.0,14.0,27.0,0.0,0.0,1.0,2,2,29,1,30,1,51.3,382.5,264.0,1031.0,51.3,4.0,10.42,roster,0,142.0,105.0,3.55,133.51,4.1989,1.05,0.1919,3.381,90.09,26.05,13.4,23.97,25.775
2024-03-06 18:00:00,18,42,42,1.0,13.0,28.0,0.0,0.0,1.0,3,3,28,1,29,1,52.3,444.0,355.0,1091.0,52.3,4.0,10.42,roster,0,141.0,105.0,3.2045,134.04,4.4915,1.05,0.2879,3.3571,90.09,25.18,13.4,25.37,27.275
2024-03-06 19:00:00,19,48,48,1.0,12.0,35.0,0.0,0.0,1.0,13,13,27,1,28,1,32.683,488.0,333.0,1151.0,32.683,4.0,10.42,roster,0,158.0,120.0,3.2917,147.43,8.0567,1.2,1.2476,3.2917,102.96,24.31,13.4,26.76,28.775
2024-03-06 20:00:00,20,41,41,1.0,11.0,28.0,1.0,0.0,1.0,6,5,27,2,29,2,33.683,509.0,359.0,748.0,33.683,4.0,10.61,roster,0,135.0,102.5,3.0682,137.32,4.9267,1.025,0.4713,3.2927,87.94,25.18,26.8,17.39,18.7
2024-03-06 21:00:00,21,40,40,1.0,10.0,28.0,1.0,0.0,1.0,5,4,25,3,28,3,34.683,562.5,394.0,808.0,34.683,4.0,10.61,roster,0,131.0,100.0,2.7292,149.1,4.5097,1.0,0.377,3.275,85.8,24.31,40.2,18.79,20.2
2024-03-06 22:00:00,22,34,34,1.0,10.0,23.0,0.0,0.0,1.0,4,2,23,3,26,3,35.683,622.5,454.0,809.0,35.683,3.0,6.91,roster,0,114.0,85.0,2.7143,134.52,3.8205,0.85,0.2894,3.3529,72.93,22.58,40.2,18.81,20.225
2024-03-06 23:00:00,23,38,38,1.0,11.0,25.0,1.0,0.0,1.0,10,9,23,3,26,3,36.683,682.5,514.0,869.0,36.683,3.0,6.91,roster,0,126.0,95.0,3.0,144.49,7.4687,0.95,1.3025,3.3158,81.51,22.58,40.2,20.2,21.725
2024-03-07 00:00:00,0,39,39,1.0,12.0,25.0,1.0,0.0,1.0,9,7,25,3,28,3,37.683,732.0,545.0,929.0,37.683,3.0,6.91,roster,0,130.0,97.5,3.6111,149.77,6.6267,0.975,1.013,3.3333,83.66,24.31,40.2,21.6,23.225
2024-03-07 01:00:00,1,36,36,1.0,11.0,23.0,1.0,0.0,1.0,4,4,25,3,28,3,38.683,792.0,605.0,989.0,38.683,3.0,6.91,roster,0,120.0,90.0,3.3333,144.73,4.9296,0.9,0.5789,3.3333,77.22,24.31,40.2,22.99,24.725
2024-03-07 02:00:00,2,32,32,1.0,11.0,19.0,1.0,0.0,1.0,1,1,25,3,28,3,39.683,852.0,665.0,1049.0,39.683,3.0,6.91,roster,0,108.0,80.0,3.0,137.54,3.1884,0.8,0.1447,3.375,68.64,24.31,40.2,24.39,26.225
2024-03-07 03:00:00,3,32,32,1.0,11.0,20.0,0.0,0.0,1.0,2,2,25,3,28,3,40.683,912.0,725.0,1109.0,40.683,3.0,6.91,roster,0,109.0,80.0,3.0278,138.94,3.7109,0.8,0.2894,3.4062,68.64,24.31,40.2,25.78,27.725
2024-03-07 04:00:00,4,34,34,2.0,11.0,21.0,0.0,0.0,1.0,3,2,25,3,28,3,41.683,972.0,785.0,1169.0,41.683,3.0,6.91,roster,0,117.0,85.0,3.25,144.62,3.921,0.85,0.2894,3.4412,72.93,24.31,40.2,27.18,29.225
2024-03-07 05:00:00,5,33,33,2.0,11.0,20.0,0.0,0.0,1.0,2,2,26,3,29,3,42.683,1024.0,814.0,1132.0,42.683,3.0,6.91,roster,0,114.0,82.5,3.4545,142.48,3.8499,0.825,0.2894,3.4545,70.78,25.18,40.2,26.32,28.3
2024-03-07 06:00:00,6,34,34,2.0,12.0,20.0,0.0,0.0,1.0,2,2,26,3,29,3,43.683,1084.0,874.0,1192.0,43.683,3.0,6.91,roster,0,118.0,85.0,3.5758,146.02,3.9545,0.85,0.2894,3.4706,72.93,25.18,40.2,27.71,29.8
2024-03-07 07:00:00,7,36,36,2.0,12.0,22.0,0.0,0.0,1.0,3,3,26,3,29,3,44.683,1144.0,934.0,1252.0,44.683,3.0,6.91,roster,0,124.0,90.0,3.7576,151.71,4.5954,0.9,0.4342,3.4444,77.22,25.18,40.2,29.11,31.3
2024-03-07 08:00:00,8,33,33,2.0,11.0,20.0,0.0,0.0,1.0,2,2,26,3,29,3,45.683,1204.0,994.0,1312.0,45.683,3.0,6.4,roster,0,114.0,82.5,3.4545,146.67,3.9295,0.825,0.3125,3.4545,70.78,25.18,40.2,30.5,32.8
2024-03-07 09:00:00,9,38,38,2.0,12.0,24.0,0.0,0.0,1.0,5,5,26,3,29,3,46.683,1264.0,1054.0,1372.0,46.683,3.0,6.4,roster,0,130.0,95.0,3.9394,158.79,5.9227,0.95,0.7812,3.4211,81.51,25.18,40.2,31.9,34.3
2024-03-07 10:00:00,10,42,42,4.0,12.0,24.0,2.0,0.0,1.0,10,9,26,3,29,3,47.683,1233.0,911.0,1404.0,47.683,4.0,9.72,roster,0,144.0,105.0,3.2727,168.11,6.7746,1.05,0.9259,3.4286,90.09,25.18,40.2,32.64,35.1
2024-03-07 11:00:00,11,42,42,4.0,12.0,24.0,2.0,0.0,1.0,7,6,26,4,30,4,38.033,1232.0,477.0,1409.0,38.033,4.0,9.72,roster,0,144.0,105.0,3.6,182.5,5.7164,1.05,0.6173,3.4286,90.09,26.05,53.6,32.76,35.225
2024-03-07 12:00:00,12,45,45,6.0,11.0,25.0,3.0,0.0,1.0,7,7,26,4,30,4,39.033,1134.5,219.0,1465.0,39.033,4.0,9.72,roster,0,155.0,112.5,3.875,190.24,6.3556,1.125,0.7202,3.4444,96.52,26.05,53.6,34.06,36.625
2024-03-07 13:00:00,13,46,46,5.0,11.0,28.0,2.0,0.0,1.0,10,10,24,5,29,5,40.033,1051.0,212.0,1520.0,40.033,4.0,9.72,roster,0,157.0,115.0,3.5682,206.19,7.4364,1.15,1.0288,3.413,98.67,25.18,67.0,35.34,38.0
2024-03-07 14:00:00,14,44,44,5.0,9.0,27.0,3.0,0.0,1.0,10,8,22,4,26,4,41.033,790.5,208.0,1473.0,41.033,4.0,9.72,roster,0,148.0,110.0,2.6429,184.8,6.4684,1.1,0.823,3.3636,94.38,22.58,53.6,34.25,36.825
2024-03-07 15:00:00,15,45,45,5.0,8.0,28.0,4.0,0.0,1.0,7,7,23,4,27,4,42.033,332.0,175.0,1414.0,42.033,4.0,9.72,roster,0,149.0,112.5,2.8654,186.44,6.1095,1.125,0.7202,3.3111,96.52,23.44,53.6,32.88,35.35
2024-03-07 16:00:00,16,42,42,4.0,7.0,30.0,1.0,0.0,1.0,5,5,25,2,27,2,28.483,369.0,156.0,1271.0,28.483,4.0,9.72,roster,0,140.0,105.0,2.6923,149.89,5.2147,1.05,0.5144,3.3333,90.09,23.44,26.8,29.55,31.775
2024-03-07 17:00:00,17,43,43,4.0,7.0,30.0,2.0,0.0,1.0,5,4,27,2,29,2,29.483,423.0,209.0,1109.0,29.483,4.0,9.72,roster,0,142.0,107.5,3.2273,150.0,4.909,1.075,0.4115,3.3023,92.24,25.18,26.8,25.78,27.725
2024-03-07 18:00:00,18,47,47,4.0,8.0,28.0,7.0,0.0,1.0,7,7,27,2,29,2,30.483,483.0,260.0,1169.0,30.483,4.0,9.72,roster,0,150.0,117.5,3.4091,159.98,6.0484,1.175,0.7202,3.1915,100.82,25.18,26.8,27.18,29.225
2024-03-07 19:00:00,19,44,44,3.0,9.0,27.0,4.0,1.0,1.0,4,4,29,2,31,2,31.483,469.0,284.0,1229.0,31.483,4.0,9.72,roster,0,141.0,110.0,3.9167,156.67,4.8437,1.1,0.4115,3.2045,94.38,26.92,26.8,28.57,30.725
2024-03-07 20:00:00,20,49,49,3.0,11.0,29.0,5.0,1.0,1.0,11,10,29,2,31,2,32.483,529.0,344.0,1289.0,32.483,4.0,11.2,roster,0,157.0,122.5,4.3611,168.79,6.7858,1.225,0.8929,3.2041,105.1,26.92,26.8,29.97,32.225
2024-03-07 21:00:00,21,47,47,3.0,8.0,27.0,7.0,2.0,1.0,6,6,31,1,32,1,33.483,562.0,404.0,1349.0,33.483,4.0,11.2,roster,0,144.0,117.5,4.5,153.37,5.2413,1.175,0.5357,3.0638,100.82,27.79,13.4,31.36,33.725
2024-03-07 22:00:00,22,46,46,3.0,8.0,29.0,5.0,1.0,1.0,12,9,30,0,30,0,34.483,593.5,438.0,1404.0,34.483,3.0,7.88,roster,0,145.0,115.0,4.8333,137.36,7.2252,1.15,1.1421,3.1522,98.67,26.05,0.0,32.64,35.1
2024-03-07 23:00:00,23,49,49,4.0,7.0,32.0,5.0,1.0,1.0,10,9,30,0,30,0,35.483,640.5,473.0,1197.0,35.483,3.0,7.88,roster,0,155.0,122.5,5.1667,138.98,7.4879,1.225,1.1421,3.1633,105.1,26.05,0.0,27.83,29.925
2024-03-08 00:00:00,0,43,43,4.0,7.0,25.0,6.0,1.0,1.0,5,3,31,0,31,0,36.483,689.0,530.0,1257.0,36.483,3.0,7.88,roster,0,136.0,107.5,5.037,128.38,4.6041,1.075,0.3807,3.1628,92.24,26.92,0.0,29.23,31.425
2024-03-08 01:00:00,1,40,40,4.0,7.0,23.0,5.0,1.0,1.0,4,4,31,0,31,0,37.483,749.0,590.0,1317.0,37.483,3.0,7.88,roster,0,128.0,100.0,4.7407,123.34,4.8244,1.0,0.5076,3.2,85.8,26.92,0.0,30.62,32.925
2024-03-08 02:00:00,2,47,47,4.0,7.0,32.0,3.0,1.0,1.0,11,9,31,0,31,0,38.483,809.0,650.0,1377.0,38.483,3.0,7.88,roster,0,151.0,117.5,5.5926,139.75,7.4444,1.175,1.1421,3.2128,100.82,26.92,0.0,32.02,34.425
2024-03-08 03:00:00,3,54,54,4.0,8.0,38.0,3.0,1.0,1.0,8,8,33,0,33,0,39.483,816.0,631.0,1133.0,39.483,3.0,7.88,roster,0,173.0,135.0,8.2381,150.83,7.5775,1.35,1.0152,3.2037,115.83,28.65,0.0,26.34,28.325
2024-03-08 04:00:00,4,46,46,4.0,8.0,30.0,3.0,1.0,1.0,2,2,34,0,34,0,40.483,868.0,652.0,1193.0,40.483,3.0,7.88,roster,0,149.0,115.0,8.2778,135.93,4.5471,1.15,0.2538,3.2391,98.67,29.52,0.0,27.74,29.825
2024-03-08 05:00:00,5,47,47,4.0,8.0,29.0,5.0,1.0,1.0,3,3,35,0,35,0,41.483,920.0,647.0,1253.0,41.483,3.0,7.88,roster,0,150.0,117.5,10.0,140.34,4.965,1.175,0.3807,3.1915,100.82,30.39,0.0,29.13,31.325
2024-03-08 06:00:00,6,46,46,4.0,8.0,30.0,3.0,1.0,1.0,3,3,35,0,35,0,42.483,980.0,707.0,1313.0,42.483,3.0,7.88,roster,0,149.0,115.0,9.9333,139.59,4.9582,1.15,0.3807,3.2391,98.67,30.39,0.0,30.53,32.825
2024-03-08 07:00:00,7,48,48,4.0,8.0,32.0,3.0,1.0,1.0,2,2,37,0,37,0,43.483,1014.0,712.0,1279.0,43.483,3.0,7.88,roster,0,155.0,120.0,17.2222,144.82,4.6946,1.2,0.2538,3.2292,102.96,32.13,0.0,29.74,31.975
2024-03-08 08:00:00,8,48,48,4.0,9.0,32.0,3.0,0.0,1.0,4,4,37,0,37,0,44.483,1066.0,635.0,1339.0,44.483,3.0,7.31,roster,0,158.0,120.0,17.5556,146.22,5.7512,1.2,0.5472,3.2917,102.96,32.13,0.0,31.13,33.475
2024-03-08 09:00:00,9,51,51,6.0,10.0,33.0,2.0,0.0,1.0,11,11,33,1,34,1,45.483,1085.5,617.0,1389.0,45.483,3.0,7.31,roster,0,173.0,127.5,9.6111,164.61,9.4295,1.275,1.5048,3.3922,109.39,29.52,13.4,32.29,34.725
2024-03-08 10:00:00,10,55,55,6.0,12.0,35.0,2.0,0.0,1.0,11,11,32,1,33,1,46.483,1051.0,474.0,1312.0,46.483,4.0,11.01,roster,0,187.0,137.5,6.6786,170.53,8.0719,1.375,0.9991,3.4,117.98,28.65,13.4,30.5,32.8
2024-03-08 11:00:00,11,54,54,5.0,13.0,32.0,4.0,0.0,1.0,6,6,32,0,32,0,47.483,979.5,333.0,1349.0,47.483,4.0,11.01,roster,0,181.0,135.0,5.6562,154.98,6.3516,1.35,0.545,3.3519,115.83,27.79,0.0,31.36,33.725
2024-03-08 12:00:00,12,48,48,5.0,11.0,28.0,4.0,0.0,1.0,7,6,30,0,30,0,48.483,599.0,181.0,1340.0,48.483,4.0,11.01,roster,0,161.0,120.0,4.025,140.16,5.8529,1.2,0.545,3.3542,102.96,26.05,0.0,31.16,33.5
2024-03-08 13:00:00,13,45,45,4.0,12.0,25.0,4.0,0.0,1.0,4,4,29,0,29,0,49.483,453.0,213.0,1231.0,49.483,4.0,11.01,roster,0,151.0,112.5,3.4318,130.33,4.9941,1.125,0.3633,3.3556,96.52,25.18,0.0,28.62,30.775
2024-03-08 14:00:00,14,37,37,4.0,8.0,21.0,4.0,0.0,1.0,4,3,21,1,22,1,27.283,302.0,229.0,724.0,27.283,4.0,11.01,roster,0,123.0,92.5,1.7083,108.7,3.9808,0.925,0.2725,3.3243,79.36,19.1,13.4,16.83,18.1
2024-03-08 15:00:00,15,33,33,4.0,6.0,20.0,3.0,0.0,1.0,6,5,16,1,17,1,22.517,361.0,258.0,774.0,22.517,4.0,11.01,roster,0,110.0,82.5,1.1957,96.94,4.2638,0.825,0.4541,3.3333,70.78,14.76,13.4,18.0,19.35
2024-03-08 16:00:00,16,30,30,3.0,7.0,17.0,3.0,0.0,1.0,8,8,13,1,14,1,18.383,422.0,318.0,834.0,18.383,4.0,11.01,roster,0,100.0,75.0,0.9615,89.3,4.922,0.75,0.7266,3.3333,64.35,12.16,13.4,19.39,20.85
2024-03-08 17:00:00,17,33,33,3.0,7.0,20.0,3.0,0.0,1.0,7,7,15,1,16,1,19.383,473.5,351.0,894.0,19.383,4.0,11.01,roster,0,109.0,82.5,1.1354,98.86,4.825,0.825,0.6358,3.303,70.78,13.89,13.4,20.79,22.35
2024-03-08 18:00:00,18,31,31,3.0,8.0,19.0,1.0,0.0,1.0,3,2,16,1,17,1,20.383,526.0,388.0,550.0,20.383,4.0,11.01,roster,0,106.0,77.5,1.1522,87.44,3.2711,0.775,0.1817,3.4194,66.5,14.76,13.4,12.79,13.75
2024-03-08 19:00:00,19,36,36,3.0,7.0,20.0,6.0,0.0,1.0,10,10,16,0,16,0,21.383,579.5,448.0,1014.0,21.383,4.0,11.01,roster,0,115.0,90.0,1.1979,94.69,5.7764,0.9,0.9083,3.1944,77.22,13.89,0.0,23.58,25.35
2024-03-08 20:00:00,20,41,41,3.0,7.0,21.0,10.0,0.0,1.0,12,12,19,0,19,0,22.383,558.0,219.0,670.0,22.383,4.0,11.38,roster,0,126.0,102.5,1.5,100.02,6.3906,1.025,1.0545,3.0732,87.94,16.5,0.0,15.58,16.75
2024-03-08 21:00:00,21,38,38,3.0,7.0,20.0,8.0,0.0,1.0,7,6,19,0,19,0,23.383,618.0,279.0,730.0,23.383,4.0,11.38,roster,0,119.0,95.0,1.4167,94.98,4.6261,0.95,0.5272,3.1316,81.51,16.5,0.0,16.97,18.25
2024-03-08 22:00:00,22,47,47,3.0,9.0,22.0,13.0,0.0,1.0,14,13,21,0,21,0,24.383,651.0,266.0,783.0,24.383,3.0,7.68,roster,0,143.0,117.5,2.5088,117.25,8.7252,1.175,1.6927,3.0426,100.82,18.23,0.0,18.2,19.575
2024-03-08 23:00:00,23,44,44,4.0,7.0,23.0,10.0,0.0,1.0,11,8,22,1,23,1,25.383,688.0,256.0,843.0,25.383,3.0,7.68,roster,0,137.0,110.0,2.6863,127.35,6.6684,1.1,1.0417,3.1136,94.38,19.97,13.4,19.6,21.075
2024-03-09 00:00:00,0,35,35,3.0,8.0,21.0,3.0,0.0,1.0,7,6,23,1,24,1,26.383,626.5,316.0,903.0,26.383,3.0,7.68,roster,0,116.0,87.5,2.4167,110.31,5.4893,0.875,0.7812,3.3143,75.08,20.84,13.4,20.99,22.575
2024-03-09 01:00:00,1,32,32,3.0,7.0,21.0,1.0,0.0,1.0,3,2,23,1,24,1,27.383,686.5,376.0,963.0,27.383,3.0,7.68,roster,0,108.0,80.0,2.25,105.27,3.5789,0.8,0.2604,3.375,68.64,20.84,13.4,22.39,24.075
2024-03-09 02:00:00,2,34,34,3.0,7.0,22.0,2.0,0.0,1.0,4,4,23,1,24,1,28.383,746.5,436.0,1023.0,28.383,3.0,7.68,roster,0,113.0,85.0,2.3542,110.95,4.556,0.85,0.5208,3.3235,72.93,20.84,13.4,23.78,25.575
2024-03-09 03:00:00,3,32,32,4.0,7.0,20.0,1.0,0.0,1.0,2,2,23,1,24,1,29.383,806.5,496.0,1083.0,29.383,3.0,7.68,roster,0,110.0,80.0,2.2917,108.06,3.6452,0.8,0.2604,3.4375,68.64,20.84,13.4,25.18,27.075
2024-03-09 04:00:00,4,34,34,5.0,7.0,20.0,2.0,0.0,1.0,4,4,24,1,25,1,30.383,745.0,546.0,1141.0,30.383,3.0,7.68,roster,0,117.0,85.0,2.6,114.57,4.7173,0.85,0.5208,3.4412,72.93,21.71,13.4,26.53,28.525
2024-03-09 05:00:00,5,35,35,5.0,7.0,21.0,2.0,0.0,1.0,3,3,24,2,26,2,31.383,798.0,481.0,1201.0,31.383,3.0,7.68,roster,0,120.0,87.5,2.8571,132.37,4.3393,0.875,0.3906,3.4286,75.08,22.58,26.8,27.92,30.025
2024-03-09 06:00:00,6,36,36,4.0,7.0,23.0,2.0,0.0,1.0,5,4,24,1,25,1,32.383,865.0,666.0,1261.0,32.383,3.0,7.68,roster,0,121.0,90.0,2.6889,121.65,4.7756,0.9,0.5208,3.3611,77.22,21.71,13.4,29.32,31.525
2024-03-09 07:00:00,7,35,35,4.0,7.0,22.0,2.0,0.0,1.0,2,2,24,1,25,1,33.383,925.0,726.0,1321.0,33.383,3.0,7.68,roster,0,118.0,87.5,2.6222,120.9,3.828,0.875,0.2604,3.3714,75.08,21.71,13.4,30.71,33.025
2024-03-09 08:00:00,8,36,36,4.0,7.0,23.0,2.0,0.0,1.0,6,6,25,1,26,1,34.383,978.0,661.0,1381.0,34.383,3.0,6.66,roster,0,121.0,90.0,2.881,125.3,6.053,0.9,0.9009,3.3611,77.22,22.58,13.4,32.11,34.525
2024-03-09 09:00:00,9,38,38,3.0,8.0,24.0,3.0,0.0,1.0,5,4,25,1,26,1,35.383,962.5,706.0,1413.0,35.383,3.0,6.66,roster,0,125.0,95.0,2.9762,130.34,5.1007,0.95,0.6006,3.2895,81.51,22.58,13.4,32.85,35.325
2024-03-09 10:00:00,10,34,34,2.0,6.0,23.0,3.0,0.0,1.0,5,4,19,1,20,1,36.383,1038.5,781.0,1501.0,36.383,4.0,9.75,roster,0,109.0,85.0,1.3625,118.59,4.0402,0.85,0.4103,3.2059,72.93,17.37,13.4,34.9,37.525
2024-03-09 11:00:00,11,30,30,2.0,4.0,21.0,3.0,0.0,1.0,7,6,14,1,15,1,36.283,1046.0,841.0,1458.0,36.283,4.0,9.75,roster,0,95.0,75.0,0.95,104.67,4.3237,0.75,0.6154,3.1667,64.35,13.02,13.4,33.9,36.45
2024-03-09 12:00:00,12,30,30,0.0,3.0,25.0,2.0,0.0,1.0,11,10,8,1,9,1,20.183,898.0,324.0,1072.0,20.183,4.0,9.75,roster,0,91.0,75.0,0.7339,90.49,5.3861,0.75,1.0256,3.0333,64.35,7.81,13.4,24.92,26.8
2024-03-09 13:00:00,13,27,27,0.0,4.0,21.0,2.0,0.0,1.0,5,6,9,2,11,2,19.433,164.0,73.0,958.0,19.433,4.0,9.75,roster,0,83.0,67.5,0.7155,96.54,3.9667,0.675,0.6154,3.0741,57.92,9.55,26.8,22.27,23.95
2024-03-09 14:00:00,14,34,34,0.0,4.0,27.0,3.0,0.0,1.0,11,10,13,2,15,2,20.433,146.0,113.0,987.0,20.433,4.0,9.75,roster,0,103.0,85.0,1.03,115.7,5.6821,0.85,1.0256,3.0294,72.93,13.02,26.8,22.95,24.675
2024-03-09 15:00:00,15,34,34,0.0,5.0,27.0,2.0,0.0,1.0,8,7,13,0,13,0,21.433,193.0,143.0,284.0,21.433,4.0,9.75,roster,0,105.0,85.0,0.9722,70.82,4.8422,0.85,0.7179,3.0882,72.93,11.29,0.0,6.6,7.1
2024-03-09 16:00:00,16,33,33,0.0,6.0,25.0,2.0,0.0,1.0,6,6,13,0,13,0,22.433,240.0,200.0,344.0,22.433,4.0,9.75,roster,0,103.0,82.5,0.9537,70.07,4.4957,0.825,0.6154,3.1212,70.78,11.29,0.0,8.0,8.6
2024-03-09 17:00:00,17,35,35,0.0,6.0,24.0,5.0,0.0,1.0,6,4,16,0,16,0,23.433,278.0,193.0,404.0,23.433,4.0,9.75,roster,0,106.0,87.5,1.1042,78.36,3.8925,0.875,0.4103,3.0286,75.08,13.89,0.0,9.39,10.1
2024-03-09 18:00:00,18,36,36,0.0,6.0,25.0,5.0,0.0,1.0,5,5,17,0,17,0,24.433,323.0,217.0,386.0,24.433,4.0,9.75,roster,0,109.0,90.0,1.1848,80.96,4.2777,0.9,0.5128,3.0278,77.22,14.76,0.0,8.97,9.65
2024-03-09 19:00:00,19,35,35,2.0,6.0,22.0,5.0,0.0,1.0,9,8,17,0,17,0,25.433,378.0,225.0,433.0,25.433,4.0,9.75,roster,0,110.0,87.5,1.1957,79.9,5.3288,0.875,0.8205,3.1429,75.08,14.76,0.0,10.07,10.825
2024-03-09 20:00:00,20,36,36,2.0,6.0,23.0,5.0,0.0,1.0,5,5,17,2,19,2,22.45,337.0,176.0,480.0,22.45,4.0,10.22,roster,0,113.0,90.0,1.3452,111.68,4.3607,0.9,0.4892,3.1389,77.22,16.5,26.8,11.16,12.0
2024-03-09 21:00:00,21,38,38,1.0,6.0,27.0,4.0,0.0,1.0,11,9,16,1,17,1,23.45,397.0,248.0,533.0,23.45,4.0,10.22,roster,0,118.0,95.0,1.2826,102.06,5.6846,0.95,0.8806,3.1053,81.51,14.76,13.4,12.39,13.325
2024-03-09 22:00:00,22,36,36,1.0,7.0,26.0,2.0,0.0,1.0,6,6,15,1,16,1,24.45,475.0,362.0,600.0,24.45,3.0,7.13,roster,0,115.0,90.0,1.5972,98.46,5.5632,0.9,0.8415,3.1944,77.22,13.89,13.4,13.95,15.0
2024-03-09 23:00:00,23,32,32,1.0,7.0,21.0,3.0,0.0,1.0,6,5,17,2,19,2,25.45,469.0,274.0,653.0,25.45,3.0,7.13,roster,0,102.0,80.0,1.619,107.12,4.7853,0.8,0.7013,3.1875,68.64,16.5,26.8,15.18,16.325
2024-03-10 00:00:00,0,33,33,1.0,6.0,23.0,3.0,0.0,1.0,8,7,16,1,17,1,26.45,577.0,416.0,713.0,26.45,3.0,7.13,roster,0,104.0,82.5,1.5072,95.52,5.6941,0.825,0.9818,3.1515,70.78,14.76,13.4,16.58,17.825
2024-03-10 01:00:00,1,29,29,1.0,6.0,20.0,2.0,0.0,1.0,3,1,17,1,18,1,27.45,613.0,430.0,773.0,27.45,3.0,7.13,roster,0,93.0,72.5,1.4091,89.21,2.7748,0.725,0.1403,3.2069,62.2,15.63,13.4,17.97,19.325
2024-03-10 02:00:00,2,29,29,1.0,6.0,21.0,1.0,0.0,1.0,5,4,17,1,18,1,28.45,673.0,490.0,833.0,28.45,3.0,7.13,roster,0,94.0,72.5,1.4242,90.6,4.1684,0.725,0.561,3.2414,62.2,15.63,13.4,19.37,20.825
2024-03-10 03:00:00,3,28,28,0.0,7.0,20.0,1.0,0.0,1.0,2,2,17,0,17,0,29.45,757.0,596.0,893.0,29.45,3.0,7.13,roster,0,90.0,70.0,1.3043,75.58,3.1516,0.7,0.2805,3.2143,60.06,14.76,0.0,20.76,22.325
2024-03-10 04:00:00,4,32,32,0.0,8.0,23.0,1.0,0.0,1.0,8,7,18,0,18,0,30.45,793.0,610.0,953.0,30.45,3.0,7.13,roster,0,103.0,80.0,1.5606,86.43,5.7351,0.8,0.9818,3.2188,68.64,15.63,0.0,22.16,23.825
2024-03-10 05:00:00,5,30,30,0.0,8.0,21.0,1.0,0.0,1.0,1,1,19,0,19,0,31.45,829.0,634.0,1013.0,31.45,3.0,7.13,roster,0,97.0,75.0,1.5397,84.4,2.8785,0.75,0.1403,3.2333,64.35,16.5,0.0,23.55,25.325
2024-03-10 06:00:00,6,28,28,0.0,8.0,19.0,1.0,0.0,1.0,1,0,19,0,19,0,32.45,889.0,694.0,1073.0,32.45,3.0,7.13,roster,0,91.0,70.0,1.4444,81.51,2.275,0.7,0.0,3.25,60.06,16.5,0.0,24.95,26.825
2024-03-10 07:00:00,7,30,30,0.0,7.0,21.0,2.0,0.0,1.0,5,5,19,0,19,0,33.45,949.0,754.0,1133.0,33.45,3.0,7.13,roster,0,95.0,75.0,1.5079,87.19,4.5957,0.75,0.7013,3.1667,64.35,16.5,0.0,26.34,28.325
2024-03-10 08:00:00,8,34,34,1.0,9.0,22.0,2.0,0.0,1.0,8,6,20,0,20,0,34.45,1007.0,814.0,1193.0,34.45,3.0,6.66,roster,0,111.0,85.0,1.85,98.03,5.7162,0.85,0.9009,3.2647,72.93,17.37,0.0,27.74,29.825
2024-03-10 09:00:00,9,35,35,1.0,8.0,25.0,0.0,1.0,1.0,8,8,21,1,22,1,35.45,933.0,306.0,1218.0,35.45,3.0,6.66,roster,0,113.0,87.5,2.0926,115.9,6.7032,0.875,1.2012,3.2286,75.08,19.1,13.4,28.32,30.45
2024-03-10 10:00:00,10,34,34,1.0,6.0,26.0,0.0,1.0,1.0,6,6,21,1,22,1,36.45,853.0,145.0,1213.0,36.45,4.0,9.91,roster,0,108.0,85.0,1.5,113.63,4.6232,0.85,0.6054,3.1765,72.93,19.1,13.4,28.2,30.325
2024-03-10 11:00:00,11,40,40,2.0,6.0,29.0,2.0,1.0,1.0,12,12,20,1,21,1,37.45,694.0,201.0,1273.0,37.45,4.0,9.91,roster,0,126.0,100.0,1.6579,127.03,6.9643,1.0,1.2109,3.15,85.8,18.23,13.4,29.6,31.825
2024-03-10 12:00:00,12,39,39,2.0,6.0,27.0,1.0,3.0,1.0,9,8,23,2,25,2,38.45,265.0,167.0,1054.0,38.45,4.0,9.91,roster,0,120.0,97.5,2.0,136.67,5.4839,0.975,0.8073,3.0769,83.66,21.71,26.8,24.51,26.35
2024-03-10 13:00:00,13,45,45,2.0,7.0,31.0,2.0,3.0,1.0,13,11,23,2,25,2,39.45,325.0,177.0,1114.0,39.45,4.0,9.91,roster,0,138.0,112.5,2.3,150.93,6.854,1.125,1.11,3.0667,96.52,21.71,26.8,25.9,27.85
2024-03-10 14:00:00,14,51,51,2.0,8.0,35.0,3.0,3.0,1.0,15,14,24,2,26,2,40.45,375.0,199.0,1012.0,40.45,4.0,9.91,roster,0,156.0,127.5,2.7857,162.3,8.2212,1.275,1.4127,3.0588,109.39,22.58,26.8,23.53,25.3
2024-03-10 15:00:00,15,42,42,2.0,7.0,30.0,3.0,0.0,1.0,5,5,22,2,24,2,41.45,405.0,192.0,1072.0,41.45,4.0,9.91,roster,0,134.0,105.0,2.0938,142.65,4.9597,1.05,0.5045,3.1905,90.09,20.84,26.8,24.92,26.8
2024-03-10 16:00:00,16,43,43,1.0,7.0,31.0,1.0,3.0,1.0,14,11,19,1,20,1,42.45,532.0,303.0,1294.0,42.45,4.0,9.91,roster,0,131.0,107.5,1.6375,133.09,6.6566,1.075,1.11,3.0465,92.24,17.37,13.4,30.09,32.35
2024-03-10 17:00:00,17,40,40,1.0,7.0,30.0,0.0,2.0,1.0,9,6,19,1,20,1,43.45,557.0,312.0,1354.0,43.45,4.0,9.91,roster,0,125.0,100.0,1.5625,128.05,5.017,1.0,0.6054,3.125,85.8,17.37,13.4,31.48,33.85
2024-03-10 18:00:00,18,40,40,1.0,8.0,31.0,0.0,0.0,1.0,11,9,20,1,21,1,44.45,609.0,329.0,1252.0,44.45,4.0,9.91,roster,0,130.0,100.0,1.7105,126.54,6.2016,1.0,0.9082,3.25,85.8,18.23,13.4,29.11,31.3
2024-03-10 19:00:00,19,42,42,1.0,8.0,31.0,2.0,0.0,1.0,11,11,21,2,23,2,45.45,621.0,301.0,1312.0,45.45,4.0,9.91,roster,0,134.0,105.0,1.9706,147.37,6.8914,1.05,1.11,3.1905,90.09,19.97,26.8,30.5,32.8
2024-03-10 20:00:00,20,47,47,1.0,8.0,38.0,0.0,0.0,1.0,20,16,20,2,22,2,46.45,517.5,203.0,1039.0,46.45,4.0,11.64,roster,0,151.0,117.5,2.0972,150.87,8.1912,1.175,1.3746,3.2128,100.82,19.1,26.8,24.16,25.975
2024-03-10 21:00:00,21,53,53,1.0,7.0,43.0,2.0,0.0,1.0,13,13,21,3,24,3,47.45,477.5,204.0,859.0,47.45,4.0,11.64,roster,0,166.0,132.5,2.5938,174.7,7.648,1.325,1.1168,3.1321,113.68,20.84,40.2,19.97,21.475
2024-03-10 22:00:00,22,54,54,1.0,7.0,44.0,2.0,0.0,1.0,15,14,23,3,26,3,48.45,432.5,212.0,865.0,48.45,3.0,8.39,roster,0,169.0,135.0,4.0238,178.72,9.4473,1.35,1.6687,3.1296,115.83,22.58,40.2,20.11,21.625
2024-03-10 23:00:00,23,53,53,1.0,6.0,45.0,1.0,0.0,1.0,11,9,25,2,27,2,49.45,444.0,186.0,925.0,49.45,3.0,8.39,roster,0,166.0,132.5,4.2564,165.44,7.5098,1.325,1.0727,3.1321,113.68,23.44,26.8,21.51,23.125
2024-03-11 00:00:00,0,48,48,1.0,6.0,40.0,1.0,0.0,1.0,6,6,25,2,27,2,50.45,504.0,246.0,985.0,50.45,3.0,8.39,roster,0,151.0,120.0,3.8718,156.11,6.0247,1.2,0.7151,3.1458,102.96,23.44,26.8,22.9,24.625
2024-03-11 01:00:00,1,40,40,1.0,6.0,31.0,2.0,0.0,1.0,3,2,25,2,27,2,51.45,564.0,306.0,1045.0,51.45,3.0,8.39,roster,0,126.0,100.0,3.2308,140.34,3.9009,1.0,0.2384,3.15,85.8,23.44,26.8,24.3,26.125
2024-03-11 02:00:00,2,40,40,2.0,5.0,32.0,1.0,0.0,1.0,6,6,25,1,26,1,52.45,672.5,366.0,1105.0,52.45,3.0,8.39,roster,0,128.0,100.0,3.0476,127.47,5.4884,1.0,0.7151,3.2,85.8,22.58,13.4,25.69,27.625
2024-03-11 03:00:00,3,40,40,2.0,8.0,29.0,1.0,0.0,1.0,4,4,26,1,27,1,53.45,684.0,404.0,1165.0,53.45,3.0,8.39,roster,0,131.0,100.0,3.359,129.73,4.8364,1.0,0.4768,3.275,85.8,23.44,13.4,27.09,29.125
2024-03-11 04:00:00,4,42,42,2.0,8.0,32.0,0.0,0.0,1.0,4,4,27,2,29,2,54.45,683.0,459.0,1209.0,54.45,3.0,8.39,roster,0,138.0,105.0,4.1818,150.18,5.0165,1.05,0.4768,3.2857,90.09,25.18,26.8,28.11,30.225
2024-03-11 05:00:00,5,41,41,2.0,8.0,31.0,0.0,0.0,1.0,1,1,27,2,29,2,55.45,743.0,519.0,1269.0,55.45,3.0,8.39,roster,0,135.0,102.5,4.0909,149.43,3.7675,1.025,0.1192,3.2927,87.94,25.18,26.8,29.5,31.725
2024-03-11 06:00:00,6,39,39,2.0,8.0,29.0,0.0,0.0,1.0,0,0,27,2,29,2,56.45,803.0,579.0,1329.0,56.45,3.0,8.39,roster,0,129.0,97.5,3.9091,146.54,3.225,0.975,0.0,3.3077,83.66,25.18,26.8,30.9,33.225
2024-03-11 07:00:00,7,38,38,2.0,8.0,28.0,0.0,0.0,1.0,2,0,27,2,29,2,57.45,863.0,639.0,1389.0,57.45,3.0,8.39,roster,0,126.0,95.0,3.8182,145.79,3.15,0.95,0.0,3.3158,81.51,25.18,26.8,32.29,34.725
2024-03-11 08:00:00,8,43,43,2.0,9.0,32.0,0.0,0.0,1.0,5,5,27,2,29,2,58.45,923.0,699.0,1449.0,58.45,3.0,8.05,roster,0,142.0,107.5,4.303,157.91,5.6011,1.075,0.6211,3.3023,92.24,25.18,26.8,33.69,36.225
2024-03-11 09:00:00,9,39,39,1.0,9.0,29.0,0.0,0.0,1.0,5,4,24,2,26,2,59.45,923.5,683.0,1461.0,59.45,3.0,8.05,roster,0,128.0,97.5,3.0476,147.0,4.8308,0.975,0.4969,3.2821,83.66,22.58,26.8,33.97,36.525
2024-03-11 10:00:00,10,41,41,2.0,10.0,29.0,0.0,0.0,1.0,7,6,23,2,25,2,60.45,962.0,743.0,1332.0,60.45,4.0,11.51,roster,0,137.0,102.5,2.2833,147.42,5.1669,1.025,0.5213,3.3415,87.94,21.71,26.8,30.97,33.3
2024-03-11 11:00:00,11,43,43,2.0,10.0,30.0,1.0,0.0,1.0,8,7,20,4,24,4,61.45,957.5,515.0,1392.0,61.45,4.0,11.51,roster,0,142.0,107.5,2.2188,179.04,5.5584,1.075,0.6082,3.3023,92.24,20.84,53.6,32.36,34.8
2024-03-11 12:00:00,12,42,42,2.0,9.0,31.0,0.0,0.0,1.0,11,10,18,4,22,4,33.317,841.5,147.0,1125.0,33.317,4.0,11.51,roster,0,139.0,105.0,1.9306,168.95,6.3503,1.05,0.8688,3.3095,90.09,19.1,53.6,26.16,28.125
2024-03-11 13:00:00,13,51,51,4.0,11.0,36.0,0.0,0.0,1.0,15,16,21,4,25,4,34.317,616.0,172.0,1026.0,34.317,4.0,11.51,roster,0,172.0,127.5,2.8667,188.56,8.9882,1.275,1.3901,3.3725,109.39,21.71,53.6,23.85,25.65
2024-03-11 14:00:00,14,51,51,4.0,12.0,34.0,1.0,0.0,1.0,6,7,24,5,29,5,35.317,253.0,133.0,1051.0,35.317,4.0,11.51,roster,0,172.0,127.5,3.9091,206.01,6.3511,1.275,0.6082,3.3725,109.39,25.18,67.0,24.44,26.275
2024-03-11 15:00:00,15,46,46,4.0,10.0,32.0,0.0,0.0,1.0,5,6,24,4,28,4,36.317,284.0,148.0,1013.0,36.317,4.0,11.51,roster,0,156.0,115.0,3.25,180.13,5.6678,1.15,0.5213,3.3913,98.67,24.31,53.6,23.55,25.325
2024-03-11 16:00:00,16,45,45,3.0,10.0,31.0,1.0,0.0,1.0,7,7,23,3,26,3,37.317,310.5,194.0,796.0,37.317,4.0,11.51,roster,0,150.0,112.5,2.6786,157.81,5.7772,1.125,0.6082,3.3333,96.52,22.58,40.2,18.51,19.9
2024-03-11 17:00:00,17,46,46,3.0,10.0,33.0,0.0,0.0,1.0,9,9,24,3,27,3,38.317,345.0,240.0,856.0,38.317,4.0,11.51,roster,0,154.0,115.0,2.9615,162.22,6.4678,1.15,0.7819,3.3478,98.67,23.44,40.2,19.9,21.4
2024-03-11 18:00:00,18,44,44,3.0,10.0,31.0,0.0,0.0,1.0,6,4,27,3,30,3,39.317,358.0,262.0,613.0,39.317,4.0,11.51,roster,0,148.0,110.0,3.7,154.88,4.8689,1.1,0.3475,3.3636,94.38,26.05,40.2,14.25,15.325
2024-03-11 19:00:00,19,51,51,2.0,11.0,37.0,1.0,0.0,1.0,12,10,28,3,31,3,40.317,403.0,300.0,673.0,40.317,4.0,11.51,roster,0,167.0,127.5,4.6389,172.16,7.0199,1.275,0.8688,3.2745,109.39,26.92,40.2,15.65,16.825
2024-03-11 20:00:00,20,48,48,3.0,9.0,35.0,1.0,0.0,1.0,7,6,28,2,30,2,41.317,444.5,351.0,733.0,41.317,4.0,10.77,roster,0,158.0,120.0,3.95,152.85,5.7838,1.2,0.5571,3.2917,102.96,26.05,26.8,17.04,18.325
2024-03-11 21:00:00,21,51,51,2.0,11.0,35.0,3.0,0.0,1.0,8,8,28,1,29,1,42.317,501.0,313.0,724.0,42.317,4.0,10.77,roster,0,165.0,127.5,3.75,144.81,6.5282,1.275,0.7428,3.2353,109.39,25.18,13.4,16.83,18.1
2024-03-11 22:00:00,22,51,51,2.0,12.0,35.0,2.0,0.0,1.0,11,9,27,2,29,2,43.317,561.0,365.0,784.0,43.317,3.0,7.31,roster,0,167.0,127.5,5.0606,159.6,8.2065,1.275,1.2312,3.2745,109.39,25.18,26.8,18.23,19.6
2024-03-11 23:00:00,23,48,48,2.0,14.0,30.0,2.0,0.0,1.0,7,4,28,3,31,3,44.317,614.0,400.0,844.0,44.317,3.0,7.31,roster,0,160.0,120.0,5.9259,169.7,5.824,1.2,0.5472,3.3333,102.96,26.92,40.2,19.62,21.1
2024-03-12 00:00:00,0,51,51,2.0,15.0,32.0,2.0,0.0,1.0,8,8,28,3,31,3,45.317,674.0,460.0,904.0,45.317,3.0,7.31,roster,0,170.0,127.5,6.2963,177.53,7.898,1.275,1.0944,3.3333,109.39,26.92,40.2,21.02,22.6
2024-03-12 01:00:00,1,47,47,2.0,13.0,30.0,2.0,0.0,1.0,1,0,30,4,34,4,46.317,710.0,459.0,913.0,46.317,3.0,7.31,roster,0,156.0,117.5,8.6667,185.16,3.9,1.175,0.0,3.3191,100.82,29.52,53.6,21.23,22.825
2024-03-12 02:00:00,2,48,48,2.0,12.0,31.0,3.0,0.0,1.0,4,4,30,4,34,4,47.317,770.0,519.0,973.0,47.317,3.0,7.31,roster,0,157.0,120.0,8.7222,188.7,5.7148,1.2,0.5472,3.2708,102.96,29.52,53.6,22.62,24.325
2024-03-12 03:00:00,3,51,51,2.0,12.0,32.0,5.0,0.0,1.0,4,4,30,4,34,4,48.317,830.0,579.0,1033.0,48.317,3.0,7.31,roster,0,164.0,127.5,9.1111,196.53,5.8596,1.275,0.5472,3.2157,109.39,29.52,53.6,24.02,25.825
2024-03-12 04:00:00,4,53,53,2.0,12.0,35.0,4.0,0.0,1.0,3,3,31,4,35,4,49.317,873.0,553.0,1093.0,49.317,3.0,7.31,roster,0,171.0,132.5,11.4,203.09,5.5991,1.325,0.4104,3.2264,113.68,30.39,53.6,25.41,27.325
2024-03-12 05:00:00,5,52,52,2.0,12.0,34.0,4.0,0.0,1.0,0,0,31,4,35,4,50.317,933.0,613.0,1153.0,50.317,3.0,7.31,roster,0,168.0,130.0,11.2,202.34,4.2,1.3,0.0,3.2308,111.54,30.39,53.6,26.81,28.825
2024-03-12 06:00:00,6,51,51,2.0,12.0,33.0,4.0,0.0,1.0,0,0,31,4,35,4,51.317,993.0,673.0,1213.0,51.317,3.0,7.31,roster,0,165.0,127.5,11.0,201.59,4.125,1.275,0.0,3.2353,109.39,30.39,53.6,28.2,30.325
2024-03-12 07:00:00,7,53,53,2.0,12.0,35.0,4.0,0.0,1.0,4,3,31,4,35,4,52.317,1053.0,733.0,1273.0,52.317,3.0,7.31,roster,0,171.0,132.5,11.4,207.27,5.5991,1.325,0.4104,3.2264,113.68,30.39,53.6,29.6,31.825
2024-03-12 08:00:00,8,46,46,2.0,11.0,29.0,4.0,0.0,1.0,3,0,31,3,34,3,53.317,1096.5,793.0,1312.0,53.317,3.0,7.2,roster,0,149.0,115.0,8.2778,178.9,3.725,1.15,0.0,3.2391,98.67,29.52,40.2,30.5,32.8
2024-03-12 09:00:00,9,49,49,2.0,11.0,32.0,4.0,0.0,1.0,11,11,26,3,29,3,54.317,1131.0,853.0,1372.0,54.317,3.0,7.2,roster,0,158.0,122.5,4.7879,182.38,8.8763,1.225,1.5278,3.2245,105.1,25.18,40.2,31.9,34.3
2024-03-12 10:00:00,10,46,46,2.0,12.0,29.0,3.0,0.0,1.0,11,10,23,3,26,3,55.317,1138.0,801.0,1453.0,55.317,4.0,10.9,roster,0,151.0,115.0,2.6964,175.23,6.7866,1.15,0.9174,3.2826,98.67,22.58,40.2,33.78,36.325
2024-03-12 11:00:00,11,45,45,2.0,11.0,29.0,3.0,0.0,1.0,7,7,25,3,28,3,56.317,1110.5,793.0,1425.0,56.317,4.0,10.9,roster,0,147.0,112.5,3.0625,174.17,5.7729,1.125,0.6422,3.2667,96.52,24.31,40.2,33.13,35.625
2024-03-12 12:00:00,12,46,46,2.0,13.0,30.0,1.0,0.0,1.0,13,12,21,3,24,3,57.317,1131.0,745.0,1485.0,57.317,4.0,10.9,roster,0,154.0,115.0,2.4062,174.24,7.5357,1.15,1.1009,3.3478,98.67,20.84,40.2,34.53,37.125
2024-03-12 13:00:00,13,50,50,2.0,15.0,31.0,2.0,0.0,1.0,10,10,22,3,25,3,58.317,981.0,205.0,1371.0,58.317,4.0,10.9,roster,0,167.0,125.0,2.7833,181.03,7.2392,1.25,0.9174,3.34,107.25,21.71,40.2,31.88,34.275
2024-03-12 14:00:00,14,44,44,2.0,13.0,27.0,2.0,0.0,1.0,4,3,21,3,24,3,44.75,532.0,169.0,1239.0,44.75,4.0,10.9,roster,0,147.0,110.0,2.2969,164.23,4.5945,1.1,0.2752,3.3409,94.38,20.84,40.2,28.81,30.975
2024-03-12 15:00:00,15,40,40,2.0,13.0,22.0,3.0,0.0,1.0,7,7,18,2,20,2,45.75,330.5,192.0,1213.0,45.75,4.0,10.9,roster,0,134.0,100.0,1.675,138.17,5.5014,1.0,0.6422,3.35,85.8,17.37,26.8,28.2,30.325
2024-03-12 16:00:00,16,41,41,2.0,11.0,27.0,1.0,0.0,1.0,11,10,19,0,19,0,46.75,289.0,200.0,833.0,46.75,4.0,10.9,roster,0,137.0,102.5,1.631,103.81,6.4906,1.025,0.9174,3.3415,87.94,16.5,0.0,19.37,20.825
2024-03-12 17:00:00,17,41,41,2.0,13.0,25.0,1.0,0.0,1.0,5,6,21,1,22,1,47.75,313.0,167.0,531.0,47.75,4.0,10.9,roster,0,139.0,102.5,1.9306,112.79,5.3412,1.025,0.5505,3.3902,87.94,19.1,13.4,12.35,13.275
2024-03-12 18:00:00,18,44,44,2.0,15.0,25.0,2.0,0.0,1.0,11,8,22,2,24,2,48.75,370.5,201.0,591.0,48.75,4.0,10.9,roster,0,149.0,110.0,2.3281,135.76,6.2104,1.1,0.7339,3.3864,94.38,20.84,26.8,13.74,14.775
2024-03-12 19:00:00,19,46,46,3.0,14.0,28.0,1.0,0.0,1.0,7,7,22,1,23,1,49.75,432.0,235.0,651.0,49.75,4.0,10.9,roster,0,157.0,115.0,2.3088,127.18,6.1169,1.15,0.6422,3.413,98.67,19.97,13.4,15.14,16.275
2024-03-12 20:00:00,20,38,38,3.0,13.0,21.0,1.0,0.0,1.0,6,5,21,1,22,1,45.883,440.0,256.0,602.0,45.883,4.0,10.71,roster,0,132.0,95.0,1.8333,108.01,4.9217,0.95,0.4669,3.4737,81.51,19.1,13.4,14.0,15.05
2024-03-12 21:00:00,21,49,49,4.0,16.0,26.0,3.0,0.0,1.0,12,12,22,1,23,1,46.883,494.0,313.0,662.0,46.883,4.0,10.71,roster,0,168.0,122.5,2.4706,133.87,8.0415,1.225,1.1204,3.4286,105.1,19.97,13.4,15.39,16.55
2024-03-12 22:00:00,22,49,49,3.0,17.0,27.0,2.0,0.0,1.0,10,10,23,1,24,1,47.883,526.5,373.0,722.0,47.883,3.0,7.01,roster,0,168.0,122.5,3.5,136.13,9.091,1.225,1.4265,3.4286,105.1,20.84,13.4,16.79,18.05
2024-03-12 23:00:00,23,48,48,3.0,12.0,31.0,2.0,0.0,1.0,9,9,23,1,24,1,48.883,488.0,319.0,674.0,48.883,3.0,7.01,roster,0,160.0,120.0,3.3333,132.87,8.2796,1.2,1.2839,3.3333,102.96,20.84,13.4,15.67,16.85
2024-03-13 00:00:00,0,45,45,3.0,13.0,28.0,1.0,0.0,1.0,7,6,24,1,25,1,49.883,535.0,268.0,732.0,49.883,3.0,7.01,roster,0,153.0,112.5,3.4,128.65,6.7351,1.125,0.8559,3.4,96.52,21.71,13.4,17.02,18.3
2024-03-13 01:00:00,1,45,45,3.0,13.0,27.0,2.0,0.0,1.0,5,4,26,1,27,1,50.883,579.0,255.0,792.0,50.883,3.0,7.01,roster,0,152.0,112.5,3.8974,131.78,5.7274,1.125,0.5706,3.3778,96.52,23.44,13.4,18.41,19.8
2024-03-13 02:00:00,2,46,46,3.0,13.0,27.0,3.0,0.0,1.0,5,4,26,2,28,2,51.883,627.5,315.0,852.0,51.883,3.0,7.01,roster,0,154.0,115.0,4.2778,149.59,5.7603,1.15,0.5706,3.3478,98.67,24.31,26.8,19.81,21.3
2024-03-13 03:00:00,3,42,42,3.0,13.0,24.0,2.0,0.0,1.0,2,2,27,2,29,2,52.883,676.0,368.0,909.0,52.883,3.0,7.01,roster,0,143.0,105.0,4.3333,143.21,4.5464,1.05,0.2853,3.4048,90.09,25.18,26.8,21.13,22.725
2024-03-13 04:00:00,4,43,43,2.0,13.0,25.0,3.0,0.0,1.0,3,3,28,2,30,2,53.883,734.5,395.0,969.0,53.883,3.0,7.01,roster,0,143.0,107.5,4.7667,147.61,4.9982,1.075,0.428,3.3256,92.24,26.05,26.8,22.53,24.225
2024-03-13 05:00:00,5,41,41,2.0,12.0,24.0,3.0,0.0,1.0,1,1,28,1,29,1,54.883,793.0,455.0,1029.0,54.883,3.0,7.01,roster,0,136.0,102.5,4.1212,130.45,3.8732,1.025,0.1427,3.3171,87.94,25.18,13.4,23.92,25.725
2024-03-13 06:00:00,6,39,39,2.0,12.0,24.0,1.0,0.0,1.0,2,2,28,1,29,1,55.883,853.0,515.0,1089.0,55.883,3.0,7.01,roster,0,132.0,97.5,4.0,127.56,4.2657,0.975,0.2853,3.3846,83.66,25.18,13.4,25.32,27.225
2024-03-13 07:00:00,7,41,41,2.0,12.0,26.0,1.0,0.0,1.0,3,3,28,1,29,1,56.883,913.0,575.0,1149.0,56.883,3.0,7.01,roster,0,138.0,102.5,4.1818,133.24,4.8905,1.025,0.428,3.3659,87.94,25.18,13.4,26.71,28.725
2024-03-13 08:00:00,8,39,39,2.0,12.0,24.0,1.0,0.0,1.0,4,4,27,1,28,1,57.883,974.5,668.0,1212.0,57.883,3.0,6.42,roster,0,132.0,97.5,3.6667,129.55,5.4088,0.975,0.6231,3.3846,83.66,24.31,13.4,28.18,30.3
2024-03-13 09:00:00,9,41,41,2.0,10.0,26.0,3.0,0.0,1.0,8,8,24,1,25,1,58.883,977.0,695.0,1226.0,58.883,3.0,6.42,roster,0,134.0,102.5,2.9778,131.56,7.4226,1.025,1.2461,3.2683,87.94,21.71,13.4,28.5,30.65
2024-03-13 10:00:00,10,34,34,2.0,8.0,23.0,1.0,0.0,1.0,3,3,23,1,24,1,59.883,805.5,559.0,1219.0,59.883,4.0,9.67,roster,0,113.0,85.0,1.7656,115.51,3.8561,0.85,0.3102,3.3235,72.93,20.84,13.4,28.34,30.475
2024-03-13 11:00:00,11,41,41,2.0,7.0,30.0,1.0,1.0,1.0,10,9,23,1,24,1,60.883,851.5,573.0,1179.0,60.883,4.0,9.67,roster,0,131.0,102.5,2.0469,129.6,6.2487,1.025,0.9307,3.1951,87.94,20.84,13.4,27.41,29.475
2024-03-13 12:00:00,12,39,39,2.0,7.0,29.0,1.0,0.0,1.0,7,6,23,1,24,1,61.883,767.5,226.0,1213.0,61.883,4.0,9.67,roster,0,127.0,97.5,1.9844,126.1,5.1955,0.975,0.6205,3.2564,83.66,20.84,13.4,28.2,30.325
2024-03-13 13:00:00,13,41,41,2.0,7.0,26.0,5.0,1.0,1.0,6,7,22,2,24,2,48.35,716.0,187.0,996.0,48.35,4.0,9.67,roster,0,127.0,102.5,1.9844,138.74,5.4173,1.025,0.7239,3.0976,87.94,20.84,26.8,23.16,24.9
2024-03-13 14:00:00,14,44,44,2.0,7.0,29.0,6.0,0.0,1.0,9,7,22,2,24,2,49.35,725.0,233.0,1035.0,49.35,4.0,9.67,roster,0,137.0,110.0,2.1406,146.08,5.6789,1.1,0.7239,3.1136,94.38,20.84,26.8,24.06,25.875
2024-03-13 15:00:00,15,45,45,2.0,6.0,34.0,3.0,0.0,1.0,7,7,24,1,25,1,50.35,440.0,240.0,1088.0,50.35,4.0,9.67,roster,0,142.0,112.5,2.3667,136.93,5.8343,1.125,0.7239,3.1556,96.52,21.71,13.4,25.3,27.2
2024-03-13 16:00:00,16,49,49,2.0,7.0,37.0,3.0,0.0,1.0,10,8,24,1,25,1,51.35,500.0,298.0,1148.0,51.35,4.0,9.67,roster,0,155.0,122.5,2.5833,146.9,6.492,1.225,0.8273,3.1633,105.1,21.71,13.4,26.69,28.7
2024-03-13 17:00:00,17,49,49,2.0,7.0,36.0,4.0,0.0,1.0,5,5,28,1,29,1,52.35,483.0,242.0,1175.0,52.35,4.0,9.67,roster,0,154.0,122.5,3.5,151.0,5.4751,1.225,0.5171,3.1429,105.1,25.18,13.4,27.32,29.375
2024-03-13 18:00:00,18,47,47,2.0,8.0,33.0,4.0,0.0,1.0,6,6,29,0,29,0,53.35,543.0,245.0,1235.0,53.35,4.0,9.67,roster,0,149.0,117.5,3.3864,134.71,5.692,1.175,0.6205,3.1702,100.82,25.18,0.0,28.71,30.875
2024-03-13 19:00:00,19,47,47,2.0,9.0,32.0,4.0,0.0,1.0,3,3,29,1,30,1,54.35,561.5,253.0,1295.0,54.35,4.0,9.67,roster,0,150.0,117.5,3.75,150.37,4.7401,1.175,0.3102,3.1915,100.82,26.05,13.4,30.11,32.375
2024-03-13 20:00:00,20,54,54,3.0,9.0,35.0,7.0,0.0,1.0,11,12,29,1,30,1,55.35,560.0,291.0,1256.0,55.35,4.0,10.62,roster,0,170.0,135.0,4.25,164.48,7.8072,1.35,1.1299,3.1481,115.83,26.05,13.4,29.2,31.4
2024-03-13 21:00:00,21,56,56,2.0,11.0,31.0,12.0,0.0,1.0,12,10,31,1,32,1,56.35,599.0,326.0,1316.0,56.35,4.0,10.62,roster,0,171.0,140.0,5.3438,171.9,7.1503,1.4,0.9416,3.0536,120.12,27.79,13.4,30.6,32.9
2024-03-13 22:00:00,22,57,57,2.0,11.0,36.0,7.0,1.0,1.0,9,10,32,2,34,2,57.35,652.0,361.0,1359.0,57.35,3.0,7.37,roster,0,177.0,142.5,9.8333,190.18,8.6384,1.425,1.3569,3.1053,122.26,29.52,26.8,31.6,33.975
2024-03-13 23:00:00,23,52,52,1.0,10.0,36.0,4.0,1.0,1.0,6,6,32,1,33,1,58.35,602.0,417.0,1237.0,58.35,3.0,7.37,roster,0,162.0,130.0,7.7143,162.35,6.5863,1.3,0.8141,3.1154,111.54,28.65,13.4,28.76,30.925
2024-03-14 00:00:00,0,53,53,1.0,11.0,38.0,2.0,1.0,1.0,9,8,33,1,34,1,59.35,657.5,439.0,1297.0,59.35,3.0,7.37,roster,0,168.0,132.5,9.3333,166.76,7.6408,1.325,1.0855,3.1698,113.68,29.52,13.4,30.16,32.425
2024-03-14 01:00:00,1,52,52,1.0,12.0,36.0,2.0,1.0,1.0,5,5,34,1,35,1,60.35,713.0,408.0,1357.0,60.35,3.0,7.37,roster,0,166.0,130.0,11.0667,166.88,6.3157,1.3,0.6784,3.1923,111.54,30.39,13.4,31.55,33.925
2024-03-14 02:00:00,2,53,53,1.0,12.0,38.0,1.0,1.0,1.0,4,4,34,2,36,2,61.35,749.0,468.0,1417.0,61.35,3.0,7.37,roster,0,170.0,132.5,14.1667,184.69,5.9909,1.325,0.5427,3.2075,113.68,31.26,26.8,32.95,35.425
2024-03-14 03:00:00,3,49,49,1.0,11.0,34.0,2.0,1.0,1.0,4,4,32,2,34,2,62.35,837.5,528.0,1477.0,62.35,3.0,7.37,roster,0,156.0,122.5,8.6667,175.77,5.6279,1.225,0.5427,3.1837,105.1,29.52,26.8,34.34,36.925
2024-03-14 04:00:00,4,50,50,1.0,13.0,33.0,2.0,1.0,1.0,4,3,32,2,34,2,63.35,897.5,588.0,1537.0,63.35,3.0,7.37,roster,0,161.0,125.0,8.9444,179.31,5.3357,1.25,0.4071,3.22,107.25,29.52,26.8,35.74,38.425
2024-03-14 05:00:00,5,51,51,1.0,13.0,34.0,2.0,1.0,1.0,4,4,32,2,34,2,64.35,957.5,648.0,1597.0,64.35,3.0,7.37,roster,0,164.0,127.5,9.1111,182.85,5.8453,1.275,0.5427,3.2157,109.39,29.52,26.8,37.13,39.925
2024-03-14 06:00:00,6,54,54,1.0,13.0,36.0,3.0,1.0,1.0,4,4,33,2,35,2,65.35,1013.0,653.0,1657.0,65.35,3.0,7.37,roster,0,172.0,135.0,11.4667,191.55,6.0287,1.35,0.5427,3.1852,115.83,30.39,26.8,38.53,41.425
2024-03-14 07:00:00,7,49,49,1.0,13.0,33.0,2.0,0.0,1.0,0,0,33,2,35,2,66.35,1073.0,713.0,1717.0,66.35,3.0,7.37,roster,0,160.0,122.5,10.6667,182.22,4.0,1.225,0.0,3.2653,105.1,30.39,26.8,39.92,42.925
2024-03-14 08:00:00,8,46,46,1.0,13.0,31.0,1.0,0.0,1.0,3,2,33,2,35,2,67.35,1133.0,773.0,1777.0,67.35,3.0,7.02,roster,0,152.0,115.0,10.1333,177.18,4.7414,1.15,0.2849,3.3043,98.67,30.39,26.8,41.32,44.425
2024-03-14 09:00:00,9,42,42,1.0,12.0,28.0,1.0,0.0,1.0,2,2,30,2,32,2,68.35,1169.0,888.0,1837.0,68.35,3.0,7.02,roster,0,139.0,105.0,5.7917,167.39,4.4179,1.05,0.2849,3.3095,90.09,27.79,26.8,42.71,45.925
2024-03-14 10:00:00,10,48,48,1.0,12.0,34.0,1.0,0.0,1.0,9,9,30,2,32,2,69.35,1229.0,948.0,1897.0,69.35,4.0,10.34,roster,0,157.0,120.0,4.9062,181.65,6.772,1.2,0.8704,3.2708,102.96,27.79,26.8,44.11,47.425
2024-03-14 11:00:00,11,52,52,1.0,13.0,36.0,2.0,0.0,1.0,12,11,27,2,29,2,70.35,1191.0,877.0,1563.0,70.35,4.0,10.34,roster,0,169.0,130.0,3.8409,179.86,7.6824,1.3,1.0638,3.25,111.54,25.18,26.8,36.34,39.075
2024-03-14 12:00:00,12,44,44,1.0,12.0,29.0,2.0,0.0,1.0,4,4,24,2,26,2,71.35,1180.0,782.0,1500.0,71.35,4.0,10.34,roster,0,144.0,110.0,2.5714,158.63,4.866,1.1,0.3868,3.2727,94.38,22.58,26.8,34.88,37.5
2024-03-14 13:00:00,13,43,43,2.0,12.0,27.0,2.0,0.0,1.0,10,10,24,2,26,2,72.35,1100.5,522.0,1385.0,72.35,4.0,10.34,roster,0,143.0,107.5,2.5536,153.81,6.7912,1.075,0.9671,3.3256,92.24,22.58,26.8,32.2,34.625
2024-03-14 14:00:00,14,44,44,2.0,12.0,28.0,2.0,0.0,1.0,9,8,25,1,26,1,73.35,948.0,208.0,1346.0,73.35,4.0,10.34,roster,0,146.0,110.0,2.6071,141.65,6.2173,1.1,0.7737,3.3182,94.38,22.58,13.4,31.29,33.65
2024-03-14 15:00:00,15,41,41,2.0,11.0,26.0,2.0,0.0,1.0,5,5,23,0,23,0,31.333,318.0,157.0,1339.0,31.333,4.0,10.34,roster,0,136.0,102.5,2.0,119.05,5.004,1.025,0.4836,3.3171,87.94,19.97,0.0,31.13,33.475
2024-03-14 16:00:00,16,41,41,1.0,11.0,26.0,3.0,0.0,1.0,8,8,21,0,21,0,32.333,378.0,217.0,1308.0,32.333,4.0,10.34,roster,0,133.0,102.5,1.75,116.59,5.8348,1.025,0.7737,3.2439,87.94,18.23,0.0,30.41,32.7
2024-03-14 17:00:00,17,44,44,1.0,13.0,27.0,3.0,0.0,1.0,8,8,20,0,20,0,33.333,594.5,277.0,1515.0,33.333,4.0,10.34,roster,0,144.0,110.0,1.8,126.97,6.1321,1.1,0.7737,3.2727,94.38,17.37,0.0,35.22,37.875
2024-03-14 18:00:00,18,40,40,1.0,11.0,25.0,3.0,0.0,1.0,5,5,22,0,22,0,34.333,452.5,269.0,1297.0,34.333,4.0,10.34,roster,0,130.0,100.0,1.8056,115.06,4.8216,1.0,0.4836,3.25,85.8,19.1,0.0,30.16,32.425
2024-03-14 19:00:00,19,37,37,1.0,9.0,25.0,2.0,0.0,1.0,9,9,22,0,22,0,35.333,512.5,329.0,1357.0,35.333,4.0,10.34,roster,0,120.0,92.5,1.6667,110.02,5.8229,0.925,0.8704,3.2432,79.36,19.1,0.0,31.55,33.925
2024-03-14 20:00:00,20,39,39,1.0,10.0,24.0,4.0,0.0,1.0,10,10,20,0,20,0,28.433,543.0,389.0,1354.0,28.433,4.0,10.59,roster,0,125.0,97.5,1.5625,112.5,6.1516,0.975,0.9443,3.2051,83.66,17.37,0.0,31.48,33.85
2024-03-14 21:00:00,21,37,37,0.0,11.0,24.0,2.0,0.0,1.0,4,4,21,0,21,0,29.433,578.0,433.0,1322.0,29.433,4.0,10.59,roster,0,120.0,92.5,1.5789,108.34,4.225,0.925,0.3777,3.2432,79.36,18.23,0.0,30.74,33.05
2024-03-14 22:00:00,22,36,36,0.0,10.0,24.0,2.0,0.0,1.0,4,4,20,0,20,0,30.433,607.5,493.0,1474.0,30.433,3.0,7.27,roster,0,116.0,90.0,1.9333,108.86,4.6729,0.9,0.5502,3.2222,77.22,17.37,0.0,34.27,36.85
2024-03-14 23:00:00,23,42,42,0.0,14.0,25.0,3.0,0.0,1.0,13,12,21,0,21,0,31.433,637.0,435.0,1442.0,31.433,3.0,7.27,roster,0,137.0,105.0,2.4035,121.85,8.8092,1.05,1.6506,3.2619,90.09,18.23,0.0,33.53,36.05
2024-03-15 00:00:00,0,34,34,0.0,13.0,19.0,2.0,0.0,1.0,2,2,22,0,22,0,32.433,691.5,469.0,1502.0,32.433,3.0,7.27,roster,0,113.0,85.0,2.0926,106.95,3.7393,0.85,0.2751,3.3235,72.93,19.1,0.0,34.92,37.55
2024-03-15 01:00:00,1,38,38,0.0,13.0,22.0,3.0,0.0,1.0,8,7,23,0,23,0,33.433,746.0,523.0,1562.0,33.433,3.0,7.27,roster,0,124.0,95.0,2.4314,117.8,6.242,0.95,0.9629,3.2632,81.51,19.97,0.0,36.32,39.05
2024-03-15 02:00:00,2,39,39,1.0,13.0,23.0,2.0,0.0,1.0,4,4,25,0,25,0,34.433,794.0,558.0,1302.0,34.433,3.0,7.27,roster,0,130.0,97.5,2.8889,115.63,5.084,0.975,0.5502,3.3333,83.66,21.71,0.0,30.27,32.55
2024-03-15 03:00:00,3,37,37,1.0,13.0,21.0,2.0,0.0,1.0,2,1,25,0,25,0,35.433,854.0,618.0,1362.0,35.433,3.0,7.27,roster,0,124.0,92.5,2.7556,112.74,3.561,0.925,0.1376,3.3514,79.36,21.71,0.0,31.67,34.05
2024-03-15 04:00:00,4,37,37,1.0,14.0,20.0,2.0,0.0,1.0,4,3,26,0,26,0,36.433,891.5,481.0,1422.0,36.433,3.0,7.27,roster,0,125.0,92.5,2.9762,115.0,4.5191,0.925,0.4127,3.3784,79.36,22.58,0.0,33.06,35.55
2024-03-15 05:00:00,5,38,38,1.0,14.0,21.0,2.0,0.0,1.0,1,1,26,0,26,0,37.433,951.5,541.0,1482.0,37.433,3.0,7.27,roster,0,128.0,95.0,3.0476,118.54,3.6633,0.95,0.1376,3.3684,81.51,22.58,0.0,34.46,37.05
2024-03-15 06:00:00,6,38,38,1.0,14.0,21.0,2.0,0.0,1.0,2,2,27,0,27,0,38.433,989.0,515.0,1542.0,38.433,3.0,7.27,roster,0,128.0,95.0,3.2821,120.81,4.1267,0.95,0.2751,3.3684,81.51,23.44,0.0,35.85,38.55
2024-03-15 07:00:00,7,40,40,1.0,14.0,23.0,2.0,0.0,1.0,3,3,27,0,27,0,39.433,1049.0,575.0,1602.0,39.433,3.0,7.27,roster,0,134.0,100.0,3.4359,126.49,4.7324,1.0,0.4127,3.35,85.8,23.44,0.0,37.25,40.05
2024-03-15 08:00:00,8,41,41,2.0,13.0,23.0,3.0,0.0,1.0,3,3,28,0,28,0,40.433,1101.0,635.0,1662.0,40.433,3.0,6.66,roster,0,137.0,102.5,3.8056,130.9,4.9302,1.025,0.4505,3.3415,87.94,24.31,0.0,38.64,41.55
2024-03-15 09:00:00,9,39,39,1.0,12.0,23.0,3.0,0.0,1.0,5,5,26,0,26,0,41.433,1161.0,560.0,1357.0,41.433,3.0,6.66,roster,0,128.0,97.5,3.0476,117.78,5.664,0.975,0.7508,3.2821,83.66,22.58,0.0,31.55,33.925
2024-03-15 10:00:00,10,40,40,1.0,9.0,25.0,4.0,1.0,1.0,7,6,23,0,23,0,42.433,1063.0,434.0,1358.0,42.433,4.0,9.75,roster,0,125.0,100.0,1.8382,117.34,5.0481,1.0,0.6154,3.125,85.8,19.97,0.0,31.57,33.95
2024-03-15 11:00:00,11,40,40,1.0,8.0,29.0,2.0,0.0,1.0,7,7,23,0,23,0,43.433,901.0,299.0,1357.0,43.433,4.0,9.75,roster,0,128.0,100.0,1.8824,117.32,5.4974,1.0,0.7179,3.2,85.8,19.97,0.0,31.55,33.925
2024-03-15 12:00:00,12,46,46,1.0,7.0,33.0,5.0,0.0,1.0,12,11,22,1,23,1,44.433,832.0,189.0,1406.0,44.433,4.0,9.75,roster,0,142.0,115.0,2.0882,144.73,7.0327,1.15,1.1282,3.087,98.67,19.97,13.4,32.69,35.15
2024-03-15 13:00:00,13,47,47,1.0,6.0,38.0,2.0,0.0,1.0,9,9,25,1,26,1,40.617,516.5,146.0,1409.0,40.617,4.0,9.75,roster,0,147.0,117.5,2.625,149.55,6.5621,1.175,0.9231,3.1277,100.82,22.58,13.4,32.76,35.225
2024-03-15 14:00:00,14,40,40,1.0,8.0,28.0,2.0,1.0,1.0,9,9,19,1,20,1,33.7,437.5,190.0,1469.0,33.7,4.0,9.75,roster,0,126.0,100.0,1.575,130.72,6.0577,1.0,0.9231,3.15,85.8,17.37,13.4,34.15,36.725
2024-03-15 15:00:00,15,37,37,0.0,7.0,27.0,2.0,1.0,1.0,6,6,16,1,17,1,34.7,266.0,225.0,920.0,34.7,4.0,9.75,roster,0,114.0,92.5,1.2391,108.92,4.746,0.925,0.6154,3.0811,79.36,14.76,13.4,21.39,23.0
2024-03-15 16:00:00,16,28,28,0.0,3.0,24.0,1.0,0.0,1.0,4,4,11,1,12,1,24.75,297.5,210.0,599.0,20.017,4.0,9.75,roster,0,86.0,70.0,0.7679,77.81,3.4101,0.7,0.4103,3.0714,60.06,10.42,13.4,13.93,14.975
2024-03-15 17:00:00,17,27,27,1.0,4.0,19.0,3.0,0.0,1.0,9,9,11,1,12,1,25.75,287.5,166.0,386.0,21.017,4.0,9.75,roster,0,84.0,67.5,0.75,70.71,4.9718,0.675,0.9231,3.1111,57.92,10.42,13.4,8.97,9.65
2024-03-15 18:00:00,18,30,30,2.0,4.0,18.0,6.0,0.0,1.0,6,6,14,2,16,2,26.75,206.5,97.0,430.0,22.017,4.0,9.75,roster,0,92.0,75.0,0.9583,95.04,4.1872,0.75,0.6154,3.0667,64.35,13.89,26.8,10.0,10.75
2024-03-15 19:00:00,19,31,31,2.0,3.0,18.0,7.0,1.0,1.0,7,6,14,3,17,3,27.75,208.0,134.0,425.0,23.017,4.0,9.75,roster,0,91.0,77.5,0.9891,111.34,4.0815,0.775,0.6154,2.9355,66.5,14.76,40.2,9.88,10.625
2024-03-15 20:00:00,20,29,29,3.0,2.0,17.0,7.0,0.0,1.0,6,6,12,3,15,3,28.75,217.0,184.0,346.0,13.983,4.0,10.27,roster,0,88.0,72.5,0.88,103.47,3.9728,0.725,0.5842,3.0345,62.2,13.02,40.2,8.04,8.65
2024-03-15 21:00:00,21,30,30,1.0,2.0,20.0,7.0,0.0,1.0,11,9,11,2,13,2,29.75,277.0,244.0,406.0,14.983,4.0,10.27,roster,0,87.0,75.0,0.8056,91.88,4.7164,0.75,0.8763,2.9,64.35,11.29,26.8,9.44,10.15
2024-03-15 22:00:00,22,35,35,1.0,3.0,19.0,12.0,0.0,1.0,11,10,13,2,15,2,30.75,332.0,164.0,466.0,15.983,3.0,7.18,roster,0,98.0,87.5,1.3067,105.73,6.3497,0.875,1.3928,2.8,75.08,13.02,26.8,10.83,11.65
2024-03-15 23:00:00,23,33,33,0.0,4.0,19.0,9.0,1.0,1.0,9,9,14,1,15,1,31.75,385.0,132.0,458.0,12.433,3.0,7.18,roster,0,92.0,82.5,1.2267,87.86,5.7946,0.825,1.2535,2.7879,70.78,13.02,13.4,10.65,11.45
2024-03-16 00:00:00,0,30,30,0.0,4.0,16.0,10.0,0.0,1.0,7,6,16,2,18,2,32.75,336.0,151.0,508.0,13.433,3.0,7.18,roster,0,84.0,75.0,1.2727,98.59,4.4398,0.75,0.8357,2.8,64.35,15.63,26.8,11.81,12.7
2024-03-16 01:00:00,1,29,29,0.0,4.0,16.0,9.0,0.0,1.0,8,6,15,2,17,2,33.75,484.0,230.0,568.0,14.433,3.0,7.18,roster,0,82.0,72.5,1.1884,96.97,4.4129,0.725,0.8357,2.8276,62.2,14.76,26.8,13.21,14.2
2024-03-16 02:00:00,2,26,26,0.0,3.0,17.0,6.0,0.0,1.0,5,5,15,1,16,1,34.75,554.5,312.0,638.0,15.433,3.0,7.18,roster,0,75.0,65.0,1.0417,77.9,3.8838,0.65,0.6964,2.8846,55.77,13.89,13.4,14.83,15.95
2024-03-16 03:00:00,3,26,26,0.0,4.0,16.0,6.0,0.0,1.0,2,3,16,1,17,1,35.75,604.0,350.0,688.0,16.433,3.0,7.18,roster,0,76.0,65.0,1.1014,79.93,3.1213,0.65,0.4178,2.9231,55.77,14.76,13.4,16.0,17.2
2024-03-16 04:00:00,4,30,30,0.0,6.0,18.0,6.0,0.0,1.0,5,5,17,1,18,1,36.75,576.0,391.0,748.0,17.433,3.0,7.18,roster,0,90.0,75.0,1.3636,90.77,4.3391,0.75,0.6964,3.0,64.35,15.63,13.4,17.39,18.7
2024-03-16 05:00:00,5,33,33,0.0,7.0,20.0,6.0,0.0,1.0,5,5,17,1,18,1,37.75,636.0,451.0,808.0,18.433,3.0,7.18,roster,0,100.0,82.5,1.5152,98.6,4.6102,0.825,0.6964,3.0303,70.78,15.63,13.4,18.79,20.2
2024-03-16 06:00:00,6,30,30,0.0,8.0,16.0,6.0,0.0,1.0,2,3,17,2,19,2,38.75,608.0,508.0,868.0,19.433,3.0,7.18,roster,0,92.0,75.0,1.4603,107.83,3.5813,0.75,0.4178,3.0667,64.35,16.5,26.8,20.18,21.7
2024-03-16 07:00:00,7,31,31,1.0,9.0,15.0,6.0,0.0,1.0,4,3,17,2,19,2,39.75,668.0,568.0,928.0,20.433,3.0,7.18,roster,0,98.0,77.5,1.5556,111.37,3.7709,0.775,0.4178,3.1613,66.5,16.5,26.8,21.58,23.2
2024-03-16 08:00:00,8,28,28,0.0,8.0,15.0,5.0,0.0,1.0,6,6,18,0,18,0,21.433,701.5,628.0,937.0,21.433,3.0,6.4,roster,0,87.0,70.0,1.3182,77.47,5.0879,0.7,0.9375,3.1071,60.06,15.63,0.0,21.79,23.425
2024-03-16 09:00:00,9,26,26,0.0,6.0,13.0,7.0,0.0,1.0,6,5,16,1,17,1,22.433,788.0,615.0,997.0,22.433,3.0,6.4,roster,0,77.0,65.0,1.1159,87.11,4.2387,0.65,0.7812,2.9615,55.77,14.76,13.4,23.18,24.925
2024-03-16 10:00:00,10,30,30,0.0,6.0,18.0,6.0,0.0,1.0,11,11,15,1,16,1,23.433,821.5,675.0,1057.0,23.433,4.0,9.74,roster,0,90.0,75.0,0.9375,96.22,5.6381,0.75,1.1294,3.0,64.35,13.89,13.4,24.58,26.425
2024-03-16 11:00:00,11,31,31,0.0,6.0,20.0,5.0,0.0,1.0,9,9,14,1,15,1,19.633,735.0,109.0,1105.0,19.633,4.0,9.74,roster,0,94.0,77.5,0.94,98.61,5.1519,0.775,0.924,3.0323,66.5,13.02,13.4,25.69,27.625
2024-03-16 12:00:00,12,22,22,0.0,5.0,13.0,4.0,0.0,1.0,4,5,8,1,9,1,19.417,795.0,167.0,915.0,19.417,4.0,9.74,roster,0,67.0,55.0,0.5403,69.68,3.2384,0.55,0.5133,3.0455,47.19,7.81,13.4,21.27,22.875
2024-03-16 13:00:00,13,30,30,1.0,5.0,20.0,3.0,1.0,1.0,16,14,6,1,7,1,15.833,227.0,143.0,855.0,15.833,4.0,9.74,roster,0,92.0,75.0,0.697,83.71,6.7079,0.75,1.4374,3.0667,64.35,6.08,13.4,19.88,21.375
2024-03-16 14:00:00,14,32,32,1.0,5.0,24.0,2.0,0.0,1.0,12,12,4,2,6,2,6.75,171.0,107.0,248.0,4.817,4.0,9.74,roster,0,101.0,80.0,0.7426,86.42,6.4136,0.8,1.232,3.1562,68.64,5.21,26.8,5.77,6.2
2024-03-16 15:00:00,15,36,36,0.0,6.0,29.0,1.0,0.0,1.0,18,18,3,1,4,1,5.733,183.0,167.0,308.0,5.133,4.0,9.74,roster,0,113.0,90.0,0.7847,81.25,8.6258,0.9,1.848,3.1389,77.22,3.47,13.4,7.16,7.7
2024-03-16 16:00:00,16,29,29,0.0,4.0,23.0,2.0,0.0,1.0,10,10,5,2,7,2,6.733,80.0,71.0,259.0,6.133,4.0,9.74,roster,0,89.0,72.5,0.6742,81.1,5.3759,0.725,1.0267,3.069,62.2,6.08,26.8,6.02,6.475
2024-03-16 17:00:00,17,31,31,0.0,4.0,21.0,6.0,0.0,1.0,10,11,6,2,8,2,7.733,137.0,131.0,319.0,7.133,4.0,9.74,roster,0,91.0,77.5,0.7109,87.66,5.5902,0.775,1.1294,2.9355,66.5,6.95,26.8,7.42,7.975
2024-03-16 18:00:00,18,28,28,0.0,5.0,14.0,8.0,1.0,1.0,6,5,7,2,9,2,8.733,194.0,167.0,203.0,8.133,4.0,9.74,roster,0,79.0,70.0,0.6371,79.39,3.4234,0.7,0.5133,2.8214,60.06,7.81,26.8,4.72,5.075
2024-03-16 19:00:00,19,25,25,0.0,3.0,15.0,7.0,0.0,1.0,11,10,6,1,7,1,9.733,254.0,210.0,263.0,7.317,4.0,9.74,roster,0,71.0,62.5,0.5379,59.22,4.6908,0.625,1.0267,2.84,53.62,6.08,13.4,6.11,6.575
2024-03-16 20:00:00,20,21,21,0.0,1.0,14.0,5.0,1.0,1.0,10,8,5,2,7,2,10.733,287.0,110.0,320.0,5.383,4.0,10.55,roster,0,57.0,52.5,0.4318,65.36,3.4832,0.525,0.7583,2.7143,45.04,6.08,26.8,7.44,8.0
2024-03-16 21:00:00,21,20,20,0.0,2.0,13.0,4.0,1.0,1.0,10,8,3,2,5,2,10.417,259.0,170.0,380.0,6.383,4.0,10.55,roster,0,56.0,50.0,0.4,62.88,3.5232,0.5,0.7583,2.8,42.9,4.34,26.8,8.84,9.5
2024-03-16 22:00:00,22,25,25,1.0,2.0,15.0,6.0,1.0,1.0,12,11,4,1,5,1,11.417,319.0,138.0,440.0,7.383,3.0,7.21,roster,0,71.0,62.5,0.6762,61.6,6.1079,0.625,1.5257,2.84,53.62,4.34,13.4,10.23,11.0
2024-03-16 23:00:00,23,31,31,1.0,3.0,17.0,9.0,1.0,1.0,15,14,5,2,7,2,12.417,198.0,95.0,500.0,8.383,3.0,7.21,roster,0,87.0,77.5,0.8788,91.0,7.6244,0.775,1.9417,2.8065,66.5,6.08,26.8,11.62,12.5
2024-03-17 00:00:00,0,27,27,2.0,3.0,14.0,7.0,1.0,1.0,8,7,6,2,8,2,9.383,183.5,142.0,560.0,9.383,3.0,7.21,roster,0,79.0,67.5,0.8229,84.68,4.8157,0.675,0.9709,2.9259,57.92,6.95,26.8,13.02,14.0
2024-03-17 01:00:00,1,27,27,1.0,3.0,17.0,5.0,1.0,1.0,9,9,7,2,9,2,10.383,202.0,127.0,499.0,10.383,3.0,7.21,roster,0,79.0,67.5,0.8495,84.13,5.6273,0.675,1.2483,2.9259,57.92,7.81,26.8,11.6,12.475
2024-03-17 02:00:00,2,28,28,1.0,4.0,18.0,4.0,1.0,1.0,7,7,8,3,11,3,11.383,205.0,132.0,559.0,11.383,3.0,7.21,roster,0,84.0,70.0,0.9655,102.81,5.0126,0.7,0.9709,3.0,60.06,9.55,40.2,13.0,13.975
2024-03-17 03:00:00,3,30,30,1.0,4.0,20.0,4.0,1.0,1.0,4,4,9,2,11,2,12.383,265.0,154.0,619.0,12.383,3.0,7.21,roster,0,90.0,75.0,1.0345,95.09,3.9144,0.75,0.5548,3.0,64.35,9.55,26.8,14.39,15.475
2024-03-17 04:00:00,4,28,28,1.0,4.0,19.0,3.0,1.0,1.0,4,4,9,3,12,3,13.383,316.0,214.0,679.0,13.383,3.0,7.21,roster,0,85.0,70.0,1.0119,106.47,3.8092,0.7,0.5548,3.0357,60.06,10.42,40.2,15.79,16.975
2024-03-17 05:00:00,5,24,24,0.0,4.0,17.0,2.0,1.0,1.0,2,2,9,2,11,2,14.383,385.0,274.0,739.0,14.383,3.0,7.21,roster,0,72.0,60.0,0.8276,85.01,2.6322,0.6,0.2774,3.0,51.48,9.55,26.8,17.18,18.475
2024-03-17 06:00:00,6,20,20,0.0,4.0,13.0,2.0,1.0,1.0,1,1,9,1,10,1,15.383,473.5,378.0,799.0,15.383,3.0,7.21,roster,0,60.0,50.0,0.6667,63.56,1.9161,0.5,0.1387,3.0,42.9,8.68,13.4,18.58,19.975
2024-03-17 07:00:00,7,20,20,0.0,4.0,13.0,2.0,1.0,1.0,2,2,9,1,10,1,16.383,533.5,438.0,859.0,16.383,3.0,7.21,roster,0,60.0,50.0,0.6667,64.95,2.3322,0.5,0.2774,3.0,42.9,8.68,13.4,19.97,21.475
2024-03-17 08:00:00,8,20,20,0.0,3.0,14.0,2.0,1.0,1.0,4,3,9,1,10,1,17.383,593.5,498.0,919.0,17.383,3.0,6.68,roster,0,59.0,50.0,0.6556,66.35,2.7999,0.5,0.4491,2.95,42.9,8.68,13.4,21.37,22.975
2024-03-17 09:00:00,9,20,20,0.0,2.0,16.0,2.0,0.0,1.0,6,6,7,1,8,1,18.383,616.0,558.0,1100.0,18.383,3.0,6.68,roster,0,60.0,50.0,0.625,68.82,4.1946,0.5,0.8982,3.0,42.9,6.95,13.4,25.58,27.5
2024-03-17 10:00:00,10,25,25,2.0,3.0,18.0,2.0,0.0,1.0,11,11,8,2,10,2,19.383,642.5,113.0,1039.0,19.383,4.0,9.93,roster,0,80.0,62.5,0.6667,93.26,5.5448,0.625,1.1078,3.2,53.62,8.68,26.8,24.16,25.975
2024-03-17 11:00:00,11,21,21,2.0,3.0,16.0,0.0,0.0,1.0,7,4,10,2,12,2,20.383,171.0,101.0,727.0,20.383,4.0,9.93,roster,0,70.0,52.5,0.625,79.17,3.0927,0.525,0.4028,3.3333,45.04,10.42,26.8,16.9,18.175
2024-03-17 12:00:00,12,24,24,2.0,4.0,17.0,1.0,0.0,1.0,11,8,11,2,13,2,21.383,161.0,126.0,233.0,21.383,4.0,9.93,roster,0,79.0,60.0,0.7315,74.99,4.6269,0.6,0.8056,3.2917,51.48,11.29,26.8,5.42,5.825
2024-03-17 13:00:00,13,31,31,2.0,5.0,22.0,2.0,0.0,1.0,10,10,13,2,15,2,22.383,216.0,146.0,293.0,22.383,4.0,9.93,roster,0,100.0,77.5,1.0,93.13,5.7485,0.775,1.007,3.2258,66.5,13.02,26.8,6.81,7.325
2024-03-17 14:00:00,14,36,36,2.0,6.0,25.0,2.0,1.0,1.0,11,11,12,3,15,3,23.383,246.0,140.0,353.0,23.383,4.0,9.93,roster,0,114.0,90.0,1.14,118.65,6.3579,0.9,1.1078,3.1667,77.22,13.02,40.2,8.21,8.825
2024-03-17 15:00:00,15,29,29,1.0,5.0,21.0,2.0,0.0,1.0,6,5,12,3,15,3,24.383,269.0,137.0,409.0,24.383,4.0,9.93,roster,0,92.0,72.5,0.92,104.94,3.8974,0.725,0.5035,3.1724,62.2,13.02,40.2,9.51,10.225
2024-03-17 16:00:00,16,36,36,1.0,5.0,30.0,0.0,0.0,1.0,11,11,13,3,16,3,25.383,315.0,197.0,469.0,25.383,4.0,9.93,roster,0,115.0,90.0,1.1979,122.22,6.4137,0.9,1.1078,3.1944,77.22,13.89,40.2,10.9,11.725
2024-03-17 17:00:00,17,43,43,2.0,6.0,34.0,1.0,0.0,1.0,12,13,13,3,16,3,26.383,375.0,257.0,529.0,26.383,4.0,9.93,roster,0,138.0,107.5,1.4375,138.63,7.6515,1.075,1.3092,3.2093,92.24,13.89,40.2,12.3,13.225
2024-03-17 18:00:00,18,43,43,3.0,8.0,31.0,1.0,0.0,1.0,8,6,15,4,19,4,27.383,380.0,247.0,521.0,27.383,4.0,9.93,roster,0,142.0,107.5,1.6905,154.45,5.5454,1.075,0.6042,3.3023,92.24,16.5,53.6,12.11,13.025
2024-03-17 19:00:00,19,38,38,2.0,8.0,26.0,2.0,0.0,1.0,11,8,15,2,17,2,28.383,440.0,174.0,576.0,28.383,4.0,9.93,roster,0,124.0,95.0,1.3478,116.46,5.7289,0.95,0.8056,3.2632,81.51,14.76,26.8,13.39,14.4
2024-03-17 20:00:00,20,40,40,2.0,8.0,29.0,1.0,0.0,1.0,9,8,15,2,17,2,29.383,452.0,187.0,636.0,29.383,4.0,9.63,roster,0,131.0,100.0,1.4239,122.15,5.9957,1.0,0.8307,3.275,85.8,14.76,26.8,14.79,15.9
2024-03-17 21:00:00,21,47,47,2.0,10.0,34.0,1.0,0.0,1.0,16,13,15,3,18,3,30.383,504.5,216.0,696.0,30.383,4.0,9.63,roster,0,154.0,117.5,1.75,152.83,8.2732,1.175,1.3499,3.2766,100.82,15.63,40.2,16.18,17.4
2024-03-17 22:00:00,22,52,52,2.0,9.0,40.0,1.0,0.0,1.0,17,17,15,3,18,3,31.383,564.5,276.0,756.0,31.383,3.0,6.38,roster,0,168.0,130.0,2.5455,164.95,12.8086,1.3,2.6646,3.2308,111.54,15.63,40.2,17.58,18.9
2024-03-17 23:00:00,23,49,49,2.0,9.0,37.0,1.0,0.0,1.0,10,10,17,3,20,3,32.383,573.5,328.0,816.0,32.383,3.0,6.38,roster,0,159.0,122.5,2.65,161.64,9.061,1.225,1.5674,3.2449,105.1,17.37,40.2,18.97,20.4
2024-03-18 00:00:00,0,42,42,2.0,9.0,31.0,0.0,0.0,1.0,9,9,18,3,21,3,33.383,590.0,380.0,846.0,33.383,3.0,6.38,roster,0,139.0,105.0,2.4386,148.19,8.1436,1.05,1.4107,3.3095,90.09,18.23,40.2,19.67,21.15
2024-03-18 01:00:00,1,45,45,2.0,11.0,29.0,3.0,0.0,1.0,12,10,19,3,22,3,34.383,592.0,399.0,906.0,34.383,3.0,6.38,roster,0,147.0,112.5,2.7222,156.89,8.7952,1.125,1.5674,3.2667,96.52,19.1,40.2,21.06,22.65
2024-03-18 02:00:00,2,43,43,2.0,12.0,26.0,3.0,0.0,1.0,6,6,22,3,25,3,35.383,547.0,230.0,901.0,35.383,3.0,6.38,roster,0,142.0,107.5,3.1556,155.09,6.6556,1.075,0.9404,3.3023,92.24,21.71,40.2,20.95,22.525
2024-03-18 03:00:00,3,48,48,2.0,14.0,29.0,3.0,0.0,1.0,7,7,23,4,27,4,36.383,576.0,245.0,961.0,36.383,3.0,6.38,roster,0,159.0,120.0,4.0769,182.35,7.6094,1.2,1.0972,3.3125,102.96,23.44,53.6,22.34,24.025
2024-03-18 04:00:00,4,44,44,3.0,13.0,27.0,1.0,0.0,1.0,5,5,24,4,28,4,37.383,632.0,305.0,1021.0,37.383,3.0,6.38,roster,0,150.0,110.0,4.1667,176.03,6.4217,1.1,0.7837,3.4091,94.38,24.31,53.6,23.74,25.525
2024-03-18 05:00:00,5,40,40,3.0,13.0,23.0,1.0,0.0,1.0,4,3,25,4,29,4,38.383,688.0,314.0,1040.0,38.383,3.0,6.38,roster,0,138.0,100.0,4.1818,168.76,5.0723,1.0,0.4702,3.45,85.8,25.18,53.6,24.18,26.0
2024-03-18 06:00:00,6,39,39,3.0,13.0,23.0,0.0,0.0,1.0,1,1,25,4,29,4,39.383,748.0,374.0,1100.0,39.383,3.0,6.38,roster,0,136.0,97.5,4.1212,168.01,3.9466,0.975,0.1567,3.4872,83.66,25.18,53.6,25.58,27.5
2024-03-18 07:00:00,7,36,36,3.0,14.0,19.0,0.0,0.0,1.0,2,1,25,4,29,4,40.383,808.0,434.0,1160.0,40.383,3.0,6.38,roster,0,128.0,90.0,3.8788,162.97,3.7573,0.9,0.1567,3.5556,77.22,25.18,53.6,26.97,29.0
2024-03-18 08:00:00,8,36,36,4.0,15.0,16.0,1.0,0.0,1.0,4,4,25,4,29,4,41.383,868.0,494.0,1220.0,41.383,3.0,7.23,roster,0,130.0,90.0,3.9394,164.37,5.2478,0.9,0.5533,3.6111,77.22,25.18,53.6,28.36,30.5
2024-03-18 09:00:00,9,45,45,4.0,16.0,24.0,1.0,0.0,1.0,12,12,23,4,27,4,42.383,879.0,486.0,1321.0,42.383,3.0,7.23,roster,0,158.0,112.5,4.0513,184.28,9.7776,1.125,1.6598,3.5111,96.52,23.44,53.6,30.71,33.025
2024-03-18 10:00:00,10,49,49,4.0,15.0,28.0,2.0,0.0,1.0,12,11,22,4,26,4,43.383,700.5,490.0,1381.0,43.383,4.0,10.57,roster,0,168.0,122.5,3.0,193.39,7.768,1.225,1.0407,3.4286,105.1,22.58,53.6,32.11,34.525
2024-03-18 11:00:00,11,45,45,4.0,13.0,26.0,2.0,0.0,1.0,7,7,21,4,25,4,44.383,751.0,516.0,1337.0,44.383,4.0,10.57,roster,0,154.0,112.5,2.5667,182.92,6.1164,1.125,0.6623,3.4222,96.52,21.71,53.6,31.09,33.425
2024-03-18 12:00:00,12,43,43,5.0,12.0,24.0,2.0,0.0,1.0,7,7,23,3,26,3,45.383,676.5,218.0,1116.0,45.383,4.0,10.57,roster,0,149.0,107.5,2.6607,160.96,6.0198,1.075,0.6623,3.4651,92.24,22.58,40.2,25.95,27.9
2024-03-18 13:00:00,13,46,46,5.0,12.0,27.0,2.0,0.0,1.0,7,7,26,3,29,3,46.383,647.0,196.0,1168.0,46.383,4.0,10.57,roster,0,158.0,115.0,3.5909,171.21,6.2247,1.15,0.6623,3.4348,98.67,25.18,40.2,27.16,29.2
2024-03-18 14:00:00,14,51,51,4.0,12.0,32.0,3.0,0.0,1.0,9,10,26,4,30,4,47.383,658.5,221.0,1110.0,47.383,4.0,10.57,roster,0,170.0,127.5,4.25,194.85,7.4036,1.275,0.9461,3.3333,109.39,26.05,53.6,25.81,27.75
2024-03-18 15:00:00,15,48,48,3.0,11.0,33.0,1.0,0.0,1.0,6,6,25,2,27,2,48.383,681.0,281.0,1170.0,48.383,4.0,10.57,roster,0,160.0,120.0,3.0769,160.41,5.8921,1.2,0.5676,3.3333,102.96,23.44,26.8,27.2,29.25
2024-03-18 16:00:00,16,50,50,3.0,12.0,34.0,1.0,0.0,1.0,11,11,25,2,27,2,49.383,741.0,299.0,1230.0,49.383,4.0,10.57,roster,0,167.0,125.0,3.2115,166.09,7.6509,1.25,1.0407,3.34,107.25,23.44,26.8,28.6,30.75
2024-03-18 17:00:00,17,53,53,3.0,15.0,34.0,1.0,0.0,1.0,8,8,28,2,30,2,50.383,533.0,315.0,1130.0,50.383,4.0,10.57,roster,0,179.0,132.5,4.475,172.81,7.0312,1.325,0.7569,3.3774,113.68,26.05,26.8,26.27,28.25
2024-03-18 18:00:00,18,56,56,3.0,17.0,33.0,2.0,1.0,1.0,10,9,31,2,33,2,51.383,547.0,293.0,1171.0,51.383,4.0,10.57,roster,0,187.0,140.0,6.6786,182.8,7.5183,1.4,0.8515,3.3393,120.12,28.65,26.8,27.23,29.275
2024-03-18 19:00:00,19,53,53,4.0,17.0,29.0,3.0,0.0,1.0,7,7,32,2,34,2,52.383,592.5,221.0,1231.0,52.383,4.0,10.57,roster,0,181.0,132.5,7.5417,178.63,6.7867,1.325,0.6623,3.4151,113.68,29.52,26.8,28.62,30.775
2024-03-18 20:00:00,20,50,50,4.0,15.0,29.0,2.0,0.0,1.0,5,5,32,3,35,3,53.383,638.0,249.0,1291.0,53.383,4.0,10.67,roster,0,171.0,125.0,8.55,187.86,5.8776,1.25,0.4686,3.42,107.25,30.39,40.2,30.02,32.275
2024-03-18 21:00:00,21,53,53,4.0,15.0,32.0,2.0,0.0,1.0,11,9,32,3,35,3,54.383,698.0,309.0,1351.0,54.383,4.0,10.67,roster,0,180.0,132.5,9.0,195.69,7.3647,1.325,0.8435,3.3962,113.68,30.39,40.2,31.41,33.775
2024-03-18 22:00:00,22,48,48,4.0,14.0,29.0,1.0,0.0,1.0,7,7,30,3,33,3,55.383,736.0,348.0,1385.0,55.383,3.0,7.33,roster,0,165.0,120.0,7.8571,184.02,7.4077,1.2,0.955,3.4375,102.96,28.65,40.2,32.2,34.625
2024-03-18 23:00:00,23,55,55,3.0,14.0,34.0,4.0,0.0,1.0,12,12,31,2,33,2,56.383,796.0,408.0,1445.0,56.383,3.0,7.33,roster,0,181.0,137.5,8.619,187.03,9.9126,1.375,1.6371,3.2909,117.98,28.65,26.8,33.6,36.125
2024-03-19 00:00:00,0,55,55,3.0,15.0,32.0,5.0,0.0,1.0,10,9,32,2,34,2,57.383,801.0,445.0,1505.0,57.383,3.0,7.33,roster,0,181.0,137.5,10.0556,189.29,8.5657,1.375,1.2278,3.2909,117.98,29.52,26.8,34.99,37.625
2024-03-19 01:00:00,1,50,50,3.0,15.0,29.0,3.0,0.0,1.0,2,2,34,2,36,2,58.383,800.5,479.0,1565.0,58.383,3.0,7.33,roster,0,168.0,125.0,14.0,181.7,5.1168,1.25,0.2729,3.36,107.25,31.26,26.8,36.39,39.125
2024-03-19 02:00:00,2,46,46,3.0,15.0,27.0,1.0,0.0,1.0,1,1,34,2,36,2,59.383,814.0,520.0,1625.0,59.383,3.0,7.33,roster,0,158.0,115.0,13.1667,174.51,4.4186,1.15,0.1364,3.4348,98.67,31.26,26.8,37.78,40.625
2024-03-19 03:00:00,3,50,50,3.0,15.0,29.0,2.0,1.0,1.0,4,4,34,2,36,2,60.383,874.0,580.0,1685.0,60.383,3.0,7.33,roster,0,167.0,125.0,13.9167,184.49,5.9976,1.25,0.5457,3.34,107.25,31.26,26.8,39.18,42.125
2024-03-19 04:00:00,4,46,46,3.0,15.0,27.0,1.0,0.0,1.0,1,1,34,1,35,1,42.683,893.0,619.0,1579.0,42.683,3.0,7.33,roster,0,158.0,115.0,10.5333,159.17,4.4186,1.15,0.1364,3.4348,98.67,30.39,13.4,36.71,39.475
2024-03-19 05:00:00,5,44,44,3.0,14.0,26.0,1.0,0.0,1.0,2,2,34,0,34,0,43.683,901.0,679.0,1607.0,43.683,3.0,7.33,roster,0,151.0,110.0,8.3889,141.27,4.7114,1.1,0.2729,3.4318,94.38,29.52,0.0,37.36,40.175
2024-03-19 06:00:00,6,43,43,3.0,14.0,25.0,1.0,0.0,1.0,1,1,34,0,34,0,44.683,961.0,739.0,1667.0,44.683,3.0,7.33,roster,0,148.0,107.5,8.2222,140.52,4.1696,1.075,0.1364,3.4419,92.24,29.52,0.0,38.76,41.675
2024-03-19 07:00:00,7,43,43,3.0,14.0,25.0,1.0,0.0,1.0,0,1,34,0,34,0,45.683,1021.0,799.0,1727.0,45.683,3.0,7.33,roster,0,148.0,107.5,8.2222,141.91,4.1696,1.075,0.1364,3.4419,92.24,29.52,0.0,40.15,43.175
2024-03-19 08:00:00,8,46,46,4.0,14.0,28.0,0.0,0.0,1.0,6,4,34,0,34,0,46.683,1081.0,859.0,1787.0,46.683,3.0,7.67,roster,0,160.0,115.0,8.8889,149.74,5.814,1.15,0.5215,3.4783,98.67,29.52,0.0,41.55,44.675
2024-03-19 09:00:00,9,47,47,4.0,14.0,29.0,0.0,0.0,1.0,4,4,34,1,35,1,47.683,1061.0,781.0,1836.0,47.683,3.0,7.67,roster,0,163.0,117.5,10.8667,167.29,5.8836,1.175,0.5215,3.4681,100.82,30.39,13.4,42.69,45.9
2024-03-19 10:00:00,10,47,47,3.0,14.0,30.0,0.0,0.0,1.0,9,8,31,1,32,1,48.683,1095.0,804.0,1907.0,48.683,4.0,10.71,roster,0,161.0,117.5,5.0312,166.34,6.5838,1.175,0.747,3.4255,100.82,27.79,13.4,44.34,47.675
2024-03-19 11:00:00,11,47,47,2.0,12.0,33.0,0.0,0.0,1.0,12,11,27,1,28,1,42.767,1069.5,657.0,1313.0,41.6,4.0,10.71,roster,0,157.0,117.5,3.2708,149.05,7.3559,1.175,1.0271,3.3404,100.82,24.31,13.4,30.53,32.825
2024-03-19 12:00:00,12,47,47,2.0,13.0,32.0,0.0,0.0,1.0,8,8,28,1,29,1,43.767,759.0,144.0,1209.0,42.6,4.0,10.71,roster,0,158.0,117.5,3.5909,147.51,6.4611,1.175,0.747,3.3617,100.82,25.18,13.4,28.11,30.225
2024-03-19 13:00:00,13,51,51,2.0,13.0,35.0,1.0,0.0,1.0,8,8,28,1,29,1,44.767,777.0,173.0,1199.0,43.6,4.0,10.71,roster,0,169.0,127.5,3.8409,155.85,6.7002,1.275,0.747,3.3137,109.39,25.18,13.4,27.88,29.975
2024-03-19 14:00:00,14,46,46,2.0,10.0,32.0,2.0,0.0,1.0,8,6,29,1,30,1,44.6,277.0,175.0,1081.0,44.6,4.0,10.71,roster,0,150.0,115.0,3.75,143.25,5.5768,1.15,0.5602,3.2609,98.67,26.05,13.4,25.13,27.025
2024-03-19 15:00:00,15,43,43,0.0,9.0,31.0,3.0,0.0,1.0,6,6,26,1,27,1,23.15,293.0,199.0,939.0,23.15,4.0,10.71,roster,0,135.0,107.5,2.5962,130.91,5.1338,1.075,0.5602,3.1395,92.24,23.44,13.4,21.83,23.475
2024-03-19 16:00:00,16,40,40,0.0,9.0,28.0,3.0,0.0,1.0,3,3,27,1,28,1,24.15,349.5,259.0,999.0,24.15,4.0,10.71,roster,0,126.0,100.0,2.625,126.74,4.0324,1.0,0.2801,3.15,85.8,24.31,13.4,23.23,24.975
2024-03-19 17:00:00,17,38,38,0.0,7.0,28.0,3.0,0.0,1.0,3,3,26,1,27,1,25.15,406.0,291.0,1040.0,25.15,4.0,10.71,roster,0,118.0,95.0,2.2692,122.53,3.8198,0.95,0.2801,3.1053,81.51,23.44,13.4,24.18,26.0
2024-03-19 18:00:00,18,37,37,1.0,7.0,26.0,3.0,0.0,1.0,5,4,25,1,26,1,26.15,459.5,351.0,1077.0,26.15,4.0,10.71,roster,0,117.0,92.5,2.0893,120.38,4.106,0.925,0.3735,3.1622,79.36,22.58,13.4,25.04,26.925
2024-03-19 19:00:00,19,48,48,1.0,9.0,34.0,4.0,0.0,1.0,13,12,24,2,26,2,27.15,519.5,405.0,1137.0,27.15,4.0,10.71,roster,0,151.0,120.0,2.6964,158.77,7.2997,1.2,1.1204,3.1458,102.96,22.58,26.8,26.44,28.425
2024-03-19 20:00:00,20,53,53,1.0,10.0,40.0,2.0,0.0,1.0,14,14,25,2,27,2,26.983,561.0,438.0,663.0,26.983,4.0,9.82,roster,0,169.0,132.5,3.25,159.34,8.771,1.325,1.4257,3.1887,113.68,23.44,26.8,15.41,16.575
2024-03-19 21:00:00,21,39,39,0.0,9.0,28.0,2.0,0.0,1.0,1,1,28,1,29,1,27.983,617.0,484.0,710.0,27.983,4.0,9.82,roster,0,124.0,97.5,2.8182,118.74,3.4238,0.975,0.1018,3.1795,83.66,25.18,13.4,16.51,17.75
2024-03-19 22:00:00,22,47,47,0.0,9.0,35.0,3.0,0.0,1.0,16,14,26,1,27,1,27.05,677.0,449.0,770.0,27.05,3.0,6.78,roster,0,147.0,117.5,3.7692,135.56,10.1333,1.175,2.0649,3.1277,100.82,23.44,13.4,17.9,19.25
2024-03-19 23:00:00,23,39,39,0.0,8.0,29.0,2.0,0.0,1.0,5,4,29,1,30,1,28.05,698.5,288.0,804.0,28.05,3.0,6.78,roster,0,123.0,97.5,4.1,121.8,4.9357,0.975,0.59,3.1538,83.66,26.05,13.4,18.69,20.1
2024-03-20 00:00:00,0,40,40,0.0,7.0,32.0,1.0,0.0,1.0,10,7,29,1,30,1,29.05,740.5,338.0,846.0,29.05,3.0,6.78,roster,0,126.0,100.0,4.2,124.92,6.4022,1.0,1.0324,3.15,85.8,26.05,13.4,19.67,21.15
2024-03-20 01:00:00,1,41,41,0.0,7.0,32.0,2.0,0.0,1.0,6,4,29,1,30,1,30.05,800.5,398.0,906.0,30.05,3.0,6.78,roster,0,128.0,102.5,4.2667,128.46,5.0419,1.025,0.59,3.122,87.94,26.05,13.4,21.06,22.65
2024-03-20 02:00:00,2,38,38,0.0,8.0,28.0,2.0,0.0,1.0,4,3,30,1,31,1,31.05,859.0,419.0,966.0,31.05,3.0,6.78,roster,0,120.0,95.0,4.4444,124.29,4.3973,0.95,0.4425,3.1579,81.51,26.92,13.4,22.46,24.15
2024-03-20 03:00:00,3,37,37,0.0,8.0,27.0,2.0,0.0,1.0,5,2,30,1,31,1,32.05,919.0,479.0,1026.0,32.05,3.0,6.78,roster,0,117.0,92.5,4.3333,123.54,3.8578,0.925,0.295,3.1622,79.36,26.92,13.4,23.85,25.65
2024-03-20 04:00:00,4,38,38,0.0,7.0,30.0,1.0,0.0,1.0,4,3,31,1,32,1,33.05,962.0,539.0,1086.0,33.05,3.0,6.78,roster,0,120.0,95.0,5.0,127.95,4.3973,0.95,0.4425,3.1579,81.51,27.79,13.4,25.25,27.15
2024-03-20 05:00:00,5,36,36,0.0,7.0,28.0,1.0,0.0,1.0,0,0,33,1,34,1,34.05,1002.0,577.0,1133.0,34.05,3.0,6.78,roster,0,114.0,90.0,6.3333,126.48,2.85,0.9,0.0,3.1667,77.22,29.52,13.4,26.34,28.325
2024-03-20 06:00:00,6,38,38,0.0,7.0,30.0,1.0,0.0,1.0,3,3,33,1,34,1,35.05,1062.0,637.0,1193.0,35.05,3.0,6.78,roster,0,120.0,95.0,6.6667,132.17,4.3973,0.95,0.4425,3.1579,81.51,29.52,13.4,27.74,29.825
2024-03-20 07:00:00,7,37,37,0.0,7.0,30.0,0.0,0.0,1.0,1,1,33,1,34,1,36.05,1122.0,697.0,1253.0,36.05,3.0,6.78,roster,0,118.0,92.5,6.5556,131.42,3.4204,0.925,0.1475,3.1892,79.36,29.52,13.4,29.13,31.325
2024-03-20 08:00:00,8,40,40,0.0,7.0,33.0,0.0,0.0,1.0,4,4,33,1,34,1,37.05,1182.0,757.0,1313.0,37.05,3.0,6.65,roster,0,127.0,100.0,7.0556,139.25,5.0848,1.0,0.6015,3.175,85.8,29.52,13.4,30.53,32.825
2024-03-20 09:00:00,9,41,41,1.0,8.0,32.0,0.0,0.0,1.0,5,5,31,1,32,1,38.05,1156.5,703.0,1366.0,38.05,3.0,6.65,roster,0,133.0,102.5,5.5417,140.89,5.764,1.025,0.7519,3.2439,87.94,27.79,13.4,31.76,34.15
2024-03-20 10:00:00,10,45,45,1.0,8.0,35.0,1.0,0.0,1.0,6,6,30,1,31,1,39.05,1169.0,760.0,1413.0,39.05,4.0,9.74,roster,0,144.0,112.5,4.0,149.69,5.5713,1.125,0.616,3.2,96.52,26.92,13.4,32.85,35.325
2024-03-20 11:00:00,11,43,43,1.0,6.0,36.0,0.0,0.0,1.0,8,8,26,1,27,1,39.017,1013.0,793.0,1457.0,39.017,4.0,9.74,roster,0,137.0,107.5,2.6346,142.95,6.0419,1.075,0.8214,3.186,92.24,23.44,13.4,33.88,36.425
2024-03-20 12:00:00,12,43,43,0.0,9.0,34.0,0.0,0.0,1.0,9,10,21,1,22,1,25.883,1038.5,803.0,1419.0,25.883,4.0,9.74,roster,0,138.0,107.5,1.9167,137.73,6.745,1.075,1.0267,3.2093,92.24,19.1,13.4,32.99,35.475
2024-03-20 13:00:00,13,39,39,0.0,9.0,30.0,0.0,0.0,1.0,7,6,18,1,19,1,26.883,943.0,601.0,1444.0,26.883,4.0,9.74,roster,0,126.0,97.5,1.5,127.13,5.1402,0.975,0.616,3.2308,83.66,16.5,13.4,33.57,36.1
2024-03-20 14:00:00,14,37,37,1.0,10.0,26.0,0.0,0.0,1.0,5,5,19,1,20,1,27.883,986.5,625.0,1188.0,27.883,4.0,9.74,roster,0,123.0,92.5,1.5375,117.75,4.7815,0.925,0.5133,3.3243,79.36,17.37,13.4,27.62,29.7
2024-03-20 15:00:00,15,36,36,1.0,11.0,24.0,0.0,0.0,1.0,9,8,14,1,15,1,28.883,721.0,196.0,1177.0,28.883,4.0,9.74,roster,0,121.0,90.0,1.21,111.01,5.7857,0.9,0.8214,3.3611,77.22,13.02,13.4,27.37,29.425
2024-03-20 16:00:00,16,38,38,1.0,11.0,26.0,0.0,0.0,1.0,5,6,15,1,16,1,29.883,763.0,256.0,1237.0,29.883,4.0,9.74,roster,0,127.0,95.0,1.3229,117.56,5.2338,0.95,0.616,3.3421,81.51,13.89,13.4,28.76,30.925
2024-03-20 17:00:00,17,34,34,2.0,8.0,24.0,0.0,0.0,1.0,7,6,16,1,17,1,30.883,805.0,284.0,1183.0,30.883,4.0,9.74,roster,0,114.0,85.0,1.2391,108.6,4.9155,0.85,0.616,3.3529,72.93,14.76,13.4,27.5,29.575
2024-03-20 18:00:00,18,42,42,2.0,6.0,34.0,0.0,0.0,1.0,12,12,16,1,17,1,31.883,637.0,307.0,1213.0,31.883,4.0,9.74,roster,0,136.0,105.0,1.4783,126.45,7.3894,1.05,1.232,3.2381,90.09,14.76,13.4,28.2,30.325
2024-03-20 19:00:00,19,46,46,2.0,5.0,38.0,1.0,0.0,1.0,12,11,17,1,18,1,32.883,466.5,270.0,1138.0,32.883,4.0,9.74,roster,0,146.0,115.0,1.6591,134.16,7.2345,1.15,1.1294,3.1739,98.67,15.63,13.4,26.46,28.45
2024-03-20 20:00:00,20,40,40,1.0,4.0,34.0,1.0,0.0,1.0,5,5,17,0,17,0,33.883,557.0,368.0,1198.0,33.883,4.0,9.76,roster,0,125.0,100.0,1.3587,108.41,4.7259,1.0,0.5123,3.125,85.8,14.76,0.0,27.85,29.95
2024-03-20 21:00:00,21,34,34,1.0,4.0,28.0,1.0,0.0,1.0,5,3,17,0,17,0,34.883,617.0,390.0,1258.0,34.883,4.0,9.76,roster,0,107.0,85.0,1.163,96.94,3.6423,0.85,0.3074,3.1471,72.93,14.76,0.0,29.25,31.45
2024-03-20 22:00:00,22,35,35,1.0,6.0,27.0,1.0,0.0,1.0,6,5,17,0,17,0,35.883,677.0,450.0,1318.0,35.883,3.0,6.67,roster,0,112.0,87.5,1.6232,100.48,5.1988,0.875,0.7496,3.2,75.08,14.76,0.0,30.64,32.95
2024-03-20 23:00:00,23,38,38,1.0,8.0,28.0,1.0,0.0,1.0,12,11,18,0,18,0,36.883,706.5,434.0,1378.0,36.883,3.0,6.67,roster,0,123.0,95.0,1.8636,109.18,8.4131,0.95,1.6492,3.2368,81.51,15.63,0.0,32.04,34.45
2024-03-21 00:00:00,0,41,41,3.0,8.0,29.0,1.0,0.0,1.0,9,7,20,1,21,1,37.883,704.0,366.0,1261.0,37.883,3.0,6.67,roster,0,136.0,102.5,2.386,128.9,6.8812,1.025,1.0495,3.3171,87.94,18.23,13.4,29.32,31.525
2024-03-21 01:00:00,1,40,40,4.0,7.0,27.0,2.0,0.0,1.0,5,4,24,1,25,1,38.883,630.0,168.0,1285.0,38.883,3.0,6.67,roster,0,133.0,100.0,2.9556,130.78,5.319,1.0,0.5997,3.325,85.8,21.71,13.4,29.88,32.125
2024-03-21 02:00:00,2,38,38,4.0,7.0,25.0,2.0,0.0,1.0,2,1,25,2,27,2,39.883,614.0,191.0,1345.0,39.883,3.0,6.67,roster,0,127.0,95.0,3.2564,143.03,3.6761,0.95,0.1499,3.3421,81.51,23.44,26.8,31.27,33.625
2024-03-21 03:00:00,3,38,38,3.0,7.0,26.0,2.0,0.0,1.0,2,2,26,1,27,1,40.883,674.0,251.0,1405.0,40.883,3.0,6.67,roster,0,125.0,95.0,3.2051,131.02,4.1113,0.95,0.2999,3.2895,81.51,23.44,13.4,32.67,35.125
2024-03-21 04:00:00,4,40,40,3.0,7.0,28.0,2.0,0.0,1.0,3,3,26,1,27,1,41.883,734.0,311.0,1465.0,41.883,3.0,6.67,roster,0,131.0,100.0,3.359,136.71,4.748,1.0,0.4498,3.275,85.8,23.44,13.4,34.06,36.625
2024-03-21 05:00:00,5,41,41,3.0,7.0,29.0,2.0,0.0,1.0,5,5,26,1,27,1,42.883,794.0,371.0,1525.0,42.883,3.0,6.67,roster,0,134.0,102.5,3.4359,140.25,5.8,1.025,0.7496,3.2683,87.94,23.44,13.4,35.46,38.125
2024-03-21 06:00:00,6,40,40,3.0,7.0,28.0,2.0,0.0,1.0,0,0,27,1,28,1,43.883,809.0,431.0,1585.0,43.883,3.0,6.67,roster,0,131.0,100.0,3.6389,140.36,3.275,1.0,0.0,3.275,85.8,24.31,13.4,36.85,39.625
2024-03-21 07:00:00,7,39,39,3.0,7.0,27.0,2.0,0.0,1.0,2,1,27,1,28,1,44.883,869.0,491.0,1645.0,44.883,3.0,6.67,roster,0,128.0,97.5,3.5556,139.61,3.6921,0.975,0.1499,3.2821,83.66,24.31,13.4,38.25,41.125
2024-03-21 08:00:00,8,46,46,3.0,9.0,31.0,3.0,0.0,1.0,7,7,27,1,28,1,45.883,929.0,551.0,1705.0,45.883,3.0,6.59,roster,0,150.0,115.0,4.1667,156.02,7.2137,1.15,1.0622,3.2609,98.67,24.31,13.4,39.64,42.625
2024-03-21 09:00:00,9,48,48,3.0,10.0,33.0,2.0,0.0,1.0,6,5,32,1,33,1,46.883,660.0,496.0,1337.0,46.883,3.0,6.59,roster,0,158.0,120.0,7.5238,156.1,6.4475,1.2,0.7587,3.2917,102.96,28.65,13.4,31.09,33.425
2024-03-21 10:00:00,10,54,54,5.0,10.0,36.0,3.0,0.0,1.0,10,10,30,1,31,1,47.883,708.0,517.0,1397.0,47.883,4.0,9.91,roster,0,179.0,135.0,4.9722,168.63,7.8199,1.35,1.0091,3.3148,115.83,26.92,13.4,32.48,34.925
2024-03-21 11:00:00,11,44,44,4.0,8.0,31.0,1.0,0.0,1.0,3,3,27,2,29,2,48.883,687.0,208.0,1154.0,48.883,4.0,9.91,roster,0,147.0,110.0,3.3409,153.19,4.6864,1.1,0.3027,3.3409,94.38,25.18,26.8,26.83,28.85
2024-03-21 12:00:00,12,44,44,4.0,10.0,29.0,1.0,0.0,1.0,7,7,23,2,25,2,49.883,735.0,252.0,1214.0,49.883,4.0,9.91,roster,0,149.0,110.0,2.4833,151.11,6.117,1.1,0.7064,3.3864,94.38,21.71,26.8,28.23,30.35
2024-03-21 13:00:00,13,40,40,4.0,10.0,25.0,1.0,0.0,1.0,4,4,23,3,26,3,39.217,740.0,238.0,900.0,39.217,4.0,9.91,roster,0,137.0,100.0,2.4464,149.5,4.8074,1.0,0.4036,3.425,85.8,22.58,40.2,20.92,22.5
2024-03-21 14:00:00,14,41,41,4.0,9.0,26.0,2.0,0.0,1.0,9,7,23,2,25,2,40.217,757.0,298.0,960.0,40.217,4.0,9.91,roster,0,138.0,102.5,2.3,138.77,5.8275,1.025,0.7064,3.3659,87.94,21.71,26.8,22.32,24.0
2024-03-21 15:00:00,15,44,44,4.0,11.0,27.0,2.0,0.0,1.0,8,8,24,1,25,1,41.217,474.0,317.0,971.0,41.217,4.0,9.91,roster,0,149.0,110.0,2.4833,132.06,6.4587,1.1,0.8073,3.3864,94.38,21.71,13.4,22.58,24.275
2024-03-21 16:00:00,16,47,47,4.0,12.0,29.0,2.0,0.0,1.0,7,7,28,1,29,1,42.217,492.0,287.0,987.0,42.217,4.0,9.91,roster,0,159.0,117.5,3.6136,142.34,6.3646,1.175,0.7064,3.383,100.82,25.18,13.4,22.95,24.675
2024-03-21 17:00:00,17,47,47,4.0,12.0,28.0,3.0,0.0,1.0,6,6,29,1,30,1,43.217,550.5,280.0,1047.0,43.217,4.0,9.91,roster,0,158.0,117.5,3.95,144.61,5.9853,1.175,0.6054,3.3617,100.82,26.05,13.4,24.34,26.175
2024-03-21 18:00:00,18,47,47,4.0,11.0,28.0,3.0,1.0,1.0,8,7,33,1,34,1,44.217,563.5,205.0,1095.0,44.217,4.0,9.91,roster,0,155.0,117.5,6.4583,149.2,6.2045,1.175,0.7064,3.2979,100.82,29.52,13.4,25.46,27.375
2024-03-21 19:00:00,19,51,51,4.0,11.0,30.0,5.0,1.0,1.0,9,7,35,2,37,2,45.217,547.0,212.0,1143.0,45.217,4.0,9.91,roster,0,165.0,127.5,13.75,174.9,6.4103,1.275,0.7064,3.2353,109.39,32.13,26.8,26.57,28.575
2024-03-21 20:00:00,20,50,50,3.0,11.0,31.0,4.0,1.0,1.0,11,9,33,3,36,3,46.217,567.0,236.0,1206.0,46.217,4.0,9.72,roster,0,161.0,125.0,10.0625,186.75,7.0065,1.25,0.9259,3.22,107.25,31.26,40.2,28.04,30.15
2024-03-21 21:00:00,21,48,48,3.0,11.0,28.0,5.0,1.0,1.0,5,4,35,3,38,3,47.217,553.5,278.0,1263.0,47.217,4.0,9.72,roster,0,154.0,120.0,19.25,185.52,5.1703,1.2,0.4115,3.2083,102.96,33.0,40.2,29.36,31.575
2024-03-21 22:00:00,22,51,51,3.0,12.0,29.0,6.0,1.0,1.0,11,9,34,3,37,3,48.217,580.0,338.0,1237.0,48.217,3.0,6.4,roster,0,163.0,127.5,18.1111,190.48,8.5695,1.275,1.4062,3.1961,109.39,32.13,40.2,28.76,30.925
2024-03-21 23:00:00,23,58,58,3.0,11.0,29.0,14.0,1.0,1.0,16,15,33,3,36,3,49.217,673.5,398.0,1383.0,49.217,3.0,6.4,roster,0,175.0,145.0,14.5833,208.02,11.4467,1.45,2.3438,3.0172,124.41,31.26,40.2,32.15,34.575
2024-03-22 00:00:00,0,49,49,3.0,10.0,24.0,11.0,1.0,1.0,5,5,35,2,37,2,50.217,700.0,424.0,1357.0,50.217,3.0,6.4,roster,0,150.0,122.5,16.6667,175.58,6.1416,1.225,0.7812,3.0612,105.1,32.13,26.8,31.55,33.925
2024-03-22 01:00:00,1,51,51,3.0,10.0,28.0,9.0,1.0,1.0,5,5,36,2,38,2,51.217,730.5,421.0,1417.0,51.217,3.0,6.4,roster,0,158.0,127.5,26.3333,182.14,6.3703,1.275,0.7812,3.098,109.39,33.0,26.8,32.95,35.425
2024-03-22 02:00:00,2,45,45,3.0,10.0,26.0,5.0,1.0,1.0,1,1,36,2,38,2,52.217,790.5,481.0,1477.0,52.217,3.0,6.4,roster,0,144.0,112.5,24.0,170.66,4.1,1.125,0.1562,3.2,96.52,33.0,26.8,34.34,36.925
2024-03-22 03:00:00,3,43,43,3.0,10.0,24.0,5.0,1.0,1.0,1,1,36,2,38,2,53.217,850.5,541.0,1537.0,53.217,3.0,6.4,roster,0,138.0,107.5,23.0,167.77,3.9515,1.075,0.1562,3.2093,92.24,33.0,26.8,35.74,38.425
2024-03-22 04:00:00,4,46,46,3.0,10.0,27.0,5.0,1.0,1.0,4,4,36,2,38,2,54.217,910.5,601.0,1597.0,54.217,3.0,6.4,roster,0,147.0,115.0,24.5,175.6,5.6723,1.15,0.625,3.1957,98.67,33.0,26.8,37.13,39.925
2024-03-22 05:00:00,5,49,49,3.0,10.0,30.0,5.0,1.0,1.0,3,3,36,2,38,2,55.217,970.5,661.0,1657.0,55.217,3.0,6.4,roster,0,156.0,122.5,26.0,183.43,5.3923,1.225,0.4688,3.1837,105.1,33.0,26.8,38.53,41.425
2024-03-22 06:00:00,6,49,49,4.0,11.0,28.0,5.0,1.0,1.0,5,5,37,2,39,2,56.217,1001.0,687.0,1717.0,56.217,3.0,6.4,roster,0,159.0,122.5,53.0,185.69,6.5101,1.225,0.7812,3.2449,105.1,33.86,26.8,39.92,42.925
2024-03-22 07:00:00,7,50,50,6.0,12.0,26.0,5.0,1.0,1.0,5,5,39,2,41,2,57.217,989.0,688.0,1434.0,57.217,3.0,6.4,roster,0,167.0,125.0,55.6667,182.99,6.7844,1.25,0.7812,3.34,107.25,35.6,26.8,33.34,35.85
2024-03-22 08:00:00,8,53,53,6.0,12.0,29.0,5.0,1.0,1.0,4,4,41,2,43,2,58.217,1045.0,646.0,1494.0,58.217,3.0,7.31,roster,0,176.0,132.5,58.6667,192.56,6.2171,1.325,0.5472,3.3208,113.68,37.34,26.8,34.74,37.35
2024-03-22 09:00:00,9,54,54,6.0,11.0,30.0,6.0,1.0,1.0,5,5,38,2,40,2,53.417,1088.5,701.0,1512.0,53.417,3.0,7.31,roster,0,177.0,135.0,59.0,192.52,6.667,1.35,0.684,3.2778,115.83,34.73,26.8,35.15,37.8
2024-03-22 10:00:00,10,57,57,6.0,12.0,31.0,7.0,1.0,1.0,12,11,36,2,38,2,54.417,1104.5,710.0,1572.0,54.417,4.0,11.01,roster,0,186.0,142.5,23.25,198.61,7.9102,1.425,0.9991,3.2632,122.26,33.0,26.8,36.55,39.3
2024-03-22 11:00:00,11,59,59,6.0,9.0,37.0,6.0,1.0,1.0,12,10,32,2,34,2,45.133,1101.0,387.0,1507.0,45.133,4.0,11.01,roster,0,190.0,147.5,7.9167,197.92,7.6749,1.475,0.9083,3.2203,126.56,29.52,26.8,35.04,37.675
2024-03-22 12:00:00,12,57,57,5.0,10.0,35.0,6.0,1.0,1.0,8,8,31,2,33,2,46.133,965.0,314.0,1420.0,46.133,4.0,11.01,roster,0,183.0,142.5,6.5357,190.73,6.9078,1.425,0.7266,3.2105,122.26,28.65,26.8,33.02,35.5
2024-03-22 13:00:00,13,57,57,4.0,11.0,34.0,7.0,1.0,1.0,13,14,30,3,33,3,47.133,941.0,189.0,1421.0,47.133,4.0,11.01,roster,0,181.0,142.5,6.4643,204.16,8.5628,1.425,1.2716,3.1754,122.26,28.65,40.2,33.04,35.525
2024-03-22 14:00:00,14,60,60,5.0,11.0,38.0,5.0,1.0,1.0,13,11,34,3,37,3,48.133,920.0,202.0,1409.0,48.133,4.0,11.01,roster,0,194.0,150.0,16.1667,213.79,8.0804,1.5,0.9991,3.2333,128.7,32.13,40.2,32.76,35.225
2024-03-22 15:00:00,15,48,48,3.0,6.0,33.0,5.0,1.0,1.0,6,6,26,3,29,3,41.0,490.0,196.0,1358.0,41.0,4.0,11.01,roster,0,149.0,120.0,3.3864,179.91,5.4166,1.2,0.545,3.1042,102.96,25.18,40.2,31.57,33.95
2024-03-22 16:00:00,16,50,50,3.0,6.0,36.0,4.0,1.0,1.0,12,10,24,3,27,3,42.0,495.0,253.0,1504.0,42.0,4.0,11.01,roster,0,156.0,125.0,3.0,185.86,6.7338,1.25,0.9083,3.12,107.25,23.44,40.2,34.97,37.6
2024-03-22 17:00:00,17,44,44,3.0,6.0,32.0,2.0,1.0,1.0,6,5,24,3,27,3,43.0,429.0,277.0,1564.0,43.0,4.0,11.01,roster,0,140.0,110.0,2.6923,174.39,4.945,1.1,0.4541,3.1818,94.38,23.44,40.2,36.36,39.1
2024-03-22 18:00:00,18,39,39,3.0,6.0,26.0,3.0,1.0,1.0,5,4,23,3,26,3,44.0,487.0,337.0,1348.0,44.0,4.0,11.01,roster,0,124.0,97.5,2.2143,157.77,4.2551,0.975,0.3633,3.1795,83.66,22.58,40.2,31.34,33.7
2024-03-22 19:00:00,19,41,41,4.0,5.0,24.0,6.0,2.0,1.0,10,10,21,2,23,2,45.0,549.0,378.0,1408.0,45.0,4.0,11.01,roster,0,126.0,102.5,1.8529,147.45,5.9413,1.025,0.9083,3.0732,87.94,19.97,26.8,32.74,35.2
2024-03-22 20:00:00,20,44,44,4.0,5.0,26.0,7.0,2.0,1.0,12,12,22,3,25,3,44.1,603.0,397.0,1310.0,44.1,4.0,10.05,roster,0,134.0,110.0,2.2333,166.75,6.9864,1.1,1.194,3.0455,94.38,21.71,40.2,30.46,32.75
2024-03-22 21:00:00,21,41,41,4.0,6.0,26.0,4.0,1.0,1.0,3,4,28,3,31,3,45.1,517.0,129.0,854.0,45.1,4.0,10.05,roster,0,131.0,102.5,3.6389,154.92,4.5467,1.025,0.398,3.1951,87.94,26.92,40.2,19.86,21.35
2024-03-22 22:00:00,22,41,41,5.0,6.0,23.0,6.0,1.0,1.0,7,5,28,3,31,3,46.1,554.0,156.0,914.0,46.1,3.0,6.35,roster,0,131.0,102.5,4.8519,156.31,5.7908,1.025,0.7874,3.1951,87.94,26.92,40.2,21.25,22.85
2024-03-22 23:00:00,23,41,41,4.0,7.0,22.0,6.0,2.0,1.0,6,6,28,1,29,1,47.1,614.0,213.0,974.0,47.1,3.0,6.35,roster,0,128.0,102.5,3.8788,129.17,6.1499,1.025,0.9449,3.122,87.94,25.18,13.4,22.65,24.35
2024-03-23 00:00:00,0,44,44,4.0,7.0,26.0,6.0,1.0,1.0,6,6,30,1,31,1,48.1,637.0,248.0,1034.0,48.1,3.0,6.35,roster,0,139.0,110.0,5.1481,138.74,6.46,1.1,0.9449,3.1591,94.38,26.92,13.4,24.04,25.85
2024-03-23 01:00:00,1,44,44,4.0,7.0,26.0,6.0,1.0,1.0,2,1,31,1,32,1,49.1,685.0,308.0,1094.0,49.1,3.0,6.35,roster,0,139.0,110.0,5.7917,141.0,3.9725,1.1,0.1575,3.1591,94.38,27.79,13.4,25.44,27.35
2024-03-23 02:00:00,2,46,46,5.0,9.0,27.0,4.0,1.0,1.0,8,7,31,1,32,1,50.1,745.0,368.0,1154.0,50.1,3.0,6.35,roster,0,151.0,115.0,6.2917,146.69,7.3936,1.15,1.1024,3.2826,98.67,27.79,13.4,26.83,28.85
2024-03-23 03:00:00,3,42,42,5.0,9.0,23.0,4.0,1.0,1.0,0,0,32,1,33,1,51.1,793.0,425.0,1210.0,51.1,3.0,6.35,roster,0,139.0,105.0,6.619,140.28,3.475,1.05,0.0,3.3095,90.09,28.65,13.4,28.13,30.25
2024-03-23 04:00:00,4,43,43,5.0,9.0,24.0,4.0,1.0,1.0,3,3,32,1,33,1,52.1,853.0,485.0,1270.0,52.1,3.0,6.35,roster,0,142.0,107.5,6.7619,143.82,5.1102,1.075,0.4724,3.3023,92.24,28.65,13.4,29.53,31.75
2024-03-23 05:00:00,5,44,44,5.0,9.0,25.0,4.0,1.0,1.0,2,1,32,1,33,1,53.1,913.0,545.0,1330.0,53.1,3.0,6.35,roster,0,145.0,110.0,6.9048,147.36,4.144,1.1,0.1575,3.2955,94.38,28.65,13.4,30.92,33.25
2024-03-23 06:00:00,6,45,45,6.0,8.0,25.0,5.0,1.0,1.0,4,4,32,1,33,1,54.1,973.0,605.0,1390.0,54.1,3.0,6.35,roster,0,148.0,112.5,7.0476,150.9,5.7717,1.125,0.6299,3.2889,96.52,28.65,13.4,32.32,34.75
2024-03-23 07:00:00,7,42,42,6.0,7.0,24.0,4.0,1.0,1.0,1,1,33,2,35,2,55.1,828.0,602.0,1450.0,55.1,3.0,6.35,roster,0,139.0,105.0,9.2667,160.99,3.9962,1.05,0.1575,3.3095,90.09,30.39,26.8,33.71,36.25
2024-03-23 08:00:00,8,43,43,6.0,7.0,26.0,3.0,1.0,1.0,5,4,33,2,35,2,56.1,888.0,662.0,1510.0,56.1,3.0,7.37,roster,0,143.0,107.5,9.5333,164.53,5.3799,1.075,0.5427,3.3256,92.24,30.39,26.8,35.11,37.75
2024-03-23 09:00:00,9,42,42,6.0,7.0,26.0,3.0,0.0,1.0,4,4,32,2,34,2,57.1,846.5,710.0,1570.0,57.1,3.0,7.37,roster,0,142.0,105.0,7.8889,162.91,5.385,1.05,0.5427,3.381,90.09,29.52,26.8,36.5,39.25
2024-03-23 10:00:00,10,41,41,5.0,9.0,25.0,2.0,0.0,1.0,6,6,31,1,32,1,58.1,874.5,752.0,1630.0,58.1,4.0,11.07,roster,0,140.0,102.5,4.375,147.03,5.3508,1.025,0.542,3.4146,87.94,27.79,13.4,37.9,40.75
2024-03-23 11:00:00,11,44,44,4.0,8.0,28.0,4.0,0.0,1.0,13,12,30,1,31,1,59.1,908.0,186.0,1635.0,59.1,4.0,11.07,roster,0,144.0,110.0,4.0,152.71,7.1477,1.1,1.084,3.2727,94.38,26.92,13.4,38.01,40.875
2024-03-23 12:00:00,12,45,45,2.0,7.0,30.0,6.0,0.0,1.0,10,10,25,1,26,1,60.1,850.0,177.0,1029.0,60.1,4.0,11.07,roster,0,140.0,112.5,2.5,136.43,6.3104,1.125,0.9033,3.1111,96.52,22.58,13.4,23.92,25.725
2024-03-23 13:00:00,13,40,40,2.0,6.0,30.0,2.0,0.0,1.0,8,8,21,2,23,2,61.1,862.0,178.0,1089.0,61.1,4.0,11.07,roster,0,128.0,100.0,1.8824,137.89,5.5126,1.0,0.7227,3.2,85.8,19.97,26.8,25.32,27.225
2024-03-23 14:00:00,14,31,31,2.0,6.0,22.0,1.0,0.0,1.0,8,7,13,2,15,2,62.1,306.0,150.0,1080.0,62.1,4.0,11.07,roster,0,102.0,77.5,1.02,111.43,4.6306,0.775,0.6323,3.2903,66.5,13.02,26.8,25.11,27.0
2024-03-23 15:00:00,15,22,22,2.0,2.0,17.0,1.0,0.0,1.0,3,3,8,2,10,2,51.783,342.5,203.0,1140.0,51.783,4.0,11.07,roster,0,71.0,55.0,0.5917,89.18,2.6496,0.55,0.271,3.2273,47.19,8.68,26.8,26.51,28.5
2024-03-23 16:00:00,16,19,19,1.0,2.0,15.0,1.0,0.0,1.0,5,3,8,1,9,1,52.783,426.0,270.0,1200.0,52.783,4.0,11.07,roster,0,60.0,47.5,0.4839,69.87,2.3558,0.475,0.271,3.1579,40.75,7.81,13.4,27.9,30.0
2024-03-23 17:00:00,17,19,19,1.0,2.0,16.0,0.0,0.0,1.0,9,5,7,1,8,1,53.783,783.5,330.0,2050.0,53.783,4.0,11.07,roster,0,61.0,47.5,0.4766,88.76,2.9751,0.475,0.4517,3.2105,40.75,6.95,13.4,47.66,51.25
2024-03-23 18:00:00,18,20,20,1.0,3.0,16.0,0.0,0.0,1.0,8,6,8,1,9,1,54.783,499.0,302.0,1320.0,54.783,4.0,11.07,roster,0,65.0,50.0,0.5242,74.8,3.3865,0.5,0.542,3.25,42.9,7.81,13.4,30.69,33.0
2024-03-23 19:00:00,19,26,26,1.0,4.0,21.0,0.0,0.0,1.0,12,12,9,1,10,1,55.783,406.0,158.0,1380.0,55.783,4.0,11.07,roster,0,84.0,65.0,0.7,89.94,5.6022,0.65,1.084,3.2308,55.77,8.68,13.4,32.08,34.5
2024-03-23 20:00:00,20,33,33,1.0,4.0,28.0,0.0,0.0,1.0,13,12,12,1,13,1,56.783,239.0,163.0,619.0,56.783,4.0,10.15,roster,0,105.0,82.5,0.9722,89.86,6.3868,0.825,1.1823,3.1818,70.78,11.29,13.4,14.39,15.475
2024-03-23 21:00:00,21,24,24,1.0,5.0,18.0,0.0,0.0,1.0,6,5,11,1,12,1,57.783,227.0,134.0,1500.0,57.783,4.0,10.15,roster,0,79.0,60.0,0.7054,90.17,3.5965,0.6,0.4926,3.2917,51.48,10.42,13.4,34.88,37.5
2024-03-23 22:00:00,22,19,19,1.0,7.0,11.0,0.0,0.0,1.0,8,5,8,1,9,1,58.783,283.0,194.0,1560.0,58.783,3.0,6.45,roster,0,66.0,47.5,0.7097,78.24,4.3428,0.475,0.7752,3.4737,40.75,7.81,13.4,36.27,39.0
2024-03-23 23:00:00,23,25,25,1.0,8.0,15.0,1.0,0.0,1.0,7,8,9,1,10,1,59.783,311.5,213.0,1620.0,59.783,3.0,6.45,roster,0,84.0,62.5,0.9333,93.37,6.2674,0.625,1.2403,3.36,53.62,8.68,13.4,37.66,40.5
2024-03-24 00:00:00,0,23,23,0.0,7.0,16.0,0.0,0.0,1.0,6,6,9,0,9,0,28.0,314.0,238.0,403.0,28.0,3.0,6.45,roster,0,76.0,57.5,0.8172,46.52,4.9738,0.575,0.9302,3.3043,49.33,7.81,0.0,9.37,10.075
2024-03-24 01:00:00,1,24,24,0.0,8.0,16.0,0.0,0.0,1.0,5,4,10,0,10,0,29.0,353.5,231.0,463.0,29.0,3.0,6.45,roster,0,80.0,60.0,0.8889,50.93,4.0672,0.6,0.6202,3.3333,51.48,8.68,0.0,10.76,11.575
2024-03-24 02:00:00,2,20,20,0.0,7.0,13.0,0.0,0.0,1.0,1,1,11,0,11,0,30.0,393.0,209.0,523.0,30.0,3.0,6.45,roster,0,67.0,50.0,0.7701,44.61,2.1944,0.5,0.155,3.35,42.9,9.55,0.0,12.16,13.075
2024-03-24 03:00:00,3,21,21,0.0,8.0,13.0,0.0,0.0,1.0,3,3,11,0,11,0,31.0,453.0,269.0,583.0,31.0,3.0,6.45,roster,0,71.0,52.5,0.8161,48.15,3.3475,0.525,0.4651,3.381,45.04,9.55,0.0,13.55,14.575
2024-03-24 04:00:00,4,19,19,0.0,6.0,13.0,0.0,0.0,1.0,2,2,12,0,12,0,32.0,495.5,329.0,643.0,32.0,3.0,6.45,roster,0,63.0,47.5,0.75,46.12,2.6032,0.475,0.3101,3.3158,40.75,10.42,0.0,14.95,16.075
2024-03-24 05:00:00,5,23,23,1.0,6.0,15.0,1.0,0.0,1.0,5,4,12,0,12,0,33.0,555.5,389.0,703.0,33.0,3.0,6.45,roster,0,76.0,57.5,0.9048,56.1,3.9492,0.575,0.6202,3.3043,49.33,10.42,0.0,16.34,17.575
2024-03-24 06:00:00,6,19,19,1.0,6.0,12.0,0.0,0.0,1.0,1,1,12,1,13,1,34.0,598.0,413.0,700.0,34.0,3.0,6.45,roster,0,65.0,47.5,0.8025,61.72,2.1554,0.475,0.155,3.4211,40.75,11.29,13.4,16.28,17.5
2024-03-24 07:00:00,7,21,21,0.0,7.0,14.0,0.0,0.0,1.0,4,4,12,0,12,0,35.0,675.5,509.0,823.0,35.0,3.0,6.45,roster,0,70.0,52.5,0.8333,54.6,3.8172,0.525,0.6202,3.3333,45.04,10.42,0.0,19.13,20.575
2024-03-24 08:00:00,8,25,25,0.0,9.0,16.0,0.0,0.0,1.0,9,8,13,0,13,0,36.0,718.0,456.0,820.0,36.0,3.0,7.37,roster,0,84.0,62.5,1.037,63.98,5.7472,0.625,1.0855,3.36,53.62,11.29,0.0,19.07,20.5
2024-03-24 09:00:00,9,26,26,0.0,9.0,17.0,0.0,0.0,1.0,6,5,13,0,13,0,37.0,778.0,392.0,880.0,37.0,3.0,7.37,roster,0,87.0,65.0,1.0741,67.52,4.4451,0.65,0.6784,3.3462,55.77,11.29,0.0,20.46,22.0
2024-03-24 10:00:00,10,29,29,0.0,8.0,21.0,0.0,0.0,1.0,12,12,11,0,11,0,38.0,689.0,177.0,1003.0,38.0,4.0,10.62,roster,0,95.0,72.5,0.819,75.08,6.0765,0.725,1.1299,3.2759,62.2,9.55,0.0,23.32,25.075
2024-03-24 11:00:00,11,36,36,0.0,9.0,27.0,0.0,0.0,1.0,18,16,12,0,12,0,39.0,391.5,176.0,1063.0,39.0,4.0,10.62,roster,0,117.0,90.0,1.0446,92.35,7.8214,0.9,1.5066,3.25,77.22,10.42,0.0,24.71,26.575
2024-03-24 12:00:00,12,38,38,0.0,9.0,28.0,1.0,0.0,1.0,13,12,14,0,14,0,40.0,187.5,91.0,572.0,40.0,4.0,10.62,roster,0,122.0,95.0,1.1731,86.97,6.6777,0.95,1.1299,3.2105,81.51,12.16,0.0,13.3,14.3
2024-03-24 13:00:00,13,34,34,2.0,8.0,23.0,1.0,0.0,1.0,11,11,14,0,14,0,41.0,218.5,142.0,357.0,41.0,4.0,10.62,roster,0,113.0,85.0,1.0865,73.39,6.2675,0.85,1.0358,3.3235,72.93,12.16,0.0,8.3,8.925
2024-03-24 14:00:00,14,35,35,2.0,8.0,25.0,0.0,0.0,1.0,12,11,14,1,15,1,42.0,202.0,110.0,317.0,42.0,4.0,10.62,roster,0,117.0,87.5,1.17,88.87,6.3875,0.875,1.0358,3.3429,75.08,13.02,13.4,7.37,7.925
2024-03-24 15:00:00,15,36,36,2.0,8.0,25.0,1.0,0.0,1.0,12,12,16,2,18,2,43.0,243.0,122.0,358.0,43.0,4.0,10.62,roster,0,119.0,90.0,1.3523,107.97,6.7101,0.9,1.1299,3.3056,77.22,15.63,26.8,8.32,8.95
2024-03-24 16:00:00,16,38,38,1.0,10.0,27.0,0.0,0.0,1.0,12,12,17,2,19,2,44.0,230.0,136.0,418.0,44.0,4.0,10.62,roster,0,126.0,95.0,1.5,114.53,6.8967,0.95,1.1299,3.3158,81.51,16.5,26.8,9.72,10.45
2024-03-24 17:00:00,17,43,43,1.0,11.0,31.0,0.0,0.0,1.0,9,9,21,2,23,2,45.0,251.0,159.0,403.0,45.0,4.0,10.62,roster,0,142.0,107.5,2.0882,128.38,6.3486,1.075,0.8475,3.3023,92.24,19.97,26.8,9.37,10.075
2024-03-24 18:00:00,18,47,47,1.0,12.0,34.0,0.0,0.0,1.0,12,11,22,2,24,2,46.0,306.5,219.0,463.0,46.0,4.0,10.62,roster,0,155.0,117.5,2.4219,139.22,7.2909,1.175,1.0358,3.2979,100.82,20.84,26.8,10.76,11.575
2024-03-24 19:00:00,19,50,50,1.0,13.0,35.0,1.0,0.0,1.0,13,13,22,1,23,1,47.0,331.0,205.0,523.0,47.0,4.0,10.62,roster,0,164.0,125.0,2.4118,132.78,8.1151,1.25,1.2241,3.28,107.25,19.97,13.4,12.16,13.075
2024-03-24 20:00:00,20,47,47,1.0,9.0,36.0,1.0,0.0,1.0,14,11,21,0,21,0,48.0,422.0,265.0,583.0,48.0,4.0,10.56,roster,0,151.0,117.5,1.9868,112.6,7.1216,1.175,1.0417,3.2128,100.82,18.23,0.0,13.55,14.575
2024-03-24 21:00:00,21,52,52,1.0,11.0,39.0,1.0,0.0,1.0,15,13,23,0,23,0,49.0,451.0,309.0,643.0,49.0,4.0,10.56,roster,0,168.0,130.0,2.4706,126.46,8.1773,1.3,1.2311,3.2308,111.54,19.97,0.0,14.95,16.075
2024-03-24 22:00:00,22,55,55,1.0,13.0,36.0,3.0,2.0,1.0,19,16,22,1,23,1,50.0,511.0,369.0,703.0,50.0,3.0,7.31,roster,0,173.0,137.5,3.3922,147.69,11.2097,1.375,2.1888,3.1455,117.98,19.97,13.4,16.34,17.575
2024-03-24 23:00:00,23,54,54,1.0,14.0,35.0,4.0,0.0,1.0,10,10,24,1,25,1,51.0,556.0,386.0,742.0,51.0,3.0,7.31,roster,0,174.0,135.0,3.8667,148.19,8.758,1.35,1.368,3.2222,115.83,21.71,13.4,17.25,18.55
2024-03-25 00:00:00,0,46,46,1.0,15.0,27.0,3.0,0.0,1.0,8,7,24,1,25,1,52.0,616.0,446.0,802.0,52.0,3.0,7.31,roster,0,152.0,115.0,3.3778,132.42,6.9642,1.15,0.9576,3.3043,98.67,21.71,13.4,18.65,20.05
2024-03-25 01:00:00,1,48,48,1.0,15.0,31.0,1.0,0.0,1.0,11,10,26,1,27,1,53.0,619.0,310.0,862.0,53.0,3.0,7.31,roster,0,160.0,120.0,4.1026,139.85,8.56,1.2,1.368,3.3333,102.96,23.44,13.4,20.04,21.55
2024-03-25 02:00:00,2,46,46,2.0,15.0,28.0,1.0,0.0,1.0,3,3,31,1,32,1,54.0,618.5,297.0,917.0,54.0,3.0,7.31,roster,0,156.0,115.0,6.5,141.18,5.2918,1.15,0.4104,3.3913,98.67,27.79,13.4,21.32,22.925
2024-03-25 03:00:00,3,53,53,2.0,17.0,31.0,3.0,0.0,1.0,7,7,32,1,33,1,55.0,672.0,349.0,951.0,55.0,3.0,7.31,roster,0,177.0,132.5,8.4286,157.85,7.623,1.325,0.9576,3.3396,113.68,28.65,13.4,22.11,23.775
2024-03-25 04:00:00,4,48,48,2.0,17.0,28.0,1.0,0.0,1.0,4,3,31,1,32,1,56.0,738.5,417.0,1037.0,56.0,3.0,7.31,roster,0,164.0,120.0,6.8333,148.26,5.5022,1.2,0.4104,3.4167,102.96,27.79,13.4,24.11,25.925
2024-03-25 05:00:00,5,44,44,2.0,16.0,25.0,1.0,0.0,1.0,1,1,30,1,31,1,57.0,805.0,477.0,1097.0,57.0,3.0,7.31,roster,0,151.0,110.0,5.5926,140.2,4.2445,1.1,0.1368,3.4318,94.38,26.92,13.4,25.51,27.425
2024-03-25 06:00:00,6,40,40,2.0,16.0,21.0,1.0,0.0,1.0,1,0,30,1,31,1,58.0,865.0,537.0,1157.0,58.0,3.0,7.31,roster,0,139.0,100.0,5.1481,133.02,3.475,1.0,0.0,3.475,85.8,26.92,13.4,26.9,28.925
2024-03-25 07:00:00,7,41,41,2.0,16.0,20.0,2.0,1.0,1.0,2,2,30,1,31,1,59.0,925.0,597.0,1217.0,59.0,3.0,7.31,roster,0,139.0,102.5,5.1481,136.56,4.4026,1.025,0.2736,3.3902,87.94,26.92,13.4,28.3,30.425
2024-03-25 08:00:00,8,43,43,2.0,16.0,24.0,1.0,0.0,1.0,4,4,30,1,31,1,60.0,985.0,657.0,1277.0,60.0,3.0,6.62,roster,0,148.0,107.5,5.4815,142.24,5.7797,1.075,0.6042,3.4419,92.24,26.92,13.4,29.69,31.925
2024-03-25 09:00:00,9,49,49,2.0,18.0,27.0,2.0,0.0,1.0,9,9,29,1,30,1,38.233,1030.5,709.0,1311.0,38.233,3.0,6.62,roster,0,167.0,122.5,5.5667,155.03,8.8085,1.225,1.3595,3.4082,105.1,26.05,13.4,30.48,32.775
2024-03-25 10:00:00,10,45,45,3.0,18.0,23.0,1.0,0.0,1.0,7,7,27,1,28,1,39.233,839.0,599.0,1231.0,39.233,4.0,9.87,roster,0,158.0,112.5,3.2917,142.86,6.4401,1.125,0.7092,3.5111,96.52,24.31,13.4,28.62,30.775
2024-03-25 11:00:00,11,58,58,3.0,19.0,30.0,6.0,0.0,1.0,21,21,25,1,26,1,40.233,866.0,635.0,1188.0,40.233,4.0,9.87,roster,0,193.0,145.0,3.4464,168.01,11.905,1.45,2.1277,3.3276,124.41,22.58,13.4,27.62,29.7
2024-03-25 12:00:00,12,57,57,3.0,21.0,31.0,2.0,0.0,1.0,6,6,35,2,37,2,41.233,713.0,104.0,1166.0,41.233,4.0,9.87,roster,0,196.0,142.5,16.3333,188.3,6.9903,1.425,0.6079,3.4386,122.26,32.13,26.8,27.11,29.15
2024-03-25 13:00:00,13,53,53,3.0,21.0,28.0,1.0,0.0,1.0,5,5,36,2,38,2,42.233,736.5,155.0,1043.0,42.233,4.0,9.87,roster,0,185.0,132.5,23.125,177.73,6.3933,1.325,0.5066,3.4906,113.68,33.0,26.8,24.25,26.075
2024-03-25 14:00:00,14,49,49,3.0,19.0,26.0,1.0,0.0,1.0,6,6,36,2,38,2,40.783,596.5,205.0,1090.0,28.967,4.0,9.87,roster,0,171.0,122.5,21.375,170.24,6.3965,1.225,0.6079,3.4898,105.1,33.0,26.8,25.34,27.25
2024-03-25 15:00:00,15,56,56,3.0,22.0,30.0,1.0,0.0,1.0,11,10,38,1,39,1,41.783,383.0,255.0,1150.0,29.967,4.0,9.87,roster,0,195.0,140.0,48.75,174.12,8.403,1.4,1.0132,3.4821,120.12,33.86,13.4,26.74,28.75
2024-03-25 16:00:00,16,54,54,3.0,20.0,29.0,2.0,0.0,1.0,10,9,35,1,36,1,42.783,437.5,310.0,1210.0,30.967,4.0,9.87,roster,0,186.0,135.0,11.625,168.62,7.7908,1.35,0.9119,3.4444,115.83,31.26,13.4,28.13,30.25
2024-03-25 17:00:00,17,52,52,3.0,19.0,27.0,3.0,0.0,1.0,4,4,35,1,36,1,43.783,497.5,370.0,1270.0,31.967,4.0,9.87,roster,0,178.0,130.0,11.125,165.73,5.8373,1.3,0.4053,3.4231,111.54,31.26,13.4,29.53,31.75
2024-03-25 18:00:00,18,52,52,4.0,19.0,25.0,2.0,2.0,1.0,7,6,35,1,36,1,44.783,547.0,422.0,1330.0,32.967,4.0,9.87,roster,0,177.0,130.0,11.0625,167.12,6.4942,1.3,0.6079,3.4038,111.54,31.26,13.4,30.92,33.25
2024-03-25 19:00:00,19,55,55,4.0,18.0,26.0,5.0,2.0,1.0,9,9,36,0,36,0,30.833,541.0,418.0,1368.0,30.833,4.0,9.87,roster,0,182.0,137.5,11.375,161.04,7.5674,1.375,0.9119,3.3091,117.98,31.26,0.0,31.81,34.2
2024-03-25 20:00:00,20,56,56,4.0,17.0,28.0,6.0,1.0,1.0,9,8,36,1,37,1,31.833,575.0,417.0,1205.0,31.833,4.0,10.68,roster,0,185.0,140.0,15.4167,173.66,7.0996,1.4,0.7491,3.3036,120.12,32.13,13.4,28.02,30.125
2024-03-25 21:00:00,21,61,61,4.0,17.0,30.0,10.0,0.0,1.0,13,13,37,1,38,1,32.833,630.0,450.0,1265.0,32.833,4.0,10.68,roster,0,198.0,152.5,24.75,186.65,8.901,1.525,1.2172,3.2459,130.84,33.0,13.4,29.41,31.625
2024-03-25 22:00:00,22,73,73,4.0,18.0,37.0,12.0,2.0,1.0,18,18,37,2,39,2,33.833,685.0,472.0,1325.0,33.833,3.0,7.43,roster,0,229.0,182.5,76.3333,228.06,13.3247,1.825,2.4226,3.137,156.58,33.86,26.8,30.81,33.125
2024-03-25 23:00:00,23,61,61,4.0,18.0,31.0,7.0,1.0,1.0,5,5,40,1,41,1,34.833,739.0,477.0,1379.0,34.833,3.0,7.43,roster,0,200.0,152.5,66.6667,191.91,7.2064,1.525,0.6729,3.2787,130.84,35.6,13.4,32.06,34.475
2024-03-26 00:00:00,0,53,53,4.0,18.0,27.0,3.0,1.0,1.0,3,3,41,1,42,1,35.833,797.0,394.0,1439.0,35.833,3.0,7.43,roster,0,180.0,132.5,60.0,177.01,5.8713,1.325,0.4038,3.3962,113.68,36.47,13.4,33.46,35.975
2024-03-26 01:00:00,1,58,58,4.0,18.0,30.0,6.0,0.0,1.0,12,12,41,1,42,1,36.833,857.0,454.0,1499.0,36.833,3.0,7.43,roster,0,194.0,145.0,64.6667,189.13,10.2521,1.45,1.6151,3.3448,124.41,36.47,13.4,34.85,37.475
2024-03-26 02:00:00,2,56,56,4.0,18.0,30.0,4.0,0.0,1.0,3,3,44,1,45,1,37.833,910.0,423.0,1535.0,37.833,3.0,7.43,roster,0,190.0,140.0,63.3333,188.28,6.1199,1.4,0.4038,3.3929,120.12,39.07,13.4,35.69,38.375
2024-03-26 03:00:00,3,55,55,4.0,18.0,29.0,4.0,0.0,1.0,3,4,45,1,46,1,38.833,966.0,461.0,1595.0,38.833,3.0,7.43,roster,0,187.0,137.5,62.3333,188.4,6.5054,1.375,0.5384,3.4,117.98,39.94,13.4,37.08,39.875
2024-03-26 04:00:00,4,55,55,4.0,19.0,28.0,4.0,0.0,1.0,2,2,45,1,46,1,39.833,1026.0,521.0,1655.0,39.833,3.0,7.43,roster,0,188.0,137.5,62.6667,189.8,5.6201,1.375,0.2692,3.4182,117.98,39.94,13.4,38.48,41.375
2024-03-26 05:00:00,5,55,55,5.0,19.0,28.0,3.0,0.0,1.0,3,1,45,1,46,1,40.833,1086.0,581.0,1715.0,40.833,3.0,7.43,roster,0,191.0,137.5,63.6667,191.19,5.2424,1.375,0.1346,3.4727,117.98,39.94,13.4,39.87,42.875
2024-03-26 06:00:00,6,54,54,5.0,19.0,26.0,4.0,0.0,1.0,1,1,46,1,47,1,41.833,1142.0,587.0,1775.0,41.833,3.0,7.43,roster,0,187.0,135.0,62.3333,191.31,5.1411,1.35,0.1346,3.463,115.83,40.81,13.4,41.27,44.375
2024-03-26 07:00:00,7,55,55,5.0,19.0,26.0,5.0,0.0,1.0,1,1,46,1,47,1,42.833,1202.0,647.0,1835.0,42.833,3.0,7.43,roster,0,189.0,137.5,63.0,194.85,5.1875,1.375,0.1346,3.4364,117.98,40.81,13.4,42.66,45.875
2024-03-26 08:00:00,8,55,55,5.0,20.0,27.0,3.0,0.0,1.0,3,3,46,1,47,1,43.833,1262.0,707.0,1895.0,43.833,3.0,6.74,roster,0,192.0,137.5,64.0,196.24,6.3538,1.375,0.4451,3.4909,117.98,40.81,13.4,44.06,47.375
2024-03-26 09:00:00,9,55,55,6.0,19.0,27.0,3.0,0.0,1.0,6,6,43,1,44,1,44.833,1295.0,821.0,1955.0,44.833,3.0,6.74,roster,0,193.0,137.5,64.3333,195.03,7.9488,1.375,0.8902,3.5091,117.98,38.21,13.4,45.45,48.875
2024-03-26 10:00:00,10,58,58,5.0,19.0,33.0,1.0,0.0,1.0,10,10,38,2,40,2,45.833,1323.0,827.0,2015.0,45.833,4.0,10.1,roster,0,202.0,145.0,50.5,212.79,8.4983,1.45,0.9901,3.4828,124.41,34.73,26.8,46.85,50.375
2024-03-26 11:00:00,11,55,55,5.0,19.0,29.0,2.0,0.0,1.0,9,9,36,2,38,2,46.833,1419.0,860.0,2075.0,46.833,4.0,10.1,roster,0,192.0,137.5,24.0,206.01,7.9107,1.375,0.8911,3.4909,117.98,33.0,26.8,48.24,51.875
2024-03-26 12:00:00,12,56,56,4.0,16.0,34.0,2.0,0.0,1.0,11,10,34,2,36,2,46.267,1385.0,867.0,1735.0,46.267,4.0,10.1,roster,0,190.0,140.0,11.875,198.52,8.1093,1.4,0.9901,3.3929,120.12,31.26,26.8,40.34,43.375
2024-03-26 13:00:00,13,52,52,4.0,15.0,31.0,2.0,0.0,1.0,7,8,31,1,32,1,47.267,1309.0,927.0,1795.0,47.267,4.0,10.1,roster,0,177.0,130.0,5.5312,174.46,7.1211,1.3,0.7921,3.4038,111.54,27.79,13.4,41.73,44.875
2024-03-26 14:00:00,14,50,50,3.0,14.0,30.0,3.0,0.0,1.0,7,7,27,1,28,1,48.267,1180.5,981.0,1855.0,48.267,4.0,10.1,roster,0,167.0,125.0,3.4792,168.09,6.4899,1.25,0.6931,3.34,107.25,24.31,13.4,43.13,46.375
2024-03-26 15:00:00,15,49,49,3.0,13.0,30.0,3.0,0.0,1.0,6,6,27,1,28,1,47.417,1154.0,896.0,1802.0,47.417,4.0,10.1,roster,0,163.0,122.5,3.3958,164.71,6.0512,1.225,0.5941,3.3265,105.1,24.31,13.4,41.9,45.05
2024-03-26 16:00:00,16,56,56,4.0,17.0,34.0,1.0,0.0,1.0,14,14,26,1,27,1,48.417,1241.0,956.0,1862.0,48.417,4.0,10.1,roster,0,192.0,140.0,3.6923,180.26,9.5525,1.4,1.3861,3.4286,120.12,23.44,13.4,43.29,46.55
2024-03-26 17:00:00,17,52,52,4.0,18.0,29.0,1.0,0.0,1.0,6,6,30,1,31,1,49.417,1220.0,386.0,1835.0,49.417,4.0,10.1,roster,0,181.0,130.0,5.0278,174.52,6.5928,1.3,0.5941,3.4808,111.54,26.92,13.4,42.66,45.875
2024-03-26 18:00:00,18,60,60,5.0,16.0,38.0,1.0,0.0,1.0,13,14,31,1,32,1,50.417,1257.5,446.0,1895.0,50.417,4.0,10.1,roster,0,205.0,150.0,6.4062,193.94,9.861,1.5,1.3861,3.4167,128.7,27.79,13.4,44.06,47.375
2024-03-26 19:00:00,19,56,56,6.0,15.0,34.0,1.0,0.0,1.0,4,3,34,0,34,0,51.417,1284.0,265.0,1935.0,51.417,4.0,10.1,roster,0,194.0,140.0,8.0833,174.63,5.879,1.4,0.297,3.4643,120.12,29.52,0.0,44.99,48.375
2024-03-26 20:00:00,20,49,49,6.0,14.0,28.0,1.0,0.0,1.0,9,7,33,0,33,0,52.417,1347.0,392.0,1995.0,52.417,4.0,10.0,roster,0,172.0,122.5,6.1429,160.14,6.7571,1.225,0.7,3.5102,105.1,28.65,0.0,46.38,49.875
2024-03-26 21:00:00,21,48,48,6.0,13.0,28.0,1.0,0.0,1.0,7,5,35,1,36,1,53.417,1388.5,351.0,2055.0,53.417,4.0,10.0,roster,0,168.0,120.0,10.5,175.4,5.95,1.2,0.5,3.5,102.96,31.26,13.4,47.78,51.375
2024-03-26 22:00:00,22,42,42,6.0,13.0,22.0,1.0,0.0,1.0,5,5,35,0,35,0,54.417,1461.0,411.0,2115.0,54.417,3.0,6.64,roster,0,150.0,105.0,10.0,149.65,6.4393,1.05,0.753,3.5714,90.09,30.39,0.0,49.17,52.875
2024-03-26 23:00:00,23,43,43,6.0,11.0,25.0,1.0,0.0,1.0,7,4,34,0,34,0,55.417,1508.5,471.0,2098.0,55.417,3.0,6.64,roster,0,151.0,107.5,8.3889,150.54,5.8904,1.075,0.6024,3.5116,92.24,29.52,0.0,48.78,52.45
2024-03-27 00:00:00,0,44,44,6.0,11.0,26.0,1.0,0.0,1.0,5,5,35,0,35,0,56.417,1556.0,526.0,2158.0,56.417,3.0,6.64,roster,0,154.0,110.0,10.2667,154.94,6.4855,1.1,0.753,3.5,94.38,30.39,0.0,50.17,53.95
2024-03-27 01:00:00,1,52,52,6.0,11.0,31.0,4.0,0.0,1.0,9,9,36,0,36,0,57.417,1556.0,586.0,2218.0,57.417,3.0,6.64,roster,0,175.0,130.0,14.5833,174.37,8.9365,1.3,1.3554,3.3654,111.54,31.26,0.0,51.57,55.45
2024-03-27 02:00:00,2,51,51,6.0,11.0,31.0,3.0,0.0,1.0,7,6,37,0,37,0,58.417,1556.0,643.0,1945.0,58.417,3.0,6.64,roster,0,173.0,127.5,19.2222,166.74,7.3902,1.275,0.9036,3.3922,109.39,32.13,0.0,45.22,48.625
2024-03-27 03:00:00,3,52,52,6.0,13.0,27.0,5.0,1.0,1.0,5,5,38,0,38,0,59.417,1481.5,600.0,2005.0,59.417,3.0,6.64,roster,0,174.0,130.0,29.0,171.15,6.8697,1.3,0.753,3.3462,111.54,33.0,0.0,46.62,50.125
2024-03-27 04:00:00,4,47,47,6.0,13.0,24.0,4.0,0.0,1.0,0,0,38,1,39,1,60.417,1407.0,638.0,2065.0,60.417,3.0,6.64,roster,0,162.0,117.5,54.0,176.09,4.05,1.175,0.0,3.4468,100.82,33.86,13.4,48.01,51.625
2024-03-27 05:00:00,5,46,46,7.0,13.0,24.0,2.0,0.0,1.0,3,2,38,0,38,0,61.417,1601.5,720.0,2125.0,61.417,3.0,6.64,roster,0,163.0,115.0,27.1667,161.07,5.1423,1.15,0.3012,3.5435,98.67,33.0,0.0,49.41,53.125
2024-03-27 06:00:00,6,45,45,6.0,14.0,23.0,2.0,0.0,1.0,1,1,39,0,39,0,62.417,1527.0,758.0,2185.0,62.417,3.0,6.64,roster,0,159.0,112.5,53.0,161.19,4.5071,1.125,0.1506,3.5333,96.52,33.86,0.0,50.8,54.625
2024-03-27 07:00:00,7,48,48,7.0,14.0,25.0,2.0,0.0,1.0,3,3,39,0,39,0,63.417,1587.0,818.0,2245.0,63.417,3.0,6.64,roster,0,170.0,120.0,56.6667,169.02,5.8502,1.2,0.4518,3.5417,102.96,33.86,0.0,52.2,56.125
2024-03-27 08:00:00,8,48,48,6.0,15.0,23.0,4.0,0.0,1.0,5,4,39,0,39,0,64.417,1647.0,878.0,2305.0,64.417,3.0,7.88,roster,0,167.0,120.0,55.6667,170.42,5.9411,1.2,0.5076,3.4792,102.96,33.86,0.0,53.59,57.625
2024-03-27 09:00:00,9,50,50,7.0,12.0,26.0,5.0,0.0,1.0,9,9,34,0,34,0,65.417,1343.5,912.0,2180.0,65.417,3.0,7.88,roster,0,171.0,125.0,9.5,167.46,8.1811,1.25,1.1421,3.42,107.25,29.52,0.0,50.68,54.5
2024-03-27 10:00:00,10,50,50,7.0,12.0,29.0,2.0,0.0,1.0,7,6,32,1,33,1,66.417,1232.0,924.0,2187.0,66.417,4.0,11.24,roster,0,174.0,125.0,6.2143,180.15,6.2077,1.25,0.5338,3.48,107.25,28.65,13.4,50.85,54.675
2024-03-27 11:00:00,11,51,51,6.0,11.0,33.0,1.0,0.0,1.0,13,12,28,1,29,1,63.167,1186.0,913.0,2247.0,63.167,4.0,11.24,roster,0,175.0,127.5,3.9773,180.22,8.0384,1.275,1.0676,3.4314,109.39,25.18,13.4,52.24,56.175
2024-03-27 12:00:00,12,45,45,4.0,10.0,31.0,0.0,0.0,1.0,6,7,28,0,28,0,52.917,1191.5,683.0,2276.0,52.917,4.0,11.24,roster,0,153.0,112.5,3.1875,153.75,5.9424,1.125,0.6228,3.4,96.52,24.31,0.0,52.92,56.9
2024-03-27 13:00:00,13,42,42,4.0,10.0,28.0,0.0,0.0,1.0,6,6,26,0,26,0,53.917,1251.5,743.0,2336.0,53.917,4.0,11.24,roster,0,144.0,105.0,2.5714,146.98,5.4302,1.05,0.5338,3.4286,90.09,22.58,0.0,54.31,58.4
2024-03-27 14:00:00,14,40,40,4.0,10.0,26.0,0.0,0.0,1.0,6,5,24,0,24,0,54.917,1249.0,803.0,2276.0,54.917,4.0,11.24,roster,0,138.0,100.0,2.1562,139.56,4.9847,1.0,0.4448,3.45,85.8,20.84,0.0,52.92,56.9
2024-03-27 15:00:00,15,36,36,3.0,7.0,26.0,0.0,0.0,1.0,7,6,23,0,23,0,55.917,1163.0,277.0,1532.0,55.917,4.0,11.24,roster,0,121.0,90.0,1.7794,112.81,4.8192,0.9,0.5338,3.3611,77.22,19.97,0.0,35.62,38.3
2024-03-27 16:00:00,16,34,34,3.0,6.0,25.0,0.0,0.0,1.0,5,5,22,0,22,0,56.917,1115.0,310.0,1491.0,56.917,4.0,11.24,roster,0,114.0,85.0,1.5833,106.7,4.3415,0.85,0.4448,3.3529,72.93,19.1,0.0,34.67,37.275
2024-03-27 17:00:00,17,35,35,4.0,5.0,25.0,1.0,0.0,1.0,8,8,21,0,21,0,57.917,1077.0,370.0,1543.0,57.917,4.0,11.24,roster,0,117.0,87.5,1.5395,109.18,5.3043,0.875,0.7117,3.3429,75.08,18.23,0.0,35.87,38.575
2024-03-27 18:00:00,18,42,42,4.0,6.0,31.0,1.0,0.0,1.0,11,10,22,2,24,2,58.917,1010.5,372.0,1603.0,58.917,4.0,11.24,roster,0,139.0,105.0,2.1719,155.0,6.4194,1.05,0.8897,3.3095,90.09,20.84,26.8,37.27,40.075
2024-03-27 19:00:00,19,41,41,4.0,8.0,27.0,2.0,0.0,1.0,8,7,23,2,25,2,59.917,1038.0,332.0,1560.0,59.917,4.0,11.24,roster,0,137.0,102.5,2.2833,152.72,5.506,1.025,0.6228,3.3415,87.94,21.71,26.8,36.27,39.0
2024-03-27 20:00:00,20,39,39,3.0,7.0,26.0,2.0,1.0,1.0,7,6,25,0,25,0,60.917,1098.0,392.0,1620.0,60.917,4.0,9.99,roster,0,126.0,97.5,2.1,123.03,5.0904,0.975,0.6006,3.2308,83.66,21.71,0.0,37.66,40.5
2024-03-27 21:00:00,21,38,38,3.0,6.0,27.0,2.0,0.0,1.0,6,6,25,0,25,0,61.917,1158.0,452.0,1680.0,61.917,4.0,9.99,roster,0,124.0,95.0,2.0667,122.28,5.0599,0.95,0.6006,3.2632,81.51,21.71,0.0,39.06,42.0
2024-03-27 22:00:00,22,40,40,3.0,6.0,30.0,1.0,0.0,1.0,10,10,24,0,24,0,62.917,1250.5,530.0,1843.0,62.917,3.0,6.63,roster,0,131.0,100.0,2.7292,129.49,8.2147,1.0,1.5083,3.275,85.8,20.84,0.0,42.85,46.075
2024-03-27 23:00:00,23,39,39,3.0,8.0,27.0,1.0,0.0,1.0,8,8,24,0,24,0,63.917,1195.5,572.0,1903.0,63.917,3.0,6.63,roster,0,130.0,97.5,2.7083,128.74,7.2721,0.975,1.2066,3.3333,83.66,20.84,0.0,44.24,47.575
2024-03-28 00:00:00,0,38,38,2.0,8.0,27.0,1.0,0.0,1.0,4,3,25,0,25,0,64.917,1173.0,590.0,1860.0,64.917,3.0,6.63,roster,0,125.0,95.0,2.7778,126.46,4.6134,0.95,0.4525,3.2895,81.51,21.71,0.0,43.24,46.5
2024-03-28 01:00:00,1,41,41,2.0,7.0,30.0,2.0,0.0,1.0,6,5,24,0,24,0,65.917,1315.5,692.0,2023.0,65.917,3.0,6.63,roster,0,132.0,102.5,2.75,135.82,5.728,1.025,0.7541,3.2195,87.94,20.84,0.0,47.03,50.575
2024-03-28 02:00:00,2,41,41,2.0,8.0,29.0,2.0,0.0,1.0,8,7,24,0,24,0,66.917,1375.5,752.0,2083.0,66.917,3.0,6.63,roster,0,133.0,102.5,2.7708,137.21,6.7499,1.025,1.0558,3.2439,87.94,20.84,0.0,48.43,52.075
2024-03-28 03:00:00,3,39,39,2.0,7.0,28.0,2.0,0.0,1.0,6,4,24,0,24,0,67.917,1435.5,812.0,2143.0,67.917,3.0,6.63,roster,0,126.0,97.5,2.625,134.32,5.0992,0.975,0.6033,3.2308,83.66,20.84,0.0,49.82,53.575
2024-03-28 04:00:00,4,34,34,2.0,6.0,25.0,1.0,0.0,1.0,2,2,24,0,24,0,68.917,1495.5,872.0,2203.0,68.917,3.0,6.63,roster,0,111.0,85.0,2.3125,124.99,3.7598,0.85,0.3017,3.2647,72.93,20.84,0.0,51.22,55.075
2024-03-28 05:00:00,5,31,31,2.0,6.0,22.0,1.0,0.0,1.0,0,0,24,0,24,0,69.917,1555.5,932.0,2263.0,69.917,3.0,6.63,roster,0,102.0,77.5,2.125,119.95,2.55,0.775,0.0,3.2903,66.5,20.84,0.0,52.61,56.575
2024-03-28 06:00:00,6,30,30,2.0,6.0,21.0,1.0,0.0,1.0,1,1,24,0,24,0,70.917,1615.5,992.0,2323.0,70.917,3.0,6.63,roster,0,99.0,75.0,2.0625,119.2,2.9727,0.75,0.1508,3.3,64.35,20.84,0.0,54.01,58.075
2024-03-28 07:00:00,7,33,33,2.0,6.0,24.0,1.0,0.0,1.0,3,4,24,0,24,0,71.917,1675.5,1052.0,2383.0,71.917,3.0,6.63,roster,0,108.0,82.5,2.25,127.03,4.6745,0.825,0.6033,3.2727,70.78,20.84,0.0,55.4,59.575
2024-03-28 08:00:00,8,37,37,2.0,6.0,27.0,2.0,0.0,1.0,8,7,24,0,24,0,72.917,1735.5,1112.0,2443.0,72.917,3.0,6.72,roster,0,119.0,92.5,2.4792,137.0,6.3252,0.925,1.0417,3.2162,79.36,20.84,0.0,56.8,61.075
2024-03-28 09:00:00,9,41,41,3.0,6.0,30.0,2.0,0.0,1.0,8,7,25,0,25,0,73.917,1713.0,1130.0,2400.0,73.917,3.0,6.72,roster,0,133.0,102.5,2.9556,145.45,6.7041,1.025,1.0417,3.2439,87.94,21.71,0.0,55.8,60.0
2024-03-28 10:00:00,10,40,40,3.0,6.0,31.0,0.0,0.0,1.0,9,9,22,0,22,0,63.05,1387.0,864.0,2412.0,63.05,4.0,9.97,roster,0,132.0,100.0,1.8333,140.98,6.2789,1.0,0.9027,3.3,85.8,19.1,0.0,56.08,60.3
2024-03-28 11:00:00,11,32,32,2.0,4.0,26.0,0.0,0.0,1.0,6,5,16,0,16,0,64.05,1377.0,972.0,2623.0,64.05,4.0,9.97,roster,0,104.0,80.0,1.0833,123.52,4.2299,0.8,0.5015,3.25,68.64,13.89,0.0,60.98,65.575
2024-03-28 12:00:00,12,27,27,2.0,2.0,23.0,0.0,0.0,1.0,9,7,11,1,12,1,59.933,1331.0,192.0,1537.0,59.933,4.0,9.97,roster,0,87.0,67.5,0.7768,97.47,4.4373,0.675,0.7021,3.2222,57.92,10.42,13.4,35.74,38.425
2024-03-28 13:00:00,13,26,26,2.0,3.0,21.0,0.0,0.0,1.0,9,8,11,1,12,1,60.933,1391.0,229.0,1597.0,60.933,4.0,9.97,roster,0,85.0,65.0,0.7589,96.72,4.7483,0.65,0.8024,3.2692,55.77,10.42,13.4,37.13,39.925
2024-03-28 14:00:00,14,29,29,2.0,4.0,21.0,2.0,0.0,1.0,11,10,11,2,13,2,61.933,289.0,142.0,1472.0,61.933,4.0,9.97,roster,0,93.0,72.5,0.8611,114.52,5.5415,0.725,1.003,3.2069,62.2,11.29,26.8,34.22,36.8
2024-03-28 15:00:00,15,30,30,2.0,6.0,20.0,1.0,1.0,1.0,7,7,12,3,15,3,62.933,202.0,114.0,372.0,62.933,4.0,9.97,roster,0,97.0,75.0,0.97,106.22,4.6951,0.75,0.7021,3.2333,64.35,13.02,40.2,8.65,9.3
2024-03-28 16:00:00,16,26,26,1.0,5.0,19.0,0.0,1.0,1.0,5,5,12,2,14,2,63.933,189.5,146.0,409.0,63.933,4.0,9.97,roster,0,83.0,65.0,0.7981,84.24,3.676,0.65,0.5015,3.1923,55.77,12.16,26.8,9.51,10.225
2024-03-28 17:00:00,17,33,33,1.0,5.0,24.0,3.0,0.0,1.0,11,11,14,2,16,2,64.933,238.0,202.0,469.0,64.933,4.0,9.97,roster,0,103.0,82.5,1.0729,102.38,6.0187,0.825,1.1033,3.1212,70.78,13.89,26.8,10.9,11.725
2024-03-28 18:00:00,18,31,31,1.0,5.0,24.0,1.0,0.0,1.0,7,7,15,2,17,2,65.933,294.0,212.0,441.0,65.933,4.0,9.97,roster,0,99.0,77.5,1.0761,98.31,4.7172,0.775,0.7021,3.1935,66.5,14.76,26.8,10.25,11.025
2024-03-28 19:00:00,19,38,38,1.0,5.0,29.0,2.0,1.0,1.0,14,13,14,1,15,1,28.833,346.0,162.0,501.0,28.833,4.0,9.97,roster,0,117.0,95.0,1.17,99.58,6.9397,0.95,1.3039,3.0789,81.51,13.02,13.4,11.65,12.525
2024-03-28 20:00:00,20,38,38,1.0,6.0,30.0,1.0,0.0,1.0,11,10,15,1,16,1,29.833,384.0,185.0,447.0,29.833,4.0,9.61,roster,0,121.0,95.0,1.2604,99.2,6.3384,0.95,1.0406,3.1842,81.51,13.89,13.4,10.39,11.175
2024-03-28 21:00:00,21,44,44,1.0,7.0,32.0,4.0,0.0,1.0,13,12,15,2,17,2,30.833,442.0,182.0,497.0,30.833,4.0,9.61,roster,0,137.0,110.0,1.4891,127.5,7.313,1.1,1.2487,3.1136,94.38,14.76,26.8,11.56,12.425
2024-03-28 22:00:00,22,37,37,1.0,6.0,27.0,3.0,0.0,1.0,7,7,16,2,18,2,31.833,397.0,191.0,534.0,31.833,3.0,6.36,roster,0,116.0,92.5,1.7576,114.21,6.3506,0.925,1.1006,3.1351,79.36,15.63,26.8,12.42,13.35
2024-03-28 23:00:00,23,32,32,0.0,6.0,22.0,4.0,0.0,1.0,4,2,16,1,17,1,32.833,512.0,296.0,594.0,32.833,3.0,6.36,roster,0,98.0,80.0,1.4203,90.61,3.4131,0.8,0.3145,3.0625,68.64,14.76,13.4,13.81,14.85
2024-03-29 00:00:00,0,25,25,0.0,5.0,18.0,2.0,0.0,1.0,4,3,16,1,17,1,33.833,572.0,356.0,654.0,33.833,3.0,6.36,roster,0,78.0,62.5,1.1304,76.99,3.4217,0.625,0.4717,3.12,53.62,14.76,13.4,15.21,16.35
2024-03-29 01:00:00,1,26,26,0.0,6.0,19.0,1.0,0.0,1.0,5,5,16,1,17,1,34.833,632.0,416.0,714.0,34.833,3.0,6.36,roster,0,83.0,65.0,1.2029,80.53,4.5847,0.65,0.7862,3.1923,55.77,14.76,13.4,16.6,17.85
2024-03-29 02:00:00,2,29,29,0.0,7.0,21.0,1.0,0.0,1.0,5,5,17,1,18,1,35.833,637.0,431.0,774.0,35.833,3.0,6.36,roster,0,93.0,72.5,1.4091,89.23,4.8461,0.725,0.7862,3.2069,62.2,15.63,13.4,18.0,19.35
2024-03-29 03:00:00,3,31,31,0.0,7.0,23.0,1.0,0.0,1.0,7,7,17,2,19,2,36.833,642.0,459.0,834.0,36.833,3.0,6.36,roster,0,99.0,77.5,1.5714,109.18,5.9899,0.775,1.1006,3.1935,66.5,16.5,26.8,19.39,20.85
2024-03-29 04:00:00,4,35,35,0.0,7.0,27.0,1.0,0.0,1.0,9,9,18,2,20,2,37.833,670.5,519.0,894.0,37.833,3.0,6.36,roster,0,111.0,87.5,1.85,120.03,7.2629,0.875,1.4151,3.1714,75.08,17.37,26.8,20.79,22.35
2024-03-29 05:00:00,5,28,28,0.0,6.0,21.0,1.0,0.0,1.0,1,1,18,1,19,1,38.833,762.0,579.0,954.0,38.833,3.0,6.36,roster,0,89.0,70.0,1.4127,92.14,2.7248,0.7,0.1572,3.1786,60.06,16.5,13.4,22.18,23.85
2024-03-29 06:00:00,6,23,23,0.0,5.0,17.0,1.0,0.0,1.0,1,1,18,0,18,0,39.833,790.5,639.0,1014.0,39.833,3.0,6.36,roster,0,73.0,57.5,1.1061,68.54,2.324,0.575,0.1572,3.1739,49.33,15.63,0.0,23.58,25.35
2024-03-29 07:00:00,7,27,27,0.0,6.0,19.0,2.0,0.0,1.0,6,5,18,0,18,0,40.833,850.5,699.0,1074.0,40.833,3.0,6.36,roster,0,85.0,67.5,1.2879,78.52,4.6,0.675,0.7862,3.1481,57.92,15.63,0.0,24.97,26.85
2024-03-29 08:00:00,8,26,26,0.0,6.0,19.0,1.0,0.0,1.0,2,2,18,0,18,0,41.833,910.5,759.0,1134.0,41.833,3.0,6.68,roster,0,83.0,65.0,1.2576,77.77,3.0308,0.65,0.2994,3.1923,55.77,15.63,0.0,26.37,28.35
2024-03-29 09:00:00,9,31,31,0.0,6.0,24.0,1.0,0.0,1.0,7,7,16,0,16,0,42.833,970.5,851.0,1194.0,42.833,3.0,6.68,roster,0,98.0,77.5,1.3611,88.15,5.7627,0.775,1.0479,3.1613,66.5,13.89,0.0,27.76,29.85
2024-03-29 10:00:00,10,32,32,0.0,5.0,26.0,1.0,0.0,1.0,9,9,11,0,11,0,43.833,1062.0,956.0,1287.0,43.833,4.0,10.38,roster,0,100.0,80.0,0.8621,88.11,5.2095,0.8,0.8671,3.125,68.64,9.55,0.0,29.92,32.175
2024-03-29 11:00:00,11,34,34,0.0,5.0,28.0,1.0,0.0,1.0,10,11,9,0,9,0,44.833,1059.0,868.0,1282.0,44.833,4.0,10.38,roster,0,106.0,85.0,0.8548,90.55,5.9539,0.85,1.0597,3.1176,72.93,7.81,0.0,29.81,32.05
2024-03-29 12:00:00,12,31,31,0.0,6.0,24.0,1.0,0.0,1.0,8,9,10,0,10,0,19.7,128.5,91.0,928.0,19.7,4.0,10.38,roster,0,98.0,77.5,0.8167,76.75,5.191,0.775,0.8671,3.1613,66.5,8.68,0.0,21.58,23.2
2024-03-29 13:00:00,13,38,38,0.0,6.0,30.0,2.0,0.0,1.0,9,9,12,0,12,0,20.533,156.5,120.0,212.0,16.75,4.0,10.38,roster,0,118.0,95.0,1.0536,76.86,5.6424,0.95,0.8671,3.1053,81.51,10.42,0.0,4.93,5.3
2024-03-29 14:00:00,14,38,38,0.0,6.0,30.0,2.0,0.0,1.0,9,7,15,0,15,0,21.533,165.0,87.0,222.0,17.75,4.0,10.38,roster,0,118.0,95.0,1.18,79.7,5.0441,0.95,0.6744,3.1053,81.51,13.02,0.0,5.16,5.55
2024-03-29 15:00:00,15,32,32,0.0,6.0,26.0,0.0,0.0,1.0,6,4,14,1,15,1,22.533,190.0,124.0,254.0,5.533,4.0,10.38,roster,0,102.0,80.0,1.02,80.97,3.7783,0.8,0.3854,3.1875,68.64,13.02,13.4,5.91,6.35
2024-03-29 16:00:00,16,35,35,0.0,5.0,30.0,0.0,0.0,1.0,14,15,10,0,10,0,23.533,292.5,239.0,331.0,6.533,4.0,10.38,roster,0,110.0,87.5,0.9167,71.45,7.2917,0.875,1.4451,3.1429,75.08,8.68,0.0,7.7,8.275
2024-03-29 17:00:00,17,35,35,0.0,4.0,30.0,0.0,1.0,1.0,9,9,12,0,12,0,13.117,343.0,251.0,391.0,7.533,4.0,10.38,roster,0,107.0,87.5,0.9554,74.59,5.3257,0.875,0.8671,3.0571,75.08,10.42,0.0,9.09,9.775
2024-03-29 18:00:00,18,27,27,0.0,4.0,22.0,0.0,1.0,1.0,7,7,10,0,10,0,7.7,382.0,296.0,434.0,7.7,4.0,10.38,roster,0,83.0,67.5,0.6917,56.69,4.1481,0.675,0.6744,3.0741,57.92,8.68,0.0,10.09,10.85
2024-03-29 19:00:00,19,24,24,1.0,4.0,17.0,1.0,1.0,1.0,7,7,9,0,9,0,8.283,356.0,95.0,465.0,8.233,4.0,10.38,roster,0,75.0,60.0,0.6048,50.11,3.9824,0.6,0.6744,3.125,51.48,7.81,0.0,10.81,11.625
2024-03-29 20:00:00,20,21,21,1.0,4.0,15.0,1.0,0.0,1.0,6,6,10,0,10,0,9.283,285.5,145.0,525.0,9.233,4.0,10.29,roster,0,68.0,52.5,0.5667,45.93,3.5881,0.525,0.5831,3.2381,45.04,8.68,0.0,12.21,13.125
2024-03-29 21:00:00,21,19,19,1.0,2.0,14.0,2.0,0.0,1.0,5,6,9,0,9,0,10.233,215.0,153.0,539.0,10.233,4.0,10.29,roster,0,59.0,47.5,0.4758,41.1,3.2856,0.475,0.5831,3.1053,40.75,7.81,0.0,12.53,13.475
2024-03-29 22:00:00,22,22,22,1.0,2.0,15.0,3.0,1.0,1.0,8,8,7,0,7,0,11.233,270.0,204.0,599.0,11.233,3.0,6.59,roster,0,65.0,55.0,0.6566,47.19,5.2117,0.55,1.214,2.9545,47.19,6.08,0.0,13.93,14.975
2024-03-29 23:00:00,23,27,27,1.0,2.0,23.0,1.0,0.0,1.0,17,13,8,0,8,0,12.233,301.5,264.0,659.0,12.233,3.0,6.59,roster,0,84.0,67.5,0.875,60.18,8.2372,0.675,1.9727,3.1111,57.92,6.95,0.0,15.32,16.475
2024-03-30 00:00:00,0,20,20,1.0,1.0,17.0,1.0,0.0,1.0,6,3,12,0,12,0,13.233,301.0,114.0,395.0,13.233,3.0,6.59,roster,0,62.0,50.0,0.7381,42.5,2.9612,0.5,0.4552,3.1,42.9,10.42,0.0,9.18,9.875
2024-03-30 01:00:00,1,27,27,1.0,1.0,23.0,2.0,0.0,1.0,9,8,12,0,12,0,14.233,361.0,174.0,455.0,14.233,3.0,6.59,roster,0,82.0,67.5,0.9762,58.91,5.7368,0.675,1.214,3.037,57.92,10.42,0.0,10.58,11.375
2024-03-30 02:00:00,2,23,23,1.0,1.0,20.0,1.0,0.0,1.0,3,2,12,0,12,0,15.233,421.0,234.0,515.0,15.233,3.0,6.59,roster,0,71.0,57.5,0.8452,51.73,2.7119,0.575,0.3035,3.087,49.33,10.42,0.0,11.97,12.875
2024-03-30 03:00:00,3,23,23,1.0,1.0,19.0,2.0,0.0,1.0,4,4,12,0,12,0,16.233,481.0,294.0,575.0,16.233,3.0,6.59,roster,0,70.0,57.5,0.8333,53.12,3.5973,0.575,0.607,3.0435,49.33,10.42,0.0,13.37,14.375
2024-03-30 04:00:00,4,25,25,1.0,1.0,20.0,3.0,0.0,1.0,5,5,12,0,12,0,17.233,541.0,354.0,635.0,17.233,3.0,6.59,roster,0,75.0,62.5,0.8929,58.81,4.1512,0.625,0.7587,3.0,53.62,10.42,0.0,14.76,15.875
2024-03-30 05:00:00,5,26,26,1.0,1.0,20.0,4.0,0.0,1.0,5,5,12,0,12,0,18.233,601.0,414.0,695.0,18.233,3.0,6.59,roster,0,77.0,65.0,0.9167,62.35,4.172,0.65,0.7587,2.9615,55.77,10.42,0.0,16.16,17.375
2024-03-30 06:00:00,6,23,23,1.0,1.0,19.0,2.0,0.0,1.0,0,1,14,0,14,0,19.233,568.5,431.0,750.0,19.233,3.0,6.59,roster,0,70.0,57.5,0.8974,58.93,2.2118,0.575,0.1517,3.0435,49.33,12.16,0.0,17.44,18.75
2024-03-30 07:00:00,7,26,26,1.0,1.0,22.0,2.0,0.0,1.0,6,5,14,0,14,0,20.233,628.5,491.0,810.0,20.233,3.0,6.59,roster,0,79.0,65.0,1.0128,66.76,4.2804,0.65,0.7587,3.0385,55.77,12.16,0.0,18.83,20.25
2024-03-30 08:00:00,8,32,32,1.0,2.0,24.0,5.0,0.0,1.0,10,9,14,0,14,0,21.233,688.5,551.0,870.0,21.233,3.0,6.91,roster,0,95.0,80.0,1.2179,81.02,6.2417,0.8,1.3025,2.9688,68.64,12.16,0.0,20.23,21.75
2024-03-30 09:00:00,9,31,31,1.0,2.0,25.0,3.0,0.0,1.0,6,7,16,0,16,0,22.233,640.0,274.0,873.0,22.233,3.0,6.91,roster,0,94.0,77.5,1.3056,80.69,5.4218,0.775,1.013,3.0323,66.5,13.89,0.0,20.3,21.825
2024-03-30 10:00:00,10,35,35,1.0,6.0,25.0,3.0,0.0,1.0,12,12,14,0,14,0,23.233,668.0,151.0,878.0,23.233,4.0,10.23,roster,0,110.0,87.5,1.0577,87.64,6.4366,0.875,1.173,3.1429,75.08,12.16,0.0,20.41,21.95
2024-03-30 11:00:00,11,32,32,1.0,6.0,22.0,3.0,0.0,1.0,8,9,14,0,14,0,16.4,199.0,102.0,725.0,16.4,4.0,10.23,roster,0,101.0,80.0,0.9712,77.65,5.3018,0.8,0.8798,3.1562,68.64,12.16,0.0,16.86,18.125
2024-03-30 12:00:00,12,21,21,1.0,6.0,12.0,2.0,0.0,1.0,3,3,11,0,11,0,17.217,145.0,82.0,422.0,13.183,4.0,10.23,roster,0,69.0,52.5,0.5948,44.41,2.6886,0.525,0.2933,3.2857,45.04,9.55,0.0,9.81,10.55
2024-03-30 13:00:00,13,27,27,1.0,7.0,17.0,2.0,0.0,1.0,9,9,11,0,11,0,18.217,184.0,137.0,224.0,14.183,4.0,10.23,roster,0,88.0,67.5,0.7586,52.67,5.0674,0.675,0.8798,3.2593,57.92,9.55,0.0,5.21,5.6
2024-03-30 14:00:00,14,32,32,1.0,6.0,24.0,1.0,0.0,1.0,15,16,9,1,10,1,19.217,190.5,97.0,244.0,4.733,4.0,10.23,roster,0,103.0,80.0,0.8583,76.4,7.6092,0.8,1.564,3.2188,68.64,8.68,13.4,5.67,6.1
2024-03-30 15:00:00,15,26,26,1.0,6.0,18.0,1.0,0.0,1.0,8,7,5,1,6,1,20.217,280.5,132.0,342.0,5.733,4.0,10.23,roster,0,85.0,65.0,0.625,62.33,4.362,0.65,0.6843,3.2692,55.77,5.21,13.4,7.95,8.55
2024-03-30 16:00:00,16,26,26,1.0,9.0,15.0,1.0,0.0,1.0,9,9,5,0,5,0,21.217,317.0,161.0,402.0,6.733,4.0,10.23,roster,0,88.0,65.0,0.6286,49.46,5.1777,0.65,0.8798,3.3846,55.77,4.34,0.0,9.35,10.05
2024-03-30 17:00:00,17,23,23,2.0,7.0,14.0,0.0,0.0,1.0,9,6,6,2,8,2,22.217,197.0,98.0,462.0,7.733,4.0,10.23,roster,0,80.0,57.5,0.625,73.82,4.04,0.575,0.5865,3.4783,49.33,6.95,26.8,10.74,11.55
2024-03-30 18:00:00,18,26,26,1.0,5.0,19.0,1.0,0.0,1.0,11,10,5,1,6,1,23.217,335.0,158.0,522.0,8.733,4.0,10.23,roster,0,84.0,65.0,0.6176,66.52,5.2581,0.65,0.9775,3.2308,55.77,5.21,13.4,12.14,13.05
2024-03-30 19:00:00,19,24,24,1.0,5.0,16.0,2.0,0.0,1.0,9,8,5,1,6,1,24.217,395.0,218.0,582.0,9.733,4.0,10.23,roster,0,77.0,60.0,0.5662,63.62,4.434,0.6,0.782,3.2083,51.48,5.21,13.4,13.53,14.55
2024-03-30 20:00:00,20,24,24,1.0,5.0,18.0,0.0,0.0,1.0,12,11,6,0,6,0,25.217,366.5,85.0,642.0,10.733,4.0,9.91,roster,0,79.0,60.0,0.5809,51.62,5.6287,0.6,1.11,3.2917,51.48,5.21,0.0,14.93,16.05
2024-03-30 21:00:00,21,26,26,1.0,5.0,20.0,0.0,0.0,1.0,13,11,6,0,6,0,26.217,381.0,130.0,702.0,11.733,4.0,9.91,roster,0,85.0,65.0,0.625,57.3,5.7538,0.65,1.11,3.2692,55.77,5.21,0.0,16.32,17.55
2024-03-30 22:00:00,22,24,24,1.0,3.0,20.0,0.0,0.0,1.0,7,7,9,0,9,0,27.217,190.0,94.0,677.0,12.733,3.0,6.59,roster,0,77.0,60.0,0.828,55.04,5.3329,0.6,1.0622,3.2083,51.48,7.81,0.0,15.74,16.925
2024-03-30 23:00:00,23,22,22,1.0,3.0,18.0,0.0,0.0,1.0,10,8,9,0,9,0,28.217,250.0,154.0,737.0,13.733,3.0,6.59,roster,0,71.0,55.0,0.7634,52.14,5.6928,0.55,1.214,3.2273,47.19,7.81,0.0,17.14,18.425
2024-03-31 00:00:00,0,24,24,1.0,3.0,20.0,0.0,0.0,1.0,9,6,10,0,10,0,29.217,304.0,195.0,797.0,14.733,3.0,6.59,roster,0,77.0,60.0,0.8556,58.69,4.8461,0.6,0.9105,3.2083,51.48,8.68,0.0,18.53,19.925
2024-03-31 01:00:00,1,25,25,1.0,3.0,18.0,3.0,0.0,1.0,8,7,12,0,12,0,30.217,316.0,235.0,857.0,15.733,3.0,6.59,roster,0,77.0,62.5,0.9167,63.97,5.1966,0.625,1.0622,3.08,53.62,10.42,0.0,19.93,21.425
2024-03-31 02:00:00,2,23,23,1.0,3.0,16.0,3.0,0.0,1.0,5,6,11,0,11,0,31.217,418.0,295.0,917.0,16.733,3.0,6.59,roster,0,71.0,57.5,0.8161,60.21,4.5856,0.575,0.9105,3.087,49.33,9.55,0.0,21.32,22.925
2024-03-31 03:00:00,3,25,25,1.0,3.0,18.0,3.0,0.0,1.0,6,6,12,0,12,0,32.217,436.0,355.0,977.0,17.733,3.0,6.59,roster,0,77.0,62.5,0.9167,66.76,4.7292,0.625,0.9105,3.08,53.62,10.42,0.0,22.72,24.425
2024-03-31 04:00:00,4,23,23,1.0,5.0,14.0,3.0,0.0,1.0,3,3,13,0,13,0,33.217,454.0,312.0,565.0,18.733,3.0,6.59,roster,0,73.0,57.5,0.9012,53.76,3.2699,0.575,0.4552,3.1739,49.33,11.29,0.0,13.14,14.125
2024-03-31 05:00:00,5,22,22,1.0,5.0,13.0,3.0,0.0,1.0,2,2,14,0,14,0,34.217,504.5,353.0,625.0,19.733,3.0,6.59,roster,0,70.0,55.0,0.8974,53.88,2.7157,0.55,0.3035,3.1818,47.19,12.16,0.0,14.53,15.625
2024-03-31 06:00:00,6,23,23,1.0,7.0,14.0,1.0,0.0,1.0,4,4,14,0,14,0,35.217,564.5,413.0,685.0,20.733,3.0,6.59,roster,0,77.0,57.5,0.9872,57.42,3.9571,0.575,0.607,3.3478,49.33,12.16,0.0,15.93,17.125
2024-03-31 07:00:00,7,22,22,1.0,8.0,13.0,0.0,0.0,1.0,1,1,15,1,16,1,36.217,605.0,348.0,745.0,21.733,3.0,6.59,roster,0,76.0,55.0,1.0556,71.8,2.4242,0.55,0.1517,3.4545,47.19,13.89,13.4,17.32,18.625
2024-03-31 08:00:00,8,21,21,1.0,6.0,13.0,1.0,0.0,1.0,2,2,15,0,15,0,37.217,675.0,408.0,805.0,22.733,3.0,7.78,roster,0,70.0,52.5,0.9333,56.79,2.6069,0.525,0.2571,3.3333,45.04,13.02,0.0,18.72,20.125
2024-03-31 09:00:00,9,23,23,1.0,5.0,15.0,2.0,0.0,1.0,7,7,12,0,12,0,38.217,796.0,715.0,1337.0,23.733,3.0,7.78,roster,0,74.0,57.5,0.881,70.84,4.7448,0.575,0.8997,3.2174,49.33,10.42,0.0,31.09,33.425
2024-03-31 10:00:00,10,22,22,1.0,4.0,15.0,2.0,0.0,1.0,7,7,9,1,10,1,39.217,794.5,456.0,1397.0,24.733,4.0,11.03,roster,0,70.0,55.0,0.5833,81.75,3.7693,0.55,0.6346,3.1818,47.19,8.68,13.4,32.48,34.925
2024-03-31 11:00:00,11,24,24,0.0,4.0,19.0,1.0,0.0,1.0,10,10,7,2,9,2,25.733,732.0,125.0,1457.0,25.733,4.0,11.03,roster,0,75.0,60.0,0.6048,99.97,4.7082,0.6,0.9066,3.125,51.48,7.81,26.8,33.88,36.425
2024-03-31 12:00:00,12,25,25,0.0,4.0,20.0,1.0,0.0,1.0,11,9,10,0,10,0,26.733,684.0,99.0,1517.0,26.733,4.0,11.03,roster,0,78.0,62.5,0.65,77.58,4.4958,0.625,0.816,3.12,53.62,8.68,0.0,35.27,37.925
2024-03-31 13:00:00,13,23,23,0.0,5.0,18.0,0.0,0.0,1.0,3,4,12,0,12,0,27.733,404.0,149.0,1577.0,27.733,4.0,11.03,roster,0,74.0,57.5,0.6607,76.42,3.0168,0.575,0.3626,3.2174,49.33,10.42,0.0,36.67,39.425
2024-03-31 14:00:00,14,27,27,0.0,6.0,21.0,0.0,0.0,1.0,12,10,12,0,12,0,28.733,214.0,163.0,1637.0,28.733,4.0,11.03,roster,0,87.0,67.5,0.7768,86.39,5.0963,0.675,0.9066,3.2222,57.92,10.42,0.0,38.06,40.925
2024-03-31 15:00:00,15,30,30,1.0,9.0,18.0,2.0,0.0,1.0,12,12,14,0,14,0,29.733,257.5,141.0,1075.0,29.733,4.0,11.03,roster,0,99.0,75.0,0.9519,81.5,6.0652,0.75,1.0879,3.3,64.35,12.16,0.0,24.99,26.875
2024-03-31 16:00:00,16,41,41,1.0,10.0,24.0,6.0,0.0,1.0,21,18,16,1,17,1,30.733,201.0,103.0,1032.0,30.733,4.0,11.03,roster,0,129.0,102.5,1.4022,120.1,8.3596,1.025,1.6319,3.1463,87.94,14.76,13.4,23.99,25.8
2024-03-31 17:00:00,17,41,41,1.0,10.0,21.0,8.0,1.0,1.0,9,9,20,1,21,1,31.733,204.0,126.0,399.0,31.733,4.0,11.03,roster,0,125.0,102.5,1.6447,108.86,5.6127,1.025,0.816,3.0488,87.94,18.23,13.4,9.28,9.975
2024-03-31 18:00:00,18,42,42,2.0,10.0,21.0,8.0,1.0,1.0,11,10,19,1,20,1,32.733,253.0,186.0,1152.0,32.733,4.0,11.03,roster,0,130.0,105.0,1.625,127.64,6.0562,1.05,0.9066,3.0952,90.09,17.37,13.4,26.78,28.8
2024-03-31 19:00:00,19,38,38,1.0,10.0,17.0,7.0,3.0,1.0,12,8,17,0,17,0,33.733,349.0,246.0,1212.0,33.733,4.0,11.03,roster,0,113.0,95.0,1.2283,104.45,4.9818,0.95,0.7253,2.9737,81.51,14.76,0.0,28.18,30.3
2024-03-31 20:00:00,20,41,41,2.0,9.0,18.0,8.0,4.0,1.0,13,12,19,1,20,1,34.733,373.0,292.0,1272.0,34.733,4.0,9.6,roster,0,120.0,102.5,1.5,128.29,6.6585,1.025,1.25,2.9268,87.94,17.37,13.4,29.57,31.8
2024-03-31 21:00:00,21,48,48,1.0,9.0,24.0,11.0,3.0,1.0,16,15,19,1,20,1,35.733,433.0,352.0,1332.0,35.733,4.0,9.6,roster,0,138.0,120.0,1.725,144.7,7.9422,1.2,1.5625,2.875,102.96,17.37,13.4,30.97,33.3
2024-03-31 22:00:00,22,44,44,1.0,9.0,27.0,5.0,2.0,1.0,11,11,21,2,23,2,36.733,441.0,189.0,699.0,36.733,3.0,6.35,roster,0,134.0,110.0,2.6275,137.4,8.6256,1.1,1.7323,3.0455,94.38,19.97,26.8,16.25,17.475
2024-03-31 23:00:00,23,37,37,1.0,9.0,21.0,5.0,1.0,1.0,9,8,22,1,23,1,37.733,501.0,249.0,759.0,37.733,3.0,6.35,roster,0,115.0,92.5,2.2549,110.38,6.7907,0.925,1.2598,3.1081,79.36,19.97,13.4,17.65,18.975
