ts,hour,total,census,l1,l2,l3,l4,l5,tri_coverage,arrivals,arrival_present_1h,waitBed,waitICU,D_board,resus,maxLOS_h,awt_curr_min,board_q1_min,board_q3_min,board_max_h,Na,cap_sum,cap_source,src_gap,acuity,OCCUPANCY,EDWIN,NEDOCS,READI,READI_BR,READI_PR,READI_AR,NEDOCS_t_total,NEDOCS_t_board,NEDOCS_t_resus,NEDOCS_t_longest_admit,NEDOCS_E_h
2025-01-01 00:00:00,0,36,36,2.0,5.0,26.0,3.0,0.0,1.0,6,6,20,1,21,1,15.517,267.0,198.0,563.0,15.517,3.0,6.8,roster,0,114.0,90.0,2.0,101.94,5.6441,0.9,0.8824,3.1667,77.22,18.23,13.4,13.09,14.075
2025-01-01 01:00:00,1,33,33,2.0,5.0,25.0,1.0,0.0,1.0,3,2,20,1,21,1,16.517,327.0,258.0,623.0,16.517,3.0,6.8,roster,0,107.0,82.5,1.8772,96.9,3.6287,0.825,0.2941,3.2424,70.78,18.23,13.4,14.48,15.575
2025-01-01 02:00:00,2,32,32,1.0,6.0,24.0,1.0,0.0,1.0,4,4,19,0,19,0,17.517,405.0,318.0,803.0,17.517,3.0,6.8,roster,0,103.0,80.0,1.6349,83.81,4.4684,0.8,0.5882,3.2188,68.64,16.5,0.0,18.67,20.075
2025-01-01 03:00:00,3,34,34,1.0,6.0,26.0,1.0,0.0,1.0,3,3,19,0,19,0,18.517,465.0,378.0,863.0,18.517,3.0,6.8,roster,0,109.0,85.0,1.7302,89.49,4.1394,0.85,0.4412,3.2059,72.93,16.5,0.0,20.06,21.575
2025-01-01 04:00:00,4,33,33,1.0,6.0,25.0,1.0,0.0,1.0,4,3,19,0,19,0,19.517,525.0,438.0,923.0,19.517,3.0,6.8,roster,0,106.0,82.5,1.6825,88.74,4.0671,0.825,0.4412,3.2121,70.78,16.5,0.0,21.46,23.075
2025-01-01 05:00:00,5,31,31,1.0,6.0,23.0,1.0,0.0,1.0,3,3,19,0,19,0,20.517,585.0,498.0,983.0,20.517,3.0,6.8,roster,0,100.0,77.5,1.5873,85.85,3.9231,0.775,0.4412,3.2258,66.5,16.5,0.0,22.85,24.575
2025-01-01 06:00:00,6,32,32,1.0,6.0,24.0,1.0,0.0,1.0,2,2,20,0,20,0,21.517,636.0,558.0,1043.0,21.517,3.0,6.8,roster,0,103.0,80.0,1.7167,90.26,3.5217,0.8,0.2941,3.2188,68.64,17.37,0.0,24.25,26.075
2025-01-01 07:00:00,7,29,29,1.0,6.0,21.0,1.0,0.0,1.0,1,0,20,0,20,0,22.517,696.0,618.0,1103.0,22.517,3.0,6.8,roster,0,94.0,72.5,1.5667,85.22,2.35,0.725,0.0,3.2414,62.2,17.37,0.0,25.64,27.575
2025-01-01 08:00:00,8,34,34,1.0,6.0,26.0,1.0,0.0,1.0,6,6,20,0,20,0,23.517,756.0,678.0,1163.0,23.517,3.0,7.74,roster,0,109.0,85.0,1.8167,97.34,5.2102,0.85,0.7752,3.2059,72.93,17.37,0.0,27.04,29.075
2025-01-01 09:00:00,9,37,37,1.0,6.0,28.0,2.0,0.0,1.0,5,5,21,0,21,0,24.517,807.0,717.0,1103.0,24.517,3.0,7.74,roster,0,117.0,92.5,2.0526,103.24,4.9677,0.925,0.646,3.1622,79.36,18.23,0.0,25.64,27.575
2025-01-01 10:00:00,10,36,36,1.0,6.0,28.0,1.0,0.0,1.0,8,7,19,0,19,0,25.517,825.0,701.0,1093.0,25.517,4.0,11.44,roster,0,115.0,90.0,1.369,99.13,4.8296,0.9,0.6119,3.1944,77.22,16.5,0.0,25.41,27.325
2025-01-01 11:00:00,11,33,33,1.0,7.0,24.0,1.0,0.0,1.0,9,8,16,0,16,0,26.517,880.0,752.0,1153.0,26.517,4.0,11.44,roster,0,107.0,82.5,1.1146,91.49,4.9424,0.825,0.6993,3.2424,70.78,13.89,0.0,26.81,28.825
2025-01-01 12:00:00,12,32,32,1.0,5.0,25.0,1.0,0.0,1.0,10,9,13,1,14,1,26.633,621.0,135.0,945.0,26.633,4.0,11.44,roster,0,102.0,80.0,0.9808,96.17,5.0576,0.8,0.7867,3.1875,68.64,12.16,13.4,21.97,23.625
2025-01-01 13:00:00,13,33,33,1.0,6.0,25.0,1.0,0.0,1.0,11,10,15,1,16,1,27.633,285.0,153.0,995.0,27.633,4.0,11.44,roster,0,106.0,82.5,1.1042,101.21,5.4578,0.825,0.8741,3.2121,70.78,13.89,13.4,23.13,24.875
2025-01-01 14:00:00,14,38,38,1.0,4.0,29.0,4.0,0.0,1.0,15,14,12,0,12,0,22.217,265.0,213.0,941.0,22.217,4.0,11.44,roster,0,116.0,95.0,1.0357,93.81,6.6357,0.95,1.2238,3.0526,81.51,10.42,0.0,21.88,23.525
2025-01-01 15:00:00,15,34,34,1.0,6.0,25.0,2.0,0.0,1.0,13,10,12,0,12,0,23.217,325.0,193.0,1001.0,23.217,4.0,11.44,roster,0,108.0,85.0,0.9643,86.62,5.4766,0.85,0.8741,3.1765,72.93,10.42,0.0,23.27,25.025
2025-01-01 16:00:00,16,34,34,1.0,6.0,26.0,1.0,0.0,1.0,9,9,10,0,10,0,22.4,385.0,239.0,670.0,19.583,4.0,11.44,roster,0,109.0,85.0,0.9083,77.19,5.2471,0.85,0.7867,3.2059,72.93,8.68,0.0,15.58,16.75
2025-01-01 17:00:00,17,35,35,1.0,4.0,29.0,1.0,0.0,1.0,11,11,10,0,10,0,23.4,445.0,299.0,730.0,20.583,4.0,11.44,roster,0,110.0,87.5,0.9167,80.73,5.772,0.875,0.9615,3.1429,75.08,8.68,0.0,16.97,18.25
2025-01-01 18:00:00,18,31,31,1.0,5.0,24.0,1.0,0.0,1.0,7,6,13,0,13,0,24.4,453.0,164.0,655.0,21.583,4.0,11.44,roster,0,99.0,77.5,0.9167,73.01,4.1499,0.775,0.5245,3.1935,66.5,11.29,0.0,15.23,16.375
2025-01-01 19:00:00,19,37,37,0.0,5.0,31.0,1.0,0.0,1.0,13,13,14,0,14,0,25.4,466.0,155.0,715.0,22.583,4.0,11.44,roster,0,115.0,92.5,1.1058,88.15,6.4069,0.925,1.1364,3.1081,79.36,12.16,0.0,16.62,17.875
2025-01-01 20:00:00,20,45,45,1.0,6.0,37.0,1.0,0.0,1.0,11,11,18,0,18,0,26.4,316.0,124.0,635.0,23.583,4.0,10.08,roster,0,142.0,112.5,1.6136,106.92,6.9936,1.125,1.0913,3.1556,96.52,15.63,0.0,14.76,15.875
2025-01-01 21:00:00,21,47,47,1.0,7.0,38.0,1.0,0.0,1.0,13,13,21,1,22,1,27.4,272.5,156.0,675.0,24.583,4.0,10.08,roster,0,149.0,117.5,2.0694,129.01,7.8136,1.175,1.2897,3.1702,100.82,19.1,13.4,15.69,16.875
2025-01-01 22:00:00,22,44,44,2.0,6.0,35.0,1.0,0.0,1.0,9,7,24,1,25,1,28.4,250.0,175.0,693.0,25.583,3.0,6.38,roster,0,141.0,110.0,3.1333,125.6,7.041,1.1,1.0972,3.2045,94.38,21.71,13.4,16.11,17.325
2025-01-01 23:00:00,23,47,47,2.0,8.0,36.0,1.0,0.0,1.0,8,8,26,1,27,1,29.4,304.0,217.0,753.0,26.583,3.0,6.38,roster,0,152.0,117.5,3.8974,135.17,7.8552,1.175,1.2539,3.234,100.82,23.44,13.4,17.51,18.825
2025-01-02 00:00:00,0,42,42,1.0,8.0,30.0,3.0,0.0,1.0,6,6,27,1,28,1,30.4,357.5,277.0,813.0,27.583,3.0,6.38,roster,0,133.0,105.0,3.6944,126.7,6.3031,1.05,0.9404,3.1667,90.09,24.31,13.4,18.9,20.325
2025-01-02 01:00:00,1,40,40,1.0,8.0,29.0,2.0,0.0,1.0,2,2,28,1,29,1,31.4,411.0,299.0,779.0,28.583,3.0,6.38,roster,0,128.0,100.0,3.8788,122.49,4.2031,1.0,0.3135,3.2,85.8,25.18,13.4,18.11,19.475
2025-01-02 02:00:00,2,38,38,1.0,8.0,28.0,1.0,0.0,1.0,4,4,28,1,29,1,32.4,471.0,359.0,839.0,29.583,3.0,6.38,roster,0,123.0,95.0,3.7273,119.6,5.1044,0.95,0.627,3.2368,81.51,25.18,13.4,19.51,20.975
2025-01-02 03:00:00,3,38,38,1.0,8.0,29.0,0.0,0.0,1.0,4,4,28,2,30,2,33.4,527.5,399.0,899.0,30.583,3.0,6.38,roster,0,124.0,95.0,4.1333,135.26,5.1459,0.95,0.627,3.2632,81.51,26.05,26.8,20.9,22.475
2025-01-02 04:00:00,4,38,38,1.0,9.0,28.0,0.0,0.0,1.0,3,3,28,2,30,2,34.4,587.5,459.0,959.0,31.583,3.0,6.38,roster,0,125.0,95.0,4.1667,136.66,4.6718,0.95,0.4702,3.2895,81.51,26.05,26.8,22.3,23.975
2025-01-02 05:00:00,5,35,35,1.0,9.0,25.0,0.0,0.0,1.0,0,0,29,2,31,2,35.4,644.0,495.0,1019.0,32.583,3.0,6.38,roster,0,116.0,87.5,4.2963,132.48,2.9,0.875,0.0,3.3143,75.08,26.92,26.8,23.69,25.475
2025-01-02 06:00:00,6,36,36,1.0,10.0,25.0,0.0,0.0,1.0,1,1,29,2,31,2,36.4,704.0,555.0,1079.0,33.583,3.0,6.38,roster,0,120.0,90.0,4.4444,136.02,3.5225,0.9,0.1567,3.3333,77.22,26.92,26.8,25.09,26.975
2025-01-02 07:00:00,7,40,40,1.0,10.0,29.0,0.0,0.0,1.0,5,5,30,2,32,2,37.4,760.0,615.0,1139.0,34.583,3.0,6.38,roster,0,132.0,100.0,5.5,146.87,5.8862,1.0,0.7837,3.3,85.8,27.79,26.8,26.48,28.475
2025-01-02 08:00:00,8,37,37,1.0,10.0,25.0,1.0,0.0,1.0,2,2,30,2,32,2,38.4,820.0,675.0,1199.0,35.583,3.0,7.03,roster,0,122.0,92.5,5.0833,141.83,3.9881,0.925,0.2845,3.2973,79.36,27.79,26.8,27.88,29.975
2025-01-02 09:00:00,9,37,37,1.0,10.0,25.0,1.0,0.0,1.0,2,2,29,2,31,2,39.4,876.0,714.0,1259.0,36.583,3.0,7.03,roster,0,122.0,92.5,4.5185,142.35,3.9881,0.925,0.2845,3.2973,79.36,26.92,26.8,29.27,31.475
2025-01-02 10:00:00,10,40,40,1.0,10.0,28.0,1.0,0.0,1.0,6,6,30,1,31,1,40.4,936.0,774.0,1319.0,37.583,4.0,10.35,roster,0,131.0,100.0,3.6389,136.78,5.1736,1.0,0.5797,3.275,85.8,26.92,13.4,30.67,32.975
2025-01-02 11:00:00,11,48,48,1.0,13.0,32.0,2.0,0.0,1.0,14,14,29,1,30,1,41.4,975.5,678.0,1379.0,38.583,4.0,10.35,roster,0,157.0,120.0,3.925,154.47,8.3493,1.2,1.3527,3.2708,102.96,26.05,13.4,32.06,34.475
2025-01-02 12:00:00,12,54,54,2.0,13.0,36.0,3.0,0.0,1.0,11,11,30,1,31,1,42.4,939.0,412.0,1363.0,39.583,4.0,10.35,roster,0,176.0,135.0,4.8889,167.84,7.8639,1.35,1.0628,3.2593,115.83,26.92,13.4,31.69,34.075
2025-01-02 13:00:00,13,57,57,2.0,14.0,38.0,3.0,0.0,1.0,9,9,32,1,33,1,43.4,975.0,216.0,1249.0,40.583,4.0,10.35,roster,0,186.0,142.5,6.6429,173.36,7.4875,1.425,0.8696,3.2632,122.26,28.65,13.4,29.04,31.225
2025-01-02 14:00:00,14,50,50,3.0,15.0,31.0,1.0,0.0,1.0,9,10,31,1,32,1,44.4,896.5,209.0,1295.0,41.583,4.0,10.35,roster,0,170.0,125.0,5.3125,158.54,7.535,1.25,0.9662,3.4,107.25,27.79,13.4,30.11,32.375
2025-01-02 15:00:00,15,50,50,3.0,15.0,31.0,1.0,0.0,1.0,7,7,28,2,30,2,45.4,747.0,233.0,1139.0,42.583,4.0,10.35,roster,0,170.0,125.0,4.25,166.58,6.5495,1.25,0.6763,3.4,107.25,26.05,26.8,26.48,28.475
2025-01-02 16:00:00,16,43,43,3.0,12.0,28.0,0.0,0.0,1.0,4,4,26,3,29,3,46.4,652.0,287.0,1155.0,35.167,4.0,10.35,roster,0,147.0,107.5,3.3409,164.47,4.9962,1.075,0.3865,3.4186,92.24,25.18,40.2,26.85,28.875
2025-01-02 17:00:00,17,44,44,3.0,12.0,27.0,2.0,0.0,1.0,7,7,28,3,31,3,47.4,456.0,325.0,1215.0,36.167,4.0,10.35,roster,0,148.0,110.0,4.1111,169.75,5.9749,1.1,0.6763,3.3636,94.38,26.92,40.2,28.25,30.375
2025-01-02 18:00:00,18,49,49,4.0,12.0,29.0,4.0,0.0,1.0,12,10,29,3,32,3,48.4,506.5,385.0,1275.0,37.167,4.0,10.35,roster,0,163.0,122.5,5.0938,182.73,7.289,1.225,0.9662,3.3265,105.1,27.79,40.2,29.64,31.875
2025-01-02 19:00:00,19,40,40,2.0,12.0,26.0,0.0,0.0,1.0,5,4,29,2,31,2,49.4,576.0,376.0,1335.0,38.167,4.0,10.35,roster,0,136.0,100.0,3.7778,150.56,4.714,1.0,0.3865,3.4,85.8,26.92,26.8,31.04,33.375
2025-01-02 20:00:00,20,43,43,2.0,13.0,26.0,2.0,0.0,1.0,11,10,26,2,28,2,50.4,764.0,505.0,1395.0,39.167,4.0,10.75,roster,0,144.0,107.5,3.0,155.78,6.7152,1.075,0.9302,3.3488,92.24,24.31,26.8,32.43,34.875
2025-01-02 21:00:00,21,43,43,3.0,13.0,24.0,3.0,0.0,1.0,7,6,27,2,29,2,51.4,696.0,492.0,1434.0,40.167,4.0,10.75,roster,0,145.0,107.5,3.2955,157.56,5.5071,1.075,0.5581,3.3721,92.24,25.18,26.8,33.34,35.85
2025-01-02 22:00:00,22,41,41,2.0,12.0,23.0,4.0,0.0,1.0,7,7,21,3,24,3,52.4,746.5,552.0,1515.0,41.167,3.0,7.43,roster,0,135.0,102.5,2.8125,164.21,6.4771,1.025,0.9421,3.2927,87.94,20.84,40.2,35.22,37.875
2025-01-02 23:00:00,23,35,35,3.0,10.0,17.0,5.0,0.0,1.0,10,9,16,2,18,2,53.4,710.0,469.0,1544.0,34.983,3.0,7.43,roster,0,116.0,87.5,1.7576,133.4,6.9146,0.875,1.2113,3.3143,75.08,15.63,26.8,35.9,38.6
2025-01-03 00:00:00,0,31,31,2.0,9.0,18.0,2.0,0.0,1.0,5,4,18,2,20,2,54.4,710.5,268.0,1604.0,35.983,3.0,7.43,roster,0,104.0,77.5,1.7333,127.95,4.4061,0.775,0.5384,3.3548,66.5,17.37,26.8,37.29,40.1
2025-01-03 01:00:00,1,27,27,2.0,9.0,15.0,1.0,0.0,1.0,2,2,18,2,20,2,55.4,770.5,328.0,1664.0,36.983,3.0,7.43,roster,0,93.0,67.5,1.55,120.77,3.2522,0.675,0.2692,3.4444,57.92,17.37,26.8,38.69,41.6
2025-01-03 02:00:00,2,30,30,2.0,9.0,18.0,1.0,0.0,1.0,5,5,18,2,20,2,56.4,830.5,388.0,1724.0,37.983,3.0,7.43,roster,0,102.0,75.0,1.7,128.6,4.838,0.75,0.6729,3.4,64.35,17.37,26.8,40.08,43.1
2025-01-03 03:00:00,3,29,29,2.0,10.0,17.0,0.0,0.0,1.0,5,5,18,2,20,2,57.4,890.5,448.0,1784.0,38.983,3.0,7.43,roster,0,101.0,72.5,1.6833,127.85,4.8687,0.725,0.6729,3.4828,62.2,17.37,26.8,41.48,44.6
2025-01-03 04:00:00,4,32,32,3.0,10.0,19.0,0.0,0.0,1.0,5,4,18,2,20,2,58.4,950.5,508.0,1844.0,39.983,3.0,7.43,roster,0,112.0,80.0,1.8667,135.68,4.6843,0.8,0.5384,3.5,68.64,17.37,26.8,42.87,46.1
2025-01-03 05:00:00,5,30,30,3.0,10.0,17.0,0.0,0.0,1.0,1,1,18,2,20,2,59.4,1010.5,568.0,1904.0,40.983,3.0,7.43,roster,0,106.0,75.0,1.7667,132.78,3.1255,0.75,0.1346,3.5333,64.35,17.37,26.8,44.27,47.6
2025-01-03 06:00:00,6,28,28,3.0,9.0,16.0,0.0,0.0,1.0,2,2,18,2,20,2,60.4,1070.5,628.0,1964.0,41.983,3.0,7.43,roster,0,99.0,70.0,1.65,129.89,3.4267,0.7,0.2692,3.5357,60.06,17.37,26.8,45.66,49.1
2025-01-03 07:00:00,7,26,26,2.0,10.0,14.0,0.0,0.0,1.0,1,1,18,1,19,1,61.4,1165.0,688.0,2024.0,42.983,3.0,7.43,roster,0,92.0,65.0,1.4603,112.73,2.7762,0.65,0.1346,3.5385,55.77,16.5,13.4,47.06,50.6
2025-01-03 08:00:00,8,27,27,2.0,10.0,15.0,0.0,0.0,1.0,2,2,19,1,20,1,62.4,1190.5,748.0,2084.0,43.983,3.0,6.59,roster,0,95.0,67.5,1.5833,117.13,3.4428,0.675,0.3035,3.5185,57.92,17.37,13.4,48.45,52.1
2025-01-03 09:00:00,9,31,31,3.0,10.0,15.0,3.0,0.0,1.0,11,7,18,1,19,1,63.4,1216.0,681.0,1672.0,44.983,3.0,6.59,roster,0,106.0,77.5,1.6825,115.27,6.2821,0.775,1.0622,3.4194,66.5,16.5,13.4,38.87,41.8
2025-01-03 10:00:00,10,42,42,2.0,10.0,28.0,2.0,0.0,1.0,15,15,17,1,18,1,64.4,1310.5,868.0,1732.0,45.983,4.0,9.84,roster,0,138.0,105.0,1.5682,139.39,8.4587,1.05,1.5244,3.2857,90.09,15.63,13.4,40.27,43.3
2025-01-03 11:00:00,11,47,47,2.0,11.0,33.0,1.0,0.0,1.0,13,12,18,2,20,2,65.4,1279.0,746.0,1536.0,46.983,4.0,9.84,roster,0,155.0,117.5,1.9375,160.69,7.8968,1.175,1.2195,3.2979,100.82,17.37,26.8,35.71,38.4
2025-01-03 12:00:00,12,52,52,1.0,11.0,37.0,3.0,0.0,1.0,15,14,23,2,25,2,66.4,861.0,140.0,1515.0,47.983,4.0,9.84,roster,0,166.0,130.0,2.7667,175.27,8.6919,1.3,1.4228,3.1923,111.54,21.71,26.8,35.22,37.875
2025-01-03 13:00:00,13,50,50,1.0,10.0,38.0,1.0,0.0,1.0,5,4,28,2,30,2,67.4,269.0,128.0,1452.0,48.983,4.0,9.84,roster,0,161.0,125.0,4.025,173.86,5.3339,1.25,0.4065,3.22,107.25,26.05,26.8,33.76,36.3
2025-01-03 14:00:00,14,41,41,0.0,6.0,33.0,2.0,0.0,1.0,4,4,22,0,22,0,68.4,245.0,169.0,981.0,49.983,4.0,9.84,roster,0,127.0,102.5,1.7639,109.86,4.4342,1.025,0.4065,3.0976,87.94,19.1,0.0,22.81,24.525
2025-01-03 15:00:00,15,40,40,0.0,7.0,29.0,4.0,0.0,1.0,9,8,22,0,22,0,50.983,283.0,217.0,537.0,50.983,4.0,9.84,roster,0,123.0,100.0,1.7083,97.39,5.575,1.0,0.813,3.075,85.8,19.1,0.0,12.49,13.425
2025-01-03 16:00:00,16,39,39,0.0,5.0,29.0,5.0,0.0,1.0,11,11,18,0,18,0,51.983,294.5,268.0,380.0,51.983,4.0,9.84,roster,0,117.0,97.5,1.3295,88.12,6.2787,0.975,1.1179,3.0,83.66,15.63,0.0,8.84,9.5
2025-01-03 17:00:00,17,43,43,0.0,5.0,33.0,5.0,0.0,1.0,9,10,21,1,22,1,52.983,341.0,198.0,405.0,52.983,4.0,9.84,roster,0,129.0,107.5,1.7917,114.15,6.2738,1.075,1.0163,3.0,92.24,19.1,13.4,9.42,10.125
2025-01-03 18:00:00,18,42,42,0.0,5.0,32.0,5.0,0.0,1.0,8,8,24,1,25,1,53.983,388.0,156.0,428.0,53.983,4.0,9.84,roster,0,126.0,105.0,2.1,115.15,5.589,1.05,0.813,3.0,90.09,21.71,13.4,9.95,10.7
2025-01-03 19:00:00,19,38,38,0.0,3.0,32.0,3.0,0.0,1.0,9,8,22,0,22,0,54.983,426.5,180.0,480.0,54.983,4.0,9.84,roster,0,114.0,95.0,1.5833,91.77,5.289,0.95,0.813,3.0,81.51,19.1,0.0,11.16,12.0
2025-01-03 20:00:00,20,36,36,1.0,1.0,31.0,2.0,1.0,1.0,10,9,20,0,20,0,10.733,421.5,240.0,529.0,10.733,4.0,10.58,roster,0,107.0,90.0,1.3375,86.89,5.2034,0.9,0.8507,2.9722,77.22,17.37,0.0,12.3,13.225
2025-01-03 21:00:00,21,40,40,1.0,1.0,36.0,1.0,1.0,1.0,9,8,22,0,22,0,11.733,413.0,263.0,585.0,11.733,4.0,10.58,roster,0,120.0,100.0,1.6667,98.5,5.2684,1.0,0.7561,3.0,85.8,19.1,0.0,13.6,14.625
2025-01-03 22:00:00,22,35,35,1.0,2.0,31.0,1.0,0.0,1.0,5,5,21,0,21,0,12.733,448.0,323.0,645.0,12.733,3.0,7.33,roster,0,108.0,87.5,1.8947,88.31,4.8049,0.875,0.6821,3.0857,75.08,18.23,0.0,15.0,16.125
2025-01-03 23:00:00,23,34,34,1.0,4.0,27.0,2.0,0.0,1.0,7,6,21,1,22,1,13.733,482.0,371.0,705.0,13.733,3.0,7.33,roster,0,106.0,85.0,1.963,101.82,5.202,0.85,0.8186,3.1176,72.93,19.1,13.4,16.39,17.625
2025-01-04 00:00:00,0,33,33,1.0,4.0,25.0,3.0,0.0,1.0,8,5,22,1,23,1,14.733,516.0,288.0,765.0,14.733,3.0,7.33,roster,0,102.0,82.5,2.0,101.94,4.6584,0.825,0.6821,3.0909,70.78,19.97,13.4,17.79,19.125
2025-01-04 01:00:00,1,36,36,1.0,5.0,27.0,3.0,0.0,1.0,6,6,23,1,24,1,15.733,568.5,348.0,825.0,15.733,3.0,7.33,roster,0,112.0,90.0,2.3333,110.64,5.3466,0.9,0.8186,3.1111,77.22,20.84,13.4,19.18,20.625
2025-01-04 02:00:00,2,30,30,1.0,3.0,23.0,3.0,0.0,1.0,2,2,23,0,23,0,16.733,636.0,408.0,885.0,16.733,3.0,7.33,roster,0,92.0,75.0,1.8039,84.9,3.1367,0.75,0.2729,3.0667,64.35,19.97,0.0,20.58,22.125
2025-01-04 03:00:00,3,34,34,1.0,4.0,27.0,2.0,0.0,1.0,8,8,23,0,23,0,17.733,696.0,468.0,945.0,17.733,3.0,7.33,roster,0,106.0,85.0,2.0784,94.87,6.0526,0.85,1.0914,3.1176,72.93,19.97,0.0,21.97,23.625
2025-01-04 04:00:00,4,30,30,1.0,3.0,24.0,2.0,0.0,1.0,2,2,24,0,24,0,18.733,748.5,528.0,1005.0,18.733,3.0,7.33,roster,0,93.0,75.0,1.9375,88.56,3.1708,0.75,0.2729,3.1,64.35,20.84,0.0,23.37,25.125
2025-01-04 05:00:00,5,34,34,1.0,3.0,28.0,2.0,0.0,1.0,6,5,24,0,24,0,19.733,808.5,588.0,1065.0,19.733,3.0,7.33,roster,0,105.0,85.0,2.1875,98.53,4.7316,0.85,0.6821,3.0882,72.93,20.84,0.0,24.76,26.625
2025-01-04 06:00:00,6,36,36,1.0,3.0,30.0,2.0,0.0,1.0,6,6,24,0,24,0,20.733,868.5,648.0,1125.0,20.733,3.0,7.33,roster,0,111.0,90.0,2.3125,104.22,5.2989,0.9,0.8186,3.0833,77.22,20.84,0.0,26.16,28.125
2025-01-04 07:00:00,7,31,31,1.0,3.0,25.0,2.0,0.0,1.0,0,1,25,0,25,0,21.733,921.0,620.0,1177.0,21.733,3.0,7.33,roster,0,96.0,77.5,2.1333,95.57,2.8225,0.775,0.1364,3.0968,66.5,21.71,0.0,27.37,29.425
2025-01-04 08:00:00,8,33,33,2.0,2.0,27.0,2.0,0.0,1.0,7,5,25,0,25,0,22.733,981.0,680.0,1237.0,22.733,3.0,6.42,roster,0,103.0,82.5,2.2889,101.25,5.0059,0.825,0.7788,3.1212,70.78,21.71,0.0,28.76,30.925
2025-01-04 09:00:00,9,34,34,2.0,2.0,28.0,2.0,0.0,1.0,8,6,22,0,22,0,23.733,1030.5,681.0,1297.0,23.733,3.0,6.42,roster,0,106.0,85.0,1.963,102.19,5.5637,0.85,0.9346,3.1176,72.93,19.1,0.0,30.16,32.425
2025-01-04 10:00:00,10,38,38,3.0,3.0,30.0,2.0,0.0,1.0,8,8,25,0,25,0,24.733,1048.0,674.0,1351.0,24.733,4.0,10.12,roster,0,121.0,95.0,2.0167,114.63,5.5422,0.95,0.7905,3.1842,81.51,21.71,0.0,31.41,33.775
2025-01-04 11:00:00,11,40,40,3.0,6.0,29.0,2.0,0.0,1.0,9,9,24,1,25,1,25.733,771.0,136.0,1228.0,25.733,4.0,10.12,roster,0,130.0,100.0,2.1667,129.46,6.1403,1.0,0.8893,3.25,85.8,21.71,13.4,28.55,30.7
2025-01-04 12:00:00,12,46,46,2.0,11.0,32.0,1.0,0.0,1.0,14,13,24,0,24,0,25.133,461.5,154.0,1221.0,25.133,4.0,10.12,roster,0,152.0,115.0,2.375,127.9,8.0447,1.15,1.2846,3.3043,98.67,20.84,0.0,28.39,30.525
2025-01-04 13:00:00,13,42,42,2.0,11.0,28.0,1.0,0.0,1.0,6,6,20,1,21,1,25.75,269.0,211.0,1068.0,25.75,4.0,10.12,roster,0,140.0,105.0,1.8421,126.56,5.4763,1.05,0.5929,3.3333,90.09,18.23,13.4,24.83,26.7
2025-01-04 14:00:00,14,31,31,2.0,9.0,18.0,2.0,0.0,1.0,10,9,10,1,11,1,26.75,274.0,205.0,316.0,26.75,4.0,10.12,roster,0,104.0,77.5,0.8966,76.79,5.5836,0.775,0.8893,3.3548,66.5,9.55,13.4,7.35,7.9
2025-01-04 15:00:00,15,30,30,1.0,9.0,19.0,1.0,0.0,1.0,12,10,8,1,9,1,19.333,265.0,234.0,331.0,6.033,4.0,10.12,roster,0,100.0,75.0,0.8065,73.26,5.7938,0.75,0.9881,3.3333,64.35,7.81,13.4,7.7,8.275
2025-01-04 16:00:00,16,26,26,1.0,9.0,15.0,1.0,0.0,1.0,10,7,5,2,7,2,20.333,305.0,149.0,391.0,6.567,4.0,10.12,roster,0,88.0,65.0,0.6667,77.74,4.5411,0.65,0.6917,3.3846,55.77,6.08,26.8,9.09,9.775
2025-01-04 17:00:00,17,24,24,2.0,8.0,12.0,2.0,0.0,1.0,5,4,9,1,10,1,21.333,281.5,87.0,385.0,7.567,4.0,10.12,roster,0,82.0,60.0,0.6833,62.51,3.4005,0.6,0.3953,3.4167,51.48,8.68,13.4,8.95,9.625
2025-01-04 18:00:00,18,24,24,2.0,6.0,15.0,1.0,0.0,1.0,10,8,9,0,9,0,22.333,269.0,147.0,445.0,8.567,4.0,10.12,roster,0,81.0,60.0,0.6532,49.64,4.693,0.6,0.7905,3.375,51.48,7.81,0.0,10.35,11.125
2025-01-04 19:00:00,19,31,31,2.0,6.0,18.0,3.0,2.0,1.0,13,13,7,1,8,1,23.333,407.0,235.0,571.0,9.567,4.0,10.12,roster,0,96.0,77.5,0.75,80.12,6.3781,0.775,1.2846,3.0968,66.5,6.95,13.4,13.28,14.275
2025-01-04 20:00:00,20,30,30,3.0,4.0,21.0,2.0,0.0,1.0,9,8,10,1,11,1,24.333,267.0,104.0,545.0,10.567,4.0,10.37,roster,0,98.0,75.0,0.8448,79.97,4.9701,0.75,0.7715,3.2667,64.35,9.55,13.4,12.67,13.625
2025-01-04 21:00:00,21,32,32,2.0,5.0,23.0,2.0,0.0,1.0,9,10,10,1,11,1,25.333,327.0,164.0,605.0,11.567,4.0,10.37,roster,0,103.0,80.0,0.8879,85.66,5.6789,0.8,0.9643,3.2188,68.64,9.55,13.4,14.07,15.125
2025-01-04 22:00:00,22,26,26,2.0,5.0,17.0,2.0,0.0,1.0,6,5,10,1,11,1,26.333,239.0,105.0,665.0,12.567,3.0,6.67,roster,0,85.0,65.0,0.977,74.18,4.5757,0.65,0.7496,3.2692,55.77,9.55,13.4,15.46,16.625
2025-01-04 23:00:00,23,27,27,3.0,5.0,17.0,2.0,0.0,1.0,7,7,10,1,11,1,27.333,299.0,165.0,725.0,13.567,3.0,6.67,roster,0,90.0,67.5,1.0345,77.72,5.7483,0.675,1.0495,3.3333,57.92,9.55,13.4,16.86,18.125
2025-01-05 00:00:00,0,20,20,3.0,5.0,11.0,1.0,0.0,1.0,4,4,10,2,12,2,28.333,292.0,215.0,785.0,14.567,3.0,6.67,roster,0,70.0,50.0,0.8333,78.37,3.849,0.5,0.5997,3.5,42.9,10.42,26.8,18.25,19.625
2025-01-05 01:00:00,1,27,27,3.0,4.0,15.0,5.0,0.0,1.0,10,8,10,2,12,2,29.333,352.0,275.0,845.0,15.567,3.0,6.67,roster,0,86.0,67.5,1.0238,94.78,5.9703,0.675,1.1994,3.1852,57.92,10.42,26.8,19.65,21.125
2025-01-05 02:00:00,2,26,26,3.0,3.0,14.0,6.0,0.0,1.0,4,4,10,1,11,1,30.333,464.0,325.0,905.0,16.567,3.0,6.67,roster,0,81.0,65.0,0.931,79.76,3.8933,0.65,0.5997,3.1154,55.77,9.55,13.4,21.04,22.625
2025-01-05 03:00:00,3,18,18,2.0,3.0,12.0,1.0,0.0,1.0,4,2,9,1,10,1,31.333,619.5,385.0,965.0,17.567,3.0,6.67,roster,0,60.0,45.0,0.6667,63.13,2.4995,0.45,0.2999,3.3333,38.61,8.68,13.4,22.44,24.125
2025-01-05 04:00:00,4,18,18,3.0,3.0,11.0,1.0,0.0,1.0,2,2,9,1,10,1,32.333,679.5,445.0,1025.0,18.567,3.0,6.67,roster,0,62.0,45.0,0.6889,64.52,2.5828,0.45,0.2999,3.4444,38.61,8.68,13.4,23.83,25.625
2025-01-05 05:00:00,5,20,20,3.0,3.0,13.0,1.0,0.0,1.0,3,3,11,1,12,1,33.333,584.5,419.0,1085.0,19.567,3.0,6.67,roster,0,68.0,50.0,0.8095,71.95,3.2292,0.5,0.4498,3.4,42.9,10.42,13.4,25.23,27.125
2025-01-05 06:00:00,6,20,20,3.0,3.0,12.0,2.0,0.0,1.0,1,1,11,1,12,1,34.333,644.5,479.0,1145.0,20.567,3.0,6.67,roster,0,67.0,50.0,0.7976,73.34,2.1772,0.5,0.1499,3.35,42.9,10.42,13.4,26.62,28.625
2025-01-05 07:00:00,7,21,21,3.0,3.0,13.0,2.0,0.0,1.0,5,5,11,1,12,1,35.333,704.5,539.0,1205.0,21.567,3.0,6.67,roster,0,70.0,52.5,0.8333,76.88,4.2488,0.525,0.7496,3.3333,45.04,10.42,13.4,28.02,30.125
2025-01-05 08:00:00,8,21,21,2.0,2.0,14.0,2.0,1.0,1.0,4,3,11,1,12,1,22.567,764.5,599.0,1265.0,22.567,3.0,6.66,roster,0,65.0,52.5,0.7738,78.28,3.0193,0.525,0.4505,3.0952,45.04,10.42,13.4,29.41,31.625
2025-01-05 09:00:00,9,27,27,2.0,3.0,21.0,1.0,0.0,1.0,10,9,11,1,12,1,23.567,824.5,659.0,1325.0,23.567,3.0,6.66,roster,0,87.0,67.5,1.0357,92.54,6.5294,0.675,1.3514,3.2222,57.92,10.42,13.4,30.81,33.125
2025-01-05 10:00:00,10,32,32,3.0,5.0,23.0,1.0,0.0,1.0,11,10,13,1,14,1,24.567,815.0,394.0,1229.0,24.567,4.0,9.91,roster,0,106.0,80.0,1.0192,102.77,5.9926,0.8,1.0091,3.3125,68.64,12.16,13.4,28.57,30.725
2025-01-05 11:00:00,11,42,42,3.0,5.0,33.0,1.0,0.0,1.0,17,14,14,1,15,1,25.517,779.0,135.0,1195.0,25.517,4.0,9.91,roster,0,136.0,105.0,1.36,124.3,7.9745,1.05,1.4127,3.2381,90.09,13.02,13.4,27.78,29.875
2025-01-05 12:00:00,12,49,49,3.0,5.0,40.0,1.0,0.0,1.0,14,15,14,2,16,2,26.517,647.0,192.0,1255.0,26.517,4.0,9.91,roster,0,157.0,122.5,1.6354,154.98,8.7748,1.225,1.5136,3.2041,105.1,13.89,26.8,29.18,31.375
2025-01-05 13:00:00,13,46,46,3.0,5.0,37.0,1.0,0.0,1.0,11,10,17,2,19,2,27.517,571.0,168.0,1124.0,27.517,4.0,9.91,roster,0,148.0,115.0,1.7619,148.1,6.9466,1.15,1.0091,3.2174,98.67,16.5,26.8,26.13,28.1
2025-01-05 14:00:00,14,52,52,3.0,4.0,44.0,1.0,0.0,1.0,19,17,18,1,19,1,28.517,631.0,180.0,1184.0,28.517,4.0,9.91,roster,0,165.0,130.0,1.9643,148.97,9.5682,1.3,1.7154,3.1731,111.54,16.5,13.4,27.53,29.6
2025-01-05 15:00:00,15,50,50,3.0,5.0,42.0,0.0,0.0,1.0,11,10,12,2,14,2,28.083,531.5,233.0,1244.0,28.083,4.0,9.91,roster,0,161.0,125.0,1.5481,155.13,7.2742,1.25,1.0091,3.22,107.25,12.16,26.8,28.92,31.1
2025-01-05 16:00:00,16,50,50,3.0,5.0,42.0,0.0,0.0,1.0,12,13,14,2,16,2,29.083,353.5,255.0,1079.0,29.083,4.0,9.91,roster,0,161.0,125.0,1.6771,153.03,8.249,1.25,1.3118,3.22,107.25,13.89,26.8,25.09,26.975
2025-01-05 17:00:00,17,52,52,3.0,6.0,43.0,0.0,0.0,1.0,13,14,18,2,20,2,30.083,345.5,151.0,814.0,30.083,4.0,9.91,roster,0,168.0,130.0,2.1,154.63,8.7642,1.3,1.4127,3.2308,111.54,17.37,26.8,18.93,20.35
2025-01-05 18:00:00,18,59,59,3.0,6.0,45.0,5.0,0.0,1.0,14,14,20,1,21,1,31.083,398.0,174.0,871.0,31.083,4.0,9.91,roster,0,184.0,147.5,2.4211,158.44,9.0058,1.475,1.4127,3.1186,126.56,18.23,13.4,20.25,21.775
2025-01-05 19:00:00,19,53,53,2.0,5.0,39.0,7.0,0.0,1.0,13,12,20,0,20,0,32.083,278.0,213.0,612.0,32.083,4.0,9.91,roster,0,161.0,132.5,2.0125,125.28,7.7034,1.325,1.2109,3.0377,113.68,17.37,0.0,14.23,15.3
2025-01-05 20:00:00,20,53,53,2.0,5.0,36.0,10.0,0.0,1.0,16,15,18,0,18,0,33.083,420.0,261.0,672.0,33.083,4.0,11.13,roster,0,158.0,132.5,1.7955,124.94,7.9677,1.325,1.3477,2.9811,113.68,15.63,0.0,15.62,16.8
2025-01-05 21:00:00,21,56,56,2.0,5.0,40.0,9.0,0.0,1.0,16,16,19,0,19,0,34.083,405.0,241.0,732.0,34.083,4.0,11.13,roster,0,168.0,140.0,2.0,133.64,8.5127,1.4,1.4376,3.0,120.12,16.5,0.0,17.02,18.3
2025-01-05 22:00:00,22,50,50,3.0,5.0,34.0,8.0,0.0,1.0,11,8,17,0,17,0,35.083,615.0,328.0,792.0,35.083,3.0,7.88,roster,0,153.0,125.0,2.2174,120.43,6.9316,1.25,1.0152,3.06,107.25,14.76,0.0,18.41,19.8
2025-01-05 23:00:00,23,46,46,2.0,4.0,36.0,4.0,0.0,1.0,12,11,17,0,17,0,36.083,675.0,388.0,852.0,36.083,3.0,7.88,roster,0,142.0,115.0,2.058,113.24,7.8592,1.15,1.3959,3.087,98.67,14.76,0.0,19.81,21.3
2025-01-06 00:00:00,0,38,38,2.0,5.0,28.0,3.0,0.0,1.0,6,4,18,0,18,0,37.083,660.0,421.0,912.0,37.083,3.0,7.88,roster,0,120.0,95.0,1.8182,98.34,4.603,0.95,0.5076,3.1579,81.51,15.63,0.0,21.2,22.8
2025-01-06 01:00:00,1,38,38,2.0,4.0,28.0,4.0,0.0,1.0,10,9,19,0,19,0,38.083,645.0,443.0,972.0,38.083,3.0,7.88,roster,0,118.0,95.0,1.873,100.61,6.4966,0.95,1.1421,3.1053,81.51,16.5,0.0,22.6,24.3
2025-01-06 02:00:00,2,33,33,2.0,4.0,25.0,2.0,0.0,1.0,7,6,18,0,18,0,39.083,780.0,541.0,1032.0,39.083,3.0,7.88,roster,0,105.0,82.5,1.5909,90.41,5.0477,0.825,0.7614,3.1818,70.78,15.63,0.0,23.99,25.8
2025-01-06 03:00:00,3,34,34,2.0,4.0,28.0,0.0,0.0,1.0,5,5,18,0,18,0,40.083,840.0,601.0,1092.0,40.083,3.0,7.88,roster,0,110.0,85.0,1.6667,93.95,4.8029,0.85,0.6345,3.2353,72.93,15.63,0.0,25.39,27.3
2025-01-06 04:00:00,4,32,32,2.0,5.0,25.0,0.0,0.0,1.0,3,2,19,0,19,0,41.083,825.0,623.0,1152.0,41.083,3.0,7.88,roster,0,105.0,80.0,1.6667,91.92,3.4578,0.8,0.2538,3.2812,68.64,16.5,0.0,26.78,28.8
2025-01-06 05:00:00,5,30,30,2.0,5.0,23.0,0.0,0.0,1.0,0,0,19,0,19,0,42.083,885.0,683.0,1212.0,42.083,3.0,7.88,roster,0,99.0,75.0,1.5714,89.03,2.475,0.75,0.0,3.3,64.35,16.5,0.0,28.18,30.3
2025-01-06 06:00:00,6,28,28,2.0,4.0,22.0,0.0,0.0,1.0,1,1,19,0,19,0,43.083,945.0,743.0,1272.0,43.083,3.0,7.88,roster,0,92.0,70.0,1.4603,86.13,2.717,0.7,0.1269,3.2857,60.06,16.5,0.0,29.57,31.8
2025-01-06 07:00:00,7,28,28,2.0,5.0,21.0,0.0,0.0,1.0,3,2,19,0,19,0,44.083,1005.0,803.0,1332.0,44.083,3.0,7.88,roster,0,93.0,70.0,1.4762,87.53,3.168,0.7,0.2538,3.3214,60.06,16.5,0.0,30.97,33.3
2025-01-06 08:00:00,8,34,34,2.0,6.0,25.0,1.0,0.0,1.0,9,8,19,0,19,0,45.083,1065.0,863.0,1392.0,45.083,3.0,7.98,roster,0,111.0,85.0,1.7619,101.79,6.0479,0.85,1.0025,3.2647,72.93,16.5,0.0,32.36,34.8
2025-01-06 09:00:00,9,42,42,2.0,6.0,32.0,2.0,0.0,1.0,10,10,19,1,20,1,46.083,1110.0,794.0,1427.0,46.083,3.0,7.98,roster,0,134.0,105.0,2.2333,134.03,7.3481,1.05,1.2531,3.1905,90.09,17.37,13.4,33.18,35.675
2025-01-06 10:00:00,10,47,47,3.0,8.0,33.0,3.0,0.0,1.0,16,16,19,2,21,2,47.083,1169.0,125.0,1380.0,47.083,4.0,11.23,roster,0,152.0,117.5,2.0,157.93,8.4077,1.175,1.4248,3.234,100.82,18.23,26.8,32.08,34.5
2025-01-06 11:00:00,11,52,52,3.0,12.0,34.0,3.0,0.0,1.0,14,13,21,2,23,2,48.083,501.0,134.0,1433.0,48.083,4.0,11.23,roster,0,171.0,130.0,2.5147,171.63,8.0818,1.3,1.1576,3.2885,111.54,19.97,26.8,33.32,35.825
2025-01-06 12:00:00,12,59,59,4.0,14.0,38.0,3.0,0.0,1.0,15,14,24,2,26,2,48.133,233.0,122.0,1291.0,32.567,4.0,11.23,roster,0,196.0,147.5,3.5,185.95,9.0414,1.475,1.2467,3.322,126.56,22.58,26.8,30.02,32.275
2025-01-06 13:00:00,13,48,48,4.0,10.0,31.0,3.0,0.0,1.0,4,4,24,2,26,2,49.133,268.0,168.0,1349.0,33.567,4.0,11.23,roster,0,159.0,120.0,2.8393,163.7,5.1549,1.2,0.3562,3.3125,102.96,22.58,26.8,31.36,33.725
2025-01-06 14:00:00,14,44,44,4.0,9.0,29.0,2.0,0.0,1.0,6,6,20,1,21,1,50.133,300.0,190.0,1409.0,34.567,4.0,11.23,roster,0,147.0,110.0,1.9342,138.77,5.46,1.1,0.5343,3.3409,94.38,18.23,13.4,32.76,35.225
2025-01-06 15:00:00,15,47,47,4.0,8.0,33.0,2.0,0.0,1.0,11,11,16,2,18,2,51.133,295.0,237.0,1321.0,35.567,4.0,11.23,roster,0,155.0,117.5,1.7614,153.96,7.1053,1.175,0.9795,3.2979,100.82,15.63,26.8,30.71,33.025
2025-01-06 16:00:00,16,47,47,3.0,7.0,36.0,1.0,0.0,1.0,11,11,20,1,21,1,52.133,310.0,235.0,462.0,36.517,4.0,11.23,roster,0,153.0,117.5,2.0132,123.19,7.0136,1.175,0.9795,3.2553,100.82,18.23,13.4,10.74,11.55
2025-01-06 17:00:00,17,57,57,3.0,9.0,40.0,5.0,0.0,1.0,15,15,23,2,25,2,37.517,357.0,143.0,480.0,37.517,4.0,11.23,roster,0,181.0,142.5,3.0167,161.93,8.7665,1.425,1.3357,3.1754,122.26,21.71,26.8,11.16,12.0
2025-01-06 18:00:00,18,51,51,3.0,8.0,35.0,5.0,0.0,1.0,4,4,26,2,28,2,38.517,359.5,148.0,540.0,38.517,4.0,11.23,roster,0,162.0,127.5,3.375,153.06,5.1814,1.275,0.3562,3.1765,109.39,24.31,26.8,12.56,13.5
2025-01-06 19:00:00,19,44,44,4.0,7.0,30.0,3.0,0.0,1.0,5,5,24,1,25,1,39.517,284.0,199.0,542.0,39.517,4.0,11.23,roster,0,144.0,110.0,2.4,122.09,5.0571,1.1,0.4452,3.2727,94.38,21.71,13.4,12.6,13.55
2025-01-06 20:00:00,20,46,46,4.0,8.0,32.0,2.0,0.0,1.0,6,7,25,1,26,1,40.517,338.0,255.0,602.0,40.517,4.0,10.68,roster,0,152.0,115.0,2.7143,128.64,5.9658,1.15,0.6554,3.3043,98.67,22.58,13.4,14.0,15.05
2025-01-06 21:00:00,21,47,47,4.0,6.0,36.0,1.0,0.0,1.0,10,8,25,1,26,1,41.517,387.5,267.0,613.0,41.517,4.0,10.68,roster,0,154.0,117.5,2.75,131.04,6.3044,1.175,0.7491,3.2766,100.82,22.58,13.4,14.25,15.325
2025-01-06 22:00:00,22,40,40,3.0,5.0,31.0,1.0,0.0,1.0,5,3,25,1,26,1,42.517,434.5,318.0,657.0,42.517,3.0,7.43,roster,0,130.0,100.0,3.0952,117.05,4.5622,1.0,0.4038,3.25,85.8,22.58,13.4,15.28,16.425
2025-01-06 23:00:00,23,40,40,3.0,7.0,29.0,0.0,1.0,1.0,10,8,25,0,25,0,43.517,503.0,387.0,717.0,43.517,3.0,7.43,roster,0,131.0,100.0,2.9111,104.18,6.8012,1.0,1.0767,3.275,85.8,21.71,0.0,16.67,17.925
2025-01-07 00:00:00,0,41,41,3.0,8.0,29.0,1.0,0.0,1.0,8,6,25,0,25,0,44.517,563.0,447.0,777.0,44.517,3.0,7.43,roster,0,136.0,102.5,3.0222,107.72,6.0787,1.025,0.8075,3.3171,87.94,21.71,0.0,18.07,19.425
2025-01-07 01:00:00,1,40,40,3.0,8.0,28.0,1.0,0.0,1.0,5,5,26,0,26,0,45.517,614.5,498.0,837.0,45.517,3.0,7.43,roster,0,133.0,100.0,3.1667,107.84,5.5626,1.0,0.6729,3.325,85.8,22.58,0.0,19.46,20.925
2025-01-07 02:00:00,2,39,39,2.0,7.0,29.0,1.0,0.0,1.0,6,6,26,0,26,0,46.517,674.5,558.0,897.0,46.517,3.0,7.43,roster,0,127.0,97.5,3.0238,107.09,5.8047,0.975,0.8075,3.2564,83.66,22.58,0.0,20.86,22.425
2025-01-07 03:00:00,3,42,42,3.0,7.0,32.0,0.0,0.0,1.0,7,7,26,0,26,0,47.517,734.5,618.0,957.0,47.517,3.0,7.43,roster,0,139.0,105.0,3.3095,114.92,6.593,1.05,0.9421,3.3095,90.09,22.58,0.0,22.25,23.925
2025-01-07 04:00:00,4,44,44,4.0,7.0,32.0,1.0,0.0,1.0,6,6,26,2,28,2,48.517,767.0,663.0,1017.0,48.517,3.0,7.43,roster,0,146.0,110.0,4.0556,149.14,6.3296,1.1,0.8075,3.3182,94.38,24.31,26.8,23.65,25.425
2025-01-07 05:00:00,5,43,43,3.0,7.0,32.0,1.0,0.0,1.0,6,5,26,0,26,0,49.517,854.5,738.0,1077.0,49.517,3.0,7.43,roster,0,141.0,107.5,3.3571,119.85,5.7316,1.075,0.6729,3.2791,92.24,22.58,0.0,25.04,26.925
2025-01-07 06:00:00,6,40,40,3.0,7.0,30.0,0.0,0.0,1.0,2,2,27,0,27,0,50.517,906.0,783.0,1137.0,50.517,3.0,7.43,roster,0,133.0,100.0,3.4103,115.68,4.22,1.0,0.2692,3.325,85.8,23.44,0.0,26.44,28.425
2025-01-07 07:00:00,7,39,39,3.0,8.0,28.0,0.0,0.0,1.0,3,3,27,0,27,0,51.517,966.0,843.0,1197.0,51.517,3.0,7.43,roster,0,131.0,97.5,3.359,114.93,4.6312,0.975,0.4038,3.359,83.66,23.44,0.0,27.83,29.925
2025-01-07 08:00:00,8,39,39,2.0,9.0,28.0,0.0,0.0,1.0,3,3,28,0,28,0,52.517,1007.0,903.0,1257.0,52.517,3.0,8.24,roster,0,130.0,97.5,3.6111,117.19,4.4636,0.975,0.3641,3.3333,83.66,24.31,0.0,29.23,31.425
2025-01-07 09:00:00,9,38,38,2.0,8.0,28.0,0.0,0.0,1.0,5,5,28,0,28,0,53.517,1046.0,847.0,1304.0,53.517,3.0,8.24,roster,0,126.0,95.0,3.5,116.14,5.162,0.95,0.6068,3.3158,81.51,24.31,0.0,30.32,32.6
2025-01-07 10:00:00,10,43,43,2.0,9.0,31.0,1.0,0.0,1.0,12,12,27,0,27,0,54.517,1099.0,804.0,1324.0,54.517,4.0,11.94,roster,0,141.0,107.5,2.7115,126.46,6.8205,1.075,1.005,3.2791,92.24,23.44,0.0,30.78,33.1
2025-01-07 11:00:00,11,46,46,3.0,12.0,30.0,1.0,0.0,1.0,10,11,28,0,28,0,25.033,1003.5,135.0,1223.0,25.033,4.0,11.94,roster,0,155.0,115.0,3.2292,131.42,6.9793,1.15,0.9213,3.3696,98.67,24.31,0.0,28.43,30.575
2025-01-07 12:00:00,12,46,46,3.0,12.0,30.0,1.0,0.0,1.0,9,8,29,0,29,0,26.033,776.0,151.0,1266.0,26.033,4.0,11.94,roster,0,155.0,115.0,3.5227,133.29,6.1327,1.15,0.67,3.3696,98.67,25.18,0.0,29.43,31.65
2025-01-07 13:00:00,13,53,53,4.0,11.0,38.0,0.0,0.0,1.0,11,11,30,0,30,0,27.033,442.0,190.0,1326.0,27.033,4.0,11.94,roster,0,178.0,132.5,4.45,150.56,7.5441,1.325,0.9213,3.3585,113.68,26.05,0.0,30.83,33.15
2025-01-07 14:00:00,14,47,47,1.0,9.0,37.0,0.0,0.0,1.0,9,9,31,0,31,0,28.033,295.0,187.0,1263.0,28.033,4.0,11.94,roster,0,152.0,117.5,4.2222,137.1,6.2377,1.175,0.7538,3.234,100.82,26.92,0.0,29.36,31.575
2025-01-07 15:00:00,15,48,48,1.0,6.0,41.0,0.0,0.0,1.0,7,8,29,0,29,0,29.033,310.0,191.0,956.0,29.033,4.0,11.94,roster,0,152.0,120.0,3.4545,130.37,5.9217,1.2,0.67,3.1667,102.96,25.18,0.0,22.23,23.9
2025-01-07 16:00:00,16,45,45,1.0,5.0,39.0,0.0,0.0,1.0,11,11,25,0,25,0,23.633,360.0,218.0,430.0,23.633,4.0,11.94,roster,0,142.0,112.5,2.3667,108.23,6.4571,1.125,0.9213,3.1556,96.52,21.71,0.0,10.0,10.75
2025-01-07 17:00:00,17,42,42,1.0,5.0,36.0,0.0,0.0,1.0,6,5,26,0,26,0,24.633,403.5,272.0,490.0,24.633,4.0,11.94,roster,0,133.0,105.0,2.375,104.06,4.6511,1.05,0.4188,3.1667,90.09,22.58,0.0,11.39,12.25
2025-01-07 18:00:00,18,37,37,0.0,5.0,30.0,2.0,0.0,1.0,7,7,26,0,26,0,25.633,463.5,320.0,550.0,25.633,4.0,11.94,roster,0,114.0,92.5,2.0357,94.73,4.6563,0.925,0.5863,3.0811,79.36,22.58,0.0,12.79,13.75
2025-01-07 19:00:00,19,42,42,0.0,6.0,34.0,2.0,0.0,1.0,8,7,28,0,28,0,26.633,501.5,369.0,610.0,26.633,4.0,11.94,roster,0,130.0,105.0,2.7083,108.59,5.0646,1.05,0.5863,3.0952,90.09,24.31,0.0,14.18,15.25
2025-01-07 20:00:00,20,44,44,0.0,8.0,36.0,0.0,0.0,1.0,13,11,28,0,28,0,27.633,561.5,429.0,670.0,27.633,4.0,10.61,roster,0,140.0,110.0,2.9167,114.27,6.7988,1.1,1.0368,3.1818,94.38,24.31,0.0,15.58,16.75
2025-01-07 21:00:00,21,52,52,0.0,8.0,41.0,3.0,0.0,1.0,11,11,29,0,29,0,28.633,616.0,485.0,715.0,28.633,4.0,10.61,roster,0,161.0,130.0,3.6591,133.34,7.235,1.3,1.0368,3.0962,111.54,25.18,0.0,16.62,17.875
2025-01-07 22:00:00,22,42,42,0.0,10.0,30.0,2.0,0.0,1.0,6,6,27,0,27,0,29.633,687.0,549.0,790.0,29.633,3.0,6.91,roster,0,134.0,105.0,3.4359,111.9,6.1203,1.05,0.8683,3.1905,90.09,23.44,0.0,18.37,19.75
2025-01-07 23:00:00,23,44,44,0.0,11.0,33.0,0.0,0.0,1.0,7,7,29,0,29,0,30.633,736.0,605.0,835.0,30.633,3.0,6.91,roster,0,143.0,110.0,4.3333,118.97,6.8673,1.1,1.013,3.25,94.38,25.18,0.0,19.41,20.875
2025-01-08 00:00:00,0,45,45,0.0,11.0,33.0,1.0,0.0,1.0,7,7,31,0,31,0,31.633,755.0,503.0,895.0,31.633,3.0,6.91,roster,0,145.0,112.5,5.3704,124.25,6.8892,1.125,1.013,3.2222,96.52,26.92,0.0,20.81,22.375
2025-01-08 01:00:00,1,42,42,0.0,10.0,31.0,1.0,0.0,1.0,2,1,33,0,33,0,32.633,791.0,395.0,931.0,32.633,3.0,6.91,roster,0,135.0,105.0,6.4286,120.39,3.8402,1.05,0.1447,3.2143,90.09,28.65,0.0,21.65,23.275
2025-01-08 02:00:00,2,43,43,1.0,9.0,33.0,0.0,0.0,1.0,5,4,33,0,33,0,33.633,851.0,455.0,991.0,33.633,3.0,6.91,roster,0,140.0,107.5,6.6667,123.93,5.3847,1.075,0.5789,3.2558,92.24,28.65,0.0,23.04,24.775
2025-01-08 03:00:00,3,40,40,1.0,9.0,29.0,1.0,0.0,1.0,3,2,34,0,34,0,34.633,875.0,446.0,1051.0,34.633,3.0,6.91,roster,0,130.0,100.0,7.2222,119.76,4.1907,1.0,0.2894,3.25,85.8,29.52,0.0,24.44,26.275
2025-01-08 04:00:00,4,43,43,2.0,9.0,31.0,1.0,0.0,1.0,4,4,34,0,34,0,35.633,935.0,506.0,1111.0,35.633,3.0,6.91,roster,0,141.0,107.5,7.8333,127.59,5.4232,1.075,0.5789,3.2791,92.24,29.52,0.0,25.83,27.775
2025-01-08 05:00:00,5,46,46,2.0,9.0,32.0,3.0,0.0,1.0,5,5,34,1,35,1,36.633,992.0,430.0,1171.0,36.633,3.0,6.91,roster,0,148.0,115.0,9.8667,149.69,6.0281,1.15,0.7236,3.2174,98.67,30.39,13.4,27.23,29.275
2025-01-08 06:00:00,6,48,48,1.0,11.0,34.0,2.0,0.0,1.0,4,4,36,0,36,0,37.633,1046.0,490.0,1231.0,37.633,3.0,6.91,roster,0,155.0,120.0,12.9167,142.84,5.7443,1.2,0.5789,3.2292,102.96,31.26,0.0,28.62,30.775
2025-01-08 07:00:00,7,48,48,2.0,11.0,34.0,1.0,0.0,1.0,2,2,37,0,37,0,38.633,1100.0,543.0,1270.0,38.633,3.0,6.91,roster,0,158.0,120.0,17.5556,144.61,4.9027,1.2,0.2894,3.2917,102.96,32.13,0.0,29.53,31.75
2025-01-08 08:00:00,8,44,44,2.0,10.0,30.0,2.0,0.0,1.0,1,1,36,1,37,1,39.633,1160.0,548.0,1330.0,39.633,3.0,8.19,roster,0,144.0,110.0,16.0,150.83,3.9996,1.1,0.1221,3.2727,94.38,32.13,13.4,30.92,33.25
2025-01-08 09:00:00,9,52,52,3.0,10.0,37.0,2.0,0.0,1.0,10,9,35,1,36,1,40.633,1214.5,608.0,1390.0,40.633,3.0,8.19,roster,0,170.0,130.0,14.1667,168.52,7.8426,1.3,1.0989,3.2692,111.54,31.26,13.4,32.32,34.75
2025-01-08 10:00:00,10,54,54,3.0,10.0,39.0,2.0,0.0,1.0,3,3,35,1,36,1,41.633,1274.5,668.0,1450.0,41.633,4.0,11.65,roster,0,176.0,135.0,11.0,174.2,5.2393,1.35,0.2575,3.2593,115.83,31.26,13.4,33.71,36.25
2025-01-08 11:00:00,11,57,57,4.0,10.0,43.0,0.0,0.0,1.0,12,12,33,0,33,0,42.45,1325.0,723.0,1467.0,42.45,4.0,11.65,roster,0,189.0,142.5,6.75,165.03,8.1404,1.425,1.03,3.3158,122.26,28.65,0.0,34.11,36.675
2025-01-08 12:00:00,12,51,51,4.0,10.0,37.0,0.0,0.0,1.0,6,6,28,0,28,0,43.45,1139.0,783.0,1565.0,43.45,4.0,11.65,roster,0,171.0,127.5,3.5625,150.09,6.0018,1.275,0.515,3.3529,109.39,24.31,0.0,36.39,39.125
2025-01-08 13:00:00,13,57,57,5.0,11.0,41.0,0.0,0.0,1.0,10,9,28,0,28,0,44.45,1199.0,843.0,1625.0,44.45,4.0,11.65,roster,0,192.0,142.5,4.0,164.36,7.4022,1.425,0.7725,3.3684,122.26,24.31,0.0,37.78,40.625
2025-01-08 14:00:00,14,55,55,5.0,11.0,39.0,0.0,0.0,1.0,9,9,27,0,27,0,45.45,1170.0,769.0,1685.0,45.45,4.0,11.65,roster,0,186.0,137.5,3.5769,160.6,7.2626,1.375,0.7725,3.3818,117.98,23.44,0.0,39.18,42.125
2025-01-08 15:00:00,15,52,52,4.0,13.0,35.0,0.0,0.0,1.0,7,7,26,1,27,1,46.45,1030.0,283.0,1696.0,46.45,4.0,11.65,roster,0,177.0,130.0,3.4038,167.82,6.4702,1.3,0.6009,3.4038,111.54,23.44,13.4,39.43,42.4
2025-01-08 16:00:00,16,46,46,4.0,12.0,30.0,0.0,0.0,1.0,5,5,27,1,28,1,33.383,1025.5,226.0,1652.0,33.383,4.0,11.65,roster,0,158.0,115.0,3.2917,154.79,5.4242,1.15,0.4292,3.4348,98.67,24.31,13.4,38.41,41.3
2025-01-08 17:00:00,17,44,44,4.0,12.0,28.0,0.0,0.0,1.0,5,5,27,1,28,1,34.383,1085.5,286.0,1712.0,34.383,4.0,11.65,roster,0,152.0,110.0,3.1667,151.9,5.2826,1.1,0.4292,3.4545,94.38,24.31,13.4,39.8,42.8
2025-01-08 18:00:00,18,41,41,5.0,9.0,27.0,0.0,0.0,1.0,7,7,29,0,29,0,35.383,1143.0,292.0,1749.0,35.383,4.0,11.65,roster,0,142.0,102.5,3.2273,133.79,5.631,1.025,0.6009,3.4634,87.94,25.18,0.0,40.66,43.725
2025-01-08 19:00:00,19,42,42,5.0,10.0,27.0,0.0,0.0,1.0,5,4,30,0,30,0,36.383,1139.5,288.0,1809.0,36.383,4.0,11.65,roster,0,146.0,105.0,3.65,138.2,4.8435,1.05,0.3433,3.4762,90.09,26.05,0.0,42.06,45.225
2025-01-08 20:00:00,20,41,41,4.0,9.0,28.0,0.0,0.0,1.0,7,6,27,1,28,1,37.383,1132.5,348.0,1869.0,37.383,4.0,9.83,roster,0,140.0,102.5,2.9167,149.11,5.5842,1.025,0.6104,3.4146,87.94,24.31,13.4,43.45,46.725
2025-01-08 21:00:00,21,44,44,3.0,10.0,31.0,0.0,0.0,1.0,8,8,27,1,28,1,38.383,1192.5,408.0,1929.0,38.383,4.0,9.83,roster,0,148.0,110.0,3.0833,156.94,6.4374,1.1,0.8138,3.3636,94.38,24.31,13.4,44.85,48.225
2025-01-08 22:00:00,22,51,51,3.0,11.0,37.0,0.0,0.0,1.0,13,12,26,1,27,1,37.167,1249.0,439.0,1985.0,37.167,3.0,6.37,roster,0,170.0,127.5,4.359,172.39,10.5294,1.275,1.8838,3.3333,109.39,23.44,13.4,46.15,49.625
2025-01-08 23:00:00,23,51,51,3.0,11.0,37.0,0.0,0.0,1.0,8,7,31,0,31,0,38.167,763.0,371.0,1710.0,38.167,3.0,6.37,roster,0,170.0,127.5,6.2963,156.07,7.913,1.275,1.0989,3.3333,109.39,26.92,0.0,39.76,42.75
2025-01-09 00:00:00,0,54,54,4.0,10.0,39.0,1.0,0.0,1.0,9,9,32,0,32,0,39.167,764.5,431.0,1770.0,39.167,3.0,6.37,roster,0,179.0,135.0,7.4583,164.77,9.1584,1.35,1.4129,3.3148,115.83,27.79,0.0,41.15,44.25
2025-01-09 01:00:00,1,46,46,3.0,11.0,32.0,0.0,0.0,1.0,4,4,33,0,33,0,40.167,766.0,474.0,1766.0,40.167,3.0,6.37,roster,0,155.0,115.0,7.381,148.38,5.9909,1.15,0.6279,3.3696,98.67,28.65,0.0,41.06,44.15
2025-01-09 02:00:00,2,44,44,4.0,13.0,27.0,0.0,0.0,1.0,6,6,34,0,34,0,41.167,799.0,497.0,1826.0,41.167,3.0,6.37,roster,0,153.0,110.0,8.5,146.36,7.1003,1.1,0.9419,3.4773,94.38,29.52,0.0,42.45,45.65
2025-01-09 03:00:00,3,45,45,4.0,13.0,28.0,0.0,0.0,1.0,4,3,36,0,36,0,42.167,826.0,358.0,1886.0,42.167,3.0,6.37,roster,0,156.0,112.5,13.0,151.63,5.5327,1.125,0.471,3.4667,96.52,31.26,0.0,43.85,47.15
2025-01-09 04:00:00,4,44,44,4.0,12.0,28.0,0.0,0.0,1.0,3,2,36,0,36,0,43.167,886.0,418.0,1946.0,43.167,3.0,6.37,roster,0,152.0,110.0,12.6667,150.88,4.8846,1.1,0.314,3.4545,94.38,31.26,0.0,45.24,48.65
2025-01-09 05:00:00,5,44,44,4.0,12.0,28.0,0.0,0.0,1.0,2,2,36,0,36,0,44.167,946.0,478.0,2006.0,44.167,3.0,6.37,roster,0,152.0,110.0,12.6667,152.28,4.8846,1.1,0.314,3.4545,94.38,31.26,0.0,46.64,50.15
2025-01-09 06:00:00,6,44,44,4.0,12.0,28.0,0.0,0.0,1.0,2,2,37,0,37,0,45.167,1000.0,530.0,1930.0,45.167,3.0,6.37,roster,0,152.0,110.0,16.8889,151.38,4.8846,1.1,0.314,3.4545,94.38,32.13,0.0,44.87,48.25
2025-01-09 07:00:00,7,44,44,4.0,12.0,28.0,0.0,0.0,1.0,3,3,36,0,36,0,46.167,1034.0,590.0,2126.0,46.167,3.0,6.37,roster,0,152.0,110.0,12.6667,155.07,5.4269,1.1,0.471,3.4545,94.38,31.26,0.0,49.43,53.15
2025-01-09 08:00:00,8,47,47,4.0,14.0,28.0,1.0,0.0,1.0,8,7,36,0,36,0,47.167,1094.0,650.0,2186.0,47.167,3.0,7.13,roster,0,162.0,117.5,13.5,162.9,7.434,1.175,0.9818,3.4468,100.82,31.26,0.0,50.82,54.65
2025-01-09 09:00:00,9,47,47,4.0,13.0,29.0,1.0,0.0,1.0,2,3,36,0,36,0,48.167,1055.0,661.0,2048.0,48.167,3.0,7.13,roster,0,161.0,117.5,13.4167,159.69,5.4663,1.175,0.4208,3.4255,100.82,31.26,0.0,47.62,51.2
2025-01-09 10:00:00,10,50,50,4.0,12.0,33.0,1.0,0.0,1.0,7,7,35,0,35,0,49.167,1071.0,709.0,2103.0,49.167,4.0,10.59,roster,0,169.0,125.0,8.45,166.54,6.4592,1.25,0.661,3.38,107.25,30.39,0.0,48.89,52.575
2025-01-09 11:00:00,11,55,55,4.0,11.0,38.0,2.0,0.0,1.0,11,11,34,0,34,0,48.267,1098.5,743.0,2029.0,48.267,4.0,10.59,roster,0,182.0,137.5,7.5833,174.67,7.9872,1.375,1.0387,3.3091,117.98,29.52,0.0,47.17,50.725
2025-01-09 12:00:00,12,50,50,4.0,10.0,35.0,1.0,0.0,1.0,11,11,30,0,30,0,48.583,1142.5,773.0,2089.0,48.583,4.0,10.59,roster,0,167.0,125.0,4.175,161.87,7.6443,1.25,1.0387,3.34,107.25,26.05,0.0,48.57,52.225
2025-01-09 13:00:00,13,46,46,5.0,11.0,29.0,1.0,0.0,1.0,7,6,29,1,30,1,38.133,906.5,333.0,1420.0,38.133,4.0,10.59,roster,0,158.0,115.0,3.95,151.13,5.8961,1.15,0.5666,3.4348,98.67,26.05,13.4,33.02,35.5
2025-01-09 14:00:00,14,46,46,6.0,8.0,31.0,1.0,0.0,1.0,7,7,30,2,32,2,39.133,772.5,171.0,1399.0,39.133,4.0,10.59,roster,0,157.0,115.0,4.9062,165.78,6.181,1.15,0.661,3.413,98.67,27.79,26.8,32.53,34.975
2025-01-09 15:00:00,15,48,48,5.0,8.0,34.0,1.0,0.0,1.0,10,10,30,3,33,3,40.133,798.0,212.0,1371.0,40.133,4.0,10.59,roster,0,161.0,120.0,5.75,183.69,7.1923,1.2,0.9443,3.3542,102.96,28.65,40.2,31.88,34.275
2025-01-09 16:00:00,16,47,47,5.0,6.0,33.0,2.0,1.0,1.0,9,9,25,3,28,3,41.133,935.5,297.0,1519.0,41.133,4.0,10.59,roster,0,153.0,117.5,3.1875,180.64,6.5916,1.175,0.8499,3.2553,100.82,24.31,40.2,35.32,37.975
2025-01-09 17:00:00,17,49,49,4.0,6.0,36.0,2.0,1.0,1.0,7,7,28,2,30,2,42.133,911.5,294.0,1491.0,42.133,4.0,10.59,roster,0,157.0,122.5,3.925,172.62,6.0429,1.225,0.661,3.2041,105.1,26.05,26.8,34.67,37.275
2025-01-09 18:00:00,18,49,49,4.0,5.0,37.0,2.0,1.0,1.0,9,8,29,2,31,2,43.133,965.0,306.0,1551.0,43.133,4.0,10.59,roster,0,156.0,122.5,4.3333,174.88,6.305,1.225,0.7554,3.1837,105.1,26.92,26.8,36.06,38.775
2025-01-09 19:00:00,19,43,43,4.0,4.0,35.0,0.0,0.0,1.0,6,6,29,2,31,2,44.133,863.0,354.0,1611.0,44.133,4.0,10.59,roster,0,141.0,107.5,3.9167,163.41,5.3828,1.075,0.5666,3.2791,92.24,26.92,26.8,37.46,40.275
2025-01-09 20:00:00,20,53,53,4.0,4.0,44.0,1.0,0.0,1.0,12,12,30,2,32,2,45.133,838.0,414.0,1671.0,45.133,4.0,9.83,roster,0,170.0,132.5,5.3125,187.12,8.1656,1.325,1.2208,3.2075,113.68,27.79,26.8,38.85,41.775
2025-01-09 21:00:00,21,47,47,4.0,5.0,37.0,1.0,0.0,1.0,6,6,30,2,32,2,46.133,898.0,443.0,1731.0,46.133,4.0,9.83,roster,0,153.0,117.5,4.7812,175.65,5.812,1.175,0.6104,3.2553,100.82,27.79,26.8,40.25,43.275
2025-01-09 22:00:00,22,50,50,5.0,8.0,36.0,1.0,0.0,1.0,9,9,31,2,33,2,47.133,873.0,416.0,1751.0,47.133,3.0,6.37,roster,0,167.0,125.0,7.9524,183.41,8.894,1.25,1.4129,3.34,107.25,28.65,26.8,40.71,43.775
2025-01-09 23:00:00,23,53,53,5.0,9.0,38.0,1.0,0.0,1.0,8,8,32,2,34,2,48.133,866.5,421.0,1811.0,48.133,3.0,6.37,roster,0,177.0,132.5,9.8333,192.11,8.6192,1.325,1.2559,3.3396,113.68,29.52,26.8,42.11,45.275
2025-01-10 00:00:00,0,52,52,5.0,7.0,39.0,1.0,0.0,1.0,8,7,32,2,34,2,49.133,926.5,439.0,1871.0,49.133,3.0,6.37,roster,0,172.0,130.0,9.5556,191.36,7.9348,1.3,1.0989,3.3077,111.54,29.52,26.8,43.5,46.775
2025-01-10 01:00:00,1,46,46,5.0,7.0,32.0,2.0,0.0,1.0,5,4,35,2,37,2,50.133,837.0,282.0,1914.0,50.133,3.0,6.37,roster,0,153.0,115.0,17.0,182.1,5.9136,1.15,0.6279,3.3261,98.67,32.13,26.8,44.5,47.85
2025-01-10 02:00:00,2,51,51,5.0,7.0,33.0,6.0,0.0,1.0,8,7,36,1,37,1,51.133,897.0,342.0,1974.0,51.133,3.0,6.37,roster,0,164.0,127.5,18.2222,180.82,7.6337,1.275,1.0989,3.2157,109.39,32.13,13.4,45.9,49.35
2025-01-10 03:00:00,3,50,50,5.0,7.0,34.0,4.0,0.0,1.0,3,2,37,1,38,1,52.133,900.0,342.0,2034.0,52.133,3.0,6.37,roster,0,163.0,125.0,27.1667,180.94,5.0985,1.25,0.314,3.26,107.25,33.0,13.4,47.29,50.85
2025-01-10 04:00:00,4,47,47,4.0,7.0,33.0,3.0,0.0,1.0,2,2,37,1,38,1,53.133,960.0,402.0,2094.0,53.133,3.0,6.37,roster,0,153.0,117.5,25.5,175.9,4.8471,1.175,0.314,3.2553,100.82,33.0,13.4,48.69,52.35
2025-01-10 05:00:00,5,45,45,4.0,7.0,31.0,3.0,0.0,1.0,1,1,37,1,38,1,54.133,1020.0,462.0,2154.0,54.133,3.0,6.37,roster,0,147.0,112.5,24.5,173.0,4.1878,1.125,0.157,3.2667,96.52,33.0,13.4,50.08,53.85
2025-01-10 06:00:00,6,45,45,4.0,7.0,30.0,4.0,0.0,1.0,3,3,37,1,38,1,55.133,1080.0,522.0,2214.0,55.133,3.0,6.37,roster,0,146.0,112.5,24.3333,174.4,5.178,1.125,0.471,3.2444,96.52,33.0,13.4,51.48,55.35
2025-01-10 07:00:00,7,44,44,4.0,7.0,31.0,2.0,0.0,1.0,2,2,37,0,37,0,56.133,1197.0,582.0,2274.0,56.133,3.0,6.37,roster,0,145.0,110.0,16.1111,159.38,4.6597,1.1,0.314,3.2955,94.38,32.13,0.0,52.87,56.85
2025-01-10 08:00:00,8,45,45,4.0,7.0,32.0,2.0,0.0,1.0,4,3,37,0,37,0,57.133,1257.0,642.0,2334.0,57.133,3.0,7.11,roster,0,148.0,112.5,16.4444,162.92,5.0877,1.125,0.4219,3.2889,96.52,32.13,0.0,54.27,58.35
2025-01-10 09:00:00,9,42,42,4.0,6.0,31.0,1.0,0.0,1.0,2,2,34,0,34,0,58.133,1368.0,702.0,2411.0,58.133,3.0,7.11,roster,0,139.0,105.0,7.7222,155.67,4.4059,1.05,0.2813,3.3095,90.09,29.52,0.0,56.06,60.275
2025-01-10 10:00:00,10,49,49,5.0,7.0,36.0,1.0,0.0,1.0,10,9,34,1,35,1,59.133,1377.0,756.0,2471.0,59.133,4.0,10.98,roster,0,163.0,122.5,8.15,186.35,6.8017,1.225,0.8197,3.3265,105.1,30.39,13.4,57.45,61.775
2025-01-10 11:00:00,11,49,49,5.0,10.0,33.0,1.0,0.0,1.0,9,10,34,1,35,1,60.133,1178.0,688.0,2477.0,60.133,4.0,10.98,roster,0,166.0,122.5,8.3,186.49,7.2354,1.225,0.9107,3.3878,105.1,30.39,13.4,57.59,61.925
2025-01-10 12:00:00,12,55,55,4.0,10.0,40.0,1.0,0.0,1.0,10,10,32,3,35,3,61.133,882.0,204.0,1694.0,61.133,4.0,10.98,roster,0,182.0,137.5,9.1,207.95,7.5637,1.375,0.9107,3.3091,117.98,30.39,40.2,39.39,42.35
2025-01-10 13:00:00,13,49,49,4.0,11.0,33.0,1.0,0.0,1.0,7,7,28,3,31,3,62.133,824.0,180.0,1557.0,62.133,4.0,10.98,roster,0,165.0,122.5,4.5833,188.42,6.2718,1.225,0.6375,3.3673,105.1,26.92,40.2,36.2,38.925
2025-01-10 14:00:00,14,47,47,2.0,11.0,33.0,1.0,0.0,1.0,6,6,25,3,28,3,51.767,562.0,215.0,1321.0,51.767,4.0,10.98,roster,0,155.0,117.5,3.2292,176.04,5.6771,1.175,0.5464,3.2979,100.82,24.31,40.2,30.71,33.025
2025-01-10 15:00:00,15,39,39,3.0,10.0,26.0,0.0,0.0,1.0,4,3,20,1,21,1,27.95,318.0,211.0,1122.0,27.95,4.0,10.98,roster,0,133.0,97.5,1.75,121.38,4.2568,0.975,0.2732,3.4103,83.66,18.23,13.4,26.09,28.05
2025-01-10 16:00:00,16,40,40,2.0,10.0,28.0,0.0,0.0,1.0,7,7,17,2,19,2,28.95,335.0,235.0,1116.0,28.95,4.0,10.98,roster,0,134.0,100.0,1.5952,135.04,5.4857,1.0,0.6375,3.35,85.8,16.5,26.8,25.95,27.9
2025-01-10 17:00:00,17,39,39,2.0,7.0,30.0,0.0,0.0,1.0,8,8,19,1,20,1,29.95,391.5,295.0,1176.0,29.95,4.0,10.98,roster,0,128.0,97.5,1.6,121.76,5.5913,0.975,0.7286,3.2821,83.66,17.37,13.4,27.34,29.4
2025-01-10 18:00:00,18,41,41,2.0,10.0,29.0,0.0,0.0,1.0,9,10,19,1,20,1,30.95,451.5,355.0,1236.0,30.95,4.0,10.98,roster,0,137.0,102.5,1.7125,127.45,6.4682,1.025,0.9107,3.3415,87.94,17.37,13.4,28.74,30.9
2025-01-10 19:00:00,19,35,35,1.0,11.0,23.0,0.0,0.0,1.0,5,6,19,3,22,3,31.95,490.5,303.0,1168.0,31.95,4.0,10.98,roster,0,118.0,87.5,1.6389,141.53,4.7923,0.875,0.5464,3.3714,75.08,19.1,40.2,27.16,29.2
2025-01-10 20:00:00,20,36,36,1.0,11.0,24.0,0.0,0.0,1.0,10,10,17,3,20,3,28.017,499.0,252.0,635.0,28.017,4.0,11.75,roster,0,121.0,90.0,1.5125,129.55,5.8855,0.9,0.8511,3.3611,77.22,17.37,40.2,14.76,15.875
2025-01-10 21:00:00,21,34,34,1.0,10.0,22.0,1.0,0.0,1.0,8,8,19,2,21,2,29.017,547.0,252.0,655.0,29.017,4.0,11.75,roster,0,113.0,85.0,1.4868,113.19,5.0878,0.85,0.6809,3.3235,72.93,18.23,26.8,15.23,16.375
2025-01-10 22:00:00,22,32,32,2.0,10.0,19.0,1.0,0.0,1.0,3,3,20,2,22,2,30.017,598.5,255.0,715.0,30.017,3.0,7.88,roster,0,109.0,80.0,2.0185,111.17,4.0218,0.8,0.3807,3.4062,68.64,19.1,26.8,16.62,17.875
2025-01-10 23:00:00,23,36,36,3.0,9.0,24.0,0.0,0.0,1.0,10,10,21,2,23,2,31.017,650.0,300.0,775.0,31.017,3.0,7.88,roster,0,123.0,90.0,2.4118,122.01,7.4109,0.9,1.269,3.4167,77.22,19.97,26.8,18.02,19.375
2025-01-11 00:00:00,0,41,41,3.0,8.0,30.0,0.0,0.0,1.0,11,11,22,0,22,0,32.017,682.0,356.0,835.0,32.017,3.0,7.88,roster,0,137.0,102.5,2.537,106.46,8.0895,1.025,1.3959,3.3415,87.94,19.1,0.0,19.41,20.875
2025-01-11 01:00:00,1,35,35,3.0,8.0,24.0,0.0,0.0,1.0,3,2,22,1,23,1,33.017,714.0,338.0,895.0,33.017,3.0,7.88,roster,0,119.0,87.5,2.3333,109.25,3.8379,0.875,0.2538,3.4,75.08,19.97,13.4,20.81,22.375
2025-01-11 02:00:00,2,32,32,3.0,8.0,21.0,0.0,0.0,1.0,1,1,22,1,23,1,34.017,774.0,398.0,955.0,34.017,3.0,7.88,roster,0,110.0,80.0,2.1569,104.21,3.1862,0.8,0.1269,3.4375,68.64,19.97,13.4,22.2,23.875
2025-01-11 03:00:00,3,35,35,3.0,8.0,24.0,0.0,0.0,1.0,5,5,22,1,23,1,35.017,834.0,458.0,1015.0,35.017,3.0,7.88,roster,0,119.0,87.5,2.3333,112.04,5.1324,0.875,0.6345,3.4,75.08,19.97,13.4,23.6,25.375
2025-01-11 04:00:00,4,30,30,3.0,8.0,19.0,0.0,0.0,1.0,2,2,22,1,23,1,36.017,894.0,518.0,1075.0,36.017,3.0,7.88,roster,0,104.0,75.0,2.0392,102.71,3.4799,0.75,0.2538,3.4667,64.35,19.97,13.4,24.99,26.875
2025-01-11 05:00:00,5,29,29,3.0,7.0,19.0,0.0,0.0,1.0,0,0,22,1,23,1,37.017,954.0,578.0,1135.0,37.017,3.0,7.88,roster,0,100.0,72.5,1.9608,101.96,2.5,0.725,0.0,3.4483,62.2,19.97,13.4,26.39,28.375
2025-01-11 06:00:00,6,31,31,3.0,7.0,21.0,0.0,0.0,1.0,3,2,22,1,23,1,38.017,1014.0,638.0,1195.0,38.017,3.0,7.88,roster,0,106.0,77.5,2.0784,107.65,3.5179,0.775,0.2538,3.4194,66.5,19.97,13.4,27.78,29.875
2025-01-11 07:00:00,7,32,32,3.0,7.0,22.0,0.0,0.0,1.0,4,4,22,1,23,1,39.017,1074.0,698.0,1255.0,39.017,3.0,7.88,roster,0,109.0,80.0,2.1373,111.19,4.4541,0.8,0.5076,3.4062,68.64,19.97,13.4,29.18,31.375
2025-01-11 08:00:00,8,31,31,3.0,7.0,20.0,1.0,0.0,1.0,4,4,22,1,23,1,40.017,1134.0,758.0,1315.0,40.017,3.0,7.11,roster,0,105.0,77.5,2.0588,110.44,4.5305,0.775,0.5626,3.3871,66.5,19.97,13.4,30.57,32.875
2025-01-11 09:00:00,9,34,34,3.0,7.0,22.0,2.0,0.0,1.0,7,7,20,1,21,1,41.017,1194.0,896.0,1375.0,41.017,3.0,7.11,roster,0,113.0,85.0,1.9825,116.53,6.0971,0.85,0.9845,3.3235,72.93,18.23,13.4,31.97,34.375
2025-01-11 10:00:00,10,39,39,4.0,7.0,25.0,3.0,0.0,1.0,10,9,20,1,21,1,42.017,1254.0,956.0,1435.0,42.017,4.0,10.43,roster,0,129.0,97.5,1.6974,128.65,6.0792,0.975,0.8629,3.3077,83.66,18.23,13.4,33.36,35.875
2025-01-11 11:00:00,11,25,25,2.0,5.0,17.0,1.0,0.0,1.0,3,3,15,0,15,0,43.017,1152.0,850.0,1495.0,43.017,4.0,10.43,roster,0,83.0,62.5,0.83,81.41,3.0299,0.625,0.2876,3.32,53.62,13.02,0.0,34.76,37.375
2025-01-11 12:00:00,12,30,30,0.0,4.0,25.0,1.0,0.0,1.0,12,11,11,0,11,0,41.283,1080.0,152.0,1493.0,36.467,4.0,10.43,roster,0,93.0,75.0,0.8017,88.61,5.5944,0.75,1.0547,3.1,64.35,9.55,0.0,34.71,37.325
2025-01-11 13:00:00,13,34,34,0.0,6.0,26.0,2.0,0.0,1.0,9,9,13,1,14,1,42.283,207.5,111.0,1212.0,37.467,4.0,10.43,roster,0,106.0,85.0,1.0192,106.67,5.3402,0.85,0.8629,3.1176,72.93,12.16,13.4,28.18,30.3
2025-01-11 14:00:00,14,22,22,0.0,4.0,16.0,2.0,0.0,1.0,6,6,6,1,7,1,43.283,171.0,151.0,1272.0,26.883,4.0,10.43,roster,0,68.0,55.0,0.5152,76.24,3.4781,0.55,0.5753,3.0909,47.19,6.08,13.4,29.57,31.8
2025-01-11 15:00:00,15,25,25,1.0,2.0,20.0,2.0,0.0,1.0,12,11,2,1,3,1,44.283,231.0,228.0,332.0,5.533,4.0,10.43,roster,0,77.0,62.5,0.5203,57.35,5.1733,0.625,1.0547,3.08,53.62,2.6,13.4,7.72,8.3
2025-01-11 16:00:00,16,25,25,1.0,1.0,21.0,2.0,0.0,1.0,9,8,1,1,2,1,45.283,196.0,101.0,291.0,4.85,4.0,10.43,roster,0,76.0,62.5,0.5,55.53,4.2317,0.625,0.767,3.04,53.62,1.74,13.4,6.77,7.275
2025-01-11 17:00:00,17,23,23,0.0,1.0,18.0,4.0,0.0,1.0,11,9,4,1,5,1,46.283,100.0,65.0,161.0,5.85,4.0,10.43,roster,0,66.0,57.5,0.4714,50.82,4.1261,0.575,0.8629,2.8696,49.33,4.34,13.4,3.74,4.025
2025-01-11 18:00:00,18,17,17,0.0,1.0,11.0,4.0,1.0,1.0,6,6,4,1,5,1,47.283,98.0,92.0,221.0,6.85,4.0,10.43,roster,0,46.0,42.5,0.3286,39.34,2.7066,0.425,0.5753,2.7059,36.46,4.34,13.4,5.14,5.525
2025-01-11 19:00:00,19,18,18,0.0,1.0,13.0,3.0,1.0,1.0,12,10,3,1,4,1,48.283,155.0,152.0,471.0,7.85,4.0,10.43,roster,0,50.0,45.0,0.3472,46.43,3.9133,0.45,0.9588,2.7778,38.61,3.47,13.4,10.95,11.775
2025-01-11 20:00:00,20,14,14,0.0,1.0,10.0,2.0,1.0,1.0,4,4,3,0,3,0,49.283,161.0,107.0,212.0,3.533,4.0,11.65,roster,0,39.0,35.0,0.2635,17.56,1.9315,0.35,0.3433,2.7857,30.03,2.6,0.0,4.93,5.3
2025-01-11 21:00:00,21,16,16,0.0,1.0,12.0,2.0,1.0,1.0,8,8,2,0,2,0,50.283,194.0,167.0,221.0,3.683,4.0,11.65,roster,0,45.0,40.0,0.2961,21.19,3.0563,0.4,0.6867,2.8125,34.32,1.74,0.0,5.14,5.525
2025-01-11 22:00:00,22,16,16,0.0,2.0,13.0,0.0,1.0,1.0,9,8,2,0,2,0,51.283,164.0,101.0,227.0,3.783,3.0,8.33,roster,0,48.0,40.0,0.4211,21.33,4.0812,0.4,0.9604,3.0,34.32,1.74,0.0,5.28,5.675
2025-01-11 23:00:00,23,19,19,0.0,2.0,16.0,0.0,1.0,1.0,10,7,4,0,4,0,52.283,120.5,80.0,287.0,4.783,3.0,8.33,roster,0,57.0,47.5,0.5278,30.9,3.946,0.475,0.8403,3.0,40.75,3.47,0.0,6.67,7.175
2025-01-12 00:00:00,0,25,25,0.0,3.0,20.0,1.0,1.0,1.0,14,11,7,0,7,0,53.283,135.0,98.0,221.0,5.783,3.0,8.33,roster,0,75.0,62.5,0.7576,44.84,5.8366,0.625,1.3205,3.0,53.62,6.08,0.0,5.14,5.525
2025-01-12 01:00:00,1,25,25,0.0,4.0,19.0,1.0,1.0,1.0,8,6,7,0,7,0,54.283,195.0,158.0,281.0,6.783,3.0,8.33,roster,0,76.0,62.5,0.7677,46.24,4.0897,0.625,0.7203,3.04,53.62,6.08,0.0,6.53,7.025
2025-01-12 02:00:00,2,22,22,0.0,3.0,17.0,1.0,1.0,1.0,4,4,8,0,8,0,55.283,239.5,218.0,341.0,7.783,3.0,8.33,roster,0,66.0,55.0,0.6875,42.06,3.0906,0.55,0.4802,3.0,47.19,6.95,0.0,7.93,8.525
2025-01-12 03:00:00,3,21,21,0.0,3.0,16.0,1.0,1.0,1.0,4,4,8,0,8,0,56.283,299.5,278.0,401.0,8.783,3.0,8.33,roster,0,63.0,52.5,0.6562,41.31,3.0156,0.525,0.4802,3.0,45.04,6.95,0.0,9.32,10.025
2025-01-12 04:00:00,4,23,23,0.0,4.0,17.0,1.0,1.0,1.0,4,4,10,0,10,0,57.283,341.0,221.0,380.0,9.783,3.0,8.33,roster,0,70.0,57.5,0.7778,46.85,3.2115,0.575,0.4802,3.0435,49.33,8.68,0.0,8.84,9.5
2025-01-12 05:00:00,5,25,25,0.0,4.0,19.0,1.0,1.0,1.0,5,5,10,0,10,0,58.283,401.0,281.0,440.0,10.783,3.0,8.33,roster,0,76.0,62.5,0.8444,52.54,3.7247,0.625,0.6002,3.04,53.62,8.68,0.0,10.23,11.0
2025-01-12 06:00:00,6,20,20,0.0,3.0,16.0,0.0,1.0,1.0,1,0,10,0,10,0,59.283,461.0,341.0,500.0,11.783,3.0,8.33,roster,0,61.0,50.0,0.6778,43.21,1.525,0.5,0.0,3.05,42.9,8.68,0.0,11.62,12.5
2025-01-12 07:00:00,7,23,23,1.0,3.0,18.0,0.0,1.0,1.0,5,5,10,0,10,0,60.283,521.0,401.0,560.0,12.783,3.0,8.33,roster,0,72.0,57.5,0.8,51.04,3.679,0.575,0.6002,3.1304,49.33,8.68,0.0,13.02,14.0
2025-01-12 08:00:00,8,21,21,1.0,2.0,18.0,0.0,0.0,1.0,5,4,10,1,11,1,61.283,578.0,333.0,620.0,13.783,3.0,6.8,roster,0,67.0,52.5,0.7701,62.41,3.5518,0.525,0.5882,3.1905,45.04,9.55,13.4,14.42,15.5
2025-01-12 09:00:00,9,21,21,1.0,2.0,16.0,2.0,0.0,1.0,4,4,8,1,9,1,62.283,609.0,393.0,644.0,14.783,3.0,6.8,roster,0,65.0,52.5,0.6989,61.23,3.4457,0.525,0.5882,3.0952,45.04,7.81,13.4,14.97,16.1
2025-01-12 10:00:00,10,30,30,0.0,2.0,25.0,3.0,0.0,1.0,15,14,7,0,7,0,63.283,698.0,453.0,740.0,15.783,4.0,10.05,roster,0,89.0,75.0,0.6742,67.63,6.3577,0.75,1.393,2.9667,64.35,6.08,0.0,17.21,18.5
2025-01-12 11:00:00,11,30,30,0.0,1.0,26.0,3.0,0.0,1.0,8,9,9,0,9,0,64.283,128.0,89.0,729.0,13.333,4.0,10.05,roster,0,88.0,75.0,0.7097,69.11,4.8269,0.75,0.8955,2.9333,64.35,7.81,0.0,16.95,18.225
2025-01-12 12:00:00,12,39,39,0.0,1.0,31.0,7.0,0.0,1.0,21,20,7,0,7,0,65.283,155.0,125.0,573.0,13.15,4.0,10.05,roster,0,111.0,97.5,0.8409,83.06,8.439,0.975,1.99,2.8462,83.66,6.08,0.0,13.32,14.325
2025-01-12 13:00:00,13,44,44,2.0,1.0,33.0,8.0,0.0,1.0,14,13,11,0,11,0,66.283,185.0,101.0,248.0,14.15,4.0,10.05,roster,0,129.0,110.0,1.1121,89.7,7.0174,1.1,1.2935,2.9318,94.38,9.55,0.0,5.77,6.2
2025-01-12 14:00:00,14,44,44,2.0,2.0,28.0,12.0,0.0,1.0,17,16,10,1,11,1,67.283,161.0,117.0,308.0,15.15,4.0,10.05,roster,0,126.0,110.0,1.0862,104.49,7.709,1.1,1.592,2.8636,94.38,9.55,13.4,7.16,7.7
2025-01-12 15:00:00,15,46,46,2.0,2.0,30.0,12.0,0.0,1.0,18,17,7,1,8,1,68.283,183.0,172.0,335.0,16.15,4.0,10.05,roster,0,132.0,115.0,1.0312,106.81,8.154,1.15,1.6915,2.8696,98.67,6.95,13.4,7.79,8.375
2025-01-12 16:00:00,16,47,47,1.0,6.0,33.0,7.0,0.0,1.0,14,14,7,2,9,2,69.283,232.0,115.0,292.0,17.15,4.0,10.05,roster,0,142.0,117.5,1.1452,122.22,7.7587,1.175,1.393,3.0213,100.82,7.81,26.8,6.79,7.3
2025-01-12 17:00:00,17,40,40,1.0,5.0,30.0,4.0,0.0,1.0,10,10,10,2,12,2,70.283,151.5,107.0,352.0,18.15,4.0,10.05,roster,0,123.0,100.0,1.0982,111.2,6.1347,1.0,0.995,3.075,85.8,10.42,26.8,8.18,8.8
2025-01-12 18:00:00,18,39,39,2.0,5.0,26.0,6.0,0.0,1.0,13,10,12,1,13,1,71.283,188.0,138.0,369.0,19.15,4.0,10.05,roster,0,120.0,97.5,1.1111,96.92,6.0616,0.975,0.995,3.0769,83.66,11.29,13.4,8.58,9.225
2025-01-12 19:00:00,19,44,44,2.0,7.0,32.0,3.0,0.0,1.0,18,18,11,2,13,2,72.283,227.0,165.0,412.0,20.15,4.0,10.05,roster,0,140.0,110.0,1.2963,122.05,9.1988,1.1,1.791,3.1818,94.38,11.29,26.8,9.58,10.3
2025-01-12 20:00:00,20,50,50,3.0,8.0,34.0,4.0,1.0,1.0,19,18,8,2,10,2,73.283,297.5,225.0,489.0,21.15,4.0,10.48,roster,0,158.0,125.0,1.3167,134.1,9.3775,1.25,1.7176,3.16,107.25,8.68,26.8,11.37,12.225
2025-01-12 21:00:00,21,49,49,4.0,8.0,32.0,4.0,1.0,1.0,10,10,8,2,10,2,74.283,339.5,204.0,549.0,22.15,4.0,10.48,roster,0,157.0,122.5,1.3083,133.35,6.9823,1.225,0.9542,3.2041,105.1,8.68,26.8,12.76,13.725
2025-01-12 22:00:00,22,45,45,3.0,8.0,30.0,4.0,0.0,1.0,10,10,8,2,10,2,75.283,399.5,264.0,609.0,23.15,3.0,7.23,roster,0,145.0,112.5,1.6111,126.17,8.0817,1.125,1.3831,3.2222,96.52,8.68,26.8,14.16,15.225
2025-01-12 23:00:00,23,41,41,2.0,8.0,27.0,4.0,0.0,1.0,8,8,9,1,10,1,76.283,459.5,324.0,669.0,24.15,3.0,7.23,roster,0,131.0,102.5,1.4556,105.58,6.8104,1.025,1.1065,3.1951,87.94,8.68,13.4,15.55,16.725
2025-01-13 00:00:00,0,42,42,2.0,9.0,28.0,3.0,0.0,1.0,13,13,8,1,9,1,25.15,527.0,465.0,729.0,25.15,3.0,7.23,roster,0,136.0,105.0,1.4624,108.25,9.2223,1.05,1.7981,3.2381,90.09,7.81,13.4,16.95,18.225
2025-01-13 01:00:00,1,28,28,2.0,8.0,16.0,2.0,0.0,1.0,3,2,10,1,11,1,26.15,572.0,357.0,789.0,26.15,3.0,7.23,roster,0,94.0,70.0,1.0805,81.36,3.2787,0.7,0.2766,3.3571,60.06,9.55,13.4,18.34,19.725
2025-01-13 02:00:00,2,30,30,2.0,9.0,17.0,2.0,0.0,1.0,5,5,10,1,11,1,27.15,632.0,417.0,849.0,27.15,3.0,7.23,roster,0,101.0,75.0,1.1609,87.04,4.8533,0.75,0.6916,3.3667,64.35,9.55,13.4,19.74,21.225
2025-01-13 03:00:00,3,28,28,2.0,10.0,14.0,2.0,0.0,1.0,2,2,11,1,12,1,28.15,668.5,477.0,909.0,28.15,3.0,7.23,roster,0,96.0,70.0,1.1429,85.01,3.3484,0.7,0.2766,3.4286,60.06,10.42,13.4,21.13,22.725
2025-01-13 04:00:00,4,28,28,2.0,10.0,14.0,2.0,0.0,1.0,1,1,11,1,12,1,29.15,728.5,537.0,969.0,29.15,3.0,7.23,roster,0,96.0,70.0,1.1429,86.41,2.8742,0.7,0.1383,3.4286,60.06,10.42,13.4,22.53,24.225
2025-01-13 05:00:00,5,28,28,2.0,11.0,13.0,2.0,0.0,1.0,1,1,11,1,12,1,30.15,788.5,597.0,1029.0,30.15,3.0,7.23,roster,0,97.0,70.0,1.1548,87.8,2.9042,0.7,0.1383,3.4643,60.06,10.42,13.4,23.92,25.725
2025-01-13 06:00:00,6,26,26,2.0,9.0,13.0,2.0,0.0,1.0,1,1,11,1,12,1,31.15,848.5,657.0,1089.0,31.15,3.0,7.23,roster,0,89.0,65.0,1.0595,84.91,2.6985,0.65,0.1383,3.4231,55.77,10.42,13.4,25.32,27.225
2025-01-13 07:00:00,7,28,28,2.0,8.0,14.0,4.0,0.0,1.0,3,3,11,1,12,1,32.15,908.5,717.0,1149.0,32.15,3.0,7.23,roster,0,92.0,70.0,1.0952,90.59,3.6634,0.7,0.4149,3.2857,60.06,10.42,13.4,26.71,28.725
2025-01-13 08:00:00,8,24,24,2.0,8.0,12.0,2.0,0.0,1.0,2,1,11,1,12,1,33.15,968.5,777.0,1209.0,33.15,3.0,6.72,roster,0,82.0,60.0,0.9762,83.41,2.5584,0.6,0.1488,3.4167,51.48,10.42,13.4,28.11,30.225
2025-01-13 09:00:00,9,37,37,2.0,8.0,22.0,5.0,0.0,1.0,15,15,10,1,11,1,21.867,1005.0,593.0,1088.0,21.867,3.0,6.72,roster,0,118.0,92.5,1.3563,107.61,10.0687,0.925,2.2321,3.1892,79.36,9.55,13.4,25.3,27.2
2025-01-13 10:00:00,10,44,44,2.0,6.0,29.0,7.0,0.0,1.0,12,13,12,1,13,1,22.15,653.0,114.0,1112.0,22.15,4.0,11.7,roster,0,135.0,110.0,1.25,124.92,6.7841,1.1,1.1111,3.0682,94.38,11.29,13.4,25.85,27.8
2025-01-13 11:00:00,11,43,43,1.0,5.0,33.0,4.0,0.0,1.0,11,9,11,1,12,1,23.15,651.5,174.0,1172.0,23.15,4.0,11.7,roster,0,132.0,107.5,1.1786,123.3,5.6614,1.075,0.7692,3.0698,92.24,10.42,13.4,27.25,29.3
2025-01-13 12:00:00,12,44,44,1.0,3.0,33.0,7.0,0.0,1.0,11,10,13,1,14,1,24.15,253.0,154.0,1185.0,24.15,4.0,11.7,roster,0,130.0,110.0,1.25,127.49,5.7753,1.1,0.8547,2.9545,94.38,12.16,13.4,27.55,29.625
2025-01-13 13:00:00,13,35,35,1.0,3.0,27.0,4.0,0.0,1.0,6,6,14,1,15,1,25.15,240.0,135.0,1245.0,25.15,4.0,11.7,roster,0,106.0,87.5,1.06,110.45,4.2031,0.875,0.5128,3.0286,75.08,13.02,13.4,28.95,31.125
2025-01-13 14:00:00,14,29,29,2.0,2.0,20.0,5.0,0.0,1.0,8,8,11,0,11,0,26.15,195.0,128.0,893.0,26.15,4.0,11.7,roster,0,88.0,72.5,0.7586,72.52,4.2749,0.725,0.6838,3.0345,62.2,9.55,0.0,20.76,22.325
2025-01-13 15:00:00,15,29,29,2.0,1.0,20.0,6.0,0.0,1.0,11,10,8,0,8,0,25.183,202.5,188.0,414.0,15.883,4.0,11.7,roster,0,86.0,72.5,0.6719,58.78,4.6846,0.725,0.8547,2.9655,62.2,6.95,0.0,9.63,10.35
2025-01-13 16:00:00,16,25,25,1.0,1.0,20.0,3.0,0.0,1.0,9,9,4,0,4,0,26.183,156.5,118.0,315.0,5.25,4.0,11.7,roster,0,75.0,62.5,0.5208,44.42,4.1827,0.625,0.7692,3.0,53.62,3.47,0.0,7.32,7.875
2025-01-13 17:00:00,17,29,29,1.0,1.0,23.0,4.0,0.0,1.0,13,13,7,0,7,0,27.183,144.0,88.0,255.0,6.25,4.0,11.7,roster,0,86.0,72.5,0.6515,54.21,5.445,0.725,1.1111,2.9655,62.2,6.08,0.0,5.93,6.375
2025-01-13 18:00:00,18,34,34,1.0,2.0,26.0,5.0,0.0,1.0,11,11,9,0,9,0,23.033,163.0,103.0,238.0,7.25,4.0,11.7,roster,0,101.0,85.0,0.8145,66.28,5.3179,0.85,0.9402,2.9706,72.93,7.81,0.0,5.53,5.95
2025-01-13 19:00:00,19,32,32,0.0,3.0,27.0,2.0,0.0,1.0,8,8,12,1,13,1,24.033,150.0,102.0,223.0,8.25,4.0,11.7,roster,0,97.0,80.0,0.8981,78.51,4.4976,0.8,0.6838,3.0312,68.64,11.29,13.4,5.18,5.575
2025-01-13 20:00:00,20,30,30,0.0,4.0,26.0,0.0,0.0,1.0,10,9,13,1,14,1,25.033,189.5,125.0,283.0,9.25,4.0,12.71,roster,0,94.0,75.0,0.9038,76.49,4.5687,0.75,0.7081,3.1333,64.35,12.16,13.4,6.58,7.075
2025-01-13 21:00:00,21,28,28,1.0,5.0,22.0,0.0,0.0,1.0,9,7,14,0,14,0,26.033,220.5,178.0,343.0,10.25,4.0,12.71,roster,0,91.0,70.0,0.875,60.19,4.0649,0.7,0.5507,3.25,60.06,12.16,0.0,7.97,8.575
2025-01-13 22:00:00,22,30,30,3.0,3.0,24.0,0.0,0.0,1.0,7,7,15,0,15,0,27.033,279.0,185.0,403.0,11.25,3.0,7.73,roster,0,99.0,75.0,1.32,66.74,5.4634,0.75,0.9056,3.3,64.35,13.02,0.0,9.37,10.075
2025-01-13 23:00:00,23,36,36,3.0,1.0,31.0,1.0,0.0,1.0,10,10,16,0,16,0,28.033,322.0,245.0,463.0,12.25,3.0,7.73,roster,0,114.0,90.0,1.5833,81.88,6.9466,0.9,1.2937,3.1667,77.22,13.89,0.0,10.76,11.575
2025-01-14 00:00:00,0,34,34,3.0,3.0,28.0,0.0,0.0,1.0,7,7,16,0,16,0,29.033,382.0,305.0,523.0,13.25,3.0,7.73,roster,0,111.0,85.0,1.5417,78.98,5.7314,0.85,0.9056,3.2647,72.93,13.89,0.0,12.16,13.075
2025-01-14 01:00:00,1,35,35,4.0,3.0,28.0,0.0,0.0,1.0,7,7,18,0,18,0,30.033,423.5,264.0,553.0,14.25,3.0,7.73,roster,0,116.0,87.5,1.7576,83.56,5.9013,0.875,0.9056,3.3143,75.08,15.63,0.0,12.86,13.825
2025-01-14 02:00:00,2,34,34,4.0,3.0,27.0,0.0,0.0,1.0,5,5,20,0,20,0,31.033,480.0,312.0,613.0,15.25,3.0,7.73,roster,0,113.0,85.0,1.8833,84.55,4.9748,0.85,0.6468,3.3235,72.93,17.37,0.0,14.25,15.325
2025-01-14 03:00:00,3,32,32,4.0,3.0,25.0,0.0,0.0,1.0,4,3,20,0,20,0,32.033,540.0,372.0,673.0,16.25,3.0,7.73,roster,0,107.0,80.0,1.7833,81.65,3.9727,0.8,0.3881,3.3438,68.64,17.37,0.0,15.65,16.825
2025-01-14 04:00:00,4,32,32,4.0,4.0,24.0,0.0,0.0,1.0,3,3,20,0,20,0,33.033,600.0,432.0,733.0,17.25,3.0,7.73,roster,0,108.0,80.0,1.8,83.05,4.0098,0.8,0.3881,3.375,68.64,17.37,0.0,17.04,18.325
2025-01-14 05:00:00,5,32,32,5.0,4.0,23.0,0.0,0.0,1.0,3,3,20,0,20,0,34.033,660.0,492.0,793.0,18.25,3.0,7.73,roster,0,110.0,80.0,1.8333,84.44,4.0841,0.8,0.3881,3.4375,68.64,17.37,0.0,18.44,19.825
2025-01-14 06:00:00,6,34,34,5.0,4.0,24.0,1.0,0.0,1.0,4,4,20,1,21,1,35.033,718.0,493.0,810.0,19.25,3.0,7.73,roster,0,115.0,85.0,2.0175,103.4,4.6252,0.85,0.5175,3.3824,72.93,18.23,13.4,18.83,20.25
2025-01-14 07:00:00,7,32,32,5.0,3.0,24.0,0.0,0.0,1.0,1,1,20,1,21,1,36.033,778.0,553.0,870.0,20.25,3.0,7.73,roster,0,109.0,80.0,1.9123,100.5,3.1657,0.8,0.1294,3.4062,68.64,18.23,13.4,20.23,21.75
2025-01-14 08:00:00,8,30,30,3.0,3.0,24.0,0.0,0.0,1.0,4,4,19,1,20,1,37.033,840.0,672.0,973.0,21.25,3.0,6.35,roster,0,99.0,75.0,1.65,97.74,4.5537,0.75,0.6299,3.3,64.35,17.37,13.4,22.62,24.325
2025-01-14 09:00:00,9,29,29,4.0,3.0,22.0,0.0,0.0,1.0,4,4,17,1,18,1,38.033,900.0,732.0,990.0,22.25,3.0,6.35,roster,0,98.0,72.5,1.4848,94.25,4.5787,0.725,0.6299,3.3793,62.2,15.63,13.4,23.02,24.75
2025-01-14 10:00:00,10,35,35,4.0,3.0,26.0,2.0,0.0,1.0,8,8,18,2,20,2,39.033,931.5,629.0,1050.0,23.25,4.0,9.67,roster,0,114.0,87.5,1.425,123.65,5.5446,0.875,0.8273,3.2571,75.08,17.37,26.8,24.41,26.25
2025-01-14 11:00:00,11,38,38,4.0,3.0,27.0,4.0,0.0,1.0,9,9,16,2,18,2,40.033,858.0,277.0,1022.0,24.25,4.0,9.67,roster,0,121.0,95.0,1.375,127.7,5.9886,0.95,0.9307,3.1842,81.51,15.63,26.8,23.76,25.55
2025-01-14 12:00:00,12,38,38,3.0,4.0,29.0,2.0,0.0,1.0,8,7,18,2,20,2,41.033,710.0,175.0,1078.0,25.25,4.0,9.67,roster,0,122.0,95.0,1.525,130.74,5.3741,0.95,0.7239,3.2105,81.51,17.37,26.8,25.06,26.95
2025-01-14 13:00:00,13,36,36,1.0,7.0,27.0,1.0,0.0,1.0,8,7,17,2,19,2,42.033,284.0,145.0,1055.0,22.967,4.0,9.67,roster,0,116.0,90.0,1.381,125.05,5.2325,0.9,0.7239,3.2222,77.22,16.5,26.8,24.53,26.375
2025-01-14 14:00:00,14,41,41,1.0,6.0,33.0,1.0,0.0,1.0,13,12,16,3,19,3,43.033,230.0,158.0,814.0,20.033,4.0,9.67,roster,0,130.0,102.5,1.5476,143.57,7.1847,1.025,1.241,3.1707,87.94,16.5,40.2,18.93,20.35
2025-01-14 15:00:00,15,46,46,0.0,6.0,40.0,0.0,0.0,1.0,11,11,21,2,23,2,44.033,231.0,112.0,355.0,21.033,4.0,9.67,roster,0,144.0,115.0,2.1176,133.69,7.161,1.15,1.1375,3.1304,98.67,19.97,26.8,8.25,8.875
2025-01-14 16:00:00,16,49,49,0.0,7.0,42.0,0.0,0.0,1.0,13,12,21,2,23,2,40.8,270.0,151.0,378.0,22.033,4.0,9.67,roster,0,154.0,122.5,2.2647,140.66,7.7501,1.225,1.241,3.1429,105.1,19.97,26.8,8.79,9.45
2025-01-14 17:00:00,17,51,51,1.0,7.0,43.0,0.0,0.0,1.0,10,10,23,3,26,3,41.8,257.5,166.0,385.0,23.033,4.0,9.67,roster,0,162.0,127.5,2.8929,161.12,7.3349,1.275,1.0341,3.1765,109.39,22.58,40.2,8.95,9.625
2025-01-14 18:00:00,18,53,53,1.0,7.0,42.0,2.0,1.0,1.0,10,10,24,2,26,2,42.8,300.5,222.0,445.0,24.033,4.0,9.67,roster,0,164.0,132.5,2.9286,153.41,7.2999,1.325,1.0341,3.0943,113.68,22.58,26.8,10.35,11.125
2025-01-14 19:00:00,19,49,49,1.0,6.0,36.0,4.0,2.0,1.0,8,8,24,2,26,2,43.8,339.0,204.0,498.0,25.033,4.0,9.67,roster,0,147.0,122.5,2.625,146.06,6.1569,1.225,0.8273,3.0,105.1,22.58,26.8,11.58,12.45
2025-01-14 20:00:00,20,47,47,1.0,6.0,37.0,3.0,0.0,1.0,8,6,22,3,25,3,44.8,368.0,241.0,531.0,26.033,4.0,10.65,roster,0,146.0,117.5,2.4333,155.07,5.4001,1.175,0.5634,3.1064,100.82,21.71,40.2,12.35,13.275
2025-01-14 21:00:00,21,46,46,3.0,7.0,32.0,3.0,1.0,1.0,8,7,19,2,21,2,45.8,472.0,301.0,618.0,27.033,4.0,10.65,roster,0,146.0,115.0,1.9211,138.07,5.7361,1.15,0.6573,3.1739,98.67,18.23,26.8,14.37,15.45
2025-01-14 22:00:00,22,42,42,5.0,7.0,27.0,3.0,0.0,1.0,9,8,21,3,24,3,46.8,448.0,253.0,678.0,28.033,3.0,7.33,roster,0,140.0,105.0,2.9167,146.89,7.138,1.05,1.0914,3.3333,90.09,20.84,40.2,15.76,16.95
2025-01-14 23:00:00,23,44,44,5.0,8.0,29.0,2.0,0.0,1.0,6,5,24,3,27,3,47.8,455.0,207.0,711.0,29.033,3.0,7.33,roster,0,148.0,110.0,3.7949,154.56,5.9944,1.1,0.6821,3.3636,94.38,23.44,40.2,16.53,17.775
2025-01-15 00:00:00,0,41,41,4.0,8.0,27.0,2.0,0.0,1.0,5,5,25,2,27,2,48.8,515.0,267.0,771.0,30.033,3.0,7.33,roster,0,137.0,102.5,3.5128,136.12,5.7043,1.025,0.6821,3.3415,87.94,23.44,26.8,17.93,19.275
2025-01-15 01:00:00,1,37,37,4.0,6.0,25.0,2.0,0.0,1.0,5,4,24,2,26,2,49.8,592.5,415.0,831.0,31.033,3.0,7.33,roster,0,123.0,92.5,2.9286,128.06,4.8891,0.925,0.5457,3.3243,79.36,22.58,26.8,19.32,20.775
2025-01-15 02:00:00,2,43,43,4.0,6.0,32.0,1.0,0.0,1.0,9,9,23,2,25,2,50.8,635.0,475.0,870.0,31.083,3.0,7.33,roster,0,142.0,107.5,3.1556,140.97,7.6047,1.075,1.2278,3.3023,92.24,21.71,26.8,20.23,21.75
2025-01-15 03:00:00,3,36,36,4.0,6.0,25.0,1.0,0.0,1.0,1,1,24,2,26,2,51.8,689.5,447.0,930.0,32.083,3.0,7.33,roster,0,121.0,90.0,2.881,128.22,3.4835,0.9,0.1364,3.3611,77.22,22.58,26.8,21.62,23.25
2025-01-15 04:00:00,4,37,37,5.0,7.0,24.0,1.0,0.0,1.0,5,5,24,2,26,2,52.8,749.5,507.0,990.0,33.083,3.0,7.33,roster,0,127.0,92.5,3.0238,131.76,5.5164,0.925,0.6821,3.4324,79.36,22.58,26.8,23.02,24.75
2025-01-15 05:00:00,5,38,38,5.0,7.0,25.0,1.0,0.0,1.0,1,1,25,2,27,2,53.8,804.0,511.0,1050.0,34.083,3.0,7.33,roster,0,130.0,95.0,3.3333,136.17,3.7167,0.95,0.1364,3.4211,81.51,23.44,26.8,24.41,26.25
2025-01-15 06:00:00,6,39,39,5.0,7.0,26.0,1.0,0.0,1.0,3,3,25,2,27,2,54.8,864.0,571.0,1110.0,35.083,3.0,7.33,roster,0,133.0,97.5,3.4103,139.71,4.7207,0.975,0.4093,3.4103,83.66,23.44,26.8,25.81,27.75
2025-01-15 07:00:00,7,40,40,5.0,7.0,27.0,1.0,0.0,1.0,4,4,25,2,27,2,55.8,924.0,631.0,1170.0,36.083,3.0,7.33,roster,0,136.0,100.0,3.4872,143.25,5.2554,1.0,0.5457,3.4,85.8,23.44,26.8,27.2,29.25
2025-01-15 08:00:00,8,45,45,5.0,8.0,31.0,1.0,0.0,1.0,8,8,26,2,28,2,56.8,972.5,691.0,1230.0,37.083,3.0,7.73,roster,0,152.0,112.5,4.2222,156.24,7.2958,1.125,1.0349,3.3778,96.52,24.31,26.8,28.6,30.75
2025-01-15 09:00:00,9,49,49,5.0,8.0,33.0,3.0,0.0,1.0,7,7,29,2,31,2,57.8,1013.0,679.0,1226.0,38.083,3.0,7.73,roster,0,162.0,122.5,6.0,167.33,7.0439,1.225,0.9056,3.3061,105.1,26.92,26.8,28.5,30.65
2025-01-15 10:00:00,10,52,52,5.0,10.0,32.0,5.0,0.0,1.0,7,7,28,2,30,2,58.8,969.5,689.0,1252.0,39.083,4.0,10.82,roster,0,171.0,130.0,4.275,173.5,6.4025,1.3,0.647,3.2885,111.54,26.05,26.8,29.11,31.3
2025-01-15 11:00:00,11,49,49,3.0,10.0,30.0,6.0,0.0,1.0,7,7,28,3,31,3,59.8,927.0,268.0,1246.0,40.083,4.0,10.82,roster,0,157.0,122.5,4.3611,181.19,5.9979,1.225,0.647,3.2041,105.1,26.92,40.2,28.97,31.15
2025-01-15 12:00:00,12,43,43,3.0,11.0,24.0,5.0,0.0,1.0,6,6,25,3,28,3,60.8,935.5,240.0,1235.0,41.083,4.0,10.82,roster,0,141.0,107.5,2.9375,165.46,5.3433,1.075,0.5545,3.2791,92.24,24.31,40.2,28.71,30.875
2025-01-15 13:00:00,13,40,40,3.0,11.0,22.0,4.0,0.0,1.0,3,3,24,4,28,4,61.8,769.0,220.0,1295.0,42.083,4.0,10.82,roster,0,133.0,100.0,2.7708,173.82,4.2469,1.0,0.2773,3.325,85.8,24.31,53.6,30.11,32.375
2025-01-15 14:00:00,14,38,38,2.0,11.0,22.0,3.0,0.0,1.0,6,6,19,4,23,4,62.8,652.0,250.0,1344.0,43.083,4.0,10.82,roster,0,126.0,95.0,1.8529,166.33,4.9887,0.95,0.5545,3.3158,81.51,19.97,53.6,31.25,33.6
2025-01-15 15:00:00,15,43,43,4.0,10.0,21.0,8.0,0.0,1.0,10,10,20,4,24,4,63.8,464.0,236.0,1381.0,44.083,4.0,10.82,roster,0,139.0,107.5,2.1719,178.78,6.4626,1.075,0.9242,3.2326,92.24,20.84,53.6,32.11,34.525
2025-01-15 16:00:00,16,41,41,4.0,8.0,22.0,7.0,0.0,1.0,8,8,20,4,24,4,64.8,455.5,262.0,1433.0,45.083,4.0,10.82,roster,0,132.0,102.5,2.0625,175.7,5.6804,1.025,0.7394,3.2195,87.94,20.84,53.6,33.32,35.825
2025-01-15 17:00:00,17,40,40,3.0,8.0,24.0,5.0,0.0,1.0,6,6,22,3,25,3,65.8,467.0,193.0,1184.0,46.083,4.0,10.82,roster,0,129.0,100.0,2.15,155.24,5.0134,1.0,0.5545,3.225,85.8,21.71,40.2,27.53,29.6
2025-01-15 18:00:00,18,41,41,2.0,8.0,24.0,7.0,0.0,1.0,7,7,25,3,28,3,47.083,437.5,177.0,1244.0,47.083,4.0,10.82,roster,0,128.0,102.5,2.6667,161.38,5.2197,1.025,0.647,3.122,87.94,24.31,40.2,28.92,31.1
2025-01-15 19:00:00,19,45,45,2.0,9.0,27.0,7.0,0.0,1.0,7,6,25,4,29,4,48.083,458.0,227.0,1229.0,48.083,4.0,10.82,roster,0,141.0,112.5,3.2045,183.88,5.2625,1.125,0.5545,3.1333,96.52,25.18,53.6,28.57,30.725
2025-01-15 20:00:00,20,42,42,2.0,9.0,26.0,5.0,0.0,1.0,5,5,25,4,29,4,49.083,502.0,269.0,1289.0,49.083,4.0,10.32,roster,0,134.0,105.0,3.0455,178.84,4.8958,1.05,0.4845,3.1905,90.09,25.18,53.6,29.97,32.225
2025-01-15 21:00:00,21,36,36,3.0,8.0,20.0,5.0,0.0,1.0,6,6,21,2,23,2,33.85,562.0,291.0,1349.0,33.85,4.0,10.32,roster,0,117.0,90.0,1.7206,135.36,4.8145,0.9,0.5814,3.25,77.22,19.97,26.8,31.36,33.725
2025-01-15 22:00:00,22,34,34,3.0,7.0,21.0,3.0,0.0,1.0,6,6,22,1,23,1,34.85,622.0,351.0,1409.0,34.85,3.0,7.23,roster,0,112.0,85.0,2.1961,119.06,5.5337,0.85,0.8299,3.2941,72.93,19.97,13.4,32.76,35.225
2025-01-15 23:00:00,23,34,34,3.0,7.0,22.0,2.0,0.0,1.0,6,6,22,0,22,0,35.85,597.5,408.0,1269.0,35.85,3.0,7.23,roster,0,113.0,85.0,2.0926,101.54,5.5831,0.85,0.8299,3.3235,72.93,19.1,0.0,29.5,31.725
2025-01-16 00:00:00,0,37,37,3.0,5.0,26.0,3.0,0.0,1.0,10,9,23,0,23,0,36.85,573.0,440.0,1329.0,36.85,3.0,7.23,roster,0,119.0,92.5,2.3333,110.24,6.9786,0.925,1.2448,3.2162,79.36,19.97,0.0,30.9,33.225
2025-01-16 01:00:00,1,33,33,3.0,5.0,21.0,4.0,0.0,1.0,4,3,23,0,23,0,37.85,633.0,500.0,1389.0,37.85,3.0,7.23,roster,0,106.0,82.5,2.0784,103.05,3.9828,0.825,0.4149,3.2121,70.78,19.97,0.0,32.29,34.725
2025-01-16 02:00:00,2,29,29,3.0,5.0,19.0,2.0,0.0,1.0,1,1,23,0,23,0,38.85,693.0,560.0,1449.0,38.85,3.0,7.23,roster,0,96.0,72.5,1.8824,95.87,2.8579,0.725,0.1383,3.3103,62.2,19.97,0.0,33.69,36.225
2025-01-16 03:00:00,3,28,28,3.0,5.0,18.0,2.0,0.0,1.0,4,2,23,0,23,0,39.85,753.0,620.0,1509.0,39.85,3.0,7.23,roster,0,93.0,70.0,1.8235,95.12,3.2438,0.7,0.2766,3.3214,60.06,19.97,0.0,35.08,37.725
2025-01-16 04:00:00,4,33,33,3.0,5.0,22.0,3.0,0.0,1.0,5,5,24,0,24,0,40.85,803.0,680.0,1569.0,40.85,3.0,7.23,roster,0,107.0,82.5,2.2292,108.1,4.9173,0.825,0.6916,3.2424,70.78,20.84,0.0,36.48,39.225
2025-01-16 05:00:00,5,32,32,3.0,5.0,22.0,2.0,0.0,1.0,3,2,25,0,25,0,41.85,853.0,724.0,1260.0,41.85,3.0,7.23,roster,0,105.0,80.0,2.3333,99.64,3.5327,0.8,0.2766,3.2812,68.64,21.71,0.0,29.3,31.5
2025-01-16 06:00:00,6,33,33,3.0,5.0,23.0,2.0,0.0,1.0,1,1,25,0,25,0,42.85,913.0,784.0,1320.0,42.85,3.0,7.23,roster,0,108.0,82.5,2.4,103.18,3.1527,0.825,0.1383,3.2727,70.78,21.71,0.0,30.69,33.0
2025-01-16 07:00:00,7,33,33,3.0,5.0,22.0,3.0,0.0,1.0,3,3,25,0,25,0,43.85,973.0,844.0,1380.0,43.85,3.0,7.23,roster,0,107.0,82.5,2.3778,104.58,4.0204,0.825,0.4149,3.2424,70.78,21.71,0.0,32.08,34.5
2025-01-16 08:00:00,8,33,33,3.0,6.0,21.0,3.0,0.0,1.0,5,4,26,0,26,0,44.85,1025.0,803.0,1440.0,44.85,3.0,7.75,roster,0,108.0,82.5,2.5714,106.84,4.3891,0.825,0.5161,3.2727,70.78,22.58,0.0,33.48,36.0
2025-01-16 09:00:00,9,33,33,3.0,5.0,22.0,3.0,0.0,1.0,4,4,23,0,23,0,44.15,1093.0,863.0,1500.0,44.15,3.0,7.75,roster,0,107.0,82.5,2.098,105.63,4.3485,0.825,0.5161,3.2424,70.78,19.97,0.0,34.88,37.5
2025-01-16 10:00:00,10,39,39,3.0,5.0,27.0,4.0,0.0,1.0,8,8,24,0,24,0,45.15,1145.0,923.0,1560.0,45.15,4.0,11.07,roster,0,124.0,97.5,1.9375,120.76,5.3977,0.975,0.7227,3.1795,83.66,20.84,0.0,36.27,39.0
2025-01-16 11:00:00,11,37,37,2.0,6.0,27.0,2.0,0.0,1.0,6,6,22,0,22,0,46.15,1205.0,796.0,1547.0,46.15,4.0,11.07,roster,0,119.0,92.5,1.6528,114.44,4.7182,0.925,0.542,3.2162,79.36,19.1,0.0,35.97,38.675
2025-01-16 12:00:00,12,32,32,3.0,5.0,22.0,2.0,0.0,1.0,6,5,19,0,19,0,38.733,1191.0,821.0,1557.0,38.733,4.0,11.07,roster,0,105.0,80.0,1.25,101.34,4.107,0.8,0.4517,3.2812,68.64,16.5,0.0,36.2,38.925
2025-01-16 13:00:00,13,32,32,3.0,4.0,24.0,1.0,0.0,1.0,6,6,18,0,18,0,35.15,1235.5,606.0,1538.0,35.15,4.0,11.07,roster,0,105.0,80.0,1.1932,100.03,4.4035,0.8,0.542,3.2812,68.64,15.63,0.0,35.76,38.45
2025-01-16 14:00:00,14,36,36,3.0,4.0,27.0,2.0,0.0,1.0,6,6,22,0,22,0,36.15,958.5,166.0,1393.0,36.15,4.0,11.07,roster,0,116.0,90.0,1.6111,108.71,4.6465,0.9,0.542,3.2222,77.22,19.1,0.0,32.39,34.825
2025-01-16 15:00:00,15,38,38,3.0,5.0,27.0,3.0,0.0,1.0,8,8,22,0,22,0,31.0,863.5,176.0,1437.0,31.0,4.0,11.07,roster,0,122.0,95.0,1.6944,114.02,5.3702,0.95,0.7227,3.2105,81.51,19.1,0.0,33.41,35.925
2025-01-16 16:00:00,16,38,38,3.0,6.0,27.0,2.0,0.0,1.0,9,9,21,0,21,0,32.0,1061.0,225.0,1497.0,32.0,4.0,11.07,roster,0,124.0,95.0,1.6316,114.55,5.753,0.95,0.813,3.2632,81.51,18.23,0.0,34.81,37.425
2025-01-16 17:00:00,17,45,45,3.0,7.0,32.0,3.0,0.0,1.0,8,8,24,2,26,2,33.0,381.5,161.0,1491.0,33.0,4.0,11.07,roster,0,145.0,112.5,2.5893,160.57,5.9536,1.125,0.7227,3.2222,96.52,22.58,26.8,34.67,37.275
2025-01-16 18:00:00,18,49,49,4.0,7.0,33.0,5.0,0.0,1.0,7,7,25,3,28,3,34.0,377.0,182.0,1551.0,34.0,4.0,11.07,roster,0,157.0,122.5,3.2708,185.68,5.9511,1.225,0.6323,3.2041,105.1,24.31,40.2,36.06,38.775
2025-01-16 19:00:00,19,48,48,4.0,6.0,31.0,7.0,0.0,1.0,10,8,24,3,27,3,35.0,466.0,205.0,1611.0,35.0,4.0,11.07,roster,0,151.0,120.0,2.9038,184.06,6.0484,1.2,0.7227,3.1458,102.96,23.44,40.2,37.46,40.275
2025-01-16 20:00:00,20,45,45,4.0,4.0,31.0,6.0,0.0,1.0,8,8,21,2,23,2,36.0,526.0,265.0,1671.0,36.0,4.0,11.66,roster,0,141.0,112.5,2.0735,162.15,5.6748,1.125,0.6861,3.1333,96.52,19.97,26.8,38.85,41.775
2025-01-16 21:00:00,21,49,49,4.0,6.0,35.0,4.0,0.0,1.0,15,13,23,2,25,2,37.0,528.0,308.0,1583.0,37.0,4.0,11.66,roster,0,157.0,122.5,2.6167,170.42,7.4973,1.225,1.1149,3.2041,105.1,21.71,26.8,36.8,39.575
2025-01-16 22:00:00,22,46,46,6.0,6.0,32.0,2.0,0.0,1.0,7,8,24,2,26,2,38.0,586.5,305.0,1643.0,38.0,3.0,8.34,roster,0,154.0,115.0,3.6667,166.25,7.0613,1.15,0.9592,3.3478,98.67,22.58,26.8,38.2,41.075
2025-01-16 23:00:00,23,50,50,6.0,4.0,32.0,8.0,0.0,1.0,13,11,24,2,26,2,39.0,646.5,346.0,1703.0,39.0,3.0,8.34,roster,0,158.0,125.0,3.7619,176.22,8.1179,1.25,1.3189,3.16,107.25,22.58,26.8,39.59,42.575
2025-01-17 00:00:00,0,48,48,6.0,6.0,29.0,7.0,0.0,1.0,10,7,24,2,26,2,40.0,706.5,406.0,1763.0,40.0,3.0,8.34,roster,0,155.0,120.0,3.6905,173.33,6.5853,1.2,0.8393,3.2292,102.96,22.58,26.8,40.99,44.075
2025-01-17 01:00:00,1,41,41,6.0,5.0,27.0,3.0,0.0,1.0,4,4,24,2,26,2,41.0,766.5,466.0,1823.0,41.0,3.0,8.34,roster,0,137.0,102.5,3.2619,159.71,5.0276,1.025,0.4796,3.3415,87.94,22.58,26.8,42.38,45.575
2025-01-17 02:00:00,2,36,36,4.0,5.0,26.0,1.0,0.0,1.0,3,2,24,0,24,0,42.0,857.0,566.0,2031.0,42.0,3.0,8.34,roster,0,120.0,90.0,2.5,125.28,3.7994,0.9,0.2398,3.3333,77.22,20.84,0.0,47.22,50.775
2025-01-17 03:00:00,3,38,38,4.0,5.0,27.0,2.0,0.0,1.0,4,3,24,0,24,0,43.0,917.0,626.0,2091.0,43.0,3.0,8.34,roster,0,125.0,95.0,2.6042,130.97,4.3083,0.95,0.3597,3.2895,81.51,20.84,0.0,48.62,52.275
2025-01-17 04:00:00,4,35,35,4.0,5.0,25.0,1.0,0.0,1.0,2,1,25,0,25,0,44.0,948.0,665.0,2003.0,44.0,3.0,8.34,roster,0,117.0,87.5,2.6,123.35,3.3258,0.875,0.1199,3.3429,75.08,21.71,0.0,46.57,50.075
2025-01-17 05:00:00,5,40,40,4.0,5.0,27.0,4.0,0.0,1.0,6,6,25,0,25,0,45.0,1008.0,725.0,2063.0,45.0,3.0,8.34,roster,0,129.0,100.0,2.8667,135.47,5.5451,1.0,0.7194,3.225,85.8,21.71,0.0,47.96,51.575
2025-01-17 06:00:00,6,38,38,4.0,6.0,27.0,1.0,0.0,1.0,4,4,26,0,26,0,46.0,1066.5,766.0,2123.0,46.0,3.0,8.34,roster,0,127.0,95.0,3.0238,133.45,4.7779,0.95,0.4796,3.3421,81.51,22.58,0.0,49.36,53.075
2025-01-17 07:00:00,7,36,36,4.0,6.0,25.0,1.0,0.0,1.0,4,4,26,0,26,0,47.0,1126.5,826.0,2183.0,47.0,3.0,8.34,roster,0,121.0,90.0,2.881,130.55,4.637,0.9,0.4796,3.3611,77.22,22.58,0.0,50.75,54.575
2025-01-17 08:00:00,8,38,38,4.0,8.0,25.0,1.0,0.0,1.0,6,6,26,0,26,0,48.0,1186.5,886.0,2243.0,48.0,3.0,6.68,roster,0,129.0,95.0,3.0714,136.24,6.2742,0.95,0.8982,3.3947,81.51,22.58,0.0,52.15,56.075
2025-01-17 09:00:00,9,40,40,4.0,9.0,26.0,1.0,0.0,1.0,5,5,26,0,26,0,49.0,1232.0,937.0,2303.0,49.0,3.0,6.68,roster,0,136.0,100.0,3.2381,141.92,5.9449,1.0,0.7485,3.4,85.8,22.58,0.0,53.54,57.575
2025-01-17 10:00:00,10,46,46,5.0,7.0,33.0,1.0,0.0,1.0,10,10,28,0,28,0,50.0,1161.5,846.0,2176.0,50.0,4.0,10.38,roster,0,154.0,115.0,3.2083,153.57,7.0753,1.15,0.9634,3.3478,98.67,24.31,0.0,50.59,54.4
2025-01-17 11:00:00,11,49,49,4.0,8.0,34.0,3.0,0.0,1.0,14,15,22,1,23,1,43.95,1066.0,206.0,1426.0,43.95,4.0,10.38,roster,0,160.0,122.5,2.3529,151.63,8.7187,1.225,1.4451,3.2653,105.1,19.97,13.4,33.15,35.65
2025-01-17 12:00:00,12,55,55,4.0,9.0,37.0,5.0,0.0,1.0,19,19,22,1,23,1,44.95,544.0,113.0,1486.0,44.95,4.0,10.38,roster,0,177.0,137.5,2.6029,165.9,10.3157,1.375,1.8304,3.2182,117.98,19.97,13.4,34.55,37.15
2025-01-17 13:00:00,13,56,56,4.0,10.0,35.0,7.0,0.0,1.0,9,10,28,3,31,3,45.95,256.0,118.0,1322.0,45.95,4.0,10.38,roster,0,179.0,140.0,4.9722,197.97,7.5544,1.4,0.9634,3.1964,120.12,26.92,40.2,30.74,33.05
2025-01-17 14:00:00,14,54,54,3.0,11.0,32.0,8.0,0.0,1.0,8,7,25,3,28,3,46.95,245.0,156.0,1286.0,46.95,4.0,10.38,roster,0,171.0,135.0,3.5625,190.24,6.4105,1.35,0.6744,3.1667,115.83,24.31,40.2,29.9,32.15
2025-01-17 15:00:00,15,48,48,3.0,11.0,29.0,5.0,0.0,1.0,5,5,21,4,25,4,47.95,268.0,208.0,458.0,47.95,4.0,10.38,roster,0,156.0,120.0,2.6,168.92,5.4655,1.2,0.4817,3.25,102.96,21.71,53.6,10.65,11.45
2025-01-17 16:00:00,16,32,32,3.0,7.0,18.0,4.0,0.0,1.0,3,3,17,3,20,3,25.683,307.5,262.0,438.0,25.683,4.0,10.38,roster,0,105.0,80.0,1.3125,116.39,3.5733,0.8,0.289,3.2812,68.64,17.37,40.2,10.18,10.95
2025-01-17 17:00:00,17,37,37,3.0,9.0,20.0,5.0,0.0,1.0,7,6,17,3,20,3,26.683,367.5,322.0,498.0,26.683,4.0,10.38,roster,0,121.0,92.5,1.5125,128.51,4.9153,0.925,0.578,3.2703,79.36,17.37,40.2,11.58,12.45
2025-01-17 18:00:00,18,42,42,4.0,12.0,22.0,4.0,0.0,1.0,8,8,19,4,23,4,27.683,396.0,259.0,504.0,27.683,4.0,10.38,roster,0,142.0,105.0,2.0882,155.38,6.1557,1.05,0.7707,3.381,90.09,19.97,53.6,11.72,12.6
2025-01-17 19:00:00,19,43,43,3.0,13.0,25.0,2.0,0.0,1.0,8,8,18,4,22,4,28.683,465.0,257.0,564.0,28.683,4.0,10.38,roster,0,146.0,107.5,2.0278,158.05,6.2668,1.075,0.7707,3.3953,92.24,19.1,53.6,13.11,14.1
2025-01-17 20:00:00,20,40,40,2.0,13.0,23.0,2.0,0.0,1.0,10,9,15,3,18,3,29.683,525.0,210.0,678.0,29.683,4.0,10.51,roster,0,135.0,100.0,1.5341,137.39,6.2651,1.0,0.8563,3.375,85.8,15.63,40.2,15.76,16.95
2025-01-17 21:00:00,21,34,34,2.0,12.0,19.0,1.0,0.0,1.0,9,7,11,2,13,2,30.683,572.0,233.0,756.0,30.683,4.0,10.51,roster,0,117.0,85.0,1.0833,108.59,5.2169,0.85,0.666,3.4412,72.93,11.29,26.8,17.58,18.9
2025-01-17 22:00:00,22,30,30,2.0,10.0,17.0,1.0,0.0,1.0,11,10,9,1,10,1,31.683,654.5,330.0,1726.0,31.683,3.0,6.81,roster,0,103.0,75.0,1.1444,106.56,7.6166,0.75,1.4684,3.4333,64.35,8.68,13.4,40.13,43.15
2025-01-17 23:00:00,23,41,41,2.0,11.0,23.0,5.0,0.0,1.0,20,19,12,3,15,3,32.683,390.0,92.0,876.0,32.683,3.0,6.81,roster,0,133.0,102.5,1.7733,141.54,12.3755,1.025,2.79,3.2439,87.94,13.02,40.2,20.37,21.9
2025-01-18 00:00:00,0,39,39,2.0,9.0,26.0,2.0,0.0,1.0,10,9,13,3,16,3,33.683,431.5,152.0,936.0,33.683,3.0,6.81,roster,0,128.0,97.5,1.7778,139.51,7.5375,0.975,1.3216,3.2821,83.66,13.89,40.2,21.76,23.4
2025-01-18 01:00:00,1,29,29,2.0,7.0,19.0,1.0,0.0,1.0,3,2,13,3,16,3,34.683,491.5,212.0,996.0,34.683,3.0,6.81,roster,0,97.0,72.5,1.3472,119.45,3.4073,0.725,0.2937,3.3448,62.2,13.89,40.2,23.16,24.9
2025-01-18 02:00:00,2,28,28,2.0,7.0,18.0,1.0,0.0,1.0,5,4,13,3,16,3,35.683,551.5,272.0,1056.0,35.683,3.0,6.81,roster,0,94.0,70.0,1.3056,118.7,4.3219,0.7,0.5874,3.3571,60.06,13.89,40.2,24.55,26.4
2025-01-18 03:00:00,3,24,24,1.0,8.0,14.0,1.0,0.0,1.0,1,1,14,1,15,1,36.683,630.0,332.0,1116.0,36.683,3.0,6.81,roster,0,81.0,60.0,1.08,83.85,2.5206,0.6,0.1468,3.375,51.48,13.02,13.4,25.95,27.9
2025-01-18 04:00:00,4,25,25,1.0,6.0,17.0,1.0,0.0,1.0,6,6,14,1,15,1,37.683,690.0,392.0,1176.0,37.683,3.0,6.81,roster,0,82.0,62.5,1.0933,87.39,4.9399,0.625,0.8811,3.28,53.62,13.02,13.4,27.34,29.4
2025-01-18 05:00:00,5,27,27,1.0,6.0,19.0,1.0,0.0,1.0,8,6,14,1,15,1,38.683,750.0,452.0,1236.0,38.683,3.0,6.81,roster,0,88.0,67.5,1.1733,93.08,5.0716,0.675,0.8811,3.2593,57.92,13.02,13.4,28.74,30.9
2025-01-18 06:00:00,6,25,25,1.0,6.0,16.0,2.0,0.0,1.0,4,3,14,1,15,1,39.683,810.0,512.0,1296.0,39.683,3.0,6.81,roster,0,81.0,62.5,1.08,90.18,3.4523,0.625,0.4405,3.24,53.62,13.02,13.4,30.13,32.4
2025-01-18 07:00:00,7,24,24,1.0,6.0,15.0,2.0,0.0,1.0,6,3,14,1,15,1,40.683,870.0,572.0,1356.0,40.683,3.0,6.81,roster,0,78.0,60.0,1.04,89.43,3.3817,0.6,0.4405,3.25,51.48,13.02,13.4,31.53,33.9
2025-01-18 08:00:00,8,25,25,1.0,6.0,17.0,1.0,0.0,1.0,2,2,15,1,16,1,41.683,911.5,632.0,1416.0,41.683,3.0,6.8,roster,0,82.0,62.5,1.1389,93.84,3.0147,0.625,0.2941,3.28,53.62,13.89,13.4,32.92,35.4
2025-01-18 09:00:00,9,28,28,1.0,6.0,19.0,2.0,0.0,1.0,8,6,14,1,15,1,42.683,990.0,615.0,1476.0,42.683,3.0,6.8,roster,0,90.0,70.0,1.2,100.8,5.0861,0.7,0.8824,3.2143,60.06,13.02,13.4,34.32,36.9
2025-01-18 10:00:00,10,30,30,1.0,6.0,22.0,0.0,1.0,1.0,10,11,13,1,14,1,43.683,1031.5,675.0,1536.0,43.683,4.0,10.14,roster,0,96.0,75.0,0.9231,105.62,5.8714,0.75,1.0848,3.2,64.35,12.16,13.4,35.71,38.4
2025-01-18 11:00:00,11,30,30,1.0,6.0,21.0,1.0,1.0,1.0,11,11,9,1,10,1,42.433,1105.5,735.0,1596.0,42.433,4.0,10.14,roster,0,95.0,75.0,0.7917,103.54,5.8102,0.75,1.0848,3.1667,64.35,8.68,13.4,37.11,39.9
2025-01-18 12:00:00,12,34,34,1.0,6.0,24.0,2.0,1.0,1.0,13,13,6,2,8,2,19.967,233.0,117.0,847.0,19.967,4.0,10.14,roster,0,106.0,85.0,0.8281,106.37,6.647,0.85,1.2821,3.1176,72.93,6.95,26.8,19.69,21.175
2025-01-18 13:00:00,13,35,35,1.0,7.0,26.0,0.0,1.0,1.0,9,9,9,2,11,2,20.967,159.0,97.0,379.0,20.967,4.0,10.14,roster,0,112.0,87.5,0.9655,100.24,5.6402,0.875,0.8876,3.2,75.08,9.55,26.8,8.81,9.475
2025-01-18 14:00:00,14,37,37,0.0,5.0,26.0,5.0,1.0,1.0,15,15,7,1,8,1,21.967,180.5,146.0,967.0,21.967,4.0,10.14,roster,0,109.0,92.5,0.8516,102.19,7.0829,0.925,1.4793,2.9459,79.36,6.95,13.4,22.48,24.175
2025-01-18 15:00:00,15,29,29,1.0,5.0,16.0,6.0,1.0,1.0,8,9,3,1,4,1,22.967,189.5,173.0,1378.0,22.967,4.0,10.14,roster,0,86.0,72.5,0.5972,91.12,4.7821,0.725,0.8876,2.9655,62.2,3.47,13.4,32.04,34.45
2025-01-18 16:00:00,16,29,29,1.0,8.0,14.0,5.0,1.0,1.0,14,13,0,1,1,1,23.967,1438.0,1438.0,1438.0,23.967,4.0,10.14,roster,0,90.0,72.5,0.5769,89.91,6.2288,0.725,1.2821,3.1034,62.2,0.87,13.4,33.43,35.95
2025-01-18 17:00:00,17,25,25,1.0,7.0,12.0,4.0,1.0,1.0,5,4,4,1,5,1,24.967,101.0,92.0,106.0,24.967,4.0,10.14,roster,0,78.0,62.5,0.5571,53.83,3.1808,0.625,0.3945,3.12,53.62,4.34,13.4,2.46,2.65
2025-01-18 18:00:00,18,22,22,1.0,5.0,13.0,3.0,0.0,1.0,5,5,4,0,4,0,8.05,156.5,152.0,166.0,2.767,4.0,10.14,roster,0,70.0,55.0,0.4861,34.52,3.3189,0.55,0.4931,3.1818,47.19,3.47,0.0,3.86,4.15
2025-01-18 19:00:00,19,20,20,1.0,5.0,12.0,2.0,0.0,1.0,8,6,4,0,4,0,9.05,210.0,208.0,221.0,3.683,4.0,10.14,roster,0,65.0,50.0,0.4514,31.51,3.5481,0.5,0.5917,3.25,42.9,3.47,0.0,5.14,5.525
2025-01-18 20:00:00,20,22,22,3.0,5.0,13.0,1.0,0.0,1.0,11,11,2,0,2,0,8.167,212.0,156.0,268.0,4.467,4.0,11.07,roster,0,76.0,55.0,0.5,35.16,5.3327,0.55,0.9937,3.4545,47.19,1.74,0.0,6.23,6.7
2025-01-18 21:00:00,21,26,26,3.0,3.0,17.0,3.0,0.0,1.0,12,10,5,0,5,0,9.167,83.0,71.0,93.0,3.6,4.0,11.07,roster,0,84.0,65.0,0.6,42.27,5.0185,0.65,0.9033,3.2308,55.77,4.34,0.0,2.16,2.325
2025-01-18 22:00:00,22,29,29,3.0,4.0,16.0,4.0,2.0,1.0,15,12,5,0,5,0,8.05,143.0,131.0,153.0,4.6,3.0,7.73,roster,0,89.0,72.5,0.8476,50.1,6.9892,0.725,1.5524,3.069,62.2,4.34,0.0,3.56,3.825
2025-01-18 23:00:00,23,34,34,3.0,4.0,15.0,11.0,1.0,1.0,13,13,6,0,6,0,9.05,197.0,185.0,213.0,5.6,3.0,7.73,roster,0,99.0,85.0,0.9706,63.09,7.3719,0.85,1.6818,2.9118,72.93,5.21,0.0,4.95,5.325
2025-01-19 00:00:00,0,27,27,3.0,2.0,13.0,8.0,1.0,1.0,5,5,6,0,6,0,10.05,257.0,245.0,273.0,6.6,3.0,7.73,roster,0,79.0,67.5,0.7745,49.47,3.8676,0.675,0.6468,2.9259,57.92,5.21,0.0,6.35,6.825
2025-01-19 01:00:00,1,21,21,3.0,2.0,12.0,4.0,0.0,1.0,7,6,6,0,6,0,11.05,317.0,305.0,333.0,7.6,3.0,7.73,roster,0,67.0,52.5,0.6569,38.0,4.1514,0.525,0.7762,3.1905,45.04,5.21,0.0,7.74,8.325
2025-01-19 02:00:00,2,17,17,4.0,3.0,9.0,1.0,0.0,1.0,6,5,6,0,6,0,12.05,377.0,365.0,393.0,8.6,3.0,7.73,roster,0,61.0,42.5,0.598,30.81,3.846,0.425,0.6468,3.5882,36.46,5.21,0.0,9.14,9.825
2025-01-19 03:00:00,3,19,19,4.0,3.0,11.0,1.0,0.0,1.0,6,6,9,0,9,0,13.05,425.0,81.0,443.0,9.6,3.0,7.73,roster,0,67.0,47.5,0.7204,38.87,4.4121,0.475,0.7762,3.5263,40.75,7.81,0.0,10.3,11.075
2025-01-19 04:00:00,4,21,21,4.0,3.0,13.0,1.0,0.0,1.0,3,3,11,0,11,0,14.05,373.0,133.0,503.0,10.6,3.0,7.73,roster,0,73.0,52.5,0.8391,46.29,3.1741,0.525,0.3881,3.4762,45.04,9.55,0.0,11.69,12.575
2025-01-19 05:00:00,5,17,17,4.0,3.0,9.0,1.0,0.0,1.0,1,1,10,0,10,0,15.05,489.0,193.0,563.0,11.6,3.0,7.73,roster,0,61.0,42.5,0.6778,38.24,1.9892,0.425,0.1294,3.5882,36.46,8.68,0.0,13.09,14.075
2025-01-19 06:00:00,6,15,15,4.0,2.0,9.0,0.0,0.0,1.0,4,2,10,0,10,0,16.05,549.0,253.0,623.0,12.6,3.0,7.73,roster,0,55.0,37.5,0.6111,35.34,2.3237,0.375,0.2587,3.6667,32.17,8.68,0.0,14.48,15.575
2025-01-19 07:00:00,7,20,20,4.0,3.0,13.0,0.0,0.0,1.0,7,6,11,0,11,0,17.05,553.0,296.0,683.0,13.6,3.0,7.73,roster,0,71.0,50.0,0.8161,48.33,4.5305,0.5,0.7762,3.55,42.9,9.55,0.0,15.88,17.075
2025-01-19 08:00:00,8,17,17,3.0,4.0,10.0,0.0,0.0,1.0,5,3,11,1,12,1,18.05,495.5,356.0,743.0,14.6,3.0,6.82,roster,0,61.0,42.5,0.7262,57.56,3.1034,0.425,0.4399,3.5882,36.46,10.42,13.4,17.27,18.575
2025-01-19 09:00:00,9,19,19,3.0,4.0,9.0,3.0,0.0,1.0,4,3,12,1,13,1,19.05,438.0,397.0,791.0,15.6,3.0,6.82,roster,0,64.0,47.5,0.7901,63.83,3.0817,0.475,0.4399,3.3684,40.75,11.29,13.4,18.39,19.775
2025-01-19 10:00:00,10,22,22,2.0,4.0,14.0,2.0,0.0,1.0,10,8,10,1,11,1,20.05,498.0,253.0,851.0,16.6,4.0,10.52,roster,0,72.0,55.0,0.6207,69.93,4.2888,0.55,0.7605,3.2727,47.19,9.55,13.4,19.79,21.275
2025-01-19 11:00:00,11,21,21,1.0,5.0,15.0,0.0,0.0,1.0,13,12,6,0,6,0,15.083,555.5,194.0,793.0,15.083,4.0,10.52,roster,0,70.0,52.5,0.5147,48.69,5.5523,0.525,1.1407,3.3333,45.04,5.21,0.0,18.44,19.825
2025-01-19 12:00:00,12,22,22,1.0,3.0,17.0,1.0,0.0,1.0,14,10,7,0,7,0,16.083,613.0,98.0,853.0,16.083,4.0,10.52,roster,0,70.0,55.0,0.5303,53.1,4.7745,0.55,0.9506,3.1818,47.19,6.08,0.0,19.83,21.325
2025-01-19 13:00:00,13,23,23,1.0,3.0,17.0,2.0,0.0,1.0,9,9,6,0,6,0,15.217,410.5,96.0,678.0,15.217,4.0,10.52,roster,0,72.0,57.5,0.5294,50.31,4.4781,0.575,0.8555,3.1304,49.33,5.21,0.0,15.76,16.95
2025-01-19 14:00:00,14,23,23,0.0,3.0,19.0,1.0,0.0,1.0,13,11,3,0,3,0,12.217,156.0,141.0,733.0,12.217,4.0,10.52,roster,0,71.0,57.5,0.4797,48.98,5.0028,0.575,1.0456,3.087,49.33,2.6,0.0,17.04,18.325
2025-01-19 15:00:00,15,28,28,1.0,6.0,19.0,2.0,0.0,1.0,16,16,3,0,3,0,13.217,216.0,201.0,793.0,13.217,4.0,10.52,roster,0,90.0,70.0,0.6081,61.1,7.1386,0.7,1.5209,3.2143,60.06,2.6,0.0,18.44,19.825
2025-01-19 16:00:00,16,20,20,1.0,5.0,13.0,1.0,0.0,1.0,13,9,3,1,4,1,2.8,85.0,79.0,99.0,1.65,4.0,10.52,roster,0,66.0,50.0,0.4583,42.07,4.4732,0.5,0.8555,3.3,42.9,3.47,13.4,2.3,2.475
2025-01-19 17:00:00,17,22,22,1.0,5.0,14.0,2.0,0.0,1.0,15,13,2,1,3,1,3.8,139.0,135.0,159.0,2.65,4.0,10.52,roster,0,71.0,55.0,0.4797,46.89,5.7631,0.55,1.2357,3.2273,47.19,2.6,13.4,3.7,3.975
2025-01-19 18:00:00,18,16,16,1.0,3.0,11.0,1.0,0.0,1.0,8,7,3,3,6,3,3.383,110.0,96.0,195.0,3.317,4.0,10.52,roster,0,52.0,40.0,0.3824,64.26,3.4625,0.4,0.6654,3.25,34.32,5.21,40.2,4.53,4.875
2025-01-19 19:00:00,19,23,23,2.0,1.0,20.0,0.0,0.0,1.0,14,12,5,2,7,2,4.25,156.0,105.0,172.0,4.25,4.0,10.52,roster,0,74.0,57.5,0.5606,66.21,5.52,0.575,1.1407,3.2174,49.33,6.08,26.8,4.0,4.3
2025-01-19 20:00:00,20,25,25,1.0,1.0,23.0,0.0,0.0,1.0,10,8,5,2,7,2,3.867,165.0,106.0,228.0,3.867,4.0,11.89,roster,0,78.0,62.5,0.5909,71.8,4.0492,0.625,0.6728,3.12,53.62,6.08,26.8,5.3,5.7
2025-01-19 21:00:00,21,29,29,1.0,3.0,25.0,0.0,0.0,1.0,12,11,7,2,9,2,4.867,213.0,156.0,276.0,4.867,4.0,11.89,roster,0,92.0,72.5,0.7419,83.24,5.2349,0.725,0.9251,3.1724,62.2,7.81,26.8,6.42,6.9
2025-01-19 22:00:00,22,29,29,1.0,4.0,24.0,0.0,0.0,1.0,12,11,8,3,11,3,5.867,226.0,159.0,336.0,5.867,3.0,8.19,roster,0,93.0,72.5,1.069,99.77,6.6322,0.725,1.3431,3.2069,62.2,9.55,40.2,7.81,8.4
2025-01-19 23:00:00,23,30,30,1.0,5.0,24.0,0.0,0.0,1.0,10,7,9,3,12,3,6.867,281.0,219.0,396.0,6.867,3.0,8.19,roster,0,97.0,75.0,1.1548,104.18,5.1885,0.75,0.8547,3.2333,64.35,10.42,40.2,9.21,9.9
2025-01-20 00:00:00,0,34,34,2.0,6.0,25.0,1.0,0.0,1.0,11,10,10,2,12,2,7.867,309.0,219.0,405.0,7.867,3.0,8.19,roster,0,111.0,85.0,1.3214,99.57,6.7612,0.85,1.221,3.2647,72.93,10.42,26.8,9.42,10.125
2025-01-20 01:00:00,1,33,33,2.0,4.0,26.0,1.0,0.0,1.0,9,9,11,2,13,2,8.867,342.0,275.0,453.0,8.867,3.0,8.19,roster,0,106.0,82.5,1.3086,99.41,6.1798,0.825,1.0989,3.2121,70.78,11.29,26.8,10.53,11.325
2025-01-20 02:00:00,2,37,37,2.0,6.0,26.0,3.0,0.0,1.0,9,9,11,2,13,2,9.867,402.0,335.0,513.0,9.867,3.0,8.19,roster,0,118.0,92.5,1.4568,109.38,6.4546,0.925,1.0989,3.1892,79.36,11.29,26.8,11.93,12.825
2025-01-20 03:00:00,3,33,33,2.0,5.0,25.0,1.0,0.0,1.0,6,6,12,2,14,2,10.867,460.5,345.0,573.0,10.867,3.0,8.19,roster,0,107.0,82.5,1.3718,103.06,5.0504,0.825,0.7326,3.2424,70.78,12.16,26.8,13.32,14.325
2025-01-20 04:00:00,4,30,30,2.0,5.0,22.0,1.0,0.0,1.0,3,3,12,2,14,2,11.867,520.5,405.0,633.0,11.867,3.0,8.19,roster,0,98.0,75.0,1.2564,98.02,3.6466,0.75,0.3663,3.2667,64.35,12.16,26.8,14.72,15.825
2025-01-20 05:00:00,5,30,30,2.0,5.0,22.0,1.0,0.0,1.0,4,3,13,2,15,2,12.867,579.0,365.0,693.0,12.867,3.0,8.19,roster,0,98.0,75.0,1.3067,100.29,3.6466,0.75,0.3663,3.2667,64.35,13.02,26.8,16.11,17.325
2025-01-20 06:00:00,6,31,31,2.0,4.0,23.0,2.0,0.0,1.0,5,5,13,2,15,2,13.867,639.0,425.0,753.0,13.867,3.0,8.19,roster,0,99.0,77.5,1.32,103.83,4.4247,0.775,0.6105,3.1935,66.5,13.02,26.8,17.51,18.825
2025-01-20 07:00:00,7,29,29,2.0,4.0,22.0,1.0,0.0,1.0,2,2,14,2,16,2,14.867,669.0,485.0,813.0,14.867,3.0,8.19,roster,0,94.0,72.5,1.3056,101.8,3.1415,0.725,0.2442,3.2414,62.2,13.89,26.8,18.9,20.325
2025-01-20 08:00:00,8,26,26,2.0,2.0,20.0,2.0,0.0,1.0,4,4,14,2,16,2,15.867,729.0,545.0,873.0,15.867,3.0,6.66,roster,0,82.0,65.0,1.1389,96.76,3.9442,0.65,0.6006,3.1538,55.77,13.89,26.8,20.3,21.825
2025-01-20 09:00:00,9,27,27,2.0,2.0,22.0,1.0,0.0,1.0,6,5,13,2,15,2,16.867,819.0,605.0,933.0,16.867,3.0,6.66,roster,0,86.0,67.5,1.1467,99.43,4.5413,0.675,0.7508,3.1852,57.92,13.02,26.8,21.69,23.325
2025-01-20 10:00:00,10,33,33,2.0,4.0,26.0,1.0,0.0,1.0,11,11,13,2,15,2,17.867,879.0,665.0,993.0,17.867,4.0,10.36,roster,0,106.0,82.5,1.06,113.7,6.0606,0.825,1.0618,3.2121,70.78,13.02,26.8,23.09,24.825
2025-01-20 11:00:00,11,36,36,2.0,4.0,27.0,3.0,0.0,1.0,15,13,13,3,16,3,18.867,790.5,112.0,996.0,18.867,4.0,10.36,roster,0,113.0,90.0,1.1771,134.47,6.7638,0.9,1.2548,3.1389,77.22,13.89,40.2,23.16,24.9
2025-01-20 12:00:00,12,34,34,1.0,4.0,29.0,0.0,0.0,1.0,10,10,13,3,16,3,19.867,269.5,145.0,999.0,19.867,4.0,10.36,roster,0,108.0,85.0,1.125,130.25,5.7661,0.85,0.9653,3.1765,72.93,13.89,40.2,23.23,24.975
2025-01-20 13:00:00,13,31,31,0.0,4.0,27.0,0.0,0.0,1.0,7,7,14,3,17,3,20.867,224.0,127.0,995.0,20.867,4.0,10.36,roster,0,97.0,77.5,1.0543,124.59,4.5392,0.775,0.6757,3.129,66.5,14.76,40.2,23.13,24.875
2025-01-20 14:00:00,14,31,31,0.0,4.0,27.0,0.0,0.0,1.0,8,8,15,1,16,1,21.867,234.5,161.0,1059.0,21.867,4.0,10.36,roster,0,97.0,77.5,1.0104,98.41,4.8412,0.775,0.7722,3.129,66.5,13.89,13.4,24.62,26.475
2025-01-20 15:00:00,15,30,30,0.0,5.0,25.0,0.0,0.0,1.0,11,10,12,2,14,2,22.867,228.5,166.0,325.0,22.867,4.0,10.36,roster,0,95.0,75.0,0.9135,90.86,5.4316,0.75,0.9653,3.1667,64.35,12.16,26.8,7.56,8.125
2025-01-20 16:00:00,16,31,31,0.0,4.0,27.0,0.0,0.0,1.0,9,8,11,1,12,1,23.0,266.5,177.0,369.0,6.817,4.0,10.36,roster,0,97.0,77.5,0.8661,78.89,4.8412,0.775,0.7722,3.129,66.5,10.42,13.4,8.58,9.225
2025-01-20 17:00:00,17,37,37,0.0,6.0,31.0,0.0,0.0,1.0,17,16,12,1,13,1,24.0,323.0,202.0,400.0,7.817,4.0,10.36,roster,0,117.0,92.5,1.0833,93.35,7.8086,0.925,1.5444,3.1622,79.36,11.29,13.4,9.3,10.0
2025-01-20 18:00:00,18,37,37,0.0,7.0,30.0,0.0,0.0,1.0,7,7,15,1,16,1,25.0,306.5,195.0,460.0,8.817,4.0,10.36,roster,0,118.0,92.5,1.2292,97.35,5.1049,0.925,0.6757,3.1892,79.36,13.89,13.4,10.7,11.5
2025-01-20 19:00:00,19,38,38,0.0,9.0,29.0,0.0,0.0,1.0,12,11,16,1,17,1,26.0,357.0,224.0,461.0,9.817,4.0,10.36,roster,0,123.0,95.0,1.337,100.39,6.5118,0.95,1.0618,3.2368,81.51,14.76,13.4,10.72,11.525
2025-01-20 20:00:00,20,40,40,0.0,9.0,31.0,0.0,0.0,1.0,10,7,19,2,21,2,27.0,347.0,182.0,510.0,10.817,4.0,11.03,roster,0,129.0,100.0,1.6974,122.69,5.2717,1.0,0.6346,3.225,85.8,18.23,26.8,11.86,12.75
2025-01-20 21:00:00,21,45,45,0.0,9.0,34.0,2.0,0.0,1.0,10,10,21,2,23,2,28.0,344.0,154.0,563.0,11.417,4.0,11.03,roster,0,142.0,112.5,2.0882,136.39,6.4109,1.125,0.9066,3.1556,96.52,19.97,26.8,13.09,14.075
2025-01-20 22:00:00,22,40,40,0.0,8.0,30.0,2.0,0.0,1.0,7,7,20,2,22,2,29.0,363.5,214.0,556.0,12.417,3.0,7.33,roster,0,126.0,100.0,2.3333,124.63,6.1582,1.0,0.955,3.15,85.8,19.1,26.8,12.93,13.9
2025-01-20 23:00:00,23,41,41,0.0,10.0,29.0,2.0,0.0,1.0,11,9,21,1,22,1,30.0,423.5,262.0,616.0,13.417,3.0,7.33,roster,0,131.0,102.5,2.4259,114.77,7.1981,1.025,1.2278,3.1951,87.94,19.1,13.4,14.32,15.4
2025-01-21 00:00:00,0,46,46,0.0,12.0,33.0,1.0,0.0,1.0,12,13,22,2,24,2,31.0,439.5,264.0,676.0,14.417,3.0,7.33,roster,0,149.0,115.0,3.1042,142.03,9.4697,1.15,1.7735,3.2391,98.67,20.84,26.8,15.72,16.9
2025-01-21 01:00:00,1,55,55,0.0,11.0,42.0,2.0,0.0,1.0,14,13,23,3,26,3,32.0,489.0,309.0,717.0,15.417,3.0,7.33,roster,0,174.0,137.5,4.1429,177.42,9.9608,1.375,1.7735,3.1636,117.98,22.58,40.2,16.67,17.925
2025-01-21 02:00:00,2,55,55,0.0,10.0,44.0,1.0,0.0,1.0,4,4,24,3,27,3,33.0,542.0,343.0,777.0,16.417,3.0,7.33,roster,0,174.0,137.5,4.4615,179.68,6.0764,1.375,0.5457,3.1636,117.98,23.44,40.2,18.07,19.425
2025-01-21 03:00:00,3,49,49,0.0,9.0,39.0,1.0,0.0,1.0,6,5,23,3,26,3,34.0,609.0,429.0,837.0,17.417,3.0,7.33,roster,0,155.0,122.5,3.6905,167.34,6.0328,1.225,0.6821,3.1633,105.1,22.58,40.2,19.46,20.925
2025-01-21 04:00:00,4,47,47,0.0,9.0,37.0,1.0,0.0,1.0,3,3,22,3,25,3,35.0,676.0,497.0,897.0,18.417,3.0,7.33,roster,0,149.0,117.5,3.3111,163.58,5.0225,1.175,0.4093,3.1702,100.82,21.71,40.2,20.86,22.425
2025-01-21 05:00:00,5,43,43,0.0,9.0,33.0,1.0,0.0,1.0,4,4,22,3,25,3,36.0,736.0,557.0,957.0,19.417,3.0,7.33,roster,0,137.0,107.5,3.0444,156.39,5.1636,1.075,0.5457,3.186,92.24,21.71,40.2,22.25,23.925
2025-01-21 06:00:00,6,43,43,0.0,9.0,33.0,1.0,0.0,1.0,3,3,22,3,25,3,37.0,796.0,617.0,1017.0,20.417,3.0,7.33,roster,0,137.0,107.5,3.0444,157.79,4.729,1.075,0.4093,3.186,92.24,21.71,40.2,23.65,25.425
2025-01-21 07:00:00,7,40,40,0.0,9.0,30.0,1.0,0.0,1.0,6,6,23,2,25,2,38.0,842.0,669.0,1042.0,21.417,3.0,7.33,roster,0,128.0,100.0,2.8444,138.53,5.8194,1.0,0.8186,3.2,85.8,21.71,26.8,24.23,26.05
2025-01-21 08:00:00,8,40,40,0.0,9.0,30.0,1.0,0.0,1.0,3,4,23,2,25,2,39.0,902.0,729.0,1102.0,22.417,3.0,6.7,roster,0,128.0,100.0,2.8444,139.93,5.1104,1.0,0.597,3.2,85.8,21.71,26.8,25.62,27.55
2025-01-21 09:00:00,9,46,46,1.0,10.0,34.0,1.0,0.0,1.0,10,11,21,2,23,2,40.0,976.0,763.0,1216.0,23.417,3.0,6.7,roster,0,149.0,115.0,2.9216,153.71,9.043,1.15,1.6418,3.2391,98.67,19.97,26.8,28.27,30.4
2025-01-21 10:00:00,10,46,46,1.0,11.0,34.0,0.0,0.0,1.0,8,9,22,3,25,3,41.0,950.0,698.0,1222.0,24.417,4.0,9.95,roster,0,151.0,115.0,2.5167,168.99,6.7442,1.15,0.9045,3.2826,98.67,21.71,40.2,28.41,30.55
2025-01-21 11:00:00,11,46,46,1.0,9.0,36.0,0.0,0.0,1.0,8,9,23,3,26,3,42.0,953.0,681.0,1247.0,25.417,4.0,9.95,roster,0,149.0,115.0,2.6607,170.44,6.6549,1.15,0.9045,3.2391,98.67,22.58,40.2,28.99,31.175
2025-01-21 12:00:00,12,48,48,2.0,7.0,38.0,1.0,0.0,1.0,12,11,21,3,24,3,26.417,956.0,360.0,1342.0,26.417,4.0,9.95,roster,0,154.0,120.0,2.4062,175.2,7.3969,1.2,1.1055,3.2083,102.96,20.84,40.2,31.2,33.55
2025-01-21 13:00:00,13,43,43,2.0,6.0,32.0,3.0,0.0,1.0,8,7,20,5,25,5,27.417,801.0,169.0,1130.0,27.417,4.0,9.95,roster,0,136.0,107.5,2.2667,187.22,5.6251,1.075,0.7035,3.1628,92.24,21.71,67.0,26.27,28.25
2025-01-21 14:00:00,14,36,36,2.0,5.0,27.0,2.0,0.0,1.0,2,2,18,5,23,5,27.667,861.0,158.0,1190.0,27.667,4.0,9.95,roster,0,115.0,90.0,1.6912,171.86,3.5171,0.9,0.201,3.1944,77.22,19.97,67.0,27.67,29.75
2025-01-21 15:00:00,15,33,33,1.0,5.0,26.0,1.0,0.0,1.0,8,8,11,3,14,3,24.25,973.0,233.0,1250.0,24.25,4.0,9.95,roster,0,105.0,82.5,1.0096,132.2,5.1832,0.825,0.804,3.1818,70.78,12.16,40.2,29.06,31.25
2025-01-21 16:00:00,16,36,36,0.0,7.0,29.0,0.0,0.0,1.0,11,10,11,5,16,5,25.25,994.5,242.0,1310.0,25.25,4.0,9.95,roster,0,115.0,90.0,1.1979,168.57,6.0855,0.9,1.005,3.1944,77.22,13.89,67.0,30.46,32.75
2025-01-21 17:00:00,17,39,39,2.0,6.0,31.0,0.0,0.0,1.0,5,5,14,5,19,5,26.25,409.0,125.0,1269.0,26.25,4.0,9.95,roster,0,127.0,97.5,1.5119,176.66,4.8114,0.975,0.5025,3.2564,83.66,16.5,67.0,29.5,31.725
2025-01-21 18:00:00,18,41,41,2.0,6.0,32.0,1.0,0.0,1.0,9,10,16,5,21,5,27.25,413.0,181.0,1303.0,27.25,4.0,9.95,roster,0,132.0,102.5,1.7368,183.47,6.5357,1.025,1.005,3.2195,87.94,18.23,67.0,30.29,32.575
2025-01-21 19:00:00,19,37,37,2.0,5.0,30.0,0.0,0.0,1.0,7,6,16,4,20,4,28.25,447.5,214.0,1389.0,28.25,4.0,9.95,roster,0,120.0,92.5,1.5,162.63,4.9557,0.925,0.603,3.2432,79.36,17.37,53.6,32.29,34.725
2025-01-21 20:00:00,20,42,42,3.0,3.0,31.0,5.0,0.0,1.0,16,15,17,3,20,3,29.25,408.5,270.0,1449.0,29.25,4.0,9.61,roster,0,130.0,105.0,1.625,161.35,8.0813,1.05,1.5609,3.0952,90.09,17.37,40.2,33.69,36.225
2025-01-21 21:00:00,21,48,48,3.0,3.0,36.0,6.0,0.0,1.0,14,13,21,2,23,2,30.25,361.0,127.0,1483.0,30.25,4.0,9.61,roster,0,147.0,120.0,2.1618,164.21,7.8178,1.2,1.3528,3.0625,102.96,19.97,26.8,34.48,37.075
2025-01-21 22:00:00,22,44,44,3.0,4.0,35.0,2.0,0.0,1.0,9,8,22,1,23,1,31.25,394.0,176.0,1543.0,31.25,3.0,6.36,roster,0,140.0,110.0,2.7451,143.63,7.5023,1.1,1.2579,3.1818,94.38,19.97,13.4,35.87,38.575
2025-01-21 23:00:00,23,36,36,3.0,4.0,28.0,1.0,0.0,1.0,7,3,23,1,24,1,32.25,430.5,236.0,1603.0,32.25,3.0,6.36,roster,0,117.0,90.0,2.4375,128.73,4.458,0.9,0.4717,3.25,77.22,20.84,13.4,37.27,40.075
2025-01-22 00:00:00,0,36,36,3.0,4.0,29.0,0.0,0.0,1.0,5,5,23,1,24,1,33.25,490.5,296.0,1663.0,33.25,3.0,6.36,roster,0,118.0,90.0,2.4583,130.12,5.5269,0.9,0.7862,3.2778,77.22,20.84,13.4,38.66,41.575
2025-01-22 01:00:00,1,43,43,4.0,5.0,31.0,3.0,0.0,1.0,12,9,23,1,24,1,34.25,550.5,356.0,1723.0,34.25,3.0,6.36,roster,0,139.0,107.5,2.8958,146.53,8.0494,1.075,1.4151,3.2326,92.24,20.84,13.4,40.06,43.075
2025-01-22 02:00:00,2,42,42,4.0,6.0,30.0,2.0,0.0,1.0,4,4,25,1,26,1,35.25,565.0,403.0,1658.0,35.25,3.0,6.36,roster,0,138.0,105.0,3.2857,144.61,5.5165,1.05,0.6289,3.2857,90.09,22.58,13.4,38.55,41.45
2025-01-22 03:00:00,3,43,43,4.0,6.0,32.0,1.0,0.0,1.0,4,3,26,1,27,1,36.25,603.0,455.0,1718.0,36.25,3.0,6.36,roster,0,142.0,107.5,3.641,149.02,5.1077,1.075,0.4717,3.3023,92.24,23.44,13.4,39.94,42.95
2025-01-22 04:00:00,4,39,39,3.0,5.0,29.0,2.0,0.0,1.0,3,3,26,1,27,1,37.25,663.0,515.0,1778.0,37.25,3.0,6.36,roster,0,126.0,97.5,3.2308,141.84,4.6739,0.975,0.4717,3.2308,83.66,23.44,13.4,41.34,44.45
2025-01-22 05:00:00,5,43,43,4.0,5.0,31.0,3.0,0.0,1.0,6,6,26,1,27,1,38.25,723.0,575.0,1838.0,38.25,3.0,6.36,roster,0,139.0,107.5,3.5641,151.81,6.5246,1.075,0.9434,3.2326,92.24,23.44,13.4,42.73,45.95
2025-01-22 06:00:00,6,44,44,4.0,5.0,33.0,2.0,0.0,1.0,4,4,27,1,28,1,39.25,777.5,635.0,1898.0,39.25,3.0,6.36,roster,0,143.0,110.0,3.9722,156.22,5.619,1.1,0.6289,3.25,94.38,24.31,13.4,44.13,47.45
2025-01-22 07:00:00,7,41,41,3.0,5.0,31.0,2.0,0.0,1.0,2,2,28,1,29,1,40.25,832.0,686.0,1881.0,40.25,3.0,6.36,roster,0,132.0,102.5,4.0,150.26,4.3124,1.025,0.3145,3.2195,87.94,25.18,13.4,43.73,47.025
2025-01-22 08:00:00,8,39,39,2.0,5.0,29.0,2.0,1.0,1.0,4,4,27,1,28,1,41.25,897.5,755.0,2018.0,41.25,3.0,7.76,roster,0,122.0,97.5,3.3889,148.29,4.6625,0.975,0.5155,3.1282,83.66,24.31,13.4,46.92,50.45
2025-01-22 09:00:00,9,44,44,2.0,6.0,31.0,4.0,1.0,1.0,10,10,23,1,24,1,41.733,957.5,815.0,2001.0,41.733,3.0,7.76,roster,0,136.0,110.0,2.8333,155.14,7.3831,1.1,1.2887,3.0909,94.38,20.84,13.4,46.52,50.025
2025-01-22 10:00:00,10,51,51,4.0,6.0,37.0,3.0,1.0,1.0,12,12,24,1,25,1,42.733,927.0,722.0,1429.0,42.733,4.0,11.12,roster,0,162.0,127.5,2.7,157.73,7.4778,1.275,1.0791,3.1765,109.39,21.71,13.4,33.22,35.725
2025-01-22 11:00:00,11,48,48,3.0,7.0,36.0,1.0,1.0,1.0,7,8,23,1,24,1,42.267,945.5,645.0,1235.0,42.267,4.0,11.12,roster,0,154.0,120.0,2.4062,145.91,6.1582,1.2,0.7194,3.2083,102.96,20.84,13.4,28.71,30.875
2025-01-22 12:00:00,12,43,43,3.0,10.0,28.0,1.0,1.0,1.0,10,9,19,1,20,1,43.133,914.0,391.0,1047.0,40.15,4.0,11.12,roster,0,142.0,107.5,1.775,127.34,6.2227,1.075,0.8094,3.3023,92.24,17.37,13.4,24.34,26.175
2025-01-22 13:00:00,13,48,48,2.0,10.0,35.0,1.0,0.0,1.0,12,12,19,1,20,1,44.133,771.5,182.0,1107.0,41.15,4.0,11.12,roster,0,157.0,120.0,1.9625,139.46,7.4547,1.2,1.0791,3.2708,102.96,17.37,13.4,25.74,27.675
2025-01-22 14:00:00,14,44,44,1.0,10.0,32.0,1.0,0.0,1.0,12,12,15,1,16,1,45.133,431.5,172.0,1263.0,42.15,4.0,11.12,roster,0,143.0,110.0,1.4896,131.04,7.0822,1.1,1.0791,3.25,94.38,13.89,13.4,29.36,31.575
2025-01-22 15:00:00,15,44,44,1.0,7.0,35.0,1.0,0.0,1.0,12,12,14,1,15,1,24.017,232.0,154.0,829.0,24.017,4.0,11.12,roster,0,140.0,110.0,1.4,120.08,6.9336,1.1,1.0791,3.1818,94.38,13.02,13.4,19.27,20.725
2025-01-22 16:00:00,16,33,33,1.0,5.0,26.0,1.0,0.0,1.0,5,5,13,0,13,0,23.05,152.0,107.0,243.0,23.05,4.0,11.12,roster,0,105.0,82.5,0.9722,67.72,4.0557,0.825,0.4496,3.1818,70.78,11.29,0.0,5.65,6.075
2025-01-22 17:00:00,17,35,35,2.0,6.0,24.0,3.0,0.0,1.0,7,7,15,0,15,0,24.05,192.0,151.0,303.0,24.05,4.0,11.12,roster,0,112.0,87.5,1.12,75.14,4.8144,0.875,0.6295,3.2,75.08,13.02,0.0,7.04,7.575
2025-01-22 18:00:00,18,31,31,3.0,9.0,18.0,1.0,0.0,1.0,6,5,17,0,17,0,25.05,231.0,180.0,334.0,25.05,4.0,11.12,roster,0,107.0,77.5,1.163,69.02,4.227,0.775,0.4496,3.4516,66.5,14.76,0.0,7.77,8.35
2025-01-22 19:00:00,19,34,34,3.0,9.0,21.0,1.0,0.0,1.0,9,7,17,0,17,0,26.05,287.0,236.0,342.0,26.05,4.0,11.12,roster,0,116.0,85.0,1.2609,75.64,5.0477,0.85,0.6295,3.4118,72.93,14.76,0.0,7.95,8.55
2025-01-22 20:00:00,20,33,33,3.0,9.0,19.0,2.0,0.0,1.0,11,9,12,1,13,1,27.05,300.0,194.0,347.0,27.05,4.0,11.0,roster,0,112.0,82.5,1.037,83.54,5.5769,0.825,0.8182,3.3939,70.78,11.29,13.4,8.07,8.675
2025-01-22 21:00:00,21,26,26,3.0,5.0,17.0,1.0,0.0,1.0,6,6,12,1,13,1,28.05,360.0,254.0,407.0,28.05,4.0,11.0,roster,0,88.0,65.0,0.8148,69.92,4.0462,0.65,0.5455,3.3846,55.77,11.29,13.4,9.46,10.175
2025-01-22 22:00:00,22,23,23,1.0,4.0,17.0,1.0,0.0,1.0,9,7,10,0,10,0,29.05,435.5,282.0,467.0,29.05,3.0,7.64,roster,0,74.0,57.5,0.8222,48.88,4.7979,0.575,0.9162,3.2174,49.33,8.68,0.0,10.86,11.675
2025-01-22 23:00:00,23,26,26,1.0,4.0,21.0,0.0,0.0,1.0,10,10,9,0,9,0,30.05,511.0,342.0,527.0,30.05,3.0,7.64,roster,0,84.0,65.0,0.9032,55.84,6.3288,0.65,1.3089,3.2308,55.77,7.81,0.0,12.25,13.175
2025-01-23 00:00:00,0,26,26,1.0,5.0,20.0,0.0,0.0,1.0,8,8,10,0,10,0,31.05,555.5,382.0,587.0,31.05,3.0,7.64,roster,0,85.0,65.0,0.9444,58.1,5.5483,0.65,1.0471,3.2692,55.77,8.68,0.0,13.65,14.675
2025-01-23 01:00:00,1,20,20,1.0,6.0,13.0,0.0,0.0,1.0,3,3,10,0,10,0,32.05,615.5,442.0,647.0,32.05,3.0,7.64,roster,0,68.0,50.0,0.7556,46.63,3.0351,0.5,0.3927,3.4,42.9,8.68,0.0,15.04,16.175
2025-01-23 02:00:00,2,23,23,1.0,6.0,16.0,0.0,0.0,1.0,8,7,10,0,10,0,33.05,675.5,502.0,707.0,33.05,3.0,7.64,roster,0,77.0,57.5,0.8556,54.46,4.9924,0.575,0.9162,3.3478,49.33,8.68,0.0,16.44,17.675
2025-01-23 03:00:00,3,23,23,1.0,6.0,16.0,0.0,0.0,1.0,2,2,11,0,11,0,34.05,720.0,376.0,767.0,34.05,3.0,7.64,roster,0,77.0,57.5,0.8851,56.72,2.8014,0.575,0.2618,3.3478,49.33,9.55,0.0,17.83,19.175
2025-01-23 04:00:00,4,26,26,1.0,6.0,19.0,0.0,0.0,1.0,4,4,11,0,11,0,35.05,780.0,436.0,827.0,35.05,3.0,7.64,roster,0,86.0,65.0,0.9885,64.55,3.8818,0.65,0.5236,3.3077,55.77,9.55,0.0,19.23,20.675
2025-01-23 05:00:00,5,23,23,1.0,5.0,17.0,0.0,0.0,1.0,1,1,12,0,12,0,36.05,771.0,496.0,887.0,36.05,3.0,7.64,roster,0,76.0,57.5,0.9048,60.38,2.3325,0.575,0.1309,3.3043,49.33,10.42,0.0,20.62,22.175
2025-01-23 06:00:00,6,22,22,1.0,5.0,16.0,0.0,0.0,1.0,2,2,13,0,13,0,37.05,762.0,427.0,934.0,37.05,3.0,7.64,roster,0,73.0,55.0,0.9012,60.19,2.6936,0.55,0.2618,3.3182,47.19,11.29,0.0,21.72,23.35
2025-01-23 07:00:00,7,24,24,1.0,6.0,17.0,0.0,0.0,1.0,6,6,13,0,13,0,38.05,822.0,487.0,994.0,38.05,3.0,7.64,roster,0,80.0,60.0,0.9877,65.88,4.6178,0.6,0.7853,3.3333,51.48,11.29,0.0,23.11,24.85
2025-01-23 08:00:00,8,23,23,1.0,6.0,16.0,0.0,0.0,1.0,2,2,15,0,15,0,39.05,862.0,290.0,1054.0,39.05,3.0,6.59,roster,0,77.0,57.5,1.0267,66.87,2.941,0.575,0.3035,3.3478,49.33,13.02,0.0,24.51,26.35
2025-01-23 09:00:00,9,28,28,1.0,6.0,21.0,0.0,0.0,1.0,6,6,15,0,15,0,40.05,922.0,350.0,1114.0,40.05,3.0,6.59,roster,0,92.0,70.0,1.2267,78.99,5.2915,0.7,0.9105,3.2857,60.06,13.02,0.0,25.9,27.85
2025-01-23 10:00:00,10,34,34,1.0,7.0,25.0,1.0,0.0,1.0,12,11,14,0,14,0,41.05,889.0,410.0,1174.0,41.05,4.0,9.84,roster,0,110.0,85.0,1.0577,92.38,6.3667,0.85,1.1179,3.2353,72.93,12.16,0.0,27.3,29.35
2025-01-23 11:00:00,11,36,36,1.0,8.0,25.0,2.0,0.0,1.0,7,7,19,0,19,0,42.05,545.0,114.0,1231.0,42.05,4.0,9.84,roster,0,116.0,90.0,1.381,102.34,5.1922,0.9,0.7114,3.2222,77.22,16.5,0.0,28.62,30.775
2025-01-23 12:00:00,12,32,32,2.0,7.0,21.0,2.0,0.0,1.0,4,4,19,0,19,0,43.05,174.0,116.0,787.0,43.05,4.0,9.84,roster,0,105.0,80.0,1.25,83.44,3.9588,0.8,0.4065,3.2812,68.64,16.5,0.0,18.3,19.675
2025-01-23 13:00:00,13,29,29,2.0,4.0,22.0,1.0,0.0,1.0,6,6,15,1,16,1,44.05,446.5,176.0,976.0,44.05,4.0,9.84,roster,0,94.0,72.5,0.9792,92.19,4.3265,0.725,0.6098,3.2414,62.2,13.89,13.4,22.69,24.4
2025-01-23 14:00:00,14,27,27,1.0,4.0,21.0,1.0,0.0,1.0,7,7,13,1,14,1,45.05,273.0,189.0,1036.0,45.05,4.0,9.84,roster,0,86.0,67.5,0.8269,87.56,4.4159,0.675,0.7114,3.1852,57.92,12.16,13.4,24.09,25.9
2025-01-23 15:00:00,15,31,31,0.0,6.0,21.0,4.0,0.0,1.0,9,9,14,1,15,1,46.05,207.0,102.0,502.0,46.05,4.0,9.84,roster,0,95.0,77.5,0.95,84.59,5.1779,0.775,0.9146,3.0645,66.5,13.02,13.4,11.67,12.55
2025-01-23 16:00:00,16,31,31,0.0,3.0,20.0,8.0,0.0,1.0,13,11,11,1,12,1,31.867,157.0,114.0,309.0,31.867,4.0,9.84,roster,0,88.0,77.5,0.7857,77.5,5.3734,0.775,1.1179,2.8387,66.5,10.42,13.4,7.18,7.725
2025-01-23 17:00:00,17,34,34,0.0,3.0,26.0,5.0,0.0,1.0,10,9,13,2,15,2,32.867,186.0,148.0,327.0,32.867,4.0,9.84,roster,0,100.0,85.0,1.0,100.36,5.1901,0.85,0.9146,2.9412,72.93,13.02,26.8,7.6,8.175
2025-01-23 18:00:00,18,40,40,1.0,6.0,29.0,4.0,0.0,1.0,12,12,15,2,17,2,33.867,226.0,163.0,282.0,33.867,4.0,9.84,roster,0,124.0,100.0,1.3478,113.92,6.8805,1.0,1.2195,3.1,85.8,14.76,26.8,6.56,7.05
2025-01-23 19:00:00,19,40,40,1.0,6.0,28.0,5.0,0.0,1.0,7,7,17,2,19,2,34.867,268.0,138.0,332.0,34.867,4.0,9.84,roster,0,123.0,100.0,1.4643,116.82,5.2625,1.0,0.7114,3.075,85.8,16.5,26.8,7.72,8.3
2025-01-23 20:00:00,20,39,39,0.0,6.0,30.0,3.0,0.0,1.0,9,9,16,2,18,2,35.867,233.0,147.0,366.0,35.867,4.0,11.55,roster,0,120.0,97.5,1.3636,114.59,5.3976,0.975,0.7792,3.0769,83.66,15.63,26.8,8.51,9.15
2025-01-23 21:00:00,21,35,35,1.0,5.0,27.0,2.0,0.0,1.0,7,8,12,2,14,2,10.15,209.5,153.0,388.0,10.15,4.0,11.55,roster,0,110.0,87.5,1.0577,103.05,4.9269,0.875,0.6926,3.1429,75.08,12.16,26.8,9.02,9.7
2025-01-23 22:00:00,22,34,34,1.0,5.0,24.0,4.0,0.0,1.0,8,8,13,2,15,2,11.15,258.0,143.0,448.0,11.15,3.0,8.3,roster,0,105.0,85.0,1.4,103.17,5.6016,0.85,0.9639,3.0882,72.93,13.02,26.8,10.42,11.2
2025-01-23 23:00:00,23,34,34,1.0,5.0,23.0,5.0,0.0,1.0,7,7,13,1,14,1,10.7,282.5,164.0,332.0,10.7,3.0,8.3,roster,0,104.0,85.0,1.3333,86.21,5.1797,0.85,0.8434,3.0588,72.93,12.16,13.4,7.72,8.3
2025-01-24 00:00:00,0,25,25,0.0,5.0,15.0,5.0,0.0,1.0,5,5,13,0,13,0,11.7,352.0,224.0,392.0,11.7,3.0,8.3,roster,0,75.0,62.5,0.9259,54.03,3.6822,0.625,0.6024,3.0,53.62,11.29,0.0,9.11,9.8
2025-01-24 01:00:00,1,26,26,0.0,4.0,19.0,3.0,0.0,1.0,8,7,13,1,14,1,12.7,402.5,235.0,452.0,12.7,3.0,8.3,roster,0,79.0,65.0,1.0128,71.84,4.5376,0.65,0.8434,3.0385,55.77,12.16,13.4,10.51,11.3
2025-01-24 02:00:00,2,23,23,0.0,3.0,18.0,2.0,0.0,1.0,3,3,13,1,14,1,13.7,462.5,295.0,512.0,13.7,3.0,8.3,roster,0,70.0,57.5,0.8974,66.8,2.8501,0.575,0.3614,3.0435,49.33,12.16,13.4,11.9,12.8
2025-01-24 03:00:00,3,21,21,0.0,2.0,16.0,3.0,0.0,1.0,1,1,13,0,13,0,14.7,532.0,404.0,572.0,14.7,3.0,8.3,roster,0,62.0,52.5,0.7654,49.63,1.9057,0.525,0.1205,2.9524,45.04,11.29,0.0,13.3,14.3
2025-01-24 04:00:00,4,19,19,0.0,2.0,15.0,2.0,0.0,1.0,1,1,13,0,13,0,15.7,592.0,464.0,632.0,15.7,3.0,8.3,roster,0,57.0,47.5,0.7037,46.74,1.7864,0.475,0.1205,3.0,40.75,11.29,0.0,14.69,15.8
2025-01-24 05:00:00,5,19,19,0.0,2.0,15.0,2.0,0.0,1.0,3,1,13,0,13,0,16.7,652.0,524.0,692.0,16.7,3.0,8.3,roster,0,57.0,47.5,0.7037,48.13,1.7864,0.475,0.1205,3.0,40.75,11.29,0.0,16.09,17.3
2025-01-24 06:00:00,6,19,19,0.0,2.0,15.0,2.0,0.0,1.0,1,1,13,0,13,0,17.7,712.0,584.0,752.0,17.7,3.0,8.3,roster,0,57.0,47.5,0.7037,49.53,1.7864,0.475,0.1205,3.0,40.75,11.29,0.0,17.48,18.8
2025-01-24 07:00:00,7,22,22,0.0,2.0,16.0,4.0,0.0,1.0,4,3,13,0,13,0,18.7,772.0,644.0,812.0,18.7,3.0,8.3,roster,0,64.0,55.0,0.7901,57.36,2.6515,0.55,0.3614,2.9091,47.19,11.29,0.0,18.88,20.3
2025-01-24 08:00:00,8,25,25,0.0,3.0,20.0,2.0,0.0,1.0,7,7,14,0,14,0,19.7,822.5,655.0,872.0,19.7,3.0,6.37,roster,0,76.0,62.5,0.9744,66.06,5.2407,0.625,1.0989,3.04,53.62,12.16,0.0,20.27,21.8
2025-01-24 09:00:00,9,24,24,0.0,4.0,17.0,3.0,0.0,1.0,4,4,14,1,15,1,20.7,873.0,705.0,932.0,20.7,3.0,6.37,roster,0,73.0,60.0,0.9733,79.57,3.735,0.6,0.6279,3.0417,51.48,13.02,13.4,21.67,23.3
2025-01-24 10:00:00,10,29,29,1.0,5.0,21.0,2.0,0.0,1.0,8,8,15,1,16,1,21.7,881.0,765.0,992.0,21.7,4.0,10.07,roster,0,92.0,72.5,0.9583,92.56,4.8203,0.725,0.7944,3.1724,62.2,13.89,13.4,23.06,24.8
2025-01-24 11:00:00,11,28,28,1.0,4.0,21.0,2.0,0.0,1.0,9,7,12,2,14,2,20.9,830.0,233.0,1012.0,20.9,4.0,10.07,roster,0,88.0,70.0,0.8462,102.55,4.3847,0.7,0.6951,3.1429,60.06,12.16,26.8,23.53,25.3
2025-01-24 12:00:00,12,33,33,1.0,6.0,21.0,5.0,0.0,1.0,17,17,8,1,9,1,21.9,1053.0,305.0,1098.0,21.9,4.0,10.07,roster,0,102.0,82.5,0.8226,97.53,7.768,0.825,1.6882,3.0909,70.78,7.81,13.4,25.53,27.45
2025-01-24 13:00:00,13,38,38,2.0,7.0,23.0,6.0,0.0,1.0,12,12,10,3,13,3,22.9,231.0,94.0,1132.0,22.9,4.0,10.07,roster,0,119.0,95.0,1.1019,139.32,6.7068,0.95,1.1917,3.1316,81.51,11.29,40.2,26.32,28.3
2025-01-24 14:00:00,14,34,34,2.0,6.0,20.0,6.0,0.0,1.0,7,7,10,3,13,3,23.9,146.0,101.0,291.0,23.9,4.0,10.07,roster,0,106.0,85.0,0.9815,111.18,4.8172,0.85,0.6951,3.1176,72.93,11.29,40.2,6.77,7.275
2025-01-24 15:00:00,15,32,32,0.0,5.0,23.0,4.0,0.0,1.0,10,10,5,3,8,3,24.9,200.5,188.0,1129.0,24.9,4.0,10.07,roster,0,97.0,80.0,0.7578,122.04,5.4352,0.8,0.993,3.0312,68.64,6.95,40.2,26.25,28.225
2025-01-24 16:00:00,16,31,31,2.0,6.0,21.0,2.0,0.0,1.0,7,7,9,3,12,3,19.817,158.0,77.0,266.0,19.817,4.0,10.07,roster,0,101.0,77.5,0.9018,103.3,4.7898,0.775,0.6951,3.2581,66.5,10.42,40.2,6.18,6.65
2025-01-24 17:00:00,17,31,31,3.0,5.0,19.0,4.0,0.0,1.0,9,9,11,4,15,4,20.817,147.0,128.0,315.0,20.817,4.0,10.07,roster,0,100.0,77.5,1.0,120.44,5.383,0.775,0.8937,3.2258,66.5,13.02,53.6,7.32,7.875
2025-01-24 18:00:00,18,27,27,2.0,6.0,18.0,1.0,0.0,1.0,4,3,12,4,16,4,8.85,195.0,164.0,368.0,8.85,4.0,10.07,roster,0,90.0,67.5,0.9375,113.96,3.243,0.675,0.2979,3.3333,57.92,13.89,53.6,8.56,9.2
2025-01-24 19:00:00,19,25,25,0.0,4.0,17.0,4.0,0.0,1.0,8,8,10,1,11,1,9.85,253.0,217.0,435.0,9.85,4.0,10.07,roster,0,75.0,62.5,0.6466,66.69,4.2583,0.625,0.7944,3.0,53.62,9.55,13.4,10.11,10.875
2025-01-24 20:00:00,20,20,20,0.0,3.0,15.0,2.0,0.0,1.0,6,6,8,1,9,1,10.85,313.0,239.0,495.0,10.85,4.0,10.99,roster,0,61.0,50.0,0.4919,55.62,3.1902,0.5,0.546,3.05,42.9,7.81,13.4,11.51,12.375
2025-01-24 21:00:00,21,19,19,0.0,4.0,12.0,3.0,0.0,1.0,8,7,6,1,7,1,11.85,368.0,112.0,566.0,11.85,4.0,10.99,roster,0,58.0,47.5,0.4394,53.39,3.3944,0.475,0.6369,3.0526,40.75,6.08,13.4,13.16,14.15
2025-01-24 22:00:00,22,23,23,1.0,4.0,15.0,3.0,0.0,1.0,10,10,4,1,5,1,10.433,428.0,359.0,615.0,10.433,3.0,7.29,roster,0,72.0,57.5,0.6857,61.38,6.0941,0.575,1.3717,3.1304,49.33,4.34,13.4,14.3,15.375
2025-01-24 23:00:00,23,26,26,2.0,4.0,17.0,3.0,0.0,1.0,15,12,6,1,7,1,8.133,96.0,82.0,419.0,8.133,3.0,7.29,roster,0,83.0,65.0,0.8384,64.99,7.3298,0.65,1.6461,3.1923,55.77,6.08,13.4,9.74,10.475
2025-01-25 00:00:00,0,19,19,2.0,2.0,15.0,0.0,0.0,1.0,5,2,6,2,8,2,9.133,152.0,142.0,479.0,9.133,3.0,7.29,roster,0,63.0,47.5,0.6562,65.64,2.4847,0.475,0.2743,3.3158,40.75,6.95,26.8,11.14,11.975
2025-01-25 01:00:00,1,21,21,2.0,2.0,17.0,0.0,0.0,1.0,8,7,6,2,8,2,10.133,212.0,202.0,539.0,10.133,3.0,7.29,roster,0,69.0,52.5,0.7188,71.32,4.88,0.525,0.9602,3.2857,45.04,6.95,26.8,12.53,13.475
2025-01-25 02:00:00,2,21,21,2.0,2.0,17.0,0.0,0.0,1.0,5,5,7,2,9,2,11.133,268.0,258.0,361.0,11.133,3.0,7.29,roster,0,69.0,52.5,0.7419,68.05,3.9786,0.525,0.6859,3.2857,45.04,7.81,26.8,8.39,9.025
2025-01-25 03:00:00,3,18,18,1.0,2.0,15.0,0.0,0.0,1.0,3,2,7,1,8,1,12.133,332.0,322.0,659.0,12.133,3.0,7.29,roster,0,58.0,45.0,0.6042,54.28,2.334,0.45,0.2743,3.2222,38.61,6.95,13.4,15.32,16.475
2025-01-25 04:00:00,4,19,19,1.0,3.0,15.0,0.0,0.0,1.0,5,5,7,1,8,1,13.133,392.0,382.0,719.0,13.133,3.0,7.29,roster,0,62.0,47.5,0.6458,57.82,3.7881,0.475,0.6859,3.2632,40.75,6.95,13.4,16.72,17.975
2025-01-25 05:00:00,5,14,14,1.0,2.0,11.0,0.0,0.0,1.0,3,2,7,1,8,1,14.133,452.0,442.0,779.0,14.133,3.0,7.29,roster,0,46.0,35.0,0.4792,48.49,2.0514,0.35,0.2743,3.2857,30.03,6.95,13.4,18.11,19.475
2025-01-25 06:00:00,6,12,12,1.0,2.0,9.0,0.0,0.0,1.0,1,1,7,1,8,1,15.133,512.0,502.0,839.0,15.133,3.0,7.29,roster,0,40.0,30.0,0.4167,45.59,1.4572,0.3,0.1372,3.3333,25.74,6.95,13.4,19.51,20.975
2025-01-25 07:00:00,7,15,15,1.0,2.0,12.0,0.0,0.0,1.0,4,3,7,1,8,1,16.133,572.0,562.0,899.0,16.133,3.0,7.29,roster,0,49.0,37.5,0.5104,53.42,2.5693,0.375,0.4115,3.2667,32.17,6.95,13.4,20.9,22.475
2025-01-25 08:00:00,8,23,23,1.0,3.0,19.0,0.0,0.0,1.0,8,8,8,1,9,1,17.133,628.0,618.0,721.0,17.133,3.0,6.91,roster,0,74.0,57.5,0.7957,67.31,5.5749,0.575,1.1577,3.2174,49.33,7.81,13.4,16.76,18.025
2025-01-25 09:00:00,9,26,26,2.0,4.0,20.0,0.0,0.0,1.0,5,5,8,1,9,1,18.133,682.0,505.0,696.0,18.133,3.0,6.91,roster,0,86.0,65.0,0.9247,73.17,4.5434,0.65,0.7236,3.3077,55.77,7.81,13.4,16.18,17.4
2025-01-25 10:00:00,10,21,21,3.0,3.0,14.0,1.0,0.0,1.0,6,6,9,2,11,2,16.633,565.0,76.0,748.0,14.017,4.0,10.37,roster,0,71.0,52.5,0.6121,78.79,3.7312,0.525,0.5786,3.381,45.04,9.55,26.8,17.39,18.7
2025-01-25 11:00:00,11,18,18,2.0,3.0,13.0,0.0,0.0,1.0,5,5,7,3,10,3,17.633,242.5,131.0,802.0,15.017,4.0,10.37,roster,0,61.0,45.0,0.5083,86.14,3.159,0.45,0.4822,3.3889,38.61,8.68,40.2,18.65,20.05
2025-01-25 12:00:00,12,22,22,2.0,4.0,15.0,1.0,0.0,1.0,10,9,7,3,10,3,14.6,223.0,182.0,685.0,14.6,4.0,10.37,roster,0,73.0,55.0,0.6083,92.0,4.7048,0.55,0.8679,3.3182,47.19,8.68,40.2,15.93,17.125
2025-01-25 13:00:00,13,23,23,2.0,4.0,16.0,1.0,0.0,1.0,10,10,6,3,9,3,15.367,242.0,108.0,256.0,15.367,4.0,10.37,roster,0,76.0,57.5,0.6129,83.3,5.0864,0.575,0.9643,3.3043,49.33,7.81,40.2,5.95,6.4
2025-01-25 14:00:00,14,23,23,1.0,3.0,17.0,2.0,0.0,1.0,6,6,9,1,10,1,13.417,163.5,112.0,311.0,13.417,4.0,10.37,roster,0,72.0,57.5,0.6,58.65,3.6112,0.575,0.5786,3.1304,49.33,8.68,13.4,7.23,7.775
2025-01-25 15:00:00,15,20,20,3.0,2.0,15.0,0.0,0.0,1.0,8,7,6,1,7,1,6.267,205.0,126.0,371.0,6.267,4.0,10.37,roster,0,68.0,50.0,0.5152,51.0,3.9951,0.5,0.675,3.4,42.9,6.08,13.4,8.63,9.275
2025-01-25 16:00:00,16,27,27,3.0,2.0,22.0,0.0,0.0,1.0,14,13,6,2,8,2,7.267,245.0,161.0,431.0,7.267,4.0,10.37,roster,0,89.0,67.5,0.6953,81.68,6.3573,0.675,1.2536,3.2963,57.92,6.95,26.8,10.02,10.775
2025-01-25 17:00:00,17,22,22,3.0,2.0,17.0,0.0,0.0,1.0,3,3,6,2,8,2,8.267,273.0,150.0,491.0,8.267,4.0,10.37,roster,0,74.0,55.0,0.5781,72.35,2.8231,0.55,0.2893,3.3636,47.19,6.95,26.8,11.42,12.275
2025-01-25 18:00:00,18,28,28,3.0,2.0,23.0,0.0,0.0,1.0,11,9,7,2,9,2,9.267,281.0,196.0,542.0,9.267,4.0,10.37,roster,0,92.0,70.0,0.7419,87.28,5.1516,0.7,0.8679,3.2857,60.06,7.81,26.8,12.6,13.55
2025-01-25 19:00:00,19,25,25,2.0,2.0,20.0,1.0,0.0,1.0,9,10,7,2,9,2,10.267,341.0,209.0,602.0,10.267,4.0,10.37,roster,0,80.0,62.5,0.6452,82.24,5.0858,0.625,0.9643,3.2,53.62,7.81,26.8,14.0,15.05
2025-01-25 20:00:00,20,22,22,2.0,1.0,19.0,0.0,0.0,1.0,4,5,7,2,9,2,11.267,330.0,161.0,662.0,11.267,4.0,10.14,roster,0,71.0,55.0,0.5726,77.2,3.3664,0.55,0.4931,3.2273,47.19,7.81,26.8,15.39,16.55
2025-01-25 21:00:00,21,25,25,2.0,1.0,21.0,0.0,1.0,1.0,7,7,8,2,10,2,12.267,359.5,190.0,722.0,12.267,4.0,10.14,roster,0,78.0,62.5,0.65,85.89,4.1038,0.625,0.6903,3.12,53.62,8.68,26.8,16.79,18.05
2025-01-25 22:00:00,22,27,27,2.0,2.0,21.0,2.0,0.0,1.0,9,8,9,2,11,2,13.267,389.0,142.0,782.0,13.267,3.0,6.68,roster,0,85.0,67.5,0.977,92.45,5.8952,0.675,1.1976,3.1481,57.92,9.55,26.8,18.18,19.55
2025-01-25 23:00:00,23,27,27,2.0,2.0,21.0,2.0,0.0,1.0,8,8,9,2,11,2,14.267,449.0,202.0,842.0,14.267,3.0,6.68,roster,0,85.0,67.5,0.977,93.84,5.8952,0.675,1.1976,3.1481,57.92,9.55,26.8,19.58,21.05
2025-01-26 00:00:00,0,30,30,2.0,2.0,25.0,1.0,0.0,1.0,11,8,11,2,13,2,15.267,401.0,236.0,641.0,15.267,3.0,6.68,roster,0,95.0,75.0,1.1728,97.34,6.1674,0.75,1.1976,3.1667,64.35,11.29,26.8,14.9,16.025
2025-01-26 01:00:00,1,32,32,2.0,3.0,27.0,0.0,0.0,1.0,7,6,14,2,16,2,16.267,376.0,175.0,701.0,16.267,3.0,6.68,roster,0,103.0,80.0,1.4306,105.63,5.4661,0.8,0.8982,3.2188,68.64,13.89,26.8,16.3,17.525
2025-01-26 02:00:00,2,30,30,2.0,3.0,25.0,0.0,0.0,1.0,4,3,12,2,14,2,17.267,505.5,302.0,761.0,17.267,3.0,6.68,roster,0,97.0,75.0,1.2436,101.0,3.8771,0.75,0.4491,3.2333,64.35,12.16,26.8,17.69,19.025
2025-01-26 03:00:00,3,29,29,2.0,3.0,24.0,0.0,0.0,1.0,3,3,12,2,14,2,18.267,565.5,362.0,821.0,18.267,3.0,6.68,roster,0,94.0,72.5,1.2051,100.25,3.8057,0.725,0.4491,3.2414,62.2,12.16,26.8,19.09,20.525
2025-01-26 04:00:00,4,30,30,3.0,5.0,22.0,0.0,0.0,1.0,6,5,12,2,14,2,19.267,625.5,422.0,881.0,19.267,3.0,6.68,roster,0,101.0,75.0,1.2949,103.79,5.045,0.75,0.7485,3.3667,64.35,12.16,26.8,20.48,22.025
2025-01-26 05:00:00,5,32,32,2.0,5.0,25.0,0.0,0.0,1.0,4,4,12,2,14,2,20.267,685.5,482.0,941.0,20.267,3.0,6.68,roster,0,105.0,80.0,1.3462,109.47,4.5898,0.8,0.5988,3.2812,68.64,12.16,26.8,21.88,23.525
2025-01-26 06:00:00,6,31,31,2.0,5.0,24.0,0.0,0.0,1.0,5,4,12,2,14,2,21.267,745.5,542.0,1001.0,21.267,3.0,6.68,roster,0,102.0,77.5,1.3077,108.72,4.5203,0.775,0.5988,3.2903,66.5,12.16,26.8,23.27,25.025
2025-01-26 07:00:00,7,31,31,2.0,5.0,24.0,0.0,0.0,1.0,4,4,13,2,15,2,22.267,790.0,535.0,1061.0,22.267,3.0,6.68,roster,0,102.0,77.5,1.36,110.99,4.5203,0.775,0.5988,3.2903,66.5,13.02,26.8,24.67,26.525
2025-01-26 08:00:00,8,27,27,3.0,4.0,20.0,0.0,0.0,1.0,6,4,12,2,14,2,23.267,865.5,595.0,1121.0,23.267,3.0,7.19,roster,0,91.0,67.5,1.1667,102.93,4.15,0.675,0.5563,3.3704,57.92,12.16,26.8,26.06,28.025
2025-01-26 09:00:00,9,37,37,3.0,3.0,30.0,1.0,0.0,1.0,15,12,13,2,15,2,24.267,910.0,558.0,1181.0,24.267,3.0,7.19,roster,0,119.0,92.5,1.5867,126.65,8.3428,0.925,1.669,3.2162,79.36,13.02,26.8,27.46,29.525
2025-01-26 10:00:00,10,42,42,3.0,4.0,33.0,2.0,0.0,1.0,11,9,13,2,15,2,25.267,970.0,618.0,1241.0,25.267,4.0,10.55,roster,0,134.0,105.0,1.34,138.77,6.0717,1.05,0.8531,3.1905,90.09,13.02,26.8,28.85,31.025
2025-01-26 11:00:00,11,47,47,3.0,9.0,35.0,0.0,0.0,1.0,18,17,13,2,15,2,26.267,896.0,661.0,1230.0,26.267,4.0,10.55,roster,0,156.0,117.5,1.56,149.24,9.2484,1.175,1.6114,3.3191,100.82,13.02,26.8,28.6,30.75
2025-01-26 12:00:00,12,49,49,3.0,10.0,36.0,0.0,0.0,1.0,14,14,15,3,18,3,27.267,868.5,295.0,1229.0,27.267,4.0,10.55,roster,0,163.0,122.5,1.8523,169.51,8.4894,1.225,1.327,3.3265,105.1,15.63,40.2,28.57,30.725
2025-01-26 13:00:00,13,50,50,2.0,13.0,35.0,0.0,0.0,1.0,14,12,18,3,21,3,28.267,798.0,172.0,1181.0,28.267,4.0,10.55,roster,0,167.0,125.0,2.1974,173.14,7.9741,1.25,1.1374,3.34,107.25,18.23,40.2,27.46,29.525
2025-01-26 14:00:00,14,51,51,2.0,10.0,39.0,0.0,0.0,1.0,18,15,18,2,20,2,29.267,906.5,205.0,1349.0,29.267,4.0,10.55,roster,0,167.0,127.5,2.0875,164.93,8.8307,1.275,1.4218,3.2745,109.39,17.37,26.8,31.36,33.725
2025-01-26 15:00:00,15,60,60,2.0,10.0,48.0,0.0,0.0,1.0,16,13,19,2,21,2,30.267,918.0,256.0,1301.0,30.267,4.0,10.55,roster,0,194.0,150.0,2.5526,183.98,8.8342,1.5,1.2322,3.2333,128.7,18.23,26.8,30.25,32.525
2025-01-26 16:00:00,16,55,55,2.0,9.0,43.0,1.0,0.0,1.0,11,10,19,2,21,2,31.267,978.0,316.0,1361.0,31.267,4.0,10.55,roster,0,177.0,137.5,2.3289,174.65,7.4754,1.375,0.9479,3.2182,117.98,18.23,26.8,31.64,34.025
2025-01-26 17:00:00,17,50,50,2.0,8.0,40.0,0.0,0.0,1.0,16,10,19,2,21,2,32.267,1038.0,376.0,1421.0,32.267,4.0,10.55,roster,0,162.0,125.0,2.1316,165.32,7.1211,1.25,0.9479,3.24,107.25,18.23,26.8,33.04,35.525
2025-01-26 18:00:00,18,49,49,2.0,8.0,38.0,1.0,0.0,1.0,15,15,19,2,21,2,33.267,1098.0,436.0,1481.0,33.267,4.0,10.55,roster,0,158.0,122.5,2.0789,164.57,8.5346,1.225,1.4218,3.2245,105.1,18.23,26.8,34.43,37.025
2025-01-26 19:00:00,19,42,42,2.0,9.0,30.0,1.0,0.0,1.0,10,7,20,2,22,2,34.267,1149.5,470.0,1541.0,34.267,4.0,10.55,roster,0,138.0,105.0,1.9167,151.82,5.6301,1.05,0.6635,3.2857,90.09,19.1,26.8,35.83,38.525
2025-01-26 20:00:00,20,42,42,2.0,9.0,31.0,0.0,0.0,1.0,11,8,19,2,21,2,35.267,1218.0,530.0,1601.0,35.267,4.0,10.61,roster,0,139.0,105.0,1.8289,152.35,5.9704,1.05,0.754,3.3095,90.09,18.23,26.8,37.22,40.025
2025-01-26 21:00:00,21,38,38,2.0,8.0,28.0,0.0,0.0,1.0,8,7,19,3,22,3,36.267,1269.5,584.0,1661.0,36.267,4.0,10.61,roster,0,126.0,95.0,1.75,159.43,5.3376,0.95,0.6598,3.3158,81.51,19.1,40.2,38.62,41.525
2025-01-26 22:00:00,22,39,39,2.0,9.0,28.0,0.0,0.0,1.0,9,8,21,2,23,2,37.267,895.0,453.0,1690.0,37.267,3.0,7.25,roster,0,130.0,97.5,2.549,149.72,6.9282,0.975,1.1034,3.3333,83.66,19.97,26.8,39.29,42.25
2025-01-26 23:00:00,23,45,45,2.0,10.0,31.0,2.0,0.0,1.0,14,12,23,1,24,1,38.267,882.0,513.0,1750.0,38.267,3.0,7.25,roster,0,147.0,112.5,3.0625,151.45,9.0819,1.125,1.6552,3.2667,96.52,20.84,13.4,40.69,43.75
2025-01-27 00:00:00,0,40,40,2.0,9.0,26.0,3.0,0.0,1.0,5,5,24,1,25,1,39.267,869.0,446.0,1676.0,39.267,3.0,7.25,roster,0,130.0,100.0,2.8889,139.87,5.4914,1.0,0.6897,3.25,85.8,21.71,13.4,38.97,41.9
2025-01-27 01:00:00,1,39,39,2.0,9.0,28.0,0.0,0.0,1.0,10,7,24,1,25,1,40.267,929.0,506.0,1736.0,40.267,3.0,7.25,roster,0,130.0,97.5,2.8889,139.12,6.4684,0.975,0.9655,3.3333,83.66,21.71,13.4,40.36,43.4
2025-01-27 02:00:00,2,43,43,3.0,11.0,28.0,1.0,0.0,1.0,9,8,24,1,25,1,41.267,989.0,566.0,1796.0,41.267,3.0,7.25,roster,0,145.0,107.5,3.2222,149.1,7.3459,1.075,1.1034,3.3721,92.24,21.71,13.4,41.76,44.9
2025-01-27 03:00:00,3,39,39,3.0,11.0,25.0,0.0,0.0,1.0,5,3,24,3,27,3,42.267,976.0,392.0,1856.0,42.267,3.0,7.25,roster,0,134.0,97.5,3.4359,170.45,4.7718,0.975,0.4138,3.4359,83.66,23.44,40.2,43.15,46.4
2025-01-27 04:00:00,4,39,39,3.0,12.0,24.0,0.0,0.0,1.0,4,4,24,3,27,3,43.267,1036.0,452.0,1916.0,43.267,3.0,7.25,roster,0,135.0,97.5,3.4615,171.85,5.2848,0.975,0.5517,3.4615,83.66,23.44,40.2,44.55,47.9
2025-01-27 05:00:00,5,36,36,3.0,12.0,20.0,1.0,0.0,1.0,3,1,25,3,28,3,44.267,1083.0,512.0,1976.0,44.267,3.0,7.25,roster,0,125.0,90.0,3.4722,167.67,3.6039,0.9,0.1379,3.4722,77.22,24.31,40.2,45.94,49.4
2025-01-27 06:00:00,6,38,38,3.0,12.0,23.0,0.0,0.0,1.0,4,3,25,3,28,3,45.267,1143.0,572.0,2036.0,45.267,3.0,7.25,roster,0,132.0,95.0,3.6667,173.36,4.7374,0.95,0.4138,3.4737,81.51,24.31,40.2,47.34,50.9
2025-01-27 07:00:00,7,43,43,3.0,12.0,26.0,2.0,0.0,1.0,7,7,25,2,27,2,46.267,1190.0,583.0,2042.0,46.267,3.0,7.25,roster,0,145.0,107.5,3.7179,169.96,6.8808,1.075,0.9655,3.3721,92.24,23.44,26.8,47.48,51.05
2025-01-27 08:00:00,8,49,49,3.0,12.0,32.0,2.0,0.0,1.0,9,9,25,2,27,2,47.267,1250.0,643.0,2102.0,47.267,3.0,6.64,roster,0,163.0,122.5,4.1795,184.22,8.5839,1.225,1.3554,3.3265,105.1,23.44,26.8,48.87,52.55
2025-01-27 09:00:00,9,51,51,3.0,12.0,35.0,1.0,0.0,1.0,6,6,26,2,28,2,48.267,1307.0,703.0,2162.0,48.267,3.0,6.64,roster,0,170.0,127.5,4.7222,190.77,7.262,1.275,0.9036,3.3333,109.39,24.31,26.8,50.27,54.05
2025-01-27 10:00:00,10,60,60,4.0,13.0,41.0,2.0,0.0,1.0,13,13,26,2,28,2,49.267,1367.0,763.0,2222.0,49.267,4.0,9.89,roster,0,199.0,150.0,4.1458,211.47,9.3346,1.5,1.3145,3.3167,128.7,24.31,26.8,51.66,55.55
2025-01-27 11:00:00,11,62,62,5.0,13.0,41.0,2.0,1.0,1.0,10,10,30,5,35,5,50.267,1106.0,435.0,2118.0,50.267,4.0,9.89,roster,0,205.0,155.0,10.25,259.62,8.4682,1.55,1.0111,3.3065,132.99,30.39,67.0,49.24,52.95
2025-01-27 12:00:00,12,51,51,4.0,11.0,33.0,3.0,0.0,1.0,3,3,29,5,34,5,51.267,1138.0,178.0,2161.0,51.267,4.0,9.89,roster,0,169.0,127.5,7.0417,236.16,5.2302,1.275,0.3033,3.3137,109.39,29.52,67.0,50.24,54.025
2025-01-27 13:00:00,13,54,54,4.0,12.0,36.0,2.0,0.0,1.0,8,8,29,5,34,5,52.267,1198.0,238.0,2221.0,52.267,4.0,9.89,roster,0,180.0,135.0,7.5,243.99,7.1963,1.35,0.8089,3.3333,115.83,29.52,67.0,51.64,55.525
2025-01-27 14:00:00,14,50,50,4.0,10.0,34.0,2.0,0.0,1.0,7,8,28,4,32,4,53.267,1106.0,269.0,2281.0,53.267,4.0,9.89,roster,0,166.0,125.0,5.1875,221.67,6.8355,1.25,0.8089,3.32,107.25,27.79,53.6,53.03,57.025
2025-01-27 15:00:00,15,39,39,4.0,8.0,26.0,1.0,0.0,1.0,6,6,22,3,25,3,54.267,981.0,314.0,1696.0,54.267,4.0,9.89,roster,0,132.0,97.5,2.2,164.99,5.3534,0.975,0.6067,3.3846,83.66,21.71,40.2,39.43,42.4
2025-01-27 16:00:00,16,40,40,3.0,9.0,26.0,2.0,0.0,1.0,15,14,15,2,17,2,40.3,418.0,350.0,1041.0,40.3,4.0,9.89,roster,0,133.0,100.0,1.4457,131.56,8.0318,1.0,1.4156,3.325,85.8,14.76,26.8,24.2,26.025
2025-01-27 17:00:00,17,39,39,3.0,9.0,24.0,3.0,0.0,1.0,5,5,18,2,20,2,41.3,428.5,280.0,1101.0,41.3,4.0,9.89,roster,0,129.0,97.5,1.6125,133.42,4.8972,0.975,0.5056,3.3077,83.66,17.37,26.8,25.6,27.525
2025-01-27 18:00:00,18,45,45,4.0,11.0,26.0,4.0,0.0,1.0,13,13,20,2,22,2,42.3,481.0,173.0,1013.0,42.3,4.0,9.89,roster,0,150.0,112.5,2.0833,145.98,8.1315,1.125,1.3145,3.3333,96.52,19.1,26.8,23.55,25.325
2025-01-27 19:00:00,19,50,50,3.0,13.0,27.0,7.0,0.0,1.0,14,14,23,2,25,2,43.3,530.0,196.0,1045.0,43.3,4.0,9.89,roster,0,162.0,125.0,2.7,160.05,8.6365,1.25,1.4156,3.24,107.25,21.71,26.8,24.3,26.125
2025-01-27 20:00:00,20,51,51,3.0,12.0,27.0,9.0,0.0,1.0,11,11,23,2,25,2,44.3,590.0,227.0,1105.0,44.3,4.0,11.03,roster,0,162.0,127.5,2.7,163.59,7.2178,1.275,0.9973,3.1765,109.39,21.71,26.8,25.69,27.625
2025-01-27 21:00:00,21,42,42,3.0,8.0,22.0,9.0,0.0,1.0,7,6,22,1,23,1,45.3,480.0,194.0,804.0,45.3,4.0,11.03,roster,0,131.0,105.0,1.9265,122.15,4.9717,1.05,0.544,3.119,90.09,19.97,13.4,18.69,20.1
2025-01-27 22:00:00,22,35,35,3.0,7.0,18.0,7.0,0.0,1.0,11,9,16,0,16,0,46.3,453.0,248.0,734.0,46.3,3.0,7.78,roster,0,111.0,87.5,1.5417,86.03,6.4437,0.875,1.1568,3.1714,75.08,13.89,0.0,17.07,18.35
2025-01-27 23:00:00,23,27,27,2.0,5.0,15.0,5.0,0.0,1.0,8,6,12,1,13,1,47.3,426.0,257.0,715.0,47.3,3.0,7.78,roster,0,85.0,67.5,1.0494,79.23,4.5529,0.675,0.7712,3.1481,57.92,11.29,13.4,16.62,17.875
2025-01-28 00:00:00,0,27,27,1.0,5.0,19.0,2.0,0.0,1.0,10,9,11,0,11,0,13.833,423.0,305.0,700.0,13.833,3.0,7.78,roster,0,86.0,67.5,0.9885,63.74,5.8347,0.675,1.1568,3.1852,57.92,9.55,0.0,16.28,17.5
2025-01-28 01:00:00,1,36,36,0.0,5.0,25.0,6.0,0.0,1.0,14,13,10,0,10,0,13.917,469.0,365.0,720.0,13.917,3.0,7.78,roster,0,107.0,90.0,1.1889,82.64,7.6414,0.9,1.671,2.9722,77.22,8.68,0.0,16.74,18.0
2025-01-28 02:00:00,2,30,30,0.0,5.0,21.0,3.0,1.0,1.0,6,5,10,0,10,0,14.917,529.0,425.0,780.0,14.917,3.0,7.78,roster,0,90.0,75.0,1.0,71.17,4.178,0.75,0.6427,3.0,64.35,8.68,0.0,18.14,19.5
2025-01-28 03:00:00,3,29,29,0.0,5.0,21.0,3.0,0.0,1.0,9,5,10,0,10,0,15.917,589.0,485.0,840.0,15.917,3.0,7.78,roster,0,89.0,72.5,0.9889,70.42,4.1973,0.725,0.6427,3.069,62.2,8.68,0.0,19.53,21.0
2025-01-28 04:00:00,4,28,28,0.0,4.0,21.0,3.0,0.0,1.0,3,3,10,0,10,0,16.917,649.0,545.0,900.0,16.917,3.0,7.78,roster,0,85.0,70.0,0.9444,69.67,3.2956,0.7,0.3856,3.0357,60.06,8.68,0.0,20.92,22.5
2025-01-28 05:00:00,5,33,33,0.0,4.0,25.0,4.0,0.0,1.0,5,5,11,0,11,0,17.917,695.0,583.0,960.0,17.917,3.0,7.78,roster,0,99.0,82.5,1.1379,82.66,4.403,0.825,0.6427,3.0,70.78,9.55,0.0,22.32,24.0
2025-01-28 06:00:00,6,29,29,0.0,4.0,21.0,4.0,0.0,1.0,2,1,11,0,11,0,18.917,755.0,643.0,1020.0,18.917,3.0,7.78,roster,0,87.0,72.5,1.0,75.47,2.5606,0.725,0.1285,3.0,62.2,9.55,0.0,23.72,25.5
2025-01-28 07:00:00,7,26,26,0.0,3.0,20.0,3.0,0.0,1.0,6,5,11,0,11,0,19.917,815.0,703.0,1080.0,19.917,3.0,7.78,roster,0,78.0,65.0,0.8966,70.43,3.878,0.65,0.6427,3.0,55.77,9.55,0.0,25.11,27.0
2025-01-28 08:00:00,8,23,23,0.0,4.0,17.0,2.0,0.0,1.0,5,4,11,0,11,0,20.917,875.0,763.0,1140.0,20.917,3.0,6.64,roster,0,71.0,57.5,0.8161,65.39,3.6346,0.575,0.6024,3.087,49.33,9.55,0.0,26.51,28.5
2025-01-28 09:00:00,9,27,27,0.0,4.0,21.0,2.0,0.0,1.0,10,9,12,0,12,0,21.917,896.0,823.0,1200.0,21.917,3.0,6.64,roster,0,83.0,67.5,0.9881,76.23,6.2417,0.675,1.3554,3.0741,57.92,10.42,0.0,27.9,30.0
2025-01-28 10:00:00,10,38,38,1.0,4.0,30.0,2.0,1.0,1.0,16,16,11,0,11,0,22.917,995.0,883.0,1260.0,22.917,4.0,9.89,roster,0,116.0,95.0,1.0,100.36,7.8385,0.95,1.6178,3.0526,81.51,9.55,0.0,29.3,31.5
2025-01-28 11:00:00,11,35,35,1.0,5.0,27.0,2.0,0.0,1.0,11,8,14,1,15,1,23.917,965.0,116.0,1146.0,23.917,4.0,9.89,roster,0,110.0,87.5,1.1,108.14,5.2923,0.875,0.8089,3.1429,75.08,13.02,13.4,26.64,28.65
2025-01-28 12:00:00,12,27,27,0.0,5.0,20.0,2.0,0.0,1.0,13,10,12,0,12,0,24.917,1059.0,176.0,1380.0,24.917,4.0,9.89,roster,0,84.0,67.5,0.75,80.42,5.2457,0.675,1.0111,3.1111,57.92,10.42,0.0,32.08,34.5
2025-01-28 13:00:00,13,32,32,0.0,7.0,24.0,1.0,0.0,1.0,13,13,10,0,10,0,24.667,812.5,234.0,1266.0,24.667,4.0,9.89,roster,0,102.0,80.0,0.85,86.76,6.7398,0.8,1.3145,3.1875,68.64,8.68,0.0,29.43,31.65
2025-01-28 14:00:00,14,17,17,0.0,5.0,12.0,0.0,0.0,1.0,3,2,2,0,2,0,21.05,753.0,243.0,1263.0,21.05,4.0,9.89,roster,0,56.0,42.5,0.3684,47.57,2.0662,0.425,0.2022,3.2941,36.46,1.74,0.0,29.36,31.575
2025-01-28 15:00:00,15,11,11,1.0,1.0,8.0,1.0,0.0,1.0,8,6,0,0,0,0,8.467,0.0,,,,4.0,9.89,roster,0,35.0,27.5,0.2188,3.6,2.8053,0.275,0.6067,3.1818,23.6,0.0,0.0,0.0,0.0
2025-01-28 16:00:00,16,19,19,2.0,0.0,13.0,4.0,0.0,1.0,17,12,3,0,3,0,9.467,74.0,62.0,100.0,1.667,4.0,9.89,roster,0,57.0,47.5,0.3851,25.68,5.065,0.475,1.2133,3.0,40.75,2.6,0.0,2.33,2.5
2025-01-28 17:00:00,17,25,25,2.0,0.0,20.0,3.0,0.0,1.0,15,12,4,1,5,1,6.167,122.0,103.0,134.0,2.667,4.0,9.89,roster,0,76.0,62.5,0.5429,54.48,5.5886,0.625,1.2133,3.04,53.62,4.34,13.4,3.12,3.35
2025-01-28 18:00:00,18,25,25,3.0,1.0,19.0,2.0,0.0,1.0,13,14,5,1,6,1,7.167,171.5,65.0,194.0,3.667,4.0,9.89,roster,0,80.0,62.5,0.5882,56.75,6.5298,0.625,1.4156,3.2,53.62,5.21,13.4,4.51,4.85
2025-01-28 19:00:00,19,28,28,3.0,2.0,21.0,2.0,0.0,1.0,14,12,8,1,9,1,4.667,125.0,114.0,242.0,4.667,4.0,9.89,roster,0,90.0,70.0,0.7258,66.9,6.15,0.7,1.2133,3.2143,60.06,7.81,13.4,5.63,6.05
2025-01-28 20:00:00,20,21,21,3.0,1.0,15.0,2.0,0.0,1.0,9,8,7,1,8,1,5.233,182.5,174.0,302.0,5.233,4.0,10.62,roster,0,68.0,52.5,0.5312,52.41,4.1392,0.525,0.7533,3.2381,45.04,6.95,13.4,7.02,7.55
2025-01-28 21:00:00,21,31,31,2.0,1.0,23.0,5.0,0.0,1.0,16,15,6,0,6,0,6.233,242.5,228.0,362.0,6.233,4.0,10.62,roster,0,93.0,77.5,0.6838,60.12,6.5623,0.775,1.4124,3.0,66.5,5.21,0.0,8.42,9.05
2025-01-28 22:00:00,22,23,23,1.0,1.0,19.0,2.0,0.0,1.0,7,5,4,0,4,0,5.0,195.5,103.0,300.0,5.0,3.0,7.37,roster,0,70.0,57.5,0.6481,39.78,3.8148,0.575,0.6784,3.0435,49.33,3.47,0.0,6.98,7.5
2025-01-28 23:00:00,23,26,26,1.0,3.0,18.0,4.0,0.0,1.0,14,12,4,0,4,0,6.0,157.0,151.0,360.0,6.0,3.0,7.37,roster,0,79.0,65.0,0.7315,47.61,6.9223,0.65,1.6282,3.0385,55.77,3.47,0.0,8.37,9.0
2025-01-29 00:00:00,0,31,31,1.0,5.0,21.0,4.0,0.0,1.0,16,16,4,0,4,0,6.267,193.0,175.0,223.0,3.717,3.0,7.37,roster,0,96.0,77.5,0.8889,55.15,9.123,0.775,2.171,3.0968,66.5,3.47,0.0,5.18,5.575
2025-01-29 01:00:00,1,33,33,1.0,8.0,19.0,5.0,0.0,1.0,12,11,6,2,8,2,7.267,122.0,82.0,271.0,4.717,3.0,7.37,roster,0,104.0,82.5,1.0833,90.83,7.3038,0.825,1.4925,3.1515,70.78,6.95,26.8,6.3,6.775
2025-01-29 02:00:00,2,38,38,1.0,7.0,23.0,7.0,0.0,1.0,14,12,8,1,9,1,8.267,135.0,111.0,295.0,5.717,3.0,7.37,roster,0,116.0,95.0,1.2473,89.58,7.8704,0.95,1.6282,3.0526,81.51,7.81,13.4,6.86,7.375
2025-01-29 03:00:00,3,32,32,1.0,8.0,19.0,4.0,0.0,1.0,4,3,9,1,10,1,9.267,189.5,168.0,355.0,6.717,3.0,7.37,roster,0,102.0,80.0,1.1333,78.98,3.8475,0.8,0.4071,3.1875,68.64,8.68,13.4,8.25,8.875
2025-01-29 04:00:00,4,26,26,1.0,7.0,14.0,4.0,0.0,1.0,1,1,10,1,11,1,10.267,244.0,123.0,415.0,7.717,3.0,7.37,roster,0,83.0,65.0,0.954,68.37,2.5081,0.65,0.1357,3.1923,55.77,9.55,13.4,9.65,10.375
2025-01-29 05:00:00,5,27,27,1.0,7.0,14.0,5.0,0.0,1.0,5,5,11,1,12,1,11.267,297.5,183.0,475.0,8.717,3.0,7.37,roster,0,85.0,67.5,1.0119,72.78,4.2608,0.675,0.6784,3.1481,57.92,10.42,13.4,11.04,11.875
2025-01-29 06:00:00,6,23,23,1.0,6.0,13.0,3.0,0.0,1.0,3,3,11,0,11,0,12.267,364.0,243.0,535.0,9.717,3.0,7.37,roster,0,74.0,57.5,0.8506,51.33,3.1597,0.575,0.4071,3.2174,49.33,9.55,0.0,12.44,13.375
2025-01-29 07:00:00,7,25,25,1.0,5.0,18.0,1.0,0.0,1.0,6,6,12,0,12,0,13.267,417.5,303.0,595.0,10.717,3.0,7.37,roster,0,81.0,62.5,0.9643,57.88,4.6627,0.625,0.8141,3.24,53.62,10.42,0.0,13.83,14.875
2025-01-29 08:00:00,8,24,24,1.0,4.0,15.0,4.0,0.0,1.0,6,4,12,0,12,0,11.717,477.5,363.0,655.0,11.717,3.0,6.65,roster,0,74.0,60.0,0.881,57.13,3.7046,0.6,0.6015,3.0833,51.48,10.42,0.0,15.23,16.375
2025-01-29 09:00:00,9,30,30,1.0,6.0,19.0,4.0,0.0,1.0,11,10,12,0,12,0,12.717,537.5,423.0,715.0,12.717,3.0,6.65,roster,0,94.0,75.0,1.119,71.39,7.0618,0.75,1.5038,3.1333,64.35,10.42,0.0,16.62,17.875
2025-01-29 10:00:00,10,39,39,1.0,6.0,29.0,3.0,0.0,1.0,16,13,15,0,15,0,13.517,483.0,117.0,615.0,13.517,4.0,9.9,roster,0,122.0,97.5,1.22,90.98,7.1577,0.975,1.3131,3.1282,83.66,13.02,0.0,14.3,15.375
2025-01-29 11:00:00,11,38,38,0.0,6.0,28.0,4.0,0.0,1.0,11,10,16,0,16,0,13.917,476.0,160.0,664.0,13.917,4.0,9.9,roster,0,116.0,95.0,1.2083,90.84,5.9835,0.95,1.0101,3.0526,81.51,13.89,0.0,15.44,16.6
2025-01-29 12:00:00,12,39,39,1.0,6.0,30.0,2.0,0.0,1.0,13,11,17,0,17,0,14.917,237.0,162.0,603.0,14.917,4.0,9.9,roster,0,123.0,97.5,1.337,92.44,6.5793,0.975,1.1111,3.1538,83.66,14.76,0.0,14.02,15.075
2025-01-29 13:00:00,13,44,44,2.0,6.0,34.0,2.0,0.0,1.0,16,15,18,0,18,0,15.917,251.0,144.0,655.0,15.917,4.0,9.9,roster,0,140.0,110.0,1.5909,105.24,8.3209,1.1,1.5152,3.1818,94.38,15.63,0.0,15.23,16.375
2025-01-29 14:00:00,14,41,41,2.0,5.0,31.0,3.0,0.0,1.0,16,16,12,0,12,0,13.083,175.5,146.0,294.0,12.05,4.0,9.9,roster,0,129.0,102.5,1.1518,85.2,8.31,1.025,1.6162,3.1463,87.94,10.42,0.0,6.84,7.35
2025-01-29 15:00:00,15,42,42,3.0,6.0,31.0,2.0,0.0,1.0,17,16,11,0,11,0,14.083,218.0,136.0,264.0,12.917,4.0,9.9,roster,0,136.0,105.0,1.1724,85.78,8.6333,1.05,1.6162,3.2381,90.09,9.55,0.0,6.14,6.6
2025-01-29 16:00:00,16,44,44,3.0,7.0,33.0,1.0,0.0,1.0,14,14,10,1,11,1,14.8,196.0,108.0,306.0,13.917,4.0,9.9,roster,0,144.0,110.0,1.2414,104.45,8.2281,1.1,1.4141,3.2727,94.38,9.55,13.4,7.11,7.65
2025-01-29 17:00:00,17,48,48,3.0,7.0,35.0,3.0,0.0,1.0,16,15,11,1,12,1,14.917,254.5,168.0,366.0,14.917,4.0,9.9,roster,0,154.0,120.0,1.375,115.29,8.7111,1.2,1.5152,3.2083,102.96,10.42,13.4,8.51,9.15
2025-01-29 18:00:00,18,53,53,2.0,7.0,40.0,4.0,0.0,1.0,17,15,13,0,13,0,15.917,313.0,168.0,405.0,15.917,4.0,9.9,roster,0,166.0,132.5,1.537,114.39,8.8956,1.325,1.5152,3.1321,113.68,11.29,0.0,9.42,10.125
2025-01-29 19:00:00,19,48,48,2.0,7.0,35.0,4.0,0.0,1.0,11,11,8,0,8,0,8.1,319.5,173.0,458.0,8.1,4.0,9.9,roster,0,151.0,120.0,1.1797,100.55,7.2704,1.2,1.1111,3.1458,102.96,6.95,0.0,10.65,11.45
2025-01-29 20:00:00,20,37,37,1.0,6.0,26.0,4.0,0.0,1.0,15,14,8,0,8,0,9.1,279.5,198.0,436.0,9.1,4.0,11.58,roster,0,115.0,92.5,0.8984,76.45,6.6326,0.925,1.209,3.1081,79.36,6.95,0.0,10.14,10.9
2025-01-29 21:00:00,21,35,35,1.0,5.0,27.0,2.0,0.0,1.0,14,12,8,0,8,0,6.433,132.5,98.0,293.0,6.433,4.0,11.58,roster,0,110.0,87.5,0.8594,68.83,6.0068,0.875,1.0363,3.1429,75.08,6.95,0.0,6.81,7.325
2025-01-29 22:00:00,22,34,34,1.0,5.0,25.0,3.0,0.0,1.0,14,13,9,0,9,0,7.433,158.0,123.0,203.0,7.433,3.0,8.33,roster,0,106.0,85.0,1.1398,65.46,7.5155,0.85,1.5606,3.1176,72.93,7.81,0.0,4.72,5.075
2025-01-29 23:00:00,23,29,29,2.0,6.0,18.0,3.0,0.0,1.0,10,8,7,0,7,0,8.433,183.0,135.0,242.0,8.433,3.0,8.33,roster,0,94.0,72.5,0.9495,53.91,5.463,0.725,0.9604,3.2414,62.2,6.08,0.0,5.63,6.05
2025-01-30 00:00:00,0,27,27,2.0,6.0,19.0,0.0,0.0,1.0,13,10,8,0,8,0,9.433,234.0,195.0,302.0,9.433,3.0,8.33,roster,0,91.0,67.5,0.9479,51.88,6.3211,0.675,1.2005,3.3704,57.92,6.95,0.0,7.02,7.55
2025-01-30 01:00:00,1,28,28,2.0,3.0,23.0,0.0,0.0,1.0,8,8,8,0,8,0,10.433,294.0,255.0,362.0,10.433,3.0,8.33,roster,0,91.0,70.0,0.9479,55.42,5.3962,0.7,0.9604,3.25,60.06,6.95,0.0,8.42,9.05
2025-01-30 02:00:00,2,25,25,2.0,4.0,19.0,0.0,0.0,1.0,8,7,10,0,10,0,11.433,330.0,182.0,383.0,11.433,3.0,8.33,roster,0,83.0,62.5,0.9222,51.21,4.8649,0.625,0.8403,3.32,53.62,8.68,0.0,8.9,9.575
2025-01-30 03:00:00,3,20,20,2.0,3.0,15.0,0.0,0.0,1.0,6,6,10,0,10,0,12.433,390.0,242.0,443.0,12.433,3.0,8.33,roster,0,67.0,50.0,0.7444,41.88,4.088,0.5,0.7203,3.35,42.9,8.68,0.0,10.3,11.075
2025-01-30 04:00:00,4,23,23,2.0,3.0,18.0,0.0,0.0,1.0,8,8,11,0,11,0,13.433,435.0,219.0,503.0,13.433,3.0,8.33,roster,0,76.0,57.5,0.8736,50.58,5.0734,0.575,0.9604,3.3043,49.33,9.55,0.0,11.69,12.575
2025-01-30 05:00:00,5,23,23,2.0,4.0,17.0,0.0,0.0,1.0,3,3,11,0,11,0,14.433,495.0,279.0,563.0,14.433,3.0,8.33,roster,0,77.0,57.5,0.8851,51.98,3.1307,0.575,0.3601,3.3478,49.33,9.55,0.0,13.09,14.075
2025-01-30 06:00:00,6,22,22,2.0,4.0,16.0,0.0,0.0,1.0,7,6,11,0,11,0,15.433,555.0,339.0,623.0,15.433,3.0,8.33,roster,0,74.0,55.0,0.8506,51.23,4.2728,0.55,0.7203,3.3636,47.19,9.55,0.0,14.48,15.575
2025-01-30 07:00:00,7,23,23,2.0,4.0,17.0,0.0,0.0,1.0,7,8,12,0,12,0,16.433,594.0,399.0,683.0,16.433,3.0,8.33,roster,0,77.0,57.5,0.9167,55.63,5.1402,0.575,0.9604,3.3478,49.33,10.42,0.0,15.88,17.075
2025-01-30 08:00:00,8,25,25,2.0,4.0,18.0,1.0,0.0,1.0,12,9,12,0,12,0,17.433,654.0,459.0,743.0,17.433,3.0,6.96,roster,0,82.0,62.5,0.9762,61.32,6.2914,0.625,1.2931,3.28,53.62,10.42,0.0,17.27,18.575
2025-01-30 09:00:00,9,35,35,2.0,4.0,27.0,2.0,0.0,1.0,14,13,14,0,14,0,18.433,647.5,391.0,783.0,18.433,3.0,6.96,roster,0,111.0,87.5,1.4231,85.44,8.6986,0.875,1.8678,3.1714,75.08,12.16,0.0,18.2,19.575
2025-01-30 10:00:00,10,34,34,3.0,4.0,22.0,5.0,0.0,1.0,16,16,13,0,13,0,15.033,662.0,451.0,825.0,15.033,4.0,10.3,roster,0,107.0,85.0,0.9907,83.4,7.5636,0.85,1.5534,3.1471,72.93,11.29,0.0,19.18,20.625
2025-01-30 11:00:00,11,38,38,3.0,5.0,28.0,2.0,0.0,1.0,19,16,14,0,14,0,16.033,621.5,191.0,885.0,16.033,4.0,10.3,roster,0,123.0,95.0,1.1827,94.24,8.1031,0.95,1.5534,3.2368,81.51,12.16,0.0,20.58,22.125
2025-01-30 12:00:00,12,38,38,3.0,4.0,29.0,2.0,0.0,1.0,18,14,15,1,16,1,17.033,617.5,240.0,945.0,17.033,4.0,10.3,roster,0,122.0,95.0,1.2708,110.77,7.4138,0.95,1.3592,3.2105,81.51,13.89,13.4,21.97,23.625
2025-01-30 13:00:00,13,44,44,3.0,4.0,34.0,3.0,0.0,1.0,22,18,17,1,18,1,18.033,525.5,219.0,933.0,18.033,4.0,10.3,roster,0,139.0,110.0,1.5795,125.1,8.9957,1.1,1.7476,3.1591,94.38,15.63,13.4,21.69,23.325
2025-01-30 14:00:00,14,44,44,2.0,5.0,33.0,3.0,1.0,1.0,19,15,14,2,16,2,18.05,425.5,203.0,902.0,18.05,4.0,10.3,roster,0,136.0,110.0,1.4167,136.04,7.9013,1.1,1.4563,3.0909,94.38,13.89,26.8,20.97,22.55
2025-01-30 15:00:00,15,45,45,2.0,4.0,37.0,2.0,0.0,1.0,22,17,14,2,16,2,19.05,389.5,216.0,879.0,19.05,4.0,10.3,roster,0,141.0,112.5,1.4688,137.65,8.6965,1.125,1.6505,3.1333,96.52,13.89,26.8,20.44,21.975
2025-01-30 16:00:00,16,44,44,2.0,2.0,36.0,4.0,0.0,1.0,19,17,16,1,17,1,20.05,408.0,184.0,904.0,20.05,4.0,10.3,roster,0,134.0,110.0,1.4565,123.56,8.3765,1.1,1.6505,3.0455,94.38,14.76,13.4,21.02,22.6
2025-01-30 17:00:00,17,41,41,2.0,1.0,37.0,1.0,0.0,1.0,14,10,16,1,17,1,21.05,468.0,224.0,964.0,21.05,4.0,10.3,roster,0,127.0,102.5,1.3804,118.52,6.1823,1.025,0.9709,3.0976,87.94,14.76,13.4,22.41,24.1
2025-01-30 18:00:00,18,39,39,4.0,1.0,33.0,1.0,0.0,1.0,19,12,17,1,18,1,22.05,462.0,208.0,1024.0,22.05,4.0,10.3,roster,0,125.0,97.5,1.4205,116.49,6.8591,0.975,1.165,3.2051,83.66,15.63,13.4,23.81,25.6
2025-01-30 19:00:00,19,39,39,5.0,1.0,30.0,3.0,0.0,1.0,18,13,17,2,19,2,21.55,389.0,224.0,991.0,21.55,4.0,10.3,roster,0,125.0,97.5,1.4881,129.99,7.1703,0.975,1.2621,3.2051,83.66,16.5,26.8,23.04,24.775
2025-01-30 20:00:00,20,40,40,6.0,0.0,30.0,3.0,1.0,1.0,15,15,15,3,18,3,22.55,414.0,187.0,840.0,22.55,4.0,10.35,roster,0,127.0,100.0,1.4432,141.16,7.7764,1.0,1.4493,3.175,85.8,15.63,40.2,19.53,21.0
2025-01-30 21:00:00,21,39,39,8.0,1.0,19.0,10.0,1.0,1.0,18,16,14,3,17,3,23.55,464.0,215.0,900.0,23.55,4.0,10.35,roster,0,122.0,97.5,1.3261,139.54,7.8859,0.975,1.5459,3.1282,83.66,14.76,40.2,20.92,22.5
2025-01-30 22:00:00,22,43,43,7.0,1.0,19.0,15.0,1.0,1.0,15,16,16,2,18,2,24.55,486.0,259.0,960.0,24.55,3.0,7.01,roster,0,127.0,107.5,1.9242,136.98,9.9162,1.075,2.2825,2.9535,92.24,15.63,26.8,22.32,24.0
2025-01-30 23:00:00,23,49,49,5.0,1.0,26.0,17.0,0.0,1.0,20,17,16,1,17,1,25.55,584.0,335.0,1020.0,25.55,3.0,7.01,roster,0,141.0,122.5,2.0435,136.98,10.5034,1.225,2.4251,2.8776,105.1,14.76,13.4,23.72,25.5
2025-01-31 00:00:00,0,42,42,7.0,1.0,30.0,4.0,0.0,1.0,12,13,17,1,18,1,26.55,606.0,379.0,1080.0,26.55,3.0,7.01,roster,0,137.0,105.0,2.0758,124.23,9.4742,1.05,1.8545,3.2619,90.09,15.63,13.4,25.11,27.0
2025-01-31 01:00:00,1,35,35,7.0,2.0,22.0,3.0,1.0,1.0,4,4,16,2,18,2,27.55,666.0,358.0,1140.0,27.55,3.0,7.01,roster,0,116.0,87.5,1.7576,124.01,4.7912,0.875,0.5706,3.3143,75.08,15.63,26.8,26.51,28.5
2025-01-31 02:00:00,2,32,32,6.0,2.0,17.0,7.0,0.0,1.0,6,5,16,1,17,1,28.55,764.0,499.0,1200.0,28.55,3.0,7.01,roster,0,103.0,80.0,1.4928,104.7,4.8708,0.8,0.7133,3.2188,68.64,14.76,13.4,27.9,30.0
2025-01-31 03:00:00,3,31,31,5.0,4.0,15.0,6.0,1.0,1.0,8,7,16,1,17,1,29.55,824.0,559.0,1260.0,29.55,3.0,7.01,roster,0,99.0,77.5,1.4348,103.95,5.664,0.775,0.9986,3.1935,66.5,14.76,13.4,29.3,31.5
2025-01-31 04:00:00,4,37,37,5.0,4.0,19.0,9.0,0.0,1.0,11,11,16,2,18,2,30.55,846.0,538.0,1320.0,30.55,3.0,7.01,roster,0,116.0,92.5,1.7576,132.48,7.8196,0.925,1.5692,3.1351,79.36,15.63,26.8,30.69,33.0
2025-01-31 05:00:00,5,32,32,5.0,2.0,16.0,9.0,0.0,1.0,2,1,16,1,17,1,31.55,944.0,679.0,1380.0,31.55,3.0,7.01,roster,0,99.0,80.0,1.4348,108.89,2.9163,0.8,0.1427,3.0938,68.64,14.76,13.4,32.08,34.5
2025-01-31 06:00:00,6,29,29,6.0,2.0,16.0,5.0,0.0,1.0,6,4,16,1,17,1,32.55,1004.0,739.0,1440.0,32.55,3.0,7.01,roster,0,96.0,72.5,1.3913,103.85,4.2889,0.725,0.5706,3.3103,62.2,14.76,13.4,33.48,36.0
2025-01-31 07:00:00,7,28,28,6.0,1.0,15.0,5.0,1.0,1.0,2,2,16,2,18,2,33.55,1026.0,718.0,1500.0,33.55,3.0,7.01,roster,0,90.0,70.0,1.3636,117.36,3.1671,0.7,0.2853,3.2143,60.06,15.63,26.8,34.88,37.5
2025-01-31 08:00:00,8,33,33,5.0,1.0,18.0,6.0,3.0,1.0,11,9,16,1,17,1,34.55,1124.0,859.0,1560.0,34.55,3.0,6.96,roster,0,98.0,82.5,1.4203,115.22,6.2901,0.825,1.2931,2.9697,70.78,14.76,13.4,36.27,39.0
2025-01-31 09:00:00,9,38,38,7.0,1.0,22.0,8.0,0.0,1.0,10,9,16,1,17,1,35.55,1184.0,919.0,1620.0,35.55,3.0,6.96,roster,0,121.0,95.0,1.7536,127.34,7.1425,0.95,1.2931,3.1842,81.51,14.76,13.4,37.66,40.5
2025-01-31 10:00:00,10,48,48,7.0,3.0,32.0,6.0,0.0,1.0,18,17,19,1,20,1,36.55,1167.0,829.0,1680.0,36.55,4.0,10.3,roster,0,155.0,120.0,1.9375,152.79,9.2047,1.2,1.6505,3.2292,102.96,17.37,13.4,39.06,42.0
2025-01-31 11:00:00,11,56,56,7.0,3.0,37.0,9.0,0.0,1.0,26,22,22,1,23,1,37.55,1087.0,163.0,1548.0,37.55,4.0,10.3,roster,0,176.0,140.0,2.5882,169.48,11.1129,1.4,2.1359,3.1429,120.12,19.97,13.4,35.99,38.7
2025-01-31 12:00:00,12,56,56,7.0,6.0,36.0,7.0,0.0,1.0,17,14,24,0,24,0,38.55,1058.5,202.0,1608.0,38.55,4.0,10.3,roster,0,181.0,140.0,2.8281,158.35,8.9182,1.4,1.3592,3.2321,120.12,20.84,0.0,37.39,40.2
2025-01-31 13:00:00,13,56,56,7.0,7.0,37.0,5.0,0.0,1.0,17,16,24,0,24,0,39.55,1043.5,258.0,1444.0,39.55,4.0,10.3,roster,0,184.0,140.0,2.875,154.53,9.704,1.4,1.5534,3.2857,120.12,20.84,0.0,33.57,36.1
2025-01-31 14:00:00,14,66,66,6.0,7.0,45.0,8.0,0.0,1.0,18,18,26,0,26,0,40.55,983.0,210.0,1408.0,40.55,4.0,10.3,roster,0,209.0,165.0,3.7321,176.88,10.759,1.65,1.7476,3.1667,141.57,22.58,0.0,32.74,35.2
2025-01-31 15:00:00,15,59,59,6.0,7.0,40.0,6.0,0.0,1.0,19,19,25,0,25,0,40.033,378.0,190.0,1198.0,40.033,4.0,10.3,roster,0,190.0,147.5,3.1667,156.12,10.6904,1.475,1.8447,3.2203,126.56,21.71,0.0,27.85,29.95
2025-01-31 16:00:00,16,62,62,6.0,8.0,40.0,6.0,2.0,1.0,18,15,27,1,28,1,41.033,380.5,203.0,1258.0,41.033,4.0,10.3,roster,0,196.0,155.0,4.0833,179.95,9.5038,1.55,1.4563,3.1613,132.99,24.31,13.4,29.25,31.45
2025-01-31 17:00:00,17,54,54,6.0,10.0,31.0,7.0,0.0,1.0,10,9,27,1,28,1,42.033,440.5,263.0,1318.0,42.033,4.0,10.3,roster,0,177.0,135.0,3.6875,164.19,7.2891,1.35,0.8738,3.2778,115.83,24.31,13.4,30.64,32.95
2025-01-31 18:00:00,18,46,46,5.0,7.0,29.0,5.0,0.0,1.0,7,5,24,1,25,1,39.517,491.0,323.0,1306.0,39.517,4.0,10.3,roster,0,150.0,115.0,2.5,144.14,5.3329,1.15,0.4854,3.2609,98.67,21.71,13.4,30.36,32.65
2025-01-31 19:00:00,19,46,46,4.0,7.0,28.0,7.0,0.0,1.0,10,10,21,0,21,0,30.067,488.0,346.0,622.0,30.067,4.0,10.3,roster,0,146.0,115.0,1.9211,111.37,6.7315,1.15,0.9709,3.1739,98.67,18.23,0.0,14.46,15.55
2025-01-31 20:00:00,20,52,52,4.0,7.0,33.0,8.0,0.0,1.0,17,16,24,0,24,0,24.967,470.5,335.0,678.0,24.967,4.0,10.15,roster,0,163.0,130.0,2.5469,128.14,9.0163,1.3,1.5764,3.1346,111.54,20.84,0.0,15.76,16.95
2025-01-31 21:00:00,21,62,62,4.0,7.0,35.0,16.0,0.0,1.0,16,15,25,2,27,2,25.967,503.0,160.0,690.0,25.967,4.0,10.15,roster,0,185.0,155.0,3.5577,179.28,9.0347,1.55,1.4778,2.9839,132.99,23.44,26.8,16.04,17.25
2025-01-31 22:00:00,22,59,59,4.0,6.0,31.0,17.0,1.0,1.0,19,17,25,1,26,1,26.967,567.0,285.0,750.0,26.967,3.0,6.81,roster,0,172.0,147.5,4.0952,159.97,11.5774,1.475,2.4963,2.9153,126.56,22.58,13.4,17.44,18.75
2025-01-31 23:00:00,23,50,50,4.0,7.0,27.0,12.0,0.0,1.0,11,9,26,1,27,1,27.967,623.0,280.0,810.0,27.967,3.0,6.81,roster,0,153.0,125.0,3.9231,142.93,7.8691,1.25,1.3216,3.06,107.25,23.44,13.4,18.83,20.25
