ts,hour,total,census,l1,l2,l3,l4,l5,tri_coverage,arrivals,arrival_present_1h,waitBed,waitICU,D_board,resus,maxLOS_h,awt_curr_min,board_q1_min,board_q3_min,board_max_h,Na,cap_sum,cap_source,src_gap,acuity,OCCUPANCY,EDWIN,NEDOCS,READI,READI_BR,READI_PR,READI_AR,NEDOCS_t_total,NEDOCS_t_board,NEDOCS_t_resus,NEDOCS_t_longest_admit,NEDOCS_E_h
2020-10-01 00:00:00,0,28,28,0.0,4.0,22.0,2.0,0.0,1.0,9,6,7,0,7,0,10.933,236.0,181.0,275.0,5.117,3.0,8.06,roster,0,86.0,70.0,0.8687,52.53,4.4364,0.7,0.7444,3.0714,60.06,6.08,0.0,6.39,6.875
2020-10-01 01:00:00,1,24,24,1.0,3.0,19.0,1.0,0.0,1.0,3,3,6,0,6,0,11.933,270.5,241.0,304.0,5.583,3.0,8.06,roster,0,76.0,60.0,0.7451,43.76,3.0787,0.6,0.3722,3.1667,51.48,5.21,0.0,7.07,7.6
2020-10-01 02:00:00,2,24,24,1.0,2.0,19.0,1.0,1.0,1.0,3,3,7,0,7,0,12.933,305.0,229.0,364.0,6.583,3.0,8.06,roster,0,73.0,60.0,0.7374,46.02,2.9571,0.6,0.3722,3.0417,51.48,6.08,0.0,8.46,9.1
2020-10-01 03:00:00,3,24,24,1.0,3.0,19.0,1.0,0.0,1.0,4,4,7,0,7,0,13.933,365.0,289.0,424.0,7.583,3.0,8.06,roster,0,76.0,60.0,0.7677,47.42,3.4715,0.6,0.4963,3.1667,51.48,6.08,0.0,9.86,10.6
2020-10-01 04:00:00,4,23,23,1.0,3.0,18.0,1.0,0.0,1.0,0,0,8,0,8,0,14.933,423.0,349.0,484.0,8.583,3.0,8.06,roster,0,73.0,57.5,0.7604,47.53,1.825,0.575,0.0,3.1739,49.33,6.95,0.0,11.25,12.1
2020-10-01 05:00:00,5,22,22,1.0,3.0,17.0,1.0,0.0,1.0,2,2,8,0,8,0,15.933,483.0,409.0,544.0,9.583,3.0,8.06,roster,0,70.0,55.0,0.7292,46.78,2.5395,0.55,0.2481,3.1818,47.19,6.95,0.0,12.65,13.6
2020-10-01 06:00:00,6,24,24,1.0,3.0,19.0,1.0,0.0,1.0,3,3,8,0,8,0,15.15,543.0,469.0,604.0,10.583,3.0,8.06,roster,0,76.0,60.0,0.7917,52.47,3.0787,0.6,0.3722,3.1667,51.48,6.95,0.0,14.04,15.1
2020-10-01 07:00:00,7,23,23,1.0,3.0,18.0,1.0,0.0,1.0,4,3,8,0,8,0,16.15,603.0,529.0,664.0,11.583,3.0,8.06,roster,0,73.0,57.5,0.7604,51.72,3.0064,0.575,0.3722,3.1739,49.33,6.95,0.0,15.44,16.6
2020-10-01 08:00:00,8,22,22,1.0,3.0,16.0,2.0,0.0,1.0,3,3,10,0,10,0,17.15,625.0,337.0,716.0,12.583,3.0,6.8,roster,0,69.0,55.0,0.7667,52.52,3.1087,0.55,0.4412,3.1364,47.19,8.68,0.0,16.65,17.9
2020-10-01 09:00:00,9,17,17,0.0,2.0,13.0,2.0,0.0,1.0,3,3,3,0,3,0,18.15,161.0,120.0,649.0,10.817,3.0,6.8,roster,0,51.0,42.5,0.4595,34.16,2.5985,0.425,0.4412,3.0,36.46,2.6,0.0,15.09,16.225
2020-10-01 10:00:00,10,19,19,1.0,3.0,13.0,2.0,0.0,1.0,11,9,3,0,3,0,19.15,221.0,62.0,709.0,11.817,4.0,10.05,roster,0,60.0,47.5,0.4054,39.84,4.328,0.475,0.8955,3.1579,40.75,2.6,0.0,16.48,17.725
2020-10-01 11:00:00,11,21,21,0.0,2.0,18.0,1.0,0.0,1.0,10,9,2,0,2,0,20.15,201.5,122.0,281.0,4.683,4.0,10.05,roster,0,64.0,52.5,0.4211,33.31,4.3292,0.525,0.8955,3.0476,45.04,1.74,0.0,6.53,7.025
2020-10-01 12:00:00,12,24,24,1.0,2.0,21.0,0.0,0.0,1.0,8,8,1,0,1,0,21.15,93.0,93.0,93.0,1.55,4.0,10.05,roster,0,76.0,60.0,0.4872,34.51,4.4207,0.6,0.796,3.1667,51.48,0.87,0.0,2.16,2.325
2020-10-01 13:00:00,13,20,20,1.0,4.0,15.0,0.0,0.0,1.0,4,4,5,1,6,1,22.15,111.0,99.0,118.0,2.55,4.0,10.05,roster,0,66.0,50.0,0.4853,44.25,2.9634,0.5,0.398,3.3,42.9,5.21,13.4,2.74,2.95
2020-10-01 14:00:00,14,16,16,0.0,1.0,15.0,0.0,0.0,1.0,5,5,2,0,2,0,23.15,126.0,74.0,178.0,2.967,4.0,10.05,roster,0,49.0,40.0,0.3224,20.2,2.7486,0.4,0.4975,3.0625,34.32,1.74,0.0,4.14,4.45
2020-10-01 15:00:00,15,19,19,0.0,2.0,17.0,0.0,0.0,1.0,11,9,3,0,3,0,24.15,134.0,107.0,238.0,3.967,4.0,10.05,roster,0,59.0,47.5,0.3986,28.89,4.2558,0.475,0.8955,3.1053,40.75,2.6,0.0,5.53,5.95
2020-10-01 16:00:00,16,34,34,0.0,4.0,28.0,2.0,0.0,1.0,20,17,5,1,6,1,25.15,132.0,69.0,194.0,4.967,4.0,10.05,roster,0,104.0,85.0,0.7647,76.05,7.7741,0.85,1.6915,3.0588,72.93,5.21,13.4,4.51,4.85
2020-10-01 17:00:00,17,32,32,0.0,5.0,26.0,1.0,0.0,1.0,9,8,6,1,7,1,26.15,129.0,87.0,254.0,5.967,4.0,10.05,roster,0,100.0,80.0,0.7576,74.02,4.9876,0.8,0.796,3.125,68.64,6.08,13.4,5.91,6.35
2020-10-01 18:00:00,18,37,37,0.0,5.0,30.0,2.0,0.0,1.0,13,11,8,0,8,0,27.15,164.0,145.0,314.0,6.967,4.0,10.05,roster,0,114.0,92.5,0.8906,73.61,6.2223,0.925,1.0945,3.0811,79.36,6.95,0.0,7.3,7.85
2020-10-01 19:00:00,19,36,36,0.0,5.0,29.0,2.0,0.0,1.0,11,10,7,0,7,0,28.15,205.0,145.0,374.0,7.967,4.0,10.05,roster,0,111.0,90.0,0.8409,71.99,5.843,0.9,0.995,3.0833,77.22,6.08,0.0,8.7,9.35
2020-10-01 20:00:00,20,35,35,0.0,6.0,29.0,0.0,0.0,1.0,9,8,8,1,9,1,29.15,104.0,95.0,205.0,8.967,4.0,9.93,roster,0,111.0,87.5,0.8952,81.06,5.33,0.875,0.8056,3.1714,75.08,7.81,13.4,4.77,5.125
2020-10-01 21:00:00,21,39,39,0.0,8.0,30.0,1.0,0.0,1.0,19,17,6,2,8,2,30.15,147.0,94.0,265.0,9.967,4.0,9.93,roster,0,124.0,97.5,0.9688,103.56,8.5432,0.975,1.712,3.1795,83.66,6.95,26.8,6.16,6.625
2020-10-01 22:00:00,22,45,45,0.0,11.0,33.0,1.0,0.0,1.0,16,17,11,1,12,1,31.15,121.0,73.0,224.0,10.967,3.0,6.68,roster,0,145.0,112.5,1.7262,105.55,11.8253,1.125,2.5449,3.2222,96.52,10.42,13.4,5.21,5.6
2020-10-01 23:00:00,23,41,41,0.0,9.0,31.0,1.0,0.0,1.0,10,9,11,1,12,1,32.15,137.0,128.0,250.0,11.967,3.0,6.68,roster,0,131.0,102.5,1.5595,97.58,7.5798,1.025,1.3473,3.1951,87.94,10.42,13.4,5.81,6.25
2020-10-02 00:00:00,0,40,40,0.0,7.0,32.0,1.0,0.0,1.0,6,6,14,1,15,1,33.15,188.0,110.0,262.0,12.967,3.0,6.68,roster,0,126.0,100.0,1.68,98.32,5.9793,1.0,0.8982,3.15,85.8,13.02,13.4,6.09,6.55
2020-10-02 01:00:00,1,33,33,0.0,10.0,22.0,1.0,0.0,1.0,4,4,15,0,15,0,34.15,248.0,170.0,322.0,13.967,3.0,6.68,roster,0,108.0,82.5,1.44,71.3,4.6597,0.825,0.5988,3.2727,70.78,13.02,0.0,7.49,8.05
2020-10-02 02:00:00,2,31,31,0.0,9.0,21.0,0.0,1.0,1.0,6,6,15,1,16,1,35.15,303.0,230.0,382.0,14.967,3.0,6.68,roster,0,100.0,77.5,1.3889,82.67,5.3974,0.775,0.8982,3.2258,66.5,13.89,13.4,8.88,9.55
2020-10-02 03:00:00,3,28,28,0.0,8.0,19.0,0.0,1.0,1.0,2,1,15,0,15,0,36.15,368.0,290.0,442.0,15.967,3.0,6.68,roster,0,90.0,70.0,1.2,63.36,2.7312,0.7,0.1497,3.2143,60.06,13.02,0.0,10.28,11.05
2020-10-02 04:00:00,4,28,28,0.0,8.0,20.0,0.0,0.0,1.0,3,3,15,0,15,0,37.15,428.0,350.0,502.0,16.967,3.0,6.68,roster,0,92.0,70.0,1.2267,64.76,3.7756,0.7,0.4491,3.2857,60.06,13.02,0.0,11.67,12.55
2020-10-02 05:00:00,5,27,27,0.0,8.0,19.0,0.0,0.0,1.0,2,1,15,0,15,0,38.15,488.0,410.0,562.0,17.967,3.0,6.68,roster,0,89.0,67.5,1.1867,64.01,2.7185,0.675,0.1497,3.2963,57.92,13.02,0.0,13.07,14.05
2020-10-02 06:00:00,6,29,29,0.0,8.0,21.0,0.0,0.0,1.0,2,2,16,0,16,0,39.15,543.0,470.0,622.0,18.967,3.0,6.68,roster,0,95.0,72.5,1.3194,70.56,3.3558,0.725,0.2994,3.2759,62.2,13.89,0.0,14.46,15.55
2020-10-02 07:00:00,7,29,29,0.0,8.0,21.0,0.0,0.0,1.0,2,2,17,0,17,0,40.15,598.0,526.0,621.0,19.967,3.0,6.68,roster,0,95.0,72.5,1.3768,71.4,3.3558,0.725,0.2994,3.2759,62.2,14.76,0.0,14.44,15.525
2020-10-02 08:00:00,8,27,27,0.0,8.0,19.0,0.0,0.0,1.0,2,2,16,0,16,0,41.15,657.0,586.0,742.0,20.967,3.0,6.68,roster,0,89.0,67.5,1.2361,69.06,3.2119,0.675,0.2994,3.2963,57.92,13.89,0.0,17.25,18.55
2020-10-02 09:00:00,9,24,24,0.0,3.0,21.0,0.0,0.0,1.0,11,10,7,0,7,0,42.15,716.0,292.0,914.0,21.967,3.0,6.68,roster,0,75.0,60.0,0.7576,58.81,6.5531,0.6,1.497,3.125,51.48,6.08,0.0,21.25,22.85
2020-10-02 10:00:00,10,27,27,0.0,4.0,23.0,0.0,0.0,1.0,10,9,8,0,8,0,43.15,737.0,120.0,974.0,22.967,4.0,9.93,roster,0,85.0,67.5,0.6641,67.51,4.9783,0.675,0.9063,3.1481,57.92,6.95,0.0,22.65,24.35
2020-10-02 11:00:00,11,24,24,0.0,4.0,20.0,0.0,0.0,1.0,9,7,4,0,4,0,23.967,177.5,175.0,1438.0,23.967,4.0,9.93,roster,0,76.0,60.0,0.5278,68.39,4.1323,0.6,0.7049,3.1667,51.48,3.47,0.0,33.43,35.95
2020-10-02 12:00:00,12,21,21,1.0,3.0,17.0,0.0,0.0,1.0,3,3,4,1,5,1,24.967,235.0,77.0,240.0,24.967,4.0,9.93,roster,0,68.0,52.5,0.4857,48.37,2.6783,0.525,0.3021,3.2381,45.04,4.34,13.4,5.58,6.0
2020-10-02 13:00:00,13,27,27,2.0,3.0,21.0,1.0,0.0,1.0,11,10,5,2,7,2,25.967,137.0,116.0,300.0,25.967,4.0,9.93,roster,0,87.0,67.5,0.6591,77.77,5.4199,0.675,1.007,3.2222,57.92,6.08,26.8,6.98,7.5
2020-10-02 14:00:00,14,30,30,2.0,4.0,22.0,2.0,0.0,1.0,7,7,5,3,8,3,26.967,180.0,130.0,360.0,26.967,4.0,9.93,roster,0,96.0,75.0,0.75,99.87,4.6558,0.75,0.7049,3.2,64.35,6.95,40.2,8.37,9.0
2020-10-02 15:00:00,15,30,30,1.0,4.0,23.0,2.0,0.0,1.0,8,7,7,2,9,2,27.967,160.0,98.0,257.0,27.967,4.0,9.93,roster,0,94.0,75.0,0.7581,84.94,4.5588,0.75,0.7049,3.1333,64.35,7.81,26.8,5.98,6.425
2020-10-02 16:00:00,16,30,30,1.0,5.0,23.0,1.0,0.0,1.0,6,6,10,1,11,1,28.967,158.0,96.0,317.0,28.967,4.0,9.93,roster,0,96.0,75.0,0.8276,74.67,4.3335,0.75,0.6042,3.2,64.35,9.55,13.4,7.37,7.925
2020-10-02 17:00:00,17,39,39,2.0,6.0,31.0,0.0,0.0,1.0,16,15,12,1,13,1,29.967,180.0,132.0,241.0,29.967,4.0,9.93,roster,0,127.0,97.5,1.1759,93.95,8.094,0.975,1.5106,3.2564,83.66,11.29,13.4,5.6,6.025
2020-10-02 18:00:00,18,30,30,1.0,6.0,23.0,0.0,0.0,1.0,8,8,10,1,11,1,30.967,154.0,103.0,240.0,30.967,4.0,9.93,roster,0,98.0,75.0,0.8448,72.88,5.0818,0.75,0.8056,3.2667,64.35,9.55,13.4,5.58,6.0
2020-10-02 19:00:00,19,29,29,1.0,7.0,21.0,0.0,0.0,1.0,7,7,8,0,8,0,31.967,211.5,181.0,338.0,31.967,4.0,9.93,roster,0,96.0,72.5,0.75,57.01,4.7336,0.725,0.7049,3.3103,62.2,6.95,0.0,7.86,8.45
2020-10-02 20:00:00,20,28,28,1.0,9.0,18.0,0.0,0.0,1.0,8,9,7,0,7,0,32.967,201.0,108.0,269.0,32.967,4.0,9.93,roster,0,95.0,70.0,0.7197,52.39,5.4501,0.7,0.9063,3.3929,60.06,6.08,0.0,6.25,6.725
2020-10-02 21:00:00,21,26,26,0.0,9.0,17.0,0.0,0.0,1.0,10,8,3,0,3,0,33.967,329.0,256.0,2038.0,33.967,4.0,9.93,roster,0,87.0,65.0,0.5878,85.76,4.8708,0.65,0.8056,3.3462,55.77,2.6,0.0,47.38,50.95
2020-10-02 22:00:00,22,27,27,0.0,10.0,16.0,1.0,0.0,1.0,9,8,5,1,6,1,34.967,200.5,82.0,389.0,34.967,3.0,6.68,roster,0,90.0,67.5,0.8824,65.57,6.242,0.675,1.1976,3.3333,57.92,5.21,13.4,9.04,9.725
2020-10-02 23:00:00,23,35,35,0.0,11.0,24.0,0.0,0.0,1.0,13,12,7,1,8,1,35.967,142.5,100.0,449.0,35.967,3.0,6.68,roster,0,116.0,87.5,1.2083,85.86,8.8538,0.875,1.7964,3.3143,75.08,6.95,13.4,10.44,11.225
2020-10-03 00:00:00,0,40,40,0.0,15.0,25.0,0.0,0.0,1.0,12,12,6,2,8,2,36.967,202.5,160.0,509.0,36.967,3.0,6.68,roster,0,135.0,100.0,1.4062,111.38,9.4379,1.0,1.7964,3.375,85.8,6.95,26.8,11.83,12.725
2020-10-03 01:00:00,1,40,40,0.0,15.0,25.0,0.0,0.0,1.0,8,9,10,2,12,2,37.967,208.5,110.0,496.0,37.967,3.0,6.68,roster,0,135.0,100.0,1.6071,114.55,7.9222,1.0,1.3473,3.375,85.8,10.42,26.8,11.53,12.4
2020-10-03 02:00:00,2,32,32,0.0,14.0,18.0,0.0,0.0,1.0,2,2,11,1,12,1,38.967,228.5,158.0,556.0,38.967,3.0,6.68,roster,0,110.0,80.0,1.3095,85.39,3.7792,0.8,0.2994,3.4375,68.64,10.42,13.4,12.93,13.9
2020-10-03 03:00:00,3,31,31,0.0,12.0,19.0,0.0,0.0,1.0,5,4,12,1,13,1,39.967,260.0,210.0,385.0,39.967,3.0,6.68,roster,0,105.0,77.5,1.2963,80.13,4.6532,0.775,0.5988,3.3871,66.5,11.29,13.4,8.95,9.625
2020-10-03 04:00:00,4,28,28,0.0,12.0,16.0,0.0,0.0,1.0,2,1,13,1,14,1,40.967,305.0,210.0,445.0,40.967,3.0,6.68,roster,0,96.0,70.0,1.2308,75.96,2.9133,0.7,0.1497,3.4286,60.06,12.16,13.4,10.35,11.125
2020-10-03 05:00:00,5,31,31,0.0,12.0,19.0,0.0,0.0,1.0,3,3,13,1,14,1,41.967,365.0,270.0,505.0,41.967,3.0,6.68,roster,0,105.0,77.5,1.3462,83.79,4.1462,0.775,0.4491,3.3871,66.5,12.16,13.4,11.74,12.625
2020-10-03 06:00:00,6,27,27,0.0,11.0,16.0,0.0,0.0,1.0,1,0,13,1,14,1,42.967,425.0,330.0,565.0,42.967,3.0,6.68,roster,0,92.0,67.5,1.1795,76.61,2.3,0.675,0.0,3.4074,57.92,12.16,13.4,13.14,14.125
2020-10-03 07:00:00,7,27,27,0.0,11.0,16.0,0.0,0.0,1.0,2,1,13,0,13,0,43.967,470.0,390.0,625.0,43.967,3.0,6.68,roster,0,92.0,67.5,1.1358,63.73,2.8101,0.675,0.1497,3.4074,57.92,11.29,0.0,14.53,15.625
2020-10-03 08:00:00,8,28,28,0.0,9.0,19.0,0.0,0.0,1.0,5,5,14,0,14,0,44.967,524.0,434.0,685.0,44.967,3.0,7.76,roster,0,93.0,70.0,1.1923,68.14,4.4651,0.7,0.6443,3.3214,60.06,12.16,0.0,15.93,17.125
2020-10-03 09:00:00,9,26,26,0.0,7.0,18.0,1.0,0.0,1.0,7,6,8,0,8,0,45.967,623.5,494.0,1049.0,45.967,3.0,7.76,roster,0,84.0,65.0,0.875,67.11,4.598,0.65,0.7732,3.2308,55.77,6.95,0.0,24.39,26.225
2020-10-03 10:00:00,10,42,42,0.0,13.0,26.0,3.0,0.0,1.0,17,17,11,0,11,0,46.967,554.0,84.0,760.0,46.967,4.0,11.46,roster,0,136.0,105.0,1.1724,97.31,8.2035,1.05,1.4834,3.2381,90.09,9.55,0.0,17.67,19.0
2020-10-03 11:00:00,11,43,43,0.0,13.0,28.0,2.0,0.0,1.0,8,7,12,1,13,1,47.967,141.0,112.0,797.0,47.967,4.0,11.46,roster,0,140.0,107.5,1.2963,115.45,5.4887,1.075,0.6108,3.2558,92.24,11.29,13.4,18.53,19.925
2020-10-03 12:00:00,12,41,41,1.0,9.0,29.0,2.0,0.0,1.0,8,8,9,0,9,0,48.967,204.0,160.0,857.0,48.967,4.0,11.46,roster,0,132.0,102.5,1.0645,95.69,5.5475,1.025,0.6981,3.2195,87.94,7.81,0.0,19.93,21.425
2020-10-03 13:00:00,13,39,39,1.0,10.0,25.0,3.0,0.0,1.0,7,6,12,1,13,1,49.967,220.0,86.0,810.0,49.967,4.0,11.46,roster,0,126.0,97.5,1.1667,107.18,4.8415,0.975,0.5236,3.2308,83.66,11.29,13.4,18.83,20.25
2020-10-03 14:00:00,14,38,38,1.0,9.0,24.0,4.0,0.0,1.0,10,9,8,1,9,1,50.967,208.0,138.0,324.0,50.967,4.0,11.46,roster,0,121.0,95.0,0.9758,90.26,5.5257,0.95,0.7853,3.1842,81.51,7.81,13.4,7.53,8.1
2020-10-03 15:00:00,15,32,32,0.0,7.0,21.0,4.0,0.0,1.0,9,7,6,0,6,0,51.967,324.5,148.0,384.0,51.967,4.0,11.46,roster,0,99.0,80.0,0.7279,62.78,4.3647,0.8,0.6108,3.0938,68.64,5.21,0.0,8.93,9.6
2020-10-03 16:00:00,16,27,27,2.0,6.0,18.0,1.0,0.0,1.0,9,8,6,0,6,0,52.967,324.5,151.0,444.0,52.967,4.0,11.46,roster,0,90.0,67.5,0.6618,53.45,4.5769,0.675,0.6981,3.3333,57.92,5.21,0.0,10.32,11.1
2020-10-03 17:00:00,17,29,29,3.0,6.0,20.0,0.0,0.0,1.0,10,10,5,1,6,1,53.967,133.0,95.0,504.0,53.967,4.0,11.46,roster,0,99.0,72.5,0.7279,72.53,5.4539,0.725,0.8726,3.4138,62.2,5.21,13.4,11.72,12.6
2020-10-03 18:00:00,18,25,25,2.0,4.0,18.0,1.0,0.0,1.0,8,7,5,1,6,1,54.967,163.5,124.0,564.0,54.967,4.0,11.46,roster,0,82.0,62.5,0.6029,65.35,4.0535,0.625,0.6108,3.28,53.62,5.21,13.4,13.11,14.1
2020-10-03 19:00:00,19,22,22,2.0,2.0,17.0,1.0,0.0,1.0,7,7,6,1,7,1,55.967,184.0,115.0,624.0,55.967,4.0,11.46,roster,0,71.0,55.0,0.5379,61.18,3.7463,0.55,0.6108,3.2273,47.19,6.08,13.4,14.51,15.6
2020-10-03 20:00:00,20,22,22,2.0,2.0,15.0,3.0,0.0,1.0,10,8,6,2,8,2,56.967,173.5,110.0,292.0,56.967,4.0,10.38,roster,0,69.0,55.0,0.5391,67.73,4.1422,0.55,0.7707,3.1364,47.19,6.95,26.8,6.79,7.3
2020-10-03 21:00:00,21,22,22,2.0,3.0,15.0,2.0,0.0,1.0,7,5,6,2,8,2,57.967,147.0,120.0,304.0,57.967,4.0,10.38,roster,0,71.0,55.0,0.5547,68.0,3.3296,0.55,0.4817,3.2273,47.19,6.95,26.8,7.07,7.6
2020-10-03 22:00:00,22,32,32,1.0,4.0,24.0,2.0,1.0,1.0,15,15,4,1,5,1,58.967,180.0,157.0,230.0,58.967,3.0,6.68,roster,0,98.0,80.0,0.9333,71.73,9.3269,0.8,2.2455,3.0625,68.64,4.34,13.4,5.35,5.75
2020-10-03 23:00:00,23,27,27,1.0,5.0,18.0,3.0,0.0,1.0,7,6,6,0,6,0,59.967,206.0,103.0,240.0,59.967,3.0,6.68,roster,0,85.0,67.5,0.8333,48.7,4.9527,0.675,0.8982,3.1481,57.92,5.21,0.0,5.58,6.0
2020-10-04 00:00:00,0,30,30,1.0,7.0,21.0,1.0,0.0,1.0,10,10,9,0,9,0,60.967,163.0,73.0,277.0,60.967,3.0,6.68,roster,0,98.0,75.0,1.0538,58.61,7.3402,0.75,1.497,3.2667,64.35,7.81,0.0,6.44,6.925
2020-10-04 01:00:00,1,34,34,1.0,7.0,24.0,2.0,0.0,1.0,9,9,10,1,11,1,61.967,206.0,125.0,337.0,61.967,3.0,6.68,roster,0,109.0,85.0,1.2529,83.72,7.0443,0.85,1.3473,3.2059,72.93,9.55,13.4,7.84,8.425
2020-10-04 02:00:00,2,38,38,1.0,7.0,28.0,2.0,0.0,1.0,7,7,12,0,12,0,62.967,229.5,185.0,397.0,62.967,3.0,6.68,roster,0,121.0,95.0,1.4405,81.16,6.3617,0.95,1.0479,3.1842,81.51,10.42,0.0,9.23,9.925
2020-10-04 03:00:00,3,35,35,1.0,8.0,24.0,2.0,0.0,1.0,5,5,15,0,15,0,63.967,249.0,127.0,435.0,63.967,3.0,6.68,roster,0,113.0,87.5,1.5067,78.21,5.2416,0.875,0.7485,3.2286,75.08,13.02,0.0,10.11,10.875
2020-10-04 04:00:00,4,33,33,1.0,8.0,23.0,1.0,0.0,1.0,3,3,16,0,16,0,64.967,307.0,187.0,495.0,64.967,3.0,6.68,roster,0,108.0,82.5,1.5,76.19,4.1698,0.825,0.4491,3.2727,70.78,13.89,0.0,11.51,12.375
2020-10-04 05:00:00,5,31,31,0.0,7.0,23.0,1.0,0.0,1.0,1,1,17,0,17,0,65.967,365.0,239.0,463.0,65.967,3.0,6.68,roster,0,99.0,77.5,1.4348,72.02,2.9531,0.775,0.1497,3.1935,66.5,14.76,0.0,10.76,11.575
2020-10-04 06:00:00,6,29,29,0.0,6.0,22.0,1.0,0.0,1.0,2,2,17,0,17,0,66.967,425.0,299.0,523.0,66.967,3.0,6.68,roster,0,92.0,72.5,1.3333,69.13,3.2498,0.725,0.2994,3.1724,62.2,14.76,0.0,12.16,13.075
2020-10-04 07:00:00,7,27,27,0.0,4.0,21.0,2.0,0.0,1.0,5,3,17,0,17,0,67.967,485.0,359.0,583.0,67.967,3.0,6.68,roster,0,83.0,67.5,1.2029,66.23,3.4556,0.675,0.4491,3.0741,57.92,14.76,0.0,13.55,14.575
2020-10-04 08:00:00,8,29,29,0.0,4.0,23.0,2.0,0.0,1.0,8,6,17,0,17,0,68.967,545.0,419.0,643.0,68.967,3.0,6.35,roster,0,89.0,72.5,1.2899,71.92,5.1248,0.725,0.9449,3.069,62.2,14.76,0.0,14.95,16.075
2020-10-04 09:00:00,9,24,24,0.0,1.0,21.0,2.0,0.0,1.0,6,6,7,0,7,0,69.967,487.0,371.0,840.0,69.967,3.0,6.35,roster,0,71.0,60.0,0.7172,57.09,4.5703,0.6,0.9449,2.9583,51.48,6.08,0.0,19.53,21.0
2020-10-04 10:00:00,10,16,16,0.0,0.0,15.0,1.0,0.0,1.0,6,5,4,0,4,0,70.967,723.5,547.0,4258.0,70.967,4.0,9.6,roster,0,47.0,40.0,0.3264,116.79,2.7049,0.4,0.5208,2.9375,34.32,3.47,0.0,99.0,106.45
2020-10-04 11:00:00,11,16,16,2.0,1.0,13.0,0.0,0.0,1.0,8,8,3,0,3,0,71.967,607.0,86.0,4318.0,71.967,4.0,9.6,roster,0,53.0,40.0,0.3581,117.32,4.0854,0.4,0.8333,3.3125,34.32,2.6,0.0,100.39,107.95
2020-10-04 12:00:00,12,20,20,2.0,5.0,13.0,0.0,0.0,1.0,9,9,4,1,5,1,72.967,146.0,92.0,667.0,72.967,4.0,9.6,roster,0,69.0,50.0,0.4929,56.15,4.9594,0.5,0.9375,3.45,42.9,4.34,13.4,15.51,16.675
2020-10-04 13:00:00,13,26,26,1.0,5.0,20.0,0.0,0.0,1.0,12,11,5,3,8,3,73.967,127.0,97.0,727.0,73.967,4.0,9.6,roster,0,85.0,65.0,0.6641,99.82,5.871,0.65,1.1458,3.2692,55.77,6.95,40.2,16.9,18.175
2020-10-04 14:00:00,14,27,27,0.0,5.0,21.0,1.0,0.0,1.0,11,9,4,2,6,2,74.967,173.0,128.0,266.0,74.967,4.0,9.6,roster,0,85.0,67.5,0.625,76.11,5.0764,0.675,0.9375,3.1481,57.92,5.21,26.8,6.18,6.65
2020-10-04 15:00:00,15,23,23,0.0,5.0,15.0,3.0,0.0,1.0,11,9,4,1,5,1,75.967,188.0,141.0,199.0,75.967,4.0,9.6,roster,0,71.0,57.5,0.5071,51.7,4.669,0.575,0.9375,3.087,49.33,4.34,13.4,4.63,4.975
2020-10-04 16:00:00,16,29,29,0.0,3.0,20.0,5.0,1.0,1.0,18,17,3,1,4,1,76.967,253.5,248.0,4618.0,76.967,4.0,9.6,roster,0,83.0,72.5,0.5764,166.45,7.1432,0.725,1.7708,2.8621,62.2,3.47,13.4,107.37,115.45
2020-10-04 17:00:00,17,27,27,0.0,3.0,20.0,4.0,0.0,1.0,11,10,9,1,10,1,77.967,102.0,83.0,308.0,77.967,4.0,9.6,roster,0,80.0,67.5,0.6667,67.16,5.0864,0.675,1.0417,2.963,57.92,8.68,13.4,7.16,7.7
2020-10-04 18:00:00,18,25,25,0.0,2.0,21.0,2.0,0.0,1.0,12,9,10,1,11,1,78.967,155.0,127.0,368.0,78.967,4.0,9.6,roster,0,75.0,62.5,0.6466,65.13,4.6875,0.625,0.9375,3.0,53.62,9.55,13.4,8.56,9.2
2020-10-04 19:00:00,19,25,25,0.0,3.0,22.0,0.0,0.0,1.0,12,11,6,1,7,1,79.967,215.0,138.0,439.0,79.967,4.0,9.6,roster,0,78.0,62.5,0.5909,63.31,5.525,0.625,1.1458,3.12,53.62,6.08,13.4,10.21,10.975
2020-10-04 20:00:00,20,27,27,0.0,2.0,24.0,1.0,0.0,1.0,11,8,8,0,8,0,80.967,193.0,87.0,499.0,80.967,4.0,9.91,roster,0,82.0,67.5,0.6406,56.46,4.5017,0.675,0.8073,3.037,57.92,6.95,0.0,11.6,12.475
2020-10-04 21:00:00,21,33,33,1.0,4.0,26.0,1.0,1.0,1.0,13,13,6,0,6,0,81.967,296.5,133.0,559.0,81.967,4.0,9.91,roster,0,102.0,82.5,0.75,68.99,6.6047,0.825,1.3118,3.0909,70.78,5.21,0.0,13.0,13.975
2020-10-04 22:00:00,22,24,24,1.0,4.0,19.0,0.0,0.0,1.0,7,3,7,0,7,0,82.967,172.0,88.0,395.0,82.967,3.0,6.66,roster,0,78.0,60.0,0.7879,46.74,3.414,0.6,0.4505,3.25,51.48,6.08,0.0,9.18,9.875
2020-10-04 23:00:00,23,27,27,2.0,4.0,21.0,0.0,0.0,1.0,11,11,6,0,6,0,83.967,155.0,143.0,253.0,83.967,3.0,6.66,roster,0,89.0,67.5,0.8725,49.01,7.6693,0.675,1.6517,3.2963,57.92,5.21,0.0,5.88,6.325
2020-10-05 00:00:00,0,20,20,2.0,3.0,15.0,0.0,0.0,1.0,1,1,7,0,7,0,84.967,203.0,91.0,313.0,84.967,3.0,6.66,roster,0,67.0,50.0,0.6768,36.26,2.178,0.5,0.1502,3.35,42.9,6.08,0.0,7.28,7.825
2020-10-05 01:00:00,1,14,14,2.0,3.0,9.0,0.0,0.0,1.0,2,2,7,0,7,0,85.967,263.0,151.0,373.0,85.967,3.0,6.66,roster,0,49.0,35.0,0.4949,24.78,2.2761,0.35,0.3003,3.5,30.03,6.08,0.0,8.67,9.325
2020-10-05 02:00:00,2,15,15,2.0,3.0,10.0,0.0,0.0,1.0,3,3,7,0,7,0,86.967,323.0,211.0,433.0,86.967,3.0,6.66,roster,0,52.0,37.5,0.5253,28.32,2.8616,0.375,0.4505,3.4667,32.17,6.08,0.0,10.07,10.825
2020-10-05 03:00:00,3,19,19,2.0,3.0,14.0,0.0,0.0,1.0,6,5,7,0,7,0,87.967,383.0,271.0,493.0,87.967,3.0,6.66,roster,0,64.0,47.5,0.6465,38.3,4.1288,0.475,0.7508,3.3684,40.75,6.08,0.0,11.46,12.325
2020-10-05 04:00:00,4,23,23,2.0,3.0,18.0,0.0,0.0,1.0,5,5,8,0,8,0,88.967,407.0,331.0,553.0,88.967,3.0,6.66,roster,0,76.0,57.5,0.7917,49.14,4.3807,0.575,0.7508,3.3043,49.33,6.95,0.0,12.86,13.825
2020-10-05 05:00:00,5,21,21,2.0,4.0,15.0,0.0,0.0,1.0,3,3,8,0,8,0,89.967,467.0,391.0,613.0,89.967,3.0,6.66,roster,0,71.0,52.5,0.7396,46.24,3.298,0.525,0.4505,3.381,45.04,6.95,0.0,14.25,15.325
2020-10-05 06:00:00,6,21,21,2.0,4.0,15.0,0.0,0.0,1.0,4,3,9,0,9,0,90.967,491.0,443.0,568.0,90.967,3.0,6.66,roster,0,71.0,52.5,0.7634,46.07,3.298,0.525,0.4505,3.381,45.04,7.81,0.0,13.21,14.2
2020-10-05 07:00:00,7,19,19,2.0,3.0,14.0,0.0,0.0,1.0,3,3,9,0,9,0,91.967,551.0,503.0,628.0,91.967,3.0,6.66,roster,0,64.0,47.5,0.6882,43.17,3.1173,0.475,0.4505,3.3684,40.75,7.81,0.0,14.6,15.7
2020-10-05 08:00:00,8,25,25,2.0,5.0,18.0,0.0,0.0,1.0,8,8,11,0,11,0,92.967,571.0,227.0,688.0,92.967,3.0,6.77,roster,0,84.0,62.5,0.9655,59.17,6.0705,0.625,1.1817,3.36,53.62,9.55,0.0,16.0,17.2
2020-10-05 09:00:00,9,25,25,0.0,5.0,18.0,2.0,0.0,1.0,6,6,6,0,6,0,93.967,334.5,156.0,671.0,93.967,3.0,6.77,roster,0,78.0,62.5,0.7647,54.44,4.7151,0.625,0.8863,3.12,53.62,5.21,0.0,15.6,16.775
2020-10-05 10:00:00,10,27,27,0.0,3.0,23.0,1.0,0.0,1.0,11,11,4,0,4,0,94.967,414.5,98.0,5698.0,94.967,4.0,10.47,roster,0,83.0,67.5,0.5764,173.87,5.3047,0.675,1.0506,3.0741,57.92,3.47,0.0,132.48,142.45
2020-10-05 11:00:00,11,32,32,0.0,4.0,27.0,1.0,0.0,1.0,13,12,10,0,10,0,95.967,104.5,74.0,158.0,95.967,4.0,10.47,roster,0,99.0,80.0,0.825,61.0,6.0208,0.8,1.1461,3.0938,68.64,8.68,0.0,3.67,3.95
2020-10-05 12:00:00,12,35,35,0.0,3.0,31.0,0.0,1.0,1.0,8,7,15,0,15,0,96.967,134.0,82.0,213.0,96.967,4.0,10.47,roster,0,106.0,87.5,1.06,73.05,4.6748,0.875,0.6686,3.0286,75.08,13.02,0.0,4.95,5.325
2020-10-05 13:00:00,13,40,40,0.0,4.0,34.0,2.0,0.0,1.0,11,10,16,0,16,0,24.067,181.0,131.0,229.0,15.183,4.0,10.47,roster,0,122.0,100.0,1.2708,85.02,5.9631,1.0,0.9551,3.05,85.8,13.89,0.0,5.32,5.725
2020-10-05 14:00:00,14,39,39,0.0,2.0,36.0,1.0,0.0,1.0,7,7,12,0,12,0,25.067,211.5,165.0,261.0,16.183,4.0,10.47,roster,0,118.0,97.5,1.0536,80.14,4.9729,0.975,0.6686,3.0256,83.66,10.42,0.0,6.07,6.525
2020-10-05 15:00:00,15,38,38,1.0,5.0,31.0,1.0,0.0,1.0,9,7,10,0,10,0,26.067,238.0,176.0,310.0,17.183,4.0,10.47,roster,0,120.0,95.0,1.0,77.4,5.1113,0.95,0.6686,3.1579,81.51,8.68,0.0,7.21,7.75
2020-10-05 16:00:00,16,33,33,3.0,3.0,26.0,1.0,0.0,1.0,9,8,9,0,9,0,27.067,285.0,236.0,370.0,18.183,4.0,10.47,roster,0,107.0,82.5,0.8629,67.2,5.1525,0.825,0.7641,3.2424,70.78,7.81,0.0,8.6,9.25
2020-10-05 17:00:00,17,32,32,3.0,3.0,25.0,1.0,0.0,1.0,6,6,11,1,12,1,28.067,183.5,114.0,412.0,19.183,4.0,10.47,roster,0,104.0,80.0,0.9286,82.04,4.4625,0.8,0.5731,3.25,68.64,10.42,13.4,9.58,10.3
2020-10-05 18:00:00,18,31,31,0.0,2.0,28.0,1.0,0.0,1.0,12,11,8,0,8,0,29.067,348.5,195.0,578.0,20.183,4.0,10.47,roster,0,94.0,77.5,0.7344,66.88,5.5358,0.775,1.0506,3.0323,66.5,6.95,0.0,13.44,14.45
2020-10-05 19:00:00,19,29,29,0.0,3.0,25.0,1.0,0.0,1.0,9,7,9,1,10,1,21.183,140.5,107.0,465.0,21.183,4.0,10.47,roster,0,89.0,72.5,0.7417,75.1,4.2768,0.725,0.6686,3.069,62.2,8.68,13.4,10.81,11.625
2020-10-05 20:00:00,20,29,29,0.0,4.0,24.0,1.0,0.0,1.0,9,9,9,2,11,2,22.183,162.0,110.0,176.0,22.183,4.0,11.38,roster,0,90.0,72.5,0.7759,82.65,4.7044,0.725,0.7909,3.1034,62.2,9.55,26.8,4.09,4.4
2020-10-05 21:00:00,21,31,31,0.0,5.0,26.0,0.0,0.0,1.0,14,13,9,0,9,0,23.183,222.0,145.0,236.0,23.183,4.0,11.38,roster,0,98.0,77.5,0.7903,59.8,6.0613,0.775,1.1424,3.1613,66.5,7.81,0.0,5.49,5.9
2020-10-05 22:00:00,22,26,26,0.0,6.0,20.0,0.0,0.0,1.0,5,4,6,0,6,0,24.183,191.0,101.0,282.0,24.183,3.0,7.68,roster,0,84.0,65.0,0.8235,47.54,3.7827,0.65,0.5208,3.2308,55.77,5.21,0.0,6.56,7.05
2020-10-05 23:00:00,23,25,25,0.0,5.0,20.0,0.0,0.0,1.0,4,4,4,0,4,0,25.183,251.0,212.0,1511.0,25.183,3.0,7.68,roster,0,80.0,62.5,0.7407,72.23,3.6667,0.625,0.5208,3.2,53.62,3.47,0.0,35.13,37.775
2020-10-06 00:00:00,0,23,23,0.0,3.0,20.0,0.0,0.0,1.0,5,4,4,0,4,0,26.183,311.0,272.0,1571.0,26.183,3.0,7.68,roster,0,72.0,57.5,0.6667,69.33,3.4304,0.575,0.5208,3.1304,49.33,3.47,0.0,36.53,39.275
2020-10-06 01:00:00,1,21,21,0.0,2.0,19.0,0.0,0.0,1.0,5,5,4,0,4,0,27.183,371.0,332.0,1631.0,27.183,3.0,7.68,roster,0,65.0,52.5,0.6019,66.44,3.6401,0.525,0.651,3.0952,45.04,3.47,0.0,37.92,40.775
2020-10-06 02:00:00,2,19,19,0.0,3.0,15.0,1.0,0.0,1.0,5,4,5,0,5,0,28.183,392.0,341.0,470.0,28.183,3.0,7.68,roster,0,59.0,47.5,0.5619,36.02,3.0923,0.475,0.5208,3.1053,40.75,4.34,0.0,10.93,11.75
2020-10-06 03:00:00,3,21,21,0.0,3.0,17.0,1.0,0.0,1.0,2,2,5,0,5,0,29.183,452.0,401.0,530.0,29.183,3.0,7.68,roster,0,65.0,52.5,0.619,41.71,2.4311,0.525,0.2604,3.0952,45.04,4.34,0.0,12.32,13.25
2020-10-06 04:00:00,4,22,22,0.0,3.0,18.0,1.0,0.0,1.0,1,1,6,0,6,0,30.183,486.5,184.0,590.0,30.183,3.0,7.68,roster,0,68.0,55.0,0.6667,46.12,2.1025,0.55,0.1302,3.0909,47.19,5.21,0.0,13.72,14.75
2020-10-06 05:00:00,5,20,20,0.0,3.0,17.0,0.0,0.0,1.0,1,1,6,0,6,0,31.183,546.5,244.0,650.0,31.183,3.0,7.68,roster,0,63.0,50.0,0.6176,43.22,1.9852,0.5,0.1302,3.15,42.9,5.21,0.0,15.11,16.25
2020-10-06 06:00:00,6,23,23,0.0,3.0,20.0,0.0,0.0,1.0,3,3,6,0,6,0,32.183,606.5,304.0,710.0,32.183,3.0,7.68,roster,0,72.0,57.5,0.7059,51.05,3.0228,0.575,0.3906,3.1304,49.33,5.21,0.0,16.51,17.75
2020-10-06 07:00:00,7,24,24,0.0,3.0,21.0,0.0,0.0,1.0,3,3,6,0,6,0,33.183,666.5,364.0,770.0,33.183,3.0,7.68,roster,0,75.0,60.0,0.7353,54.59,3.0957,0.6,0.3906,3.125,51.48,5.21,0.0,17.9,19.25
2020-10-06 08:00:00,8,20,20,0.0,3.0,17.0,0.0,0.0,1.0,1,1,6,0,6,0,34.183,726.5,424.0,830.0,34.183,3.0,6.8,roster,0,63.0,50.0,0.6176,47.41,2.0382,0.5,0.1471,3.15,42.9,5.21,0.0,19.3,20.75
2020-10-06 09:00:00,9,19,19,0.0,5.0,14.0,0.0,0.0,1.0,4,4,4,0,4,0,35.183,423.5,363.0,2111.0,35.183,3.0,6.8,roster,0,62.0,47.5,0.5741,73.31,3.4695,0.475,0.5882,3.2632,40.75,3.47,0.0,49.08,52.775
2020-10-06 10:00:00,10,18,18,0.0,4.0,14.0,0.0,0.0,1.0,5,3,6,0,6,0,36.183,111.5,75.0,544.0,36.183,4.0,10.05,roster,0,58.0,45.0,0.4265,36.47,2.4119,0.45,0.2985,3.2222,38.61,5.21,0.0,12.65,13.6
2020-10-06 11:00:00,11,22,22,0.0,7.0,14.0,1.0,0.0,1.0,8,7,5,0,5,0,37.183,149.0,135.0,194.0,37.183,4.0,10.05,roster,0,72.0,55.0,0.5143,36.04,4.0795,0.55,0.6965,3.2727,47.19,4.34,0.0,4.51,4.85
2020-10-06 12:00:00,12,22,22,0.0,7.0,14.0,1.0,0.0,1.0,5,4,6,1,7,1,38.183,195.0,87.0,254.0,38.183,4.0,10.05,roster,0,72.0,55.0,0.5455,52.57,3.1026,0.55,0.398,3.2727,47.19,6.08,13.4,5.91,6.35
2020-10-06 13:00:00,13,24,24,0.0,5.0,18.0,1.0,0.0,1.0,6,6,8,1,9,1,39.183,147.0,107.0,255.0,39.183,4.0,10.05,roster,0,76.0,60.0,0.6129,58.62,3.7905,0.6,0.597,3.1667,51.48,7.81,13.4,5.93,6.375
2020-10-06 14:00:00,14,20,20,0.0,3.0,17.0,0.0,0.0,1.0,5,2,7,0,7,0,40.183,167.0,127.0,315.0,40.183,4.0,10.05,roster,0,63.0,50.0,0.4773,36.3,2.2019,0.5,0.199,3.15,42.9,6.08,0.0,7.32,7.875
2020-10-06 15:00:00,15,23,23,0.0,2.0,20.0,1.0,0.0,1.0,10,10,6,0,6,0,13.1,214.5,187.0,365.0,6.25,4.0,10.05,roster,0,70.0,57.5,0.5147,43.03,4.7783,0.575,0.995,3.0435,49.33,5.21,0.0,8.49,9.125
2020-10-06 16:00:00,16,24,24,0.0,1.0,23.0,0.0,0.0,1.0,8,8,8,0,8,0,14.1,160.5,109.0,262.0,7.25,4.0,10.05,roster,0,73.0,60.0,0.5703,44.52,4.2462,0.6,0.796,3.0417,51.48,6.95,0.0,6.09,6.55
2020-10-06 17:00:00,17,26,26,0.0,2.0,24.0,0.0,0.0,1.0,7,5,11,0,11,0,15.1,162.0,109.0,263.0,8.25,4.0,10.05,roster,0,80.0,65.0,0.6897,51.44,3.5308,0.65,0.4975,3.0769,55.77,9.55,0.0,6.11,6.575
2020-10-06 18:00:00,18,23,23,0.0,3.0,19.0,1.0,0.0,1.0,5,5,10,0,10,0,11.55,214.5,169.0,323.0,9.25,4.0,10.05,roster,0,71.0,57.5,0.5917,45.53,3.3108,0.575,0.4975,3.087,49.33,8.68,0.0,7.51,8.075
2020-10-06 19:00:00,19,27,27,0.0,4.0,23.0,0.0,0.0,1.0,10,10,11,1,12,1,12.55,252.0,201.0,383.0,10.25,4.0,10.05,roster,0,85.0,67.5,0.7589,70.64,5.2575,0.675,0.995,3.1481,57.92,10.42,13.4,8.9,9.575
2020-10-06 20:00:00,20,29,29,0.0,4.0,25.0,0.0,0.0,1.0,11,8,13,0,13,0,13.55,289.0,175.0,342.0,11.25,4.0,10.99,roster,0,91.0,72.5,0.8426,61.44,4.5592,0.725,0.7279,3.1379,62.2,11.29,0.0,7.95,8.55
2020-10-06 21:00:00,21,33,33,1.0,5.0,27.0,0.0,0.0,1.0,9,9,14,0,14,0,14.55,307.0,157.0,402.0,12.25,4.0,10.99,roster,0,106.0,82.5,1.0192,72.29,5.2805,0.825,0.8189,3.2121,70.78,12.16,0.0,9.35,10.05
2020-10-06 22:00:00,22,26,26,1.0,7.0,18.0,0.0,0.0,1.0,3,3,13,1,14,1,15.55,324.0,141.0,462.0,13.25,3.0,7.74,roster,0,87.0,65.0,1.1154,72.07,3.472,0.65,0.3876,3.3462,55.77,12.16,13.4,10.74,11.55
2020-10-06 23:00:00,23,28,28,0.0,7.0,21.0,0.0,0.0,1.0,8,7,12,0,12,0,16.55,384.0,254.0,522.0,14.25,3.0,7.74,roster,0,91.0,70.0,1.0833,62.62,5.2143,0.7,0.9044,3.25,60.06,10.42,0.0,12.14,13.05
2020-10-07 00:00:00,0,29,29,1.0,8.0,20.0,0.0,0.0,1.0,4,4,14,0,14,0,15.25,376.0,257.0,529.0,15.25,3.0,7.74,roster,0,97.0,72.5,1.2436,66.66,4.1536,0.725,0.5168,3.3448,62.2,12.16,0.0,12.3,13.225
2020-10-07 01:00:00,1,26,26,1.0,8.0,16.0,0.0,1.0,1.0,7,4,14,0,14,0,16.25,436.0,317.0,589.0,16.25,3.0,7.74,roster,0,86.0,65.0,1.1026,61.62,3.8594,0.65,0.5168,3.3077,55.77,12.16,0.0,13.69,14.725
2020-10-07 02:00:00,2,23,23,1.0,5.0,16.0,1.0,0.0,1.0,4,3,14,1,15,1,17.25,457.0,317.0,649.0,17.25,3.0,7.74,roster,0,75.0,57.5,1.0,70.85,3.1389,0.575,0.3876,3.2609,49.33,13.02,13.4,15.09,16.225
2020-10-07 03:00:00,3,21,21,1.0,5.0,15.0,0.0,0.0,1.0,2,0,14,1,15,1,18.25,517.0,377.0,709.0,18.25,3.0,7.74,roster,0,70.0,52.5,0.9333,67.95,1.75,0.525,0.0,3.3333,45.04,13.02,13.4,16.48,17.725
2020-10-07 04:00:00,4,22,22,1.0,5.0,16.0,0.0,0.0,1.0,1,1,14,1,15,1,19.25,577.0,437.0,769.0,19.25,3.0,7.74,roster,0,73.0,55.0,0.9733,71.49,2.2537,0.55,0.1292,3.3182,47.19,13.02,13.4,17.88,19.225
2020-10-07 05:00:00,5,23,23,1.0,5.0,16.0,1.0,0.0,1.0,3,3,14,1,15,1,20.25,637.0,497.0,829.0,20.25,3.0,7.74,roster,0,75.0,57.5,1.0,75.03,3.1389,0.575,0.3876,3.2609,49.33,13.02,13.4,19.27,20.725
2020-10-07 06:00:00,6,21,21,1.0,5.0,15.0,0.0,0.0,1.0,0,0,15,1,16,1,21.25,685.5,557.0,889.0,21.25,3.0,7.74,roster,0,70.0,52.5,0.9722,73.01,1.75,0.525,0.0,3.3333,45.04,13.89,13.4,20.67,22.225
2020-10-07 07:00:00,7,21,21,0.0,6.0,15.0,0.0,0.0,1.0,1,1,15,1,16,1,22.25,745.5,617.0,949.0,22.25,3.0,7.74,roster,0,69.0,52.5,0.9583,74.4,2.1495,0.525,0.1292,3.2857,45.04,13.89,13.4,22.06,23.725
2020-10-07 08:00:00,8,25,25,0.0,7.0,17.0,1.0,0.0,1.0,6,5,15,1,16,1,23.25,805.5,677.0,1009.0,23.25,3.0,6.38,roster,0,81.0,62.5,1.125,84.38,4.5642,0.625,0.7837,3.24,53.62,13.89,13.4,23.46,25.225
2020-10-07 09:00:00,9,26,26,0.0,6.0,20.0,0.0,0.0,1.0,4,4,17,0,17,0,24.25,854.0,656.0,1041.0,24.25,3.0,6.38,roster,0,84.0,65.0,1.2174,74.73,4.1256,0.65,0.627,3.2308,55.77,14.76,0.0,24.2,26.025
2020-10-07 10:00:00,10,35,35,0.0,9.0,26.0,0.0,0.0,1.0,14,14,16,0,16,0,25.25,925.5,797.0,1129.0,25.25,4.0,10.35,roster,0,114.0,87.5,1.1875,95.22,7.2558,0.875,1.3527,3.2571,75.08,13.89,0.0,26.25,28.225
2020-10-07 11:00:00,11,39,39,0.0,11.0,28.0,0.0,0.0,1.0,7,7,20,0,20,0,26.25,919.0,239.0,1161.0,26.25,4.0,10.35,roster,0,128.0,97.5,1.6,108.01,5.4197,0.975,0.6763,3.2821,83.66,17.37,0.0,26.99,29.025
2020-10-07 12:00:00,12,35,35,0.0,9.0,26.0,0.0,0.0,1.0,6,6,17,1,18,1,27.25,947.0,156.0,1135.0,27.25,4.0,10.35,roster,0,114.0,87.5,1.2955,110.49,4.7382,0.875,0.5797,3.2571,75.08,15.63,13.4,26.39,28.375
2020-10-07 13:00:00,13,36,36,0.0,10.0,23.0,3.0,0.0,1.0,9,9,15,1,16,1,21.817,888.0,205.0,1117.0,21.817,4.0,10.35,roster,0,115.0,90.0,1.1979,110.48,5.6528,0.9,0.8696,3.1944,77.22,13.89,13.4,25.97,27.925
2020-10-07 14:00:00,14,32,32,1.0,8.0,22.0,1.0,0.0,1.0,7,7,12,1,13,1,22.817,940.0,262.0,1154.0,22.817,4.0,10.35,roster,0,105.0,80.0,0.9722,100.16,4.8442,0.8,0.6763,3.2812,68.64,11.29,13.4,26.83,28.85
2020-10-07 15:00:00,15,26,26,1.0,8.0,17.0,0.0,0.0,1.0,5,4,8,2,10,2,22.883,323.5,133.0,1000.0,22.883,4.0,10.35,roster,0,88.0,65.0,0.7333,94.5,3.5081,0.65,0.3865,3.3846,55.77,8.68,26.8,23.25,25.0
2020-10-07 16:00:00,16,27,27,1.0,11.0,15.0,0.0,0.0,1.0,7,7,7,1,8,1,23.883,326.0,174.0,1274.0,23.883,4.0,10.35,roster,0,94.0,67.5,0.7344,87.88,4.7046,0.675,0.6763,3.4815,57.92,6.95,13.4,29.62,31.85
2020-10-07 17:00:00,17,24,24,0.0,11.0,13.0,0.0,0.0,1.0,1,1,12,0,12,0,24.883,175.5,76.0,1120.0,24.883,4.0,10.35,roster,0,83.0,60.0,0.7411,67.94,2.4091,0.6,0.0966,3.4583,51.48,10.42,0.0,26.04,28.0
2020-10-07 18:00:00,18,19,19,0.0,7.0,12.0,0.0,0.0,1.0,3,3,12,0,12,0,25.883,235.5,136.0,1180.0,25.883,4.0,10.35,roster,0,64.0,47.5,0.5714,58.61,2.5764,0.475,0.2899,3.3684,40.75,10.42,0.0,27.44,29.5
2020-10-07 19:00:00,19,19,19,0.0,4.0,15.0,0.0,0.0,1.0,5,5,9,0,9,0,26.883,447.0,227.0,1240.0,26.883,4.0,10.35,roster,0,61.0,47.5,0.4919,57.4,3.076,0.475,0.4831,3.2105,40.75,7.81,0.0,28.83,31.0
2020-10-07 20:00:00,20,20,20,2.0,4.0,14.0,0.0,0.0,1.0,11,9,6,0,6,0,27.883,903.5,250.0,1514.0,27.883,4.0,10.54,roster,0,68.0,50.0,0.5,63.31,4.6032,0.5,0.8539,3.4,42.9,5.21,0.0,35.2,37.85
2020-10-07 21:00:00,21,25,25,2.0,5.0,17.0,1.0,0.0,1.0,9,9,9,1,10,1,28.883,244.5,99.0,1360.0,28.883,4.0,10.54,roster,0,83.0,62.5,0.6917,87.33,4.9099,0.625,0.8539,3.32,53.62,8.68,13.4,31.62,34.0
2020-10-07 22:00:00,22,25,25,1.0,6.0,17.0,1.0,0.0,1.0,9,7,9,0,9,0,29.883,159.0,138.0,1420.0,29.883,3.0,6.57,roster,0,82.0,62.5,0.8817,74.45,5.5447,0.625,1.0654,3.28,53.62,7.81,0.0,33.02,35.5
2020-10-07 23:00:00,23,29,29,1.0,8.0,17.0,3.0,0.0,1.0,8,8,9,0,9,0,30.883,219.0,198.0,1480.0,30.883,3.0,6.57,roster,0,94.0,72.5,1.0108,84.43,6.2969,0.725,1.2177,3.2414,62.2,7.81,0.0,34.41,37.0
2020-10-08 00:00:00,0,32,32,1.0,8.0,22.0,1.0,0.0,1.0,9,9,10,0,10,0,31.883,274.5,208.0,1540.0,31.883,3.0,6.57,roster,0,105.0,80.0,1.1667,93.13,7.1199,0.8,1.3699,3.2812,68.64,8.68,0.0,35.8,38.5
2020-10-08 01:00:00,1,31,31,1.0,8.0,22.0,0.0,0.0,1.0,6,5,12,0,12,0,32.883,324.0,246.0,1600.0,32.883,3.0,6.57,roster,0,103.0,77.5,1.2262,94.11,5.1036,0.775,0.761,3.3226,66.5,10.42,0.0,37.2,40.0
2020-10-08 02:00:00,2,29,29,1.0,7.0,21.0,0.0,0.0,1.0,3,1,12,0,12,0,33.883,384.0,306.0,1660.0,33.883,3.0,6.57,roster,0,96.0,72.5,1.1429,91.22,2.9039,0.725,0.1522,3.3103,62.2,10.42,0.0,38.6,41.5
2020-10-08 03:00:00,3,24,24,1.0,6.0,17.0,0.0,0.0,1.0,1,0,12,0,12,0,34.883,444.0,366.0,1720.0,34.883,3.0,6.57,roster,0,80.0,60.0,0.9524,81.89,2.0,0.6,0.0,3.3333,51.48,10.42,0.0,39.99,43.0
2020-10-08 04:00:00,4,22,22,1.0,5.0,16.0,0.0,0.0,1.0,3,1,12,0,12,0,35.883,504.0,426.0,1780.0,35.883,3.0,6.57,roster,0,73.0,55.0,0.869,78.99,2.3301,0.55,0.1522,3.3182,47.19,10.42,0.0,41.39,44.5
2020-10-08 05:00:00,5,27,27,1.0,6.0,20.0,0.0,0.0,1.0,5,5,12,0,12,0,36.883,564.0,486.0,1840.0,36.883,3.0,6.57,roster,0,89.0,67.5,1.0595,91.11,4.7336,0.675,0.761,3.2963,57.92,10.42,0.0,42.78,46.0
2020-10-08 06:00:00,6,22,22,1.0,4.0,17.0,0.0,0.0,1.0,1,0,14,0,14,0,37.883,593.0,410.0,719.0,37.883,3.0,6.57,roster,0,72.0,55.0,0.9231,56.06,1.8,0.55,0.0,3.2727,47.19,12.16,0.0,16.72,17.975
2020-10-08 07:00:00,7,24,24,1.0,4.0,19.0,0.0,0.0,1.0,2,2,14,0,14,0,38.883,653.0,470.0,779.0,38.883,3.0,6.57,roster,0,78.0,60.0,1.0,61.75,2.9393,0.6,0.3044,3.25,51.48,12.16,0.0,18.11,19.475
2020-10-08 08:00:00,8,24,24,1.0,4.0,19.0,0.0,0.0,1.0,3,3,15,0,15,0,39.883,688.0,502.0,839.0,39.883,3.0,6.68,roster,0,78.0,60.0,1.04,64.01,3.4096,0.6,0.4491,3.25,51.48,13.02,0.0,19.51,20.975
2020-10-08 09:00:00,9,21,21,2.0,3.0,16.0,0.0,0.0,1.0,4,3,9,0,9,0,40.883,810.0,748.0,899.0,40.883,3.0,6.68,roster,0,70.0,52.5,0.7527,53.76,3.247,0.525,0.4491,3.3333,45.04,7.81,0.0,20.9,22.475
2020-10-08 10:00:00,10,27,27,2.0,3.0,20.0,2.0,0.0,1.0,7,7,9,0,9,0,41.883,870.0,808.0,959.0,41.883,4.0,9.93,roster,0,86.0,67.5,0.6935,68.03,4.3953,0.675,0.7049,3.1852,57.92,7.81,0.0,22.3,23.975
2020-10-08 11:00:00,11,25,25,2.0,3.0,18.0,2.0,0.0,1.0,3,4,10,0,10,0,42.883,924.0,682.0,1019.0,42.883,4.0,9.93,roster,0,80.0,62.5,0.6667,66.0,3.289,0.625,0.4028,3.2,53.62,8.68,0.0,23.69,25.475
2020-10-08 12:00:00,12,26,26,2.0,4.0,17.0,3.0,0.0,1.0,5,5,10,0,10,0,43.883,984.0,742.0,1079.0,43.883,4.0,9.93,roster,0,83.0,65.0,0.6917,69.54,3.6824,0.65,0.5035,3.1923,55.77,8.68,0.0,25.09,26.975
2020-10-08 13:00:00,13,28,28,3.0,3.0,21.0,1.0,0.0,1.0,7,7,11,0,11,0,44.883,1038.0,105.0,1139.0,44.883,4.0,9.93,roster,0,92.0,70.0,0.7931,76.09,4.6162,0.7,0.7049,3.2857,60.06,9.55,0.0,26.48,28.475
2020-10-08 14:00:00,14,26,26,2.0,3.0,19.0,2.0,0.0,1.0,8,6,9,1,10,1,45.883,342.0,162.0,1199.0,45.883,4.0,9.93,roster,0,83.0,65.0,0.6917,85.73,4.0039,0.65,0.6042,3.1923,55.77,8.68,13.4,27.88,29.975
2020-10-08 15:00:00,15,28,28,2.0,3.0,22.0,1.0,0.0,1.0,8,8,7,1,8,1,46.883,402.0,225.0,2440.0,46.883,4.0,9.93,roster,0,90.0,70.0,0.7031,117.14,4.8396,0.7,0.8056,3.2143,60.06,6.95,13.4,56.73,61.0
2020-10-08 16:00:00,16,25,25,1.0,2.0,22.0,0.0,0.0,1.0,6,6,9,1,10,1,47.883,332.0,106.0,1319.0,47.883,4.0,9.93,roster,0,79.0,62.5,0.6583,86.37,3.8844,0.625,0.6042,3.16,53.62,8.68,13.4,30.67,32.975
2020-10-08 17:00:00,17,27,27,1.0,2.0,22.0,0.0,2.0,1.0,6,6,9,1,10,1,48.883,254.0,125.0,605.0,48.883,4.0,9.93,roster,0,81.0,67.5,0.675,74.06,3.8377,0.675,0.6042,3.0,57.92,8.68,13.4,14.07,15.125
2020-10-08 18:00:00,18,25,25,1.0,2.0,22.0,0.0,0.0,1.0,6,5,8,0,8,0,49.883,224.0,176.0,665.0,49.883,4.0,9.93,roster,0,79.0,62.5,0.6172,56.03,3.5661,0.625,0.5035,3.16,53.62,6.95,0.0,15.46,16.625
2020-10-08 19:00:00,19,25,25,2.0,3.0,20.0,0.0,0.0,1.0,9,8,6,0,6,0,50.883,284.0,122.0,725.0,50.883,4.0,9.93,roster,0,82.0,62.5,0.6029,55.69,4.6925,0.625,0.8056,3.28,53.62,5.21,0.0,16.86,18.125
2020-10-08 20:00:00,20,21,21,1.0,2.0,16.0,2.0,0.0,1.0,6,6,5,0,5,0,51.883,342.0,86.0,785.0,51.883,4.0,10.48,roster,0,65.0,52.5,0.4643,47.64,3.3971,0.525,0.5725,3.0952,45.04,4.34,0.0,18.25,19.625
2020-10-08 21:00:00,21,24,24,0.0,3.0,20.0,1.0,0.0,1.0,12,12,5,0,5,0,52.883,125.0,105.0,402.0,52.883,4.0,10.48,roster,0,74.0,60.0,0.5286,45.17,5.3805,0.6,1.145,3.0833,51.48,4.34,0.0,9.35,10.05
2020-10-08 22:00:00,22,23,23,0.0,5.0,17.0,1.0,0.0,1.0,8,6,3,0,3,0,53.883,462.0,163.0,3233.0,53.883,3.0,7.23,roster,0,73.0,57.5,0.6577,107.11,4.459,0.575,0.8299,3.1739,49.33,2.6,0.0,75.17,80.825
2020-10-08 23:00:00,23,26,26,0.0,7.0,18.0,1.0,0.0,1.0,11,11,3,0,3,0,54.883,223.0,107.0,3293.0,54.883,3.0,7.23,roster,0,84.0,65.0,0.7568,114.94,7.0154,0.65,1.5214,3.2308,55.77,2.6,0.0,76.56,82.325
2020-10-09 00:00:00,0,32,32,0.0,6.0,23.0,3.0,0.0,1.0,12,10,5,0,5,0,55.883,167.0,115.0,283.0,55.883,3.0,7.23,roster,0,99.0,80.0,0.9429,59.56,6.754,0.8,1.3831,3.0938,68.64,4.34,0.0,6.58,7.075
2020-10-09 01:00:00,1,29,29,0.0,5.0,23.0,1.0,0.0,1.0,4,4,4,0,4,0,56.883,201.0,175.0,3413.0,56.883,3.0,7.23,roster,0,91.0,72.5,0.8426,125.03,4.0111,0.725,0.5533,3.1379,62.2,3.47,0.0,79.35,85.325
2020-10-09 02:00:00,2,21,21,0.0,4.0,16.0,1.0,0.0,1.0,4,3,4,0,4,0,57.883,261.0,235.0,3473.0,57.883,3.0,7.23,roster,0,66.0,52.5,0.6111,109.27,2.9541,0.525,0.4149,3.1429,45.04,3.47,0.0,80.75,86.825
2020-10-09 03:00:00,3,21,21,1.0,4.0,15.0,1.0,0.0,1.0,4,4,4,0,4,0,58.883,321.0,295.0,3533.0,58.883,3.0,7.23,roster,0,68.0,52.5,0.6296,110.66,3.4915,0.525,0.5533,3.2381,45.04,3.47,0.0,82.14,88.325
2020-10-09 04:00:00,4,23,23,1.0,5.0,16.0,1.0,0.0,1.0,3,3,4,1,5,1,59.883,355.0,315.0,407.0,59.883,3.0,7.23,roster,0,75.0,57.5,0.7143,56.54,3.2281,0.575,0.4149,3.2609,49.33,4.34,13.4,9.46,10.175
2020-10-09 05:00:00,5,22,22,1.0,5.0,15.0,1.0,0.0,1.0,2,2,5,2,7,2,60.883,375.0,119.0,467.0,60.883,3.0,7.23,roster,0,72.0,55.0,0.7273,70.93,2.7053,0.55,0.2766,3.2727,47.19,6.08,26.8,10.86,11.675
2020-10-09 06:00:00,6,21,21,0.0,5.0,15.0,1.0,0.0,1.0,1,1,5,0,5,0,61.883,475.0,435.0,527.0,61.883,3.0,7.23,roster,0,67.0,52.5,0.6381,41.64,2.1163,0.525,0.1383,3.1905,45.04,4.34,0.0,12.25,13.175
2020-10-09 07:00:00,7,20,20,0.0,4.0,15.0,1.0,0.0,1.0,2,2,5,0,5,0,62.883,535.0,495.0,587.0,62.883,3.0,7.23,roster,0,63.0,50.0,0.6,40.89,2.4464,0.5,0.2766,3.15,42.9,4.34,0.0,13.65,14.675
2020-10-09 08:00:00,8,17,17,0.0,4.0,13.0,0.0,0.0,1.0,5,4,5,0,5,0,63.883,595.0,555.0,647.0,63.883,3.0,8.18,roster,0,55.0,42.5,0.5238,35.85,2.9571,0.425,0.489,3.2353,36.46,4.34,0.0,15.04,16.175
2020-10-09 09:00:00,9,15,15,1.0,3.0,11.0,0.0,0.0,1.0,3,3,3,0,3,0,64.883,615.0,85.0,3893.0,64.883,3.0,8.18,roster,0,50.0,37.5,0.4505,105.29,2.4725,0.375,0.3667,3.3333,32.17,2.6,0.0,90.51,97.325
2020-10-09 10:00:00,10,21,21,1.0,3.0,16.0,1.0,0.0,1.0,11,10,4,0,4,0,65.883,410.0,145.0,3953.0,65.883,4.0,11.43,roster,0,67.0,52.5,0.4653,120.43,4.4663,0.525,0.8749,3.1905,45.04,3.47,0.0,91.91,98.825
2020-10-09 11:00:00,11,24,24,0.0,4.0,19.0,1.0,0.0,1.0,10,9,4,0,4,0,66.883,424.0,113.0,4013.0,66.883,4.0,11.43,roster,0,75.0,60.0,0.5208,128.26,4.3356,0.6,0.7874,3.125,51.48,3.47,0.0,93.3,100.325
2020-10-09 12:00:00,12,18,18,0.0,5.0,12.0,1.0,0.0,1.0,4,3,5,0,5,0,21.25,116.0,105.0,121.0,13.25,4.0,11.43,roster,0,58.0,45.0,0.4143,25.76,2.2957,0.45,0.2625,3.2222,38.61,4.34,0.0,2.81,3.025
2020-10-09 13:00:00,13,16,16,0.0,4.0,11.0,1.0,0.0,1.0,4,4,5,0,5,0,22.25,176.0,165.0,181.0,14.25,4.0,11.43,roster,0,51.0,40.0,0.3643,22.87,2.3905,0.4,0.35,3.1875,34.32,4.34,0.0,4.21,4.525
2020-10-09 14:00:00,14,16,16,0.0,3.0,12.0,1.0,0.0,1.0,7,6,2,0,2,0,23.25,230.5,225.0,236.0,3.933,4.0,11.43,roster,0,50.0,40.0,0.3289,21.54,2.8904,0.4,0.5249,3.125,34.32,1.74,0.0,5.49,5.9
2020-10-09 15:00:00,15,18,18,0.0,3.0,14.0,0.0,1.0,1.0,11,9,2,0,2,0,24.25,183.5,71.0,296.0,4.933,4.0,11.43,roster,0,55.0,45.0,0.3618,27.23,3.7809,0.45,0.7874,3.0556,38.61,1.74,0.0,6.88,7.4
2020-10-09 16:00:00,16,19,19,0.0,4.0,13.0,2.0,0.0,1.0,10,9,1,0,1,0,25.25,131.0,131.0,131.0,2.183,4.0,11.43,roster,0,59.0,47.5,0.3782,24.67,3.9201,0.475,0.7874,3.1053,40.75,0.87,0.0,3.05,3.275
2020-10-09 17:00:00,17,16,16,0.0,3.0,13.0,0.0,0.0,1.0,6,4,3,1,4,1,26.25,107.0,104.0,191.0,3.183,4.0,11.43,roster,0,51.0,40.0,0.3542,35.63,2.3905,0.4,0.35,3.1875,34.32,3.47,13.4,4.44,4.775
2020-10-09 18:00:00,18,18,18,0.0,5.0,13.0,0.0,0.0,1.0,12,9,3,0,3,0,27.25,151.0,96.0,164.0,2.733,4.0,11.43,roster,0,59.0,45.0,0.3986,25.03,4.0559,0.45,0.7874,3.2778,38.61,2.6,0.0,3.81,4.1
2020-10-09 19:00:00,19,18,18,0.0,5.0,13.0,0.0,0.0,1.0,6,6,3,0,3,0,28.25,156.0,72.0,211.0,3.517,4.0,11.43,roster,0,59.0,45.0,0.3986,26.12,3.1956,0.45,0.5249,3.2778,38.61,2.6,0.0,4.91,5.275
2020-10-09 20:00:00,20,16,16,2.0,6.0,8.0,0.0,0.0,1.0,6,5,1,1,2,1,29.25,90.5,84.0,97.0,1.617,4.0,10.98,roster,0,58.0,40.0,0.3816,31.71,3.1007,0.4,0.4554,3.625,34.32,1.74,13.4,2.26,2.425
2020-10-09 21:00:00,21,21,21,1.0,6.0,13.0,1.0,0.0,1.0,11,10,2,1,3,1,30.25,94.0,80.0,157.0,2.617,4.0,10.98,roster,0,70.0,52.5,0.473,44.7,4.7858,0.525,0.9107,3.3333,45.04,2.6,13.4,3.65,3.925
2020-10-09 22:00:00,22,20,20,0.0,5.0,14.0,1.0,0.0,1.0,8,8,2,1,3,1,31.25,140.0,65.0,217.0,3.617,3.0,7.73,roster,0,64.0,50.0,0.5766,43.95,4.9118,0.5,1.0349,3.2,42.9,2.6,13.4,5.05,5.425
2020-10-09 23:00:00,23,28,28,0.0,8.0,19.0,1.0,0.0,1.0,12,12,2,1,3,1,32.25,125.0,69.0,200.0,3.333,3.0,7.73,roster,0,91.0,70.0,0.8198,60.71,7.3203,0.7,1.5524,3.25,60.06,2.6,13.4,4.65,5.0
2020-10-10 00:00:00,0,27,27,0.0,8.0,17.0,2.0,0.0,1.0,8,8,4,2,6,2,33.25,98.0,63.0,129.0,4.333,3.0,7.73,roster,0,87.0,67.5,0.8529,72.92,5.5098,0.675,1.0349,3.2222,57.92,5.21,26.8,3.0,3.225
2020-10-10 01:00:00,1,24,24,0.0,7.0,15.0,2.0,0.0,1.0,6,7,5,1,6,1,34.25,122.0,95.0,189.0,5.333,3.0,7.73,roster,0,77.0,60.0,0.7549,54.48,4.8303,0.6,0.9056,3.2083,51.48,5.21,13.4,4.39,4.725
2020-10-10 02:00:00,2,25,25,0.0,6.0,17.0,2.0,0.0,1.0,5,5,6,0,6,0,35.25,182.0,120.0,249.0,6.333,3.0,7.73,roster,0,79.0,62.5,0.7745,44.62,4.019,0.625,0.6468,3.16,53.62,5.21,0.0,5.79,6.225
2020-10-10 03:00:00,3,25,25,0.0,5.0,17.0,3.0,0.0,1.0,3,3,7,0,7,0,36.25,241.0,150.0,309.0,7.333,3.0,7.73,roster,0,77.0,62.5,0.7778,46.89,3.1203,0.625,0.3881,3.08,53.62,6.08,0.0,7.18,7.725
2020-10-10 04:00:00,4,26,26,0.0,5.0,18.0,3.0,0.0,1.0,2,2,7,0,7,0,37.25,301.0,210.0,369.0,8.333,3.0,7.73,roster,0,80.0,65.0,0.8081,50.43,2.7961,0.65,0.2587,3.0769,55.77,6.08,0.0,8.58,9.225
2020-10-10 05:00:00,5,28,28,1.0,5.0,17.0,5.0,0.0,1.0,5,5,7,0,7,0,38.25,361.0,270.0,429.0,9.333,3.0,7.73,roster,0,86.0,70.0,0.8687,56.11,4.1367,0.7,0.6468,3.0714,60.06,6.08,0.0,9.97,10.725
2020-10-10 06:00:00,6,29,29,1.0,6.0,18.0,4.0,0.0,1.0,2,2,7,1,8,1,39.25,390.5,330.0,489.0,10.333,3.0,7.73,roster,0,91.0,72.5,0.9479,73.92,3.0869,0.725,0.2587,3.1379,62.2,6.95,13.4,11.37,12.225
2020-10-10 07:00:00,7,27,27,0.0,7.0,17.0,3.0,0.0,1.0,5,4,7,0,7,0,40.25,481.0,390.0,549.0,11.333,3.0,7.73,roster,0,85.0,67.5,0.8586,56.76,3.7541,0.675,0.5175,3.1481,57.92,6.08,0.0,12.76,13.725
2020-10-10 08:00:00,8,19,19,0.0,6.0,12.0,1.0,0.0,1.0,5,4,7,0,7,0,41.25,541.0,450.0,609.0,12.333,3.0,6.5,roster,0,62.0,47.5,0.6263,40.99,3.5581,0.475,0.6154,3.2632,40.75,6.08,0.0,14.16,15.225
2020-10-10 09:00:00,9,18,18,1.0,6.0,10.0,1.0,0.0,1.0,8,7,3,0,3,0,42.25,510.0,465.0,603.0,10.05,3.0,6.5,roster,0,61.0,45.0,0.5495,35.23,5.1746,0.45,1.0769,3.3889,38.61,2.6,0.0,14.02,15.075
2020-10-10 10:00:00,10,16,16,1.0,5.0,10.0,0.0,0.0,1.0,7,6,3,0,3,0,43.25,88.0,80.0,525.0,8.75,4.0,10.2,roster,0,55.0,40.0,0.3716,29.13,3.3971,0.4,0.5882,3.4375,34.32,2.6,0.0,12.21,13.125
2020-10-10 11:00:00,11,15,15,0.0,4.0,10.0,1.0,0.0,1.0,8,6,1,1,2,1,44.25,330.5,76.0,585.0,9.75,4.0,10.2,roster,0,48.0,37.5,0.3158,40.91,3.0824,0.375,0.5882,3.2,32.17,1.74,13.4,13.6,14.625
2020-10-10 12:00:00,12,15,15,0.0,3.0,11.0,1.0,0.0,1.0,7,5,3,0,3,0,45.25,81.0,69.0,645.0,10.75,4.0,10.2,roster,0,47.0,37.5,0.3176,29.78,2.7109,0.375,0.4902,3.1333,32.17,2.6,0.0,15.0,16.125
2020-10-10 13:00:00,13,18,18,0.0,1.0,16.0,1.0,0.0,1.0,9,7,4,0,4,0,46.25,120.5,112.0,141.0,2.35,4.0,10.2,roster,0,54.0,45.0,0.375,25.36,3.4088,0.45,0.6863,3.0,38.61,3.47,0.0,3.28,3.525
2020-10-10 14:00:00,14,27,27,0.0,3.0,24.0,0.0,0.0,1.0,18,16,3,0,3,0,47.25,172.0,165.0,201.0,3.35,4.0,10.2,roster,0,84.0,67.5,0.5676,45.19,6.9802,0.675,1.5686,3.1111,57.92,2.6,0.0,4.67,5.025
2020-10-10 15:00:00,15,24,24,0.0,3.0,19.0,1.0,1.0,1.0,12,10,2,1,3,1,48.25,84.0,77.0,261.0,4.35,4.0,10.2,roster,0,72.0,60.0,0.4865,53.55,4.7412,0.6,0.9804,3.0,51.48,2.6,13.4,6.07,6.525
2020-10-10 16:00:00,16,23,23,0.0,2.0,20.0,1.0,0.0,1.0,9,9,2,2,4,2,49.25,140.5,137.0,321.0,5.35,4.0,10.2,roster,0,70.0,57.5,0.4861,67.07,4.4354,0.575,0.8824,3.0435,49.33,3.47,26.8,7.46,8.025
2020-10-10 17:00:00,17,18,18,0.0,1.0,16.0,1.0,0.0,1.0,6,6,3,1,4,1,50.25,145.0,93.0,204.0,3.4,4.0,10.2,roster,0,54.0,45.0,0.375,40.23,3.1147,0.45,0.5882,3.0,38.61,3.47,13.4,4.74,5.1
2020-10-10 18:00:00,18,17,17,0.0,0.0,16.0,1.0,0.0,1.0,6,6,5,0,5,0,51.25,76.0,69.0,153.0,4.283,4.0,10.2,roster,0,50.0,42.5,0.3571,24.36,2.9801,0.425,0.5882,2.9412,36.46,4.34,0.0,3.56,3.825
2020-10-10 19:00:00,19,13,13,0.0,1.0,11.0,1.0,0.0,1.0,6,4,3,0,3,0,52.25,136.0,121.0,213.0,3.55,4.0,10.2,roster,0,39.0,32.5,0.2635,15.44,2.1515,0.325,0.3922,3.0,27.88,2.6,0.0,4.95,5.325
2020-10-10 20:00:00,20,20,20,0.0,2.0,16.0,2.0,0.0,1.0,11,11,4,0,4,0,53.25,132.0,83.0,196.0,3.267,4.0,11.43,roster,0,60.0,50.0,0.4167,30.93,4.3871,0.5,0.9624,3.0,42.9,3.47,0.0,4.56,4.9
2020-10-10 21:00:00,21,26,26,0.0,3.0,22.0,1.0,0.0,1.0,12,11,4,0,4,0,54.25,73.5,71.0,241.0,4.017,4.0,11.43,roster,0,80.0,65.0,0.5556,44.85,4.9612,0.65,0.9624,3.0769,55.77,3.47,0.0,5.6,6.025
2020-10-10 22:00:00,22,22,22,2.0,2.0,17.0,1.0,0.0,1.0,8,8,4,0,4,0,55.25,128.5,126.0,301.0,5.017,3.0,7.73,roster,0,71.0,55.0,0.6574,37.66,5.115,0.55,1.0349,3.2273,47.19,3.47,0.0,7.0,7.525
2020-10-10 23:00:00,23,24,24,2.0,2.0,18.0,2.0,0.0,1.0,6,6,5,1,6,1,56.25,116.5,75.0,191.0,6.017,3.0,7.73,roster,0,76.0,60.0,0.7451,54.53,4.358,0.6,0.7762,3.1667,51.48,5.21,13.4,4.44,4.775
2020-10-11 00:00:00,0,20,20,1.0,2.0,16.0,1.0,0.0,1.0,6,6,6,0,6,0,57.25,159.5,131.0,251.0,7.017,3.0,7.73,roster,0,63.0,50.0,0.6176,33.95,4.02,0.5,0.7762,3.15,42.9,5.21,0.0,5.84,6.275
2020-10-11 01:00:00,1,18,18,1.0,2.0,12.0,3.0,0.0,1.0,5,5,5,0,5,0,58.25,244.0,195.0,311.0,8.017,3.0,7.73,roster,0,55.0,45.0,0.5238,30.18,3.3514,0.45,0.6468,3.0556,38.61,4.34,0.0,7.23,7.775
2020-10-11 02:00:00,2,15,15,1.0,1.0,12.0,1.0,0.0,1.0,1,1,5,0,5,0,59.25,304.0,255.0,371.0,9.017,3.0,7.73,roster,0,47.0,37.5,0.4476,25.14,1.5803,0.375,0.1294,3.1333,32.17,4.34,0.0,8.63,9.275
2020-10-11 03:00:00,3,16,16,2.0,1.0,11.0,2.0,0.0,1.0,5,4,5,0,5,0,60.25,364.0,315.0,431.0,10.017,3.0,7.73,roster,0,51.0,40.0,0.4857,28.68,2.9244,0.4,0.5175,3.1875,34.32,4.34,0.0,10.02,10.775
2020-10-11 04:00:00,4,19,19,2.0,2.0,12.0,3.0,0.0,1.0,6,5,6,1,7,1,61.25,375.0,106.0,491.0,11.017,3.0,7.73,roster,0,60.0,47.5,0.6061,51.65,3.5426,0.475,0.6468,3.1579,40.75,6.08,13.4,11.42,12.275
2020-10-11 05:00:00,5,20,20,3.0,1.0,15.0,1.0,0.0,1.0,4,4,6,1,7,1,62.25,435.0,166.0,551.0,12.017,3.0,7.73,roster,0,66.0,50.0,0.6667,55.19,3.3576,0.5,0.5175,3.3,42.9,6.08,13.4,12.81,13.775
2020-10-11 06:00:00,6,20,20,3.0,1.0,15.0,1.0,0.0,1.0,3,3,8,0,8,0,63.25,493.0,188.0,611.0,13.017,3.0,7.73,roster,0,66.0,50.0,0.6875,44.05,2.9307,0.5,0.3881,3.3,42.9,6.95,0.0,14.21,15.275
2020-10-11 07:00:00,7,22,22,3.0,2.0,16.0,1.0,0.0,1.0,4,4,9,0,9,0,64.25,551.0,171.0,604.0,14.017,3.0,7.73,roster,0,73.0,55.0,0.7849,49.05,3.542,0.55,0.5175,3.3182,47.19,7.81,0.0,14.04,15.1
2020-10-11 08:00:00,8,24,24,3.0,2.0,18.0,1.0,0.0,1.0,6,5,10,0,10,0,65.25,459.5,227.0,664.0,15.017,3.0,6.36,roster,0,79.0,60.0,0.8778,55.6,4.5628,0.6,0.7862,3.2917,51.48,8.68,0.0,15.44,16.6
2020-10-11 09:00:00,9,21,21,1.0,1.0,17.0,2.0,0.0,1.0,6,4,7,0,7,0,66.25,368.0,154.0,675.0,16.017,3.0,6.36,roster,0,64.0,52.5,0.6465,46.82,3.5167,0.525,0.6289,3.0476,45.04,6.08,0.0,15.69,16.875
2020-10-11 10:00:00,10,23,23,0.0,2.0,19.0,2.0,0.0,1.0,9,8,5,0,5,0,67.25,171.0,90.0,214.0,7.133,4.0,11.08,roster,0,69.0,57.5,0.4929,38.65,3.8911,0.575,0.722,3.0,49.33,4.34,0.0,4.98,5.35
2020-10-11 11:00:00,11,22,22,0.0,4.0,14.0,3.0,1.0,1.0,10,8,4,0,4,0,68.25,252.5,231.0,488.0,8.133,4.0,11.08,roster,0,65.0,55.0,0.4514,42.01,3.7582,0.55,0.722,2.9545,47.19,3.47,0.0,11.35,12.2
2020-10-11 12:00:00,12,31,31,0.0,4.0,25.0,2.0,0.0,1.0,15,15,5,0,5,0,69.25,291.0,128.0,334.0,9.133,4.0,11.08,roster,0,95.0,77.5,0.6786,58.6,6.5237,0.775,1.3538,3.0645,66.5,4.34,0.0,7.77,8.35
2020-10-11 13:00:00,13,38,38,0.0,7.0,29.0,2.0,0.0,1.0,14,14,9,0,9,0,70.25,100.0,78.0,132.0,10.133,4.0,11.08,roster,0,119.0,95.0,0.9597,72.39,6.9319,0.95,1.2635,3.1316,81.51,7.81,0.0,3.07,3.3
2020-10-11 14:00:00,14,48,48,0.0,10.0,35.0,3.0,0.0,1.0,18,17,11,0,11,0,71.25,108.0,88.0,167.0,11.133,4.0,11.08,roster,0,151.0,120.0,1.3017,96.39,8.6016,1.2,1.5343,3.1458,102.96,9.55,0.0,3.88,4.175
2020-10-11 15:00:00,15,42,42,0.0,9.0,33.0,0.0,0.0,1.0,10,9,9,0,9,0,72.25,148.0,141.0,198.0,8.567,4.0,11.08,roster,0,135.0,105.0,1.0887,82.51,5.9859,1.05,0.8123,3.2143,90.09,7.81,0.0,4.6,4.95
2020-10-11 16:00:00,16,40,40,0.0,11.0,28.0,1.0,0.0,1.0,15,14,7,1,8,1,73.25,203.5,171.0,287.0,9.567,4.0,11.08,roster,0,130.0,100.0,1.0156,92.82,7.3565,1.0,1.2635,3.25,85.8,6.95,13.4,6.67,7.175
2020-10-11 17:00:00,17,37,37,1.0,7.0,29.0,0.0,0.0,1.0,15,14,4,1,5,1,74.25,261.0,231.0,266.0,5.167,4.0,11.08,roster,0,120.0,92.5,0.8571,83.29,7.098,0.925,1.2635,3.2432,79.36,4.34,13.4,6.18,6.65
2020-10-11 18:00:00,18,41,41,1.0,10.0,28.0,1.0,1.0,1.0,13,13,7,1,8,1,75.25,192.0,89.0,326.0,6.167,4.0,11.08,roster,0,132.0,102.5,1.0312,95.87,7.0774,1.025,1.1733,3.2195,87.94,6.95,13.4,7.58,8.15
2020-10-11 19:00:00,19,46,46,1.0,10.0,34.0,1.0,0.0,1.0,18,17,6,2,8,2,76.25,150.5,126.0,381.0,7.167,4.0,11.08,roster,0,149.0,115.0,1.1641,121.27,8.6948,1.15,1.5343,3.2391,98.67,6.95,26.8,8.86,9.525
2020-10-11 20:00:00,20,38,38,0.0,10.0,26.0,2.0,0.0,1.0,11,8,6,1,7,1,77.25,162.0,74.0,411.0,8.167,4.0,11.32,roster,0,122.0,95.0,0.9242,90.54,5.3189,0.95,0.7067,3.2105,81.51,6.08,13.4,9.56,10.275
2020-10-11 21:00:00,21,37,37,0.0,11.0,24.0,2.0,0.0,1.0,10,10,7,0,7,0,78.25,222.0,126.0,471.0,9.167,4.0,11.32,roster,0,120.0,92.5,0.9091,76.39,5.8651,0.925,0.8834,3.2432,79.36,6.08,0.0,10.95,11.775
2020-10-11 22:00:00,22,29,29,0.0,10.0,18.0,1.0,0.0,1.0,7,4,8,0,8,0,79.25,117.0,78.0,306.0,10.167,3.0,6.6,roster,0,96.0,72.5,1.0,56.27,4.4063,0.725,0.6061,3.3103,62.2,6.95,0.0,7.11,7.65
2020-10-11 23:00:00,23,26,26,0.0,7.0,18.0,1.0,0.0,1.0,8,7,7,0,7,0,80.25,138.0,123.0,366.0,11.167,3.0,6.6,roster,0,84.0,65.0,0.8485,50.36,5.5266,0.65,1.0606,3.2308,55.77,6.08,0.0,8.51,9.15
2020-10-12 00:00:00,0,25,25,0.0,7.0,17.0,1.0,0.0,1.0,5,5,9,0,9,0,81.25,196.0,132.0,314.0,12.167,3.0,6.6,roster,0,81.0,62.5,0.871,48.74,4.4795,0.625,0.7576,3.24,53.62,7.81,0.0,7.3,7.85
2020-10-12 01:00:00,1,25,25,0.0,7.0,17.0,1.0,0.0,1.0,8,6,10,0,10,0,82.25,249.5,155.0,374.0,13.167,3.0,6.6,roster,0,81.0,62.5,0.9,51.0,4.9705,0.625,0.9091,3.24,53.62,8.68,0.0,8.7,9.35
2020-10-12 02:00:00,2,26,26,1.0,8.0,16.0,1.0,0.0,1.0,3,3,10,0,10,0,83.25,309.5,215.0,434.0,14.167,3.0,6.6,roster,0,87.0,65.0,0.9667,54.54,3.696,0.65,0.4545,3.3462,55.77,8.68,0.0,10.09,10.85
2020-10-12 03:00:00,3,26,26,0.0,7.0,18.0,1.0,0.0,1.0,3,3,10,0,10,0,84.25,369.5,275.0,494.0,15.167,3.0,6.6,roster,0,84.0,65.0,0.9333,55.94,3.5685,0.65,0.4545,3.2308,55.77,8.68,0.0,11.49,12.35
2020-10-12 04:00:00,4,27,27,0.0,8.0,18.0,1.0,0.0,1.0,6,4,10,0,10,0,85.25,429.5,335.0,554.0,16.167,3.0,6.6,roster,0,88.0,67.5,0.9778,59.48,4.1753,0.675,0.6061,3.2593,57.92,8.68,0.0,12.88,13.85
2020-10-12 05:00:00,5,27,27,0.0,7.0,19.0,1.0,0.0,1.0,2,2,10,0,10,0,86.25,489.5,395.0,614.0,17.167,3.0,6.6,roster,0,87.0,67.5,0.9667,60.87,3.1514,0.675,0.303,3.2222,57.92,8.68,0.0,14.28,15.35
2020-10-12 06:00:00,6,25,25,0.0,5.0,19.0,1.0,0.0,1.0,2,1,10,0,10,0,87.25,549.5,455.0,674.0,18.167,3.0,6.6,roster,0,79.0,62.5,0.8778,57.98,2.4538,0.625,0.1515,3.16,53.62,8.68,0.0,15.67,16.85
2020-10-12 07:00:00,7,25,25,0.0,5.0,19.0,1.0,0.0,1.0,2,2,10,0,10,0,88.25,609.5,515.0,734.0,19.167,3.0,6.6,roster,0,79.0,62.5,0.8778,59.37,2.9326,0.625,0.303,3.16,53.62,8.68,0.0,17.07,18.35
2020-10-12 08:00:00,8,21,21,0.0,6.0,14.0,1.0,0.0,1.0,3,3,10,0,10,0,89.25,669.5,575.0,794.0,20.167,3.0,6.78,roster,0,68.0,52.5,0.7556,52.19,3.1328,0.525,0.4425,3.2381,45.04,8.68,0.0,18.46,19.85
2020-10-12 09:00:00,9,20,20,0.0,4.0,13.0,3.0,0.0,1.0,8,8,4,1,5,1,90.25,580.0,95.0,672.0,21.167,3.0,6.78,roster,0,61.0,50.0,0.581,56.27,5.1238,0.5,1.1799,3.05,42.9,4.34,13.4,15.62,16.8
2020-10-12 10:00:00,10,18,18,0.0,4.0,12.0,1.0,1.0,1.0,8,6,5,1,6,1,91.25,397.5,124.0,732.0,22.167,4.0,10.12,roster,0,55.0,45.0,0.4044,54.24,3.1866,0.45,0.5929,3.0556,38.61,5.21,13.4,17.02,18.3
2020-10-12 11:00:00,11,15,15,0.0,4.0,11.0,0.0,0.0,1.0,8,5,6,1,7,1,92.25,215.0,125.0,792.0,23.167,4.0,10.12,roster,0,49.0,37.5,0.3712,50.07,2.839,0.375,0.4941,3.2667,32.17,6.08,13.4,18.41,19.8
2020-10-12 12:00:00,12,21,21,0.0,6.0,14.0,1.0,0.0,1.0,9,9,7,1,8,1,93.25,188.5,111.0,760.0,14.2,4.0,10.12,roster,0,68.0,52.5,0.5312,63.06,4.5797,0.525,0.8893,3.2381,45.04,6.95,13.4,17.67,19.0
2020-10-12 13:00:00,13,23,23,0.0,6.0,16.0,1.0,0.0,1.0,5,4,11,2,13,2,94.25,142.0,84.0,304.0,15.2,4.0,10.12,roster,0,74.0,57.5,0.6852,74.49,3.1217,0.575,0.3953,3.2174,49.33,11.29,26.8,7.07,7.6
2020-10-12 14:00:00,14,21,21,0.0,3.0,18.0,0.0,0.0,1.0,7,6,9,1,10,1,95.25,201.0,127.0,364.0,16.2,4.0,10.12,roster,0,66.0,52.5,0.55,55.59,3.5134,0.525,0.5929,3.1429,45.04,8.68,13.4,8.46,9.1
2020-10-12 15:00:00,15,28,28,0.0,5.0,22.0,1.0,0.0,1.0,11,11,10,1,11,1,96.25,231.0,184.0,424.0,17.2,4.0,10.12,roster,0,88.0,70.0,0.7586,72.87,5.6161,0.7,1.087,3.1429,60.06,9.55,13.4,9.86,10.6
2020-10-12 16:00:00,16,30,30,0.0,4.0,24.0,2.0,0.0,1.0,7,7,8,3,11,3,97.25,253.0,114.0,484.0,18.2,4.0,10.12,roster,0,92.0,75.0,0.7931,105.35,4.4212,0.75,0.6917,3.0667,64.35,9.55,40.2,11.25,12.1
2020-10-12 17:00:00,17,20,20,0.0,3.0,17.0,0.0,0.0,1.0,4,4,7,2,9,2,98.25,313.0,154.0,433.0,19.2,4.0,10.12,roster,0,63.0,50.0,0.5081,67.58,2.8201,0.5,0.3953,3.15,42.9,7.81,26.8,10.07,10.825
2020-10-12 18:00:00,18,19,19,1.0,3.0,15.0,0.0,0.0,1.0,7,6,6,2,8,2,99.25,248.0,172.0,493.0,20.2,4.0,10.12,roster,0,62.0,47.5,0.4844,65.96,3.4847,0.475,0.5929,3.2632,40.75,6.95,26.8,11.46,12.325
2020-10-12 19:00:00,19,25,25,0.0,6.0,19.0,0.0,0.0,1.0,11,12,6,1,7,1,100.25,151.0,65.0,471.0,21.2,4.0,10.12,roster,0,81.0,62.5,0.6136,64.05,5.8669,0.625,1.1858,3.24,53.62,6.08,13.4,10.95,11.775
2020-10-12 20:00:00,20,27,27,0.0,7.0,19.0,0.0,0.0,0.963,10,10,6,0,6,0,101.25,122.5,86.0,211.0,4.867,4.0,10.65,roster,0,85.0,67.5,0.625,48.03,5.081,0.675,0.939,3.1481,57.92,5.21,0.0,4.91,5.275
2020-10-12 21:00:00,21,30,30,0.0,7.0,23.0,0.0,0.0,1.0,12,12,5,1,6,1,102.25,144.5,93.0,180.0,3.083,4.0,10.65,roster,0,97.0,75.0,0.7132,67.14,6.0682,0.75,1.1268,3.2333,64.35,5.21,13.4,4.19,4.5
2020-10-12 22:00:00,22,36,36,0.0,10.0,26.0,0.0,0.0,1.0,17,17,4,0,4,0,103.25,177.5,115.0,245.0,4.083,3.0,7.31,roster,0,118.0,90.0,1.0926,66.39,10.5727,0.9,2.3256,3.2778,77.22,3.47,0.0,5.7,6.125
2020-10-12 23:00:00,23,33,33,0.0,12.0,21.0,0.0,0.0,1.0,8,7,7,0,7,0,104.25,157.0,94.0,300.0,5.083,3.0,7.31,roster,0,111.0,82.5,1.1212,63.84,5.996,0.825,0.9576,3.3636,70.78,6.08,0.0,6.98,7.5
2020-10-13 00:00:00,0,37,37,0.0,15.0,22.0,0.0,0.0,1.0,13,12,9,1,10,1,105.25,166.5,92.0,235.0,6.083,3.0,7.31,roster,0,126.0,92.5,1.4,86.91,8.7403,0.925,1.6416,3.4054,79.36,8.68,13.4,5.46,5.875
2020-10-13 01:00:00,1,38,38,1.0,14.0,23.0,0.0,0.0,1.0,9,9,10,1,11,1,106.25,214.0,136.0,295.0,7.083,3.0,7.31,roster,0,130.0,95.0,1.4943,91.32,7.462,0.95,1.2312,3.4211,81.51,9.55,13.4,6.86,7.375
2020-10-13 02:00:00,2,35,35,1.0,15.0,19.0,0.0,0.0,1.0,2,3,10,1,11,1,107.25,274.0,196.0,355.0,8.083,3.0,7.31,roster,0,122.0,87.5,1.4023,86.28,4.4805,0.875,0.4104,3.4857,75.08,9.55,13.4,8.25,8.875
2020-10-13 03:00:00,3,32,32,1.0,15.0,16.0,0.0,0.0,1.0,7,6,11,1,12,1,108.25,320.0,256.0,415.0,9.083,3.0,7.31,roster,0,113.0,80.0,1.3452,82.11,5.7234,0.8,0.8208,3.5312,68.64,10.42,13.4,9.65,10.375
2020-10-13 04:00:00,4,31,31,1.0,13.0,17.0,0.0,0.0,1.0,4,3,11,1,12,1,109.25,380.0,309.0,475.0,10.083,3.0,7.31,roster,0,108.0,77.5,1.2857,81.36,4.1298,0.775,0.4104,3.4839,66.5,10.42,13.4,11.04,11.875
2020-10-13 05:00:00,5,28,28,1.0,12.0,15.0,0.0,0.0,1.0,1,1,11,0,11,0,110.25,454.0,369.0,535.0,11.083,3.0,7.31,roster,0,98.0,70.0,1.1264,62.05,2.9288,0.7,0.1368,3.5,60.06,9.55,0.0,12.44,13.375
2020-10-13 06:00:00,6,26,26,1.0,12.0,13.0,0.0,0.0,1.0,0,0,11,0,11,0,111.25,514.0,429.0,595.0,12.083,3.0,7.31,roster,0,92.0,65.0,1.0575,59.16,2.3,0.65,0.0,3.5385,55.77,9.55,0.0,13.83,14.875
2020-10-13 07:00:00,7,27,27,2.0,12.0,13.0,0.0,0.0,1.0,2,2,11,0,11,0,112.25,574.0,489.0,655.0,13.083,3.0,7.31,roster,0,97.0,67.5,1.1149,62.7,3.4079,0.675,0.2736,3.5926,57.92,9.55,0.0,15.23,16.375
2020-10-13 08:00:00,8,22,22,2.0,9.0,11.0,0.0,0.0,1.0,1,1,12,1,13,1,113.25,606.0,519.0,697.0,14.083,3.0,6.72,roster,0,79.0,55.0,0.9753,68.08,2.5094,0.55,0.1488,3.5909,47.19,11.29,13.4,16.21,17.425
2020-10-13 09:00:00,9,16,16,2.0,6.0,8.0,0.0,0.0,1.0,4,3,4,0,4,0,114.25,512.5,446.0,666.0,11.1,3.0,6.72,roster,0,58.0,40.0,0.537,33.28,3.0683,0.4,0.4464,3.625,34.32,3.47,0.0,15.48,16.65
2020-10-13 10:00:00,10,23,23,2.0,10.0,11.0,0.0,0.0,1.0,9,9,5,0,5,0,115.25,506.0,217.0,639.0,12.1,4.0,9.97,roster,0,83.0,57.5,0.5929,48.53,5.3326,0.575,0.9027,3.6087,49.33,4.34,0.0,14.86,15.975
2020-10-13 11:00:00,11,30,30,3.0,11.0,16.0,0.0,0.0,1.0,11,11,9,0,9,0,116.25,108.0,76.0,566.0,13.1,4.0,9.97,roster,0,107.0,75.0,0.8629,65.32,6.6101,0.75,1.1033,3.5667,64.35,7.81,0.0,13.16,14.15
2020-10-13 12:00:00,12,33,33,3.0,11.0,19.0,0.0,0.0,1.0,6,6,11,0,11,0,117.25,123.0,86.0,337.0,14.1,4.0,9.97,roster,0,116.0,82.5,1.0,68.17,5.0154,0.825,0.6018,3.5152,70.78,9.55,0.0,7.84,8.425
2020-10-13 13:00:00,13,35,35,3.0,12.0,20.0,0.0,0.0,1.0,7,7,9,0,9,0,118.25,183.0,146.0,397.0,15.1,4.0,9.97,roster,0,123.0,87.5,0.9919,72.12,5.5424,0.875,0.7021,3.5143,75.08,7.81,0.0,9.23,9.925
2020-10-13 14:00:00,14,30,30,2.0,10.0,18.0,0.0,0.0,1.0,3,2,6,0,6,0,119.25,340.0,197.0,746.0,16.1,4.0,9.97,roster,0,104.0,75.0,0.7647,66.9,3.2954,0.75,0.2006,3.4667,64.35,5.21,0.0,17.34,18.65
2020-10-13 15:00:00,15,31,31,2.0,11.0,18.0,0.0,0.0,1.0,9,8,4,0,4,0,120.25,544.5,283.0,1026.0,17.1,4.0,9.97,roster,0,108.0,77.5,0.75,73.82,5.4955,0.775,0.8024,3.4839,66.5,3.47,0.0,23.85,25.65
2020-10-13 16:00:00,16,28,28,1.0,8.0,19.0,0.0,0.0,1.0,10,10,3,1,4,1,121.25,205.5,94.0,1086.0,18.1,4.0,9.97,roster,0,94.0,70.0,0.6528,82.18,5.7172,0.7,1.003,3.3571,60.06,3.47,13.4,25.25,27.15
2020-10-13 17:00:00,17,28,28,1.0,5.0,22.0,0.0,0.0,1.0,6,6,4,1,5,1,122.25,154.0,122.0,377.0,19.1,4.0,9.97,roster,0,91.0,70.0,0.65,66.57,4.2309,0.7,0.6018,3.25,60.06,4.34,13.4,8.77,9.425
2020-10-13 18:00:00,18,23,23,1.0,3.0,19.0,0.0,0.0,1.0,3,2,5,1,6,1,123.25,198.0,113.0,437.0,20.1,4.0,9.97,roster,0,74.0,57.5,0.5441,58.11,2.4954,0.575,0.2006,3.2174,49.33,5.21,13.4,10.16,10.925
2020-10-13 19:00:00,19,21,21,1.0,3.0,17.0,0.0,0.0,1.0,3,3,3,1,4,1,124.25,369.5,242.0,1266.0,21.1,4.0,9.97,roster,0,68.0,52.5,0.4722,71.35,2.6744,0.525,0.3009,3.2381,45.04,3.47,13.4,29.43,31.65
2020-10-13 20:00:00,20,25,25,2.0,3.0,20.0,0.0,0.0,1.0,9,7,2,1,3,1,125.25,302.0,216.0,1326.0,22.1,4.0,10.98,roster,0,82.0,62.5,0.5541,80.46,4.1411,0.625,0.6375,3.28,53.62,2.6,13.4,30.83,33.15
2020-10-13 21:00:00,21,25,25,2.0,3.0,19.0,1.0,0.0,1.0,10,8,3,0,3,0,126.25,276.0,105.0,1386.0,23.1,4.0,10.98,roster,0,81.0,62.5,0.5473,68.45,4.3857,0.625,0.7286,3.24,53.62,2.6,0.0,32.22,34.65
2020-10-13 22:00:00,22,29,29,2.0,3.0,21.0,3.0,0.0,1.0,10,9,3,0,3,0,127.25,165.0,65.0,336.0,5.6,3.0,7.73,roster,0,91.0,72.5,0.8198,52.62,5.9285,0.725,1.1643,3.1379,62.2,2.6,0.0,7.81,8.4
2020-10-13 23:00:00,23,22,22,2.0,4.0,15.0,1.0,0.0,1.0,2,3,5,0,5,0,128.25,125.0,119.0,225.0,6.6,3.0,7.73,roster,0,73.0,55.0,0.6952,36.76,3.1128,0.55,0.3881,3.3182,47.19,4.34,0.0,5.23,5.625
2020-10-14 00:00:00,0,22,22,2.0,4.0,14.0,2.0,0.0,1.0,8,7,5,0,5,0,129.25,185.0,179.0,285.0,7.6,3.0,7.73,roster,0,72.0,55.0,0.6857,38.16,4.7637,0.55,0.9056,3.2727,47.19,4.34,0.0,6.63,7.125
2020-10-14 01:00:00,1,24,24,2.0,5.0,15.0,2.0,0.0,1.0,5,5,5,0,5,0,130.25,239.0,231.0,245.0,5.75,3.0,7.73,roster,0,79.0,60.0,0.7524,41.52,4.1042,0.6,0.6468,3.2917,51.48,4.34,0.0,5.7,6.125
2020-10-14 02:00:00,2,29,29,2.0,7.0,19.0,1.0,0.0,1.0,9,8,6,0,6,0,131.25,295.0,153.0,305.0,6.75,3.0,7.73,roster,0,97.0,72.5,0.951,54.51,5.8867,0.725,1.0349,3.3448,62.2,5.21,0.0,7.09,7.625
2020-10-14 03:00:00,3,26,26,2.0,5.0,18.0,1.0,0.0,1.0,2,2,7,0,7,0,132.25,351.0,177.0,365.0,7.75,3.0,7.73,roster,0,86.0,65.0,0.8687,50.33,3.0058,0.65,0.2587,3.3077,55.77,6.08,0.0,8.49,9.125
2020-10-14 04:00:00,4,27,27,2.0,4.0,19.0,2.0,0.0,1.0,5,6,8,0,8,0,133.25,342.0,237.0,425.0,8.75,3.0,7.73,roster,0,87.0,67.5,0.9062,54.74,4.6761,0.675,0.7762,3.2222,57.92,6.95,0.0,9.88,10.625
2020-10-14 05:00:00,5,25,25,2.0,4.0,18.0,1.0,0.0,1.0,1,1,9,0,9,0,134.25,333.0,181.0,479.0,9.75,3.0,7.73,roster,0,82.0,62.5,0.8817,52.58,2.4743,0.625,0.1294,3.28,53.62,7.81,0.0,11.14,11.975
2020-10-14 06:00:00,6,23,23,2.0,4.0,15.0,2.0,0.0,1.0,2,2,9,0,9,0,135.25,393.0,241.0,539.0,10.75,3.0,7.73,roster,0,75.0,57.5,0.8065,49.68,2.7187,0.575,0.2587,3.2609,49.33,7.81,0.0,12.53,13.475
2020-10-14 07:00:00,7,21,21,2.0,4.0,13.0,2.0,0.0,1.0,0,0,8,0,8,0,136.25,522.0,417.0,605.0,11.75,3.0,7.73,roster,0,69.0,52.5,0.7188,46.06,1.725,0.525,0.0,3.2857,45.04,6.95,0.0,14.07,15.125
2020-10-14 08:00:00,8,20,20,2.0,3.0,13.0,2.0,0.0,1.0,2,2,8,0,8,0,137.25,582.0,477.0,665.0,12.75,3.0,6.66,roster,0,65.0,50.0,0.6771,45.31,2.601,0.5,0.3003,3.25,42.9,6.95,0.0,15.46,16.625
2020-10-14 09:00:00,9,22,22,2.0,3.0,15.0,2.0,0.0,1.0,3,3,9,0,9,0,138.25,573.0,421.0,719.0,13.75,3.0,6.66,roster,0,71.0,55.0,0.7634,51.72,3.2287,0.55,0.4505,3.2273,47.19,7.81,0.0,16.72,17.975
2020-10-14 10:00:00,10,25,25,2.0,4.0,18.0,1.0,0.0,1.0,9,8,8,0,8,0,139.25,702.0,597.0,785.0,14.75,4.0,10.12,roster,0,82.0,62.5,0.6406,58.82,4.6429,0.625,0.7905,3.28,53.62,6.95,0.0,18.25,19.625
2020-10-14 11:00:00,11,28,28,2.0,4.0,21.0,1.0,0.0,1.0,4,4,11,0,11,0,140.25,657.0,104.0,839.0,15.75,4.0,10.12,roster,0,91.0,70.0,0.7845,69.12,3.5596,0.7,0.3953,3.25,60.06,9.55,0.0,19.51,20.975
2020-10-14 12:00:00,12,31,31,3.0,3.0,23.0,2.0,0.0,1.0,7,7,10,0,10,0,141.25,646.5,164.0,899.0,16.75,4.0,10.12,roster,0,100.0,77.5,0.8333,76.08,4.7313,0.775,0.6917,3.2258,66.5,8.68,0.0,20.9,22.475
2020-10-14 13:00:00,13,24,24,2.0,1.0,20.0,1.0,0.0,1.0,2,1,8,2,10,2,142.25,445.0,184.0,959.0,17.75,4.0,10.12,roster,0,76.0,60.0,0.6333,89.26,2.2129,0.6,0.0988,3.1667,51.48,8.68,26.8,22.3,23.975
2020-10-14 14:00:00,14,25,25,1.0,1.0,23.0,0.0,0.0,1.0,7,6,6,1,7,1,143.25,660.0,244.0,1025.0,18.75,4.0,10.12,roster,0,78.0,62.5,0.5909,76.93,3.7998,0.625,0.5929,3.12,53.62,6.08,13.4,23.83,25.625
2020-10-14 15:00:00,15,23,23,1.0,2.0,20.0,0.0,0.0,1.0,6,6,5,1,6,1,144.25,322.0,212.0,1085.0,19.75,4.0,10.12,roster,0,73.0,57.5,0.5368,73.17,3.7068,0.575,0.5929,3.1739,49.33,5.21,13.4,25.23,27.125
2020-10-14 16:00:00,16,21,21,0.0,3.0,17.0,1.0,0.0,1.0,7,7,4,2,6,2,145.25,221.5,79.0,364.0,6.667,4.0,10.12,roster,0,65.0,52.5,0.4779,65.52,3.766,0.525,0.6917,3.0952,45.04,5.21,26.8,8.46,9.1
2020-10-14 17:00:00,17,23,23,0.0,2.0,18.0,3.0,0.0,1.0,6,5,7,1,8,1,146.25,185.0,81.0,424.0,7.667,4.0,10.12,roster,0,68.0,57.5,0.5312,59.54,3.1607,0.575,0.4941,2.9565,49.33,6.95,13.4,9.86,10.6
2020-10-14 18:00:00,18,31,31,1.0,5.0,21.0,4.0,0.0,1.0,12,12,8,1,9,1,147.25,199.0,128.0,392.0,8.667,4.0,10.12,roster,0,96.0,77.5,0.7742,76.82,6.0721,0.775,1.1858,3.0968,66.5,7.81,13.4,9.11,9.8
2020-10-14 19:00:00,19,26,26,1.0,5.0,15.0,4.0,1.0,1.0,6,6,6,2,8,2,148.25,89.0,78.0,201.0,4.317,4.0,10.12,roster,0,79.0,65.0,0.6172,74.19,3.7765,0.65,0.5929,3.0385,55.77,6.95,26.8,4.67,5.025
2020-10-14 20:00:00,20,26,26,0.0,3.0,19.0,4.0,0.0,1.0,6,6,7,1,8,1,149.25,146.0,123.0,261.0,5.317,4.0,9.81,roster,0,77.0,65.0,0.6016,62.18,3.7363,0.65,0.6116,2.9615,55.77,6.95,13.4,6.07,6.525
2020-10-14 21:00:00,21,22,22,0.0,3.0,16.0,3.0,0.0,1.0,9,9,4,0,4,0,150.25,206.0,197.0,321.0,5.35,4.0,9.81,roster,0,66.0,55.0,0.4583,38.13,4.4023,0.55,0.9174,3.0,47.19,3.47,0.0,7.46,8.025
2020-10-14 22:00:00,22,24,24,0.0,2.0,18.0,3.0,1.0,1.0,11,9,4,0,4,0,151.25,153.0,93.0,381.0,6.35,3.0,6.35,roster,0,69.0,60.0,0.6389,43.81,5.7998,0.6,1.4173,2.875,51.48,3.47,0.0,8.86,9.525
2020-10-14 23:00:00,23,21,21,0.0,1.0,18.0,2.0,0.0,1.0,13,10,3,0,3,0,152.25,273.0,61.0,441.0,7.35,3.0,6.35,roster,0,62.0,52.5,0.5586,37.9,6.1994,0.525,1.5748,2.9524,45.04,2.6,0.0,10.25,11.025
2020-10-15 00:00:00,0,24,24,0.0,1.0,21.0,2.0,0.0,1.0,11,11,3,0,3,0,153.25,333.0,121.0,501.0,8.35,3.0,6.35,roster,0,71.0,60.0,0.6396,45.73,6.8997,0.6,1.7323,2.9583,51.48,2.6,0.0,11.65,12.525
2020-10-15 01:00:00,1,23,23,0.0,1.0,21.0,1.0,0.0,1.0,7,6,3,0,3,0,154.25,393.0,181.0,561.0,9.35,3.0,6.35,roster,0,69.0,57.5,0.6216,44.98,4.5596,0.575,0.9449,3.0,49.33,2.6,0.0,13.04,14.025
2020-10-15 02:00:00,2,20,20,0.0,2.0,17.0,1.0,0.0,1.0,3,2,6,0,6,0,155.25,162.0,81.0,453.0,10.35,3.0,6.35,roster,0,61.0,50.0,0.598,38.64,2.4856,0.5,0.315,3.05,42.9,5.21,0.0,10.53,11.325
2020-10-15 03:00:00,3,19,19,0.0,1.0,17.0,1.0,0.0,1.0,5,3,6,0,6,0,156.25,222.0,141.0,513.0,11.35,3.0,6.35,roster,0,57.0,47.5,0.5588,37.89,2.8423,0.475,0.4724,3.0,40.75,5.21,0.0,11.93,12.825
2020-10-15 04:00:00,4,21,21,1.0,1.0,18.0,1.0,0.0,1.0,4,3,7,0,7,0,157.25,203.0,198.0,573.0,12.35,3.0,6.35,roster,0,65.0,52.5,0.6566,44.45,3.0873,0.525,0.4724,3.0952,45.04,6.08,0.0,13.32,14.325
2020-10-15 05:00:00,5,20,20,1.0,1.0,17.0,1.0,0.0,1.0,1,1,7,0,7,0,158.25,263.0,258.0,633.0,13.35,3.0,6.35,roster,0,62.0,50.0,0.6263,43.7,2.0382,0.5,0.1575,3.1,42.9,6.08,0.0,14.72,15.825
2020-10-15 06:00:00,6,20,20,1.0,1.0,17.0,1.0,0.0,1.0,3,2,7,0,7,0,159.25,323.0,318.0,693.0,14.35,3.0,6.35,roster,0,62.0,50.0,0.6263,45.09,2.5264,0.5,0.315,3.1,42.9,6.08,0.0,16.11,17.325
2020-10-15 07:00:00,7,20,20,1.0,1.0,17.0,1.0,0.0,1.0,2,2,7,0,7,0,160.25,383.0,378.0,753.0,15.35,3.0,6.35,roster,0,62.0,50.0,0.6263,46.49,2.5264,0.5,0.315,3.1,42.9,6.08,0.0,17.51,18.825
2020-10-15 08:00:00,8,22,22,1.0,1.0,19.0,1.0,0.0,1.0,3,2,9,0,9,0,161.25,441.0,329.0,601.0,16.35,3.0,6.66,roster,0,68.0,55.0,0.7312,48.98,2.6282,0.55,0.3003,3.0909,47.19,7.81,0.0,13.97,15.025
2020-10-15 09:00:00,9,27,27,1.0,2.0,22.0,2.0,0.0,1.0,9,9,7,0,7,0,162.25,498.0,139.0,503.0,17.35,3.0,6.66,roster,0,83.0,67.5,0.8384,55.69,6.2292,0.675,1.3514,3.0741,57.92,6.08,0.0,11.69,12.575
2020-10-15 10:00:00,10,27,27,3.0,3.0,19.0,2.0,0.0,1.0,8,8,8,0,8,0,163.25,324.0,185.0,563.0,18.35,4.0,9.91,roster,0,88.0,67.5,0.6875,57.95,4.8311,0.675,0.8073,3.2593,57.92,6.95,0.0,13.09,14.075
2020-10-15 11:00:00,11,29,29,3.0,3.0,22.0,1.0,0.0,1.0,7,7,9,0,9,0,164.25,245.0,128.0,509.0,10.383,4.0,9.91,roster,0,95.0,72.5,0.7661,61.85,4.6889,0.725,0.7064,3.2759,62.2,7.81,0.0,11.83,12.725
2020-10-15 12:00:00,12,28,28,1.0,3.0,22.0,2.0,0.0,1.0,6,5,10,0,10,0,165.25,207.5,166.0,319.0,11.3,4.0,9.91,roster,0,87.0,70.0,0.725,56.16,3.7427,0.7,0.5045,3.1071,60.06,8.68,0.0,7.42,7.975
2020-10-15 13:00:00,13,30,30,1.0,3.0,24.0,2.0,0.0,1.0,10,8,10,0,10,0,166.25,240.5,169.0,379.0,12.3,4.0,9.91,roster,0,93.0,75.0,0.775,61.84,4.8275,0.75,0.8073,3.1,64.35,8.68,0.0,8.81,9.475
2020-10-15 14:00:00,14,32,32,1.0,3.0,25.0,3.0,0.0,1.0,10,10,9,1,10,1,167.25,238.0,108.0,425.0,11.483,4.0,9.91,roster,0,98.0,80.0,0.8167,80.6,5.5403,0.8,1.0091,3.0625,68.64,8.68,13.4,9.88,10.625
2020-10-15 15:00:00,15,25,25,1.0,3.0,20.0,1.0,0.0,1.0,5,3,9,2,11,2,12.483,204.0,130.0,368.0,12.483,4.0,9.91,roster,0,79.0,62.5,0.681,78.53,2.9316,0.625,0.3027,3.16,53.62,9.55,26.8,8.56,9.2
2020-10-15 16:00:00,16,24,24,1.0,4.0,18.0,1.0,0.0,1.0,6,6,10,1,11,1,13.483,264.0,159.0,428.0,13.483,4.0,9.91,roster,0,77.0,60.0,0.6638,64.38,3.8675,0.6,0.6054,3.2083,51.48,9.55,13.4,9.95,10.7
2020-10-15 17:00:00,17,23,23,1.0,5.0,16.0,1.0,0.0,1.0,4,3,11,1,12,1,14.483,269.0,196.0,488.0,14.483,4.0,9.91,roster,0,75.0,57.5,0.6696,64.5,2.8621,0.575,0.3027,3.2609,49.33,10.42,13.4,11.35,12.2
2020-10-15 18:00:00,18,25,25,1.0,4.0,19.0,1.0,0.0,1.0,5,5,11,1,12,1,15.483,294.5,185.0,533.0,15.483,4.0,9.91,roster,0,80.0,62.5,0.7143,69.84,3.6145,0.625,0.5045,3.2,53.62,10.42,13.4,12.39,13.325
2020-10-15 19:00:00,19,29,29,1.0,2.0,24.0,2.0,0.0,1.0,9,9,11,0,11,0,16.483,316.0,189.0,593.0,16.483,4.0,9.91,roster,0,89.0,72.5,0.7672,65.54,5.0122,0.725,0.9082,3.069,62.2,9.55,0.0,13.79,14.825
2020-10-15 20:00:00,20,34,34,0.0,3.0,30.0,1.0,0.0,1.0,12,11,10,0,10,0,17.483,258.5,139.0,430.0,17.483,4.0,9.63,roster,0,104.0,85.0,0.8667,71.61,6.094,0.85,1.1423,3.0588,72.93,8.68,0.0,10.0,10.75
2020-10-15 21:00:00,21,33,33,0.0,3.0,29.0,1.0,0.0,1.0,7,7,10,0,10,0,18.483,188.5,118.0,309.0,18.483,4.0,9.63,roster,0,101.0,82.5,0.8417,66.65,4.7497,0.825,0.7269,3.0606,70.78,8.68,0.0,7.18,7.725
2020-10-15 22:00:00,22,34,34,0.0,4.0,29.0,1.0,0.0,1.0,9,8,11,0,11,0,19.483,238.0,147.0,369.0,19.483,3.0,6.38,roster,0,105.0,85.0,1.2069,71.06,6.4974,0.85,1.2539,3.0882,72.93,9.55,0.0,8.58,9.225
2020-10-15 23:00:00,23,29,29,1.0,3.0,24.0,1.0,0.0,1.0,7,7,14,0,14,0,20.483,240.0,173.0,363.0,20.483,3.0,6.38,roster,0,91.0,72.5,1.1667,62.8,5.7179,0.725,1.0972,3.1379,62.2,12.16,0.0,8.44,9.075
2020-10-16 00:00:00,0,29,29,0.0,3.0,24.0,2.0,0.0,1.0,7,7,14,0,14,0,21.483,300.0,233.0,423.0,21.483,3.0,6.38,roster,0,88.0,72.5,1.1282,64.2,5.5294,0.725,1.0972,3.0345,62.2,12.16,0.0,9.83,10.575
2020-10-16 01:00:00,1,29,29,0.0,3.0,25.0,1.0,0.0,1.0,8,7,15,0,15,0,22.483,358.0,229.0,483.0,22.483,3.0,6.38,roster,0,89.0,72.5,1.1867,66.46,5.5922,0.725,1.0972,3.069,62.2,13.02,0.0,11.23,12.075
2020-10-16 02:00:00,2,24,24,0.0,3.0,21.0,0.0,0.0,1.0,1,1,16,0,16,0,23.483,402.5,289.0,543.0,23.483,3.0,6.38,roster,0,75.0,60.0,1.0417,58.0,2.3648,0.6,0.1567,3.125,51.48,13.89,0.0,12.62,13.575
2020-10-16 03:00:00,3,30,30,0.0,3.0,27.0,0.0,0.0,1.0,7,6,16,0,16,0,24.483,462.5,349.0,603.0,24.483,3.0,6.38,roster,0,93.0,75.0,1.2917,72.26,5.2404,0.75,0.9404,3.1,64.35,13.89,0.0,14.02,15.075
2020-10-16 04:00:00,4,26,26,0.0,3.0,23.0,0.0,0.0,1.0,1,1,19,0,19,0,25.483,482.0,290.0,619.0,25.483,3.0,6.38,roster,0,81.0,65.0,1.2857,66.66,2.5133,0.65,0.1567,3.1154,55.77,16.5,0.0,14.39,15.475
2020-10-16 05:00:00,5,28,28,0.0,4.0,24.0,0.0,0.0,1.0,3,3,19,0,19,0,26.483,542.0,350.0,679.0,26.483,3.0,6.38,roster,0,88.0,70.0,1.3968,72.34,3.6778,0.7,0.4702,3.1429,60.06,16.5,0.0,15.79,16.975
2020-10-16 06:00:00,6,27,27,0.0,4.0,23.0,0.0,0.0,1.0,1,1,19,0,19,0,27.483,602.0,410.0,739.0,27.483,3.0,6.38,roster,0,85.0,67.5,1.3492,71.59,2.6184,0.675,0.1567,3.1481,57.92,16.5,0.0,17.18,18.475
2020-10-16 07:00:00,7,29,29,0.0,6.0,23.0,0.0,0.0,1.0,4,4,19,0,19,0,28.483,662.0,470.0,799.0,28.483,3.0,6.38,roster,0,93.0,72.5,1.4762,77.28,4.3356,0.725,0.627,3.2069,62.2,16.5,0.0,18.58,19.975
2020-10-16 08:00:00,8,32,32,0.0,7.0,24.0,1.0,0.0,1.0,6,6,19,0,19,0,29.483,713.0,341.0,859.0,29.483,3.0,7.04,roster,0,102.0,80.0,1.619,85.11,5.2666,0.8,0.8523,3.1875,68.64,16.5,0.0,19.97,21.475
2020-10-16 09:00:00,9,30,30,0.0,8.0,22.0,0.0,0.0,1.0,6,6,13,0,13,0,30.483,668.0,377.0,919.0,30.483,3.0,7.04,roster,0,98.0,75.0,1.2099,77.0,5.2341,0.75,0.8523,3.2667,64.35,11.29,0.0,21.37,22.975
2020-10-16 10:00:00,10,35,35,1.0,10.0,24.0,0.0,0.0,1.0,9,9,12,0,12,0,31.483,637.0,435.0,1089.0,31.483,4.0,10.3,roster,0,117.0,87.5,1.0446,90.81,5.8459,0.875,0.8738,3.3429,75.08,10.42,0.0,25.32,27.225
2020-10-16 11:00:00,11,35,35,1.0,13.0,21.0,0.0,0.0,1.0,6,7,14,0,14,0,32.483,384.5,106.0,1039.0,32.483,4.0,10.3,roster,0,120.0,87.5,1.1538,91.39,5.3301,0.875,0.6796,3.4286,75.08,12.16,0.0,24.16,25.975
2020-10-16 12:00:00,12,39,39,0.0,16.0,22.0,1.0,0.0,1.0,12,12,11,0,11,0,20.967,308.0,147.0,848.0,20.15,4.0,10.3,roster,0,132.0,97.5,1.1379,92.92,7.2432,0.975,1.165,3.3846,83.66,9.55,0.0,19.72,21.2
2020-10-16 13:00:00,13,36,36,0.0,13.0,22.0,1.0,0.0,1.0,5,6,10,0,10,0,21.967,458.5,180.0,908.0,21.15,4.0,10.3,roster,0,120.0,90.0,1.0,87.01,4.9417,0.9,0.5825,3.3333,77.22,8.68,0.0,21.11,22.7
2020-10-16 14:00:00,14,25,25,0.0,9.0,15.0,1.0,0.0,1.0,2,3,8,0,8,0,22.967,743.5,240.0,1219.0,22.15,4.0,10.3,roster,0,83.0,62.5,0.6484,68.91,3.042,0.625,0.2913,3.32,53.62,6.95,0.0,28.34,30.475
2020-10-16 15:00:00,15,25,25,1.0,8.0,15.0,1.0,0.0,1.0,9,8,7,0,7,0,23.967,846.0,300.0,1279.0,23.15,4.0,10.3,roster,0,84.0,62.5,0.6364,69.44,4.7097,0.625,0.7767,3.36,53.62,6.08,0.0,29.74,31.975
2020-10-16 16:00:00,16,21,21,1.0,6.0,13.0,1.0,0.0,1.0,3,3,5,1,6,1,22.317,590.5,180.0,1088.0,22.317,4.0,10.3,roster,0,70.0,52.5,0.5147,68.95,2.7209,0.525,0.2913,3.3333,45.04,5.21,13.4,25.3,27.2
2020-10-16 17:00:00,17,26,26,2.0,8.0,15.0,1.0,0.0,1.0,10,10,6,1,7,1,23.317,240.0,114.0,1148.0,23.317,4.0,10.3,roster,0,89.0,65.0,0.6742,81.94,5.5484,0.65,0.9709,3.4231,55.77,6.08,13.4,26.69,28.7
2020-10-16 18:00:00,18,23,23,1.0,7.0,15.0,0.0,0.0,1.0,9,9,4,1,5,1,24.317,174.0,113.0,300.0,24.317,4.0,10.3,roster,0,78.0,57.5,0.5571,54.05,4.9133,0.575,0.8738,3.3913,49.33,4.34,13.4,6.98,7.5
2020-10-16 19:00:00,19,25,25,1.0,6.0,18.0,0.0,0.0,1.0,6,5,4,1,5,1,25.317,234.0,173.0,360.0,25.317,4.0,10.3,roster,0,83.0,62.5,0.5929,59.74,3.6867,0.625,0.4854,3.32,53.62,4.34,13.4,8.37,9.0
2020-10-16 20:00:00,20,20,20,0.0,8.0,12.0,0.0,0.0,1.0,8,7,1,0,1,0,8.217,294.0,294.0,294.0,4.9,4.0,10.27,roster,0,68.0,50.0,0.4359,30.6,4.0174,0.5,0.6816,3.4,42.9,0.87,0.0,6.84,7.35
2020-10-16 21:00:00,21,24,24,0.0,7.0,17.0,0.0,0.0,1.0,8,8,1,0,1,0,4.7,73.0,73.0,73.0,1.217,4.0,10.27,roster,0,79.0,60.0,0.5064,34.05,4.5391,0.6,0.779,3.2917,51.48,0.87,0.0,1.7,1.825
2020-10-16 22:00:00,22,25,25,0.0,6.0,18.0,1.0,0.0,1.0,11,10,5,0,5,0,5.55,83.0,70.0,100.0,2.217,3.0,7.01,roster,0,80.0,62.5,0.7619,40.29,6.5649,0.625,1.4265,3.2,53.62,4.34,0.0,2.33,2.5
2020-10-16 23:00:00,23,25,25,0.0,6.0,19.0,0.0,0.0,1.0,10,8,4,0,4,0,6.55,145.0,130.0,193.0,3.217,3.0,7.01,roster,0,81.0,62.5,0.75,41.59,5.7226,0.625,1.1412,3.24,53.62,3.47,0.0,4.49,4.825
2020-10-17 00:00:00,0,22,22,0.0,4.0,18.0,0.0,0.0,1.0,6,5,4,0,4,0,7.55,182.5,175.0,220.0,3.667,3.0,7.01,roster,0,70.0,55.0,0.6481,35.78,4.0195,0.55,0.7133,3.1818,47.19,3.47,0.0,5.12,5.5
2020-10-17 01:00:00,1,18,18,0.0,3.0,15.0,0.0,0.0,1.0,4,4,5,0,5,0,8.55,235.0,137.0,250.0,4.667,3.0,7.01,roster,0,57.0,45.0,0.5429,28.76,3.2319,0.45,0.5706,3.1667,38.61,4.34,0.0,5.81,6.25
2020-10-17 02:00:00,2,16,16,0.0,3.0,13.0,0.0,0.0,1.0,3,3,6,0,6,0,9.55,246.0,142.0,310.0,5.667,3.0,7.01,roster,0,51.0,40.0,0.5,26.74,2.6391,0.4,0.428,3.1875,34.32,5.21,0.0,7.21,7.75
2020-10-17 03:00:00,3,15,15,0.0,2.0,13.0,0.0,0.0,1.0,2,1,7,0,7,0,10.55,257.0,155.0,370.0,6.667,3.0,7.01,roster,0,47.0,37.5,0.4747,26.86,1.622,0.375,0.1427,3.1333,32.17,6.08,0.0,8.6,9.25
2020-10-17 04:00:00,4,17,17,0.0,2.0,15.0,0.0,0.0,1.0,2,2,7,0,7,0,11.55,317.0,215.0,430.0,7.667,3.0,7.01,roster,0,53.0,42.5,0.5354,32.54,2.2145,0.425,0.2853,3.1176,36.46,6.08,0.0,10.0,10.75
2020-10-17 05:00:00,5,18,18,0.0,2.0,16.0,0.0,0.0,1.0,2,1,7,0,7,0,12.55,377.0,275.0,490.0,8.667,3.0,7.01,roster,0,56.0,45.0,0.5657,36.08,1.8438,0.45,0.1427,3.1111,38.61,6.08,0.0,11.39,12.25
2020-10-17 06:00:00,6,18,18,0.0,2.0,16.0,0.0,0.0,1.0,1,1,7,0,7,0,13.55,437.0,335.0,550.0,9.667,3.0,7.01,roster,0,56.0,45.0,0.5657,37.48,1.8438,0.45,0.1427,3.1111,38.61,6.08,0.0,12.79,13.75
2020-10-17 07:00:00,7,19,19,0.0,2.0,17.0,0.0,0.0,1.0,2,2,7,0,7,0,14.55,497.0,395.0,610.0,10.667,3.0,7.01,roster,0,59.0,47.5,0.596,41.02,2.361,0.475,0.2853,3.1053,40.75,6.08,0.0,14.18,15.25
2020-10-17 08:00:00,8,17,17,0.0,2.0,15.0,0.0,0.0,1.0,2,2,7,0,7,0,15.55,557.0,455.0,670.0,11.667,3.0,6.66,roster,0,53.0,42.5,0.5354,38.12,2.2612,0.425,0.3003,3.1176,36.46,6.08,0.0,15.58,16.75
2020-10-17 09:00:00,9,15,15,0.0,1.0,13.0,1.0,0.0,1.0,3,2,3,0,3,0,16.55,515.0,454.0,715.0,11.917,3.0,6.66,roster,0,45.0,37.5,0.4054,31.4,2.0259,0.375,0.3003,3.0,32.17,2.6,0.0,16.62,17.875
2020-10-17 10:00:00,10,17,17,0.0,1.0,16.0,0.0,0.0,1.0,7,6,3,0,3,0,15.433,575.0,514.0,775.0,12.917,4.0,10.36,roster,0,52.0,42.5,0.3514,37.09,3.0715,0.425,0.5792,3.0588,36.46,2.6,0.0,18.02,19.375
2020-10-17 11:00:00,11,21,21,1.0,2.0,18.0,0.0,0.0,1.0,8,7,5,0,5,0,16.433,574.0,110.0,635.0,13.917,4.0,10.36,roster,0,67.0,52.5,0.4786,44.15,3.8307,0.525,0.6757,3.1905,45.04,4.34,0.0,14.76,15.875
2020-10-17 12:00:00,12,21,21,0.0,2.0,18.0,0.0,1.0,1.0,10,9,4,0,4,0,17.433,392.0,150.0,695.0,11.583,4.0,10.36,roster,0,63.0,52.5,0.4375,44.68,4.1812,0.525,0.8687,3.0,45.04,3.47,0.0,16.16,17.375
2020-10-17 13:00:00,13,24,24,2.0,3.0,19.0,0.0,0.0,1.0,11,9,4,0,4,0,18.433,194.5,179.0,694.0,11.567,4.0,10.36,roster,0,79.0,60.0,0.5486,51.09,4.8346,0.6,0.8687,3.2917,51.48,3.47,0.0,16.14,17.35
2020-10-17 14:00:00,14,29,29,1.0,4.0,24.0,0.0,0.0,1.0,10,9,5,2,7,2,19.433,136.0,103.0,270.0,12.567,4.0,10.36,roster,0,93.0,72.5,0.7045,81.36,5.1109,0.725,0.8687,3.2069,62.2,6.08,26.8,6.28,6.75
2020-10-17 15:00:00,15,26,26,1.0,3.0,19.0,3.0,0.0,1.0,9,9,3,2,5,2,20.433,128.0,94.0,163.0,2.933,4.0,10.36,roster,0,80.0,65.0,0.5714,70.7,4.673,0.65,0.8687,3.0769,55.77,4.34,26.8,3.79,4.075
2020-10-17 16:00:00,16,20,20,1.0,4.0,13.0,2.0,0.0,1.0,5,5,3,2,5,2,21.433,188.0,154.0,223.0,3.933,4.0,10.36,roster,0,64.0,50.0,0.4571,59.23,3.1444,0.5,0.4826,3.2,42.9,4.34,26.8,5.18,5.575
2020-10-17 17:00:00,17,19,19,1.0,6.0,12.0,0.0,0.0,1.0,6,6,5,2,7,2,22.15,133.0,86.0,283.0,4.933,4.0,10.36,roster,0,65.0,47.5,0.4924,60.21,3.6063,0.475,0.5792,3.4211,40.75,6.08,26.8,6.58,7.075
2020-10-17 18:00:00,18,22,22,0.0,5.0,16.0,1.0,0.0,1.0,7,7,4,2,6,2,23.15,147.5,125.0,193.0,5.133,4.0,10.36,roster,0,70.0,55.0,0.5147,63.69,3.8999,0.55,0.6757,3.1818,47.19,5.21,26.8,4.49,4.825
2020-10-17 19:00:00,19,25,25,0.0,4.0,20.0,1.0,0.0,1.0,9,9,7,1,8,1,24.15,161.5,75.0,209.0,4.217,4.0,10.36,roster,0,78.0,62.5,0.6094,58.83,4.6604,0.625,0.8687,3.12,53.62,6.95,13.4,4.86,5.225
2020-10-17 20:00:00,20,21,21,0.0,4.0,16.0,1.0,0.0,1.0,10,9,8,1,9,1,25.15,128.0,111.0,135.0,4.483,4.0,11.46,roster,0,66.0,52.5,0.5323,49.4,4.1182,0.525,0.7853,3.1429,45.04,7.81,13.4,3.14,3.375
2020-10-17 21:00:00,21,23,23,0.0,4.0,16.0,2.0,1.0,1.0,9,9,8,1,9,1,26.15,171.0,128.0,195.0,5.483,4.0,11.46,roster,0,69.0,57.5,0.5565,55.08,4.081,0.575,0.7853,3.0,49.33,7.81,13.4,4.53,4.875
2020-10-17 22:00:00,22,25,25,0.0,4.0,17.0,2.0,2.0,1.0,13,10,6,1,7,1,27.15,188.0,128.0,236.0,5.3,3.0,7.76,roster,0,73.0,62.5,0.7374,58.59,5.5879,0.625,1.2887,2.92,53.62,6.08,13.4,5.49,5.9
2020-10-17 23:00:00,23,23,23,0.0,4.0,15.0,3.0,1.0,1.0,10,10,5,0,5,0,28.15,188.0,178.0,226.0,4.717,3.0,7.76,roster,0,68.0,57.5,0.6476,38.93,5.51,0.575,1.2887,2.9565,49.33,4.34,0.0,5.25,5.65
2020-10-18 00:00:00,0,23,23,0.0,5.0,15.0,2.0,1.0,1.0,7,7,6,0,6,0,29.15,243.0,176.0,286.0,5.717,3.0,7.76,roster,0,70.0,57.5,0.6863,41.19,4.4954,0.575,0.9021,3.0435,49.33,5.21,0.0,6.65,7.15
2020-10-18 01:00:00,1,20,20,0.0,5.0,14.0,0.0,1.0,1.0,5,4,7,0,7,0,30.15,298.0,146.0,346.0,6.717,3.0,7.76,roster,0,63.0,50.0,0.6364,37.02,3.1987,0.5,0.5155,3.15,42.9,6.08,0.0,8.04,8.65
2020-10-18 02:00:00,2,23,23,0.0,5.0,17.0,0.0,1.0,1.0,6,6,7,0,7,0,31.15,358.0,206.0,406.0,7.717,3.0,7.76,roster,0,72.0,57.5,0.7273,44.85,4.2204,0.575,0.7732,3.1304,49.33,6.08,0.0,9.44,10.15
2020-10-18 03:00:00,3,24,24,0.0,5.0,18.0,0.0,1.0,1.0,3,3,7,0,7,0,32.15,418.0,266.0,466.0,8.717,3.0,7.76,roster,0,75.0,60.0,0.7576,48.39,3.0831,0.6,0.3866,3.125,51.48,6.08,0.0,10.83,11.65
2020-10-18 04:00:00,4,25,25,0.0,5.0,19.0,0.0,1.0,1.0,4,4,7,0,7,0,33.15,478.0,326.0,526.0,9.717,3.0,7.76,roster,0,78.0,62.5,0.7879,51.93,3.5582,0.625,0.5155,3.12,53.62,6.08,0.0,12.23,13.15
2020-10-18 05:00:00,5,28,28,0.0,5.0,21.0,1.0,1.0,1.0,5,5,8,0,8,0,34.15,507.0,386.0,586.0,10.717,3.0,7.76,roster,0,86.0,70.0,0.8958,60.63,4.129,0.7,0.6443,3.0714,60.06,6.95,0.0,13.62,14.65
2020-10-18 06:00:00,6,28,28,0.0,6.0,20.0,1.0,1.0,1.0,2,2,8,1,9,1,35.15,536.0,398.0,608.0,11.717,3.0,7.76,roster,0,87.0,70.0,0.9355,75.41,2.9758,0.7,0.2577,3.1071,60.06,7.81,13.4,14.14,15.2
2020-10-18 07:00:00,7,28,28,0.0,6.0,20.0,1.0,1.0,1.0,5,4,8,2,10,2,36.15,551.0,181.0,668.0,12.717,3.0,7.76,roster,0,87.0,70.0,0.9667,91.07,3.7766,0.7,0.5155,3.1071,60.06,8.68,26.8,15.53,16.7
2020-10-18 08:00:00,8,26,26,0.0,6.0,18.0,1.0,1.0,1.0,6,5,9,1,10,1,37.15,611.0,241.0,728.0,13.717,3.0,6.6,roster,0,81.0,65.0,0.9,74.78,4.3851,0.65,0.7576,3.1154,55.77,8.68,13.4,16.93,18.2
2020-10-18 09:00:00,9,22,22,0.0,5.0,14.0,2.0,1.0,1.0,7,6,4,0,4,0,38.15,647.0,578.0,826.0,13.767,3.0,6.6,roster,0,67.0,55.0,0.6204,49.87,4.4436,0.55,0.9091,3.0455,47.19,3.47,0.0,19.2,20.65
2020-10-18 10:00:00,10,24,24,1.0,6.0,15.0,2.0,0.0,1.0,9,9,5,0,5,0,39.15,638.0,198.0,776.0,14.767,4.0,9.94,roster,0,78.0,60.0,0.5571,53.86,4.8927,0.6,0.9054,3.25,51.48,4.34,0.0,18.04,19.4
2020-10-18 11:00:00,11,32,32,1.0,9.0,21.0,1.0,0.0,1.0,15,12,8,0,8,0,40.15,175.5,91.0,836.0,15.767,4.0,9.94,roster,0,106.0,80.0,0.8281,75.02,6.649,0.8,1.2072,3.3125,68.64,6.95,0.0,19.44,20.9
2020-10-18 12:00:00,12,34,34,1.0,8.0,23.0,1.0,1.0,1.0,11,10,6,0,6,0,41.15,230.5,96.0,758.0,14.933,4.0,9.94,roster,0,109.0,85.0,0.8015,75.76,5.9502,0.85,1.006,3.2059,72.93,5.21,0.0,17.62,18.95
2020-10-18 13:00:00,13,26,26,0.0,7.0,17.0,2.0,0.0,1.0,8,7,6,0,6,0,42.15,143.5,112.0,378.0,15.933,4.0,9.94,roster,0,83.0,65.0,0.6103,49.77,4.3231,0.65,0.7042,3.1923,55.77,5.21,0.0,8.79,9.45
2020-10-18 14:00:00,14,28,28,0.0,6.0,20.0,2.0,0.0,1.0,12,10,5,0,5,0,16.467,172.0,139.0,191.0,3.6,4.0,9.94,roster,0,88.0,70.0,0.6286,48.84,5.3618,0.7,1.006,3.1429,60.06,4.34,0.0,4.44,4.775
2020-10-18 15:00:00,15,21,21,0.0,5.0,16.0,0.0,0.0,1.0,6,5,5,0,5,0,17.467,232.0,81.0,251.0,4.6,4.0,9.94,roster,0,68.0,52.5,0.4857,35.22,3.3288,0.525,0.503,3.2381,45.04,4.34,0.0,5.84,6.275
2020-10-18 16:00:00,16,22,22,0.0,6.0,16.0,0.0,0.0,1.0,8,7,5,0,5,0,16.85,292.0,141.0,311.0,5.6,4.0,9.94,roster,0,72.0,55.0,0.5143,38.76,4.1047,0.55,0.7042,3.2727,47.19,4.34,0.0,7.23,7.775
2020-10-18 17:00:00,17,26,26,0.0,5.0,21.0,0.0,0.0,1.0,8,7,3,0,3,0,17.85,352.0,201.0,371.0,6.183,4.0,9.94,roster,0,83.0,65.0,0.5608,47.0,4.3231,0.65,0.7042,3.1923,55.77,2.6,0.0,8.63,9.275
2020-10-18 18:00:00,18,28,28,0.0,2.0,26.0,0.0,0.0,1.0,12,11,3,0,3,0,7.483,261.0,102.0,431.0,7.183,4.0,9.94,roster,0,86.0,70.0,0.5811,52.69,5.549,0.7,1.1066,3.0714,60.06,2.6,0.0,10.02,10.775
2020-10-18 19:00:00,19,26,26,0.0,3.0,22.0,1.0,0.0,1.0,8,8,5,0,5,0,8.183,162.0,109.0,321.0,8.183,4.0,9.94,roster,0,80.0,65.0,0.5714,47.57,4.4764,0.65,0.8048,3.0769,55.77,4.34,0.0,7.46,8.025
2020-10-18 20:00:00,20,28,28,0.0,3.0,25.0,0.0,0.0,1.0,12,11,6,0,6,0,9.183,183.5,93.0,381.0,9.183,4.0,10.14,roster,0,87.0,70.0,0.6397,54.13,5.5457,0.7,1.0848,3.1071,60.06,5.21,0.0,8.86,9.525
2020-10-18 21:00:00,21,28,28,0.0,3.0,25.0,0.0,0.0,1.0,10,8,3,1,4,1,10.183,179.0,153.0,611.0,10.183,4.0,10.14,roster,0,87.0,70.0,0.6042,71.14,4.6264,0.7,0.789,3.1071,60.06,3.47,13.4,14.21,15.275
2020-10-18 22:00:00,22,23,23,0.0,3.0,20.0,0.0,0.0,1.0,4,4,5,1,6,1,11.183,169.5,75.0,265.0,11.183,3.0,6.8,roster,0,72.0,57.5,0.7059,54.11,3.6414,0.575,0.5882,3.1304,49.33,5.21,13.4,6.16,6.625
2020-10-18 23:00:00,23,23,23,0.0,3.0,20.0,0.0,0.0,1.0,8,8,3,0,3,0,12.183,135.0,126.0,731.0,12.183,3.0,6.8,roster,0,72.0,57.5,0.6486,48.94,5.4829,0.575,1.1765,3.1304,49.33,2.6,0.0,17.0,18.275
2020-10-19 00:00:00,0,20,20,0.0,4.0,16.0,0.0,0.0,1.0,9,8,3,0,3,0,13.183,195.0,112.0,791.0,13.183,3.0,6.8,roster,0,64.0,50.0,0.5766,43.9,5.3647,0.5,1.1765,3.2,42.9,2.6,0.0,18.39,19.775
2020-10-19 01:00:00,1,21,21,0.0,4.0,17.0,0.0,0.0,1.0,4,3,5,0,5,0,14.183,172.0,108.0,255.0,14.183,3.0,6.8,roster,0,67.0,52.5,0.6381,35.32,3.0826,0.525,0.4412,3.1905,45.04,4.34,0.0,5.93,6.375
2020-10-19 02:00:00,2,20,20,0.0,5.0,14.0,1.0,0.0,1.0,5,4,6,0,6,0,15.183,200.0,163.0,315.0,15.183,3.0,6.8,roster,0,64.0,50.0,0.6275,35.43,3.4824,0.5,0.5882,3.2,42.9,5.21,0.0,7.32,7.875
2020-10-19 03:00:00,3,18,18,0.0,4.0,13.0,1.0,0.0,1.0,4,3,6,0,6,0,16.183,260.0,223.0,375.0,16.183,3.0,6.8,roster,0,57.0,45.0,0.5588,32.54,2.8221,0.45,0.4412,3.1667,38.61,5.21,0.0,8.72,9.375
2020-10-19 04:00:00,4,20,20,0.0,5.0,15.0,0.0,0.0,1.0,4,4,7,0,7,0,17.183,288.0,221.0,435.0,17.183,3.0,6.8,roster,0,65.0,50.0,0.6566,39.09,3.5368,0.5,0.5882,3.25,42.9,6.08,0.0,10.11,10.875
2020-10-19 05:00:00,5,21,21,0.0,5.0,15.0,1.0,0.0,1.0,3,3,8,0,8,0,18.183,345.5,281.0,495.0,18.183,3.0,6.8,roster,0,67.0,52.5,0.6979,43.5,3.0826,0.525,0.4412,3.1905,45.04,6.95,0.0,11.51,12.375
2020-10-19 06:00:00,6,23,23,0.0,5.0,17.0,1.0,0.0,1.0,3,3,8,0,8,0,19.183,405.5,341.0,555.0,19.183,3.0,6.8,roster,0,73.0,57.5,0.7604,49.19,3.2253,0.575,0.4412,3.1739,49.33,6.95,0.0,12.9,13.875
2020-10-19 07:00:00,7,23,23,0.0,6.0,16.0,1.0,0.0,1.0,4,3,8,0,8,0,20.183,465.5,401.0,615.0,20.183,3.0,6.8,roster,0,74.0,57.5,0.7708,50.58,3.2694,0.575,0.4412,3.2174,49.33,6.95,0.0,14.3,15.375
2020-10-19 08:00:00,8,21,21,0.0,4.0,15.0,2.0,0.0,1.0,5,3,8,0,8,0,21.183,525.5,461.0,675.0,21.183,3.0,6.68,roster,0,65.0,52.5,0.6771,47.69,3.0151,0.525,0.4491,3.0952,45.04,6.95,0.0,15.69,16.875
2020-10-19 09:00:00,9,20,20,0.0,3.0,17.0,0.0,0.0,1.0,5,5,5,0,5,0,22.183,521.0,375.0,588.0,22.183,3.0,6.68,roster,0,63.0,50.0,0.6,40.91,3.9328,0.5,0.7485,3.15,42.9,4.34,0.0,13.67,14.7
2020-10-19 10:00:00,10,27,27,0.0,3.0,24.0,0.0,0.0,1.0,11,11,5,0,5,0,23.183,581.0,435.0,648.0,23.183,4.0,9.93,roster,0,84.0,67.5,0.6,57.32,5.5463,0.675,1.1078,3.1111,57.92,4.34,0.0,15.07,16.2
2020-10-19 11:00:00,11,33,33,0.0,4.0,29.0,0.0,0.0,1.0,10,10,6,0,6,0,24.183,151.0,68.0,495.0,24.183,4.0,9.93,roster,0,103.0,82.5,0.7574,67.5,5.7182,0.825,1.007,3.1212,70.78,5.21,0.0,11.51,12.375
2020-10-19 12:00:00,12,34,34,0.0,4.0,29.0,1.0,0.0,1.0,10,10,9,0,9,0,25.183,128.0,114.0,283.0,25.183,4.0,9.93,roster,0,105.0,85.0,0.8468,67.32,5.735,0.85,1.007,3.0882,72.93,7.81,0.0,6.58,7.075
2020-10-19 13:00:00,13,30,30,0.0,4.0,26.0,0.0,0.0,1.0,4,3,10,0,10,0,26.183,186.5,170.0,343.0,26.183,4.0,9.93,roster,0,94.0,75.0,0.7833,61.01,3.2966,0.75,0.3021,3.1333,64.35,8.68,0.0,7.97,8.575
2020-10-19 14:00:00,14,31,31,0.0,6.0,25.0,0.0,0.0,1.0,8,9,10,0,10,0,27.183,239.5,119.0,259.0,27.183,4.0,9.93,roster,0,99.0,77.5,0.825,61.2,5.3695,0.775,0.9063,3.1935,66.5,8.68,0.0,6.02,6.475
2020-10-19 15:00:00,15,28,28,0.0,4.0,24.0,0.0,0.0,1.0,3,3,10,0,10,0,28.183,236.5,120.0,308.0,28.183,4.0,9.93,roster,0,88.0,70.0,0.7333,55.9,3.1495,0.7,0.3021,3.1429,60.06,8.68,0.0,7.16,7.7
2020-10-19 16:00:00,16,29,29,0.0,6.0,23.0,0.0,0.0,1.0,9,8,9,0,9,0,29.183,239.0,180.0,368.0,29.183,4.0,9.93,roster,0,93.0,72.5,0.75,58.58,4.9086,0.725,0.8056,3.2069,62.2,7.81,0.0,8.56,9.2
2020-10-19 17:00:00,17,24,24,0.0,7.0,17.0,0.0,0.0,1.0,3,3,10,0,10,0,30.183,257.0,190.0,428.0,30.183,4.0,9.93,roster,0,79.0,60.0,0.6583,50.11,2.9695,0.6,0.3021,3.2917,51.48,8.68,0.0,9.95,10.7
2020-10-19 18:00:00,18,27,27,0.0,7.0,19.0,1.0,0.0,1.0,6,6,9,1,10,1,31.183,287.5,162.0,474.0,31.183,4.0,9.93,roster,0,87.0,67.5,0.725,71.02,4.122,0.675,0.6042,3.2222,57.92,8.68,13.4,11.02,11.85
2020-10-19 19:00:00,19,23,23,0.0,7.0,16.0,0.0,0.0,1.0,2,2,8,2,10,2,32.183,335.0,137.0,534.0,32.183,4.0,9.93,roster,0,76.0,57.5,0.6333,77.23,2.5655,0.575,0.2014,3.3043,49.33,8.68,26.8,12.42,13.35
2020-10-19 20:00:00,20,22,22,1.0,6.0,14.0,1.0,0.0,1.0,7,7,6,1,7,1,33.183,370.0,178.0,608.0,33.183,4.0,9.61,roster,0,73.0,55.0,0.553,60.8,4.242,0.55,0.7284,3.3182,47.19,6.08,13.4,14.14,15.2
2020-10-19 21:00:00,21,23,23,1.0,6.0,15.0,1.0,0.0,1.0,11,8,5,1,6,1,34.183,343.5,238.0,668.0,34.183,4.0,9.61,roster,0,76.0,57.5,0.5588,63.48,4.6508,0.575,0.8325,3.3043,49.33,5.21,13.4,15.53,16.7
2020-10-19 22:00:00,22,32,32,3.0,4.0,24.0,1.0,0.0,1.0,14,14,6,0,6,0,12.133,262.0,113.0,490.0,12.133,3.0,6.36,roster,0,105.0,80.0,1.0294,65.24,9.8479,0.8,2.2013,3.2812,68.64,5.21,0.0,11.39,12.25
2020-10-19 23:00:00,23,30,30,1.0,4.0,24.0,1.0,0.0,1.0,5,4,6,1,7,1,9.833,173.0,87.0,377.0,9.167,3.0,6.36,roster,0,95.0,75.0,0.9596,72.59,4.3666,0.75,0.6289,3.1667,64.35,6.08,13.4,8.77,9.425
2020-10-20 00:00:00,0,29,29,2.0,4.0,21.0,2.0,0.0,1.0,12,11,7,0,7,0,10.833,233.0,142.0,437.0,10.167,3.0,6.36,roster,0,93.0,72.5,0.9394,58.44,7.8715,0.725,1.7296,3.2069,62.2,6.08,0.0,10.16,10.925
2020-10-20 01:00:00,1,23,23,1.0,4.0,16.0,2.0,0.0,1.0,1,1,10,1,11,1,11.833,202.0,96.0,387.0,11.167,3.0,6.36,roster,0,73.0,57.5,0.8391,61.28,2.324,0.575,0.1572,3.1739,49.33,9.55,13.4,9.0,9.675
2020-10-20 02:00:00,2,24,24,1.0,4.0,16.0,3.0,0.0,1.0,5,4,11,0,11,0,12.833,262.0,146.0,447.0,12.167,3.0,6.36,roster,0,75.0,60.0,0.8621,51.42,3.8404,0.6,0.6289,3.125,51.48,9.55,0.0,10.39,11.175
2020-10-20 03:00:00,3,25,25,1.0,4.0,17.0,3.0,0.0,1.0,3,2,11,0,11,0,13.833,322.0,206.0,507.0,13.167,3.0,6.36,roster,0,78.0,62.5,0.8966,54.96,2.9311,0.625,0.3145,3.12,53.62,9.55,0.0,11.79,12.675
2020-10-20 04:00:00,4,21,21,1.0,5.0,13.0,2.0,0.0,1.0,2,2,11,0,11,0,14.833,382.0,266.0,567.0,14.167,3.0,6.36,roster,0,68.0,52.5,0.7816,47.78,2.7183,0.525,0.3145,3.2381,45.04,9.55,0.0,13.18,14.175
2020-10-20 05:00:00,5,20,20,1.0,5.0,12.0,2.0,0.0,1.0,0,0,13,0,13,0,15.833,411.0,304.0,533.0,15.167,3.0,6.36,roster,0,65.0,50.0,0.8025,46.58,1.625,0.5,0.0,3.25,42.9,11.29,0.0,12.39,13.325
2020-10-20 06:00:00,6,20,20,1.0,4.0,13.0,2.0,0.0,1.0,2,1,12,0,12,0,16.833,486.5,386.0,687.0,16.167,3.0,6.36,roster,0,64.0,50.0,0.7619,49.29,2.1031,0.5,0.1572,3.2,42.9,10.42,0.0,15.97,17.175
2020-10-20 07:00:00,7,22,22,1.0,4.0,15.0,2.0,0.0,1.0,2,2,12,0,12,0,17.833,546.5,446.0,747.0,17.167,3.0,6.36,roster,0,70.0,55.0,0.8333,54.98,2.7506,0.55,0.3145,3.1818,47.19,10.42,0.0,17.37,18.675
2020-10-20 08:00:00,8,21,21,1.0,5.0,12.0,3.0,0.0,1.0,4,4,12,0,12,0,18.833,606.5,506.0,807.0,18.167,3.0,7.73,roster,0,67.0,52.5,0.7976,54.23,3.326,0.525,0.5175,3.1905,45.04,10.42,0.0,18.76,20.175
2020-10-20 09:00:00,9,23,23,0.0,6.0,12.0,5.0,0.0,1.0,8,8,7,0,7,0,19.833,723.0,566.0,867.0,19.167,3.0,7.73,roster,0,70.0,57.5,0.7071,55.57,4.8998,0.575,1.0349,3.0435,49.33,6.08,0.0,20.16,21.675
2020-10-20 10:00:00,10,27,27,0.0,5.0,19.0,3.0,0.0,1.0,12,12,7,1,8,1,20.167,122.5,102.0,927.0,20.167,4.0,11.43,roster,0,83.0,67.5,0.6484,79.81,5.3024,0.675,1.0499,3.0741,57.92,6.95,13.4,21.55,23.175
2020-10-20 11:00:00,11,24,24,0.0,6.0,17.0,1.0,0.0,1.0,6,6,9,1,10,1,21.167,164.0,124.0,843.0,21.167,4.0,11.43,roster,0,77.0,60.0,0.6417,73.16,3.6092,0.6,0.5249,3.2083,51.48,8.68,13.4,19.6,21.075
2020-10-20 12:00:00,12,24,24,0.0,7.0,16.0,1.0,0.0,1.0,9,6,8,1,9,1,17.383,196.0,156.0,226.0,15.05,4.0,11.43,roster,0,78.0,60.0,0.629,57.95,3.656,0.6,0.5249,3.25,51.48,7.81,13.4,5.25,5.65
2020-10-20 13:00:00,13,24,24,0.0,4.0,18.0,2.0,0.0,1.0,8,8,8,1,9,1,16.05,216.0,130.0,256.0,16.05,4.0,11.43,roster,0,74.0,60.0,0.5968,58.65,4.0081,0.6,0.6999,3.0833,51.48,7.81,13.4,5.95,6.4
2020-10-20 14:00:00,14,25,25,0.0,6.0,18.0,1.0,0.0,1.0,9,10,8,0,8,0,17.05,280.5,190.0,379.0,17.05,4.0,11.43,roster,0,80.0,62.5,0.625,49.38,4.7997,0.625,0.8749,3.2,53.62,6.95,0.0,8.81,9.475
2020-10-20 15:00:00,15,26,26,0.0,6.0,19.0,1.0,0.0,1.0,7,6,9,0,9,0,7.317,250.0,162.0,364.0,7.317,4.0,11.43,roster,0,83.0,65.0,0.6694,52.05,3.7508,0.65,0.5249,3.1923,55.77,7.81,0.0,8.46,9.1
2020-10-20 16:00:00,16,25,25,0.0,4.0,20.0,1.0,0.0,1.0,8,8,8,0,8,0,8.317,205.5,117.0,436.0,8.317,4.0,11.43,roster,0,78.0,62.5,0.6094,50.71,4.1337,0.625,0.6999,3.12,53.62,6.95,0.0,10.14,10.9
2020-10-20 17:00:00,17,22,22,1.0,4.0,16.0,1.0,0.0,1.0,5,5,7,0,7,0,9.317,182.0,173.0,496.0,9.317,4.0,11.43,roster,0,71.0,55.0,0.5379,44.8,3.1868,0.55,0.4374,3.2273,47.19,6.08,0.0,11.53,12.4
2020-10-20 18:00:00,18,20,20,1.0,4.0,14.0,1.0,0.0,1.0,8,6,7,1,8,1,10.317,239.5,233.0,556.0,10.317,4.0,11.43,roster,0,65.0,50.0,0.5078,56.17,3.331,0.5,0.5249,3.25,42.9,6.95,13.4,12.93,13.9
2020-10-20 19:00:00,19,19,19,0.0,5.0,14.0,0.0,0.0,1.0,7,5,6,0,6,0,10.267,299.5,293.0,604.0,10.267,4.0,11.43,roster,0,62.0,47.5,0.4559,40.01,2.9775,0.475,0.4374,3.2632,40.75,5.21,0.0,14.04,15.1
2020-10-20 20:00:00,20,27,27,1.0,6.0,20.0,0.0,0.0,1.0,11,10,7,0,7,0,11.267,357.0,124.0,664.0,11.267,4.0,11.74,roster,0,89.0,67.5,0.6742,59.43,5.0327,0.675,0.8518,3.2963,57.92,6.08,0.0,15.44,16.6
2020-10-20 21:00:00,21,24,24,2.0,4.0,18.0,0.0,0.0,1.0,7,7,6,0,6,0,12.067,415.0,184.0,422.0,12.067,4.0,11.74,roster,0,80.0,60.0,0.5882,46.5,3.9875,0.6,0.5963,3.3333,51.48,5.21,0.0,9.81,10.55
2020-10-20 22:00:00,22,28,28,1.0,4.0,22.0,1.0,0.0,1.0,13,13,7,0,7,0,7.95,119.0,93.0,473.0,7.95,3.0,8.04,roster,0,89.0,70.0,0.899,57.14,7.3645,0.7,1.6169,3.1786,60.06,6.08,0.0,11.0,11.825
2020-10-20 23:00:00,23,35,35,1.0,4.0,29.0,1.0,0.0,1.0,11,11,10,0,10,0,8.95,154.0,116.0,248.0,8.95,3.0,8.04,roster,0,110.0,87.5,1.2222,69.52,7.0499,0.875,1.3682,3.1429,75.08,8.68,0.0,5.77,6.2
2020-10-21 00:00:00,0,40,40,1.0,5.0,34.0,0.0,0.0,1.0,12,12,11,0,11,0,9.95,213.0,151.0,308.0,9.95,3.0,8.04,roster,0,127.0,100.0,1.4598,82.51,7.9138,1.0,1.4925,3.175,85.8,9.55,0.0,7.16,7.7
2020-10-21 01:00:00,1,42,42,2.0,5.0,35.0,0.0,0.0,1.0,4,4,12,0,12,0,10.95,257.5,211.0,368.0,10.95,3.0,8.04,roster,0,135.0,105.0,1.6071,89.07,4.9741,1.05,0.4975,3.2143,90.09,10.42,0.0,8.56,9.2
2020-10-21 02:00:00,2,43,43,2.0,7.0,34.0,0.0,0.0,1.0,5,4,13,1,14,1,11.95,299.0,190.0,359.0,11.95,3.0,8.04,roster,0,140.0,107.5,1.7949,106.14,5.1198,1.075,0.4975,3.2558,92.24,12.16,13.4,8.35,8.975
2020-10-21 03:00:00,3,38,38,1.0,6.0,30.0,0.0,1.0,1.0,5,5,13,0,13,0,12.95,362.0,311.0,419.0,12.95,3.0,8.04,roster,0,120.0,95.0,1.4815,82.54,4.9639,0.95,0.6219,3.1579,81.51,11.29,0.0,9.74,10.475
2020-10-21 04:00:00,4,34,34,1.0,5.0,28.0,0.0,0.0,1.0,4,4,13,0,13,0,13.95,422.0,371.0,479.0,13.95,3.0,8.04,roster,0,109.0,85.0,1.3457,75.35,4.32,0.85,0.4975,3.2059,72.93,11.29,0.0,11.14,11.975
2020-10-21 05:00:00,5,32,32,1.0,5.0,26.0,0.0,0.0,1.0,1,1,14,0,14,0,14.95,479.0,370.0,539.0,14.95,3.0,8.04,roster,0,103.0,80.0,1.3205,73.33,2.9753,0.8,0.1244,3.2188,68.64,12.16,0.0,12.53,13.475
2020-10-21 06:00:00,6,30,30,1.0,6.0,23.0,0.0,0.0,1.0,2,2,15,0,15,0,15.95,536.0,383.0,599.0,15.95,3.0,8.04,roster,0,98.0,75.0,1.3067,71.3,3.2626,0.75,0.2488,3.2667,64.35,13.02,0.0,13.93,14.975
2020-10-21 07:00:00,7,31,31,1.0,6.0,24.0,0.0,0.0,1.0,2,2,15,0,15,0,16.95,596.0,443.0,659.0,16.95,3.0,8.04,roster,0,101.0,77.5,1.3467,74.84,3.3355,0.775,0.2488,3.2581,66.5,13.02,0.0,15.32,16.475
2020-10-21 08:00:00,8,35,35,0.0,6.0,28.0,1.0,0.0,1.0,6,6,15,0,15,0,17.95,656.0,503.0,719.0,17.95,3.0,7.73,roster,0,110.0,87.5,1.4667,84.82,5.1895,0.875,0.7762,3.1429,75.08,13.02,0.0,16.72,17.975
2020-10-21 09:00:00,9,39,39,0.0,7.0,30.0,2.0,0.0,1.0,7,7,17,0,17,0,18.95,671.0,356.0,755.0,18.95,3.0,7.73,roster,0,122.0,97.5,1.7681,95.97,5.8828,0.975,0.9056,3.1282,83.66,14.76,0.0,17.55,18.875
2020-10-21 10:00:00,10,39,39,0.0,6.0,31.0,2.0,0.0,1.0,5,4,18,1,19,1,19.95,670.0,176.0,815.0,19.95,4.0,11.43,roster,0,121.0,97.5,1.4405,112.5,4.1108,0.975,0.35,3.1026,83.66,16.5,13.4,18.95,20.375
2020-10-21 11:00:00,11,46,46,0.0,6.0,38.0,1.0,1.0,1.0,19,17,16,1,17,1,20.95,791.0,390.0,875.0,20.95,4.0,11.43,roster,0,141.0,115.0,1.5326,127.17,8.0839,1.15,1.4873,3.0652,98.67,14.76,13.4,20.34,21.875
2020-10-21 12:00:00,12,42,42,1.0,4.0,35.0,2.0,0.0,1.0,8,8,20,0,20,0,21.95,766.5,277.0,935.0,21.95,4.0,11.43,roster,0,130.0,105.0,1.625,109.19,5.4164,1.05,0.6999,3.0952,90.09,17.37,0.0,21.74,23.375
2020-10-21 13:00:00,13,38,38,1.0,5.0,29.0,3.0,0.0,1.0,4,4,18,1,19,1,22.95,773.0,173.0,993.0,22.95,4.0,11.43,roster,0,118.0,95.0,1.4048,114.5,4.0367,0.95,0.35,3.1053,81.51,16.5,13.4,23.09,24.825
2020-10-21 14:00:00,14,36,36,1.0,5.0,27.0,3.0,0.0,1.0,5,4,17,1,18,1,23.95,848.0,357.0,1053.0,23.95,4.0,11.43,roster,0,112.0,90.0,1.2727,110.73,3.8888,0.9,0.35,3.1111,77.22,15.63,13.4,24.48,26.325
2020-10-21 15:00:00,15,27,27,0.0,5.0,20.0,2.0,0.0,1.0,7,6,9,0,9,0,21.817,1031.0,457.0,1082.0,20.133,4.0,11.43,roster,0,84.0,67.5,0.6774,70.89,3.7331,0.675,0.5249,3.1111,57.92,7.81,0.0,25.16,27.05
2020-10-21 16:00:00,16,29,29,0.0,7.0,20.0,2.0,0.0,1.0,8,8,10,0,10,0,21.133,890.5,125.0,1142.0,21.133,4.0,11.43,roster,0,92.0,72.5,0.7667,77.44,4.5204,0.725,0.6999,3.1724,62.2,8.68,0.0,26.55,28.55
2020-10-21 17:00:00,17,36,36,1.0,10.0,21.0,4.0,0.0,1.0,11,11,14,1,15,1,20.55,133.0,87.0,1151.0,20.55,4.0,11.43,roster,0,116.0,90.0,1.16,110.41,6.001,0.9,0.9624,3.2222,77.22,13.02,13.4,26.76,28.775
2020-10-21 18:00:00,18,33,33,1.0,8.0,20.0,4.0,0.0,1.0,5,5,17,1,18,1,21.033,156.0,136.0,433.0,21.033,4.0,11.43,roster,0,105.0,82.5,1.1932,89.88,4.0169,0.825,0.4374,3.1818,70.78,15.63,13.4,10.07,10.825
2020-10-21 19:00:00,19,36,36,1.0,8.0,23.0,4.0,0.0,1.0,8,8,18,1,19,1,22.033,212.0,143.0,493.0,22.033,4.0,11.43,roster,0,114.0,90.0,1.3571,98.58,5.0664,0.9,0.6999,3.1667,77.22,16.5,13.4,11.46,12.325
2020-10-21 20:00:00,20,36,36,1.0,6.0,24.0,4.0,0.0,0.972,12,11,14,1,15,1,23.033,256.0,126.0,553.0,23.033,4.0,10.5,roster,0,109.0,90.0,1.09,96.5,5.897,0.9,1.0476,3.0278,77.22,13.02,13.4,12.86,13.825
2020-10-21 21:00:00,21,46,46,2.0,9.0,30.0,5.0,0.0,1.0,16,15,14,1,15,1,24.033,266.0,181.0,364.0,24.033,4.0,10.5,roster,0,146.0,115.0,1.46,113.56,8.1842,1.15,1.4286,3.1739,98.67,13.02,13.4,8.46,9.1
2020-10-21 22:00:00,22,42,42,2.0,10.0,27.0,3.0,0.0,1.0,9,9,14,2,16,2,25.033,247.5,201.0,392.0,25.033,3.0,6.8,roster,0,137.0,105.0,1.9028,119.9,7.7422,1.05,1.3235,3.2619,90.09,13.89,26.8,9.11,9.8
2020-10-21 23:00:00,23,36,36,1.0,8.0,25.0,2.0,0.0,1.0,4,4,16,1,17,1,26.033,306.0,172.0,442.0,26.033,3.0,6.8,roster,0,116.0,90.0,1.6812,95.66,4.7954,0.9,0.5882,3.2222,77.22,14.76,13.4,10.28,11.05
2020-10-22 00:00:00,0,32,32,1.0,7.0,22.0,2.0,0.0,1.0,9,7,16,0,16,0,27.033,367.5,232.0,512.0,27.033,3.0,6.8,roster,0,103.0,80.0,1.4306,74.44,5.8884,0.8,1.0294,3.2188,68.64,13.89,0.0,11.9,12.8
2020-10-22 01:00:00,1,34,34,1.0,8.0,23.0,2.0,0.0,1.0,8,5,18,0,18,0,28.033,423.5,236.0,562.0,28.033,3.0,6.8,roster,0,110.0,85.0,1.6667,81.63,5.1289,0.85,0.7353,3.2353,72.93,15.63,0.0,13.07,14.05
2020-10-22 02:00:00,2,33,33,1.0,8.0,21.0,3.0,0.0,1.0,4,2,19,0,19,0,29.033,481.0,292.0,622.0,29.033,3.0,6.8,roster,0,106.0,82.5,1.6825,81.74,3.5947,0.825,0.2941,3.2121,70.78,16.5,0.0,14.46,15.55
2020-10-22 03:00:00,3,31,31,1.0,6.0,22.0,2.0,0.0,1.0,2,2,19,0,19,0,30.033,541.0,352.0,682.0,30.033,3.0,6.8,roster,0,99.0,77.5,1.5714,78.85,3.4143,0.775,0.2941,3.1935,66.5,16.5,0.0,15.86,17.05
2020-10-22 04:00:00,4,31,31,1.0,6.0,22.0,2.0,0.0,1.0,1,1,19,0,19,0,31.033,601.0,412.0,742.0,31.033,3.0,6.8,roster,0,99.0,77.5,1.5714,80.24,2.9446,0.775,0.1471,3.1935,66.5,16.5,0.0,17.25,18.55
2020-10-22 05:00:00,5,34,34,1.0,7.0,24.0,2.0,0.0,1.0,5,4,20,0,20,0,32.033,610.0,472.0,802.0,32.033,3.0,6.8,roster,0,109.0,85.0,1.8167,88.94,4.6108,0.85,0.5882,3.2059,72.93,17.37,0.0,18.65,20.05
2020-10-22 06:00:00,6,34,34,1.0,7.0,24.0,2.0,0.0,1.0,0,1,21,0,21,0,33.033,619.0,520.0,856.0,33.033,3.0,6.8,roster,0,109.0,85.0,1.9123,91.07,3.1965,0.85,0.1471,3.2059,72.93,18.23,0.0,19.9,21.4
2020-10-22 07:00:00,7,34,34,1.0,7.0,23.0,3.0,0.0,1.0,2,2,21,0,21,0,34.033,679.0,580.0,916.0,34.033,3.0,6.8,roster,0,108.0,85.0,1.8947,92.46,3.6343,0.85,0.2941,3.1765,72.93,18.23,0.0,21.3,22.9
2020-10-22 08:00:00,8,39,39,1.0,8.0,28.0,2.0,0.0,1.0,10,9,19,0,19,0,35.033,712.0,506.0,926.0,35.033,3.0,6.59,roster,0,125.0,97.5,1.9841,101.68,7.5023,0.975,1.3657,3.2051,83.66,16.5,0.0,21.53,23.15
2020-10-22 09:00:00,9,33,33,1.0,7.0,22.0,3.0,0.0,1.0,2,1,17,0,17,0,36.033,772.0,545.0,986.0,36.033,3.0,6.59,roster,0,105.0,82.5,1.5217,88.47,3.1078,0.825,0.1517,3.1818,70.78,14.76,0.0,22.92,24.65
2020-10-22 10:00:00,10,33,33,1.0,8.0,22.0,2.0,0.0,1.0,7,6,15,0,15,0,37.033,776.0,598.0,1046.0,37.033,4.0,9.85,roster,0,107.0,82.5,1.07,88.13,4.6501,0.825,0.6091,3.2424,70.78,13.02,0.0,24.32,26.15
2020-10-22 11:00:00,11,34,34,1.0,9.0,22.0,2.0,0.0,1.0,6,5,18,0,18,0,37.183,675.5,191.0,1021.0,37.183,4.0,9.85,roster,0,111.0,85.0,1.2614,92.3,4.4322,0.85,0.5076,3.2647,72.93,15.63,0.0,23.74,25.525
2020-10-22 12:00:00,12,37,37,1.0,9.0,26.0,1.0,0.0,1.0,7,7,20,0,20,0,38.183,584.5,169.0,952.0,38.183,4.0,9.85,roster,0,121.0,92.5,1.5125,98.87,5.349,0.925,0.7107,3.2703,79.36,17.37,0.0,22.13,23.8
2020-10-22 13:00:00,13,33,33,1.0,7.0,25.0,0.0,0.0,1.0,5,5,20,0,20,0,39.183,272.5,170.0,806.0,39.183,4.0,9.85,roster,0,108.0,82.5,1.35,86.89,4.3613,0.825,0.5076,3.2727,70.78,17.37,0.0,18.74,20.15
2020-10-22 14:00:00,14,38,38,1.0,7.0,30.0,0.0,0.0,1.0,10,10,20,0,20,0,40.183,262.5,174.0,838.0,40.183,4.0,9.85,roster,0,123.0,95.0,1.5375,98.36,6.3611,0.95,1.0152,3.2368,81.51,17.37,0.0,19.48,20.95
2020-10-22 15:00:00,15,34,34,1.0,5.0,28.0,0.0,0.0,1.0,7,6,19,0,19,0,41.183,276.0,170.0,431.0,41.183,4.0,9.85,roster,0,109.0,85.0,1.2976,79.45,4.6778,0.85,0.6091,3.2059,72.93,16.5,0.0,10.02,10.775
2020-10-22 16:00:00,16,35,35,1.0,5.0,29.0,0.0,0.0,1.0,6,6,18,0,18,0,42.183,302.0,222.0,385.0,42.183,4.0,9.85,roster,0,112.0,87.5,1.2727,79.66,4.7492,0.875,0.6091,3.2,75.08,15.63,0.0,8.95,9.625
2020-10-22 17:00:00,17,39,39,1.0,8.0,30.0,0.0,0.0,1.0,9,9,18,0,18,0,43.183,347.5,269.0,445.0,43.183,4.0,9.85,roster,0,127.0,97.5,1.4432,89.63,6.1504,0.975,0.9137,3.2564,83.66,15.63,0.0,10.35,11.125
2020-10-22 18:00:00,18,37,37,1.0,7.0,29.0,0.0,0.0,1.0,5,4,20,1,21,1,44.183,350.0,225.0,456.0,44.183,4.0,9.85,roster,0,120.0,92.5,1.5789,101.6,4.3171,0.925,0.4061,3.2432,79.36,18.23,13.4,10.6,11.4
2020-10-22 19:00:00,19,40,40,1.0,9.0,30.0,0.0,0.0,1.0,10,10,15,1,16,1,45.183,395.5,225.0,594.0,45.183,4.0,9.85,roster,0,131.0,100.0,1.3646,106.9,6.5999,1.0,1.0152,3.275,85.8,13.89,13.4,13.81,14.85
2020-10-22 20:00:00,20,32,32,1.0,9.0,22.0,0.0,0.0,1.0,3,3,11,0,11,0,46.183,226.0,81.0,462.0,46.183,4.0,9.76,roster,0,107.0,80.0,0.9224,68.93,3.7028,0.8,0.3074,3.3438,68.64,9.55,0.0,10.74,11.55
2020-10-22 21:00:00,21,34,34,1.0,12.0,21.0,0.0,0.0,1.0,8,7,10,0,10,0,20.967,271.5,141.0,509.0,20.967,4.0,9.76,roster,0,116.0,85.0,0.9667,73.45,5.347,0.85,0.7172,3.4118,72.93,8.68,0.0,11.83,12.725
2020-10-22 22:00:00,22,34,34,1.0,9.0,24.0,0.0,0.0,1.0,11,9,10,0,10,0,21.967,331.5,198.0,569.0,21.967,3.0,6.5,roster,0,113.0,85.0,1.2556,74.84,7.4268,0.85,1.3846,3.3235,72.93,8.68,0.0,13.23,14.225
2020-10-22 23:00:00,23,30,30,1.0,7.0,22.0,0.0,0.0,1.0,5,4,13,0,13,0,22.967,261.0,157.0,465.0,22.967,3.0,6.5,roster,0,99.0,75.0,1.2222,66.45,4.5058,0.75,0.6154,3.3,64.35,11.29,0.0,10.81,11.625
2020-10-23 00:00:00,0,24,24,1.0,5.0,18.0,0.0,0.0,1.0,2,2,12,0,12,0,23.967,377.5,217.0,689.0,23.967,3.0,6.5,roster,0,79.0,60.0,0.9405,57.92,2.9878,0.6,0.3077,3.2917,51.48,10.42,0.0,16.02,17.225
2020-10-23 01:00:00,1,26,26,1.0,6.0,18.0,1.0,0.0,1.0,4,4,14,0,14,0,24.967,376.5,195.0,585.0,24.967,3.0,6.5,roster,0,85.0,65.0,1.0897,61.53,4.1368,0.65,0.6154,3.2692,55.77,12.16,0.0,13.6,14.625
2020-10-23 02:00:00,2,26,26,2.0,4.0,19.0,1.0,0.0,1.0,5,3,14,0,14,0,25.967,436.5,255.0,645.0,25.967,3.0,6.5,roster,0,85.0,65.0,1.0897,62.92,3.6339,0.65,0.4615,3.2692,55.77,12.16,0.0,15.0,16.125
2020-10-23 03:00:00,3,23,23,2.0,5.0,16.0,0.0,0.0,1.0,2,2,14,1,15,1,26.967,495.0,312.0,705.0,26.967,3.0,6.5,roster,0,78.0,57.5,1.04,72.15,2.9935,0.575,0.3077,3.3913,49.33,13.02,13.4,16.39,17.625
2020-10-23 04:00:00,4,23,23,2.0,5.0,16.0,0.0,0.0,1.0,0,0,14,2,16,2,27.967,506.0,372.0,765.0,27.967,3.0,6.5,roster,0,78.0,57.5,1.0833,87.81,1.95,0.575,0.0,3.3913,49.33,13.89,26.8,17.79,19.125
2020-10-23 05:00:00,5,23,23,1.0,4.0,18.0,0.0,0.0,1.0,3,3,14,1,15,1,28.967,615.0,432.0,825.0,28.967,3.0,6.5,roster,0,75.0,57.5,1.0,74.94,3.38,0.575,0.4615,3.2609,49.33,13.02,13.4,19.18,20.625
2020-10-23 06:00:00,6,22,22,1.0,3.0,18.0,0.0,0.0,1.0,1,2,14,0,14,0,29.967,676.5,495.0,885.0,29.967,3.0,6.5,roster,0,71.0,55.0,0.9103,59.92,2.768,0.55,0.3077,3.2273,47.19,12.16,0.0,20.58,22.125
2020-10-23 07:00:00,7,22,22,1.0,3.0,18.0,0.0,0.0,1.0,1,1,14,0,14,0,30.967,736.5,555.0,945.0,30.967,3.0,6.5,roster,0,71.0,55.0,0.9103,61.32,2.2715,0.55,0.1538,3.2273,47.19,12.16,0.0,21.97,23.625
2020-10-23 08:00:00,8,23,23,1.0,3.0,19.0,0.0,0.0,1.0,2,2,14,0,14,0,31.967,796.5,615.0,1005.0,31.967,3.0,6.65,roster,0,74.0,57.5,0.9487,64.86,2.8176,0.575,0.3008,3.2174,49.33,12.16,0.0,23.37,25.125
2020-10-23 09:00:00,9,22,22,1.0,3.0,17.0,1.0,0.0,1.0,3,3,13,0,13,0,32.967,855.0,675.0,1006.0,32.967,3.0,6.65,roster,0,70.0,55.0,0.8642,61.87,3.1854,0.55,0.4511,3.1818,47.19,11.29,0.0,23.39,25.15
2020-10-23 10:00:00,10,25,25,1.0,3.0,20.0,1.0,0.0,1.0,5,5,12,0,12,0,33.967,916.5,761.0,1289.0,33.967,4.0,10.35,roster,0,79.0,62.5,0.7054,74.01,3.5016,0.625,0.4831,3.16,53.62,10.42,0.0,29.97,32.225
2020-10-23 11:00:00,11,29,29,1.0,4.0,22.0,2.0,0.0,1.0,7,7,13,0,13,0,34.967,975.0,795.0,1126.0,34.967,4.0,10.35,roster,0,91.0,72.5,0.8426,79.67,4.3973,0.725,0.6763,3.1379,62.2,11.29,0.0,26.18,28.15
2020-10-23 12:00:00,12,34,34,1.0,5.0,26.0,1.0,1.0,1.0,7,8,16,1,17,1,35.967,881.0,141.0,1157.0,35.967,4.0,10.35,roster,0,106.0,85.0,1.1522,107.99,5.0598,0.85,0.7729,3.1176,72.93,14.76,13.4,26.9,28.925
2020-10-23 13:00:00,13,35,35,2.0,6.0,26.0,1.0,0.0,1.0,6,6,16,1,17,1,36.967,915.0,130.0,1098.0,36.967,4.0,10.35,roster,0,114.0,87.5,1.2391,108.76,4.7382,0.875,0.5797,3.2571,75.08,14.76,13.4,25.53,27.45
2020-10-23 14:00:00,14,35,35,2.0,8.0,24.0,1.0,0.0,1.0,5,5,16,4,20,4,37.967,232.0,152.0,1155.0,37.967,4.0,10.35,roster,0,116.0,87.5,1.45,152.89,4.5011,0.875,0.4831,3.3143,75.08,17.37,53.6,26.85,28.875
2020-10-23 15:00:00,15,38,38,2.0,8.0,26.0,1.0,1.0,1.0,10,8,14,3,17,3,38.967,263.0,170.0,1215.0,38.967,4.0,10.35,roster,0,123.0,95.0,1.337,144.72,5.5769,0.95,0.7729,3.2368,81.51,14.76,40.2,28.25,30.375
2020-10-23 16:00:00,16,26,26,2.0,5.0,19.0,0.0,0.0,1.0,1,1,12,2,14,2,39.967,340.5,210.0,1275.0,39.967,4.0,10.35,roster,0,87.0,65.0,0.8365,104.37,2.4983,0.65,0.0966,3.3462,55.77,12.16,26.8,29.64,31.875
2020-10-23 17:00:00,17,31,31,2.0,6.0,22.0,1.0,0.0,1.0,8,8,12,2,14,2,40.967,400.5,270.0,1335.0,40.967,4.0,10.35,roster,0,102.0,77.5,0.9808,116.49,5.0932,0.775,0.7729,3.2903,66.5,12.16,26.8,31.04,33.375
2020-10-23 18:00:00,18,28,28,1.0,6.0,20.0,1.0,0.0,1.0,6,6,11,1,12,1,41.967,369.5,220.0,1395.0,41.967,4.0,10.35,roster,0,91.0,70.0,0.8125,96.31,4.1591,0.7,0.5797,3.25,60.06,10.42,13.4,32.43,34.875
2020-10-23 19:00:00,19,27,27,1.0,6.0,18.0,2.0,0.0,1.0,7,7,9,1,10,1,42.967,381.0,176.0,561.0,42.967,4.0,10.35,roster,0,87.0,67.5,0.725,73.04,4.3543,0.675,0.6763,3.2222,57.92,8.68,13.4,13.04,14.025
2020-10-23 20:00:00,20,18,18,0.0,4.0,10.0,4.0,0.0,1.0,4,3,5,0,5,0,43.967,236.0,202.0,540.0,43.967,4.0,10.2,roster,0,54.0,45.0,0.3857,35.51,2.2324,0.45,0.2941,3.0,38.61,4.34,0.0,12.56,13.5
2020-10-23 21:00:00,21,20,20,0.0,3.0,12.0,5.0,0.0,1.0,9,8,6,0,6,0,44.967,279.0,160.0,600.0,44.967,4.0,10.2,roster,0,58.0,50.0,0.4265,42.06,3.7245,0.5,0.7843,2.9,42.9,5.21,0.0,13.95,15.0
2020-10-23 22:00:00,22,17,17,0.0,2.0,13.0,2.0,0.0,1.0,7,7,6,0,6,0,45.967,288.0,140.0,660.0,45.967,3.0,6.5,roster,0,51.0,42.5,0.5,37.02,4.5058,0.425,1.0769,3.0,36.46,5.21,0.0,15.34,16.5
2020-10-23 23:00:00,23,22,22,0.0,3.0,16.0,2.0,1.0,1.0,11,10,6,0,6,0,46.967,240.0,171.0,720.0,46.967,3.0,6.5,roster,0,65.0,55.0,0.6373,49.14,6.1705,0.55,1.5385,2.9545,47.19,5.21,0.0,16.74,18.0
2020-10-24 00:00:00,0,16,16,1.0,2.0,11.0,1.0,1.0,1.0,3,2,7,0,7,0,47.967,231.0,108.0,780.0,47.967,3.0,6.5,roster,0,49.0,40.0,0.4949,38.53,2.1673,0.4,0.3077,3.0625,34.32,6.08,0.0,18.14,19.5
2020-10-24 01:00:00,1,15,15,0.0,2.0,12.0,0.0,1.0,1.0,4,3,7,0,7,0,48.967,291.0,168.0,840.0,48.967,3.0,6.5,roster,0,45.0,37.5,0.4545,37.78,2.5096,0.375,0.4615,3.0,32.17,6.08,0.0,19.53,21.0
2020-10-24 02:00:00,2,16,16,0.0,2.0,13.0,0.0,1.0,1.0,4,4,7,0,7,0,49.967,351.0,228.0,900.0,49.967,3.0,6.5,roster,0,48.0,40.0,0.4848,41.32,3.0462,0.4,0.6154,3.0,34.32,6.08,0.0,20.92,22.5
2020-10-24 03:00:00,3,19,19,0.0,2.0,16.0,0.0,1.0,1.0,5,4,8,0,8,0,50.967,385.0,288.0,960.0,50.967,3.0,6.5,roster,0,57.0,47.5,0.5938,50.02,3.2712,0.475,0.6154,3.0,40.75,6.95,0.0,22.32,24.0
2020-10-24 04:00:00,4,21,21,0.0,2.0,18.0,0.0,1.0,1.0,3,3,11,0,11,0,51.967,348.0,117.0,500.0,51.967,3.0,6.5,roster,0,63.0,52.5,0.7241,46.22,2.9596,0.525,0.4615,3.0,45.04,9.55,0.0,11.62,12.5
2020-10-24 05:00:00,5,21,21,0.0,2.0,18.0,0.0,1.0,1.0,1,1,12,0,12,0,52.967,406.5,177.0,560.0,52.967,3.0,6.5,roster,0,63.0,52.5,0.75,48.48,2.0365,0.525,0.1538,3.0,45.04,10.42,0.0,13.02,14.0
2020-10-24 06:00:00,6,23,23,0.0,2.0,20.0,0.0,1.0,1.0,3,2,13,0,13,0,53.967,465.0,229.0,591.0,53.967,3.0,6.5,roster,0,69.0,57.5,0.8519,54.36,2.6481,0.575,0.3077,3.0,49.33,11.29,0.0,13.74,14.775
2020-10-24 07:00:00,7,22,22,0.0,2.0,19.0,0.0,1.0,1.0,0,0,14,0,14,0,54.967,440.0,280.0,651.0,54.967,3.0,6.5,roster,0,66.0,55.0,0.8462,54.48,1.65,0.55,0.0,3.0,47.19,12.16,0.0,15.14,16.275
2020-10-24 08:00:00,8,23,23,0.0,4.0,18.0,0.0,1.0,1.0,3,3,14,0,14,0,55.967,500.0,340.0,711.0,55.967,3.0,6.6,roster,0,71.0,57.5,0.9103,58.02,3.1782,0.575,0.4545,3.087,49.33,12.16,0.0,16.53,17.775
2020-10-24 09:00:00,9,18,18,0.0,2.0,15.0,0.0,1.0,1.0,3,3,9,0,9,0,56.967,475.0,268.0,771.0,56.967,3.0,6.6,roster,0,54.0,45.0,0.5806,44.35,2.7136,0.45,0.4545,3.0,38.61,7.81,0.0,17.93,19.275
2020-10-24 10:00:00,10,18,18,0.0,2.0,15.0,0.0,1.0,1.0,6,5,7,0,7,0,57.967,535.0,328.0,1380.0,57.967,4.0,10.3,roster,0,54.0,45.0,0.4091,56.77,2.8063,0.45,0.4854,3.0,38.61,6.08,0.0,32.08,34.5
2020-10-24 11:00:00,11,19,19,0.0,3.0,15.0,1.0,0.0,1.0,8,8,7,1,8,1,58.967,531.0,388.0,1440.0,58.967,4.0,10.3,roster,0,59.0,47.5,0.4609,74.58,3.8869,0.475,0.7767,3.1053,40.75,6.95,13.4,33.48,36.0
2020-10-24 12:00:00,12,28,28,0.0,6.0,22.0,0.0,0.0,1.0,14,14,9,2,11,2,59.967,155.0,82.0,951.0,59.967,4.0,10.3,roster,0,90.0,70.0,0.7759,98.52,6.6189,0.7,1.3592,3.2143,60.06,9.55,26.8,22.11,23.775
2020-10-24 13:00:00,13,31,31,0.0,6.0,25.0,0.0,0.0,1.0,9,9,10,2,12,2,60.967,171.5,125.0,1011.0,60.967,4.0,10.3,roster,0,99.0,77.5,0.8839,107.22,5.2655,0.775,0.8738,3.1935,66.5,10.42,26.8,23.51,25.275
2020-10-24 14:00:00,14,31,31,1.0,7.0,23.0,0.0,0.0,1.0,8,8,10,2,12,2,61.967,206.5,164.0,775.0,61.967,4.0,10.3,roster,0,102.0,77.5,0.9107,101.73,5.1056,0.775,0.7767,3.2903,66.5,10.42,26.8,18.02,19.375
2020-10-24 15:00:00,15,29,29,0.0,5.0,23.0,1.0,0.0,1.0,9,8,7,4,11,4,62.967,245.0,126.0,835.0,62.967,4.0,10.3,roster,0,91.0,72.5,0.7845,124.77,4.7122,0.725,0.7767,3.1379,62.2,9.55,53.6,19.41,20.875
2020-10-24 16:00:00,16,24,24,1.0,7.0,16.0,0.0,0.0,1.0,5,5,6,3,9,3,63.967,305.0,139.0,895.0,63.967,4.0,10.3,roster,0,81.0,60.0,0.6532,100.3,3.6633,0.6,0.4854,3.375,51.48,7.81,40.2,20.81,22.375
2020-10-24 17:00:00,17,26,26,1.0,9.0,16.0,0.0,0.0,1.0,9,9,6,2,8,2,64.967,354.5,199.0,1800.0,64.967,4.0,10.3,roster,0,89.0,65.0,0.6953,111.37,5.216,0.65,0.8738,3.4231,55.77,6.95,26.8,41.85,45.0
2020-10-24 18:00:00,18,22,22,1.0,6.0,15.0,0.0,0.0,1.0,5,4,7,1,8,1,65.967,232.0,125.0,1860.0,65.967,4.0,10.3,roster,0,74.0,55.0,0.5781,90.78,3.1563,0.55,0.3883,3.3636,47.19,6.95,13.4,43.24,46.5
2020-10-24 19:00:00,19,17,17,1.0,3.0,11.0,2.0,0.0,1.0,4,4,4,0,4,0,66.967,1052.5,185.0,4018.0,66.967,4.0,10.3,roster,0,54.0,42.5,0.375,113.36,2.5836,0.425,0.3883,3.1765,36.46,3.47,0.0,93.42,100.45
2020-10-24 20:00:00,20,20,20,1.0,3.0,14.0,2.0,0.0,1.0,9,7,3,0,3,0,67.967,1980.0,102.0,4078.0,67.967,4.0,10.06,roster,0,63.0,50.0,0.4257,120.32,3.7668,0.5,0.6958,3.15,42.9,2.6,0.0,94.81,101.95
2020-10-24 21:00:00,21,25,25,1.0,3.0,19.0,2.0,0.0,1.0,11,9,3,0,3,0,68.967,2040.0,78.0,4138.0,68.967,4.0,10.06,roster,0,78.0,62.5,0.527,132.44,4.7413,0.625,0.8946,3.12,53.62,2.6,0.0,96.21,103.45
2020-10-24 22:00:00,22,21,21,1.0,3.0,15.0,2.0,0.0,1.0,4,4,5,0,5,0,69.967,138.0,117.0,2100.0,69.967,3.0,6.36,roster,0,66.0,52.5,0.6286,78.21,3.6266,0.525,0.6289,3.1429,45.04,4.34,0.0,48.82,52.5
2020-10-24 23:00:00,23,21,21,1.0,5.0,13.0,2.0,0.0,1.0,9,7,6,0,6,0,70.967,187.5,159.0,2160.0,70.967,3.0,6.36,roster,0,68.0,52.5,0.6667,80.47,5.2639,0.525,1.1006,3.2381,45.04,5.21,0.0,50.22,54.0
2020-10-25 00:00:00,0,21,21,1.0,6.0,14.0,0.0,0.0,1.0,8,8,8,0,8,0,71.967,228.0,158.0,2220.0,71.967,3.0,6.36,roster,0,71.0,52.5,0.7396,83.61,6.0278,0.525,1.2579,3.381,45.04,6.95,0.0,51.62,55.5
2020-10-25 01:00:00,1,18,18,1.0,4.0,13.0,0.0,0.0,1.0,4,3,9,1,10,1,72.967,248.5,107.0,318.0,72.967,3.0,6.36,roster,0,60.0,45.0,0.6667,48.09,3.0723,0.45,0.4717,3.3333,38.61,8.68,13.4,7.39,7.95
2020-10-25 02:00:00,2,17,17,1.0,4.0,12.0,0.0,0.0,1.0,4,3,9,1,10,1,73.967,308.5,167.0,378.0,73.967,3.0,6.36,roster,0,57.0,42.5,0.6333,47.34,3.0066,0.425,0.4717,3.3529,36.46,8.68,13.4,8.79,9.45
2020-10-25 03:00:00,3,16,16,1.0,5.0,10.0,0.0,0.0,1.0,3,3,9,1,10,1,74.967,368.5,227.0,438.0,74.967,3.0,6.36,roster,0,55.0,40.0,0.6111,46.59,2.9965,0.4,0.4717,3.4375,34.32,8.68,13.4,10.18,10.95
2020-10-25 04:00:00,4,21,21,1.0,6.0,14.0,0.0,0.0,1.0,5,5,10,2,12,2,75.967,367.5,280.0,498.0,75.967,3.0,6.36,roster,0,71.0,52.5,0.8452,73.84,4.433,0.525,0.7862,3.381,45.04,10.42,26.8,11.58,12.45
2020-10-25 05:00:00,5,19,19,1.0,4.0,14.0,0.0,0.0,1.0,5,5,11,0,11,0,76.967,458.0,340.0,558.0,76.967,3.0,6.36,roster,0,63.0,47.5,0.7241,43.28,4.1818,0.475,0.7862,3.3158,40.75,9.55,0.0,12.97,13.95
2020-10-25 06:00:00,6,20,20,1.0,5.0,14.0,0.0,0.0,1.0,3,3,12,0,12,0,77.967,487.5,400.0,618.0,77.967,3.0,6.36,roster,0,67.0,50.0,0.7976,47.69,3.2552,0.5,0.4717,3.35,42.9,10.42,0.0,14.37,15.45
2020-10-25 07:00:00,7,22,22,3.0,5.0,14.0,0.0,0.0,1.0,4,4,13,0,13,0,78.967,517.0,288.0,657.0,78.967,3.0,6.36,roster,0,77.0,55.0,0.9506,53.75,4.1263,0.55,0.6289,3.5,47.19,11.29,0.0,15.28,16.425
2020-10-25 08:00:00,8,26,26,3.0,5.0,18.0,0.0,0.0,1.0,8,6,14,1,15,1,79.967,527.0,227.0,717.0,79.967,3.0,6.51,roster,0,89.0,65.0,1.1867,78.86,5.3799,0.65,0.9217,3.4231,55.77,13.02,13.4,16.67,17.925
2020-10-25 09:00:00,9,26,26,2.0,4.0,19.0,1.0,0.0,1.0,6,6,13,1,14,1,80.967,497.5,177.0,759.0,80.967,3.0,6.51,roster,0,85.0,65.0,1.0897,78.97,5.1381,0.65,0.9217,3.2692,55.77,12.16,13.4,17.65,18.975
2020-10-25 10:00:00,10,25,25,1.0,2.0,21.0,1.0,0.0,1.0,5,5,11,0,11,0,81.967,372.0,153.0,819.0,81.967,4.0,9.85,roster,0,78.0,62.5,0.6724,62.22,3.5338,0.625,0.5076,3.12,53.62,9.55,0.0,19.04,20.475
2020-10-25 11:00:00,11,27,27,0.0,1.0,24.0,2.0,0.0,1.0,13,11,6,0,6,0,82.967,287.0,162.0,2880.0,82.967,4.0,9.85,roster,0,80.0,67.5,0.5882,110.08,5.3089,0.675,1.1168,2.963,57.92,5.21,0.0,66.96,72.0
2020-10-25 12:00:00,12,25,25,0.0,0.0,24.0,1.0,0.0,1.0,5,5,5,0,5,0,83.967,333.0,222.0,2940.0,83.967,4.0,9.85,roster,0,74.0,62.5,0.5286,106.32,3.3525,0.625,0.5076,2.96,53.62,4.34,0.0,68.36,73.5
2020-10-25 13:00:00,13,21,21,0.0,0.0,20.0,1.0,0.0,1.0,4,4,3,0,3,0,84.967,3000.0,282.0,5098.0,84.967,4.0,9.85,roster,0,62.0,52.5,0.4189,146.18,2.7489,0.525,0.4061,2.9524,45.04,2.6,0.0,118.53,127.45
2020-10-25 14:00:00,14,25,25,0.0,2.0,21.0,1.0,1.0,1.0,8,8,3,0,3,0,85.967,3060.0,103.0,5158.0,85.967,4.0,9.85,roster,0,74.0,62.5,0.5,156.15,4.2541,0.625,0.8122,2.96,53.62,2.6,0.0,119.92,128.95
2020-10-25 15:00:00,15,23,23,0.0,2.0,20.0,1.0,0.0,1.0,5,4,4,1,5,1,86.967,163.0,113.0,3120.0,86.967,4.0,9.85,roster,0,70.0,57.5,0.5,119.62,2.9859,0.575,0.4061,3.0435,49.33,4.34,13.4,72.54,78.0
2020-10-25 16:00:00,16,21,21,0.0,1.0,18.0,2.0,0.0,1.0,9,8,3,0,3,0,87.967,3180.0,136.0,5278.0,87.967,4.0,9.85,roster,0,62.0,52.5,0.4189,150.36,3.9479,0.525,0.8122,2.9524,45.04,2.6,0.0,122.71,131.95
2020-10-25 17:00:00,17,27,27,0.0,2.0,24.0,1.0,0.0,1.0,12,11,7,0,7,0,88.967,106.0,79.0,3240.0,88.967,4.0,9.85,roster,0,82.0,67.5,0.6212,119.32,5.4416,0.675,1.1168,3.037,57.92,6.08,0.0,75.33,81.0
2020-10-25 18:00:00,18,31,31,1.0,2.0,27.0,1.0,0.0,1.0,10,9,9,0,9,0,89.967,139.0,108.0,166.0,89.967,4.0,9.85,roster,0,96.0,77.5,0.7742,58.17,5.2295,0.775,0.9137,3.0968,66.5,7.81,0.0,3.86,4.15
2020-10-25 19:00:00,19,24,24,1.0,3.0,18.0,2.0,0.0,1.0,9,7,8,1,9,1,90.967,190.0,147.0,226.0,90.967,4.0,9.85,roster,0,75.0,60.0,0.6048,57.95,4.0958,0.6,0.7107,3.125,51.48,7.81,13.4,5.25,5.65
2020-10-25 20:00:00,20,20,20,0.0,4.0,16.0,0.0,0.0,1.0,7,7,6,0,6,0,91.967,268.0,207.0,3420.0,91.967,4.0,10.02,roster,0,64.0,50.0,0.4706,107.62,3.8355,0.5,0.6986,3.2,42.9,5.21,0.0,79.52,85.5
2020-10-25 21:00:00,21,29,29,0.0,6.0,23.0,0.0,0.0,1.0,17,14,7,1,8,1,92.967,288.5,136.0,3480.0,92.967,4.0,10.02,roster,0,93.0,72.5,0.7266,143.46,6.8057,0.725,1.3972,3.2069,62.2,6.95,13.4,80.91,87.0
2020-10-25 22:00:00,22,24,24,0.0,2.0,22.0,0.0,0.0,1.0,13,11,5,0,5,0,93.967,406.0,370.0,3540.0,93.967,3.0,6.68,roster,0,74.0,60.0,0.7048,118.13,6.9273,0.6,1.6467,3.0833,51.48,4.34,0.0,82.3,88.5
2020-10-25 23:00:00,23,23,23,0.0,3.0,20.0,0.0,0.0,1.0,12,10,4,0,4,0,94.967,2033.0,466.0,5698.0,94.967,3.0,6.68,roster,0,72.0,57.5,0.6667,165.29,6.4863,0.575,1.497,3.1304,49.33,3.47,0.0,132.48,142.45
2020-10-26 00:00:00,0,20,20,0.0,5.0,15.0,0.0,0.0,1.0,5,5,7,1,8,1,95.967,164.0,110.0,3660.0,95.967,3.0,6.68,roster,0,65.0,50.0,0.6771,128.34,4.0576,0.5,0.7485,3.25,42.9,6.95,13.4,85.1,91.5
2020-10-26 01:00:00,1,25,25,0.0,5.0,20.0,0.0,0.0,1.0,7,6,11,1,12,1,96.967,168.0,98.0,586.0,96.967,3.0,6.68,roster,0,80.0,62.5,0.9524,71.07,4.8743,0.625,0.8982,3.2,53.62,10.42,13.4,13.62,14.65
2020-10-26 02:00:00,2,25,25,0.0,6.0,18.0,1.0,0.0,1.0,2,2,11,1,12,1,97.967,228.0,158.0,646.0,97.967,3.0,6.68,roster,0,80.0,62.5,0.9524,72.46,2.9581,0.625,0.2994,3.2,53.62,10.42,13.4,15.02,16.15
2020-10-26 03:00:00,3,22,22,0.0,6.0,15.0,1.0,0.0,1.0,1,1,12,1,13,1,98.967,286.0,213.0,390.0,98.967,3.0,6.68,roster,0,71.0,55.0,0.8765,60.95,2.2581,0.55,0.1497,3.2273,47.19,11.29,13.4,9.07,9.75
2020-10-26 04:00:00,4,24,24,0.0,6.0,17.0,1.0,0.0,1.0,4,4,12,1,13,1,99.967,346.0,273.0,450.0,99.967,3.0,6.68,roster,0,77.0,60.0,0.9506,66.63,3.8462,0.6,0.5988,3.2083,51.48,11.29,13.4,10.46,11.25
2020-10-26 05:00:00,5,22,22,0.0,6.0,15.0,1.0,0.0,1.0,3,3,13,0,13,0,100.967,383.0,324.0,510.0,100.967,3.0,6.68,roster,0,71.0,55.0,0.8765,50.34,3.2244,0.55,0.4491,3.2273,47.19,11.29,0.0,11.86,12.75
2020-10-26 06:00:00,6,24,24,0.0,6.0,17.0,1.0,0.0,1.0,4,4,13,1,14,1,101.967,420.5,363.0,570.0,101.967,3.0,6.68,roster,0,77.0,60.0,0.9872,70.29,3.8462,0.6,0.5988,3.2083,51.48,12.16,13.4,13.25,14.25
2020-10-26 07:00:00,7,21,21,0.0,6.0,14.0,1.0,0.0,1.0,1,1,13,1,14,1,102.967,480.5,423.0,630.0,102.967,3.0,6.68,roster,0,68.0,52.5,0.8718,65.25,2.1847,0.525,0.1497,3.2381,45.04,12.16,13.4,14.65,15.75
2020-10-26 08:00:00,8,20,20,0.0,5.0,14.0,1.0,0.0,1.0,2,2,13,1,14,1,103.967,540.5,483.0,690.0,103.967,3.0,6.95,roster,0,64.0,50.0,0.8205,64.5,2.5209,0.5,0.2878,3.2,42.9,12.16,13.4,16.04,17.25
2020-10-26 09:00:00,9,26,26,2.0,3.0,19.0,2.0,0.0,1.0,12,12,7,1,8,1,104.967,609.5,564.0,4200.0,104.967,3.0,6.95,roster,0,83.0,65.0,0.8646,153.77,7.5869,0.65,1.7266,3.1923,55.77,6.95,13.4,97.65,105.0
2020-10-26 10:00:00,10,30,30,2.0,4.0,23.0,1.0,0.0,1.0,11,10,10,1,11,1,105.967,404.0,84.0,706.0,105.967,4.0,11.67,roster,0,97.0,75.0,0.8362,83.72,5.1956,0.75,0.8569,3.2333,64.35,9.55,13.4,16.41,17.65
2020-10-26 11:00:00,11,33,33,2.0,4.0,25.0,2.0,0.0,1.0,9,8,11,2,13,2,106.967,178.0,127.0,693.0,106.967,4.0,11.67,roster,0,105.0,82.5,0.9722,104.99,4.8062,0.825,0.6855,3.1818,70.78,11.29,26.8,16.11,17.325
2020-10-26 12:00:00,12,37,37,2.0,4.0,29.0,2.0,0.0,1.0,8,7,13,2,15,2,107.967,190.0,116.0,524.0,107.967,4.0,11.67,roster,0,117.0,92.5,1.17,111.37,4.8218,0.925,0.5998,3.1622,79.36,13.02,26.8,12.18,13.1
2020-10-26 13:00:00,13,36,36,3.0,4.0,27.0,2.0,0.0,1.0,5,4,13,3,16,3,108.967,207.0,153.0,488.0,108.967,4.0,11.67,roster,0,116.0,90.0,1.2083,122.66,4.0044,0.9,0.3428,3.2222,77.22,13.89,40.2,11.35,12.2
2020-10-26 14:00:00,14,38,38,3.0,3.0,30.0,2.0,0.0,1.0,8,8,11,2,13,2,109.967,307.0,228.0,548.0,109.967,4.0,11.67,roster,0,121.0,95.0,1.1204,112.34,5.2078,0.95,0.6855,3.1842,81.51,11.29,26.8,12.74,13.7
2020-10-26 15:00:00,15,34,34,4.0,2.0,25.0,3.0,0.0,1.0,9,9,8,1,9,1,110.967,370.0,216.0,933.0,110.967,4.0,11.67,roster,0,109.0,85.0,0.879,95.84,5.1974,0.85,0.7712,3.2059,72.93,7.81,13.4,21.69,23.325
2020-10-26 16:00:00,16,30,30,3.0,3.0,20.0,4.0,0.0,1.0,6,6,7,1,8,1,111.967,189.0,116.0,4620.0,111.967,4.0,11.67,roster,0,95.0,75.0,0.7422,172.11,4.0031,0.75,0.5141,3.1667,64.35,6.95,13.4,107.42,115.5
2020-10-26 17:00:00,17,28,28,3.0,4.0,19.0,2.0,0.0,1.0,6,5,9,3,12,3,112.967,174.5,107.0,487.0,112.967,4.0,11.67,roster,0,92.0,70.0,0.8214,102.0,3.7078,0.7,0.4284,3.2857,60.06,10.42,40.2,11.32,12.175
2020-10-26 18:00:00,18,27,27,3.0,4.0,17.0,2.0,1.0,1.0,7,5,13,2,15,2,113.967,161.0,83.0,236.0,113.967,4.0,11.67,roster,0,87.0,67.5,0.87,83.23,3.5556,0.675,0.4284,3.2222,57.92,13.02,26.8,5.49,5.9
2020-10-26 19:00:00,19,23,23,2.0,5.0,15.0,0.0,1.0,1.0,7,4,10,1,11,1,114.967,227.0,136.0,296.0,114.967,4.0,11.67,roster,0,76.0,57.5,0.6552,59.17,3.0326,0.575,0.3428,3.3043,49.33,9.55,13.4,6.88,7.4
2020-10-26 20:00:00,20,21,21,1.0,6.0,14.0,0.0,0.0,1.0,4,5,7,1,8,1,115.967,295.0,213.0,4860.0,115.967,4.0,11.1,roster,0,71.0,52.5,0.5547,158.39,3.298,0.525,0.4505,3.381,45.04,6.95,13.4,113.0,121.5
2020-10-26 21:00:00,21,23,23,1.0,5.0,16.0,1.0,0.0,1.0,9,6,7,0,7,0,116.967,273.0,251.0,4920.0,116.967,4.0,11.1,roster,0,75.0,57.5,0.5682,149.8,3.6376,0.575,0.5405,3.2609,49.33,6.08,0.0,114.39,123.0
2020-10-26 22:00:00,22,29,29,0.0,6.0,19.0,3.0,1.0,1.0,12,12,7,0,7,0,117.967,323.0,108.0,4980.0,117.967,3.0,6.38,roster,0,88.0,72.5,0.8889,164.07,7.9075,0.725,1.8809,3.0345,62.2,6.08,0.0,115.79,124.5
2020-10-26 23:00:00,23,26,26,0.0,5.0,19.0,2.0,0.0,1.0,7,7,8,0,8,0,118.967,295.0,168.0,5040.0,118.967,3.0,6.38,roster,0,81.0,65.0,0.8438,159.9,5.4431,0.65,1.0972,3.1154,55.77,6.95,0.0,117.18,126.0
2020-10-27 00:00:00,0,24,24,0.0,5.0,19.0,0.0,0.0,1.0,6,5,11,0,11,0,119.967,228.0,115.0,453.0,119.967,3.0,6.38,roster,0,77.0,60.0,0.8851,51.56,4.4394,0.6,0.7837,3.2083,51.48,9.55,0.0,10.53,11.325
2020-10-27 01:00:00,1,28,28,0.0,5.0,23.0,0.0,0.0,1.0,8,8,11,0,11,0,120.967,288.0,175.0,513.0,120.967,3.0,6.38,roster,0,89.0,70.0,1.023,61.54,6.2107,0.7,1.2539,3.1786,60.06,9.55,0.0,11.93,12.825
2020-10-27 02:00:00,2,28,28,0.0,4.0,24.0,0.0,0.0,1.0,3,3,12,1,13,1,121.967,315.0,232.0,563.0,121.967,3.0,6.38,roster,0,88.0,70.0,1.0864,77.84,3.6778,0.7,0.4702,3.1429,60.06,11.29,13.4,13.09,14.075
2020-10-27 03:00:00,3,27,27,0.0,4.0,23.0,0.0,0.0,1.0,2,2,12,1,13,1,122.967,375.0,292.0,623.0,122.967,3.0,6.38,roster,0,85.0,67.5,1.0494,77.09,3.1119,0.675,0.3135,3.1481,57.92,11.29,13.4,14.48,15.575
2020-10-27 04:00:00,4,25,25,0.0,4.0,21.0,0.0,0.0,1.0,1,1,12,1,13,1,123.967,435.0,352.0,683.0,123.967,3.0,6.38,roster,0,79.0,62.5,0.9753,74.19,2.4703,0.625,0.1567,3.16,53.62,11.29,13.4,15.88,17.075
2020-10-27 05:00:00,5,24,24,0.0,4.0,20.0,0.0,0.0,1.0,1,1,12,1,13,1,124.967,495.0,412.0,743.0,124.967,3.0,6.38,roster,0,76.0,60.0,0.9383,73.44,2.3963,0.6,0.1567,3.1667,51.48,11.29,13.4,17.27,18.575
2020-10-27 06:00:00,6,21,21,0.0,4.0,17.0,0.0,0.0,1.0,0,0,12,1,13,1,125.967,555.0,472.0,803.0,125.967,3.0,6.38,roster,0,67.0,52.5,0.8272,68.4,1.675,0.525,0.0,3.1905,45.04,11.29,13.4,18.67,20.075
2020-10-27 07:00:00,7,20,20,0.0,4.0,15.0,0.0,1.0,1.0,4,3,12,1,13,1,126.967,615.0,532.0,863.0,126.967,3.0,6.38,roster,0,62.0,50.0,0.7654,67.65,3.0077,0.5,0.4702,3.1,42.9,11.29,13.4,20.06,21.575
2020-10-27 08:00:00,8,25,25,1.0,7.0,16.0,0.0,1.0,1.0,6,6,13,1,14,1,127.967,664.5,559.0,923.0,127.967,3.0,7.73,roster,0,82.0,62.5,1.0513,80.64,4.5959,0.625,0.7762,3.28,53.62,12.16,13.4,21.46,23.075
2020-10-27 09:00:00,9,25,25,1.0,8.0,14.0,1.0,1.0,1.0,9,7,9,2,11,2,128.967,498.0,119.0,807.0,128.967,3.0,7.73,roster,0,82.0,62.5,0.9425,88.74,5.0202,0.625,0.9056,3.28,53.62,9.55,26.8,18.76,20.175
2020-10-27 10:00:00,10,28,28,1.0,5.0,20.0,1.0,1.0,1.0,11,9,9,1,10,1,129.967,198.5,100.0,679.0,129.967,4.0,11.05,roster,0,88.0,70.0,0.7333,77.93,4.7598,0.7,0.8145,3.1429,60.06,8.68,13.4,15.79,16.975
2020-10-27 11:00:00,11,30,30,1.0,5.0,23.0,1.0,0.0,1.0,8,8,11,1,12,1,130.967,179.5,144.0,618.0,130.967,4.0,11.05,roster,0,96.0,75.0,0.8571,82.54,4.7167,0.75,0.724,3.2,64.35,10.42,13.4,14.37,15.45
2020-10-27 12:00:00,12,34,34,2.0,6.0,26.0,0.0,0.0,1.0,7,7,11,2,13,2,131.967,211.0,156.0,338.0,131.967,4.0,11.05,roster,0,112.0,85.0,1.037,98.88,4.8868,0.85,0.6335,3.2941,72.93,11.29,26.8,7.86,8.45
2020-10-27 13:00:00,13,32,32,2.0,6.0,23.0,1.0,0.0,1.0,4,4,15,2,17,2,132.967,228.0,149.0,359.0,132.967,4.0,11.05,roster,0,105.0,80.0,1.1413,98.55,3.8128,0.8,0.362,3.2812,68.64,14.76,26.8,8.35,8.975
2020-10-27 14:00:00,14,28,28,2.0,5.0,20.0,1.0,0.0,1.0,6,4,14,2,16,2,133.967,250.5,135.0,419.0,133.967,4.0,11.05,roster,0,92.0,70.0,0.9583,90.49,3.4894,0.7,0.362,3.2857,60.06,13.89,26.8,9.74,10.475
2020-10-27 15:00:00,15,29,29,0.0,6.0,21.0,2.0,0.0,1.0,8,5,13,2,15,2,134.967,285.0,135.0,479.0,134.967,4.0,11.05,roster,0,91.0,72.5,0.91,93.17,3.6949,0.725,0.4525,3.1379,62.2,13.02,26.8,11.14,11.975
2020-10-27 16:00:00,16,26,26,1.0,4.0,19.0,2.0,0.0,1.0,5,4,11,1,12,1,135.967,261.0,187.0,918.0,135.967,4.0,11.05,roster,0,82.0,65.0,0.7321,80.93,3.1917,0.65,0.362,3.1538,55.77,10.42,13.4,21.34,22.95
2020-10-27 17:00:00,17,31,31,1.0,4.0,24.0,2.0,0.0,1.0,11,9,11,2,13,2,136.967,301.0,173.0,599.0,136.967,4.0,11.05,roster,0,97.0,77.5,0.8981,98.51,4.9735,0.775,0.8145,3.129,66.5,11.29,26.8,13.93,14.975
2020-10-27 18:00:00,18,31,31,1.0,4.0,23.0,3.0,0.0,1.0,8,8,10,2,12,2,137.967,344.5,193.0,1038.0,137.967,4.0,11.05,roster,0,96.0,77.5,0.8571,107.85,4.642,0.775,0.724,3.0968,66.5,10.42,26.8,24.13,25.95
2020-10-27 19:00:00,19,29,29,1.0,3.0,22.0,3.0,0.0,1.0,6,6,8,2,10,2,138.967,377.5,191.0,719.0,138.967,4.0,11.05,roster,0,89.0,72.5,0.7417,94.4,3.8914,0.725,0.543,3.069,62.2,8.68,26.8,16.72,17.975
2020-10-27 20:00:00,20,30,30,0.0,3.0,26.0,1.0,0.0,1.0,14,11,8,0,8,0,139.967,437.5,251.0,6300.0,139.967,4.0,10.63,roster,0,92.0,75.0,0.7188,197.77,5.4734,0.75,1.0348,3.0667,64.35,6.95,0.0,146.48,157.5
2020-10-27 21:00:00,21,34,34,0.0,5.0,27.0,2.0,0.0,1.0,13,12,7,2,9,2,140.967,487.0,223.0,839.0,140.967,4.0,10.63,roster,0,105.0,85.0,0.8468,107.05,6.1112,0.85,1.1289,3.0882,72.93,7.81,26.8,19.51,20.975
2020-10-27 22:00:00,22,32,32,0.0,3.0,25.0,4.0,0.0,1.0,8,8,11,1,12,1,141.967,306.0,99.0,899.0,141.967,3.0,7.31,roster,0,95.0,80.0,1.131,93.36,5.624,0.8,1.0944,2.9688,68.64,10.42,13.4,20.9,22.475
2020-10-27 23:00:00,23,33,33,0.0,1.0,30.0,2.0,0.0,1.0,10,9,13,1,14,1,142.967,266.5,123.0,628.0,142.967,3.0,7.31,roster,0,98.0,82.5,1.2564,90.94,6.1063,0.825,1.2312,2.9697,70.78,12.16,13.4,14.6,15.7
2020-10-28 00:00:00,0,30,30,0.0,0.0,27.0,3.0,0.0,1.0,9,9,15,0,15,0,143.967,219.0,156.0,688.0,143.967,3.0,7.31,roster,0,87.0,75.0,1.16,73.37,5.7455,0.75,1.2312,2.9,64.35,13.02,0.0,16.0,17.2
2020-10-28 01:00:00,1,30,30,0.0,0.0,26.0,4.0,0.0,1.0,3,3,16,1,17,1,144.967,273.0,214.0,727.0,144.967,3.0,7.31,roster,0,86.0,75.0,1.2464,89.41,3.3265,0.75,0.4104,2.8667,64.35,14.76,13.4,16.9,18.175
2020-10-28 02:00:00,2,26,26,0.0,1.0,20.0,5.0,0.0,1.0,2,2,16,0,16,0,145.967,336.0,276.0,808.0,145.967,3.0,7.31,roster,0,74.0,65.0,1.0278,68.45,2.6287,0.65,0.2736,2.8462,55.77,13.89,0.0,18.79,20.2
2020-10-28 03:00:00,3,22,22,0.0,1.0,17.0,4.0,0.0,1.0,4,3,14,0,14,0,19.983,378.0,334.0,629.0,19.983,3.0,7.31,roster,0,63.0,55.0,0.8077,53.97,2.7502,0.55,0.4104,2.8636,47.19,12.16,0.0,14.62,15.725
2020-10-28 04:00:00,4,25,25,0.0,3.0,18.0,4.0,0.0,1.0,5,5,14,0,14,0,20.983,438.0,394.0,689.0,20.983,3.0,7.31,roster,0,74.0,62.5,0.9487,61.8,3.8746,0.625,0.684,2.96,53.62,12.16,0.0,16.02,17.225
2020-10-28 05:00:00,5,25,25,0.0,3.0,18.0,4.0,0.0,1.0,1,0,16,1,17,1,21.983,473.0,304.0,703.0,21.983,3.0,7.31,roster,0,74.0,62.5,1.0725,78.13,1.85,0.625,0.0,2.96,53.62,14.76,13.4,16.34,17.575
2020-10-28 06:00:00,6,24,24,0.0,4.0,16.0,4.0,0.0,1.0,2,1,15,1,16,1,22.983,538.0,431.0,809.0,22.983,3.0,7.31,roster,0,72.0,60.0,1.0,77.58,2.2104,0.6,0.1368,3.0,51.48,13.89,13.4,18.81,20.225
2020-10-28 07:00:00,7,25,25,0.0,5.0,16.0,4.0,0.0,1.0,3,2,16,1,17,1,23.983,593.0,424.0,823.0,23.983,3.0,7.31,roster,0,76.0,62.5,1.1014,80.92,2.7317,0.625,0.2736,3.04,53.62,14.76,13.4,19.13,20.575
2020-10-28 08:00:00,8,28,28,0.0,6.0,18.0,4.0,0.0,1.0,5,5,17,1,18,1,24.983,644.5,416.0,883.0,24.983,3.0,7.76,roster,0,86.0,70.0,1.303,89.62,4.129,0.7,0.6443,3.0714,60.06,15.63,13.4,20.53,22.075
2020-10-28 09:00:00,9,29,29,0.0,6.0,19.0,4.0,0.0,1.0,9,9,10,1,11,1,25.983,544.0,309.0,1207.0,25.983,3.0,7.76,roster,0,89.0,72.5,1.023,93.22,5.7844,0.725,1.1598,3.069,62.2,9.55,13.4,28.06,30.175
2020-10-28 10:00:00,10,31,31,0.0,5.0,20.0,6.0,0.0,1.0,5,5,12,1,13,1,21.467,369.0,91.0,604.0,21.467,4.0,11.08,roster,0,92.0,77.5,0.8519,85.23,3.6392,0.775,0.4513,2.9677,66.5,11.29,13.4,14.04,15.1
2020-10-28 11:00:00,11,31,31,1.0,7.0,19.0,3.0,1.0,1.0,9,9,12,1,13,1,22.467,168.0,135.0,664.0,22.467,4.0,11.08,roster,0,97.0,77.5,0.8981,86.62,4.9666,0.775,0.8123,3.129,66.5,11.29,13.4,15.44,16.6
2020-10-28 12:00:00,12,32,32,1.0,6.0,22.0,3.0,0.0,1.0,5,5,15,2,17,2,23.467,181.0,107.0,228.0,23.467,4.0,11.08,roster,0,101.0,80.0,1.0978,95.5,3.9493,0.8,0.4513,3.1562,68.64,14.76,26.8,5.3,5.7
2020-10-28 13:00:00,13,34,34,2.0,5.0,23.0,4.0,0.0,1.0,5,5,17,2,19,2,24.467,238.0,146.0,288.0,24.467,4.0,11.08,roster,0,107.0,85.0,1.2738,102.92,4.0952,0.85,0.4513,3.1471,72.93,16.5,26.8,6.7,7.2
2020-10-28 14:00:00,14,30,30,2.0,4.0,22.0,2.0,0.0,1.0,5,4,14,3,17,3,25.467,278.0,186.0,321.0,25.467,4.0,11.08,roster,0,96.0,75.0,1.0435,106.77,3.5552,0.75,0.361,3.2,64.35,14.76,40.2,7.46,8.025
2020-10-28 15:00:00,15,20,20,2.0,3.0,15.0,0.0,0.0,1.0,1,1,11,2,13,2,6.35,266.0,231.0,338.0,6.35,4.0,11.08,roster,0,67.0,50.0,0.6204,68.85,1.9773,0.5,0.0903,3.35,42.9,11.29,26.8,7.86,8.45
2020-10-28 16:00:00,16,19,19,2.0,4.0,12.0,1.0,0.0,1.0,6,5,7,2,9,2,7.35,326.0,302.0,347.0,7.35,4.0,11.08,roster,0,64.0,47.5,0.5161,63.44,3.12,0.475,0.4513,3.3684,40.75,7.81,26.8,8.07,8.675
2020-10-28 17:00:00,17,21,21,1.0,4.0,14.0,2.0,0.0,1.0,5,6,8,1,9,1,8.35,386.0,362.0,407.0,8.35,4.0,11.08,roster,0,67.0,52.5,0.5403,55.72,3.4027,0.525,0.5415,3.1905,45.04,7.81,13.4,9.46,10.175
2020-10-28 18:00:00,18,24,24,1.0,6.0,15.0,2.0,0.0,1.0,7,8,9,1,10,1,9.35,436.0,377.0,467.0,9.35,4.0,11.08,roster,0,78.0,60.0,0.65,64.42,4.2966,0.6,0.722,3.25,51.48,8.68,13.4,10.86,11.675
2020-10-28 19:00:00,19,24,24,0.0,6.0,17.0,1.0,0.0,1.0,7,5,10,0,10,0,10.35,322.5,116.0,506.0,10.35,4.0,11.08,roster,0,77.0,60.0,0.6417,51.93,3.3728,0.6,0.4513,3.2083,51.48,8.68,0.0,11.76,12.65
2020-10-28 20:00:00,20,19,19,0.0,2.0,17.0,0.0,0.0,1.0,7,6,6,0,6,0,9.433,336.5,149.0,542.0,9.433,4.0,11.38,roster,0,59.0,47.5,0.4338,38.57,3.1122,0.475,0.5272,3.1053,40.75,5.21,0.0,12.6,13.55
2020-10-28 21:00:00,21,17,17,0.0,1.0,16.0,0.0,0.0,1.0,7,6,5,1,6,1,9.283,155.5,86.0,236.0,9.283,4.0,11.38,roster,0,52.0,42.5,0.3824,40.56,2.9127,0.425,0.5272,3.0588,36.46,5.21,13.4,5.49,5.9
2020-10-28 22:00:00,22,21,21,0.0,1.0,20.0,0.0,0.0,1.0,7,7,4,1,5,1,8.767,162.0,146.0,269.0,4.933,3.0,8.06,roster,0,64.0,52.5,0.6095,49.04,4.2468,0.525,0.8685,3.0476,45.04,4.34,13.4,6.25,6.725
2020-10-28 23:00:00,23,24,24,1.0,1.0,22.0,0.0,0.0,1.0,9,9,5,0,5,0,9.767,206.0,155.0,329.0,5.933,3.0,8.06,roster,0,75.0,60.0,0.7143,43.47,5.3645,0.6,1.1166,3.125,51.48,4.34,0.0,7.65,8.225
2020-10-29 00:00:00,0,24,24,2.0,2.0,20.0,0.0,0.0,1.0,10,10,6,1,7,1,6.933,173.0,90.0,389.0,6.933,3.0,8.06,roster,0,78.0,60.0,0.7879,60.0,5.9823,0.6,1.2407,3.25,51.48,6.08,13.4,9.04,9.725
2020-10-29 01:00:00,1,22,22,2.0,4.0,16.0,0.0,0.0,1.0,4,4,8,2,10,2,7.933,158.0,107.0,326.0,7.933,3.0,8.06,roster,0,74.0,55.0,0.8222,70.25,3.5193,0.55,0.4963,3.3636,47.19,8.68,26.8,7.58,8.15
2020-10-29 02:00:00,2,23,23,1.0,4.0,18.0,0.0,0.0,1.0,5,5,9,1,10,1,8.933,209.0,163.0,386.0,8.933,3.0,8.06,roster,0,75.0,57.5,0.8333,60.39,3.8979,0.575,0.6203,3.2609,49.33,8.68,13.4,8.97,9.65
2020-10-29 03:00:00,3,22,22,1.0,3.0,18.0,0.0,0.0,1.0,3,2,10,1,11,1,9.933,252.0,205.0,446.0,9.933,3.0,8.06,roster,0,71.0,55.0,0.8161,60.51,2.5758,0.55,0.2481,3.2273,47.19,9.55,13.4,10.37,11.15
2020-10-29 04:00:00,4,22,22,1.0,2.0,19.0,0.0,0.0,1.0,5,4,10,1,11,1,10.933,312.0,265.0,506.0,10.933,3.0,8.06,roster,0,70.0,55.0,0.8046,61.91,3.3291,0.55,0.4963,3.1818,47.19,9.55,13.4,11.76,12.65
2020-10-29 05:00:00,5,24,24,2.0,4.0,18.0,0.0,0.0,1.0,5,4,12,1,13,1,11.933,347.0,259.0,473.0,11.933,3.0,8.06,roster,0,80.0,60.0,0.9877,67.17,3.6543,0.6,0.4963,3.3333,51.48,11.29,13.4,11.0,11.825
2020-10-29 06:00:00,6,27,27,2.0,7.0,18.0,0.0,0.0,1.0,5,5,13,1,14,1,12.933,405.0,294.0,533.0,12.933,3.0,8.06,roster,0,92.0,67.5,1.1795,75.86,4.4138,0.675,0.6203,3.4074,57.92,12.16,13.4,12.39,13.325
2020-10-29 07:00:00,7,25,25,2.0,5.0,18.0,0.0,0.0,1.0,2,2,13,1,14,1,13.933,465.0,354.0,593.0,13.933,3.0,8.06,roster,0,84.0,62.5,1.0769,72.97,2.9337,0.625,0.2481,3.36,53.62,12.16,13.4,13.79,14.825
2020-10-29 08:00:00,8,27,27,2.0,5.0,20.0,0.0,0.0,1.0,4,3,14,1,15,1,14.933,523.0,279.0,653.0,14.933,3.0,6.3,roster,0,90.0,67.5,1.2,79.52,3.8373,0.675,0.4762,3.3333,57.92,13.02,13.4,15.18,16.325
2020-10-29 09:00:00,9,30,30,3.0,6.0,21.0,0.0,0.0,1.0,10,9,12,1,13,1,15.933,499.0,248.0,587.0,15.933,3.0,6.3,roster,0,102.0,75.0,1.2593,82.69,7.4071,0.75,1.4286,3.4,64.35,11.29,13.4,13.65,14.675
2020-10-29 10:00:00,10,32,32,2.0,8.0,22.0,0.0,0.0,1.0,8,6,14,1,15,1,16.933,399.0,132.0,643.0,16.933,4.0,10.0,roster,0,108.0,80.0,1.08,90.01,4.725,0.8,0.6,3.375,68.64,13.02,13.4,14.95,16.075
2020-10-29 11:00:00,11,37,37,2.0,8.0,27.0,0.0,0.0,1.0,10,10,14,1,15,1,17.933,459.0,158.0,703.0,17.933,4.0,10.0,roster,0,123.0,92.5,1.23,102.13,6.3993,0.925,1.0,3.3243,79.36,13.02,13.4,16.34,17.575
2020-10-29 12:00:00,12,36,36,2.0,9.0,24.0,1.0,0.0,1.0,7,7,15,2,17,2,16.433,258.0,172.0,654.0,16.433,4.0,10.0,roster,0,120.0,90.0,1.3043,113.99,5.3333,0.9,0.7,3.3333,77.22,14.76,26.8,15.21,16.35
2020-10-29 13:00:00,13,32,32,3.0,10.0,19.0,0.0,0.0,1.0,6,5,14,2,16,2,16.15,260.0,164.0,488.0,13.717,4.0,10.0,roster,0,112.0,80.0,1.1667,100.68,4.55,0.8,0.5,3.5,68.64,13.89,26.8,11.35,12.2
2020-10-29 14:00:00,14,28,28,2.0,8.0,18.0,0.0,0.0,1.0,3,2,15,2,17,2,17.15,292.0,150.0,437.0,14.717,4.0,10.0,roster,0,96.0,70.0,1.0435,91.78,3.0857,0.7,0.2,3.4286,60.06,14.76,26.8,10.16,10.925
2020-10-29 15:00:00,15,33,33,2.0,10.0,21.0,0.0,0.0,1.0,10,8,14,1,15,1,18.15,352.0,164.0,497.0,15.717,4.0,10.0,roster,0,113.0,82.5,1.13,88.76,5.5644,0.825,0.8,3.4242,70.78,13.02,13.4,11.56,12.425
2020-10-29 16:00:00,16,29,29,1.0,7.0,21.0,0.0,0.0,1.0,7,6,12,1,13,1,16.717,412.0,224.0,557.0,16.717,4.0,10.0,roster,0,96.0,72.5,0.8889,79.84,4.3862,0.725,0.6,3.3103,62.2,11.29,13.4,12.95,13.925
2020-10-29 17:00:00,17,31,31,1.0,7.0,22.0,1.0,0.0,1.0,7,7,12,2,14,2,17.717,399.0,149.0,617.0,17.717,4.0,10.0,roster,0,101.0,77.5,0.9712,99.8,4.8056,0.775,0.7,3.2581,66.5,12.16,26.8,14.35,15.425
2020-10-29 18:00:00,18,32,32,1.0,6.0,22.0,3.0,0.0,1.0,7,7,12,2,14,2,18.717,365.0,197.0,677.0,18.717,4.0,10.0,roster,0,101.0,80.0,0.9712,103.34,4.7344,0.8,0.7,3.1562,68.64,12.16,26.8,15.74,16.925
2020-10-29 19:00:00,19,26,26,1.0,7.0,17.0,1.0,0.0,1.0,3,3,11,1,12,1,19.717,519.0,359.0,1074.0,19.717,4.0,10.0,roster,0,86.0,65.0,0.7679,84.56,3.1423,0.65,0.3,3.3077,55.77,10.42,13.4,24.97,26.85
2020-10-29 20:00:00,20,24,24,1.0,6.0,16.0,1.0,0.0,1.0,9,8,4,1,5,1,20.717,652.0,464.0,738.0,20.717,4.0,12.39,roster,0,79.0,60.0,0.5643,66.38,4.1004,0.6,0.6457,3.2917,51.48,4.34,13.4,17.16,18.45
2020-10-29 21:00:00,21,28,28,1.0,6.0,20.0,1.0,0.0,1.0,8,9,7,1,8,1,21.717,253.5,73.0,712.0,21.717,4.0,12.39,roster,0,91.0,70.0,0.7109,76.96,4.6358,0.7,0.7264,3.25,60.06,6.95,13.4,16.55,17.8
2020-10-29 22:00:00,22,27,27,0.0,6.0,19.0,2.0,0.0,1.0,6,6,6,0,6,0,22.717,381.0,124.0,772.0,22.717,3.0,8.69,roster,0,85.0,67.5,0.8333,61.07,4.2986,0.675,0.6904,3.1481,57.92,5.21,0.0,17.95,19.3
2020-10-29 23:00:00,23,30,30,1.0,4.0,24.0,1.0,0.0,1.0,10,9,5,0,5,0,23.717,238.0,184.0,832.0,23.717,3.0,8.69,roster,0,95.0,75.0,0.9048,68.04,5.6546,0.75,1.0357,3.1667,64.35,4.34,0.0,19.34,20.8
2020-10-30 00:00:00,0,27,27,1.0,3.0,22.0,1.0,0.0,1.0,8,8,7,0,7,0,24.717,244.0,92.0,892.0,24.717,3.0,8.69,roster,0,85.0,67.5,0.8586,64.73,5.0232,0.675,0.9206,3.1481,57.92,6.08,0.0,20.74,22.3
2020-10-30 01:00:00,1,26,26,0.0,3.0,21.0,2.0,0.0,1.0,5,5,7,0,7,0,25.717,304.0,152.0,952.0,25.717,3.0,8.69,roster,0,79.0,65.0,0.798,63.98,3.7233,0.65,0.5754,3.0385,55.77,6.08,0.0,22.13,23.8
2020-10-30 02:00:00,2,23,23,0.0,3.0,18.0,2.0,0.0,1.0,4,4,7,0,7,0,26.717,364.0,212.0,1012.0,26.717,3.0,8.69,roster,0,70.0,57.5,0.7071,58.94,3.1509,0.575,0.4603,3.0435,49.33,6.08,0.0,23.53,25.3
2020-10-30 03:00:00,3,19,19,0.0,3.0,14.0,2.0,0.0,1.0,1,1,7,0,7,0,27.717,424.0,272.0,1072.0,27.717,3.0,8.69,roster,0,58.0,47.5,0.5859,51.76,1.8013,0.475,0.1151,3.0526,40.75,6.08,0.0,24.92,26.8
2020-10-30 04:00:00,4,18,18,0.0,2.0,14.0,2.0,0.0,1.0,1,1,8,0,8,0,28.717,467.5,332.0,1132.0,28.717,3.0,8.69,roster,0,54.0,45.0,0.5625,51.88,1.6952,0.45,0.1151,3.0,38.61,6.95,0.0,26.32,28.3
2020-10-30 05:00:00,5,20,20,0.0,4.0,14.0,2.0,0.0,1.0,2,2,8,0,8,0,29.717,527.5,392.0,1192.0,29.717,3.0,8.69,roster,0,62.0,50.0,0.6458,57.56,2.2635,0.5,0.2301,3.1,42.9,6.95,0.0,27.71,29.8
2020-10-30 06:00:00,6,21,21,0.0,4.0,15.0,2.0,0.0,1.0,2,2,9,0,9,0,30.717,571.0,447.0,658.0,30.717,3.0,8.69,roster,0,65.0,52.5,0.6989,48.16,2.3374,0.525,0.2301,3.0952,45.04,7.81,0.0,15.3,16.45
2020-10-30 07:00:00,7,23,23,0.0,5.0,16.0,2.0,0.0,1.0,3,3,9,0,9,0,31.717,631.0,507.0,718.0,31.717,3.0,8.69,roster,0,72.0,57.5,0.7742,53.84,2.8807,0.575,0.3452,3.1304,49.33,7.81,0.0,16.69,17.95
2020-10-30 08:00:00,8,23,23,0.0,4.0,18.0,1.0,0.0,1.0,6,5,9,0,9,0,32.717,691.0,567.0,778.0,32.717,3.0,6.3,roster,0,72.0,57.5,0.7742,55.24,4.2845,0.575,0.7937,3.1304,49.33,7.81,0.0,18.09,19.45
2020-10-30 09:00:00,9,20,20,0.0,4.0,14.0,2.0,0.0,1.0,5,2,7,0,7,0,33.717,632.0,397.0,1432.0,33.717,3.0,6.3,roster,0,62.0,50.0,0.6263,62.27,2.5341,0.5,0.3175,3.1,42.9,6.08,0.0,33.29,35.8
2020-10-30 10:00:00,10,27,27,0.0,5.0,21.0,1.0,0.0,1.0,13,12,5,0,5,0,34.717,687.0,457.0,898.0,34.717,4.0,9.55,roster,0,85.0,67.5,0.6071,63.14,6.0808,0.675,1.2565,3.1481,57.92,4.34,0.0,20.88,22.45
2020-10-30 11:00:00,11,27,27,1.0,6.0,19.0,1.0,0.0,1.0,5,5,9,1,10,1,35.717,260.0,87.0,747.0,35.717,4.0,9.55,roster,0,88.0,67.5,0.7333,77.37,3.9064,0.675,0.5236,3.2593,57.92,8.68,13.4,17.37,18.675
2020-10-30 12:00:00,12,27,27,1.0,7.0,16.0,3.0,0.0,1.0,6,6,10,1,11,1,36.717,161.0,135.0,807.0,36.717,4.0,9.55,roster,0,87.0,67.5,0.75,79.63,4.1994,0.675,0.6283,3.2222,57.92,9.55,13.4,18.76,20.175
2020-10-30 13:00:00,13,31,31,2.0,9.0,18.0,2.0,0.0,1.0,7,7,13,1,14,1,37.717,207.0,125.0,637.0,37.717,4.0,9.55,roster,0,104.0,77.5,1.0,86.86,5.059,0.775,0.733,3.3548,66.5,12.16,13.4,14.81,15.925
2020-10-30 14:00:00,14,33,33,1.0,5.0,24.0,3.0,0.0,1.0,9,9,13,1,14,1,38.717,235.0,98.0,697.0,38.717,4.0,9.55,roster,0,103.0,82.5,0.9904,92.55,5.5165,0.825,0.9424,3.1212,70.78,12.16,13.4,16.21,17.425
2020-10-30 15:00:00,15,24,24,1.0,3.0,19.0,1.0,0.0,1.0,2,2,9,1,10,1,39.717,181.0,118.0,324.0,39.717,4.0,9.55,roster,0,76.0,60.0,0.6333,61.1,2.5632,0.6,0.2094,3.1667,51.48,8.68,13.4,7.53,8.1
2020-10-30 16:00:00,16,25,25,2.0,4.0,18.0,1.0,0.0,1.0,5,5,10,1,11,1,40.717,214.0,171.0,384.0,40.717,4.0,9.55,roster,0,82.0,62.5,0.7069,65.5,3.7673,0.625,0.5236,3.28,53.62,9.55,13.4,8.93,9.6
2020-10-30 17:00:00,17,26,26,3.0,4.0,18.0,1.0,0.0,1.0,6,6,10,0,10,0,14.617,234.5,164.0,328.0,14.617,4.0,9.55,roster,0,87.0,65.0,0.725,52.08,4.2773,0.65,0.6283,3.3462,55.77,8.68,0.0,7.63,8.2
2020-10-30 18:00:00,18,23,23,2.0,4.0,16.0,1.0,0.0,1.0,2,3,11,1,12,1,15.617,201.5,107.0,298.0,15.617,4.0,9.55,roster,0,76.0,57.5,0.6786,60.08,2.938,0.575,0.3141,3.3043,49.33,10.42,13.4,6.93,7.45
2020-10-30 19:00:00,19,17,17,1.0,3.0,12.0,1.0,0.0,1.0,4,3,5,0,5,0,16.617,208.0,138.0,284.0,16.617,4.0,9.55,roster,0,55.0,42.5,0.3929,27.41,2.3913,0.425,0.3141,3.2353,36.46,4.34,0.0,6.6,7.1
2020-10-30 20:00:00,20,13,13,1.0,3.0,8.0,1.0,0.0,1.0,2,2,4,0,4,0,11.933,189.0,180.0,268.0,4.467,4.0,10.05,roster,0,43.0,32.5,0.2986,17.59,1.7332,0.325,0.199,3.3077,27.88,3.47,0.0,6.23,6.7
2020-10-30 21:00:00,21,12,12,1.0,2.0,8.0,1.0,0.0,1.0,4,4,1,0,1,0,12.933,77.0,77.0,77.0,1.283,4.0,10.05,roster,0,39.0,30.0,0.25,8.4,2.2685,0.3,0.398,3.25,25.74,0.87,0.0,1.79,1.925
2020-10-30 22:00:00,22,7,7,1.0,1.0,4.0,0.0,1.0,1.0,1,2,2,0,2,0,5.5,122.0,107.0,137.0,2.283,3.0,6.8,roster,0,22.0,17.5,0.193,-0.06,1.4744,0.175,0.2941,3.1429,15.01,1.74,0.0,3.19,3.425
2020-10-30 23:00:00,23,13,13,2.0,4.0,6.0,0.0,1.0,1.0,9,9,1,0,1,0,6.5,197.0,197.0,197.0,3.283,3.0,6.8,roster,0,45.0,32.5,0.3846,13.33,5.7064,0.325,1.3235,3.4615,27.88,0.87,0.0,4.58,4.925
2020-10-31 00:00:00,0,18,18,2.0,4.0,8.0,3.0,1.0,1.0,6,6,3,1,4,1,7.5,89.0,75.0,257.0,4.283,3.0,6.8,roster,0,57.0,45.0,0.5278,41.46,4.2191,0.45,0.8824,3.1667,38.61,3.47,13.4,5.98,6.425
2020-10-31 01:00:00,1,16,16,2.0,3.0,10.0,0.0,1.0,1.0,4,4,3,1,4,1,8.5,149.0,135.0,317.0,5.283,3.0,6.8,roster,0,53.0,40.0,0.4907,38.56,3.2735,0.4,0.5882,3.3125,34.32,3.47,13.4,7.37,7.925
2020-10-31 02:00:00,2,14,14,2.0,3.0,7.0,1.0,1.0,1.0,2,2,4,1,5,1,9.5,195.0,186.0,223.0,6.283,3.0,6.8,roster,0,46.0,35.0,0.4381,32.96,2.1164,0.35,0.2941,3.2857,30.03,4.34,13.4,5.18,5.575
2020-10-31 03:00:00,3,13,13,3.0,3.0,5.0,1.0,1.0,1.0,2,2,4,1,5,1,10.5,255.0,246.0,283.0,7.283,3.0,6.8,roster,0,45.0,32.5,0.4286,32.21,2.1431,0.325,0.2941,3.4615,27.88,4.34,13.4,6.58,7.075
2020-10-31 04:00:00,4,15,15,3.0,2.0,8.0,1.0,1.0,1.0,3,3,5,1,6,1,11.5,310.5,200.0,343.0,8.283,3.0,6.8,roster,0,50.0,37.5,0.4902,38.76,2.7206,0.375,0.4412,3.3333,32.17,5.21,13.4,7.97,8.575
2020-10-31 05:00:00,5,17,17,4.0,2.0,9.0,1.0,1.0,1.0,3,3,5,1,6,1,12.5,370.5,260.0,403.0,9.283,3.0,6.8,roster,0,58.0,42.5,0.5686,44.44,2.9552,0.425,0.4412,3.4118,36.46,5.21,13.4,9.37,10.075
2020-10-31 06:00:00,6,19,19,3.0,2.0,12.0,1.0,1.0,1.0,4,4,6,1,7,1,13.5,320.0,97.0,435.0,10.283,3.0,6.8,roster,0,62.0,47.5,0.6263,50.35,3.4695,0.475,0.5882,3.2632,40.75,6.08,13.4,10.11,10.875
2020-10-31 07:00:00,7,16,16,2.0,2.0,11.0,0.0,1.0,1.0,2,2,7,0,7,0,14.5,380.0,148.0,495.0,11.283,3.0,6.8,roster,0,52.0,40.0,0.5253,31.91,2.2559,0.4,0.2941,3.25,34.32,6.08,0.0,11.51,12.375
2020-10-31 08:00:00,8,14,14,3.0,2.0,8.0,0.0,1.0,1.0,3,3,7,0,7,0,15.5,440.0,208.0,555.0,12.283,3.0,6.65,roster,0,48.0,35.0,0.4848,29.01,2.7467,0.35,0.4511,3.4286,30.03,6.08,0.0,12.9,13.875
2020-10-31 09:00:00,9,12,12,3.0,1.0,7.0,0.0,1.0,1.0,4,4,4,0,4,0,16.5,240.5,100.0,500.0,8.333,3.0,6.65,roster,0,41.0,30.0,0.3796,20.84,3.0801,0.3,0.6015,3.4167,25.74,3.47,0.0,11.62,12.5
2020-10-31 10:00:00,10,18,18,2.0,3.0,13.0,0.0,0.0,1.0,9,9,4,0,4,0,17.5,284.0,127.0,560.0,9.333,4.0,10.35,roster,0,61.0,45.0,0.4236,35.1,4.4719,0.45,0.8696,3.3889,38.61,3.47,0.0,13.02,14.0
2020-10-31 11:00:00,11,25,25,2.0,9.0,14.0,0.0,0.0,1.0,12,12,3,0,3,0,18.5,187.0,156.0,501.0,8.35,4.0,10.35,roster,0,88.0,62.5,0.5946,47.88,6.2812,0.625,1.1594,3.52,53.62,2.6,0.0,11.65,12.525
2020-10-31 12:00:00,12,28,28,3.0,14.0,11.0,0.0,0.0,1.0,12,9,6,0,6,0,19.5,158.5,97.0,247.0,9.35,4.0,10.35,roster,0,104.0,70.0,0.7647,51.01,5.8298,0.7,0.8696,3.7143,60.06,5.21,0.0,5.74,6.175
2020-10-31 13:00:00,13,32,32,3.0,12.0,17.0,0.0,0.0,1.0,9,9,7,0,7,0,20.5,157.0,118.0,307.0,10.35,4.0,10.35,roster,0,114.0,80.0,0.8636,61.86,5.9478,0.8,0.8696,3.5625,68.64,6.08,0.0,7.14,7.675
2020-10-31 14:00:00,14,27,27,2.0,9.0,16.0,0.0,0.0,1.0,4,4,10,0,10,0,13.883,153.5,113.0,336.0,11.35,4.0,10.35,roster,0,94.0,67.5,0.7833,54.41,3.6955,0.675,0.3865,3.4815,57.92,8.68,0.0,7.81,8.4
2020-10-31 15:00:00,15,28,28,1.0,9.0,18.0,0.0,0.0,1.0,5,5,9,0,9,0,14.883,189.0,162.0,396.0,12.35,4.0,10.35,roster,0,95.0,70.0,0.7661,57.08,4.0141,0.7,0.4831,3.3929,60.06,7.81,0.0,9.21,9.9
2020-10-31 16:00:00,16,28,28,1.0,9.0,17.0,1.0,0.0,1.0,7,7,7,0,7,0,15.883,237.0,127.0,456.0,13.35,4.0,10.35,roster,0,94.0,70.0,0.7121,56.74,4.6205,0.7,0.6763,3.3571,60.06,6.08,0.0,10.6,11.4
2020-10-31 17:00:00,17,34,34,1.0,11.0,22.0,0.0,0.0,1.0,10,10,8,0,8,0,16.883,269.5,187.0,516.0,14.35,4.0,10.35,roster,0,115.0,85.0,0.8984,71.87,6.143,0.85,0.9662,3.3824,72.93,6.95,0.0,12.0,12.9
2020-10-31 18:00:00,18,28,28,1.0,7.0,20.0,0.0,0.0,1.0,8,8,7,1,8,1,15.35,255.5,125.0,576.0,15.35,4.0,10.35,roster,0,93.0,70.0,0.7266,73.8,4.8923,0.7,0.7729,3.3214,60.06,6.95,13.4,13.39,14.4
2020-10-31 19:00:00,19,28,28,1.0,2.0,23.0,2.0,0.0,1.0,13,11,2,1,3,1,16.35,179.0,93.0,981.0,16.35,4.0,10.35,roster,0,86.0,70.0,0.5811,78.87,5.4143,0.7,1.0628,3.0714,60.06,2.6,13.4,22.81,24.525
2020-10-31 20:00:00,20,21,21,1.0,3.0,16.0,1.0,0.0,1.0,8,7,2,1,3,1,17.35,239.0,153.0,1041.0,17.35,4.0,11.46,roster,0,67.0,52.5,0.4527,65.25,3.6238,0.525,0.6108,3.1905,45.04,2.6,13.4,24.2,26.025
2020-10-31 21:00:00,21,22,22,2.0,7.0,13.0,0.0,0.0,1.0,10,9,2,1,3,1,18.35,299.0,92.0,1101.0,18.35,4.0,11.46,roster,0,77.0,55.0,0.5203,68.79,4.6737,0.55,0.7853,3.5,47.19,2.6,13.4,25.6,27.525
2020-10-31 22:00:00,22,16,16,0.0,4.0,11.0,0.0,1.0,1.0,7,5,3,0,3,0,4.3,97.0,70.0,152.0,2.533,3.0,7.76,roster,0,50.0,40.0,0.4505,20.46,3.2635,0.4,0.6443,3.125,34.32,2.6,0.0,3.53,3.8
2020-10-31 23:00:00,23,19,19,0.0,3.0,16.0,0.0,0.0,1.0,8,7,3,0,3,0,4.5,157.0,130.0,212.0,3.533,3.0,7.76,roster,0,60.0,47.5,0.5405,28.29,4.3486,0.475,0.9021,3.1579,40.75,2.6,0.0,4.93,5.3
