ts,hour,total,census,l1,l2,l3,l4,l5,tri_coverage,arrivals,arrival_present_1h,waitBed,waitICU,D_board,resus,maxLOS_h,awt_curr_min,board_q1_min,board_q3_min,board_max_h,Na,cap_sum,cap_source,src_gap,acuity,OCCUPANCY,EDWIN,NEDOCS,READI,READI_BR,READI_PR,READI_AR,NEDOCS_t_total,NEDOCS_t_board,NEDOCS_t_resus,NEDOCS_t_longest_admit,NEDOCS_E_h
2022-08-01 00:00:00,0,16,16,1.0,5.0,10.0,0.0,0.0,1.0,4,4,4,1,5,1,29.717,335.0,141.0,352.0,9.767,3.0,6.6,roster,0,55.0,40.0,0.5238,40.25,3.4583,0.4,0.6061,3.4375,34.32,4.34,13.4,8.18,8.8
2022-08-01 01:00:00,1,19,19,2.0,4.0,13.0,0.0,0.0,1.0,10,8,4,1,5,1,30.717,395.0,201.0,412.0,10.767,3.0,6.6,roster,0,65.0,47.5,0.619,48.08,5.7717,0.475,1.2121,3.4211,40.75,4.34,13.4,9.58,10.3
2022-08-01 02:00:00,2,17,17,1.0,4.0,12.0,0.0,0.0,1.0,6,5,3,1,4,1,31.717,366.5,261.0,706.0,11.767,3.0,6.6,roster,0,57.0,42.5,0.5278,49.75,3.9651,0.425,0.7576,3.3529,36.46,3.47,13.4,16.41,17.65
2022-08-01 03:00:00,3,12,12,1.0,4.0,7.0,0.0,0.0,1.0,1,1,3,1,4,1,32.717,426.5,321.0,766.0,12.767,3.0,6.6,roster,0,42.0,30.0,0.3889,40.42,1.5803,0.3,0.1515,3.5,25.74,3.47,13.4,17.81,19.15
2022-08-01 04:00:00,4,10,10,1.0,3.0,6.0,0.0,0.0,1.0,0,0,3,1,4,1,33.717,486.5,381.0,826.0,13.767,3.0,6.6,roster,0,35.0,25.0,0.3241,37.53,0.875,0.25,0.0,3.5,21.45,3.47,13.4,19.2,20.65
2022-08-01 05:00:00,5,10,10,1.0,3.0,6.0,0.0,0.0,1.0,2,1,3,1,4,1,34.717,546.5,441.0,886.0,14.767,3.0,6.6,roster,0,35.0,25.0,0.3241,38.92,1.4053,0.25,0.1515,3.5,21.45,3.47,13.4,20.6,22.15
2022-08-01 06:00:00,6,10,10,1.0,3.0,6.0,0.0,0.0,1.0,1,1,3,1,4,1,35.717,606.5,501.0,946.0,15.767,3.0,6.6,roster,0,35.0,25.0,0.3241,40.32,1.4053,0.25,0.1515,3.5,21.45,3.47,13.4,21.99,23.65
2022-08-01 07:00:00,7,9,9,1.0,4.0,4.0,0.0,0.0,1.0,3,2,3,1,4,1,36.717,575.0,378.0,1006.0,16.767,3.0,6.6,roster,0,33.0,22.5,0.3056,39.57,1.9361,0.225,0.303,3.6667,19.3,3.47,13.4,23.39,25.15
2022-08-01 08:00:00,8,17,17,1.0,4.0,12.0,0.0,0.0,1.0,11,9,2,1,3,1,37.717,832.0,438.0,1066.0,17.767,3.0,7.78,roster,0,57.0,42.5,0.5135,57.25,5.3037,0.425,1.1568,3.3529,36.46,2.6,13.4,24.78,26.65
2022-08-01 09:00:00,9,15,15,1.0,4.0,10.0,0.0,0.0,1.0,2,3,2,1,3,1,38.717,892.0,498.0,1126.0,18.767,3.0,7.78,roster,0,51.0,37.5,0.4595,54.36,2.5861,0.375,0.3856,3.4,32.17,2.6,13.4,26.18,28.15
2022-08-01 10:00:00,10,15,15,1.0,4.0,10.0,0.0,0.0,1.0,4,4,2,1,3,1,39.717,952.0,558.0,1186.0,19.767,4.0,11.03,roster,0,51.0,37.5,0.3446,55.75,2.508,0.375,0.3626,3.4,32.17,2.6,13.4,27.57,29.65
2022-08-01 11:00:00,11,24,24,1.0,3.0,18.0,0.0,2.0,1.0,17,13,4,1,5,1,40.717,103.0,88.0,618.0,20.767,4.0,11.03,roster,0,73.0,60.0,0.5214,63.59,5.4099,0.6,1.1786,3.0417,51.48,4.34,13.4,14.37,15.45
2022-08-01 12:00:00,12,25,25,1.0,1.0,23.0,0.0,0.0,1.0,10,9,6,1,7,1,11.3,133.0,91.0,163.0,11.3,4.0,11.03,roster,0,78.0,62.5,0.5909,56.89,4.4958,0.625,0.816,3.12,53.62,6.08,13.4,3.79,4.075
2022-08-01 13:00:00,13,25,25,1.0,2.0,20.0,1.0,1.0,1.0,8,8,6,1,7,1,12.3,193.0,151.0,223.0,12.3,4.0,11.03,roster,0,76.0,62.5,0.5758,58.29,4.1049,0.625,0.7253,3.04,53.62,6.08,13.4,5.18,5.575
2022-08-01 14:00:00,14,28,28,1.0,3.0,21.0,2.0,1.0,1.0,10,8,6,2,8,2,13.3,214.5,202.0,268.0,13.3,4.0,11.03,roster,0,85.0,70.0,0.6641,80.04,4.3268,0.7,0.7253,3.0357,60.06,6.95,26.8,6.23,6.7
2022-08-01 15:00:00,15,28,28,0.0,4.0,22.0,1.0,1.0,1.0,9,8,6,1,7,1,8.967,171.0,93.0,278.0,5.217,4.0,11.03,roster,0,85.0,70.0,0.6439,66.0,4.3268,0.7,0.7253,3.0357,60.06,6.08,13.4,6.46,6.95
2022-08-01 16:00:00,16,24,24,0.0,4.0,19.0,1.0,0.0,1.0,7,5,6,1,7,1,9.967,153.0,114.0,231.0,5.633,4.0,11.03,roster,0,75.0,60.0,0.5682,56.33,3.2916,0.6,0.4533,3.125,51.48,6.08,13.4,5.37,5.775
2022-08-01 17:00:00,17,23,23,0.0,5.0,16.0,2.0,0.0,1.0,7,7,8,0,8,0,10.967,179.0,146.0,291.0,6.633,4.0,11.03,roster,0,72.0,57.5,0.5625,43.05,3.7867,0.575,0.6346,3.1304,49.33,6.95,0.0,6.77,7.275
2022-08-01 18:00:00,18,16,16,0.0,3.0,9.0,4.0,0.0,1.0,6,3,7,0,7,0,11.967,206.0,114.0,244.0,5.85,4.0,11.03,roster,0,47.0,40.0,0.3561,26.07,1.974,0.4,0.272,2.9375,34.32,6.08,0.0,5.67,6.1
2022-08-01 19:00:00,19,11,11,0.0,2.0,8.0,1.0,0.0,1.0,6,5,4,0,4,0,4.583,187.5,174.0,266.0,4.433,4.0,11.03,roster,0,34.0,27.5,0.2361,13.25,2.2511,0.275,0.4533,3.0909,23.6,3.47,0.0,6.18,6.65
2022-08-01 20:00:00,20,21,21,0.0,2.0,19.0,0.0,0.0,1.0,12,12,5,0,5,0,5.583,234.0,222.0,261.0,5.433,4.0,10.26,roster,0,65.0,52.5,0.4643,35.45,5.2452,0.525,1.1696,3.0952,45.04,4.34,0.0,6.07,6.525
2022-08-01 21:00:00,21,20,20,0.0,3.0,17.0,0.0,0.0,1.0,8,7,8,0,8,0,6.583,120.0,95.0,294.0,5.35,4.0,10.26,roster,0,63.0,50.0,0.4922,36.68,3.7241,0.5,0.6823,3.15,42.9,6.95,0.0,6.84,7.35
2022-08-01 22:00:00,22,19,19,0.0,4.0,14.0,1.0,0.0,1.0,8,6,10,0,10,0,7.583,147.0,114.0,182.0,5.9,3.0,7.01,roster,0,60.0,47.5,0.6667,33.67,4.2029,0.475,0.8559,3.1579,40.75,8.68,0.0,4.23,4.55
2022-08-01 23:00:00,23,19,19,0.0,5.0,13.0,1.0,0.0,1.0,7,5,10,0,10,0,8.583,197.0,133.0,238.0,6.7,3.0,7.01,roster,0,61.0,47.5,0.6778,34.97,3.815,0.475,0.7133,3.2105,40.75,8.68,0.0,5.53,5.95
2022-08-02 00:00:00,0,22,22,0.0,7.0,13.0,2.0,0.0,1.0,9,8,8,0,8,0,9.583,257.0,234.0,302.0,7.7,3.0,7.01,roster,0,71.0,55.0,0.7396,41.16,5.4581,0.55,1.1412,3.2273,47.19,6.95,0.0,7.02,7.55
2022-08-02 01:00:00,1,21,21,0.0,6.0,13.0,1.0,1.0,1.0,6,5,8,0,8,0,8.7,317.0,294.0,362.0,8.7,3.0,7.01,roster,0,66.0,52.5,0.6875,40.41,3.8917,0.525,0.7133,3.1429,45.04,6.95,0.0,8.42,9.05
2022-08-02 02:00:00,2,18,18,0.0,7.0,11.0,0.0,0.0,1.0,5,4,9,0,9,0,9.7,375.0,313.0,418.0,9.7,3.0,7.01,roster,0,61.0,45.0,0.6559,36.14,3.4587,0.45,0.5706,3.3889,38.61,7.81,0.0,9.72,10.45
2022-08-02 03:00:00,3,14,14,0.0,7.0,7.0,0.0,0.0,1.0,1,1,9,0,9,0,10.7,435.0,373.0,478.0,10.7,3.0,7.01,roster,0,49.0,35.0,0.5269,28.96,1.7243,0.35,0.1427,3.5,30.03,7.81,0.0,11.11,11.95
2022-08-02 04:00:00,4,15,15,0.0,7.0,8.0,0.0,0.0,1.0,1,1,9,0,9,0,11.7,495.0,433.0,538.0,11.7,3.0,7.01,roster,0,52.0,37.5,0.5591,32.5,1.7945,0.375,0.1427,3.4667,32.17,7.81,0.0,12.51,13.45
2022-08-02 05:00:00,5,15,15,0.0,7.0,8.0,0.0,0.0,1.0,2,1,9,0,9,0,12.7,555.0,493.0,598.0,12.7,3.0,7.01,roster,0,52.0,37.5,0.5591,33.89,1.7945,0.375,0.1427,3.4667,32.17,7.81,0.0,13.9,14.95
2022-08-02 06:00:00,6,17,17,1.0,8.0,8.0,0.0,0.0,1.0,2,2,9,1,10,1,13.7,604.5,356.0,658.0,13.7,3.0,7.01,roster,0,61.0,42.5,0.6778,53.85,2.5487,0.425,0.2853,3.5882,36.46,8.68,13.4,15.3,16.45
2022-08-02 07:00:00,7,20,20,1.0,8.0,11.0,0.0,0.0,1.0,4,4,10,1,11,1,14.7,654.0,359.0,718.0,14.7,3.0,7.01,roster,0,70.0,50.0,0.8046,62.54,3.7471,0.5,0.5706,3.5,42.9,9.55,13.4,16.69,17.95
2022-08-02 08:00:00,8,21,21,0.0,8.0,13.0,0.0,0.0,1.0,4,3,11,0,11,0,15.7,714.0,419.0,778.0,15.7,3.0,6.7,roster,0,71.0,52.5,0.8161,52.68,3.2889,0.525,0.4478,3.381,45.04,9.55,0.0,18.09,19.45
2022-08-02 09:00:00,9,23,23,0.0,8.0,15.0,0.0,0.0,1.0,6,5,9,0,9,0,16.7,774.0,479.0,838.0,16.7,3.0,6.7,roster,0,77.0,57.5,0.828,56.63,4.4234,0.575,0.7463,3.3478,49.33,7.81,0.0,19.48,20.95
2022-08-02 10:00:00,10,19,19,1.0,6.0,12.0,0.0,0.0,1.0,4,4,6,0,6,0,17.7,866.0,191.0,902.0,17.7,4.0,10.02,roster,0,65.0,47.5,0.4779,46.94,2.9907,0.475,0.3992,3.4211,40.75,5.21,0.0,20.97,22.55
2022-08-02 11:00:00,11,21,21,2.0,2.0,17.0,0.0,0.0,1.0,11,10,6,0,6,0,18.7,511.5,77.0,962.0,18.7,4.0,10.02,roster,0,69.0,52.5,0.5074,52.62,5.0042,0.525,0.998,3.2857,45.04,5.21,0.0,22.37,24.05
2022-08-02 12:00:00,12,18,18,2.0,3.0,12.0,1.0,0.0,1.0,8,4,7,1,8,1,19.7,130.5,89.0,1022.0,19.7,4.0,10.02,roster,0,60.0,45.0,0.4688,62.72,2.8307,0.45,0.3992,3.3333,38.61,6.95,13.4,23.76,25.55
2022-08-02 13:00:00,13,20,20,3.0,5.0,11.0,1.0,0.0,1.0,9,9,5,1,6,1,16.9,166.5,130.0,197.0,16.9,4.0,10.02,roster,0,70.0,50.0,0.5147,46.09,4.8937,0.5,0.8982,3.5,42.9,5.21,13.4,4.58,4.925
2022-08-02 14:00:00,14,19,19,3.0,6.0,9.0,1.0,0.0,1.0,3,3,7,1,8,1,17.9,183.0,119.0,244.0,17.9,4.0,10.02,roster,0,68.0,47.5,0.5312,46.77,2.7715,0.475,0.2994,3.5789,40.75,6.95,13.4,5.67,6.1
2022-08-02 15:00:00,15,17,17,3.0,6.0,7.0,1.0,0.0,1.0,3,2,7,1,8,1,18.9,243.0,152.0,304.0,18.9,4.0,10.02,roster,0,62.0,42.5,0.4844,43.88,2.278,0.425,0.1996,3.6471,36.46,6.95,13.4,7.07,7.6
2022-08-02 16:00:00,16,17,17,5.0,5.0,6.0,1.0,0.0,1.0,5,2,7,1,8,1,19.9,303.0,212.0,364.0,19.9,4.0,10.02,roster,0,65.0,42.5,0.5078,45.27,2.3882,0.425,0.1996,3.8235,36.46,6.95,13.4,8.46,9.1
2022-08-02 17:00:00,17,23,23,5.0,5.0,11.0,2.0,0.0,1.0,9,9,9,1,10,1,20.9,314.0,196.0,389.0,20.9,4.0,10.02,roster,0,82.0,57.5,0.6833,60.46,5.2523,0.575,0.8982,3.5652,49.33,8.68,13.4,9.04,9.725
2022-08-02 18:00:00,18,21,21,5.0,6.0,9.0,1.0,0.0,1.0,8,7,9,0,9,0,21.9,298.0,159.0,430.0,21.9,4.0,10.02,roster,0,78.0,52.5,0.629,42.86,4.5448,0.525,0.6986,3.7143,45.04,7.81,0.0,10.0,10.75
2022-08-02 19:00:00,19,23,23,5.0,5.0,12.0,1.0,0.0,1.0,8,6,11,1,12,1,22.9,206.5,111.0,490.0,22.9,4.0,10.02,roster,0,83.0,57.5,0.7411,64.55,4.2359,0.575,0.5988,3.6087,49.33,10.42,13.4,11.39,12.25
2022-08-02 20:00:00,20,16,16,3.0,3.0,10.0,0.0,0.0,1.0,6,5,7,1,8,1,23.9,300.0,158.0,604.0,23.9,4.0,10.55,roster,0,57.0,40.0,0.4453,48.71,3.1134,0.4,0.4739,3.5625,34.32,6.95,13.4,14.04,15.1
2022-08-02 21:00:00,21,17,17,2.0,4.0,10.0,1.0,0.0,1.0,11,7,8,0,8,0,24.9,360.0,218.0,664.0,24.9,4.0,10.55,roster,0,58.0,42.5,0.4531,38.85,3.7137,0.425,0.6635,3.4118,36.46,6.95,0.0,15.44,16.6
2022-08-02 22:00:00,22,17,17,2.0,4.0,10.0,1.0,0.0,1.0,3,4,9,0,9,0,25.9,344.0,265.0,670.0,25.9,3.0,7.23,roster,0,58.0,42.5,0.6237,39.86,3.3376,0.425,0.5533,3.4118,36.46,7.81,0.0,15.58,16.75
2022-08-02 23:00:00,23,12,12,0.0,1.0,10.0,1.0,0.0,1.0,5,5,4,0,4,0,12.167,440.5,325.0,730.0,12.167,3.0,7.23,roster,0,36.0,30.0,0.3333,26.19,2.9747,0.3,0.6916,3.0,25.74,3.47,0.0,16.97,18.25
2022-08-03 00:00:00,0,17,17,0.0,2.0,14.0,1.0,0.0,1.0,9,9,5,0,5,0,13.167,385.0,180.0,616.0,13.167,3.0,7.23,roster,0,52.0,42.5,0.4952,35.13,5.1077,0.425,1.2448,3.0588,36.46,4.34,0.0,14.32,15.4
2022-08-03 01:00:00,1,14,14,0.0,3.0,10.0,1.0,0.0,1.0,2,2,7,0,7,0,14.167,240.0,92.0,676.0,14.167,3.0,7.23,roster,0,44.0,35.0,0.4444,31.83,1.9694,0.35,0.2766,3.1429,30.03,6.08,0.0,15.72,16.9
2022-08-03 02:00:00,2,16,16,0.0,2.0,13.0,1.0,0.0,1.0,7,6,7,0,7,0,15.167,300.0,152.0,736.0,15.167,3.0,7.23,roster,0,49.0,40.0,0.4949,37.51,3.7665,0.4,0.8299,3.0625,34.32,6.08,0.0,17.11,18.4
2022-08-03 03:00:00,3,16,16,0.0,3.0,12.0,1.0,0.0,1.0,7,3,8,0,8,0,16.167,316.0,212.0,796.0,16.167,3.0,7.23,roster,0,50.0,40.0,0.5208,39.77,2.5467,0.4,0.4149,3.125,34.32,6.95,0.0,18.51,19.9
2022-08-03 04:00:00,4,18,18,0.0,3.0,14.0,1.0,0.0,1.0,5,5,7,0,7,0,17.167,420.0,272.0,856.0,17.167,3.0,7.23,roster,0,56.0,45.0,0.5657,44.59,3.5515,0.45,0.6916,3.1111,38.61,6.08,0.0,19.9,21.4
2022-08-03 05:00:00,5,16,16,0.0,4.0,11.0,1.0,0.0,1.0,3,3,7,0,7,0,18.167,480.0,332.0,916.0,18.167,3.0,7.23,roster,0,51.0,40.0,0.5152,41.7,2.5976,0.4,0.4149,3.1875,34.32,6.08,0.0,21.3,22.9
2022-08-03 06:00:00,6,17,17,0.0,4.0,12.0,1.0,0.0,1.0,2,2,8,0,8,0,19.167,496.0,392.0,976.0,19.167,3.0,7.23,roster,0,54.0,42.5,0.5625,46.1,2.2287,0.425,0.2766,3.1765,36.46,6.95,0.0,22.69,24.4
2022-08-03 07:00:00,7,19,19,0.0,4.0,14.0,1.0,0.0,1.0,2,2,8,0,8,0,20.167,556.0,452.0,1036.0,20.167,3.0,7.23,roster,0,60.0,47.5,0.625,51.79,2.3736,0.475,0.2766,3.1579,40.75,6.95,0.0,24.09,25.9
2022-08-03 08:00:00,8,17,17,0.0,4.0,12.0,1.0,0.0,1.0,2,1,9,0,9,0,21.167,572.0,497.0,865.0,21.167,3.0,8.29,roster,0,54.0,42.5,0.5806,44.39,1.7332,0.425,0.1206,3.1765,36.46,7.81,0.0,20.11,21.625
2022-08-03 09:00:00,9,18,18,0.0,4.0,11.0,3.0,0.0,1.0,7,6,6,1,7,1,22.167,572.0,179.0,1156.0,22.167,3.0,8.29,roster,0,55.0,45.0,0.5556,64.97,3.5865,0.45,0.7238,3.0556,38.61,6.08,13.4,26.88,28.9
2022-08-03 10:00:00,10,19,19,0.0,5.0,12.0,2.0,0.0,1.0,9,8,5,0,5,0,20.267,617.0,239.0,632.0,20.267,4.0,11.99,roster,0,60.0,47.5,0.4286,39.79,3.607,0.475,0.6672,3.1579,40.75,4.34,0.0,14.69,15.8
2022-08-03 11:00:00,11,22,22,0.0,3.0,17.0,2.0,0.0,1.0,6,6,4,0,4,0,21.267,488.0,299.0,1276.0,21.267,4.0,11.99,roster,0,67.0,55.0,0.4653,60.33,3.199,0.55,0.5004,3.0455,47.19,3.47,0.0,29.67,31.9
2022-08-03 12:00:00,12,25,25,1.0,3.0,18.0,3.0,0.0,1.0,11,9,6,0,6,0,22.267,290.5,105.0,737.0,22.267,4.0,11.99,roster,0,77.0,62.5,0.5662,55.97,4.2369,0.625,0.7506,3.08,53.62,5.21,0.0,17.14,18.425
2022-08-03 13:00:00,13,22,22,1.0,3.0,16.0,2.0,0.0,1.0,3,3,7,0,7,0,23.267,282.0,120.0,797.0,23.267,4.0,11.99,roster,0,69.0,55.0,0.5227,51.8,2.5097,0.55,0.2502,3.1364,47.19,6.08,0.0,18.53,19.925
2022-08-03 14:00:00,14,19,19,1.0,3.0,13.0,2.0,0.0,1.0,5,5,5,0,5,0,10.933,180.0,158.0,225.0,5.7,4.0,11.99,roster,0,60.0,47.5,0.4286,30.33,2.8169,0.475,0.417,3.1579,40.75,4.34,0.0,5.23,5.625
2022-08-03 15:00:00,15,21,21,0.0,6.0,13.0,2.0,0.0,1.0,9,7,4,0,4,0,11.933,128.5,79.0,285.0,4.75,4.0,11.99,roster,0,67.0,52.5,0.4653,35.14,3.5377,0.525,0.5838,3.1905,45.04,3.47,0.0,6.63,7.125
2022-08-03 16:00:00,16,23,23,0.0,6.0,15.0,2.0,0.0,1.0,5,5,6,1,7,1,12.933,119.0,106.0,139.0,5.75,4.0,11.99,roster,0,73.0,57.5,0.553,52.04,3.1486,0.575,0.417,3.1739,49.33,6.08,13.4,3.23,3.475
2022-08-03 17:00:00,17,19,19,0.0,6.0,12.0,1.0,0.0,1.0,3,3,7,2,9,2,7.883,166.0,98.0,179.0,6.75,4.0,11.99,roster,0,62.0,47.5,0.5,59.53,2.3665,0.475,0.2502,3.2632,40.75,7.81,26.8,4.16,4.475
2022-08-03 18:00:00,18,15,15,0.0,5.0,9.0,1.0,0.0,1.0,5,1,6,2,8,2,8.883,175.5,153.0,239.0,4.133,4.0,11.99,roster,0,49.0,37.5,0.3828,51.48,1.4974,0.375,0.0834,3.2667,32.17,6.95,26.8,5.56,5.975
2022-08-03 19:00:00,19,13,13,0.0,3.0,9.0,1.0,0.0,1.0,5,3,4,0,4,0,9.883,235.5,218.0,308.0,5.133,4.0,11.99,roster,0,41.0,32.5,0.2847,18.52,1.8141,0.325,0.2502,3.1538,27.88,3.47,0.0,7.16,7.7
2022-08-03 20:00:00,20,23,23,0.0,5.0,16.0,2.0,0.0,1.0,12,12,5,0,5,0,10.883,200.0,87.0,313.0,6.133,4.0,10.71,roster,0,72.0,57.5,0.5143,40.95,5.3075,0.575,1.1204,3.1304,49.33,4.34,0.0,7.28,7.825
2022-08-03 21:00:00,21,20,20,0.0,4.0,14.0,2.0,0.0,1.0,6,4,4,0,4,0,11.5,203.5,147.0,373.0,6.217,4.0,10.71,roster,0,62.0,50.0,0.4306,35.05,2.7078,0.5,0.3735,3.1,42.9,3.47,0.0,8.67,9.325
2022-08-03 22:00:00,22,15,15,0.0,2.0,11.0,2.0,0.0,1.0,3,3,1,0,1,0,12.5,142.0,142.0,142.0,2.367,3.0,7.01,roster,0,45.0,37.5,0.3846,16.34,2.4089,0.375,0.428,3.0,32.17,0.87,0.0,3.3,3.55
2022-08-03 23:00:00,23,14,14,0.0,2.0,10.0,2.0,0.0,1.0,6,6,0,0,0,0,13.5,0.0,,,,3.0,7.01,roster,0,42.0,35.0,0.35,10.03,3.6178,0.35,0.8559,3.0,30.03,0.0,0.0,0.0,0.0
2022-08-04 00:00:00,0,11,11,0.0,2.0,7.0,2.0,0.0,1.0,1,1,3,0,3,0,14.5,103.0,84.0,112.0,1.867,3.0,7.01,roster,0,33.0,27.5,0.2973,8.8,1.253,0.275,0.1427,3.0,23.6,2.6,0.0,2.6,2.8
2022-08-04 01:00:00,1,15,15,1.0,3.0,9.0,2.0,0.0,1.0,6,6,3,0,3,0,15.5,163.0,144.0,172.0,2.867,3.0,7.01,roster,0,48.0,37.5,0.4324,18.78,3.9389,0.375,0.8559,3.2,32.17,2.6,0.0,4.0,4.3
2022-08-04 02:00:00,2,16,16,1.0,4.0,9.0,2.0,0.0,1.0,5,4,3,1,4,1,16.5,149.0,94.0,232.0,3.867,3.0,7.01,roster,0,52.0,40.0,0.4815,36.59,3.1545,0.4,0.5706,3.25,34.32,3.47,13.4,5.39,5.8
2022-08-04 03:00:00,3,15,15,0.0,4.0,9.0,2.0,0.0,1.0,2,2,5,0,5,0,17.5,154.0,117.0,264.0,4.867,3.0,7.01,roster,0,47.0,37.5,0.4476,22.65,2.069,0.375,0.2853,3.1333,32.17,4.34,0.0,6.14,6.6
2022-08-04 04:00:00,4,16,16,0.0,4.0,9.0,3.0,0.0,1.0,2,2,6,0,6,0,18.5,195.5,128.0,324.0,5.867,3.0,7.01,roster,0,49.0,40.0,0.4804,27.06,2.0988,0.4,0.2853,3.0625,34.32,5.21,0.0,7.53,8.1
2022-08-04 05:00:00,5,15,15,0.0,4.0,9.0,2.0,0.0,1.0,3,1,7,0,7,0,19.5,237.0,169.0,384.0,6.867,3.0,7.01,roster,0,47.0,37.5,0.4747,27.18,1.622,0.375,0.1427,3.1333,32.17,6.08,0.0,8.93,9.6
2022-08-04 06:00:00,6,16,16,0.0,4.0,10.0,2.0,0.0,1.0,2,2,7,0,7,0,20.5,297.0,229.0,444.0,7.867,3.0,7.01,roster,0,50.0,40.0,0.5051,30.72,2.1416,0.4,0.2853,3.125,34.32,6.08,0.0,10.32,11.1
2022-08-04 07:00:00,7,18,18,0.0,4.0,11.0,3.0,0.0,1.0,5,4,8,0,8,0,21.5,332.5,289.0,504.0,8.867,3.0,7.01,roster,0,55.0,45.0,0.5729,37.27,3.1185,0.45,0.5706,3.0556,38.61,6.95,0.0,11.72,12.6
2022-08-04 08:00:00,8,14,14,0.0,3.0,9.0,2.0,0.0,1.0,1,1,10,0,10,0,22.5,358.5,132.0,454.0,9.867,3.0,7.23,roster,0,43.0,35.0,0.4778,29.27,1.4998,0.35,0.1383,3.0714,30.03,8.68,0.0,10.56,11.35
2022-08-04 09:00:00,9,14,14,0.0,2.0,11.0,1.0,0.0,1.0,7,5,7,0,7,0,23.5,477.0,176.0,624.0,10.867,3.0,7.23,roster,0,43.0,35.0,0.4343,30.62,3.1991,0.35,0.6916,3.0714,30.03,6.08,0.0,14.51,15.6
2022-08-04 10:00:00,10,18,18,0.0,2.0,15.0,1.0,0.0,1.0,9,8,6,1,7,1,24.5,469.0,65.0,684.0,11.867,4.0,10.57,roster,0,55.0,45.0,0.4167,53.99,3.6876,0.45,0.7569,3.0556,38.61,6.08,13.4,15.9,17.1
2022-08-04 11:00:00,11,21,21,0.0,1.0,18.0,2.0,0.0,1.0,8,7,7,1,8,1,21.433,392.5,125.0,744.0,12.867,4.0,10.57,roster,0,62.0,52.5,0.4844,62.69,3.5052,0.525,0.6623,2.9524,45.04,6.95,13.4,17.3,18.6
2022-08-04 12:00:00,12,21,21,0.0,1.0,20.0,0.0,0.0,1.0,7,6,7,1,8,1,22.433,250.5,181.0,804.0,13.867,4.0,10.57,roster,0,64.0,52.5,0.5,64.08,3.33,0.525,0.5676,3.0476,45.04,6.95,13.4,18.69,20.1
2022-08-04 13:00:00,13,27,27,0.0,1.0,25.0,1.0,0.0,1.0,9,9,10,2,12,2,23.433,228.5,105.0,649.0,14.867,4.0,10.57,roster,0,81.0,67.5,0.7232,90.22,4.5794,0.675,0.8515,3.0,57.92,10.42,26.8,15.09,16.225
2022-08-04 14:00:00,14,29,29,0.0,2.0,26.0,0.0,1.0,1.0,9,8,9,2,11,2,24.433,165.0,121.0,436.0,15.4,4.0,10.57,roster,0,87.0,72.5,0.75,88.69,4.4456,0.725,0.7569,3.0,62.2,9.55,26.8,10.14,10.9
2022-08-04 15:00:00,15,25,25,0.0,3.0,20.0,2.0,0.0,1.0,7,8,6,1,7,1,25.433,121.0,90.0,336.0,12.817,4.0,10.57,roster,0,76.0,62.5,0.5758,60.92,4.2009,0.625,0.7569,3.04,53.62,6.08,13.4,7.81,8.4
2022-08-04 16:00:00,16,25,25,0.0,4.0,18.0,3.0,0.0,1.0,6,6,7,1,8,1,13.817,169.0,150.0,396.0,13.817,4.0,10.57,roster,0,76.0,62.5,0.5938,63.18,3.6256,0.625,0.5676,3.04,53.62,6.95,13.4,9.21,9.9
2022-08-04 17:00:00,17,29,29,0.0,6.0,22.0,1.0,0.0,1.0,8,8,8,1,9,1,14.817,217.0,185.0,288.0,14.817,4.0,10.57,roster,0,92.0,72.5,0.7419,70.12,4.7011,0.725,0.7569,3.1724,62.2,7.81,13.4,6.7,7.2
2022-08-04 18:00:00,18,22,22,0.0,5.0,16.0,1.0,0.0,1.0,8,8,8,1,9,1,15.817,211.0,98.0,270.0,15.817,4.0,10.57,roster,0,70.0,55.0,0.5645,54.68,4.1582,0.55,0.7569,3.1818,47.19,7.81,13.4,6.28,6.75
2022-08-04 19:00:00,19,12,12,0.0,1.0,11.0,0.0,0.0,1.0,3,2,3,1,4,1,10.683,77.0,70.0,271.0,4.517,4.0,10.57,roster,0,37.0,30.0,0.2569,28.91,1.5084,0.3,0.1892,3.0833,25.74,3.47,13.4,6.3,6.775
2022-08-04 20:00:00,20,13,13,0.0,0.0,13.0,0.0,0.0,1.0,4,4,4,0,4,0,11.683,137.0,130.0,331.0,5.517,4.0,9.64,roster,0,39.0,32.5,0.2708,19.05,2.2198,0.325,0.4149,3.0,27.88,3.47,0.0,7.7,8.275
2022-08-04 21:00:00,21,12,12,0.0,2.0,10.0,0.0,0.0,1.0,5,4,3,0,3,0,12.683,190.0,164.0,204.0,3.4,4.0,9.64,roster,0,38.0,30.0,0.2568,13.09,2.264,0.3,0.4149,3.1667,25.74,2.6,0.0,4.74,5.1
2022-08-04 22:00:00,22,15,15,0.0,3.0,11.0,1.0,0.0,1.0,12,11,1,0,1,0,9.95,264.0,264.0,264.0,4.4,3.0,6.3,roster,0,47.0,37.5,0.4017,19.18,6.6459,0.375,1.746,3.1333,32.17,0.87,0.0,6.14,6.6
2022-08-04 23:00:00,23,18,18,1.0,2.0,14.0,1.0,0.0,1.0,10,8,3,0,3,0,2.467,70.0,69.0,71.0,1.183,3.0,6.3,roster,0,57.0,45.0,0.5135,22.87,5.4462,0.45,1.2698,3.1667,38.61,2.6,0.0,1.65,1.775
2022-08-05 00:00:00,0,15,15,1.0,1.0,12.0,1.0,0.0,1.0,6,5,6,0,6,0,2.867,121.5,106.0,130.0,2.183,3.0,6.3,roster,0,47.0,37.5,0.4608,20.41,3.6618,0.375,0.7937,3.1333,32.17,5.21,0.0,3.02,3.25
2022-08-05 01:00:00,1,15,15,1.0,1.0,13.0,0.0,0.0,1.0,3,2,7,0,7,0,3.867,174.0,128.0,190.0,3.183,3.0,6.3,roster,0,48.0,37.5,0.4848,22.67,2.2159,0.375,0.3175,3.2,32.17,6.08,0.0,4.42,4.75
2022-08-05 02:00:00,2,16,16,1.0,1.0,14.0,0.0,0.0,1.0,3,3,6,0,6,0,4.867,241.5,226.0,250.0,4.183,3.0,6.3,roster,0,51.0,40.0,0.5,25.34,2.7929,0.4,0.4762,3.1875,34.32,5.21,0.0,5.81,6.25
2022-08-05 03:00:00,3,16,16,1.0,1.0,14.0,0.0,0.0,1.0,2,2,6,0,6,0,5.867,301.5,286.0,310.0,5.183,3.0,6.3,roster,0,51.0,40.0,0.5,26.74,2.2869,0.4,0.3175,3.1875,34.32,5.21,0.0,7.21,7.75
2022-08-05 04:00:00,4,16,16,1.0,1.0,14.0,0.0,0.0,1.0,3,3,4,0,4,0,6.867,350.0,346.0,370.0,6.167,3.0,6.3,roster,0,51.0,40.0,0.4722,26.4,2.7929,0.4,0.4762,3.1875,34.32,3.47,0.0,8.6,9.25
2022-08-05 05:00:00,5,14,14,1.0,1.0,12.0,0.0,0.0,1.0,1,1,4,0,4,0,7.867,410.0,406.0,430.0,7.167,3.0,6.3,roster,0,45.0,35.0,0.4167,23.5,1.6352,0.35,0.1587,3.2143,30.03,3.47,0.0,10.0,10.75
2022-08-05 06:00:00,6,13,13,1.0,2.0,10.0,0.0,0.0,1.0,1,1,5,0,5,0,8.867,466.0,408.0,474.0,8.167,3.0,6.3,roster,0,43.0,32.5,0.4095,23.25,1.6,0.325,0.1587,3.3077,27.88,4.34,0.0,11.02,11.85
2022-08-05 07:00:00,7,13,13,1.0,2.0,10.0,0.0,0.0,1.0,2,2,5,0,5,0,9.867,526.0,468.0,534.0,9.167,3.0,6.3,roster,0,43.0,32.5,0.4095,24.64,2.1251,0.325,0.3175,3.3077,27.88,4.34,0.0,12.42,13.35
2022-08-05 08:00:00,8,11,11,1.0,1.0,9.0,0.0,0.0,1.0,1,1,5,0,5,0,10.867,586.0,528.0,594.0,10.167,3.0,6.63,roster,0,36.0,27.5,0.3429,21.75,1.3936,0.275,0.1508,3.2727,23.6,4.34,0.0,13.81,14.85
2022-08-05 09:00:00,9,15,15,1.0,1.0,11.0,2.0,0.0,1.0,5,5,5,0,5,0,11.867,646.0,588.0,654.0,11.167,3.0,6.63,roster,0,46.0,37.5,0.4381,31.72,3.4627,0.375,0.7541,3.0667,32.17,4.34,0.0,15.21,16.35
2022-08-05 10:00:00,10,19,19,1.0,2.0,16.0,0.0,0.0,1.0,9,7,5,0,5,0,12.867,706.0,648.0,714.0,12.167,4.0,9.97,roster,0,61.0,47.5,0.4357,41.7,3.7791,0.475,0.7021,3.2105,40.75,4.34,0.0,16.6,17.85
2022-08-05 11:00:00,11,24,24,0.0,3.0,21.0,0.0,0.0,1.0,11,10,4,0,4,0,13.867,741.0,708.0,790.0,13.167,4.0,9.97,roster,0,75.0,60.0,0.5208,53.32,5.0094,0.6,1.003,3.125,51.48,3.47,0.0,18.37,19.75
2022-08-05 12:00:00,12,28,28,0.0,4.0,24.0,0.0,0.0,1.0,10,10,5,0,5,0,14.867,187.0,112.0,834.0,14.167,4.0,9.97,roster,0,88.0,70.0,0.6286,63.79,5.3523,0.7,1.003,3.1429,60.06,4.34,0.0,19.39,20.85
2022-08-05 13:00:00,13,32,32,0.0,4.0,26.0,1.0,1.0,1.0,7,7,10,0,10,0,15.867,129.0,78.0,247.0,15.167,4.0,9.97,roster,0,97.0,80.0,0.8083,63.07,4.5533,0.8,0.7021,3.0312,68.64,8.68,0.0,5.74,6.175
2022-08-05 14:00:00,14,38,38,0.0,5.0,31.0,2.0,0.0,1.0,15,13,9,0,9,0,16.867,172.0,138.0,232.0,16.167,4.0,9.97,roster,0,117.0,95.0,0.9435,74.72,6.9397,0.95,1.3039,3.0789,81.51,7.81,0.0,5.39,5.8
2022-08-05 15:00:00,15,41,41,1.0,7.0,32.0,1.0,0.0,1.0,14,12,12,1,13,1,17.017,108.0,90.0,201.0,6.117,4.0,9.97,roster,0,131.0,102.5,1.213,97.31,7.1207,1.025,1.2036,3.1951,87.94,11.29,13.4,4.67,5.025
2022-08-05 16:00:00,16,35,35,1.0,5.0,28.0,1.0,0.0,1.0,5,3,14,1,15,1,18.017,152.0,87.0,253.0,5.433,4.0,9.97,roster,0,111.0,87.5,1.11,87.38,3.7293,0.875,0.3009,3.1714,75.08,13.02,13.4,5.88,6.325
2022-08-05 17:00:00,17,31,31,1.0,4.0,25.0,1.0,0.0,1.0,5,4,13,2,15,2,19.017,212.0,142.0,313.0,6.433,4.0,9.97,roster,0,98.0,77.5,0.98,93.6,3.7183,0.775,0.4012,3.1613,66.5,13.02,26.8,7.28,7.825
2022-08-05 18:00:00,18,33,33,1.0,6.0,26.0,0.0,0.0,1.0,10,10,10,2,12,2,20.017,272.0,202.0,373.0,7.433,4.0,9.97,roster,0,107.0,82.5,0.9554,96.68,5.9272,0.825,1.003,3.2424,70.78,10.42,26.8,8.67,9.325
2022-08-05 19:00:00,19,24,24,1.0,4.0,19.0,0.0,0.0,1.0,6,6,5,3,8,3,21.017,226.5,93.0,267.0,8.433,4.0,9.97,roster,0,78.0,60.0,0.6094,84.83,3.9059,0.6,0.6018,3.25,51.48,6.95,40.2,6.21,6.675
2022-08-05 20:00:00,20,22,22,1.0,5.0,15.0,1.0,0.0,1.0,8,6,5,2,7,2,22.017,153.0,122.0,327.0,9.433,4.0,11.63,roster,0,72.0,55.0,0.5455,67.67,3.4884,0.55,0.5159,3.2727,47.19,6.08,26.8,7.6,8.175
2022-08-05 21:00:00,21,23,23,1.0,6.0,14.0,2.0,0.0,1.0,11,9,6,3,9,3,23.017,138.0,83.0,211.0,6.45,4.0,11.63,roster,0,75.0,57.5,0.6048,82.26,4.3985,0.575,0.7739,3.2609,49.33,7.81,40.2,4.91,5.275
2022-08-05 22:00:00,22,19,19,1.0,3.0,13.0,2.0,0.0,1.0,6,5,5,3,8,3,24.017,184.5,128.0,273.0,7.45,3.0,8.29,roster,0,60.0,47.5,0.625,74.25,3.4046,0.475,0.6031,3.1579,40.75,6.95,40.2,6.35,6.825
2022-08-05 23:00:00,23,21,21,1.0,1.0,19.0,0.0,0.0,1.0,9,9,3,2,5,2,25.017,146.0,136.0,258.0,8.45,3.0,8.29,roster,0,66.0,52.5,0.6286,62.19,5.062,0.525,1.0856,3.1429,45.04,4.34,26.8,6.0,6.45
2022-08-06 00:00:00,0,18,18,1.0,1.0,16.0,0.0,0.0,1.0,2,2,5,2,7,2,26.017,196.0,99.0,318.0,9.45,3.0,8.29,roster,0,57.0,45.0,0.5758,58.88,2.189,0.45,0.2413,3.1667,38.61,6.08,26.8,7.39,7.95
2022-08-06 01:00:00,1,20,20,1.0,0.0,17.0,2.0,0.0,1.0,10,7,5,0,5,0,27.017,256.0,159.0,378.0,10.45,3.0,8.29,roster,0,60.0,50.0,0.5714,36.03,4.0332,0.5,0.8444,3.0,42.9,4.34,0.0,8.79,9.45
2022-08-06 02:00:00,2,16,16,1.0,1.0,14.0,0.0,0.0,1.0,7,6,5,0,5,0,28.017,316.0,219.0,438.0,11.45,3.0,8.29,roster,0,51.0,40.0,0.4857,28.85,3.582,0.4,0.7238,3.1875,34.32,4.34,0.0,10.18,10.95
2022-08-06 03:00:00,3,17,17,1.0,2.0,14.0,0.0,0.0,1.0,7,7,5,0,5,0,29.017,376.0,279.0,498.0,12.45,3.0,8.29,roster,0,55.0,42.5,0.5238,32.39,4.1069,0.425,0.8444,3.2353,36.46,4.34,0.0,11.58,12.45
2022-08-06 04:00:00,4,15,15,1.0,2.0,12.0,0.0,0.0,1.0,4,3,6,1,7,1,30.017,339.0,83.0,558.0,13.45,3.0,8.29,roster,0,49.0,37.5,0.4949,44.63,2.4071,0.375,0.3619,3.2667,32.17,6.08,13.4,12.97,13.95
2022-08-06 05:00:00,5,15,15,1.0,2.0,12.0,0.0,0.0,1.0,3,3,7,1,8,1,31.017,393.0,143.0,618.0,14.45,3.0,8.29,roster,0,49.0,37.5,0.5104,46.89,2.4071,0.375,0.3619,3.2667,32.17,6.95,13.4,14.37,15.45
2022-08-06 06:00:00,6,14,14,1.0,3.0,10.0,0.0,0.0,1.0,1,1,7,1,8,1,32.017,453.0,203.0,678.0,15.45,3.0,8.29,roster,0,47.0,35.0,0.4896,46.14,1.58,0.35,0.1206,3.3571,30.03,6.95,13.4,15.76,16.95
2022-08-06 07:00:00,7,17,17,1.0,3.0,12.0,1.0,0.0,1.0,5,5,7,1,8,1,33.017,513.0,263.0,738.0,16.45,3.0,8.29,roster,0,55.0,42.5,0.5729,53.97,3.3263,0.425,0.6031,3.2353,36.46,6.95,13.4,17.16,18.45
2022-08-06 08:00:00,8,17,17,1.0,3.0,13.0,0.0,0.0,1.0,3,3,9,2,11,2,17.45,323.0,93.0,676.0,17.45,3.0,6.74,roster,0,56.0,42.5,0.6437,68.53,2.8662,0.425,0.4451,3.2941,36.46,9.55,26.8,15.72,16.9
2022-08-06 09:00:00,9,18,18,0.0,3.0,15.0,0.0,0.0,1.0,8,5,7,2,9,2,18.45,371.0,153.0,627.0,18.45,3.0,6.74,roster,0,57.0,45.0,0.6129,67.8,3.7742,0.45,0.7418,3.1667,38.61,7.81,26.8,14.58,15.675
2022-08-06 10:00:00,10,21,21,0.0,2.0,14.0,2.0,3.0,1.0,10,8,4,2,6,2,19.45,422.5,213.0,699.0,19.45,4.0,10.71,roster,0,57.0,52.5,0.4191,73.31,3.4525,0.525,0.747,2.7143,45.04,5.21,26.8,16.25,17.475
2022-08-06 11:00:00,11,19,19,0.0,5.0,14.0,0.0,0.0,1.0,8,8,3,2,5,2,12.65,273.0,253.0,503.0,12.65,4.0,10.71,roster,0,62.0,47.5,0.4429,63.59,3.9875,0.475,0.747,3.2632,40.75,4.34,26.8,11.69,12.575
2022-08-06 12:00:00,12,20,20,0.0,6.0,13.0,1.0,0.0,1.0,3,3,6,3,9,3,13.65,162.0,91.0,333.0,13.65,4.0,10.71,roster,0,65.0,50.0,0.5242,78.66,2.5354,0.5,0.2801,3.25,42.9,7.81,40.2,7.74,8.325
2022-08-06 13:00:00,13,21,21,0.0,6.0,13.0,2.0,0.0,1.0,7,8,5,3,8,3,14.65,196.0,151.0,623.0,14.65,4.0,10.71,roster,0,67.0,52.5,0.5234,86.68,4.0582,0.525,0.747,3.1905,45.04,6.95,40.2,14.48,15.575
2022-08-06 14:00:00,14,20,20,1.0,5.0,14.0,0.0,0.0,1.0,5,5,6,2,8,2,15.65,256.0,211.0,683.0,15.65,4.0,10.71,roster,0,67.0,50.0,0.5234,72.53,3.239,0.5,0.4669,3.35,42.9,6.95,26.8,15.88,17.075
2022-08-06 15:00:00,15,16,16,1.0,3.0,11.0,0.0,1.0,1.0,8,6,1,1,2,1,12.383,501.5,260.0,743.0,12.383,4.0,10.71,roster,0,51.0,40.0,0.3355,46.73,3.0607,0.4,0.5602,3.1875,34.32,1.74,13.4,17.27,18.575
2022-08-06 16:00:00,16,20,20,0.0,3.0,17.0,0.0,0.0,1.0,9,9,2,1,3,1,13.383,320.0,66.0,803.0,13.383,4.0,10.71,roster,0,63.0,50.0,0.4257,57.57,4.2221,0.5,0.8403,3.15,42.9,2.6,13.4,18.67,20.075
2022-08-06 17:00:00,17,16,16,0.0,3.0,13.0,0.0,0.0,1.0,7,6,4,1,5,1,14.383,93.0,71.0,380.0,14.383,4.0,10.71,roster,0,51.0,40.0,0.3643,40.9,3.0607,0.4,0.5602,3.1875,34.32,4.34,13.4,8.84,9.5
2022-08-06 18:00:00,18,16,16,1.0,3.0,11.0,1.0,0.0,1.0,6,6,5,0,5,0,9.35,131.0,121.0,153.0,7.333,4.0,10.71,roster,0,52.0,40.0,0.3714,22.22,3.1207,0.4,0.5602,3.25,34.32,4.34,0.0,3.56,3.825
2022-08-06 19:00:00,19,12,12,0.0,2.0,9.0,1.0,0.0,1.0,9,7,2,0,2,0,10.35,197.0,181.0,213.0,3.55,4.0,10.71,roster,0,37.0,30.0,0.2434,12.43,2.9403,0.3,0.6536,3.0833,25.74,1.74,0.0,4.95,5.325
2022-08-06 20:00:00,20,17,17,1.0,1.0,14.0,0.0,1.0,1.0,11,9,2,0,2,0,11.35,183.0,93.0,273.0,4.55,4.0,11.3,roster,0,52.0,42.5,0.3421,24.55,3.7362,0.425,0.7965,3.0588,36.46,1.74,0.0,6.35,6.825
2022-08-06 21:00:00,21,22,22,0.0,3.0,19.0,0.0,0.0,1.0,11,11,4,0,4,0,12.35,125.5,98.0,333.0,5.55,4.0,11.3,roster,0,69.0,55.0,0.4792,38.41,4.7781,0.55,0.9735,3.1364,47.19,3.47,0.0,7.74,8.325
2022-08-06 22:00:00,22,22,22,0.0,3.0,18.0,1.0,0.0,1.0,10,9,5,0,5,0,13.35,81.0,69.0,158.0,6.55,3.0,7.33,roster,0,68.0,55.0,0.6476,35.21,5.4951,0.55,1.2278,3.0909,47.19,4.34,0.0,3.67,3.95
2022-08-06 23:00:00,23,23,23,0.0,3.0,19.0,1.0,0.0,1.0,6,7,6,0,6,0,14.35,135.0,120.0,218.0,7.55,3.0,7.33,roster,0,71.0,57.5,0.6961,39.61,4.723,0.575,0.955,3.087,49.33,5.21,0.0,5.07,5.45
2022-08-07 00:00:00,0,21,21,0.0,4.0,15.0,2.0,0.0,1.0,9,8,6,0,6,0,15.35,195.0,141.0,278.0,8.55,3.0,7.33,roster,0,65.0,52.5,0.6373,36.72,5.0032,0.525,1.0914,3.0952,45.04,5.21,0.0,6.46,6.95
2022-08-07 01:00:00,1,21,21,0.0,3.0,16.0,2.0,0.0,1.0,6,6,10,0,10,0,16.35,160.5,85.0,261.0,9.55,3.0,7.33,roster,0,64.0,52.5,0.7111,39.8,4.0946,0.525,0.8186,3.0476,45.04,8.68,0.0,6.07,6.525
2022-08-07 02:00:00,2,27,27,0.0,3.0,21.0,3.0,0.0,1.0,11,9,11,0,11,0,17.35,180.0,129.0,321.0,10.55,3.0,7.33,roster,0,81.0,67.5,0.931,54.93,5.7085,0.675,1.2278,3.0,57.92,9.55,0.0,7.46,8.025
2022-08-07 03:00:00,3,22,22,0.0,3.0,17.0,2.0,0.0,1.0,4,4,10,0,10,0,18.35,280.5,189.0,381.0,11.55,3.0,7.33,roster,0,67.0,55.0,0.7444,44.73,3.3369,0.55,0.5457,3.0455,47.19,8.68,0.0,8.86,9.525
2022-08-07 04:00:00,4,23,23,0.0,3.0,19.0,1.0,0.0,1.0,6,6,10,0,10,0,19.35,340.5,249.0,441.0,12.55,3.0,7.33,roster,0,71.0,57.5,0.7889,48.27,4.3018,0.575,0.8186,3.087,49.33,8.68,0.0,10.25,11.025
2022-08-07 05:00:00,5,22,22,0.0,3.0,18.0,1.0,0.0,1.0,3,2,11,0,11,0,20.35,360.0,300.0,501.0,13.55,3.0,7.33,roster,0,68.0,55.0,0.7816,48.39,2.5434,0.55,0.2729,3.0909,47.19,9.55,0.0,11.65,12.525
2022-08-07 06:00:00,6,20,20,0.0,3.0,16.0,1.0,0.0,1.0,3,2,10,0,10,0,21.35,460.5,369.0,561.0,14.55,3.0,7.33,roster,0,62.0,50.0,0.6889,44.63,2.3958,0.5,0.2729,3.1,42.9,8.68,0.0,13.04,14.025
2022-08-07 07:00:00,7,17,17,0.0,3.0,13.0,1.0,0.0,1.0,2,2,9,0,9,0,15.55,561.0,445.0,621.0,15.55,3.0,7.33,roster,0,53.0,42.5,0.5699,38.72,2.1757,0.425,0.2729,3.1176,36.46,7.81,0.0,14.44,15.525
2022-08-07 08:00:00,8,23,23,0.0,5.0,17.0,1.0,0.0,1.0,8,7,10,0,10,0,16.55,580.5,489.0,681.0,16.55,3.0,7.78,roster,0,73.0,57.5,0.8111,53.85,4.6807,0.575,0.8997,3.1739,49.33,8.68,0.0,15.83,17.025
2022-08-07 09:00:00,9,19,19,0.0,3.0,15.0,1.0,0.0,1.0,3,4,5,0,5,0,17.55,681.0,549.0,729.0,17.55,3.0,7.78,roster,0,59.0,47.5,0.5619,42.05,3.0715,0.475,0.5141,3.1053,40.75,4.34,0.0,16.95,18.225
2022-08-07 10:00:00,10,20,20,0.0,6.0,13.0,1.0,0.0,1.0,11,9,4,0,4,0,18.55,675.0,609.0,1113.0,18.55,4.0,11.48,roster,0,65.0,50.0,0.4514,52.25,4.1729,0.5,0.784,3.25,42.9,3.47,0.0,25.88,27.825
2022-08-07 11:00:00,11,23,23,0.0,9.0,13.0,1.0,0.0,1.0,12,13,3,0,3,0,19.55,70.0,66.0,1173.0,19.55,4.0,11.48,roster,0,77.0,57.5,0.5203,59.21,5.7161,0.575,1.1324,3.3478,49.33,2.6,0.0,27.27,29.325
2022-08-07 12:00:00,12,26,26,1.0,11.0,12.0,2.0,0.0,1.0,12,10,3,1,4,1,20.55,128.0,126.0,1233.0,20.55,4.0,11.48,roster,0,89.0,65.0,0.6181,81.31,5.2068,0.65,0.8711,3.4231,55.77,3.47,13.4,28.67,30.825
2022-08-07 13:00:00,13,24,24,0.0,12.0,11.0,1.0,0.0,1.0,9,7,3,2,5,2,21.55,186.0,137.0,190.0,21.55,4.0,11.48,roster,0,83.0,60.0,0.5929,67.04,4.1837,0.6,0.6098,3.4583,51.48,4.34,26.8,4.42,4.75
2022-08-07 14:00:00,14,26,26,1.0,11.0,14.0,0.0,0.0,1.0,13,9,4,2,6,2,22.55,221.5,178.0,250.0,22.55,4.0,11.48,roster,0,91.0,65.0,0.6691,73.59,5.0189,0.65,0.784,3.5,55.77,5.21,26.8,5.81,6.25
2022-08-07 15:00:00,15,35,35,1.0,8.0,22.0,4.0,0.0,1.0,17,15,6,1,7,1,23.55,141.0,102.0,310.0,23.55,4.0,11.48,roster,0,111.0,87.5,0.8409,81.76,6.9189,0.875,1.3066,3.1714,75.08,6.08,13.4,7.21,7.75
2022-08-07 16:00:00,16,33,33,1.0,8.0,23.0,1.0,0.0,1.0,12,9,8,1,9,1,8.65,162.0,116.0,201.0,6.167,4.0,11.48,roster,0,108.0,82.5,0.871,76.67,5.2657,0.825,0.784,3.2727,70.78,7.81,13.4,4.67,5.025
2022-08-07 17:00:00,17,25,25,1.0,4.0,19.0,1.0,0.0,1.0,8,6,8,1,9,1,7.167,208.0,159.0,226.0,7.167,4.0,11.48,roster,0,80.0,62.5,0.6452,60.09,3.6725,0.625,0.5226,3.2,53.62,7.81,13.4,5.25,5.65
2022-08-07 18:00:00,18,24,24,0.0,3.0,18.0,3.0,0.0,1.0,9,8,7,0,7,0,8.167,268.0,178.0,486.0,8.167,4.0,11.48,roster,0,72.0,60.0,0.5455,48.86,3.8906,0.6,0.6969,3.0,51.48,6.08,0.0,11.3,12.15
2022-08-07 19:00:00,19,20,20,0.0,3.0,16.0,1.0,0.0,1.0,13,9,5,0,5,0,9.167,328.0,238.0,546.0,9.167,4.0,11.48,roster,0,62.0,50.0,0.4429,39.94,3.9803,0.5,0.784,3.1,42.9,4.34,0.0,12.69,13.65
2022-08-07 20:00:00,20,23,23,0.0,4.0,15.0,4.0,0.0,1.0,11,9,4,0,4,0,10.167,452.0,298.0,610.0,10.167,4.0,10.5,roster,0,69.0,57.5,0.4792,46.99,4.2964,0.575,0.8571,3.0,49.33,3.47,0.0,14.18,15.25
2022-08-07 21:00:00,21,23,23,1.0,4.0,16.0,2.0,0.0,1.0,13,11,4,0,4,0,11.167,401.0,136.0,670.0,11.167,4.0,10.5,roster,0,73.0,57.5,0.5069,48.39,5.1501,0.575,1.0476,3.1739,49.33,3.47,0.0,15.58,16.75
2022-08-07 22:00:00,22,25,25,1.0,3.0,19.0,1.0,1.0,1.0,13,10,4,1,5,1,12.167,171.0,101.0,196.0,12.167,3.0,6.8,roster,0,77.0,62.5,0.7333,55.92,6.4544,0.625,1.4706,3.08,53.62,4.34,13.4,4.56,4.9
2022-08-07 23:00:00,23,21,21,1.0,3.0,16.0,1.0,0.0,1.0,6,5,5,1,6,1,13.167,145.5,81.0,231.0,13.167,3.0,6.8,roster,0,67.0,52.5,0.6569,49.03,4.0209,0.525,0.7353,3.1905,45.04,5.21,13.4,5.37,5.775
2022-08-08 00:00:00,0,21,21,2.0,4.0,15.0,0.0,0.0,1.0,5,5,6,1,7,1,14.167,190.0,137.0,291.0,14.167,3.0,6.8,roster,0,71.0,52.5,0.7172,51.29,4.261,0.525,0.7353,3.381,45.04,6.08,13.4,6.77,7.275
2022-08-08 01:00:00,1,22,22,2.0,5.0,15.0,0.0,0.0,1.0,7,5,6,2,8,2,15.167,225.5,197.0,351.0,15.167,3.0,6.8,roster,0,75.0,55.0,0.7812,69.1,4.3817,0.55,0.7353,3.4091,47.19,6.95,26.8,8.16,8.775
2022-08-08 02:00:00,2,22,22,1.0,5.0,15.0,0.0,1.0,1.0,7,5,6,1,7,1,16.167,310.0,257.0,411.0,16.167,3.0,6.8,roster,0,71.0,55.0,0.7172,56.22,4.148,0.55,0.7353,3.2273,47.19,6.08,13.4,9.56,10.275
2022-08-08 03:00:00,3,23,23,1.0,6.0,15.0,0.0,1.0,1.0,5,3,6,1,7,1,17.167,370.0,317.0,471.0,17.167,3.0,6.8,roster,0,75.0,57.5,0.7576,59.76,3.3136,0.575,0.4412,3.2609,49.33,6.08,13.4,10.95,11.775
2022-08-08 04:00:00,4,22,22,1.0,8.0,13.0,0.0,0.0,1.0,2,2,7,1,8,1,18.167,405.5,377.0,531.0,18.167,3.0,6.8,roster,0,76.0,55.0,0.7917,59.88,2.916,0.55,0.2941,3.4545,47.19,6.95,13.4,12.35,13.275
2022-08-08 05:00:00,5,24,24,1.0,8.0,15.0,0.0,0.0,1.0,4,4,8,0,8,0,19.167,439.0,364.0,591.0,19.167,3.0,6.8,roster,0,82.0,60.0,0.8542,52.17,4.0598,0.6,0.5882,3.4167,51.48,6.95,0.0,13.74,14.775
2022-08-08 06:00:00,6,23,23,1.0,7.0,15.0,0.0,0.0,1.0,1,1,8,0,8,0,20.167,499.0,424.0,651.0,20.167,3.0,6.8,roster,0,78.0,57.5,0.8125,51.42,2.4487,0.575,0.1471,3.3913,49.33,6.95,0.0,15.14,16.275
2022-08-08 07:00:00,7,22,22,1.0,7.0,14.0,0.0,0.0,1.0,2,2,8,0,8,0,21.167,559.0,484.0,711.0,21.167,3.0,6.8,roster,0,75.0,55.0,0.7812,50.67,2.8777,0.55,0.2941,3.4091,47.19,6.95,0.0,16.53,17.775
2022-08-08 08:00:00,8,26,26,1.0,8.0,17.0,0.0,0.0,1.0,5,5,8,0,8,0,22.167,619.0,544.0,771.0,22.167,3.0,7.78,roster,0,88.0,65.0,0.9167,60.64,4.3752,0.65,0.6427,3.3846,55.77,6.95,0.0,17.93,19.275
2022-08-08 09:00:00,9,28,28,1.0,6.0,21.0,0.0,0.0,1.0,8,8,8,0,8,0,23.167,538.5,237.0,730.0,23.167,3.0,7.78,roster,0,92.0,70.0,0.9583,63.98,5.6786,0.7,1.0283,3.2857,60.06,6.95,0.0,16.97,18.25
2022-08-08 10:00:00,10,26,26,1.0,6.0,19.0,0.0,0.0,1.0,9,9,7,0,7,0,24.167,153.0,89.0,741.0,24.167,4.0,11.1,roster,0,86.0,65.0,0.6515,59.08,4.8319,0.65,0.8108,3.3077,55.77,6.08,0.0,17.23,18.525
2022-08-08 11:00:00,11,31,31,1.0,6.0,24.0,0.0,0.0,1.0,10,10,8,0,8,0,25.167,207.0,142.0,801.0,25.167,4.0,11.1,roster,0,101.0,77.5,0.7891,72.06,5.4602,0.775,0.9009,3.2581,66.5,6.95,0.0,18.62,20.025
2022-08-08 12:00:00,12,36,36,1.0,5.0,30.0,0.0,0.0,1.0,10,9,9,0,9,0,26.167,261.0,160.0,580.0,26.167,4.0,11.1,roster,0,115.0,90.0,0.9274,78.52,5.4651,0.9,0.8108,3.1944,77.22,7.81,0.0,13.49,14.5
2022-08-08 13:00:00,13,35,35,2.0,6.0,27.0,0.0,0.0,1.0,9,8,10,0,10,0,27.167,291.5,180.0,640.0,27.167,4.0,11.1,roster,0,115.0,87.5,0.9583,78.64,5.2431,0.875,0.7207,3.2857,75.08,8.68,0.0,14.88,16.0
2022-08-08 14:00:00,14,37,37,3.0,5.0,29.0,0.0,0.0,1.0,10,9,10,1,11,1,28.167,280.0,143.0,700.0,28.167,4.0,11.1,roster,0,122.0,92.5,1.0517,98.59,5.7235,0.925,0.8108,3.2973,79.36,9.55,13.4,16.28,17.5
2022-08-08 15:00:00,15,41,41,3.0,3.0,35.0,0.0,0.0,1.0,13,13,9,3,12,3,25.9,181.0,114.0,340.0,7.55,4.0,11.1,roster,0,132.0,102.5,1.1786,126.47,7.0706,1.025,1.1712,3.2195,87.94,10.42,40.2,7.9,8.5
2022-08-08 16:00:00,16,30,30,2.0,2.0,26.0,0.0,0.0,1.0,10,6,5,3,8,3,26.9,195.0,161.0,501.0,8.55,4.0,11.1,roster,0,96.0,75.0,0.75,103.14,4.1297,0.75,0.5405,3.2,64.35,6.95,40.2,11.65,12.525
2022-08-08 17:00:00,17,25,25,2.0,3.0,20.0,0.0,0.0,1.0,6,4,8,3,11,3,27.9,221.0,82.0,279.0,9.55,4.0,11.1,roster,0,82.0,62.5,0.7069,89.86,3.232,0.625,0.3604,3.28,53.62,9.55,40.2,6.49,6.975
2022-08-08 18:00:00,18,30,30,2.0,3.0,24.0,1.0,0.0,1.0,12,10,8,2,10,2,28.9,211.0,137.0,339.0,10.55,4.0,11.1,roster,0,96.0,75.0,0.8,87.71,5.2829,0.75,0.9009,3.2,64.35,8.68,26.8,7.88,8.475
2022-08-08 19:00:00,19,22,22,2.0,3.0,17.0,0.0,0.0,1.0,4,4,6,3,9,3,29.9,181.0,119.0,335.0,11.55,4.0,11.1,roster,0,73.0,55.0,0.5887,82.99,3.0207,0.55,0.3604,3.3182,47.19,7.81,40.2,7.79,8.375
2022-08-08 20:00:00,20,29,29,2.0,5.0,22.0,0.0,0.0,1.0,10,10,6,3,9,3,30.9,199.0,168.0,267.0,6.9,4.0,10.45,roster,0,96.0,72.5,0.7742,96.43,5.5678,0.725,0.9569,3.3103,62.2,7.81,40.2,6.21,6.675
2022-08-08 21:00:00,21,30,30,0.0,3.0,27.0,0.0,0.0,1.0,7,7,6,2,8,2,31.9,174.5,81.0,327.0,7.9,4.0,10.45,roster,0,93.0,75.0,0.7266,85.7,4.4016,0.75,0.6699,3.1,64.35,6.95,26.8,7.6,8.175
2022-08-08 22:00:00,22,25,25,0.0,2.0,23.0,0.0,0.0,1.0,10,8,5,2,7,2,32.9,181.0,129.0,299.0,8.9,3.0,7.13,roster,0,77.0,62.5,0.7778,73.45,5.3808,0.625,1.122,3.08,53.62,6.08,26.8,6.95,7.475
2022-08-08 23:00:00,23,21,21,0.0,1.0,19.0,1.0,0.0,1.0,5,5,5,1,6,1,33.9,174.5,86.0,348.0,5.983,3.0,7.13,roster,0,63.0,52.5,0.6176,51.75,3.6788,0.525,0.7013,3.0,45.04,5.21,13.4,8.09,8.7
2022-08-09 00:00:00,0,21,21,0.0,1.0,20.0,0.0,0.0,1.0,4,3,4,1,5,1,34.9,301.0,146.0,408.0,6.983,3.0,7.13,roster,0,64.0,52.5,0.6095,52.27,2.8823,0.525,0.4208,3.0476,45.04,4.34,13.4,9.49,10.2
2022-08-09 01:00:00,1,23,23,0.0,0.0,22.0,1.0,0.0,1.0,7,7,4,0,4,0,35.9,283.5,206.0,479.0,7.983,3.0,7.13,roster,0,68.0,57.5,0.6296,43.94,4.6026,0.575,0.9818,2.9565,49.33,3.47,0.0,11.14,11.975
2022-08-09 02:00:00,2,20,20,1.0,1.0,18.0,0.0,0.0,1.0,4,4,4,0,4,0,36.9,343.5,266.0,539.0,8.983,3.0,7.13,roster,0,63.0,50.0,0.5833,38.9,3.3422,0.5,0.561,3.15,42.9,3.47,0.0,12.53,13.475
2022-08-09 03:00:00,3,18,18,1.0,1.0,15.0,1.0,0.0,1.0,2,2,5,1,6,1,37.9,316.0,100.0,481.0,9.983,3.0,7.13,roster,0,56.0,45.0,0.549,48.4,2.2727,0.45,0.2805,3.1111,38.61,5.21,13.4,11.18,12.025
2022-08-09 04:00:00,4,18,18,1.0,2.0,15.0,0.0,0.0,1.0,4,3,5,1,6,1,38.9,376.0,160.0,541.0,10.983,3.0,7.13,roster,0,58.0,45.0,0.5686,49.8,2.8058,0.45,0.4208,3.2222,38.61,5.21,13.4,12.58,13.525
2022-08-09 05:00:00,5,18,18,0.0,2.0,15.0,1.0,0.0,1.0,4,4,5,0,5,0,39.9,446.0,426.0,601.0,11.983,3.0,7.13,roster,0,55.0,45.0,0.5238,36.92,3.0892,0.45,0.561,3.0556,38.61,4.34,0.0,13.97,15.025
2022-08-09 06:00:00,6,21,21,0.0,3.0,17.0,1.0,0.0,1.0,4,4,7,0,7,0,40.9,486.0,110.0,661.0,12.983,3.0,7.13,roster,0,65.0,52.5,0.6566,46.49,3.3615,0.525,0.561,3.0952,45.04,6.08,0.0,15.37,16.525
2022-08-09 07:00:00,7,22,22,0.0,2.0,19.0,1.0,0.0,1.0,4,4,7,0,7,0,41.9,546.0,170.0,721.0,13.983,3.0,7.13,roster,0,67.0,55.0,0.6768,50.03,3.3835,0.55,0.561,3.0455,47.19,6.08,0.0,16.76,18.025
2022-08-09 08:00:00,8,21,21,1.0,2.0,17.0,1.0,0.0,1.0,5,5,8,0,8,0,42.9,497.5,230.0,781.0,14.983,3.0,7.31,roster,0,66.0,52.5,0.6875,50.15,3.7997,0.525,0.684,3.1429,45.04,6.95,0.0,18.16,19.525
2022-08-09 09:00:00,9,20,20,1.0,1.0,17.0,1.0,0.0,1.0,7,5,6,1,7,1,43.9,290.0,118.0,841.0,15.983,3.0,7.31,roster,0,62.0,50.0,0.6263,61.93,3.6704,0.5,0.684,3.1,42.9,6.08,13.4,19.55,21.025
2022-08-09 10:00:00,10,26,26,1.0,2.0,22.0,1.0,0.0,1.0,15,14,5,1,6,1,44.9,269.5,178.0,746.0,15.017,4.0,11.01,roster,0,81.0,65.0,0.5956,71.72,5.9864,0.65,1.2716,3.1154,55.77,5.21,13.4,17.34,18.65
2022-08-09 11:00:00,11,29,29,1.0,4.0,22.0,2.0,0.0,1.0,14,12,4,2,6,2,45.9,243.5,188.0,410.0,13.433,4.0,11.01,roster,0,91.0,72.5,0.6691,83.75,5.6951,0.725,1.0899,3.1379,62.2,5.21,26.8,9.53,10.25
2022-08-09 12:00:00,12,26,26,1.0,5.0,18.0,2.0,0.0,1.0,9,5,6,1,7,1,14.433,179.0,88.0,309.0,14.433,4.0,11.01,roster,0,83.0,65.0,0.6288,62.43,3.5247,0.65,0.4541,3.1923,55.77,6.08,13.4,7.18,7.725
2022-08-09 13:00:00,13,25,25,1.0,6.0,17.0,1.0,0.0,1.0,7,7,4,1,5,1,11.217,172.0,148.0,239.0,5.967,4.0,11.01,roster,0,82.0,62.5,0.5857,56.92,4.1354,0.625,0.6358,3.28,53.62,4.34,13.4,5.56,5.975
2022-08-09 14:00:00,14,24,24,0.0,5.0,17.0,2.0,0.0,1.0,7,5,6,0,6,0,12.217,206.0,117.0,232.0,6.967,4.0,11.01,roster,0,75.0,60.0,0.5515,42.08,3.2942,0.6,0.4541,3.125,51.48,5.21,0.0,5.39,5.8
2022-08-09 15:00:00,15,18,18,0.0,5.0,12.0,1.0,0.0,1.0,7,5,5,0,5,0,9.517,268.0,264.0,292.0,7.967,4.0,11.01,roster,0,58.0,45.0,0.4143,29.74,2.9133,0.45,0.4541,3.2222,38.61,4.34,0.0,6.79,7.3
2022-08-09 16:00:00,16,19,19,0.0,5.0,14.0,0.0,0.0,1.0,7,6,6,0,6,0,10.517,326.0,190.0,352.0,8.967,4.0,11.01,roster,0,62.0,47.5,0.4559,34.15,3.3283,0.475,0.545,3.2632,40.75,5.21,0.0,8.18,8.8
2022-08-09 17:00:00,17,20,20,0.0,3.0,14.0,0.0,3.0,1.0,10,9,4,0,4,0,11.517,400.0,388.0,598.0,9.967,4.0,11.01,roster,0,57.0,50.0,0.3958,40.28,3.7547,0.5,0.8174,2.85,42.9,3.47,0.0,13.9,14.95
2022-08-09 18:00:00,18,20,20,2.0,3.0,14.0,1.0,0.0,1.0,7,7,6,0,6,0,12.517,290.5,106.0,472.0,10.967,4.0,11.01,roster,0,66.0,50.0,0.4853,39.08,3.7481,0.5,0.6358,3.3,42.9,5.21,0.0,10.97,11.8
2022-08-09 19:00:00,19,20,20,1.0,4.0,15.0,0.0,0.0,1.0,9,7,6,0,6,0,13.517,166.5,85.0,508.0,8.867,4.0,11.01,roster,0,66.0,50.0,0.4853,39.92,3.7481,0.5,0.6358,3.3,42.9,5.21,0.0,11.81,12.7
2022-08-09 20:00:00,20,19,19,1.0,3.0,15.0,0.0,0.0,1.0,8,3,8,0,8,0,14.517,161.0,99.0,568.0,9.867,4.0,10.47,roster,0,62.0,47.5,0.4844,40.91,2.485,0.475,0.2865,3.2632,40.75,6.95,0.0,13.21,14.2
2022-08-09 21:00:00,21,17,17,1.0,3.0,11.0,2.0,0.0,1.0,7,6,6,0,6,0,10.867,286.5,136.0,628.0,10.867,4.0,10.47,roster,0,54.0,42.5,0.3971,36.28,3.1703,0.425,0.5731,3.1765,36.46,5.21,0.0,14.6,15.7
2022-08-09 22:00:00,22,17,17,1.0,2.0,13.0,1.0,0.0,1.0,6,5,7,0,7,0,11.467,181.0,84.0,373.0,11.467,3.0,6.77,roster,0,54.0,42.5,0.5455,31.22,3.696,0.425,0.7386,3.1765,36.46,6.08,0.0,8.67,9.325
2022-08-09 23:00:00,23,13,13,1.0,3.0,7.0,2.0,0.0,1.0,4,4,2,0,2,0,12.217,288.5,144.0,433.0,7.217,3.0,6.77,roster,0,42.0,32.5,0.3684,19.69,2.9589,0.325,0.5908,3.2308,27.88,1.74,0.0,10.07,10.825
2022-08-10 00:00:00,0,14,14,1.0,4.0,7.0,2.0,0.0,1.0,6,5,5,0,5,0,8.217,96.0,85.0,204.0,8.217,3.0,6.77,roster,0,46.0,35.0,0.4381,19.11,3.5767,0.35,0.7386,3.2857,30.03,4.34,0.0,4.74,5.1
2022-08-10 01:00:00,1,15,15,1.0,4.0,8.0,2.0,0.0,1.0,2,2,7,1,8,1,9.217,142.5,112.0,264.0,9.217,3.0,6.77,roster,0,49.0,37.5,0.5104,38.66,2.19,0.375,0.2954,3.2667,32.17,6.95,13.4,6.14,6.6
2022-08-10 02:00:00,2,15,15,1.0,3.0,8.0,3.0,0.0,1.0,3,3,6,1,7,1,10.217,200.0,158.0,324.0,10.217,3.0,6.77,roster,0,47.0,37.5,0.4747,39.19,2.5635,0.375,0.4431,3.1333,32.17,6.08,13.4,7.53,8.1
2022-08-10 03:00:00,3,12,12,0.0,2.0,8.0,2.0,0.0,1.0,0,0,5,0,5,0,11.217,276.0,260.0,384.0,11.217,3.0,6.77,roster,0,36.0,30.0,0.3429,19.01,0.9,0.3,0.0,3.0,25.74,4.34,0.0,8.93,9.6
2022-08-10 04:00:00,4,13,13,0.0,2.0,9.0,2.0,0.0,1.0,3,2,5,0,5,0,12.217,336.0,320.0,444.0,12.217,3.0,6.77,roster,0,39.0,32.5,0.3714,22.55,1.8613,0.325,0.2954,3.0,27.88,4.34,0.0,10.32,11.1
2022-08-10 05:00:00,5,15,15,0.0,2.0,10.0,3.0,0.0,1.0,2,3,5,0,5,0,13.217,396.0,380.0,504.0,13.217,3.0,6.77,roster,0,44.0,37.5,0.419,28.23,2.3999,0.375,0.4431,2.9333,32.17,4.34,0.0,11.72,12.6
2022-08-10 06:00:00,6,13,13,0.0,2.0,8.0,3.0,0.0,1.0,1,1,5,0,5,0,14.217,456.0,440.0,564.0,14.217,3.0,6.77,roster,0,38.0,32.5,0.3619,25.34,1.3818,0.325,0.1477,2.9231,27.88,4.34,0.0,13.11,14.1
2022-08-10 07:00:00,7,13,13,0.0,2.0,8.0,3.0,0.0,1.0,4,3,5,0,5,0,15.217,516.0,500.0,624.0,15.217,3.0,6.77,roster,0,38.0,32.5,0.3619,26.73,2.2453,0.325,0.4431,2.9231,27.88,4.34,0.0,14.51,15.6
2022-08-10 08:00:00,8,15,15,0.0,2.0,9.0,4.0,0.0,1.0,4,4,6,0,6,0,16.217,568.0,231.0,684.0,16.217,3.0,6.66,roster,0,43.0,37.5,0.4216,33.29,2.7967,0.375,0.6006,2.8667,32.17,5.21,0.0,15.9,17.1
2022-08-10 09:00:00,9,18,18,0.0,1.0,13.0,4.0,0.0,1.0,8,7,4,0,4,0,17.217,682.0,620.0,1033.0,17.217,3.0,6.66,roster,0,51.0,45.0,0.4722,46.1,4.253,0.45,1.0511,2.8333,38.61,3.47,0.0,24.02,25.825
2022-08-10 10:00:00,10,20,20,2.0,3.0,13.0,2.0,0.0,1.0,10,8,4,0,4,0,18.217,742.0,680.0,1093.0,18.217,4.0,11.64,roster,0,65.0,50.0,0.4514,51.79,3.8587,0.5,0.6873,3.25,42.9,3.47,0.0,25.41,27.325
2022-08-10 11:00:00,11,28,28,1.0,5.0,20.0,2.0,0.0,1.0,13,13,7,0,7,0,19.217,125.0,93.0,864.0,19.217,4.0,11.64,roster,0,89.0,70.0,0.6742,66.23,5.775,0.7,1.1168,3.1786,60.06,6.08,0.0,20.09,21.6
2022-08-10 12:00:00,12,26,26,1.0,5.0,17.0,2.0,1.0,1.0,5,5,9,1,10,1,20.217,152.5,87.0,800.0,20.217,4.0,11.64,roster,0,81.0,65.0,0.675,76.45,3.3632,0.65,0.4296,3.1154,55.77,8.68,13.4,18.6,20.0
2022-08-10 13:00:00,13,28,28,1.0,7.0,18.0,2.0,0.0,1.0,9,8,9,1,10,1,21.217,177.5,144.0,245.0,21.217,4.0,11.64,roster,0,91.0,70.0,0.7583,67.84,4.5087,0.7,0.6873,3.25,60.06,8.68,13.4,5.7,6.125
2022-08-10 14:00:00,14,23,23,0.0,6.0,15.0,2.0,0.0,1.0,5,5,9,1,10,1,22.217,205.5,138.0,264.0,22.217,4.0,11.64,roster,0,73.0,57.5,0.6083,57.56,3.1884,0.575,0.4296,3.1739,49.33,8.68,13.4,6.14,6.6
2022-08-10 15:00:00,15,23,23,0.0,4.0,18.0,1.0,0.0,1.0,9,9,8,0,8,0,23.217,218.5,126.0,980.0,23.217,4.0,11.64,roster,0,72.0,57.5,0.5625,59.07,4.2204,0.575,0.7732,3.1304,49.33,6.95,0.0,22.78,24.5
2022-08-10 16:00:00,16,19,19,0.0,3.0,16.0,0.0,0.0,1.0,9,7,7,0,7,0,5.517,156.0,112.0,233.0,5.517,4.0,11.64,roster,0,60.0,47.5,0.4545,32.25,3.3991,0.475,0.6014,3.1579,40.75,6.08,0.0,5.42,5.825
2022-08-10 17:00:00,17,18,18,0.0,3.0,15.0,0.0,0.0,1.0,4,4,6,1,7,1,6.517,188.0,115.0,246.0,6.517,4.0,11.64,roster,0,57.0,45.0,0.4318,43.81,2.5132,0.45,0.3436,3.1667,38.61,6.08,13.4,5.72,6.15
2022-08-10 18:00:00,18,21,21,0.0,4.0,17.0,0.0,0.0,1.0,6,6,7,0,7,0,7.517,248.0,151.0,306.0,7.517,4.0,11.64,roster,0,67.0,52.5,0.5076,38.24,3.3196,0.525,0.5155,3.1905,45.04,6.08,0.0,7.11,7.65
2022-08-10 19:00:00,19,25,25,0.0,3.0,19.0,3.0,0.0,1.0,12,12,8,0,8,0,8.517,121.0,88.0,336.0,8.517,4.0,11.64,roster,0,75.0,62.5,0.5859,48.38,4.9678,0.625,1.0309,3.0,53.62,6.95,0.0,7.81,8.4
2022-08-10 20:00:00,20,25,25,0.0,4.0,18.0,3.0,0.0,1.0,8,8,9,0,9,0,9.517,176.0,134.0,319.0,9.517,4.0,12.11,roster,0,76.0,62.5,0.6129,48.86,3.9083,0.625,0.6606,3.04,53.62,7.81,0.0,7.42,7.975
2022-08-10 21:00:00,21,18,18,0.0,1.0,14.0,2.0,1.0,1.0,9,7,7,1,8,1,7.6,139.5,100.0,379.0,7.6,4.0,12.11,roster,0,51.0,45.0,0.3984,47.77,2.9128,0.45,0.578,2.8333,38.61,6.95,13.4,8.81,9.475
2022-08-10 22:00:00,22,18,18,0.0,0.0,16.0,2.0,0.0,1.0,7,8,5,0,5,0,8.6,191.0,160.0,439.0,8.6,3.0,7.13,roster,0,52.0,45.0,0.4952,33.16,4.5414,0.45,1.122,2.8889,38.61,4.34,0.0,10.21,10.975
2022-08-10 23:00:00,23,14,14,0.0,1.0,12.0,1.0,0.0,1.0,5,3,5,0,5,0,9.6,251.0,182.0,499.0,9.6,3.0,7.13,roster,0,42.0,35.0,0.4,25.97,2.3123,0.35,0.4208,3.0,30.03,4.34,0.0,11.6,12.475
2022-08-11 00:00:00,0,20,20,0.0,2.0,15.0,3.0,0.0,1.0,9,8,6,0,6,0,10.6,276.5,135.0,559.0,10.6,3.0,7.13,roster,0,59.0,50.0,0.5784,41.11,4.785,0.5,1.122,2.95,42.9,5.21,0.0,13.0,13.975
2022-08-11 01:00:00,1,17,17,0.0,2.0,15.0,0.0,0.0,1.0,4,5,6,0,6,0,11.6,336.5,195.0,619.0,11.6,3.0,7.13,roster,0,53.0,42.5,0.5196,36.07,3.5113,0.425,0.7013,3.1176,36.46,5.21,0.0,14.39,15.475
2022-08-11 02:00:00,2,19,19,0.0,2.0,17.0,0.0,0.0,1.0,6,5,7,0,7,0,12.6,362.0,182.0,679.0,12.6,3.0,7.13,roster,0,59.0,47.5,0.596,42.62,3.6526,0.475,0.7013,3.1053,40.75,6.08,0.0,15.79,16.975
2022-08-11 03:00:00,3,21,21,0.0,2.0,18.0,0.0,1.0,1.0,6,6,9,0,9,0,13.6,315.0,122.0,491.0,13.6,3.0,7.13,roster,0,63.0,52.5,0.6774,44.28,4.0995,0.525,0.8415,3.0,45.04,7.81,0.0,11.42,12.275
2022-08-11 04:00:00,4,21,21,0.0,3.0,18.0,0.0,0.0,1.0,4,4,9,0,9,0,14.6,375.0,182.0,551.0,14.6,3.0,7.13,roster,0,66.0,52.5,0.7097,45.67,3.4132,0.525,0.561,3.1429,45.04,7.81,0.0,12.81,13.775
2022-08-11 05:00:00,5,21,21,0.0,3.0,18.0,0.0,0.0,1.0,4,4,9,0,9,0,15.6,435.0,242.0,611.0,15.6,3.0,7.13,roster,0,66.0,52.5,0.7097,47.07,3.4132,0.525,0.561,3.1429,45.04,7.81,0.0,14.21,15.275
2022-08-11 06:00:00,6,17,17,0.0,3.0,14.0,0.0,0.0,1.0,0,0,10,0,10,0,16.6,458.5,290.0,671.0,16.6,3.0,7.13,roster,0,54.0,42.5,0.6,40.75,1.35,0.425,0.0,3.1765,36.46,8.68,0.0,15.6,16.775
2022-08-11 07:00:00,7,16,16,0.0,2.0,14.0,0.0,0.0,1.0,3,2,10,0,10,0,17.6,518.5,350.0,731.0,17.6,3.0,7.13,roster,0,50.0,40.0,0.5556,40.0,2.1266,0.4,0.2805,3.125,34.32,8.68,0.0,17.0,18.275
2022-08-11 08:00:00,8,17,17,0.0,2.0,15.0,0.0,0.0,1.0,3,3,11,0,11,0,18.6,542.0,388.0,791.0,18.6,3.0,6.43,roster,0,53.0,42.5,0.6092,44.41,2.7796,0.425,0.4666,3.1176,36.46,9.55,0.0,18.39,19.775
2022-08-11 09:00:00,9,14,14,0.0,1.0,12.0,1.0,0.0,1.0,5,3,7,0,7,0,19.6,482.0,101.0,1099.0,19.6,3.0,6.43,roster,0,42.0,35.0,0.4242,41.66,2.4497,0.35,0.4666,3.0,30.03,6.08,0.0,25.55,27.475
2022-08-11 10:00:00,10,27,27,0.0,2.0,23.0,2.0,0.0,1.0,15,14,7,0,7,0,20.6,542.0,161.0,1159.0,20.6,4.0,10.13,roster,0,81.0,67.5,0.6136,70.94,6.1711,0.675,1.382,3.0,57.92,6.08,0.0,26.95,28.975
2022-08-11 11:00:00,11,36,36,1.0,3.0,31.0,1.0,0.0,1.0,14,13,13,1,14,1,21.6,146.0,94.0,602.0,21.6,4.0,10.13,roster,0,112.0,90.0,1.0769,96.77,6.7925,0.9,1.2833,3.1111,77.22,12.16,13.4,14.0,15.05
2022-08-11 12:00:00,12,34,34,1.0,3.0,27.0,3.0,0.0,1.0,8,8,11,2,13,2,22.6,156.0,146.0,281.0,22.6,4.0,10.13,roster,0,104.0,85.0,0.963,97.55,5.0157,0.85,0.7897,3.0588,72.93,11.29,26.8,6.53,7.025
2022-08-11 13:00:00,13,33,33,1.0,3.0,24.0,5.0,0.0,1.0,8,9,10,2,12,2,23.6,215.0,157.0,722.0,23.6,4.0,10.13,roster,0,99.0,82.5,0.8839,104.79,5.1404,0.825,0.8885,3.0,70.78,10.42,26.8,16.79,18.05
2022-08-11 14:00:00,14,32,32,1.0,4.0,23.0,4.0,0.0,1.0,9,9,10,1,11,1,24.6,268.0,126.0,782.0,24.6,4.0,10.13,roster,0,98.0,80.0,0.8448,89.77,5.1709,0.8,0.8885,3.0625,68.64,9.55,13.4,18.18,19.55
2022-08-11 15:00:00,15,29,29,1.0,2.0,24.0,2.0,0.0,1.0,7,6,11,1,12,1,14.033,229.5,123.0,340.0,14.033,4.0,10.13,roster,0,89.0,72.5,0.7946,73.93,4.0427,0.725,0.5923,3.069,62.2,10.42,13.4,7.9,8.5
2022-08-11 16:00:00,16,22,22,1.0,1.0,18.0,2.0,0.0,1.0,8,7,8,1,9,1,6.667,148.0,82.0,183.0,6.667,4.0,10.13,roster,0,67.0,55.0,0.5403,52.66,3.7795,0.55,0.691,3.0455,47.19,7.81,13.4,4.25,4.575
2022-08-11 17:00:00,17,26,26,1.0,2.0,22.0,1.0,0.0,1.0,8,8,7,1,8,1,6.583,202.0,142.0,243.0,6.55,4.0,10.13,roster,0,81.0,65.0,0.6328,61.77,4.4853,0.65,0.7897,3.1154,55.77,6.95,13.4,5.65,6.075
2022-08-11 18:00:00,18,22,22,2.0,2.0,16.0,1.0,1.0,1.0,4,4,9,1,10,1,7.583,229.0,103.0,299.0,7.55,4.0,10.13,roster,0,69.0,55.0,0.575,56.22,2.9634,0.55,0.3949,3.1364,47.19,8.68,13.4,6.95,7.475
2022-08-11 19:00:00,19,23,23,2.0,2.0,18.0,1.0,0.0,1.0,7,6,7,2,9,2,8.583,316.0,142.0,359.0,8.55,4.0,10.13,roster,0,74.0,57.5,0.5968,72.3,3.7557,0.575,0.5923,3.2174,49.33,7.81,26.8,8.35,8.975
2022-08-11 20:00:00,20,25,25,2.0,2.0,21.0,0.0,0.0,1.0,9,8,8,2,10,2,9.583,164.0,85.0,376.0,7.05,4.0,10.91,roster,0,81.0,62.5,0.675,77.85,4.4008,0.625,0.7333,3.24,53.62,8.68,26.8,8.74,9.4
2022-08-11 21:00:00,21,27,27,2.0,1.0,22.0,2.0,0.0,1.0,10,9,8,2,10,2,10.583,179.0,138.0,436.0,8.05,4.0,10.91,roster,0,84.0,67.5,0.7,83.54,4.6665,0.675,0.8249,3.1111,57.92,8.68,26.8,10.14,10.9
2022-08-11 22:00:00,22,32,32,2.0,2.0,26.0,2.0,0.0,1.0,10,10,9,2,11,2,11.583,205.0,117.0,422.0,9.05,3.0,7.21,roster,0,100.0,80.0,1.1494,94.8,6.8343,0.8,1.387,3.125,68.64,9.55,26.8,9.81,10.55
2022-08-11 23:00:00,23,30,30,1.0,2.0,26.0,1.0,0.0,1.0,9,7,11,1,12,1,12.583,156.5,113.0,292.0,9.983,3.0,7.21,roster,0,93.0,75.0,1.1071,74.96,5.3347,0.75,0.9709,3.1,64.35,10.42,13.4,6.79,7.3
2022-08-12 00:00:00,0,24,24,1.0,1.0,21.0,1.0,0.0,1.0,6,5,10,1,11,1,13.583,237.0,152.0,352.0,10.983,3.0,7.21,roster,0,74.0,60.0,0.8506,62.62,3.9882,0.6,0.6935,3.0833,51.48,9.55,13.4,8.18,8.8
2022-08-12 01:00:00,1,19,19,1.0,1.0,16.0,1.0,0.0,1.0,1,0,11,1,12,1,14.583,276.5,212.0,412.0,11.983,3.0,7.21,roster,0,59.0,47.5,0.7024,54.15,1.475,0.475,0.0,3.1053,40.75,10.42,13.4,9.58,10.3
2022-08-12 02:00:00,2,19,19,1.0,3.0,14.0,1.0,0.0,1.0,3,2,11,1,12,1,15.583,336.5,272.0,472.0,12.983,3.0,7.21,roster,0,61.0,47.5,0.7262,55.55,2.4156,0.475,0.2774,3.2105,40.75,10.42,13.4,10.97,11.8
2022-08-12 03:00:00,3,19,19,1.0,4.0,13.0,1.0,0.0,1.0,2,1,11,1,12,1,16.583,396.5,332.0,532.0,13.983,3.0,7.21,roster,0,62.0,47.5,0.7381,56.94,2.0026,0.475,0.1387,3.2632,40.75,10.42,13.4,12.37,13.3
2022-08-12 04:00:00,4,24,24,1.0,6.0,16.0,1.0,0.0,1.0,6,5,11,1,12,1,17.583,456.5,392.0,592.0,14.983,3.0,7.21,roster,0,79.0,60.0,0.9405,69.06,4.2577,0.6,0.6935,3.2917,51.48,10.42,13.4,13.76,14.8
2022-08-12 05:00:00,5,26,26,1.0,7.0,17.0,1.0,0.0,1.0,3,3,13,1,14,1,18.583,494.5,441.0,618.0,15.983,3.0,7.21,roster,0,86.0,65.0,1.1026,75.69,3.5263,0.65,0.4161,3.3077,55.77,12.16,13.4,14.37,15.45
2022-08-12 06:00:00,6,25,25,1.0,6.0,17.0,1.0,0.0,1.0,3,3,14,1,15,1,19.583,553.0,397.0,678.0,16.983,3.0,7.21,roster,0,82.0,62.5,1.0933,75.81,3.4148,0.625,0.4161,3.28,53.62,13.02,13.4,15.76,16.95
2022-08-12 07:00:00,7,20,20,1.0,4.0,14.0,1.0,0.0,1.0,1,0,14,1,15,1,20.583,613.0,457.0,738.0,17.983,3.0,7.21,roster,0,65.0,50.0,0.8667,66.48,1.625,0.5,0.0,3.25,42.9,13.02,13.4,17.16,18.45
2022-08-12 08:00:00,8,21,21,1.0,5.0,14.0,1.0,0.0,1.0,6,4,14,1,15,1,21.583,673.0,517.0,798.0,18.983,3.0,6.13,roster,0,69.0,52.5,0.92,70.02,3.869,0.525,0.6525,3.2857,45.04,13.02,13.4,18.55,19.95
2022-08-12 09:00:00,9,20,20,1.0,5.0,13.0,1.0,0.0,1.0,7,6,12,1,13,1,22.583,733.0,358.0,858.0,19.983,3.0,6.13,roster,0,66.0,50.0,0.8148,67.54,4.88,0.5,0.9788,3.3,42.9,11.29,13.4,19.95,21.45
2022-08-12 10:00:00,10,21,21,2.0,3.0,16.0,0.0,0.0,1.0,12,8,8,1,9,1,23.583,752.0,354.0,918.0,20.983,4.0,9.83,roster,0,70.0,52.5,0.5645,67.6,4.4628,0.525,0.8138,3.3333,45.04,7.81,13.4,21.34,22.95
2022-08-12 11:00:00,11,25,25,2.0,3.0,19.0,1.0,0.0,1.0,10,8,8,2,10,2,21.983,432.0,143.0,853.0,21.983,4.0,9.83,roster,0,81.0,62.5,0.675,88.94,4.6618,0.625,0.8138,3.24,53.62,8.68,26.8,19.83,21.325
2022-08-12 12:00:00,12,21,21,3.0,3.0,15.0,0.0,0.0,1.0,8,6,5,2,7,2,22.983,474.0,167.0,1262.0,22.983,4.0,9.83,roster,0,72.0,52.5,0.5455,87.26,3.8927,0.525,0.6104,3.4286,45.04,6.08,26.8,29.34,31.55
2022-08-12 13:00:00,13,25,25,4.0,3.0,17.0,0.0,1.0,1.0,10,9,6,2,8,2,23.983,271.5,199.0,1322.0,23.983,4.0,9.83,roster,0,84.0,62.5,0.6562,98.11,5.1763,0.625,0.9156,3.36,53.62,6.95,26.8,30.74,33.05
2022-08-12 14:00:00,14,22,22,4.0,3.0,14.0,0.0,1.0,1.0,5,4,5,2,7,2,23.033,259.0,126.0,630.0,23.033,4.0,9.83,roster,0,75.0,55.0,0.5682,74.72,3.2622,0.55,0.4069,3.4091,47.19,6.08,26.8,14.65,15.75
2022-08-12 15:00:00,15,24,24,2.0,3.0,18.0,0.0,1.0,1.0,8,8,6,0,6,0,11.5,169.5,100.0,347.0,11.5,4.0,9.83,roster,0,77.0,60.0,0.5662,44.76,4.5361,0.6,0.8138,3.2083,51.48,5.21,0.0,8.07,8.675
2022-08-12 16:00:00,16,22,22,1.0,4.0,16.0,1.0,0.0,1.0,7,7,6,0,6,0,12.5,198.5,119.0,407.0,12.5,4.0,9.83,roster,0,71.0,55.0,0.5221,41.86,4.0732,0.55,0.7121,3.2273,47.19,5.21,0.0,9.46,10.175
2022-08-12 17:00:00,17,19,19,1.0,5.0,12.0,1.0,0.0,1.0,5,6,5,0,5,0,13.5,306.0,211.0,467.0,13.5,4.0,9.83,roster,0,63.0,47.5,0.45,35.95,3.5989,0.475,0.6104,3.3158,40.75,4.34,0.0,10.86,11.675
2022-08-12 18:00:00,18,23,23,1.0,5.0,16.0,1.0,0.0,1.0,10,10,5,0,5,0,14.5,366.0,271.0,527.0,14.5,4.0,9.83,roster,0,75.0,57.5,0.5357,45.93,5.1923,0.575,1.0173,3.2609,49.33,4.34,0.0,12.25,13.175
2022-08-12 19:00:00,19,18,18,0.0,2.0,15.0,1.0,0.0,1.0,5,5,5,0,5,0,7.133,93.0,81.0,118.0,7.1,4.0,9.83,roster,0,55.0,45.0,0.3929,25.7,2.9292,0.45,0.5086,3.0556,38.61,4.34,0.0,2.74,2.95
2022-08-12 20:00:00,20,19,19,0.0,1.0,17.0,1.0,0.0,1.0,9,8,5,0,5,0,6.85,118.0,109.0,138.0,2.55,4.0,10.27,roster,0,57.0,47.5,0.4071,28.31,3.7619,0.475,0.779,3.0,40.75,4.34,0.0,3.21,3.45
2022-08-12 21:00:00,21,28,28,1.0,4.0,21.0,2.0,0.0,1.0,16,15,4,0,4,0,6.25,188.0,178.0,213.0,3.55,4.0,10.27,roster,0,88.0,70.0,0.6111,48.49,6.7903,0.7,1.4606,3.1429,60.06,3.47,0.0,4.95,5.325
2022-08-12 22:00:00,22,22,22,1.0,6.0,14.0,1.0,0.0,1.0,8,8,3,1,4,1,6.15,100.0,81.0,197.0,3.283,3.0,6.57,roster,0,73.0,55.0,0.6759,48.64,5.8654,0.55,1.2177,3.3182,47.19,3.47,13.4,4.58,4.925
2022-08-12 23:00:00,23,21,21,2.0,6.0,12.0,1.0,0.0,1.0,6,5,3,1,4,1,7.0,134.0,127.0,179.0,2.983,3.0,6.57,roster,0,72.0,52.5,0.6667,46.08,4.4093,0.525,0.761,3.4286,45.04,3.47,13.4,4.16,4.475
2022-08-13 00:00:00,0,21,21,3.0,5.0,12.0,1.0,0.0,1.0,6,4,4,2,6,2,8.0,162.0,99.0,201.0,3.983,3.0,6.57,roster,0,73.0,52.5,0.7157,61.73,3.9414,0.525,0.6088,3.4762,45.04,5.21,26.8,4.67,5.025
2022-08-13 01:00:00,1,16,16,3.0,5.0,7.0,1.0,0.0,1.0,3,2,5,2,7,2,5.467,159.0,95.0,247.0,4.983,3.0,6.57,roster,0,58.0,40.0,0.5859,52.94,2.5535,0.4,0.3044,3.625,34.32,6.08,26.8,5.74,6.175
2022-08-13 02:00:00,2,13,13,3.0,3.0,7.0,0.0,0.0,1.0,2,1,5,2,7,2,6.317,219.0,155.0,307.0,5.983,3.0,6.57,roster,0,48.0,32.5,0.4848,47.9,1.762,0.325,0.1522,3.6923,27.88,6.08,26.8,7.14,7.675
2022-08-13 03:00:00,3,14,14,3.0,3.0,8.0,0.0,0.0,1.0,2,2,5,2,7,2,7.317,279.0,215.0,367.0,6.983,3.0,6.57,roster,0,51.0,35.0,0.5152,51.44,2.3839,0.35,0.3044,3.6429,30.03,6.08,26.8,8.53,9.175
2022-08-13 04:00:00,4,16,16,3.0,3.0,8.0,2.0,0.0,1.0,4,3,5,2,7,2,8.317,339.0,275.0,427.0,7.983,3.0,6.57,roster,0,55.0,40.0,0.5556,57.13,2.9446,0.4,0.4566,3.4375,34.32,6.08,26.8,9.93,10.675
2022-08-13 05:00:00,5,17,17,4.0,3.0,10.0,0.0,0.0,1.0,4,4,5,2,7,2,9.317,399.0,335.0,487.0,8.983,3.0,6.57,roster,0,62.0,42.5,0.6263,60.67,3.7704,0.425,0.6088,3.6471,36.46,6.08,26.8,11.32,12.175
2022-08-13 06:00:00,6,20,20,4.0,4.0,12.0,0.0,0.0,1.0,4,4,7,2,9,2,10.317,439.0,391.0,497.0,9.983,3.0,6.57,roster,0,72.0,50.0,0.7742,69.07,3.9918,0.5,0.6088,3.6,42.9,7.81,26.8,11.56,12.425
2022-08-13 07:00:00,7,17,17,4.0,3.0,9.0,1.0,0.0,1.0,2,2,6,2,8,2,11.317,509.0,455.0,607.0,10.983,3.0,6.57,roster,0,61.0,42.5,0.6354,64.32,2.6173,0.425,0.3044,3.5882,36.46,6.95,26.8,14.11,15.175
2022-08-13 08:00:00,8,16,16,4.0,3.0,8.0,1.0,0.0,1.0,5,4,7,2,9,2,12.317,559.0,511.0,617.0,11.983,3.0,7.78,roster,0,58.0,40.0,0.6237,63.28,3.3138,0.4,0.5141,3.625,34.32,7.81,26.8,14.35,15.425
2022-08-13 09:00:00,9,14,14,3.0,2.0,7.0,2.0,0.0,1.0,4,4,5,2,7,2,13.317,575.0,161.0,639.0,12.983,3.0,7.78,roster,0,48.0,35.0,0.4848,57.76,2.9628,0.35,0.5141,3.4286,30.03,6.08,26.8,14.86,15.975
2022-08-13 10:00:00,10,16,16,1.0,3.0,9.0,3.0,0.0,1.0,9,6,5,2,7,2,14.317,221.0,88.0,699.0,13.983,4.0,11.12,roster,0,50.0,40.0,0.3788,63.45,2.9362,0.4,0.5396,3.125,34.32,6.08,26.8,16.25,17.475
2022-08-13 11:00:00,11,24,24,1.0,6.0,14.0,3.0,0.0,1.0,17,12,5,2,7,2,14.983,219.0,82.0,759.0,14.983,4.0,11.12,roster,0,77.0,60.0,0.5833,82.0,5.3872,0.6,1.0791,3.2083,51.48,6.08,26.8,17.65,18.975
2022-08-13 12:00:00,12,32,32,2.0,8.0,17.0,5.0,0.0,1.0,12,10,7,3,10,3,15.983,175.0,109.0,341.0,15.983,4.0,11.12,roster,0,103.0,80.0,0.8583,105.45,5.4696,0.8,0.8993,3.2188,68.64,8.68,40.2,7.93,8.525
2022-08-13 13:00:00,13,33,33,2.0,8.0,20.0,3.0,0.0,1.0,9,8,8,3,11,3,16.983,194.0,157.0,401.0,16.983,4.0,11.12,roster,0,108.0,82.5,0.931,109.86,5.0545,0.825,0.7194,3.2727,70.78,9.55,40.2,9.32,10.025
2022-08-13 14:00:00,14,30,30,2.0,7.0,17.0,4.0,0.0,1.0,5,3,9,2,11,2,17.983,254.0,144.0,461.0,17.983,4.0,11.12,roster,0,97.0,75.0,0.8362,91.42,3.2973,0.75,0.2698,3.2333,64.35,9.55,26.8,10.72,11.525
2022-08-13 15:00:00,15,27,27,3.0,6.0,17.0,1.0,0.0,1.0,10,9,4,1,5,1,16.65,459.0,314.0,521.0,16.65,4.0,11.12,roster,0,92.0,67.5,0.6571,67.77,5.0578,0.675,0.8094,3.4074,57.92,4.34,13.4,12.11,13.025
2022-08-13 16:00:00,16,22,22,3.0,4.0,14.0,1.0,0.0,1.0,11,8,3,2,5,2,17.65,260.0,104.0,581.0,17.65,4.0,11.12,roster,0,75.0,55.0,0.5357,71.84,4.3276,0.55,0.7194,3.4091,47.19,4.34,26.8,13.51,14.525
2022-08-13 17:00:00,17,25,25,3.0,2.0,19.0,1.0,0.0,1.0,11,9,6,2,8,2,18.65,154.0,115.0,641.0,18.65,4.0,11.12,roster,0,82.0,62.5,0.6406,82.27,4.7047,0.625,0.8094,3.28,53.62,6.95,26.8,14.9,16.025
2022-08-13 18:00:00,18,26,26,1.0,3.0,19.0,1.0,2.0,1.0,12,10,5,1,6,1,19.65,158.0,139.0,701.0,19.65,4.0,11.12,roster,0,78.0,65.0,0.5735,70.68,4.6478,0.65,0.8993,3.0,55.77,5.21,13.4,16.3,17.525
2022-08-13 19:00:00,19,27,27,1.0,3.0,21.0,2.0,0.0,1.0,7,6,6,1,7,1,20.65,201.0,174.0,761.0,20.65,4.0,11.12,roster,0,84.0,67.5,0.6364,75.09,3.7787,0.675,0.5396,3.1111,57.92,6.08,13.4,17.69,19.025
2022-08-13 20:00:00,20,20,20,1.0,1.0,15.0,2.0,1.0,1.0,9,4,7,0,7,0,13.683,259.0,138.0,295.0,13.683,4.0,9.99,roster,0,59.0,50.0,0.447,35.84,2.6562,0.5,0.4004,2.95,42.9,6.08,0.0,6.86,7.375
2022-08-13 21:00:00,21,21,21,1.0,0.0,15.0,4.0,1.0,1.0,9,8,5,0,5,0,14.683,198.0,130.0,321.0,14.683,4.0,9.99,roster,0,59.0,52.5,0.4214,36.85,3.7249,0.525,0.8008,2.8095,45.04,4.34,0.0,7.46,8.025
2022-08-13 22:00:00,22,19,19,1.0,0.0,13.0,3.0,2.0,1.0,6,5,6,0,6,0,15.683,216.0,100.0,381.0,15.683,3.0,6.65,roster,0,52.0,47.5,0.5098,34.82,3.3578,0.475,0.7519,2.7368,40.75,5.21,0.0,8.86,9.525
2022-08-13 23:00:00,23,23,23,1.0,0.0,18.0,2.0,2.0,1.0,11,11,6,0,6,0,16.683,276.0,160.0,441.0,16.683,3.0,6.65,roster,0,65.0,57.5,0.6373,44.8,6.2997,0.575,1.6541,2.8261,49.33,5.21,0.0,10.25,11.025
2022-08-14 00:00:00,0,16,16,1.0,0.0,13.0,1.0,1.0,1.0,4,3,6,0,6,0,17.683,336.0,220.0,501.0,17.683,3.0,6.65,roster,0,47.0,40.0,0.4608,31.18,2.5002,0.4,0.4511,2.9375,34.32,5.21,0.0,11.65,12.525
2022-08-14 01:00:00,1,15,15,1.0,0.0,12.0,1.0,1.0,1.0,4,3,7,0,7,0,18.683,354.0,162.0,561.0,18.683,3.0,6.65,roster,0,44.0,37.5,0.4444,31.3,2.4233,0.375,0.4511,2.9333,32.17,6.08,0.0,13.04,14.025
2022-08-14 02:00:00,2,15,15,1.0,0.0,12.0,1.0,1.0,1.0,5,4,7,0,7,0,19.683,414.0,222.0,621.0,19.683,3.0,6.65,roster,0,44.0,37.5,0.4444,32.69,2.8644,0.375,0.6015,2.9333,32.17,6.08,0.0,14.44,15.525
2022-08-14 03:00:00,3,13,13,1.0,0.0,10.0,1.0,1.0,1.0,4,1,7,0,7,0,20.683,474.0,282.0,681.0,20.683,3.0,6.65,roster,0,38.0,32.5,0.3838,29.8,1.3896,0.325,0.1504,2.9231,27.88,6.08,0.0,15.83,17.025
2022-08-14 04:00:00,4,12,12,1.0,0.0,9.0,1.0,1.0,1.0,0,0,6,0,6,0,21.683,539.0,342.0,741.0,21.683,3.0,6.65,roster,0,35.0,30.0,0.3431,28.18,0.875,0.3,0.0,2.9167,25.74,5.21,0.0,17.23,18.525
2022-08-14 05:00:00,5,14,14,1.0,0.0,11.0,1.0,1.0,1.0,2,2,6,0,6,0,22.683,599.0,402.0,801.0,22.683,3.0,6.65,roster,0,41.0,35.0,0.402,33.86,1.9058,0.35,0.3008,2.9286,30.03,5.21,0.0,18.62,20.025
2022-08-14 06:00:00,6,18,18,1.0,3.0,12.0,1.0,1.0,1.0,6,6,6,0,6,0,23.683,659.0,462.0,861.0,23.683,3.0,6.65,roster,0,56.0,45.0,0.549,43.84,4.207,0.45,0.9023,3.1111,38.61,5.21,0.0,20.02,21.525
2022-08-14 07:00:00,7,19,19,1.0,3.0,13.0,1.0,1.0,1.0,3,3,6,0,6,0,24.683,719.0,522.0,921.0,24.683,3.0,6.65,roster,0,59.0,47.5,0.5784,47.38,2.8759,0.475,0.4511,3.1053,40.75,5.21,0.0,21.41,23.025
2022-08-14 08:00:00,8,18,18,1.0,2.0,13.0,1.0,1.0,1.0,4,3,8,0,8,0,25.683,641.0,524.0,981.0,25.683,3.0,6.91,roster,0,55.0,45.0,0.5729,48.36,2.7016,0.45,0.4342,3.0556,38.61,6.95,0.0,22.81,24.525
2022-08-14 09:00:00,9,16,16,1.0,0.0,13.0,2.0,0.0,1.0,6,6,6,0,6,0,26.683,701.0,141.0,1041.0,26.683,3.0,6.91,roster,0,48.0,40.0,0.4706,43.73,3.8049,0.4,0.8683,3.0,34.32,5.21,0.0,24.2,26.025
2022-08-14 10:00:00,10,18,18,0.0,1.0,13.0,4.0,0.0,1.0,12,9,6,0,6,0,18.35,124.0,107.0,702.0,18.35,4.0,10.27,roster,0,51.0,45.0,0.375,40.14,3.758,0.45,0.8763,2.8333,38.61,5.21,0.0,16.32,17.55
2022-08-14 11:00:00,11,19,19,0.0,1.0,17.0,1.0,0.0,1.0,11,8,7,0,7,0,19.35,124.0,88.0,191.0,19.35,4.0,10.27,roster,0,57.0,47.5,0.4318,31.27,3.7619,0.475,0.779,3.0,40.75,6.08,0.0,4.44,4.775
2022-08-14 12:00:00,12,22,22,0.0,2.0,19.0,1.0,0.0,1.0,12,11,5,0,5,0,4.183,163.0,148.0,237.0,4.183,4.0,10.27,roster,0,67.0,55.0,0.4786,37.04,4.9369,0.55,1.0711,3.0455,47.19,4.34,0.0,5.51,5.925
2022-08-14 13:00:00,13,23,23,0.0,6.0,15.0,2.0,0.0,1.0,10,9,5,0,5,0,5.183,208.0,151.0,223.0,5.183,4.0,10.27,roster,0,73.0,57.5,0.5214,38.86,4.6064,0.575,0.8763,3.1739,49.33,4.34,0.0,5.18,5.575
2022-08-14 14:00:00,14,27,27,0.0,6.0,16.0,5.0,0.0,1.0,13,11,5,1,6,1,6.183,212.0,68.0,283.0,6.183,4.0,10.27,roster,0,82.0,67.5,0.6029,63.1,5.3029,0.675,1.0711,3.037,57.92,5.21,13.4,6.58,7.075
2022-08-14 15:00:00,15,19,19,0.0,6.0,11.0,2.0,0.0,1.0,9,5,4,1,5,1,6.483,128.0,127.0,216.0,5.717,4.0,10.27,roster,0,61.0,47.5,0.4357,43.52,3.0881,0.475,0.4869,3.2105,40.75,4.34,13.4,5.02,5.4
2022-08-14 16:00:00,16,24,24,0.0,6.0,17.0,1.0,0.0,1.0,13,11,6,1,7,1,7.483,187.0,85.0,276.0,6.717,4.0,10.27,roster,0,77.0,60.0,0.5833,57.38,5.3614,0.6,1.0711,3.2083,51.48,6.08,13.4,6.42,6.9
2022-08-14 17:00:00,17,19,19,1.0,3.0,14.0,1.0,0.0,1.0,5,5,6,0,6,0,7.933,182.0,127.0,336.0,7.717,4.0,10.27,roster,0,61.0,47.5,0.4485,33.78,3.0881,0.475,0.4869,3.2105,40.75,5.21,0.0,7.81,8.4
2022-08-14 18:00:00,18,20,20,0.0,4.0,14.0,2.0,0.0,1.0,13,7,7,0,7,0,8.933,205.0,163.0,396.0,8.717,4.0,10.27,roster,0,62.0,50.0,0.4697,38.19,3.663,0.5,0.6816,3.1,42.9,6.08,0.0,9.21,9.9
2022-08-14 19:00:00,19,25,25,0.0,6.0,18.0,1.0,0.0,1.0,9,9,10,0,10,0,9.933,235.0,77.0,339.0,9.717,4.0,10.27,roster,0,80.0,62.5,0.6667,50.19,4.8043,0.625,0.8763,3.2,53.62,8.68,0.0,7.88,8.475
2022-08-14 20:00:00,20,22,22,1.0,4.0,16.0,1.0,0.0,1.0,9,9,6,0,6,0,10.933,135.0,128.0,307.0,8.6,4.0,10.04,roster,0,71.0,55.0,0.5221,39.54,4.668,0.55,0.8964,3.2273,47.19,5.21,0.0,7.14,7.675
2022-08-14 21:00:00,21,22,22,1.0,3.0,18.0,0.0,0.0,1.0,8,6,6,1,7,1,11.933,188.0,119.0,197.0,9.6,4.0,10.04,roster,0,71.0,55.0,0.5379,51.25,3.7036,0.55,0.5976,3.2273,47.19,6.08,13.4,4.58,4.925
2022-08-14 22:00:00,22,24,24,1.0,2.0,21.0,0.0,0.0,1.0,14,10,6,1,7,1,12.933,171.0,94.0,248.0,4.217,3.0,6.68,roster,0,76.0,60.0,0.7677,56.72,6.6405,0.6,1.497,3.1667,51.48,6.08,13.4,5.77,6.2
2022-08-14 23:00:00,23,22,22,1.0,2.0,18.0,1.0,0.0,1.0,7,6,6,2,8,2,13.933,162.0,152.0,253.0,5.217,3.0,6.68,roster,0,69.0,55.0,0.7188,66.82,4.5421,0.55,0.8982,3.1364,47.19,6.95,26.8,5.88,6.325
2022-08-15 00:00:00,0,22,22,1.0,2.0,19.0,0.0,0.0,1.0,6,6,6,2,8,2,14.933,213.0,149.0,313.0,6.217,3.0,6.68,roster,0,70.0,55.0,0.7292,68.21,4.6079,0.55,0.8982,3.1818,47.19,6.95,26.8,7.28,7.825
2022-08-15 01:00:00,1,27,27,1.0,2.0,23.0,1.0,0.0,1.0,10,7,9,2,11,2,15.933,209.0,119.0,351.0,7.217,3.0,6.68,roster,0,84.0,67.5,0.9655,82.43,5.3601,0.675,1.0479,3.1111,57.92,9.55,26.8,8.16,8.775
2022-08-15 02:00:00,2,25,25,0.0,2.0,23.0,0.0,0.0,1.0,5,5,10,1,11,1,16.933,189.0,177.0,334.0,8.217,3.0,6.68,roster,0,77.0,62.5,0.8851,64.34,4.2304,0.625,0.7485,3.08,53.62,9.55,13.4,7.77,8.35
2022-08-15 03:00:00,3,23,23,0.0,2.0,21.0,0.0,0.0,1.0,2,2,10,1,11,1,17.933,249.0,237.0,394.0,9.217,3.0,6.68,roster,0,71.0,57.5,0.8161,61.45,2.6992,0.575,0.2994,3.087,49.33,9.55,13.4,9.16,9.85
2022-08-15 04:00:00,4,21,21,0.0,3.0,18.0,0.0,0.0,1.0,2,2,10,0,10,0,18.933,306.0,297.0,454.0,10.217,3.0,6.68,roster,0,66.0,52.5,0.7333,44.28,2.591,0.525,0.2994,3.1429,45.04,8.68,0.0,10.56,11.35
2022-08-15 05:00:00,5,20,20,0.0,2.0,18.0,0.0,0.0,1.0,3,1,9,0,9,0,19.933,369.0,359.0,514.0,11.217,3.0,6.68,roster,0,62.0,50.0,0.6667,42.67,2.0141,0.5,0.1497,3.1,42.9,7.81,0.0,11.95,12.85
2022-08-15 06:00:00,6,19,19,0.0,2.0,16.0,1.0,0.0,1.0,2,2,9,0,9,0,20.933,429.0,419.0,574.0,12.217,3.0,6.68,roster,0,58.0,47.5,0.6237,41.92,2.364,0.475,0.2994,3.0526,40.75,7.81,0.0,13.35,14.35
2022-08-15 07:00:00,7,19,19,0.0,2.0,17.0,0.0,0.0,1.0,3,2,9,0,9,0,21.933,489.0,479.0,634.0,13.217,3.0,6.68,roster,0,59.0,47.5,0.6344,43.31,2.4047,0.475,0.2994,3.1053,40.75,7.81,0.0,14.74,15.85
2022-08-15 08:00:00,8,23,23,1.0,3.0,19.0,0.0,0.0,1.0,8,7,9,1,10,1,22.933,546.0,537.0,694.0,14.217,3.0,7.06,roster,0,74.0,57.5,0.8222,67.55,5.04,0.575,0.9915,3.2174,49.33,8.68,13.4,16.14,17.35
2022-08-15 09:00:00,9,18,18,0.0,3.0,14.0,1.0,0.0,1.0,4,3,9,1,10,1,23.933,600.0,133.0,752.0,15.217,3.0,7.06,roster,0,56.0,45.0,0.6222,58.18,2.722,0.45,0.4249,3.1111,38.61,8.68,13.4,17.48,18.8
2022-08-15 10:00:00,10,29,29,1.0,4.0,21.0,1.0,2.0,1.0,14,14,8,1,9,1,24.933,657.0,193.0,669.0,13.567,4.0,10.76,roster,0,88.0,72.5,0.7097,78.97,6.1482,0.725,1.3011,3.0345,62.2,7.81,13.4,15.55,16.725
2022-08-15 11:00:00,11,26,26,1.0,7.0,16.0,2.0,0.0,1.0,7,7,9,0,9,0,25.933,103.0,86.0,199.0,12.05,4.0,10.76,roster,0,85.0,65.0,0.6855,48.21,4.2518,0.65,0.6506,3.2692,55.77,7.81,0.0,4.63,4.975
2022-08-15 12:00:00,12,30,30,1.0,10.0,18.0,1.0,0.0,1.0,10,8,10,0,10,0,26.933,143.0,108.0,163.0,4.317,4.0,10.76,roster,0,101.0,75.0,0.8417,56.82,5.0281,0.75,0.7435,3.3667,64.35,8.68,0.0,3.79,4.075
2022-08-15 13:00:00,13,28,28,1.0,10.0,16.0,1.0,0.0,1.0,5,5,12,1,13,1,27.933,168.0,98.0,206.0,5.317,4.0,10.76,roster,0,95.0,70.0,0.8796,69.54,3.9516,0.7,0.4647,3.3929,60.06,11.29,13.4,4.79,5.15
2022-08-15 14:00:00,14,31,31,0.0,10.0,20.0,1.0,0.0,1.0,11,10,12,1,13,1,13.4,158.0,120.0,228.0,6.067,4.0,10.76,roster,0,102.0,77.5,0.9444,76.48,5.6079,0.775,0.9294,3.2903,66.5,11.29,13.4,5.3,5.7
2022-08-15 15:00:00,15,35,35,0.0,13.0,22.0,0.0,0.0,1.0,11,10,13,1,14,1,14.4,193.0,166.0,284.0,7.067,4.0,10.76,roster,0,118.0,87.5,1.1346,87.23,6.0833,0.875,0.9294,3.3714,75.08,12.16,13.4,6.6,7.1
2022-08-15 16:00:00,16,31,31,0.0,10.0,20.0,0.0,1.0,1.0,12,11,11,1,12,1,14.017,119.5,79.0,240.0,8.067,4.0,10.76,roster,0,101.0,77.5,0.9018,75.89,5.8557,0.775,1.0223,3.2581,66.5,10.42,13.4,5.58,6.0
2022-08-15 17:00:00,17,28,28,0.0,10.0,18.0,0.0,0.0,1.0,7,5,12,1,13,1,15.017,139.0,121.0,204.0,9.067,4.0,10.76,roster,0,94.0,70.0,0.8704,69.49,3.91,0.7,0.4647,3.3571,60.06,11.29,13.4,4.74,5.1
2022-08-15 18:00:00,18,28,28,1.0,10.0,17.0,0.0,0.0,1.0,9,7,12,1,13,1,16.017,199.0,181.0,264.0,10.067,4.0,10.76,roster,0,96.0,70.0,0.8889,70.89,4.6305,0.7,0.6506,3.4286,60.06,11.29,13.4,6.14,6.6
2022-08-15 19:00:00,19,26,26,1.0,6.0,18.0,1.0,0.0,1.0,8,8,9,1,10,1,17.017,246.5,199.0,266.0,6.2,4.0,10.76,roster,0,85.0,65.0,0.7083,64.04,4.5557,0.65,0.7435,3.2692,55.77,8.68,13.4,6.18,6.65
2022-08-15 20:00:00,20,26,26,0.0,6.0,19.0,1.0,0.0,1.0,9,10,9,0,9,0,6.75,259.0,108.0,301.0,5.583,4.0,11.43,roster,0,83.0,65.0,0.6694,50.58,4.8679,0.65,0.8749,3.1923,55.77,7.81,0.0,7.0,7.525
2022-08-15 21:00:00,21,31,31,1.0,5.0,22.0,3.0,0.0,1.0,13,13,8,0,8,0,7.75,206.0,155.0,361.0,6.317,4.0,11.43,roster,0,97.0,77.5,0.7578,61.83,5.9838,0.775,1.1374,3.129,66.5,6.95,0.0,8.39,9.025
2022-08-15 22:00:00,22,32,32,1.0,7.0,22.0,2.0,0.0,1.0,15,14,7,0,7,0,8.75,197.0,114.0,304.0,7.317,3.0,7.73,roster,0,103.0,80.0,1.0404,61.79,8.4046,0.8,1.8111,3.2188,68.64,6.08,0.0,7.07,7.6
2022-08-15 23:00:00,23,38,38,0.0,8.0,24.0,5.0,1.0,1.0,14,14,8,1,9,1,9.75,129.0,93.0,216.0,4.8,3.0,7.73,roster,0,115.0,95.0,1.2366,87.75,8.356,0.95,1.8111,3.0263,81.51,7.81,13.4,5.02,5.4
2022-08-16 00:00:00,0,27,27,0.0,8.0,17.0,2.0,0.0,1.0,6,6,8,2,10,2,6.517,156.0,126.0,234.0,5.283,3.0,7.73,roster,0,87.0,67.5,0.9667,78.84,4.6761,0.675,0.7762,3.2222,57.92,8.68,26.8,5.44,5.85
2022-08-16 01:00:00,1,32,32,0.0,5.0,24.0,3.0,0.0,1.0,10,10,8,1,9,1,7.517,219.0,186.0,294.0,6.283,3.0,7.73,roster,0,98.0,80.0,1.0538,76.69,6.4118,0.8,1.2937,3.0625,68.64,7.81,13.4,6.84,7.35
2022-08-16 02:00:00,2,29,29,0.0,5.0,20.0,4.0,0.0,1.0,3,3,12,1,13,1,8.517,246.0,118.0,309.0,7.283,3.0,7.73,roster,0,88.0,72.5,1.0864,74.08,3.3777,0.725,0.3881,3.0345,62.2,11.29,13.4,7.18,7.725
2022-08-16 03:00:00,3,27,27,0.0,4.0,17.0,6.0,0.0,1.0,6,6,12,0,12,0,9.517,308.0,178.0,414.0,8.283,3.0,7.73,roster,0,79.0,67.5,0.9405,57.96,4.2461,0.675,0.7762,2.9259,57.92,10.42,0.0,9.63,10.35
2022-08-16 04:00:00,4,26,26,0.0,5.0,18.0,3.0,0.0,1.0,4,4,12,0,12,0,10.517,368.0,238.0,474.0,9.283,3.0,7.73,roster,0,80.0,65.0,0.9524,57.21,3.5922,0.65,0.5175,3.0769,55.77,10.42,0.0,11.02,11.85
2022-08-16 05:00:00,5,25,25,0.0,6.0,18.0,1.0,0.0,1.0,1,1,13,0,13,0,11.517,426.0,282.0,489.0,10.283,3.0,7.73,roster,0,80.0,62.5,0.9877,56.28,2.414,0.625,0.1294,3.2,53.62,11.29,0.0,11.37,12.225
2022-08-16 06:00:00,6,25,25,0.0,3.0,20.0,2.0,0.0,1.0,3,3,12,0,12,0,12.517,488.0,358.0,594.0,11.283,3.0,7.73,roster,0,76.0,62.5,0.9048,57.86,3.0798,0.625,0.3881,3.04,53.62,10.42,0.0,13.81,14.85
2022-08-16 07:00:00,7,24,24,0.0,3.0,19.0,2.0,0.0,1.0,1,1,14,0,14,0,13.517,521.0,288.0,609.0,12.283,3.0,7.73,roster,0,73.0,60.0,0.9359,57.8,2.2185,0.6,0.1294,3.0417,51.48,12.16,0.0,14.16,15.225
2022-08-16 08:00:00,8,21,21,0.0,3.0,17.0,1.0,0.0,1.0,2,2,13,0,13,0,14.517,556.0,348.0,669.0,13.283,3.0,6.35,roster,0,65.0,52.5,0.8025,51.89,2.5999,0.525,0.315,3.0952,45.04,11.29,0.0,15.55,16.725
2022-08-16 09:00:00,9,24,24,0.0,4.0,16.0,3.0,1.0,1.0,10,9,9,1,10,1,15.517,530.0,353.0,666.0,14.283,3.0,6.35,roster,0,71.0,60.0,0.7889,69.05,5.9679,0.6,1.4173,2.9583,51.48,8.68,13.4,15.48,16.65
2022-08-16 10:00:00,10,27,27,0.0,5.0,19.0,1.0,2.0,1.0,9,9,10,1,11,1,16.517,468.0,162.0,676.0,13.15,4.0,9.81,roster,0,81.0,67.5,0.6983,76.58,4.7773,0.675,0.9174,3.0,57.92,9.55,13.4,15.72,16.9
2022-08-16 11:00:00,11,27,27,0.0,4.0,22.0,1.0,0.0,1.0,8,7,13,2,15,2,14.15,351.0,119.0,658.0,14.15,4.0,9.81,roster,0,84.0,67.5,0.84,93.04,4.32,0.675,0.7136,3.1111,57.92,13.02,26.8,15.3,16.45
2022-08-16 12:00:00,12,31,31,0.0,6.0,22.0,3.0,0.0,1.0,7,7,16,2,18,2,15.15,242.0,131.0,702.0,15.15,4.0,9.81,roster,0,96.0,77.5,1.0909,105.25,4.6097,0.775,0.7136,3.0968,66.5,15.63,26.8,16.32,17.55
2022-08-16 13:00:00,13,31,31,0.0,6.0,22.0,3.0,0.0,1.0,8,8,14,2,16,2,16.15,234.0,143.0,648.0,16.15,4.0,9.81,roster,0,96.0,77.5,1.0,102.25,4.9254,0.775,0.8155,3.0968,66.5,13.89,26.8,15.07,16.2
2022-08-16 14:00:00,14,30,30,0.0,6.0,22.0,2.0,0.0,1.0,5,5,13,1,14,1,17.15,310.5,185.0,708.0,17.15,4.0,9.81,roster,0,94.0,75.0,0.9038,86.37,3.947,0.75,0.5097,3.1333,64.35,12.16,13.4,16.46,17.7
2022-08-16 15:00:00,15,24,24,0.0,5.0,19.0,0.0,0.0,1.0,9,6,8,1,9,1,18.15,462.0,189.0,768.0,18.15,4.0,9.81,roster,0,77.0,60.0,0.621,70.55,3.8873,0.6,0.6116,3.2083,51.48,7.81,13.4,17.86,19.2
2022-08-16 16:00:00,16,24,24,0.0,5.0,17.0,1.0,1.0,1.0,6,6,8,1,9,1,19.15,249.0,121.0,828.0,19.15,4.0,9.81,roster,0,74.0,60.0,0.5968,71.95,3.7358,0.6,0.6116,3.0833,51.48,7.81,13.4,19.25,20.7
2022-08-16 17:00:00,17,21,21,0.0,4.0,17.0,0.0,0.0,1.0,5,4,11,1,12,1,20.15,217.0,134.0,888.0,20.15,4.0,9.81,roster,0,67.0,52.5,0.5982,69.51,2.9759,0.525,0.4077,3.1905,45.04,10.42,13.4,20.65,22.2
2022-08-16 18:00:00,18,21,21,0.0,3.0,17.0,0.0,1.0,1.0,5,4,10,1,11,1,21.15,241.0,176.0,443.0,21.15,4.0,9.81,roster,0,64.0,52.5,0.5517,58.3,2.8427,0.525,0.4077,3.0476,45.04,9.55,13.4,10.3,11.075
2022-08-16 19:00:00,19,22,22,0.0,2.0,17.0,2.0,1.0,1.0,12,9,8,1,9,1,16.8,236.0,219.0,373.0,16.8,4.0,9.81,roster,0,64.0,55.0,0.5161,57.08,4.2689,0.55,0.9174,2.9091,47.19,7.81,13.4,8.67,9.325
2022-08-16 20:00:00,20,20,20,1.0,3.0,16.0,0.0,0.0,1.0,4,5,9,1,10,1,17.8,287.5,73.0,433.0,17.8,4.0,11.19,roster,0,65.0,50.0,0.5417,55.05,3.0772,0.5,0.4468,3.25,42.9,8.68,13.4,10.07,10.825
2022-08-16 21:00:00,21,24,24,0.0,4.0,19.0,1.0,0.0,1.0,12,12,8,0,8,0,18.8,133.0,121.0,549.0,18.8,4.0,11.19,roster,0,75.0,60.0,0.5859,51.19,5.2262,0.6,1.0724,3.125,51.48,6.95,0.0,12.76,13.725
2022-08-16 22:00:00,22,21,21,0.0,4.0,15.0,1.0,1.0,1.0,4,3,9,0,9,0,19.8,177.0,115.0,416.0,19.8,3.0,7.73,roster,0,64.0,52.5,0.6882,42.53,2.7828,0.525,0.3881,3.0476,45.04,7.81,0.0,9.67,10.4
2022-08-16 23:00:00,23,18,18,0.0,2.0,15.0,1.0,0.0,1.0,6,4,7,0,7,0,11.15,175.0,169.0,241.0,11.15,3.0,7.73,roster,0,55.0,45.0,0.5556,30.29,2.9561,0.45,0.5175,3.0556,38.61,6.08,0.0,5.6,6.025
2022-08-17 00:00:00,0,21,21,0.0,3.0,16.0,2.0,0.0,1.0,11,8,7,0,7,0,12.15,232.0,174.0,301.0,12.15,3.0,7.73,roster,0,64.0,52.5,0.6465,38.12,4.7541,0.525,1.0349,3.0476,45.04,6.08,0.0,7.0,7.525
2022-08-17 01:00:00,1,20,20,1.0,3.0,15.0,1.0,0.0,1.0,3,2,10,0,10,0,13.15,261.5,111.0,307.0,13.15,3.0,7.73,roster,0,64.0,50.0,0.7111,38.72,2.4279,0.5,0.2587,3.2,42.9,8.68,0.0,7.14,7.675
2022-08-17 02:00:00,2,17,17,1.0,3.0,13.0,0.0,0.0,1.0,3,1,10,0,10,0,14.15,321.5,171.0,367.0,14.15,3.0,7.73,roster,0,56.0,42.5,0.6222,33.68,1.8261,0.425,0.1294,3.2941,36.46,8.68,0.0,8.53,9.175
2022-08-17 03:00:00,3,21,21,1.0,7.0,13.0,0.0,0.0,1.0,5,5,10,0,10,0,15.15,381.5,231.0,427.0,15.15,3.0,7.73,roster,0,72.0,52.5,0.8,43.66,4.0177,0.525,0.6468,3.4286,45.04,8.68,0.0,9.93,10.675
2022-08-17 04:00:00,4,23,23,1.0,6.0,16.0,0.0,0.0,1.0,3,3,12,2,14,2,16.15,302.5,106.0,472.0,16.15,3.0,7.73,roster,0,77.0,57.5,0.9872,79.27,3.2243,0.575,0.3881,3.3478,49.33,12.16,26.8,10.97,11.8
2022-08-17 05:00:00,5,21,21,1.0,4.0,15.0,1.0,0.0,1.0,1,1,12,0,12,0,17.15,424.0,309.0,547.0,17.15,3.0,7.73,roster,0,68.0,52.5,0.8095,48.18,2.1189,0.525,0.1294,3.2381,45.04,10.42,0.0,12.72,13.675
2022-08-17 06:00:00,6,22,22,1.0,5.0,16.0,0.0,0.0,1.0,3,3,12,0,12,0,18.15,484.0,369.0,607.0,18.15,3.0,7.73,roster,0,73.0,55.0,0.869,51.72,3.1128,0.55,0.3881,3.3182,47.19,10.42,0.0,14.11,15.175
2022-08-17 07:00:00,7,23,23,1.0,4.0,18.0,0.0,0.0,1.0,3,3,12,0,12,0,19.15,544.0,429.0,667.0,19.15,3.0,7.73,roster,0,75.0,57.5,0.8929,55.26,3.1405,0.575,0.3881,3.2609,49.33,10.42,0.0,15.51,16.675
2022-08-17 08:00:00,8,24,24,1.0,5.0,18.0,0.0,0.0,1.0,2,2,13,0,13,0,20.15,554.0,483.0,712.0,20.15,3.0,7.31,roster,0,79.0,60.0,0.9753,59.32,2.8756,0.6,0.2736,3.2917,51.48,11.29,0.0,16.55,17.8
2022-08-17 09:00:00,9,27,27,1.0,5.0,18.0,2.0,1.0,1.0,9,8,12,0,12,0,21.15,602.5,543.0,787.0,21.15,3.0,7.31,roster,0,84.0,67.5,1.0,66.63,5.5048,0.675,1.0944,3.1111,57.92,10.42,0.0,18.3,19.675
2022-08-17 10:00:00,10,24,24,1.0,6.0,16.0,0.0,1.0,1.0,6,6,11,0,11,0,22.15,603.0,178.0,674.0,22.15,4.0,11.01,roster,0,78.0,60.0,0.6724,56.7,3.7211,0.6,0.545,3.25,51.48,9.55,0.0,15.67,16.85
2022-08-17 11:00:00,11,24,24,1.0,7.0,13.0,2.0,1.0,1.0,10,8,8,0,8,0,23.15,375.0,178.0,734.0,23.15,4.0,11.01,roster,0,77.0,60.0,0.6016,55.49,4.2562,0.6,0.7266,3.2083,51.48,6.95,0.0,17.07,18.35
2022-08-17 12:00:00,12,28,28,3.0,9.0,12.0,3.0,1.0,1.0,9,9,9,1,10,1,24.15,268.0,178.0,729.0,24.15,4.0,11.01,roster,0,94.0,70.0,0.7833,79.09,5.0943,0.7,0.8174,3.3571,60.06,8.68,13.4,16.95,18.225
2022-08-17 13:00:00,13,26,26,2.0,11.0,11.0,2.0,0.0,1.0,6,6,11,2,13,2,25.15,144.0,101.0,298.0,25.15,4.0,11.01,roster,0,91.0,65.0,0.8426,80.79,4.1824,0.65,0.545,3.5,55.77,11.29,26.8,6.93,7.45
2022-08-17 14:00:00,14,28,28,1.0,9.0,16.0,2.0,0.0,1.0,9,8,10,2,12,2,18.033,182.5,158.0,302.0,6.967,4.0,11.01,roster,0,93.0,70.0,0.8304,84.3,4.7384,0.7,0.7266,3.3214,60.06,10.42,26.8,7.02,7.55
2022-08-17 15:00:00,15,32,32,1.0,9.0,18.0,3.0,1.0,1.0,10,10,8,2,10,2,19.033,242.5,218.0,362.0,7.967,4.0,11.01,roster,0,102.0,80.0,0.85,92.54,5.4451,0.8,0.9083,3.1875,68.64,8.68,26.8,8.42,9.05
2022-08-17 16:00:00,16,28,28,1.0,7.0,19.0,1.0,0.0,1.0,7,7,8,3,11,3,8.967,287.0,99.0,422.0,8.967,4.0,11.01,roster,0,92.0,70.0,0.7931,99.62,4.389,0.7,0.6358,3.2857,60.06,9.55,40.2,9.81,10.55
2022-08-17 17:00:00,17,26,26,0.0,4.0,18.0,4.0,0.0,1.0,6,6,10,1,11,1,9.967,338.0,136.0,482.0,9.967,4.0,11.01,roster,0,78.0,65.0,0.6724,69.93,3.5849,0.65,0.545,3.0,55.77,9.55,13.4,11.21,12.05
2022-08-17 18:00:00,18,30,30,1.0,6.0,20.0,2.0,1.0,1.0,11,9,10,1,11,1,10.967,398.0,196.0,542.0,10.967,4.0,11.01,roster,0,94.0,75.0,0.8103,79.9,4.9113,0.75,0.8174,3.1333,64.35,9.55,13.4,12.6,13.55
2022-08-17 19:00:00,19,29,29,2.0,5.0,21.0,1.0,0.0,1.0,8,7,10,1,11,1,11.967,267.0,118.0,498.0,11.967,4.0,11.01,roster,0,95.0,72.5,0.819,76.73,4.4577,0.725,0.6358,3.2759,62.2,9.55,13.4,11.58,12.45
2022-08-17 20:00:00,20,25,25,2.0,4.0,18.0,1.0,0.0,1.0,8,8,8,2,10,2,12.967,145.0,105.0,327.0,12.967,4.0,10.08,roster,0,82.0,62.5,0.6833,76.71,4.6532,0.625,0.7937,3.28,53.62,8.68,26.8,7.6,8.175
2022-08-17 21:00:00,21,25,25,2.0,3.0,16.0,4.0,0.0,1.0,9,9,5,1,6,1,13.967,205.0,138.0,238.0,13.967,4.0,10.08,roster,0,78.0,62.5,0.5735,57.77,4.7357,0.625,0.8929,3.12,53.62,5.21,13.4,5.53,5.95
2022-08-17 22:00:00,22,19,19,1.0,3.0,12.0,3.0,0.0,1.0,5,5,3,1,4,1,14.967,265.0,253.0,898.0,14.967,3.0,6.38,roster,0,59.0,47.5,0.5463,58.51,3.9086,0.475,0.7837,3.1053,40.75,3.47,13.4,20.88,22.45
2022-08-17 23:00:00,23,17,17,0.0,3.0,12.0,2.0,0.0,1.0,7,4,5,1,6,1,15.967,216.0,111.0,337.0,15.967,3.0,6.38,roster,0,52.0,42.5,0.5098,42.91,3.2178,0.425,0.627,3.0588,36.46,5.21,13.4,7.84,8.425
2022-08-18 00:00:00,0,16,16,0.0,2.0,12.0,2.0,0.0,1.0,6,6,6,0,6,0,16.967,175.0,136.0,397.0,16.967,3.0,6.38,roster,0,48.0,40.0,0.4706,28.76,4.0213,0.4,0.9404,3.0,34.32,5.21,0.0,9.23,9.925
2022-08-18 01:00:00,1,17,17,0.0,1.0,14.0,2.0,0.0,1.0,4,4,8,0,8,0,17.967,178.5,73.0,457.0,17.967,3.0,6.38,roster,0,50.0,42.5,0.5208,34.04,3.094,0.425,0.627,2.9412,36.46,6.95,0.0,10.63,11.425
2022-08-18 02:00:00,2,18,18,0.0,1.0,14.0,3.0,0.0,1.0,2,2,9,0,9,0,18.967,186.0,129.0,299.0,18.967,3.0,6.38,roster,0,52.0,45.0,0.5591,33.38,2.2056,0.45,0.3135,2.8889,38.61,7.81,0.0,6.95,7.475
2022-08-18 03:00:00,3,16,16,0.0,1.0,14.0,1.0,0.0,1.0,1,1,9,0,9,0,19.967,246.0,189.0,359.0,19.967,3.0,6.38,roster,0,48.0,40.0,0.5161,30.48,1.6702,0.4,0.1567,3.0,34.32,7.81,0.0,8.35,8.975
2022-08-18 04:00:00,4,16,16,0.0,1.0,14.0,1.0,0.0,1.0,2,3,8,0,8,0,20.967,332.0,249.0,637.0,20.967,3.0,6.38,roster,0,48.0,40.0,0.5,36.08,2.6107,0.4,0.4702,3.0,34.32,6.95,0.0,14.81,15.925
2022-08-18 05:00:00,5,16,16,0.0,2.0,13.0,1.0,0.0,1.0,3,2,8,0,8,0,21.967,392.0,309.0,697.0,21.967,3.0,6.38,roster,0,49.0,40.0,0.5104,37.47,2.185,0.4,0.3135,3.0625,34.32,6.95,0.0,16.21,17.425
2022-08-18 06:00:00,6,19,19,0.0,2.0,16.0,1.0,0.0,1.0,4,4,8,0,8,0,22.967,452.0,369.0,757.0,22.967,3.0,6.38,roster,0,58.0,47.5,0.6042,45.3,3.3639,0.475,0.627,3.0526,40.75,6.95,0.0,17.6,18.925
2022-08-18 07:00:00,7,18,18,0.0,3.0,14.0,1.0,0.0,1.0,4,4,8,0,8,0,23.967,512.0,429.0,817.0,23.967,3.0,6.38,roster,0,56.0,45.0,0.5833,44.55,3.3505,0.45,0.627,3.1111,38.61,6.95,0.0,19.0,20.425
2022-08-18 08:00:00,8,16,16,0.0,2.0,13.0,1.0,0.0,1.0,4,4,8,1,9,1,24.967,493.0,483.0,659.0,24.967,3.0,7.33,roster,0,49.0,40.0,0.5269,50.86,2.8962,0.4,0.5457,3.0625,34.32,7.81,13.4,15.32,16.475
2022-08-18 09:00:00,9,18,18,1.0,2.0,14.0,1.0,0.0,1.0,7,8,7,1,8,1,25.967,546.0,526.0,937.0,25.967,3.0,7.33,roster,0,57.0,45.0,0.5938,60.74,4.8811,0.45,1.0914,3.1667,38.61,6.95,13.4,21.79,23.425
2022-08-18 10:00:00,10,18,18,1.0,4.0,12.0,1.0,0.0,1.0,11,7,5,1,6,1,26.967,159.0,106.0,997.0,26.967,4.0,10.58,roster,0,59.0,45.0,0.4338,60.4,3.6437,0.45,0.6616,3.2778,38.61,5.21,13.4,23.18,24.925
2022-08-18 11:00:00,11,21,21,1.0,4.0,16.0,0.0,0.0,1.0,7,5,9,1,10,1,27.967,162.0,109.0,242.0,27.967,4.0,10.58,roster,0,69.0,52.5,0.575,52.75,3.2778,0.525,0.4726,3.2857,45.04,8.68,13.4,5.63,6.05
2022-08-18 12:00:00,12,27,27,1.0,4.0,21.0,0.0,1.0,1.0,10,9,9,1,10,1,28.967,197.5,162.0,256.0,28.967,4.0,10.58,roster,0,85.0,67.5,0.7083,65.95,4.803,0.675,0.8507,3.1481,57.92,8.68,13.4,5.95,6.4
2022-08-18 13:00:00,13,34,34,0.0,5.0,26.0,3.0,0.0,1.0,14,15,7,1,8,1,29.967,253.5,203.0,362.0,29.967,4.0,10.58,roster,0,104.0,85.0,0.8125,81.69,6.9367,0.85,1.4178,3.0588,72.93,6.95,13.4,8.42,9.05
2022-08-18 14:00:00,14,31,31,0.0,4.0,23.0,2.0,2.0,1.0,9,5,9,1,10,1,7.033,235.5,109.0,338.0,7.033,4.0,10.58,roster,0,91.0,77.5,0.7583,76.44,3.6623,0.775,0.4726,2.9355,66.5,8.68,13.4,7.86,8.45
2022-08-18 15:00:00,15,24,24,0.0,4.0,19.0,1.0,0.0,1.0,3,3,7,1,8,1,8.033,224.0,169.0,349.0,8.033,4.0,10.58,roster,0,75.0,60.0,0.5859,59.94,2.7611,0.6,0.2836,3.125,51.48,6.95,13.4,8.11,8.725
2022-08-18 16:00:00,16,27,27,0.0,5.0,17.0,1.0,4.0,1.0,10,10,4,1,5,1,7.167,217.0,184.0,229.0,5.467,4.0,10.58,roster,0,77.0,67.5,0.55,60.98,4.6205,0.675,0.9452,2.8519,57.92,4.34,13.4,5.32,5.725
2022-08-18 17:00:00,17,21,21,0.0,3.0,13.0,3.0,2.0,1.0,7,5,5,1,6,1,8.167,260.5,166.0,289.0,6.467,4.0,10.58,roster,0,59.0,52.5,0.4338,50.37,2.8028,0.525,0.4726,2.8095,45.04,5.21,13.4,6.72,7.225
2022-08-18 18:00:00,18,21,21,0.0,4.0,15.0,2.0,0.0,1.0,11,9,5,1,6,1,7.467,265.0,152.0,337.0,7.467,4.0,10.58,roster,0,65.0,52.5,0.4779,51.49,4.258,0.525,0.8507,3.0952,45.04,5.21,13.4,7.84,8.425
2022-08-18 19:00:00,19,16,16,0.0,3.0,13.0,0.0,0.0,1.0,4,4,2,1,3,1,6.317,286.0,151.0,364.0,6.067,4.0,10.58,roster,0,51.0,40.0,0.3446,38.79,2.4801,0.4,0.3781,3.1875,34.32,2.6,13.4,8.46,9.1
2022-08-18 20:00:00,20,12,12,0.0,1.0,10.0,1.0,0.0,1.0,6,4,0,1,1,1,7.317,346.0,346.0,346.0,5.767,4.0,9.38,roster,0,36.0,30.0,0.2308,28.05,2.1793,0.3,0.4264,3.0,25.74,0.87,13.4,8.04,8.65
2022-08-18 21:00:00,21,11,11,0.0,1.0,10.0,0.0,0.0,1.0,6,6,0,0,0,0,5.6,0.0,,,,4.0,9.38,roster,0,34.0,27.5,0.2125,3.6,2.8271,0.275,0.6397,3.0909,23.6,0.0,0.0,0.0,0.0
2022-08-18 22:00:00,22,11,11,0.0,4.0,6.0,1.0,0.0,1.0,9,7,1,0,1,0,6.6,90.0,90.0,90.0,1.5,3.0,6.13,roster,0,36.0,27.5,0.3077,6.56,4.6372,0.275,1.1419,3.2727,23.6,0.87,0.0,2.09,2.25
2022-08-18 23:00:00,23,17,17,0.0,4.0,12.0,1.0,0.0,1.0,10,8,2,1,3,1,7.6,87.0,83.0,150.0,2.5,3.0,6.13,roster,0,54.0,42.5,0.4865,35.96,5.4955,0.425,1.3051,3.1765,36.46,2.6,13.4,3.49,3.75
2022-08-19 00:00:00,0,18,18,0.0,4.0,13.0,0.0,1.0,1.0,9,7,3,1,4,1,5.6,145.0,143.0,210.0,3.5,3.0,6.13,roster,0,56.0,45.0,0.5185,40.37,4.9527,0.45,1.1419,3.1111,38.61,3.47,13.4,4.88,5.25
2022-08-19 01:00:00,1,19,19,0.0,5.0,13.0,1.0,0.0,1.0,6,6,7,1,8,1,6.6,137.0,72.0,207.0,4.5,3.0,6.13,roster,0,61.0,47.5,0.6354,45.91,4.6674,0.475,0.9788,3.2105,40.75,6.95,13.4,4.81,5.175
2022-08-19 02:00:00,2,19,19,0.0,5.0,13.0,1.0,0.0,1.0,4,3,8,1,9,1,7.6,160.0,128.0,263.0,5.5,3.0,6.13,roster,0,61.0,47.5,0.6559,48.08,3.0962,0.475,0.4894,3.2105,40.75,7.81,13.4,6.11,6.575
2022-08-19 03:00:00,3,17,17,0.0,5.0,12.0,0.0,0.0,1.0,1,1,10,1,11,1,8.6,192.0,129.0,323.0,6.5,3.0,6.13,roster,0,56.0,42.5,0.6437,46.93,1.9374,0.425,0.1631,3.2941,36.46,9.55,13.4,7.51,8.075
2022-08-19 04:00:00,4,15,15,0.0,5.0,10.0,0.0,0.0,1.0,0,0,8,1,9,1,9.6,280.0,248.0,383.0,7.5,3.0,6.13,roster,0,50.0,37.5,0.5376,42.29,1.25,0.375,0.0,3.3333,32.17,7.81,13.4,8.9,9.575
2022-08-19 05:00:00,5,15,15,0.0,5.0,10.0,0.0,0.0,1.0,2,2,8,1,9,1,10.6,340.0,308.0,443.0,8.5,3.0,6.13,roster,0,50.0,37.5,0.5376,43.69,2.3375,0.375,0.3263,3.3333,32.17,7.81,13.4,10.3,11.075
2022-08-19 06:00:00,6,16,16,0.0,5.0,11.0,0.0,0.0,1.0,1,1,8,1,9,1,11.6,400.0,368.0,503.0,9.5,3.0,6.13,roster,0,53.0,40.0,0.5699,47.23,1.8654,0.4,0.1631,3.3125,34.32,7.81,13.4,11.69,12.575
2022-08-19 07:00:00,7,18,18,0.0,5.0,13.0,0.0,0.0,1.0,3,3,8,1,9,1,12.6,460.0,428.0,563.0,10.5,3.0,6.13,roster,0,59.0,45.0,0.6344,52.91,3.0791,0.45,0.4894,3.2778,38.61,7.81,13.4,13.09,14.075
2022-08-19 08:00:00,8,23,23,0.0,5.0,18.0,0.0,0.0,1.0,7,7,9,1,10,1,11.5,506.0,480.0,623.0,11.5,3.0,7.13,roster,0,74.0,57.5,0.8222,65.9,5.0087,0.575,0.9818,3.2174,49.33,8.68,13.4,14.48,15.575
2022-08-19 09:00:00,9,25,25,1.0,4.0,19.0,1.0,0.0,1.0,5,4,8,1,9,1,12.5,552.0,540.0,654.0,12.5,3.0,7.13,roster,0,80.0,62.5,0.8602,70.05,3.7952,0.625,0.561,3.2,53.62,7.81,13.4,15.21,16.35
2022-08-19 10:00:00,10,26,26,1.0,4.0,18.0,3.0,0.0,1.0,8,6,6,2,8,2,12.55,604.0,549.0,640.0,12.383,4.0,10.38,roster,0,81.0,65.0,0.6328,84.4,3.8258,0.65,0.578,3.1154,55.77,6.95,26.8,14.88,16.0
2022-08-19 11:00:00,11,29,29,1.0,4.0,22.0,2.0,0.0,1.0,10,9,7,1,8,1,13.55,462.0,175.0,672.0,11.667,4.0,10.38,roster,0,91.0,72.5,0.7109,78.18,4.9957,0.725,0.8671,3.1379,62.2,6.95,13.4,15.62,16.8
2022-08-19 12:00:00,12,29,29,0.0,3.0,24.0,2.0,0.0,1.0,10,7,5,1,6,1,14.55,151.0,101.0,324.0,12.667,4.0,10.38,roster,0,88.0,72.5,0.6471,68.35,4.2464,0.725,0.6744,3.0345,62.2,5.21,13.4,7.53,8.1
2022-08-19 13:00:00,13,32,32,0.0,3.0,24.0,4.0,1.0,1.0,7,6,7,1,8,1,15.55,141.0,117.0,384.0,13.667,4.0,10.38,roster,0,93.0,80.0,0.7266,77.91,4.0049,0.8,0.578,2.9062,68.64,6.95,13.4,8.93,9.6
2022-08-19 14:00:00,14,25,25,1.0,4.0,18.0,2.0,0.0,1.0,7,5,6,1,7,1,9.7,177.0,124.0,260.0,7.4,4.0,10.38,roster,0,79.0,62.5,0.5985,59.15,3.4972,0.625,0.4817,3.16,53.62,6.08,13.4,6.04,6.5
2022-08-19 15:00:00,15,31,31,1.0,3.0,24.0,3.0,0.0,1.0,11,11,7,2,9,2,10.7,199.0,140.0,241.0,8.4,4.0,10.38,roster,0,95.0,77.5,0.7661,86.71,5.6226,0.775,1.0597,3.0645,66.5,7.81,26.8,5.6,6.025
2022-08-19 16:00:00,16,25,25,0.0,3.0,20.0,2.0,0.0,1.0,10,7,8,0,8,0,11.7,165.0,107.0,380.0,9.4,4.0,10.38,roster,0,76.0,62.5,0.5938,49.41,3.9501,0.625,0.6744,3.04,53.62,6.95,0.0,8.84,9.5
2022-08-19 17:00:00,17,25,25,0.0,3.0,19.0,3.0,0.0,1.0,6,6,12,0,12,0,10.4,162.0,112.0,304.0,10.4,4.0,10.38,roster,0,75.0,62.5,0.6696,51.11,3.6091,0.625,0.578,3.0,53.62,10.42,0.0,7.07,7.6
2022-08-19 18:00:00,18,25,25,0.0,4.0,19.0,2.0,0.0,1.0,9,7,12,0,12,0,11.4,222.0,172.0,364.0,11.4,4.0,10.38,roster,0,77.0,62.5,0.6875,52.51,4.0021,0.625,0.6744,3.08,53.62,10.42,0.0,8.46,9.1
2022-08-19 19:00:00,19,24,24,0.0,3.0,19.0,2.0,0.0,1.0,6,4,10,1,11,1,10.267,232.0,153.0,380.0,9.333,4.0,10.38,roster,0,73.0,60.0,0.6293,63.27,2.9971,0.6,0.3854,3.0417,51.48,9.55,13.4,8.84,9.5
2022-08-19 20:00:00,20,25,25,0.0,1.0,21.0,3.0,0.0,1.0,10,8,7,0,7,0,11.267,272.0,138.0,370.0,10.333,4.0,9.91,roster,0,73.0,62.5,0.553,48.31,4.1822,0.625,0.8073,2.92,53.62,6.08,0.0,8.6,9.25
2022-08-19 21:00:00,21,28,28,1.0,0.0,24.0,3.0,0.0,1.0,13,10,4,0,4,0,12.267,257.5,198.0,430.0,7.167,4.0,9.91,roster,0,83.0,70.0,0.5764,53.53,5.0662,0.7,1.0091,2.9643,60.06,3.47,0.0,10.0,10.75
2022-08-19 22:00:00,22,19,19,0.0,1.0,16.0,2.0,0.0,1.0,5,5,4,0,4,0,13.267,177.0,96.0,377.0,6.283,3.0,6.66,roster,0,56.0,47.5,0.5185,32.99,3.6127,0.475,0.7508,2.9474,40.75,3.47,0.0,8.77,9.425
2022-08-19 23:00:00,23,23,23,0.0,2.0,18.0,3.0,0.0,1.0,10,10,5,0,5,0,14.267,156.0,137.0,318.0,7.283,3.0,6.66,roster,0,68.0,57.5,0.6476,41.07,6.1392,0.575,1.5015,2.9565,49.33,4.34,0.0,7.39,7.95
2022-08-20 00:00:00,0,27,27,1.0,3.0,19.0,4.0,0.0,1.0,13,10,4,0,4,0,15.267,297.0,216.0,497.0,8.283,3.0,6.66,roster,0,82.0,67.5,0.7593,52.94,6.6101,0.675,1.5015,3.037,57.92,3.47,0.0,11.56,12.425
2022-08-20 01:00:00,1,20,20,1.0,2.0,14.0,3.0,0.0,1.0,1,1,5,1,6,1,16.267,221.5,93.0,438.0,9.283,3.0,6.66,roster,0,61.0,50.0,0.598,51.69,1.983,0.5,0.1502,3.05,42.9,5.21,13.4,10.18,10.95
2022-08-20 02:00:00,2,15,15,0.0,1.0,11.0,3.0,0.0,1.0,3,2,5,0,5,0,17.267,336.0,227.0,498.0,10.283,3.0,6.66,roster,0,43.0,37.5,0.4095,28.1,1.9359,0.375,0.3003,2.8667,32.17,4.34,0.0,11.58,12.45
2022-08-20 03:00:00,3,13,13,0.0,1.0,9.0,3.0,0.0,1.0,1,1,5,0,5,0,18.267,396.0,287.0,558.0,11.283,3.0,6.66,roster,0,37.0,32.5,0.3524,25.2,1.3524,0.325,0.1502,2.8462,27.88,4.34,0.0,12.97,13.95
2022-08-20 04:00:00,4,17,17,0.0,2.0,12.0,3.0,0.0,1.0,4,4,5,0,5,0,19.267,456.0,347.0,618.0,12.283,3.0,6.66,roster,0,50.0,42.5,0.4762,35.18,3.0165,0.425,0.6006,2.9412,36.46,4.34,0.0,14.37,15.45
2022-08-20 05:00:00,5,14,14,0.0,1.0,10.0,3.0,0.0,1.0,1,1,6,0,6,0,20.267,461.5,323.0,678.0,13.283,3.0,6.66,roster,0,40.0,35.0,0.3922,31.0,1.429,0.35,0.1502,2.8571,30.03,5.21,0.0,15.76,16.95
2022-08-20 06:00:00,6,18,18,0.0,1.0,12.0,5.0,0.0,1.0,5,5,6,0,6,0,21.267,521.5,383.0,738.0,14.283,3.0,6.66,roster,0,50.0,45.0,0.4902,40.98,3.3354,0.45,0.7508,2.7778,38.61,5.21,0.0,17.16,18.45
2022-08-20 07:00:00,7,19,19,0.0,1.0,13.0,5.0,0.0,1.0,1,1,7,0,7,0,22.267,527.0,185.0,798.0,15.283,3.0,6.66,roster,0,53.0,47.5,0.5354,45.39,1.7438,0.475,0.1502,2.7895,40.75,6.08,0.0,18.55,19.95
2022-08-20 08:00:00,8,23,23,0.0,2.0,15.0,6.0,0.0,1.0,6,5,7,0,7,0,23.267,587.0,245.0,858.0,16.283,3.0,6.72,roster,0,65.0,57.5,0.6566,55.36,3.7277,0.575,0.744,2.8261,49.33,6.08,0.0,19.95,21.45
2022-08-20 09:00:00,9,27,27,0.0,3.0,17.0,5.0,2.0,1.0,10,10,7,0,7,0,24.267,647.0,202.0,918.0,17.283,3.0,6.72,roster,0,75.0,67.5,0.7576,65.34,6.0086,0.675,1.4881,2.7778,57.92,6.08,0.0,21.34,22.95
2022-08-20 10:00:00,10,24,24,0.0,5.0,16.0,3.0,0.0,1.0,8,7,7,0,7,0,25.267,121.0,87.0,978.0,18.283,4.0,10.59,roster,0,74.0,60.0,0.5606,60.3,3.8881,0.6,0.661,3.0833,51.48,6.08,0.0,22.74,24.45
2022-08-20 11:00:00,11,26,26,0.0,6.0,17.0,3.0,0.0,1.0,11,9,7,0,7,0,26.267,173.0,136.0,1038.0,19.283,4.0,10.59,roster,0,81.0,65.0,0.6136,65.98,4.6726,0.65,0.8499,3.1154,55.77,6.08,0.0,24.13,25.95
2022-08-20 12:00:00,12,27,27,1.0,5.0,19.0,2.0,0.0,1.0,11,11,7,0,7,0,27.267,233.0,131.0,1098.0,20.283,4.0,10.59,roster,0,86.0,67.5,0.6515,69.52,5.4585,0.675,1.0387,3.1852,57.92,6.08,0.0,25.53,27.45
2022-08-20 13:00:00,13,36,36,1.0,8.0,25.0,2.0,0.0,1.0,17,15,11,1,12,1,28.267,134.5,103.0,301.0,21.283,4.0,10.59,roster,0,116.0,90.0,1.0357,88.04,7.4641,0.9,1.4164,3.2222,77.22,10.42,13.4,7.0,7.525
2022-08-20 14:00:00,14,27,27,0.0,6.0,20.0,1.0,0.0,1.0,5,4,12,0,12,0,22.283,169.5,156.0,361.0,22.283,4.0,10.59,roster,0,86.0,67.5,0.7679,56.73,3.3531,0.675,0.3777,3.1852,57.92,10.42,0.0,8.39,9.025
2022-08-20 15:00:00,15,26,26,0.0,4.0,21.0,1.0,0.0,1.0,6,7,10,0,10,0,23.283,219.5,170.0,421.0,23.283,4.0,10.59,roster,0,81.0,65.0,0.675,54.24,4.0843,0.65,0.661,3.1154,55.77,8.68,0.0,9.79,10.525
2022-08-20 16:00:00,16,24,24,1.0,4.0,18.0,1.0,0.0,1.0,11,8,6,0,6,0,10.317,248.0,226.0,276.0,4.717,4.0,10.59,roster,0,77.0,60.0,0.5662,43.11,4.3487,0.6,0.7554,3.2083,51.48,5.21,0.0,6.42,6.9
2022-08-20 17:00:00,17,20,20,0.0,3.0,16.0,1.0,0.0,1.0,6,3,5,0,5,0,9.267,326.0,290.0,336.0,5.717,4.0,10.59,roster,0,62.0,50.0,0.4429,35.05,2.4282,0.5,0.2833,3.1,42.9,4.34,0.0,7.81,8.4
2022-08-20 18:00:00,18,15,15,0.0,3.0,11.0,1.0,0.0,1.0,7,5,2,0,2,0,10.267,394.5,386.0,403.0,6.717,4.0,10.59,roster,0,47.0,37.5,0.3092,23.28,2.6544,0.375,0.4721,3.1333,32.17,1.74,0.0,9.37,10.075
2022-08-20 19:00:00,19,21,21,0.0,3.0,18.0,0.0,0.0,1.0,15,13,1,0,1,0,11.267,463.0,463.0,463.0,7.717,4.0,10.59,roster,0,66.0,52.5,0.4231,36.68,5.5081,0.525,1.2276,3.1429,45.04,0.87,0.0,10.76,11.575
2022-08-20 20:00:00,20,22,22,0.0,4.0,17.0,1.0,0.0,1.0,8,8,4,0,4,0,12.267,86.5,86.0,523.0,8.717,4.0,10.32,roster,0,69.0,55.0,0.4792,42.82,4.1563,0.55,0.7752,3.1364,47.19,3.47,0.0,12.16,13.075
2022-08-20 21:00:00,21,17,17,0.0,1.0,15.0,1.0,0.0,1.0,8,6,4,0,4,0,3.05,143.5,141.0,147.0,2.45,4.0,10.32,roster,0,51.0,42.5,0.3542,23.36,3.0192,0.425,0.5814,3.0,36.46,3.47,0.0,3.42,3.675
2022-08-20 22:00:00,22,19,19,0.0,2.0,15.0,2.0,0.0,1.0,11,8,3,1,4,1,4.05,180.0,159.0,206.0,3.433,3.0,6.45,roster,0,57.0,47.5,0.5278,42.42,5.1459,0.475,1.2403,3.0,40.75,3.47,13.4,4.79,5.15
2022-08-20 23:00:00,23,23,23,0.0,2.0,20.0,1.0,0.0,1.0,10,10,5,0,5,0,5.05,219.0,109.0,261.0,4.433,3.0,6.45,roster,0,70.0,57.5,0.6667,39.74,6.4686,0.575,1.5504,3.0435,49.33,4.34,0.0,6.07,6.525
2022-08-21 00:00:00,0,23,23,0.0,3.0,18.0,1.0,1.0,1.0,10,8,6,0,6,0,6.05,109.0,104.0,279.0,5.433,3.0,6.45,roster,0,69.0,57.5,0.6765,41.03,5.4459,0.575,1.2403,3.0,49.33,5.21,0.0,6.49,6.975
2022-08-21 01:00:00,1,26,26,0.0,3.0,18.0,2.0,3.0,1.0,8,6,8,1,9,1,7.05,164.0,95.0,171.0,6.433,3.0,6.45,roster,0,73.0,65.0,0.7849,60.96,4.4368,0.65,0.9302,2.8077,55.77,7.81,13.4,3.98,4.275
2022-08-21 02:00:00,2,22,22,0.0,2.0,18.0,1.0,1.0,1.0,4,2,9,0,9,0,8.05,224.0,137.0,231.0,7.433,3.0,6.45,roster,0,65.0,55.0,0.6989,40.38,2.5411,0.55,0.3101,2.9545,47.19,7.81,0.0,5.37,5.775
2022-08-21 03:00:00,3,17,17,0.0,2.0,13.0,2.0,0.0,1.0,3,3,7,0,7,0,9.05,287.0,197.0,459.0,8.433,3.0,6.45,roster,0,51.0,42.5,0.5152,33.21,2.6703,0.425,0.4651,3.0,36.46,6.08,0.0,10.67,11.475
2022-08-21 04:00:00,4,19,19,0.0,2.0,15.0,2.0,0.0,1.0,4,4,8,0,8,0,10.05,345.5,220.0,519.0,9.433,3.0,6.45,roster,0,57.0,47.5,0.5938,39.77,3.2855,0.475,0.6202,3.0,40.75,6.95,0.0,12.07,12.975
2022-08-21 05:00:00,5,20,20,0.0,2.0,15.0,3.0,0.0,1.0,2,2,11,0,11,0,11.05,280.0,108.0,411.0,10.433,3.0,6.45,roster,0,59.0,50.0,0.6782,42.01,2.3897,0.5,0.3101,2.95,42.9,9.55,0.0,9.56,10.275
2022-08-21 06:00:00,6,21,21,1.0,3.0,15.0,2.0,0.0,1.0,3,3,11,0,11,0,12.05,340.0,168.0,471.0,11.433,3.0,6.45,roster,0,66.0,52.5,0.7586,45.55,3.1118,0.525,0.4651,3.1429,45.04,9.55,0.0,10.95,11.775
2022-08-21 07:00:00,7,25,25,1.0,3.0,19.0,2.0,0.0,1.0,5,5,12,0,12,0,13.05,335.5,228.0,531.0,12.433,3.0,6.45,roster,0,78.0,62.5,0.9286,56.39,4.3686,0.625,0.7752,3.12,53.62,10.42,0.0,12.35,13.275
2022-08-21 08:00:00,8,25,25,0.0,3.0,19.0,3.0,0.0,1.0,7,7,12,0,12,0,14.05,395.5,288.0,591.0,13.433,3.0,6.5,roster,0,75.0,62.5,0.8929,57.79,5.1058,0.625,1.0769,3.0,53.62,10.42,0.0,13.74,14.775
2022-08-21 09:00:00,9,26,26,0.0,5.0,19.0,2.0,0.0,1.0,11,9,10,1,11,1,15.05,343.0,97.0,520.0,14.433,3.0,6.5,roster,0,81.0,65.0,0.931,70.81,6.3386,0.65,1.3846,3.1154,55.77,9.55,13.4,12.09,13.0
2022-08-21 10:00:00,10,22,22,0.0,4.0,16.0,2.0,0.0,1.0,5,5,11,1,12,1,15.433,215.5,146.0,451.0,15.433,4.0,9.75,roster,0,68.0,55.0,0.6071,61.5,3.2851,0.55,0.5128,3.0909,47.19,10.42,13.4,10.49,11.275
2022-08-21 11:00:00,11,29,29,0.0,4.0,24.0,1.0,0.0,1.0,15,13,11,1,12,1,16.433,275.5,153.0,511.0,16.433,4.0,9.75,roster,0,90.0,72.5,0.8036,77.91,6.3879,0.725,1.3333,3.1034,62.2,10.42,13.4,11.88,12.775
2022-08-21 12:00:00,12,35,35,0.0,4.0,28.0,3.0,0.0,1.0,19,14,13,1,14,1,17.433,243.5,109.0,520.0,17.433,4.0,9.75,roster,0,106.0,87.5,1.0192,92.72,6.9987,0.875,1.4359,3.0286,75.08,12.16,13.4,12.09,13.0
2022-08-21 13:00:00,13,33,33,0.0,5.0,27.0,1.0,0.0,1.0,9,7,17,1,18,1,18.433,163.0,114.0,334.0,18.433,4.0,9.75,roster,0,103.0,82.5,1.1705,87.58,4.8159,0.825,0.7179,3.1212,70.78,15.63,13.4,7.77,8.35
2022-08-21 14:00:00,14,35,35,0.0,5.0,25.0,5.0,0.0,1.0,14,11,15,1,16,1,11.517,175.0,138.0,333.0,11.517,4.0,9.75,roster,0,105.0,87.5,1.0938,90.11,6.0096,0.875,1.1282,3.0,75.08,13.89,13.4,7.74,8.325
2022-08-21 15:00:00,15,28,28,0.0,4.0,20.0,4.0,0.0,1.0,6,5,15,1,16,1,12.517,198.0,131.0,393.0,12.517,4.0,9.75,roster,0,84.0,70.0,0.875,76.49,3.6385,0.7,0.5128,3.0,60.06,13.89,13.4,9.14,9.825
2022-08-21 16:00:00,16,22,22,0.0,2.0,19.0,1.0,0.0,1.0,4,4,12,1,13,1,12.717,272.0,164.0,394.0,12.717,4.0,9.75,roster,0,67.0,55.0,0.6204,61.04,2.9244,0.55,0.4103,3.0455,47.19,11.29,13.4,9.16,9.85
2022-08-21 17:00:00,17,27,27,1.0,1.0,24.0,1.0,0.0,1.0,9,9,11,1,12,1,13.717,318.0,224.0,513.0,13.717,4.0,9.75,roster,0,83.0,67.5,0.7411,73.66,4.9126,0.675,0.9231,3.0741,57.92,10.42,13.4,11.93,12.825
2022-08-21 18:00:00,18,24,24,1.0,2.0,20.0,1.0,0.0,1.0,9,7,11,0,11,0,12.567,312.0,245.0,514.0,12.567,4.0,9.75,roster,0,75.0,60.0,0.6466,52.98,4.1186,0.6,0.7179,3.125,51.48,9.55,0.0,11.95,12.85
2022-08-21 19:00:00,19,24,24,1.0,2.0,21.0,0.0,0.0,1.0,12,12,5,0,5,0,9.567,202.0,120.0,372.0,9.567,4.0,9.75,roster,0,76.0,60.0,0.5429,44.47,5.7974,0.6,1.2308,3.1667,51.48,4.34,0.0,8.65,9.3
2022-08-21 20:00:00,20,32,32,1.0,4.0,25.0,1.0,1.0,1.0,15,13,9,0,9,0,10.567,129.0,91.0,262.0,10.567,4.0,9.7,roster,0,99.0,80.0,0.7984,62.55,6.6213,0.8,1.3402,3.0938,68.64,7.81,0.0,6.09,6.55
2022-08-21 21:00:00,21,36,36,0.0,4.0,29.0,2.0,1.0,1.0,17,15,9,0,9,0,11.567,179.0,140.0,322.0,11.567,4.0,9.7,roster,0,108.0,90.0,0.871,72.52,7.3392,0.9,1.5464,3.0,77.22,7.81,0.0,7.49,8.05
2022-08-21 22:00:00,22,28,28,0.0,3.0,23.0,2.0,0.0,1.0,6,6,7,0,7,0,12.567,211.0,105.0,552.0,12.567,3.0,6.45,roster,0,85.0,70.0,0.8586,58.97,4.9489,0.7,0.9302,3.0357,60.06,6.08,0.0,12.83,13.8
2022-08-21 23:00:00,23,25,25,0.0,3.0,19.0,3.0,0.0,1.0,8,5,7,0,7,0,13.567,235.0,116.0,442.0,13.567,3.0,6.45,roster,0,75.0,62.5,0.7576,49.98,4.2006,0.625,0.7752,3.0,53.62,6.08,0.0,10.28,11.05
2022-08-22 00:00:00,0,23,23,1.0,4.0,16.0,2.0,0.0,1.0,6,5,7,0,7,0,14.567,295.0,176.0,502.0,14.567,3.0,6.45,roster,0,73.0,57.5,0.7374,47.08,4.2854,0.575,0.7752,3.1739,49.33,6.08,0.0,11.67,12.55
2022-08-22 01:00:00,1,21,21,1.0,3.0,15.0,2.0,0.0,1.0,4,4,9,0,9,0,15.567,285.0,191.0,391.0,15.567,3.0,6.45,roster,0,66.0,52.5,0.7097,41.95,3.5991,0.525,0.6202,3.1429,45.04,7.81,0.0,9.09,9.775
2022-08-22 02:00:00,2,19,19,0.0,4.0,14.0,1.0,0.0,1.0,3,3,9,0,9,0,16.567,345.0,251.0,451.0,16.567,3.0,6.45,roster,0,60.0,47.5,0.6452,39.06,2.9688,0.475,0.4651,3.1579,40.75,7.81,0.0,10.49,11.275
2022-08-22 03:00:00,3,18,18,0.0,4.0,13.0,1.0,0.0,1.0,0,1,9,0,9,0,17.567,405.0,311.0,511.0,17.567,3.0,6.45,roster,0,57.0,45.0,0.6129,38.31,1.916,0.45,0.155,3.1667,38.61,7.81,0.0,11.88,12.775
2022-08-22 04:00:00,4,18,18,0.0,4.0,13.0,1.0,0.0,1.0,0,0,9,0,9,0,18.567,465.0,371.0,571.0,18.567,3.0,6.45,roster,0,57.0,45.0,0.6129,39.7,1.425,0.45,0.0,3.1667,38.61,7.81,0.0,13.28,14.275
2022-08-22 05:00:00,5,18,18,0.0,4.0,13.0,1.0,0.0,1.0,1,1,9,0,9,0,19.567,525.0,431.0,631.0,19.567,3.0,6.45,roster,0,57.0,45.0,0.6129,41.1,1.916,0.45,0.155,3.1667,38.61,7.81,0.0,14.67,15.775
2022-08-22 06:00:00,6,22,22,0.0,6.0,14.0,2.0,0.0,1.0,7,5,9,0,9,0,20.567,585.0,491.0,691.0,20.567,3.0,6.45,roster,0,70.0,55.0,0.7527,51.07,4.2165,0.55,0.7752,3.1818,47.19,7.81,0.0,16.07,17.275
2022-08-22 07:00:00,7,21,21,0.0,6.0,14.0,1.0,0.0,1.0,3,3,10,1,11,1,21.567,596.0,361.0,751.0,21.567,3.0,6.45,roster,0,68.0,52.5,0.7816,65.46,3.2061,0.525,0.4651,3.2381,45.04,9.55,13.4,17.46,18.775
2022-08-22 08:00:00,8,24,24,0.0,6.0,17.0,1.0,0.0,1.0,8,5,11,1,12,1,22.567,633.5,421.0,811.0,22.567,3.0,6.91,roster,0,77.0,60.0,0.9167,74.16,4.2465,0.6,0.7236,3.2083,51.48,10.42,13.4,18.86,20.275
2022-08-22 09:00:00,9,25,25,0.0,7.0,17.0,1.0,0.0,1.0,8,7,9,1,10,1,23.567,348.0,122.0,765.0,23.567,3.0,6.91,roster,0,81.0,62.5,0.9,73.49,5.3072,0.625,1.013,3.24,53.62,8.68,13.4,17.79,19.125
2022-08-22 10:00:00,10,23,23,0.0,4.0,18.0,1.0,0.0,1.0,9,7,8,2,10,2,24.567,219.0,154.0,541.0,24.567,4.0,10.37,roster,0,72.0,57.5,0.6,77.4,3.9131,0.575,0.675,3.1304,49.33,8.68,26.8,12.58,13.525
2022-08-22 11:00:00,11,28,28,0.0,4.0,20.0,3.0,1.0,1.0,14,13,8,2,10,2,25.567,276.0,168.0,601.0,25.567,4.0,10.37,roster,0,83.0,70.0,0.6917,89.52,5.7911,0.7,1.2536,2.9643,60.06,8.68,26.8,13.97,15.025
2022-08-22 12:00:00,12,27,27,0.0,4.0,22.0,1.0,0.0,1.0,10,10,10,2,12,2,14.933,193.0,109.0,395.0,14.933,4.0,10.37,roster,0,84.0,67.5,0.75,84.32,5.1001,0.675,0.9643,3.1111,57.92,10.42,26.8,9.18,9.875
2022-08-22 13:00:00,13,25,25,1.0,5.0,16.0,3.0,0.0,1.0,9,8,9,2,11,2,15.933,218.0,135.0,455.0,15.933,4.0,10.37,roster,0,79.0,62.5,0.681,80.56,4.4128,0.625,0.7715,3.16,53.62,9.55,26.8,10.58,11.375
2022-08-22 14:00:00,14,23,23,1.0,4.0,14.0,4.0,0.0,1.0,6,6,7,3,10,3,8.583,163.5,94.0,348.0,8.583,4.0,10.37,roster,0,71.0,57.5,0.5917,86.31,3.5611,0.575,0.5786,3.087,49.33,8.68,40.2,8.09,8.7
2022-08-22 15:00:00,15,27,27,0.0,5.0,16.0,4.0,2.0,1.0,13,13,6,3,9,3,9.583,202.0,154.0,408.0,9.583,4.0,10.37,roster,0,78.0,67.5,0.629,95.42,5.5716,0.675,1.2536,2.8889,57.92,7.81,40.2,9.49,10.2
2022-08-22 16:00:00,16,32,32,0.0,6.0,22.0,4.0,0.0,1.0,12,12,6,3,9,3,10.583,152.0,111.0,262.0,10.583,4.0,10.37,roster,0,98.0,80.0,0.7903,102.75,5.9939,0.8,1.1572,3.0625,68.64,7.81,40.2,6.09,6.55
2022-08-22 17:00:00,17,35,35,2.0,7.0,21.0,4.0,1.0,1.0,12,11,10,2,12,2,8.8,159.0,116.0,274.0,8.8,4.0,10.37,roster,0,110.0,87.5,0.9821,98.67,6.0838,0.875,1.0608,3.1429,75.08,10.42,26.8,6.37,6.85
2022-08-22 18:00:00,18,32,32,2.0,8.0,18.0,4.0,0.0,1.0,11,8,13,1,14,1,9.8,161.0,86.0,231.0,9.8,4.0,10.37,roster,0,104.0,80.0,1.0,79.57,5.1072,0.8,0.7715,3.25,68.64,12.16,13.4,5.37,5.775
2022-08-22 19:00:00,19,37,37,3.0,9.0,22.0,3.0,0.0,1.0,9,9,14,1,15,1,10.8,192.0,137.0,266.0,10.8,4.0,10.37,roster,0,123.0,92.5,1.23,91.97,5.9601,0.925,0.8679,3.3243,79.36,13.02,13.4,6.18,6.65
2022-08-22 20:00:00,20,38,38,1.0,10.0,25.0,2.0,0.0,1.0,11,10,11,1,12,1,11.8,219.5,190.0,326.0,11.8,4.0,11.85,roster,0,124.0,95.0,1.1071,92.91,5.8537,0.95,0.8439,3.2632,81.51,10.42,13.4,7.58,8.15
2022-08-22 21:00:00,21,39,39,2.0,11.0,22.0,4.0,0.0,1.0,11,9,9,3,12,3,12.8,237.5,145.0,386.0,12.8,4.0,11.85,roster,0,128.0,97.5,1.1429,123.25,5.6927,0.975,0.7595,3.2821,83.66,10.42,40.2,8.97,9.65
2022-08-22 22:00:00,22,35,35,2.0,7.0,24.0,2.0,0.0,1.0,10,8,5,3,8,3,13.8,227.5,158.0,446.0,13.8,3.0,8.39,roster,0,114.0,87.5,1.1875,112.59,5.9557,0.875,0.9535,3.2571,75.08,6.95,40.2,10.37,11.15
2022-08-22 23:00:00,23,28,28,1.0,4.0,22.0,1.0,0.0,1.0,13,7,5,1,6,1,14.8,343.5,265.0,506.0,14.8,3.0,8.39,roster,0,89.0,70.0,0.8725,70.43,4.877,0.7,0.8343,3.1786,60.06,5.21,13.4,11.76,12.65
2022-08-23 00:00:00,0,24,24,1.0,5.0,18.0,0.0,0.0,1.0,10,8,3,1,4,1,15.8,403.5,370.0,948.0,15.8,3.0,8.39,roster,0,79.0,60.0,0.7315,70.39,5.1137,0.6,0.9535,3.2917,51.48,3.47,13.4,22.04,23.7
2022-08-23 01:00:00,1,22,22,1.0,6.0,14.0,1.0,0.0,1.0,6,6,3,1,4,1,16.8,463.5,430.0,1008.0,16.8,3.0,8.39,roster,0,73.0,55.0,0.6759,67.5,4.198,0.55,0.7151,3.3182,47.19,3.47,13.4,23.44,25.2
2022-08-23 02:00:00,2,16,16,1.0,5.0,9.0,1.0,0.0,1.0,4,2,4,1,5,1,17.8,490.0,355.0,557.0,17.8,3.0,8.39,roster,0,54.0,40.0,0.5143,45.01,2.1545,0.4,0.2384,3.375,34.32,4.34,13.4,12.95,13.925
2022-08-23 03:00:00,3,17,17,1.0,5.0,10.0,1.0,0.0,1.0,4,3,4,1,5,1,18.8,550.0,415.0,617.0,18.8,3.0,8.39,roster,0,57.0,42.5,0.5429,48.55,2.6239,0.425,0.3576,3.3529,36.46,4.34,13.4,14.35,15.425
2022-08-23 04:00:00,4,15,15,1.0,4.0,10.0,0.0,0.0,1.0,1,1,5,1,6,1,19.8,542.5,202.0,677.0,19.8,3.0,8.39,roster,0,51.0,37.5,0.5,46.53,1.6802,0.375,0.1192,3.4,32.17,5.21,13.4,15.74,16.925
2022-08-23 05:00:00,5,17,17,1.0,5.0,11.0,0.0,0.0,1.0,5,3,5,1,6,1,20.8,602.5,262.0,737.0,20.8,3.0,8.39,roster,0,58.0,42.5,0.5686,52.21,2.6699,0.425,0.3576,3.4118,36.46,5.21,13.4,17.14,18.425
2022-08-23 06:00:00,6,15,15,1.0,4.0,10.0,0.0,0.0,1.0,1,1,6,1,7,1,18.333,322.0,88.0,730.0,13.283,3.0,8.39,roster,0,51.0,37.5,0.5152,48.63,1.6802,0.375,0.1192,3.4,32.17,6.08,13.4,16.97,18.25
2022-08-23 07:00:00,7,20,20,1.0,7.0,11.0,1.0,0.0,1.0,6,6,6,1,7,1,19.333,382.0,148.0,790.0,14.283,3.0,8.39,roster,0,68.0,50.0,0.6869,60.75,4.1315,0.5,0.7151,3.4,42.9,6.08,13.4,18.37,19.75
2022-08-23 08:00:00,8,24,24,1.0,7.0,15.0,1.0,0.0,1.0,6,6,6,1,7,1,20.333,442.0,208.0,850.0,15.283,3.0,6.35,roster,0,80.0,60.0,0.8081,70.72,5.1496,0.6,0.9449,3.3333,51.48,6.08,13.4,19.76,21.25
2022-08-23 09:00:00,9,26,26,1.0,6.0,14.0,5.0,0.0,1.0,8,7,8,2,10,2,21.333,332.0,100.0,775.0,16.283,3.0,6.35,roster,0,81.0,65.0,0.9,89.27,5.4593,0.65,1.1024,3.1154,55.77,8.68,26.8,18.02,19.375
2022-08-23 10:00:00,10,32,32,1.0,5.0,21.0,5.0,0.0,1.0,12,12,8,2,10,2,22.333,252.0,158.0,562.0,17.283,4.0,9.6,roster,0,98.0,80.0,0.8167,97.19,6.2781,0.8,1.25,3.0625,68.64,8.68,26.8,13.07,14.05
2022-08-23 11:00:00,11,36,36,0.0,5.0,26.0,4.0,1.0,1.0,14,15,9,2,11,2,23.333,218.0,112.0,388.0,17.167,4.0,9.6,roster,0,107.0,90.0,0.9224,102.59,7.3191,0.9,1.5625,2.9722,77.22,9.55,26.8,9.02,9.7
2022-08-23 12:00:00,12,31,31,1.0,6.0,23.0,1.0,0.0,1.0,11,9,11,1,12,1,22.883,231.5,136.0,448.0,18.167,4.0,9.6,roster,0,100.0,77.5,0.8929,80.73,5.5242,0.775,0.9375,3.2258,66.5,10.42,13.4,10.42,11.2
2022-08-23 13:00:00,13,36,36,2.0,7.0,24.0,3.0,0.0,1.0,14,12,10,2,12,2,23.883,267.0,152.0,508.0,19.167,4.0,9.6,roster,0,116.0,90.0,1.0357,106.25,6.9278,0.9,1.25,3.2222,77.22,10.42,26.8,11.81,12.7
2022-08-23 14:00:00,14,35,35,2.0,9.0,20.0,4.0,0.0,1.0,8,7,10,3,13,3,24.883,249.0,148.0,416.0,20.167,4.0,9.6,roster,0,114.0,87.5,1.0556,116.23,5.225,0.875,0.7292,3.2571,75.08,11.29,40.2,9.67,10.4
2022-08-23 15:00:00,15,29,29,1.0,6.0,19.0,3.0,0.0,1.0,4,4,4,1,5,1,25.883,476.0,272.0,628.0,21.167,4.0,9.6,roster,0,92.0,72.5,0.6571,74.55,3.6218,0.725,0.4167,3.1724,62.2,4.34,13.4,14.6,15.7
2022-08-23 16:00:00,16,31,31,2.0,6.0,21.0,2.0,0.0,1.0,11,11,2,1,3,1,26.883,536.0,243.0,688.0,11.467,4.0,9.6,roster,0,101.0,77.5,0.6824,78.5,6.2582,0.775,1.1458,3.2581,66.5,2.6,13.4,16.0,17.2
2022-08-23 17:00:00,17,29,29,2.0,6.0,20.0,1.0,0.0,1.0,4,5,5,2,7,2,27.883,94.0,80.0,596.0,12.467,4.0,9.6,roster,0,96.0,72.5,0.7273,88.94,4.1241,0.725,0.5208,3.3103,62.2,6.08,26.8,13.86,14.9
2022-08-23 18:00:00,18,27,27,2.0,5.0,20.0,0.0,0.0,1.0,7,6,6,2,8,2,28.883,147.0,140.0,656.0,13.467,4.0,9.6,roster,0,90.0,67.5,0.7031,86.91,4.3333,0.675,0.625,3.3333,57.92,6.95,26.8,15.25,16.4
2022-08-23 19:00:00,19,30,30,2.0,5.0,19.0,3.0,1.0,1.0,15,9,7,3,10,3,29.883,200.0,129.0,236.0,14.467,4.0,9.6,roster,0,94.0,75.0,0.7833,98.72,5.2875,0.75,0.9375,3.1333,64.35,8.68,40.2,5.49,5.9
2022-08-23 20:00:00,20,26,26,3.0,5.0,14.0,3.0,1.0,1.0,10,10,6,2,8,2,30.883,166.5,137.0,260.0,12.933,4.0,9.93,roster,0,84.0,65.0,0.6562,75.56,5.3535,0.65,1.007,3.2308,55.77,6.95,26.8,6.04,6.5
2022-08-23 21:00:00,21,31,31,3.0,6.0,19.0,2.0,1.0,1.0,12,11,8,3,11,3,31.883,140.0,107.0,249.0,5.333,4.0,9.93,roster,0,101.0,77.5,0.8707,102.04,6.1341,0.775,1.1078,3.2581,66.5,9.55,40.2,5.79,6.225
2022-08-23 22:00:00,22,24,24,1.0,6.0,15.0,1.0,1.0,1.0,10,7,5,2,7,2,10.367,167.0,121.0,177.0,4.283,3.0,6.68,roster,0,77.0,60.0,0.7778,68.47,5.287,0.6,1.0479,3.2083,51.48,6.08,26.8,4.12,4.425
2022-08-23 23:00:00,23,18,18,1.0,3.0,14.0,0.0,0.0,1.0,4,3,6,2,8,2,11.367,209.5,181.0,237.0,5.283,3.0,6.68,roster,0,59.0,45.0,0.6146,57.87,2.9471,0.45,0.4491,3.2778,38.61,6.95,26.8,5.51,5.925
2022-08-24 00:00:00,0,20,20,1.0,2.0,15.0,2.0,0.0,1.0,9,9,5,1,6,1,12.367,230.5,127.0,252.0,4.95,3.0,6.68,roster,0,62.0,50.0,0.6078,47.37,5.7266,0.5,1.3473,3.1,42.9,5.21,13.4,5.86,6.3
2022-08-24 01:00:00,1,19,19,1.0,2.0,15.0,1.0,0.0,1.0,5,5,7,1,8,1,13.367,233.5,177.0,312.0,5.95,3.0,6.68,roster,0,60.0,47.5,0.625,48.36,3.8637,0.475,0.7485,3.1579,40.75,6.95,13.4,7.25,7.8
2022-08-24 02:00:00,2,20,20,1.0,2.0,17.0,0.0,0.0,1.0,4,4,7,0,7,0,14.367,247.0,135.0,361.0,6.95,3.0,6.68,roster,0,64.0,50.0,0.6465,37.37,3.5162,0.5,0.5988,3.2,42.9,6.08,0.0,8.39,9.025
2022-08-24 03:00:00,3,18,18,1.0,2.0,14.0,1.0,0.0,1.0,4,4,6,0,6,0,15.367,353.5,195.0,421.0,7.95,3.0,6.68,roster,0,57.0,45.0,0.5588,33.61,3.3212,0.45,0.5988,3.1667,38.61,5.21,0.0,9.79,10.525
2022-08-24 04:00:00,4,15,15,1.0,2.0,12.0,0.0,0.0,1.0,3,2,7,0,7,0,16.367,367.0,153.0,481.0,8.95,3.0,6.68,roster,0,49.0,37.5,0.4949,29.44,2.203,0.375,0.2994,3.2667,32.17,6.08,0.0,11.18,12.025
2022-08-24 05:00:00,5,14,14,1.0,2.0,11.0,0.0,0.0,1.0,1,1,7,0,7,0,17.367,427.0,213.0,541.0,9.95,3.0,6.68,roster,0,46.0,35.0,0.4646,28.69,1.6419,0.35,0.1497,3.2857,30.03,6.08,0.0,12.58,13.525
2022-08-24 06:00:00,6,16,16,2.0,2.0,12.0,0.0,0.0,1.0,2,2,8,0,8,0,18.367,431.0,273.0,601.0,10.95,3.0,6.68,roster,0,54.0,40.0,0.5625,35.24,2.3605,0.4,0.2994,3.375,34.32,6.95,0.0,13.97,15.025
2022-08-24 07:00:00,7,18,18,2.0,2.0,14.0,0.0,0.0,1.0,3,3,8,1,9,1,19.367,435.0,297.0,640.0,11.95,3.0,6.68,roster,0,60.0,45.0,0.6452,54.7,2.997,0.45,0.4491,3.3333,38.61,7.81,13.4,14.88,16.0
2022-08-24 08:00:00,8,19,19,2.0,1.0,16.0,0.0,0.0,1.0,9,6,8,1,9,1,19.367,495.0,357.0,700.0,12.95,3.0,6.8,roster,0,62.0,47.5,0.6667,58.24,4.4293,0.475,0.8824,3.2632,40.75,7.81,13.4,16.28,17.5
2022-08-24 09:00:00,9,24,24,1.0,1.0,19.0,3.0,0.0,1.0,13,12,5,1,6,1,20.367,203.0,109.0,555.0,12.667,3.0,6.8,roster,0,72.0,60.0,0.7059,62.99,7.0941,0.6,1.7647,3.0,51.48,5.21,13.4,12.9,13.875
2022-08-24 10:00:00,10,28,28,1.0,1.0,20.0,5.0,1.0,1.0,12,10,7,1,8,1,21.367,162.0,107.0,284.0,13.667,4.0,10.05,roster,0,80.0,70.0,0.625,67.01,4.8429,0.7,0.995,2.8571,60.06,6.95,13.4,6.6,7.1
2022-08-24 11:00:00,11,26,26,1.0,3.0,18.0,4.0,0.0,1.0,7,5,8,1,9,1,14.667,215.0,151.0,302.0,14.667,4.0,10.05,roster,0,79.0,65.0,0.6371,64.01,3.4867,0.65,0.4975,3.0385,55.77,7.81,13.4,7.02,7.55
2022-08-24 12:00:00,12,33,33,1.0,5.0,21.0,4.0,2.0,1.0,13,12,8,1,9,1,15.667,275.0,201.0,362.0,15.667,4.0,10.05,roster,0,98.0,82.5,0.7903,80.42,5.9959,0.825,1.194,2.9697,70.78,7.81,13.4,8.42,9.05
2022-08-24 13:00:00,13,27,27,2.0,5.0,18.0,1.0,1.0,1.0,6,6,9,2,11,2,13.867,207.0,116.0,349.0,7.733,4.0,10.05,roster,0,87.0,67.5,0.75,82.38,4.0987,0.675,0.597,3.2222,57.92,9.55,26.8,8.11,8.725
2022-08-24 14:00:00,14,24,24,3.0,5.0,14.0,1.0,1.0,1.0,2,2,10,3,13,3,14.867,177.0,130.0,321.0,8.733,4.0,10.05,roster,0,80.0,60.0,0.7407,90.43,2.6633,0.6,0.199,3.3333,51.48,11.29,40.2,7.46,8.025
2022-08-24 15:00:00,15,19,19,3.0,3.0,13.0,0.0,0.0,1.0,6,4,5,3,8,3,9.033,176.5,128.0,381.0,9.033,4.0,10.05,roster,0,66.0,47.5,0.5156,76.76,3.0326,0.475,0.398,3.4737,40.75,6.95,40.2,8.86,9.525
2022-08-24 16:00:00,16,14,14,2.0,2.0,9.0,1.0,0.0,1.0,3,3,5,1,6,1,8.4,205.5,181.0,250.0,7.35,4.0,10.05,roster,0,47.0,35.0,0.3456,34.45,2.1771,0.35,0.2985,3.3571,30.03,5.21,13.4,5.81,6.25
2022-08-24 17:00:00,17,22,22,2.0,2.0,15.0,3.0,0.0,1.0,11,10,6,1,7,1,8.35,241.0,112.0,310.0,8.35,4.0,10.05,roster,0,69.0,55.0,0.5227,53.88,4.8458,0.55,0.995,3.1364,47.19,6.08,13.4,7.21,7.75
2022-08-24 18:00:00,18,25,25,1.0,1.0,22.0,1.0,0.0,1.0,9,9,8,0,8,0,9.35,159.5,90.0,370.0,9.35,4.0,10.05,roster,0,77.0,62.5,0.6016,49.17,4.6832,0.625,0.8955,3.08,53.62,6.95,0.0,8.6,9.25
2022-08-24 19:00:00,19,27,27,2.0,1.0,22.0,1.0,1.0,1.0,9,8,10,1,11,1,7.167,144.0,115.0,232.0,7.167,4.0,10.05,roster,0,83.0,67.5,0.7155,66.26,4.522,0.675,0.796,3.0741,57.92,9.55,13.4,5.39,5.8
2022-08-24 20:00:00,20,28,28,1.0,1.0,24.0,2.0,0.0,1.0,10,9,11,2,13,2,8.167,175.0,150.0,210.0,8.167,4.0,9.65,roster,0,85.0,70.0,0.787,83.03,4.9562,0.7,0.9326,3.0357,60.06,11.29,26.8,4.88,5.25
2022-08-24 21:00:00,21,18,18,2.0,1.0,13.0,2.0,0.0,1.0,5,5,6,1,7,1,4.5,210.0,140.0,235.0,4.5,4.0,9.65,roster,0,57.0,45.0,0.4318,43.55,3.0658,0.45,0.5181,3.1667,38.61,6.08,13.4,5.46,5.875
2022-08-24 22:00:00,22,18,18,1.0,3.0,14.0,0.0,0.0,1.0,11,8,4,0,4,0,4.917,238.0,206.0,295.0,4.917,3.0,6.4,roster,0,59.0,45.0,0.5463,28.94,5.5722,0.45,1.25,3.2778,38.61,3.47,0.0,6.86,7.375
2022-08-24 23:00:00,23,25,25,1.0,6.0,17.0,0.0,1.0,1.0,13,12,3,0,3,0,5.5,266.0,116.0,330.0,5.5,3.0,6.4,roster,0,81.0,62.5,0.7297,43.9,8.1,0.625,1.875,3.24,53.62,2.6,0.0,7.67,8.25
2022-08-25 00:00:00,0,20,20,1.0,6.0,12.0,1.0,0.0,1.0,5,4,5,0,5,0,6.5,118.0,110.0,326.0,6.5,3.0,6.4,roster,0,67.0,50.0,0.6381,34.82,3.7688,0.5,0.625,3.35,42.9,4.34,0.0,7.58,8.15
2022-08-25 01:00:00,1,18,18,0.0,6.0,11.0,0.0,1.0,1.0,5,5,5,0,5,0,7.5,178.0,170.0,386.0,7.5,3.0,6.4,roster,0,58.0,45.0,0.5524,31.93,3.9674,0.45,0.7812,3.2222,38.61,4.34,0.0,8.97,9.65
2022-08-25 02:00:00,2,12,12,0.0,6.0,6.0,0.0,0.0,1.0,2,1,5,0,5,0,8.5,238.0,230.0,446.0,8.5,3.0,6.4,roster,0,42.0,30.0,0.4,20.45,1.5969,0.3,0.1562,3.5,25.74,4.34,0.0,10.37,11.15
2022-08-25 03:00:00,3,15,15,0.0,7.0,8.0,0.0,0.0,1.0,6,6,4,0,4,0,9.5,402.0,298.0,570.0,9.5,3.0,6.4,roster,0,52.0,37.5,0.4815,28.9,4.55,0.375,0.9375,3.4667,32.17,3.47,0.0,13.25,14.25
2022-08-25 04:00:00,4,16,16,0.0,9.0,7.0,0.0,0.0,1.0,3,3,6,0,6,0,10.5,251.5,104.0,566.0,10.5,3.0,6.4,roster,0,57.0,40.0,0.5588,32.69,3.0949,0.4,0.4688,3.5625,34.32,5.21,0.0,13.16,14.15
2022-08-25 05:00:00,5,16,16,0.0,8.0,8.0,0.0,0.0,1.0,2,2,7,0,7,0,11.5,205.0,142.0,626.0,11.5,3.0,6.4,roster,0,56.0,40.0,0.5657,34.95,2.4938,0.4,0.3125,3.5,34.32,6.08,0.0,14.55,15.65
2022-08-25 06:00:00,6,17,17,0.0,8.0,8.0,1.0,0.0,1.0,3,3,7,0,7,0,12.5,265.0,202.0,686.0,12.5,3.0,6.4,roster,0,58.0,42.5,0.5859,38.49,3.0493,0.425,0.4688,3.4118,36.46,6.08,0.0,15.95,17.15
2022-08-25 07:00:00,7,13,13,0.0,6.0,7.0,0.0,0.0,1.0,1,1,7,0,7,0,13.5,325.0,262.0,746.0,13.5,3.0,6.4,roster,0,45.0,32.5,0.4545,31.31,1.6659,0.325,0.1562,3.4615,27.88,6.08,0.0,17.34,18.65
2022-08-25 08:00:00,8,19,19,0.0,6.0,9.0,1.0,3.0,1.0,8,8,7,0,7,0,14.5,385.0,322.0,806.0,14.5,3.0,7.33,roster,0,56.0,47.5,0.5657,45.57,4.6168,0.475,1.0914,2.9474,40.75,6.08,0.0,18.74,20.15
2022-08-25 09:00:00,9,19,19,0.0,6.0,11.0,0.0,2.0,1.0,6,6,8,0,8,0,15.5,341.5,107.0,445.0,15.5,3.0,7.33,roster,0,59.0,47.5,0.6146,38.05,4.0168,0.475,0.8186,3.1053,40.75,6.95,0.0,10.35,11.125
2022-08-25 10:00:00,10,24,24,1.0,7.0,12.0,2.0,2.0,1.0,11,9,6,0,6,0,16.5,264.0,155.0,442.0,16.5,4.0,12.05,roster,0,75.0,60.0,0.5515,46.97,4.209,0.6,0.7469,3.125,51.48,5.21,0.0,10.28,11.05
2022-08-25 11:00:00,11,28,28,1.0,5.0,19.0,2.0,1.0,1.0,13,12,3,1,4,1,17.5,164.5,102.0,1050.0,17.5,4.0,12.05,roster,0,87.0,70.0,0.6042,81.35,5.2693,0.7,0.9959,3.1071,60.06,3.47,13.4,24.41,26.25
2022-08-25 12:00:00,12,27,27,1.0,5.0,20.0,1.0,0.0,1.0,11,11,2,0,2,0,18.5,616.0,122.0,1110.0,18.5,4.0,12.05,roster,0,87.0,67.5,0.5724,65.46,5.1164,0.675,0.9129,3.2222,57.92,1.74,0.0,25.81,27.75
2022-08-25 13:00:00,13,20,20,1.0,3.0,15.0,1.0,0.0,1.0,5,5,7,2,9,2,15.75,101.0,87.0,108.0,3.033,4.0,12.05,roster,0,64.0,50.0,0.5161,60.03,2.9278,0.5,0.4149,3.2,42.9,7.81,26.8,2.51,2.7
2022-08-25 14:00:00,14,18,18,0.0,1.0,16.0,1.0,0.0,1.0,5,5,7,1,8,1,14.25,163.0,138.0,174.0,4.033,4.0,12.05,roster,0,54.0,45.0,0.4219,43.0,2.5948,0.45,0.4149,3.0,38.61,6.95,13.4,4.05,4.35
2022-08-25 15:00:00,15,14,14,0.0,2.0,12.0,0.0,0.0,1.0,6,5,4,1,5,1,15.25,153.0,150.0,234.0,5.033,4.0,12.05,roster,0,44.0,35.0,0.3143,33.21,2.4041,0.35,0.4149,3.1429,30.03,4.34,13.4,5.44,5.85
2022-08-25 16:00:00,16,19,19,0.0,2.0,16.0,1.0,0.0,1.0,11,9,5,0,5,0,16.25,143.0,75.0,210.0,3.55,4.0,12.05,roster,0,58.0,47.5,0.4143,29.98,3.73,0.475,0.7469,3.0526,40.75,4.34,0.0,4.88,5.25
2022-08-25 17:00:00,17,19,19,0.0,2.0,16.0,1.0,0.0,1.0,4,3,11,0,11,0,17.25,116.0,89.0,203.0,4.55,4.0,12.05,roster,0,58.0,47.5,0.5,35.03,2.21,0.475,0.249,3.0526,40.75,9.55,0.0,4.72,5.075
2022-08-25 18:00:00,18,25,25,0.0,3.0,20.0,2.0,0.0,1.0,10,9,13,0,13,0,8.283,172.0,146.0,195.0,5.55,4.0,12.05,roster,0,76.0,62.5,0.7037,49.45,4.1705,0.625,0.7469,3.04,53.62,11.29,0.0,4.53,4.875
2022-08-25 19:00:00,19,28,28,0.0,1.0,25.0,1.0,1.0,1.0,15,13,8,1,9,1,9.283,206.0,156.0,236.0,6.5,4.0,12.05,roster,0,82.0,70.0,0.6613,66.76,5.2095,0.7,1.0788,2.9286,60.06,7.81,13.4,5.49,5.9
2022-08-25 20:00:00,20,29,29,0.0,1.0,27.0,1.0,0.0,1.0,11,11,7,0,7,0,10.283,266.0,116.0,296.0,5.133,4.0,11.78,roster,0,87.0,72.5,0.6591,55.17,4.9764,0.725,0.9338,3.0,62.2,6.08,0.0,6.88,7.4
2022-08-25 21:00:00,21,28,28,0.0,2.0,23.0,2.0,1.0,1.0,9,9,7,1,8,1,6.133,191.5,104.0,356.0,6.133,4.0,11.78,roster,0,82.0,70.0,0.6406,68.68,4.2874,0.7,0.764,2.9286,60.06,6.95,13.4,8.28,8.9
2022-08-25 22:00:00,22,26,26,0.0,2.0,21.0,3.0,0.0,1.0,7,6,8,0,8,0,7.133,250.0,156.0,416.0,7.133,3.0,7.06,roster,0,77.0,65.0,0.8021,52.39,4.4419,0.65,0.8499,2.9615,55.77,6.95,0.0,9.67,10.4
2022-08-25 23:00:00,23,24,24,1.0,1.0,21.0,1.0,0.0,1.0,9,8,7,1,8,1,7.933,220.0,188.0,453.0,7.933,3.0,7.06,roster,0,74.0,60.0,0.7708,62.36,5.3439,0.6,1.1331,3.0833,51.48,6.95,13.4,10.53,11.325
2022-08-26 00:00:00,0,21,21,0.0,1.0,19.0,0.0,1.0,1.0,6,6,8,1,9,1,8.933,248.0,132.0,456.0,8.933,3.0,7.06,roster,0,62.0,52.5,0.6667,56.86,4.0591,0.525,0.8499,2.9524,45.04,7.81,13.4,10.6,11.4
2022-08-26 01:00:00,1,18,18,0.0,1.0,17.0,0.0,0.0,1.0,3,2,10,2,12,2,9.933,196.5,146.0,516.0,9.933,3.0,7.06,roster,0,55.0,45.0,0.6548,67.83,2.2406,0.45,0.2833,3.0556,38.61,10.42,26.8,12.0,12.9
2022-08-26 02:00:00,2,27,27,0.0,2.0,25.0,0.0,0.0,1.0,9,9,11,2,13,2,10.933,252.0,178.0,396.0,10.933,3.0,7.06,roster,0,83.0,67.5,1.0247,85.21,5.9938,0.675,1.2748,3.0741,57.92,11.29,26.8,9.21,9.9
2022-08-26 03:00:00,3,17,17,0.0,2.0,15.0,0.0,0.0,1.0,2,1,12,1,13,1,11.933,289.0,201.0,456.0,11.933,3.0,7.06,roster,0,53.0,42.5,0.6543,51.75,1.7666,0.425,0.1416,3.1176,36.46,11.29,13.4,10.6,11.4
2022-08-26 04:00:00,4,21,21,0.0,2.0,19.0,0.0,0.0,1.0,6,5,12,1,13,1,12.933,349.0,261.0,516.0,12.933,3.0,7.06,roster,0,65.0,52.5,0.8025,61.73,3.8171,0.525,0.7082,3.0952,45.04,11.29,13.4,12.0,12.9
2022-08-26 05:00:00,5,19,19,0.0,3.0,16.0,0.0,0.0,1.0,2,2,15,1,16,1,13.933,356.5,230.0,576.0,13.933,3.0,7.06,roster,0,60.0,47.5,0.8333,61.44,2.3946,0.475,0.2833,3.1579,40.75,13.89,13.4,13.39,14.4
2022-08-26 06:00:00,6,21,21,0.0,3.0,17.0,1.0,0.0,1.0,2,2,17,1,18,1,14.933,398.0,163.0,608.0,14.933,3.0,7.06,roster,0,65.0,52.5,0.9848,68.21,2.5018,0.525,0.2833,3.0952,45.04,15.63,13.4,14.14,15.2
2022-08-26 07:00:00,7,23,23,0.0,3.0,19.0,1.0,0.0,1.0,3,3,17,1,18,1,15.933,458.0,223.0,668.0,15.933,3.0,7.06,roster,0,71.0,57.5,1.0758,73.9,3.0867,0.575,0.4249,3.087,49.33,15.63,13.4,15.53,16.7
2022-08-26 08:00:00,8,25,25,0.0,3.0,21.0,1.0,0.0,1.0,3,3,19,1,20,1,16.933,465.0,263.0,728.0,16.933,3.0,7.76,roster,0,77.0,62.5,1.2833,81.32,3.1157,0.625,0.3866,3.08,53.62,17.37,13.4,16.93,18.2
2022-08-26 09:00:00,9,24,24,1.0,2.0,19.0,2.0,0.0,1.0,10,8,13,1,14,1,17.933,513.0,242.0,816.0,17.933,3.0,7.76,roster,0,74.0,60.0,0.9487,76.01,5.0287,0.6,1.0309,3.0833,51.48,12.16,13.4,18.97,20.4
2022-08-26 10:00:00,10,31,31,1.0,4.0,25.0,1.0,0.0,1.0,12,11,14,1,15,1,18.933,364.0,166.0,876.0,18.933,4.0,11.01,roster,0,98.0,77.5,0.98,93.29,5.6084,0.775,0.9991,3.1613,66.5,13.02,13.4,20.37,21.9
2022-08-26 11:00:00,11,37,37,1.0,4.0,30.0,2.0,0.0,1.0,12,11,14,1,15,1,19.55,362.0,155.0,769.0,19.55,4.0,11.01,roster,0,115.0,92.5,1.15,103.67,5.9803,0.925,0.9991,3.1081,79.36,13.02,13.4,17.88,19.225
2022-08-26 12:00:00,12,38,38,1.0,4.0,32.0,1.0,0.0,1.0,9,7,15,2,17,2,20.55,351.0,183.0,741.0,20.55,4.0,11.01,roster,0,119.0,95.0,1.2935,120.3,4.966,0.95,0.6358,3.1316,81.51,14.76,26.8,17.23,18.525
2022-08-26 13:00:00,13,32,32,1.0,4.0,27.0,0.0,0.0,1.0,6,4,14,2,16,2,21.55,259.0,176.0,544.0,21.55,4.0,11.01,roster,0,102.0,80.0,1.0625,101.98,3.708,0.8,0.3633,3.1875,68.64,13.89,26.8,12.65,13.6
2022-08-26 14:00:00,14,32,32,1.0,4.0,26.0,1.0,0.0,1.0,9,7,13,1,14,1,22.55,293.0,199.0,542.0,22.55,4.0,11.01,roster,0,101.0,80.0,0.9712,86.8,4.5317,0.8,0.6358,3.1562,68.64,12.16,13.4,12.6,13.55
2022-08-26 15:00:00,15,30,30,1.0,4.0,21.0,4.0,0.0,1.0,9,8,10,1,11,1,23.55,296.0,186.0,602.0,23.55,4.0,11.01,roster,0,92.0,75.0,0.7931,81.3,4.5283,0.75,0.7266,3.0667,64.35,9.55,13.4,14.0,15.05
2022-08-26 16:00:00,16,20,20,1.0,4.0,15.0,0.0,0.0,1.0,5,4,7,2,9,2,24.55,319.0,246.0,662.0,24.55,4.0,11.01,roster,0,66.0,50.0,0.5323,72.91,2.8489,0.5,0.3633,3.3,42.9,7.81,26.8,15.39,16.55
2022-08-26 17:00:00,17,23,23,2.0,4.0,16.0,0.0,1.0,1.0,8,6,8,2,10,2,25.55,345.0,236.0,722.0,25.55,4.0,11.01,roster,0,75.0,57.5,0.625,81.6,3.652,0.575,0.545,3.2609,49.33,8.68,26.8,16.79,18.05
2022-08-26 18:00:00,18,20,20,2.0,4.0,14.0,0.0,0.0,1.0,4,5,7,2,9,2,26.55,439.0,130.0,782.0,26.55,4.0,11.01,roster,0,68.0,50.0,0.5484,75.7,3.2441,0.5,0.4541,3.4,42.9,7.81,26.8,18.18,19.55
2022-08-26 19:00:00,19,14,14,1.0,3.0,9.0,1.0,0.0,1.0,9,6,3,1,4,1,27.55,539.0,431.0,1653.0,27.55,4.0,11.01,roster,0,46.0,35.0,0.3194,65.34,2.9406,0.35,0.545,3.2857,30.03,3.47,13.4,38.43,41.325
2022-08-26 20:00:00,20,14,14,2.0,2.0,10.0,0.0,0.0,1.0,8,6,3,2,5,2,8.183,106.0,76.0,199.0,8.183,4.0,9.95,roster,0,48.0,35.0,0.3429,45.8,3.2675,0.35,0.603,3.4286,30.03,4.34,26.8,4.63,4.975
2022-08-26 21:00:00,21,22,22,2.0,4.0,15.0,1.0,0.0,1.0,17,14,3,1,4,1,9.183,212.5,166.0,551.0,9.183,4.0,9.95,roster,0,73.0,55.0,0.5069,56.87,6.4938,0.55,1.407,3.3182,47.19,3.47,13.4,12.81,13.775
2022-08-26 22:00:00,22,21,21,1.0,6.0,13.0,1.0,0.0,1.0,8,6,7,0,7,0,10.183,93.0,66.0,226.0,10.183,3.0,6.7,roster,0,70.0,52.5,0.7071,36.38,4.7351,0.525,0.8955,3.3333,45.04,6.08,0.0,5.25,5.65
2022-08-26 23:00:00,23,24,24,3.0,7.0,13.0,1.0,0.0,1.0,8,6,7,1,8,1,11.183,151.0,126.0,286.0,11.183,3.0,6.7,roster,0,84.0,60.0,0.875,58.48,5.2343,0.6,0.8955,3.5,51.48,6.95,13.4,6.65,7.15
2022-08-27 00:00:00,0,25,25,3.0,6.0,15.0,1.0,0.0,1.0,7,8,7,2,9,2,12.183,209.0,140.0,216.0,12.183,3.0,6.7,roster,0,86.0,62.5,0.9247,73.26,6.2575,0.625,1.194,3.44,53.62,7.81,26.8,5.02,5.4
2022-08-27 01:00:00,1,21,21,4.0,8.0,8.0,1.0,0.0,1.0,5,5,8,1,9,1,13.183,269.0,158.0,276.0,13.183,3.0,6.7,roster,0,78.0,52.5,0.8387,52.68,4.7219,0.525,0.7463,3.7143,45.04,7.81,13.4,6.42,6.9
2022-08-27 02:00:00,2,21,21,2.0,8.0,10.0,1.0,0.0,1.0,8,6,11,0,11,0,14.183,214.0,109.0,336.0,14.183,3.0,6.7,roster,0,74.0,52.5,0.8506,42.41,5.0057,0.525,0.8955,3.5238,45.04,9.55,0.0,7.81,8.4
2022-08-27 03:00:00,3,18,18,2.0,5.0,9.0,2.0,0.0,1.0,2,1,10,0,10,0,15.183,252.5,169.0,396.0,15.183,3.0,6.7,roster,0,61.0,45.0,0.6778,36.5,2.0308,0.45,0.1493,3.3889,38.61,8.68,0.0,9.21,9.9
2022-08-27 04:00:00,4,18,18,2.0,6.0,9.0,1.0,0.0,1.0,4,3,10,0,10,0,16.183,312.5,229.0,456.0,16.183,3.0,6.7,roster,0,63.0,45.0,0.7,37.9,3.1422,0.45,0.4478,3.5,38.61,8.68,0.0,10.6,11.4
2022-08-27 05:00:00,5,17,17,2.0,5.0,9.0,1.0,0.0,1.0,1,1,10,0,10,0,17.183,372.5,289.0,516.0,17.183,3.0,6.7,roster,0,59.0,42.5,0.6556,37.15,1.993,0.425,0.1493,3.4706,36.46,8.68,0.0,12.0,12.9
2022-08-27 06:00:00,6,17,17,2.0,5.0,9.0,1.0,0.0,1.0,2,2,10,0,10,0,18.183,432.5,349.0,576.0,18.183,3.0,6.7,roster,0,59.0,42.5,0.6556,38.54,2.511,0.425,0.2985,3.4706,36.46,8.68,0.0,13.39,14.4
2022-08-27 07:00:00,7,22,22,2.0,5.0,13.0,2.0,0.0,1.0,7,7,10,0,10,0,19.183,492.5,409.0,636.0,19.183,3.0,6.7,roster,0,73.0,55.0,0.8111,50.66,5.2918,0.55,1.0448,3.3182,47.19,8.68,0.0,14.79,15.9
2022-08-27 08:00:00,8,20,20,2.0,5.0,12.0,1.0,0.0,1.0,3,2,10,0,10,0,20.183,552.5,469.0,696.0,20.183,3.0,6.63,roster,0,68.0,50.0,0.7556,47.77,2.7256,0.5,0.3017,3.4,42.9,8.68,0.0,16.18,17.4
2022-08-27 09:00:00,9,26,26,1.0,6.0,12.0,2.0,5.0,1.0,12,12,7,0,7,0,17.683,634.0,529.0,756.0,14.767,3.0,6.63,roster,0,74.0,65.0,0.7475,59.43,7.0014,0.65,1.81,2.8462,55.77,6.08,0.0,17.58,18.9
2022-08-27 10:00:00,10,21,21,1.0,3.0,15.0,1.0,1.0,1.0,11,10,5,1,6,1,18.683,598.0,106.0,694.0,13.033,4.0,10.33,roster,0,65.0,52.5,0.4779,59.79,4.6214,0.525,0.9681,3.0952,45.04,5.21,13.4,16.14,17.35
2022-08-27 11:00:00,11,29,29,1.0,6.0,18.0,2.0,2.0,1.0,18,16,4,1,5,1,19.683,166.0,126.0,605.0,12.567,4.0,10.33,roster,0,89.0,72.5,0.6357,74.01,6.9785,0.725,1.5489,3.069,62.2,4.34,13.4,14.07,15.125
2022-08-27 12:00:00,12,26,26,1.0,8.0,17.0,0.0,0.0,1.0,11,8,5,1,6,1,11.083,112.0,75.0,226.0,11.083,4.0,10.33,roster,0,88.0,65.0,0.6471,59.63,4.8212,0.65,0.7744,3.3846,55.77,5.21,13.4,5.25,5.65
2022-08-27 13:00:00,13,37,37,2.0,8.0,25.0,2.0,0.0,1.0,11,11,9,2,11,2,12.083,132.0,77.0,192.0,12.083,4.0,10.33,roster,0,121.0,92.5,1.0431,100.18,6.5074,0.925,1.0649,3.2703,79.36,9.55,26.8,4.46,4.8
2022-08-27 14:00:00,14,38,38,2.0,8.0,27.0,1.0,0.0,1.0,10,10,12,1,13,1,13.083,147.0,129.0,195.0,13.083,4.0,10.33,roster,0,125.0,95.0,1.1574,90.73,6.3094,0.95,0.9681,3.2895,81.51,11.29,13.4,4.53,4.875
2022-08-27 15:00:00,15,32,32,0.0,9.0,22.0,1.0,0.0,1.0,10,7,12,0,12,0,14.083,210.5,189.0,272.0,14.083,4.0,10.33,roster,0,104.0,80.0,0.9286,65.38,4.8023,0.8,0.6776,3.25,68.64,10.42,0.0,6.32,6.8
2022-08-27 16:00:00,16,33,33,0.0,7.0,22.0,2.0,2.0,1.0,14,10,10,0,10,0,15.083,258.0,206.0,332.0,15.083,4.0,10.33,roster,0,100.0,82.5,0.8333,67.19,5.4335,0.825,0.9681,3.0303,70.78,8.68,0.0,7.72,8.3
2022-08-27 17:00:00,17,36,36,0.0,9.0,23.0,4.0,0.0,1.0,10,11,12,1,13,1,16.083,298.0,128.0,372.0,16.083,4.0,10.33,roster,0,113.0,90.0,1.0463,90.56,6.1675,0.9,1.0649,3.1389,77.22,11.29,13.4,8.65,9.3
2022-08-27 18:00:00,18,38,38,0.0,10.0,26.0,2.0,0.0,1.0,9,9,13,2,15,2,17.083,188.0,94.0,432.0,17.083,4.0,10.33,roster,0,122.0,95.0,1.22,111.38,5.8472,0.95,0.8712,3.2105,81.51,13.02,26.8,10.04,10.8
2022-08-27 19:00:00,19,34,34,0.0,10.0,20.0,4.0,0.0,1.0,9,9,9,2,11,2,18.083,248.0,154.0,512.0,18.083,4.0,10.33,roster,0,108.0,85.0,0.931,101.19,5.4675,0.85,0.8712,3.1765,72.93,9.55,26.8,11.9,12.8
2022-08-27 20:00:00,20,26,26,0.0,6.0,19.0,1.0,0.0,1.0,7,7,4,2,6,2,9.817,224.5,183.0,286.0,9.533,4.0,11.01,roster,0,83.0,65.0,0.6103,74.43,4.1046,0.65,0.6358,3.1923,55.77,5.21,26.8,6.65,7.15
2022-08-27 21:00:00,21,21,21,1.0,5.0,12.0,3.0,0.0,1.0,11,9,2,1,3,1,10.817,300.0,79.0,632.0,10.533,4.0,11.01,roster,0,67.0,52.5,0.4527,55.74,4.283,0.525,0.8174,3.1905,45.04,2.6,13.4,14.69,15.8
2022-08-27 22:00:00,22,18,18,1.0,3.0,11.0,3.0,0.0,1.0,9,9,2,0,2,0,10.033,129.0,119.0,139.0,2.317,3.0,7.31,roster,0,56.0,45.0,0.4912,23.58,5.2304,0.45,1.2312,3.1111,38.61,1.74,0.0,3.23,3.475
2022-08-27 23:00:00,23,23,23,2.0,4.0,16.0,1.0,0.0,1.0,11,9,4,0,4,0,11.033,142.0,105.0,199.0,3.317,3.0,7.31,roster,0,76.0,57.5,0.7037,37.43,5.9683,0.575,1.2312,3.3043,49.33,3.47,0.0,4.63,4.975
2022-08-28 00:00:00,0,29,29,2.0,5.0,19.0,2.0,1.0,1.0,12,10,6,2,8,2,12.033,137.5,116.0,239.0,4.317,3.0,7.31,roster,0,92.0,72.5,0.9583,81.51,6.6398,0.725,1.368,3.1724,62.2,6.95,26.8,5.56,5.975
2022-08-28 01:00:00,1,24,24,2.0,4.0,15.0,3.0,0.0,1.0,6,5,7,2,9,2,13.033,178.0,165.0,225.0,5.317,3.0,7.31,roster,0,77.0,60.0,0.828,71.33,4.1195,0.6,0.684,3.2083,51.48,7.81,26.8,5.23,5.625
2022-08-28 02:00:00,2,22,22,1.0,4.0,15.0,2.0,0.0,1.0,5,4,7,0,7,0,14.033,277.0,225.0,359.0,6.317,3.0,7.31,roster,0,70.0,55.0,0.7071,41.61,3.4911,0.55,0.5472,3.1818,47.19,6.08,0.0,8.35,8.975
2022-08-28 03:00:00,3,18,18,1.0,3.0,13.0,1.0,0.0,1.0,3,2,7,0,7,0,15.033,337.0,285.0,419.0,7.317,3.0,7.31,roster,0,58.0,45.0,0.5859,34.43,2.3316,0.45,0.2736,3.2222,38.61,6.08,0.0,9.74,10.475
2022-08-28 04:00:00,4,19,19,1.0,4.0,13.0,1.0,0.0,1.0,3,2,7,0,7,0,16.033,397.0,345.0,479.0,8.317,3.0,7.31,roster,0,62.0,47.5,0.6263,37.97,2.4428,0.475,0.2736,3.2632,40.75,6.08,0.0,11.14,11.975
2022-08-28 05:00:00,5,15,15,1.0,4.0,9.0,1.0,0.0,1.0,1,0,7,0,7,0,17.033,457.0,405.0,539.0,9.317,3.0,7.31,roster,0,50.0,37.5,0.5051,30.78,1.25,0.375,0.0,3.3333,32.17,6.08,0.0,12.53,13.475
2022-08-28 06:00:00,6,15,15,1.0,3.0,10.0,1.0,0.0,1.0,1,1,7,0,7,0,18.033,517.0,465.0,599.0,10.317,3.0,7.31,roster,0,49.0,37.5,0.4949,32.18,1.6719,0.375,0.1368,3.2667,32.17,6.08,0.0,13.93,14.975
2022-08-28 07:00:00,7,21,21,2.0,3.0,15.0,1.0,0.0,1.0,6,6,8,0,8,0,19.033,557.5,525.0,659.0,11.317,3.0,7.31,roster,0,69.0,52.5,0.7188,47.31,4.4219,0.525,0.8208,3.2857,45.04,6.95,0.0,15.32,16.475
2022-08-28 08:00:00,8,19,19,2.0,3.0,13.0,1.0,0.0,1.0,1,0,9,0,9,0,20.033,598.0,502.0,645.0,12.317,3.0,6.29,roster,0,63.0,47.5,0.6774,43.57,1.575,0.475,0.0,3.3158,40.75,7.81,0.0,15.0,16.125
2022-08-28 09:00:00,9,19,19,2.0,3.0,11.0,2.0,1.0,1.0,10,6,7,0,7,0,21.033,645.0,219.0,779.0,13.317,3.0,6.29,roster,0,60.0,47.5,0.6061,44.94,4.5123,0.475,0.9539,3.1579,40.75,6.08,0.0,18.11,19.475
2022-08-28 10:00:00,10,16,16,2.0,3.0,9.0,2.0,0.0,1.0,6,4,6,0,6,0,22.033,735.0,622.0,839.0,14.317,4.0,9.61,roster,0,53.0,40.0,0.3897,39.04,2.7038,0.4,0.4162,3.3125,34.32,5.21,0.0,19.51,20.975
2022-08-28 11:00:00,11,19,19,2.0,5.0,9.0,3.0,0.0,1.0,13,12,3,0,3,0,23.033,765.0,262.0,825.0,13.75,4.0,9.61,roster,0,63.0,47.5,0.4257,42.54,5.7154,0.475,1.2487,3.3158,40.75,2.6,0.0,19.18,20.625
2022-08-28 12:00:00,12,20,20,1.0,6.0,11.0,2.0,0.0,1.0,11,10,4,1,5,1,24.033,322.0,87.0,825.0,14.75,4.0,9.61,roster,0,66.0,50.0,0.4714,59.82,5.0839,0.5,1.0406,3.3,42.9,4.34,13.4,19.18,20.625
2022-08-28 13:00:00,13,25,25,0.0,5.0,18.0,1.0,1.0,1.0,13,12,6,1,7,1,25.033,98.0,71.0,885.0,15.75,4.0,9.61,roster,0,77.0,62.5,0.5833,73.68,5.771,0.625,1.2487,3.08,53.62,6.08,13.4,20.58,22.125
2022-08-28 14:00:00,14,28,28,0.0,4.0,16.0,5.0,3.0,1.0,13,10,7,1,8,1,26.033,131.0,126.0,945.0,16.75,4.0,9.61,roster,0,77.0,70.0,0.6016,82.38,4.7866,0.7,1.0406,2.75,60.06,6.95,13.4,21.97,23.625
2022-08-28 15:00:00,15,14,14,0.0,1.0,10.0,3.0,0.0,1.0,3,2,4,1,5,1,17.75,191.0,125.0,191.0,17.75,4.0,9.61,roster,0,40.0,35.0,0.2857,32.21,1.5946,0.35,0.2081,2.8571,30.03,4.34,13.4,4.44,4.775
2022-08-28 16:00:00,16,17,17,0.0,1.0,15.0,1.0,0.0,1.0,11,11,1,0,1,0,18.75,1125.0,1125.0,1125.0,18.75,4.0,9.61,roster,0,51.0,42.5,0.3269,43.49,4.7089,0.425,1.1446,3.0,36.46,0.87,0.0,26.16,28.125
2022-08-28 17:00:00,17,21,21,0.0,1.0,19.0,1.0,0.0,1.0,11,9,5,0,5,0,19.75,102.0,73.0,111.0,19.75,4.0,9.61,roster,0,63.0,52.5,0.45,31.97,4.3846,0.525,0.9365,3.0,45.04,4.34,0.0,2.58,2.775
2022-08-28 18:00:00,18,26,26,0.0,1.0,24.0,0.0,1.0,1.0,17,12,7,0,7,0,20.75,133.0,110.0,171.0,20.75,4.0,9.61,roster,0,77.0,65.0,0.5833,45.82,5.6231,0.65,1.2487,2.9615,55.77,6.08,0.0,3.98,4.275
2022-08-28 19:00:00,19,21,21,0.0,1.0,20.0,0.0,0.0,1.0,3,3,6,0,6,0,8.517,178.0,75.0,193.0,3.85,4.0,9.61,roster,0,64.0,52.5,0.4706,34.74,2.5514,0.525,0.3122,3.0476,45.04,5.21,0.0,4.49,4.825
2022-08-28 20:00:00,20,20,20,0.0,0.0,20.0,0.0,0.0,1.0,10,8,3,0,3,0,9.517,135.0,132.0,230.0,3.833,4.0,10.63,roster,0,60.0,50.0,0.4054,30.85,3.7578,0.5,0.7526,3.0,42.9,2.6,0.0,5.35,5.75
2022-08-28 21:00:00,21,25,25,0.0,3.0,22.0,0.0,0.0,1.0,15,13,4,0,4,0,10.517,155.5,119.0,195.0,3.25,4.0,10.63,roster,0,78.0,62.5,0.5417,41.63,5.7656,0.625,1.223,3.12,53.62,3.47,0.0,4.53,4.875
2022-08-28 22:00:00,22,23,23,0.0,3.0,19.0,0.0,1.0,1.0,11,9,2,0,2,0,11.517,203.0,154.0,252.0,4.2,3.0,7.31,roster,0,70.0,57.5,0.614,36.93,5.4971,0.575,1.2312,3.0435,49.33,1.74,0.0,5.86,6.3
2022-08-28 23:00:00,23,22,22,0.0,2.0,19.0,1.0,0.0,1.0,8,7,2,0,2,0,9.117,263.0,214.0,312.0,5.2,3.0,7.31,roster,0,67.0,55.0,0.5877,36.18,4.5913,0.55,0.9576,3.0455,47.19,1.74,0.0,7.25,7.8
2022-08-29 00:00:00,0,18,18,0.0,3.0,15.0,0.0,0.0,1.0,7,6,2,0,2,0,10.117,323.0,274.0,372.0,6.2,3.0,7.31,roster,0,57.0,45.0,0.5,29.0,4.0242,0.45,0.8208,3.1667,38.61,1.74,0.0,8.65,9.3
2022-08-29 01:00:00,1,14,14,0.0,4.0,10.0,0.0,0.0,1.0,3,3,2,1,3,1,11.117,334.0,75.0,432.0,7.2,3.0,7.31,roster,0,46.0,35.0,0.4144,36.08,2.4984,0.35,0.4104,3.2857,30.03,2.6,13.4,10.04,10.8
2022-08-29 02:00:00,2,14,14,0.0,3.0,11.0,0.0,0.0,1.0,3,2,2,1,3,1,12.117,394.0,135.0,492.0,8.2,3.0,7.31,roster,0,45.0,35.0,0.4054,37.47,2.0044,0.35,0.2736,3.2143,30.03,2.6,13.4,11.44,12.3
2022-08-29 03:00:00,3,16,16,0.0,3.0,13.0,0.0,0.0,1.0,4,4,2,1,3,1,13.117,454.0,195.0,552.0,9.2,3.0,7.31,roster,0,51.0,40.0,0.4595,43.16,3.0192,0.4,0.5472,3.1875,34.32,2.6,13.4,12.83,13.8
2022-08-29 04:00:00,4,13,13,0.0,2.0,11.0,0.0,0.0,1.0,2,2,2,0,2,0,14.117,563.0,514.0,612.0,10.2,3.0,7.31,roster,0,41.0,32.5,0.3596,23.85,1.8879,0.325,0.2736,3.1538,27.88,1.74,0.0,14.23,15.3
2022-08-29 05:00:00,5,14,14,0.0,3.0,11.0,0.0,0.0,1.0,3,3,3,0,3,0,15.117,574.0,75.0,672.0,11.2,3.0,7.31,roster,0,45.0,35.0,0.4054,28.26,2.4441,0.35,0.4104,3.2143,30.03,2.6,0.0,15.62,16.8
2022-08-29 06:00:00,6,17,17,0.0,4.0,13.0,0.0,0.0,1.0,4,5,3,2,5,2,16.117,135.0,114.0,634.0,12.2,3.0,7.31,roster,0,55.0,42.5,0.5238,62.35,3.5879,0.425,0.684,3.2353,36.46,4.34,26.8,14.74,15.85
2022-08-29 07:00:00,7,18,18,1.0,5.0,12.0,0.0,0.0,1.0,4,4,4,3,7,3,17.117,174.0,84.0,694.0,13.2,3.0,7.31,roster,0,61.0,45.0,0.6162,81.02,3.3794,0.45,0.5472,3.3889,38.61,6.08,40.2,16.14,17.35
2022-08-29 08:00:00,8,22,22,2.0,5.0,15.0,0.0,0.0,1.0,9,7,6,3,9,3,18.117,180.0,142.0,255.0,14.2,3.0,6.29,roster,0,75.0,55.0,0.8065,81.13,5.6689,0.55,1.1129,3.4091,47.19,7.81,40.2,5.93,6.375
2022-08-29 09:00:00,9,26,26,1.0,4.0,17.0,1.0,3.0,1.0,14,13,4,3,7,3,19.117,204.0,137.0,294.0,5.25,3.0,6.29,roster,0,77.0,65.0,0.7778,88.88,8.0458,0.65,2.0668,2.9615,55.77,6.08,40.2,6.84,7.35
2022-08-29 10:00:00,10,26,26,1.0,5.0,18.0,1.0,1.0,1.0,14,13,5,3,8,3,20.117,216.0,134.0,354.0,6.25,4.0,9.99,roster,0,82.0,65.0,0.6406,91.15,6.1541,0.65,1.3013,3.1538,55.77,6.95,40.2,8.23,8.85
2022-08-29 11:00:00,11,33,33,1.0,7.0,21.0,1.0,3.0,1.0,12,13,10,3,13,3,21.117,178.0,94.0,295.0,7.25,4.0,9.99,roster,0,101.0,82.5,0.9352,109.13,6.5078,0.825,1.3013,3.0606,70.78,11.29,40.2,6.86,7.375
2022-08-29 12:00:00,12,33,33,1.0,7.0,23.0,1.0,1.0,1.0,6,6,12,4,16,4,22.117,188.0,135.0,355.0,8.25,4.0,9.99,roster,0,105.0,82.5,1.0938,126.53,4.536,0.825,0.6006,3.1818,70.78,13.89,53.6,8.25,8.875
2022-08-29 13:00:00,13,35,35,2.0,8.0,24.0,0.0,1.0,1.0,11,10,11,4,15,4,23.117,214.0,174.0,377.0,8.9,4.0,9.99,roster,0,115.0,87.5,1.15,130.46,6.164,0.875,1.001,3.2857,75.08,13.02,53.6,8.77,9.425
2022-08-29 14:00:00,14,33,33,1.0,9.0,22.0,1.0,0.0,1.0,8,7,11,4,15,4,9.9,250.0,130.0,358.0,9.9,4.0,9.99,roster,0,109.0,82.5,1.09,125.73,5.0394,0.825,0.7007,3.303,70.78,13.02,53.6,8.32,8.95
2022-08-29 15:00:00,15,33,33,2.0,7.0,22.0,1.0,1.0,1.0,9,8,10,5,15,5,10.9,287.0,157.0,323.0,10.9,4.0,9.99,roster,0,107.0,82.5,1.07,138.32,5.2715,0.825,0.8008,3.2424,70.78,13.02,67.0,7.51,8.075
2022-08-29 16:00:00,16,29,29,0.0,8.0,18.0,1.0,2.0,1.0,8,7,9,2,11,2,11.0,340.0,156.0,383.0,11.0,4.0,9.99,roster,0,90.0,72.5,0.7759,87.46,4.4246,0.725,0.7007,3.1034,62.2,9.55,26.8,8.9,9.575
2022-08-29 17:00:00,17,26,26,0.0,7.0,16.0,1.0,1.0,0.962,7,6,10,1,11,1,12.0,255.0,155.0,443.0,12.0,4.0,9.99,roster,0,79.0,65.0,0.681,69.02,3.7999,0.65,0.6006,3.0385,55.77,9.55,13.4,10.3,11.075
2022-08-29 18:00:00,18,24,24,0.0,5.0,16.0,2.0,0.0,0.958,8,7,9,1,10,1,13.0,245.5,122.0,370.0,13.0,4.0,9.99,roster,0,72.0,60.0,0.6,62.17,3.9021,0.6,0.7007,3.0,51.48,8.68,13.4,8.6,9.25
2022-08-29 19:00:00,19,26,26,0.0,5.0,19.0,1.0,0.0,0.962,9,8,7,2,9,2,14.0,166.0,94.0,210.0,14.0,4.0,9.99,roster,0,79.0,65.0,0.6371,75.27,4.4082,0.65,0.8008,3.0385,55.77,7.81,26.8,4.88,5.25
2022-08-29 20:00:00,20,31,31,1.0,6.0,23.0,1.0,0.0,1.0,13,11,7,2,9,2,15.0,158.0,149.0,270.0,15.0,4.0,11.99,roster,0,100.0,77.5,0.8065,87.39,5.4595,0.775,0.9174,3.2258,66.5,7.81,26.8,6.28,6.75
2022-08-29 21:00:00,21,36,36,1.0,4.0,25.0,4.0,2.0,1.0,16,16,11,0,11,0,9.167,209.0,82.0,302.0,9.167,4.0,11.99,roster,0,106.0,90.0,0.9138,73.79,6.5792,0.9,1.3344,2.9444,77.22,9.55,0.0,7.02,7.55
2022-08-29 22:00:00,22,22,22,1.0,2.0,17.0,2.0,0.0,1.0,7,6,8,0,8,0,6.5,136.0,122.0,269.0,6.5,3.0,8.29,roster,0,68.0,55.0,0.7083,40.39,3.9371,0.55,0.7238,3.0909,47.19,6.95,0.0,6.25,6.725
2022-08-29 23:00:00,23,25,25,1.0,2.0,20.0,2.0,0.0,1.0,11,7,9,1,10,1,7.5,186.0,135.0,220.0,7.5,3.0,8.29,roster,0,77.0,62.5,0.8556,60.82,4.5257,0.625,0.8444,3.08,53.62,8.68,13.4,5.12,5.5
2022-08-30 00:00:00,0,26,26,1.0,3.0,20.0,2.0,0.0,1.0,10,8,7,1,8,1,8.5,246.0,225.0,389.0,8.5,3.0,8.29,roster,0,81.0,65.0,0.8438,65.16,5.0314,0.65,0.965,3.1154,55.77,6.95,13.4,9.04,9.725
2022-08-30 01:00:00,1,26,26,1.0,3.0,20.0,2.0,0.0,1.0,7,7,7,1,8,1,9.5,306.0,285.0,449.0,9.5,3.0,8.29,roster,0,81.0,65.0,0.8438,66.56,4.6556,0.65,0.8444,3.1154,55.77,6.95,13.4,10.44,11.225
2022-08-30 02:00:00,2,28,28,1.0,4.0,20.0,3.0,0.0,1.0,6,6,8,1,9,1,10.5,345.0,242.0,370.0,10.5,3.0,8.29,roster,0,87.0,70.0,0.9355,69.88,4.4238,0.7,0.7238,3.1071,60.06,7.81,13.4,8.6,9.25
2022-08-30 03:00:00,3,23,23,0.0,3.0,18.0,2.0,0.0,1.0,3,3,8,0,8,0,11.5,413.5,375.0,460.0,11.5,3.0,8.29,roster,0,70.0,57.5,0.7292,46.98,2.8514,0.575,0.3619,3.0435,49.33,6.95,0.0,10.7,11.5
2022-08-30 04:00:00,4,21,21,0.0,2.0,17.0,2.0,0.0,1.0,2,2,8,0,8,0,12.5,473.5,435.0,520.0,12.5,3.0,8.29,roster,0,63.0,52.5,0.6562,44.08,2.2988,0.525,0.2413,3.0,45.04,6.95,0.0,12.09,13.0
2022-08-30 05:00:00,5,20,20,0.0,2.0,15.0,3.0,0.0,1.0,4,4,8,0,8,0,13.5,533.5,495.0,580.0,13.5,3.0,8.29,roster,0,59.0,50.0,0.6146,43.33,2.8984,0.5,0.4825,2.95,42.9,6.95,0.0,13.49,14.5
2022-08-30 06:00:00,6,17,17,0.0,2.0,13.0,2.0,0.0,1.0,0,0,9,0,9,0,14.5,585.0,349.0,610.0,14.5,3.0,8.29,roster,0,51.0,42.5,0.5484,38.46,1.275,0.425,0.0,3.0,36.46,7.81,0.0,14.18,15.25
2022-08-30 07:00:00,7,14,14,0.0,1.0,11.0,2.0,0.0,1.0,4,2,8,0,8,0,15.5,653.5,615.0,700.0,15.5,3.0,8.29,roster,0,41.0,35.0,0.4271,33.25,1.7315,0.35,0.2413,2.9286,30.03,6.95,0.0,16.28,17.5
2022-08-30 08:00:00,8,16,16,0.0,1.0,13.0,2.0,0.0,1.0,6,4,8,0,8,0,16.5,713.5,675.0,760.0,16.5,3.0,6.4,roster,0,47.0,40.0,0.4896,38.94,3.0109,0.4,0.625,2.9375,34.32,6.95,0.0,17.67,19.0
2022-08-30 09:00:00,9,23,23,0.0,1.0,19.0,3.0,0.0,1.0,11,10,7,0,7,0,17.5,765.0,529.0,790.0,17.5,3.0,6.4,roster,0,67.0,57.5,0.6768,53.78,6.2266,0.575,1.5625,2.913,49.33,6.08,0.0,18.37,19.75
2022-08-30 10:00:00,10,27,27,0.0,1.0,23.0,0.0,3.0,1.0,14,12,6,0,6,0,14.033,585.5,87.0,795.0,14.033,4.0,9.65,roster,0,76.0,67.5,0.5588,61.61,5.4003,0.675,1.2435,2.8148,57.92,5.21,0.0,18.48,19.875
2022-08-30 11:00:00,11,25,25,0.0,3.0,21.0,0.0,1.0,1.0,10,9,6,0,6,0,15.033,394.5,131.0,855.0,15.033,4.0,9.65,roster,0,76.0,62.5,0.5588,58.71,4.7352,0.625,0.9326,3.04,53.62,5.21,0.0,19.88,21.375
2022-08-30 12:00:00,12,21,21,0.0,3.0,18.0,0.0,0.0,1.0,6,7,7,0,7,0,15.95,93.0,81.0,191.0,3.45,4.0,9.65,roster,0,66.0,52.5,0.5,35.56,3.9298,0.525,0.7254,3.1429,45.04,6.08,0.0,4.44,4.775
2022-08-30 13:00:00,13,29,29,0.0,4.0,24.0,1.0,0.0,1.0,11,9,7,0,7,0,16.95,151.0,120.0,251.0,4.45,4.0,9.65,roster,0,90.0,72.5,0.6818,54.12,5.1444,0.725,0.9326,3.1034,62.2,6.08,0.0,5.84,6.275
2022-08-30 14:00:00,14,22,22,0.0,4.0,18.0,0.0,0.0,1.0,4,4,7,0,7,0,17.95,201.0,118.0,213.0,5.183,4.0,9.65,roster,0,70.0,55.0,0.5303,38.22,3.0689,0.55,0.4145,3.1818,47.19,6.08,0.0,4.95,5.325
2022-08-30 15:00:00,15,22,22,0.0,4.0,18.0,0.0,0.0,1.0,4,5,7,0,7,0,18.95,178.0,113.0,271.0,4.55,4.0,9.65,roster,0,70.0,55.0,0.5303,39.57,3.3986,0.55,0.5181,3.1818,47.19,6.08,0.0,6.3,6.775
2022-08-30 16:00:00,16,22,22,0.0,4.0,17.0,1.0,0.0,1.0,8,7,7,0,7,0,8.283,238.0,120.0,331.0,5.55,4.0,9.65,roster,0,69.0,55.0,0.5227,40.96,4.0001,0.55,0.7254,3.1364,47.19,6.08,0.0,7.7,8.275
2022-08-30 17:00:00,17,20,20,2.0,4.0,14.0,0.0,0.0,1.0,7,5,7,0,7,0,7.1,298.0,180.0,391.0,6.55,4.0,9.65,roster,0,68.0,50.0,0.5152,38.07,3.4617,0.5,0.5181,3.4,42.9,6.08,0.0,9.09,9.775
2022-08-30 18:00:00,18,16,16,1.0,4.0,11.0,0.0,0.0,1.0,3,2,7,0,7,0,8.1,300.0,153.0,420.0,7.55,4.0,9.65,roster,0,54.0,40.0,0.4091,30.16,2.0495,0.4,0.2073,3.375,34.32,6.08,0.0,9.76,10.5
2022-08-30 19:00:00,19,18,18,1.0,2.0,15.0,0.0,0.0,1.0,8,6,6,1,7,1,9.1,300.0,178.0,418.0,8.0,4.0,9.65,roster,0,58.0,45.0,0.4394,47.81,3.4535,0.45,0.6218,3.2222,38.61,6.08,13.4,9.72,10.45
2022-08-30 20:00:00,20,25,25,1.0,4.0,19.0,1.0,0.0,1.0,14,12,8,1,9,1,9.0,273.0,98.0,420.0,9.0,4.0,11.13,roster,0,80.0,62.5,0.6452,64.6,5.4501,0.625,1.0782,3.2,53.62,7.81,13.4,9.76,10.5
2022-08-30 21:00:00,21,23,23,2.0,3.0,17.0,1.0,0.0,1.0,5,5,12,1,13,1,8.0,119.0,99.0,158.0,8.0,4.0,11.13,roster,0,75.0,57.5,0.6944,57.7,3.3399,0.575,0.4492,3.2609,49.33,11.29,13.4,3.67,3.95
2022-08-30 22:00:00,22,16,16,1.0,2.0,13.0,0.0,0.0,1.0,6,5,7,0,7,0,9.0,161.0,150.0,182.0,9.0,3.0,7.88,roster,0,52.0,40.0,0.5253,24.63,3.3622,0.4,0.6345,3.25,34.32,6.08,0.0,4.23,4.55
2022-08-30 23:00:00,23,15,15,1.0,2.0,10.0,1.0,1.0,1.0,8,4,8,0,8,0,4.033,197.5,81.0,237.0,4.033,3.0,7.88,roster,0,46.0,37.5,0.4792,24.63,2.7067,0.375,0.5076,3.0667,32.17,6.95,0.0,5.51,5.925
2022-08-31 00:00:00,0,20,20,0.0,3.0,16.0,1.0,0.0,1.0,14,10,7,0,7,0,5.033,270.0,133.0,297.0,5.033,3.0,7.88,roster,0,62.0,50.0,0.6263,35.88,5.484,0.5,1.269,3.1,42.9,6.08,0.0,6.91,7.425
2022-08-31 01:00:00,1,15,15,0.0,2.0,13.0,0.0,0.0,1.0,6,3,8,0,8,0,6.033,317.5,193.0,357.0,6.033,3.0,7.88,roster,0,47.0,37.5,0.4896,27.42,2.3679,0.375,0.3807,3.1333,32.17,6.95,0.0,8.3,8.925
2022-08-31 02:00:00,2,16,16,0.0,2.0,14.0,0.0,0.0,1.0,5,6,7,0,7,0,7.033,390.0,253.0,417.0,7.033,3.0,7.88,roster,0,50.0,40.0,0.5051,30.09,3.6294,0.4,0.7614,3.125,34.32,6.08,0.0,9.7,10.425
2022-08-31 03:00:00,3,18,18,1.0,3.0,14.0,0.0,0.0,1.0,4,4,9,0,9,0,8.033,425.0,307.0,461.0,8.033,3.0,7.88,roster,0,59.0,45.0,0.6344,37.14,3.1388,0.45,0.5076,3.2778,38.61,7.81,0.0,10.72,11.525
2022-08-31 04:00:00,4,18,18,1.0,4.0,12.0,1.0,0.0,1.0,4,3,10,1,11,1,9.033,373.0,153.0,521.0,9.033,3.0,7.88,roster,0,59.0,45.0,0.6782,53.67,2.7229,0.45,0.3807,3.2778,38.61,9.55,13.4,12.11,13.025
2022-08-31 05:00:00,5,17,17,1.0,4.0,11.0,1.0,0.0,1.0,0,0,11,1,12,1,10.033,430.0,213.0,581.0,10.033,3.0,7.88,roster,0,56.0,42.5,0.6667,53.79,1.4,0.425,0.0,3.2941,36.46,10.42,13.4,13.51,14.525
2022-08-31 06:00:00,6,19,19,1.0,4.0,14.0,0.0,0.0,1.0,4,4,10,1,11,1,11.033,493.0,273.0,641.0,11.033,3.0,7.88,roster,0,63.0,47.5,0.7241,58.61,3.2581,0.475,0.5076,3.3158,40.75,9.55,13.4,14.9,16.025
2022-08-31 07:00:00,7,17,17,1.0,3.0,13.0,0.0,0.0,1.0,1,1,11,1,12,1,12.033,550.0,333.0,701.0,12.033,3.0,7.88,roster,0,56.0,42.5,0.6667,56.58,1.818,0.425,0.1269,3.2941,36.46,10.42,13.4,16.3,17.525
2022-08-31 08:00:00,8,21,21,1.0,4.0,16.0,0.0,0.0,1.0,5,5,10,1,11,1,13.033,607.0,335.0,750.0,13.033,3.0,6.65,roster,0,69.0,52.5,0.7931,65.43,4.1955,0.525,0.7519,3.2857,45.04,9.55,13.4,17.44,18.75
2022-08-31 09:00:00,9,27,27,1.0,5.0,21.0,0.0,0.0,1.0,8,8,9,2,11,2,14.033,462.0,221.0,785.0,14.033,3.0,6.65,roster,0,88.0,67.5,1.0115,92.52,6.1209,0.675,1.203,3.2593,57.92,9.55,26.8,18.25,19.625
2022-08-31 10:00:00,10,31,31,2.0,7.0,22.0,0.0,0.0,1.0,18,15,7,1,8,1,15.033,361.5,157.0,845.0,15.033,4.0,9.97,roster,0,104.0,77.5,0.8125,86.49,7.6474,0.775,1.5045,3.3548,66.5,6.95,13.4,19.65,21.125
2022-08-31 11:00:00,11,36,36,2.0,7.0,27.0,0.0,0.0,1.0,13,13,12,2,14,2,16.033,166.5,79.0,502.0,16.033,4.0,9.97,roster,0,119.0,90.0,1.1442,107.85,7.2852,0.9,1.3039,3.3056,77.22,12.16,26.8,11.67,12.55
2022-08-31 12:00:00,12,38,38,2.0,11.0,25.0,0.0,0.0,1.0,10,10,12,2,14,2,17.033,213.0,130.0,562.0,17.033,4.0,9.97,roster,0,129.0,95.0,1.2404,113.53,6.63,0.95,1.003,3.3947,81.51,12.16,26.8,13.07,14.05
2022-08-31 13:00:00,13,34,34,2.0,8.0,24.0,0.0,0.0,1.0,9,8,13,2,15,2,18.033,206.0,182.0,461.0,18.033,4.0,9.97,roster,0,114.0,85.0,1.14,103.47,5.5404,0.85,0.8024,3.3529,72.93,13.02,26.8,10.72,11.525
2022-08-31 14:00:00,14,40,40,2.0,10.0,28.0,0.0,0.0,1.0,15,14,13,1,14,1,19.033,249.0,141.0,379.0,19.033,4.0,9.97,roster,0,134.0,100.0,1.2885,100.17,8.0541,1.0,1.4042,3.35,85.8,12.16,13.4,8.81,9.475
2022-08-31 15:00:00,15,37,37,0.0,12.0,25.0,0.0,0.0,1.0,12,11,11,0,11,0,19.083,174.0,103.0,326.0,19.083,4.0,9.97,roster,0,123.0,92.5,1.0603,76.5,6.7428,0.925,1.1033,3.3243,79.36,9.55,0.0,7.58,8.15
2022-08-31 16:00:00,16,34,34,0.0,9.0,25.0,0.0,0.0,1.0,7,7,10,0,10,0,20.083,230.5,163.0,386.0,20.083,4.0,9.97,roster,0,111.0,85.0,0.925,70.59,5.0672,0.85,0.7021,3.2647,72.93,8.68,0.0,8.97,9.65
2022-08-31 17:00:00,17,28,28,0.0,8.0,18.0,1.0,1.0,1.0,5,6,8,0,8,0,21.083,304.0,262.0,559.0,21.083,4.0,9.97,roster,0,89.0,70.0,0.6953,60.0,4.1379,0.7,0.6018,3.1786,60.06,6.95,0.0,13.0,13.975
2022-08-31 18:00:00,18,25,25,1.0,8.0,16.0,0.0,0.0,1.0,8,6,7,0,7,0,22.083,381.0,322.0,619.0,22.083,4.0,9.97,roster,0,85.0,62.5,0.6439,54.09,4.1711,0.625,0.6018,3.4,53.62,6.08,0.0,14.39,15.475
2022-08-31 19:00:00,19,21,21,1.0,4.0,16.0,0.0,0.0,1.0,8,8,7,0,7,0,11.317,175.0,87.0,441.0,11.317,4.0,9.97,roster,0,69.0,52.5,0.5227,41.38,4.3615,0.525,0.8024,3.2857,45.04,6.08,0.0,10.25,11.025
2022-08-31 20:00:00,20,21,21,1.0,2.0,15.0,2.0,1.0,1.0,7,6,7,0,7,0,12.317,147.0,97.0,501.0,12.317,4.0,9.82,roster,0,63.0,52.5,0.4773,42.77,3.408,0.525,0.611,3.0,45.04,6.08,0.0,11.65,12.525
2022-08-31 21:00:00,21,23,23,1.0,4.0,16.0,2.0,0.0,1.0,8,6,7,0,7,0,13.317,207.0,139.0,561.0,13.317,4.0,9.82,roster,0,73.0,57.5,0.553,48.46,3.7643,0.575,0.611,3.1739,49.33,6.08,0.0,13.04,14.025
2022-08-31 22:00:00,22,22,22,0.0,4.0,16.0,2.0,0.0,1.0,11,8,4,0,4,0,9.25,212.0,169.0,355.0,5.917,3.0,6.5,roster,0,68.0,55.0,0.6296,38.92,5.5042,0.55,1.2308,3.0909,47.19,3.47,0.0,8.25,8.875
2022-08-31 23:00:00,23,18,18,0.0,4.0,13.0,1.0,0.0,1.0,9,7,3,0,3,0,10.25,315.0,149.0,415.0,6.917,3.0,6.5,roster,0,57.0,45.0,0.5135,30.86,4.8353,0.45,1.0769,3.1667,38.61,2.6,0.0,9.65,10.375
