ts,hour,total,census,l1,l2,l3,l4,l5,tri_coverage,arrivals,arrival_present_1h,waitBed,waitICU,D_board,resus,maxLOS_h,awt_curr_min,board_q1_min,board_q3_min,board_max_h,Na,cap_sum,cap_source,src_gap,acuity,OCCUPANCY,EDWIN,NEDOCS,READI,READI_BR,READI_PR,READI_AR,NEDOCS_t_total,NEDOCS_t_board,NEDOCS_t_resus,NEDOCS_t_longest_admit,NEDOCS_E_h
2024-05-01 00:00:00,0,40,40,3.0,10.0,20.0,6.0,1.0,1.0,9,9,16,1,17,1,32.667,425.0,332.0,771.0,19.25,3.0,6.5,roster,0,128.0,100.0,1.8551,111.89,7.6308,1.0,1.3846,3.2,85.8,14.76,13.4,17.93,19.275
2024-05-01 01:00:00,1,33,33,3.0,9.0,15.0,5.0,1.0,1.0,2,2,16,2,18,2,33.667,482.5,302.0,831.0,20.25,3.0,6.5,roster,0,107.0,82.5,1.6212,112.54,3.6727,0.825,0.3077,3.2424,70.78,15.63,26.8,19.32,20.775
2024-05-01 02:00:00,2,34,34,3.0,9.0,16.0,6.0,0.0,1.0,7,6,16,2,18,2,34.667,542.5,362.0,891.0,21.25,3.0,6.5,roster,0,111.0,85.0,1.6818,116.08,5.7886,0.85,0.9231,3.2647,72.93,15.63,26.8,20.72,22.275
2024-05-01 03:00:00,3,27,27,2.0,8.0,13.0,3.0,1.0,1.0,2,2,16,0,16,0,35.667,721.5,533.0,971.0,22.25,3.0,6.5,roster,0,88.0,67.5,1.2222,74.38,3.2028,0.675,0.3077,3.2593,57.92,13.89,0.0,22.58,24.275
2024-05-01 04:00:00,4,23,23,2.0,8.0,10.0,3.0,0.0,1.0,1,1,16,0,16,0,36.667,781.5,593.0,1031.0,23.25,3.0,6.5,roster,0,78.0,57.5,1.0833,67.2,2.4717,0.575,0.1538,3.3913,49.33,13.89,0.0,23.97,25.775
2024-05-01 05:00:00,5,23,23,2.0,8.0,10.0,3.0,0.0,1.0,1,1,16,0,16,0,37.667,841.5,653.0,1091.0,24.25,3.0,6.5,roster,0,78.0,57.5,1.0833,68.59,2.4717,0.575,0.1538,3.3913,49.33,13.89,0.0,25.37,27.275
2024-05-01 06:00:00,6,25,25,2.0,8.0,11.0,4.0,0.0,1.0,4,3,16,0,16,0,38.667,901.5,713.0,1151.0,25.25,3.0,6.5,roster,0,83.0,62.5,1.1528,74.28,3.6073,0.625,0.4615,3.32,53.62,13.89,0.0,26.76,28.775
2024-05-01 07:00:00,7,25,25,2.0,8.0,12.0,3.0,0.0,1.0,2,2,16,0,16,0,39.667,961.5,773.0,1211.0,26.25,3.0,6.5,roster,0,84.0,62.5,1.1667,75.67,3.1338,0.625,0.3077,3.36,53.62,13.89,0.0,28.16,30.275
2024-05-01 08:00:00,8,22,22,2.0,9.0,9.0,2.0,0.0,1.0,1,1,16,0,16,0,40.667,1019.0,812.0,1271.0,27.25,3.0,7.23,roster,0,77.0,55.0,1.0694,70.63,2.4091,0.55,0.1383,3.5,47.19,13.89,0.0,29.55,31.775
2024-05-01 09:00:00,9,26,26,1.0,10.0,14.0,1.0,0.0,1.0,9,8,12,0,12,0,41.667,949.5,872.0,1311.0,28.25,3.0,7.23,roster,0,89.0,65.0,1.0595,76.67,6.0126,0.65,1.1065,3.4231,55.77,10.42,0.0,30.48,32.775
2024-05-01 10:00:00,10,34,34,2.0,13.0,18.0,1.0,0.0,1.0,10,11,13,0,13,0,42.667,932.0,197.0,1282.0,29.25,4.0,10.55,roster,0,118.0,85.0,1.0926,94.02,6.5686,0.85,1.0427,3.4706,72.93,11.29,0.0,29.81,32.05
2024-05-01 11:00:00,11,33,33,2.0,11.0,19.0,0.0,1.0,1.0,11,11,10,1,11,1,43.667,150.0,102.0,992.0,30.25,4.0,10.55,roster,0,112.0,82.5,0.9655,96.8,6.3387,0.825,1.0427,3.3939,70.78,9.55,13.4,23.06,24.8
2024-05-01 12:00:00,12,32,32,1.0,8.0,21.0,2.0,0.0,1.0,9,9,8,1,9,1,44.667,173.0,138.0,741.0,31.25,4.0,10.55,roster,0,104.0,80.0,0.8387,87.08,5.3725,0.8,0.8531,3.25,68.64,7.81,13.4,17.23,18.525
2024-05-01 13:00:00,13,32,32,1.0,8.0,20.0,3.0,0.0,1.0,9,10,10,1,11,1,45.667,168.0,71.0,233.0,14.85,4.0,10.55,roster,0,103.0,80.0,0.8879,77.01,5.6259,0.8,0.9479,3.2188,68.64,9.55,13.4,5.42,5.825
2024-05-01 14:00:00,14,33,33,1.0,5.0,23.0,3.0,1.0,1.0,12,12,7,1,8,1,46.667,139.0,123.0,228.0,14.35,4.0,10.55,roster,0,101.0,82.5,0.7891,76.43,6.0063,0.825,1.1374,3.0606,70.78,6.95,13.4,5.3,5.7
2024-05-01 15:00:00,15,21,21,1.0,5.0,13.0,2.0,0.0,1.0,4,4,6,1,7,1,47.667,191.0,156.0,288.0,15.35,4.0,10.55,roster,0,68.0,52.5,0.5152,51.22,2.9277,0.525,0.3791,3.2381,45.04,6.08,13.4,6.7,7.2
2024-05-01 16:00:00,16,21,21,0.0,6.0,12.0,3.0,0.0,1.0,6,5,6,1,7,1,48.667,243.0,82.0,267.0,5.8,4.0,10.55,roster,0,66.0,52.5,0.5,50.73,3.1395,0.525,0.4739,3.1429,45.04,6.08,13.4,6.21,6.675
2024-05-01 17:00:00,17,23,23,0.0,7.0,14.0,2.0,0.0,1.0,7,7,8,1,9,1,49.667,276.0,132.0,311.0,6.8,4.0,10.55,roster,0,74.0,57.5,0.5968,57.78,3.9848,0.575,0.6635,3.2174,49.33,7.81,13.4,7.23,7.775
2024-05-01 18:00:00,18,24,24,0.0,8.0,15.0,1.0,0.0,1.0,8,6,7,1,8,1,50.667,269.0,178.0,387.0,7.8,4.0,10.55,roster,0,79.0,60.0,0.6172,60.82,3.847,0.6,0.5687,3.2917,51.48,6.95,13.4,9.0,9.675
2024-05-01 19:00:00,19,23,23,0.0,8.0,13.0,2.0,0.0,1.0,6,6,6,1,7,1,51.667,262.0,149.0,447.0,8.8,4.0,10.55,roster,0,75.0,57.5,0.5682,59.21,3.7295,0.575,0.5687,3.2609,49.33,6.08,13.4,10.39,11.175
2024-05-01 20:00:00,20,30,30,0.0,8.0,22.0,0.0,0.0,1.0,15,14,6,0,6,0,52.667,283.0,209.0,491.0,8.45,4.0,9.72,roster,0,98.0,75.0,0.7206,60.98,7.1551,0.75,1.4403,3.2667,64.35,5.21,0.0,11.42,12.275
2024-05-01 21:00:00,21,25,25,0.0,9.0,16.0,0.0,0.0,1.0,7,4,9,0,9,0,53.667,269.0,117.0,382.0,9.45,4.0,9.72,roster,0,84.0,62.5,0.6774,50.32,3.4827,0.625,0.4115,3.36,53.62,7.81,0.0,8.88,9.55
2024-05-01 22:00:00,22,22,22,0.0,6.0,16.0,0.0,0.0,1.0,8,6,8,0,8,0,54.667,346.5,196.0,611.0,10.45,3.0,6.4,roster,0,72.0,55.0,0.75,48.34,4.8682,0.55,0.9375,3.2727,47.19,6.95,0.0,14.21,15.275
2024-05-01 23:00:00,23,20,20,0.0,3.0,17.0,0.0,0.0,1.0,6,5,10,0,10,0,55.667,322.5,148.0,502.0,11.45,3.0,6.4,roster,0,63.0,50.0,0.7,43.25,4.0359,0.5,0.7812,3.15,42.9,8.68,0.0,11.67,12.55
2024-05-02 00:00:00,0,20,20,1.0,4.0,15.0,0.0,0.0,1.0,9,5,10,0,10,0,56.667,382.5,208.0,562.0,12.45,3.0,6.4,roster,0,66.0,50.0,0.7333,44.65,4.2281,0.5,0.7812,3.3,42.9,8.68,0.0,13.07,14.05
2024-05-02 01:00:00,1,21,21,1.0,5.0,14.0,1.0,0.0,1.0,6,5,11,1,12,1,57.667,359.0,222.0,622.0,13.45,3.0,6.4,roster,0,69.0,52.5,0.8214,63.33,4.292,0.525,0.7812,3.2857,45.04,10.42,13.4,14.46,15.55
2024-05-02 02:00:00,2,22,22,1.0,4.0,17.0,0.0,0.0,1.0,5,4,13,1,14,1,58.667,365.0,155.0,604.0,14.45,3.0,6.4,roster,0,72.0,55.0,0.9231,66.79,3.8455,0.55,0.625,3.2727,47.19,12.16,13.4,14.04,15.1
2024-05-02 03:00:00,3,21,21,1.0,4.0,15.0,1.0,0.0,1.0,3,3,15,1,16,1,59.667,365.0,202.0,664.0,15.45,3.0,6.4,roster,0,68.0,52.5,0.9444,67.78,3.2179,0.525,0.4688,3.2381,45.04,13.89,13.4,15.44,16.6
2024-05-02 04:00:00,4,21,21,0.0,4.0,17.0,0.0,0.0,1.0,3,3,15,0,15,0,60.667,448.0,239.0,724.0,16.45,3.0,6.4,roster,0,67.0,52.5,0.8933,54.9,3.1705,0.525,0.4688,3.1905,45.04,13.02,0.0,16.83,18.1
2024-05-02 05:00:00,5,20,20,0.0,4.0,16.0,0.0,0.0,1.0,2,1,15,0,15,0,61.667,508.0,299.0,784.0,17.45,3.0,6.4,roster,0,64.0,50.0,0.8533,54.15,2.1,0.5,0.1562,3.2,42.9,13.02,0.0,18.23,19.6
2024-05-02 06:00:00,6,19,19,0.0,4.0,15.0,0.0,0.0,1.0,1,1,15,0,15,0,62.667,568.0,359.0,844.0,18.45,3.0,6.4,roster,0,61.0,47.5,0.8133,53.4,2.0266,0.475,0.1562,3.2105,40.75,13.02,0.0,19.62,21.1
2024-05-02 07:00:00,7,22,22,0.0,5.0,16.0,1.0,0.0,1.0,5,5,14,0,14,0,63.667,605.0,419.0,869.0,19.45,3.0,6.4,roster,0,70.0,55.0,0.8974,59.55,4.2358,0.55,0.7812,3.1818,47.19,12.16,0.0,20.2,21.725
2024-05-02 08:00:00,8,22,22,0.0,5.0,16.0,1.0,0.0,1.0,3,3,16,0,16,0,64.667,638.5,435.0,929.0,20.45,3.0,7.19,roster,0,70.0,55.0,0.9722,62.68,3.0776,0.55,0.4172,3.1818,47.19,13.89,0.0,21.6,23.225
2024-05-02 09:00:00,9,27,27,0.0,6.0,19.0,2.0,0.0,1.0,8,8,15,0,15,0,65.667,562.0,332.0,856.0,21.45,3.0,7.19,roster,0,85.0,67.5,1.1333,70.84,5.6278,0.675,1.1127,3.1481,57.92,13.02,0.0,19.9,21.4
2024-05-02 10:00:00,10,35,35,0.0,7.0,24.0,4.0,0.0,1.0,12,12,16,0,16,0,66.667,610.5,392.0,916.0,22.45,4.0,10.44,roster,0,108.0,87.5,1.125,90.26,6.2468,0.875,1.1494,3.0857,75.08,13.89,0.0,21.3,22.9
2024-05-02 11:00:00,11,37,37,0.0,7.0,25.0,5.0,0.0,1.0,13,12,15,1,16,1,67.667,273.5,109.0,976.0,23.45,4.0,10.44,roster,0,113.0,92.5,1.1771,109.35,6.3354,0.925,1.1494,3.0541,79.36,13.89,13.4,22.69,24.4
2024-05-02 12:00:00,12,35,35,1.0,6.0,25.0,3.0,0.0,1.0,12,12,15,1,16,1,47.217,147.0,89.0,719.0,20.067,4.0,10.44,roster,0,110.0,87.5,1.1458,99.08,6.3625,0.875,1.1494,3.1429,75.08,13.89,13.4,16.72,17.975
2024-05-02 13:00:00,13,40,40,0.0,8.0,30.0,2.0,0.0,1.0,13,13,14,1,15,1,48.217,149.0,130.0,210.0,5.45,4.0,10.44,roster,0,126.0,100.0,1.26,97.11,7.0724,1.0,1.2452,3.15,85.8,13.02,13.4,4.88,5.25
2024-05-02 14:00:00,14,44,44,0.0,9.0,32.0,3.0,0.0,1.0,7,7,18,3,21,3,49.217,190.0,109.0,221.0,4.817,4.0,10.44,roster,0,138.0,110.0,1.8158,137.95,5.5529,1.1,0.6705,3.1364,94.38,18.23,40.2,5.14,5.525
2024-05-02 15:00:00,15,47,47,0.0,10.0,32.0,5.0,0.0,1.0,12,11,14,3,17,3,50.217,183.0,156.0,281.0,5.817,4.0,10.44,roster,0,146.0,117.5,1.587,142.31,6.923,1.175,1.0536,3.1064,100.82,14.76,40.2,6.53,7.025
2024-05-02 16:00:00,16,45,45,0.0,13.0,29.0,3.0,0.0,1.0,8,9,17,3,20,3,51.217,233.0,196.0,341.0,6.817,4.0,10.44,roster,0,145.0,112.5,1.8125,142.02,6.4028,1.125,0.8621,3.2222,96.52,17.37,40.2,7.93,8.525
2024-05-02 17:00:00,17,37,37,1.0,11.0,23.0,2.0,0.0,1.0,4,5,16,3,19,3,52.217,285.0,187.0,370.0,7.817,4.0,10.44,roster,0,122.0,92.5,1.4524,124.67,4.6292,0.925,0.4789,3.2973,79.36,16.5,40.2,8.6,9.25
2024-05-02 18:00:00,18,38,38,2.0,12.0,22.0,2.0,0.0,1.0,11,9,17,3,20,3,8.7,327.5,214.0,377.0,8.6,4.0,10.44,roster,0,128.0,95.0,1.6,127.84,6.1038,0.95,0.8621,3.3684,81.51,17.37,40.2,8.77,9.425
2024-05-02 19:00:00,19,29,29,2.0,10.0,17.0,0.0,0.0,1.0,5,5,14,5,19,5,9.283,368.0,114.0,417.0,9.283,4.0,10.44,roster,0,101.0,72.5,1.2024,135.4,4.193,0.725,0.4789,3.4828,62.2,16.5,67.0,9.7,10.425
2024-05-02 20:00:00,20,31,31,2.0,7.0,20.0,2.0,0.0,1.0,12,12,12,4,16,4,9.4,325.0,174.0,469.0,9.4,4.0,11.13,roster,0,102.0,77.5,1.0625,124.89,6.0975,0.775,1.0782,3.2903,66.5,13.89,53.6,10.9,11.725
2024-05-02 21:00:00,21,31,31,1.0,6.0,22.0,2.0,0.0,1.0,10,10,11,3,14,3,10.4,385.0,210.0,529.0,10.4,4.0,11.13,roster,0,99.0,77.5,0.9519,111.15,5.3443,0.775,0.8985,3.1935,66.5,12.16,40.2,12.3,13.225
2024-05-02 22:00:00,22,22,22,1.0,6.0,14.0,1.0,0.0,1.0,4,2,11,4,15,4,11.4,294.0,138.0,589.0,11.4,3.0,7.88,roster,0,73.0,55.0,0.9733,107.51,2.6672,0.55,0.2538,3.3182,47.19,13.02,53.6,13.69,14.725
2024-05-02 23:00:00,23,23,23,1.0,5.0,15.0,2.0,0.0,1.0,7,6,9,4,13,4,12.4,330.0,198.0,463.0,12.4,3.0,7.88,roster,0,74.0,57.5,0.9136,104.99,4.2998,0.575,0.7614,3.2174,49.33,11.29,53.6,10.76,11.575
2024-05-03 00:00:00,0,27,27,2.0,7.0,16.0,2.0,0.0,1.0,12,9,10,4,14,4,13.4,354.0,227.0,523.0,13.4,3.0,7.88,roster,0,90.0,67.5,1.1538,115.83,6.0571,0.675,1.1421,3.3333,57.92,12.16,53.6,12.16,13.075
2024-05-03 01:00:00,1,33,33,2.0,11.0,19.0,1.0,0.0,1.0,10,11,14,3,17,3,14.4,358.0,136.0,483.0,14.4,3.0,7.88,roster,0,113.0,82.5,1.6377,116.98,7.605,0.825,1.3959,3.4242,70.78,14.76,40.2,11.23,12.075
2024-05-03 02:00:00,2,25,25,2.0,6.0,16.0,1.0,0.0,1.0,1,0,14,2,16,2,15.4,408.0,196.0,643.0,15.4,3.0,7.88,roster,0,84.0,62.5,1.1667,89.27,2.1,0.625,0.0,3.36,53.62,13.89,26.8,14.95,16.075
2024-05-03 03:00:00,3,24,24,2.0,6.0,15.0,1.0,0.0,1.0,0,0,14,2,16,2,16.4,468.0,256.0,703.0,16.4,3.0,7.88,roster,0,81.0,60.0,1.125,88.52,2.025,0.6,0.0,3.375,51.48,13.89,26.8,16.34,17.575
2024-05-03 04:00:00,4,26,26,2.0,6.0,17.0,1.0,0.0,1.0,2,2,14,2,16,2,17.4,528.0,316.0,763.0,17.4,3.0,7.88,roster,0,87.0,65.0,1.2083,94.2,3.0243,0.65,0.2538,3.3462,55.77,13.89,26.8,17.74,19.075
2024-05-03 05:00:00,5,26,26,2.0,5.0,18.0,1.0,0.0,1.0,4,4,14,1,15,1,18.4,558.0,356.0,823.0,18.4,3.0,7.88,roster,0,86.0,65.0,1.1467,81.33,3.829,0.65,0.5076,3.3077,55.77,13.02,13.4,19.13,20.575
2024-05-03 06:00:00,6,25,25,3.0,6.0,15.0,1.0,0.0,1.0,5,3,14,1,15,1,19.4,618.0,416.0,883.0,19.4,3.0,7.88,roster,0,86.0,62.5,1.1467,80.58,3.4596,0.625,0.3807,3.44,53.62,13.02,13.4,20.53,22.075
2024-05-03 07:00:00,7,24,24,2.0,7.0,13.0,2.0,0.0,1.0,2,2,15,1,16,1,20.4,662.5,476.0,943.0,20.4,3.0,7.88,roster,0,81.0,60.0,1.125,80.7,2.8816,0.6,0.2538,3.375,51.48,13.89,13.4,21.92,23.575
2024-05-03 08:00:00,8,24,24,2.0,7.0,14.0,1.0,0.0,1.0,8,5,15,0,15,0,21.4,707.0,509.0,903.0,21.4,3.0,6.65,roster,0,82.0,60.0,1.0933,65.5,4.6189,0.6,0.7519,3.4167,51.48,13.02,0.0,20.99,22.575
2024-05-03 09:00:00,9,32,32,5.0,7.0,19.0,1.0,0.0,1.0,11,11,14,0,14,0,22.4,606.0,540.0,963.0,22.4,3.0,6.65,roster,0,112.0,80.0,1.4359,83.19,8.5895,0.8,1.6541,3.5,68.64,12.16,0.0,22.39,24.075
2024-05-03 10:00:00,10,32,32,5.0,7.0,19.0,1.0,0.0,1.0,6,6,15,0,15,0,23.4,656.0,139.0,1023.0,23.4,4.0,9.74,roster,0,112.0,80.0,1.12,85.45,4.9561,0.8,0.616,3.5,68.64,13.02,0.0,23.78,25.575
2024-05-03 11:00:00,11,35,35,5.0,7.0,22.0,1.0,0.0,1.0,10,11,15,0,15,0,24.4,669.0,175.0,918.0,24.4,4.0,9.74,roster,0,121.0,87.5,1.21,89.44,6.9294,0.875,1.1294,3.4571,75.08,13.02,0.0,21.34,22.95
2024-05-03 12:00:00,12,37,37,6.0,6.0,23.0,2.0,0.0,1.0,8,8,15,1,16,1,25.4,334.5,186.0,978.0,25.4,4.0,9.74,roster,0,127.0,92.5,1.3229,109.4,5.9942,0.925,0.8214,3.4324,79.36,13.89,13.4,22.74,24.45
2024-05-03 13:00:00,13,32,32,4.0,7.0,19.0,2.0,0.0,1.0,9,9,14,0,14,0,26.4,311.0,180.0,1038.0,26.4,4.0,9.74,roster,0,109.0,80.0,1.0481,84.93,5.8725,0.8,0.924,3.4062,68.64,12.16,0.0,24.13,25.95
2024-05-03 14:00:00,14,31,31,3.0,7.0,20.0,1.0,0.0,1.0,9,8,12,0,12,0,27.4,273.0,157.0,1098.0,27.4,4.0,9.74,roster,0,105.0,77.5,0.9375,82.44,5.407,0.775,0.8214,3.3871,66.5,10.42,0.0,25.53,27.45
2024-05-03 15:00:00,15,20,20,2.0,5.0,13.0,0.0,0.0,1.0,7,6,8,1,9,1,6.967,156.0,97.0,196.0,4.367,4.0,9.74,roster,0,69.0,50.0,0.5565,48.67,3.8503,0.5,0.616,3.45,42.9,7.81,13.4,4.56,4.9
2024-05-03 16:00:00,16,17,17,1.0,4.0,12.0,0.0,0.0,1.0,5,3,7,1,8,1,7.967,190.0,157.0,256.0,4.617,4.0,9.74,roster,0,57.0,42.5,0.4453,42.76,2.4577,0.425,0.308,3.3529,36.46,6.95,13.4,5.95,6.4
2024-05-03 17:00:00,17,15,15,1.0,2.0,12.0,0.0,0.0,1.0,1,1,6,2,8,2,5.617,250.0,217.0,316.0,5.617,4.0,9.74,roster,0,49.0,37.5,0.3828,53.27,1.5604,0.375,0.1027,3.2667,32.17,6.95,26.8,7.35,7.9
2024-05-03 18:00:00,18,15,15,1.0,2.0,11.0,1.0,0.0,1.0,5,4,5,2,7,2,6.267,284.0,200.0,350.0,6.267,4.0,9.74,roster,0,48.0,37.5,0.3636,53.19,2.5142,0.375,0.4107,3.2,32.17,6.08,26.8,8.14,8.75
2024-05-03 19:00:00,19,17,17,1.0,2.0,12.0,2.0,0.0,1.0,6,5,5,2,7,2,7.267,337.0,203.0,410.0,7.267,4.0,9.74,roster,0,53.0,42.5,0.4015,58.88,2.9254,0.425,0.5133,3.1176,36.46,6.08,26.8,9.53,10.25
2024-05-03 20:00:00,20,19,19,0.0,3.0,13.0,3.0,0.0,1.0,11,8,4,2,6,2,7.833,291.5,151.0,397.0,7.833,4.0,10.36,roster,0,57.0,47.5,0.4191,62.0,3.7416,0.475,0.7722,3.0,40.75,5.21,26.8,9.23,9.925
2024-05-03 21:00:00,21,21,21,0.0,3.0,15.0,3.0,0.0,1.0,7,5,5,2,7,2,8.833,211.0,108.0,457.0,8.833,4.0,10.36,roster,0,63.0,52.5,0.4773,68.55,3.0229,0.525,0.4826,3.0,45.04,6.08,26.8,10.63,11.425
2024-05-03 22:00:00,22,14,14,0.0,2.0,9.0,2.0,1.0,1.0,8,6,5,0,5,0,9.833,271.0,185.0,517.0,9.833,3.0,7.27,roster,0,40.0,35.0,0.381,26.39,3.358,0.35,0.8253,2.8571,30.03,4.34,0.0,12.02,12.925
2024-05-03 23:00:00,23,18,18,1.0,2.0,8.0,6.0,1.0,1.0,10,8,6,0,6,0,10.833,288.0,160.0,577.0,10.833,3.0,7.27,roster,0,50.0,45.0,0.4902,37.24,4.3067,0.45,1.1004,2.7778,38.61,5.21,0.0,13.42,14.425
2024-05-04 00:00:00,0,20,20,1.0,2.0,12.0,4.0,1.0,1.0,6,6,6,0,6,0,11.833,348.0,220.0,637.0,11.833,3.0,7.27,roster,0,58.0,50.0,0.5686,42.92,3.8434,0.5,0.8253,2.9,42.9,5.21,0.0,14.81,15.925
2024-05-04 01:00:00,1,25,25,2.0,2.0,14.0,6.0,1.0,1.0,8,7,7,0,7,0,12.833,365.0,238.0,697.0,12.833,3.0,7.27,roster,0,73.0,62.5,0.7374,55.91,4.6366,0.625,0.9629,2.92,53.62,6.08,0.0,16.21,17.425
2024-05-04 02:00:00,2,24,24,2.0,2.0,16.0,3.0,1.0,1.0,3,4,10,0,10,0,13.833,319.0,86.0,511.0,13.833,3.0,7.27,roster,0,73.0,60.0,0.8111,52.04,3.4985,0.6,0.5502,3.0417,51.48,8.68,0.0,11.88,12.775
2024-05-04 03:00:00,3,24,24,2.0,2.0,16.0,2.0,2.0,1.0,4,4,11,0,11,0,14.833,358.0,143.0,571.0,14.833,3.0,7.27,roster,0,72.0,60.0,0.8276,54.31,3.4506,0.6,0.5502,3.0,51.48,9.55,0.0,13.28,14.275
2024-05-04 04:00:00,4,26,26,2.0,1.0,17.0,4.0,2.0,1.0,6,5,12,0,12,0,15.833,343.5,203.0,631.0,15.833,3.0,7.27,roster,0,75.0,65.0,0.8929,60.86,3.8589,0.65,0.6878,2.8846,55.77,10.42,0.0,14.67,15.775
2024-05-04 05:00:00,5,26,26,1.0,1.0,18.0,4.0,2.0,1.0,3,3,13,0,13,0,16.833,329.0,253.0,605.0,16.833,3.0,7.27,roster,0,73.0,65.0,0.9012,61.12,2.9836,0.65,0.4127,2.8077,55.77,11.29,0.0,14.07,15.125
2024-05-04 06:00:00,6,25,25,1.0,1.0,17.0,5.0,1.0,1.0,4,3,14,0,14,0,17.833,357.5,290.0,665.0,17.833,3.0,7.27,roster,0,71.0,62.5,0.9103,61.24,2.9469,0.625,0.4127,2.84,53.62,12.16,0.0,15.46,16.625
2024-05-04 07:00:00,7,23,23,1.0,1.0,15.0,5.0,1.0,1.0,3,3,14,0,14,0,18.833,417.5,350.0,725.0,18.833,3.0,7.27,roster,0,65.0,57.5,0.8333,58.35,2.7912,0.575,0.4127,2.8261,49.33,12.16,0.0,16.86,18.125
2024-05-04 08:00:00,8,29,29,2.0,4.0,18.0,4.0,1.0,1.0,10,9,15,0,15,0,19.833,446.0,320.0,785.0,19.833,3.0,6.3,roster,0,89.0,72.5,1.1867,73.48,6.6092,0.725,1.4286,3.069,62.2,13.02,0.0,18.25,19.625
2024-05-04 09:00:00,9,34,34,2.0,8.0,20.0,3.0,1.0,1.0,9,9,19,1,20,1,20.833,425.0,119.0,718.0,20.833,3.0,6.3,roster,0,109.0,85.0,1.8167,100.39,7.3048,0.85,1.4286,3.2059,72.93,17.37,13.4,16.69,17.95
2024-05-04 10:00:00,10,33,33,1.0,8.0,20.0,3.0,1.0,1.0,6,6,18,0,18,0,21.833,541.5,179.0,778.0,21.833,4.0,10.0,roster,0,104.0,82.5,1.1818,84.5,4.4909,0.825,0.6,3.1515,70.78,15.63,0.0,18.09,19.45
2024-05-04 11:00:00,11,29,29,1.0,10.0,16.0,1.0,1.0,1.0,5,5,16,0,16,0,22.833,529.5,225.0,838.0,22.833,4.0,10.0,roster,0,96.0,72.5,1.0,75.58,4.0552,0.725,0.5,3.3103,62.2,13.89,0.0,19.48,20.95
2024-05-04 12:00:00,12,24,24,1.0,8.0,15.0,0.0,0.0,1.0,6,6,11,0,11,0,15.667,285.0,91.0,673.0,15.667,4.0,10.0,roster,0,82.0,60.0,0.7069,56.68,4.1,0.6,0.6,3.4167,51.48,9.55,0.0,15.65,16.825
2024-05-04 13:00:00,13,21,21,1.0,8.0,12.0,0.0,0.0,1.0,4,4,11,0,11,0,12.383,138.0,79.0,308.0,12.383,4.0,10.0,roster,0,73.0,52.5,0.6293,41.76,3.2155,0.525,0.4,3.4762,45.04,9.55,0.0,7.16,7.7
2024-05-04 14:00:00,14,23,23,2.0,9.0,12.0,0.0,0.0,1.0,9,8,8,0,8,0,6.133,180.5,139.0,255.0,6.133,4.0,10.0,roster,0,82.0,57.5,0.6406,42.21,4.9022,0.575,0.8,3.5652,49.33,6.95,0.0,5.93,6.375
2024-05-04 15:00:00,15,14,14,1.0,3.0,10.0,0.0,0.0,1.0,5,4,4,0,4,0,3.317,129.0,71.0,199.0,3.317,4.0,10.0,roster,0,47.0,35.0,0.3264,18.13,2.5179,0.35,0.4,3.3571,30.03,3.47,0.0,4.63,4.975
2024-05-04 16:00:00,16,20,20,1.0,5.0,14.0,0.0,0.0,1.0,12,11,2,0,2,0,2.6,127.0,123.0,131.0,2.183,4.0,10.0,roster,0,67.0,50.0,0.4408,27.68,5.36,0.5,1.1,3.35,42.9,1.74,0.0,3.05,3.275
2024-05-04 17:00:00,17,16,16,1.0,4.0,11.0,0.0,0.0,1.0,5,5,4,0,4,0,3.183,145.5,108.0,191.0,3.183,4.0,10.0,roster,0,54.0,40.0,0.375,22.23,3.0375,0.4,0.5,3.375,34.32,3.47,0.0,4.44,4.775
2024-05-04 18:00:00,18,16,16,1.0,3.0,10.0,2.0,0.0,1.0,5,5,6,0,6,0,4.183,157.0,108.0,243.0,4.183,4.0,10.0,roster,0,51.0,40.0,0.375,25.18,2.8688,0.4,0.5,3.1875,34.32,5.21,0.0,5.65,6.075
2024-05-04 19:00:00,19,21,21,2.0,3.0,16.0,0.0,0.0,1.0,11,9,6,0,6,0,5.183,217.0,168.0,303.0,5.183,4.0,10.0,roster,0,70.0,52.5,0.5147,37.3,4.75,0.525,0.9,3.3333,45.04,5.21,0.0,7.04,7.575
2024-05-04 20:00:00,20,22,22,2.0,2.0,13.0,2.0,3.0,1.0,9,9,9,0,9,0,6.183,228.0,101.0,288.0,6.183,4.0,10.95,roster,0,64.0,55.0,0.5161,41.7,3.991,0.55,0.8219,2.9091,47.19,7.81,0.0,6.7,7.2
2024-05-04 21:00:00,21,21,21,1.0,3.0,14.0,1.0,2.0,1.0,8,7,9,0,9,0,7.05,287.0,150.0,326.0,7.05,4.0,10.95,roster,0,63.0,52.5,0.5081,40.44,3.4928,0.525,0.6393,3.0,45.04,7.81,0.0,7.58,8.15
2024-05-04 22:00:00,22,26,26,1.0,3.0,20.0,2.0,0.0,1.0,14,10,11,0,11,0,8.05,221.0,131.0,386.0,8.05,3.0,7.25,roster,0,81.0,65.0,0.931,54.3,6.3221,0.65,1.3793,3.1154,55.77,9.55,0.0,8.97,9.65
2024-05-04 23:00:00,23,27,27,1.0,2.0,19.0,4.0,1.0,1.0,12,9,11,0,11,0,9.05,281.0,191.0,446.0,9.05,3.0,7.25,roster,0,79.0,67.5,0.908,57.84,5.6072,0.675,1.2414,2.9259,57.92,9.55,0.0,10.37,11.15
2024-05-05 00:00:00,0,22,22,1.0,2.0,17.0,2.0,0.0,1.0,5,4,11,0,11,0,10.05,341.0,251.0,506.0,10.05,3.0,7.25,roster,0,68.0,55.0,0.7816,48.51,3.4053,0.55,0.5517,3.0909,47.19,9.55,0.0,11.76,12.65
2024-05-05 01:00:00,1,16,16,1.0,2.0,11.0,2.0,0.0,1.0,1,0,11,0,11,0,11.05,401.0,311.0,566.0,11.05,3.0,7.25,roster,0,50.0,40.0,0.5747,37.03,1.25,0.4,0.0,3.125,34.32,9.55,0.0,13.16,14.15
2024-05-05 02:00:00,2,21,21,1.0,2.0,15.0,3.0,0.0,1.0,5,5,11,0,11,0,12.05,461.0,371.0,626.0,12.05,3.0,7.25,roster,0,64.0,52.5,0.7356,49.15,3.7018,0.525,0.6897,3.0476,45.04,9.55,0.0,14.55,15.65
2024-05-05 03:00:00,3,19,19,1.0,2.0,14.0,2.0,0.0,1.0,3,1,12,0,12,0,13.05,515.5,431.0,686.0,13.05,3.0,7.25,roster,0,59.0,47.5,0.7024,47.12,1.9033,0.475,0.1379,3.1053,40.75,10.42,0.0,15.95,17.15
2024-05-05 04:00:00,4,22,22,1.0,2.0,16.0,3.0,0.0,1.0,4,4,12,0,12,0,14.05,575.5,491.0,746.0,14.05,3.0,7.25,roster,0,67.0,55.0,0.7976,54.95,3.3553,0.55,0.5517,3.0455,47.19,10.42,0.0,17.34,18.65
2024-05-05 05:00:00,5,19,19,1.0,2.0,14.0,2.0,0.0,1.0,1,1,12,0,12,0,15.05,635.5,551.0,806.0,15.05,3.0,7.25,roster,0,59.0,47.5,0.7024,49.91,1.9033,0.475,0.1379,3.1053,40.75,10.42,0.0,18.74,20.15
2024-05-05 06:00:00,6,19,19,1.0,2.0,15.0,1.0,0.0,1.0,3,3,12,0,12,0,16.05,695.5,611.0,866.0,16.05,3.0,7.25,roster,0,60.0,47.5,0.7143,51.31,2.8067,0.475,0.4138,3.1579,40.75,10.42,0.0,20.13,21.65
2024-05-05 07:00:00,7,22,22,1.0,2.0,18.0,1.0,0.0,1.0,6,5,13,0,13,0,17.05,750.0,641.0,888.0,17.05,3.0,7.25,roster,0,69.0,55.0,0.8519,59.12,3.888,0.55,0.6897,3.1364,47.19,11.29,0.0,20.65,22.2
2024-05-05 08:00:00,8,27,27,1.0,2.0,23.0,1.0,0.0,1.0,9,9,13,0,13,0,18.05,810.0,701.0,948.0,18.05,3.0,6.78,roster,0,84.0,67.5,1.037,71.24,6.2298,0.675,1.3274,3.1111,57.92,11.29,0.0,22.04,23.7
2024-05-05 09:00:00,9,29,29,1.0,4.0,22.0,2.0,0.0,1.0,9,7,14,0,14,0,19.05,803.5,443.0,1008.0,19.05,3.0,6.78,roster,0,91.0,72.5,1.1667,77.8,5.5148,0.725,1.0324,3.1379,62.2,12.16,0.0,23.44,25.2
2024-05-05 10:00:00,10,33,33,1.0,3.0,27.0,2.0,0.0,1.0,10,10,13,0,13,0,18.8,851.0,503.0,1067.0,18.8,4.0,10.03,roster,0,102.0,82.5,0.9444,86.88,5.6317,0.825,0.997,3.0909,70.78,11.29,0.0,24.81,26.675
2024-05-05 11:00:00,11,27,27,2.0,1.0,22.0,2.0,0.0,1.0,11,11,10,0,10,0,19.433,923.5,563.0,1127.0,19.433,4.0,10.03,roster,0,84.0,67.5,0.7,72.8,5.512,0.675,1.0967,3.1111,57.92,8.68,0.0,26.2,28.175
2024-05-05 12:00:00,12,32,32,2.0,4.0,24.0,2.0,0.0,1.0,15,12,13,0,13,0,20.433,623.0,113.0,1061.0,20.433,4.0,10.03,roster,0,102.0,80.0,0.9444,84.6,6.3636,0.8,1.1964,3.1875,68.64,11.29,0.0,24.67,26.525
2024-05-05 13:00:00,13,30,30,2.0,4.0,22.0,2.0,0.0,1.0,10,10,12,0,12,0,20.8,343.0,171.0,1121.0,20.8,4.0,10.03,roster,0,96.0,75.0,0.8571,80.83,5.5904,0.75,0.997,3.2,64.35,10.42,0.0,26.06,28.025
2024-05-05 14:00:00,14,33,33,3.0,4.0,24.0,2.0,0.0,1.0,13,12,13,0,13,0,21.8,233.0,172.0,743.0,21.8,4.0,10.03,roster,0,107.0,82.5,0.9907,79.35,6.5543,0.825,1.1964,3.2424,70.78,11.29,0.0,17.27,18.575
2024-05-05 15:00:00,15,42,42,3.0,6.0,31.0,2.0,0.0,1.0,13,14,16,1,17,1,22.8,232.0,118.0,449.0,22.8,4.0,10.03,roster,0,136.0,105.0,1.4783,108.69,7.9198,1.05,1.3958,3.2381,90.09,14.76,13.4,10.44,11.225
2024-05-05 16:00:00,16,36,36,3.0,6.0,27.0,0.0,0.0,1.0,11,11,16,1,17,1,23.8,252.0,154.0,353.0,23.8,4.0,10.03,roster,0,120.0,90.0,1.3043,93.59,6.6557,0.9,1.0967,3.3333,77.22,14.76,13.4,8.21,8.825
2024-05-05 17:00:00,17,32,32,2.0,5.0,25.0,0.0,0.0,1.0,13,11,17,0,17,0,24.8,312.0,214.0,413.0,24.8,4.0,10.03,roster,0,105.0,80.0,1.1413,73.0,6.2236,0.8,1.0967,3.2812,68.64,14.76,0.0,9.6,10.325
2024-05-05 18:00:00,18,40,40,2.0,9.0,26.0,3.0,0.0,1.0,15,15,19,0,19,0,25.8,338.0,218.0,473.0,25.8,4.0,10.03,roster,0,130.0,100.0,1.5476,93.3,8.1104,1.0,1.4955,3.25,85.8,16.5,0.0,11.0,11.825
2024-05-05 19:00:00,19,34,34,2.0,7.0,22.0,3.0,0.0,1.0,10,6,20,0,20,0,26.8,395.5,278.0,533.0,26.8,4.0,10.03,roster,0,110.0,85.0,1.375,82.69,4.6854,0.85,0.5982,3.2353,72.93,17.37,0.0,12.39,13.325
2024-05-05 20:00:00,20,35,35,2.0,7.0,24.0,2.0,0.0,1.0,9,9,18,0,18,0,27.8,455.5,338.0,591.0,27.8,4.0,10.26,roster,0,114.0,87.5,1.2955,84.45,5.7071,0.875,0.8772,3.2571,75.08,15.63,0.0,13.74,14.775
2024-05-05 21:00:00,21,37,37,3.0,7.0,26.0,1.0,0.0,1.0,10,9,18,0,18,0,28.8,515.5,335.0,651.0,28.8,4.0,10.26,roster,0,123.0,92.5,1.3977,90.13,5.9911,0.925,0.8772,3.3243,79.36,15.63,0.0,15.14,16.275
2024-05-05 22:00:00,22,37,37,3.0,9.0,23.0,2.0,0.0,1.0,9,7,20,1,21,1,29.8,514.0,302.0,661.0,29.8,3.0,7.01,roster,0,124.0,92.5,2.1754,106.37,6.4466,0.925,0.9986,3.3514,79.36,18.23,13.4,15.37,16.525
2024-05-05 23:00:00,23,40,40,4.0,8.0,25.0,3.0,0.0,1.0,12,9,20,0,20,0,30.8,603.5,412.0,771.0,30.8,3.0,7.01,roster,0,133.0,100.0,2.2167,101.09,7.5939,1.0,1.2839,3.325,85.8,17.37,0.0,17.93,19.275
2024-05-06 00:00:00,0,35,35,4.0,6.0,22.0,2.0,1.0,1.0,9,7,22,0,22,0,31.8,617.0,318.0,781.0,31.8,3.0,7.01,roster,0,115.0,87.5,2.1296,92.34,6.156,0.875,0.9986,3.2857,75.08,19.1,0.0,18.16,19.525
2024-05-06 01:00:00,1,32,32,4.0,6.0,19.0,2.0,1.0,1.0,2,1,22,0,22,0,32.8,677.0,378.0,841.0,32.8,3.0,7.01,roster,0,106.0,80.0,1.963,87.3,3.1225,0.8,0.1427,3.3125,68.64,19.1,0.0,19.55,21.025
2024-05-06 02:00:00,2,35,35,4.0,4.0,24.0,2.0,1.0,1.0,6,6,22,0,22,0,33.8,737.0,438.0,901.0,33.8,3.0,7.01,roster,0,113.0,87.5,2.0926,95.13,5.5884,0.875,0.8559,3.2286,75.08,19.1,0.0,20.95,22.525
2024-05-06 03:00:00,3,31,31,4.0,4.0,20.0,2.0,1.0,1.0,2,3,22,0,22,0,34.8,797.0,498.0,961.0,34.8,3.0,7.01,roster,0,101.0,77.5,1.8704,87.94,3.9193,0.775,0.428,3.2581,66.5,19.1,0.0,22.34,24.025
2024-05-06 04:00:00,4,32,32,5.0,4.0,21.0,2.0,0.0,1.0,4,4,22,0,22,0,35.8,857.0,558.0,1021.0,35.8,3.0,7.01,roster,0,108.0,80.0,2.0,91.48,4.6258,0.8,0.5706,3.375,68.64,19.1,0.0,23.74,25.525
2024-05-06 05:00:00,5,33,33,5.0,4.0,22.0,2.0,0.0,1.0,3,2,22,0,22,0,36.8,917.0,618.0,1081.0,36.8,3.0,7.01,roster,0,111.0,82.5,2.0556,95.02,3.7347,0.825,0.2853,3.3636,70.78,19.1,0.0,25.13,27.025
2024-05-06 06:00:00,6,30,30,5.0,4.0,20.0,1.0,0.0,1.0,1,1,22,0,22,0,37.8,977.0,678.0,1141.0,37.8,3.0,7.01,roster,0,103.0,75.0,1.9074,89.98,3.0648,0.75,0.1427,3.4333,64.35,19.1,0.0,26.53,28.525
2024-05-06 07:00:00,7,33,33,4.0,5.0,23.0,1.0,0.0,1.0,6,5,22,0,22,0,38.8,1037.0,738.0,1201.0,38.8,3.0,7.01,roster,0,111.0,82.5,2.0556,97.81,5.1742,0.825,0.7133,3.3636,70.78,19.1,0.0,27.92,30.025
2024-05-06 08:00:00,8,31,31,3.0,6.0,21.0,1.0,0.0,1.0,3,2,23,0,23,0,39.8,1080.0,734.0,1261.0,39.8,3.0,6.6,roster,0,104.0,77.5,2.0392,95.78,3.6166,0.775,0.303,3.3548,66.5,19.97,0.0,29.32,31.525
2024-05-06 09:00:00,9,32,32,3.0,8.0,20.0,1.0,0.0,1.0,8,8,20,0,20,0,40.8,1092.0,794.0,1272.0,40.8,3.0,6.6,roster,0,109.0,80.0,1.8167,95.58,6.8538,0.8,1.2121,3.4062,68.64,17.37,0.0,29.57,31.8
2024-05-06 10:00:00,10,37,37,3.0,8.0,25.0,1.0,0.0,1.0,8,9,23,0,23,0,41.8,1072.0,685.0,1298.0,41.8,4.0,10.3,roster,0,124.0,92.5,1.8235,109.51,6.0284,0.925,0.8738,3.3514,79.36,19.97,0.0,30.18,32.45
2024-05-06 11:00:00,11,40,40,3.0,9.0,26.0,2.0,0.0,1.0,10,8,26,0,26,0,24.883,866.0,129.0,1294.0,24.883,4.0,10.3,roster,0,133.0,100.0,2.375,118.46,5.9075,1.0,0.7767,3.325,85.8,22.58,0.0,30.09,32.35
2024-05-06 12:00:00,12,43,43,4.0,7.0,28.0,4.0,0.0,1.0,8,7,27,0,27,0,25.883,212.0,139.0,1309.0,25.883,4.0,10.3,roster,0,140.0,107.5,2.6923,126.11,5.7127,1.075,0.6796,3.2558,92.24,23.44,0.0,30.43,32.725
2024-05-06 13:00:00,13,45,45,4.0,7.0,30.0,4.0,0.0,1.0,7,7,28,0,28,0,26.883,244.5,175.0,1000.0,26.883,4.0,10.3,roster,0,146.0,112.5,3.0417,124.09,5.855,1.125,0.6796,3.2444,96.52,24.31,0.0,23.25,25.0
2024-05-06 14:00:00,14,45,45,2.0,7.0,33.0,3.0,0.0,1.0,11,10,27,0,27,0,27.017,283.0,148.0,470.0,27.017,4.0,10.3,roster,0,143.0,112.5,2.75,110.9,6.6602,1.125,0.9709,3.1778,96.52,23.44,0.0,10.93,11.75
2024-05-06 15:00:00,15,44,44,1.0,6.0,35.0,2.0,0.0,1.0,8,7,20,0,20,0,25.0,294.0,208.0,360.0,25.0,4.0,10.3,roster,0,138.0,110.0,1.725,100.12,5.5815,1.1,0.6796,3.1364,94.38,17.37,0.0,8.37,9.0
2024-05-06 16:00:00,16,45,45,2.0,8.0,32.0,2.0,1.0,1.0,12,12,20,0,20,0,14.0,323.5,245.0,408.0,9.833,4.0,10.3,roster,0,143.0,112.5,1.7875,103.38,7.2773,1.125,1.165,3.1778,96.52,17.37,0.0,9.49,10.2
2024-05-06 17:00:00,17,40,40,3.0,9.0,26.0,1.0,1.0,1.0,4,5,22,0,22,0,15.0,357.0,283.0,463.0,10.833,4.0,10.3,roster,0,132.0,100.0,1.8333,95.67,4.9019,1.0,0.4854,3.3,85.8,19.1,0.0,10.76,11.575
2024-05-06 18:00:00,18,40,40,3.0,10.0,26.0,1.0,0.0,1.0,4,4,23,1,24,1,16.0,399.0,290.0,523.0,11.833,4.0,10.3,roster,0,135.0,100.0,2.1094,112.2,4.6857,1.0,0.3883,3.375,85.8,20.84,13.4,12.16,13.075
2024-05-06 19:00:00,19,38,38,2.0,8.0,28.0,0.0,0.0,1.0,5,5,23,0,23,0,17.0,470.0,350.0,583.0,12.833,4.0,10.3,roster,0,126.0,95.0,1.8529,95.04,4.7596,0.95,0.4854,3.3158,81.51,19.97,0.0,13.55,14.575
2024-05-06 20:00:00,20,46,46,2.0,8.0,36.0,0.0,0.0,1.0,12,11,23,0,23,0,13.833,530.0,410.0,643.0,13.833,4.0,11.99,roster,0,150.0,115.0,2.2059,113.59,6.7416,1.15,0.9174,3.2609,98.67,19.97,0.0,14.95,16.075
2024-05-06 21:00:00,21,45,45,1.0,8.0,35.0,1.0,0.0,1.0,11,10,24,1,25,1,14.833,568.0,365.0,679.0,14.833,4.0,11.99,roster,0,144.0,112.5,2.4,127.42,6.2689,1.125,0.834,3.2,96.52,21.71,13.4,15.79,16.975
2024-05-06 22:00:00,22,44,44,1.0,8.0,32.0,3.0,0.0,1.0,9,8,22,1,23,1,15.833,624.0,380.0,739.0,15.833,3.0,8.29,roster,0,139.0,110.0,2.7255,124.93,6.5236,1.1,0.965,3.1591,94.38,19.97,13.4,17.18,18.475
2024-05-06 23:00:00,23,36,36,1.0,8.0,26.0,1.0,0.0,1.0,6,5,20,1,21,1,16.833,688.0,485.0,799.0,16.833,3.0,8.29,roster,0,117.0,90.0,2.0526,107.43,4.8852,0.9,0.6031,3.25,77.22,18.23,13.4,18.58,19.975
2024-05-07 00:00:00,0,35,35,1.0,8.0,24.0,2.0,0.0,1.0,6,6,20,1,21,1,17.833,748.0,545.0,859.0,17.833,3.0,8.29,roster,0,113.0,87.5,1.9825,106.68,5.1617,0.875,0.7238,3.2286,75.08,18.23,13.4,19.97,21.475
2024-05-07 01:00:00,1,37,37,1.0,7.0,26.0,3.0,0.0,1.0,8,7,20,1,21,1,18.833,808.0,605.0,919.0,18.833,3.0,8.29,roster,0,117.0,92.5,2.0526,112.37,5.5951,0.925,0.8444,3.1622,79.36,18.23,13.4,21.37,22.975
2024-05-07 02:00:00,2,30,30,1.0,7.0,22.0,0.0,0.0,1.0,3,2,21,1,22,1,19.833,866.0,618.0,979.0,19.833,3.0,8.29,roster,0,99.0,75.0,1.8333,99.61,3.2711,0.75,0.2413,3.3,64.35,19.1,13.4,22.76,24.475
2024-05-07 03:00:00,3,31,31,1.0,6.0,23.0,1.0,0.0,1.0,3,3,22,1,23,1,20.833,924.0,647.0,1039.0,20.833,3.0,8.29,roster,0,100.0,77.5,1.9608,104.02,3.6674,0.775,0.3619,3.2258,66.5,19.97,13.4,24.16,25.975
2024-05-07 04:00:00,4,28,28,1.0,6.0,21.0,0.0,0.0,1.0,0,0,21,1,22,1,21.833,986.0,738.0,1099.0,21.833,3.0,8.29,roster,0,92.0,70.0,1.7037,98.11,2.3,0.7,0.0,3.2857,60.06,19.1,13.4,25.55,27.475
2024-05-07 05:00:00,5,27,27,1.0,6.0,20.0,0.0,0.0,1.0,0,0,21,1,22,1,22.833,1046.0,798.0,1159.0,22.833,3.0,8.29,roster,0,89.0,67.5,1.6481,97.36,2.225,0.675,0.0,3.2963,57.92,19.1,13.4,26.95,28.975
2024-05-07 06:00:00,6,32,32,1.0,7.0,24.0,0.0,0.0,1.0,6,5,21,1,22,1,23.833,1106.0,858.0,1219.0,23.833,3.0,8.29,roster,0,105.0,80.0,1.9444,109.48,4.604,0.8,0.6031,3.2812,68.64,19.1,13.4,28.34,30.475
2024-05-07 07:00:00,7,30,30,1.0,6.0,23.0,0.0,0.0,1.0,3,3,22,1,23,1,24.833,1164.0,887.0,1279.0,24.833,3.0,8.29,roster,0,98.0,75.0,1.9216,107.46,3.6321,0.75,0.3619,3.2667,64.35,19.97,13.4,29.74,31.975
2024-05-07 08:00:00,8,31,31,1.0,6.0,24.0,0.0,0.0,1.0,5,3,23,1,24,1,25.833,1203.5,947.0,1339.0,25.833,3.0,6.5,roster,0,101.0,77.5,2.1042,111.87,4.0287,0.775,0.4615,3.2581,66.5,20.84,13.4,31.13,33.475
2024-05-07 09:00:00,9,30,30,2.0,4.0,24.0,0.0,0.0,1.0,5,5,22,0,22,0,24.533,1263.5,1007.0,1375.0,24.533,3.0,6.5,roster,0,98.0,75.0,1.8148,95.42,4.9628,0.75,0.7692,3.2667,64.35,19.1,0.0,31.97,34.375
2024-05-07 10:00:00,10,38,38,2.0,6.0,30.0,0.0,0.0,1.0,13,13,20,0,20,0,25.533,1297.0,1067.0,1459.0,25.533,4.0,9.75,roster,0,124.0,95.0,1.55,112.8,7.4509,0.95,1.3333,3.2632,81.51,17.37,0.0,33.92,36.475
2024-05-07 11:00:00,11,41,41,3.0,9.0,29.0,0.0,0.0,1.0,12,12,19,1,20,1,26.15,1050.0,245.0,1493.0,26.15,4.0,9.75,roster,0,138.0,102.5,1.725,133.42,7.5926,1.025,1.2308,3.3659,87.94,17.37,13.4,34.71,37.325
2024-05-07 12:00:00,12,38,38,3.0,8.0,27.0,0.0,0.0,1.0,8,8,18,2,20,2,26.317,509.5,135.0,1370.0,26.317,4.0,9.75,roster,0,128.0,95.0,1.6,137.53,5.9638,0.95,0.8205,3.3684,81.51,17.37,26.8,31.85,34.25
2024-05-07 13:00:00,13,35,35,2.0,8.0,25.0,0.0,0.0,1.0,4,5,22,1,23,1,27.317,199.0,127.0,1325.0,27.317,4.0,9.75,roster,0,117.0,87.5,1.7206,119.25,4.6393,0.875,0.5128,3.3429,75.08,19.97,13.4,30.81,33.125
2024-05-07 14:00:00,14,29,29,0.0,7.0,22.0,0.0,0.0,1.0,7,7,16,0,16,0,28.317,246.0,169.0,1338.0,28.317,4.0,9.75,roster,0,94.0,72.5,0.9792,87.21,4.6771,0.725,0.7179,3.2414,62.2,13.89,0.0,31.11,33.45
2024-05-07 15:00:00,15,30,30,0.0,8.0,22.0,0.0,0.0,1.0,6,6,16,0,16,0,29.317,306.0,229.0,1398.0,29.317,4.0,9.75,roster,0,98.0,75.0,1.0208,90.75,4.4603,0.75,0.6154,3.2667,64.35,13.89,0.0,32.5,34.95
2024-05-07 16:00:00,16,33,33,1.0,8.0,24.0,0.0,0.0,1.0,10,10,18,0,18,0,30.317,352.0,270.0,954.0,30.317,4.0,9.75,roster,0,109.0,82.5,1.2386,88.6,6.1127,0.825,1.0256,3.303,70.78,15.63,0.0,22.18,23.85
2024-05-07 17:00:00,17,33,33,1.0,9.0,21.0,2.0,0.0,1.0,6,6,22,1,23,1,31.317,349.0,117.0,450.0,31.317,4.0,9.75,roster,0,108.0,82.5,1.5882,94.62,4.714,0.825,0.6154,3.2727,70.78,19.97,13.4,10.46,11.25
2024-05-07 18:00:00,18,32,32,1.0,8.0,21.0,2.0,0.0,1.0,6,4,22,1,23,1,32.317,409.0,172.0,510.0,32.317,4.0,9.75,roster,0,104.0,80.0,1.5294,93.87,3.9333,0.8,0.4103,3.25,68.64,19.97,13.4,11.86,12.75
2024-05-07 19:00:00,19,35,35,1.0,8.0,20.0,6.0,0.0,1.0,6,6,22,1,23,1,29.833,457.0,221.0,559.0,29.833,4.0,9.75,roster,0,109.0,87.5,1.6029,101.44,4.6415,0.875,0.6154,3.1143,75.08,19.97,13.4,13.0,13.975
2024-05-07 20:00:00,20,36,36,1.0,8.0,21.0,6.0,0.0,1.0,7,7,22,1,23,1,30.833,510.0,273.0,615.0,30.833,4.0,10.49,roster,0,112.0,90.0,1.6471,104.89,4.8761,0.9,0.6673,3.1111,77.22,19.97,13.4,14.3,15.375
2024-05-07 21:00:00,21,47,47,1.0,12.0,26.0,8.0,0.0,1.0,16,14,23,1,24,1,29.3,449.0,328.0,657.0,29.3,4.0,10.49,roster,0,147.0,117.5,2.2969,130.33,7.8492,1.175,1.3346,3.1277,100.82,20.84,13.4,15.28,16.425
2024-05-07 22:00:00,22,52,52,3.0,12.0,29.0,7.0,1.0,1.0,15,14,28,0,28,0,30.3,406.5,234.0,707.0,30.3,3.0,7.24,roster,0,165.0,130.0,4.5833,132.29,10.2608,1.3,1.9337,3.1731,111.54,24.31,0.0,16.44,17.675
2024-05-07 23:00:00,23,58,58,3.0,16.0,29.0,7.0,3.0,1.0,14,12,29,1,30,1,31.3,457.0,171.0,727.0,31.3,3.0,7.24,roster,0,183.0,145.0,6.1,160.76,9.8046,1.45,1.6575,3.1552,124.41,26.05,13.4,16.9,18.175
2024-05-08 00:00:00,0,54,54,1.0,16.0,27.0,7.0,3.0,1.0,4,5,31,1,32,1,32.3,510.5,229.0,787.0,32.3,3.0,7.24,roster,0,167.0,135.0,6.9583,155.31,6.3108,1.35,0.6906,3.0926,115.83,27.79,13.4,18.3,19.675
2024-05-08 01:00:00,1,47,47,1.0,14.0,28.0,3.0,1.0,1.0,5,5,30,1,31,1,33.3,573.0,289.0,847.0,33.3,3.0,7.24,roster,0,152.0,117.5,5.6296,140.83,6.0335,1.175,0.6906,3.234,100.82,26.92,13.4,19.69,21.175
2024-05-08 02:00:00,2,42,42,1.0,12.0,26.0,3.0,0.0,1.0,7,6,30,0,30,0,34.3,637.0,351.0,907.0,34.3,3.0,7.24,roster,0,137.0,105.0,4.5667,117.23,6.1282,1.05,0.8287,3.2619,90.09,26.05,0.0,21.09,22.675
2024-05-08 03:00:00,3,40,40,1.0,12.0,25.0,2.0,0.0,1.0,3,3,31,0,31,0,35.3,693.0,409.0,967.0,35.3,3.0,7.24,roster,0,132.0,100.0,4.8889,115.2,4.6674,1.0,0.4144,3.3,85.8,26.92,0.0,22.48,24.175
2024-05-08 04:00:00,4,42,42,1.0,12.0,26.0,3.0,0.0,1.0,3,3,31,0,31,0,36.3,753.0,469.0,1027.0,36.3,3.0,7.24,roster,0,137.0,105.0,5.0741,120.89,4.7766,1.05,0.4144,3.2619,90.09,26.92,0.0,23.88,25.675
2024-05-08 05:00:00,5,39,39,1.0,12.0,24.0,2.0,0.0,1.0,2,2,32,0,32,0,37.3,810.5,529.0,1087.0,37.3,3.0,7.24,roster,0,129.0,97.5,5.375,116.71,4.1387,0.975,0.2762,3.3077,83.66,27.79,0.0,25.27,27.175
2024-05-08 06:00:00,6,40,40,2.0,12.0,24.0,2.0,0.0,1.0,2,2,32,0,32,0,38.3,870.5,589.0,1147.0,38.3,3.0,7.24,roster,0,134.0,100.0,5.5833,120.25,4.2754,1.0,0.2762,3.35,85.8,27.79,0.0,26.67,28.675
2024-05-08 07:00:00,7,40,40,2.0,12.0,24.0,2.0,0.0,1.0,1,1,33,0,33,0,39.3,928.0,643.0,1189.0,39.3,3.0,7.24,roster,0,134.0,100.0,6.381,122.1,3.8127,1.0,0.1381,3.35,85.8,28.65,0.0,27.64,29.725
2024-05-08 08:00:00,8,46,46,2.0,13.0,27.0,4.0,0.0,1.0,8,8,33,0,33,0,40.3,988.0,703.0,1249.0,40.3,3.0,7.76,roster,0,151.0,115.0,7.1905,136.36,7.1591,1.15,1.0309,3.2826,98.67,28.65,0.0,29.04,31.225
2024-05-08 09:00:00,9,54,54,2.0,12.0,36.0,4.0,0.0,1.0,12,12,32,0,32,0,41.3,997.0,759.0,1309.0,41.3,3.0,7.76,roster,0,174.0,135.0,7.25,154.05,9.3328,1.35,1.5464,3.2222,115.83,27.79,0.0,30.43,32.725
2024-05-08 10:00:00,10,49,49,2.0,11.0,33.0,3.0,0.0,1.0,3,3,32,1,33,1,42.3,1005.0,799.0,1357.0,42.3,4.0,10.85,roster,0,159.0,122.5,5.6786,158.71,4.8722,1.225,0.2765,3.2449,105.1,28.65,13.4,31.55,33.925
2024-05-08 11:00:00,11,42,42,2.0,9.0,29.0,2.0,0.0,1.0,10,10,24,1,25,1,25.5,883.0,544.0,1181.0,25.5,4.0,10.85,roster,0,137.0,105.0,2.2833,132.66,6.4314,1.05,0.9217,3.2619,90.09,21.71,13.4,27.46,29.525
2024-05-08 12:00:00,12,46,46,2.0,9.0,33.0,2.0,0.0,1.0,10,11,26,1,27,1,26.5,919.0,235.0,1241.0,26.5,4.0,10.85,roster,0,149.0,115.0,2.8654,144.37,7.0089,1.15,1.0138,3.2391,98.67,23.44,13.4,28.85,31.025
2024-05-08 13:00:00,13,50,50,2.0,9.0,36.0,3.0,0.0,1.0,8,8,26,2,28,2,27.5,891.0,270.0,1219.0,27.5,4.0,10.85,roster,0,160.0,125.0,3.3333,166.7,6.3594,1.25,0.7373,3.2,107.25,24.31,26.8,28.34,30.475
2024-05-08 14:00:00,14,46,46,1.0,12.0,30.0,3.0,0.0,1.0,8,8,23,2,25,2,28.5,724.0,289.0,1069.0,28.5,4.0,10.85,roster,0,149.0,115.0,2.4833,152.03,6.1133,1.15,0.7373,3.2391,98.67,21.71,26.8,24.85,26.725
2024-05-08 15:00:00,15,41,41,1.0,9.0,28.0,3.0,0.0,1.0,9,9,21,2,23,2,27.817,458.0,235.0,1119.0,27.817,4.0,10.85,roster,0,131.0,102.5,1.9265,140.73,5.9253,1.025,0.8295,3.1951,87.94,19.97,26.8,26.02,27.975
2024-05-08 16:00:00,16,43,43,1.0,12.0,27.0,3.0,0.0,1.0,11,10,21,3,24,3,23.317,398.5,164.0,1099.0,23.317,4.0,10.85,roster,0,140.0,107.5,2.1875,158.83,6.5008,1.075,0.9217,3.2558,92.24,20.84,40.2,25.55,27.475
2024-05-08 17:00:00,17,51,51,2.0,14.0,32.0,3.0,0.0,1.0,11,12,24,3,27,3,24.317,402.0,197.0,1103.0,24.317,4.0,10.85,roster,0,168.0,127.5,3.2308,178.68,7.8433,1.275,1.106,3.2941,109.39,23.44,40.2,25.64,27.575
2024-05-08 18:00:00,18,53,53,2.0,16.0,32.0,3.0,0.0,1.0,7,8,27,4,31,4,25.317,415.0,191.0,879.0,25.317,4.0,10.85,roster,0,176.0,132.5,4.8889,194.64,6.8485,1.325,0.7373,3.3208,113.68,26.92,53.6,20.44,21.975
2024-05-08 19:00:00,19,49,49,2.0,15.0,29.0,3.0,0.0,1.0,3,2,30,3,33,3,26.317,348.0,214.0,831.0,26.317,4.0,10.85,roster,0,163.0,122.5,5.8214,173.28,4.6882,1.225,0.1843,3.3265,105.1,28.65,40.2,19.32,20.775
2024-05-08 20:00:00,20,52,52,2.0,13.0,33.0,4.0,0.0,1.0,14,14,29,3,32,3,27.317,471.5,274.0,999.0,27.317,4.0,10.33,roster,0,169.0,130.0,5.2812,182.75,8.6296,1.3,1.3553,3.25,111.54,27.79,40.2,23.23,24.975
2024-05-08 21:00:00,21,52,52,2.0,14.0,30.0,6.0,0.0,1.0,8,8,29,5,34,5,28.317,443.0,248.0,951.0,28.317,4.0,10.33,roster,0,168.0,130.0,7.0,210.17,6.702,1.3,0.7744,3.2308,111.54,29.52,67.0,22.11,23.775
2024-05-08 22:00:00,22,54,54,1.0,15.0,33.0,5.0,0.0,1.0,8,6,31,5,36,5,29.317,484.0,301.0,1011.0,29.317,3.0,7.24,roster,0,174.0,135.0,14.5,217.59,7.0203,1.35,0.8287,3.2222,115.83,31.26,67.0,23.51,25.275
2024-05-08 23:00:00,23,44,44,1.0,15.0,26.0,2.0,0.0,1.0,5,3,32,4,36,4,30.317,510.5,349.0,1071.0,30.317,3.0,7.24,roster,0,147.0,110.0,12.25,184.14,5.0594,1.1,0.4144,3.3409,94.38,31.26,53.6,24.9,26.775
2024-05-09 00:00:00,0,49,49,1.0,15.0,31.0,2.0,0.0,1.0,11,9,32,3,35,3,31.317,587.0,409.0,1131.0,31.317,3.0,7.24,roster,0,162.0,122.5,10.8,181.99,8.1598,1.225,1.2431,3.3061,105.1,30.39,40.2,26.3,28.275
2024-05-09 01:00:00,1,48,48,1.0,14.0,30.0,3.0,0.0,1.0,8,6,33,2,35,2,32.317,647.0,469.0,1191.0,32.317,3.0,7.24,roster,0,157.0,120.0,10.4667,167.84,6.6356,1.2,0.8287,3.2708,102.96,30.39,26.8,27.69,29.775
2024-05-09 02:00:00,2,49,49,1.0,14.0,31.0,3.0,0.0,1.0,4,5,35,2,37,2,33.317,674.0,516.0,1118.0,33.317,3.0,7.24,roster,0,160.0,122.5,17.7778,170.03,6.255,1.225,0.6906,3.2653,105.1,32.13,26.8,25.99,27.95
2024-05-09 03:00:00,3,47,47,1.0,13.0,31.0,2.0,0.0,1.0,3,2,36,1,37,1,34.317,734.0,568.0,1178.0,34.317,3.0,7.24,roster,0,154.0,117.5,17.1111,153.73,4.7551,1.175,0.2762,3.2766,100.82,32.13,13.4,27.39,29.45
2024-05-09 04:00:00,4,46,46,1.0,13.0,30.0,2.0,0.0,1.0,1,1,35,1,36,1,35.317,810.5,636.0,1371.0,35.317,3.0,7.24,roster,0,151.0,115.0,12.5833,155.2,4.2284,1.15,0.1381,3.2826,98.67,31.26,13.4,31.88,34.275
2024-05-09 05:00:00,5,46,46,1.0,13.0,30.0,2.0,0.0,1.0,3,3,36,1,37,1,36.317,854.0,688.0,1298.0,36.317,3.0,7.24,roster,0,151.0,115.0,16.7778,154.38,5.1352,1.15,0.4144,3.2826,98.67,32.13,13.4,30.18,32.45
2024-05-09 06:00:00,6,43,43,1.0,13.0,27.0,2.0,0.0,1.0,1,0,37,1,38,1,37.317,912.5,632.0,1358.0,37.317,3.0,7.24,roster,0,142.0,107.5,23.6667,150.2,3.55,1.075,0.0,3.3023,92.24,33.0,13.4,31.57,33.95
2024-05-09 07:00:00,7,46,46,1.0,14.0,29.0,2.0,0.0,1.0,4,4,37,1,38,1,38.317,972.5,692.0,1418.0,38.317,3.0,7.24,roster,0,152.0,115.0,25.3333,158.03,5.6256,1.15,0.5525,3.3043,98.67,33.0,13.4,32.97,35.45
2024-05-09 08:00:00,8,47,47,1.0,14.0,29.0,3.0,0.0,1.0,3,3,38,1,39,1,39.317,1031.0,729.0,1478.0,39.317,3.0,6.45,roster,0,154.0,117.5,51.3333,162.44,5.374,1.175,0.4651,3.2766,100.82,33.86,13.4,34.36,36.95
2024-05-09 09:00:00,9,53,53,1.0,18.0,31.0,3.0,0.0,1.0,8,8,36,1,37,1,40.317,1091.0,812.0,1470.0,40.317,3.0,6.45,roster,0,176.0,132.5,19.5556,173.39,8.5188,1.325,1.2403,3.3208,113.68,32.13,13.4,34.18,36.75
2024-05-09 10:00:00,10,55,55,1.0,20.0,32.0,2.0,0.0,1.0,9,9,37,1,38,1,41.317,1111.5,800.0,1427.0,41.317,4.0,9.7,roster,0,185.0,137.5,23.125,177.55,7.7459,1.375,0.9278,3.3636,117.98,33.0,13.4,33.18,35.675
2024-05-09 11:00:00,11,51,51,0.0,20.0,29.0,2.0,0.0,1.0,8,7,33,1,34,1,42.317,1093.5,706.0,1308.0,42.317,4.0,9.7,roster,0,171.0,127.5,7.125,162.73,6.6946,1.275,0.7216,3.3529,109.39,29.52,13.4,30.41,32.7
2024-05-09 12:00:00,12,51,51,0.0,21.0,29.0,1.0,0.0,1.0,4,4,33,1,34,1,43.317,1135.0,682.0,1345.0,43.317,4.0,9.7,roster,0,173.0,127.5,7.2083,163.59,5.7238,1.275,0.4124,3.3922,109.39,29.52,13.4,31.27,33.625
2024-05-09 13:00:00,13,49,49,0.0,21.0,27.0,1.0,0.0,1.0,8,7,30,1,31,1,38.383,1168.0,296.0,1334.0,38.383,4.0,9.7,roster,0,167.0,122.5,4.6389,156.44,6.6345,1.225,0.7216,3.4082,105.1,26.92,13.4,31.02,33.35
2024-05-09 14:00:00,14,49,49,0.0,19.0,29.0,1.0,0.0,1.0,11,10,27,1,28,1,39.383,1064.5,353.0,1391.0,39.383,4.0,9.7,roster,0,165.0,122.5,3.4375,155.16,7.5965,1.225,1.0309,3.3673,105.1,24.31,13.4,32.34,34.775
2024-05-09 15:00:00,15,49,49,0.0,20.0,27.0,2.0,0.0,1.0,9,8,28,1,29,1,28.6,946.0,327.0,1346.0,28.6,4.0,9.7,roster,0,165.0,122.5,3.75,154.98,6.9022,1.225,0.8247,3.3673,105.1,25.18,13.4,31.29,33.65
2024-05-09 16:00:00,16,47,47,0.0,19.0,27.0,1.0,0.0,1.0,8,6,26,1,27,1,26.8,577.0,262.0,1356.0,26.8,4.0,9.7,roster,0,159.0,117.5,3.0577,149.19,6.0676,1.175,0.6186,3.383,100.82,23.44,13.4,31.53,33.9
2024-05-09 17:00:00,17,44,44,0.0,17.0,26.0,1.0,0.0,1.0,6,6,26,1,27,1,27.8,637.0,293.0,1416.0,27.8,4.0,9.7,roster,0,148.0,110.0,2.8462,144.15,5.7806,1.1,0.6186,3.3636,94.38,23.44,13.4,32.92,35.4
2024-05-09 18:00:00,18,43,43,0.0,15.0,27.0,1.0,0.0,1.0,11,11,27,1,28,1,28.8,646.5,353.0,1476.0,28.8,4.0,9.7,roster,0,143.0,107.5,2.9792,144.26,7.3463,1.075,1.134,3.3256,92.24,24.31,13.4,34.32,36.9
2024-05-09 19:00:00,19,47,47,0.0,16.0,30.0,1.0,0.0,1.0,7,7,32,1,33,1,29.8,567.0,241.0,1389.0,29.8,4.0,9.7,roster,0,156.0,117.5,5.5714,155.16,6.2953,1.175,0.7216,3.3191,100.82,28.65,13.4,32.29,34.725
2024-05-09 20:00:00,20,48,48,0.0,15.0,33.0,0.0,0.0,1.0,10,8,33,2,35,2,29.183,502.0,175.0,1400.0,29.183,4.0,9.61,roster,0,159.0,120.0,7.95,172.7,6.7325,1.2,0.8325,3.3125,102.96,30.39,26.8,32.55,35.0
2024-05-09 21:00:00,21,48,48,0.0,18.0,30.0,0.0,0.0,1.0,11,8,31,2,33,2,30.183,562.0,277.0,1435.0,30.183,4.0,9.61,roster,0,162.0,120.0,5.7857,171.78,6.8596,1.2,0.8325,3.375,102.96,28.65,26.8,33.36,35.875
2024-05-09 22:00:00,22,51,51,0.0,19.0,32.0,0.0,0.0,1.0,8,7,33,2,35,2,31.183,593.0,265.0,1495.0,31.183,3.0,6.36,roster,0,172.0,127.5,11.4667,181.34,8.0119,1.275,1.1006,3.3725,109.39,30.39,26.8,34.76,37.375
2024-05-09 23:00:00,23,48,48,0.0,18.0,30.0,0.0,0.0,1.0,6,5,33,2,35,2,32.183,646.0,306.0,1555.0,32.183,3.0,6.36,roster,0,162.0,120.0,10.8,176.3,6.7033,1.2,0.7862,3.375,102.96,30.39,26.8,36.15,38.875
2024-05-10 00:00:00,0,45,45,0.0,17.0,28.0,0.0,0.0,1.0,6,5,33,2,35,2,33.183,706.0,366.0,1615.0,33.183,3.0,6.36,roster,0,152.0,112.5,10.1333,171.26,6.4555,1.125,0.7862,3.3778,96.52,30.39,26.8,37.55,40.375
2024-05-10 01:00:00,1,45,45,0.0,17.0,28.0,0.0,0.0,1.0,2,2,33,2,35,2,34.183,766.0,426.0,1675.0,34.183,3.0,6.36,roster,0,152.0,112.5,10.1333,172.66,4.8622,1.125,0.3145,3.3778,96.52,30.39,26.8,38.94,41.875
2024-05-10 02:00:00,2,47,47,0.0,17.0,30.0,0.0,0.0,1.0,6,6,33,1,34,1,34.483,799.5,486.0,1522.0,34.483,3.0,6.36,roster,0,158.0,117.5,8.7778,159.12,7.1214,1.175,0.9434,3.3617,100.82,29.52,13.4,35.39,38.05
2024-05-10 03:00:00,3,46,46,0.0,16.0,30.0,0.0,0.0,1.0,4,4,34,1,35,1,35.483,833.0,527.0,1582.0,35.483,3.0,6.36,roster,0,154.0,115.0,10.2667,159.24,5.9556,1.15,0.6289,3.3478,98.67,30.39,13.4,36.78,39.55
2024-05-10 04:00:00,4,44,44,0.0,18.0,26.0,0.0,0.0,1.0,2,2,35,1,36,1,36.483,890.0,587.0,1642.0,36.483,3.0,6.36,roster,0,150.0,110.0,12.5,157.22,4.822,1.1,0.3145,3.4091,94.38,31.26,13.4,38.18,41.05
2024-05-10 05:00:00,5,45,45,0.0,18.0,26.0,1.0,0.0,1.0,2,2,37,1,38,1,37.483,932.0,566.0,1357.0,37.483,3.0,6.36,roster,0,152.0,112.5,25.3333,154.47,4.8622,1.125,0.3145,3.3778,96.52,33.0,13.4,31.55,33.925
2024-05-10 06:00:00,6,43,43,0.0,18.0,25.0,0.0,0.0,1.0,0,0,37,1,38,1,38.483,992.0,626.0,1417.0,38.483,3.0,6.36,roster,0,147.0,107.5,24.5,151.58,3.675,1.075,0.0,3.4186,92.24,33.0,13.4,32.95,35.425
2024-05-10 07:00:00,7,45,45,0.0,17.0,28.0,0.0,0.0,1.0,3,3,37,1,38,1,39.483,1052.0,686.0,1477.0,39.483,3.0,6.36,roster,0,152.0,112.5,25.3333,157.26,5.3933,1.125,0.4717,3.3778,96.52,33.0,13.4,34.34,36.925
2024-05-10 08:00:00,8,46,46,0.0,17.0,29.0,0.0,0.0,1.0,3,2,37,1,38,1,40.483,1112.0,746.0,1537.0,40.483,3.0,6.43,roster,0,155.0,115.0,25.8333,160.8,4.9231,1.15,0.311,3.3696,98.67,33.0,13.4,35.74,38.425
2024-05-10 09:00:00,9,48,48,0.0,16.0,32.0,0.0,0.0,1.0,6,6,35,1,36,1,41.483,1119.0,806.0,1442.0,41.483,3.0,6.43,roster,0,160.0,120.0,13.3333,161.15,7.1104,1.2,0.9331,3.3333,102.96,31.26,13.4,33.53,36.05
2024-05-10 10:00:00,10,50,50,0.0,16.0,34.0,0.0,0.0,1.0,8,8,33,0,33,0,42.483,1217.0,828.0,1502.0,42.483,4.0,9.89,roster,0,166.0,125.0,5.9286,150.83,6.8355,1.25,0.8089,3.32,107.25,28.65,0.0,34.92,37.55
2024-05-10 11:00:00,11,45,45,0.0,14.0,31.0,0.0,0.0,1.0,9,9,28,0,28,0,43.483,1239.0,877.0,1562.0,43.483,4.0,9.89,roster,0,149.0,112.5,3.1042,137.15,6.7381,1.125,0.91,3.3111,96.52,24.31,0.0,36.32,39.05
2024-05-10 12:00:00,12,47,47,0.0,13.0,31.0,2.0,1.0,1.0,11,10,28,0,28,0,43.017,1095.5,591.0,1587.0,43.017,4.0,9.89,roster,0,150.0,117.5,3.125,142.03,6.977,1.175,1.0111,3.1915,100.82,24.31,0.0,36.9,39.675
2024-05-10 13:00:00,13,38,38,0.0,10.0,26.0,1.0,1.0,1.0,2,2,26,0,26,0,43.6,978.0,229.0,1321.0,43.6,4.0,9.89,roster,0,121.0,95.0,2.1607,114.8,3.6689,0.95,0.2022,3.1842,81.51,22.58,0.0,30.71,33.025
2024-05-10 14:00:00,14,34,34,1.0,8.0,24.0,0.0,1.0,1.0,8,8,19,0,19,0,44.467,608.0,190.0,1225.0,44.467,4.0,9.89,roster,0,110.0,85.0,1.3095,97.91,5.367,0.85,0.8089,3.2353,72.93,16.5,0.0,28.48,30.625
2024-05-10 15:00:00,15,21,21,1.0,3.0,16.0,0.0,1.0,1.0,4,4,10,0,10,0,22.617,299.5,184.0,771.0,22.617,4.0,9.89,roster,0,66.0,52.5,0.55,51.65,2.9211,0.525,0.4044,3.1429,45.04,8.68,0.0,17.93,19.275
2024-05-10 16:00:00,16,20,20,0.0,4.0,16.0,0.0,0.0,1.0,3,3,9,0,9,0,23.617,409.0,275.0,831.0,23.617,4.0,9.89,roster,0,64.0,50.0,0.5161,50.04,2.5707,0.5,0.3033,3.2,42.9,7.81,0.0,19.32,20.775
2024-05-10 17:00:00,17,20,20,1.0,3.0,15.0,1.0,0.0,1.0,4,4,9,0,9,0,24.617,469.0,335.0,891.0,24.617,4.0,9.89,roster,0,64.0,50.0,0.5161,51.43,2.8942,0.5,0.4044,3.2,42.9,7.81,0.0,20.72,22.275
2024-05-10 18:00:00,18,22,22,2.0,3.0,15.0,2.0,0.0,1.0,8,8,9,0,9,0,25.617,395.0,234.0,951.0,25.617,4.0,9.89,roster,0,71.0,55.0,0.5726,57.12,4.3855,0.55,0.8089,3.2273,47.19,7.81,0.0,22.11,23.775
2024-05-10 19:00:00,19,26,26,3.0,3.0,17.0,3.0,0.0,1.0,5,5,11,1,12,1,26.617,348.5,121.0,1011.0,26.617,4.0,9.89,roster,0,84.0,65.0,0.75,83.1,3.7334,0.65,0.5056,3.2308,55.77,10.42,13.4,23.51,25.275
2024-05-10 20:00:00,20,25,25,4.0,2.0,13.0,6.0,0.0,1.0,10,9,8,1,9,1,20.983,198.0,161.0,649.0,20.983,4.0,11.24,roster,0,79.0,62.5,0.6371,69.93,4.5052,0.625,0.8007,3.16,53.62,7.81,13.4,15.09,16.225
2024-05-10 21:00:00,21,20,20,3.0,2.0,12.0,3.0,0.0,1.0,8,5,5,0,5,0,9.583,216.0,133.0,258.0,9.583,4.0,11.24,roster,0,65.0,50.0,0.4643,33.24,3.0707,0.5,0.4448,3.25,42.9,4.34,0.0,6.0,6.45
2024-05-10 22:00:00,22,18,18,2.0,2.0,10.0,3.0,1.0,1.0,14,10,3,0,3,0,6.183,178.0,104.0,193.0,3.217,3.0,7.78,roster,0,55.0,45.0,0.4955,25.7,5.3024,0.45,1.2853,3.0556,38.61,2.6,0.0,4.49,4.825
2024-05-10 23:00:00,23,20,20,2.0,1.0,14.0,2.0,1.0,1.0,10,9,4,0,4,0,5.817,201.0,164.0,253.0,4.217,3.0,7.78,roster,0,61.0,50.0,0.5648,32.26,5.0533,0.5,1.1568,3.05,42.9,3.47,0.0,5.88,6.325
2024-05-11 00:00:00,0,22,22,2.0,1.0,18.0,1.0,0.0,1.0,10,8,5,1,6,1,6.817,201.0,118.0,298.0,5.217,3.0,7.78,roster,0,70.0,55.0,0.6863,52.73,5.0218,0.55,1.0283,3.1818,47.19,5.21,13.4,6.93,7.45
2024-05-11 01:00:00,1,22,22,2.0,1.0,18.0,1.0,0.0,1.0,3,3,7,1,8,1,7.817,208.0,174.0,358.0,6.217,3.0,7.78,roster,0,70.0,55.0,0.7292,55.86,2.9769,0.55,0.3856,3.1818,47.19,6.95,13.4,8.32,8.95
2024-05-11 02:00:00,2,24,24,2.0,1.0,21.0,0.0,0.0,1.0,7,6,7,1,8,1,8.817,268.0,234.0,418.0,7.217,3.0,7.78,roster,0,77.0,60.0,0.8021,61.54,4.3993,0.6,0.7712,3.2083,51.48,6.95,13.4,9.72,10.45
2024-05-11 03:00:00,3,24,24,2.0,2.0,20.0,0.0,0.0,1.0,6,6,7,1,8,1,9.817,328.0,294.0,478.0,8.217,3.0,7.78,roster,0,78.0,60.0,0.8125,62.94,4.4564,0.6,0.7712,3.25,51.48,6.95,13.4,11.11,11.95
2024-05-11 04:00:00,4,19,19,2.0,3.0,14.0,0.0,0.0,1.0,5,3,8,0,8,0,10.817,386.0,260.0,538.0,9.217,3.0,7.78,roster,0,64.0,47.5,0.6667,40.21,2.8989,0.475,0.3856,3.3684,40.75,6.95,0.0,12.51,13.45
2024-05-11 05:00:00,5,19,19,2.0,3.0,14.0,0.0,0.0,1.0,3,2,8,0,8,0,11.817,446.0,320.0,598.0,10.217,3.0,7.78,roster,0,64.0,47.5,0.6667,41.6,2.4659,0.475,0.2571,3.3684,40.75,6.95,0.0,13.9,14.95
2024-05-11 06:00:00,6,16,16,2.0,3.0,11.0,0.0,0.0,1.0,0,0,8,0,8,0,12.817,506.0,380.0,658.0,11.217,3.0,7.78,roster,0,55.0,40.0,0.5729,36.56,1.375,0.4,0.0,3.4375,34.32,6.95,0.0,15.3,16.45
2024-05-11 07:00:00,7,16,16,2.0,3.0,11.0,0.0,0.0,1.0,1,1,8,0,8,0,13.817,566.0,440.0,718.0,12.217,3.0,7.78,roster,0,55.0,40.0,0.5729,37.96,1.8168,0.4,0.1285,3.4375,34.32,6.95,0.0,16.69,17.95
2024-05-11 08:00:00,8,18,18,3.0,3.0,12.0,0.0,0.0,1.0,4,4,8,0,8,0,14.817,626.0,500.0,778.0,13.217,3.0,6.67,roster,0,63.0,45.0,0.6562,43.64,3.674,0.45,0.5997,3.5,38.61,6.95,0.0,18.09,19.45
2024-05-11 09:00:00,9,18,18,3.0,4.0,11.0,0.0,0.0,1.0,5,5,8,0,8,0,14.217,686.0,560.0,838.0,14.217,3.0,6.67,roster,0,64.0,45.0,0.6667,45.04,4.2653,0.45,0.7496,3.5556,38.61,6.95,0.0,19.48,20.95
2024-05-11 10:00:00,10,25,25,3.0,5.0,16.0,1.0,0.0,1.0,12,12,5,1,6,1,14.967,661.5,130.0,824.0,14.967,4.0,10.37,roster,0,85.0,62.5,0.625,71.39,6.0594,0.625,1.1572,3.4,53.62,5.21,13.4,19.16,20.6
2024-05-11 11:00:00,11,25,25,4.0,5.0,15.0,1.0,0.0,1.0,8,7,5,3,8,3,15.967,114.5,73.0,774.0,15.967,4.0,10.37,roster,0,87.0,62.5,0.6797,98.77,4.5241,0.625,0.675,3.48,53.62,6.95,40.2,18.0,19.35
2024-05-11 12:00:00,12,29,29,5.0,3.0,17.0,3.0,1.0,1.0,11,10,8,3,11,3,16.967,133.0,103.0,250.0,16.967,4.0,10.37,roster,0,95.0,72.5,0.819,97.77,5.534,0.725,0.9643,3.2759,62.2,9.55,40.2,5.81,6.25
2024-05-11 13:00:00,13,30,30,2.0,4.0,18.0,5.0,1.0,1.0,10,11,5,4,9,4,14.9,182.0,123.0,222.0,14.9,4.0,10.37,roster,0,91.0,75.0,0.7339,110.93,5.4926,0.75,1.0608,3.0333,64.35,7.81,53.6,5.16,5.55
2024-05-11 14:00:00,14,25,25,2.0,3.0,15.0,4.0,1.0,1.0,5,5,3,3,6,3,5.233,210.0,164.0,253.0,5.117,4.0,10.37,roster,0,76.0,62.5,0.5588,84.92,3.3658,0.625,0.4822,3.04,53.62,5.21,40.2,5.88,6.325
2024-05-11 15:00:00,15,23,23,2.0,2.0,16.0,3.0,0.0,1.0,7,7,2,2,4,2,6.233,231.0,224.0,302.0,5.033,4.0,10.37,roster,0,72.0,57.5,0.5,66.63,3.9131,0.575,0.675,3.1304,49.33,3.47,26.8,7.02,7.55
2024-05-11 16:00:00,16,23,23,2.0,2.0,14.0,5.0,0.0,1.0,5,4,4,2,6,2,7.233,195.5,78.0,298.0,6.033,4.0,10.37,roster,0,70.0,57.5,0.5147,68.27,2.924,0.575,0.3857,3.0435,49.33,5.21,26.8,6.93,7.45
2024-05-11 17:00:00,17,22,22,1.0,3.0,16.0,2.0,0.0,1.0,8,8,4,1,5,1,8.233,167.0,138.0,344.0,7.033,4.0,10.37,roster,0,69.0,55.0,0.4929,52.93,4.1446,0.55,0.7715,3.1364,47.19,4.34,13.4,8.0,8.6
2024-05-11 18:00:00,18,19,19,1.0,4.0,12.0,2.0,0.0,1.0,9,7,6,1,7,1,9.233,198.0,86.0,404.0,8.033,4.0,10.37,roster,0,61.0,47.5,0.4621,49.63,3.6922,0.475,0.675,3.2105,40.75,6.08,13.4,9.39,10.1
2024-05-11 19:00:00,19,27,27,1.0,3.0,23.0,0.0,0.0,1.0,18,16,5,0,5,0,8.85,126.0,111.0,243.0,4.3,4.0,10.37,roster,0,86.0,67.5,0.6143,47.91,7.0645,0.675,1.5429,3.1852,57.92,4.34,0.0,5.65,6.075
2024-05-11 20:00:00,20,24,24,0.0,3.0,21.0,0.0,0.0,1.0,11,11,7,0,7,0,5.3,171.0,115.0,303.0,5.3,4.0,10.91,roster,0,75.0,60.0,0.5682,44.6,5.0258,0.6,1.0082,3.125,51.48,6.08,0.0,7.04,7.575
2024-05-11 21:00:00,21,30,30,0.0,3.0,26.0,1.0,0.0,1.0,17,16,5,0,5,0,6.3,130.0,76.0,175.0,6.3,4.0,10.91,roster,0,92.0,75.0,0.6571,52.76,6.7974,0.75,1.4665,3.0667,64.35,4.34,0.0,4.07,4.375
2024-05-11 22:00:00,22,35,35,0.0,4.0,31.0,0.0,0.0,1.0,17,14,6,0,6,0,7.3,134.5,119.0,235.0,7.3,3.0,7.21,roster,0,109.0,87.5,1.0686,65.75,8.7722,0.875,1.9417,3.1143,75.08,5.21,0.0,5.46,5.875
2024-05-11 23:00:00,23,23,23,0.0,3.0,20.0,0.0,0.0,1.0,7,7,6,0,6,0,8.3,194.5,131.0,295.0,8.3,3.0,7.21,roster,0,72.0,57.5,0.7059,41.4,4.8393,0.575,0.9709,3.1304,49.33,5.21,0.0,6.86,7.375
2024-05-12 00:00:00,0,22,22,0.0,2.0,20.0,0.0,0.0,1.0,10,9,7,0,7,0,9.3,253.0,120.0,355.0,9.3,3.0,7.21,roster,0,68.0,55.0,0.6869,41.52,5.5583,0.55,1.2483,3.0909,47.19,6.08,0.0,8.25,8.875
2024-05-12 01:00:00,1,21,21,0.0,2.0,17.0,2.0,0.0,1.0,7,6,7,0,7,0,10.3,313.0,180.0,415.0,10.3,3.0,7.21,roster,0,63.0,52.5,0.6364,40.77,4.0715,0.525,0.8322,3.0,45.04,6.08,0.0,9.65,10.375
2024-05-12 02:00:00,2,14,14,0.0,2.0,11.0,1.0,0.0,1.0,2,2,7,0,7,0,11.3,373.0,240.0,475.0,11.3,3.0,7.21,roster,0,43.0,35.0,0.4343,27.15,1.927,0.35,0.2774,3.0714,30.03,6.08,0.0,11.04,11.875
2024-05-12 03:00:00,3,13,13,0.0,2.0,11.0,0.0,0.0,1.0,3,2,7,0,7,0,12.3,433.0,300.0,535.0,12.3,3.0,7.21,roster,0,41.0,32.5,0.4141,26.4,1.8999,0.325,0.2774,3.1538,27.88,6.08,0.0,12.44,13.375
2024-05-12 04:00:00,4,16,16,0.0,3.0,13.0,0.0,0.0,1.0,5,5,8,0,8,0,13.3,462.0,360.0,595.0,13.3,3.0,7.21,roster,0,51.0,40.0,0.5312,35.1,3.4855,0.4,0.6935,3.1875,34.32,6.95,0.0,13.83,14.875
2024-05-12 05:00:00,5,19,19,1.0,3.0,14.0,1.0,0.0,1.0,4,3,10,0,10,0,14.3,455.5,169.0,556.0,14.3,3.0,7.21,roster,0,61.0,47.5,0.6778,42.37,2.8609,0.475,0.4161,3.2105,40.75,8.68,0.0,12.93,13.9
2024-05-12 06:00:00,6,21,21,1.0,3.0,17.0,0.0,0.0,1.0,4,3,11,0,11,0,15.3,480.0,156.0,616.0,15.3,3.0,7.21,roster,0,68.0,52.5,0.7816,48.92,3.0473,0.525,0.4161,3.2381,45.04,9.55,0.0,14.32,15.4
2024-05-12 07:00:00,7,20,20,2.0,3.0,15.0,0.0,0.0,1.0,4,4,12,0,12,0,16.3,526.5,216.0,676.0,16.3,3.0,7.21,roster,0,67.0,50.0,0.7976,49.04,3.5335,0.5,0.5548,3.35,42.9,10.42,0.0,15.72,16.9
2024-05-12 08:00:00,8,23,23,2.0,3.0,17.0,1.0,0.0,1.0,10,10,11,1,12,1,17.3,586.5,276.0,736.0,17.3,3.0,7.78,roster,0,75.0,57.5,0.8929,70.27,6.0663,0.575,1.2853,3.2609,49.33,10.42,13.4,17.11,18.4
2024-05-12 09:00:00,9,22,22,1.0,2.0,17.0,2.0,0.0,1.0,10,9,8,0,8,0,18.3,762.0,409.0,895.0,18.3,3.0,7.78,roster,0,68.0,55.0,0.7083,54.95,5.2756,0.55,1.1568,3.0909,47.19,6.95,0.0,20.81,22.375
2024-05-12 10:00:00,10,21,21,1.0,2.0,17.0,1.0,0.0,1.0,8,6,7,0,7,0,15.917,469.0,262.0,853.0,15.917,4.0,11.24,roster,0,66.0,52.5,0.5,50.96,3.3277,0.525,0.5338,3.1429,45.04,6.08,0.0,19.83,21.325
2024-05-12 11:00:00,11,31,31,2.0,2.0,25.0,2.0,0.0,1.0,18,17,8,0,8,0,16.917,346.0,141.0,913.0,16.917,4.0,11.24,roster,0,97.0,77.5,0.7578,74.67,7.1575,0.775,1.5125,3.129,66.5,6.95,0.0,21.23,22.825
2024-05-12 12:00:00,12,35,35,2.0,3.0,25.0,4.0,1.0,1.0,15,12,13,0,13,0,16.217,122.0,92.0,382.0,16.217,4.0,11.24,roster,0,106.0,87.5,0.9815,75.24,5.8834,0.875,1.0676,3.0286,75.08,11.29,0.0,8.88,9.55
2024-05-12 13:00:00,13,30,30,2.0,4.0,20.0,3.0,1.0,1.0,10,10,9,0,9,0,17.217,152.0,136.0,442.0,17.217,4.0,11.24,roster,0,93.0,75.0,0.75,62.44,5.083,0.75,0.8897,3.1,64.35,7.81,0.0,10.28,11.05
2024-05-12 14:00:00,14,31,31,2.0,4.0,19.0,3.0,3.0,1.0,14,12,9,1,10,1,18.217,186.0,119.0,242.0,18.217,4.0,11.24,roster,0,92.0,77.5,0.7667,74.2,5.4684,0.775,1.0676,2.9677,66.5,8.68,13.4,5.63,6.05
2024-05-12 15:00:00,15,27,27,1.0,2.0,20.0,2.0,2.0,1.0,12,11,7,0,7,0,10.167,234.0,179.0,302.0,10.167,4.0,11.24,roster,0,79.0,67.5,0.5985,51.01,4.8385,0.675,0.9786,2.9259,57.92,6.08,0.0,7.02,7.55
2024-05-12 16:00:00,16,26,26,1.0,2.0,19.0,3.0,1.0,1.0,7,7,9,0,9,0,11.167,258.0,225.0,332.0,11.167,4.0,11.24,roster,0,77.0,65.0,0.621,51.3,3.7694,0.65,0.6228,2.9615,55.77,7.81,0.0,7.72,8.3
2024-05-12 17:00:00,17,25,25,1.0,2.0,19.0,2.0,1.0,1.0,13,9,10,0,10,0,12.167,292.0,156.0,392.0,12.167,4.0,11.24,roster,0,75.0,62.5,0.625,51.42,4.2771,0.625,0.8007,3.0,53.62,8.68,0.0,9.11,9.8
2024-05-12 18:00:00,18,26,26,1.0,2.0,19.0,4.0,0.0,1.0,11,11,13,0,13,0,13.167,239.0,140.0,414.0,13.167,4.0,11.24,roster,0,78.0,65.0,0.7222,56.68,4.8859,0.65,0.9786,3.0,55.77,11.29,0.0,9.63,10.35
2024-05-12 19:00:00,19,26,26,1.0,2.0,20.0,3.0,0.0,1.0,14,9,12,0,12,0,9.033,287.5,200.0,474.0,9.033,4.0,11.24,roster,0,79.0,65.0,0.7054,57.21,4.4079,0.65,0.8007,3.0385,55.77,10.42,0.0,11.02,11.85
2024-05-12 20:00:00,20,26,26,2.0,1.0,21.0,2.0,0.0,1.0,10,6,15,0,15,0,10.033,260.0,117.0,479.0,10.033,4.0,10.77,roster,0,81.0,65.0,0.81,59.93,3.7606,0.65,0.5571,3.1154,55.77,13.02,0.0,11.14,11.975
2024-05-12 21:00:00,21,30,30,2.0,1.0,24.0,3.0,0.0,1.0,13,10,13,1,14,1,11.033,237.0,159.0,539.0,11.033,4.0,10.77,roster,0,92.0,75.0,0.8846,82.44,5.1474,0.75,0.9285,3.0667,64.35,12.16,13.4,12.53,13.475
2024-05-12 22:00:00,22,29,29,1.0,2.0,19.0,7.0,0.0,1.0,11,9,15,0,15,0,12.033,274.0,189.0,599.0,12.033,3.0,7.31,roster,0,84.0,72.5,1.12,69.16,5.6662,0.725,1.2312,2.8966,62.2,13.02,0.0,13.93,14.975
2024-05-12 23:00:00,23,28,28,1.0,1.0,20.0,6.0,0.0,1.0,8,7,15,0,15,0,13.033,334.0,210.0,659.0,13.033,3.0,7.31,roster,0,81.0,70.0,1.08,68.41,4.7952,0.7,0.9576,2.8929,60.06,13.02,0.0,15.32,16.475
2024-05-13 00:00:00,0,25,25,1.0,1.0,20.0,3.0,0.0,1.0,7,7,14,0,14,0,14.033,417.0,309.0,719.0,14.033,3.0,7.31,roster,0,75.0,62.5,0.9615,62.5,4.7478,0.625,0.9576,3.0,53.62,12.16,0.0,16.72,17.975
2024-05-13 01:00:00,1,26,26,1.0,2.0,19.0,4.0,0.0,1.0,6,6,15,0,15,0,15.033,454.0,330.0,779.0,15.033,3.0,7.31,roster,0,78.0,65.0,1.04,66.91,4.4124,0.65,0.8208,3.0,55.77,13.02,0.0,18.11,19.475
2024-05-13 02:00:00,2,23,23,1.0,2.0,18.0,2.0,0.0,1.0,3,2,17,0,17,0,16.033,505.0,339.0,649.0,16.033,3.0,7.31,roster,0,71.0,57.5,1.029,59.19,2.6196,0.575,0.2736,3.087,49.33,14.76,0.0,15.09,16.225
2024-05-13 03:00:00,3,22,22,1.0,2.0,17.0,2.0,0.0,1.0,2,1,17,0,17,0,17.033,565.0,399.0,709.0,17.033,3.0,7.31,roster,0,68.0,55.0,0.9855,58.44,2.1228,0.55,0.1368,3.0909,47.19,14.76,0.0,16.48,17.725
2024-05-13 04:00:00,4,26,26,1.0,2.0,20.0,3.0,0.0,1.0,7,5,17,0,17,0,18.033,625.0,459.0,769.0,18.033,3.0,7.31,roster,0,79.0,65.0,1.1449,68.41,4.0533,0.65,0.684,3.0385,55.77,14.76,0.0,17.88,19.225
2024-05-13 05:00:00,5,27,27,1.0,2.0,21.0,2.0,1.0,1.0,4,3,17,0,17,0,19.033,685.0,519.0,829.0,19.033,3.0,7.31,roster,0,81.0,67.5,1.1739,71.95,3.2562,0.675,0.4104,3.0,57.92,14.76,0.0,19.27,20.725
2024-05-13 06:00:00,6,26,26,1.0,2.0,21.0,2.0,0.0,1.0,1,1,19,0,19,0,20.033,699.0,403.0,889.0,20.033,3.0,7.31,roster,0,80.0,65.0,1.2698,72.94,2.4209,0.65,0.1368,3.0769,55.77,16.5,0.0,20.67,22.225
2024-05-13 07:00:00,7,25,25,1.0,2.0,20.0,2.0,0.0,1.0,2,1,19,0,19,0,21.033,759.0,463.0,949.0,21.033,3.0,7.31,roster,0,77.0,62.5,1.2222,72.19,2.3463,0.625,0.1368,3.08,53.62,16.5,0.0,22.06,23.725
2024-05-13 08:00:00,8,28,28,1.0,2.0,22.0,3.0,0.0,1.0,8,7,18,0,18,0,22.033,842.0,614.0,1009.0,22.033,3.0,7.98,roster,0,85.0,70.0,1.2879,79.15,4.7879,0.7,0.8772,3.0357,60.06,15.63,0.0,23.46,25.225
2024-05-13 09:00:00,9,38,38,1.0,5.0,29.0,2.0,1.0,1.0,13,12,18,0,18,0,23.033,902.0,583.0,1069.0,23.033,3.0,7.98,roster,0,117.0,95.0,1.7727,101.99,7.555,0.95,1.5038,3.0789,81.51,15.63,0.0,24.85,26.725
2024-05-13 10:00:00,10,37,37,3.0,6.0,27.0,0.0,1.0,1.0,11,10,17,0,17,0,23.533,643.0,127.0,939.0,23.533,4.0,11.23,roster,0,121.0,92.5,1.3152,95.96,5.9371,0.925,0.8905,3.2703,79.36,14.76,0.0,21.83,23.475
2024-05-13 11:00:00,11,43,43,2.0,7.0,33.0,0.0,1.0,1.0,12,12,17,1,18,1,24.533,635.0,160.0,969.0,24.533,4.0,11.23,roster,0,138.0,107.5,1.5682,123.79,6.8794,1.075,1.0686,3.2093,92.24,15.63,13.4,22.53,24.225
2024-05-13 12:00:00,12,36,36,2.0,7.0,26.0,0.0,1.0,1.0,6,6,14,1,15,1,25.533,479.0,189.0,990.0,25.533,4.0,11.23,roster,0,117.0,90.0,1.17,106.66,4.6614,0.9,0.5343,3.25,77.22,13.02,13.4,23.02,24.75
2024-05-13 13:00:00,13,36,36,3.0,7.0,25.0,0.0,1.0,1.0,6,6,14,2,16,2,26.533,293.5,209.0,914.0,26.533,4.0,11.23,roster,0,119.0,90.0,1.2396,119.16,4.7411,0.9,0.5343,3.3056,77.22,13.89,26.8,21.25,22.85
2024-05-13 14:00:00,14,35,35,3.0,6.0,25.0,0.0,1.0,1.0,7,8,11,2,13,2,19.817,269.0,154.0,340.0,19.15,4.0,11.23,roster,0,115.0,87.5,1.0648,101.07,5.2157,0.875,0.7124,3.2857,75.08,11.29,26.8,7.9,8.5
2024-05-13 15:00:00,15,30,30,2.0,5.0,23.0,0.0,0.0,1.0,8,7,9,1,10,1,20.817,275.0,174.0,372.0,10.983,4.0,11.23,roster,0,99.0,75.0,0.825,75.08,4.532,0.75,0.6233,3.3,64.35,8.68,13.4,8.65,9.3
2024-05-13 16:00:00,16,30,30,1.0,4.0,25.0,0.0,0.0,1.0,7,6,12,0,12,0,21.817,252.0,173.0,432.0,11.983,4.0,11.23,roster,0,96.0,75.0,0.8571,64.81,4.1097,0.75,0.5343,3.2,64.35,10.42,0.0,10.04,10.8
2024-05-13 17:00:00,17,28,28,0.0,3.0,22.0,3.0,0.0,1.0,8,7,13,0,13,0,22.817,294.0,178.0,426.0,12.983,4.0,11.23,roster,0,84.0,70.0,0.7778,61.25,3.97,0.7,0.6233,3.0,60.06,11.29,0.0,9.9,10.65
2024-05-13 18:00:00,18,36,36,0.0,5.0,27.0,3.0,1.0,1.0,11,11,13,0,13,0,23.817,300.0,213.0,424.0,9.667,4.0,11.23,roster,0,108.0,90.0,1.0,78.37,5.6386,0.9,0.9795,3.0,77.22,11.29,0.0,9.86,10.6
2024-05-13 19:00:00,19,38,38,0.0,5.0,30.0,3.0,0.0,1.0,10,9,13,1,14,1,24.817,325.5,221.0,484.0,10.667,4.0,11.23,roster,0,116.0,95.0,1.1154,98.32,5.3465,0.95,0.8014,3.0526,81.51,12.16,13.4,11.25,12.1
2024-05-13 20:00:00,20,36,36,0.0,4.0,27.0,5.0,0.0,1.0,7,7,18,2,20,2,25.817,293.5,114.0,474.0,11.667,4.0,10.58,roster,0,107.0,90.0,1.3375,112.41,4.6415,0.9,0.6616,2.9722,77.22,17.37,26.8,11.02,11.85
2024-05-13 21:00:00,21,43,43,0.0,4.0,32.0,5.0,2.0,1.0,15,12,18,2,20,2,26.817,300.5,168.0,480.0,12.667,4.0,10.58,roster,0,124.0,107.5,1.55,127.56,6.3708,1.075,1.1342,2.8837,92.24,17.37,26.8,11.16,12.0
2024-05-13 22:00:00,22,40,40,0.0,4.0,28.0,5.0,3.0,1.0,11,10,18,2,20,2,27.817,360.5,228.0,540.0,13.667,3.0,7.33,roster,0,113.0,100.0,1.8833,122.52,6.679,1.0,1.3643,2.825,85.8,17.37,26.8,12.56,13.5
2024-05-13 23:00:00,23,34,34,0.0,3.0,25.0,6.0,0.0,1.0,7,4,19,2,21,2,28.817,343.0,255.0,593.0,14.667,3.0,7.33,roster,0,99.0,85.0,1.7368,111.75,4.064,0.85,0.5457,2.9118,72.93,18.23,26.8,13.79,14.825
2024-05-14 00:00:00,0,37,37,0.0,2.0,31.0,3.0,1.0,1.0,11,9,19,2,21,2,29.817,403.0,315.0,653.0,15.667,3.0,7.33,roster,0,108.0,92.5,1.8947,119.58,6.2839,0.925,1.2278,2.9189,79.36,18.23,26.8,15.18,16.325
2024-05-14 01:00:00,1,36,36,0.0,3.0,30.0,2.0,1.0,1.0,4,4,19,2,21,2,30.817,463.0,375.0,713.0,16.667,3.0,7.33,roster,0,107.0,90.0,1.8772,118.83,4.2969,0.9,0.5457,2.9722,77.22,18.23,26.8,16.58,17.825
2024-05-14 02:00:00,2,32,32,0.0,3.0,28.0,1.0,0.0,1.0,2,2,20,2,22,2,31.817,511.0,430.0,773.0,17.667,3.0,7.33,roster,0,98.0,80.0,1.8148,112.51,3.2856,0.8,0.2729,3.0625,68.64,19.1,26.8,17.97,19.325
2024-05-14 03:00:00,3,32,32,0.0,4.0,27.0,1.0,0.0,1.0,4,4,21,2,23,2,32.817,559.0,474.0,833.0,18.667,3.0,7.33,roster,0,99.0,80.0,1.9412,114.78,4.1633,0.8,0.5457,3.0938,68.64,19.97,26.8,19.37,20.825
2024-05-14 04:00:00,4,31,31,0.0,5.0,25.0,1.0,0.0,1.0,2,2,22,2,24,2,33.817,606.5,534.0,893.0,19.667,3.0,7.33,roster,0,97.0,77.5,2.0208,114.9,3.2788,0.775,0.2729,3.129,66.5,20.84,26.8,20.76,22.325
2024-05-14 05:00:00,5,33,33,0.0,5.0,27.0,1.0,0.0,1.0,4,4,23,2,25,2,34.817,654.0,514.0,898.0,20.667,3.0,7.33,roster,0,103.0,82.5,2.2889,120.17,4.2783,0.825,0.5457,3.1212,70.78,21.71,26.8,20.88,22.45
2024-05-14 06:00:00,6,32,32,0.0,5.0,25.0,2.0,0.0,1.0,4,2,23,2,25,2,35.817,714.0,574.0,958.0,21.667,3.0,7.33,roster,0,99.0,80.0,2.2,119.42,3.3191,0.8,0.2729,3.0938,68.64,21.71,26.8,22.27,23.95
2024-05-14 07:00:00,7,31,31,0.0,6.0,24.0,1.0,0.0,1.0,3,3,23,2,25,2,36.817,774.0,634.0,1018.0,22.667,3.0,7.33,roster,0,98.0,77.5,2.1778,118.67,3.7438,0.775,0.4093,3.1613,66.5,21.71,26.8,23.67,25.45
2024-05-14 08:00:00,8,34,34,0.0,6.0,27.0,1.0,0.0,1.0,5,4,24,2,26,2,37.817,831.0,636.0,1078.0,23.667,3.0,6.79,roster,0,107.0,85.0,2.5476,127.37,4.5289,0.85,0.5891,3.1471,72.93,22.58,26.8,25.06,26.95
2024-05-14 09:00:00,9,32,32,0.0,6.0,25.0,1.0,0.0,1.0,6,4,21,2,23,2,38.817,855.0,498.0,980.0,20.9,3.0,6.79,roster,0,101.0,80.0,1.9804,118.2,4.3844,0.8,0.5891,3.1562,68.64,19.97,26.8,22.78,24.5
2024-05-14 10:00:00,10,39,39,0.0,10.0,27.0,2.0,0.0,1.0,12,12,21,2,23,2,39.817,915.0,558.0,1040.0,21.9,4.0,10.11,roster,0,125.0,97.5,1.8382,134.61,6.9293,0.975,1.1869,3.2051,83.66,19.97,26.8,24.18,26.0
2024-05-14 11:00:00,11,36,36,0.0,12.0,22.0,2.0,0.0,1.0,7,7,18,3,21,3,22.9,954.0,510.0,1014.0,22.9,4.0,10.11,roster,0,118.0,90.0,1.5526,139.23,5.2195,0.9,0.6924,3.2778,77.22,18.23,40.2,23.58,25.35
2024-05-14 12:00:00,12,39,39,0.0,10.0,25.0,4.0,0.0,1.0,12,12,16,2,18,2,23.9,945.0,502.0,1074.0,23.9,4.0,10.11,roster,0,123.0,97.5,1.3977,131.06,6.8184,0.975,1.1869,3.1538,83.66,15.63,26.8,24.97,26.85
2024-05-14 13:00:00,13,43,43,1.0,9.0,30.0,3.0,0.0,1.0,8,8,18,3,21,3,24.9,917.0,327.0,1128.0,24.9,4.0,10.11,roster,0,137.0,107.5,1.8026,156.9,5.9461,1.075,0.7913,3.186,92.24,18.23,40.2,26.23,28.2
2024-05-14 14:00:00,14,45,45,0.0,10.0,32.0,3.0,0.0,1.0,11,11,18,2,20,2,25.9,730.0,298.0,1155.0,25.9,4.0,10.11,roster,0,142.0,112.5,1.775,147.54,6.9833,1.125,1.088,3.1556,96.52,17.37,26.8,26.85,28.875
2024-05-14 15:00:00,15,37,37,0.0,8.0,28.0,1.0,0.0,1.0,6,6,17,2,19,2,26.0,529.0,183.0,1210.0,26.0,4.0,10.11,roster,0,118.0,92.5,1.4048,130.8,4.8427,0.925,0.5935,3.1892,79.36,16.5,26.8,28.13,30.25
2024-05-14 16:00:00,16,35,35,1.0,9.0,23.0,2.0,0.0,1.0,10,9,18,2,20,2,27.0,548.0,243.0,1270.0,27.0,4.0,10.11,roster,0,114.0,87.5,1.425,128.77,5.7495,0.875,0.8902,3.2571,75.08,17.37,26.8,29.53,31.75
2024-05-14 17:00:00,17,36,36,1.0,8.0,23.0,4.0,0.0,1.0,10,9,17,3,20,3,28.0,608.0,231.0,1330.0,28.0,4.0,10.11,roster,0,114.0,90.0,1.425,145.71,5.669,0.9,0.8902,3.1667,77.22,17.37,40.2,30.92,33.25
2024-05-14 18:00:00,18,35,35,1.0,7.0,25.0,2.0,0.0,1.0,6,6,21,3,24,3,29.0,507.5,169.0,1374.0,29.0,4.0,10.11,roster,0,112.0,87.5,1.75,148.06,4.6991,0.875,0.5935,3.2,75.08,20.84,40.2,31.95,34.35
2024-05-14 19:00:00,19,36,36,0.0,7.0,27.0,2.0,0.0,1.0,7,7,22,2,24,2,30.0,567.5,229.0,1434.0,30.0,4.0,10.11,roster,0,113.0,90.0,1.7656,138.2,4.9983,0.9,0.6924,3.1389,77.22,20.84,26.8,33.34,35.85
2024-05-14 20:00:00,20,31,31,0.0,6.0,22.0,3.0,0.0,1.0,7,4,20,1,21,1,31.0,658.0,343.0,1337.0,31.0,4.0,10.0,roster,0,96.0,77.5,1.2632,109.21,3.6387,0.775,0.4,3.0968,66.5,18.23,13.4,31.09,33.425
2024-05-14 21:00:00,21,45,45,0.0,8.0,29.0,8.0,0.0,1.0,17,16,22,1,23,1,32.0,657.0,275.0,1397.0,32.0,4.0,10.0,roster,0,135.0,112.5,1.9853,142.38,8.175,1.125,1.6,3.0,96.52,19.97,13.4,32.48,34.925
2024-05-14 22:00:00,22,37,37,0.0,10.0,21.0,6.0,0.0,1.0,5,4,20,1,21,1,33.0,778.0,463.0,1457.0,33.0,3.0,6.68,roster,0,115.0,92.5,2.0175,124.87,4.7361,0.925,0.5988,3.1081,79.36,18.23,13.4,33.88,36.425
2024-05-14 23:00:00,23,37,37,0.0,10.0,23.0,4.0,0.0,1.0,9,9,21,1,22,1,34.0,807.5,469.0,1517.0,34.0,3.0,6.68,roster,0,117.0,92.5,2.1667,127.14,7.1854,0.925,1.3473,3.1622,79.36,19.1,13.4,35.27,37.925
2024-05-15 00:00:00,0,39,39,0.0,10.0,26.0,3.0,0.0,1.0,12,11,21,1,22,1,35.0,867.5,529.0,1577.0,35.0,3.0,6.68,roster,0,124.0,97.5,2.2963,132.82,8.3357,0.975,1.6467,3.1795,83.66,19.1,13.4,36.67,39.425
2024-05-15 01:00:00,1,34,34,0.0,10.0,22.0,2.0,0.0,1.0,4,4,21,1,22,1,36.0,927.5,589.0,1637.0,36.0,3.0,6.68,roster,0,110.0,85.0,2.037,123.49,4.6873,0.85,0.5988,3.2353,72.93,19.1,13.4,38.06,40.925
2024-05-15 02:00:00,2,32,32,0.0,10.0,21.0,1.0,0.0,1.0,4,4,22,2,24,2,37.0,901.5,575.0,1697.0,37.0,3.0,6.68,roster,0,105.0,80.0,2.1875,135.73,4.5898,0.8,0.5988,3.2812,68.64,20.84,26.8,39.46,42.425
2024-05-15 03:00:00,3,34,34,0.0,11.0,20.0,3.0,0.0,1.0,3,3,22,2,24,2,38.0,961.5,635.0,1757.0,38.0,3.0,6.68,roster,0,110.0,85.0,2.2917,141.42,4.203,0.85,0.4491,3.2353,72.93,20.84,26.8,40.85,43.925
2024-05-15 04:00:00,4,35,35,0.0,12.0,22.0,1.0,0.0,1.0,4,3,22,2,24,2,39.0,1021.5,695.0,1817.0,39.0,3.0,6.68,roster,0,116.0,87.5,2.4167,144.96,4.3885,0.875,0.4491,3.3143,75.08,20.84,26.8,42.25,45.425
2024-05-15 05:00:00,5,36,36,0.0,11.0,24.0,1.0,0.0,1.0,4,4,23,2,25,2,40.0,1026.0,731.0,1670.0,40.0,3.0,6.68,roster,0,118.0,90.0,2.6222,144.56,4.9127,0.9,0.5988,3.2778,77.22,21.71,26.8,38.83,41.75
2024-05-15 06:00:00,6,39,39,0.0,13.0,26.0,0.0,0.0,1.0,7,6,24,3,27,3,41.0,1011.0,512.0,1730.0,41.0,3.0,6.68,roster,0,130.0,97.5,3.3333,167.52,6.244,0.975,0.8982,3.3333,83.66,23.44,40.2,40.22,43.25
2024-05-15 07:00:00,7,41,41,0.0,14.0,26.0,1.0,0.0,1.0,6,4,26,3,29,3,42.0,1037.0,445.0,1710.0,42.0,3.0,6.68,roster,0,136.0,102.5,4.1212,173.08,5.3863,1.025,0.5988,3.3171,87.94,25.18,40.2,39.76,42.75
2024-05-15 08:00:00,8,41,41,0.0,15.0,26.0,0.0,0.0,1.0,5,5,28,3,31,3,43.0,1063.0,461.0,1770.0,43.0,3.0,6.96,roster,0,138.0,102.5,5.1111,176.22,5.868,1.025,0.7184,3.3659,87.94,26.92,40.2,41.15,44.25
2024-05-15 09:00:00,9,43,43,1.0,15.0,27.0,0.0,0.0,1.0,8,9,25,3,28,3,39.717,950.0,294.0,1527.0,39.717,3.0,6.96,roster,0,146.0,107.5,4.0556,172.25,8.0405,1.075,1.2931,3.3953,92.24,24.31,40.2,35.5,38.175
2024-05-15 10:00:00,10,42,42,1.0,15.0,26.0,0.0,0.0,1.0,12,10,21,2,23,2,40.717,752.0,253.0,1587.0,40.717,4.0,10.3,roster,0,143.0,105.0,2.1029,153.76,6.8806,1.05,0.9709,3.4048,90.09,19.97,26.8,36.9,39.675
2024-05-15 11:00:00,11,46,46,3.0,15.0,28.0,0.0,0.0,1.0,9,9,20,3,23,3,41.717,431.0,243.0,1189.0,41.717,4.0,10.3,roster,0,159.0,115.0,2.3382,166.49,6.9953,1.15,0.8738,3.4565,98.67,19.97,40.2,27.64,29.725
2024-05-15 12:00:00,12,41,41,3.0,16.0,22.0,0.0,0.0,1.0,5,6,18,5,23,5,42.717,373.0,154.0,1085.0,42.717,4.0,10.3,roster,0,145.0,102.5,2.1324,180.14,5.6851,1.025,0.5825,3.5366,87.94,19.97,67.0,25.23,27.125
2024-05-15 13:00:00,13,36,36,3.0,12.0,21.0,0.0,0.0,1.0,7,7,15,3,18,3,29.45,331.5,158.0,768.0,29.45,4.0,10.3,roster,0,126.0,90.0,1.4318,130.91,5.5286,0.9,0.6796,3.5,77.22,15.63,40.2,17.86,19.2
2024-05-15 14:00:00,14,37,37,3.0,11.0,23.0,0.0,0.0,1.0,9,9,14,3,17,3,30.45,257.0,134.0,481.0,30.45,4.0,10.3,roster,0,128.0,92.5,1.3913,125.51,6.2228,0.925,0.8738,3.4595,79.36,14.76,40.2,11.18,12.025
2024-05-15 15:00:00,15,27,27,3.0,9.0,15.0,0.0,0.0,1.0,4,4,13,3,16,3,14.8,189.5,149.0,323.0,14.8,4.0,10.3,roster,0,96.0,67.5,1.0,99.52,3.7808,0.675,0.3883,3.5556,57.92,13.89,40.2,7.51,8.075
2024-05-15 16:00:00,16,25,25,1.0,9.0,15.0,0.0,0.0,1.0,6,5,11,2,13,2,15.8,245.0,209.0,383.0,15.8,4.0,10.3,roster,0,86.0,62.5,0.7963,80.62,3.8199,0.625,0.4854,3.44,53.62,11.29,26.8,8.9,9.575
2024-05-15 17:00:00,17,27,27,1.0,8.0,16.0,1.0,1.0,1.0,8,7,11,2,13,2,16.8,305.0,229.0,443.0,16.8,4.0,10.3,roster,0,88.0,67.5,0.8148,86.3,4.415,0.675,0.6796,3.2593,57.92,11.29,26.8,10.3,11.075
2024-05-15 18:00:00,18,31,31,1.0,7.0,20.0,3.0,0.0,1.0,8,8,11,2,13,2,17.8,365.0,289.0,503.0,17.8,4.0,10.3,roster,0,99.0,77.5,0.9167,96.28,4.9554,0.775,0.7767,3.1935,66.5,11.29,26.8,11.69,12.575
2024-05-15 19:00:00,19,33,33,1.0,6.0,24.0,2.0,0.0,1.0,7,7,12,1,13,1,18.8,425.0,321.0,563.0,18.8,4.0,10.3,roster,0,105.0,82.5,0.9722,88.56,4.7874,0.825,0.6796,3.1818,70.78,11.29,13.4,13.09,14.075
2024-05-15 20:00:00,20,25,25,0.0,6.0,14.0,4.0,1.0,1.0,7,7,10,1,11,1,19.8,485.0,381.0,783.0,19.8,4.0,9.7,roster,0,75.0,62.5,0.6466,74.78,4.0399,0.625,0.7216,3.0,53.62,9.55,13.4,18.2,19.575
2024-05-15 21:00:00,21,33,33,0.0,6.0,21.0,5.0,1.0,1.0,13,10,10,1,11,1,20.8,545.0,441.0,843.0,20.8,4.0,9.7,roster,0,98.0,82.5,0.8448,93.34,5.5115,0.825,1.0309,2.9697,70.78,9.55,13.4,19.6,21.075
2024-05-15 22:00:00,22,27,27,0.0,5.0,16.0,4.0,2.0,1.0,8,7,10,0,10,0,16.267,515.0,270.0,605.0,16.017,3.0,6.36,roster,0,78.0,67.5,0.8667,60.66,5.1296,0.675,1.1006,2.8889,57.92,8.68,0.0,14.07,15.125
2024-05-15 23:00:00,23,27,27,0.0,5.0,17.0,4.0,1.0,1.0,7,6,12,0,12,0,17.267,494.0,137.0,665.0,17.017,3.0,6.36,roster,0,80.0,67.5,0.9524,63.8,4.7952,0.675,0.9434,2.963,57.92,10.42,0.0,15.46,16.625
2024-05-16 00:00:00,0,23,23,0.0,4.0,15.0,1.0,3.0,1.0,6,4,12,0,12,0,18.017,554.0,197.0,725.0,18.017,3.0,6.36,roster,0,66.0,57.5,0.7857,56.61,3.4548,0.575,0.6289,2.8696,49.33,10.42,0.0,16.86,18.125
2024-05-16 01:00:00,1,21,21,0.0,4.0,12.0,2.0,3.0,1.0,2,2,13,0,13,0,19.017,547.0,255.0,757.0,19.017,3.0,6.36,roster,0,59.0,52.5,0.7284,53.93,2.3585,0.525,0.3145,2.8095,45.04,11.29,0.0,17.6,18.925
2024-05-16 02:00:00,2,21,21,1.0,4.0,12.0,2.0,2.0,1.0,4,4,13,0,13,0,20.017,607.0,315.0,817.0,20.017,3.0,6.36,roster,0,63.0,52.5,0.7778,55.33,3.4618,0.525,0.6289,3.0,45.04,11.29,0.0,19.0,20.425
2024-05-16 03:00:00,3,22,22,1.0,5.0,13.0,2.0,1.0,1.0,3,3,14,0,14,0,21.017,618.5,352.0,877.0,21.017,3.0,6.36,roster,0,69.0,55.0,0.8846,59.74,3.2044,0.55,0.4717,3.1364,47.19,12.16,0.0,20.39,21.925
2024-05-16 04:00:00,4,19,19,1.0,5.0,10.0,2.0,1.0,1.0,0,0,15,0,15,0,22.017,630.0,406.0,937.0,22.017,3.0,6.36,roster,0,60.0,47.5,0.8,55.56,1.5,0.475,0.0,3.1579,40.75,13.02,0.0,21.79,23.425
2024-05-16 05:00:00,5,18,18,1.0,5.0,11.0,1.0,0.0,1.0,2,1,15,0,15,0,23.017,690.0,466.0,997.0,23.017,3.0,6.36,roster,0,60.0,45.0,0.8,54.81,2.0241,0.45,0.1572,3.3333,38.61,13.02,0.0,23.18,24.925
2024-05-16 06:00:00,6,22,22,1.0,5.0,15.0,1.0,0.0,1.0,4,4,15,0,15,0,24.017,750.0,526.0,1057.0,24.017,3.0,6.36,roster,0,72.0,55.0,0.96,64.79,3.8583,0.55,0.6289,3.2727,47.19,13.02,0.0,24.58,26.425
2024-05-16 07:00:00,7,22,22,1.0,5.0,14.0,2.0,0.0,1.0,2,2,15,0,15,0,25.017,810.0,586.0,1117.0,25.017,3.0,6.36,roster,0,71.0,55.0,0.9467,66.18,2.7899,0.55,0.3145,3.2273,47.19,13.02,0.0,25.97,27.925
2024-05-16 08:00:00,8,21,21,1.0,5.0,14.0,1.0,0.0,1.0,5,4,15,0,15,0,26.017,870.0,646.0,1177.0,26.017,3.0,7.88,roster,0,69.0,52.5,0.92,65.43,3.3929,0.525,0.5076,3.2857,45.04,13.02,0.0,27.37,29.425
2024-05-16 09:00:00,9,25,25,1.0,5.0,16.0,3.0,0.0,1.0,6,6,14,0,14,0,27.017,833.5,706.0,1189.0,27.017,3.0,7.88,roster,0,79.0,62.5,1.0128,73.43,4.3811,0.625,0.7614,3.16,53.62,12.16,0.0,27.64,29.725
2024-05-16 10:00:00,10,31,31,1.0,6.0,20.0,4.0,0.0,1.0,10,10,14,0,14,0,28.017,893.5,766.0,1249.0,28.017,4.0,11.13,roster,0,97.0,77.5,0.9327,87.69,5.2363,0.775,0.8985,3.129,66.5,12.16,0.0,29.04,31.225
2024-05-16 11:00:00,11,28,28,1.0,8.0,18.0,1.0,0.0,1.0,8,7,14,1,15,1,23.233,595.0,93.0,1281.0,23.233,4.0,11.13,roster,0,93.0,70.0,0.93,96.27,4.4139,0.7,0.6289,3.3214,60.06,13.02,13.4,29.78,32.025
2024-05-16 12:00:00,12,23,23,1.0,7.0,14.0,1.0,0.0,1.0,2,2,14,2,16,2,24.233,183.0,124.0,915.0,24.233,4.0,11.13,roster,0,77.0,57.5,0.8021,91.3,2.5266,0.575,0.1797,3.3478,49.33,13.89,26.8,21.27,22.875
2024-05-16 13:00:00,13,31,31,1.0,8.0,21.0,1.0,0.0,1.0,8,8,14,2,16,2,25.233,243.0,184.0,975.0,25.233,4.0,11.13,roster,0,102.0,77.5,1.0625,109.86,4.915,0.775,0.7188,3.2903,66.5,13.89,26.8,22.67,24.375
2024-05-16 14:00:00,14,28,28,0.0,7.0,20.0,1.0,0.0,1.0,6,6,11,1,12,1,26.083,268.0,233.0,1006.0,26.083,4.0,11.13,roster,0,90.0,70.0,0.8036,87.27,3.9828,0.7,0.5391,3.2143,60.06,10.42,13.4,23.39,25.15
2024-05-16 15:00:00,15,22,22,0.0,8.0,13.0,1.0,0.0,1.0,4,3,10,1,11,1,27.083,293.0,160.0,333.0,27.083,4.0,11.13,roster,0,73.0,55.0,0.6293,57.88,2.7194,0.55,0.2695,3.3182,47.19,9.55,13.4,7.74,8.325
2024-05-16 16:00:00,16,19,19,0.0,7.0,11.0,1.0,0.0,1.0,5,5,8,1,9,1,19.25,353.0,220.0,383.0,19.25,4.0,11.13,roster,0,63.0,47.5,0.5081,50.87,3.0646,0.475,0.4492,3.3158,40.75,7.81,13.4,8.9,9.575
2024-05-16 17:00:00,17,17,17,0.0,7.0,8.0,2.0,0.0,1.0,5,5,8,1,9,1,20.25,413.0,280.0,443.0,20.25,4.0,11.13,roster,0,56.0,42.5,0.4516,47.98,2.8798,0.425,0.4492,3.2941,36.46,7.81,13.4,10.3,11.075
2024-05-16 18:00:00,18,21,21,0.0,8.0,12.0,1.0,0.0,1.0,7,7,8,2,10,2,21.25,459.5,299.0,503.0,21.25,4.0,11.13,roster,0,70.0,52.5,0.5833,72.22,3.8464,0.525,0.6289,3.3333,45.04,8.68,26.8,11.69,12.575
2024-05-16 19:00:00,19,20,20,0.0,8.0,11.0,1.0,0.0,1.0,5,4,11,2,13,2,22.25,400.0,130.0,544.0,22.25,4.0,11.13,roster,0,67.0,50.0,0.6204,73.64,2.879,0.5,0.3594,3.35,42.9,11.29,26.8,12.65,13.6
2024-05-16 20:00:00,20,24,24,0.0,8.0,13.0,2.0,1.0,1.0,9,8,11,2,13,2,23.25,419.0,141.0,604.0,23.25,4.0,11.13,roster,0,76.0,60.0,0.7037,83.61,4.1761,0.6,0.7188,3.1667,51.48,11.29,26.8,14.04,15.1
2024-05-16 21:00:00,21,25,25,0.0,6.0,15.0,3.0,1.0,1.0,10,9,11,2,13,2,24.25,250.0,182.0,664.0,24.25,4.0,11.13,roster,0,76.0,62.5,0.7037,87.15,4.3582,0.625,0.8086,3.04,53.62,11.29,26.8,15.44,16.6
2024-05-16 22:00:00,22,30,30,1.0,5.0,20.0,4.0,0.0,1.0,11,10,13,1,14,1,25.25,253.5,176.0,724.0,25.25,3.0,7.88,roster,0,93.0,75.0,1.1923,86.74,6.259,0.75,1.269,3.1,64.35,12.16,13.4,16.83,18.1
2024-05-16 23:00:00,23,27,27,1.0,5.0,18.0,2.0,1.0,1.0,8,6,13,0,13,0,26.25,306.0,236.0,784.0,26.25,3.0,7.88,roster,0,84.0,67.5,1.037,67.43,4.4689,0.675,0.7614,3.1111,57.92,11.29,0.0,18.23,19.6
2024-05-17 00:00:00,0,26,26,0.0,5.0,20.0,1.0,0.0,1.0,7,6,13,1,14,1,27.25,364.0,241.0,844.0,27.25,3.0,7.88,roster,0,82.0,65.0,1.0513,80.95,4.4514,0.65,0.7614,3.1538,55.77,12.16,13.4,19.62,21.1
2024-05-17 01:00:00,1,28,28,0.0,5.0,20.0,3.0,0.0,1.0,6,5,15,2,17,2,28.25,405.0,238.0,625.0,28.25,3.0,7.88,roster,0,86.0,70.0,1.2464,96.15,4.0989,0.7,0.6345,3.0714,60.06,14.76,26.8,14.53,15.625
2024-05-17 02:00:00,2,28,28,0.0,5.0,19.0,4.0,0.0,1.0,7,5,15,2,17,2,29.25,465.0,298.0,685.0,29.25,3.0,7.88,roster,0,85.0,70.0,1.2319,97.55,4.0512,0.7,0.6345,3.0357,60.06,14.76,26.8,15.93,17.125
2024-05-17 03:00:00,3,24,24,0.0,5.0,15.0,4.0,0.0,1.0,2,2,14,1,15,1,30.25,542.0,390.0,1024.0,30.25,3.0,7.88,roster,0,73.0,60.0,0.9733,81.71,2.597,0.6,0.2538,3.0417,51.48,13.02,13.4,23.81,25.6
2024-05-17 04:00:00,4,21,21,0.0,5.0,13.0,3.0,0.0,1.0,1,1,14,1,15,1,31.25,602.0,450.0,1084.0,31.25,3.0,7.88,roster,0,65.0,52.5,0.8667,76.67,2.0178,0.525,0.1269,3.0952,45.04,13.02,13.4,25.2,27.1
2024-05-17 05:00:00,5,21,21,0.0,5.0,13.0,3.0,0.0,1.0,0,0,15,1,16,1,32.25,653.5,510.0,1144.0,32.25,3.0,7.88,roster,0,65.0,52.5,0.9028,78.94,1.625,0.525,0.0,3.0952,45.04,13.89,13.4,26.6,28.6
2024-05-17 06:00:00,6,23,23,0.0,5.0,14.0,4.0,0.0,1.0,3,3,15,1,16,1,33.25,713.5,570.0,1204.0,33.25,3.0,7.88,roster,0,70.0,57.5,0.9722,84.62,2.9087,0.575,0.3807,3.0435,49.33,13.89,13.4,27.99,30.1
2024-05-17 07:00:00,7,22,22,0.0,6.0,13.0,3.0,0.0,1.0,2,2,15,1,16,1,34.25,773.5,630.0,1264.0,34.25,3.0,7.88,roster,0,69.0,55.0,0.9583,83.87,2.521,0.55,0.2538,3.1364,47.19,13.89,13.4,29.39,31.6
2024-05-17 08:00:00,8,25,25,0.0,7.0,15.0,3.0,0.0,1.0,5,5,15,2,17,2,35.25,825.0,658.0,1045.0,35.25,3.0,6.96,roster,0,79.0,62.5,1.1449,99.48,4.2451,0.625,0.7184,3.16,53.62,14.76,26.8,24.3,26.125
2024-05-17 09:00:00,9,26,26,0.0,8.0,16.0,2.0,0.0,1.0,6,6,14,2,16,2,36.25,860.5,547.0,1384.0,36.25,3.0,6.96,roster,0,84.0,65.0,1.1667,108.64,4.8851,0.65,0.8621,3.2308,55.77,13.89,26.8,32.18,34.6
2024-05-17 10:00:00,10,24,24,1.0,7.0,15.0,1.0,0.0,1.0,3,3,9,2,11,2,37.25,945.0,584.0,1444.0,37.25,4.0,10.21,roster,0,80.0,60.0,0.6897,101.4,2.9794,0.6,0.2938,3.3333,51.48,9.55,26.8,33.57,36.1
2024-05-17 11:00:00,11,26,26,3.0,5.0,18.0,0.0,0.0,1.0,7,6,7,3,10,3,25.55,937.5,288.0,1225.0,25.55,4.0,10.21,roster,0,89.0,65.0,0.7417,113.13,4.2366,0.65,0.5877,3.4231,55.77,8.68,40.2,28.48,30.625
2024-05-17 12:00:00,12,26,26,2.0,4.0,20.0,0.0,0.0,1.0,6,6,8,3,11,3,26.55,158.0,103.0,1285.0,26.55,4.0,10.21,roster,0,86.0,65.0,0.7414,115.4,4.0938,0.65,0.5877,3.3077,55.77,9.55,40.2,29.88,32.125
2024-05-17 13:00:00,13,30,30,1.0,7.0,21.0,1.0,0.0,1.0,9,9,9,2,11,2,27.55,174.0,133.0,990.0,27.55,4.0,10.21,roster,0,98.0,75.0,0.8448,103.72,5.3295,0.75,0.8815,3.2667,64.35,9.55,26.8,23.02,24.75
2024-05-17 14:00:00,14,29,29,1.0,7.0,20.0,1.0,0.0,1.0,6,6,8,3,11,3,22.717,161.0,106.0,234.0,17.5,4.0,10.21,roster,0,95.0,72.5,0.819,97.4,4.3001,0.725,0.5877,3.2759,62.2,9.55,40.2,5.44,5.85
2024-05-17 15:00:00,15,31,31,0.0,7.0,21.0,3.0,0.0,1.0,7,7,8,2,10,2,23.717,168.0,136.0,221.0,18.5,4.0,10.21,roster,0,97.0,77.5,0.8083,87.12,4.5703,0.775,0.6856,3.129,66.5,8.68,26.8,5.14,5.525
2024-05-17 16:00:00,16,26,26,0.0,5.0,20.0,1.0,0.0,1.0,8,8,7,1,8,1,24.717,209.5,164.0,967.0,19.5,4.0,10.21,roster,0,82.0,65.0,0.6406,78.6,4.5212,0.65,0.7835,3.1538,55.77,6.95,13.4,22.48,24.175
2024-05-17 17:00:00,17,21,21,0.0,4.0,17.0,0.0,0.0,1.0,2,2,7,1,8,1,20.5,269.5,215.0,1027.0,20.5,4.0,10.21,roster,0,67.0,52.5,0.5234,69.27,2.3,0.525,0.1959,3.1905,45.04,6.95,13.4,23.88,25.675
2024-05-17 18:00:00,18,18,18,0.0,3.0,15.0,0.0,0.0,1.0,4,3,6,1,7,1,21.5,343.0,179.0,1087.0,21.5,4.0,10.21,roster,0,57.0,45.0,0.4318,63.36,2.3555,0.45,0.2938,3.1667,38.61,6.08,13.4,25.27,27.175
2024-05-17 19:00:00,19,25,25,0.0,3.0,21.0,1.0,0.0,1.0,10,9,7,1,8,1,22.5,389.5,239.0,1147.0,22.5,4.0,10.21,roster,0,77.0,62.5,0.6016,80.64,4.64,0.625,0.8815,3.08,53.62,6.95,13.4,26.67,28.675
2024-05-17 20:00:00,20,21,21,0.0,4.0,17.0,0.0,0.0,1.0,9,6,6,0,6,0,8.467,367.5,285.0,463.0,8.467,4.0,9.93,roster,0,67.0,52.5,0.4926,41.02,3.6028,0.525,0.6042,3.1905,45.04,5.21,0.0,10.76,11.575
2024-05-17 21:00:00,21,30,30,0.0,5.0,25.0,0.0,0.0,1.0,14,14,6,1,7,1,8.717,345.0,78.0,496.0,8.717,4.0,9.93,roster,0,95.0,75.0,0.7197,75.36,6.8396,0.75,1.4099,3.1667,64.35,6.08,13.4,11.53,12.4
2024-05-17 22:00:00,22,25,25,0.0,4.0,20.0,1.0,0.0,1.0,5,5,6,1,7,1,9.717,204.0,123.0,419.0,9.717,3.0,6.68,roster,0,78.0,62.5,0.7879,62.84,4.2853,0.625,0.7485,3.12,53.62,6.08,13.4,9.74,10.475
2024-05-17 23:00:00,23,19,19,0.0,2.0,17.0,0.0,0.0,1.0,8,5,5,2,7,2,10.717,264.0,183.0,479.0,10.717,3.0,6.68,roster,0,59.0,47.5,0.596,64.77,3.7993,0.475,0.7485,3.1053,40.75,6.08,26.8,11.14,11.975
2024-05-18 00:00:00,0,16,16,1.0,2.0,13.0,0.0,0.0,1.0,8,3,6,2,8,2,11.717,291.0,243.0,539.0,11.717,3.0,6.68,roster,0,52.0,40.0,0.5417,60.6,2.7596,0.4,0.4491,3.25,34.32,6.95,26.8,12.53,13.475
2024-05-18 01:00:00,1,15,15,1.0,1.0,12.0,1.0,0.0,1.0,6,3,8,2,10,2,12.717,310.5,150.0,585.0,12.717,3.0,6.68,roster,0,47.0,37.5,0.5222,61.26,2.5822,0.375,0.4491,3.1333,32.17,8.68,26.8,13.6,14.625
2024-05-18 02:00:00,2,17,17,1.0,3.0,13.0,0.0,0.0,1.0,5,5,8,2,10,2,13.717,370.5,210.0,645.0,13.717,3.0,6.68,roster,0,56.0,42.5,0.6222,66.94,3.8657,0.425,0.7485,3.2941,36.46,8.68,26.8,15.0,16.125
2024-05-18 03:00:00,3,14,14,2.0,2.0,10.0,0.0,0.0,1.0,2,2,10,1,11,1,14.717,423.0,184.0,705.0,14.717,3.0,6.68,roster,0,48.0,35.0,0.5517,49.37,2.2265,0.35,0.2994,3.4286,30.03,9.55,13.4,16.39,17.625
2024-05-18 04:00:00,4,16,16,2.0,2.0,11.0,1.0,0.0,1.0,2,3,10,2,12,2,15.717,406.5,244.0,765.0,15.717,3.0,6.68,roster,0,53.0,40.0,0.631,69.33,2.8126,0.4,0.4491,3.3125,34.32,10.42,26.8,17.79,19.125
2024-05-18 05:00:00,5,20,20,2.0,3.0,15.0,0.0,0.0,1.0,5,5,10,2,12,2,16.717,466.5,304.0,825.0,16.717,3.0,6.68,roster,0,67.0,50.0,0.7976,79.3,4.1825,0.5,0.7485,3.35,42.9,10.42,26.8,19.18,20.625
2024-05-18 06:00:00,6,22,22,2.0,3.0,16.0,1.0,0.0,1.0,6,6,12,3,15,3,17.717,384.0,186.0,684.0,17.717,3.0,6.68,roster,0,72.0,55.0,0.96,96.32,4.7396,0.55,0.8982,3.2727,47.19,13.02,40.2,15.9,17.1
2024-05-18 07:00:00,7,24,24,1.0,3.0,18.0,2.0,0.0,1.0,4,4,12,3,15,3,18.717,444.0,177.0,744.0,18.717,3.0,6.68,roster,0,75.0,60.0,1.0,102.0,3.7463,0.6,0.5988,3.125,51.48,13.02,40.2,17.3,18.6
2024-05-18 08:00:00,8,21,21,1.0,2.0,15.0,3.0,0.0,1.0,5,5,12,2,14,2,19.717,537.0,378.0,804.0,19.717,3.0,7.78,roster,0,64.0,52.5,0.8205,82.69,3.5586,0.525,0.6427,3.0476,45.04,12.16,26.8,18.69,20.1
2024-05-18 09:00:00,9,25,25,1.0,3.0,19.0,2.0,0.0,1.0,6,6,12,2,14,2,20.717,597.0,288.0,864.0,20.717,3.0,7.78,roster,0,78.0,62.5,1.0,92.67,4.3562,0.625,0.7712,3.12,53.62,12.16,26.8,20.09,21.6
2024-05-18 10:00:00,10,26,26,1.0,2.0,21.0,2.0,0.0,1.0,5,5,12,2,14,2,21.717,657.0,312.0,924.0,21.717,4.0,11.48,roster,0,80.0,65.0,0.7692,96.21,3.3401,0.65,0.4355,3.0769,55.77,12.16,26.8,21.48,23.1
2024-05-18 11:00:00,11,30,30,2.0,4.0,23.0,1.0,0.0,1.0,14,14,9,2,11,2,22.717,580.0,226.0,1185.0,22.717,4.0,11.48,roster,0,97.0,75.0,0.8362,108.25,6.3681,0.75,1.2195,3.2333,64.35,9.55,26.8,27.55,29.625
2024-05-18 12:00:00,12,26,26,1.0,5.0,19.0,1.0,0.0,1.0,9,9,8,1,9,1,20.75,162.0,96.0,286.0,20.75,4.0,11.48,roster,0,84.0,65.0,0.6774,63.63,4.6328,0.65,0.784,3.2308,55.77,7.81,13.4,6.65,7.15
2024-05-18 13:00:00,13,24,24,1.0,5.0,17.0,1.0,0.0,1.0,5,5,8,0,8,0,21.75,115.0,97.0,156.0,21.75,4.0,11.48,roster,0,78.0,60.0,0.6094,42.05,3.3655,0.6,0.4355,3.25,51.48,6.95,0.0,3.63,3.9
2024-05-18 14:00:00,14,29,29,1.0,6.0,21.0,1.0,0.0,1.0,9,9,7,0,7,0,22.75,159.0,132.0,216.0,22.75,4.0,11.48,roster,0,94.0,72.5,0.7121,53.31,4.8912,0.725,0.784,3.2414,62.2,6.08,0.0,5.02,5.4
2024-05-18 15:00:00,15,26,26,1.0,4.0,20.0,1.0,0.0,1.0,10,11,4,0,4,0,7.033,235.0,219.0,276.0,4.6,4.0,11.48,roster,0,83.0,65.0,0.5764,45.66,5.1338,0.65,0.9582,3.1923,55.77,3.47,0.0,6.42,6.9
2024-05-18 16:00:00,16,27,27,2.0,3.0,21.0,1.0,0.0,1.0,12,12,4,1,5,1,8.033,124.0,107.0,279.0,5.183,4.0,11.48,roster,0,87.0,67.5,0.6214,62.14,5.5432,0.675,1.0453,3.2222,57.92,4.34,13.4,6.49,6.975
2024-05-18 17:00:00,17,17,17,2.0,2.0,12.0,1.0,0.0,1.0,2,0,3,1,4,1,9.033,175.5,167.0,371.0,6.183,4.0,11.48,roster,0,56.0,42.5,0.3889,41.96,1.4,0.425,0.0,3.2941,36.46,3.47,13.4,8.63,9.275
2024-05-18 18:00:00,18,18,18,1.0,2.0,10.0,5.0,0.0,1.0,8,8,2,1,3,1,10.033,227.0,181.0,244.0,4.067,4.0,11.48,roster,0,53.0,45.0,0.3581,40.29,3.3769,0.45,0.6969,2.9444,38.61,2.6,13.4,5.67,6.1
2024-05-18 19:00:00,19,20,20,1.0,1.0,14.0,4.0,0.0,1.0,7,7,3,1,4,1,11.033,200.5,114.0,304.0,5.067,4.0,11.48,roster,0,59.0,50.0,0.4097,46.84,3.2738,0.5,0.6098,2.95,42.9,3.47,13.4,7.07,7.6
2024-05-18 20:00:00,20,22,22,1.0,2.0,17.0,2.0,0.0,1.0,11,10,3,1,4,1,12.033,245.5,144.0,364.0,6.067,4.0,11.44,roster,0,68.0,55.0,0.4722,52.53,4.4018,0.55,0.8741,3.0909,47.19,3.47,13.4,8.46,9.1
2024-05-18 21:00:00,21,24,24,0.0,2.0,17.0,5.0,0.0,1.0,11,9,6,1,7,1,13.033,109.0,91.0,204.0,6.783,4.0,11.44,roster,0,69.0,60.0,0.5227,55.7,3.9868,0.6,0.7867,2.875,51.48,6.08,13.4,4.74,5.1
2024-05-18 22:00:00,22,23,23,0.0,2.0,17.0,4.0,0.0,1.0,8,6,6,0,6,0,14.033,153.5,134.0,169.0,3.45,3.0,7.74,roster,0,67.0,57.5,0.6569,38.47,3.9332,0.575,0.7752,2.913,49.33,5.21,0.0,3.93,4.225
2024-05-18 23:00:00,23,22,22,0.0,1.0,15.0,6.0,0.0,1.0,8,8,6,0,6,0,7.133,205.0,145.0,229.0,4.45,3.0,7.74,roster,0,61.0,55.0,0.598,37.72,4.3909,0.55,1.0336,2.7727,47.19,5.21,0.0,5.32,5.725
2024-05-19 00:00:00,0,20,20,0.0,2.0,14.0,4.0,0.0,1.0,10,7,6,1,7,1,8.133,254.0,127.0,289.0,5.45,3.0,7.74,roster,0,58.0,50.0,0.5859,49.1,4.0727,0.5,0.9044,2.9,42.9,6.08,13.4,6.72,7.225
2024-05-19 01:00:00,1,21,21,0.0,4.0,17.0,0.0,0.0,1.0,5,5,7,2,9,2,9.133,265.0,155.0,336.0,6.45,3.0,7.74,roster,0,67.0,52.5,0.7204,67.47,3.736,0.525,0.646,3.1905,45.04,7.81,26.8,7.81,8.4
2024-05-19 02:00:00,2,21,21,0.0,3.0,17.0,1.0,0.0,1.0,6,5,9,1,10,1,10.133,286.0,129.0,396.0,7.45,3.0,7.74,roster,0,65.0,52.5,0.7222,56.34,3.6245,0.525,0.646,3.0952,45.04,8.68,13.4,9.21,9.9
2024-05-19 03:00:00,3,18,18,0.0,3.0,15.0,0.0,0.0,1.0,2,1,10,1,11,1,11.133,307.0,145.0,456.0,8.45,3.0,7.74,roster,0,57.0,45.0,0.6552,52.16,1.8341,0.45,0.1292,3.1667,38.61,9.55,13.4,10.6,11.4
2024-05-19 04:00:00,4,20,20,0.0,4.0,16.0,0.0,0.0,1.0,5,5,10,1,11,1,12.133,367.0,205.0,516.0,9.45,3.0,7.74,roster,0,64.0,50.0,0.7356,57.85,3.6672,0.5,0.646,3.2,42.9,9.55,13.4,12.0,12.9
2024-05-19 05:00:00,5,18,18,0.0,3.0,15.0,0.0,0.0,1.0,1,1,11,0,11,0,13.133,427.0,255.0,576.0,10.45,3.0,7.74,roster,0,57.0,45.0,0.6552,41.55,1.8341,0.45,0.1292,3.1667,38.61,9.55,0.0,13.39,14.4
2024-05-19 06:00:00,6,17,17,0.0,3.0,14.0,0.0,0.0,1.0,1,1,11,0,11,0,14.133,487.0,315.0,636.0,11.45,3.0,7.74,roster,0,54.0,42.5,0.6207,40.8,1.7604,0.425,0.1292,3.1765,36.46,9.55,0.0,14.79,15.9
2024-05-19 07:00:00,7,16,16,0.0,2.0,14.0,0.0,0.0,1.0,2,2,11,0,11,0,15.133,547.0,375.0,696.0,12.45,3.0,7.74,roster,0,50.0,40.0,0.5747,40.05,2.0575,0.4,0.2584,3.125,34.32,9.55,0.0,16.18,17.4
2024-05-19 08:00:00,8,20,20,1.0,3.0,14.0,2.0,0.0,1.0,6,6,11,0,11,0,13.45,607.0,435.0,756.0,13.45,3.0,7.78,roster,0,63.0,50.0,0.7241,50.03,4.0043,0.5,0.7712,3.15,42.9,9.55,0.0,17.58,18.9
2024-05-19 09:00:00,9,24,24,1.0,4.0,14.0,5.0,0.0,1.0,6,6,12,2,14,2,14.45,539.5,356.0,794.0,14.45,3.0,7.78,roster,0,73.0,60.0,0.9359,88.9,4.1708,0.6,0.7712,3.0417,51.48,12.16,26.8,18.46,19.85
2024-05-19 10:00:00,10,29,29,1.0,3.0,17.0,7.0,1.0,1.0,12,12,12,2,14,2,15.45,599.5,162.0,854.0,15.45,4.0,11.1,roster,0,83.0,72.5,0.7981,101.02,5.1691,0.725,1.0811,2.8621,62.2,12.16,26.8,19.86,21.35
2024-05-19 11:00:00,11,30,30,0.0,3.0,21.0,6.0,0.0,1.0,16,14,10,0,10,0,16.45,745.0,186.0,936.0,16.45,4.0,11.1,roster,0,87.0,75.0,0.725,74.8,5.8327,0.75,1.2613,2.9,64.35,8.68,0.0,21.76,23.4
2024-05-19 12:00:00,12,25,25,0.0,2.0,16.0,6.0,1.0,1.0,16,14,5,0,5,0,4.1,110.0,104.0,148.0,4.1,4.0,11.1,roster,0,69.0,62.5,0.4929,41.41,5.2061,0.625,1.2613,2.76,53.62,4.34,0.0,3.44,3.7
2024-05-19 13:00:00,13,23,23,0.0,3.0,12.0,8.0,0.0,1.0,9,8,6,0,6,0,5.1,167.0,131.0,208.0,5.1,4.0,11.1,roster,0,64.0,57.5,0.4706,39.38,3.6055,0.575,0.7207,2.7826,49.33,5.21,0.0,4.84,5.2
2024-05-19 14:00:00,14,29,29,0.0,4.0,14.0,11.0,0.0,1.0,10,9,8,0,8,0,6.1,207.5,167.0,268.0,6.1,4.0,11.1,roster,0,80.0,72.5,0.625,55.38,4.2367,0.725,0.8108,2.7586,62.2,6.95,0.0,6.23,6.7
2024-05-19 15:00:00,15,29,29,0.0,4.0,17.0,8.0,0.0,1.0,11,9,5,0,5,0,7.1,290.0,251.0,328.0,7.1,4.0,11.1,roster,0,83.0,72.5,0.5929,54.17,4.3956,0.725,0.8108,2.8621,62.2,4.34,0.0,7.63,8.2
2024-05-19 16:00:00,16,20,20,0.0,2.0,14.0,4.0,0.0,1.0,6,6,3,0,3,0,8.1,174.0,99.0,486.0,8.1,4.0,11.1,roster,0,58.0,50.0,0.3919,36.8,3.0176,0.5,0.5405,2.9,42.9,2.6,0.0,11.3,12.15
2024-05-19 17:00:00,17,21,21,0.0,1.0,18.0,2.0,0.0,1.0,10,9,6,0,6,0,9.1,114.5,65.0,234.0,9.1,4.0,11.1,roster,0,62.0,52.5,0.4559,35.7,3.9438,0.525,0.8108,2.9524,45.04,5.21,0.0,5.44,5.85
2024-05-19 18:00:00,18,21,21,0.0,1.0,17.0,2.0,1.0,1.0,11,9,5,0,5,0,8.067,130.0,125.0,219.0,4.9,4.0,11.1,roster,0,60.0,52.5,0.4286,34.48,3.8166,0.525,0.8108,2.8571,45.04,4.34,0.0,5.09,5.475
2024-05-19 19:00:00,19,17,17,0.0,2.0,13.0,2.0,0.0,1.0,8,8,3,0,3,0,5.9,279.0,182.0,354.0,5.9,4.0,11.1,roster,0,51.0,42.5,0.3446,27.3,3.4372,0.425,0.7207,3.0,36.46,2.6,0.0,8.23,8.85
2024-05-19 20:00:00,20,25,25,1.0,4.0,20.0,0.0,0.0,1.0,18,16,4,0,4,0,6.9,290.5,242.0,414.0,6.9,4.0,11.71,roster,0,81.0,62.5,0.5625,46.72,6.452,0.625,1.3664,3.24,53.62,3.47,0.0,9.63,10.35
2024-05-19 21:00:00,21,30,30,1.0,2.0,26.0,1.0,0.0,1.0,13,10,9,0,9,0,7.9,110.0,95.0,302.0,7.9,4.0,11.71,roster,0,93.0,75.0,0.75,59.19,4.9723,0.75,0.854,3.1,64.35,7.81,0.0,7.02,7.55
2024-05-19 22:00:00,22,18,18,1.0,2.0,14.0,1.0,0.0,1.0,6,6,7,0,7,0,8.9,164.0,145.0,459.0,8.9,3.0,8.39,roster,0,57.0,45.0,0.5758,35.36,3.6896,0.45,0.7151,3.1667,38.61,6.08,0.0,10.67,11.475
2024-05-19 23:00:00,23,19,19,1.0,2.0,14.0,2.0,0.0,1.0,8,7,8,0,8,0,9.9,214.5,195.0,519.0,9.9,3.0,8.39,roster,0,59.0,47.5,0.6146,39.77,4.0658,0.475,0.8343,3.1053,40.75,6.95,0.0,12.07,12.975
2024-05-20 00:00:00,0,20,20,1.0,2.0,16.0,1.0,0.0,1.0,8,7,8,1,9,1,10.9,265.0,159.0,290.0,10.9,3.0,8.39,roster,0,63.0,50.0,0.6774,50.86,4.2031,0.5,0.8343,3.15,42.9,7.81,13.4,6.74,7.25
2024-05-20 01:00:00,1,19,19,1.0,2.0,15.0,1.0,0.0,1.0,6,3,10,1,11,1,11.9,315.0,160.0,350.0,11.9,3.0,8.39,roster,0,60.0,47.5,0.6897,51.84,2.6292,0.475,0.3576,3.1579,40.75,9.55,13.4,8.14,8.75
2024-05-20 02:00:00,2,15,15,1.0,2.0,11.0,1.0,0.0,1.0,1,1,10,0,10,0,12.9,380.0,276.0,410.0,12.9,3.0,8.39,roster,0,48.0,37.5,0.5333,30.39,1.5814,0.375,0.1192,3.2,32.17,8.68,0.0,9.53,10.25
2024-05-20 03:00:00,3,15,15,1.0,2.0,11.0,1.0,0.0,1.0,1,1,10,0,10,0,13.9,440.0,336.0,470.0,13.9,3.0,8.39,roster,0,48.0,37.5,0.5333,31.79,1.5814,0.375,0.1192,3.2,32.17,8.68,0.0,10.93,11.75
2024-05-20 04:00:00,4,18,18,1.0,2.0,14.0,1.0,0.0,1.0,3,3,10,0,10,0,14.9,500.0,396.0,530.0,14.9,3.0,8.39,roster,0,57.0,45.0,0.6333,39.62,2.5573,0.45,0.3576,3.1667,38.61,8.68,0.0,12.32,13.25
2024-05-20 05:00:00,5,20,20,1.0,2.0,16.0,1.0,0.0,1.0,5,5,10,0,10,0,15.9,560.0,456.0,590.0,15.9,3.0,8.39,roster,0,63.0,50.0,0.7,45.3,3.4522,0.5,0.5959,3.15,42.9,8.68,0.0,13.72,14.75
2024-05-20 06:00:00,6,19,19,1.0,2.0,15.0,1.0,0.0,1.0,2,2,11,0,11,0,16.9,615.0,393.0,650.0,16.9,3.0,8.39,roster,0,60.0,47.5,0.6897,45.42,2.2528,0.475,0.2384,3.1579,40.75,9.55,0.0,15.11,16.25
2024-05-20 07:00:00,7,18,18,1.0,2.0,14.0,1.0,0.0,1.0,4,2,11,0,11,0,17.9,675.0,453.0,710.0,17.9,3.0,8.39,roster,0,57.0,45.0,0.6552,44.67,2.1799,0.45,0.2384,3.1667,38.61,9.55,0.0,16.51,17.75
2024-05-20 08:00:00,8,26,26,1.0,2.0,22.0,1.0,0.0,1.0,10,9,12,0,12,0,18.9,687.0,513.0,770.0,18.9,3.0,6.6,roster,0,81.0,65.0,0.9643,64.09,6.2733,0.65,1.3636,3.1154,55.77,10.42,0.0,17.9,19.25
2024-05-20 09:00:00,9,31,31,1.0,3.0,24.0,3.0,0.0,1.0,7,8,13,0,13,0,19.9,699.0,541.0,824.0,19.9,3.0,6.6,roster,0,95.0,77.5,1.1728,76.94,6.0896,0.775,1.2121,3.0645,66.5,11.29,0.0,19.16,20.6
2024-05-20 10:00:00,10,28,28,2.0,3.0,21.0,2.0,0.0,1.0,8,7,12,0,12,0,20.9,807.0,345.0,890.0,20.9,4.0,9.92,roster,0,89.0,70.0,0.7946,71.17,4.4679,0.7,0.7056,3.1786,60.06,10.42,0.0,20.69,22.25
2024-05-20 11:00:00,11,30,30,2.0,3.0,24.0,1.0,0.0,1.0,10,11,11,0,11,0,21.9,819.0,160.0,944.0,21.9,4.0,9.92,roster,0,96.0,75.0,0.8276,75.85,5.9484,0.75,1.1089,3.2,64.35,9.55,0.0,21.95,23.6
2024-05-20 12:00:00,12,33,33,2.0,5.0,23.0,3.0,0.0,1.0,12,12,12,0,12,0,22.9,260.5,124.0,985.0,22.9,4.0,9.92,roster,0,105.0,82.5,0.9375,84.11,6.474,0.825,1.2097,3.1818,70.78,10.42,0.0,22.9,24.625
2024-05-20 13:00:00,13,35,35,0.0,7.0,24.0,4.0,0.0,1.0,13,13,10,0,10,0,17.733,134.5,109.0,280.0,17.733,4.0,9.92,roster,0,108.0,87.5,0.9,70.27,6.7438,0.875,1.3105,3.0857,75.08,8.68,0.0,6.51,7.0
2024-05-20 14:00:00,14,37,37,0.0,8.0,25.0,3.0,1.0,1.0,8,7,11,1,12,1,18.733,161.0,114.0,222.0,18.733,4.0,9.92,roster,0,114.0,92.5,1.0179,88.35,5.0241,0.925,0.7056,3.0811,79.36,10.42,13.4,5.16,5.55
2024-05-20 15:00:00,15,33,33,1.0,7.0,23.0,2.0,0.0,1.0,8,8,9,1,10,1,15.65,169.0,140.0,229.0,4.7,4.0,9.92,roster,0,106.0,82.5,0.8833,78.19,5.2404,0.825,0.8065,3.2121,70.78,8.68,13.4,5.32,5.725
2024-05-20 16:00:00,16,34,34,1.0,3.0,28.0,2.0,0.0,1.0,9,9,10,1,11,1,16.65,214.0,119.0,289.0,5.7,4.0,9.92,roster,0,105.0,85.0,0.9052,82.6,5.4268,0.85,0.9073,3.0882,72.93,9.55,13.4,6.72,7.225
2024-05-20 17:00:00,17,26,26,1.0,1.0,22.0,2.0,0.0,1.0,2,2,10,2,12,2,7.883,218.5,128.0,349.0,6.7,4.0,9.92,roster,0,79.0,65.0,0.7054,81.1,2.5876,0.65,0.2016,3.0385,55.77,10.42,26.8,8.11,8.725
2024-05-20 18:00:00,18,30,30,0.0,2.0,26.0,2.0,0.0,1.0,12,10,10,1,11,1,8.883,295.0,178.0,409.0,7.7,4.0,9.92,roster,0,90.0,75.0,0.7759,76.81,5.2742,0.75,1.0081,3.0,64.35,9.55,13.4,9.51,10.225
2024-05-20 19:00:00,19,26,26,0.0,2.0,20.0,3.0,1.0,1.0,6,5,9,2,11,2,9.883,248.0,93.0,404.0,7.817,4.0,9.92,roster,0,75.0,65.0,0.6466,81.51,3.3289,0.65,0.504,2.8846,55.77,9.55,26.8,9.39,10.1
2024-05-20 20:00:00,20,29,29,0.0,2.0,25.0,1.0,1.0,1.0,11,9,9,2,11,2,10.883,284.0,123.0,415.0,8.817,4.0,10.6,roster,0,86.0,72.5,0.7414,88.21,4.6679,0.725,0.8491,2.9655,62.2,9.55,26.8,9.65,10.375
2024-05-20 21:00:00,21,26,26,1.0,1.0,22.0,2.0,0.0,1.0,8,6,11,2,13,2,11.883,211.0,160.0,358.0,9.817,4.0,10.6,roster,0,79.0,65.0,0.7315,82.18,3.6949,0.65,0.566,3.0385,55.77,11.29,26.8,8.32,8.95
2024-05-20 22:00:00,22,26,26,1.0,0.0,24.0,1.0,0.0,1.0,8,6,13,1,14,1,12.883,251.0,136.0,418.0,10.817,3.0,7.28,roster,0,79.0,65.0,1.0128,71.04,4.4792,0.65,0.8242,3.0385,55.77,12.16,13.4,9.72,10.45
2024-05-20 23:00:00,23,22,22,1.0,0.0,18.0,3.0,0.0,1.0,6,5,13,2,15,2,13.883,280.0,153.0,464.0,10.733,3.0,7.28,roster,0,65.0,55.0,0.8667,77.8,3.6542,0.55,0.6868,2.9545,47.19,13.02,26.8,10.79,11.6
2024-05-21 00:00:00,0,27,27,1.0,0.0,23.0,2.0,1.0,1.0,9,9,13,2,15,2,14.883,340.0,213.0,524.0,11.733,3.0,7.28,roster,0,79.0,67.5,1.0533,89.92,5.5922,0.675,1.2363,2.9259,57.92,13.02,26.8,12.18,13.1
2024-05-21 01:00:00,1,23,23,1.0,1.0,20.0,1.0,0.0,1.0,4,2,14,2,16,2,15.883,372.5,273.0,584.0,12.733,3.0,7.28,roster,0,71.0,57.5,0.9861,83.61,2.6231,0.575,0.2747,3.087,49.33,13.89,26.8,13.58,14.6
2024-05-21 02:00:00,2,25,25,1.0,1.0,22.0,1.0,0.0,1.0,5,5,14,2,16,2,16.883,432.5,333.0,644.0,13.733,3.0,7.28,roster,0,77.0,62.5,1.0694,89.29,4.0404,0.625,0.6868,3.08,53.62,13.89,26.8,14.97,16.1
2024-05-21 03:00:00,3,26,26,1.0,0.0,24.0,1.0,0.0,1.0,2,2,14,2,16,2,17.883,492.5,393.0,704.0,14.733,3.0,7.28,roster,0,79.0,65.0,1.0972,92.83,2.8097,0.65,0.2747,3.0385,55.77,13.89,26.8,16.37,17.6
2024-05-21 04:00:00,4,23,23,1.0,0.0,21.0,1.0,0.0,1.0,2,1,15,2,17,2,18.883,525.0,421.0,633.0,15.733,3.0,7.28,roster,0,70.0,57.5,1.0145,85.61,2.1681,0.575,0.1374,3.0435,49.33,14.76,26.8,14.72,15.825
2024-05-21 05:00:00,5,22,22,1.0,0.0,18.0,3.0,0.0,1.0,3,3,16,1,17,1,19.883,556.0,472.0,691.0,16.733,3.0,7.28,roster,0,65.0,55.0,0.942,71.42,2.8425,0.55,0.4121,2.9545,47.19,14.76,13.4,16.07,17.275
2024-05-21 06:00:00,6,21,21,1.0,0.0,18.0,2.0,0.0,1.0,4,3,16,0,16,0,20.883,630.5,541.0,753.0,17.733,3.0,7.28,roster,0,63.0,52.5,0.875,56.45,2.8113,0.525,0.4121,3.0,45.04,13.89,0.0,17.51,18.825
2024-05-21 07:00:00,7,22,22,1.0,1.0,18.0,2.0,0.0,1.0,4,4,16,0,16,0,21.883,690.5,601.0,813.0,18.733,3.0,7.28,roster,0,67.0,55.0,0.9306,59.99,3.3483,0.55,0.5495,3.0455,47.19,13.89,0.0,18.9,20.325
2024-05-21 08:00:00,8,26,26,1.0,4.0,20.0,1.0,0.0,1.0,6,6,17,0,17,0,22.883,736.0,603.0,871.0,19.733,3.0,6.35,roster,0,83.0,65.0,1.2029,70.78,5.0914,0.65,0.9449,3.1923,55.77,14.76,0.0,20.25,21.775
2024-05-21 09:00:00,9,29,29,1.0,4.0,21.0,3.0,0.0,1.0,5,5,16,0,16,0,23.883,770.5,594.0,931.0,20.733,3.0,6.35,roster,0,90.0,72.5,1.25,77.74,4.6937,0.725,0.7874,3.1034,62.2,13.89,0.0,21.65,23.275
2024-05-21 10:00:00,10,33,33,0.0,6.0,25.0,2.0,0.0,1.0,8,8,15,0,15,0,24.883,781.0,371.0,951.0,20.917,4.0,9.6,roster,0,103.0,82.5,1.03,85.92,5.176,0.825,0.8333,3.1212,70.78,13.02,0.0,22.11,23.775
2024-05-21 11:00:00,11,33,33,0.0,7.0,25.0,1.0,0.0,1.0,5,4,13,1,14,1,25.883,845.5,262.0,1011.0,21.917,4.0,9.6,roster,0,105.0,82.5,1.0096,99.85,3.9508,0.825,0.4167,3.1818,70.78,12.16,13.4,23.51,25.275
2024-05-21 12:00:00,12,31,31,0.0,6.0,25.0,0.0,0.0,1.0,5,5,14,1,15,1,26.883,774.0,135.0,1071.0,22.917,4.0,9.6,roster,0,99.0,77.5,0.99,97.82,4.1383,0.775,0.5208,3.1935,66.5,13.02,13.4,24.9,26.775
2024-05-21 13:00:00,13,31,31,0.0,4.0,27.0,0.0,0.0,1.0,7,7,11,1,12,1,27.883,223.5,138.0,1028.0,23.917,4.0,9.6,roster,0,97.0,77.5,0.8661,94.22,4.7066,0.775,0.7292,3.129,66.5,10.42,13.4,23.9,25.7
2024-05-21 14:00:00,14,30,30,0.0,5.0,25.0,0.0,0.0,1.0,7,7,11,1,12,1,24.917,226.5,172.0,667.0,24.917,4.0,9.6,roster,0,95.0,75.0,0.8482,83.68,4.684,0.75,0.7292,3.1667,64.35,10.42,13.4,15.51,16.675
2024-05-21 15:00:00,15,25,25,0.0,3.0,21.0,1.0,0.0,1.0,6,6,8,1,9,1,25.917,256.0,131.0,372.0,25.917,4.0,9.6,roster,0,77.0,62.5,0.621,63.49,3.85,0.625,0.625,3.08,53.62,7.81,13.4,8.65,9.3
2024-05-21 16:00:00,16,25,25,0.0,2.0,22.0,1.0,0.0,1.0,8,8,6,0,6,0,7.2,304.0,191.0,318.0,7.2,4.0,9.6,roster,0,76.0,62.5,0.5588,46.23,4.4333,0.625,0.8333,3.04,53.62,5.21,0.0,7.39,7.95
2024-05-21 17:00:00,17,33,33,0.0,3.0,30.0,0.0,0.0,1.0,15,14,9,0,9,0,8.2,251.0,100.0,376.0,8.2,4.0,9.6,roster,0,102.0,82.5,0.8226,67.34,7.0576,0.825,1.4583,3.0909,70.78,7.81,0.0,8.74,9.4
2024-05-21 18:00:00,18,30,30,0.0,3.0,26.0,1.0,0.0,1.0,4,5,16,0,16,0,9.2,139.0,105.0,412.0,9.2,4.0,9.6,roster,0,92.0,75.0,0.9583,67.82,3.8972,0.75,0.5208,3.0667,64.35,13.89,0.0,9.58,10.3
2024-05-21 19:00:00,19,29,29,0.0,4.0,24.0,1.0,0.0,1.0,3,3,17,0,17,0,10.2,195.0,157.0,371.0,10.2,4.0,9.6,roster,0,90.0,72.5,0.9783,65.59,3.2198,0.725,0.3125,3.1034,62.2,14.76,0.0,8.63,9.275
2024-05-21 20:00:00,20,36,36,0.0,5.0,30.0,1.0,0.0,1.0,12,12,18,0,18,0,11.2,232.0,197.0,367.0,11.2,4.0,9.88,roster,0,112.0,90.0,1.2727,81.38,6.5787,0.9,1.2146,3.1111,77.22,15.63,0.0,8.53,9.175
2024-05-21 21:00:00,21,37,37,0.0,6.0,26.0,5.0,0.0,1.0,9,8,22,0,22,0,12.2,281.0,168.0,340.0,12.2,4.0,9.88,roster,0,112.0,92.5,1.5556,86.37,5.251,0.925,0.8097,3.027,79.36,19.1,0.0,7.9,8.5
2024-05-21 22:00:00,22,37,37,0.0,7.0,27.0,3.0,0.0,1.0,7,5,21,0,21,0,13.2,337.0,228.0,400.0,13.2,3.0,6.63,roster,0,115.0,92.5,2.0175,86.9,5.219,0.925,0.7541,3.1081,79.36,18.23,0.0,9.3,10.0
2024-05-21 23:00:00,23,31,31,0.0,6.0,24.0,1.0,0.0,1.0,4,2,23,0,23,0,14.2,379.0,218.0,460.0,14.2,3.0,6.63,roster,0,98.0,77.5,1.9216,77.16,3.4036,0.775,0.3017,3.1613,66.5,19.97,0.0,10.7,11.5
2024-05-22 00:00:00,0,30,30,1.0,5.0,24.0,0.0,0.0,1.0,7,6,22,0,22,0,15.2,438.0,278.0,520.0,15.2,3.0,6.63,roster,0,97.0,75.0,1.7963,75.54,5.3511,0.75,0.905,3.2333,64.35,19.1,0.0,12.09,13.0
2024-05-22 01:00:00,1,32,32,1.0,6.0,25.0,0.0,0.0,1.0,6,5,22,1,23,1,16.2,497.0,327.0,580.0,16.2,3.0,6.63,roster,0,104.0,80.0,2.0392,95.5,5.051,0.8,0.7541,3.25,68.64,19.97,13.4,13.49,14.5
2024-05-22 02:00:00,2,32,32,1.0,6.0,25.0,0.0,0.0,1.0,2,2,22,1,23,1,17.2,557.0,387.0,640.0,17.2,3.0,6.63,roster,0,104.0,80.0,2.0392,96.89,3.5804,0.8,0.3017,3.25,68.64,19.97,13.4,14.88,16.0
2024-05-22 03:00:00,3,28,28,0.0,6.0,22.0,0.0,0.0,1.0,3,2,23,0,23,0,18.2,617.0,447.0,700.0,18.2,3.0,6.63,roster,0,90.0,70.0,1.7647,76.31,3.2196,0.7,0.3017,3.2143,60.06,19.97,0.0,16.28,17.5
2024-05-22 04:00:00,4,28,28,0.0,6.0,21.0,1.0,0.0,1.0,1,1,23,0,23,0,19.2,677.0,507.0,760.0,19.2,3.0,6.63,roster,0,89.0,70.0,1.7451,77.7,2.7044,0.7,0.1508,3.1786,60.06,19.97,0.0,17.67,19.0
2024-05-22 05:00:00,5,28,28,0.0,6.0,21.0,1.0,0.0,1.0,1,1,23,0,23,0,20.2,737.0,567.0,820.0,20.2,3.0,6.63,roster,0,89.0,70.0,1.7451,79.1,2.7044,0.7,0.1508,3.1786,60.06,19.97,0.0,19.07,20.5
2024-05-22 06:00:00,6,31,31,0.0,7.0,23.0,1.0,0.0,1.0,3,3,23,0,23,0,21.2,797.0,627.0,880.0,21.2,3.0,6.63,roster,0,99.0,77.5,1.9412,86.93,3.92,0.775,0.4525,3.1935,66.5,19.97,0.0,20.46,22.0
2024-05-22 07:00:00,7,32,32,0.0,8.0,23.0,1.0,0.0,1.0,2,2,24,0,24,0,22.2,851.5,687.0,940.0,22.2,3.0,6.63,roster,0,103.0,80.0,2.1458,91.33,3.546,0.8,0.3017,3.2188,68.64,20.84,0.0,21.86,23.5
2024-05-22 08:00:00,8,35,35,0.0,8.0,26.0,1.0,0.0,1.0,4,4,25,0,25,0,23.2,906.0,733.0,983.0,23.2,3.0,6.35,roster,0,112.0,87.5,2.4889,99.64,4.8157,0.875,0.6299,3.2,75.08,21.71,0.0,22.85,24.575
2024-05-22 09:00:00,9,35,35,0.0,9.0,25.0,1.0,0.0,1.0,6,4,25,0,25,0,24.2,966.0,793.0,1043.0,24.2,3.0,6.35,roster,0,113.0,87.5,2.5111,101.03,4.8587,0.875,0.6299,3.2286,75.08,21.71,0.0,24.25,26.075
2024-05-22 10:00:00,10,40,40,0.0,11.0,28.0,1.0,0.0,1.0,10,9,23,0,23,0,25.2,1026.0,772.0,1120.0,25.2,4.0,9.69,roster,0,130.0,100.0,1.9118,111.81,6.2686,1.0,0.9288,3.25,85.8,19.97,0.0,26.04,28.0
2024-05-22 11:00:00,11,43,43,0.0,13.0,29.0,1.0,0.0,1.0,10,10,25,0,25,0,26.2,927.0,204.0,1099.0,26.2,4.0,9.69,roster,0,141.0,107.5,2.35,119.49,6.909,1.075,1.032,3.2791,92.24,21.71,0.0,25.55,27.475
2024-05-22 12:00:00,12,38,38,0.0,11.0,27.0,0.0,0.0,1.0,5,5,22,0,22,0,27.2,453.0,129.0,1157.0,27.2,4.0,9.69,roster,0,125.0,95.0,1.7361,107.51,4.8224,0.95,0.516,3.2895,81.51,19.1,0.0,26.9,28.925
2024-05-22 13:00:00,13,37,37,0.0,8.0,28.0,1.0,0.0,1.0,6,7,19,0,19,0,28.2,253.0,181.0,1219.0,28.2,4.0,9.69,roster,0,118.0,92.5,1.4048,104.2,5.2539,0.925,0.7224,3.1892,79.36,16.5,0.0,28.34,30.475
2024-05-22 14:00:00,14,42,42,0.0,8.0,32.0,2.0,0.0,1.0,11,9,20,0,20,0,29.2,265.0,227.0,1279.0,29.2,4.0,9.69,roster,0,132.0,105.0,1.65,117.19,6.2191,1.05,0.9288,3.1429,90.09,17.37,0.0,29.74,31.975
2024-05-22 15:00:00,15,43,43,0.0,7.0,34.0,2.0,0.0,1.0,11,11,17,1,18,1,25.75,294.0,169.0,444.0,23.383,4.0,9.69,roster,0,134.0,107.5,1.5227,111.59,6.8876,1.075,1.1352,3.1163,92.24,15.63,13.4,10.32,11.1
2024-05-22 16:00:00,16,43,43,0.0,4.0,35.0,4.0,0.0,1.0,9,9,17,0,17,0,26.75,347.0,229.0,433.0,23.317,4.0,9.69,roster,0,129.0,107.5,1.4022,97.06,6.0114,1.075,0.9288,3.0,92.24,14.76,0.0,10.07,10.825
2024-05-22 17:00:00,17,40,40,0.0,4.0,30.0,5.0,1.0,1.0,5,5,19,1,20,1,24.317,400.5,191.0,493.0,24.317,4.0,9.69,roster,0,117.0,100.0,1.4625,108.03,4.4343,1.0,0.516,2.925,85.8,17.37,13.4,11.46,12.325
2024-05-22 18:00:00,18,39,39,0.0,5.0,31.0,3.0,0.0,1.0,6,6,20,1,21,1,25.317,458.0,247.0,507.0,25.317,4.0,9.69,roster,0,119.0,97.5,1.5658,107.08,4.8643,0.975,0.6192,3.0513,83.66,18.23,13.4,11.79,12.675
2024-05-22 19:00:00,19,35,35,0.0,4.0,29.0,2.0,0.0,1.0,4,4,20,1,21,1,23.633,409.0,234.0,541.0,23.633,4.0,9.69,roster,0,107.0,87.5,1.4079,99.29,3.937,0.875,0.4128,3.0571,75.08,18.23,13.4,12.58,13.525
2024-05-22 20:00:00,20,43,43,0.0,5.0,33.0,5.0,0.0,1.0,15,14,20,1,21,1,24.633,469.0,268.0,601.0,24.633,4.0,10.11,roster,0,129.0,107.5,1.6974,117.84,7.3793,1.075,1.3848,3.0,92.24,18.23,13.4,13.97,15.025
2024-05-22 21:00:00,21,39,39,0.0,5.0,32.0,2.0,0.0,1.0,5,6,22,1,23,1,25.633,431.0,196.0,661.0,25.633,4.0,10.11,roster,0,120.0,97.5,1.7647,112.39,4.8261,0.975,0.5935,3.0769,83.66,19.97,13.4,15.37,16.525
2024-05-22 22:00:00,22,38,38,0.0,5.0,28.0,5.0,0.0,1.0,7,6,22,1,23,1,26.633,491.0,256.0,721.0,26.633,3.0,6.77,roster,0,114.0,95.0,2.2353,111.64,5.5088,0.95,0.8863,3.0,81.51,19.97,13.4,16.76,18.025
2024-05-22 23:00:00,23,37,37,0.0,5.0,29.0,3.0,0.0,1.0,9,7,22,0,22,0,27.633,600.0,349.0,781.0,27.633,3.0,6.77,roster,0,113.0,92.5,2.0926,96.63,5.9828,0.925,1.034,3.0541,79.36,19.1,0.0,18.16,19.525
2024-05-23 00:00:00,0,38,38,0.0,7.0,29.0,1.0,1.0,1.0,7,6,22,1,23,1,28.633,611.0,349.0,841.0,28.633,3.0,6.77,roster,0,118.0,95.0,2.3137,114.43,5.7021,0.95,0.8863,3.1053,81.51,19.97,13.4,19.55,21.025
2024-05-23 01:00:00,1,37,37,0.0,7.0,29.0,1.0,0.0,1.0,5,5,23,1,24,1,29.633,669.0,409.0,901.0,29.633,3.0,6.77,roster,0,117.0,92.5,2.4375,114.55,5.2604,0.925,0.7386,3.1622,79.36,20.84,13.4,20.95,22.525
2024-05-23 02:00:00,2,42,42,0.0,7.0,34.0,1.0,0.0,1.0,8,7,23,1,24,1,30.633,729.0,469.0,961.0,30.633,3.0,6.77,roster,0,132.0,105.0,2.75,126.67,6.5496,1.05,1.034,3.1429,90.09,20.84,13.4,22.34,24.025
2024-05-23 03:00:00,3,40,40,0.0,7.0,32.0,1.0,0.0,1.0,2,3,23,1,24,1,31.633,789.0,529.0,1021.0,31.633,3.0,6.77,roster,0,126.0,100.0,2.625,123.78,4.5459,1.0,0.4431,3.15,85.8,20.84,13.4,23.74,25.525
2024-05-23 04:00:00,4,37,37,0.0,7.0,29.0,1.0,0.0,1.0,2,2,24,1,25,1,32.633,847.0,536.0,1067.0,32.633,3.0,6.77,roster,0,117.0,92.5,2.6,119.28,3.8592,0.925,0.2954,3.1622,79.36,21.71,13.4,24.81,26.675
2024-05-23 05:00:00,5,37,37,0.0,7.0,30.0,0.0,0.0,1.0,3,2,24,1,25,1,33.633,907.0,596.0,1127.0,33.633,3.0,6.77,roster,0,118.0,92.5,2.6222,120.68,3.8922,0.925,0.2954,3.1892,79.36,21.71,13.4,26.2,28.175
2024-05-23 06:00:00,6,35,35,0.0,6.0,29.0,0.0,0.0,1.0,3,2,24,0,24,0,34.633,969.0,709.0,1201.0,34.633,3.0,6.77,roster,0,111.0,87.5,2.3125,103.84,3.7119,0.875,0.2954,3.1714,75.08,20.84,0.0,27.92,30.025
2024-05-23 07:00:00,7,38,38,0.0,6.0,32.0,0.0,0.0,1.0,4,4,25,0,25,0,35.633,1027.0,716.0,1247.0,35.633,3.0,6.77,roster,0,120.0,95.0,2.6667,112.21,4.8658,0.95,0.5908,3.1579,81.51,21.71,0.0,28.99,31.175
2024-05-23 08:00:00,8,38,38,0.0,7.0,29.0,2.0,0.0,1.0,5,5,25,0,25,0,36.633,1087.0,776.0,1307.0,36.633,3.0,7.51,roster,0,119.0,95.0,2.6444,113.61,5.0599,0.95,0.6658,3.1316,81.51,21.71,0.0,30.39,32.675
2024-05-23 09:00:00,9,45,45,0.0,6.0,37.0,2.0,0.0,1.0,13,11,23,0,23,0,24.217,1109.0,822.0,1363.0,24.217,3.0,7.51,roster,0,139.0,112.5,2.7255,128.19,7.9993,1.125,1.4647,3.0889,96.52,19.97,0.0,31.69,34.075
2024-05-23 10:00:00,10,50,50,0.0,8.0,40.0,2.0,0.0,1.0,14,13,26,0,26,0,25.217,1095.5,807.0,1418.0,25.217,4.0,11.21,roster,0,156.0,125.0,2.7857,142.79,7.5182,1.25,1.1597,3.12,107.25,22.58,0.0,32.97,35.45
2024-05-23 11:00:00,11,54,54,0.0,8.0,43.0,3.0,0.0,1.0,11,11,24,1,25,1,25.45,1009.0,353.0,1399.0,25.45,4.0,11.21,roster,0,167.0,135.0,2.7833,163.46,7.2097,1.35,0.9813,3.0926,115.83,21.71,13.4,32.53,34.975
2024-05-23 12:00:00,12,55,55,1.0,8.0,43.0,3.0,0.0,1.0,9,9,22,2,24,2,26.45,985.0,235.0,1459.0,26.45,4.0,11.21,roster,0,172.0,137.5,2.6875,179.54,6.8107,1.375,0.8029,3.1273,117.98,20.84,26.8,33.92,36.475
2024-05-23 13:00:00,13,52,52,0.0,8.0,42.0,2.0,0.0,1.0,9,9,22,2,24,2,27.15,401.5,190.0,1237.0,27.15,4.0,11.21,roster,0,162.0,130.0,2.5312,167.94,6.5512,1.3,0.8029,3.1154,111.54,20.84,26.8,28.76,30.925
2024-05-23 14:00:00,14,49,49,1.0,7.0,37.0,4.0,0.0,1.0,8,7,23,2,25,2,28.15,390.0,221.0,1249.0,28.15,4.0,11.21,roster,0,152.0,122.5,2.5333,162.65,5.737,1.225,0.6244,3.102,105.1,21.71,26.8,29.04,31.225
2024-05-23 15:00:00,15,50,50,1.0,7.0,38.0,4.0,0.0,1.0,9,7,21,4,25,4,29.15,391.0,224.0,1309.0,29.15,4.0,11.21,roster,0,155.0,125.0,2.5833,192.99,5.8108,1.25,0.6244,3.1,107.25,21.71,53.6,30.43,32.725
2024-05-23 16:00:00,16,50,50,1.0,9.0,37.0,3.0,0.0,1.0,11,11,19,4,23,4,30.15,451.0,252.0,1417.0,30.15,4.0,11.21,roster,0,158.0,125.0,2.3235,193.77,7.0508,1.25,0.9813,3.16,107.25,19.97,53.6,32.95,35.425
2024-05-23 17:00:00,17,50,50,1.0,9.0,38.0,2.0,0.0,1.0,8,8,20,4,24,4,31.15,470.5,311.0,1477.0,31.15,4.0,11.21,roster,0,159.0,125.0,2.4844,196.03,6.2444,1.25,0.7136,3.18,107.25,20.84,53.6,34.34,36.925
2024-05-23 18:00:00,18,50,50,1.0,11.0,37.0,1.0,0.0,1.0,7,6,23,4,27,4,32.15,461.0,291.0,1489.0,32.15,4.0,11.21,roster,0,162.0,125.0,3.1154,198.91,5.7842,1.25,0.5352,3.24,107.25,23.44,53.6,34.62,37.225
2024-05-23 19:00:00,19,45,45,0.0,11.0,33.0,1.0,0.0,1.0,4,4,25,2,27,2,33.15,521.0,229.0,1549.0,33.15,4.0,11.21,roster,0,145.0,112.5,2.7885,162.78,4.7748,1.125,0.3568,3.2222,96.52,23.44,26.8,36.01,38.725
2024-05-23 20:00:00,20,45,45,0.0,12.0,32.0,1.0,0.0,1.0,7,6,25,1,26,1,34.15,552.5,289.0,1609.0,34.15,4.0,10.48,roster,0,146.0,112.5,2.6071,149.91,5.5075,1.125,0.5725,3.2444,96.52,22.58,13.4,37.41,40.225
2024-05-23 21:00:00,21,45,45,0.0,14.0,31.0,0.0,0.0,1.0,8,7,24,1,25,1,35.15,641.0,345.0,1669.0,35.15,4.0,10.48,roster,0,149.0,112.5,2.4833,150.44,5.9366,1.125,0.6679,3.3111,96.52,21.71,13.4,38.8,41.725
2024-05-23 22:00:00,22,50,50,0.0,12.0,37.0,1.0,0.0,1.0,11,11,25,0,25,0,36.15,701.0,350.0,1729.0,36.15,3.0,6.78,roster,0,161.0,125.0,3.5778,149.16,9.2492,1.25,1.6224,3.22,107.25,21.71,0.0,40.2,43.225
2024-05-23 23:00:00,23,46,46,0.0,12.0,34.0,0.0,0.0,1.0,9,8,23,0,23,0,36.783,761.0,410.0,1789.0,36.783,3.0,6.78,roster,0,150.0,115.0,2.9412,140.24,7.5976,1.15,1.1799,3.2609,98.67,19.97,0.0,41.59,44.725
2024-05-24 00:00:00,0,43,43,0.0,13.0,30.0,0.0,0.0,1.0,8,9,23,0,23,0,37.783,821.0,470.0,1849.0,37.783,3.0,6.78,roster,0,142.0,107.5,2.7843,135.2,7.9336,1.075,1.3274,3.3023,92.24,19.97,0.0,42.99,46.225
2024-05-24 01:00:00,1,41,41,0.0,12.0,29.0,0.0,0.0,1.0,6,6,23,1,24,1,38.783,852.5,530.0,1909.0,38.783,3.0,6.78,roster,0,135.0,102.5,2.8125,146.57,6.2889,1.025,0.885,3.2927,87.94,20.84,13.4,44.38,47.725
2024-05-24 02:00:00,2,41,41,0.0,11.0,29.0,1.0,0.0,1.0,6,5,24,1,25,1,39.783,884.0,587.0,1767.0,39.783,3.0,6.78,roster,0,133.0,102.5,2.9556,144.14,5.7173,1.025,0.7375,3.2439,87.94,21.71,13.4,41.08,44.175
2024-05-24 03:00:00,3,36,36,0.0,10.0,26.0,0.0,0.0,1.0,4,4,25,1,26,1,40.783,928.0,641.0,1827.0,40.783,3.0,6.78,roster,0,118.0,90.0,2.8095,135.67,4.8838,0.9,0.59,3.2778,77.22,22.58,13.4,42.48,45.675
2024-05-24 04:00:00,4,38,38,1.0,10.0,26.0,1.0,0.0,1.0,3,3,26,1,27,1,41.783,972.0,619.0,1887.0,41.783,3.0,6.78,roster,0,125.0,95.0,3.2051,142.23,4.5805,0.95,0.4425,3.2895,81.51,23.44,13.4,43.87,47.175
2024-05-24 05:00:00,5,38,38,1.0,10.0,26.0,1.0,0.0,1.0,1,1,28,2,30,2,42.783,1024.5,360.0,1433.0,42.783,3.0,6.78,roster,0,125.0,95.0,4.1667,147.68,3.6102,0.95,0.1475,3.2895,81.51,26.05,26.8,33.32,35.825
2024-05-24 06:00:00,6,39,39,0.0,10.0,28.0,1.0,0.0,1.0,3,3,28,1,29,1,43.783,1091.0,611.0,1493.0,43.783,3.0,6.78,roster,0,126.0,97.5,3.8182,136.95,4.5795,0.975,0.4425,3.2308,83.66,25.18,13.4,34.71,37.325
2024-05-24 07:00:00,7,38,38,0.0,10.0,27.0,1.0,0.0,1.0,4,4,28,1,29,1,44.783,1151.0,671.0,1553.0,44.783,3.0,6.78,roster,0,123.0,95.0,3.7273,136.2,4.9846,0.95,0.59,3.2368,81.51,25.18,13.4,36.11,38.825
2024-05-24 08:00:00,8,39,39,0.0,10.0,28.0,1.0,0.0,1.0,5,5,28,0,28,0,45.783,1211.5,859.0,2127.0,45.783,3.0,6.67,roster,0,126.0,97.5,3.5,137.42,5.5719,0.975,0.7496,3.2308,83.66,24.31,0.0,49.45,53.175
2024-05-24 09:00:00,9,38,38,1.0,11.0,25.0,1.0,0.0,1.0,3,3,28,0,28,0,46.783,1264.5,791.0,1673.0,46.783,3.0,6.67,roster,0,126.0,95.0,3.5,124.72,4.6414,0.95,0.4498,3.3158,81.51,24.31,0.0,38.9,41.825
2024-05-24 10:00:00,10,49,49,2.0,13.0,33.0,1.0,0.0,1.0,12,12,28,0,28,0,47.783,1223.5,660.0,1733.0,47.783,4.0,9.92,roster,0,163.0,122.5,3.3958,149.71,8.099,1.225,1.2097,3.3265,105.1,24.31,0.0,40.29,43.325
2024-05-24 11:00:00,11,45,45,1.0,12.0,30.0,2.0,0.0,1.0,9,9,24,2,26,2,48.783,1124.0,539.0,1481.0,48.783,4.0,9.92,roster,0,147.0,112.5,2.625,160.33,6.6387,1.125,0.9073,3.2667,96.52,22.58,26.8,34.43,37.025
2024-05-24 12:00:00,12,42,42,1.0,9.0,29.0,3.0,0.0,1.0,5,5,24,2,26,2,49.783,1140.0,500.0,1484.0,49.783,4.0,9.92,roster,0,134.0,105.0,2.3929,153.97,4.9581,1.05,0.504,3.1905,90.09,22.58,26.8,34.5,37.1
2024-05-24 13:00:00,13,37,37,0.0,8.0,25.0,4.0,0.0,1.0,6,5,21,1,22,1,45.9,1095.0,560.0,1512.0,45.9,4.0,9.92,roster,0,115.0,92.5,1.5972,127.02,4.4416,0.925,0.504,3.1081,79.36,19.1,13.4,35.15,37.8
2024-05-24 14:00:00,14,35,35,1.0,7.0,25.0,2.0,0.0,1.0,6,6,19,2,21,2,46.9,900.0,323.0,1369.0,46.9,4.0,9.92,roster,0,112.0,87.5,1.4737,131.94,4.7355,0.875,0.6048,3.2,75.08,18.23,26.8,31.83,34.225
2024-05-24 15:00:00,15,37,37,1.0,6.0,29.0,1.0,0.0,1.0,8,9,17,3,20,3,47.9,834.5,333.0,1618.0,47.9,4.0,9.92,roster,0,118.0,92.5,1.475,154.55,5.8434,0.925,0.9073,3.1892,79.36,17.37,40.2,37.62,40.45
2024-05-24 16:00:00,16,43,43,1.0,7.0,34.0,1.0,0.0,1.0,11,11,18,3,21,3,48.9,886.0,378.0,1489.0,48.9,4.0,9.92,roster,0,137.0,107.5,1.8026,165.29,6.9579,1.075,1.1089,3.186,92.24,18.23,40.2,34.62,37.225
2024-05-24 17:00:00,17,44,44,1.0,8.0,34.0,1.0,0.0,1.0,6,5,21,4,25,4,49.9,503.0,176.0,1481.0,49.9,4.0,9.92,roster,0,141.0,110.0,2.35,184.12,5.1402,1.1,0.504,3.2045,94.38,21.71,53.6,34.43,37.025
2024-05-24 18:00:00,18,47,47,1.0,7.0,36.0,3.0,0.0,1.0,8,8,24,3,27,3,50.9,446.0,137.0,1331.0,50.9,4.0,9.92,roster,0,147.0,117.5,2.8269,175.41,6.1973,1.175,0.8065,3.1277,100.82,23.44,40.2,30.95,33.275
2024-05-24 19:00:00,19,46,46,0.0,6.0,35.0,5.0,0.0,1.0,6,6,24,2,26,2,51.9,532.0,194.0,1391.0,51.9,4.0,9.92,roster,0,139.0,115.0,2.4821,160.39,5.3027,1.15,0.6048,3.0217,98.67,22.58,26.8,32.34,34.775
2024-05-24 20:00:00,20,42,42,0.0,7.0,32.0,3.0,0.0,1.0,5,5,26,2,28,2,52.9,493.0,220.0,1451.0,52.9,4.0,9.97,roster,0,130.0,105.0,2.7083,154.94,4.8023,1.05,0.5015,3.0952,90.09,24.31,26.8,33.74,36.275
2024-05-24 21:00:00,21,46,46,0.0,6.0,35.0,4.0,1.0,1.0,12,10,25,1,26,1,53.9,521.0,272.0,1320.0,53.9,4.0,9.97,roster,0,138.0,115.0,2.4643,145.34,6.459,1.15,1.003,3.0,98.67,22.58,13.4,30.69,33.0
2024-05-24 22:00:00,22,38,38,0.0,5.0,28.0,5.0,0.0,1.0,5,5,26,1,27,1,54.9,476.0,319.0,1380.0,54.9,3.0,6.72,roster,0,114.0,95.0,2.9231,130.44,5.0821,0.95,0.744,3.0,81.51,23.44,13.4,32.08,34.5
2024-05-24 23:00:00,23,42,42,0.0,5.0,30.0,7.0,0.0,1.0,15,10,26,1,27,1,55.9,536.0,379.0,1440.0,55.9,3.0,6.72,roster,0,124.0,105.0,3.1795,140.41,7.4934,1.05,1.4881,2.9524,90.09,23.44,13.4,33.48,36.0
2024-05-25 00:00:00,0,45,45,0.0,5.0,35.0,5.0,0.0,1.0,10,10,27,1,28,1,56.9,571.0,439.0,1500.0,56.9,3.0,6.72,roster,0,135.0,112.5,3.75,149.11,7.8393,1.125,1.4881,3.0,96.52,24.31,13.4,34.88,37.5
2024-05-25 01:00:00,1,37,37,0.0,6.0,29.0,2.0,0.0,1.0,5,4,27,1,28,1,57.9,631.0,499.0,1560.0,57.9,3.0,6.72,roster,0,115.0,92.5,3.1944,133.35,4.7251,0.925,0.5952,3.1081,79.36,24.31,13.4,36.27,39.0
2024-05-25 02:00:00,2,40,40,0.0,7.0,30.0,3.0,0.0,1.0,4,4,29,1,30,1,58.9,646.5,503.0,1503.0,58.9,3.0,6.72,roster,0,124.0,100.0,4.1333,140.19,4.9452,1.0,0.5952,3.1,85.8,26.05,13.4,34.94,37.575
2024-05-25 03:00:00,3,38,38,0.0,7.0,29.0,2.0,0.0,1.0,3,2,30,1,31,1,59.9,687.0,513.0,1563.0,59.9,3.0,6.72,roster,0,119.0,95.0,4.4074,138.17,3.907,0.95,0.2976,3.1316,81.51,26.92,13.4,36.34,39.075
2024-05-25 04:00:00,4,36,36,0.0,7.0,27.0,2.0,0.0,1.0,0,0,30,1,31,1,60.9,747.0,573.0,1623.0,60.9,3.0,6.72,roster,0,113.0,90.0,4.1852,135.27,2.825,0.9,0.0,3.1389,77.22,26.92,13.4,37.73,40.575
2024-05-25 05:00:00,5,39,39,0.0,8.0,29.0,2.0,0.0,1.0,3,3,30,1,31,1,61.9,807.0,633.0,1683.0,61.9,3.0,6.72,roster,0,123.0,97.5,4.5556,143.1,4.483,0.975,0.4464,3.1538,83.66,26.92,13.4,39.13,42.075
2024-05-25 06:00:00,6,42,42,0.0,9.0,31.0,2.0,0.0,1.0,3,3,30,1,31,1,62.9,867.0,693.0,1743.0,62.9,3.0,6.72,roster,0,133.0,105.0,4.9259,150.93,4.7387,1.05,0.4464,3.1667,90.09,26.92,13.4,40.52,43.575
2024-05-25 07:00:00,7,42,42,0.0,9.0,31.0,2.0,0.0,1.0,2,2,30,1,31,1,63.9,927.0,745.0,1803.0,63.9,3.0,6.72,roster,0,133.0,105.0,4.9259,152.33,4.2675,1.05,0.2976,3.1667,90.09,26.92,13.4,41.92,45.075
2024-05-25 08:00:00,8,43,43,0.0,10.0,30.0,3.0,0.0,1.0,6,5,29,1,30,1,64.9,1006.5,813.0,1863.0,64.9,3.0,6.41,roster,0,136.0,107.5,4.5333,155.0,5.8671,1.075,0.78,3.1628,92.24,26.05,13.4,43.31,46.575
2024-05-25 09:00:00,9,45,45,0.0,10.0,32.0,3.0,0.0,1.0,7,6,28,1,29,1,65.9,1034.0,865.0,1923.0,65.9,3.0,6.41,roster,0,142.0,112.5,4.303,159.82,6.5037,1.125,0.936,3.1556,96.52,25.18,13.4,44.71,48.075
2024-05-25 10:00:00,10,41,41,1.0,10.0,27.0,3.0,0.0,1.0,5,4,24,1,25,1,45.967,1052.0,816.0,1823.0,45.967,4.0,9.75,roster,0,132.0,102.5,2.2,145.44,4.6208,1.025,0.4103,3.2195,87.94,21.71,13.4,42.38,45.575
2024-05-25 11:00:00,11,35,35,1.0,8.0,25.0,1.0,0.0,1.0,8,6,17,3,20,3,46.967,1105.5,621.0,2043.0,46.967,4.0,9.75,roster,0,114.0,87.5,1.425,160.14,4.8544,0.875,0.6154,3.2571,75.08,17.37,40.2,47.5,51.075
2024-05-25 12:00:00,12,35,35,2.0,7.0,26.0,0.0,0.0,1.0,10,9,13,3,16,3,40.183,752.0,296.0,1180.0,40.183,4.0,9.75,roster,0,116.0,87.5,1.2083,136.6,5.9593,0.875,0.9231,3.3143,75.08,13.89,40.2,27.44,29.5
2024-05-25 13:00:00,13,41,41,2.0,9.0,29.0,1.0,0.0,1.0,17,15,12,3,15,3,41.183,356.0,129.0,1105.0,41.183,4.0,9.75,roster,0,135.0,102.5,1.35,146.86,8.4407,1.025,1.5385,3.2927,87.94,13.02,40.2,25.69,27.625
2024-05-25 14:00:00,14,42,42,2.0,10.0,29.0,1.0,0.0,1.0,9,10,16,3,19,3,42.183,253.0,129.0,943.0,42.183,4.0,9.75,roster,0,139.0,105.0,1.6548,148.71,6.8694,1.05,1.0256,3.3095,90.09,16.5,40.2,21.92,23.575
2024-05-25 15:00:00,15,34,34,2.0,8.0,23.0,1.0,0.0,1.0,8,7,14,3,17,3,25.8,296.0,189.0,861.0,24.1,4.0,9.75,roster,0,113.0,85.0,1.2283,127.91,5.2111,0.85,0.7179,3.3235,72.93,14.76,40.2,20.02,21.525
2024-05-25 16:00:00,16,40,40,2.0,8.0,30.0,0.0,0.0,1.0,13,14,12,3,15,3,26.8,373.0,249.0,1063.0,25.1,4.0,9.75,roster,0,132.0,100.0,1.32,143.74,8.0385,1.0,1.4359,3.3,85.8,13.02,40.2,24.71,26.575
2024-05-25 17:00:00,17,38,38,1.0,8.0,29.0,0.0,0.0,1.0,8,8,15,3,18,3,27.8,324.0,110.0,955.0,26.1,4.0,9.75,roster,0,124.0,95.0,1.4091,139.54,5.7775,0.95,0.8205,3.2632,81.51,15.63,40.2,22.2,23.875
2024-05-25 18:00:00,18,38,38,1.0,8.0,28.0,1.0,0.0,1.0,6,7,16,3,19,3,28.8,369.0,163.0,1015.0,27.1,4.0,9.75,roster,0,123.0,95.0,1.4643,141.81,5.3989,0.95,0.7179,3.2368,81.51,16.5,40.2,23.6,25.375
2024-05-25 19:00:00,19,39,39,1.0,8.0,26.0,4.0,0.0,1.0,9,8,16,3,19,3,29.8,429.0,223.0,1075.0,28.1,4.0,9.75,roster,0,123.0,97.5,1.4643,145.35,5.6628,0.975,0.8205,3.1538,83.66,16.5,40.2,24.99,26.875
2024-05-25 20:00:00,20,35,35,1.0,7.0,27.0,0.0,0.0,1.0,5,5,15,3,18,3,30.8,504.0,283.0,1135.0,29.1,4.0,9.94,roster,0,114.0,87.5,1.2955,137.29,4.4884,0.875,0.503,3.2571,75.08,15.63,40.2,26.39,28.375
2024-05-25 21:00:00,21,39,39,1.0,7.0,30.0,1.0,0.0,1.0,9,8,14,3,17,3,31.8,579.0,343.0,1195.0,30.1,4.0,9.94,roster,0,125.0,97.5,1.3587,146.4,5.7046,0.975,0.8048,3.2051,83.66,14.76,40.2,27.78,29.875
2024-05-25 22:00:00,22,38,38,2.0,6.0,28.0,2.0,0.0,1.0,11,10,14,2,16,2,32.8,654.0,403.0,1281.0,31.1,3.0,6.6,roster,0,122.0,95.0,1.6944,131.99,7.9144,0.95,1.5152,3.2105,81.51,13.89,26.8,29.78,32.025
2024-05-25 23:00:00,23,41,41,2.0,6.0,32.0,1.0,0.0,1.0,10,9,16,2,18,2,33.8,668.0,420.0,1315.0,32.1,3.0,6.6,roster,0,132.0,102.5,2.0,140.95,7.6902,1.025,1.3636,3.2195,87.94,15.63,26.8,30.57,32.875
2024-05-26 00:00:00,0,36,36,2.0,6.0,26.0,2.0,0.0,1.0,7,5,18,2,20,2,34.8,684.0,409.0,1375.0,33.1,3.0,6.6,roster,0,116.0,90.0,1.9333,133.35,5.3411,0.9,0.7576,3.2222,77.22,17.37,26.8,31.97,34.375
2024-05-26 01:00:00,1,35,35,2.0,7.0,24.0,2.0,0.0,1.0,5,5,18,2,20,2,35.8,744.0,469.0,1435.0,34.1,3.0,6.6,roster,0,114.0,87.5,1.9,132.6,5.3175,0.875,0.7576,3.2571,75.08,17.37,26.8,33.36,35.875
2024-05-26 02:00:00,2,33,33,2.0,7.0,24.0,0.0,0.0,1.0,2,1,19,2,21,2,36.8,791.0,324.0,1016.0,35.1,3.0,6.6,roster,0,110.0,82.5,1.9298,119.44,3.2551,0.825,0.1515,3.3333,70.78,18.23,26.8,23.62,25.4
2024-05-26 03:00:00,3,37,37,2.0,7.0,26.0,2.0,0.0,1.0,5,5,20,2,22,2,37.8,777.0,337.0,1076.0,36.1,3.0,6.6,roster,0,120.0,92.5,2.2222,130.28,5.457,0.925,0.7576,3.2432,79.36,19.1,26.8,25.02,26.9
2024-05-26 04:00:00,4,37,37,2.0,7.0,28.0,0.0,0.0,1.0,4,4,20,2,22,2,38.8,837.0,397.0,1136.0,37.1,3.0,6.6,roster,0,122.0,92.5,2.2593,131.68,5.0484,0.925,0.6061,3.2973,79.36,19.1,26.8,26.41,28.4
2024-05-26 05:00:00,5,37,37,2.0,7.0,28.0,0.0,0.0,1.0,5,4,20,2,22,2,39.8,897.0,457.0,1196.0,38.1,3.0,6.6,roster,0,122.0,92.5,2.2593,133.07,5.0484,0.925,0.6061,3.2973,79.36,19.1,26.8,27.81,29.9
2024-05-26 06:00:00,6,39,39,2.0,7.0,30.0,0.0,0.0,1.0,5,4,21,2,23,2,40.8,883.0,510.0,1256.0,39.1,3.0,6.6,roster,0,128.0,97.5,2.5098,139.63,5.1891,0.975,0.6061,3.2821,83.66,19.97,26.8,29.2,31.4
2024-05-26 07:00:00,7,40,40,2.0,7.0,30.0,1.0,0.0,1.0,7,5,21,2,23,2,41.8,943.0,570.0,1316.0,40.1,3.0,6.6,roster,0,130.0,100.0,2.549,143.17,5.7121,1.0,0.7576,3.25,85.8,19.97,26.8,30.6,32.9
2024-05-26 08:00:00,8,39,39,2.0,8.0,28.0,1.0,0.0,1.0,5,5,20,2,22,2,42.8,1077.0,630.0,1376.0,41.1,3.0,7.78,roster,0,128.0,97.5,2.3704,141.55,5.3093,0.975,0.6427,3.2821,83.66,19.1,26.8,31.99,34.4
2024-05-26 09:00:00,9,38,38,2.0,7.0,27.0,2.0,0.0,1.0,7,6,18,4,22,4,43.8,1059.5,613.0,1436.0,42.1,3.0,7.78,roster,0,123.0,95.0,2.2778,167.6,5.5713,0.95,0.7712,3.2368,81.51,19.1,53.6,33.39,35.9
2024-05-26 10:00:00,10,42,42,3.0,8.0,27.0,4.0,0.0,1.0,13,10,19,4,23,4,44.8,1009.0,526.0,1496.0,43.1,4.0,11.48,roster,0,136.0,105.0,2.0,178.44,6.2206,1.05,0.8711,3.2381,90.09,19.97,53.6,34.78,37.4
2024-05-26 11:00:00,11,52,52,3.0,9.0,35.0,5.0,0.0,1.0,18,17,18,5,23,5,45.8,1069.0,381.0,1556.0,44.1,4.0,11.48,roster,0,166.0,130.0,2.4412,214.69,8.8773,1.3,1.4808,3.1923,111.54,19.97,67.0,36.18,38.9
2024-05-26 12:00:00,12,55,55,3.0,8.0,38.0,6.0,0.0,1.0,14,14,19,7,26,7,46.8,897.0,247.0,1573.0,45.1,4.0,11.48,roster,0,173.0,137.5,3.0893,250.92,8.1609,1.375,1.2195,3.1455,117.98,22.58,93.8,36.57,39.325
2024-05-26 13:00:00,13,50,50,3.0,8.0,35.0,4.0,0.0,1.0,8,8,19,6,25,6,47.8,984.0,307.0,1633.0,46.1,4.0,11.48,roster,0,160.0,125.0,2.6667,227.32,6.23,1.25,0.6969,3.2,107.25,21.71,80.4,37.97,40.825
2024-05-26 14:00:00,14,49,49,3.0,10.0,34.0,2.0,0.0,1.0,13,9,19,5,24,5,48.8,1119.5,307.0,1736.0,47.1,4.0,11.48,roster,0,161.0,122.5,2.5156,213.31,6.6009,1.225,0.784,3.2857,105.1,20.84,67.0,40.36,43.4
2024-05-26 15:00:00,15,47,47,3.0,10.0,32.0,2.0,0.0,1.0,10,9,20,4,24,4,49.8,1179.5,367.0,1796.0,48.1,4.0,11.48,roster,0,155.0,117.5,2.4219,197.01,6.4604,1.175,0.784,3.2979,100.82,20.84,53.6,41.76,44.9
2024-05-26 16:00:00,16,51,51,3.0,10.0,33.0,5.0,0.0,1.0,13,10,21,4,25,4,50.8,1033.0,335.0,1813.0,49.1,4.0,11.48,roster,0,164.0,127.5,2.7333,206.85,6.9011,1.275,0.8711,3.2157,109.39,21.71,53.6,42.15,45.325
2024-05-26 17:00:00,17,48,48,3.0,10.0,29.0,6.0,0.0,1.0,11,8,22,4,26,4,51.8,1055.5,271.0,1873.0,50.1,4.0,11.48,roster,0,154.0,120.0,2.75,202.68,6.0858,1.2,0.6969,3.2083,102.96,22.58,53.6,43.55,46.825
2024-05-26 18:00:00,18,50,50,3.0,10.0,32.0,5.0,0.0,1.0,12,9,22,4,26,4,52.8,1115.5,331.0,1933.0,51.1,4.0,11.48,roster,0,161.0,125.0,2.875,208.37,6.5494,1.25,0.784,3.22,107.25,22.58,53.6,44.94,48.325
2024-05-26 19:00:00,19,43,43,3.0,10.0,26.0,4.0,0.0,1.0,9,6,22,4,26,4,53.8,1175.5,391.0,1993.0,52.1,4.0,11.48,roster,0,141.0,107.5,2.5179,194.75,5.2388,1.075,0.5226,3.2791,92.24,22.58,53.6,46.34,49.825
2024-05-26 20:00:00,20,42,42,2.0,10.0,27.0,3.0,0.0,1.0,8,5,23,3,26,3,54.8,1162.0,396.0,1989.0,53.1,4.0,11.03,roster,0,137.0,105.0,2.4464,179.11,4.9037,1.05,0.4533,3.2619,90.09,22.58,40.2,46.24,49.725
2024-05-26 21:00:00,21,48,48,2.0,10.0,34.0,2.0,0.0,1.0,13,9,25,3,28,3,55.8,986.5,444.0,2049.0,54.1,4.0,11.03,roster,0,156.0,120.0,3.25,195.11,6.5519,1.2,0.816,3.25,102.96,24.31,40.2,47.64,51.225
2024-05-26 22:00:00,22,56,56,2.0,11.0,39.0,4.0,0.0,1.0,17,17,25,3,28,3,56.8,1046.5,504.0,2109.0,55.1,3.0,7.33,roster,0,179.0,140.0,4.9722,213.67,11.8883,1.4,2.3192,3.1964,120.12,24.31,40.2,49.03,52.725
2024-05-26 23:00:00,23,55,55,2.0,10.0,40.0,3.0,0.0,1.0,11,9,26,2,28,2,57.8,1106.5,520.0,2169.0,56.1,3.0,7.33,roster,0,176.0,137.5,4.8889,199.52,8.3291,1.375,1.2278,3.2,117.98,24.31,26.8,50.43,54.225
2024-05-27 00:00:00,0,43,43,2.0,10.0,30.0,1.0,0.0,1.0,2,1,27,2,29,2,58.8,967.0,525.0,2199.0,57.1,3.0,7.33,roster,0,142.0,107.5,4.303,175.34,4.0005,1.075,0.1364,3.3023,92.24,25.18,26.8,51.13,54.975
2024-05-27 01:00:00,1,44,44,2.0,10.0,30.0,2.0,0.0,1.0,3,3,27,2,29,2,59.8,1027.0,585.0,2259.0,58.1,3.0,7.33,roster,0,144.0,110.0,4.3636,178.88,4.9395,1.1,0.4093,3.2727,94.38,25.18,26.8,52.52,56.475
2024-05-27 02:00:00,2,39,39,2.0,9.0,27.0,1.0,0.0,1.0,1,0,27,2,29,2,60.8,1087.0,645.0,2319.0,59.1,3.0,7.33,roster,0,129.0,97.5,3.9091,169.55,3.225,0.975,0.0,3.3077,83.66,25.18,26.8,53.92,57.975
2024-05-27 03:00:00,3,39,39,2.0,9.0,27.0,1.0,0.0,1.0,2,0,27,2,29,2,61.8,1147.0,705.0,2379.0,60.1,3.0,7.33,roster,0,129.0,97.5,3.9091,170.95,3.225,0.975,0.0,3.3077,83.66,25.18,26.8,55.31,59.475
2024-05-27 04:00:00,4,40,40,2.0,9.0,28.0,1.0,0.0,1.0,1,1,27,2,29,2,62.8,1207.0,765.0,2439.0,61.1,3.0,7.33,roster,0,132.0,100.0,4.0,174.49,3.7502,1.0,0.1364,3.3,85.8,25.18,26.8,56.71,60.975
2024-05-27 05:00:00,5,41,41,2.0,9.0,29.0,1.0,0.0,1.0,2,1,27,2,29,2,63.8,1267.0,825.0,2499.0,62.1,3.0,7.33,roster,0,135.0,102.5,4.0909,178.03,3.8242,1.025,0.1364,3.2927,87.94,25.18,26.8,58.1,62.475
2024-05-27 06:00:00,6,39,39,2.0,9.0,27.0,1.0,0.0,1.0,1,0,27,2,29,2,64.8,1327.0,885.0,2559.0,63.1,3.0,7.33,roster,0,129.0,97.5,3.9091,175.13,3.225,0.975,0.0,3.3077,83.66,25.18,26.8,59.5,63.975
2024-05-27 07:00:00,7,39,39,2.0,10.0,26.0,1.0,0.0,1.0,2,2,27,2,29,2,65.8,1387.0,945.0,2619.0,64.1,3.0,7.33,roster,0,130.0,97.5,3.9394,176.53,4.1595,0.975,0.2729,3.3333,83.66,25.18,26.8,60.89,65.475
2024-05-27 08:00:00,8,43,43,2.0,12.0,28.0,1.0,0.0,1.0,6,6,28,2,30,2,66.8,1417.0,998.0,2679.0,65.1,3.0,7.74,roster,0,144.0,107.5,4.8,187.37,6.196,1.075,0.7752,3.3488,92.24,26.05,26.8,62.29,66.975
2024-05-27 09:00:00,9,46,46,2.0,12.0,32.0,0.0,0.0,1.0,10,9,26,2,28,2,67.8,1203.5,863.0,2769.0,66.1,3.0,7.74,roster,0,154.0,115.0,4.2778,194.16,7.7428,1.15,1.1628,3.3478,98.67,24.31,26.8,64.38,69.225
2024-05-27 10:00:00,10,51,51,2.0,13.0,36.0,0.0,0.0,1.0,9,10,26,2,28,2,68.8,1230.0,867.0,2799.0,67.1,4.0,11.44,roster,0,170.0,127.5,3.5417,205.58,7.1638,1.275,0.8741,3.3333,109.39,24.31,26.8,65.08,69.975
2024-05-27 11:00:00,11,57,57,1.0,16.0,40.0,0.0,0.0,1.0,13,13,26,2,28,2,68.1,1262.0,834.0,2859.0,68.1,4.0,11.44,roster,0,189.0,142.5,3.9375,219.85,8.4929,1.425,1.1364,3.3158,122.26,24.31,26.8,66.47,71.475
2024-05-27 12:00:00,12,52,52,2.0,17.0,33.0,0.0,0.0,1.0,9,9,24,3,27,3,61.717,1238.0,171.0,2569.0,61.717,4.0,11.44,roster,0,177.0,130.0,3.4038,214.91,7.1029,1.3,0.7867,3.4038,111.54,23.44,40.2,59.73,64.225
2024-05-27 13:00:00,13,45,45,2.0,13.0,30.0,0.0,0.0,1.0,5,5,25,2,27,2,60.35,911.0,141.0,1747.0,60.35,4.0,11.44,roster,0,152.0,112.5,2.9231,167.39,5.2763,1.125,0.4371,3.3778,96.52,23.44,26.8,40.62,43.675
2024-05-27 14:00:00,14,49,49,2.0,11.0,36.0,0.0,0.0,1.0,10,9,27,1,28,1,61.35,649.0,193.0,1747.0,61.35,4.0,11.44,roster,0,162.0,122.5,3.375,163.44,6.651,1.225,0.7867,3.3061,105.1,24.31,13.4,40.62,43.675
2024-05-27 15:00:00,15,47,47,2.0,11.0,34.0,0.0,0.0,1.0,7,7,28,1,29,1,62.35,351.0,228.0,1536.0,62.35,4.0,11.44,roster,0,156.0,117.5,3.5455,155.11,5.9309,1.175,0.6119,3.3191,100.82,25.18,13.4,35.71,38.4
2024-05-27 16:00:00,16,50,50,2.0,11.0,37.0,0.0,0.0,1.0,8,7,30,1,31,1,63.35,399.0,246.0,1596.0,63.35,4.0,11.44,roster,0,165.0,125.0,4.5833,164.67,6.1442,1.25,0.6119,3.3,107.25,26.92,13.4,37.11,39.9
2024-05-27 17:00:00,17,51,51,2.0,11.0,38.0,0.0,0.0,1.0,6,5,29,2,31,2,64.35,417.0,302.0,1656.0,64.35,4.0,11.44,roster,0,168.0,127.5,4.6667,181.61,5.6397,1.275,0.4371,3.2941,109.39,26.92,26.8,38.5,41.4
2024-05-27 18:00:00,18,45,45,2.0,12.0,31.0,0.0,0.0,1.0,6,5,28,1,29,1,65.35,519.0,403.0,1716.0,65.35,4.0,11.44,roster,0,151.0,112.5,3.4318,155.0,5.2416,1.125,0.4371,3.3556,96.52,25.18,13.4,39.9,42.9
2024-05-27 19:00:00,19,50,50,2.0,13.0,35.0,0.0,0.0,1.0,9,9,29,1,30,1,66.35,558.0,426.0,1776.0,66.35,4.0,11.44,roster,0,167.0,125.0,4.175,167.99,6.8026,1.25,0.7867,3.34,107.25,26.05,13.4,41.29,44.4
2024-05-27 20:00:00,20,51,51,2.0,12.0,37.0,0.0,0.0,1.0,10,8,30,1,31,1,67.35,568.0,411.0,1836.0,67.35,4.0,10.47,roster,0,169.0,127.5,4.6944,172.4,6.757,1.275,0.7641,3.3137,109.39,26.92,13.4,42.69,45.9
2024-05-27 21:00:00,21,54,54,2.0,14.0,37.0,1.0,0.0,1.0,12,12,30,1,31,1,68.35,628.0,471.0,1896.0,68.35,4.0,10.47,roster,0,179.0,135.0,4.9722,180.23,8.2742,1.35,1.1461,3.3148,115.83,26.92,13.4,44.08,47.4
2024-05-27 22:00:00,22,58,58,2.0,18.0,38.0,0.0,0.0,1.0,10,10,32,2,34,2,69.35,677.0,441.0,1944.0,69.35,3.0,6.77,roster,0,196.0,145.0,10.8889,205.93,9.8916,1.45,1.4771,3.3793,124.41,29.52,26.8,45.2,48.6
2024-05-27 23:00:00,23,51,51,2.0,14.0,34.0,1.0,0.0,1.0,5,4,33,3,36,3,70.35,724.5,435.0,2004.0,70.35,3.0,6.77,roster,0,170.0,127.5,14.1667,207.45,6.2195,1.275,0.5908,3.3333,109.39,31.26,40.2,46.59,50.1
2024-05-28 00:00:00,0,51,51,2.0,14.0,34.0,1.0,0.0,1.0,5,4,33,3,36,3,71.35,784.5,495.0,2064.0,71.35,3.0,6.77,roster,0,170.0,127.5,14.1667,208.84,6.2195,1.275,0.5908,3.3333,109.39,31.26,40.2,47.99,51.6
2024-05-28 01:00:00,1,52,52,2.0,15.0,34.0,1.0,0.0,1.0,5,3,34,3,37,3,72.35,836.0,489.0,2080.0,72.35,3.0,6.77,roster,0,174.0,130.0,19.3333,212.23,5.8328,1.3,0.4431,3.3462,111.54,32.13,40.2,48.36,52.0
2024-05-28 02:00:00,2,52,52,2.0,14.0,34.0,2.0,0.0,1.0,4,4,35,2,37,2,73.35,896.0,549.0,2140.0,73.35,3.0,6.77,roster,0,172.0,130.0,19.1111,200.22,6.2543,1.3,0.5908,3.3077,111.54,32.13,26.8,49.76,53.5
2024-05-28 03:00:00,3,52,52,2.0,14.0,34.0,2.0,0.0,1.0,2,2,36,2,38,2,74.35,952.0,566.0,2200.0,74.35,3.0,6.77,roster,0,172.0,130.0,28.6667,202.49,5.2772,1.3,0.2954,3.3077,111.54,33.0,26.8,51.15,55.0
2024-05-28 04:00:00,4,50,50,2.0,13.0,33.0,2.0,0.0,1.0,3,3,36,1,37,1,75.35,1008.0,626.0,2003.0,75.35,3.0,6.77,roster,0,165.0,125.0,18.3333,179.35,5.5873,1.25,0.4431,3.3,107.25,32.13,13.4,46.57,50.075
2024-05-28 05:00:00,5,49,49,2.0,13.0,33.0,1.0,0.0,1.0,1,1,37,1,38,1,76.35,1065.5,634.0,2063.0,76.35,3.0,6.77,roster,0,163.0,122.5,27.1667,179.47,4.5664,1.225,0.1477,3.3265,105.1,33.0,13.4,47.96,51.575
2024-05-28 06:00:00,6,48,48,2.0,13.0,32.0,1.0,0.0,1.0,0,0,37,1,38,1,77.35,1125.5,694.0,2123.0,77.35,3.0,6.77,roster,0,160.0,120.0,26.6667,178.72,4.0,1.2,0.0,3.3333,102.96,33.0,13.4,49.36,53.075
2024-05-28 07:00:00,7,45,45,2.0,12.0,30.0,1.0,0.0,1.0,2,0,36,1,37,1,78.35,1188.0,806.0,2183.0,78.35,3.0,6.77,roster,0,150.0,112.5,16.6667,172.81,3.75,1.125,0.0,3.3333,96.52,32.13,13.4,50.75,54.575
2024-05-28 08:00:00,8,47,47,2.0,12.0,31.0,2.0,0.0,1.0,5,5,36,0,36,0,79.35,1252.0,909.0,2500.0,79.35,3.0,6.58,roster,0,155.0,117.5,12.9167,170.2,6.381,1.175,0.7599,3.2979,100.82,31.26,0.0,58.12,62.5
2024-05-28 09:00:00,9,48,48,3.0,12.0,33.0,0.0,0.0,1.0,3,3,37,0,37,0,80.35,1308.0,926.0,2303.0,80.35,3.0,6.58,roster,0,162.0,120.0,18.0,168.63,5.5888,1.2,0.4559,3.375,102.96,32.13,0.0,53.54,57.575
2024-05-28 10:00:00,10,56,56,3.0,15.0,38.0,0.0,0.0,1.0,9,9,37,1,38,1,81.35,1365.5,934.0,2363.0,81.35,4.0,10.45,roster,0,189.0,140.0,23.625,201.46,7.6317,1.4,0.8612,3.375,120.12,33.0,13.4,54.94,59.075
2024-05-28 11:00:00,11,62,62,2.0,19.0,39.0,2.0,0.0,1.0,12,11,37,1,38,1,82.35,1404.5,882.0,2423.0,82.35,4.0,10.45,roster,0,207.0,155.0,25.875,215.72,8.6894,1.55,1.0526,3.3387,132.99,33.0,13.4,56.33,60.575
2024-05-28 12:00:00,12,60,60,2.0,17.0,38.0,3.0,0.0,1.0,10,9,36,1,37,1,83.35,1346.0,764.0,1683.0,83.35,4.0,10.45,roster,0,198.0,150.0,16.5,193.36,7.7921,1.5,0.8612,3.3,128.7,32.13,13.4,39.13,42.075
2024-05-28 13:00:00,13,60,60,1.0,18.0,40.0,1.0,0.0,1.0,12,12,34,2,36,2,84.35,1187.5,304.0,2487.0,84.35,4.0,10.45,roster,0,199.0,150.0,12.4375,224.58,8.7836,1.5,1.1483,3.3167,128.7,31.26,26.8,57.82,62.175
2024-05-28 14:00:00,14,54,54,1.0,16.0,36.0,1.0,0.0,1.0,4,4,33,3,36,3,85.35,1085.0,246.0,2547.0,85.35,4.0,10.45,roster,0,179.0,135.0,11.1875,226.51,5.7438,1.35,0.3828,3.3148,115.83,31.26,40.2,59.22,63.675
2024-05-28 15:00:00,15,57,57,1.0,13.0,39.0,4.0,0.0,1.0,12,11,33,1,34,1,69.817,1145.0,306.0,1676.0,69.817,4.0,10.45,roster,0,182.0,142.5,7.5833,184.15,7.911,1.425,1.0526,3.193,122.26,29.52,13.4,38.97,41.9
2024-05-28 16:00:00,16,56,56,1.0,12.0,41.0,2.0,0.0,1.0,10,10,34,1,35,1,70.817,1182.0,356.0,1736.0,70.817,4.0,10.45,roster,0,180.0,140.0,9.0,184.27,7.5759,1.4,0.9569,3.2143,120.12,30.39,13.4,40.36,43.4
2024-05-28 17:00:00,17,58,58,1.0,12.0,41.0,4.0,0.0,1.0,8,7,36,2,38,2,71.817,1209.5,323.0,1788.0,71.817,4.0,10.45,roster,0,184.0,145.0,23.0,205.78,6.7251,1.45,0.6699,3.1724,124.41,33.0,26.8,41.57,44.7
2024-05-28 18:00:00,18,53,53,1.0,12.0,37.0,3.0,0.0,1.0,3,3,38,2,40,2,72.817,1189.5,323.0,1848.0,72.817,4.0,10.45,roster,0,170.0,132.5,42.5,198.18,5.1708,1.325,0.2871,3.2075,113.68,34.73,26.8,42.97,46.2
2024-05-28 19:00:00,19,47,47,1.0,12.0,33.0,1.0,0.0,1.0,2,1,38,2,40,2,73.817,1249.5,383.0,1908.0,73.817,4.0,10.45,roster,0,154.0,117.5,38.5,186.71,4.1635,1.175,0.0957,3.2766,100.82,34.73,26.8,44.36,47.7
2024-05-28 20:00:00,20,51,51,2.0,12.0,35.0,2.0,0.0,1.0,8,7,38,2,40,2,74.817,1309.5,443.0,1968.0,74.817,4.0,10.28,roster,0,167.0,127.5,41.75,196.68,6.4047,1.275,0.6809,3.2745,109.39,34.73,26.8,45.76,49.2
2024-05-28 21:00:00,21,62,62,2.0,13.0,41.0,6.0,0.0,1.0,13,12,38,2,40,2,75.817,1369.5,503.0,2028.0,75.817,4.0,10.28,roster,0,197.0,155.0,49.25,221.67,8.634,1.55,1.1673,3.1774,132.99,34.73,26.8,47.15,50.7
2024-05-28 22:00:00,22,53,53,2.0,13.0,35.0,3.0,0.0,1.0,4,5,41,1,42,1,76.817,1313.5,479.0,2021.0,76.817,3.0,6.41,roster,0,173.0,132.5,57.6667,190.54,6.8711,1.325,0.78,3.2642,113.68,36.47,13.4,46.99,50.525
2024-05-28 23:00:00,23,48,48,2.0,13.0,33.0,0.0,0.0,1.0,2,2,41,1,42,1,77.817,1296.5,536.0,2031.0,77.817,3.0,6.41,roster,0,161.0,120.0,53.6667,180.05,5.0715,1.2,0.312,3.3542,102.96,36.47,13.4,47.22,50.775
2024-05-29 00:00:00,0,47,47,2.0,12.0,31.0,2.0,0.0,1.0,5,5,39,0,39,0,78.817,1484.0,647.0,2141.0,78.817,3.0,6.41,roster,0,155.0,117.5,51.6667,164.46,6.4474,1.175,0.78,3.2979,100.82,33.86,0.0,49.78,53.525
2024-05-29 01:00:00,1,45,45,2.0,12.0,31.0,0.0,0.0,1.0,2,1,41,0,41,0,79.817,1443.0,659.0,2151.0,79.817,3.0,6.41,roster,0,151.0,112.5,50.3333,162.14,4.2985,1.125,0.156,3.3556,96.52,35.6,0.0,50.01,53.775
2024-05-29 02:00:00,2,48,48,2.0,12.0,34.0,0.0,0.0,1.0,6,4,41,0,41,0,80.817,1503.0,719.0,2211.0,80.817,3.0,6.41,roster,0,160.0,120.0,53.3333,169.97,6.0801,1.2,0.624,3.3333,102.96,35.6,0.0,51.41,55.275
2024-05-29 03:00:00,3,49,49,3.0,13.0,32.0,1.0,0.0,1.0,5,4,41,0,41,0,81.817,1563.0,779.0,2271.0,81.817,3.0,6.41,roster,0,165.0,122.5,55.0,173.51,6.2263,1.225,0.624,3.3673,105.1,35.6,0.0,52.8,56.775
2024-05-29 04:00:00,4,47,47,3.0,13.0,31.0,0.0,0.0,1.0,1,1,40,2,42,2,82.817,1596.5,836.0,2331.0,82.817,3.0,6.41,roster,0,160.0,117.5,53.3333,198.28,4.5311,1.175,0.156,3.4043,100.82,36.47,26.8,54.2,58.275
2024-05-29 05:00:00,5,51,51,3.0,13.0,34.0,1.0,0.0,1.0,6,5,40,2,42,2,83.817,1656.5,896.0,2391.0,83.817,3.0,6.41,roster,0,171.0,127.5,57.0,208.25,6.8904,1.275,0.78,3.3529,109.39,36.47,26.8,55.59,59.775
2024-05-29 06:00:00,6,51,51,3.0,14.0,33.0,1.0,0.0,1.0,1,1,40,2,42,2,84.817,1716.5,956.0,2451.0,84.817,3.0,6.41,roster,0,172.0,127.5,57.3333,209.65,4.8261,1.275,0.156,3.3725,109.39,36.47,26.8,56.99,61.275
2024-05-29 07:00:00,7,52,52,2.0,14.0,35.0,1.0,0.0,1.0,5,5,41,1,42,1,85.817,1776.5,1016.0,2511.0,85.817,3.0,6.41,roster,0,173.0,130.0,57.6667,199.79,6.9201,1.3,0.78,3.3269,111.54,36.47,13.4,58.38,62.775
2024-05-29 08:00:00,8,55,55,2.0,15.0,36.0,2.0,0.0,1.0,6,6,41,1,42,1,86.817,1836.5,1076.0,2571.0,86.817,3.0,6.4,roster,0,182.0,137.5,60.6667,207.62,7.6523,1.375,0.9375,3.3091,117.98,36.47,13.4,59.78,64.275
2024-05-29 09:00:00,9,56,56,3.0,15.0,36.0,2.0,0.0,1.0,10,11,36,0,36,0,87.817,1647.0,1031.0,2631.0,87.817,3.0,6.4,roster,0,187.0,140.0,15.5833,192.55,10.4144,1.4,1.7188,3.3393,120.12,31.26,0.0,61.17,65.775
2024-05-29 10:00:00,10,55,55,2.0,13.0,38.0,2.0,0.0,1.0,9,9,36,0,36,0,88.817,1407.5,812.0,2535.0,88.817,4.0,10.1,roster,0,180.0,137.5,11.25,188.17,7.4163,1.375,0.8911,3.2727,117.98,31.26,0.0,58.94,63.375
2024-05-29 11:00:00,11,45,45,1.0,11.0,32.0,1.0,0.0,1.0,8,8,29,1,30,1,89.817,1283.0,180.0,2275.0,89.817,4.0,10.1,roster,0,147.0,112.5,3.675,168.87,6.2625,1.125,0.7921,3.2667,96.52,26.05,13.4,52.89,56.875
2024-05-29 12:00:00,12,42,42,1.0,12.0,28.0,1.0,0.0,1.0,7,7,25,1,26,1,70.4,1261.5,221.0,2335.0,70.4,4.0,10.1,roster,0,139.0,105.0,2.4821,160.35,5.7687,1.05,0.6931,3.3095,90.09,22.58,13.4,54.29,58.375
2024-05-29 13:00:00,13,45,45,2.0,13.0,29.0,1.0,0.0,1.0,11,11,24,1,25,1,71.4,1264.0,281.0,2395.0,71.4,4.0,10.1,roster,0,151.0,112.5,2.5167,167.32,7.4296,1.125,1.0891,3.3556,96.52,21.71,13.4,55.68,59.875
2024-05-29 14:00:00,14,41,41,3.0,12.0,24.0,2.0,0.0,1.0,7,8,23,1,24,1,50.933,922.0,307.0,1686.0,50.933,4.0,10.1,roster,0,139.0,102.5,2.1719,141.38,6.1603,1.025,0.7921,3.3902,87.94,20.84,13.4,39.2,42.15
2024-05-29 15:00:00,15,35,35,3.0,11.0,20.0,1.0,0.0,1.0,6,6,19,3,22,3,51.933,1071.0,315.0,1746.0,51.933,4.0,10.1,roster,0,121.0,87.5,1.6806,154.97,5.0787,0.875,0.5941,3.4571,75.08,19.1,40.2,40.59,43.65
2024-05-29 16:00:00,16,43,43,3.0,11.0,27.0,2.0,0.0,1.0,14,14,19,2,21,2,52.933,1172.0,446.0,1806.0,52.933,4.0,10.1,roster,0,144.0,107.5,1.8947,159.26,8.242,1.075,1.3861,3.3488,92.24,18.23,26.8,41.99,45.15
2024-05-29 17:00:00,17,41,41,3.0,11.0,25.0,2.0,0.0,1.0,6,6,23,2,25,2,53.933,1054.0,299.0,1799.0,53.933,4.0,10.1,roster,0,138.0,102.5,2.3,158.28,5.4495,1.025,0.5941,3.3659,87.94,21.71,26.8,41.83,44.975
2024-05-29 18:00:00,18,39,39,3.0,10.0,23.0,3.0,0.0,1.0,5,3,26,2,28,2,54.933,656.5,259.0,1859.0,54.933,4.0,10.1,roster,0,130.0,97.5,2.7083,157.99,4.2401,0.975,0.297,3.3333,83.66,24.31,26.8,43.22,46.475
2024-05-29 19:00:00,19,45,45,3.0,10.0,27.0,5.0,0.0,1.0,11,8,25,3,28,3,55.933,716.5,319.0,1919.0,55.933,4.0,10.1,roster,0,146.0,112.5,3.0417,185.65,6.2199,1.125,0.7921,3.2444,96.52,24.31,40.2,44.62,47.975
2024-05-29 20:00:00,20,45,45,4.0,10.0,26.0,5.0,0.0,1.0,9,8,25,3,28,3,56.933,776.5,379.0,1979.0,56.933,4.0,11.21,roster,0,148.0,112.5,3.0833,187.05,6.0471,1.125,0.7136,3.2889,96.52,24.31,40.2,46.01,49.475
2024-05-29 21:00:00,21,45,45,5.0,9.0,26.0,5.0,0.0,1.0,8,8,26,4,30,4,57.933,710.5,315.0,1907.0,57.933,4.0,11.21,roster,0,149.0,112.5,3.725,200.51,6.088,1.125,0.7136,3.3111,96.52,26.05,53.6,44.34,47.675
2024-05-29 22:00:00,22,43,43,4.0,10.0,25.0,4.0,0.0,1.0,10,8,26,3,29,3,58.933,806.0,354.0,1967.0,58.933,3.0,7.51,roster,0,143.0,107.5,4.3333,183.35,7.1176,1.075,1.0652,3.3256,92.24,25.18,40.2,45.73,49.175
2024-05-29 23:00:00,23,46,46,4.0,12.0,26.0,3.0,1.0,1.0,10,9,26,3,29,3,59.933,866.0,414.0,2027.0,59.933,3.0,7.51,roster,0,153.0,115.0,4.6364,191.18,7.811,1.15,1.1984,3.3261,98.67,25.18,40.2,47.13,50.675
2024-05-30 00:00:00,0,44,44,3.0,12.0,25.0,4.0,0.0,1.0,4,4,29,3,32,3,60.933,850.0,264.0,2087.0,60.933,3.0,7.51,roster,0,146.0,110.0,6.0833,190.89,5.4173,1.1,0.5326,3.3182,94.38,27.79,40.2,48.52,52.175
2024-05-30 01:00:00,1,42,42,3.0,11.0,26.0,2.0,0.0,1.0,6,5,29,3,32,3,61.933,910.0,324.0,2147.0,61.933,3.0,7.51,roster,0,141.0,105.0,5.875,187.99,5.7601,1.05,0.6658,3.3571,90.09,27.79,40.2,49.92,53.675
2024-05-30 02:00:00,2,40,40,3.0,10.0,25.0,2.0,0.0,1.0,2,1,29,2,31,2,62.933,975.0,384.0,2207.0,62.933,3.0,7.51,roster,0,134.0,100.0,4.963,170.83,3.7961,1.0,0.1332,3.35,85.8,26.92,26.8,51.31,55.175
2024-05-30 03:00:00,3,40,40,3.0,10.0,25.0,2.0,0.0,1.0,2,2,29,2,31,2,63.933,1035.0,444.0,2267.0,63.933,3.0,7.51,roster,0,134.0,100.0,4.963,172.23,4.2421,1.0,0.2663,3.35,85.8,26.92,26.8,52.71,56.675
2024-05-30 04:00:00,4,41,41,3.0,10.0,25.0,3.0,0.0,1.0,5,5,29,2,31,2,64.933,1095.0,504.0,2327.0,64.933,3.0,7.51,roster,0,136.0,102.5,5.037,175.77,5.6084,1.025,0.6658,3.3171,87.94,26.92,26.8,54.1,58.175
2024-05-30 05:00:00,5,39,39,3.0,10.0,25.0,1.0,0.0,1.0,1,1,29,2,31,2,65.933,1155.0,564.0,2387.0,65.933,3.0,7.51,roster,0,132.0,97.5,4.8889,172.87,3.7507,0.975,0.1332,3.3846,83.66,26.92,26.8,55.5,59.675
2024-05-30 06:00:00,6,37,37,3.0,10.0,23.0,1.0,0.0,1.0,1,1,29,2,31,2,66.933,1215.0,624.0,2447.0,66.933,3.0,7.51,roster,0,126.0,92.5,4.6667,169.98,3.6034,0.925,0.1332,3.4054,79.36,26.92,26.8,56.89,61.175
2024-05-30 07:00:00,7,40,40,3.0,11.0,25.0,1.0,0.0,1.0,3,3,30,2,32,2,67.933,1270.0,684.0,2507.0,67.933,3.0,7.51,roster,0,136.0,100.0,5.6667,178.67,4.7582,1.0,0.3995,3.4,85.8,27.79,26.8,58.29,62.675
2024-05-30 08:00:00,8,42,42,3.0,12.0,26.0,1.0,0.0,1.0,4,3,30,2,32,2,68.933,1330.0,744.0,2567.0,68.933,3.0,6.65,roster,0,143.0,105.0,5.9583,184.36,5.111,1.05,0.4511,3.4048,90.09,27.79,26.8,59.68,64.175
2024-05-30 09:00:00,9,46,46,3.0,12.0,30.0,1.0,0.0,1.0,5,5,30,2,32,2,67.85,1322.0,782.0,2464.0,67.85,3.0,6.65,roster,0,155.0,115.0,6.4583,190.54,6.4085,1.15,0.7519,3.3696,98.67,27.79,26.8,57.29,61.6
2024-05-30 10:00:00,10,42,42,2.0,11.0,29.0,0.0,0.0,1.0,4,4,28,2,30,2,68.85,1296.0,789.0,2170.0,68.85,4.0,10.01,roster,0,141.0,105.0,3.525,173.39,4.8665,1.05,0.3996,3.3571,90.09,26.05,26.8,50.45,54.25
2024-05-30 11:00:00,11,42,42,2.0,11.0,29.0,0.0,0.0,1.0,7,6,23,2,25,2,69.85,1379.0,849.0,2312.0,69.85,4.0,10.01,roster,0,141.0,105.0,2.35,172.35,5.5373,1.05,0.5994,3.3571,90.09,21.71,26.8,53.75,57.8
2024-05-30 12:00:00,12,42,42,2.0,11.0,29.0,0.0,0.0,1.0,9,8,23,2,25,2,70.85,1393.0,835.0,2372.0,70.85,4.0,10.01,roster,0,141.0,105.0,2.35,173.75,6.208,1.05,0.7992,3.3571,90.09,21.71,26.8,55.15,59.3
2024-05-30 13:00:00,13,45,45,2.0,14.0,28.0,1.0,0.0,1.0,10,10,23,2,25,2,71.85,1453.0,895.0,2432.0,71.85,4.0,10.01,roster,0,152.0,112.5,2.5333,181.58,7.1744,1.125,0.999,3.3778,96.52,21.71,26.8,56.54,60.8
2024-05-30 14:00:00,14,44,44,3.0,12.0,29.0,0.0,0.0,1.0,7,8,21,2,23,2,72.85,1685.0,1029.0,2764.0,72.85,4.0,10.01,roster,0,150.0,110.0,2.2059,185.41,6.4745,1.1,0.7992,3.4091,94.38,19.97,26.8,64.26,69.1
2024-05-30 15:00:00,15,53,53,3.0,16.0,34.0,0.0,0.0,1.0,15,15,24,2,26,2,73.85,1546.0,975.0,2552.0,73.85,4.0,10.01,roster,0,181.0,132.5,3.2321,202.39,9.6425,1.325,1.4985,3.4151,113.68,22.58,26.8,59.33,63.8
2024-05-30 16:00:00,16,55,55,4.0,12.0,38.0,1.0,0.0,1.0,15,15,27,2,29,2,74.85,1434.0,166.0,2530.0,74.85,4.0,10.01,roster,0,184.0,137.5,4.1818,208.78,9.6132,1.375,1.4985,3.3455,117.98,25.18,26.8,58.82,63.25
2024-05-30 17:00:00,17,47,47,4.0,12.0,30.0,0.0,1.0,1.0,5,4,28,2,30,2,75.85,1389.0,208.0,2590.0,75.85,4.0,10.01,roster,0,159.0,117.5,3.975,193.88,5.3268,1.175,0.3996,3.383,100.82,26.05,26.8,60.22,64.75
2024-05-30 18:00:00,18,46,46,4.0,11.0,31.0,0.0,0.0,1.0,7,6,26,2,28,2,76.85,1626.5,286.0,2732.0,76.85,4.0,10.01,roster,0,157.0,115.0,3.2708,193.3,5.9708,1.15,0.5994,3.413,98.67,24.31,26.8,63.52,68.3
2024-05-30 19:00:00,19,39,39,4.0,8.0,27.0,0.0,0.0,1.0,3,2,25,2,27,2,77.85,1759.0,346.0,2792.0,77.85,4.0,10.01,roster,0,133.0,97.5,2.5577,178.81,4.0064,0.975,0.1998,3.4103,83.66,23.44,26.8,64.91,69.8
2024-05-30 20:00:00,20,40,40,4.0,9.0,26.0,1.0,0.0,1.0,8,7,24,2,26,2,78.85,1846.0,863.0,2852.0,78.85,4.0,11.65,roster,0,136.0,100.0,2.4286,181.48,5.4429,1.0,0.6009,3.4,85.8,22.58,26.8,66.31,71.3
2024-05-30 21:00:00,21,43,43,3.0,8.0,29.0,3.0,0.0,1.0,9,8,24,2,26,2,79.85,1906.0,923.0,2912.0,79.85,4.0,11.65,roster,0,140.0,107.5,2.5,189.31,5.7358,1.075,0.6867,3.2558,92.24,22.58,26.8,67.7,72.8
2024-05-30 22:00:00,22,47,47,4.0,8.0,32.0,3.0,0.0,1.0,13,11,25,2,27,2,80.85,1939.0,526.0,2972.0,80.85,3.0,8.29,roster,0,154.0,117.5,3.9487,200.16,8.1977,1.175,1.3269,3.2766,100.82,23.44,26.8,69.1,74.3
2024-05-30 23:00:00,23,40,40,4.0,8.0,27.0,1.0,0.0,1.0,6,5,26,3,29,3,81.85,1854.0,568.0,2950.0,81.85,3.0,8.29,roster,0,135.0,100.0,4.0909,199.77,5.4106,1.0,0.6031,3.375,85.8,25.18,40.2,68.59,73.75
2024-05-31 00:00:00,0,39,39,4.0,8.0,24.0,3.0,0.0,1.0,9,6,26,3,29,3,82.85,1914.0,628.0,3010.0,82.85,3.0,8.29,roster,0,130.0,97.5,3.9394,199.02,5.6625,0.975,0.7238,3.3333,83.66,25.18,40.2,69.98,75.25
2024-05-31 01:00:00,1,36,36,4.0,8.0,23.0,1.0,0.0,1.0,4,3,26,3,29,3,83.85,1974.0,688.0,3070.0,83.85,3.0,8.29,roster,0,123.0,90.0,3.7273,193.98,4.3114,0.9,0.3619,3.4167,77.22,25.18,40.2,71.38,76.75
2024-05-31 02:00:00,2,34,34,4.0,8.0,21.0,1.0,0.0,1.0,1,0,26,3,29,3,84.85,2034.0,748.0,3130.0,84.85,3.0,8.29,roster,0,117.0,85.0,3.5455,191.08,2.925,0.85,0.0,3.4412,72.93,25.18,40.2,72.77,78.25
2024-05-31 03:00:00,3,32,32,4.0,8.0,20.0,0.0,0.0,1.0,1,1,26,3,29,3,85.85,2094.0,808.0,3190.0,85.85,3.0,8.29,roster,0,112.0,80.0,3.3939,188.19,3.2222,0.8,0.1206,3.5,68.64,25.18,40.2,74.17,79.75
2024-05-31 04:00:00,4,35,35,4.0,9.0,22.0,0.0,0.0,1.0,4,4,26,3,29,3,86.85,2154.0,868.0,3250.0,86.85,3.0,8.29,roster,0,122.0,87.5,3.697,196.02,4.7319,0.875,0.4825,3.4857,75.08,25.18,40.2,75.56,81.25
2024-05-31 05:00:00,5,35,35,4.0,9.0,21.0,1.0,0.0,1.0,3,2,27,3,30,3,87.85,2109.0,891.0,3310.0,87.85,3.0,8.29,roster,0,121.0,87.5,4.0333,198.28,3.8591,0.875,0.2413,3.4571,75.08,26.05,40.2,76.96,82.75
2024-05-31 06:00:00,6,34,34,4.0,9.0,21.0,0.0,0.0,1.0,0,0,27,3,30,3,88.85,2169.0,951.0,3370.0,88.85,3.0,8.29,roster,0,119.0,85.0,3.9667,197.53,2.975,0.85,0.0,3.5,72.93,26.05,40.2,78.35,84.25
2024-05-31 07:00:00,7,36,36,4.0,9.0,22.0,1.0,0.0,1.0,3,3,27,3,30,3,89.85,2229.0,1011.0,3430.0,89.85,3.0,8.29,roster,0,124.0,90.0,4.1333,203.22,4.3465,0.9,0.3619,3.4444,77.22,26.05,40.2,79.75,85.75
2024-05-31 08:00:00,8,36,36,4.0,9.0,22.0,1.0,0.0,1.0,3,2,27,2,29,2,90.85,2394.0,1108.0,3490.0,90.85,3.0,7.31,roster,0,124.0,90.0,3.7576,190.34,4.0424,0.9,0.2736,3.4444,77.22,25.18,26.8,81.14,87.25
2024-05-31 09:00:00,9,36,36,4.0,11.0,20.0,1.0,0.0,1.0,4,4,26,2,28,2,84.067,2349.0,1168.0,3550.0,71.733,3.0,7.31,roster,0,126.0,90.0,3.5,190.87,5.0652,0.9,0.5472,3.5,77.22,24.31,26.8,82.54,88.75
2024-05-31 10:00:00,10,43,43,4.0,11.0,27.0,1.0,0.0,1.0,8,8,28,2,30,2,85.067,2293.0,1119.0,3132.0,72.733,4.0,10.64,roster,0,147.0,107.5,3.675,197.9,6.2454,1.075,0.7519,3.4186,92.24,26.05,26.8,72.82,78.3
2024-05-31 11:00:00,11,54,54,4.0,13.0,36.0,1.0,0.0,1.0,15,15,28,3,31,3,73.733,2289.0,786.0,3192.0,73.733,4.0,10.64,roster,0,182.0,135.0,5.0556,237.16,9.3015,1.35,1.4098,3.3704,115.83,26.92,40.2,74.21,79.8
2024-05-31 12:00:00,12,52,52,2.0,12.0,37.0,1.0,0.0,1.0,7,7,27,3,30,3,74.733,1820.5,234.0,3015.0,74.733,4.0,10.64,roster,0,171.0,130.0,4.275,227.89,6.4385,1.3,0.6579,3.2885,111.54,26.05,40.2,70.1,75.375
2024-05-31 13:00:00,13,52,52,2.0,13.0,36.0,1.0,0.0,1.0,11,10,23,3,26,3,72.383,1282.0,257.0,2839.0,72.383,4.0,10.64,roster,0,172.0,130.0,3.0714,220.32,7.4087,1.3,0.9398,3.3077,111.54,22.58,40.2,66.01,70.975
2024-05-31 14:00:00,14,43,43,3.0,12.0,26.0,2.0,0.0,1.0,6,6,17,2,19,2,65.533,1325.0,246.0,2899.0,65.533,4.0,10.64,roster,0,145.0,107.5,1.7262,182.93,5.5266,1.075,0.5639,3.3721,92.24,16.5,26.8,67.4,72.475
2024-05-31 15:00:00,15,41,41,2.0,14.0,24.0,1.0,0.0,1.0,8,8,19,2,21,2,66.533,414.0,240.0,2604.0,66.533,4.0,10.64,roster,0,140.0,102.5,1.8421,173.52,6.0674,1.025,0.7519,3.4146,87.94,18.23,26.8,60.54,65.1
2024-05-31 16:00:00,16,35,35,3.0,12.0,20.0,0.0,0.0,1.0,4,5,20,1,21,1,54.25,392.0,168.0,1479.0,54.25,4.0,10.64,roster,0,123.0,87.5,1.6184,121.1,4.7265,0.875,0.4699,3.5143,75.08,18.23,13.4,34.39,36.975
2024-05-31 17:00:00,17,37,37,3.0,11.0,21.0,2.0,0.0,1.0,8,7,21,3,24,3,55.25,405.0,189.0,1539.0,55.25,4.0,10.64,roster,0,126.0,92.5,1.9688,156.19,5.3904,0.925,0.6579,3.4054,79.36,20.84,40.2,35.78,38.475
2024-05-31 18:00:00,18,41,41,3.0,10.0,25.0,2.0,1.0,1.0,10,10,20,3,23,3,56.25,420.0,208.0,1565.0,56.25,4.0,10.64,roster,0,135.0,102.5,1.9853,164.5,6.4696,1.025,0.9398,3.2927,87.94,19.97,40.2,36.39,39.125
2024-05-31 19:00:00,19,39,39,2.0,11.0,18.0,7.0,1.0,1.0,9,10,18,3,21,3,57.25,401.0,243.0,1625.0,57.25,4.0,10.64,roster,0,123.0,97.5,1.6184,159.87,6.0391,0.975,0.9398,3.1538,83.66,18.23,40.2,37.78,40.625
2024-05-31 20:00:00,20,41,41,2.0,11.0,22.0,6.0,0.0,1.0,9,9,19,3,22,3,58.25,434.5,267.0,1685.0,58.25,4.0,9.96,roster,0,132.0,102.5,1.8333,166.42,6.2092,1.025,0.9036,3.2195,87.94,19.1,40.2,39.18,42.125
2024-05-31 21:00:00,21,41,41,1.0,11.0,25.0,4.0,0.0,1.0,9,9,22,2,24,2,59.25,463.0,242.0,1745.0,59.25,4.0,9.96,roster,0,132.0,102.5,2.0625,156.16,6.2092,1.025,0.9036,3.2195,87.94,20.84,26.8,40.57,43.625
2024-05-31 22:00:00,22,45,45,1.0,12.0,29.0,3.0,0.0,1.0,13,13,24,1,25,1,60.083,489.0,230.0,710.0,60.083,3.0,6.63,roster,0,146.0,112.5,3.2444,128.14,10.0117,1.125,1.9608,3.2444,96.52,21.71,13.4,16.51,17.75
2024-05-31 23:00:00,23,43,43,2.0,12.0,25.0,4.0,0.0,1.0,8,7,26,1,27,1,61.083,508.0,224.0,770.0,61.083,3.0,6.63,roster,0,141.0,107.5,3.6154,126.98,6.9871,1.075,1.0558,3.2791,92.24,23.44,13.4,17.9,19.25
