ts,hour,total,census,l1,l2,l3,l4,l5,tri_coverage,arrivals,arrival_present_1h,waitBed,waitICU,D_board,resus,maxLOS_h,awt_curr_min,board_q1_min,board_q3_min,board_max_h,Na,cap_sum,cap_source,src_gap,acuity,OCCUPANCY,EDWIN,NEDOCS,READI,READI_BR,READI_PR,READI_AR,NEDOCS_t_total,NEDOCS_t_board,NEDOCS_t_resus,NEDOCS_t_longest_admit,NEDOCS_E_h
2025-09-01 00:00:00,0,28,28,1.0,4.0,20.0,3.0,0.0,1.0,6,6,13,1,14,1,35.0,400.5,107.0,575.0,35.0,3.0,6.38,roster,0,87.0,70.0,1.1154,78.99,5.0971,0.7,0.9404,3.1071,60.06,12.16,13.4,13.37,14.375
2025-09-01 01:00:00,1,26,26,2.0,4.0,18.0,2.0,0.0,1.0,6,5,13,1,14,1,36.0,460.5,167.0,635.0,36.0,3.0,6.38,roster,0,84.0,65.0,1.0769,76.09,4.632,0.65,0.7837,3.2308,55.77,12.16,13.4,14.76,15.875
2025-09-01 02:00:00,2,25,25,2.0,4.0,18.0,1.0,0.0,1.0,1,1,13,2,15,2,37.0,489.0,215.0,695.0,37.0,3.0,6.38,roster,0,82.0,62.5,1.0933,89.61,2.5641,0.625,0.1567,3.28,53.62,13.02,26.8,16.16,17.375
2025-09-01 03:00:00,3,26,26,2.0,4.0,20.0,0.0,0.0,1.0,6,5,13,1,14,1,38.0,580.5,287.0,755.0,38.0,3.0,6.38,roster,0,86.0,65.0,1.1026,78.88,4.7422,0.65,0.7837,3.3077,55.77,12.16,13.4,17.55,18.875
2025-09-01 04:00:00,4,24,24,2.0,5.0,17.0,0.0,0.0,1.0,1,1,15,0,15,0,39.0,609.0,326.0,815.0,39.0,3.0,6.38,roster,0,81.0,60.0,1.08,63.45,2.554,0.6,0.1567,3.375,51.48,13.02,0.0,18.95,20.375
2025-09-01 05:00:00,5,27,27,2.0,6.0,19.0,0.0,0.0,1.0,4,4,15,0,15,0,40.0,669.0,386.0,875.0,40.0,3.0,6.38,roster,0,91.0,67.5,1.2133,71.28,4.3881,0.675,0.627,3.3704,57.92,13.02,0.0,20.34,21.875
2025-09-01 06:00:00,6,28,28,2.0,6.0,20.0,0.0,0.0,1.0,3,2,16,0,16,0,41.0,720.0,446.0,935.0,41.0,3.0,6.38,roster,0,94.0,70.0,1.3056,75.69,3.4024,0.7,0.3135,3.3571,60.06,13.89,0.0,21.74,23.375
2025-09-01 07:00:00,7,28,28,2.0,6.0,20.0,0.0,0.0,1.0,3,3,17,0,17,0,42.0,771.0,503.0,978.0,42.0,3.0,6.38,roster,0,94.0,70.0,1.3623,77.56,3.9286,0.7,0.4702,3.3571,60.06,14.76,0.0,22.74,24.45
2025-09-01 08:00:00,8,28,28,2.0,6.0,20.0,0.0,0.0,1.0,4,1,17,0,17,0,43.0,831.0,563.0,1038.0,43.0,3.0,6.82,roster,0,94.0,70.0,1.3623,78.95,2.8422,0.7,0.1466,3.3571,60.06,14.76,0.0,24.13,25.95
2025-09-01 09:00:00,9,28,28,2.0,7.0,19.0,0.0,0.0,1.0,4,4,17,0,17,0,44.0,891.0,623.0,1098.0,44.0,3.0,6.82,roster,0,95.0,70.0,1.3768,80.35,4.3649,0.7,0.5865,3.3929,60.06,14.76,0.0,25.53,27.45
2025-09-01 10:00:00,10,33,33,1.0,6.0,26.0,0.0,0.0,1.0,11,10,17,0,17,0,45.0,879.0,432.0,1158.0,45.0,4.0,10.07,roster,0,107.0,82.5,1.163,92.47,5.8949,0.825,0.993,3.2424,70.78,14.76,0.0,26.92,28.95
2025-09-01 11:00:00,11,39,39,2.0,8.0,28.0,1.0,0.0,1.0,12,13,16,0,16,0,46.0,617.5,352.0,1218.0,46.0,4.0,10.07,roster,0,128.0,97.5,1.3333,105.87,7.437,0.975,1.291,3.2821,83.66,13.89,0.0,28.32,30.45
2025-09-01 12:00:00,12,47,47,2.0,12.0,31.0,2.0,0.0,1.0,11,10,19,1,20,1,47.0,497.0,139.0,1232.0,47.0,4.0,10.07,roster,0,155.0,117.5,1.9375,140.23,7.1499,1.175,0.993,3.2979,100.82,17.37,13.4,28.64,30.8
2025-09-01 13:00:00,13,51,51,2.0,11.0,35.0,3.0,0.0,1.0,15,15,19,1,20,1,45.967,201.0,128.0,863.0,45.967,4.0,10.07,roster,0,165.0,127.5,2.0625,140.23,8.9442,1.275,1.4896,3.2353,109.39,17.37,13.4,20.06,21.575
2025-09-01 14:00:00,14,45,45,2.0,11.0,31.0,1.0,0.0,1.0,7,7,18,2,20,2,46.967,227.0,129.0,923.0,46.967,4.0,10.07,roster,0,149.0,112.5,1.8625,142.15,6.0267,1.125,0.6951,3.3111,96.52,17.37,26.8,21.46,23.075
2025-09-01 15:00:00,15,31,31,2.0,10.0,19.0,0.0,0.0,1.0,2,2,15,1,16,1,47.967,313.0,210.0,1332.0,47.967,4.0,10.07,roster,0,107.0,77.5,1.1146,104.76,3.3605,0.775,0.1986,3.4516,66.5,13.89,13.4,30.97,33.3
2025-09-01 16:00:00,16,27,27,0.0,8.0,19.0,0.0,0.0,1.0,3,3,12,0,12,0,48.967,577.5,270.0,1472.0,48.967,4.0,10.07,roster,0,89.0,67.5,0.7946,82.56,3.207,0.675,0.2979,3.2963,57.92,10.42,0.0,34.22,36.8
2025-09-01 17:00:00,17,26,26,1.0,8.0,16.0,1.0,0.0,1.0,7,6,11,0,11,0,49.967,852.0,330.0,1532.0,49.967,4.0,10.07,roster,0,87.0,65.0,0.75,80.94,4.1687,0.65,0.5958,3.3462,55.77,9.55,0.0,35.62,38.3
2025-09-01 18:00:00,18,30,30,1.0,8.0,21.0,0.0,0.0,1.0,6,6,14,0,14,0,50.967,467.0,333.0,1512.0,50.967,4.0,10.07,roster,0,100.0,75.0,0.9615,91.66,4.4861,0.75,0.5958,3.3333,64.35,12.16,0.0,35.15,37.8
2025-09-01 19:00:00,19,32,32,2.0,6.0,22.0,1.0,1.0,1.0,9,8,13,1,14,1,51.967,480.5,179.0,1223.0,51.967,4.0,10.07,roster,0,103.0,80.0,0.9904,102.63,5.1321,0.8,0.7944,3.2188,68.64,12.16,13.4,28.43,30.575
2025-09-01 20:00:00,20,33,33,2.0,7.0,24.0,0.0,0.0,1.0,6,6,17,2,19,2,52.967,453.0,113.0,1032.0,52.967,4.0,10.16,roster,0,110.0,82.5,1.3095,118.08,4.7185,0.825,0.5906,3.3333,70.78,16.5,26.8,23.99,25.8
2025-09-01 21:00:00,21,33,33,2.0,7.0,23.0,1.0,0.0,1.0,8,5,19,1,20,1,53.967,406.0,165.0,1092.0,53.967,4.0,10.16,roster,0,109.0,82.5,1.3625,106.94,4.3505,0.825,0.4921,3.303,70.78,17.37,13.4,25.39,27.3
2025-09-01 22:00:00,22,29,29,3.0,5.0,20.0,1.0,0.0,1.0,4,4,17,1,18,1,54.967,346.5,201.0,723.0,54.967,3.0,6.91,roster,0,97.0,72.5,1.4697,88.04,4.3612,0.725,0.5789,3.3448,62.2,15.63,13.4,16.81,18.075
2025-09-01 23:00:00,23,31,31,3.0,4.0,23.0,1.0,0.0,1.0,6,5,18,2,20,2,55.967,392.5,247.0,783.0,55.967,3.0,6.91,roster,0,102.0,77.5,1.7,108.87,4.9308,0.775,0.7236,3.2903,66.5,17.37,26.8,18.2,19.575
2025-09-02 00:00:00,0,35,35,2.0,5.0,27.0,1.0,0.0,1.0,9,8,19,1,20,1,56.967,452.5,307.0,843.0,56.967,3.0,6.91,roster,0,113.0,87.5,1.8833,105.44,6.5629,0.875,1.1577,3.2286,75.08,17.37,13.4,19.6,21.075
2025-09-02 01:00:00,1,30,30,2.0,5.0,22.0,1.0,0.0,1.0,2,2,19,1,20,1,57.967,512.5,367.0,903.0,57.967,3.0,6.91,roster,0,98.0,75.0,1.6333,96.11,3.3955,0.75,0.2894,3.2667,64.35,17.37,13.4,20.99,22.575
2025-09-02 02:00:00,2,30,30,2.0,5.0,21.0,1.0,1.0,1.0,4,3,19,1,20,1,58.967,572.5,427.0,963.0,58.967,3.0,6.91,roster,0,96.0,75.0,1.6,97.51,3.7893,0.75,0.4342,3.2,64.35,17.37,13.4,22.39,24.075
2025-09-02 03:00:00,3,29,29,1.0,5.0,22.0,1.0,0.0,1.0,4,3,19,0,19,0,59.967,634.0,483.0,1023.0,59.967,3.0,6.91,roster,0,93.0,72.5,1.4762,82.49,3.7173,0.725,0.4342,3.2069,62.2,16.5,0.0,23.78,25.575
2025-09-02 04:00:00,4,30,30,1.0,6.0,21.0,2.0,0.0,1.0,2,2,19,0,19,0,60.967,694.0,543.0,1083.0,60.967,3.0,6.91,roster,0,96.0,75.0,1.5238,86.03,3.3262,0.75,0.2894,3.2,64.35,16.5,0.0,25.18,27.075
2025-09-02 05:00:00,5,28,28,1.0,6.0,18.0,3.0,0.0,1.0,1,1,20,0,20,0,61.967,752.5,603.0,1143.0,61.967,3.0,6.91,roster,0,89.0,70.0,1.4833,84.0,2.685,0.7,0.1447,3.1786,60.06,17.37,0.0,26.57,28.575
2025-09-02 06:00:00,6,33,33,1.0,7.0,21.0,4.0,0.0,1.0,6,6,20,0,20,0,62.967,812.5,663.0,1203.0,62.967,3.0,6.91,roster,0,104.0,82.5,1.7333,96.12,5.3365,0.825,0.8683,3.1515,70.78,17.37,0.0,27.97,30.075
2025-09-02 07:00:00,7,32,32,1.0,7.0,23.0,1.0,0.0,1.0,3,4,20,1,21,1,63.967,871.0,712.0,1231.0,63.967,3.0,6.91,roster,0,104.0,80.0,1.8246,108.9,4.4813,0.8,0.5789,3.25,68.64,18.23,13.4,28.62,30.775
2025-09-02 08:00:00,8,35,35,1.0,7.0,26.0,1.0,0.0,1.0,6,5,21,1,22,1,64.967,882.0,744.0,1291.0,64.967,3.0,6.66,roster,0,113.0,87.5,2.0926,117.59,5.2489,0.875,0.7508,3.2286,75.08,19.1,13.4,30.02,32.275
2025-09-02 09:00:00,9,38,38,0.0,6.0,29.0,3.0,0.0,1.0,6,6,21,0,21,0,65.967,893.0,804.0,1351.0,65.967,3.0,6.66,roster,0,117.0,95.0,2.0526,111.16,5.6988,0.95,0.9009,3.0789,81.51,18.23,0.0,31.41,33.775
2025-09-02 10:00:00,10,44,44,0.0,7.0,32.0,5.0,0.0,1.0,9,7,22,0,22,0,66.967,949.0,741.0,1411.0,66.967,4.0,9.91,roster,0,134.0,110.0,1.8611,126.29,5.5012,1.1,0.7064,3.0455,94.38,19.1,0.0,32.81,35.275
2025-09-02 11:00:00,11,29,29,0.0,5.0,22.0,2.0,0.0,1.0,4,4,20,0,20,0,67.967,965.0,275.0,1471.0,67.967,4.0,9.91,roster,0,90.0,72.5,1.125,93.77,3.5027,0.725,0.4036,3.1034,62.2,17.37,0.0,34.2,36.775
2025-09-02 12:00:00,12,32,32,0.0,7.0,23.0,2.0,0.0,1.0,10,10,18,0,18,0,43.2,840.0,139.0,1199.0,43.2,4.0,9.91,roster,0,101.0,80.0,1.1477,92.15,5.7099,0.8,1.0091,3.1562,68.64,15.63,0.0,27.88,29.975
2025-09-02 13:00:00,13,36,36,1.0,7.0,26.0,2.0,0.0,1.0,6,6,22,0,22,0,44.2,337.0,140.0,1231.0,44.2,4.0,9.91,roster,0,115.0,90.0,1.5972,104.94,4.8091,0.9,0.6054,3.1944,77.22,19.1,0.0,28.62,30.775
2025-09-02 14:00:00,14,34,34,1.0,7.0,23.0,3.0,0.0,1.0,4,4,20,0,20,0,45.2,254.0,164.0,1143.0,45.2,4.0,9.91,roster,0,108.0,85.0,1.35,96.87,3.9821,0.85,0.4036,3.1765,72.93,17.37,0.0,26.57,28.575
2025-09-02 15:00:00,15,33,33,1.0,7.0,22.0,3.0,0.0,1.0,7,7,16,0,16,0,40.383,258.5,185.0,1192.0,40.383,4.0,9.91,roster,0,105.0,82.5,1.0938,92.39,4.8725,0.825,0.7064,3.1818,70.78,13.89,0.0,27.71,29.8
2025-09-02 16:00:00,16,30,30,1.0,8.0,19.0,2.0,0.0,1.0,3,2,15,0,15,0,41.383,284.0,213.0,1101.0,41.383,4.0,9.91,roster,0,98.0,75.0,0.98,82.97,3.1093,0.75,0.2018,3.2667,64.35,13.02,0.0,25.6,27.525
2025-09-02 17:00:00,17,29,29,2.0,8.0,19.0,0.0,0.0,1.0,4,4,16,0,16,0,42.383,332.5,273.0,1161.0,42.383,4.0,9.91,roster,0,99.0,72.5,1.0312,83.09,3.8529,0.725,0.4036,3.4138,62.2,13.89,0.0,26.99,29.025
2025-09-02 18:00:00,18,27,27,1.0,8.0,18.0,0.0,0.0,1.0,6,4,14,0,14,0,29.55,392.5,333.0,695.0,29.55,4.0,9.91,roster,0,91.0,67.5,0.875,66.23,3.6354,0.675,0.4036,3.3704,57.92,12.16,0.0,16.16,17.375
2025-09-02 19:00:00,19,28,28,0.0,9.0,19.0,0.0,0.0,1.0,6,6,11,0,11,0,30.55,441.0,369.0,1281.0,30.55,4.0,9.91,roster,0,93.0,70.0,0.8017,79.39,4.336,0.7,0.6054,3.3214,60.06,9.55,0.0,29.78,32.025
2025-09-02 20:00:00,20,32,32,0.0,6.0,25.0,1.0,0.0,1.0,11,11,11,0,11,0,31.55,485.0,390.0,815.0,31.55,4.0,11.44,roster,0,101.0,80.0,0.8707,77.14,5.5599,0.8,0.9615,3.1562,68.64,9.55,0.0,18.95,20.375
2025-09-02 21:00:00,21,32,32,0.0,4.0,27.0,1.0,0.0,1.0,10,8,11,0,11,0,32.55,513.0,398.0,660.0,32.55,4.0,11.44,roster,0,99.0,80.0,0.8534,73.54,4.6385,0.8,0.6993,3.0938,68.64,9.55,0.0,15.34,16.5
2025-09-02 22:00:00,22,23,23,0.0,4.0,19.0,0.0,0.0,1.0,6,5,12,0,12,0,33.55,561.0,147.0,720.0,33.55,3.0,8.19,roster,0,73.0,57.5,0.869,56.49,3.7627,0.575,0.6105,3.1739,49.33,10.42,0.0,16.74,18.0
2025-09-02 23:00:00,23,25,25,0.0,4.0,21.0,0.0,0.0,1.0,9,7,14,0,14,0,34.55,225.5,143.0,681.0,34.55,3.0,8.19,roster,0,79.0,62.5,1.0128,61.61,4.6759,0.625,0.8547,3.16,53.62,12.16,0.0,15.83,17.025
2025-09-03 00:00:00,0,28,28,0.0,5.0,23.0,0.0,0.0,1.0,9,9,14,0,14,0,35.55,285.5,203.0,741.0,35.55,3.0,8.19,roster,0,89.0,70.0,1.141,69.44,5.7179,0.7,1.0989,3.1786,60.06,12.16,0.0,17.23,18.525
2025-09-03 01:00:00,1,23,23,0.0,4.0,19.0,0.0,0.0,1.0,1,1,16,1,17,1,36.55,277.0,222.0,785.0,36.55,3.0,8.19,roster,0,73.0,57.5,1.058,75.75,2.2125,0.575,0.1221,3.1739,49.33,14.76,13.4,18.25,19.625
2025-09-03 02:00:00,2,26,26,0.0,5.0,21.0,0.0,0.0,1.0,5,5,16,1,17,1,37.55,337.0,282.0,845.0,37.55,3.0,8.19,roster,0,83.0,65.0,1.2029,83.58,4.0239,0.65,0.6105,3.1923,55.77,14.76,13.4,19.65,21.125
2025-09-03 03:00:00,3,26,26,0.0,5.0,21.0,0.0,0.0,1.0,3,3,16,2,18,2,38.55,393.5,326.0,905.0,38.55,3.0,8.19,roster,0,83.0,65.0,1.2576,99.24,3.2443,0.65,0.3663,3.1923,55.77,15.63,26.8,21.04,22.625
2025-09-03 04:00:00,4,24,24,0.0,6.0,18.0,0.0,0.0,1.0,1,1,16,1,17,1,39.55,457.0,402.0,965.0,39.55,3.0,8.19,roster,0,78.0,60.0,1.1304,82.08,2.3468,0.6,0.1221,3.25,51.48,14.76,13.4,22.44,24.125
2025-09-03 05:00:00,5,24,24,0.0,6.0,18.0,0.0,0.0,1.0,2,2,16,2,18,2,40.55,513.5,446.0,1025.0,40.55,3.0,8.19,roster,0,78.0,60.0,1.1818,97.74,2.7437,0.6,0.2442,3.25,51.48,15.63,26.8,23.83,25.625
2025-09-03 06:00:00,6,25,25,0.0,5.0,20.0,0.0,0.0,1.0,4,4,16,1,17,1,41.55,577.0,522.0,1085.0,41.55,3.0,8.19,roster,0,80.0,62.5,1.1594,87.01,3.5629,0.625,0.4884,3.2,53.62,14.76,13.4,25.23,27.125
2025-09-03 07:00:00,7,27,27,0.0,4.0,23.0,0.0,0.0,1.0,4,4,18,0,18,0,42.55,633.5,566.0,1145.0,42.55,3.0,8.19,roster,0,85.0,67.5,1.2879,80.17,3.6626,0.675,0.4884,3.1481,57.92,15.63,0.0,26.62,28.625
2025-09-03 08:00:00,8,34,34,1.0,5.0,27.0,1.0,0.0,1.0,8,8,18,0,18,0,43.55,693.5,626.0,1205.0,43.55,3.0,6.67,roster,0,108.0,85.0,1.6364,96.58,6.5099,0.85,1.1994,3.1765,72.93,15.63,0.0,28.02,30.125
2025-09-03 09:00:00,9,37,37,1.0,4.0,31.0,1.0,0.0,1.0,7,6,18,1,19,1,44.55,706.0,205.0,1265.0,44.55,3.0,6.67,roster,0,116.0,92.5,1.8413,118.67,5.7202,0.925,0.8996,3.1351,79.36,16.5,13.4,29.41,31.625
2025-09-03 10:00:00,10,37,37,1.0,5.0,31.0,0.0,0.0,1.0,8,8,19,2,21,2,45.55,762.0,260.0,1293.0,45.55,4.0,10.13,roster,0,118.0,92.5,1.5526,134.46,5.4686,0.925,0.7897,3.1892,79.36,18.23,26.8,30.06,32.325
2025-09-03 11:00:00,11,42,42,1.0,4.0,37.0,0.0,0.0,1.0,12,12,18,2,20,2,39.867,759.5,238.0,964.0,39.867,4.0,10.13,roster,0,132.0,105.0,1.65,136.67,7.023,1.05,1.1846,3.1429,90.09,17.37,26.8,22.41,24.1
2025-09-03 12:00:00,12,47,47,2.0,5.0,38.0,2.0,0.0,1.0,14,13,18,2,20,2,40.867,798.5,265.0,1024.0,40.867,4.0,10.13,roster,0,148.0,117.5,1.85,148.79,7.7411,1.175,1.2833,3.1489,100.82,17.37,26.8,23.81,25.6
2025-09-03 13:00:00,13,54,54,2.0,7.0,42.0,3.0,0.0,1.0,14,14,20,1,21,1,41.867,791.0,274.0,1047.0,41.867,4.0,10.13,roster,0,170.0,135.0,2.2368,151.81,8.6008,1.35,1.382,3.1481,115.83,18.23,13.4,24.34,26.175
2025-09-03 14:00:00,14,48,48,2.0,7.0,36.0,3.0,0.0,1.0,2,2,21,1,22,1,42.867,502.5,246.0,1057.0,42.867,4.0,10.13,roster,0,152.0,120.0,2.1111,140.04,4.4252,1.2,0.1974,3.1667,102.96,19.1,13.4,24.58,26.425
2025-09-03 15:00:00,15,46,46,1.0,7.0,37.0,1.0,0.0,1.0,9,8,19,2,21,2,43.867,478.0,285.0,1066.0,43.867,4.0,10.13,roster,0,146.0,115.0,1.9211,148.49,6.1565,1.15,0.7897,3.1739,98.67,18.23,26.8,24.78,26.65
2025-09-03 16:00:00,16,38,38,1.0,8.0,28.0,1.0,0.0,1.0,7,7,14,2,16,2,28.35,408.5,290.0,1126.0,28.35,4.0,10.13,roster,0,123.0,95.0,1.2812,128.38,5.3117,0.95,0.691,3.2368,81.51,13.89,26.8,26.18,28.15
2025-09-03 17:00:00,17,39,39,1.0,8.0,25.0,5.0,0.0,1.0,11,11,14,2,16,2,29.35,468.5,295.0,1186.0,29.35,4.0,10.13,roster,0,122.0,97.5,1.2708,131.92,6.4469,0.975,1.0859,3.1282,83.66,13.89,26.8,27.57,29.65
2025-09-03 18:00:00,18,36,36,1.0,8.0,25.0,2.0,0.0,1.0,4,5,15,2,17,2,30.35,486.0,331.0,1226.0,30.35,4.0,10.13,roster,0,116.0,90.0,1.2609,127.29,4.4904,0.9,0.4936,3.2222,77.22,14.76,26.8,28.5,30.65
2025-09-03 19:00:00,19,28,28,1.0,7.0,20.0,0.0,0.0,1.0,3,3,14,2,16,2,31.35,588.5,415.0,1306.0,31.35,4.0,10.13,roster,0,93.0,70.0,0.9688,111.12,3.3086,0.7,0.2962,3.3214,60.06,13.89,26.8,30.36,32.65
2025-09-03 20:00:00,20,26,26,0.0,7.0,16.0,3.0,0.0,1.0,8,6,12,1,13,1,32.35,606.0,475.0,1366.0,32.35,4.0,9.82,roster,0,82.0,65.0,0.7593,92.22,3.977,0.65,0.611,3.1538,55.77,11.29,13.4,31.76,34.15
2025-09-03 21:00:00,21,27,27,0.0,6.0,19.0,2.0,0.0,1.0,6,6,13,1,14,1,33.35,594.0,395.0,1406.0,33.35,4.0,9.82,roster,0,85.0,67.5,0.8173,96.16,4.0485,0.675,0.611,3.1481,57.92,12.16,13.4,32.69,35.15
2025-09-03 22:00:00,22,26,26,0.0,5.0,21.0,0.0,0.0,1.0,6,5,15,1,16,1,34.35,566.5,177.0,1466.0,34.35,3.0,6.36,roster,0,83.0,65.0,1.1528,97.15,4.5847,0.65,0.7862,3.1923,55.77,13.89,13.4,34.08,36.65
2025-09-03 23:00:00,23,25,25,0.0,5.0,20.0,0.0,0.0,1.0,3,3,16,1,17,1,35.35,598.0,197.0,871.0,35.35,3.0,6.36,roster,0,80.0,62.5,1.1594,82.04,3.5094,0.625,0.4717,3.2,53.62,14.76,13.4,20.25,21.775
2025-09-04 00:00:00,0,29,29,0.0,6.0,23.0,0.0,0.0,1.0,8,8,15,0,15,0,36.35,715.0,257.0,1586.0,36.35,3.0,6.36,roster,0,93.0,72.5,1.24,92.1,6.3588,0.725,1.2579,3.2069,62.2,13.02,0.0,36.87,39.65
2025-09-04 01:00:00,1,22,22,0.0,6.0,16.0,0.0,0.0,1.0,3,3,14,0,14,0,37.35,705.0,317.0,1646.0,37.35,3.0,6.36,roster,0,72.0,55.0,0.9231,77.62,3.3437,0.55,0.4717,3.2727,47.19,12.16,0.0,38.27,41.15
2025-09-04 02:00:00,2,22,22,0.0,5.0,16.0,1.0,0.0,1.0,6,3,14,0,14,0,38.35,765.0,377.0,1706.0,38.35,3.0,6.36,roster,0,70.0,55.0,0.8974,79.01,3.2509,0.55,0.4717,3.1818,47.19,12.16,0.0,39.66,42.65
2025-09-04 03:00:00,3,22,22,0.0,5.0,17.0,0.0,0.0,1.0,2,2,15,0,15,0,39.35,755.0,409.0,1766.0,39.35,3.0,6.36,roster,0,71.0,55.0,0.9467,81.27,2.7899,0.55,0.3145,3.2273,47.19,13.02,0.0,41.06,44.15
2025-09-04 04:00:00,4,23,23,0.0,6.0,17.0,0.0,0.0,1.0,3,3,16,0,16,0,40.35,770.5,469.0,1826.0,40.35,3.0,6.36,roster,0,75.0,57.5,1.0417,85.68,3.4131,0.575,0.4717,3.2609,49.33,13.89,0.0,42.45,45.65
2025-09-04 05:00:00,5,27,27,0.0,7.0,20.0,0.0,0.0,1.0,4,4,18,0,18,0,41.35,691.5,457.0,1231.0,41.35,3.0,6.36,roster,0,88.0,67.5,1.3333,82.17,4.2498,0.675,0.6289,3.2593,57.92,15.63,0.0,28.62,30.775
2025-09-04 06:00:00,6,27,27,0.0,5.0,22.0,0.0,0.0,1.0,3,3,17,0,17,0,42.35,846.0,549.0,1291.0,42.35,3.0,6.36,roster,0,86.0,67.5,1.2464,82.69,3.6524,0.675,0.4717,3.1852,57.92,14.76,0.0,30.02,32.275
2025-09-04 07:00:00,7,25,25,0.0,5.0,20.0,0.0,0.0,1.0,2,2,18,0,18,0,43.35,811.5,577.0,1351.0,43.35,3.0,6.36,roster,0,80.0,62.5,1.2121,80.67,3.0063,0.625,0.3145,3.2,53.62,15.63,0.0,31.41,33.775
2025-09-04 08:00:00,8,25,25,0.0,5.0,20.0,0.0,0.0,1.0,3,3,18,0,18,0,44.35,871.5,637.0,1411.0,44.35,3.0,6.59,roster,0,80.0,62.5,1.2121,82.06,3.4568,0.625,0.4552,3.2,53.62,15.63,0.0,32.81,35.275
2025-09-04 09:00:00,9,25,25,0.0,8.0,17.0,0.0,0.0,1.0,5,4,16,0,16,0,45.35,931.5,697.0,2126.0,45.35,3.0,6.59,roster,0,83.0,62.5,1.1528,96.95,4.0902,0.625,0.607,3.32,53.62,13.89,0.0,49.43,53.15
2025-09-04 10:00:00,10,31,31,0.0,8.0,22.0,1.0,0.0,1.0,7,7,16,1,17,1,46.35,897.0,521.0,1378.0,46.35,4.0,9.91,roster,0,100.0,77.5,1.087,106.69,4.7786,0.775,0.7064,3.2258,66.5,14.76,13.4,32.04,34.45
2025-09-04 11:00:00,11,33,33,0.0,7.0,26.0,0.0,0.0,1.0,9,8,15,1,16,1,46.55,937.0,581.0,1438.0,46.55,4.0,9.91,roster,0,106.0,82.5,1.1042,111.51,5.243,0.825,0.8073,3.2121,70.78,13.89,13.4,33.43,35.95
2025-09-04 12:00:00,12,34,34,0.0,8.0,26.0,0.0,0.0,1.0,8,8,14,1,15,1,47.55,877.0,205.0,1435.0,47.55,4.0,9.91,roster,0,110.0,85.0,1.1,112.72,5.3617,0.85,0.8073,3.2353,72.93,13.02,13.4,33.36,35.875
2025-09-04 13:00:00,13,37,37,0.0,10.0,26.0,1.0,0.0,1.0,6,6,17,1,18,1,41.4,475.5,162.0,1077.0,40.617,4.0,9.91,roster,0,120.0,92.5,1.3636,113.43,4.9636,0.925,0.6054,3.2432,79.36,15.63,13.4,25.04,26.925
2025-09-04 14:00:00,14,28,28,0.0,8.0,20.0,0.0,0.0,1.0,6,6,9,1,10,1,42.4,226.5,161.0,372.0,26.967,4.0,9.91,roster,0,92.0,70.0,0.7667,70.79,4.2893,0.7,0.6054,3.2857,60.06,8.68,13.4,8.65,9.3
2025-09-04 15:00:00,15,38,38,1.0,10.0,27.0,0.0,0.0,1.0,13,13,11,1,12,1,43.4,223.0,187.0,385.0,27.967,4.0,9.91,roster,0,126.0,95.0,1.125,94.28,7.4997,0.95,1.3118,3.3158,81.51,10.42,13.4,8.95,9.625
2025-09-04 16:00:00,16,37,37,1.0,9.0,26.0,1.0,0.0,1.0,8,9,13,2,15,2,28.967,165.0,82.0,281.0,28.967,4.0,9.91,roster,0,121.0,92.5,1.21,105.72,5.995,0.925,0.9082,3.2703,79.36,13.02,26.8,6.53,7.025
2025-09-04 17:00:00,17,36,36,1.0,7.0,26.0,2.0,0.0,1.0,8,8,16,2,18,2,29.967,176.0,120.0,312.0,29.967,4.0,9.91,roster,0,115.0,90.0,1.3068,106.9,5.4538,0.9,0.8073,3.1944,77.22,15.63,26.8,7.25,7.8
2025-09-04 18:00:00,18,35,35,1.0,6.0,23.0,5.0,0.0,1.0,8,7,17,2,19,2,30.967,202.0,172.0,367.0,30.967,4.0,9.91,roster,0,108.0,87.5,1.2857,106.91,4.8796,0.875,0.7064,3.0857,75.08,16.5,26.8,8.53,9.175
2025-09-04 19:00:00,19,33,33,1.0,5.0,22.0,5.0,0.0,1.0,7,7,14,2,16,2,11.2,234.0,171.0,345.0,11.2,4.0,9.91,roster,0,101.0,82.5,1.0521,99.5,4.6869,0.825,0.7064,3.0606,70.78,13.89,26.8,8.02,8.625
2025-09-04 20:00:00,20,32,32,0.0,5.0,22.0,4.0,1.0,1.0,6,6,14,2,16,2,12.2,286.5,136.0,405.0,12.2,4.0,9.67,roster,0,95.0,80.0,0.9896,98.75,4.217,0.8,0.6205,2.9688,68.64,13.89,26.8,9.42,10.125
2025-09-04 21:00:00,21,37,37,0.0,5.0,27.0,4.0,1.0,1.0,11,11,15,1,16,1,13.2,317.0,194.0,382.0,13.2,4.0,9.67,roster,0,110.0,92.5,1.1458,95.54,6.1319,0.925,1.1375,2.973,79.36,13.89,13.4,8.88,9.55
2025-09-04 22:00:00,22,23,23,0.0,4.0,17.0,2.0,0.0,1.0,4,2,12,1,13,1,14.2,320.0,251.0,416.0,14.2,3.0,6.35,roster,0,71.0,57.5,0.8765,63.69,2.7473,0.575,0.315,3.087,49.33,11.29,13.4,9.67,10.4
2025-09-04 23:00:00,23,32,32,0.0,5.0,25.0,1.0,1.0,1.0,14,12,13,0,13,0,15.2,316.0,282.0,472.0,15.2,3.0,6.35,roster,0,98.0,80.0,1.2099,70.9,8.2374,0.8,1.8898,3.0625,68.64,11.29,0.0,10.97,11.8
2025-09-05 00:00:00,0,32,32,0.0,5.0,22.0,4.0,1.0,1.0,11,10,17,1,18,1,16.2,356.5,103.0,530.0,16.2,3.0,6.35,roster,0,95.0,80.0,1.4394,89.99,7.0502,0.8,1.5748,2.9688,68.64,15.63,13.4,12.32,13.25
2025-09-05 01:00:00,1,27,27,0.0,5.0,21.0,1.0,0.0,1.0,3,4,19,1,20,1,17.2,348.5,160.0,590.0,17.2,3.0,6.35,roster,0,85.0,67.5,1.4167,82.4,4.1081,0.675,0.6299,3.1481,57.92,17.37,13.4,13.72,14.75
2025-09-05 02:00:00,2,30,30,0.0,4.0,24.0,2.0,0.0,1.0,7,6,20,1,21,1,18.2,355.0,205.0,560.0,18.2,3.0,6.35,roster,0,92.0,75.0,1.614,89.0,5.1976,0.75,0.9449,3.0667,64.35,18.23,13.4,13.02,14.0
2025-09-05 03:00:00,3,33,33,0.0,4.0,28.0,1.0,0.0,1.0,4,4,22,1,23,1,19.2,410.0,252.0,620.0,19.2,3.0,6.35,roster,0,102.0,82.5,2.0,98.57,4.497,0.825,0.6299,3.0909,70.78,19.97,13.4,14.42,15.5
2025-09-05 04:00:00,4,31,31,0.0,3.0,27.0,1.0,0.0,1.0,3,3,22,0,22,0,20.2,472.5,312.0,680.0,20.2,3.0,6.35,roster,0,95.0,77.5,1.7593,81.41,3.8228,0.775,0.4724,3.0645,66.5,19.1,0.0,15.81,17.0
2025-09-05 05:00:00,5,28,28,0.0,4.0,23.0,1.0,0.0,1.0,1,1,23,0,23,0,21.2,530.0,347.0,740.0,21.2,3.0,6.35,roster,0,87.0,70.0,1.7059,77.24,2.6643,0.7,0.1575,3.1071,60.06,19.97,0.0,17.21,18.5
2025-09-05 06:00:00,6,28,28,1.0,4.0,22.0,1.0,0.0,1.0,1,1,24,0,24,0,22.2,545.5,407.0,800.0,22.2,3.0,6.35,roster,0,89.0,70.0,1.8542,79.5,2.7256,0.7,0.1575,3.1786,60.06,20.84,0.0,18.6,20.0
2025-09-05 07:00:00,7,30,30,1.0,4.0,23.0,1.0,1.0,1.0,3,3,24,1,25,1,23.2,561.0,420.0,796.0,23.2,3.0,6.35,roster,0,93.0,75.0,2.0667,97.96,3.7896,0.75,0.4724,3.1,64.35,21.71,13.4,18.51,19.9
2025-09-05 08:00:00,8,30,30,1.0,4.0,24.0,1.0,0.0,1.0,4,3,24,1,25,1,24.2,621.0,480.0,856.0,24.2,3.0,7.68,roster,0,95.0,75.0,2.1111,99.36,3.612,0.75,0.3906,3.1667,64.35,21.71,13.4,19.9,21.4
2025-09-05 09:00:00,9,30,30,0.0,4.0,25.0,1.0,0.0,1.0,3,3,23,0,23,0,25.2,681.0,540.0,980.0,25.2,3.0,7.68,roster,0,93.0,75.0,1.8235,87.11,3.5359,0.75,0.3906,3.1,64.35,19.97,0.0,22.78,24.5
2025-09-05 10:00:00,10,28,28,0.0,3.0,24.0,1.0,0.0,1.0,5,4,21,0,21,0,20.933,703.0,600.0,974.0,20.933,4.0,11.38,roster,0,86.0,70.0,1.1316,80.94,3.2296,0.7,0.3515,3.0714,60.06,18.23,0.0,22.65,24.35
2025-09-05 11:00:00,11,27,27,1.0,3.0,22.0,1.0,0.0,1.0,6,6,17,0,17,0,21.933,760.0,610.0,1031.0,21.933,4.0,11.38,roster,0,85.0,67.5,0.9239,76.65,3.7848,0.675,0.5272,3.1481,57.92,14.76,0.0,23.97,25.775
2025-09-05 12:00:00,12,30,30,1.0,6.0,22.0,1.0,0.0,1.0,8,7,16,1,17,1,22.933,797.0,425.0,1091.0,22.933,4.0,11.38,roster,0,97.0,75.0,1.0543,97.88,4.4139,0.75,0.6151,3.2333,64.35,14.76,13.4,25.37,27.275
2025-09-05 13:00:00,13,32,32,2.0,7.0,22.0,1.0,0.0,1.0,5,5,18,1,19,1,23.933,551.0,122.0,1122.0,23.933,4.0,11.38,roster,0,106.0,80.0,1.2619,104.62,4.1054,0.8,0.4394,3.3125,68.64,16.5,13.4,26.09,28.05
2025-09-05 14:00:00,14,34,34,2.0,5.0,24.0,2.0,1.0,1.0,9,9,14,3,17,3,24.933,190.0,146.0,611.0,24.933,4.0,11.38,roster,0,107.0,85.0,1.163,122.1,5.1639,0.85,0.7909,3.1471,72.93,14.76,40.2,14.21,15.275
2025-09-05 15:00:00,15,32,32,2.0,6.0,21.0,1.0,2.0,1.0,6,6,10,3,13,3,25.933,242.0,150.0,671.0,25.933,4.0,11.38,roster,0,101.0,80.0,0.9352,115.73,4.1891,0.8,0.5272,3.1562,68.64,11.29,40.2,15.6,16.775
2025-09-05 16:00:00,16,29,29,2.0,7.0,18.0,0.0,2.0,1.0,4,5,12,2,14,2,26.933,211.5,133.0,310.0,26.933,4.0,11.38,roster,0,94.0,72.5,0.9038,88.37,3.7742,0.725,0.4394,3.2414,62.2,12.16,26.8,7.21,7.75
2025-09-05 17:00:00,17,25,25,2.0,6.0,16.0,0.0,1.0,1.0,4,4,12,2,14,2,27.933,227.0,165.0,370.0,27.933,4.0,11.38,roster,0,83.0,62.5,0.7981,81.18,3.242,0.625,0.3515,3.32,53.62,12.16,26.8,8.6,9.25
2025-09-05 18:00:00,18,30,30,1.0,5.0,22.0,1.0,1.0,1.0,10,9,14,2,16,2,28.933,231.0,136.0,430.0,28.933,4.0,11.38,roster,0,94.0,75.0,0.9792,95.04,4.828,0.75,0.7909,3.1333,64.35,13.89,26.8,10.0,10.75
2025-09-05 19:00:00,19,31,31,1.0,7.0,22.0,0.0,1.0,1.0,7,7,13,3,16,3,29.933,287.0,186.0,482.0,29.933,4.0,11.38,roster,0,100.0,77.5,1.0417,111.79,4.4842,0.775,0.6151,3.2258,66.5,13.89,40.2,11.21,12.05
2025-09-05 20:00:00,20,31,31,1.0,6.0,22.0,1.0,1.0,1.0,12,9,9,4,13,4,30.933,349.0,201.0,450.0,30.933,4.0,11.34,roster,0,98.0,77.5,0.9074,121.85,4.959,0.775,0.7937,3.1613,66.5,11.29,53.6,10.46,11.25
2025-09-05 21:00:00,21,31,31,0.0,8.0,21.0,1.0,1.0,1.0,9,9,10,3,13,3,29.833,189.0,115.0,413.0,29.833,4.0,11.34,roster,0,98.0,77.5,0.9074,107.59,4.959,0.775,0.7937,3.1613,66.5,11.29,40.2,9.6,10.325
2025-09-05 22:00:00,22,25,25,0.0,8.0,15.0,1.0,1.0,1.0,6,4,11,3,14,3,30.833,227.0,145.0,473.0,30.833,3.0,7.64,roster,0,80.0,62.5,1.0256,96.98,3.6754,0.625,0.5236,3.2,53.62,12.16,40.2,11.0,11.825
2025-09-05 23:00:00,23,30,30,0.0,7.0,20.0,2.0,1.0,1.0,10,9,11,2,13,2,31.833,260.0,174.0,381.0,31.833,3.0,7.64,roster,0,93.0,75.0,1.1481,91.3,5.9768,0.75,1.178,3.1,64.35,11.29,26.8,8.86,9.525
2025-09-06 00:00:00,0,26,26,0.0,5.0,19.0,1.0,1.0,1.0,7,4,11,2,13,2,32.833,320.0,234.0,441.0,32.833,3.0,7.64,roster,0,80.0,65.0,0.9877,84.11,3.611,0.65,0.5236,3.0769,55.77,11.29,26.8,10.25,11.025
2025-09-06 01:00:00,1,21,21,0.0,5.0,14.0,1.0,1.0,1.0,2,2,13,2,15,2,33.833,331.0,259.0,501.0,33.833,3.0,7.64,roster,0,65.0,52.5,0.8667,76.52,2.4353,0.525,0.2618,3.0952,45.04,13.02,26.8,11.65,12.525
2025-09-06 02:00:00,2,20,20,0.0,6.0,12.0,1.0,1.0,1.0,3,2,13,1,14,1,34.833,388.0,319.0,561.0,34.833,3.0,7.64,roster,0,63.0,50.0,0.8077,61.5,2.3996,0.5,0.2618,3.15,42.9,12.16,13.4,13.04,14.025
2025-09-06 03:00:00,3,21,21,0.0,7.0,12.0,1.0,1.0,1.0,5,4,13,1,14,1,35.833,448.0,379.0,621.0,35.833,3.0,7.64,roster,0,67.0,52.5,0.859,65.04,3.3454,0.525,0.5236,3.1905,45.04,12.16,13.4,14.44,15.525
2025-09-06 04:00:00,4,21,21,0.0,7.0,12.0,1.0,1.0,1.0,3,2,13,1,14,1,36.833,508.0,439.0,681.0,36.833,3.0,7.64,roster,0,67.0,52.5,0.859,66.43,2.5102,0.525,0.2618,3.1905,45.04,12.16,13.4,15.83,17.025
2025-09-06 05:00:00,5,25,25,0.0,8.0,15.0,1.0,1.0,1.0,5,5,13,1,14,1,37.833,568.0,499.0,741.0,37.833,3.0,7.64,roster,0,80.0,62.5,1.0256,76.41,4.0942,0.625,0.6545,3.2,53.62,12.16,13.4,17.23,18.525
2025-09-06 06:00:00,6,27,27,0.0,10.0,13.0,3.0,1.0,1.0,6,6,14,1,15,1,38.833,625.0,521.0,801.0,38.833,3.0,7.64,roster,0,86.0,67.5,1.1467,82.96,4.6515,0.675,0.7853,3.1852,57.92,13.02,13.4,18.62,20.025
2025-09-06 07:00:00,7,31,31,0.0,9.0,17.0,4.0,1.0,1.0,5,5,17,1,18,1,39.833,644.0,435.0,745.0,39.833,3.0,7.64,roster,0,96.0,77.5,1.4545,92.85,4.4267,0.775,0.6545,3.0968,66.5,15.63,13.4,17.32,18.625
2025-09-06 08:00:00,8,30,30,0.0,9.0,16.0,4.0,1.0,1.0,2,2,18,1,19,1,40.833,694.0,198.0,805.0,40.833,3.0,6.79,roster,0,93.0,75.0,1.4762,92.96,3.2381,0.75,0.2946,3.1,64.35,16.5,13.4,18.72,20.125
2025-09-06 09:00:00,9,28,28,0.0,8.0,16.0,3.0,1.0,1.0,3,3,17,1,18,1,20.5,746.5,258.0,860.0,20.5,3.0,6.79,roster,0,87.0,70.0,1.3182,89.08,3.5478,0.7,0.4418,3.1071,60.06,15.63,13.4,20.0,21.5
2025-09-06 10:00:00,10,25,25,0.0,10.0,13.0,1.0,1.0,1.0,7,6,14,1,15,1,21.5,814.0,318.0,925.0,21.5,4.0,10.04,roster,0,82.0,62.5,0.82,81.56,4.0102,0.625,0.5976,3.28,53.62,13.02,13.4,21.51,23.125
2025-09-06 11:00:00,11,25,25,1.0,9.0,13.0,1.0,1.0,1.0,10,8,12,1,13,1,20.883,859.0,353.0,980.0,20.883,4.0,10.04,roster,0,83.0,62.5,0.7685,81.1,4.7204,0.625,0.7968,3.32,53.62,11.29,13.4,22.78,24.5
2025-09-06 12:00:00,12,27,27,2.0,10.0,14.0,0.0,1.0,1.0,10,9,7,2,9,2,21.883,413.0,357.0,1040.0,21.883,4.0,10.04,roster,0,93.0,67.5,0.75,96.71,5.4126,0.675,0.8964,3.4444,57.92,7.81,26.8,24.18,26.0
2025-09-06 13:00:00,13,34,34,2.0,12.0,20.0,0.0,0.0,1.0,15,15,8,2,10,2,18.417,277.5,91.0,994.0,18.417,4.0,10.04,roster,0,118.0,85.0,0.9833,111.52,8.1351,0.85,1.494,3.4706,72.93,8.68,26.8,23.11,24.85
2025-09-06 14:00:00,14,38,38,2.0,11.0,25.0,0.0,0.0,1.0,10,10,13,3,16,3,19.417,118.5,105.0,198.0,19.417,4.0,10.04,roster,0,129.0,95.0,1.3438,120.21,6.6062,0.95,0.996,3.3947,81.51,13.89,40.2,4.6,4.95
2025-09-06 15:00:00,15,33,33,1.0,9.0,23.0,0.0,0.0,1.0,5,5,12,2,14,2,20.417,167.0,136.0,258.0,20.417,4.0,10.04,roster,0,110.0,82.5,1.0577,95.74,4.41,0.825,0.498,3.3333,70.78,12.16,26.8,6.0,6.45
2025-09-06 16:00:00,16,33,33,1.0,11.0,21.0,0.0,0.0,1.0,10,10,8,1,9,1,21.333,229.0,205.0,276.0,21.333,4.0,10.04,roster,0,112.0,82.5,0.9032,78.42,6.1804,0.825,0.996,3.3939,70.78,7.81,13.4,6.42,6.9
2025-09-06 17:00:00,17,32,32,1.0,12.0,19.0,0.0,0.0,1.0,4,4,11,1,12,1,22.333,275.0,197.0,336.0,22.333,4.0,10.04,roster,0,110.0,80.0,0.9821,80.27,4.1195,0.8,0.3984,3.4375,68.64,10.42,13.4,7.81,8.4
2025-09-06 18:00:00,18,24,24,0.0,9.0,15.0,0.0,0.0,1.0,3,3,11,0,11,0,23.333,325.0,179.0,352.0,23.333,4.0,10.04,roster,0,81.0,60.0,0.6983,49.22,3.0335,0.6,0.2988,3.375,51.48,9.55,0.0,8.18,8.8
2025-09-06 19:00:00,19,24,24,0.0,8.0,16.0,0.0,0.0,1.0,6,6,10,0,10,0,24.333,373.5,239.0,412.0,24.333,4.0,10.04,roster,0,80.0,60.0,0.6667,49.74,3.992,0.6,0.5976,3.3333,51.48,8.68,0.0,9.58,10.3
2025-09-06 20:00:00,20,24,24,0.0,6.0,18.0,0.0,0.0,1.0,9,8,7,0,7,0,9.8,402.0,299.0,469.0,7.867,4.0,10.36,roster,0,78.0,60.0,0.5909,48.46,4.4597,0.6,0.7722,3.25,51.48,6.08,0.0,10.9,11.725
2025-09-06 21:00:00,21,31,31,0.0,7.0,22.0,2.0,0.0,1.0,9,9,7,0,7,0,10.8,437.0,119.0,529.0,8.867,4.0,10.36,roster,0,98.0,77.5,0.7424,64.87,5.1963,0.775,0.8687,3.1613,66.5,6.08,0.0,12.3,13.225
2025-09-06 22:00:00,22,31,31,0.0,6.0,24.0,1.0,0.0,1.0,12,9,8,0,8,0,11.8,458.0,179.0,589.0,9.867,3.0,7.11,roster,0,98.0,77.5,1.0208,67.14,6.4516,0.775,1.2658,3.1613,66.5,6.95,0.0,13.69,14.725
2025-09-06 23:00:00,23,32,32,0.0,6.0,26.0,0.0,0.0,1.0,7,6,9,0,9,0,12.8,479.0,192.0,582.0,10.867,3.0,7.11,roster,0,102.0,80.0,1.0968,69.99,5.2399,0.8,0.8439,3.1875,68.64,7.81,0.0,13.53,14.55
2025-09-07 00:00:00,0,27,27,0.0,6.0,21.0,0.0,0.0,1.0,3,3,9,0,9,0,13.8,539.0,252.0,642.0,11.867,3.0,7.11,roster,0,87.0,67.5,0.9355,60.66,3.5346,0.675,0.4219,3.2222,57.92,7.81,0.0,14.93,16.05
2025-09-07 01:00:00,1,21,21,0.0,6.0,15.0,0.0,0.0,1.0,4,3,9,0,9,0,12.867,599.0,312.0,702.0,12.867,3.0,7.11,roster,0,69.0,52.5,0.7419,49.18,3.1114,0.525,0.4219,3.2857,45.04,7.81,0.0,16.32,17.55
2025-09-07 02:00:00,2,27,27,0.0,7.0,18.0,1.0,1.0,1.0,9,9,9,0,9,0,13.867,659.0,372.0,762.0,13.867,3.0,7.11,roster,0,85.0,67.5,0.914,63.45,6.11,0.675,1.2658,3.1481,57.92,7.81,0.0,17.72,19.05
2025-09-07 03:00:00,3,22,22,0.0,6.0,15.0,1.0,0.0,1.0,1,1,9,0,9,0,14.867,719.0,432.0,822.0,14.867,3.0,7.11,roster,0,71.0,55.0,0.7634,54.12,2.2289,0.55,0.1406,3.2273,47.19,7.81,0.0,19.11,20.55
2025-09-07 04:00:00,4,23,23,0.0,5.0,18.0,0.0,0.0,1.0,4,4,9,0,9,0,15.867,779.0,492.0,882.0,15.867,3.0,7.11,roster,0,74.0,57.5,0.7957,57.66,3.6601,0.575,0.5626,3.2174,49.33,7.81,0.0,20.51,22.05
2025-09-07 05:00:00,5,25,25,0.0,6.0,18.0,1.0,0.0,1.0,3,3,11,0,11,0,16.867,599.0,478.0,942.0,16.867,3.0,7.11,roster,0,80.0,62.5,0.9195,65.08,3.3502,0.625,0.4219,3.2,53.62,9.55,0.0,21.9,23.55
2025-09-07 06:00:00,6,25,25,0.0,7.0,17.0,1.0,0.0,1.0,3,3,11,0,11,0,17.867,659.0,538.0,1002.0,17.867,3.0,7.11,roster,0,81.0,62.5,0.931,66.47,3.3921,0.625,0.4219,3.24,53.62,9.55,0.0,23.3,25.05
2025-09-07 07:00:00,7,23,23,0.0,6.0,17.0,0.0,0.0,1.0,1,2,11,0,11,0,18.867,719.0,598.0,1062.0,18.867,3.0,7.11,roster,0,75.0,57.5,0.8621,63.58,2.7923,0.575,0.2813,3.2609,49.33,9.55,0.0,24.69,26.55
2025-09-07 08:00:00,8,24,24,0.0,6.0,18.0,0.0,0.0,1.0,6,4,12,0,12,0,19.867,755.5,658.0,1122.0,19.867,3.0,7.04,roster,0,78.0,60.0,0.9286,67.99,3.7966,0.6,0.5682,3.25,51.48,10.42,0.0,26.09,28.05
2025-09-07 09:00:00,9,25,25,0.0,5.0,20.0,0.0,0.0,1.0,6,5,13,0,13,0,20.867,792.0,323.0,1157.0,20.867,3.0,7.04,roster,0,80.0,62.5,0.9877,71.81,4.2727,0.625,0.7102,3.2,53.62,11.29,0.0,26.9,28.925
2025-09-07 10:00:00,10,28,28,0.0,5.0,22.0,1.0,0.0,1.0,7,7,13,0,13,0,21.867,822.0,375.0,1217.0,21.867,4.0,10.29,roster,0,88.0,70.0,0.8148,79.64,4.338,0.7,0.6803,3.1429,60.06,11.29,0.0,28.3,30.425
2025-09-07 11:00:00,11,29,29,1.0,5.0,22.0,1.0,0.0,1.0,9,7,13,0,13,0,22.867,882.0,435.0,1277.0,22.867,4.0,10.29,roster,0,93.0,72.5,0.8611,83.18,4.5066,0.725,0.6803,3.2069,62.2,11.29,0.0,29.69,31.925
2025-09-07 12:00:00,12,31,31,1.0,5.0,23.0,2.0,0.0,1.0,11,9,13,0,13,0,23.867,942.0,495.0,1337.0,23.867,4.0,10.29,roster,0,98.0,77.5,0.9074,88.87,5.215,0.775,0.8746,3.1613,66.5,11.29,0.0,31.09,33.425
2025-09-07 13:00:00,13,32,32,1.0,8.0,22.0,1.0,0.0,1.0,11,11,15,0,15,0,24.867,958.0,205.0,1397.0,24.867,4.0,10.29,roster,0,105.0,80.0,1.05,94.14,6.1327,0.8,1.069,3.2812,68.64,13.02,0.0,32.48,34.925
2025-09-07 14:00:00,14,35,35,1.0,7.0,26.0,1.0,0.0,1.0,9,7,18,0,18,0,25.867,619.0,152.0,1379.0,25.867,4.0,10.29,roster,0,113.0,87.5,1.2841,102.77,5.0213,0.875,0.6803,3.2286,75.08,15.63,0.0,32.06,34.475
2025-09-07 15:00:00,15,38,38,1.0,5.0,31.0,1.0,0.0,1.0,10,8,19,1,20,1,26.867,575.5,180.0,1439.0,26.867,4.0,10.29,roster,0,120.0,95.0,1.5,125.73,5.4551,0.95,0.7775,3.1579,81.51,17.37,13.4,33.46,35.975
2025-09-07 16:00:00,16,35,35,1.0,5.0,28.0,1.0,0.0,1.0,8,8,18,2,20,2,27.867,635.5,225.0,1499.0,27.867,4.0,10.29,roster,0,111.0,87.5,1.3875,134.09,5.2406,0.875,0.7775,3.1714,75.08,17.37,26.8,34.85,37.475
2025-09-07 17:00:00,17,43,43,1.0,4.0,37.0,1.0,0.0,1.0,12,11,18,2,20,2,28.867,695.5,285.0,1559.0,28.867,4.0,10.29,roster,0,134.0,107.5,1.675,152.65,6.6813,1.075,1.069,3.1163,92.24,17.37,26.8,36.25,38.975
2025-09-07 18:00:00,18,37,37,1.0,5.0,31.0,0.0,0.0,1.0,6,4,22,2,24,2,29.867,493.5,270.0,1332.0,29.867,4.0,10.29,roster,0,118.0,92.5,1.8438,137.97,4.1897,0.925,0.3887,3.1892,79.36,20.84,26.8,30.97,33.3
2025-09-07 19:00:00,19,35,35,1.0,5.0,28.0,1.0,0.0,1.0,5,2,23,0,23,0,30.867,565.0,190.0,1392.0,30.867,4.0,10.29,roster,0,111.0,87.5,1.6324,107.41,3.3914,0.875,0.1944,3.1714,75.08,19.97,0.0,32.36,34.8
2025-09-07 20:00:00,20,37,37,1.0,7.0,29.0,0.0,0.0,1.0,8,7,24,0,24,0,31.867,613.5,250.0,1452.0,31.867,4.0,10.36,roster,0,120.0,92.5,1.875,113.96,5.1914,0.925,0.6757,3.2432,79.36,20.84,0.0,33.76,36.3
2025-09-07 21:00:00,21,45,45,1.0,7.0,37.0,0.0,0.0,1.0,13,12,26,0,26,0,32.867,617.0,281.0,1482.0,32.867,4.0,10.36,roster,0,144.0,112.5,2.5714,133.56,7.3066,1.125,1.1583,3.2,96.52,22.58,0.0,34.46,37.05
2025-09-07 22:00:00,22,46,46,1.0,7.0,38.0,0.0,0.0,1.0,10,10,27,0,27,0,33.867,632.0,328.0,1542.0,33.867,3.0,7.11,roster,0,147.0,115.0,3.7692,137.97,8.1696,1.15,1.4065,3.1957,98.67,23.44,0.0,35.85,38.55
2025-09-07 23:00:00,23,44,44,1.0,6.0,36.0,0.0,1.0,1.0,8,6,28,0,28,0,34.867,668.5,388.0,1602.0,34.867,3.0,7.11,roster,0,138.0,110.0,3.8333,135.94,6.0967,1.1,0.8439,3.1364,94.38,24.31,0.0,37.25,40.05
2025-09-08 00:00:00,0,44,44,1.0,7.0,36.0,0.0,0.0,1.0,7,7,28,0,28,0,35.867,728.5,448.0,1662.0,35.867,3.0,7.11,roster,0,141.0,110.0,3.9167,137.33,6.68,1.1,0.9845,3.2045,94.38,24.31,0.0,38.64,41.55
2025-09-08 01:00:00,1,40,40,1.0,8.0,31.0,0.0,0.0,1.0,4,4,29,0,29,0,36.867,765.0,482.0,1678.0,36.867,3.0,7.11,roster,0,130.0,100.0,3.9394,129.99,5.0784,1.0,0.5626,3.25,85.8,25.18,0.0,39.01,41.95
2025-09-08 02:00:00,2,35,35,1.0,7.0,26.0,1.0,0.0,1.0,2,2,29,0,29,0,37.867,825.0,542.0,1738.0,37.867,3.0,7.11,roster,0,113.0,87.5,3.4242,120.66,3.7332,0.875,0.2813,3.2286,75.08,25.18,0.0,40.41,43.45
2025-09-08 03:00:00,3,36,36,1.0,7.0,28.0,0.0,0.0,1.0,2,2,29,0,29,0,38.867,885.0,602.0,1798.0,38.867,3.0,7.11,roster,0,117.0,90.0,3.5455,124.2,3.8392,0.9,0.2813,3.25,77.22,25.18,0.0,41.8,44.95
2025-09-08 04:00:00,4,37,37,1.0,7.0,29.0,0.0,0.0,1.0,3,3,30,0,30,0,39.867,932.0,616.0,1858.0,39.867,3.0,7.11,roster,0,120.0,92.5,4.0,128.61,4.3685,0.925,0.4219,3.2432,79.36,26.05,0.0,43.2,46.45
2025-09-08 05:00:00,5,38,38,1.0,7.0,30.0,0.0,0.0,1.0,2,1,30,0,30,0,40.867,992.0,676.0,1918.0,40.867,3.0,7.11,roster,0,123.0,95.0,4.1,132.15,3.5303,0.95,0.1406,3.2368,81.51,26.05,0.0,44.59,47.95
2025-09-08 06:00:00,6,37,37,1.0,7.0,28.0,1.0,0.0,1.0,1,1,30,0,30,0,41.867,1052.0,736.0,1978.0,41.867,3.0,7.11,roster,0,119.0,92.5,3.9667,131.4,3.4274,0.925,0.1406,3.2162,79.36,26.05,0.0,45.99,49.45
2025-09-08 07:00:00,7,43,43,1.0,8.0,33.0,1.0,0.0,1.0,6,6,30,0,30,0,42.867,1112.0,796.0,2038.0,42.867,3.0,7.11,roster,0,138.0,107.5,4.6,145.67,6.1583,1.075,0.8439,3.2093,92.24,26.05,0.0,47.38,50.95
2025-09-08 08:00:00,8,48,48,1.0,9.0,38.0,0.0,0.0,1.0,8,8,31,0,31,0,43.867,1159.0,782.0,2098.0,43.867,3.0,6.57,roster,0,155.0,120.0,5.7407,158.66,7.807,1.2,1.2177,3.2292,102.96,26.92,0.0,48.78,52.45
2025-09-08 09:00:00,9,49,49,0.0,9.0,40.0,0.0,0.0,1.0,5,5,30,0,30,0,44.867,1194.5,842.0,1763.0,44.867,3.0,6.57,roster,0,156.0,122.5,5.2,152.14,6.3229,1.225,0.761,3.1837,105.1,26.05,0.0,40.99,44.075
2025-09-08 10:00:00,10,52,52,0.0,10.0,40.0,2.0,0.0,1.0,8,8,32,0,32,0,45.867,1160.0,891.0,1823.0,45.867,4.0,10.27,roster,0,164.0,130.0,5.125,161.71,6.5567,1.3,0.779,3.1538,111.54,27.79,0.0,42.38,45.575
2025-09-08 11:00:00,11,52,52,0.0,9.0,42.0,1.0,0.0,1.0,12,12,31,0,31,0,46.867,1132.0,832.0,1676.0,46.867,4.0,10.27,roster,0,164.0,130.0,4.5556,157.42,7.7851,1.3,1.1685,3.1538,111.54,26.92,0.0,38.97,41.9
2025-09-08 12:00:00,12,57,57,0.0,12.0,43.0,2.0,0.0,1.0,12,12,30,1,31,1,47.867,1192.0,892.0,1736.0,47.867,4.0,10.27,roster,0,181.0,142.5,5.0278,182.94,8.2353,1.425,1.1685,3.1754,122.26,26.92,13.4,40.36,43.4
2025-09-08 13:00:00,13,55,55,0.0,12.0,42.0,1.0,0.0,1.0,11,10,32,1,33,1,48.867,1202.0,285.0,1532.0,48.867,4.0,10.27,roster,0,176.0,137.5,6.2857,175.65,7.5159,1.375,0.9737,3.2,117.98,28.65,13.4,35.62,38.3
2025-09-08 14:00:00,14,54,54,0.0,11.0,41.0,2.0,0.0,1.0,9,8,36,1,37,1,48.7,1025.0,172.0,1470.0,48.7,4.0,10.27,roster,0,171.0,135.0,14.25,175.53,6.7417,1.35,0.779,3.1667,115.83,32.13,13.4,34.18,36.75
2025-09-08 15:00:00,15,49,49,0.0,10.0,39.0,0.0,0.0,1.0,8,8,30,1,31,1,49.7,1072.0,191.0,1372.0,49.7,4.0,10.27,roster,0,157.0,122.5,4.3611,157.32,6.4209,1.225,0.779,3.2041,105.1,26.92,13.4,31.9,34.3
2025-09-08 16:00:00,16,47,47,0.0,9.0,38.0,0.0,0.0,1.0,7,7,29,1,30,1,50.7,1066.5,227.0,1432.0,50.7,4.0,10.27,roster,0,150.0,117.5,3.75,153.56,5.9253,1.175,0.6816,3.1915,100.82,26.05,13.4,33.29,35.8
2025-09-08 17:00:00,17,52,52,1.0,9.0,42.0,0.0,0.0,1.0,7,7,29,1,30,1,51.7,843.0,258.0,1492.0,51.7,4.0,10.27,roster,0,167.0,130.0,4.175,165.68,6.364,1.3,0.6816,3.2115,111.54,26.05,13.4,34.69,37.3
2025-09-08 18:00:00,18,53,53,2.0,9.0,39.0,3.0,0.0,1.0,13,10,28,1,29,1,52.7,1121.0,318.0,1552.0,52.7,4.0,10.27,roster,0,169.0,132.5,3.8409,168.35,7.3298,1.325,0.9737,3.1887,113.68,25.18,13.4,36.08,38.8
2025-09-08 19:00:00,19,52,52,2.0,10.0,36.0,4.0,0.0,1.0,6,6,29,1,30,1,53.7,963.0,361.0,1612.0,53.7,4.0,10.27,roster,0,166.0,130.0,4.15,168.47,6.015,1.3,0.5842,3.1923,111.54,26.05,13.4,37.48,40.3
2025-09-08 20:00:00,20,54,54,2.0,9.0,38.0,5.0,0.0,1.0,10,11,29,1,30,1,54.7,1023.0,421.0,1672.0,54.7,4.0,11.44,roster,0,170.0,135.0,4.25,174.15,7.2771,1.35,0.9615,3.1481,115.83,26.05,13.4,38.87,41.8
2025-09-08 21:00:00,21,59,59,2.0,12.0,42.0,3.0,0.0,1.0,13,12,28,1,29,1,55.7,865.0,481.0,1708.0,55.7,4.0,11.44,roster,0,190.0,147.5,4.3182,184.85,8.128,1.475,1.049,3.2203,126.56,25.18,13.4,39.71,42.7
2025-09-08 22:00:00,22,55,55,2.0,14.0,37.0,2.0,0.0,1.0,10,10,29,2,31,2,56.7,746.0,381.0,1622.0,56.7,3.0,7.74,roster,0,181.0,137.5,6.7037,189.4,8.7768,1.375,1.292,3.2909,117.98,26.92,26.8,37.71,40.55
2025-09-08 23:00:00,23,55,55,2.0,15.0,34.0,3.0,1.0,1.0,12,11,31,2,33,2,37.417,678.0,232.0,1573.0,37.417,3.0,7.74,roster,0,179.0,137.5,8.5238,190.0,9.1003,1.375,1.4212,3.2545,117.98,28.65,26.8,36.57,39.325
2025-09-09 00:00:00,0,44,44,2.0,11.0,30.0,1.0,0.0,1.0,3,4,30,0,30,0,38.417,802.0,335.0,1731.0,38.417,3.0,7.74,roster,0,146.0,110.0,4.8667,140.67,5.3648,1.1,0.5168,3.3182,94.38,26.05,0.0,40.25,43.275
2025-09-09 01:00:00,1,41,41,2.0,8.0,29.0,2.0,0.0,1.0,4,4,31,0,31,0,39.417,798.0,352.0,1791.0,39.417,3.0,7.74,roster,0,133.0,102.5,4.9259,136.5,5.0014,1.025,0.5168,3.2439,87.94,26.92,0.0,41.64,44.775
2025-09-09 02:00:00,2,41,41,2.0,8.0,30.0,1.0,0.0,1.0,4,4,32,0,32,0,40.417,828.0,412.0,1851.0,40.417,3.0,7.74,roster,0,134.0,102.5,5.5833,138.77,5.039,1.025,0.5168,3.2683,87.94,27.79,0.0,43.04,46.275
2025-09-09 03:00:00,3,38,38,2.0,7.0,27.0,2.0,0.0,1.0,2,1,34,0,34,0,41.417,849.5,404.0,1813.0,41.417,3.0,7.74,roster,0,123.0,95.0,6.8333,133.18,3.4932,0.95,0.1292,3.2368,81.51,29.52,0.0,42.15,45.325
2025-09-09 04:00:00,4,40,40,2.0,8.0,28.0,2.0,0.0,1.0,4,3,33,0,33,0,42.417,918.0,473.0,1873.0,42.417,3.0,7.74,roster,0,130.0,100.0,6.1905,138.0,4.5097,1.0,0.3876,3.25,85.8,28.65,0.0,43.55,46.825
2025-09-09 05:00:00,5,42,42,2.0,8.0,31.0,1.0,0.0,1.0,3,3,34,1,35,1,43.417,961.0,511.0,1933.0,43.417,3.0,7.74,roster,0,137.0,105.0,9.1333,158.82,4.6893,1.05,0.3876,3.2619,90.09,30.39,13.4,44.94,48.325
2025-09-09 06:00:00,6,45,45,2.0,10.0,32.0,1.0,0.0,1.0,4,4,34,1,35,1,44.417,1021.0,571.0,1993.0,44.417,3.0,7.74,roster,0,148.0,112.5,9.8667,166.65,5.3997,1.125,0.5168,3.2889,96.52,30.39,13.4,46.34,49.825
2025-09-09 07:00:00,7,44,44,2.0,10.0,31.0,1.0,0.0,1.0,2,2,35,2,37,2,45.417,1057.0,590.0,2045.0,45.417,3.0,7.74,roster,0,145.0,110.0,16.1111,180.85,4.4765,1.1,0.2584,3.2955,94.38,32.13,26.8,47.55,51.125
2025-09-09 08:00:00,8,43,43,1.0,10.0,31.0,1.0,0.0,1.0,4,4,35,2,37,2,46.417,1117.0,650.0,2105.0,46.417,3.0,6.6,roster,0,140.0,107.5,15.5556,180.1,5.4732,1.075,0.6061,3.2558,92.24,32.13,26.8,48.94,52.625
2025-09-09 09:00:00,9,54,54,2.0,12.0,39.0,1.0,0.0,1.0,13,13,34,2,36,2,47.417,1189.0,710.0,2173.0,47.417,3.0,6.6,roster,0,177.0,135.0,14.75,204.41,10.8812,1.35,1.9697,3.2778,115.83,31.26,26.8,50.52,54.325
2025-09-09 10:00:00,10,59,59,4.0,12.0,42.0,1.0,0.0,1.0,8,9,39,3,42,3,45.75,992.0,419.0,2081.0,45.75,4.0,10.47,roster,0,196.0,147.5,49.0,231.61,7.7556,1.475,0.8596,3.322,126.56,36.47,40.2,48.38,52.025
2025-09-09 11:00:00,11,52,52,4.0,12.0,35.0,1.0,0.0,1.0,6,4,35,4,39,4,46.75,893.0,307.0,1554.0,46.75,4.0,10.47,roster,0,175.0,130.0,43.75,215.13,5.6607,1.3,0.382,3.3654,111.54,33.86,53.6,36.13,38.85
2025-09-09 12:00:00,12,53,53,3.0,14.0,35.0,1.0,0.0,1.0,10,10,31,3,34,3,47.75,948.5,367.0,1458.0,47.75,4.0,10.47,roster,0,178.0,132.5,7.4167,197.31,7.6577,1.325,0.9551,3.3585,113.68,29.52,40.2,33.9,36.45
2025-09-09 13:00:00,13,51,51,2.0,13.0,34.0,2.0,0.0,1.0,6,6,29,5,34,5,44.867,736.0,232.0,1281.0,44.867,4.0,10.47,roster,0,168.0,127.5,7.0,215.7,6.0877,1.275,0.5731,3.2941,109.39,29.52,67.0,29.78,32.025
2025-09-09 14:00:00,14,49,49,2.0,11.0,34.0,2.0,0.0,1.0,7,7,24,5,29,5,45.467,659.0,292.0,1132.0,45.467,4.0,10.47,roster,0,160.0,122.5,3.6364,203.6,6.1831,1.225,0.6686,3.2653,105.1,25.18,67.0,26.32,28.3
2025-09-09 15:00:00,15,44,44,1.0,10.0,31.0,2.0,0.0,1.0,7,7,24,4,28,4,46.467,713.0,352.0,1192.0,46.467,4.0,10.47,roster,0,142.0,110.0,2.9583,180.01,5.7077,1.1,0.6686,3.2273,94.38,24.31,53.6,27.71,29.8
2025-09-09 16:00:00,16,45,45,2.0,10.0,31.0,2.0,0.0,1.0,6,6,25,4,29,4,47.467,607.0,318.0,1184.0,47.467,4.0,10.47,roster,0,147.0,112.5,3.3409,182.83,5.547,1.125,0.5731,3.2667,96.52,25.18,53.6,27.53,29.6
2025-09-09 17:00:00,17,42,42,2.0,11.0,27.0,2.0,0.0,1.0,3,3,29,4,33,4,48.467,512.0,310.0,1190.0,48.467,4.0,10.47,roster,0,139.0,105.0,4.9643,180.01,4.4233,1.05,0.2865,3.3095,90.09,28.65,53.6,27.67,29.75
2025-09-09 18:00:00,18,42,42,2.0,9.0,30.0,1.0,0.0,1.0,5,4,30,4,34,4,49.467,550.5,256.0,1224.0,49.467,4.0,10.47,roster,0,138.0,105.0,5.75,181.67,4.7053,1.05,0.382,3.2857,90.09,29.52,53.6,28.46,30.6
2025-09-09 19:00:00,19,41,41,1.0,8.0,31.0,1.0,0.0,1.0,7,7,27,3,30,3,50.467,626.5,408.0,1310.0,50.467,4.0,10.47,roster,0,132.0,102.5,3.3,164.65,5.4525,1.025,0.6686,3.2195,87.94,26.05,40.2,30.46,32.75
2025-09-09 20:00:00,20,44,44,1.0,8.0,33.0,2.0,0.0,1.0,8,7,26,2,28,2,51.467,676.0,468.0,1424.0,51.467,4.0,10.23,roster,0,140.0,110.0,2.9167,158.6,5.6772,1.1,0.6843,3.1818,94.38,24.31,26.8,33.11,35.6
2025-09-09 21:00:00,21,42,42,1.0,8.0,31.0,2.0,0.0,1.0,6,6,27,2,29,2,52.467,720.0,436.0,1430.0,52.467,4.0,10.23,roster,0,134.0,105.0,3.0455,155.32,5.2212,1.05,0.5865,3.1905,90.09,25.18,26.8,33.25,35.75
2025-09-09 22:00:00,22,43,43,1.0,9.0,32.0,1.0,0.0,1.0,12,10,27,1,28,1,53.467,757.5,496.0,1544.0,53.467,3.0,6.36,roster,0,139.0,107.5,3.8611,145.85,8.5576,1.075,1.5723,3.2326,92.24,24.31,13.4,35.9,38.6
2025-09-09 23:00:00,23,46,46,1.0,10.0,34.0,1.0,0.0,1.0,7,8,29,1,30,1,54.467,766.5,461.0,1550.0,54.467,3.0,6.36,roster,0,149.0,115.0,4.9667,154.16,7.7994,1.15,1.2579,3.2391,98.67,26.05,13.4,36.04,38.75
2025-09-10 00:00:00,0,44,44,2.0,10.0,31.0,1.0,0.0,1.0,6,6,29,1,30,1,55.467,826.5,521.0,1610.0,55.467,3.0,6.36,roster,0,145.0,110.0,4.8333,151.26,6.7339,1.1,0.9434,3.2955,94.38,26.05,13.4,37.43,40.25
2025-09-10 01:00:00,1,46,46,2.0,11.0,30.0,3.0,0.0,1.0,8,8,29,2,31,2,56.467,858.0,566.0,1670.0,56.467,3.0,6.36,roster,0,150.0,115.0,5.5556,171.22,7.8517,1.15,1.2579,3.2609,98.67,26.92,26.8,38.83,41.75
2025-09-10 02:00:00,2,44,44,1.0,12.0,28.0,3.0,0.0,1.0,5,4,31,2,33,2,57.467,887.0,570.0,1704.0,57.467,3.0,6.36,roster,0,143.0,110.0,6.8095,169.45,5.619,1.1,0.6289,3.25,94.38,28.65,26.8,39.62,42.6
2025-09-10 03:00:00,3,41,41,1.0,10.0,28.0,2.0,0.0,1.0,1,1,31,2,33,2,58.467,947.0,630.0,1764.0,58.467,3.0,6.36,roster,0,133.0,102.5,6.3333,164.41,3.835,1.025,0.1572,3.2439,87.94,28.65,26.8,41.01,44.1
2025-09-10 04:00:00,4,43,43,1.0,11.0,29.0,2.0,0.0,1.0,4,3,31,2,33,2,59.467,1007.0,690.0,1824.0,59.467,3.0,6.36,roster,0,140.0,107.5,6.6667,170.1,5.0358,1.075,0.4717,3.2558,92.24,28.65,26.8,42.41,45.6
2025-09-10 05:00:00,5,41,41,1.0,10.0,28.0,2.0,0.0,1.0,2,1,31,1,32,1,60.467,1078.5,750.0,1910.0,60.467,3.0,6.36,roster,0,133.0,102.5,5.5417,153.54,3.835,1.025,0.1572,3.2439,87.94,27.79,13.4,44.41,47.75
2025-09-10 06:00:00,6,42,42,1.0,9.0,29.0,3.0,0.0,1.0,2,2,31,2,33,2,61.467,1119.0,721.0,1944.0,61.467,3.0,6.36,roster,0,134.0,105.0,6.381,170.74,4.3533,1.05,0.3145,3.1905,90.09,28.65,26.8,45.2,48.6
2025-09-10 07:00:00,7,39,39,1.0,9.0,26.0,3.0,0.0,1.0,1,1,31,2,33,2,62.467,1179.0,781.0,2004.0,62.467,3.0,6.36,roster,0,125.0,97.5,5.9524,165.7,3.629,0.975,0.1572,3.2051,83.66,28.65,26.8,46.59,50.1
2025-09-10 08:00:00,8,40,40,1.0,9.0,27.0,3.0,0.0,1.0,5,3,30,2,32,2,63.467,1224.5,841.0,2064.0,63.467,3.0,7.64,roster,0,128.0,100.0,5.3333,168.37,4.4565,1.0,0.3927,3.2,85.8,27.79,26.8,47.99,51.6
2025-09-10 09:00:00,9,44,44,1.0,10.0,31.0,2.0,0.0,1.0,8,6,30,2,32,2,47.433,1259.0,819.0,1965.0,47.433,3.0,7.64,roster,0,142.0,110.0,5.9167,174.65,6.0845,1.1,0.7853,3.2273,94.38,27.79,26.8,45.69,49.125
2025-09-10 10:00:00,10,47,47,2.0,8.0,35.0,2.0,0.0,1.0,8,8,30,1,31,1,48.433,1330.0,879.0,2025.0,48.433,4.0,10.89,roster,0,151.0,117.5,4.1944,168.21,6.1352,1.175,0.7346,3.2128,100.82,26.92,13.4,47.08,50.625
2025-09-10 11:00:00,11,49,49,2.0,8.0,30.0,9.0,0.0,1.0,13,14,29,1,30,1,49.433,1322.0,833.0,1907.0,49.433,4.0,10.89,roster,0,150.0,122.5,3.75,168.89,7.6855,1.225,1.2856,3.0612,105.1,26.05,13.4,44.34,47.675
2025-09-10 12:00:00,12,43,43,2.0,7.0,26.0,8.0,0.0,1.0,8,7,23,1,24,1,48.3,1125.5,696.0,1479.0,48.3,4.0,10.89,roster,0,132.0,107.5,2.0625,140.86,5.2732,1.075,0.6428,3.0698,92.24,20.84,13.4,34.39,36.975
2025-09-10 13:00:00,13,43,43,3.0,7.0,27.0,6.0,0.0,1.0,8,8,22,1,23,1,36.75,1059.0,284.0,1396.0,36.75,4.0,10.89,roster,0,136.0,107.5,2.0,138.06,5.7234,1.075,0.7346,3.1628,92.24,19.97,13.4,32.46,34.9
2025-09-10 14:00:00,14,40,40,2.0,6.0,25.0,7.0,0.0,1.0,6,6,21,2,23,2,29.533,816.0,224.0,1290.0,29.533,4.0,10.89,roster,0,123.0,100.0,1.8088,142.56,4.7692,1.0,0.551,3.075,85.8,19.97,26.8,29.99,32.25
2025-09-10 15:00:00,15,31,31,3.0,3.0,18.0,7.0,0.0,1.0,4,4,15,2,17,2,30.533,404.0,284.0,1047.0,30.533,4.0,10.89,roster,0,95.0,77.5,1.0326,112.4,3.5006,0.775,0.3673,3.0645,66.5,14.76,26.8,24.34,26.175
2025-09-10 16:00:00,16,32,32,3.0,6.0,19.0,4.0,0.0,1.0,10,10,13,2,15,2,31.533,490.0,217.0,1239.0,31.533,4.0,10.89,roster,0,104.0,80.0,1.04,117.27,5.5844,0.8,0.9183,3.25,68.64,13.02,26.8,28.81,30.975
2025-09-10 17:00:00,17,30,30,3.0,6.0,19.0,2.0,0.0,1.0,5,5,15,3,18,3,32.533,430.5,249.0,1167.0,32.533,4.0,10.89,roster,0,100.0,75.0,1.1364,127.31,4.0305,0.75,0.4591,3.3333,64.35,15.63,40.2,27.13,29.175
2025-09-10 18:00:00,18,24,24,2.0,6.0,15.0,1.0,0.0,1.0,3,3,16,2,18,2,33.533,490.5,178.0,1227.0,33.533,4.0,10.89,roster,0,81.0,60.0,0.9205,102.44,2.9548,0.6,0.2755,3.375,51.48,15.63,26.8,28.53,30.675
2025-09-10 19:00:00,19,31,31,3.0,8.0,19.0,1.0,0.0,1.0,8,8,19,2,21,2,34.533,397.0,196.0,1139.0,34.533,4.0,10.89,roster,0,106.0,77.5,1.3947,118.01,5.1619,0.775,0.7346,3.4194,66.5,18.23,26.8,26.48,28.475
2025-09-10 20:00:00,20,34,34,3.0,9.0,20.0,2.0,0.0,1.0,8,8,17,3,20,3,35.533,531.5,291.0,1347.0,35.533,4.0,11.0,roster,0,115.0,85.0,1.4375,141.81,5.3349,0.85,0.7273,3.3824,72.93,17.37,40.2,31.32,33.675
2025-09-10 21:00:00,21,39,39,3.0,8.0,27.0,1.0,0.0,1.0,10,10,17,4,21,4,36.533,517.0,316.0,1259.0,36.533,4.0,11.0,roster,0,130.0,97.5,1.7105,164.76,6.2803,0.975,0.9091,3.3333,83.66,18.23,53.6,29.27,31.475
2025-09-10 22:00:00,22,34,34,3.0,8.0,22.0,1.0,0.0,1.0,6,6,17,4,21,4,37.533,577.0,376.0,1319.0,37.533,3.0,7.75,roster,0,115.0,85.0,2.0175,155.43,5.4936,0.85,0.7742,3.3824,72.93,18.23,53.6,30.67,32.975
2025-09-10 23:00:00,23,37,37,3.0,10.0,23.0,1.0,0.0,1.0,8,8,19,4,23,4,38.533,609.0,303.0,1379.0,38.533,3.0,7.75,roster,0,126.0,92.5,2.4706,165.0,6.6653,0.925,1.0323,3.4054,79.36,19.97,53.6,32.06,34.475
2025-09-11 00:00:00,0,36,36,2.0,10.0,23.0,1.0,0.0,1.0,6,6,19,3,22,3,39.533,683.0,363.0,1439.0,39.533,3.0,7.75,roster,0,121.0,90.0,2.2407,149.98,5.6272,0.9,0.7742,3.3611,77.22,19.1,40.2,33.46,35.975
2025-09-11 01:00:00,1,35,35,2.0,10.0,21.0,2.0,0.0,1.0,3,3,19,3,22,3,40.533,743.0,423.0,1499.0,40.533,3.0,7.75,roster,0,117.0,87.5,2.1667,149.23,4.219,0.875,0.3871,3.3429,75.08,19.1,40.2,34.85,37.475
2025-09-11 02:00:00,2,31,31,2.0,9.0,18.0,2.0,0.0,1.0,4,4,19,2,21,2,41.533,817.0,500.0,1559.0,41.533,3.0,7.75,roster,0,104.0,77.5,1.8246,127.78,4.3315,0.775,0.5161,3.3548,66.5,18.23,26.8,36.25,38.975
2025-09-11 03:00:00,3,30,30,2.0,8.0,17.0,3.0,0.0,1.0,6,6,19,2,21,2,42.533,877.0,560.0,1619.0,42.533,3.0,7.75,roster,0,99.0,75.0,1.7368,127.03,5.0298,0.75,0.7742,3.3,64.35,18.23,26.8,37.64,40.475
2025-09-11 04:00:00,4,27,27,2.0,6.0,17.0,2.0,0.0,1.0,2,2,19,1,20,1,43.533,1011.5,736.0,1827.0,43.533,3.0,7.75,roster,0,89.0,67.5,1.4833,111.16,3.0757,0.675,0.2581,3.2963,57.92,17.37,13.4,42.48,45.675
2025-09-11 05:00:00,5,28,28,2.0,6.0,17.0,3.0,0.0,1.0,6,3,19,1,20,1,44.533,1071.5,796.0,1887.0,44.533,3.0,7.75,roster,0,91.0,70.0,1.5167,114.7,3.5331,0.7,0.3871,3.25,60.06,17.37,13.4,43.87,47.175
2025-09-11 06:00:00,6,31,31,3.0,6.0,19.0,3.0,0.0,1.0,3,4,19,1,20,1,45.533,1131.5,856.0,1947.0,45.533,3.0,7.75,roster,0,102.0,77.5,1.7,122.53,4.2482,0.775,0.5161,3.2903,66.5,17.37,13.4,45.27,48.675
2025-09-11 07:00:00,7,35,35,3.0,8.0,21.0,3.0,0.0,1.0,6,5,19,2,21,2,46.533,1117.0,800.0,1859.0,46.533,3.0,7.75,roster,0,116.0,87.5,2.0351,143.33,5.0382,0.875,0.6452,3.3143,75.08,18.23,26.8,43.22,46.475
2025-09-11 08:00:00,8,38,38,2.0,8.0,25.0,3.0,0.0,1.0,7,7,20,2,22,2,47.533,1163.0,843.0,1919.0,47.533,3.0,6.81,roster,0,123.0,95.0,2.2778,152.03,6.4022,0.95,1.0279,3.2368,81.51,19.1,26.8,44.62,47.975
2025-09-11 09:00:00,9,47,47,2.0,8.0,32.0,5.0,0.0,1.0,14,14,21,3,24,3,48.533,1158.5,874.0,1979.0,48.533,3.0,6.81,roster,0,148.0,117.5,3.0833,187.87,10.1736,1.175,2.0558,3.1489,100.82,20.84,40.2,46.01,49.475
2025-09-11 10:00:00,10,45,45,2.0,10.0,33.0,0.0,0.0,1.0,9,9,19,4,23,4,49.533,1096.0,207.0,1570.0,49.533,4.0,10.27,roster,0,149.0,112.5,2.1912,186.6,6.6267,1.125,0.8763,3.3111,96.52,19.97,53.6,36.5,39.25
2025-09-11 11:00:00,11,41,41,2.0,10.0,28.0,1.0,0.0,1.0,7,7,18,5,23,5,50.533,1023.0,239.0,1506.0,50.533,4.0,10.27,roster,0,136.0,102.5,2.0,189.93,5.6609,1.025,0.6816,3.3171,87.94,19.97,67.0,35.01,37.65
2025-09-11 12:00:00,12,40,40,2.0,11.0,26.0,1.0,0.0,1.0,12,12,15,5,20,5,35.6,867.0,221.0,1288.0,35.6,4.0,10.27,roster,0,134.0,100.0,1.675,180.11,7.2643,1.0,1.1685,3.35,85.8,17.37,67.0,29.95,32.2
2025-09-11 13:00:00,13,47,47,2.0,12.0,31.0,2.0,0.0,1.0,14,14,19,5,24,5,36.6,323.5,155.0,1318.0,36.6,4.0,10.27,roster,0,155.0,117.5,2.4219,199.3,8.3706,1.175,1.3632,3.2979,100.82,20.84,67.0,30.64,32.95
2025-09-11 14:00:00,14,40,40,2.0,11.0,27.0,0.0,0.0,1.0,9,9,19,5,24,5,37.6,223.0,133.0,429.0,37.6,4.0,10.27,roster,0,135.0,100.0,2.1094,163.61,6.3326,1.0,0.8763,3.375,85.8,20.84,67.0,9.97,10.725
2025-09-11 15:00:00,15,42,42,1.0,8.0,33.0,0.0,0.0,1.0,13,13,15,4,19,4,38.6,217.0,161.0,401.0,38.6,4.0,10.27,roster,0,136.0,105.0,1.619,149.51,7.4989,1.05,1.2658,3.2381,90.09,16.5,53.6,9.32,10.025
2025-09-11 16:00:00,16,42,42,1.0,9.0,32.0,0.0,0.0,1.0,10,10,16,3,19,3,24.267,226.0,127.0,351.0,24.267,4.0,10.27,roster,0,137.0,105.0,1.631,134.95,6.6011,1.05,0.9737,3.2619,90.09,16.5,40.2,8.16,8.775
2025-09-11 17:00:00,17,48,48,1.0,11.0,35.0,0.0,1.0,1.0,11,12,20,2,22,2,25.267,265.0,130.0,357.0,25.267,4.0,10.27,roster,0,155.0,120.0,2.1528,137.16,7.6481,1.2,1.1685,3.2292,102.96,19.1,26.8,8.3,8.925
2025-09-11 18:00:00,18,52,52,1.0,12.0,35.0,3.0,1.0,1.0,10,10,25,3,28,3,26.267,236.5,127.0,373.0,26.267,4.0,10.27,roster,0,165.0,130.0,3.4375,164.72,7.2147,1.3,0.9737,3.1731,111.54,24.31,40.2,8.67,9.325
2025-09-11 19:00:00,19,48,48,0.0,12.0,34.0,2.0,0.0,1.0,8,8,24,2,26,2,27.267,237.0,151.0,401.0,27.267,4.0,10.27,roster,0,154.0,120.0,2.75,141.66,6.3492,1.2,0.779,3.2083,102.96,22.58,26.8,9.32,10.025
2025-09-11 20:00:00,20,49,49,0.0,12.0,36.0,1.0,0.0,1.0,10,9,22,2,24,2,28.267,259.0,203.0,466.0,28.267,4.0,11.2,roster,0,158.0,122.5,2.4688,143.58,6.5411,1.225,0.8036,3.2245,105.1,20.84,26.8,10.83,11.65
2025-09-11 21:00:00,21,50,50,0.0,11.0,38.0,1.0,0.0,1.0,9,8,23,1,24,1,29.267,319.0,239.0,526.0,29.267,4.0,11.2,roster,0,160.0,125.0,2.5,133.72,6.2857,1.25,0.7143,3.2,107.25,20.84,13.4,12.23,13.15
2025-09-11 22:00:00,22,48,48,0.0,11.0,35.0,2.0,0.0,1.0,14,13,24,0,24,0,30.267,365.5,293.0,581.0,30.267,3.0,7.74,roster,0,153.0,120.0,3.1875,117.31,9.1787,1.2,1.6796,3.1875,102.96,20.84,0.0,13.51,14.525
2025-09-11 23:00:00,23,40,40,1.0,12.0,25.0,2.0,0.0,1.0,6,5,26,0,26,0,31.267,388.0,216.0,628.0,31.267,3.0,7.74,roster,0,132.0,100.0,3.1429,102.98,5.4318,1.0,0.646,3.3,85.8,22.58,0.0,14.6,15.7
2025-09-12 00:00:00,0,40,40,1.0,11.0,27.0,1.0,0.0,1.0,6,6,27,1,28,1,32.267,428.0,272.0,688.0,32.267,3.0,7.74,roster,0,132.0,100.0,3.6667,119.51,5.8581,1.0,0.7752,3.3,85.8,24.31,13.4,16.0,17.2
2025-09-12 01:00:00,1,34,34,1.0,13.0,18.0,2.0,0.0,1.0,4,4,26,1,27,1,33.267,491.0,248.0,748.0,33.267,3.0,7.74,roster,0,115.0,85.0,2.9487,107.17,4.623,0.85,0.5168,3.3824,72.93,23.44,13.4,17.39,18.7
2025-09-12 02:00:00,2,33,33,1.0,13.0,18.0,1.0,0.0,1.0,2,2,27,1,28,1,34.267,548.0,308.0,808.0,34.267,3.0,7.74,roster,0,113.0,82.5,3.1389,107.28,3.7098,0.825,0.2584,3.4242,70.78,24.31,13.4,18.79,20.2
2025-09-12 03:00:00,3,38,38,1.0,14.0,22.0,1.0,0.0,1.0,5,5,27,1,28,1,35.267,608.0,368.0,868.0,35.267,3.0,7.74,roster,0,129.0,95.0,3.5833,119.4,5.418,0.95,0.646,3.3947,81.51,24.31,13.4,20.18,21.7
2025-09-12 04:00:00,4,38,38,1.0,14.0,21.0,2.0,0.0,1.0,2,2,27,1,28,1,36.267,668.0,428.0,928.0,36.267,3.0,7.74,roster,0,128.0,95.0,3.5556,120.8,4.0704,0.95,0.2584,3.3684,81.51,24.31,13.4,21.58,23.2
2025-09-12 05:00:00,5,36,36,1.0,15.0,18.0,2.0,0.0,1.0,2,2,27,1,28,1,37.267,728.0,488.0,988.0,37.267,3.0,7.74,roster,0,123.0,90.0,3.4167,117.9,3.9579,0.9,0.2584,3.4167,77.22,24.31,13.4,22.97,24.7
2025-09-12 06:00:00,6,35,35,1.0,15.0,18.0,1.0,0.0,1.0,2,2,27,1,28,1,38.267,788.0,548.0,1048.0,38.267,3.0,7.74,roster,0,121.0,87.5,3.3611,117.15,3.9183,0.875,0.2584,3.4571,75.08,24.31,13.4,24.37,26.2
2025-09-12 07:00:00,7,36,36,1.0,14.0,19.0,2.0,0.0,1.0,3,3,27,1,28,1,39.267,848.0,608.0,1108.0,39.267,3.0,7.74,roster,0,122.0,90.0,3.3889,120.69,4.3635,0.9,0.3876,3.3889,77.22,24.31,13.4,25.76,27.7
2025-09-12 08:00:00,8,37,37,1.0,17.0,17.0,2.0,0.0,1.0,5,5,27,1,28,1,40.267,908.0,668.0,1168.0,40.267,3.0,7.08,roster,0,128.0,92.5,3.5556,124.23,5.6431,0.925,0.7062,3.4595,79.36,24.31,13.4,27.16,29.2
2025-09-12 09:00:00,9,37,37,2.0,13.0,19.0,3.0,0.0,1.0,7,5,27,1,28,1,41.267,968.0,728.0,1228.0,41.267,3.0,7.08,roster,0,125.0,92.5,3.4722,125.63,5.5109,0.925,0.7062,3.3784,79.36,24.31,13.4,28.55,30.7
2025-09-12 10:00:00,10,47,47,4.0,13.0,28.0,2.0,0.0,1.0,12,12,27,2,29,2,42.267,1025.0,774.0,1236.0,42.267,4.0,10.78,roster,0,160.0,117.5,3.6364,161.53,7.7895,1.175,1.1132,3.4043,100.82,25.18,26.8,28.74,30.9
2025-09-12 11:00:00,11,51,51,5.0,12.0,31.0,3.0,0.0,1.0,11,11,30,3,33,3,43.267,1069.0,731.0,1210.0,43.267,4.0,10.78,roster,0,172.0,127.5,6.1429,186.38,7.7414,1.275,1.0204,3.3725,109.39,28.65,40.2,28.13,30.25
2025-09-12 12:00:00,12,50,50,5.0,11.0,34.0,0.0,0.0,1.0,11,11,27,3,30,3,44.267,901.0,170.0,1207.0,44.267,4.0,10.78,roster,0,171.0,125.0,4.275,181.56,7.7648,1.25,1.0204,3.42,107.25,26.05,40.2,28.06,30.175
2025-09-12 13:00:00,13,49,49,6.0,11.0,31.0,1.0,0.0,1.0,6,6,29,3,32,3,45.267,899.0,187.0,1245.0,45.267,4.0,10.78,roster,0,169.0,122.5,5.2812,182.04,6.1447,1.225,0.5566,3.449,105.1,27.79,40.2,28.95,31.125
2025-09-12 14:00:00,14,49,49,6.0,9.0,34.0,0.0,0.0,1.0,11,10,23,3,26,3,25.767,923.5,228.0,1259.0,25.767,4.0,10.78,roster,0,168.0,122.5,3.0,177.15,7.3805,1.225,0.9276,3.4286,105.1,22.58,40.2,29.27,31.475
2025-09-12 15:00:00,15,40,40,4.0,5.0,31.0,0.0,0.0,1.0,7,6,15,2,17,2,23.517,971.0,282.0,1088.0,23.517,4.0,10.78,roster,0,133.0,100.0,1.4457,132.66,5.1756,1.0,0.5566,3.325,85.8,14.76,26.8,25.3,27.2
2025-09-12 16:00:00,16,33,33,2.0,5.0,25.0,1.0,0.0,1.0,5,5,13,1,14,1,24.517,367.0,264.0,1102.0,24.517,4.0,10.78,roster,0,107.0,82.5,1.0288,101.96,4.1789,0.825,0.4638,3.2424,70.78,12.16,13.4,25.62,27.55
2025-09-12 17:00:00,17,32,32,1.0,6.0,25.0,0.0,0.0,1.0,8,8,15,0,15,0,25.517,335.0,158.0,1162.0,25.517,4.0,10.78,roster,0,104.0,80.0,1.04,88.68,5.0119,0.8,0.7421,3.25,68.64,13.02,0.0,27.02,29.05
2025-09-12 18:00:00,18,28,28,0.0,4.0,22.0,2.0,0.0,1.0,5,5,20,0,20,0,26.517,338.0,127.0,1151.0,26.517,4.0,10.78,roster,0,86.0,70.0,1.075,84.19,3.5746,0.7,0.4638,3.0714,60.06,17.37,0.0,26.76,28.775
2025-09-12 19:00:00,19,27,27,0.0,5.0,20.0,2.0,0.0,1.0,6,5,18,0,18,0,27.517,361.0,176.0,1211.0,27.517,4.0,10.78,roster,0,84.0,67.5,0.9545,81.7,3.543,0.675,0.4638,3.1111,57.92,15.63,0.0,28.16,30.275
2025-09-12 20:00:00,20,24,24,0.0,4.0,19.0,1.0,0.0,1.0,9,8,15,0,15,0,28.517,338.0,213.0,1271.0,28.517,4.0,11.46,roster,0,75.0,60.0,0.75,74.06,4.0565,0.6,0.6981,3.125,51.48,13.02,0.0,29.55,31.775
2025-09-12 21:00:00,21,27,27,0.0,3.0,23.0,1.0,0.0,1.0,10,9,14,0,14,0,24.133,389.0,273.0,696.0,24.133,4.0,11.46,roster,0,83.0,67.5,0.7981,66.25,4.4892,0.675,0.7853,3.0741,57.92,12.16,0.0,16.18,17.4
2025-09-12 22:00:00,22,28,28,0.0,2.0,23.0,3.0,0.0,1.0,10,9,15,0,15,0,25.133,408.0,317.0,756.0,25.133,3.0,7.76,roster,0,83.0,70.0,1.1067,70.66,5.513,0.7,1.1598,2.9643,60.06,13.02,0.0,17.58,18.9
2025-09-12 23:00:00,23,33,33,0.0,2.0,28.0,3.0,0.0,1.0,12,9,16,0,16,0,26.133,442.0,377.0,816.0,26.133,3.0,7.76,roster,0,98.0,82.5,1.3611,83.65,5.8942,0.825,1.1598,2.9697,70.78,13.89,0.0,18.97,20.4
2025-09-13 00:00:00,0,28,28,1.0,3.0,23.0,1.0,0.0,1.0,2,2,17,0,17,0,27.133,476.0,434.0,744.0,27.133,3.0,7.76,roster,0,88.0,70.0,1.2754,72.12,3.01,0.7,0.2577,3.1429,60.06,14.76,0.0,17.3,18.6
2025-09-13 01:00:00,1,30,30,1.0,3.0,26.0,0.0,0.0,1.0,6,6,17,1,18,1,28.133,524.5,292.0,804.0,28.133,3.0,7.76,roster,0,95.0,75.0,1.4394,92.07,4.8235,0.75,0.7732,3.1667,64.35,15.63,13.4,18.69,20.1
2025-09-13 02:00:00,2,29,29,1.0,3.0,25.0,0.0,0.0,1.0,5,5,17,1,18,1,29.133,584.5,352.0,864.0,29.133,3.0,7.76,roster,0,92.0,72.5,1.3939,91.32,4.3441,0.725,0.6443,3.1724,62.2,15.63,13.4,20.09,21.6
2025-09-13 03:00:00,3,30,30,1.0,2.0,27.0,0.0,0.0,1.0,3,3,18,1,19,1,30.133,633.0,377.0,924.0,30.133,3.0,7.76,roster,0,94.0,75.0,1.4921,95.73,3.5613,0.75,0.3866,3.1333,64.35,16.5,13.4,21.48,23.1
2025-09-13 04:00:00,4,31,31,0.0,2.0,28.0,1.0,0.0,1.0,4,4,18,1,19,1,31.133,693.0,437.0,984.0,31.133,3.0,7.76,roster,0,94.0,77.5,1.4921,99.27,3.913,0.775,0.5155,3.0323,66.5,16.5,13.4,22.88,24.6
2025-09-13 05:00:00,5,29,29,0.0,2.0,27.0,0.0,0.0,1.0,2,1,19,1,20,1,32.133,748.5,497.0,1044.0,32.133,3.0,7.76,roster,0,89.0,72.5,1.4833,97.24,2.6205,0.725,0.1289,3.069,62.2,17.37,13.4,24.27,26.1
2025-09-13 06:00:00,6,33,33,0.0,2.0,31.0,0.0,0.0,1.0,5,4,20,1,21,1,33.133,804.0,525.0,938.0,33.133,3.0,7.76,roster,0,101.0,82.5,1.7719,104.23,4.1026,0.825,0.5155,3.0606,70.78,18.23,13.4,21.81,23.45
2025-09-13 07:00:00,7,29,29,0.0,3.0,26.0,0.0,0.0,1.0,4,4,20,0,20,0,34.133,868.5,617.0,1164.0,34.133,3.0,7.76,roster,0,90.0,72.5,1.5,86.63,3.8497,0.725,0.5155,3.1034,62.2,17.37,0.0,27.06,29.1
2025-09-13 08:00:00,8,31,31,0.0,3.0,28.0,0.0,0.0,1.0,6,4,21,0,21,0,35.133,924.0,645.0,1058.0,35.133,3.0,6.63,roster,0,96.0,77.5,1.6842,89.33,4.2683,0.775,0.6033,3.0968,66.5,18.23,0.0,24.6,26.45
2025-09-13 09:00:00,9,31,31,0.0,4.0,27.0,0.0,0.0,1.0,5,4,20,0,20,0,36.133,980.5,705.0,1118.0,36.133,3.0,6.63,roster,0,97.0,77.5,1.6167,89.85,4.3128,0.775,0.6033,3.129,66.5,17.37,0.0,25.99,27.95
2025-09-13 10:00:00,10,31,31,0.0,4.0,27.0,0.0,0.0,1.0,4,4,20,0,20,0,37.133,1040.5,673.0,1178.0,37.133,4.0,10.09,roster,0,97.0,77.5,1.2125,91.25,3.6654,0.775,0.3964,3.129,66.5,17.37,0.0,27.39,29.45
2025-09-13 11:00:00,11,34,34,0.0,6.0,26.0,2.0,0.0,1.0,8,8,19,0,19,0,38.133,1097.0,456.0,1238.0,38.133,4.0,10.09,roster,0,106.0,85.0,1.2619,98.21,5.1219,0.85,0.7929,3.1176,72.93,16.5,0.0,28.78,30.95
2025-09-13 12:00:00,12,32,32,0.0,7.0,24.0,1.0,0.0,1.0,7,7,18,0,18,0,39.133,973.5,161.0,1248.0,39.133,4.0,10.09,roster,0,102.0,80.0,1.1591,93.29,4.7613,0.8,0.6938,3.1875,68.64,15.63,0.0,29.02,31.2
2025-09-13 13:00:00,13,33,33,0.0,6.0,25.0,2.0,0.0,1.0,10,10,12,0,12,0,39.367,398.5,206.0,1256.0,39.367,4.0,10.09,roster,0,103.0,82.5,0.9196,90.41,5.6684,0.825,0.9911,3.1212,70.78,10.42,0.0,29.2,31.4
2025-09-13 14:00:00,14,35,35,1.0,6.0,24.0,4.0,0.0,1.0,11,11,11,0,11,0,40.367,281.0,180.0,1284.0,40.367,4.0,10.09,roster,0,109.0,87.5,0.9397,94.48,6.1202,0.875,1.0902,3.1143,75.08,9.55,0.0,29.85,32.1
2025-09-13 15:00:00,15,35,35,1.0,4.0,26.0,3.0,1.0,1.0,12,11,9,1,10,1,22.933,200.5,85.0,341.0,22.933,4.0,10.09,roster,0,106.0,87.5,0.8833,85.09,5.9517,0.875,1.0902,3.0286,75.08,8.68,13.4,7.93,8.525
2025-09-13 16:00:00,16,36,36,1.0,4.0,27.0,2.0,2.0,1.0,13,13,6,1,7,1,21.0,141.0,113.0,205.0,5.0,4.0,10.09,roster,0,108.0,90.0,0.8182,81.46,6.5652,0.9,1.2884,3.0,77.22,6.08,13.4,4.77,5.125
2025-09-13 17:00:00,17,35,35,0.0,4.0,26.0,3.0,2.0,1.0,13,12,6,0,6,0,22.0,199.5,173.0,265.0,6.0,4.0,10.09,roster,0,102.0,87.5,0.75,66.45,6.0159,0.875,1.1893,2.9143,75.08,5.21,0.0,6.16,6.625
2025-09-13 18:00:00,18,35,35,0.0,3.0,27.0,3.0,2.0,1.0,12,12,6,0,6,0,23.0,249.0,199.0,325.0,7.0,4.0,10.09,roster,0,101.0,87.5,0.7426,67.84,5.957,0.875,1.1893,2.8857,75.08,5.21,0.0,7.56,8.125
2025-09-13 19:00:00,19,32,32,1.0,4.0,24.0,3.0,0.0,1.0,8,8,7,0,7,0,24.0,293.0,169.0,385.0,8.0,4.0,10.09,roster,0,99.0,80.0,0.75,63.67,4.9279,0.8,0.7929,3.0938,68.64,6.08,0.0,8.95,9.625
2025-09-13 20:00:00,20,35,35,1.0,10.0,21.0,3.0,0.0,1.0,15,15,7,0,7,0,18.1,353.0,153.0,445.0,9.0,4.0,12.86,roster,0,114.0,87.5,0.8636,71.5,6.6492,0.875,1.1664,3.2571,75.08,6.08,0.0,10.35,11.125
2025-09-13 21:00:00,21,34,34,1.0,8.0,24.0,1.0,0.0,1.0,6,6,10,1,11,1,19.1,213.0,112.0,445.0,10.0,4.0,12.86,roster,0,111.0,85.0,0.9569,86.23,4.2982,0.85,0.4666,3.2647,72.93,9.55,13.4,10.35,11.125
2025-09-13 22:00:00,22,34,34,1.0,7.0,22.0,3.0,1.0,1.0,10,8,10,0,10,0,20.1,311.0,176.0,505.0,11.0,3.0,9.4,roster,0,106.0,85.0,1.1778,73.35,5.3033,0.85,0.8511,3.1176,72.93,8.68,0.0,11.74,12.625
2025-09-13 23:00:00,23,26,26,1.0,6.0,18.0,0.0,1.0,1.0,5,5,10,0,10,0,21.1,371.0,236.0,565.0,12.0,3.0,9.4,roster,0,84.0,65.0,0.9333,57.59,3.8185,0.65,0.5319,3.2308,55.77,8.68,0.0,13.14,14.125
2025-09-14 00:00:00,0,29,29,1.0,6.0,22.0,0.0,0.0,1.0,10,9,11,0,11,0,22.1,393.0,292.0,625.0,13.0,3.0,9.4,roster,0,95.0,72.5,1.092,66.29,5.5115,0.725,0.9574,3.2759,62.2,9.55,0.0,14.53,15.625
2025-09-14 01:00:00,1,30,30,2.0,8.0,20.0,0.0,0.0,1.0,5,5,13,0,13,0,23.1,390.0,344.0,653.0,14.0,3.0,9.4,roster,0,102.0,75.0,1.2593,70.82,4.3585,0.75,0.5319,3.4,64.35,11.29,0.0,15.18,16.325
2025-09-14 02:00:00,2,26,26,2.0,7.0,17.0,0.0,0.0,1.0,2,3,15,0,15,0,24.1,416.0,177.0,713.0,15.0,3.0,9.4,roster,0,89.0,65.0,1.1867,65.37,3.3175,0.65,0.3191,3.4231,55.77,13.02,0.0,16.58,17.825
2025-09-14 03:00:00,3,30,30,2.0,7.0,20.0,1.0,0.0,1.0,7,7,14,0,14,0,25.1,493.0,270.0,773.0,16.0,3.0,9.4,roster,0,100.0,75.0,1.2821,74.48,4.9823,0.75,0.7447,3.3333,64.35,12.16,0.0,17.97,19.325
2025-09-14 04:00:00,4,27,27,2.0,6.0,19.0,0.0,0.0,1.0,4,4,13,0,13,0,26.1,570.0,524.0,833.0,17.0,3.0,9.4,roster,0,91.0,67.5,1.1235,68.57,3.7092,0.675,0.4255,3.3704,57.92,11.29,0.0,19.37,20.825
2025-09-14 05:00:00,5,26,26,2.0,6.0,18.0,0.0,0.0,1.0,1,1,14,0,14,0,27.1,613.0,390.0,893.0,18.0,3.0,9.4,roster,0,88.0,65.0,1.1282,68.69,2.5601,0.65,0.1064,3.3846,55.77,12.16,0.0,20.76,22.325
2025-09-14 06:00:00,6,30,30,2.0,7.0,21.0,0.0,0.0,1.0,5,4,14,0,14,0,28.1,673.0,450.0,953.0,19.0,3.0,9.4,roster,0,101.0,75.0,1.2949,78.66,3.9576,0.75,0.4255,3.3667,64.35,12.16,0.0,22.16,23.825
2025-09-14 07:00:00,7,29,29,2.0,7.0,18.0,2.0,0.0,1.0,4,3,15,0,15,0,29.1,716.0,477.0,1013.0,20.0,3.0,9.4,roster,0,96.0,72.5,1.28,78.78,3.4565,0.725,0.3191,3.3103,62.2,13.02,0.0,23.55,25.325
2025-09-14 08:00:00,8,28,28,3.0,6.0,18.0,1.0,0.0,1.0,5,4,15,0,15,0,30.1,776.0,537.0,1073.0,21.0,3.0,6.79,roster,0,95.0,70.0,1.2667,78.03,4.3737,0.7,0.5891,3.3929,60.06,13.02,0.0,24.95,26.825
2025-09-14 09:00:00,9,29,29,3.0,8.0,17.0,1.0,0.0,1.0,5,5,14,1,15,1,31.1,836.0,518.0,1133.0,22.0,3.0,6.79,roster,0,100.0,72.5,1.3333,94.97,5.0392,0.725,0.7364,3.4483,62.2,13.02,13.4,26.34,28.325
2025-09-14 10:00:00,10,33,33,3.0,8.0,22.0,0.0,0.0,1.0,9,8,13,1,14,1,32.1,888.0,267.0,993.0,23.0,4.0,10.04,roster,0,113.0,82.5,1.0865,99.43,5.5535,0.825,0.7968,3.4242,70.78,12.16,13.4,23.09,24.825
2025-09-14 11:00:00,11,35,35,3.0,9.0,23.0,0.0,0.0,1.0,15,13,10,1,11,1,33.1,944.0,235.0,1253.0,24.0,4.0,10.04,roster,0,120.0,87.5,1.0345,107.16,7.4394,0.875,1.2948,3.4286,75.08,9.55,13.4,29.13,31.325
2025-09-14 12:00:00,12,33,33,2.0,8.0,23.0,0.0,0.0,1.0,12,12,10,0,10,0,34.1,907.0,141.0,1050.0,22.417,4.0,10.04,roster,0,111.0,82.5,0.925,83.88,6.7953,0.825,1.1952,3.3636,70.78,8.68,0.0,24.41,26.25
2025-09-14 13:00:00,13,33,33,2.0,8.0,23.0,0.0,0.0,1.0,9,9,14,1,15,1,35.1,201.0,107.0,1076.0,23.417,4.0,10.04,roster,0,111.0,82.5,1.11,102.23,5.7902,0.825,0.8964,3.3636,70.78,13.02,13.4,25.02,26.9
2025-09-14 14:00:00,14,39,39,2.0,8.0,26.0,3.0,0.0,1.0,13,11,15,1,16,1,24.417,226.5,157.0,1136.0,24.417,4.0,10.04,roster,0,126.0,97.5,1.3125,117.36,6.6897,0.975,1.0956,3.2308,83.66,13.89,13.4,26.41,28.4
2025-09-14 15:00:00,15,42,42,2.0,9.0,29.0,2.0,0.0,1.0,15,14,15,0,15,0,25.417,321.0,179.0,1196.0,25.417,4.0,10.04,roster,0,137.0,105.0,1.37,110.92,7.9735,1.05,1.3944,3.2619,90.09,13.02,0.0,27.81,29.9
2025-09-14 16:00:00,16,47,47,2.0,11.0,33.0,1.0,0.0,1.0,13,13,18,0,18,0,26.417,302.0,167.0,1244.0,26.417,4.0,10.04,roster,0,155.0,117.5,1.7614,125.37,8.1452,1.175,1.2948,3.2979,100.82,15.63,0.0,28.92,31.1
2025-09-14 17:00:00,17,48,48,2.0,9.0,37.0,0.0,0.0,1.0,8,8,22,1,23,1,27.417,299.0,128.0,1110.0,27.417,4.0,10.04,roster,0,157.0,120.0,2.3088,142.14,6.5312,1.2,0.7968,3.2708,102.96,19.97,13.4,25.81,27.75
2025-09-14 18:00:00,18,46,46,2.0,8.0,36.0,0.0,0.0,1.0,12,10,22,1,23,1,28.417,359.0,188.0,1170.0,28.417,4.0,10.04,roster,0,150.0,115.0,2.2059,139.24,6.9979,1.15,0.996,3.2609,98.67,19.97,13.4,27.2,29.25
2025-09-14 19:00:00,19,48,48,3.0,8.0,37.0,0.0,0.0,1.0,11,11,21,1,22,1,29.417,426.0,257.0,1230.0,29.417,4.0,10.04,roster,0,158.0,120.0,2.1944,144.06,7.5564,1.2,1.0956,3.2917,102.96,19.1,13.4,28.6,30.75
2025-09-14 20:00:00,20,48,48,3.0,7.0,34.0,4.0,0.0,1.0,14,13,24,1,25,1,30.417,410.0,296.0,1178.0,30.417,4.0,9.61,roster,0,153.0,120.0,2.55,145.46,8.1369,1.2,1.3528,3.1875,102.96,21.71,13.4,27.39,29.45
2025-09-14 21:00:00,21,49,49,3.0,6.0,34.0,6.0,0.0,1.0,11,11,23,1,24,1,31.417,504.5,368.0,1350.0,31.417,4.0,9.61,roster,0,153.0,122.5,2.3906,150.73,7.3991,1.225,1.1446,3.1224,105.1,20.84,13.4,31.39,33.75
2025-09-14 22:00:00,22,49,49,3.0,6.0,35.0,5.0,0.0,1.0,11,10,22,1,23,1,32.417,530.0,416.0,1298.0,32.417,3.0,6.36,roster,0,154.0,122.5,3.0196,148.65,8.7916,1.225,1.5723,3.1429,105.1,19.97,13.4,30.18,32.45
2025-09-14 23:00:00,23,43,43,3.0,6.0,34.0,0.0,0.0,1.0,5,6,24,1,25,1,33.417,587.0,465.0,801.0,33.417,3.0,6.36,roster,0,141.0,107.5,3.1333,125.97,6.6185,1.075,0.9434,3.2791,92.24,21.71,13.4,18.62,20.025
2025-09-15 00:00:00,0,45,45,3.0,7.0,35.0,0.0,0.0,1.0,13,11,25,1,26,1,34.417,629.0,416.0,861.0,34.417,3.0,6.36,roster,0,148.0,112.5,3.5238,132.52,9.3883,1.125,1.7296,3.2889,96.52,22.58,13.4,20.02,21.525
2025-09-15 01:00:00,1,42,42,4.0,7.0,31.0,0.0,0.0,1.0,4,5,27,1,28,1,35.417,659.0,399.0,921.0,35.417,3.0,6.36,roster,0,141.0,105.0,3.9167,129.22,6.1643,1.05,0.7862,3.3571,90.09,24.31,13.4,21.41,23.025
2025-09-15 02:00:00,2,40,40,4.0,7.0,29.0,0.0,0.0,1.0,5,4,27,0,27,0,36.417,731.0,444.0,981.0,36.417,3.0,6.36,roster,0,135.0,100.0,3.4615,112.05,5.4976,1.0,0.6289,3.375,85.8,23.44,0.0,22.81,24.525
2025-09-15 03:00:00,3,41,41,4.0,8.0,29.0,0.0,0.0,1.0,4,5,27,1,28,1,37.417,779.0,504.0,1041.0,37.417,3.0,6.36,roster,0,139.0,102.5,3.8611,129.86,6.1403,1.025,0.7862,3.3902,87.94,24.31,13.4,24.2,26.025
2025-09-15 04:00:00,4,40,40,4.0,8.0,28.0,0.0,0.0,1.0,3,3,28,0,28,0,38.417,839.0,564.0,1101.0,38.417,3.0,6.36,roster,0,136.0,100.0,3.7778,115.71,5.0038,1.0,0.4717,3.4,85.8,24.31,0.0,25.6,27.525
2025-09-15 05:00:00,5,37,37,4.0,8.0,25.0,0.0,0.0,1.0,1,1,28,0,28,0,39.417,899.0,624.0,1161.0,39.417,3.0,6.36,roster,0,127.0,92.5,3.5278,110.67,3.7147,0.925,0.1572,3.4324,79.36,24.31,0.0,26.99,29.025
2025-09-15 06:00:00,6,41,41,4.0,7.0,29.0,1.0,0.0,1.0,6,5,28,0,28,0,40.417,959.0,684.0,1221.0,40.417,3.0,6.36,roster,0,137.0,102.5,3.8056,120.65,6.0519,1.025,0.7862,3.3415,87.94,24.31,0.0,28.39,30.525
2025-09-15 07:00:00,7,45,45,6.0,8.0,30.0,1.0,0.0,1.0,9,10,29,0,29,0,41.417,1007.0,728.0,1212.0,41.417,3.0,6.36,roster,0,154.0,112.5,4.6667,129.88,9.2309,1.125,1.5723,3.4222,96.52,25.18,0.0,28.18,30.3
2025-09-15 08:00:00,8,44,44,6.0,9.0,29.0,0.0,0.0,1.0,4,4,31,1,32,1,42.417,1032.5,585.0,1272.0,42.417,3.0,6.8,roster,0,153.0,110.0,6.375,145.14,5.8705,1.1,0.5882,3.4773,94.38,27.79,13.4,29.57,31.8
2025-09-15 09:00:00,9,48,48,8.0,8.0,32.0,0.0,0.0,1.0,8,7,31,2,33,2,43.417,1065.0,574.0,1273.0,43.417,3.0,6.8,roster,0,168.0,120.0,8.0,168.01,7.8029,1.2,1.0294,3.5,102.96,28.65,26.8,29.6,31.825
2025-09-15 10:00:00,10,53,53,8.0,8.0,37.0,0.0,0.0,1.0,8,8,34,2,36,2,44.417,977.5,454.0,1333.0,44.417,4.0,10.13,roster,0,183.0,132.5,11.4375,182.74,7.3018,1.325,0.7897,3.4528,113.68,31.26,26.8,30.99,33.325
2025-09-15 11:00:00,11,53,53,8.0,9.0,35.0,1.0,0.0,1.0,8,7,33,2,35,2,45.417,984.0,244.0,1379.0,45.417,4.0,10.13,roster,0,183.0,132.5,9.15,182.94,6.961,1.325,0.691,3.4528,113.68,30.39,26.8,32.06,34.475
2025-09-15 12:00:00,12,49,49,5.0,8.0,34.0,2.0,0.0,1.0,8,8,29,2,31,2,26.35,825.0,258.0,1331.0,26.35,4.0,10.13,roster,0,163.0,122.5,4.5278,169.77,6.7021,1.225,0.7897,3.3265,105.1,26.92,26.8,30.95,33.275
2025-09-15 13:00:00,13,51,51,5.0,8.0,36.0,2.0,0.0,1.0,8,8,29,2,31,2,27.35,841.0,286.0,1367.0,27.35,4.0,10.13,roster,0,169.0,127.5,4.6944,174.9,6.842,1.275,0.7897,3.3137,109.39,26.92,26.8,31.78,34.175
2025-09-15 14:00:00,14,46,46,5.0,7.0,33.0,1.0,0.0,1.0,3,3,27,2,29,2,28.35,694.0,302.0,1179.0,28.35,4.0,10.13,roster,0,154.0,115.0,3.5,158.06,4.8415,1.15,0.2962,3.3478,98.67,25.18,26.8,27.41,29.475
2025-09-15 15:00:00,15,41,41,5.0,7.0,28.0,1.0,0.0,1.0,9,9,21,1,22,1,29.35,844.0,362.0,1239.0,29.35,4.0,10.13,roster,0,139.0,102.5,1.9306,129.25,6.4871,1.025,0.8885,3.3902,87.94,19.1,13.4,28.81,30.975
2025-09-15 16:00:00,16,43,43,7.0,7.0,27.0,2.0,0.0,1.0,9,9,24,1,25,1,29.2,466.0,195.0,1268.0,29.2,4.0,10.13,roster,0,148.0,107.5,2.4667,136.82,6.7579,1.075,0.8885,3.4419,92.24,21.71,13.4,29.48,31.7
2025-09-15 17:00:00,17,43,43,6.0,7.0,29.0,1.0,0.0,1.0,10,8,27,2,29,2,30.2,465.0,147.0,1125.0,30.2,4.0,10.13,roster,0,147.0,107.5,3.3409,150.37,6.3748,1.075,0.7897,3.4186,92.24,25.18,26.8,26.16,28.125
2025-09-15 18:00:00,18,41,41,6.0,7.0,28.0,0.0,0.0,1.0,4,4,30,2,32,2,31.2,334.5,178.0,1185.0,31.2,4.0,10.13,roster,0,142.0,102.5,4.4375,150.08,4.9176,1.025,0.3949,3.4634,87.94,27.79,26.8,27.55,29.625
2025-09-15 19:00:00,19,47,47,4.0,7.0,33.0,3.0,0.0,1.0,12,11,32,1,33,1,32.2,375.0,205.0,1201.0,32.2,4.0,10.13,roster,0,153.0,117.5,5.4643,150.79,7.3599,1.175,1.0859,3.2553,100.82,28.65,13.4,27.92,30.025
2025-09-15 20:00:00,20,47,47,5.0,6.0,34.0,2.0,0.0,1.0,9,8,32,1,33,1,29.283,347.0,221.0,784.0,29.283,4.0,11.66,roster,0,155.0,117.5,5.5357,141.1,6.1377,1.175,0.6861,3.2979,100.82,28.65,13.4,18.23,19.6
2025-09-15 21:00:00,21,55,55,4.0,7.0,39.0,5.0,0.0,1.0,13,12,31,1,32,1,30.283,446.0,281.0,1114.0,30.283,4.0,11.66,roster,0,175.0,137.5,5.4688,165.06,7.6496,1.375,1.0292,3.1818,117.98,27.79,13.4,25.9,27.85
2025-09-15 22:00:00,22,52,52,4.0,8.0,35.0,5.0,0.0,1.0,6,6,30,2,32,2,31.283,506.0,328.0,1174.0,31.283,3.0,8.33,roster,0,167.0,130.0,6.9583,173.42,6.4882,1.3,0.7203,3.2115,111.54,27.79,26.8,27.3,29.35
2025-09-15 23:00:00,23,49,49,4.0,7.0,36.0,2.0,0.0,1.0,7,8,30,1,31,1,32.283,527.0,369.0,1234.0,32.283,3.0,8.33,roster,0,160.0,122.5,5.9259,154.11,7.1359,1.225,0.9604,3.2653,105.1,26.92,13.4,28.69,30.85
2025-09-16 00:00:00,0,43,43,4.0,6.0,31.0,2.0,0.0,1.0,7,4,30,0,30,0,33.283,626.0,448.0,1294.0,33.283,3.0,8.33,roster,0,141.0,107.5,4.7,128.37,5.0996,1.075,0.4802,3.2791,92.24,26.05,0.0,30.09,32.35
2025-09-16 01:00:00,1,41,41,4.0,6.0,31.0,0.0,0.0,1.0,3,3,31,0,31,0,34.283,647.0,466.0,1354.0,34.283,3.0,8.33,roster,0,137.0,102.5,5.0741,126.34,4.6284,1.025,0.3601,3.3415,87.94,26.92,0.0,31.48,33.85
2025-09-16 02:00:00,2,39,39,4.0,7.0,28.0,0.0,0.0,1.0,5,5,32,0,32,0,35.283,705.0,526.0,1414.0,35.283,3.0,8.33,roster,0,132.0,97.5,5.5,124.32,5.3316,0.975,0.6002,3.3846,83.66,27.79,0.0,32.88,35.35
2025-09-16 03:00:00,3,44,44,4.0,9.0,31.0,0.0,0.0,1.0,8,7,32,1,33,1,36.283,763.0,555.0,1181.0,36.283,3.0,8.33,roster,0,149.0,110.0,7.0952,143.89,6.5707,1.1,0.8403,3.3864,94.38,28.65,13.4,27.46,29.525
2025-09-16 04:00:00,4,43,43,4.0,8.0,31.0,0.0,0.0,1.0,3,3,33,1,34,1,37.283,815.0,557.0,1241.0,37.283,3.0,8.33,roster,0,145.0,107.5,8.0556,144.01,4.8394,1.075,0.3601,3.3721,92.24,29.52,13.4,28.85,31.025
2025-09-16 05:00:00,5,40,40,4.0,7.0,28.0,0.0,1.0,1.0,1,1,33,0,33,0,38.283,883.0,675.0,1301.0,38.283,3.0,8.33,roster,0,133.0,100.0,6.3333,124.7,3.7242,1.0,0.12,3.325,85.8,28.65,0.0,30.25,32.525
2025-09-16 06:00:00,6,36,36,4.0,6.0,26.0,0.0,0.0,1.0,0,0,33,0,33,0,39.283,943.0,735.0,1361.0,39.283,3.0,8.33,roster,0,122.0,90.0,5.8095,117.52,3.05,0.9,0.0,3.3889,77.22,28.65,0.0,31.64,34.025
2025-09-16 07:00:00,7,38,38,4.0,6.0,27.0,1.0,0.0,1.0,4,2,33,0,33,0,40.283,1003.0,795.0,1421.0,40.283,3.0,8.33,roster,0,127.0,95.0,6.0476,123.2,3.9774,0.95,0.2401,3.3421,81.51,28.65,0.0,33.04,35.525
2025-09-16 08:00:00,8,40,40,4.0,6.0,29.0,1.0,0.0,1.0,5,5,32,1,33,1,41.283,1063.0,855.0,1481.0,41.283,3.0,6.58,roster,0,133.0,100.0,6.3333,142.29,5.8516,1.0,0.7599,3.325,85.8,28.65,13.4,34.43,37.025
2025-09-16 09:00:00,9,47,47,5.0,7.0,33.0,2.0,0.0,1.0,11,10,32,1,33,1,42.283,1107.0,857.0,1541.0,42.283,3.0,6.58,roster,0,156.0,117.5,7.4286,158.7,8.9443,1.175,1.5198,3.3191,100.82,28.65,13.4,35.83,38.525
2025-09-16 10:00:00,10,52,52,4.0,11.0,34.0,3.0,0.0,1.0,13,13,30,2,32,2,43.283,1113.5,720.0,1894.0,43.283,4.0,9.91,roster,0,172.0,130.0,5.375,190.16,8.6391,1.3,1.3118,3.3077,111.54,27.79,26.8,44.04,47.35
2025-09-16 11:00:00,11,63,63,4.0,14.0,42.0,3.0,0.0,1.0,16,15,33,2,35,2,44.283,1089.0,258.0,1606.0,44.283,4.0,9.91,roster,0,208.0,157.5,10.4,209.67,10.1974,1.575,1.5136,3.3016,135.14,30.39,26.8,37.34,40.15
2025-09-16 12:00:00,12,64,64,5.0,14.0,42.0,3.0,0.0,1.0,9,9,29,2,31,2,45.283,1095.0,235.0,1395.0,45.283,4.0,9.91,roster,0,213.0,160.0,5.9167,203.43,8.3475,1.6,0.9082,3.3281,137.28,26.92,26.8,32.43,34.875
2025-09-16 13:00:00,13,63,63,4.0,14.0,43.0,2.0,0.0,1.0,8,7,32,2,34,2,46.283,834.0,206.0,1297.0,46.283,4.0,9.91,roster,0,209.0,157.5,8.7083,201.61,7.5683,1.575,0.7064,3.3175,135.14,29.52,26.8,30.16,32.425
2025-09-16 14:00:00,14,52,52,3.0,13.0,34.0,2.0,0.0,1.0,4,4,27,1,28,1,47.283,529.0,246.0,1357.0,47.283,4.0,9.91,roster,0,173.0,130.0,3.6042,160.8,5.6679,1.3,0.4036,3.3269,111.54,24.31,13.4,31.55,33.925
2025-09-16 15:00:00,15,51,51,3.0,12.0,32.0,3.0,1.0,1.0,11,11,27,1,28,1,30.767,380.0,238.0,1361.0,30.767,4.0,9.91,roster,0,166.0,127.5,3.4583,158.75,7.7629,1.275,1.11,3.2549,109.39,24.31,13.4,31.64,34.025
2025-09-16 16:00:00,16,46,46,2.0,11.0,31.0,1.0,1.0,1.0,4,4,27,1,28,1,25.783,376.0,197.0,1277.0,25.783,4.0,9.91,roster,0,150.0,115.0,3.125,146.07,5.0662,1.15,0.4036,3.2609,98.67,24.31,13.4,29.69,31.925
2025-09-16 17:00:00,17,44,44,2.0,9.0,30.0,2.0,1.0,1.0,6,5,25,2,27,2,26.783,426.0,201.0,1337.0,26.783,4.0,9.91,roster,0,141.0,110.0,2.7115,155.71,5.1418,1.1,0.5045,3.2045,94.38,23.44,26.8,31.09,33.425
2025-09-16 18:00:00,18,52,52,2.0,7.0,34.0,7.0,2.0,1.0,10,10,26,1,27,1,27.783,486.0,261.0,1397.0,27.783,4.0,9.91,roster,0,156.0,130.0,3.0,160.86,6.9272,1.3,1.0091,3.0,111.54,23.44,13.4,32.48,34.925
2025-09-16 19:00:00,19,42,42,2.0,4.0,30.0,6.0,0.0,1.0,5,4,23,1,24,1,28.783,458.0,285.0,1457.0,28.783,4.0,9.91,roster,0,128.0,105.0,2.0,138.2,4.4301,1.05,0.4036,3.0476,90.09,20.84,13.4,33.88,36.425
2025-09-16 20:00:00,20,40,40,2.0,5.0,27.0,6.0,0.0,1.0,8,6,25,1,26,1,29.783,495.0,317.0,1320.0,29.783,4.0,10.28,roster,0,123.0,100.0,2.1964,132.47,4.8697,1.0,0.5837,3.075,85.8,22.58,13.4,30.69,33.0
2025-09-16 21:00:00,21,42,42,2.0,7.0,31.0,2.0,0.0,1.0,11,11,26,0,26,0,30.783,531.5,372.0,1380.0,30.783,4.0,10.28,roster,0,135.0,105.0,2.4107,124.75,6.8144,1.05,1.07,3.2143,90.09,22.58,0.0,32.08,34.5
2025-09-16 22:00:00,22,42,42,2.0,7.0,30.0,1.0,2.0,1.0,9,7,26,0,26,0,31.783,591.5,432.0,1440.0,31.783,3.0,6.95,roster,0,132.0,105.0,3.1429,126.15,6.4655,1.05,1.0072,3.1429,90.09,22.58,0.0,33.48,36.0
2025-09-16 23:00:00,23,43,43,3.0,6.0,30.0,4.0,0.0,1.0,11,8,25,0,25,0,32.783,672.0,492.0,1500.0,32.783,3.0,6.95,roster,0,137.0,107.5,3.0444,128.82,7.0924,1.075,1.1511,3.186,92.24,21.71,0.0,34.88,37.5
2025-09-17 00:00:00,0,44,44,3.0,7.0,30.0,4.0,0.0,1.0,4,4,27,1,28,1,33.783,684.0,448.0,1560.0,33.783,3.0,6.95,roster,0,141.0,110.0,3.9167,148.36,5.3693,1.1,0.5755,3.2045,94.38,24.31,13.4,36.27,39.0
2025-09-17 01:00:00,1,36,36,3.0,6.0,25.0,2.0,0.0,1.0,2,2,27,1,28,1,34.783,744.0,508.0,1620.0,34.783,3.0,6.95,roster,0,118.0,90.0,3.2778,132.6,3.8932,0.9,0.2878,3.2778,77.22,24.31,13.4,37.66,40.5
2025-09-17 02:00:00,2,40,40,2.0,7.0,28.0,3.0,0.0,1.0,7,7,27,0,27,0,35.783,811.0,568.0,1680.0,35.783,3.0,6.95,roster,0,128.0,100.0,3.2821,128.3,6.423,1.0,1.0072,3.2,85.8,23.44,0.0,39.06,42.0
2025-09-17 03:00:00,3,37,37,2.0,7.0,26.0,2.0,0.0,1.0,1,1,27,0,27,0,36.783,871.0,628.0,1740.0,36.783,3.0,6.95,roster,0,120.0,92.5,3.0769,123.26,3.4667,0.925,0.1439,3.2432,79.36,23.44,0.0,40.46,43.5
2025-09-17 04:00:00,4,32,32,2.0,6.0,23.0,1.0,0.0,1.0,1,1,26,0,26,0,37.783,951.5,786.0,1800.0,37.783,3.0,6.95,roster,0,105.0,80.0,2.5,113.07,3.0971,0.8,0.1439,3.2812,68.64,22.58,0.0,41.85,45.0
2025-09-17 05:00:00,5,34,34,2.0,6.0,25.0,1.0,0.0,1.0,2,2,26,0,26,0,38.783,1011.5,846.0,1860.0,38.783,3.0,6.95,roster,0,111.0,85.0,2.6429,118.75,3.7145,0.85,0.2878,3.2647,72.93,22.58,0.0,43.24,46.5
2025-09-17 06:00:00,6,34,34,2.0,6.0,25.0,1.0,0.0,1.0,1,1,27,0,27,0,39.783,1051.0,808.0,1920.0,39.783,3.0,6.95,roster,0,111.0,85.0,2.8462,121.01,3.2447,0.85,0.1439,3.2647,72.93,23.44,0.0,44.64,48.0
2025-09-17 07:00:00,7,37,37,2.0,7.0,27.0,1.0,0.0,1.0,6,6,27,0,27,0,40.783,1111.0,868.0,1980.0,40.783,3.0,6.95,roster,0,121.0,92.5,3.1026,128.84,5.8483,0.925,0.8633,3.2703,79.36,23.44,0.0,46.04,49.5
2025-09-17 08:00:00,8,37,37,2.0,6.0,28.0,1.0,0.0,1.0,3,3,28,0,28,0,41.783,1164.0,928.0,2040.0,41.783,3.0,6.43,roster,0,120.0,92.5,3.3333,131.11,4.5132,0.925,0.4666,3.2432,79.36,24.31,0.0,47.43,51.0
2025-09-17 09:00:00,9,44,44,2.0,9.0,33.0,0.0,0.0,1.0,10,9,30,0,30,0,42.783,1189.0,738.0,1409.0,42.783,3.0,6.43,roster,0,145.0,110.0,4.8333,133.19,8.2376,1.1,1.3997,3.2955,94.38,26.05,0.0,32.76,35.225
2025-09-17 10:00:00,10,52,52,2.0,10.0,39.0,1.0,0.0,1.0,14,14,29,0,29,0,43.783,1182.0,352.0,1446.0,43.783,4.0,9.68,roster,0,169.0,130.0,3.8409,150.34,8.9254,1.3,1.4463,3.25,111.54,25.18,0.0,33.62,36.15
2025-09-17 11:00:00,11,57,57,2.0,11.0,41.0,3.0,0.0,1.0,10,10,34,0,34,0,44.783,825.5,133.0,1351.0,44.783,4.0,9.68,roster,0,183.0,142.5,7.625,163.2,7.8917,1.425,1.0331,3.2105,122.26,29.52,0.0,31.41,33.775
2025-09-17 12:00:00,12,57,57,2.0,11.0,41.0,3.0,0.0,1.0,5,5,33,0,33,0,45.783,267.0,157.0,1305.0,45.783,4.0,9.68,roster,0,183.0,142.5,6.5357,161.26,6.2333,1.425,0.5165,3.2105,122.26,28.65,0.0,30.34,32.625
2025-09-17 13:00:00,13,51,51,2.0,11.0,36.0,2.0,0.0,1.0,9,9,26,0,26,0,46.783,267.5,202.0,1362.0,46.783,4.0,9.68,roster,0,166.0,127.5,2.9643,143.64,7.1763,1.275,0.9298,3.2549,109.39,22.58,0.0,31.67,34.05
2025-09-17 14:00:00,14,58,58,4.0,13.0,37.0,4.0,0.0,1.0,11,11,27,0,27,0,47.783,297.0,248.0,592.0,47.783,4.0,9.68,roster,0,191.0,145.0,3.6731,141.62,8.5172,1.45,1.1364,3.2931,124.41,23.44,0.0,13.76,14.8
2025-09-17 15:00:00,15,58,58,3.0,12.0,39.0,4.0,0.0,1.0,7,7,26,1,27,1,29.483,320.0,145.0,396.0,29.483,4.0,9.68,roster,0,188.0,145.0,3.6154,150.46,7.044,1.45,0.7231,3.2414,124.41,23.44,13.4,9.21,9.9
2025-09-17 16:00:00,16,49,49,3.0,11.0,33.0,2.0,0.0,1.0,4,4,21,2,23,2,30.483,323.0,174.0,433.0,30.483,4.0,9.68,roster,0,162.0,122.5,2.3824,141.94,5.4162,1.225,0.4132,3.3061,105.1,19.97,26.8,10.07,10.825
2025-09-17 17:00:00,17,46,46,3.0,10.0,31.0,2.0,0.0,1.0,7,8,21,1,22,1,31.483,381.5,231.0,493.0,31.483,4.0,9.68,roster,0,152.0,115.0,2.1111,122.63,6.5309,1.15,0.8264,3.3043,98.67,19.1,13.4,11.46,12.325
2025-09-17 18:00:00,18,43,43,2.0,11.0,29.0,1.0,0.0,1.0,6,6,24,0,24,0,32.483,397.5,277.0,553.0,32.483,4.0,9.68,roster,0,143.0,107.5,2.2344,105.93,5.6363,1.075,0.6198,3.3256,92.24,20.84,0.0,12.86,13.825
2025-09-17 19:00:00,19,43,43,2.0,12.0,28.0,1.0,0.0,1.0,5,5,25,2,27,2,33.483,354.0,167.0,562.0,33.483,4.0,9.68,roster,0,144.0,107.5,2.7692,135.55,5.3298,1.075,0.5165,3.3488,92.24,23.44,26.8,13.07,14.05
2025-09-17 20:00:00,20,47,47,2.0,11.0,34.0,0.0,0.0,1.0,10,9,26,1,27,1,15.867,411.0,198.0,620.0,15.867,4.0,9.75,roster,0,156.0,117.5,3.0,132.07,6.9638,1.175,0.9231,3.3191,100.82,23.44,13.4,14.42,15.5
2025-09-17 21:00:00,21,48,48,2.0,12.0,33.0,1.0,0.0,1.0,11,9,27,1,28,1,16.867,464.0,258.0,680.0,16.867,4.0,9.75,roster,0,159.0,120.0,3.3125,136.48,7.0327,1.2,0.9231,3.3125,102.96,24.31,13.4,15.81,17.0
2025-09-17 22:00:00,22,45,45,2.0,13.0,30.0,0.0,0.0,1.0,8,7,28,1,29,1,17.867,517.0,280.0,728.0,17.867,3.0,6.5,roster,0,152.0,112.5,4.6061,132.03,7.4376,1.125,1.0769,3.3778,96.52,25.18,13.4,16.93,18.2
2025-09-17 23:00:00,23,50,50,2.0,14.0,33.0,1.0,0.0,1.0,11,11,29,0,29,0,18.867,577.0,340.0,788.0,18.867,3.0,6.5,roster,0,167.0,125.0,5.0606,130.75,9.8273,1.25,1.6923,3.34,107.25,25.18,0.0,18.32,19.7
2025-09-18 00:00:00,0,45,45,2.0,13.0,29.0,1.0,0.0,1.0,2,2,31,0,31,0,19.867,500.0,331.0,848.0,19.867,3.0,6.5,roster,0,151.0,112.5,5.5926,123.16,4.8075,1.125,0.3077,3.3556,96.52,26.92,0.0,19.72,21.2
2025-09-18 01:00:00,1,40,40,1.0,12.0,26.0,1.0,0.0,1.0,2,2,31,0,31,0,20.867,560.0,391.0,908.0,20.867,3.0,6.5,roster,0,133.0,100.0,4.9259,113.83,4.3481,1.0,0.3077,3.325,85.8,26.92,0.0,21.11,22.7
2025-09-18 02:00:00,2,39,39,1.0,13.0,25.0,0.0,0.0,1.0,3,3,31,0,31,0,21.867,620.0,451.0,968.0,21.867,3.0,6.5,roster,0,132.0,97.5,4.8889,113.08,4.8621,0.975,0.4615,3.3846,83.66,26.92,0.0,22.51,24.2
2025-09-18 03:00:00,3,39,39,1.0,14.0,24.0,0.0,0.0,1.0,2,1,32,0,32,0,22.867,671.0,511.0,1028.0,22.867,3.0,6.5,roster,0,133.0,97.5,5.5417,115.34,3.8497,0.975,0.1538,3.4103,83.66,27.79,0.0,23.9,25.7
2025-09-18 04:00:00,4,38,38,1.0,13.0,24.0,0.0,0.0,1.0,1,1,32,0,32,0,23.867,731.0,571.0,1088.0,23.867,3.0,6.5,roster,0,129.0,95.0,5.375,114.59,3.7473,0.95,0.1538,3.3947,81.51,27.79,0.0,25.3,27.2
2025-09-18 05:00:00,5,40,40,1.0,14.0,25.0,0.0,0.0,1.0,3,3,32,0,32,0,24.867,791.0,631.0,1148.0,24.867,3.0,6.5,roster,0,136.0,100.0,5.6667,120.28,4.9692,1.0,0.4615,3.4,85.8,27.79,0.0,26.69,28.7
2025-09-18 06:00:00,6,39,39,1.0,13.0,25.0,0.0,0.0,1.0,1,1,32,0,32,0,25.867,851.0,691.0,1208.0,25.867,3.0,6.5,roster,0,132.0,97.5,5.5,119.53,3.8207,0.975,0.1538,3.3846,83.66,27.79,0.0,28.09,30.2
2025-09-18 07:00:00,7,40,40,1.0,14.0,25.0,0.0,0.0,1.0,1,1,32,0,32,0,26.867,911.0,751.0,1268.0,26.867,3.0,6.5,roster,0,136.0,100.0,5.6667,123.07,3.9231,1.0,0.1538,3.4,85.8,27.79,0.0,29.48,31.7
2025-09-18 08:00:00,8,43,43,1.0,14.0,28.0,0.0,0.0,1.0,5,5,33,0,33,0,27.867,962.0,789.0,1283.0,27.867,3.0,6.58,roster,0,145.0,107.5,6.9048,130.72,6.1874,1.075,0.7599,3.3721,92.24,28.65,0.0,29.83,32.075
2025-09-18 09:00:00,9,43,43,1.0,13.0,26.0,3.0,0.0,1.0,5,5,32,0,32,0,28.867,1020.0,849.0,1343.0,28.867,3.0,6.58,roster,0,141.0,107.5,5.875,131.25,6.0167,1.075,0.7599,3.2791,92.24,27.79,0.0,31.22,33.575
2025-09-18 10:00:00,10,48,48,1.0,14.0,30.0,3.0,0.0,1.0,9,9,32,0,32,0,29.867,1080.0,909.0,1403.0,29.867,4.0,9.83,roster,0,157.0,120.0,4.9062,143.37,6.9197,1.2,0.9156,3.2708,102.96,27.79,0.0,32.62,35.075
2025-09-18 11:00:00,11,49,49,2.0,12.0,33.0,2.0,0.0,1.0,6,6,32,0,32,0,30.867,1112.5,801.0,1460.0,30.867,4.0,9.83,roster,0,161.0,122.5,5.0312,146.84,6.0305,1.225,0.6104,3.2857,105.1,27.79,0.0,33.94,36.5
2025-09-18 12:00:00,12,56,56,3.0,13.0,38.0,2.0,0.0,1.0,9,9,35,0,35,0,31.867,1122.0,825.0,1405.0,31.867,4.0,9.83,roster,0,185.0,140.0,9.25,163.18,7.6496,1.4,0.9156,3.3036,120.12,30.39,0.0,32.67,35.125
2025-09-18 13:00:00,13,53,53,3.0,12.0,35.0,3.0,0.0,1.0,6,6,32,0,32,0,32.867,1143.5,885.0,1434.0,32.867,4.0,9.83,roster,0,174.0,132.5,5.4375,154.81,6.3539,1.325,0.6104,3.283,113.68,27.79,0.0,33.34,35.85
2025-09-18 14:00:00,14,54,54,3.0,13.0,35.0,3.0,0.0,1.0,14,15,30,0,30,0,33.867,1160.0,279.0,1477.0,33.867,4.0,9.83,roster,0,178.0,135.0,4.45,156.22,9.48,1.35,1.5259,3.2963,115.83,26.05,0.0,34.34,36.925
2025-09-18 15:00:00,15,58,58,3.0,14.0,39.0,2.0,0.0,1.0,12,13,30,0,30,0,30.317,1104.5,311.0,1382.0,30.317,4.0,9.83,roster,0,192.0,145.0,4.8,162.59,9.1779,1.45,1.3225,3.3103,124.41,26.05,0.0,32.13,34.55
2025-09-18 16:00:00,16,56,56,3.0,14.0,37.0,2.0,0.0,1.0,8,8,29,0,29,0,31.317,892.0,219.0,1356.0,31.317,4.0,9.83,roster,0,186.0,140.0,4.2273,156.83,7.3531,1.4,0.8138,3.3214,120.12,25.18,0.0,31.53,33.9
2025-09-18 17:00:00,17,61,61,3.0,12.0,43.0,3.0,0.0,1.0,11,11,32,1,33,1,32.317,434.0,179.0,1351.0,32.317,4.0,9.83,roster,0,198.0,152.5,7.0714,184.31,8.5822,1.525,1.119,3.2459,130.84,28.65,13.4,31.41,33.775
2025-09-18 18:00:00,18,55,55,3.0,12.0,38.0,2.0,0.0,1.0,3,3,36,0,36,0,33.317,474.5,185.0,1411.0,33.317,4.0,9.83,roster,0,181.0,137.5,11.3125,162.04,5.5293,1.375,0.3052,3.2909,117.98,31.26,0.0,32.81,35.275
2025-09-18 19:00:00,19,56,56,2.0,13.0,40.0,1.0,0.0,1.0,11,11,32,0,32,0,34.317,505.0,242.0,1449.0,34.317,4.0,9.83,roster,0,184.0,140.0,5.75,161.6,8.2768,1.4,1.119,3.2857,120.12,27.79,0.0,33.69,36.225
2025-09-18 20:00:00,20,49,49,2.0,13.0,33.0,1.0,0.0,1.0,7,8,33,0,33,0,35.317,513.0,253.0,1401.0,35.317,4.0,10.58,roster,0,163.0,122.5,5.8214,146.33,6.5903,1.225,0.7561,3.3265,105.1,28.65,0.0,32.57,35.025
2025-09-18 21:00:00,21,53,53,3.0,13.0,35.0,2.0,0.0,1.0,11,10,33,0,33,0,36.317,573.0,313.0,1461.0,36.317,4.0,10.58,roster,0,176.0,132.5,6.2857,156.31,7.5387,1.325,0.9452,3.3208,113.68,28.65,0.0,33.97,36.525
2025-09-18 22:00:00,22,49,49,2.0,12.0,34.0,1.0,0.0,1.0,7,8,34,0,34,0,37.317,586.5,363.0,1521.0,37.317,3.0,7.33,roster,0,162.0,122.5,9.0,149.99,7.6583,1.225,1.0914,3.3061,105.1,29.52,0.0,35.36,38.025
2025-09-18 23:00:00,23,49,49,2.0,12.0,35.0,0.0,0.0,1.0,6,5,34,0,34,0,38.317,646.5,423.0,1581.0,38.317,3.0,7.33,roster,0,163.0,122.5,9.0556,151.39,6.3441,1.225,0.6821,3.3265,105.1,29.52,0.0,36.76,39.525
2025-09-19 00:00:00,0,45,45,2.0,13.0,29.0,1.0,0.0,1.0,5,5,34,0,34,0,39.317,706.5,483.0,1641.0,39.317,3.0,7.33,roster,0,151.0,112.5,8.3889,144.2,6.0639,1.125,0.6821,3.3556,96.52,29.52,0.0,38.15,41.025
2025-09-19 01:00:00,1,42,42,2.0,12.0,26.0,2.0,0.0,1.0,3,3,34,0,34,0,40.317,766.5,543.0,1701.0,40.317,3.0,7.33,roster,0,140.0,105.0,7.7778,139.16,4.8643,1.05,0.4093,3.3333,90.09,29.52,0.0,39.55,42.525
2025-09-19 02:00:00,2,40,40,2.0,13.0,25.0,0.0,0.0,1.0,3,3,34,0,34,0,41.317,826.5,603.0,1761.0,41.317,3.0,7.33,roster,0,137.0,100.0,7.6111,136.27,4.8268,1.0,0.4093,3.425,85.8,29.52,0.0,40.94,44.025
2025-09-19 03:00:00,3,42,42,2.0,15.0,25.0,0.0,0.0,1.0,5,4,34,0,34,0,42.317,886.5,663.0,1821.0,42.317,3.0,7.33,roster,0,145.0,105.0,8.0556,141.95,5.509,1.05,0.5457,3.4524,90.09,29.52,0.0,42.34,45.525
2025-09-19 04:00:00,4,43,43,2.0,14.0,25.0,2.0,0.0,1.0,3,3,34,0,34,0,43.317,946.5,723.0,1881.0,43.317,3.0,7.33,roster,0,145.0,107.5,8.0556,145.49,5.0051,1.075,0.4093,3.3721,92.24,29.52,0.0,43.73,47.025
2025-09-19 05:00:00,5,42,42,2.0,16.0,24.0,0.0,0.0,1.0,4,3,34,0,34,0,44.317,1006.5,783.0,1941.0,44.317,3.0,7.33,roster,0,146.0,105.0,8.1111,144.74,5.0727,1.05,0.4093,3.4762,90.09,29.52,0.0,45.13,48.525
2025-09-19 06:00:00,6,41,41,2.0,17.0,22.0,0.0,0.0,1.0,1,1,36,0,36,0,45.317,990.0,838.0,2001.0,45.317,3.0,7.33,roster,0,144.0,102.5,12.0,145.73,4.0792,1.025,0.1364,3.5122,87.94,31.26,0.0,46.52,50.025
2025-09-19 07:00:00,7,43,43,2.0,18.0,22.0,1.0,0.0,1.0,2,2,36,0,36,0,46.317,1050.0,898.0,2061.0,46.317,3.0,7.33,roster,0,150.0,107.5,12.5,151.41,4.7018,1.075,0.2729,3.4884,92.24,31.26,0.0,47.92,51.525
2025-09-19 08:00:00,8,43,43,2.0,16.0,23.0,2.0,0.0,1.0,3,3,36,0,36,0,47.317,1110.0,958.0,2121.0,47.317,3.0,6.65,roster,0,147.0,107.5,12.25,152.81,5.2172,1.075,0.4511,3.4186,92.24,31.26,0.0,49.31,53.025
2025-09-19 09:00:00,9,50,50,2.0,17.0,28.0,3.0,0.0,1.0,10,10,34,0,34,0,48.317,1127.5,1013.0,2112.0,48.317,3.0,6.65,roster,0,168.0,125.0,9.3333,165.88,9.2526,1.25,1.5038,3.36,107.25,29.52,0.0,49.1,52.8
2025-09-19 10:00:00,10,51,51,2.0,17.0,30.0,2.0,0.0,1.0,9,8,34,0,34,0,49.317,1187.5,1073.0,2172.0,49.317,4.0,10.35,roster,0,172.0,127.5,7.1667,169.42,6.9068,1.275,0.7729,3.3725,109.39,29.52,0.0,50.5,54.3
2025-09-19 11:00:00,11,52,52,1.0,16.0,32.0,3.0,0.0,1.0,9,9,33,0,33,0,50.317,1202.0,982.0,2216.0,50.317,4.0,10.35,roster,0,171.0,130.0,6.1071,171.72,7.1345,1.3,0.8696,3.2885,111.54,28.65,0.0,51.52,55.4
2025-09-19 12:00:00,12,50,50,2.0,15.0,31.0,2.0,0.0,1.0,8,8,32,1,33,1,51.317,1213.0,441.0,1512.0,51.317,4.0,10.35,roster,0,167.0,125.0,5.9643,164.46,6.7566,1.25,0.7729,3.34,107.25,28.65,13.4,35.15,37.8
2025-09-19 13:00:00,13,50,50,2.0,15.0,31.0,2.0,0.0,1.0,7,7,30,2,32,2,52.317,1178.5,220.0,1380.0,52.317,4.0,10.35,roster,0,167.0,125.0,5.2188,173.92,6.4339,1.25,0.6763,3.34,107.25,27.79,26.8,32.08,34.5
2025-09-19 14:00:00,14,50,50,4.0,15.0,28.0,3.0,0.0,1.0,11,11,29,2,31,2,53.317,1140.0,196.0,1440.0,53.317,4.0,10.35,roster,0,170.0,125.0,4.7222,174.45,7.8635,1.25,1.0628,3.4,107.25,26.92,26.8,33.48,36.0
2025-09-19 15:00:00,15,42,42,3.0,12.0,24.0,3.0,0.0,1.0,6,7,21,0,21,0,54.317,288.0,166.0,1378.0,54.317,4.0,10.35,roster,0,141.0,105.0,1.8553,120.36,5.7955,1.05,0.6763,3.3571,90.09,18.23,0.0,32.04,34.45
2025-09-19 16:00:00,16,47,47,3.0,13.0,26.0,5.0,0.0,1.0,10,10,21,0,21,0,55.317,316.0,184.0,1438.0,55.317,4.0,10.35,roster,0,155.0,117.5,2.0395,132.48,7.0614,1.175,0.9662,3.2979,100.82,18.23,0.0,33.43,35.95
2025-09-19 17:00:00,17,46,46,4.0,15.0,23.0,4.0,0.0,1.0,9,9,22,0,22,0,56.317,351.0,210.0,1498.0,56.317,4.0,10.35,roster,0,157.0,115.0,2.1806,132.6,6.8929,1.15,0.8696,3.413,98.67,19.1,0.0,34.83,37.45
2025-09-19 18:00:00,18,44,44,3.0,16.0,23.0,2.0,0.0,1.0,8,8,24,1,25,1,57.317,346.0,139.0,1380.0,57.317,4.0,10.35,roster,0,152.0,110.0,2.5333,141.57,6.4702,1.1,0.7729,3.4545,94.38,21.71,13.4,32.08,34.5
2025-09-19 19:00:00,19,42,42,3.0,15.0,23.0,1.0,0.0,1.0,6,6,25,1,26,1,58.317,385.0,191.0,1440.0,58.317,4.0,10.35,roster,0,146.0,105.0,2.6071,139.55,5.6652,1.05,0.5797,3.4762,90.09,22.58,13.4,33.48,36.0
2025-09-19 20:00:00,20,43,43,3.0,15.0,24.0,1.0,0.0,1.0,7,7,27,1,28,1,59.317,382.5,217.0,1500.0,59.317,4.0,10.91,roster,0,149.0,107.5,3.1042,144.82,5.9483,1.075,0.6416,3.4651,92.24,24.31,13.4,34.88,37.5
2025-09-19 21:00:00,21,40,40,3.0,16.0,21.0,0.0,0.0,1.0,6,5,27,1,28,1,60.317,425.0,269.0,1560.0,60.317,4.0,10.91,roster,0,142.0,100.0,2.9583,139.78,5.1769,1.0,0.4583,3.55,85.8,24.31,13.4,36.27,39.0
2025-09-19 22:00:00,22,37,37,3.0,14.0,20.0,0.0,0.0,1.0,5,5,24,1,25,1,61.317,480.0,329.0,708.0,61.317,3.0,7.21,roster,0,131.0,92.5,2.9111,110.93,5.7303,0.925,0.6935,3.5405,79.36,21.71,13.4,16.46,17.7
2025-09-19 23:00:00,23,40,40,3.0,13.0,24.0,0.0,0.0,1.0,8,7,25,1,26,1,62.317,537.5,372.0,768.0,62.317,3.0,7.21,roster,0,139.0,100.0,3.3095,119.63,6.8488,1.0,0.9709,3.475,85.8,22.58,13.4,17.86,19.2
2025-09-20 00:00:00,0,41,41,3.0,14.0,24.0,0.0,0.0,1.0,7,8,25,1,26,1,63.317,597.5,432.0,828.0,63.317,3.0,7.21,roster,0,143.0,102.5,3.4048,123.17,7.445,1.025,1.1096,3.4878,87.94,22.58,13.4,19.25,20.7
2025-09-20 01:00:00,1,43,43,3.0,14.0,25.0,1.0,0.0,1.0,7,7,26,2,28,2,64.317,607.0,483.0,888.0,64.317,3.0,7.21,roster,0,148.0,107.5,4.1111,143.99,7.0416,1.075,0.9709,3.4419,92.24,24.31,26.8,20.65,22.2
2025-09-20 02:00:00,2,46,46,3.0,14.0,27.0,2.0,0.0,1.0,7,7,26,2,28,2,65.317,667.0,543.0,948.0,65.317,3.0,7.21,roster,0,156.0,115.0,4.3333,151.82,7.1925,1.15,0.9709,3.3913,98.67,24.31,26.8,22.04,23.7
2025-09-20 03:00:00,3,41,41,3.0,14.0,22.0,2.0,0.0,1.0,5,5,26,2,28,2,66.317,727.0,603.0,1008.0,66.317,3.0,7.21,roster,0,141.0,102.5,3.9167,142.49,5.9099,1.025,0.6935,3.439,87.94,24.31,26.8,23.44,25.2
2025-09-20 04:00:00,4,38,38,3.0,14.0,19.0,2.0,0.0,1.0,3,4,26,2,28,2,67.317,787.0,663.0,1068.0,67.317,3.0,7.21,roster,0,132.0,95.0,3.6667,137.45,5.2271,0.95,0.5548,3.4737,81.51,24.31,26.8,24.83,26.7
2025-09-20 05:00:00,5,35,35,3.0,13.0,19.0,0.0,0.0,1.0,1,1,27,1,28,1,68.317,847.0,710.0,1128.0,68.317,3.0,7.21,roster,0,124.0,87.5,3.4444,119.01,3.5914,0.875,0.1387,3.5429,75.08,24.31,13.4,26.23,28.2
2025-09-20 06:00:00,6,33,33,3.0,12.0,18.0,0.0,0.0,1.0,1,1,27,0,27,0,69.317,955.0,770.0,1188.0,69.317,3.0,7.21,roster,0,117.0,82.5,3.0,101.85,3.4167,0.825,0.1387,3.5455,70.78,23.44,0.0,27.62,29.7
2025-09-20 07:00:00,7,36,36,5.0,12.0,19.0,0.0,0.0,1.0,5,5,27,0,27,0,70.317,1015.0,830.0,1248.0,70.317,3.0,7.21,roster,0,130.0,90.0,3.3333,109.68,5.7542,0.9,0.6935,3.6111,77.22,23.44,0.0,29.02,31.2
2025-09-20 08:00:00,8,41,41,5.0,10.0,26.0,0.0,0.0,1.0,10,10,27,1,28,1,71.317,1027.0,890.0,1308.0,71.317,3.0,6.64,roster,0,143.0,102.5,3.9722,136.07,8.8277,1.025,1.506,3.4878,87.94,24.31,13.4,30.41,32.7
2025-09-20 09:00:00,9,43,43,5.0,10.0,27.0,1.0,0.0,1.0,6,6,27,1,28,1,72.317,1017.0,884.0,1336.0,72.317,3.0,6.64,roster,0,148.0,107.5,4.1111,141.01,6.8101,1.075,0.9036,3.4419,92.24,24.31,13.4,31.06,33.4
2025-09-20 10:00:00,10,45,45,4.0,10.0,29.0,2.0,0.0,1.0,9,10,27,0,27,0,73.317,1091.0,944.0,1396.0,73.317,4.0,10.34,roster,0,151.0,112.5,2.9038,132.43,7.0202,1.125,0.9671,3.3556,96.52,23.44,0.0,32.46,34.9
2025-09-20 11:00:00,11,48,48,3.0,11.0,34.0,0.0,0.0,1.0,13,13,24,0,24,0,74.317,1104.5,833.0,1406.0,74.317,4.0,10.34,roster,0,161.0,120.0,2.5156,136.49,8.242,1.2,1.2573,3.3542,102.96,20.84,0.0,32.69,35.15
2025-09-20 12:00:00,12,37,37,2.0,10.0,25.0,0.0,0.0,1.0,6,5,22,1,23,1,75.317,893.0,156.0,1330.0,75.317,4.0,10.34,roster,0,125.0,92.5,1.8382,123.66,4.7586,0.925,0.4836,3.3784,79.36,19.97,13.4,30.92,33.25
2025-09-20 13:00:00,13,40,40,2.0,11.0,26.0,1.0,0.0,1.0,8,8,21,1,22,1,76.317,867.5,216.0,1390.0,76.317,4.0,10.34,roster,0,134.0,100.0,1.8611,130.62,5.9419,1.0,0.7737,3.35,85.8,19.1,13.4,32.32,34.75
2025-09-20 14:00:00,14,31,31,1.0,7.0,23.0,0.0,0.0,1.0,7,7,11,1,12,1,72.85,324.0,208.0,1184.0,72.85,4.0,10.34,roster,0,102.0,77.5,0.9107,97.84,4.7775,0.775,0.677,3.2903,66.5,10.42,13.4,27.53,29.6
2025-09-20 15:00:00,15,26,26,0.0,3.0,23.0,0.0,0.0,1.0,7,5,7,0,7,0,8.7,296.0,258.0,432.0,8.7,4.0,10.34,roster,0,81.0,65.0,0.6136,51.89,3.5315,0.65,0.4836,3.1154,55.77,6.08,0.0,10.04,10.8
2025-09-20 16:00:00,16,24,24,0.0,2.0,22.0,0.0,0.0,1.0,6,6,7,0,7,0,9.7,328.0,143.0,396.0,9.7,4.0,10.34,roster,0,74.0,60.0,0.5606,46.77,3.6392,0.6,0.5803,3.0833,51.48,6.08,0.0,9.21,9.9
2025-09-20 17:00:00,17,23,23,0.0,3.0,18.0,1.0,1.0,1.0,4,4,8,0,8,0,10.7,290.5,174.0,416.0,10.7,4.0,10.34,roster,0,69.0,57.5,0.5391,45.95,2.8855,0.575,0.3868,3.0,49.33,6.95,0.0,9.67,10.4
2025-09-20 18:00:00,18,21,21,0.0,3.0,15.0,2.0,1.0,1.0,8,7,7,0,7,0,11.7,263.0,142.0,476.0,11.7,4.0,10.34,roster,0,62.0,52.5,0.4697,42.19,3.5487,0.525,0.677,2.9524,45.04,6.08,0.0,11.07,11.9
2025-09-20 19:00:00,19,18,18,0.0,2.0,14.0,1.0,1.0,1.0,6,6,6,0,6,0,12.7,262.5,195.0,498.0,12.7,4.0,10.34,roster,0,53.0,45.0,0.3897,35.4,3.0336,0.45,0.5803,2.9444,38.61,5.21,0.0,11.58,12.45
2025-09-20 20:00:00,20,19,19,0.0,2.0,14.0,2.0,1.0,1.0,7,7,6,0,6,0,13.7,202.0,83.0,383.0,13.7,4.0,11.58,roster,0,55.0,47.5,0.4044,34.87,3.1248,0.475,0.6045,2.8947,40.75,5.21,0.0,8.9,9.575
2025-09-20 21:00:00,21,21,21,0.0,4.0,15.0,1.0,1.0,1.0,11,8,5,1,6,1,14.7,176.0,130.0,443.0,14.7,4.0,11.58,roster,0,64.0,52.5,0.4706,53.95,3.7054,0.525,0.6908,3.0476,45.04,5.21,13.4,10.3,11.075
2025-09-20 22:00:00,22,24,24,0.0,5.0,16.0,1.0,2.0,1.0,12,10,4,0,4,0,15.7,386.0,269.0,942.0,15.7,3.0,7.88,roster,0,72.0,60.0,0.6667,56.85,5.6071,0.6,1.269,3.0,51.48,3.47,0.0,21.9,23.55
2025-09-20 23:00:00,23,25,25,0.0,4.0,14.0,6.0,1.0,1.0,7,6,6,0,6,0,16.7,296.0,89.0,563.0,16.7,3.0,7.88,roster,0,71.0,62.5,0.6961,51.92,3.9374,0.625,0.7614,2.84,53.62,5.21,0.0,13.09,14.075
2025-09-21 00:00:00,0,26,26,0.0,6.0,16.0,3.0,1.0,1.0,12,10,6,0,6,0,17.7,356.0,149.0,623.0,17.7,3.0,7.88,roster,0,79.0,65.0,0.7745,55.46,5.8309,0.65,1.269,3.0385,55.77,5.21,0.0,14.48,15.575
2025-09-21 01:00:00,1,20,20,0.0,3.0,14.0,2.0,1.0,1.0,2,2,7,0,7,0,18.7,383.0,205.0,683.0,18.7,3.0,7.88,roster,0,59.0,50.0,0.596,44.86,2.2237,0.5,0.2538,2.95,42.9,6.08,0.0,15.88,17.075
2025-09-21 02:00:00,2,18,18,0.0,3.0,12.0,2.0,1.0,1.0,3,3,7,0,7,0,19.7,443.0,265.0,743.0,19.7,3.0,7.88,roster,0,53.0,45.0,0.5354,41.96,2.446,0.45,0.3807,2.9444,38.61,6.08,0.0,17.27,18.575
2025-09-21 03:00:00,3,21,21,1.0,2.0,13.0,4.0,1.0,1.0,9,9,6,0,6,0,20.7,536.0,325.0,803.0,20.7,3.0,7.88,roster,0,61.0,52.5,0.598,48.92,4.8426,0.525,1.1421,2.9048,45.04,5.21,0.0,18.67,20.075
2025-09-21 04:00:00,4,21,21,1.0,1.0,15.0,3.0,1.0,1.0,5,5,7,0,7,0,21.7,563.0,266.0,863.0,21.7,3.0,7.88,roster,0,61.0,52.5,0.6162,51.19,3.3681,0.525,0.6345,2.9048,45.04,6.08,0.0,20.06,21.575
2025-09-21 05:00:00,5,18,18,0.0,2.0,13.0,2.0,1.0,1.0,5,4,7,0,7,0,22.7,623.0,326.0,923.0,22.7,3.0,7.88,roster,0,52.0,45.0,0.5253,46.15,2.7664,0.45,0.5076,2.8889,38.61,6.08,0.0,21.46,23.075
2025-09-21 06:00:00,6,19,19,1.0,2.0,13.0,2.0,1.0,1.0,3,3,7,0,7,0,23.7,683.0,386.0,983.0,23.7,3.0,7.88,roster,0,57.0,47.5,0.5758,49.69,2.5671,0.475,0.3807,3.0,40.75,6.08,0.0,22.85,24.575
2025-09-21 07:00:00,7,17,17,0.0,2.0,11.0,3.0,1.0,1.0,5,4,7,0,7,0,24.7,743.0,446.0,1043.0,24.7,3.0,7.88,roster,0,48.0,42.5,0.4848,46.79,2.6333,0.425,0.5076,2.8235,36.46,6.08,0.0,24.25,26.075
2025-09-21 08:00:00,8,24,24,0.0,3.0,16.0,4.0,1.0,1.0,11,10,9,0,9,0,25.7,625.0,352.0,869.0,25.7,3.0,7.08,roster,0,69.0,60.0,0.7419,59.5,5.7857,0.6,1.4124,2.875,51.48,7.81,0.0,20.2,21.725
2025-09-21 09:00:00,9,30,30,0.0,3.0,21.0,5.0,1.0,1.0,8,8,11,0,11,0,26.7,566.0,133.0,929.0,26.7,3.0,7.08,roster,0,86.0,75.0,0.9885,75.5,5.3892,0.75,1.1299,2.8667,64.35,9.55,0.0,21.6,23.225
2025-09-21 10:00:00,10,32,32,0.0,2.0,25.0,4.0,1.0,1.0,10,10,11,0,11,0,27.7,626.0,193.0,989.0,27.7,4.0,10.42,roster,0,92.0,80.0,0.7931,81.19,5.0591,0.8,0.9597,2.875,68.64,9.55,0.0,22.99,24.725
2025-09-21 11:00:00,11,35,35,2.0,2.0,27.0,3.0,1.0,1.0,14,13,9,1,10,1,28.7,413.0,135.0,805.0,28.7,4.0,10.42,roster,0,106.0,87.5,0.8833,95.87,6.4284,0.875,1.2476,3.0286,75.08,8.68,13.4,18.72,20.125
2025-09-21 12:00:00,12,44,44,2.0,2.0,33.0,6.0,1.0,1.0,16,16,10,3,13,3,29.7,283.0,130.0,746.0,29.7,4.0,10.42,roster,0,130.0,110.0,1.2037,143.21,7.7867,1.1,1.5355,2.9545,94.38,11.29,40.2,17.34,18.65
2025-09-21 13:00:00,13,41,41,1.0,2.0,30.0,7.0,1.0,1.0,12,11,7,2,9,2,23.8,343.0,190.0,652.0,15.417,4.0,10.42,roster,0,118.0,102.5,0.9516,117.72,5.9882,1.025,1.0557,2.878,87.94,7.81,26.8,15.16,16.3
2025-09-21 14:00:00,14,34,34,0.0,1.0,26.0,6.0,1.0,1.0,3,4,9,1,10,1,24.8,344.5,144.0,712.0,16.417,4.0,10.42,roster,0,95.0,85.0,0.7917,91.57,3.4476,0.85,0.3839,2.7941,72.93,8.68,13.4,16.55,17.8
2025-09-21 15:00:00,15,36,36,0.0,1.0,27.0,7.0,1.0,1.0,16,16,8,0,8,0,22.55,498.5,204.0,926.0,17.417,4.0,10.42,roster,0,100.0,90.0,0.7812,85.7,6.7653,0.9,1.5355,2.7778,77.22,6.95,0.0,21.53,23.15
2025-09-21 16:00:00,16,36,36,0.0,3.0,26.0,6.0,1.0,1.0,13,13,11,0,11,0,23.55,264.0,94.0,832.0,18.417,4.0,10.42,roster,0,103.0,90.0,0.8879,86.12,6.1445,0.9,1.2476,2.8611,77.22,9.55,0.0,19.34,20.8
2025-09-21 17:00:00,17,35,35,0.0,3.0,24.0,7.0,1.0,1.0,8,9,12,0,12,0,24.55,297.0,154.0,892.0,19.417,4.0,10.42,roster,0,99.0,87.5,0.8839,86.23,4.9181,0.875,0.8637,2.8286,75.08,10.42,0.0,20.74,22.3
2025-09-21 18:00:00,18,25,25,0.0,2.0,17.0,5.0,1.0,1.0,7,5,12,0,12,0,25.55,357.0,214.0,952.0,20.417,4.0,10.42,roster,0,70.0,62.5,0.625,66.18,3.0936,0.625,0.4798,2.8,53.62,10.42,0.0,22.13,23.8
2025-09-21 19:00:00,19,33,33,0.0,3.0,24.0,5.0,1.0,1.0,14,11,14,0,14,0,26.55,375.0,219.0,774.0,21.417,4.0,10.42,roster,0,95.0,82.5,0.9135,80.94,5.414,0.825,1.0557,2.8788,70.78,12.16,0.0,18.0,19.35
2025-09-21 20:00:00,20,28,28,0.0,5.0,18.0,4.0,1.0,1.0,8,7,12,1,13,1,27.55,450.0,139.0,834.0,22.417,4.0,10.14,roster,0,83.0,70.0,0.7685,84.14,4.1214,0.7,0.6903,2.9643,60.06,11.29,13.4,19.39,20.85
2025-09-21 21:00:00,21,30,30,0.0,4.0,20.0,5.0,1.0,1.0,9,7,11,1,12,1,28.55,537.0,339.0,1132.0,23.417,4.0,10.14,roster,0,87.0,75.0,0.7768,94.49,4.177,0.75,0.6903,2.9,64.35,10.42,13.4,26.32,28.3
2025-09-21 22:00:00,22,24,24,0.0,4.0,15.0,4.0,1.0,1.0,5,4,12,1,13,1,29.55,446.0,217.0,883.0,22.433,3.0,6.8,roster,0,70.0,60.0,0.8642,76.7,3.4657,0.6,0.5882,2.9167,51.48,11.29,13.4,20.53,22.075
2025-09-21 23:00:00,23,27,27,0.0,4.0,18.0,4.0,1.0,1.0,8,7,12,1,13,1,30.55,506.0,191.0,943.0,23.433,3.0,6.8,roster,0,79.0,67.5,0.9753,84.53,4.987,0.675,1.0294,2.9259,57.92,11.29,13.4,21.92,23.575
2025-09-22 00:00:00,0,30,30,0.0,6.0,19.0,4.0,1.0,1.0,8,6,14,0,14,0,31.55,542.5,207.0,1003.0,24.433,3.0,6.8,roster,0,90.0,75.0,1.1538,79.83,4.8971,0.75,0.8824,3.0,64.35,12.16,0.0,23.32,25.075
2025-09-22 01:00:00,1,30,30,1.0,7.0,18.0,4.0,0.0,1.0,5,5,15,1,16,1,25.433,445.0,216.0,1063.0,25.433,3.0,6.8,roster,0,95.0,75.0,1.3194,96.36,4.7034,0.75,0.7353,3.1667,64.35,13.89,13.4,24.71,26.575
2025-09-22 02:00:00,2,31,31,1.0,5.0,20.0,5.0,0.0,1.0,6,6,15,2,17,2,26.433,371.0,217.0,864.0,26.433,3.0,6.8,roster,0,95.0,77.5,1.3768,108.14,5.079,0.775,0.8824,3.0645,66.5,14.76,26.8,20.09,21.6
2025-09-22 03:00:00,3,32,32,2.0,5.0,21.0,4.0,0.0,1.0,8,8,14,2,16,2,27.433,565.0,336.0,1183.0,27.433,3.0,6.8,roster,0,101.0,80.0,1.4028,116.84,6.2382,0.8,1.1765,3.1562,68.64,13.89,26.8,27.5,29.575
2025-09-22 04:00:00,4,28,28,1.0,4.0,19.0,4.0,0.0,1.0,2,2,16,1,17,1,28.433,491.0,334.0,984.0,28.433,3.0,6.8,roster,0,86.0,70.0,1.2464,91.1,3.0534,0.7,0.2941,3.0714,60.06,14.76,13.4,22.88,24.6
2025-09-22 05:00:00,5,30,30,2.0,4.0,19.0,5.0,0.0,1.0,4,4,16,1,17,1,29.433,551.0,394.0,1044.0,29.433,3.0,6.8,roster,0,93.0,75.0,1.3478,96.78,4.1485,0.75,0.5882,3.1,64.35,14.76,13.4,24.27,26.1
2025-09-22 06:00:00,6,30,30,1.0,4.0,21.0,4.0,0.0,1.0,3,3,16,1,17,1,30.433,611.0,454.0,1104.0,30.433,3.0,6.8,roster,0,92.0,75.0,1.3333,98.18,3.6529,0.75,0.4412,3.0667,64.35,14.76,13.4,25.67,27.6
2025-09-22 07:00:00,7,32,32,1.0,4.0,20.0,7.0,0.0,1.0,5,5,16,1,17,1,31.433,671.0,514.0,1164.0,31.433,3.0,6.8,roster,0,95.0,80.0,1.3768,103.86,4.5579,0.8,0.7353,2.9688,68.64,14.76,13.4,27.06,29.1
2025-09-22 08:00:00,8,34,34,2.0,4.0,21.0,7.0,0.0,1.0,6,6,18,1,19,1,32.433,705.0,350.0,1224.0,32.433,3.0,7.98,roster,0,103.0,85.0,1.6349,111.29,4.8528,0.85,0.7519,3.0294,72.93,16.5,13.4,28.46,30.6
2025-09-22 09:00:00,9,47,47,2.0,6.0,33.0,6.0,0.0,1.0,15,15,21,1,22,1,33.433,721.5,274.0,1230.0,33.433,3.0,7.98,roster,0,145.0,117.5,2.6852,141.92,9.4241,1.175,1.8797,3.0851,100.82,19.1,13.4,28.6,30.75
2025-09-22 10:00:00,10,48,48,2.0,6.0,36.0,4.0,0.0,1.0,12,13,22,1,23,1,34.433,694.0,149.0,1166.0,34.433,4.0,11.3,roster,0,150.0,120.0,2.2059,143.44,7.3451,1.2,1.1504,3.125,102.96,19.97,13.4,27.11,29.15
2025-09-22 11:00:00,11,51,51,2.0,8.0,36.0,5.0,0.0,1.0,13,13,25,1,26,1,35.433,602.0,185.0,1179.0,35.433,4.0,11.3,roster,0,160.0,127.5,2.8571,152.78,7.6092,1.275,1.1504,3.1373,109.39,22.58,13.4,27.41,29.475
2025-09-22 12:00:00,12,56,56,3.0,8.0,41.0,4.0,0.0,1.0,11,11,27,1,28,1,36.433,565.0,180.0,1239.0,36.433,4.0,11.3,roster,0,178.0,140.0,3.7083,166.64,7.5442,1.4,0.9735,3.1786,120.12,24.31,13.4,28.81,30.975
2025-09-22 13:00:00,13,54,54,3.0,9.0,39.0,3.0,0.0,1.0,7,7,30,2,32,2,34.867,348.0,184.0,1005.0,34.867,4.0,11.3,roster,0,174.0,135.0,5.4375,173.78,6.3461,1.35,0.6195,3.2222,115.83,27.79,26.8,23.37,25.125
2025-09-22 14:00:00,14,58,58,4.0,9.0,43.0,2.0,0.0,1.0,10,10,29,1,30,1,30.717,340.5,210.0,996.0,30.717,4.0,11.3,roster,0,189.0,145.0,4.725,167.02,7.6087,1.45,0.885,3.2586,124.41,26.05,13.4,23.16,24.9
2025-09-22 15:00:00,15,53,53,4.0,7.0,40.0,2.0,0.0,1.0,4,4,29,3,32,3,31.717,361.5,232.0,1056.0,31.717,4.0,11.3,roster,0,172.0,132.5,5.375,186.22,5.4488,1.325,0.354,3.2453,113.68,27.79,40.2,24.55,26.4
2025-09-22 16:00:00,16,53,53,4.0,8.0,39.0,2.0,0.0,1.0,10,10,23,3,26,3,32.717,369.0,277.0,830.0,32.717,4.0,11.3,roster,0,173.0,132.5,3.0893,175.76,7.2136,1.325,0.885,3.2642,113.68,22.58,40.2,19.3,20.75
2025-09-22 17:00:00,17,51,51,4.0,8.0,37.0,2.0,0.0,1.0,3,4,27,3,30,3,33.717,398.0,241.0,754.0,33.717,4.0,11.3,roster,0,167.0,127.5,4.175,173.17,5.3341,1.275,0.354,3.2745,109.39,26.05,40.2,17.53,18.85
2025-09-22 18:00:00,18,55,55,4.0,11.0,38.0,2.0,0.0,1.0,9,9,27,3,30,3,34.717,440.5,263.0,667.0,34.717,4.0,11.3,roster,0,182.0,137.5,4.55,179.73,7.1856,1.375,0.7965,3.3091,117.98,26.05,40.2,15.51,16.675
2025-09-22 19:00:00,19,52,52,2.0,10.0,38.0,2.0,0.0,1.0,7,7,29,2,31,2,35.717,491.0,272.0,727.0,35.717,4.0,11.3,roster,0,168.0,130.0,4.6667,162.16,6.2014,1.3,0.6195,3.2308,111.54,26.92,26.8,16.9,18.175
2025-09-22 20:00:00,20,52,52,1.0,12.0,37.0,2.0,0.0,1.0,7,7,26,2,28,2,36.717,541.5,367.0,787.0,36.717,4.0,11.65,roster,0,168.0,130.0,3.5,160.95,6.1412,1.3,0.6009,3.2308,111.54,24.31,26.8,18.3,19.675
2025-09-22 21:00:00,21,52,52,1.0,12.0,38.0,1.0,0.0,1.0,8,7,26,3,29,3,37.717,592.0,316.0,723.0,37.717,4.0,11.65,roster,0,169.0,130.0,3.8409,173.73,6.1778,1.3,0.6009,3.25,111.54,25.18,40.2,16.81,18.075
2025-09-22 22:00:00,22,52,52,1.0,14.0,36.0,1.0,0.0,1.0,9,9,26,3,29,3,38.717,652.0,376.0,783.0,38.717,3.0,8.33,roster,0,171.0,130.0,5.1818,175.13,7.828,1.3,1.0804,3.2885,111.54,25.18,40.2,18.2,19.575
2025-09-22 23:00:00,23,46,46,1.0,11.0,33.0,1.0,0.0,1.0,5,5,27,3,30,3,39.717,708.0,395.0,843.0,39.717,3.0,8.33,roster,0,150.0,115.0,5.0,164.52,5.7073,1.15,0.6002,3.2609,98.67,26.05,40.2,19.6,21.075
2025-09-23 00:00:00,0,42,42,1.0,11.0,29.0,1.0,0.0,1.0,2,1,28,3,31,3,40.717,764.0,417.0,903.0,40.717,3.0,8.33,roster,0,138.0,105.0,5.1111,158.2,3.8444,1.05,0.12,3.2857,90.09,26.92,40.2,20.99,22.575
2025-09-23 01:00:00,1,45,45,1.0,10.0,32.0,2.0,0.0,1.0,6,6,28,3,31,3,41.717,824.0,477.0,963.0,41.717,3.0,8.33,roster,0,145.0,112.5,5.3704,166.03,5.9459,1.125,0.7203,3.2222,96.52,26.92,40.2,22.39,24.075
2025-09-23 02:00:00,2,41,41,1.0,10.0,29.0,1.0,0.0,1.0,4,3,28,3,31,3,42.717,884.0,537.0,1023.0,42.717,3.0,8.33,roster,0,134.0,102.5,4.963,158.85,4.5271,1.025,0.3601,3.2683,87.94,26.92,40.2,23.78,25.575
2025-09-23 03:00:00,3,43,43,1.0,9.0,31.0,2.0,0.0,1.0,6,4,28,3,31,3,43.717,944.0,597.0,1083.0,43.717,3.0,8.33,roster,0,138.0,107.5,5.1111,164.53,4.9911,1.075,0.4802,3.2093,92.24,26.92,40.2,25.18,27.075
2025-09-23 04:00:00,4,42,42,1.0,10.0,30.0,1.0,0.0,1.0,2,2,28,3,31,3,44.717,1004.0,657.0,1143.0,44.717,3.0,8.33,roster,0,137.0,105.0,5.0741,163.78,4.2082,1.05,0.2401,3.2619,90.09,26.92,40.2,26.57,28.575
2025-09-23 05:00:00,5,43,43,1.0,10.0,31.0,1.0,0.0,1.0,2,2,28,3,31,3,45.717,1064.0,717.0,1203.0,45.717,3.0,8.33,roster,0,140.0,107.5,5.1852,167.32,4.2817,1.075,0.2401,3.2558,92.24,26.92,40.2,27.97,30.075
2025-09-23 06:00:00,6,39,39,1.0,9.0,28.0,1.0,0.0,1.0,1,1,28,3,31,3,46.717,1124.0,777.0,1263.0,46.717,3.0,8.33,roster,0,127.0,97.5,4.7037,160.14,3.5659,0.975,0.12,3.2564,83.66,26.92,40.2,29.36,31.575
2025-09-23 07:00:00,7,39,39,1.0,9.0,28.0,1.0,0.0,1.0,1,1,28,3,31,3,47.717,1184.0,837.0,1323.0,47.717,3.0,8.33,roster,0,127.0,97.5,4.7037,161.53,3.5659,0.975,0.12,3.2564,83.66,26.92,40.2,30.76,33.075
2025-09-23 08:00:00,8,39,39,1.0,9.0,28.0,1.0,0.0,1.0,2,2,29,3,32,3,48.717,1240.5,897.0,1383.0,48.717,3.0,8.24,roster,0,127.0,97.5,5.2917,163.8,3.9654,0.975,0.2427,3.2564,83.66,27.79,40.2,32.15,34.575
2025-09-23 09:00:00,9,42,42,1.0,9.0,30.0,2.0,0.0,1.0,7,6,28,3,31,3,49.717,1270.0,785.0,1417.0,49.717,3.0,8.24,roster,0,135.0,105.0,5.0,170.15,5.7155,1.05,0.7282,3.2143,90.09,26.92,40.2,32.95,35.425
2025-09-23 10:00:00,10,46,46,2.0,9.0,33.0,2.0,0.0,1.0,6,6,27,3,30,3,50.717,1343.5,845.0,1477.0,50.717,4.0,11.56,roster,0,149.0,115.0,3.725,179.26,5.4062,1.15,0.519,3.2391,98.67,26.05,40.2,34.34,36.925
2025-09-23 11:00:00,11,38,38,2.0,7.0,28.0,1.0,0.0,1.0,2,2,24,4,28,4,44.433,1303.5,846.0,1537.0,44.433,4.0,11.56,roster,0,124.0,95.0,2.5833,175.16,3.6646,0.95,0.173,3.2632,81.51,24.31,53.6,35.74,38.425
2025-09-23 12:00:00,12,38,38,2.0,7.0,29.0,0.0,0.0,1.0,8,7,21,4,25,4,45.433,1216.0,886.0,1511.0,45.433,4.0,11.56,roster,0,125.0,95.0,2.0833,171.95,5.1169,0.95,0.6055,3.2895,81.51,21.71,53.6,35.13,37.775
2025-09-23 13:00:00,13,34,34,2.0,7.0,25.0,0.0,0.0,1.0,6,5,19,4,23,4,37.233,1168.0,870.0,1537.0,37.233,4.0,11.56,roster,0,113.0,85.0,1.6618,162.24,4.2625,0.85,0.4325,3.3235,72.93,19.97,53.6,35.74,38.425
2025-09-23 14:00:00,14,37,37,1.0,5.0,31.0,0.0,0.0,1.0,9,9,19,3,22,3,38.233,1156.5,930.0,1570.0,38.233,4.0,11.56,roster,0,118.0,92.5,1.6389,155.17,5.4329,0.925,0.7785,3.1892,79.36,19.1,40.2,36.5,39.25
2025-09-23 15:00:00,15,36,36,1.0,4.0,31.0,0.0,0.0,1.0,6,6,20,3,23,3,39.233,1086.0,316.0,1580.0,39.233,4.0,11.56,roster,0,114.0,90.0,1.6765,154.13,4.4936,0.9,0.519,3.1667,77.22,19.97,40.2,36.74,39.5
2025-09-23 16:00:00,16,43,43,3.0,5.0,35.0,0.0,0.0,1.0,12,11,21,3,24,3,40.233,1136.0,265.0,1640.0,40.233,4.0,11.56,roster,0,140.0,107.5,2.1875,171.4,6.5981,1.075,0.9516,3.2558,92.24,20.84,40.2,38.13,41.0
2025-09-23 17:00:00,17,50,50,4.0,4.0,42.0,0.0,0.0,1.0,9,9,22,3,25,3,41.233,1186.0,320.0,1627.0,41.233,4.0,11.56,roster,0,162.0,125.0,2.7,186.99,6.5725,1.25,0.7785,3.24,107.25,21.71,40.2,37.83,40.675
2025-09-23 18:00:00,18,46,46,3.0,4.0,39.0,0.0,0.0,1.0,6,6,23,4,27,4,42.233,1170.0,191.0,1687.0,42.233,4.0,11.56,roster,0,148.0,115.0,2.8462,194.94,5.3699,1.15,0.519,3.2174,98.67,23.44,53.6,39.22,42.175
2025-09-23 19:00:00,19,49,49,3.0,4.0,42.0,0.0,0.0,1.0,7,7,24,4,28,4,43.233,996.5,251.0,1747.0,43.233,4.0,11.56,roster,0,157.0,122.5,3.2708,203.64,5.8652,1.225,0.6055,3.2041,105.1,24.31,53.6,40.62,43.675
2025-09-23 20:00:00,20,47,47,3.0,4.0,40.0,0.0,0.0,1.0,8,8,24,4,28,4,44.233,1056.5,286.0,1807.0,44.233,4.0,9.95,roster,0,151.0,117.5,3.1458,200.74,6.3581,1.175,0.804,3.2128,100.82,24.31,53.6,42.01,45.175
2025-09-23 21:00:00,21,48,48,2.0,5.0,40.0,1.0,0.0,1.0,14,13,23,2,25,2,45.233,1413.0,461.0,1867.0,45.233,4.0,9.95,roster,0,152.0,120.0,2.5333,174.88,7.9374,1.2,1.3065,3.1667,102.96,21.71,26.8,43.41,46.675
2025-09-23 22:00:00,22,44,44,2.0,5.0,36.0,1.0,0.0,1.0,7,7,23,1,24,1,46.233,1176.5,431.0,1927.0,46.233,3.0,6.63,roster,0,140.0,110.0,2.9167,153.42,6.8594,1.1,1.0558,3.1818,94.38,20.84,13.4,44.8,48.175
2025-09-23 23:00:00,23,41,41,2.0,5.0,34.0,0.0,0.0,1.0,9,9,23,0,23,0,47.233,796.0,390.0,1768.0,47.233,3.0,6.63,roster,0,132.0,102.5,2.5882,129.02,7.6704,1.025,1.3575,3.2195,87.94,19.97,0.0,41.11,44.2
2025-09-24 00:00:00,0,35,35,2.0,5.0,28.0,0.0,0.0,1.0,5,3,23,0,23,0,48.233,856.0,450.0,1828.0,48.233,3.0,6.63,roster,0,114.0,87.5,2.2353,117.55,4.3238,0.875,0.4525,3.2571,75.08,19.97,0.0,42.5,45.7
2025-09-24 01:00:00,1,35,35,2.0,5.0,28.0,0.0,0.0,1.0,5,4,23,0,23,0,49.233,916.0,510.0,1888.0,49.233,3.0,6.63,roster,0,114.0,87.5,2.2353,118.94,4.8151,0.875,0.6033,3.2571,75.08,19.97,0.0,43.9,47.2
2025-09-24 02:00:00,2,36,36,2.0,5.0,28.0,1.0,0.0,1.0,7,4,23,0,23,0,50.233,976.0,570.0,1948.0,50.233,3.0,6.63,roster,0,116.0,90.0,2.2745,122.48,4.844,0.9,0.6033,3.2222,77.22,19.97,0.0,45.29,48.7
2025-09-24 03:00:00,3,36,36,2.0,5.0,28.0,1.0,0.0,1.0,3,2,24,0,24,0,51.233,980.5,630.0,2008.0,51.233,3.0,6.63,roster,0,116.0,90.0,2.4167,124.75,3.872,0.9,0.3017,3.2222,77.22,20.84,0.0,46.69,50.2
2025-09-24 04:00:00,4,35,35,2.0,5.0,27.0,1.0,0.0,1.0,2,2,24,0,24,0,52.233,1040.5,690.0,2068.0,52.233,3.0,6.63,roster,0,113.0,87.5,2.3542,124.0,3.7989,0.875,0.3017,3.2286,75.08,20.84,0.0,48.08,51.7
2025-09-24 05:00:00,5,36,36,2.0,5.0,27.0,1.0,1.0,1.0,5,3,24,0,24,0,53.233,1100.5,750.0,2128.0,53.233,3.0,6.63,roster,0,114.0,90.0,2.375,127.54,4.2829,0.9,0.4525,3.1667,77.22,20.84,0.0,49.48,53.2
2025-09-24 06:00:00,6,35,35,2.0,5.0,27.0,1.0,0.0,1.0,2,2,24,0,24,0,54.233,1160.5,810.0,2188.0,54.233,3.0,6.63,roster,0,113.0,87.5,2.3542,126.79,3.7989,0.875,0.3017,3.2286,75.08,20.84,0.0,50.87,54.7
2025-09-24 07:00:00,7,33,33,2.0,5.0,25.0,1.0,0.0,1.0,1,1,24,0,24,0,55.233,1220.5,870.0,2248.0,55.233,3.0,6.63,roster,0,107.0,82.5,2.2292,123.89,3.1641,0.825,0.1508,3.2424,70.78,20.84,0.0,52.27,56.2
2025-09-24 08:00:00,8,36,36,2.0,5.0,28.0,1.0,0.0,1.0,4,3,24,0,24,0,56.233,1280.5,930.0,2308.0,56.233,3.0,6.7,roster,0,116.0,90.0,2.4167,131.72,4.3428,0.9,0.4478,3.2222,77.22,20.84,0.0,53.66,57.7
2025-09-24 09:00:00,9,42,42,2.0,4.0,35.0,1.0,0.0,1.0,10,10,21,0,21,0,48.05,1280.0,881.0,2166.0,48.05,3.0,6.7,roster,0,133.0,105.0,2.3333,138.68,8.0514,1.05,1.4925,3.1667,90.09,18.23,0.0,50.36,54.15
2025-09-24 10:00:00,10,44,44,1.0,5.0,35.0,3.0,0.0,1.0,9,9,22,0,22,0,49.05,1138.5,815.0,2130.0,49.05,4.0,9.95,roster,0,136.0,110.0,1.8889,143.01,6.1958,1.1,0.9045,3.0909,94.38,19.1,0.0,49.52,53.25
2025-09-24 11:00:00,11,52,52,2.0,5.0,41.0,4.0,0.0,1.0,15,16,20,0,20,0,50.05,1148.0,875.0,1723.0,50.05,4.0,9.95,roster,0,161.0,130.0,2.0125,148.97,9.0037,1.3,1.608,3.0962,111.54,17.37,0.0,40.06,43.075
2025-09-24 12:00:00,12,54,54,3.0,5.0,43.0,3.0,0.0,1.0,9,10,26,0,26,0,51.05,900.5,108.0,1361.0,51.05,4.0,9.95,roster,0,170.0,135.0,3.0357,150.05,7.414,1.35,1.005,3.1481,115.83,22.58,0.0,31.64,34.025
2025-09-24 13:00:00,13,51,51,3.0,7.0,40.0,1.0,0.0,1.0,8,9,25,0,25,0,52.05,264.0,144.0,1230.0,52.05,4.0,9.95,roster,0,165.0,127.5,2.75,139.7,7.0514,1.275,0.9045,3.2353,109.39,21.71,0.0,28.6,30.75
2025-09-24 14:00:00,14,43,43,3.0,5.0,34.0,1.0,0.0,1.0,7,7,23,0,23,0,24.683,211.0,141.0,1055.0,24.683,4.0,9.95,roster,0,139.0,107.5,2.0441,116.73,5.7492,1.075,0.7035,3.2326,92.24,19.97,0.0,24.53,26.375
2025-09-24 15:00:00,15,48,48,3.0,6.0,36.0,2.0,1.0,1.0,10,10,23,0,23,0,25.683,271.0,201.0,1115.0,25.683,4.0,9.95,roster,0,152.0,120.0,2.2353,128.85,6.9826,1.2,1.005,3.1667,102.96,19.97,0.0,25.92,27.875
2025-09-24 16:00:00,16,47,47,3.0,6.0,34.0,3.0,1.0,1.0,5,6,25,0,25,0,26.683,314.0,224.0,1106.0,26.683,4.0,9.95,roster,0,148.0,117.5,2.4667,128.24,5.5989,1.175,0.603,3.1489,100.82,21.71,0.0,25.71,27.65
2025-09-24 17:00:00,17,45,45,3.0,6.0,35.0,1.0,0.0,1.0,5,5,26,0,26,0,27.683,371.5,254.0,1166.0,27.683,4.0,9.95,roster,0,146.0,112.5,2.6071,126.21,5.2804,1.125,0.5025,3.2444,96.52,22.58,0.0,27.11,29.15
2025-09-24 18:00:00,18,43,43,3.0,6.0,33.0,1.0,0.0,1.0,4,4,27,0,27,0,28.683,429.0,302.0,1226.0,28.683,4.0,9.95,roster,0,140.0,107.5,2.6923,124.18,4.8089,1.075,0.402,3.2558,92.24,23.44,0.0,28.5,30.65
2025-09-24 19:00:00,19,45,45,3.0,6.0,34.0,2.0,0.0,1.0,7,7,28,0,28,0,29.683,482.0,362.0,1286.0,29.683,4.0,9.95,roster,0,145.0,112.5,3.0208,130.74,5.8919,1.125,0.7035,3.2222,96.52,24.31,0.0,29.9,32.15
2025-09-24 20:00:00,20,44,44,4.0,6.0,32.0,2.0,0.0,1.0,7,7,27,0,27,0,30.683,535.0,352.0,1346.0,30.683,4.0,12.14,roster,0,144.0,110.0,2.7692,129.12,5.4871,1.1,0.5766,3.2727,94.38,23.44,0.0,31.29,33.65
2025-09-24 21:00:00,21,46,46,4.0,7.0,33.0,2.0,0.0,1.0,8,8,27,2,29,2,30.183,540.0,389.0,648.0,30.183,4.0,12.14,roster,0,151.0,115.0,3.4318,145.72,5.9382,1.15,0.659,3.2826,98.67,25.18,26.8,15.07,16.2
2025-09-24 22:00:00,22,45,45,4.0,8.0,32.0,1.0,0.0,1.0,8,8,27,2,29,2,31.183,600.0,428.0,708.0,31.183,3.0,8.89,roster,0,150.0,112.5,4.5455,144.97,6.7496,1.125,0.8999,3.3333,96.52,25.18,26.8,16.46,17.7
2025-09-24 23:00:00,23,47,47,3.0,8.0,35.0,1.0,0.0,1.0,12,11,27,1,28,1,32.183,670.5,515.0,864.0,32.183,3.0,8.89,roster,0,154.0,117.5,4.2778,138.62,7.9043,1.175,1.2373,3.2766,100.82,24.31,13.4,20.09,21.6
2025-09-25 00:00:00,0,48,48,5.0,8.0,33.0,2.0,0.0,1.0,8,8,28,0,28,0,33.183,730.5,575.0,924.0,33.183,3.0,8.89,roster,0,160.0,120.0,4.4444,128.76,6.9996,1.2,0.8999,3.3333,102.96,24.31,0.0,21.48,23.1
2025-09-25 01:00:00,1,47,47,4.0,8.0,33.0,2.0,0.0,1.0,8,6,28,1,29,1,34.183,780.0,608.0,888.0,34.183,3.0,8.89,roster,0,155.0,117.5,4.697,140.04,6.1008,1.175,0.6749,3.2979,100.82,25.18,13.4,20.65,22.2
2025-09-25 02:00:00,2,41,41,4.0,8.0,28.0,1.0,0.0,1.0,3,2,28,1,29,1,35.183,840.0,668.0,948.0,35.183,3.0,8.89,roster,0,138.0,102.5,4.1818,128.57,4.2072,1.025,0.225,3.3659,87.94,25.18,13.4,22.04,23.7
2025-09-25 03:00:00,3,42,42,3.0,9.0,29.0,1.0,0.0,1.0,6,5,28,0,28,0,36.183,910.5,755.0,1104.0,36.183,3.0,8.89,roster,0,140.0,105.0,3.8889,120.07,5.3748,1.05,0.5624,3.3333,90.09,24.31,0.0,25.67,27.6
2025-09-25 04:00:00,4,39,39,3.0,9.0,26.0,1.0,0.0,1.0,0,0,30,0,30,0,37.183,954.0,693.0,1068.0,37.183,3.0,8.89,roster,0,131.0,97.5,4.3667,114.54,3.275,0.975,0.0,3.359,83.66,26.05,0.0,24.83,26.7
2025-09-25 05:00:00,5,41,41,3.0,9.0,28.0,1.0,0.0,1.0,3,3,30,0,30,0,38.183,1014.0,753.0,1128.0,38.183,3.0,8.89,roster,0,137.0,102.5,4.5667,120.22,4.5526,1.025,0.3375,3.3415,87.94,26.05,0.0,26.23,28.2
2025-09-25 06:00:00,6,41,41,3.0,8.0,29.0,1.0,0.0,1.0,2,1,31,0,31,0,39.183,1068.0,721.0,1188.0,39.183,3.0,8.89,roster,0,136.0,102.5,5.037,122.48,3.7731,1.025,0.1125,3.3171,87.94,26.92,0.0,27.62,29.7
2025-09-25 07:00:00,7,43,43,3.0,9.0,30.0,1.0,0.0,1.0,4,4,31,0,31,0,40.183,1128.0,781.0,1248.0,40.183,3.0,8.89,roster,0,143.0,107.5,5.2963,128.17,5.0713,1.075,0.4499,3.3256,92.24,26.92,0.0,29.02,31.2
2025-09-25 08:00:00,8,42,42,3.0,9.0,28.0,2.0,0.0,1.0,2,2,31,0,31,0,41.183,1188.0,841.0,1308.0,41.183,3.0,6.58,roster,0,139.0,105.0,5.1481,127.42,4.4809,1.05,0.304,3.3095,90.09,26.92,0.0,30.41,32.7
2025-09-25 09:00:00,9,42,42,3.0,9.0,28.0,2.0,0.0,1.0,5,5,29,0,29,0,42.183,1244.0,901.0,1351.0,42.183,3.0,6.58,roster,0,139.0,105.0,4.2121,126.68,5.9898,1.05,0.7599,3.3095,90.09,25.18,0.0,31.41,33.775
2025-09-25 10:00:00,10,44,44,3.0,9.0,30.0,2.0,0.0,1.0,5,4,29,1,30,1,43.183,1289.0,858.0,1411.0,43.183,4.0,9.83,roster,0,145.0,110.0,3.625,146.63,4.966,1.1,0.4069,3.2955,94.38,26.05,13.4,32.81,35.275
2025-09-25 11:00:00,11,50,50,6.0,9.0,33.0,2.0,0.0,1.0,13,12,27,1,28,1,44.183,1287.0,873.0,1471.0,44.183,4.0,9.83,roster,0,169.0,125.0,3.5208,159.16,8.3511,1.25,1.2208,3.38,107.25,24.31,13.4,34.2,36.775
2025-09-25 12:00:00,12,46,46,4.0,10.0,31.0,1.0,0.0,1.0,11,10,24,1,25,1,45.183,1382.0,595.0,1524.0,45.183,4.0,9.83,roster,0,155.0,115.0,2.5833,149.21,7.3028,1.15,1.0173,3.3696,98.67,21.71,13.4,35.43,38.1
2025-09-25 13:00:00,13,44,44,4.0,8.0,31.0,1.0,0.0,1.0,7,7,21,1,22,1,46.183,1187.0,229.0,1555.0,46.183,4.0,9.83,roster,0,147.0,110.0,2.0417,143.04,6.0541,1.1,0.7121,3.3409,94.38,19.1,13.4,36.15,38.875
2025-09-25 14:00:00,14,45,45,4.0,9.0,31.0,1.0,0.0,1.0,6,6,23,1,24,1,47.183,884.0,214.0,1548.0,47.183,4.0,9.83,roster,0,151.0,112.5,2.3594,146.76,5.8232,1.125,0.6104,3.3556,96.52,20.84,13.4,35.99,38.7
2025-09-25 15:00:00,15,48,48,4.0,11.0,32.0,1.0,0.0,1.0,9,9,21,1,22,1,48.183,325.5,171.0,1562.0,48.183,4.0,9.83,roster,0,162.0,120.0,2.25,151.78,7.14,1.2,0.9156,3.375,102.96,19.1,13.4,36.32,39.05
2025-09-25 16:00:00,16,47,47,4.0,14.0,28.0,1.0,0.0,1.0,9,9,18,2,20,2,43.583,341.5,167.0,1173.0,43.583,4.0,9.83,roster,0,162.0,117.5,2.025,152.25,7.2058,1.175,0.9156,3.4468,100.82,17.37,26.8,27.27,29.325
2025-09-25 17:00:00,17,53,53,4.0,13.0,31.0,5.0,0.0,1.0,10,9,20,2,22,2,44.583,389.0,208.0,895.0,44.583,4.0,9.83,roster,0,175.0,132.5,2.4306,160.4,7.3981,1.325,0.9156,3.3019,113.68,19.1,26.8,20.81,22.375
2025-09-25 18:00:00,18,52,52,3.0,15.0,29.0,5.0,0.0,1.0,11,10,23,0,23,0,45.583,351.0,210.0,955.0,45.583,4.0,9.83,roster,0,172.0,130.0,2.5294,133.71,7.6649,1.3,1.0173,3.3077,111.54,19.97,0.0,22.2,23.875
2025-09-25 19:00:00,19,51,51,2.0,13.0,30.0,6.0,0.0,1.0,9,9,25,1,26,1,31.917,334.5,141.0,542.0,31.917,4.0,9.83,roster,0,164.0,127.5,2.9286,137.97,7.0442,1.275,0.9156,3.2157,109.39,22.58,13.4,12.6,13.55
2025-09-25 20:00:00,20,57,57,2.0,12.0,34.0,9.0,0.0,1.0,12,11,27,1,28,1,32.917,371.5,196.0,602.0,32.917,4.0,9.91,roster,0,178.0,142.5,3.7083,153.97,7.9163,1.425,1.11,3.1228,122.26,24.31,13.4,14.0,15.05
2025-09-25 21:00:00,21,56,56,1.0,11.0,34.0,10.0,0.0,1.0,8,7,28,1,29,1,32.8,390.0,229.0,624.0,32.8,4.0,9.91,roster,0,171.0,140.0,3.8864,153.21,6.4319,1.4,0.7064,3.0536,120.12,25.18,13.4,14.51,15.6
2025-09-25 22:00:00,22,52,52,1.0,10.0,30.0,11.0,0.0,1.0,14,12,25,1,26,1,33.8,491.5,316.0,694.0,33.8,3.0,6.66,roster,0,157.0,130.0,3.7381,143.65,9.3651,1.3,1.8018,3.0192,111.54,22.58,13.4,16.14,17.35
2025-09-25 23:00:00,23,54,54,1.0,11.0,33.0,8.0,1.0,1.0,11,11,25,1,26,1,34.8,551.5,376.0,754.0,34.8,3.0,6.66,roster,0,165.0,135.0,3.9286,149.34,9.1717,1.35,1.6517,3.0556,115.83,22.58,13.4,17.53,18.85
2025-09-26 00:00:00,0,43,43,1.0,9.0,28.0,5.0,0.0,1.0,7,6,28,0,28,0,35.8,582.5,416.0,814.0,35.8,3.0,6.66,roster,0,135.0,107.5,3.75,115.47,6.2034,1.075,0.9009,3.1395,92.24,24.31,0.0,18.93,20.35
2025-09-26 01:00:00,1,44,44,2.0,9.0,29.0,4.0,0.0,1.0,3,3,29,0,29,0,36.8,630.0,469.0,864.0,36.8,3.0,6.66,roster,0,141.0,110.0,4.2727,119.65,4.9685,1.1,0.4505,3.2045,94.38,25.18,0.0,20.09,21.6
2025-09-26 02:00:00,2,38,38,2.0,9.0,25.0,2.0,0.0,1.0,2,2,30,0,30,0,37.8,655.0,511.0,924.0,37.8,3.0,6.66,roster,0,125.0,95.0,4.1667,109.04,4.1128,0.95,0.3003,3.2895,81.51,26.05,0.0,21.48,23.1
2025-09-26 03:00:00,3,38,38,2.0,9.0,25.0,2.0,0.0,1.0,2,2,30,0,30,0,38.8,715.0,571.0,984.0,38.8,3.0,6.66,roster,0,125.0,95.0,4.1667,110.44,4.1128,0.95,0.3003,3.2895,81.51,26.05,0.0,22.88,24.6
2025-09-26 04:00:00,4,38,38,2.0,9.0,25.0,2.0,0.0,1.0,2,2,30,0,30,0,39.8,775.0,631.0,1044.0,39.8,3.0,6.66,roster,0,125.0,95.0,4.1667,111.83,4.1128,0.95,0.3003,3.2895,81.51,26.05,0.0,24.27,26.1
2025-09-26 05:00:00,5,38,38,2.0,9.0,25.0,2.0,0.0,1.0,2,2,29,0,29,0,40.8,800.0,691.0,1104.0,40.8,3.0,6.66,roster,0,125.0,95.0,3.7879,112.36,4.1128,0.95,0.3003,3.2895,81.51,25.18,0.0,25.67,27.6
2025-09-26 06:00:00,6,38,38,2.0,10.0,24.0,2.0,0.0,1.0,1,1,30,0,30,0,41.8,855.0,721.0,1164.0,41.8,3.0,6.66,roster,0,126.0,95.0,4.2,114.62,3.6479,0.95,0.1502,3.3158,81.51,26.05,0.0,27.06,29.1
2025-09-26 07:00:00,7,37,37,2.0,10.0,23.0,2.0,0.0,1.0,0,0,31,0,31,0,42.8,910.0,704.0,1224.0,42.8,3.0,6.66,roster,0,123.0,92.5,4.5556,114.74,3.075,0.925,0.0,3.3243,79.36,26.92,0.0,28.46,30.6
2025-09-26 08:00:00,8,40,40,2.0,10.0,25.0,3.0,0.0,1.0,5,5,31,0,31,0,43.8,970.0,764.0,1284.0,43.8,3.0,7.73,roster,0,131.0,100.0,4.8519,122.57,5.3934,1.0,0.6468,3.275,85.8,26.92,0.0,29.85,32.1
2025-09-26 09:00:00,9,46,46,2.0,9.0,33.0,2.0,0.0,1.0,9,9,30,0,30,0,44.8,1017.5,634.0,1251.0,44.8,3.0,7.73,roster,0,149.0,115.0,4.9667,133.8,7.4963,1.15,1.1643,3.2391,98.67,26.05,0.0,29.09,31.275
2025-09-26 10:00:00,10,46,46,1.0,8.0,34.0,3.0,0.0,1.0,7,6,29,0,29,0,45.8,1036.0,684.0,1302.0,45.8,4.0,11.43,roster,0,145.0,115.0,3.2955,134.12,5.2797,1.15,0.5249,3.1522,98.67,25.18,0.0,30.27,32.55
2025-09-26 11:00:00,11,45,45,1.0,7.0,34.0,3.0,0.0,1.0,7,7,26,0,26,0,46.8,1036.0,332.0,1288.0,46.8,4.0,11.43,roster,0,141.0,112.5,2.5179,129.05,5.4439,1.125,0.6124,3.1333,96.52,22.58,0.0,29.95,32.2
2025-09-26 12:00:00,12,37,37,1.0,7.0,28.0,1.0,0.0,1.0,4,4,24,0,24,0,47.8,809.0,192.0,1220.0,47.8,4.0,11.43,roster,0,119.0,92.5,1.8594,108.57,4.1005,0.925,0.35,3.2162,79.36,20.84,0.0,28.36,30.5
2025-09-26 13:00:00,13,33,33,1.0,7.0,24.0,1.0,0.0,1.0,3,3,21,0,21,0,40.55,864.0,252.0,1245.0,40.55,4.0,11.43,roster,0,107.0,82.5,1.4079,97.97,3.526,0.825,0.2625,3.2424,70.78,18.23,0.0,28.95,31.125
2025-09-26 14:00:00,14,28,28,1.0,6.0,20.0,1.0,0.0,1.0,5,5,17,0,17,0,41.55,512.0,251.0,1231.0,41.55,4.0,11.43,roster,0,91.0,70.0,0.9891,83.44,3.6967,0.7,0.4374,3.25,60.06,14.76,0.0,28.62,30.775
2025-09-26 15:00:00,15,29,29,0.0,6.0,22.0,1.0,0.0,1.0,8,8,15,0,15,0,42.55,372.0,281.0,1291.0,42.55,4.0,11.43,roster,0,92.0,72.5,0.92,85.25,4.5204,0.725,0.6999,3.1724,62.2,13.02,0.0,30.02,32.275
2025-09-26 16:00:00,16,33,33,1.0,5.0,25.0,2.0,0.0,1.0,10,9,14,0,14,0,43.55,362.5,149.0,1321.0,43.55,4.0,11.43,roster,0,104.0,82.5,1.0,93.65,5.0815,0.825,0.7874,3.1515,70.78,12.16,0.0,30.71,33.025
2025-09-26 17:00:00,17,30,30,1.0,3.0,25.0,1.0,0.0,1.0,5,6,17,0,17,0,44.55,383.0,171.0,763.0,44.55,4.0,11.43,roster,0,94.0,75.0,1.0217,76.85,3.9948,0.75,0.5249,3.1333,64.35,14.76,0.0,17.74,19.075
2025-09-26 18:00:00,18,37,37,1.0,3.0,31.0,2.0,0.0,1.0,12,12,17,0,17,0,45.55,443.0,192.0,823.0,45.55,4.0,11.43,roster,0,114.0,92.5,1.2391,93.26,6.0847,0.925,1.0499,3.0811,79.36,14.76,0.0,19.13,20.575
2025-09-26 19:00:00,19,38,38,1.0,5.0,30.0,2.0,0.0,1.0,9,10,16,0,16,0,46.55,348.0,219.0,612.0,46.55,4.0,11.43,roster,0,119.0,95.0,1.2396,89.63,5.7148,0.95,0.8749,3.1316,81.51,13.89,0.0,14.23,15.3
2025-09-26 20:00:00,20,31,31,1.0,4.0,25.0,1.0,0.0,1.0,11,9,14,1,15,1,30.883,279.0,131.0,563.0,26.017,4.0,12.01,roster,0,98.0,77.5,0.98,86.01,4.819,0.775,0.7494,3.1613,66.5,13.02,13.4,13.09,14.075
2025-09-26 21:00:00,21,28,28,1.0,5.0,20.0,2.0,0.0,1.0,9,6,14,1,15,1,31.883,310.0,140.0,525.0,27.017,4.0,12.01,roster,0,89.0,70.0,0.89,78.69,3.813,0.7,0.4996,3.1786,60.06,13.02,13.4,12.21,13.125
2025-09-26 22:00:00,22,20,20,0.0,3.0,15.0,2.0,0.0,1.0,8,6,10,0,10,0,32.883,274.0,159.0,399.0,11.9,3.0,8.31,roster,0,61.0,50.0,0.6778,40.86,3.7272,0.5,0.722,3.05,42.9,8.68,0.0,9.28,9.975
2025-09-26 23:00:00,23,21,21,0.0,3.0,16.0,2.0,0.0,1.0,4,4,11,0,11,0,33.883,311.0,173.0,459.0,12.9,3.0,8.31,roster,0,64.0,52.5,0.7356,45.27,3.067,0.525,0.4813,3.0476,45.04,9.55,0.0,10.67,11.475
2025-09-27 00:00:00,0,27,27,0.0,3.0,23.0,1.0,0.0,1.0,11,10,10,0,10,0,34.883,394.0,279.0,519.0,13.9,3.0,8.31,roster,0,83.0,67.5,0.9222,58.66,5.7742,0.675,1.2034,3.0741,57.92,8.68,0.0,12.07,12.975
2025-09-27 01:00:00,1,25,25,0.0,3.0,21.0,1.0,0.0,1.0,6,6,11,0,11,0,35.883,431.0,293.0,579.0,14.9,3.0,8.31,roster,0,77.0,62.5,0.8851,56.64,4.1488,0.625,0.722,3.08,53.62,9.55,0.0,13.46,14.475
2025-09-27 02:00:00,2,22,22,0.0,4.0,16.0,2.0,0.0,1.0,3,3,11,0,11,0,36.883,491.0,353.0,639.0,15.9,3.0,8.31,roster,0,68.0,55.0,0.7816,51.6,2.8159,0.55,0.361,3.0909,47.19,9.55,0.0,14.86,15.975
2025-09-27 03:00:00,3,23,23,0.0,5.0,17.0,1.0,0.0,1.0,4,4,13,0,13,0,37.883,486.0,337.0,603.0,16.9,3.0,8.31,roster,0,73.0,57.5,0.9012,54.64,3.3528,0.575,0.4813,3.1739,49.33,11.29,0.0,14.02,15.075
2025-09-27 04:00:00,4,23,23,0.0,5.0,17.0,1.0,0.0,1.0,3,3,13,0,13,0,38.883,546.0,397.0,663.0,17.9,3.0,8.31,roster,0,73.0,57.5,0.9012,56.04,2.9708,0.575,0.361,3.1739,49.33,11.29,0.0,15.41,16.575
2025-09-27 05:00:00,5,22,22,0.0,5.0,16.0,1.0,0.0,1.0,1,1,13,0,13,0,39.883,606.0,457.0,723.0,18.9,3.0,8.31,roster,0,70.0,55.0,0.8642,55.29,2.1329,0.55,0.1203,3.1818,47.19,11.29,0.0,16.81,18.075
2025-09-27 06:00:00,6,25,25,0.0,5.0,18.0,2.0,0.0,1.0,6,3,13,0,13,0,40.883,666.0,517.0,783.0,19.9,3.0,8.31,roster,0,78.0,62.5,0.963,63.12,3.0764,0.625,0.361,3.12,53.62,11.29,0.0,18.2,19.575
2025-09-27 07:00:00,7,25,25,0.0,5.0,19.0,1.0,0.0,1.0,3,3,13,0,13,0,41.883,726.0,577.0,843.0,20.9,3.0,8.31,roster,0,79.0,62.5,0.9753,64.51,3.1158,0.625,0.361,3.16,53.62,11.29,0.0,19.6,21.075
2025-09-27 08:00:00,8,27,27,0.0,5.0,21.0,1.0,0.0,1.0,5,5,14,0,14,0,42.883,772.5,484.0,903.0,21.9,3.0,7.13,roster,0,85.0,67.5,1.0897,71.07,4.3327,0.675,0.7013,3.1481,57.92,12.16,0.0,20.99,22.575
2025-09-27 09:00:00,9,31,31,0.0,4.0,23.0,4.0,0.0,1.0,8,7,12,0,12,0,43.883,796.0,544.0,957.0,22.9,3.0,7.13,roster,0,93.0,77.5,1.1071,79.16,5.2703,0.775,0.9818,3.0,66.5,10.42,0.0,22.25,23.925
2025-09-27 10:00:00,10,32,32,0.0,5.0,21.0,6.0,0.0,1.0,6,7,13,0,13,0,44.883,833.0,538.0,971.0,23.9,4.0,10.83,roster,0,95.0,80.0,0.8796,82.5,4.2939,0.8,0.6464,2.9688,68.64,11.29,0.0,22.58,24.275
2025-09-27 11:00:00,11,34,34,0.0,4.0,26.0,4.0,0.0,1.0,12,11,11,0,11,0,45.883,664.0,265.0,1031.0,24.9,4.0,10.83,roster,0,102.0,85.0,0.8793,86.45,5.5971,0.85,1.0157,3.0,72.93,9.55,0.0,23.97,25.775
2025-09-27 12:00:00,12,29,29,0.0,3.0,25.0,1.0,0.0,1.0,9,10,10,0,10,0,46.883,276.0,87.0,1026.0,18.95,4.0,10.83,roster,0,89.0,72.5,0.7417,74.74,5.0588,0.725,0.9234,3.069,62.2,8.68,0.0,23.85,25.65
2025-09-27 13:00:00,13,31,31,2.0,2.0,25.0,2.0,0.0,1.0,15,14,8,0,8,0,47.883,168.0,136.0,1059.0,19.183,4.0,10.83,roster,0,97.0,77.5,0.7578,78.06,6.4699,0.775,1.2927,3.129,66.5,6.95,0.0,24.62,26.475
2025-09-27 14:00:00,14,33,33,1.0,2.0,24.0,6.0,0.0,1.0,13,13,7,0,7,0,48.883,207.0,84.0,1119.0,20.183,4.0,10.83,roster,0,97.0,82.5,0.7348,82.88,5.9534,0.825,1.2004,2.9394,70.78,6.08,0.0,26.02,27.975
2025-09-27 15:00:00,15,28,28,1.0,2.0,23.0,2.0,0.0,1.0,6,6,5,0,5,0,49.883,144.0,124.0,175.0,5.15,4.0,10.83,roster,0,86.0,70.0,0.6143,48.47,3.8516,0.7,0.554,3.0714,60.06,4.34,0.0,4.07,4.375
2025-09-27 16:00:00,16,20,20,0.0,1.0,17.0,1.0,1.0,1.0,7,6,5,0,5,0,6.15,184.0,144.0,204.0,6.15,4.0,10.83,roster,0,58.0,50.0,0.4143,31.98,3.0566,0.5,0.554,2.9,42.9,4.34,0.0,4.74,5.1
2025-09-27 17:00:00,17,19,19,0.0,1.0,16.0,1.0,1.0,1.0,10,9,5,0,5,0,7.15,204.0,160.0,244.0,7.15,4.0,10.83,roster,0,55.0,47.5,0.3929,30.77,3.7806,0.475,0.831,2.8947,40.75,4.34,0.0,5.67,6.1
2025-09-27 18:00:00,18,24,24,0.0,1.0,22.0,0.0,1.0,1.0,11,10,6,0,6,0,8.15,176.0,113.0,304.0,8.15,4.0,10.83,roster,0,71.0,60.0,0.5221,43.76,4.5066,0.6,0.9234,2.9583,51.48,5.21,0.0,7.07,7.6
2025-09-27 19:00:00,19,30,30,0.0,1.0,28.0,0.0,1.0,1.0,15,14,6,0,6,0,9.15,182.5,157.0,364.0,9.15,4.0,10.83,roster,0,89.0,75.0,0.6544,58.02,6.06,0.75,1.2927,2.9667,64.35,5.21,0.0,8.46,9.1
2025-09-27 20:00:00,20,30,30,0.0,1.0,27.0,1.0,1.0,1.0,10,10,6,0,6,0,8.867,200.0,83.0,252.0,7.067,4.0,10.95,roster,0,88.0,75.0,0.6471,55.42,4.8788,0.75,0.9132,2.9333,64.35,5.21,0.0,5.86,6.3
2025-09-27 21:00:00,21,30,30,0.0,2.0,25.0,2.0,1.0,1.0,8,6,9,0,9,0,9.867,143.0,119.0,293.0,8.067,4.0,10.95,roster,0,88.0,75.0,0.7097,58.98,3.8073,0.75,0.5479,2.9333,64.35,7.81,0.0,6.81,7.325
2025-09-27 22:00:00,22,29,29,0.0,1.0,22.0,5.0,1.0,1.0,11,11,10,0,10,0,6.2,187.5,122.0,287.0,6.2,3.0,7.25,roster,0,81.0,72.5,0.9,57.56,6.2628,0.725,1.5172,2.7931,62.2,8.68,0.0,6.67,7.175
2025-09-27 23:00:00,23,25,25,0.0,2.0,20.0,2.0,1.0,1.0,10,7,9,1,10,1,7.2,211.5,134.0,347.0,7.2,3.0,7.25,roster,0,73.0,62.5,0.8111,63.78,4.6443,0.625,0.9655,2.92,53.62,8.68,13.4,8.07,8.675
2025-09-28 00:00:00,0,25,25,1.0,2.0,19.0,2.0,1.0,1.0,9,9,11,0,11,0,8.2,197.0,102.0,407.0,8.2,3.0,7.25,roster,0,75.0,62.5,0.8621,52.64,5.5991,0.625,1.2414,3.0,53.62,9.55,0.0,9.46,10.175
2025-09-28 01:00:00,1,30,30,1.0,3.0,25.0,0.0,1.0,1.0,10,9,13,1,14,1,9.2,242.0,120.0,376.0,9.2,3.0,7.25,roster,0,93.0,75.0,1.1923,78.65,6.1733,0.75,1.2414,3.1,64.35,12.16,13.4,8.74,9.4
2025-09-28 02:00:00,2,30,30,0.0,4.0,23.0,2.0,1.0,1.0,7,7,14,0,14,0,10.2,302.0,180.0,436.0,10.2,3.0,7.25,roster,0,90.0,75.0,1.1538,66.64,5.1466,0.75,0.9655,3.0,64.35,12.16,0.0,10.14,10.9
2025-09-28 03:00:00,3,26,26,0.0,4.0,21.0,0.0,1.0,1.0,4,3,13,0,13,0,11.2,374.0,240.0,496.0,11.2,3.0,7.25,roster,0,80.0,65.0,0.9877,58.59,3.2732,0.65,0.4138,3.0769,55.77,11.29,0.0,11.53,12.4
2025-09-28 04:00:00,4,27,27,0.0,4.0,22.0,0.0,1.0,1.0,5,5,13,0,13,0,12.2,434.0,300.0,556.0,12.2,3.0,7.25,roster,0,83.0,67.5,1.0247,62.13,4.1951,0.675,0.6897,3.0741,57.92,11.29,0.0,12.93,13.9
2025-09-28 05:00:00,5,29,29,0.0,4.0,24.0,0.0,1.0,1.0,4,4,13,0,13,0,13.2,494.0,360.0,616.0,13.2,3.0,7.25,roster,0,89.0,72.5,1.0988,67.81,3.9182,0.725,0.5517,3.069,62.2,11.29,0.0,14.32,15.4
2025-09-28 06:00:00,6,29,29,0.0,4.0,24.0,0.0,1.0,1.0,3,3,14,0,14,0,14.2,542.0,379.0,676.0,14.2,3.0,7.25,roster,0,89.0,72.5,1.141,70.08,3.4949,0.725,0.4138,3.069,62.2,12.16,0.0,15.72,16.9
2025-09-28 07:00:00,7,24,24,0.0,3.0,20.0,0.0,1.0,1.0,2,2,15,0,15,0,15.2,590.0,382.0,736.0,15.2,3.0,7.25,roster,0,73.0,60.0,0.9733,61.62,2.6641,0.6,0.2759,3.0417,51.48,13.02,0.0,17.11,18.4
2025-09-28 08:00:00,8,24,24,0.0,3.0,19.0,1.0,1.0,1.0,3,3,15,0,15,0,16.2,650.0,442.0,796.0,16.2,3.0,8.29,roster,0,72.0,60.0,0.96,63.01,2.8856,0.6,0.3619,3.0,51.48,13.02,0.0,18.51,19.9
2025-09-28 09:00:00,9,29,29,0.0,7.0,20.0,1.0,1.0,1.0,8,7,15,0,15,0,17.2,710.0,502.0,856.0,17.2,3.0,8.29,roster,0,91.0,72.5,1.2133,75.13,4.9246,0.725,0.8444,3.1379,62.2,13.02,0.0,19.9,21.4
2025-09-28 10:00:00,10,40,40,0.0,9.0,27.0,3.0,1.0,1.0,16,15,15,2,17,2,18.2,660.0,226.0,797.0,18.2,4.0,11.61,roster,0,124.0,100.0,1.3478,125.89,7.1052,1.0,1.292,3.1,85.8,14.76,26.8,18.53,19.925
2025-09-28 11:00:00,11,45,45,1.0,10.0,29.0,3.0,2.0,1.0,18,18,13,3,16,3,19.2,216.0,115.0,857.0,19.2,4.0,11.61,roster,0,140.0,112.5,1.4583,150.54,8.3234,1.125,1.5504,3.1111,96.52,13.89,40.2,19.93,21.425
2025-09-28 12:00:00,12,50,50,2.0,8.0,35.0,3.0,2.0,1.0,17,17,15,3,18,3,19.883,198.0,136.0,780.0,19.883,4.0,11.61,roster,0,155.0,125.0,1.7614,161.21,8.4142,1.25,1.4643,3.1,107.25,15.63,40.2,18.14,19.5
2025-09-28 13:00:00,13,50,50,2.0,8.0,36.0,2.0,2.0,1.0,8,8,17,3,20,3,20.883,229.5,152.0,406.0,20.883,4.0,11.61,roster,0,156.0,125.0,1.95,154.26,6.0499,1.25,0.6891,3.12,107.25,17.37,40.2,9.44,10.15
2025-09-28 14:00:00,14,38,38,0.0,10.0,24.0,2.0,2.0,1.0,8,8,13,2,15,2,21.883,291.0,223.0,466.0,21.883,4.0,11.61,roster,0,118.0,95.0,1.18,112.17,5.0897,0.95,0.6891,3.1053,81.51,13.02,26.8,10.83,11.65
2025-09-28 15:00:00,15,34,34,1.0,9.0,20.0,2.0,2.0,1.0,10,7,12,4,16,4,22.883,290.0,213.0,526.0,22.883,4.0,11.61,roster,0,107.0,85.0,1.1146,132.65,4.5725,0.85,0.6029,3.1471,72.93,13.89,53.6,12.23,13.15
2025-09-28 16:00:00,16,28,28,0.0,9.0,16.0,1.0,2.0,1.0,3,3,12,3,15,3,23.883,343.0,179.0,586.0,23.883,4.0,11.61,roster,0,88.0,70.0,0.88,106.91,3.0121,0.7,0.2584,3.1429,60.06,13.02,40.2,13.62,14.65
2025-09-28 17:00:00,17,34,34,0.0,9.0,22.0,1.0,2.0,1.0,13,12,12,3,15,3,24.883,357.0,230.0,646.0,24.883,4.0,11.61,roster,0,106.0,85.0,1.06,121.17,5.8724,0.85,1.0336,3.1176,72.93,13.02,40.2,15.02,16.15
2025-09-28 18:00:00,18,37,37,0.0,8.0,27.0,0.0,2.0,1.0,12,12,12,2,14,2,25.883,447.0,299.0,706.0,25.883,4.0,11.61,roster,0,115.0,92.5,1.1058,114.74,6.0875,0.925,1.0336,3.1081,79.36,12.16,26.8,16.41,17.65
2025-09-28 19:00:00,19,27,27,0.0,7.0,18.0,0.0,2.0,1.0,5,5,13,2,15,2,26.883,477.0,323.0,766.0,26.883,4.0,11.61,roster,0,84.0,67.5,0.84,95.55,3.4398,0.675,0.4307,3.1111,57.92,13.02,26.8,17.81,19.15
2025-09-28 20:00:00,20,31,31,0.0,8.0,21.0,0.0,2.0,1.0,10,9,15,2,17,2,27.883,522.0,231.0,686.0,27.883,4.0,10.57,roster,0,97.0,77.5,1.0543,104.01,5.0893,0.775,0.8515,3.129,66.5,14.76,26.8,15.95,17.15
2025-09-28 21:00:00,21,38,38,0.0,10.0,26.0,0.0,2.0,1.0,10,10,17,3,20,3,28.883,526.0,197.0,746.0,28.883,4.0,10.57,roster,0,120.0,95.0,1.5,136.42,5.9876,0.95,0.9461,3.1579,81.51,17.37,40.2,17.34,18.65
2025-09-28 22:00:00,22,44,44,0.0,7.0,34.0,1.0,2.0,1.0,17,16,17,1,18,1,29.883,492.0,149.0,806.0,29.883,3.0,7.25,roster,0,134.0,110.0,2.0303,122.15,10.071,1.1,2.2069,3.0455,94.38,15.63,13.4,18.74,20.15
2025-09-28 23:00:00,23,40,40,0.0,8.0,26.0,4.0,2.0,1.0,12,11,17,0,17,0,30.883,693.0,209.0,866.0,30.883,3.0,7.25,roster,0,120.0,100.0,1.7391,100.7,7.5517,1.0,1.5172,3.0,85.8,14.76,0.0,20.13,21.65
2025-09-29 00:00:00,0,29,29,0.0,9.0,17.0,1.0,2.0,1.0,4,2,18,1,19,1,31.883,471.0,216.0,926.0,31.883,3.0,7.25,roster,0,91.0,72.5,1.4444,93.63,3.1406,0.725,0.2759,3.1379,62.2,16.5,13.4,21.53,23.15
2025-09-29 01:00:00,1,28,28,0.0,9.0,17.0,1.0,1.0,1.0,6,4,18,1,19,1,32.883,531.0,276.0,986.0,32.883,3.0,7.25,roster,0,90.0,70.0,1.4286,92.88,4.0234,0.7,0.5517,3.2143,60.06,16.5,13.4,22.92,24.65
2025-09-29 02:00:00,2,27,27,0.0,8.0,18.0,0.0,1.0,1.0,6,5,18,1,19,1,33.883,591.0,336.0,1046.0,33.883,3.0,7.25,roster,0,87.0,67.5,1.381,92.13,4.3972,0.675,0.6897,3.2222,57.92,16.5,13.4,24.32,26.15
2025-09-29 03:00:00,3,29,29,0.0,9.0,19.0,0.0,1.0,1.0,5,5,19,2,21,2,34.883,557.0,390.0,1036.0,34.883,3.0,7.25,roster,0,94.0,72.5,1.6491,111.33,4.5854,0.725,0.6897,3.2414,62.2,18.23,26.8,24.09,25.9
2025-09-29 04:00:00,4,31,31,0.0,10.0,20.0,0.0,1.0,1.0,6,5,19,2,21,2,35.883,617.0,450.0,1096.0,35.883,3.0,7.25,roster,0,101.0,77.5,1.7719,117.01,4.7719,0.775,0.6897,3.2581,66.5,18.23,26.8,25.48,27.4
2025-09-29 05:00:00,5,33,33,0.0,10.0,19.0,2.0,2.0,1.0,6,5,21,1,22,1,36.883,658.0,484.0,1156.0,36.883,3.0,7.25,roster,0,103.0,82.5,1.9074,110.16,4.7276,0.825,0.6897,3.1212,70.78,19.1,13.4,26.88,28.9
2025-09-29 06:00:00,6,30,30,0.0,10.0,18.0,1.0,1.0,1.0,1,1,22,1,23,1,37.883,699.0,450.0,1216.0,37.883,3.0,7.25,roster,0,97.0,75.0,1.902,105.99,2.871,0.75,0.1379,3.2333,64.35,19.97,13.4,28.27,30.4
2025-09-29 07:00:00,7,33,33,0.0,12.0,19.0,1.0,1.0,1.0,5,4,22,1,23,1,38.883,759.0,510.0,1276.0,38.883,3.0,7.25,roster,0,108.0,82.5,2.1176,113.82,4.5056,0.825,0.5517,3.2727,70.78,19.97,13.4,29.67,31.9
2025-09-29 08:00:00,8,36,36,0.0,11.0,22.0,2.0,1.0,1.0,6,6,25,1,26,1,39.883,737.0,380.0,1257.0,39.883,3.0,8.06,roster,0,115.0,90.0,2.7381,122.42,5.253,0.9,0.7444,3.1944,77.22,22.58,13.4,29.23,31.425
2025-09-29 09:00:00,9,40,40,0.0,12.0,25.0,2.0,1.0,1.0,6,6,24,1,25,1,34.383,785.0,440.0,1302.0,34.0,3.0,8.06,roster,0,128.0,100.0,2.8444,131.18,5.5821,1.0,0.7444,3.2,85.8,21.71,13.4,30.27,32.55
2025-09-29 10:00:00,10,41,41,0.0,11.0,27.0,2.0,1.0,1.0,7,6,24,1,25,1,35.383,816.0,370.0,1362.0,35.0,4.0,11.38,roster,0,130.0,102.5,2.1667,134.72,4.9217,1.025,0.5272,3.1707,87.94,21.71,13.4,31.67,34.05
2025-09-29 11:00:00,11,43,43,0.0,12.0,28.0,2.0,1.0,1.0,9,8,21,1,22,1,36.383,873.0,421.0,1413.0,33.35,4.0,11.38,roster,0,137.0,107.5,1.9028,137.59,5.6648,1.075,0.703,3.186,92.24,19.1,13.4,32.85,35.325
2025-09-29 12:00:00,12,47,47,0.0,11.0,33.0,2.0,1.0,1.0,10,10,22,1,23,1,37.383,930.0,334.0,1473.0,34.35,4.0,11.38,roster,0,148.0,117.5,2.1765,148.43,6.4671,1.175,0.8787,3.1489,100.82,19.97,13.4,34.25,36.825
2025-09-29 13:00:00,13,55,55,0.0,13.0,39.0,2.0,1.0,1.0,13,12,25,1,26,1,38.383,789.5,146.0,1251.0,35.35,4.0,11.38,roster,0,174.0,137.5,3.1071,163.04,7.686,1.375,1.0545,3.1636,117.98,22.58,13.4,29.09,31.275
2025-09-29 14:00:00,14,49,49,0.0,12.0,33.0,3.0,1.0,1.0,5,5,26,1,27,1,39.383,740.0,165.0,1217.0,36.35,4.0,11.38,roster,0,154.0,122.5,2.9615,150.24,5.2309,1.225,0.4394,3.1429,105.1,23.44,13.4,28.3,30.425
2025-09-29 15:00:00,15,45,45,0.0,12.0,30.0,3.0,0.0,1.0,7,6,23,1,24,1,40.383,711.5,214.0,1169.0,37.35,4.0,11.38,roster,0,144.0,112.5,2.25,137.94,5.2872,1.125,0.5272,3.2,96.52,20.84,13.4,27.18,29.225
2025-09-29 16:00:00,16,43,43,0.0,12.0,28.0,3.0,0.0,1.0,10,10,22,1,23,1,41.383,683.0,270.0,1176.0,38.35,4.0,11.38,roster,0,138.0,107.5,2.0294,132.95,6.2701,1.075,0.8787,3.2093,92.24,19.97,13.4,27.34,29.4
2025-09-29 17:00:00,17,47,47,0.0,12.0,32.0,3.0,0.0,1.0,11,9,22,2,24,2,42.383,688.5,330.0,1236.0,39.35,4.0,11.38,roster,0,150.0,117.5,2.3438,157.19,6.274,1.175,0.7909,3.1915,100.82,20.84,26.8,28.74,30.9
2025-09-29 18:00:00,18,55,55,0.0,11.0,38.0,6.0,0.0,1.0,18,18,25,2,27,2,43.383,660.0,264.0,1290.0,40.35,4.0,11.38,roster,0,170.0,137.5,3.2692,178.21,9.139,1.375,1.5817,3.0909,117.98,23.44,26.8,29.99,32.25
2025-09-29 19:00:00,19,41,41,0.0,10.0,28.0,3.0,0.0,1.0,1,2,23,2,25,2,44.383,454.0,251.0,1324.0,41.35,4.0,11.38,roster,0,130.0,102.5,2.1667,147.24,3.8072,1.025,0.1757,3.1707,87.94,21.71,26.8,30.78,33.1
2025-09-29 20:00:00,20,38,38,0.0,10.0,26.0,2.0,0.0,1.0,9,8,22,2,24,2,45.383,512.0,311.0,1384.0,42.35,4.0,11.65,roster,0,122.0,95.0,1.9062,141.33,5.2547,0.95,0.6867,3.2105,81.51,20.84,26.8,32.18,34.6
2025-09-29 21:00:00,21,40,40,0.0,10.0,28.0,2.0,0.0,1.0,8,7,22,3,25,3,46.383,563.0,280.0,1350.0,43.35,4.0,11.65,roster,0,128.0,100.0,2.1333,159.1,5.1227,1.0,0.6009,3.2,85.8,21.71,40.2,31.39,33.75
2025-09-29 22:00:00,22,36,36,1.0,8.0,25.0,2.0,0.0,1.0,5,4,24,2,26,2,47.383,621.0,306.0,1410.0,44.35,3.0,8.33,roster,0,116.0,90.0,2.7619,139.38,4.4473,0.9,0.4802,3.2222,77.22,22.58,26.8,32.78,35.25
2025-09-29 23:00:00,23,35,35,1.0,8.0,23.0,3.0,0.0,1.0,4,4,22,3,25,3,48.383,683.0,366.0,1470.0,45.35,3.0,8.33,roster,0,112.0,87.5,2.4889,151.16,4.3366,0.875,0.4802,3.2,75.08,21.71,40.2,34.18,36.75
2025-09-30 00:00:00,0,38,38,1.0,8.0,27.0,2.0,0.0,1.0,7,7,22,2,24,2,49.383,746.5,436.0,1624.0,46.35,3.0,8.33,roster,0,122.0,95.0,2.5417,146.91,5.7479,0.95,0.8403,3.2105,81.51,20.84,26.8,37.76,40.6
2025-09-30 01:00:00,1,40,40,0.0,8.0,30.0,2.0,0.0,1.0,9,8,22,2,24,2,50.383,806.5,496.0,1684.0,47.35,3.0,8.33,roster,0,126.0,100.0,2.625,152.59,6.1752,1.0,0.9604,3.15,85.8,20.84,26.8,39.15,42.1
2025-09-30 02:00:00,2,36,36,1.0,8.0,25.0,2.0,0.0,1.0,2,2,23,1,24,1,51.383,866.5,556.0,1744.0,48.35,3.0,8.33,roster,0,116.0,90.0,2.4167,132.01,3.6736,0.9,0.2401,3.2222,77.22,20.84,13.4,40.55,43.6
2025-09-30 03:00:00,3,35,35,1.0,8.0,22.0,4.0,0.0,1.0,3,3,24,1,25,1,52.383,923.0,606.0,1710.0,49.35,3.0,8.33,roster,0,111.0,87.5,2.4667,129.94,3.9172,0.875,0.3601,3.1714,75.08,21.71,13.4,39.76,42.75
2025-09-30 04:00:00,4,35,35,1.0,8.0,24.0,2.0,0.0,1.0,3,3,24,1,25,1,53.383,983.0,666.0,1770.0,50.35,3.0,8.33,roster,0,113.0,87.5,2.5111,131.34,3.9878,0.875,0.3601,3.2286,75.08,21.71,13.4,41.15,44.25
2025-09-30 05:00:00,5,37,37,1.0,7.0,26.0,3.0,0.0,1.0,3,3,26,1,27,1,54.383,971.0,526.0,1830.0,51.35,3.0,8.33,roster,0,117.0,92.5,3.0,138.76,4.0638,0.925,0.3601,3.1622,79.36,23.44,13.4,42.55,45.75
2025-09-30 06:00:00,6,40,40,1.0,7.0,28.0,4.0,0.0,1.0,5,5,26,1,27,1,55.383,1031.0,586.0,1890.0,52.35,3.0,8.33,roster,0,125.0,100.0,3.2051,146.59,5.0008,1.0,0.6002,3.125,85.8,23.44,13.4,43.94,47.25
2025-09-30 07:00:00,7,39,39,1.0,7.0,28.0,3.0,0.0,1.0,5,4,27,1,28,1,56.383,1067.5,646.0,1950.0,53.35,3.0,8.33,roster,0,123.0,97.5,3.4167,146.71,4.5895,0.975,0.4802,3.1538,83.66,24.31,13.4,45.34,48.75
2025-09-30 08:00:00,8,41,41,1.0,7.0,30.0,3.0,0.0,1.0,5,4,28,1,29,1,57.383,1104.0,673.0,1849.0,54.35,3.0,6.6,roster,0,129.0,102.5,3.9091,149.52,5.1319,1.025,0.6061,3.1463,87.94,25.18,13.4,42.99,46.225
2025-09-30 09:00:00,9,40,40,1.0,7.0,29.0,3.0,0.0,1.0,7,6,27,2,29,2,55.35,1091.0,510.0,1909.0,55.35,3.0,6.6,roster,0,126.0,100.0,3.8182,162.17,6.0136,1.0,0.9091,3.15,85.8,25.18,26.8,44.38,47.725
2025-09-30 10:00:00,10,43,43,1.0,10.0,30.0,2.0,0.0,1.0,8,8,29,2,31,2,56.35,1060.0,401.0,1969.0,56.35,4.0,10.3,roster,0,139.0,107.5,3.8611,171.73,5.9857,1.075,0.7767,3.2326,92.24,26.92,26.8,45.78,49.225
2025-09-30 11:00:00,11,46,46,1.0,10.0,31.0,4.0,0.0,1.0,12,11,26,3,29,3,57.35,1120.0,436.0,2000.0,57.35,4.0,10.3,roster,0,146.0,115.0,3.3182,190.55,7.0396,1.15,1.068,3.1739,98.67,25.18,40.2,46.5,50.0
2025-09-30 12:00:00,12,54,54,1.0,13.0,35.0,5.0,0.0,1.0,14,12,28,3,31,3,48.55,1006.0,245.0,1883.0,48.55,4.0,10.3,roster,0,172.0,135.0,4.7778,206.73,8.0109,1.35,1.165,3.1852,115.83,26.92,40.2,43.78,47.075
2025-09-30 13:00:00,13,55,55,2.0,12.0,37.0,4.0,0.0,1.0,10,10,30,3,33,3,49.55,581.0,168.0,1451.0,49.55,4.0,10.3,roster,0,177.0,137.5,6.3214,200.56,7.5494,1.375,0.9709,3.2182,117.98,28.65,40.2,33.74,36.275
2025-09-30 14:00:00,14,51,51,2.0,10.0,36.0,3.0,0.0,1.0,10,10,23,3,26,3,42.483,338.0,173.0,1126.0,42.483,4.0,10.3,roster,0,164.0,127.5,2.9286,178.35,7.222,1.275,0.9709,3.2157,109.39,22.58,40.2,26.18,28.15
2025-09-30 15:00:00,15,48,48,2.0,9.0,35.0,2.0,0.0,1.0,10,10,21,4,25,4,42.067,288.0,190.0,676.0,42.067,4.0,10.3,roster,0,155.0,120.0,2.5833,173.98,7.0101,1.2,0.9709,3.2292,102.96,21.71,53.6,15.72,16.9
2025-09-30 16:00:00,16,47,47,2.0,8.0,33.0,4.0,0.0,1.0,9,10,23,3,26,3,20.767,259.0,167.0,485.0,20.767,4.0,10.3,roster,0,149.0,117.5,2.6607,154.87,6.8029,1.175,0.9709,3.1702,100.82,22.58,40.2,11.28,12.125
2025-09-30 17:00:00,17,45,45,2.0,9.0,30.0,4.0,0.0,1.0,4,4,25,3,28,3,21.767,313.5,190.0,545.0,21.767,4.0,10.3,roster,0,144.0,112.5,3.0,153.71,4.8427,1.125,0.3883,3.2,96.52,24.31,40.2,12.67,13.625
2025-09-30 18:00:00,18,43,43,2.0,9.0,31.0,1.0,0.0,1.0,7,7,25,3,28,3,22.767,355.5,202.0,551.0,22.767,4.0,10.3,roster,0,141.0,107.5,2.9375,149.56,5.7535,1.075,0.6796,3.2791,92.24,24.31,40.2,12.81,13.775
2025-09-30 19:00:00,19,49,49,2.0,11.0,34.0,2.0,0.0,1.0,11,11,27,2,29,2,23.767,364.0,254.0,528.0,23.767,4.0,10.3,roster,0,160.0,122.5,3.6364,149.36,7.4872,1.225,1.068,3.2653,105.1,25.18,26.8,12.28,13.2
2025-09-30 20:00:00,20,51,51,2.0,9.0,37.0,3.0,0.0,1.0,9,9,29,4,33,4,24.767,370.0,155.0,501.0,24.767,4.0,10.06,roster,0,163.0,127.5,5.8214,183.3,6.9343,1.275,0.8946,3.1961,109.39,28.65,53.6,11.65,12.525
2025-09-30 21:00:00,21,48,48,2.0,8.0,36.0,2.0,0.0,1.0,6,6,30,3,33,3,25.767,382.0,194.0,561.0,25.767,4.0,10.06,roster,0,154.0,120.0,5.5,164.86,5.7635,1.2,0.5964,3.2083,102.96,28.65,40.2,13.04,14.025
2025-09-30 22:00:00,22,49,49,2.0,8.0,35.0,4.0,0.0,1.0,13,11,27,3,30,3,26.767,466.0,254.0,683.0,26.767,3.0,6.36,roster,0,155.0,122.5,5.1667,167.23,9.3461,1.225,1.7296,3.1633,105.1,26.05,40.2,15.88,17.075
2025-09-30 23:00:00,23,46,46,2.0,7.0,35.0,2.0,0.0,1.0,8,9,24,3,27,3,27.767,502.0,284.0,743.0,27.767,3.0,6.36,roster,0,147.0,115.0,3.7692,159.59,8.1971,1.15,1.4151,3.1957,98.67,23.44,40.2,17.27,18.575
