ts,hour,total,census,l1,l2,l3,l4,l5,tri_coverage,arrivals,arrival_present_1h,waitBed,waitICU,D_board,resus,maxLOS_h,awt_curr_min,board_q1_min,board_q3_min,board_max_h,Na,cap_sum,cap_source,src_gap,acuity,OCCUPANCY,EDWIN,NEDOCS,READI,READI_BR,READI_PR,READI_AR,NEDOCS_t_total,NEDOCS_t_board,NEDOCS_t_resus,NEDOCS_t_longest_admit,NEDOCS_E_h
2025-06-01 00:00:00,0,29,29,1.0,5.0,17.0,5.0,1.0,1.0,6,6,10,1,11,1,7.567,183.0,135.0,270.0,4.667,3.0,6.67,roster,0,87.0,72.5,1.0,71.43,4.8737,0.725,0.8996,3.0,62.2,9.55,13.4,6.28,6.75
2025-06-01 01:00:00,1,30,30,2.0,7.0,17.0,3.0,1.0,1.0,7,7,10,2,12,2,8.567,226.0,195.0,330.0,5.667,3.0,6.67,roster,0,96.0,75.0,1.1429,89.24,5.7583,0.75,1.0495,3.2,64.35,10.42,26.8,7.67,8.25
2025-06-01 02:00:00,2,34,34,2.0,8.0,18.0,5.0,1.0,1.0,7,6,12,3,15,3,9.567,263.0,147.0,377.0,6.667,3.0,6.67,roster,0,107.0,85.0,1.4267,114.92,5.5059,0.85,0.8996,3.1471,72.93,13.02,40.2,8.77,9.425
2025-06-01 03:00:00,3,34,34,2.0,10.0,19.0,2.0,1.0,1.0,7,6,14,3,17,3,10.567,315.0,176.0,395.0,7.667,3.0,6.67,roster,0,112.0,85.0,1.6232,117.07,5.7632,0.85,0.8996,3.2941,72.93,14.76,40.2,9.18,9.875
2025-06-01 04:00:00,4,31,31,2.0,10.0,17.0,1.0,1.0,1.0,4,4,14,3,17,3,11.567,375.0,236.0,455.0,8.667,3.0,6.67,roster,0,104.0,77.5,1.5072,112.03,4.6119,0.775,0.5997,3.3548,66.5,14.76,40.2,10.58,11.375
2025-06-01 05:00:00,5,33,33,2.0,9.0,18.0,3.0,1.0,1.0,8,6,14,3,17,3,12.567,435.0,296.0,515.0,9.667,3.0,6.67,roster,0,107.0,82.5,1.5507,117.72,5.5917,0.825,0.8996,3.2424,70.78,14.76,40.2,11.97,12.875
2025-06-01 06:00:00,6,29,29,2.0,9.0,16.0,1.0,1.0,1.0,0,0,15,3,18,3,13.567,493.5,317.0,575.0,10.667,3.0,6.67,roster,0,97.0,72.5,1.4697,111.4,2.425,0.725,0.0,3.3448,62.2,15.63,40.2,13.37,14.375
2025-06-01 07:00:00,7,33,33,2.0,9.0,19.0,2.0,1.0,1.0,4,4,15,3,18,3,14.567,553.5,377.0,635.0,11.667,3.0,6.67,roster,0,108.0,82.5,1.6364,121.38,4.6627,0.825,0.5997,3.2727,70.78,15.63,40.2,14.76,15.875
2025-06-01 08:00:00,8,31,31,2.0,7.0,20.0,0.0,2.0,1.0,7,6,16,3,19,3,15.567,612.0,426.0,695.0,12.667,3.0,7.12,roster,0,100.0,77.5,1.5873,119.35,5.2184,0.775,0.8427,3.2258,66.5,16.5,40.2,16.16,17.375
2025-06-01 09:00:00,9,36,36,3.0,8.0,19.0,4.0,2.0,1.0,9,8,16,3,19,3,16.567,672.0,486.0,755.0,13.667,3.0,7.12,roster,0,114.0,90.0,1.8095,131.47,6.4081,0.9,1.1236,3.1667,77.22,16.5,40.2,17.55,18.875
2025-06-01 10:00:00,10,42,42,3.0,8.0,24.0,5.0,2.0,1.0,15,12,13,3,16,3,17.567,714.0,557.0,857.0,14.667,4.0,10.44,roster,0,131.0,105.0,1.3646,144.11,6.8601,1.05,1.1494,3.119,90.09,13.89,40.2,19.93,21.425
2025-06-01 11:00:00,11,37,37,5.0,4.0,24.0,3.0,1.0,1.0,9,8,12,3,15,3,18.567,656.0,168.0,809.0,15.5,4.0,10.44,roster,0,120.0,92.5,1.2,131.4,5.4852,0.925,0.7663,3.2432,79.36,13.02,40.2,18.81,20.225
2025-06-01 12:00:00,12,44,44,6.0,4.0,26.0,7.0,1.0,1.0,22,20,10,3,13,3,19.567,228.0,127.0,747.0,15.05,4.0,10.44,roster,0,139.0,110.0,1.287,143.24,9.5269,1.1,1.9157,3.1591,94.38,11.29,40.2,17.37,18.675
2025-06-01 13:00:00,13,46,46,5.0,5.0,28.0,7.0,1.0,1.0,12,12,13,3,16,3,20.567,158.0,104.0,737.0,15.25,4.0,10.44,roster,0,144.0,115.0,1.5,149.9,7.1982,1.15,1.1494,3.1304,98.67,13.89,40.2,17.14,18.425
2025-06-01 14:00:00,14,48,48,4.0,6.0,31.0,6.0,1.0,1.0,10,10,13,3,16,3,21.567,186.0,161.0,441.0,15.6,4.0,10.44,roster,0,150.0,120.0,1.5625,147.31,6.7433,1.2,0.9579,3.125,102.96,13.89,40.2,10.25,11.025
2025-06-01 15:00:00,15,33,33,3.0,5.0,22.0,2.0,1.0,1.0,9,9,10,2,12,2,22.567,265.5,193.0,501.0,15.45,4.0,10.44,roster,0,106.0,82.5,0.9464,99.65,5.4191,0.825,0.8621,3.2121,70.78,10.42,26.8,11.65,12.525
2025-06-01 16:00:00,16,45,45,3.0,8.0,32.0,1.0,1.0,1.0,20,19,10,2,12,2,23.567,282.5,152.0,561.0,16.45,4.0,10.44,roster,0,146.0,112.5,1.3036,126.79,9.5546,1.125,1.8199,3.2444,96.52,10.42,26.8,13.04,14.025
2025-06-01 17:00:00,17,46,46,3.0,9.0,31.0,2.0,1.0,1.0,14,13,14,2,16,2,24.567,201.5,112.0,528.0,17.45,4.0,10.44,roster,0,149.0,115.0,1.5521,131.64,7.7584,1.15,1.2452,3.2391,98.67,13.89,26.8,12.28,13.2
2025-06-01 18:00:00,18,48,48,3.0,9.0,30.0,5.0,1.0,1.0,12,13,17,2,19,2,25.567,214.0,141.0,517.0,18.45,4.0,10.44,roster,0,152.0,120.0,1.8095,138.28,7.7432,1.2,1.2452,3.1667,102.96,16.5,26.8,12.02,12.925
2025-06-01 19:00:00,19,38,38,3.0,6.0,24.0,3.0,2.0,1.0,6,6,16,3,19,3,26.567,232.0,164.0,577.0,19.45,4.0,10.44,roster,0,119.0,95.0,1.4167,131.62,4.7748,0.95,0.5747,3.1316,81.51,16.5,40.2,13.42,14.425
2025-06-01 20:00:00,20,41,41,3.0,7.0,26.0,4.0,1.0,1.0,11,11,16,3,19,3,27.567,292.0,224.0,637.0,20.45,4.0,10.56,roster,0,130.0,102.5,1.5476,139.45,6.5528,1.025,1.0417,3.1707,87.94,16.5,40.2,14.81,15.925
2025-06-01 21:00:00,21,51,51,3.0,6.0,36.0,5.0,1.0,1.0,15,15,15,4,19,4,28.567,347.0,221.0,456.0,21.45,4.0,10.56,roster,0,158.0,127.5,1.881,170.09,8.3506,1.275,1.4205,3.098,109.39,16.5,53.6,10.6,11.4
2025-06-01 22:00:00,22,51,51,3.0,9.0,33.0,5.0,1.0,1.0,10,10,14,4,18,4,29.567,409.5,281.0,516.0,22.45,3.0,7.24,roster,0,161.0,127.5,2.4394,170.62,8.3853,1.275,1.3812,3.1569,109.39,15.63,53.6,12.0,12.9
2025-06-01 23:00:00,23,53,53,3.0,10.0,33.0,6.0,1.0,1.0,13,13,19,4,23,4,30.567,441.0,186.0,572.0,23.45,3.0,7.24,roster,0,167.0,132.5,3.2745,180.56,9.8328,1.325,1.7956,3.1509,113.68,19.97,53.6,13.3,14.3
2025-06-02 00:00:00,0,53,53,3.0,10.0,34.0,5.0,1.0,1.0,9,8,20,4,24,4,31.567,482.5,246.0,632.0,24.45,3.0,7.24,roster,0,168.0,132.5,3.5,182.82,7.7026,1.325,1.105,3.1698,113.68,20.84,53.6,14.69,15.8
2025-06-02 01:00:00,1,39,39,3.0,10.0,23.0,2.0,1.0,1.0,4,4,20,4,24,4,32.567,542.5,306.0,692.0,25.45,3.0,7.24,roster,0,129.0,97.5,2.6875,154.18,5.0525,0.975,0.5525,3.3077,83.66,20.84,53.6,16.09,17.3
2025-06-02 02:00:00,2,37,37,3.0,10.0,23.0,1.0,0.0,1.0,6,4,19,5,24,5,27.867,602.5,366.0,752.0,26.45,3.0,7.24,roster,0,126.0,92.5,2.625,164.69,5.0314,0.925,0.5525,3.4054,79.36,20.84,67.0,17.48,18.8
2025-06-02 03:00:00,3,32,32,3.0,9.0,19.0,1.0,0.0,1.0,2,2,19,4,23,4,28.867,681.0,354.0,812.0,27.45,3.0,7.24,roster,0,110.0,80.0,2.1569,141.09,3.6996,0.8,0.2762,3.4375,68.64,19.97,53.6,18.88,20.3
2025-06-02 04:00:00,4,33,33,3.0,9.0,20.0,1.0,0.0,1.0,2,1,19,4,23,4,29.867,741.0,414.0,872.0,28.45,3.0,7.24,roster,0,113.0,82.5,2.2157,144.63,3.298,0.825,0.1381,3.4242,70.78,19.97,53.6,20.27,21.8
2025-06-02 05:00:00,5,33,33,3.0,9.0,19.0,2.0,0.0,1.0,1,1,19,4,23,4,30.867,801.0,474.0,932.0,29.45,3.0,7.24,roster,0,112.0,82.5,2.1961,146.03,3.2688,0.825,0.1381,3.3939,70.78,19.97,53.6,21.67,23.3
2025-06-02 06:00:00,6,34,34,3.0,9.0,21.0,1.0,0.0,1.0,2,2,19,4,23,4,31.867,861.0,534.0,992.0,30.45,3.0,7.24,roster,0,116.0,85.0,2.2745,149.57,3.8425,0.85,0.2762,3.4118,72.93,19.97,53.6,23.06,24.8
2025-06-02 07:00:00,7,42,42,3.0,9.0,28.0,2.0,0.0,1.0,9,9,20,4,24,4,32.867,902.5,594.0,1052.0,31.45,3.0,7.24,roster,0,139.0,105.0,2.8958,168.99,7.589,1.05,1.2431,3.3095,90.09,20.84,53.6,24.46,26.3
2025-06-02 08:00:00,8,39,39,3.0,6.0,29.0,1.0,0.0,1.0,6,6,21,4,25,4,33.867,944.0,630.0,1054.0,32.45,3.0,7.28,roster,0,128.0,97.5,2.8444,163.47,5.905,0.975,0.8242,3.2821,83.66,21.71,53.6,24.51,26.35
2025-06-02 09:00:00,9,43,43,4.0,6.0,32.0,1.0,0.0,1.0,8,8,21,4,25,4,34.867,1004.0,690.0,1114.0,33.45,3.0,7.28,roster,0,142.0,107.5,3.1556,173.44,7.1789,1.075,1.0989,3.3023,92.24,21.71,53.6,25.9,27.85
2025-06-02 10:00:00,10,48,48,5.0,8.0,34.0,1.0,0.0,1.0,9,9,22,4,26,4,35.867,991.5,688.0,1169.0,34.45,4.0,10.62,roster,0,161.0,120.0,2.875,186.32,6.8675,1.2,0.8475,3.3542,102.96,22.58,53.6,27.18,29.225
2025-06-02 11:00:00,11,45,45,5.0,9.0,30.0,1.0,0.0,1.0,5,5,22,4,26,4,36.867,984.5,282.0,1229.0,35.45,4.0,10.62,roster,0,153.0,112.5,2.7321,181.28,5.4258,1.125,0.4708,3.4,96.52,22.58,53.6,28.57,30.725
2025-06-02 12:00:00,12,45,45,5.0,8.0,31.0,1.0,0.0,1.0,6,6,20,4,24,4,37.867,1044.5,653.0,1294.0,36.45,4.0,10.62,roster,0,152.0,112.5,2.375,181.05,5.7083,1.125,0.565,3.3778,96.52,20.84,53.6,30.09,32.35
2025-06-02 13:00:00,13,39,39,3.0,10.0,23.0,3.0,0.0,1.0,9,9,15,4,19,4,37.45,1162.0,252.0,1354.0,37.45,4.0,10.62,roster,0,130.0,97.5,1.5476,165.23,6.0749,0.975,0.8475,3.3333,83.66,16.5,53.6,31.48,33.85
2025-06-02 14:00:00,14,48,48,4.0,12.0,31.0,1.0,0.0,1.0,19,18,15,5,20,5,38.45,1164.5,279.0,1414.0,38.45,4.0,10.62,roster,0,163.0,120.0,2.0375,200.2,9.8306,1.2,1.6949,3.3958,102.96,17.37,67.0,32.88,35.35
2025-06-02 15:00:00,15,44,44,3.0,11.0,30.0,0.0,0.0,1.0,8,8,9,3,12,3,38.283,349.5,214.0,1167.0,38.283,4.0,10.62,roster,0,149.0,110.0,1.3304,152.13,6.2759,1.1,0.7533,3.3864,94.38,10.42,40.2,27.13,29.175
2025-06-02 16:00:00,16,47,47,4.0,10.0,33.0,0.0,0.0,1.0,6,6,12,3,15,3,39.283,274.0,116.0,961.0,39.283,4.0,10.62,roster,0,159.0,117.5,1.59,156.38,5.8863,1.175,0.565,3.383,100.82,13.02,40.2,22.34,24.025
2025-06-02 17:00:00,17,42,42,3.0,9.0,30.0,0.0,0.0,1.0,5,5,13,3,16,3,40.283,296.0,169.0,1021.0,40.283,4.0,10.62,roster,0,141.0,105.0,1.4688,147.92,5.1056,1.05,0.4708,3.3571,90.09,13.89,40.2,23.74,25.525
2025-06-02 18:00:00,18,40,40,3.0,5.0,30.0,2.0,0.0,1.0,7,7,13,3,16,3,41.283,356.0,229.0,1081.0,41.283,4.0,10.62,roster,0,129.0,100.0,1.3438,145.03,5.3507,1.0,0.6591,3.225,85.8,13.89,40.2,25.13,27.025
2025-06-02 19:00:00,19,40,40,3.0,6.0,27.0,3.0,1.0,1.0,9,9,13,2,15,2,28.483,305.0,254.0,633.0,28.483,4.0,10.62,roster,0,127.0,100.0,1.27,120.34,5.8657,1.0,0.8475,3.175,85.8,13.02,26.8,14.72,15.825
2025-06-02 20:00:00,20,35,35,2.0,6.0,22.0,5.0,0.0,1.0,9,9,15,2,17,2,29.483,349.0,253.0,514.0,29.483,4.0,10.57,roster,0,110.0,87.5,1.1957,108.59,5.426,0.875,0.8515,3.1429,75.08,14.76,26.8,11.95,12.85
2025-06-02 21:00:00,21,38,38,2.0,5.0,26.0,5.0,0.0,1.0,12,12,14,1,15,1,22.683,384.0,139.0,498.0,21.017,4.0,10.57,roster,0,118.0,95.0,1.18,99.51,6.4754,0.95,1.1353,3.1053,81.51,13.02,13.4,11.58,12.45
2025-06-02 22:00:00,22,39,39,2.0,5.0,30.0,2.0,0.0,1.0,9,10,17,1,18,1,23.683,408.5,186.0,485.0,22.017,3.0,7.23,roster,0,124.0,97.5,1.8788,103.96,7.4976,0.975,1.3831,3.1795,83.66,15.63,13.4,11.28,12.125
2025-06-02 23:00:00,23,41,41,2.0,6.0,31.0,2.0,0.0,1.0,9,9,19,1,20,1,24.683,386.5,237.0,545.0,23.017,3.0,7.23,roster,0,131.0,102.5,2.1833,111.38,7.2523,1.025,1.2448,3.1951,87.94,17.37,13.4,12.67,13.625
2025-06-03 00:00:00,0,40,40,3.0,5.0,30.0,2.0,0.0,1.0,5,5,20,2,22,2,25.683,354.5,195.0,596.0,24.017,3.0,7.23,roster,0,129.0,100.0,2.3889,125.56,5.4553,1.0,0.6916,3.225,85.8,19.1,26.8,13.86,14.9
2025-06-03 01:00:00,1,37,37,3.0,6.0,26.0,2.0,0.0,1.0,4,4,20,3,23,3,26.683,379.0,244.0,656.0,25.017,3.0,7.23,roster,0,121.0,92.5,2.3725,134.79,4.8343,0.925,0.5533,3.2703,79.36,19.97,40.2,15.25,16.4
2025-06-03 02:00:00,2,37,37,2.0,7.0,27.0,1.0,0.0,1.0,5,5,22,3,25,3,27.683,431.0,294.0,709.0,26.017,3.0,7.23,roster,0,121.0,92.5,2.6889,137.76,5.2866,0.925,0.6916,3.2703,79.36,21.71,40.2,16.48,17.725
2025-06-03 03:00:00,3,36,36,1.0,7.0,27.0,1.0,0.0,1.0,4,4,24,3,27,3,27.017,486.0,292.0,769.0,27.017,3.0,7.23,roster,0,116.0,90.0,2.9744,138.74,4.6827,0.9,0.5533,3.2222,77.22,23.44,40.2,17.88,19.225
2025-06-03 04:00:00,4,38,38,1.0,8.0,28.0,1.0,0.0,1.0,6,5,24,3,27,3,28.017,546.0,352.0,829.0,28.017,3.0,7.23,roster,0,123.0,95.0,3.1538,144.43,5.3135,0.95,0.6916,3.2368,81.51,23.44,40.2,19.27,20.725
2025-06-03 05:00:00,5,35,35,1.0,8.0,24.0,2.0,0.0,1.0,1,1,25,3,28,3,29.017,601.5,412.0,889.0,29.017,3.0,7.23,roster,0,113.0,87.5,3.1389,140.26,3.2716,0.875,0.1383,3.2286,75.08,24.31,40.2,20.67,22.225
2025-06-03 06:00:00,6,35,35,1.0,7.0,26.0,1.0,0.0,1.0,2,2,25,2,27,2,30.017,666.0,472.0,949.0,30.017,3.0,7.23,roster,0,113.0,87.5,2.8974,127.38,3.7181,0.875,0.2766,3.2286,75.08,23.44,26.8,22.06,23.725
2025-06-03 07:00:00,7,33,33,1.0,7.0,23.0,2.0,0.0,1.0,1,1,25,2,27,2,31.017,726.0,532.0,1009.0,31.017,3.0,7.23,roster,0,106.0,82.5,2.7179,124.49,3.0943,0.825,0.1383,3.2121,70.78,23.44,26.8,23.46,25.225
2025-06-03 08:00:00,8,33,33,1.0,7.0,22.0,3.0,0.0,1.0,3,2,24,2,26,2,32.017,788.5,592.0,1069.0,32.017,3.0,6.58,roster,0,105.0,82.5,2.5,125.02,3.5921,0.825,0.304,3.1818,70.78,22.58,26.8,24.85,26.725
2025-06-03 09:00:00,9,37,37,1.0,9.0,22.0,5.0,0.0,1.0,7,7,23,2,25,2,33.017,846.0,652.0,1104.0,33.017,3.0,6.58,roster,0,117.0,92.5,2.6,133.54,6.289,0.925,1.0638,3.1622,79.36,21.71,26.8,25.67,27.6
2025-06-03 10:00:00,10,44,44,1.0,11.0,23.0,9.0,0.0,1.0,15,13,19,2,21,2,34.017,897.0,696.0,1164.0,34.017,4.0,9.83,roster,0,136.0,110.0,1.7895,146.48,7.4877,1.1,1.3225,3.0909,94.38,18.23,26.8,27.06,29.1
2025-06-03 11:00:00,11,45,45,1.0,12.0,24.0,8.0,0.0,1.0,9,10,18,3,21,3,35.017,834.0,605.0,1050.0,35.017,4.0,9.83,roster,0,141.0,112.5,1.8553,159.37,6.7125,1.125,1.0173,3.1333,96.52,18.23,40.2,24.41,26.25
2025-06-03 12:00:00,12,37,37,1.0,12.0,17.0,7.0,0.0,1.0,7,7,17,3,20,3,27.55,824.0,511.0,1039.0,27.55,4.0,9.83,roster,0,118.0,92.5,1.475,141.09,5.221,0.925,0.7121,3.1892,79.36,17.37,40.2,24.16,25.975
2025-06-03 13:00:00,13,41,41,1.0,12.0,22.0,6.0,0.0,1.0,11,11,17,3,20,3,28.55,807.0,226.0,1099.0,28.55,4.0,9.83,roster,0,131.0,102.5,1.6375,151.06,6.8504,1.025,1.119,3.1951,87.94,17.37,40.2,25.55,27.475
2025-06-03 14:00:00,14,39,39,1.0,10.0,21.0,7.0,0.0,1.0,8,7,17,3,20,3,29.55,764.5,144.0,1151.0,29.55,4.0,9.83,roster,0,122.0,97.5,1.525,147.98,5.2776,0.975,0.7121,3.1282,83.66,17.37,40.2,26.76,28.775
2025-06-03 15:00:00,15,40,40,4.0,9.0,20.0,7.0,0.0,1.0,11,11,17,1,18,1,30.55,547.0,145.0,1012.0,30.55,4.0,9.83,roster,0,130.0,100.0,1.4773,118.36,6.8868,1.0,1.119,3.25,85.8,15.63,13.4,23.53,25.3
2025-06-03 16:00:00,16,41,41,3.0,8.0,21.0,9.0,0.0,1.0,8,8,20,3,23,3,31.55,260.0,110.0,1056.0,31.55,4.0,9.83,roster,0,128.0,102.5,1.8824,152.67,5.7408,1.025,0.8138,3.122,87.94,19.97,40.2,24.55,26.4
2025-06-03 17:00:00,17,47,47,3.0,9.0,27.0,8.0,0.0,1.0,10,10,21,3,24,3,32.55,294.5,170.0,1116.0,32.55,4.0,9.83,roster,0,148.0,117.5,2.3125,167.8,6.9034,1.175,1.0173,3.1489,100.82,20.84,40.2,25.95,27.9
2025-06-03 18:00:00,18,49,49,4.0,11.0,28.0,6.0,0.0,1.0,10,11,24,3,27,3,33.55,302.0,185.0,1038.0,33.55,4.0,9.83,roster,0,160.0,122.5,3.0769,172.88,7.654,1.225,1.119,3.2653,105.1,23.44,40.2,24.13,25.95
2025-06-03 19:00:00,19,47,47,3.0,11.0,29.0,4.0,0.0,1.0,8,7,23,4,27,4,34.55,309.0,174.0,1085.0,34.55,4.0,9.83,roster,0,154.0,117.5,2.9615,183.09,6.1833,1.175,0.7121,3.2766,100.82,23.44,53.6,25.23,27.125
2025-06-03 20:00:00,20,54,54,3.0,8.0,33.0,10.0,0.0,1.0,15,15,21,4,25,4,35.55,350.0,229.0,1104.0,35.55,4.0,10.26,roster,0,166.0,135.0,2.7667,196.81,8.6443,1.35,1.462,3.0741,115.83,21.71,53.6,25.67,27.6
2025-06-03 21:00:00,21,52,52,2.0,9.0,30.0,11.0,0.0,1.0,10,10,20,3,23,3,36.55,407.0,285.0,1205.0,36.55,4.0,10.26,roster,0,158.0,130.0,2.3235,179.73,6.9115,1.3,0.9747,3.0385,111.54,19.97,40.2,28.02,30.125
2025-06-03 22:00:00,22,43,43,2.0,9.0,22.0,9.0,1.0,1.0,7,7,18,3,21,3,37.55,454.0,345.0,1224.0,37.55,3.0,7.01,roster,0,131.0,107.5,2.2982,159.13,6.3172,1.075,0.9986,3.0465,92.24,18.23,40.2,28.46,30.6
2025-06-03 23:00:00,23,35,35,1.0,9.0,20.0,4.0,1.0,1.0,9,8,17,2,19,2,38.55,514.0,391.0,1325.0,38.55,3.0,7.01,roster,0,110.0,87.5,1.746,129.18,6.3367,0.875,1.1412,3.1429,75.08,16.5,26.8,30.81,33.125
2025-06-04 00:00:00,0,40,40,1.0,9.0,25.0,4.0,1.0,1.0,10,10,18,2,20,2,39.55,559.5,451.0,1385.0,39.55,3.0,7.01,roster,0,125.0,100.0,2.0833,142.17,7.5829,1.0,1.4265,3.125,85.8,17.37,26.8,32.2,34.625
2025-06-04 01:00:00,1,34,34,1.0,9.0,20.0,3.0,1.0,1.0,3,3,19,2,21,2,40.55,605.0,490.0,1404.0,40.55,3.0,7.01,roster,0,108.0,85.0,1.8947,130.61,4.0594,0.85,0.428,3.1765,72.93,18.23,26.8,32.64,35.1
2025-06-04 02:00:00,2,27,27,1.0,7.0,17.0,2.0,0.0,1.0,3,3,18,2,20,2,41.55,679.5,571.0,1505.0,41.55,3.0,7.01,roster,0,88.0,67.5,1.4667,117.07,3.5948,0.675,0.428,3.2593,57.92,17.37,26.8,34.99,37.625
2025-06-04 03:00:00,3,26,26,1.0,7.0,16.0,2.0,0.0,1.0,2,2,18,2,20,2,42.55,739.5,631.0,1565.0,42.55,3.0,7.01,roster,0,85.0,65.0,1.4167,116.32,3.0577,0.65,0.2853,3.2692,55.77,17.37,26.8,36.39,39.125
2025-06-04 04:00:00,4,28,28,2.0,7.0,17.0,2.0,0.0,1.0,3,3,18,2,20,2,43.55,799.5,691.0,1625.0,43.55,3.0,7.01,roster,0,93.0,70.0,1.55,122.01,3.7464,0.7,0.428,3.3214,60.06,17.37,26.8,37.78,40.625
2025-06-04 05:00:00,5,24,24,1.0,7.0,14.0,2.0,0.0,1.0,2,2,18,2,20,2,44.55,859.5,751.0,1685.0,44.55,3.0,7.01,roster,0,79.0,60.0,1.3167,114.82,2.9141,0.6,0.2853,3.2917,51.48,17.37,26.8,39.18,42.125
2025-06-04 06:00:00,6,29,29,1.0,8.0,17.0,3.0,0.0,1.0,6,6,18,2,20,2,45.55,919.5,811.0,1745.0,45.55,3.0,7.01,roster,0,94.0,72.5,1.5667,126.94,5.1244,0.725,0.8559,3.2414,62.2,17.37,26.8,40.57,43.625
2025-06-04 07:00:00,7,26,26,1.0,8.0,15.0,2.0,0.0,1.0,1,2,19,2,21,2,46.55,965.0,850.0,1764.0,46.55,3.0,7.01,roster,0,86.0,65.0,1.5088,121.82,3.0937,0.65,0.2853,3.3077,55.77,18.23,26.8,41.01,44.1
2025-06-04 08:00:00,8,30,30,1.0,9.0,18.0,2.0,0.0,1.0,6,6,19,2,21,2,47.55,1025.0,910.0,1824.0,47.55,3.0,6.65,roster,0,99.0,75.0,1.7368,131.79,5.4524,0.75,0.9023,3.3,64.35,18.23,26.8,42.41,45.6
2025-06-04 09:00:00,9,35,35,2.0,11.0,20.0,2.0,0.0,1.0,8,8,18,2,20,2,48.55,1047.0,919.0,1925.0,48.55,3.0,6.65,roster,0,118.0,87.5,1.9667,144.0,7.0059,0.875,1.203,3.3714,75.08,17.37,26.8,44.76,48.125
2025-06-04 10:00:00,10,40,40,3.0,11.0,24.0,2.0,0.0,1.0,13,12,19,2,21,2,49.55,1051.0,659.0,1944.0,49.55,4.0,10.35,roster,0,135.0,100.0,1.7763,156.03,7.288,1.0,1.1594,3.375,85.8,18.23,26.8,45.2,48.6
2025-06-04 11:00:00,11,38,38,3.0,10.0,23.0,2.0,0.0,1.0,4,3,18,4,22,4,50.55,964.0,174.0,1247.0,50.55,4.0,10.35,roster,0,128.0,95.0,1.7778,163.21,4.1764,0.95,0.2899,3.3684,81.51,19.1,53.6,28.99,31.175
2025-06-04 12:00:00,12,36,36,3.0,13.0,19.0,1.0,0.0,1.0,8,8,14,4,18,4,51.55,1124.5,234.0,1307.0,51.55,4.0,10.35,roster,0,126.0,90.0,1.4318,156.84,5.8553,0.9,0.7729,3.5,77.22,15.63,53.6,30.39,32.675
2025-06-04 13:00:00,13,40,40,4.0,12.0,23.0,1.0,0.0,1.0,10,10,13,4,17,4,38.6,458.0,222.0,1245.0,38.6,4.0,10.35,roster,0,139.0,100.0,1.5109,163.11,6.8325,1.0,0.9662,3.475,85.8,14.76,53.6,28.95,31.125
2025-06-04 14:00:00,14,32,32,3.0,11.0,18.0,0.0,0.0,1.0,6,6,8,3,11,3,39.6,324.0,177.0,1305.0,39.6,4.0,10.35,roster,0,113.0,80.0,0.9741,128.73,4.8721,0.8,0.5797,3.5312,68.64,9.55,40.2,30.34,32.625
2025-06-04 15:00:00,15,25,25,1.0,7.0,17.0,0.0,0.0,1.0,5,6,7,1,8,1,40.6,857.0,363.0,1365.0,40.6,4.0,10.35,roster,0,84.0,62.5,0.6562,85.71,4.0478,0.625,0.5797,3.36,53.62,6.95,13.4,31.74,34.125
2025-06-04 16:00:00,16,23,23,1.0,5.0,17.0,0.0,0.0,1.0,6,6,5,1,6,1,41.6,917.0,235.0,1411.0,41.6,4.0,10.35,roster,0,76.0,57.5,0.5588,80.75,3.8156,0.575,0.5797,3.3043,49.33,5.21,13.4,32.81,35.275
2025-06-04 17:00:00,17,25,25,2.0,6.0,15.0,2.0,0.0,1.0,9,9,7,1,8,1,42.6,399.5,123.0,1471.0,42.6,4.0,10.35,roster,0,83.0,62.5,0.6484,88.17,4.962,0.625,0.8696,3.32,53.62,6.95,13.4,34.2,36.775
2025-06-04 18:00:00,18,29,29,1.0,7.0,19.0,2.0,0.0,1.0,8,8,9,1,10,1,43.6,269.0,136.0,1510.0,43.6,4.0,10.35,roster,0,94.0,72.5,0.7833,99.4,4.8554,0.725,0.7729,3.2414,62.2,8.68,13.4,35.11,37.75
2025-06-04 19:00:00,19,29,29,0.0,8.0,21.0,0.0,0.0,1.0,5,5,12,1,13,1,44.6,227.0,137.0,624.0,44.6,4.0,10.35,roster,0,95.0,72.5,0.8796,81.4,3.9575,0.725,0.4831,3.2759,62.2,11.29,13.4,14.51,15.6
2025-06-04 20:00:00,20,32,32,0.0,9.0,21.0,2.0,0.0,1.0,11,10,13,1,14,1,27.517,241.5,132.0,475.0,27.517,4.0,10.89,roster,0,103.0,80.0,0.9904,85.24,5.5307,0.8,0.9183,3.2188,68.64,12.16,13.4,11.04,11.875
2025-06-04 21:00:00,21,30,30,0.0,9.0,20.0,1.0,0.0,1.0,7,7,16,0,16,0,28.517,199.5,119.0,535.0,28.517,4.0,10.89,roster,0,98.0,75.0,1.0208,70.68,4.5498,0.75,0.6428,3.2667,64.35,13.89,0.0,12.44,13.375
2025-06-04 22:00:00,22,29,29,0.0,8.0,18.0,3.0,0.0,1.0,9,8,12,0,12,0,29.167,259.5,179.0,407.0,29.167,3.0,7.19,roster,0,92.0,72.5,1.0952,62.09,5.8298,0.725,1.1127,3.1724,62.2,10.42,0.0,9.46,10.175
2025-06-04 23:00:00,23,28,28,1.0,7.0,18.0,2.0,0.0,1.0,13,11,12,0,12,0,30.167,319.5,223.0,467.0,30.167,3.0,7.19,roster,0,91.0,70.0,1.0833,61.34,7.2472,0.7,1.5299,3.25,60.06,10.42,0.0,10.86,11.675
2025-06-05 00:00:00,0,28,28,1.0,7.0,19.0,1.0,0.0,1.0,8,8,13,0,13,0,31.167,372.0,262.0,496.0,31.167,3.0,7.19,roster,0,92.0,70.0,1.1358,62.88,5.9559,0.7,1.1127,3.2857,60.06,11.29,0.0,11.53,12.4
2025-06-05 01:00:00,1,26,26,1.0,8.0,16.0,1.0,0.0,1.0,8,7,14,0,14,0,32.167,395.5,222.0,556.0,32.167,3.0,7.19,roster,0,87.0,65.0,1.1154,60.85,5.4327,0.65,0.9736,3.3462,55.77,12.16,0.0,12.93,13.9
2025-06-05 02:00:00,2,28,28,1.0,8.0,18.0,1.0,0.0,1.0,6,6,14,0,14,0,33.167,455.5,282.0,616.0,33.167,3.0,7.19,roster,0,93.0,70.0,1.1923,66.54,5.0967,0.7,0.8345,3.3214,60.06,12.16,0.0,14.32,15.4
2025-06-05 03:00:00,3,28,28,1.0,8.0,19.0,0.0,0.0,1.0,3,3,15,0,15,0,34.167,479.0,339.0,676.0,34.167,3.0,7.19,roster,0,94.0,70.0,1.2533,68.8,3.7508,0.7,0.4172,3.3571,60.06,13.02,0.0,15.72,16.9
2025-06-05 04:00:00,4,22,22,0.0,9.0,13.0,0.0,0.0,1.0,2,1,14,0,14,0,35.167,575.5,402.0,736.0,35.167,3.0,7.19,roster,0,75.0,55.0,0.9615,56.46,2.3491,0.55,0.1391,3.4091,47.19,12.16,0.0,17.11,18.4
2025-06-05 05:00:00,5,22,22,1.0,8.0,13.0,0.0,0.0,1.0,3,3,14,0,14,0,36.167,635.5,462.0,796.0,36.167,3.0,7.19,roster,0,76.0,55.0,0.9744,57.85,3.3414,0.55,0.4172,3.4545,47.19,12.16,0.0,18.51,19.9
2025-06-05 06:00:00,6,20,20,1.0,7.0,12.0,0.0,0.0,1.0,0,0,14,0,14,0,37.167,695.5,522.0,856.0,37.167,3.0,7.19,roster,0,69.0,50.0,0.8846,54.96,1.725,0.5,0.0,3.45,42.9,12.16,0.0,19.9,21.4
2025-06-05 07:00:00,7,19,19,1.0,7.0,11.0,0.0,0.0,1.0,0,0,14,0,14,0,38.167,755.5,582.0,916.0,38.167,3.0,7.19,roster,0,66.0,47.5,0.8462,54.21,1.65,0.475,0.0,3.4737,40.75,12.16,0.0,21.3,22.9
2025-06-05 08:00:00,8,24,24,1.0,7.0,16.0,0.0,0.0,1.0,5,5,14,0,14,0,39.167,815.5,642.0,976.0,39.167,3.0,6.38,roster,0,81.0,60.0,1.0385,66.33,4.67,0.6,0.7837,3.375,51.48,12.16,0.0,22.69,24.4
2025-06-05 09:00:00,9,28,28,1.0,6.0,21.0,0.0,0.0,1.0,8,8,13,0,13,0,40.167,839.0,702.0,1007.0,40.167,3.0,6.38,roster,0,92.0,70.0,1.1358,74.76,6.42,0.7,1.2539,3.2857,60.06,11.29,0.0,23.41,25.175
2025-06-05 10:00:00,10,33,33,1.0,7.0,24.0,1.0,0.0,1.0,9,9,13,0,13,0,41.167,883.0,649.0,1067.0,41.167,4.0,9.63,roster,0,107.0,82.5,0.9907,86.88,5.7053,0.825,0.9346,3.2424,70.78,11.29,0.0,24.81,26.675
2025-06-05 11:00:00,11,36,36,1.0,8.0,27.0,0.0,0.0,1.0,10,11,14,2,16,2,25.833,764.0,133.0,1047.0,19.783,4.0,9.63,roster,0,118.0,90.0,1.2292,122.26,6.6941,0.9,1.1423,3.2778,77.22,13.89,26.8,24.34,26.175
2025-06-05 12:00:00,12,34,34,2.0,9.0,23.0,0.0,0.0,1.0,8,8,16,2,18,2,26.833,165.0,111.0,769.0,20.783,4.0,9.63,roster,0,115.0,85.0,1.3068,113.24,5.6848,0.85,0.8307,3.3824,72.93,15.63,26.8,17.88,19.225
2025-06-05 13:00:00,13,32,32,2.0,9.0,21.0,0.0,0.0,1.0,7,6,15,3,18,3,27.833,199.0,151.0,684.0,21.783,4.0,9.63,roster,0,109.0,80.0,1.2386,120.37,4.8473,0.8,0.6231,3.4062,68.64,15.63,40.2,15.9,17.1
2025-06-05 14:00:00,14,31,31,1.0,10.0,19.0,1.0,0.0,1.0,7,7,13,2,15,2,28.05,237.0,208.0,744.0,22.783,4.0,9.63,roster,0,104.0,77.5,1.04,103.62,5.0386,0.775,0.7269,3.3548,66.5,13.02,26.8,17.3,18.6
2025-06-05 15:00:00,15,26,26,0.0,9.0,16.0,1.0,0.0,1.0,6,6,10,0,10,0,29.05,273.0,217.0,804.0,23.783,4.0,9.63,roster,0,86.0,65.0,0.7167,63.15,4.2109,0.65,0.6231,3.3077,55.77,8.68,0.0,18.69,20.1
2025-06-05 16:00:00,16,22,22,0.0,5.0,16.0,1.0,0.0,1.0,7,8,7,0,7,0,30.05,331.0,74.0,864.0,16.817,4.0,9.63,roster,0,70.0,55.0,0.5303,53.36,4.3933,0.55,0.8307,3.1818,47.19,6.08,0.0,20.09,21.6
2025-06-05 17:00:00,17,26,26,0.0,7.0,18.0,1.0,0.0,1.0,10,9,9,0,9,0,17.817,337.0,126.0,395.0,17.817,4.0,9.63,roster,0,84.0,65.0,0.6774,52.77,5.1194,0.65,0.9346,3.2308,55.77,7.81,0.0,9.18,9.875
2025-06-05 18:00:00,18,27,27,0.0,6.0,20.0,0.0,1.0,1.0,11,11,11,0,11,0,18.817,186.0,107.0,451.0,18.817,4.0,9.63,roster,0,85.0,67.5,0.7328,57.95,5.721,0.675,1.1423,3.1481,57.92,9.55,0.0,10.49,11.275
2025-06-05 19:00:00,19,26,26,0.0,8.0,17.0,0.0,1.0,1.0,8,9,12,0,12,0,17.4,175.5,121.0,457.0,17.4,4.0,9.63,roster,0,84.0,65.0,0.75,56.81,5.1194,0.65,0.9346,3.2308,55.77,10.42,0.0,10.63,11.425
2025-06-05 20:00:00,20,24,24,1.0,8.0,14.0,1.0,0.0,1.0,8,6,13,0,13,0,18.4,146.0,114.0,269.0,18.4,4.0,10.54,roster,0,81.0,60.0,0.75,49.02,3.9463,0.6,0.5693,3.375,51.48,11.29,0.0,6.25,6.725
2025-06-05 21:00:00,21,30,30,2.0,7.0,19.0,2.0,0.0,1.0,9,9,15,1,16,1,19.4,177.0,135.0,287.0,19.4,4.0,10.54,roster,0,99.0,75.0,1.0312,78.32,5.2928,0.75,0.8539,3.3,64.35,13.89,13.4,6.67,7.175
2025-06-05 22:00:00,22,30,30,2.0,8.0,19.0,0.0,1.0,1.0,7,6,16,1,17,1,20.4,211.0,154.0,266.0,20.4,3.0,7.29,roster,0,100.0,75.0,1.4493,78.7,5.2435,0.75,0.823,3.3333,64.35,14.76,13.4,6.18,6.65
2025-06-05 23:00:00,23,28,28,2.0,9.0,17.0,0.0,0.0,1.0,5,3,16,2,18,2,21.4,260.5,191.0,320.0,21.4,3.0,7.29,roster,0,97.0,70.0,1.4697,89.93,3.8506,0.7,0.4115,3.4643,60.06,15.63,26.8,7.44,8.0
2025-06-06 00:00:00,0,28,28,2.0,10.0,16.0,0.0,0.0,1.0,6,5,18,1,19,1,22.4,315.0,202.0,380.0,22.4,3.0,7.29,roster,0,98.0,70.0,1.5556,78.79,4.8505,0.7,0.6859,3.5,60.06,16.5,13.4,8.84,9.5
2025-06-06 01:00:00,1,30,30,2.0,10.0,18.0,0.0,0.0,1.0,5,4,19,1,20,1,23.4,365.0,262.0,440.0,23.4,3.0,7.29,roster,0,104.0,75.0,1.7333,85.35,4.5021,0.75,0.5487,3.4667,64.35,17.37,13.4,10.23,11.0
2025-06-06 02:00:00,2,29,29,2.0,8.0,19.0,0.0,0.0,1.0,4,4,19,1,20,1,24.4,425.0,322.0,500.0,24.4,3.0,7.29,roster,0,99.0,72.5,1.65,84.6,4.3481,0.725,0.5487,3.4138,62.2,17.37,13.4,11.62,12.5
2025-06-06 03:00:00,3,29,29,2.0,9.0,18.0,0.0,0.0,1.0,4,4,20,0,20,0,25.4,485.0,382.0,560.0,25.4,3.0,7.29,roster,0,100.0,72.5,1.6667,72.59,4.3921,0.725,0.5487,3.4483,62.2,17.37,0.0,13.02,14.0
2025-06-06 04:00:00,4,29,29,2.0,9.0,18.0,0.0,0.0,1.0,2,2,20,0,20,0,26.4,545.0,442.0,620.0,26.4,3.0,7.29,roster,0,100.0,72.5,1.6667,73.99,3.446,0.725,0.2743,3.4483,62.2,17.37,0.0,14.42,15.5
2025-06-06 05:00:00,5,28,28,2.0,8.0,18.0,0.0,0.0,1.0,1,1,20,0,20,0,27.4,605.0,502.0,680.0,27.4,3.0,7.29,roster,0,96.0,70.0,1.6,73.24,2.8703,0.7,0.1372,3.4286,60.06,17.37,0.0,15.81,17.0
2025-06-06 06:00:00,6,27,27,2.0,7.0,18.0,0.0,0.0,1.0,1,1,20,0,20,0,28.4,665.0,562.0,740.0,28.4,3.0,7.29,roster,0,92.0,67.5,1.5333,72.49,2.7674,0.675,0.1372,3.4074,57.92,17.37,0.0,17.21,18.5
2025-06-06 07:00:00,7,24,24,2.0,7.0,15.0,0.0,0.0,1.0,1,1,20,0,20,0,29.4,725.0,622.0,800.0,29.4,3.0,7.29,roster,0,83.0,60.0,1.3833,67.45,2.5494,0.6,0.1372,3.4583,51.48,17.37,0.0,18.6,20.0
2025-06-06 08:00:00,8,26,26,2.0,7.0,17.0,0.0,0.0,1.0,3,3,20,0,20,0,30.4,764.5,606.0,840.0,30.4,3.0,6.3,roster,0,89.0,65.0,1.4833,72.67,3.855,0.65,0.4762,3.4231,55.77,17.37,0.0,19.53,21.0
2025-06-06 09:00:00,9,31,31,2.0,8.0,21.0,0.0,0.0,1.0,6,6,20,0,20,0,31.4,824.5,666.0,900.0,31.4,3.0,6.3,roster,0,105.0,77.5,1.75,84.79,5.8508,0.775,0.9524,3.3871,66.5,17.37,0.0,20.92,22.5
2025-06-06 10:00:00,10,42,42,2.0,10.0,28.0,2.0,0.0,1.0,12,12,22,0,22,0,32.4,862.5,666.0,954.0,32.4,4.0,10.0,roster,0,138.0,105.0,1.9167,111.37,7.3929,1.05,1.2,3.2857,90.09,19.1,0.0,22.18,23.85
2025-06-06 11:00:00,11,48,48,2.0,10.0,32.0,4.0,0.0,1.0,17,17,19,1,20,1,33.4,817.5,270.0,991.0,33.4,4.0,10.0,roster,0,154.0,120.0,1.925,136.77,9.3042,1.2,1.7,3.2083,102.96,17.37,13.4,23.04,24.775
2025-06-06 12:00:00,12,44,44,1.0,10.0,30.0,3.0,0.0,1.0,9,9,21,1,22,1,21.783,222.5,108.0,971.0,18.333,4.0,10.0,roster,0,141.0,110.0,1.9583,129.46,6.4091,1.1,0.9,3.2045,94.38,19.1,13.4,22.58,24.275
2025-06-06 13:00:00,13,42,42,1.0,10.0,26.0,5.0,0.0,1.0,8,8,19,1,20,1,22.783,226.0,157.0,1031.0,19.333,4.0,10.0,roster,0,133.0,105.0,1.6625,124.83,5.8583,1.05,0.8,3.1667,90.09,17.37,13.4,23.97,25.775
2025-06-06 14:00:00,14,41,41,0.0,9.0,29.0,3.0,0.0,1.0,10,10,16,0,16,0,23.783,219.0,191.0,339.0,19.433,4.0,10.0,roster,0,129.0,102.5,1.3438,89.72,6.3713,1.025,1.0,3.1463,87.94,13.89,0.0,7.88,8.475
2025-06-06 15:00:00,15,32,32,0.0,9.0,22.0,1.0,0.0,1.0,1,1,18,0,18,0,20.433,257.0,135.0,296.0,20.433,4.0,10.0,roster,0,104.0,80.0,1.1818,71.15,2.925,0.8,0.1,3.25,68.64,15.63,0.0,6.88,7.4
2025-06-06 16:00:00,16,22,22,0.0,5.0,17.0,0.0,0.0,1.0,3,2,12,0,12,0,21.167,251.5,174.0,333.0,5.933,4.0,10.0,roster,0,71.0,55.0,0.6339,45.35,2.4205,0.55,0.2,3.2273,47.19,10.42,0.0,7.74,8.325
2025-06-06 17:00:00,17,32,32,3.0,7.0,21.0,1.0,0.0,1.0,11,11,12,0,12,0,22.167,311.5,234.0,393.0,6.933,4.0,10.0,roster,0,108.0,80.0,0.9643,68.2,6.4125,0.8,1.1,3.375,68.64,10.42,0.0,9.14,9.825
2025-06-06 18:00:00,18,28,28,2.0,4.0,22.0,0.0,0.0,1.0,6,5,14,1,15,1,7.933,315.0,109.0,443.0,7.933,4.0,10.0,roster,0,92.0,70.0,0.92,76.78,3.9429,0.7,0.5,3.2857,60.06,13.02,13.4,10.3,11.075
2025-06-06 19:00:00,19,29,29,3.0,5.0,21.0,0.0,0.0,1.0,11,11,13,1,14,1,8.933,381.5,162.0,503.0,8.933,4.0,10.0,roster,0,98.0,72.5,0.9423,79.46,6.1672,0.725,1.1,3.3793,62.2,12.16,13.4,11.69,12.575
2025-06-06 20:00:00,20,32,32,4.0,5.0,23.0,0.0,0.0,1.0,10,9,15,1,16,1,9.933,387.5,206.0,563.0,9.933,4.0,11.54,roster,0,109.0,80.0,1.1354,89.02,5.3815,0.8,0.7799,3.4062,68.64,13.89,13.4,13.09,14.075
2025-06-06 21:00:00,21,38,38,3.0,5.0,30.0,0.0,0.0,1.0,13,11,15,1,16,1,10.933,355.0,208.0,623.0,10.933,4.0,11.54,roster,0,125.0,95.0,1.3021,103.29,6.2605,0.95,0.9532,3.2895,81.51,13.89,13.4,14.48,15.575
2025-06-06 22:00:00,22,32,32,1.0,4.0,26.0,1.0,0.0,1.0,6,6,15,1,16,1,11.617,324.0,177.0,634.0,11.617,3.0,7.84,roster,0,101.0,80.0,1.4028,90.67,4.9405,0.8,0.7653,3.1562,68.64,13.89,13.4,14.74,15.85
2025-06-06 23:00:00,23,27,27,1.0,4.0,21.0,1.0,0.0,1.0,6,5,14,1,15,1,12.617,366.0,151.0,649.0,12.617,3.0,7.84,roster,0,86.0,67.5,1.1467,79.43,4.1814,0.675,0.6378,3.1852,57.92,13.02,13.4,15.09,16.225
2025-06-07 00:00:00,0,24,24,1.0,3.0,18.0,2.0,0.0,1.0,5,4,14,1,15,1,13.617,426.0,211.0,709.0,13.617,3.0,7.84,roster,0,75.0,60.0,1.0,74.39,3.4694,0.6,0.5102,3.125,51.48,13.02,13.4,16.48,17.725
2025-06-07 01:00:00,1,27,27,1.0,3.0,23.0,0.0,0.0,1.0,7,6,15,1,16,1,14.617,467.0,271.0,769.0,14.617,3.0,7.84,roster,0,86.0,67.5,1.1944,83.09,4.5876,0.675,0.7653,3.1852,57.92,13.89,13.4,17.88,19.225
2025-06-07 02:00:00,2,27,27,0.0,1.0,26.0,0.0,0.0,1.0,6,5,16,0,16,0,15.617,486.0,323.0,829.0,15.617,3.0,7.84,roster,0,82.0,67.5,1.1389,71.08,3.9869,0.675,0.6378,3.037,57.92,13.89,0.0,19.27,20.725
2025-06-07 03:00:00,3,28,28,1.0,1.0,24.0,2.0,0.0,1.0,5,5,16,0,16,0,16.617,546.0,383.0,889.0,16.617,3.0,7.84,roster,0,85.0,70.0,1.1806,74.62,4.061,0.7,0.6378,3.0357,60.06,13.89,0.0,20.67,22.225
2025-06-07 04:00:00,4,27,27,1.0,1.0,25.0,0.0,0.0,1.0,6,5,16,0,16,0,17.617,606.0,443.0,949.0,17.617,3.0,7.84,roster,0,84.0,67.5,1.1667,73.87,4.0841,0.675,0.6378,3.1111,57.92,13.89,0.0,22.06,23.725
2025-06-07 05:00:00,5,27,27,0.0,1.0,26.0,0.0,0.0,1.0,6,6,17,0,17,0,18.617,644.0,493.0,954.0,18.617,3.0,7.84,roster,0,82.0,67.5,1.1884,74.86,4.3743,0.675,0.7653,3.037,57.92,14.76,0.0,22.18,23.85
2025-06-07 06:00:00,6,28,28,1.0,1.0,26.0,0.0,0.0,1.0,2,2,18,0,18,0,19.617,680.5,515.0,1014.0,19.617,3.0,7.84,roster,0,87.0,70.0,1.3182,79.27,2.9676,0.7,0.2551,3.1071,60.06,15.63,0.0,23.58,25.35
2025-06-07 07:00:00,7,28,28,0.0,1.0,27.0,0.0,0.0,1.0,6,5,18,0,18,0,20.617,740.5,575.0,1074.0,20.617,3.0,7.84,roster,0,85.0,70.0,1.2879,80.66,4.061,0.7,0.6378,3.0357,60.06,15.63,0.0,24.97,26.85
2025-06-07 08:00:00,8,31,31,0.0,2.0,29.0,0.0,0.0,1.0,5,5,18,0,18,0,21.617,800.5,635.0,1134.0,21.617,3.0,7.76,roster,0,95.0,77.5,1.4394,88.49,4.3496,0.775,0.6443,3.0645,66.5,15.63,0.0,26.37,28.35
2025-06-07 09:00:00,9,31,31,0.0,3.0,28.0,0.0,0.0,1.0,5,5,16,1,17,1,22.55,751.0,570.0,1009.0,22.55,3.0,7.76,roster,0,96.0,77.5,1.3913,98.12,4.3953,0.775,0.6443,3.0968,66.5,14.76,13.4,23.46,25.225
2025-06-07 10:00:00,10,39,39,0.0,3.0,36.0,0.0,0.0,1.0,12,13,14,1,15,1,23.55,803.0,558.0,1069.0,23.55,4.0,11.01,roster,0,120.0,97.5,1.2,114.93,6.6331,0.975,1.1807,3.0769,83.66,13.02,13.4,24.85,26.725
2025-06-07 11:00:00,11,38,38,1.0,5.0,32.0,0.0,0.0,1.0,9,9,13,0,13,0,24.55,853.0,618.0,1129.0,24.55,4.0,11.01,roster,0,121.0,95.0,1.1204,99.05,5.6279,0.95,0.8174,3.1842,81.51,11.29,0.0,26.25,28.225
2025-06-07 12:00:00,12,36,36,1.0,9.0,25.0,1.0,0.0,1.0,10,10,11,0,11,0,25.55,422.0,101.0,1017.0,25.55,4.0,11.01,roster,0,118.0,90.0,1.0172,90.42,5.9271,0.9,0.9083,3.2778,77.22,9.55,0.0,23.65,25.425
2025-06-07 13:00:00,13,35,35,1.0,10.0,21.0,3.0,0.0,1.0,8,8,11,1,12,1,24.817,147.5,115.0,738.0,24.817,4.0,11.01,roster,0,114.0,87.5,1.0179,96.05,5.2167,0.875,0.7266,3.2571,75.08,10.42,13.4,17.16,18.45
2025-06-07 14:00:00,14,27,27,0.0,8.0,14.0,5.0,0.0,1.0,8,8,2,1,3,1,18.833,167.0,136.0,194.0,3.233,4.0,11.01,roster,0,84.0,67.5,0.5676,58.43,4.3606,0.675,0.7266,3.1111,57.92,2.6,13.4,4.51,4.85
2025-06-07 15:00:00,15,23,23,0.0,8.0,14.0,1.0,0.0,1.0,7,6,2,1,3,1,19.833,227.0,112.0,254.0,4.233,4.0,11.01,roster,0,76.0,57.5,0.5135,51.25,3.7007,0.575,0.545,3.3043,49.33,2.6,13.4,5.91,6.35
2025-06-07 16:00:00,16,17,17,0.0,6.0,10.0,1.0,0.0,1.0,4,4,2,0,2,0,7.3,200.5,87.0,314.0,5.233,4.0,11.01,roster,0,56.0,42.5,0.3684,25.5,2.5968,0.425,0.3633,3.2941,36.46,1.74,0.0,7.3,7.85
2025-06-07 17:00:00,17,16,16,0.0,4.0,10.0,1.0,1.0,1.0,9,6,3,0,3,0,8.3,147.0,86.0,374.0,6.233,4.0,11.01,roster,0,49.0,40.0,0.3311,25.62,2.8939,0.4,0.545,3.0625,34.32,2.6,0.0,8.7,9.35
2025-06-07 18:00:00,18,15,15,0.0,4.0,7.0,3.0,1.0,1.0,8,7,3,0,3,0,9.3,207.0,146.0,434.0,7.233,4.0,11.01,roster,0,44.0,37.5,0.2973,24.87,2.965,0.375,0.6358,2.9333,32.17,2.6,0.0,10.09,10.85
2025-06-07 19:00:00,19,14,14,0.0,2.0,9.0,2.0,1.0,1.0,9,9,1,0,1,0,10.3,206.0,206.0,206.0,3.433,4.0,11.01,roster,0,40.0,35.0,0.2564,15.69,3.3355,0.35,0.8174,2.8571,30.03,0.87,0.0,4.79,5.15
2025-06-07 20:00:00,20,25,25,1.0,1.0,19.0,3.0,1.0,1.0,18,17,3,0,3,0,3.25,67.0,63.0,87.0,1.45,4.0,10.93,roster,0,73.0,62.5,0.4932,38.25,6.3666,0.625,1.5554,2.92,53.62,2.6,0.0,2.02,2.175
2025-06-07 21:00:00,21,19,19,1.0,1.0,15.0,1.0,1.0,1.0,10,9,1,0,1,0,4.25,123.0,123.0,123.0,2.05,4.0,10.93,roster,0,57.0,47.5,0.3654,24.48,3.8953,0.475,0.8234,3.0,40.75,0.87,0.0,2.86,3.075
2025-06-07 22:00:00,22,17,17,1.0,1.0,12.0,2.0,1.0,1.0,7,3,3,0,3,0,5.25,75.0,69.0,183.0,3.05,3.0,7.68,roster,0,50.0,42.5,0.4505,23.32,2.3989,0.425,0.3906,2.9412,36.46,2.6,0.0,4.25,4.575
2025-06-07 23:00:00,23,15,15,0.0,0.0,13.0,1.0,1.0,1.0,4,4,2,0,2,0,6.25,132.0,129.0,135.0,2.25,3.0,7.68,roster,0,42.0,37.5,0.3684,17.05,2.5083,0.375,0.5208,2.8,32.17,1.74,0.0,3.14,3.375
2025-06-08 00:00:00,0,11,11,0.0,0.0,9.0,1.0,1.0,1.0,5,3,2,0,2,0,7.25,192.0,189.0,195.0,3.25,3.0,7.68,roster,0,30.0,27.5,0.2632,9.87,1.8153,0.275,0.3906,2.7273,23.6,1.74,0.0,4.53,4.875
2025-06-08 01:00:00,1,13,13,0.0,1.0,9.0,2.0,1.0,1.0,4,4,3,0,3,0,8.25,249.0,70.0,255.0,4.25,3.0,7.68,roster,0,36.0,32.5,0.3243,16.42,2.3423,0.325,0.5208,2.7692,27.88,2.6,0.0,5.93,6.375
2025-06-08 02:00:00,2,13,13,0.0,1.0,10.0,1.0,1.0,1.0,3,2,3,0,3,0,9.25,309.0,130.0,315.0,5.25,3.0,7.68,roster,0,37.0,32.5,0.3333,17.81,1.6662,0.325,0.2604,2.8462,27.88,2.6,0.0,7.32,7.875
2025-06-08 03:00:00,3,12,12,0.0,0.0,9.0,2.0,1.0,1.0,3,3,3,0,3,0,10.25,369.0,190.0,375.0,6.25,3.0,7.68,roster,0,32.0,30.0,0.2883,17.06,1.8417,0.3,0.3906,2.6667,25.74,2.6,0.0,8.72,9.375
2025-06-08 04:00:00,4,12,12,0.0,0.0,10.0,1.0,1.0,1.0,3,2,4,0,4,0,11.25,339.5,250.0,435.0,7.25,3.0,7.68,roster,0,33.0,30.0,0.3056,19.33,1.5411,0.3,0.2604,2.75,25.74,3.47,0.0,10.11,10.875
2025-06-08 05:00:00,5,13,13,0.0,1.0,10.0,1.0,1.0,1.0,2,2,4,0,4,0,12.25,399.5,310.0,495.0,8.25,3.0,7.68,roster,0,37.0,32.5,0.3426,22.87,1.6662,0.325,0.2604,2.8462,27.88,3.47,0.0,11.51,12.375
2025-06-08 06:00:00,6,15,15,0.0,3.0,10.0,1.0,1.0,1.0,3,3,4,1,5,1,13.25,370.0,182.0,549.0,9.25,3.0,7.68,roster,0,45.0,37.5,0.4286,42.68,2.2969,0.375,0.3906,3.0,32.17,4.34,13.4,12.76,13.725
2025-06-08 07:00:00,7,19,19,1.0,2.0,13.0,2.0,1.0,1.0,6,6,5,0,5,0,14.25,430.0,242.0,609.0,10.25,3.0,7.68,roster,0,57.0,47.5,0.5429,39.26,3.7688,0.475,0.7812,3.0,40.75,4.34,0.0,14.16,15.225
2025-06-08 08:00:00,8,19,19,2.0,2.0,11.0,3.0,1.0,1.0,7,7,4,1,5,1,15.25,490.0,159.0,669.0,11.25,3.0,6.55,roster,0,58.0,47.5,0.5524,54.05,4.7124,0.475,1.0687,3.0526,40.75,4.34,13.4,15.55,16.725
2025-06-08 09:00:00,9,24,24,2.0,2.0,16.0,3.0,1.0,1.0,11,10,6,1,7,1,16.25,219.0,77.0,729.0,12.25,3.0,6.55,roster,0,73.0,60.0,0.7374,67.91,6.4688,0.6,1.5267,3.0417,51.48,6.08,13.4,16.95,18.225
2025-06-08 10:00:00,10,21,21,0.0,5.0,14.0,1.0,1.0,1.0,9,10,4,1,5,1,17.25,137.0,106.0,279.0,13.25,4.0,10.25,roster,0,65.0,52.5,0.4643,49.27,4.6447,0.525,0.9756,3.0952,45.04,4.34,13.4,6.49,6.975
2025-06-08 11:00:00,11,22,22,0.0,5.0,14.0,2.0,1.0,1.0,7,5,4,2,6,2,18.25,166.0,94.0,339.0,14.25,4.0,10.25,roster,0,67.0,55.0,0.4926,67.08,3.1606,0.55,0.4878,3.0455,47.19,5.21,26.8,7.88,8.475
2025-06-08 12:00:00,12,21,21,0.0,6.0,12.0,1.0,2.0,1.0,8,8,3,2,5,2,19.25,154.0,73.0,195.0,4.283,4.0,10.25,roster,0,64.0,52.5,0.4571,60.72,3.9786,0.525,0.7805,3.0476,45.04,4.34,26.8,4.53,4.875
2025-06-08 13:00:00,13,17,17,0.0,7.0,7.0,2.0,1.0,1.0,4,3,8,1,9,1,20.25,113.0,88.0,133.0,5.283,4.0,10.25,roster,0,54.0,42.5,0.4355,40.77,2.2797,0.425,0.2927,3.1765,36.46,7.81,13.4,3.09,3.325
2025-06-08 14:00:00,14,23,23,0.0,9.0,12.0,1.0,1.0,1.0,11,11,7,1,8,1,21.25,168.5,148.0,274.0,6.283,4.0,10.25,roster,0,75.0,57.5,0.5859,56.05,5.3745,0.575,1.0732,3.2609,49.33,6.95,13.4,6.37,6.85
2025-06-08 15:00:00,15,25,25,0.0,10.0,13.0,1.0,1.0,1.0,11,10,5,1,6,1,22.25,228.5,208.0,247.0,5.567,4.0,10.25,roster,0,82.0,62.5,0.6029,57.98,5.25,0.625,0.9756,3.28,53.62,5.21,13.4,5.74,6.175
2025-06-08 16:00:00,16,23,23,0.0,9.0,11.0,2.0,1.0,1.0,12,10,5,1,6,1,23.25,288.5,227.0,307.0,6.567,4.0,10.25,roster,0,74.0,57.5,0.5441,55.08,4.9889,0.575,0.9756,3.2174,49.33,5.21,13.4,7.14,7.675
2025-06-08 17:00:00,17,25,25,1.0,8.0,15.0,0.0,1.0,1.0,12,10,4,1,5,1,24.25,353.0,344.0,367.0,7.567,4.0,10.25,roster,0,83.0,62.5,0.5929,59.9,5.314,0.625,0.9756,3.32,53.62,4.34,13.4,8.53,9.175
2025-06-08 18:00:00,18,25,25,0.0,7.0,17.0,0.0,1.0,1.0,6,6,8,1,9,1,25.25,183.0,114.0,413.0,8.567,4.0,10.25,roster,0,80.0,62.5,0.6452,64.44,3.8732,0.625,0.5854,3.2,53.62,7.81,13.4,9.6,10.325
2025-06-08 19:00:00,19,26,26,0.0,5.0,19.0,1.0,1.0,1.0,10,10,9,0,9,0,26.25,179.0,159.0,464.0,8.117,4.0,10.25,roster,0,80.0,65.0,0.6452,54.37,5.0019,0.65,0.9756,3.0769,55.77,7.81,0.0,10.79,11.6
2025-06-08 20:00:00,20,21,21,0.0,5.0,15.0,0.0,1.0,1.0,8,7,9,0,9,0,27.25,239.0,213.0,524.0,9.117,4.0,10.97,roster,0,66.0,52.5,0.5323,45.04,3.6555,0.525,0.6381,3.1429,45.04,7.81,0.0,12.18,13.1
2025-06-08 21:00:00,21,34,34,3.0,7.0,23.0,0.0,1.0,1.0,16,15,11,1,12,1,28.25,276.0,143.0,584.0,10.117,4.0,10.97,roster,0,113.0,85.0,1.0089,90.33,7.3695,0.85,1.3674,3.3235,72.93,10.42,13.4,13.58,14.6
2025-06-08 22:00:00,22,37,37,3.0,6.0,27.0,0.0,1.0,1.0,11,10,12,1,13,1,29.25,203.0,154.0,339.0,11.117,3.0,7.27,roster,0,121.0,92.5,1.4938,91.93,7.5233,0.925,1.3755,3.2703,79.36,11.29,13.4,7.88,8.475
2025-06-08 23:00:00,23,39,39,2.0,6.0,29.0,1.0,1.0,1.0,10,10,12,1,13,1,30.25,263.0,172.0,399.0,12.117,3.0,7.27,roster,0,124.0,97.5,1.5309,97.62,7.4734,0.975,1.3755,3.1795,83.66,11.29,13.4,9.28,9.975
2025-06-09 00:00:00,0,39,39,2.0,8.0,27.0,1.0,1.0,1.0,10,9,14,2,16,2,31.25,286.0,184.0,459.0,13.117,3.0,7.27,roster,0,126.0,97.5,1.75,115.02,7.1496,0.975,1.238,3.2308,83.66,13.89,26.8,10.67,11.475
2025-06-09 01:00:00,1,29,29,2.0,9.0,18.0,0.0,0.0,1.0,4,4,16,2,18,2,14.117,313.0,178.0,513.0,14.117,3.0,7.27,roster,0,100.0,72.5,1.5152,96.56,4.3973,0.725,0.5502,3.4483,62.2,15.63,26.8,11.93,12.825
2025-06-09 02:00:00,2,31,31,2.0,11.0,17.0,1.0,0.0,1.0,4,4,18,2,20,2,15.117,341.0,225.0,573.0,15.117,3.0,7.27,roster,0,107.0,77.5,1.7833,103.98,4.5741,0.775,0.5502,3.4516,66.5,17.37,26.8,13.32,14.325
2025-06-09 03:00:00,3,32,32,2.0,11.0,16.0,3.0,0.0,1.0,5,5,19,2,21,2,16.117,390.0,249.0,593.0,16.117,3.0,7.27,roster,0,108.0,80.0,1.8947,107.46,5.0212,0.8,0.6878,3.375,68.64,18.23,26.8,13.79,14.825
2025-06-09 04:00:00,4,32,32,3.0,11.0,16.0,2.0,0.0,1.0,3,2,21,1,22,1,17.117,437.0,232.0,653.0,17.117,3.0,7.27,roster,0,111.0,80.0,2.0556,96.32,3.7293,0.8,0.2751,3.4688,68.64,19.1,13.4,15.18,16.325
2025-06-09 05:00:00,5,32,32,3.0,11.0,17.0,1.0,0.0,1.0,1,1,23,1,24,1,18.117,471.0,252.0,713.0,18.117,3.0,7.27,roster,0,112.0,80.0,2.3333,99.46,3.2814,0.8,0.1376,3.5,68.64,20.84,13.4,16.58,17.825
2025-06-09 06:00:00,6,34,34,3.0,12.0,17.0,1.0,1.0,1.0,2,2,24,1,25,1,19.117,518.0,295.0,683.0,19.117,3.0,7.27,roster,0,117.0,85.0,2.6,103.92,3.8717,0.85,0.2751,3.4412,72.93,21.71,13.4,15.88,17.075
2025-06-09 07:00:00,7,35,35,3.0,13.0,16.0,2.0,1.0,1.0,3,3,24,1,25,1,20.117,578.0,355.0,743.0,20.117,3.0,7.27,roster,0,120.0,87.5,2.6667,107.46,4.4148,0.875,0.4127,3.4286,75.08,21.71,13.4,17.27,18.575
2025-06-09 08:00:00,8,35,35,4.0,12.0,16.0,2.0,1.0,1.0,4,4,25,1,26,1,21.117,618.0,386.0,803.0,21.117,3.0,7.98,roster,0,121.0,87.5,2.881,109.72,4.7579,0.875,0.5013,3.4571,75.08,22.58,13.4,18.67,20.075
2025-06-09 09:00:00,9,38,38,4.0,12.0,20.0,1.0,1.0,1.0,6,6,24,2,26,2,22.117,633.5,393.0,863.0,22.117,3.0,7.98,roster,0,131.0,95.0,3.119,130.95,5.867,0.95,0.7519,3.4474,81.51,22.58,26.8,20.06,21.575
2025-06-09 10:00:00,10,41,41,4.0,12.0,24.0,1.0,0.0,1.0,10,10,23,2,25,2,23.117,669.0,446.0,923.0,23.117,4.0,11.23,roster,0,142.0,102.5,2.3667,137.91,6.6341,1.025,0.8905,3.4634,87.94,21.71,26.8,21.46,23.075
2025-06-09 11:00:00,11,49,49,4.0,13.0,31.0,1.0,0.0,1.0,12,12,26,2,28,2,24.117,632.0,362.0,958.0,24.117,4.0,11.23,roster,0,167.0,122.5,3.4792,158.49,7.8168,1.225,1.0686,3.4082,105.1,24.31,26.8,22.27,23.95
2025-06-09 12:00:00,12,53,53,3.0,13.0,36.0,1.0,0.0,1.0,16,16,24,3,27,3,25.117,534.0,156.0,930.0,25.117,4.0,11.23,roster,0,177.0,132.5,3.4038,178.95,9.1831,1.325,1.4248,3.3396,113.68,23.44,40.2,21.62,23.25
2025-06-09 13:00:00,13,56,56,3.0,12.0,38.0,3.0,0.0,1.0,7,7,35,3,38,3,26.117,224.5,107.0,772.0,26.117,4.0,11.23,roster,0,183.0,140.0,22.875,191.26,6.612,1.4,0.6233,3.2679,120.12,33.0,40.2,17.95,19.3
2025-06-09 14:00:00,14,45,45,2.0,8.0,31.0,4.0,0.0,1.0,6,6,25,2,27,2,23.05,185.0,137.0,362.0,23.05,4.0,11.23,roster,0,143.0,112.5,2.75,135.19,5.2728,1.125,0.5343,3.1778,96.52,23.44,26.8,8.42,9.05
2025-06-09 15:00:00,15,43,43,0.0,7.0,30.0,6.0,0.0,1.0,9,9,18,1,19,1,24.05,217.0,189.0,323.0,24.05,4.0,11.23,roster,0,130.0,107.5,1.5476,109.64,5.6729,1.075,0.8014,3.0233,92.24,16.5,13.4,7.51,8.075
2025-06-09 16:00:00,16,38,38,0.0,7.0,30.0,1.0,0.0,1.0,8,8,13,3,16,3,20.967,273.0,241.0,380.0,20.967,4.0,11.23,roster,0,120.0,95.0,1.25,124.44,5.2496,0.95,0.7124,3.1579,81.51,13.89,40.2,8.84,9.5
2025-06-09 17:00:00,17,35,35,0.0,8.0,25.0,2.0,0.0,1.0,5,5,17,3,20,3,21.967,310.5,176.0,357.0,21.967,4.0,11.23,roster,0,111.0,87.5,1.3875,120.94,4.187,0.875,0.4452,3.1714,75.08,17.37,40.2,8.3,8.925
2025-06-09 18:00:00,18,36,36,1.0,6.0,27.0,1.0,1.0,1.0,6,6,19,3,22,3,22.967,365.0,176.0,407.0,22.967,4.0,11.23,roster,0,113.0,90.0,1.5694,125.99,4.5021,0.9,0.5343,3.1389,77.22,19.1,40.2,9.46,10.175
2025-06-09 19:00:00,19,36,36,1.0,7.0,24.0,4.0,0.0,1.0,7,7,19,3,22,3,23.967,304.5,190.0,454.0,23.967,4.0,11.23,roster,0,113.0,90.0,1.5694,127.08,4.7816,0.9,0.6233,3.1389,77.22,19.1,40.2,10.56,11.35
2025-06-09 20:00:00,20,35,35,1.0,7.0,24.0,2.0,1.0,1.0,7,7,17,2,19,2,24.967,469.0,189.0,517.0,24.967,4.0,12.0,roster,0,110.0,87.5,1.3095,110.39,4.5833,0.875,0.5833,3.1429,75.08,16.5,26.8,12.02,12.925
2025-06-09 21:00:00,21,40,40,2.0,9.0,25.0,4.0,0.0,1.0,16,15,16,3,19,3,25.967,356.0,181.0,574.0,25.967,4.0,12.0,roster,0,129.0,100.0,1.5357,135.84,7.2562,1.0,1.25,3.225,85.8,16.5,40.2,13.35,14.35
2025-06-09 22:00:00,22,40,40,2.0,9.0,25.0,3.0,1.0,1.0,12,11,18,5,23,5,26.967,389.0,101.0,632.0,26.967,3.0,8.75,roster,0,128.0,100.0,2.5098,167.47,7.2229,1.0,1.2571,3.2,85.8,19.97,67.0,14.69,15.8
2025-06-09 23:00:00,23,36,36,2.0,7.0,21.0,5.0,1.0,1.0,6,5,20,4,24,4,27.967,305.5,146.0,692.0,27.967,3.0,8.75,roster,0,112.0,90.0,2.3333,147.75,4.5778,0.9,0.5714,3.1111,77.22,20.84,53.6,16.09,17.3
2025-06-10 00:00:00,0,36,36,2.0,7.0,23.0,2.0,2.0,1.0,5,5,20,4,24,4,28.967,365.5,206.0,752.0,28.967,3.0,8.75,roster,0,113.0,90.0,2.3542,149.14,4.6187,0.9,0.5714,3.1389,77.22,20.84,53.6,17.48,18.8
2025-06-10 01:00:00,1,31,31,2.0,7.0,20.0,2.0,0.0,1.0,1,1,22,4,26,4,29.967,381.0,244.0,792.0,29.967,3.0,8.75,roster,0,102.0,77.5,2.4286,141.08,2.926,0.775,0.1143,3.2903,66.5,22.58,53.6,18.41,19.8
2025-06-10 02:00:00,2,34,34,2.0,7.0,23.0,2.0,0.0,1.0,4,3,22,4,26,4,30.967,441.0,304.0,852.0,30.967,3.0,8.75,roster,0,111.0,85.0,2.6429,148.91,3.8943,0.85,0.3429,3.2647,72.93,22.58,53.6,19.81,21.3
2025-06-10 03:00:00,3,31,31,2.0,7.0,20.0,2.0,0.0,1.0,0,0,21,4,25,4,31.967,461.0,364.0,909.0,31.967,3.0,8.75,roster,0,102.0,77.5,2.2667,142.94,2.55,0.775,0.0,3.2903,66.5,21.71,53.6,21.13,22.725
2025-06-10 04:00:00,4,33,33,2.0,7.0,22.0,2.0,0.0,1.0,4,3,21,4,25,4,32.967,521.0,424.0,969.0,32.967,3.0,8.75,roster,0,108.0,82.5,2.4,148.62,3.8221,0.825,0.3429,3.2727,70.78,21.71,53.6,22.53,24.225
2025-06-10 05:00:00,5,35,35,2.0,7.0,24.0,2.0,0.0,1.0,4,4,21,4,25,4,33.967,581.0,484.0,1029.0,33.967,3.0,8.75,roster,0,114.0,87.5,2.5333,154.31,4.339,0.875,0.4571,3.2571,75.08,21.71,53.6,23.92,25.725
2025-06-10 06:00:00,6,33,33,2.0,7.0,22.0,2.0,0.0,1.0,2,1,21,4,25,4,34.967,641.0,544.0,1089.0,34.967,3.0,8.75,roster,0,108.0,82.5,2.4,151.41,3.074,0.825,0.1143,3.2727,70.78,21.71,53.6,25.32,27.225
2025-06-10 07:00:00,7,35,35,2.0,7.0,24.0,2.0,0.0,1.0,4,4,22,4,26,4,35.967,698.0,600.0,1149.0,35.967,3.0,8.75,roster,0,114.0,87.5,2.7143,157.97,4.339,0.875,0.4571,3.2571,75.08,22.58,53.6,26.71,28.725
2025-06-10 08:00:00,8,40,40,2.0,8.0,28.0,2.0,0.0,1.0,9,9,22,4,26,4,36.967,758.0,660.0,1209.0,36.967,3.0,6.8,roster,0,130.0,100.0,3.0952,170.09,7.5515,1.0,1.3235,3.25,85.8,22.58,53.6,28.11,30.225
2025-06-10 09:00:00,9,41,41,2.0,13.0,25.0,1.0,0.0,1.0,7,7,22,4,26,4,37.967,807.0,696.0,1269.0,37.967,3.0,6.8,roster,0,139.0,102.5,3.3095,173.63,6.965,1.025,1.0294,3.3902,87.94,22.58,53.6,29.5,31.725
2025-06-10 10:00:00,10,46,46,3.0,12.0,30.0,1.0,0.0,1.0,9,8,24,6,30,6,38.967,793.5,178.0,1109.0,38.967,4.0,10.5,roster,0,155.0,115.0,3.875,210.9,6.4423,1.15,0.7619,3.3696,98.67,26.05,80.4,25.78,27.725
2025-06-10 11:00:00,11,48,48,3.0,14.0,30.0,1.0,0.0,1.0,13,14,21,6,27,6,39.967,844.0,172.0,1169.0,39.967,4.0,10.5,roster,0,163.0,120.0,3.1346,213.98,8.6028,1.2,1.3333,3.3958,102.96,23.44,80.4,27.18,29.225
2025-06-10 12:00:00,12,52,52,3.0,14.0,34.0,1.0,0.0,1.0,13,13,23,6,29,6,40.967,854.0,202.0,995.0,40.967,4.0,10.5,roster,0,175.0,130.0,3.9773,220.25,8.5417,1.3,1.2381,3.3654,111.54,25.18,80.4,23.13,24.875
2025-06-10 13:00:00,13,56,56,3.0,14.0,37.0,2.0,0.0,1.0,8,8,23,7,30,7,41.967,672.0,253.0,1055.0,41.967,4.0,10.5,roster,0,186.0,140.0,4.65,244.5,7.1806,1.4,0.7619,3.3214,120.12,26.05,93.8,24.53,26.375
2025-06-10 14:00:00,14,56,56,3.0,14.0,34.0,5.0,0.0,1.0,12,12,23,8,31,8,42.967,340.0,189.0,1046.0,42.967,4.0,10.5,roster,0,183.0,140.0,5.0833,258.56,8.3097,1.4,1.1429,3.2679,120.12,26.92,107.2,24.32,26.15
2025-06-10 15:00:00,15,51,51,1.0,12.0,34.0,4.0,0.0,1.0,9,8,22,7,29,7,43.967,300.0,175.0,550.0,43.967,4.0,10.5,roster,0,163.0,127.5,3.7045,221.16,6.5101,1.275,0.7619,3.1961,109.39,25.18,93.8,12.79,13.75
2025-06-10 16:00:00,16,44,44,0.0,10.0,32.0,2.0,0.0,1.0,6,6,15,6,21,6,44.967,346.0,243.0,506.0,44.967,4.0,10.5,roster,0,140.0,110.0,1.8421,184.78,5.3182,1.1,0.5714,3.1818,94.38,18.23,80.4,11.76,12.65
2025-06-10 17:00:00,17,46,46,0.0,9.0,34.0,3.0,0.0,1.0,12,12,18,5,23,5,45.967,400.0,272.0,566.0,45.967,4.0,10.5,roster,0,144.0,115.0,2.1176,178.8,7.1776,1.15,1.1429,3.1304,98.67,19.97,67.0,13.16,14.15
2025-06-10 18:00:00,18,42,42,1.0,8.0,32.0,1.0,0.0,1.0,5,4,20,5,25,5,46.967,442.0,309.0,592.0,46.967,4.0,10.5,roster,0,135.0,105.0,2.25,172.56,4.5995,1.05,0.381,3.2143,90.09,21.71,67.0,13.76,14.8
2025-06-10 19:00:00,19,44,44,1.0,10.0,32.0,1.0,0.0,1.0,8,8,18,6,24,6,47.967,482.5,286.0,652.0,47.967,4.0,10.5,roster,0,143.0,110.0,2.2344,190.78,6.0512,1.1,0.7619,3.25,94.38,20.84,80.4,15.16,16.3
2025-06-10 20:00:00,20,48,48,1.0,9.0,37.0,1.0,0.0,1.0,10,10,18,6,24,6,48.967,509.5,259.0,682.0,48.967,4.0,11.99,roster,0,154.0,120.0,2.4062,200.06,6.5258,1.2,0.834,3.2083,102.96,20.84,80.4,15.86,17.05
2025-06-10 21:00:00,21,41,41,1.0,8.0,32.0,0.0,0.0,1.0,9,8,18,5,23,5,24.433,543.0,286.0,733.0,24.433,4.0,11.99,roster,0,133.0,102.5,1.9559,171.96,5.4894,1.025,0.6672,3.2439,87.94,19.97,67.0,17.04,18.325
2025-06-10 22:00:00,22,43,43,1.0,11.0,31.0,0.0,0.0,1.0,12,7,20,5,25,5,25.383,549.0,191.0,700.0,25.383,3.0,8.29,roster,0,142.0,107.5,3.1556,177.22,6.3385,1.075,0.8444,3.3023,92.24,21.71,67.0,16.28,17.5
2025-06-10 23:00:00,23,43,43,1.0,10.0,30.0,2.0,0.0,1.0,10,9,21,5,26,5,26.383,524.0,221.0,760.0,26.383,3.0,8.29,roster,0,139.0,107.5,3.3095,179.48,6.9844,1.075,1.0856,3.2326,92.24,22.58,67.0,17.67,19.0
2025-06-11 00:00:00,0,32,32,1.0,7.0,24.0,0.0,0.0,1.0,1,1,21,5,26,5,27.383,584.0,281.0,820.0,27.383,3.0,8.29,roster,0,105.0,80.0,2.5,157.28,3.0208,0.8,0.1206,3.2812,68.64,22.58,67.0,19.07,20.5
2025-06-11 01:00:00,1,35,35,1.0,7.0,27.0,0.0,0.0,1.0,4,4,21,5,26,5,28.383,644.0,341.0,880.0,28.383,3.0,8.29,roster,0,114.0,87.5,2.7143,165.11,4.4216,0.875,0.4825,3.2571,75.08,22.58,67.0,20.46,22.0
2025-06-11 02:00:00,2,32,32,1.0,7.0,24.0,0.0,0.0,1.0,1,1,21,5,26,5,29.383,704.0,401.0,940.0,29.383,3.0,8.29,roster,0,105.0,80.0,2.5,160.07,3.0208,0.8,0.1206,3.2812,68.64,22.58,67.0,21.86,23.5
2025-06-11 03:00:00,3,33,33,1.0,8.0,24.0,0.0,0.0,1.0,2,2,22,5,27,5,30.383,679.0,402.0,1000.0,30.383,3.0,8.29,roster,0,109.0,82.5,2.7949,164.48,3.5219,0.825,0.2413,3.303,70.78,23.44,67.0,23.25,25.0
2025-06-11 04:00:00,4,34,34,1.0,8.0,25.0,0.0,0.0,1.0,2,1,22,5,27,5,31.383,739.0,462.0,1060.0,31.383,3.0,8.29,roster,0,112.0,85.0,2.8718,168.02,3.1974,0.85,0.1206,3.2941,72.93,23.44,67.0,24.64,26.5
2025-06-11 05:00:00,5,36,36,1.0,8.0,27.0,0.0,0.0,1.0,3,3,21,5,26,5,32.383,876.5,522.0,1120.0,32.383,3.0,8.29,roster,0,118.0,90.0,2.8095,172.84,4.1362,0.9,0.3619,3.2778,77.22,22.58,67.0,26.04,28.0
2025-06-11 06:00:00,6,38,38,1.0,9.0,28.0,0.0,0.0,1.0,3,3,21,5,26,5,33.383,936.5,582.0,1180.0,33.383,3.0,8.29,roster,0,125.0,95.0,2.9762,178.52,4.3154,0.95,0.3619,3.2895,81.51,22.58,67.0,27.44,29.5
2025-06-11 07:00:00,7,36,36,1.0,8.0,27.0,0.0,0.0,1.0,1,1,23,4,27,4,34.383,886.0,624.0,1222.0,34.383,3.0,8.29,roster,0,118.0,90.0,3.0256,162.68,3.3454,0.9,0.1206,3.2778,77.22,23.44,53.6,28.41,30.55
2025-06-11 08:00:00,8,41,41,1.0,8.0,30.0,2.0,0.0,1.0,6,6,22,4,26,4,35.383,955.0,684.0,1282.0,35.383,3.0,6.78,roster,0,131.0,102.5,3.119,173.93,6.1025,1.025,0.885,3.1951,87.94,22.58,53.6,29.81,32.05
2025-06-11 09:00:00,9,41,41,1.0,10.0,28.0,2.0,0.0,1.0,5,5,21,4,25,4,36.383,1006.0,721.0,1316.0,36.383,3.0,6.78,roster,0,133.0,102.5,2.9556,173.85,5.7173,1.025,0.7375,3.2439,87.94,21.71,53.6,30.6,32.9
2025-06-11 10:00:00,10,45,45,1.0,14.0,30.0,0.0,0.0,1.0,9,9,24,4,28,4,37.383,1016.5,713.0,1376.0,37.383,4.0,10.48,roster,0,151.0,112.5,3.1458,186.43,6.6567,1.125,0.8588,3.3556,96.52,24.31,53.6,31.99,34.4
2025-06-11 11:00:00,11,50,50,1.0,15.0,33.0,1.0,0.0,1.0,12,11,22,5,27,5,38.383,882.0,311.0,1383.0,38.383,4.0,10.48,roster,0,166.0,125.0,3.1923,209.85,7.6347,1.25,1.0496,3.32,107.25,23.44,67.0,32.15,34.575
2025-06-11 12:00:00,12,49,49,2.0,15.0,31.0,1.0,0.0,1.0,8,8,23,5,28,5,39.383,912.5,211.0,1443.0,39.383,4.0,10.48,roster,0,165.0,122.5,3.4375,209.97,6.6955,1.225,0.7634,3.3673,105.1,24.31,67.0,33.55,36.075
2025-06-11 13:00:00,13,51,51,3.0,17.0,28.0,3.0,0.0,1.0,12,11,23,5,28,5,40.383,918.5,210.0,1264.0,40.383,4.0,10.48,roster,0,173.0,127.5,3.6042,210.1,7.8855,1.275,1.0496,3.3922,109.39,24.31,67.0,29.39,31.6
2025-06-11 14:00:00,14,49,49,3.0,15.0,30.0,1.0,0.0,1.0,4,4,25,5,30,5,41.383,434.5,213.0,1224.0,41.383,4.0,10.48,roster,0,167.0,122.5,4.175,206.61,5.4758,1.225,0.3817,3.4082,105.1,26.05,67.0,28.46,30.6
2025-06-11 15:00:00,15,45,45,3.0,16.0,25.0,1.0,0.0,1.0,4,4,27,4,31,4,30.367,391.0,218.0,1211.0,30.367,4.0,10.48,roster,0,156.0,112.5,4.3333,185.2,5.2232,1.125,0.3817,3.4667,96.52,26.92,53.6,28.16,30.275
2025-06-11 16:00:00,16,49,49,3.0,16.0,29.0,1.0,0.0,1.0,7,7,29,4,33,4,31.367,390.0,234.0,1164.0,31.367,4.0,10.48,roster,0,168.0,122.5,6.0,194.42,6.4901,1.225,0.6679,3.4286,105.1,28.65,53.6,27.06,29.1
2025-06-11 17:00:00,17,50,50,3.0,16.0,30.0,1.0,0.0,1.0,8,9,30,4,34,4,32.367,440.5,288.0,1224.0,32.367,4.0,10.48,roster,0,171.0,125.0,7.125,198.83,7.212,1.25,0.8588,3.42,107.25,29.52,53.6,28.46,30.6
2025-06-11 18:00:00,18,58,58,3.0,16.0,39.0,0.0,0.0,1.0,12,12,33,4,37,4,33.367,464.0,276.0,1261.0,33.367,4.0,10.48,roster,0,196.0,145.0,16.3333,219.46,8.7694,1.45,1.145,3.3793,124.41,32.13,53.6,29.32,31.525
2025-06-11 19:00:00,19,47,47,2.0,16.0,29.0,0.0,0.0,1.0,5,4,31,4,35,4,34.367,478.0,295.0,1344.0,34.367,4.0,10.48,roster,0,161.0,117.5,8.05,196.05,5.3325,1.175,0.3817,3.4255,100.82,30.39,53.6,31.25,33.6
2025-06-11 20:00:00,20,41,41,3.0,14.0,24.0,0.0,0.0,1.0,6,6,24,4,28,4,35.367,578.5,396.0,1511.0,35.367,4.0,11.72,roster,0,143.0,102.5,2.9792,180.99,5.3606,1.025,0.5119,3.4878,87.94,24.31,53.6,35.13,37.775
2025-06-11 21:00:00,21,49,49,5.0,12.0,31.0,1.0,0.0,1.0,16,15,23,3,26,3,36.367,638.5,456.0,1482.0,36.367,4.0,11.72,roster,0,168.0,122.5,3.0,182.34,8.5881,1.225,1.2799,3.4286,105.1,22.58,40.2,34.46,37.05
2025-06-11 22:00:00,22,51,51,6.0,11.0,32.0,2.0,0.0,1.0,14,14,25,3,28,3,37.367,675.5,309.0,1542.0,37.367,3.0,8.02,roster,0,174.0,127.5,4.8333,189.76,10.3057,1.275,1.7456,3.4118,109.39,24.31,40.2,35.85,38.55
2025-06-11 23:00:00,23,51,51,6.0,10.0,32.0,3.0,0.0,1.0,7,8,26,4,30,4,38.367,676.0,255.0,1584.0,38.367,3.0,8.02,roster,0,172.0,127.5,5.7333,205.87,7.6641,1.275,0.9975,3.3725,109.39,26.05,53.6,36.83,39.6
2025-06-12 00:00:00,0,50,50,6.0,10.0,32.0,2.0,0.0,1.0,11,11,26,4,30,4,39.367,736.0,315.0,1644.0,39.367,3.0,8.02,roster,0,170.0,125.0,5.6667,205.12,8.9133,1.25,1.3716,3.4,107.25,26.05,53.6,38.22,41.1
2025-06-12 01:00:00,1,52,52,6.0,9.0,33.0,4.0,0.0,1.0,7,7,29,4,33,4,40.367,726.0,285.0,1681.0,40.367,3.0,8.02,roster,0,173.0,130.0,8.2381,212.88,7.2288,1.3,0.8728,3.3269,111.54,28.65,53.6,39.08,42.025
2025-06-12 02:00:00,2,47,47,6.0,9.0,28.0,4.0,0.0,1.0,2,1,30,4,34,4,41.367,771.0,327.0,1741.0,41.367,3.0,8.02,roster,0,158.0,117.5,8.7778,204.42,4.3692,1.175,0.1247,3.3617,100.82,29.52,53.6,40.48,43.525
2025-06-12 03:00:00,3,43,43,6.0,9.0,25.0,3.0,0.0,1.0,1,1,31,3,34,3,42.367,797.5,384.0,1801.0,42.367,3.0,8.02,roster,0,147.0,107.5,8.1667,183.83,4.1013,1.075,0.1247,3.4186,92.24,29.52,40.2,41.87,45.025
2025-06-12 04:00:00,4,44,44,6.0,9.0,26.0,3.0,0.0,1.0,3,3,30,3,33,3,43.367,876.0,447.0,1861.0,43.367,3.0,8.02,roster,0,150.0,110.0,7.1429,186.5,5.0252,1.1,0.3741,3.4091,94.38,28.65,40.2,43.27,46.525
2025-06-12 05:00:00,5,46,46,6.0,9.0,27.0,4.0,0.0,1.0,2,2,31,3,34,3,44.367,917.5,504.0,1921.0,44.367,3.0,8.02,roster,0,155.0,115.0,8.6111,193.06,4.7153,1.15,0.2494,3.3696,98.67,29.52,40.2,44.66,48.025
2025-06-12 06:00:00,6,47,47,5.0,10.0,27.0,5.0,0.0,1.0,4,4,31,3,34,3,45.367,977.5,564.0,1981.0,45.367,3.0,8.02,roster,0,156.0,117.5,8.6667,196.6,5.5554,1.175,0.4988,3.3191,100.82,29.52,40.2,46.06,49.525
2025-06-12 07:00:00,7,45,45,5.0,10.0,26.0,4.0,0.0,1.0,3,3,30,4,34,4,46.367,1037.5,624.0,2041.0,46.367,3.0,8.02,roster,0,151.0,112.5,8.3889,207.1,5.0302,1.125,0.3741,3.3556,96.52,29.52,53.6,47.45,51.025
2025-06-12 08:00:00,8,42,42,5.0,10.0,24.0,3.0,0.0,1.0,2,2,29,4,33,4,47.367,1116.0,687.0,2101.0,47.367,3.0,6.41,roster,0,143.0,105.0,6.8095,201.19,4.6373,1.05,0.312,3.4048,90.09,28.65,53.6,48.85,52.525
2025-06-12 09:00:00,9,44,44,5.0,10.0,26.0,3.0,0.0,1.0,7,7,27,4,31,4,48.367,1176.0,744.0,2184.0,48.367,3.0,6.41,roster,0,149.0,110.0,5.5185,205.68,7.4231,1.1,1.092,3.3864,94.38,26.92,53.6,50.78,54.6
2025-06-12 10:00:00,10,45,45,6.0,11.0,26.0,2.0,0.0,1.0,6,7,26,4,30,4,49.367,1251.0,804.0,2244.0,49.367,4.0,9.66,roster,0,156.0,112.5,3.9,208.35,6.4121,1.125,0.7246,3.4667,96.52,26.05,53.6,52.17,56.1
2025-06-12 11:00:00,11,42,42,6.0,11.0,23.0,2.0,0.0,1.0,3,3,26,4,30,4,50.367,1174.0,823.0,1591.0,50.367,4.0,9.66,roster,0,147.0,105.0,3.675,186.73,4.762,1.05,0.3106,3.5,90.09,26.05,53.6,36.99,39.775
2025-06-12 12:00:00,12,39,39,6.0,12.0,19.0,2.0,0.0,1.0,6,5,24,3,27,3,49.767,989.0,629.0,1533.0,49.767,4.0,9.66,roster,0,139.0,97.5,2.6731,162.94,5.3198,0.975,0.5176,3.5641,83.66,23.44,40.2,35.64,38.325
2025-06-12 13:00:00,13,46,46,9.0,10.0,26.0,1.0,0.0,1.0,13,13,23,3,26,3,44.283,967.0,208.0,1416.0,42.183,4.0,9.66,roster,0,165.0,115.0,2.9464,174.37,8.9522,1.15,1.3458,3.587,98.67,22.58,40.2,32.92,35.4
2025-06-12 14:00:00,14,50,50,8.0,8.0,31.0,2.0,1.0,1.0,13,13,21,3,24,3,45.283,784.0,199.0,1109.0,27.733,4.0,9.66,roster,0,170.0,125.0,2.6562,174.07,8.8256,1.25,1.3458,3.4,107.25,20.84,40.2,25.78,27.725
2025-06-12 15:00:00,15,49,49,8.0,9.0,29.0,2.0,1.0,1.0,7,7,19,3,22,3,46.283,350.5,194.0,1107.0,28.733,4.0,9.66,roster,0,168.0,122.5,2.3333,170.15,6.6845,1.225,0.7246,3.4286,105.1,19.1,40.2,25.74,27.675
2025-06-12 16:00:00,16,47,47,5.0,10.0,28.0,3.0,1.0,1.0,7,7,18,2,20,2,27.1,351.5,225.0,1164.0,27.1,4.0,9.66,roster,0,156.0,117.5,1.95,152.04,6.3052,1.175,0.7246,3.3191,100.82,17.37,26.8,27.06,29.1
2025-06-12 17:00:00,17,43,43,5.0,10.0,23.0,4.0,1.0,1.0,7,6,17,2,19,2,28.1,444.0,274.0,1224.0,28.1,4.0,9.66,roster,0,143.0,107.5,1.7024,143.99,5.6406,1.075,0.6211,3.3256,92.24,16.5,26.8,28.46,30.6
2025-06-12 18:00:00,18,47,47,5.0,13.0,23.0,6.0,0.0,1.0,11,11,20,2,22,2,29.1,414.0,199.0,1250.0,29.1,4.0,9.66,roster,0,158.0,117.5,2.1944,155.78,7.778,1.175,1.1387,3.3617,100.82,19.1,26.8,29.06,31.25
2025-06-12 19:00:00,19,54,54,5.0,14.0,29.0,6.0,0.0,1.0,14,14,25,2,27,2,30.1,405.0,135.0,1119.0,30.1,4.0,9.66,roster,0,180.0,135.0,3.4615,172.09,9.3309,1.35,1.4493,3.3333,115.83,23.44,26.8,26.02,27.975
2025-06-12 20:00:00,20,52,52,4.0,13.0,28.0,7.0,0.0,1.0,8,9,25,3,28,3,31.1,311.0,147.0,663.0,31.1,4.0,10.58,roster,0,170.0,130.0,3.5417,171.47,7.031,1.3,0.8507,3.2692,111.54,24.31,40.2,15.41,16.575
2025-06-12 21:00:00,21,49,49,3.0,13.0,26.0,7.0,0.0,1.0,5,5,27,2,29,2,32.1,335.0,185.0,688.0,32.1,4.0,10.58,roster,0,159.0,122.5,3.6136,153.08,5.5085,1.225,0.4726,3.2449,105.1,25.18,26.8,16.0,17.2
2025-06-12 22:00:00,22,41,41,2.0,13.0,23.0,3.0,0.0,1.0,8,7,23,2,25,2,29.15,317.0,237.0,748.0,29.15,3.0,7.33,roster,0,137.0,102.5,3.0444,133.84,6.616,1.025,0.955,3.3415,87.94,21.71,26.8,17.39,18.7
2025-06-12 23:00:00,23,37,37,2.0,13.0,19.0,3.0,0.0,1.0,8,6,24,1,25,1,30.15,377.0,297.0,808.0,30.15,3.0,7.33,roster,0,125.0,92.5,2.7778,113.26,5.8904,0.925,0.8186,3.3784,79.36,21.71,13.4,18.79,20.2
2025-06-13 00:00:00,0,36,36,2.0,12.0,18.0,4.0,0.0,1.0,8,6,24,1,25,1,31.15,437.0,357.0,868.0,31.15,3.0,7.33,roster,0,120.0,90.0,2.6667,112.51,5.7285,0.9,0.8186,3.3333,77.22,21.71,13.4,20.18,21.7
2025-06-13 01:00:00,1,37,37,2.0,12.0,18.0,5.0,0.0,1.0,4,3,24,1,25,1,32.15,497.0,417.0,928.0,32.15,3.0,7.33,roster,0,122.0,92.5,2.7111,116.05,4.3995,0.925,0.4093,3.2973,79.36,21.71,13.4,21.58,23.2
2025-06-13 02:00:00,2,35,35,2.0,12.0,16.0,5.0,0.0,1.0,1,1,25,1,26,1,33.15,546.0,474.0,988.0,33.15,3.0,7.33,roster,0,116.0,87.5,2.7619,114.02,3.3522,0.875,0.1364,3.3143,75.08,22.58,13.4,22.97,24.7
2025-06-13 03:00:00,3,36,36,2.0,13.0,16.0,5.0,0.0,1.0,4,4,25,1,26,1,34.15,606.0,534.0,1048.0,34.15,3.0,7.33,roster,0,120.0,90.0,2.8571,117.56,4.819,0.9,0.5457,3.3333,77.22,22.58,13.4,24.37,26.2
2025-06-13 04:00:00,4,35,35,2.0,13.0,16.0,4.0,0.0,1.0,1,1,25,2,27,2,35.15,655.0,561.0,1108.0,35.15,3.0,7.33,roster,0,118.0,87.5,3.0256,131.08,3.4099,0.875,0.1364,3.3714,75.08,23.44,26.8,25.76,27.7
2025-06-13 05:00:00,5,34,34,2.0,12.0,16.0,4.0,0.0,1.0,0,0,25,2,27,2,36.15,715.0,621.0,1168.0,36.15,3.0,7.33,roster,0,114.0,85.0,2.9231,130.33,2.85,0.85,0.0,3.3529,72.93,23.44,26.8,27.16,29.2
2025-06-13 06:00:00,6,35,35,2.0,11.0,18.0,4.0,0.0,1.0,2,2,25,2,27,2,37.15,775.0,681.0,1228.0,37.15,3.0,7.33,roster,0,116.0,87.5,2.9744,133.87,3.8043,0.875,0.2729,3.3143,75.08,23.44,26.8,28.55,30.7
2025-06-13 07:00:00,7,36,36,2.0,11.0,19.0,4.0,0.0,1.0,3,3,25,1,26,1,38.15,846.0,774.0,1288.0,38.15,3.0,7.33,roster,0,119.0,90.0,2.8333,123.14,4.3279,0.9,0.4093,3.3056,77.22,22.58,13.4,29.95,32.2
2025-06-13 08:00:00,8,36,36,2.0,11.0,19.0,4.0,0.0,1.0,3,3,25,1,26,1,39.15,906.0,834.0,1348.0,39.15,3.0,6.66,roster,0,119.0,90.0,2.8333,124.54,4.464,0.9,0.4505,3.3056,77.22,22.58,13.4,31.34,33.7
2025-06-13 09:00:00,9,49,49,3.0,12.0,29.0,5.0,0.0,1.0,14,14,26,1,27,1,40.15,935.0,819.0,1408.0,40.15,3.0,6.66,roster,0,160.0,122.5,4.1026,154.69,10.864,1.225,2.1021,3.2653,105.1,23.44,13.4,32.74,35.2
2025-06-13 10:00:00,10,51,51,3.0,11.0,32.0,5.0,0.0,1.0,11,11,26,1,27,1,41.15,979.0,585.0,1294.0,41.15,4.0,9.99,roster,0,165.0,127.5,3.1731,156.32,7.6874,1.275,1.1011,3.2353,109.39,23.44,13.4,30.09,32.35
2025-06-13 11:00:00,11,51,51,4.0,12.0,31.0,4.0,0.0,1.0,10,10,23,1,24,1,42.15,950.0,179.0,1219.0,42.15,4.0,9.99,roster,0,169.0,127.5,2.6406,151.98,7.542,1.275,1.001,3.3137,109.39,20.84,13.4,28.34,30.475
2025-06-13 12:00:00,12,53,53,4.0,16.0,31.0,2.0,0.0,1.0,9,9,24,2,26,2,43.15,970.0,184.0,1263.0,43.15,4.0,9.99,roster,0,181.0,132.5,3.2321,172.43,7.6017,1.325,0.9009,3.4151,113.68,22.58,26.8,29.36,31.575
2025-06-13 13:00:00,13,54,54,4.0,13.0,34.0,3.0,0.0,1.0,10,10,23,1,24,1,44.15,315.5,202.0,1195.0,44.15,4.0,9.99,roster,0,180.0,135.0,2.8125,157.85,7.8367,1.35,1.001,3.3333,115.83,20.84,13.4,27.78,29.875
2025-06-13 14:00:00,14,49,49,3.0,14.0,30.0,2.0,0.0,1.0,8,8,22,1,23,1,45.15,288.0,169.0,1099.0,45.15,4.0,9.99,roster,0,165.0,122.5,2.4265,144.03,6.8216,1.225,0.8008,3.3673,105.1,19.97,13.4,25.55,27.475
2025-06-13 15:00:00,15,44,44,3.0,12.0,26.0,3.0,0.0,1.0,9,9,23,0,23,0,29.467,283.0,164.0,433.0,29.467,4.0,9.99,roster,0,147.0,110.0,2.1618,104.42,6.6848,1.1,0.9009,3.3409,94.38,19.97,0.0,10.07,10.825
2025-06-13 16:00:00,16,43,43,2.0,11.0,28.0,2.0,0.0,1.0,11,12,22,0,22,0,30.467,234.5,154.0,452.0,30.467,4.0,9.99,roster,0,142.0,107.5,1.9722,101.85,7.5168,1.075,1.2012,3.3023,92.24,19.1,0.0,10.51,11.3
2025-06-13 17:00:00,17,45,45,2.0,13.0,29.0,1.0,0.0,1.0,8,8,23,0,23,0,31.467,292.0,168.0,512.0,31.467,4.0,9.99,roster,0,151.0,112.5,2.2206,108.4,6.4621,1.125,0.8008,3.3556,96.52,19.97,0.0,11.9,12.8
2025-06-13 18:00:00,18,49,49,2.0,13.0,33.0,1.0,0.0,1.0,11,11,26,0,26,0,32.467,315.5,215.0,544.0,32.467,4.0,9.99,roster,0,163.0,122.5,2.9107,120.33,7.7378,1.225,1.1011,3.3265,105.1,22.58,0.0,12.65,13.6
2025-06-13 19:00:00,19,42,42,2.0,13.0,26.0,1.0,0.0,1.0,7,7,26,0,26,0,25.917,342.5,259.0,562.0,25.917,4.0,9.99,roster,0,142.0,105.0,2.5357,105.73,5.919,1.05,0.7007,3.381,90.09,22.58,0.0,13.07,14.05
2025-06-13 20:00:00,20,41,41,2.0,11.0,27.0,1.0,0.0,1.0,6,5,26,0,26,0,26.917,402.5,263.0,622.0,26.917,4.0,10.97,roster,0,137.0,102.5,2.4464,104.98,4.948,1.025,0.4558,3.3415,87.94,22.58,0.0,14.46,15.55
2025-06-13 21:00:00,21,51,51,2.0,11.0,33.0,5.0,0.0,1.0,17,15,26,0,26,0,27.917,456.0,265.0,589.0,27.917,4.0,10.97,roster,0,163.0,127.5,2.9107,125.67,8.4452,1.275,1.3674,3.1961,109.39,22.58,0.0,13.69,14.725
2025-06-13 22:00:00,22,47,47,2.0,11.0,32.0,2.0,0.0,1.0,10,10,26,0,26,0,28.917,491.0,319.0,607.0,28.917,3.0,7.64,roster,0,154.0,117.5,3.6667,117.5,8.1387,1.175,1.3089,3.2766,100.82,22.58,0.0,14.11,15.175
2025-06-13 23:00:00,23,42,42,2.0,11.0,27.0,2.0,0.0,1.0,7,6,26,0,26,0,29.917,551.0,379.0,667.0,29.917,3.0,7.64,roster,0,139.0,105.0,3.3095,108.17,6.0741,1.05,0.7853,3.3095,90.09,22.58,0.0,15.51,16.675
2025-06-14 00:00:00,0,43,43,2.0,13.0,25.0,3.0,0.0,1.0,8,6,28,0,28,0,30.917,586.0,427.0,727.0,30.917,3.0,7.64,roster,0,143.0,107.5,3.9722,113.45,6.1867,1.075,0.7853,3.3256,92.24,24.31,0.0,16.9,18.175
2025-06-14 01:00:00,1,37,37,2.0,12.0,21.0,2.0,0.0,1.0,2,1,29,1,30,1,31.917,639.5,396.0,777.0,31.917,3.0,7.64,roster,0,125.0,92.5,4.1667,116.88,3.5672,0.925,0.1309,3.3784,79.36,26.05,13.4,18.07,19.425
2025-06-14 02:00:00,2,36,36,2.0,12.0,20.0,2.0,0.0,1.0,3,3,29,0,29,0,32.917,704.0,480.0,837.0,32.917,3.0,7.64,roster,0,122.0,90.0,3.697,101.86,4.3807,0.9,0.3927,3.3889,77.22,25.18,0.0,19.46,20.925
2025-06-14 03:00:00,3,38,38,2.0,13.0,21.0,2.0,0.0,1.0,3,3,30,0,30,0,33.917,759.5,516.0,897.0,33.917,3.0,7.64,roster,0,129.0,95.0,4.3,108.41,4.558,0.95,0.3927,3.3947,81.51,26.05,0.0,20.86,22.425
2025-06-14 04:00:00,4,40,40,2.0,14.0,22.0,2.0,0.0,1.0,4,3,29,0,29,0,34.917,824.0,600.0,957.0,34.917,3.0,7.64,roster,0,136.0,100.0,4.1212,113.23,4.7351,1.0,0.3927,3.4,85.8,25.18,0.0,22.25,23.925
2025-06-14 05:00:00,5,43,43,2.0,14.0,25.0,2.0,0.0,1.0,5,5,28,0,28,0,35.917,886.0,727.0,1027.0,35.917,3.0,7.64,roster,0,145.0,107.5,4.0278,120.43,5.8319,1.075,0.6545,3.3721,92.24,24.31,0.0,23.88,25.675
2025-06-14 06:00:00,6,40,40,2.0,15.0,21.0,2.0,0.0,1.0,2,2,28,1,29,1,36.917,944.0,720.0,1077.0,36.917,3.0,7.64,roster,0,137.0,100.0,4.1515,129.42,4.3216,1.0,0.2618,3.425,85.8,25.18,13.4,25.04,26.925
2025-06-14 07:00:00,7,35,35,2.0,14.0,17.0,2.0,0.0,1.0,1,1,27,1,28,1,37.917,999.5,780.0,1137.0,37.917,3.0,7.64,roster,0,121.0,87.5,3.3611,119.22,3.4775,0.875,0.1309,3.4571,75.08,24.31,13.4,26.44,28.425
2025-06-14 08:00:00,8,35,35,2.0,13.0,18.0,2.0,0.0,1.0,2,2,27,1,28,1,38.917,1059.5,840.0,1197.0,38.917,3.0,6.35,roster,0,120.0,87.5,3.3333,120.62,4.0799,0.875,0.315,3.4286,75.08,24.31,13.4,27.83,29.925
2025-06-14 09:00:00,9,43,43,2.0,13.0,25.0,2.0,1.0,1.0,12,10,27,1,28,1,39.917,1119.5,900.0,1257.0,39.917,3.0,6.35,roster,0,142.0,107.5,3.9444,139.17,8.7505,1.075,1.5748,3.3023,92.24,24.31,13.4,29.23,31.425
2025-06-14 10:00:00,10,43,43,2.0,13.0,22.0,4.0,2.0,1.0,7,7,27,1,28,1,40.917,1074.0,850.0,1312.0,40.917,4.0,9.67,roster,0,138.0,107.5,2.875,140.45,5.7732,1.075,0.7239,3.2093,92.24,24.31,13.4,30.5,32.8
2025-06-14 11:00:00,11,41,41,3.0,11.0,25.0,1.0,1.0,1.0,8,8,24,1,25,1,41.917,1105.0,876.0,1364.0,41.917,4.0,9.67,roster,0,137.0,102.5,2.2833,134.77,6.1894,1.025,0.8273,3.3415,87.94,21.71,13.4,31.71,34.1
2025-06-14 12:00:00,12,44,44,3.0,9.0,27.0,4.0,1.0,1.0,15,14,20,1,21,1,42.917,1056.0,728.0,1304.0,42.917,4.0,9.67,roster,0,141.0,110.0,1.8553,136.33,8.1645,1.1,1.4478,3.2045,94.38,18.23,13.4,30.32,32.6
2025-06-14 13:00:00,13,36,36,3.0,5.0,25.0,3.0,0.0,1.0,8,7,13,0,13,0,43.633,996.0,170.0,1219.0,24.95,4.0,9.67,roster,0,116.0,90.0,1.0741,96.85,5.2325,0.9,0.7239,3.2222,77.22,11.29,0.0,28.34,30.475
2025-06-14 14:00:00,14,37,37,2.0,4.0,29.0,2.0,0.0,1.0,10,10,13,0,13,0,25.95,230.0,167.0,1056.0,25.95,4.0,9.67,roster,0,117.0,92.5,1.0833,95.2,6.1951,0.925,1.0341,3.1622,79.36,11.29,0.0,24.55,26.4
2025-06-14 15:00:00,15,37,37,1.0,3.0,31.0,2.0,0.0,1.0,11,9,11,0,11,0,23.95,257.0,151.0,1116.0,21.0,4.0,9.67,roster,0,114.0,92.5,0.9828,94.86,5.7176,0.925,0.9307,3.0811,79.36,9.55,0.0,25.95,27.9
2025-06-14 16:00:00,16,27,27,1.0,2.0,21.0,2.0,1.0,1.0,3,3,9,0,9,0,24.95,217.0,132.0,437.0,22.0,4.0,9.67,roster,0,81.0,67.5,0.6532,55.89,2.9557,0.675,0.3102,3.0,57.92,7.81,0.0,10.16,10.925
2025-06-14 17:00:00,17,25,25,0.0,3.0,21.0,0.0,1.0,1.0,13,11,7,0,7,0,23.0,277.0,177.0,1236.0,23.0,4.0,9.67,roster,0,76.0,62.5,0.5758,68.44,5.3581,0.625,1.1375,3.04,53.62,6.08,0.0,28.74,30.9
2025-06-14 18:00:00,18,30,30,0.0,7.0,22.0,0.0,1.0,1.0,13,12,9,0,9,0,24.0,305.0,214.0,557.0,24.0,4.0,9.67,roster,0,95.0,75.0,0.7661,65.12,6.3047,0.75,1.241,3.1667,64.35,7.81,0.0,12.95,13.925
2025-06-14 19:00:00,19,32,32,0.0,7.0,24.0,0.0,1.0,1.0,9,8,10,1,11,1,25.0,297.0,149.0,617.0,25.0,4.0,9.67,roster,0,101.0,80.0,0.8707,85.94,5.1362,0.8,0.8273,3.1562,68.64,9.55,13.4,14.35,15.425
2025-06-14 20:00:00,20,32,32,0.0,11.0,20.0,0.0,1.0,1.0,8,7,12,1,13,1,23.6,227.0,168.0,425.0,23.6,4.0,11.51,roster,0,105.0,80.0,0.9722,83.21,4.6205,0.8,0.6082,3.2812,68.64,11.29,13.4,9.88,10.625
2025-06-14 21:00:00,21,34,34,0.0,9.0,24.0,0.0,1.0,1.0,8,8,11,1,12,1,24.6,340.5,238.0,517.0,24.6,4.0,11.51,roster,0,109.0,85.0,0.9732,88.77,4.9532,0.85,0.695,3.2059,72.93,10.42,13.4,12.02,12.925
2025-06-14 22:00:00,22,33,33,0.0,7.0,25.0,0.0,1.0,1.0,9,8,12,1,13,1,25.6,298.0,193.0,545.0,25.6,3.0,8.19,roster,0,104.0,82.5,1.284,88.14,5.6784,0.825,0.9768,3.1515,70.78,11.29,13.4,12.67,13.625
2025-06-14 23:00:00,23,25,25,0.0,5.0,19.0,0.0,1.0,1.0,6,4,10,0,10,0,26.6,460.5,288.0,637.0,26.6,3.0,8.19,roster,0,78.0,62.5,0.8667,57.12,3.4738,0.625,0.4884,3.12,53.62,8.68,0.0,14.81,15.925
2025-06-15 00:00:00,0,17,17,1.0,5.0,10.0,0.0,1.0,1.0,3,2,10,0,10,0,27.6,520.5,348.0,697.0,27.6,3.0,8.19,roster,0,56.0,42.5,0.6222,41.35,2.2044,0.425,0.2442,3.2941,36.46,8.68,0.0,16.21,17.425
2025-06-15 01:00:00,1,20,20,1.0,5.0,13.0,0.0,1.0,1.0,6,5,9,1,10,1,28.6,580.5,293.0,757.0,28.6,3.0,8.19,roster,0,65.0,50.0,0.7222,62.58,3.6091,0.5,0.6105,3.25,42.9,8.68,13.4,17.6,18.925
2025-06-15 02:00:00,2,21,21,1.0,6.0,12.0,1.0,1.0,1.0,5,5,10,1,11,1,29.6,587.0,339.0,817.0,29.6,3.0,8.19,roster,0,68.0,52.5,0.7816,66.99,3.6769,0.525,0.6105,3.2381,45.04,9.55,13.4,19.0,20.425
2025-06-15 03:00:00,3,23,23,1.0,6.0,14.0,1.0,1.0,1.0,4,5,12,1,13,1,30.6,528.0,183.0,845.0,30.6,3.0,8.19,roster,0,74.0,57.5,0.9136,73.67,3.8142,0.575,0.6105,3.2174,49.33,11.29,13.4,19.65,21.125
2025-06-15 04:00:00,4,23,23,0.0,7.0,14.0,1.0,1.0,1.0,6,6,12,0,12,0,31.6,647.5,226.0,937.0,31.6,3.0,8.19,roster,0,73.0,57.5,0.869,61.54,4.1502,0.575,0.7326,3.1739,49.33,10.42,0.0,21.79,23.425
2025-06-15 05:00:00,5,22,22,0.0,8.0,12.0,1.0,1.0,1.0,3,3,14,0,14,0,32.6,583.5,180.0,965.0,32.6,3.0,8.19,roster,0,71.0,55.0,0.9103,61.78,2.9572,0.55,0.3663,3.2273,47.19,12.16,0.0,22.44,24.125
2025-06-15 06:00:00,6,24,24,0.0,7.0,15.0,1.0,1.0,1.0,3,3,16,0,16,0,33.6,462.5,198.0,1025.0,33.6,3.0,8.19,roster,0,76.0,60.0,1.0556,69.2,3.06,0.6,0.3663,3.1667,51.48,13.89,0.0,23.83,25.625
2025-06-15 07:00:00,7,28,28,0.0,8.0,18.0,1.0,1.0,1.0,5,5,16,0,16,0,34.6,522.5,258.0,1085.0,34.6,3.0,8.19,roster,0,89.0,70.0,1.2361,79.18,4.1655,0.7,0.6105,3.1786,60.06,13.89,0.0,25.23,27.125
2025-06-15 08:00:00,8,27,27,0.0,6.0,18.0,2.0,1.0,1.0,6,4,16,0,16,0,35.6,582.5,318.0,1145.0,35.6,3.0,7.57,roster,0,83.0,67.5,1.1528,78.43,3.6993,0.675,0.5284,3.0741,57.92,13.89,0.0,26.62,28.625
2025-06-15 09:00:00,9,34,34,0.0,7.0,21.0,4.0,2.0,1.0,10,8,16,0,16,0,36.6,642.5,342.0,1205.0,36.6,3.0,7.57,roster,0,101.0,85.0,1.4028,94.84,5.6643,0.85,1.0568,2.9706,72.93,13.89,0.0,28.02,30.125
2025-06-15 10:00:00,10,41,41,0.0,7.0,27.0,6.0,1.0,1.0,12,12,16,1,17,1,37.6,586.0,397.0,1174.0,37.6,4.0,10.89,roster,0,122.0,102.5,1.3261,123.4,6.3289,1.025,1.1019,2.9756,87.94,14.76,13.4,27.3,29.35
2025-06-15 11:00:00,11,33,33,0.0,9.0,19.0,4.0,1.0,1.0,7,6,15,1,16,1,38.6,593.0,411.0,1325.0,38.6,4.0,10.89,roster,0,102.0,82.5,1.0625,108.88,4.253,0.825,0.551,3.0909,70.78,13.89,13.4,30.81,33.125
2025-06-15 12:00:00,12,34,34,0.0,9.0,17.0,7.0,1.0,1.0,9,9,14,1,15,1,39.6,706.0,471.0,1385.0,39.6,4.0,10.89,roster,0,102.0,85.0,1.02,111.56,5.0293,0.85,0.8264,3.0,72.93,13.02,13.4,32.2,34.625
2025-06-15 13:00:00,13,29,29,1.0,8.0,14.0,5.0,1.0,1.0,8,7,15,1,16,1,40.6,713.0,501.0,1445.0,40.6,4.0,10.89,roster,0,90.0,72.5,0.9375,103.09,4.2449,0.725,0.6428,3.1034,62.2,13.89,13.4,33.6,36.125
2025-06-15 14:00:00,14,34,34,1.0,7.0,23.0,2.0,1.0,1.0,16,15,13,1,14,1,41.6,734.0,377.0,1505.0,41.6,4.0,10.89,roster,0,107.0,85.0,1.0288,113.48,7.0098,0.85,1.3774,3.1471,72.93,12.16,13.4,34.99,37.625
2025-06-15 15:00:00,15,32,32,1.0,4.0,24.0,2.0,1.0,1.0,8,7,14,0,14,0,42.6,768.5,225.0,1565.0,42.6,4.0,10.89,roster,0,98.0,80.0,0.9423,97.18,4.4185,0.8,0.6428,3.0625,68.64,12.16,0.0,36.39,39.125
2025-06-15 16:00:00,16,31,31,1.0,4.0,23.0,1.0,2.0,1.0,6,6,16,0,16,0,43.6,696.0,278.0,1625.0,43.6,4.0,10.89,roster,0,94.0,77.5,0.9792,98.17,4.0207,0.775,0.551,3.0323,66.5,13.89,0.0,37.78,40.625
2025-06-15 17:00:00,17,35,35,0.0,4.0,30.0,0.0,1.0,1.0,11,10,19,0,19,0,44.6,557.0,174.0,1368.0,44.6,4.0,10.89,roster,0,107.0,87.5,1.2738,103.38,5.4823,0.875,0.9183,3.0571,75.08,16.5,0.0,31.81,34.2
2025-06-15 18:00:00,18,33,33,0.0,5.0,27.0,0.0,1.0,1.0,8,7,19,0,19,0,45.6,617.0,234.0,1428.0,45.6,4.0,10.89,roster,0,102.0,82.5,1.2143,100.48,4.5368,0.825,0.6428,3.0909,70.78,16.5,0.0,33.2,35.7
2025-06-15 19:00:00,19,41,41,0.0,6.0,30.0,4.0,1.0,1.0,18,16,19,0,19,0,46.6,677.0,294.0,1488.0,46.6,4.0,10.89,roster,0,123.0,102.5,1.4643,119.04,7.4827,1.025,1.4692,3.0,87.94,16.5,0.0,34.6,37.2
2025-06-15 20:00:00,20,43,43,0.0,7.0,32.0,3.0,1.0,1.0,15,15,19,0,19,0,47.6,737.0,354.0,1548.0,47.6,4.0,10.12,roster,0,131.0,107.5,1.5595,124.72,7.7906,1.075,1.4822,3.0465,92.24,16.5,0.0,35.99,38.7
2025-06-15 21:00:00,21,49,49,0.0,9.0,37.0,2.0,1.0,1.0,15,14,22,0,22,0,48.6,581.5,309.0,1479.0,48.6,4.0,10.12,roster,0,152.0,122.5,2.1111,138.59,8.0914,1.225,1.3834,3.102,105.1,19.1,0.0,34.39,36.975
2025-06-15 22:00:00,22,44,44,0.0,9.0,32.0,2.0,1.0,1.0,6,7,25,0,25,0,49.6,525.0,161.0,1306.0,49.6,3.0,6.8,roster,0,137.0,110.0,3.0444,126.45,6.6302,1.1,1.0294,3.1136,94.38,21.71,0.0,30.36,32.65
2025-06-15 23:00:00,23,49,49,1.0,8.0,37.0,2.0,1.0,1.0,14,13,26,0,26,0,50.6,567.5,197.0,1366.0,50.6,3.0,6.8,roster,0,153.0,122.5,3.6429,139.44,9.7944,1.225,1.9118,3.1224,105.1,22.58,0.0,31.76,34.15
2025-06-16 00:00:00,0,46,46,1.0,8.0,34.0,2.0,1.0,1.0,7,7,26,0,26,0,51.6,627.5,257.0,1426.0,51.6,3.0,6.8,roster,0,144.0,115.0,3.4286,134.4,6.8225,1.15,1.0294,3.1304,98.67,22.58,0.0,33.15,35.65
2025-06-16 01:00:00,1,49,49,2.0,9.0,34.0,2.0,2.0,1.0,8,8,27,0,27,0,52.6,670.0,281.0,1486.0,52.6,3.0,6.8,roster,0,154.0,122.5,3.9487,143.1,7.5475,1.225,1.1765,3.1429,105.1,23.44,0.0,34.55,37.15
2025-06-16 02:00:00,2,45,45,2.0,10.0,30.0,2.0,1.0,1.0,4,4,27,0,27,0,53.6,730.0,341.0,1546.0,53.6,3.0,6.8,roster,0,145.0,112.5,3.7179,135.91,5.5204,1.125,0.5882,3.2222,96.52,23.44,0.0,35.94,38.65
2025-06-16 03:00:00,3,40,40,1.0,9.0,28.0,2.0,0.0,1.0,3,2,27,0,27,0,54.6,790.0,401.0,1606.0,54.6,3.0,6.8,roster,0,129.0,100.0,3.3077,126.58,4.1735,1.0,0.2941,3.225,85.8,23.44,0.0,37.34,40.15
2025-06-16 04:00:00,4,37,37,1.0,8.0,26.0,2.0,0.0,1.0,1,1,27,0,27,0,55.6,850.0,461.0,1666.0,55.6,3.0,6.8,roster,0,119.0,92.5,3.0513,121.54,3.448,0.925,0.1471,3.2162,79.36,23.44,0.0,38.73,41.65
2025-06-16 05:00:00,5,37,37,1.0,8.0,26.0,2.0,0.0,1.0,0,0,27,0,27,0,56.6,910.0,521.0,1726.0,56.6,3.0,6.8,roster,0,119.0,92.5,3.0513,122.94,2.975,0.925,0.0,3.2162,79.36,23.44,0.0,40.13,43.15
2025-06-16 06:00:00,6,38,38,1.0,8.0,27.0,2.0,0.0,1.0,5,4,27,0,27,0,57.6,970.0,581.0,1786.0,57.6,3.0,6.8,roster,0,122.0,95.0,3.1282,126.48,4.9385,0.95,0.5882,3.2105,81.51,23.44,0.0,41.52,44.65
2025-06-16 07:00:00,7,38,38,1.0,9.0,24.0,4.0,0.0,1.0,4,3,28,0,28,0,58.6,1022.0,641.0,1846.0,58.6,3.0,6.8,roster,0,121.0,95.0,3.3611,128.74,4.4298,0.95,0.4412,3.1842,81.51,24.31,0.0,42.92,46.15
2025-06-16 08:00:00,8,42,42,1.0,9.0,28.0,4.0,0.0,1.0,7,6,28,0,28,0,59.6,1082.0,701.0,1906.0,59.6,3.0,6.59,roster,0,133.0,105.0,3.6944,138.72,6.2082,1.05,0.9105,3.1667,90.09,24.31,0.0,44.31,47.65
2025-06-16 09:00:00,9,42,42,1.0,9.0,30.0,2.0,0.0,1.0,7,6,25,0,25,0,60.6,1150.0,761.0,1731.0,60.6,3.0,6.59,roster,0,135.0,105.0,3.0,132.04,6.3015,1.05,0.9105,3.2143,90.09,21.71,0.0,40.25,43.275
2025-06-16 10:00:00,10,45,45,2.0,10.0,32.0,1.0,0.0,1.0,9,9,25,0,25,0,61.6,1168.0,797.0,1761.0,61.6,4.0,9.68,roster,0,148.0,112.5,2.4667,139.18,6.7579,1.125,0.9298,3.2889,96.52,21.71,0.0,40.94,44.025
2025-06-16 11:00:00,11,52,52,2.0,11.0,37.0,2.0,0.0,1.0,14,15,26,0,26,0,62.6,929.0,671.0,1418.0,62.6,4.0,9.68,roster,0,169.0,130.0,3.0179,147.08,9.2612,1.3,1.5496,3.25,111.54,22.58,0.0,32.97,35.45
2025-06-16 12:00:00,12,55,55,2.0,15.0,35.0,3.0,0.0,1.0,11,11,29,2,31,2,63.6,787.0,108.0,1314.0,63.6,4.0,9.68,roster,0,181.0,137.5,5.0278,182.24,8.2647,1.375,1.1364,3.2909,117.98,26.92,26.8,30.55,32.85
2025-06-16 13:00:00,13,53,53,3.0,12.0,36.0,2.0,0.0,1.0,7,7,29,2,31,2,64.6,259.0,154.0,1348.0,64.6,4.0,9.68,roster,0,175.0,132.5,4.8611,178.74,6.7627,1.325,0.7231,3.3019,113.68,26.92,26.8,31.34,33.7
2025-06-16 14:00:00,14,50,50,1.0,9.0,38.0,2.0,0.0,1.0,5,5,23,3,26,3,49.083,234.0,193.0,1121.0,49.083,4.0,9.68,roster,0,159.0,125.0,2.8393,176.09,5.6176,1.25,0.5165,3.18,107.25,22.58,40.2,26.06,28.025
2025-06-16 15:00:00,15,48,48,1.0,8.0,38.0,1.0,0.0,1.0,7,7,23,3,26,3,27.633,275.5,214.0,967.0,27.633,4.0,9.68,roster,0,153.0,120.0,2.7321,168.22,6.13,1.2,0.7231,3.1875,102.96,22.58,40.2,22.48,24.175
2025-06-16 16:00:00,16,51,51,0.0,8.0,42.0,1.0,0.0,1.0,8,8,25,2,27,2,28.633,334.0,241.0,1027.0,28.633,4.0,9.68,roster,0,160.0,127.5,3.0769,163.52,6.5928,1.275,0.8264,3.1373,109.39,23.44,26.8,23.88,25.675
2025-06-16 17:00:00,17,49,49,0.0,8.0,40.0,1.0,0.0,1.0,4,4,29,2,31,2,29.633,377.0,220.0,1031.0,29.633,4.0,9.68,roster,0,154.0,122.5,4.2778,162.79,5.1487,1.225,0.4132,3.1429,105.1,26.92,26.8,23.97,25.775
2025-06-16 18:00:00,18,48,48,0.0,8.0,38.0,2.0,0.0,1.0,6,6,30,2,32,2,30.633,435.0,280.0,1091.0,30.633,4.0,9.68,roster,0,150.0,120.0,4.6875,162.91,5.687,1.2,0.6198,3.125,102.96,27.79,26.8,25.37,27.275
2025-06-16 19:00:00,19,41,41,0.0,8.0,32.0,1.0,0.0,1.0,7,5,31,2,33,2,31.633,486.0,292.0,613.0,31.633,4.0,9.68,roster,0,130.0,102.5,4.6429,137.65,4.8878,1.025,0.5165,3.1707,87.94,28.65,26.8,14.25,15.325
2025-06-16 20:00:00,20,51,51,1.0,9.0,39.0,2.0,0.0,1.0,16,16,30,2,32,2,32.633,497.5,295.0,673.0,32.633,4.0,10.38,roster,0,162.0,127.5,5.0625,159.63,8.9463,1.275,1.5414,3.1765,109.39,27.79,26.8,15.65,16.825
2025-06-16 21:00:00,21,52,52,1.0,9.0,40.0,2.0,0.0,1.0,4,4,31,3,34,3,33.633,507.5,271.0,641.0,33.633,4.0,10.38,roster,0,165.0,130.0,6.875,176.17,5.3478,1.3,0.3854,3.1731,111.54,29.52,40.2,14.9,16.025
2025-06-16 22:00:00,22,49,49,1.0,9.0,38.0,1.0,0.0,1.0,6,6,29,3,32,3,34.633,598.5,331.0,749.0,34.633,3.0,7.29,roster,0,157.0,122.5,6.5417,170.51,6.5621,1.225,0.823,3.2041,105.1,27.79,40.2,17.41,18.725
2025-06-16 23:00:00,23,47,47,1.0,9.0,36.0,1.0,0.0,1.0,7,7,28,1,29,1,35.633,656.0,391.0,761.0,35.633,3.0,7.29,roster,0,151.0,117.5,4.5758,137.09,6.86,1.175,0.9602,3.2128,100.82,25.18,13.4,17.69,19.025
2025-06-17 00:00:00,0,44,44,1.0,9.0,33.0,1.0,0.0,1.0,3,2,29,2,31,2,36.633,659.0,379.0,821.0,36.633,3.0,7.29,roster,0,142.0,110.0,5.2593,147.19,4.4354,1.1,0.2743,3.2273,94.38,26.92,26.8,19.09,20.525
2025-06-17 01:00:00,1,41,41,1.0,10.0,29.0,1.0,0.0,1.0,5,3,29,2,31,2,37.633,719.0,439.0,881.0,37.633,3.0,7.29,roster,0,134.0,102.5,4.963,142.15,4.695,1.025,0.4115,3.2683,87.94,26.92,26.8,20.48,22.025
2025-06-17 02:00:00,2,42,42,1.0,11.0,29.0,1.0,0.0,1.0,6,3,31,2,33,2,38.633,728.0,442.0,934.0,38.633,3.0,7.29,roster,0,138.0,105.0,6.5714,147.26,4.8021,1.05,0.4115,3.2857,90.09,28.65,26.8,21.72,23.35
2025-06-17 03:00:00,3,40,40,0.0,12.0,27.0,1.0,0.0,1.0,1,1,32,1,33,1,39.633,788.0,502.0,994.0,39.633,3.0,7.29,roster,0,131.0,100.0,6.2381,130.96,3.7242,1.0,0.1372,3.275,85.8,28.65,13.4,23.11,24.85
2025-06-17 04:00:00,4,39,39,0.0,12.0,26.0,1.0,0.0,1.0,0,0,32,1,33,1,40.633,848.0,562.0,1054.0,40.633,3.0,7.29,roster,0,128.0,97.5,6.0952,130.21,3.2,0.975,0.0,3.2821,83.66,28.65,13.4,24.51,26.35
2025-06-17 05:00:00,5,38,38,0.0,12.0,25.0,1.0,0.0,1.0,1,1,32,1,33,1,41.633,908.0,622.0,1114.0,41.633,3.0,7.29,roster,0,125.0,95.0,5.9524,129.46,3.5762,0.95,0.1372,3.2895,81.51,28.65,13.4,25.9,27.85
2025-06-17 06:00:00,6,44,44,1.0,12.0,29.0,2.0,0.0,1.0,6,6,33,1,34,1,42.633,960.0,671.0,1174.0,42.633,3.0,7.29,roster,0,144.0,110.0,8.0,144.6,6.2936,1.1,0.823,3.2727,94.38,29.52,13.4,27.3,29.35
2025-06-17 07:00:00,7,43,43,1.0,12.0,28.0,2.0,0.0,1.0,2,2,33,2,35,2,43.633,972.0,699.0,1234.0,43.633,3.0,7.29,roster,0,141.0,107.5,9.4,158.12,4.4246,1.075,0.2743,3.2791,92.24,30.39,26.8,28.69,30.85
2025-06-17 08:00:00,8,42,42,1.0,12.0,27.0,2.0,0.0,1.0,3,3,33,2,35,2,44.633,1032.0,759.0,1294.0,44.633,3.0,6.81,roster,0,138.0,105.0,9.2,157.37,4.8975,1.05,0.4405,3.2857,90.09,30.39,26.8,30.09,32.35
2025-06-17 09:00:00,9,43,43,1.0,10.0,29.0,3.0,0.0,1.0,7,7,30,2,32,2,45.633,1082.0,826.0,1354.0,45.633,3.0,6.81,roster,0,138.0,107.5,5.75,158.3,6.7488,1.075,1.0279,3.2093,92.24,27.79,26.8,31.48,33.85
2025-06-17 10:00:00,10,50,50,2.0,10.0,35.0,3.0,0.0,1.0,11,11,32,2,34,2,46.633,1122.5,711.0,1401.0,46.633,4.0,10.06,roster,0,161.0,125.0,6.7083,176.15,7.5459,1.25,1.0934,3.22,107.25,29.52,26.8,32.57,35.025
2025-06-17 11:00:00,11,49,49,3.0,8.0,36.0,2.0,0.0,1.0,12,11,30,2,32,2,47.633,1010.5,373.0,1457.0,47.633,4.0,10.06,roster,0,159.0,122.5,4.9688,173.57,7.5231,1.225,1.0934,3.2449,105.1,27.79,26.8,33.88,36.425
2025-06-17 12:00:00,12,52,52,3.0,8.0,36.0,5.0,0.0,1.0,11,9,29,2,31,2,48.633,999.0,191.0,1436.0,48.633,4.0,10.06,roster,0,165.0,130.0,4.5833,178.64,6.9637,1.3,0.8946,3.1731,111.54,26.92,26.8,33.39,35.9
2025-06-17 13:00:00,13,50,50,3.0,11.0,33.0,3.0,0.0,1.0,11,11,27,2,29,2,26.567,685.0,203.0,1159.0,26.567,4.0,10.06,roster,0,164.0,125.0,3.7273,166.18,7.6865,1.25,1.0934,3.28,107.25,25.18,26.8,26.95,28.975
2025-06-17 14:00:00,14,46,46,2.0,10.0,32.0,2.0,0.0,1.0,9,9,25,0,25,0,27.567,517.0,242.0,1151.0,27.567,4.0,10.06,roster,0,150.0,115.0,2.5,127.14,6.6673,1.15,0.8946,3.2609,98.67,21.71,0.0,26.76,28.775
2025-06-17 15:00:00,15,46,46,2.0,8.0,34.0,2.0,0.0,1.0,10,10,22,0,22,0,27.567,368.5,207.0,1211.0,27.567,4.0,10.06,roster,0,148.0,115.0,2.0556,125.93,6.8982,1.15,0.994,3.2174,98.67,19.1,0.0,28.16,30.275
2025-06-17 16:00:00,16,40,40,2.0,7.0,30.0,1.0,0.0,1.0,4,4,22,0,22,0,25.867,326.0,150.0,637.0,25.867,4.0,10.06,roster,0,130.0,100.0,1.8056,99.71,4.5422,1.0,0.3976,3.25,85.8,19.1,0.0,14.81,15.925
2025-06-17 17:00:00,17,40,40,2.0,7.0,30.0,1.0,0.0,1.0,6,5,23,0,23,0,26.867,361.0,194.0,697.0,26.867,4.0,10.06,roster,0,130.0,100.0,1.9118,101.98,4.8653,1.0,0.497,3.25,85.8,19.97,0.0,16.21,17.425
2025-06-17 18:00:00,18,43,43,3.0,8.0,31.0,1.0,0.0,1.0,7,7,24,0,24,0,27.867,367.5,223.0,757.0,27.867,4.0,10.06,roster,0,142.0,107.5,2.2188,110.67,5.8478,1.075,0.6958,3.3023,92.24,20.84,0.0,17.6,18.925
2025-06-17 19:00:00,19,39,39,3.0,8.0,28.0,0.0,0.0,1.0,8,6,26,1,27,1,28.867,333.0,194.0,606.0,28.867,4.0,10.06,roster,0,131.0,97.5,2.5192,114.59,5.2784,0.975,0.5964,3.359,83.66,23.44,13.4,14.09,15.15
2025-06-17 20:00:00,20,39,39,3.0,9.0,27.0,0.0,0.0,1.0,7,7,27,1,28,1,29.867,391.5,220.0,666.0,29.867,4.0,10.98,roster,0,132.0,97.5,2.75,116.85,5.4578,0.975,0.6375,3.3846,83.66,24.31,13.4,15.48,16.65
2025-06-17 21:00:00,21,37,37,5.0,7.0,25.0,0.0,0.0,1.0,6,6,26,0,26,0,30.867,484.5,314.0,726.0,30.867,4.0,10.98,roster,0,128.0,92.5,2.2857,98.82,5.0904,0.925,0.5464,3.4595,79.36,22.58,0.0,16.88,18.15
2025-06-17 22:00:00,22,43,43,4.0,11.0,28.0,0.0,0.0,1.0,12,10,27,0,27,0,31.867,513.0,340.0,786.0,31.867,3.0,7.73,roster,0,148.0,107.5,3.7949,113.95,8.1526,1.075,1.2937,3.4419,92.24,23.44,0.0,18.27,19.65
2025-06-17 23:00:00,23,46,46,4.0,11.0,30.0,1.0,0.0,1.0,7,7,28,1,29,1,32.867,570.0,397.0,803.0,32.867,3.0,7.73,roster,0,156.0,115.0,4.7273,135.92,6.971,1.15,0.9056,3.3913,98.67,25.18,13.4,18.67,20.075
2025-06-18 00:00:00,0,46,46,4.0,15.0,26.0,1.0,0.0,1.0,8,8,29,0,29,0,33.867,630.0,457.0,863.0,33.867,3.0,7.73,roster,0,160.0,115.0,4.8485,123.92,7.5998,1.15,1.0349,3.4783,98.67,25.18,0.0,20.06,21.575
2025-06-18 01:00:00,1,48,48,4.0,15.0,27.0,2.0,0.0,1.0,7,7,31,1,32,1,34.867,641.5,437.0,923.0,34.867,3.0,7.73,roster,0,165.0,120.0,6.875,145.61,7.2379,1.2,0.9056,3.4375,102.96,27.79,13.4,21.46,23.075
2025-06-18 02:00:00,2,45,45,4.0,17.0,24.0,0.0,0.0,1.0,2,2,31,1,32,1,35.867,701.5,497.0,983.0,35.867,3.0,7.73,roster,0,160.0,112.5,6.6667,140.57,4.9199,1.125,0.2587,3.5556,96.52,27.79,13.4,22.85,24.575
2025-06-18 03:00:00,3,45,45,4.0,16.0,24.0,1.0,0.0,1.0,5,5,32,1,33,1,36.867,760.0,500.0,1022.0,36.867,3.0,7.73,roster,0,158.0,112.5,7.5238,142.34,6.2211,1.125,0.6468,3.5111,96.52,28.65,13.4,23.76,25.55
2025-06-18 04:00:00,4,42,42,4.0,15.0,23.0,0.0,0.0,1.0,1,1,31,1,32,1,37.867,821.5,617.0,1103.0,37.867,3.0,7.73,roster,0,149.0,105.0,6.2083,136.92,4.1839,1.05,0.1294,3.5476,90.09,27.79,13.4,25.64,27.575
2025-06-18 05:00:00,5,44,44,4.0,16.0,24.0,0.0,0.0,1.0,2,2,31,1,32,1,38.867,881.5,677.0,1163.0,38.867,3.0,7.73,roster,0,156.0,110.0,6.5,142.61,4.8173,1.1,0.2587,3.5455,94.38,27.79,13.4,27.04,29.075
2025-06-18 06:00:00,6,46,46,4.0,17.0,25.0,0.0,0.0,1.0,5,5,32,1,33,1,39.867,940.0,680.0,1202.0,39.867,3.0,7.73,roster,0,163.0,115.0,7.7619,148.67,6.367,1.15,0.6468,3.5435,98.67,28.65,13.4,27.95,30.05
2025-06-18 07:00:00,7,48,48,4.0,16.0,26.0,2.0,0.0,1.0,5,5,33,1,34,1,40.867,997.0,620.0,1262.0,40.867,3.0,7.73,roster,0,166.0,120.0,9.2222,155.22,6.387,1.2,0.6468,3.4583,102.96,29.52,13.4,29.34,31.55
2025-06-18 08:00:00,8,54,54,4.0,17.0,30.0,3.0,0.0,1.0,10,9,33,1,34,1,41.867,1057.0,680.0,1322.0,41.867,3.0,6.81,roster,0,184.0,135.0,10.2222,169.49,9.1032,1.35,1.3216,3.4074,115.83,29.52,13.4,30.74,33.05
2025-06-18 09:00:00,9,51,51,4.0,16.0,29.0,2.0,0.0,1.0,5,5,35,1,36,1,42.867,1069.5,645.0,1382.0,42.867,3.0,6.81,roster,0,175.0,127.5,14.5833,166.19,6.8944,1.275,0.7342,3.4314,109.39,31.26,13.4,32.13,34.55
2025-06-18 10:00:00,10,51,51,4.0,17.0,28.0,2.0,0.0,1.0,9,6,37,1,38,1,43.867,1058.5,602.0,1308.0,43.867,4.0,10.51,roster,0,176.0,127.5,22.0,166.2,6.3701,1.275,0.5709,3.451,109.39,33.0,13.4,30.41,32.7
2025-06-18 11:00:00,11,56,56,4.0,19.0,29.0,3.0,1.0,1.0,13,13,31,2,33,2,44.867,860.0,322.0,1293.0,44.867,4.0,10.51,roster,0,190.0,140.0,6.7857,185.64,8.9467,1.4,1.2369,3.3929,120.12,28.65,26.8,30.06,32.325
2025-06-18 12:00:00,12,54,54,3.0,15.0,30.0,6.0,0.0,1.0,11,11,32,2,34,2,45.867,754.0,236.0,1303.0,45.867,4.0,10.51,roster,0,177.0,135.0,7.375,182.45,7.8556,1.35,1.0466,3.2778,115.83,29.52,26.8,30.29,32.575
2025-06-18 13:00:00,13,53,53,3.0,16.0,30.0,4.0,0.0,1.0,6,7,34,2,36,2,46.867,743.5,244.0,1354.0,46.867,4.0,10.51,roster,0,177.0,132.5,11.0625,183.22,6.6493,1.325,0.666,3.3396,113.68,31.26,26.8,31.48,33.85
2025-06-18 14:00:00,14,45,45,3.0,11.0,28.0,3.0,0.0,1.0,7,7,28,1,29,1,47.867,502.0,272.0,1414.0,47.867,4.0,10.51,roster,0,149.0,112.5,3.3864,147.98,5.9303,1.125,0.666,3.3111,96.52,25.18,13.4,32.88,35.35
2025-06-18 15:00:00,15,48,48,2.0,11.0,33.0,2.0,0.0,1.0,12,12,24,1,25,1,25.5,407.0,250.0,825.0,25.5,4.0,10.51,roster,0,157.0,120.0,2.6167,137.25,7.6595,1.2,1.1418,3.2708,102.96,21.71,13.4,19.18,20.625
2025-06-18 16:00:00,16,47,47,2.0,9.0,34.0,2.0,0.0,1.0,10,10,21,1,22,1,26.5,361.0,136.0,532.0,26.5,4.0,10.51,roster,0,152.0,117.5,2.1111,125.69,6.8771,1.175,0.9515,3.234,100.82,19.1,13.4,12.37,13.3
2025-06-18 17:00:00,17,38,38,2.0,9.0,25.0,2.0,0.0,1.0,4,3,24,1,25,1,27.5,383.0,164.0,579.0,27.5,4.0,10.51,roster,0,125.0,95.0,2.0833,110.08,4.064,0.95,0.2854,3.2895,81.51,21.71,13.4,13.46,14.475
2025-06-18 18:00:00,18,32,32,2.0,8.0,20.0,2.0,0.0,1.0,4,3,25,0,25,0,28.5,422.0,218.0,639.0,28.5,4.0,10.51,roster,0,106.0,80.0,1.7667,85.2,3.5955,0.8,0.2854,3.3125,68.64,21.71,0.0,14.86,15.975
2025-06-18 19:00:00,19,38,38,2.0,10.0,24.0,2.0,0.0,1.0,8,8,25,0,25,0,29.5,482.0,267.0,699.0,29.5,4.0,10.51,roster,0,126.0,95.0,2.1,99.47,5.6739,0.95,0.7612,3.3158,81.51,21.71,0.0,16.25,17.475
2025-06-18 20:00:00,20,33,33,2.0,10.0,19.0,2.0,0.0,1.0,6,5,26,0,26,0,30.5,445.5,286.0,707.0,30.5,4.0,11.01,roster,0,111.0,82.5,1.9821,89.8,4.3025,0.825,0.4541,3.3636,70.78,22.58,0.0,16.44,17.675
2025-06-18 21:00:00,21,38,38,2.0,11.0,23.0,2.0,0.0,1.0,9,7,28,2,30,2,31.5,418.5,175.0,724.0,31.5,4.0,11.01,roster,0,127.0,95.0,3.175,131.19,5.2999,0.95,0.6358,3.3421,81.51,26.05,26.8,16.83,18.1
2025-06-18 22:00:00,22,45,45,2.0,12.0,29.0,2.0,0.0,1.0,11,11,30,2,32,2,32.5,455.5,220.0,784.0,32.5,3.0,7.31,roster,0,149.0,112.5,6.2083,149.34,8.7075,1.125,1.5048,3.3111,96.52,27.79,26.8,18.23,19.6
2025-06-18 23:00:00,23,45,45,1.0,9.0,33.0,2.0,0.0,1.0,13,10,28,1,29,1,33.5,507.0,280.0,743.0,33.5,3.0,7.31,roster,0,144.0,112.5,4.3636,132.38,7.9776,1.125,1.368,3.2,96.52,25.18,13.4,17.27,18.575
2025-06-19 00:00:00,0,44,44,2.0,9.0,30.0,3.0,0.0,1.0,6,7,30,1,31,1,34.5,537.0,302.0,803.0,34.5,3.0,7.31,roster,0,142.0,110.0,5.2593,133.37,6.6404,1.1,0.9576,3.2273,94.38,26.92,13.4,18.67,20.075
2025-06-19 01:00:00,1,45,45,2.0,9.0,30.0,4.0,0.0,1.0,6,6,30,1,31,1,35.5,597.0,362.0,863.0,35.5,3.0,7.31,roster,0,144.0,112.5,5.3333,136.91,6.2265,1.125,0.8208,3.2,96.52,26.92,13.4,20.06,21.575
2025-06-19 02:00:00,2,43,43,2.0,9.0,29.0,3.0,0.0,1.0,5,4,30,1,31,1,36.5,657.0,422.0,923.0,36.5,3.0,7.31,roster,0,139.0,107.5,5.1481,134.01,5.2438,1.075,0.5472,3.2326,92.24,26.92,13.4,21.46,23.075
2025-06-19 03:00:00,3,39,39,2.0,9.0,24.0,4.0,0.0,1.0,3,3,30,1,31,1,37.5,717.0,482.0,983.0,37.5,3.0,7.31,roster,0,126.0,97.5,4.6667,126.83,4.4759,0.975,0.4104,3.2308,83.66,26.92,13.4,22.85,24.575
2025-06-19 04:00:00,4,36,36,2.0,9.0,24.0,1.0,0.0,1.0,1,1,30,1,31,1,38.5,777.0,542.0,1043.0,38.5,3.0,7.31,roster,0,120.0,90.0,4.4444,121.79,3.456,0.9,0.1368,3.3333,77.22,26.92,13.4,24.25,26.075
2025-06-19 05:00:00,5,37,37,2.0,9.0,25.0,1.0,0.0,1.0,1,1,30,1,31,1,39.5,837.0,602.0,1103.0,39.5,3.0,7.31,roster,0,123.0,92.5,4.5556,125.33,3.5298,0.925,0.1368,3.3243,79.36,26.92,13.4,25.64,27.575
2025-06-19 06:00:00,6,39,39,2.0,9.0,27.0,1.0,0.0,1.0,4,4,29,1,30,1,40.5,912.0,683.0,1163.0,40.5,3.0,7.31,roster,0,129.0,97.5,4.3,130.14,5.035,0.975,0.5472,3.3077,83.66,26.05,13.4,27.04,29.075
2025-06-19 07:00:00,7,36,36,3.0,9.0,23.0,1.0,0.0,1.0,2,2,29,1,30,1,41.5,972.0,743.0,1223.0,41.5,3.0,7.31,roster,0,122.0,90.0,4.0667,125.1,3.9772,0.9,0.2736,3.3889,77.22,26.05,13.4,28.43,30.575
2025-06-19 08:00:00,8,41,41,4.0,10.0,25.0,2.0,0.0,1.0,6,7,29,2,31,2,42.5,1017.0,782.0,1283.0,42.5,3.0,6.59,roster,0,139.0,102.5,5.1481,151.49,7.0762,1.025,1.0622,3.3902,87.94,26.92,26.8,29.83,32.075
2025-06-19 09:00:00,9,48,48,6.0,9.0,32.0,1.0,0.0,1.0,11,11,28,2,30,2,43.5,1074.0,842.0,1343.0,43.5,3.0,6.59,roster,0,164.0,120.0,5.4667,167.03,9.8031,1.2,1.6692,3.4167,102.96,26.05,26.8,31.22,33.575
2025-06-19 10:00:00,10,46,46,5.0,9.0,29.0,3.0,0.0,1.0,7,7,27,2,29,2,44.5,1131.0,884.0,1403.0,44.5,4.0,9.63,roster,0,154.0,115.0,3.5,163.27,6.2835,1.15,0.7269,3.3478,98.67,25.18,26.8,32.62,35.075
2025-06-19 11:00:00,11,41,41,4.0,11.0,24.0,2.0,0.0,1.0,8,7,24,2,26,2,45.5,1194.0,815.0,1564.0,45.5,4.0,9.63,roster,0,140.0,102.5,2.5,153.68,5.9821,1.025,0.7269,3.4146,87.94,22.58,26.8,36.36,39.1
2025-06-19 12:00:00,12,43,43,4.0,10.0,28.0,1.0,0.0,1.0,9,9,25,2,27,2,46.5,1043.0,203.0,1502.0,46.5,4.0,9.63,roster,0,146.0,107.5,2.8077,157.4,6.8232,1.075,0.9346,3.3953,92.24,23.44,26.8,34.92,37.55
2025-06-19 13:00:00,13,41,41,4.0,9.0,28.0,0.0,0.0,1.0,7,7,24,2,26,2,47.5,1020.0,229.0,1562.0,47.5,4.0,9.63,roster,0,140.0,102.5,2.5,153.64,5.9821,1.025,0.7269,3.4146,87.94,22.58,26.8,36.32,39.05
2025-06-19 14:00:00,14,46,46,5.0,8.0,33.0,0.0,0.0,1.0,8,8,26,1,27,1,48.5,1036.0,230.0,1622.0,48.5,4.0,9.63,roster,0,156.0,115.0,3.0,153.23,6.7173,1.15,0.8307,3.3913,98.67,23.44,13.4,37.71,40.55
2025-06-19 15:00:00,15,41,41,5.0,6.0,28.0,1.0,1.0,1.0,5,5,21,2,23,2,33.367,401.0,282.0,1240.0,33.367,4.0,9.63,roster,0,136.0,102.5,2.0,143.55,5.1223,1.025,0.5192,3.3171,87.94,19.97,26.8,28.83,31.0
2025-06-19 16:00:00,16,33,33,3.0,5.0,25.0,0.0,0.0,1.0,5,5,21,0,21,0,34.367,443.0,342.0,1283.0,34.367,4.0,9.63,roster,0,110.0,82.5,1.4474,98.85,4.4807,0.825,0.5192,3.3333,70.78,18.23,0.0,29.83,32.075
2025-06-19 17:00:00,17,38,38,3.0,7.0,28.0,0.0,0.0,1.0,8,8,23,0,23,0,35.367,469.0,352.0,1343.0,35.367,4.0,9.63,roster,0,127.0,95.0,1.8676,112.71,5.9514,0.95,0.8307,3.3421,81.51,19.97,0.0,31.22,33.575
2025-06-19 18:00:00,18,40,40,3.0,7.0,30.0,0.0,0.0,1.0,7,7,24,2,26,2,36.367,494.5,335.0,1364.0,36.367,4.0,9.63,roster,0,133.0,100.0,2.375,146.89,5.7419,1.0,0.7269,3.325,85.8,22.58,26.8,31.71,34.1
2025-06-19 19:00:00,19,40,40,2.0,9.0,29.0,0.0,0.0,1.0,8,8,24,2,26,2,37.367,528.5,299.0,1424.0,37.367,4.0,9.63,roster,0,133.0,100.0,2.375,148.28,6.0872,1.0,0.8307,3.325,85.8,22.58,26.8,33.11,35.6
2025-06-19 20:00:00,20,42,42,2.0,9.0,31.0,0.0,0.0,1.0,9,6,26,2,28,2,38.367,565.5,283.0,1396.0,38.367,4.0,9.82,roster,0,139.0,105.0,2.8958,153.66,5.4971,1.05,0.611,3.3095,90.09,24.31,26.8,32.46,34.9
2025-06-19 21:00:00,21,40,40,2.0,8.0,30.0,0.0,0.0,1.0,6,6,25,1,26,1,39.367,625.5,264.0,1456.0,39.367,4.0,9.82,roster,0,132.0,100.0,2.3571,135.63,5.3163,1.0,0.611,3.3,85.8,22.58,13.4,33.85,36.4
2025-06-19 22:00:00,22,41,41,2.0,8.0,31.0,0.0,0.0,1.0,10,9,23,1,24,1,40.367,685.5,412.0,1516.0,40.367,3.0,6.78,roster,0,135.0,102.5,2.8125,137.43,7.7458,1.025,1.3274,3.2927,87.94,20.84,13.4,35.25,37.9
2025-06-19 23:00:00,23,33,33,1.0,8.0,24.0,0.0,0.0,1.0,3,2,23,1,24,1,41.367,745.5,384.0,1576.0,41.367,3.0,6.78,roster,0,109.0,82.5,2.2708,121.67,3.6993,0.825,0.295,3.303,70.78,20.84,13.4,36.64,39.4
2025-06-20 00:00:00,0,35,35,2.0,9.0,24.0,0.0,0.0,1.0,7,7,23,1,24,1,42.367,805.5,444.0,1636.0,42.367,3.0,6.78,roster,0,118.0,87.5,2.4583,127.35,6.4308,0.875,1.0324,3.3714,75.08,20.84,13.4,38.04,40.9
2025-06-20 01:00:00,1,30,30,2.0,8.0,19.0,1.0,0.0,1.0,2,2,24,1,25,1,43.367,849.0,455.0,1655.0,43.367,3.0,6.78,roster,0,101.0,75.0,2.2444,117.94,3.5181,0.75,0.295,3.3667,64.35,21.71,13.4,38.48,41.375
2025-06-20 02:00:00,2,34,34,2.0,7.0,24.0,1.0,0.0,1.0,5,5,24,1,25,1,44.367,909.0,515.0,1715.0,44.367,3.0,6.78,roster,0,112.0,85.0,2.4889,127.91,5.2293,0.85,0.7375,3.2941,72.93,21.71,13.4,39.87,42.875
2025-06-20 03:00:00,3,34,34,2.0,7.0,25.0,0.0,0.0,1.0,2,3,24,3,27,3,45.367,952.0,514.0,1775.0,45.367,3.0,6.78,roster,0,113.0,85.0,2.8974,157.84,4.2956,0.85,0.4425,3.3235,72.93,23.44,40.2,41.27,44.375
2025-06-20 04:00:00,4,37,37,2.0,9.0,26.0,0.0,0.0,1.0,6,6,24,1,25,1,46.367,1029.0,635.0,1835.0,46.367,3.0,6.78,roster,0,124.0,92.5,2.7556,137.14,6.0658,0.925,0.885,3.3514,79.36,21.71,13.4,42.66,45.875
2025-06-20 05:00:00,5,34,34,2.0,9.0,23.0,0.0,0.0,1.0,0,0,25,1,26,1,47.367,1080.5,647.0,1895.0,47.367,3.0,6.78,roster,0,115.0,85.0,2.7381,132.96,2.875,0.85,0.0,3.3824,72.93,22.58,13.4,44.06,47.375
2025-06-20 06:00:00,6,31,31,2.0,8.0,21.0,0.0,0.0,1.0,0,0,25,1,26,1,48.367,1140.5,707.0,1955.0,48.367,3.0,6.78,roster,0,105.0,77.5,2.5,127.92,2.625,0.775,0.0,3.3871,66.5,22.58,13.4,45.45,48.875
2025-06-20 07:00:00,7,31,31,2.0,8.0,20.0,1.0,0.0,1.0,3,2,25,1,26,1,49.367,1200.5,767.0,2015.0,49.367,3.0,6.78,roster,0,104.0,77.5,2.4762,129.32,3.5896,0.775,0.295,3.3548,66.5,22.58,13.4,46.85,50.375
2025-06-20 08:00:00,8,32,32,2.0,8.0,22.0,0.0,0.0,1.0,4,3,26,1,27,1,50.367,1252.0,814.0,2075.0,50.367,3.0,6.58,roster,0,108.0,80.0,2.7692,133.73,4.2388,0.8,0.4559,3.375,68.64,23.44,13.4,48.24,51.875
2025-06-20 09:00:00,9,33,33,2.0,8.0,23.0,0.0,0.0,1.0,6,6,24,1,25,1,51.367,1312.0,887.0,2135.0,51.367,3.0,6.58,roster,0,111.0,82.5,2.4667,135.53,5.8421,0.825,0.9119,3.3636,70.78,21.71,13.4,49.64,53.375
2025-06-20 10:00:00,10,38,38,2.0,9.0,27.0,0.0,0.0,1.0,7,7,24,1,25,1,52.367,1309.0,867.0,1552.0,52.367,4.0,9.67,roster,0,127.0,95.0,2.1167,132.7,5.5943,0.95,0.7239,3.3421,81.51,21.71,13.4,36.08,38.8
2025-06-20 11:00:00,11,42,42,3.0,11.0,28.0,0.0,0.0,1.0,9,9,24,1,25,1,53.367,1055.0,453.0,1482.0,53.367,4.0,9.67,roster,0,143.0,105.0,2.3833,139.65,6.7439,1.05,0.9307,3.4048,90.09,21.71,13.4,34.46,37.05
2025-06-20 12:00:00,12,41,41,2.0,9.0,30.0,0.0,0.0,1.0,5,5,23,2,25,2,54.367,846.0,158.0,1509.0,54.367,4.0,9.67,roster,0,136.0,102.5,2.2667,151.54,5.1151,1.025,0.5171,3.3171,87.94,21.71,26.8,35.08,37.725
2025-06-20 13:00:00,13,42,42,3.0,8.0,31.0,0.0,0.0,1.0,8,8,20,1,21,1,46.45,573.0,189.0,1552.0,46.45,4.0,9.67,roster,0,140.0,105.0,1.8421,137.81,6.2577,1.05,0.8273,3.3333,90.09,18.23,13.4,36.08,38.8
2025-06-20 14:00:00,14,47,47,3.0,9.0,35.0,0.0,0.0,1.0,11,10,19,2,21,2,41.267,349.0,230.0,968.0,41.267,4.0,9.67,roster,0,156.0,117.5,2.0526,148.36,7.3324,1.175,1.0341,3.3191,100.82,18.23,26.8,22.51,24.2
2025-06-20 15:00:00,15,50,50,3.0,9.0,38.0,0.0,0.0,1.0,12,11,16,3,19,3,42.267,338.0,257.0,914.0,42.267,4.0,9.67,roster,0,165.0,125.0,1.9643,165.2,7.8789,1.25,1.1375,3.3,107.25,16.5,40.2,21.25,22.85
2025-06-20 16:00:00,16,37,37,2.0,7.0,28.0,0.0,0.0,1.0,5,5,14,1,15,1,29.783,365.0,133.0,469.0,29.783,4.0,9.67,roster,0,122.0,92.5,1.22,96.69,4.7549,0.925,0.5171,3.2973,79.36,13.02,13.4,10.9,11.725
2025-06-20 17:00:00,17,38,38,2.0,8.0,27.0,1.0,0.0,1.0,4,5,17,1,18,1,30.783,379.0,159.0,475.0,30.783,4.0,9.67,roster,0,125.0,95.0,1.4205,101.58,4.8259,0.95,0.5171,3.2895,81.51,15.63,13.4,11.04,11.875
2025-06-20 18:00:00,18,37,37,2.0,8.0,25.0,2.0,0.0,1.0,8,7,19,1,20,1,31.783,366.0,188.0,535.0,31.783,4.0,9.67,roster,0,121.0,92.5,1.5125,102.57,5.3923,0.925,0.7239,3.2703,79.36,17.37,13.4,12.44,13.375
2025-06-20 19:00:00,19,37,37,1.0,8.0,26.0,2.0,0.0,1.0,7,6,20,1,21,1,32.783,313.0,180.0,578.0,32.783,4.0,9.67,roster,0,119.0,92.5,1.5658,104.44,4.9706,0.925,0.6205,3.2162,79.36,18.23,13.4,13.44,14.45
2025-06-20 20:00:00,20,37,37,1.0,8.0,28.0,0.0,0.0,1.0,9,9,15,1,16,1,24.433,323.5,213.0,609.0,22.1,4.0,10.97,roster,0,121.0,92.5,1.2604,100.82,5.708,0.925,0.8204,3.2703,79.36,13.89,13.4,14.16,15.225
2025-06-20 21:00:00,21,36,36,2.0,11.0,23.0,0.0,0.0,1.0,8,7,19,1,20,1,25.433,312.5,205.0,665.0,23.1,4.0,10.97,roster,0,123.0,90.0,1.5375,103.45,5.2552,0.9,0.6381,3.4167,77.22,17.37,13.4,15.46,16.625
2025-06-20 22:00:00,22,40,40,2.0,11.0,27.0,0.0,0.0,1.0,9,8,20,1,21,1,26.433,295.0,150.0,493.0,12.917,3.0,7.88,roster,0,135.0,100.0,2.3684,108.9,6.8014,1.0,1.0152,3.375,85.8,18.23,13.4,11.46,12.325
2025-06-20 23:00:00,23,41,41,2.0,9.0,28.0,2.0,0.0,1.0,8,8,21,0,21,0,27.433,337.0,206.0,519.0,13.917,3.0,7.88,roster,0,134.0,102.5,2.3509,98.25,6.6681,1.025,1.0152,3.2683,87.94,18.23,0.0,12.07,12.975
2025-06-21 00:00:00,0,38,38,2.0,10.0,24.0,2.0,0.0,1.0,4,5,22,0,22,0,28.433,391.0,262.0,579.0,14.917,3.0,7.88,roster,0,126.0,95.0,2.3333,94.07,5.2539,0.95,0.6345,3.3158,81.51,19.1,0.0,13.46,14.475
2025-06-21 01:00:00,1,38,38,2.0,10.0,24.0,2.0,0.0,1.0,3,3,24,0,24,0,29.433,429.5,262.0,639.0,15.917,3.0,7.88,roster,0,126.0,95.0,2.625,97.21,4.4124,0.95,0.3807,3.3158,81.51,20.84,0.0,14.86,15.975
2025-06-21 02:00:00,2,38,38,2.0,9.0,27.0,0.0,0.0,1.0,5,5,24,0,24,0,30.433,489.5,322.0,699.0,16.917,3.0,7.88,roster,0,127.0,95.0,2.6458,98.6,5.2956,0.95,0.6345,3.3421,81.51,20.84,0.0,16.25,17.475
2025-06-21 03:00:00,3,42,42,2.0,9.0,30.0,1.0,0.0,1.0,7,6,25,0,25,0,31.433,534.0,374.0,728.0,17.917,3.0,7.88,roster,0,138.0,105.0,3.0667,108.72,5.9518,1.05,0.7614,3.2857,90.09,21.71,0.0,16.93,18.2
2025-06-21 04:00:00,4,38,38,2.0,9.0,26.0,1.0,0.0,1.0,3,2,25,0,25,0,32.433,594.0,434.0,788.0,18.917,3.0,7.88,roster,0,126.0,95.0,2.8,101.54,3.9916,0.95,0.2538,3.3158,81.51,21.71,0.0,18.32,19.7
2025-06-21 05:00:00,5,39,39,2.0,10.0,26.0,1.0,0.0,1.0,2,2,26,0,26,0,33.433,620.0,490.0,848.0,19.917,3.0,7.88,roster,0,130.0,97.5,3.0952,105.95,4.096,0.975,0.2538,3.3333,83.66,22.58,0.0,19.72,21.2
2025-06-21 06:00:00,6,38,38,2.0,10.0,26.0,0.0,0.0,1.0,2,2,25,0,25,0,34.433,714.0,554.0,908.0,20.917,3.0,7.88,roster,0,128.0,95.0,2.8444,104.33,4.0549,0.95,0.2538,3.3684,81.51,21.71,0.0,21.11,22.7
2025-06-21 07:00:00,7,37,37,2.0,10.0,25.0,0.0,0.0,1.0,3,3,26,0,26,0,22.883,740.0,610.0,968.0,21.917,3.0,7.88,roster,0,125.0,92.5,2.9762,104.45,4.4112,0.925,0.3807,3.3784,79.36,22.58,0.0,22.51,24.2
2025-06-21 08:00:00,8,41,41,3.0,12.0,25.0,1.0,0.0,1.0,9,8,26,0,26,0,23.883,758.0,617.0,1007.0,22.917,3.0,6.66,roster,0,140.0,102.5,3.3333,113.93,7.6017,1.025,1.2012,3.4146,87.94,22.58,0.0,23.41,25.175
2025-06-21 09:00:00,9,43,43,3.0,14.0,25.0,1.0,0.0,1.0,8,7,24,0,24,0,24.883,808.0,613.0,993.0,23.633,3.0,6.66,roster,0,148.0,107.5,3.0833,116.16,7.3176,1.075,1.0511,3.4419,92.24,20.84,0.0,23.09,24.825
2025-06-21 10:00:00,10,43,43,3.0,16.0,23.0,1.0,0.0,1.0,5,6,24,0,24,0,25.883,868.0,673.0,1053.0,24.633,4.0,9.91,roster,0,150.0,107.5,2.3438,117.56,5.862,1.075,0.6054,3.4884,92.24,20.84,0.0,24.48,26.325
2025-06-21 11:00:00,11,43,43,2.0,15.0,26.0,0.0,0.0,1.0,10,10,20,1,21,1,26.883,922.0,281.0,1045.0,20.65,4.0,9.91,roster,0,148.0,107.5,1.9474,128.17,7.1731,1.075,1.0091,3.4419,92.24,18.23,13.4,24.3,26.125
2025-06-21 12:00:00,12,42,42,2.0,15.0,25.0,0.0,0.0,1.0,7,7,22,1,23,1,27.883,767.0,129.0,1105.0,21.65,4.0,9.91,roster,0,145.0,105.0,2.1324,129.15,6.0636,1.05,0.7064,3.4524,90.09,19.97,13.4,25.69,27.625
2025-06-21 13:00:00,13,35,35,2.0,13.0,20.0,0.0,0.0,1.0,4,4,21,1,22,1,28.883,227.0,128.0,1066.0,21.783,4.0,9.91,roster,0,122.0,87.5,1.6944,112.36,4.4569,0.875,0.4036,3.4857,75.08,19.1,13.4,24.78,26.65
2025-06-21 14:00:00,14,34,34,1.0,11.0,22.0,0.0,0.0,1.0,11,11,14,2,16,2,29.883,246.5,183.0,1225.0,22.783,4.0,9.91,roster,0,115.0,85.0,1.1979,122.1,6.6294,0.85,1.11,3.3824,72.93,13.89,26.8,28.48,30.625
2025-06-21 15:00:00,15,32,32,0.0,8.0,24.0,0.0,0.0,1.0,9,5,15,0,15,0,30.883,309.0,185.0,1285.0,23.783,4.0,9.91,roster,0,104.0,80.0,1.04,91.54,4.2398,0.8,0.5045,3.25,68.64,13.02,0.0,29.88,32.125
2025-06-21 16:00:00,16,27,27,0.0,8.0,18.0,0.0,1.0,1.0,5,4,13,0,13,0,31.883,331.0,243.0,420.0,22.617,4.0,9.91,roster,0,87.0,67.5,0.8056,58.97,3.4756,0.675,0.4036,3.2222,57.92,11.29,0.0,9.76,10.5
2025-06-21 17:00:00,17,26,26,0.0,7.0,18.0,0.0,1.0,1.0,4,2,15,0,15,0,32.883,363.0,193.0,480.0,23.617,4.0,9.91,roster,0,83.0,65.0,0.83,59.95,2.7193,0.65,0.2018,3.1923,55.77,13.02,0.0,11.16,12.0
2025-06-21 18:00:00,18,33,33,0.0,6.0,26.0,0.0,1.0,1.0,10,9,16,0,16,0,33.883,394.0,253.0,540.0,24.617,4.0,9.91,roster,0,103.0,82.5,1.0729,77.23,5.4096,0.825,0.9082,3.1212,70.78,13.89,0.0,12.56,13.5
2025-06-21 19:00:00,19,27,27,0.0,3.0,22.0,1.0,1.0,1.0,6,6,13,0,13,0,25.617,420.0,239.0,549.0,25.617,4.0,9.91,roster,0,81.0,67.5,0.75,61.97,3.8413,0.675,0.6054,3.0,57.92,11.29,0.0,12.76,13.725
2025-06-21 20:00:00,20,27,27,0.0,2.0,24.0,0.0,1.0,1.0,11,11,10,0,10,0,26.617,414.5,122.0,634.0,26.617,4.0,11.01,roster,0,81.0,67.5,0.675,61.34,5.0223,0.675,0.9991,3.0,57.92,8.68,0.0,14.74,15.85
2025-06-21 21:00:00,21,36,36,0.0,3.0,29.0,3.0,1.0,1.0,15,15,10,0,10,0,25.767,238.5,151.0,540.0,25.767,4.0,11.01,roster,0,106.0,90.0,0.8833,78.46,6.6615,0.9,1.3624,2.9444,77.22,8.68,0.0,12.56,13.5
2025-06-21 22:00:00,22,30,30,0.0,3.0,25.0,1.0,1.0,1.0,8,7,11,0,11,0,26.767,223.0,129.0,469.0,26.767,3.0,7.76,roster,0,90.0,75.0,1.0345,64.81,4.9562,0.75,0.9021,3.0,64.35,9.55,0.0,10.9,11.725
2025-06-21 23:00:00,23,38,38,1.0,4.0,31.0,1.0,1.0,1.0,11,11,12,0,12,0,27.767,277.0,189.0,529.0,27.767,3.0,7.76,roster,0,117.0,95.0,1.3929,84.23,7.2895,0.95,1.4175,3.0789,81.51,10.42,0.0,12.3,13.225
2025-06-22 00:00:00,0,34,34,1.0,3.0,29.0,0.0,1.0,1.0,6,5,11,1,12,1,28.767,310.0,193.0,589.0,28.767,3.0,7.76,roster,0,105.0,85.0,1.25,90.44,4.6148,0.85,0.6443,3.0882,72.93,10.42,13.4,13.69,14.725
2025-06-22 01:00:00,1,32,32,1.0,5.0,25.0,0.0,1.0,1.0,7,8,12,1,13,1,29.767,349.0,249.0,422.0,29.767,3.0,7.76,roster,0,101.0,80.0,1.2469,83.14,5.7789,0.8,1.0309,3.1562,68.64,11.29,13.4,9.81,10.55
2025-06-22 02:00:00,2,29,29,1.0,5.0,22.0,0.0,1.0,1.0,2,1,14,1,15,1,30.767,369.0,208.0,482.0,30.767,3.0,7.76,roster,0,92.0,72.5,1.2267,79.84,2.7088,0.725,0.1289,3.1724,62.2,13.02,13.4,11.21,12.05
2025-06-22 03:00:00,3,28,28,0.0,6.0,21.0,0.0,1.0,1.0,4,4,14,0,14,0,31.767,449.0,225.0,542.0,31.767,3.0,7.76,roster,0,88.0,70.0,1.1282,64.82,3.82,0.7,0.5155,3.1429,60.06,12.16,0.0,12.6,13.55
2025-06-22 04:00:00,4,30,30,1.0,7.0,21.0,0.0,1.0,1.0,5,4,15,0,15,0,32.767,489.0,206.0,602.0,32.767,3.0,7.76,roster,0,97.0,75.0,1.2933,71.37,4.0917,0.75,0.5155,3.2333,64.35,13.02,0.0,14.0,15.05
2025-06-22 05:00:00,5,31,31,1.0,7.0,22.0,0.0,1.0,1.0,5,4,16,1,17,1,33.767,489.0,249.0,643.0,33.767,3.0,7.76,roster,0,100.0,77.5,1.4493,89.61,4.1628,0.775,0.5155,3.2258,66.5,14.76,13.4,14.95,16.075
2025-06-22 06:00:00,6,31,31,1.0,7.0,22.0,0.0,1.0,1.0,2,2,17,1,18,1,34.767,543.0,299.0,703.0,34.767,3.0,7.76,roster,0,100.0,77.5,1.5152,91.87,3.3314,0.775,0.2577,3.2258,66.5,15.63,13.4,16.34,17.575
2025-06-22 07:00:00,7,29,29,2.0,7.0,19.0,0.0,1.0,1.0,4,3,16,1,17,1,35.767,609.0,369.0,763.0,35.767,3.0,7.76,roster,0,96.0,72.5,1.3913,88.11,3.6798,0.725,0.3866,3.3103,62.2,14.76,13.4,17.74,19.075
2025-06-22 08:00:00,8,31,31,1.0,8.0,21.0,0.0,1.0,1.0,4,4,17,1,18,1,36.767,663.0,419.0,823.0,36.767,3.0,7.04,roster,0,101.0,77.5,1.5303,94.66,4.3762,0.775,0.5682,3.2581,66.5,15.63,13.4,19.13,20.575
2025-06-22 09:00:00,9,34,34,2.0,8.0,23.0,0.0,1.0,1.0,8,7,16,0,16,0,37.767,759.0,479.0,902.0,37.767,3.0,7.04,roster,0,112.0,85.0,1.5556,87.79,6.0754,0.85,0.9943,3.2941,72.93,13.89,0.0,20.97,22.55
2025-06-22 10:00:00,10,48,48,2.0,11.0,34.0,0.0,1.0,1.0,16,16,19,1,20,1,38.767,671.5,184.0,943.0,38.767,4.0,10.29,roster,0,157.0,120.0,1.9625,135.65,9.0108,1.2,1.5549,3.2708,102.96,17.37,13.4,21.92,23.575
2025-06-22 11:00:00,11,59,59,2.0,14.0,40.0,2.0,1.0,1.0,18,17,22,1,23,1,39.767,599.0,169.0,991.0,39.767,4.0,10.29,roster,0,191.0,147.5,2.8088,162.97,10.1233,1.475,1.6521,3.2373,126.56,19.97,13.4,23.04,24.775
2025-06-22 12:00:00,12,52,52,0.0,13.0,35.0,3.0,1.0,1.0,6,6,21,1,22,1,40.767,345.0,121.0,969.0,40.767,4.0,10.29,roster,0,164.0,130.0,2.2778,146.57,5.939,1.3,0.5831,3.1538,111.54,19.1,13.4,22.53,24.225
2025-06-22 13:00:00,13,47,47,0.0,11.0,34.0,1.0,1.0,1.0,6,7,20,1,21,1,41.767,267.0,174.0,957.0,41.767,4.0,10.29,roster,0,149.0,117.5,1.9605,134.7,5.8816,1.175,0.6803,3.1702,100.82,18.23,13.4,22.25,23.925
2025-06-22 14:00:00,14,46,46,1.0,11.0,31.0,2.0,1.0,1.0,9,8,20,1,21,1,42.767,327.0,234.0,1017.0,42.767,4.0,10.29,roster,0,147.0,115.0,1.9342,133.95,6.1595,1.15,0.7775,3.1957,98.67,18.23,13.4,23.65,25.425
2025-06-22 15:00:00,15,50,50,2.0,11.0,34.0,2.0,1.0,1.0,12,11,22,1,23,1,43.767,384.0,261.0,1077.0,43.767,4.0,10.29,roster,0,161.0,125.0,2.3676,145.66,7.4672,1.25,1.069,3.22,107.25,19.97,13.4,25.04,26.925
2025-06-22 16:00:00,16,48,48,2.0,10.0,33.0,2.0,1.0,1.0,9,9,24,1,25,1,44.767,417.0,304.0,899.0,44.767,4.0,10.29,roster,0,154.0,120.0,2.5667,138.97,6.6561,1.2,0.8746,3.2083,102.96,21.71,13.4,20.9,22.475
2025-06-22 17:00:00,17,53,53,2.0,10.0,37.0,3.0,1.0,1.0,14,13,25,1,26,1,45.767,463.5,335.0,959.0,45.767,4.0,10.29,roster,0,168.0,132.5,3.0,151.96,8.2046,1.325,1.2634,3.1698,113.68,22.58,13.4,22.3,23.975
2025-06-22 18:00:00,18,48,48,2.0,11.0,32.0,2.0,1.0,1.0,8,8,26,1,27,1,46.767,510.0,294.0,1019.0,46.767,4.0,10.29,roster,0,155.0,120.0,2.9808,143.5,6.3855,1.2,0.7775,3.2292,102.96,23.44,13.4,23.69,25.475
2025-06-22 19:00:00,19,44,44,3.0,11.0,27.0,2.0,1.0,1.0,8,6,27,1,28,1,47.767,552.0,354.0,1079.0,47.767,4.0,10.29,roster,0,145.0,110.0,3.0208,137.18,5.5465,1.1,0.5831,3.2955,94.38,24.31,13.4,25.09,26.975
2025-06-22 20:00:00,20,44,44,3.0,11.0,28.0,1.0,1.0,1.0,12,10,27,1,28,1,48.767,612.0,414.0,1139.0,48.767,4.0,11.64,roster,0,146.0,110.0,3.0417,138.57,6.5007,1.1,0.8591,3.3182,94.38,24.31,13.4,26.48,28.475
2025-06-22 21:00:00,21,51,51,3.0,12.0,34.0,1.0,1.0,1.0,10,8,28,1,29,1,49.767,654.0,423.0,1132.0,49.767,4.0,11.64,roster,0,168.0,127.5,3.8182,154.29,6.464,1.275,0.6873,3.2941,109.39,25.18,13.4,26.32,28.3
2025-06-22 22:00:00,22,53,53,3.0,14.0,35.0,0.0,1.0,1.0,11,10,28,1,29,1,50.767,714.0,483.0,1192.0,50.767,3.0,8.39,roster,0,177.0,132.5,5.3636,159.98,8.4055,1.325,1.1919,3.3396,113.68,25.18,13.4,27.71,29.8
2025-06-22 23:00:00,23,51,51,3.0,17.0,30.0,0.0,1.0,1.0,8,7,28,3,31,3,51.767,754.0,509.0,1252.0,51.767,3.0,8.39,roster,0,174.0,127.5,6.4444,185.62,7.1965,1.275,0.8343,3.4118,109.39,26.92,40.2,29.11,31.3
2025-06-23 00:00:00,0,54,54,4.0,19.0,28.0,2.0,1.0,1.0,9,8,31,3,34,3,52.767,804.5,338.0,1181.0,52.767,3.0,8.39,roster,0,185.0,135.0,10.2778,193.01,7.8917,1.35,0.9535,3.4259,115.83,29.52,40.2,27.46,29.525
2025-06-23 01:00:00,1,50,50,4.0,19.0,26.0,1.0,0.0,1.0,3,3,33,4,37,4,53.767,844.0,292.0,1009.0,53.767,3.0,8.39,roster,0,176.0,125.0,19.5556,196.44,5.6586,1.25,0.3576,3.52,107.25,32.13,53.6,23.46,25.225
2025-06-23 02:00:00,2,48,48,4.0,18.0,26.0,0.0,0.0,1.0,4,3,34,3,37,3,54.767,904.0,352.0,1069.0,54.767,3.0,8.39,roster,0,170.0,120.0,18.8889,180.14,5.5164,1.2,0.3576,3.5417,102.96,32.13,40.2,24.85,26.725
2025-06-23 03:00:00,3,48,48,4.0,18.0,26.0,0.0,0.0,1.0,2,2,34,3,37,3,55.767,964.0,412.0,1129.0,55.767,3.0,8.39,roster,0,170.0,120.0,18.8889,181.54,5.0943,1.2,0.2384,3.5417,102.96,32.13,40.2,26.25,28.225
2025-06-23 04:00:00,4,43,43,4.0,17.0,21.0,1.0,0.0,1.0,2,2,34,1,35,1,56.767,1024.0,472.0,1421.0,56.767,3.0,8.39,roster,0,153.0,107.5,10.2,149.06,4.6732,1.075,0.2384,3.5581,92.24,30.39,13.4,33.04,35.525
2025-06-23 05:00:00,5,41,41,3.0,16.0,22.0,0.0,0.0,1.0,1,1,34,0,34,0,57.767,1092.5,553.0,1481.0,57.767,3.0,8.39,roster,0,145.0,102.5,8.0556,131.9,4.0465,1.025,0.1192,3.5366,87.94,29.52,0.0,34.43,37.025
2025-06-23 06:00:00,6,45,45,3.0,16.0,25.0,1.0,0.0,1.0,6,5,34,0,34,0,58.767,1152.5,613.0,1541.0,58.767,3.0,8.39,roster,0,156.0,112.5,8.6667,141.88,5.966,1.125,0.5959,3.4667,96.52,29.52,0.0,35.83,38.525
2025-06-23 07:00:00,7,47,47,3.0,16.0,26.0,2.0,0.0,1.0,2,2,36,0,36,0,59.767,1189.5,652.0,1601.0,59.767,3.0,8.39,roster,0,161.0,117.5,13.4167,149.3,4.8416,1.175,0.2384,3.4255,100.82,31.26,0.0,37.22,40.025
2025-06-23 08:00:00,8,54,54,3.0,16.0,29.0,6.0,0.0,1.0,9,9,36,1,37,1,60.767,1235.0,629.0,1429.0,60.767,3.0,7.1,roster,0,178.0,135.0,19.7778,174.58,8.6284,1.35,1.2676,3.2963,115.83,32.13,13.4,33.22,35.725
2025-06-23 09:00:00,9,55,55,3.0,18.0,29.0,5.0,0.0,1.0,5,5,37,1,38,1,61.767,1168.5,620.0,1467.0,61.767,3.0,7.1,roster,0,184.0,137.5,30.6667,178.48,6.956,1.375,0.7042,3.3455,117.98,33.0,13.4,34.11,36.675
2025-06-23 10:00:00,10,57,57,3.0,18.0,31.0,5.0,0.0,1.0,9,9,39,1,40,1,62.767,1175.5,615.0,1527.0,62.767,4.0,10.97,roster,0,190.0,142.5,47.5,185.9,7.4847,1.425,0.8204,3.3333,122.26,34.73,13.4,35.5,38.175
2025-06-23 11:00:00,11,62,62,3.0,21.0,34.0,4.0,0.0,1.0,10,9,40,1,41,1,63.767,1229.0,647.0,1584.0,63.767,4.0,10.97,roster,0,209.0,155.0,52.25,198.82,7.9906,1.55,0.8204,3.371,132.99,35.6,13.4,36.83,39.6
2025-06-23 12:00:00,12,69,69,4.0,22.0,38.0,4.0,1.0,1.0,13,13,42,2,44,2,41.717,890.5,274.0,1528.0,41.717,4.0,10.97,roster,0,231.0,172.5,57.75,228.54,9.7423,1.725,1.1851,3.3478,148.0,38.21,26.8,35.53,38.2
2025-06-23 13:00:00,13,65,65,4.0,23.0,32.0,6.0,0.0,1.0,8,8,40,3,43,3,42.717,889.0,253.0,1581.0,42.717,4.0,10.97,roster,0,220.0,162.5,55.0,233.72,7.9683,1.625,0.7293,3.3846,139.42,37.34,40.2,36.76,39.525
2025-06-23 14:00:00,14,59,59,4.0,20.0,27.0,7.0,1.0,1.0,7,6,38,2,40,2,43.717,943.0,291.0,1624.0,43.717,4.0,10.97,roster,0,196.0,147.5,49.0,205.85,6.717,1.475,0.5469,3.322,126.56,34.73,26.8,37.76,40.6
2025-06-23 15:00:00,15,47,47,4.0,13.0,23.0,6.0,1.0,1.0,2,2,30,2,32,2,41.5,947.5,289.0,1482.0,36.867,4.0,10.97,roster,0,154.0,117.5,4.8125,169.86,4.4474,1.175,0.1823,3.2766,100.82,27.79,26.8,34.46,37.05
2025-06-23 16:00:00,16,44,44,4.0,15.0,21.0,4.0,0.0,1.0,3,3,30,2,32,2,42.5,1007.5,349.0,1542.0,37.867,4.0,10.97,roster,0,151.0,110.0,4.7188,164.82,4.7135,1.1,0.2735,3.4318,94.38,27.79,26.8,35.85,38.55
2025-06-23 17:00:00,17,44,44,4.0,14.0,21.0,5.0,0.0,1.0,6,5,31,2,33,2,43.5,1035.0,389.0,1589.0,38.867,4.0,10.97,roster,0,149.0,110.0,5.3214,166.78,5.2685,1.1,0.4558,3.3864,94.38,28.65,26.8,36.94,39.725
2025-06-23 18:00:00,18,52,52,4.0,14.0,29.0,5.0,0.0,1.0,9,10,32,2,34,2,44.5,1081.0,429.0,1649.0,39.867,4.0,10.97,roster,0,173.0,130.0,7.2083,186.2,7.3577,1.3,0.9116,3.3269,111.54,29.52,26.8,38.34,41.225
2025-06-23 19:00:00,19,49,49,4.0,14.0,27.0,4.0,0.0,1.0,5,5,33,2,35,2,45.5,694.0,444.0,1478.0,38.683,4.0,10.97,roster,0,165.0,122.5,8.25,176.66,5.6598,1.225,0.4558,3.3673,105.1,30.39,26.8,34.36,36.95
2025-06-23 20:00:00,20,53,53,4.0,14.0,30.0,4.0,1.0,1.0,10,10,31,3,34,3,46.5,748.5,504.0,1453.0,39.683,4.0,11.18,roster,0,175.0,132.5,7.2917,197.19,7.3284,1.325,0.8945,3.3019,113.68,29.52,40.2,33.78,36.325
2025-06-23 21:00:00,21,52,52,3.0,16.0,30.0,3.0,0.0,1.0,12,10,32,2,34,2,47.5,808.5,511.0,1513.0,40.683,4.0,11.18,roster,0,175.0,130.0,7.2917,183.04,7.3852,1.3,0.8945,3.3654,111.54,29.52,26.8,35.18,37.825
2025-06-23 22:00:00,22,55,55,3.0,17.0,32.0,3.0,0.0,1.0,13,10,35,2,37,2,48.5,793.0,375.0,1552.0,41.683,3.0,7.31,roster,0,185.0,137.5,20.5556,192.99,9.2264,1.375,1.368,3.3636,117.98,32.13,26.8,36.08,38.8
2025-06-23 23:00:00,23,57,57,3.0,18.0,33.0,3.0,0.0,1.0,8,8,34,2,36,2,49.5,888.0,435.0,1633.0,42.683,3.0,7.31,roster,0,192.0,142.5,16.0,198.29,8.4864,1.425,1.0944,3.3684,122.26,31.26,26.8,37.97,40.825
2025-06-24 00:00:00,0,50,50,3.0,18.0,26.0,3.0,0.0,1.0,5,5,35,1,36,1,50.5,948.0,495.0,1693.0,43.683,3.0,7.31,roster,0,171.0,125.0,14.25,171.27,6.6143,1.25,0.684,3.42,107.25,31.26,13.4,39.36,42.325
2025-06-24 01:00:00,1,50,50,3.0,18.0,25.0,4.0,0.0,1.0,4,4,36,1,37,1,51.5,973.0,490.0,1732.0,44.683,3.0,7.31,roster,0,170.0,125.0,18.8889,173.05,6.1105,1.25,0.5472,3.4,107.25,32.13,13.4,40.27,43.3
2025-06-24 02:00:00,2,52,52,5.0,18.0,25.0,4.0,0.0,1.0,6,6,36,1,37,1,52.5,1033.0,550.0,1792.0,45.683,3.0,7.31,roster,0,180.0,130.0,20.0,178.73,7.3412,1.3,0.8208,3.4615,111.54,32.13,13.4,41.66,44.8
2025-06-24 03:00:00,3,50,50,5.0,18.0,24.0,3.0,0.0,1.0,0,0,37,2,39,2,53.5,1018.0,550.0,1852.0,46.683,3.0,7.31,roster,0,175.0,125.0,58.3333,190.97,4.375,1.25,0.0,3.5,107.25,33.86,26.8,43.06,46.3
2025-06-24 04:00:00,4,46,46,4.0,18.0,19.0,5.0,0.0,1.0,2,2,36,1,37,1,54.5,1153.0,670.0,1912.0,47.683,3.0,7.31,roster,0,159.0,115.0,17.6667,168.65,4.9207,1.15,0.2736,3.4565,98.67,32.13,13.4,44.45,47.8
2025-06-24 05:00:00,5,48,48,4.0,18.0,22.0,4.0,0.0,1.0,5,4,36,1,37,1,55.5,1213.0,730.0,1972.0,48.683,3.0,7.31,roster,0,166.0,120.0,18.4444,174.34,6.0424,1.2,0.5472,3.4583,102.96,32.13,13.4,45.85,49.3
2025-06-24 06:00:00,6,48,48,4.0,18.0,21.0,5.0,0.0,1.0,4,3,36,1,37,1,56.5,1273.0,790.0,2032.0,49.683,3.0,7.31,roster,0,165.0,120.0,18.3333,175.73,5.5357,1.2,0.4104,3.4375,102.96,32.13,13.4,47.24,50.8
2025-06-24 07:00:00,7,48,48,4.0,18.0,22.0,4.0,0.0,1.0,1,1,36,1,37,1,57.5,1333.0,850.0,2092.0,50.683,3.0,7.31,roster,0,166.0,120.0,18.4444,177.13,4.6231,1.2,0.1368,3.4583,102.96,32.13,13.4,48.64,52.3
2025-06-24 08:00:00,8,49,49,4.0,20.0,22.0,3.0,0.0,1.0,7,5,36,1,37,1,58.5,1393.0,910.0,2152.0,51.683,3.0,6.59,roster,0,172.0,122.5,19.1111,180.67,6.9633,1.225,0.7587,3.5102,105.1,32.13,13.4,50.03,53.8
2025-06-24 09:00:00,9,55,55,4.0,19.0,29.0,3.0,0.0,1.0,11,11,33,2,35,2,59.5,1378.0,951.0,2089.0,52.683,3.0,6.59,roster,0,189.0,137.5,12.6,203.73,10.461,1.375,1.6692,3.4364,117.98,30.39,26.8,48.57,52.225
2025-06-24 10:00:00,10,58,58,4.0,20.0,31.0,3.0,0.0,1.0,8,7,33,2,35,2,60.5,1409.0,838.0,2149.0,53.683,4.0,11.57,roster,0,199.0,145.0,9.95,211.56,7.0508,1.45,0.605,3.431,124.41,30.39,26.8,49.96,53.725
2025-06-24 11:00:00,11,57,57,4.0,16.0,35.0,2.0,0.0,1.0,9,10,30,1,31,1,61.5,1441.0,867.0,1668.0,54.683,4.0,11.57,roster,0,193.0,142.5,5.3611,181.36,7.7515,1.425,0.8643,3.386,122.26,26.92,13.4,38.78,41.7
2025-06-24 12:00:00,12,52,52,2.0,17.0,28.0,5.0,0.0,1.0,13,11,30,1,31,1,62.5,1215.0,210.0,1703.0,55.683,4.0,11.57,roster,0,172.0,130.0,4.7778,171.45,7.4447,1.3,0.9507,3.3077,111.54,26.92,13.4,39.59,42.575
2025-06-24 13:00:00,13,48,48,2.0,17.0,25.0,4.0,0.0,1.0,2,2,32,2,34,2,56.683,1170.5,180.0,1618.0,56.683,4.0,11.57,roster,0,161.0,120.0,6.7083,176.9,4.6048,1.2,0.1729,3.3542,102.96,29.52,26.8,37.62,40.45
2025-06-24 14:00:00,14,47,47,2.0,15.0,27.0,3.0,0.0,1.0,8,7,31,2,33,2,47.483,1078.0,237.0,1669.0,47.483,4.0,11.57,roster,0,157.0,117.5,5.6071,175.07,5.946,1.175,0.605,3.3404,100.82,28.65,26.8,38.8,41.725
2025-06-24 15:00:00,15,49,49,1.0,15.0,29.0,4.0,0.0,1.0,9,9,31,1,32,1,42.867,1044.5,281.0,1709.0,42.867,4.0,11.57,roster,0,160.0,122.5,5.0,166.03,6.54,1.225,0.7779,3.2653,105.1,27.79,13.4,39.73,42.725
2025-06-24 16:00:00,16,50,50,3.0,14.0,30.0,3.0,0.0,1.0,8,8,29,2,31,2,41.817,445.0,270.0,1455.0,41.817,4.0,11.57,roster,0,167.0,125.0,4.6389,174.8,6.4844,1.25,0.6914,3.34,107.25,26.92,26.8,33.83,36.375
2025-06-24 17:00:00,17,48,48,3.0,14.0,29.0,2.0,0.0,1.0,7,6,31,2,33,2,42.817,420.0,273.0,1390.0,42.817,4.0,11.57,roster,0,162.0,120.0,5.7857,170.73,5.8002,1.2,0.5186,3.375,102.96,28.65,26.8,32.32,34.75
2025-06-24 18:00:00,18,51,51,2.0,15.0,29.0,4.0,1.0,1.0,8,7,33,2,35,2,43.817,477.0,245.0,1450.0,43.817,4.0,11.57,roster,0,166.0,127.5,8.3,180.3,6.1193,1.275,0.605,3.2549,109.39,30.39,26.8,33.71,36.25
2025-06-24 19:00:00,19,53,53,2.0,16.0,32.0,3.0,0.0,1.0,10,9,34,2,36,2,44.817,529.0,305.0,1510.0,44.817,4.0,11.57,roster,0,176.0,132.5,11.0,186.85,6.9831,1.325,0.7779,3.3208,113.68,31.26,26.8,35.11,37.75
2025-06-24 20:00:00,20,47,47,2.0,15.0,29.0,1.0,0.0,1.0,11,9,30,1,31,1,33.967,561.0,276.0,1438.0,33.967,4.0,11.61,roster,0,159.0,117.5,4.4167,154.57,6.5975,1.175,0.7752,3.383,100.82,26.92,13.4,33.43,35.95
2025-06-24 21:00:00,21,50,50,3.0,12.0,35.0,0.0,0.0,1.0,13,12,27,1,28,1,34.15,566.0,320.0,1152.0,34.15,4.0,11.61,roster,0,168.0,125.0,3.5,151.75,7.6729,1.25,1.0336,3.36,107.25,24.31,13.4,26.78,28.8
2025-06-24 22:00:00,22,49,49,2.0,12.0,35.0,0.0,0.0,1.0,7,7,28,1,29,1,35.15,622.0,363.0,805.0,35.15,3.0,6.63,roster,0,163.0,122.5,4.9394,142.4,7.5872,1.225,1.0558,3.3265,105.1,25.18,13.4,18.72,20.125
2025-06-24 23:00:00,23,44,44,2.0,11.0,31.0,0.0,0.0,1.0,6,4,28,1,29,1,36.15,682.0,423.0,865.0,36.15,3.0,6.63,roster,0,147.0,110.0,4.4545,133.07,5.6906,1.1,0.6033,3.3409,94.38,25.18,13.4,20.11,21.625
2025-06-25 00:00:00,0,44,44,2.0,11.0,30.0,1.0,0.0,1.0,6,6,28,1,29,1,37.15,742.0,483.0,925.0,37.15,3.0,6.63,roster,0,146.0,110.0,4.4242,134.47,6.6529,1.1,0.905,3.3182,94.38,25.18,13.4,21.51,23.125
2025-06-25 01:00:00,1,40,40,2.0,10.0,28.0,0.0,0.0,1.0,3,2,29,1,30,1,38.15,777.5,509.0,985.0,38.15,3.0,6.63,roster,0,134.0,100.0,4.4667,128.15,4.3606,1.0,0.3017,3.35,85.8,26.05,13.4,22.9,24.625
2025-06-25 02:00:00,2,43,43,2.0,10.0,31.0,0.0,0.0,1.0,5,5,29,1,30,1,39.15,837.5,569.0,1045.0,39.15,3.0,6.63,roster,0,143.0,107.5,4.7667,135.98,6.083,1.075,0.7541,3.3256,92.24,26.05,13.4,24.3,26.125
2025-06-25 03:00:00,3,40,40,2.0,12.0,26.0,0.0,0.0,1.0,5,3,29,1,30,1,40.15,897.5,629.0,1105.0,40.15,3.0,6.63,roster,0,136.0,100.0,4.5333,130.94,4.9385,1.0,0.4525,3.4,85.8,26.05,13.4,25.69,27.625
2025-06-25 04:00:00,4,41,41,2.0,12.0,27.0,0.0,0.0,1.0,3,3,29,2,31,2,41.15,933.0,663.0,1165.0,41.15,3.0,6.63,roster,0,139.0,102.5,5.1481,148.75,5.009,1.025,0.4525,3.3902,87.94,26.92,26.8,27.09,29.125
2025-06-25 05:00:00,5,44,44,2.0,12.0,30.0,0.0,0.0,1.0,5,4,29,2,31,2,42.15,993.0,723.0,1225.0,42.15,3.0,6.63,roster,0,148.0,110.0,5.4815,156.58,5.7293,1.1,0.6033,3.3636,94.38,26.92,26.8,28.48,30.625
2025-06-25 06:00:00,6,43,43,2.0,12.0,29.0,0.0,0.0,1.0,2,2,29,2,31,2,43.15,1053.0,783.0,1285.0,43.15,3.0,6.63,roster,0,145.0,107.5,5.3704,155.83,4.6422,1.075,0.3017,3.3721,92.24,26.92,26.8,29.88,32.125
2025-06-25 07:00:00,7,43,43,2.0,13.0,28.0,0.0,0.0,1.0,4,3,29,2,31,2,44.15,1113.0,843.0,1345.0,44.15,3.0,6.63,roster,0,146.0,107.5,5.4074,157.22,5.1864,1.075,0.4525,3.3953,92.24,26.92,26.8,31.27,33.625
2025-06-25 08:00:00,8,42,42,2.0,12.0,28.0,0.0,0.0,1.0,3,2,30,2,32,2,45.15,1151.5,903.0,1405.0,45.15,3.0,7.47,roster,0,142.0,105.0,5.9167,157.34,4.4552,1.05,0.2677,3.381,90.09,27.79,26.8,32.67,35.125
2025-06-25 09:00:00,9,45,45,2.0,13.0,30.0,0.0,0.0,1.0,8,8,27,2,29,2,46.15,1190.0,939.0,1380.0,46.15,3.0,7.47,roster,0,152.0,112.5,4.6061,160.59,7.4174,1.125,1.071,3.3778,96.52,25.18,26.8,32.08,34.5
2025-06-25 10:00:00,10,52,52,2.0,14.0,35.0,1.0,0.0,1.0,14,13,26,2,28,2,47.15,1152.0,903.0,1437.0,47.15,4.0,10.93,roster,0,173.0,130.0,3.6042,176.06,8.282,1.3,1.1894,3.3269,111.54,24.31,26.8,33.41,35.925
2025-06-25 11:00:00,11,54,54,3.0,15.0,34.0,2.0,0.0,1.0,13,13,25,3,28,3,48.15,1193.0,888.0,1461.0,48.15,4.0,10.93,roster,0,181.0,135.0,3.7708,194.31,8.5116,1.35,1.1894,3.3519,115.83,24.31,40.2,33.97,36.525
2025-06-25 12:00:00,12,56,56,3.0,15.0,36.0,2.0,0.0,1.0,17,16,25,3,28,3,27.417,989.0,174.0,1370.0,27.417,4.0,10.93,roster,0,187.0,140.0,3.8958,196.49,9.5632,1.4,1.4639,3.3393,120.12,24.31,40.2,31.85,34.25
2025-06-25 13:00:00,13,51,51,3.0,15.0,31.0,2.0,0.0,1.0,6,6,27,5,32,5,28.417,510.0,143.0,1296.0,28.417,4.0,10.93,roster,0,172.0,127.5,5.375,214.31,6.1514,1.275,0.5489,3.3725,109.39,27.79,67.0,30.13,32.4
2025-06-25 14:00:00,14,45,45,3.0,12.0,28.0,2.0,0.0,1.0,8,8,22,4,26,4,29.417,391.0,178.0,1356.0,29.417,4.0,10.93,roster,0,151.0,112.5,2.6964,184.23,6.231,1.125,0.7319,3.3556,96.52,22.58,53.6,31.53,33.9
2025-06-25 15:00:00,15,48,48,4.0,10.0,34.0,0.0,0.0,1.0,13,12,21,3,24,3,28.95,345.0,238.0,1400.0,28.95,4.0,10.93,roster,0,162.0,120.0,2.5312,176.55,7.7554,1.2,1.0979,3.375,102.96,20.84,40.2,32.55,35.0
2025-06-25 16:00:00,16,44,44,4.0,10.0,30.0,0.0,0.0,1.0,6,6,24,2,26,2,29.95,335.0,266.0,1443.0,29.95,4.0,10.93,roster,0,150.0,110.0,2.6786,157.31,5.6214,1.1,0.5489,3.4091,94.38,22.58,26.8,33.55,36.075
2025-06-25 17:00:00,17,46,46,4.0,9.0,33.0,0.0,0.0,1.0,8,7,24,3,27,3,30.95,368.0,208.0,1503.0,30.95,4.0,10.93,roster,0,155.0,115.0,2.9808,177.26,6.033,1.15,0.6404,3.3696,98.67,23.44,40.2,34.94,37.575
2025-06-25 18:00:00,18,47,47,5.0,7.0,35.0,0.0,0.0,1.0,8,8,24,3,27,3,31.95,428.0,236.0,1563.0,31.95,4.0,10.93,roster,0,158.0,117.5,3.0385,180.8,6.4105,1.175,0.7319,3.3617,100.82,23.44,40.2,36.34,39.075
2025-06-25 19:00:00,19,44,44,5.0,8.0,31.0,0.0,0.0,1.0,4,4,26,4,30,4,32.95,480.0,262.0,1539.0,32.95,4.0,10.93,roster,0,150.0,110.0,3.75,189.81,4.9976,1.1,0.366,3.4091,94.38,26.05,53.6,35.78,38.475
2025-06-25 20:00:00,20,51,51,5.0,10.0,36.0,0.0,0.0,1.0,13,13,27,4,31,4,33.95,538.0,316.0,1599.0,33.95,4.0,10.47,roster,0,173.0,127.5,4.8056,207.09,8.5368,1.275,1.2416,3.3922,109.39,26.92,53.6,37.18,39.975
2025-06-25 21:00:00,21,58,58,6.0,12.0,40.0,0.0,0.0,1.0,10,10,30,4,34,4,34.95,573.5,308.0,1317.0,34.95,4.0,10.47,roster,0,198.0,145.0,8.25,218.15,8.2105,1.45,0.9551,3.4138,124.41,29.52,53.6,30.62,32.925
2025-06-25 22:00:00,22,64,64,6.0,12.0,45.0,1.0,0.0,1.0,11,11,33,3,36,3,35.95,620.5,289.0,1377.0,35.95,3.0,7.01,roster,0,215.0,160.0,17.9167,220.75,10.6465,1.6,1.5692,3.3594,137.28,31.26,40.2,32.02,34.425
2025-06-25 23:00:00,23,56,56,6.0,10.0,39.0,1.0,0.0,1.0,4,4,34,4,38,4,36.95,604.0,256.0,1006.0,36.95,3.0,7.01,roster,0,189.0,140.0,31.5,210.11,6.6508,1.4,0.5706,3.375,120.12,33.0,53.6,23.39,25.15
2025-06-26 00:00:00,0,54,54,6.0,10.0,38.0,0.0,0.0,1.0,8,7,34,4,38,4,37.95,664.0,316.0,1066.0,37.95,3.0,7.01,roster,0,184.0,135.0,30.6667,207.21,8.0025,1.35,0.9986,3.4074,115.83,33.0,53.6,24.78,26.65
2025-06-26 01:00:00,1,53,53,6.0,10.0,36.0,1.0,0.0,1.0,5,5,34,4,38,4,38.95,724.0,376.0,1126.0,38.95,3.0,7.01,roster,0,180.0,132.5,30.0,206.46,6.9224,1.325,0.7133,3.3962,113.68,33.0,53.6,26.18,28.15
2025-06-26 02:00:00,2,51,51,6.0,10.0,34.0,1.0,0.0,1.0,2,2,35,3,38,3,39.95,784.0,436.0,1186.0,39.95,3.0,7.01,roster,0,174.0,127.5,29.0,190.17,5.3234,1.275,0.2853,3.4118,109.39,33.0,40.2,27.57,29.65
2025-06-26 03:00:00,3,50,50,6.0,9.0,35.0,0.0,0.0,1.0,2,2,35,3,38,3,40.95,844.0,496.0,1246.0,40.95,3.0,7.01,roster,0,171.0,125.0,28.5,189.42,5.2507,1.25,0.2853,3.42,107.25,33.0,40.2,28.97,31.15
2025-06-26 04:00:00,4,50,50,7.0,9.0,34.0,0.0,0.0,1.0,3,2,35,3,38,3,41.95,904.0,556.0,1306.0,41.95,3.0,7.01,roster,0,173.0,125.0,28.8333,190.81,5.3122,1.25,0.2853,3.46,107.25,33.0,40.2,30.36,32.65
2025-06-26 05:00:00,5,51,51,7.0,10.0,34.0,0.0,0.0,1.0,2,2,36,3,39,3,42.95,896.0,592.0,1366.0,42.95,3.0,7.01,roster,0,177.0,127.5,59.0,195.22,5.4152,1.275,0.2853,3.4706,109.39,33.86,40.2,31.76,34.15
2025-06-26 06:00:00,6,51,51,7.0,9.0,35.0,0.0,0.0,1.0,3,3,36,3,39,3,43.95,956.0,652.0,1426.0,43.95,3.0,7.01,roster,0,176.0,127.5,58.6667,196.61,5.8769,1.275,0.428,3.451,109.39,33.86,40.2,33.15,35.65
2025-06-26 07:00:00,7,49,49,7.0,9.0,33.0,0.0,0.0,1.0,1,1,36,3,39,3,44.95,1016.0,712.0,1486.0,44.95,3.0,7.01,roster,0,170.0,122.5,56.6667,193.72,4.7449,1.225,0.1427,3.4694,105.1,33.86,40.2,34.55,37.15
2025-06-26 08:00:00,8,55,55,7.0,10.0,34.0,4.0,0.0,1.0,9,8,36,3,39,3,45.95,1076.0,772.0,1546.0,45.95,3.0,7.68,roster,0,185.0,137.5,61.6667,207.98,8.1288,1.375,1.0417,3.3636,117.98,33.86,40.2,35.94,38.65
2025-06-26 09:00:00,9,62,62,7.0,12.0,37.0,6.0,0.0,1.0,9,9,38,3,41,3,46.95,1131.0,788.0,1456.0,46.95,3.0,7.68,roster,0,206.0,155.0,68.6667,222.64,9.0436,1.55,1.1719,3.3226,132.99,35.6,40.2,33.85,36.4
2025-06-26 10:00:00,10,63,63,7.0,15.0,37.0,4.0,0.0,1.0,11,11,37,3,40,3,47.95,1173.5,838.0,1666.0,47.95,4.0,11.14,roster,0,214.0,157.5,53.5,228.8,8.7041,1.575,0.9874,3.3968,135.14,34.73,40.2,38.73,41.65
2025-06-26 11:00:00,11,62,62,6.0,15.0,38.0,3.0,0.0,1.0,9,10,37,3,40,3,48.95,1155.5,864.0,1576.0,48.95,4.0,11.14,roster,0,210.0,155.0,52.5,224.56,8.2905,1.55,0.8977,3.3871,132.99,34.73,40.2,36.64,39.4
2025-06-26 12:00:00,12,59,59,5.0,15.0,35.0,4.0,0.0,1.0,9,9,34,3,37,3,49.95,1208.0,679.0,1523.0,49.95,4.0,11.14,roster,0,198.0,147.5,16.5,214.29,7.6613,1.475,0.8079,3.3559,126.56,32.13,40.2,35.41,38.075
2025-06-26 13:00:00,13,66,66,5.0,17.0,41.0,3.0,0.0,1.0,13,13,37,2,39,2,50.95,1072.0,322.0,1583.0,50.95,4.0,11.14,roster,0,222.0,165.0,55.5,219.04,9.4752,1.65,1.167,3.3636,141.57,33.86,26.8,36.8,39.575
2025-06-26 14:00:00,14,69,69,5.0,17.0,44.0,3.0,0.0,1.0,9,8,44,2,46,2,51.95,1070.5,192.0,1622.0,51.95,4.0,11.14,roster,0,231.0,172.5,57.75,232.46,8.1792,1.725,0.7181,3.3478,148.0,39.94,26.8,37.71,40.55
2025-06-26 15:00:00,15,64,64,5.0,16.0,40.0,3.0,0.0,1.0,7,7,44,2,46,2,52.95,1130.5,215.0,1682.0,52.95,4.0,11.14,roster,0,215.0,160.0,53.75,223.13,7.4859,1.6,0.6284,3.3594,137.28,39.94,26.8,39.11,42.05
2025-06-26 16:00:00,16,64,64,5.0,13.0,44.0,2.0,0.0,1.0,10,8,41,2,43,2,53.95,1198.0,254.0,1748.0,53.95,4.0,11.14,roster,0,213.0,160.0,53.25,222.06,7.715,1.6,0.7181,3.3281,137.28,37.34,26.8,40.64,43.7
2025-06-26 17:00:00,17,65,65,5.0,14.0,41.0,3.0,2.0,1.0,10,8,41,2,43,2,54.95,1253.0,301.0,1802.0,54.95,4.0,11.14,roster,0,212.0,162.5,53.0,225.46,7.6422,1.625,0.7181,3.2615,139.42,37.34,26.8,41.9,45.05
2025-06-26 18:00:00,18,60,60,5.0,14.0,40.0,1.0,0.0,1.0,6,4,43,3,46,3,55.95,1296.0,336.0,1829.0,55.95,4.0,11.14,roster,0,203.0,150.0,50.75,231.37,6.2898,1.5,0.3591,3.3833,128.7,39.94,40.2,42.52,45.725
2025-06-26 19:00:00,19,61,61,5.0,14.0,41.0,1.0,0.0,1.0,7,7,42,2,44,2,56.95,1370.5,421.0,1922.0,56.95,4.0,11.14,roster,0,206.0,152.5,51.5,220.54,7.272,1.525,0.6284,3.377,130.84,38.21,26.8,44.69,48.05
2025-06-26 20:00:00,20,59,59,5.0,13.0,40.0,1.0,0.0,1.0,6,6,41,2,43,2,57.95,1433.0,481.0,1982.0,57.95,4.0,10.27,roster,0,199.0,147.5,49.75,216.77,6.9455,1.475,0.5842,3.3729,126.56,37.34,26.8,46.08,49.55
2025-06-26 21:00:00,21,60,60,5.0,13.0,40.0,2.0,0.0,1.0,10,10,41,2,43,2,58.95,1493.0,541.0,2042.0,58.95,4.0,10.27,roster,0,201.0,150.0,50.25,220.31,8.2869,1.5,0.9737,3.35,128.7,37.34,26.8,47.48,51.05
2025-06-26 22:00:00,22,54,54,6.0,11.0,36.0,1.0,0.0,1.0,5,4,41,2,43,2,59.95,1548.0,590.0,2069.0,59.95,3.0,6.81,roster,0,184.0,135.0,61.3333,208.07,6.6014,1.35,0.5874,3.4074,115.83,37.34,26.8,48.1,51.725
2025-06-26 23:00:00,23,53,53,6.0,11.0,35.0,0.0,1.0,1.0,5,5,42,2,44,2,60.95,1596.0,650.0,2129.0,60.95,3.0,6.81,roster,0,180.0,132.5,60.0,208.19,6.9936,1.325,0.7342,3.3962,113.68,38.21,26.8,49.5,53.225
2025-06-27 00:00:00,0,52,52,6.0,11.0,35.0,0.0,0.0,1.0,5,5,43,2,45,2,61.95,1644.0,696.0,2172.0,61.95,3.0,6.81,roster,0,179.0,130.0,59.6667,207.91,7.0024,1.3,0.7342,3.4423,111.54,39.07,26.8,50.5,54.3
2025-06-27 01:00:00,1,52,52,6.0,12.0,34.0,0.0,0.0,1.0,4,3,43,2,45,2,62.95,1704.0,756.0,2232.0,62.95,3.0,6.81,roster,0,180.0,130.0,60.0,209.31,6.0249,1.3,0.4405,3.4615,111.54,39.07,26.8,51.89,55.8
2025-06-27 02:00:00,2,49,49,6.0,12.0,31.0,0.0,0.0,1.0,1,1,43,2,45,2,63.95,1764.0,816.0,2292.0,63.95,3.0,6.81,roster,0,171.0,122.5,57.0,204.27,4.7875,1.225,0.1468,3.4898,105.1,39.07,26.8,53.29,57.3
2025-06-27 03:00:00,3,55,55,6.0,11.0,36.0,2.0,0.0,1.0,10,9,42,2,44,2,64.95,1836.0,890.0,2369.0,64.95,3.0,6.81,roster,0,186.0,137.5,62.0,218.06,9.1194,1.375,1.3216,3.3818,117.98,38.21,26.8,55.08,59.225
2025-06-27 04:00:00,4,55,55,6.0,11.0,34.0,4.0,0.0,1.0,3,3,46,2,48,2,65.95,1597.5,930.0,2412.0,65.95,3.0,6.81,roster,0,184.0,137.5,61.3333,222.53,6.0738,1.375,0.4405,3.3455,117.98,41.68,26.8,56.08,60.3
2025-06-27 05:00:00,5,53,53,6.0,11.0,35.0,1.0,0.0,1.0,2,2,47,2,49,2,66.95,1531.0,987.0,2336.0,66.95,3.0,6.81,roster,0,181.0,132.5,60.3333,217.34,5.528,1.325,0.2937,3.4151,113.68,42.55,26.8,54.31,58.4
2025-06-27 06:00:00,6,53,53,6.0,11.0,35.0,1.0,0.0,1.0,2,1,47,2,49,2,67.95,1591.0,996.0,2396.0,67.95,3.0,6.81,roster,0,181.0,132.5,60.3333,218.74,5.0265,1.325,0.1468,3.4151,113.68,42.55,26.8,55.71,59.9
2025-06-27 07:00:00,7,55,55,6.0,11.0,37.0,1.0,0.0,1.0,3,3,47,2,49,2,68.95,1651.0,1056.0,2456.0,68.95,3.0,6.81,roster,0,187.0,137.5,62.3333,224.42,6.1728,1.375,0.4405,3.4,117.98,42.55,26.8,57.1,61.4
2025-06-27 08:00:00,8,53,53,6.0,11.0,35.0,1.0,0.0,1.0,2,1,48,2,50,2,69.95,1590.0,1074.0,2516.0,69.95,3.0,6.6,roster,0,181.0,132.5,60.3333,222.4,5.0424,1.325,0.1515,3.4151,113.68,43.42,26.8,58.5,62.9
2025-06-27 09:00:00,9,58,58,6.0,10.0,40.0,2.0,0.0,1.0,7,7,46,2,48,2,70.95,1897.5,1134.0,2712.0,70.95,3.0,6.6,roster,0,194.0,145.0,64.6667,235.94,8.3975,1.45,1.0606,3.3448,124.41,41.68,26.8,63.05,67.8
2025-06-27 10:00:00,10,63,63,6.0,13.0,41.0,2.0,1.0,1.0,10,9,45,2,47,2,67.167,1831.0,1022.0,2636.0,67.167,4.0,10.3,roster,0,210.0,157.5,52.5,244.03,8.1626,1.575,0.8738,3.3333,135.14,40.81,26.8,61.29,65.9
2025-06-27 11:00:00,11,62,62,5.0,15.0,40.0,1.0,1.0,1.0,10,9,40,2,42,2,67.6,1404.5,750.0,2416.0,67.6,4.0,10.3,roster,0,208.0,155.0,52.0,232.43,8.1314,1.55,0.8738,3.3548,132.99,36.47,26.8,56.17,60.4
2025-06-27 12:00:00,12,48,48,4.0,12.0,31.0,1.0,0.0,1.0,3,3,36,1,37,1,50.233,1407.0,548.0,2204.0,50.233,4.0,10.3,roster,0,163.0,120.0,13.5833,179.73,5.0641,1.2,0.2913,3.3958,102.96,32.13,13.4,51.24,55.1
2025-06-27 13:00:00,13,40,40,2.0,11.0,25.0,2.0,0.0,1.0,4,4,29,1,30,1,51.233,1420.5,500.0,2264.0,51.233,4.0,10.3,roster,0,133.0,100.0,3.325,157.89,4.6163,1.0,0.3883,3.325,85.8,26.05,13.4,52.64,56.6
2025-06-27 14:00:00,14,39,39,2.0,12.0,23.0,2.0,0.0,1.0,11,11,23,0,23,0,51.133,641.0,223.0,1574.0,51.133,4.0,10.3,roster,0,131.0,97.5,1.9265,120.22,6.8623,0.975,1.068,3.359,83.66,19.97,0.0,36.6,39.35
2025-06-27 15:00:00,15,37,37,1.0,12.0,21.0,3.0,0.0,1.0,8,8,19,0,19,0,42.967,315.0,145.0,1322.0,42.967,4.0,10.3,roster,0,122.0,92.5,1.4524,106.6,5.611,0.925,0.7767,3.2973,79.36,16.5,0.0,30.74,33.05
2025-06-27 16:00:00,16,27,27,1.0,8.0,17.0,1.0,0.0,1.0,2,2,14,1,15,1,32.483,226.0,121.0,545.0,32.483,4.0,10.3,roster,0,90.0,67.5,0.9,77.01,2.8972,0.675,0.1942,3.3333,57.92,13.02,13.4,12.67,13.625
2025-06-27 17:00:00,17,26,26,1.0,8.0,17.0,0.0,0.0,1.0,3,3,14,1,15,1,28.833,265.0,157.0,403.0,28.833,4.0,10.3,roster,0,88.0,65.0,0.88,71.56,3.1858,0.65,0.2913,3.3846,55.77,13.02,13.4,9.37,10.075
2025-06-27 18:00:00,18,26,26,1.0,8.0,17.0,0.0,0.0,1.0,2,2,14,1,15,1,29.833,273.0,213.0,450.0,29.833,4.0,10.3,roster,0,88.0,65.0,0.88,72.66,2.8572,0.65,0.1942,3.3846,55.77,13.02,13.4,10.46,11.25
2025-06-27 19:00:00,19,28,28,1.0,7.0,19.0,1.0,0.0,1.0,7,7,13,1,14,1,30.833,350.5,273.0,510.0,30.833,4.0,10.3,roster,0,92.0,70.0,0.8846,77.47,4.533,0.7,0.6796,3.2857,60.06,12.16,13.4,11.86,12.75
2025-06-27 20:00:00,20,21,21,0.0,7.0,13.0,1.0,0.0,1.0,5,4,10,1,11,1,10.483,361.0,281.0,466.0,9.717,4.0,10.65,roster,0,69.0,52.5,0.5948,58.83,2.9591,0.525,0.3756,3.2857,45.04,9.55,13.4,10.83,11.65
2025-06-27 21:00:00,21,24,24,0.0,7.0,17.0,0.0,0.0,1.0,6,7,11,2,13,2,11.483,397.0,283.0,505.0,10.717,4.0,10.65,roster,0,79.0,60.0,0.7315,81.31,4.1385,0.6,0.6573,3.2917,51.48,11.29,26.8,11.74,12.625
2025-06-27 22:00:00,22,27,27,0.0,6.0,21.0,0.0,0.0,1.0,6,6,11,2,13,2,12.483,457.0,343.0,565.0,11.717,3.0,6.95,roster,0,87.0,67.5,1.0741,89.14,4.9568,0.675,0.8633,3.2222,57.92,11.29,26.8,13.14,14.125
2025-06-27 23:00:00,23,26,26,0.0,5.0,19.0,2.0,0.0,1.0,7,7,9,2,11,2,13.483,513.0,359.0,556.0,12.717,3.0,6.95,roster,0,81.0,65.0,0.931,85.05,5.1628,0.65,1.0072,3.1154,55.77,9.55,26.8,12.93,13.9
2025-06-28 00:00:00,0,22,22,0.0,5.0,14.0,3.0,0.0,1.0,10,9,10,1,11,1,13.717,573.0,419.0,616.0,13.717,3.0,6.95,roster,0,68.0,55.0,0.7816,64.46,5.7026,0.55,1.295,3.0909,47.19,9.55,13.4,14.32,15.4
2025-06-28 01:00:00,1,19,19,0.0,5.0,12.0,2.0,0.0,1.0,2,2,10,1,11,1,14.717,633.0,479.0,676.0,14.717,3.0,6.95,roster,0,60.0,47.5,0.6897,59.42,2.4087,0.475,0.2878,3.1579,40.75,9.55,13.4,15.72,16.9
2025-06-28 02:00:00,2,15,15,0.0,4.0,10.0,1.0,0.0,1.0,0,0,10,1,11,1,15.717,693.0,539.0,736.0,15.717,3.0,6.95,roster,0,48.0,37.5,0.5517,52.24,1.2,0.375,0.0,3.2,32.17,9.55,13.4,17.11,18.4
2025-06-28 03:00:00,3,17,17,0.0,5.0,10.0,2.0,0.0,1.0,2,2,10,1,11,1,16.717,753.0,599.0,796.0,16.717,3.0,6.95,roster,0,54.0,42.5,0.6207,57.92,2.2641,0.425,0.2878,3.1765,36.46,9.55,13.4,18.51,19.9
2025-06-28 04:00:00,4,15,15,0.0,4.0,10.0,1.0,0.0,1.0,2,1,10,1,11,1,17.717,813.0,659.0,856.0,17.717,3.0,6.95,roster,0,48.0,37.5,0.5517,55.03,1.6604,0.375,0.1439,3.2,32.17,9.55,13.4,19.9,21.4
2025-06-28 05:00:00,5,16,16,0.0,4.0,10.0,2.0,0.0,1.0,3,3,9,1,10,1,16.417,847.0,719.0,901.0,16.417,3.0,6.95,roster,0,50.0,40.0,0.5556,57.35,2.5989,0.4,0.4317,3.125,34.32,8.68,13.4,20.95,22.525
2025-06-28 06:00:00,6,15,15,0.0,4.0,10.0,1.0,0.0,1.0,1,1,9,1,10,1,17.417,907.0,779.0,961.0,17.417,3.0,6.95,roster,0,48.0,37.5,0.5333,56.6,1.6604,0.375,0.1439,3.2,32.17,8.68,13.4,22.34,24.025
2025-06-28 07:00:00,7,18,18,0.0,4.0,13.0,1.0,0.0,1.0,4,4,9,1,10,1,18.417,967.0,839.0,1021.0,18.417,3.0,6.95,roster,0,57.0,45.0,0.6333,64.43,3.2475,0.45,0.5755,3.1667,38.61,8.68,13.4,23.74,25.525
2025-06-28 08:00:00,8,15,15,0.0,3.0,11.0,1.0,0.0,1.0,1,1,9,0,9,0,19.417,1001.0,899.0,1081.0,19.417,3.0,7.19,roster,0,47.0,37.5,0.5054,45.12,1.6108,0.375,0.1391,3.1333,32.17,7.81,0.0,25.13,27.025
2025-06-28 09:00:00,9,19,19,1.0,3.0,12.0,3.0,0.0,1.0,7,6,8,0,8,0,20.417,1032.0,959.0,1156.0,20.417,3.0,7.19,roster,0,59.0,47.5,0.6146,54.58,4.0663,0.475,0.8345,3.1053,40.75,6.95,0.0,26.88,28.9
2025-06-28 10:00:00,10,26,26,2.0,6.0,16.0,2.0,0.0,1.0,13,13,7,1,8,1,21.417,995.0,666.0,1216.0,21.417,4.0,10.51,roster,0,86.0,65.0,0.6719,84.39,6.2413,0.65,1.2369,3.3077,55.77,6.95,13.4,28.27,30.4
2025-06-28 11:00:00,11,33,33,1.0,7.0,24.0,1.0,0.0,1.0,14,14,9,2,11,2,21.267,100.0,80.0,929.0,21.267,4.0,10.51,roster,0,107.0,82.5,0.9224,108.74,6.9941,0.825,1.3321,3.2424,70.78,9.55,26.8,21.6,23.225
2025-06-28 12:00:00,12,36,36,2.0,7.0,25.0,2.0,0.0,1.0,8,8,13,2,15,2,22.267,149.0,113.0,786.0,22.267,4.0,10.51,roster,0,117.0,90.0,1.17,115.32,5.3988,0.9,0.7612,3.25,77.22,13.02,26.8,18.27,19.65
2025-06-28 13:00:00,13,35,35,2.0,7.0,24.0,2.0,0.0,1.0,10,10,12,2,14,2,21.683,183.0,159.0,220.0,21.683,4.0,10.51,roster,0,114.0,87.5,1.0962,99.15,5.9491,0.875,0.9515,3.2571,75.08,12.16,26.8,5.12,5.5
2025-06-28 14:00:00,14,33,33,2.0,7.0,22.0,2.0,0.0,1.0,8,8,9,2,11,2,22.683,205.0,110.0,246.0,22.683,4.0,10.51,roster,0,108.0,82.5,0.931,92.86,5.1911,0.825,0.7612,3.2727,70.78,9.55,26.8,5.72,6.15
2025-06-28 15:00:00,15,39,39,2.0,6.0,28.0,3.0,0.0,1.0,13,13,9,2,11,2,23.683,265.0,124.0,306.0,23.683,4.0,10.51,roster,0,124.0,97.5,1.069,107.12,7.0328,0.975,1.2369,3.1795,83.66,9.55,26.8,7.11,7.65
2025-06-28 16:00:00,16,32,32,1.0,5.0,22.0,3.0,1.0,1.0,7,8,6,2,8,2,9.383,223.5,79.0,360.0,6.667,4.0,10.51,roster,0,98.0,80.0,0.7656,90.76,4.7811,0.8,0.7612,3.0625,68.64,6.95,26.8,8.37,9.0
2025-06-28 17:00:00,17,28,28,1.0,5.0,19.0,2.0,1.0,1.0,9,9,8,2,10,2,7.667,160.5,124.0,399.0,7.667,4.0,10.51,roster,0,87.0,70.0,0.725,84.82,4.8357,0.7,0.8563,3.1071,60.06,8.68,26.8,9.28,9.975
2025-06-28 18:00:00,18,29,29,2.0,5.0,21.0,0.0,1.0,1.0,12,10,10,2,12,2,8.667,194.0,153.0,459.0,8.667,4.0,10.51,roster,0,94.0,72.5,0.8393,90.1,5.4341,0.725,0.9515,3.2414,62.2,10.42,26.8,10.67,11.475
2025-06-28 19:00:00,19,31,31,2.0,7.0,21.0,0.0,1.0,1.0,9,9,12,2,14,2,9.667,246.5,176.0,505.0,9.667,4.0,10.51,roster,0,102.0,77.5,0.9808,97.19,5.3676,0.775,0.8563,3.2903,66.5,12.16,26.8,11.74,12.625
2025-06-28 20:00:00,20,23,23,2.0,5.0,14.0,1.0,1.0,1.0,6,5,8,2,10,2,10.667,288.5,209.0,579.0,10.667,4.0,10.56,roster,0,75.0,57.5,0.625,78.28,3.419,0.575,0.4735,3.2609,49.33,8.68,26.8,13.46,14.475
2025-06-28 21:00:00,21,24,24,1.0,5.0,17.0,0.0,1.0,1.0,13,9,8,2,10,2,11.667,314.5,197.0,639.0,11.667,4.0,10.56,roster,0,77.0,60.0,0.6417,81.82,4.6594,0.6,0.8523,3.2083,51.48,8.68,26.8,14.86,15.975
2025-06-28 22:00:00,22,22,22,1.0,6.0,13.0,1.0,1.0,1.0,9,8,7,2,9,2,12.667,356.0,257.0,699.0,12.667,3.0,7.24,roster,0,71.0,55.0,0.7634,78.06,5.341,0.55,1.105,3.2273,47.19,7.81,26.8,16.25,17.475
2025-06-28 23:00:00,23,24,24,1.0,6.0,15.0,1.0,1.0,1.0,11,10,8,1,9,1,13.0,317.0,180.0,416.0,13.0,3.0,7.24,roster,0,77.0,60.0,0.828,62.37,6.3564,0.6,1.3812,3.2083,51.48,7.81,13.4,9.67,10.4
2025-06-29 00:00:00,0,19,19,1.0,7.0,10.0,0.0,1.0,1.0,5,3,10,2,12,2,14.0,263.5,149.0,476.0,14.0,3.0,7.24,roster,1,64.0,47.5,0.7619,69.04,2.9958,0.475,0.4144,3.3684,40.75,10.42,26.8,11.07,11.9
2025-06-29 01:00:00,1,17,17,1.0,7.0,8.0,0.0,1.0,1.0,0,0,11,2,13,2,15.0,300.0,167.0,462.0,15.0,3.0,7.24,roster,1,58.0,42.5,0.716,65.29,1.45,0.425,0.0,3.4118,36.46,11.29,26.8,10.74,11.55
2025-06-29 02:00:00,2,15,15,1.0,6.0,7.0,0.0,1.0,1.0,0,0,11,0,11,0,11.15,360.0,201.0,522.0,11.15,3.0,7.24,roster,1,51.0,37.5,0.5862,33.86,1.275,0.375,0.0,3.4,32.17,9.55,0.0,12.14,13.05
2025-06-29 03:00:00,3,15,15,1.0,6.0,7.0,0.0,1.0,1.0,0,0,11,0,11,0,12.15,420.0,261.0,582.0,12.15,3.0,7.24,roster,1,51.0,37.5,0.5862,35.26,1.275,0.375,0.0,3.4,32.17,9.55,0.0,13.53,14.55
2025-06-29 04:00:00,4,14,14,1.0,6.0,6.0,0.0,1.0,1.0,0,0,11,0,11,0,13.15,480.0,321.0,642.0,13.15,3.0,7.24,roster,1,48.0,35.0,0.5517,34.51,1.2,0.35,0.0,3.4286,30.03,9.55,0.0,14.93,16.05
2025-06-29 05:00:00,5,14,14,1.0,6.0,6.0,0.0,1.0,1.0,0,0,11,0,11,0,14.15,540.0,381.0,702.0,14.15,3.0,7.24,roster,1,48.0,35.0,0.5517,35.9,1.2,0.35,0.0,3.4286,30.03,9.55,0.0,16.32,17.55
2025-06-29 06:00:00,6,14,14,1.0,6.0,6.0,0.0,1.0,1.0,0,0,11,0,11,0,15.15,600.0,441.0,762.0,15.15,3.0,7.24,roster,1,48.0,35.0,0.5517,37.3,1.2,0.35,0.0,3.4286,30.03,9.55,0.0,17.72,19.05
2025-06-29 07:00:00,7,14,14,1.0,6.0,6.0,0.0,1.0,1.0,0,0,11,0,11,0,16.15,660.0,501.0,822.0,16.15,3.0,7.24,roster,1,48.0,35.0,0.5517,38.69,1.2,0.35,0.0,3.4286,30.03,9.55,0.0,19.11,20.55
2025-06-29 08:00:00,8,13,13,1.0,5.0,6.0,0.0,1.0,1.0,0,0,10,0,10,0,17.15,689.0,561.0,857.0,17.15,3.0,6.8,roster,1,44.0,32.5,0.4889,36.49,1.1,0.325,0.0,3.3846,27.88,8.68,0.0,19.93,21.425
2025-06-29 09:00:00,9,13,13,1.0,5.0,6.0,0.0,1.0,1.0,0,0,10,0,10,0,18.15,749.0,621.0,917.0,18.15,3.0,6.8,roster,1,44.0,32.5,0.4889,37.89,1.1,0.325,0.0,3.3846,27.88,8.68,0.0,21.32,22.925
2025-06-29 10:00:00,10,13,13,1.0,5.0,6.0,0.0,1.0,1.0,0,0,10,0,10,0,19.15,809.0,681.0,977.0,19.15,4.0,10.05,roster,1,44.0,32.5,0.3667,39.28,1.1,0.325,0.0,3.3846,27.88,8.68,0.0,22.72,24.425
2025-06-29 11:00:00,11,9,9,0.0,3.0,5.0,0.0,1.0,1.0,0,0,7,0,7,0,20.15,838.0,741.0,947.0,20.15,4.0,10.05,roster,1,28.0,22.5,0.2121,27.4,0.7,0.225,0.0,3.1111,19.3,6.08,0.0,22.02,23.675
2025-06-29 12:00:00,12,8,8,0.0,2.0,5.0,0.0,1.0,1.0,0,0,6,0,6,0,21.15,883.5,801.0,1007.0,21.15,4.0,10.05,roster,1,24.0,20.0,0.1765,25.78,0.6,0.2,0.0,3.0,17.16,5.21,0.0,23.41,25.175
2025-06-29 13:00:00,13,6,6,0.0,1.0,4.0,0.0,1.0,1.0,0,0,4,0,4,0,21.3,943.5,929.0,1067.0,17.783,4.0,10.05,roster,1,17.0,15.0,0.1181,21.15,0.425,0.15,0.0,2.8333,12.87,3.47,0.0,24.81,26.675
2025-06-29 14:00:00,14,5,5,0.0,1.0,3.0,0.0,1.0,1.0,0,0,3,0,3,0,22.3,1018.0,989.0,1127.0,18.783,4.0,10.05,roster,1,14.0,12.5,0.0946,19.53,0.35,0.125,0.0,2.8,10.72,2.6,0.0,26.2,28.175
2025-06-29 15:00:00,15,5,5,0.0,1.0,3.0,0.0,1.0,1.0,0,0,3,0,3,0,23.3,1078.0,1049.0,1187.0,19.783,4.0,10.05,roster,1,14.0,12.5,0.0946,20.93,0.35,0.125,0.0,2.8,10.72,2.6,0.0,27.6,29.675
2025-06-29 16:00:00,16,5,5,0.0,1.0,3.0,0.0,1.0,1.0,0,0,3,0,3,0,24.3,1138.0,1109.0,1247.0,20.783,4.0,10.05,roster,1,14.0,12.5,0.0946,22.32,0.35,0.125,0.0,2.8,10.72,2.6,0.0,28.99,31.175
2025-06-29 17:00:00,17,5,5,0.0,1.0,3.0,0.0,1.0,1.0,0,0,3,0,3,0,25.3,1198.0,1169.0,1307.0,21.783,4.0,10.05,roster,1,14.0,12.5,0.0946,23.72,0.35,0.125,0.0,2.8,10.72,2.6,0.0,30.39,32.675
2025-06-29 18:00:00,18,5,5,0.0,1.0,3.0,0.0,1.0,1.0,0,0,3,0,3,0,26.3,1258.0,1229.0,1367.0,22.783,4.0,10.05,roster,1,14.0,12.5,0.0946,25.11,0.35,0.125,0.0,2.8,10.72,2.6,0.0,31.78,34.175
2025-06-29 19:00:00,19,5,5,0.0,1.0,3.0,0.0,1.0,1.0,0,0,3,0,3,0,27.3,1318.0,1289.0,1427.0,23.783,4.0,10.05,roster,1,14.0,12.5,0.0946,26.51,0.35,0.125,0.0,2.8,10.72,2.6,0.0,33.18,35.675
2025-06-29 20:00:00,20,5,5,0.0,1.0,3.0,0.0,1.0,1.0,0,0,3,0,3,0,28.3,1378.0,1349.0,1487.0,24.783,4.0,9.9,roster,1,14.0,12.5,0.0946,27.9,0.35,0.125,0.0,2.8,10.72,2.6,0.0,34.57,37.175
2025-06-29 21:00:00,21,5,5,0.0,1.0,3.0,0.0,1.0,1.0,0,0,3,0,3,0,29.3,1438.0,1409.0,1547.0,25.783,4.0,9.9,roster,1,14.0,12.5,0.0946,29.3,0.35,0.125,0.0,2.8,10.72,2.6,0.0,35.97,38.675
2025-06-29 22:00:00,22,5,5,0.0,1.0,3.0,0.0,1.0,1.0,0,0,3,0,3,0,30.3,1498.0,1469.0,1607.0,26.783,3.0,6.65,roster,1,14.0,12.5,0.1261,30.69,0.35,0.125,0.0,2.8,10.72,2.6,0.0,37.36,40.175
2025-06-29 23:00:00,23,5,5,0.0,1.0,3.0,0.0,1.0,1.0,0,0,3,0,3,0,31.3,1558.0,1529.0,1667.0,27.783,3.0,6.65,roster,1,14.0,12.5,0.1261,32.09,0.35,0.125,0.0,2.8,10.72,2.6,0.0,38.76,41.675
2025-06-30 00:00:00,0,5,5,0.0,1.0,3.0,0.0,1.0,1.0,0,0,3,0,3,0,32.3,1618.0,1589.0,1727.0,28.783,3.0,6.65,roster,1,14.0,12.5,0.1261,33.48,0.35,0.125,0.0,2.8,10.72,2.6,0.0,40.15,43.175
2025-06-30 01:00:00,1,8,8,0.0,1.0,7.0,0.0,0.0,1.0,4,4,3,0,3,0,33.3,1678.0,1649.0,1787.0,29.783,3.0,6.65,roster,1,25.0,20.0,0.2252,41.31,2.5047,0.2,0.6015,3.125,17.16,2.6,0.0,41.55,44.675
2025-06-30 02:00:00,2,15,15,1.0,1.0,12.0,1.0,0.0,1.0,10,9,3,0,3,0,34.3,1738.0,1709.0,1847.0,30.783,3.0,6.65,roster,1,47.0,37.5,0.4234,57.72,5.4156,0.375,1.3534,3.1333,32.17,2.6,0.0,42.94,46.175
2025-06-30 03:00:00,3,12,12,1.0,2.0,9.0,0.0,0.0,1.0,3,1,4,1,5,1,35.3,1769.0,86.0,1798.0,31.783,3.0,6.65,roster,1,40.0,30.0,0.381,65.29,1.5013,0.3,0.1504,3.3333,25.74,4.34,13.4,41.8,44.95
2025-06-30 04:00:00,4,10,10,1.0,2.0,7.0,0.0,0.0,1.0,2,1,4,1,5,1,36.3,1829.0,146.0,1858.0,32.783,3.0,6.65,roster,1,34.0,25.0,0.3238,62.39,1.3613,0.25,0.1504,3.4,21.45,4.34,13.4,43.2,46.45
2025-06-30 05:00:00,5,8,8,0.0,3.0,5.0,0.0,0.0,1.0,2,2,4,0,4,0,37.3,1903.5,1889.0,2027.0,33.783,3.0,6.65,roster,1,27.0,20.0,0.25,47.76,1.69,0.2,0.3008,3.375,17.16,3.47,0.0,47.13,50.675
2025-06-30 06:00:00,6,11,11,1.0,4.0,6.0,0.0,0.0,1.0,3,3,4,0,4,0,38.3,1963.5,1949.0,2087.0,34.783,3.0,6.65,roster,1,39.0,27.5,0.3611,55.59,2.5745,0.275,0.4511,3.5455,23.6,3.47,0.0,48.52,52.175
2025-06-30 07:00:00,7,12,12,0.0,3.0,9.0,0.0,0.0,1.0,4,4,4,0,4,0,39.3,2023.5,2009.0,2147.0,35.783,3.0,6.65,roster,1,39.0,30.0,0.3611,59.13,2.9299,0.3,0.6015,3.25,25.74,3.47,0.0,49.92,53.675
2025-06-30 08:00:00,8,20,20,1.0,4.0,15.0,0.0,0.0,1.0,12,9,5,0,5,0,40.3,2069.0,367.0,2098.0,36.783,3.0,7.68,roster,1,66.0,50.0,0.6286,76.02,5.5172,0.5,1.1719,3.3,42.9,4.34,0.0,48.78,52.45
2025-06-30 09:00:00,9,26,26,1.0,5.0,20.0,0.0,0.0,1.0,6,7,7,1,8,1,41.3,298.0,118.0,2158.0,37.783,3.0,7.68,roster,1,85.0,65.0,0.8854,106.29,5.1048,0.65,0.9115,3.2692,55.77,6.95,13.4,50.17,53.95
2025-06-30 10:00:00,10,27,27,1.0,7.0,19.0,0.0,0.0,1.0,7,8,8,2,10,2,42.3,203.5,143.0,2189.0,38.783,4.0,11.02,roster,1,90.0,67.5,0.75,124.29,4.6698,0.675,0.726,3.3333,57.92,8.68,26.8,50.89,54.725
2025-06-30 11:00:00,11,33,33,3.0,9.0,21.0,0.0,0.0,1.0,9,9,10,3,13,3,43.3,235.0,146.0,547.0,39.783,4.0,11.02,roster,1,114.0,82.5,1.0556,114.99,5.6713,0.825,0.8167,3.4545,70.78,11.29,40.2,12.72,13.675
2025-06-30 12:00:00,12,35,35,3.0,8.0,24.0,0.0,0.0,1.0,8,8,15,3,18,3,44.3,179.5,105.0,349.0,40.783,4.0,11.02,roster,1,119.0,87.5,1.3523,119.02,5.4432,0.875,0.726,3.4,75.08,15.63,40.2,8.11,8.725
2025-06-30 13:00:00,13,31,31,3.0,8.0,20.0,0.0,0.0,1.0,1,1,15,3,18,3,45.3,205.5,155.0,358.0,39.967,4.0,11.02,roster,1,107.0,77.5,1.2159,110.65,2.9882,0.775,0.0907,3.4516,66.5,15.63,40.2,8.32,8.95
2025-06-30 14:00:00,14,32,32,3.0,7.0,22.0,0.0,0.0,1.0,7,7,13,2,15,2,46.3,273.0,225.0,418.0,40.483,4.0,11.02,roster,1,109.0,80.0,1.09,98.18,4.8887,0.8,0.6352,3.4062,68.64,13.02,26.8,9.72,10.45
2025-06-30 15:00:00,15,29,29,2.0,8.0,19.0,0.0,0.0,1.0,7,7,11,2,13,2,47.3,304.0,228.0,443.0,13.117,4.0,11.02,roster,1,99.0,72.5,0.9167,90.59,4.6435,0.725,0.6352,3.4138,62.2,11.29,26.8,10.3,11.075
2025-06-30 16:00:00,16,31,31,2.0,8.0,21.0,0.0,0.0,1.0,11,11,11,3,14,3,11.517,306.0,108.0,446.0,9.817,4.0,11.02,roster,1,105.0,77.5,1.0096,109.22,6.0059,0.775,0.9982,3.3871,66.5,12.16,40.2,10.37,11.15
2025-06-30 17:00:00,17,36,36,3.0,8.0,24.0,1.0,0.0,1.0,6,6,15,3,18,3,12.517,208.5,132.0,453.0,10.817,4.0,11.02,roster,1,121.0,90.0,1.375,123.58,4.855,0.9,0.5445,3.3611,77.22,15.63,40.2,10.53,11.325
2025-06-30 18:00:00,18,37,37,3.0,11.0,21.0,2.0,0.0,1.0,8,7,17,3,20,3,13.517,238.0,178.0,513.0,11.817,4.0,11.02,roster,1,126.0,92.5,1.575,128.86,5.3131,0.925,0.6352,3.4054,79.36,17.37,40.2,11.93,12.825
2025-06-30 19:00:00,19,40,40,3.0,11.0,26.0,0.0,0.0,1.0,11,11,17,3,20,3,14.517,257.0,176.0,573.0,12.817,4.0,11.02,roster,1,137.0,100.0,1.7125,136.69,6.8438,1.0,0.9982,3.425,85.8,17.37,40.2,13.32,14.325
2025-06-30 20:00:00,20,35,35,3.0,10.0,20.0,2.0,0.0,1.0,5,3,20,4,24,4,15.517,283.5,167.0,604.0,13.817,4.0,9.97,roster,1,119.0,87.5,1.8594,143.56,3.9981,0.875,0.3009,3.4,75.08,20.84,53.6,14.04,15.1
2025-06-30 21:00:00,21,42,42,3.0,11.0,26.0,2.0,0.0,1.0,10,9,20,4,24,4,16.517,343.5,227.0,664.0,14.817,4.0,9.97,roster,1,141.0,105.0,2.2031,159.97,6.5555,1.05,0.9027,3.3571,90.09,20.84,53.6,15.44,16.6
2025-06-30 22:00:00,22,40,40,3.0,10.0,25.0,2.0,0.0,1.0,8,7,20,3,23,3,17.517,383.0,259.0,648.0,15.817,3.0,6.63,roster,1,134.0,100.0,2.6275,141.04,6.887,1.0,1.0558,3.35,85.8,19.97,40.2,15.07,16.2
2025-06-30 23:00:00,23,40,40,2.0,10.0,27.0,1.0,0.0,1.0,9,8,20,2,22,2,18.517,446.0,324.0,708.0,16.817,3.0,6.63,roster,1,133.0,100.0,2.463,128.16,7.3371,1.0,1.2066,3.325,85.8,19.1,26.8,16.46,17.7
